prompt_num,episode_id,turn_idx_prev,speaker_prev,turn_text_prev,turn_idx_next,speaker_next,clarification_sentence,num_assumptions_prev,num_explicit_prev,prev_words,next_words,is_clarification
all,42061,4,SPEAKER_01,"have to be a home pro. You just have to hire one. You can hire top-rated pros, see price estimates, and read reviews all on the app.",7,SPEAKER_00,How are the test scores?,5,5,28,78,
all,42061,8,SPEAKER_01,"make the right decision for your family. Homes.com, we've done your homework. I welcome back. You know, obviously it's an interesting dynamic right now where, you know, is a pretty strong national message with Republicans. It looks like they're going to retain the House. They flip the Senate and they won the White House, whereas Connecticut, all five congressional",12,SPEAKER_01,How are you?,7,7,63,171,
all,42061,13,SPEAKER_00,"mentioned at the outset the You know, there's a slim chance that we could still retain the house, but we would have to. The trend isn't there, and we have to flip three seats in California. I'd list it as unlike not impossible, but unlike. And that's a fair assessment. And so, but the numbers are still going to be extraordinarily close. So a lot of",14,SPEAKER_01,"The question is, what are they going to propose?",5,6,70,68,
all,42061,18,SPEAKER_00,"believe, and there's a number of them still, especially in the Senate, who believe that there's a lot of constructive things that we can do together. And then, of course, there's a whole Trump",20,SPEAKER_01,And what do you think went wrong?,5,3,37,87,
all,42061,27,SPEAKER_01,"And so, you know, there's something going on out there. And, you know, I don't discount the fact that in terms of having a message that had appeal to the kitchen table issues that they heard, and then when you add into that, the mix of where people get their information. And there's so much on social media today that wasn't the case even a decade ago, etc. And, you know, stations like yours with someone as smart as you that's putting out the truth and as you said at the outset, no, I'm partisan. Just trying to get to some answers. You wonder how much people are paying attention to that. as opposed to",30,SPEAKER_01,"mistroose or half-truths that trump was able to articulate yeah i mean i we're talking and i appreciate the conversation congressman it's and you know because i when i look at it and i i try to think about it you know we're ensconced here in new england like you said it's all blue but the country went you know i i would say it wasn't a landslide but it's decisively read so there's something missing there so with if If you're more kitchen table, did the national campaign not go kitchen table enough?",7,7,121,177,
all,42061,38,SPEAKER_00,but it wasn't truthful in terms of what he was saying because he said,39,"SPEAKER_00,SPEAKER_01",Do you think they'll take away taxes on Social Security?,4,2,15,601,
all,42088,6,SPEAKER_01,we're going to have a great discussion today. I've been looking forward to this for weeks.,7,SPEAKER_00,What are your reactions?,4,2,18,51,
all,42088,8,SPEAKER_01,"Well, look, on somebody's line, somebody's line here. It's either Dr. Fauci or David Moran. Somebody is lying. First of all, Fauci once again lies that we were not funding weed. The United States was not funding gain-of-function research. When the NIH, the State Department, experts in the field all said we were funding gain-of-function research and we won China. And Fauci still can't look the camera in the eye and admit to that. And then he says that Moran's is lying, that he did not participate in any of these cover-up. And, you know, he's distancing himself. You can see Fauci very clearly trying to distance himself from David Moran's testimony. Even though he's been his number one assistant for 20 years, suddenly he's not a direct report anymore. Somebody out there is lying.",9,SPEAKER_00,"And so this is something that struck me here because he's on record now saying, were you ever briefed that the US State, by the US State Department 2005, issued warnings that the Chinese government was working on the creation of bio-weapons?",10,10,149,124,
all,42088,9,SPEAKER_00,"So, you know, one of the things, you wrote an op-ed which we ran in the Epoch Times on Sunday. You assert that he must have known about bio-weapons development in China. And so this is something that struck me here because he's on record now saying, were you ever briefed that the US State, by the US State Department 2005, issued warnings that the Chinese government was working on the creation of bio-weapons? He says, I was not aware of that. Another one, did you ever discuss the Chinese bioweapons program with anyone in the intelligence community? He says, I never discussed the Chinese bioweapons program to my knowledge with anybody. I think it's his responsibility to know.",10,SPEAKER_01,How could he not know?,4,5,124,126,
all,42088,10,SPEAKER_01,"And if he doesn't, then shame on him. He has, you know, he has two roles right now that he's being in paid for. He's being paid for as the chief medical officer advisor, head of the NIAID for the president. But additionally, he's the chief biodefense for the civilian world, the chief civilian biodefense person as well. He's getting paid a salary to do that. How could he not know? I mean, this has been well-sourced knowledge as at least the 1990s, what Russia and China were doing from a biosecurity offensive weapon. So I don't know how anybody at his level of the government wouldn't know this. So if he doesn't, then shame on him.",11,SPEAKER_00,What do you make of the overall questioning?,5,7,126,25,
all,42088,11,SPEAKER_00,What do you make of the overall questioning? Do you think we're going to get to the bottom of anything for this? It's,12,SPEAKER_01,So we need to focus on Why isn't national security in on these decisions where we're doing grants?,4,3,25,368,
all,42088,12,SPEAKER_01,"going to be tough. He's really slippery. He's the slipperiest person I've ever seen. He acts like he's a 38-year experience veteran in front of Congress members. But what we need to be focusing on is the process. that the processes that he didn't follow through, and the processes that are absolutely missing. Beyond Dr. Fauci, we need to be talking about what we need to do as a government in this world of gain-of-function research, and gain-of-function research is code for bio-weapon research. It really is the same thing. This is not two different issues. So we need to focus on Why isn't national security in on these decisions where we're doing grants? Why are we funding gain-of-function research with our adversaries, these countries? Why are we letting scientists from these countries of concern into our laboratories as well? Could you imagine if I walked in here and said, we just sent our best nuclear scientists to Iran and to North Korea yesterday? And they're over here, too, in our lab. Their scientists are in our lab. But for some reason, with this gain of function research, people can't make the visual. And they don't understand that even though there's not a bomb going off, that gain of function research has resulted in 100 times, maybe 1,000 times more deaths than nuclear bombs ever did. So we need to put it in that perspective. Where's the national security emphasis of this? And it's very clear, if we're funding this type of research in a place like Wuhan, China, where we know that the CCP military is working in hand in glove with all those scientists. I mean, for crying out loud, the CCP labs are making the fentanyl precursors that come over here. It's not like in America where you have Kansas states that research laboratory over here and then the Fort D treats research laboratory over here. They're all in the same place. So we need to bring in this national security issue into all these grants that we're funding.",13,SPEAKER_00,"Can you clarify, explain that to me a little",10,10,368,35,
all,42088,13,SPEAKER_00,"If you can clarify for me, you said that bioweapons research has resulted in, I think you said a thousand times more deaths than nuclear bombs. Can you clarify, explain that to me a little",14,SPEAKER_01,bit?,5,2,35,176,
all,42088,17,SPEAKER_00,"anything with the potential for a military potential has this kind of requirement that there is I guess cooperation or at least conversation about the potentials. And we know that of course the Chinese military was working in the Wuhan lab and that's known as a fact. I suspect someone like Dr. Anthony Fauci would say, well, because we don't know what's gonna happen in the future. We have no idea. So we're going to go in the lab. We're going to tweak things to make them highly infectious to humans so we can create the countermeasures. And that way, on the one side, we're protecting against random mutations. On the other side, we're figuring out how we can deal with potential bioweapons that are depleting us. So they would say, well, there's nothing bad about this.",18,SPEAKER_01,"But in the process, we've had multiple lab leaks, right?",5,6,145,410,
all,42088,18,SPEAKER_01,"Yeah, so you know, as a physician, I'm always saying they're balancing the benefit to the risk. So for 30 years, they've been saying, if you allow us to do this research, we'll develop a vaccine that's going to save the Earth. And they're over 30 years so far. But in the process, we've had multiple lab leaks, right? Even lab leaks here in the United States from our gain of function research as well for decades. That's why the Obama administration shut down gain of function research. but somehow Fauci's always found a way around it was because of our own lab leaks. So I understand the potential gain, but until you put the proper guardrails around it, the downside is just too horrible right now. And again, why would we be over there teaching them how to do this? I mean, let's back up. Ralph Barrick in North Carolina taught Dr. Shi how to do the protein spike. He then gave her the humanized mice that could use their, had the ACE2 receptors as well. He taught them how to do this. Now, I trusted Dr. Ralph Barrick, a good professor, teacher, scientist from North Carolina, but we're in bed with the enemy right now. We're sleeping with the enemy, and I don't trust him. Remember, President Reagan, trust but verify. This hasn't applied just to nuclear weapons. This whole thing is a national security issue. We have to trust but verify. EcoHealth was just a funneling mechanism, money. We gave EcoHealth $150 million or some 20 years preceding COVID and they're funneling in different directions, but they have no scientists at the web. They have no idea what they were doing there. And I think that's breaking the law too. I think the law says the grant requirements say you have to have proper control of what's going on. Eyes on, that's the questions they should have been asking Dr. Fauci today. Dr. Fauci, did U.S. AID have anybody there in Wuhan supervising participating in this? No. The answer was no, nobody, nothing. And even after this epidemic explodes, we can't get researchers in there to do any research. They won't give us the DNA virus. Dr. Fauci, what was the upside of doing research with Wuhan China right now? There's no upside to this.",19,SPEAKER_00,Is this what you were already thinking?,10,5,410,33,
all,42088,19,SPEAKER_00,"Yeah, so you were already in 2020 starting to ask questions. And I guess, I mean, you're very passionate about this issue. Is this what you were already thinking? What were you",22,SPEAKER_01,And what did China do then?,4,3,33,442,
all,42088,22,SPEAKER_01,"a great question. And it seems like forever ago, but it was yesterday. I read two or three hours every day. I'm very intellectually curious. Early January, the first week of January, I read about this novel virus in China. And I'm a physician. I'm sitting there thinking, I mean, we can talk, think to my mind about SARS and MERS and Ebola. And I thought, you know, SARS was in China. And what did China do then? They obfuscated from the very beginning. They underestimated. They didn't share with anybody where it came from. What was going on as well? And I said, holy cow, you know, I'm not just responsible for my OB patients anymore. I'm the congressman from Kansas. I'm running for Senate. I have a big responsibility. I better look into this. So the next thing I do is I start researching what's in Wuhan, China, a BSL, a biosecurity level four lab in Wuhan, China. What are the chances? And then you could just tell already that China was hiding. Well, what were they hiding? Why wouldn't they just give us the DNA sequence? And then all of a sudden, through different doctors reaching out to me saying, something's up, something's up. We can't get information out of China. And all of a sudden, China is saying, there's no human-human transmission. Like, wow. By the end of January, we got people in Thailand, Japan, Taiwan, with this virus. But there's no human-human transmission. That made no sense to me as well. There's an article I think in the Wall Street Journal that says, don't worry, we have CDC scientists in Wuhan looking into this. I get the CDC on the phone and say, what are you guys finding? Well, we've got scientists in China But they're not in Wuhan. They won't let us within a thousand miles of it. So they lied. They had scientists in China. That's like saying you're reviewing a hurricane in Florida and you sent your scientist to Washington State or something, right? So it just never added up to me. You know, you've done these stories like this. You kept looking for a dead end, but I bet you on every time you dove into something, didn't you find four more open doors that say, Oh, you need to look here here and I'm still there every time I, you know, peel back a layer of this onion. There's more there. It just never ends.",23,SPEAKER_00,"We, of course, published a documentary by, I think it was April of 2020, where we tried to put together kind of what we knew, what was the more likely scenario?",10,10,442,88,
all,42088,23,SPEAKER_00,"Well, so, you know, this is one of the things that's come out. We, of course, published a documentary by, I think it was April of 2020, where we tried to put together kind of what we knew, what was the more likely scenario? I mean, that was really kind of the question that we were asking, given all the information that was available by that by, I think we did have the, I think we did have the sequence at that point, and that's just,",25,SPEAKER_00,What have we discovered since that time?,4,3,88,66,
all,42088,25,SPEAKER_00,"know, a suspicious, uh, uh, fear and cleavage site that you don't find in such viruses and that, Typically, you used to facilitate human transmission. Anyways, we put it all together in a basic way. I think it's aged incredibly well. What have we discovered since that time? What do we know? Maybe you can outline a few of the key most important facts.",26,SPEAKER_01,"Things that you and I were postulating then, I think most importantly is that we've proven them and we've added more pieces to it, okay?",5,5,66,605,
all,42088,26,SPEAKER_01,"Yeah, you know, like you, I was making my timelines and my theories back in April, May of that year as well. People can go to marshal.cine.gov and see a 15 minute video we did on the timeline several years ago. I would just talk through what I call the smoking guns. It was a great time to talk about that. Things that you and I were postulating then, I think most importantly is that we've proven them and we've added more pieces to it, okay? When I think about seven, eight smoking guns that would show that this virus was made by a laboratory in Wuhan, and leak there as well. I don't think it was purposely released. I think that would be not even China. The CCP would do that. But we already mentioned just the geography. What are the questions of this virus showing up next to a BSL level for laboratory? In April, you and I are saying they're wondering about an intermediate animal yet, an intermediate species. And it was only four months into it. But here we are four years later, and there's no intermediate species. Remind your listeners that C. or SARS was about 2002, something like that, 2002. It took them like four or five months to find the civet cat that was the intermediate species. So the virus went from the bats to the civet cat and then the humans in the MERS epidemic of 2012. It was the camel. So we still don't have this intermediate host. Next, the next smoking gun is a progenitor. China could have easily have shown some type of progenitor, the father, the grandfather, the grain uncle of this virus, as it emerged from a bat into humans. They should have had an intermediate host, and they should have found all these sequences. But the next smoking gun, well, Dr. Xi, of course, took down her viral DNA laboratory in September of 2019, which is why I believe it was actually two leaks from the laboratory, the first one in September. of 2019 and the next she destroys all these virus samples that the eight viruses that were probably closest to the backbone of COVID-19 she destroyed those as well. Now we found out also that they were doing research on a vaccine in November of 2019 so you and I probably didn't know that in April I don't think I figured that out till later as well. So, and then just since then, the number of people that have mysteriously died that knew something about this. They jailed journalists. They jailed physicians and scientists, and certainly some had some very suspicious ends to their lives as well. So I think all these little pieces of the puzzle, and just talk just for a second about the DNA sequence of this. And you have a molecular biology background, and so help me communicate this effectively. We mentioned the protein spike very unique to this project, right? The protein spike, you mentioned the furin cleavage site. It's not in this type of virus. And then lastly, no one's talking about this, but there's a sequence upstream from the furin cleavage site. It's called QT, QT, N. And that's what's such down your immune system. So we didn't know that then. We didn't know how this virus worked. So those are pieces. And then the other thing I would add we didn't know then was the diffuse lab application, the grant application",28,SPEAKER_01,"I mean, what are the chances?",10,10,605,27,
all,42088,28,SPEAKER_01,"the DOT. So this diffuse grant from EcoHealth basically requested money to do what ends up being the COVID-19 project. I mean, what are the chances?",29,SPEAKER_00,So what would you hope can come from the work of this Select Committee on the coronavirus?,4,3,27,64,
all,42088,29,SPEAKER_00,"You describe all these different smoking guns, but I think the diffused proposal would be the big one because it almost is like a blueprint on how one would create such a virus and so forth. Let's go back to the hearing that's happening today. So what would you hope can come from the work of this Select Committee on the coronavirus?",30,SPEAKER_01,"Someone asked him, who should have he reached out to?",5,5,64,310,
all,42088,31,SPEAKER_00,"Well, he actually responded to that, I believe, in the testimony today. He said he wanted to ask them to convene a group of evolutionary biologists to assess the significance of this clear and cleavage site.",32,SPEAKER_01,"You know, just a week after that meeting, Fauci is on a podcast, a New Gingrich podcast, and he's got, who's he got with him?",5,3,36,148,
all,42088,34,SPEAKER_01,"Yeah, so this Federal Advisory Act says if someone in the government is seeking counsel, they need to do it very transparently, as well as being people that aren't prejudiced, they don't have a conflict of interest. And this is exactly the opposite of what Dr. Fauci did. Instead of, you know, going to the government agencies, I talked about the intelligence community, the State Department, the DOD. Instead, he went to these people that are beholding unto him. People that he literally was giving billions of dollars of grants to in total. He didn't follow the process. If I learn one thing as a physician, whether it's a cord prolapse or a placental abruption, you know, have a plan and go at it the same way every time. So they just dodged the plan completely for some reason. Our response to a pandemic",37,SPEAKER_00,How do we do that?,6,8,148,85,
all,42088,39,SPEAKER_01,"reflection on the hearing today is we took two steps back. And you brought this out, this turned into more of a bipartisan a more of a partisan hearing, excuse me, where the Democrats are basically plotting Lord Fauci and the Republicans trying to find somebody accountable. The last hearing more agreed that David Morin's is the culprit here and Peter Daskinico Health are the culprit here. And I think there's been a very concerted effort by the insiders any night to throw those two under the bus. I absolutely think that that's what's going on here. It is so hard to walk away from the politics, and I don't get this. I get so frustrated to me. This is about health. It's the health of millions of people. A million Americans have died. We have 10, 15,000 Americans with long COVID that are incapacitated right now. And we still don't have all the truth. You know, if I airplane wrecks, we go to great length to find out why how it comes. We need a 911 style. deep, full-throated forensic investigation. Take the investigation out of DC for crying out loud. Let's get the politics out of it, take it to Kansas, take it somewhere else, and do a full-throated forensic investigation of this and see and learn from our mistakes. And then I think the ideas that we're throwing around are different types of legislation. Legislation number one is AID needs its own inspector general. They don't have an inspector general. Next, in all the grant processes, they need to bring in national security. I think we should put some type of term limits on people like Dr. Fauci, people in high positions, whether it's the FBI, the CDC, NIAID director, that they just accumulate too much power. Not even amending to the problems with this six foot social distancing. My gosh, I called the CDC on that live when they issued that. I said, show me the studies. They sent me almost 100 studies. I went through every one of them, and they only said even close to having anything to do with this was a 1930s article on tuberculosis. We talked about how far the tuberculin bacteria would spew when you cough through your spit. And considering that is like versus this COVID virus is like considering not an apple to an orange, but an apple to a watermelon that the tuberculin particle is so big. The mask mandate is the same thing. They sent me articles on mask mandate, over probably a hundred of them. 80 of them said the mask didn't matter. 10% of them said it made it worse, which I believe that. And then 10% said maybe it helps, but they weren't peer reviewed. There was no science. I get pretty frustrated when a physician presents something as dogma when it's really theory and just this lack of humbleness to say, I need consultations. I need help. And the solution that's going to work in New York City may be different than what's going to work in my home of Great Bend, Kansas.",40,SPEAKER_00,What do you think about this idea of large amounts of royalties?,10,9,540,86,
all,42088,40,SPEAKER_00,"Talking about conflicts of interest, this is something you mentioned, the need to be dealt with. One of the revelations recently is that it's about 700 millions of dollars of royalties went to NIH scientists. This is Adam on Gevsky over at OpenTheBooks.com. Dr. Vetchy was asked about this. He said that he had gotten zero of that. What do you think about this idea of large amounts of royalties? And by the way, this is just during the COVID era, I guess. Right.",41,SPEAKER_01,"Well, so talking about shining light, what about the FOIA process?",5,5,86,161,
all,42088,41,SPEAKER_01,"So first of all, we discussed this for months at my office. And there's a solution to it. Look, these researchers, scientists need to list royalties. And I'm not sure where or how, but much like I have to report every investment I make as a Senator, these folks that work for the federal government to get royalties or anything close to what you would call a royalty that you or your family members are getting. It is that simple. We need a law that says that. I don't want any wiggle room. So we're going to, I think we're getting the lawyers involved now to take the concept and then put it into some type of writing. You know, that idea, we need inspector generals at the USAID. We need royalties, public transport. You just can't shine enough light on this stuff evidently. Well, so talking about shining light, what about the FOIA process?",43,SPEAKER_01,So how do we put teeth to it?,10,10,161,102,
all,42088,43,SPEAKER_01,"So how do we put teeth to it? I'm just baffled that from day one, we as Congress have asked for information, we even passed a law that Biden signed asking to declassify lots of this information and they still haven't gotten it to us. This is the swamp up here in DC that there are federal officials, bureaucrats like Fauci that have more power and control than the United States Senator does. And I think I go back to the term limits issue. It goes way beyond just writing laws. There needs to be some house cleaning up here,",44,SPEAKER_00,What does that look like?,5,5,102,38,
all,42088,44,SPEAKER_00,but I couldn't be more frustrated. You're saying it has to be something more than just passing laws and there has to be some house cleaning. What does that look like? I guess I'm curious.,46,SPEAKER_01,Where did that virus come from?,5,4,38,230,
all,42088,52,SPEAKER_00,"I don't trust him a bit. Well, there was, you know, it's interesting that you see that, but there's this, I remember Secretary of State Pompeo back in the day had this maxim. He said, you know, distrust and verify,",54,SPEAKER_00,"A play on trust, but verify, right?",5,3,43,49,
all,42088,54,SPEAKER_00,"A play on trust, but verify, right? From Ronald Reagan back in the day. But if you see the same pattern again and again, you sort of have to kind of assume that that might be the pattern. Is that what you're getting at? You got it. You",55,SPEAKER_01,What else do we need to see here?,4,4,49,120,
all,42088,55,SPEAKER_01,"don't do business with someone that was dishonest with you before. Fool me once. Shame on you. Fool me twice. Shame on me. Just the bigger picture here. 90% of the counterfeits that come into this country are made in China. 90% of the fentanyl precursors made in CCP labs coming into this country as well. We mentioned the intellectual property theft, the cyber attacks. I said in these financial institutions and see the cyber attacks coming over more than a dozen per second. They're all coming from four or five, actually two or three countries from Russia and China and typically North Korea. What else do we need to see here? Why would we cooperate with them?",56,SPEAKER_00,What about for congressional members?,7,7,120,16,
all,42106,5,SPEAKER_01,"I don't use any question that public service can be not just consistent with the values of the social mission of our faith but can be consistent with values that the Jesuits have espoused for hundreds and hundreds of years in the United States. So yes, I agree with him. I think the process sometimes of getting their campaigns are particularly brutal and are not, frankly, campaigns today are not conducive to the kind of dialogue you hope would precede an election. And that's frustrating because campaigns are usually about raising a lot of money and then engaging in a knockdown, drag them out, fight and see who's standing at the end. And that's, so our elections often are not about engaging with and communicating with the voters as much as it is a slug fast. And that's unfortunate. There are a lot of ways to change it. They're not likely to happen anytime soon. But if you're blessed enough to win an election, once you get there, you can do work that's, I think, consistent with those values of being a person for others, the values of helping the vulnerable and standing up for those who don't have a voice.",6,SPEAKER_00,"How do you approach that approach campaigning as someone who, you know, prides yourself in being a person for others?",10,10,210,38,
all,42106,7,SPEAKER_01,"Unfortunately, that it becomes that there's a brutality to elections. And I would not advise anyone to get into an election if you're not in it to win. And that becomes, unfortunately, because there are sharp edges to this. That becomes the overriding concern. And I've been in a lot of really tough elections, and I've taken a lot of punches and thrown a lot of punches. But this isn't, unfortunately, politics today isn't the Lincoln Douglas debates where you stand on a stage and engage in long, substantive debate and dialogue about issues. It's a brutally difficult process. And you have to be willing to go through that if you want to serve. And so that old mind keep your eye on the prize. The prize is having the opportunity to serve in public office. The honor and the privilege that that is. But you have to go through the heat of an election to get there. So I hate to say it bluntly, but when I'm in an election, I'm focused on winning the election.",8,SPEAKER_00,"So just from your perspective, what have been your kind of top priorities driving you as you've been engaging with this issue?",5,7,186,71,
all,42106,9,SPEAKER_01,"I think the responsibility I have as a public official, I think this would would be true of any public official at any level is to do all that I can to put into place new policy or new appropriations that will help people get through the double challenge, the double crisis really, the two crises we face. The crisis number one is the public health challenge and number two, which flows right in the wake of it, is the economic challenge. the devastating economic consequences that have resulted from our efforts to wrestle with the virus. And so that's my job. And I think the folks who often need a lot of voices are the ones who are the most vulnerable. Older citizens across the Commonwealth of Pennsylvania and across the country, people with disabilities, those who are who are at a particular disadvantage because they happen to be low income. They are often the ones who are most adversely affected in a crisis like this because they are often more likely to die. In many cases, more likely to get to contract the virus and get the COVID-19 disease because they are often the ones who run front lines. They're often the ones who are working. And they happen to live in neighborhoods that are often more polluted than the neighborhood I live in. They happen to be folks whose access to health care is most limited or compromised generally. And that becomes a huge problem in a public health crisis that this pandemic is. So standing up for those who are particularly vulnerable, fighting for health care programs like Medicaid, which becomes even more important in this kind of a crisis fighting for greater food assistance dollars becomes vitally important. So those are my my job is to make sure that we're helping folks through both the public health crisis and the economic devastation that we're seeing just seeing the beginnings of now people out of work and people losing a small business, people having to go on unemployment insurance or be reliant upon a food bank or a food pantry like never before. The families who are juggling at home, some working from home and trying to educate their children. Others leaving the home every day because they're frontline workers and having to be concerned about the child care that their children are receiving or not. The education that their children should be receiving or not. So all of those family dynamics, we've got to make sure that we're answerable to them and responsive to them in this crisis.",10,SPEAKER_00,"So what are some of the policies, the things that the federal government can do that you're really kind of pushing for, like in the Senate?",10,10,441,105,
all,42106,10,SPEAKER_00,"Yeah, I think something that the Jesuits have been lifting up in their advocacy is those who are already most vulnerable, as you said, those, again, who are already on the margin suffering from the great inequalities in this country are most likely to be adversely affected. And we've seen that in so many ways as you described. So what are some of the policies, the things that the federal government can do that you're really kind of pushing for, like in the Senate? What are some of those policies or things that we should really be putting front and center right now?",11,SPEAKER_01,"I know some people hear those numbers and they say, oh my goodness, how can we do all this?",7,5,105,435,
all,42106,11,SPEAKER_01,"Well, some of them come down to just acronyms that people may have heard. that the acronym stands for a program which helps a lot of people and either needs a policy adjustment or it needs a lot of money. SNAP, WIC, you know, the SNAP, the Supplemental Nutrition Assistance Program, which is so crucial at this time. We need more dollars in that program. the women infants and children's program needs more dollars. Issues like Medicaid, as I mentioned before, it's strange that sometimes in Washington there's such a rancor and partisan discord, but all across the country governors of both parties who are in the trenches every day dealing with this crisis at home and having to deal with the public safety issues, the public health issues, and the economic challenges. They're telling us over and over again, we need more money for Medicaid money, and that usually means federal matching money, so-called FMAP, it's another acronym. But those matching dollars in the federal government are vital now. And the governors of both parties are telling us that we got to do that. And the House bill that was unveiled just the other day, as the kind of percentage increase those matching dollars that the governors of both parties have been asking for. We ought to enact what the House has proposed. We ought to add the money to the supplemental nutrition assistance program. The House has suggested money for transit and block grants for communities, homeless assistance, emergency rental assistance. Just consider that. People who are struggling But their bottom line can't make ends. We can't even afford food. And they have a rent payment on top of that. There has to be an answer for those people. The House Bill proposes emergency rental assistance of $100 billion. That sounds like a lot of money, but spread across the country. It's what the House has proposed. The Senate should embrace that as well. The Senate should help state governments and local governments to the tune of not a few hundred billion. But like the House proposes, a combined total of $875 billion. I know some people hear those numbers and they say, oh my goodness, how can we do all this? Well, we have to do it because we've got two crises that are crashing onto the front steps of so many families. And that's the public health crisis, COVID-19, but also job loss and small businesses being devastated. all of these priorities need investment, and they need emergency assistance.",12,SPEAKER_00,"Like, how do we reopen the country?",10,10,435,117,
all,42106,13,SPEAKER_01,"Well, the one thing that Jesuits are among many things they taught me, a couple of good lessons. One is the lesson of humility, understanding what you don't know, and also the lesson of commitment to excellence, academic excellence. excellence in how you conduct yourself. And I think there's some people in Washington starting with the president who need to exercise or demonstrate those lessons, the lesson of humility, knowing what you don't know, the president, or any member of Congress, even some members that call themselves doctors, none of them that I know of, 535 members of the Congress, none of them are public health experts. So they should be humble in knowing or admitting what they don't know. And they should have a heavy reliance upon the expertise, which is right at our fingertips every day. I've often said that maybe a good hashtag would be listen to Fauci. And I don't mean just Dr. Fauci, the Holy Cross graduate, the person we're so proud of all these years and maybe ever more so now. But Fauci has a name or an acronym for for so many public health professionals across the country. There are hundreds and hundreds of these people who all agree that you have to open up the economy a certain way. You have to make sure you have all the public health distance guidelines and wearing masks and making sure you don't have too many customers in your store, all of those things that just are self-evident. if you listen to the public health experts. But if you listen to some of the hot air in Washington, it's just open up any time you want to liberate your community and all that. That is a piece of advice that is very dangerous when you have a virus, which is ravaging the country. And one of the best things that the public health professionals have said is the virus is in charge. The virus sets the timetable. We don't. We are totally reactive to the virus. And we have to be until the vaccine or until there's widespread herd immunity. But in the meantime, we should listen to Dr. Tony Fauci and others. And I had a chance that a hearing on Tuesday to shoehorn in at the very last minute of my question period and question to him. And I just wanted him to restate or amplify the concerns that he raised in an answer to an earlier question. And he outlined why we have to be careful how we open up. It's not a question of whether we're going to open up. We're going to open up. But we've got to do it the right way, the one that's grounded in public health imperatives, not voluntary guidelines, but imperatives to keep people safe and to make sure that we can move the economy forward. We can do both. And those who seek to divide us on these questions, we have to choose public health over the economy. are lying to people, first of all, to tell them lies. But they're also engaging in rhetoric and poor communication that is dangerous to human life. And so instead of keeping the death number at the numbers, it seems like it will reach. We should be working every day to get the death numbers down. And the best way to do that is listen to the public health experts.",14,SPEAKER_00,"One, are there any specific Jesuits from your time, your life for you to think of?",8,8,591,57,
all,42106,17,SPEAKER_01,divinity that he is They opened my eyes to that about how we can understand Jesus in both ways. And we're supposed to be able to recognize him and the breaking of the bread on that. Those lessons will stay with me until my last breath. And I was fortunate to have that opportunity in both high school and college.,18,SPEAKER_00,Pork roll or scrapple?,6,6,61,20,
all,42124,0,SPEAKER_00,You make it a little excited when you shop at Burlington. I'm saving,2,SPEAKER_00,Will it be the low prices or the great brand?,4,2,14,51,
all,42124,2,SPEAKER_00,"off other retailers' prices every day. Will it be the low prices or the great brand? Burlington. Deals? Brands? Wow! I told you so. Styles and selections vary by storm. With a Venmo debit card, you can Venmo more than just your friends. You can use your balance in so many",6,SPEAKER_04,about snacks?,5,5,51,26,
all,42124,8,SPEAKER_03,"Welcome to Pluto Politics, the political podcast of the San Antonio Express News. My name is Gilbert Garcia, Metro Colonist, and I'm joined by Kerry Kalness, editorial board.",10,SPEAKER_03,But what made you decide that you want it to be that person?,5,6,29,223,
all,42124,12,SPEAKER_02,"Well, you know, I felt very strongly that we can't afford six more years of Ted Cruz in the United States Senate representing us and I think not representing us. And I feel similarly to the way I did when I ran in 2018 against, you know, a 22 year incumbent, as you said, somebody who had been unopposed in the previous election and that nobody thought could be beaten, but I thought did not reflect the community that I was born and raised in. And I'm, you know, I'm a fourth generation Texan. I was raised by single mother in Dallas, played football at Baylor. My family is from Brownsville. I think I know who we are. And I don't think that we are who Ted Cruz says we are. And I also have a record of running and winning in these tough races. And I know how to do it. And I know what it takes. And I guess you could say battle tested. And I think we're ready. I'm concerned with, you know, a lot of folks talk about how long it's been since we had a Democrat Wednesday-wide, but I'm concerned with where we're going. And I think we're a dynamic, diverse state that's growing incredibly rapidly. It has so many things in our favor, but our political leadership's not matching up to that many ways. And I think Ted Cruz is number one in terms of not representing or reflecting the state that I know and the state that we're",14,SPEAKER_03,What are your concerns about that?,10,10,269,183,
all,42124,15,SPEAKER_02,"Well, I was the voting rights lawyer before I came to Congress, and I actually think that, as John Lewis would say, the right to vote and our democracy is sacred, and that we have to protect it, really at all costs. It's the basis of all of our benefits as Americans, and while I'm concerned about the reaction to these indictments, I'd also be concerned if there was no accountability. for trying to overturn an American presidential election. I was in the Capitol on January 6th when the mob was trying to break in. I was there for the certification of the votes. And I remember Senator Cruz objecting to those results. And then we split into our different houses. We're going through a debate and there's an results and the debate kept getting interrupted by alarms and sirens. And I started getting texts from my staff and my wife asked me where I was. I was a little bit annoyed to be honest with you because I was trying to work and I thought I'm on the house floor. I'm the safest place in the country outside of maybe the White House. But they were, of course, watching a very different story playing out on TV. They were seeing a mob that was breaching the Capitol. And I sent my wife a text that I never would have to expect to have to send in this job. She was seven months pregnant at home with her son who wasn't yet to Jordan, just seven months pregnant with her son who was going to be born Cameron. And I sent her a text saying, you know, whatever happens, I love you. Because at that point, we had locked all the doors, we barricaded the doors with furniture we used to hold paper. The doors that the president usually walks through when the sergeant-in-arms announces them for the State of the Union. We were barricading, the glass was being broken, and it looked like there was no way out. And so I took off my suit jacket, because when you're a former NFL linebacker in a room with a bunch of legislators, they're looking to you, probably to protect them in a physical situation like that. And I took off my suit jacket, which actually is a violation. of our house rules. I'd never done that before. It was repaired for whatever's going to come. And I think we came very close that day to losing our democracy, much closer than I think we still even have kind of fully wrangled with as a country or as Texans. And Ted Cruz played a role in that. And we're seeing him play a continuing role, I think undermining faith in our institutions. We've now had multiple prosecutors reach the same conclusion. And, you know, if you believe in our institutions, you'd say, well, a jury of his peers is going to hear this case, and if they find him to be not guilty, then he will be found not guilty. But this is not, you know, some kind of partisan witch hunt that this is based on facts and actions that did happen, that we all watched happen. And so that's also part of why we didn't move on from Ted Cruz because he's been so damaging to our democracy, so divisive as a senator. He's used his role to make, I think, our country a more divided and less unified place.",16,SPEAKER_04,"Texas could have chosen Beto a few years back, right?",10,10,602,20,
all,42124,17,SPEAKER_02,"We're going to build on what Beto did, and I think it's important for us as a state that Beto lost by two and a half points. It showed how many folks were ready to move on from Ted Cruz. We're six years on as a state. We've had a lot of changes to the countries in a different place. Every election is very different. As I said, we're going to build on what he did, but I also have a record of running in tough races and know what it takes. I've never lost a race that I don't plan on starting now. And there are folks out there who I think are looking for someone to come along and to appeal to our common values. I think about the folks who I know in my community, who voted for me, who used to drive around with W stickers on the back of their cars because they were such big fans of George W. Bush. And who now voted for me, you know, contribute to my campaigns. They're supporters of mine because they felt like I'm a Republican, but I'm not that kind of Republican. They're independents out there who are wondering what their political home is going to be. And of course, we had nine and a half million Texans who didn't vote in the last election who could have. And so as a voting rights lawyer, I also want to make sure that we try and get as many of those folks engaged as we possibly can. And so this is not going to be about the 2018 race. We'll build on it. And that's why I",19,SPEAKER_01,What does being a Texan mean to you?,10,10,294,65,
all,42124,19,SPEAKER_01,"to win. There were a lot of politicians, Texas politicians, who play the role of what's supposed to be a Texan and play to the stereotypes of what is a Texan. And many times stereotypes which don't represent what many Texans look like. You say you're a fourth generation Texan. What does being a Texan mean to you? Yeah. That's a",21,SPEAKER_02,"question because I'm actually kind of in some ways I could play a role like I was a captain of the Baylor football team, you know, when I was NFL linebacker, right?",5,4,65,386,
all,42124,22,SPEAKER_03,"One of the things that I think makes this period the last three years or so a really confounding political period is that I think we've seen the most extreme vitriolic partisan rhetoric out there. But at the same time, there have been some important bipartisan bills that have been signed into law, I'm thinking of infrastructure bill, safer communities act, microchips bill. But there's frustration, certainly, on the Democratic side, that there are other things that haven't",24,SPEAKER_03,Where do you stand on the filibuster?,5,7,82,41,
all,42124,29,SPEAKER_02,"think that's it. I mean, I think we have to return to If you want to hold the floor, OK, then hold the floor. Let's go back to the traditional view of the speaking filibuster. And I think there are some, what I've said before is if we can't do that. then we should at least have carve-outs for bills that address kind of the fundamentals of our democracy so that voting rights legislation or something like that. It shouldn't be subjected to the 60-boat threshold. But to me, I'd go back to the traditional view of the filibuster, which it was. If you want to block a piece of legislation, then you have to hold the floor. How about the 60-boat",31,SPEAKER_02,Would you want to know?,8,5,131,45,
all,42124,36,SPEAKER_02,"Well, as I said, my family's from Brownsville. My grandfather was a customs officer. I don't think of our border communities as a place that you go for kind of a political safari. You go down there and you try to get in the you know, brush and you point out problems and you say, well, there's migrants there. That's not the job of elected officials. The past legislation actually do something about it and to help these communities because they are bearing the brunt of our inaction in Washington. And to me, that's what I get frustrated with, both with Democrats and Republicans, is the idea that this inaction is not like it doesn't have an outcome. It leads to county resources, municipal resources, charitable resources being stretched to the maximum in these border communities. And what the governor is doing, I think, is not hoping at all, and it's crossed over into barbarity. And what's happening in the ill past, in my opinion, these buoys is not who we are, it's Texans, not who we are, it's Americans, it's a mark on us now. And to me, they should be removed immediately. But we have to, I think, for the first time, as you said, since the Reagan era, come to some kind of agreement on the bipartisan immigration reform, and it's possible, because we've seen it before. We've had two different agreements that fell apart, one with President Bush, a struck with Ted Kennedy, another with President Obama, the Gang of Eight, and Marco Rubio was part of that, a few others. that then fell apart at some stage or another and didn't get passed. But the framework is still the same. And Congressman Veronica Escobar from APASO has some legislation, the Dignity Act, that I think is a really great bipartisan starter for us. If it's not going to be this exact bill, I think a lot of the elements have it, and I've signed on to it. A lot of the elements will be what we end up doing on a comprehensive bipartisan basis. It has elements of border security because every country does have to secure its border. But part of border security that I think we don't talk about enough is that our border patrol agents are being asked to do things that are not within really the scope of what they normally would be doing or what is really their job in terms of securing the border because it's so much administrative because we have so many slowdowns and we have so many inability to process folks and to process asylum claims and the wait time for that is unacceptable. And so it would address that both by adding additional resources and technology, but also by taking some of that burden away and putting in its proper place on the administrative side and reducing those wait times. Also dealing with the folks who were here who were undocumented, I went to school in Dallas with a lot of kids whose parents were undocumented. That's a reality in Texas. We know we need to do something about this. Employers want to do something about it. But then also better matching our immigration system to meet the needs of our economy. And this is what employers are telling me constantly, whether it's Texas Instruments that wants the highest tech workers in the world and can't always get them, or whether it's the father and son roofing company that I have in my district that is paying upwards of $25 an hour for roofers because they can't find anyone who can put up roofs on these buildings that we're throwing up in our area. in 110 degree heat, we need to make sure our immigration system better meets those needs. And this is all legislation that we have that we can do. But it's not going to happen when we have folks in office like Ted Cruz who use this as a political wedge issue. instead of trying to actually solve the problem. And I'll give credit to Senator Cornner not that he wants to find a way forward on a bipartisan immigration reform, and it's going to have to be bipartisan. And we need to have two senators who will work towards that.",37,SPEAKER_03,How big a role should foreign aid when it comes to the countries that many of the migrants are coming from?,0,0,747,137,
all,42124,37,SPEAKER_03,"How big a role should foreign aid when it comes to the countries that many of the migrants are coming from? I think it's always been a complex issue because there's always the concern that the money is maybe going to end up in the hands of corrupt politicians or people. It's not going to really help to solve some of the problems that we have. But it seems to me that there's always going to be that challenge if you have people feeling that they need, in big numbers, feeling that they need to flee their home countries because there are, whether it's climate problems or economic problems or political persecution, that these problems are so extreme that they have to leave. I know there's no easy answer to this,",39,SPEAKER_02,what can we do that we're not doing?,5,5,137,541,
all,42124,39,SPEAKER_02,"what can we do that we're not doing? Well, I'm a member of the Foreign Affairs Committee, and I think you're putting your finger on the pulse here, which is that there are conditions that drive these surges of migrants. Venezuela, for example, is in collapse. Millions of Venezuelans have fled, and we're seeing a lot of them showing up at our border. Haiti is in collapse. We're seeing a lot of Haitians showing up at our border. Now, for us, they were doing instructional videos in Spanish and in Creole because there's so many Haitians who are coming. Whether it's El Salvador or Guatemala or Honduras, we know some of the conditions that are there that are driving folks to leave. I think we have to look at this in the long term and see what productive roles can we play in strengthening institutions in these countries to allow them to stabilize. so that it's not driving these huge, you know, flows of migrants. And this is one of the reasons why, for example, in the Trump administration, when President Trump cut aid to the northern, triangle countries, because he said they weren't doing enough to stem migration, it was actually, you know, shooting yourself in the foot, because it was that, that's that aid that helps us help stabilize those countries that then helps keep folks from having to feel like they have to make this dangerous journey. Because most of the migrants that I've spoken to, and I have spoken to some of them, would rather would prefer to stay where they're from, but they felt they had to leave. And I think I also think that we need to do more on what the Biden administration has started to do, which is this process of saying, don't come to the border if you want to make it a silent claim. This is not the appropriate way to make your sound claim. There's an app You can use this. We'll have processing centers that will open in your country where you can make your claims there. I understand that there's some folks that will still feel that they're fleeing their lives and that might not work in every case. What we want to do is stem folks feeling like that the only way is to engage with one of these coyotes or engage with one of these criminal enterprises that are basically human traffickers. that we're promising them things that they can't actually do to get them in the United States that are taking their life savings and then dumping them on the Mexican side of the border and just saying you're on your own. And that's creating destabilization in Mexico as well. And we need to address this. And so we have programs that actually do this around the world. And we are not able to solve all countries' problems, as you know. But there are, I think, smart programs that we can put in place to strengthen democracies, to strengthen institutions, and in the long term can help us, I think, stem some of this.",40,SPEAKER_04,"One of the main ones is circled around Uvalde, right?",5,3,541,55,
all,42124,49,SPEAKER_03,"President Zelensky said that because I was saying there's some people just support Putin. Yeah, or they don't think that President Zelensky is the heroic figure that he has cement for traders. So anyway, this is a political challenge, and it's a funding challenge for Congress going forward. When it comes up, if it comes up, what is the case that you make on behalf of the US",52,SPEAKER_02,"I met a young woman who told me, I asked her, what are you going to do if the Russians invade?",7,5,71,769,
all,42124,52,SPEAKER_02,"Well, I'm a believer in a big America. That's the leader of the free world. An America that, if a democracy is invaded by their autocratic neighbor, helps them defend themselves. I think that's consistent with our history. I think it's who we are. And let's be very clear. What we've done here is without putting a single American boot on the ground or without putting any Americans in any danger, we have equipped the Ukrainians. to basically fight to a standstill and even, in my opinion, defeat because I've already defeated the objectives of the Russians. One of the largest militaries in the world. And when I went to Kyiv, when I was in Ukraine, about a month before the invasion. It wasn't so much the leadership that I was impressed by. It was their sense of their own country, their sense of identity. I met a young woman who told me, I asked her, what are you going to do if the Russians invade? And she said, well, I'm going to get my white wine and my collision to college, the AK-47. And I'm going to defend my country. And at the time, I thought, well, maybe that just talked. Well, a few weeks later, we saw lines of Ukrainians around the block lining up. to be armed to defend their country. And the predictions were that within three or four days, the Russian tanks would roll into Kyiv. And here we are over a year and a half later, and they are actually pushing them out of their country. And so I think we owe and should continue to support these brave Ukrainians in their fight against an autocratic neighbor who just wants to reconstit the Soviet Union. It's also in our national security interest to do this. I think we're setting a standard now that we won't allow this to happen, but the alternative would be that we set the standard that we would allow it to happen. And folks like Xi in China, Ahmadinejad in Iran, certainly the leadership in North Korea would be watching that and thinking, well, if that's going to be the reaction, maybe we should take aggressive action. So there's a whole domino effect here as well. Now, I'm very worried about the status of our continuing support for Ukraine, because as you said, we have a number of my colleagues who I think are either pro-Putin or just maybe don't fully believe that we should be putting these resources to this use. To me, this is a smart use of our ability to help a democracy protect itself, and it's not just us. We're leading a global coalition that is doing it. And so I'm hopeful that we can continue on this path. And I think we may be able to find hopefully a way around this, but it's going to be a big political fight. And for Americans sitting there, and I think about this often, as I think about someone like my mom who was working two jobs at times and struggling to make ends meet, who's wondering, You know, what is, you know, what's my interest in what's happening in Ukraine? And to me, this is about democracy itself. It's also about our democracy. It's about the kind of the global order of democracy. But these things don't stop at the borders of country maybe you've never heard of or they didn't pay much attention to. We've seen that it comes to our doorstep eventually. And if we don't stand up for this democracy, that it will reach somewhere we do where we are drawn in. Ukraine, neighbors, a bunch of our NATO allies. who we are bound by a treaty and obligation to support if they are attacked. The only time it's ever been triggered was when they supported us in Afghanistan when we were attacked on 9-11. And Vladimir Putin would not stop in Ukraine. He wants to recast the Soviet Union, which included several NATO states that he is said and we know he would like to roll into as well. And so we would be drawn to this, with actual American troops. And this alternative is a much better one. One where we protect democracy and we don't put any Americans at risk, and we do it after what for us is a relatively low cost.",53,SPEAKER_01,"It's the greatest threat to American democracy, external or internal?",10,10,769,13,
all,42124,53,SPEAKER_01,"It's the greatest threat to American democracy, external or internal? Well, unfortunately,",54,SPEAKER_02,"When we're talking about Georgia, for example, What are they saying?",4,2,13,541,
all,42124,55,SPEAKER_03,"Before we wrap things up, I wanted to ask you about climate change. We've seen record-breaking temperatures in San Antonio this summer, and many of them are dealing with it. Yeah, yeah, and I'm sorry for that. I feel like I have to apologize for the",57,SPEAKER_03,What are steps that you'd like to see taken?,4,4,49,68,
all,42124,57,SPEAKER_03,"To me, it's becoming harder and harder, I think, for anyone to deny that we're seeing something happening here. And the Inflation Reduction Act, I think, we've provided major investment in clean energy. But, you know, there's a lot of work to be done. What are steps that you'd like to see taken? I mean, if you were elected to the Senate, yeah.",58,SPEAKER_02,"Well, again, when you have young kids, I think you've kind of started thinking about what kind of a country are they going to inherit?",5,4,68,725,
all,42132,2,SPEAKER_01,"it. Thank you, Andrew. I'm a fan of my daughter, the Daily Wire, and I'm a fan of Andrew Clavin. Oh, well,",6,SPEAKER_00,So you're running for president?,4,3,24,41,
all,42132,6,SPEAKER_00,great to be with you. Back at you. I appreciate it very much. So you're running for president? I've never been asked that before. This is the place. This is the place where you want to make the announcement.,7,SPEAKER_01,"They said, you ever think about running for president?",5,5,41,98,
all,42132,9,SPEAKER_01,"that's what it is to be an American. But, you know, I can tell you we're given a prayerful consideration. I feel like country's in a lot of trouble right now. We've got inflation at a 40-year high, a crisis at our southern border, America's place in the world I think has been weakened. by the policies of this administration from the disastrous withdrawal of Afghanistan to re-entering negotiations with Iran. And so we're given consideration about what role that we would play. We're giving consideration to being a candidate. And we're going to take the holidays to listen to one another as a family and And then we're going to continue to travel around the country and listen to the American people. I love what Ronald Reagan said once, that the American people have a funny way of letting you know if they want you to run for president. We've got a lot of encouragement over the last year and a half around the country will continue to listen and learn. And like I always say, we'll go where we're called.",10,SPEAKER_00,Can you win those people back?,8,8,196,143,
all,42132,10,SPEAKER_00,"So I think it was on January 6th. It may have been January 7th. I texted Charlotte and told her that I thought in your quiet way, I thought you would single-handedly save the Republic by refusing to do what Donald Trump had asked you to do. But I know that a lot of people watching this show and who listened to me We'll never forgive you for that. They thought you, you know, let down the side. Can you win those people back? I mean, if you ran for president, can you get the left already hates you, right? Just for having faith, they hate you. They're not committing adultery. You really get on their nerves. But that really made the Trump, the ever-Trumpers feel, you know, that you weren't with them. Can you win them back?",11,SPEAKER_01,"And he looked at me and he said, see that crowd out there?",10,10,143,324,
all,42132,11,SPEAKER_01,"Well, I think that would be up to every one of those Americans, but I would say whatever the future holds for my family. I have great confidence in the people in our movement. I remember it was the night before January 6th that President and I were in a private conversation in the Oval Office. It would eventually turn into a very difficult conversation. But in the early moments as I captured my book, the president pointed to the crowd that had gathered already outside the window. And he looked at me and he said, see that crowd out there? And I said, I saw him, Mr. President. And he said, that crowd loves us. And I said, well, that crowd loves you. But then I paused and I looked at him very sincerely. And I said, But that crowd also loves the Constitution. And I said, you and I both took an oath to support and defend the Constitution of the United States. And I really believe Andrew, and we'll always believe in my heart of hearts that we did our duty on that day, January 6, to uphold the oath of office I took, the oath that ended with a prayer so helped me God that would become the title of my book. It was a promise I said that I made to the American people, but I also made before Almighty God, and I was determined to keep that promise. And my hope is that over time, if we feel called into public life, the people We'll reflect on what the Constitution says about our duties that day and they'll at least know that in that moment we did what we believed that we were sworn to do that as it says in Psalm 15 that we kept our oath even when it hurts. But I'll trust the American people and trust people in our movement.",12,SPEAKER_00,What was the experience?,10,10,324,96,
all,42132,12,SPEAKER_00,"He jumped beat up on you pretty badly after that. He said a lot of very harsh things, and yet you treat him with a great deal of respect in this book. I was kind of taken aback by it. You really depict him with dignity and some confidence at what he's doing. What was the experience? What was it like? I mean, for three years, that was a great presidency. What was it like working with a guy like that? It's very volatile, obviously, but also intensely committed to what he was doing?",13,SPEAKER_01,Really?,7,8,96,288,
all,42132,13,SPEAKER_01,"Well, let me say it always comes as a surprise when I say this, because some people think President Trump and I are a little bit different. Look, President Trump was not just my president, he was my friend. We really developed a close working relationship over those four and a half years. which made the waning days to the administration that much more disappointing. But as I try and write in the book, we had a partnership. It was not a partnership. There's only one president, but we had a working relationship rather. that I'll always be proud of. We worked very closely to rebuild the military, the largest investment in our national defense since the days of Ronald Reagan. President and I worked very closely together to pass the largest tax cut and tax reform in American history. He involved me in the interview of Supreme Court nominees in all three cases, and we have three extraordinary new members of the Supreme Court. of the United States, and he also tasked me to travel around the country to tell our story, travel around the world to represent America. And we had really forged the kind of relationship where when we were both at the White House every day, I probably spent four hours a day in the Oval Office. Really? And when neither one of us was traveling, we invariably spoke. at least once a day and oftentimes we'd speak early and speak late. And I'll always be proud of our record, but I'll also be proud as I try and capture in the book of a friendship and also a working relationship that I think greatly benefited the American people.",14,SPEAKER_00,Have you ever confronted the press about this?,10,10,288,177,
all,42132,14,SPEAKER_00,"You know, your book got a wonderful review in the Wall Street Journal by one of my favorite young writers. I think he's the best young news writer, actually, in the country guy named Barton Swain. And he had this very funny line about you, which I had thought myself where he said, you have a propensity If I could state it boldly to be right when everybody else is wrong, and he talks about the fact that you protected religious rights before Obergefell came down and you were ridiculed for saying that you were careful how you met with women right before the Me Too movement came out. You are treated as not as badly as Trump. Nobody is treated as badly as Trump in the press, but you're treated pretty badly. I mean, everything you say is wrong until it turns out to be right when they just forget about it. Have you ever confronted the press about this? Have you ever just said to a reporter like you're not being fair?",15,SPEAKER_01,"And this one reporter who I thought was a little bit surprised at the penses that they encountered in person from the stereotypes that they'd bought into, said to me, you know, Do you ever feel like you ought to work to change the stereotypes about you and their criticisms?",6,8,177,298,
all,42132,17,SPEAKER_01,"But the ability to tell our story Growing up in a small town, in a big Irish Catholic family, walking away from faith, having no interest in faith, but then coming to a saving knowledge of Jesus Christ when I was in college, meeting the girl of my dreams, failing at politics early, but then coming to a conclusion that my Christian faith required me to carry myself in a certain way in the public square. When a decade later, politics came back around, we saw it during our service in the Congress as Governor of Indiana and as Vice President to carry our life in a way that first honored God, treated others the way we wanted to be treated by. And the ability to tell that story was very humbling to me. And the response we've gotten around the country",20,SPEAKER_00,Has he changed?,10,10,143,75,
all,42132,29,SPEAKER_01,"But that great organization, when we visited there over the Thanksgiving weekend, they had already helped 7,000 families. You know, clear debris and clear their homes out and get resettled. And they had 6,000 Americans that came from all over the country, dropped everything to go help absolute strangers, people they would never see again. I'm telling you, this is a great country. We just got to have government as good as our people again.",30,SPEAKER_00,Is there a chance to turn that tide?,5,5,78,241,
all,42132,35,SPEAKER_01,"is not emblematic of the overwhelming majority of the American people. whether whatever religious tradition they come from, or if religion and faith is not a part of their life at all, they understand that that really goes to the heart of what it is to live in this country. And I have great confidence that we're sorting out those fault lines in the country in ways that will allow us to move forward as a country. I",36,SPEAKER_00,"One is if you had to pick one domestic issue that you were going to run on in 2024, what would it be?",5,5,79,48,
all,42132,37,SPEAKER_01,"Well, I really do believe that the most underreported story today is the flatlining of military spending. At a time when China continues to exercise more and more military aggression in the Taiwan Straits, in the South China Sea, North Korea has returned to its provocations, firing a record number of missiles. In the Asia-Pacific, Iran has continued to its return to its menacing posture, and of course, the unconscionable war of aggression launched by Russia in Ukraine that goes on at this very hour, now more than ever. we ought to return to peace through strength. And I really believe that the reason why Russia never even tried to redraw international lines by force during our administration, which had occurred in the prior two administrations and has occurred again, with the invasion of Ukraine is in part because our administration invested in our military, in record and historic ways, and we were willing to use American military force to advance our interest in the world, whether it be striking Syria after the unconscionable use of chemical weapons against their own people, allowing our armed forces to take down the ISIS caliphate and their leader. We're taking down Qasem Soleimani, the most dangerous terrorist in the world. I think our administration, the world knew we meant business and that we were prepared to back it up. I worry today after the disastrous withdrawal from Afghanistan that we've eroded the credibility of American strength in the world and we need to return to it. The corollary of that though, Andrew, I will tell you, is putting our fiscal house in order. I mean, we are literally on track with more than $30 trillion in debt. We are on track that in a matter of few short years, the service on our debt in the federal budget will exceed what we spend on national defense. And I'm mindful of the fact when George Washington becomes our first president, his first objective in his first administration was to deal with debt. Because he knew that if the United States was deeply in debt, that when England came back, not if they came back, but when they came back, which they would in 1812, that we wouldn't be able to marshal the resources to put up a defense. I think the combination of those two things, providing for the common defense, which is the first obligation of the government, but having leadership that has the ability to bring people together, to bring about the kind of changes to put us on a trajectory for a balanced budget, I think the next standard bear for our party, I think the next president, the next administration need to take on both causes.",38,SPEAKER_00,How do you respond to that?,10,10,461,123,
all,42149,3,SPEAKER_01,"Well, Oregon 2 is One of the largest congressional districts in the United States, there's much debate about exactly where it fits on the list, but I think it's number seven. It's just a fraction less than 70,000 square miles. So it's, as my predecessor, Congressman Walden likes to say bigger than any state east of the Mississippi. And then he has many other means of trying to show how large the district is, but it takes about seven, eight hours to drive across it. It's a beautiful space, a very, very varied in how its geography exists. And it's a beautiful place to be like lots of open space because we have a lot of it. Wonderful people in it, ranchers, farmers. We have a really, really wide variety of folks. We have the Columbia River on the north side. We have California on the south. We have Nevada, Idaho toward the east. It's very, very different when it comes to the people that live within it, which I like.",4,SPEAKER_00,What can you tell them?,10,10,179,104,
all,42149,5,SPEAKER_01,"I hope it's not the latter. I would say that what I learned is that you have to rely if you're in the minority a lot on the majority on what they're going to allow you to do. I mean, it's kind of up to them. And I learned in the last couple of years I was in the Oregon State Senate that the politics of Portland, Oregon had made it extraordinarily difficult for my Democrat friends in the Senate to even allow me as a Republican to be at the table. I was the co-chair of the carbon committee, this whole carbon committee, and I was frozen out of the discussions for five months. On a very, very serious cap and trade bill, one of the more aggressive approaches to managing carbon that I've seen. And I was just not allowed, I wasn't allowed in the room. And that was because my Democrat friends told me later, the folks that put them in office back in Portland, didn't want a Republican in the room. And so they didn't allow me in. And ultimately, that meant that we actually, we Republican senators walked out to deny the Democrats a quorum and thus prevented the cap and trade bill from passing. But I will share with you, and I've told it to everybody, that that's not the right way to do business. right way to do business, try to sit down and work these things out. But if you're not at the table, it's pretty tough to do. But the thing I learned when I was in Salem is that if I worked really hard to know more about the issues than anybody else at the table, generally that had a value. And generally people wanted to hear what you had to say. And if they all viewed the problems as a common problem, as opposed to just somebody's problem, one side or the others, then they wanted good thinking and hard work. And so I'm going to take that thought. to Washington DC and hope that working hard and showing up and thinking and being civil will work.",6,SPEAKER_00,"Like, where are the places Democrats, Republicans, could come together on this?",10,10,373,95,
all,42149,6,SPEAKER_00,"I think a lot of people are hoping for the same thing, and it's clear that something that President-elect Biden is also counting on and is something that he campaigned on, but he also campaigned on a pretty aggressive climate agenda, including zero net emissions by 2050. I'm wondering as we think about the issues of climate going forward, the kinds of things you think you could support or work with Democrats or work with an administration getting actually accomplished. Like, where are the places Democrats, Republicans, could come together on this?",7,SPEAKER_01,"And this is proven by, if you go to a hardware store now, how many people are buying electric drills that have a cord on them?",5,4,95,252,
all,42149,11,SPEAKER_01,"they're facing. and how likely it is that their house is going to burn up, but we lost 27 and 100 homes down in Medford, and we lost six, 700 homes just outside of Salem to fire. The one down in Medford was not so much forest involved. It was a different issue, but still, those kinds of risks are up and down the West Coast, and we need to let people know what they need to do to save themselves in the short run. In the long run, That's a great big huge issue and it needs so much work. And it's not just one solution. It's going to be dozens, dozens of solutions to try to address this issue. It's huge. One thing I want to point out why you asked this question. A lot of people don't understand that the additional CO2 in the air is driving much more aggressive growth of the forest. 12, 13, 14 percent more growth than used to be the case. just because there's so much more CO2 in the air that trees are busy, you know, sequestering. And so this makes the problem even more difficult to deal with.",12,SPEAKER_00,How challenging is it to get political figures to think outside of just the immediate short term?,10,10,205,51,
all,42149,13,SPEAKER_01,"Boy is hard, and social media has made it even more difficult. When you come out from my standpoint, having spent so many years in this space, you realize that a short-term solution is really defrauding the people you're representing. You're not doing your job. So that short-term gain is just not worth it. And somehow you've got to tell people, hey, This is a long-term play and we're all gonna have to work together over time and eventually we'll get this problem solved. But boy, our whole society seems to be, you know, they want a media gratification. And this COVID situation is a great example. People being forced to actually wait. It's a real lesson.",14,SPEAKER_00,How has COVID impacted you and your constituents?,5,6,126,38,
all,42149,14,SPEAKER_00,"How has COVID impacted you and your constituents? I mean, obviously we know that the toll that it's taking nationally. But if you are talking to folks in your community specifically, how are they processing this moment?",15,SPEAKER_01,"You know, all of us, would you please come down and give us some hope?",5,4,38,253,
all,42153,1,SPEAKER_01,"Well, I think there's a lot of common ground on what I call the kitchen table issues. We've all been talking about childcare, the cliff effect, some of the challenges surrounding taking leave as a family. I've talked about options for that on the campaign trail. I'm willing to come to the table on that too, because I realize that's something that our families need. I think there's a middle ground to be had. So if the bill is reasonable, I'm absolutely willing to support the right piece of legislation. That's what I said by running as a common sense conservative here. I'm going to vet every bill, absolutely. If it makes sense for the people of the first district, I'll support it. So immigration is another that I think we absolutely need to move forward on. I don't support blank and amnesty, but many Democrats don't either. So I think there are many places in the middle that we can come together and actually move the ball forward, which is what I want to do.",2,SPEAKER_00,"Can you appreciate now more that you now that you've been in politics, the pressure on someone in elected office to stick with party first?",10,10,188,47,
all,42153,5,SPEAKER_01,"of this. being able to explain why I did something, what my perspective on it was, and all the listening that I did beforehand, when I am able to talk about that, I think that does make a difference to people even when they disagree with you. As far as the partisan aspect, it is tough. And I think that, unfortunately, what we've seen is with some of the people who've been in Washington, they've been there a very long time. Those relationships are pre-established, and sometimes the personal feelings get in the way I think of getting some things done. And so I think, Unfortunately, we need a new crop of leaders and that's what I've stepped up. That's why I stepped up to run for this seat in general because I want to build that consensus and get things done. I've already told our leadership. I told them when I met with Leader McCarthy last year, I said, there are going to be times when I'm probably going to not vote with the caucus. I'll tell you what I'm not going to, but I'll let you know. And he said, I expect, you know, that's okay. I expect you to have to do that. Just be honest.",6,SPEAKER_00,"What do you say to folks who look at the fact the president has not conceded is continuing to push theories that have been already denied by even Republican leaders in these states as false about, you know, vote counts and fraud?",6,8,222,50,
all,42153,8,SPEAKER_01,I believe that there are some very close elections. We have one of those here in Iowa that is within 30 votes. I want to make sure every legal vote is counted. All fraud is investigated. But I do believe also that Joe Biden should be getting security briefings because it is looking like he has a majority of electoral votes at this point. So I am confident that he should be getting those briefings because I think that's what I would have expected with Obama and Trump four years ago as well.,9,SPEAKER_00,But do you worry that we're actually undermining integrity when questioning fraud that is not there?,5,6,94,42,
all,42153,11,SPEAKER_01,I'm not in the weeds on all of the lawsuits that have been filed. I want all the lawsuits to play out. That's what I want.,12,SPEAKER_00,"So you recently got a positive diagnosis, coronavirus diagnosis, is that right?",4,2,28,22,
all,42153,13,SPEAKER_01,"Yes, I am isolating at home and we pulled our kids out of school until after Thanksgiving. I've worn a mask everywhere I've gone publicly with the exception of eating, drinking, or publicly speaking. I've been in isolation and I'm hoping to rejoin my colleagues soon.",14,SPEAKER_00,"So talk about how the pandemic, do you think has been handled at the state and at the federal level?",5,5,50,75,
all,42153,15,SPEAKER_01,"Well, obviously, I hope we get the vaccine out as soon as possible. I think that's really going to be for lack of a better way of saying it. The shot in the arm, our country needs to be able to move forward. And number two, we need to also make sure we're getting people the relief they need. Unfortunately, as we've seen in traditional DC fashion, they've failed at passing a meaningful second relief package here. When I'm out talking with businesses who are about ready to deal with this second wave here in Iowa, our numbers are very high in terms of the number of coronavirus cases. I'm hearing from them they don't want to shut down, but they do want to make sure that we are doing what we can to reduce the numbers. So making sure we have adequate money coming in for testing so that everybody who needs a test can get one. Small business relief is another one where I think we absolutely need to make sure because the economy has been hurt by this pandemic and they had a number of shutdowns and that is very, very challenging. We've seen local restaurants that are already announcing they're not going to stay in business past mid-December. That breaks my heart because I think some of these places were doing just fine until this pandemic hit. It's not lost on me how important these decisions are. I think I'm against mass mandates, but I also believe people should be wearing masks in public when they can't socially distance.",16,SPEAKER_00,Can it work if there is no mandate?,10,10,276,40,
all,42153,17,SPEAKER_01,"Well, but my son was sent home from school. They require masks at school except for the occasion when they're eating in the lunchroom. He was directly exposed to someone in the lunchroom during that short amount of time they had their mask off. So I got asked where I got coronavirus last week. I have no idea because it is spreading so rampantly. So regardless of people wearing masks. Everyone I was around was wearing a mask too. So businesses are requiring them to come in. While many of our local communities have issued mask mandates, they're not technically enforceable according to our Iowa code. But I look at the number of businesses that have the sign on their door, mask required for entry. And people are doing that in order to go into those businesses. So I think it's happened organically.",18,SPEAKER_00,Why do you think that is?,10,10,146,101,
all,42153,19,SPEAKER_01,"Well, I think it speaks to a couple of things. I think the number of women who ran this cycle, it was a record-breaking number of Republican women who filed to run. But also, when you look at the ones who were able to be successful, they were not only just women, but business leaders, leaders in their communities, veterans, minorities. So we had a very diverse class of candidates this cycle that I think spoke to not only recruitment, but support from leadership. I had meetings very early on and made clear to them why I believed I was the right candidate, and they got behind me. I think that's important in being successful. And we had a number of groups, for example, that got behind strong Republican women candidates. They didn't get behind every woman, but they got behind candidates. They knew we're good candidates and could be successful. So view PAC, for example, and winning for women. EPAC, at least Stefanik, Congresswoman Stefanik's group, those not only provided Resources but also connections across the country so I was already having conversations with other women who are running campaigns and saying well what are you doing and how's that working and so we were able to talk about that you know develop relationships and now I'm going in with a class of women who I respect and admire and I'm just excited to work with.",20,SPEAKER_00,"So you did, you had sort of an informal networking with many of these women candidates where you were sharing like, okay, what did you guys do about this?",10,10,245,43,
all,42188,2,SPEAKER_03,"Over the course of the next weeks and months, I'm going to talk to as many of the Democratic hopefuls as I can about why they're running. I find sitting down with these candidates early in the cycle to be very helpful. It's a chance to get them to speak more broadly about who they are and why they're running. Once we get into the real campaign, it's hard to get this much time with the presidential contender. And even if you do, most of that time is spent responding to immediate issues or controversies of that day. There's less time for reflection. This week, I sat down with Senator Kirsten Gillibrand from New York in her campaign office on Capitol Hill. The crowded second floor space was filled with all kinds of posters, official and unofficial, and young staffers. The Senator's dog was also there. I started the interview with a softball question. Literally, a softball question. You're",4,SPEAKER_03,Do you have time to play in the Congressional Women's Softball game?,10,10,167,23,
all,42188,4,SPEAKER_03,I'm very busy. Got a lot of jobs. Yeah. Do you have time to play in the Congressional Women's Softball game?,6,SPEAKER_03,Is this true?,5,4,23,102,
all,42188,6,SPEAKER_03,"Okay, background here. For about the last eight or nine years, Senator Gillibrand and I have faced off against each other every June in the Congressional Women's Softball game. This game features members of the Capitol Hill Press Corps. We call ourselves the Bad News Babes versus a bipartisan bicameral team of members of Congress. Besides providing an opportunity for us to trash talk each other and pull hamstrings and twist ankles, the event raises money and awareness for young breast cancer survivors. Okay. I've also heard rumors that you are recruiting some new members of Congress. Is this true?",9,SPEAKER_02,And has she said yes?,5,5,102,90,
all,42188,15,SPEAKER_03,"When I spoke to Gillibrana, I asked her about this apology and how she squares that with the fact that while campaigning in Iowa, she sold herself as a candidate who was well positioned in the state because she represented a red, rural district. Is this about changing your mind or changing to",17,SPEAKER_02,the political moment?,5,5,53,143,
all,42188,24,SPEAKER_03,"One of the biggest criticisms many Democrats levy against Gillibrand is for leading the charge against Senator Al Franken, who resigned after several women came forward to allege sexual harassment and inappropriate groping and touching. Some Democratic donors have cited this as a reason to not support our fund Gillibrand in 2020. I asked her if she was surprised by the backlash.",25,SPEAKER_02,"And Theo would say, Mom, why are you being so tough on Al Franken?",5,4,62,579,
all,42188,26,SPEAKER_03,We also spent time talking about her plans for healthcare reform and calls from her and many of her colleagues to provide Medicare for all.,27,SPEAKER_02,"But back then, I said, well, how would you feel if you could buy into Medicare at a price you could afford?",5,2,25,277,
all,42188,27,SPEAKER_02,"So when I ran for Congress in 2006, I walked on the district, talked to people about what was on their minds, what they cared about, what their worries were. Number one issue back then was access to healthcare. Number one issue. And they did not feel that the insurance companies had their back. They could not afford their co-pays, their deductibles. They could not afford. there are premiums, and they were just getting priced out of the market. And back then, there was still a lot of discrimination in the system. Women were charged more just because there are women. People with preexisting conditions couldn't necessarily get insurance, and a lot of people just didn't have access to any insurance plans. And so that's why the work that we did under Obamacare was so important, because it met those needs. But back then, I said, well, how would you feel if you could buy into Medicare at a price you could afford? Something like 4% or 5% of income. Overwhelmingly, these two to one Republican voters said, Oh, yeah, that would be really helpful. If I knew I could get basic health care for four or 5% of my income, I'm in like that would be unbelievably helpful to me and my family. I'd have access number one for those who didn't have access. And number two, if you were one of those people that kept getting priced out, that's affordable because it's a fixed rate based on your income. So that's what I ran on in 2006. Well, buying into Medicare is very different from",30,SPEAKER_02,"So when Senator Sanders was working on his bill, I said, can I please write the part about people buying in about this transition?",10,10,277,246,
all,42188,30,SPEAKER_02,"So when Senator Sanders was working on his bill, I said, can I please write the part about people buying in about this transition? Because I think the transition is really, really important. And so I got to write the part of the bill that says anybody could buy in at 4% of income, a lot like what I ran on in 2006. Because the truth is you need competition in the system. What the insurance companies are doing today is they are charging us too much money. because most of them are for-profit companies. When you are a for-profit company, you have a responsibility to your shareholders. That's what corporate law in America today says. That is your premium first responsibility is to your shareholders. Your job isn't to achieve human health. Your job is not to make sure your patients are well. Your job is to produce for your shareholders. And so decisions get made by insurance companies every day that is harmful to human health. No, you may not spend that second day in the hospital. No, you may not have the drug that your doctor has prescribed. No, you may not have this procedure. It happens every day because they are not aligned. And so if you really care about health care is a right and not a privilege, which I do, I believe every American has a right, a human right to have access to health care.",31,SPEAKER_03,Would any funding for a wall be okay with the Democratic caucus?,10,10,246,35,
all,42188,34,SPEAKER_02,"could be a tall fence or what we currently have. That's what they can talk about. But building a wall, as many of my colleagues have called it a medieval wall, is just backwards and harmful and not who we are as Americans.",35,SPEAKER_03,Do you think that the wall is immoral?,4,7,44,43,
all,42188,35,SPEAKER_03,"Thursday evening, President Trump told The New York Times he thinks any talks in Congress are a waste of time. and he's prepared to declare a national emergency to build the wall himself. Do you think that the wall is immoral? I",36,SPEAKER_02,"And when I finally got a few moment conversations, I said, well, you know, what's the best part of your day?",4,2,43,537,
all,42188,47,SPEAKER_01,"This is how he speaks. Aspirational is the perfect word for it. Sometimes I get a little bit annoyed and wish like, I feel like when I'm listening to him, like, come on, come down off the mountain top and get real. Like he just has this way of where when he's talking, you always feel like he's making a speech. There's always an issue of authenticity with Cory Booker and a sense that you feel like you are being, that there is a performance being enacted and you kind of have to wonder what's real. But the fact is, you know, at a certain point, this is real. I mean, this is who he is. This he's been consistent. He talks about love and belief and faith in everything that he does. And so it was no surprise to see that he is going to run a presidential primary campaign in which You know, that is going to be the message. He's going to repeat that over and over and over again.",49,SPEAKER_03,do you think he fits into the current group of 2020 contenders?,6,8,180,49,
all,42188,50,SPEAKER_01,"Yeah, he's an incredible performer. I mean, you know, this is a guy who ran into a burning building to save a neighbor whose house was on fire or delivered diapers to a mother who tweeted at him during a big snowstorm as mayor of Newark. We're going to get a high level of performance out of Cory Booker, but I don't think we're going to see much difference in terms of his politics from the mainstream to progressive Democrats, I think he fits right in with them. I was at an event at the Center for Women in American Politics at Rutgers a couple of nights ago, and it was a room packed with women who were interested in politics. And you just get this really strong sense that women voters, who of course played a huge role in the 2018 midterms, are hungering for a woman candidate to run for president, and I think that is the buzzsaw that he's about to run into, is that among progressive Democrats, there is going to be a preference for Elizabeth Warren or Kamala Harris because they're women, and Cory Booker's gonna, I don't know how he's gonna deal with that.",51,SPEAKER_03,"And the issue of race as well, he's now the second African-American candidate to announce How do you think that race is going to play in what you've seen thus far about Cory Booker and the primary itself?",10,10,209,41,
all,42188,53,SPEAKER_03,"Nancy Solomon, thank you so much for coming in and joining us.",55,SPEAKER_03,Who can win in November?,4,2,12,129,
all,42219,1,SPEAKER_03,"Today's episode is brought to you by my pillow. Be sure to use promo code NOQ at checkout, NOQ.",2,SPEAKER_02,Are you ready to be a Sentinel?,5,3,20,76,
all,42219,2,SPEAKER_02,"Many Americans are feeling like strangers in a strange land. Sadly, it's becoming more challenging every day to recognize our own country. Listening to the midnight Sentinel will help us make sense of the craziness we're seeing and hearing about all around us. We need patriots and Christians who are willing to stand up for the values that made our nation great. Are you ready to be a Sentinel? Here's J.D. Rucker.",3,SPEAKER_03,You're going to the gas pumps and you're wondering what are you going to do?,4,6,76,159,
all,42219,7,SPEAKER_00,I'm okay. So thank you. I'm pleased to be with you. Thanks for having me on.,9,SPEAKER_03,"Tell us, could this have been this whole economic demise from an energy perspective could have been prevented and can it still be remedied?",4,4,18,49,
all,42219,9,SPEAKER_03,"thank you for coming. You know, this is you are one of the strongest proponents for energy being homegrown. We got plenty of it here. Tell us, could this have been this whole economic demise from an energy perspective could have been prevented and can it still be remedied?",10,SPEAKER_00,"And all those millions we spent investigating, what would be worth it?",6,6,49,474,
all,42219,10,SPEAKER_00,"It can be remedied. Some say, well, but it will take 10 years if we start going back to where we were, where you would feel that. And that's not true. You know enough about the market. You know, you and I know the market reacts to news. And if Biden came out and said, you know what, it's we need During this time to be using more of our own resources, God blessed us with lots of resources. We go after them more cleanly than anybody in the world. So we're going to drill in ANWR. We are going to go back to giving leases to offshore and federal land. And we're going to finish up with the Keystone pipeline that'll bring 800,000 barrels a day. So we're going to have what we need. That announcement itself would start a big drop in gasoline prices. Now, it doesn't go down quite as fast as it goes up. You know, when somebody announces like Biden, we're not going to go after any of our American energy anymore. Boy, the price that day at the pump shoots up like crazy. Well, good news the other way that'll drive it the other way. It's not as immediate, but you do see a reaction and maybe over a week or two at the most, you'll see those prices start to come down. He could do that just with the announcement. But one of the problems Biden has is from the oil companies, they're looking at trying to not go broke and they have a fiduciary duty, the boards of directors, executive officers, to try to make a profit legally and ethically. And so if Biden, with all he said against American energy, doesn't come across as sincere. They're going to go, you know, we invested millions investigating leases that we were going to be bidding on getting last year. And all those millions we spent investigating, what would be worth it? What could we get our money back on? He just yanked it out from under us. We spent millions for nothing. So we would need to be sure, this is all company thinking, we would need to be sure that Biden's not going to have us invest and the prices go down and then he yanks the rug out from under us again. We cannot afford to do that to our stockholders, you know, the people that have retirement funds that are invested, we can't drive their values down by doing something stupid like believing Biden. But if Biden was sincere and he showed immediate actions that would reflect that sincerity, he could bring down the price within a week. That wouldn't be a big problem for him.",11,SPEAKER_03,"Do you think that the Biden regime, and I'm talking about the entire administration, not just Joe Biden himself, but do you feel that the administration, that they're okay with prices being so high for American consumers?",10,10,474,147,
