category,episode_id,trigger_turn_idx,trigger_type,assumption_count,duration_sec,next_turn_latency_sec,repair_event_count,challenge_event_count,continuation_event_count,support_marker_count,topic_shift_indicator,silence_void_outcome,cascade_duration_sec,observation_horizon_sec,followup_turns_observed,exit_move,trigger_text
business,001__Larry_Levine_-_Selling_From_The_Heart,11,over_info,5,100.43999999999998,6.605014005602243,0,1,3,0,0,0,26.87999999999988,180.0,4,,". - Yeah, so here's what's interesting, 'cause I ask, I'll ask VP of sales, anyone who's leading sales teams, whatever the date may be of the conversation, right? I'll just say,..."
business,004_Peggy_Moore__CEO_of_Love_s_Oven,24,over_info,5,61.3,1.0199999999999818,0,0,0,0,0,1,0.0,2.2100000000000364,1,Stonewalling / Non-Response,"Well, thank you. And thank you. And I think, you know, even if people are primarily interested in the marketing aspect of this, there are things that can be done legislatively t..."
business,004_Renee_Douthat__the_CEO___Founder_of_Hatch_Compliance,25,over_info,5,54.85,3.0713039014374317,1,0,3,0,0,0,3.0713039014374317,180.0,4,,"Sure. I mean, I mean, I'm really not a part of them anymore. Ever since I kind of got out of the operation side of it. You know, I like Maydak, which is the National Association..."
business,005_Humanizing_You_Real_Estate_Brand,22,over_info,5,73.3,52.198695365112826,0,0,0,0,0,1,0.0,52.198695365112826,0,,"such a good question. I would say, because I try to touch on being forward, I try to touch on things like TikTok, for example, that even though I'm not the biggest proponent of..."
business,007_-_How_To_Thrive_Under_Pressure__Part_1_of_3,4,over_info,5,56.56,0.47999999999998977,0,0,3,0,0,1,0.0,180.0,4,,".www.com/blog to catch up on all of the past podcasts that we have been putting out for you. So Toby, when we looked at pressure and stress, what we really did is look at the di..."
business,007_-_How_To_Thrive_Under_Pressure__Part_1_of_3,25,over_info,5,64.41059608900876,6.635433580579729,0,0,1,0,0,1,0.0,180.0,1,,"can almost, what you're saying though, it almost can be come down to and be summed up in a single statement which is the ability to feel without having to do. That's a really pr..."
business,007_-_How_To_Thrive_Under_Pressure__Part_1_of_3,27,over_info,5,64.9523935277057,2.4617344362429776,0,0,1,0,0,1,0.0,27.963716989772138,2,Stonewalling / Non-Response,"that. It's unique because if we think about entrepreneurship and actually starting, running a business, building a business, there's not really a separation between that. Often..."
business,008__Facing_the_Reality_of_Food_Insecurity,25,over_info,5,53.30720787207873,6.246543665436775,1,0,1,0,0,0,6.246543665436775,180.0,2,,"Well, you know, harvesters mission is to feed hungry people today and to work to end hunger tomorrow. And so one of the things that we rely on is just the data that we get back..."
business,008__The_Intersection_of_Being_Black__Sociology_and_Public_Health_with_Benjamin_Fields__PhD_Student,46,over_info,5,73.36,0.0,0,0,1,0,0,1,0.0,180.0,2,,"Um, I don't know if I could give you a textbook definition. I'd say the best way to think about demography is think about the study of populations their structure their composit..."
business,010___Kayla_Dene__Slusher___How_to_Build_a_Brand_by_Blogging,22,over_info,0,218.74,1.099999999999909,2,0,4,0,0,0,140.83516460283897,180.0,6,,- So the first step is to figure out your topic. More so than like being super honed in on like who you wanna target. Because I think it's just really about starting 'cause a lo...
business,011__Affordable_Housing__Covid-19_Evictions__and_Social_Leadership,48,over_info,5,56.72,0.0,0,0,2,0,0,1,0.0,180.0,2,,"Well, and thank goodness there's people like you, Colleen, that have dedicated your life with this single and passionate focus as a social leader to bring about affordable housi..."
business,012__Maggie_Milnamow-_VP_of_Advertising___Managing_Director_of_the_New_York_Times_Magazine,43,over_info,5,60.88999999999999,0.0,0,0,0,0,0,1,0.0,0.7100000000000364,1,Stonewalling / Non-Response,"? Yeah. Well, I think, you know, isn't HBS, they're so great. They were great at so many things, but they, you know, our coach had us planning five years, 15 years out. So it wa..."
business,013._Hero_-_Justin_Shover__Regional_Sales_Manager_at_EECO,23,over_info,0,80.58,0.0,0,0,0,0,1,1,0.0,44.33999999999992,1,Topic Shift,"Well, I think like anybody in any role, you, you, things are going to come to your plate that you let come to your plate. It's all about how you manage your schedule and how you..."
business,013_-_Handling__The_Dip,12,over_info,5,176.08,10.249220543806587,1,0,6,1,0,0,54.75999999999999,180.0,8,,"'t... Yeah, don't feel like because it's starting to slow down, the pre-booking is not as big of a deal anymore because it'll be fine. You're going to hit another window. Think..."
business,015___Quality_Improvement_Consulting_w__Jarvis_Gray,12,over_info,5,53.332837569857574,1.9803064719669692,2,0,2,0,0,0,146.35030647196697,180.0,4,,"Absolutely. And I think that's, you know, you mentioned previously about relationships. Relationships are so important to us and really essential in our roles as independent hea..."
business,017_-_The_Pros___Cons_of_Discounts_For_Your_Business,3,over_info,4,60.5,1.039999999999992,1,0,1,0,0,0,148.03000000000006,180.0,3,,"I think that there's several ways to do that but I think the first core element is that she needs to one, continue to learn and grow and understand what it means to be in busine..."
business,01__The_Public_Pillory_in_crisis_management,10,over_info,5,61.55,0.660000000000025,1,0,1,0,0,0,0.660000000000025,86.86446107784428,3,Stonewalling / Non-Response,"I think the target group, more or less, is everybody, because it affects everybody. And the #MeToo movement, it costs so much emotions all over the world. And it's typical, it's..."
business,01___NYU_s_Global_Liberal_Studies_Program,21,over_info,5,55.22464102138949,3.2388376720278984,1,0,3,0,1,0,3.2388376720278984,90.88883767202799,5,Topic Shift,"? - Of course, I want to get my return, you know, on my investment. But no, I think if I were to be someone who is going to college and I don't know if things are uncertain righ..."
business,02._The_Six_Traits_of_Top_Producers_with_Michael_Baker_of_Real_Producer_Magazine,19,over_info,5,67.91,57.58186270223018,0,0,0,0,0,1,0.0,57.58186270223018,0,,well that's a good very good question um there's different ways to reflect on what you do and what your goals are so some of the different ways that somebody could reflect on wh...
business,02_-_How_Finli_is_leading_the_SMB_payments_revolution,22,over_info,5,65.51,0.0,0,0,2,0,0,1,0.0,180.0,3,,"love this. I think again, if you're listening and you're thinking about how to better motivate your team, how to engage with your clients and maintain those relationships. Check..."
business,032_-_How_To_Manage_Your_Emotions_When_Managing_Tasks,14,over_info,5,72.39,2.4064259927796456,0,0,3,0,0,1,0.0,180.0,3,,". So let me just add something here. A lot of the time when especially if you're the technician or you're working behind the chair in a salon, you give up that time that you nee..."
business,033___Georgie_Muir__Chasing_Lobsters,23,over_info,5,90.39,0.2699999999999818,0,0,2,0,1,1,0.0,180.0,5,Topic Shift,I think you you really touched on it there yourself is the anxieties that that sort of underlevel humming of of worry and even I think that for people historically who may have...
business,03_-_How_to_Progress_In_Your_Customer_Success_Career_-_Georgia_Harrison,11,over_info,5,55.290000000000006,0.0,1,0,1,0,0,0,0.001,180.0,2,,"? What I've seen at my time at Brazes that customers as success organizations tend to go through different stages depending on how big they are in a company. So for us, actually..."
business,041__Define_Success_for_Yourself__Not_the_Status_Quo___Amy_Vaughan,22,over_info,5,54.18,7.0084829059828735,0,0,4,0,0,1,0.0,167.5300000000002,4,,"they're happening for me. So I think if you can kind of decide like what success, what does a happy life look like? And that's personal and professional. And then sort of whatev..."
business,043_-_How_To_Put_Ideas_Into_Action,3,over_info,0,130.04,0.0,1,0,3,0,0,0,0.001,180.0,4,,you? That's a very good question and I think to answer it I have to just cover a few things first. I think for me writing is something that I love and especially writing about t...
business,05._HOW_TO_AVOID_BURNING_OUT_FT._KELLEY_ANNE_FROM_LET_S_BURN_BRIGHT,12,over_info,5,52.79231022298038,182.8307949065877,0,0,0,0,0,1,0.0,180.0,0,,"I think I really loved how you said that it's important to actually set boundaries, especially as women, because those boundaries can easily be crossed. And I think a lot of peo..."
business,052_-_What_Are_the_Most_Important_Accounts_to_Save_to_First,64,over_info,5,54.44,0.0,2,0,5,0,0,0,115.1400000000001,180.0,7,,"? We've hit so many spots. People are already going to go save. If you're still going, one, great, good for you. So I think another thing that I would go look at pretty quickly...."
business,053__Helping_Entrepreneurs_Add_Engaging_Gamification_To_Courses_And_Memberships_-_with_Tama-Lea_Lorenzen,31,over_info,5,109.65,0.0,1,0,3,0,0,0,0.001,152.66000000000008,7,,"? - Yes. So I was just telling you about kind of my sales funnel into the membership being a Facebook ad to a free challenge, to kind of a webinar that's more like a training, r..."
business,053__Helping_Entrepreneurs_Add_Engaging_Gamification_To_Courses_And_Memberships_-_with_Tama-Lea_Lorenzen,33,over_info,5,82.95,0.5899999999999181,0,0,2,0,0,1,0.0,58.559999999999945,5,,"courses. - Okay, so here's the thing. I'm gonna recommend something kind of nonconventional or unconventional, and that is a planner system, which I used to think I was the quee..."
business,053__Yves_Silveira_-_Physiotherapist_and_emerging_leader,28,over_info,5,69.86,4.404901109503271,1,0,5,0,0,0,41.779999999999745,168.8800000000001,8,Stonewalling / Non-Response,as well. So I want to now talk about the idea of a team member because you've got your volunteer members of your team or your student management members. But you've also recentl...
business,055_-_Ana_Romero_of_Mooch__Bringing_You_Everything_You_Need_For_Your_Pet,23,over_info,5,98.21,4.488878326996428,0,0,0,0,1,1,0.0,12.88511406844168,1,Topic Shift,"'re right. They feel energy. I don't want to get too metaphysical on this, but it is a fact. They can notice. Or if you want to call it, they can smell the hormones you are prod..."
business,06._Vanessa_Agudelo__Houston_Business_Women,17,under_info,10,9.64688053691275,15.373347651006611,0,0,0,1,0,1,0.0,16.583347651006534,1,,"- Sure, absolutely. So, we do have an Instagram and it's Houston Business Women. Our Facebook is also Houston Business Women. Actually, let me just make it short. Facebook, Inst..."
business,069_-_Steve_Pratt__Podcasts_-_Your_Brand_s_Unfair_Advantage,18,over_info,5,57.31058711134271,6.228879494130069,1,1,2,0,0,0,52.02774187945124,55.36774187945139,5,Stonewalling / Non-Response,Yeah growing new ones is something that I've had clients ask me about and you asked about smart speakers I'll talk a little about that. So in building a voice experience on Alex...
business,069__How_TheCoilBrush_Was_Created_by_Ree_Farrington,54,over_info,5,59.94,16.341890860839612,0,0,1,0,0,1,0.0,180.0,3,,"? So I first started about going to Target, just looking at different products, seeing what they had on their labels. It's different when you got to create your own label. You d..."
business,073___Setting_Expectations__What_Should_You_Set_and_What_Should_Expect___with_Paul_Rajotte,26,over_info,5,82.36,0.0,0,0,3,0,0,1,0.0,180.0,4,,". So I mean, I hate to give this as an answer, but it really depends. But for the most part, I think the biggest change that we're seeing is that you don't have to have a big bu..."
business,073___Setting_Expectations__What_Should_You_Set_and_What_Should_Expect___with_Paul_Rajotte,34,over_info,5,85.73,0.0,0,0,4,0,0,1,0.0,180.0,5,,"Yeah. I mean, I think whenever it makes sense for your business, they'll know before us whether there's a certain amount of their budget that they're willing to spend into paid..."
business,086__Finding_Your_Own_Freedom_with_Krishna_Mohan,56,over_info,4,64.0910367526056,8.044025467487245,0,0,2,0,1,1,0.0,61.045551289083505,3,Topic Shift,have to do it in your life. And then you have to do it in your life. And then you have to do it in your life . And then you have to do it in your life. And then you have to do i...
business,088__Matt_Hassler___Evolving_Work_Environments_Post-Pandemic,11,over_info,5,58.84,0.0,0,0,4,0,0,1,0.0,180.0,4,,"for those that were still in the office. And now for more than a month, we've been taking a weekly survey, gauging our opinions and our concerns and our fears as pertains to ret..."
business,1._What_can_SA_learn_from_Sunraysia_s_Fruit_Fly_mistakes,6,under_info,10,0.4602777777777778,0.7154166666666697,0,0,1,0,0,1,0.0,30.595416666666665,1,,it's not too late for the river
business,103_-_Ian_Magley_-_Data_lead_marketing,15,over_info,5,63.107503149781365,107.09339398206475,0,0,0,0,0,1,0.0,107.09339398206475,0,,"%. And, you know, that was the most difficult part of getting going was how do you differentiate, you know, that industry, you know, who kind of like you said is, is, is almost..."
business,105_How_to_increase_your_leadership_effectiveness_with_Daniel_Kilov,14,over_info,5,53.6,0.0,2,1,2,0,0,0,53.385263157894656,100.01999999999998,6,Stonewalling / Non-Response,"Yeah, so a mnemonic is just anything that aids, any device that aids in memory. So, often when we talk about mnemonics today, we're talking about verbal algorithms that we might..."
business,10_How_Claire_turned_a_passion_for_teaching_and_a_nasty_accident_into_an_incredible_therapy_practice,61,under_info,10,6.44,39.9198733918729,0,0,1,0,0,1,0.0,112.40447008372485,1,,Or the power of the tribe is unbelievable. Everybody needs to be sure that they have their tribe to look after them.
business,10_Interpersonal_Potholes_to_Avoid_Driving_Into,19,over_info,5,55.14,5.684341886080802e-14,2,0,1,0,1,0,9.518888888888966,31.470000000000027,4,Topic Shift,", I'm gonna just, before you start rattling off 23 things, I'm gonna just talk about a little bit of the process, right? 'Cause you're obviously, you gotta have a car that's cap..."
business,10_Ways_Resilience_is_an_Advantage_in_Harsh_Circumstances,5,over_info,4,67.74,42.774005253698306,0,0,2,0,0,1,0.0,180.0,2,,"Well, you know, listen, I would love to jump into this. This last, we'll just make it smaller last month, starting out on the west coast where you are and then moving out east t..."
business,10_Ways_to_Avoid_Negative_Publicity_by_Julia_McCoy__489,78,over_info,5,75.8,122.85587789285864,0,0,0,0,0,1,0.0,122.85587789285864,0,,"Yeah, absolutely. That makes sense. And then finally, number 10, all right, 10 ways to avoid bad press. Again, this article is from Julia McCoy, hire a community manager. So as..."
business,11._COVID-19___Keeping_on_top_of_your_Kiwisaver,15,over_info,5,79.8,0.0,0,0,3,0,0,1,0.0,180.0,3,,"fairness. Next one. Yeah, so I'll do a few things to charge for advice and choosing a key resaver fund, if so what is the charge? So look, we're a fee-based organisation. So aga..."
business,114_Lynette_Zang_-_Pandemic_Is_A_Great_Cover_For_A_Financial_System_Reset,38,over_info,5,88.56,4.547473508864641e-13,2,0,3,0,0,0,39.970000000000255,145.3387570198429,7,,"idea? Well, they're probably a better idea than a stock or bond or cryptocurrency IRA. However, if you don't hold it, you don't own it. So years ago, when we started entering th..."
business,115._Tech_Shift_in_Foodservice___Restaurant_Recovery_Series,25,over_info,4,55.650214386459794,7.684950634696861,2,1,1,0,0,0,159.42668502518268,180.0,5,,side? Now another good question. I think they really want to power the technology. They are the platforms and they're a distribution engine. And they tend to leave it up to the...
business,11__Barbara_Levret___Building_Confidence_and_Growing_into_your_True_Self,16,over_info,5,77.45,0.36999999999989086,1,0,2,0,0,0,48.799999999999955,180.0,4,,". Yeah. And I think that's so true. And the fear never really goes away. And it's, but it's something that we have to go through and build the tools so that when we come up agai..."
business,11__When___How_to_Use_Accountants_-_Dan_Packard,37,over_info,5,55.339999999999996,5.529863636363416,2,0,1,0,0,0,113.5944924135772,180.0,3,,"? - Sure. I think of a conversation I had with one of my dental clients recently where he was talking about an experience he had with his prior CPA where he said, you know, I fr..."
business,1264__4_Tactics_to_Establish_Thought_Leadership_for_Your_B2B_Brand_w__Andy_Didorosi,7,over_info,5,142.34,0.4900000000000091,0,0,2,0,0,1,0.0,180.0,2,,"? Well, the job listings that they put up are very long. They're basically a narrative about the type of person they're looking for for this role, what success looks like. I don..."
business,12_Alicia_Levine__Chief_Strategist_at_BNY_Mellon,17,over_info,5,55.13,0.36000000000001364,1,0,1,0,0,0,0.36000000000001364,132.65999999999997,3,,you know that is a great question nobody ever asks that question I'll say this I think the academic background and the sense that it doesn't matter what question I get asked I c...
business,132_-__Interview__8_Steps_to_Winning_Sales_Presentations_with_Brian_Burkhart,12,over_info,5,52.24,0.0,0,1,3,0,0,0,0.001,180.0,4,,"? - Of course, there's so many things that we can get right or that can help get us derailed pretty quickly. It is absolutely a process that has some shelf life, right? It takes..."
business,143_-_Paul_Maskill__Founder_of_Ultimate_Freedom_Mastermind,2,over_info,5,64.58,0.24168058173984264,1,0,2,0,0,0,171.04000000000008,180.0,4,,"No, no, totally, totally. And I think as well is getting you on the show, especially during the current period of time. I think there's looking at the sort of processes and the..."
business,145__Trust__Allow__Do_Less_and_Attract_More._Become_a_Super_Attractor_with_Gabby_Bernstein,12,over_info,5,87.02,0.0,2,0,3,0,0,0,136.13,180.0,6,,'d look closely at the ways that you feel unworthy because when we're in business and we wanna create something in our world and we wanna offer something great and be seen often...
business,147___Steve_Wolf___Secrets_to_Creating_a_Highly_Effective_Sales_Playbook,27,over_info,5,52.46,31.62972694538894,0,0,2,1,0,1,0.0,180.0,4,,"That's exciting. And again, you get as well, like, there's a business that really does important work, right? Someone's financial future, really, really important, you know? So,..."
business,14_Insights_from_Round_8__16_June_2020,17,over_info,5,124.36,0.0,0,1,1,0,0,0,0.001,180.0,3,,"Well, this is really interesting, Seth. You're making me wonder whether actually since the beginning of this year, we haven't been embarked on a mass global scale lecture on cou..."
business,14_New_Normal_with_Katie_Newell,17,over_info,5,78.8,0.0,1,0,4,0,0,0,0.001,180.0,5,,"It's a lot of research, a lot of trying things. And I don't know. I definitely have gotten that question a lot. But when you put yourself in that situation and you realize that..."
business,14_New_Normal_with_Katie_Newell,25,over_info,5,66.15,0.0,2,0,1,0,0,0,137.92000000000007,180.0,4,,"go. It's both, it's both. There's some things I tell people when they cut out certain things from their diet. In 2020, there's so many, like I said, there's so many people with..."
business,14__Estelle_Keeber___Succeeding_Against_the_Odds,7,over_info,5,55.21,0.0,1,0,2,0,0,0,85.69000000000005,180.0,4,,"ing yourself with people who are going to support you and lift you up, because there are going to be times in business when things are going to come crashing down, things are no..."
business,153_Leadership_skills_for_elected_officials_with_Mayor_Kristy_McBain,5,over_info,5,57.99,0.6399999999999864,3,0,3,0,0,0,106.30000000000001,180.0,6,,"Yeah, it's been very difficult for us with COVID-19. Obviously, we've had to suspend all community outreach sessions. We've had to suspend. We were doing twice weekly community..."
business,155__Black_Rhino_Living,24,over_info,5,52.84352076442484,0.7973539140020875,0,0,3,0,0,1,0.0,180.0,4,,"but I can. Right . Exactly. Well, Steve, this has been such an enlightening conversation. I want to ask you two final questions as we wrap up. The final final question is going..."
business,158_Dr._X_Files__1_Why_is_my_salary_decreasing__Didnt_our_practice_get_bought_by_a_Hedge_Fund,7,over_info,5,64.34,1.271718749999991,1,1,4,0,0,0,123.56999999999994,180.0,6,,"about? - You know, it's different everywhere you go, but specifically when you're in academic medicine at large, you'll be sort of staunchly academic-named institutions, your ab..."
business,158_Dr._X_Files__1_Why_is_my_salary_decreasing__Didnt_our_practice_get_bought_by_a_Hedge_Fund,17,over_info,5,54.69,0.16999999999995907,3,0,3,0,0,0,158.09000000000003,180.0,6,,". Okay. You know, I'll give you sort of the lay of the land. In terms of when I joined my private practice, it was the largest physician-owned anesthesiology practice in the sta..."
business,158_Dr._X_Files__1_Why_is_my_salary_decreasing__Didnt_our_practice_get_bought_by_a_Hedge_Fund,25,over_info,5,68.47101350370264,6.835749436188962,0,0,0,0,1,1,0.0,42.21761574301877,1,Topic Shift,", man . (laugh ing ) That's why I brought it up, and I mentioned that. - That's the real, you know. I am young, I'm out here trying to get it. I'm out here trying to make money,..."
business,15_The_Marathon_des_Sables___Retrieval_Medicine,49,over_info,5,73.48,0.0,1,0,1,0,0,0,0.001,44.93560272934019,3,,"experience? Um, I guess, I thought was it, I, uh, you know, it is, it's a scary prospect. It's always quite intimidating when it was breaking and deciding to do the math and the..."
business,16._Kim_Kaupe_-_CEO_of_the_SuperFan_Company__Forbes_30_under_30__Keynote_Speaker___Mentor,18,over_info,5,64.76,0.0,2,0,1,0,0,0,77.74000000000001,89.34999999999991,3,,", I mean, I definitely kind of look at it with an eye of how do I make entrepreneurship seem accessible and seem, you know, attainable and not something that's so lofty and so f..."
business,167__Selling_to_enterprises_with_Brian_Burns,15,over_info,0,79.46,1.0199999999999818,2,0,2,0,0,0,106.73000000000002,180.0,4,,what you have is you know two virgins trying to have sex with the first time neither it both feels good but neither one knows what they're doing so they don't know how to buy be...
business,16__Interview_with_Andrew_Bell_on_the_additional_Victoria_Goldfields_licenses,7,over_info,5,174.87,2.019999999999925,1,0,3,0,0,0,155.60999999999996,180.0,4,,"them? What I liked is I think the paradigm, as I say, for a long time was one based on, ""Okay, you see where people got at Luvial gold or gold from the shallow pits and you look..."
business,16__The_Business_of_Diplomacy,29,over_info,5,74.13,1.209999999999809,2,0,2,0,0,0,174.29999999999995,180.0,4,,"."" Very well put. Talking about understanding and building bridges, I know that you as well support common purpose and also the Tutu Foundation and Desmond Tutu's message is tha..."
business,17.01_-_Banks_as_an_essential_service_during_COVID-19,13,over_info,0,158.0,0.0,2,0,2,0,0,0,109.0,180.0,5,,"Well, it's a great question because any successful business model requires that you have steady revenue streams, and you're able to control your expenses. And what the pandemic..."
business,17.01_-_Banks_as_an_essential_service_during_COVID-19,15,over_info,5,55.912416433693934,13.325022486933221,1,0,2,1,0,0,13.325022486933221,180.0,5,,"Well, it's always a risk, right? It can be a risk at both an individual brand level as well as at the industry level. You're seeing there is some data that's showing that there..."
business,17._A_Year_Without_Spending_Money_With_Julie_Johnson,12,over_info,5,61.56815947712419,89.66813832288449,0,0,0,0,0,1,0.0,89.66813832288449,0,,", it almost sounds like you should do that all the time It's like like life becomes a cool adventure when you're when you 're doing this It literally it it like it motivates me..."
business,174__Hosting_Your_Own_Virtual_Summit_with_Dr._Holly_Tucker,32,over_info,5,61.52,,0,0,0,0,0,1,0.0,0.0,0,,". Holly. Well, thank you so much. And congratulations on the success of your first virtual summit and too many more. Thank you so much. Carol for having me. Thanks again to Holl..."
business,174__Steve_Lucas___CEO_at_iCIMS___The_NEW_Future_of_Work,39,over_info,5,97.52999999999999,0.5099999999999909,0,0,0,0,1,1,0.0,25.389999999999645,1,Topic Shift,"- Well, I, you know, the last thing I would encourage folks to do is this is that, you know, we live in a world where, and I'm not knocking, you know, influencers or whoever it..."
business,174__Steve_Lucas___CEO_at_iCIMS___The_NEW_Future_of_Work,41,over_info,5,396.64,1.3200000000001637,2,0,2,0,0,0,118.42000000000007,180.0,4,,"- Well, I think yeah, the new future of work, what a great question because I think the future of work itself, which we've talked about forever, arrived, it's here, and I think..."
business,18__Rena_Sherbill__The_Cannabis_Investing_Podcast,5,over_info,0,124.45193644971742,73.12260376511097,0,0,0,0,0,1,0.0,73.12260376511097,0,,I very fortuitously started at seeking alpha Like at the beginning of September 2008 so for followers of the stock marketing That's when or even just followers of news actually....
business,18__The_local_authority_and_social_care_response_to_Covid-19,9,over_info,5,74.06,0.0,0,0,0,0,1,1,0.0,3.230000000000018,1,Topic Shift,of financial assessments means that those who would normally be classed as self funding or would contribute to the cost of care may now be in receipt of a publicly funded care....
business,19._The_Royal_Marines__investment_banking___Team_Rubicon_UK_-_Richard_Sharp,21,over_info,5,65.39,32.33873893275904,0,0,1,0,0,1,0.0,151.98899786780362,1,,"Yeah. Yeah, one of the realizations that I have myself was that I wanted to have some degree of input onto the strategic direction of the organization, which only really comes w..."
business,198_-_How_this_Entrepreneur_Created_a_Life_of_Meaning_that_Led_to_E-Commerce_Success,35,over_info,0,130.72432770179674,30.189148465993185,1,0,1,0,0,0,30.189148465993185,180.0,2,,"see it is like every piece of content that you have out there or every free thing that you do for someone else, but maybe this applies more to the internet because if you can do..."
business,199__How_to_Be_Editor-in-Chief_of_Your_Food_Blog_with_Laurie_Buckle,30,over_info,5,52.6,0.0,0,0,4,0,0,1,0.0,180.0,5,,"little bit. That's a, that's a really good point. As the editor in chief, you really run everything. You run the editorial side, you run the advertising side, you run the growth..."
business,19_Become_an_Online_Contributor_with_Dani_Hao,13,over_info,5,104.44999999999999,0.0,2,0,4,0,0,0,98.28999999999996,180.0,6,,"time? Yeah, I would say finding the buyer first. So if you have an idea or if you have a problem that you think you can solve with your service or your product, then the second..."
business,19_Become_an_Online_Contributor_with_Dani_Hao,19,over_info,5,110.07999999999998,0.0,1,0,1,0,0,0,0.001,180.0,2,,"Yeah, for sure. So if we're thinking a little bit more on the tactical end, one thing I really like to do as a tool is just to use, for example, like a keyword researcher. So th..."
business,19_Sara_Cantu_-_Making_the_Leap_into_Dentistry,33,over_info,5,85.4,5.765655021834164,0,0,1,0,0,1,0.0,180.0,3,,. - I do want to stay more in general dentistry. So I'm looking to apply for a two year AEGD residency which would make me a comprehensive dentist and would allow me to do a lot...
business,1_-_Enrico_Bradamante__Chairperson_iGEN,12,over_info,5,105.98,22.108841950399437,1,0,1,0,0,0,146.18000000000018,180.0,2,,"company. Interesting. Yeah, another perspective, and obviously certain industries, even in the casino, if we take the whole picture of casino, it's more effective than others. S..."
business,1_-_Enrico_Bradamante__Chairperson_iGEN,23,over_info,5,118.47,48.94061619539889,0,0,0,0,0,1,0.0,48.94061619539889,0,,"us. But I also would like to go back to something you mentioned earlier about the events industry, right? Because I think a big part of the gaming industry, as we have it, has b..."
business,1_-_Kristi_Whitfield_-_Director__DSLBD,11,over_info,5,73.91,2.4559090909092447,0,0,1,0,0,1,0.0,180.0,2,,", get a chew handle on your cash flow. And I think that that is the biggest and hardest and scariest one. Yeah, I've spoken to so many businesses out there and, and I, and I kno..."
business,1_Building_a_Multifamily_Investing_Empire_with_Darin_Batchelder,27,over_info,5,96.26,1.75,1,0,1,0,0,0,1.75,180.0,2,,", that's you, that's the risk on the person putting together the deal. So, yeah, that's me and my partner had to put up that money and, and then, you know, when you're talking t..."
business,1_Victor_Haghani_Why_No_One_Should_Get_Rich_Twice,3,over_info,5,84.72,0.0,1,0,1,0,0,0,0.001,180.0,2,,"Well, it all happened very quickly and we were busy setting things up. I mean, I guess in some ways, perhaps we underestimated the difficulties of trying to recreate the infrast..."
business,1__David_Richards__WANdisco_Life_on_your_own_terms__lessons_from_a_contrarian,15,over_info,5,82.33,2.4083323371189636,1,0,2,0,0,0,2.4083323371189636,180.0,4,,"it's, I think one of the most interesting things to come out of this is could you imagine all this happening without the cloud? I mean, all of the things, whether it's Zoom now..."
business,1__David_Richards__WANdisco_Life_on_your_own_terms__lessons_from_a_contrarian,18,over_info,5,57.644199520054855,0.35197977374025413,2,0,4,0,0,0,119.97197977374026,180.0,6,,"airline clients are going to be thrilled to hear. I mean, of course that does speak to, you know, what the, I guess, the silver lining on a very dark cloud is, is that there's p..."
business,2.6_Financing_at_the_Nexus_of_Gender_and_Climate,14,over_info,3,121.85,0.4500000000000455,1,0,1,0,0,0,0.4500000000000455,180.0,2,,"Both. They're about good ones, but we certainly have many projects that reach out to us as well. And I think when projects start to understand that the process of measuring, I m..."
business,2._Cathy_Pope___Fulfillment__Endurance__Relationships__and_Adapting_to_Change,12,over_info,5,57.0,0.05999999999988859,3,1,4,0,0,0,164.36,180.0,8,,"Absolutely, it did. Yeah, we know recovery for all of us, for our communities, it is going to be a long, long term recovery. I mean, there's no way you could live on the edge fi..."
business,2._Dallas_Run_Clinic_-_Straight_Line_to_Success,9,over_info,5,63.52,0.75,0,0,3,0,0,1,0.0,180.0,3,,"it. But yeah, definitely. I mean, I think, absolutely. So yeah, YouTube channel is just Dallas Run Clinic. And that has all of the exercises that I use for really rehab and perf..."
business,2._Dallas_Run_Clinic_-_Straight_Line_to_Success,36,over_info,5,88.77558184032007,16.76147591232575,0,0,3,0,0,1,0.0,180.0,4,,", right. Okay, so we're, we're wrapping things up here. We're towards the end of the time we have available. Let me, let me just say a couple things as you know, I've talked abo..."
business,2._Whats_YOUR_personal_brand,25,over_info,5,68.35,9.421229050279635,1,0,1,0,1,0,42.97000000000003,63.93145652173894,4,Topic Shift,areas. Yeah I think that's absolutely key I love that we chose be resilient as the theme for this year because now more than ever. I think how important it is to be resilient an...
business,2020_06_14_10_56_48,10,over_info,0,889.3925542338022,,0,0,0,0,0,1,0.0,0.0,0,,he believed the child had attained the age of 16 and the age of three at the end of section three of the act constructs and references to take in sending and detaining they shal...
business,2027_NOW_PODCAST__HENRY_NGAWOOFAH,5,over_info,5,69.64,0.0,2,0,2,0,0,0,75.28,180.0,4,,"Yeah, I think the term cultural representative representation means different things in different contexts. But I think the main one for me is cultural representation in the con..."
business,2027_NOW_PODCAST__HENRY_NGAWOOFAH,7,over_info,5,67.08,0.3199999999999932,2,0,2,0,0,0,152.80999999999997,180.0,4,,"So in terms of dominant cultural bias, I think that means where in situations where you may be making decisions where you may be assessing situations where you may be looking at..."
business,2027_NOW_PODCAST__HENRY_NGAWOOFAH,11,over_info,4,69.38,1.6000000000000796,2,0,2,0,0,0,104.9500000000001,180.0,4,,"Yeah again I think some examples where, so for example in the youth sector across Manchester, so in some areas where services are being delivered and it's predominantly people f..."
business,2027_NOW_PODCAST__JAKE_HAYMAN,17,over_info,5,58.69392512632063,17.269059485530533,0,0,1,0,1,1,0.0,106.30106101341426,3,Topic Shift,I think the problem is it depends on who you ask and if you are a you know a very conservatively minded old-fashioned Victorian philanthropist grant maker it's not an emergency...
business,204__From_Her_Garage_to_Target_Shelves__How_CEO_Monique_Rodriguez_Built_Mielle_Organics_From_the_Ground_Up,36,over_info,5,61.07,0.23999999999978172,2,0,1,0,0,0,179.84000000000015,180.0,3,,"I would say you really want to utilize your resources and a great resource for us because, well, before you move into a warehouse, number one, I recommend that you go to a shipp..."
business,20VC__Mark_Cuban_on_His_Relationship_To_Wealth_and_Risk__Why_Coming_Out_of_The_Pandemic_Will_Be_The_Best_Time_In_The_History_of_Mankind_To_Start_A_Business___Wh,21,over_info,0,94.31000000000002,0.0,3,1,2,0,0,0,175.31999999999994,180.0,7,,"think they're like old Hollywood. So when you hear stories about old Hollywood and everybody wants to be an actor, and even though they're working as the job as a waiter, they'r..."
business,21._THE_THERAPISTS_-_Jay_Stringer_-_Exploring_Ardent_Desires__The_Motivational_Influences_that_Drive_Our_Leadership_and_Life,3,over_info,5,80.12,0.25,0,0,0,1,0,1,0.0,58.08000000000004,3,Stonewalling / Non-Response,"? - Yeah, not very, yeah, I would say that's really fair. The seminary that I went to was a little bit of a progressive seminary at the time. And so we were really big on kind o..."
business,21._THE_THERAPISTS_-_Jay_Stringer_-_Exploring_Ardent_Desires__The_Motivational_Influences_that_Drive_Our_Leadership_and_Life,12,over_info,0,136.83,0.16999999999984539,0,0,1,0,0,1,0.0,180.0,1,,". Yeah, absolutely. Well, at Reading Revival, our mantra is driven leaders ought to know what they're driven by, which is paralleling what you're talking about with human sexual..."
business,217cast_012__Who_is_217digtal,13,over_info,5,88.79,0.0,0,0,4,0,0,1,0.0,180.0,4,,"fun. Yeah, and like navigating those conversations right there about, do we want to really get into clothing or like, because we would want to offer some sort of physical produc..."
business,229._Utilizing_Energetic_Tools_In_Your_Business,4,over_info,5,82.16,0.0,0,1,1,0,0,0,0.001,88.61172641158996,2,,"Well, I think you bring up a good point, though, because this is something that we've talked about this with a lot of, with other guests on the podcast, and this has certainly c..."
business,22__Just_on_purpose,68,over_info,5,585.52,,0,0,0,0,0,1,0.0,0.0,0,,my biggest takeaways from this show was to take time for yourself to know yourself better. It was interesting when Alberto talked about his past in terms of doing what he felt h...
business,23._Maripier_Morin_-_French_Canadian_Actress__TV_Personality___Host,5,over_info,5,122.88,0.6399999999999864,1,0,1,0,0,0,0.6399999999999864,104.80000000000001,3,Stonewalling / Non-Response,- Wow. That is a big question. So many things. I feel like Quebec has to be self-efficient because of the language. We're surrounded by English speaking people as a rest of Cana...
business,230__How_to_Grow_Your_Law_Firm_and_Delegate_Effectively_--_Legal_Power_Players_with_Brett_Trembly,13,over_info,5,70.84,0.0,1,0,1,0,1,0,0.001,180.0,3,Topic Shift,", well, thanks to the coronavirus. We really don't have to sell this point much anymore. You know, it used to be, we were trying to convince not everybody, but attorneys, it's o..."
business,236._How_To_Embrace_The_Awkward_Conversations,15,over_info,0,58.36,64.91581384738197,0,0,0,0,0,1,0.0,64.91581384738197,0,,"many times along his journey, he doubted himself and doubted his abilities and didn't want to keep moving on and felt like giving up or felt like giving into the darkness of the..."
business,23__With_Hana__CBRE_adds_coworking_to_its_facility_management_offering__Paul_Nellist__Hana_EMEA,17,over_info,5,75.91,0.0,2,0,2,0,0,0,84.67000000000007,180.0,4,,"look at it in terms of where we are now and having dealt with COVID-19 and we're starting to see a return back to work. I think people's, when I say people's, occupiers long ter..."
business,263_Michael_de_la_Maza_-_Heart_Healthy_Scrum,22,under_info,10,6.95,0.0,0,0,2,0,0,1,0.0,16.870000000000005,4,Stonewalling / Non-Response,". Thank you. We're done then. You pulled it off. Six questions, nine minutes because the best know when to be concise and when to end. Website, say"
business,27._Does_COVID-19_Mean_I_Can_t_Buy_My_House__ft_Brickz_With_Tipz,11,over_info,5,56.99498670334709,32.75414183216549,0,0,1,0,0,1,0.0,147.07920706432873,1,,"Cool. So at the moment, the property market has restarted essentially. What's happened is that housing secretary Robert Genrech, I think that's his name anyway, he stated that e..."
business,277_-_The_Intersection_Between_Health___Design_with_Jordan_Rogove,10,over_info,5,62.27,0.5,0,0,3,0,0,1,0.0,180.0,3,,", I think we go all the way back to our caveman days gathered around a fire and the kind of warmer tones in the 3,700 Kelvin to 3,000 Kelvin and that's just the temperature of t..."
business,277__Erin_Kidd_is_an_Accountant___Writer__podcast,80,over_info,5,61.34,0.8999999999996362,1,0,3,1,0,0,17.5799999999997,134.1999999999996,7,Stonewalling / Non-Response,". - I think it's maybe a little bit both. Like you have to feel safe or the whole part is that, you know, you're in this relationship and this culture that you feel safe to shar..."
business,28._Itas_Not_What_You_Do__Itas_Why_You_Do_It__Ownership__Obligation__and_Information_Security,6,over_info,4,55.64,45.42810220219371,0,0,0,0,0,1,0.0,45.42810220219371,0,,"- Yeah, that makes a lot of sense. Like kind of the difference between ownership and management. Your chair example, I, as the owner of Workman Forensics, can take that chair ho..."
business,286._Venkat_Nagaswamy_on_how_contact_centers_have_kept_working_during_the_pandemic,31,over_info,5,72.32,0.0,2,0,3,0,0,0,143.23000000000002,180.0,6,,"They're called telco channel partners. I mean, if you just do a Google search for it, you'll find it. Telco or telecommunication channel partners is what you call them. And they..."
business,289__Kate_Johnson_is_a_Bookkeeper___Childrens_Choir_Director__podcast,56,over_info,5,55.44,0.14999999999997726,2,0,3,1,0,0,178.88,180.0,7,,"that? - Yeah, so my oldest is eight. So I'm still kind of on the young side of our family. And about three years ago, I realized that I wanted my kids to learn to sing a lot of..."
business,2_Executive_Insights_Part_3_Growth_Hacking_-_beyond_digital_marketing,1,over_info,5,60.55,0.0,2,0,2,0,0,0,127.53999999999999,180.0,4,,"the most important thing growth hacking will give you is the ability to de-risk your investments, whether that's time, money, or resources. Sooner or later, you will run out of..."
business,2_How_to_Rise_to_the_Top_with_Trevor_McGregor,25,over_info,5,56.95,0.0,0,0,2,0,0,1,0.0,180.0,2,,"it? - Yeah, Google is your best friend. I mean, if you want to find anything I'm talking about whether it's a Tony Robbins quote, something about Joe Fairless, something about m..."
business,2_Insights_from_Rounds_1_and_2__28_April_2020,19,over_info,5,72.26761167227833,9.792300785634097,0,0,4,0,0,1,0.0,180.0,4,,"? Well, listening to you and Bruce, I'm reminded of a conversation I had during the week with one of the chief resilience officers in one of the cities who was saying that he wa..."
business,2__Better_Mental_Health___Claire_Farrar___Social_Through_Distance,13,over_info,5,70.75,1.2300000000000182,2,0,1,0,0,0,116.06050791916982,180.0,3,,", that answers a little bit twofold. One, for the immediate duration right now, um, knock on the fake wood on my table, we've all been healthy in our house right now. So everybo..."
business,31_-_Understanding_Estate_Planning_with_Attorney_Ella_Gentile,19,over_info,5,63.72,0.4800000000000182,0,0,0,0,0,1,0.0,0.6800000000001774,1,Stonewalling / Non-Response,. Yeah yeah you could you could certainly have a business succession plan where you talk about how you want the business to carry on and that these are the instructions that you...
business,31__A_Small_Business_Revolution_-_ASMM_Small_Business_Connections,23,over_info,5,62.42218939393939,22.16201136363611,1,0,3,0,0,0,153.54201136363622,180.0,5,,"? Well, that is correct. I mean, they're tied together, but not every business has the same inhibitors affect them and not every business has the same markers affect them. So re..."
business,34._Travelling_Is_My_Passion_So_I_Made_It_My_Career_With_Thyra__LivingInAbundance,13,over_info,5,78.46,0.38999999999998636,0,0,2,0,0,1,0.0,85.0100000000001,3,Stonewalling / Non-Response,does that work okay so we do get something called bid in so the way our rosters work is that every month we have like a window of about ten days I think it is where you can we h...
business,358._TWE_MasterClass_Nailing_the_Job_Interview,1,under_info,10,7.513499446290145,6.146018826135105,3,0,0,0,1,0,10.047268826135102,29.302641968863618,4,Topic Shift,"The Working Experience . The 93 North is almost out of stand still. You get so rough when out there this morning, snow and sleep. There is no service on there. Then clear of the..."
business,35_Pennsylvania_NewsMedia_Association_launches_new_site_that_aggregates_statewide_COVID-19_news_content,5,over_info,5,59.4,0.0,3,0,2,0,0,0,163.92962909090903,180.0,5,,"- You know, it's no different than anywhere else across the United States. The revenue declines of 60, 75% are very real, but on the flip side, the positive side is that the con..."
business,3_-_Discussing_the_NFT_Landscape_-_Devin_Finzer__Co-founder_and_CEO_of_Opensea.io,31,over_info,5,59.73,1.0599999999999454,0,0,0,0,1,1,0.0,16.97999999999979,1,Topic Shift,"well, we've taken a very horizontal approach to OpenSea, so we sort of span across all sorts of digital assets. We try to, because we've seen kind of other folks in the market,..."
business,3_-_Ridiculous_Restaurant_Registries,6,over_info,5,78.08,40.61405736409603,0,1,0,0,0,0,40.61405736409603,149.6225514771711,1,,It seems simpler with the the rationale behind it that that you alluded to Just contact trace the employees in the restaurant and let the patrons Opt in to be notified if one of...
business,3_Aaron_Brown_Risk_Management__Gambling_and_Wall_Street,16,over_info,5,75.83,2.2737367544323206e-13,0,0,1,0,0,1,0.0,180.0,1,,"happen. There are definitely a lot of different low probability, natural disasters, pandemics, and all of that, that by themselves are very low probability. But there are so man..."
business,3_Steps_To_Cut_Through_The_Noise_And_Build_REAL_Connection_On_Social_Media_with_Julia_Bramble,4,over_info,5,112.85,0.0,2,0,1,0,0,0,39.120000000000005,92.15444277738152,3,,this into context a little bit I think what you said at the beginning is so important kind of having the back of our minds and that is that if we are using social media just to...
business,3__Going_Back_to_Office_Smart_Restart,9,over_info,5,60.16,0.0,0,0,0,0,0,1,0.0,1.5,1,Stonewalling / Non-Response,? - Absolutely. It's shaping the future. I think what we're doing now and what we have been doing is shaping the future. It was interesting. I was on a webinar with friends and...
business,3__Going_Back_to_Office_Smart_Restart,14,over_info,5,113.09,0.0,0,0,1,0,0,1,0.0,180.0,1,,"Right. So your answer actually brings me to, it's a nice segue to the questions from Malachi and she's asking again, for the smart restart and going back to office, how will our..."
business,3__Michelle__What_Has_Been_Your_Experience_Creating_Virtual_Team_Building_Activities,19,over_info,5,67.08,0.0,0,0,5,1,0,1,0.0,178.7299999999998,7,,? One thing I'm looking forward to next is starting to look at building out those 90 minute small team interactions. And that could be in the form of a virtual scavenger hunt. O...
business,3__Michelle__What_Has_Been_Your_Experience_Creating_Virtual_Team_Building_Activities,23,over_info,5,67.06,11.342404894326819,0,0,2,0,0,1,0.0,103.37999999999988,3,,"I would say find a support group, create a support group to help each other and really find people to beta test with. That's really what I did first and getting started was I re..."
business,4._Linewidth_as_a_Critical_Parameter_for_Coherent_Communications_Systems,3,over_info,5,55.96,6.138922480620181,2,0,4,0,0,0,173.90374999999995,180.0,7,,"? Yeah, you can say that way. Basically, when the laser frequency is very pure, you see a single line in the spectrum. And then when there's a face noise, what happens is like t..."
business,4._Linewidth_as_a_Critical_Parameter_for_Coherent_Communications_Systems,11,over_info,5,68.33,0.0,2,0,2,0,0,0,73.64999999999998,156.71000000000004,5,,"Yes. So it's called the laser stimulated emission is so coherent. It's coherent in terms of direction, in terms of a phase and also in terms of frequency. So it's all in one dir..."
business,4._Linewidth_as_a_Critical_Parameter_for_Coherent_Communications_Systems,15,over_info,5,62.22,0.0,0,0,0,0,0,1,0.0,12.700000000000045,1,,"Yeah, I think there are two applications that are aligned with laser can be used the best. One is a long haul system doesn't really matter too much about a battery because long..."
business,40_New_Study_Reveals_Local_Media_Leaders_New_Normal_Predictions,13,over_info,5,74.19,0.6100000000001273,1,1,2,0,0,0,8.330000000000041,23.710000000000036,5,Stonewalling / Non-Response,study well the things that were I think more interesting and where there was more of a of a difference of of use between newspaper companies and the the broadcasters were around...
business,41._How_to_speak_on_stage_with_SIMONE_HENG,17,over_info,0,66.4,0.0,1,1,3,0,0,0,167.39999999999998,180.0,6,,"? The UN I did, and in Canada I did because it was my first time with a North American audience. And they had asked me to be funny and because of my radio background I can do hu..."
business,42__Appt_Health_with_Hector_Smethurst,23,over_info,5,71.3,0.0,0,0,0,0,1,1,0.0,26.34999999999991,1,Topic Shift,Yes there is there's a couple of systems that kind of use communications as a kind of core part of what they do about connecting members of clinical or administrative staff in c...
business,455__What_Its_Like_to_be_a_Foreign_Policy_Speechwriter_With_Andrew_Imbrie__Center_for_Security_and_Emerging_Technology__Main_T4C_Episode,26,over_info,5,59.85,0.0,1,0,1,0,0,0,79.53999999999996,180.0,3,,". And I couldn't agree with you more, Andrew, about the importance of simplicity and just an example from my own life when I was covering American foreign policy as a journalist..."
business,45_Erin_Sikopoulos_-_Turn_a_New_Leaf_Massage_and_Energy_Work,9,over_info,5,57.53320506575743,2.0580613735995996,0,0,0,0,1,1,0.0,6.298061373599609,1,Topic Shift,"and more esoteric sometimes . That really, really piqued my interest into learning more about the practice of gemstone energy medicine and just the specific way that gemstones a..."
business,46._The_Virtualization_of_M_A,53,over_info,5,82.0,0.5100000000002183,0,0,1,0,0,1,0.0,2.8400000000001455,2,Stonewalling / Non-Response,"agile? That's hard to say because I feel like I thrive in that environment. That's my passion. I love driving change. I think the way that you do that, especially in this enviro..."
business,46__Commercial_Real_Estate,1,over_info,5,54.32999999999999,0.0,1,0,1,0,0,0,0.001,34.579999999999984,3,Stonewalling / Non-Response,", John, in short, strikes and gutters. Some sectors like hotels, malls, movie theaters, bars and other non-essential retail have definitely been hit pretty hard over the past co..."
business,47_-_Tyler_McCune_discusses_approaching_each_challenge_as_a_unique_puzzle,3,over_info,5,61.39,1.2651776649746296,2,0,2,0,1,0,20.53,180.0,7,Topic Shift,"Yeah, so for me, it really comes down to freedom. And this is kind of a central theme of my life that I realized looking back and really a central theme of my business and sort..."
business,47__The_Time_is_Now_for_Digital_Selling_-_w__Devin_Long__Heineken_USA,11,over_info,5,66.31064296915838,5.916583899634134,2,0,1,0,0,0,101.15658389963414,171.29977103246915,3,,", and when we presented an inventory to them of the awareness of the lack of awareness of what we own and what we invest and the lack of assets, senior leadership was blown away..."
business,47__The_Time_is_Now_for_Digital_Selling_-_w__Devin_Long__Heineken_USA,19,over_info,5,56.88954215384614,12.927332923077074,2,0,1,0,0,0,172.9073329230771,180.0,3,,"Yeah, yeah. A couple things. I was fortunate enough after I left Nielsen out of my last roles in product leadership and I had an opportunity to run a technology company, the one..."
business,48._Weathering_COVID-19__UFC_s_Return_with_COO_Lawrence_Epstein,19,over_info,5,59.06,0.0,4,0,3,0,0,0,176.3499999999999,180.0,7,,"Yeah, there's no doubt that that was a concern of ours from day one. You know, we were never going to take away a test that, you know, a healthcare worker needed or a first resp..."
business,490_-_The_Company_You_Keep,5,over_info,5,78.21,0.0,1,0,5,1,0,0,176.03,180.0,7,,So there's a few things that a small business owner should be looking at first when it comes to the link building aspect of SEO. The first thing that we coach people through is...
business,4_Steps_to_Effectively_Pivot_your_Business_with_Jenny_Blake,35,over_info,5,64.08,0.0,1,0,3,0,0,0,0.001,180.0,5,,"Yeah. So launch is basically how do you know when you're ready to go all in? And as I described earlier, even since the book came out, I realized the little launch is just even..."
business,5._Journeys_In_Health_-_Conversation_With_A_Nutrition_Coach__Tina-_The_Better_Half_-Grone,25,over_info,5,57.3,0.0,2,0,3,0,0,0,83.0300000000002,105.09000000000015,7,Stonewalling / Non-Response,"just knowing that changes upon them. Knowing that, okay, it's January. I have a PCS date for May. So right away, their brain doesn't go towards creative and, you know, jumping a..."
business,50_1st_Impression_Score,12,over_info,5,55.339999999999996,0.0,0,0,1,0,0,1,0.0,180.0,2,,"ever. Well, in a world where the key to getting occupancy and travelers in through your doors is really circled around consumer confidence and comfort level, what better way to..."
business,510_Emotional_Transformation__Entrepreneur_Cordelia_Gaffar_on_How_to_Replenish_Your_Heart__Mind_and_Body,13,over_info,5,61.81,11.652713666797808,0,0,2,0,0,1,0.0,180.0,2,,". Yeah, I really call this the great stillness, you know, to absolutely to your point, a lot of people. And again, it could be personality types. You know, a lot of people are m..."
business,512_Building_for_Scale__Entrepreneur_Sophia_Sunwoo_on_Impact_Mission,15,over_info,5,58.1,0.0,0,0,1,0,0,1,0.0,89.8956498731427,1,,". Yeah. And I've been, I'm obviously very, very sad for everything that's happening to a lot of industries during coronavirus. But if I'm in the mindset of go get our business l..."
business,512_Building_for_Scale__Entrepreneur_Sophia_Sunwoo_on_Impact_Mission,29,over_info,5,68.76,1.419999999999618,2,0,3,0,0,0,160.51999999999998,180.0,6,,"100%. I mean, I think for me, what's been really helpful is suggest look for those coaches and programs and courses that provide that specific kind of taster. And I also think t..."
business,52__Xan_Barksdale_REVEALS_HIS_SECRET_How_to_succeed_in_business_even_when_you_are_a_new,47,over_info,0,60.95,2.2737367544323206e-13,2,0,2,0,0,0,60.600000000000136,180.0,5,,"I would say when I first kind of started the the baseball instruction was very new. So I think I created my YouTube channel in 2009, which or 2008 or 2009, which seems like a lo..."
business,52__Xan_Barksdale_REVEALS_HIS_SECRET_How_to_succeed_in_business_even_when_you_are_a_new,65,over_info,4,110.15,0.6600000000003092,2,2,4,0,0,0,72.0,180.0,8,,"think it's different for everybody. I really do, you know, and I think part of it depends on if you have a regular nine to five job and you work 40 hours a week, maybe that's no..."
business,537__Nicole_McGuire__Design___Build___Property_Development,77,over_info,5,58.544874724133464,18.150519319114665,1,0,3,0,0,0,18.150519319114665,180.0,4,,"matter the size of the job, it is hard to charge to, to calculate or project how many hours you will have on that site. Okay. Sometimes we come out heavy and it was a very quick..."
business,53_Restaurants_are_key_to_our_communities_with_Robert_Hall__President_Innovative_Hospitality_Group-Spice_of_Life_at_Innovative_Hospitality_Group__LLC,12,over_info,5,62.61,0.5500000000000682,0,0,1,0,0,1,0.0,180.0,1,,". - Now we actually, you take us into the next thing as well, but how does actually this future landscape look? Because there's no doubt about, you know, I've talked with a coup..."
business,59__Confidence___Failure,28,over_info,0,90.88000000000001,0.4600000000000364,0,0,0,0,0,1,0.0,1.5,1,Stonewalling / Non-Response,"Oh, I love that. I love that. And for me, I always refer to it as kind of like playing games in my mind, you know, like, am I gonna stop? Am I gonna quit? And I've told this sto..."
business,5_-_Standardized_College_Admissions_Tests,34,over_info,5,62.824112035496384,89.81875716294053,0,0,0,0,0,1,0.0,89.81875716294053,0,,this really isn't a relevant point to the standardized testing and all in the manipulation of it But it is a it is an insight that just occurs to me based on what you just got t...
business,5_-_Steve_Swanson_-_Disrupting_Industries,59,over_info,5,75.67,0.6999999999998181,2,0,4,0,0,0,86.11000000000013,180.0,6,,"well, I'm not going to be a professional. I was thinking, well, I'm not going to be a professional. I was thinking, well, I'm not going to be a professional. I was thinking, wel..."
business,5_Building_Blocks_For_Brands_That_Stick_with_Michele_Riggio_Founder-MLR_Communication__INSPIREflies,5,over_info,5,110.59,0.0,1,0,2,0,0,0,55.32000000000002,180.0,4,,", Michelle? Sure. I mean, if you think about the brands that we are loyal to, whether they be brick and mortar brands or brands that we're patroning through e-commerce, where we..."
business,5__Stephan_Livera-__Hard_and_Sound_Money_Standard,21,over_info,0,209.3654779969651,1.7367204097113245,1,0,0,0,0,0,1.7367204097113245,12.866720409711434,2,Stonewalling / Non-Response,". So look, it's, I think of it more like there will be some social unrest and things that happen in this transition period in terms of people losing jobs. And the difficulty I s..."
business,602__Have_You_Built_a_Lead_Traffic_System,24,under_info,10,3.9165899581589962,13.522538221701552,0,0,1,0,1,1,0.0,45.22381444944858,2,Topic Shift,"do. That's what you do. Right there. Okay. That's a great goal is say, I'm going to pretend like I'm going into my market new. Nobody knows me. Nobody knows me. Oh, that's a gre..."
business,605__When_Finance_Sings_a_New_Tune___John_Cappadona__CFO__School_of_Rock,27,over_info,5,66.48,1.5856054931336985,2,0,2,0,0,0,52.22000000000003,180.0,4,,", so the other thing we're looking at, Jack, especially right now is our lesson count. So, and I don't know if we're going to get into this, but, you know, right now, today, we..."
business,61__Working_in_flow_with_your_cycle_with_Claire_Baker,40,over_info,5,53.26,,0,0,0,0,0,1,0.0,0.0,0,,"And of course, you've got a book coming up and that will be released in July. So exactly. Yeah, and you can pre order that order that wherever you would normally buy books from...."
business,63_-_A_behind_the_scenes_look_at_Tommy_s_first_book,12,over_info,5,53.44,0.9599999999999227,1,0,2,0,0,0,100.88,156.20999999999992,4,Stonewalling / Non-Response,"Yeah, I appreciate the length of time in that journey and in that story, because I think right now, a lot of personal growth, professional development types of books and topics,..."
business,68__Self-care_in_Support_with_Ryan_Klausner,6,over_info,5,76.44,,0,0,0,0,0,1,0.0,0.0,0,,"'s really a couple of parts to this, isn't there? There is the confidence to be able to step away and take the rest and the break that you need if you really need that rest and..."
business,69_What_do_we_mean_by_Fire_Safety,3,over_info,5,84.49,0.0,0,0,3,0,0,1,0.0,180.0,4,,", I mean, since many, many years, I would say, for decades, we are much more look in a holistic way on it. So it's definitely detection. It's also extinguishing. It's also speci..."
business,69__A_Surprising___Refreshing_Approach_To_Sales_Conversations,2,over_info,5,56.2,2.7270804438279583,0,1,6,0,0,0,2.7270804438279583,180.0,8,,". Well, thank you again for having me and the admiration goes both ways. I admire you so much and I'm delighted to be part of your fantastic event. So thank you. In terms of my..."
business,6_Software_Startup_Genius_Baird_Hall_Talks_About_His_Journey_to__100K_Monthly_Revenue__Plus_Cold_Emailing,7,over_info,5,77.31,35.13503871555446,0,0,2,0,0,1,0.0,180.0,2,,", I think I Think when I was getting an entrepreneurship and I think a lot of others probably struggle with this too There's so much pressure on that first idea of that first th..."
business,6__Healthy_engagement_at_work,7,over_info,5,75.33,0.01007843137256259,2,0,1,0,0,0,154.64,180.0,3,,"experience? I think for me, I mean, a lot of companies and this engagement topic is a key one, especially in the people, the HR world. We all want our employees to be engaged an..."
business,7._Justin_Mares___Kettle___Fire__bone_broth,45,over_info,5,104.67,0.5199999999999818,2,0,2,0,0,0,170.90091925900015,180.0,5,,"think that the best advice is always, it's always personal and it's always relates to where you are at a given point in time. And so for me, I think what was most impactful is I..."
business,711__Start_With_Why_and_Build_Your_Interview-Based_7_Hour_Book_with_Nick_Raithel,9,over_info,5,74.51,0.0,1,0,3,0,0,0,0.001,180.0,4,,you could go about doing it. One of the ways that I would recommend tying it back to that why is what are you looking to achieve specifically through a book? And of the things t...
business,711__Start_With_Why_and_Build_Your_Interview-Based_7_Hour_Book_with_Nick_Raithel,17,over_info,5,90.79,0.0,0,0,2,0,0,1,0.0,180.0,2,,"could certainly use it if you wanted to, depending on how thick your book was, particularly if it's hardcover for literal self-defense. But the context we're talking about in a..."
business,71_How_to_buy_Real_Estate_in_Lugano_and_Ticino__Switzerland_as_a_foreigner_with_Viola_Benasso,49,over_info,5,53.14,0.37000000000011823,0,0,1,0,0,1,0.0,31.43000000000029,2,Stonewalling / Non-Response,that's true but I I think that's because it's connected to the fact that that I was talking before there are no no companies giving this service in Italy or it's uh it's full of...
business,71_Nick_Floro_on_the_Future_of_eLearning_Off-the-Cuff,5,over_info,5,54.92,2.842170943040401e-14,2,0,2,0,0,0,101.28999999999999,180.0,4,,"to think about it. I think that, again, like the first thing we should always do when we think about this is look at, you know, who our audience is and what they actually need...."
business,72__Micromobility__pricing__politics_and_Friedrich_Hayek,2,over_info,5,58.84,0.3199999999999932,0,0,1,0,0,1,0.0,74.69,2,Stonewalling / Non-Response,", and I want to give the slightly bit of a context, which is that, you know, I think, you know, during this COVID period and the current kind of economic collapse, I've been rea..."
business,75._Overstock.coms_Kate_Soffe_on_the_ECRM_Virtual_Session_Experience,19,over_info,0,73.82,0.0,2,0,5,0,0,0,26.569999999999936,135.2299999999999,8,,"? I loved having a lot of detail so that they just answered my questions as they went through their entire presentation. I didn't have to, at the end of some, they would be pret..."
business,750_million_GONE__w._Oren_Klaff,31,over_info,5,164.52,0.43000000000029104,0,0,0,0,1,1,0.0,31.38000000000011,1,Topic Shift,"Yeah. So I think this boils down into the intrigue frame. Most people who are entrepreneurs, managing good companies, CFO, and they're in this analyst frame or this analyst mind..."
business,7_-_Freelancing_and_starting_your_own_company_with_Katia_Stambolieva,29,over_info,5,58.53,1.0299999999999727,4,1,3,0,0,0,161.83000000000015,180.0,8,,"to have at least first in the last meeting in person. Because it's very, so human contact is still very important. Nowadays with the pandemic we are in, this is impossible, whic..."
business,7_-_Freelancing_and_starting_your_own_company_with_Katia_Stambolieva,37,over_info,5,67.28,0.7999999999997272,2,0,3,0,0,0,128.55999999999972,180.0,6,,"Oh, but we are not using computer vision at the moment. There's a lot of research on understanding satellite images with machine learning, which is not computer vision. And with..."
business,7_-_Freelancing_and_starting_your_own_company_with_Katia_Stambolieva,39,over_info,5,65.47,4.672975871314293,2,0,5,0,0,0,149.93000000000006,180.0,8,,"So we did not know, but there are some courses online that you can do. And I've done one which is called Earth Observation. So Earth Observation is the, let's say the field in w..."
business,7_Ways_to_Sabotage_Your_Financial_Future,7,over_info,5,81.72,0.0,1,0,2,0,0,0,0.001,180.0,4,,"many people believe that most, if not all financial problems, could be solved with just more money. But the problem is if we always match higher expenses to that higher level of..."
business,7__Kamran_Bokhari_on_the_Evolution_of_Geopolitics__the_Possibility_of_a_New_Caliphate__and_Islam_s_Globalization,15,over_info,5,62.65,0.9900000000002365,0,0,0,0,1,1,0.0,3.5900000000001455,1,Topic Shift,", look, I mean, those trends exist. They're powerful trends. But while they're powerful and when I say powerful, I think I should use the word popular. They're very popular. The..."
business,7__Kamran_Bokhari_on_the_Evolution_of_Geopolitics__the_Possibility_of_a_New_Caliphate__and_Islam_s_Globalization,21,over_info,5,52.35,4.547473508864641e-13,0,0,2,0,0,1,0.0,125.37999999999965,3,,"that the two, I wouldn't leave them out per se. I would just say that they're not effective. I would say one is Tajikistan because it's kind of like a narco state. There's nothi..."
business,7__Quick_Hitter_-_How_to_Quadruple_Your_Sales_by_Asking_the_Right_Questions,16,over_info,5,95.57,5.684341886080802e-14,2,0,2,0,0,0,178.25,180.0,4,,"neither here nor there. Like when you get, when you're an influential leader and you get your followers so jacked up about chocolate muffins, they'll run through a brick wall fo..."
business,7__Quick_Hitter_-_How_to_Quadruple_Your_Sales_by_Asking_the_Right_Questions,32,over_info,0,55.03173809005872,19.8908962366761,0,0,2,0,0,1,0.0,165.4308962366763,2,,"Kyle. Absolutely. And I think one of those things as well as far as you're asking all these questions, a lot of stuff will come up. We'll figure out they may have a wife, husban..."
business,805_-_Affiliate_Marketing_and_Humanizing_Relationships_with_Miles_Beckler,7,over_info,5,74.63,29.05148587337601,0,0,1,0,0,1,0.0,180.0,1,,", absolutely. I mean, for me, it's always again, I try to mix in certain products and services in my business. And one of which I'm actually running, I like to run experiments,..."
business,80__What_The_Boss_Needs_to_Know_About_the_Post-COVID-19_Workplace_-_with_Yolanda_Hunter,13,over_info,4,253.2237617748682,11.53586470267328,2,0,1,0,0,0,172.29586470267327,180.0,3,,"? You know, Matt, that's a very interesting question. And I'm going to break that up into two parts. Not 11 was just, I remember it as if it was yesterday , and it was devastati..."
business,81.__KyleTalksAgTech__Strong_Data_through_Artemis___Strong_Leadership_through_COVID-19_w__Allison_Kopf,20,over_info,5,57.93999999999999,42.049298259369834,0,0,1,0,0,1,0.0,180.0,2,,"Yeah. Yeah, I mean, it's such a good point. And it's going to be such an important part of the landscape in the future. Because when you look at what this new technology and the..."
business,82_Bastien_Sachet__how_Nestle_and_Ferrero_are_decommodifying_their_supply_chains,58,over_info,5,52.78,0.5099999999997635,0,0,4,0,0,1,0.0,180.0,4,,"that was a huge, or is still, they're working on it, a huge negative impact on the supply chain of HMM, which probably they never even knew, and because nobody went there and as..."
business,8__Being_the_best_version_of_yourself_with_Vicki_Marks,11,over_info,5,52.98,0.0,0,0,3,0,0,1,0.0,180.0,4,,own business I think um getting life balanced I think is my toughest thing and I think actually lockdown has almost given me an opportunity to re re look at my life balance and...
business,8__Luca_Albertini__Leadenhall_Capital_Partners__May_2020_-_on_ILS__cat_bonds__reinsurance_and_Covid-19,15,over_info,4,72.04167655952516,13.271739085640775,2,0,2,0,0,0,92.50929555381322,180.0,4,,the the increase now where the the border between how the infirming is you know is uh i think it depends on a layer by layer inclined like line but uh you know we are seeing the...
business,9_-_An_introduction_to_the_new_energy_efficiency_regulations_for_let_houses_in_Scotland,3,over_info,5,63.236673011556775,5.75735010197144,2,0,2,0,0,0,123.22735010197144,180.0,4,,they're called the Energy Efficiency Domestic Private Rented Property Scotland Regulations 2020 and they introduce a series of deadline dates after which landlords cannot let a...
business,9_-_An_introduction_to_the_new_energy_efficiency_regulations_for_let_houses_in_Scotland,13,over_info,5,54.05,0.0,2,0,2,0,0,0,110.40999999999997,180.0,4,,potentially and it's something landlords have got to be alert to I think the point to remember here is that you can go and get an advisory or voluntary EPC for information purpo...
business,ABFJ_Podcast__Addressing_the_ABL_Talent_Shortage,17,over_info,5,59.04,1.5199999999999818,2,0,2,0,0,0,86.61000000000001,180.0,4,,". So we're saying, so I think before the pandemic, I would say that the ABL industry was affected by the fact that we just strong accountants for the last 10 years, you had seen..."
business,AGL_158__Innovation_with_John_Ferris,13,over_info,0,104.59999999999998,1.1368683772161603e-13,0,0,5,0,0,1,0.0,180.0,5,,", then they're going to really get mixed messages and say, ""Well, hey, if you're going to do the work, then I'll just let you do it and I'll do something else."" So having that m..."
business,AMA_Outlines_Privacy_Principles_for_Health_Data,11,over_info,5,59.41,0.32999999999992724,1,0,1,0,0,0,0.32999999999992724,81.03999999999996,3,Stonewalling / Non-Response,"? Well, we don't speak to specific technologies in our principles. There are a few things that are worth pointing out when considering security controls. So first, our principle..."
business,ANGELS_AMONG_US___Warrior_Week__Parables_From_the_Pit___EP_091,21,over_info,5,65.5,0.0,0,0,1,0,0,1,0.0,124.57999999999993,1,,"I think, what are you doing to make sure that you have the strongest connection with the voice possible? And what are you doing to know, to actually turn it into, and from maybe..."
business,ANN_MIURA-KO_-_VC_at_Floodgate__Lyft__Refinery29__and_more,15,over_info,5,65.75,0.5500000000000114,4,0,4,0,0,0,132.19,159.82,8,,"into? - It's actually just sort of exploring different parts of curiosity. So, you know, for me, I've actually always been a pianist. And so now I'm just sort of brushing up on..."
business,AST_as_the_Key_to_DevSecOps_Maturity,5,over_info,5,62.69,0.0,2,0,5,1,0,0,77.72999999999999,180.0,8,,"of automation? Automation is kind of what I talk about most. And we kind of take a step back to think about that. Legacy software development was, you know, if you go out and Go..."
business,AST_as_the_Key_to_DevSecOps_Maturity,13,over_info,5,67.76,0.0,1,0,1,0,1,0,0.001,37.379999999999995,3,Topic Shift,". I also give a lot of presentations and talks at major conferences, lunch and learns, all these type of things with my customers and industry professionals. The biggest thing t..."
business,A_Case_for_Network_Marketing,3,over_info,5,85.37,0.8300000000000409,0,0,2,0,0,1,0.0,145.15000000000003,3,Stonewalling / Non-Response,"? - When you look at say like a traditional business and again, we built both a network marketing business and a traditional business and I kind of have an idea or a grasp of bo..."
business,A_Conversation_on_GROWMARK_s_Return_to_Office_Planning,27,over_info,5,53.4,0.8299999999999272,3,0,2,0,0,0,124.98570422535226,180.0,5,,"health? The building department overall, the monitors or makes those determination on visitors. Visitors are not allowed presently. Now, we've got a defined visitor, a little bi..."
business,A_Conversation_with_Didi_Bertrand_farmer_-_Founder_of_the_Women_and_Girls_Initiative,9,over_info,5,63.25,2.3600000000000136,1,0,3,0,0,0,2.3600000000000136,180.0,5,,"upbringing in Haiti, I can say, taught me how structural factors such as social inequalities, poverty, access and opportunities, gender and race, to name a few, could shape one'..."
business,A_Conversation_with_Didi_Bertrand_farmer_-_Founder_of_the_Women_and_Girls_Initiative,43,over_info,5,65.84,0.0,1,0,3,0,0,0,107.11999999999989,180.0,4,,"I think the, I can say that it's mostly, you know, access to adequate services, because as I said, health services in Haiti are severely underfunded and mental health does not r..."
business,A_Gift_Of_Time_-_Astawa_Alam,17,over_info,0,96.70000000000002,23.04204799999991,1,0,1,0,0,0,23.04204799999991,180.0,2,,"say first and foremost, don't worry about your gut. We're all going to come out of this with no six facts, no ads or anything. So don't worry about that. Something I would say t..."
business,A_Kiwi_Original_-_Greg_Holland_Jewellery_018,37,over_info,5,56.91,33.300125875656704,0,0,2,0,0,1,0.0,180.0,2,,"on? Well, I think if you can survive lockdown with your partner, then you're probably on the right track. I do feel for people who are wanting to look for an engagement ring but..."
business,A_Pan-African_Prof_Makes_Pots___Kabir_Syed___Episode_633,13,over_info,5,56.74000000000001,0.7100000000000364,0,0,0,0,0,1,0.0,0.8500000000000227,1,Stonewalling / Non-Response,"about? So Pan-African studies is really the, um, it's looking at the African diaspora. So it looks at the continent of Africa itself, but then everywhere that Africans have gone..."
business,A_Pan-African_Prof_Makes_Pots___Kabir_Syed___Episode_633,71,over_info,5,77.15,1.8800000000001091,1,0,1,0,1,0,1.8800000000001091,111.41900662251646,3,Topic Shift,"'s work? So yeah, he made some really controversial pieces like Hitler teapot and some other really politically charged work. But he also did a series of skateboard decks made o..."
business,A_Pan-African_Prof_Makes_Pots___Kabir_Syed___Episode_633,79,over_info,5,77.85,0.9400000000000546,0,0,0,0,0,1,0.0,1.4400000000000546,1,Stonewalling / Non-Response,"course? So that's a really tough question. I mean, I had this discussion with a lot of potters over the years. And I'll give you both ends of the spectrum. So I remember doing a..."
business,A_Turtle_Doesn_t_Get_To_The_Top_of_A_Fence_Post_By_Itself_with_Jess_King,29,over_info,0,297.05,0.45000000000027285,0,0,0,0,0,1,0.0,1.1400000000003274,1,Stonewalling / Non-Response,", let's follow what it is. The most traumatic experience of my whole life. Yes. Yes, definitely. I didn't realize it at the time. You know, I had a lot invested in my so you do..."
business,A_detailed_discussion_with_MBE_Tom_Bloxham_on_his_journey_to_date_with_modular_and_what_Urban_Splash_are_doing_in_these_uncertain_times,31,over_info,0,111.83,0.0,2,0,1,0,0,0,165.87999999999988,180.0,3,,"interesting. When I came to Manchester in 1980, I think a couple hundred people live in the city centre. Nobody wants to be in the city centre. The shutters came down. When we f..."
business,A_perplexing_acronym__and_who_Elon_is_quarreling_with,26,over_info,5,66.7932290585619,0.6521527057078629,1,0,1,0,0,0,0.6521527057078629,180.0,2,,"have you got ? Well, there's plenty to choose from across the three major types of investment vehicle, the ETF, the Exchange Traded Fund, the Investment Trust and the Managed Fu..."
business,Accessibility___Beyond,8,over_info,5,59.68586532410321,37.519737366217214,0,0,2,0,0,1,0.0,180.0,2,,", totally true. I think accessibility, when we talk of accessibility in terms of web, it's altogether a different set of topic. Whereas accessibility in general can comprise to..."
business,Accessibility___Beyond,10,over_info,5,88.54,35.4397776421938,1,0,1,0,0,0,148.75,180.0,2,,". Yeah, sure. Yeah, I think being a web dev, I can say that there are a lot of tools available already that developers can use and make their websites accessible. For example, r..."
business,Adapting___Innovating_During_The_Shift_with_Colton_Lindsay__CEO_of_The_WGR_Real_Estate_Sales_Team,94,over_info,5,63.75,3.910276520864045,1,0,5,0,0,0,172.19999999999982,180.0,7,,"Reserve. So my opinion is, is ultimately the dollar is a function of people's belief system in it. It is their belief in the dollar that makes it worth what it is. And I believe..."
business,After_the_Pandemic__The_Future_of_Financial_Regulation_with_UK_Financial_Conduct_Authority_Interim_CEO_Christopher_Woolard,9,over_info,5,64.92,56.01225284471957,0,0,0,0,0,1,0.0,56.01225284471957,0,,"Yeah, actually, I would like to talk about how you're looking at that medium and longer term. And including for that, I think one of the things that has been so striking in this..."
business,Agriculture_in_school_curriculum_with_Kerry_Allen__Secretary___Treasurer__Horticulture___Agriculture_Teachers_Association,9,over_info,5,61.47,0.9399999999999977,1,0,2,0,0,0,0.9399999999999977,180.0,5,,"Yes, we don't have any funding really for Ag and Hort education in terms of schools from really any of the governmental agencies. So we don't, we're not in the New Zealand curri..."
business,AirPods_aren_t_worth_the_money_--_here_are_some_surprisingly_cheap_alternatives,65,over_info,5,53.75999999999999,0.0,0,1,3,0,0,0,143.4000000000001,180.0,4,,I have to so the first one is actually I'm going to say this is even more important than audio and that because it's a bigger investment and that is home exercise equipment. We'...
business,Airlines_and_Aviation__Fly_Much__Now__Not_So_Much,13,over_info,4,59.96000000000001,4.626659356725156,0,0,4,0,0,1,0.0,180.0,4,,Yeah. So the United States has been incredibly accommodating for the airline industry. It's very similar to what they did after 9/11 with the HESB. They have provided both outri...
business,Airlines_and_Aviation__Fly_Much__Now__Not_So_Much,19,over_info,5,52.56,0.0,0,0,0,0,1,1,0.0,18.649999999999977,1,Topic Shift,"? The CARES Act already provides for some of that and is making sure that certain routes stay in service. But if the size of the airline is going to reduce, if there's going to..."
business,Alan_Alda__Actor__Director__Author__Communications_guru,40,over_info,5,65.67,0.0,1,0,2,0,0,0,27.580000000000155,44.5,4,Stonewalling / Non-Response,I know you've mentioned in the past that one of the things you did during the set of MASH is you made it a priority. You and your fellow cast members to get together in between...
business,Amazon__Past__Present_and_Future,4,over_info,5,65.77937535653166,2.9595650313747797,3,0,3,0,0,0,124.25956503137479,180.0,6,,"yeah , yeah, yeah. I won't be as happy, but yeah , it would be as happy. So back in, and I think we recorded the show back in November and at the time, Amazon November, maybe it..."
business,Amazons_Ronaldo_Mouchawar_on_charting_growth_in_a_crisis,15,over_info,5,61.88,0.5299999999999727,0,0,2,0,1,1,0.0,47.39999999999998,3,Topic Shift,? - So I named like the all the decent-facting home cleaning category a grocery in particularly in this part of the region was probably underdeveloped in terms of the share of c...
business,An_Enterprise_Look_at_AI_in_Logistics_-_with_Tim_Gagnon_of_CH_Robinson,1,over_info,5,144.56,0.0,1,0,1,0,0,0,0.001,180.0,2,,">> Yeah, it's a great question, mostly because it's such a diverse landscape of companies and there's places across logistics and supply chain and the work we do largely around..."
business,An_Interview_with_Chris_Laythe__Licensed_Clinical_Social_Worker__and_how_she_supports_Adult_Males_who_are_Returning_Citizens,5,over_info,5,73.34,4.7560325203252205,1,0,3,0,0,0,4.7560325203252205,180.0,4,,"Well, that's a registry that guys, not all people that commit sexual crimes, depending on their offense, they have to register. And then it depends. There's different tiers as f..."
business,Anatoly_Mezhov_on_Constructing_You,71,over_info,5,54.43,0.0,3,0,5,0,0,0,128.6400000000001,169.01999999999998,8,,"No, I haven't really because when I present some new ideas to the people, the ideas that I present, I guess sort of resonate in terms of the underlying ethos of what they are. A..."
business,Andrew_E._Chrostowski__Chairman_of_the_Board_and_Acting_CEO__RealWear,26,over_info,5,58.28000000000001,13.923957377933675,0,0,2,0,0,1,0.0,180.0,3,,"Yeah, that's, you know, I think that some people too need the structure of an office in order to thrive. It takes a certain individual to be able to work autonomously or semi-au..."
business,Anita_Pagliasso-_How_PATH_is_helping_its_members_cope_with_COVID,27,over_info,5,69.11,3.0059026028548033,0,0,6,1,0,1,0.0,180.0,7,,". - Yeah, one of the things, and I know we'll probably talk about when I have merged with a very large agency, KHM, one of the things that I wanted to have happen for my agents,..."
business,Ann_Winblad_Managing_Director_Hummer_Winblad_Venture_Partners_on_Covid-19_crisis_for_startups,15,over_info,0,87.18791849954079,61.529559626818696,0,0,0,0,0,1,0.0,61.529559626818696,0,,"we look at the investment data over the last few years, last year and the year before were huge numbers and much of that money was invested in the Bay Area. However, the number..."
business,Antehelmintic_resistance_in_beef_cattle,5,over_info,4,90.08,2.842170943040401e-14,2,0,2,0,0,0,162.08000000000004,180.0,4,,">> Well, refugia is a really important concept because it's going to help us hopefully slow resistance down. So I talk about good worms and bad worms, which might seem a little..."
business,Anthony_Carlson__Lead_Application_Developer_at_Farm_Credit_Services_of_America,23,over_info,5,60.06,0.9099999999998545,2,0,1,1,1,0,118.22000000000003,130.32999999999993,5,Topic Shift,". Uh, I'm pretty sure, uh, uh, there's probably some type of, uh, emotional, technical, uh, counselor out there now just to help people with all of that's coming at me. Uh, you..."
business,Anthony_Carlson__Lead_Application_Developer_at_Farm_Credit_Services_of_America,25,over_info,5,106.83,0.6400000000001,1,0,0,1,1,0,0.6400000000001,12.75,3,Topic Shift,". Uh, no, I mean, that, that's a, that's a great question. Uh, about how does someone's, how does someone stand out so you can get a, a interview, a position right there? So. Th..."
business,Anthony_Sbarra,3,over_info,5,68.1,0.0,2,0,2,0,0,0,167.64,180.0,4,,"Would you do them everywhere? - I do them, well, asbestos cases by their nature are national, but I'm admitted to practice in the state and federal courts of the Massachusetts,..."
business,Anthony_Sbarra,13,over_info,5,52.59,0.0,2,0,2,0,0,0,41.706797966962995,180.0,4,,"- Unknown, our governor just issued a four phase reopening plan that's supposed to start on the 18th, but it's very dependent on data. He's basically told us through the press r..."
business,Antitrust__M_A_and_Big_Tech__Thou_Dost_Conspire_Against_Thy_Friend,19,over_info,5,62.56,0.0,1,0,1,0,0,0,0.001,180.0,3,,"- My philosophy, and this just applies whether we're talking good times or bad, is that whenever you're contemplating a strategic merger that's going to involve some degree of a..."
business,Are_Facebook_and_Instagram_Ads_Right_For_You,11,over_info,5,54.92,2.2565295629820525,1,0,2,0,0,0,32.02000000000004,180.0,5,,'s less intent-based because you are interrupting somebody's feed. But I'd say that particularly Instagram has become almost a replacement for kind of traditional magazine adver...
business,Are_production_numbers_lagging_or_leading_the_freight_markets_recovery,3,over_info,5,65.75272556118755,2.604651701665432,0,0,1,0,0,1,0.0,115.74785884884898,1,,any freight? Just because they're not going to be able to get in and out. But also is demand down. And I think that's a viable conversation to have at this point in time. How mu...
business,Are_you_creative__Why_Ive_resisted_this_term_for_so_long__assuming_it_doesnt_apply_to_me,18,over_info,5,79.86,4.33484424121184,0,1,0,1,0,0,36.41000000000008,101.20000000000005,4,Stonewalling / Non-Response,". >> Yeah. >> One other article that I found on creativity, we will share the link in the show notes, but it had three pieces. And I want to comment on each of the three, becaus..."
business,Are_you_suffering_from_Profit_FOMO__-_MDL_Episode_98,17,under_info,10,0.8399999999999999,1.160000000000025,1,0,7,0,0,0,38.89280779944289,152.98,8,,-- - Long maintenance tends to have lower profit margins than landscaping
business,Art_of_Conversation_LIVE-_Episode_9_-_Colin_Whipp_-_Head_of_Account_Management_-_Access_Recruitment,5,over_info,5,63.55,8.020358588779644,0,0,2,0,0,1,0.0,156.39999999999998,5,Stonewalling / Non-Response,"bit of both actually. We've obviously been in a constant dialogue with the client base since lockdown began. And I noticed very early on, it was very much a survival mode for mo..."
business,Assembling_a_And_Addressing_a_The_Building_Blocks_Of_ID_Verification,15,over_info,5,62.25,0.0,0,0,0,0,1,1,0.0,19.779999999999973,1,Topic Shift,"Yeah, many complex nuance and very I mean I do see that there are Definitely a necessity to to to be able to do that. I think that as people So much so much data has been compro..."
business,Augmented_Intelligence_with_AI_in_Manufacturing_-_Paul_Boris,2,over_info,5,59.32,32.608380140421275,0,0,3,0,0,1,0.0,180.0,3,,"you there. - Yeah, great having you here. So Paul, I'm really excited to be speaking to you today. IoT deployments have gone up year over year with a projected number of 20.4 bi..."
business,Auth0_Extensibility_in_Identity,5,over_info,5,61.93999999999999,0.36000000000001364,0,0,0,0,1,1,0.0,35.73000000000002,1,Topic Shift,"geometry? Computational geometry is that part of computer science that deals with using geometry for specific tasks. In particular, in my case, it was for representing Terrence...."
business,Auth0_Extensibility_in_Identity,12,over_info,5,61.2,0.0,0,0,1,0,0,1,0.0,180.0,1,,", I think that's great and I think you really unpacked a lot of why digital identity is the critical fabric of the modern enterprise, I guess, for lack of a better term. You've..."
business,Author_of_Entrepreneurial_Leadership_and_Chairman_of_JetBlue_Airways_-_Joel_Peterson,48,over_info,5,58.86,0.0,0,0,0,0,1,1,0.0,35.40000000000009,1,Topic Shift,think they're kind of two things. One is start with humility and realize that you probably aren't as trustworthy as you think you are. There's a point in time where you might do...
business,Autonomous_vehicle_technology_in_the_trucking_industry_-__FWLive___Home,1,over_info,5,66.66,0.9199999999999875,0,0,3,0,0,1,0.0,180.0,3,,"this time, the J-side Pidnéic, products lead at Waymo via a joint. Jase, thanks so much for being here. Thanks for having me, JP, really excited about the conversation. Yeah, so..."
business,B2B_Demand_Generation_for_Science_Companies,31,over_info,5,70.96,0.8300000000001546,1,0,3,0,1,0,38.07999999999993,105.63999999999987,5,Topic Shift,"question. I don't get anything. I try and remove all friction because in content marketing, you have to decide what your goal is. I posted about this today. Is your goal to coll..."
business,BE_Coachable_Caylee_Auge_Interview,14,over_info,4,61.52037190742219,57.97636870632846,0,0,0,0,0,1,0.0,57.97636870632846,0,,"Yeah . Oh my gosh, so good. Wow. Okay. So I'm going to talk about this. I put down in order to be a great leader, you have to be coachable. So I put step one and kind of going b..."
business,BGBS_025__Alec_Stern___Constant_Contact___I_m_Not_a_Quitter,20,over_info,4,109.25,0.849999999999909,2,0,2,0,0,0,132.2900000000002,180.0,4,,"you? - Yeah, sorry. It's interesting 'cause I saw how hard my dad worked. And he wasn't really present in the family. And I thought to myself, I don't wanna go into business bec..."
business,BGBS_025__Alec_Stern___Constant_Contact___I_m_Not_a_Quitter,36,over_info,0,70.4477244274247,36.67609314792844,1,0,2,0,0,0,36.67609314792844,180.0,3,,"? - Yeah. So, I mean, having started several companies, I'll answer that broader than even constant contact because I mean, there's no question of the peaks and valleys and thos..."
business,BOF_13__Being_A_Great_Father_With_Sherman_Merricks,19,over_info,4,67.47,0.6900000000001683,0,0,0,0,1,1,0.0,22.83000000000004,1,Topic Shift,"Yeah. So I think the biggest challenge is going to be between their ears, right? Like, it's really going to be an internal challenge, because, for instance, one of my businesses..."
business,BONUS_EPISODE_Fathers_Day_with_Gary_Wilson,60,over_info,5,75.43,7.342846715328278,5,0,3,0,0,0,83.93999999999983,107.80066419141895,8,,"Whoa, that is a great question. - Okay. - There was obviously a strand of several small events, but I think the one moment where I knew that I had to do it was after school one..."
business,Back_To_Basics_Ep._39,13,over_info,5,107.23000000000002,13.68454466908588,1,0,1,0,0,0,13.68454466908588,180.0,2,,"a little bit too early to tell. We just don't know yet who's going to become available, who's going to get called back and who doesn't, which industries provide the most potenti..."
business,Barley_Snyder_COVID-19_Legal_Update_-_Episode_5,17,over_info,5,53.31,1.0399999999999636,4,0,4,0,0,0,148.90999999999997,180.0,8,,"Yes, in March, the EEOC, the Equal Employment Opportunity Commission confirmed that the COVID-19 pandemic meets the direct threat standard for employee medical examinations and..."
business,Barry_Hearn__legendary_sports_promoter_and_founder_of_Matchroom_Sport,27,over_info,0,62.15665409482759,25.92173189584196,0,0,0,0,0,1,0.0,87.38074751238582,1,,"for both of us, I think the winner of Fury and Joshua, and the loser of Fury and Joshua, are both going to be major players on the world stage after that fight. Let's just say,..."
business,Becoming_a_Professional_Speaker_is_Easier_than_You_Think_with_Grant_Baldwin,14,over_info,5,95.41999999999999,3.9518525150577943,0,0,2,1,0,1,0.0,180.0,3,,"It's interesting that we don't take that mentality to anything else we do in life. I mean, most of us who a lot of people who are wanting to be a speaker have a different career..."
business,Becoming_a_Professional_Speaker_is_Easier_than_You_Think_with_Grant_Baldwin,25,over_info,5,61.55,14.437394174757173,1,0,3,0,0,0,88.04581701346387,180.0,4,,"me give an example to that. Cause like at the time of this recording, we are kind of, we're still in this, this weird COVID world. And who knows how long we're going to be here...."
business,Behind_the_Buyouts__Steen_Brings_the_Farmer_s_Voice_to_VC,9,over_info,5,63.78,0.0,2,0,2,0,0,0,89.63999999999999,180.0,4,,"Yeah, the team has worked really hard to earn the reputation of being an investor that has been able to balance the needs of the corporate side of venture capital. It's called c..."
business,Behind_the_Mic_with_Emerald_GreenForest__Prospering_from_Podcasting___Success_in_Selling_a_Podcast,39,over_info,5,63.39,0.0,1,0,1,0,0,0,0.001,180.0,4,,"So right now, wickedly smart women, as soon as I'm finished with the transfer of men on purpose podcast, I'm going to kind of double down on my focus on wickedly smart women and..."
business,Behind_the_Scenes_of_Writing_and_Publishing_a_Book_with_Robyn_Goldberg,17,over_info,0,139.07,0.0,2,0,2,0,0,0,90.3599999999999,180.0,6,,"? So yeah, so the company I used is actually in Georgia. And so another colleague had told me, you know, she had had a positive experience with them and so I had a lot of calls..."
business,Ben_Liebmann_-_COO__restaurant_noma_-_Copenhagen,5,over_info,5,65.87,0.0,0,0,0,0,1,1,0.0,12.88000000000001,1,Topic Shift,"Yeah, well, I mean, as you said, my business card says Chief Operating Officer of Restaurant Noma. A restaurant founded on Copenhagen, Harbour 15 years ago now, but as my parent..."
business,BioCODE_2-in-1_nano-sensor_to_determine_disease_risk_in_patients,6,over_info,5,52.56,,0,0,0,0,0,1,0.0,0.0,0,,"Absolutely, we think there is a real niche and a great need for such a risk determination. If we just look at current fatalities during this time of this interview, this 10 minu..."
business,Biomimicry__Design_for_Sustainability_Inspired_by_Nature._Interview_with_Ricardo_Contreras_Osorio,5,over_info,5,61.66,0.0,2,0,4,0,0,0,67.62,180.0,6,,"- Like a camelion, exactly. So, that's mimicry. So, this idea of get fascinated with your surroundings, right, and in biology, this effect of mimicry or mimicking, I guess, with..."
business,Blending_your_online_sessions_with_Patti_Shank,3,over_info,5,61.56,0.0,1,0,3,0,0,0,155.68999999999997,180.0,6,,? - What I'd like to do first is kind of define that and the kind of the central theme in research is combining classroom with digital. But I think it's too small and some of th...
business,Boise_Business_Podcast_-_Episode_8,13,over_info,5,52.48,0.0,1,1,5,0,0,0,151.76999999999998,176.16999999999996,8,,"Well, when you have a business, the more times people, potential customers, potential referrals, see you in a way that isn't just about the money, but it's about engagement over..."
business,Boise_Business_Podcast_-_Episode_8,17,over_info,5,53.87,1.9200000000000728,1,0,5,1,0,0,1.9200000000000728,63.450000000000045,8,,"community? - It's, you know, life is all about relationships. It's all about, you know, finding things that are valuable in everybody. You know, this morning I had a rather diff..."
business,Bold_new_leadership_supporting_the_National_Housing_Strategy__with_Julia_Deans__Habitat_for_Humanity_Canada_President___CEO,11,over_info,5,62.04,0.0,1,0,3,0,0,0,84.07999999999987,180.0,4,,"For me, it's actually made even more urgent and heavy the priority of doing more to solve affordable housing issues for people living in our country. We are in a position where..."
business,Bold_new_leadership_supporting_the_National_Housing_Strategy__with_Julia_Deans__Habitat_for_Humanity_Canada_President___CEO,25,over_info,5,57.11,5.165007513148112,0,0,6,0,0,1,0.0,180.0,6,,Well you know at the very least we're looking at homes as we always have which is that safe and secure and affordable place to live and be secure with your family. But now we kn...
business,Bonus_Episode__Worksite_Compliance_in_the_Time_of_COVID-19,8,over_info,5,87.2,0.0,1,0,1,0,0,0,0.001,180.0,2,,"so that's a great question. So if we look at the text of the actual announcement on March 20th, when you start reading the announcement, the whole intro basically says that this..."
business,Bonus_Episode__Worksite_Compliance_in_the_Time_of_COVID-19,21,over_info,5,83.28,133.26208271051314,0,0,0,0,0,1,0.0,133.26208271051314,0,,"USCIS is not exactly in the 21st century, but that's a webinar for another day. So I think we would be partial towards video. I would have concerns about security with regards t..."
business,Bonus__Fostering_Innovation_Within_Security,3,over_info,5,63.78,5.762128090798569,0,0,3,0,0,1,0.0,180.0,4,,"is. >> So, exactly, when you talk about invention, right? So if we look at traders, and if we look at the Magos, actually in our corporate logo, if you go to our website, you'll..."
business,Boost_your_immunity___prevent_chronic_health_conditions_with_Kelly_Prosser,11,over_info,5,67.02,0.0,2,0,3,0,0,0,174.47931439764932,180.0,7,,"is correct, yeah. So, if we think about what the future of health looks like, it's being able to assess on the spot, and very simply, how a person's body is right now, and what..."
business,Boss_Pod_EP06_x_Miss_Mary_Lu,41,over_info,5,56.97220048163757,5.924295605057068,1,0,3,0,0,0,5.924295605057068,180.0,4,,algorithm is an interesting thing because it's not created by just one person it's like it like it's completely mechanical but then it's also monitored by just like a large numb...
business,Bosses_Rebuilding__Zespri_s_Dan_Mathieson,13,over_info,5,59.15,0.4200000000000159,0,1,1,0,1,0,0.4200000000000159,53.05000000000001,3,Topic Shift,"next season? Yeah, I wanted to call out actually to the communities that have supported us just in the last little while. We've had a lot of Kiwis come in from other less fortun..."
business,Breaking_Into_the_Federal_Market_Part_2,5,over_info,5,79.45,0.34000000000003183,0,1,1,0,0,0,116.64999999999998,180.0,2,,"Absolutely. So anything underneath, like, up into the simplified acquisition threshold, it's actually required. It should be set aside for a small business. And our small busine..."
business,Brett_Dyason__Co_Founder___CEO_of_Hepstar_-_All_things_FinTech__scaling_a_business__and_tips_working_with_remote_teams,13,over_info,5,91.06999999999998,0.6300000000001091,2,1,3,0,0,0,142.87,180.0,6,,"? So for an example, if you've got a very complicated product that is not self-sustaining on a technology basis-- so in other words, the technology doesn't work on its own. It r..."
business,Brian_Shannon_-_The_psychology_behind_technical_analysis___why__Only_price_pays,51,over_info,5,76.74,0.0,2,0,2,0,0,0,54.9699999999998,180.0,4,,for determining a stop what I tend to look at and if I can actually back up to the prior question about what are tools do I use it's price multiple time frames anchored volume w...
business,Brian_Shannon_-_The_psychology_behind_technical_analysis___why__Only_price_pays,61,over_info,5,54.4,0.8200000000001637,2,0,3,0,0,0,33.69999999999982,180.0,5,,or generally it's not the only time that I do that is if I think that a stock is I think a lot of times there'll be a stock where I can't really figure out the exact trigger for...
business,Bridging_the_Gap__Recruiting_the_Right_Skill_Set_-_Lecture_3,5,over_info,5,56.3,0.710000000000008,3,0,2,0,0,0,146.64,180.0,5,,". The reason that is, is there's a tactical component to procurement, right? It's your POs, it's your following up on getting your goods or services. There's a tactical componen..."
business,Buckle_Up_New_AI_Data_Suggests_Cases_Will_Continue_to_Rise_in_the_Coming_Months,1,over_info,5,75.63,1.0200000000000102,1,0,1,0,0,0,1.0200000000000102,180.0,2,,"Yeah, I think the first big talk here really is what do we even mean by the second wave, right? How do we mathematically quantify a second wave? And I'm not so sure there are an..."
business,Build_Your_Own_Future_With_Or_Without_The_Establishment,15,over_info,0,130.81,0.0,1,0,2,0,1,0,119.56000000000006,180.0,4,Topic Shift,doing that. I mean listen I mean you know I've gotten to where I've gotten it's taking me 25 years to do so. In the beginning honestly being as prolific as you can be understand...
business,Building_A_Local_Client_Base_for_Videography_with_MAR,41,over_info,0,113.52,1.5961923847689832,1,0,0,0,0,0,1.5961923847689832,94.28555370171352,1,,". Yeah, your support system, they're like-minded. Exactly. They'll tell you the real stuff, like, ""Hey, you know what? Your last video didn't do so good. And you've learned to n..."
business,Building_Character_and_Way_of_Being_-_the_Path_to_Authenticity__with_Marc_Lesser,22,over_info,5,88.0,0.34999999999990905,1,0,3,0,0,0,116.0799999999997,180.0,4,,"that you should bring up that practice in what's happening now, right? It's pretty amazing that people have figured out that the way to keep people healthy is that we have to de..."
business,Building_a_Culture-First_Company__Steve_Schwartz__founder_of_The_Art_of_Tea,23,over_info,5,176.78,0.7799999999999727,3,0,2,0,0,0,178.77999999999997,180.0,5,,"- Multiple times. But I think each one has been, and I'm a huge fan of Ray Dalio, right? So the way he sort of paints each challenge as an opportunity to reflect and pivot and t..."
business,Building_a_Culture_of_Great_Teammates_-_TTST_Interview_with_Sean_Glaze_from_Great_Results_Training,12,over_info,5,61.29,0.0,0,0,2,0,0,1,0.0,180.0,4,,opinion? I think a great coach hopefully because there are a lot of different exes and o's in the world. There are a lot of different ways you can go about strategy. What I foun...
business,Building_a_Lifestyle_Brand_Early_with_Austin_Welch,17,over_info,5,58.0,0.0,1,0,1,0,0,0,0.001,74.28999999999996,3,Stonewalling / Non-Response,"about that? Definitely. So yeah, I started this sophomore year and also when I started sophomore year, I didn't start it with the mindset of really turning it into a business. I..."
business,Building_a_Lifestyle_Brand_Early_with_Austin_Welch,19,over_info,5,56.98,0.25,0,0,0,0,0,1,0.0,0.6899999999999409,1,Stonewalling / Non-Response,"Yeah, that's a good question. So actually we've been strictly, we were strictly word of mouth for a long time. We're selling shirts for a little over a year before I even starte..."
business,Building_an_intelligent__efficient__and_scalable_fleet_with_mobile_technology_-__FWLive__Home,9,over_info,5,65.14,0.36000000000001364,0,0,4,0,0,1,0.0,180.0,4,,"That's absolutely correct. And then of course, if you're looking out along the spectrum, the airline industry, for example, has been way out in front in terms of utilizing diffe..."
business,Business_Of_Sport_Podcast_-_Insights_From_The_Football_Industry_-_Pavel_Klymenko,21,over_info,5,104.73999999999998,0.0,2,0,2,0,0,0,59.180000000000064,180.0,4,,"'ve seen similar change in several European countries, but I think in the UK it's especially visible where the UK went from the far right in football being, indeed the central p..."
business,Business_Of_Sport_Podcast_-_Insights_From_The_Football_Industry_-_Pavel_Klymenko,23,over_info,5,52.39,0.0,1,0,1,0,0,0,0.001,155.86117346938772,2,,", yes, education is always central to curbing discriminatory behaviour, but in order to educate, you need to have people who are ready to be educated, let's say. When you have e..."
business,Business_Of_Sport_Podcast_-_Insights_From_The_Football_Industry_-_Pavel_Klymenko,41,over_info,5,87.98,1.8399999999996908,0,0,3,0,0,1,0.0,176.55794363130508,3,,it might be you know a somewhat banal and to name Germany but this is the first example that comes to mind when we talk about tackling the issues inside the stadium issues of di...
business,Business_benefits_of_functional_programming_and_how_to_make_it_work_for_your_company,3,over_info,5,60.16,1.0900000000000034,1,0,0,0,0,0,1.0900000000000034,42.66,2,Stonewalling / Non-Response,", that's a very good point and like several years ago you could really say it is like exotic and like nobody does it for business. People are just doing it for fun, but these da..."
business,COVID-19_Edition__20_-_Tim_Sheehy_-_Impact_on_Milwaukee_Businesses,15,over_info,5,65.24,0.6900000000000546,0,0,2,0,1,1,0.0,156.67000000000007,3,Topic Shift,. No we haven't and again if you look at the guidelines especially in the city Milwaukee it's going to be a while before gatherings of more than 50 people are going to come back...
business,COVID-19_Employer_Reopening_Compliance_Challenges,5,over_info,5,58.83,0.8900000000000432,0,0,1,0,1,1,0.0,53.5416595744681,3,Topic Shift,"laws? That's a really good question. What I would advise is to be prepared to accommodate, but don't discriminate. In other words, you don't want to assume that someone does not..."
business,COVID-19_Management_Podcast_-_Episode_3,19,over_info,5,59.3,7.0431763736610264,0,0,2,0,0,1,0.0,180.0,2,,"- It is, it is. And I would be saying that to people carefully at the moment, because in terms of us saying, oh well, let's put things into perspective. We are gonna, in the con..."
business,COVID-19_Turned_This_Founder_Into_A__War-Time__Leader,25,over_info,5,59.28,1.099999999999909,0,0,0,0,0,1,0.0,1.2899999999999636,1,Stonewalling / Non-Response,"Yeah, good question, we stopped everything, I guess there's two senses, the revenue stopped, so we stopped seeing ticket sales, right? Because the global pandemic, uncertainty,..."
business,COVID-19__John_DeLozier__Senior_VP_Global_Channel._8x8,5,over_info,5,56.71,0.1412822517591792,3,0,3,0,0,0,135.78,180.0,6,,"? - Yeah, we are. It's across all sectors, across all verticals, across all horizontals, whether it's small business, enterprise, et cetera. We think that we think again, with t..."
business,COVID-19__Privacy__Security_Concerns_as_Businesses_Reopen,1,over_info,5,135.96,0.0,1,0,1,0,0,0,0.001,180.0,2,,seems to be some urban myths that are being proliferated right now about how HIPAA may or may not apply in these situations. I think you're exactly right on in the way that you...
business,COVID-19__Ten_Considerations_for_Easing_Lockdowns_and_Re-opening,11,over_info,5,83.12,1.1368683772161603e-13,1,0,1,0,0,0,0.001,180.0,2,,"Again, these redesigns are all sort of interrelated to one another pretty tightly. But the proponents of maintaining lockdowns are saying the restrictions can and must be re-int..."
business,COVID-19___the_Future_of_Health_Data__with_Mona_Sloane,35,over_info,5,114.88,0.0,1,0,1,0,0,0,0.001,180.0,3,,", so I would actually agree and I think the point where I just talking about before when you asked the question, ""Oh, isn't that? Should we accept a little privacy and vision fo..."
business,CalHFA_FHA_Home_Loan_Down_Payment_Asst_program,45,over_info,5,58.48,0.0,2,2,3,0,0,0,38.42000000000007,43.66000000000008,8,,"- Yeah, so we calculate it off of the total. So it's your base, plus your upfront mortgage insurance premium. That's your total, right? And that's how we calculate the amount of..."
business,Calling_All_Innovators__Andrew_McCormack_of_BIS_on_the_First_G20_Global_Regulatory_Techsprint_--_Deadline_May_27,9,over_info,5,55.690000000000005,32.953355230452416,0,0,1,0,0,1,0.0,180.0,1,,". That's amazing. A really global lineup. I'm glad you mentioned the FCA, the Financial Conduct Authority in the UK, who, as you say, invented this hackathon model for solving r..."
business,Can_You_Be_Picky_Before_Accepting_That_New_Job,4,over_info,5,80.23,0.0,1,0,2,0,0,0,118.43,180.0,3,,"think those are really fair points. I've seen a couple companies over the last few years that when they do the annual compensation review for their employees, not only are they..."
business,Can_You_Create_a_Workplace_With_More_Love___Connection__with_Mandy_O_Neill,6,over_info,0,76.24,0.0,0,0,3,0,0,1,0.0,180.0,3,,I hear you and I'm living the same story as you as I'm sure many of our listeners are in terms of really you know some parts of having the challenge and the struggle of families...
business,Canada_Nickel__TSX-V__CNC__-_The_Night_is_Young__And_We_re_Just_Getting_Started,7,over_info,5,52.9,0.0,3,0,3,0,0,0,129.01999999999998,180.0,6,,", yeah I mean nickel projects at the end are to you know to build a nickel projects a billion dollar capital and you know again When you look at most people in terms of how much..."
business,Canada_Nickel__TSX-V__CNC__-_The_Night_is_Young__And_We_re_Just_Getting_Started_2,17,over_info,5,61.08,0.38999999999998636,1,0,2,0,0,0,60.83000000000004,180.0,4,,'s exactly it I would say you know I would say Australian mining companies tend to do it sort of you know They tend to you know build enough resource to get their mind built and...
business,Capturing_Tribal_Knowledge,17,over_info,5,55.22,0.40999999999996817,1,0,1,0,0,0,0.40999999999996817,180.0,2,,"that? - Well, there's always some aspect of that and the way of overcome that is I'm very clear and very visible about being seen out on the floor, asking other people how to do..."
business,Careers_In_Sport_Podcast_-_Lee_Hemmings_-_Managing_Director_-_Player_Lens,21,over_info,5,76.16,0.5199999999999818,3,0,3,0,0,0,151.99,180.0,6,,"what would I say? The first thing I'd say is that you need to be fixed in, I think compared to some other industries, there are, it's a little bit more robust in the communicati..."
business,Carly_Hamilton-Jones,11,over_info,5,69.15428854875283,0.708390022675701,2,0,2,0,0,0,103.58188038670136,180.0,4,,'s easier to do have somebody else help you guide you through this to discern the thoughts that are yours and the ones that are maybe your fear-based thoughts. I was typically k...
business,Catch_Kevin_Perlmutter_on_the_PirateBroadcast,12,over_info,5,59.272261247700285,68.52272222404986,0,0,0,0,0,1,0.0,68.52272222404986,0,,", I think that ties back to the purpose of the company. If your purpose is to make sure that everyone in your environment from the employee to the customer to the end user to an..."
business,Chad_Bartlett_-_From_Mechanic_to_Global_Citizen,16,over_info,5,54.66,0.32000000000005,1,0,2,0,0,0,104.60861252622135,180.0,3,,"Well, that's cool. That's really, really great. I love the idea of a success tax. You know, it's funny and I'm sure because you do trainings as well, I'm sure that you've seen t..."
business,Chad_Livengood_on_WJR__Why_Michigan_auto_insurance_agents_are_selling_extra_liability_coverage_for_new_no-fault_policies,7,over_info,4,66.59,0.0,2,0,2,0,0,0,84.38999999999993,174.5800000000001,5,,"some of the agents I talked to, they've got sort of cheat sheets to show spreadsheets that sort of lay out what PIP covers and Michigan's auto no fault is by and large the golde..."
business,Change_the_World_by_Joining_the_Energy_Sector_-_Tracy_Lothian__SVP__LNG__ExxonMobil,15,over_info,5,55.0,0.0,2,0,2,0,0,0,130.94999999999993,180.0,4,,"a lot of time in that particular challenging period to kind of put in my head down on my own, trying to learn a lot, read a lot, come up to speed with the new set of agreements..."
business,Channel_Happy_Hour_Episode_293,13,over_info,5,72.8,0.0,1,0,3,0,0,0,0.001,180.0,4,,"seems like a really good idea for Microsoft to get involved in securing the Internet of Things because there's so much growth around the Internet of Things, especially when you..."
business,Charley_Joyce_-_Licensed_Clinical_Social_Worker_-_Grief_and_Loss,11,over_info,5,148.83,0.5000000000001137,1,0,2,1,0,0,0.5000000000001137,180.0,4,,"them. Exactly. And again, you're very wise in how you describe that. Really the optimal goal of foster care is that it is that we minimize disrupted attachments for a child as m..."
business,Chief_Sales_and_Success_Officer_at_Slack__Bob_Frati__Exploring_Slacks_Key_Growth_Levers_and_Competition,7,over_info,5,59.9,0.23742684157420513,4,0,2,0,0,0,164.50579550102245,180.0,6,,. That's awesome. The two topics that I wanted to chat with you today are the growth levers at Slack that you guys might be able to pull to take it to the next level of the busi...
business,Chris_Hogan,3,over_info,5,60.62,1.0400000000000205,0,0,0,0,1,1,0.0,17.180000000000007,1,Topic Shift,"that? - I am. I actually, I thought there would be a bigger run on 401K than there have been and that's right now. And this, I think we could, I'd caution too much celebration b..."
business,Chris_Johnstone_Interview_with_Dalia_Barsoum,11,over_info,5,109.03,0.0,1,0,2,1,0,0,8.849999999999966,26.079999999999927,5,Stonewalling / Non-Response,". So when mortgage deferrals came out, um, there was a lot of questions around what they are, how the lenders are doing them, what the payments are going to be. And as time pass..."
business,Chris_Johnstone_Interviews_Nick_L_ecuyer,31,over_info,5,65.2,1.2899999999999636,0,0,2,0,0,1,0.0,86.84999999999991,3,Stonewalling / Non-Response,"think everybody is expecting some sort of dip. Okay. So I think there's three ways to look at it. There's, you know, the U-curve where the bottom is, is wider. The catch basin i..."
business,Christopher_Gulczynski__Tinder__Bumble,33,over_info,5,64.29,0.0,2,0,2,0,0,0,158.08000000000015,180.0,5,,"good question. I think LA has a tremendous one of cool. The thing is Austin. It just kind of depends on what you're looking for. But I feel like with this current situation, eve..."
business,Civil_Engineer_-_Abdul_Muhammad,25,over_info,5,57.4,0.0,1,0,3,0,0,0,0.001,180.0,4,,roles? - It's pretty interesting. You end up writing several answers and it's almost like you do a quiz on yourself before you actually have to answer somebody else's questions...
business,Claus_Jensen__Enterprise_Architect_at_Novozymes,13,over_info,5,63.69,1.1200000000000045,1,0,1,0,0,0,1.1200000000000045,180.0,2,,", I can, when you mentioned that, I was actually just reminded a very specific example, we did this within our enterprise architecture team. At one point, we decided that we wer..."
business,Cloud_Creative_Collection_-_Write_Label_CEO_Gideon_Stein,8,over_info,5,56.57,0.0,1,0,1,0,0,0,128.24,180.0,2,,thing that is really interesting about this is the humanity of it. And what venture fuel spends a lot of time doing is looking at emerging technology and AI and platforms and wa...
business,Coaching_a_6_Figure_Contract_Catering_Firm,35,over_info,5,54.099999999999994,4.1482500000000755,3,0,5,0,0,0,101.76999999999998,112.89999999999998,8,,"So, if the thing is proper margin in things like coffee, it depends what you focus on as well. Coffee is a, you know, that can be a really big seller. The one that we've got, co..."
business,Coaching_a_6_Figure_Contract_Catering_Firm,173,over_info,5,62.39,0.49000000000023647,1,0,1,0,0,0,0.49000000000023647,7.0900000000001455,3,Stonewalling / Non-Response,"The revenue was on the same sort of power as the shop, but we've actually got, but it's got other parts of the business as well where it supplies offshore and in flight, sort of..."
business,Cody_Durakovic-_Diets_end__a_Healthy_Lifestyle_Won_t,12,over_info,5,134.45,4.736409319323911,0,0,4,0,0,1,0.0,180.0,4,,or something. The thing that would limit somebody to progressing is if they had some type of medical issue. I like to use this analogy whenever I'm talking to clients you say th...
business,Command_Your_Presence__EP_Podcast_Interview_with_Kenyetta_Gordon,17,over_info,5,71.94,7.245690607734787,1,0,1,0,0,0,7.245690607734787,180.0,2,,"world? I love thank you for this question. Okay. Sales. Um, oh God, I just lost my train of thought. It's like so much just came through my head real quick, you know, oh, there..."
business,Commodity_markets_in_crisis__What_next_for_large_business_energy_users,13,over_info,0,97.45,0.0,0,0,0,0,0,1,0.0,41.110000000000014,1,,I think the basis here and where I almost came in was that we started before this demand shock and these incredible times we're living through. We started with an oversupply sit...
business,Communicating_Ideas_with_Sergio_Rabiela,13,over_info,5,55.07,0.6400000000000432,3,0,5,0,0,0,133.36000000000007,170.98000000000008,8,,"I think part of that is it's the tools that you use or listening and or watching for cues that you're getting from folks. So, you know, I mentioned you're going to be talking to..."
business,Communication_Superpowers,43,over_info,5,71.27,0.0,1,0,2,0,0,0,29.63000000000011,180.0,4,,"good question, it's certainly want to be aware, and then this comes back to doing research on who you're meeting with or who you're speaking to. If there's something that people..."
business,CommunityZ_Chest_-_Brendan_May__Chairman_Robertsbridge_Group__In_Conversation_With_Michael_Mainelli,5,over_info,5,53.14,1.3799999999999955,1,0,3,0,0,0,155.86,180.0,4,,"It's become very, very scalable, big movements by McDonald's and more and more others. And it's set by the same controversies that it was when I was there. So the problem with a..."
business,Company_Culture_Values,1,over_info,5,55.06,0.0,1,0,1,0,0,0,0.001,180.0,2,,"so we have 15 in total and those are really spread across our different services, BBC, SEO and Web. I have a VP of services. We have an accounts team also, so we have three acco..."
business,Conflicts_of_Interest__Kelly-Ann_McHugh,7,over_info,5,82.47,5.684341886080802e-14,2,0,2,0,0,0,164.20000000000005,180.0,4,,", there were a few different insights. So one area of compliance in this space is around entertainment. So where you might be providing and taking a client out to an event, whet..."
business,Connecting_Patients_with_Providers,11,over_info,5,58.99,0.0,4,0,3,0,0,0,169.7,180.0,7,,"us back a bit. Yeah, certainly. And when I look at hindsight, it seems like it was a straight line, but it certainly wasn't at all. But my background is really at the cross sect..."
business,Conversation_with_Craig_Lazzara__Managing_Director_and_Global_Head_of_Index_Investment_Strategy_at_S_P_Dow_Jones_Indices,3,over_info,5,135.8,7.821361974405818,1,0,1,0,0,0,7.821361974405818,57.329999999999984,2,,"three things are related. They're not the same. And let me try to make the distinction this way. A correlation is well understood, certainly by most investors. And I think of co..."
business,Coping_in_a_Pandemic_for_Graduate_Students,13,over_info,5,54.74,0.0,0,0,1,0,0,1,0.0,131.44000000000005,2,Stonewalling / Non-Response,"? So on the same note of kind of learning yourself and being honest and real and authentic in how you process things during this time, I also want to really just encourage peopl..."
business,Cordelia_Gonzalez_embraces_the_film_and_theatre_profession_and_discusses_make_up_of_tomorrows_stars,11,over_info,5,121.4,10.207720313666982,0,0,2,0,0,1,0.0,180.0,2,,", very challenging, especially theater, which is it live theater is unique in that sense, because you need the presence of the audience, of the actors, you know, it's that excha..."
business,Corey_Weathers_on_Shake_the_Cosmos,31,over_info,5,62.02,1.259999999999991,0,0,0,0,0,1,0.0,32.100000000000136,3,Stonewalling / Non-Response,"Yeah, absolutely. So, you know, at the time that we're recording in this, you know, there's quite a bit of upheaval and turmoil around racism and race relations in the United St..."
business,Coronavirus__Student_Loan_Options,5,over_info,5,137.27,0.4300000000000068,2,1,3,0,0,0,163.29999327505038,180.0,6,,"If you have a private loan, any kind of private loan, and that's basically a loan from a source other than the federal government, then to the extent you are experiencing econom..."
business,Coronavirus_impact_on_auto_insurance_with_J.D._Power,9,over_info,5,59.48783654289136,24.917695568045588,0,0,0,0,0,1,0.0,77.39769556804572,1,Stonewalling / Non-Response,"- Yeah, there's no doubt that we have seen an uptick in consumer interest and willingness to look at UBI-based solutions. If you, you know, I think one of the things to monitor,..."
business,Corporate_Structures_in_Vietnam_for_Foreign_Investors_Recommendations_and_Distinctions,3,over_info,5,61.95,1.4399999999999977,2,0,2,0,0,0,128.43,180.0,4,,"? OK, so before we look at actual the physical structures behind there, I think you're right, this direct, indirect, and the general model is important to touch on. So you break..."
business,Corporation_Innovation_for_Personal_Growth_with_Neil_Soni,12,over_info,5,53.88826111529767,27.188849849283997,2,0,1,0,0,0,125.13884984928404,180.0,3,,"? Yeah. So, well, so I'm a home brewer for the last few years, at least. It's been about, yeah, six years since I started home brewing. And so unlimited brewing never made the b..."
business,Corporations,1,over_info,5,87.64,0.0,2,0,2,0,0,0,125.12,180.0,4,,Yeah. And you're correct that corporations are very well-known. And one of the reasons they are very well-known is they are a much older business entity than limited liability c...
business,Corporations,3,over_info,5,65.36804440416856,25.24497145446307,1,0,1,0,0,0,25.24497145446307,180.0,2,,"properly? So the three basic documents that you need to get your corporation off the ground are the certificate of incorporation, sometimes also called articles of incorporation..."
business,Corporations,5,over_info,5,141.5,0.0,1,3,0,0,1,0,32.22000000000003,93.26000000000005,5,Topic Shift,"about that? Right. When a corporation is established and your articles of incorporation, you will pick a number of shares that your corporation is authorized to issue. If I set..."
business,Corporations,27,over_info,5,55.230000000000004,1.940000000000282,3,0,3,0,0,0,91.58000000000015,180.0,6,,"home corporation? The state where you form the corporation, the incorporating document is typically called articles of incorporation, a certificate of incorporation or a certifi..."
business,Could_Business_Interruption_Insurance_Impact_Tech__w__Kozyak_Tropin___Throckmorton,7,over_info,5,75.11,0.0,0,0,1,0,0,1,0.0,180.0,3,,"Yeah, it definitely has an impact. It's nothing binding in the United States, but it's definitely going to be influential in our arguments and how other attorneys in the United..."
business,Courage_Champion___Inclusion_Practitioner--Martin_Stark,47,over_info,5,56.0,0.0,0,0,3,0,0,1,0.0,180.0,3,,". Incredibly so incredibly so. You can say, you know what I don't think homosexuality or being trans is right. But at the same time, you can say, I believe your rights of a huma..."
business,Covid-19_Dispatch__Hayden_Brown,5,over_info,5,52.79,0.0,3,0,4,0,0,0,105.84,180.0,8,,"? You're right that Upwork serves this huge range of customers. We do work with 30% of the Fortune 500 and that includes customers like Microsoft, Glassdoor, Nasdaq, so many dif..."
business,Covid-19_Dispatch__John_Barry_2,3,over_info,5,53.19,0.25,2,0,1,0,0,0,127.38999999999999,180.0,3,,", oddly enough, it was an accident. I had planned to write a book on the home front during World War I, culminating in the events of 1919, one of the most interesting years in A..."
business,Cracking_the_Leadership_Code__Three_Secrets_to_Building_Strong_Leaders,29,over_info,0,149.94,0.0,1,0,1,0,0,0,0.001,74.91569527872912,2,,"there an issue with you getting your uniform clean? What's really going on?"" And she said it sincerely. And suddenly it's as if though the floodgates opened. It turned out that..."
business,Creating_Women_of_Substance_Radio_with_Bree_Noble,6,over_info,5,54.92,16.071128163704998,0,0,1,0,0,1,0.0,75.80000000000007,2,Stonewalling / Non-Response,"that's pretty cool. And so I used to, like we'll reveal age and stuff. I used to go to the Michigan Women's Music Festival, which was a lot of women of substance playing there a..."
business,Creating_Women_of_Substance_Radio_with_Bree_Noble,33,over_info,5,63.83,1.5199999999999818,0,0,2,0,0,1,0.0,72.01999999999998,3,Stonewalling / Non-Response,a musician I just think now more than ever it's important to be part of a community which is why I mentioned our free community because you know we are so you know isolated at t...
business,Creating_a_Culture_of_Innovation_with_Helen_Souness,9,over_info,4,65.33,0.7300000000000182,2,0,3,0,0,0,40.90999999999997,180.0,5,,"Yeah, I mean it's such an overused word isn't it and I hate thinking that there's some separate team that does innovation and some ways that some companies have thought about it..."
business,Creativity_On_Lockdown_-_Episode__001,3,over_info,5,54.88,0.4000000000000341,1,0,3,0,0,0,108.67000000000004,180.0,4,,"Yeah, I tend to kind of cover everything that a business may want whether that's a website or social media or SEO on websites or doing an advertising campaign or a brochure or a..."
business,Creativity_On_Lockdown_-_Episode__001,24,over_info,5,64.86,0.0,0,0,1,0,0,1,0.0,47.59999999999991,2,Stonewalling / Non-Response,". One of the kind of the brainchild behind creative genius, not, and kind of my plans for it were to build a tribe of people who don't really have a tribe necessarily of, like y..."
business,Crisis_Recovery_Shape__Strategy_Considerations_and_Revenue_Forecasting,11,over_info,5,70.35,0.0,1,0,6,0,0,0,0.001,134.95000000000005,8,,"mean, I think you mentioned some of the big ones, air travel, search data. I mean, the most telling one is going to be, you know, bookings at a hotel level, getting to that leve..."
business,Cultivating_Copy_That_Connects_with_Kim_Anderson,51,over_info,5,1205.76,,0,0,0,0,0,1,0.0,0.0,0,,"can do yard work. I could take an hour and go out in my lawn and for weeds, but I don't like that. So it's a cost value kind of thing. In"
business,Culture_2__6_Keys_to_Retaining_and_Developing_High_Potential_Employees,1,over_info,5,57.37,,0,0,0,0,0,1,0.0,0.0,0,,winning the talent battle? Are your high potential leaders as engaged and effective as they could be? Co-Thrive helps companies like yours develop effective mission-driven leade...
business,Customer_Experience_with_Baaghil_and_Maya_Khalifeh,9,over_info,5,80.7,0.0,2,0,3,1,0,0,52.73000000000002,180.0,6,,". So when we look at the customer experience in the B2B field, first we have to do an assessment. I like to think about it like a political campaign, okay, where we sit one on o..."
business,Cyber_Security_Alert_with_Bruce_Phillips__WEST,3,over_info,5,56.21,0.0,0,0,2,0,0,1,0.0,180.0,2,,">> Yeah, it is. It puts everybody out on an island a little bit. You're in your home office for those that have school-aged children. You're trying to home school. You're now a..."
business,DSS081__What_is_Reduced_Explosion_Pressure__Pred__with_Burke_Desautels,5,over_info,5,60.4,0.0,3,0,4,0,0,0,143.89,180.0,8,,"Reduced pressure, P-Red is a very literal term. It is the resultant or reduced pressure when a combustible deflagration event inside a vessel is either vented or suppressed. So..."
business,DSS081__What_is_Reduced_Explosion_Pressure__Pred__with_Burke_Desautels,15,over_info,5,60.86000000000001,0.4800000000000182,2,0,6,0,0,0,82.43999999999994,117.37,8,,"Hopefully they're slightly higher than that. Most new equipment manufacturers, whether it be a dust collector, or spray dryer cyclone, some of the common piece of equipment that..."
business,DSS081__What_is_Reduced_Explosion_Pressure__Pred__with_Burke_Desautels,40,over_info,5,55.84,17.581788193027023,0,0,2,0,0,1,0.0,180.0,3,,. Yeah that makes sense yeah I'm not that well versed in different types of nozzles but I understand there would be different if you say if you had to throw the material farther...
business,Daily_Experiences_and_Maximizing_potentials_with_Dammy_Uren,5,over_info,5,61.71,0.0,2,0,4,0,0,0,73.06239179954446,180.0,6,,"Well, I feel like an experience closer to that would be when I was like home by myself. Like I said, doing like a strike. It was just a very dry practice. Okay, I graduated high..."
business,Daniel_Adamson_Innovation_from_Asset_Giants_at_Capital_Constellation__EP.136,19,over_info,0,192.17999999999998,0.22000000000002728,1,0,3,0,0,0,86.02999999999997,180.0,4,,"for truly outstanding investment talent and business building talent who we want to partner with. In constellation, yes, we've done four going on six of these partnerships. Prio..."
business,Data_and_Precision_Ag_Usage,15,over_info,5,66.96029779630733,2.781283521463706,2,0,3,0,0,0,163.65891302531475,180.0,5,,"Yeah, so we asked farmers, do you use some sort of farm data software platform? And from our sample, which is again, this is a large commercial size sample that we're looking at..."
business,Dave_Vernier__From_Science_Teacher_to_Sensor_King,17,over_info,5,67.66,0.9599999999999795,2,0,4,0,0,0,163.8,180.0,6,,"training? Basically our number one product is a line of sensors, several lines of sensors for taking data from, well, there's probably in the order of 100 different kinds of sen..."
business,Day_Trading_Knowledge_-_Two_Day_Traders_Sharing,3,over_info,0,107.9,0.0,0,0,2,0,0,1,0.0,180.0,2,,". - Absolutely. And one thing I would say is, for those of you who don't know, Carl's been trading for some time too. He's been in a previous episode where he talks about that a..."
business,Del_Bigtree_-_The_Coronavirus_Vaccine_Agenda__Exposing_The_Dangerous_Truth_Of_Big-Pharma_s_Master_Plan,29,over_info,0,160.2,2.1799999999993815,2,0,1,0,0,0,170.64999999999964,180.0,3,,"Right. And I think that in order to have a job that long, you're able to sell whatever it is the nation and the health departments need to sell the people. He's obviously been g..."
business,Delivering_personalization_effectively_and_at_scale,15,over_info,5,62.11,0.40999999999996817,1,0,1,0,1,0,0.40999999999996817,81.00999999999999,3,Topic Shift,"- Sure. So typically we try to measure certain KPIs like average revenue per user, things around lead generation KPIs, things around average order value, improvement, and so on..."
business,Depika_Mistry__Expanding_into_the_Feeling_of_Success,12,over_info,5,55.0,2.1956837606838917,0,0,3,0,0,1,0.0,153.7800000000001,4,,"writing. Yeah. Shame is such a powerful, such a powerful thing. And I think a lot of people, like I had a realization in December of how mean I was to myself and how much I did..."
business,Designing_For_Wellness___271___Mitch_Altman_CEO_THERMASOL,11,over_info,5,52.2807881773399,7.372463054187222,0,0,2,0,1,1,0.0,69.62246305418722,3,Topic Shift,umber and the way that the company started even previous to that was you know he was a plumber in New York. My father worked with him and it was a French diplomat in Manhattan t...
business,Designing_interactive_virtual_classrooms_with_Jo_Cook,7,over_info,5,61.11,0.0,0,0,2,0,1,1,0.0,68.37,3,Topic Shift,"Well, the key is interactive. It's also interesting that you mentioned virtual classroom, because that also the look of that is around how many people are in that session. I alw..."
business,Diana_Doukas__Policy_Manager_at_Facebook,7,over_info,5,58.68,0.0,3,0,3,0,0,0,100.69999999999999,180.0,6,,"? >> Sure, so you can go to our Facebook Shops website. And also I want to make sure that I plug our business resource hub, which has a lot of tips and tools and trainings on ho..."
business,Digital_Events_with_Warwick_Merry__The_Marketing_Report_EP28_Business__Marketing_and_Sales,19,over_info,5,64.24,0.2999999999999545,0,0,0,0,0,1,0.0,0.57000000000005,1,Stonewalling / Non-Response,third point about making it interactive and this really relies on the concept of people have changed. We used to be happy to have a presentation done to us. Just tell me all abo...
business,Digital_Networking__CDX__and_Audience_Customization_with_Drew_Ianni_of_CDX,18,over_info,5,68.16835568802783,6.893489816194688,0,1,4,0,0,0,82.45348981619463,180.0,5,,". Yeah, I mean, and at the end of the day, I agree with you. I don't think, you know, as big as digital has become, as big as digital advertising has become, as big as interacti..."
business,Digital_Transformation_Amid_Covid-19_and_Beyond,3,over_info,5,67.59,0.0,4,0,4,0,0,0,163.99,180.0,8,,". Digital transformation means thinking advantage of nearing existing digital technologies to improve internal processes and to enjoy the benefits of reducing costs, increasing..."
business,Dino_Esposito__Topic__Architecting_Intelligent_Software__Part_1,3,over_info,0,323.1120531603714,35.905839247106655,0,0,2,0,0,1,0.0,180.0,2,,"25 years of career, I think, or at least I love to think that I've been able to mature, to generate a sort of sensibility that takes me to have a strong take on some topics rela..."
business,Direct-to-Consumer_Digital_Retail_with_Kashif_Zaman,7,over_info,5,52.534126871831155,16.40379200565968,0,0,2,0,0,1,0.0,180.0,2,,"Absolutely. And I think one of the ways to look at, you know, when you're, you're selling a different, different channels, including Amazon or offline channels, the fact is that..."
business,Discussing_the_Personal_Impacts_of_COVID19,11,over_info,0,117.02,9.644928708666384,0,0,2,0,0,1,0.0,180.0,2,,"Some people would say you got to pay close attention to the signals your body's giving you. And I'll come to that in a minute. But I for me, it's when I got to really watch what..."
business,Discussion__Tips_for_job-seeking_college_grads___1100_WTAM_via_Fox_News_Radio___5_18_20,9,under_info,10,2.46,2.842170943040401e-14,0,0,1,0,0,1,0.0,8.230000000000018,2,Stonewalling / Non-Response,absolutely. The squeaky wheel gets the grease.
business,Disrupting_Field_Marketing_w__Nick_Bennett_of_Clari,28,over_info,5,62.78999400029999,7.264204777688747,0,0,0,0,1,1,0.0,28.318819130472093,2,Topic Shift,too. I think that's the biggest piece that most people are struggling with is how do you draw that line? And I am just as guilty as the rest. I have two young kids and it's toug...
business,Disruption_Isn_t_a_Dirty_Word__Moving_Into_Exponential_Thinking,6,over_info,4,63.32655273698263,15.460372564190891,1,0,1,0,0,0,57.40956208277703,180.0,2,,", first of all, the way that you sort of broke down the disruption, I think it's very, with everything that we're facing right now, it can be very overwhelming, unsettling, not..."
business,Do_I_HAVE_to_go_back_to_work_during_the_COVID-19_pandemic,5,over_info,5,58.13,0.0,4,0,3,0,0,0,177.54000000000002,180.0,7,,"Absolutely. And I think employers are starting to realize that people can't do work from home. It is fine and work can get done. But ultimately, it is up to the employer to deci..."
business,Do_You_Receive_Feedback_Well__with_Sheila_Heen,12,over_info,5,59.83,0.0,2,0,4,0,0,0,49.95999999999992,180.0,6,,"Yeah, I love that framework of ACE, the appreciation, the coaching and the evaluation feedback conversations and that we need all of them. And Sheila, I'm imagining that as you'..."
business,Does_sustainability_still_matter,5,over_info,5,53.3,0.4399999999999977,3,0,2,0,0,0,175.15999999999997,180.0,5,,"? - You hear about a lot of people going to net zero in their workplace, but the most ambitious targets you can set yourselves in respect to carbon emission reduction is a scien..."
business,Don_t_Sweat_the_Small_Beginnings_with_Ellis_Dumas,13,over_info,5,57.03,5.676410484229109,0,0,0,0,0,1,0.0,36.169999999999845,3,Stonewalling / Non-Response,"Well, again, I think my story is so ideal in the perfect time that a lot can be going on in this world, but you were literally born and went to IU and graduated for just a time..."
business,Dorrian_Aiken,21,over_info,5,63.93,0.4700000000000273,2,0,2,1,0,0,136.61191368078175,180.0,5,,"true. So, one of the ways is to help people by getting them to feel into as many coaching models and theories as we can make accessible to them. So that somebody says, ""This res..."
business,Dr._Mara_Karpel_-_Passion_and_Purpose,37,over_info,5,77.8,2.8854653937944477,1,0,2,0,0,0,2.8854653937944477,180.0,4,,"yeah. I think that the one thing that I think is really common, and we say it now too, but when you're working with older people, you hear it a lot. What is really important in..."
business,Dr._Todd_Greer,7,over_info,5,56.48,12.96537718396712,1,0,1,0,0,0,12.96537718396712,180.0,2,,Absolutely. It's quite interesting. I think there was an issue quite recently where we had somebody who was a teacher somewhere who got fired was talking about Hitler as one of...
business,Dr_Louise_Ashley__Merit_is_an_ideological_term,11,over_info,5,68.72,0.0,3,0,3,0,0,0,136.04400547445243,180.0,6,,"Yeah, so the kind of cultural capital, the kind of things that I'm thinking there, are things like confidence, self-belief. Now I'm not saying I don't want to make really kind o..."
business,Dr_Louise_Ashley__Merit_is_an_ideological_term,13,over_info,5,60.56,0.0,2,0,2,0,0,0,65.88400547445241,180.0,4,,"Yeah, I didn't go into it straight away. I was quite a sort of sheep, I suppose you could call me. So I've had a lot of friends who were going into kind of jobs in the city, as..."
business,Dr_Louise_Ashley__Merit_is_an_ideological_term,15,over_info,5,54.59,5.214005474452449,1,1,3,0,0,0,120.32999999999998,180.0,5,,"Yeah, absolutely. So I'd always been interested in equality and what we call the sociology of work. It was something that I'd been interested in when I was at university. And th..."
business,Dr_Louise_Ashley__Merit_is_an_ideological_term,27,over_info,5,57.92,4.944624728850272,0,0,3,0,0,1,0.0,180.0,4,,I think that's absolutely part of it. So access to professional and managerial jobs has historically been one of the main roots of individuals to undertake upward social mobilit...
business,Dragons__Den_Vincenzo_Guzzo_-_Mr._Sunshine,50,over_info,5,71.85,1.4299999999998363,0,0,0,0,0,1,0.0,1.849999999999909,1,Stonewalling / Non-Response,"Well, you know, I think Quebec, I think Quebecers are a lot smarter than we sometimes give them credit for. I can tell you one thing. As much as Quebec, sometimes we hear Quebec..."
business,Driving_Organic_Innovation,20,over_info,5,65.08,0.0,0,0,0,0,0,1,0.0,10.6400000000001,1,Stonewalling / Non-Response,"Absolutely. I think that makes a ton of sense. Earlier in our talk, you, you brought up Nike and Apple, for example, which I think, you know, they, they, they definitely then tr..."
business,E009_No_Half-Commit__Product_Teams_Fully_Buy_In_to_And_Align_Every_Decision_Towards_One_Cohesive_Product_Outcome,2,over_info,5,53.93999999999999,0.0,0,0,2,0,0,1,0.0,121.21999999999997,2,,"And I think that's really important when you're talking about having that conversation and saying, I hear your concerns, I believe that they're valuable. It's essential when you..."
business,E07_-_Jake_Withnell_of_JGP_Wealth_Management,19,over_info,5,56.67,2.360595611285248,1,0,3,0,0,0,2.360595611285248,177.25000000000006,7,Stonewalling / Non-Response,"Right. And I think just having the knowledge of, you know, you're running a business. You're not coming home and wanting to dive into the application and figuring it out, ""Okay,..."
business,E082_-_Personal___Leadership_Development__A_WoW_View,25,over_info,5,58.32,119.22131539346742,0,0,0,0,0,1,0.0,119.22131539346742,0,,"Yeah, I think it's a natural-- to me it's natural segue, I guess, is what I'm saying. Because we fundamentally, at its heart, I think you and I believe that the best leaders, wh..."
business,E12_-_Dr._Dana_Lerman__Infectious_Disease_Physician,3,over_info,5,55.38,0.3400000000000034,2,0,3,0,0,0,65.33938202247192,118.17387954327553,5,,I think it's a mixed bag. I think that there are a lot of people doing it responsibly and following all of the guidelines or trying to as best as they can because there are many...
business,E28__Leadership_During_Times_of_Crisis,19,over_info,5,73.2,0.9500000000000455,1,0,1,0,0,0,0.9500000000000455,40.82999999999993,3,Stonewalling / Non-Response,"crisis. - We have a really, it's really fun. For us it's funny and the military is a different beast because it's always categorized by pressure, complexity. The stakes are alwa..."
business,E3_-_What_is_Social_Mobility,1,over_info,5,95.48,2.08364427259545,1,0,1,0,1,0,2.08364427259545,69.75999999999999,3,Topic Shift,"habits from? Yeah, okay. So if I think about our history and our money values let's say, I mean we came from in India, went to Africa, went to the UK, so we kind of moved around..."
business,E53_Why_We_Need_More_Anesthesiologists_Involved_In_Policy_And_Leadership_w._Dr._Vanila_Singh,3,over_info,5,74.49,2.842170943040401e-14,2,0,2,0,0,0,141.71999999999997,180.0,4,,"I mean, when I first saw that, it was amazing, right? So first of all, it's so nice to be able to speak to everybody and share the experiences and really what that whole entity..."
business,E54_Adding_PMO_Value_with_Strategic_Intent_and_Portfolio_Alignment_2,11,over_info,5,62.43,1.2570134324092805,1,0,2,0,0,0,165.13156294200837,180.0,4,,"it's not just about what's the point in terms of the goals of the organisation. The webinar we did together the other week on purpose driven PMO. That's when you're a drumbeat,..."
business,E54_Adding_PMO_Value_with_Strategic_Intent_and_Portfolio_Alignment_2,32,over_info,5,62.38927939159705,10.666799794476447,0,0,1,0,0,1,0.0,180.0,1,,"Well, I think we are learning a lesson from the generation coming after us, right? The millennials in their pursuit of purpose in their lives and their work, whereas the generat..."
business,E57__A_Deep_Dive_Into_Disability_Insurance__with_Ashe_Abebe,49,over_info,5,103.16,10.237666166916597,1,1,3,0,0,0,173.65789944903577,180.0,5,,"there? So number one, you want to make sure that your disability plan or policy has the definition of disability as own occupation. Some companies will call it own occupation, w..."
business,E76__The_Future_Of_Live_Entertainment_Post_COVID-19_w__Tim_Battle_-__MWL_Ep._7,18,over_info,5,75.78,20.959665404040493,0,1,4,0,0,0,87.86999999999989,180.0,5,,". >> Yeah, so what they did is, and there's this funny clip that keeps going around referring to the Boneyard match of Vince McMahon in an interview saying, we don't make wrestl..."
business,EC_14__with_Amber_Clark,21,over_info,5,134.77164742006542,8.670836392763931,0,0,2,0,0,1,0.0,66.07083639276402,3,Stonewalling / Non-Response,advice that you have ever given oh I don't think I've ever given no I don't know I feel I'm not the one that can answer that question I would say probably one of the conversatio...
business,EP.12__DIVERSITY___INCLUSION_IN_BUSINESS_WITH_SIMONE_MCNISH,4,over_info,0,58.94458404558405,7.193878917378925,2,0,1,0,0,0,118.79678604561266,180.0,3,,. I am so excited to be here first of all. Thank you for inviting me. But I got my start in my business. I actually started as a virtual assistant and a social media manager. At...
business,EP010__Tips_For_Creating_a_Home_Work_Space_For_Your_Business,27,over_info,5,62.11988246816846,10.700333006856113,1,0,3,0,0,0,10.700333006856113,180.0,5,,", I could be quite isolating for myself. That was a big transition moving from an office environment. I literally, my last job in the corporate environment was I ran a contact c..."
business,EP010__Tips_For_Creating_a_Home_Work_Space_For_Your_Business,29,over_info,5,54.85805737830002,10.302757824886726,0,0,7,0,0,1,0.0,180.0,8,,"trying to think of some of the things. I feel like I've got my space right now where I really like it. It's an easy way, right ? This is so funny. I feel like there's two broad..."
business,EP125_Growing_Your_Business_Through_Corporate_Wellness_Programs_with_Rick_Kent,7,over_info,5,66.94214868540345,5.3753037171350115,1,0,4,1,0,0,114.23530371713503,180.0,6,,"? Not that long. So if you go back five years ago, and I never, in our industry, I never even heard the term financial wellness. You know, who has even heard it? What are you ta..."
business,EP12____Jitendra_-_Citrus_Pay__on_exiting_for__130M_cash___raising__26M_to_launch_Jupiter_on_an_idea,16,over_info,5,64.89,0.48133303002737193,1,0,1,0,0,0,0.48133303002737193,180.0,2,,", I'm ICICI, so the most of the people who are working there may ex-belief, so I don't think that was a difficult part. I think the momentum we got definitely because of ICICI i..."
business,EP12____Jitendra_-_Citrus_Pay__on_exiting_for__130M_cash___raising__26M_to_launch_Jupiter_on_an_idea,18,over_info,3,157.28282863383637,25.215850873709314,2,0,2,0,0,0,152.9758508737093,180.0,4,,", before 2012 or 2013, nobody knew what does Stephen get with as a general consumer, we actually started branding the private gateway, which was like a first of its kind in the..."
business,EP12____Jitendra_-_Citrus_Pay__on_exiting_for__130M_cash___raising__26M_to_launch_Jupiter_on_an_idea,24,over_info,5,115.35,2.5599999999999454,1,0,1,0,0,0,2.5599999999999454,180.0,2,,"brand. So I think when we were, when we sold the business to pay you also, that year we had growth, two and a half X growth, so it was not like a business had any, any lull cycl..."
business,EP12____Jitendra_-_Citrus_Pay__on_exiting_for__130M_cash___raising__26M_to_launch_Jupiter_on_an_idea,42,over_info,4,87.6,1.6799999999998363,2,0,2,0,0,0,79.42000000000007,180.0,4,,"I think it was a situation, so another learning was that we did not raise large amount of capital in Citrus, so from that perspective that came to team hiring, we are always hir..."
business,EP12____Jitendra_-_Citrus_Pay__on_exiting_for__130M_cash___raising__26M_to_launch_Jupiter_on_an_idea,44,over_info,5,53.68,0.0,2,0,2,0,0,0,112.75999999999976,180.0,4,,"so we were definitely looking for acquiring the product and tech team, but just one team, not more, not number of teams, so I think maybe there is this confusion and we did, in..."
business,EP13_-_Canada_s_Top_CDO__That_s_Digital_and_Data_to_you,19,over_info,5,69.6,0.0,0,0,0,0,1,1,0.0,39.14999999999998,1,Topic Shift,", it was Star Wars, because like, you know, I actually got a gift when I first joined is about, you know, four weeks before I joined the company, endgame launched in Cineplex.co..."
business,EP28__How_Purpose___Prosperity_Can_Revitalize_Broken_Communities_with_Shadeed_Eleazer,6,over_info,5,52.75,0.37000000000000455,1,0,1,0,0,0,153.57000000000005,180.0,2,,"is incredible. I love the family piece. And I think that when you talk about community, which I know is big for you, especially in your own community, that there is that family,..."
business,EP2___Financial__Circle_Of_Life,29,over_info,5,59.47,0.0,0,0,2,0,0,1,0.0,32.110000000000014,3,Stonewalling / Non-Response,"Yeah, it's forward-looking. So big determinants are going to be things like your age. Obviously, if you're a lot younger, then your human capital is going to be higher because y..."
business,EP2___Financial__Circle_Of_Life,42,over_info,5,60.1,0.2300000000000182,0,0,0,0,1,1,0.0,0.9200000000000728,1,Topic Shift,"do they? No. OK, so I think that's pretty much said, not much planning typically for people in the early years. I think we should move on to the next stage, which we're calling..."
business,EP37_Dr_Mandeep_Rai_on_Cultural_Values__Meditation_and_Living_Purposefully,6,over_info,0,162.26,7.782192538000913,0,0,2,0,0,1,0.0,180.0,2,,"I'd be happy to. I'm in my situation in Thailand, and I think people would have had this experience in Thailand, potentially. I was asked to do a vapassana, essentially, but it..."
business,EP39__Half_chicken-feed_business__half_waste_management_company_-_Grubbly_Farms,25,over_info,4,55.62,1.3300000000001546,2,0,3,1,0,0,44.90000000000009,133.56000000000017,7,,"an interesting question. So I personally have always been very interested in aquaculture, which is commercial fish farming. And at least from a product standpoint, I would love..."
business,EP57_Marketing_Strategy_w_Angelo_Ponzi,16,over_info,5,56.923340285019115,1.301670142509579,0,0,1,0,0,1,0.0,28.92167014250947,2,Stonewalling / Non-Response,"right? Right . Like everybody else is talking about, and they're not thinking about the needs, the real needs that they have. Here's a thought for you that we both fill. Many of..."
business,EP8_1_1_Conversation_with_Amy_Reczek_-_Consultant__Corporate_Sales__Communication__Speaker_and_Trainer,13,over_info,5,55.56555124571088,9.491631111024333,2,0,2,0,0,0,95.12343875876473,180.0,5,,"? - Yeah, so I would say when you're thinking of this, think of all the people that don't create a good first impression. ' Cause those are the ones that stand up loudly and tha..."
business,EP_066__Framing_the_Discussion,35,over_info,5,61.73,0.0,0,0,1,0,0,1,0.0,23.649999999999977,2,Stonewalling / Non-Response,"- So the guy that owned Towson, it was the Towson artist's supply. That's now Plaza artist materials, but back in the day it was a pop and pop. It was two guys that owned the pl..."
business,EP_067__Let_s_talk_about_Community,29,over_info,5,76.25,6.094304571796556,0,0,1,0,0,1,0.0,31.8599999999999,2,Stonewalling / Non-Response,"that? - Yeah, I think it's, I always encourage people to buy local as much as possible. I have made choices in my life where I don't shop at PetSmart, I only shop at Muttmart fo..."
business,EP_144__How_Mentoring_Can_Help_Your_Relaunch__and_Beyond_with_Lisa_Fain,24,over_info,5,54.34,0.0,0,0,2,0,0,1,0.0,180.0,2,,". - Yeah, well, and especially in the case of relaunchers, when I relaunched my career before co-founding my relaunch, I was 42 years old and I was reporting to a 37 year old. S..."
business,EP_18___Finance_for_Startups_with_Pradyumna_Nag__Prequate,13,over_info,5,74.96,26.989647420346046,0,0,1,1,0,1,0.0,142.4000000000001,4,Stonewalling / Non-Response,"No, absolutely. I mean, so a lot of...you know, I would say growth related things or whatever, right? I mean, people keep looking for hacks and people keep looking for sexy thin..."
business,EP_18___Finance_for_Startups_with_Pradyumna_Nag__Prequate,34,over_info,5,55.27,0.0,0,0,0,0,1,1,0.0,22.2800000000002,1,Topic Shift,"up. Right. You know, one of the things that I have seen or observed with founder led businesses, right? Like where the founders still play a very critical role in the pricing an..."
business,EP_18___Finance_for_Startups_with_Pradyumna_Nag__Prequate,48,over_info,5,58.79,0.7400000000002365,0,1,3,0,1,0,0.7400000000002365,123.20000000000027,5,Topic Shift,". Yeah. Yeah. I think Jeff Bezos, I mean, it's a very, very tough call. I love what, you know, I've been a fan of the Amazon story from very, very early days that I was, I was f..."
business,EP_207_Buying_and_Selling,55,over_info,5,57.59,0.0,1,1,2,0,0,0,29.110000000000014,59.479999999999905,5,Stonewalling / Non-Response,"? Well, it's a little bit like opening a combination safe. You need to hit all those numbers, otherwise it doesn't open. Look, it's rare, but if you write the right thing, it's..."
business,EP_286__Pricing_For_The_Future_With_Fire___Mineral_Jewelry_Founder_Tiffany_Whipps,1,over_info,5,200.62,0.9600000000000364,2,0,3,0,0,0,118.11191729323303,180.0,5,,? Pricing your products or services can feel like a game of pin the tail on the moving donkey. You know is going to kick you if you get it wrong. There are so many factors to ta...
business,EP_2_Meet_Alexandra___Challenger_of_the_week,16,under_info,10,8.317107489815106,13.537458476966549,0,0,3,0,0,1,0.0,180.0,4,,"nervous. - OMG, that, okay. I mean, that's something, especially like as like teenagers, we all struggle with the opinions of others. So that 's amazing that you have friends th..."
business,EP_2_Meet_Alexandra___Challenger_of_the_week,29,over_info,5,58.79,3.9559433962265302,1,0,4,0,0,0,3.9559433962265302,180.0,5,,"should have? - Definitely, yeah. There was, I guess, more societal too and also like personal. So in my case, you know, a lot of people, I know like, you know, my family sent me..."
business,EP_4__Business_Unusual_with_Prof_Lim_Sun_Sun__Head_of_Humanities__Arts_and_Social_Sciences_of_SUTD,21,over_info,5,64.91,0.0,3,0,2,0,0,0,151.96000000000004,180.0,5,,"way, yes. I guess quite sort of blessed that way. In terms of the future of work, we will, I think, after this experience, be seen possibly a greater appreciation of work-life b..."
business,EP_4__Business_Unusual_with_Prof_Lim_Sun_Sun__Head_of_Humanities__Arts_and_Social_Sciences_of_SUTD,25,over_info,5,77.31,0.0,2,0,2,0,0,0,76.76999999999998,180.0,4,,"? I think in week one, optimist three, in week one, we will be transitioning out of the circuit breaker back to more business as usual. And I think that's where there will be so..."
business,EP_55_-_Juicy_SEO_Secrets_For_Blog_Posts__Podcasts__Pinterest_and_YouTube,13,over_info,4,53.12,0.0,0,0,2,0,1,1,0.0,49.770000000000095,3,Topic Shift,"? So you can either be posting things from your website on Pinterest or you could just be curating information on Pinterest, both of those strategies work. And the key is gettin..."
business,EP_55_-_Juicy_SEO_Secrets_For_Blog_Posts__Podcasts__Pinterest_and_YouTube,23,over_info,5,57.82,1.4913450292397101,0,0,3,0,0,1,0.0,151.59000000000003,7,,? The most important foundational strategy is choosing the right keywords. Most people I talk to even SEO experts do not get enough depth in their keywords. They'll have a set o...
business,EP_5__Business_Unusual_with_Gabriel_Lim__Permanent_Secretary_of_Ministry_of_Trade___Industry,3,over_info,5,117.67,0.6100000000000136,1,0,3,0,0,0,118.23000000000002,180.0,4,,"Well, I mean, I think it's been quite a seismic shock. Businesses have always been advised to prepare their business continuity plans, but it's really frankly quite difficult to..."
business,EP_5__Business_Unusual_with_Gabriel_Lim__Permanent_Secretary_of_Ministry_of_Trade___Industry,21,over_info,5,55.02,0.0,3,0,3,0,0,0,115.53999999999996,180.0,6,,"Yeah, I mean, you know, and Ryan, you know this for a time in the IMDA side. But some of your strongest ambassadors and advocates of digitalization, you know, broadly have actua..."
business,EP_5__Business_Unusual_with_Gabriel_Lim__Permanent_Secretary_of_Ministry_of_Trade___Industry,29,over_info,5,56.64,0.0,1,0,2,1,0,0,0.001,127.56000000000017,5,,"if there's ever any doubt that's been put the rest that I am quite a worry what I have been concerned about the long term in October, even when it first broke, when it wasn't ev..."
business,EP_63__Best_Practices_Working_from_Home,10,over_info,5,73.98,70.85200849645071,0,0,0,0,0,1,0.0,70.85200849645071,0,,"way. Let's talk about the environmental differences. So a common one that's coming up even more so now, often just generally working remote, is the bleed on time. So you might s..."
business,EP__14_HOW_TO_BEST_PROTECT_AND_DISINFECT_YOUR_HOME_FROM_COVID-19,15,over_info,5,58.89,2.4041149068323193,4,0,4,0,0,0,127.95999999999992,168.1080490654207,8,,"is it? That's a good question. Electrostatic sprayer is a machine, it's just like a ray gun, like an oversized star track ray gun. Well, actually a little bigger. But what it do..."
business,EP__17__How_to_Create_Content_That_Gets_You_Links__That_Get_You_Traffic_ft._Tim_Brown,49,over_info,5,59.16,0.7799999999997453,0,0,2,0,0,1,0.0,180.0,2,,"And just knowing that there is, it is effective. Now, if, and that's why people are emailing you and spamming you and saying, ""Let me get on your website,"" right? Because I, to..."
business,EP__77_-_Lars_Mangelsdorf__Getting_Swiss_Sales_Right,3,over_info,5,61.11,0.5199999999999818,2,0,3,0,0,0,114.65,180.0,6,,"Also depends on your product, obviously. So some products, your targeting and the enterprise accounts and maybe other products you're targeting. And the SMEZ in Switzerland, whe..."
business,EP__77_-_Lars_Mangelsdorf__Getting_Swiss_Sales_Right,33,over_info,5,67.77,5.286753246753051,3,0,3,0,0,0,143.05988225399483,180.0,6,,"every, and I mean, every follow up you do, you should deliver value and not just follow up because, you know, your boss told you to do or our sales force popped up. Like, you kn..."
business,EU_Tour__24_Untold_opportunities_building_products_in_a_circular_economy_with_Vamsi_Wuppalapati,7,over_info,3,441.26,0.0,1,0,2,0,0,0,46.042755905511854,180.0,4,,thing. So I come from a very humble middle-class educated Indian family. So both my parents have been working with government of India and the states over there representing acc...
business,Eden_Gillott_on_Compassion__Empathy_and_Patience_in_Corporate_Comms_During_Covid-19,15,over_info,5,52.82,0.0,1,0,5,0,0,0,0.001,180.0,6,,"it depends on what the company would like to do. So, for example, I have a client right now and they have several different locations in the varying different areas that have di..."
business,Electric_Skate_Cast_-_Episode_08__Clean_your_Esk8__ya_filthy_animals,7,over_info,5,75.02,15.802794425087143,0,0,1,0,0,1,0.0,80.6382227277224,1,,"think that kind of ties into some of the do's and don'ts of maintenance. So obviously one of the do's is check your connections. And on the don't side of that, don't do it while..."
business,Emerald_Fisk,54,over_info,5,66.64,1.2300000000000182,0,0,4,0,0,1,0.0,180.0,5,,"- Absolutely. And I think, yes, I mean, I don't think it is selling. You're selling yourself in terms of this is what I do and that's why when you've done speeches around financ..."
business,Emergency_Episode__4__Podcasting_During_Covid-19__and_Your_Big_Opportunity,5,over_info,5,56.67,0.0,1,0,4,0,0,0,127.01000000000005,180.0,5,,"Oh yeah, absolutely. So if you just look at as far as categories, news is doing very well. So news is a whole is up about 70% and that makes sense because people are nervous and..."
business,Emmerson_PLC__LSE__EML__-_Maybe_We_Do_Need_Another_Potash_Developer,11,over_info,5,79.88,7.417819431427688,2,0,1,0,0,0,128.97000000000003,180.0,3,,"first, the most difficult aspect for me is really the first hurdle where we get to potash and, you know, are they willing to even look at potash as a commodity. It's a very stra..."
business,Emmerson_PLC__LSE__EML__-_Maybe_We_Do_Need_Another_Potash_Developer,29,over_info,5,56.02080432528514,6.103380239964508,2,0,2,0,0,0,76.77338023996458,180.0,4,,"Well, the ideal would be to find a big enough partner who could come in and write the whole equity check for us. And in the fertilizer game globally, the companies are typically..."
business,Emotional_Safety_and_Leaning_Into_Uncertainty_with_Tony_Martignetti,18,over_info,5,71.44,1.1368683772161603e-13,0,0,1,0,0,1,0.0,8.419999999999959,2,Stonewalling / Non-Response,"Yeah, one of the best things you can do if you're going to be hosting something like this is to make sure you have someone else who's with you, who is helping to coordinate this..."
business,Empowered_to_Success___Emotional_Intelligence_-_Special_Guest_Mei_Phing_Lim,5,over_info,5,60.71,38.47349326683286,0,0,0,0,0,1,0.0,116.91881224066401,1,,"this is something that a lot of people in our jobs would have faced, whether the skill is like a massive one or a much smaller one. The thing is that I am a huge believer in cre..."
business,Energy_Indigenomics_-_Pathway_to_the_Green_Economy,11,over_info,5,61.28,1.3400000000000318,2,0,1,0,0,0,124.83000000000004,180.0,3,,"almost always start with energy because that is sort of our jam, or I'd say our passion. That's where I sort of dedicated most of my career to. Energy is a, you know, when you t..."
business,Energy_Indigenomics_-_Pathway_to_the_Green_Economy,13,over_info,5,97.52105800732318,3.526710348814845,1,0,1,0,0,0,3.526710348814845,180.0,2,,", I'd say from an energy perspective is no longer the intent to convert to a modern, clean grid. But it's more so policy and the lack of readiness, the lack of policy environmen..."
business,Engineering_Change__How_Cai_GoGwilt_and_Ironclad_are_Driving_Change_in_the_Legal_World,43,over_info,5,58.3,0.0,1,0,1,0,0,0,0.001,180.0,2,,"? Great question. I don't think I have really a typical day. My schedule and my responsibilities have changed rapidly from week to week, month to month, quarter to quarter. I wo..."
business,Entities_and_structures_-_what_is_right_for_you,7,over_info,5,64.03,0.0,1,0,1,0,0,0,0.001,180.0,2,,"Yeah, so when you choose a trust, you can either elect to have individual trustees. So mum and dad or whoever it might be. Or you can choose to have a company act as a trustee...."
business,Entrepreneur_Success_Formula_Podcast_Episode_13_-_James_Cole_from_Panache_Cruises,7,over_info,5,54.91,0.0,2,0,2,0,0,0,118.33999999999997,180.0,4,,">> Yeah, I mean, I sort of fell into the market to be perfectly honest. So I finished university, I did a bachelor's degree, I did an MBA straight after that. And after those tw..."
business,Entrepreneurial_Endeavors_and_Freelancing_with_Emily_Leach,23,over_info,5,60.23184262038365,9.69011670196653,0,0,0,0,1,1,0.0,29.230371284451394,1,Topic Shift,"Yeah, you want those reasons for them to come to you. Right. Right. And so that is super, super helpful. And B NI is where , you know, when I, when I begin to try and convert ou..."
business,Entrepreneurial_Women_with_Purpose_-_Josie_Pagani__Executive_Director_at_The_Council_for_International_Development,11,over_info,5,55.608851955307266,11.043908928915414,2,0,2,0,0,0,137.77329295795352,180.0,4,,"Yeah, so that really goes to the heart of what do you think, what is your purpose, isn't it? Because I guess, you know, I think that my kids are now old teenagers and I kind of..."
business,Entrepreneurship_and_Scale_with_Chris_Ronzio_-_196_2,7,over_info,5,55.52,9.517735849056635,2,0,4,0,0,0,102.10000000000002,180.0,6,,"? - Well, I think from a bank's perspective, there's this stigma of the insecurity and the risk around being an entrepreneur. So they can't underwrite that. You know, they can't..."
business,Entrepreneurship_and_Scale_with_Chris_Ronzio_-_196_2,38,over_info,5,52.50944892123733,13.194733558617145,0,0,3,0,0,1,0.0,180.0,3,,"course. - That's awesome because I mean, scope creep can just be a killer. And it's amazing the negative impact that that can have, whether it's scope creep and the acquiring cu..."
business,Envestnet_I_Yodlee_s_Brandon_Rembe_on_the_move_to_hyper-personalization,17,over_info,5,63.61,0.0,1,0,1,0,1,0,0.001,138.4699999999999,3,Topic Shift,"it is interesting. And finances still tend to be one of those taboos subjects that people don't still necessarily feel comfortable about talking with their friends of, ""How much..."
business,Ep.3___How_this_Floral_Boutique_Blossomed_into_a__1M_Business,11,over_info,5,66.35,2.099999999999966,3,1,3,0,0,0,174.11,180.0,7,,for you? In terms of growth I guess you know this will be best described by a revenue. So the first year we by the way we started as an online business only. We didn't used to h...
business,Ep.3___How_this_Floral_Boutique_Blossomed_into_a__1M_Business,31,over_info,5,64.83,5.678714348398444,1,0,3,0,0,0,5.678714348398444,180.0,4,,marketing? You know a lot of our we do to be honest we I want to say we do get emails but we don't really get tons of emails we most of the emails that I use for marketing are p...
business,Ep.4_Impact_of_COVID-19_on_Global_Migration_with_Ramin_Asgard,3,over_info,5,60.39102720680442,63.04271577340387,0,0,0,0,0,1,0.0,63.04271577340387,0,,", Jess, that's a very good question. Obviously COVID has a whole range of challenges that have affected, not just the United States, but every country around the world. US is ob..."
business,Ep._001_-_How_Often_Should_eCommerce_Companies_Make_Pricing_Decisions,4,over_info,5,66.96449069973427,0.38942426926487883,0,1,1,0,0,0,0.38942426926487883,180.0,3,,I mean I think I was going to say I think I see well certainly the most recent set of probably five studies that I've been involved in if these are e-commerce companies right th...
business,Ep._001_-_How_Often_Should_eCommerce_Companies_Make_Pricing_Decisions,29,over_info,0,115.84,2.2737367544323206e-13,0,0,1,0,0,1,0.0,180.0,1,,both of us here no I think I think the core for me is that like we think is about right the technical arguments aside from our st.com spaces the real differentiator for us is th...
business,Ep._037__The_Legal_Ramifications_of_Reopening_the_Workplace,19,over_info,5,164.34,6.814520280811394,1,0,0,0,0,0,6.814520280811394,66.5976642766766,1,,"situation. Sure. Yeah, I'd be happy to. So that's actually, that's a concept taken from the Americans with Disabilities Act. And essentially the rule is is that if you're an ind..."
business,Ep._10_-_Adding_value_to_your_customers__lives_during_a_pandemic_w__Prince_Ghuman,9,over_info,5,91.19,0.0,1,0,1,0,0,0,0.001,180.0,2,,"more? Sure, it's, as humans, we have a tendency to personify brands and companies, right? We have personified nations, we have personified everything, everything somehow, in one..."
business,Ep._10_-_Adding_value_to_your_customers__lives_during_a_pandemic_w__Prince_Ghuman,17,over_info,5,105.93,0.0,1,0,1,0,0,0,0.001,180.0,2,,"look at the retail industry, right? It's a 10 billion a year, 10-ish billion a year industry in the US alone. Last time looked at the numbers. So but there are a couple things...."
business,Ep._10_-_Matt_Lindsey_-_The_Role_of_a_GM___The_Art_of_Team_Building,12,over_info,0,135.07,1.7003932584270842,2,0,2,0,0,0,75.25,180.0,4,,"Well, I mean, I think it's it's definitely practice and it's definitely building a catalog just through hours away It's the Malcolm Gladwell 10,000 hours ago for I'll speak for..."
business,Ep._10__The_Real_Story_of_Houston_s_Tech_Industry,9,over_info,5,109.78,0.18999999999999773,2,0,2,0,0,0,123.51999999999998,180.0,5,,Houston? So the Computing Technology Industry Association puts out this annual report every year. It's a great report in the sense that it provides a really comprehensive benchm...
business,Ep._10__The_Work_Mullet,7,over_info,5,54.39,4.820485388806219,0,0,2,0,0,1,0.0,180.0,4,,". 2008 and then I say 2009 because we, we eked it out to the beginning of 2009. But we basically went from $5,000 days to $200 weeks and it happened almost overnight, very, very..."
business,Ep._12___Personal_Injury_Attorney_Peter_Grenier,23,over_info,4,241.7698774042627,110.74802265638527,0,0,0,0,0,1,0.0,110.74802265638527,0,,", as I said earlier, you know, optimism is a self-fulfilling prophecy of success. And I came up with that phrase probably 20 years ago and I really, really believe it. I believe..."
business,Ep._13_-_The_Story_I_m_Telling_Myself_Is,9,over_info,5,56.97,1.1368683772161603e-13,1,0,2,0,0,0,134.56000000000017,180.0,4,,Yes. That gives you a little more room to learn. I believe that my presentation was a little bit odd because I think many people did bring to the table all of the skills that th...
business,Ep._13_-_The_Story_I_m_Telling_Myself_Is,17,over_info,5,57.6153852188922,3.7409289188765342,0,0,1,0,0,1,0.0,180.0,3,,"it actually is feedback that I've been given and I think the term ""step it up"" is my term. So an example of a realistic statement might be, ""Okay, you did good on this, that and..."
business,Ep._13_-_The_Story_I_m_Telling_Myself_Is,21,over_info,5,53.4,1.8100000000001728,1,0,3,0,0,0,88.34000000000037,180.0,5,,"Yeah. And I think the other thing, I've learned over time and it's taken a long time and certainly it comes with a certain amount of tragedy or difficulty that my feelings about..."
business,Ep._1_Ryan_Morris__Executive_Chairman__Software_Motor_Company,13,over_info,5,71.1,0.849999999999909,0,0,0,0,1,1,0.0,39.09999999999991,1,Topic Shift,"? - Well, what's really cool about simulation, and this is to a lesser degree true in the power electronics, but with simulation, it's really actually a matter of degree. So you..."
business,Ep._20__Covid-19__ITMF,11,over_info,5,110.49,0.2599999999999909,1,0,1,0,0,0,0.2599999999999909,180.0,2,,think I think I think I touched that quickly as before is that they should really provide them at least with loans at very good conditions. You know if you if you just don't hav...
business,Ep._214_Complement_Your_Legal_Knowledge_with_a_Team_of_Experts_with_Steven_Bryant,12,over_info,5,69.64,0.0,0,0,2,0,0,1,0.0,180.0,3,,"Yeah, I'd love to tell you, first-hand experience, you know, in rock-tores or discovery process, you always get those tax returns. And for me, it was a catch-22 of his, I don't..."
business,Ep._289_-_How_to_Pitch_Yourself_for_Podcast_Interviews_with_Kelly_Glover_of_The_Talent_Squad,10,over_info,5,55.95,0.42999999999995,1,0,3,0,0,0,0.42999999999995,180.0,4,,"I mean, when I started my podcast back like not even that long ago, halfway through 2017, 2018, I can't remember now, it seems like it seems like forever ago. I was starting it..."
business,Ep._289_-_How_to_Pitch_Yourself_for_Podcast_Interviews_with_Kelly_Glover_of_The_Talent_Squad,24,over_info,5,61.62,7.21849710982633,1,0,2,0,0,0,42.51999999999998,180.0,3,,"I love a couple of things that you said in there. One is, you know, when you look at someone else's show and you see that someone else has been on there that does the same thing..."
business,Ep._2___Hope_in_the_Midst_of_Crisis__with_Rachel_Hope_Henry,13,over_info,5,78.08,1.1899999999999977,0,0,4,0,0,1,0.0,180.0,4,,basis? I think it starts with conversation. Everyone in my opinion has a need and every day you can go through life and you can watch as many Netflix series as you want or we sp...
business,Ep._2___Hope_in_the_Midst_of_Crisis__with_Rachel_Hope_Henry,15,over_info,5,101.86,0.0,1,0,3,0,0,0,54.719999999999914,180.0,4,,"Absolutely. So when I was looking up hope. I came across so many words like aspiration, desire, expectation, ambition, aim, plan, optimism, confidence and anticipate. And then l..."
business,Ep._363___40K_Interest-Free_Loan_From_My_In-laws._Yes_or_No,49,over_info,5,55.48,0.0,2,0,4,0,0,0,168.17183879093204,180.0,6,,"questions about 529s fairly regularly Recently though, it seems like they've been coming a little bit more consistently And some people have even started referring to the enroll..."
business,Ep._474__Marieta_Oslanec,11,over_info,5,59.52,0.0,1,0,1,0,0,0,0.001,21.989999999999952,3,Stonewalling / Non-Response,"Right. So I have two types of clients. I work with, like I mentioned, foreign immigrant entrepreneurs who are moving to United States, and they already have some capital. And I..."
business,Ep._50_My_Brother_Eli_Hosts_The_Show_To_Celebrate_50,21,over_info,5,78.94,5.684341886080802e-14,1,0,3,0,0,0,105.2717910447762,180.0,6,,"this? So the truth is that it started out when I started it, I was really heavily involved in the clothing company and providing clothing to postpartum women, a lot of which who..."
business,Ep._50_My_Brother_Eli_Hosts_The_Show_To_Celebrate_50,35,over_info,5,72.41,0.0,1,0,5,1,0,0,83.04999999999995,165.77999999999997,8,,"? Yeah, definitely. Whereas in the past, let's say if I was working with the business client, I would just be focusing on strategy and building their business plan and, you know..."
business,Ep._50_My_Brother_Eli_Hosts_The_Show_To_Celebrate_50,41,over_info,5,55.66,0.0,1,0,4,0,0,0,138.53999999999996,180.0,6,,"success? So that's a great question. And I think that you mentioned also, you know, when there was some stagnation in someone's body, when stress is stagnation, but it's even wo..."
business,Ep._50_My_Brother_Eli_Hosts_The_Show_To_Celebrate_50,44,over_info,5,63.95,2.6699999999998454,1,0,2,0,0,0,55.559999999999945,180.0,5,,", 100%. I mean, I'm in physical therapy and I'll get related back to that again because that's kind of my field. But stress is related to pain in a big way. And one of the big i..."
business,Ep._581__Mark_Metry,9,over_info,5,67.05,0.9499999999999886,3,0,4,0,0,0,144.91000000000003,180.0,7,,", that's a great question. So, you know, there when it comes to people thinking about this idea in general, this term often gets confused with like being an introvert. And what..."
business,Ep._58_Real_Estate_Investing_with_Cory_Fawcett__MD,6,over_info,5,60.69,1.1200000000000045,1,0,2,0,0,0,27.662319327731097,180.0,3,,". Ease and end of this new life. So good. Let me get to the meat of the podcast here. You've written a series of books for healthcare professionals, and your latest one is about..."
business,Ep._594__Andy_Albertini,9,over_info,5,102.99000000000001,0.0,1,0,2,0,0,0,0.001,162.3599999999999,5,Stonewalling / Non-Response,. So I like to look at ancient wisdom and see how we can apply it. So where we started is change is not a constant. Change used to be a constant. We used to be able to look at c...
business,Ep._6__Project_Management___Investment_Planning_in_Asset_Management_with_Chris_Klos_of_the_City_of_Winnipeg,24,over_info,5,52.33,1.0,2,0,2,0,1,0,73.24000000000001,123.29000000000008,5,Topic Shift,? You know what? The question is good because I've actually been asked a similar question on an interview once and I remember my answer and I feel like it still rings true where...
business,Ep._7__Buffet_s_Big_Move__COVID-19_Indicator_Stocks__and_Financial_Data_Security,15,over_info,5,118.779970134797,3.6612091371375755,0,0,1,0,0,1,0.0,120.6412091371376,2,Stonewalling / Non-Response,"So like you mentioned previously, he sold a lot of shares, particularly in the airline industry. And part of that has to do, Matthew, with a significant decrease in travels spec..."
business,Ep._865__Bruce_Daisley_Interview_with_Michael_Covel_on_Trend_Following_Radio,29,over_info,5,72.97,2.2737367544323206e-13,0,0,0,0,1,1,0.0,15.940000000000282,1,Topic Shift,"That's right. I mean, sometimes the absence of office politics is called psychological safety. And it seems, when people have investigated it, it seems that psychological safety..."
business,Ep._865__Bruce_Daisley_Interview_with_Michael_Covel_on_Trend_Following_Radio,35,over_info,5,59.06,0.0,0,0,0,0,1,1,0.0,9.200000000000273,1,Topic Shift,"? Okay. Yeah. I don't know. I'm guessing. Generally, I think the reason why written documents seem to work better is that it reduces that thing which the extroverts who are the..."
business,Ep._9_-_Re-engaging_customers_in_an_uncertain_environment_w__Allen_Adamson,9,over_info,5,63.78,5.684341886080802e-14,2,0,2,0,0,0,101.67000000000007,180.0,4,,"? >> Yeah, besides the digital transformation, now you need to look into what sort of services can we offer that people got used to, whether it's curbside pickup or ordering onl..."
business,Ep.__25___Special_guest__Dan_Hunter_-_Transformation_Mindset__EN,16,over_info,5,64.1693251264014,41.91460837450029,0,0,2,0,0,1,0.0,180.0,2,,"? The thing that I find and even with my coaches, I talk with them a lot about this is it's really important as a coach to know that your responsibility to your clients is to be..."
business,Ep.__25___Special_guest__Dan_Hunter_-_Transformation_Mindset__EN,26,over_info,5,61.031571841851495,2.1335101253619086,1,0,4,0,0,0,66.24351012536181,180.0,6,,"process? Yes, but it's not something that I wait two or three weeks to do and the successes in my eyes and not probably as big. So what I mean by that is for me, every rep is a..."
business,Ep09_Keys_to_a_more_robust_business,9,over_info,0,110.4,26.28973512578193,0,0,2,0,0,1,0.0,180.0,2,,"Yeah, that is such a good point because it is tempting when we have a situation like we do today and you just think, ""Okay, well, I've been a copywriter, but now I'm going to be..."
business,Ep13_Raymond_Gabriele__VP_of_Real_Estate_Development_at_Sueba_USA,50,over_info,5,56.019999999999996,3.009999999999991,1,0,4,0,0,0,142.18000000000006,180.0,5,,"that? So each one of these has involved a zoning overlay district, right, called a planned unit development or planned development district of PDD. And that's basically a carve..."
business,Ep2-_Achieving_Treasury_Success_in_the_Next_Normal-_Trends___Technology,21,over_info,5,66.6,0.0,0,0,0,0,0,1,0.0,74.6700000000003,3,Stonewalling / Non-Response,? One eye should be glancing over on the medical side how that's recovering. I think we're going to do that naturally because you have a family and people you care about and you...
business,Ep2_-_The_Neuroscience_of_Leadership,5,over_info,5,68.31,4.368796680497923,1,0,0,0,0,0,4.368796680497923,71.79607322033905,1,,"? - Knowing yourself better, for sure. And it's also, I'm a fan of Eastern wisdom as well. And one of the old sayings is to know others well, you have to know yourself well. And..."
business,Ep_007_-_Stepping_Up_to_Serve_Local_Businesses_-_Missy_McWhorter_with_Fairlawn_Area_Chamber_of_Commerce,8,over_info,5,77.7,19.354007648687798,0,0,2,0,0,1,0.0,180.0,2,,"special? Well, we've got multitude of different points there, but I think the most important thing is we've really got a diverse group of individuals and they really they want t..."
business,Ep_02__Dr._Kelly_Granger,49,over_info,5,64.91,0.2300000000000182,0,0,2,0,0,1,0.0,177.19807673627975,2,,"? - Yeah, I think part of the reason I have good friends is because the people that I keep close to me are the people who are willing to have difficult conversations. And the be..."
business,Ep_039_-_How_To_Support_Your_Neighbourhood_Businesses_during_COVID-19_with_Neighbourgood,27,over_info,5,69.59,0.0,0,0,1,0,1,1,0.0,77.60000000000014,3,Topic Shift,"it. Yeah, I mean, I think what this pandemic has, one of the things that this pandemic has proved is that remote work is possible and helping others through video conferencing,..."
business,Ep_07__Brie_Read_-_How_Being_Customer_Focused_Resulted_in_Insane_Growth_in_2_Years,46,over_info,5,63.11,20.965179432244213,1,1,3,0,0,0,112.5239225181599,180.0,5,,". Yeah, brilliant thinking. So I'm thinking we've gone literally like whirlwind from zero to two years, you're doing, you know, huge numbers along obviously, and it all sounds s..."
business,Ep_1.___Kathryn_Dane_-_Irish_Rugby_International,47,over_info,5,55.83,0.0,2,0,2,0,0,0,122.37999999999988,180.0,4,,Yeah you're totally right Jamie as you can probably tell the last two answers I am not very up to date with the current decision making in sports in general I found at the very...
business,Ep_1.___Kathryn_Dane_-_Irish_Rugby_International,55,over_info,5,78.62,0.6799999999998363,1,0,2,1,0,0,9.040000000000418,99.35000000000014,7,Stonewalling / Non-Response,the minute probably or what yeah I'm back and work now two weeks full time which is great and I suppose my main focus point is fueling myself so I'm lucky enough that I'm in pri...
business,Ep_102__Alex_Dewar__Sr._Manager_at_BCG_s_Center_for_Energy_Impact,21,over_info,5,117.69,0.0,1,1,2,0,0,0,106.71000000000004,180.0,4,,. Exactly yeah I mean I think it's that's another you know really challenging question and in some ways you know you can completely understand the focus on you know making compa...
business,Ep_102__Alex_Dewar__Sr._Manager_at_BCG_s_Center_for_Energy_Impact,23,over_info,5,74.54,0.0,2,0,1,0,0,0,154.09000000000015,180.0,3,,I think the most important thing that anybody should be thinking about oil and gas companies or frankly anybody in the private sector is what are their incentives going forward...
business,Ep_106__Davida_Herzl__Co-Founder_and_CEO_at_Aclima,9,over_info,5,67.62,0.8300000000000409,2,0,1,0,0,0,82.62,150.69668501809656,3,,"? Yeah. So, you know, first it was really about, and I, and you know, I took several years actually before sort of hiring anybody or sort of building out the business plan to re..."
business,Ep_106__Davida_Herzl__Co-Founder_and_CEO_at_Aclima,41,over_info,5,54.19,0.0,2,0,2,0,0,0,140.10999999999967,180.0,4,,"? I think that there is a huge opportunity. I mean, there's been just so much attention on this, but I think even, you know, our analysis from the last couple of weeks is, you k..."
business,Ep_109-_How_to_Connect_in_a_Divisive_World,21,over_info,5,54.013518213435844,11.583191735331638,0,0,3,0,1,1,0.0,180.0,4,Topic Shift,"the time like you you talked. I mean Well intentioned and we're like I said, we're really easy to It's really easy for us to justify ourselves and well People need to learn to p..."
business,Ep_14__Senior_Care_Industry_Netcast_with_Morgan_Jenkins,13,over_info,5,66.73618252427184,6.104816828478988,0,0,0,0,0,1,0.0,44.93481682847903,2,,"that's easy. We celebrate. So on our team, we love to do success stories and success doesn't mean that we collected a paycheck for our efforts with a client. Success means that..."
business,Ep_178_Say_Yes_to_Life__7_Keys_to_Living_Full_Out_from_Within_with_Elliott_Robertson,14,over_info,5,53.8,0.0,3,0,2,0,0,0,95.87,180.0,6,,"I really don't know what the research would say about the different levels of happiness. I know that my mentor, Marcy Scheimel, who wrote the book, The New York Times The Cell A..."
business,Ep_19_-_Barbara_Holmes__Managing_a_healthy_work_life_balance,49,over_info,5,53.93999999999999,0.3900000000003274,0,0,0,0,0,1,0.0,65.80000000000018,1,,", they can go onto my website, which is all the w is work life balance.com.au. There is a Facebook page managing real life balance. And they can email me mail m a l at work life..."
business,Ep_24_Combating_loneliness_with_care_packages,35,over_info,5,71.51,12.811552680221666,1,0,5,0,1,0,143.49,162.20000000000005,7,Topic Shift,So many things. How much time you have. We're growing really quickly right now which is really exciting. COVID has actually been somewhat helpful to us in the sense that we were...
business,Ep_25_The_changing_nature_of_HR_leadership_with_Lim_Chee_Gay,27,over_info,5,52.91,0.0,0,0,0,2,0,1,0.0,44.379999999999654,3,,"always go back if you look at leadership or inspired, continue to inspire me to lead. And when it comes to the world of leadership, it's always the art of motivating a group of..."
business,Ep_272__Momentum,19,over_info,5,91.94,0.0,2,0,2,0,0,0,131.0400000000002,180.0,4,,", I think the first thing is, while the transition was a logistics transition, do they have access to their files? Can they work? What type of work are they doing? That transiti..."
business,Ep_272__Momentum,23,over_info,5,77.0,0.4700000000000273,0,0,2,1,0,1,0.0,40.13999999999987,4,Stonewalling / Non-Response,"Well, that's the most interesting part. And when I analyze crisis, I realize that you can't stop a crisis full stop. You can lean into a crisis and change its momentum. And that..."
business,Ep_29_John_Ludlow_of_Airmic__Insurance_falling_short_of_high_standards_and_founding_principles,17,over_info,5,56.47,0.41000000000008185,0,0,2,0,1,1,0.0,150.46000000000004,3,Topic Shift,"? If the industry won't get there itself then yes. And I do think we're all in a bit of a bind, aren't we? Because insurance, there's a tendency for it to become commoditized. P..."
business,Ep_29_John_Ludlow_of_Airmic__Insurance_falling_short_of_high_standards_and_founding_principles,18,over_info,5,55.89,0.0,0,0,1,0,1,1,0.0,94.15999999999985,2,Topic Shift,". And do you think the regulator might get more involved in forcing us out of our conspiracy of silence, perhaps what I'm referring to there is that, again, there is an inertia..."
business,Ep_3_Pivoting_-_Lessons_from_a_fast_growth_start_up_with_Cheers_Sweetie_founder_Jill_Webb,33,over_info,4,52.87551319269725,51.415032578543105,0,0,0,0,0,1,0.0,51.415032578543105,0,,"'t compare yourself to someone else, I think that's the big thing. I'm still, I still struggle with that a lot, but I think from the outside and when you're launching a business..."
business,Ep_68__interview_with_Joy_Christin_Johnson,23,under_info,10,7.302574397732642,10.71462370575955,0,0,0,0,1,1,0.0,31.38623861259191,1,Topic Shift,"food? Street food. Oh my God, I'm not getting the name right now. The puff trace. Oh, cherry Murray of trace masala. Yes , I love the masala, especially the one which you get it..."
business,Ep_8__Opportunities_in_Artificial_Intelligence,21,over_info,0,57.08048291443095,79.82869670604941,0,0,0,0,0,1,0.0,79.82869670604941,0,,So I think it's happening every day we can see that there is a lot of for example you know working from home there's so many productive tools and so much analytics that we are g...
business,Ep_99_-_Coronavirus_Crisis_-_Part_8_Engaging_Current_Supporters,25,over_info,0,66.18404017638413,21.92471479595838,0,1,3,0,0,0,129.722067110951,180.0,5,,"Yeah, great question. And I've driven away from one-on-one meetings or put down the phone or and thought, ""Did anything happen here? Or did I just run my mouth?"" I've got six th..."
business,Ep__6__How_to_change_your_mindset_w__Tara_Punter,5,over_info,5,70.88,1.1100000000000136,3,0,2,0,0,0,171.45,180.0,5,,"have? Very good question. Generally, a growth mindset. And that's when actually you are able to look at a situation that might actually feel like a challenge. And instead of thi..."
business,Epidose_5__Subject_Matter_vs_Theme,9,over_info,4,59.48,0.0,1,0,1,0,0,0,0.001,123.82,3,Stonewalling / Non-Response,"with my what I like to shoot and what I have shot, but I feel like I can kind of more even though I might not be to that point yet, if that makes sense. So it's okay if you don'..."
business,Epidose_5__Subject_Matter_vs_Theme,11,over_info,5,60.06871439249232,25.6635927248567,0,0,0,0,0,1,0.0,30.373592724856735,1,Stonewalling / Non-Response,"It's exactly what you're like, what it's of, literally, whereas abstract, your theme is created when you use your subject to explore something deeper. Okay, so let's just go bac..."
business,Episode_004__Interview_with_Kari_Gustafson_of_Hot_Mesh_Mom,19,over_info,5,56.1,0.0,0,0,6,0,1,1,0.0,180.0,7,Topic Shift,'ve really maybe changed who my influencers are as I've grown over the years. Kind of seen through the fakeness. And I have quite a few people that I do look up to now as oppose...
business,Episode_004__Interview_with_Kari_Gustafson_of_Hot_Mesh_Mom,77,over_info,5,60.48,3.8385826771652773,0,0,0,0,1,1,0.0,15.277244094488196,1,Topic Shift,? So being a maker means to me is it's the ripple effect. I get to make something that is going to impact somebody else. And that may impact somebody else. And it's like the fiv...
business,Episode_0160__Shahid_Durrani,11,over_info,5,55.39,0.8799999999999955,1,0,0,1,0,0,0.8799999999999955,53.18850356879159,2,,"Yeah, I think I think the world is seeing that across across the board. I'm not sure what the economic plan is in Canada, but I know in the States, of course, it's just it's jus..."
business,Episode_02__How_to_choose_a_circular_economy_strategy_with_Prof._Anne-Marie_Tillman,6,over_info,0,187.91539845758356,4.4947614535682305,3,0,4,0,0,0,119.41368894601544,180.0,7,,"real life, the waste hierarchy and other frameworks that prioritize among circular economy strategies do not really work that well. First, there are so many conditions that dete..."
business,Episode_104._Brandon__owner_of_SGTStarbooks_not_Starbucks_who_provides_Quality_Antiquarian_books_at_a_fair_price,5,over_info,5,52.73,0.7493764105000764,0,0,1,0,0,1,0.0,84.93,2,Stonewalling / Non-Response,"you can remember right now. Over here, I'll just, I'm in my story now to just walk over here and take a look. I know it's from the 1700s. It's called characteristics of men mann..."
business,Episode_104_-_A_Little_Wray_of_Sunshine,9,over_info,5,108.07,14.444116165855291,0,1,1,0,0,0,14.444116165855291,180.0,2,,"probably it also depends, I think, from your starting point. So if you came into this space purely theoretical, you know, maybe you've done some research, you came through as a..."
business,Episode_109_Interview_with_Jack_Welde_CEO_of_Smartling,9,over_info,5,70.27,0.0,1,0,1,0,1,0,0.001,116.93893240682252,3,Topic Shift,"? >> Yeah, there's lots of stats on this and there's a couple different organizations that have done research and we have our own research on this as well. But some of the stats..."
business,Episode_109_Interview_with_Jack_Welde_CEO_of_Smartling,11,over_info,5,80.44,7.18447883765009,0,0,0,0,1,1,0.0,27.418932406822535,1,Topic Shift,"Yeah, so it's interesting. You know, a modern company that has a website, has a mobile app, has marketing content, marketing emails, has different campaigns that they run. A mod..."
business,Episode_109__Creating_a_More_Inclusive_Workplace_with_Jennifer_Brown,13,over_info,5,65.74,0.0,0,0,2,0,0,1,0.0,180.0,2,,", when we think about mentoring, for example, you have a choice of mentoring, the squeaky wheel that comes to you that says, ""I want help."" Those people are going to have the mo..."
business,Episode_10_-_Lloyd_Wolf_-_from_start-up_to_successful_exit_-_the_steps_to_take_to_scale_your_business__the_real_deal_on_the_power_of_processes_and_systems___gro,41,over_info,5,54.01,0.0,2,0,3,0,1,0,37.61999999999989,131.9000000000001,7,Topic Shift,", certainly those two, the peer groups and EOS focusing on that your core focus would be, I guess, the other thing that I'd add in there. It's quite easy when you get some clien..."
business,Episode_10__Ivey_Cook,45,over_info,5,67.34,0.0,1,0,1,0,1,0,0.001,163.1099999999999,5,Topic Shift,"to National Convention this year actually. And I had the opportunity to serve as a delegate leader, like a discussion leader for the production agricultural committee. And so we..."
business,Episode_10__RG_Logan__SVP_of_Strategy_at_the_Truth_Initiative_on_Gen-Z_Marketing_and_making_the_jump_from_agency-side_to_client-side,21,over_info,5,67.68,0.8000000000000682,1,0,1,0,0,0,0.8000000000000682,133.60000000000014,3,Stonewalling / Non-Response,"? One of the things I've realized is it's hard to predict where the advertising industry is going to go, honestly, because there's sort of two opposing camps right now. One is t..."
business,Episode_112_-_Reuben_of_Zcoin,3,over_info,5,64.01,6.89597319719212,0,0,1,0,0,1,0.0,180.0,2,,"that was the promise, right? The initial promise. I mean, I know this goes into like, ""Oh, Bitcoin is a store of value versus a cash."" And either when I got into it, I saw it as..."
business,Episode_120_-_Bite-Sized_-_HVT_s,2,over_info,4,52.69,10.854457392570993,0,0,3,0,0,1,0.0,180.0,5,Stonewalling / Non-Response,"Yeah, it's funny. I have this and I talk with the division I lead quite a bit about action movies and when you see like the FBI or whatever. This is our top target and it's got..."
business,Episode_13_-_Inside_the_Glass_Box_-_Mike_McLaren_with_Cycle_Energy_Industries,41,over_info,5,56.06,0.6599999999998545,2,0,1,0,1,0,20.5910097965334,42.57999999999993,5,Topic Shift,"? I think, and, you know, we're also looking at access, you know, we think that there's a tremendous, tremendous opportunity here right now. And with opportunity comes, you know..."
business,Episode_13__Dave_Dilley_talks_with_Matt_about_insurnace,15,over_info,5,54.28,17.49646288209601,1,0,5,0,0,0,168.13,180.0,6,,and You know they could go back and to somebody's homeowners But you know they get settled on an actual cash value so What my question was is hey Matt how happy if you have a fi...
business,Episode_151___Kevin_Dahl__Co-founder_of_EvryWork_and_Advisor_at_Platform_Calgary___20_May_2020,68,over_info,5,52.71,6.226812008578236,1,0,3,1,0,0,66.01999999999998,123.00999999999976,8,,"another good example. And you mentioned, I don't, I've never heard of startup genome, but if you look at Austin, I think it's a city, a population of Calgary ish, 1 million, you..."
business,Episode_15_-_Coaching_Culture_-_James_Bawden,23,over_info,5,95.66584725121783,21.290180999753147,1,2,0,0,0,0,70.39755480167014,82.2275548016703,4,Stonewalling / Non-Response,"? - You know, honestly, and this is just my own personal experience, I haven't really dug in too deep into like the revenue intelligence tool side of things, right? So I've neve..."
business,Episode_15__What_is_Financial_Planning,8,over_info,5,55.74000000000001,0.0,1,0,1,0,0,0,0.001,180.0,3,,agree. And so much of the decision of are you comfortable with sharing your true picture? The real story is the element of trust with a financial planner. So you may need to loo...
business,Episode_15___Motherhood_and_Sustainable___Ethical_Chocolate_with_Lindsay_Tarnoff_from_Laughing_Gull_Chocolates,25,over_info,5,68.91,0.0,0,0,4,1,0,1,0.0,122.1400000000001,7,,"? So I do a lot of a lot of chocolate reading and listening and watching. And so I think as far as entrepreneurship goes, there are two podcasts that I've been listening to, how..."
business,Episode_16._Navigating_the_Current_Event_Environment__Moving_From_Fear_to_Courage,27,over_info,5,62.23,9.422901315789431,0,0,1,0,0,1,0.0,68.29999999999995,3,,"Yeah, it's that bridge right now that we're in with all this uncertainty of how long this is going to last. But you know, again, I come back to the beginning of our conversation..."
business,Episode_16_-_Inside_the_Glass_Box_-_Ambuj_Kumar_with_Fortanix,5,over_info,5,52.620000000000005,1.200000000000017,2,0,2,0,0,0,86.26999999999998,180.0,4,,"so one of our customers is PayPal. It's a publicly available reference, right? So PayPal operates in Google Cloud and we help them secure their data inside GCP. And we encrypt a..."
business,Episode_176__Leadership_for_Designers_with_Ryan_Rumsey,9,over_info,5,67.7,0.8600000000001273,0,1,1,0,0,0,0.8600000000001273,180.0,2,,"- So partner means rather than thinking of client customer or PM versus designer, it's a partnership. What we have seen is that in the most sort of mature decision making compan..."
business,Episode_17_-_Max_Tremaine_from_Sherpa,5,over_info,5,102.92,0.0,1,0,0,0,0,0,0.001,16.360000000000014,2,Stonewalling / Non-Response,"Well, I was pretty clear early on, like I remember, I remember actually being in an airport, probably the first week that anyone that I had heard about COVID-19. And it was pret..."
business,Episode_18_College_Can_Wait__Your_Mental_and_Physical_Health_Cant_with_Nick_Slovak,25,over_info,5,56.76,0.0,0,0,1,1,0,1,0.0,113.51000000000022,3,,"person? Yeah. So I think, you know, I'd go back to the point that I made earlier that, you know, when I was 21 in early sobriety, I thought my life was over because I hadn't com..."
business,Episode_19__Hayden_Barnes,13,over_info,5,52.27485940723047,21.205271957442164,0,0,0,0,0,1,0.0,21.3052719574423,1,Stonewalling / Non-Response,"going to be case by case? It's case by case because different people have different needs and there's not a direct route either. Some people, you know, a lot of people are perfe..."
business,Episode_1__Flipping_14_Houses_at_Once_with_Josh_Nicodemus,57,over_info,5,60.349999999999994,0.4699999999997999,0,0,4,0,0,1,0.0,180.0,4,,"Absolutely. Yeah. I mean, it's not taking the cheap way out when it would be easier, cheaper and quicker to do, you know, and I'm not talking about like what you said. I mean, y..."
business,Episode_223_-_Smoke_and_Mirrors_with_Gemma_Milne,47,over_info,5,57.32743389066761,14.731038686552893,0,0,0,0,0,1,0.0,15.20574456890563,1,Stonewalling / Non-Response,"Yeah, definitely. I mean, it's interesting. This is probably a different discussion about what would we really deem a business book, but a book that I think people in business s..."
business,Episode_22_-Best_Practices_For_Landlords_During_COVID-19_feat._Bita_Di_Lisi_of_Stonegate_Legal_Services,13,over_info,5,90.2,1.3100000000000591,4,0,4,0,0,0,111.78000000000009,168.04000000000008,8,,"now? So if the tenant doesn't pay on the first, the landlord, and I advise this, the landlord should start the legal proceeding. So the landlord can serve a notice to terminate..."
business,Episode_22_-Best_Practices_For_Landlords_During_COVID-19_feat._Bita_Di_Lisi_of_Stonegate_Legal_Services,29,over_info,5,55.06,0.0,2,0,4,1,0,0,112.68999999999994,179.96001909611687,8,,"? So those landlords that had an eviction order in hand prior to March 16th, they were their evictions were carried through. Hopefully they were carried through. After March 16t..."
business,Episode_22___Deborah_Kan___Founder__Being_Patient,11,over_info,5,57.34,0.0,0,0,0,0,0,1,0.0,120.94310879883187,1,,"? - I mean, I think that what really got me into it was we're talking about actually merging our ideas and taking my idea and having, you know, launching the health components t..."
business,Episode_231_-_Life_Insurance_In_A_401_k,11,over_info,5,76.91,0.0,0,0,1,0,0,1,0.0,180.0,2,,"plan? Well, there are two major reasons and one is to protect your family, your business, your loved ones and provide an estate. Life insurance creates an immediate estate. I ha..."
business,Episode_231_-_Life_Insurance_In_A_401_k,19,over_info,5,59.99021280133001,1.549015793848639,0,0,3,0,0,1,0.0,180.0,3,,"that work? If you build cash surrender value and you want to, let's think of the cash surrender value being a part of the death benefit. So let's say I have a $500,000 policy an..."
business,Episode_23_-_9_June_2020_Market_Update,11,over_info,5,57.669999999999995,0.0,0,0,6,0,0,1,0.0,180.0,6,,places like that there's a there's a really interesting dynamic and balancing act and places like Queenstown and any of the really tourist focused areas because on the one hand...
business,Episode_24_-_Putnam_County_Community_Foundation,17,over_info,5,52.849999999999994,3.5535672020287734,1,0,1,0,0,0,3.5535672020287734,180.0,2,,"of variants in Indiana. We're probably somewhere smack dab in the middle. There is some larger ones in the bigger rural or big urban areas, just because there's more constituent..."
business,Episode_24__Understanding_the_Due_Diligence_when_Investing_in_Notes,59,over_info,5,53.8,0.0,2,0,3,1,0,0,82.16000000000008,180.0,6,,That's a really good question. And a lot of people take that seriously in the note investing world because you really should. There's I'm sure there's plenty of horror stories o...
business,Episode_26__Moving_On_Up_or_Moving_On_Out,30,over_info,4,54.810333730631704,5.466718413646504,1,1,1,0,0,0,69.16008343265787,76.02008343265788,4,Stonewalling / Non-Response,"- I mean, all of those facets you just described are absolutely paramount in the Austin market. The tech economy is still driving hard. Those kids are happy and they are still g..."
business,Episode_26__Moving_On_Up_or_Moving_On_Out,32,over_info,5,53.55,1.1100000000000136,1,0,0,0,0,0,1.1100000000000136,7.970000000000027,2,Stonewalling / Non-Response,"the inventory problem in the context of your background a little bit. So, you know, many of us believed that one of the tools that helps resolve the issue of capacities to build..."
business,Episode_27_-_Integra_Resources_Corp__George_Salamis,13,over_info,5,59.06,0.12000000000000455,1,0,2,0,0,0,0.12000000000000455,180.0,4,,"I mean, we started off, we actually went into sort of pandemic prevention procedures, if you will, pretty early sort of just after the first week of May is essentially right aft..."
business,Episode_27_-_Integra_Resources_Corp__George_Salamis,31,over_info,5,52.89,0.0,3,0,3,0,0,0,121.33156936127739,180.0,6,,"Yeah, I mean, it started out with our existing shareholders, our 20-odd institutions that own us. And they just wanted sort of a bit of an update and they wanted to really see t..."
business,Episode_27__What_office_will_we_go_back_to__with_IWBI_Senior_Vice_President_Dr._Whitney_Austin_Gray,10,over_info,5,63.64,0.0,0,0,1,0,0,1,0.0,180.0,1,,"Yeah, and I think a lot of what you're talking about, it aligns with more modern definitions of health of being more than just the absence of sickness. And I think well-being an..."
business,Episode_2_-_Are_You_Able_To_Look_In_The_Mirror,13,over_info,5,65.46,0.0,0,0,2,0,0,1,0.0,180.0,2,,"it's interesting. I think look, I think COVID has broke down the wall to a certain degree because I can say, you know, I've, I've been working closer than ever with marketing cu..."
business,Episode_2_COVID-19_effects_on_Pest_Control_Investments,31,over_info,0,158.73241130055732,11.75288969817359,0,0,0,0,1,1,0.0,24.342889698173508,1,Topic Shift,", it depends on really what goes on in the broader market. If investors are inclined to speculate, then they're going to not care so much about, for example, if the central bank..."
business,Episode_2__Legacy,2,over_info,5,56.64,0.0,2,0,2,0,0,0,104.87000000000003,180.0,5,,"Yeah, and I think as I think about it, the answer is going to be for both questions, like when I became aware of what it could be and then when I started to care about it. And t..."
business,Episode_2__Valuable_Insights_On_How_To_Boost_Your_Job_Search_and_gain_a_competitive_advantage_In_A_Covid_19_Affected_Job_Market._An_interview_with_Andy_Preston_,13,over_info,5,87.42,6.579344077960968,0,0,1,0,0,1,0.0,180.0,4,,"it can be. In the main, I think it's a lot quicker process. I think people who are existing who are geared up to be contractors are confident to move into that contract world aw..."
business,Episode_31_-_Disasters_We_Have_Known,24,over_info,5,65.26,0.8699999999999477,2,0,5,0,0,0,20.150000000000034,34.88999999999993,8,,"Yeah, you know, to me that it also gets into a broader topic of connecting with brands. And how much connecting do people really want to do? I remember right before COVID I was..."
business,Episode_31__Conscious_Leadership_with_Executive_Coach_and_Author__Kaley_Warner_Klemp,37,over_info,5,67.81,1.7568863900737597,1,0,3,0,1,0,67.93999999999983,180.0,5,Topic Shift,"a couple things are allies. One is the pause. Even just one or two deep breaths. And that's not only to access the wisdom of emotion, that's to access the wisdom of your full br..."
business,Episode_34__Get_Into_Nature_with_Hal_Shaffer,7,over_info,5,55.25,0.0,0,0,0,0,0,1,0.0,1.75,1,Stonewalling / Non-Response,". And, you know, I know you're talking about God-given gifts. You know, we all need to realize that when you're sitting there and you're struggling to find where you're going in..."
business,Episode_37-_Sound_DNA_with_Alex_Wodrich__Part_Two,1,over_info,5,62.82,26.38297335645595,1,0,2,0,0,0,129.14000000000001,180.0,3,,Marketing podcast. Today's episode is our part two conversation with Alex Woodrich from Why Do Birds. We talked about his experience building the sounds of the Hyundai Pavilion...
business,Episode_3_-_Melanie_Wasser,23,over_info,5,54.82,9.918416485900138,0,2,4,0,0,0,128.43000000000006,160.47000000000003,8,,"one project I'm probably most excited about right now is the new promo video. So we're creating a new promo video for the Canada launch, but will eventually be used in the US as..."
business,Episode_3_-_Melanie_Wasser,51,over_info,5,67.02,0.0,1,0,3,0,0,0,79.51999999999998,180.0,4,,Davidson. We were chatting about I guess she was on the subway or TTC on her way to work and mentioned that there was foul smell coming from one end of the subway. And so she sc...
business,Episode_3__Kristina_Peralta,15,over_info,5,74.57,6.710861769809185,0,0,2,0,0,1,0.0,180.0,4,,"in public procurement, it's a little different, you know, are, we have a lot of restrictions that are placed on us that aren't typically seen in private sector and so for me, I..."
business,Episode_3__Kristina_Peralta,26,over_info,5,67.4,0.40999999999996817,0,0,1,0,0,1,0.0,124.80999999999983,2,,", in my humble opinion, I feel like creativity has kind of been quenched since the rise of technology. And when you think about when those classic movies, classic music was comi..."
business,Episode_3__Who_is_my_Customer,13,over_info,5,62.050000000000004,1.2799999999999727,2,2,1,1,0,0,168.72000000000014,170.90999999999985,8,,", there's a few rules of thumb. Some people say you should do 100 or 200 customer interviews, depending on whether it's a product or a service. I think until you start to get to..."
business,Episode_41_-_Taking_The_Hill_Legislative_Report,3,over_info,5,80.8,5.684341886080802e-14,1,0,1,0,0,0,0.001,180.0,2,,"'m not sure. You know, no one really knew that we would have this much of an economic impact. When we first started this process, it was anticipated the Paycheck Program would b..."
business,Episode_41__Amazon_Sales_Trends_Post_Coronavirus__Interview_with_Greg_Mercer_from_Jungle_Scout,27,over_info,5,72.04,0.0,0,0,0,1,0,1,0.0,2.9600000000000364,2,Stonewalling / Non-Response,"Yeah. We definitely do the more of like the continuous iteration or the MVP type model. So we do multiple product releases every week. A lot of those are just small, whether the..."
business,Episode_41__Amazon_Sales_Trends_Post_Coronavirus__Interview_with_Greg_Mercer_from_Jungle_Scout,44,under_info,10,9.331206246634357,13.157051246823812,0,0,2,2,0,1,0.0,138.2989656748482,4,,", that's really helpful. Yeah. I mean, you guys do an amazing job, have amazing products and they work and serve, you know, your clients very, very well. So I can attest to that..."
business,Episode_42-How_the_Rise_of_Digital_Media__Innovation__and_Data_Privacy_Regulation_Have_Shifted_the_Legal_Job_Market,49,over_info,5,60.75,0.0,2,0,2,0,0,0,121.57999999999993,180.0,4,,", artificial intelligence is a big broad category of things we might consider algorithms that are trained on old data to predict the future, for example, or can be algorithms th..."
business,Episode_42-How_the_Rise_of_Digital_Media__Innovation__and_Data_Privacy_Regulation_Have_Shifted_the_Legal_Job_Market,59,over_info,5,65.78,0.0,1,0,1,0,0,0,0.001,180.0,2,,"'m sure there'll be aspects which are monetized. The question is whether it will be exclusively on whether the, whether the vaccine will be exclusively owned by anybody, or whet..."
business,Episode_439__A_Conversation_with_Tim_Prohm__Vice_President_of_Digital_Product_Development_at_KellyOCG,5,over_info,5,138.56,1.5199999999999818,0,0,0,0,1,1,0.0,82.03999999999996,1,Topic Shift,"audience. - Yeah, absolutely, absolutely. And I think there's a mix. So some things are not so great due to COVID-19. I mean, everybody sees that. You take a look at the newspap..."
business,Episode_439__A_Conversation_with_Tim_Prohm__Vice_President_of_Digital_Product_Development_at_KellyOCG,14,over_info,5,99.22,0.5099999999999909,0,0,1,0,0,1,0.0,180.0,1,,"honestly. - Right, no, totally agree. And Tim, I'm gonna pick apart one phrase that you just said, 'cause this is gonna lead me to my next question. And that's a total talent ma..."
business,Episode_47__Jenkins_Software_Delivery_Automation_and_Management_with_Tracy_Miranda__Director_of_Open_Source_Community_CloudBees,13,over_info,5,71.0,0.0,3,0,3,0,0,0,120.95000000000005,180.0,6,,"Yes, yeah, no, that's a key thing. And it's constantly evolving. So we have an internal process and we'll kind of look at the way things are evolving in the market. In general,..."
business,Episode_47__Kristen_Sonday__Co-founder_and_COO_of_Paladin,3,over_info,5,67.43,0.0,1,0,1,0,0,0,0.001,180.0,2,,of course. So I'd say there are two things that are really top of mind for me right now. The first is just the magnitude and scale of the need for legal assistance right now in...
business,Episode_48__Zero_Trust_Security_and_Packaging_with_Ev_Kontsevoy__CEO_of_Gravitational,29,over_info,5,57.38,0.0,2,0,2,0,0,0,83.56999999999971,180.0,4,,"we, the gravitational in many ways, an anti male gun. So male gun was proprietary code base SaaS. Gravitational is open source software that you can download and run. So from th..."
business,Episode_4_-_Interview_with_Mark_Hopkins_-_How_to_build_relationships_and_make_a_difference,75,over_info,5,59.82,1.8903999999997723,1,0,0,0,0,0,1.8903999999997723,10.940000000000055,2,Stonewalling / Non-Response,"think sometimes, I've done this a few times actually, a couple of people have come to me outside of their business and asked me my opinion and not mentors, the wrong word, but j..."
business,Episode_4__Change_in_China_s_CBI_Demands,3,over_info,5,116.11999999999999,1.7099999999999795,2,0,2,0,0,0,111.83999999999997,180.0,4,,into? Absolutely. China market and Chinese applicants are very interested in Caribbean. And we can see from the market that more immigration agents on the ground start to have i...
business,Episode_4__Rentvesting_-_The_Future_of_Investing_in_Property_with_Terry_Ryder,30,over_info,5,53.779999999999994,14.520586187946492,0,0,1,0,1,1,0.0,68.24000000000001,2,Topic Shift,". Yeah, couldn't agree more, Terry. Absolutely agree with you there. And I think that it's fantastic you've been able to provide us with some really, really powerful examples of..."
business,Episode_51_-_Alain_Hunkins_-_Cracking_The_Leadership_Code,25,over_info,5,65.22,0.4199999999998454,0,0,0,0,0,1,0.0,10.230000000000018,1,Stonewalling / Non-Response,"Yeah. So what I probably would say is like, so what's at risk for you? I'm not saying you have to spill your guts. Here's the interesting thing, because people go from, oh, I'm..."
business,Episode_51_-_Alain_Hunkins_-_Cracking_The_Leadership_Code,37,over_info,5,82.8,0.0,0,0,2,0,0,1,0.0,118.79999999999995,5,,"Great. What can chimpanzees teach us? So there's this wonderful anthropologist who's named Lionel Tiger, which is just the most awesome name. And he studied chimpanzees and babo..."
business,Episode_5___Trust_the_Process,19,over_info,0,83.87994055784178,44.39842568407289,0,0,5,0,0,1,0.0,180.0,6,,"saying. - Oh, I have feedback. Feedback of any kind, whether it's directly with our audience, our community or with our own, you know, personal network, is really important. It'..."
business,Episode_60_-_Simon_England_-_Garwood_Solutions_Accenture,38,over_info,5,59.68,0.0,0,0,1,0,0,1,0.0,180.0,1,,"Completely. I want to just, before we do sort of close the Accenture chapter and move on to what you're doing now, of almost, you mentioned it right at the start, and you touche..."
business,Episode_63___Money_Making_Affiliate_Strategy,24,over_info,5,54.945227075498984,15.660622666002837,0,0,2,0,0,1,0.0,180.0,3,,"? Well, so one thing that you don't have to necessarily look for every week, but this is one that you can more so plan even in advance is looking at what's happening season ally..."
business,Episode_63___Money_Making_Affiliate_Strategy,35,over_info,5,53.6,0.3982614311546513,2,0,5,0,0,0,109.52614213197944,180.0,7,,"Well, I think one of the things too is the people who are having success with with your affiliate links who are not having the swipe ups or even the ones with the swipe ups is t..."
business,Episode_6_-_Mastering_MarTech_Webinar_with_David_Thomas_Boucher_from_Bumrungrad_International_Hospital__Brought_to_you_by_www.themartechsummit.com,25,over_info,5,56.76,0.0,1,0,1,0,0,0,0.001,127.12661386138598,3,Stonewalling / Non-Response,". Well, it's an easy one. I think the first, the first two things that come to mind, international plane travel for sure. I've lived in Bangkok now for two years. Since I've bee..."
business,Episode_6__Troy_and_Sandy_Talk_About_Real_Estate_After_COVID,54,over_info,0,53.12848929516478,33.73216075041523,0,0,1,0,0,1,0.0,94.1123049352127,3,Stonewalling / Non-Response,"? Taking away, okay. My first takeaway is live in your list. Get a list together. Your list is your gold. I think that we have way too many old clients especially if you're in r..."
business,Episode_71__Innovation_districts_and_our_urban_development_futures,4,over_info,5,62.97,17.23820621858954,0,0,0,0,0,1,0.0,180.0,1,,"manner. Our cities, if I can use the terminology, have kind of been hammered over the past number of months with this global pandemic. It's seen some very interesting sort of ha..."
business,Episode_71__Innovation_districts_and_our_urban_development_futures,7,over_info,5,136.21,0.0,0,0,1,0,0,1,0.0,180.0,1,,new? Yeah interesting question and probably a bit too early to call it because I mean you know we haven't really started to transition in a meaningful way to anything yet with t...
business,Episode_71__Innovation_districts_and_our_urban_development_futures,13,over_info,0,114.03204196933011,80.72097015253826,0,0,0,0,0,1,0.0,80.72097015253826,0,,that's an interesting one well I mean we we have or we had a minister for cities and I guess still do and it's likely different in coronation so suggests that that there is I gu...
business,Episode_7_-_Scaling_while_maintaining_collectible_value_in_art__brand_partnerships___licensing__Benson-Cobb__Texas,19,over_info,5,62.23,0.9764114832536279,3,0,2,0,0,0,171.47000000000003,180.0,5,,"'s funny, I look at my work because I actually have a crazy start. You know, I had a retail store and I had a lot of people wanting me to help them with, you know, decorating th..."
business,Episode_7_Doffie_Athersmith___You_cant_keep_a_determined_woman_down,56,under_info,10,6.966116173120729,15.10087915512213,0,0,1,0,0,1,0.0,92.80104112753065,2,,"Exactly. We always have ourselves , we have our knowledge, our experiences, our network, the people around us, we have everything we need to pick up and start again. So, I love..."
business,Episode_7__Field_Marketing_with_Anna,43,over_info,5,77.74,0.0,1,0,5,0,0,0,129.26636363636362,180.0,6,,"I look back on it, I realized the power that these influencers really have on you because I was very impressionable. I really wanted to learn how to do makeup and basically I ju..."
business,Episode_7__Inclusive_entrepreneurship,5,over_info,5,72.23,0.8599999999999568,4,0,3,0,0,0,167.27000000000004,180.0,7,,"Yeah, so the challenges that Founder's face are often very varied. But ultimately, knowledge and access to that knowledge is one of the biggest barriers. What's happened over de..."
business,Episode_7__Interview_with_Dottie_Davis_of_Davis_Corporate_Training,13,over_info,0,109.24746195808213,51.03103215618705,0,0,0,0,0,1,0.0,51.03103215618705,0,,that. I think what happened was I knew that I had reached the highest level. The only other level above me would have been assistant chief or chief of police. And we've never ha...
business,Episode_7__The_Importance_of_Mindset_When_Investing_with_Ash_Playsted,3,over_info,5,64.89,0.7700000000000102,0,0,0,0,0,1,0.0,1.160000000000025,1,Stonewalling / Non-Response,. It's such a big topic so maybe I should start by telling you in your listeners feel what I think a bullet proof mindset is in one sentence. For me it's really total control of...
business,Episode_83_-_An_Interview_With_Patrick_Precourt,14,over_info,5,59.05,11.78271121598118,0,0,1,0,0,1,0.0,180.0,1,,"All right, so Pat, let's help people. Let's do some tactical stuff here, right? We've talked about, I know this is, again, something you're passionate about. It's something that..."
business,Episode_8_A_Conversation_with_Fabrizio_Ulivi_from_Shanghai__China,14,over_info,5,89.49,0.0,1,0,1,0,0,0,0.001,180.0,2,,Absolutely. That's something that sometimes I need to clarify with my clients as well. Like the title of manager doesn't mean that all managers are the same. So being a manager...
business,Episode_8_A_Conversation_with_Fabrizio_Ulivi_from_Shanghai__China,22,over_info,5,69.91,0.5699999999999363,1,0,1,0,0,0,0.5699999999999363,180.0,2,,"That's that's a complex question. But because it really depends on the kind of organization we're looking at. There are younger organizations in China, especially where that kin..."
business,Episode_8_A_Conversation_with_Fabrizio_Ulivi_from_Shanghai__China,26,over_info,5,89.39,0.0,1,0,0,0,0,0,0.001,71.05243158060557,1,,"? Well, when it comes to senior positions, I think that at that point, organizations actually need to focus a lot more on strategic thinking. And the ability to detach themselve..."
business,Episode_8__Cryptocurrency_-_The_Future_Of_Payments,4,over_info,4,62.5,0.7800000000000011,2,0,2,0,0,0,50.30000000000001,180.0,4,,"Absolutely. So the user experience first, so for many people in Asia we are all very familiar with QR code payments and that's exactly how it works today. So the user experience..."
business,Episode_8__Cryptocurrency_-_The_Future_Of_Payments,12,over_info,5,59.41,1.009999999999991,3,0,3,0,0,0,145.02999999999997,180.0,6,,"we can highlight is that what this crisis has been changing and really my expertise is payment, cross border payments, remittances and so on is that what has skyrocketed is real..."
business,Episode_8__How_to_Start_and_Sustain_a_Side_Hustle_With_Your_Bestie,2,under_info,10,4.637865384615385,4.3870192307692335,2,1,3,0,1,0,21.40701923076923,47.577019230769245,7,Topic Shift,. Emus definitely are and I just don't enjoy them. They're too big. There's too many feathers. They're running around . They're not flying. And they're long necks and they're be...
business,Episode_8__Matt_hosts_Bryan_from_Dock_Bot,41,over_info,5,59.88,0.35000000000002274,0,0,0,0,1,1,0.0,40.0,1,Topic Shift,"So the reason, the reason I call Jeff on my first, on my first approach in this, this conversation is Jeff works in his background is ruggedized computer designs. He works for a..."
business,Episode_8__Will_Mobile_Rule_The_World_of_Shopping,13,over_info,5,55.48,0.7799999999999727,0,1,1,0,1,0,0.7799999999999727,75.25999999999999,3,Topic Shift,"? - Yeah. I mean, I think where we're going is it's just going to become the ubiquitous way in which we process payments, right? I was thinking about this the other day. I was g..."
business,Episode_99__AI_for_Digital_Advertising_and_Influencer_Campaigns,39,over_info,5,70.01,0.0,2,1,1,0,0,0,152.0,180.0,4,,"of their specific pricing models. I know for sure that they have a SaaS pricing model, but anything after that I'm not too well aware of. What we also do is we offer a solution..."
business,Episode_9__Embracing_your_Inner_Artist_with_Ashley_Trabue,25,over_info,5,58.13174030354132,1.2796526138280342,1,0,2,0,0,0,126.23965261382807,180.0,4,,". - Yeah, so body positivity. I mean, there's so many different names for it. Like body positivity. Yeah, for me, means affirming myself in my body and every season of life. Yea..."
business,Episode_9__Stay_Curious_with_Brianne_Bakken,32,over_info,0,66.26,5.876038575667735,0,0,0,0,1,1,0.0,34.713249258159976,1,Topic Shift,"Absolutely, and I think there's some really great findings in there, I mean, all over the place, but particularly in my area of focus in the area of leadership and management, w..."
business,Episode_9__The_tornados_song,9,over_info,5,66.09,0.0,4,0,4,0,0,0,161.59000000000003,180.0,8,,provide? Well what we're doing right now is we currently have three microphones that are out recording the atmosphere at all times. We use the slight difference between each mic...
business,Episode__12__May_1st__2020_Week_Lookback_in_Energy,23,over_info,5,57.222537641154325,19.872075367117304,0,0,1,0,0,1,0.0,180.0,1,,"? - Oh, just push it to that YouTube. You and I are gonna have a special on it. So we are gonna do our own special and we're gonna try to do our own 'cause it brings up a really..."
business,Episode__3__Embrace_the_Pain_to_Avoid_the_Suffering_with_Brian_Bogert,4,over_info,5,60.51,0.6700000000000728,1,0,1,0,0,0,175.11,180.0,2,,us. That's such an incredible story. I am grateful that you were here to share it with us today. There are so many people listening to us who are dealing with adversity. And of...
business,Episode__3__The_USA___Australian_acting_markets__O1_Visa__casting_directors__self-tapes___breakdowns__Talent_Agent_special,37,over_info,5,68.53,0.5,1,0,4,0,0,0,55.809999999999945,68.61000000000001,8,Stonewalling / Non-Response,"18, 19 years ago, what I found was if I could find an actor who was commercial, looking over 40, this is Australia I'm talking about, I knew even if they couldn't act, I knew I..."
business,Episode__41_-_Jenna_Huey_Ching__FortNynja,5,over_info,5,53.55,0.4200000000000159,1,0,3,0,0,0,0.4200000000000159,180.0,4,,? I think Labuan gives a different perspective of becoming more international friendly. And obviously it's quite interesting where Malaysia is a country where there's different...
business,Episode__41_-_Jenna_Huey_Ching__FortNynja,7,over_info,5,60.42,7.418011891490153,2,0,2,0,0,0,129.8400000000001,180.0,4,,? I think it comes from the need of the problem that they want to solve. It comes from that. I think it's also bearing in mind that for Malaysia there's always the additional co...
business,Episode__9_with_Jan_Drahokoupil__COVID19_and_platform_workers__what_rights_and_protections__A_look_into_Czechia,6,over_info,5,75.93,0.8799999999999955,2,0,2,0,0,0,124.5410421286031,180.0,4,,"as you said, platform workers have come into sort of line life recently. At the same time we've seen actually many of them losing their jobs. So it's true that some of the activ..."
business,Ergonomic_Risk_Factors,28,over_info,5,67.7,0.0,2,1,4,0,0,0,99.67999999999984,149.29999999999995,8,Stonewalling / Non-Response,". So just to summarize what we've talked about so far before we move into the next bit, there are three major ergonomic risk factors that put your workers at an increased risk f..."
business,Eric_Foster__CEO_of_Swinerton,17,over_info,5,58.95,0.0,3,0,3,0,0,0,141.52000000000004,180.0,6,,". Pretty standard general contracting breaths, but we try to stay active in a lot of markets. So office buildings, a multi-family, both affordable and market-rate healthcare, av..."
business,Escarpment_Gardens_Dufferins_Spotlight_on_Business,41,over_info,4,53.31,4.6757372654155915,0,0,0,0,0,1,0.0,19.05999999999983,2,Stonewalling / Non-Response,"ulture? permaculture is a design system to help people design their projects so that they're in harmony with nature. Basically, there's all kinds of natural systems and patterns..."
business,Essential_Geopolitics__The_Resumption_of_Work_on_the_Nord_Stream_2,9,over_info,5,92.74000000000001,0.0,1,0,1,0,0,0,0.001,152.47999999999996,3,Stonewalling / Non-Response,"up? Yes, and that's perhaps the more important element in all of this. Even though time to really halt the completion of the pipeline itself may have run out already, the US cou..."
business,Estate_Planning_for_Same-Sex_Couples,3,over_info,5,71.24,0.0,4,0,3,0,0,0,176.77999999999997,180.0,7,,"? Yes, they are. In 2015, the Supreme Court issued the landmark decision of Bergafell v. Hodges, which legalized same sex marriage nationwide. And this decision was the culminat..."
business,Estate_Planning_for_Same-Sex_Couples,17,over_info,5,66.68,0.5,0,0,3,0,0,1,0.0,70.69000000000005,3,,"? - Absolutely, so here's the thing, a state planning document for say-in-sex couples, even those who are legally married, should be viewed more carefully and with a more sensit..."
business,Everything_Real_Estate_pod_cast_with_Guest_Fareeda_Stokes_Broker_Owner_of_Harkes_Realty,47,over_info,5,52.4610207020702,3.375884788478743,1,0,1,0,0,0,3.375884788478743,125.87690643036012,2,,"- I would like my legacy to be, I would like my legacy to be someone, to be known as someone who owned an agency that truly cared about the people that we, that came through our..."
business,Experience__Perspective___Re-education,7,over_info,5,57.01,2.3799999999999955,1,0,4,1,0,0,10.409999999999968,180.0,6,,"I guess like I turned vegan. Yeah, so I turned vegan after I watched a documentary and then I was like, I wasn't convinced that going vegan was the right thing. So I kind of lik..."
business,Experiential_Marketing__Flipped,4,over_info,5,56.86811722380453,5.702773197421635,1,0,3,0,0,0,122.34277319742162,180.0,4,,"I think what differentiates, especially the experiential arm of Match, is that when we think about how ideas are going to move people to change something in their life. So, if y..."
business,Expert_says_China_s_digital_renminbi_could_pose_a__scary__future_for_US-led_financial_institutions__ft._Adam_Traidman,9,over_info,5,95.21999999999998,0.0,0,0,1,0,0,1,0.0,154.42211933130966,1,,an interesting question. We have seen interest from nations which have a reliance on a very specific type of natural resource such as in the Middle East where they are heavily r...
business,Explore_Home_with_Sita_Montgomery_from_Sita_Montgomery_Interiors,10,over_info,5,59.68,0.0,1,0,3,0,0,0,49.94,180.0,4,,"- Yeah, so I think it's a little bit of both. I definitely pride myself on being a designer that's versatile. So in terms of designing specifically for a client and their style,..."
business,FI_-_Kevin_Kim__Stadium_Live__On_Sport_Experiences_for_the_Zoomers...Generation_Z,13,over_info,5,75.07,1.6000000000000227,2,0,2,0,0,0,140.39486767699623,180.0,4,,". - Yeah, I mean, that's something that we're trying to dabble into, right? So right now we have sports. e-sports would be very similar. For example, NBA 2K lead is something th..."
business,FOA_209__From_Commodity_Crops_to_Gourmet_Farming_with_Jason_Persall,3,over_info,5,56.29,0.40999999999996817,4,0,3,0,0,0,138.16000000000003,180.0,7,,? - We are maxed out on capacity just to serve that industry right now. We pivoted to everything we do in the mill in the past three weeks to be 100% on sunflower oil. That is t...
business,Facebook__Amazon_are_Taking_Market_Share_from_Google,9,over_info,5,151.14,19.646187688190025,0,1,1,0,0,0,19.646187688190025,180.0,3,,", let's be optimistic and say that FinCity gets their earn out payments for providing strong results within Mastercard's empire. It's almost a billion. I mean, what's the market..."
business,Facebook__Amazon_are_Taking_Market_Share_from_Google,14,over_info,5,57.27,0.0,0,0,2,1,0,1,0.0,145.2800000000002,4,,"sandwiches. I'm going to give this one a shot, just like last year when Dunkin' Donuts came out with their breakfast sandwich, the sort of the beyond breakfast sandwich, whateve..."
business,Fanatical_Fridays_a_Episode_2,20,over_info,5,59.16,1.919999999999618,0,0,2,0,0,1,0.0,180.0,2,,"- I love it. Just anecdotally, one of the things that we've been looking at is just, you know, our Enrolify's open and click-through rates and sort of what emails that we send g..."
business,Farmers_wanting_migrant_labour_must_follow_process_with_Jane_Muir__People_Team_Leader__Dairy_NZ,15,over_info,5,63.51,0.9099999999999682,0,0,2,0,1,1,0.0,91.90999999999997,3,Topic Shift,I think there's already set up through MSD and the like there are some abilities for people to be assisted to move into regions on a case by case basis. Lucky or unlucky dependi...
business,Fashion_Photography_Podcast_No._3_with_Marta_Bevacqua,14,over_info,0,53.49,0.44705636743219657,1,0,1,0,1,0,0.44705636743219657,60.19999999999999,3,Topic Shift,"the beginning it was complicated. I started to contact a lot of people through Facebook, Instagram and other websites around. I spent a lot of time getting contacts but not big..."
business,Featured_Interview_with_Indranil_Ghosh,8,over_info,0,70.61,0.15999999999985448,0,0,3,0,0,1,0.0,180.0,4,,". There's so many opportunities, and I think what happens is us as a human race, forget that if we rewind 100 years ago what industries were existing and which ones are still ar..."
business,Feed___Flourish__The_Klosters_Forum_in_conversation_with_Jehiel_Oliver,7,over_info,5,67.28,0.0,2,0,2,0,0,0,111.31999999999994,180.0,4,,"Yeah, it's a great question. Most of our bookings, so farmers don't engage with Hello Tractor directly. They engage through what we call booking agents. These are young people w..."
business,Find_Your_Place_In_Advertising_-_Lizi_Hamer__Creative_Leader,47,over_info,0,55.72,1.2200000000000273,1,0,3,0,1,0,1.2200000000000273,180.0,5,Topic Shift,"So I think we're about 280,000 people that have downloaded the app. It's got kind of very basic functionality. A couple of seasons ago we actually had this fact that you could s..."
business,Finding_purpose_in_retirement__a_100-year_life_and_fighting_the_long-term___Nicolette_Rubinsztein,37,over_info,5,82.15,0.0,0,0,2,0,1,1,0.0,83.15999999999985,3,Topic Shift,", I think given the particular characteristics of the Australian market, which is that we do have a disproportionately large share of our wealth held in our property, that that..."
business,Fire_Safety,5,over_info,5,65.1,11.85782569832395,0,0,3,0,0,1,0.0,180.0,3,,"this thought about using AI for safety. I mean, the digital 20. Remember me and you talking about the digital 20? If we have digital 20, we have like a bank of data for all the..."
business,Fire_Safety__The_Dangers_of_Getting_it_Wrong_and_What_You_Need_To_Be_Protected,73,over_info,5,59.04,0.900000000000091,2,0,4,0,0,0,92.44999999999982,180.0,6,,absolutely so um anything that's considered to be very very hazardous with a high risk of that hazard becoming a full fire then yeah that's you're you're you're asking it that d...
business,Fire_Safety__The_Dangers_of_Getting_it_Wrong_and_What_You_Need_To_Be_Protected,87,over_info,5,86.73,0.0,2,0,5,0,0,0,109.50999999999976,180.0,7,,a new a new thing isn't it in in property the rent to rent um as far as i might be wrong but as far as i can tell this is quite new so you would you know you've got different as...
business,First_Rain_Farm_Podcast_Episode,11,over_info,5,62.98,0.0,0,0,8,0,0,1,0.0,134.01999999999998,8,,"live. I designed it in a way that was easy to be cleaned out, easy management of that manure. Our animals go back to the barn every night. That means we're capturing half of the..."
business,Five_Key_Challenges_for_Supply-Chain_Leaders_in_2020,5,over_info,5,55.21,0.0,3,0,4,0,0,0,158.8,180.0,7,,"of the key constraints in this is marine terminals ability to get cargo off of a vessel and provide the kind of visibility, so typically marine terminals are black holes in the..."
business,Fleet_management_and_Electric_Vehicles_-_a_chat_with_Amply_Power_s_Simon_Lonsdale,6,over_info,5,60.45,0.0,2,0,3,0,0,0,30.16999999999996,180.0,5,,"? So that's a great question. As we all know from even our electricity at home, the electricity rates from our friendly utility companies go up and up each year. So what we do a..."
business,Flips__Wholesalers__and_Cashflowing_Real_Estate_with_Sean_Pan,17,over_info,0,87.75,0.0,1,0,1,0,0,0,178.42174354066992,180.0,3,,. - I think the first thing you have to realize that no one's gonna do a job as good as you were gonna do. So you just have to accept that fact. Are you gonna be okay with havin...
business,Food_Safety_and_Tetra_Pak_in_these_current_times_AUDIO_ONLY,2,over_info,5,81.76,0.6100000000000136,1,0,1,0,0,0,0.6100000000000136,124.59,3,Stonewalling / Non-Response,packages? Well I mean tetra-pacto has a track record of driving septic technology so I think it really means what is a septic and why is tetra-pact? It's always been important t...
business,Food_Safety_and_Tetra_Pak_in_these_current_times_AUDIO_ONLY,17,over_info,5,57.76,10.464887238723804,0,0,3,0,0,1,0.0,71.20000000000005,3,,not that yeah and I appreciate it was a fully loaded question but I think you know but safe to say I mean we've got our ear to the ground meaning that we are we are well connect...
business,Fred_Destin_Founder_Stride.VC_on_Covid-19_crisis_for_startups,6,over_info,5,60.85,0.0,0,0,1,0,1,1,0.0,85.54999999999995,3,Topic Shift,"'s mixed actually. So you know, a lot of our portfolios been doing surprisingly well. So we did careful assessment company by company and it's really, you know, this acceleratio..."
business,Frederick_Peters,27,over_info,5,69.52,1.2799999999999727,0,0,2,0,0,1,0.0,180.0,2,,"know, I've been fascinated by the ways in which somebody like Bob Stern has taken those models and attempted to reintroduce some of what I always considered to be the best featu..."
business,From_flipping_smartphones_to_advocating_domain_investing_and_development_with_Josh_Reason,29,over_info,5,93.78000000000002,12.58508600469122,0,0,2,0,0,1,0.0,180.0,2,,", so I mean, there's a couple of points there. I mean, I know that there will be many, many names in my portfolio that I will never sell. Just because that's how the numbers pla..."
business,From_flipping_smartphones_to_advocating_domain_investing_and_development_with_Josh_Reason,37,over_info,5,63.0,1.9903762662806912,1,0,3,0,0,0,1.9903762662806912,180.0,4,,"Yeah. I mean, I'm, I try to be as open as I possibly can without, without, you know, hurting my own acquisition opportunities in the meantime. And you know, I probably, I probab..."
business,Fruitbox_23_What_is_so_special_about_avocados,9,over_info,5,56.14,0.0,2,0,2,0,0,0,122.17999999999995,180.0,4,,"- Actually, the first time that I heard of avocado being, you know, in drinks was in Asia. One of the first things that I learned about how they consume avocado in Asia is they..."
business,Fruitbox_25_The_future_of_fresh_vegetables,19,over_info,5,75.03,0.5499999999999545,0,0,0,0,0,1,0.0,31.120000000000005,1,Stonewalling / Non-Response,"honest, we do not have really big secrets at the moment. And we as seed companies are maybe a little bit boring, in their perspective, not too many things changed. Because the k..."
business,Fundraising_as_a_sales_process_-_how_long_should_the_preparation_take__by_Nathan_Beckord_2,3,over_info,5,87.69,0.30000000000001137,2,0,2,0,0,0,162.70999999999998,180.0,4,,", yeah, it was it was interesting because, you know, I actually, I should back up a little bit. I had actually the original vision left something out. The original vision was Fo..."
business,GUIDE_Method_Series__Overview,17,over_info,5,53.10569988036233,2.731758673731065,1,0,6,0,0,0,31.051758673731058,141.69175867373104,8,,"Yeah, the four piece is something that you guys can look forward to. There 's four piece of curiosity, kind of four steps within it. And it's going to help you so much. Yep. Yay..."
business,Gaining_Support_During_a_Difficult_Change,8,over_info,5,63.44,0.2599999999999909,1,0,2,0,0,0,89.46765363128475,180.0,4,,". Okay. So it's very similar in that way. Brandes is a platform that when you have a free membership on Brandes, you instantly get access to these really great additional busine..."
business,Gambling_Or_Investing_a_Which_Game_Are_You_Playing____Erik_Averill__Brandon_Averill___AWM_Insights__17,6,over_info,5,68.78,,0,0,0,0,0,1,0.0,0.0,0,,". That's great advice. It reminds me just in summary of going, which you said at the very beginning of the podcast. If you want to day trade, that is completely fine. Just make..."
business,Gavin_Naimer__President_Granite_International__Remote_executive_recruiting_masterclass__88,15,over_info,5,60.75,0.9600000000000364,2,0,2,0,1,0,115.85000000000002,172.68999999999994,5,Topic Shift,"Well, that's, that's a good point, Matthew. I think what's very important. And I think the principles would apply to both in person and virtual meetings, but I definitely think..."
business,General_Robert_S._Spalding_III_-_China_s_Six_Front_War_With_America_-_How_To_Weaponise_COVID-19__5G___AI,41,over_info,5,69.99,0.30999999999994543,1,0,4,0,0,0,85.57999999999993,180.0,5,,". Yeah, so I mean what's interesting now, let's just look at how marketing campaigns happen now. I mean you can actually take information about tracking people and use that in t..."
business,General_Robert_S._Spalding_III_-_China_s_Six_Front_War_With_America_-_How_To_Weaponise_COVID-19__5G___AI,49,over_info,5,199.1,0.6199999999998909,0,0,1,0,0,1,0.0,180.0,2,,"Yeah. And I mean, you know, if done properly, I think it can be very, it can be tremendous for society. So let me give you an example. You know, one of the things that people sa..."
business,General_Robert_S._Spalding_III_-_China_s_Six_Front_War_With_America_-_How_To_Weaponise_COVID-19__5G___AI,71,over_info,5,69.91,0.0,2,0,2,0,0,0,77.03999999999996,180.0,4,,"Well, I'll give you an example of one of the challenges we have. I'll talk about one manufacturer that makes aquariums, saltwater aquariums. They have to pay a tariff on the sub..."
business,General_Robert_S._Spalding_III_-_China_s_Six_Front_War_With_America_-_How_To_Weaponise_COVID-19__5G___AI,83,over_info,5,56.96,1.360000000000582,0,0,1,0,0,1,0.0,122.44000000000051,4,Stonewalling / Non-Response,"? I do. We're working on taking the idea of unrestricted warfare and really cleaning it up and making it more accessible to people because I really think, you know, Chao Li-hyun..."
business,Generating_Immediate_Revenue_Through_Price_Testing_with_Ammanuel_Selameab,24,over_info,5,53.95,1.6000000000000227,1,0,2,0,0,0,84.76999999999998,180.0,5,Stonewalling / Non-Response,"decent guess. Yeah. That opens up a can or just statistics education as well as and interpreting statistical results, which is maybe a conversation for it all the day, but yeah,..."
business,Genuine_conversations_that_happen_with_women_leaders_-_with_Paulina_Lopez__CEO___President_of_the_Business_of_WE,18,over_info,5,56.17,0.0,0,0,2,0,0,1,0.0,180.0,3,,"I love it. I just almost want to sit with what you said, not really because I think it's so powerful. And I think that that's where your strength is. It's the way that you use t..."
business,German_policy_changes_pave_way_for_renewables_expansion,7,over_info,5,54.7,0.0,3,0,3,0,0,0,139.99999999999997,180.0,6,,"as part of the relaxation measures, the government decided not to impose this minimum distance rule, countrywide. So, this in theory would be quite bullish for the sector, and i..."
business,Get_Invested__Home_Buying,21,over_info,5,58.68,0.0,0,0,0,0,0,1,0.0,107.43000000000006,2,,"'s not putting all your eggs in one basket at the end of the day, it's, you know, finding out what's best for you and, and writing down these goals and building these systems an..."
business,Get_Out_of_My_Office__with_Evan_Woolsoncroft,48,over_info,5,152.32720052654673,26.446002632734235,0,0,1,0,0,1,0.0,178.81563775468567,3,,"I would share is for people to not get discouraged or take it personally, if you get a no or aren't being as successful as you thought you would be starting out or in any given..."
business,Get_your_team_on_the_bus_and_sell_your_listings_faster___Daniel_Starr,6,over_info,5,53.38023907358985,1.388954053044472,1,0,0,0,0,0,22.878954053044453,90.17895405304444,2,,"thing Daniel I also remember was on our caravan day, what you used to do, if you were the listing agent, you would then get all the feedback from all the agents and you could ac..."
business,Give_Me_A_Little...Credit,41,over_info,5,53.56,0.32999999999969987,0,1,5,0,0,0,68.04999999999995,180.0,6,,". - So the next kind is called a secured credit card, which is a really interesting option because it's just a regular credit card. However, it's tied to your savings or checkin..."
business,Global_advisory__restructuring_and_investment_firm_Gordon_Brothers_on_how_the_true_economic_impacts_of_COVID-19_are_still_to_come,11,over_info,5,62.19,0.0,2,0,2,0,0,0,84.04000000000002,180.0,4,,'ve really got six verticals globally. Some of those we focus on here and we sort of adapt to the markets and the segments depending on what's required and the expertise that's...
business,Going_All_In_with_Muskan_Sethi,44,over_info,5,65.33,0.34999999999990905,0,0,3,0,0,1,0.0,180.0,5,,"Yes, Chris Moneymaker, it's like you can Google it. It's called the Moneymaker Effect. That created a big boom in the US. And I feel the similar boom is coming to India as well,..."
business,Govt_ignoring_forestry_industrys_concerns_with_Hamish_Walker__Spokesperson_for_Forestry__National_Party,9,over_info,5,59.93,0.7200000000000273,0,0,0,0,0,1,0.0,48.200000000000045,1,,. They're in Queenstown yesterday. They're in town now. So that was actually talking to them about two hours ago. So they had probably 150 people of setback. So I see they're ba...
business,Greatness_Podcast__Ep._27____Anne_Murray_Allen_Discusses_How_The_Nature_Conservancy_Took_a_Systems_Approach_To_Solving_A_Complex_Challenge,1,over_info,5,60.79,0.8299999999999983,2,0,3,0,0,0,68.49000000000001,180.0,5,,"Sure. Boy, I think it was about five years ago we were approached by a colleague we knew at the Nature Conservancy, and he said, ""I think I've got a project that you can help us..."
business,Greycroft_s_cofounder_talks_social_stock_trading_and_how_COVID-19_has_impacted_the_venture_landscape,13,over_info,5,75.58,8.66575364667733,2,0,0,0,1,0,32.12000000000012,56.99000000000001,3,Topic Shift,", I mean, they're spending quite a bit of money in user acquisition. I think the market is a lot bigger than people realize. I also think, and this is the second tricky piece of..."
business,Greycroft_s_cofounder_talks_social_stock_trading_and_how_COVID-19_has_impacted_the_venture_landscape,19,over_info,5,84.66,0.0,0,0,0,0,1,1,0.0,38.6400000000001,1,Topic Shift,"we have our own broker dealer internally. And then in addition to our internal BD, our custodian is Apex, which is one of the major custodians in the market. And then for trade..."
business,Greycroft_s_cofounder_talks_social_stock_trading_and_how_COVID-19_has_impacted_the_venture_landscape,26,over_info,5,65.02,2.2737367544323206e-13,1,0,1,0,0,0,137.0,180.0,2,,"Well, it's funny. I just checked the stock price for Delta and we're up 13% over the last five. Excuse me, 13% today and 30% over the last five days. So maybe some of these reta..."
business,Grounded_Ep_10_-_Jordan_Poretti_-_Aircraft_Engineering_-_19_June_2020_-_27_minutes,37,over_info,5,66.0,0.0,3,0,2,0,0,0,158.5999999999999,180.0,5,,I think there's a really big difference between RPT and GA. And the difference there is RPT are akin to your Googles and Amazon. Volume and scale is how they thrive. They're not...
business,Grounded_Ep_5_Adrianne_Fleming_-_8_May_2020__27_mins,42,over_info,5,74.26,0.5,1,0,1,0,0,0,0.5,37.069999999999936,3,Stonewalling / Non-Response,"Well, I think most of the time it's probably some of the misinformation. There was a lot of information about can flying training happen, can't flying training happen? Can a pri..."
business,Group_Ten_Metals__PGE__-_PGEs__Nickel_and_Copper__Time_to_Reward_Patient_Investors,25,over_info,5,72.47059418764674,26.56174370598228,1,0,2,0,0,0,26.56174370598228,180.0,3,,"On the Canadian assets, much less spend. It's not our focus. Our focus very much is just add enough value, show the way, and move them out the door at a nice profit, a good retu..."
business,Growing_Your_Business_Organically_With_A_Virtual_Team_-_Nathan_Hirsch,35,over_info,0,93.32,2.2737367544323206e-13,1,0,1,0,0,0,0.001,180.0,3,,to break down SOPs into three parts to make it simple the why the steps and the important reminders so the why is what everyone misses it's why are we doing this task how does i...
business,Growing___Using_Your_Network_to_Your_Advantage_with_Kyle_Topor,3,over_info,5,67.85,5.981410496719775,0,0,0,0,0,1,0.0,43.24000000000001,3,Stonewalling / Non-Response,"of course, of course. Yeah. And I keep saying that again with my friends, you know, and looking forward into the future, going and starting a business of my own, hopefully, you..."
business,Growing___Using_Your_Network_to_Your_Advantage_with_Kyle_Topor,17,over_info,5,52.58,0.5499999999999545,1,0,2,0,0,0,0.5499999999999545,180.0,4,,"Yes. So this stuck out to me because it's like, oh, you're all over LinkedIn or you're on some job search website and you're looking for an internship or a job. And you see all..."
business,Growing_from_a_window_cleaner_and_growing_a_national_business__Martin_Ferguson_-_Growth_Strategy_Roadmap,31,over_info,5,59.98,0.0,0,0,4,0,0,1,0.0,180.0,6,,"not necessarily sit behind the scenes, but what I'm, again, it's not necessarily my personality, but for my business, this business is here for everybody. So first and foremost,..."
business,Growth_Lessons__5_-_How_Mike_Rubini_builds_and_runs_multiple_profitable_tech_startups_as_a_solo_founder,23,over_info,5,56.84000000000001,0.0,1,0,3,0,0,0,42.17000000000007,180.0,4,,", absolutely. Because like if you want to have some kind of results, like I cannot compete with the big guys because they have the money to like in advertising and marketing usu..."
business,Guest_Rob_McNealy,26,over_info,4,209.95,0.0,0,0,2,0,0,1,0.0,180.0,2,,"that's great. You know, it's one of those things. And I talk about this in sport. So I'm, excuse me, about that. So I've actually, you know, been a part of a lot of great differ..."
business,Guy_Rodgers___Guy_Rodgers__Legacy_and_New_Call_to_Flourishing_Leadership____106,3,over_info,5,65.87,0.0,1,0,1,0,1,0,0.001,78.89999999999998,3,Topic Shift,"heard, I heard a lot of stories. Because I had the opportunity to talk to a lot of people all over the country who were in Pinnacle Forum, who were coming into Pinnacle Forum an..."
business,HIPAA-Compliant_Cloud_Solutions_And_Services,5,over_info,5,81.31,0.6701728586171214,0,0,2,0,0,1,0.0,120.63,3,Stonewalling / Non-Response,"? - So that's a great question. The move toward cloud has been happening in healthcare for a good part of the last decade. It started being driven by regulatory changes, the hig..."
business,HR_Consulting_After_25_Years_in_Corporate_Featuring_Marion_Witte,15,over_info,5,57.14,0.0,3,0,3,0,0,0,125.10999999999996,173.10999999999996,7,Stonewalling / Non-Response,". - I did, I did. So the first thing I did was I joined the local Chamber of Commerce here. Then I also kept my membership with the National Diversity Council, which I was very..."
business,HR_Works_115__Behavioral_Health_Support_Has_Never_Been_More_Important,5,over_info,5,78.42,0.0,1,0,2,0,0,0,112.61000000000001,180.0,4,,? Sure. To say that someone has a mental health issue generally means they've got some problem like anxiety or depression. They may drink or use drugs in excess to become a ment...
business,Hacking_Into_Security__11_-_Cook_to_Threat_Detection_Engineer,29,over_info,0,97.21,0.38999999999987267,1,0,3,0,0,0,174.40999999999985,180.0,5,,"dedication that it took came in different forms. I've never been a good study on so I have a big problem in just sitting down opening up textbooks, sitting down listening to lec..."
business,Hacking_Into_Security__11_-_Cook_to_Threat_Detection_Engineer,41,over_info,5,74.31,0.0,0,0,1,2,0,1,0.0,69.35000000000014,5,Stonewalling / Non-Response,you see. Yeah so there's the big trifecta in the industry which is at the moment sort of your data science machine learning cloud and cybersecurity as everybody knows so I'll gi...
business,Hacking_Into_Security__9_-_Pentester_to_CISO_with_Marc_Bown,21,over_info,5,59.85,0.7200000000000273,1,0,4,0,0,0,23.99000000000001,180.0,6,,"US has been really interesting. Again, because I am a fairly technical focused security leader, Silicon Valley is kind of, I feel like the general level of technical awareness o..."
business,Han_Jin_on_Entrepreneurial_Leverage__Surfing__Whale_Hunting__and_Judo,15,over_info,5,95.1,8.758828547057192,1,0,2,0,0,0,8.758828547057192,180.0,4,,"? - Yeah, I think it's harder to drive the people to follow you. It's not so hard to get rid of your hardware, right? The piece which we draw. It's also not so hard to change yo..."
business,Hard_Talk_HR_-_Organisational_Learning_After_the_Crisis_-_Will_It_Be_Any_Different__Christopher_Lind__Ep._14,3,over_info,5,75.89,1.3493078133193421,2,1,1,0,0,0,118.50000000000003,180.0,4,,"yourself? You know, what's funny in terms of since coronavirus hit, what's been a little bit interesting is before coronavirus hit, I felt like a little bit of the nutty profess..."
business,Hard_Talk_HR_-_Organisational_Learning_After_the_Crisis_-_Will_It_Be_Any_Different__Christopher_Lind__Ep._14,7,over_info,5,77.92,4.174989959839365,1,0,3,0,0,0,109.06,180.0,4,,"I've found with this is digital learning, I think, has a little bit of a misunderstanding in people's minds, what that is. And depending on who you talk to, they think about it..."
business,Hard_Talk_HR_-_Organisational_Learning_After_the_Crisis_-_Will_It_Be_Any_Different__Christopher_Lind__Ep._14,19,over_info,5,58.95,0.9757188498401774,3,0,2,0,0,0,175.12000000000012,180.0,5,,carefully. And the reason for it is. Every organization is unique. And so like I talked to pretty much every technology on the market. And I don't think I've yet to run across o...
business,Hard_Talk_HR_-_Organisational_Learning_After_the_Crisis_-_Will_It_Be_Any_Different__Christopher_Lind__Ep._14,25,over_info,5,55.06,0.0,0,0,2,0,1,1,0.0,75.40999999999985,3,Topic Shift,"No, in the sense is it over. No, is it going to dramatically change and never look like what it looked like before. Yes, and what I mean by that is the role of the facilitator...."
business,Harmonizing_Is_The_Name_of_the_Game_--_Brandy_Patterson,11,over_info,5,69.5,0.0,1,0,2,0,0,0,0.001,180.0,4,,"It is, but having like that same legal statement like right now, and I say right now, but pre the project that we've been working on, if you were to go into job descriptions bef..."
business,Harold_Adkins,37,over_info,5,54.0,0.0,2,0,4,0,0,0,147.0,180.0,6,,"Not really. You know, the insurance, the defense practice is they keep rolling. I haven't seen really a big drop off in terms of the claims that are coming in my. My friends on..."
business,Harrison_Barnes_Legal_Recruiter_from_BCG_Attorney_Search__How_Attorneys_and_Law_Students_Can_Use_Networking_to_Find_Legal_Positions,24,over_info,5,196.77000000000004,0.0,0,0,3,0,0,1,0.0,180.0,4,,"know, the people that you spend your time with, you know, really have an impact on, you know, how happy you are. And, you know, and I've, that's certainly something that I've re..."
business,Heightened_risk_of_Ascochyta_Blight_in_chickpeas_in_2020,1,over_info,5,64.7,0.7399999999999949,2,2,4,0,0,0,135.53999999999996,180.0,8,,"The ask a kind of risk in 2020 will depend on primarily the amount of inoculum that's available and the seasonal conditions. If it's a dry season, like we've had in the last two..."
business,Helping_Others_Find_Their_Voice_with_Oliver_Kanders,18,over_info,5,93.93,0.0,0,0,3,0,0,1,0.0,180.0,4,,"One of the things that I find is a myth and it's something I've been talking about recently a lot and perhaps it's because as you say, our personal and professional lives have m..."
business,Henry_Temple-Baxter___Investment_opportunities_in_the_emerging_markets,5,over_info,5,79.13,0.0,1,1,0,0,0,0,8.195865102639289,11.639999999999986,3,Stonewalling / Non-Response,"on your own? But the main things I learned, I've come across thousands of personnel in from, from my experience and you were coming in, you're dealing with mostly high net worth..."
business,Here_We_Are___Here_We_Grow_K._Bernard_Tynes__Senior_Vice_President_Penn_Community_Bank,23,over_info,5,113.92,0.4899999999997817,0,0,1,0,1,1,0.0,127.26492597577385,3,Topic Shift,"Yeah, for us, Bill, it really reaffirmed an existing commitment. So Penn Community Bank had an existing commitment to diversity and inclusion from the executive team, from our p..."
business,Hitting_Rock_Middle_with_Sallie_Holder,25,over_info,5,57.77,12.80924702058519,1,0,1,0,0,0,164.7700000000002,180.0,3,,think I wish I knew and this may not be but you know there is no right answer I think I wish I knew that there is no magic pill right I mean writing the book has been a great pr...
business,Hitting_Rock_Middle_with_Sallie_Holder,29,over_info,0,78.25,0.41000000000008185,0,0,1,0,0,1,0.0,84.33577673167451,3,,my biggest tip is start with the end in mind right ask yourself where you're headed with your company right begin right now with defining what success could look like for you at...
business,Honesty_Will_Have_a_Come_Back__But_Not_For_the_Reasons_You_Think_with_Joey_Dumont,17,over_info,5,59.36,0.0,0,0,1,0,0,1,0.0,180.0,1,,"laughs) - And that's where they're now coming back online. So they're starting to open up, theme parks are the same thing, they're starting to open up, so they wanna know how do..."
business,Hope_for_Hopeless_Implants_-_LAPIPTM_Peri-Implantitis_Treatment,13,over_info,0,189.48,0.0,0,0,0,0,0,1,0.0,14.999999999999886,1,Stonewalling / Non-Response,Well you know that's interesting because I've been kind of looking at some cases that I didn't get the exactly the results I wanted or we had to take the implant out. I think li...
business,Hot_Desk__Covid-19_Online_Retail_Scheme,9,over_info,5,66.71,3.4634577828833812,1,0,1,0,1,0,3.4634577828833812,86.43,3,Topic Shift,", I mean, the scheme is to try and encourage people to become more transactional on our website, honest. They have exactly what the point that they're making there. They have so..."
business,How_A_Crisis_Can_Help_Us_Grow,32,over_info,5,82.49,1.0199999999999818,2,0,2,0,0,0,64.48000000000002,176.17000000000007,5,,"easier. Well, my advice to myself would be to let go and to understand that letting go is not failing or not living up to responsibilities. So I developed this model for myself..."
business,How_A_Retailers_Store_Design_Affects_the_Customers_Experience,8,over_info,5,54.28,0.0,1,0,1,0,0,0,0.001,180.0,2,,"Yeah, of course, it's probably after a couple drinks, but stuff like that comes out. But anyway, the rest is kind of history. I started getting more and more into understanding..."
business,How_Brands_are_adjusting_to_the_new_normal_of_Amazon_selling_with_Peter_Kearns_of_180Commerce__Ep._5,25,over_info,5,88.99005612302167,4.836402066689061,0,0,2,1,1,1,0.0,60.200578332564874,5,Topic Shift,". - Yeah, yeah, yeah, yeah. - Right . - Right, well, it depends. I mean, if you are the brand or reseller, so that will determine a lot of it. If you're a reseller, it's gonna b..."
business,How_Brands_are_adjusting_to_the_new_normal_of_Amazon_selling_with_Peter_Kearns_of_180Commerce__Ep._5,35,over_info,5,55.290000000000006,18.69397442634454,0,0,4,1,0,1,0.0,110.38000000000011,6,Stonewalling / Non-Response,"this. - Yeah, absolutely. I mean, a new consumer coming to Amazon might be coming here looking for a hand sanitizer or might be looking for something essential, something like t..."
business,How_COVID-19_has_been_impacting_accountants_across_Australia,7,over_info,5,75.91,0.0,2,0,3,0,0,0,175.98,180.0,5,,for sure. So we'll see a bit of a trend throughout these results as we work through them. And that trend is that the accounting profession has weathered the storm of this COVID-...
business,How_Do_Agencies_Manage_the_Continued_Disruption_Caused_by_COVID-19,22,over_info,5,69.85,0.0,3,1,3,0,0,0,72.08999999999992,180.0,7,,". Yep. Yep, pretty much. And I don't think any of them are perfectly clear. I think the... So yeah, essentially what the order basically says is, ""Hey, insurance carriers for......"
business,How_Do_I_Prepare_For_Homeownership,14,over_info,5,62.99,,0,0,0,0,0,1,0.0,0.0,0,,". - Yeah, absolutely. So that was a quick crash course on things to consider and think about when preparing to purchase a home. If you want the real course, the one where we go..."
business,How_Do_You_GET_OUT_Of_INERTIA__-_Q_A_with_Evan___Mark,8,over_info,0,68.48323578843302,23.414950178740582,0,0,3,0,0,1,0.0,180.0,3,,"video. I don't know if you see it on YouTube, but it's trending for a while, of what would tell my pre-corona selves? Have you seen that one? - Yeah. - So, in it, the thing a lo..."
business,How_Does_the_Private_Business_Manage_Its_Message,12,over_info,5,103.55,0.0,0,0,1,0,0,1,0.0,180.0,1,,"me ask you, in going back to listening for a second, you mentioned active listening. Now, I understand that to me and I'll tell you a funny story about this, but I understand th..."
business,How_Does_the_Private_Business_Manage_Its_Message,18,over_info,0,134.48718782395628,41.553205635661016,0,0,1,0,0,1,0.0,180.0,1,,"them . - Yeah , I think what happens is that it's not that they haven't thought about it. It's just that they haven't communicated it and subjected it to somebody else's analysi..."
business,How_Does_the_Private_Business_Manage_Its_Message,25,over_info,4,101.95746476769085,88.02452908922214,0,0,0,0,0,1,0.0,88.02452908922214,0,,"You are fundamentally in your business. You are not the, someone coming in to fix them, right in on your proud white steed and come to the rescue with your superhero costume on..."
business,How_I_Rose_to_the_Challenge,28,over_info,5,53.24,1.8399999999999181,0,0,2,0,0,1,0.0,180.0,3,,"So let's take a minute, let's abstract, more abstract, actually, say relationship. Say for example, does it have to be romantic? It could be a friendship. Say you invest, you're..."
business,How_John_Tabis_Of_The_Bouqs_Company_Is_Bringing_Flowers_To_Every_Moment_Of_Life,8,over_info,5,80.25,0.0,1,0,1,0,0,0,0.001,180.0,2,,"'s not a great question. So as I said earlier, our ultimate goal here and our vision for the company is not to be a gifting floral e-commerce company, which is pretty much what..."
business,How_Survivorship_Bias_Distorts_Our_View_of_Successful_Entrepreneurs,13,over_info,5,85.31,5.684341886080802e-14,2,1,3,0,0,0,121.68566842746856,180.0,6,,"with an entrepreneur. So I don't know if this is still the thing, but at one point in Silicon Valley, it was kind of the thing to be the CEO who modeled Steve Jobs. Steve Jobs w..."
business,How_To_Create_28_Pieces_of_Content_From_One_Episode,21,over_info,4,83.99,,0,0,0,0,0,1,0.0,0.0,0,,"walk through all the details. [BLANK_AUDIO] [BLANK_AUDIO] [BLANK_AUDIO] [BLANK_AUDIO] [BLANK_AUDIO] [BLANK_AUDIO] Sweet, done."
business,How_To_Heal_Your_Trauma___Unlock_Your_True_Potential,55,over_info,5,74.87,0.0,2,0,2,0,0,0,125.44999999999982,180.0,4,,"Well, this is just my opinion. I think what you can get to is is where the bulk of it doesn't affect you anymore. I've just spent two years really deeply digging around in my tr..."
business,How_To_Heal_Your_Trauma___Unlock_Your_True_Potential,59,over_info,5,79.09,0.75,0,0,3,0,0,1,0.0,180.0,4,,"in that? Wow. So I'm probably not the right person to talk to it because I've not explored those realms, but I certainly have had clients who have had gone down those avenues. A..."
business,How_To_Introduce_Circular_Economy_Into_Your_Business,3,over_info,5,84.66,5.732582076308802,0,0,2,0,0,1,0.0,180.0,2,,"Well you know it's a term that's been evolving over 20, 30 years really and it does capture a you know a really broad church if you like and it means a lot of things to differen..."
business,How_To_Master_Your_Mind_To_Work_For_You_Zuhaib_Khan,9,over_info,5,92.25,4.139077669902804,1,0,3,0,0,0,55.80999999999989,180.0,4,,"correct. And it's in one of my NLP practitioners, one of the practice of NLP is that even if you don't have that mindset, but if you behave in a certain way or behave, behave in..."
business,How_To_Prevent_A_2021_Accounting_Mess_At_Your_Agency__the_PPP_episode,15,over_info,4,59.68,1.1368683772161603e-13,1,0,1,0,1,0,0.001,79.65000000000009,3,Topic Shift,"So it's not what you pay yourself. You would actually submit your schedule C, which is what you file your sole proprietor taxes on and say, ""Hey, this was my net profit."" Let's..."
business,How_To_Prevent_A_2021_Accounting_Mess_At_Your_Agency__the_PPP_episode,17,over_info,5,59.72,0.0,0,0,0,0,1,1,0.0,10.490000000000009,1,Topic Shift,forgiveness is actually tax free. They make it clear in the regs that the loan forgiveness is not taxable income. So that's also interesting. So it's not 100% sure how that's go...
business,How_can_teenagers_land_summer_jobs_amid_the_Coronavirus_outbreak____610_WTVN_Columbus___5_27_20,2,over_info,5,53.53,1.575553319919507,1,0,4,0,0,0,82.91999999999999,180.0,6,,". Yes. So that brings up an interesting conundrum, so to speak, because, you know, I know with my son, he plays, you know, competitive soccer and it's demanding. There's a lot o..."
business,How_do_VC_analysts_work_and_how_should_startup_founders_leverage_this_point_of_contact_-_by_Erik_de_Stefanis,7,over_info,5,53.79,0.0,1,0,5,0,0,0,0.001,180.0,6,,", so often, I mean, I think one of the best ones is Crunchbase because you'll find even very early stage companies, often you'll find them in Crunchbase unless they're still ope..."
business,How_to_Align_Incentives_to_Achieve_Your_Desired_Outcome,24,over_info,5,82.18,0.6200000000001182,0,0,4,0,0,1,0.0,180.0,5,,. You actually nailed it on the head. So they talked with a psychologist afterwards and that's exactly what he said. He said that when you have a task that is creative in nature...
business,How_to_Apply_Innovation_to_Overcome_Adversity_and_Grow_Your_Company,9,over_info,5,66.16,15.248232376903957,1,0,1,0,0,0,15.248232376903957,180.0,3,,"Oh, it's unreal. And I think the, what I've been, I call them my moments, right? My universal moments, these, these, that they're very clear, they happen in time. And you know,..."
business,How_to_Apply_Innovation_to_Overcome_Adversity_and_Grow_Your_Company,15,over_info,3,152.33404353991799,74.83588867511708,0,0,0,0,0,1,0.0,74.83588867511708,0,,"Well, you know, I think we need to be it's a dual edge sword just being very clear. So what to provide some of the facts behind the lack of supply. Unfortunately, we have human..."
business,How_to_Apply_an_Olympians_Winning_Mindset_with_Olympic_Gold_Medallist__Ben_Hunt-Davis__S1E6,7,over_info,5,67.11,0.5299999999999727,0,0,4,0,0,1,0.0,180.0,4,,"there are a few things. I think that there's partly just change. If you're doing a lot of stuff very differently, it requires a different level of thinking to if you're doing si..."
business,How_to_Apply_an_Olympians_Winning_Mindset_with_Olympic_Gold_Medallist__Ben_Hunt-Davis__S1E6,19,over_info,5,61.63,0.0,0,0,0,0,0,1,0.0,0.14999999999997726,1,Stonewalling / Non-Response,"too often? It can be, but a very, very seldom is. Okay. A very seldom is. I think very few businesses or very few leaders fall into the trap of communication. So, you know, it's..."
business,How_to_Apply_an_Olympians_Winning_Mindset_with_Olympic_Gold_Medallist__Ben_Hunt-Davis__S1E6,23,over_info,0,65.04730557620817,1.7556847583643957,1,0,5,0,0,0,96.8756847583644,180.0,6,,", yes, is a question. So I think involving engaging other people is important. So, the quite often when we're helping organizations run crazy goal sessions, we will, before we k..."
business,How_to_Apply_an_Olympians_Winning_Mindset_with_Olympic_Gold_Medallist__Ben_Hunt-Davis__S1E6,31,over_info,5,57.5,0.7999999999999545,0,1,4,0,0,0,0.7999999999999545,180.0,6,,", and I think also when people go, oh my God, it's, you know, people are really struggling with change and, you know, everything's different. I don't buy it. You know, I'm spend..."
business,How_to_Be_Resilient_During_Challenging_Times___COVID19,3,over_info,5,53.39,0.6899999999999977,2,0,3,0,0,0,52.900000000000006,180.0,6,,"? >> It actually, I'm gonna call it an act of faith. I never had any aspirations or even real thoughts to join the Marine Corps or the military in general. I was attending commu..."
business,How_to_Break_Americas_Reliance_on_Manufacturing_in_China,5,over_info,5,84.18802397300128,1.9745362504363584,1,0,3,0,0,0,108.07894303009743,180.0,4,,"great question. And it's happened over a period of probably 30 plus years, but some of your older listeners probably remember the Arab oil embargo back in the 70s, when suddenly..."
business,How_to_Break_Americas_Reliance_on_Manufacturing_in_China_2,11,over_info,5,53.67,0.37999999999999545,0,0,0,0,1,1,0.0,0.5599999999999454,1,Topic Shift,"difference. It's a four times greater profitability, because here's what's happening today. People are drilling wells here, Narsellis wells, Utica wells. This is the largest nat..."
business,How_to_Break_Americas_Reliance_on_Manufacturing_in_China_2,21,over_info,5,61.41,0.18000000000006366,2,2,2,0,0,0,164.96000000000004,180.0,7,,"'s exactly where we are. Really, all you have to do, if anybody doubts it, look at the stock of companies like EQT and Tera Resources, Range Resources, or just three. Go and loo..."
business,How_to_CE_Mark_a_Medical_Device,51,over_info,5,55.91,0.0,2,0,5,0,0,0,167.3900000000001,180.0,8,,we just indicated a pacemaker is a very it's not a new device. There are a lot of pacemakers already onto the market. Is it a medical device? A pacemaker is a medical device. Ye...
business,How_to_CE_Mark_a_Medical_Device,57,over_info,5,56.36,0.5900000000001455,2,0,4,0,0,0,34.100000000000136,180.0,7,,? Yes that is correct because obviously medical devices is a very broad term. And if we're talking about a pacemaker you're talking about something very different than let's say...
business,How_to_CE_Mark_a_Medical_Device,99,over_info,5,72.4,5.533738317757525,3,0,5,0,0,0,148.07999999999993,180.0,8,,procedures? Well I can at least try. They're talking about different modules let's say in the in the legislation but in essence in most practice it comes down to this. If you're...
business,How_to_CE_Mark_a_Medical_Device,125,over_info,5,68.19,0.900000000000091,1,0,6,0,0,0,72.61000000000013,145.57999999999993,8,,? As you indicated earlier the instructions for use that's an important thing we also need to have some general information about devices that can mean identification of the mod...
business,How_to_Calculate_Your_Net_Worth_for_Real_Estate_Investing_-_Episode_643,15,over_info,5,64.69,0.0,0,0,5,0,0,1,0.0,180.0,6,,"? - Okay, so what this person wants to know is when you make an investment that you don't use cash for, then you're gonna carry debt on an investment, either it's an investment..."
business,How_to_Calculate_Your_Net_Worth_for_Real_Estate_Investing_-_Episode_643,17,over_info,5,63.7,1.616579634464756,0,0,3,0,0,1,0.0,180.0,4,,"right? - Right, your net worth, you can sort of think about, like in the zombie apocalypse, if you had to sell everything that you own right now and pay off all of your liabilit..."
business,How_to_Calculate_Your_Net_Worth_for_Real_Estate_Investing_-_Episode_643,55,over_info,5,66.41,5.389410077836828,0,0,0,0,1,1,0.0,22.271020073740146,1,Topic Shift,"cat. Right. So I guess, you know, when you ask about making decisions on how fast we want to pay down that HELOC and, you know, how we add to the liabilities column, yes, once t..."
business,How_to_Develop_and_Adapt_your_Business_to_Ever-Changing_World_with_Ocean_Ronquillo_Morgan,34,over_info,5,63.48,0.0,0,0,2,1,0,1,0.0,60.679999999999836,4,,"organically. Those are some excellent steps. What I would do depending on what the business model was, but if it's a physical item, I think it's so important to get on social me..."
business,How_to_Find_Your_First_Paid_Speaking_Gig_with_Bryan_Allain__VIII,24,over_info,5,66.26,0.0,0,0,3,0,0,1,0.0,180.0,3,,"problem that you solve. It is incredibly, incredibly important, but also remembering that you're, you know, you're not getting a tattoo. You're not making a permanent decision h..."
business,How_to_Give_a_Great_Podcast_Interview_and_More,7,over_info,5,56.41,0.82000000000005,0,0,1,0,0,1,0.0,180.0,1,,". And when you get into team sports, it's really learning the whole idea around discipline. A lot of people don't understand is about tough love. Tough love can, it's not about..."
business,How_to_Haggle_and_Negotiate_as_a_Reseller___Flippin_Gals_Coffee_and_Questions,12,over_info,5,77.33,0.4399999999999977,1,0,5,0,0,0,114.50000000000006,180.0,6,,"some scenarios We're gonna show you guys So this this one happened. I think a couple days ago the men's shirt, it's a cute little pride cat with sunglasses brand new attack the..."
business,How_to_Invest_Intentionally_with_Lindsey_Woodward,11,over_info,5,92.61,1.4300000000000068,2,0,3,1,0,0,14.790776426566879,180.0,6,,"- Yeah, yeah, you can definitely do that. I mean, when we think about investing in mutual funds that have these values incorporated in them, you do have some options. A lot of t..."
business,How_to_Leverage_the_Podcasting_Platform_to_Build_Your_Authority,7,over_info,5,66.72,75.77139812956398,0,0,0,0,0,1,0.0,75.77139812956398,0,,"real life, totally. I love that. So I, I'm really excited to have you on the show today because I think that first off, I'm in love with your branding. So for those of you who d..."
business,How_to_Make_GOOD_Decisions__Dr._Gleb_Tsipursky,17,over_info,5,130.23,0.7300000000000182,1,0,0,0,0,0,0.7300000000000182,72.91853801169577,1,,? - Absolutely not. So it's not possible to operate free of these biases. I'll give you an example. So think about other areas of life where our evolutionary heritage has caused...
business,How_to_Make__10_000__Before_Your_Book_Hits_Shelves,16,over_info,5,58.352092710782664,1.165216567070047,1,0,2,0,0,0,125.47544171985214,180.0,3,,"kind of-- Yeah, I've read books that did exactly that when they did like almost like famous person, told a story about them, and I found it very not interesting because I could..."
business,How_to_Monetize_Your_TikTok,2,over_info,5,71.42806189640035,10.599979148375724,0,0,4,0,0,1,0.0,180.0,4,,", let's jump right in. I mean, I think there's basically there's two ways we're looking at it here. We're looking at it, how do you make money from TikTok as the creator? Which..."
business,How_to_Overcome_Stress__Anxiety__and_Depression_as_an_Entrepreneur,7,under_info,10,2.2,0.0,0,0,1,0,1,1,0.0,32.71999999999997,2,Topic Shift,", I would have to agree"
business,How_to_Plan_Pre-Student_Loan_Debt,53,over_info,5,59.8,0.0,2,0,4,1,0,0,5.059999999999945,33.48999999999978,8,,"ized. Yeah, so right off the bat, the interest rates will be different. Grad plus loans are typically a little higher, similar to parent plus loans. Parent plus loans are typica..."
business,How_to_Self-Assess_Your_Leadership_in_2020,56,over_info,5,69.66815936062,27.834683942843185,1,0,4,0,0,0,27.834683942843185,180.0,6,,"Kind of thing. Yeah, yeah, yeah. So when we process those things, we realize some people are right now, especially on social media and everything else, but a lot of people are p..."
business,How_to_embrace_down_time_during_quarantine_ft._Ariel_Upton,3,over_info,5,71.72,16.261790114294172,0,0,2,0,0,1,0.0,180.0,2,,">> Yeah, it goes back to control. And I think in this entire situation, this response to our new reality is we've all had to confront the fact that so much of what we thought we..."
business,How_to_enable_an_outsourced_sales_team_w__David_Zeff,8,over_info,5,83.48,7.72727330779054,1,0,2,0,0,0,7.72727330779054,180.0,3,,"Yeah. So this is the discussion I keep having on my CMO, which is like, how do you define it? Because there's marketing agencies and that means your SEO, digital marketing, et c..."
business,How_to_get_media_attention_for_animal_organizations_-_Ep10,8,over_info,5,97.7,0.5499999999999545,1,0,1,0,0,0,0.5499999999999545,180.0,2,,"? Absolutely. And you know, that was one of the most frustrating things when I was a journalist is that we would get sent news releases. And I should say that you want to use th..."
business,How_to_maximise_your_share_of_the_budget,7,over_info,5,52.77,32.95563270925106,0,0,1,0,0,1,0.0,180.0,1,,". Yeah, every person that goes into a budget conversation has a, you know, you and your competitor, if they say, look, I've got a hundred thousand dollar budget, guess what? You..."
business,How_to_recognise_and_best_manage_commercial_leasing_disputes_in_the_time_of_COVID-19,13,over_info,5,57.2648249927683,7.185990743419154,2,1,2,0,0,0,138.35599074341917,180.0,6,,"Basically, any assistance that the tenant's getting. So, yes, definitely government assistance is something that I think a landlord could legitimately ask for. Just recently, I..."
business,How_to_recognise_and_best_manage_commercial_leasing_disputes_in_the_time_of_COVID-19,25,over_info,5,68.42,0.4900000000000091,0,0,0,0,0,1,0.0,80.85000000000002,3,,"? Yes, I do. Although in South Australia and Queensland, the legislation there stays certain enforcement action, which is taken during a specified period before the commencement..."
business,How_to_trust_your_gut_and_start_over_professionally_with_Gail_Becker__founder_and_CEO_of_CAULIPOWER,29,over_info,5,101.90999999999998,6.39420928402842,2,0,2,0,0,0,107.6400000000001,180.0,4,,"did. I thought about this a lot and I actually do for a couple of reasons. So one, I'm sure your listeners all know because it's been reported on that women only get less than 2..."
business,How_to_write_a_compelling_CV_-_Osarume_Akenzua,13,over_info,5,59.26,0.39000000000010004,2,0,1,0,0,0,13.360000000000127,57.830000000000155,4,Stonewalling / Non-Response,"different, the movement. But yeah, I had that doesn't mean we should have different CVs for different rules. Yeah, I mean, definitely, definitely, you know, you don't want to ha..."
business,Howard_Gluck_-_Deputy_LA_City_Attorney,29,over_info,5,81.72,0.0,1,0,5,0,0,0,105.27999999999997,180.0,6,,"Yes. Yeah. There's one case in particular, actually a few cases that stick out in my mind. And, you know, when you're talking about truth, people ask me, ""What's your job? Isn't..."
business,Hsu_Ken_Ooi__from_Rebellious_Child_to_Chief_Product_Officer_and_Accelerating_Southeast_Asia_s_Startups_-_E8,7,over_info,5,223.67,0.0,1,0,0,0,0,0,0.001,115.63613427370149,1,,? - I came from this place where I didn't think very much of it and I didn't think that highly of it. I think the saying that encapsulates how I feel about it now is that if you...
business,Hsu_Ken_Ooi__from_Rebellious_Child_to_Chief_Product_Officer_and_Accelerating_Southeast_Asia_s_Startups_-_E8,11,over_info,5,77.69515861768234,53.850168429085215,0,0,0,0,0,1,0.0,53.850168429085215,0,,"always make the joke with friends that the two things that have taught me most about myself are relationships and startups. For startups specifically, there's just a lot of doub..."
business,Human_Connection_is_a_Skill_with_Brian_Miller,18,over_info,5,58.11,0.3400000000001455,0,1,5,0,0,0,160.27999999999997,180.0,7,,". And it's probably similar or not to the similar to, to creativity, for example. I don't know. I, you, you related to this before you write a book, it's the most daunting thing..."
business,Human_Connection_is_a_Skill_with_Brian_Miller,28,over_info,5,52.83,0.31999999999993634,0,0,2,0,0,1,0.0,180.0,3,,". Something you said before that I think connects to this conversation we're having now is you are talking about how the interview is, you know, an interview is not a conversati..."
business,Human_Stories__Human_Connections_a_Rainn_Wilson,5,over_info,5,60.94,0.0,0,1,5,0,0,0,23.629999999999995,180.0,8,,'re going all the way back. Choose a spot. I guess my fascination with storytelling went all the way back to the earliest human civilization when we lived in caves and my distan...
business,Humanistic_Leadership__Prioritizing_Human_Dignity_and_Well_Being_for_Better_Business_Results,11,over_info,5,174.04,0.9200000000000728,1,0,2,0,0,0,87.19000000000005,180.0,4,,"- That's a great question, thank you. Thank you for asking me about the humanizing leadership initiative. Yes, indeed, I've launched the Humanizing Initiative. I launched it in..."
business,Humor_Engineering_Featuring_Andrew_Tarvin,7,over_info,5,54.88,0.0,3,0,3,0,0,0,148.25,180.0,6,,"Oh, I have the very kind of side approach into it is my background is in computer science and engineering. And so people hear that and they're often surprised because they're, y..."
business,Huobi_Podcast__BTC_Predictions_with_CRYPTOIRB,21,over_info,5,90.32,0.720000000000141,2,0,2,0,0,0,69.34000000000015,180.0,5,,". I think in general, what is fascinating is to observe on a daily basis, actually in the long term run as well, how the businesses shape, uh, you know, across the time across a..."
business,I_definitely_don_t_think_we_re_looking_at_the_death_of_retail__Unilever_Prestige_Group_CEO_and_EVP_Vasiliki_Petrou,17,over_info,5,63.4,1.1368683772161603e-13,2,0,1,0,0,0,101.31769072164946,118.58311341734623,4,Stonewalling / Non-Response,"? - And definitely skincare is a category as you described it. People look for clinical results or results, right? Maybe not all this clinical, it can be natural results, but de..."
business,I_thought_I_was_prepared_to_exit_the_service__I_was_wrong,3,over_info,5,69.98,2.842170943040401e-14,2,0,2,0,0,0,114.45000000000005,180.0,4,,", you know, you would think that you would have some basics already worked out when it was time to retire, such as where I want to live and what I want to do. But I realized tha..."
business,If_the_government_won_t_fix_Super__here_s_how_to_do_it_for_yourself__and_your_kids,4,over_info,5,71.06,,0,0,0,0,0,1,0.0,0.0,0,,"not getting any votes just quietly for that. For that job, I'll go again. Schomo, Josh, if you get a bit tired and you're sick of it, happy to be drafted in for a year or so, I'..."
business,Igor_s_Biggest_Money_Pits,19,over_info,5,57.91,2.2737367544323206e-13,0,0,0,0,1,1,0.0,15.970000000000255,1,Topic Shift,"it's that that's, you know, with our society, you see all the TV programs, all the stars, the 1% of the 1%. And that's kind of, you start thinking, you know, I know a lot of peo..."
business,Igor_s_Biggest_Money_Pits,24,over_info,5,59.59,0.849999999999909,0,0,1,0,0,1,0.0,180.0,2,,"Yeah, absolutely. So then there's toys. Then there's toys that are absolutely made no, made no sense whatsoever, things like furniture that I wanted to brag about to my friends,..."
business,Illan_Samuel_on_Constructing_You,41,over_info,5,63.743590320765335,6.112359613827948,2,0,2,0,0,0,86.42240341562479,180.0,4,,", again, it was slow. I probably didn't realise how hard some of the things, how hard it is to get a permit or how costly, once they have a state, could be but just not reading..."
business,Illinois__New_Biometrics_Law__What_It_Means_for_Facilities,11,over_info,5,145.81,0.0,1,0,1,0,0,0,0.001,171.54999999999995,5,Stonewalling / Non-Response,"could. We know already that California, I should say, not surprisingly that California is considering a statute that looks a lot like BIPA and provides a lot of the same protect..."
business,Improving_Your_Career_With_CliftonStrengths_--_S8E36,17,over_info,5,94.3,3.297473200612785,0,0,0,0,1,1,0.0,16.960163348647484,1,Topic Shift,". Yeah. Again, I think it goes back to starting off with understanding that it's this tool, the equipment strengths assessment and the domains. They don't give us a prescription..."
business,In_Conversation_Episode_20_-_Mitchel_White,5,over_info,5,76.75757397959184,0.8361403061223882,4,0,2,1,0,0,49.346140306122436,142.18026479190314,8,,"? Hard. The easiest way to describe it is a massive shift from doing the kind of things that you normally do. So if you're designing, you obviously would be designing all day, a..."
business,In_Conversation_With__Malachy_Browne,47,over_info,5,79.83,0.0,0,0,2,0,1,1,0.0,162.73000000000002,3,Topic Shift,But certain ways of doing things. And I came into the video unit. And that was its own sort of separate unit away from the newsroom and was very much a service desk. I do these...
business,In_Focus__How_COVID-19_has_been_impacting_brokers_across_Australia,4,over_info,5,78.56,0.0,0,0,3,0,0,1,0.0,180.0,3,,. Yeah and I think some of the initial findings that we had from the survey we actually were a story about it on the advisor was that brokers have been seeing their workload inc...
business,Index_Funds__The_12-Step_Recovery_Program_for_Active_Investors_with_Mark_Hebner,43,over_info,5,58.35,4.624040501446416,1,0,2,0,0,0,174.66999999999916,180.0,3,,"did it, but he got tired of listening to all these predictions that people make without any record. They should make them give their accuracy rating before they spew out all the..."
business,Injecting_Life_into_the_Life___Health_Industry_-_Trevor_Davis_of_Instanda,9,over_info,5,96.37999999999998,0.0,2,0,2,0,0,0,122.85000000000002,180.0,4,,"Again, I think if you look at what the insurance industry does very well is it gets its products to a core set of individuals. But if you look at the way that we employ people t..."
business,Innovation_and_Mentorship_at_Spiegel_Sohmer__The_Law_Firm_Where_You_Come_in_for_a_Coffee_and_Leave_with_a_Will,16,over_info,0,138.14945181842313,6.284400716750838,1,0,3,0,0,0,6.284400716750838,180.0,4,,"You know, technology is one thing, but you know, there's one piece of technology that we haven't talked about, and that's the human brain . And the human brain is the most advan..."
business,Innovation_in_equities_trading_with_Jonathan_Clark__Luminex,31,over_info,5,56.93,0.0,0,0,0,0,1,1,0.0,30.300000000000182,1,Topic Shift,"Well, as you know, we've done a ton of work on our front end, the GUI, that user experience, the bells and whistles that they see when they get a pop-up, the opportunity to, you..."
business,Insight_to_ReloCare_challenges_and_success,17,over_info,5,75.1,0.7000000000000455,2,0,2,0,0,0,119.84000000000003,180.0,4,,"- I think it's the immigration mostly, I will say, to overcome it. Of course, the period of time that there are financially companies are closing down for sure the situation tha..."
business,Inspire_Thrive_Lead_Podcast_Episode_23__Debbie_LaChusa,26,over_info,5,72.96,4.685555288171827,1,0,2,0,0,0,83.61999999999966,180.0,3,,". Yeah, there's been, you know, there's been lots of times and my business is only four years old. So I've been doing continuous improvement for a long time inside of companies...."
business,Integrating_and_Growing_IT_at_DoorDash_with_Jorge_Herrera,11,over_info,0,58.34,0.7699999999999818,2,0,5,0,0,0,56.49000000000001,180.0,8,,. You know I started came up from the help desk so now as a system admin anytime we deploy any tool I look at it from both sides of the table how is this going to affect the end...
business,Interview_with_Dr._Anna_Garrett__hormone_expert_and_author_of_Perimenopause__The_Savvy_Sister_s_Guide_to_Hormone_Harmony,3,over_info,5,59.850402863326124,0.11053104711169226,0,0,0,0,0,1,0.0,3.960531047111658,2,Stonewalling / Non-Response,"? Clever ly enough. It's drannagarrot.com. Gosh, it's hardly been a linear path. When I was still in pharmacy management at our local hospital, I knew as I was coming to the end..."
business,Interview_with_Erin_Greilick__Support_Through_Challenges,13,over_info,5,73.48,1.3400000000001455,1,0,2,0,0,0,1.3400000000001455,180.0,4,,"that? - I would say the one thing that I do notice in people who I also consider to be great listeners is that there is such a continual focus on the individual and it doesn't,..."
business,Interview_with_Erin_Greilick__Support_Through_Challenges,15,over_info,5,52.98,0.0,0,0,1,0,0,1,0.0,180.0,2,,? - I don't know if I intentionally developed that. Tell you the truth. I think that there's a comfort that I have in the background. And that's always been a place that I've en...
business,Interview_with_Matt_Gorniak__CEO_of_ThreeKit_3D_AR,21,over_info,4,53.22174378175983,10.932816261032485,2,0,2,0,0,0,88.18281626103249,180.0,4,,I think kind of building on your prior question I would say the what we see is the companies that were either born digital if you will to use the moniker fronk you know or or so...
business,Interview_with_the_Brandy_Flanagan__Author_of__Make_Business_Fun_Again,33,over_info,5,57.2,0.0,0,0,0,0,1,1,0.0,37.270000000000095,1,Topic Shift,"with you? You know, I'm just at the local level. So we, you know, in the town that I'm in, I haven't really ran into that too much. So, you know, I don't really have a guiding p..."
business,Intrapreneurship__Empathy_and_NextGens_with_Mei_Tan,7,over_info,5,58.24,10.211292846497884,0,0,0,0,0,1,0.0,30.32000000000005,2,Stonewalling / Non-Response,"Yeah. I mean, no doubt it is exhausting. But I think one when you have your emphasis and then you can realize, you know, like the whole idea of our true entrepreneurship, right?..."
business,Investor_Asks_about_Learn_Your_Market__1__Rule__Home_Equity_Line__Goals,16,over_info,5,53.56,0.0,4,0,4,0,0,0,134.05194192377496,180.0,8,,", yeah, again, that's that's that's the local knowledge, right? So you're going through that story. Again, this is what I want people to hear, right? We're talking about in this..."
business,Investor_Mindset-_Value__1__Treat_information_amorally,21,over_info,5,104.5135095378191,1.4741216665086085,0,0,0,0,0,1,0.0,1.5741216665085176,1,Stonewalling / Non-Response,"I 'll ch ime in here and just say, so with the fiat currency and how they're utilizing the fractional reserve lending, you need, many people have talked about it being elastic,..."
business,Is_COVID_The_Catalyst_For_Banking_Digital_Transformations,20,over_info,5,103.49,2.2737367544323206e-13,0,0,2,0,1,1,0.0,93.56000000000017,3,Topic Shift,"- So this is, there are some interesting discussions going on here. And the fact is I think there's actually a lot of uncertainty about the direction things are gonna go because..."
business,Is_this_how_you_attract_millennials__You_decide,15,over_info,5,71.79,0.0,2,0,2,0,0,0,94.8900000000001,180.0,4,,we need to do is really take a step back and realize that we have got a lot of people who are coming out of school that are not getting jobs right away. I do a lot of work with...
business,It_Never_Does_What_You_Expect_-_Nick_Santiago_5-29-20__44,12,over_info,5,67.24,0.0,0,0,2,0,0,1,0.0,84.69999999999993,3,Stonewalling / Non-Response,"with Starbucks. Yeah, well, you know, buy the coffee, sell the stock or buy the stock and sell the coffee. I'm not sure which, but Starbucks has got staying power. I will say th..."
business,It_s_bigger_than_sports_today__5_28,12,over_info,0,89.99526796894565,37.20455108940655,0,1,1,0,0,0,37.20455108940655,180.0,2,,So the number that goes into the payroll amount for a team is not just adding up the salaries that the newspaper gives you for the 25 guys on the opening day roster. It doesn't...
business,Iteractive_Leadership,11,over_info,5,53.74,6.490000000000009,1,0,2,0,0,0,6.490000000000009,180.0,4,,"is amazing to me is people think they're not aligned. And yet when I force them to share what they are aligned with their list become very long. So for instance, we might be, we..."
business,J._Haleem_Washington_-_Phi_Beta_Sigma,19,over_info,5,55.90505226480835,13.131916376306549,0,0,0,0,0,1,0.0,73.91191637630664,2,,"it's a key in college, I would tell them to explore, I would tell them to go and, you know, see what everybody has to offer. Then, you know, of course, I'll nudge in my way, but..."
business,JP_Morgan_s_Kwok_-_The_Huge_Asian_Asset_Management_Opportunity,19,over_info,5,70.88,2.0799999999999272,1,1,2,0,0,0,92.21000000000004,180.0,4,,yes so the debt issue in China a lot of it is residing within the state-owned enterprise and and for sure some of them will have difficulty and are going to be facing difficulty...
business,J_INSIGHTS_-_Disaster_movies_and_character_tests,7,over_info,5,56.69,0.0,0,0,2,0,0,1,0.0,125.16999999999996,2,,"the test? - Forgive me, David, for like moving in this direction. But you all know Admiral Stockdale, right? The Stockdale test, who was a prisoner of war in Vietnam for eight y..."
business,Jacqui_Walters_I_rethinking_strategy,5,over_info,5,61.66,8.372084639498325,1,0,0,0,0,0,8.372084639498325,76.35136002562456,1,,? I think so. It causes different conversations to be had between board members at the board table and also between the board and management. And I think in some organisations i...
business,James_Hambro_CEO_-_How_we_ve_reassured_clients_during_the_pandemic,5,over_info,5,55.86,0.7400000000000091,2,0,3,0,0,0,170.43,180.0,5,,"Yeah, there's been some of that although I think it's fair to say that because we have the joint financial planning and investment management capability, a lot of those plans wi..."
business,James_Hambro_CEO_-_How_we_ve_reassured_clients_during_the_pandemic,7,over_info,5,63.77,0.0,1,0,3,0,0,0,92.50999999999999,180.0,4,,"place? Well, look, you know, in any business where revenues are to at least a large but not complete degree related to assets under management, then clearly there's going to be..."
business,James_Hambro_CEO_-_How_we_ve_reassured_clients_during_the_pandemic,11,over_info,5,92.06,0.0,3,0,3,0,0,0,139.90999999999997,180.0,6,,"really interesting question because, you know, in our contingency planning, we've actually, you know, assumed zero in terms of new client inflows or inflows from existing client..."
business,James_Hambro_CEO_-_How_we_ve_reassured_clients_during_the_pandemic,21,over_info,5,119.34,0.0,3,0,3,0,0,0,132.67999999999995,180.0,6,,"sure. So Joe Hambroe, capital management, is the business that gave us the opportunity to set up the James Hambroe business in 2009. It's a complex history, which I won't bore y..."
business,Jamie_Snary__Asset_Management_Director_of_Apache_Capital_Partners,45,over_info,5,56.18,0.0,0,0,2,0,0,1,0.0,180.0,4,,"I think it's too early to see truly distressed assets jaking in the marketplace. I mean, I think there probably will be some distressed assets, whether that's in the, you know,..."
business,Jay_Batson_on_Revenue-Based_Finance,10,over_info,4,110.62,29.846631345353558,0,0,1,0,0,1,0.0,180.0,1,,". I think that when we give advice, the best advice is it's the kind of thing that the person sort of knows they have to do, but it hasn't quite gelled yet. And when you hear it..."
business,Jean_Chatzky__The_Money___Media_Maven,32,over_info,5,58.35,0.0,0,0,0,0,0,1,0.0,2.7100000000000364,1,Stonewalling / Non-Response,"? It means to manage it consciously. And that encompasses knowing what's coming in, knowing what's coming out and knowing where it's going. And I know that sounds relatively sim..."
business,Jeff_Hoffman_Shares_How_to_SCALE_Your_Business,35,over_info,5,71.67,0.0,3,0,3,0,0,0,97.63000000000011,180.0,6,,"- Yesterday I was looking at, yesterday I had a very specific one because I was looking at something in Uganda and I was looking at the supply chain of food and Uganda but speci..."
business,Jeff_Kelisky__CEO_of_online_investment_platform_Seedrs,5,over_info,5,58.07000000000001,0.7600000000000193,2,0,1,0,0,0,84.07000000000005,180.0,4,,"that? - Yeah, it ranges. 14 tends to be the most common although people sometimes will extend that up to 60 days actually. So on average you'll see between 200 and 300 investors..."
business,Jeff_Rommel__Nationwide_Insurance,30,over_info,5,64.85,20.711517373646302,0,0,2,0,0,1,0.0,180.0,2,,"Yeah, I think often in the crush of things that need to be done day in and day out in an agency, it's easy to assume that our clients understand what we do and know that we have..."
business,Jimmy_Parker_How_To_Grow_Leaders_At_Scale,3,over_info,4,134.21,0.45999999999997954,2,0,2,0,0,0,123.75,180.0,4,,">> Right, yeah, we have this feeling. As soon as we get caught up, we're going to be good, but no, everything's moving. But this notion that researchers have figured out how to..."
business,Jock_Talk__Episode_3,34,over_info,5,181.0,16.3009551886787,0,0,2,0,0,1,0.0,180.0,2,,"I mean, I'm a purest, just like you. I could sit there, you know, back in the late 90s, early 2000s, probably what you and I would consider the height of the Yankees Red Sox riv..."
business,Jock_Talk__Episode_3,48,over_info,5,74.56,0.0,1,1,4,0,0,0,76.44000000000051,147.42999999999984,7,Stonewalling / Non-Response,"Well, you know, it's funny that we mentioned, you know, how hockey back then was sort of a real life video game. I think one of the things that you could benefit from going off..."
business,Jody_Sperling___Time_Lapse_Dance_20th_Anniversary_Events,11,over_info,5,52.620000000000005,0.6700000000000159,1,0,2,1,0,0,0.6700000000000159,123.47999999999996,4,,"you? - Well, it's a wonderful feeling because you're able to experience a sense of expanse beyond what you would normally be able to feel. When I put on this costume, I am not t..."
business,John_Wong_on_How_to_Engage_Youth_to_Move_Forward_in_a_Post_Pandemic_World,3,over_info,5,80.8,0.9399999999999693,2,0,3,0,0,0,47.06,180.0,5,,"as well? That's something that we're constantly talking about. I guess, you know, with the COVID-19 pandemic, having reinforced a lot of the gaps and inequities, if you will, in..."
business,John_Wong_on_How_to_Engage_Youth_to_Move_Forward_in_a_Post_Pandemic_World,15,over_info,5,86.37,0.5199999999999818,1,0,3,0,0,0,141.94999999999982,180.0,4,,"I mean, as we discussed earlier, the pandemic has reinforced a lot of the gaps and equities in society today. It's interesting, there's a lot of discussion on social media of no..."
business,John_Wong_on_How_to_Engage_Youth_to_Move_Forward_in_a_Post_Pandemic_World,19,over_info,5,59.49885952380952,15.23872380952389,0,0,0,0,0,1,0.0,98.8339250337715,1,,"speaking, I think we can start by learning how young people find hope to their use of today's technologies. And I'm not saying that simply because I'm working with William & Lau..."
business,Johnson_Controls,11,over_info,5,57.05,0.47999999999996135,2,0,4,0,0,0,68.44999999999999,180.0,6,,", absolutely. And I think that that comes with time. You know, you're not all of a sudden one day going to wake up and say, ""Okay, I'm ready to ask all these questions. I have t..."
business,Josie_Glassberg_-_Founder_of_Urban_Roots_Nonprofit_-_Farm_School_Homeschool_Program_Day_Camp,19,over_info,5,60.97,0.20000000000004547,3,0,3,0,0,0,140.11,180.0,6,,"Yeah, I think, I think, you know, the local food community is pretty easy to navigate your way around here. And back then, it was, I was just reliant upon, you know, like buildi..."
business,Joy_Kim_Metalios_on_The_Rubin_Special,7,over_info,5,72.99524164072018,1.9582658724786484,3,0,5,0,0,0,161.3182658724787,180.0,8,,", so it's been a buyer's market for a while for a few years in Greenwich in all different price points. Obviously, the lower price point, you know, obviously the lower that the..."
business,Justine_McGrath_and_proactive_coaching,9,over_info,5,58.35,3.033017705927648,0,0,3,0,0,1,0.0,180.0,3,,"? - Yeah, well, I'm happy to say it is changing. You're absolutely right. Daniel Goldman wrote a sort of a best-selling book about emotional intelligence in the '90s, and that w..."
business,Justine_McGrath_and_proactive_coaching,16,over_info,5,76.96,8.788034113273397,1,0,3,0,0,0,47.919999999999845,180.0,4,,"that's very, it's kind of interesting. I can imagine all manner of even around motivation. And as I said, I've Zoom fatigue. This is something that comes up quite a bit, but it..."
business,KFC_s_Branding_Recipe__Josh_Benge__KFC,81,over_info,5,58.05,0.1999999999998181,0,0,0,0,0,1,0.0,0.5099999999997635,1,Stonewalling / Non-Response,"? Yeah, definitely. I mean, there's plenty, probably too many to speak about in one go, but I think one that we are particularly proud of is our food donation scheme. And you to..."
business,Kabir_Shahani_CEO_of_Amperity,6,over_info,5,122.55,3.999250822576556,0,0,0,0,1,1,0.0,37.694722854973406,1,Topic Shift,"a great question. So certainly, given our focus on consumer businesses, more than 80% of our customers are directly impacted in a pretty meaningful way. And I think I was a litt..."
business,Karli_Moch_-_The_Ride_of_Our_Lives,17,over_info,5,65.88,0.0,0,0,0,0,1,1,0.0,9.230000000000018,2,Topic Shift,"Yeah, I mean, that's like I said, then in the back of my mind, you know, this entire time and us connecting on our own, we've had, I've had a lot of communication with our expec..."
business,Katie_French,7,over_info,5,54.48,0.0,1,0,1,0,1,0,0.001,90.18999999999994,3,Topic Shift,"So we've been covering it in quite a broad strokes way really, with been looking at the local hospital and the healthcare provisions and care homes, also looking at the communit..."
business,Keiko_Lynn__keikolynn__on_sewing_masks_for_healthcare_workers_and_standing_for_something_as_an_influencer,80,over_info,5,55.1,0.10999999999989996,1,0,2,0,0,0,95.00000000000023,168.01999999999998,5,Stonewalling / Non-Response,"? Well, first of all, I would say let this be a lesson to not put all your eggs in one basket because if you're relying on Instagram as your sole source of income, if that's whe..."
business,Keith_Land_BBC_Radio_Newcastle_Interview___May_2020,7,over_info,5,69.12,0.0,1,0,3,0,0,0,149.37999999999994,180.0,4,,", this is a really difficult area, because people are rightly concerned. But if an employer has put in place measures to social distancing everybody and they're behaving the pro..."
business,Kevin_Kent-_Sustainability_in_Data_Centers,2,over_info,0,85.42,0.777970191625343,0,0,1,0,0,1,0.0,171.58000000000004,2,Stonewalling / Non-Response,"you bring up a really great point because we've talked about in this podcast before how there's sort of this holy trinity of data centers, right? Just like the three veggies tha..."
business,Kevin_Kent-_Sustainability_in_Data_Centers,16,over_info,5,95.61999999999999,19.047241908380556,0,0,2,0,0,1,0.0,180.0,2,,"I think, we've kind of come, you talked a little bit about how data centers are getting smaller with virtualization. I can remember maybe 15 years ago when the predictions were..."
business,Killing_Marketing__Co-Author___Content_Marketing_Expert_-_Robert_Rose,10,over_info,5,58.410000000000004,25.10624923319608,0,0,2,0,0,1,0.0,180.0,2,,"Yeah, I think that's a good metaphor. I think, you know, it's, it's, you know, I mean, I think it's why, look, this is the part where half of your audience turns off when I tell..."
business,Killing_Marketing__Co-Author___Content_Marketing_Expert_-_Robert_Rose,20,over_info,5,62.04,0.0,0,0,0,0,0,1,0.0,9.600000000000136,1,,"I think the number, it's, it's, it's a question that people don't know that they're asking that they're actually asking. And what I mean by that is that in almost every case, an..."
business,Kincora_Copper__KCC__-_Gold_Explorer_Pivoted_From_Mongolia_To_Australia,49,over_info,5,60.24,0.0,0,1,1,0,1,0,0.001,30.559999999999945,3,Topic Shift,we're just going through and working out it looks like it's minimum quarter of a million and i guess in my mind that's a couple hopefully good olds and not we're getting to unde...
business,LIVE___Alpharetta_Tech_Talk__Anas_Sawaf__CirrusLabs,9,over_info,5,67.23,0.0,1,0,2,0,0,0,141.82,180.0,3,,itself yes so so basically uh... the wearables are something like uh... uh... you can have uh... uh... watch but i was banned kind of uh... device that basically that wristband...
business,LNG_changes_in_the_Middle_East,8,over_info,5,55.74000000000001,0.9600000000000364,0,0,1,0,1,1,0.0,68.72482142857143,2,Topic Shift,"suppose reserving the new building slots pushes the expansion FID that bit closer and progresses the project, especially in this environment of really hardly any FIDs anywhere e..."
business,Leadership_Starts_With_Taking_Care_Of_Number_One,6,over_info,5,55.51,0.0,1,0,1,0,0,0,0.001,180.0,2,,"'s right. That's right. It's, listen, the commitment, the commitment to leadership and the commitment to yourself is there is no easy path, okay? And so nothing is ever for free..."
business,Leadership_Starts_With_Taking_Care_Of_Number_One,12,over_info,5,53.29,27.347779479326277,0,0,0,0,0,1,0.0,180.0,2,,"it doesn't need to be super rigid. I mean, I think it's as easy as if you if you enjoy reading the paper in the morning because you're going to absorb things that are happening..."
business,Leadership__how_youth_led_organizations_can_create_global_impact,31,over_info,5,75.18595703751204,25.25823020198777,1,0,1,0,0,0,25.25823020198777,180.0,2,,"Well, I'm trying to think. I'm also trying to think about why it's quite different. So one is that if you're working with volunteers, I think naturally as the leader or the mana..."
business,Leading_During_and_After_a_Crisis_with_Cy_Wakeman,19,over_info,0,110.06,1.423469387754949,0,0,2,0,1,1,0.0,79.07999999999993,4,Topic Shift,"gets exhausting. But I am also the pandemics revealing is what I call lazy engageers, because people who relied on the organization or on their leader for their purpose in life..."
business,Leading_Projects_Beyond_The_Iron_Triangle__with_Susanne_Madsen,38,over_info,0,54.11760194850383,10.166335421015901,2,0,0,0,0,0,86.1963354210161,102.00633542101605,4,Stonewalling / Non-Response,"think that hope one is so powerful and I think there's something that we can do as project managers, as project leaders to help the team feel hope and that is to help the team w..."
business,Learning_to_Lead__Leading_to_Learn__Creating_an_Intentional_People-Centered_Culture,17,over_info,5,83.16,0.3463921217544339,2,0,2,0,0,0,140.05999999999995,180.0,4,,"? - So to me, it's all about going back to what's the intent. And so often, or what's our purpose? And our purpose is to help someone else think about a question. It's not about..."
business,Learning_where_the_money_is_before_paying_for_your_education_with_Sadie_Collective_co-founder_Anna_Gifty_Opoku-Agyeman,18,over_info,5,65.77,0.0,0,0,0,0,1,1,0.0,18.699999999999932,1,Topic Shift,That's a tricky question. And it's a question I'm currently dealing with right now. And I think it depends on what you ultimately want to gain from the kind of job that you end...
business,Leaving_Abuse_and_Homeschooling_Six_Kids_as_a_Single_Homeschool_CEO_with_Sarah_Wall,20,over_info,5,64.87,0.0,0,0,1,0,1,1,0.0,104.25790160268343,2,Topic Shift,", that is so good because you're right. Because right now, you know, I know Sarah and I talked a little bit before we got on the podcast. You know, this podcast was really the s..."
business,Legal_Beagle-_Personal_Injury_Law_Podcast__Episode_10__Chapter_1_-Current_Events,19,over_info,4,79.96,0.0,0,1,1,0,0,0,157.75,180.0,2,,"Sure. So prejudice is, I think it's a misleading phrase for many reasons. In a court case, all that means is whether you can really come back to the court and do something about..."
business,Leisure_Loans_-_The_Fun_of_Finance,25,over_info,5,56.55,3.7676923076923003,1,0,1,0,1,0,3.7676923076923003,80.39999999999998,3,Topic Shift,"loan? >> Yeah, that's a great question. So with the registration, that is completely up to the person who owns that asset, whether they're going to have it registered in winter,..."
business,Les_Brown_-_one_of_worldaTMs_most_renowned_motivational_speakers__Become_your_own_Superhero_presents,33,over_info,5,71.24,0.0,2,0,4,0,0,0,83.28999999999996,102.59000000000015,7,Stonewalling / Non-Response,"? Without any question, in the middle of a surgery, it looks like a murder. But on the other side, there's a healing. I just think that God said, ""You know what? There's so much..."
business,Lessons_from_The_Last_Dance_-_Part_Two,34,over_info,5,77.48,0.0,0,0,2,0,0,1,0.0,125.70178385416693,2,,"like we've gone full circle, because I think I'll close by just highlighting something that my missus, my partner said to me earlier this week. She asked me, what was my mission..."
business,Let_s_Talk_About_It_with_Kira_Christian__CollegeLife,26,over_info,5,57.4,5.038539144471315,0,0,2,0,0,1,0.0,95.22000000000003,5,Stonewalling / Non-Response,", you know, and I appreciate your honesty on both because one of the things I try to tell some of my friends, I have a friend now who, a couple of friends, actually, who kids, c..."
business,Let_s_Talk_Appraisals,21,over_info,5,53.04046174863388,10.614239071038241,1,0,2,0,0,0,10.614239071038241,180.0,3,,"Oh, yeah. And I mean, I hear from a lot of agents and loan officers too, they get very frustrated because, well, this appraiser does it this way, that appraiser does it that way..."
business,Let_s_Talk_Appraisals,67,over_info,5,66.36,2.836004728132366,1,1,2,0,0,0,51.210000000000264,54.73000000000002,5,Stonewalling / Non-Response,"? Yeah. And we're not, that's why Fannie Mae changed it in 2011. We don't, we are not supposed to separate out anymore. You know, granite counters stainless steel appliances, be..."
business,Let_s_Talk_Instagram_With_Hillary_Houghton_The_CEO_Of_Social_HQ,12,under_info,10,5.032235597592433,4.034840928632775,0,0,1,0,0,1,0.0,151.51436634095182,1,,"'cause you need that, at the end of the day, you need that conversion. So that was live presentation, live question and answer, but we also found that people like to just be abl..."
business,Letting_Go_Of_Your_Past_To_Create_The_Future_You_Desire,6,over_info,5,76.3,0.3199999999999932,0,0,0,0,0,1,0.0,0.9600000000000364,1,Stonewalling / Non-Response,"all the stress and anxiety and like negative emotion shit is not how it's in like, that stuff happens, it's a part of life. But like, what if this is your default? And all the s..."
business,Letting_Go_Of_Your_Past_To_Create_The_Future_You_Desire,12,over_info,4,99.73156781180519,64.67221293400542,0,0,0,0,0,1,0.0,64.67221293400542,0,,"ing) - It does make sense, but then it's also like, whenever we're worrying about something, we're just creating the feeling that we're worried about, like we're literally just..."
business,Life_Science_Interview-_Dan_Lambert___Pathology_on_changing_dermatology_forever,29,over_info,5,52.620000000000005,0.0,2,0,2,0,0,0,131.14999999999986,180.0,4,,"it? Yeah, I think for the next five years, it will be where they will be working in tandem. I think if you look more like 10 years out, I wouldn't be encouraging someone that wa..."
business,Life_Settlements_Webinar_Recording,3,over_info,5,61.95,15.62136094674554,3,0,3,0,0,0,126.88,180.0,6,,Certainly. So we define what a life settlement is. A life settlement fund is a pooled vehicle that pools investment capital and buys multiple or many life settlements and holds...
business,Life___leadership_lessons_from_competitive_sports,13,over_info,5,66.49,0.3400000000001455,0,0,0,0,0,1,0.0,1.2100000000000364,1,Stonewalling / Non-Response,"know what to do. You know, and for me, I think the thing that I wanna pass on and it's been so prominent in my life because it's being coachable. Because there's been times in m..."
business,Like_A_Twazock_-_13_May_2020,28,over_info,5,56.28841565105836,7.532647437930791,2,1,3,0,0,0,62.179608723540696,135.58960872354078,7,Stonewalling / Non-Response,"that. But in certain places where people do travel to work by public transport in large numbers, like Manchester, like, you know, the major conurbations, I've thought of Manches..."
business,Limited_Liability_Companies__LLCs,9,over_info,5,59.66,0.0,1,0,1,0,1,0,0.001,69.88,3,Topic Shift,"LLC? It can be anything. It runs across the board. Off the top of my head, I can't think of any type of business that you could not do through an LLC. It's a great business enti..."
business,Limited_Liability_Companies__LLCs,15,over_info,5,56.93,0.0,1,0,3,0,0,0,94.25,111.01999999999998,4,,decision? It has nothing to do with the formation process with the state. What it has to do with is the IRS. This is federal tax treatment we're talking about. Ideally if you kn...
business,Liquidity_and_the_Fed__Not_Again._This_Time_is_Different,9,over_info,5,71.4,0.0,1,0,3,0,0,0,97.16000000000008,180.0,4,,"? I actually am not sure how heavily one should come out in favor or against, including commercial real estate assets in the program. But any asset that is categorically exclude..."
business,Live2inspire_Episode3__interview_with_Kathleen_Seeley__CEO_of_Humanly_Leadership,13,over_info,5,62.0,0.4000000000000341,0,0,0,0,0,1,0.0,0.6100000000000136,1,Stonewalling / Non-Response,"So talking about organizations. Doing research, a piece of work called, you know, best places to work as well as firms of endearment. What they have when you sort of do a study..."
business,Living_an_Abundant_Life_Starts_with_Giving_with_Jim_Carter_III__Episode_23,19,over_info,5,55.816683955739975,123.00673828577283,0,0,0,0,0,1,0.0,123.00673828577283,0,,". - That is unbelievable. And so, I wanna go back then, bait with that being said, number one, Jim, you are, to me, a beacon of somebody who is about getting behind causes. You'..."
business,Local_SEO_with_Itamar_Blauer,8,over_info,5,60.24,9.233546242774537,2,0,2,0,0,0,102.17999999999995,180.0,5,,". - Yeah, that's quite interesting because there is stigma from a lot of people about paying for these sorts of services. And I'm thinking like even the example of citationbuild..."
business,Local_SEO_with_Itamar_Blauer,16,over_info,5,52.849999999999994,0.0,0,0,2,0,0,1,0.0,88.02999999999997,2,,"- Yeah, I mean, all of these things are still very common nowadays. I mean, loads of people are lazy, loads of people still aren't as tech savvy as we are, as marketers and as S..."
business,Lookbacks___Leverage___Energy_in_Review_w__James_Constas,100,over_info,5,62.97,0.0,0,0,1,0,0,1,0.0,65.23509512640021,1,,"are typically very linear and they fit a point in time. And so if you really get into the strategy of, and here's where the nerd in these starts to come out, you know, you start..."
business,Losing_a_Child_to_Cancer_with_Crystal_J._A._Roberson,45,over_info,5,87.59,1.8399999999996908,1,0,1,0,0,0,1.8399999999996908,180.0,2,,"is listening, I'm telling you be that put your faith in God, you have to always had a prayer every morning. When I'm with Jalen, Jalen, we're going to do this this morning and G..."
business,Louis_and_Kyle__Semester_In_Review,11,over_info,4,102.86420675908309,3.7923711153393356,2,0,4,0,0,0,82.5123711153393,180.0,7,,". Or whether or not they want to continue a relationship with you in the future, necessarily . Or if they think that there's value or enjoyable, right? Just hang out with you. I..."
business,Lowering_The_Stress_Response_In_Patients_Immediately__PPP__148,17,over_info,5,76.53768114159182,7.303973108887931,0,0,2,0,0,1,0.0,75.7660204207159,3,Stonewalling / Non-Response,'s a part of me that's just very much a teacher and wants to wants to be doing this as my own passion. But I would for sure have it as on my website with my tools as this is som...
business,MBE_EP_30_David_Kelly__CEO__on_building_New_Zealand_s_economic_recovery,5,over_info,4,75.16105286859408,18.811659911735575,0,0,2,0,0,1,0.0,127.74165991173558,4,Stonewalling / Non-Response,"? Yeah, look, obviously, a tough time for everyone, both the construction sector and every other sector in New Zealand. It's business-wise, but it's also personal. How you're fe..."
business,MBP_-_Brian_Hagopian_-_Clear_Water_Consulting_-_Part_2_Sampling___Monitoring,3,over_info,5,77.70037355957959,1.1729175636317564,2,0,3,0,0,0,163.96760157850161,180.0,5,,in water systems ? So the first thing that changed in the pharma industry is back and I believe it was in the late 80s. Don't call me to that. But up until that point and dating...
business,MENTAL_HEALTH_FIRST_AID_TRAINING__Talking_with_Jude_Price_about_Mental_Health,22,over_info,5,56.83,1.2699999999999818,2,0,4,0,0,0,134.58000000000004,180.0,6,,all? Not at the moment I think everybody's been just struggling with readjusting to what's going on and I've spoken to lots of people that I've already had contact with and you...
business,MENTAL_HEALTH_FIRST_AID_TRAINING__Talking_with_Jude_Price_about_Mental_Health,26,over_info,5,69.28,0.0,5,0,1,0,0,0,133.00999999999988,137.77999999999997,7,Stonewalling / Non-Response,"know. Absolutely and because I also run a project World Doodle Day and part of that is actually looking at using creativity as a channel for releasing emotions, for self-express..."
business,MYM__02_-_Building_a_Growth_Mindset_with_Stefan_Heinrich_Henriquez__CMO_at_Cameo,15,over_info,0,106.88,31.62394747006556,2,0,1,0,0,0,139.37174019607824,180.0,4,,". Yeah, I think one thing I think given like my upbringing and like hearing like different languages all the time, I'm very used to like working across languages and borders. An..."
business,Make_it_Happen_with_Ann_Jenkins_-_learning_eco_literacy,5,over_info,5,64.07,1.1261897475133935,1,0,2,0,0,0,1.1261897475133935,180.0,4,,there's all sorts of really interesting things about Costa Tropical. It's quite long actually it's 79 kilometers of predominantly each area but when you go inland there's some i...
business,Making_your_Dreams_a_Reality_with_Jerome_Myers,3,over_info,5,56.94,11.899851948051946,1,0,4,0,0,0,171.51000000000002,180.0,5,,"doing wonderfully today. I mean, you're the type of guy who I say to myself, ""If I'm going to have a podcast, this is the guy I want to have as my guest."" If it's not the first..."
business,ManagingChange_with_Payal_Nanjiani__Achieving_Unstoppable_Success_During_Uncertainty,13,over_info,5,83.27,1.1368683772161603e-13,0,0,3,0,0,1,0.0,180.0,4,,"Oh, yeah, yeah, working from home. I think this concept has been disturbing everyone's schedule. I was doing a webinar for a corporate on Friday, and one of the things that came..."
business,Managing_Reputation_With_Purpose,6,over_info,5,53.0,0.0,1,0,2,0,0,0,85.14999999999998,180.0,3,,"The really interesting point for me, I think, is this whole concept of sort of top-down collaboration. I was trying to sort of summarise what you were in my head, what you were..."
business,Manic_Memoirs_with_Kasey_Woods,27,over_info,5,78.83753604193971,28.608889185880116,0,0,0,0,0,1,0.0,65.35531454783745,2,Stonewalling / Non-Response,"I felt like it was an excuse. I felt that it was used to kind of place the blame on me. It's like, you know, because I don't know what you're going to do because you already did..."
business,Marcus_Jiderholt_-_Vassla_Micromobility,21,over_info,5,55.78,1.240000000000009,2,0,4,0,0,0,144.67000000000007,180.0,6,,", Sweden, Germany and Spain is the markets that were fully working with at the moment. And I mean, basically Germany is Sweden is, as you might know, a lot of things is based in..."
business,Maria_Ure_-_Transforming_Challenges_Into_Business_Success_as_Founder___CEO_of_Spanish_In_Action,8,over_info,5,53.36762195825164,17.556913628008942,0,0,3,0,0,1,0.0,180.0,3,,", many more opportunities. - So I hope everyone really took that in. So Maria has never left her core business. Her core business has always been teaching Spanish, teaching the..."
business,Mariah_Davis__Miss_Oklahoma_USA_s_Depression_and_Anxiety,34,over_info,5,62.53,0.0,1,0,1,0,1,0,0.001,113.04000000000019,3,Topic Shift,", it was definitely not without difficulty. So the first time I had actually shared my story in front of a stranger was through women's own leadership with the conference had be..."
business,Mariah_Davis__Miss_Oklahoma_USA_s_Depression_and_Anxiety,40,over_info,5,66.7,0.0,0,0,2,0,0,1,0.0,166.81999999999994,4,Stonewalling / Non-Response,"? So for me, I mean, as much as I can say, if I'm Miss USA, I'm going to do XYZ. I can still sell those things as a state title holder and as just Mariah Davis, because I truly..."
business,Mark_Avron__National_Sales_Director_at_Triangle_Tube_and_Ideal_USA,7,over_info,5,56.14,0.0,2,0,2,0,0,0,90.32000000000002,180.0,4,,"? Yeah, they're still, they're certainly not up to full speed. They're, you know, taking time kind of doing this in phases. This is going to give you a little bit of an idea wha..."
business,Market_Standard_11_May_2020__005,26,over_info,5,64.09,1.4018217710095087,1,0,2,0,0,0,51.70466877684839,180.0,3,,"And I suppose it's, I mean, now that we've seen the number it's not particularly surprising if I think I actually, I think I only had one bottle of wine all until just before lo..."
business,Market_Strategy_E6__Psychographics,3,over_info,5,58.46,0.6599999999999966,2,0,2,0,0,0,87.96000000000001,180.0,4,,. Yeah so you know it really depends and when you say the types they're typically divided into groups and then subgroups so groups will typically have to do with stage of life s...
business,Market_Strategy_E6__Psychographics,9,over_info,5,74.86,0.5399999999999636,0,0,1,0,0,1,0.0,5.3599999999999,2,Stonewalling / Non-Response,again you know it takes several several things into account so you know for example someone who fits in this category and again I'm not I'm not dictating specifics on this this...
business,Marketing_Wellness__When_Food_is_Medicine_and_Movement_is_Life,33,over_info,5,59.25,11.350370609782203,1,0,2,0,0,0,51.340000000000146,180.0,4,,"Oh my goodness. I think those companies that were not prepared for digital transformation, they had to wake up and get their act together really quickly. Because if you are not..."
business,Marketing_Your_Health_And_Wellness_Business_With_Kendra_Perry,25,over_info,5,54.059999999999995,22.227342446298508,1,0,1,0,0,0,22.227342446298508,180.0,3,,"? You know, I would say a lot of the stuff that I teach in the course could be applied to a course. It could be really applied to maybe any type of one to many program, but with..."
business,Marketplace_Roundtable__87__Successful_Portfolio_Strategy_Is_As_Much_An_Art_As_A_Science_With_James_Kostohryz,6,over_info,5,63.74,1.0199999999999818,0,0,2,0,0,1,0.0,180.0,2,,"- Sure, and that's definitely one of the great parts of your service, I've seen it firsthand. You go back and forth with a lot of your subscribers, try to talk them off of a cli..."
business,Mary_Taggart_-_Editor_in_Chief_of_Ottawa_At_Home_Magazine,39,over_info,5,61.26,0.0,0,0,2,1,0,1,0.0,107.08999999999992,3,,"for Canada as a country, you know, first of all, I'm just, I'm so proud to be a Canadian right now. And my dream for Canada, it's a personal dream and I think it's probably, you..."
business,Masami_Sato_and_Sebastian_Bates_on_the_Power_of_Giving,21,over_info,5,100.61,9.250578265204012,0,0,2,0,0,1,0.0,180.0,3,,"Yes, so the, you know, for example, we have our study tours where we would take a small group of business owners and their team members or family members to go and then visit th..."
business,Master_Communicator_Podcast_with_David_Segura,5,over_info,5,61.1,0.0,3,0,1,1,0,0,17.25,79.06999999999996,8,,"an interesting way to phrase it. Obviously, businesses are compromised at people. Without sounding cheesy, my literal first job was management consultant, essentially the junior..."
business,Mastering_the_art_of_persuasion,11,over_info,5,86.61,28.668161713890868,0,0,3,0,0,1,0.0,180.0,3,,", I'll talk to you in a couple of months. - As you said, it's that not today, thanks, and then you going, okay, then I'll give you a call back, it's that it's not today, thanks,..."
business,Mathew_Dubins_On_How_Donor_Data_Can_Help_Nonprofits,3,over_info,5,92.7,0.0,2,0,4,0,0,0,141.11999999999998,180.0,6,,"Sure, well, to tell you the truth, it wasn't even on purpose. So after graduate school, I sent out over 100 resumes to companies across Toronto. Really, I was trying to target c..."
business,Mathew_Dubins_On_How_Donor_Data_Can_Help_Nonprofits,23,over_info,5,123.7,0.0,0,0,0,0,0,1,0.0,48.850000000000136,1,Stonewalling / Non-Response,"recently? That example that I can think of, there was a nonprofit, I guess it was a faith based nonprofit that was building an online tool to organize faith based organizations..."
business,Matt_Rivitz_-_How_To_Bankrupt_Bigotry,3,over_info,5,56.55,0.6999999999999886,1,0,0,0,0,0,0.6999999999999886,86.70990027141323,1,,"probably has a couple different answers. My parents are people of the community, and they like to be a part of a larger community. They're both really involved in their communit..."
business,Max_Branstetter_Save_Time_with_Your_Podcast_2,61,over_info,5,55.8,0.0,3,0,4,0,0,0,91.01999999999975,128.48705670350773,8,,"stop. Okay. I don't need to know more than that because that would be how. But I do like this. One of the things that people default into when I ask them, what do you do after t..."
business,Max_Branstetter_Save_Time_with_Your_Podcast_2,64,over_info,5,54.51,0.0,2,0,3,0,0,0,13.720000000000027,58.12999999999988,6,Stonewalling / Non-Response,. Right. So and this is where I'm really eager for your help is because part of what I do is coaching and recommending as far as the planning and the brainstorming and the sort...
business,Measuring_Success,30,over_info,5,77.85,5.696067812573801,1,0,3,0,0,0,177.11575934579446,180.0,5,,"? But for me, I think like I had a one along key, our CEO last week. And before that, I was kind of thinking of like the questions I want to ask just to kind of see what he's hi..."
business,Michael_Jared_-_Sales___Personal_Development,48,over_info,5,62.92,0.15000000000009095,1,0,3,0,0,0,129.44999999999982,180.0,4,,"would say sales is the only choice to get anything that you want, whether you're in marketing, whether you're a nurse, whether you want to become a teacher. It all requires tran..."
business,Michelle_Hutton___who_do_we_trust_now,17,over_info,5,66.23,12.996530089628664,2,0,2,0,0,0,119.29000000000008,180.0,4,,"analysis you do? Well, the other piece is around information. You know, interestingly, people are saying, we have an expectation that businesses are going to help provide timely..."
business,Michelle_Hutton___who_do_we_trust_now,19,over_info,5,70.06,0.0,1,0,1,0,0,0,0.001,180.0,3,,"? Great question. I mean, absolutely. We've seen over the years just how fragile trust is. Right. How quickly it can be lost and how quickly it can be earned. And I think that o..."
business,Midlife_Transitions_Featuring_Mary_K._Rogers,25,over_info,5,96.79,0.8436254980078957,1,0,3,0,0,0,0.8436254980078957,164.77999999999997,6,Stonewalling / Non-Response,"skills. That's my answer. Mm-hmm. You know, that is the world. And if you are over 50, chances are very good that your digital skills are not going to be great. And so what I ad..."
business,Mike_Lombardo__CEO_of_GlideFast_Consulting_-_Entrepreneurship_and_ServiceNow,27,over_info,5,73.22,0.0,1,0,3,0,0,0,0.001,180.0,4,,"a great question. I really see ServiceNow getting in front of their customers, customers, if that makes sense. So right now it's primarily, you know, it's ServiceNow will start..."
business,Mike_Menzi_May_2020,19,over_info,5,53.88,1.9899999999999523,3,0,3,0,1,0,106.20999999999998,137.98999999999995,7,Topic Shift,so someone who's making typically you're making a principal an interest payment on your loans at this point in time we can switch that to be interest only which takes the princi...
business,Mikey_Taylor-_Pro_Skateboarder_Turned_Entrepreneur,22,over_info,5,71.69,0.0,1,0,2,0,0,0,0.001,180.0,4,,"Well, you know what's funny, man? I got into entrepreneurship without even realizing there was such a thing as entrepreneurship. I didn't even know what the term entrepreneur wa..."
business,Minisode_-_The_Post-Crisis_Future_for_Fintech_Vendors,25,over_info,5,63.96,0.0,1,0,2,0,0,0,0.001,101.02999999999997,4,Stonewalling / Non-Response,"? I think everybody's starting to move towards more integrated financial planning. If you look at it right now, financial planning software is on one side. Account opening is ov..."
business,Money___Friend_or_Foe,3,over_info,5,80.84,0.4000000000000057,2,0,2,0,0,0,94.12000000000003,180.0,5,,? I was obviously spending more money than I was saving. So I began to wonder why letting go of my money felt so good even though I knew it meant that I was hardly able to save...
business,Mr._Nathan_S_V-_Partner_and_Chief_Talent_Officer_at_Deloitte_India,7,over_info,5,85.26,1.9151824817519127,1,0,1,0,0,0,1.9151824817519127,180.0,2,,", whether this is today or whether this was in the 80s, it's no different. I mean, only the best of the best could even secure admissions. And it was very, very clear that, well..."
business,Muhammadh_Shuayb_Amod_-_Boon_Africa,11,over_info,5,74.03,8.771837468536432,0,0,1,0,0,1,0.0,107.89019819161564,1,,"I mean, you know, when we had won the award last year, I mean, it was an absolutely, it was a great feeling and an absolute honor to have won the Fast Growth Business of the Yea..."
business,N26_s_Nicolas_Kopp_on_getting_to_250_000_users_in_5_months_in_the_U.S,5,over_info,5,74.13,0.0,2,0,1,0,0,0,138.37,180.0,3,,"now happy to share a little bit. I think we announced, I don't know, that's maybe two or three weeks ago, we announced an extension of our series D. The round was led by existin..."
business,NAEC_And_Me__Guest_-_Jeff_Eaton_NAEC_Board_Member,3,over_info,5,100.66,17.313458310016756,0,0,2,0,0,1,0.0,163.13,6,Stonewalling / Non-Response,". - To a large extent, yes. But I think I would be naive to suggest that there's no change because of course, all of our clients are experiencing changes in their business becau..."
business,NQL_272_-_Jason_Beim,38,over_info,5,53.03,0.0,0,0,0,0,1,1,0.0,17.006037215713377,2,Topic Shift,"'re supposed to pick me, but that's all right. You as well. Awesome. So we're going to we're going to change lanes here for a second. I have I just have to share a kind of funny..."
business,Naomi_Sturm-Wijesinghe_on_Shake_the_Cosmos,39,over_info,0,54.52,0.9700000000000273,0,0,1,0,0,1,0.0,90.76999999999998,4,Stonewalling / Non-Response,yeah so we we are in the middle of our first round and we're already more than half sold out so right now for the first round of Louis Tan in a box you can go on the Philadelphi...
business,Nathan_Tankus_on_Public_Finance_in_the_COVID-19_Crisis__A_Consolidated_Budget_Balance_View_and_its_Implications_for_Policy,9,over_info,5,142.62,0.0,0,0,1,0,0,1,0.0,180.0,2,,? Yeah I think it is but I also think it's important for it to be integrated into economics education at the ground level I think a ground level understanding of payment systems...
business,Networking_during_a_pandemic_is_Bev_and_Tomas_focus_in_this_lively_chat,3,over_info,5,72.0,0.0,1,0,3,0,0,0,0.001,180.0,4,,"No, I think that one of the things that is happening across America is that people who were resistant to social media and technology and any kind of even telephone networking ar..."
business,Neuro_Marketing_with_Dr_Matt_Johnson,5,over_info,5,79.99,0.0,2,0,1,0,0,0,145.01,180.0,3,,"right? Yeah, I think so. I think it's really tough to have really with the advent of these neuroimaging technologies. So really the field of neuroscience as a whole has really b..."
business,News_from_358_with_Greg_Finn,13,over_info,5,63.31,16.729803027161438,0,0,1,0,1,1,0.0,170.03999999999996,2,Topic Shift,"that. Absolutely. The larger story here is platform specifically marketing and engagement based on the tools, the advertisement mediums that they have at that platform's disposa..."
business,Nick_Fullmer_s_6-Figure__Recession_____115,16,over_info,5,54.43,0.7699999999999818,2,0,2,0,0,0,58.600000000000136,180.0,4,,"a great question. My biggest questions were, how much do I charge, but not necessarily how much do I charge? But the question was, are people really going to buy this? You know,..."
business,No_Mincing_of_Words..._Edmonton_Real_Estate_Market_Up_to_the_Minute,23,over_info,5,56.62,5.359214814814891,1,0,1,0,0,0,5.359214814814891,91.21000000000004,3,Stonewalling / Non-Response,", for purchasers, it means that there's a, there's facts that support that properties are still selling, and that there still is activity out there. Also lends credibility to wh..."
business,No_Mincing_of_Words..._Edmonton_Real_Estate_Market_Up_to_the_Minute,55,over_info,5,60.05,0.2699999999999818,0,0,3,0,0,1,0.0,180.0,5,,"? - Well, my advice to you as a buyer is if you're looking for a property to live in, okay? This is an investment property. If you're looking to, to live in something, then agai..."
business,Nurture_Yourself,5,over_info,5,62.76,0.0,0,0,2,0,0,1,0.0,180.0,2,,", I totally agree. That's why I think that there's an intention and an attention to how we do things that makes it either nurturing or feel more like a to do. Like I actually th..."
business,Nutrition___Training_that_Works_with_RP_Strength__aka_Renaissance_Periodization,100,over_info,5,52.53,0.0,1,0,7,0,0,0,0.001,110.13000000000056,8,,"Yeah, maybe I guess we've been a little fortunate. I don't really like to use the word luck too much because there's a lot of hard work involved. But yeah, man, there's been lot..."
business,OPEN_Serialization_Communication_Standard,13,over_info,5,181.31000000000003,0.9700000000000273,2,0,1,0,0,0,165.32999999999993,180.0,3,,"? Yeah, I think there will be a huge shift in sinking. So companies, but also regulatory bodies and others where in the past focus a lot of cost, quality, and delivery. Now with..."
business,OYT_32__Michael_Blank_-_Why_the_Stock_Market_is_a_Fox_in_Sheep_s_Clothing,16,over_info,5,75.56191590013141,0.6884034165570938,0,0,3,1,0,1,0.0,96.9284034165571,6,Stonewalling / Non-Response,"Yeah, so I have this thing that I call the easy way in the hard way fallacy. Um, and I think that understanding this fallacy and looking at the whole scope of your decision simi..."
business,Oculus_COVID-19_Resilience_Guide__Securing_your_Veterinary_Practice_from_Digital_Intruders,9,over_info,5,62.48,0.0,1,0,3,0,0,0,0.001,180.0,5,,"that. Traditionally, the issues, well, I guess it's more than traditionally. So the data security and securing your networks has been an issue and will continue an issue. You ca..."
business,Offense_vs_Defense__How_Minibar_helped_power_online_alcohol_sales_during_COVID,13,over_info,5,53.54,0.8999999999999773,4,0,3,0,0,0,179.20000000000005,180.0,7,,? We were able to get new customer service people on boarded and start training by kind of the first week or two of April. And the first week of April was our absolute peak. And...
business,Opportunities_for_Enabling_Technology_in_Investment_Banking,23,over_info,5,63.6,0.0,2,0,4,0,0,0,154.55999999999995,180.0,6,,"There's been articles that have been written about machine learning and AI and robotics that are entering this market. There's no doubt in my mind, there is a need for workflow..."
business,Opportunities_for_Enabling_Technology_in_Investment_Banking,27,over_info,5,59.76,0.0,2,0,3,1,0,0,60.960000000000036,147.20000000000005,7,,"Yeah, to be patient. One thing is, like, I've just learned that nothing happens overnight, just like when I meet an owner for the first time and expect that they're going to sig..."
business,Opposing_the_Open_Library__an_analysis_of_digital_piracy_and_fair_use__with_Mary_Rasenberger_of_the_Authors_Guild,7,over_info,5,64.39,0.9800000000000182,0,0,0,0,1,1,0.0,2.560000000000059,1,Topic Shift,", my understanding just to define our terms is control digital lending is if you have bought a book, then you have the right, at least they have appropriated that right to copy..."
business,Oriole_Resources__LON__ORR__-_I_m_The_First_One_to_Lead_The_Whole_Legacy,17,over_info,4,82.31476485241942,25.47318713671018,0,0,0,0,0,1,0.0,27.563187136710212,1,Stonewalling / Non-Response,"Well, the tax liability took just a bit of background on this to clarify what the previous board did, and why they did it. And I have to say, I agree with what they did, and I w..."
business,Otto_Scharmer_How_To_Co-Create_With_Stakeholders_in_Your_Ecosystem,5,over_info,5,78.97,7.71916702447399,1,0,1,0,0,0,7.71916702447399,180.0,3,,"connecting with the failed sense, I would agree kind of the last two months, we probably had like half a decade's worth of events, right? And I also sometimes feel like the last..."
business,Otto_Scharmer_How_To_Co-Create_With_Stakeholders_in_Your_Ecosystem,7,over_info,0,150.16,1.019999999999925,0,0,1,0,0,1,0.0,180.0,2,,"Yeah, and therefore because it is, so I mean just to follow your train of thought, therefore we ask the experts then though, then we know the answer. And I say, no, that's not h..."
business,Outerblue_Convictions_-_An_active_play_for_July_combined_with_a_focus_on_fundamentals,3,over_info,0,134.0,2.842170943040401e-14,1,0,1,0,0,0,0.001,180.0,2,,"Thank you Tom. This is the $1 million question. Since the COVID-19 outbreak, actually we saw a sequence of economic and financial markets stories, but what really was striking h..."
business,PPP_Flexibility_Act_Update__Everything_you_need_to_know,8,over_info,5,132.34818412793308,1.2729218353011902,0,0,3,0,0,1,0.0,180.0,4,,"that mean. So in the original law, it was stated that a minimum of 75% of the, of the forgivable spend had to be spent on payroll. So you would be limited. If you had qualifying..."
business,PSA_Thursday_-_How_Does_the_CARES_Act_Impact_Student_Loans,7,over_info,5,60.32,0.44999999999998863,2,0,3,0,0,0,127.78999999999996,180.0,6,,"loans? So there are a little over a dozen states, I think, that came to agreements with private student loan companies to allow a 90-day pause for a forbearance, if you will, on..."
business,Parenting_Miniseries__How_Much_Is_Too_Much__Excessive_Screen_Time_and_Gaming,7,over_info,5,57.23,0.7199999999999704,3,0,3,0,0,0,126.80000000000001,180.0,6,,"? During the pandemic, for many students, the only way that they can connect with their peers and maintain meaningful relationships is by using a screen. And so things that stud..."
business,Patrick_Livingston_discusses_his_business__Lenox_Custom_Auto_Detail_Valet_Service,43,over_info,5,68.35,0.25,1,0,4,0,0,0,0.25,180.0,6,,"Yes, I mean, just stick to your guns. Get out there and if you really want to do something like this, like I said before, make sure if you do this that your 100% and your heart..."
business,Patrick_Livingston_discusses_his_business__Lenox_Custom_Auto_Detail_Valet_Service,89,over_info,5,56.24,0.8399999999999181,3,0,5,0,0,0,161.12000000000012,180.0,8,,"out? There's this one lady and I just did her car yesterday and she's a reoccurring client. She's an established client, she, you know, buys from me probably, you know, once eve..."
business,Paul_Romer_on_the_COVID-19_Pandemic,11,over_info,5,77.27,13.263761131777642,0,0,1,0,0,1,0.0,180.0,2,,", I think we're not disagreeing, but let me be clear what I'm trying to say. There is a vision which is a time in the future where we don't have to do anything differently. We g..."
business,Paul_Romer_on_the_COVID-19_Pandemic,21,over_info,5,76.12,0.0,4,2,2,0,0,0,148.31000000000017,151.92000000000007,8,,"is. PCR is a way to take a sample and then to amplify the, to try and amplify a particular string of RNA from the virus. So if there's a little bit of that RNA in the sample, th..."
business,Paul_Romer_on_the_COVID-19_Pandemic,39,over_info,4,52.27,0.0,0,0,0,0,0,1,0.0,72.28999999999974,1,Stonewalling / Non-Response,", whether you're trying to use just population testing or whether you're trying to use testing plus tracing, the goal here is to figure out who's infectious because the only way..."
business,Payroll_Implementations,11,over_info,4,82.30312213924356,0.36069380872078227,1,0,2,0,0,0,0.36069380872078227,180.0,4,,", the biggest challenge we had is that the data model itself for payroll, it handled global data very well. So names, addresses, employment information, positions, jobs, all tha..."
business,Peninsula_Energy__PEN__-__40M__why_now__Uranium_Investors_Puzzled,5,over_info,5,75.46,0.37999999999999545,3,0,2,0,0,0,173.06,180.0,5,,"Well, we have to be careful. So I'm going to kind of step into the Australian dollar rather than the US dollar and we'll talk Australian dollars for a little while now. Our debt..."
business,Peninsula_Energy__PEN__-__40M__why_now__Uranium_Investors_Puzzled,9,over_info,5,70.86,0.0,3,0,3,0,0,0,117.14000000000004,180.0,6,,"Yeah, well, we recognize the offer price is a significant discount to our last closing price or to the pricing of our last capital raise, which was completed at the beginning of..."
business,Pension_transfer_policy_statement_PS20_6,7,over_info,5,97.52,0.0,1,1,4,0,0,0,66.11000000000001,180.0,6,,work? Yeah assuming a client does not qualify for the carve out and therefore is subject to the contingent charging ban there are a few hard rules which I'll cover off first. So...
business,Pension_transfer_policy_statement_PS20_6,9,over_info,5,61.06,0.0,1,0,3,0,0,0,0.001,180.0,4,,"in fact they make the point in the policy statement that the 3,000 to 3,500 advice fee figure in the consultation paper was not supposed to imply a price cap. Furthermore the FC..."
business,Permission_to_make_more_money_with_TK_Byron,7,over_info,4,101.29999999999998,1.1200000000000045,1,0,3,0,0,0,118.88999999999999,180.0,4,,"clarify. Yeah, so two different play biggers, one in December 2018 and then May 2019. And so typical me, the course had finished or the thing had finished and I was in a jacuzzi..."
business,Perserverance_in_Life___Business,2,over_info,0,509.09,0.0,0,0,3,0,0,1,0.0,153.28999999999996,4,,"here. - Absolutely, man. So I'm gonna start off with a, it's definitely more of a person's story than anything else. It's one that I haven't shared too often, more so just with..."
business,Persistence_and_Personality_with_Brandon_C_Ballard,10,over_info,5,60.72,0.0,2,0,2,0,0,0,108.75999999999999,180.0,4,,It's absolutely both it's the healthy combination of both because you add it to what you understand about yourself and you know pretty much how you express what it is your eithe...
business,Philip_E._Tetlock_on_Forecasting_and_Foraging_as_a_Fox,111,over_info,5,53.1,0.0,1,1,2,0,0,0,11.789999999999964,180.0,4,,"example, actually, of why I'm not a super forecaster. I don't play Civilization V, but Civilization V was one of the simulations that I ARPA chose to feature in its counterfactu..."
business,Pierre_du_Plessis_Nobody_wants_to_join_your_stupid_corporate_story,4,over_info,5,52.96,3.98831887925283,1,0,1,0,0,0,3.98831887925283,180.0,2,,". So I've been digging into why I'm doing what I'm doing, obviously for a really long time, at least two decades of my working life. And I don't really like the idea of being li..."
business,Pierre_du_Plessis_Nobody_wants_to_join_your_stupid_corporate_story,15,over_info,5,65.31,14.066851640280788,0,1,3,0,0,0,14.066851640280788,180.0,4,,", I think that's that's such a powerful thought, like, and I think it even applies to to your customers or your clients. Like if you can, if you can build a relationship with so..."
business,Pinduoduo_on_Social_Ecommerce___Agriculture_with_Xinyi_Lim,12,over_info,5,62.45,15.96975049389016,1,0,1,0,0,0,137.19000000000005,180.0,2,,"It's interesting to hear you talk about these different features and games because funny enough right now, recently because of you know, how it's June 18th, the 618 shopping fes..."
business,Pinterest_Marketing_for_your_Business-_With_Marissa_Abao,2,over_info,5,53.04690150363237,3.102297685419842,0,0,3,0,0,1,0.0,180.0,3,,"an interesting little collaboration of TikTok, I was told by Stepzutter, I was not allowed to have a TikTok. So therefore I signed up for TikTok. (laughs) (mouse clicking) - So..."
business,Pitch_on_your_first_call,2,over_info,5,61.55,,0,0,0,0,0,1,0.0,0.0,0,,"to Day Drinking by Business Suburban. If you enjoyed our show, you can support it by rating us 5 stars and reviewing on Apple or your favorite podcast platform. Hey, I'd also li..."
business,Pitney_Bowes,33,over_info,0,66.26,0.0,1,0,1,0,0,0,0.001,88.97000000000003,3,,10 weeks? Yeah so I would say one of the first things Parker is something meaningful in their toolkit and what I mean by this is I want them to walk away with one or more learni...
business,Pivoting_in_the_Pandemic_with_Chrissy_Gow,14,over_info,5,72.92129878174686,12.58346939978776,0,0,3,0,0,1,0.0,180.0,3,,"? Well, we found that the same gamification tools that we have in our event app that were used in an in-person event context translate really well into an online event context...."
business,Planning_your_Episodes,14,over_info,5,65.88,0.2300000000000182,1,0,4,0,0,0,135.38,180.0,5,,"The answer would be it depends. However, what we recommend is trying to stay within the 20 to 35 minute range, especially if you're getting started. It's less about your listene..."
business,Plummer_Park_Protest,27,over_info,5,61.62,1.9700000000000273,0,0,0,0,0,1,0.0,2.4200000000000728,1,Stonewalling / Non-Response,"Yeah. Well, in so many systems in America, I think policing is one of the main systems where white supremacy and racial profiling and racial injustice is so apparent. So, defend..."
business,Podcast_57_-_Healthcare_Supply_Utilization_Management__What_It_Is_and_What_It_Is_Not,5,over_info,5,62.26,0.6099999999999,0,0,2,0,0,1,0.0,180.0,2,,"let me give another perspective, and that is what I coined a supply chain triangle, meaning price standardization and utilization. There's the three things that you can do to re..."
business,Podcast_S3E64__Jonathan_Courtney_-_What_it_takes_to_build_a_successful_digital_product,7,over_info,5,54.14,8.724463519313304,1,0,2,1,1,0,8.724463519313304,180.0,5,Topic Shift,You're right in the assumption of that's what you would think it would be logically. But actually how it came about was the the author Jake Knapp. He was working at Google. Back...
business,Police_and_Community_Relations,2,over_info,5,174.3473558123725,150.29200216412596,0,0,0,0,0,1,0.0,150.29200216412596,0,,think that I know we wanted to talk about social reform and some of the things that have basically transpired since the killing of George Floyd that most Americans have now witn...
business,Policy_and_Communication_Changes_due_to_COVID19,20,over_info,5,55.95,0.0,0,0,5,0,0,1,0.0,180.0,6,,"I got my MBA from Walsh University in 2008 and the internet was an email, was a major part of my collaboration with my cohort. My old boss got his MBA in the late 90s. They didn..."
business,Potential_benefits_of_structural_planningA_state_perspective,9,over_info,0,64.4,0.0,1,0,3,0,0,0,119.37,180.0,4,,"this? Everybody's working through reacting to this, but you'd also need to work through how to recover from it. And then from there, figure out how can you drive? And there coul..."
business,Practicing_in_a_Pandemic__Dr._Kirsten_Lysne_of_Moxie__Inc._Discusses_the_New_Approaches_to_Receiving_Services,14,over_info,5,65.38,0.0,0,0,0,0,0,1,0.0,3.480000000000018,1,Stonewalling / Non-Response,"I find myself making a point of being transparent to people. So I may, you know, grab a notepad from the side and as I'm pulling it towards me, I make sure it's visible to the,..."
business,Premier_Episode,16,over_info,5,70.11297963558414,7.059185423365534,0,1,1,0,0,0,7.059185423365534,180.0,2,,"way. By the way, vibrations received no remuneration for any of this info. And after 11 years of crypto involvement, what are the differences between the various crypto coins? W..."
business,Pretender_or_Performer,17,over_info,0,86.84,0.0,0,0,3,0,0,1,0.0,180.0,5,,"I'll tell you what. We talk about clarity, consistency and commitment. And what's hit me the other day is the craziness that's happening in the marketplace today demands clarity..."
business,Productive__Lego__Blocks_of_Time_with_Jon_Hilton,3,over_info,5,57.1,0.3300000000000125,3,0,3,0,0,0,114.54999999999998,180.0,6,,? That's it. So usually I have a part-time job for a company in town where I work three days a week and that's in the office. And then two days a week working at home on my own...
business,Productivity___Performance__Coffee___Productivity__1_with_Katie_Frances_Stoddart,6,over_info,0,55.1055910659161,28.173474668603546,0,0,0,0,0,1,0.0,28.503474668603587,1,Stonewalling / Non-Response,"actually love this, Katie, because I think a lot of people looking for the, you know, for the pill, what is the pill that will help me to solve for my problems? And I think ther..."
business,Property_Pros_Spotlight__Reece_Devlin,13,over_info,5,56.96,4.710000000000036,0,0,0,0,0,1,0.0,11.040000000000077,1,Stonewalling / Non-Response,", and then you do your flexing the side and you're young age, you can be the leader you can, you know, obviously I'm still in the fight the most out of any of my powers. I mean,..."
business,Prospecting_to_Fortune_100_executives_with_Amy_Quick,21,over_info,0,159.2277603499787,27.851736128894686,1,1,2,0,0,0,172.18063006828868,180.0,5,,"I think for B to C, the one thing that I noticed is that you had to identify if the people coming in the door were, um, were really going to buy something or if they were just b..."
business,Protolabs_Q_A_-_DMLS,9,over_info,5,74.89,0.0,0,0,0,0,1,1,0.0,11.839999999999975,1,Topic Shift,"Yes. Generally, on the 3D printing parts, the finish is quite rough. DMLS parts use support structures of the same material in order to support some overhanging features. And be..."
business,Protolabs_Q_A_-_DMLS,11,over_info,5,66.53,0.0,1,0,4,0,0,0,59.21999999999997,180.0,6,,"Well, generally, these are different material types. Of course, with metal, we have really exotic material, if you like. Now, plastics with regards to the cost are always cheape..."
business,Providing_Normalcy_is_Purpose_in_Today_s_Economy__says_Mainstreet_Bakery_s_Stacy_Demskie,11,over_info,5,78.32,0.0,2,0,3,0,0,0,120.36999999999995,180.0,6,,", April 1st, a lot of challenges. We had just started our daily delivery to Luns and Byerlys. That was the second week in March. So that account was the revenue. That was more t..."
business,Providing_Normalcy_is_Purpose_in_Today_s_Economy__says_Mainstreet_Bakery_s_Stacy_Demskie,19,over_info,5,61.83,0.0,3,0,4,0,0,0,98.73000000000002,175.94999999999993,8,,">> Yeah. The mission, our vision is so important. Where did we want to take this company before this started? And the vision of we want everyone to be successful. And that's rea..."
business,Q_A_With_Alisa_Vitti_On_All_Things_Birth_Control_Pill__Supplements__Female_Hormones___More_In_Part_Two,41,over_info,5,75.36,0.0,4,0,4,0,0,0,143.82999999999993,180.0,8,,can mean a lot of things. So it's important to understand when you're spotting and to be in communication with your physicians. So mid-cycle spotting can be totally benign and c...
business,Q_A_With_Alisa_Vitti_On_All_Things_Birth_Control_Pill__Supplements__Female_Hormones___More_In_Part_Two,55,over_info,5,53.83,7.348638422595741,0,0,2,0,0,1,0.0,176.3100000000004,3,Stonewalling / Non-Response,", we're talking about fiber. We're talking about fat. We're talking about some levels of amino acid. These are all things that your endocrine system needs. Your cycle needs to f..."
business,Quantifying_COVID-19s_insurance_tech_budget_impact,5,over_info,5,67.33,0.7599999999999909,0,1,3,0,0,0,18.900000000000034,180.0,4,,"? Yeah, in the last year or so payments already, we're starting to increase in priority. But it's really a hot area now. And it's really pretty simple, right? When you think abo..."
business,Quick_Tip__MORE_Failure__Please,1,over_info,0,427.92,,0,0,0,0,0,1,0.0,0.0,0,,nothing and you play small. You play not to lose instead of playing to win. Here's what I've learned through this awareness. What if failing is exactly what you need to do in or...
business,Raja_Rajamannar__Mastercard____Leadership_During_Crisis,22,over_info,5,64.44,0.0,0,0,2,0,0,1,0.0,180.0,2,,"already accelerating to all sorts of easy ways to pay? The whole contact-free payment is obviously on people's mind now. So if you look out three years, what do you see the most..."
business,Ransom_Demands__What_Happens_If_Victims_Pay_or_Don_t_Pay,3,over_info,5,54.9,0.0,0,0,2,0,0,1,0.0,180.0,2,,"The reality is that ransomware has become a very convenient cover. Because many organizations discover that something that they would have thought about years ago, like backup,..."
business,Ray_Blanchard_We_re_All_Experiencing_the_Same_Crisis_Differently,25,over_info,5,125.24,1.6699999999998454,1,0,3,0,0,0,1.6699999999998454,180.0,4,,"think it's more the human engagement side of it. You know, one thing that I think of over the last 10 weeks, and especially is just this idea of communication during a crisis, r..."
business,Ray_Blanchard_We_re_All_Experiencing_the_Same_Crisis_Differently,27,over_info,5,98.63,0.0,0,0,2,0,0,1,0.0,180.0,2,,", you know, it's a great question and think in terms of, you know, I would say engagement and, you know, for some of our kids, you know, jumping into Zoom was seamless. You know..."
business,Reactivate_a_Ask_for_Feedback_2,1,over_info,5,58.04,0.8099999999999881,0,0,0,0,0,1,0.0,30.059999999999988,1,,"Sure, a great way to reactivate a past guest or client is organize a brainstorming session about some work you're thinking about doing, and then ask a bunch of them to come to t..."
business,Reagan_Marble_What_the_Uptick_in_Litigation_Means_for_Oil___Gas_Producers_and_Land_Owners,3,over_info,5,64.33,0.8299999999999983,2,0,2,0,1,0,69.14999999999999,178.26,5,Topic Shift,? We are seeing litigation issues in the oil patch that while they are familiar to us during downturns are slightly new to this unique time in COVID. One of the first issues tha...
business,Reagan_Marble_What_the_Uptick_in_Litigation_Means_for_Oil___Gas_Producers_and_Land_Owners,5,over_info,5,62.46,0.0,1,0,1,0,1,0,0.001,109.10999999999999,3,Topic Shift,"force majeure clause is just a really fancy way to describe one of the very last clauses in an oil and gas lease that says if any of these events happen, the contractual obligat..."
business,Real_Agency_Salaries_-_Cole_Habersham,13,over_info,5,56.870000000000005,1.170000000000016,3,0,3,0,0,0,146.69,180.0,6,,"? Yeah, initially it was just meant to be a resource share amongst some friends of mine like our guest circle within the industry just to give us an opportunity to sort of share..."
business,Real_Agency_Salaries_-_Cole_Habersham,17,over_info,5,52.9,0.0,4,0,3,0,0,0,173.86,180.0,7,,"? No, not for feedback necessarily. You mentioned Glassdoor and in my own personal experience, like I've definitely used Glassdoor when interviewing for jobs prior, just to get..."
business,Real_Agency_Salaries_-_Cole_Habersham,19,over_info,5,56.95,0.0,3,0,3,0,0,0,110.66999999999996,180.0,6,,numbers? Nothing actually was all that surprising. I think we have a general understanding that men are getting paid more than women in this industry and others and that for mor...
business,Recent_Interview__The_5_Biggest_Opportunities_In_Private_Equity_Right_Now,8,over_info,0,253.76,7.912136409227628,0,0,0,0,0,1,0.0,43.20446339017053,1,Stonewalling / Non-Response,"it's a couple things. You know, we've known for years now that the baby boomers, they own their 20 million of these businesses that are just small little businesses. And these b..."
business,Recharge_-_May_2020,23,over_info,5,53.04,0.8099999999999454,0,0,0,0,0,1,0.0,53.960000000000036,1,Stonewalling / Non-Response,"That's also something that we spend a lot of time on and the short answer is EVs are going to have a big impact on oil demand, but it's going to take a bit of time. So obviously..."
business,Recovering_from_COVID_Trauma_with_Terry_Earthwind_Nichols,31,over_info,5,53.03,0.0,0,0,1,0,0,1,0.0,180.0,2,,"an excellent question. Sensing is that intuition that got feeling that that center that I was talking about earlier. The closer you get to center, the closer you get to your nat..."
business,Reliability_Radio_EP_231__Andrey_Kostyukov__Dynamics_Scientific_-_Reliabilityweb,8,over_info,5,58.08136856142691,1.8594399066510618,1,0,3,0,0,0,33.08943990665114,180.0,6,,"absolutely. For example, when you know exact the physics of degradation of beating in the machine support, you know what kind of parameters of vibration signal strongly related..."
business,Reliability_Radio_EP_231__Andrey_Kostyukov__Dynamics_Scientific_-_Reliabilityweb,16,over_info,4,52.77,1.650000000000091,2,0,1,1,0,0,13.846347131445214,180.0,4,,"question. Thank you. It's a very important thing, because, of course, according to our experience, actually, our name, our title of our company name is a dynamic scientific, and..."
business,Reliability_Radio_EP_231__Andrey_Kostyukov__Dynamics_Scientific_-_Reliabilityweb_2,8,over_info,5,58.08136856142691,1.8594399066510618,1,0,3,0,0,0,33.08943990665114,180.0,6,,"absolutely. For example, when you know exact the physics of degradation of beating in the machine support, you know what kind of parameters of vibration signal strongly related..."
business,Reliability_Radio_EP_231__Andrey_Kostyukov__Dynamics_Scientific_-_Reliabilityweb_2,16,over_info,5,52.77,1.650000000000091,2,0,1,1,0,0,13.846347131445214,180.0,4,,"question. Thank you. It's a very important thing, because, of course, according to our experience, actually, our name, our title of our company name is a dynamic scientific, and..."
business,Remodel_Your_SEO__2__How_to_Avoid_Common_Technical_SEO_Mistakes_on_Your_Website,12,over_info,5,87.48,0.0,1,0,5,0,0,0,151.95,180.0,6,,"be? - So images should be sized to be less than 100 kilobytes large. So that's 100 KB. Often when you get your images from your professional photographers, they're in the megaby..."
business,Resilient_And_Nimble__How_Australia_s_Producers_Are_Adapting_To_COVID-19,13,over_info,5,59.37,0.0,3,1,2,0,0,0,147.54999999999995,180.0,6,,of this? Remarkably resilient. Australian producers are very nimble and they're able to flex and adapt very quickly. So for instance there's examples of what was going into food...
business,Responsible_capitalism__the_data_challenge,17,over_info,5,73.58,0.0,2,0,2,0,0,0,91.04999999999995,180.0,4,,"risk. I think the immediate priority, of course, has to be to deal with the immediate health crisis and the economic fallout from the immediate health crisis. But I think the lo..."
business,Responsible_capitalism__the_data_challenge,19,over_info,5,63.07,0.0,2,0,1,0,0,0,171.5100000000001,180.0,3,,"always said, and, you know, as you know from when we did the investment beliefs at CalPERS, one of the investment beliefs at CalPERS is that risk is more multifaceted than volat..."
business,Restaurants_are_rethinking_their_costs_during_the_pandemic,13,over_info,5,72.3177847152847,4.203742507492507,1,0,3,0,0,0,158.78374250749255,180.0,4,,Right. So there's still a holding pattern because there's a lot of restaurants and food service operators that have just outright closed or minimized their operation to delivery...
business,Restaurants_are_rethinking_their_costs_during_the_pandemic,34,over_info,5,53.82,2.0,0,0,4,1,0,1,0.0,166.6099999999999,6,Stonewalling / Non-Response,". Yeah. And for companies that can get through this however long it takes, and I fully agree with you on that. It could take two to four years before we get some sort of recover..."
business,Retail_revolution__Reshaping_the_sector_in_Latin_America,17,over_info,5,90.0,0.0,0,0,0,0,1,1,0.0,32.600000000000136,1,Topic Shift,"both. I think both and little has changed in that sense from our upgrades earlier in the year. I still think supermarkets are better positioned not only because for once, the de..."
business,Reverting_Vs_Reinventing_-_Episode_12_-_Creating_the_New_Normal,1,over_info,5,71.8,0.3400000000000034,1,0,1,0,0,0,0.3400000000000034,180.0,2,,"Yeah, okay. So, man, I have this super clear visual in my head of a tunnel. If you've ever driven into a major city, whether it's New York City or Toronto or Seattle or LA or an..."
business,Risk_Reduction_Strategies_with_Jessica_Ollenburg,5,over_info,0,143.04,0.0,2,0,3,0,0,0,179.36,180.0,5,,". >> Family ethic and work ethic were two of the greatest life lessons I learned. And he demonstrated that by being a community leader. He took care of family, he took care of t..."
business,Risk_Reduction_Strategies_with_Jessica_Ollenburg,13,over_info,5,73.18,0.0,2,0,3,0,0,0,128.55999999999995,180.0,6,,"? I believe that most people are self starters in some regard. But it's a unique regard. We're all self starters in some aspect of our life, but not the same as other people. If..."
business,Rookie___The_Vet__The_Next_100_Days_In_Sponsorship,2,over_info,5,67.51,24.050078037245044,0,0,2,0,0,1,0.0,180.0,2,,", and that's, I mean, just to reiterate that key, I mean, obviously, I think you have a very good point. When we all shut down, we were pretty much all shut down. You know, NFL..."
business,Rose_Miller,17,over_info,5,74.76,0.0,1,0,3,0,0,0,0.001,180.0,4,,"about? Well, we have a confidentiality form that we introduced to the other side that essentially just asked them to honor the fact that the procedure and process of pre-state m..."
business,Roundtable__The_B2B_Whisperer_Returns,9,over_info,5,79.88750636579155,17.254630784089898,3,0,1,0,0,0,173.0646307840899,180.0,5,,"'s down a couple points, right? Which is good to hear. Wattsco, on the other hand, Wattsco serves the HVAC industry, the HVAC industry. Heating ventilation, air conditioning is..."
business,Rubin_Singh_On_Nonprofit_CRM_Adoption_Planning___Essential_Practices,17,over_info,5,93.78000000000002,6.672875359934324,0,0,3,0,0,1,0.0,180.0,3,,". - And there's two things that came to mind. Like, on the latter point about having a roadmap, I think the natural instinct, at least from my experience, when I was running gro..."
business,Russell_Jaques__Accounts_Payable_Automation_and_Adapting_Sales_During_Covid-19,15,over_info,5,69.23,0.5900000000000318,3,0,3,0,0,0,166.8599999999999,180.0,6,,"Yeah, so the biggest return investment that we get from the word go for our site is what we'll do is during the time for user acceptance tests. What we'll say is that from the i..."
business,Russell_Jaques__Accounts_Payable_Automation_and_Adapting_Sales_During_Covid-19,33,over_info,5,67.83078837577327,1.9755430873256046,1,0,3,0,0,0,1.9755430873256046,180.0,4,,industry depends what you're doing you know if you're if you're looking at opening a you know something in hospitality absolutely not currently. If you're I suppose if you're if...
business,Ryan_Watson_Agency_Scenario_Planning,21,over_info,0,280.16,2.240000000000009,2,0,3,0,0,0,59.88000000000011,180.0,5,,"Yeah. So I mean, I guess I'll give you some generic like tips that I would say if you find yourself in this position, here's some things. And then, you know, I can give you some..."
business,S13E11_-_The_Paradox_of_Selling_ROI_with_Author___Cerebral_Selling_Founder_David_Priemer,29,over_info,5,87.69,0.0,0,3,2,0,0,0,98.59088754412528,180.0,5,,"So I, I love these kind of timeless principles. And so, um, so back to like the, the paradox of ROI, you know, why are people conditioned to sell ROI? Well, look, you know, it's..."
business,S1E13_-_Live__SMS_in_the_Talent_Experience,13,over_info,5,65.13,9.754290254237162,0,0,1,0,0,1,0.0,180.0,3,,"? - Yeah, well, that's a really good question. And I think the first and foremost is, again, the ability to opt candidates in and out, right? And keep a record of that. So if yo..."
business,S1E18_-_Bad_VS_Good_Cryptocurrencies__Privacy_coins_and_more__R_06_05_2020_A_06_09_2020,13,over_info,0,469.67038789192463,163.31231474947072,0,0,0,0,0,1,0.0,163.31231474947072,0,,"of these coins that are no good are like they have these initial coin offerings, these ICOs. All they're doing, it's almost reminds me of the dot com bubble where these companie..."
business,S1E1__Scott_David_on_Connecting_Insights_to_Action_and_How_Knowledge_Graphs_Can_Help,31,over_info,0,138.2,0.0,0,0,3,0,0,1,0.0,180.0,3,,be sorted out. Wow. And then there's a parallel problem to that which is that nobody wants to be a caregiver. So massive job opportunity. So then what we did was we went to the...
business,S1E36__Kevin_Cao__Educator,49,over_info,5,76.51,0.3100000000000591,1,0,2,0,0,0,31.295804464973003,180.0,4,,"gosh. So in addition to the Christian Fellowship that I was a part of, I was also involved with the University Guide Service. And so it was kind of a student-led organization an..."
business,S1E4__Alexander_Gates_on_the_Science_of_Success,11,over_info,5,55.9,0.6199999999999477,3,0,1,0,1,0,51.26999999999998,72.53999999999996,5,Topic Shift,"Sure. So it pops up all over the place. But one of the most common areas to study it is actually in a very meta area called the science of science, where one of the oldest data..."
business,S1E4__Alexander_Gates_on_the_Science_of_Success,37,over_info,5,64.65,0.30463678516230175,3,0,4,0,0,0,135.94999999999982,180.0,8,,"think initially one of the hardest things about working with networks is understanding the abstract structures that they represent. Humans are very, very good at navigating thre..."
business,S1E4__Alexander_Gates_on_the_Science_of_Success,47,over_info,5,61.65,0.0,1,0,2,0,0,0,0.001,180.0,3,,"with? It definitely does, but actually for the opposite reason. So the theory of preferential attachment is really this idea that the rich get richer. And so the more influence..."
business,S1E4__Bain-Style_Case_Study__Lamp_Market_in_Mexico,43,over_info,5,56.0,46.57527854724526,0,0,0,0,0,1,0.0,46.57527854724526,0,,", if we're just gonna write some numbers. So, 500 million, and then we said that, you know, maybe you could assume you have 5% of that going into it, which is 25 million per yea..."
business,S1E52__Ingrid__Foreign_Affairs_Undergraduate_Student,91,under_info,10,9.285217699952678,82.88894217526558,0,0,0,0,0,1,0.0,82.88894217526558,0,,. Thank you so much I really appreciate that. I think I've definitely been someone who is very quick to push myself out of my comfort zone and I think one of the reasons behind...
business,S1E5__Noah_Askin_on_How_Networks_Impact_Creativity,21,over_info,5,74.88,0.0,2,0,3,0,0,0,59.00999999999999,180.0,5,,"I think it's pretty high. Obviously we think about it from a sort of more practical or applied perspective. But, you know, I teach about closure and what a closed networks mean..."
business,S1_E4___Pursuing_Your_Idea,20,over_info,5,66.59,0.9836023789295041,0,0,1,0,0,1,0.0,61.81531026121468,1,,"currently? Yeah, that was a good one. But that also goes into the patience because that was a mistake that we made. We pretty much just started everything up and I created the w..."
business,S1_E4___Pursuing_Your_Idea,68,over_info,5,61.51,0.5,0,0,4,0,0,1,0.0,180.0,5,,"like get your audience. But also after you've researched everything and planned out what you're going to try and do, it's time for you to build upon your knowledge, which is pre..."
business,S1_E4___Pursuing_Your_Idea,80,over_info,5,56.379999999999995,0.9253384912958609,1,0,5,0,0,0,67.0,180.0,6,,"and really the important of like talking to friends and family are people really who could just give you some feedback. Like, if it's a product, like I remember seeing this an a..."
business,S1_EP13__Biggest_Mistakes_Investors_Make_During_a_Bear_Market,13,over_info,5,69.38,0.0,1,0,3,0,1,0,0.001,173.45689639434045,5,Topic Shift,Yeah for sure. So the first and probably the most important tip right now is make sure you have a good emergency fund right. So your emergency fund is basically going to be thre...
business,S1_Ep10__Jon_Miles_-_NewCold_UK,27,over_info,3,174.72,0.0,1,0,4,1,0,0,44.72000000000003,180.0,6,,", yeah, a lot. I've learned the same. So it was an interesting situation. We took a long-term contract for transport warehousing. Our strategy was always to get into transport a..."
business,S1_Episode_125_-_Interview_with_Alexis_Jane_-_Coach_and_Author,8,over_info,5,85.44,2.6000000000001364,0,0,1,0,0,1,0.0,180.0,1,,"Yeah, I love that, like, dance between that. They talk about that a lot. And, like, ICF, International Coaching Federation's, like, program, they talk about coaching is sort of,..."
business,S1__E5_-_Enterprise_Service_Management__Breaking_Down_Departmental_Barriers,13,over_info,5,77.09,1.32000000000005,1,0,3,0,0,0,1.32000000000005,180.0,4,,"have one specific example in mind. I guess when we started to talk with that specific customer, they had a problem with onboarding new people. And they said, OK, maybe a new col..."
business,S1__Ep1_-_Elzandi_Oosthuizen_on_How_Women_Can_Balance_Family_Life_with_Solving_Hunger_and_Deficit,8,over_info,5,79.04,1.5200000000000955,0,0,2,0,0,1,0.0,180.0,2,,"You're absolutely right about everything that you said, and I find it interesting that you say that women need to focus on performance because I've listened to read a lot about..."
business,S2E12_-_Adapt_and_Survive,14,over_info,4,54.69,9.5426375982845,1,0,2,0,1,0,108.3229870129868,150.88,4,Topic Shift,", I think, and the point you made there is, I just want to come on to the sort of last point I thought it'd be worth talking about. And that is around the opportunities for smal..."
business,S2E6__Birchal_s_Matt_Vitale___People_Building_Businesses_S2E6,22,over_info,4,60.36,0.0,1,0,1,0,0,0,0.001,180.0,3,,well so virtual's fees is pretty simple we we charge $900 for the expression of interest phase that i mentioned $1900 to review and publish the offer document and then if the of...
business,S2EP2__Creative_Girls_w__Sara_Eshu,19,over_info,5,130.11975092739797,10.443993110757674,1,0,2,0,0,0,10.443993110757674,180.0,4,,"? Yeah, for sure. Weddings, you wake up the next day after a wedding and you feel like you've been filming anyway. I feel like I need a date after the next day. It's a full day...."
business,S2_E22_-Rules_For_Inspiration_From_The_Political_Podium_With_Demetrios_Nicolaides,12,over_info,5,58.54,1.6099999999999,3,0,3,0,0,0,164.90999999999997,180.0,6,,"Yeah, that may very well be. And you know, I certainly did. It's an area where I have a lot of passion. Again, given the fact that I spent many years completing my PhD and as a..."
business,S2_E7_-_The_Art_and_Science_of_Sales_Enablement_with_Guest_Roderick_Jefferson,5,under_info,10,1.39,2.4769245810055907,0,0,5,0,0,1,0.0,180.0,6,,though that really exists
business,S2_E7_-_The_Art_and_Science_of_Sales_Enablement_with_Guest_Roderick_Jefferson,26,over_info,5,79.1,11.114012493993414,0,0,3,0,0,1,0.0,180.0,3,,", they don't. And I think that you're in a better position to qualify that deal out of the pipeline and do it with professionalism and integrity because it's a mismatch. Because..."
business,S3E12_The_Personal_Greatness_and_Long_Term_Business_Edition_with_Simon_Leslie,49,over_info,5,53.8,0.0,0,0,0,0,0,1,0.0,53.830000000000155,3,,"'d invest in as much as you can on good quality coaching, bringing the best possible people to help you get your staff in the right mindset, into the right belief system. You kn..."
business,S4E1_-_The_Biggest_Concerns_for_HR_Leaders_in_the_Next_90_Days__with_Amy_Dufrane,9,over_info,5,54.83,46.834604203258095,0,0,0,0,0,1,0.0,46.834604203258095,0,,"ways. That's right. That's right. And I think it's, you know, we're, we're bold. You couple all of that with, but needing to have this communication and connectivity within your..."
business,S4E5_-_Distributed_Leadership_and_Developing_an_Experimentation_Culture__with_Anand_Tamboli,14,over_info,5,62.16,2.5797946543161743,0,0,1,0,0,1,0.0,180.0,1,,"Yeah, I think having those isolated teams that are given the charge to be creative, to push the envelope, with the expectation that it very well may fail, it's understood that t..."
business,S4_Episode_8_-_Chart_Your_Own_Path,5,over_info,5,70.73,0.7700000000000387,1,0,2,0,0,0,91.32,180.0,4,,"to the north. Obviously, it was so crazy. Somebody asked me, ""Was this my first company?"" And it made me remember like my very first company and it was with my cousin and I want..."
business,SEO_in_B2B_w__Geoff_Atkinson,3,over_info,5,60.18,0.0,0,0,1,0,0,1,0.0,180.0,2,,"- Absolutely. First off, pleasure to be here. Thank you for having me. Yeah, as you mentioned, my background, I come from the e-commerce world. I was a VP of marketing at Overst..."
business,SEO_in_B2B_w__Geoff_Atkinson,5,over_info,5,176.49,0.45999999999997954,2,0,2,0,0,0,47.39999999999992,180.0,4,,? - So B2B is interesting when it comes to SEO because the websites in the B2B world aren't structured in the same way that say the e-commerce site or real estate site is struct...
business,SF_Career_Coach_Shares_how_to_Land_A_Career_in_Tech,25,over_info,5,60.86000000000001,1.7126865671641553,1,0,0,0,0,0,1.7126865671641553,74.83498666666662,1,,"I think for a cold school, they're a really good program for a certain kind of goal, which is if you want to become a junior software engineer in the tech industry, no matter wh..."
business,SPECIAL_SERIES_-_Pep_Talk_Episode_15,2,over_info,5,56.99,0.0,0,0,4,0,0,1,0.0,180.0,5,,"out. - Well, I think it's interesting, you know, that I don't think, I mean, everybody understands that people are on lockdown orders and work from home orders and all that kind..."
business,SPECIAL__Author_Interview_-_Melissa_Woods,15,over_info,5,70.84,6.181794605809159,0,0,1,0,0,1,0.0,104.2685147928994,1,,"So insomnia is a big one. And I read a lot that Pete, you know, insomnia is a big thing. And that is part of anxiety. It's, it's worrying not being able to turn your mind off or..."
business,SR_-_Sunday_Roundup_with_Michael_Marra_and_Mat_Sherman,20,over_info,5,54.89,1.9700000000000273,2,0,3,0,0,0,136.04999999999995,180.0,5,,". So I want to talk about Clubhouse because I think... So for people that don't know, Clubhouse and also all preface with, if you see me giving me Clubhouse a lot of shit on Twi..."
business,Sales_Confidence_with_Owen_Richards_-_Build_a_team_that_challenges_you,15,over_info,5,56.14482822523165,10.732933150033773,2,0,3,0,0,0,172.65256013176406,180.0,5,,"good question. I think personality traits and styles are really important in that. So for me, you're looking for somebody who's coach able because people that have been in sales..."
business,Sales_in_Post-Pandemic_times_with_Tom_Lawrence._Part_1,5,over_info,5,70.35,6.440334877092994,0,0,3,1,0,1,0.0,180.0,4,,"Yeah, in my experience, I could definitely see that happening because I think people are definitely resorting more to technology in order to make those connections. And I also t..."
business,Sam_Adams_on_the_Future_of_Education__dot.LA,5,over_info,5,73.51,88.23790281329923,0,0,0,0,0,1,0.0,88.23790281329923,0,,". That's so awesome because I've been grew up also in Manhattan Beach, so in southern Los Angeles and when I came out of school I was in Mucker Labs first class I believe in 201..."
business,Sammy_Kestenbaum__cofounder_That_s_How_We_Roll_food_company__CEO_ParmCrisps_and_Thinsters_cookies__Skinny_Pop_helped_raise_2,13,over_info,5,53.70000000000001,0.0,1,0,1,0,0,0,0.001,121.73909454061254,3,,"I think in today's day and age and what we're dealing with, I think I get a different sense of pride. You know, I always love to see my products, our products in stores. It's ta..."
business,Sarah_Davasher-Wisdom__President_and_CEO_of_GLI,19,over_info,5,59.63,0.4800000000000182,3,0,3,0,0,0,140.01,180.0,6,,"state? Well, it is not as strong as it needs to be. And it's interesting to see how many years that we've explored this and haven't really seen as much progress as we would like..."
business,Save_Canadian_Mining_-_The_Battle_Against_Naked_Shorting,23,over_info,5,60.81,1.3897856614929651,2,0,2,0,0,0,123.17000000000007,180.0,4,,"in? I do. I do think they should be stepping in. I think that most of these bodies, generally speaking, are composed of industry people that they rotate through. So I feel like..."
business,Scott_Eddy__How_the_Quality_of_People_in_Your_Life_Determine_Your_Success,15,over_info,0,143.5218040707858,13.512649030621446,1,0,1,0,0,0,13.512649030621446,158.50264903062146,3,Stonewalling / Non-Response,time? So one thing I realized very quickly and my only goal in life is to meet as many people in as many countries as I can as quickly as I can because once you have those relat...
business,Scott_Newman__student_metal_detectorist_interview,9,over_info,5,61.74,0.0,1,0,0,0,1,0,0.001,10.923940298507546,2,Topic Shift,"? - Well, as of now, I, they're pretty much in piles and loosely sorted trays and I need to spend more time organizing the things but in the end, they will go to their respectiv..."
business,Scott_Stewart__Founder_and_Managing_Partner_of_Capitol_Seniors_Housing,9,over_info,0,114.97,0.8999999999999773,2,0,2,0,0,0,95.23000000000002,180.0,4,,"going to be a mix of both, Tim. I think that smaller operators that are, you know, super well capitalized are going to feel the pinch if they haven't already. I mean, it's expen..."
business,Sean_Sako,5,over_info,5,68.26,7.697707651086603,1,0,1,0,0,0,7.697707651086603,180.0,2,,", if anyone wanted to know my opinion on the whole subject matter, I definitely prefer to err on the side of caution, meaning that rather take the most preventative measures as..."
business,Search_intent_with_Chris_Green,15,over_info,5,54.45,0.39999999999997726,0,0,0,0,0,1,0.0,0.4500000000000455,1,Stonewalling / Non-Response,"do? Well, the idea of doing the hyper local changes, so the changes for kind of towns, villages, is because the content is different. And the biggest problem with local area pag..."
business,Season_2_Episode_5__Wise_Women__A_Chat_with_Candace_Worley,17,over_info,5,85.29,0.0,1,0,2,0,0,0,0.001,40.69999999999982,5,Stonewalling / Non-Response,"So I think the number one point is the expansion of the program beyond four-year universities. Because if we look at the current projection for shortage in cybersecurity, it's 3..."
business,Season_2_Launch__Fear_of_the_Unknown,10,over_info,5,87.52,3.3391533033995984,0,0,2,0,0,1,0.0,180.0,2,,"any. It's always fear of the unknown. Again, if I look at having to make those decisions against poor existing portfolio companies or new ventures, I mean, I want to invest in a..."
business,Season_2__Episode_1__Max_Mawby__Behavioural_Scientist,5,over_info,5,129.41,0.0,0,0,2,0,1,1,0.0,108.17000000000002,3,Topic Shift,Absolutely. So behavioural science is a way of thinking about how we make decisions that helps us understand how the majority of us actually make decisions as opposed to how we...
business,Secret_Strategies_To_Launch_The_Next_Great_Physical_Product_or_Service_with_Sharon_Brown,11,over_info,5,74.74,1.0399999999999636,2,0,1,0,0,0,95.35000000000002,180.0,3,,"love this. One of the things that I will say without question is my big number one. If you don't know what your product or service looks like, you are automatically set up for f..."
business,Secret_Strategies_To_Launch_The_Next_Great_Physical_Product_or_Service_with_Sharon_Brown_2,11,over_info,5,74.74,1.0399999999999636,2,0,1,0,0,0,95.35000000000002,180.0,3,,"love this. One of the things that I will say without question is my big number one. If you don't know what your product or service looks like, you are automatically set up for f..."
business,SecureAuth__The_Secure_Identity_Company,15,over_info,5,115.32,0.4700000000000273,1,0,1,0,0,0,0.4700000000000273,180.0,2,,", even using ourselves as an example, we slid right into this with I think, I think I heard from the IT team something like a half a dozen extra tickets on the Monday morning wh..."
business,See_How_Easily_You_Can_Start_a_Side-Hustle_w__Jen_Shultz__TPS305,5,over_info,0,171.9,0.0,0,0,2,0,0,1,0.0,42.82000000000005,4,Stonewalling / Non-Response,Yeah. So I was teaching at a school at that time. I was in the South Bronx in 2010 and I actually found myself in a place in my life where I was completely depressed and anxiety...
business,See_How_Easily_You_Can_Start_a_Side-Hustle_w__Jen_Shultz__TPS305,37,over_info,5,59.51,0.0,1,0,2,0,0,0,17.170000000000073,180.0,4,,", you're, I know this can get like a, this could probably be like a really sticky conversation. But because you're playing and we've played the game before, and I know that the..."
business,See_How_Easily_You_Can_Start_a_Side-Hustle_w__Jen_Shultz__TPS305,40,over_info,5,119.42593792462274,11.150414789387014,0,0,1,0,0,1,0.0,180.0,1,,"about internet privacy and security on your own home network? Sure. You might be careful when you go to a cafe or a hotel back when we could do those things, but at home, a lot..."
business,Self_Leadership_-_an_interview_with_Dan_Stanley__Founder_of_Better_Men,9,over_info,0,121.79,6.9189560349086605,0,0,1,0,0,1,0.0,180.0,2,,"- Yeah, so I, everything starts with emotional intelligence. Everything starts with you understanding who and how you are and how you, how you either turn up or how you show up..."
business,Selling_Your_Business_with_Chad_Peterson_-_Backstage_Business__28,9,over_info,5,67.38,0.0,1,2,1,0,0,0,104.94999999999993,180.0,5,,So here's the problem. It's actually more of a psychological problem than it is a business plan problem. The psychological problem goes like this. Any successful business that's...
business,Shawntres_Parks-_Relationships-_Therapy,3,over_info,5,87.66,1.1100000000000136,1,0,3,0,0,0,64.1935412844037,180.0,4,,"? - Yeah, so I would define attachment trauma specifically as any events in childhood or in, you know, adolescents adulthood that occur in the context of a relationship that are..."
business,Shortlist_CRM_with_Dave_Schneider,14,over_info,5,77.66,0.0,0,0,0,0,0,1,0.0,1.3800000000001091,1,Stonewalling / Non-Response,". Right. It's relatively easy to kind of transition into, by the way I work for a company that can help with that. And absolutely the issue with SEO, search engine optimization,..."
business,Should_Food_and_Beverage_Product_Innovation_Hit_the_Pause_Button_During_the_COVID-19_Crisis,4,over_info,5,90.93000000000002,0.9800000000000182,2,0,2,0,0,0,175.43,180.0,6,,"- Yeah, you know, one of the threads running throughout this discussion about temporary versus long-term change and eventual normalization is how those in the food and beverage..."
business,Should_Luigi_s_Pizza_File_for_Bankruptcy,42,over_info,5,64.06,0.4999999999997726,1,0,4,0,0,0,0.4999999999997726,180.0,5,,"? - They can be screwed in bankruptcy if you have like a large company with let's say a thousand retail storefronts. And so in that case, let's pretend half of those storefronts..."
business,Should_Luigi_s_Pizza_File_for_Bankruptcy,65,over_info,5,53.23,0.7199999999997999,0,0,1,0,0,1,0.0,103.67999999999984,3,,can't you differentiate a bit between different kinds of companies? Because with all due respect for pizza's places but it's not that the organizational capital of Luigi's Pizza...
business,Should_You_Write_A_Book___w__Bestselling_Author_Tucker_Max,1,over_info,0,145.59,1.4820951650038126,3,1,3,0,0,0,83.77999999999997,180.0,7,,") - What is up you sexy bastards? It's your boy, the underdog, aka Rabbi Cant'loo's aka Noah Kagan. In today's episode, I talk to my very good friend, Tucker Max. Yes, Tucker Ma..."
business,Sidney_Glick__Principal_with_Cherry_Bekaert,18,over_info,5,54.77,0.4399999999999409,1,0,1,0,1,0,0.4399999999999409,98.82999999999993,3,Topic Shift,costs? Not necessarily. I think the most important thing that business centers should really be thinking about is it's okay to be taking on more debt. I think there needs to be...
business,Simon_Cotton__CEO_of_Johnstons_of_Elgin___Luxury_Knitwear,25,over_info,5,55.62,0.4500000000000455,1,0,1,0,0,0,0.4500000000000455,69.07000000000005,3,Stonewalling / Non-Response,"You know, the interesting thing is, everybody has their own view of what we do, and everybody tends to come into one area and fall in love in that area and assume that's all we..."
business,Small_Steps_with_Ericka_Young,19,over_info,5,78.1,1.3366474820144276,0,0,0,0,1,1,0.0,5.812575539568456,1,Topic Shift,yeah people need a reality check I think folks need to first look at their spending so look at the last 30 days of spending and say what have I done is this realistic does this...
business,Smart_Marketing___Advertising_Strategies_for_the_Modern_Agent_Featuring_Jimmy_Mackin,11,over_info,5,72.2,1.6099999999999,0,0,0,0,0,1,0.0,2.3700000000000045,1,Stonewalling / Non-Response,"Yeah. So a couple things. So the first thing is, let's talk about two scenarios. If you have a listing and if you don't have a listing. Yeah. Perfect. So let's take the first on..."
business,Society_s_Crescendo__How_to_Make_Changes_Last,4,over_info,5,77.71,2.019999999999996,0,0,2,0,0,1,0.0,180.0,2,,know just a little craziness in the world and I think we're gonna tackle a little bit of it in some of conversation and so I wanted to really open up and Talk a little bit about...
business,Sociolinguistics_and_Technical_Debt_with_Einar_W._Hst,7,over_info,5,61.14,0.5699999999999932,1,0,5,0,0,0,0.5699999999999932,180.0,7,,", that's one of the things that I'm sort of interested in with respect to technical tech, which is something that I've sort of been thinking about for a long time, is that as te..."
business,Sociolinguistics_and_Technical_Debt_with_Einar_W._Hst,17,over_info,5,66.27,0.2900000000000773,1,0,6,0,0,0,88.4733264248706,180.0,8,,"? Well, so at NRK TV, I'm working on TV streaming back end, we're serving sort of metadata to the clients that are public use to watch TV over the internet. And I think sort of..."
business,Sociolinguistics_and_Technical_Debt_with_Einar_W._Hst,35,over_info,5,58.81,0.5899999999999181,0,1,3,1,0,0,130.8871971496435,180.0,8,,". And it's also, I think, a call to only make bets when you have to. To some degree, all abstraction is making bets like that. But sometimes things can look the same, but you ca..."
business,Solutions_Exchange_Ep._19_Brian_Weavel,25,over_info,5,56.22999999999999,3.6898508604207336,1,0,2,0,0,0,40.56999999999982,180.0,5,,"because I'm going to tell you why. It's funny because my first interaction with the small business revolution was the birth of the small business revolution. I mean, that years..."
business,Sorry_Katzenberg_-_Right_Now_Is_Actually_The_Best_Time_To_Launch_A_Video_Platform__YouTubes_Creator_Matchmaking_Gets_More_Bespoke_Over_Scale__And_Celebrities_Ne,46,over_info,5,68.96,2.2737367544323206e-13,4,0,3,0,0,0,126.42000000000007,128.5,8,,I think one of the other things that I think was tough is she did... The way she shot it was she shot like three episodes a day for a period of like three months and because of...
business,Speaking_Out_About_Torture__with_Survivors_Speak_Out_co-founder_Kolbassia_Haoussou_MBE,15,over_info,5,61.84,0.0,0,0,0,0,1,1,0.0,1.0700000000001637,1,Topic Shift,", I think, you know, this is a pointing side of the part of the international community, is that they don't speak out. Friend or no friend, when Donald Trump makes those kind of..."
business,Special_Edition__Zero_Food_Waste,14,over_info,5,64.11,0.47999999999996135,0,0,1,0,1,1,0.0,25.859999999999957,2,Topic Shift,"to agree with you on the assimilation myself, doing research on food waste, especially for this campaign, the roof waste campaign and doing this podcast. I found out that the go..."
business,Special_Guest__Shane_Melanson_2,7,over_info,0,132.11,0.37000000000000455,1,0,3,0,0,0,125.49000000000001,180.0,4,,"Yeah, that's a good question. I think the first question is essentially who is your market? Are you going after the baby boomers? Are you going after families with younger kids?..."
business,Spotting_a_gap_in_the_entertainment_industry_and_auditioning_with_Jenny_Patrone,21,over_info,5,79.79,0.0,0,0,2,0,0,1,0.0,180.0,3,,? There's not really anyone in particular it's just over time in all honesty the faculty at CBS have really inspired me as I said earlier the industry can be quite a negative bi...
business,Sprint_Vs_Marathon_Mentality_-_Episode_10_-_Creating_the_New_Normal,16,over_info,5,75.59,0.0,0,0,0,0,1,1,0.0,4.370000000000118,2,Topic Shift,"you know what? I think that's a phenomenal place to leave this because we need to be thinking about that. We need to be thinking that, you know, what we need to look at the worl..."
business,Stacy_Wellborn,29,under_info,10,1.38,0.36000000000001364,0,0,0,0,0,1,0.0,0.4499999999999318,1,Stonewalling / Non-Response,. The best lessons are learned through failure
business,Stall_Seven__Coronavirus_Update_and_Potential_Return_to_Play,36,over_info,5,68.81271777003484,8.166433565367015,0,0,4,0,0,1,0.0,180.0,5,,'s talk about this day actually because this is something that we both agree I don't think this is a very likely date for the league to actually return at this point I just don'...
business,Standing_Tall_with_Deena_Ansari,25,over_info,5,76.02,0.0,3,0,3,0,0,0,140.24,180.0,6,,"think everything we do is negotiating something, you know, from the moment we start the date or the end of it, you're trying to give someone something and have something in retu..."
business,Stefanie_for_Business_Self-Resilience,9,over_info,5,94.56,0.0,1,0,3,0,0,0,0.001,180.0,4,,". You know, I was looking at, I'm sorry to interrupt, but I was looking at a podcast and the numbers on work related stress, disease and injuries is ridiculous. Somebody was say..."
business,Stefano_Demiliani_on_The_MVP_Show,13,over_info,5,89.39,0.0,0,1,1,0,0,0,0.001,180.0,2,,development team. So we are a group of accounts today about 500 people. And we have an internal development team that works on developing products for our self and I manage this...
business,Steve_Blank_in_conversation_with_Frank_Dillon,7,over_info,0,73.84,0.31999999999993634,1,0,3,0,0,0,0.31999999999993634,180.0,4,,"- When the asteroid hit the earth and wiped out the dinosaurs, it was the mammals who kind of filled the empty niches. And I think we're going to see the same thing here. In eve..."
business,Steve_Hoffman_-_on_building_start_ups__exponential_technologies_and_mindset,5,over_info,5,67.62,0.7400000000000091,0,0,2,0,0,1,0.0,180.0,3,,", I think that's a great point. I was talking to someone recently who, within the space of two weeks at a highly profitable company in the world of events that got wiped out bec..."
business,Steve_Hoffman_-_on_building_start_ups__exponential_technologies_and_mindset,8,over_info,5,60.71,19.72579795396416,0,0,2,0,0,1,0.0,101.17672131147549,3,Stonewalling / Non-Response,"before. Exactly. You know, I tell entrepreneurs out there, if you want to figure out what to do, if you want to figure out like some new business, go to your customer. They stil..."
business,Steven_Klepper,11,over_info,5,53.59000000000001,1.0900000000000034,1,0,1,0,0,0,1.0900000000000034,67.13999999999999,3,Stonewalling / Non-Response,"Yeah, so in 2013, I had an idea that we needed to have a gathering place for the Maryland appellate community. And I had a lot of people who were in the state of Maryland. And I..."
business,Steven_Klepper,21,over_info,5,63.14,0.0,4,0,4,0,0,0,79.40999999999997,150.62,8,,"may be aware of. So I think that going to the defense side. I, for example, handled an employment law appeal that went to our intermediate appellate court. I was, it was during..."
business,Steven_Kotler__Finding_Flow_at_Home,4,over_info,4,55.99,0.6899999999999409,1,1,1,0,1,0,106.69999999999993,117.56999999999994,4,Topic Shift,". - Well, and for some context, I remember you talked about ways that people have experienced it, whether that, like a lot of times gamers, we'll talk about this, it's that poin..."
business,Stoicism-II,34,over_info,5,53.27,2.1230683294362507,0,0,3,0,0,1,0.0,180.0,5,,"mm. - Is it for this book? I believe it's for this book. I'm not sure anymore. Anyways, one of these books, it was about criticism and it talks about, it talks about, ""Happiness..."
business,Stoicism-II,53,over_info,5,93.33,1.6300000000001091,0,0,0,0,0,1,0.0,1.7300000000000182,1,Stonewalling / Non-Response,". - Well said, well said. Yeah, definitely. I just want to add that I honestly think that when you're writing stuff down, and I can imagine that some people don't like to write..."
business,Story__002_-_John_Noble_Masi,11,over_info,5,55.08,0.67999999999995,2,0,2,0,0,0,133.80999999999995,180.0,4,,I think there was certainly a higher expectation of me. I generally put the higher expectation on myself and I never... The majority of the time at school I felt nothing but war...
business,Story__002_-_John_Noble_Masi,21,over_info,5,118.8,2.43716621253418,1,0,3,0,0,0,2.43716621253418,119.0200000000001,5,Stonewalling / Non-Response,"debunk? Hmm. I'm not sure if it's a myth when I think about the perception of chefs, when I was growing up, your first experience of seeing someone in culinary or that serving y..."
business,Stress_Management___Burnout_Prevention,5,over_info,5,62.08,2.643782991202329,2,0,2,0,0,0,70.42000000000002,166.16000000000003,5,Stonewalling / Non-Response,? I think when I look back at these times I was near at a burnout I never had a burnout and but I know I remember this special moment when I was in in Jüsseldorf on a conference...
business,Stress_Management___Burnout_Prevention,59,over_info,5,52.39,1.6100000000001273,0,0,0,0,1,1,0.0,10.740000000000236,1,Topic Shift,listen carefully to your behavior and have an eye on your beloved ones and your colleagues because sometimes they run and run and give their best and don't even know that they a...
business,Sunny_Dhadley__addiction_to_leadership,19,over_info,5,54.65004275788349,0.7459914484231831,0,0,0,0,1,1,0.0,10.475991448423201,1,Topic Shift,"Yeah, so agile , you know, when I heard about it and I looked into the history of agile, for me, it was about learning a new discipline and challenging myself. I've always tried..."
business,Supercharging_Your_Career,11,over_info,5,56.03,0.0,1,0,1,0,0,0,0.001,109.35999999999999,3,,"? Well, the thing is people really need to assess what they bring to the table and how it overlaps with what they want to do. So you're going to be much more successful as a job..."
business,Surrendering_to_Guidance_-_Interview_with_Mark_Morris_DO_-_Journeypreneur_Podcast_Ep._135,13,over_info,5,69.04500727096462,28.54291808046537,0,0,0,0,0,1,0.0,28.69291808046546,1,Stonewalling / Non-Response,"that? Because, well actually this starts off in childhood. There's a remarkable woman named Louisne Prisidine who's written a book The Male Brain and The Female Brain, two books..."
business,Sustainable_Bling_of_Ann_Ong,1,over_info,5,84.54,0.5099999999999909,2,0,4,0,0,0,86.86000000000001,180.0,6,,". Hi, thank you Krishna for this opportunity to be here and featured. I started my journey 2012. I am an acclaimed international multi-awarded, high-fashion jewelry designer, vi..."
business,TCLF_ONE-ON-ONE__Ep.3_Mr._Mohit_Khubchandani__India__International_Law_and_Pandemic,5,over_info,5,52.98,0.0,0,0,0,0,0,1,0.0,0.18999999999999773,1,Stonewalling / Non-Response,"think this is a great transition from the Atlantic Downing incident that I mentioned to you in the previous question. So if we look at even the timeline, since 1999, till 2016,..."
business,TEA_M__TIME_-_Episode_9_-_Why_Learning_on_the_Go_is_Not_Enough,20,over_info,5,56.05,9.693794743996477,0,0,4,0,0,1,0.0,180.0,4,,", the example of kids because I've read before, again, my interest in educational topics that often when people think about learning on the job, learning on the goal, learning b..."
business,TFJ__6_Plastics_and_Molding-_Foster_Calls,3,over_info,5,56.13,3.67999999999995,0,1,3,0,0,0,3.67999999999995,180.0,4,,", guys, so Basically how I would describe a duck or goose call is It's an instrument that when you blow into it Either duck or goose sounds come out depending on the type of cal..."
business,TLDR_-_How_can_you_spot_fake_PPE,9,over_info,5,74.98,0.0,1,0,0,0,0,0,0.001,1.6700000000000728,2,Stonewalling / Non-Response,"Well, it is a speculation, but I think one of the things that I like that you've just said there is the fact that you would offer your services, your expertise to not for be a c..."
business,TPP376__Has_Coronavirus_broken_the_property_cycle,10,over_info,5,73.89,0.5900000000000318,0,0,3,0,0,1,0.0,180.0,3,,"all. So that leads us to what happens if there's a boom? How does that fit with the 18-year property cycle? Well, actually, if you play it out year by year, where we should be i..."
business,TRS_060__Complete_Guide_to_Upwork_for_Location_Independence_with_Steph_Danforth,20,over_info,5,86.21,1.0400000000000773,2,0,2,0,0,0,72.23000000000002,180.0,4,,? There's a few things I think that are really important to succeeding on Upwork. One is having a well filled out profile. So you need a 100% complete profile to really be able...
business,TRS_060__Complete_Guide_to_Upwork_for_Location_Independence_with_Steph_Danforth,54,over_info,5,76.89,0.4299999999998363,1,0,2,0,0,0,0.4299999999998363,79.80999999999995,4,Stonewalling / Non-Response,don't know I think it's so hard to tell I've thought about this a lot because I'm like you know what does this mean not only for my business but like what does this look like go...
business,TWTT_EP3__The_Self_Proving_Affidavit,11,over_info,5,63.85682465876706,20.637960776468162,0,0,3,0,0,1,0.0,180.0,3,,". So, for a will, I think a lot of people are surprised when they hear you don't actually need to notarize a will in order for a will to be valid in Florida. What you need to ha..."
business,Tactical_Prospecting_Advice_With_Callum_Henderson,33,over_info,5,57.19,2.4382596951570576,0,0,1,0,0,1,0.0,100.95999999999981,3,,". And the other thing I would say, maybe less like, less cold, cold email focused, but if I'm a, if I'm a sales development rep, I would be definitely trying to put some pressur..."
business,Talent_Show__FAQs_about_returning_to_work,3,over_info,5,79.52,4.016898395721938,2,0,1,0,0,0,174.84000000000003,180.0,3,,"Marcel, that is very common and a very appropriate question, and certainly we do recommend in situations where a decision is made to implement temperature screening in the workp..."
business,Talk_Your_Book__1_Main_Capital,49,over_info,0,78.84,0.0,1,1,3,0,0,0,91.65999999999985,180.0,5,,", it fits my psychological makeup better. The stock market tends to go up over time. Shorting for that reason is just much more difficult. I think for a lot of reasons, you know..."
business,Talking_Mental_Health_W__Joel_Walsh._pt2,10,over_info,4,52.47206376155443,20.115515925752334,0,0,1,0,0,1,0.0,180.0,1,,", yeah . I may cut whatever I'm about to say out, but some of you talk about, and it's quite interesting, you look at social media and a lot of people are doing these challenges..."
business,Talking_all_things_Fixed_Income,17,over_info,5,76.41,0.2500000000002274,3,0,3,0,0,0,7.509999999999991,180.0,6,,"look, absolutely. And there's a lot of basic rules that clients can look to without even having to dive too deep into research about it. And that's one that even more about that..."
business,Tanya_Miller__Mind_Matters___Infertility,23,over_info,0,166.2457036096322,22.533245249841002,0,0,0,0,0,1,0.0,60.21324524984129,2,,"so talking with Tania is on Facebook, Instagram, YouTube and Twitter, so check me out, I'm there providing motivation, inspiration, encouragement for wherever you're at. And I'm..."
business,Taxpayer_Talk__Socialism_The_Failed_Idea_that_Never_Dies,11,over_info,5,62.275548216644644,10.897688243064977,3,0,2,0,0,0,172.85768824306479,180.0,5,,"it can't, of course. You have to rely on the market process. And this is a process that you cannot plan and predict. You mentioned New Zealand in the 80s, shifting to other sect..."
business,Teach_me_how_to_live,12,under_info,10,5.32,0.0,0,1,0,0,0,0,0.001,24.120000000000005,2,,". - Cut down the trees, okay? Yeah, it's quite radical. - And they have attacked my grill three times, and it's caused me damage of upwards. - Maybe put a fence. - A fence aroun..."
business,Tech_Entrepreneurship_with_Sidharth_Sood__High_School_Entrepreneur,3,over_info,5,60.52,2.819999999999993,1,0,1,0,0,0,2.819999999999993,180.0,2,,"out to be? The very first thing I thought was this would be a whole lot easier, which it wasn't. It was so much harder than I initially expected. That's a big one. I think peopl..."
business,Tech_to_sex_coach,47,over_info,5,87.43,0.38000000000010914,1,0,1,0,0,0,0.38000000000010914,112.88000000000011,2,,"with? - Yeah, it was interesting when I was going to school to get my psychology degree. You know, I was doing it mid life. And it's true, like a lot of people in the classroom,..."
business,Technical_Stock_Market_Analysis,39,over_info,5,97.70999999999998,4.2606030769227345,1,0,0,0,0,0,4.2606030769227345,91.4373805403327,1,,"? Yeah, exactly. That's important because-- and I think we talked about this when we went through my last presentation-- is it was on the margin important, probably in the '80s..."
business,Technical_Stock_Market_Analysis,55,over_info,5,55.35180839271576,11.995242955040794,1,0,1,0,1,0,11.995242955040794,112.64203814662778,3,Topic Shift,"'s funny, because certain stocks have traded for -- Sank logical theory. And this has happened from way back-- and I'm sure your dad will remember this as well-- is basically in..."
business,Technologys_Role_For_A_Safer_Return_to_Work_-_Lauren_Gimmillaro__Senior_Channel_Manager_at_Envoy,7,over_info,5,57.23,0.9300000000000068,1,0,2,0,0,0,0.9300000000000068,180.0,4,,". - Yeah, of course. So one of my earlier roles I had in a previous company, the company was called Airware. I worked running their channel sales program specifically focused on..."
business,Tee_It_Up_with_Phil_Melton_Charlie_Werhane_of_Enterprise_Community_Investment__pt.1,3,over_info,5,64.23,0.0,1,0,7,0,0,0,0.001,159.05232673267327,8,,COVID-19 is really focused our attention on making sure that we've got resources available for tenants and owners of properties as well too. So it really is balanced between the...
business,Terry_Oliver__Chief_Technology_Innovation_Officer__retired__The_Bonneville_Power_Administration__BPA__-_Episode_61,21,over_info,5,65.52,0.0,2,0,1,0,0,0,39.150000000000034,43.19999999999999,4,Stonewalling / Non-Response,"Well, I've been watching a guy try to do that. I think it's pretty easy to explain, and we have a former vice president who did a pretty good job of explaining what's going on i..."
business,That_Account-Based_Marketing_Episode,4,over_info,5,72.16,0.0,2,0,2,0,0,0,60.120000000000005,180.0,4,,"Yeah, I'll do my best. So an account-based marketing, I think everybody's familiar with the acronym and everybody would understand obviously that ABM is effectively account-base..."
business,That_s_The_Bottom_Line_05_17_20,15,over_info,5,61.59,0.28999999999973625,0,1,0,0,1,0,0.28999999999973625,45.36999999999966,2,Topic Shift,what happens when you elect a Democrat for governor in case you missed it while you were so fixated on the coronavirus the US Court of Appeals for the Sixth Circuit essentially...
business,The_ABC_s_of_Blasting_in_Mining_-_Nathan_Rouse_of_Dyno_Nobel,17,over_info,5,75.92,0.0,1,0,0,0,0,0,0.001,124.91888072057748,1,,"on surface? The concepts are all the same with blasting. And it's pretty simple, but a lot of people don't make the connection, I think. So let's take-- and if we're just talkin..."
business,The_ABC_s_of_Blasting_in_Mining_-_Nathan_Rouse_of_Dyno_Nobel,25,over_info,5,89.7503628800918,25.1904188181295,1,0,1,0,0,0,25.1904188181295,180.0,2,,", modern day explosives today, like I was already mentioned, the detonators with computer chips. I mean, we've, we've adopted a lot of technologies. Um, explosives are very safe..."
business,The_Art_and_Science_of_Email_Marketing_with_Karen_Talavera,21,over_info,5,98.69,0.6600000000000819,0,0,3,0,0,1,0.0,180.0,4,,", those are really good questions. I'm hearing a couple of different questions in there, but I think the first thing I heard was, should I focus on getting email addresses? Okay..."
business,The_Brand_Builder__Red_Antlers__Emily_Heyward,20,over_info,5,63.64,1.2899999999999636,0,1,1,0,1,0,1.2899999999999636,180.0,3,Topic Shift,"Well, first of all, I'm just so happy to hear you use the verb ""invest"" in brand because I do think we meet a lot of founders who purely see it as a cost. And they think of it i..."
business,The_Business_Of_Sport_Podcast_-_Insights_From_The_Football_Industry_-_Robin_Russell,5,over_info,5,65.74,0.15999999999996817,2,0,3,0,0,0,172.5,180.0,5,,Yeah I mean just as you've got very good teachers who are good with five and six year olds are very good who are good with 12 and 13 year olds it's entirely natural that there'l...
business,The_Business_Of_Sport_Podcast_-_Insights_From_The_Football_Industry_-_Robin_Russell,27,over_info,5,106.81598540145986,13.439479927007142,1,0,1,0,0,0,13.439479927007142,180.0,2,,"inspired. My latest inspiration is, I mean the previously you'd look at Tom Peters or I don't know. Mark McCormack what they don't teach you the Harvard Business School but my m..."
business,The_Courage_to_Trust_Yourself_More_with_Lisa_Carpenter,10,over_info,0,171.12,71.11454335322242,0,0,0,0,0,1,0.0,71.11454335322242,0,,"Okay, we're about halfway through with this episode, but I wanted to make sure that you knew about my new positioning to profit quiz so that you can discover how to use the key..."
business,The_Culture_Hour_Ep_61_Stephanie_Nivinskus___Shelley_Smith,15,over_info,5,55.96,0.8369935483869995,0,0,0,0,0,1,0.0,56.26163967999992,1,,"Yeah. You know, there's two things that come to mind with that question. I will tell you honestly, it wasn't as much something in my past that impacted the culture choice that I..."
business,The_Culture_of_Ninety6_With_Ashton_Keys,7,over_info,5,72.0,1.1368683772161603e-13,2,1,3,0,0,0,11.57000000000005,180.0,6,,Yeah. I think the biggest surprise or the biggest challenge. And it was actually I learned this from pitching to an investor. So I was pitching to an investor about like my bran...
business,The_Economic_Impact_of_Potential_Ballot_Questions_and_Recent_Legislation,7,over_info,5,82.0,0.0,0,0,0,0,1,1,0.0,44.78999999999985,1,Topic Shift,"From a policy standpoint, or from a from an economic standpoint, we generate tax revenue from value that's added from transactions from income. And if businesses are not generat..."
business,The_End_Game__Michelle_Ricker__Registered_Dietitian_Nutritionist,18,over_info,5,54.75154030207865,62.37824256303884,0,0,0,0,0,1,0.0,62.37824256303884,0,,". - Yeah, it sure is. You know, I dug my heels in on the supplement game years ago, but I'm one of those people that is definitely benefited from, you know, the use of things li..."
business,The_Entrepreneurs_Show_-_Dr._Miluna_Fausch,21,over_info,0,103.6,2.6791266375544183,0,0,0,0,0,1,0.0,4.390087336244505,1,Stonewalling / Non-Response,"Absolutely. I had a very well-educated, super intelligent woman who happened to be born in another country who works for a major player here in the San Francisco Bay area. And s..."
business,The_Ethics_of_Disruption_-_Interview_with_Nigel_Shadbolt,9,over_info,5,66.3,0.7899999999999636,1,0,1,0,0,0,0.7899999999999636,180.0,2,,"? Well, it's about transparency and accountability and consent, I think. Look in this situation, I've just described, that data is still resident behind the NHS firewalls in a c..."
business,The_Ethics_of_Disruption_-_Interview_with_Nigel_Shadbolt,32,over_info,5,64.51,0.7100000000000364,0,0,3,0,0,1,0.0,180.0,3,,"that space well. But you have to be careful, don't you? I was talking to a friend on Friday who is, she's a single mum with kids in year six at school and she's separated. Her e..."
business,The_Ethics_of_Disruption_-_Interview_with_Nigel_Shadbolt,33,over_info,5,57.55,11.790327339788291,0,0,4,0,0,1,0.0,180.0,4,,". And that's a great example, isn't it? And it is this kind of relationship that you have with experts in the field to contextualise the information to represent it back to you...."
business,The_Financial_Times_Jamil_Anderlini__The_geopolitics_shaping_NZs_future_trade,9,over_info,5,55.74000000000001,2.2737367544323206e-13,0,1,2,0,0,0,0.001,180.0,4,,"tend to agree with China was on that path of, I wouldn't have put it that they're looking for a cold war, I would say that China had the confidence to start to take their own pa..."
business,The_Future__This_Week_22_May_20___ReturningToWork___AI___COVID-19,53,over_info,5,62.58,0.34999999999990905,0,0,3,0,1,1,0.0,104.6400000000001,4,Topic Shift,"And there was another thing that the article mentions, but that this pandemic also helped expose which is how interdependent the algorithms that different companies use are. For..."
business,The_Future_of_Car_Ownership_with_Nico_Polleti,13,over_info,5,64.94,0.67999999999995,1,0,1,0,0,0,0.67999999999995,180.0,2,,"Yeah. Let me first just make that point. If you look at individual mobility in Germany, this is a study from 2018. So not very old. 75% of all trips are still done by car, and 2..."
business,The_Future_of_Divorce_Court_with_Randy_Kessler_-_Divorce_Attorney_in_Atlanta__Valuation_Podcast,24,over_info,5,58.6,0.0,0,0,2,0,0,1,0.0,173.7591678026614,2,,"Well, and that's what I feel like could be one of the issues. Like, let's say, I don't really want to get divorced. And so now we're all on camera, we're at trial and, ""Oh, oh,..."
business,The_Future_of_Work_2,11,over_info,5,78.88,0.0,0,0,0,0,1,1,0.0,10.480000000000018,1,Topic Shift,"- Well, I do think it opens up a talent pool for different companies. When virtual work is accepted as norm, you know, you could hire that person in Kansas City or, you know, in..."
business,The_Future_of_the_Location-Independent_Movement___Tom_Knoll,25,over_info,5,55.14,2.995856643357456,0,0,1,0,0,1,0.0,48.880000000000564,3,Stonewalling / Non-Response,"it's kind of, it's not a, you know, a really public facing thing. A lot of the more like dry research is probably pretty much that statistically dry. I don't know how many peopl..."
business,The_Games_Afoot__Using_Gamification_in_the_Warehouse,11,over_info,5,90.2,0.4599999999999227,1,1,2,0,0,0,102.82999999999993,180.0,4,,'s a great question. Sort of the answer is kind of all of the above. I think we've got a number of different things that first of all the platform that can be used to apply the...
business,The_Hoban_Minute_-_54___Bob_Hoban___Eric_Singular___Industry_Discussion,12,over_info,5,55.760000000000005,9.088053763440826,0,0,2,0,0,1,0.0,180.0,2,,"seeing. Yeah, you make a good point about the number, a cap limitation on the number of businesses they can apply for a particular category licensure. It tends to serve as a loc..."
business,The_Honorable_Aurora_Martinez_Jones_on_Advocacy_and_Substance_Abuse,6,over_info,5,70.58,0.7800000000000864,0,0,1,0,0,1,0.0,180.0,1,,that is such an important message. The that cause of volunteers need to always remember that the parent is the expert in their own experience and their own needs and what they n...
business,The_INDUStry_Show_w_Mark_Roderick,11,over_info,5,58.563011612903225,9.72345677419355,2,0,2,0,0,0,74.25345677419358,142.41188447657998,4,,"the universe of crowdfunding, there's two pieces. One is the Kickstarter Indiegogo, which we call donation based or rewards based crowdfunding, because when you give money to so..."
business,The_Impact_of_Innovation_on_MaaS_MOD_with_Vincent_Valdes,5,over_info,5,73.7545085154888,0.40934021724547165,2,0,2,0,0,0,128.40934021724547,180.0,4,,"'s going to be a challenge . It's no secret that currently public transportation ridership has really plummeted. Unfortunately, I guess it's a result of all of us being quaranti..."
business,The_Importance_of_Managing_Your_Energy_Levels_as_a_Remote_Worker,29,over_info,5,61.39,0.6100000000000136,0,0,3,0,1,1,0.0,130.87,5,Topic Shift,"- Yeah, well, first I was gonna say, is your work really good? Like after you were under pressure, yes, maybe it's a little stressful but do you produce really good work when yo..."
business,The_Journey_of_Success_with_JT_Poston,21,over_info,5,66.76,0.0,3,0,3,0,0,0,158.15999999999997,180.0,6,,"Yeah, that's, um, for us, that's kind of the quick realization you get once you get out on tour is a lot of people, um, if you don't know too much about golf, they think once yo..."
business,The_Journey_of_Success_with_JT_Poston,27,over_info,5,72.98,3.10677475898342,3,0,3,0,0,0,135.07999999999993,180.0,6,,"use? Um, so we have a lot of statistics that are given pretty much given to us every, every day after every round, every week when we're playing tournaments. Um, but a lot of th..."
business,The_Journey_of_Success_with_JT_Poston,37,over_info,5,62.72,6.180911640953809,1,0,2,0,0,0,133.9810251046024,180.0,4,,"that? Yeah. The financial aspect always is going to be a big part of any professional sports. For me, I think, I don't know if it's just my passion for playing or I just want to..."
business,The_Journey_of_Success_with_Paul_Jubb,45,over_info,5,61.87,0.6900000000000546,0,0,0,0,1,1,0.0,29.029999999999973,3,Topic Shift,"out? - Like, the way I look at it, to be honest, is like, I'm obviously, like, proud to have some of the success I've had already, and at the end of the day, I'm know what, like..."
business,The_Law_of_Attraction,24,over_info,5,56.8,0.0,0,0,2,1,1,1,0.0,158.99084592145027,5,Topic Shift,"then. - I will never push the boundaries until a specific category of my business is completely dominated. And the reason why I do that, because if I don't perfect a small porti..."
business,The_New_P_L_speaks_to_Maggie_Berry__OBE_-_Executive_Director__Europe_at_WEConnect_International,7,over_info,5,67.42,5.684341886080802e-14,1,0,3,0,0,0,0.001,180.0,4,,yeah when I think about this if I look at my own career and the you know the the people that I've worked with over the years I mean it's for me personally it's definitely been a...
business,The_Partner_Series_Ep_7__A_Chat_With_Thierry_Collard_From_OTA_Insights,20,over_info,5,79.92,1.0499999999999545,0,0,3,0,1,1,0.0,180.0,4,Topic Shift,". Yeah, I think resort properties will have quite a large appeal to guests, especially if they've been kind of, I suppose, spending their lockdown experience in a city environme..."
business,The_Power_of_Humility_on_Social_Media_w__Alex_Minor___Ep_5,47,over_info,5,90.69999999999999,0.0,1,0,2,0,0,0,0.001,180.0,3,,"- I definitely see, and when, when you really get to the heart of an issue, like a lot, and the thing is a lot of my posts are not the inspirational posts. A lot of my, the majo..."
business,The_Pulse__Alex_s_new_AirPods_Pro__Slack_and_AWS_integration_deal_and_law_firms_expanding_into_new_lines_of_business,20,over_info,5,58.67962066940694,25.080320541665742,0,0,0,0,1,1,0.0,41.31737314231236,1,Topic Shift,", no, no, no. I agree with, with most of that. I guess to your, your earlier point about why not team up with, with Google, I think the answer is actually maybe not an answer. B..."
business,The_Pulse__Alex_s_new_AirPods_Pro__Slack_and_AWS_integration_deal_and_law_firms_expanding_into_new_lines_of_business,34,over_info,5,58.73,8.970113965617202,0,0,2,0,1,1,0.0,111.56000000000017,3,Topic Shift,"first point about legal operations or just kind of having a think as you went through some of these other points, do you agree that to an extent, a law firm providing legal oper..."
business,The_QUALIFY_Method_To_Help_You_Close_More_Sales_w__Bill_Wooditch,15,over_info,5,65.57,0.6000000000000227,0,0,4,0,0,1,0.0,180.0,5,,"And good question, and you mentioned two words that I wrote, I wrote down process and power and sales is a process because winning the heart is not a one-time event. If you win..."
business,The_Raise_Cycle_with_Janet_Guertin,29,under_info,10,8.612256042972247,10.28635183527308,1,0,3,0,0,0,115.53635183527308,180.0,4,,", that energy was misplaced, but it was always there . It's a place. A lot of giving parties and life-giving things that give that, fortunately, God, you know, took me down a di..."
business,The_Real_Real_Consignment_Platform_-_How_Does_it_Work,15,over_info,5,67.36,9.526037525128459,1,0,1,0,0,0,91.96000000000004,117.61000000000001,3,Stonewalling / Non-Response,"interesting the real row has a commission Um level with different tiers And so how it works is that um, they have a loyalty program. So basically the more you Sell the more prof..."
business,The_Rise_of_User-Generated_Content_featuring_Dan_Holowack,3,over_info,5,55.37,0.0,1,0,3,0,0,0,0.001,180.0,4,,"I actually had the opportunity to join a destination marketing conference many years ago. At that time, I was working in the area of user generated content across Twitter and so..."
business,The_Rise_of_User-Generated_Content_featuring_Dan_Holowack,22,over_info,5,64.48,2.5765993988834452,0,0,3,0,1,1,0.0,137.48000000000002,4,Topic Shift,"Well, you talk about the pace of that change being overwhelming and shocking. And I purport this. The pace of that change would not be nearly so overwhelming and shocking had th..."
business,The_Risk_of_Inconsistent_Cash_Flow_with_Priya_Malani,32,over_info,5,56.69,0.0,1,0,0,0,0,0,0.001,53.22923635719326,1,,. Well I mean at the end of the day it goes back to what I was saying earlier which is the most important thing to do is to pay it works very similar to a personal credit score...
business,The_Road_Forward_Infrastructure_and_Recovery,32,over_info,5,62.6,1.2700000000000955,1,0,2,0,0,0,1.2700000000000955,84.0200000000001,3,,", say, take an example of my scenario, of a $2 trillion investment over a 10-year period, that would mean that the recovery that the US would see going out 10 years would be muc..."
business,The_Scoop_from_Sree_on_Good_Talks__Listening_and_Journalistic_Integrity,17,over_info,0,129.68,0.9600000000000364,1,0,1,0,0,0,143.16000000000008,180.0,3,,", thank you. And I will just say what I've learned over the years on the internet is the more you give away, the more you get back. It's almost selfish to be selfless because yo..."
business,The_Secret_to_a_Successful_Workplace_Wellbeing_Program_-_Brian_Crooke_-_Workplace_Wellbeing,11,over_info,5,64.4141478929234,6.360569838324864,0,0,2,0,0,1,0.0,180.0,4,,"looking at? I suppose it's anything that an organization can do to support the wellbeing of their employees. Traditionally, it would have been seen as physical activity classes...."
business,The_Secrets_to_Getting_More_Media_for_Your_Book_-_Part_1,16,over_info,5,64.49,0.3000000000000682,0,0,2,0,0,1,0.0,171.08647210300455,2,,"Well, and I'll tell you what too is, and this is, and I realize now we've sort of gone into talking about events, which we should definitely do a separate show on, but next door..."
business,The_Secrets_to_Getting_More_Media_for_Your_Book_-_Part_2,10,over_info,5,99.89,0.0,0,0,1,0,0,1,0.0,168.105234375,2,,"a couple of ways to do this. In the last show, we talked about the media alerts that I get, which sometimes gets to be a little crazy and obnoxious, but I tend to get a lot of m..."
business,The_Short_Squeeze__Jobless_data_to_reveal_lockdown_pain,25,over_info,5,63.23,0.0,0,0,0,1,0,1,0.0,2.199999999999932,2,Stonewalling / Non-Response,"it? No, no and it's definitely a secular trend too where we've seen rates pricing in a world of much lower growth and a lot of that's been I suppose manufactured by central bank..."
business,The_Show_Must_Go_On,27,over_info,5,58.831488607594935,0.6805316455695447,0,0,0,0,1,1,0.0,6.770531645569463,1,Topic Shift,"back. You know, Brandon asked me a question. I think no, I think it was Kyle while you were gone. He'd said, Hey, cause I mentioned the word case study, you know, our, our, some..."
business,The_Show_Must_Go_On,36,over_info,5,55.652956120092384,1.98955409486598,0,1,0,0,1,0,1.98955409486598,26.530360752996557,2,Topic Shift,"not easy stuff. No, it's, it's, uh, well, the other thing, anytime, uh, if one thing I've learned from, and I guess we all kind of do this, doesn't matter what your job is, but..."
business,The_Simple_Truth_about_Flipping_Houses,34,over_info,5,71.13,0.0,1,0,1,0,1,0,0.001,99.91999999999985,3,Topic Shift,"team. Again yes and it does, it means a lot to us. Does that mean you need to do that? No, if you want to find all the information out to yourself and you have the time to do th..."
business,The_Spy_s_Son_Who_Became_Superman_s_Enemy_with_Ralph_Lister,53,over_info,5,52.94,1.0458599333014718,0,1,1,0,0,0,1.0458599333014718,104.40999999999985,4,Stonewalling / Non-Response,"he is. He is. I'm, I'm, here's my number one idol. I don't think I would get all starstruck in front of many actors except him and Kate Blanchett. And, you know, you put Tom Cru..."
business,The_State_of_the_Tobacco_Industry_Amid_COVID-19,9,over_info,5,81.0,0.0,0,0,0,0,1,1,0.0,20.120000000000005,1,Topic Shift,"Well, unfortunately, by law, the FDA is unable to produce a list of manufacturers and products that have been submitted by that deadline. So, in other words, the FDA is going to..."
business,The_State_of_the_World_and_How_it_Effects_Your_Marketing___The_Forge_Podcast__6,18,over_info,5,56.28726606997559,9.04252390891611,0,1,1,0,0,0,9.04252390891611,22.742668836452424,3,Stonewalling / Non-Response,"well, you mean the tran Oh, you mean? Okay. So what you're saying is the transition from COVID-19 stay in your house, wear a mask, you know, the whole world is in a total show e..."
business,The_Sustainable_Farming_Fund_can_drive_rural_economy_with_Steve_Penno__Director_Investment_Programmes__Ministry_for_Primary_Industries,3,over_info,5,58.5,0.0,3,0,2,0,1,0,63.22,92.1,7,Topic Shift,", so this programme is working with the breed societies who breed some of our specialist breeds in New Zealand. So the partner with the programme is the Holstein-Frigian Associa..."
business,The_Tax_Goddess,7,over_info,5,57.38,0.0,1,0,1,0,0,0,0.001,102.07999999999993,4,Stonewalling / Non-Response,"know, those two things basically go hand in hand, right? If we can reduce your taxes, that means you have more cash to have more cash flow. So, you know, the 13 week cash flow p..."
business,The_Threat_to_Virgin_Australia,31,over_info,5,76.59,3.0099999999997635,0,0,2,0,1,1,0.0,122.25999999999999,3,Topic Shift,", that was a nice little surprise day. Jet to is a low cost carrier based in the UK and they said, sweet that they're they're seeing, you know, quite a quite a good number of bo..."
business,The_Timing_of_Your_Book_Launch,19,over_info,5,57.2,0.2599999999999909,0,0,0,0,0,1,0.0,0.4500000000000455,1,Stonewalling / Non-Response,", exactly. So it sounds like, I mean, a lot of people probably thinking like, okay, so they still haven't revealed that secret timing. Like, what is that secret, perfect timing..."
business,The_Virtual_Sales_Cycle_-_Zach_Basner,8,over_info,5,55.99,29.69215679824555,1,0,1,0,0,0,93.51000000000005,180.0,2,,"Yeah, I can also imagine having been on both sides of the coin, actually having worked for production companies in the past and also worked for brands that hired out production..."
business,The_Wednesday_Fontanelle_Final_Bell_with_Arlan_Suderman_of_FC_Stone,13,over_info,5,54.96,0.3100000000000591,1,0,2,0,0,0,0.3100000000000591,36.16000000000008,3,,"that should certainly help. These restaurants work on very narrow margins anyway. And so beef supplies and pork supplies being high, it really made it tough on them. And then wi..."
business,The_Winning_Formula_For_Recruitment,40,over_info,5,70.51,0.569999999999709,0,0,2,0,0,1,0.0,180.0,3,,to that i'll get to Adam down i'll get to your question um any experience with tools like disc and Myers bridge etc absolutely there's people in the feed on LinkedIn who sell di...
business,The_Working_from_Home_Series__Ann_Francke,41,over_info,5,59.39,1.2199999999993452,2,0,3,1,0,0,34.28999999999951,139.1899999999996,7,,well you know I think you have to be um you have to be able to screen things out right because let's face it um the doorbell is going to ring the dog's going to bark the child i...
business,The_Working_from_Home_Series__Lucy_Cavendish,7,over_info,0,135.84,1.9127450980391814,2,0,2,0,0,0,107.19999999999999,180.0,4,,"Well okay, I, this might sound a bit you know, I'm a bit out there in terms of you know, I do a lot of body mind work. Getting very, very, very stressed out about it and anxious..."
business,The_Worst_V_Since__V,13,over_info,0,195.83582371278817,48.77392621013337,0,0,0,0,0,1,0.0,48.77392621013337,0,,", commercial and industrial loans are the basis for capital expenditure, CapEx, and productive investments. So you normally want to see commercial and industrial loans rise. It..."
business,The_Worst_V_Since__V,14,over_info,5,73.12,0.0,0,0,2,0,0,1,0.0,180.0,2,,"think people, when they hear these numbers, they'll say, well, it's very bad, but we understand because it was because of the disease or the government forcing this. The part th..."
business,The_current_state_of_the_Real_Estate_market_during_the_COVID-19_lockdown_with_Tristan_Ahumada,3,over_info,0,101.68,4.841345381526139,0,0,0,0,1,1,0.0,9.834457831325324,1,Topic Shift,"? - So we are seeing a big change. We track the numbers daily. And so for instance, for this morning, when we tracked, we had zero listings came on the market today. Zero, wow,..."
business,The_dos_and_don_ts_of_using_social_media_for_business,3,over_info,5,60.08,1.8900000000000148,2,0,1,0,0,0,144.86,180.0,3,,"Not necessarily. It totally depends on what sort of product or service you're providing. LinkedIn is also another massive one. Basically you need to take a look at your company,..."
business,The_future_of_commute__with_Adam_Ridgeway,3,over_info,5,74.68,1.2200000000000273,1,1,2,0,0,0,49.200000000000045,180.0,4,,", so the science and the technical side, you can go really, really in depth. But just to summarize, with an internal combustion engine or an ice vehicle, obviously there's a che..."
business,The_impact_of_remote_working_on_diversity_and_inclusion,4,over_info,5,59.49,105.30539548914376,0,0,0,0,0,1,0.0,105.30539548914376,0,,really interesting isn't it because I think in what we've looked at in the last three or four months of how radically the world of work has just changed. It's almost like those...
business,The_importance_of_showreels_and_transitional_skills_in_the_arts_with_Jake_Waby,51,over_info,5,59.25,0.7799999999999727,1,0,3,0,0,0,57.34999999999991,180.0,5,,"Genuinely, I was really scared, really scared. I, because I went off and was like, ""I'm going to do this, I'm moving to London and going to drama school and seeing the West End..."
business,The_importance_of_showreels_and_transitional_skills_in_the_arts_with_Jake_Waby,55,over_info,5,62.35768075393903,3.1590781917243476,0,0,2,0,0,1,0.0,114.9890781917245,4,Stonewalling / Non-Response,"I think in a sense of purely from a practical standpoint, a lot of people get tied up in equipment, you know, they go, okay, I don't have a camera so I can't film this self tape..."
business,The_journey_from_2_lakh_dept_to_5_Million_turnover_ft._Shikhar_Chadha__Interview_-_4,5,over_info,0,66.40950227617603,17.333929185634787,0,0,2,0,1,1,0.0,94.94392918563477,3,Topic Shift,"because I didn't have any start up for a year. They even have, I mean , S&O talk. I'm all right, yeah. But on the basis of our journey, which we had. So, we started backpacking..."
business,The_next_thing__secrets_and_how_we_sell,24,over_info,5,99.48,0.5099999999997635,0,0,3,0,0,1,0.0,180.0,3,,there's two things I'd like to add to that is one is internal politics. So the person that you're supplying that tender to wants to look good when they bring their edited tender...
business,The_post-Coronavirus_future_with_Vanessa_Wakeman,11,over_info,5,53.88,0.0,1,0,3,0,0,0,113.45000000000005,180.0,4,,"Absolute urgency. And I agree with you, those organizations that are waiting are setting themselves up to be among the lower priorities for their audiences. I think that communi..."
business,The_role_of_mentors__mentoring_and_being_mentored__with_Jonathan_Langston,5,over_info,5,53.506766985042354,9.996539502739495,0,0,4,0,0,1,0.0,180.0,4,,". I guess it's actually about fast-tragic experience, if I think about it, in that this is not about conflict resolution at all. Most of the time, it's probably about a mismatch..."
business,The_role_of_mentors__mentoring_and_being_mentored__with_Jonathan_Langston,9,over_info,5,56.94,0.5400000000000773,1,0,4,0,0,0,45.304096802074355,180.0,5,,". In terms of having been there and done that, because actually the role that I'm in and the organization that I'm mentoring to, it's largely about client pressure. They are a s..."
business,The_secret_for_successful_client_connections,17,over_info,5,59.865239227884004,25.82155063580649,0,0,1,0,0,1,0.0,180.0,3,,"many different levels, really. With today being in this, whether you're on lockdown or just restricted from not being able to shake people's hands, you know, things like that. I..."
business,The_story_of_ZQ_wool_with_Dave_Maslen,8,over_info,3,128.76,0.0,2,0,2,0,0,0,80.22000000000003,180.0,4,,"little bit of both. I think it was a gradual shift but it was one that happened quite, I was going to say organically but it was timed to come inside with what was happening in..."
business,The_threat_of_invasive_species_to_Antarctic_marine_life_with_Arlie_McCarthy,25,over_info,5,103.61,0.0,0,0,0,0,0,1,0.0,2.3999999999998636,1,Stonewalling / Non-Response,"? - So I am trying to understand the risks of accidentally introducing non-native species to Antarctica. And I'm a marine biologist, so I look at marine species. And in particul..."
business,The_threat_of_invasive_species_to_Antarctic_marine_life_with_Arlie_McCarthy,33,over_info,5,70.12,0.6100000000000136,2,0,2,0,0,0,113.39999999999998,180.0,4,,". Yeah, so, and actually this comes pretty closely to a lot of my research because I spend at the moment, most of my days trying to understand the pathways that ships take to ge..."
business,The_training_industry_goes_100__virtual_delivery,4,over_info,5,80.87,0.0,0,0,1,0,0,1,0.0,180.0,1,,". Well, it's a big shift because all of those things are challenging in a classroom environment. Obviously, we're talking about the types of projects that you're typically suppo..."
business,Theranos_Whistleblower_Erika_Cheung_on_Incentivizing_Ethics,2,over_info,5,52.61,0.0,1,0,3,0,0,0,0.001,180.0,4,,"Yeah, I think at that time when I graduated, what you were seeing was the sort of height of the Silicon Valley and all these new internet companies. I remember going to this job..."
business,Theranos_Whistleblower_Erika_Cheung_on_Incentivizing_Ethics,15,over_info,5,59.28,0.0,1,0,3,0,0,0,27.040000000000077,180.0,4,,"Yeah, well, this is why I'm encouraging everyone to have a look at the ethics and entrepreneurship website, but it is, I'd still think it's a pretty steep hill to put ethics on..."
business,Theranos_Whistleblower_Erika_Cheung_on_Incentivizing_Ethics,22,over_info,5,83.98,0.0,0,0,2,0,0,1,0.0,180.0,2,,"Again, it's not just about I'm not a Theranos now. And I think this is a common misconception about these scandals. It's not good guys versus bad guys. Again, if we want to achi..."
business,Thought_Leader_-_Bonny_Meyer_on_retentive_investing,5,over_info,5,61.66,0.0,2,0,6,0,0,0,57.83000000000004,180.0,8,,"it. There's a continuum of impact investing from kind of impact light to serious. And for me, we like to invest in companies that truly solve the problem. Whether it's an econom..."
business,Thuraya_Dammag__Yemeni_Journalist___Human_Rights_Activist,25,over_info,5,55.56,11.045090512540924,2,0,0,0,0,0,46.64999999999998,57.940000000000055,3,Stonewalling / Non-Response,"in fact, the Houthi authority has said from the beginning that they have their own way of dealing with the pandemic, which based on not in intimidation and create a worry for pe..."
business,Ticketing_and_IT_at_G2_With_Garrett_Cook,3,over_info,5,52.58,0.0,0,0,0,0,1,1,0.0,7.820000000000022,1,Topic Shift,"Sure. So G2 is a B2B software review platform. So if you use any sort of software in your business like Salesforce or JumpCloud, you can go on our website and write a review, te..."
business,To_Boldly_Go_Where_No_HR_Team_Has_Gone_Before,23,over_info,5,74.10468564650058,6.875639708976678,0,2,1,0,1,0,97.04081052335289,180.0,5,Topic Shift,"? - Okay, well, I notice you have a theme of your topics tonight. I really don't have much of a theme. But this past week, Bamboo HR did their virtual HR summit and I'd listened..."
business,To_Boldly_Go_Where_No_HR_Team_Has_Gone_Before,66,under_info,10,1.25,72.49468096660326,0,0,0,0,0,1,0.0,72.49468096660326,0,,. Other important things go wrong
business,Todd_Page,9,over_info,5,85.53,0.0,2,0,2,0,0,0,160.85000000000002,180.0,4,,"team? >> We formed a COVID-19 team. Our law firm did at the start of this where we would send out newsletters and we would address various issues, whether it be the PPE or the b..."
business,Tony_Milian_on__Preoccupation_with_Failure,1,over_info,5,70.32,0.8406632868610018,2,0,2,0,0,0,99.65000000000003,180.0,4,,", Mark. Thank you for having me. Maybe the best way to talk about preoccupation with failure is to juxtapose those companies that are preoccupied with failure with those that ar..."
business,Tony_Milian_on__Preoccupation_with_Failure,9,over_info,5,89.37885977969633,6.579041381363481,0,0,1,0,1,1,0.0,125.11904138136367,3,Topic Shift,", that's a great question. And I think absolutely. I mean, there's a lot of organizations where I've worked where there's another type of safety that we have to focus on, which..."
business,Tony_Milian_on__Preoccupation_with_Failure,15,over_info,5,86.89,1.1368683772161603e-13,0,0,1,0,0,1,0.0,180.0,3,,"right? Absolutely. You know, I think another aspect of this mark is how do we engage employees every day and going out and seeing risks? You know, there's a lot of organizations..."
business,Tony_Milian_on__Preoccupation_with_Failure,16,over_info,5,61.39,0.0,0,0,1,0,0,1,0.0,119.25999999999999,2,,"harm? And I think like you said, the beginning, that that's a great summary of the difference between being comfortable with risk versus being preoccupied with failure. And as w..."
business,Tony_Milian_on__Preoccupation_with_Failure,17,over_info,5,71.96,0.0,0,0,0,0,0,1,0.0,47.299999999999955,1,,"Yeah, I just want to offer to everybody that, you know, in this time of COVID, I think it's a great opportunity to step back and reflect, right, as a professional in healthcare...."
business,TransUnion__2020_Global_eCommerce_Report,12,over_info,5,62.51,0.5600000000000591,0,0,2,0,0,1,0.0,136.56399443859914,2,,interesting that you mentioned the online gaming aspect. I think one thing that's so fascinating to me is in many ways the lack of understanding of certain folks around the pote...
business,TransUnion__2020_Global_eCommerce_Report,21,over_info,5,120.4,6.617158434894236,1,0,1,0,0,0,6.617158434894236,180.0,3,,"could rely on many of the same tools in your arsenal. However, you need a strategy and a plan. When you think of how mobile sites work, if sites are optimized for the small scre..."
business,Transferable_Skills__Med_Sales_to_Tech_Sales,25,over_info,5,58.89,0.0,2,0,3,0,0,0,174.53999999999996,180.0,5,,"yourself? >> Yeah, so I had kind of segues into like the burnout phase, but I felt that it was time to just to be honest, take a break. I was working a lot. And I was on the roa..."
business,Transforming_Adversity_into_Competitive_Edge_with_HBS_Professor_Laura_Huang,29,over_info,5,76.28,11.760505290433684,1,0,0,0,0,0,11.760505290433684,48.66000000000008,2,Stonewalling / Non-Response,"Yeah, so you know, be yourself is sort of this advice that a lot of people give, right? They, you know, you're interviewing for a job and, and, and, you know, your friends just..."
business,Travel_To__Tomorrow_EP.1__Parag_Khanna,29,over_info,5,67.52,8.581133252469499,0,0,1,0,0,1,0.0,61.090000000000146,2,Stonewalling / Non-Response,"you know, we were certainly pretty nonstop, you know, Zara is catching up to you in the country, you know, 50 plus already, and she's only 10. And Zubin is a few behind because..."
business,Trump_s_Tweets__Verlie_Oosthuizen_gives_us_the_low_down,8,over_info,5,52.87,0.8500000000000227,0,0,0,0,1,1,0.0,34.29000000000002,1,Topic Shift,", I think it will be in America. But I get to a point, but what they've done is that Twitter and Facebook and all of them have obviously made sure that they've got branches and..."
business,Truth_be_Told__A_Conversation_with_Dr._Jennifer_Kavanagh,3,over_info,4,109.33,0.0,2,0,2,0,0,0,96.78999999999999,180.0,4,,"? I think that during this crisis, people are really searching for information that they can trust, that they can believe. There's an incredible amount of uncertainty and an inc..."
business,Truth_be_Told__A_Conversation_with_Dr._Jennifer_Kavanagh,9,over_info,4,113.93786351984443,56.50437903297086,0,0,0,0,0,1,0.0,56.50437903297086,0,,? We talk about four causes in our book. The first is just the way we process information. And beings are built to process information in certain ways and there are certain char...
business,Tucker_Max_Part_2,31,under_info,10,2.86,0.4900000000000091,2,0,3,0,0,0,19.74000000000001,84.8599999999999,6,Stonewalling / Non-Response,if I wanted to drive business for our investment firm
business,Turning_Variables_Into_Strengths,1,under_info,10,7.283314917127072,,0,0,0,0,0,1,0.0,0.0,0,,got you really game we pop on on knockoffs overnight you watch out mobilize won't cop on coven 19 cops out don't flop now over scalls we fly now new agenda they try now most y'a...
business,Tyler_Jorgenson_-_Creating_Unforgettable_Offers_and_Living_The_Life_Of_Your_Dreams,5,over_info,5,54.88,0.0,1,0,4,0,0,0,0.001,180.0,5,,"Yeah, I think, uh, with physical products, it becomes, you know, there's going to be the guys who invent brand new things. They've never, it's never been on the market before. S..."
business,Tyson_Lutz_-_VP_of_Infrastructure_Engineering_at_Salesforce_-_Rerelease,16,over_info,5,102.69,1.1368683772161603e-13,2,0,2,0,0,0,164.01999999999987,180.0,4,,away. Yeah I sensed that I had trouble managing upwards and I would say that it's you know I think everyone has kind of a direction of management or communication direction wher...
business,US_Economy_Lurching_Towards_Catastrophic_Collapse_-__1_David_Morgan,9,over_info,0,179.44,0.9499999999998181,1,0,1,0,0,0,0.9499999999998181,180.0,2,,"? Yes. I mean, all fiat fails. So since the whole, you know, global economies basis, primarily on the United States dollars reserve currency, of course, the BRICS have made an i..."
business,US_Stock_Market_-_Is_It_a_Good_Time_to_Invest,7,over_info,5,79.05,0.0,1,0,1,0,1,0,0.001,58.819999999999936,3,Topic Shift,"do that was a benefit. I mean, so, you know, the Treasury auctions, they're regular scheduled auctions, you know, three months, six months, one year bills, they issue five year,..."
business,UW_Credit_Unions_ongoing_DEI_journey,5,over_info,5,56.67999999999999,0.0,4,0,4,0,0,0,152.29999999999998,180.0,8,,"'s funny that you asked that because I asked that same question when I interviewed with Paul Coonert, who's the CEO, is like, ""Why now?"" Because they had been doing this work si..."
business,Under_the_microscope__Regeneus__ASX_RGS__-_Iain_Wilkie__Analyst,11,over_info,0,68.11369261477044,7.051497005987983,0,0,0,0,1,1,0.0,17.381497005988024,1,Topic Shift,No it's a good question. So do you remember what I mentioned you know the stem cells are kind of the the physicians in your body that can prescribe that as it's like they'll go...
business,Unlocking_the_Collaborative_Potential_of_Customers_with_Jono_Bacon,5,over_info,5,74.33,3.2564508758568422,2,0,2,0,0,0,125.10788860103628,180.0,4,,"'s a good question. Yeah, I mean, it's a term that tends to be everyone's got a different idea of what the word means in their heads. But fundamentally, when you boil it down to..."
business,Unraveling_mysteries_of_when_you_have_to_pay_university_fees_back,5,over_info,5,55.23021271143004,11.504422091235313,0,0,2,0,0,1,0.0,159.27224432919564,2,,"basically happens is the ATO decided what a reasonable amount of income, and it's not just taxable income as we talk about it, so accessible income minus deductions. There's a f..."
business,Upstream_Groups_Doug_Weaver__Effective_Selling_Strategies_During_a_Crisis,19,over_info,5,63.33,7.555856164383613,2,0,2,0,0,0,106.95938818565412,180.0,4,,"'ll, it'll, it'll allow you to live in the present, right? And I think that, you know, what, what I think people are caught up in is they're caught up in cycles of anxiety and n..."
business,Using_Google_Ads_To_Grow_Your_Business_-_Small_Business_Survival_Guide,18,over_info,5,110.41,0.6200000000000045,1,0,4,0,0,0,0.6200000000000045,180.0,6,,next? One question. Here's what happens. Here's what happens next. So you go to their website and you land on what we'll call a landing page. So you may go to their home page or...
business,Using_standard_terms_in_contracts_-_the_battle_of_the_forms,11,over_info,5,118.07518963203616,13.12940532523487,1,0,2,0,0,0,169.61940532523488,180.0,3,,", yeah, it can be a bit like a pantomime with the oh no it's not oh yes it is between each side but if you want to work out when the end of the pantomime is typically it's when..."
business,VA_Insider_Podcast_-_Episode_4_-_An_In_Depth_Look_at_our_Training_Department,12,over_info,4,58.46,,0,0,0,0,0,1,0.0,0.0,0,,"Right. So basically, we try to check what's needed from our client services team and see what we can do during training to help our VAS be prepared of their task once they get h..."
business,Vacations,11,over_info,5,66.33,0.839999999999975,2,0,5,0,0,0,90.73965773809522,180.0,7,,"So if you mentioned earlier that an emergency and we'll get back to the emergency thing in a second, I guess. But if you determine, okay, it's okay to contact me on vacation whe..."
business,Valda_Coryat__CMO_of_Trulieve,31,over_info,5,69.68556835321542,9.944233389756846,0,2,1,1,1,0,45.910865213217676,96.32364090538158,5,Topic Shift,"? - No. (laughs ) Well , I mean, I think, you know, it's purposeful in terms of choosing strong team members, period, right, regardless of whether they wear pants like you do or..."
business,Venture_debt_as_a_source_of_funding_by_Troy_Zander__Partner_at_Barns___Thornburg,19,over_info,5,132.9,0.0,1,0,1,0,0,0,0.001,180.0,2,,"for asking. Look, clear and concise and designed to solve a problem. Every pitch deck and first and foremost, every executive summary needs to identify the challenge, the proble..."
business,Venture_debt_as_a_source_of_funding_by_Troy_Zander__Partner_at_Barns___Thornburg_2,11,over_info,5,138.41,13.732756141401978,1,0,1,0,0,0,13.732756141401978,180.0,2,,", the latter, right? So look, I always tell the lenders with whom I work and again, given my background as what I call a recovering bankruptcy lawyer, that the bankruptcy is the..."
business,Virtual_Product_Placement_-_Ryff_CRO_Shini_Wark,3,over_info,5,68.06,0.0,3,0,2,0,0,0,167.74,180.0,5,,? Yeah I think you know as technology evolved this wasn't necessarily something that could have been done a few years ago but to even further that the fact that everybody's medi...
business,Virtual_Real_Estate_Investing_with_Lauren_Hardy_-_Episode_641,7,over_info,0,110.54,0.0,1,0,3,0,0,0,104.43071153021862,180.0,4,,"? >> Well, the reason I got into investing specifically was I wanted to spend more time with my kids. I worked in real estate pretty much my entire career right out of college...."
business,Virtual_Real_Estate_Investing_with_Lauren_Hardy_-_Episode_641,15,over_info,5,70.25,0.0,0,0,3,0,0,1,0.0,180.0,4,,"can. And I get this question asked all the time. I have one answer. That's the top answer. The best, the best approach to it is search for the proven concept in that market. So..."
business,Virtual_Real_Estate_Investing_with_Lauren_Hardy_-_Episode_641,39,under_info,10,3.96,0.08999999999991815,0,0,3,2,0,1,0.0,77.5,5,,"? Absolutely. If I could do it, you could do it for sure."
business,Voice_SEO__with_Roland_Gavrilescu,12,over_info,5,99.77,0.6299999999999955,0,0,2,0,0,1,0.0,180.0,2,,Yeah sure so basically this would be the idea of for example one of the good examples would be at the moment YouTube where people look for stuff or how to where to find etc and...
business,WE_RE_BACK,22,over_info,0,90.62956748850813,2.9495006268282395,1,0,3,0,0,0,3.4295006268282577,180.0,4,,"back on. It 's staying stable. Yeah, yeah, yeah. No, it's good points . You think ? I think, I don't know, I'll be honest with you. I think that we will probably see a push towa..."
business,Waldron_Career_Conversation_with_David_Leander_10__Resident_Physician_at_Barnes-Jewish_Hospital_at_Washington_University,9,over_info,5,53.28,5.97075848303399,2,0,4,0,0,0,123.63999999999999,180.0,6,,. Right now I'm finishing my MD and MBA at the Geisel School of Medicine and the Tuck School of Business at Dartmouth. And I'm awaiting to begin my internship at Washington Univ...
business,Wayne_on_Wednesday_3,6,over_info,0,95.54,0.7177568134171679,2,0,4,0,0,0,107.04000000000002,180.0,6,,"quite normal for a recession. Sometimes it's 20%, sometimes it's 30%, that somewhere between 15 and 25% of the valuation of the stock market has been permanently wiped out. But..."
business,We_Are_All_Champions,2,over_info,5,61.64,,0,0,0,0,0,1,0.0,0.0,0,,"to Day Drinking by Business Suburban. If you enjoyed our show, you can support it by rating us 5 stars and reviewing on Apple or your favorite podcast platform. Hey, I'd also li..."
business,We_dont_want_to_go_back_to_normal,16,over_info,5,76.08,0.0,0,0,1,0,0,1,0.0,180.0,2,,", definitely. And we haven't even talked about the fact that this whole pandemic has completely shaken what's, you know, the economy and also is, you know, we're hurtling toward..."
business,We_dont_want_to_go_back_to_normal,18,over_info,5,58.93,2.055372903225816,0,0,3,0,0,1,0.0,180.0,3,,", you're actually, I was rethinking about all of this and what you just said, has made me feel like physically stressed again. Sorry. But that actually, yeah, I, so I don't qual..."
business,WealthTech_Powerhouse_Addepar__CRO_David_Lessing_On_Their_Platform_Technology,15,over_info,5,109.38041753815168,9.883937562940673,2,0,2,0,0,0,96.80393756294075,180.0,4,,a good question. I've seen this question asked of other people as CEOs or CROs and they usually have some interesting metrics they focus on that is counterintuitive . I'm going...
business,Weighing_In_On_The_Stock_Market_2020,35,over_info,5,61.01468207171314,1.1240127490038958,2,1,3,0,0,0,50.39769695953032,94.34401274900415,7,Stonewalling / Non-Response,". The good thing about Tanya, a shout out to my sister, Tanya Titru, who was on the show, who was a guest a couple of weeks ago, is that she's, you know, revolved and reinvented..."
business,Wendy_Zhang___Ernst___Young,28,over_info,5,76.19,1.6900000000000546,2,0,2,0,0,0,150.78807912844036,180.0,4,,"- I think probably the most important skill other than kind of the research, writing, analytical ability is I guess that stakeholder management and general social skills that I..."
business,What_Are_Some_Unique_Ways_for_Finding_New_Agency_Clients,3,over_info,5,71.51,0.32999999999995566,2,0,2,0,0,0,97.40999999999994,136.36000000000004,5,Stonewalling / Non-Response,"biggest in the country now after all of these years. And I'm thinking, ""Hey, we could have done the same thing."" SEO agencies, same thing. I mean, now they're not as maybe as in..."
business,What_Can_You_Expect_From_Hartmans_Functional_Foods___Beverages_and_Supplements_2020_Report,13,over_info,5,64.36,0.0,2,0,2,0,0,0,60.72000000000003,180.0,4,,"- Sure. I mean, I think we know from the marketplace that supplements are more traditionally and transparently functional because you can see just from browsing and from the his..."
business,What_Did_Satoshi_Get_Wrong_About_Banking__Journalist_Ken_Kurson_Talks_Human_Psychology,8,over_info,5,55.15,32.78750975800165,1,0,1,0,0,0,131.1500000000001,180.0,2,,"right. You're right. And I think I would go further to say that in the absence of an institution, you'll have the second best institutions become institutions. It's almost like..."
business,What_I_ve_Learned_from_50_Podcast_Episodes,14,over_info,5,55.1,0.6100000000000136,1,0,2,0,0,0,0.6100000000000136,180.0,3,,"remember being a lot of people who are like, good luck. Like anybody in the podcast industry was just kind of like, you know, like it takes time, like don't get discouraged. And..."
business,What_I_ve_Learned_from_50_Podcast_Episodes,17,over_info,5,60.72,24.275670119149595,0,0,2,0,0,1,0.0,180.0,2,,I remember sitting there as we were counting the countries as well that our podcasts were starting to be listened into. And I remember watching you sit there. And for any of you...
business,What_Makes_a_Great_Customer_Experience,13,over_info,5,81.34,0.0,0,0,3,0,1,1,0.0,180.0,5,Topic Shift,", you know, I'm going to give you a scenario. So I have a client that I and I love to tell the story. I have a client that went in the construction industry when we first starte..."
business,What_Really_Happened__with_Andrew_Jenks__Hey_Failure__Screw_You,24,over_info,5,56.67999999999999,0.35999999999989996,2,0,5,0,0,0,164.38,180.0,7,,"Right? As I got excited for NASA, how do you not root for this guy? I started to realize this story may not end well. The migrant kitchen only started in October. And then, coro..."
business,What_To_Grow_With_Nationwide_Protein_Shortages,9,over_info,5,58.67,0.5699999999999932,0,0,1,0,0,1,0.0,180.0,2,,">> And a great point, Michelle, in another way that we complement one another, you also in addition to your economics training, just mentioned your plant science. I mean, your a..."
business,What_To_Grow_With_Nationwide_Protein_Shortages,11,over_info,5,84.88,0.6199999999999477,0,0,1,0,0,1,0.0,180.0,2,,">> That I enjoy your insights on topics like this, Michelle. Now I'm on the opposing side of it as you're talking about the grapefruit rinds. I'm thinking, well, as we learn mor..."
business,What_To_Grow_With_Nationwide_Protein_Shortages,26,over_info,5,123.06999999999998,18.752303664921328,0,0,2,0,1,1,0.0,180.0,3,Topic Shift,Absolutely. And this is a conversation I have a lot that Americans are very comfortable going to the grocery store and knowing that the product that they get will be safe and pr...
business,What_is_Viewer_Satisfaction,38,over_info,5,58.04,10.553120533587162,0,2,4,0,0,0,169.24,180.0,6,,"? - Yeah, well, I mean, again, this is me looking at the ecosystem, right? It's sort of like, okay, well, first two months of COVID lockdown theaters were sort of like, yeah, le..."
business,What_is_Viewer_Satisfaction,60,over_info,5,63.1,1.2563128491619864,0,0,4,0,0,1,0.0,122.01000000000022,6,Stonewalling / Non-Response,"you know, the problem right now is that everybody always compares the numbers that are happening right now, right? They don't point to the eight years, it's taking him to be her..."
business,What_s_The_Future_Of_Stamps.com__NASDAQ__STMP__Part_1___Value_Investor_Chatter____101,30,over_info,5,94.41,0.43000000000029104,1,0,2,0,0,0,130.1900000000005,180.0,3,,"Yeah, it makes a lot of sense. I just want to kind of highlight a couple of things that you've brought up or summarize, which is that one, you have these full end to end platfor..."
business,What_to_Focus_on_in_a_Recession_with_Brad_Morrison,29,over_info,5,70.46,0.6099999999996726,0,0,1,0,0,1,0.0,180.0,2,,". My mom's like, go to JCPenney and I'm like, what do you mean? Like, they've been closed for years. But, you know, what could someplace like that do to help ease the pain? Nobo..."
business,Where_Artificial_Intelligence_and_ethics_meet,55,over_info,5,61.39,23.052991452991137,0,0,1,0,0,1,0.0,100.15999999999985,2,Stonewalling / Non-Response,"look, don't waste your time talking about AI ethics principles, like a lot of companies do. This is not a theoretical issue. It's a hard-nosed practical issue. How do we not scr..."
business,Where_do_we_go_from_here_with_the_economy_during_COVID-19_pandemic____95.3_WFRK_South_Carolina___5_21_20,3,over_info,4,157.71,0.4099999999999113,1,0,1,0,0,0,0.4099999999999113,180.0,2,,"comment on what you just said, because you're right, who in the world would have predicted this? We went into 2000 knowing that we had an interesting year. This is obviously an..."
business,Who_s_on_line_1__Ill_Rel___PREMIUM_DRIP,10,over_info,5,59.99,10.591179313678083,0,1,1,0,0,0,43.31,47.44999999999999,3,Stonewalling / Non-Response,"me. - Man, that's big right there, bro. Especially what you just said, you gotta keep grounding, you gotta keep hustling. A lot of entrepreneurs that I know and I know that you..."
business,Why_AI_needs_to_develop_ethical_and_legal_standards_before_being_unleashed__ft._David_Toman,5,over_info,5,77.18,0.0,0,0,3,0,0,1,0.0,180.0,3,,"one of a series of technologies that come through. And again, it's used as a cover-all. At the moment, what's current state of affairs we have is AI is relatively dumb. It is re..."
business,Why_Are_Markets___the_Economy_Sending_Conflicting_Signals,1,over_info,5,74.61,13.85716044844699,0,0,3,0,0,1,0.0,180.0,3,,"forward? - I think for the month ago, and I'm glad you let me branch out beyond just Bon Jovi or Bruce. I think I would have been running out of song titles pretty quickly, but..."
business,Why_Are_Markets___the_Economy_Sending_Conflicting_Signals,3,over_info,5,52.41,0.0,0,0,1,0,0,1,0.0,180.0,1,,". - Absolutely. I mean, I think in looking at both of our song titles, there's both have this kind of push pull, this element of good news and bad news along The Morning Road, o..."
business,Why_Are_So_Many_Essential_Breadwinners_So_Underpaid,16,over_info,5,76.81,0.0,0,0,0,0,0,1,0.0,0.34000000000003183,1,Stonewalling / Non-Response,". One of the things we looked at the weird rock in a hard place of doing the best companies for hourly workers was talking about benefits and public benefits. And this is, this..."
business,Why_Copywriting_Will_Explode_Your_Business,45,over_info,5,62.64,1.7300000000000182,1,1,4,0,0,0,82.66000000000008,180.0,7,,help them. I would I would say to look at copy that's converting well really well and it's not to ethically of course to copy them or like see how like how they you're not copyi...
business,Why_Cyberthreats_Tied_to_COVID-19_Could_Hit_Diverse_Targets,7,over_info,5,54.61000000000001,0.7800000000000864,1,0,1,0,0,0,0.7800000000000864,180.0,2,,"'s many. And it's difficult to say exactly for, you know, what the bad actors or cyber attackers are after. But if one is to consider specific motives that may be approached in..."
business,Why_Do_You_Have_No_Right_Not_To_Sell_Now,18,over_info,0,82.43,0.0,0,0,2,0,0,1,0.0,180.0,2,,"that. Another thing that people can do is, if you're operating in a particular sector, at the end of each quarter, all the publicly listed companies have analyst calls, and it's..."
business,Why_Do_You_Have_No_Right_Not_To_Sell_Now,29,over_info,0,160.47305562392322,1.4606836081711663,1,0,2,0,0,0,90.40068360817122,180.0,3,,"Yeah, no, I agree, and we think of one of our tools like the search model, which is a way to really define the ideal salesperson, and just for those that aren't familiar, the S..."
business,Why_Do_You_Have_No_Right_Not_To_Sell_Now,32,over_info,0,191.86,0.0,2,0,2,0,0,0,95.66000000000031,180.0,4,,"Well, again, to take my slightly unpleasant model further, there is something called prices law, which is basically 80/20, the top and bottom 20%. So prices law states that 50%..."
business,Why_Do_You_Have_No_Right_Not_To_Sell_Now,36,over_info,0,180.58,4.547473508864641e-13,1,0,1,0,0,0,173.61000000000058,180.0,2,,"Well, I think that channel management is an area that absolutely needs to be invested in. What passes for averaging sales is for what passes for counting for averaging channel m..."
business,Why_KPIs_Dont_Work_._._._and_What_Does,19,over_info,0,85.7,0.75,1,0,1,0,0,0,0.75,113.86031662269124,2,,I don't know exactly. And that's because I don't think that we were able to make it work while we were in the agency. I think that you can't look at the product as a side hustle...
business,Why_Protecting_your_Most_Valuable_Asset_is_the_Quickest_Way_to_Financial_Security,10,over_info,5,63.03388144176346,2.566324098897894,0,0,0,0,0,1,0.0,3.746324098897844,1,Stonewalling / Non-Response,"Exactly. You know what? Like I've told our listeners before, there's a there's a flood coming. Okay? So we're going to get into is we're going to talk about what are the main th..."
business,Why_Protecting_your_Most_Valuable_Asset_is_the_Quickest_Way_to_Financial_Security,20,over_info,5,98.59,0.0,0,0,1,0,0,1,0.0,180.0,1,,"100%, 100%. So I'm going to leave you guys with this idea over here, okay? Say for example, you're in the job market, all right? You're looking for a job, whatever career it is..."
business,Why_The_Subscription_Market_Has_Much_Shifting_In_Its_Future,5,over_info,5,78.02,0.0,1,0,1,0,1,0,0.001,166.36,3,Topic Shift,"? And some of the other things that we see subscription businesses looking into are things like providing more flexible plan links, providing different ways to pay. These are al..."
business,Why_Timing_the_Market_is_Essential_in_this_Environment,2,over_info,5,52.92,,0,0,0,0,0,1,0.0,0.0,0,,"Thanks for listening. This podcast is brought to you by Wealth Within, a global leader in stock market education. For more information on our courses or to listen to more Talkin..."
business,Why_is_SEO_Important_for_Publishers__more_than_ever__in_2020,13,over_info,5,95.86,0.0,0,0,0,0,0,1,0.0,0.4500000000000455,1,Stonewalling / Non-Response,". Yeah. So, um, AMP SEO. So I'll say this. If you, if you build a website, if you're starting from, let's say, ground zero, right? Obviously this will kind of change if you alre..."
business,Why_there_has_never_been_a_better_time_to_advertise_-_Kate_Waters__ITV,25,over_info,5,59.9,1.1400000000001,0,0,3,0,0,1,0.0,180.0,4,,", on this, my team is doing some work on this question at the moment, because we're getting asked it by people all over the place. And so it is really interesting, for what it's..."
business,Will_Europe_Ever_Outperform_the_US,24,over_info,5,93.71000000000001,0.35999999999989996,0,0,3,0,0,1,0.0,180.0,4,Stonewalling / Non-Response,"Yeah, I mean, I remember reading that the fastest any vaccines ever start from start to actually producing the vaccine and giving it to people was four years. Most of these vacc..."
business,Will_Holden__Humanitarian_Procurement,22,over_info,5,108.27,0.0,2,0,2,0,0,0,54.304076986755035,151.47000000000003,5,Stonewalling / Non-Response,"for people as those who have commercial procurement experience and expertise, it's definitely a choice. The only thing I will say is not an easy choice for many reasons. Like a..."
business,Will_Holden__Humanitarian_Procurement,26,over_info,5,64.14,0.0,0,0,0,0,0,1,0.0,10.8900000000001,1,Stonewalling / Non-Response,"Okay, so for an order for a procurement expert in Ireland, for example, who wants to work in this field, as I said before, they really need to do some voluntary work. You have t..."
business,William_Rhind_Talks_Growing_vs_Faltering_Companies_-Technology_Disruption_Adoption_-_Value_vs_Growth_-Interest_Rates_and_More,13,over_info,5,60.82,0.0,1,0,2,0,0,0,0.001,180.0,3,,", exactly. But I think, again, it goes to the sort of the mindset. What we're talking about here is a mindset change. And the current mindset would be, well, is pet.com a buyer..."
business,Without_a_Brand__it_s_a_Commodity,48,under_info,10,9.170503326583741,15.828883424935157,0,0,1,0,0,1,0.0,55.18430748805167,2,,". - I love that you said that, 'cause I think we've all been there where we like sign up for things and we want to feel like, how we're making progress, we're learning, we're ga..."
business,Women_in_Economics__Kathleen_Navin,13,over_info,5,55.470000000000006,0.0,3,0,4,0,0,0,168.06,180.0,8,,"Yes. As I mentioned earlier, when I was in school, I really considered doing a PhD in economics. That's why I pursued the degrees that I did with the additional master's so that..."
business,Women_in_Economics__Kathleen_Navin,15,over_info,5,61.71,0.0,2,0,3,0,0,0,91.03000000000009,180.0,7,,"? Yes. So the very interesting part about my position is that I do use a lot of the coursework that I learned in school. So sometimes you'll hear maybe a position, maybe it's th..."
business,Wonder_Women_in_Business_Ally__David_Ackert,17,over_info,5,75.18,24.54530960387092,0,0,1,0,0,1,0.0,180.0,2,,"think, you know, the pain point that we're primarily focused on is just that people want to grow their practices, their businesses and they usually don't find the time to be abl..."
business,Word_of_the_day_DICHOTOMY___TOPIC_its_meaning,9,over_info,5,56.17,0.0,1,0,1,0,0,0,0.001,180.0,2,,"go. So that's our word of the day from street building their mentor. And what do we want to discuss today? To be honest with you, I selected that word dichotomy because it's mea..."
business,Working_from_Home__Navigating_the_Pandemics_New_Normal,5,over_info,4,99.59999999999998,0.0,2,0,1,0,0,0,145.92,180.0,3,,". Absolutely. I think that this has been really a jumpstart, if you will, to work from home. This has been work from home has been around for a really long time. There's a lot o..."
business,YYC13._Terry_Sydoryk__CEO_Chaordix,3,over_info,5,70.02,0.839999999999975,0,0,0,0,1,1,0.0,4.660000000000025,1,Topic Shift,"? You know, it's something that I was trying to recall and I've had this conversation over the years. What was this, you know, the turning point that led me to look at early sta..."
business,YYC6._Larry_Mathieson__CEO_Kirby_Centre,5,over_info,5,60.029999999999994,0.0,2,0,2,0,0,0,80.61999999999998,180.0,4,,with as I mentioned with autistic children and after I graduated I started to work Full-time with autistic children and then I moved over to work for How homes who at the time w...
business,YYC6._Larry_Mathieson__CEO_Kirby_Centre,27,over_info,5,77.84,13.373948241539438,0,0,0,0,1,1,0.0,28.49417385534184,1,Topic Shift,"know, I I am I'm kind of a or I've become I suppose a big social give them and I have through most of my career I've worked with families or with children or organizations that..."
business,YYC6._Larry_Mathieson__CEO_Kirby_Centre,41,over_info,4,56.67999999999999,2.2800000000002,0,0,1,0,0,1,0.0,56.57999999999993,5,Stonewalling / Non-Response,"Well, you know Again at this at this point in my career are very purposefully move from organizations that serve kids and support support families to seniors because I really I..."
business,YouTube_Strategy_and_Live_Streaming_Events_with_Dan_Currier,15,over_info,5,61.75,0.4199999999998454,0,0,2,0,0,1,0.0,180.0,3,,live? - I have definitely seen people who believe that having a long live stream that has a relatively short average view duration or a small percentage do believe that it will...
business,YouTube_Strategy_and_Live_Streaming_Events_with_Dan_Currier,17,over_info,5,71.77,19.922870116944523,0,0,2,0,0,1,0.0,180.0,2,,- Here's what I can tell you. I've certainly had more than my fair share of videos that have absolutely bombed and I've never removed any of them from my channel. So depending o...
business,You_Deserve_a_Break__A_Conversation_with_Kasey_Mathews,3,over_info,5,55.43,16.46956049075942,0,0,1,0,0,1,0.0,180.0,3,,"'re actually doing pretty well. At this point, I have a 19-year-old and a 21-year-old, so it's tough on them because that's the age where their wings are spread and they're read..."
business,You_Have_No_Idea___Sherry_Freeman__pt_3__Director_of_Business_Development__Greater_Green_Bay_YMCA,19,over_info,5,55.39,10.374790326730135,0,0,2,0,0,1,0.0,180.0,3,,", I really am. If this is not my quote and I won't even say it. The quote, right? I'm just going to give the gist of it. But I really am a huge believer in this whole concept of..."
business,You_have_an_Idea._Now_What,23,over_info,5,55.48,26.542931710047696,0,0,1,0,0,1,0.0,120.10141925084417,1,,", what's really interesting about it though, is that really I'm not a corporate guy. Like I know that now, I mean, going like 30, 30 years later or her 25, but how will I love i..."
business,You_have_an_Idea._Now_What,84,over_info,5,70.21,9.243514749960923,0,0,2,0,0,1,0.0,180.0,3,,"Yeah, I think that's a great idea. Also, I'm trying to think too. And just in terms of, you know, next steps, obviously this last question here is, you know, where are we going..."
business,Young_Accountant_Turned_Real_Estate_Investor_and_YouTuber_w__Matt_Mckeever_EP5,17,over_info,0,88.02,0.0,1,0,2,0,0,0,0.001,180.0,3,,So I've got a handful of different businesses all involved in real estate investing. I've one set of corporations that just focus on my buying old multi families. And so in that...
business,Your_Marketing_Department__Interview_with_Entrepreneur_Elle_Monus,15,over_info,5,60.92,0.39999999999997726,2,0,2,0,0,0,89.66999999999996,180.0,4,,Everybody tells you that it's hard having your own business and being an entrepreneur and I 1000% agree with that it is very hard. You know I've operated and managed businesses...
business,aishwarya_iyer___brightland,55,over_info,5,65.61,8.663459677419269,2,0,2,0,0,0,116.67733643307884,180.0,4,,"'s it. It's that and it's, I don't know, good things take a long time. Like you just, I don't think you can trick the market and you can't trick people and you can't trick yours..."
business,aishwarya_iyer___brightland,75,over_info,5,63.32,0.2800000000002001,1,0,1,0,0,0,0.2800000000002001,6.079999999999927,3,Stonewalling / Non-Response,", I think just generally, I think one thing that I think about a lot and like to share is that I think it's important to remember that it's a big world out there, even though. L..."
business,ep_15_-_Life_Disrupted__Sharing_the_gift_of_PEACE_-_Kim_Andrews,31,under_info,10,3.049184210526316,3.042934210526255,1,0,1,0,0,0,3.042934210526255,90.45704732106606,3,,"we make. And whatever it is you're asking for, it is at your fingertips . And we just have to look for it. We have to be open to it. And if we're open, it'll show"
business,mallowstreet_talks_with_Celene_Lee_at_Buck_Consultants,29,over_info,5,103.63,0.9400000000000546,1,0,1,0,0,0,0.9400000000000546,180.0,2,,"think the industry as a whole, probably not so much about COVID, the industry as a whole, I think, in the press anyway, I think often pensions, when we talk about pensions, the..."
commentary,10_at_10_with_EHP_-_Mike_Pence_Ep._1_2,2,over_info,4,162.67,0.0,1,0,3,0,0,0,0.001,120.85000000000002,5,Stonewalling / Non-Response,"Thank you for listening to another episode of the Ear Hustle and Podcast. We want to thank our listeners for each and every time that you hit play on one of your podcasts, platf..."
commentary,11_IVANA_KARASKOVA__17_1_China-CEE_Cooperation_-_Vehicle_of_Influence__Empty_Shell__or_Multifaceted_Network_2,13,over_info,0,78.10786474937258,34.928552533405764,1,0,1,0,0,0,34.928552533405764,180.0,2,,I wouldn't draw this distinction between old and new member states here. I think that China benefits from various factories. And one is the lack of understanding of it. And this...
commentary,A_Conversation_with_CASBO_President_Jamie_Dial__Why_School_Business_Leaders_Are_More_Vital_Than_Ever,40,over_info,4,50.150000000000006,0.5094723618092303,0,0,0,0,1,1,0.0,3.9861055276383013,1,Topic Shift,? It's all about the professional development. It's unlike any other industry I've ever seen with the amount of knowledge that is shared amongst one another. The professional de...
commentary,A_University_of_Michigan_Regent_Speaks_About_Social_Change_and_Why_Jim_Harbaugh_Has_Got_It_Right_2,5,over_info,3,95.36291037014378,35.882861425512374,1,0,2,1,0,0,139.63286142551237,180.0,4,,"? - So Michigan is one of a few states where the regions are publicly elected. So you're on the ballot in November, along with the governor and the senator and people in Congres..."
commentary,As_Rains_Begin__Crisis_Looms_over_the_Nile_Dam,10,over_info,0,43.16,0.0,1,0,2,0,0,0,145.96000000000004,180.0,3,,". Now before we dive back into some of the outstanding disputes, many of which we talked about in March, we can sort of update that. More generally speaking, because we're sort..."
commentary,As_Rains_Begin__Crisis_Looms_over_the_Nile_Dam_2,10,over_info,0,43.16,0.0,1,0,2,0,0,0,145.96000000000004,180.0,3,,". Now before we dive back into some of the outstanding disputes, many of which we talked about in March, we can sort of update that. More generally speaking, because we're sort..."
commentary,Businesses_Sue_Seattle__Anti-Trump_Plot_Unfolds__Cultural_Anarchy,4,over_info,4,70.50905964116022,41.82728052545016,0,2,3,0,0,0,169.35826962626763,180.0,5,,"a case. I mean, even if it's for, you know, dereliction of duty or non-performance of services, they are paying for safe streets. That is something that we pay for. And they hav..."
commentary,Coronavirus_Impact_on_Amazon___Political_Crisis_in_Brazil_2,5,over_info,4,147.75,0.0,1,0,1,0,1,0,0.001,92.59999999999997,3,Topic Shift,", absolutely. And I think it's also important to say, like as you say, it's twofold, it's Amazon communities and Amazon tribes and then obviously it's deforestation and land gra..."
commentary,Doja_cat_cancelled...really_2,25,over_info,0,386.25999999999993,0.15999999999985448,0,2,4,0,0,0,99.94000000000005,111.71000000000004,7,Stonewalling / Non-Response,". I am on topic. I'm just being funny. But yeah, I'm pretty much on topic. I'm not about to talk about this bitch in 30 minutes. I got me gas. If she don't want to be black, no..."
commentary,EP_7._I_Was_Baroness__Biggest_Fan,62,under_info,10,1.12,9.243129021334312,1,2,5,0,0,0,85.5,86.33000000000004,8,,No shit
commentary,Ep_14_-_Michael_Mish,19,over_info,4,48.93773554537576,16.18333539680566,0,0,0,0,0,1,0.0,17.383335396805705,1,Stonewalling / Non-Response,". Yes, yes. So forbearance is, you know, in its basic terms, it's, it's, you know, allowing you to skip mortgage payments in just what your average consumer would look at it as...."
commentary,Ep_192___Jon_Stewart_Says_White_People_Are_FAILING_the_Country,21,under_info,8,3.9380402605091773,21.237815303063996,1,2,1,0,0,0,69.04654719982403,78.98989342806391,5,Stonewalling / Non-Response,Yeah. I would like to see some social science data. Let 's survey some white Americans and see if they would like to take Chris Rock's place or not. Right? I think the overwhelm...
commentary,Ep_192___Jon_Stewart_Says_White_People_Are_FAILING_the_Country_2,21,under_info,8,3.9380402605091773,21.237815303063996,1,2,1,0,0,0,69.04654719982403,78.98989342806391,5,Stonewalling / Non-Response,Yeah. I would like to see some social science data. Let 's survey some white Americans and see if they would like to take Chris Rock's place or not. Right? I think the overwhelm...
commentary,Ep_192___Jon_Stewart_Says_White_People_Are_FAILING_the_Country_2,49,under_info,8,2.35,0.6299999999998818,0,0,1,0,0,1,0.0,7.579999999999927,2,Stonewalling / Non-Response,'s no place for the white man in this world anymore. I don't know what to say.
commentary,Episode_41__Ashton_Nichols,5,over_info,0,44.36,0.0,2,0,2,0,0,0,136.39999999999995,180.0,4,,"We've been editing in Google Docs a lot, which has been also nice because I've been able to go and watch as my boss has been editing, which is a little scary at first. And when..."
commentary,How_to_Get_Started_As_a_New_Real_Estate_Agent-_Showing_expertise_from_a__96_million_a_year_producer,116,under_info,10,6.68,2.088935721812504,3,0,1,0,1,0,14.5,35.2691391509436,5,Topic Shift,"that when you have a lead that you're talking to, you can say, I've been in that"
commentary,How_will_India-China_relations_progress_after_the_Galwan_Valley_incident,16,over_info,4,45.1,0.0,1,0,2,1,0,0,78.90000000000009,180.0,4,,"Another point that I often see made is that they have cited the abbreviation of Article 370 last year, though of course soon after a decision, external affairs minister, Jai Sha..."
commentary,Humans_of_COVID-19__JASA,7,over_info,0,78.9,0.38999999999998636,3,0,3,0,0,0,168.14111111111117,180.0,6,,"Yes. I think a lot of people are concerned. You know, this has been something that feels like really kind of ramped up quite quickly, you know, a week ago. I think we were kind..."
commentary,Infectious_Disease_Expert_Talks_About_Return_To_Play_For_College_Athletes,19,over_info,4,60.88999999999999,2.2737367544323206e-13,0,0,2,0,0,1,0.0,180.0,2,,"I mean, I think you need to, the first thing is you need to make sure that you have tests available. And we are increasing testing capacity in the country. We are increasing the..."
commentary,Patrick_Wood_countering_Big_Tech_Social_Media_Censorship__ep_5-23_2020_2,25,under_info,8,3.984317596566523,5.297302342778039,0,0,1,0,1,1,0.0,102.39286695278975,3,Topic Shift,"certainly know how to destroy anything. Yes. They're a pure technocrat through and through and they know they understand social engineering. Right. Far , far about it. Americans..."
commentary,Promocast,1,over_info,0,53.58316138678629,27.320778431922292,0,0,1,0,0,1,0.0,69.82077843192229,1,,ING] [MUSIC PLAYING] [MUSIC PLAYING] [MUSIC PLAYING] [MUSIC PLAYING] [MUSIC PLAYING] [MUSIC PLAYING] [MUSIC PLAYING] [MUSIC PLAYING] [MUSIC PLAYING] [MUSIC PLAYING] [MUSIC PLAYI...
commentary,Promocast_2,1,over_info,0,53.58316138678629,27.320778431922292,0,0,1,0,0,1,0.0,69.82077843192229,1,,ING] [MUSIC PLAYING] [MUSIC PLAYING] [MUSIC PLAYING] [MUSIC PLAYING] [MUSIC PLAYING] [MUSIC PLAYING] [MUSIC PLAYING] [MUSIC PLAYING] [MUSIC PLAYING] [MUSIC PLAYING] [MUSIC PLAYI...
commentary,Radical_Sex_Ed_Cancelled,5,over_info,0,73.98614595365903,37.15795202826655,1,0,1,0,0,0,128.41795202826654,180.0,3,,". - It's challenging, I think, for, you know, for parents and adults to talk with kids about some of these issues. And so that may be one reason why some folks that we disagree..."
commentary,S1E3__Special_interview_with_NTUC_secretary-general_Ng_Chee_Meng__The_Big_Story_Podcast,5,over_info,4,83.01905373620409,46.44673165488939,0,0,0,0,0,1,0.0,46.44673165488939,0,,"a combination of both. I mean, the try and tested approach where we have strong networks on the ground with employers, with government and with government agencies. Well, we are..."
commentary,Saving_Lives_on_the_Sidewalk_2,9,over_info,4,48.405227997448975,112.53447501723713,0,0,0,0,0,1,0.0,112.53447501723713,0,,". So Abby, of course, used to work at the Planned Parenthood and Bryan College Station. We were blessed enough to have a full time year-round organization called, also called th..."
commentary,Seattle_residents__businesses_in_CHOP_file_class-action_lawsuit_against_city,5,under_info,8,6.346251319957761,8.812544878563891,0,0,0,0,1,1,0.0,9.89254487856389,1,Topic Shift,. You know our numbers went down. I did two shows solo in a row and the numbers went down as a result. You're not allowed to leave again. If anything. You should just be nice. I...
commentary,Seattle_residents__businesses_in_CHOP_file_class-action_lawsuit_against_city_2,5,under_info,8,6.346251319957761,8.812544878563891,0,0,0,0,1,1,0.0,9.89254487856389,1,Topic Shift,. You know our numbers went down. I did two shows solo in a row and the numbers went down as a result. You're not allowed to leave again. If anything. You should just be nice. I...
commentary,Shekinah_Ruth___I_discuss_Candace_Owens_controversy__BLM__riots____more,61,over_info,0,49.34278676604254,35.668267395269595,0,1,0,0,0,0,35.668267395269595,49.892706780585286,2,Stonewalling / Non-Response,Voter ID is just common sense to me. I couldn't understand why any law would disagree with that. If it's a funding issue where you feel like low income people might not be able...
commentary,Televisionation__MNI_Targeted_Mediaas_Matt_Fanelli,17,over_info,0,96.33,0.0,0,0,4,0,0,1,0.0,180.0,4,,"law? Yeah. So, you know, it's, it's really interesting. And when we look at just the research in general from a penetration standpoint, the number of viewing hours, the ad spend..."
commentary,Televisionation__MNI_Targeted_Mediaas_Matt_Fanelli,21,over_info,0,133.36,2.765283762850345,2,2,4,0,0,0,101.31999999999982,180.0,8,,"Right. I think into your point on that, the third part of this trifecta is the number of connected devices in the household. Average American household has 13 connected devices...."
commentary,The_Barriers_to_Reform_4,7,over_info,4,75.09,0.0,1,0,3,0,0,0,0.001,180.0,4,,">> One of the barriers, well, let's not say one of the barriers, let's say 18,000 of the barriers. So there are 18,000 different police departments in the United States, and the..."
commentary,Watch_our_live_interview_with_Railroad_Commissioner_Christi_Craddick_about_the_coronavirus__Texas_oil_prices_and_the_economy_2,27,over_info,3,71.87259862194291,35.93962589720422,2,0,2,0,0,0,117.19948739304891,180.0,4,,"Yeah, look, I've known Scott for a long time and I'm always respectful of the information he gives us. He's one of the first, he's one of their companies, one of the first peopl..."
commentary,We_re_Back__Episode_One_2,17,under_info,10,5.19,1.1684414874225695,1,0,2,0,0,0,171.79999999999995,180.0,4,,reasonable within the boundaries of those very institutional arrangements I think
commentary,Whew_Chile_the_Grad_Depression_2,42,under_info,10,1.16,1.170000000000016,0,1,0,0,0,0,1.170000000000016,8.579999999999984,2,Stonewalling / Non-Response,don't lie. But people do because
commentary,William_McNulty_-_Veterans_with_a_New_Mission,25,over_info,0,70.74285004965243,12.327449520026335,0,0,0,0,0,1,0.0,13.130081098973733,1,Stonewalling / Non-Response,"Right. Well, Clay is an amazing story and he was an amazing man. And he, Clay was a Marine Corps scotter sniper and he didn't join us on the initial eight man team that crossed..."
commentary,William_McNulty_-_Veterans_with_a_New_Mission_4,25,over_info,0,70.74285004965243,12.327449520026335,0,0,0,0,0,1,0.0,13.130081098973733,1,Stonewalling / Non-Response,"Right. Well, Clay is an amazing story and he was an amazing man. And he, Clay was a Marine Corps scotter sniper and he didn't join us on the initial eight man team that crossed..."
commentary,Zainab_Salbi__Raising_Loud_Peaceful_Voices_Against_Injustice,21,over_info,0,137.7072084094208,39.23080161071357,0,0,1,0,0,1,0.0,180.0,1,,"it was a it ended up being very severe case of Lyme disease, but I find myself in the hospital struggling for my breath. And when the breath when they gave me oxygen and I was l..."
commentary,Zainab_Salbi__Raising_Loud_Peaceful_Voices_Against_Injustice_2,17,over_info,0,184.21,0.0,2,0,2,0,0,0,23.789999999999964,180.0,4,,"Very good question. I think we need to make this century the feminine century. What is a stake if we do not make it the feminine century is our own survivor as human species, in..."
news,Gun_Gripes__246___Greg_Anderson___Tyranny_During_Coronavirus,2,over_info,0,100.25,0.8299999999999841,0,0,2,0,0,1,0.0,38.369999999999976,3,Stonewalling / Non-Response,has brought heat onto the law enforcement agency specifically at the politician slash chief slash let's just say leadership level because here you have this officer who many peo...
news,Transportation_in_the_inverse_Olympics_with_Dale_Bracewell,23,over_info,4,48.68,1.1099999999999,0,0,0,0,1,1,0.0,2.4099999999998545,1,Topic Shift,That's a great question. I mean what we what we do is residents of Vancouver are you know happy they're in healthier and excited that they had all the opportunities to choose yo...
political,42106,13,over_info,0,221.20800000000008,1.1159999999999854,1,0,1,0,1,0,1.1159999999999854,94.03999999999996,3,Topic Shift,"Well, the one thing that Jesuits are among many things they taught me, a couple of good lessons. One is the lesson of humility, understanding what you don't know, and also the l..."
political,42131,7,over_info,0,236.36200000000008,2.375,0,0,0,0,1,1,0.0,168.8359999999999,1,Topic Shift,"You know, one of the problems is between the left and the right, the left has always understood the power of ideas. They embrace the power of ideas. The right does not. If you l..."
political,42132,21,over_info,0,208.3380000000002,0.15999999999985448,0,0,0,0,0,1,0.0,21.347999999999956,3,Stonewalling / Non-Response,"just simply, number one, I'm as troubled about every one of those developments. I was in the state of Virginia about a week before their governor's election with an education fr..."
political,42133,7,over_info,0,125.96600000000001,0.22000000000002728,1,1,1,0,0,0,167.66900000000004,180.0,3,,"The attack on your liberties. First amendment, second amendment, fourth amendment due process is red flag law, crazy. Someone doesn't like you. They go to the law enforcement, t..."
political,42142,5,over_info,0,273.565,1.0880000000000223,1,0,1,0,0,0,1.0880000000000223,180.0,2,,"No, there's been no shortage and obviously it's very frustrating because everything I'm dealing with, whether it's the Russia hoax to the Ukraine hoax to all the problems with t..."
political,42227,15,over_info,0,202.61400000000003,1.0599999999999454,1,0,1,0,0,0,1.0599999999999454,180.0,2,,So the good news is we have a lot of the technology now. Not all of it. We have a lot of it. We just need to marshal overwhelming generational resources to get it done. So I joi...
political,42227,19,over_info,0,168.84399999999982,0.2400000000000091,0,0,1,0,0,1,0.0,180.0,2,,"Well, the first time and only time I lost was that first race. It's a funny story. So I ran and a couple of us young Democrats ran to help out one of our friends who could actua..."
political,42227,21,over_info,0,171.60400000000004,0.4199999999998454,0,0,0,1,1,1,0.0,20.902999999999793,3,Topic Shift,"So we as Hispanics have courage to lead, right? I see a lot of immigrant communities throughout Central Florida and throughout the nation where folks are less inclined to step u..."
political,42622,5,over_info,5,133.272,0.6329999999999814,2,0,1,0,0,0,163.81900000000002,180.0,3,,"Well, you know, you said we're going to start with COVID and I'm on the committee that has oversight for the HHS has oversight for the CDC and all the FDA and all the other agen..."
political,42622,13,over_info,0,170.3130000000001,0.6959999999999127,1,0,1,0,1,0,0.6959999999999127,180.0,3,Topic Shift,"Well, as you know, the Attorney General is the chief law enforcement officer of the Commonwealth. So I'm a legislator. All executive authority is in the executive branch. And so..."
political,43153,24,over_info,5,79.86500000000001,1.1359999999999673,0,0,2,0,0,1,0.0,180.0,5,,"Well, I think that this is, you know, we were talking about polarization, and we're talking about corruption. And Our underinvestment in this country in independent public inter..."
political,43154,25,over_info,5,76.38400000000001,0.581000000000131,2,0,4,0,0,0,44.41300000000001,180.0,6,,"Well, I think it depends on who you ask. I mean, if you ask the current leaders at the top companies who may face antitrust consequences or break up, then they would say, They p..."
political,43159,7,over_info,0,149.40099999999995,0.5510000000000446,1,0,1,0,0,0,0.5510000000000446,180.0,2,,"The first thing that struck me was how fast the money people move to gain influence and access to a new member of Congress. And when I say fast, I mean before you are even sworn..."
political,43159,21,over_info,5,301.4119999999998,2.6210000000000946,1,0,1,0,0,0,2.6210000000000946,180.0,2,,"So the first thing to understand is we could feel that the demand for something overarching, broad, comprehensive, once in a generation kind of reform, that that was coming orga..."
political,43235,5,over_info,5,160.00500000000005,1.38900000000001,0,1,1,0,0,0,1.38900000000001,180.0,2,,"Well, I think conservative values traditionally, ensuring life, liberty, and the pursuit of happiness for every American citizen, really championing the personal responsibility,..."
political,43244,19,over_info,0,269.5719999999999,0.7210000000000036,1,1,0,0,0,0,71.60500000000002,180.0,2,,"Well, you know, if we go back to this Constitution that we keep talking about state elections or run at the state level, and I'm a federal representative, that being said, I hav..."
political,43701,5,over_info,4,257.49499999999995,3.3759999999999764,1,0,1,0,0,0,3.3759999999999764,180.0,2,,"We're working on that. And, you know, I'm getting my head around what the structural problems on that are. The acute problem is that COVID put just a ton of resource demands on..."
political,43991,7,over_info,0,227.44199999999995,0.8090000000000828,1,0,1,0,1,0,0.8090000000000828,125.11500000000001,3,Topic Shift,"Okay, we can probably explain it in a way that everyone from kindergarten to higher levels can understand. For about the last 100 years, water has been diverted from the Eel Riv..."
political,44129,3,over_info,5,67.62299999999999,1.4800000000000182,0,0,2,0,0,1,0.0,23.610000000000014,3,Stonewalling / Non-Response,"Well, it was a lifetime ago, as I recall. I was a college Republican in Indiana University. My very first political experience was interning for a guy that you and I both know r..."
political,44296,24,over_info,4,72.09300000000007,0.6399999999998727,1,0,2,0,0,0,119.5,180.0,3,,"I want to touch quickly on one policy development that covers retirement issues, but also brings us full circle back to health and other employee benefit issues. Some states hav..."
political,44367,17,over_info,5,84.62400000000002,2.076999999999998,2,0,2,0,0,0,42.91899999999998,180.0,4,,yeah actually uh... it's the house committee on oversight and government reform and uh... congressman uh... isa is a chairman of that uh... of that committee uh... they actually...
political,44398,22,over_info,4,103.51599999999985,2.0820000000001073,2,0,2,0,0,0,89.93100000000004,180.0,4,,"Well, for appropriations, I think we've always held that, you know, the two-year budget cap is spending caps or at least such a numbers and targets so you can move forward. We'r..."
political,44449,19,over_info,5,118.18400000000008,2.7509999999999764,2,0,2,0,0,0,82.7159999999999,180.0,4,,"Well, let's start with this. I have no doubt as one of the impeachment managers and as someone who voted successfully to impeach Donald Trump that he committed a constitutional..."
political,45082,3,over_info,3,278.963,1.7679999999999723,2,0,2,0,0,0,150.647,180.0,4,,"Well, I think there's, you know, a lot of questions to be answered. I don't think the conclusion is there yet. I've been impressed with what's happened in these few years becaus..."
political,45353,21,over_info,5,241.1099999999999,1.094000000000051,0,0,0,0,0,1,0.0,180.0,1,,"Well, I'll tell you what, I tell him what I just told all the young people that ever came up to me. Do whatever you want. You know, I know my son and I don't know where he learn..."
political,45358,23,over_info,0,142.44299999999976,1.2049999999999272,2,0,2,0,0,0,159.86200000000008,180.0,4,,"most important thing. We talked earlier about the middle class and what drives it, that small business ownership. And in Utah, there's 277,000 businesses, 99% of those are small..."
political,45362,69,over_info,5,65.92799999999988,1.0599999999999454,1,1,1,0,1,0,39.64400000000023,150.27599999999984,5,Topic Shift,I think it's an important part of this is what we're talking about the constitutional authorities and making sure that at the federal government the federal government is provid...
political,45378,3,over_info,5,135.34,0.21999999999999886,0,1,1,0,0,0,0.21999999999999886,180.0,2,,"Now, so I'll tell you exactly what happened. One of the first things that a new Congress, so we are now in the 119th Congress, and so one of the first things that a new Congress..."
political,45378,11,over_info,5,64.79100000000005,1.4189999999999827,1,0,3,0,0,0,1.4189999999999827,180.0,4,,"Yeah, absolutely. And again, that goes back to what we were talking about in Colorado. Unfortunately, state and local law enforcement have been handcuffed by state law from bein..."
political,45379,11,over_info,0,190.18900000000002,0.4199999999999591,1,0,0,0,1,0,0.4199999999999591,12.174999999999955,2,Topic Shift,"Yeah, so you're right on two counts there. First of all, you're absolutely right. We got to secure the border. We've got to fix the broken system for those legal immigrants. I t..."
political,45980,21,over_info,5,65.10099999999989,0.7599999999999909,0,0,4,0,0,1,0.0,180.0,4,,"Sam, from the theory, you do everything, but you also still have to look at the math numbers are still extraordinarily high. The amount of math that's also being captured pretty..."
political,45980,25,over_info,5,71.19000000000005,1.3410000000001219,2,0,2,0,1,0,23.519999999999982,180.0,5,Topic Shift,actually where it's getting really interesting and much more complicated. when we're getting some intelligence information saying that the Mexican cartel to be so sophisticated...
political,46419,35,over_info,5,79.96100000000001,0.5399999999999636,0,0,2,0,1,1,0.0,74.37099999999987,3,Topic Shift,"Yeah. Good luck with that. And in a couple of respects, first of all, because even though I believe the courts will do the right thing and that the right thing is to conclude th..."
political,46651,31,over_info,0,132.14800000000014,0.7730000000001382,1,0,1,0,0,0,0.7730000000001382,180.0,3,,"Well, first of all, I think we have to acknowledge that Reedy Creek and the existence of this that's been in place since the late 1960s is a very unique animal. You basically gi..."
political,46660,31,over_info,5,71.79500000000007,0.9429999999999836,0,0,1,0,0,1,0.0,119.346,3,,zetajoules. You know what a jewel is? It's the unit of measure of heat energy. A zetajoule is that with 21 zeros behind it. The entire energy production and use by the human spe...
political,46714,46,over_info,5,71.28099999999995,1.1410000000000764,1,0,3,0,1,0,49.13000000000011,152.72900000000004,5,Topic Shift,"Well, you know, I don't want to speak for, I can't speak for all my colleagues, but former colleagues, I just I think that, you know, I know people like Senator McCain and Graha..."
political,46861,5,over_info,5,66.48200000000003,1.919999999999959,2,0,2,0,0,0,82.96899999999994,180.0,5,,"Well, I think that what I, a lot of members, and when I was chairman waiting, a lot of members are very concerned about the individual provisions and how they affect their const..."
political,47127,23,over_info,0,226.49500000000012,0.1610000000000582,2,0,5,0,0,0,133.8209999999999,146.86599999999999,8,,"So it's hard work, Rob. I've watched pipeline companies blow it really badly with landowners. And they try to mail it in. You know, they hang out at the, if they get out to West..."
political,47127,35,over_info,5,73.15000000000009,1.3200000000001637,0,1,3,0,1,0,1.3200000000001637,79.23900000000003,5,Topic Shift,"Yeah, I guess we will. You know, you're right. There is a sort of a romantic notion with an idea of an independent candidate. It sounds fine on the surface, but there's a reason..."
political,47131,4,over_info,5,75.99799999999999,1.7409999999999854,0,0,1,0,0,1,0.0,180.0,2,,One thing that has kind of bothered me in everybody's talking about this is such an extreme decision from the Supreme Court and it's going to tear America apart and everything e...
political,47131,13,over_info,0,99.78199999999993,0.8350000000000364,1,1,1,0,1,0,64.74199999999996,180.0,5,Topic Shift,"No, that's exactly right. But I actually don't think it's going to be as bad as some people anticipate. While the abortion issues are highly charged issue, and particularly for..."
political,47134,21,over_info,5,195.38799999999992,0.3400000000001455,0,2,2,0,0,0,79.91800000000012,180.0,4,,"No, we definitely do and we're going to need it for the for a long time. Because when you touched on this vulnerability of our global supply chain, you didn't even mention the f..."
political,47140,9,over_info,5,80.82500000000005,0.15999999999996817,0,0,1,0,0,1,0.0,180.0,1,,"Well, interestingly, the biggest objection I heard from Republicans about the bill was that it was handing a victory to Joe Biden, as well, that's what I get up every day thinki..."
political,47140,31,over_info,5,74.88499999999999,0.3209999999999127,0,0,3,0,0,1,0.0,180.0,4,,"Well, he does have a big personality and there's no question that, but, but part of that, the legitimacy of that is that because of his, his authenticity, that is to say, becaus..."
political,47140,39,over_info,5,67.5,1.8800000000001091,0,1,0,0,1,0,1.8800000000001091,100.41900000000032,2,Topic Shift,"It's just exactly right. So these people, they have a different outcome and their outcome is wealth redistribution. And with all of these things that they're doing, whether it's..."
political,47141,13,over_info,5,67.125,1.2710000000000719,0,2,3,0,0,0,85.61500000000001,180.0,5,,"and I think one of the points of this and all of this is, you know, we, I did it. I did partisanship for, I mean, we did the Mueller investigation to impeachments. We had Michae..."
political,47144,9,over_info,0,101.84400000000005,0.31999999999993634,0,3,3,0,0,0,150.69299999999998,180.0,6,,"No, and certainly a title isn't what makes you an expert. Your education, your experience, your own personal research stuff certainly makes you an expert. And there are credenti..."
political,47144,30,over_info,5,111.02500000000009,1.0839999999998327,0,0,1,0,1,1,0.0,178.7170000000001,2,Topic Shift,"I think you're right. It's interesting because it's so much of the political rhetoric is so binary, right? Where, you know, it's wind or it's coal. And although sometimes I thin..."
political,47144,35,over_info,0,168.48300000000017,0.4600000000000364,0,1,2,0,0,0,0.4600000000000364,180.0,3,,"Right, but also then the urgency or the seriousness of having to have a commission to find out what happened on January 6th, when all of the people that would vote on a commissi..."
political,47150,2,over_info,4,134.421,1.070999999999998,0,0,2,0,0,1,0.0,180.0,3,,"There's a lot of people talking about this, and I feel like you're uniquely situated because not only are you a United States Senator, your background, you spent years on the No..."
political,47150,5,over_info,5,208.579,1.3199999999999932,0,0,3,0,0,1,0.0,180.0,3,,"Yeah. Now he, his reason for pushing wind was not only to invest heavily in a big wind investment opportunity in a state that has lots of wind and lots of land to put wind turbi..."
political,47153,27,over_info,0,211.34699999999998,2.6410000000000764,0,0,2,0,0,1,0.0,180.0,2,,"Yeah, it's a great point because I think pundits like yourself probably play as big a role as anybody. And the fact that there's not only left media and right media is a really..."
political,47161,7,over_info,5,72.50299999999993,0.12000000000000455,3,0,2,1,0,0,8.682999999999993,180.0,6,,"They're almost dying while they're hurting us, to be honest, to your point. Remember, they did try this just a few years ago, and the price of gasoline, real cheap, and the pres..."
political,47167,37,over_info,0,85.67799999999988,2.4209999999998217,0,0,0,0,0,1,0.0,105.97699999999986,3,Stonewalling / Non-Response,"No question about it. And a grid needs constant electricity, too. I mean, but the science, the engineering of electricity grid is pretty complicated. It demands electrical flow..."
political,47169,26,over_info,5,71.67999999999984,0.3200000000001637,0,0,1,0,1,1,0.0,84.23000000000002,2,Topic Shift,distinction to make it that's why i read the l.a. times because it kind of struck me where it says california will be hit hard and my response to that is that california If you...
political,47172,7,over_info,5,65.08199999999994,2.1620000000000346,1,0,1,0,1,0,2.1620000000000346,105.005,3,Topic Shift,"Yeah. So it's an important point. First of all, we don't have to do anything in the immediate term. And I think that's important. Iran is in a major emerging threat. but they ar..."
political,47197,3,over_info,5,85.66899999999998,2.119000000000028,1,1,1,0,0,0,59.59400000000005,180.0,3,,"Well, I concur. There are a lot of issues that you just brought up that need to be brought up during this subcommittee process, during this hearing. I'm not too sure that the ma..."
political,47212,13,over_info,5,134.95299999999997,1.3209999999999127,2,0,2,0,0,0,78.7639999999999,180.0,4,,"Well, I don't know that they've ordered massive amounts of agricultural products yet. I hope they do. I want them to, of course. I think that I'm not a tariff fan. I think tarif..."
political,47360,11,over_info,4,66.91599999999994,0.9379999999999882,1,0,3,0,0,0,43.766000000000076,180.0,4,,"Well, there are so many different things that we need to do. So one step and one arena doesn't foreclose other steps and other arenas. It's important to understand that. Also, a..."
political,47415,15,over_info,4,279.2170000000001,0.9800000000000182,1,0,2,0,0,0,0.9800000000000182,180.0,4,,"Well, I haven't read the articles. I mean, curious why he thinks that is. I think it's fair to say we're going through a period of profound disruption right now. I think the par..."
political,47999,13,over_info,5,73.35000000000002,1.2210000000000036,0,0,3,0,0,1,0.0,180.0,3,,"Well, I think one thing we achieved is that we made it okay to call out Christian nationalism and white Christian nationalism. And I've been encouraged to see that happening mor..."
political,48000,6,over_info,5,118.66899999999998,0.5600000000000023,0,0,2,0,0,1,0.0,180.0,3,,"Yeah, so supporting candidates, fighting for laws, and making sure that we are pairing our belief with action. Because I think some of what we saw for the 49-50 year fight for R..."
political,48737,6,over_info,0,134.57100000000003,1.233000000000004,1,0,1,0,0,0,1.233000000000004,180.0,3,,Brandon and I was fortunate to lead a delegation of Tennessee sheriffs and mayors to the southern border because I've been hearing from them. over and over again ever since Joe...
political,48746,11,over_info,0,196.59400000000005,0.5599999999999454,0,0,0,0,0,1,0.0,37.322000000000116,1,Stonewalling / Non-Response,"Yeah, I'm not sure, Dan. I think that we've heard that former President Trump intends to make an announcement as early as next week of his intention to seek election again for t..."
political,48757,9,over_info,5,90.15500000000003,1.1719999999999686,2,0,2,0,0,0,77.74699999999996,180.0,4,,"Well, I think reality, they finally admitted to that. And I think they're hearing from their constituents, the political pressure on them is one that would change them the most...."
political,48758,5,over_info,0,156.26999999999998,1.6020000000000323,2,0,2,0,0,0,144.26200000000006,180.0,4,,well that that's right i mean i'm waiting to see you know uh... contract with america newt gingrich et cetera that kind of formulation of exactly what are we going to push when...
political,48872,75,under_info,10,10.758000000000038,1.7010000000000218,2,0,4,0,0,0,122.46600000000012,180.0,6,,"a good question. I'm about to let him out. Yeah. Yeah. Not on me, I hope. No, I'm not feeling it. OK. I mean, I like it. You're all right. Yeah. You're a button pusher, but you'..."
political,48872,89,over_info,5,68.49299999999994,1.6419999999998254,0,1,2,1,1,0,1.6419999999998254,65.54500000000007,5,Topic Shift,My main concern with interviewing that president was How do I hold my own and do what I do in this context? Because I don't fundamentally do political interviews. I wanted to do...
political,48888,3,over_info,0,92.294,0.5589999999999975,1,0,3,0,0,0,0.5589999999999975,180.0,4,,"Well, you know, I had a chance to express myself on that period between the election and January the 20th on three occasions. Once was the day the Electoral College declared Pre..."
political,48958,11,over_info,5,120.0,0.7889999999999873,0,0,3,0,0,1,0.0,180.0,3,,"yeah, I thought I guess, you know, without like, you know, having my ear right next to, you know, the president's door, knowing exactly what's happening, I'm taking taking the t..."
political,48994,19,over_info,0,298.299,3.0960000000000036,1,0,1,0,0,0,3.0960000000000036,180.0,2,,"Well, it's all based around the understanding of individual liberty and not by groups. I want government to be as close to home as possible. I think the real government should b..."
political,49005,5,over_info,5,176.30699999999996,2.524000000000001,0,1,1,0,0,0,2.524000000000001,180.0,2,,"Well, the current last set of legislation, and I was here for some of it, was clear that we wanted the plaintiff to have to go to, and this is a non-practicing plaintiff, to go..."
political,49011,3,over_info,4,545.864,0.4600000000000364,2,0,2,0,0,0,116.08500000000004,180.0,4,,"Yeah, the number works out to, depending upon who you read, 17 to 20 deaths per 100,000 live births. And this is something I actually have thought a lot about during my training..."
political,49014,9,over_info,4,71.72699999999998,1.622000000000071,2,0,1,0,0,0,176.77200000000005,180.0,3,,I think there is bipartisan support for this. I've been working with one of the highest ranking members of the Senate Finance Committee on the Democratic side. I'm not sure I ha...
political,49017,9,over_info,5,64.81899999999996,0.7610000000000241,2,0,1,0,0,0,165.084,180.0,3,,"Right, and certainly what we have been able to do within the bill, it does focus a lot on resources, but then it does add additional punishments for those that are abusers But a..."
political,49221,25,over_info,0,213.24700000000007,2.7609999999999673,0,1,1,0,0,0,2.7609999999999673,180.0,2,,"Yeah, I mean, well, look, first, let me just say he has children, he's a human being. I hope that He has a full and complete recovery. I mean, you wish that of every human being..."
political,49228,81,over_info,4,117.67799999999988,1.5340000000001055,0,0,2,0,0,1,0.0,41.57300000000032,3,Stonewalling / Non-Response,"Well, you got a ceiling of five. I mean, let's see where it goes, but you have a ceiling of five. And some Republicans may feel they just checked the box by saying you could do..."
political,49229,9,over_info,5,74.44199999999995,1.3810000000000855,1,0,3,0,0,0,1.3810000000000855,180.0,4,,"So, so my view of it is this is all going to work itself out and about by the first week of December. The clock runs out. There's a system in place. He obviously has a legal str..."
political,49229,29,over_info,4,151.87599999999998,1.081000000000131,2,0,2,0,0,0,85.06500000000005,180.0,4,,"Yeah, I think it's a really good question because I got asked a lot going into the cycle by members of the press about Oregon and vote by mail and going to be trusted. And my an..."
political,49230,5,over_info,3,138.986,1.6210000000000377,2,0,2,0,0,0,139.24900000000002,180.0,4,,"Well, I approach any challenge, health-wise or other, with the fact that you have to plan. I mean, you have to think through, how do you get through this as safely and successfu..."
political,49235,5,over_info,5,80.763,0.5400000000000205,2,2,2,0,0,0,115.87099999999998,180.0,6,,"is where I take issue with what a lot of Democrats do, which does get into sort of predicting or suggesting what they think is probably the case because you have Mueller who I t..."
political,49237,1,over_info,4,331.97299999999996,7.1410000000000196,1,0,1,0,0,0,7.1410000000000196,180.0,2,,"Well, let's start with this. The vote in the Senate was 57 to 43. And so we had to explain to the foreign— To convict. To convict Donald Trump. And we had to explain to all the..."
political,49285,21,over_info,0,168.71000000000004,2.2000000000000455,1,0,1,0,0,0,2.2000000000000455,92.46199999999999,3,Stonewalling / Non-Response,I read a lot. I probably read four or five books a month. We think today is the most partisan period and it's the worst. somewhat coined the term once chronological snobbery whi...
political,49431,8,over_info,5,94.154,0.6610000000000582,1,0,2,0,0,0,173.0250000000001,180.0,3,,"Yeah, you know, this is such an example of this idea that they always say the devil is in the details. It's like, it sounds great. There's all this money. But then, I mean, and..."
political,49518,3,over_info,5,64.753,1.2710000000000008,2,1,1,0,0,0,169.04600000000002,180.0,5,,"Yeah, I hope everyone hangs in there for some disruption because it's going to be worth it in the end. And we're over the target with China. I mean, the reality is, if all the c..."
political,49535,25,over_info,4,97.69299999999998,0.5599999999999454,1,1,2,0,1,0,78.90200000000004,160.76600000000008,5,Topic Shift,"Yeah, this is about taking the bad guys out of communities who've been terrorizing communities. You still ask the people out in the rural Colorado for goodness' sake. So in othe..."
political,49575,23,over_info,0,72.87999999999988,0.4550000000001546,0,0,0,0,0,1,0.0,30.195000000000164,1,,ask for we ask for any communication that often a campaign to have with the uh... harris campaign we know that the authentic campaigns work for the harris campaign back in twent...
political,49621,19,over_info,5,65.17899999999997,0.31999999999993634,0,1,2,0,0,0,0.31999999999993634,180.0,3,,but but i completely understand i just want to go over a couple of things because there are wins in this and you're going to hear and i know the loudest minority of our party it...
political,49760,21,over_info,5,66.7639999999999,1.9809999999999945,1,0,1,0,0,0,1.9809999999999945,146.19100000000003,3,Stonewalling / Non-Response,"Well, again, this is where you have You have agencies that are tasked with ensuring a level of credibility to our election systems. And that's their job. It doesn't mean indiffe..."
political,49799,13,over_info,5,181.726,0.4600000000000364,0,0,2,0,1,1,0.0,180.0,3,Topic Shift,"Oh, that's a perfect question. I'm hoping frankly it's all yours a lot. I have been frustrated for a while, and I've argued this to some of the business community, some of the p..."
political,49829,24,over_info,0,69.9190000000001,0.31999999999993634,3,0,3,0,0,0,149.17099999999982,180.0,6,,"Yeah. Well, so it's interesting because there's a fair amount of research and organizational psychology about just even the use of space. So right now, there is no place in the..."
political,49867,5,over_info,4,167.03499999999997,0.44000000000005457,1,0,1,0,0,0,0.44000000000005457,180.0,2,,"at all. It may be because I You know grew up with with it that you know so much of it, you know the classic story of a parent Asking their offspring. What do you want to do when..."
political,49970,17,over_info,5,108.57000000000016,1.875,0,0,4,0,0,1,0.0,180.0,5,,"Well, one thing I would say, just taking the broad look is we've had challenges in Wisconsin in terms of entrepreneurship and creation of small businesses. There's the Kauffman..."
political,50328,3,over_info,5,74.875,1.0149999999999864,1,0,1,0,0,0,1.0149999999999864,180.0,2,,"I mean, look, I think evil people are going to break the law because they're evil. I always say bad. You know, bad people do bad things and they're not, they're not constrained..."
political,50328,17,over_info,5,83.27200000000016,1.0139999999998963,1,0,1,0,0,0,1.0139999999998963,76.66999999999985,4,Stonewalling / Non-Response,"I do believe it will now. Like we've said earlier in our conversation, we haven't got all the details yet, so you can't officially score it all out. The average taxpayer who ent..."
political,50615,19,over_info,5,112.59600000000006,0.2880000000000109,1,0,3,0,1,0,72.78199999999993,162.63599999999997,5,Topic Shift,"I mean, first of all, I don't think it mirrors what's going on in DC at all. That's a entirely different universe. You know, if you look at the growth in government, particularl..."
political,50616,9,over_info,5,82.25900000000001,0.5069999999999482,0,0,0,0,0,1,0.0,7.972999999999956,1,Stonewalling / Non-Response,"Absolutely. Well, now that we have the cabinet members in place, President Trump has made it pretty clear that the dose is going to work with the cabinet members, make recommend..."
political,50711,17,over_info,0,186.24800000000005,0.6609999999998308,0,0,1,0,0,1,0.0,180.0,2,,"rely on it? So here's the best I can give you because I have wrestled with this for a long time. First off, there is no law that's going to come from Washington DC that can do a..."
political,50905,3,over_info,0,224.959,0.7010000000000218,0,0,1,0,0,1,0.0,158.37,3,,"Well, number one, we have to be adults in the room and we unlike the president who likes to blame Republicans for everything. Yes, yes. We need to we need to focus first and for..."
political,50987,53,over_info,0,69.50299999999993,1.441000000000031,1,0,3,0,0,0,125.57100000000014,180.0,4,,"There is some additional work that the Democrats are pursuing. There are no current committees, I mean hearings of which I'm aware scheduled, but I think that the investigators..."
political,50987,70,over_info,5,79.904,1.7419999999997344,0,1,2,0,0,0,66.63699999999972,180.0,3,,"Now, the last thing I want to talk about before we stop is the border. And you've got some definite proposals on that, some ideas on that. And what we have seen, it seems to me,..."
political,50987,73,over_info,0,188.82799999999997,1.3209999999999127,2,0,2,0,0,0,109.58799999999974,180.0,4,,"Well, and you went through is it not a crisis, manufacturer crisis. It isn't a crisis. Everybody from Speaker Pelosi to Nadler to the whole list. And so I've used that number of..."
political,50989,10,over_info,5,68.00100000000003,0.03999999999996362,2,0,5,0,0,0,137.671,180.0,7,,a year. So the Bruce Orr interview I think was conducted in August of 2018. And the Jim Baker was on two occasions in October of 2018. So the interesting thing is uh... you guys...
political,50996,43,under_info,10,6.165000000000191,0.48099999999999454,1,0,3,0,0,0,15.292999999999893,15.972999999999956,5,Stonewalling / Non-Response,"Right. You know, as, you know, George McGovern used to say to me, you know, you don't have to agree with everything to agree on something."
political,50996,93,over_info,0,138.904,0.5210000000001855,3,0,2,1,0,0,136.404,180.0,6,,"So Trump has, you know, has basically had it built on when Nixon did. I mean, he has made people who are well off the electric victims. He escaped, goaded people based on the co..."
political,51085,12,over_info,5,67.82400000000007,0.37999999999988177,1,0,1,0,0,0,103.70900000000006,180.0,3,,"And you brought up higher ed, so I want to go there. We didn't cover that in our first episode. Higher ed is a really interesting area, but it's obviously Donald Trump is engagi..."
political,51085,33,over_info,0,81.29100000000017,1.0079999999998108,2,0,2,0,0,0,97.68399999999974,180.0,4,,"There's another element here where I think you can get pretty strong bipartisan consensus, which is I think of it as the grand economic bargain, which is pullback from China, bu..."
political,51086,13,over_info,5,70.32799999999997,1.280999999999949,2,0,2,0,0,0,93.90999999999997,180.0,4,,"To me, asylum is when someone oversees has nowhere to turn. They face the prospect of dying. They face the prospect of all kinds of horrendous consequences. And they seek refuge..."
political,51087,32,over_info,5,118.05600000000004,0.70699999999988,1,0,1,0,0,0,143.91899999999987,180.0,2,,"Yeah. And I think that's very well stated. And I think that's just like the key thing, which is that like the freedom vision that you're talking about here, the focus on housing..."
political,51092,9,over_info,5,141.65499999999997,0.7190000000000509,1,0,1,0,0,0,0.7190000000000509,180.0,2,,"So I've made the argument for at least five years now that saying new Cold War is instructive and useful, uh, both for the similarities and the differences that it illuminates w..."
political,51125,9,over_info,5,67.62400000000002,1.259999999999991,2,0,1,0,0,0,169.22000000000003,180.0,3,,"Okay, it caught. Thank you for that question. It costs money to be poor. It costs money if you're low income, you You know, you may not have a check in your savings account. You..."
political,51145,5,over_info,5,70.191,0.9209999999999923,1,0,1,0,0,0,0.9209999999999923,76.739,3,Stonewalling / Non-Response,"It's kind of like the Washington Post described it saying that a Trump mob dorm capital. And I think it turned out to be just that, whether that was the initial tenor not, that..."
political,51145,7,over_info,5,69.85499999999999,0.4000000000000057,0,0,0,0,0,1,0.0,1.6000000000000227,1,Stonewalling / Non-Response,well i think uh... it's hard to determine what actually happened there and of course Many people are suggesting that law enforcement treated this group of protesters quite diffe...
political,51190,33,over_info,4,176.64499999999998,0.5940000000000509,1,0,3,0,0,0,103.03099999999995,180.0,4,,"No, and doing it in the time we've done it. Everybody talked about this, and it's classic consultant-driven politics. He's a career politician. I've been in Congress eight years..."
political,51463,19,over_info,4,117.64300000000003,0.5599999999999454,1,0,1,0,1,0,0.5599999999999454,74.29399999999987,3,Topic Shift,"Well, the Blake decision, as you know, this was a court decision that forced the legislature to rethink the situation. My belief is that when it comes to addiction, we ought to..."
political,51483,1,over_info,0,106.284,0.5669999999999789,1,0,1,0,0,0,0.5669999999999789,180.0,2,,i think you're that's pretty much right on the target and i think that i think that an election where we have someone in the white house is willing to work with us to get our en...
political,51505,7,over_info,4,194.72000000000003,0.47899999999992815,0,0,0,0,1,1,0.0,42.48599999999999,1,Topic Shift,"I think the only way to actually get to the next stage and the aftermath stage is to really deal with the crisis. And Mr. Floyd, as terrible as his death was, it's not really th..."
political,51628,37,over_info,5,68.87300000000005,1.0109999999999673,0,0,0,0,1,1,0.0,19.173000000000002,1,Topic Shift,"Well, I'm glad you brought that up because that is a key piece of this bill and legislation. And what we are seeing in some of the cases that come out of Massachusetts are even..."
political,51700,13,over_info,5,69.9140000000001,0.05999999999994543,0,0,3,0,0,1,0.0,180.0,3,,"to remember is that whether it's an NFL team or whether it's any sports team, they are also workplaces, right? And so you have a lot of employees, you have a lot of people in a..."
political,51702,15,over_info,0,210.28499999999985,2.622000000000071,0,0,4,0,0,1,0.0,180.0,4,,"our United NATO, United West is going to continue to be there because he is counting on those 11 or 12 radical far-right extremists to make it difficult. He wants to wait this o..."
political,51702,20,over_info,0,239.09899999999993,,0,0,0,0,0,1,0.0,0.0,0,,"it's okay to be angry, but there's constructive ways to carry that out. I don't know if this is a philosophical issue where we have to start addressing it, how we get our news,..."
political,51727,3,over_info,0,244.45000000000002,0.6599999999999682,1,0,3,0,0,0,0.6599999999999682,180.0,4,,"Well, yeah, I started as a shy motion sick girl and the trajectory of my life was started to be propelled when I lost my dad at 12. And then the other adversity that you shared..."
political,64527,5,over_info,3,99.39299999999997,1.5200000000000387,1,0,1,0,0,0,1.5200000000000387,180.0,2,,"issues? They are interconnected and we're all a part of it, right? We're all a part of this nation. We're all a part of the solution, right? So this is how I do it. And there is..."
political,64560,13,over_info,5,105.08700000000005,0.51299999999992,0,0,0,0,0,1,0.0,2.2379999999999427,1,,"Well, no, government's definitely putting its thumb on the scale. The Democrat Party is just out to destroy the oil and gas industry, and therefore I guess as an implication or..."
political,65189,3,over_info,5,66.817,1.26100000000001,0,0,1,0,0,1,0.0,180.0,2,,"No, absolutely not. Look, Texas is just like the country. Texas is a big state. what is going on in the part of the state that I represent is different from from other parts. Ki..."
political,65259,20,over_info,0,71.7389999999998,1.663000000000011,1,0,2,0,0,0,131.67100000000005,180.0,4,,"Yeah, and that's why when I spoke to ranking member Westerman, he said that he really wants to see and champion kind of a market conservation active and I think the rest of the..."
political,65995,1,over_info,5,119.87099999999998,0.30000000000001137,0,0,1,0,0,1,0.0,180.0,1,,"That's Congressman Bill Heizenga, the Chair of the House Financial Services Oversight Committee, and my guests today on banking with interest. I'm Rob Blackwell, Chief Content,..."
political,65999,15,over_info,5,69.81900000000019,5.001999999999953,0,0,0,0,1,1,0.0,14.384999999999991,1,Topic Shift,"cut things. You know, I've been in favor of looking at this in a different way because what we're doing is not working. After World War II, there was a Harry Bird Commission tha..."
political,66005,7,over_info,5,73.011,0.8809999999999718,2,0,2,0,0,0,79.11899999999997,180.0,4,,"Well, first of all, I think that we should be doing this as an example of what is good policy. Secondly, the federal government does have control of a lot of the resources and s..."
political,66005,11,over_info,5,90.31200000000001,0.4800000000000182,1,0,4,0,0,0,0.4800000000000182,168.43,6,,couple of things. I want to point to the opioid crisis and how we recognize that that was a health care issue and not a criminal issue. And I think that it had to do with the fa...
political,66014,27,over_info,0,145.82500000000005,1.6309999999999718,0,0,0,0,1,1,0.0,10.539999999999964,1,Topic Shift,"So we were fortunate enough to be, I think, the only freshman that has to participate in the two press conferences with Senator Paul, Jim Jordan, Mark Meadows. What we're trying..."
political,66016,17,over_info,0,74.4720000000001,0.01999999999998181,1,0,1,0,1,0,0.01999999999998181,54.526999999999816,3,Topic Shift,"One thing that is not going to happen, we're not going to vote for Hillary Clinton. Look, it's been since 1964. that Utah voted for a Democrat in a presidential election year. T..."
political,66022,5,over_info,5,67.34099999999998,0.18000000000000682,2,1,4,0,0,0,114.89000000000004,171.51100000000002,7,,"to clear and convincing, the same as it would be for criminal asset forfeiture. And thus also that we would charge the person with a crime first before we seize those assets. If..."
political,66334,5,over_info,5,79.22800000000001,1.0400000000000205,2,0,3,0,0,0,47.230999999999995,180.0,5,,"On oversight, and as we know, we had such a fighter for us with Elijah Cummings. He found out early and he would tell me after we would have a hearing Thank you. It's so good to..."
political,66476,12,over_info,5,73.96699999999998,1.882000000000005,0,0,1,0,0,1,0.0,180.0,1,,Absolutely. It was pure conjecture on my part. Let's move on. I want to talk about this new initiative that you and former Senator Donnelly are getting together and working on....
political,66477,13,over_info,0,395.405,1.1040000000000418,1,0,3,0,0,0,25.630999999999972,180.0,4,,"well, first off, if I can just kind of give some background, Mike, the let's start out from When we were doing these appropriations bills, a number of them passed. We did many b..."
political,66478,5,over_info,5,125.94400000000002,0.30000000000001137,0,0,0,0,0,1,0.0,12.086999999999989,1,Stonewalling / Non-Response,"Well, let's start with Harvard. It was interesting. Harvard approached me and said, would you be interested in being a resident fellow, which meant that you moved there for thre..."
political,70851,45,over_info,5,64.899,0.6600000000000819,1,0,1,0,1,0,0.6600000000000819,33.996000000000095,3,Topic Shift,"Well, one of the biggest outcomes that has had a negative influence on this is Citizens United, which was passed in 2010. And basically what that legislation has, a Supreme Cour..."
political,70867,45,over_info,5,73.24299999999994,2.020999999999958,0,0,1,0,0,1,0.0,180.0,1,,a quick break. We'll be right back. We are recording as the Kavanaugh nomination is moving through the voting process here. It seems to me that when you look at Kavanaugh's test...
political,70874,17,over_info,5,82.11099999999999,0.36000000000001364,2,1,3,0,0,0,156.688,180.0,6,,"part of it, it's just like up here in DC. When people are fundamentally opposed to the policy, they start screaming process. But the fact of the matter is, we didn't bring a sin..."
political,70887,7,over_info,5,71.553,1.100999999999999,1,0,2,0,1,0,12.587999999999994,26.87699999999998,5,Topic Shift,"somewhat. And then with the aunts and uncles, and then at school. I mean, it just sort of came naturally to me to be augmented. I remember some early arguments. I remember in 19..."
political,70889,7,over_info,0,382.5920000000001,0.5199999999999818,0,0,0,0,0,1,0.0,14.88299999999981,1,Stonewalling / Non-Response,"Yeah, well I think, you know, in order for us to address this unprecedented crisis, both health and economic, we really need to listen to the advice of public health officials...."
political,70922,6,over_info,5,76.86399999999998,0.6129999999999995,0,1,3,1,0,0,0.6129999999999995,180.0,5,,"Yeah, I mean, honestly, this to me felt like something we knew was going to happen back when we were trying to get a speaker of the house in January, right? When we all sat ther..."
political,70949,7,over_info,0,225.656,0.9360000000000355,0,0,1,0,0,1,0.0,180.0,2,,I was really fortunate to have a great conversation with Secretary about a week or so before the hearing and then I brought up some questions to him that I wanted on the record...
political,71078,11,over_info,0,211.74499999999995,0.5050000000001091,1,0,1,0,1,0,0.5050000000001091,130.9670000000001,3,Topic Shift,"Well, as you know, it was another time and another recession that gave rise to the stimulus bill and the, and the push for electronic health records was contained within that. M..."
political,71229,3,over_info,5,69.15299999999999,0.5190000000000055,0,0,3,0,0,1,0.0,180.0,3,,"Well, it certainly will go to the courts, but the maps in general have always been challenged on legal grounds. I'm not aware of anything that requires, for example, the map mak..."
political,71236,3,over_info,5,75.36699999999999,0.18000000000000682,1,0,5,0,0,0,78.147,180.0,6,,"Well, it's interesting because Governor Pritzker and the two legislative leaders, Don Harmon, the President and Chris Welch, the Speaker of the House, published an op-ed in cran..."
political,71344,45,over_info,0,81.61300000000006,0.42000000000007276,1,0,1,1,0,0,0.42000000000007276,114.21100000000001,3,,"It's hard for me to gauge what would happen if Mr. Trump were to lose. I think it's more likely he'll lose than not. If he were to win, I think my party would be particularly tr..."
political,71365,1,over_info,0,102.269,0.7489999999999952,1,0,3,0,1,0,0.7489999999999952,138.437,5,Topic Shift,"Well, good morning, Martha. You know, I was also at the rotunda. I was at the two and a half hours service yesterday. It was an honor and privilege to be there. And I'll just te..."
political,71425,13,over_info,5,91.257,0.9049999999999727,0,0,2,0,1,1,0.0,39.728999999999985,3,Topic Shift,"Yeah, I did. What are at the top of conversation there was what what the tax increase, the administration's tax increase would have on their operation, a big concern for them. A..."
political,71444,7,over_info,5,73.62900000000002,0.03999999999996362,0,0,1,0,0,1,0.0,9.774999999999977,1,,"one of the most heartbreaking classes of conversations I have, and I have this in a number of subjects, discussions with my Republican colleagues, when they acknowledge that the..."
political,71498,21,over_info,5,77.9419999999999,5.419000000000096,0,0,0,0,1,1,0.0,60.134000000000015,1,Topic Shift,"Oh, yes. Donald Trump, Allen, can do whatever he wants. It's his decision. What's funny right now is we have these Republican politicians, like Mitch McConnell, our number one R..."
political,71503,5,over_info,4,124.19599999999997,0.36100000000004684,2,0,2,0,0,0,49.382000000000005,180.0,4,,"Well, I don't want to say they feared me, but everybody else said they did. You know, we got Al-Baghdadi of ISIS, and he was trying to rebuild ISIS. And when I took over, ISIS w..."
political,71806,9,over_info,0,334.626,2.4320000000000164,1,0,2,0,0,0,173.46800000000007,180.0,3,,"Well, let me let me say that as you indicated, what we need to get to is a ceasefire and a return of the hostages. That does need to be an absolute priority to achieve those two..."
political,71912,27,over_info,0,162.0519999999999,0.6210000000000946,1,0,1,0,0,0,165.51099999999997,180.0,3,,"Well, we have been fighting in the house night and day to get more relief, to get another coronavirus bill passed, and we're not going to stop. We will, you know, hopefully, I h..."
political,71914,23,over_info,5,69.86899999999991,0.4410000000000309,0,0,2,0,0,1,0.0,180.0,2,,"And it isn't really. It's crazy. It's crazy to me because You know, we also have to recognize that there's an evolution of thought on some of these things. And so, you know, for..."
political,72210,41,over_info,4,158.6769999999999,0.14000000000032742,2,0,2,0,0,0,137.67100000000028,180.0,4,,"Well, I think, you know, I got married later in life. So that's kind of an advantage because you can kind of focus on your career and not jeopardize your family when you're, if..."
political,72251,5,over_info,0,217.301,0.44000000000005457,1,0,1,0,0,0,0.44000000000005457,180.0,2,,"Congress, the art of self governance and it is an art needs to be revived. Congress has said. What has Congress rolled been? Right now, Tyler, Congress is naming a bunch of post..."
political,72447,23,over_info,5,245.96000000000004,2.0540000000000873,0,0,4,0,0,1,0.0,180.0,4,,"The first thing they need to do is vote. The fact that younger people don't vote explains how some decisions are made. As I said, the value of the Pell Grant had eroded to the p..."
political,72513,1,over_info,5,121.284,0.6200000000000045,1,0,1,0,0,0,0.6200000000000045,180.0,2,,"Yeah, no, I think that what you're saying is really resonating in terms of the clients and the folks that CDFIs and MDIs are trying to support and work with, and with so many of..."
political,72630,2,over_info,5,177.438,1.2800000000000864,0,0,1,0,0,1,0.0,180.0,1,,That's great. And I do want to say that I think There are many ways in addition to the right to work laws that were passed in the various states. There were lots of ways that at...
political,72657,8,over_info,3,166.18600000000004,1.4009999999999536,2,0,2,0,0,0,114.09800000000001,180.0,4,,"Well, it moves a lot faster than academia, obviously. What do we vote on? Three or 4,000 bills a year? That's right. Even those of us who put all of our best efforts into trying..."
political,72657,28,over_info,0,156.3309999999999,0.6410000000000764,2,0,2,0,0,0,87.6210000000001,169.57400000000007,5,Stonewalling / Non-Response,"Yeah, so I haven't passed any, a lot of legislation. I passed one bill this year that would look at class size here in California and just try to understand how many people are..."
political,72664,19,over_info,5,72.3130000000001,0.5399999999999636,3,0,3,0,0,0,120.44200000000001,180.0,6,,"I think it really spells a decline in our rural areas, period. And I just can't imagine that the administration, any administration would want to do that. And if their goal is a..."
political,72667,5,over_info,5,92.94200000000001,1.0809999999999604,1,0,4,0,0,0,151.755,180.0,6,,"Well, Chairman Stabenow suggests the $4 to $5 billion base updates and reference prices would cost more. The R-A-V-M Inflation Reduction Act. It's just a clever way of effective..."
political,72672,15,over_info,0,273.5250000000001,0.16000000000008185,0,0,2,0,0,1,0.0,94.923,3,,"Sounds incredible, doesn't it? Yeah, why the world would we be wanting to turn our backs on a source of energy that has allowed us to reduce our carbon footprint as dramatically..."
political,72679,7,over_info,5,82.41399999999999,0.7599999999999909,0,0,0,0,1,1,0.0,16.944999999999936,1,Topic Shift,"Now, I agree. I think there does need to be some central oversight of this because as I've tried to get my hands around the various programs there, I asked my team and I to put..."
political,72687,13,over_info,5,227.36400000000003,0.5699999999999363,1,0,3,0,0,0,0.5699999999999363,180.0,4,,"Yeah, everything that's taking place in our hemisphere driven by China is a threat to us economically, politically, and possibly even potentially militarily as they start to ram..."
political,72694,5,over_info,4,73.625,0.21999999999997044,3,0,3,0,0,0,132.553,180.0,6,,"Well, this is good news. We are moving to debate this historic bill to address our country's infrastructure needs. You know, whether it is Roads or bridges that are in dire need..."
political,72696,13,over_info,5,68.9559999999999,0.5200000000000955,2,0,2,0,0,0,47.15700000000015,180.0,4,,"Well, I can tell you that there's some that I'm probably concerned about and others that I'm less concerned about. I think you got to treat animals humanely. And you don't want..."
political,72700,17,over_info,5,73.53700000000003,0.5,1,0,1,0,1,0,0.5,104.5619999999999,3,Topic Shift,"Oh my gosh, we sure got off track over the last over the last four years. It's clear that the small refinery waiver process was broken in the previous administration. There were..."
political,72701,15,over_info,5,102.327,0.35999999999989996,0,0,1,0,0,1,0.0,90.61899999999991,3,Stonewalling / Non-Response,"Well, my recommendation would be that they should avoid the harsh rhetoric and the constant trade war tantrums that we have seen happen under this administration and try to figu..."
political,72703,25,over_info,5,78.6400000000001,0.4190000000000964,0,0,0,0,1,1,0.0,16.169000000000096,1,Topic Shift,"Yeah, the whole SREs challenge and frustration has been a good evidence about how biofuels is not an R versus D deal. I mean, you sometimes, I mean, clearly in the Republican co..."
political,72709,11,over_info,0,246.55499999999995,0.9669999999999845,1,0,2,0,0,0,0.9669999999999845,180.0,4,,"Well, we've also sent another letter to the secretary earlier this month specifically talking about the coronavirus food assistance program. And if the Senate leader believes th..."
political,72711,15,over_info,0,209.87199999999996,0.5199999999999818,0,0,2,0,0,1,0.0,126.58500000000004,3,,"Well, this is actually my favorite topic, although I would say it's been kind of pushed aside with everything else that we're all challenged by right now, but I did work for mor..."
political,72713,23,over_info,5,74.28500000000008,0.4199999999999591,4,0,4,0,0,0,148.505,180.0,8,,"Well, I think he had to invoke the Defense Production Act to make sure that we keep those processing facilities going. But at the same time, through his coronavirus task force,..."
political,72714,23,over_info,5,70.19499999999994,0.10000000000002274,0,0,0,0,1,1,0.0,13.222999999999956,1,Topic Shift,"Well, I think that we have a lot that we have gained from this COVID-19 situation as far as the problems that we have in our ag community and in our ag sector of this country an..."
political,72721,7,over_info,0,166.51599999999996,0.16000000000008185,1,0,1,0,1,0,0.16000000000008185,123.29000000000008,3,Topic Shift,"So I think it's a little bit of both, actually. I think that it is a money problem where And I'll take my district as an example. I have 10 counties in total. Two of them, if yo..."
political,72722,5,over_info,5,66.12800000000001,0.23999999999995225,2,0,2,0,0,0,106.50099999999998,180.0,4,,"Yeah, well, I mean, look, it could well bleed in the next year. I hope it doesn't. Look, the budget that was voted on here a couple months ago is a very liberal budget. In fact,..."
political,72728,21,over_info,5,84.55200000000002,0.2599999999999909,2,0,3,0,0,0,112.2700000000001,180.0,6,,"Without the shadow of a doubt, there was no way that we could allocate sufficient resources to deal with the floods that occurred after we had developed the disaster bill but pr..."
political,72740,13,over_info,5,72.19900000000001,0.5209999999999582,3,1,2,0,0,0,93.72799999999995,180.0,6,,"Well, we'll see. I assume it will. But the purpose of this is to make sure that good farmland is not put into the CRP. And so we've now limited it on the general 85% of the rent..."
political,72753,15,over_info,5,174.52999999999997,0.28099999999994907,3,0,3,0,0,0,148.56799999999987,180.0,6,,well it's i don't know i think there's always uh... a possibility to work things out right now there have not been discussions i think there are ways of this to be worked out an...
political,72761,15,over_info,0,138.35900000000004,0.40000000000009095,0,0,1,0,0,1,0.0,132.192,3,Stonewalling / Non-Response,"Well, I happen to be on the same page as the President on this one. We absolutely need at least a trillion dollar Transportation Bill. If we just look at our locks and dam syste..."
political,72765,21,over_info,4,109.91699999999992,0.14000000000010004,0,0,1,0,0,1,0.0,33.88200000000006,3,,"Well, you know, the president proposed cuts to snap and a lot of groups got real upset over that. But one thing that people have to realize is under President Obama, the funding..."
political,72770,3,over_info,5,83.459,0.5010000000000048,1,0,4,0,0,0,169.94099999999997,180.0,5,,"It repeals all of the taxes on medical devices, insurance, premiums, all the things that drove the cost up. It actually ends up reducing the deficit. The one area of criticism t..."
political,72773,23,over_info,0,82.49200000000019,0.6329999999998108,3,0,3,0,1,0,95.48699999999985,132.625,7,Topic Shift,"Well, I think that especially now with the passing of Castro, I think we have a great opportunity. We're going to have to wait and see exactly where the The new regime settles w..."
political,72775,7,over_info,5,77.358,0.060000000000002274,2,0,1,0,0,0,167.94100000000003,180.0,3,,"Right now, the dairy margin program is not protecting our farmers. And we're seeing a number of problems, including that it isn't kicking in soon enough. So there's a lot of tal..."
political,72781,39,over_info,5,67.57900000000018,0.8460000000000036,0,0,0,0,0,1,0.0,42.891999999999825,1,Stonewalling / Non-Response,"about this year? Well, I think it's huge. I think it's about the direction of the country. When you look at the Supreme Court judges, the next president is going to nominate at..."
political,72788,13,over_info,5,67.59100000000001,0.5399999999999636,3,0,5,0,0,0,146.726,180.0,8,,"We are looking at the highway bill. Believe it or not, folks laugh sometimes and go, how does that make any sense? Why is the Export-Import Bank on a highway bill? And the answe..."
political,72789,21,over_info,5,64.67399999999986,0.4600000000000364,0,0,0,0,1,1,0.0,7.024000000000115,1,Topic Shift,"If we have bipartisan support, I think any of these things could be a part of our year-end effort. I would welcome it if we had bipartisan support on each of these and we're abl..."
political,72795,5,over_info,0,99.30100000000002,0.17999999999994998,3,1,2,0,0,0,125.39699999999999,180.0,6,,"Well, first of all, I think you brought up two issues, tax reform, which means rewriting the tax code was something that we talked about. In January, we had five subcommittees w..."
political,72795,19,over_info,5,76.25999999999999,0.2599999999999909,0,0,0,0,1,1,0.0,18.26800000000003,1,Topic Shift,"Two things for Congress. Number one is money to complete the vaccine. If that's possible, then that may be a solution. Number two, the consideration of an insurance program like..."
political,72796,27,over_info,5,67.17899999999997,0.6460000000000719,3,1,4,0,0,0,101.11200000000008,180.0,8,,"Easily. I mean, it has to be there because we are too many Endangered Species Act decisions are made, first of all, with a Sue and Settlement process. You haven't gone through t..."
political,72830,3,over_info,4,175.168,0.367999999999995,2,0,2,0,0,0,67.20499999999998,180.0,4,,"Well, at first, I think that it was a stellar performance on the part of the chairman of the committee, Frank Lucas, to manage his way through over a hundred amendments into the..."
political,72843,13,over_info,5,76.09199999999998,0.7409999999999854,2,0,2,0,0,0,143.83500000000004,180.0,4,,"Well, I think it has to. When we were $16 trillion in debt, and that is a legacy that no American wants, no one of our generation wants to pass along to the next generation. And..."
political,72854,26,over_info,5,133.91600000000017,0.681999999999789,0,1,1,0,0,0,0.681999999999789,180.0,2,,"Well, we need to empower the citizenry. The good news is that Hillary beat Trump by more than 3 million votes, then Biden beat him by more than 7 million votes. We're getting mi..."
political,72860,12,over_info,5,65.43599999999992,0.13999999999998636,1,0,3,0,0,0,84.21000000000004,180.0,4,,"well, it's not just being Secretary of State. You know, as a senator, you have plenty of fights with colleagues over one issue or another. You've gone to plenty of meetings that..."
political,72987,5,over_info,5,91.88499999999999,0.34000000000003183,2,0,3,0,0,0,57.605999999999995,180.0,5,,In the instance that you just mentioned no. I think we've seen the best and the worst of policing and really get to the core of some of the problems. I think when you have peopl...
political,73007,23,over_info,5,126.69299999999998,1.219000000000051,0,0,0,0,1,1,0.0,48.09900000000016,1,Topic Shift,"Yeah, I think the issue here is a Supreme Court that has stopped following law and precedent, where it involves pollution particularly, and remakes the law to suit the interests..."
political,73219,13,over_info,0,376.72800000000007,1.63799999999992,1,0,1,0,0,0,1.63799999999992,180.0,2,,"landscape. Do you know what I mean? Oh sure, sure. And I mean, I've been dealing with that quite a bit. As someone who has raised questions about the both federal and particular..."
political,73219,25,over_info,0,218.12000000000035,0.1999999999998181,0,0,0,0,1,1,0.0,48.64799999999968,1,Topic Shift,"public emergency. And that's the intent. It has not been the result this time round. And I think we've got to, when we do get back to normal, and in the longer term, In Olympia,..."
political,73219,50,over_info,5,77.33899999999994,,0,0,0,0,0,1,0.0,0.0,0,,"Well, this is where I'm a little bit less of a liberal guy myself because of the ultimate in a discussion the other day, the ultimate guarantee for that is if you think the pris..."
political,73235,7,over_info,5,80.23199999999997,0.6750000000000114,0,0,0,0,1,1,0.0,18.508000000000038,1,Topic Shift,I think it's very important for me because she opened our eyes as the mother of modern civil rights movement. It was Rosa Parks that gave us so many of our legal giants in the m...
political,73241,38,over_info,5,66.97199999999998,0.31999999999993634,0,0,1,0,1,1,0.0,44.01700000000005,2,Topic Shift,"and yet we still don't. I think the history that you've given us about single-payer health care is great, but we still don't have it. And then if you look at public opinion poll..."
political,73244,60,over_info,5,66.61000000000013,0.15999999999985448,0,0,0,0,1,1,0.0,29.648999999999887,1,Topic Shift,"No, we don't. Why not? Well, we don't because we just not gotten to the point. or where we were there, that we were understanding perhaps, or we were advancing. And of course, I..."
political,73270,29,over_info,0,159.23199999999997,0.7200000000000273,1,0,3,0,1,0,0.7200000000000273,166.1389999999999,5,Topic Shift,"It's dysfunctional and I can explain why I think when I was elected to Congress in 2020, there were about 125 congressional districts that were in the middle where the voters wa..."
political,73758,7,over_info,0,303.369,0.3809999999999718,2,0,1,0,0,0,172.25699999999995,180.0,3,,"Yeah, it's a great question, and this is sort of the question of the day in Ohio. I'm sure you're getting a lot of input from your crane's readers, but I'm getting an earful fro..."
political,73758,11,over_info,0,217.31399999999985,0.6600000000000819,2,0,2,0,1,0,93.5590000000002,124.26200000000017,5,Topic Shift,"Yeah, I mean, the April numbers were disappointing. They thought there'd be a million, there were 266,000. And I honestly think the main reason when you look at these jobs numbe..."
political,74131,23,over_info,5,69.54100000000017,0.7210000000000036,0,0,0,0,1,1,0.0,57.47799999999984,1,Topic Shift,So I think it sets a dangerous precedent and I think it's bad politics if the new president Joe Biden and his justice department and his federal government criminally go after t...
political,74135,7,over_info,0,353.63800000000003,0.82000000000005,1,0,1,0,0,0,0.82000000000005,180.0,2,,"Well, I am a person that believes in what Napoleon once said. And I don't tell my wife this that word. What he said, if I were to be in law, I would analyze it by bit because yo..."
political,74274,21,over_info,5,69.25599999999986,0.6000000000001364,2,0,2,0,0,0,35.423,180.0,4,,you are right on the mark. I couldn't agree more. It is really a critical issue and we unfortunately it's getting worse. I only hope that people can appreciate how significant s...
political,74351,21,over_info,5,82.2529999999997,0.8010000000003856,0,0,0,0,1,1,0.0,8.907000000000153,1,Topic Shift,"Well, when we see people like Riley Gaines trying to go into universities and just present a point of view getting assaulted That's exactly what's happened in society at large,..."
political,74437,33,over_info,5,71.53099999999995,1.280999999999949,3,0,1,0,0,0,25.784999999999854,162.22199999999975,5,Stonewalling / Non-Response,"And that's why I go back to elections that they do indeed have consequences. And if we're going to start continuing to change that narrative and reform that narrative, We can't..."
political,74449,16,over_info,5,112.79299999999989,1.84900000000016,0,0,2,0,0,1,0.0,180.0,3,,"Well, she's got to look for surrogates too. My mom did that. I knew my dad and I visited with my dad. I didn't trust my dad because I didn't trust his ability to handle alcohol...."
political,74508,12,over_info,5,78.89699999999993,0.65300000000002,0,1,2,0,0,0,165.15600000000006,180.0,3,,"It's like you said, in my mind, it's like in work, right? Copy and paste, find and replace, like find, you know, this pair, like, why are we rewriting rules? And what gets me on..."
political,74508,13,over_info,5,162.52099999999996,1.9820000000000846,0,1,3,0,0,0,1.9820000000000846,180.0,4,,"Well, and like I said, the common sense in government oftentimes seem entirely incompatible. But that's largely what we did. We got together with Congresswoman Stacy Plaskett wh..."
political,74508,27,over_info,0,237.27800000000002,0.7609999999999673,0,0,2,0,0,1,0.0,180.0,2,,"So just think about the population of cities like Denver and Houston and Chicago and Dallas. I mean, all these cities that are much larger than we are, our traffic is worse than..."
political,74509,17,over_info,0,156.71500000000003,0.9599999999999227,0,2,1,0,0,0,162.51199999999994,180.0,3,,"Brandon. So, so what we did is, is we, we, as soon as I started this job, we started working on trying to get infrastructure investments. We've had some, some really big success..."
political,74535,15,over_info,0,155.942,0.7000000000000455,1,0,1,0,0,0,0.7000000000000455,180.0,2,,"Well, I think that's yet to be determined. Obviously, we've passed four bills already over the last seven weeks spent close to $3 trillion. Rick, that we've pumped into the econ..."
political,74545,43,over_info,3,81.52800000000002,0.2799999999999727,0,0,0,0,0,1,0.0,12.442999999999984,3,Stonewalling / Non-Response,"Well, thanks. Look, I, first off, sitting through one speaker vote is pure misery. Sitting through 15 is just like, oh man, like, because you got a roll call 430 people, that's..."
political,74548,17,over_info,0,177.6629999999999,0.8179999999999836,1,0,1,0,0,0,0.8179999999999836,180.0,2,,"Yeah, good question. And this one I think is less of a full-blown celebration. And the reason I say that is because it's not going to be bipartisan. And that makes me sad. But m..."
political,74552,12,over_info,5,81.3610000000001,0.7400000000000091,0,0,3,0,0,1,0.0,180.0,3,,"Wow, that's a powerful concept, isn't it? You know, in the Old Testament, when the priests and kings were anointed, well, when the priests were, you know, they would have to ano..."
political,74552,25,over_info,0,97.9970000000003,0.5589999999997417,0,0,1,0,1,1,0.0,180.0,3,Topic Shift,"That is really a great question, Richard. I would love to sit here and say yes, I think they do. My experience, I never saw in eight years that either side of the aisle, exercis..."
political,74583,3,over_info,0,146.414,0.5829999999999984,1,0,3,0,1,0,100.89299999999997,180.0,5,Topic Shift,"Well, you're right. This is not about being a Republican Democrat or some other political persuasion. Every American has seen their gas and grocery bills skyrocket thanks to the..."
political,74623,17,over_info,0,231.87200000000007,0.7199999999997999,2,0,2,0,0,0,99.90999999999985,180.0,4,,"the hit pieces. They were going to run a lot of hit pieces. And they said, Comer has his own show company. Well, I have an LLC. And in my LLC, I had five properties, which makes..."
political,74627,32,over_info,5,70.019,0.7799999999999727,1,0,2,0,0,0,0.7799999999999727,69.7059999999999,3,,"Solving the climate crisis. We have what some people have referred to with a clunky word, a polycrisis. And what they mean by that word, polycrisis, is there are multiple crises..."
political,74746,20,under_info,10,3.5809999999999036,0.7609999999999673,0,0,2,0,0,1,0.0,180.0,4,,The faith community will have to speak before the Congress acts.
political,75032,9,over_info,0,325.2460000000001,0.8209999999999127,1,0,1,0,0,0,0.8209999999999127,180.0,2,,"Yeah, I mean, gun violence is an epidemic. It's a public health epidemic in this country. We experience gun violence in ways in which some of the most violent countries don't ex..."
political,75041,18,over_info,4,96.72299999999996,2.36200000000008,1,0,3,0,0,0,91.34100000000001,180.0,4,,"Yeah, I think the borders look, I think the president has done an amazing job. Jeff on the border. When I look at this holistically, I look at the fact that 95% of border crossi..."
political,75109,11,over_info,0,218.60800000000006,1.8439999999998236,1,0,1,0,0,0,1.8439999999998236,180.0,2,,"Yeah, I mean, well, first of all, my view is what Ronald Reagan said. There's no limit to what we can accomplish if you don't care who gets the credit. So I'm not out to get cre..."
political,75111,10,over_info,0,195.66400000000021,1.1729999999997744,0,0,0,0,1,1,0.0,148.337,1,Topic Shift,"Well, I used to say, you know, long before I held office for 20 years, I had a talk radio show. We used to talk a lot about this. And I grew up in a family that ran gas stations..."
political,75111,22,over_info,0,228.337,1.8209999999999127,1,0,1,0,0,0,1.8209999999999127,180.0,2,,"Well, again, I would leave that question. which predated our administration to the Ukrainian government. But with regard to this invasion, this incursion, the Donbas region, I j..."
political,75130,19,over_info,5,70.18700000000001,4.116999999999962,1,0,1,0,0,0,4.116999999999962,180.0,2,,"you have banks that have the same regulatory burden as those that are 5, 10. Yeah, I mean, 5 and 10 times the size that they are. In fact, you have some banks that have the same..."
political,75174,3,over_info,5,116.48599999999999,0.7889999999999873,1,0,1,0,0,0,0.7889999999999873,180.0,2,,"Well, I'd like to think it's the same motivation that's in my DNA, and that was in Elijah's DNA. We were just brought up to believe that public service had a nobility about it,..."
political,75174,7,over_info,0,281.8499999999999,0.12000000000011823,2,0,2,0,1,0,136.53600000000006,160.63700000000017,5,Topic Shift,"Well, one of the things that's a reality about this election is that if I am elected I will get back a certain portion of my seniority. That's a determination of the Democratic..."
political,75286,37,over_info,0,170.09799999999996,1.0,0,1,5,1,0,0,79.78300000000013,180.0,7,,"Sure, I think. Well, thank you. I don't know what I would say to that. Each of us is assigned to choose as a desk with us in a floor-based and seniority. Someone told me to pull..."
political,75312,30,over_info,5,64.73800000000006,0.5419999999999163,0,1,4,0,0,0,87.29599999999982,180.0,6,,"Well, I think Andrew Dunn wrote about that in his long-leaf politics website over the weekend. I want to say maybe today I saw it talking about North Carolina's history. in the..."
political,75349,11,over_info,5,83.30200000000002,0.2599999999999909,0,0,0,0,1,1,0.0,8.821000000000026,1,Topic Shift,"One would think, right? And as I understand, actually represented some similar plaintiffs in very similar litigation just a few years ago. I mean, the courts should not be playi..."
political,75367,9,over_info,5,85.64600000000002,2.659999999999968,1,0,3,0,0,0,43.41300000000001,91.34100000000001,4,,"Well, for them, they think it's good. And you see the Biden administration shift their messaging that first inflation didn't exist. Those things that you saw in the grocery stor..."
political,75371,15,over_info,5,158.152,0.8799999999999955,0,0,1,0,0,1,0.0,180.0,1,,"Well, it's a challenge because notwithstanding yourself and a number of media outlets, we really don't get much as conservatives get much fair coverage in the media. And I mean,..."
political,75446,21,over_info,5,69.80500000000006,0.4800000000000182,0,0,4,0,0,1,0.0,180.0,6,,"Yeah, and I think like so many trans people I've had experiences early on and especially in my transition where my identity and my name on my driver's license didn't match who I..."
political,75584,4,over_info,5,177.67999999999998,1.4510000000000218,2,0,2,0,0,0,130.555,180.0,4,,"Well, I never thought that I would go to Congress to work on climate issues so intensely. My big issues I ran on were immigration, the economy, taxes, foreign policy. And yeah,..."
political,75670,23,over_info,3,142.46799999999996,0.43000000000006366,0,0,4,0,0,1,0.0,180.0,4,,"Yeah, I was actually at the Capitol that morning. People forget that that was the first day of work for many members of Congress. And I had been asked to come speak to a group o..."
political,75670,33,over_info,0,158.45900000000006,0.7809999999999491,0,1,3,0,0,0,78.08399999999983,180.0,4,,"No, in fact, and they know it. I've seen some Democrat polling and they've got a problem politically with this in that while their voters think abortion is important, it doesn't..."
political,76016,15,over_info,5,74.18299999999999,0.32000000000005,1,0,1,0,1,0,0.32000000000005,111.48400000000004,3,Topic Shift,"Well, Congresswoman Lee did call for a ceasefire on the morning of October 8th at a public event that all the Democratic candidates were at. At that time, Israel was reeling fro..."
political,76296,21,over_info,5,112.19299999999998,0.8809999999998581,1,0,1,0,1,0,0.8809999999998581,77.35500000000002,3,Topic Shift,"Well, there I'll let that I'll let any announcements or results of those that work You know it's by the governor. I'll just tell you this there's no easy to get there. It just d..."
political,77043,7,over_info,4,186.71900000000005,2.201000000000022,2,0,1,0,0,0,156.40099999999995,180.0,3,,"Well, we were in the driver's seat in terms of strength and defense. We were in the driver's seat in terms of the world finally recognizing that they were really needed to conti..."
political,77131,16,over_info,0,158.485,0.18000000000006366,1,0,2,0,0,0,0.18000000000006366,180.0,3,,"show on the medical school stuff and why nutrition is not emphasized. I mean, I talk to the heads of our medical schools. I even talk to the people who do the accreditation for..."
political,77131,21,over_info,5,71.18700000000013,1.2239999999999327,0,0,2,0,0,1,0.0,180.0,2,,"I think choice is so important. We forget that kids are very discerning, but that it's not that they don't like things that are also good for them. It's like they like particula..."
political,77388,15,over_info,5,134.50299999999993,0.7430000000000518,2,0,1,0,0,0,157.80700000000002,180.0,3,,"Well, I think People are coming here because a lot of different reasons. Look at our quality of life. Look at our low taxes. Look at our proximity to the mountains to the beache..."
political,77425,11,over_info,5,67.14600000000007,1.0209999999999582,2,1,3,0,0,0,109.4319999999999,180.0,6,,Great question. So let's just go back in history again. So cannabis was not scheduled at all until about 50 years ago or 51 or two years ago under Richard Nixon. All of a sudden...
political,77446,3,over_info,5,73.043,0.9200000000000159,1,0,2,0,0,0,0.9200000000000159,180.0,3,,"Well, I mean, I think this is a president who says things without really knowing the mechanics of how our government works. And, you know, the Senate is not as an independent bo..."
political,77448,3,over_info,5,67.43700000000001,0.8659999999999854,1,0,3,0,1,0,0.8659999999999854,180.0,5,Topic Shift,"Well, I think if we were to fail to fund community health centers, it would be disastrous for especially rural communities across the country. And when you think in particular a..."
political,77457,7,over_info,0,165.61199999999997,0.18000000000006366,0,0,2,0,0,1,0.0,180.0,2,,"Oh, it is. It's all interrelated. And, you know, during the Obama administration, I tried repeatedly to get China placed on the tier three, which is, again, the egregious violat..."
political,77697,19,over_info,5,160.5329999999999,0.7290000000000418,2,0,1,0,0,0,176.5,180.0,3,,"Well, I think the best way to approach things in the United States Senate is to try to find common ground, you know, because the great legislative accomplishments in our history..."
political,77697,25,over_info,0,325.68100000000004,0.6759999999999309,0,0,3,0,0,1,0.0,180.0,3,,"Well, look, I think it's observed the way the filibuster has evolved. But it's not because of the filibuster, except it's because of the way the rules have evolved. The filibust..."
political,77712,19,over_info,0,288.61799999999994,0.7609999999999673,0,0,1,0,0,1,0.0,99.1289999999999,3,,"Exactly. And that's a big misconception. And in fact, right before this, this George Floyd bill was introduced, I had legislation that was a way to reform 1033 to actually make..."
political,77761,7,over_info,0,213.72400000000005,1.8409999999999513,2,0,2,0,0,0,162.50199999999995,180.0,4,,"Well, we have become very partisan. You know, we're that split nation, 40, 40, 20. But I see something even more different than that, Benny. I see an aristocracy on both sides o..."
political,77842,7,over_info,4,153.80300000000005,0.7799999999999727,2,0,2,0,0,0,87.68599999999992,160.23799999999994,5,Stonewalling / Non-Response,"There are things called community funding projects that used to be called earmarks, what we changed the name because earmarks got a bad name. I've always been a supporter of tho..."
political,77887,12,over_info,5,72.96899999999994,0.44000000000005457,1,0,1,0,0,0,179.31500000000005,180.0,2,,"It's interesting that federal trade commissions, I find it interesting because 15 years ago, like you said, they just allowed every company under the sun to vertically integrate..."
political,77937,28,over_info,5,125.25400000000013,0.13999999999987267,1,0,1,0,1,0,0.13999999999987267,79.0139999999999,3,Topic Shift,"in the political realm, one disadvantage conservatives have versus liberals is conservatives just don't want anything to do with the government. So I just stay off my back where..."
political,78000,5,over_info,0,199.635,1.5430000000000064,2,0,2,0,0,0,136.46799999999996,180.0,4,,"Well, you know, I think we're going to have to do another relief package, because again, you know, when you look at what we've done and we passed four bills, totaling somewhere..."
political,78052,51,over_info,0,162.86599999999999,1.2409999999999854,1,3,3,0,0,0,164.54600000000028,180.0,7,,"Well, the VAIR system is public, so you can actually read what's being put in there. One thing that is fingernails on the chalkboard to me is when I hear people say there's no e..."
political,78083,19,over_info,0,256.64599999999996,0.7300000000000182,0,0,3,0,0,1,0.0,180.0,4,,"There's the nuts and bolts if you are the blocking and tackling of infrastructure. The roads, the bridges, the highways, the broadband, which now I think is now being lumped, I..."
political,78084,17,over_info,5,83.84500000000003,0.9390000000000782,0,1,0,0,1,0,0.9390000000000782,26.11200000000008,2,Topic Shift,"Well, one thing I can tell you is that Twitter is unrepresentative of the real world. Right. You know, to be on Twitter, you would think that every New Yorker was in favor of de..."
political,78084,23,over_info,3,154.02999999999997,1.8740000000000236,1,0,4,0,0,0,144.57500000000005,180.0,6,,"So, you know, public housing is the central cause of my life. You know, the New York City Housing Authority. is the largest provider of affordable housing in the country. It hou..."
political,78108,5,over_info,3,175.86300000000006,1.6999999999999318,1,0,1,0,1,0,1.6999999999999318,154.99199999999996,3,Topic Shift,"So the Space Force, just to be clear, is above the radar and not below the radar. A couple of things. So the space force is actually quite small. It'll be by far the smallest of..."
political,78108,19,over_info,5,192.47500000000014,1.3599999999999,1,0,3,0,0,0,143.16999999999985,180.0,4,,"Interesting point on strategy. And thank you for bringing up strategy because in the whole debate over the last couple of years leading up to the creation of the Space Force, th..."
political,78108,23,over_info,5,70.04199999999992,1.7799999999999727,3,0,2,0,0,0,171.212,180.0,5,,"I think the standards are the same for military equipment as they are for satellites. The answer to that is generally yes, but I think all of us know that the threat is signific..."
political,78183,31,over_info,0,238.87599999999998,1.2129999999999654,2,0,1,0,0,0,140.43399999999997,180.0,3,,"so you know it's interesting I don't have a firmware collection of you know I sit down in a conversation My Grand Uncle President Kennedy's passing was, you know, well before I..."
political,78183,33,over_info,5,111.67699999999991,1.872000000000071,1,0,1,0,0,0,1.872000000000071,180.0,2,,"No, my you know similarly i got i can remember the first time i i would have heard about i don't know that i mean it was just like that's kind of a lot of lines of you know when..."
political,78469,11,over_info,5,79.03399999999999,1.0410000000000537,0,0,0,0,1,1,0.0,26.081999999999994,1,Topic Shift,"you. So what do people in developed countries do? Developed countries with single payer systems. No country really is totally single payer, but there are some countries that are..."
political,79345,31,over_info,5,71.79500000000007,0.9429999999999836,0,0,1,0,0,1,0.0,119.346,3,,zetajoules. You know what a jewel is? It's the unit of measure of heat energy. A zetajoule is that with 21 zeros behind it. The entire energy production and use by the human spe...
political,79406,17,over_info,0,164.75199999999995,5.076000000000022,0,0,4,0,0,1,0.0,180.0,4,,"more and more as I'm here is four months now. And one of the things that I realize is when people don't have a policy agenda, they don't have a plan for the American people. It'..."
political,79408,19,over_info,0,237.9920000000002,0.1999999999998181,0,0,0,0,0,1,0.0,15.669999999999845,1,Stonewalling / Non-Response,"Yeah, I think we have to have qualitative and quantitative skills. We have to have empathy and wisdom and STEM knowledge. There isn't some simple trade-off. Well, we used to do..."
political,80072,18,over_info,0,255.21400000000006,0.35999999999989996,2,0,2,0,0,0,37.506000000000085,180.0,4,,"Well, no, he did convince himself. I mean, he lived in many ways. He lived frequently in a world of his own making. I mean, it shouldn't be surprising because the PLO over a per..."
political,80094,27,over_info,5,75.34399999999994,1.18100000000004,0,0,0,0,0,1,0.0,66.26199999999994,1,Stonewalling / Non-Response,We have to say we see where America has headed. We see the modern economy and here's your place in it and how you're going to succeed in it and how your family and your communit...
political,80097,25,over_info,5,71.46399999999994,1.5740000000000691,0,0,0,0,0,1,0.0,32.950000000000045,1,Stonewalling / Non-Response,"assumption. I think about, again, I may be jaded by my rope-a-dope with a lot of the big tech companies in terms. And again, I think they're great companies, for the most part...."
political,80105,19,over_info,5,78.4960000000001,0.8299999999999272,0,0,0,0,1,1,0.0,30.449999999999818,1,Topic Shift,uh... i don't buy it uh... i think uh... one thing we could do it would make sense and i said someone voted against the chips act but i i would love for you know i would have to...
political,80120,6,over_info,0,269.061,0.2599999999999909,2,0,1,0,0,0,174.84199999999998,180.0,3,,"Yeah, and of course, as you say, it is completely consistent with conservative thought. And the thing I love to show conservative audiences is a clip of Milton Friedman, one of..."
political,80120,14,over_info,3,201.44399999999996,1.2200000000000273,0,0,0,0,0,1,0.0,28.88499999999999,2,Stonewalling / Non-Response,"Well, when I get discouraged, I go watch the 17 minutes of pure American exceptionalism. They're in President Kennedy's speech at Rice University, September 1962. It's a moonsho..."
political,80189,3,over_info,5,92.14000000000004,0.6599999999999682,0,0,1,0,0,1,0.0,180.0,2,,"Well, I'm probably in mindfulness meditation and that as I was researching that book, I kind of dig into the effects of stress and anxiety and all the rest. And as I was doing t..."
political,80194,8,over_info,0,183.07699999999994,0.5240000000000009,1,0,0,0,0,0,0.5240000000000009,8.270000000000095,2,Stonewalling / Non-Response,"the problem. This is a cornucopia of awful things. And it was already a cornucopia of awful things before I started the job in March. So I started in March. And since then, we h..."
political,80194,12,over_info,5,80.64200000000005,1.1159999999999854,0,0,2,0,0,1,0.0,180.0,2,,"is? No, I mean, if the president truly is sick and is unable to function, what triggers it is the majority of the cabinet and the vice president voting to just at least temporar..."
political,80200,41,over_info,0,169.35300000000007,0.25999999999976353,1,0,5,0,0,0,0.25999999999976353,180.0,6,,"Yeah, well, it's really simple, and you know this. I wrote a little book called Countdown of Socialism. And, you know, little did I know that was before the Hunter Biden laptop...."
political,80231,21,over_info,5,74.28200000000015,1.6019999999998618,0,0,1,1,0,1,0.0,33.97199999999998,3,,"Not only should it be a possibility, it's a necessity. for pluralistic democracy like ours. The trouble is that politics has become religiosity without religion. If you're on th..."
political,80232,28,over_info,5,148.62799999999993,0.5989999999999327,1,1,2,0,0,0,78.55099999999993,180.0,4,,"Yeah, I mean, and it was interesting. So I was probably, if you go back in time and track, and I don't have the energy, the will, or the desire to do this, but to track the numb..."
political,80247,17,over_info,5,118.3359999999999,0.34000000000003183,1,0,1,0,0,0,0.34000000000003183,180.0,2,,"Well, that's absolutely right. There's nothing I love more than visiting students and schools throughout the state, and I've visited more than 200 schools in my time in the Sena..."
political,80466,31,over_info,5,66.01999999999998,1.1210000000000946,2,0,3,0,0,0,80.01700000000005,180.0,6,,you're working under the concept that you have to logically present an argument to somebody to convince them logically that this is the right thing to do. But you're missing the...
political,80547,19,over_info,5,302.192,0.90300000000002,1,0,1,0,0,0,0.90300000000002,180.0,2,,"I think we've made considerable advancements, but to your point, the state engineer's office has been woefully understaffed and underfunded for well more than a decade before 20..."
political,80564,51,over_info,5,84.22400000000005,0.6209999999999809,3,0,3,0,0,0,138.87200000000007,180.0,6,,"Yeah, I did. I did. And the way it worked is, you know, you probably out of the year, let's say you're doing 10 years and let's say two months was back, maybe sprinkled througho..."
political,80568,15,over_info,5,69.09199999999998,0.8209999999999127,2,0,1,0,0,0,167.91499999999996,180.0,3,,"You know as a libertarian I say whatever they want and whatever are they gonna for how how scared are you and No, I would think just common sense would say that, you know, I lea..."
political,80660,7,over_info,4,105.16200000000003,0.43200000000001637,0,0,0,0,1,1,0.0,30.047000000000025,1,Topic Shift,"Well, a lot of this package was assembled by a congressional black caucus. And there's some residual tension dating back to Ronald Reagan, dating back to Richard Nixon's war on..."
political,80786,41,over_info,5,68.83100000000013,0.13999999999987267,3,2,1,0,1,0,100.52999999999997,106.05399999999986,7,Topic Shift,"The dreamers are going to come later. And we have to do something about the dreamers because these are people that have been brought here. At a very young age, and many of these..."
political,81018,23,over_info,5,79.48700000000008,1.7699999999999818,1,0,1,0,1,0,1.7699999999999818,180.0,3,Topic Shift,"No, according to the law, according to what's written in law, now we could have the same bureaucrats who interpreted the duplication benefit fixed, but I'll tell you what the la..."
political,81112,14,over_info,5,67.54500000000007,0.7069999999999936,0,0,0,0,1,1,0.0,17.041999999999916,1,Topic Shift,"No, they're absolutely positive efforts with the best of intentions, but the fact that we had to resort to that just shows how problematic this whole situation is. And it's a pl..."
political,81114,28,over_info,5,110.2969999999998,0.5020000000001801,0,0,0,0,0,1,0.0,42.35100000000011,1,,"Yeah, I do. And I think that issue, because they're part of the problem, I hate to say it, that issue that I actually fear more than China, more than terrorism, more than COVID..."
political,81171,1,over_info,0,391.44399999999996,0.2400000000000091,2,0,2,0,0,0,142.22000000000003,180.0,4,,"Well, you know, I think in the very, very near future, we're getting probably in April, you know, trying to put together a public hearing. early in April on pro-mecha, and with..."
political,81214,7,over_info,5,65.39699999999999,1.1590000000000202,2,0,2,0,0,0,135.93699999999998,180.0,4,,"Well, I think that if you look at the history of the court over 50 years, it was established this constitutional right. to a women's reproductive rights. And it was reaffirmed t..."
political,81247,19,over_info,5,79.71500000000015,2.8439999999998236,1,0,1,0,0,0,2.8439999999998236,180.0,2,,"My advice is really twofold. One is that we need to focus on those bread and butter issues that people are concerned with every day in trying to make hands meet, in trying to ge..."
political,81304,3,over_info,5,68.0,0.4399999999999977,1,0,1,0,1,0,0.4399999999999977,53.507000000000005,3,Topic Shift,"It, of course, was so horrifying. You knew that it would just be seared in your brain throughout the rest of your life. And, of course, I was on Capitol Hill that morning going..."
political,81307,13,over_info,0,75.66100000000006,0.640999999999849,1,0,3,0,0,0,138.07799999999997,180.0,4,,"Well, she said it's a vote on the floor. So it's not that she wouldn't have voted on a bill that came out of committee anyway. So there was no actual, so in terms of like legisl..."
political,81395,13,over_info,5,169.053,0.83299999999997,2,0,2,0,0,0,148.88800000000003,180.0,4,,"Well, since I've just mentioned, you know, being near Roanoke, I had a fascinating day one day. I was hiking with my oldest son who at that point in time was a marine infantry c..."
political,81426,3,over_info,0,219.41199999999998,0.9010000000000105,1,0,1,0,0,0,0.9010000000000105,180.0,2,,"look, I mean, the National Press just got hold of it. You know, people have been talking about it for a week. Look, this has been an ongoing crisis. And it's an ongoing thing wh..."
political,81426,7,over_info,5,82.93399999999997,0.12000000000000455,1,0,2,0,1,0,89.75200000000007,126.69799999999998,5,Topic Shift,"Here's what we know. There's no evidence that anyone's eating a dog or a cat in Springfield or a pile. I mean, there's just absolutely zero, zero, zero evidence of that. What we..."
political,81463,3,over_info,5,169.589,2.923000000000002,1,0,3,0,0,0,144.041,180.0,4,,"Well, Bill, what they did is they took two bills and they put them together. And so here's what the dispute comes down to. Our party stands for parental rights. We stand for fam..."
political,81540,31,over_info,4,138.1579999999999,0.6010000000001128,2,0,2,0,0,0,58.92800000000011,180.0,4,,"Well, once you fill out the form, call an ATF form 4473 and you answer all the questions that I talked about before under penalty of perjury. And you bring in a government issue..."
political,82278,9,over_info,5,72.99399999999997,0.9220000000000255,1,0,1,0,0,0,0.9220000000000255,180.0,2,,"Yeah, I think sometime late summer, early fall is we're going to have to go back and replenish the coffers, so to speak, and look at more aid. I don't want to go into specifics..."
political,82278,27,over_info,0,116.96000000000004,0.6399999999998727,0,0,2,0,0,1,0.0,180.0,2,,"I think of that. I don't think they're in alignment. I think that's an overstatement. I think they have overlapping interests, and I think those interests continue to overlap mo..."
political,82369,14,over_info,0,219.15899999999988,2.9220000000000255,1,0,3,0,0,0,51.03300000000013,160.7539999999999,4,,because this is This is exactly right. I don't care whether you're Democrat or Republican or somewhere in between. This is the kind of crap that people just bang their head agai...
political,82736,35,over_info,5,74.23900000000003,1.5509999999999309,1,0,3,0,0,0,1.5509999999999309,180.0,5,,"Well, I think it's important when you look at the platform, it's a part of Texas to have both planks. And both planks are found that's what makes this was in part of Texas, what..."
political,82737,25,over_info,0,74.88599999999997,0.31999999999993634,2,0,4,0,0,0,86.59999999999991,131.86400000000003,8,Stonewalling / Non-Response,"You know, I served on Capitol Hill. I was a defense fellow. So I was a full-blown Senate staffer on Capitol Hill for a year and a half with Marco Rubio. Oh, there you go. Yeah...."
political,82950,11,over_info,5,65.92699999999999,1.6820000000000164,2,0,2,1,0,0,24.54000000000002,49.684000000000026,6,,"Well, part of it is back to the health related information. You know, the National Institute of Health figures feels that they don't really fully understand how all of this work..."
political,83401,4,over_info,5,99.868,1.6029999999999518,0,1,2,0,0,0,62.48199999999997,180.0,3,,"Yeah, that's kind of the thing that irks me about this too. And I know we explain some of the stuff that happened post World War II to help Europe rebuild. And we allowed this a..."
political,83806,3,over_info,5,73.506,1.122000000000014,1,0,1,0,0,0,1.122000000000014,180.0,2,,"Sure, we're allowed to see the entire facility. The only thing we were not allowed to do, we quite frankly were not allowed to talk directly to the inmates, to the detainees in..."
political,83819,9,over_info,0,223.13,0.7809999999999491,0,0,2,0,0,1,0.0,180.0,2,,"When people ask, you know, how do you, what a success is, you know, I'll tell you, your determination and hard work in the two key ingredients to success in life, if you really..."
political,83835,44,over_info,5,101.92599999999993,0.2810000000004038,0,0,2,1,1,1,0.0,150.72000000000025,5,Topic Shift,"Well, this was an escape for me when I was trying to get away from my relationship with him, where I wanted to be scheduled constantly. I didn't want to have to have time unfill..."
political,83897,13,over_info,5,72.24100000000004,1.620999999999981,1,0,2,0,0,0,166.00399999999996,180.0,3,,"Right. So there's been negotiations going on now for literally two and a half months, I guess you would say, over what the next package might involve. Unfortunately, Nancy Pelos..."
political,83897,14,over_info,5,74.00600000000003,0.5799999999999272,1,0,1,0,0,0,90.37699999999995,180.0,2,,I'll wait until next time to ask you a question on some of the dealings and communication that you go through. I can't imagine. We'll get to that next segment. But the CARES Act...
political,83897,49,over_info,0,95.73600000000033,0.27999999999974534,1,0,2,0,0,0,43.94499999999971,180.0,4,,"Well, I think the answer in Washington is that we need to do two things. One, we need to get back to what the Founding Fathers originally envisioned for this country. So they th..."
political,84063,19,over_info,5,74.12400000000002,1.1899999999998272,2,0,2,0,0,0,141.41999999999985,180.0,4,,"I'll give you one example, something that we can do immediately. And it doesn't require, you know, any major technological overhaul, Senator Amy Klobuchar and Senator Ron Weiden..."
political,84089,7,over_info,5,77.459,1.0219999999999914,0,0,2,0,0,1,0.0,180.0,2,,"Absolutely, yes, at Thinker Analytics, we start from the assumption that exchanging reasons, even competing or directly opposed reasons that we have for our beliefs can be produ..."
political,84091,11,over_info,0,298.27199999999993,1.2709999999999582,0,0,0,0,0,1,0.0,54.988000000000056,2,Stonewalling / Non-Response,"Gee, look at the time. The other? Yeah, thanks, thanks. Look, I'm incredibly proud of the Record War Administration. Jason, I appreciate you acknowledging the work that we did f..."
political,84095,7,over_info,5,76.22999999999996,0.7610000000000241,2,0,2,0,0,0,133.37400000000002,180.0,4,,"I do think, you know, maybe in some context, it's considered more of a conservative policy issue, but I do think to your point, we've seen states of all partisan varieties adopt..."
political,84099,11,over_info,4,164.36800000000005,0.6399999999998727,1,0,1,0,0,0,0.6399999999998727,180.0,2,,"Oh, sure. Because one of the things that's important for all colleges and universities, doesn't matter what type you are, is some stability in the regulatory apparatus that you..."
political,84105,1,over_info,0,246.83900000000003,0.30000000000001137,0,0,0,0,0,1,0.0,1.4610000000000127,1,Stonewalling / Non-Response,"Thank you, Jason. First of all, let me just say how pleased I am to be here. I think as you guys get a little bit of my history, you'll see why I have such a passion for what yo..."
political,84105,7,over_info,0,195.88800000000003,1.9020000000000437,2,0,2,0,0,0,135.45000000000005,180.0,4,,"Well, when you have six kids, which I have six kids, and all I sit them all to go to school out there, because I believe in the culture. I wanted to leave a home and have, I wen..."
political,84106,3,over_info,5,69.84500000000003,0.8410000000000082,1,0,3,0,0,0,0.8410000000000082,180.0,4,,"That's a great question. So the number one difference between those two is the counterfactual, you know, for a graduate program. By definition, a graduate student has to have a..."
political,84107,10,over_info,5,83.37299999999993,0.4800000000000182,0,0,1,0,0,1,0.0,180.0,1,,I won't belabor the point about cosmetology because I do think it's widely accepted that there are ancillary factors that go into that. There's certainly differences of agreemen...
political,84107,11,over_info,0,203.11799999999994,0.6640000000002146,1,0,1,0,0,0,0.6640000000002146,180.0,2,,"So I just looked at it in a little bit of a different way. It's just You looked at it in a very quick way. How quickly are graduates able to recoup their costs, which is the bes..."
political,84108,6,over_info,5,225.84899999999993,0.6200000000001182,0,0,1,0,0,1,0.0,180.0,2,,"When the Department of Education about 10 years ago started to consider these topics, the data did not exist to make these types of comparisons in a user-friendly way. The colle..."
political,84126,89,over_info,5,71.25099999999975,0.40000000000009095,1,0,0,0,0,0,0.40000000000009095,4.157999999999902,2,Stonewalling / Non-Response,"Right. Well, I mean, it's basic. They call it contrails, which is the natural production of a jet engine, but they don't have that anymore. Those don't exist. I mean, they might..."
political,84213,1,over_info,5,64.773,0.5559999999999974,2,0,2,0,0,0,128.066,180.0,4,,"smaller programs of significant interest to Wisconsin, the Agriculture and Food Research Initiative. as well as the Sustainable Agriculture Research and Education there, which i..."
political,84221,5,over_info,5,66.916,0.30000000000001137,2,0,3,0,0,0,95.87099999999998,163.128,5,,"Yeah, so the range in percentage terms of Russian oil import has been roughly three to seven percent of our total import. And that is, you know, it's not a huge amount. It's mad..."
political,84240,1,over_info,5,269.26300000000003,0.853999999999985,1,0,0,0,1,0,0.853999999999985,180.0,3,Topic Shift,"So let me set the scene. You may remember that we had decades, of course, of discrimination against African-Americans on housing. It was written into the law. The federal govern..."
political,84240,5,over_info,0,227.14699999999993,0.7380000000000564,2,0,0,0,0,0,26.70500000000004,31.147000000000048,3,Stonewalling / Non-Response,Although do understand. It's not me alone. It's me with you that they're worried about. It's the inside and the outside together that they're really worried about. So I think of...
political,84246,15,over_info,5,82.31100000000004,0.5800000000000409,1,0,1,0,1,0,0.5800000000000409,95.524,3,Topic Shift,"First of all, let me say in full disclosure, I would not like to see a single dime of taxpayers' dollars used to build any of these facilities. I just maybe attach right off, bu..."
political,84507,21,over_info,0,221.20399999999995,0.2999999999999545,0,0,3,0,1,1,0.0,138.76099999999997,4,Topic Shift,"As chair of the Republican conference, you are charged with communication. You're the point person with communication as well as helping the members be successful as much as you..."
political,84540,1,over_info,4,147.394,0.040000000000020464,0,1,3,0,0,0,90.714,180.0,4,,"gonna tell you the story today, Karen. It's about a pivotal role that cars played in none other than the Montgomery bus boycott. Okay, well, yes. It's right there in the title...."
political,84781,21,over_info,5,78.202,1.1210000000000946,0,0,3,0,0,1,0.0,180.0,4,,"Yeah, I think most of the most of the confusion, most of the difficulty is not in the technicality of the language that they're using terms of art or anything like that. Most of..."
political,84782,7,over_info,5,67.67999999999995,0.5199999999999818,3,1,1,0,0,0,88.47300000000007,114.91499999999996,8,,Well with respect to the emergency powers one of the things that I think we ought to look at is taking a declaration of a national national emergency and saying it's there for e...
political,85779,6,over_info,0,234.701,0.9050000000000296,1,1,0,0,0,0,21.64300000000003,180.0,2,,"pretty optimistic. First of all, as to the current state, on almost every important issue we are better than we've ever been. Certainly that's true for LGBT people. As I wrote i..."
political,85779,8,over_info,0,255.553,0.2999999999999545,0,0,1,0,0,1,0.0,180.0,2,,I have to disagree with them that there's a backlash. Same sex marriage is now a given. There's no backlash against that. There was a problem with trans people. But the backlash...
political,85779,16,over_info,4,294.67700000000013,0.6209999999998672,1,1,1,0,0,0,173.41200000000003,180.0,3,,"Well, I was always interested in politics. As I said, when I was 13, I was watching and I was regretful that I could never be an active participant myself because I was gay and..."
political,85927,13,over_info,5,71.86599999999999,0.2999999999999545,0,0,1,0,1,1,0.0,58.125999999999976,3,Topic Shift,"That's a tough question, Todd. Yes, I do trust them generally. I am concerned about some isolated instances of malfeasance and I'm concerned mostly Todd that the system as we bu..."
political,86347,9,over_info,5,72.863,1.3210000000000264,3,2,3,0,0,0,127.54200000000003,180.0,8,,"I wouldn't say that it's just, you know, the squad. I would say, yeah, I mean, I don't, I have lots of disagreements with Joe Biden. I certainly didn't vote for him. I would not..."
political,86462,17,over_info,5,123.72399999999993,1.86200000000008,0,1,2,0,0,0,73.62200000000007,180.0,3,,"But the thing is you would, I think a lot of white people specifically are shocked or Americans are shocked at these laws, especially ones that are like, quote unquote, woke or..."
political,86462,21,over_info,4,172.50099999999998,1.91800000000012,0,1,1,0,1,0,1.91800000000012,180.0,3,Topic Shift,"I want to point out that private companies in France, by the way, are like, nothing prohibits wearing the job and stuff like that, or any kind of ad covering to like your work,..."
political,86551,13,over_info,5,115.87300000000005,0.5609999999999218,1,0,0,0,0,0,0.5609999999999218,55.07300000000009,2,Stonewalling / Non-Response,"Well, that's correct. We problem and there have been efforts to try and do schedule it. And when that happens, The bill gets Christmas tree and they had a whole bunch of stuff t..."
political,86723,30,over_info,5,91.46000000000004,3.018999999999778,1,0,2,0,0,0,131.44299999999976,180.0,7,,"Well, you know, you use the kind of analogy of surfing and, you know, for any of the surfers out there, you know, or maybe for the non surfers who don't know, as you're sitting..."
political,86978,8,over_info,5,144.77100000000002,2.1210000000000093,2,0,2,0,0,0,172.442,180.0,4,,"It's still in, yeah, it's on 16th, just below Camelback. Yeah, well, we can talk about the Boy Scouts if you want. The question I did wanna, I was gonna throw at you and feel fr..."
political,86993,40,over_info,5,77.52099999999996,3.3630000000000564,0,1,2,0,1,0,95.37200000000007,180.0,4,Topic Shift,Well the one thing that I always thought was interesting about the lake taping situation is of course the rules for you know who you can tape and what state are different in Ari...
political,87022,7,over_info,4,283.304,0.5730000000000928,0,0,1,0,0,1,0.0,180.0,1,,"In this case, it is a, for me at least, a complete shock. Less than two weeks ago, the leader of Saudi Arabia and the leader of Israel were on I guess you'd call it live televis..."
political,87078,27,over_info,5,76.09899999999993,0.2849999999998545,0,0,2,0,0,1,0.0,180.0,2,,"I think your point is right. And I think that especially essentially the thrust of it, which was As a nation, we clearly agree that racism is bad. So that's well taken. So someb..."
political,87105,23,over_info,5,132.23199999999997,0.5799999999999272,1,0,1,0,1,0,0.5799999999999272,45.50999999999999,3,Topic Shift,Absolutely. That's what they have to do to be able to seize power. And that's what they with great passion try to do continuously. And and it's also if it's funny to hear them c...
political,87339,31,over_info,5,71.24199999999996,0.18000000000006366,0,0,0,0,0,1,0.0,0.40000000000009095,1,Stonewalling / Non-Response,"Well, I think you're exactly right. I mean, it was that hearing. was something that we've been calling for for quite some time. But what you're seeing is on a drip, drip, drip b..."
political,87372,11,over_info,5,88.70300000000009,0.5399999999999636,0,0,0,0,0,1,0.0,0.6000000000000227,1,Stonewalling / Non-Response,"Well, you're talking too much comments since there. In reality, much of what you've described, I shouldn't say much, meetings were going on between leadership and people who wan..."
political,87417,9,over_info,4,232.183,1.330000000000041,0,0,1,0,0,1,0.0,180.0,3,,"Well, let me be clear. It's more about providing the tools to the Commerce Department to enforce our current trade laws. Then it is about changing our trade laws. We've already..."
political,87421,13,over_info,5,69.80700000000002,0.5330000000000155,0,0,2,0,0,1,0.0,180.0,2,,"So it comes in many different ways. The first success is being able to deliver for the people that elect us to represent them, to protect their jobs, to bring more jobs home, to..."
political,88122,17,over_info,5,149.55500000000006,0.7469999999999573,0,0,2,0,1,1,0.0,133.24,3,Topic Shift,"But I don't think it's a sense of what I didn't know, but it affirmed to me. And I'm actually kind of nostalgic for it in that when I did the 67 County weed tour, everybody want..."
political,88432,7,over_info,5,178.89999999999998,0.9759999999999991,0,0,0,0,1,1,0.0,84.4419999999999,1,Topic Shift,"I'll be candid with you. Before Passipo was repealed, Wayne, I told you I had two other projects with iMEGA. I got exchange wage during the horse racing done like that. We got i..."
political,88434,3,over_info,5,122.72800000000001,1.5329999999999586,2,0,2,0,0,0,150.707,180.0,4,,"Well, right now, when you say prioritizing, I think it's important to recognize that when we think about energy policy and we think about how rapidly things are developing, one..."
political,88455,7,over_info,0,185.67499999999995,0.33400000000006,0,0,2,0,0,1,0.0,180.0,2,,"that's the problem is it takes me, it takes you five seconds to say I'm gonna give you something for free. Free education takes me five minutes to explain why it's not free and..."
political,88455,13,over_info,0,193.385,0.7809999999999491,0,0,4,0,0,1,0.0,180.0,4,,"And once again, have compassion for Americans first. This is our country. you'll see an amazing number of Americans go to foreign countries to help people, to get them right. It..."
political,88463,7,over_info,5,87.72199999999998,0.42099999999999227,1,1,2,0,0,0,94.368,180.0,4,,"So what you're hearing, you're hearing a lot of bullshit in Washington. I'll just say it that way. Okay. All right. If you want to secure the border, you have to get serious abo..."
political,88536,4,over_info,5,76.12599999999999,0.132000000000005,1,0,3,0,1,0,0.132000000000005,180.0,5,Topic Shift,"Well, I don't know that it's necessary when you're responding in a manner such as this to defend yourself against an immediate and or imminent threat. You deal with the threat...."
political,88536,6,over_info,4,76.75299999999999,0.18100000000004002,0,0,2,0,1,1,0.0,106.47200000000004,3,Topic Shift,well uh... that's basically it is really in uh... yet another opportunity that the democrats were taking to try to poke their eye in the uh... president and to try to handcuff h...
political,88541,6,over_info,5,74.35900000000001,0.5600000000000023,2,0,2,0,1,0,92.67700000000002,164.89,5,Topic Shift,yeah i don't know i mean there isn't there's from my understanding and hearings that we have had there have been no indications that any of those attempts actually affected the...
political,89100,27,over_info,5,89.22199999999998,12.404999999999973,0,0,0,0,1,1,0.0,57.12200000000007,1,Topic Shift,"Yeah, so it's a new vulnerability. There's more of a hardware vulnerability, more rather than a software vulnerability. So yeah, internet security community is pretty smart abou..."
political,89292,3,over_info,5,77.81000000000003,1.0419999999999732,1,0,2,0,0,0,179.885,180.0,3,,"A lot of times, I like to think that when you try to live your life, you want to live your life in the most authentic way you can. You want to feel like you're walking in your p..."
political,89292,25,over_info,5,82.15199999999982,1.44600000000014,0,0,4,0,0,1,0.0,180.0,4,,"Absolutely. You know, but don't even look at it from the standpoint of the country. Think about human history. Yes. Okay. Words. That's much worse. Think about, you know what I..."
political,89372,35,over_info,0,69.83100000000013,0.8460000000000036,2,0,2,0,0,0,35.164999999999964,180.0,4,,"Sometimes it's not just a matter of looking at, well, you know, when I made the decision to run for the Senate, as I said, I had a relatively safe seat in the U.S. House. I work..."
political,89396,5,over_info,0,172.04600000000002,1.0199999999999818,1,1,3,0,0,0,67.144,180.0,5,,"Well, you know, this is my 20th year in public service. And I spent 10 years in the state legislature in Texas and now I'm in my 10th year in Congress. And so you could imagine..."
political,89419,17,over_info,0,121.84399999999994,1.240000000000009,2,0,5,1,0,0,137.60400000000004,180.0,8,,"Well, there was a Westland offered a class, an elective, I think it was a 200 level or 300 level geology class, earth environmental class. in land use planning and was taught by..."
political,90103,9,over_info,0,119.46299999999997,0.35599999999999454,3,0,3,0,0,0,150.856,180.0,6,,"Well, I had a little experience when I was in the state legislature. I was in the state Senate before going to Congress. So I had a pretty good idea of how to maneuver in our re..."
political,90149,7,over_info,0,236.98299999999995,1.1720000000000255,1,0,1,0,0,0,1.1720000000000255,180.0,2,,"Look, Gil, it's in almost everything in life. It's easier to get along just by going along. So if you're sitting with 20 of your Republican friends and 19 of them say, hey, for..."
political,90167,7,over_info,5,72.541,0.5199999999999818,1,0,3,0,0,0,54.37900000000002,157.265,5,Stonewalling / Non-Response,"lot. I know. It really is a lot. I think that coming out of the pandemic, A lot of people just became more isolated and that is especially true of elders and it's especially tru..."
political,90175,11,over_info,5,66.80199999999996,1.5219999999999914,0,0,0,0,1,1,0.0,30.698000000000036,1,Topic Shift,It really applies to any generic drug that might be brought to market. So the way it works is that a name brand big drug company has market exclusivity for the first few years t...
political,90371,11,over_info,5,87.06799999999998,0.5800000000000409,0,0,2,0,0,1,0.0,180.0,2,,"But if you're beginning with unlimited monarchial power, limiting that power is a step in the right direction. And it works towards, and you also look at thinkers, people like J..."
political,90371,39,over_info,5,84.42000000000007,1.0760000000000218,0,1,4,0,0,0,1.0760000000000218,180.0,5,,"that we got here, you mentioned before divine providence. And I believe that was very much the case, that it was an extraordinary collection of people. We're having this debate..."
political,90596,8,over_info,5,70.07099999999997,0.2599999999999909,0,0,1,0,0,1,0.0,180.0,1,,I want your opinion. I remember sitting post the 2016 election and having an opportunity to listen to former President Obama talk about diversity and inclusion in the workplace...
political,90756,17,over_info,0,177.89699999999993,0.9690000000000509,0,0,2,0,0,1,0.0,45.76200000000017,4,,"Again, I just am in awe of the labor leaders who physically took the hit of Billy clubs and cops. I am in awe of people at Stonewall who took the hits physically and got beaten...."
political,90822,9,over_info,5,65.12,0.8199999999999932,3,0,2,0,0,0,171.654,180.0,5,,"Well, the thing that struck me almost immediately was when we were told that the vast majority of the bills that we would be voting on between January and one April are bills th..."
political,90860,15,over_info,0,145.24800000000005,1.8029999999998836,0,2,0,0,0,0,60.44399999999996,180.0,2,,"Yeah, so I'll start off by answering that question with this. No one saw Mike Pence as a VP pick. No, no one. So if anybody said they saw Mike Pence, Mike Pence wasn't on a Vega..."
political,90994,69,over_info,5,92.67900000000009,0.40000000000009095,2,2,4,0,0,0,89.49199999999973,89.95299999999997,8,,"Well, look, one of the things that we try to do since we got there, right, is I always say to friends that there aren't, there are always two ways to do things. And it's not the..."
political,91195,19,over_info,5,68.07300000000004,1.100999999999999,0,0,2,0,0,1,0.0,180.0,2,,"It's not really me against them. As a group, there's 12 of them against me. As a group, you're not even talking about the first stringers or the second stringers or even the far..."
political,91202,10,over_info,5,68.238,0.25,2,0,3,0,0,0,132.73199999999997,180.0,6,,i know it's not just state single-payer amendment that uh... was the amendment it was in the bill we're not asking for anything new it was in a h.r. 3200 we got it in the educat...
political,91237,21,over_info,5,83.33799999999997,0.46100000000001273,0,0,3,1,0,1,0.0,180.0,4,,"When people say, well, if you go back too soon, you're going to hurt the economy. Well, our health is our wealth, each individual. But health is also, it's emotional health. It'..."
political,91240,19,over_info,5,81.47300000000007,0.3089999999999691,1,0,1,0,1,0,0.3089999999999691,162.72500000000002,3,Topic Shift,"Well, of course, this year, absolutely, overwhelmingly, record number of women are running for public office across America, Congress, state houses, legislatures. So I think tha..."
political,91562,5,over_info,5,96.548,0.8209999999999695,1,0,1,0,0,0,0.8209999999999695,180.0,2,,lost my reelection for county executive to a guy named Ed Mangano He has since been convicted of bribery and corruption. So anybody's ever beaten me an election. Their life is o...
political,91645,25,over_info,5,66.0300000000002,0.4399999999995998,0,0,2,1,0,1,0.0,180.0,3,,"question. I mean, it's a wonderful memoir. And of all the civil rights memoirs, you know, I think it's one of the very best. And so in many ways, it was a great help both in sor..."
political,91646,14,over_info,5,80.91899999999998,0.4189999999999827,4,1,3,0,0,0,148.16499999999996,180.0,8,,"I understand what you're trying to do with your question, but this and of itself, I don't know what it would have affected or not affected. We would have had transparency if any..."
political,91894,12,over_info,0,169.74099999999999,0.8369999999999891,1,0,1,0,0,0,0.8369999999999891,180.0,2,,"That actually is one of the biggest surprises to me in the last few years. is how many people don't have that. The day I was elected, I go into the Capitol basically and I'm loo..."
political,91947,6,over_info,5,121.11,2.040999999999997,1,0,2,0,0,0,2.040999999999997,180.0,3,,"Well, I think that to be an effective legislative body, we need people from all different walks of life with all different backgrounds and all different opinions. And that all c..."
political,91947,20,over_info,5,78.44400000000019,0.9699999999997999,0,0,3,0,0,1,0.0,180.0,3,,"Someone would have to create that content, right? Someone has to say, oh, this is a post about the bill. We've got a bill on the floor today about Puerto Rican statehood. You kn..."
political,92288,9,over_info,5,103.38399999999996,2.8029999999999973,1,0,1,0,0,0,2.8029999999999973,180.0,3,,"Yeah, I think really kind of raining in the bureaucracy, controlling spending and focusing what money that we are spending on the right things. We need to focus on our defense,..."
political,92288,17,over_info,5,86.59400000000005,3.8609999999998763,1,0,5,0,0,0,3.8609999999998763,180.0,7,,"Yeah, you know, I think the other thing that I want people to know that in touring and going through Southwest Missouri, I want People that know that I recognize and realize the..."
political,92291,9,over_info,5,120.65199999999999,1.2309999999999945,1,0,3,0,0,0,1.2309999999999945,180.0,5,,"Well, I think the climate agenda shows you where this administration's true priorities are. They think that American farmers just like American energy producers are the problem...."
political,92292,7,over_info,5,85.67500000000001,1.3340000000000032,2,0,1,0,0,0,147.464,180.0,3,,"It's a day that everyone does not look forward to. That's what comes to mind. The most feared agency without a doubt, Garrett, is the IRS. People don't like working with the IRS..."
political,92346,31,over_info,5,270.69000000000005,1.0419999999999163,1,0,1,0,0,0,1.0419999999999163,180.0,2,,"No, you're exactly right. And, you know, and then some of the relief that's come recently, we had a big overhang of gas looking to come out of the Peruvian base and get to the G..."
political,92377,7,over_info,0,247.59299999999996,1.0629999999999882,1,0,1,0,0,0,1.0629999999999882,180.0,2,,"First of all, Mo, and thank you for giving me an opportunity to talk about some of these things because they are critical to our future. They are critical to the world. They are..."
political,92377,13,over_info,0,217.0279999999998,0.5080000000000382,1,0,1,0,0,0,0.5080000000000382,180.0,2,,then. So we're going to have to work through the differences between the U.K. and the European Union as they are working through their differences as they break apart and treat...
political,92377,15,over_info,0,315.4569999999999,0.4760000000001128,0,0,0,0,1,1,0.0,46.25500000000011,1,Topic Shift,"Mo, you described Russia pretty well. Certainly over the last few years, they're very good at probing and looking for weaknesses. And you saw that in Ukraine, in Crimea. But you..."
political,92379,3,over_info,0,191.66799999999995,0.5,2,0,2,0,0,0,65.673,180.0,4,,"know my history on that. I gave a speech in the floor of the Senate two days before that vote. And by the way, that was not a war resolution vote. that resolution. If you go bac..."
political,92416,1,over_info,0,151.425,0.5809999999999889,1,0,3,0,1,0,52.41999999999999,139.284,5,Topic Shift,"It wasn't surprised to us, Rich. I have to tell you, it wasn't completely unexpected that there would be a number because they attempted to decommission a few of these last year..."
political,92453,13,over_info,0,156.68399999999997,0.19899999999995543,1,0,1,0,0,0,0.19899999999995543,180.0,2,,"Well, I think the first thing to do is to realize that there really does have to be a shared moral framework. And that this is something that this is an ancient debate, right? T..."
political,92617,17,over_info,3,137.69000000000005,0.16599999999993997,0,0,2,0,0,1,0.0,180.0,2,,"Yeah, I've been following the Senate a long time. So I'd seen the evolution of where things go. I probably didn't fully appreciate because it just happened so slowly over time o..."
political,92857,11,over_info,0,114.49400000000003,0.9209999999999354,1,0,1,0,0,0,0.9209999999999354,180.0,2,,"answer's easy. What's the biggest barrier to a woman who is not an abject poverty? If she's an abject poverty, that's the biggest barrier. But anybody else, what's the biggest b..."
political,92921,31,over_info,0,156.39800000000014,1.3409999999998945,2,0,4,0,1,0,54.700999999999794,153.0,7,Topic Shift,"Well, sure, I think about that with great frequency. I mean, I've generally, as you know, been a free trade advocate throughout my time in public service. I do think that the pr..."
political,92926,7,over_info,5,81.53500000000003,1.95799999999997,1,0,1,0,0,0,1.95799999999997,180.0,2,,"bet. If there's any time in American history right now where It's really, really difficult to get things done. You see this with the partisanship over the COVID-19 assistance ri..."
political,93258,10,over_info,0,165.78100000000006,0.4799999999999045,1,0,1,0,1,0,0.4799999999999045,169.606,3,Topic Shift,"Party made an enormous difference. And the Tea Party was part of movements that we've seen in this country for a long time. You know, several years ago, I wrote a book called A..."
political,93258,38,over_info,0,220.1859999999997,0.3400000000001455,0,0,0,0,1,1,0.0,41.39800000000014,1,Topic Shift,"Look, to be honest, it's all of the above. If Democrats win the White House, there is a very good chance they win the Senate as well. If that happens, if they have control over..."
political,93357,5,over_info,5,96.58499999999998,0.921999999999997,1,0,3,0,0,0,108.97200000000001,180.0,4,,"I would say that the pro tem's position is less powerful in the sense that in the Senate side you have the committee on committees which is the lieutenant governor, the pro tem..."
political,94141,13,over_info,5,160.56100000000004,0.18100000000004002,0,0,3,1,0,1,0.0,180.0,4,,"remember that very well, just being astounded by the amount of water that had dropped from the sky. I think it was 48 inches. over the course of was it a day two days it was the..."
political,94277,19,over_info,0,151.78300000000013,1.0009999999999764,0,0,0,0,1,1,0.0,37.355999999999995,1,Topic Shift,"Yeah, I think the way to love your neighbor is to have a pretty well thought out understanding of what will make your neighbor happy. And that is family, that is friendship, tha..."
political,94278,19,over_info,5,70.16500000000008,0.2599999999999909,2,1,1,0,0,0,106.04599999999994,180.0,4,,"In modern history, the window has tended to be anywhere from about 50 days to about 90 days from nomination to confirmation. And I think with Justice Gorsuch, it was kind of clo..."
political,94292,23,over_info,5,71.76999999999998,0.22100000000000364,2,1,3,0,1,0,151.61199999999997,180.0,7,Topic Shift,"you know, if we have, and I, listen, I don't know who's gonna play this, but, you know, we already have opportunity zones now. Right. And my guess is we can expand the definitio..."
political,94296,39,over_info,5,77.09199999999987,0.2800000000002001,0,1,5,0,0,0,31.767000000000053,180.0,6,,"Oh, it's very interesting. And we'll look into that. There you go. I think this all goes to the issue of technology and how it's displacing workers. I'm also a recovering comput..."
political,94314,91,over_info,5,69.75999999999999,0.33999999999991815,0,0,0,0,1,1,0.0,33.61999999999989,1,Topic Shift,"maybe a little divisiveness, right? The best antidote to recalcitrant opposition to cannabis reform. is the story of a vulnerable patient or a family that has seen improved qual..."
political,94409,11,over_info,5,166.27100000000007,0.42000000000007276,3,0,0,0,0,0,39.815000000000055,54.358999999999924,4,Stonewalling / Non-Response,"Yeah, I think there are some areas that we definitely should be able to see some improvement and movement on. We've been engaged since day one of this administration with some o..."
political,94409,23,over_info,5,92.71299999999997,0.11999999999989086,0,0,1,0,0,1,0.0,73.73399999999992,3,,So we can be we can be act all those things can be accessed at Western caucus on Twitter. That's probably the easiest thing to do. We can see the Western Conservation principles...
political,95485,5,over_info,5,80.52499999999998,1.2940000000000396,1,0,1,0,1,0,1.2940000000000396,95.88600000000002,3,Topic Shift,"Well, the issue is that the Financial Accounting Standard Board, known in the alphabet soup of Washington, D.C., simply as FASB. FASB has not issued any definitive guidance on h..."
political,95486,45,over_info,5,83.10599999999977,1.6700000000000728,1,0,2,0,0,0,1.6700000000000728,180.0,3,,"I'm not entirely. I mean, it takes a little bit away by saying their US product would be a stable coin. But when you look at the piece, settling transactions and things that are..."
political,95486,48,over_info,5,68.80799999999999,1.093000000000302,1,0,1,0,0,0,168.82799999999997,180.0,2,,"So it sort of feels like if you just tile these trends together, a kind of paints a bleak picture. You know, what we were discussing earlier about what China is doing with CCP a..."
political,95486,49,over_info,5,166.63399999999956,1.1010000000001128,2,0,2,0,0,0,123.22900000000027,180.0,4,,"Well, I mean, we're going to stay a superpower. I mean, we're even if only militarily, I mean, but our economy is the largest in the world. Our market's the most functional in t..."
political,95505,5,over_info,5,81.89999999999999,0.4759999999999991,2,0,2,0,1,0,145.92499999999998,168.838,5,Topic Shift,"So first to make sure the federal government continues to provide the resources that it has always provided to ensure that we have low income housing tax credits, which recently..."
political,95685,17,over_info,5,66.03700000000003,0.6359999999999673,3,0,3,0,0,0,62.456999999999994,119.50599999999997,7,Stonewalling / Non-Response,"I think for two reasons. Number one, they've gone for the quick fix. As long as the United States of America exists, you'll have health care innovation. In economics, we would c..."
political,95695,27,over_info,5,87.51199999999994,0.9610000000000127,0,0,0,0,1,1,0.0,65.13599999999997,1,Topic Shift,"Well, some of the things that we can do, obviously through innovation, you know, solar power, wind power. Now, I've had the opportunity, as I mentioned, to visit over in Europe..."
political,95822,43,over_info,5,82.42500000000018,1.3600000000001273,0,0,2,0,1,1,0.0,84.6210000000001,3,Topic Shift,"Really a good question, because right now what they have been trying to do, we've got banks out there that would love to be able to finance or to be able to bank the cannabis in..."
political,95945,62,over_info,5,104.59100000000035,0.4829999999997199,1,0,1,0,1,0,0.4829999999997199,123.83899999999994,3,Topic Shift,"low end, someone would go to five and a half and six in order to satisfy all of the promises Trump made during the campaign. You're right. But what was in their budget resolutio..."
political,95966,3,over_info,3,145.844,0.5209999999999582,2,0,1,0,1,0,47.80899999999997,66.89300000000003,4,Topic Shift,"Well, I've always kind of thought of it this way. So I would say it hasn't so much changed my mind as it's enhanced that. And what I'm really focused on in this is the process o..."
political,95969,38,over_info,5,66.08799999999997,0.20000000000004547,1,0,1,0,0,0,0.20000000000004547,124.35300000000007,3,Stonewalling / Non-Response,"You know, I think in terms of members, we are in a moment where we're just trying to figure out what we can do right now to maximize whatever benefits communities can get. Yeah...."
political,96124,14,over_info,5,68.50099999999998,0.20000000000004547,0,0,0,0,0,1,0.0,0.6009999999999991,1,Stonewalling / Non-Response,"So as you noted about immigration, the nature of immigration has changed. And if you look at CBP's numbers, you look back even just, say, less than 20 years ago. And they were a..."
political,96271,9,over_info,0,198.31400000000008,1.120999999999981,1,0,2,0,0,0,5.024000000000001,180.0,4,,"Well, you know, I think we have a lot of tough choices. I've worked with about 350 businesses since COVID-19 really started to spread. And, you know, I've made it a point. I own..."
political,96363,45,over_info,0,184.92700000000013,2.711999999999989,0,1,3,0,0,0,2.711999999999989,180.0,4,,"These leaks are very serious, and they should be investigated. They'll primarily be investigated by the FBI. I know that Director Comey is also very concerned about the leaks of..."
political,96500,5,over_info,5,90.29400000000001,1.4010000000000105,1,0,2,0,0,0,1.4010000000000105,179.082,4,,"Well, we talked about that some today. And most of our schools, 85%, 90% of the students, are on financial aid. So Pail plays a big part there. We also heard from them in terms..."
political,96666,9,over_info,0,145.32399999999996,0.18000000000006366,0,0,3,0,0,1,0.0,180.0,4,,"Yes, to a large extent, they are. And there's no love at all between Nancy Pelosi and AOC in that crowd, but Nancy Pelosi has scared of them. They can run primaries in so many d..."
political,97010,11,over_info,5,80.00999999999999,1.0249999999999773,0,0,3,0,0,1,0.0,180.0,4,,"Not yet. Not yet. But again, pretty quick. He's pretty loudly and go back to 2012. you know, Apple rolls out FaceTime, and then AT&C says, wait a minute, you're gonna be using,..."
political,97225,29,over_info,5,77.74399999999991,0.4980000000000473,0,0,5,0,0,1,0.0,180.0,5,,I think odds are pretty good. I'm going to shut down and I suspect the odds are pretty good that this is going to be where we're going to have some a bit of a showdown over impo...
political,97233,7,over_info,4,123.86899999999997,1.0,2,0,5,1,0,0,98.16900000000004,172.61300000000006,8,,"I know him, having met him probably a few times in his office over the years in New York since 2010. Usually that was in the context of trying to help some of my colleagues and..."
political,97280,19,over_info,0,185.57500000000005,1.3599999999999,2,0,2,0,0,0,102.46000000000004,180.0,4,,"But for the first sort of political answer, yes, to all of your questions a little bit, right? I don't think it's one thing in particular. I do think it is easier to be unified..."
political,97306,15,over_info,0,279.1970000000001,1.0009999999999764,1,0,2,0,0,0,1.0009999999999764,180.0,4,,"Well, I haven't read the articles. I mean, curious why he thinks that is. I think it's fair to say we're going through a period of profound disruption right now. I think the par..."
religion,014_-_When_Friends_Disagree,9,over_info,5,93.28,0.41000000000008185,1,0,3,0,0,0,132.86000000000013,180.0,4,,"that's such a great illustration, Kim. I need to understand that there's a whole series of steps that have led up to this person's belief or conviction. I mean, things have happ..."
religion,014_-_When_Friends_Disagree,21,over_info,0,142.68,9.023431952662577,0,0,4,0,0,1,0.0,180.0,4,,"? Find a mode of communication that this person prefers. For example, maybe this person would be better to write an email or to write a letter or to send out a tweet or two abou..."
religion,033__Bishop_Thad_Barnum__Ministry_Within_the_Yellow_Lines,6,over_info,5,99.69,0.0,1,0,0,0,0,0,0.001,119.78919763096661,1,,"You know, I think it was during those early days of Arilin that we both had just a strong conviction that the exposition of the scriptures, the bringing the word of God alive by..."
religion,047_Interview_with_Sister_Anna_Marie_Part_7,15,over_info,5,72.46,0.13999999999998636,0,0,0,0,1,1,0.0,0.5,1,Topic Shift,"Because he's good. Because what makes that man even desire to be saved, desire to be changed by God, that man's, that man is prompted by a real grace to call upon God for salvat..."
religion,09_Local_Fundraising_with_Kehinde_Ojo,9,over_info,5,101.04,0.0,0,0,2,0,0,1,0.0,180.0,2,,"about that. So when God called me to Christian work, generally what people would have is a kind of fear. Can God use me? Can he provide for me? Can I trust God enough for my res..."
religion,116__Finding_a_Solution,61,over_info,5,67.52,0.4699999999997999,0,0,4,0,0,1,0.0,133.88999999999987,5,,"way. Yeah. Oh, I love hearing that experience. And I think that's just so smart because it's something that knew that I had to learn is that when we rest our brains are still wo..."
religion,1204___5_YEAR_FLASHBACK__What_the_Heck_is_REALLY_Going_on_Behind_the_Curtain_of_This_Reality,2,over_info,5,144.85,,0,0,0,0,0,1,0.0,0.0,0,,Music] [Music] [Music] So let's just start with the sentence. That time is not linear. There has been so much that it's gone before that equals the now in which you're standing....
religion,171_-_Old_Testament_Survey_-_Common_Grace,52,over_info,5,79.37,0.0,0,0,4,1,0,1,0.0,180.0,6,,"Yeah, so when Klein would draw his diagram on the board of covenant history, he would make theocracies to be sort of box-like. They would show up on his diagram as boxes. And so..."
religion,17__COVID19_Special__What_s_Next_for_AI_-_Shalaka_Verma,6,over_info,5,100.68665344525412,3.879797989115332,0,0,2,0,0,1,0.0,180.0,2,,"'t think it's a technical problem, right? So, like for example , if you look at what COVID did to lot of digital transformation projects, I know of customers who have been talki..."
religion,211__Financial_Planning_Through_a_Pandemic_With_Kathryn_Brown,3,over_info,5,75.48,9.395377503852046,2,0,1,0,0,0,136.17000000000002,180.0,3,,"Yeah. And I love that you mentioned that too because it drives me nuts as well, which is kind of funny. I don't think people necessarily expect a financial advisor to say that...."
religion,21_-_Ryan_Johnson__27__-_Minneapolis__MN,36,under_info,10,6.40741469816273,7.54713146359245,0,0,0,0,0,1,0.0,12.633193319263,1,Stonewalling / Non-Response,". - Hallelujah, faith equals trust. Hebrews 11-6, we'll end with that. Ryan, it was a quick 30 minutes. Such a blessing to have you on. I'm super excited about the journey the L..."
religion,21st_June_2020_-_Ian_Bilby_-_Let_s_Go_Pt._3,8,over_info,5,70.8,,0,0,0,0,0,1,0.0,0.0,0,,"this. And to walk no longer, no longer with your head down, no longer in shame, no longer in the rut, no longer just with empty routines, no longer caring issues, no longer just..."
religion,259_Transcending_the_Human_Drama_with_Kerri_Hummingbird,27,over_info,0,440.77,0.6499999999996362,0,0,2,0,0,1,0.0,180.0,2,,"Absolutely, absolutely. I love that you said all that because it speaks to the journey of awakening, it speaks to the journey of understanding. We can't skip steps, there's no s..."
religion,3_Mysteries_of_the_Mission_of_the_Holy_Spirit,143,under_info,10,1.33,6.170202020201941,3,0,2,0,1,0,34.92000000000007,39.190000000000055,6,Topic Shift,constantly seeking
religion,5_31_2020_Sunday_PM_Pentecost_Sunday,1,over_info,5,225.68,,0,0,0,0,0,1,0.0,0.0,0,,"Holy Spirit, break us, come and overtake us. You're the one we're living for. Holy Spirit, lead us to the heart of Jesus. There is nothing we want more. Holy Spirit, break us, c..."
religion,60__How_To_Combine_Spirituality_With_Your_Business_Facebook_Strategy,8,over_info,5,72.12,0.2300000000000182,1,0,0,0,0,0,0.2300000000000182,180.0,1,,"an understanding of the posts, the particular posts that you can have and particular tips and all those different things. You can also look at my personal page to have a look at..."
religion,67_-_Context_Concepts__Ethical_Challenging__and_Quizmaster_Rulings_on_References,17,over_info,5,147.46622173303982,2.6651630978587946,1,0,0,0,0,0,2.6651630978587946,4.205163097858758,2,Stonewalling / Non-Response,"think I. OK. So I will preface this by saying that there are many times where a quiz is speaking extemporaneously, just kind of, as you said, saying, hmm, should I say this or t..."
religion,67_-_Context_Concepts__Ethical_Challenging__and_Quizmaster_Rulings_on_References,64,over_info,5,67.47,3.6305459119494117,3,2,3,0,0,0,72.59389795918378,92.67085245901626,8,,"so I'm of two minds on this one. Um, sort of. I actually, maybe you're hypocritical, but if you are, then I'm double hypocritical, and I'll tell you why. I want context to apply..."
religion,82__How_to_Never_Allow_a_Root_of_Bitterness_to_Grow_in_Your_Heart,47,over_info,5,69.25,27.016581941933282,0,0,4,0,0,1,0.0,180.0,4,,"lives. So how are you going to avoid bitterness? Or if you are already bitter, how are you going to get rid of that bitterness? So Matt and I, we don't want to minimize the real..."
religion,A_Conversation__But_Why_Catholic,17,over_info,5,70.76,67.3176971142384,0,0,0,0,0,1,0.0,67.3176971142384,0,,"amazing, man. I love that. That is, that is something, man. It, it's interesting because when you're talking about the shift from what's the minimum I need to do to what's, you..."
religion,A_Spiritual_Direction_Toward_Wholeness_with_Karen_Erlichman,19,over_info,0,212.27,0.33999999999991815,2,0,3,1,0,0,114.34614213197972,180.0,6,,"? Sure. So I'm actually a licensed clinical social worker by training. And prior to having a private practice, I spent about 10 years as a medical social worker working in the f..."
religion,Addie_Wooten___The_mindfulness_movement,12,over_info,0,156.40011291212926,22.20437781471287,1,0,0,0,0,0,22.20437781471287,99.30908533972388,1,,"? And yeah, you're right. As a clinical psych, I definitely am drawn to the science, but I'm also drawn to the human side of the science. So for me, science with the science sak..."
religion,Against_dumbed-down_Catholicism,2,over_info,5,74.56,29.997837446487097,0,0,1,0,0,1,0.0,180.0,1,,"And it's also reflex. I think when the youth grow up and they become adults, and the attitude towards theology is also the sense that it's very academic. It's very theoretical...."
religion,An_Interview_with_Pastor_Tom_Hubbard,13,over_info,0,81.24,14.475906752945036,1,0,2,0,0,0,154.93,180.0,3,,"some time to think about this and I really, over the seven and a half years, really grew and appreciate the role of the elders at CNBC and how they love the people of this churc..."
religion,Anvil_2__Interview_the_Blacksmith,13,over_info,0,243.07,0.0,1,0,3,0,0,0,0.001,180.0,4,,". So let's use your example of John the Baptist. Let's measure him in today, society. And what's successful? Pastoring a mega church? You know, whatever that threshold is today,..."
religion,Astrology_and_2020,13,over_info,5,75.01,1.7099999999999227,3,0,3,0,0,0,124.17999999999995,180.0,6,,"? Absolutely. Yeah, this is such a good question. And this is what is really exciting about astrology is the cycles and the patterns. And so, one of the articles I took over for..."
religion,Author_and_therapist_KJ_Ramsey_on_God_s_grace_amidst_chronic_suffering__The_PCOM_Daily_Prayer_Podcast_-_5-22-20,3,over_info,5,81.28,0.0,1,0,1,0,0,0,0.001,180.0,3,,"I first want to say, I am there too. I would love for this to end. Part of what my book is about is my chronic disease and I'm in the high-risk population. I might be stuck in m..."
religion,Bend_to_the_Spirit_-_Audio,4,over_info,5,104.54,0.39000000000010004,0,1,1,0,1,0,0.39000000000010004,131.8900000000001,3,Topic Shift,"recovery. Friends, this is quite a serious work this morning. I've seen fellowships that have arisen full of life and they're not in the map of Scotland anymore. They just don't..."
religion,Better__Not_Perfect_with_Taylor_Rambo,21,over_info,5,84.3,0.0,0,0,0,0,1,1,0.0,1.639999999999759,1,Topic Shift,"Something else too, like I've tried, I've come to realize is like when we do have this stigma that the perfect mom or the perfect woman is the one who can accomplish her job, ge..."
religion,Beyond_the_Message_-_Figuring_Faith_Out_Part_1,25,over_info,5,85.9,6.81419232231076,0,0,3,0,0,1,0.0,158.41000000000008,6,Stonewalling / Non-Response,"do. - Yeah. So first one is practical teaching. And in John 812, Jesus is kind of talking about that he's a light of the world. And he talks to people, he says, ""I'm the light o..."
religion,Bible_College_2016_-_Term_1_Lesson_10__01-04-16,6,over_info,0,186.71316779084344,74.74223064525768,0,0,0,0,0,1,0.0,74.74223064525768,0,,"Did we get the wrong kid? Seriously, I'll be asking the question. I mean, years pass. There's all this angelic activity. Nothing, nowhere at age 12. And something interesting is..."
religion,Biblical_Grandparenting_and_Gospel_Shaped_Family___Sunday_Special_with_Dr._Josh_Mulvihill___5_17_20,5,over_info,0,151.05,0.0,1,0,1,0,0,0,0.001,180.0,2,,"happening? I think there was a pent up hunger for something in this arena, but from two sides, one as grandchildren, we just adore our grandparents. And so from that side, helpi..."
religion,Bishop_Mariann_Budde__Our_Attention_Should_Be_on_the_Murderous_Sin_of_Racism,5,over_info,5,76.65,15.222016931531272,1,0,1,0,0,0,15.222016931531272,180.0,2,,"? Thank you for starting with such a grounding question, Jim, and I confess to you that in a week like the one we've all experienced, my spirit kind of goes into the same space..."
religion,Bishop_Mary_Glasspool_-_St._Luke_s_Podcasts,29,over_info,5,193.62,0.0,1,0,1,0,0,0,0.001,180.0,2,,"know, it's a difficult question to answer because clearly there are more immediate and basic needs in the world right now. And that doesn't mean that it's not important that LGB..."
religion,Black_Lives_Matter_-_An_honest_and_necessary_conversation_at_The_Summit_Church,11,under_info,10,2.14,0.42000000000007276,0,0,0,0,0,1,0.0,0.5300000000002001,1,Stonewalling / Non-Response,", and I would challenge people to research it. Yeah"
religion,Bonus_Episode__Understanding_Racism_in_2020_with_Michael_Hinton,6,over_info,5,67.06,113.15511108387182,0,0,0,0,0,1,0.0,113.15511108387182,0,,"Yeah, that's really well said. And you're right. And Anthony talked about that a little bit yesterday of, you know, the classification of racism is always attached with evil. An..."
religion,Break_time,105,under_info,10,0.11,0.7100000000000364,0,0,0,0,0,1,0.0,1.9300000000000637,1,Stonewalling / Non-Response,so underrated
religion,Celebrate_Recovery_Testimony,13,over_info,0,115.43223425863236,2.026057887609909,0,0,0,0,0,1,0.0,79.22605788760984,1,,". - Well, I think you just, you said the word, which was the answer, which is community. It's a discipleship program. It's, you know, the only difference between me and somebody..."
religion,Christianity_Checklist__Acts_2_1-21,15,over_info,5,75.39037742599052,18.340890796887606,0,0,2,0,0,1,0.0,180.0,2,,feels like there are two questions in the midst of this. The first is about you know heaven and hell and Satan and what all those things mean and how to deal with them and I thi...
religion,Church_Rules_or_Doctrine,2,over_info,0,370.11,0.0,0,0,4,0,0,1,0.0,180.0,4,,? We see it over and over and over and over in scripture. Jesus had kinder words to say about a Roman centurion saying that I have not seen so much faith than he had to say abou...
religion,Church_Rules_or_Doctrine,8,over_info,5,88.6,1.1855454545457178,1,1,2,0,0,0,53.26999999999998,145.01999999999998,5,Stonewalling / Non-Response,"glory. He was delivered up for our trespasses and raised for our justification. So let's finish with this. Romans 5 verses 1 through 2. Now remember, whenever this was all writt..."
religion,Clothed_in_Righteousness_Interview,53,over_info,5,67.09,2.0299999999999727,0,0,0,0,1,1,0.0,23.769999999999982,1,Topic Shift,"hope and I pray that it piques their curiosity. I just honestly, or also want for the music, is for people to be inspired and an encouragement for growth. So, in Christianity, p..."
religion,Come_Follow_Me_BofM_Podcast_20__They_Were_Called_the_People_of_God_--_Mosiah_25-28,21,over_info,5,70.57,0.0,0,0,4,0,0,1,0.0,180.0,4,,work. President Merrill then used the power of his priesthood and commanded Satan and his followers to depart from Holy Ground. He said that within four or five minutes there wa...
religion,Come_Follow_Me__Insights_into_Alma_57__June_17,7,over_info,5,82.29,1.0899999999996908,0,0,2,0,0,1,0.0,180.0,2,,"things. So based on his foundation of how he knows these things are true, watch as he no longer asks a question in this next segment, but he, instead of using question marks, he..."
religion,Confidence_in_What,1,over_info,4,86.76821621621622,,0,0,0,0,0,1,0.0,0.0,0,,"hope He's built on nothing less than Jesus' blood and righteousness . I dare not trust the sweetest fame, but holy trust in Jesus' name. Christ alone, Christ alone. Christ alone..."
religion,Cultivating_a_Disciple_Making_Culture_at_Your_Church___Five-Part_Series_Ep._1__feat._Brandon_Guindon,3,over_info,5,87.24,2.842170943040401e-14,2,0,1,0,0,0,150.93453781512602,180.0,3,,"? That's a great question. I think that's a question that a lot of pastors, leaders, people in the church, probably a lot of people listening to our podcast, kind of circle arou..."
religion,Cyber_Sermon_15._Sunday_28th_June._Paul_and_Jenny_ask_the_question__What_does_God_want_of_me,1,over_info,0,774.56,0.0,0,0,1,0,0,1,0.0,180.0,1,,'s readings provide us with a huge challenge. They have certainly provided me with a huge challenge. It would be very easy to gloss over them and look for something simpler or b...
religion,Daily_Devo_6_4_20,4,under_info,10,1.06,3.6335932203389802,0,1,3,0,0,0,14.759999999999991,70.54999999999995,4,,", be guided by that"
religion,Defining_Moments,24,over_info,5,149.99,1.2100000000000364,0,0,2,0,0,1,0.0,50.429999999999836,3,Stonewalling / Non-Response,"see in Nehemiah this basic principle of persistence. And one of my favorite verses, Galatians 6-9, ""Let us not be weary and well-doing for induced season. We shall reap if we fa..."
religion,Discerning_the_Hearts_Obsessions,1,over_info,5,248.57,,0,0,0,0,0,1,0.0,0.0,0,,"we're sharing your heart to this call. Oh, we're sharing your heart to this man. Oh, we're sharing your heart to this man. Oh, we're sharing your heart to this man. Oh, we're sh..."
religion,Divorced_People_Are_People_Too,43,over_info,5,112.38,0.25,0,0,0,0,1,1,0.0,0.8799999999998818,1,Topic Shift,". Well, and that gets to, it kind of relates to the one of the final things I wanted to share as an encouragement. And this is, this is the pastor's teachers. And this is someth..."
religion,Do_We_Choose_Our_Life_Challenges_Before_We_Were_Born__-_Rob_Schwartz_-_TruthLover__29,30,over_info,5,119.44,0.0,0,0,2,0,0,1,0.0,180.0,3,,"that make sense? It does, and I think both intellectually and embodied sense, it's easy to grasp that in order to know joy, for example, it helps to have first known what is not..."
religion,Dominion__Creation_Care_and_a_Call_to_Stewardship,9,over_info,5,125.28,13.251472995090012,0,0,3,2,0,1,0.0,180.0,6,,"today? - Well, if God has created and called it good, it seems to me that if we want to be in relationship with God, wouldn't we want to learn more about and value highly what G..."
religion,Dr._Diva_Nagula___From_Dr._To_Patient__Healing_Cancer_through_Mind__Body__and_Spirit,7,over_info,5,767.84,0.0,0,0,0,0,0,1,0.0,180.0,1,,"For me at that point, I was learning about these modalities as I was learning them from my integrative fellowship. The most easiest thing to change and to modulate was the body..."
religion,EN_-_Galina_El-Sharas__English,1,under_info,10,0.52,1.3800000000000097,1,0,5,0,0,0,148.84000000000003,180.0,6,,I made my transition
religion,EP075__Adrienne_Feldmann___Launching_Watch_Parties_Quickly,42,over_info,5,116.27142232816847,64.9894528165969,0,0,0,0,0,1,0.0,64.9894528165969,0,,"consequently, that is what we're telling a lot of our people. We know that they're, when they start hosting their watch parties, the biggest thing that they're going to ask us i..."
religion,EP17__The_Return_of_the_Gospel_of_John__47__Online_Church,2,over_info,0,168.54,0.5299999999999727,1,0,0,0,0,0,0.5299999999999727,180.0,1,,"it's here, that you've made him Lord and master. It's through obedience. So he says, James says, show me your faith, buy your obedience, buy your good works. And that's very sim..."
religion,EP_186_-_How_to_Stash_that_Cash,15,over_info,0,206.97,0.0,1,0,2,0,0,0,0.001,180.0,4,,". Go ahead. So yeah, so the way the way I get information for sure has changed a lot. I think the major change in my life that's been extremely helpful is I used to read a lot a..."
religion,Eating_Wth_Other_People,1,over_info,0,105.47882112617681,31.963562081828286,0,0,1,0,0,1,0.0,71.24356208182826,1,,mean Go tell the world that life is so much more beautiful Learn to leave worries and rush behind Learn to live the rhythm of life steep blue skies and caffeine butterflies Go s...
religion,Enduring_the_Dark,2,over_info,0,83.51,,0,0,0,0,0,1,0.0,0.0,0,,"something, and I don't mean to cut your prayers off, but you can pray and even when we're done today. And you need to, I need to, but if you're going through a personal dark nig..."
religion,Energy_Consciousness_and_Prosperity_with_Sandy_Vo,6,over_info,4,386.40972744970804,7.767281735136976,1,0,1,0,0,0,7.767281735136976,180.0,2,,"just such a good question and I love that you were able to just be there for the whole entire journey. So you got to witness a little bit of how everything unfolded. Yeah, I thi..."
religion,Ep._14__Finding_the_right_response_to_reopening,5,over_info,5,70.39,0.0,0,0,3,0,0,1,0.0,180.0,3,,you know for our loyal listeners of respecting religion they've come to know that in segment three we often talk about articles we've been reading and our reflections on them. W...
religion,Ep_46_-_Against_All_Odds__Part_2,45,under_info,10,8.03716388126715,20.65167224906736,0,1,2,0,0,0,20.65167224906736,180.0,4,,"out? Because we're about half, half way through the book. It's so interesting. I started reading the book. Yeah. So, writing the book 10 years ago with a ghost writer who had be..."
religion,Episode_119_-_Leading_Through_Storms_with_Trust,4,over_info,5,98.96000000000001,0.0,0,0,0,0,1,1,0.0,39.20999999999998,1,Topic Shift,"Yeah, and part of why we want to have this conversation today as we're all navigating this pandemic is at the foundation of every healthy team is trust. I'm going to say that ag..."
religion,Episode_1__Flipping_14_Houses_at_Once_with_Josh_Nicodemus,42,over_info,0,67.95266666666666,32.39074603174595,0,1,4,0,0,0,132.51074603174584,180.0,6,,"Yeah, totally. I think an interesting statistic that I saw all the day, and you know, I have opinions on what I think is going to happen with the real estate market. I think it'..."
religion,Episode_20-19_-_Hearing_vs._Listening,13,over_info,0,141.16,2.864789533560838,1,0,2,0,0,0,2.864789533560838,180.0,3,,"Yeah, that's semantic listening as I shared on Sunday. But yeah, I think I believe, I believe, I know where you're going here. Let me get my thoughts here. Let me listen to thos..."
religion,Episode_219__The_Scientific_Attitude__Defending_Science_from_Denial__Fraud__and_Pseudoscience_in_the_midst_of_Corona__with_Lee_McIntyre,31,over_info,0,114.56,8.132876546203988,0,0,2,0,0,1,0.0,180.0,2,,"It's not quite time for I told you so yet. But when I did reflect on a moment in the last years, I've been out touring and talking about the book in various cities with groups i..."
religion,Episode_224__A_New_Sinai_-_Dan_and_Lex,9,over_info,5,134.62441717791415,15.398723926380626,0,0,1,0,0,1,0.0,180.0,1,,"doable? I am going to dodge and say a little bit that it's both. I think that there is, so I'm not going to claim that there's a craving among everybody. I think that's importan..."
religion,Episode_224__The_Economics_of_Health_Care_in_the_midst_of_a_Pandemic__with_Jordan_Al-ZuBi,9,over_info,5,74.24,0.37999999999999545,1,0,4,0,0,0,88.86000000000001,180.0,5,,. Yeah. This is really something interesting that we do like insurance market or insurance economists do try to examine the motivations behind insurance fraud. So like if I want...
religion,Episode_231__In_Good_Faith__Questioning_Religion_and_Atheism__with_Scott_Shay,1,over_info,5,72.98,0.0,0,0,2,0,0,1,0.0,180.0,2,,". Yeah, I had talked to all sorts of people who read Richard Dawkins, The God Delusion, Christopher Itchens, Why God is Not Great, How God Poisons Everything, How Religion Poiso..."
religion,Episode_31__Mark_BurnettProducer_of_Survivor___Shark_Tank,9,over_info,5,67.55106058597374,4.950316850059721,1,0,4,0,0,0,120.55031685005974,180.0,5,,"place? I think you need to understand each person has different drivers and different things. They want to go towards different things to avoid. When you look at your drivers, p..."
religion,Episode_36__Practicing_Mindfulness_with_MarAa_Paz,7,over_info,4,156.28,1.740000000000009,1,0,3,0,0,0,1.740000000000009,180.0,4,,"? >> So the way mindfulness became so popular is precisely because there is this eight week mindfulness programs to different kinds of eight week mindfulness programs, so even i..."
religion,Episode_81_Olivia_Builds_Some_Chili,5,over_info,5,168.56230777502958,10.230041939993498,0,1,1,0,0,0,10.230041939993498,56.03004193999351,3,Stonewalling / Non-Response,"mom. >> Good idea. Because your mom knows how to cook food, right? Then what would you do after you asked for help? >> Do what the person said? >> Yes. Perfect. You would just f..."
religion,Episode_9_-_Gene_Voss,27,over_info,5,67.43,0.25,1,1,0,1,1,0,3.42999999999995,23.00999999999999,5,Topic Shift,"Okay. In New Jersey, one of my favorite places to play was at Ocean City, Maryland. The Ocean City, Maryland is right on the Atlantic Ocean, and the golf courses, there, many of..."
religion,Episode_9__Dear_Dad..._A_Special_Father_s_Day_Message,3,over_info,5,78.13,,0,0,0,0,0,1,0.0,0.0,0,,", why don't we steal away, why don't we steal away, why don't we steal away into the night? I know how to die, I know how to die, why don't we steal away, why don't we steal awa..."
religion,Episode__3._How_To_Feel_Better,22,over_info,5,81.15,0.0,4,0,1,0,0,0,15.660000000000082,78.95475111223027,5,,", but it's the only thing we have. So again, we are left with words to point to truth. We are left with the form to point towards a formless, but it's the only thing we have. So..."
religion,Faith_on_the_Front_Lines_-_what_the_unexpected_heroes_of_the_COVID_crisis_have_taught_us_about_courage_and_compassion,18,over_info,5,74.62,0.8399999999996908,0,0,0,1,0,1,0.0,49.319999999999936,4,,"him. - Well, here's the prayer that he offered to the sacred heart of Jesus that I'm going to invite us to, to share now if you would join me in the name of the Father and of th..."
religion,Filipenses_capitulo_2_-_parte_3_-_Dr._Baruch_Korman,12,over_info,5,91.20211009174312,2.37433486238524,0,0,0,0,1,1,0.0,4.774334862385217,1,Topic Shift,"rapidamente, this . Lo en vire, con el fin de que el pueda ser vista de nuevo, y ustedes ser regosícan. Yasí, tambienjo, no tendre, tristeza. Entonces pablodis, estes mi predica..."
religion,Finding_Hope_Imidst_the_Rubble,57,over_info,5,90.65,3.0419251336898014,0,1,4,0,0,0,11.0,180.0,6,,"me show me some, I mean. - Okay, I'm gonna show you, 'cause-- - All right. - But I'm gonna go back to something that you kidted about before, because we started off, you know, t..."
religion,Flooded_with_Regret___Continuing_the_Conversation___Genesis__Primeval_Atoms_and_Adams_pt._3,24,over_info,5,94.93,4.186713395638435,0,0,1,0,0,1,0.0,33.569999999999936,2,Stonewalling / Non-Response,"first came, because this is not the first time I've got to sit with the notion of God repenting. When I was first impacted by it, it was kind of shaking for me, because I had su..."
religion,Fred_Cisneros_s_Testimony_5_8_20,7,over_info,5,72.06,2.842170943040401e-14,3,0,2,0,0,0,148.78000000000003,180.0,5,,"Well, you know, I don't know, I'm Hispanic and as we're raised up, you know, I was raised as a Catholic. I went to Catholic, you know, elementary school, you know, with the nuns..."
religion,Get_Over_Yourself,4,over_info,0,217.0745231824797,181.15308233418813,0,0,0,0,0,1,0.0,180.0,0,,"Holly. Hmm . Thank you, Holly. We are truly a blessed people. And never lose sight of that. And hopefully, as we go through this word today, you'll begin to understand how bless..."
religion,Going_Through_The_Motions,71,over_info,5,83.91,,0,0,0,0,0,1,0.0,0.0,0,,", it's a podcast thing. I'm glad we're. Yeah. We're there. We need to know Dan. We need to know. But thanks for listening. Again, comment. Tell us what you like about it. Tell u..."
religion,He_is_risen__He_is_not_here__Comfort_and_hope_in_absence__with_Peter_Orr__MooreCollege,13,over_info,5,68.48,1.6889507076621157,0,0,1,0,0,1,0.0,180.0,2,,"of reasons. I think it stresses the miracle of the resurrection, that it wasn't simply, you know, an ongoing kind of consciousness. It was a real, you know, flesh and blood resu..."
religion,Holy_Communion__Doctrine,7,over_info,5,79.79,4.268616810059569,1,0,4,0,0,0,52.99999999999997,180.0,5,,"vocabulary? Yeah, it has to do with an issue we've discussed briefly on and off for a year or so about the difference between the sign and the thing signified. And how theology..."
religion,Hope_in_a_Future_Glory__-_Romans_8,22,over_info,0,312.40321143247746,80.44688960567373,0,0,0,0,0,1,0.0,80.44688960567373,0,,"shall put his hand on the adder's den. That's a snake's den. They shall not hurt or destroy in all my holy mouth. Friends, let's say that again. Because this is what Paul is con..."
religion,How_Can_My_Belief_In_God_Get_Stronger___With_Rev._Carly_Payne,16,over_info,5,71.7,0.5300000000002001,0,0,4,0,0,1,0.0,180.0,4,,"a really important connection for me to make too is that like the, when we talk about that question, like how does my belief in God get stronger? Like God is not changing God's..."
religion,How_Helping_Others_is_Good_for_You,18,over_info,5,73.45,1.7067951226854348,0,0,4,0,0,1,0.0,180.0,4,,". Well there is, and especially in the Zen Buddhist tradition that a lot of people practice these days, loving kindness, meditations, you begin, you breathe deep, you bring into..."
religion,How_Helping_Others_is_Good_for_You,90,over_info,0,290.65,0.0,2,0,4,0,0,0,144.72999999999956,180.0,6,,"a very, I could only see a few feet in front of me, because it was very misty. There was a morning cloud. And I get to the middle of the Golden Gate Bridge and I look, I hear a..."
religion,Human_Cloning,8,over_info,5,269.6,2.1416216216216526,1,0,3,0,0,0,2.1416216216216526,180.0,4,,"Yeah, it is kind of yeah, not kind at all. It is me. I was asking, well, just tell you, Queen Elizabeth got really interested in this magic kid that could make these songs that..."
religion,If_God_Possibly_Exists__He_Does_Exist__What,9,over_info,5,67.25,0.0,3,0,1,0,0,0,97.47000000000003,98.74000000000001,5,Stonewalling / Non-Response,". - Yeah, so I mean, I always imagine that for any idea, there are various precursors, various forms, but of course, Anselm is perhaps the most famous one who really articulated..."
religion,If_God_Possibly_Exists__He_Does_Exist__What,11,over_info,5,77.0,0.0,2,0,0,0,0,0,0.001,1.2699999999999818,3,Stonewalling / Non-Response,"'s a great question. So first, there's this question about like, how many arguments can you find in his own work? And like, what are those arguments? I actually did a review of..."
religion,Interview_with_Jared_Easley___Founder_of_Podcast_Movement,9,over_info,0,153.8,4.8447214353162735,0,0,1,0,0,1,0.0,13.610000000000014,2,Stonewalling / Non-Response,"Yes. So that is one of the biggest challenges that we had was I had a full time job, my business partner had a full time job and then on top of that, we're trying to do this thi..."
religion,Is_Massage_Important,9,over_info,5,99.11,10.03267009425872,0,0,2,0,0,1,0.0,180.0,2,,"kinds of people. And I'll tell you, I also used to be a person. I enjoyed massage. I loved massage, but I maybe got a massage once a year. I, you know, I thought it was somethin..."
religion,Is_Work_The_Worst__Or_Your_Worth____Workplace_Workshop,5,over_info,5,107.48,1.6700000000000728,0,1,1,0,0,0,20.300000000000182,25.930000000000064,5,Stonewalling / Non-Response,". - And the way that we do that isn't always, I mean, we'll talk about this kind of in the next section, how each type of vocation kind of falls into God's plan. Some of us are..."
religion,JE2US__a_novel..._-_Author_Terrry_Esau_joins_the_Here_on_Earth_Podcast,29,over_info,5,108.97,1.2800000000002,0,0,2,0,0,1,0.0,84.72000000000025,3,Stonewalling / Non-Response,"make sense? - That's a great question, and you nailed my one fear in writing this book. I mean, you're talking about confirmation bias or spiritual traditional history of how I..."
religion,Jewish_Teaching_on_Adam_and_Eve,10,over_info,5,143.4,0.0,1,2,1,0,0,0,131.81999999999994,180.0,4,,". Now that's an interesting point. Let's see. But of the Genesis 2, 17, ""But of the tree of the knowledge of good and evil, thou shall not eat of it, for in the day that thou ea..."
religion,Jewish_Teaching_on_Adam_and_Eve,18,over_info,5,86.61,2.2737367544323206e-13,0,1,2,0,0,0,0.001,180.0,3,,"that is a good point. That is a good point. The warning was you do this, you die, and then you did it. ""Oh, okay. By the way, now there's going to be all this."" I think we could..."
religion,Joe_Heschmeyer_-_Finding_our_Identity_in_Christ,4,over_info,5,74.01,42.710210417129815,0,0,2,0,0,1,0.0,180.0,2,,"'t know. I don't know. I don't know. People call it different things. I call it. I didn't even know that that was a thing except for, you know, a very merry on birthday to you...."
religion,Joukus_Jumala_Viisil_-_Prospering_God_s_Way_2,225,under_info,10,0.8000000000000002,1.5899999999999181,1,0,1,0,0,0,11.579999999999927,15.150000000000091,3,Stonewalling / Non-Response,your thinking
religion,Juanita_Harris___Peace_in_Purpose__Jan._2020,27,under_info,10,8.091844512195124,26.938142127743504,0,0,2,0,0,1,0.0,121.91287347560979,4,Stonewalling / Non-Response,. School starts in August. So what we want to do once a month is just lift your chin. Let you know we see you. We appreciate you. We value you. And we honor the work of your han...
religion,Keep_Hope_Alive,1,over_info,5,90.97940133937631,,0,0,0,0,0,1,0.0,0.0,0,,will be greater than your past. You will be blessed more than you could have despite all that's been done. The best is yet to come and you'll let a will be greater. You'll let a...
religion,Know_Your_Influence,30,over_info,5,73.53,0.6700000000000728,1,0,4,0,0,0,111.44999999999982,180.0,5,,"by helping others see it. And one thing that they say a lot of times, I'm sure if any of you have worked in a plant or anywhere in construction, they say be your brother's keepe..."
religion,Masechtas_Shabbos_Daf_81_-_Shiur_Given_by_Luzy_Steinmetz,6,over_info,5,306.28,0.0,0,0,1,0,0,1,0.0,4.509999999999991,2,Stonewalling / Non-Response,achael the Oser. You lost me? Rachael the Oser. I'm going to ask Rachael the Oser. I'm going to ask Rachael the Oser. I'm going to ask Rachael the Oser. I'm going to ask Rachael...
religion,Matt_Tomlinson___God_is_Samoan__Dialogues_Between_Culture_and_Theology_in_the_Pacific___U_Hawaii_Press__2020,24,over_info,4,68.4442762593455,7.211003799485297,0,0,2,0,0,1,0.0,180.0,3,Stonewalling / Non-Response,"really strong in Samoan theology. So for a lot of Samoan theologians, knowing what it means to be a tautua, a student which literally means a servant, is kind of the heart of wh..."
religion,Memphus_Kast_-_Victory_through_the_weapons_of_our_past,1,over_info,5,73.25204183006538,,0,0,0,0,0,1,0.0,0.0,0,,in this world. He can deliver you from every situation . He can deliver you from every situation. He can deliver you from every situation. He can deliver you from every situatio...
religion,Ministry_of_the_Messiah__Studying_the_Sabbath,11,over_info,5,68.38,0.0,0,0,4,0,0,1,0.0,180.0,4,,"better. - My favorite thing about this particular story too, that appears in all three of these gospels ironically, so our pattern up to this point has been that Matthew's been..."
religion,Misty_Phillip__God_Wants_to_Spark_Something_New_in_You,23,over_info,0,72.3776422150034,31.398944624915202,0,0,2,0,0,1,0.0,180.0,3,,"thing? Yeah, well, we were super excited after Spark and ready to jump on and plan the next year's Spark event. But in the works, I have this project that I've been working on w..."
religion,Monday_Mornings_w__Ruthie_and_RA__1504,18,over_info,5,72.74,2.9999999999997726,1,0,1,0,0,0,2.9999999999997726,156.5426765120285,2,,"the rhetoric and that's what's scary because in some of these vaccines, when they don't test it on animals, say they even tested on animals and the animals have a certain respon..."
religion,Nicole_Creegan__CEO_of_The_5_Star_Host,12,over_info,5,73.75004334281456,24.73973612722841,0,0,2,0,0,1,0.0,180.0,2,,". That is so important because yes, I mean, you talk about that energy like that is, you know, that use car salesman. That is what, you know, drives people crazy. It's like, I j..."
religion,OnRamp_S3E2__Disrupt,18,over_info,5,88.75,0.0,0,0,0,0,0,1,0.0,94.83164387187867,1,,". And this makes me think of those first couple of stages of the 70 model that we talked about in the first episode, exposure and engagement. If we are constantly having a diet..."
religion,PF__Praying_the_Promises,13,under_info,10,8.609503491078353,2.213832428239016,2,0,4,0,0,0,143.723832428239,180.0,6,,"me, do not fear for I am with you . Do not be dismayed for I am your God. I will strengthen you. I will help you. Yes, I will uphold you with my right, just right"
religion,RE_SET___Week_3_-_RE_TURN,1,over_info,0,462.9357365752179,,0,0,0,0,0,1,0.0,0.0,0,,Happy Father's Day! Whoa that's hot! Happy Father's Day! How you guys doing? Good to have you guys this morning Great to see all your faces as we're returning back to this build...
religion,Race__America__Faith,7,over_info,5,92.84,0.0,0,0,2,0,0,1,0.0,180.0,2,,"Yeah, and I think that's the hard, that's the tricky part, right, and this is what I feel sometimes when something happens and then people will call me and say, ""What can I do?..."
religion,Race__Gospel__and_Reconciliation,26,over_info,5,75.85,0.0,0,0,3,0,0,1,0.0,180.0,4,,"Yeah, totally. And this is Jewish people to Samaritans. And when you want to insult someone, you call them a Samaritan because the Samaritans were this group of people who had i..."
religion,Radiant_Skin_From_Within_with_Shelly_Marshall,19,over_info,5,84.41,1.759999999999991,0,0,3,0,0,1,0.0,180.0,3,,beauty narrative. Well I think that I think that you know like you said I think it's a good thing to be open to multiple different modalities. I don't think that I have all the...
religion,Renaissance_Faire,140,under_info,10,6.684798495432563,7.766872649113338,0,1,3,0,1,0,21.736872649113593,30.44687264911363,5,Topic Shift,"The catch is just one defining winner. As you 're leaving the renfer in Colorado, on his chat, and he says, ""Rock and roll."" And he literally is holding up a roll, a rock on one..."
religion,Root_to_Fruit__Better_Together_-_Audio,4,over_info,5,73.35,,0,0,0,0,0,1,0.0,0.0,0,,"listening to our podcast. If you'd like to learn more about our church, or if you'd like to connect with us online, just visit WeAreLifeTrees.com. [Music] . . . . . . Thank you."
religion,S01_E08_Mark_Albert,11,over_info,0,75.17343245336988,51.47244222075983,0,0,0,0,0,1,0.0,51.47244222075983,0,,"? - When I think of modern manufacturing, it's going to be what I've seen in machine shops. Some of them small, family owned operations and some really big companies that are pu..."
religion,S1_Ep6__Can_I_Just_POUR_Into_YOU,2,over_info,4,77.89599097216417,84.72344938560559,0,0,0,0,0,1,0.0,84.72344938560559,0,,"do what others want? Because that's what 's gonna really get you from point A to point B. And I'm not talking about stepping on anybody's toes. I'm talking about, would you look..."
religion,S1__E21_One_God__Un-gods_and_Other_Gods,10,over_info,0,194.07,1.2740760869564838,1,1,3,0,0,0,88.16999999999996,180.0,5,,", I skipped the line there. He says, ""Asu Tsuras, aikudayla shtakavas lakkul haam hanashavakitanimushar amar."" It's kobe's, it's popularizing it, seems to me. I'm not sure if he..."
religion,S1__Ep._14__Finding_the_right_response_to_reopening,5,over_info,5,70.39,0.0,0,0,3,0,0,1,0.0,180.0,3,,you know for our loyal listeners of respecting religion they've come to know that in segment three we often talk about articles we've been reading and our reflections on them. W...
religion,SGC_20200524,26,over_info,0,78.9019221811207,,0,0,0,0,0,1,0.0,0.0,0,,"studying, for example, like a year and an example. If throughout the whole year you don't attend class, you don't do tutorial, you don't study, you don't do homework, you don't..."
religion,SIGA_Part_6__Soldier_in_God_s_Army,1,over_info,5,73.71,0.0,0,0,1,0,0,1,0.0,177.2900000000002,1,,"] In the cross, in the cross, be my glory ever. Until my rapture soul shall find, rest beyond forever. Can we sing it one more time in the cross? Until my rapture soul shall fin..."
religion,Songs_Are_Weapons_-_Sing_the_Word,3,over_info,4,89.85,19.701035598705516,0,0,0,0,0,1,0.0,180.0,1,,", I just wanted to put that in there too in case you forget, which I think I often forget because we don't, as New Testament believers, we don't tend to sing psalms in our Sunda..."
religion,Spiritual_Migrations__1__Deeper_Knowledge,3,over_info,5,105.48,,0,0,0,0,0,1,0.0,0.0,0,,"Smile wrong to you. You are my place. I run to you, my sister. I need your mercy and grace to see me through. You are my place. You are my place. You are my place. You see well...."
religion,Step_11_-_10_Min_Meditation_9_of_9,5,over_info,4,93.08,0.0,0,0,0,0,0,1,0.0,80.0,1,Stonewalling / Non-Response,Let's continue to breathe. [BLANK_AUDIO] [BLANK_AUDIO] [BLANK_AUDIO] [BLANK_AUDIO] [BLANK_AUDIO] [BLANK_AUDIO] [BLANK_AUDIO] [BLANK_AUDIO]
religion,Step_3_-_10_Min_Meditation_1_of_9,3,over_info,4,85.43,0.09043637291597406,0,0,1,0,0,1,0.0,180.0,2,Stonewalling / Non-Response,influence. Become the observer with your body. [BLANK_AUDIO] [BLANK_AUDIO] [BLANK_AUDIO] [BLANK_AUDIO] [BLANK_AUDIO] [BLANK_AUDIO] [BLANK_AUDIO] [BLANK_AUDIO] [BLANK_AUDIO]
religion,Step_3_-_20_Min_Meditation_7_of_9,3,over_info,5,251.47,0.0,0,0,1,0,0,1,0.0,180.0,2,Stonewalling / Non-Response,enjoy instead of trying to control. Another way we can be at ease. We can enjoy the joy. We can enjoy the joy. [BLANK_AUDIO] [BLANK_AUDIO] [BLANK_AUDIO] [BLANK_AUDIO] [BLANK_AUD...
religion,Stories_of_Hope__Mitchell_Barnhart,17,over_info,5,108.28834355828221,8.569815950920201,0,1,2,0,1,0,14.419815950920338,180.0,4,Topic Shift,"- So many things. I was so many things that I wish I would have known. I, as I'm thinking, I'm putting this thought together, I realize that it's gonna sound a lot like what Kei..."
religion,Surprised_by_the_Love_of_God,16,over_info,0,72.30892232136681,,0,0,0,0,0,1,0.0,0.0,0,,want to ask with everyone standing and I don't know if we managed to get online this morning or not but we're gonna pray as if we did if you're here this morning and you've neve...
religion,TMR_245___Dr._Mobeen_Syed___Food_Supplements___COVID-19,11,over_info,5,72.12,0.0,3,1,4,0,0,0,117.25,180.0,8,,". So what happens is this, when an immune cell, for example, let's say cytotoxic T cell, when an immune cell comes near a cell that is infected, it inspects it. It is funny. I c..."
religion,Term_2__Week_6__2020_-_Matthew_28vv16-20,2,over_info,5,88.73,0.0,0,0,1,0,0,1,0.0,78.44,1,,"authority in heaven and on earth. If we read on in the passage, we see Jesus sending his disciples out into the world to spread the good news of Jesus to all the nations. Then h..."
religion,Thatll_Preach_-_Ep._07___Too_Lazy_to_Love__Tallahassee_Vice,9,over_info,5,78.26,23.094672143390653,0,0,1,0,0,1,0.0,69.59000000000003,2,Stonewalling / Non-Response,"just thinking hypothetically. They each go to their separate room. Like they don't want to reconcile or do the hard work of like arguing, figuring it out so that they can go on..."
religion,The_Action_of_Rest_Rest_Series,8,over_info,0,128.35,0.8099999999999454,0,0,0,0,0,1,0.0,1.0900000000001455,1,Stonewalling / Non-Response,"? I have to choose. It's an action. Faith is, I mean, rest is an action. That's really the message today that I want to keep ringing in your ears. Faith is an, I mean, not faith..."
religion,The_Action_of_Rest_Rest_Series,18,over_info,5,67.42,0.0,1,0,1,0,0,0,0.001,180.0,2,,"to whatever is happening. This attitude doesn't give any value or mind to the trouble, to the storm. So what attitude, the very disrespectful attitude to the storm. Jesus said,..."
religion,The_Glorious_Work_of_the_Holy_Spirit_and_the_Spiritual_Gifts_by_Sister_Maria_Luisa_Piraquive,3,over_info,5,95.31,0.8000000000001819,0,0,1,0,0,1,0.0,25.800000000000182,1,,day with Jesus is sweeter than the day before. Every day with Jesus I love him more and more. He saves me and keeps me. He is the one I'm living for. Every day with Jesus is swe...
religion,The_Good_Life___La_Buena_Vida,7,under_info,10,1.22,0.9699999999999989,2,0,1,0,1,0,3.6699999999999875,11.100000000000009,4,Topic Shift,do it .
religion,The_Last_Days_in_America,1,under_info,10,2.2,1.17999999999995,0,0,1,0,0,1,0.0,180.0,1,,would heed the words
religion,The_Love_of_Others_-_AVENGE_NOT,43,over_info,5,86.82,0.0,0,0,2,0,0,1,0.0,180.0,2,,"Whoever, for sure, is evil. Whoever abigays, for sure, is unto his own death. I don't know how I'm going to just go ahead and I mean, I can go on it for a long time, but that's..."
religion,The_Motivation_for_Devotion,10,over_info,5,100.8836347552585,1.2845478671122237,0,0,1,0,0,1,0.0,180.0,1,,"Yeah, no, I agree. And I think it's, you know, for people who find themselves in like a, like, continual sin over and over, right? Like I would, you know, my first question woul..."
religion,The_Path_Of_Sanctification,1,over_info,5,75.24,1.4400000000000546,0,0,1,0,0,1,0.0,97.44000000000005,1,,"Steadfast love of the Lord never ceases. His mercies never come to one else. They are new every morning, you every morning. Steady sty faithfulness, O Lord. Great is sty faithfu..."
religion,The_Process_for_Instant_Manifestation___Ask_an_Alien,12,over_info,0,79.56,0.0,0,0,1,0,0,1,0.0,17.0,2,Stonewalling / Non-Response,". Not focus on it. When you come up with ideas from a place of not feeling good, those ideas will not help you feel good, right? So do not try to correct sloppy thinking while y..."
religion,The_Product_of_Pride_Vs_The_Greatness_of_Grace,8,over_info,5,128.02,0.0,0,0,4,0,0,1,0.0,180.0,4,,used? Some of us have got some things we don't even know that God's about to use in our life. There's some people that God's about to bring into your life that you don't even kn...
religion,The_Research_Paper__Part_4_-_Claims___Theses,17,over_info,5,73.77,0.0,1,0,3,0,0,0,55.85000000000002,180.0,4,,"statement. And it also has to have some significance to it. It has to be something where, I mean, I suppose it could be more or less significant in the grand scheme of things, e..."
religion,The_Research_Paper__Part_4_-_Claims___Theses,20,over_info,5,73.32,0.8400000000000318,0,0,3,0,0,1,0.0,180.0,4,,"Yeah, so I mean, one level of qualification, by qualification we don't mean are you qualified to say it, but how do you limit and control how focused your paper is? So one level..."
religion,The_Third_Commandment,29,under_info,10,8.51,1.1368683772161603e-13,0,0,0,0,0,1,0.0,0.6800000000000637,1,Stonewalling / Non-Response,"the word of Christ dwell in you richly, teaching and admonishing one another in all wisdom with thankfulness in your hearts to God"
religion,The_biblical_meaning_of_righteousness_and_justification_Part_1__with_Chris_Thomson___Moore_College,28,over_info,5,78.96,49.1527733591015,0,0,0,0,0,1,0.0,49.1527733591015,0,,"that's very right, can I come in there just to run something by you? And that is that the thing about these words, and as well as deco, in the Greek, is that often they're words..."
religion,The_biblical_meaning_of_righteousness_and_justification_Part_1__with_Chris_Thomson___Moore_College,39,over_info,5,87.22,0.0,0,0,0,0,0,1,0.0,0.03000000000020009,1,Stonewalling / Non-Response,there anything else? I think one thing that might segue a little bit into justification is that I mentioned that there's a whole bunch of complications around the word and there...
religion,Tom_Zuba_is_here,8,over_info,5,85.88,126.5420892172184,0,0,0,0,0,1,0.0,126.5420892172184,0,,"absolutely. It's interesting. That's really awesome and helped, helped you have over and over and over again. So let's fast forward just a little bit. As you know, as I've said,..."
religion,Trapped_in_Tunnel_Vision_-_It_s_All_Love___Light__-_Podcast_Episode_20,9,over_info,5,75.66,0.20000000000004547,0,0,2,0,0,1,0.0,180.0,2,,. And you know what I wanted to say there is what I was saying is I wasn't saying to that the feelings don't matter so much. But as it's not that you are not acknowledging your...
religion,Trapped_in_Tunnel_Vision_-_It_s_All_Love___Light__-_Podcast_Episode_20,11,over_info,5,110.01215733641425,57.10878106691894,0,0,0,0,0,1,0.0,57.10878106691894,0,,"Right. And that's what that brings up for me is looking at the the Kenosha room. You know, that's why I love that that room so much. Oh, yeah. You look at knowledge that not onl..."
religion,Voices_from_Ancient_Authors_Intratextuality_and_the_Book_of_Mormon___Professor_John_Hilton_III,7,over_info,5,89.35,1.8177347034095988,0,0,3,0,0,1,0.0,180.0,3,,"'ve got a couple of things to unpack here. A lot of times you'll hear the phrase intertextuality, which refers to the relationship between two texts. And this happens all the ti..."
religion,WHY_DO_WE_DO_WHAT_WE_DO_FOR_JESUS,1,over_info,5,79.07606177606176,31.336731016730937,0,0,1,0,0,1,0.0,180.0,1,,". Oh Jesus loves me this I know, for the Bible tells me so. And a little one to him belong. Oh they are awake. Oh but he is so strong. Oh yes, Jesus loves me. Oh yes, Jesus love..."
religion,War___Peace__Stand_Against_Evil_-_Pastor_Oscar_Sacriste_Jr,1,over_info,4,136.87,2.8200000000001637,0,0,1,0,0,1,0.0,180.0,1,,is the Lord and we are the Lord. Jesus is the Lord. Jesus is the Lord. Jesus is the Lord. Jesus is the Lord. Jesus is the Lord. Jesus is the Lord. Jesus is the Lord. Jesus is th...
religion,We_Must_Hear_The_Word_Of_God_And_Hearken_To_What_Is_Says,10,over_info,4,397.64102245257953,,0,0,0,0,0,1,0.0,0.0,0,,"Brother came out of your mouth, but did you speak it in the heart? Sometimes the word, you can't even come up with the word. All you can do to get up that morning and you say, A..."
religion,We_Pray,6,over_info,0,104.83000000000001,0.8800000000001091,1,0,5,0,0,0,29.210000000000036,180.0,6,,"joy, that fire. So the obedience to God, it releases deeper, more intimate, powerful knowledge of God. I remember when I was sitting at passion as a college student and Francis..."
religion,Week__22_-_The_Book_of_Proverbs,18,over_info,5,79.1483785803238,21.695040682693616,0,1,3,0,0,0,146.60017683686192,180.0,4,,there? That's great. It's interesting to hear the different types of people that have been described and some of the benefits that you just reviewed on what wisdom is. I've been...
religion,What_Then_Shall_We_Eat_-_Part_2,7,over_info,5,74.2,0.24538969616907025,2,0,2,0,0,0,16.110000000000014,180.0,4,,"That's true. Anything that crawls, anything that swims, anything that paddles, anything that moves, they say, ""No, we don't like to kill animals. We like to live a diet without..."
religion,What_is_the_Church__Part_1,4,over_info,5,71.06469866225348,0.7261743207833433,0,0,3,0,0,1,0.0,123.19617432078337,5,Stonewalling / Non-Response,"- We wanna give you some true answers . - Right, exactly. So what I mean by pre-mid and post-tribulation is the book of Revelation describes a series of events that are catastro..."
religion,When_Is_It_Ok_To_Disobey_The_Government,9,over_info,5,66.98,1.2300000000000182,1,0,5,0,1,0,1.2300000000000182,180.0,7,Topic Shift,". Yeah, so it was on the news every day. She decided to reopen her hair salon. She got arrested for it, went on trial. The judge sentenced her to seven days in jail. She protest..."
religion,When_Is_It_Ok_To_Disobey_The_Government,31,over_info,5,78.23,0.38000000000010914,2,0,2,0,0,0,70.76999999999998,180.0,4,,"? - So when you think of the third way, you think of how do I get two people who are on opposite sides to give a little bit and to gain more? Right, so it's a compromised soluti..."
religion,When_She_s_Done_With_Church,3,over_info,0,94.78,0.26000000000004775,1,0,0,0,0,0,0.26000000000004775,180.0,1,,". - Yes, the ability to be bored, boredom, a thing from the 90s. Remember that? It's the psychology around boredom even, the need to have to create something to do, not being ab..."
religion,While_the_smell_of_stench_was_still_on_him,2,over_info,5,1164.89,,0,0,0,0,0,1,0.0,0.0,0,,. While he still smells like a hog. Why he still smells like a pin. Now you go get a robe and put on his back. You
religion,Women_in_the_Bible,9,over_info,5,68.32495281266256,34.886849966560135,1,0,4,0,0,0,110.97684996656011,180.0,5,,you. Well it was actually the Bible text or the readings for the day at church. There was a conversation online that I had with some of my parishioners about the sermon that I p...
religion,Working_Moms_Can_HomeSchool_Part_One_with_Erin_Barry,27,over_info,5,129.43,1.0400000000004184,0,0,4,0,0,1,0.0,180.0,4,,"bit, let's say, in your record keeping. And when students are younger, again, depending on what your state requires, some people don't even give grades. I always did, but you do..."
religion,Youre_Not_The_Boss_Of_Me_2of4,11,over_info,5,90.81999999999998,54.129132311738886,0,0,0,0,0,1,0.0,54.129132311738886,0,,"'s what happens."" Joseph becomes second in command. Now, meanwhile, back at the ranch, Joseph's brothers and his family, they're about to starve because it is famine time and th..."
religion,Zooming_in_on_Hope_Ep._2___Jeremiah_Crosby,13,over_info,5,67.96,1.5400000000000205,2,0,5,1,0,0,90.51999999999998,177.54641791044764,8,,"? - Honestly, just took care of me. It gave me plenty of medicine. I had a round of antibiotics that I had to take. I had a, it's a drug called plaque linelle. And that's the on..."
religion,testimony,18,under_info,10,6.0,0.0,4,0,2,0,0,0,12.599999999999994,34.980000000000004,7,Stonewalling / Non-Response,"Okay, I would not pray about also the issue about the spiritual husband."
sports,034__Looking_Ahead,7,over_info,0,146.47,0.0,0,0,2,0,0,1,0.0,180.0,2,,"I'll go first. And for early score predictions, I think for this game in particular, because this is the first game of the season. Dude, I don't, I mean, obviously the Niners ha..."
sports,037_-_Haley_Carter__United_Soccer_Coaches_Women_s_Advocacy_Chair,5,over_info,5,57.89,0.0,1,0,3,0,0,0,34.650000000000006,180.0,4,,"'s really about growing the game. It's about growing the game, giving more opportunities in communities to be able to get kids playing, get women playing, spreading the power of..."
sports,131_UFC_249_Recap__Preview_of_Pro_BJJ_Coming_Back,85,over_info,5,73.28,2.6399999999998727,2,0,5,0,0,0,56.75,68.07240343347621,8,Stonewalling / Non-Response,"if anything, I would say the thing that might be the saving group because like until It's one of those things where i'm just always going to assume kabeeb is going to if he gets..."
sports,13th_Man_Podcast_Ep._16_-_CFL_narrows_options__USports_season_cancelled__and_the_Argos_go_over_the_cap,74,over_info,5,45.69872674658949,2.093724679619754,0,0,2,0,0,1,0.0,29.353724679619745,3,Stonewalling / Non-Response,"'s average fan, right? Like they , like we see it a lot in the NHL with Batman. Batman gets on, gets heated on way too much. Even though, you know, he's just a figurehead for th..."
sports,13th_Man_Podcast_Ep._16_-_CFL_narrows_options__USports_season_cancelled__and_the_Argos_go_over_the_cap,140,over_info,5,49.040000000000006,0.49000000000023647,1,0,3,0,1,0,26.01000000000022,110.82000000000016,6,Topic Shift,"is. - Yeah, I don't know. I think that situation in and out of itself is a completely like, it's an issue that is bigger than just Ambrosi. It's also dependent on like how they..."
sports,1_-_Talking_Brain_Endurance_Training_with_Walter_Staiano__Ph.D,13,over_info,5,68.06,0.0,2,0,3,1,0,0,80.13184782608698,180.0,6,,". One of the things that surprised me is exactly this concept I was just telling you, that basically the BET has a greater effect in a fatigue state compared to a fresh one. Whe..."
sports,2020.05.01-_Featuring_Dan_Hoedeman,12,over_info,3,225.27,0.0,0,0,1,0,0,1,0.0,180.0,1,,"in terms of the American soccer ecosystem, you know, news came out yesterday from FC Cincinnati, the team, the MLS team based in Cincinnati, about, you know, the fact that like..."
sports,2020_Early_Running_Back_Rankings_-_2020_Redraft_Fantasy_Football_2,3,over_info,5,47.4,2.842170943040401e-14,0,0,1,0,0,1,0.0,180.0,2,,". I mean, normally the, the take is why is he not, or not just for him, but Todd Gurley for maybe any other running back, that's been an RB one. There's 155 vacated targets left..."
sports,41_-_Dustin_Brady-_Football-_QB_at_Wynford_High_School__SR,31,over_info,5,48.41,0.0,2,0,4,0,1,0,50.710000000000036,95.67000000000007,7,Topic Shift,"you mentally? That caused me to be a lot more patient with things, you know. Sometimes I usually like to rush things and, you know, and I always just want to get back at, you kn..."
sports,APE__21_-_Jacob_Harden,3,over_info,5,95.78,39.43237240379969,0,0,1,0,0,1,0.0,146.41298660062233,1,,"a loaded question because it has to go into what is it that we're doing to actually try and reduce our risk of injury in the first place, right? Like what is that? I think a lot..."
sports,APE__21_-_Jacob_Harden,29,over_info,5,50.55426174496644,1.569250559284228,0,0,0,0,0,1,0.0,33.649250559284155,3,,", you know , thinking back to myself 10 years ago, let's see, I was 21, and in undergrad, um, just finishing my undergrad, yeah, I think the advice I needed at that point in my..."
sports,ATRadio__Corona_Complications_for_Tokyo_Olympics_with_Jeffrey_Engel,9,over_info,5,45.440000000000005,0.2400000000000091,1,0,3,0,0,0,0.2400000000000091,180.0,6,,"several things we know about it. One is that it is extremely contagious with transmission rates, particularly in indoor crowded areas like conjugate living places, like unfortun..."
sports,Adam_Baum_Interview,17,over_info,5,72.85,0.0,2,0,4,0,0,0,99.94000000000005,180.0,6,,"I actually-- I had a little bit of a roundabout way to discovering this. You know, I think like most high school people, I really didn't have any idea what I wanted to do. You k..."
sports,Adam_Baum_Interview,127,over_info,5,71.19,4.737510729613859,0,0,4,0,0,1,0.0,180.0,4,,"think that the biggest thing, you know, when you're, you were asking me that I immediately think about social media. To me that, that's, that's kind of the linchpin and all this..."
sports,Andrew_Brandt_6-23-20_2,17,over_info,5,48.871522666245454,8.424421102511474,0,0,0,0,1,1,0.0,29.344421102511433,1,Topic Shift,"Yeah. I mean, again, the recommendation from an F O P a team dot or a doc, Tom Meyer. I believe the word was suggestion or recommendation or something to that effect. There's no..."
sports,Ask_An_Epidemiologist_with_Dr._Recinda_Sherman,35,over_info,5,91.67999999999999,0.0,2,1,2,0,0,0,98.36000000000013,180.0,5,,so yeah wearing masks of course is going to be a benefit but it has to be both um but it's really it's a numbers game the closer you are to someone the more you're in there the...
sports,Being_Michael_Jordan_s_teammate__more_NBA_quitters,23,over_info,5,53.69,41.55153563840031,0,1,1,0,0,0,41.55153563840031,180.0,2,,"the crazier conspiracy of all the conspiracy theories throughout this documentary. That is easily the most insane. Like, I was reading, there was an article, I forget where that..."
sports,Being_Michael_Jordan_s_teammate__more_NBA_quitters,58,over_info,4,97.8339049836982,5.1582617605963605,0,0,0,0,0,1,0.0,6.338261760596197,1,Stonewalling / Non-Response,'s the thing with Clyde. He's a little bit like magic on Twitter where there's some obvious statements being made and he goes to them regularly. He's not trying to anger anyone....
sports,Best-selling_author_Ryan_Holiday_shares_his_thoughts_on_stillness__ego__and_defining_success,32,over_info,5,57.1,0.0,0,0,1,0,0,1,0.0,180.0,1,,"You know, as you were describing the confidence you had in sticking with your book launch, I was thinking about these decisions that we've made along the way with Woop, which at..."
sports,Black_Lives_Matter_and_the_role_of_sports,4,over_info,5,48.46,0.7600000000000051,0,1,2,0,0,0,0.7600000000000051,180.0,3,,"it's amazing. So, let's talk about the guy who started a lot of this in some of the movement, Colin Kaepernick, and his interaction with the NFL. As we all know, the NFL came ou..."
sports,Black_Lives_Matter_and_the_role_of_sports,15,over_info,5,52.87,1.0799999999999272,1,0,6,0,0,0,18.549999999999955,180.0,7,,". And I know that coronavirus to some degree is preventing some teams and coaches from assembling, right? It's not as easy as calling up all your players and getting together ne..."
sports,Brad_Berry_UND_Hockey_Coach,31,over_info,5,65.01,0.6700000000000728,1,0,1,0,1,0,0.6700000000000728,95.83000000000004,3,Topic Shift,"? - Well, you know, the ones that are kind of the ones that they're talking about right now are face-offs. Just to speed the game up a little bit, I think the one it is, like no..."
sports,Careers_In_Sport_Podcast_-_Lee_Hemmings_-_Managing_Director_-_Player_Lens_2,33,over_info,5,49.040000000000006,0.0,2,0,2,0,1,0,74.19000000000005,180.0,5,Topic Shift,"Yeah, sure. I think with, with networking and especially in football, I think it's very important to, to pick your spots. I think you get introduced to a lot of people. Some of..."
sports,Cat_Carkner_-_Youth_Olympic_Rock_Climber,20,over_info,5,45.48,0.0,1,0,2,0,0,0,0.001,63.610000000000014,5,Stonewalling / Non-Response,"on, my biggest mentor was definitely my two coaches. I started climbing competitively or at the regular frequency at this gym called howdy rock gym and Ottawa. So, I learned tha..."
sports,Cat_Carkner_-_Youth_Olympic_Rock_Climber,50,over_info,5,70.33666492009432,4.123696620382361,1,0,3,0,1,0,4.123696620382361,88.61369662038237,5,Topic Shift,"So I anticipated getting back into the competitive climbing scene this fall for a bouldering season because usually Canada works that with September to January, these are boulde..."
sports,Catchup_With_Derek_Ure_-_East_Stirlingshire,13,over_info,5,85.0,0.0,3,0,2,0,0,0,169.76000000000005,180.0,5,,"Yes, I think that I've spoke to several people after all of these games. And I would agree that we've done well in some games. But the one game that we're kind of a big-nil cove..."
sports,Chris_Opdyke_Show__23_Kevin_Chiaravalloti,7,over_info,5,56.599999999999994,0.3199999999999932,3,0,5,0,0,0,143.51000000000002,180.0,8,,"- Yeah, you know, in life, we go through phases of wanting this, being so unsure of what we actually truly want. And that's what we try to find out. Like what makes us happy, wh..."
sports,Dan_Hoard_Interview,57,over_info,5,50.76,0.7262857142857229,2,0,4,0,0,0,157.75000000000023,180.0,6,,"? It's the dream of a lifetime. When I was a kid, my ambition was to become a Major League Baseball play by play announcer. And it didn't play out that way. But I am a Major Lea..."
sports,Derek_Bedell_Head_Football_Coach_Mayfair_High_School,29,over_info,5,46.14,0.0,0,0,4,0,0,1,0.0,180.0,6,,". Yeah, I think that I think that's absolutely a part of it. And, you know, you, I think as a, as a, as a first year coach and especially a lot of young coaches, you, you think..."
sports,Derek_Bedell_Head_Football_Coach_Mayfair_High_School,47,over_info,5,74.87,0.0,0,1,1,0,1,0,0.001,168.66999999999985,3,Topic Shift,"one to me. Well, they did a better job recruiting the mom. I mean, that's the truth of it. No, my kids, my kids grew up going to private school. So, you know, they all three of..."
sports,Derek_Bedell_Head_Football_Coach_Mayfair_High_School,49,over_info,5,55.0,0.0,0,0,0,0,1,1,0.0,107.8599999999999,1,Topic Shift,"Well, no, well we try, I should say. You know, we, but in the end right now in high school football in general in Southern California, we're at a place where, without saying it,..."
sports,Din_Thomas_talks_Woodley_vs_Burns___training_with_SHAQ,7,over_info,5,57.580000000000005,0.0,0,0,0,0,0,1,0.0,9.129999999999995,2,Stonewalling / Non-Response,"going good, man. You know, but this is what I wanted. You know, like I wanted to have this type of relationship and stress with my fighters. I mean, me and Tyron has always had..."
sports,EPISODE___8_-_Home_Again,65,over_info,5,46.66,7.568556701030843,3,1,4,0,0,0,105.953093093093,108.2127027027027,8,,what you guys are all doing during this pandemic to deal with the boredom. Aaron and I I guess are somewhat lucky in a way in that well his situation hasn't changed but we have...
sports,EP_2_w__AWF_Champion_JDX,27,over_info,5,81.29,0.0,4,0,2,0,1,0,111.25,180.0,7,Topic Shift,"? I think guys like they come to mind upper Midwest, I would say probably like, maybe a trailer mark. He's a young, upcoming, upcoming, very athletic guy. God, there are a lot o..."
sports,Ep._47_with_BHL_Legend_Kane_Van_Gate,65,over_info,5,51.03,0.033011152416293044,0,0,1,0,0,1,0.0,80.97000000000003,4,Stonewalling / Non-Response,favorite part i don't know it's hard it's that's a good question filming was the fun part i mean that was challenging in and of itself but the hardest part is putting it all tog...
sports,Ep._70_-_Pro_Soccer_to_Becoming_a_Sports_Chaplain_-_with_Megan_Lindsay,31,over_info,5,58.07000000000001,12.084363918726694,0,0,1,0,0,1,0.0,180.0,2,,"Nobody says that. I'm sure the whole team was saying that in their heads of like, okay, but I mean, one, it takes a lot of just for me, it's been a big humbling process, but I a..."
sports,Ep130_Deep_Healing_with_Dr._Nima,43,over_info,0,177.30845509383377,2.0997469839144287,1,0,4,0,0,0,46.00974698391428,180.0,7,,"that. Well, in the pandemic I haven't been that great. I've been super busy my business is really taking up a lot of that like I've doubled tripled, you know my workload because..."
sports,Ep_12__Anthony_Aliotti,33,over_info,5,63.46540894361633,6.9502022034998845,1,0,1,0,0,0,6.9502022034998845,47.78020220349981,3,Stonewalling / Non-Response,"? - You know what, actually my first year when I went to Vancouver, Rick Man iante was your manager, right ? - Rick was my manager, Rick was my first manager. He's a great dude,..."
sports,Episode_162__Tua_Much_Tua_Soon,13,over_info,5,47.538881726457404,12.50351317264574,1,0,0,0,0,0,79.47989802741756,180.0,2,,"would be a disappointment only because in my opinion, Derek Carr is that Dalton Tanahill line where I don't know. He just seems like he's a good player. I just think he's like a..."
sports,Episode_21__The_Future_of_the_NCAA__UCLA__and_Covid-19,17,over_info,5,63.03,0.7699999999999818,2,0,2,0,0,0,6.3700000000000045,180.0,5,,"comparing him again to Lonzo, like that was one of the Lonzo Ball's main criticisms cutting out of high school too is like, you know, he's not the most athletic guy and can't, y..."
sports,Episode_21__The_Future_of_the_NCAA__UCLA__and_Covid-19,55,over_info,5,82.59,0.9900000000000091,1,0,3,0,1,0,64.69000000000005,158.53999999999996,7,Topic Shift,"'s... yeah, I know the doom and gloom, I think it's overblown. I do want to say like kind of to your point, like the older better coach teams, like we just need to go back to ki..."
sports,Episode_54_-_What_Do_the_Positive_COVID-19_Tests_Mean_for_Alabama_Football,27,over_info,5,64.80640999189447,37.290635914818495,0,0,3,0,0,1,0.0,180.0,3,,"No, jeez. Well, I think the obvious answer there is you got to say Kirby because, you know, it's Kirby or damn alone. And but right now I lean towards Kirby because he's done a..."
sports,Episode_7__An_interview_with_Max_Troiani,36,over_info,5,49.46,0.44150602409627027,3,0,2,0,0,0,161.98999999999933,180.0,5,,"of a? - Don't, the way it works for any junior that signs are extracted, there's a clause in a contract that says they'll pay for your last year of school. So I would go play. W..."
sports,Episode_7__An_interview_with_Max_Troiani,74,over_info,5,48.52,0.0,0,0,0,0,1,1,0.0,7.169999999999618,1,Topic Shift,"'s going on? And so I was literally drinking a packet of Pudilite, every inning, like it was 102 degrees, it was disgusting. So I get out to the plate for my second at that and..."
sports,Episode_7__An_interview_with_Max_Troiani,94,over_info,5,47.959999999999994,4.547473508864641e-13,2,0,2,0,0,0,136.89000000000033,180.0,4,,", there was, there was some of that, but it was mostly internal, kind of external from like the coaches, but like I put it on myself. Like a lot of what I learned this year was,..."
sports,Episode_98__The_Fan_Favorite_Mayor_of_Syracuse__ft._Daniel_Walcott,57,over_info,5,47.6,2.2737367544323206e-13,1,0,1,0,0,0,0.001,180.0,2,,"Well, I started off initially, it was the bar that took a lot of my time. And then also, working out, I'm a big workout guy. So, you know, being, especially days like today, whe..."
sports,Episode_9___RELOADING,24,over_info,5,52.27,0.14000000000010004,1,0,5,0,0,0,35.190000000000055,180.0,6,,"you still need a scale to kind of weigh your charge. - Yeah. - And of course, your components, your bullet, your bullet, your brass, your primer, that's really all that you need..."
sports,Extratime.ie_Sportscast_Season_8_Episode_21_-_Extratime.ie_meets_Luke_Chadwick,29,over_info,5,49.55,0.9800000000000182,3,0,3,0,0,0,133.44999999999993,180.0,6,,it probably definitely got lost when the manager left because obviously he what built everything whoever was going to come in after Sir Alex it's more or less an impossible job...
sports,Extratime.ie_Sportscast_Season_8_Episode_21_-_Extratime.ie_meets_Luke_Chadwick,51,over_info,5,52.35694982146213,0.4316162375494059,2,0,2,0,0,0,135.88756727333111,180.0,4,,I definitely think it's it's improving it's definitely there's more open I think when I was sort of coming through at a young age and you're sort of you hear about sort of the m...
sports,Former_MLB_Player_and_Post_22_Head_Coach_Kelvin_Torve,19,over_info,0,61.455552797087044,29.833588215822715,0,0,2,0,0,1,0.0,180.0,2,,"- Well, just the legacy of success. You know, the 40, we've got 42 state championships now. You know, and that just doesn't happen by falling out of bed and getting it done. It..."
sports,Former_MLB_Player_and_Post_22_Head_Coach_Kelvin_Torve,26,over_info,5,61.83,0.25,1,0,1,0,0,0,136.6500000000001,180.0,2,,", I'm good. Yeah, and you didn't give him too many chances to come up with something. So that was the beauty of it. But so, you know, the one thing about post-22, I felt that re..."
sports,George_Floyds_death_brings_back_painful_memories_for_Thabo_Sefolosha,7,over_info,5,50.35999999999999,0.0,3,0,3,0,0,0,113.05000000000001,179.60000000000002,7,Stonewalling / Non-Response,"Much, much deeper. I think when you talk about bad apples, it's one thing, you know, when you have some bad apples and you throw them out, the bottom. It's not like there's a cu..."
sports,Gunnar_Biniasch___Episode___159,9,over_info,5,48.26,3.117680798004983,2,0,3,0,0,0,165.91999999999996,180.0,5,,It started in 2000 when I basically needed work in the winter because UK and the winter is not really the best place to teach basically kydbugging back then and yeah eventually...
sports,Hector_Lombard,19,over_info,5,50.129999999999995,0.7100000000000364,0,0,0,0,0,1,0.0,0.7300000000000182,1,Stonewalling / Non-Response,"understand exactly understand what you're saying. But, you know, if you a capable person, you gotta, you gotta make the best judgment on who's who's got it wrong. Like, you know..."
sports,How_It_s_All_Your_Fault__Failing_Upwards___Fighter_Pay_With_Jon_Fitch,153,over_info,5,47.29999999999999,1.4600000000004911,4,0,3,0,0,0,177.92000000000053,180.0,7,,we The mixed martial arts association has been around for over 10 years So we're here like fighters just need to sign on the dotted line And we can move forward But but people a...
sports,Interview__Jessica_Eye__UFC_Flyweight,9,over_info,5,48.97,0.7300000000000182,1,0,1,0,1,0,0.7300000000000182,28.986246518105816,3,Topic Shift,"right? - Yeah, I mean, not really awkward is, I don't know if that's the word for it, but like almost like, I was excited. I was excited to get back to training. I felt like I w..."
sports,John_Wooden__The_Teacher___Ray_Lokar__Gold_Standard_Coaching,4,over_info,5,45.85000000000001,19.366449972404013,0,0,1,0,0,1,0.0,180.0,1,,"so far several of the former players and those who have known him. And one of those was Swin Nader. And when I talked to Swin, he had several stories and talking about the techn..."
sports,Jonathan_Moosmiller__CMC__Director_of_Food___Beverage__Southern_Hills_Country_Club,21,over_info,5,52.22009556574925,0.050410932721661084,4,0,3,0,0,0,179.79041093272167,180.0,7,,", I think it's trying to get everyone to understand, you know, all the different touch points and all the different things and how easy things like cross contamination happens a..."
sports,Jonathan_Moosmiller__CMC__Director_of_Food___Beverage__Southern_Hills_Country_Club,29,over_info,5,51.15,0.0,3,0,3,0,0,0,174.18999999999994,180.0,6,,"about 50/50 throughout the year. I mean, June, normally our pool would have been open by now. Our pool's not opening until June 2nd and that looks a lot different than what it h..."
sports,Lehigh_Golf_Coach_Mary_Kate_Lynch_on_Meeting_of_the_MindZ,13,over_info,5,47.29,6.827310454908229,3,0,5,0,0,0,158.2100000000001,180.0,8,,". - Yeah, I mean, it's tough and I've gone, I've kind of changed my coaching styles where it would be conference, conference, conference. This is the biggest event for us. That..."
sports,Locked_On_Twins__5_20__-_MLB_insider_Robert_Murray_on_baseball_s_return__the_Brewers__Christian_Yelich__and_his_guide_to_profession,11,over_info,5,139.74,0.0,0,0,4,0,0,1,0.0,180.0,4,,"him, you've written about him on and off the field. He's a 2018 ranked second and on base percentage second and slugging percentage and second and O.P.S. You can guess who the o..."
sports,Los_Angeles_Sparks_Outlook,60,over_info,5,55.38,5.257336244541875,2,0,5,0,0,0,136.01999999999998,180.0,7,,"? - Yeah, it was, it was, it was very odd. You know, he was going with like lineups and head. Here's the thing about that. Like you have Candice Parker and both Guumake sisters...."
sports,Mindset_and_the_Mets_with_Mark_Brunswick,29,over_info,5,49.74,0.0,0,0,0,0,0,1,0.0,71.73999999999978,1,,"Twitter. - Yeah, we have everything. I've got, first of all, I've got all my personal stuff. I've got my personal Facebook and Twitter and so forth. Not Instagram. I'm not that..."
sports,Morgan_McDonald_-_NCAA_Champ___Pro_Runner,63,over_info,5,71.34,0.36999999999989086,1,0,2,0,0,0,0.36999999999989086,73.13999999999987,4,Stonewalling / Non-Response,mean I think um like an obvious one is like the people around you um people like give you a lot of good energy and like if it's a easy run and like you know feeling it or just h...
sports,My_very_first_episode_with_Spreaker_Studio,3,over_info,5,50.10045873184555,31.655759829968133,0,0,2,0,0,1,0.0,180.0,2,,"Well, you know, I think that certainly protects the institution for sure by, you know, creating liability waivers. I'm not, I'm not sure how comfortable it makes other participa..."
sports,New_England_Football_Journal__Episode_9,8,over_info,4,113.08950949367089,27.37283958130479,1,0,1,0,0,0,27.37283958130479,180.0,2,,", I wouldn't hold my breath. I don't think he's going to give you as much insight as Jordan did. I don't think it's going to be nearly as fascinating as the last dance was. Look..."
sports,Ollie_Ollerton_2,53,over_info,5,69.17,4.6025219941350315,1,0,2,0,0,0,72.18594235033243,180.0,4,,"Yeah, 100%. Also, you know, you've got to look at health. Health is a 360 degree subject. You know, it's not just you, you've got your cardio, you've got your gym, you've got yo..."
sports,Panther_Insider_Podcast_-_Episode_25__Keith_Gill,13,over_info,5,59.18,0.0,2,0,2,0,0,0,93.5,180.0,4,,"Yeah. Yeah, no question, you know, and football, you, you, you charter pretty much all the time. You're either charting a bunch of buses if it's a bus trip and you just ride tho..."
sports,Panther_Insider_Podcast_-_Episode_25__Keith_Gill,15,over_info,5,65.69,0.0,2,0,3,0,0,0,109.52999999999997,180.0,6,,"west. Yeah, you know what? I mean, obviously, you know, there's a lot of ideas being kicked around right now. And I think on both sides of the ledger, I just think, you know, so..."
sports,Podcast_Episode_307,62,over_info,5,59.0,2.2737367544323206e-13,1,0,2,0,1,0,0.001,61.614155939684,4,Topic Shift,"I the last last thing and now I'm going to completely forget what I was going to bring up and oh, no, I remember. So the person I would want to be the least in all of this is le..."
sports,Project_WDWK_Restart,2,over_info,5,72.02,0.6999999999999886,0,0,6,1,0,1,0.0,178.65999999999997,8,,". - Good weekend, was it all right? - Yeah, not bad, not bad, same old. - To be fair, every day's like a weekend at the moment anyways, isn't it? - Exactly. - But tell you what,..."
sports,Project_WDWK_Restart,120,over_info,5,47.98,,0,0,0,0,0,1,0.0,0.0,0,,". - Yeah, yeah, okay, cool. So guys, if you've got any questions, it's in the same way that most of you have been doing. You seem to be tweeting us more than sending us messages..."
sports,Round_4__2020_-_Thank_God_For_That_Tent,37,over_info,5,64.31,0.5500000000001819,1,0,2,0,0,0,0.5500000000001819,180.0,3,,"He never want to do that. Not a massive goalscorer in the Waffle either, just the two goals last year in his most recent 10 matches for the Waffle. He only kicked four for the f..."
sports,Ryan_Seggerman_-_Princeton_University__ENG_2,35,over_info,5,51.83,0.5799999999999272,0,0,0,0,0,1,0.0,3.9300000000000637,1,Stonewalling / Non-Response,given that obviously a lot of thought I think this whole coronavirus thing has made everyone a lot of time to think about that kind of stuff. And for me I think it's definitely...
sports,S2__Ep_71__Stephanie_Vatalaro_of_the_Recreational_Boating_and_Fishing_Foundation_2,55,over_info,5,59.56,0.0,2,0,2,0,0,0,49.830000000000155,112.19999999999982,7,Stonewalling / Non-Response,"That surprised me. Another thing that surprised me was, it's no secret, we have a retention issue in our industry, and we kind of spoke about that a little bit earlier. Last yea..."
sports,S2__Ep_74__Scott_Hetzer_of_Eclipse_Fly_Co,11,over_info,5,54.4,0.0,0,0,1,0,1,1,0.0,26.0,3,Topic Shift,"I'm really pretty self-taught. I'm a, you know, child of YouTube. So that was a huge thing. You know, he doesn't know who I am, but Tim Flagler, tight-line production, certainly..."
sports,SaskGolfer_Podcast_-_Sam_Wills___PGA_of_Saskatchewan_Professional,12,over_info,5,58.79,75.20722139591237,0,0,0,0,0,1,0.0,75.20722139591237,0,,"good point. No doubt about it yet. So what's a couple of the strongest, I guess, skills you've been inherited or working on there, working under John, like John, everybody respe..."
sports,SaskGolfer_Podcast_-_Sam_Wills___PGA_of_Saskatchewan_Professional,18,over_info,5,45.767898881060916,19.453469402007613,1,0,3,0,0,0,166.70859510982177,180.0,4,,". Yeah . Absolutely . Yeah. Really good comments there, man. Um, as mentioned, you've got a really good, uh, call it a really strong social media game. Personally, there you do,..."
sports,Season_2_Episode_3__Sit-down_talk_with_Pat_Freeman_about_Midwest_Basketball_Training,7,over_info,5,75.45,0.0,2,0,2,0,0,0,134.20999999999992,180.0,4,,"great question. So, I've always, obviously, like most people have been passionate about basketball and really fell in love with it. Probably my freshman year of high school. But..."
sports,Season_2__Live_Episode_8,24,over_info,4,303.47,0.0,0,0,5,0,0,1,0.0,180.0,5,,"Well, yeah, that's 100% accurate. And we are the one team that can prove that to everyone. Think about going into 2017. You had, at one point, you had Kelly Bryant. You had Tuck..."
sports,Short_Season_Impact_on_Young_Sox___Advanced_Scouting_Proficiency,9,over_info,5,74.47,0.0,0,0,2,0,0,1,0.0,81.54000000000002,3,Stonewalling / Non-Response,"differently. Um, I would say, I don't know because I've been trying to basically gird myself against disappointment and gird myself against the idea that this is going to like n..."
sports,THE_SHOW__Episode_2_2,8,over_info,5,46.71999999999999,0.0,1,0,2,0,1,0,81.39331000000001,100.59,4,Topic Shift,the most part. Okay all right well my 10th plays game week two bangles again bangles at Browns this is Thursday night it's the Battle of Ohio it's Burr versus Mayfield both guys...
sports,Tampa_Bay_Lightning_-_Bolts_Broadcast_-_EP61_-_S1_2,15,over_info,5,84.48,0.0,0,1,1,0,0,0,59.84000000000003,180.0,5,,"Yeah, I agree with you for sure because like the draft, the lottery, the lottery, the lottery lads for the first phase is as it's been for the last couple of years, right? So, y..."
sports,The_Blue_Oval_Podcast__Ratcliffe_and_Ostberg_to_UNC___Potential_XC_Qualifying_Changes_2,10,over_info,5,60.65,0.4000000000000341,2,0,2,1,0,0,171.94,180.0,6,,'ll be fascinating. I think you make a good point that it's easy to buy into the hype when we're seeing all these big names and thinking that'll translate in the fall on the gra...
sports,The_Blue_Oval_Podcast__Ratcliffe_and_Ostberg_to_UNC___Potential_XC_Qualifying_Changes_2,22,over_info,5,48.3,0.0,0,0,2,0,0,1,0.0,180.0,3,,and we're really happy for him. I think he's going to do really well at Arkansas. And it is interesting. He was looking at some pretty big schools as well. And the fact that Ark...
sports,The_Blue_Oval_Podcast__Ratcliffe_and_Ostberg_to_UNC___Potential_XC_Qualifying_Changes_2,24,over_info,5,49.74,0.0,0,0,3,0,0,1,0.0,180.0,3,,transfer who has cross-country eligibility is Joseph Humes headed from Hillsdale to Purdue as a graduate transfer. He was 19th at D2 nationals this past fall owns PRs of 814 and...
sports,The_Blue_Oval_Podcast__Ratcliffe_and_Ostberg_to_UNC___Potential_XC_Qualifying_Changes_2,36,over_info,5,46.36,35.50717320743615,0,0,2,0,0,1,0.0,180.0,2,,". Yeah, I think when you're talking about steeple chase stars like Noah Aftold are coming over from the East region as well. We just talked about the daily twins. Some pretty st..."
sports,The_Business_Of_Sport_Podcast_-_Giampiero_Rinaudo_-_CEO_and_Co-Founder_-_Deltatre,71,over_info,5,47.9,1.4400000000000546,4,0,4,0,0,0,142.80000000000018,179.10746881155592,8,,", this is a myth. I mean, negotiating is part of every business. I mean, a strong negotiator in my opinion means that you are also able to understand very well what the other si..."
sports,The_Buzz_Pod_Episode_34_ft._Drake_Rymsha,15,over_info,5,62.07,0.6099999999999852,1,0,3,0,0,0,101.09000000000003,180.0,4,,"I think for me, it's like throwing up. It was just, you know, I wasn't really never really into video games. I always was doing something active whether it was baseball, lacross..."
sports,The_Chelsea_Spot_Podcast__6_-_Dortmund_vs_Bayern_Review___Q_A_2,69,over_info,5,62.87,15.9841496082895,0,4,3,0,0,0,56.63000000000011,180.0,7,,reckon? This is putting me on the spot a bit. My favourite ever goal scored. It's always been my favourite ever goal. I don't really know why it was in the 2010 World Cup. Giova...
sports,The_Corner,72,over_info,5,61.92,0.0,2,0,3,1,0,0,110.73000000000002,180.0,6,,"Thanks. Yeah, I was the same way, but I was hoping you was gonna give me some hope. Yeah, I don't, they canceled the, the Hall of Fame game today. So, that one was, I guess, the..."
sports,The_Future_of_Gary_Sanchez,64,over_info,5,56.260598018400565,6.856425103245783,0,1,2,0,0,0,21.315144207614935,50.16294409058753,4,Stonewalling / Non-Response,">> 100 and 10 %, I mean, that's a place where I think being you always really agreed where, again, you can't really put projections on a backup catcher like that, right? We saw..."
sports,The_Rufus_Rundown_5-12-2020_-_THE_TRIUMPHANT_RETURN_WITH_COACH_ZACK_BOTELHO_2,26,over_info,5,61.8,1.4299999999998363,0,0,2,0,0,1,0.0,180.0,2,,"- Yeah, I know when I played, I mean, not that I ever, like for any coaches that I would never listen to, like throughout my life, like always was a respect, like respect for li..."
sports,The_Top_Podcast_Everywhere__2_-_Norman_Harras,17,over_info,5,57.84,0.0,0,0,3,0,0,1,0.0,180.0,4,,"I don't really think so. Because Canada is just such a huge country. I mean it's all continent and I travelled the first time almost 30,000 kilometers all across it. So just wit..."
sports,The_whole_9_yards,36,over_info,5,60.830000000000005,1.0299999999999727,3,0,3,0,0,0,130.1987511190689,180.0,6,,"you know, you have to think it, if still, I mean, you can put on a video, you can put out your statement. Excuse me, I just had a little gas there. He didn't really apologize fo..."
sports,The_whole_9_yards,63,over_info,5,64.32,0.0,1,0,0,0,1,0,0.001,17.259999999999764,2,Topic Shift,"a season, a postseason playoffs world series? How are you going to have all that off a forty two game schedule? Look at a team like the Washington Nationals defending champs. Th..."
sports,Throwin__Hands_Episode_16___Fight_Night__Blaydes_vs._Volkov_Preview___More,22,over_info,5,69.94,0.8400000000000318,1,0,3,0,0,0,0.8400000000000318,180.0,4,,"say? Yeah, I think his biggest thing, he's got to wear Jim Miller out again. It's tough to say that outside of maybe the heavyweight division that anybody in the MMA doesn't hav..."
sports,Throwin__Hands_Episode_16___Fight_Night__Blaydes_vs._Volkov_Preview___More,58,over_info,5,54.08,0.0,0,0,0,0,1,1,0.0,24.88000000000011,1,Topic Shift,I think these two guys are very talented fighters who are trying to separate themselves as legitimate future contenders in this division. I think Danny Gay was really impressive...
sports,Typical_recruiting_timeline____Recruiting_Tip_Mailbag_Episode_2,1,over_info,5,57.46,4.469284064665118,1,1,4,1,0,0,154.22,162.4070853080569,8,,"tackles that I always seem to be drawn to for example, there was the kid who went down to Syracuse from the last year. Like you don't see legitimate offensive tackles all that o..."
sports,UFC_249_Main_Card_Breakdown___TrashTalk_Sports_Ep._31,6,over_info,5,46.648871331828445,18.140854025583167,1,0,1,0,1,0,18.140854025583167,37.950854025583226,3,Topic Shift,". So when I think of Henry Sahuda, I think of two things. I think of the ability for him to be, you know, the UFC's version of a high flyer, if you will, I feel like he's all ov..."
sports,Weekends__Making_sense_of_the_China-India_skirmish_on_the_Line_of_Control,11,over_info,5,52.5,0.6199999999999477,2,0,2,0,1,0,85.34999999999991,155.76999999999998,5,Topic Shift,it's tricky president donald trump actually offered to do that in the midst of the conflict earlier in me and both sides very quickly sort of without directing things so you kno...
sports,What_Tournaments_Should_You_Play_and_When__Plus_The_Start_of_Our_Season____Episode_7,13,over_info,5,55.42,0.0,0,0,1,0,0,1,0.0,44.92000000000007,2,Stonewalling / Non-Response,"takeaway? Yeah, like you said, basically all that you said, it's very, what I should learn from that is it's just, no matter what resumes compared to why they're glorious, how t..."
sports,scoutSMART__an_analytics_platform_helping_college_coaches_efficiently_find_the_best_recruits_2,9,over_info,5,56.4,0.0,0,0,3,0,0,1,0.0,180.0,3,,"Absolutely. And we support all ranges of programs from NAIA to power by the recruits that, like you said, the top recruits, they're getting plenty of attention and don't necessa..."
sports,scoutSMART__an_analytics_platform_helping_college_coaches_efficiently_find_the_best_recruits_2,19,over_info,5,75.41,0.31999999999993634,0,0,3,0,0,1,0.0,180.0,3,,"this sport. I mean, I'm truly living my dream of combining my background in technology and data with my love of football. So, you know, it's awesome. You know, I really got a lo..."
