episode_id,shift_-15,shift_-14,shift_-13,shift_-12,shift_-11,shift_-10,shift_-9,shift_-8,shift_-7,shift_-6,shift_-5,shift_-4,shift_-3,shift_-2,shift_-1,shift_0,shift_1,shift_2,shift_3,shift_4,shift_5,shift_6,shift_7,shift_8,shift_9,shift_10,shift_11,shift_12,shift_13,shift_14,shift_15
42088,,,,,,,,,0.08700918131824385,,,-0.07997429255920158,,,-0.08313352654609477,,-0.528165052420406,,,0.0851040889701662,,,0.27891223889066186,,,,,,,,
42626,,,,0.21592113954121686,,,,-0.34037269243804946,,-0.3987087452129426,,-0.12809064437690276,0.18646258319558243,0.20989010033339559,0.25907239894058737,,0.2985753343474143,0.42080368258796136,0.36494602945087307,0.38423553504618835,,-0.23710319464617516,,-0.6894397980902928,,,,0.36887125701782875,,,
43670,-0.05579399197021305,0.2317619637709445,-0.023659699113869136,-0.0512963561642886,0.08334404997260704,-0.2773728283506927,-0.10386021572679884,0.016493239031538293,-0.2192022732249396,-0.038822538215681754,-0.06011386846204039,-0.06574556197020008,-0.23789337711892206,-0.18331643714177892,-0.3038043298620211,,-0.06811364393194715,0.2920031703812215,0.042651517278267985,0.18809759152426084,0.4321835325134891,0.17059234129078374,0.2669907326285356,0.08526917790498495,0.3624422444230758,0.13633286510028722,0.29803337591416784,0.08293180541375886,0.1020524060370526,0.1578630444793219,-0.3253252076019293
43991,-0.08963571815182295,,-0.10730430129861271,-0.17728160208748198,-0.0017867748149329227,0.14921157229676846,,-0.5336639085884367,,-0.6202116909797096,-0.09602342423235921,-0.4170957143731727,0.02893662224519639,0.14230228442189438,-0.4962655035906912,,-0.4236841461530288,0.4666284909379771,-0.3236847654181437,0.47505354418474066,-0.15746761242001506,-0.2138401096724048,,-0.07576340610662403,,-0.7439392816158873,-0.23533095433212056,-0.3379027136155142,0.1276946410497173,,-0.35194824864398055
44410,,,,,,,,,,,,,,,-0.4546184858591057,,-0.07407459273763954,,,,,,,,,,,,,,
44444,,,,,0.5421584129687909,,0.414809452722713,,0.1833734188692435,,0.26904446562705014,,0.11987669300289,,-0.37371895753672973,,-0.39882094480391067,,0.3143191938094965,,0.15135230626372198,,-0.4603193256063757,,-0.4297039542118882,,-0.004016223467005076,,,,
44449,,,,,,,,,0.3590450588333707,,0.371149920557208,,0.3936757356259764,,-0.5735955076746462,,-0.6073410524461947,,0.1257680723273745,,-0.007553347977799517,,0.13653087341766137,,,,,,,,
44555,,,,,,,,,0.06446567921382747,,,,-0.029242769815445754,,-0.3743750557075343,,-0.3557020949088005,,-0.39934039105825736,,,,0.10018696493116416,,,,,,,,
44562,-0.1980919059815127,0.06994618706962118,-0.25017080864947083,0.09202307925100772,0.15893717005602492,0.2604027765319666,0.24093839075006698,0.28394957547203914,0.4149784014577915,0.08501389190118779,0.1535172254100236,-0.24181805698978848,-0.20973434273904756,-0.44167800571376914,-0.6616310211378327,,-0.50066918189845,0.058328451914430986,0.058023148168899835,0.08607471182412879,0.04663442880065177,-0.1420491802862337,0.19080627136191447,-0.054746934880233855,0.1905829706455581,0.20520974100028033,0.112113292518366,0.2487745991168195,-0.09911709281111063,0.23575019534901867,-0.1323752581146027
44606,,,,,,,,,,-0.14606503925371134,,,,,-0.12158388865030424,,-0.23174061513989572,,,,,-0.3563194046124487,,,,,,,,,
44607,,,,,0.2891404336197216,,-0.04829338407938489,,0.06462475996737023,,-0.022046174197800656,,-0.07852077645906907,,-0.24685874159627755,,-0.4081914831062131,,-0.20788801811282448,,0.0026994348112888444,,-0.03482500739473912,,0.10537433318934683,,0.4651632924121677,,,,
44975,,,,,,,,,,,,,-0.22852160245418232,,-0.525462051615569,,-0.7727478892119715,,-0.5466284536946866,,,,,,,,,,,,
44982,0.040298916272074985,-0.2588331733065272,-0.2461679899080481,-0.15266947816345033,-0.08212528845943633,-0.0033233076681880207,0.41900438739084844,0.05301913744714446,0.0293466905599014,-0.17328528795871628,-0.0832108981277547,-0.16349433746858277,-0.25592876773687423,-0.17247441056709273,-0.012790349727536898,,0.05509770887743493,0.05246242557734473,0.00489394137634061,-0.011517477940648502,-0.2625976770470996,-0.014730100851584653,-0.12419436206655003,-0.03802029203566624,0.18434522496820296,0.3100779619914016,0.11725608993341699,0.10854193115520566,0.08264609973009718,0.11406122229406278,0.0017337023526467319
45081,,,,,,,,,,,,,,,-0.33978565180650533,,-0.25328439049106743,,,,,,,,,,,,,,
45178,,,,,,,,,,,,,,,-0.7137360671570068,,-0.4031800741924129,,,,,,,,,,,,,,
45242,,,,,,,,,,,,-0.3782991181297389,,,-0.45664418405772095,,-0.20957146416804248,,,-0.2894422470153426,,,,,,,,,,,
45336,0.44183601331725386,,0.14052223564370034,,0.2569082881433976,,0.30957362496114793,,0.04514422801140177,,0.03672950368668802,,-0.34196905528862515,,-0.5701218943174916,,-0.5202848816668884,,-0.22261592220056825,,0.11217509935278991,,0.029463366542854322,,-0.20634027790771978,,-0.2840850875612462,,-0.05633247450296994,,-0.004715773628818121
45340,-0.5295958951090987,,-0.12584130121801165,,,,,-0.11754679387088517,,0.02446913026708716,,-0.11853113148551314,0.31399938279750145,,-0.4272339439670881,,-0.637653869499229,,0.09602507286522867,-0.03544012513934349,,0.3551811630328151,,0.2697758921471761,,,,,0.5549210941787978,,0.47635357788327115
45422,,,,,,,,,,,,0.10843463421378637,,,0.44459303198533595,,0.4619890521774188,,,0.4906731362089967,,,,,,,,,,,
45566,0.2736791240371775,0.3270286266147999,0.09779850364946417,0.01907027061027843,-0.009993551614289331,-0.04475008131027574,-0.007306492418840526,-0.5580487444204594,-0.019487358592113018,0.22134103927993223,0.11211518740855644,0.12060611003836559,0.23287864505543562,-0.2694325638676337,-0.029025721448480018,,-0.20999223817060855,-0.36206464162361157,-0.010311849380656006,-0.2630021045116794,-0.4852283149838019,-0.30781219190559717,-0.5024628405387056,-0.12870032520614078,-0.07585206629612251,-0.13499158355706645,-0.03704159333701704,0.22304751170675433,0.06819730636564819,0.11310325585715524,0.004449730780154868
45567,,,,,,,,,0.4361530182444985,,0.4589978698422004,,-0.5035944672033252,,-0.7259554653544682,,-0.28815999824232563,,-0.6109156052599383,,-0.2286891523813666,,0.29724998969367367,,,,,,,,
45951,,,,,,,,,,,-0.2550772802423909,,-0.024800055040618052,,-0.06068103608928023,,-0.013987342328987967,,-0.6249945545252341,,-0.2585533705530055,,,,,,,,,,
45973,,,,,,,,,,,,,-0.2807228493202154,,-0.4610113181854545,,-0.09151224971943622,,0.4345183473567235,,,,,,,,,,,,
46205,,,,,,,,,-0.5257735006148985,,0.15244627824792606,,0.33294081250664975,,0.06628572866610731,,-0.017926862472762622,,-0.012791578058171698,,-0.15556397409121694,,-0.18987917978766877,,,,,,,,
46409,0.11533545206375173,-0.10807512710987748,-0.07085285626065142,-0.32906529279184216,-0.025387092581276954,-0.13041182809422322,0.06245783796407629,-0.0949034825445378,-0.30018199789059535,-0.10371501407961103,0.05128259803732646,0.20917705196191086,0.042717145334087096,-0.4221085983307213,-0.21962662423265092,,-0.214497146338564,-0.1552995189427155,0.21427364179521965,-0.07513164300788314,0.3684674620099317,0.1814569595859731,-0.009040003818830912,-0.07688805939260081,-0.28388315314281265,-0.5912398757478338,0.04490674520643199,-0.17379981269306985,0.33708667129660064,0.47502856658143355,0.17122609692109325
46698,,,,,,,,,,,,,-0.177887559683975,-0.052314826456093595,0.031241725206423886,,0.20654256748298913,0.07932224980583535,0.5511790445109657,,,,,,,,,,,,
46714,-0.08133399402410826,,,0.17859108731288817,,0.5286532263339452,,0.15977291447524025,,0.10315522953088531,0.19208298305717977,0.09124154737965441,0.1786269802394005,,0.05319441937655671,,-0.32934002602412543,,-0.361826005912902,-0.3977741545549075,-0.07643371948585366,0.03782711546026435,,0.10193347074968687,,-0.018635948157925967,,0.2045435154913579,,,0.30271147753325245
46721,,,,,,,,,,,-0.18097936383135504,,-0.4837489425665417,,-0.5074438277316576,,-0.36393051781024677,,-0.25982855197911714,,0.17129256528094874,,,,,,,,,,
46723,,,,,,,,,,,,,-0.05225342607093063,,-0.5381242019934223,,-0.7695791362353498,,-0.3659954254097729,,,,,,,,,,,,
46727,0.16856272116192098,,0.061201520708663845,,-0.28396285171197005,,-0.013599722412067654,,0.028426042867766694,,0.003703694944923874,,-0.14569520759642784,,-0.4684268051139443,,-0.5581413975045424,,-0.46462761841314687,,-0.20070841673233142,,-0.18858034878577223,,0.05304189301561829,,0.23789065362583828,,-0.43295836630041024,,-0.08930472439455013
46728,,,,,,,,,,,,,-0.5659141720195009,,-0.6429317225404684,,-0.5458098284446792,,-0.5026376454823097,,,,,,,,,,,,
46729,,,,,,,,,,,,,,,-0.5398497066314032,,-0.6363741708382971,,,,,,,,,,,,,,
46730,,,,,,,,,0.3329196187530672,,,0.012838857065982402,,,-0.2615043026984923,,-0.36715240274132277,,,-0.15462435653129766,,,0.026809677216830266,,,,,,,,
46803,,,,,,,,,,,,0.12183625595050641,,,-0.42470748899422367,,0.07146441445242512,,,0.18417616418563285,,,,,,,,,,,
47127,,,,,,,,,0.16399062940922565,0.403982123948149,,-0.150717447808616,,-0.21032878945046032,0.10008843694130615,,0.0835500533238902,0.22840288837504358,,0.3347132696421166,,0.2288852379823693,-0.12113577372920559,,,,,,,,
47128,,,,-0.044367903485521956,-0.4123195966554677,-0.06437078531626676,-0.357223771814352,-0.05292301461633907,0.025102640202361307,,0.2218017191738955,0.4913577429421767,,0.23062610629774238,-0.26990739756612975,,-0.04073576220598015,-0.11974930161181482,,-0.16648964608017802,0.0005240824267627584,,-0.12351281445838681,0.1716184504395718,-0.30643192762229765,0.12305727126250754,-0.1416516304585154,0.1271182593571544,,,
47131,,,,,,,-0.08216307935211323,,,,0.19172427092051722,-0.2653379200359662,-0.1494630385249548,,-0.5443481923911856,,-0.19783687142788656,,0.4426131168530217,0.21138151736852234,0.19592860052764127,,,,0.7300954833477724,,,,,,
47137,,-0.15611565880682726,-0.1797676495104695,-0.19375459623100008,-0.04170303086974966,0.03943506284547979,0.28250655170655314,0.21700088503938136,0.2215029704951371,0.14133941282584858,0.08943970678109228,0.16195418109771254,0.32852533274627727,0.04601177739182021,0.0828833742998843,,0.15876655703523362,0.02283665138370109,0.36158604523860166,0.3349232477988239,0.4450939362916639,0.32760798161512183,0.1225297036441525,-0.20750351458066588,-0.38011568537100443,-0.3394390081371032,0.03539412309511664,0.14076902464525246,0.3180920687381119,-0.1563405569025322,
47141,,,,,,,,,,,,,,,-0.17007847278692942,,-0.4997334725292908,,,,,,,,,,,,,,
47144,-0.0769265192340305,0.05274135217181726,-0.07688647814825167,0.013856758597714996,-0.09724087764351395,-0.23564427558119855,-0.2717290494853191,-0.285298917907699,-0.41059036147011163,0.37304368873486077,-0.09518022954069254,0.15376868407499378,0.22180077772274237,-0.013226730960587277,-0.17199056380410238,,-0.053962589884144915,0.20406472505046358,0.07827030646198828,0.17865359373280282,0.3074499539633213,0.35060526801897096,0.26376241877031387,-0.1802173761377104,0.0764877496066469,0.01016993733811797,0.3023485788536736,0.2828940234327257,-0.18314765712059877,-0.40832201098028353,-0.2558405201622875
47147,,,0.07978466834310004,,,0.09807428275608004,0.008348613218746945,0.09269553384729631,-0.11456671727647655,,0.19262938904606303,0.18229927855578584,,0.15558940815176428,0.10939664289338484,,-0.01662695713651715,0.1781341503017054,,-0.1326353517491712,0.0911132771316798,,-0.008285806991676213,0.14005028648272566,0.010039455847803351,-0.13170531633828725,,,-0.15259643129514996,,
47148,,,,,,,,,,,,,0.11355014548683812,,0.20211354376130428,,0.16269179165666697,,-0.14118364775693745,,,,,,,,,,,,
47159,0.08377149830897938,,-0.2236353274791402,-0.17697836473024003,-0.24945802698789027,-0.2834693582326409,0.38022743766120176,-0.03083836635594502,,-0.11023821944089832,0.2383410164466075,0.2086571874016608,0.07958242811577419,,0.20436949001693813,,0.24716751339321646,,0.21765943820004566,0.39397175307917015,0.38242214648105527,0.11682995925003675,,0.254048996269331,0.3019458921173914,0.16058324390670164,-0.03581490522646902,0.016835480024014752,0.12142320888123902,,0.003393946650210752
47162,0.31969033589540774,,,,,0.5961905956912933,,0.5039878983805264,,0.07092961543745958,0.2111211617041699,,0.11065350765351285,,-0.24015574189744823,,-0.2490225300720774,,0.05584996581949495,,0.14243010885869675,0.2786819996298108,,0.20115794389193037,,-0.12336032816233415,,,,,-0.11459154197029217
47164,,,0.2054119549304024,,0.5436637006437701,,0.06123990378725822,0.08458526313438089,-0.4095053483592001,,,-0.09515350715753897,-0.20399710449326347,-0.8046677076851394,-0.5627083995871837,,0.002747400840192693,-0.47636479241249907,-0.0921742745038879,-0.2737077817645536,,,0.47914711881407973,0.3620335011498415,0.4339056566012804,,0.355865487263825,,0.35966354942943335,,
47168,-0.010857353168545176,,-0.0747808271951917,0.03841285604011644,,-0.15684591966818606,-0.39838947783049455,-0.11556146798743941,,0.1424297927729433,-0.24081788998398512,-0.3905839723467444,-0.4850059716254132,-0.4414831792076343,-0.402173783891766,,-0.035865476026098256,0.19385714998841447,0.47687246966950847,0.2832304210012806,-0.20657461466206328,0.05780188172894336,,0.35675419691030347,-0.05311075280269428,0.26894516949767017,,0.12696483539250802,0.058306134768575026,,0.2806830405126938
47169,,,0.21240720925178735,,,0.10291164727022299,0.11221512575605802,0.2733630316843764,,-0.10061545471084893,0.2294967559018414,0.13435850362389512,0.23592146223538196,-0.08678316169608781,0.04755673283346134,,-0.1650932739322781,-0.2504960699757012,-0.13924623270044129,-0.07174952643008149,-0.10555238554409814,0.16183228165427035,,-0.12027782894286444,0.0011905034707178853,-0.13950776964373218,,,-0.08440833266068833,,
47182,,,,,,,,,,,,,,,-0.520595742800227,,-0.34256388274829763,,,,,,,,,,,,,,
47212,,,,,,,,,,,,,,-0.14259188903296813,,,,0.3244260888209776,,,,,,,,,,,,,
47213,,,,,,,-0.11233823627455668,,-0.08030783384447761,,-0.000861660822111224,,-0.12810014423357002,,-0.4362503967788346,,-0.08927409521867667,,0.27417967711931684,,-0.18018339833102137,,-0.40180206279876035,,-0.10980930226126187,,,,,,
47218,,,,,,,,,,,,,,,0.1800334911013304,,0.32055433589316884,,,,,,,,,,,,,,
47243,,,,,,,,,-0.41080849219769616,,0.34290124901762037,,0.541349562384244,,0.3235068581119022,,0.15318030063675356,,-0.12814416954289193,,-0.41798343094748175,,-0.20974926280725045,,,,,,,,
47360,,,,,,,,,,,,,,,-0.1730053730146751,,-0.49201030909932975,,,,,,,,,,,,,,
47369,,,,,,,-0.4633371356106397,,0.17561761883390964,,0.32179653380541495,,0.060457940556603966,,-0.19568772882399452,,-0.02424851265933827,,0.012991168461239842,,-0.2460389987721622,,-0.541969019687842,,-0.24805685489997867,,,,,,
47376,,,,,,,,,,,,,,,-0.2882272706541318,,-0.44833208456260504,,,,,,,,,,,,,,
48678,0.04745936452805903,0.12017255812100044,0.03894513094776576,-0.028226401131473452,0.14422915481213316,0.19812671562439818,-0.04139284917405339,-0.04489202749455916,0.1308336146940769,-0.002853548515927746,0.041661172807172984,0.011678233849417028,-0.0638940193861937,-0.15945550481126639,-0.29384604090476923,,-0.2653650421311547,-0.15101639066815367,-0.17653650954607647,-0.17513489122826165,-0.13656668763974406,-0.35885407440143036,-0.028522048892508776,0.03265826011975317,0.16952702096844524,0.2633849146481446,0.07369941614280447,0.09479746583296206,0.17510529766641467,0.05209457797403457,0.25151309142746403
48777,0.16608604538885338,0.08459472712666283,-0.04764756413212863,-0.2345142056680359,-0.1773024654539349,-0.484268874907668,-0.5494815964241194,0.02174252499955531,-0.3615817866866665,-0.4507310568316314,-0.12408322312579602,-0.07885894668471183,0.13063894682877691,-0.10635473525990088,-0.07452018750353619,,0.1812770424324593,-0.12017550188944687,-0.24210787742464202,0.08927348462809885,0.14634099913934204,-0.05770146844761091,0.07819170141873356,0.2516358462953397,-0.019795975722064582,-0.06504360526734232,0.033864686778122245,-0.01950444255722637,0.01874382532811985,0.3512326584920928,-0.3647830145077787
48862,,,,,,,,,,,,,,,0.28098856644561077,,0.509470123021713,,,,,,,,,,,,,,
48869,,,,,,,,,,,,0.3538491644202817,,,-0.2443828198695143,,-0.32130813340469583,,,-0.15560117738537754,,,,,,,,,,,
48872,0.09813987510022935,,0.2242332696355427,0.562118242849004,,0.250498961145005,0.14323105153545007,,-0.14061315975858954,-0.0040213302733458365,-0.18484681030395156,-0.22198754718808733,-0.4721512134836882,-0.322058082711454,-0.3498799190564686,,-0.4047797063106353,-0.373347806967661,-0.3378302367623452,-0.15255089322414098,0.26790964404563394,-0.11661764340383039,-0.31531463825072326,,-0.23935357402742602,0.11583295089718727,,0.5003343320583081,0.5023865599018125,,0.49802708766607673
48934,0.18586104845768575,0.11199460062548504,0.05473798447646302,-0.20542946268942414,-0.2808964525158359,-0.5387002856720431,-0.44139170073060763,-0.16024800266446054,-0.443790504916351,-0.3326466237645478,-0.10876132157563305,0.004409239673010348,0.1409430427122046,-0.03344398830208692,-0.07552986211677516,,0.10131111928969767,-0.1879154295024208,-0.2047690359957515,0.1119937672565353,0.13926547763956526,-0.0010259273505629387,0.08621235758601559,0.10826216395971724,0.04764164310658005,-0.04087738575046301,0.1644331044139013,0.02649123548327421,0.12037057979415705,0.3081968284365426,-0.37938116223538115
48965,,,,,,,,,,,,,,,0.23822343081807762,,0.21137807199127132,,,,,,,,,,,,,,
48990,,,,,,,,,,,,,-0.12638844007782601,,0.06830036293167636,,0.21741650311866306,,0.1661119040068892,,,,,,,,,,,,
48991,,,,,,0.22411547730187384,,,0.0517277303270356,,,-0.04515571134934841,,-0.18617048093011684,-0.23733470198231021,,-0.05730064576786743,0.060804732207206114,,0.14117930956399724,,,-0.0037459580088668137,,,0.4156937437379164,,,,,
48994,,,,,,,,,,,,,-0.22396658099911945,,,,,,-0.23727085565193823,,,,,,,,,,,,
49122,0.020214688069409705,-0.32811562318438237,0.16209971419396677,-0.04205713029078029,0.21177844343158617,0.3221720374671869,0.3084479567318183,0.10724917233986016,-0.06302408385948871,0.1360976421939102,-0.10043278061680665,0.001447752806405691,-0.22674424622276673,-0.05342415786341279,-0.12249911527925587,,0.0635187064006835,0.2797074973983326,0.35891884131869256,0.29498402951026764,0.300436377557424,0.18189652638519,0.00022857919215464316,-0.35410834292043164,-0.04694136385749088,0.0427662613306749,0.02199769266227793,0.030544551808419806,0.12412348105650947,0.20026628149234152,0.3274749606133782
49220,0.17116243216377441,,0.05268122893253863,,0.014870878892287876,,0.0409322006402783,,0.12281439646831244,,-0.017761555378300594,,-0.38140948857091905,,-0.42429472109873767,,-0.18161913696004248,,-0.32724763525633316,,-0.18483448791986914,,0.3027778409358734,,0.3151159570390833,,0.33980227613195063,,-0.13268160270172338,,0.25625497452910106
49224,0.10609804450270548,-0.15076273093023826,0.039033724641623274,0.3694005983787531,0.09924352218991188,0.4775132179303783,0.5445603397652938,0.19000479340295875,0.02378747424906881,0.23403083949875841,-0.0761496090215498,-0.004116677994982715,0.0777338123437389,-0.3572841774652924,-0.45594559701915605,,-0.2756850532456739,-0.04705523616610576,-0.18277552297344424,-0.05749952666750797,0.24525933540020303,0.21039865189183554,0.03772331661630921,-0.12853932659394093,0.050427577825192145,-0.36262737113249727,-0.35813043623286583,-0.2351497854952219,-0.3330012682977918,-0.03851796043189638,-0.25733798740689084
49226,0.2631250500231495,,0.2913381082242432,0.43621380985947245,0.0570084836961677,0.21471489549597092,-0.03218766480288313,0.11934691323503249,,-0.34768230377153325,0.1910956297024161,-0.6469914433620101,-0.4320353041687052,-0.5187927289983718,-0.6104899960809578,,-0.5678295175207487,-0.6640758567450855,-0.5409510497049119,-0.7397399569685663,-0.39519121242947514,-0.6247606509016209,,-0.5561744614784768,-0.3234040737933262,-0.5220565304531304,-0.350749338875011,0.02185788495890089,-0.5351839180127635,,-0.19470514142944073
49228,0.330085085420978,-0.3265268611284808,0.023394949179188974,-0.15348693798472632,-0.1416658587840955,-0.1780206045557277,-0.045734042770481285,0.25271909067838205,-0.6644626652601229,0.027542111400556187,-0.19361336387323297,-0.23360945038376887,-0.1881006589297623,,0.11593239057576242,,0.10975310526325399,,-0.10574076396958401,0.03842297769698156,-0.2374913554043216,-0.2709222185250212,-0.1754693975824473,0.11684522776862517,-0.22278806072045898,0.03446025840512797,0.03218208522673918,-0.02421584194111209,-0.09042200152907309,-0.3524404741291897,0.0038635554298226834
49229,,-0.2182302226288097,-0.20773014345781537,,-0.09655362675207436,,-0.00512093990077521,,0.1466151758286331,,0.3041604916677608,,0.08186122242612437,,0.10341368012937359,,0.18954414702504516,,-0.1811809185627709,,-0.30157601193296574,,-0.5226749990009936,,-0.6500932469763239,,-0.2917495488530846,,0.2064614040567782,-0.388323498510212,
49231,,,,,,,,,-0.17989520864355152,,0.20178268893504694,,0.21246902391533842,,-0.20730147731282011,,-0.20714935772672302,,-0.1584264777860548,,-0.3297599556073991,,-0.5377648393976961,,,,,,,,
49233,-0.5824445724926426,-0.550497051742341,-0.5538328457519189,-0.25109927234945356,-0.20612693548964434,0.06709479162542216,0.02599751708533656,-0.12138540563734698,0.016191767946622918,-0.061468178006585016,-0.19170094951759747,0.1270113146694691,-0.24233560640278548,-0.575793320862277,-0.3715111958867414,,-0.20691802527912856,-0.4725738732967096,-0.31537449865203876,-0.23875672953698968,-0.3905404003587532,-0.49359785944244833,-0.6826210158588802,-0.519059648070352,-0.49286359714440675,-0.28401623573553464,-0.3307756443456292,-0.14828867868308365,-0.0982604064691092,-0.22279550940934556,-0.04273719466616324
49315,,,,,,,,-0.01873902951390337,,-0.4211329660559663,,,0.126190385168591,,0.007455819879972912,,-0.05508288335182852,,0.029474542897270438,,,-0.2451026374642616,,-0.10561705933500232,,,,,,,
49331,,,,,,,,,,,,,,,0.02506158219608089,,-0.04760719331425974,,,,,,,,,,,,,,
49455,0.11116175216674039,0.06881501947959723,0.39252102689128476,0.1664883783057339,0.30976452003948063,0.2712720874817674,0.30961998689961184,0.07549174686444525,0.1052074518685206,0.18649315079890133,0.38840494033791184,0.38627261546357533,0.08597777778125006,0.12827768090810207,-0.441767600968288,,-0.20274281879489903,0.36452154754435134,0.10767332960185222,-0.3187799318574317,-0.15536049737455307,-0.31352854584372825,-0.01699635209460449,-0.5247843128922661,-0.21038909074415205,-0.3824279316722526,-0.08001223459657644,-0.25998709991317864,0.04908433290605637,-0.021706995015537973,-0.39706167166390494
49513,,,,,,,,,,,,,,,-0.04149310811304001,,0.08428855434178424,,,,,,,,,,,,,,
49515,,,,,-0.2065104713946965,0.0015934283134832574,,0.2362101253497513,,,-0.34738492512548763,-0.21495823455305904,-0.06661303934172434,-0.09705963122352763,-0.29333031261635106,,-0.2617442279155002,-0.49813271996982145,-0.7065525172783996,0.08201819399807675,-0.04991047765114221,,,0.26869538179324565,,0.3628496692805304,0.24615401866083847,,,,
49517,,,,,,,,,,,,,,,-0.0636962344851878,,-0.3452618734543442,,,,,,,,,,,,,,
49524,,,,,,,,,,-0.5921961270406749,,,,,0.16493100063749533,,0.09508108719775041,,,,,-0.2778946583790924,,,,,,,,,
49526,,,,,,,,,,,,,,,0.26265275863512844,,-0.03666297562880387,,,,,,,,,,,,,,
49537,,,,,,,,,,,,,,,-0.48161417235352744,,-0.06521461568174765,,,,,,,,,,,,,,
49563,,,,,,,,,,,,,,,0.006205792301318083,,-0.5256483338524408,,,,,,,,,,,,,,
49658,,,,,,,,,,,,,,,0.3077713603595384,,0.5408897002829969,,,,,,,,,,,,,,
49662,,,,,,,,,,,,,,,0.36282545426439755,,-0.23946605222043707,,,,,,,,,,,,,,
49678,,,,,,,,,0.053298396786958135,,0.1548438992987719,,0.1981148730795635,,0.06908689460370038,,0.047987904329872426,,0.0946857438736406,,-0.28482732764443014,,-0.13551928261384044,,,,,,,,
49869,-0.06669161721123469,,0.2371108770614002,-0.4438970441136621,,-0.6299915681445413,-0.4830037193214542,,-0.2694116255388747,-0.007387313740579907,0.1452654857081683,-0.19687705680192719,-0.2646130115058735,-0.5073366513214482,-0.5209771872647192,,-0.1330975221749209,0.23730560234620662,-0.022095095191274762,0.08510874781899813,-0.300447295918635,-0.15787290135070445,-0.08048912397639596,,0.14478403522596564,0.24985792157645575,,0.5165350841672058,0.6132328009404893,,0.3948553524177722
49871,,0.0657960155211567,,,0.3813613925376606,,,,-0.1362403653307591,,-0.3426306184388283,,,,-0.18289099937658765,,0.11903836055115001,,,,-0.07061236305737152,,-0.08665106735024651,,,,-0.4711620777870146,,,-0.021348809726638607,
49970,,,,,-0.21256019188187877,,,,,,-0.1627684456694298,-0.3042567272533492,-0.4632479103917728,-0.7521906673121107,,,,-0.39906583011950925,-0.5227360026443172,-0.2495592136333468,-0.5558536284102467,,,,,,0.375725426916667,,,,
50654,0.10360914943068983,0.014916525382020597,0.004715046950977858,0.11780964823571088,0.02495255716733795,-0.01922490927949576,-0.08234676641771486,0.1347738133311373,-0.23545832585306645,-0.020673374494874414,-0.002560060351037468,0.0011438237131474764,-0.09036313816924647,0.01103945247596425,-0.0736544865413327,,-0.22306684600542784,-0.2647999905576741,-0.09218271947781888,0.002669858549152736,0.09064789147446194,0.16428497267125694,0.11341064141160456,0.15069547551657136,-0.04736604672335967,-0.10093874779828887,-0.18273044190448515,0.10502185128280189,0.016143008730704407,0.32122454981501003,0.05183767595836629
50711,,,,,,,,,,,,,-0.19544091430506427,,-0.7121414485341891,,-0.5513690456150452,,-0.4760613870973407,,,,,,,,,,,,
50729,,,,,,,,,0.4992372388810618,0.18563599234369754,,0.20444688080479034,,0.03513775623607029,-0.06275875289643426,,-0.15592548823663083,-0.2070442407909779,,-0.06713686078301925,,0.08209229528810538,0.10496501924599559,,,,,,,,
50736,0.2776377877501455,-0.18841990737955244,0.043751836966511956,-0.1660266803307559,0.01607515560181561,-0.048270061711175954,-0.032452583610095974,-0.32080103965383083,-0.2430548954448826,-0.07767471188972172,-0.13024430770822115,0.25532540068110154,-0.002257901298417791,0.3431338329568729,0.2347656506675779,,0.34731773931046755,0.4278966065086114,0.4479255195937746,0.30897046212616586,0.2820767261029666,-0.053334897633390874,-0.14554664471794204,-0.0725257753321123,0.048859141469145,-0.5343684431939928,-0.4002453634381415,-0.44535179904698813,-0.46453230472419443,-0.4051270426062474,-0.20175810009841194
50919,,,,,,,,,,,,,,,-0.4161486475984152,,-0.35839195681734515,,,,,,,,,,,,,,
50922,,,,,,,,,,,,,,,-0.05261636141539193,,-0.4515816663837021,,,,,,,,,,,,,,
50985,,-0.45554881597619024,,-0.4532886867949534,,-0.25556654157772885,,-0.23536640126244568,-0.29816023160611776,0.1607733263218136,-0.15396077145612774,,0.13035998978563823,,0.27695762742933305,,0.3363023522839273,,0.3586051825252236,,0.254135372258904,0.1549889786856576,-0.015824852156856552,0.06108963795340896,,-0.2787921736457118,,-0.14033198573377365,,-0.15039027841477845,
50989,0.1615770452533736,0.017719502860615577,0.1519839201210349,-0.06682754890234134,0.12952001908772506,0.10450866387826604,0.09750619765837609,-0.18576476617175555,-0.20966567610456854,0.24333583050458538,0.2889557963318669,0.18226621144140712,-0.44584570265021845,-0.29912071444651966,-0.33049054956307244,,0.04101799419893362,0.09790706897711356,-0.025215129702240043,-0.03875142786243621,-0.21665746563780136,-0.29173312813097835,-0.1952554824454115,-0.06815542238985998,-0.16175695418588537,-0.07179320515993229,-0.11411411764437324,-0.2545414006513961,0.27669273953136553,0.14741014860795013,0.13874866203912578
50994,0.11446369152474199,0.11575130959415325,-0.027770547371959796,0.00996313528067136,-0.5557202228452253,-0.19027770657193066,-0.12741259820567616,0.04581991248489718,0.14707181579750225,0.12916533031867825,-0.30184489034628803,-0.2164179687103444,0.01886140981420019,-0.15233585004865177,-0.23776665672041497,,-0.000794233476775932,0.05325014684826427,0.07341148438008001,0.2788948850446757,0.03607805827170175,0.046102274892082455,0.13469767250682915,-0.08028956883493875,0.14015893680813424,0.03390169613112398,-0.05482183603827428,0.014075509784526267,0.015156483514107649,0.0313675976805311,0.11746808824767292
50996,0.25026496955430083,0.2100822063306683,-0.1779853879148093,-0.1929159435371058,0.15620179180861107,-0.07640500814691029,0.08478378087908764,0.47990757911767484,0.25998196560509035,0.4498122985869831,0.3849784128733319,0.15953355914200823,-0.1377952091792748,-0.3633276673323853,-0.1651600198042594,,-0.19618794418470661,0.33353103303546233,0.008391323883831145,0.1406369599257072,0.020332248465867273,0.17579865281024168,-0.029303543975500532,-0.1946717902558934,-0.3127565200368281,0.19990753767211275,-0.06031762340722316,-0.026928232566106537,-0.10585640119494172,0.12146534300782379,-0.19062618809626053
50998,0.07424715904634684,,0.5078531849126758,,0.08095381637671466,,-0.05678610036861133,,-0.08686109958641743,,-0.059305272721647255,,0.21627483554427018,,0.09077039809761109,,-0.16298370156403497,,0.0388801561880958,,-0.07866233804625077,,0.191421453800588,,0.07098769004389703,,-0.33446673014008615,,0.3415706003838715,,0.2720780938494238
50999,-0.08007457262003549,-0.26560109904424584,-0.062066481061938926,0.016049895855844615,0.00838661728719456,0.0283224192211142,0.1465548518325113,-0.13030037948376466,-0.09110520737812579,0.11220724839170865,0.2928785680618762,0.4280544574517317,-0.07392731116673283,-0.1737355374777036,-0.1665706065738763,,-0.1385645594713524,-0.1009764591978179,0.10330898713612913,0.1157969344888077,-0.05036472626455587,-0.07050636193808198,-0.1768301283761141,-0.06461726955098973,0.13481465163301537,0.2620065201986765,0.36474603291622354,0.19251603095108585,-0.10241202504349965,-0.2209014716673531,-0.16535819313954575
51000,0.16263320344471777,-0.1264697443824363,,-0.14638264104293708,0.3837396577629688,0.44354197413347474,0.08644456727177781,0.27461328611179564,0.05679795445757877,0.28539519654080286,0.23984365209734443,0.4416900708578038,0.23020182231634628,0.30790980930651274,0.23361938737703236,,-0.2843542951774181,-0.038654131259261815,-0.2535489196929125,0.16045028467172368,0.4103946806878032,0.3966260616528194,0.3715182893446254,0.15787179390731773,-0.07092117102094664,-0.5479090088729477,-0.08012033183398487,0.38294379615096436,,-0.0518166871507631,-0.09561734663912345
51001,-0.2185839064924627,-0.2587817769917836,-0.08147119604259631,-0.09460982062424367,-0.15197322221507112,0.0588756009441589,0.15976154899699033,-0.09616388801358176,0.04234810088468238,-0.34005179533729873,0.08309964200807186,0.010312395095138623,0.27778630173521407,0.42615997816636514,0.18326639213470897,,0.16404376247142574,0.19215716944633954,0.09860553462320444,0.017220965994414663,-0.1323324990527044,0.11113322212264061,0.04112691183314051,0.06864775374089396,-0.12028412781289115,-0.005376391229048185,0.2707963577108465,-0.01770749700179786,-0.4703879263488199,0.09597360424003311,-0.31446561383072896
51087,,,,-0.1012795650605418,,-0.3294434327590982,,-0.10067081440844886,,,,,-0.09603498719194781,,-0.11491738895028351,,-0.0851283135034358,,-0.13613512358813662,,,,,-0.13802234052835935,,0.12497508772980008,,0.3632523640864564,,,
51088,,,0.10759738517189212,,,,-0.259103185905071,,0.025998053608997027,,0.3556333624665825,,0.5311465746039274,,0.10791692188017832,,-0.31295804433856456,,-0.37284584923433767,,-0.19993987140116232,,0.02554501316131046,,-0.2618057575926353,,,,-0.3843199868646084,,
51098,-0.020342729743948483,-0.3881217157901203,-0.14056874603411923,-0.030126097979828362,0.03834189019071406,-0.24993131512133013,-0.024082772553795692,-0.1877215019337404,-0.1506696241521715,-0.307664630730635,-0.012595008183348735,0.0010649860054161623,-0.08158665560980444,-0.08187526890120343,-0.07909387272516076,,0.173487060601002,0.09943681893831358,0.11394226174298787,0.1615146695184182,-0.22168967898065034,-0.27999945176723046,-0.09104953261995719,0.30724229795340924,-0.051808191660630366,-0.24688378541829625,0.049862095274914135,-0.6233570716573611,-0.17684075185620043,-0.19902759431833347,-0.0901661789623488
51105,,,,,,,,,,,,-0.07548447259205099,,,-0.4681842114690171,,-0.10484214695443153,,,0.3163667836281401,,,,,,,,,,,
51119,,,,,,,,,,-0.058421103445367245,,,-0.3320101344298387,,-0.333305077966326,,-0.05086835632107292,,0.17073339057282735,,,-0.3476788875967982,,,,,,,,,
51132,,,,,,,,,,,,,0.22136612569952532,,-0.38985647683523406,,-0.3082536898471724,,0.15856902037562406,,,,,,,,,,,,
51203,,,,,,,,,,,,,,,0.03385191201757198,,-0.12376358419986352,,,,,,,,,,,,,,
51250,0.1883953834713473,-0.019881126090668506,0.22072796079288592,0.05367850178186786,0.13436706971138765,-0.13253347092435788,0.1098816282999435,-0.012499025021245612,-0.2088393213852561,-0.15226835290317717,-0.14110737007464172,-0.30518084525611233,-0.017685536614588087,-0.14362512333123298,-0.1852810374207267,,-0.1916137538712865,-0.08202608971836099,0.02902384401761187,0.11957597249393409,0.014474599348307785,0.008838698938235268,-0.28508055250200454,-0.028550989153971723,0.2376988126064158,0.14956331539307746,0.008224943530786141,-0.08422277061033898,-0.14271783147784273,0.05657848548628052,-0.15238925055285885
51282,0.42576151908637305,0.4188570790986599,0.18063760133417806,,0.061288347727800396,0.13981427409140162,0.5623966733497452,0.06149373292856992,,-0.3267945754098173,-0.07236331454314483,0.07570360783163249,-0.12268767547101658,-0.048773742084172345,-0.01460366908003872,,0.06410759296528057,0.13408068820292945,0.22187697457587435,-0.02336046849539453,-0.1196270733016582,-0.0573316660556176,,-0.18816128018751657,-0.5125488924136257,0.09417243097868962,0.18048645266737345,,-0.148929365901205,-0.5734967001371684,-0.2503362774238675
51355,,,,,,,,,,,,,,,-0.3036346064457864,,0.10809329973577987,,,,,,,,,,,,,,
51369,,,,,,,,,,,,,,,-0.2713465044693217,,-0.3803313559374736,,,,,,,,,,,,,,
51371,,,,,,,,,,,,,,,-0.1858063065440627,,-0.5961298539140407,,,,,,,,,,,,,,
51464,,,,,,,,,-0.01182933976273665,,-0.15951591438858811,,0.047576890323849576,,-0.5381939999384254,,-0.28094653456981933,,0.0013310558593956762,,-0.20797195366016263,,0.02265001203978241,,,,,,,,
51470,,,,,,,,,,,,,,,0.1187173159202297,,-0.1181385719431195,,,,,,,,,,,,,,
51549,0.4753479733229594,0.3887242677226013,0.33157059319299276,0.01767859419039721,0.06697838336763995,0.13872996602614726,,-0.22183203785767316,-0.06403817777562439,-0.2530701693775555,-0.01754967786038408,0.08551339777147157,-0.058604917343262716,,-0.3317910604042258,,0.06526610844007916,,0.09764973510937373,0.2684375046078147,0.18168710348301437,0.18095438069517292,0.22293405864843932,0.23710263343612567,,0.06102549171918479,-0.26265305353440555,-0.3909782017512746,-0.33561552754997903,0.1369935441133451,-0.6499976090963036
51626,,,,,,,,,,,,,0.3837592279621505,,-0.2653187445939338,,-0.4426960072645519,,-0.2863667630998621,,,,,,,,,,,,
51628,,,,,,,,,,,,,0.5506708305056265,,-0.09564266850558424,,-0.42776625387082995,,0.32737589286624186,,,,,,,,,,,,
51684,,0.03886786220821426,,,,,-0.4128601855597974,,-0.17901135829357884,,0.4410935940637457,,0.22306373145693595,,-0.2870987447951245,,-0.24077018051973545,,-0.05645927829513643,,-0.3061561949354312,,-0.06410013487929557,,0.09416564031628147,,,,,0.2883406183480621,
51705,,,,,,,,,,,,,0.4110602273754984,,0.05153101919805465,,-0.030890810405138937,,0.28057705153422363,,,,,,,,,,,,
51825,0.21188813806877674,-0.18187767431614016,,-0.5854168836671968,-0.054963440143152846,0.05887863720739959,0.2581589088543526,0.2915602473820363,-9.622356202428733e-05,,0.0986911057406036,0.24003174405420893,0.14857328158937835,-0.03513411912735933,-0.4690667082954712,,-0.20177104438230065,-0.13620848804316038,0.16460840811372288,0.17693520263052068,-0.17525040889128932,,-0.4083531919481217,-0.25953646090972277,-0.15092496900267327,0.006280202172985356,-0.27147991652230485,-0.4444850996123382,,-0.6610754768813649,-0.5351769575664751
51841,,,,,,,,,,-0.39989820310467206,,,,,,,,,,,,0.11395804056176397,,,,,,,,,
51867,,,,,,,,,,,,,-0.4187011658329747,,0.013965710029711921,,0.32641462237752317,,0.6315342984872353,,,,,,,,,,,,
51909,0.05527391398436397,-0.25814109103434707,0.11600953968860366,0.06135400311274851,0.29231038167751583,0.2532859663956049,0.1399623364182338,0.052043073307641234,0.16504258475216124,0.028878601782229788,0.17903001830474952,0.0013858911290606252,-0.056688871105205686,-0.2820486814006117,-0.4690606997289494,,-0.25713803594563,0.0692942653412346,0.31069353233574915,-0.10520521445728473,-0.3260691103409961,-0.23979390133786999,-0.14545938809802517,-0.31627340619450167,-0.14692135218561317,0.1797536005613682,-0.2186558599806356,-0.21519857760820785,0.046786507494897434,-0.019644764484111232,-0.34387122251632474
64848,,,,,0.3609630276096227,,0.44010476491914735,,0.41263218662293866,,0.31981669459235224,,0.5846568658459182,,0.33621879393582615,,0.1608105793734999,,-0.017584459475780467,,-0.25560743297224553,,-0.12782269686590933,,-0.08761326869702982,,-0.20645497877226604,,,,
65117,-0.5713932216439892,-0.3570073094296635,-0.46478585001725375,-0.19951430114618635,,-0.37097800368716893,,-0.343860106520296,-0.3126368449617728,-0.1932999890972685,-0.13463588948063424,0.09751172271354308,-0.118685936905678,0.27293700668304577,-0.15437801485464722,,0.004070616045565289,-0.04233330228571679,-0.0512014087860556,-0.19618326828595894,-0.09168501811165947,-0.15997905695190687,-0.2564491281522905,-0.07090344258457963,,-0.23881748358815416,,-0.29802082874720803,-0.12000179140983476,-0.39880559561817636,-0.09547421128954726
65166,-0.17576223435700222,0.2681366317885786,-0.09151506438213568,0.2950088832368679,0.1740412202944144,0.0804429520677526,0.21011218792419276,0.2105328071907056,-0.10355364755786914,-0.1581371328221127,-0.2862267202424843,-0.41118058591400636,-0.26504342067359726,-0.4612549934589717,-0.4412577111546296,,-0.24660404891973742,-0.0646177947676295,-0.03880989231503721,-0.10971921230588329,-0.027367814760042426,0.3126246094892807,0.2963116656411967,0.09307945296585685,0.11006989342013171,0.31967089126213033,0.1557055875275942,0.21074413373125597,-0.0001984932504570742,0.12528466045439296,0.07548671884723232
65897,,,,,,,,,,,,,0.07395622541740864,,-0.1468296126708544,,-0.04311532255870623,,0.04830146163178802,,,,,,,,,,,,
66007,,,,,,,,,,,,,,,0.42760917347073296,,0.2325587467181924,,,,,,,,,,,,,,
66276,-0.05657991005214813,,0.5168891656788759,,0.2515886033525943,,-0.168175870717864,,-0.28783305181381,,-0.47520957193726604,,-0.4586777213183548,,-0.1001117014488836,,0.036946346141555786,,-0.10452937281213649,,-0.09435420253020672,,-0.14275181134522916,,-0.02385880405949378,,0.24594348106899047,,0.7474858477373837,,0.5541880855008313
66473,,,,,,,,,,,,,,,0.13861262064599336,,0.1961535217662834,,,,,,,,,,,,,,
70851,0.10033567726701602,-0.021728805871222657,-0.128908472680513,-0.08595480420266861,-0.15650922332407072,-0.052295170089021376,0.20397957456670412,0.2776620281758273,0.120558553703818,0.041411048517897,0.06334877195079763,0.0831014641451801,-0.018705071116715516,0.1398136025937986,-0.21864729931828775,,-0.07178489071005734,0.25244743221124233,0.17256483452765362,0.19011730621438191,0.23562881688506926,0.2224888634505072,0.3630419895310578,0.4929417180119958,0.38181090231209874,0.4024063709705653,0.08165486388418484,0.13883072750298536,-0.0985790343914123,0.1518299988868581,0.0563305647409115
70865,,-0.7061793418338123,,-0.1161612477046699,,-0.0963371096861832,,-0.20401269434643154,-0.2526196755926469,-0.5922878913032885,-0.23895919124114343,,0.02831508542148787,,0.10367593628162491,,0.17146395328072372,,-0.07614208119789262,,-0.01749269060782443,-0.2891555574238018,0.29552902314065244,-0.10806607458928856,,-0.024350235852119005,,-0.04639023965772756,,0.1639118395292062,
70870,,-0.32750350068946715,,,,-0.47249167644839096,,-0.08728024483506316,-0.1407339328517796,,-0.12904406812128993,,,,-0.36282643629244676,,-0.19022579648623292,,,,0.01965320007142871,,-0.02916711654794053,0.08430760919913302,,0.5302207454948137,,,,0.10283361108138722,
70882,-0.04947142964871925,-0.3984842667815639,-0.4408386910366142,,0.03777214085866663,0.23292450644414397,0.0070807717901374525,0.017905370534617417,-0.623008201648029,-0.10989349954900224,-0.2331918116050671,0.13687238572204205,0.00491909760935724,-0.29332930776255667,0.012071429454919765,,-0.0016357614815129436,-0.23656574884513862,-0.29075635056258,-0.1221267375066215,0.20390330657000336,0.04700882222854177,0.08254498953965506,-0.44911582282539053,0.15357554836450787,0.08827703439685194,0.0836600346413263,,-0.33537861363873717,0.4507133780663166,-0.013082921583706124
70890,-0.1494457583681251,,0.37226635006847597,0.36892266680174185,0.3139635392827096,0.342373859095299,0.20463145074268385,-0.22848701712782016,-0.07242410424397248,,-0.3360346171212523,,-0.032364833750208204,-0.10547709810803134,0.11498157329080559,,-0.45544682784559853,-0.26431304757048407,-0.5057636080428395,,0.10163077099623197,,0.39415252585490845,0.16344810728818884,0.10458993235641822,0.12255220058331277,-0.3449099182442395,0.01723072849660686,0.06390791648177888,,0.5060456787556131
70921,,,,,,,,,,,,,,,-0.18225554815996436,,-0.5533322311448429,,,,,,,,,,,,,,
70922,0.15439178014122112,,,0.21045463261715497,,,-0.057680740040643635,0.3334931200788238,,0.36640962466122157,0.11955886622422145,-0.032488645361604986,,-0.1925111453407334,-0.05798892459602216,,-0.5628433279942081,-0.01900989398667213,,-0.07177067527163754,-0.3138075192863302,-0.17691796160216267,,-0.03380284047958375,-0.07112943525976054,,,0.14851919255500726,,,0.1807292513090305
70926,-0.07956803309617334,0.10914703289544746,,0.11818850895114598,,0.1865067213378107,0.10647491233332053,0.08008414714877604,0.3048012566943106,0.18091167427975305,0.21737675352097727,0.17675069532129287,0.19192550938938452,0.14807315513108865,-0.14738993112429077,,-0.5963102200741844,-0.31200989685617436,-0.21037464176465262,0.31972519164614444,0.19322394905417226,-0.07357742851375758,-0.09122291814087412,-0.3572219353182184,-0.3110114599873444,-0.05081112744989576,,0.34627290655772325,,0.3319039640401196,0.15673833491230513
70928,-0.07739552769439699,0.14857604694467993,0.1157719697818461,0.07913977891590517,-0.10873493612137705,-0.4007475703842175,-0.5338813049535049,-0.07037588984147346,-0.1206446074717888,0.27649745847051665,0.1706256572026198,-0.0988105350059195,-0.34176106852192195,0.05832483941730416,-0.23608012275173254,,-0.1313640144527187,0.11876198370897237,-0.28527869254548754,0.022860525713638124,0.18297572975347193,0.05408275134667302,0.17354631630374479,0.23350540082098434,0.09020339870822025,0.1026385347809999,0.14477865837751316,0.1584152901654228,0.048202849045681576,0.12597474327755823,0.17439054203057894
71080,,,,,,,,,,,,,0.11427813866729575,,-0.10639676563493121,,-0.5209779102734081,,-0.4606528913399565,,,,,,,,,,,,
71086,,,,,,,,,,,,,,,-0.3982693454373766,,-0.4211533399483863,,,,,,,,,,,,,,
71092,-0.665639907221501,,-0.16049902714845296,,0.1422092733153485,,-0.39095046143830153,,-0.5626666772580681,,-0.6278564058414359,,0.08648003229176986,,0.09106784659206599,,-0.13009793093986374,,-0.06275091839288982,,-0.17689345881617352,,0.16359243646349117,,0.1313025539065159,,0.05557245745691461,,0.20019143552911936,,-0.0641686451749192
71099,,0.47596598707487997,,-0.026218895965447738,0.044810114242707,,-0.3125563436389577,-0.09018803803833722,0.14062619115843322,-0.07315704955692987,0.06865272634686197,,-0.2791848207939019,-0.3747824151663451,-0.30113360052495064,,-0.12823286974122977,0.030812823037197352,0.01144710242151709,,0.20268299335542916,0.35249116060966146,0.24795208323552342,-0.10246374578651984,-0.19919561077825867,,0.03441914030483488,-0.4238587245572477,,0.09403824440208644,
71125,0.08384607402066878,0.16571439942091234,0.021412487977759024,0.2154176572744714,0.2612416350621746,0.20386222115656213,-0.07140593726674924,0.2733122789990739,0.1675267178147597,0.26299532933627967,0.27228190533210783,0.2066726440312494,0.0715737781508196,0.05201364553569799,-0.2532408376700541,,-0.26028382981521503,0.020726856062451136,0.26111185989847846,-0.0498783844964639,-0.17506006829067045,0.1721876238933815,-0.024592863895909513,0.008277916878737147,0.2773409624586768,0.22966356097493382,0.49687320793716705,0.32964973677376425,0.2060292701297287,0.006452924060599671,-0.1740888348622942
71344,,,,,,,,,,,,,0.5588431880878404,,0.04128638180207007,,-0.27493849619211363,,-0.369348139606159,,,,,,,,,,,,
71376,,,,,,,,,,,,,,,0.017043003467570626,,-0.6011080329602773,,,,,,,,,,,,,,
71426,,,,,,,,,,,,,,,-0.438417796841149,,-0.27036773105818596,,,,,,,,,,,,,,
71459,,-0.2030364656155372,-0.45684417758401163,-0.5774556581869871,-0.4479465504504083,,-0.39592054090880974,-0.016781314471467502,-0.19709204155833382,-0.321933025496696,,-0.6475693556034536,-0.5214228618314788,-0.5584910341919371,-0.6567630519191088,,-0.3403682044911388,-0.23301501678741313,-0.4488402472679526,-0.24118142978477883,,0.02069960030957228,-0.04079021509361748,-0.2574406607251436,-0.19654324097076958,,-0.3590699840041327,-0.3132537177562693,-0.09638185800630428,0.4758845877936306,
71498,-0.3525613806675995,,-0.17720979803004513,,-0.30663550674645285,,-0.0025065984096555925,,0.16170161839916908,,0.10419551430465114,,0.21559536735511917,,-0.012669221835319345,,0.08583694934474315,,-0.20992638530144495,,0.12445300102251973,,0.22787226412403627,,-0.02860299351089063,,0.18701219488832105,,0.1987296433560587,,-0.031094645958406313
71505,,,,,,,0.07865746324387331,,0.33420086471202387,,0.2202231482555775,,0.097921610991391,,0.07654496999142311,,0.14375048872606705,,-0.6080143618829004,,-0.45540884838600243,,0.1157457331731752,,-0.41978469237304644,,,,,,
71508,,,,,,,-0.3304671961988533,,-0.185663952399192,,0.1748168449937928,,-0.08204758757754968,,-0.4041747609646713,,-0.4578448791209174,,-0.17747290914145478,,-0.16877987514187234,,-0.3651288532592814,,-0.7014700107251288,,,,,,
71745,,,,,,,,-0.3705247835522979,,,,0.13658288107597305,,,-0.1819961167169893,,-0.39187106843036223,,,-0.350291063054482,,,,-0.20272693673474676,,,,,,,
71762,,,,,,,,,,,,,,,0.10118629523329853,,-0.04070620379026985,,,,,,,,,,,,,,
71768,,,,,,,,,,,,,,,-0.5487555570731723,,-0.7224593119194876,,,,,,,,,,,,,,
71777,,,,,,,0.12401347549112825,,,,-0.6821965817426149,,-0.24949767995177186,,-0.4003582952563155,,-0.6562780228290647,,-0.16787964311113068,,-0.28452648747830483,,,,-0.3294405430470379,,,,,,
71778,0.08961176641585542,,0.43649524428468056,,0.26090402532551404,,0.22898183642618272,,-0.14490276068163033,,0.4412493950735184,,0.450266280405608,,0.3340918846962629,,0.29440029777187243,,0.2942168181242612,,0.16675812452660435,,-0.06777870427737571,,-0.2525428048591304,,-0.2620882394838493,,-0.20354438718432452,,-0.016881864717605548
71786,,,,,,,,,,,,,,,-0.48831065761033476,,-0.4196704374798906,,,,,,,,,,,,,,
71788,,,,0.5876163799736994,,,,0.427057153014272,,0.5581953647088793,,,,,-0.3495346130219624,,-0.42066170581517703,,,,,-0.2609017425083953,,-0.23945216498200408,,,,0.37416190308384417,,,
71914,,,,,,,,,,,,,,,-0.17662640437538332,,-0.26093295338075817,,,,,,,,,,,,,,
72030,-0.389431178472706,0.24903809916701536,-0.21127082574369266,0.5094328084370144,0.1387729287093671,0.3466463979738776,0.04972846914932358,-0.001575865547626698,0.09023604564440896,0.1670560925586468,0.3597553256201949,-0.03618015057438848,0.3375039466582052,-0.24500665504760197,0.15914502699183863,,-0.05771374058924204,-0.17410964362226533,-0.312878636230805,-0.4383693330629992,0.06402013890915516,0.07321095449438109,0.12870613537377584,0.31196739736847917,-0.2573997880744146,-0.1604652979021777,-0.6231331563796013,0.050292165850915484,-0.04558654805167982,0.327002466012945,0.33411049651634606
72032,,,,-0.1339600852771159,,-0.3887783554223505,,,-0.279005804791612,,0.20784101097567673,,0.3331017785695379,,-0.07823473708934155,,0.08948056351760977,,0.15169374685151898,,0.1760065617048109,,-0.18961513520894124,,,-0.5008152068391645,,-0.1422173620503225,,,
72158,,,,,,,,,,,,,-0.4495705941512583,,-0.3259703230332963,,-0.23196996576841733,,0.10490660481343175,,,,,,,,,,,,
72222,,,,,,,,,,,,,0.02316892927571731,,0.23187147828942561,,0.35066260501156965,,0.005989428331371102,,,,,,,,,,,,
72371,,,,,,,,,,,,,-0.225403285599521,,-0.47629658189616664,,-0.567927347529105,,-0.31986057359478304,,,,,,,,,,,,
72381,,,,,,,,,,,,-0.281636210025266,,,0.07887963059284137,,0.29484574602449654,,,-0.14947724374358476,,,,,,,,,,,
72489,,0.13854705337362855,,0.08634637898188194,,,0.19738505832993425,0.17797580291432466,0.5338944120682875,-0.2408681804146414,-0.2066414707996867,-0.1254155252599375,-0.3661140295378702,,-0.032664489613720184,,0.14728308529926895,,0.26835438835231556,-0.03414186852716147,0.05592289210132628,0.031861268832515895,-0.11213926983900309,-0.20079360304276436,-0.3476820880803217,,,-0.25186139751286574,,-0.2886655553077124,
72517,,,,,,,,,,,,,,,0.07394979249139719,,-0.41549496288801724,,,,,,,,,,,,,,
72520,,,,,,,,,,,,,,,0.006299329745075057,,-0.07497187847319405,,,,,,,,,,,,,,
72651,,,,,,,,,,0.38797031232636475,,,,,-0.3267855621191279,,-0.3293823812223664,,,,,-0.09136237372092725,,,,,,,,,
72658,,,,,,,,,,,,,,,0.12000817729882454,,-0.16354857569485007,,,,,,,,,,,,,,
72659,,,,,,,,,,,,,-0.039598361397139396,,0.4106340729952604,,0.294160015416109,,-0.116246160958761,,,,,,,,,,,,
72664,,,,,,,,,-0.19068024491876903,,-0.34175009114706806,,-0.221916919849919,,-0.1941416864747148,,0.09341919640806834,,0.3149516821929274,,0.2691131415383239,,0.15395740400138974,,,,,,,,
72666,,,,,,-0.46384088507294874,,-0.11249252438109153,,,,,0.21352583249603171,,-0.07063990429641348,,0.04725210342720046,,0.33394682968224493,,,,,0.15568921298327126,,0.17973270901209842,,,,,
72667,,,,,,,,,,,,,-0.24360910539999348,,-0.09485722075508332,,0.011355571635672489,,0.0020306425531365214,,,,,,,,,,,,
72670,,,,,,,,,0.06414562321220754,,0.3506660066807427,,0.16428153330946565,,-0.19419385893823832,,-0.21762055855592752,,-0.38062620730063423,,-0.0945004493730647,,0.4881550844617253,,,,,,,,
72675,,,-0.41737180166196286,,-0.6174929859992276,,-0.5265323213389251,,0.0764313713506052,,0.28097395798942276,,0.11630738241829644,,-0.04419990055566753,,-0.13523228443887894,,-0.10198395637346566,,0.13413147395790354,,0.13551851317396413,,0.04069259247146801,,0.540381053533058,,0.2874166151232449,,
72690,,,,,,,,,,,,,,,0.30337936328207693,,0.0365900758093668,,,,,,,,,,,,,,
72691,,,,,,,,,,,0.33705069203950033,,0.22273926618764292,,0.1367256372523696,,0.18624132650377573,,0.0726958668544109,,0.1823424468713186,,,,,,,,,,
72692,,,,,,,,,,,,,0.08751294395458602,,-0.05303216162250651,,-0.6705837405830121,,-0.5394020118393393,,,,,,,,,,,,
72693,,,,,,,,,,,,,,,0.25882518865637405,,-0.22332087522451805,,,,,,,,,,,,,,
72699,,,,,0.14303595304602915,,0.034603410839144345,,0.19035998546573676,,-0.02151764411724034,,0.20012160652081265,,0.04368791229579156,,0.050492042734625736,,0.5733134877405777,,-0.2961665781498817,,-0.20958457974483646,,-0.34868823817965006,,-0.3623656508136343,,,,
72710,,,,,,,,,,,,,,,-0.5719158642803216,,-0.07144037128191646,,,,,,,,,,,,,,
72717,,,,,,,0.09302964843226603,,0.369418383796993,,0.26294960998772876,,-0.21141991885805378,,0.4551014430363365,,0.5755426234088588,,0.11499401025026369,,-0.08903210312917363,,-0.2643399647650033,,-0.011083124515649021,,,,,,
72718,,,,,,,,,,,,,,,-0.49745519246450454,,-0.14511746443474235,,,,,,,,,,,,,,
72723,,,,,,,,,,,,,,,-0.24260763487769502,,0.1858243230424948,,,,,,,,,,,,,,
72725,,,,,,,,,,,,,,,0.2715548506639702,,0.39194768381965234,,,,,,,,,,,,,,
72729,-0.2704372025594274,,0.10745957447149257,,-0.3993060443999025,,-0.09435429706800096,,0.27368532192740774,,0.10874320946127002,,0.12215293160517166,,-0.004013781580994254,,0.30725132499153823,,0.22831472621992827,,-0.3120692164597051,,0.3432711319196794,,0.2937233280925606,,-0.05946225562546131,,0.1204509342095242,,-0.19941398123578924
72731,,,,,,,,,,,-0.0413541541515463,,-0.35007731977327694,,-0.02584487419781445,,0.38945880520000076,,0.2638770252774963,,-0.3296233795699698,,,,,,,,,,
72733,,,,,,,,,,,0.11086647960054181,,-0.30195213158189393,,-0.4302073883350345,,-0.4242360461999212,,0.05547511795977427,,-0.001723100560313969,,,,,,,,,,
72740,,,,,,,,,,,,,0.034741707879174126,,0.05371103173321723,,0.2583723117419698,,-0.33983877049866135,,,,,,,,,,,,
72741,,,,,-0.09614210047864778,,0.3699515120062096,,0.2595403260004857,,0.3055814819377826,,-0.04815090306003216,,0.04731707639353058,,-0.15835744508626962,,-0.3352079988195848,,0.09781369545357858,,0.29373172500375944,,-0.1744469206927539,,-0.11006234360286396,,,,
72745,,,,,,,,,,,-0.14293590043654356,,0.033476872183824315,,-0.004674808483146534,,0.11175094474594757,,-0.11496842227765806,,0.022843002645168677,,,,,,,,,,
72747,,,,,,,-0.14559904400721713,,-0.11545801929531915,,0.4692618682503075,,0.0672691552948243,,-0.2448887427877473,,-0.3810503973953236,,-0.506743561234108,,-0.1984627701239123,,-0.03140541589017837,,0.2641348728556064,,,,,,
72758,,,,,,,,,,,,,-0.5908835654561779,,-0.013160484985954913,,-0.21927502809924568,,0.35999258232489734,,,,,,,,,,,,
72762,-0.2937714411677101,,0.0760250825326764,,0.4858792804006179,,0.3818268741600467,,0.1733971224233131,,0.20503750093914846,,0.0045558585827532826,,-0.2241012527629687,,0.13545560421490446,,0.03203402740120644,,-0.0725913870050745,,-0.21015865298583367,,-0.14906701018902035,,0.0029391524427810614,,0.22797248574615542,,0.010895145936247342
72769,,,,,,,,,,,,,0.3944237921832029,,0.012741784332845417,,-0.38795274341383906,,-0.5727905236702828,,,,,,,,,,,,
72778,,,,,,,,,,,,,,,-0.19583813609455938,,-0.05266781710674448,,,,,,,,,,,,,,
72783,,,,,,,,,0.5457659674366369,,0.2877550904098005,,-0.1335713621876134,,0.08845869693160784,,0.29905229387766785,,0.24411422842392336,,0.4248524855159837,,0.21153861295270837,,,,,,,,
72794,,,,,,,,,,,,,-0.10613007567364187,,-0.13614935002790618,,0.4132754904550022,,0.4297187858746335,,,,,,,,,,,,
72796,,,,,,,-0.10133679737270464,,-0.3686961964500218,,-0.2437001866500398,,-0.1365362032073959,,-0.26715980999438677,,-0.26223775844149794,,-0.09993569599583668,,0.49241297841547266,,0.3487288864994449,,-0.3939012591127846,,,,,,
72805,,,,,,,0.40976832160395776,,0.27464690968544186,,-0.08130786189722215,,-0.2775831875664242,,0.16702735480772465,,0.2757878693315698,,0.23978954981015163,,0.3882351511383768,,0.22354269677837396,,0.15146772873533892,,,,,,
72811,,,,,,,,,0.14771498361902374,,-0.054565341043585874,,0.29358888114484205,,-0.1720702150237355,,-0.03674825297031136,,0.14970101512327028,,0.025870263530892022,,0.11890410086660529,,,,,,,,
72854,,,,,,,,,,,,,0.13834972932566883,,0.04085097004898574,,0.12135526926667434,,-0.14134383572925402,,,,,,,,,,,,
72857,-0.7065980209032279,0.2879921183788563,,-0.04155651047287824,,0.16421817654654,-0.018156765454903676,-0.015923479871430397,-0.15087591043816587,0.02546863483753434,-0.3863645486248572,0.1703991284828919,-0.24302540858011182,,-0.16039744876991305,,-0.39338631723591644,,-0.4801435064925082,0.13115590851040393,-0.5930990003257576,0.03889648375804446,0.3325854227594095,-0.39268345638063334,0.1475409443688512,-0.13906044996158165,,-0.11918628402025845,,0.0351375349585324,-0.27064239950566327
72859,0.06234052740463235,,0.022743558843175554,-0.180529792963818,0.21496552440474515,0.04242761310069615,-0.008840486943471964,,-0.08076769670652985,,-0.02810968225152144,0.0802189605588404,0.28680802183194,-0.37539740882055544,-0.1711923609455815,,-0.3785833023478238,-0.34471492862099706,-0.2298251372240138,-0.33460051704524546,-0.1445802183570236,,-0.23434994543902105,,-0.07749903275309462,0.3239872248634341,0.051919814090801625,0.5618213887268176,0.16594400266672346,,0.3006547001459089
73003,-0.21617526017848981,0.18087800488686043,-0.1506796893029131,0.2497191406671668,-0.023866794350649437,0.29509633572185756,-0.11064745207726484,0.18196742970327426,0.1415942873213877,0.14463833873895846,0.07359724269401054,0.11229375564685071,-0.11227823819424314,-0.061879932509622225,-0.004007552702208762,,0.09886632690100951,-0.038826546298501505,-0.020070456270391373,0.028303302325134172,0.024088953942725744,0.27412567958409645,0.09125204681822538,0.14016850282608717,0.13387523315346714,0.2035529807220452,0.1653409529997121,0.14591016014944533,0.17608146457207827,-0.025255184519797816,-0.16517550692506294
73007,,,,,,,,,,,,,,,0.06712882125846009,,0.4161853021335866,,,,,,,,,,,,,,
73017,,,,,,,,,,,,,-0.10549944598905978,,-0.029629161756436262,,-0.02927660269423394,,-0.3263791598675754,,,,,,,,,,,,
73236,,,,,,,,,,,0.3532621658917397,,0.15729906031325722,,-0.7065813008431115,,-0.5906732610531649,,0.09375566309984014,,0.03529457773564401,,,,,,,,,,
73257,,,0.34166505934070446,,,-0.05051588544214196,,-0.021991389082842656,,0.5899670065818396,,-0.11408536572988356,0.13262396090141024,-0.03391462943267742,-0.016982537387420536,,-0.1386667475382743,-0.4278962910336279,0.1765643031033299,-0.582269983467889,,-0.462356175530097,,-0.03599150865211901,,-0.26702037342388124,,,0.05609842218435533,,
73259,,-0.5191388557392048,,,,,-0.11614247539512589,,0.2044436736267599,-0.2342816177143472,,-0.026860971344791502,-0.47191520651881913,,0.21599901832402615,,0.4505357646310052,,-0.026907698788577825,0.3844236867694272,,0.09635198241901397,0.06448300263008518,,0.2509337856454138,,,,,0.145568543895752,
73270,,,,,,,,,-0.13338100139079384,,,0.2118643940429374,,,-0.3472190624869495,,0.10129567774316821,,,0.3458712595629463,,,0.19588903860031903,,,,,,,,
73272,,0.1954270270867657,,-0.41762194790932355,,,0.2591807071883946,0.18799861656983535,,-0.09237592129218453,,-0.33605089769575375,,,-0.1402905313960727,,-0.20632924675896974,,,0.14186720206251194,,0.014336668137995034,,0.2792254345118434,0.08583614843736656,,,-0.4310354705686003,,0.10904146499469128,
73695,,,,,,,,,,,,,,,0.2593107644440684,,0.30189310798336966,,,,,,,,,,,,,,
73757,,,,,,,,,,,0.2614586584417212,,0.3561244453846966,,0.23300877981385384,,0.19542378509457814,,0.08928767587803259,,0.20645619227016992,,,,,,,,,,
73759,,,,,,,,,,,,,,,-0.6747556299166161,,-0.360264141366742,,,,,,,,,,,,,,
73784,-0.43254653432650636,0.0619689377437226,0.2707368389643371,-0.2174115045067055,-0.2305119274631316,0.19530871375607217,-0.0411823258106771,0.029363762497391574,0.04987457565958675,-0.15463958725600274,-0.2347582416297345,0.001348203451882398,0.1970525589370153,0.030544296020246355,-0.11590349035381581,,-0.45422231941557534,-0.1918208778121063,-0.005375806736610756,0.31055086781863217,0.08872226082309018,0.10825668268272241,0.2119057851437899,0.34522633460824803,0.5844276438600028,0.2840984326276533,-0.034842002894535894,-0.4557295125776229,0.07509053001867444,0.2611039100805973,0.2416138868930417
74116,,,,,,,,,,,,,,,0.14178823988966416,,-0.31345969017065345,,,,,,,,,,,,,,
74120,-0.2911217641766498,-0.3680647856112295,,-0.08786598816181208,0.1247474885134114,-0.03140908408169775,,0.022314592654116915,0.04263376980990519,0.07847551263063206,0.2264725275224512,,-0.2816800838229379,-0.3592206244017936,-0.5672245796471562,,-0.4376410611049702,-0.6188967032101294,-0.34161461949697636,,-0.26672716722963424,-0.2635907783398647,-0.40975409686286945,-0.0832891954181452,,-0.09612250657490826,-0.14493293315661612,-0.30107417436020606,,-0.23222352103945718,-0.6772231579598207
74127,,,,,-0.3096686900585807,,,,,0.4281391206223191,,,,-0.053678988301231315,0.18103856020449977,,0.030100729963329804,-0.35072074129768294,,,,-0.20274924679116882,,,,,0.47002779383240917,,,,
74168,,,,,,,,,,,-0.16512162622763982,,-0.2901505841622377,,-0.4262072679107577,,-0.2077816045598823,,0.0699844823237595,,-0.2375974764537805,,,,,,,,,,
74274,,,0.08714505865842109,,0.01969669157989024,,-0.2193627654585604,,0.15755160240888544,,0.09033414388387784,,0.00312237592998325,,-0.3827602495632624,,-0.6288364779970486,,-0.06760287450895353,,0.13825530179259374,,0.4340404327142037,,0.2605390296256668,,-0.3525424129847932,,-0.4267087544117215,,
74275,,,,,,,,,,,,,,,0.020995622710537613,,0.03378167458983147,,,,,,,,,,,,,,
74375,,,,,,,,,,,,,,,-0.6986691630882002,,-0.5908420439100481,,,,,,,,,,,,,,
74378,,,,,,,,,,,,,,,-0.42741256062095745,,-0.544851332746141,,,,,,,,,,,,,,
74437,,,,,,,,,-0.2611161004507589,,0.010695387565349839,,0.0313483480829502,,-0.38191909625191817,,-0.37087263254688446,,0.13681603262733513,,-0.1663472131133002,,0.014368001236149426,,,,,,,,
74449,,,,,,,,,,,,,,,-0.46043240166621785,,-0.28903794047413334,,,,,,,,,,,,,,
74506,,,,,,,,,,,,,,,-0.30544160125168424,,0.017279123659841668,,,,,,,,,,,,,,
74531,,,,,,,,,,,,,,,-0.2611399492932126,,-0.5011183395485745,,,,,,,,,,,,,,
74587,,,,,,,,,,,,,,,-0.4596232778958966,,-0.3208024518018016,,,,,,,,,,,,,,
74627,,,,,,,,,,,,,-0.4449540644036846,,-0.5065306757997021,,-0.5629068628078813,,-0.4267585247782853,,,,,,,,,,,,
74751,0.2531865693333679,0.04652673765423635,0.009980342539421861,-0.1351134326148258,-0.015744759312546364,0.22663738137159026,-0.4124384710271998,-0.5054340040942805,-0.2801907811691077,-0.20134778541875917,-0.0008818861563502552,0.2771868713688075,0.3980995961902522,0.08259091949413147,-0.1594437323151165,,-0.4012315706193798,0.008983631019858272,-0.2246293988836858,0.1369470551661294,0.11890551761557296,-0.06731915758207642,-0.0698876060687267,-0.04391364371311322,-0.13914421693917936,-0.1189010255680713,0.2328469262444223,-0.38376233782019425,-0.44994236582460334,-0.06595719676506911,-0.28593555755240185
74994,0.39175286885609895,-0.06850166652980648,0.2088209630039676,0.1922718414228435,0.002457125282616412,-0.09347137146986827,-0.3209974165268608,-0.4471912128926261,-0.28312520650720796,-0.1887462007148214,-0.12861030980475033,0.24798506980517046,0.2039602669572139,-0.18114898294122192,-0.2743414098970507,,-0.4681767807101608,-0.15364807731494234,-0.03346744437360743,-0.10526698267474038,0.1587114250989717,0.3561474565238934,-0.26122572489851525,-0.11898089090194898,-0.5221570809555168,-0.5366603273988189,-0.12484243342959878,0.15785910241824277,0.37463669079146206,0.5255533560335972,0.33783328153100634
75096,,,,0.10408956290501732,0.10342307099471391,0.23457346354125402,0.2669695618270075,0.19726047078061215,0.14726756099773494,,-0.040497867684775396,-0.18778733320713709,-0.11600373314212149,-0.07323592371413962,-0.28098475387431804,,-0.31702522791177523,0.10093946032839331,0.0036631656465051722,0.28350805826746656,0.05744333836600885,,-0.08761769603270442,0.4173825322203387,0.21831562943716318,0.4570047304076795,0.5868714750784632,0.2954682680113566,,,
75098,,,,-0.1987104084381176,-0.06086152847483344,-0.24259428783014844,,0.1030652269278447,0.10443674531723274,0.11918729017443318,0.06462901730654974,-0.05214139430168844,0.17961194209054937,-0.006432556224365503,-0.42382788749759487,,-0.10835112996720996,-0.030040917808468664,0.20478036820608167,0.09171926105345993,0.0340253683619327,-0.0043114823868160785,0.27805634172870586,-0.1905582837155508,,0.19106054481631202,-0.1683682484907643,-0.1639655185588694,,,
75111,,,,,,,,,,,,,0.4831519420948666,,-0.3079877037631228,,-0.28716608259502885,,0.36846027126240477,,,,,,,,,,,,
75175,,,,,,,,0.5466059883696092,-0.023571886105103863,,,,-0.40861762101659554,-0.31167606743517073,-0.5368218449835299,,-0.2644578321113796,-0.14613300647641278,0.26989137173905675,,,,-0.12259171078227195,-0.5049132798707846,,,,,,,
75284,,,,,,,,,,,,,,,-0.037925397342806234,,0.036126753822123055,,,,,,,,,,,,,,
75380,,-0.05319292409070045,0.10485541372142301,,-0.12646848474563296,0.0790836055212349,0.22838636746536078,0.12970076331585986,0.023642212705516124,0.33809948943340645,-0.2916110807462274,-0.17023671452379885,-0.14400183030285954,0.11498802431708073,-0.31040584388341386,,-0.33434256619165637,-0.1243387690255385,-0.1283485799065379,0.004884867782921447,-0.16633787853913068,-0.5536468620140337,-0.4018615373194144,-0.32188397636375116,-0.0027829089586917945,0.11838017550737293,-0.2167673693042321,,-0.018426978131346194,-0.10297636998007227,
75385,0.2262094360727537,0.06748278897651584,0.1134385435325529,-0.20933683312573304,-0.28074468490757504,-0.4276808172197881,-0.5805385791333252,-0.03693760285953893,-0.3856689715602826,-0.21270980145955368,-0.4596224391432079,-0.1747985816885271,-0.027136695319892254,0.15857906233247826,0.09892606401126763,,-0.165192490129431,-0.11381168930569388,-0.1255886996057069,0.2490596163724599,-0.09621482291738812,-0.21996774582624976,-0.3820961567581897,-0.11573144761540745,0.1418426066977059,0.14943411972102294,0.15294380633922455,-0.20369097180317217,0.13999740480070647,0.2901328801597057,0.5774792100735993
75443,-0.05204965529679557,0.06308352882796191,-0.1182568870311947,-0.23275021258327216,-0.24598492479920633,-0.12629921540330014,0.05552890620754577,-0.0028909397383016324,-0.1549663909979597,-0.19372279219410182,-0.23113716820285887,-0.4258202683135306,-0.18514219039349777,-0.16501088200475877,-0.137949469356736,,0.018169681663235248,0.051523179593690065,-0.16718408504161206,-0.1857101897775785,-0.08624919776795813,0.0899646781079961,0.22114766489639132,0.28987179342910385,0.24214684183851326,-0.06895863192158025,-0.02523105421240313,-0.5085088683689877,-0.016191476642257695,-0.39483193061783206,-0.09033634930116695
75538,,,,,,,,-0.34320331372083335,0.008588530237403752,,0.01465006236422538,-0.17957791441203325,0.1456781296834646,-0.1322849959946005,-0.41687488254020255,,-0.5281960929004648,-0.30548992170789263,-0.137644211470463,-0.2927744733645316,-0.3116106839728177,,0.03956128497009927,0.09358991549649455,,,,,,,
75585,,,,,,,,,,,0.10981116961727648,,0.3154134479599456,,-0.37540549855959165,,-0.718016502932639,,-0.18522063110435233,,0.0294239438512958,,,,,,,,,,
75649,,,,,,,,,,,,,,,0.020380959792104227,,0.11675181438976605,,,,,,,,,,,,,,
75670,,,,,,,,,,,,,0.27839076383090106,,-0.08598368472717116,,-0.29933676982785185,,-0.590489621003767,,,,,,,,,,,,
75678,,,,,,,,,,,-0.4679236877618477,,-0.1396743403422025,,-0.09354052384544476,,-0.20841708825842223,,-0.1834415225617517,,-0.10078020114102511,,,,,,,,,,
75960,,,,,0.13106214069171648,,,,,,0.0846706355657746,,0.11887454291120145,,0.32609159057862436,,0.2536984016678684,,-0.016493513590020575,,0.05593556919754452,,,,,,-0.29240564536331776,,,,
76012,,,,,,,,,,,-0.6728174448092262,,-0.42373179645224224,,-0.22024784580891552,,0.14482978346657602,,-0.027334036854113623,,0.16528376132323436,,,,,,,,,,
76037,0.2751839653653703,,0.22010897841295965,,0.05952219444948589,0.24170102773917929,,-0.013329808490629723,,-0.16619582717609543,-0.5938904637184055,-0.46838847080402846,-0.44601375809050653,-0.31435680743734,-0.04547234860957578,,0.10121914295455606,0.3538163415656201,0.3463953557739425,0.475533626800914,0.4480817652297061,0.248975590243081,,0.016122195116207105,,-0.05242475210932219,-0.33997159527110027,,-0.16913486623325416,,-0.24331454953549383
76066,,,,,,,,,,,,,,,-0.036979927988448326,,-0.0904622671969756,,,,,,,,,,,,,,
76122,,,,,,0.29381596832674894,,0.4016287461418671,,-0.0634412856025984,0.21116845234758547,0.024786186409899602,-0.01515035418520425,-0.409814680454472,-0.3734070941869747,,0.3682347774897077,0.32049247605895154,0.15562335338495317,0.46670318692713053,-0.13814769351515613,0.2759396947249861,,0.19536010286744193,,-0.07144556566158015,,,,,
76296,,,,,,,,,,,,,,,0.3795043030612323,,0.27161051848092566,,,,,,,,,,,,,,
76336,,,,,,,,,,,,,0.0820542353356713,,-0.7471897008282007,,-0.5168564370178339,,-0.31640033298862796,,,,,,,,,,,,
76922,,,,,,,,,,,,,,,-0.04607840015008569,,-0.3474344224437661,,,,,,,,,,,,,,
76931,,,,,0.1927371783764237,,0.038655210092030504,,0.2548377162649514,,0.10808923557059495,,-0.07182019232609868,,0.10680325194177402,,-0.052429718045546185,,-0.19210801097712288,,-0.15256720394276724,,0.3209226698705792,,-0.07677349791109818,,-0.39546072742688515,,,,
77352,,,,,,,,,,,,,,,-0.1691031031423452,,-0.4800907084593126,,,,,,,,,,,,,,
77398,-0.02652276982494411,0.20627328056889152,-0.1459477770987559,0.38854890624915933,-0.11615718606340984,0.16480483795083697,0.3690903098735762,-0.014669653437131272,0.21214443819618503,-0.06793268099504607,-0.11827318510737402,0.1318402073485639,0.03183740873684843,,0.26614148980410396,,0.22807376455956369,,0.01836812258355709,0.18317274295516242,-0.23262358556135873,0.13774833189822253,0.019748381631238092,-0.03342576583267737,-0.19499114647183557,-0.17282313012637693,0.03339620886744779,-0.2914929718599969,0.35478501346272506,-0.045167509175311024,0.23817245323347253
77399,0.02582133790195599,0.22446132522976023,-0.23302634052805052,,-0.4195323611542854,,-0.24492478111689248,,0.1894066112485691,0.15561832248673077,0.2615306584006698,-0.330621971141135,0.186168942585243,,0.07510195065862768,,0.07804718490780573,,0.21529311077245888,-0.08358098785454005,-0.20954623314585918,-0.33782024599642796,-0.2493181699968346,,0.09428452186838485,,0.020685360863310413,,0.1796359164699087,0.5626343154614564,-0.16551870767185198
77425,,,,,,0.06561731768863355,,,,,,,,,0.34226771000199474,,0.26438126661546185,,,,,,,,,-0.05677889506685966,,,,,
77691,,,,,,,,,,,,,,,-0.6037248639074209,,-0.23408790252282313,,,,,,,,,,,,,,
77710,,,,,,,,,,,0.16678671562846759,,-0.24941722342271416,,-0.46386186859973577,,-0.5341935462652265,,-0.6589363688212803,,-0.3306328412773144,,,,,,,,,,
77711,,,,,0.2855875937787628,,,,,,0.3056102850926908,,0.06723636592209084,,-0.10856837971715595,,-0.2668731956630816,,-0.20756024717707824,,-0.5544213334387585,,,,,,-0.433330307428765,,,,
77733,,,,,,,,,,,,,,,-0.007126195439619646,,0.0593756396446456,,,,,,,,,,,,,,
77753,,,,,,,,,,,,,,,0.16131761914870213,,0.555572543408305,,,,,,,,,,,,,,
77761,,,,,,,,,,,,,,,-0.6151700372620145,,-0.3230249305743369,,,,,,,,,,,,,,
77837,,,,,0.5104751530569386,,0.6832233840381116,,0.07772636928685879,,-0.09400829629601262,,0.38525316952941707,,-0.28331168406534674,,-0.4076227207103202,,0.345036182253068,,-0.3823539383082277,,-0.16343791361626028,,0.4482404465307161,,-0.011009749201106919,,,,
77864,,,,,,,,,,,,,,,0.5712299737273921,,0.15296336082294718,,,,,,,,,,,,,,
77937,,,,,,,,,,,,0.3617847237547707,,,-0.08482678270892874,,-0.10880825849184167,,,-0.47294961809576586,,,,,,,,,,,
78000,,,,,,,-0.23414304437687716,,0.04971794017492029,,-0.40650291714486153,,-0.16650922478690766,,-0.2288423056840729,,0.05551571897923186,,0.16522554370955578,,-0.3152787198458519,,-0.15197308437204377,,-0.3193016594378268,,,,,,
78018,-0.19703292176768059,0.11457412871499807,,,,-0.05875655763606892,,-0.49095968672629453,-0.44214619773357866,-0.1683029774337906,0.14182180175405326,0.20878860154849024,0.11416105412737647,-0.013168860105582889,-0.2749667102074888,,0.24858724960670073,0.3542638730280529,-0.023550246214563395,-0.4400438284425369,-0.3938367360521359,0.12165790463446778,0.4072174610362384,0.30695654684453283,,0.35959779963701427,,,,-0.04261576415460792,0.01905205494525824
78026,,,,,,,,,,,,,-0.15935553533659827,,-0.4231614299787435,,-0.4068819868909402,,-0.38618954269522526,,,,,,,,,,,,
78079,,,,,0.09718418337394054,,-0.566273553410232,,-0.2821338033777377,,0.20340881940407754,,0.2999909688037298,,0.10140080100671461,,0.1516213744689194,,0.14106347057225013,,0.1405078264424633,,0.10501273995882944,,-0.10010476595138598,,-0.024436778790337302,,,,
78084,,,,,,,,,,,,,,,-0.455889428811115,,-0.17048910234544012,,,,,,,,,,,,,,
78108,0.2412034358445746,,-0.0892267773201943,,-0.2968088341224591,,0.015095767383305075,0.3785911785219744,-0.030640792879321116,0.357847380448959,0.16537210746841086,0.23211001142060572,0.02065730321029503,-0.36833788593927513,-0.2084013493988161,,-0.11170874764649329,0.09680401738732547,0.10639332589789806,0.1381073000151224,0.14901823567464487,0.14017740176842328,-0.28115751415946216,-0.08431421995938129,-0.22235952142988347,,-0.32153345181157134,,0.6616901178773142,,-0.31192517541961984
78298,,,,,,,,,,,,,,,-0.15098632740418252,,0.15232001586109056,,,,,,,,,,,,,,
78314,,,,,,,,,,,,,,,-0.46521089992817666,,-0.14585555599509936,,,,,,,,,,,,,,
78358,,,,,,-0.36655583408589215,,,,,,,-0.02122160559128622,,-0.10894063699532887,,-0.09891363813058328,,0.13167492541228012,,,,,,,-0.5299098370289651,,,,,
78466,,,,,,,,,,,-0.1076568018119112,,-0.11420548183653137,,0.045862599439619144,,0.18971870561611706,,0.1901775893133227,,0.4928084295639357,,,,,,,,,,
79350,,,,,,,,,,,-0.04963049444080504,,-0.1180815617192299,,-0.05769713054930839,,0.01773748444268131,,0.05845015459991841,,0.20928350930436782,,,,,,,,,,
79406,,,,,,,,,,,-0.17484160532918927,,0.03507396791292515,,-0.36604685815307947,,-0.6539503080727086,,-0.27508749479493194,,-0.3592951545333229,,,,,,,,,,
80067,,,,,,,,,,,,,,,-0.3019331527207618,,-0.31865904427563546,,,,,,,,,,,,,,
80072,,,,,-0.543887149793743,,-0.10207843073762772,,,0.049075380209250154,-0.026888439135065466,0.3495915938234377,,0.07152447634108909,-0.1962948840724747,,-0.09604360728682322,-0.20984979051787958,,0.2224822936642948,-0.23079590636380082,-0.01911987566679731,,,0.33679022780494366,,-0.10008687523625646,,,,
80100,,,,,,,,,,,,,-0.28888378353252664,,-0.3634700127367173,,-0.4879221336862736,,-0.5785170306357234,,,,,,,,,,,,
80102,,,,,,,,,,,,,-0.5477284342513657,,,,,,-0.3032260049956838,,,,,,,,,,,,
80106,,,,,,,,,,,,,0.06866467282361084,,-0.182061564481791,,-0.43550934788895873,,-0.5876979117668502,,,,,,,,,,,,
80107,,,,,,,,,,,,,,,-0.08848262541315967,,0.08804665799198104,,,,,,,,,,,,,,
80191,,,0.3747591665606423,,,0.3547133696750013,,,0.0628172013961956,0.004067023390228189,-0.011708807830948707,-0.06491933471635762,0.1424385786626905,-0.4044557109280242,-0.2522193505528533,,-0.3627020913585023,-0.47891444197274285,0.13616876345748802,-0.18535484842887612,0.08298436621442878,-0.1685924591441809,-0.33067799581457696,,,-0.13453661592518815,,,-0.46299248671281695,,
80194,,,,,,,,,,,,,,,-0.4926093985641749,,-0.4587670922752301,,,,,,,,,,,,,,
80225,0.23389949247464026,,0.05988943357701352,,0.1747845254722566,,0.2563113474870598,,0.08720486506908633,,-0.19346645392092343,,-0.21235011658035355,,-0.12095871809642676,,0.1258209658404455,,0.4189867530478891,,0.33447733466942164,,0.039142885118181196,,-0.18583250534390847,,-0.14474653138072094,,-0.4883223516777601,,-0.5311369790349004
80245,0.3241680419846841,,-0.316125952027668,-0.5058365078376597,-0.48830014740301986,-0.1352466236811929,-0.5864140915423651,,-0.25440417043909247,,-0.0434355189024672,-0.4237593739979774,,-0.37868222007718166,-0.13833540041901873,,0.09752203044782565,0.18195721334368434,,-0.27402096952478516,0.13894814200410802,,-0.3177996916047136,,-0.47735476897242757,-0.0434059688951282,0.0031397929113266276,-0.1482005365308045,0.1232951455938185,,-0.6140587876709126
80444,0.060003236379845226,-0.07865141825259087,0.08925641612854525,0.20295485165745986,0.33775040660736944,0.19057874369914407,0.47851543586944595,0.3020987943897944,-0.004020490207647062,-0.12032541777461626,-0.09069025803785248,-0.10727427370263747,0.08159732644251769,-0.011282528263988064,0.11543905591765458,,0.19749028318234257,-0.11305761151054097,-0.23053368515032763,-0.0852236890528235,0.003600575711642755,-0.047044054821834824,0.17038117744328266,-0.0696574825149441,-0.19511883087933038,-0.11548472731638736,0.042406465347854444,0.06874749834184513,0.12104573392447333,0.18770485918185487,0.10606066441282831
80466,,0.15626104437064242,-0.3320990358369385,,-0.11719873903139143,-0.006723026961191995,-0.3087851361635482,0.06221893916650606,0.05937982121778684,-0.40375969386526733,-0.026462796382189367,-0.1052810718169971,0.03215155698888707,-0.32216046679897775,-0.1261607618565856,,0.055860411231289146,-0.16218515015210164,0.14517780591712953,-0.036237768169194065,-0.11984363271883496,-0.4467361875779228,-0.16716887127945113,-0.33470872796488843,-0.44238269069882646,0.14192914544957036,-0.211862523352828,,0.5854415988001089,0.4861805106768094,
80504,,,,,,,,,,,-0.04329501248940562,,0.09605945223132704,,-0.4260742898859544,,-0.3082754462059584,,0.22132545672625972,,0.1476420901031075,,,,,,,,,,
80547,,,,,,,,,,,,,,,-0.7601086419226725,,-0.2538907706912563,,,,,,,,,,,,,,
80568,,,,,,,,,,,,,,-0.3251547223243523,-0.29289450818772317,,0.25143348042676805,-0.23172431791939313,,,,,,,,,,,,,
81102,,,,,,,0.16517130645598224,,0.028324478998268995,,0.12909552745943437,-0.07683083696765079,,-0.4980776371730422,-0.3495951531065971,,-0.5064731107921094,-0.3191638141438004,,0.23924394686232187,0.07784060368946279,,0.09031845567982777,,0.06055836930397012,,,,,,
81110,,,,,,,,,,,0.07508053792098028,,0.414243922652407,,0.07141405898352678,,-0.31831571513381773,,-0.3177882450139325,,-0.14745052766321473,,,,,,,,,,
81112,,,,,,,,,-0.13519530994819864,,0.30758833166982846,,-0.11134006205044783,,-0.4079705623893204,,-0.6464314545680381,,-0.11601136987342632,,0.3011378195093374,,-0.019254150124394836,,,,,,,,
81250,,,,,,,,,,,-0.0752619866066596,,0.2949001083733427,,0.14399824482125637,,0.15649096645070545,,0.4992306245677437,,0.6259920828420978,,,,,,,,,,
81301,,,,-0.13128308544190317,,,,,,,0.29882240434122914,,-0.07242096535111954,,-0.025370994938393465,,0.03924126177368801,,0.32743692948169817,,0.5575536261291523,,,,,,,-0.20550445802707332,,,
81304,,,,,,,,,,,,,0.3346012380200183,,0.2435374485920155,,0.11435220604987228,,-0.6424539248968966,,,,,,,,,,,,
81305,,,,,,,,,,,,,-0.43155474428648843,,0.0986499335459182,,0.2739823901687288,,-0.12128146938372732,,,,,,,,,,,,
81311,,,,,,,,,,,0.308138281169278,,0.03028483578158864,,-0.17345105323234616,,-0.3994573536489774,,-0.45706345669843634,,0.06750279847317846,,,,,,,,,,
81395,,,,,,,,,,,,,,,-0.400528774425191,,-0.19039467488173883,,,,,,,,,,,,,,
81540,,,,,,,,,,,0.0223234086290578,,-0.13371289289668253,,-0.17519899938913985,,-0.10947254074652421,,0.45128409650991813,,0.12498919395508602,,,,,,,,,,
81541,,,,,,,-0.6152232467170375,,-0.12841325287659625,,0.17232573654570923,,0.23037604517398522,,-0.26073104452430834,,-0.5650020700019256,,-0.15037125917345923,,0.18578937250829242,,0.2666319336109743,,-0.14969051070241066,,,,,,
82278,,0.4235710029863435,0.40397891707366296,0.38338222936499605,,,,-0.09697798415826134,0.1924606920922587,,0.13615176871562432,,0.24632667046663573,-0.2932462073253127,-0.08135052111098488,,0.003918695687433607,0.08758560683913574,-0.16436088027241424,,-0.09348206770053473,,-0.373546542025901,-0.2087498621479029,,,,0.43135581408491236,0.341945365022458,-0.0755307069083724,
82290,,,,,-0.14154665238032368,,-0.5173129948491906,,,-0.245390927932044,,-0.08859580462272003,,,0.06014029499025109,,-0.13153579994319736,,,-0.29567752739728165,,-0.02368718485214791,,,-0.24188717083239264,,-0.07818030860308721,,,,
82324,,0.23753822307809902,,0.13386289697441406,,-0.17881970558057023,,-0.08672114671480453,-0.309036199616177,,-0.14152079179286065,,-0.11193746606586326,,-0.21938522215961173,,-0.19827067775632737,,-0.03854258554801247,,0.1812882101795833,,0.2545536942019209,0.6510715835620638,,0.5320088290269709,,0.21222767245620502,,0.099836245538967,
82325,,,,,,,,,,,,,,,-0.16104840714305504,,0.05888812345157319,,,,,,,,,,,,,,
82329,,,,,,,,,,,,,,,0.043296875780755625,,0.09157254574787556,,,,,,,,,,,,,,
82330,,,,,,,,,,,,,0.3508209323553323,,-0.003642639962714092,,0.011513161261799607,,-0.2382975957441839,,,,,,,,,,,,
82376,,,,,,-0.12000360132532295,,,,,,-0.19218644411278582,,,0.16320189777207633,,0.04069863898696154,,,0.368806891284362,,,,,,0.08631625347126483,,,,,
82730,,,,,,,-0.237279567194397,,0.07234921881094195,,,0.49426536646009,0.23294747682297845,,0.08206450783531304,,-0.08502656131689144,,0.24815301482843605,0.3374987330340653,,,0.17397195028646437,,0.23125513879058548,,,,,,
82732,,,,,,,,,,,,,,,-0.3128351024566725,,-0.22890312086400283,,,,,,,,,,,,,,
82736,,,,,,,,0.1861405012086702,,,0.09059931464936075,,0.27822136638241624,,-0.028728588135420997,,-0.21047421965621757,,0.16260959266402483,,-0.3235991897980206,,,0.29344255365260574,,,,,,,
82737,,,,,,,,,,,,,,,-0.10636578956849056,,-0.037073642158396626,,,,,,,,,,,,,,
82945,-0.0001287363562923044,-0.015389837993061876,0.32465448289619486,-0.19469046478722446,-0.12639517689751825,-0.3658599286010676,-0.27710698266011713,-0.1865328313823992,-0.13161120649934333,-0.1772368859274881,-0.1467713929530274,-0.08965470560165806,-0.19960754275934123,0.1369745011737519,-0.1102133197651936,,-0.22247291295097393,-0.1273190401451482,-0.06902876320665961,-0.331677807207306,-0.29836715943957237,-0.3047122169213369,-0.28453528349565965,-0.3132859877565938,-0.08640602276970849,0.2779424302857164,0.19311203013809194,-0.09963073150924127,0.0012095785647446412,0.059593628166776644,0.1249724359675483
83089,,,,,,,,,,,,,,,-0.14817817585780377,,0.17811420681020934,,,,,,,,,,,,,,
83120,,,,,,-0.09530324847328829,-0.3833799367370651,,,-0.18612811555111272,-0.15619962616905778,,,-0.12144472593434,-0.4450995901066681,,-0.2496588652002682,0.024405246768255437,,,0.10112282350706378,0.3116091036400269,,,0.5167405770711653,-0.5381100207057313,,,,,
83121,,-0.4369950780558684,-0.30143796981172194,,0.2670019070037561,0.2388842849316219,,0.23301563562172758,0.306917483517527,,0.06930394569992439,0.07619615293303084,-0.19832625786886177,0.017511039580413973,-0.32068339060791173,,-0.06436832571479294,0.1787121670419229,0.41011333740679856,0.018937641193900373,-0.008250171515627068,,0.26619741088466176,0.22148992857587566,,0.31535267847955106,0.202396640939801,,-0.0718191611545628,-0.24600205092586894,
83319,,,,,,,,,,,0.3580983031915892,,,,0.12259859641234343,,0.15328653672902895,,,,-0.570085894140814,,,,,,,,,,
83339,,,-0.4389118544641674,,-0.18955460288487286,,-0.32533365278730253,0.5031604057225654,0.03992047430400354,0.03467054237479855,,-0.21527415446798703,0.0337612892146022,,-0.021624702744797608,,-0.23913135707285016,,-0.41220458256233783,-0.347435505357906,,-0.06772735297111021,-0.11296390661176953,-0.12371161034147853,0.09156166358485315,,0.23230176383808224,,-0.4663643395308622,,
83459,,,,,,,,,,,,,,,-0.5676409506072236,,0.21906356899806814,,,,,,,,,,,,,,
83466,,,,0.21854375460036363,,0.6315066547317174,0.3978493912544743,,,0.13142548905430387,,,,-0.5984490151362118,-0.7481614057335,,-0.7195034208215491,-0.5644581156983517,,,,0.4347811860584526,,,0.12004090635367906,-0.039131450517739884,,-0.217331923905734,,,
83475,,-0.6688677610894711,,,-0.5930673766710234,,,-0.02098222585769437,,,-0.29057758539433404,-0.05192719660756898,-0.20808308661753383,,0.02530275981507805,,0.05216754226537709,,-0.11637389731453684,0.039626006308610566,0.1630496030090429,,,0.17277352457327275,,,0.5234306089382239,,,0.05877074421709365,
83811,,,,,0.03335582862523125,,0.2584506026462014,,0.11484084444520617,,-0.2423957107888853,,0.020479898523195848,,-0.3267786233052595,,-0.1974537053375427,,0.05585552639305727,,-0.18586651935169665,,-0.25446986192601917,,0.16299096975272753,,0.5569612956961492,,,,
83897,0.5480488195678163,0.4226713049152141,0.2745368481267805,0.16586491418094992,-0.25067351904281315,-0.10389441808060261,0.37709081398431804,0.12467831664366619,0.07008503270468885,-0.00937686946690522,-0.18764941879197847,-0.23248975126311427,0.09108204656568848,-0.5681058938021228,-0.13464310246493205,,0.07919792085909577,-0.20916577278364398,-0.119375541459092,-0.1211423331647409,0.09458257940926244,0.11418399528145497,0.2556573993297768,-0.09514262128870427,0.23382491085316157,0.43192422943305464,0.21999121677430014,0.29384583976083173,0.2273746932662012,0.40188140892925317,0.47215777418630966
83966,0.10950526474880679,,-0.05613259907792515,-0.0024990877274901286,0.06176526744714524,0.3571819992959292,-0.008079542192632206,,-0.3223450639882597,,,-0.018287950329272988,,-0.10853948578315915,-0.030952484869998072,,-0.026108216768155494,-0.021390120189568117,,0.023395475429129235,,,-0.2167484827202696,,-0.08920359667985636,-0.19429487505801699,0.2068380752982247,0.4333430017016654,0.33532391165616937,,0.4643862185740794
83968,-0.15862871005327855,-0.21634711640425677,-0.17618814461265958,-0.18317466452925357,0.030383165985637714,0.021172679634549114,0.28291151498784545,0.23854631933950124,0.2253883978866624,0.02483576386523663,0.14669904851629204,0.12279229600714449,0.22934435226059316,-0.14795892467173585,-0.057144988618541476,,-0.03793511094733767,0.0602800374333734,-0.20385869426332792,0.12708220497724537,0.18949512764087512,0.1460204121987416,0.010486426090758599,-0.26748835849253405,0.17128986839191415,-0.500901090528205,-0.05843197431214645,-0.47895924141782903,-0.19064838551614177,0.060784632378321324,0.15666598754899774
83988,0.09391030535588672,-0.44917646851624277,,-0.07688613949060796,0.14584864450721113,0.09684519939468723,-0.021805519303495606,-0.02082634737291975,-0.010542471352176595,-0.1765903826726095,-0.007885758848028742,-0.30177845727014174,-0.33994937114158386,-0.07730713669921487,0.15199019061674246,,-0.026432119522134062,-0.009582596120398105,0.29413623807960015,-0.06088670712393981,0.03162972640591941,0.19187168959448275,0.02253770779644595,0.2690313306615946,0.30664180163953286,-0.08949692840291178,-0.25934526561553456,0.16339552577164473,,-0.4336966194297537,0.40556828679434986
84126,0.05814640053261404,0.28997923196743935,0.12711848421838093,0.1465884354979416,0.08570560184252943,-0.081976987773159,0.2711123787413389,0.08527112202574516,0.34461379871258724,0.13695616523044807,0.23853082221483435,0.2610945841171873,0.166866669921349,0.117454035281204,-0.15843416674118302,,-0.22974982632154176,0.02288103614558557,-0.011843226923591,-0.5078994193123982,-0.09486604794559558,-0.5229371196910609,-0.1444829960717435,-0.41580273539826007,-0.20479054852484307,-0.04434229701907451,0.03829067287363458,0.05027729562161678,0.16213520567855966,-0.04842608393366633,-0.0927157719774834
84158,,,,,,,,,0.06537219969783646,,0.0976739794044064,,0.17641960614943863,,0.06520451720312702,,-0.2743233731995394,,-0.004270833508940877,,0.49687060768820657,,0.37029266783311693,,,,,,,,
84344,,,,,,,,,,,,,,,-0.13247241076776256,,-0.3328951516527548,,,,,,,,,,,,,,
84507,,,0.41011202485008824,,,,,-0.07599078799309902,,-0.10766967662428328,,0.15354880652032496,0.3235349665729267,,-0.1153277032108235,,-0.3628697434613723,,0.19878393980744924,0.3416798130517027,,0.14550789743198853,,-0.31345590869174034,,,,,-0.5548217475117014,,
84508,,,,,,,,,,,,,0.09728035789225753,,0.14837591669130445,,-0.10247254182132881,,-0.1633225279465356,,,,,,,,,,,,
84581,,,,,,,,,,,0.12092079491598699,,,,-0.5552324424627605,,-0.3991896835462274,,,,-0.6384511348007713,,,,,,,,,,
84593,-0.03618675758815999,0.15584941813205613,-0.14771301859207434,-0.4592881711331484,-0.24617199881702176,0.0424501346118313,-0.129361243015028,-0.06494256857192574,0.0064255186841381175,-0.07992621275154956,-0.33822823636648025,-0.0389175739483517,0.07454873214580673,0.0604930561304425,-0.06265493270547075,,-0.19172770962941615,0.011748216605045332,-0.01553696418012825,-0.3659846414551188,-0.2632297361702407,0.17646486693467406,0.05215299147862916,-0.41639292278624795,-0.1397122486110551,0.15634519581656775,0.3164092671855754,-0.11882721382509888,-0.23147674411524055,-0.12521738519948844,0.13426846930783704
84720,0.35562235115472507,0.033670267147883105,0.3931625159675467,-0.004959231601818972,0.2645666780526649,0.06993402507817385,0.1410748480224332,0.3688693695221498,-0.10375254406922436,-0.08389652401525914,-0.10720589838275568,-0.33747450192439005,-0.21092160420612663,-0.4363783481917102,-0.4303227390864897,,-0.23046089890613972,-0.7126371192682273,-0.024605891357576803,-0.28979679141240056,0.10917314662921952,-0.022907972475751014,0.24247515968435354,0.17363838958489167,0.20139416505079896,0.28172738535572595,0.2440805740937219,0.06414490020306342,0.24039717291350468,-0.42681187417568406,0.03530256867228006
84776,-0.34620379897239884,,0.13930734367740583,0.5270811630338493,-0.06370065144708327,0.00652805325437813,-0.2124923426201822,0.05065091740925187,-0.36686754029332913,0.16301334148600105,-0.41515591195960355,-0.14133485821379976,-0.02857214458215657,-0.12824381694905043,0.01177879622176795,,-0.05980636232608304,-0.40334370906359523,-0.22407705322852844,-0.4440291181409441,-0.2943079480480424,-0.4575683219242022,0.13939614529318273,-0.3116004459920397,0.005524548142263817,-0.45114376159401354,-0.12739806957510244,-0.6343555325309321,-0.3773759398862714,,-0.2717078903529321
84778,,,0.30252788162714556,,,-0.12507757001986078,,-0.13973108796389483,,-0.3728658499073233,,,-0.3916363627237207,-0.1856911502295454,-0.3597489230710686,,-0.024979972497924784,-0.45924887802571573,0.009011447379673323,,,-0.02774931666764383,,0.3158008394743996,,0.02904863020227759,,,0.225040067372444,,
84779,-0.3022566087052909,,,,,,,,,,,0.16873702950745614,,,-0.09959141794759499,,0.026662472345160015,,,-0.2537490943847115,,,,,,,,,,,-0.8341510149156778
84782,,,,,,,,,,,,,0.40775821068161,,-0.2510645903470512,,-0.5344592987251253,,-0.33923646733358725,,,,,,,,,,,,
84783,,,,,,,,-0.13458462454553158,,0.2561256382080072,,,,,-0.19843817165906485,,-0.3389270790629104,,,,,0.3002981968199668,,0.01286325649114983,,,,,,,
84914,,,,,,,,,,,,,,,-0.2775389253786279,,-0.47044017602002725,,,,,,,,,,,,,,
85782,,,,,0.1276063586984468,,0.19110401161035945,,0.5684668376603604,,,,0.35491836363877405,,0.042888748203743894,,-0.1216924078385657,,0.05662811123182145,,,,-0.3394818118146765,,-0.29103583975170805,,-0.17985278399689814,,,,
85858,,,,,,,-0.09018026682464587,,,,,,,,-0.10762921708129544,,-0.03262813827705899,,,,,,,,0.11093669726246858,,,,,,
85977,,,,,,-0.582502188022858,,,,,,,0.11152617177064242,,-0.011418509278733587,,-0.047978926711436325,,0.06715275371681817,,,,,,,0.29417500729684226,,,,,
86224,0.25426255746362914,0.5492909808147787,0.027897261965048863,0.04353081868759907,-0.271235405095245,-0.19410529265052517,0.009943810663893484,-0.14388087663545404,0.11320484210057698,0.11399955757944562,0.23865895322087977,0.5861532747761965,0.34367118968290417,0.06671063332877457,0.03973785374060917,,0.08926119390526538,0.019685036139823045,0.17497603487019522,0.025038131485048007,-0.14987757606567303,-0.20425433501839152,-0.1300238362087286,-0.1786953250870742,0.19921402204523006,-0.027826816710523637,0.06771372062920424,-0.04511228725213213,0.15296868010952364,0.3864729195883219,-0.10559906960566355
86305,,,,,,,,,,-0.17099338516976137,,,,,-0.13613132130575617,,-0.5164546951526673,,,,,-0.07885430467673,,,,,,,,,
86349,-0.3364922217459403,-0.2581752558532667,-0.2703302526355108,-0.2578057129075744,-0.44171151731939023,-0.357069341104482,-0.34533897360317817,-0.11026591246112415,-0.012208793935198647,-0.029331596009893074,0.09130933793788895,-0.048852563961485324,0.2933652920761567,-0.05020444508220899,-0.061905308537139596,,0.09565528576425124,0.14427520126963006,-0.24385129543516315,-0.09718473049049331,-0.3747471661984398,0.07641673606620511,0.029657764056556336,0.30812689543416716,0.03146660776247985,0.16819959060679143,-0.20967308645110316,0.046624037743261224,-0.270884573982855,-0.028442831573148072,0.29817756919197747
86519,,0.020601351776219787,,,,,,,,-0.19029065030711007,-0.6015455978450492,-0.26479020869257885,,-0.3427977871310235,-0.30322110647143863,,-0.0703309710055154,-0.22879565872547808,,-0.0705180496844553,0.08707609890571692,0.09393728438420947,,,,,,,,0.009133565887259635,
86520,,,,,,-0.1460589154912122,,0.336621075519502,,0.11545579179874042,,-0.17192558482789905,-0.20731436870832798,,-0.11096973484197878,,0.28510979919906526,,0.07090670362864372,0.0816316709221365,,-0.09423014418291183,,-0.1326329739700212,,0.032006649358135984,,,,,
86522,,,,,,,,,,-0.3333038558161772,,,,,-0.31145029267727864,,-0.4141623092678587,,,,,0.05861768722122506,,,,,,,,,
86534,,,,,,,,,,,,,,,-0.274687124372685,,-0.4512518897967223,,,,,,,,,,,,,,
86561,,-0.5419822821428564,,0.0008146410313910113,,0.44791266701364424,,0.03516174039988276,0.28247216420950677,-0.24021297694284202,-0.5628556140276919,0.08432674540616553,-0.6616610921443276,,-0.3694815057610253,,-0.1753294588189918,,-0.06415982215518704,-0.026454937961531793,0.18667441158105613,0.16844769560037665,0.7064068609647127,0.21780387304020093,,-0.20686491363077109,,-0.34784122161301584,,-0.03638404746677937,
86573,,,,,,,,,,,0.3744599928867108,,0.1764255009021856,,-0.0436912958692817,,0.011315244806817986,,0.173199110741094,,-0.3144443293195448,,,,,,,,,,
86723,,,,,,,,,,-0.20506111354165737,,,-0.36129349429894303,,-0.5735083532561713,,-0.39050947488785376,,0.23766159042236315,,,0.17447091148711444,,,,,,,,,
86768,0.1970311765408411,0.06601254257548288,0.09564810069377108,0.006831182154499696,0.03768604796475991,-0.36829781289731267,-0.08984627795721149,-0.43397035731873895,-0.011615929040990108,-0.41649279959720914,0.15606293812281144,-0.21741021420979054,0.30946846801830197,0.06648018299864493,0.274263367978838,,0.22429983544636609,0.011389379147104724,0.1340973836399648,0.08557987176906386,0.1967219227519552,0.09145533560408457,-0.33210319969854685,0.08430325432898808,-0.4787678762711485,-0.22752361763056872,-0.4621650700391684,-0.1657032457508932,-0.38790936905144996,0.03577022539654054,-0.141295148529076
86969,,0.1251760134605054,0.1273362362168161,,0.030601221675145396,,,-0.28990045932037073,,,-0.17501714346277505,-0.1877566508092429,,-0.10696876987331133,0.02395950061129996,,-0.005953423965120725,0.38400552735817967,,0.38505196900760746,0.11835861190568793,,,0.3014597242531918,,,0.11808380375633017,,-0.5237806934817913,-0.019186957415717847,
86979,,,,,,-0.608900051000437,,,-0.7524303725685761,,,,,0.23066011275169693,,,,-0.279475601290478,,,,,0.03566555932132109,,,-0.05921171444472809,,,,,
86998,-0.1396150976361417,,,-0.4397840371808946,-0.40443700478931993,,,0.4440931240144301,0.4710416667049724,0.36265922120243516,0.5159805410709927,,,-0.10737543985794487,-0.25720491760274244,,-0.3413581844378591,-0.3513405272435478,,,0.34247830187045875,0.524129503567342,0.2253817889854242,0.24496404896859655,,,0.03251153002694841,0.05521036692982654,,,0.05710891256104677
87004,0.3348391758573642,-0.08686801926734726,-0.2948343028329099,,-0.07206716356846593,-0.0064962182609456945,-0.294965933769383,0.0759761668510026,-0.00380493746459103,-0.11949963006408663,0.06837845843624822,-0.1750480103348593,-0.1401860972178076,-0.6039061248362706,-0.6217158005439892,,-0.09743085732855591,0.06607371045499187,-0.013685584198808996,-0.10035319609873157,0.006550175803331044,0.03807305695987478,-0.09227743966727082,0.5507782281670502,-0.10698926630370297,-0.24759104882777655,-0.20816018871155953,,-0.3276528796294298,-0.29625949299024473,-0.4470277984908295
87033,-0.5586699220466296,,,-0.1889900550630396,,,0.04900932320789352,0.5390804847887882,-0.05011870242204484,0.10353871839613442,0.04247773875791032,0.513398426015557,,0.13832135839563683,-0.34805989340776355,,0.05685150609910089,0.3105058206530647,,0.07898348946978473,-0.14172788146970278,-0.05523782800756381,-0.08339715719058517,0.14627421295860937,0.15781195165465747,,,0.4539367277652292,,,-0.3006347292062312
87036,,,,,,,-0.7040690737992423,,,,-0.32446684260423164,,-0.31225599488586486,-0.5755731530143885,-0.36346925290863485,,-0.1656662976295924,-0.30395486427473983,-0.33604105771186116,,-0.13366209712960453,,,,0.0588266418401553,,,,,,
87096,,,,,,,,,,,-0.06418691636996442,,,,,,,,,,0.19205010864207545,,,,,,,,,,
87309,,,,,0.3066930360318238,,,,-0.29786300302429874,-0.045328456934417664,,,,0.3808330546667385,0.23198108989538513,,-0.14041724690480684,-0.44835637549260243,,,,-0.03132498464921678,0.03432346102998852,,,,0.06871754567760871,,,,
87352,,-0.10242885694861203,0.18794245493065642,0.33288324062547386,0.3263642254629008,0.10353805237514858,-0.03548041267163607,0.16965315739657333,-0.08855269119870081,-0.12374380331669362,0.0026623961681553673,-0.17046243316120685,0.14534024146218766,0.026112267771352782,-0.31768286922923805,,-0.11614967266343917,0.08455021360508341,0.19549150203590668,0.10226881338477387,0.06779990632872417,0.24174820552035747,0.2893847053548925,0.24364188767799955,0.437039965061756,-0.0864529708526599,0.31460867068884474,-0.13035254471063548,-0.0749042959400916,-0.3050111747671543,
87370,,,,-0.4810271767824127,,-0.384612325859683,,,-0.05871838589844947,0.2815266361058304,0.5562327751168398,,0.13650368736083104,-0.4497769966214354,-0.47786927495459963,,-0.7347643127469475,-0.40792538046711335,-0.2182483565507845,,0.3415766395221519,-0.09052256370432443,-0.0736959482058966,,,-0.14864331429713337,,-0.04858995944096951,,,
87389,,,,,,,0.03861221423135748,0.0004550183733527032,,,,,-0.1844555384244585,0.035644167554454015,-0.6493963503001163,,-0.29229824423143896,-0.03711688606772833,0.1157798645616709,,,,,0.11983678418185899,0.4459115116207717,,,,,,
87403,,,,,,,,,,,,,,,-0.3837083841702763,,-0.30373852031613713,,,,,,,,,,,,,,
87427,0.04355809330077405,,,0.2793344597401063,,,0.1743776269870275,0.023045212499763573,-0.0036055779068443804,,0.07288196367071538,-0.23149839447954362,-0.24317444329603027,-0.5376014362209761,-0.32503501958278636,,-0.3514278078153332,0.047852816579347375,0.20016088570842072,0.5725138765328261,0.2093018378749046,,-0.026050130432786926,-0.11325119666084452,-0.830771333376049,,,0.16276735797423647,,,0.2046559951207945
88122,,,0.45513108465830737,0.20574774968242157,0.07681271890803633,-0.05775935716574623,-0.1501640060304723,-0.12635211316834477,-0.27971225458205295,0.047782051248707026,0.09993770217626267,0.17636100210148786,0.17790146219781827,0.025505899452361844,0.044278674919719055,,-0.18286578187011202,-0.0997956512002476,0.09752178890373595,-0.1406706016656996,0.3594756370876316,-0.066957848221568,0.09209505674804923,-0.24599315863596913,-0.11984880093357654,-0.08335069874928326,-0.28123153021938085,-0.23375200560541617,-0.2033453625034674,,
88452,0.21578339846018763,,-0.11879932119019601,-0.2207233931496997,-0.35399645432251914,,-0.4025574880883013,-0.07675713623167184,,-0.14572640893971844,0.24062638854629873,0.10190023648375696,,-0.11365022722154582,-0.06531432114896149,,0.09878599381912899,0.26006279066437044,,-0.03924337022107671,-0.3291176398229026,-0.18192613051797302,,-0.2252882860440912,-0.1855293158525774,,-0.37699092930835354,0.32257905923711816,-0.2260015456160393,,-0.3877821079859298
88454,,,,,,,,,,,,,0.08976726287591696,,-0.13237121814378927,,-0.4173027007034068,,-0.18828174716924242,,,,,,,,,,,,
88927,,,,,,,,,,,,,,,0.3802622375143138,,0.11126843693730087,,,,,,,,,,,,,,
88974,0.22294844842673692,,,-0.3473677986383052,,,0.03737635370717467,0.2607412596680631,,0.36334981147559253,0.16539199625146211,0.18150070506464885,,-0.3906703533521116,-0.17416679243729263,,-0.4050233078715894,-0.3789783172206251,,0.28332999476185167,0.24947651906194568,-0.09744935714752263,,-0.0018133736279861256,0.006394775282197479,,,0.019905886248373496,,,-0.27073398919921104
89100,,,,,,,,,,,,,,,-0.0234154808164647,,0.24680586578707595,,,,,,,,,,,,,,
89113,,,,,,,,,,,,0.4736425061968026,,-0.2837652775937296,0.059786346387565616,,0.07408998417335848,0.031015496924428454,,-0.005110107204638371,,,,,,,,,,,
89291,-0.10649446488959032,-0.006149663163693089,0.0239944396009701,0.08855449129681614,0.21274993949781398,0.11822379908221821,0.22061906478338342,0.16845955795337542,-0.19391194777927312,0.23314818226055128,0.296240782344349,0.26091989070889887,0.423572513951382,-0.06711292341453066,-0.4377829780943765,,-0.24351740513199785,-0.09012143774413518,0.18783216830694247,-0.044888870525129534,-0.2070494399574627,0.0020089587119085125,-0.18130695262316734,-0.06474388566683081,0.023784173043280902,-0.321223295274515,0.02829925647631689,0.035903114817510205,-0.12764268390235023,-0.2071160884472999,0.04610816976796675
89294,-0.06620888401163225,0.2070624558274641,0.025873932260916895,0.2809506285917939,0.16704677538871204,0.09949717059100074,0.10153929657734564,-0.014227495768852884,-0.06151089014450515,0.03230825453229177,-0.10861680856389486,-0.15963387735142145,0.058491828773986045,-0.07159748864201562,0.019858674666653357,,0.13451208618255878,-0.1025746469983762,-0.08567903800908747,-0.12796919805017212,-0.16849102018433035,-0.1525285023671552,0.06573033496705499,0.11447448844986939,0.020251635684813744,-0.09182311796261965,-0.04131112129252512,-0.3164744198322598,-0.011387708227980228,-0.25527073131820593,0.2200437896440559
89419,,,,,,0.49838384356610294,,0.05387853601556926,,,,,0.20988534393382147,,-0.15512964849826397,,-0.02898716737902937,,0.311702744473474,,,,,-0.17372558525819454,,0.14578544101921212,,,,,
89421,-0.21594634148985561,-0.20957189632106307,0.0020027323448429395,-0.3283815610416859,-0.14747939411638283,0.05255490843689669,-0.18465424705402356,-0.07987140335868335,-0.13109003551981066,-0.0588674243539038,-0.22512860450532396,-0.167996434232153,-0.3630833814424223,-0.035334949584385704,-0.20750657746073412,,-0.05506934421346247,-0.0493975890432045,-0.16590811379899684,-0.07162979380248728,-0.4441670133312349,-0.2664093869319514,0.10956519339320243,0.28294439295651186,0.004541283473567564,-0.012379060943388781,0.3869541807936489,0.28778077709232297,0.056302343963415685,0.20257446284324804,0.15306343549164947
89998,0.17081969904722275,0.159101793848584,-0.0650832890925071,0.013057168152896386,0.4192623430047453,0.2520134158514655,0.18644076434553067,-0.07521078955356521,-0.35759039695739553,-0.033122893194269636,-0.20707443861046576,-0.16849274953049673,-0.16726802337200636,-0.20614486452957434,-0.15769231843469286,,-0.09202330594219023,-0.0374361238237972,-0.15117008774731117,0.0030030293312682007,0.1622039484505957,0.14282167327054476,0.24562288364526266,-0.0608547864930767,0.09088017534553142,-0.02837245484959334,-0.13622369537190096,-0.09886550873336317,0.10337484441329306,-0.0027875041235189686,-0.2597881008769636
90142,,,,,,,0.1084050930242117,,0.05649166554796657,-0.14749277630228114,,-0.36453353930155297,-0.3184871010928318,,,,,,0.05403560221165053,0.01191034239783598,,0.2722675611998627,-0.00944027538725151,,-0.17317791187279852,,,,,,
90146,,0.5360072303468258,0.11296164168389225,0.10117463507431498,0.3449585255203,0.09321748790908689,0.1546930475626825,-0.09130521475272946,0.03071244489413084,-0.21701657623911474,0.16906724894191938,0.10121848306169334,0.09400673919362688,-0.1972778265346704,-0.26613352765583037,,-0.3118753732351526,-0.11439576063296114,-0.3027913612578225,-0.06037969322356494,-0.22187458635703505,-0.09650747613547717,0.14343874063577497,-0.08835216882185501,0.2054223540686915,-0.09808918764247579,0.46959734220671834,-0.1214302332075827,-0.22354313419606928,0.5347982881714947,
90148,,,,-0.028246100064861005,-0.051450797615946585,,,-0.37115227085300123,-0.2243061938180371,,0.22802694244975916,,0.211906029245761,0.26377969869148576,-0.12780858951568735,,-0.1961430232244015,-0.23518744211633227,-0.047006344633605354,,0.2982808500236421,,0.3292017638825331,0.20540194363205855,,,-0.018835108157340276,0.11929384587510472,,,
90371,,,,,-0.24594821589487054,,,,,0.008342233143382533,,0.11865732231628254,,0.13891445372798006,0.08249251103522956,,0.02753426001971198,0.10535235437946099,,0.25338471957213327,,-0.12435250219876359,,,,,-0.49781367982397795,,,,
90613,,,,,,,,,,,,,,,0.05129150104525357,,-0.5666115721790377,,,,,,,,,,,,,,
90618,,,,,,,,,,,,,0.015345945938516752,,-0.5113942452085485,,-0.3094045659751086,,0.19905736123622822,,,,,,,,,,,,
90820,,,,,,,,,,,,,0.09320030107480223,,-0.23600260428214762,,-0.161126627468611,,0.05617024806464993,,,,,,,,,,,,
90822,,,,,,,,,-0.19028145879774644,,-0.09651669859271046,,0.07504536166168468,,-0.21844569864657853,,-0.3407652440921569,,-0.3279255184008833,,-0.4225531246121404,,-0.19500456969917235,,,,,,,,
90823,,,,,,,,,,,0.2449380050005068,,0.19559976053323483,,-0.2696445738822346,,-0.33521077078184847,,-0.5396200991090978,,-0.14092657804105005,,,,,,,,,,
90825,,,,,,,,,-0.2714416965106483,,-0.4777906821470203,,0.1846921290253224,,0.20246965407429546,,-0.16082770774738797,,-0.2723455428110995,,0.1949958998173884,,0.07687433914903646,,,,,,,,
90843,,,,-0.37255436245665546,,,,0.11975795724136017,,,0.14187077243576007,,-0.3908630431907975,,-0.29959403824288383,,-0.2815224601140357,,-0.15864246600518628,,0.014494991826972812,,,0.1207637026144514,,,,0.23771808495867572,,,
90845,,,,,,,,,,,,,,,-0.5428608924759982,,-0.17632473912745564,,,,,,,,,,,,,,
90894,0.023062193966870263,-0.27021167884576375,,-0.3891799724966016,-0.5556463223918532,-0.23512530297599604,-0.3868209971659528,0.06008228148019723,-0.09477576708828966,-0.09741075312223699,-0.23581752591192093,,0.1290477887680826,0.23514039132624237,-0.053085043260479504,,-0.03553114626598497,0.31179411035145854,0.13145327253269487,,0.02061229863466343,-0.2918021817694604,-0.020501336790064023,-0.35479184205430947,-0.4030596072178739,0.21119460978002053,-0.21308276104769813,-0.16733935991033771,,-0.10832237626137775,0.36940714313729023
90980,,,,,,,,,,,,,,,0.30494507285268857,,0.40436575590071044,,,,,,,,,,,,,,
91042,,,,,,,,,,,,,,,0.22629283869388794,,-0.07474267485931156,,,,,,,,,,,,,,
91045,,,,,,,,,,,,,-0.13260955374977526,,-0.14860513493977887,,-0.3331954866279842,,0.006008868031937093,,,,,,,,,,,,
91072,-0.7756629721327495,,-0.3755229241659776,,-0.1888681402289355,,0.1657361081489799,,0.22419671295791005,,0.06882159154786956,,-0.10072264377067909,,0.03250478052644985,,0.17022284916766703,,0.24086077357284214,,0.11634661389466763,,-0.24399207872638973,,-0.27378583861697875,,-0.046276892726796706,,-0.13928601661472184,,0.0829153549085526
91092,,,,,0.01888428635330507,,-0.759678403010165,,0.011878823942852019,,-0.182298953221769,,0.29040166132105055,,-0.1705000056768545,,-0.08127280233109335,,-0.12020189047436539,,0.2754412395694665,,0.4754598284916071,,-0.46510482376254575,,-0.0895938052729741,,,,
91195,,,,,,,,,,,-0.06800992618393051,,,,-0.5022422761030504,,-0.29496451340302016,,,,0.3082337629539177,,,,,,,,,,
91198,,,,,,,,,,,,,,-0.3678333449260107,,,,0.08050465074846612,,,,,,,,,,,,,
91204,,,,,,,,,,,,,,,-0.6192517837741903,,-0.4585697324912358,,,,,,,,,,,,,,
91209,,,,,,,,,,,,,,,-0.27663159900441864,,-0.004253036249595529,,,,,,,,,,,,,,
91215,,,,,,,,,,,,,,,-0.016941119689225122,,-0.4640802577021628,,,,,,,,,,,,,,
91237,,,,,,,,,,,,,,,0.07395654801165713,,-0.0978424169405992,,,,,,,,,,,,,,
91238,,,,,,,,,,,,,-0.23326962895069095,,-0.034296654830108596,,-0.34263194734021274,,-0.5250774703834288,,,,,,,,,,,,
91239,0.11954251109794783,-0.07652544322809152,0.02617454832192165,0.09145618258885928,0.03135678252977367,-0.024562314384877767,0.014007687890403773,0.047579996193506176,0.060940473455501964,-0.1279448818487218,0.09005605916819234,-0.004568414414293177,0.2342915092482243,0.22450837906363386,0.0798150328347466,,-0.0988425580095949,-0.12264247279922855,0.25824286875828556,0.39099432409277607,0.3478320877668178,0.28962201304391866,-0.12371200783442199,0.0049356289470771815,-0.18819079200213137,0.05216641687486765,0.003554149533173535,-0.0355974939890923,-0.04260482318930027,-0.13130081861975337,0.007946052963795263
91240,0.1975216180716008,,-0.02969948451566877,,0.24831565606416647,,0.47595770192478315,,0.5123220787462154,,0.2870425353616081,,-0.09629230198831663,,-0.3425530096706483,,-0.23664659640199184,,-0.3255119600836812,,-0.1708496644094728,,-0.3875860636698808,,-0.1206631462484348,,0.08717658705458099,,0.21309842799832215,,0.37344069143277486
91277,0.4221818247528094,0.3970734335232159,0.4383116202482474,-0.07985235321928429,,0.011952152388500599,-0.1677827249162557,-0.055674968699273096,0.2164633727748597,0.16142106488781388,0.04947188188003548,-0.18668585095071283,-0.2936821970632094,-0.27861699288805686,-0.3023475608335832,,0.19566331991198144,0.046056114930990995,0.30881506942091885,0.27568049450363513,0.3071724784280528,0.19710488755339123,0.11021812544488145,0.08865583631712298,0.16935973485568168,0.2632124418869066,,-0.03744163478725274,-0.5624474900509996,-0.024409063634291683,-0.0077798583792364605
91644,,,,,,,,,,,,,-0.23535625031168667,,-0.38317293073881564,,-0.17425922863351734,,0.11977836267207163,,,,,,,,,,,,
91645,,,0.33793067355832485,,0.35859475823820974,0.269550345140466,,0.3068737889135599,0.20911461499787506,0.1527910618331176,0.2909429091865342,-0.07755297332662948,-0.000394197235743763,-0.07484107528163793,-0.12063547417865209,,-0.15375081837649154,-0.3284713553173838,0.19004145243186987,-0.09497834787252588,0.24920004085154934,-0.044135143961821714,0.3034323338635145,-0.019410567276120675,,0.008152344280624137,-0.09016402850080664,,-0.22481185307132326,,
91894,,,0.0702557045408508,,-0.07381222640320272,-0.20600736793783803,-0.1902249487605287,-0.0003613609375757799,-0.18392319826784256,,,0.5359977580596119,0.03834191769167771,-0.34436005214043175,-0.3097871296543757,,-0.28414879410093036,-0.41413236158951494,-0.07144152955718275,0.14490138388211718,,,0.11730160832729322,0.10319053676979427,0.5494901503204049,0.49607746418009874,0.26837413474178057,,0.26969371482964033,,
91947,,0.20928435296116912,,0.01782332196689325,,0.2644334597052138,,0.22032266303019685,,0.15760076530612138,0.36078718684064726,,0.4404243683395939,0.318565731801973,0.3150599559151188,,0.26563451872823207,0.22361984169721727,0.270912873772409,,-0.4170333322600927,-0.4813830694587134,,-0.10171976413536762,,0.3451234213639291,,-0.17368369154695407,,0.27180432565303525,
91984,,,-0.21105519334879455,,-0.06589722859505567,,-0.37689172460771336,,-0.0453144467017779,,0.351329276055174,,0.11657750991286367,,-0.03969177804581662,,-2.0472140236729303e-05,,0.4613286666695739,,0.5143096490187942,,0.22128973274767194,,-0.17314729409852184,,0.08824533200763,,0.16191566446557948,,
92183,-0.13028136474536448,-0.07422350909375826,-0.10333635467877257,0.11344823702706465,0.30192776709648483,-0.15215126624744607,-0.011752436782713779,0.06360041316365676,0.024323916708820455,0.029499855198751673,-0.00200990221116254,0.15972823063916225,0.1350045705555997,-0.13631027851644653,-0.24482538957667585,,-0.16798052635042496,-0.03150108365292856,0.020678409321447044,0.2544352108165729,0.2012729564896469,0.11911291826118034,0.23362763369367615,-0.01015611556207033,0.21480297842471902,0.03898007505150798,-0.05692105980873031,-0.06156974294426682,-0.19166035993200514,-0.4286297547629456,-0.25571689978750795
92287,,,,,,,,0.6622771921611862,,,,,,-0.2097293653265694,-0.18662795428582588,,0.09024000327423606,0.10266879205684824,,,,,,0.18953557749268,,,,,,,
92288,,,,,,,,,,,,,,,-0.04242703027312981,,-0.19964227330560164,,,,,,,,,,,,,,
92299,-0.11086649810528718,,-0.23692649544946437,0.034990241754763514,0.11596047929764376,0.12633801500130035,-0.1779891102668876,0.09208343450119941,0.36976701636315323,0.46807603900076633,0.06506894764987875,-0.17276854080695206,-0.36954035263156176,-0.44415666888496025,,,,0.03215212871532299,-0.07445371945901343,-0.31745838689696854,-0.15491218159799616,-0.08480172827039868,0.3151351268200947,0.10777677524845755,0.22403943029251777,0.26799346695815246,0.2802583401073577,0.43753522791847416,0.3527201364545206,,-0.07665958528319154
92309,,,,,,,,,,,,0.13592646219161356,,-0.42455214861569524,,,,-0.49632702950430324,,0.12327927300731158,,,,,,,,,,,
92312,,,,,,,,,,,,,,,-0.2439604492952427,,0.10237779470460383,,,,,,,,,,,,,,
92346,,,,,,,,,,,,-0.09878729780342245,,,-0.2613552472080749,,-0.08014225779667852,,,-0.34486758357380054,,,,,,,,,,,
92453,,,,,,,,,,,,,,,-0.22958915680512346,,-0.048682381130155244,,,,,,,,,,,,,,
92596,0.13812352401812542,-0.1665809497514229,-0.22212334563614813,-0.47706258227820036,0.055286790618805745,-0.09044246921078429,-0.11894385591285109,-0.16140026684725298,-0.24173179158877064,-0.1117293380589783,-0.065399643566768,0.004937393757968441,-0.09880272101263553,-0.17467526830211852,-0.2382338124539586,,-0.17425302550768854,-0.26390842203781006,-0.4286422240794008,-0.2295951635866434,-0.5484508034454898,-0.22470872700840258,-0.37881715046691394,0.18215883139769207,-0.0024708661374163218,0.21717030409201338,0.2085503936997304,0.08317732399973124,-0.014549950524458762,0.07021566791999087,0.22014696139261397
92599,,,0.33358766373990867,,,0.6147117570468239,,,0.41949284729820824,,0.2727600692119413,0.2185686006317807,,,-0.07369904991651456,,-0.3290204970094408,,,-0.1758561916289871,-0.23967828502080815,,0.129362421467249,,,0.6262701871388338,,,0.4155678129802475,,
92617,,,,,,,,-0.23774457656431972,,0.0475033672229414,,,,,-0.04046735563130897,,-0.038972906678590054,,,,,0.209094467398897,,-0.2491117506294002,,,,,,,
92648,,-0.41817821756176715,,-0.7211412560434639,-0.12026361555804739,,-0.02550492541343826,,-0.6263047635386549,,-0.4444854791216676,,-0.010908544650303114,,0.137926455847286,,0.1791694159346344,,-0.348259789519394,,-0.01040549681783359,,0.40906825323685825,,0.0898911582942038,,0.12081021232946923,0.08094869802259991,,0.2182445898113148,
92840,,,,,,,,,,,,,,,0.1405634344889332,,-0.3643361172804316,,,,,,,,,,,,,,
92845,0.46900935877978583,0.20661369127729046,,0.09192644883102516,0.015410692574653013,-0.196161167022884,0.03761095591124047,-0.60900043072015,-0.14616256423648724,-0.37268347272947505,-0.10333705363171457,,0.15648806300691973,0.24166661615819987,0.07508377190923833,,-0.10376086511273935,0.20526683269530327,-0.547068776790623,,-0.1143342488479611,-0.1929855816527489,-0.14675808600980436,-0.5190853456315279,0.13137564435146695,-0.3816185630899831,-0.07598388580786418,-0.2593396223836294,,-0.24240293593581097,-0.1348555257902085
92921,,,-0.05611637208259955,,,-0.2080148389247301,-0.1695871230665762,,0.5181745955126196,0.095662568860388,-0.1027359495262753,,0.2892688137150273,-0.11673219255441407,-0.151112999361269,,-0.48169827034794416,-0.4947078452010021,-0.12497414147995332,,-0.5224238768279476,-0.08107021864908848,-0.4173326162525236,,-0.056613335529520324,0.09737908291059519,,,0.5535867246681632,,
93048,,,,,,,,,,,-0.8028921723139908,,-0.664455272799469,,-0.5110321899616825,,-0.40585245731254244,,-0.6661581113989377,,-0.5676395771812859,,,,,,,,,,
93212,,,,,,,,,,,,,,,-0.6972682836504507,,-0.15635908433287368,,,,,,,,,,,,,,
93262,,,,,,,,,,,,,,,-0.19906663618174897,,0.13051241335558006,,,,,,,,,,,,,,
93294,,0.06977952780180283,0.4806064864015673,-0.11284343600978382,0.2939437966796353,-0.065249256702999,,0.24507798096419278,,0.13259095356776637,-0.024629726012213637,0.005464575999118344,0.16061209653615616,,-0.1527355409403397,,-0.13576956246224775,,-0.18425125272637738,-0.23112968668113293,-0.13519811436538984,-0.18232391964619846,,-0.46770575353418387,,-0.5584516578442565,-0.3672798264189335,-0.513629147215346,-0.5827440338529664,-0.22559056846626524,
94291,-0.1761449980085214,-0.17411406091531118,0.12778027551586102,0.14459342255093782,0.17287741435519113,0.1931872359632108,-0.0405740385260413,0.19649420761492084,-0.021468051256509402,0.2958600330133533,-0.05521813465475604,-0.06500930365424754,0.07590701028574341,-0.42700335601126516,-0.13679516866671676,,-0.2725132269295336,-0.39182313636413285,-0.01355579192416744,-0.23109135904546954,0.1420033958302032,0.44974605900306536,0.11211248607399399,0.27669246030122324,0.29880437110572955,0.26116145640544514,0.1266702953062836,0.29986211837170934,0.2858263784068041,0.16407433613729183,-0.003643831430729391
94295,,,0.2532083017519709,,,,-0.02509950589745189,,,-0.18599811243629305,0.10792601607754207,,,0.15540494948692427,-0.03915923519166278,,-0.4509970884124118,-0.407983771781376,,,-0.4483153068786855,-0.14127240948592926,,,-0.5076177126331775,,,,0.24934265332279845,,
94302,,,,,,,,,,0.02334921781959612,,,,,-0.5712425842898479,,-0.6830767189894101,,,,,-0.3405882726654679,,,,,,,,,
94319,,,,0.1843231970828275,,0.14265856087798853,,0.05405573433879496,-0.047310528702648603,0.03331394458491022,-0.0815699919672036,-0.059639105837381926,-0.06446882418978132,,-0.30050918889740236,,-0.6025762346214648,,-0.604856331576156,-0.006107508349946902,0.23717113902197692,0.4104094756015891,0.24584244771839775,0.2857552361766768,,0.12309446010031867,,0.17946623287517685,,,
94320,,0.09627976103333187,,,,,,,,,,,0.11450611113453851,,0.17107687895659596,,0.12401236881084168,,0.08305059582261375,,,,,,,,,,,0.09114208427432724,
94323,,,,,,,,,-0.4129282779710091,,,,-0.2587833566578693,,0.08592480853394449,,-0.04345375056101856,,-0.3513243094631049,,,,0.03224240031168343,,,,,,,,
94369,,,,,,,,,,0.5342959519497503,,,,,-0.16952971147284823,,-0.1691517956068393,,,,,0.2381138815762691,,,,,,,,,
94396,,-0.09768485531447267,,0.33612790912676627,,0.4198014507652224,,,,,-0.04408827827778953,,-0.4805997558610857,,-0.4276843588333119,,-0.39187083846791376,,-0.321173337496719,,0.22253500739283846,,,,,0.6738178390429792,,0.42815742357897907,,0.22417282463259416,
94409,,,,,,,,,,,,,,,-0.1613430641401006,,-0.3678177565073519,,,,,,,,,,,,,,
94498,,,,,,,,,,,,,,0.06939480291599126,,,,0.5716328106331559,,,,,,,,,,,,,
94515,,,-0.3369760909103838,,,-0.1827786465587712,-0.14474123100084266,,0.422570857078547,,-0.09546737290856118,,-0.3695393916983084,-0.5119592125691831,0.1924607262254679,,0.2411213122455271,0.0008612702435336408,-0.2045540374079994,,-0.5402970653101795,,-0.197325054494543,,0.4726724290110858,0.09537681657023592,,,-0.27530434773419665,,
94551,,,,,,,,,,,,,,,-0.1682553084013241,,0.38345235794574006,,,,,,,,,,,,,,
95240,,,,,,,,,,,-0.1839761909995317,,-0.3064161244941875,,-0.21795972587112536,,-0.34256627371817955,,0.11187797958043738,,-0.24493626023466303,,,,,,,,,,
95309,,,,,,,,,,,,,-0.13570825256181407,,0.10405807098084754,,0.18539597611593947,,-0.10735960798641182,,,,,,,,,,,,
95319,,,,,,,,,,,,,,,-0.11084909652014219,,-0.04521813944257078,,,,,,,,,,,,,,
95381,,,-0.511745836321964,-0.37754402242261503,-0.4217765779046928,,,,0.5556829361305772,0.178049892275141,,0.09712120469500239,-0.030445340872850904,0.013690298804142098,-0.24116375829083708,,-0.05585021237886025,0.04982751633498142,-0.04177076452753502,-0.2453184317328039,,-0.05447205709013582,0.16449205696998165,,,,-0.45107861468353555,-0.09109898729325741,0.0017249295374538055,,
95423,,-0.13019363148160978,,,,,,0.09131887640341711,-0.404675534782103,,-0.13157030528339947,0.12153576314667047,0.1394055093280075,,-0.05140523217023945,,0.2095377406373151,,0.22241356719833763,0.4772800946410862,0.36890351826831824,,-0.12099298817720285,-0.10189569041490765,,,,,,-0.2391775629924362,
95484,,,,,,,,,,,,,0.06108385741999925,,0.034268737336484535,,0.0009628017800727337,,0.11771262400835408,,,,,,,,,,,,
95558,,,,,,,,,,,,,,,-0.6301005488971262,,-0.7728699751052261,,,,,,,,,,,,,,
95633,,,,,,,,,,,,,,,0.058603085613564566,,-0.4115543934458499,,,,,,,,,,,,,,
95695,,0.1835038693437739,-0.2899113099111989,-0.6952189609294115,-0.42895806193783004,-0.381739457629525,,0.24909236581019084,0.297939665314265,0.25253074543978293,,0.04394464154540346,0.04092897615943885,-0.32768113652631403,-0.38465669999424545,,-0.2191646342807061,-0.11045357975534682,-0.15041477966169692,0.0401671790003653,,-0.3832033278965773,-0.7031401922938567,-0.5692890219039207,,-0.32333005312718244,-0.24429939423167218,0.03319086940994196,-0.0573833478465541,-0.35301556219596186,
95887,,,,,,,,,-0.25761807207201654,,0.1281915360190656,,-0.37270684663327586,,-0.6927921079842511,,-0.4942743162317402,,-0.22166323488269474,,-0.35425426017057354,,-0.40646948476753225,,,,,,,,
95948,0.10564930697743723,,0.16738339153375154,-0.2805718781985783,0.23796115613287677,0.0510445825695169,-0.08289324771802395,,0.15277025403534036,-0.4547258841414936,0.17641099928585974,-0.15945360786860924,-0.16360738579504963,-0.13481450511140025,-0.06929099394726124,,-0.166199488517696,-0.23732001051398308,0.1662745926275347,-0.16650298892665708,-0.3591232387667334,-0.07475658344007365,-0.2702061125706006,,-0.014822967478694889,-0.17156090510130975,0.1692088665352661,-0.09940596113828634,-0.4353855534926534,,-0.689156005526924
95949,,,,,-0.2905916180664212,,,0.3802538254943273,,0.04391679505393001,0.06346620270792794,0.3327745760900151,0.23094583024038548,0.18805878150020114,0.09650185295917929,,-0.18899120993467858,-0.21707166230650146,-0.11298771534255109,-0.06108180195346894,0.3411123638687037,0.23805585684873426,,-0.49939360196885013,,,0.31830911995874034,,,,
95951,,-0.17819783392946192,-0.14804568753343916,,-0.0056712853642719736,,0.11706022936540993,-0.2039429756288701,0.2651253395468896,0.12365593276358351,-0.11263312117198374,-0.10491904692689633,-0.40527809427238143,-0.3433886193437453,-0.18498202429579175,,-0.12784052186787387,-0.06050144937885135,-0.21673359154322705,-0.08304324967008553,0.14597512139174673,0.30139935914262905,-0.01271964939466526,0.16054091161745454,0.20553541315386378,,0.07610243133828687,,-0.0038691976798878253,-0.2752939406420086,
95966,-0.2985644875654795,-0.5429397318919813,-0.0881996333968137,-0.27475076827128436,0.07504994030117103,0.34194818692693174,-0.13847620059291768,0.4165607430175597,0.614277335316721,0.19108458176451823,0.12151602537604991,-0.011986012908937763,0.44220728461720527,-0.048495146003233236,-0.14952792723082511,,-0.03246014404127348,-0.2595136475363966,0.13410808042293912,-0.02930589975336446,-0.5203522881663843,-0.2001849067244158,-0.17527547522599182,0.0345679414130955,0.0861125253621708,0.26566817629424677,0.06073477076410712,-0.24388443245732838,-0.2087267538366198,0.4007675814846875,0.30270547733298625
95969,,,0.16789274483204808,,-0.09292251776137403,,-0.28233863622874145,0.15747178448518864,0.16365482098868117,0.19228473348032435,0.02683343881287396,-0.09465871452556222,0.058175142684879035,0.20992152396092323,0.21990742500042437,,0.2621833423561638,-0.10743119052043751,0.11651747423848623,0.32970495129589866,-0.03761711444962476,-0.163664466000226,0.04642313010850248,-0.025027789418185176,-0.2840655722931369,,0.47661815592536066,,0.6570352824546608,,
95973,-0.04423820244031889,,-0.071594867043668,,0.05633406210444284,-0.16828234505886144,,-0.28147527112075776,,-0.13017244806914016,,-0.06813701962496675,0.045608520575931566,,-0.4711998052176671,,-0.36423682890868286,,-0.24779701667925036,-0.29604347051211305,,-0.5888825788597059,,-0.14433195308205923,,0.28457003797326763,-0.32585131417157137,,-0.27894574039310616,,-0.4040881203714403
95981,0.5051908720894818,,0.09817797217656765,0.1921130365684707,0.2041704055724851,0.15029325242893068,-0.08227079280425287,,-0.4677137143892322,-0.488478392417543,-0.24548493222444723,-0.2982366116219872,-0.16101200859127798,-0.4123543549548261,-0.33068564220722596,,-0.25791642894329236,-0.06022653483905655,-0.4042420140441212,-0.18296170845077878,-0.07916408717113357,-0.02274410208762254,0.0727092070490765,,-0.035674898800664545,0.09044254772610781,-0.14190441359329883,-0.25822158014637575,0.37474203139541434,,-0.4007594572868823
95982,-0.10472556172765707,,0.0931188900014548,,0.49112189268589906,,0.45817222646799405,,0.37984360234187037,,-0.10184816926089424,,-0.07598956095894896,,-0.4911409169425288,,-0.6159461742992539,,-0.2889888838560147,,-0.1311887194441143,,0.08432516998797931,,0.05511656459260343,,0.3183533113495697,,0.1183323729592387,,-0.10124357130974311
96061,,,,,0.06024483522385564,,,,,,-0.2202498694692347,,,-0.22361543808453704,0.08352831548561253,,0.06896978202783344,0.047586719665741635,,,-0.08602560084237533,,,,,,0.11862177674850344,,,,
96201,,,,,,,0.13854426130535813,,0.18187562568583604,,0.23192908637338994,,0.0654962353178517,,-0.24842420460696,,-0.5430458884994424,,-0.08655678590224111,,0.07173182311685067,,0.3100445689151017,,-0.25176958758588797,,,,,,
96239,,,,0.29449075010403464,,0.04788487021979591,,,,,-0.0342202226346484,0.09836716096428118,,,-0.2428239137755848,,-0.22794461690752393,,,0.7296173449670796,0.009072629440284762,,,,,-0.011971057467409868,,0.06542247011151123,,,
96506,,,,,,,,,,,,,-0.06543106182041122,,,,,,0.41460772073643665,,,,,,,,,,,,
96694,,,,,,,,,,,,,,,-0.40367136335510934,,-0.0870889852887966,,,,,,,,,,,,,,
96724,,-0.2729775219618588,,,0.23135392326907608,,-0.24838920384920424,-0.44837867440946216,,-0.31573460743703724,,-0.1812754560631,-0.4259861397238425,,-0.5485908128845528,,-0.05318736155087543,,-0.13585746676956792,-0.4765457545882742,,-0.18663756725287284,,0.4572064005895614,0.3868953761478301,,0.21909755361571526,,,-0.5413109054684416,
96727,0.1282584938262107,,,,-0.435525887002015,,-0.13841986321950697,,0.2604515579281528,,0.03683868745421731,,0.1846920628565651,,0.2920979263138588,,0.3279989987066609,,0.030070054785478407,,0.20453581018152084,,-0.07263972667797423,,0.07810807069927866,,0.014680372021765226,,,,-0.1248622573592667
96767,0.036572083497868224,,-0.5782095680268038,,-0.47124956222408304,,-0.31803272550258793,,0.18795551855904355,,0.2015171162551161,,0.11448141514620919,,0.11573164077223747,,-0.16668278918288257,,0.21012795240414414,,0.37777218792960404,,0.4361006578250958,,-0.14239325495275335,,-0.19005033691989515,,0.048326198593010766,,0.3464316707563277
96850,-0.28266020193508873,-0.42850379539022,-0.21598335355257986,-0.4634966805830842,-0.1958302150067032,-0.1945051762954254,-0.19893078174215045,-0.24348191178092127,-0.18360592240679915,-0.08168112649898236,0.07923285634761747,-0.13554890893506716,-0.1857813452549017,0.02928202841459218,-0.20739600563236815,,-0.18574585705285898,-0.2991314656264681,-0.07466546546415383,0.02455418896071366,-0.06680902798681865,-0.06848121824768479,0.03144778884637396,0.1798487265466169,-0.047762362987993134,0.27065095392407507,-0.043637566090119616,0.2109191051062529,-0.31067366834884835,-0.16172164678658443,-0.6475791236912315
97050,,,,,,,,,,,,,,,0.07804010202751806,,-0.19398224161240407,,,,,,,,,,,,,,
97115,0.26092912463780427,-0.3755416782177219,-0.35023787925755334,-0.2541290412988902,0.01836649561511552,,0.12296002097790569,-0.18107793397418542,-0.020704365959229695,-0.12963497984949948,-0.2030557578433338,0.028959294776046245,-0.28776036675285815,-0.24445956149550668,-0.629861415700562,,-0.5203315409524694,-0.17878754973154426,-0.013425901200742524,0.09558746188584716,0.14939636816695448,0.2930149059778097,0.32858715930343746,0.06014907909921026,0.19104940842065118,,0.0368424494716022,0.16541970411484053,0.18147261411311869,0.5583537738824684,0.04265941201497524
97137,,,,,,,0.27800622501980293,,-0.22026765503180365,,-0.23141294304329219,,-0.13235532165595137,,-0.10369869720097788,,-0.004000800988117413,,0.2944346124890721,,0.08982721108895345,,-0.20467638596846302,,-0.27457300948447255,,,,,,
97154,,,,0.3762566063482605,,,,,,,,,,,,,,,,,,,,,,,,0.33351711424320696,,,
97173,0.444301791607795,0.34296385750850433,0.39539150942179624,0.13486886376751084,-0.07430565220054515,-0.18467831022096828,-0.023444032110407232,-0.6050529776201824,0.33168606566332187,0.14245317388499043,0.1609951634309062,0.16617430359645521,0.1541945428063779,0.09021964331129691,-0.10612959690161752,,-0.11348283212050206,0.03191748022398376,-0.24802650591870393,-0.06964117916792562,0.029765409195648233,0.2114410181643551,0.06451534093971739,0.024181368888568998,-0.04015476812571071,-0.2517680938077601,-0.47102977966469645,-0.07493241951894873,-0.1460201494716783,0.39289002627614117,0.26375437388008094
97178,0.21206387607239777,,0.11412786683116113,,-0.5167329958965738,,0.01555405296940915,,-0.028043613102856187,0.49648393677805625,,-0.004585760072230028,-0.12238800512715113,,-0.03235179018508865,,-0.10399342922940592,,-0.11400231258651876,-0.02540739870130018,,-0.25551832860283297,-0.37658892680237294,,-0.5478927698256884,,-0.0026688926587709895,,-0.10288806555458015,,-0.14623186309757286
97213,,,,0.09136688224094541,,,,,0.08449806351898118,,0.010421494564385087,,0.18314037617123013,,0.21719765734393132,,-0.20602806465300605,,0.3738460661858902,,0.16005284768643857,,-0.3409747547975357,,,,,-0.19944721299163526,,,
97225,-0.4851745044927819,,-0.3259874671491394,,-0.13283133115953275,-0.41334405876805935,0.032418260026091064,-0.3604932752183079,-0.2853443389846778,-0.21868362438808125,-0.01838815349523483,0.17743627140138749,-0.17667188548094132,0.3315361083486824,-0.17448224839382293,,0.040811551248587284,0.13013336389131894,0.04699441466829558,-0.14788837174323077,-0.40633506375833234,-0.05786290684152838,-0.24742572489468684,-0.05742683633575521,-0.39861861929957687,0.24889093176273003,-0.008403394363038205,,0.08633947749861796,,-0.2131487517573471
97233,,,,0.11742252743689832,,,0.46443841751663506,,-0.00938751770367401,-0.3525696947654272,,-0.0380261776810964,,-0.2688581913635882,-0.28154084586269573,,0.05544793785910007,0.47699813195210256,,0.5374831128411216,,0.2892896246218014,0.03663851876593524,,0.09137069024545774,,,0.14535046712189334,,,
97314,,,,,,0.2686655994532268,,,0.4208080931785552,-0.4127294048329203,-0.014919048217942965,,,-0.28504020813368025,-0.19701616203605177,,-0.5467613328728941,-0.03975245348773739,,,0.18537027275266887,0.1273603852427662,-0.05732753964812189,,,0.03353437787940636,,,,,
