episode,speaker_id,offset,granger_score
42088,SPEAKER_00,-15,
42088,SPEAKER_01,-15,
42088,SPEAKER_00,-14,
42088,SPEAKER_01,-14,
42088,SPEAKER_00,-13,
42088,SPEAKER_01,-13,
42088,SPEAKER_00,-12,
42088,SPEAKER_01,-12,
42088,SPEAKER_00,-11,
42088,SPEAKER_01,-11,
42088,SPEAKER_00,-10,
42088,SPEAKER_01,-10,
42088,SPEAKER_00,-9,
42088,SPEAKER_01,-9,
42088,SPEAKER_00,-8,
42088,SPEAKER_01,-8,
42088,SPEAKER_00,-7,
42088,SPEAKER_01,-7,
42088,SPEAKER_00,-6,
42088,SPEAKER_01,-6,
42088,SPEAKER_00,-5,
42088,SPEAKER_01,-5,
42088,SPEAKER_00,-4,
42088,SPEAKER_01,-4,
42088,SPEAKER_00,-3,
42088,SPEAKER_01,-3,
42088,SPEAKER_00,-2,
42088,SPEAKER_01,-2,
42088,SPEAKER_00,-1,
42088,SPEAKER_01,-1,
42088,SPEAKER_00,0,
42088,SPEAKER_01,0,
42088,SPEAKER_00,1,
42088,SPEAKER_01,1,
42088,SPEAKER_00,2,
42088,SPEAKER_01,2,
42088,SPEAKER_00,3,
42088,SPEAKER_01,3,
42088,SPEAKER_00,4,
42088,SPEAKER_01,4,
42088,SPEAKER_00,5,
42088,SPEAKER_01,5,
42088,SPEAKER_00,6,
42088,SPEAKER_01,6,
42088,SPEAKER_00,7,
42088,SPEAKER_01,7,
42088,SPEAKER_00,8,
42088,SPEAKER_01,8,
42088,SPEAKER_00,9,
42088,SPEAKER_01,9,
42088,SPEAKER_00,10,
42088,SPEAKER_01,10,
42088,SPEAKER_00,11,
42088,SPEAKER_01,11,
42088,SPEAKER_00,12,
42088,SPEAKER_01,12,
42088,SPEAKER_00,13,
42088,SPEAKER_01,13,
42088,SPEAKER_00,14,
42088,SPEAKER_01,14,
42088,SPEAKER_00,15,
42088,SPEAKER_01,15,
42626,SPEAKER_00,-15,
42626,SPEAKER_01,-15,
42626,SPEAKER_00,-14,
42626,SPEAKER_01,-14,
42626,SPEAKER_00,-13,
42626,SPEAKER_01,-13,
42626,SPEAKER_00,-12,
42626,SPEAKER_01,-12,
42626,SPEAKER_00,-11,
42626,SPEAKER_01,-11,
42626,SPEAKER_00,-10,
42626,SPEAKER_01,-10,
42626,SPEAKER_00,-9,
42626,SPEAKER_01,-9,
42626,SPEAKER_00,-8,
42626,SPEAKER_01,-8,
42626,SPEAKER_00,-7,
42626,SPEAKER_01,-7,
42626,SPEAKER_00,-6,
42626,SPEAKER_01,-6,
42626,SPEAKER_00,-5,
42626,SPEAKER_01,-5,
42626,SPEAKER_00,-4,
42626,SPEAKER_01,-4,
42626,SPEAKER_00,-3,
42626,SPEAKER_01,-3,
42626,SPEAKER_00,-2,
42626,SPEAKER_01,-2,
42626,SPEAKER_00,-1,
42626,SPEAKER_01,-1,
42626,SPEAKER_00,0,
42626,SPEAKER_01,0,
42626,SPEAKER_00,1,
42626,SPEAKER_01,1,
42626,SPEAKER_00,2,
42626,SPEAKER_01,2,
42626,SPEAKER_00,3,
42626,SPEAKER_01,3,
42626,SPEAKER_00,4,
42626,SPEAKER_01,4,
42626,SPEAKER_00,5,
42626,SPEAKER_01,5,
42626,SPEAKER_00,6,
42626,SPEAKER_01,6,
42626,SPEAKER_00,7,
42626,SPEAKER_01,7,
42626,SPEAKER_00,8,
42626,SPEAKER_01,8,
42626,SPEAKER_00,9,
42626,SPEAKER_01,9,
42626,SPEAKER_00,10,
42626,SPEAKER_01,10,
42626,SPEAKER_00,11,
42626,SPEAKER_01,11,
42626,SPEAKER_00,12,
42626,SPEAKER_01,12,
42626,SPEAKER_00,13,
42626,SPEAKER_01,13,
42626,SPEAKER_00,14,
42626,SPEAKER_01,14,
42626,SPEAKER_00,15,
42626,SPEAKER_01,15,
43670,SPEAKER_00,-15,
43670,SPEAKER_01,-15,
43670,SPEAKER_00,-14,
43670,SPEAKER_01,-14,
43670,SPEAKER_00,-13,
43670,SPEAKER_01,-13,
43670,SPEAKER_00,-12,
43670,SPEAKER_01,-12,
43670,SPEAKER_00,-11,
43670,SPEAKER_01,-11,
43670,SPEAKER_00,-10,
43670,SPEAKER_01,-10,
43670,SPEAKER_00,-9,
43670,SPEAKER_01,-9,
43670,SPEAKER_00,-8,
43670,SPEAKER_01,-8,
43670,SPEAKER_00,-7,
43670,SPEAKER_01,-7,
43670,SPEAKER_00,-6,
43670,SPEAKER_01,-6,
43670,SPEAKER_00,-5,
43670,SPEAKER_01,-5,
43670,SPEAKER_00,-4,
43670,SPEAKER_01,-4,
43670,SPEAKER_00,-3,
43670,SPEAKER_01,-3,
43670,SPEAKER_00,-2,
43670,SPEAKER_01,-2,
43670,SPEAKER_00,-1,
43670,SPEAKER_01,-1,
43670,SPEAKER_00,0,
43670,SPEAKER_01,0,
43670,SPEAKER_00,1,
43670,SPEAKER_01,1,
43670,SPEAKER_00,2,
43670,SPEAKER_01,2,
43670,SPEAKER_00,3,
43670,SPEAKER_01,3,
43670,SPEAKER_00,4,
43670,SPEAKER_01,4,
43670,SPEAKER_00,5,
43670,SPEAKER_01,5,
43670,SPEAKER_00,6,
43670,SPEAKER_01,6,
43670,SPEAKER_00,7,
43670,SPEAKER_01,7,
43670,SPEAKER_00,8,
43670,SPEAKER_01,8,
43670,SPEAKER_00,9,
43670,SPEAKER_01,9,
43670,SPEAKER_00,10,
43670,SPEAKER_01,10,
43670,SPEAKER_00,11,
43670,SPEAKER_01,11,
43670,SPEAKER_00,12,
43670,SPEAKER_01,12,
43670,SPEAKER_00,13,
43670,SPEAKER_01,13,
43670,SPEAKER_00,14,
43670,SPEAKER_01,14,
43670,SPEAKER_00,15,
43670,SPEAKER_01,15,
43991,SPEAKER_00,-15,
43991,SPEAKER_01,-15,
43991,SPEAKER_00,-14,
43991,SPEAKER_01,-14,
43991,SPEAKER_00,-13,
43991,SPEAKER_01,-13,
43991,SPEAKER_00,-12,
43991,SPEAKER_01,-12,
43991,SPEAKER_00,-11,
43991,SPEAKER_01,-11,
43991,SPEAKER_00,-10,
43991,SPEAKER_01,-10,
43991,SPEAKER_00,-9,
43991,SPEAKER_01,-9,
43991,SPEAKER_00,-8,
43991,SPEAKER_01,-8,
43991,SPEAKER_00,-7,
43991,SPEAKER_01,-7,
43991,SPEAKER_00,-6,
43991,SPEAKER_01,-6,
43991,SPEAKER_00,-5,
43991,SPEAKER_01,-5,
43991,SPEAKER_00,-4,
43991,SPEAKER_01,-4,
43991,SPEAKER_00,-3,
43991,SPEAKER_01,-3,
43991,SPEAKER_00,-2,
43991,SPEAKER_01,-2,
43991,SPEAKER_00,-1,0.5576092456256868
43991,SPEAKER_01,-1,2.86902365052986
43991,SPEAKER_00,0,
43991,SPEAKER_01,0,
43991,SPEAKER_00,1,2.6490581624373344
43991,SPEAKER_01,1,0.29878795711652834
43991,SPEAKER_00,2,
43991,SPEAKER_01,2,
43991,SPEAKER_00,3,
43991,SPEAKER_01,3,
43991,SPEAKER_00,4,
43991,SPEAKER_01,4,
43991,SPEAKER_00,5,
43991,SPEAKER_01,5,
43991,SPEAKER_00,6,
43991,SPEAKER_01,6,
43991,SPEAKER_00,7,
43991,SPEAKER_01,7,
43991,SPEAKER_00,8,
43991,SPEAKER_01,8,
43991,SPEAKER_00,9,
43991,SPEAKER_01,9,
43991,SPEAKER_00,10,
43991,SPEAKER_01,10,
43991,SPEAKER_00,11,
43991,SPEAKER_01,11,
43991,SPEAKER_00,12,
43991,SPEAKER_01,12,
43991,SPEAKER_00,13,
43991,SPEAKER_01,13,
43991,SPEAKER_00,14,
43991,SPEAKER_01,14,
43991,SPEAKER_00,15,
43991,SPEAKER_01,15,
44410,SPEAKER_00,-15,
44410,SPEAKER_01,-15,
44410,SPEAKER_00,-14,
44410,SPEAKER_01,-14,
44410,SPEAKER_00,-13,
44410,SPEAKER_01,-13,
44410,SPEAKER_00,-12,
44410,SPEAKER_01,-12,
44410,SPEAKER_00,-11,
44410,SPEAKER_01,-11,
44410,SPEAKER_00,-10,
44410,SPEAKER_01,-10,
44410,SPEAKER_00,-9,
44410,SPEAKER_01,-9,
44410,SPEAKER_00,-8,
44410,SPEAKER_01,-8,
44410,SPEAKER_00,-7,
44410,SPEAKER_01,-7,
44410,SPEAKER_00,-6,
44410,SPEAKER_01,-6,
44410,SPEAKER_00,-5,
44410,SPEAKER_01,-5,
44410,SPEAKER_00,-4,
44410,SPEAKER_01,-4,
44410,SPEAKER_00,-3,
44410,SPEAKER_01,-3,
44410,SPEAKER_00,-2,
44410,SPEAKER_01,-2,
44410,SPEAKER_00,-1,
44410,SPEAKER_01,-1,
44410,SPEAKER_00,0,
44410,SPEAKER_01,0,
44410,SPEAKER_00,1,
44410,SPEAKER_01,1,
44410,SPEAKER_00,2,
44410,SPEAKER_01,2,
44410,SPEAKER_00,3,
44410,SPEAKER_01,3,
44410,SPEAKER_00,4,
44410,SPEAKER_01,4,
44410,SPEAKER_00,5,
44410,SPEAKER_01,5,
44410,SPEAKER_00,6,
44410,SPEAKER_01,6,
44410,SPEAKER_00,7,
44410,SPEAKER_01,7,
44410,SPEAKER_00,8,
44410,SPEAKER_01,8,
44410,SPEAKER_00,9,
44410,SPEAKER_01,9,
44410,SPEAKER_00,10,
44410,SPEAKER_01,10,
44410,SPEAKER_00,11,
44410,SPEAKER_01,11,
44410,SPEAKER_00,12,
44410,SPEAKER_01,12,
44410,SPEAKER_00,13,
44410,SPEAKER_01,13,
44410,SPEAKER_00,14,
44410,SPEAKER_01,14,
44410,SPEAKER_00,15,
44410,SPEAKER_01,15,
44444,SPEAKER_00,-15,
44444,SPEAKER_01,-15,
44444,SPEAKER_00,-14,
44444,SPEAKER_01,-14,
44444,SPEAKER_00,-13,
44444,SPEAKER_01,-13,
44444,SPEAKER_00,-12,
44444,SPEAKER_01,-12,
44444,SPEAKER_00,-11,
44444,SPEAKER_01,-11,
44444,SPEAKER_00,-10,
44444,SPEAKER_01,-10,
44444,SPEAKER_00,-9,
44444,SPEAKER_01,-9,
44444,SPEAKER_00,-8,
44444,SPEAKER_01,-8,
44444,SPEAKER_00,-7,
44444,SPEAKER_01,-7,
44444,SPEAKER_00,-6,
44444,SPEAKER_01,-6,
44444,SPEAKER_00,-5,
44444,SPEAKER_01,-5,
44444,SPEAKER_00,-4,
44444,SPEAKER_01,-4,
44444,SPEAKER_00,-3,
44444,SPEAKER_01,-3,
44444,SPEAKER_00,-2,
44444,SPEAKER_01,-2,
44444,SPEAKER_00,-1,
44444,SPEAKER_01,-1,
44444,SPEAKER_00,0,
44444,SPEAKER_01,0,
44444,SPEAKER_00,1,
44444,SPEAKER_01,1,
44444,SPEAKER_00,2,
44444,SPEAKER_01,2,
44444,SPEAKER_00,3,
44444,SPEAKER_01,3,
44444,SPEAKER_00,4,
44444,SPEAKER_01,4,
44444,SPEAKER_00,5,
44444,SPEAKER_01,5,
44444,SPEAKER_00,6,
44444,SPEAKER_01,6,
44444,SPEAKER_00,7,
44444,SPEAKER_01,7,
44444,SPEAKER_00,8,
44444,SPEAKER_01,8,
44444,SPEAKER_00,9,
44444,SPEAKER_01,9,
44444,SPEAKER_00,10,
44444,SPEAKER_01,10,
44444,SPEAKER_00,11,
44444,SPEAKER_01,11,
44444,SPEAKER_00,12,
44444,SPEAKER_01,12,
44444,SPEAKER_00,13,
44444,SPEAKER_01,13,
44444,SPEAKER_00,14,
44444,SPEAKER_01,14,
44444,SPEAKER_00,15,
44444,SPEAKER_01,15,
44449,SPEAKER_00,-15,
44449,SPEAKER_01,-15,
44449,SPEAKER_00,-14,
44449,SPEAKER_01,-14,
44449,SPEAKER_00,-13,
44449,SPEAKER_01,-13,
44449,SPEAKER_00,-12,
44449,SPEAKER_01,-12,
44449,SPEAKER_00,-11,
44449,SPEAKER_01,-11,
44449,SPEAKER_00,-10,
44449,SPEAKER_01,-10,
44449,SPEAKER_00,-9,
44449,SPEAKER_01,-9,
44449,SPEAKER_00,-8,
44449,SPEAKER_01,-8,
44449,SPEAKER_00,-7,
44449,SPEAKER_01,-7,
44449,SPEAKER_00,-6,
44449,SPEAKER_01,-6,
44449,SPEAKER_00,-5,
44449,SPEAKER_01,-5,
44449,SPEAKER_00,-4,
44449,SPEAKER_01,-4,
44449,SPEAKER_00,-3,
44449,SPEAKER_01,-3,
44449,SPEAKER_00,-2,
44449,SPEAKER_01,-2,
44449,SPEAKER_00,-1,
44449,SPEAKER_01,-1,
44449,SPEAKER_00,0,
44449,SPEAKER_01,0,
44449,SPEAKER_00,1,
44449,SPEAKER_01,1,
44449,SPEAKER_00,2,
44449,SPEAKER_01,2,
44449,SPEAKER_00,3,
44449,SPEAKER_01,3,
44449,SPEAKER_00,4,
44449,SPEAKER_01,4,
44449,SPEAKER_00,5,
44449,SPEAKER_01,5,
44449,SPEAKER_00,6,
44449,SPEAKER_01,6,
44449,SPEAKER_00,7,
44449,SPEAKER_01,7,
44449,SPEAKER_00,8,
44449,SPEAKER_01,8,
44449,SPEAKER_00,9,
44449,SPEAKER_01,9,
44449,SPEAKER_00,10,
44449,SPEAKER_01,10,
44449,SPEAKER_00,11,
44449,SPEAKER_01,11,
44449,SPEAKER_00,12,
44449,SPEAKER_01,12,
44449,SPEAKER_00,13,
44449,SPEAKER_01,13,
44449,SPEAKER_00,14,
44449,SPEAKER_01,14,
44449,SPEAKER_00,15,
44449,SPEAKER_01,15,
44555,SPEAKER_00,-15,
44555,SPEAKER_01,-15,
44555,SPEAKER_00,-14,
44555,SPEAKER_01,-14,
44555,SPEAKER_00,-13,
44555,SPEAKER_01,-13,
44555,SPEAKER_00,-12,
44555,SPEAKER_01,-12,
44555,SPEAKER_00,-11,
44555,SPEAKER_01,-11,
44555,SPEAKER_00,-10,
44555,SPEAKER_01,-10,
44555,SPEAKER_00,-9,
44555,SPEAKER_01,-9,
44555,SPEAKER_00,-8,
44555,SPEAKER_01,-8,
44555,SPEAKER_00,-7,
44555,SPEAKER_01,-7,
44555,SPEAKER_00,-6,
44555,SPEAKER_01,-6,
44555,SPEAKER_00,-5,
44555,SPEAKER_01,-5,
44555,SPEAKER_00,-4,
44555,SPEAKER_01,-4,
44555,SPEAKER_00,-3,
44555,SPEAKER_01,-3,
44555,SPEAKER_00,-2,
44555,SPEAKER_01,-2,
44555,SPEAKER_00,-1,
44555,SPEAKER_01,-1,
44555,SPEAKER_00,0,
44555,SPEAKER_01,0,
44555,SPEAKER_00,1,
44555,SPEAKER_01,1,
44555,SPEAKER_00,2,
44555,SPEAKER_01,2,
44555,SPEAKER_00,3,
44555,SPEAKER_01,3,
44555,SPEAKER_00,4,
44555,SPEAKER_01,4,
44555,SPEAKER_00,5,
44555,SPEAKER_01,5,
44555,SPEAKER_00,6,
44555,SPEAKER_01,6,
44555,SPEAKER_00,7,
44555,SPEAKER_01,7,
44555,SPEAKER_00,8,
44555,SPEAKER_01,8,
44555,SPEAKER_00,9,
44555,SPEAKER_01,9,
44555,SPEAKER_00,10,
44555,SPEAKER_01,10,
44555,SPEAKER_00,11,
44555,SPEAKER_01,11,
44555,SPEAKER_00,12,
44555,SPEAKER_01,12,
44555,SPEAKER_00,13,
44555,SPEAKER_01,13,
44555,SPEAKER_00,14,
44555,SPEAKER_01,14,
44555,SPEAKER_00,15,
44555,SPEAKER_01,15,
44562,SPEAKER_00,-15,
44562,SPEAKER_03,-15,
44562,SPEAKER_00,-14,
44562,SPEAKER_03,-14,
44562,SPEAKER_00,-13,
44562,SPEAKER_03,-13,
44562,SPEAKER_00,-12,
44562,SPEAKER_03,-12,
44562,SPEAKER_00,-11,
44562,SPEAKER_03,-11,
44562,SPEAKER_00,-10,
44562,SPEAKER_03,-10,
44562,SPEAKER_00,-9,
44562,SPEAKER_03,-9,
44562,SPEAKER_00,-8,
44562,SPEAKER_03,-8,
44562,SPEAKER_00,-7,
44562,SPEAKER_03,-7,
44562,SPEAKER_00,-6,
44562,SPEAKER_03,-6,
44562,SPEAKER_00,-5,
44562,SPEAKER_03,-5,
44562,SPEAKER_00,-4,
44562,SPEAKER_03,-4,
44562,SPEAKER_00,-3,
44562,SPEAKER_03,-3,
44562,SPEAKER_00,-2,
44562,SPEAKER_03,-2,
44562,SPEAKER_00,-1,
44562,SPEAKER_03,-1,
44562,SPEAKER_00,0,
44562,SPEAKER_03,0,
44562,SPEAKER_00,1,
44562,SPEAKER_03,1,
44562,SPEAKER_00,2,
44562,SPEAKER_03,2,
44562,SPEAKER_00,3,
44562,SPEAKER_03,3,
44562,SPEAKER_00,4,
44562,SPEAKER_03,4,
44562,SPEAKER_00,5,
44562,SPEAKER_03,5,
44562,SPEAKER_00,6,
44562,SPEAKER_03,6,
44562,SPEAKER_00,7,
44562,SPEAKER_03,7,
44562,SPEAKER_00,8,
44562,SPEAKER_03,8,
44562,SPEAKER_00,9,
44562,SPEAKER_03,9,
44562,SPEAKER_00,10,
44562,SPEAKER_03,10,
44562,SPEAKER_00,11,
44562,SPEAKER_03,11,
44562,SPEAKER_00,12,
44562,SPEAKER_03,12,
44562,SPEAKER_00,13,
44562,SPEAKER_03,13,
44562,SPEAKER_00,14,
44562,SPEAKER_03,14,
44562,SPEAKER_00,15,
44562,SPEAKER_03,15,
44607,SPEAKER_00,-15,
44607,SPEAKER_01,-15,
44607,SPEAKER_00,-14,
44607,SPEAKER_01,-14,
44607,SPEAKER_00,-13,
44607,SPEAKER_01,-13,
44607,SPEAKER_00,-12,
44607,SPEAKER_01,-12,
44607,SPEAKER_00,-11,
44607,SPEAKER_01,-11,
44607,SPEAKER_00,-10,
44607,SPEAKER_01,-10,
44607,SPEAKER_00,-9,
44607,SPEAKER_01,-9,
44607,SPEAKER_00,-8,
44607,SPEAKER_01,-8,
44607,SPEAKER_00,-7,
44607,SPEAKER_01,-7,
44607,SPEAKER_00,-6,
44607,SPEAKER_01,-6,
44607,SPEAKER_00,-5,
44607,SPEAKER_01,-5,
44607,SPEAKER_00,-4,
44607,SPEAKER_01,-4,
44607,SPEAKER_00,-3,
44607,SPEAKER_01,-3,
44607,SPEAKER_00,-2,
44607,SPEAKER_01,-2,
44607,SPEAKER_00,-1,
44607,SPEAKER_01,-1,
44607,SPEAKER_00,0,
44607,SPEAKER_01,0,
44607,SPEAKER_00,1,
44607,SPEAKER_01,1,
44607,SPEAKER_00,2,
44607,SPEAKER_01,2,
44607,SPEAKER_00,3,
44607,SPEAKER_01,3,
44607,SPEAKER_00,4,
44607,SPEAKER_01,4,
44607,SPEAKER_00,5,
44607,SPEAKER_01,5,
44607,SPEAKER_00,6,
44607,SPEAKER_01,6,
44607,SPEAKER_00,7,
44607,SPEAKER_01,7,
44607,SPEAKER_00,8,
44607,SPEAKER_01,8,
44607,SPEAKER_00,9,
44607,SPEAKER_01,9,
44607,SPEAKER_00,10,
44607,SPEAKER_01,10,
44607,SPEAKER_00,11,
44607,SPEAKER_01,11,
44607,SPEAKER_00,12,
44607,SPEAKER_01,12,
44607,SPEAKER_00,13,
44607,SPEAKER_01,13,
44607,SPEAKER_00,14,
44607,SPEAKER_01,14,
44607,SPEAKER_00,15,
44607,SPEAKER_01,15,
44975,SPEAKER_00,-15,
44975,SPEAKER_01,-15,
44975,SPEAKER_00,-14,
44975,SPEAKER_01,-14,
44975,SPEAKER_00,-13,
44975,SPEAKER_01,-13,
44975,SPEAKER_00,-12,
44975,SPEAKER_01,-12,
44975,SPEAKER_00,-11,
44975,SPEAKER_01,-11,
44975,SPEAKER_00,-10,
44975,SPEAKER_01,-10,
44975,SPEAKER_00,-9,
44975,SPEAKER_01,-9,
44975,SPEAKER_00,-8,
44975,SPEAKER_01,-8,
44975,SPEAKER_00,-7,
44975,SPEAKER_01,-7,
44975,SPEAKER_00,-6,
44975,SPEAKER_01,-6,
44975,SPEAKER_00,-5,
44975,SPEAKER_01,-5,
44975,SPEAKER_00,-4,
44975,SPEAKER_01,-4,
44975,SPEAKER_00,-3,
44975,SPEAKER_01,-3,
44975,SPEAKER_00,-2,
44975,SPEAKER_01,-2,
44975,SPEAKER_00,-1,
44975,SPEAKER_01,-1,
44975,SPEAKER_00,0,
44975,SPEAKER_01,0,
44975,SPEAKER_00,1,
44975,SPEAKER_01,1,
44975,SPEAKER_00,2,
44975,SPEAKER_01,2,
44975,SPEAKER_00,3,
44975,SPEAKER_01,3,
44975,SPEAKER_00,4,
44975,SPEAKER_01,4,
44975,SPEAKER_00,5,
44975,SPEAKER_01,5,
44975,SPEAKER_00,6,
44975,SPEAKER_01,6,
44975,SPEAKER_00,7,
44975,SPEAKER_01,7,
44975,SPEAKER_00,8,
44975,SPEAKER_01,8,
44975,SPEAKER_00,9,
44975,SPEAKER_01,9,
44975,SPEAKER_00,10,
44975,SPEAKER_01,10,
44975,SPEAKER_00,11,
44975,SPEAKER_01,11,
44975,SPEAKER_00,12,
44975,SPEAKER_01,12,
44975,SPEAKER_00,13,
44975,SPEAKER_01,13,
44975,SPEAKER_00,14,
44975,SPEAKER_01,14,
44975,SPEAKER_00,15,
44975,SPEAKER_01,15,
44982,SPEAKER_01,-15,
44982,SPEAKER_03,-15,
44982,SPEAKER_01,-14,
44982,SPEAKER_03,-14,
44982,SPEAKER_01,-13,0.06543246556476677
44982,SPEAKER_03,-13,0.12985200884276865
44982,SPEAKER_01,-12,
44982,SPEAKER_03,-12,
44982,SPEAKER_01,-11,0.007989394372268723
44982,SPEAKER_03,-11,0.004701100535652895
44982,SPEAKER_01,-10,
44982,SPEAKER_03,-10,
44982,SPEAKER_01,-9,0.17194855933479036
44982,SPEAKER_03,-9,0.001038535733177288
44982,SPEAKER_01,-8,
44982,SPEAKER_03,-8,
44982,SPEAKER_01,-7,0.7067285381764272
44982,SPEAKER_03,-7,4.467879395318448e-08
44982,SPEAKER_01,-6,
44982,SPEAKER_03,-6,
44982,SPEAKER_01,-5,0.07740785456318314
44982,SPEAKER_03,-5,0.09400796480870685
44982,SPEAKER_01,-4,
44982,SPEAKER_03,-4,
44982,SPEAKER_01,-3,0.035614741963508306
44982,SPEAKER_03,-3,2.196176191388943
44982,SPEAKER_01,-2,
44982,SPEAKER_03,-2,
44982,SPEAKER_01,-1,0.359864371679399
44982,SPEAKER_03,-1,0.030621828792776442
44982,SPEAKER_01,0,
44982,SPEAKER_03,0,
44982,SPEAKER_01,1,0.06990206359377259
44982,SPEAKER_03,1,0.12432336863908572
44982,SPEAKER_01,2,
44982,SPEAKER_03,2,
44982,SPEAKER_01,3,1.0095696015016264
44982,SPEAKER_03,3,2.8074699149777826
44982,SPEAKER_01,4,
44982,SPEAKER_03,4,
44982,SPEAKER_01,5,0.7496928020207937
44982,SPEAKER_03,5,0.011859587801334105
44982,SPEAKER_01,6,
44982,SPEAKER_03,6,
44982,SPEAKER_01,7,0.7355568055391102
44982,SPEAKER_03,7,0.3323253197249696
44982,SPEAKER_01,8,
44982,SPEAKER_03,8,
44982,SPEAKER_01,9,0.24774754916173936
44982,SPEAKER_03,9,0.020900786611410174
44982,SPEAKER_01,10,
44982,SPEAKER_03,10,
44982,SPEAKER_01,11,0.028840999599067628
44982,SPEAKER_03,11,0.050336656599417544
44982,SPEAKER_01,12,
44982,SPEAKER_03,12,
44982,SPEAKER_01,13,0.22602168195158334
44982,SPEAKER_03,13,0.0053620775592012945
44982,SPEAKER_01,14,
44982,SPEAKER_03,14,
44982,SPEAKER_01,15,
44982,SPEAKER_03,15,
45242,SPEAKER_00,-15,
45242,SPEAKER_02,-15,
45242,SPEAKER_00,-14,
45242,SPEAKER_02,-14,
45242,SPEAKER_00,-13,
45242,SPEAKER_02,-13,
45242,SPEAKER_00,-12,
45242,SPEAKER_02,-12,
45242,SPEAKER_00,-11,
45242,SPEAKER_02,-11,
45242,SPEAKER_00,-10,
45242,SPEAKER_02,-10,
45242,SPEAKER_00,-9,
45242,SPEAKER_02,-9,
45242,SPEAKER_00,-8,
45242,SPEAKER_02,-8,
45242,SPEAKER_00,-7,
45242,SPEAKER_02,-7,
45242,SPEAKER_00,-6,
45242,SPEAKER_02,-6,
45242,SPEAKER_00,-5,
45242,SPEAKER_02,-5,
45242,SPEAKER_00,-4,
45242,SPEAKER_02,-4,
45242,SPEAKER_00,-3,
45242,SPEAKER_02,-3,
45242,SPEAKER_00,-2,
45242,SPEAKER_02,-2,
45242,SPEAKER_00,-1,
45242,SPEAKER_02,-1,
45242,SPEAKER_00,0,
45242,SPEAKER_02,0,
45242,SPEAKER_00,1,
45242,SPEAKER_02,1,
45242,SPEAKER_00,2,
45242,SPEAKER_02,2,
45242,SPEAKER_00,3,
45242,SPEAKER_02,3,
45242,SPEAKER_00,4,
45242,SPEAKER_02,4,
45242,SPEAKER_00,5,
45242,SPEAKER_02,5,
45242,SPEAKER_00,6,
45242,SPEAKER_02,6,
45242,SPEAKER_00,7,
45242,SPEAKER_02,7,
45242,SPEAKER_00,8,
45242,SPEAKER_02,8,
45242,SPEAKER_00,9,
45242,SPEAKER_02,9,
45242,SPEAKER_00,10,
45242,SPEAKER_02,10,
45242,SPEAKER_00,11,
45242,SPEAKER_02,11,
45242,SPEAKER_00,12,
45242,SPEAKER_02,12,
45242,SPEAKER_00,13,
45242,SPEAKER_02,13,
45242,SPEAKER_00,14,
45242,SPEAKER_02,14,
45242,SPEAKER_00,15,
45242,SPEAKER_02,15,
45336,SPEAKER_00,-15,0.14482194044069585
45336,SPEAKER_01,-15,0.18082904051634485
45336,SPEAKER_00,-14,
45336,SPEAKER_01,-14,
45336,SPEAKER_00,-13,3.3385295548149783
45336,SPEAKER_01,-13,0.5792792011406527
45336,SPEAKER_00,-12,
45336,SPEAKER_01,-12,
45336,SPEAKER_00,-11,0.0024918586216547737
45336,SPEAKER_01,-11,1.0691516273692434
45336,SPEAKER_00,-10,
45336,SPEAKER_01,-10,
45336,SPEAKER_00,-9,0.3198465259827998
45336,SPEAKER_01,-9,0.3213374898876132
45336,SPEAKER_00,-8,
45336,SPEAKER_01,-8,
45336,SPEAKER_00,-7,0.012613092192325141
45336,SPEAKER_01,-7,0.461584225404736
45336,SPEAKER_00,-6,
45336,SPEAKER_01,-6,
45336,SPEAKER_00,-5,0.1429255219976826
45336,SPEAKER_01,-5,1.1767434268075927
45336,SPEAKER_00,-4,
45336,SPEAKER_01,-4,
45336,SPEAKER_00,-3,3.4057510434419034
45336,SPEAKER_01,-3,0.008317116808944107
45336,SPEAKER_00,-2,
45336,SPEAKER_01,-2,
45336,SPEAKER_00,-1,1.2016677438116483
45336,SPEAKER_01,-1,0.37434334670788494
45336,SPEAKER_00,0,
45336,SPEAKER_01,0,
45336,SPEAKER_00,1,0.037448595059020456
45336,SPEAKER_01,1,0.6449658246619205
45336,SPEAKER_00,2,
45336,SPEAKER_01,2,
45336,SPEAKER_00,3,0.011823710915924168
45336,SPEAKER_01,3,0.8188248518947256
45336,SPEAKER_00,4,
45336,SPEAKER_01,4,
45336,SPEAKER_00,5,0.0038156167193946072
45336,SPEAKER_01,5,0.02253358031826282
45336,SPEAKER_00,6,
45336,SPEAKER_01,6,
45336,SPEAKER_00,7,1.1142152199065785
45336,SPEAKER_01,7,2.021984462460782
45336,SPEAKER_00,8,
45336,SPEAKER_01,8,
45336,SPEAKER_00,9,0.1582625781517694
45336,SPEAKER_01,9,0.07597264975129409
45336,SPEAKER_00,10,
45336,SPEAKER_01,10,
45336,SPEAKER_00,11,0.16218632966014118
45336,SPEAKER_01,11,0.14300817733686147
45336,SPEAKER_00,12,
45336,SPEAKER_01,12,
45336,SPEAKER_00,13,0.49777749311073033
45336,SPEAKER_01,13,0.05116459670535367
45336,SPEAKER_00,14,
45336,SPEAKER_01,14,
45336,SPEAKER_00,15,0.06894826051550626
45336,SPEAKER_01,15,0.19882167234734185
45340,SPEAKER_00,-15,
45340,SPEAKER_01,-15,
45340,SPEAKER_00,-14,
45340,SPEAKER_01,-14,
45340,SPEAKER_00,-13,
45340,SPEAKER_01,-13,
45340,SPEAKER_00,-12,
45340,SPEAKER_01,-12,
45340,SPEAKER_00,-11,
45340,SPEAKER_01,-11,
45340,SPEAKER_00,-10,
45340,SPEAKER_01,-10,
45340,SPEAKER_00,-9,
45340,SPEAKER_01,-9,
45340,SPEAKER_00,-8,
45340,SPEAKER_01,-8,
45340,SPEAKER_00,-7,
45340,SPEAKER_01,-7,
45340,SPEAKER_00,-6,
45340,SPEAKER_01,-6,
45340,SPEAKER_00,-5,
45340,SPEAKER_01,-5,
45340,SPEAKER_00,-4,
45340,SPEAKER_01,-4,
45340,SPEAKER_00,-3,
45340,SPEAKER_01,-3,
45340,SPEAKER_00,-2,
45340,SPEAKER_01,-2,
45340,SPEAKER_00,-1,
45340,SPEAKER_01,-1,
45340,SPEAKER_00,0,
45340,SPEAKER_01,0,
45340,SPEAKER_00,1,
45340,SPEAKER_01,1,
45340,SPEAKER_00,2,
45340,SPEAKER_01,2,
45340,SPEAKER_00,3,
45340,SPEAKER_01,3,
45340,SPEAKER_00,4,
45340,SPEAKER_01,4,
45340,SPEAKER_00,5,
45340,SPEAKER_01,5,
45340,SPEAKER_00,6,
45340,SPEAKER_01,6,
45340,SPEAKER_00,7,
45340,SPEAKER_01,7,
45340,SPEAKER_00,8,
45340,SPEAKER_01,8,
45340,SPEAKER_00,9,
45340,SPEAKER_01,9,
45340,SPEAKER_00,10,
45340,SPEAKER_01,10,
45340,SPEAKER_00,11,
45340,SPEAKER_01,11,
45340,SPEAKER_00,12,
45340,SPEAKER_01,12,
45340,SPEAKER_00,13,
45340,SPEAKER_01,13,
45340,SPEAKER_00,14,
45340,SPEAKER_01,14,
45340,SPEAKER_00,15,
45340,SPEAKER_01,15,
45566,SPEAKER_00,-15,
45566,SPEAKER_01,-15,
45566,SPEAKER_00,-14,
45566,SPEAKER_01,-14,
45566,SPEAKER_00,-13,
45566,SPEAKER_01,-13,
45566,SPEAKER_00,-12,
45566,SPEAKER_01,-12,
45566,SPEAKER_00,-11,
45566,SPEAKER_01,-11,
45566,SPEAKER_00,-10,
45566,SPEAKER_01,-10,
45566,SPEAKER_00,-9,
45566,SPEAKER_01,-9,
45566,SPEAKER_00,-8,
45566,SPEAKER_01,-8,
45566,SPEAKER_00,-7,
45566,SPEAKER_01,-7,
45566,SPEAKER_00,-6,
45566,SPEAKER_01,-6,
45566,SPEAKER_00,-5,
45566,SPEAKER_01,-5,
45566,SPEAKER_00,-4,
45566,SPEAKER_01,-4,
45566,SPEAKER_00,-3,
45566,SPEAKER_01,-3,
45566,SPEAKER_00,-2,
45566,SPEAKER_01,-2,
45566,SPEAKER_00,-1,0.002826138559550489
45566,SPEAKER_01,-1,4.326548897564459
45566,SPEAKER_00,0,
45566,SPEAKER_01,0,
45566,SPEAKER_00,1,1.0530726422932886
45566,SPEAKER_01,1,0.9936887372615891
45566,SPEAKER_00,2,
45566,SPEAKER_01,2,
45566,SPEAKER_00,3,
45566,SPEAKER_01,3,
45566,SPEAKER_00,4,
45566,SPEAKER_01,4,
45566,SPEAKER_00,5,
45566,SPEAKER_01,5,
45566,SPEAKER_00,6,
45566,SPEAKER_01,6,
45566,SPEAKER_00,7,
45566,SPEAKER_01,7,
45566,SPEAKER_00,8,
45566,SPEAKER_01,8,
45566,SPEAKER_00,9,
45566,SPEAKER_01,9,
45566,SPEAKER_00,10,
45566,SPEAKER_01,10,
45566,SPEAKER_00,11,
45566,SPEAKER_01,11,
45566,SPEAKER_00,12,
45566,SPEAKER_01,12,
45566,SPEAKER_00,13,
45566,SPEAKER_01,13,
45566,SPEAKER_00,14,
45566,SPEAKER_01,14,
45566,SPEAKER_00,15,
45566,SPEAKER_01,15,
45567,SPEAKER_00,-15,
45567,SPEAKER_01,-15,
45567,SPEAKER_00,-14,
45567,SPEAKER_01,-14,
45567,SPEAKER_00,-13,
45567,SPEAKER_01,-13,
45567,SPEAKER_00,-12,
45567,SPEAKER_01,-12,
45567,SPEAKER_00,-11,
45567,SPEAKER_01,-11,
45567,SPEAKER_00,-10,
45567,SPEAKER_01,-10,
45567,SPEAKER_00,-9,
45567,SPEAKER_01,-9,
45567,SPEAKER_00,-8,
45567,SPEAKER_01,-8,
45567,SPEAKER_00,-7,
45567,SPEAKER_01,-7,
45567,SPEAKER_00,-6,
45567,SPEAKER_01,-6,
45567,SPEAKER_00,-5,
45567,SPEAKER_01,-5,
45567,SPEAKER_00,-4,
45567,SPEAKER_01,-4,
45567,SPEAKER_00,-3,
45567,SPEAKER_01,-3,
45567,SPEAKER_00,-2,
45567,SPEAKER_01,-2,
45567,SPEAKER_00,-1,
45567,SPEAKER_01,-1,
45567,SPEAKER_00,0,
45567,SPEAKER_01,0,
45567,SPEAKER_00,1,
45567,SPEAKER_01,1,
45567,SPEAKER_00,2,
45567,SPEAKER_01,2,
45567,SPEAKER_00,3,
45567,SPEAKER_01,3,
45567,SPEAKER_00,4,
45567,SPEAKER_01,4,
45567,SPEAKER_00,5,
45567,SPEAKER_01,5,
45567,SPEAKER_00,6,
45567,SPEAKER_01,6,
45567,SPEAKER_00,7,
45567,SPEAKER_01,7,
45567,SPEAKER_00,8,
45567,SPEAKER_01,8,
45567,SPEAKER_00,9,
45567,SPEAKER_01,9,
45567,SPEAKER_00,10,
45567,SPEAKER_01,10,
45567,SPEAKER_00,11,
45567,SPEAKER_01,11,
45567,SPEAKER_00,12,
45567,SPEAKER_01,12,
45567,SPEAKER_00,13,
45567,SPEAKER_01,13,
45567,SPEAKER_00,14,
45567,SPEAKER_01,14,
45567,SPEAKER_00,15,
45567,SPEAKER_01,15,
45951,SPEAKER_00,-15,
45951,SPEAKER_01,-15,
45951,SPEAKER_00,-14,
45951,SPEAKER_01,-14,
45951,SPEAKER_00,-13,
45951,SPEAKER_01,-13,
45951,SPEAKER_00,-12,
45951,SPEAKER_01,-12,
45951,SPEAKER_00,-11,
45951,SPEAKER_01,-11,
45951,SPEAKER_00,-10,
45951,SPEAKER_01,-10,
45951,SPEAKER_00,-9,
45951,SPEAKER_01,-9,
45951,SPEAKER_00,-8,
45951,SPEAKER_01,-8,
45951,SPEAKER_00,-7,
45951,SPEAKER_01,-7,
45951,SPEAKER_00,-6,
45951,SPEAKER_01,-6,
45951,SPEAKER_00,-5,
45951,SPEAKER_01,-5,
45951,SPEAKER_00,-4,
45951,SPEAKER_01,-4,
45951,SPEAKER_00,-3,
45951,SPEAKER_01,-3,
45951,SPEAKER_00,-2,
45951,SPEAKER_01,-2,
45951,SPEAKER_00,-1,
45951,SPEAKER_01,-1,
45951,SPEAKER_00,0,
45951,SPEAKER_01,0,
45951,SPEAKER_00,1,
45951,SPEAKER_01,1,
45951,SPEAKER_00,2,
45951,SPEAKER_01,2,
45951,SPEAKER_00,3,
45951,SPEAKER_01,3,
45951,SPEAKER_00,4,
45951,SPEAKER_01,4,
45951,SPEAKER_00,5,
45951,SPEAKER_01,5,
45951,SPEAKER_00,6,
45951,SPEAKER_01,6,
45951,SPEAKER_00,7,
45951,SPEAKER_01,7,
45951,SPEAKER_00,8,
45951,SPEAKER_01,8,
45951,SPEAKER_00,9,
45951,SPEAKER_01,9,
45951,SPEAKER_00,10,
45951,SPEAKER_01,10,
45951,SPEAKER_00,11,
45951,SPEAKER_01,11,
45951,SPEAKER_00,12,
45951,SPEAKER_01,12,
45951,SPEAKER_00,13,
45951,SPEAKER_01,13,
45951,SPEAKER_00,14,
45951,SPEAKER_01,14,
45951,SPEAKER_00,15,
45951,SPEAKER_01,15,
46205,SPEAKER_00,-15,
46205,SPEAKER_01,-15,
46205,SPEAKER_00,-14,
46205,SPEAKER_01,-14,
46205,SPEAKER_00,-13,
46205,SPEAKER_01,-13,
46205,SPEAKER_00,-12,
46205,SPEAKER_01,-12,
46205,SPEAKER_00,-11,
46205,SPEAKER_01,-11,
46205,SPEAKER_00,-10,
46205,SPEAKER_01,-10,
46205,SPEAKER_00,-9,
46205,SPEAKER_01,-9,
46205,SPEAKER_00,-8,
46205,SPEAKER_01,-8,
46205,SPEAKER_00,-7,
46205,SPEAKER_01,-7,
46205,SPEAKER_00,-6,
46205,SPEAKER_01,-6,
46205,SPEAKER_00,-5,
46205,SPEAKER_01,-5,
46205,SPEAKER_00,-4,
46205,SPEAKER_01,-4,
46205,SPEAKER_00,-3,
46205,SPEAKER_01,-3,
46205,SPEAKER_00,-2,
46205,SPEAKER_01,-2,
46205,SPEAKER_00,-1,
46205,SPEAKER_01,-1,
46205,SPEAKER_00,0,
46205,SPEAKER_01,0,
46205,SPEAKER_00,1,
46205,SPEAKER_01,1,
46205,SPEAKER_00,2,
46205,SPEAKER_01,2,
46205,SPEAKER_00,3,
46205,SPEAKER_01,3,
46205,SPEAKER_00,4,
46205,SPEAKER_01,4,
46205,SPEAKER_00,5,
46205,SPEAKER_01,5,
46205,SPEAKER_00,6,
46205,SPEAKER_01,6,
46205,SPEAKER_00,7,
46205,SPEAKER_01,7,
46205,SPEAKER_00,8,
46205,SPEAKER_01,8,
46205,SPEAKER_00,9,
46205,SPEAKER_01,9,
46205,SPEAKER_00,10,
46205,SPEAKER_01,10,
46205,SPEAKER_00,11,
46205,SPEAKER_01,11,
46205,SPEAKER_00,12,
46205,SPEAKER_01,12,
46205,SPEAKER_00,13,
46205,SPEAKER_01,13,
46205,SPEAKER_00,14,
46205,SPEAKER_01,14,
46205,SPEAKER_00,15,
46205,SPEAKER_01,15,
46409,SPEAKER_00,-15,
46409,SPEAKER_01,-15,
46409,SPEAKER_00,-14,
46409,SPEAKER_01,-14,
46409,SPEAKER_00,-13,
46409,SPEAKER_01,-13,
46409,SPEAKER_00,-12,
46409,SPEAKER_01,-12,
46409,SPEAKER_00,-11,
46409,SPEAKER_01,-11,
46409,SPEAKER_00,-10,
46409,SPEAKER_01,-10,
46409,SPEAKER_00,-9,
46409,SPEAKER_01,-9,
46409,SPEAKER_00,-8,
46409,SPEAKER_01,-8,
46409,SPEAKER_00,-7,
46409,SPEAKER_01,-7,
46409,SPEAKER_00,-6,
46409,SPEAKER_01,-6,
46409,SPEAKER_00,-5,
46409,SPEAKER_01,-5,
46409,SPEAKER_00,-4,
46409,SPEAKER_01,-4,
46409,SPEAKER_00,-3,0.14596255234525957
46409,SPEAKER_01,-3,0.47334708982777
46409,SPEAKER_00,-2,
46409,SPEAKER_01,-2,
46409,SPEAKER_00,-1,3.1860690816912225
46409,SPEAKER_01,-1,0.2535960858855884
46409,SPEAKER_00,0,
46409,SPEAKER_01,0,
46409,SPEAKER_00,1,1.1551406191261304
46409,SPEAKER_01,1,0.6815170507073665
46409,SPEAKER_00,2,
46409,SPEAKER_01,2,
46409,SPEAKER_00,3,0.0806980479515977
46409,SPEAKER_01,3,0.09840269667574121
46409,SPEAKER_00,4,
46409,SPEAKER_01,4,
46409,SPEAKER_00,5,
46409,SPEAKER_01,5,
46409,SPEAKER_00,6,
46409,SPEAKER_01,6,
46409,SPEAKER_00,7,
46409,SPEAKER_01,7,
46409,SPEAKER_00,8,
46409,SPEAKER_01,8,
46409,SPEAKER_00,9,
46409,SPEAKER_01,9,
46409,SPEAKER_00,10,
46409,SPEAKER_01,10,
46409,SPEAKER_00,11,
46409,SPEAKER_01,11,
46409,SPEAKER_00,12,
46409,SPEAKER_01,12,
46409,SPEAKER_00,13,
46409,SPEAKER_01,13,
46409,SPEAKER_00,14,
46409,SPEAKER_01,14,
46409,SPEAKER_00,15,
46409,SPEAKER_01,15,
46714,SPEAKER_00,-15,
46714,SPEAKER_01,-15,
46714,SPEAKER_00,-14,
46714,SPEAKER_01,-14,
46714,SPEAKER_00,-13,
46714,SPEAKER_01,-13,
46714,SPEAKER_00,-12,
46714,SPEAKER_01,-12,
46714,SPEAKER_00,-11,
46714,SPEAKER_01,-11,
46714,SPEAKER_00,-10,
46714,SPEAKER_01,-10,
46714,SPEAKER_00,-9,
46714,SPEAKER_01,-9,
46714,SPEAKER_00,-8,
46714,SPEAKER_01,-8,
46714,SPEAKER_00,-7,
46714,SPEAKER_01,-7,
46714,SPEAKER_00,-6,
46714,SPEAKER_01,-6,
46714,SPEAKER_00,-5,
46714,SPEAKER_01,-5,
46714,SPEAKER_00,-4,
46714,SPEAKER_01,-4,
46714,SPEAKER_00,-3,
46714,SPEAKER_01,-3,
46714,SPEAKER_00,-2,
46714,SPEAKER_01,-2,
46714,SPEAKER_00,-1,
46714,SPEAKER_01,-1,
46714,SPEAKER_00,0,
46714,SPEAKER_01,0,
46714,SPEAKER_00,1,
46714,SPEAKER_01,1,
46714,SPEAKER_00,2,
46714,SPEAKER_01,2,
46714,SPEAKER_00,3,
46714,SPEAKER_01,3,
46714,SPEAKER_00,4,
46714,SPEAKER_01,4,
46714,SPEAKER_00,5,
46714,SPEAKER_01,5,
46714,SPEAKER_00,6,
46714,SPEAKER_01,6,
46714,SPEAKER_00,7,
46714,SPEAKER_01,7,
46714,SPEAKER_00,8,
46714,SPEAKER_01,8,
46714,SPEAKER_00,9,
46714,SPEAKER_01,9,
46714,SPEAKER_00,10,
46714,SPEAKER_01,10,
46714,SPEAKER_00,11,
46714,SPEAKER_01,11,
46714,SPEAKER_00,12,
46714,SPEAKER_01,12,
46714,SPEAKER_00,13,
46714,SPEAKER_01,13,
46714,SPEAKER_00,14,
46714,SPEAKER_01,14,
46714,SPEAKER_00,15,
46714,SPEAKER_01,15,
46721,SPEAKER_00,-15,
46721,SPEAKER_01,-15,
46721,SPEAKER_00,-14,
46721,SPEAKER_01,-14,
46721,SPEAKER_00,-13,
46721,SPEAKER_01,-13,
46721,SPEAKER_00,-12,
46721,SPEAKER_01,-12,
46721,SPEAKER_00,-11,
46721,SPEAKER_01,-11,
46721,SPEAKER_00,-10,
46721,SPEAKER_01,-10,
46721,SPEAKER_00,-9,
46721,SPEAKER_01,-9,
46721,SPEAKER_00,-8,
46721,SPEAKER_01,-8,
46721,SPEAKER_00,-7,
46721,SPEAKER_01,-7,
46721,SPEAKER_00,-6,
46721,SPEAKER_01,-6,
46721,SPEAKER_00,-5,
46721,SPEAKER_01,-5,
46721,SPEAKER_00,-4,
46721,SPEAKER_01,-4,
46721,SPEAKER_00,-3,
46721,SPEAKER_01,-3,
46721,SPEAKER_00,-2,
46721,SPEAKER_01,-2,
46721,SPEAKER_00,-1,
46721,SPEAKER_01,-1,
46721,SPEAKER_00,0,
46721,SPEAKER_01,0,
46721,SPEAKER_00,1,
46721,SPEAKER_01,1,
46721,SPEAKER_00,2,
46721,SPEAKER_01,2,
46721,SPEAKER_00,3,
46721,SPEAKER_01,3,
46721,SPEAKER_00,4,
46721,SPEAKER_01,4,
46721,SPEAKER_00,5,
46721,SPEAKER_01,5,
46721,SPEAKER_00,6,
46721,SPEAKER_01,6,
46721,SPEAKER_00,7,
46721,SPEAKER_01,7,
46721,SPEAKER_00,8,
46721,SPEAKER_01,8,
46721,SPEAKER_00,9,
46721,SPEAKER_01,9,
46721,SPEAKER_00,10,
46721,SPEAKER_01,10,
46721,SPEAKER_00,11,
46721,SPEAKER_01,11,
46721,SPEAKER_00,12,
46721,SPEAKER_01,12,
46721,SPEAKER_00,13,
46721,SPEAKER_01,13,
46721,SPEAKER_00,14,
46721,SPEAKER_01,14,
46721,SPEAKER_00,15,
46721,SPEAKER_01,15,
46727,SPEAKER_00,-15,
46727,SPEAKER_02,-15,
46727,SPEAKER_00,-14,
46727,SPEAKER_02,-14,
46727,SPEAKER_00,-13,
46727,SPEAKER_02,-13,
46727,SPEAKER_00,-12,
46727,SPEAKER_02,-12,
46727,SPEAKER_00,-11,
46727,SPEAKER_02,-11,
46727,SPEAKER_00,-10,
46727,SPEAKER_02,-10,
46727,SPEAKER_00,-9,
46727,SPEAKER_02,-9,
46727,SPEAKER_00,-8,
46727,SPEAKER_02,-8,
46727,SPEAKER_00,-7,
46727,SPEAKER_02,-7,
46727,SPEAKER_00,-6,
46727,SPEAKER_02,-6,
46727,SPEAKER_00,-5,
46727,SPEAKER_02,-5,
46727,SPEAKER_00,-4,
46727,SPEAKER_02,-4,
46727,SPEAKER_00,-3,1.761079432625956
46727,SPEAKER_02,-3,4.811882970639215
46727,SPEAKER_00,-2,
46727,SPEAKER_02,-2,
46727,SPEAKER_00,-1,0.4063994045274962
46727,SPEAKER_02,-1,7.491738222141688
46727,SPEAKER_00,0,
46727,SPEAKER_02,0,
46727,SPEAKER_00,1,0.423837056008296
46727,SPEAKER_02,1,0.14614864935607627
46727,SPEAKER_00,2,
46727,SPEAKER_02,2,
46727,SPEAKER_00,3,2.470117965966839
46727,SPEAKER_02,3,0.5887465558121631
46727,SPEAKER_00,4,
46727,SPEAKER_02,4,
46727,SPEAKER_00,5,
46727,SPEAKER_02,5,
46727,SPEAKER_00,6,
46727,SPEAKER_02,6,
46727,SPEAKER_00,7,
46727,SPEAKER_02,7,
46727,SPEAKER_00,8,
46727,SPEAKER_02,8,
46727,SPEAKER_00,9,
46727,SPEAKER_02,9,
46727,SPEAKER_00,10,
46727,SPEAKER_02,10,
46727,SPEAKER_00,11,
46727,SPEAKER_02,11,
46727,SPEAKER_00,12,
46727,SPEAKER_02,12,
46727,SPEAKER_00,13,
46727,SPEAKER_02,13,
46727,SPEAKER_00,14,
46727,SPEAKER_02,14,
46727,SPEAKER_00,15,
46727,SPEAKER_02,15,
46728,SPEAKER_00,-15,
46728,SPEAKER_01,-15,
46728,SPEAKER_00,-14,
46728,SPEAKER_01,-14,
46728,SPEAKER_00,-13,
46728,SPEAKER_01,-13,
46728,SPEAKER_00,-12,
46728,SPEAKER_01,-12,
46728,SPEAKER_00,-11,
46728,SPEAKER_01,-11,
46728,SPEAKER_00,-10,
46728,SPEAKER_01,-10,
46728,SPEAKER_00,-9,
46728,SPEAKER_01,-9,
46728,SPEAKER_00,-8,
46728,SPEAKER_01,-8,
46728,SPEAKER_00,-7,
46728,SPEAKER_01,-7,
46728,SPEAKER_00,-6,
46728,SPEAKER_01,-6,
46728,SPEAKER_00,-5,
46728,SPEAKER_01,-5,
46728,SPEAKER_00,-4,
46728,SPEAKER_01,-4,
46728,SPEAKER_00,-3,
46728,SPEAKER_01,-3,
46728,SPEAKER_00,-2,
46728,SPEAKER_01,-2,
46728,SPEAKER_00,-1,
46728,SPEAKER_01,-1,
46728,SPEAKER_00,0,
46728,SPEAKER_01,0,
46728,SPEAKER_00,1,
46728,SPEAKER_01,1,
46728,SPEAKER_00,2,
46728,SPEAKER_01,2,
46728,SPEAKER_00,3,
46728,SPEAKER_01,3,
46728,SPEAKER_00,4,
46728,SPEAKER_01,4,
46728,SPEAKER_00,5,
46728,SPEAKER_01,5,
46728,SPEAKER_00,6,
46728,SPEAKER_01,6,
46728,SPEAKER_00,7,
46728,SPEAKER_01,7,
46728,SPEAKER_00,8,
46728,SPEAKER_01,8,
46728,SPEAKER_00,9,
46728,SPEAKER_01,9,
46728,SPEAKER_00,10,
46728,SPEAKER_01,10,
46728,SPEAKER_00,11,
46728,SPEAKER_01,11,
46728,SPEAKER_00,12,
46728,SPEAKER_01,12,
46728,SPEAKER_00,13,
46728,SPEAKER_01,13,
46728,SPEAKER_00,14,
46728,SPEAKER_01,14,
46728,SPEAKER_00,15,
46728,SPEAKER_01,15,
46729,SPEAKER_00,-15,
46729,SPEAKER_01,-15,
46729,SPEAKER_00,-14,
46729,SPEAKER_01,-14,
46729,SPEAKER_00,-13,
46729,SPEAKER_01,-13,
46729,SPEAKER_00,-12,
46729,SPEAKER_01,-12,
46729,SPEAKER_00,-11,
46729,SPEAKER_01,-11,
46729,SPEAKER_00,-10,
46729,SPEAKER_01,-10,
46729,SPEAKER_00,-9,
46729,SPEAKER_01,-9,
46729,SPEAKER_00,-8,
46729,SPEAKER_01,-8,
46729,SPEAKER_00,-7,
46729,SPEAKER_01,-7,
46729,SPEAKER_00,-6,
46729,SPEAKER_01,-6,
46729,SPEAKER_00,-5,
46729,SPEAKER_01,-5,
46729,SPEAKER_00,-4,
46729,SPEAKER_01,-4,
46729,SPEAKER_00,-3,
46729,SPEAKER_01,-3,
46729,SPEAKER_00,-2,
46729,SPEAKER_01,-2,
46729,SPEAKER_00,-1,
46729,SPEAKER_01,-1,
46729,SPEAKER_00,0,
46729,SPEAKER_01,0,
46729,SPEAKER_00,1,
46729,SPEAKER_01,1,
46729,SPEAKER_00,2,
46729,SPEAKER_01,2,
46729,SPEAKER_00,3,
46729,SPEAKER_01,3,
46729,SPEAKER_00,4,
46729,SPEAKER_01,4,
46729,SPEAKER_00,5,
46729,SPEAKER_01,5,
46729,SPEAKER_00,6,
46729,SPEAKER_01,6,
46729,SPEAKER_00,7,
46729,SPEAKER_01,7,
46729,SPEAKER_00,8,
46729,SPEAKER_01,8,
46729,SPEAKER_00,9,
46729,SPEAKER_01,9,
46729,SPEAKER_00,10,
46729,SPEAKER_01,10,
46729,SPEAKER_00,11,
46729,SPEAKER_01,11,
46729,SPEAKER_00,12,
46729,SPEAKER_01,12,
46729,SPEAKER_00,13,
46729,SPEAKER_01,13,
46729,SPEAKER_00,14,
46729,SPEAKER_01,14,
46729,SPEAKER_00,15,
46729,SPEAKER_01,15,
46730,SPEAKER_00,-15,
46730,SPEAKER_01,-15,
46730,SPEAKER_00,-14,
46730,SPEAKER_01,-14,
46730,SPEAKER_00,-13,
46730,SPEAKER_01,-13,
46730,SPEAKER_00,-12,
46730,SPEAKER_01,-12,
46730,SPEAKER_00,-11,
46730,SPEAKER_01,-11,
46730,SPEAKER_00,-10,
46730,SPEAKER_01,-10,
46730,SPEAKER_00,-9,
46730,SPEAKER_01,-9,
46730,SPEAKER_00,-8,
46730,SPEAKER_01,-8,
46730,SPEAKER_00,-7,
46730,SPEAKER_01,-7,
46730,SPEAKER_00,-6,
46730,SPEAKER_01,-6,
46730,SPEAKER_00,-5,
46730,SPEAKER_01,-5,
46730,SPEAKER_00,-4,
46730,SPEAKER_01,-4,
46730,SPEAKER_00,-3,
46730,SPEAKER_01,-3,
46730,SPEAKER_00,-2,
46730,SPEAKER_01,-2,
46730,SPEAKER_00,-1,
46730,SPEAKER_01,-1,
46730,SPEAKER_00,0,
46730,SPEAKER_01,0,
46730,SPEAKER_00,1,
46730,SPEAKER_01,1,
46730,SPEAKER_00,2,
46730,SPEAKER_01,2,
46730,SPEAKER_00,3,
46730,SPEAKER_01,3,
46730,SPEAKER_00,4,
46730,SPEAKER_01,4,
46730,SPEAKER_00,5,
46730,SPEAKER_01,5,
46730,SPEAKER_00,6,
46730,SPEAKER_01,6,
46730,SPEAKER_00,7,
46730,SPEAKER_01,7,
46730,SPEAKER_00,8,
46730,SPEAKER_01,8,
46730,SPEAKER_00,9,
46730,SPEAKER_01,9,
46730,SPEAKER_00,10,
46730,SPEAKER_01,10,
46730,SPEAKER_00,11,
46730,SPEAKER_01,11,
46730,SPEAKER_00,12,
46730,SPEAKER_01,12,
46730,SPEAKER_00,13,
46730,SPEAKER_01,13,
46730,SPEAKER_00,14,
46730,SPEAKER_01,14,
46730,SPEAKER_00,15,
46730,SPEAKER_01,15,
46803,SPEAKER_00,-15,
46803,SPEAKER_01,-15,
46803,SPEAKER_00,-14,
46803,SPEAKER_01,-14,
46803,SPEAKER_00,-13,
46803,SPEAKER_01,-13,
46803,SPEAKER_00,-12,
46803,SPEAKER_01,-12,
46803,SPEAKER_00,-11,
46803,SPEAKER_01,-11,
46803,SPEAKER_00,-10,
46803,SPEAKER_01,-10,
46803,SPEAKER_00,-9,
46803,SPEAKER_01,-9,
46803,SPEAKER_00,-8,
46803,SPEAKER_01,-8,
46803,SPEAKER_00,-7,
46803,SPEAKER_01,-7,
46803,SPEAKER_00,-6,
46803,SPEAKER_01,-6,
46803,SPEAKER_00,-5,
46803,SPEAKER_01,-5,
46803,SPEAKER_00,-4,
46803,SPEAKER_01,-4,
46803,SPEAKER_00,-3,
46803,SPEAKER_01,-3,
46803,SPEAKER_00,-2,
46803,SPEAKER_01,-2,
46803,SPEAKER_00,-1,
46803,SPEAKER_01,-1,
46803,SPEAKER_00,0,
46803,SPEAKER_01,0,
46803,SPEAKER_00,1,
46803,SPEAKER_01,1,
46803,SPEAKER_00,2,
46803,SPEAKER_01,2,
46803,SPEAKER_00,3,
46803,SPEAKER_01,3,
46803,SPEAKER_00,4,
46803,SPEAKER_01,4,
46803,SPEAKER_00,5,
46803,SPEAKER_01,5,
46803,SPEAKER_00,6,
46803,SPEAKER_01,6,
46803,SPEAKER_00,7,
46803,SPEAKER_01,7,
46803,SPEAKER_00,8,
46803,SPEAKER_01,8,
46803,SPEAKER_00,9,
46803,SPEAKER_01,9,
46803,SPEAKER_00,10,
46803,SPEAKER_01,10,
46803,SPEAKER_00,11,
46803,SPEAKER_01,11,
46803,SPEAKER_00,12,
46803,SPEAKER_01,12,
46803,SPEAKER_00,13,
46803,SPEAKER_01,13,
46803,SPEAKER_00,14,
46803,SPEAKER_01,14,
46803,SPEAKER_00,15,
46803,SPEAKER_01,15,
47128,SPEAKER_00,-15,
47128,SPEAKER_01,-15,
47128,SPEAKER_00,-14,
47128,SPEAKER_01,-14,
47128,SPEAKER_00,-13,
47128,SPEAKER_01,-13,
47128,SPEAKER_00,-12,
47128,SPEAKER_01,-12,
47128,SPEAKER_00,-11,
47128,SPEAKER_01,-11,
47128,SPEAKER_00,-10,
47128,SPEAKER_01,-10,
47128,SPEAKER_00,-9,
47128,SPEAKER_01,-9,
47128,SPEAKER_00,-8,
47128,SPEAKER_01,-8,
47128,SPEAKER_00,-7,
47128,SPEAKER_01,-7,
47128,SPEAKER_00,-6,
47128,SPEAKER_01,-6,
47128,SPEAKER_00,-5,
47128,SPEAKER_01,-5,
47128,SPEAKER_00,-4,
47128,SPEAKER_01,-4,
47128,SPEAKER_00,-3,
47128,SPEAKER_01,-3,
47128,SPEAKER_00,-2,
47128,SPEAKER_01,-2,
47128,SPEAKER_00,-1,
47128,SPEAKER_01,-1,
47128,SPEAKER_00,0,
47128,SPEAKER_01,0,
47128,SPEAKER_00,1,
47128,SPEAKER_01,1,
47128,SPEAKER_00,2,
47128,SPEAKER_01,2,
47128,SPEAKER_00,3,
47128,SPEAKER_01,3,
47128,SPEAKER_00,4,
47128,SPEAKER_01,4,
47128,SPEAKER_00,5,
47128,SPEAKER_01,5,
47128,SPEAKER_00,6,
47128,SPEAKER_01,6,
47128,SPEAKER_00,7,
47128,SPEAKER_01,7,
47128,SPEAKER_00,8,
47128,SPEAKER_01,8,
47128,SPEAKER_00,9,
47128,SPEAKER_01,9,
47128,SPEAKER_00,10,
47128,SPEAKER_01,10,
47128,SPEAKER_00,11,
47128,SPEAKER_01,11,
47128,SPEAKER_00,12,
47128,SPEAKER_01,12,
47128,SPEAKER_00,13,
47128,SPEAKER_01,13,
47128,SPEAKER_00,14,
47128,SPEAKER_01,14,
47128,SPEAKER_00,15,
47128,SPEAKER_01,15,
47137,SPEAKER_00,-15,
47137,SPEAKER_02,-15,
47137,SPEAKER_00,-14,
47137,SPEAKER_02,-14,
47137,SPEAKER_00,-13,
47137,SPEAKER_02,-13,
47137,SPEAKER_00,-12,
47137,SPEAKER_02,-12,
47137,SPEAKER_00,-11,
47137,SPEAKER_02,-11,
47137,SPEAKER_00,-10,
47137,SPEAKER_02,-10,
47137,SPEAKER_00,-9,
47137,SPEAKER_02,-9,
47137,SPEAKER_00,-8,
47137,SPEAKER_02,-8,
47137,SPEAKER_00,-7,
47137,SPEAKER_02,-7,
47137,SPEAKER_00,-6,
47137,SPEAKER_02,-6,
47137,SPEAKER_00,-5,
47137,SPEAKER_02,-5,
47137,SPEAKER_00,-4,
47137,SPEAKER_02,-4,
47137,SPEAKER_00,-3,
47137,SPEAKER_02,-3,
47137,SPEAKER_00,-2,
47137,SPEAKER_02,-2,
47137,SPEAKER_00,-1,
47137,SPEAKER_02,-1,
47137,SPEAKER_00,0,
47137,SPEAKER_02,0,
47137,SPEAKER_00,1,
47137,SPEAKER_02,1,
47137,SPEAKER_00,2,
47137,SPEAKER_02,2,
47137,SPEAKER_00,3,
47137,SPEAKER_02,3,
47137,SPEAKER_00,4,
47137,SPEAKER_02,4,
47137,SPEAKER_00,5,
47137,SPEAKER_02,5,
47137,SPEAKER_00,6,
47137,SPEAKER_02,6,
47137,SPEAKER_00,7,
47137,SPEAKER_02,7,
47137,SPEAKER_00,8,
47137,SPEAKER_02,8,
47137,SPEAKER_00,9,
47137,SPEAKER_02,9,
47137,SPEAKER_00,10,
47137,SPEAKER_02,10,
47137,SPEAKER_00,11,
47137,SPEAKER_02,11,
47137,SPEAKER_00,12,
47137,SPEAKER_02,12,
47137,SPEAKER_00,13,
47137,SPEAKER_02,13,
47137,SPEAKER_00,14,
47137,SPEAKER_02,14,
47137,SPEAKER_00,15,
47137,SPEAKER_02,15,
47144,SPEAKER_00,-15,
47144,SPEAKER_01,-15,
47144,SPEAKER_00,-14,
47144,SPEAKER_01,-14,
47144,SPEAKER_00,-13,
47144,SPEAKER_01,-13,
47144,SPEAKER_00,-12,
47144,SPEAKER_01,-12,
47144,SPEAKER_00,-11,
47144,SPEAKER_01,-11,
47144,SPEAKER_00,-10,
47144,SPEAKER_01,-10,
47144,SPEAKER_00,-9,
47144,SPEAKER_01,-9,
47144,SPEAKER_00,-8,
47144,SPEAKER_01,-8,
47144,SPEAKER_00,-7,
47144,SPEAKER_01,-7,
47144,SPEAKER_00,-6,
47144,SPEAKER_01,-6,
47144,SPEAKER_00,-5,
47144,SPEAKER_01,-5,
47144,SPEAKER_00,-4,
47144,SPEAKER_01,-4,
47144,SPEAKER_00,-3,
47144,SPEAKER_01,-3,
47144,SPEAKER_00,-2,
47144,SPEAKER_01,-2,
47144,SPEAKER_00,-1,
47144,SPEAKER_01,-1,
47144,SPEAKER_00,0,
47144,SPEAKER_01,0,
47144,SPEAKER_00,1,
47144,SPEAKER_01,1,
47144,SPEAKER_00,2,
47144,SPEAKER_01,2,
47144,SPEAKER_00,3,
47144,SPEAKER_01,3,
47144,SPEAKER_00,4,
47144,SPEAKER_01,4,
47144,SPEAKER_00,5,
47144,SPEAKER_01,5,
47144,SPEAKER_00,6,
47144,SPEAKER_01,6,
47144,SPEAKER_00,7,
47144,SPEAKER_01,7,
47144,SPEAKER_00,8,
47144,SPEAKER_01,8,
47144,SPEAKER_00,9,
47144,SPEAKER_01,9,
47144,SPEAKER_00,10,
47144,SPEAKER_01,10,
47144,SPEAKER_00,11,
47144,SPEAKER_01,11,
47144,SPEAKER_00,12,
47144,SPEAKER_01,12,
47144,SPEAKER_00,13,
47144,SPEAKER_01,13,
47144,SPEAKER_00,14,
47144,SPEAKER_01,14,
47144,SPEAKER_00,15,
47144,SPEAKER_01,15,
47147,SPEAKER_00,-15,
47147,SPEAKER_01,-15,
47147,SPEAKER_00,-14,
47147,SPEAKER_01,-14,
47147,SPEAKER_00,-13,
47147,SPEAKER_01,-13,
47147,SPEAKER_00,-12,
47147,SPEAKER_01,-12,
47147,SPEAKER_00,-11,
47147,SPEAKER_01,-11,
47147,SPEAKER_00,-10,
47147,SPEAKER_01,-10,
47147,SPEAKER_00,-9,
47147,SPEAKER_01,-9,
47147,SPEAKER_00,-8,
47147,SPEAKER_01,-8,
47147,SPEAKER_00,-7,
47147,SPEAKER_01,-7,
47147,SPEAKER_00,-6,
47147,SPEAKER_01,-6,
47147,SPEAKER_00,-5,
47147,SPEAKER_01,-5,
47147,SPEAKER_00,-4,
47147,SPEAKER_01,-4,
47147,SPEAKER_00,-3,
47147,SPEAKER_01,-3,
47147,SPEAKER_00,-2,
47147,SPEAKER_01,-2,
47147,SPEAKER_00,-1,
47147,SPEAKER_01,-1,
47147,SPEAKER_00,0,
47147,SPEAKER_01,0,
47147,SPEAKER_00,1,
47147,SPEAKER_01,1,
47147,SPEAKER_00,2,
47147,SPEAKER_01,2,
47147,SPEAKER_00,3,
47147,SPEAKER_01,3,
47147,SPEAKER_00,4,
47147,SPEAKER_01,4,
47147,SPEAKER_00,5,
47147,SPEAKER_01,5,
47147,SPEAKER_00,6,
47147,SPEAKER_01,6,
47147,SPEAKER_00,7,
47147,SPEAKER_01,7,
47147,SPEAKER_00,8,
47147,SPEAKER_01,8,
47147,SPEAKER_00,9,
47147,SPEAKER_01,9,
47147,SPEAKER_00,10,
47147,SPEAKER_01,10,
47147,SPEAKER_00,11,
47147,SPEAKER_01,11,
47147,SPEAKER_00,12,
47147,SPEAKER_01,12,
47147,SPEAKER_00,13,
47147,SPEAKER_01,13,
47147,SPEAKER_00,14,
47147,SPEAKER_01,14,
47147,SPEAKER_00,15,
47147,SPEAKER_01,15,
47148,SPEAKER_00,-15,
47148,SPEAKER_01,-15,
47148,SPEAKER_00,-14,
47148,SPEAKER_01,-14,
47148,SPEAKER_00,-13,
47148,SPEAKER_01,-13,
47148,SPEAKER_00,-12,
47148,SPEAKER_01,-12,
47148,SPEAKER_00,-11,
47148,SPEAKER_01,-11,
47148,SPEAKER_00,-10,
47148,SPEAKER_01,-10,
47148,SPEAKER_00,-9,
47148,SPEAKER_01,-9,
47148,SPEAKER_00,-8,
47148,SPEAKER_01,-8,
47148,SPEAKER_00,-7,
47148,SPEAKER_01,-7,
47148,SPEAKER_00,-6,
47148,SPEAKER_01,-6,
47148,SPEAKER_00,-5,
47148,SPEAKER_01,-5,
47148,SPEAKER_00,-4,
47148,SPEAKER_01,-4,
47148,SPEAKER_00,-3,
47148,SPEAKER_01,-3,
47148,SPEAKER_00,-2,
47148,SPEAKER_01,-2,
47148,SPEAKER_00,-1,
47148,SPEAKER_01,-1,
47148,SPEAKER_00,0,
47148,SPEAKER_01,0,
47148,SPEAKER_00,1,
47148,SPEAKER_01,1,
47148,SPEAKER_00,2,
47148,SPEAKER_01,2,
47148,SPEAKER_00,3,
47148,SPEAKER_01,3,
47148,SPEAKER_00,4,
47148,SPEAKER_01,4,
47148,SPEAKER_00,5,
47148,SPEAKER_01,5,
47148,SPEAKER_00,6,
47148,SPEAKER_01,6,
47148,SPEAKER_00,7,
47148,SPEAKER_01,7,
47148,SPEAKER_00,8,
47148,SPEAKER_01,8,
47148,SPEAKER_00,9,
47148,SPEAKER_01,9,
47148,SPEAKER_00,10,
47148,SPEAKER_01,10,
47148,SPEAKER_00,11,
47148,SPEAKER_01,11,
47148,SPEAKER_00,12,
47148,SPEAKER_01,12,
47148,SPEAKER_00,13,
47148,SPEAKER_01,13,
47148,SPEAKER_00,14,
47148,SPEAKER_01,14,
47148,SPEAKER_00,15,
47148,SPEAKER_01,15,
47159,SPEAKER_00,-15,
47159,SPEAKER_01,-15,
47159,SPEAKER_00,-14,
47159,SPEAKER_01,-14,
47159,SPEAKER_00,-13,
47159,SPEAKER_01,-13,
47159,SPEAKER_00,-12,
47159,SPEAKER_01,-12,
47159,SPEAKER_00,-11,
47159,SPEAKER_01,-11,
47159,SPEAKER_00,-10,
47159,SPEAKER_01,-10,
47159,SPEAKER_00,-9,
47159,SPEAKER_01,-9,
47159,SPEAKER_00,-8,
47159,SPEAKER_01,-8,
47159,SPEAKER_00,-7,
47159,SPEAKER_01,-7,
47159,SPEAKER_00,-6,
47159,SPEAKER_01,-6,
47159,SPEAKER_00,-5,
47159,SPEAKER_01,-5,
47159,SPEAKER_00,-4,
47159,SPEAKER_01,-4,
47159,SPEAKER_00,-3,
47159,SPEAKER_01,-3,
47159,SPEAKER_00,-2,
47159,SPEAKER_01,-2,
47159,SPEAKER_00,-1,0.9658283123425938
47159,SPEAKER_01,-1,0.7361278489427217
47159,SPEAKER_00,0,
47159,SPEAKER_01,0,
47159,SPEAKER_00,1,0.21175116851714215
47159,SPEAKER_01,1,0.19798320388126056
47159,SPEAKER_00,2,
47159,SPEAKER_01,2,
47159,SPEAKER_00,3,
47159,SPEAKER_01,3,
47159,SPEAKER_00,4,
47159,SPEAKER_01,4,
47159,SPEAKER_00,5,
47159,SPEAKER_01,5,
47159,SPEAKER_00,6,
47159,SPEAKER_01,6,
47159,SPEAKER_00,7,
47159,SPEAKER_01,7,
47159,SPEAKER_00,8,
47159,SPEAKER_01,8,
47159,SPEAKER_00,9,
47159,SPEAKER_01,9,
47159,SPEAKER_00,10,
47159,SPEAKER_01,10,
47159,SPEAKER_00,11,
47159,SPEAKER_01,11,
47159,SPEAKER_00,12,
47159,SPEAKER_01,12,
47159,SPEAKER_00,13,
47159,SPEAKER_01,13,
47159,SPEAKER_00,14,
47159,SPEAKER_01,14,
47159,SPEAKER_00,15,
47159,SPEAKER_01,15,
47162,SPEAKER_00,-15,
47162,SPEAKER_01,-15,
47162,SPEAKER_00,-14,
47162,SPEAKER_01,-14,
47162,SPEAKER_00,-13,
47162,SPEAKER_01,-13,
47162,SPEAKER_00,-12,
47162,SPEAKER_01,-12,
47162,SPEAKER_00,-11,
47162,SPEAKER_01,-11,
47162,SPEAKER_00,-10,
47162,SPEAKER_01,-10,
47162,SPEAKER_00,-9,
47162,SPEAKER_01,-9,
47162,SPEAKER_00,-8,
47162,SPEAKER_01,-8,
47162,SPEAKER_00,-7,
47162,SPEAKER_01,-7,
47162,SPEAKER_00,-6,
47162,SPEAKER_01,-6,
47162,SPEAKER_00,-5,
47162,SPEAKER_01,-5,
47162,SPEAKER_00,-4,
47162,SPEAKER_01,-4,
47162,SPEAKER_00,-3,
47162,SPEAKER_01,-3,
47162,SPEAKER_00,-2,
47162,SPEAKER_01,-2,
47162,SPEAKER_00,-1,
47162,SPEAKER_01,-1,
47162,SPEAKER_00,0,
47162,SPEAKER_01,0,
47162,SPEAKER_00,1,
47162,SPEAKER_01,1,
47162,SPEAKER_00,2,
47162,SPEAKER_01,2,
47162,SPEAKER_00,3,
47162,SPEAKER_01,3,
47162,SPEAKER_00,4,
47162,SPEAKER_01,4,
47162,SPEAKER_00,5,
47162,SPEAKER_01,5,
47162,SPEAKER_00,6,
47162,SPEAKER_01,6,
47162,SPEAKER_00,7,
47162,SPEAKER_01,7,
47162,SPEAKER_00,8,
47162,SPEAKER_01,8,
47162,SPEAKER_00,9,
47162,SPEAKER_01,9,
47162,SPEAKER_00,10,
47162,SPEAKER_01,10,
47162,SPEAKER_00,11,
47162,SPEAKER_01,11,
47162,SPEAKER_00,12,
47162,SPEAKER_01,12,
47162,SPEAKER_00,13,
47162,SPEAKER_01,13,
47162,SPEAKER_00,14,
47162,SPEAKER_01,14,
47162,SPEAKER_00,15,
47162,SPEAKER_01,15,
47164,SPEAKER_00,-15,
47164,SPEAKER_01,-15,
47164,SPEAKER_00,-14,
47164,SPEAKER_01,-14,
47164,SPEAKER_00,-13,
47164,SPEAKER_01,-13,
47164,SPEAKER_00,-12,
47164,SPEAKER_01,-12,
47164,SPEAKER_00,-11,
47164,SPEAKER_01,-11,
47164,SPEAKER_00,-10,
47164,SPEAKER_01,-10,
47164,SPEAKER_00,-9,
47164,SPEAKER_01,-9,
47164,SPEAKER_00,-8,
47164,SPEAKER_01,-8,
47164,SPEAKER_00,-7,
47164,SPEAKER_01,-7,
47164,SPEAKER_00,-6,
47164,SPEAKER_01,-6,
47164,SPEAKER_00,-5,
47164,SPEAKER_01,-5,
47164,SPEAKER_00,-4,
47164,SPEAKER_01,-4,
47164,SPEAKER_00,-3,
47164,SPEAKER_01,-3,
47164,SPEAKER_00,-2,
47164,SPEAKER_01,-2,
47164,SPEAKER_00,-1,
47164,SPEAKER_01,-1,
47164,SPEAKER_00,0,
47164,SPEAKER_01,0,
47164,SPEAKER_00,1,
47164,SPEAKER_01,1,
47164,SPEAKER_00,2,
47164,SPEAKER_01,2,
47164,SPEAKER_00,3,
47164,SPEAKER_01,3,
47164,SPEAKER_00,4,
47164,SPEAKER_01,4,
47164,SPEAKER_00,5,
47164,SPEAKER_01,5,
47164,SPEAKER_00,6,
47164,SPEAKER_01,6,
47164,SPEAKER_00,7,
47164,SPEAKER_01,7,
47164,SPEAKER_00,8,
47164,SPEAKER_01,8,
47164,SPEAKER_00,9,
47164,SPEAKER_01,9,
47164,SPEAKER_00,10,
47164,SPEAKER_01,10,
47164,SPEAKER_00,11,
47164,SPEAKER_01,11,
47164,SPEAKER_00,12,
47164,SPEAKER_01,12,
47164,SPEAKER_00,13,
47164,SPEAKER_01,13,
47164,SPEAKER_00,14,
47164,SPEAKER_01,14,
47164,SPEAKER_00,15,
47164,SPEAKER_01,15,
47168,SPEAKER_01,-15,
47168,SPEAKER_02,-15,
47168,SPEAKER_01,-14,
47168,SPEAKER_02,-14,
47168,SPEAKER_01,-13,
47168,SPEAKER_02,-13,
47168,SPEAKER_01,-12,
47168,SPEAKER_02,-12,
47168,SPEAKER_01,-11,
47168,SPEAKER_02,-11,
47168,SPEAKER_01,-10,
47168,SPEAKER_02,-10,
47168,SPEAKER_01,-9,
47168,SPEAKER_02,-9,
47168,SPEAKER_01,-8,
47168,SPEAKER_02,-8,
47168,SPEAKER_01,-7,
47168,SPEAKER_02,-7,
47168,SPEAKER_01,-6,
47168,SPEAKER_02,-6,
47168,SPEAKER_01,-5,
47168,SPEAKER_02,-5,
47168,SPEAKER_01,-4,
47168,SPEAKER_02,-4,
47168,SPEAKER_01,-3,
47168,SPEAKER_02,-3,
47168,SPEAKER_01,-2,
47168,SPEAKER_02,-2,
47168,SPEAKER_01,-1,
47168,SPEAKER_02,-1,
47168,SPEAKER_01,0,
47168,SPEAKER_02,0,
47168,SPEAKER_01,1,
47168,SPEAKER_02,1,
47168,SPEAKER_01,2,
47168,SPEAKER_02,2,
47168,SPEAKER_01,3,
47168,SPEAKER_02,3,
47168,SPEAKER_01,4,
47168,SPEAKER_02,4,
47168,SPEAKER_01,5,
47168,SPEAKER_02,5,
47168,SPEAKER_01,6,
47168,SPEAKER_02,6,
47168,SPEAKER_01,7,
47168,SPEAKER_02,7,
47168,SPEAKER_01,8,
47168,SPEAKER_02,8,
47168,SPEAKER_01,9,
47168,SPEAKER_02,9,
47168,SPEAKER_01,10,
47168,SPEAKER_02,10,
47168,SPEAKER_01,11,
47168,SPEAKER_02,11,
47168,SPEAKER_01,12,
47168,SPEAKER_02,12,
47168,SPEAKER_01,13,
47168,SPEAKER_02,13,
47168,SPEAKER_01,14,
47168,SPEAKER_02,14,
47168,SPEAKER_01,15,
47168,SPEAKER_02,15,
47213,SPEAKER_00,-15,
47213,SPEAKER_01,-15,
47213,SPEAKER_00,-14,
47213,SPEAKER_01,-14,
47213,SPEAKER_00,-13,
47213,SPEAKER_01,-13,
47213,SPEAKER_00,-12,
47213,SPEAKER_01,-12,
47213,SPEAKER_00,-11,
47213,SPEAKER_01,-11,
47213,SPEAKER_00,-10,
47213,SPEAKER_01,-10,
47213,SPEAKER_00,-9,
47213,SPEAKER_01,-9,
47213,SPEAKER_00,-8,
47213,SPEAKER_01,-8,
47213,SPEAKER_00,-7,
47213,SPEAKER_01,-7,
47213,SPEAKER_00,-6,
47213,SPEAKER_01,-6,
47213,SPEAKER_00,-5,
47213,SPEAKER_01,-5,
47213,SPEAKER_00,-4,
47213,SPEAKER_01,-4,
47213,SPEAKER_00,-3,
47213,SPEAKER_01,-3,
47213,SPEAKER_00,-2,
47213,SPEAKER_01,-2,
47213,SPEAKER_00,-1,
47213,SPEAKER_01,-1,
47213,SPEAKER_00,0,
47213,SPEAKER_01,0,
47213,SPEAKER_00,1,
47213,SPEAKER_01,1,
47213,SPEAKER_00,2,
47213,SPEAKER_01,2,
47213,SPEAKER_00,3,
47213,SPEAKER_01,3,
47213,SPEAKER_00,4,
47213,SPEAKER_01,4,
47213,SPEAKER_00,5,
47213,SPEAKER_01,5,
47213,SPEAKER_00,6,
47213,SPEAKER_01,6,
47213,SPEAKER_00,7,
47213,SPEAKER_01,7,
47213,SPEAKER_00,8,
47213,SPEAKER_01,8,
47213,SPEAKER_00,9,
47213,SPEAKER_01,9,
47213,SPEAKER_00,10,
47213,SPEAKER_01,10,
47213,SPEAKER_00,11,
47213,SPEAKER_01,11,
47213,SPEAKER_00,12,
47213,SPEAKER_01,12,
47213,SPEAKER_00,13,
47213,SPEAKER_01,13,
47213,SPEAKER_00,14,
47213,SPEAKER_01,14,
47213,SPEAKER_00,15,
47213,SPEAKER_01,15,
47243,SPEAKER_00,-15,
47243,SPEAKER_01,-15,
47243,SPEAKER_00,-14,
47243,SPEAKER_01,-14,
47243,SPEAKER_00,-13,
47243,SPEAKER_01,-13,
47243,SPEAKER_00,-12,
47243,SPEAKER_01,-12,
47243,SPEAKER_00,-11,
47243,SPEAKER_01,-11,
47243,SPEAKER_00,-10,
47243,SPEAKER_01,-10,
47243,SPEAKER_00,-9,
47243,SPEAKER_01,-9,
47243,SPEAKER_00,-8,
47243,SPEAKER_01,-8,
47243,SPEAKER_00,-7,
47243,SPEAKER_01,-7,
47243,SPEAKER_00,-6,
47243,SPEAKER_01,-6,
47243,SPEAKER_00,-5,
47243,SPEAKER_01,-5,
47243,SPEAKER_00,-4,
47243,SPEAKER_01,-4,
47243,SPEAKER_00,-3,
47243,SPEAKER_01,-3,
47243,SPEAKER_00,-2,
47243,SPEAKER_01,-2,
47243,SPEAKER_00,-1,0.012267177431045608
47243,SPEAKER_01,-1,0.13120056707833977
47243,SPEAKER_00,0,
47243,SPEAKER_01,0,
47243,SPEAKER_00,1,0.531206656833072
47243,SPEAKER_01,1,0.9085329209415584
47243,SPEAKER_00,2,
47243,SPEAKER_01,2,
47243,SPEAKER_00,3,
47243,SPEAKER_01,3,
47243,SPEAKER_00,4,
47243,SPEAKER_01,4,
47243,SPEAKER_00,5,
47243,SPEAKER_01,5,
47243,SPEAKER_00,6,
47243,SPEAKER_01,6,
47243,SPEAKER_00,7,
47243,SPEAKER_01,7,
47243,SPEAKER_00,8,
47243,SPEAKER_01,8,
47243,SPEAKER_00,9,
47243,SPEAKER_01,9,
47243,SPEAKER_00,10,
47243,SPEAKER_01,10,
47243,SPEAKER_00,11,
47243,SPEAKER_01,11,
47243,SPEAKER_00,12,
47243,SPEAKER_01,12,
47243,SPEAKER_00,13,
47243,SPEAKER_01,13,
47243,SPEAKER_00,14,
47243,SPEAKER_01,14,
47243,SPEAKER_00,15,
47243,SPEAKER_01,15,
47369,SPEAKER_01,-15,
47369,SPEAKER_02,-15,
47369,SPEAKER_01,-14,
47369,SPEAKER_02,-14,
47369,SPEAKER_01,-13,
47369,SPEAKER_02,-13,
47369,SPEAKER_01,-12,
47369,SPEAKER_02,-12,
47369,SPEAKER_01,-11,
47369,SPEAKER_02,-11,
47369,SPEAKER_01,-10,
47369,SPEAKER_02,-10,
47369,SPEAKER_01,-9,
47369,SPEAKER_02,-9,
47369,SPEAKER_01,-8,
47369,SPEAKER_02,-8,
47369,SPEAKER_01,-7,
47369,SPEAKER_02,-7,
47369,SPEAKER_01,-6,
47369,SPEAKER_02,-6,
47369,SPEAKER_01,-5,
47369,SPEAKER_02,-5,
47369,SPEAKER_01,-4,
47369,SPEAKER_02,-4,
47369,SPEAKER_01,-3,
47369,SPEAKER_02,-3,
47369,SPEAKER_01,-2,
47369,SPEAKER_02,-2,
47369,SPEAKER_01,-1,0.12488356392893156
47369,SPEAKER_02,-1,0.003119666064276703
47369,SPEAKER_01,0,
47369,SPEAKER_02,0,
47369,SPEAKER_01,1,0.18376373848692465
47369,SPEAKER_02,1,1.0122422271368812
47369,SPEAKER_01,2,
47369,SPEAKER_02,2,
47369,SPEAKER_01,3,
47369,SPEAKER_02,3,
47369,SPEAKER_01,4,
47369,SPEAKER_02,4,
47369,SPEAKER_01,5,
47369,SPEAKER_02,5,
47369,SPEAKER_01,6,
47369,SPEAKER_02,6,
47369,SPEAKER_01,7,
47369,SPEAKER_02,7,
47369,SPEAKER_01,8,
47369,SPEAKER_02,8,
47369,SPEAKER_01,9,
47369,SPEAKER_02,9,
47369,SPEAKER_01,10,
47369,SPEAKER_02,10,
47369,SPEAKER_01,11,
47369,SPEAKER_02,11,
47369,SPEAKER_01,12,
47369,SPEAKER_02,12,
47369,SPEAKER_01,13,
47369,SPEAKER_02,13,
47369,SPEAKER_01,14,
47369,SPEAKER_02,14,
47369,SPEAKER_01,15,
47369,SPEAKER_02,15,
48678,SPEAKER_00,-15,
48678,SPEAKER_03,-15,
48678,SPEAKER_00,-14,
48678,SPEAKER_03,-14,
48678,SPEAKER_00,-13,
48678,SPEAKER_03,-13,
48678,SPEAKER_00,-12,
48678,SPEAKER_03,-12,
48678,SPEAKER_00,-11,
48678,SPEAKER_03,-11,
48678,SPEAKER_00,-10,
48678,SPEAKER_03,-10,
48678,SPEAKER_00,-9,
48678,SPEAKER_03,-9,
48678,SPEAKER_00,-8,
48678,SPEAKER_03,-8,
48678,SPEAKER_00,-7,
48678,SPEAKER_03,-7,
48678,SPEAKER_00,-6,
48678,SPEAKER_03,-6,
48678,SPEAKER_00,-5,
48678,SPEAKER_03,-5,
48678,SPEAKER_00,-4,
48678,SPEAKER_03,-4,
48678,SPEAKER_00,-3,
48678,SPEAKER_03,-3,
48678,SPEAKER_00,-2,
48678,SPEAKER_03,-2,
48678,SPEAKER_00,-1,
48678,SPEAKER_03,-1,
48678,SPEAKER_00,0,
48678,SPEAKER_03,0,
48678,SPEAKER_00,1,
48678,SPEAKER_03,1,
48678,SPEAKER_00,2,
48678,SPEAKER_03,2,
48678,SPEAKER_00,3,
48678,SPEAKER_03,3,
48678,SPEAKER_00,4,
48678,SPEAKER_03,4,
48678,SPEAKER_00,5,
48678,SPEAKER_03,5,
48678,SPEAKER_00,6,
48678,SPEAKER_03,6,
48678,SPEAKER_00,7,
48678,SPEAKER_03,7,
48678,SPEAKER_00,8,
48678,SPEAKER_03,8,
48678,SPEAKER_00,9,
48678,SPEAKER_03,9,
48678,SPEAKER_00,10,
48678,SPEAKER_03,10,
48678,SPEAKER_00,11,
48678,SPEAKER_03,11,
48678,SPEAKER_00,12,
48678,SPEAKER_03,12,
48678,SPEAKER_00,13,
48678,SPEAKER_03,13,
48678,SPEAKER_00,14,
48678,SPEAKER_03,14,
48678,SPEAKER_00,15,
48678,SPEAKER_03,15,
48777,SPEAKER_01,-15,
48777,SPEAKER_02,-15,
48777,SPEAKER_01,-14,
48777,SPEAKER_02,-14,
48777,SPEAKER_01,-13,
48777,SPEAKER_02,-13,
48777,SPEAKER_01,-12,
48777,SPEAKER_02,-12,
48777,SPEAKER_01,-11,
48777,SPEAKER_02,-11,
48777,SPEAKER_01,-10,
48777,SPEAKER_02,-10,
48777,SPEAKER_01,-9,
48777,SPEAKER_02,-9,
48777,SPEAKER_01,-8,
48777,SPEAKER_02,-8,
48777,SPEAKER_01,-7,
48777,SPEAKER_02,-7,
48777,SPEAKER_01,-6,
48777,SPEAKER_02,-6,
48777,SPEAKER_01,-5,
48777,SPEAKER_02,-5,
48777,SPEAKER_01,-4,
48777,SPEAKER_02,-4,
48777,SPEAKER_01,-3,
48777,SPEAKER_02,-3,
48777,SPEAKER_01,-2,
48777,SPEAKER_02,-2,
48777,SPEAKER_01,-1,
48777,SPEAKER_02,-1,
48777,SPEAKER_01,0,
48777,SPEAKER_02,0,
48777,SPEAKER_01,1,
48777,SPEAKER_02,1,
48777,SPEAKER_01,2,
48777,SPEAKER_02,2,
48777,SPEAKER_01,3,
48777,SPEAKER_02,3,
48777,SPEAKER_01,4,
48777,SPEAKER_02,4,
48777,SPEAKER_01,5,
48777,SPEAKER_02,5,
48777,SPEAKER_01,6,
48777,SPEAKER_02,6,
48777,SPEAKER_01,7,
48777,SPEAKER_02,7,
48777,SPEAKER_01,8,
48777,SPEAKER_02,8,
48777,SPEAKER_01,9,
48777,SPEAKER_02,9,
48777,SPEAKER_01,10,
48777,SPEAKER_02,10,
48777,SPEAKER_01,11,
48777,SPEAKER_02,11,
48777,SPEAKER_01,12,
48777,SPEAKER_02,12,
48777,SPEAKER_01,13,
48777,SPEAKER_02,13,
48777,SPEAKER_01,14,
48777,SPEAKER_02,14,
48777,SPEAKER_01,15,
48777,SPEAKER_02,15,
48872,SPEAKER_00,-15,
48872,SPEAKER_01,-15,
48872,SPEAKER_00,-14,
48872,SPEAKER_01,-14,
48872,SPEAKER_00,-13,
48872,SPEAKER_01,-13,
48872,SPEAKER_00,-12,
48872,SPEAKER_01,-12,
48872,SPEAKER_00,-11,
48872,SPEAKER_01,-11,
48872,SPEAKER_00,-10,
48872,SPEAKER_01,-10,
48872,SPEAKER_00,-9,
48872,SPEAKER_01,-9,
48872,SPEAKER_00,-8,
48872,SPEAKER_01,-8,
48872,SPEAKER_00,-7,
48872,SPEAKER_01,-7,
48872,SPEAKER_00,-6,
48872,SPEAKER_01,-6,
48872,SPEAKER_00,-5,
48872,SPEAKER_01,-5,
48872,SPEAKER_00,-4,
48872,SPEAKER_01,-4,
48872,SPEAKER_00,-3,
48872,SPEAKER_01,-3,
48872,SPEAKER_00,-2,
48872,SPEAKER_01,-2,
48872,SPEAKER_00,-1,
48872,SPEAKER_01,-1,
48872,SPEAKER_00,0,
48872,SPEAKER_01,0,
48872,SPEAKER_00,1,
48872,SPEAKER_01,1,
48872,SPEAKER_00,2,
48872,SPEAKER_01,2,
48872,SPEAKER_00,3,
48872,SPEAKER_01,3,
48872,SPEAKER_00,4,
48872,SPEAKER_01,4,
48872,SPEAKER_00,5,
48872,SPEAKER_01,5,
48872,SPEAKER_00,6,
48872,SPEAKER_01,6,
48872,SPEAKER_00,7,
48872,SPEAKER_01,7,
48872,SPEAKER_00,8,
48872,SPEAKER_01,8,
48872,SPEAKER_00,9,
48872,SPEAKER_01,9,
48872,SPEAKER_00,10,
48872,SPEAKER_01,10,
48872,SPEAKER_00,11,
48872,SPEAKER_01,11,
48872,SPEAKER_00,12,
48872,SPEAKER_01,12,
48872,SPEAKER_00,13,
48872,SPEAKER_01,13,
48872,SPEAKER_00,14,
48872,SPEAKER_01,14,
48872,SPEAKER_00,15,
48872,SPEAKER_01,15,
48934,SPEAKER_01,-15,
48934,SPEAKER_02,-15,
48934,SPEAKER_01,-14,
48934,SPEAKER_02,-14,
48934,SPEAKER_01,-13,
48934,SPEAKER_02,-13,
48934,SPEAKER_01,-12,
48934,SPEAKER_02,-12,
48934,SPEAKER_01,-11,
48934,SPEAKER_02,-11,
48934,SPEAKER_01,-10,
48934,SPEAKER_02,-10,
48934,SPEAKER_01,-9,
48934,SPEAKER_02,-9,
48934,SPEAKER_01,-8,
48934,SPEAKER_02,-8,
48934,SPEAKER_01,-7,
48934,SPEAKER_02,-7,
48934,SPEAKER_01,-6,
48934,SPEAKER_02,-6,
48934,SPEAKER_01,-5,
48934,SPEAKER_02,-5,
48934,SPEAKER_01,-4,
48934,SPEAKER_02,-4,
48934,SPEAKER_01,-3,
48934,SPEAKER_02,-3,
48934,SPEAKER_01,-2,
48934,SPEAKER_02,-2,
48934,SPEAKER_01,-1,
48934,SPEAKER_02,-1,
48934,SPEAKER_01,0,
48934,SPEAKER_02,0,
48934,SPEAKER_01,1,
48934,SPEAKER_02,1,
48934,SPEAKER_01,2,
48934,SPEAKER_02,2,
48934,SPEAKER_01,3,
48934,SPEAKER_02,3,
48934,SPEAKER_01,4,
48934,SPEAKER_02,4,
48934,SPEAKER_01,5,
48934,SPEAKER_02,5,
48934,SPEAKER_01,6,
48934,SPEAKER_02,6,
48934,SPEAKER_01,7,
48934,SPEAKER_02,7,
48934,SPEAKER_01,8,
48934,SPEAKER_02,8,
48934,SPEAKER_01,9,
48934,SPEAKER_02,9,
48934,SPEAKER_01,10,
48934,SPEAKER_02,10,
48934,SPEAKER_01,11,
48934,SPEAKER_02,11,
48934,SPEAKER_01,12,
48934,SPEAKER_02,12,
48934,SPEAKER_01,13,
48934,SPEAKER_02,13,
48934,SPEAKER_01,14,
48934,SPEAKER_02,14,
48934,SPEAKER_01,15,
48934,SPEAKER_02,15,
48965,SPEAKER_00,-15,
48965,SPEAKER_01,-15,
48965,SPEAKER_00,-14,
48965,SPEAKER_01,-14,
48965,SPEAKER_00,-13,
48965,SPEAKER_01,-13,
48965,SPEAKER_00,-12,
48965,SPEAKER_01,-12,
48965,SPEAKER_00,-11,
48965,SPEAKER_01,-11,
48965,SPEAKER_00,-10,
48965,SPEAKER_01,-10,
48965,SPEAKER_00,-9,
48965,SPEAKER_01,-9,
48965,SPEAKER_00,-8,
48965,SPEAKER_01,-8,
48965,SPEAKER_00,-7,
48965,SPEAKER_01,-7,
48965,SPEAKER_00,-6,
48965,SPEAKER_01,-6,
48965,SPEAKER_00,-5,
48965,SPEAKER_01,-5,
48965,SPEAKER_00,-4,
48965,SPEAKER_01,-4,
48965,SPEAKER_00,-3,
48965,SPEAKER_01,-3,
48965,SPEAKER_00,-2,
48965,SPEAKER_01,-2,
48965,SPEAKER_00,-1,
48965,SPEAKER_01,-1,
48965,SPEAKER_00,0,
48965,SPEAKER_01,0,
48965,SPEAKER_00,1,
48965,SPEAKER_01,1,
48965,SPEAKER_00,2,
48965,SPEAKER_01,2,
48965,SPEAKER_00,3,
48965,SPEAKER_01,3,
48965,SPEAKER_00,4,
48965,SPEAKER_01,4,
48965,SPEAKER_00,5,
48965,SPEAKER_01,5,
48965,SPEAKER_00,6,
48965,SPEAKER_01,6,
48965,SPEAKER_00,7,
48965,SPEAKER_01,7,
48965,SPEAKER_00,8,
48965,SPEAKER_01,8,
48965,SPEAKER_00,9,
48965,SPEAKER_01,9,
48965,SPEAKER_00,10,
48965,SPEAKER_01,10,
48965,SPEAKER_00,11,
48965,SPEAKER_01,11,
48965,SPEAKER_00,12,
48965,SPEAKER_01,12,
48965,SPEAKER_00,13,
48965,SPEAKER_01,13,
48965,SPEAKER_00,14,
48965,SPEAKER_01,14,
48965,SPEAKER_00,15,
48965,SPEAKER_01,15,
48991,SPEAKER_00,-15,
48991,SPEAKER_01,-15,
48991,SPEAKER_00,-14,
48991,SPEAKER_01,-14,
48991,SPEAKER_00,-13,
48991,SPEAKER_01,-13,
48991,SPEAKER_00,-12,
48991,SPEAKER_01,-12,
48991,SPEAKER_00,-11,
48991,SPEAKER_01,-11,
48991,SPEAKER_00,-10,
48991,SPEAKER_01,-10,
48991,SPEAKER_00,-9,
48991,SPEAKER_01,-9,
48991,SPEAKER_00,-8,
48991,SPEAKER_01,-8,
48991,SPEAKER_00,-7,
48991,SPEAKER_01,-7,
48991,SPEAKER_00,-6,
48991,SPEAKER_01,-6,
48991,SPEAKER_00,-5,
48991,SPEAKER_01,-5,
48991,SPEAKER_00,-4,
48991,SPEAKER_01,-4,
48991,SPEAKER_00,-3,
48991,SPEAKER_01,-3,
48991,SPEAKER_00,-2,
48991,SPEAKER_01,-2,
48991,SPEAKER_00,-1,
48991,SPEAKER_01,-1,
48991,SPEAKER_00,0,
48991,SPEAKER_01,0,
48991,SPEAKER_00,1,
48991,SPEAKER_01,1,
48991,SPEAKER_00,2,
48991,SPEAKER_01,2,
48991,SPEAKER_00,3,
48991,SPEAKER_01,3,
48991,SPEAKER_00,4,
48991,SPEAKER_01,4,
48991,SPEAKER_00,5,
48991,SPEAKER_01,5,
48991,SPEAKER_00,6,
48991,SPEAKER_01,6,
48991,SPEAKER_00,7,
48991,SPEAKER_01,7,
48991,SPEAKER_00,8,
48991,SPEAKER_01,8,
48991,SPEAKER_00,9,
48991,SPEAKER_01,9,
48991,SPEAKER_00,10,
48991,SPEAKER_01,10,
48991,SPEAKER_00,11,
48991,SPEAKER_01,11,
48991,SPEAKER_00,12,
48991,SPEAKER_01,12,
48991,SPEAKER_00,13,
48991,SPEAKER_01,13,
48991,SPEAKER_00,14,
48991,SPEAKER_01,14,
48991,SPEAKER_00,15,
48991,SPEAKER_01,15,
49122,SPEAKER_00,-15,
49122,SPEAKER_01,-15,
49122,SPEAKER_00,-14,
49122,SPEAKER_01,-14,
49122,SPEAKER_00,-13,
49122,SPEAKER_01,-13,
49122,SPEAKER_00,-12,
49122,SPEAKER_01,-12,
49122,SPEAKER_00,-11,
49122,SPEAKER_01,-11,
49122,SPEAKER_00,-10,
49122,SPEAKER_01,-10,
49122,SPEAKER_00,-9,
49122,SPEAKER_01,-9,
49122,SPEAKER_00,-8,
49122,SPEAKER_01,-8,
49122,SPEAKER_00,-7,
49122,SPEAKER_01,-7,
49122,SPEAKER_00,-6,
49122,SPEAKER_01,-6,
49122,SPEAKER_00,-5,
49122,SPEAKER_01,-5,
49122,SPEAKER_00,-4,
49122,SPEAKER_01,-4,
49122,SPEAKER_00,-3,
49122,SPEAKER_01,-3,
49122,SPEAKER_00,-2,
49122,SPEAKER_01,-2,
49122,SPEAKER_00,-1,
49122,SPEAKER_01,-1,
49122,SPEAKER_00,0,
49122,SPEAKER_01,0,
49122,SPEAKER_00,1,
49122,SPEAKER_01,1,
49122,SPEAKER_00,2,
49122,SPEAKER_01,2,
49122,SPEAKER_00,3,
49122,SPEAKER_01,3,
49122,SPEAKER_00,4,
49122,SPEAKER_01,4,
49122,SPEAKER_00,5,
49122,SPEAKER_01,5,
49122,SPEAKER_00,6,
49122,SPEAKER_01,6,
49122,SPEAKER_00,7,
49122,SPEAKER_01,7,
49122,SPEAKER_00,8,
49122,SPEAKER_01,8,
49122,SPEAKER_00,9,
49122,SPEAKER_01,9,
49122,SPEAKER_00,10,
49122,SPEAKER_01,10,
49122,SPEAKER_00,11,
49122,SPEAKER_01,11,
49122,SPEAKER_00,12,
49122,SPEAKER_01,12,
49122,SPEAKER_00,13,
49122,SPEAKER_01,13,
49122,SPEAKER_00,14,
49122,SPEAKER_01,14,
49122,SPEAKER_00,15,
49122,SPEAKER_01,15,
49220,SPEAKER_00,-15,
49220,SPEAKER_01,-15,
49220,SPEAKER_00,-14,
49220,SPEAKER_01,-14,
49220,SPEAKER_00,-13,
49220,SPEAKER_01,-13,
49220,SPEAKER_00,-12,
49220,SPEAKER_01,-12,
49220,SPEAKER_00,-11,
49220,SPEAKER_01,-11,
49220,SPEAKER_00,-10,
49220,SPEAKER_01,-10,
49220,SPEAKER_00,-9,
49220,SPEAKER_01,-9,
49220,SPEAKER_00,-8,
49220,SPEAKER_01,-8,
49220,SPEAKER_00,-7,
49220,SPEAKER_01,-7,
49220,SPEAKER_00,-6,
49220,SPEAKER_01,-6,
49220,SPEAKER_00,-5,
49220,SPEAKER_01,-5,
49220,SPEAKER_00,-4,
49220,SPEAKER_01,-4,
49220,SPEAKER_00,-3,8.34712507842441
49220,SPEAKER_01,-3,3.200569734077195
49220,SPEAKER_00,-2,
49220,SPEAKER_01,-2,
49220,SPEAKER_00,-1,0.2771466014816866
49220,SPEAKER_01,-1,1.7768002934534504
49220,SPEAKER_00,0,
49220,SPEAKER_01,0,
49220,SPEAKER_00,1,0.8451843051301787
49220,SPEAKER_01,1,0.021153652532964282
49220,SPEAKER_00,2,
49220,SPEAKER_01,2,
49220,SPEAKER_00,3,2.0634968182572897
49220,SPEAKER_01,3,0.7546874523713932
49220,SPEAKER_00,4,
49220,SPEAKER_01,4,
49220,SPEAKER_00,5,
49220,SPEAKER_01,5,
49220,SPEAKER_00,6,
49220,SPEAKER_01,6,
49220,SPEAKER_00,7,
49220,SPEAKER_01,7,
49220,SPEAKER_00,8,
49220,SPEAKER_01,8,
49220,SPEAKER_00,9,
49220,SPEAKER_01,9,
49220,SPEAKER_00,10,
49220,SPEAKER_01,10,
49220,SPEAKER_00,11,
49220,SPEAKER_01,11,
49220,SPEAKER_00,12,
49220,SPEAKER_01,12,
49220,SPEAKER_00,13,
49220,SPEAKER_01,13,
49220,SPEAKER_00,14,
49220,SPEAKER_01,14,
49220,SPEAKER_00,15,
49220,SPEAKER_01,15,
49224,SPEAKER_00,-15,
49224,SPEAKER_01,-15,
49224,SPEAKER_00,-14,
49224,SPEAKER_01,-14,
49224,SPEAKER_00,-13,
49224,SPEAKER_01,-13,
49224,SPEAKER_00,-12,
49224,SPEAKER_01,-12,
49224,SPEAKER_00,-11,
49224,SPEAKER_01,-11,
49224,SPEAKER_00,-10,
49224,SPEAKER_01,-10,
49224,SPEAKER_00,-9,
49224,SPEAKER_01,-9,
49224,SPEAKER_00,-8,
49224,SPEAKER_01,-8,
49224,SPEAKER_00,-7,
49224,SPEAKER_01,-7,
49224,SPEAKER_00,-6,
49224,SPEAKER_01,-6,
49224,SPEAKER_00,-5,0.3049620662487699
49224,SPEAKER_01,-5,0.15956919476649276
49224,SPEAKER_00,-4,
49224,SPEAKER_01,-4,
49224,SPEAKER_00,-3,0.892775752122308
49224,SPEAKER_01,-3,0.1002147790443173
49224,SPEAKER_00,-2,
49224,SPEAKER_01,-2,
49224,SPEAKER_00,-1,2.5743084818896893
49224,SPEAKER_01,-1,0.6219628254715631
49224,SPEAKER_00,0,
49224,SPEAKER_01,0,
49224,SPEAKER_00,1,0.006113317265418739
49224,SPEAKER_01,1,0.44037890478922387
49224,SPEAKER_00,2,
49224,SPEAKER_01,2,
49224,SPEAKER_00,3,0.10083988930380718
49224,SPEAKER_01,3,2.372265474009221
49224,SPEAKER_00,4,
49224,SPEAKER_01,4,
49224,SPEAKER_00,5,1.1942139133140948
49224,SPEAKER_01,5,0.0440057156447253
49224,SPEAKER_00,6,
49224,SPEAKER_01,6,
49224,SPEAKER_00,7,
49224,SPEAKER_01,7,
49224,SPEAKER_00,8,
49224,SPEAKER_01,8,
49224,SPEAKER_00,9,
49224,SPEAKER_01,9,
49224,SPEAKER_00,10,
49224,SPEAKER_01,10,
49224,SPEAKER_00,11,
49224,SPEAKER_01,11,
49224,SPEAKER_00,12,
49224,SPEAKER_01,12,
49224,SPEAKER_00,13,
49224,SPEAKER_01,13,
49224,SPEAKER_00,14,
49224,SPEAKER_01,14,
49224,SPEAKER_00,15,
49224,SPEAKER_01,15,
49226,SPEAKER_00,-15,
49226,SPEAKER_01,-15,
49226,SPEAKER_00,-14,
49226,SPEAKER_01,-14,
49226,SPEAKER_00,-13,
49226,SPEAKER_01,-13,
49226,SPEAKER_00,-12,
49226,SPEAKER_01,-12,
49226,SPEAKER_00,-11,
49226,SPEAKER_01,-11,
49226,SPEAKER_00,-10,
49226,SPEAKER_01,-10,
49226,SPEAKER_00,-9,0.027620956438272788
49226,SPEAKER_01,-9,1.1727126429389623
49226,SPEAKER_00,-8,
49226,SPEAKER_01,-8,
49226,SPEAKER_00,-7,0.18445286852174542
49226,SPEAKER_01,-7,0.0014197585251254276
49226,SPEAKER_00,-6,
49226,SPEAKER_01,-6,
49226,SPEAKER_00,-5,1.1596190182541903
49226,SPEAKER_01,-5,8.80611810558747
49226,SPEAKER_00,-4,
49226,SPEAKER_01,-4,
49226,SPEAKER_00,-3,3.3396780744338574
49226,SPEAKER_01,-3,3.675481146580286
49226,SPEAKER_00,-2,
49226,SPEAKER_01,-2,
49226,SPEAKER_00,-1,0.1120138846461069
49226,SPEAKER_01,-1,0.5501608491787451
49226,SPEAKER_00,0,
49226,SPEAKER_01,0,
49226,SPEAKER_00,1,3.0125475077706754
49226,SPEAKER_01,1,1.0064333181716425
49226,SPEAKER_00,2,
49226,SPEAKER_01,2,
49226,SPEAKER_00,3,1.9168698997228528
49226,SPEAKER_01,3,8.90976302424387
49226,SPEAKER_00,4,
49226,SPEAKER_01,4,
49226,SPEAKER_00,5,0.6855168026711321
49226,SPEAKER_01,5,0.09121912864816134
49226,SPEAKER_00,6,
49226,SPEAKER_01,6,
49226,SPEAKER_00,7,0.8271796659568472
49226,SPEAKER_01,7,0.013711777125918508
49226,SPEAKER_00,8,
49226,SPEAKER_01,8,
49226,SPEAKER_00,9,2.9999698099391092
49226,SPEAKER_01,9,0.3853558580371558
49226,SPEAKER_00,10,
49226,SPEAKER_01,10,
49226,SPEAKER_00,11,
49226,SPEAKER_01,11,
49226,SPEAKER_00,12,
49226,SPEAKER_01,12,
49226,SPEAKER_00,13,
49226,SPEAKER_01,13,
49226,SPEAKER_00,14,
49226,SPEAKER_01,14,
49226,SPEAKER_00,15,
49226,SPEAKER_01,15,
49228,SPEAKER_00,-15,
49228,SPEAKER_01,-15,
49228,SPEAKER_00,-14,
49228,SPEAKER_01,-14,
49228,SPEAKER_00,-13,
49228,SPEAKER_01,-13,
49228,SPEAKER_00,-12,
49228,SPEAKER_01,-12,
49228,SPEAKER_00,-11,
49228,SPEAKER_01,-11,
49228,SPEAKER_00,-10,
49228,SPEAKER_01,-10,
49228,SPEAKER_00,-9,
49228,SPEAKER_01,-9,
49228,SPEAKER_00,-8,
49228,SPEAKER_01,-8,
49228,SPEAKER_00,-7,0.16518487794939882
49228,SPEAKER_01,-7,3.9736458662112265e-05
49228,SPEAKER_00,-6,
49228,SPEAKER_01,-6,
49228,SPEAKER_00,-5,0.18683337600517352
49228,SPEAKER_01,-5,0.7155198674419824
49228,SPEAKER_00,-4,
49228,SPEAKER_01,-4,
49228,SPEAKER_00,-3,0.38575319457123847
49228,SPEAKER_01,-3,0.10360000277873331
49228,SPEAKER_00,-2,
49228,SPEAKER_01,-2,
49228,SPEAKER_00,-1,0.08183546632582482
49228,SPEAKER_01,-1,2.118506243280562
49228,SPEAKER_00,0,
49228,SPEAKER_01,0,
49228,SPEAKER_00,1,0.7978325443300291
49228,SPEAKER_01,1,0.3270371243207938
49228,SPEAKER_00,2,
49228,SPEAKER_01,2,
49228,SPEAKER_00,3,1.370806240899385
49228,SPEAKER_01,3,1.0694517149081533
49228,SPEAKER_00,4,
49228,SPEAKER_01,4,
49228,SPEAKER_00,5,1.8350158100318645
49228,SPEAKER_01,5,0.08507666851503737
49228,SPEAKER_00,6,
49228,SPEAKER_01,6,
49228,SPEAKER_00,7,0.02542994434351532
49228,SPEAKER_01,7,0.25776510136468433
49228,SPEAKER_00,8,
49228,SPEAKER_01,8,
49228,SPEAKER_00,9,
49228,SPEAKER_01,9,
49228,SPEAKER_00,10,
49228,SPEAKER_01,10,
49228,SPEAKER_00,11,
49228,SPEAKER_01,11,
49228,SPEAKER_00,12,
49228,SPEAKER_01,12,
49228,SPEAKER_00,13,
49228,SPEAKER_01,13,
49228,SPEAKER_00,14,
49228,SPEAKER_01,14,
49228,SPEAKER_00,15,
49228,SPEAKER_01,15,
49229,SPEAKER_00,-15,
49229,SPEAKER_01,-15,
49229,SPEAKER_00,-14,
49229,SPEAKER_01,-14,
49229,SPEAKER_00,-13,
49229,SPEAKER_01,-13,
49229,SPEAKER_00,-12,
49229,SPEAKER_01,-12,
49229,SPEAKER_00,-11,
49229,SPEAKER_01,-11,
49229,SPEAKER_00,-10,
49229,SPEAKER_01,-10,
49229,SPEAKER_00,-9,
49229,SPEAKER_01,-9,
49229,SPEAKER_00,-8,
49229,SPEAKER_01,-8,
49229,SPEAKER_00,-7,
49229,SPEAKER_01,-7,
49229,SPEAKER_00,-6,
49229,SPEAKER_01,-6,
49229,SPEAKER_00,-5,
49229,SPEAKER_01,-5,
49229,SPEAKER_00,-4,
49229,SPEAKER_01,-4,
49229,SPEAKER_00,-3,
49229,SPEAKER_01,-3,
49229,SPEAKER_00,-2,
49229,SPEAKER_01,-2,
49229,SPEAKER_00,-1,0.7694969095604586
49229,SPEAKER_01,-1,0.06435963024100438
49229,SPEAKER_00,0,
49229,SPEAKER_01,0,
49229,SPEAKER_00,1,1.2947041777428179
49229,SPEAKER_01,1,2.0896865611817863
49229,SPEAKER_00,2,
49229,SPEAKER_01,2,
49229,SPEAKER_00,3,
49229,SPEAKER_01,3,
49229,SPEAKER_00,4,
49229,SPEAKER_01,4,
49229,SPEAKER_00,5,
49229,SPEAKER_01,5,
49229,SPEAKER_00,6,
49229,SPEAKER_01,6,
49229,SPEAKER_00,7,
49229,SPEAKER_01,7,
49229,SPEAKER_00,8,
49229,SPEAKER_01,8,
49229,SPEAKER_00,9,
49229,SPEAKER_01,9,
49229,SPEAKER_00,10,
49229,SPEAKER_01,10,
49229,SPEAKER_00,11,
49229,SPEAKER_01,11,
49229,SPEAKER_00,12,
49229,SPEAKER_01,12,
49229,SPEAKER_00,13,
49229,SPEAKER_01,13,
49229,SPEAKER_00,14,
49229,SPEAKER_01,14,
49229,SPEAKER_00,15,
49229,SPEAKER_01,15,
49231,SPEAKER_00,-15,
49231,SPEAKER_01,-15,
49231,SPEAKER_00,-14,
49231,SPEAKER_01,-14,
49231,SPEAKER_00,-13,
49231,SPEAKER_01,-13,
49231,SPEAKER_00,-12,
49231,SPEAKER_01,-12,
49231,SPEAKER_00,-11,
49231,SPEAKER_01,-11,
49231,SPEAKER_00,-10,
49231,SPEAKER_01,-10,
49231,SPEAKER_00,-9,
49231,SPEAKER_01,-9,
49231,SPEAKER_00,-8,
49231,SPEAKER_01,-8,
49231,SPEAKER_00,-7,
49231,SPEAKER_01,-7,
49231,SPEAKER_00,-6,
49231,SPEAKER_01,-6,
49231,SPEAKER_00,-5,
49231,SPEAKER_01,-5,
49231,SPEAKER_00,-4,
49231,SPEAKER_01,-4,
49231,SPEAKER_00,-3,
49231,SPEAKER_01,-3,
49231,SPEAKER_00,-2,
49231,SPEAKER_01,-2,
49231,SPEAKER_00,-1,
49231,SPEAKER_01,-1,
49231,SPEAKER_00,0,
49231,SPEAKER_01,0,
49231,SPEAKER_00,1,
49231,SPEAKER_01,1,
49231,SPEAKER_00,2,
49231,SPEAKER_01,2,
49231,SPEAKER_00,3,
49231,SPEAKER_01,3,
49231,SPEAKER_00,4,
49231,SPEAKER_01,4,
49231,SPEAKER_00,5,
49231,SPEAKER_01,5,
49231,SPEAKER_00,6,
49231,SPEAKER_01,6,
49231,SPEAKER_00,7,
49231,SPEAKER_01,7,
49231,SPEAKER_00,8,
49231,SPEAKER_01,8,
49231,SPEAKER_00,9,
49231,SPEAKER_01,9,
49231,SPEAKER_00,10,
49231,SPEAKER_01,10,
49231,SPEAKER_00,11,
49231,SPEAKER_01,11,
49231,SPEAKER_00,12,
49231,SPEAKER_01,12,
49231,SPEAKER_00,13,
49231,SPEAKER_01,13,
49231,SPEAKER_00,14,
49231,SPEAKER_01,14,
49231,SPEAKER_00,15,
49231,SPEAKER_01,15,
49233,SPEAKER_00,-15,3.76659415014189
49233,SPEAKER_01,-15,
49233,SPEAKER_00,-14,
49233,SPEAKER_01,-14,
49233,SPEAKER_00,-13,0.028282554240387153
49233,SPEAKER_01,-13,
49233,SPEAKER_00,-12,
49233,SPEAKER_01,-12,
49233,SPEAKER_00,-11,
49233,SPEAKER_01,-11,
49233,SPEAKER_00,-10,
49233,SPEAKER_01,-10,
49233,SPEAKER_00,-9,
49233,SPEAKER_01,-9,
49233,SPEAKER_00,-8,
49233,SPEAKER_01,-8,
49233,SPEAKER_00,-7,
49233,SPEAKER_01,-7,
49233,SPEAKER_00,-6,0.6833094503351785
49233,SPEAKER_01,-6,
49233,SPEAKER_00,-5,
49233,SPEAKER_01,-5,
49233,SPEAKER_00,-4,
49233,SPEAKER_01,-4,
49233,SPEAKER_00,-3,2.421265167330149
49233,SPEAKER_01,-3,3.232667622781419
49233,SPEAKER_00,-2,
49233,SPEAKER_01,-2,
49233,SPEAKER_00,-1,1.9249832831135738
49233,SPEAKER_01,-1,2.0669845657737516
49233,SPEAKER_00,0,
49233,SPEAKER_01,0,
49233,SPEAKER_00,1,6.4626009805525895
49233,SPEAKER_01,1,1.19573098103844
49233,SPEAKER_00,2,
49233,SPEAKER_01,2,
49233,SPEAKER_00,3,4.551915674249206
49233,SPEAKER_01,3,3.98152213109121
49233,SPEAKER_00,4,
49233,SPEAKER_01,4,
49233,SPEAKER_00,5,
49233,SPEAKER_01,5,
49233,SPEAKER_00,6,
49233,SPEAKER_01,6,0.14762861438516162
49233,SPEAKER_00,7,
49233,SPEAKER_01,7,
49233,SPEAKER_00,8,
49233,SPEAKER_01,8,
49233,SPEAKER_00,9,
49233,SPEAKER_01,9,
49233,SPEAKER_00,10,
49233,SPEAKER_01,10,
49233,SPEAKER_00,11,
49233,SPEAKER_01,11,
49233,SPEAKER_00,12,
49233,SPEAKER_01,12,
49233,SPEAKER_00,13,
49233,SPEAKER_01,13,0.08158573362861425
49233,SPEAKER_00,14,
49233,SPEAKER_01,14,
49233,SPEAKER_00,15,
49233,SPEAKER_01,15,1.2238685589946237
49315,SPEAKER_00,-15,
49315,SPEAKER_01,-15,
49315,SPEAKER_00,-14,
49315,SPEAKER_01,-14,
49315,SPEAKER_00,-13,
49315,SPEAKER_01,-13,
49315,SPEAKER_00,-12,
49315,SPEAKER_01,-12,
49315,SPEAKER_00,-11,
49315,SPEAKER_01,-11,
49315,SPEAKER_00,-10,
49315,SPEAKER_01,-10,
49315,SPEAKER_00,-9,
49315,SPEAKER_01,-9,
49315,SPEAKER_00,-8,
49315,SPEAKER_01,-8,
49315,SPEAKER_00,-7,
49315,SPEAKER_01,-7,
49315,SPEAKER_00,-6,
49315,SPEAKER_01,-6,
49315,SPEAKER_00,-5,
49315,SPEAKER_01,-5,
49315,SPEAKER_00,-4,
49315,SPEAKER_01,-4,
49315,SPEAKER_00,-3,
49315,SPEAKER_01,-3,
49315,SPEAKER_00,-2,
49315,SPEAKER_01,-2,
49315,SPEAKER_00,-1,0.7586634609332029
49315,SPEAKER_01,-1,0.006345414543070718
49315,SPEAKER_00,0,
49315,SPEAKER_01,0,
49315,SPEAKER_00,1,0.14065159156285045
49315,SPEAKER_01,1,0.3680440364677748
49315,SPEAKER_00,2,
49315,SPEAKER_01,2,
49315,SPEAKER_00,3,
49315,SPEAKER_01,3,
49315,SPEAKER_00,4,
49315,SPEAKER_01,4,
49315,SPEAKER_00,5,
49315,SPEAKER_01,5,
49315,SPEAKER_00,6,
49315,SPEAKER_01,6,
49315,SPEAKER_00,7,
49315,SPEAKER_01,7,
49315,SPEAKER_00,8,
49315,SPEAKER_01,8,
49315,SPEAKER_00,9,
49315,SPEAKER_01,9,
49315,SPEAKER_00,10,
49315,SPEAKER_01,10,
49315,SPEAKER_00,11,
49315,SPEAKER_01,11,
49315,SPEAKER_00,12,
49315,SPEAKER_01,12,
49315,SPEAKER_00,13,
49315,SPEAKER_01,13,
49315,SPEAKER_00,14,
49315,SPEAKER_01,14,
49315,SPEAKER_00,15,
49315,SPEAKER_01,15,
49455,SPEAKER_00,-15,
49455,SPEAKER_01,-15,
49455,SPEAKER_00,-14,
49455,SPEAKER_01,-14,
49455,SPEAKER_00,-13,
49455,SPEAKER_01,-13,
49455,SPEAKER_00,-12,
49455,SPEAKER_01,-12,
49455,SPEAKER_00,-11,
49455,SPEAKER_01,-11,
49455,SPEAKER_00,-10,
49455,SPEAKER_01,-10,
49455,SPEAKER_00,-9,
49455,SPEAKER_01,-9,
49455,SPEAKER_00,-8,
49455,SPEAKER_01,-8,
49455,SPEAKER_00,-7,
49455,SPEAKER_01,-7,
49455,SPEAKER_00,-6,
49455,SPEAKER_01,-6,
49455,SPEAKER_00,-5,
49455,SPEAKER_01,-5,
49455,SPEAKER_00,-4,
49455,SPEAKER_01,-4,
49455,SPEAKER_00,-3,
49455,SPEAKER_01,-3,
49455,SPEAKER_00,-2,
49455,SPEAKER_01,-2,
49455,SPEAKER_00,-1,1.2579026690257056
49455,SPEAKER_01,-1,0.9078263253738955
49455,SPEAKER_00,0,
49455,SPEAKER_01,0,
49455,SPEAKER_00,1,1.3732043518723223
49455,SPEAKER_01,1,2.3530034046989288
49455,SPEAKER_00,2,
49455,SPEAKER_01,2,
49455,SPEAKER_00,3,
49455,SPEAKER_01,3,
49455,SPEAKER_00,4,
49455,SPEAKER_01,4,
49455,SPEAKER_00,5,
49455,SPEAKER_01,5,
49455,SPEAKER_00,6,
49455,SPEAKER_01,6,
49455,SPEAKER_00,7,
49455,SPEAKER_01,7,
49455,SPEAKER_00,8,
49455,SPEAKER_01,8,
49455,SPEAKER_00,9,
49455,SPEAKER_01,9,
49455,SPEAKER_00,10,
49455,SPEAKER_01,10,
49455,SPEAKER_00,11,
49455,SPEAKER_01,11,
49455,SPEAKER_00,12,
49455,SPEAKER_01,12,
49455,SPEAKER_00,13,
49455,SPEAKER_01,13,
49455,SPEAKER_00,14,
49455,SPEAKER_01,14,
49455,SPEAKER_00,15,
49455,SPEAKER_01,15,
49515,SPEAKER_00,-15,
49515,SPEAKER_01,-15,
49515,SPEAKER_00,-14,
49515,SPEAKER_01,-14,
49515,SPEAKER_00,-13,
49515,SPEAKER_01,-13,
49515,SPEAKER_00,-12,
49515,SPEAKER_01,-12,
49515,SPEAKER_00,-11,
49515,SPEAKER_01,-11,
49515,SPEAKER_00,-10,
49515,SPEAKER_01,-10,
49515,SPEAKER_00,-9,
49515,SPEAKER_01,-9,
49515,SPEAKER_00,-8,
49515,SPEAKER_01,-8,
49515,SPEAKER_00,-7,
49515,SPEAKER_01,-7,
49515,SPEAKER_00,-6,
49515,SPEAKER_01,-6,
49515,SPEAKER_00,-5,
49515,SPEAKER_01,-5,
49515,SPEAKER_00,-4,
49515,SPEAKER_01,-4,
49515,SPEAKER_00,-3,
49515,SPEAKER_01,-3,
49515,SPEAKER_00,-2,
49515,SPEAKER_01,-2,
49515,SPEAKER_00,-1,
49515,SPEAKER_01,-1,
49515,SPEAKER_00,0,
49515,SPEAKER_01,0,
49515,SPEAKER_00,1,
49515,SPEAKER_01,1,
49515,SPEAKER_00,2,
49515,SPEAKER_01,2,
49515,SPEAKER_00,3,
49515,SPEAKER_01,3,
49515,SPEAKER_00,4,
49515,SPEAKER_01,4,
49515,SPEAKER_00,5,
49515,SPEAKER_01,5,
49515,SPEAKER_00,6,
49515,SPEAKER_01,6,
49515,SPEAKER_00,7,
49515,SPEAKER_01,7,
49515,SPEAKER_00,8,
49515,SPEAKER_01,8,
49515,SPEAKER_00,9,
49515,SPEAKER_01,9,
49515,SPEAKER_00,10,
49515,SPEAKER_01,10,
49515,SPEAKER_00,11,
49515,SPEAKER_01,11,
49515,SPEAKER_00,12,
49515,SPEAKER_01,12,
49515,SPEAKER_00,13,
49515,SPEAKER_01,13,
49515,SPEAKER_00,14,
49515,SPEAKER_01,14,
49515,SPEAKER_00,15,
49515,SPEAKER_01,15,
49678,SPEAKER_00,-15,
49678,SPEAKER_01,-15,
49678,SPEAKER_00,-14,
49678,SPEAKER_01,-14,
49678,SPEAKER_00,-13,
49678,SPEAKER_01,-13,
49678,SPEAKER_00,-12,
49678,SPEAKER_01,-12,
49678,SPEAKER_00,-11,
49678,SPEAKER_01,-11,
49678,SPEAKER_00,-10,
49678,SPEAKER_01,-10,
49678,SPEAKER_00,-9,
49678,SPEAKER_01,-9,
49678,SPEAKER_00,-8,
49678,SPEAKER_01,-8,
49678,SPEAKER_00,-7,
49678,SPEAKER_01,-7,
49678,SPEAKER_00,-6,
49678,SPEAKER_01,-6,
49678,SPEAKER_00,-5,
49678,SPEAKER_01,-5,
49678,SPEAKER_00,-4,
49678,SPEAKER_01,-4,
49678,SPEAKER_00,-3,
49678,SPEAKER_01,-3,
49678,SPEAKER_00,-2,
49678,SPEAKER_01,-2,
49678,SPEAKER_00,-1,
49678,SPEAKER_01,-1,
49678,SPEAKER_00,0,
49678,SPEAKER_01,0,
49678,SPEAKER_00,1,
49678,SPEAKER_01,1,
49678,SPEAKER_00,2,
49678,SPEAKER_01,2,
49678,SPEAKER_00,3,
49678,SPEAKER_01,3,
49678,SPEAKER_00,4,
49678,SPEAKER_01,4,
49678,SPEAKER_00,5,
49678,SPEAKER_01,5,
49678,SPEAKER_00,6,
49678,SPEAKER_01,6,
49678,SPEAKER_00,7,
49678,SPEAKER_01,7,
49678,SPEAKER_00,8,
49678,SPEAKER_01,8,
49678,SPEAKER_00,9,
49678,SPEAKER_01,9,
49678,SPEAKER_00,10,
49678,SPEAKER_01,10,
49678,SPEAKER_00,11,
49678,SPEAKER_01,11,
49678,SPEAKER_00,12,
49678,SPEAKER_01,12,
49678,SPEAKER_00,13,
49678,SPEAKER_01,13,
49678,SPEAKER_00,14,
49678,SPEAKER_01,14,
49678,SPEAKER_00,15,
49678,SPEAKER_01,15,
49869,SPEAKER_00,-15,
49869,SPEAKER_01,-15,
49869,SPEAKER_00,-14,
49869,SPEAKER_01,-14,
49869,SPEAKER_00,-13,
49869,SPEAKER_01,-13,
49869,SPEAKER_00,-12,
49869,SPEAKER_01,-12,
49869,SPEAKER_00,-11,
49869,SPEAKER_01,-11,
49869,SPEAKER_00,-10,
49869,SPEAKER_01,-10,
49869,SPEAKER_00,-9,
49869,SPEAKER_01,-9,
49869,SPEAKER_00,-8,
49869,SPEAKER_01,-8,
49869,SPEAKER_00,-7,
49869,SPEAKER_01,-7,
49869,SPEAKER_00,-6,
49869,SPEAKER_01,-6,
49869,SPEAKER_00,-5,
49869,SPEAKER_01,-5,
49869,SPEAKER_00,-4,
49869,SPEAKER_01,-4,
49869,SPEAKER_00,-3,
49869,SPEAKER_01,-3,
49869,SPEAKER_00,-2,
49869,SPEAKER_01,-2,
49869,SPEAKER_00,-1,
49869,SPEAKER_01,-1,
49869,SPEAKER_00,0,
49869,SPEAKER_01,0,
49869,SPEAKER_00,1,
49869,SPEAKER_01,1,
49869,SPEAKER_00,2,
49869,SPEAKER_01,2,
49869,SPEAKER_00,3,
49869,SPEAKER_01,3,
49869,SPEAKER_00,4,
49869,SPEAKER_01,4,
49869,SPEAKER_00,5,
49869,SPEAKER_01,5,
49869,SPEAKER_00,6,
49869,SPEAKER_01,6,
49869,SPEAKER_00,7,
49869,SPEAKER_01,7,
49869,SPEAKER_00,8,
49869,SPEAKER_01,8,
49869,SPEAKER_00,9,
49869,SPEAKER_01,9,
49869,SPEAKER_00,10,
49869,SPEAKER_01,10,
49869,SPEAKER_00,11,
49869,SPEAKER_01,11,
49869,SPEAKER_00,12,
49869,SPEAKER_01,12,
49869,SPEAKER_00,13,
49869,SPEAKER_01,13,
49869,SPEAKER_00,14,
49869,SPEAKER_01,14,
49869,SPEAKER_00,15,
49869,SPEAKER_01,15,
49871,SPEAKER_00,-15,
49871,SPEAKER_01,-15,
49871,SPEAKER_00,-14,
49871,SPEAKER_01,-14,
49871,SPEAKER_00,-13,
49871,SPEAKER_01,-13,
49871,SPEAKER_00,-12,
49871,SPEAKER_01,-12,
49871,SPEAKER_00,-11,
49871,SPEAKER_01,-11,
49871,SPEAKER_00,-10,
49871,SPEAKER_01,-10,
49871,SPEAKER_00,-9,
49871,SPEAKER_01,-9,
49871,SPEAKER_00,-8,
49871,SPEAKER_01,-8,
49871,SPEAKER_00,-7,
49871,SPEAKER_01,-7,
49871,SPEAKER_00,-6,
49871,SPEAKER_01,-6,
49871,SPEAKER_00,-5,
49871,SPEAKER_01,-5,
49871,SPEAKER_00,-4,
49871,SPEAKER_01,-4,
49871,SPEAKER_00,-3,
49871,SPEAKER_01,-3,
49871,SPEAKER_00,-2,
49871,SPEAKER_01,-2,
49871,SPEAKER_00,-1,
49871,SPEAKER_01,-1,
49871,SPEAKER_00,0,
49871,SPEAKER_01,0,
49871,SPEAKER_00,1,
49871,SPEAKER_01,1,
49871,SPEAKER_00,2,
49871,SPEAKER_01,2,
49871,SPEAKER_00,3,
49871,SPEAKER_01,3,
49871,SPEAKER_00,4,
49871,SPEAKER_01,4,
49871,SPEAKER_00,5,
49871,SPEAKER_01,5,
49871,SPEAKER_00,6,
49871,SPEAKER_01,6,
49871,SPEAKER_00,7,
49871,SPEAKER_01,7,
49871,SPEAKER_00,8,
49871,SPEAKER_01,8,
49871,SPEAKER_00,9,
49871,SPEAKER_01,9,
49871,SPEAKER_00,10,
49871,SPEAKER_01,10,
49871,SPEAKER_00,11,
49871,SPEAKER_01,11,
49871,SPEAKER_00,12,
49871,SPEAKER_01,12,
49871,SPEAKER_00,13,
49871,SPEAKER_01,13,
49871,SPEAKER_00,14,
49871,SPEAKER_01,14,
49871,SPEAKER_00,15,
49871,SPEAKER_01,15,
50654,SPEAKER_01,-15,
50654,SPEAKER_02,-15,
50654,SPEAKER_01,-14,
50654,SPEAKER_02,-14,
50654,SPEAKER_01,-13,
50654,SPEAKER_02,-13,
50654,SPEAKER_01,-12,
50654,SPEAKER_02,-12,
50654,SPEAKER_01,-11,
50654,SPEAKER_02,-11,
50654,SPEAKER_01,-10,
50654,SPEAKER_02,-10,
50654,SPEAKER_01,-9,
50654,SPEAKER_02,-9,
50654,SPEAKER_01,-8,
50654,SPEAKER_02,-8,
50654,SPEAKER_01,-7,
50654,SPEAKER_02,-7,
50654,SPEAKER_01,-6,
50654,SPEAKER_02,-6,
50654,SPEAKER_01,-5,
50654,SPEAKER_02,-5,
50654,SPEAKER_01,-4,
50654,SPEAKER_02,-4,
50654,SPEAKER_01,-3,
50654,SPEAKER_02,-3,
50654,SPEAKER_01,-2,
50654,SPEAKER_02,-2,
50654,SPEAKER_01,-1,
50654,SPEAKER_02,-1,
50654,SPEAKER_01,0,
50654,SPEAKER_02,0,
50654,SPEAKER_01,1,
50654,SPEAKER_02,1,
50654,SPEAKER_01,2,
50654,SPEAKER_02,2,
50654,SPEAKER_01,3,
50654,SPEAKER_02,3,
50654,SPEAKER_01,4,
50654,SPEAKER_02,4,
50654,SPEAKER_01,5,
50654,SPEAKER_02,5,
50654,SPEAKER_01,6,
50654,SPEAKER_02,6,
50654,SPEAKER_01,7,
50654,SPEAKER_02,7,
50654,SPEAKER_01,8,
50654,SPEAKER_02,8,
50654,SPEAKER_01,9,
50654,SPEAKER_02,9,
50654,SPEAKER_01,10,
50654,SPEAKER_02,10,
50654,SPEAKER_01,11,
50654,SPEAKER_02,11,
50654,SPEAKER_01,12,
50654,SPEAKER_02,12,
50654,SPEAKER_01,13,
50654,SPEAKER_02,13,
50654,SPEAKER_01,14,
50654,SPEAKER_02,14,
50654,SPEAKER_01,15,
50654,SPEAKER_02,15,
50736,SPEAKER_00,-15,
50736,SPEAKER_01,-15,
50736,SPEAKER_00,-14,
50736,SPEAKER_01,-14,
50736,SPEAKER_00,-13,
50736,SPEAKER_01,-13,
50736,SPEAKER_00,-12,
50736,SPEAKER_01,-12,
50736,SPEAKER_00,-11,
50736,SPEAKER_01,-11,
50736,SPEAKER_00,-10,
50736,SPEAKER_01,-10,
50736,SPEAKER_00,-9,
50736,SPEAKER_01,-9,
50736,SPEAKER_00,-8,
50736,SPEAKER_01,-8,
50736,SPEAKER_00,-7,
50736,SPEAKER_01,-7,
50736,SPEAKER_00,-6,
50736,SPEAKER_01,-6,
50736,SPEAKER_00,-5,
50736,SPEAKER_01,-5,
50736,SPEAKER_00,-4,
50736,SPEAKER_01,-4,
50736,SPEAKER_00,-3,3.5448482082711683
50736,SPEAKER_01,-3,
50736,SPEAKER_00,-2,
50736,SPEAKER_01,-2,
50736,SPEAKER_00,-1,6.778689759074284
50736,SPEAKER_01,-1,11.682820255755836
50736,SPEAKER_00,0,
50736,SPEAKER_01,0,
50736,SPEAKER_00,1,2.912157217995393
50736,SPEAKER_01,1,0.8629919126861243
50736,SPEAKER_00,2,
50736,SPEAKER_01,2,
50736,SPEAKER_00,3,
50736,SPEAKER_01,3,6.954862757462835
50736,SPEAKER_00,4,
50736,SPEAKER_01,4,
50736,SPEAKER_00,5,
50736,SPEAKER_01,5,
50736,SPEAKER_00,6,
50736,SPEAKER_01,6,
50736,SPEAKER_00,7,
50736,SPEAKER_01,7,
50736,SPEAKER_00,8,
50736,SPEAKER_01,8,
50736,SPEAKER_00,9,
50736,SPEAKER_01,9,
50736,SPEAKER_00,10,
50736,SPEAKER_01,10,
50736,SPEAKER_00,11,
50736,SPEAKER_01,11,
50736,SPEAKER_00,12,
50736,SPEAKER_01,12,
50736,SPEAKER_00,13,
50736,SPEAKER_01,13,
50736,SPEAKER_00,14,
50736,SPEAKER_01,14,
50736,SPEAKER_00,15,
50736,SPEAKER_01,15,
50922,SPEAKER_00,-15,
50922,SPEAKER_01,-15,
50922,SPEAKER_00,-14,
50922,SPEAKER_01,-14,
50922,SPEAKER_00,-13,
50922,SPEAKER_01,-13,
50922,SPEAKER_00,-12,
50922,SPEAKER_01,-12,
50922,SPEAKER_00,-11,
50922,SPEAKER_01,-11,
50922,SPEAKER_00,-10,
50922,SPEAKER_01,-10,
50922,SPEAKER_00,-9,
50922,SPEAKER_01,-9,
50922,SPEAKER_00,-8,
50922,SPEAKER_01,-8,
50922,SPEAKER_00,-7,
50922,SPEAKER_01,-7,
50922,SPEAKER_00,-6,
50922,SPEAKER_01,-6,
50922,SPEAKER_00,-5,
50922,SPEAKER_01,-5,
50922,SPEAKER_00,-4,
50922,SPEAKER_01,-4,
50922,SPEAKER_00,-3,
50922,SPEAKER_01,-3,
50922,SPEAKER_00,-2,
50922,SPEAKER_01,-2,
50922,SPEAKER_00,-1,
50922,SPEAKER_01,-1,
50922,SPEAKER_00,0,
50922,SPEAKER_01,0,
50922,SPEAKER_00,1,
50922,SPEAKER_01,1,
50922,SPEAKER_00,2,
50922,SPEAKER_01,2,
50922,SPEAKER_00,3,
50922,SPEAKER_01,3,
50922,SPEAKER_00,4,
50922,SPEAKER_01,4,
50922,SPEAKER_00,5,
50922,SPEAKER_01,5,
50922,SPEAKER_00,6,
50922,SPEAKER_01,6,
50922,SPEAKER_00,7,
50922,SPEAKER_01,7,
50922,SPEAKER_00,8,
50922,SPEAKER_01,8,
50922,SPEAKER_00,9,
50922,SPEAKER_01,9,
50922,SPEAKER_00,10,
50922,SPEAKER_01,10,
50922,SPEAKER_00,11,
50922,SPEAKER_01,11,
50922,SPEAKER_00,12,
50922,SPEAKER_01,12,
50922,SPEAKER_00,13,
50922,SPEAKER_01,13,
50922,SPEAKER_00,14,
50922,SPEAKER_01,14,
50922,SPEAKER_00,15,
50922,SPEAKER_01,15,
50985,SPEAKER_00,-15,
50985,SPEAKER_01,-15,
50985,SPEAKER_00,-14,
50985,SPEAKER_01,-14,
50985,SPEAKER_00,-13,
50985,SPEAKER_01,-13,
50985,SPEAKER_00,-12,
50985,SPEAKER_01,-12,
50985,SPEAKER_00,-11,
50985,SPEAKER_01,-11,
50985,SPEAKER_00,-10,
50985,SPEAKER_01,-10,
50985,SPEAKER_00,-9,
50985,SPEAKER_01,-9,
50985,SPEAKER_00,-8,
50985,SPEAKER_01,-8,
50985,SPEAKER_00,-7,
50985,SPEAKER_01,-7,
50985,SPEAKER_00,-6,
50985,SPEAKER_01,-6,
50985,SPEAKER_00,-5,
50985,SPEAKER_01,-5,
50985,SPEAKER_00,-4,
50985,SPEAKER_01,-4,
50985,SPEAKER_00,-3,2.439347731151952
50985,SPEAKER_01,-3,1.4866340046709248
50985,SPEAKER_00,-2,
50985,SPEAKER_01,-2,
50985,SPEAKER_00,-1,0.49933150281931854
50985,SPEAKER_01,-1,1.629272862557693
50985,SPEAKER_00,0,
50985,SPEAKER_01,0,
50985,SPEAKER_00,1,0.8104024652733086
50985,SPEAKER_01,1,0.4153186690836159
50985,SPEAKER_00,2,
50985,SPEAKER_01,2,
50985,SPEAKER_00,3,0.6235978807665145
50985,SPEAKER_01,3,0.5821985909814248
50985,SPEAKER_00,4,
50985,SPEAKER_01,4,
50985,SPEAKER_00,5,
50985,SPEAKER_01,5,
50985,SPEAKER_00,6,
50985,SPEAKER_01,6,
50985,SPEAKER_00,7,
50985,SPEAKER_01,7,
50985,SPEAKER_00,8,
50985,SPEAKER_01,8,
50985,SPEAKER_00,9,
50985,SPEAKER_01,9,
50985,SPEAKER_00,10,
50985,SPEAKER_01,10,
50985,SPEAKER_00,11,
50985,SPEAKER_01,11,
50985,SPEAKER_00,12,
50985,SPEAKER_01,12,
50985,SPEAKER_00,13,
50985,SPEAKER_01,13,
50985,SPEAKER_00,14,
50985,SPEAKER_01,14,
50985,SPEAKER_00,15,
50985,SPEAKER_01,15,
50989,SPEAKER_00,-15,
50989,SPEAKER_01,-15,
50989,SPEAKER_00,-14,
50989,SPEAKER_01,-14,
50989,SPEAKER_00,-13,
50989,SPEAKER_01,-13,
50989,SPEAKER_00,-12,
50989,SPEAKER_01,-12,
50989,SPEAKER_00,-11,
50989,SPEAKER_01,-11,
50989,SPEAKER_00,-10,
50989,SPEAKER_01,-10,
50989,SPEAKER_00,-9,
50989,SPEAKER_01,-9,
50989,SPEAKER_00,-8,
50989,SPEAKER_01,-8,
50989,SPEAKER_00,-7,
50989,SPEAKER_01,-7,
50989,SPEAKER_00,-6,
50989,SPEAKER_01,-6,
50989,SPEAKER_00,-5,
50989,SPEAKER_01,-5,
50989,SPEAKER_00,-4,
50989,SPEAKER_01,-4,
50989,SPEAKER_00,-3,
50989,SPEAKER_01,-3,
50989,SPEAKER_00,-2,
50989,SPEAKER_01,-2,
50989,SPEAKER_00,-1,1.8471811685523927
50989,SPEAKER_01,-1,
50989,SPEAKER_00,0,
50989,SPEAKER_01,0,
50989,SPEAKER_00,1,
50989,SPEAKER_01,1,0.5357828001945216
50989,SPEAKER_00,2,
50989,SPEAKER_01,2,
50989,SPEAKER_00,3,
50989,SPEAKER_01,3,
50989,SPEAKER_00,4,
50989,SPEAKER_01,4,
50989,SPEAKER_00,5,
50989,SPEAKER_01,5,
50989,SPEAKER_00,6,
50989,SPEAKER_01,6,
50989,SPEAKER_00,7,
50989,SPEAKER_01,7,
50989,SPEAKER_00,8,
50989,SPEAKER_01,8,
50989,SPEAKER_00,9,
50989,SPEAKER_01,9,
50989,SPEAKER_00,10,
50989,SPEAKER_01,10,
50989,SPEAKER_00,11,
50989,SPEAKER_01,11,
50989,SPEAKER_00,12,
50989,SPEAKER_01,12,
50989,SPEAKER_00,13,
50989,SPEAKER_01,13,
50989,SPEAKER_00,14,
50989,SPEAKER_01,14,
50989,SPEAKER_00,15,
50989,SPEAKER_01,15,
50994,SPEAKER_00,-15,
50994,SPEAKER_01,-15,
50994,SPEAKER_00,-14,
50994,SPEAKER_01,-14,
50994,SPEAKER_00,-13,
50994,SPEAKER_01,-13,
50994,SPEAKER_00,-12,
50994,SPEAKER_01,-12,
50994,SPEAKER_00,-11,
50994,SPEAKER_01,-11,
50994,SPEAKER_00,-10,
50994,SPEAKER_01,-10,
50994,SPEAKER_00,-9,
50994,SPEAKER_01,-9,
50994,SPEAKER_00,-8,
50994,SPEAKER_01,-8,
50994,SPEAKER_00,-7,
50994,SPEAKER_01,-7,
50994,SPEAKER_00,-6,
50994,SPEAKER_01,-6,
50994,SPEAKER_00,-5,
50994,SPEAKER_01,-5,
50994,SPEAKER_00,-4,
50994,SPEAKER_01,-4,
50994,SPEAKER_00,-3,
50994,SPEAKER_01,-3,
50994,SPEAKER_00,-2,
50994,SPEAKER_01,-2,
50994,SPEAKER_00,-1,0.006843970388120511
50994,SPEAKER_01,-1,0.202838082437794
50994,SPEAKER_00,0,
50994,SPEAKER_01,0,
50994,SPEAKER_00,1,0.18967489466215767
50994,SPEAKER_01,1,0.10627334160488078
50994,SPEAKER_00,2,
50994,SPEAKER_01,2,
50994,SPEAKER_00,3,
50994,SPEAKER_01,3,
50994,SPEAKER_00,4,
50994,SPEAKER_01,4,
50994,SPEAKER_00,5,
50994,SPEAKER_01,5,
50994,SPEAKER_00,6,
50994,SPEAKER_01,6,
50994,SPEAKER_00,7,
50994,SPEAKER_01,7,
50994,SPEAKER_00,8,
50994,SPEAKER_01,8,
50994,SPEAKER_00,9,
50994,SPEAKER_01,9,
50994,SPEAKER_00,10,
50994,SPEAKER_01,10,
50994,SPEAKER_00,11,
50994,SPEAKER_01,11,
50994,SPEAKER_00,12,
50994,SPEAKER_01,12,
50994,SPEAKER_00,13,
50994,SPEAKER_01,13,
50994,SPEAKER_00,14,
50994,SPEAKER_01,14,
50994,SPEAKER_00,15,
50994,SPEAKER_01,15,
50996,SPEAKER_00,-15,
50996,SPEAKER_01,-15,
50996,SPEAKER_00,-14,
50996,SPEAKER_01,-14,
50996,SPEAKER_00,-13,
50996,SPEAKER_01,-13,
50996,SPEAKER_00,-12,
50996,SPEAKER_01,-12,
50996,SPEAKER_00,-11,
50996,SPEAKER_01,-11,
50996,SPEAKER_00,-10,
50996,SPEAKER_01,-10,
50996,SPEAKER_00,-9,
50996,SPEAKER_01,-9,
50996,SPEAKER_00,-8,
50996,SPEAKER_01,-8,
50996,SPEAKER_00,-7,
50996,SPEAKER_01,-7,
50996,SPEAKER_00,-6,
50996,SPEAKER_01,-6,
50996,SPEAKER_00,-5,
50996,SPEAKER_01,-5,
50996,SPEAKER_00,-4,
50996,SPEAKER_01,-4,
50996,SPEAKER_00,-3,
50996,SPEAKER_01,-3,
50996,SPEAKER_00,-2,
50996,SPEAKER_01,-2,
50996,SPEAKER_00,-1,0.2129696710333071
50996,SPEAKER_01,-1,0.08347517441920334
50996,SPEAKER_00,0,
50996,SPEAKER_01,0,
50996,SPEAKER_00,1,1.2878181406003917
50996,SPEAKER_01,1,2.561154727047848
50996,SPEAKER_00,2,
50996,SPEAKER_01,2,
50996,SPEAKER_00,3,
50996,SPEAKER_01,3,
50996,SPEAKER_00,4,
50996,SPEAKER_01,4,
50996,SPEAKER_00,5,
50996,SPEAKER_01,5,
50996,SPEAKER_00,6,
50996,SPEAKER_01,6,
50996,SPEAKER_00,7,
50996,SPEAKER_01,7,
50996,SPEAKER_00,8,
50996,SPEAKER_01,8,
50996,SPEAKER_00,9,
50996,SPEAKER_01,9,
50996,SPEAKER_00,10,
50996,SPEAKER_01,10,
50996,SPEAKER_00,11,
50996,SPEAKER_01,11,
50996,SPEAKER_00,12,
50996,SPEAKER_01,12,
50996,SPEAKER_00,13,
50996,SPEAKER_01,13,
50996,SPEAKER_00,14,
50996,SPEAKER_01,14,
50996,SPEAKER_00,15,
50996,SPEAKER_01,15,
50998,SPEAKER_00,-15,
50998,SPEAKER_01,-15,
50998,SPEAKER_00,-14,
50998,SPEAKER_01,-14,
50998,SPEAKER_00,-13,
50998,SPEAKER_01,-13,
50998,SPEAKER_00,-12,
50998,SPEAKER_01,-12,
50998,SPEAKER_00,-11,
50998,SPEAKER_01,-11,
50998,SPEAKER_00,-10,
50998,SPEAKER_01,-10,
50998,SPEAKER_00,-9,
50998,SPEAKER_01,-9,
50998,SPEAKER_00,-8,
50998,SPEAKER_01,-8,
50998,SPEAKER_00,-7,
50998,SPEAKER_01,-7,
50998,SPEAKER_00,-6,
50998,SPEAKER_01,-6,
50998,SPEAKER_00,-5,
50998,SPEAKER_01,-5,
50998,SPEAKER_00,-4,
50998,SPEAKER_01,-4,
50998,SPEAKER_00,-3,
50998,SPEAKER_01,-3,
50998,SPEAKER_00,-2,
50998,SPEAKER_01,-2,
50998,SPEAKER_00,-1,
50998,SPEAKER_01,-1,
50998,SPEAKER_00,0,
50998,SPEAKER_01,0,
50998,SPEAKER_00,1,
50998,SPEAKER_01,1,
50998,SPEAKER_00,2,
50998,SPEAKER_01,2,
50998,SPEAKER_00,3,
50998,SPEAKER_01,3,
50998,SPEAKER_00,4,
50998,SPEAKER_01,4,
50998,SPEAKER_00,5,
50998,SPEAKER_01,5,
50998,SPEAKER_00,6,
50998,SPEAKER_01,6,
50998,SPEAKER_00,7,
50998,SPEAKER_01,7,
50998,SPEAKER_00,8,
50998,SPEAKER_01,8,
50998,SPEAKER_00,9,
50998,SPEAKER_01,9,
50998,SPEAKER_00,10,
50998,SPEAKER_01,10,
50998,SPEAKER_00,11,
50998,SPEAKER_01,11,
50998,SPEAKER_00,12,
50998,SPEAKER_01,12,
50998,SPEAKER_00,13,
50998,SPEAKER_01,13,
50998,SPEAKER_00,14,
50998,SPEAKER_01,14,
50998,SPEAKER_00,15,
50998,SPEAKER_01,15,
50999,SPEAKER_00,-15,
50999,SPEAKER_01,-15,
50999,SPEAKER_00,-14,
50999,SPEAKER_01,-14,
50999,SPEAKER_00,-13,
50999,SPEAKER_01,-13,
50999,SPEAKER_00,-12,
50999,SPEAKER_01,-12,
50999,SPEAKER_00,-11,
50999,SPEAKER_01,-11,
50999,SPEAKER_00,-10,0.8455448716733894
50999,SPEAKER_01,-10,
50999,SPEAKER_00,-9,
50999,SPEAKER_01,-9,
50999,SPEAKER_00,-8,
50999,SPEAKER_01,-8,
50999,SPEAKER_00,-7,
50999,SPEAKER_01,-7,
50999,SPEAKER_00,-6,
50999,SPEAKER_01,-6,
50999,SPEAKER_00,-5,0.6260599459931909
50999,SPEAKER_01,-5,
50999,SPEAKER_00,-4,
50999,SPEAKER_01,-4,
50999,SPEAKER_00,-3,0.2696149619695076
50999,SPEAKER_01,-3,0.08109575672753774
50999,SPEAKER_00,-2,
50999,SPEAKER_01,-2,
50999,SPEAKER_00,-1,0.0008108012520977418
50999,SPEAKER_01,-1,0.03724710225144381
50999,SPEAKER_00,0,
50999,SPEAKER_01,0,
50999,SPEAKER_00,1,0.22635546696167985
50999,SPEAKER_01,1,0.041909247268341755
50999,SPEAKER_00,2,
50999,SPEAKER_01,2,
50999,SPEAKER_00,3,1.4470701653751383
50999,SPEAKER_01,3,0.46147815034074213
50999,SPEAKER_00,4,
50999,SPEAKER_01,4,
50999,SPEAKER_00,5,
50999,SPEAKER_01,5,0.013761647530755065
50999,SPEAKER_00,6,
50999,SPEAKER_01,6,
50999,SPEAKER_00,7,
50999,SPEAKER_01,7,
50999,SPEAKER_00,8,
50999,SPEAKER_01,8,
50999,SPEAKER_00,9,
50999,SPEAKER_01,9,
50999,SPEAKER_00,10,
50999,SPEAKER_01,10,0.2804722271201083
50999,SPEAKER_00,11,
50999,SPEAKER_01,11,
50999,SPEAKER_00,12,
50999,SPEAKER_01,12,
50999,SPEAKER_00,13,
50999,SPEAKER_01,13,
50999,SPEAKER_00,14,
50999,SPEAKER_01,14,
50999,SPEAKER_00,15,
50999,SPEAKER_01,15,
51000,SPEAKER_00,-15,
51000,SPEAKER_01,-15,
51000,SPEAKER_00,-14,
51000,SPEAKER_01,-14,
51000,SPEAKER_00,-13,
51000,SPEAKER_01,-13,
51000,SPEAKER_00,-12,
51000,SPEAKER_01,-12,
51000,SPEAKER_00,-11,
51000,SPEAKER_01,-11,
51000,SPEAKER_00,-10,
51000,SPEAKER_01,-10,
51000,SPEAKER_00,-9,
51000,SPEAKER_01,-9,
51000,SPEAKER_00,-8,
51000,SPEAKER_01,-8,
51000,SPEAKER_00,-7,
51000,SPEAKER_01,-7,
51000,SPEAKER_00,-6,
51000,SPEAKER_01,-6,
51000,SPEAKER_00,-5,
51000,SPEAKER_01,-5,
51000,SPEAKER_00,-4,
51000,SPEAKER_01,-4,
51000,SPEAKER_00,-3,
51000,SPEAKER_01,-3,
51000,SPEAKER_00,-2,
51000,SPEAKER_01,-2,
51000,SPEAKER_00,-1,
51000,SPEAKER_01,-1,0.5913304628955957
51000,SPEAKER_00,0,
51000,SPEAKER_01,0,
51000,SPEAKER_00,1,0.12363812722312971
51000,SPEAKER_01,1,
51000,SPEAKER_00,2,
51000,SPEAKER_01,2,
51000,SPEAKER_00,3,
51000,SPEAKER_01,3,
51000,SPEAKER_00,4,
51000,SPEAKER_01,4,
51000,SPEAKER_00,5,
51000,SPEAKER_01,5,
51000,SPEAKER_00,6,
51000,SPEAKER_01,6,
51000,SPEAKER_00,7,
51000,SPEAKER_01,7,
51000,SPEAKER_00,8,
51000,SPEAKER_01,8,
51000,SPEAKER_00,9,
51000,SPEAKER_01,9,
51000,SPEAKER_00,10,
51000,SPEAKER_01,10,
51000,SPEAKER_00,11,
51000,SPEAKER_01,11,
51000,SPEAKER_00,12,
51000,SPEAKER_01,12,
51000,SPEAKER_00,13,
51000,SPEAKER_01,13,
51000,SPEAKER_00,14,
51000,SPEAKER_01,14,
51000,SPEAKER_00,15,
51000,SPEAKER_01,15,
51001,SPEAKER_00,-15,
51001,SPEAKER_02,-15,
51001,SPEAKER_00,-14,
51001,SPEAKER_02,-14,
51001,SPEAKER_00,-13,
51001,SPEAKER_02,-13,
51001,SPEAKER_00,-12,
51001,SPEAKER_02,-12,
51001,SPEAKER_00,-11,
51001,SPEAKER_02,-11,
51001,SPEAKER_00,-10,
51001,SPEAKER_02,-10,
51001,SPEAKER_00,-9,
51001,SPEAKER_02,-9,
51001,SPEAKER_00,-8,
51001,SPEAKER_02,-8,
51001,SPEAKER_00,-7,
51001,SPEAKER_02,-7,
51001,SPEAKER_00,-6,
51001,SPEAKER_02,-6,
51001,SPEAKER_00,-5,
51001,SPEAKER_02,-5,
51001,SPEAKER_00,-4,
51001,SPEAKER_02,-4,
51001,SPEAKER_00,-3,
51001,SPEAKER_02,-3,
51001,SPEAKER_00,-2,
51001,SPEAKER_02,-2,
51001,SPEAKER_00,-1,
51001,SPEAKER_02,-1,
51001,SPEAKER_00,0,
51001,SPEAKER_02,0,
51001,SPEAKER_00,1,
51001,SPEAKER_02,1,
51001,SPEAKER_00,2,
51001,SPEAKER_02,2,
51001,SPEAKER_00,3,
51001,SPEAKER_02,3,
51001,SPEAKER_00,4,
51001,SPEAKER_02,4,
51001,SPEAKER_00,5,
51001,SPEAKER_02,5,
51001,SPEAKER_00,6,
51001,SPEAKER_02,6,
51001,SPEAKER_00,7,
51001,SPEAKER_02,7,
51001,SPEAKER_00,8,
51001,SPEAKER_02,8,
51001,SPEAKER_00,9,
51001,SPEAKER_02,9,
51001,SPEAKER_00,10,
51001,SPEAKER_02,10,
51001,SPEAKER_00,11,
51001,SPEAKER_02,11,
51001,SPEAKER_00,12,
51001,SPEAKER_02,12,
51001,SPEAKER_00,13,
51001,SPEAKER_02,13,
51001,SPEAKER_00,14,
51001,SPEAKER_02,14,
51001,SPEAKER_00,15,
51001,SPEAKER_02,15,
51087,SPEAKER_00,-15,
51087,SPEAKER_01,-15,
51087,SPEAKER_00,-14,
51087,SPEAKER_01,-14,
51087,SPEAKER_00,-13,
51087,SPEAKER_01,-13,
51087,SPEAKER_00,-12,
51087,SPEAKER_01,-12,
51087,SPEAKER_00,-11,
51087,SPEAKER_01,-11,
51087,SPEAKER_00,-10,
51087,SPEAKER_01,-10,
51087,SPEAKER_00,-9,
51087,SPEAKER_01,-9,
51087,SPEAKER_00,-8,
51087,SPEAKER_01,-8,
51087,SPEAKER_00,-7,
51087,SPEAKER_01,-7,
51087,SPEAKER_00,-6,
51087,SPEAKER_01,-6,
51087,SPEAKER_00,-5,
51087,SPEAKER_01,-5,
51087,SPEAKER_00,-4,
51087,SPEAKER_01,-4,
51087,SPEAKER_00,-3,
51087,SPEAKER_01,-3,
51087,SPEAKER_00,-2,
51087,SPEAKER_01,-2,
51087,SPEAKER_00,-1,
51087,SPEAKER_01,-1,
51087,SPEAKER_00,0,
51087,SPEAKER_01,0,
51087,SPEAKER_00,1,
51087,SPEAKER_01,1,
51087,SPEAKER_00,2,
51087,SPEAKER_01,2,
51087,SPEAKER_00,3,
51087,SPEAKER_01,3,
51087,SPEAKER_00,4,
51087,SPEAKER_01,4,
51087,SPEAKER_00,5,
51087,SPEAKER_01,5,
51087,SPEAKER_00,6,
51087,SPEAKER_01,6,
51087,SPEAKER_00,7,
51087,SPEAKER_01,7,
51087,SPEAKER_00,8,
51087,SPEAKER_01,8,
51087,SPEAKER_00,9,
51087,SPEAKER_01,9,
51087,SPEAKER_00,10,
51087,SPEAKER_01,10,
51087,SPEAKER_00,11,
51087,SPEAKER_01,11,
51087,SPEAKER_00,12,
51087,SPEAKER_01,12,
51087,SPEAKER_00,13,
51087,SPEAKER_01,13,
51087,SPEAKER_00,14,
51087,SPEAKER_01,14,
51087,SPEAKER_00,15,
51087,SPEAKER_01,15,
51088,SPEAKER_00,-15,
51088,SPEAKER_01,-15,
51088,SPEAKER_00,-14,
51088,SPEAKER_01,-14,
51088,SPEAKER_00,-13,
51088,SPEAKER_01,-13,
51088,SPEAKER_00,-12,
51088,SPEAKER_01,-12,
51088,SPEAKER_00,-11,
51088,SPEAKER_01,-11,
51088,SPEAKER_00,-10,
51088,SPEAKER_01,-10,
51088,SPEAKER_00,-9,
51088,SPEAKER_01,-9,
51088,SPEAKER_00,-8,
51088,SPEAKER_01,-8,
51088,SPEAKER_00,-7,
51088,SPEAKER_01,-7,
51088,SPEAKER_00,-6,
51088,SPEAKER_01,-6,
51088,SPEAKER_00,-5,
51088,SPEAKER_01,-5,
51088,SPEAKER_00,-4,
51088,SPEAKER_01,-4,
51088,SPEAKER_00,-3,
51088,SPEAKER_01,-3,
51088,SPEAKER_00,-2,
51088,SPEAKER_01,-2,
51088,SPEAKER_00,-1,
51088,SPEAKER_01,-1,
51088,SPEAKER_00,0,
51088,SPEAKER_01,0,
51088,SPEAKER_00,1,
51088,SPEAKER_01,1,
51088,SPEAKER_00,2,
51088,SPEAKER_01,2,
51088,SPEAKER_00,3,
51088,SPEAKER_01,3,
51088,SPEAKER_00,4,
51088,SPEAKER_01,4,
51088,SPEAKER_00,5,
51088,SPEAKER_01,5,
51088,SPEAKER_00,6,
51088,SPEAKER_01,6,
51088,SPEAKER_00,7,
51088,SPEAKER_01,7,
51088,SPEAKER_00,8,
51088,SPEAKER_01,8,
51088,SPEAKER_00,9,
51088,SPEAKER_01,9,
51088,SPEAKER_00,10,
51088,SPEAKER_01,10,
51088,SPEAKER_00,11,
51088,SPEAKER_01,11,
51088,SPEAKER_00,12,
51088,SPEAKER_01,12,
51088,SPEAKER_00,13,
51088,SPEAKER_01,13,
51088,SPEAKER_00,14,
51088,SPEAKER_01,14,
51088,SPEAKER_00,15,
51088,SPEAKER_01,15,
51098,SPEAKER_00,-15,
51098,SPEAKER_01,-15,
51098,SPEAKER_00,-14,
51098,SPEAKER_01,-14,
51098,SPEAKER_00,-13,
51098,SPEAKER_01,-13,
51098,SPEAKER_00,-12,
51098,SPEAKER_01,-12,
51098,SPEAKER_00,-11,
51098,SPEAKER_01,-11,
51098,SPEAKER_00,-10,
51098,SPEAKER_01,-10,
51098,SPEAKER_00,-9,
51098,SPEAKER_01,-9,
51098,SPEAKER_00,-8,
51098,SPEAKER_01,-8,
51098,SPEAKER_00,-7,0.13040378576155626
51098,SPEAKER_01,-7,
51098,SPEAKER_00,-6,
51098,SPEAKER_01,-6,
51098,SPEAKER_00,-5,1.647414820316633
51098,SPEAKER_01,-5,0.001590550564247116
51098,SPEAKER_00,-4,
51098,SPEAKER_01,-4,
51098,SPEAKER_00,-3,0.6433094285553838
51098,SPEAKER_01,-3,0.0002930988233386264
51098,SPEAKER_00,-2,
51098,SPEAKER_01,-2,
51098,SPEAKER_00,-1,1.490716543473504
51098,SPEAKER_01,-1,0.6090999014773211
51098,SPEAKER_00,0,
51098,SPEAKER_01,0,
51098,SPEAKER_00,1,1.3512882087079425
51098,SPEAKER_01,1,0.12915540657096125
51098,SPEAKER_00,2,
51098,SPEAKER_01,2,
51098,SPEAKER_00,3,1.8357453357297406
51098,SPEAKER_01,3,0.14653270450520708
51098,SPEAKER_00,4,
51098,SPEAKER_01,4,
51098,SPEAKER_00,5,2.643207579210601
51098,SPEAKER_01,5,1.8607635772687399
51098,SPEAKER_00,6,
51098,SPEAKER_01,6,
51098,SPEAKER_00,7,
51098,SPEAKER_01,7,2.175034483164499
51098,SPEAKER_00,8,
51098,SPEAKER_01,8,
51098,SPEAKER_00,9,
51098,SPEAKER_01,9,
51098,SPEAKER_00,10,
51098,SPEAKER_01,10,
51098,SPEAKER_00,11,
51098,SPEAKER_01,11,
51098,SPEAKER_00,12,
51098,SPEAKER_01,12,
51098,SPEAKER_00,13,
51098,SPEAKER_01,13,
51098,SPEAKER_00,14,
51098,SPEAKER_01,14,
51098,SPEAKER_00,15,
51098,SPEAKER_01,15,
51105,SPEAKER_00,-15,
51105,SPEAKER_01,-15,
51105,SPEAKER_00,-14,
51105,SPEAKER_01,-14,
51105,SPEAKER_00,-13,
51105,SPEAKER_01,-13,
51105,SPEAKER_00,-12,
51105,SPEAKER_01,-12,
51105,SPEAKER_00,-11,
51105,SPEAKER_01,-11,
51105,SPEAKER_00,-10,
51105,SPEAKER_01,-10,
51105,SPEAKER_00,-9,
51105,SPEAKER_01,-9,
51105,SPEAKER_00,-8,
51105,SPEAKER_01,-8,
51105,SPEAKER_00,-7,
51105,SPEAKER_01,-7,
51105,SPEAKER_00,-6,
51105,SPEAKER_01,-6,
51105,SPEAKER_00,-5,
51105,SPEAKER_01,-5,
51105,SPEAKER_00,-4,
51105,SPEAKER_01,-4,
51105,SPEAKER_00,-3,
51105,SPEAKER_01,-3,
51105,SPEAKER_00,-2,
51105,SPEAKER_01,-2,
51105,SPEAKER_00,-1,
51105,SPEAKER_01,-1,
51105,SPEAKER_00,0,
51105,SPEAKER_01,0,
51105,SPEAKER_00,1,
51105,SPEAKER_01,1,
51105,SPEAKER_00,2,
51105,SPEAKER_01,2,
51105,SPEAKER_00,3,
51105,SPEAKER_01,3,
51105,SPEAKER_00,4,
51105,SPEAKER_01,4,
51105,SPEAKER_00,5,
51105,SPEAKER_01,5,
51105,SPEAKER_00,6,
51105,SPEAKER_01,6,
51105,SPEAKER_00,7,
51105,SPEAKER_01,7,
51105,SPEAKER_00,8,
51105,SPEAKER_01,8,
51105,SPEAKER_00,9,
51105,SPEAKER_01,9,
51105,SPEAKER_00,10,
51105,SPEAKER_01,10,
51105,SPEAKER_00,11,
51105,SPEAKER_01,11,
51105,SPEAKER_00,12,
51105,SPEAKER_01,12,
51105,SPEAKER_00,13,
51105,SPEAKER_01,13,
51105,SPEAKER_00,14,
51105,SPEAKER_01,14,
51105,SPEAKER_00,15,
51105,SPEAKER_01,15,
51119,SPEAKER_00,-15,
51119,SPEAKER_01,-15,
51119,SPEAKER_00,-14,
51119,SPEAKER_01,-14,
51119,SPEAKER_00,-13,
51119,SPEAKER_01,-13,
51119,SPEAKER_00,-12,
51119,SPEAKER_01,-12,
51119,SPEAKER_00,-11,
51119,SPEAKER_01,-11,
51119,SPEAKER_00,-10,
51119,SPEAKER_01,-10,
51119,SPEAKER_00,-9,
51119,SPEAKER_01,-9,
51119,SPEAKER_00,-8,
51119,SPEAKER_01,-8,
51119,SPEAKER_00,-7,
51119,SPEAKER_01,-7,
51119,SPEAKER_00,-6,
51119,SPEAKER_01,-6,
51119,SPEAKER_00,-5,
51119,SPEAKER_01,-5,
51119,SPEAKER_00,-4,
51119,SPEAKER_01,-4,
51119,SPEAKER_00,-3,
51119,SPEAKER_01,-3,
51119,SPEAKER_00,-2,
51119,SPEAKER_01,-2,
51119,SPEAKER_00,-1,
51119,SPEAKER_01,-1,
51119,SPEAKER_00,0,
51119,SPEAKER_01,0,
51119,SPEAKER_00,1,
51119,SPEAKER_01,1,
51119,SPEAKER_00,2,
51119,SPEAKER_01,2,
51119,SPEAKER_00,3,
51119,SPEAKER_01,3,
51119,SPEAKER_00,4,
51119,SPEAKER_01,4,
51119,SPEAKER_00,5,
51119,SPEAKER_01,5,
51119,SPEAKER_00,6,
51119,SPEAKER_01,6,
51119,SPEAKER_00,7,
51119,SPEAKER_01,7,
51119,SPEAKER_00,8,
51119,SPEAKER_01,8,
51119,SPEAKER_00,9,
51119,SPEAKER_01,9,
51119,SPEAKER_00,10,
51119,SPEAKER_01,10,
51119,SPEAKER_00,11,
51119,SPEAKER_01,11,
51119,SPEAKER_00,12,
51119,SPEAKER_01,12,
51119,SPEAKER_00,13,
51119,SPEAKER_01,13,
51119,SPEAKER_00,14,
51119,SPEAKER_01,14,
51119,SPEAKER_00,15,
51119,SPEAKER_01,15,
51132,SPEAKER_00,-15,
51132,SPEAKER_01,-15,
51132,SPEAKER_00,-14,
51132,SPEAKER_01,-14,
51132,SPEAKER_00,-13,
51132,SPEAKER_01,-13,
51132,SPEAKER_00,-12,
51132,SPEAKER_01,-12,
51132,SPEAKER_00,-11,
51132,SPEAKER_01,-11,
51132,SPEAKER_00,-10,
51132,SPEAKER_01,-10,
51132,SPEAKER_00,-9,
51132,SPEAKER_01,-9,
51132,SPEAKER_00,-8,
51132,SPEAKER_01,-8,
51132,SPEAKER_00,-7,
51132,SPEAKER_01,-7,
51132,SPEAKER_00,-6,
51132,SPEAKER_01,-6,
51132,SPEAKER_00,-5,
51132,SPEAKER_01,-5,
51132,SPEAKER_00,-4,
51132,SPEAKER_01,-4,
51132,SPEAKER_00,-3,
51132,SPEAKER_01,-3,
51132,SPEAKER_00,-2,
51132,SPEAKER_01,-2,
51132,SPEAKER_00,-1,
51132,SPEAKER_01,-1,
51132,SPEAKER_00,0,
51132,SPEAKER_01,0,
51132,SPEAKER_00,1,
51132,SPEAKER_01,1,
51132,SPEAKER_00,2,
51132,SPEAKER_01,2,
51132,SPEAKER_00,3,
51132,SPEAKER_01,3,
51132,SPEAKER_00,4,
51132,SPEAKER_01,4,
51132,SPEAKER_00,5,
51132,SPEAKER_01,5,
51132,SPEAKER_00,6,
51132,SPEAKER_01,6,
51132,SPEAKER_00,7,
51132,SPEAKER_01,7,
51132,SPEAKER_00,8,
51132,SPEAKER_01,8,
51132,SPEAKER_00,9,
51132,SPEAKER_01,9,
51132,SPEAKER_00,10,
51132,SPEAKER_01,10,
51132,SPEAKER_00,11,
51132,SPEAKER_01,11,
51132,SPEAKER_00,12,
51132,SPEAKER_01,12,
51132,SPEAKER_00,13,
51132,SPEAKER_01,13,
51132,SPEAKER_00,14,
51132,SPEAKER_01,14,
51132,SPEAKER_00,15,
51132,SPEAKER_01,15,
51250,SPEAKER_00,-15,
51250,SPEAKER_01,-15,
51250,SPEAKER_00,-14,
51250,SPEAKER_01,-14,
51250,SPEAKER_00,-13,0.32319992167054845
51250,SPEAKER_01,-13,0.11267300998845692
51250,SPEAKER_00,-12,
51250,SPEAKER_01,-12,
51250,SPEAKER_00,-11,0.04457793417252019
51250,SPEAKER_01,-11,0.005231103476420366
51250,SPEAKER_00,-10,
51250,SPEAKER_01,-10,
51250,SPEAKER_00,-9,0.7712282214993996
51250,SPEAKER_01,-9,0.4730458295005655
51250,SPEAKER_00,-8,
51250,SPEAKER_01,-8,
51250,SPEAKER_00,-7,0.8251324531277395
51250,SPEAKER_01,-7,0.06039848787006091
51250,SPEAKER_00,-6,
51250,SPEAKER_01,-6,
51250,SPEAKER_00,-5,0.3262183238402607
51250,SPEAKER_01,-5,0.5760929225161426
51250,SPEAKER_00,-4,
51250,SPEAKER_01,-4,
51250,SPEAKER_00,-3,2.009378524348622
51250,SPEAKER_01,-3,1.0544317040560176
51250,SPEAKER_00,-2,
51250,SPEAKER_01,-2,
51250,SPEAKER_00,-1,0.06541694014126294
51250,SPEAKER_01,-1,0.8699719782339328
51250,SPEAKER_00,0,
51250,SPEAKER_01,0,
51250,SPEAKER_00,1,0.0012770061304221525
51250,SPEAKER_01,1,0.3597350725804124
51250,SPEAKER_00,2,
51250,SPEAKER_01,2,
51250,SPEAKER_00,3,0.01015372725467541
51250,SPEAKER_01,3,0.08871107820570232
51250,SPEAKER_00,4,
51250,SPEAKER_01,4,
51250,SPEAKER_00,5,0.012412735196389099
51250,SPEAKER_01,5,0.006782284646240268
51250,SPEAKER_00,6,
51250,SPEAKER_01,6,
51250,SPEAKER_00,7,3.9673919588219033
51250,SPEAKER_01,7,1.3986028377783162
51250,SPEAKER_00,8,
51250,SPEAKER_01,8,
51250,SPEAKER_00,9,0.936673132272837
51250,SPEAKER_01,9,0.36988802521583175
51250,SPEAKER_00,10,
51250,SPEAKER_01,10,
51250,SPEAKER_00,11,0.09984904477983242
51250,SPEAKER_01,11,0.23485152499399653
51250,SPEAKER_00,12,
51250,SPEAKER_01,12,
51250,SPEAKER_00,13,2.2633889563103713
51250,SPEAKER_01,13,4.879904895882271
51250,SPEAKER_00,14,
51250,SPEAKER_01,14,
51250,SPEAKER_00,15,
51250,SPEAKER_01,15,
51369,SPEAKER_00,-15,
51369,SPEAKER_01,-15,
51369,SPEAKER_00,-14,
51369,SPEAKER_01,-14,
51369,SPEAKER_00,-13,
51369,SPEAKER_01,-13,
51369,SPEAKER_00,-12,
51369,SPEAKER_01,-12,
51369,SPEAKER_00,-11,
51369,SPEAKER_01,-11,
51369,SPEAKER_00,-10,
51369,SPEAKER_01,-10,
51369,SPEAKER_00,-9,
51369,SPEAKER_01,-9,
51369,SPEAKER_00,-8,
51369,SPEAKER_01,-8,
51369,SPEAKER_00,-7,
51369,SPEAKER_01,-7,
51369,SPEAKER_00,-6,
51369,SPEAKER_01,-6,
51369,SPEAKER_00,-5,
51369,SPEAKER_01,-5,
51369,SPEAKER_00,-4,
51369,SPEAKER_01,-4,
51369,SPEAKER_00,-3,
51369,SPEAKER_01,-3,
51369,SPEAKER_00,-2,
51369,SPEAKER_01,-2,
51369,SPEAKER_00,-1,
51369,SPEAKER_01,-1,
51369,SPEAKER_00,0,
51369,SPEAKER_01,0,
51369,SPEAKER_00,1,
51369,SPEAKER_01,1,
51369,SPEAKER_00,2,
51369,SPEAKER_01,2,
51369,SPEAKER_00,3,
51369,SPEAKER_01,3,
51369,SPEAKER_00,4,
51369,SPEAKER_01,4,
51369,SPEAKER_00,5,
51369,SPEAKER_01,5,
51369,SPEAKER_00,6,
51369,SPEAKER_01,6,
51369,SPEAKER_00,7,
51369,SPEAKER_01,7,
51369,SPEAKER_00,8,
51369,SPEAKER_01,8,
51369,SPEAKER_00,9,
51369,SPEAKER_01,9,
51369,SPEAKER_00,10,
51369,SPEAKER_01,10,
51369,SPEAKER_00,11,
51369,SPEAKER_01,11,
51369,SPEAKER_00,12,
51369,SPEAKER_01,12,
51369,SPEAKER_00,13,
51369,SPEAKER_01,13,
51369,SPEAKER_00,14,
51369,SPEAKER_01,14,
51369,SPEAKER_00,15,
51369,SPEAKER_01,15,
51464,SPEAKER_00,-15,
51464,SPEAKER_01,-15,
51464,SPEAKER_00,-14,
51464,SPEAKER_01,-14,
51464,SPEAKER_00,-13,
51464,SPEAKER_01,-13,
51464,SPEAKER_00,-12,
51464,SPEAKER_01,-12,
51464,SPEAKER_00,-11,
51464,SPEAKER_01,-11,
51464,SPEAKER_00,-10,
51464,SPEAKER_01,-10,
51464,SPEAKER_00,-9,
51464,SPEAKER_01,-9,
51464,SPEAKER_00,-8,
51464,SPEAKER_01,-8,
51464,SPEAKER_00,-7,
51464,SPEAKER_01,-7,
51464,SPEAKER_00,-6,
51464,SPEAKER_01,-6,
51464,SPEAKER_00,-5,
51464,SPEAKER_01,-5,
51464,SPEAKER_00,-4,
51464,SPEAKER_01,-4,
51464,SPEAKER_00,-3,
51464,SPEAKER_01,-3,
51464,SPEAKER_00,-2,
51464,SPEAKER_01,-2,
51464,SPEAKER_00,-1,
51464,SPEAKER_01,-1,
51464,SPEAKER_00,0,
51464,SPEAKER_01,0,
51464,SPEAKER_00,1,
51464,SPEAKER_01,1,
51464,SPEAKER_00,2,
51464,SPEAKER_01,2,
51464,SPEAKER_00,3,
51464,SPEAKER_01,3,
51464,SPEAKER_00,4,
51464,SPEAKER_01,4,
51464,SPEAKER_00,5,
51464,SPEAKER_01,5,
51464,SPEAKER_00,6,
51464,SPEAKER_01,6,
51464,SPEAKER_00,7,
51464,SPEAKER_01,7,
51464,SPEAKER_00,8,
51464,SPEAKER_01,8,
51464,SPEAKER_00,9,
51464,SPEAKER_01,9,
51464,SPEAKER_00,10,
51464,SPEAKER_01,10,
51464,SPEAKER_00,11,
51464,SPEAKER_01,11,
51464,SPEAKER_00,12,
51464,SPEAKER_01,12,
51464,SPEAKER_00,13,
51464,SPEAKER_01,13,
51464,SPEAKER_00,14,
51464,SPEAKER_01,14,
51464,SPEAKER_00,15,
51464,SPEAKER_01,15,
51549,SPEAKER_00,-15,
51549,SPEAKER_02,-15,
51549,SPEAKER_00,-14,
51549,SPEAKER_02,-14,
51549,SPEAKER_00,-13,
51549,SPEAKER_02,-13,
51549,SPEAKER_00,-12,
51549,SPEAKER_02,-12,
51549,SPEAKER_00,-11,
51549,SPEAKER_02,-11,
51549,SPEAKER_00,-10,
51549,SPEAKER_02,-10,
51549,SPEAKER_00,-9,
51549,SPEAKER_02,-9,
51549,SPEAKER_00,-8,
51549,SPEAKER_02,-8,
51549,SPEAKER_00,-7,
51549,SPEAKER_02,-7,
51549,SPEAKER_00,-6,
51549,SPEAKER_02,-6,
51549,SPEAKER_00,-5,
51549,SPEAKER_02,-5,
51549,SPEAKER_00,-4,
51549,SPEAKER_02,-4,
51549,SPEAKER_00,-3,0.3183716275888838
51549,SPEAKER_02,-3,
51549,SPEAKER_00,-2,
51549,SPEAKER_02,-2,
51549,SPEAKER_00,-1,0.004752986746975489
51549,SPEAKER_02,-1,3.398790944543079
51549,SPEAKER_00,0,
51549,SPEAKER_02,0,
51549,SPEAKER_00,1,1.2829598195534753
51549,SPEAKER_02,1,0.46537226561982503
51549,SPEAKER_00,2,
51549,SPEAKER_02,2,
51549,SPEAKER_00,3,
51549,SPEAKER_02,3,1.156526509220734
51549,SPEAKER_00,4,
51549,SPEAKER_02,4,
51549,SPEAKER_00,5,
51549,SPEAKER_02,5,
51549,SPEAKER_00,6,
51549,SPEAKER_02,6,
51549,SPEAKER_00,7,
51549,SPEAKER_02,7,
51549,SPEAKER_00,8,
51549,SPEAKER_02,8,
51549,SPEAKER_00,9,
51549,SPEAKER_02,9,
51549,SPEAKER_00,10,
51549,SPEAKER_02,10,
51549,SPEAKER_00,11,
51549,SPEAKER_02,11,
51549,SPEAKER_00,12,
51549,SPEAKER_02,12,
51549,SPEAKER_00,13,
51549,SPEAKER_02,13,
51549,SPEAKER_00,14,
51549,SPEAKER_02,14,
51549,SPEAKER_00,15,
51549,SPEAKER_02,15,
51626,SPEAKER_00,-15,
51626,SPEAKER_01,-15,
51626,SPEAKER_00,-14,
51626,SPEAKER_01,-14,
51626,SPEAKER_00,-13,
51626,SPEAKER_01,-13,
51626,SPEAKER_00,-12,
51626,SPEAKER_01,-12,
51626,SPEAKER_00,-11,
51626,SPEAKER_01,-11,
51626,SPEAKER_00,-10,
51626,SPEAKER_01,-10,
51626,SPEAKER_00,-9,
51626,SPEAKER_01,-9,
51626,SPEAKER_00,-8,
51626,SPEAKER_01,-8,
51626,SPEAKER_00,-7,
51626,SPEAKER_01,-7,
51626,SPEAKER_00,-6,
51626,SPEAKER_01,-6,
51626,SPEAKER_00,-5,
51626,SPEAKER_01,-5,
51626,SPEAKER_00,-4,
51626,SPEAKER_01,-4,
51626,SPEAKER_00,-3,
51626,SPEAKER_01,-3,
51626,SPEAKER_00,-2,
51626,SPEAKER_01,-2,
51626,SPEAKER_00,-1,
51626,SPEAKER_01,-1,
51626,SPEAKER_00,0,
51626,SPEAKER_01,0,
51626,SPEAKER_00,1,
51626,SPEAKER_01,1,
51626,SPEAKER_00,2,
51626,SPEAKER_01,2,
51626,SPEAKER_00,3,
51626,SPEAKER_01,3,
51626,SPEAKER_00,4,
51626,SPEAKER_01,4,
51626,SPEAKER_00,5,
51626,SPEAKER_01,5,
51626,SPEAKER_00,6,
51626,SPEAKER_01,6,
51626,SPEAKER_00,7,
51626,SPEAKER_01,7,
51626,SPEAKER_00,8,
51626,SPEAKER_01,8,
51626,SPEAKER_00,9,
51626,SPEAKER_01,9,
51626,SPEAKER_00,10,
51626,SPEAKER_01,10,
51626,SPEAKER_00,11,
51626,SPEAKER_01,11,
51626,SPEAKER_00,12,
51626,SPEAKER_01,12,
51626,SPEAKER_00,13,
51626,SPEAKER_01,13,
51626,SPEAKER_00,14,
51626,SPEAKER_01,14,
51626,SPEAKER_00,15,
51626,SPEAKER_01,15,
51628,SPEAKER_00,-15,
51628,SPEAKER_01,-15,
51628,SPEAKER_00,-14,
51628,SPEAKER_01,-14,
51628,SPEAKER_00,-13,
51628,SPEAKER_01,-13,
51628,SPEAKER_00,-12,
51628,SPEAKER_01,-12,
51628,SPEAKER_00,-11,
51628,SPEAKER_01,-11,
51628,SPEAKER_00,-10,
51628,SPEAKER_01,-10,
51628,SPEAKER_00,-9,
51628,SPEAKER_01,-9,
51628,SPEAKER_00,-8,
51628,SPEAKER_01,-8,
51628,SPEAKER_00,-7,
51628,SPEAKER_01,-7,
51628,SPEAKER_00,-6,
51628,SPEAKER_01,-6,
51628,SPEAKER_00,-5,
51628,SPEAKER_01,-5,
51628,SPEAKER_00,-4,
51628,SPEAKER_01,-4,
51628,SPEAKER_00,-3,
51628,SPEAKER_01,-3,
51628,SPEAKER_00,-2,
51628,SPEAKER_01,-2,
51628,SPEAKER_00,-1,
51628,SPEAKER_01,-1,
51628,SPEAKER_00,0,
51628,SPEAKER_01,0,
51628,SPEAKER_00,1,
51628,SPEAKER_01,1,
51628,SPEAKER_00,2,
51628,SPEAKER_01,2,
51628,SPEAKER_00,3,
51628,SPEAKER_01,3,
51628,SPEAKER_00,4,
51628,SPEAKER_01,4,
51628,SPEAKER_00,5,
51628,SPEAKER_01,5,
51628,SPEAKER_00,6,
51628,SPEAKER_01,6,
51628,SPEAKER_00,7,
51628,SPEAKER_01,7,
51628,SPEAKER_00,8,
51628,SPEAKER_01,8,
51628,SPEAKER_00,9,
51628,SPEAKER_01,9,
51628,SPEAKER_00,10,
51628,SPEAKER_01,10,
51628,SPEAKER_00,11,
51628,SPEAKER_01,11,
51628,SPEAKER_00,12,
51628,SPEAKER_01,12,
51628,SPEAKER_00,13,
51628,SPEAKER_01,13,
51628,SPEAKER_00,14,
51628,SPEAKER_01,14,
51628,SPEAKER_00,15,
51628,SPEAKER_01,15,
51684,SPEAKER_00,-15,
51684,SPEAKER_01,-15,
51684,SPEAKER_00,-14,
51684,SPEAKER_01,-14,
51684,SPEAKER_00,-13,
51684,SPEAKER_01,-13,
51684,SPEAKER_00,-12,
51684,SPEAKER_01,-12,
51684,SPEAKER_00,-11,
51684,SPEAKER_01,-11,
51684,SPEAKER_00,-10,
51684,SPEAKER_01,-10,
51684,SPEAKER_00,-9,
51684,SPEAKER_01,-9,
51684,SPEAKER_00,-8,
51684,SPEAKER_01,-8,
51684,SPEAKER_00,-7,
51684,SPEAKER_01,-7,
51684,SPEAKER_00,-6,
51684,SPEAKER_01,-6,
51684,SPEAKER_00,-5,
51684,SPEAKER_01,-5,
51684,SPEAKER_00,-4,
51684,SPEAKER_01,-4,
51684,SPEAKER_00,-3,
51684,SPEAKER_01,-3,
51684,SPEAKER_00,-2,
51684,SPEAKER_01,-2,
51684,SPEAKER_00,-1,0.696333483125498
51684,SPEAKER_01,-1,0.7703867554316773
51684,SPEAKER_00,0,
51684,SPEAKER_01,0,
51684,SPEAKER_00,1,0.001125016168581546
51684,SPEAKER_01,1,0.00010342685367319201
51684,SPEAKER_00,2,
51684,SPEAKER_01,2,
51684,SPEAKER_00,3,
51684,SPEAKER_01,3,
51684,SPEAKER_00,4,
51684,SPEAKER_01,4,
51684,SPEAKER_00,5,
51684,SPEAKER_01,5,
51684,SPEAKER_00,6,
51684,SPEAKER_01,6,
51684,SPEAKER_00,7,
51684,SPEAKER_01,7,
51684,SPEAKER_00,8,
51684,SPEAKER_01,8,
51684,SPEAKER_00,9,
51684,SPEAKER_01,9,
51684,SPEAKER_00,10,
51684,SPEAKER_01,10,
51684,SPEAKER_00,11,
51684,SPEAKER_01,11,
51684,SPEAKER_00,12,
51684,SPEAKER_01,12,
51684,SPEAKER_00,13,
51684,SPEAKER_01,13,
51684,SPEAKER_00,14,
51684,SPEAKER_01,14,
51684,SPEAKER_00,15,
51684,SPEAKER_01,15,
51909,SPEAKER_00,-15,
51909,SPEAKER_01,-15,
51909,SPEAKER_00,-14,
51909,SPEAKER_01,-14,
51909,SPEAKER_00,-13,
51909,SPEAKER_01,-13,
51909,SPEAKER_00,-12,
51909,SPEAKER_01,-12,
51909,SPEAKER_00,-11,
51909,SPEAKER_01,-11,
51909,SPEAKER_00,-10,
51909,SPEAKER_01,-10,
51909,SPEAKER_00,-9,0.6075015408305077
51909,SPEAKER_01,-9,
51909,SPEAKER_00,-8,
51909,SPEAKER_01,-8,
51909,SPEAKER_00,-7,2.336190742513775
51909,SPEAKER_01,-7,0.5332602324220607
51909,SPEAKER_00,-6,
51909,SPEAKER_01,-6,
51909,SPEAKER_00,-5,0.3877564771770418
51909,SPEAKER_01,-5,0.6159476097325237
51909,SPEAKER_00,-4,
51909,SPEAKER_01,-4,
51909,SPEAKER_00,-3,6.34701620178358
51909,SPEAKER_01,-3,17.99325736880952
51909,SPEAKER_00,-2,
51909,SPEAKER_01,-2,
51909,SPEAKER_00,-1,0.2798628868980393
51909,SPEAKER_01,-1,0.12646265712414875
51909,SPEAKER_00,0,
51909,SPEAKER_01,0,
51909,SPEAKER_00,1,3.4342076591984334
51909,SPEAKER_01,1,3.455490903051622
51909,SPEAKER_00,2,
51909,SPEAKER_01,2,
51909,SPEAKER_00,3,0.144058234673345
51909,SPEAKER_01,3,2.0125816248157835
51909,SPEAKER_00,4,
51909,SPEAKER_01,4,
51909,SPEAKER_00,5,1.4428764844255566
51909,SPEAKER_01,5,2.277461994582112
51909,SPEAKER_00,6,
51909,SPEAKER_01,6,
51909,SPEAKER_00,7,0.010618142029894433
51909,SPEAKER_01,7,1.6745486405031633
51909,SPEAKER_00,8,
51909,SPEAKER_01,8,
51909,SPEAKER_00,9,
51909,SPEAKER_01,9,0.4482622992160415
51909,SPEAKER_00,10,
51909,SPEAKER_01,10,
51909,SPEAKER_00,11,
51909,SPEAKER_01,11,
51909,SPEAKER_00,12,
51909,SPEAKER_01,12,
51909,SPEAKER_00,13,
51909,SPEAKER_01,13,
51909,SPEAKER_00,14,
51909,SPEAKER_01,14,
51909,SPEAKER_00,15,
51909,SPEAKER_01,15,
64848,SPEAKER_00,-15,
64848,SPEAKER_01,-15,
64848,SPEAKER_00,-14,
64848,SPEAKER_01,-14,
64848,SPEAKER_00,-13,
64848,SPEAKER_01,-13,
64848,SPEAKER_00,-12,
64848,SPEAKER_01,-12,
64848,SPEAKER_00,-11,
64848,SPEAKER_01,-11,
64848,SPEAKER_00,-10,
64848,SPEAKER_01,-10,
64848,SPEAKER_00,-9,
64848,SPEAKER_01,-9,
64848,SPEAKER_00,-8,
64848,SPEAKER_01,-8,
64848,SPEAKER_00,-7,
64848,SPEAKER_01,-7,
64848,SPEAKER_00,-6,
64848,SPEAKER_01,-6,
64848,SPEAKER_00,-5,5.248846954060332
64848,SPEAKER_01,-5,7.673108418425439
64848,SPEAKER_00,-4,
64848,SPEAKER_01,-4,
64848,SPEAKER_00,-3,3.3147163422616273
64848,SPEAKER_01,-3,0.5325097587939076
64848,SPEAKER_00,-2,
64848,SPEAKER_01,-2,
64848,SPEAKER_00,-1,0.49227413685960186
64848,SPEAKER_01,-1,0.20262024873370477
64848,SPEAKER_00,0,
64848,SPEAKER_01,0,
64848,SPEAKER_00,1,0.5613165479582689
64848,SPEAKER_01,1,1.301267039928331
64848,SPEAKER_00,2,
64848,SPEAKER_01,2,
64848,SPEAKER_00,3,2.073361695233805
64848,SPEAKER_01,3,3.082177347067267
64848,SPEAKER_00,4,
64848,SPEAKER_01,4,
64848,SPEAKER_00,5,2.704021389664564
64848,SPEAKER_01,5,0.5422991539564225
64848,SPEAKER_00,6,
64848,SPEAKER_01,6,
64848,SPEAKER_00,7,
64848,SPEAKER_01,7,
64848,SPEAKER_00,8,
64848,SPEAKER_01,8,
64848,SPEAKER_00,9,
64848,SPEAKER_01,9,
64848,SPEAKER_00,10,
64848,SPEAKER_01,10,
64848,SPEAKER_00,11,
64848,SPEAKER_01,11,
64848,SPEAKER_00,12,
64848,SPEAKER_01,12,
64848,SPEAKER_00,13,
64848,SPEAKER_01,13,
64848,SPEAKER_00,14,
64848,SPEAKER_01,14,
64848,SPEAKER_00,15,
64848,SPEAKER_01,15,
65117,SPEAKER_00,-15,
65117,SPEAKER_01,-15,
65117,SPEAKER_00,-14,
65117,SPEAKER_01,-14,
65117,SPEAKER_00,-13,
65117,SPEAKER_01,-13,
65117,SPEAKER_00,-12,
65117,SPEAKER_01,-12,
65117,SPEAKER_00,-11,
65117,SPEAKER_01,-11,
65117,SPEAKER_00,-10,
65117,SPEAKER_01,-10,
65117,SPEAKER_00,-9,
65117,SPEAKER_01,-9,
65117,SPEAKER_00,-8,
65117,SPEAKER_01,-8,
65117,SPEAKER_00,-7,
65117,SPEAKER_01,-7,
65117,SPEAKER_00,-6,
65117,SPEAKER_01,-6,
65117,SPEAKER_00,-5,
65117,SPEAKER_01,-5,
65117,SPEAKER_00,-4,
65117,SPEAKER_01,-4,
65117,SPEAKER_00,-3,1.1826395776607483
65117,SPEAKER_01,-3,0.07787416202208755
65117,SPEAKER_00,-2,
65117,SPEAKER_01,-2,
65117,SPEAKER_00,-1,1.674014477136647
65117,SPEAKER_01,-1,0.7974215196760606
65117,SPEAKER_00,0,
65117,SPEAKER_01,0,
65117,SPEAKER_00,1,1.2182340382305967
65117,SPEAKER_01,1,1.1634106255667174
65117,SPEAKER_00,2,
65117,SPEAKER_01,2,
65117,SPEAKER_00,3,0.7080335572580678
65117,SPEAKER_01,3,0.6762779773510227
65117,SPEAKER_00,4,
65117,SPEAKER_01,4,
65117,SPEAKER_00,5,
65117,SPEAKER_01,5,
65117,SPEAKER_00,6,
65117,SPEAKER_01,6,
65117,SPEAKER_00,7,
65117,SPEAKER_01,7,
65117,SPEAKER_00,8,
65117,SPEAKER_01,8,
65117,SPEAKER_00,9,
65117,SPEAKER_01,9,
65117,SPEAKER_00,10,
65117,SPEAKER_01,10,
65117,SPEAKER_00,11,
65117,SPEAKER_01,11,
65117,SPEAKER_00,12,
65117,SPEAKER_01,12,
65117,SPEAKER_00,13,
65117,SPEAKER_01,13,
65117,SPEAKER_00,14,
65117,SPEAKER_01,14,
65117,SPEAKER_00,15,
65117,SPEAKER_01,15,
65166,SPEAKER_00,-15,
65166,SPEAKER_01,-15,
65166,SPEAKER_00,-14,
65166,SPEAKER_01,-14,
65166,SPEAKER_00,-13,
65166,SPEAKER_01,-13,
65166,SPEAKER_00,-12,
65166,SPEAKER_01,-12,
65166,SPEAKER_00,-11,
65166,SPEAKER_01,-11,
65166,SPEAKER_00,-10,
65166,SPEAKER_01,-10,
65166,SPEAKER_00,-9,
65166,SPEAKER_01,-9,
65166,SPEAKER_00,-8,
65166,SPEAKER_01,-8,
65166,SPEAKER_00,-7,
65166,SPEAKER_01,-7,
65166,SPEAKER_00,-6,
65166,SPEAKER_01,-6,
65166,SPEAKER_00,-5,
65166,SPEAKER_01,-5,
65166,SPEAKER_00,-4,
65166,SPEAKER_01,-4,
65166,SPEAKER_00,-3,
65166,SPEAKER_01,-3,
65166,SPEAKER_00,-2,
65166,SPEAKER_01,-2,
65166,SPEAKER_00,-1,
65166,SPEAKER_01,-1,
65166,SPEAKER_00,0,
65166,SPEAKER_01,0,
65166,SPEAKER_00,1,
65166,SPEAKER_01,1,
65166,SPEAKER_00,2,
65166,SPEAKER_01,2,
65166,SPEAKER_00,3,
65166,SPEAKER_01,3,
65166,SPEAKER_00,4,
65166,SPEAKER_01,4,
65166,SPEAKER_00,5,
65166,SPEAKER_01,5,
65166,SPEAKER_00,6,
65166,SPEAKER_01,6,
65166,SPEAKER_00,7,
65166,SPEAKER_01,7,
65166,SPEAKER_00,8,
65166,SPEAKER_01,8,
65166,SPEAKER_00,9,
65166,SPEAKER_01,9,
65166,SPEAKER_00,10,
65166,SPEAKER_01,10,
65166,SPEAKER_00,11,
65166,SPEAKER_01,11,
65166,SPEAKER_00,12,
65166,SPEAKER_01,12,
65166,SPEAKER_00,13,
65166,SPEAKER_01,13,
65166,SPEAKER_00,14,
65166,SPEAKER_01,14,
65166,SPEAKER_00,15,
65166,SPEAKER_01,15,
65897,SPEAKER_00,-15,
65897,SPEAKER_02,-15,
65897,SPEAKER_00,-14,
65897,SPEAKER_02,-14,
65897,SPEAKER_00,-13,
65897,SPEAKER_02,-13,
65897,SPEAKER_00,-12,
65897,SPEAKER_02,-12,
65897,SPEAKER_00,-11,
65897,SPEAKER_02,-11,
65897,SPEAKER_00,-10,
65897,SPEAKER_02,-10,
65897,SPEAKER_00,-9,
65897,SPEAKER_02,-9,
65897,SPEAKER_00,-8,
65897,SPEAKER_02,-8,
65897,SPEAKER_00,-7,
65897,SPEAKER_02,-7,
65897,SPEAKER_00,-6,
65897,SPEAKER_02,-6,
65897,SPEAKER_00,-5,
65897,SPEAKER_02,-5,
65897,SPEAKER_00,-4,
65897,SPEAKER_02,-4,
65897,SPEAKER_00,-3,
65897,SPEAKER_02,-3,
65897,SPEAKER_00,-2,
65897,SPEAKER_02,-2,
65897,SPEAKER_00,-1,
65897,SPEAKER_02,-1,
65897,SPEAKER_00,0,
65897,SPEAKER_02,0,
65897,SPEAKER_00,1,
65897,SPEAKER_02,1,
65897,SPEAKER_00,2,
65897,SPEAKER_02,2,
65897,SPEAKER_00,3,
65897,SPEAKER_02,3,
65897,SPEAKER_00,4,
65897,SPEAKER_02,4,
65897,SPEAKER_00,5,
65897,SPEAKER_02,5,
65897,SPEAKER_00,6,
65897,SPEAKER_02,6,
65897,SPEAKER_00,7,
65897,SPEAKER_02,7,
65897,SPEAKER_00,8,
65897,SPEAKER_02,8,
65897,SPEAKER_00,9,
65897,SPEAKER_02,9,
65897,SPEAKER_00,10,
65897,SPEAKER_02,10,
65897,SPEAKER_00,11,
65897,SPEAKER_02,11,
65897,SPEAKER_00,12,
65897,SPEAKER_02,12,
65897,SPEAKER_00,13,
65897,SPEAKER_02,13,
65897,SPEAKER_00,14,
65897,SPEAKER_02,14,
65897,SPEAKER_00,15,
65897,SPEAKER_02,15,
66007,SPEAKER_00,-15,
66007,SPEAKER_01,-15,
66007,SPEAKER_00,-14,
66007,SPEAKER_01,-14,
66007,SPEAKER_00,-13,
66007,SPEAKER_01,-13,
66007,SPEAKER_00,-12,
66007,SPEAKER_01,-12,
66007,SPEAKER_00,-11,
66007,SPEAKER_01,-11,
66007,SPEAKER_00,-10,
66007,SPEAKER_01,-10,
66007,SPEAKER_00,-9,
66007,SPEAKER_01,-9,
66007,SPEAKER_00,-8,
66007,SPEAKER_01,-8,
66007,SPEAKER_00,-7,
66007,SPEAKER_01,-7,
66007,SPEAKER_00,-6,
66007,SPEAKER_01,-6,
66007,SPEAKER_00,-5,
66007,SPEAKER_01,-5,
66007,SPEAKER_00,-4,
66007,SPEAKER_01,-4,
66007,SPEAKER_00,-3,
66007,SPEAKER_01,-3,
66007,SPEAKER_00,-2,
66007,SPEAKER_01,-2,
66007,SPEAKER_00,-1,
66007,SPEAKER_01,-1,
66007,SPEAKER_00,0,
66007,SPEAKER_01,0,
66007,SPEAKER_00,1,
66007,SPEAKER_01,1,
66007,SPEAKER_00,2,
66007,SPEAKER_01,2,
66007,SPEAKER_00,3,
66007,SPEAKER_01,3,
66007,SPEAKER_00,4,
66007,SPEAKER_01,4,
66007,SPEAKER_00,5,
66007,SPEAKER_01,5,
66007,SPEAKER_00,6,
66007,SPEAKER_01,6,
66007,SPEAKER_00,7,
66007,SPEAKER_01,7,
66007,SPEAKER_00,8,
66007,SPEAKER_01,8,
66007,SPEAKER_00,9,
66007,SPEAKER_01,9,
66007,SPEAKER_00,10,
66007,SPEAKER_01,10,
66007,SPEAKER_00,11,
66007,SPEAKER_01,11,
66007,SPEAKER_00,12,
66007,SPEAKER_01,12,
66007,SPEAKER_00,13,
66007,SPEAKER_01,13,
66007,SPEAKER_00,14,
66007,SPEAKER_01,14,
66007,SPEAKER_00,15,
66007,SPEAKER_01,15,
66276,SPEAKER_00,-15,
66276,SPEAKER_01,-15,
66276,SPEAKER_00,-14,
66276,SPEAKER_01,-14,
66276,SPEAKER_00,-13,
66276,SPEAKER_01,-13,
66276,SPEAKER_00,-12,
66276,SPEAKER_01,-12,
66276,SPEAKER_00,-11,
66276,SPEAKER_01,-11,
66276,SPEAKER_00,-10,
66276,SPEAKER_01,-10,
66276,SPEAKER_00,-9,
66276,SPEAKER_01,-9,
66276,SPEAKER_00,-8,
66276,SPEAKER_01,-8,
66276,SPEAKER_00,-7,
66276,SPEAKER_01,-7,
66276,SPEAKER_00,-6,
66276,SPEAKER_01,-6,
66276,SPEAKER_00,-5,
66276,SPEAKER_01,-5,
66276,SPEAKER_00,-4,
66276,SPEAKER_01,-4,
66276,SPEAKER_00,-3,0.08482968754829025
66276,SPEAKER_01,-3,0.033922357938471225
66276,SPEAKER_00,-2,
66276,SPEAKER_01,-2,
66276,SPEAKER_00,-1,0.0007429252182870315
66276,SPEAKER_01,-1,0.0023740663090103167
66276,SPEAKER_00,0,
66276,SPEAKER_01,0,
66276,SPEAKER_00,1,0.18983663845443075
66276,SPEAKER_01,1,0.6728812691018125
66276,SPEAKER_00,2,
66276,SPEAKER_01,2,
66276,SPEAKER_00,3,0.11708476218450763
66276,SPEAKER_01,3,0.010531966101970526
66276,SPEAKER_00,4,
66276,SPEAKER_01,4,
66276,SPEAKER_00,5,
66276,SPEAKER_01,5,
66276,SPEAKER_00,6,
66276,SPEAKER_01,6,
66276,SPEAKER_00,7,
66276,SPEAKER_01,7,
66276,SPEAKER_00,8,
66276,SPEAKER_01,8,
66276,SPEAKER_00,9,
66276,SPEAKER_01,9,
66276,SPEAKER_00,10,
66276,SPEAKER_01,10,
66276,SPEAKER_00,11,
66276,SPEAKER_01,11,
66276,SPEAKER_00,12,
66276,SPEAKER_01,12,
66276,SPEAKER_00,13,
66276,SPEAKER_01,13,
66276,SPEAKER_00,14,
66276,SPEAKER_01,14,
66276,SPEAKER_00,15,
66276,SPEAKER_01,15,
66473,SPEAKER_00,-15,
66473,SPEAKER_01,-15,
66473,SPEAKER_00,-14,
66473,SPEAKER_01,-14,
66473,SPEAKER_00,-13,
66473,SPEAKER_01,-13,
66473,SPEAKER_00,-12,
66473,SPEAKER_01,-12,
66473,SPEAKER_00,-11,
66473,SPEAKER_01,-11,
66473,SPEAKER_00,-10,
66473,SPEAKER_01,-10,
66473,SPEAKER_00,-9,
66473,SPEAKER_01,-9,
66473,SPEAKER_00,-8,
66473,SPEAKER_01,-8,
66473,SPEAKER_00,-7,
66473,SPEAKER_01,-7,
66473,SPEAKER_00,-6,
66473,SPEAKER_01,-6,
66473,SPEAKER_00,-5,
66473,SPEAKER_01,-5,
66473,SPEAKER_00,-4,
66473,SPEAKER_01,-4,
66473,SPEAKER_00,-3,
66473,SPEAKER_01,-3,
66473,SPEAKER_00,-2,
66473,SPEAKER_01,-2,
66473,SPEAKER_00,-1,
66473,SPEAKER_01,-1,
66473,SPEAKER_00,0,
66473,SPEAKER_01,0,
66473,SPEAKER_00,1,
66473,SPEAKER_01,1,
66473,SPEAKER_00,2,
66473,SPEAKER_01,2,
66473,SPEAKER_00,3,
66473,SPEAKER_01,3,
66473,SPEAKER_00,4,
66473,SPEAKER_01,4,
66473,SPEAKER_00,5,
66473,SPEAKER_01,5,
66473,SPEAKER_00,6,
66473,SPEAKER_01,6,
66473,SPEAKER_00,7,
66473,SPEAKER_01,7,
66473,SPEAKER_00,8,
66473,SPEAKER_01,8,
66473,SPEAKER_00,9,
66473,SPEAKER_01,9,
66473,SPEAKER_00,10,
66473,SPEAKER_01,10,
66473,SPEAKER_00,11,
66473,SPEAKER_01,11,
66473,SPEAKER_00,12,
66473,SPEAKER_01,12,
66473,SPEAKER_00,13,
66473,SPEAKER_01,13,
66473,SPEAKER_00,14,
66473,SPEAKER_01,14,
66473,SPEAKER_00,15,
66473,SPEAKER_01,15,
70851,SPEAKER_00,-15,
70851,SPEAKER_01,-15,
70851,SPEAKER_00,-14,
70851,SPEAKER_01,-14,
70851,SPEAKER_00,-13,0.4877089113623559
70851,SPEAKER_01,-13,0.02676636538473056
70851,SPEAKER_00,-12,
70851,SPEAKER_01,-12,
70851,SPEAKER_00,-11,0.15582829058297765
70851,SPEAKER_01,-11,1.006471626749847
70851,SPEAKER_00,-10,
70851,SPEAKER_01,-10,
70851,SPEAKER_00,-9,0.9569700448615329
70851,SPEAKER_01,-9,
70851,SPEAKER_00,-8,
70851,SPEAKER_01,-8,
70851,SPEAKER_00,-7,
70851,SPEAKER_01,-7,
70851,SPEAKER_00,-6,
70851,SPEAKER_01,-6,
70851,SPEAKER_00,-5,1.2560689636860962
70851,SPEAKER_01,-5,0.10726628653345027
70851,SPEAKER_00,-4,
70851,SPEAKER_01,-4,
70851,SPEAKER_00,-3,0.02183947688002316
70851,SPEAKER_01,-3,3.124854408559183
70851,SPEAKER_00,-2,
70851,SPEAKER_01,-2,
70851,SPEAKER_00,-1,0.16269756622386924
70851,SPEAKER_01,-1,0.16446231575300096
70851,SPEAKER_00,0,
70851,SPEAKER_01,0,
70851,SPEAKER_00,1,4.041588466240041
70851,SPEAKER_01,1,5.736808009927191
70851,SPEAKER_00,2,
70851,SPEAKER_01,2,
70851,SPEAKER_00,3,8.122768958315119
70851,SPEAKER_01,3,11.864813699601278
70851,SPEAKER_00,4,
70851,SPEAKER_01,4,
70851,SPEAKER_00,5,0.021900109003220848
70851,SPEAKER_01,5,0.06315267413426773
70851,SPEAKER_00,6,
70851,SPEAKER_01,6,
70851,SPEAKER_00,7,
70851,SPEAKER_01,7,
70851,SPEAKER_00,8,
70851,SPEAKER_01,8,
70851,SPEAKER_00,9,
70851,SPEAKER_01,9,1.0733124717748332
70851,SPEAKER_00,10,
70851,SPEAKER_01,10,
70851,SPEAKER_00,11,0.2002124699780283
70851,SPEAKER_01,11,1.8472252983577293
70851,SPEAKER_00,12,
70851,SPEAKER_01,12,
70851,SPEAKER_00,13,1.4349519542838574
70851,SPEAKER_01,13,3.585268047721408
70851,SPEAKER_00,14,
70851,SPEAKER_01,14,
70851,SPEAKER_00,15,
70851,SPEAKER_01,15,
70865,SPEAKER_00,-15,
70865,SPEAKER_01,-15,
70865,SPEAKER_00,-14,
70865,SPEAKER_01,-14,
70865,SPEAKER_00,-13,
70865,SPEAKER_01,-13,
70865,SPEAKER_00,-12,
70865,SPEAKER_01,-12,
70865,SPEAKER_00,-11,
70865,SPEAKER_01,-11,
70865,SPEAKER_00,-10,
70865,SPEAKER_01,-10,
70865,SPEAKER_00,-9,
70865,SPEAKER_01,-9,
70865,SPEAKER_00,-8,
70865,SPEAKER_01,-8,
70865,SPEAKER_00,-7,
70865,SPEAKER_01,-7,
70865,SPEAKER_00,-6,
70865,SPEAKER_01,-6,
70865,SPEAKER_00,-5,
70865,SPEAKER_01,-5,
70865,SPEAKER_00,-4,
70865,SPEAKER_01,-4,
70865,SPEAKER_00,-3,
70865,SPEAKER_01,-3,
70865,SPEAKER_00,-2,
70865,SPEAKER_01,-2,
70865,SPEAKER_00,-1,
70865,SPEAKER_01,-1,1.1450012317674505
70865,SPEAKER_00,0,
70865,SPEAKER_01,0,
70865,SPEAKER_00,1,0.1438098533893732
70865,SPEAKER_01,1,
70865,SPEAKER_00,2,
70865,SPEAKER_01,2,
70865,SPEAKER_00,3,
70865,SPEAKER_01,3,
70865,SPEAKER_00,4,
70865,SPEAKER_01,4,
70865,SPEAKER_00,5,
70865,SPEAKER_01,5,
70865,SPEAKER_00,6,
70865,SPEAKER_01,6,
70865,SPEAKER_00,7,
70865,SPEAKER_01,7,
70865,SPEAKER_00,8,
70865,SPEAKER_01,8,
70865,SPEAKER_00,9,
70865,SPEAKER_01,9,
70865,SPEAKER_00,10,
70865,SPEAKER_01,10,
70865,SPEAKER_00,11,
70865,SPEAKER_01,11,
70865,SPEAKER_00,12,
70865,SPEAKER_01,12,
70865,SPEAKER_00,13,
70865,SPEAKER_01,13,
70865,SPEAKER_00,14,
70865,SPEAKER_01,14,
70865,SPEAKER_00,15,
70865,SPEAKER_01,15,
70870,SPEAKER_00,-15,
70870,SPEAKER_01,-15,
70870,SPEAKER_00,-14,
70870,SPEAKER_01,-14,
70870,SPEAKER_00,-13,
70870,SPEAKER_01,-13,
70870,SPEAKER_00,-12,
70870,SPEAKER_01,-12,
70870,SPEAKER_00,-11,
70870,SPEAKER_01,-11,
70870,SPEAKER_00,-10,
70870,SPEAKER_01,-10,
70870,SPEAKER_00,-9,
70870,SPEAKER_01,-9,
70870,SPEAKER_00,-8,
70870,SPEAKER_01,-8,
70870,SPEAKER_00,-7,
70870,SPEAKER_01,-7,
70870,SPEAKER_00,-6,
70870,SPEAKER_01,-6,
70870,SPEAKER_00,-5,
70870,SPEAKER_01,-5,
70870,SPEAKER_00,-4,
70870,SPEAKER_01,-4,
70870,SPEAKER_00,-3,
70870,SPEAKER_01,-3,
70870,SPEAKER_00,-2,
70870,SPEAKER_01,-2,
70870,SPEAKER_00,-1,
70870,SPEAKER_01,-1,
70870,SPEAKER_00,0,
70870,SPEAKER_01,0,
70870,SPEAKER_00,1,
70870,SPEAKER_01,1,
70870,SPEAKER_00,2,
70870,SPEAKER_01,2,
70870,SPEAKER_00,3,
70870,SPEAKER_01,3,
70870,SPEAKER_00,4,
70870,SPEAKER_01,4,
70870,SPEAKER_00,5,
70870,SPEAKER_01,5,
70870,SPEAKER_00,6,
70870,SPEAKER_01,6,
70870,SPEAKER_00,7,
70870,SPEAKER_01,7,
70870,SPEAKER_00,8,
70870,SPEAKER_01,8,
70870,SPEAKER_00,9,
70870,SPEAKER_01,9,
70870,SPEAKER_00,10,
70870,SPEAKER_01,10,
70870,SPEAKER_00,11,
70870,SPEAKER_01,11,
70870,SPEAKER_00,12,
70870,SPEAKER_01,12,
70870,SPEAKER_00,13,
70870,SPEAKER_01,13,
70870,SPEAKER_00,14,
70870,SPEAKER_01,14,
70870,SPEAKER_00,15,
70870,SPEAKER_01,15,
70882,SPEAKER_00,-15,
70882,SPEAKER_03,-15,
70882,SPEAKER_00,-14,
70882,SPEAKER_03,-14,
70882,SPEAKER_00,-13,
70882,SPEAKER_03,-13,
70882,SPEAKER_00,-12,
70882,SPEAKER_03,-12,
70882,SPEAKER_00,-11,
70882,SPEAKER_03,-11,
70882,SPEAKER_00,-10,
70882,SPEAKER_03,-10,
70882,SPEAKER_00,-9,
70882,SPEAKER_03,-9,
70882,SPEAKER_00,-8,
70882,SPEAKER_03,-8,
70882,SPEAKER_00,-7,
70882,SPEAKER_03,-7,
70882,SPEAKER_00,-6,
70882,SPEAKER_03,-6,
70882,SPEAKER_00,-5,
70882,SPEAKER_03,-5,
70882,SPEAKER_00,-4,
70882,SPEAKER_03,-4,
70882,SPEAKER_00,-3,
70882,SPEAKER_03,-3,
70882,SPEAKER_00,-2,
70882,SPEAKER_03,-2,
70882,SPEAKER_00,-1,
70882,SPEAKER_03,-1,
70882,SPEAKER_00,0,
70882,SPEAKER_03,0,
70882,SPEAKER_00,1,
70882,SPEAKER_03,1,
70882,SPEAKER_00,2,
70882,SPEAKER_03,2,
70882,SPEAKER_00,3,
70882,SPEAKER_03,3,
70882,SPEAKER_00,4,
70882,SPEAKER_03,4,
70882,SPEAKER_00,5,
70882,SPEAKER_03,5,
70882,SPEAKER_00,6,
70882,SPEAKER_03,6,
70882,SPEAKER_00,7,
70882,SPEAKER_03,7,
70882,SPEAKER_00,8,
70882,SPEAKER_03,8,
70882,SPEAKER_00,9,
70882,SPEAKER_03,9,
70882,SPEAKER_00,10,
70882,SPEAKER_03,10,
70882,SPEAKER_00,11,
70882,SPEAKER_03,11,
70882,SPEAKER_00,12,
70882,SPEAKER_03,12,
70882,SPEAKER_00,13,
70882,SPEAKER_03,13,
70882,SPEAKER_00,14,
70882,SPEAKER_03,14,
70882,SPEAKER_00,15,
70882,SPEAKER_03,15,
70890,SPEAKER_00,-15,
70890,SPEAKER_02,-15,
70890,SPEAKER_00,-14,
70890,SPEAKER_02,-14,
70890,SPEAKER_00,-13,
70890,SPEAKER_02,-13,
70890,SPEAKER_00,-12,
70890,SPEAKER_02,-12,
70890,SPEAKER_00,-11,
70890,SPEAKER_02,-11,
70890,SPEAKER_00,-10,
70890,SPEAKER_02,-10,
70890,SPEAKER_00,-9,
70890,SPEAKER_02,-9,
70890,SPEAKER_00,-8,
70890,SPEAKER_02,-8,
70890,SPEAKER_00,-7,
70890,SPEAKER_02,-7,
70890,SPEAKER_00,-6,
70890,SPEAKER_02,-6,
70890,SPEAKER_00,-5,
70890,SPEAKER_02,-5,
70890,SPEAKER_00,-4,
70890,SPEAKER_02,-4,
70890,SPEAKER_00,-3,
70890,SPEAKER_02,-3,
70890,SPEAKER_00,-2,
70890,SPEAKER_02,-2,
70890,SPEAKER_00,-1,
70890,SPEAKER_02,-1,
70890,SPEAKER_00,0,
70890,SPEAKER_02,0,
70890,SPEAKER_00,1,
70890,SPEAKER_02,1,
70890,SPEAKER_00,2,
70890,SPEAKER_02,2,
70890,SPEAKER_00,3,
70890,SPEAKER_02,3,
70890,SPEAKER_00,4,
70890,SPEAKER_02,4,
70890,SPEAKER_00,5,
70890,SPEAKER_02,5,
70890,SPEAKER_00,6,
70890,SPEAKER_02,6,
70890,SPEAKER_00,7,
70890,SPEAKER_02,7,
70890,SPEAKER_00,8,
70890,SPEAKER_02,8,
70890,SPEAKER_00,9,
70890,SPEAKER_02,9,
70890,SPEAKER_00,10,
70890,SPEAKER_02,10,
70890,SPEAKER_00,11,
70890,SPEAKER_02,11,
70890,SPEAKER_00,12,
70890,SPEAKER_02,12,
70890,SPEAKER_00,13,
70890,SPEAKER_02,13,
70890,SPEAKER_00,14,
70890,SPEAKER_02,14,
70890,SPEAKER_00,15,
70890,SPEAKER_02,15,
70921,SPEAKER_00,-15,
70921,SPEAKER_01,-15,
70921,SPEAKER_00,-14,
70921,SPEAKER_01,-14,
70921,SPEAKER_00,-13,
70921,SPEAKER_01,-13,
70921,SPEAKER_00,-12,
70921,SPEAKER_01,-12,
70921,SPEAKER_00,-11,
70921,SPEAKER_01,-11,
70921,SPEAKER_00,-10,
70921,SPEAKER_01,-10,
70921,SPEAKER_00,-9,
70921,SPEAKER_01,-9,
70921,SPEAKER_00,-8,
70921,SPEAKER_01,-8,
70921,SPEAKER_00,-7,
70921,SPEAKER_01,-7,
70921,SPEAKER_00,-6,
70921,SPEAKER_01,-6,
70921,SPEAKER_00,-5,
70921,SPEAKER_01,-5,
70921,SPEAKER_00,-4,
70921,SPEAKER_01,-4,
70921,SPEAKER_00,-3,
70921,SPEAKER_01,-3,
70921,SPEAKER_00,-2,
70921,SPEAKER_01,-2,
70921,SPEAKER_00,-1,
70921,SPEAKER_01,-1,
70921,SPEAKER_00,0,
70921,SPEAKER_01,0,
70921,SPEAKER_00,1,
70921,SPEAKER_01,1,
70921,SPEAKER_00,2,
70921,SPEAKER_01,2,
70921,SPEAKER_00,3,
70921,SPEAKER_01,3,
70921,SPEAKER_00,4,
70921,SPEAKER_01,4,
70921,SPEAKER_00,5,
70921,SPEAKER_01,5,
70921,SPEAKER_00,6,
70921,SPEAKER_01,6,
70921,SPEAKER_00,7,
70921,SPEAKER_01,7,
70921,SPEAKER_00,8,
70921,SPEAKER_01,8,
70921,SPEAKER_00,9,
70921,SPEAKER_01,9,
70921,SPEAKER_00,10,
70921,SPEAKER_01,10,
70921,SPEAKER_00,11,
70921,SPEAKER_01,11,
70921,SPEAKER_00,12,
70921,SPEAKER_01,12,
70921,SPEAKER_00,13,
70921,SPEAKER_01,13,
70921,SPEAKER_00,14,
70921,SPEAKER_01,14,
70921,SPEAKER_00,15,
70921,SPEAKER_01,15,
70922,SPEAKER_00,-15,
70922,SPEAKER_01,-15,
70922,SPEAKER_00,-14,
70922,SPEAKER_01,-14,
70922,SPEAKER_00,-13,
70922,SPEAKER_01,-13,
70922,SPEAKER_00,-12,
70922,SPEAKER_01,-12,
70922,SPEAKER_00,-11,
70922,SPEAKER_01,-11,
70922,SPEAKER_00,-10,
70922,SPEAKER_01,-10,
70922,SPEAKER_00,-9,
70922,SPEAKER_01,-9,
70922,SPEAKER_00,-8,
70922,SPEAKER_01,-8,
70922,SPEAKER_00,-7,
70922,SPEAKER_01,-7,
70922,SPEAKER_00,-6,
70922,SPEAKER_01,-6,
70922,SPEAKER_00,-5,
70922,SPEAKER_01,-5,
70922,SPEAKER_00,-4,
70922,SPEAKER_01,-4,
70922,SPEAKER_00,-3,
70922,SPEAKER_01,-3,
70922,SPEAKER_00,-2,
70922,SPEAKER_01,-2,
70922,SPEAKER_00,-1,
70922,SPEAKER_01,-1,
70922,SPEAKER_00,0,
70922,SPEAKER_01,0,
70922,SPEAKER_00,1,
70922,SPEAKER_01,1,
70922,SPEAKER_00,2,
70922,SPEAKER_01,2,
70922,SPEAKER_00,3,
70922,SPEAKER_01,3,
70922,SPEAKER_00,4,
70922,SPEAKER_01,4,
70922,SPEAKER_00,5,
70922,SPEAKER_01,5,
70922,SPEAKER_00,6,
70922,SPEAKER_01,6,
70922,SPEAKER_00,7,
70922,SPEAKER_01,7,
70922,SPEAKER_00,8,
70922,SPEAKER_01,8,
70922,SPEAKER_00,9,
70922,SPEAKER_01,9,
70922,SPEAKER_00,10,
70922,SPEAKER_01,10,
70922,SPEAKER_00,11,
70922,SPEAKER_01,11,
70922,SPEAKER_00,12,
70922,SPEAKER_01,12,
70922,SPEAKER_00,13,
70922,SPEAKER_01,13,
70922,SPEAKER_00,14,
70922,SPEAKER_01,14,
70922,SPEAKER_00,15,
70922,SPEAKER_01,15,
70926,SPEAKER_00,-15,
70926,SPEAKER_02,-15,
70926,SPEAKER_00,-14,
70926,SPEAKER_02,-14,
70926,SPEAKER_00,-13,
70926,SPEAKER_02,-13,
70926,SPEAKER_00,-12,
70926,SPEAKER_02,-12,
70926,SPEAKER_00,-11,
70926,SPEAKER_02,-11,
70926,SPEAKER_00,-10,
70926,SPEAKER_02,-10,
70926,SPEAKER_00,-9,
70926,SPEAKER_02,-9,
70926,SPEAKER_00,-8,
70926,SPEAKER_02,-8,
70926,SPEAKER_00,-7,
70926,SPEAKER_02,-7,
70926,SPEAKER_00,-6,
70926,SPEAKER_02,-6,
70926,SPEAKER_00,-5,
70926,SPEAKER_02,-5,
70926,SPEAKER_00,-4,
70926,SPEAKER_02,-4,
70926,SPEAKER_00,-3,2.548148962564298
70926,SPEAKER_02,-3,0.3927181429927488
70926,SPEAKER_00,-2,
70926,SPEAKER_02,-2,
70926,SPEAKER_00,-1,9.292819732785523
70926,SPEAKER_02,-1,8.066268164884692
70926,SPEAKER_00,0,
70926,SPEAKER_02,0,
70926,SPEAKER_00,1,0.6859529705106516
70926,SPEAKER_02,1,1.7861056505862587
70926,SPEAKER_00,2,
70926,SPEAKER_02,2,
70926,SPEAKER_00,3,0.2258638964823987
70926,SPEAKER_02,3,0.24912684051213158
70926,SPEAKER_00,4,
70926,SPEAKER_02,4,
70926,SPEAKER_00,5,
70926,SPEAKER_02,5,
70926,SPEAKER_00,6,
70926,SPEAKER_02,6,
70926,SPEAKER_00,7,
70926,SPEAKER_02,7,
70926,SPEAKER_00,8,
70926,SPEAKER_02,8,
70926,SPEAKER_00,9,
70926,SPEAKER_02,9,
70926,SPEAKER_00,10,
70926,SPEAKER_02,10,
70926,SPEAKER_00,11,
70926,SPEAKER_02,11,
70926,SPEAKER_00,12,
70926,SPEAKER_02,12,
70926,SPEAKER_00,13,
70926,SPEAKER_02,13,
70926,SPEAKER_00,14,
70926,SPEAKER_02,14,
70926,SPEAKER_00,15,
70926,SPEAKER_02,15,
70928,SPEAKER_01,-15,
70928,SPEAKER_02,-15,
70928,SPEAKER_01,-14,
70928,SPEAKER_02,-14,
70928,SPEAKER_01,-13,
70928,SPEAKER_02,-13,
70928,SPEAKER_01,-12,
70928,SPEAKER_02,-12,
70928,SPEAKER_01,-11,
70928,SPEAKER_02,-11,
70928,SPEAKER_01,-10,
70928,SPEAKER_02,-10,
70928,SPEAKER_01,-9,
70928,SPEAKER_02,-9,
70928,SPEAKER_01,-8,
70928,SPEAKER_02,-8,
70928,SPEAKER_01,-7,
70928,SPEAKER_02,-7,
70928,SPEAKER_01,-6,
70928,SPEAKER_02,-6,
70928,SPEAKER_01,-5,
70928,SPEAKER_02,-5,
70928,SPEAKER_01,-4,
70928,SPEAKER_02,-4,
70928,SPEAKER_01,-3,
70928,SPEAKER_02,-3,
70928,SPEAKER_01,-2,
70928,SPEAKER_02,-2,
70928,SPEAKER_01,-1,0.33458209684943613
70928,SPEAKER_02,-1,
70928,SPEAKER_01,0,
70928,SPEAKER_02,0,
70928,SPEAKER_01,1,
70928,SPEAKER_02,1,0.0335604900415328
70928,SPEAKER_01,2,
70928,SPEAKER_02,2,
70928,SPEAKER_01,3,
70928,SPEAKER_02,3,
70928,SPEAKER_01,4,
70928,SPEAKER_02,4,
70928,SPEAKER_01,5,
70928,SPEAKER_02,5,
70928,SPEAKER_01,6,
70928,SPEAKER_02,6,
70928,SPEAKER_01,7,
70928,SPEAKER_02,7,
70928,SPEAKER_01,8,
70928,SPEAKER_02,8,
70928,SPEAKER_01,9,
70928,SPEAKER_02,9,
70928,SPEAKER_01,10,
70928,SPEAKER_02,10,
70928,SPEAKER_01,11,
70928,SPEAKER_02,11,
70928,SPEAKER_01,12,
70928,SPEAKER_02,12,
70928,SPEAKER_01,13,
70928,SPEAKER_02,13,
70928,SPEAKER_01,14,
70928,SPEAKER_02,14,
70928,SPEAKER_01,15,
70928,SPEAKER_02,15,
71080,SPEAKER_00,-15,
71080,SPEAKER_01,-15,
71080,SPEAKER_00,-14,
71080,SPEAKER_01,-14,
71080,SPEAKER_00,-13,
71080,SPEAKER_01,-13,
71080,SPEAKER_00,-12,
71080,SPEAKER_01,-12,
71080,SPEAKER_00,-11,
71080,SPEAKER_01,-11,
71080,SPEAKER_00,-10,
71080,SPEAKER_01,-10,
71080,SPEAKER_00,-9,
71080,SPEAKER_01,-9,
71080,SPEAKER_00,-8,
71080,SPEAKER_01,-8,
71080,SPEAKER_00,-7,
71080,SPEAKER_01,-7,
71080,SPEAKER_00,-6,
71080,SPEAKER_01,-6,
71080,SPEAKER_00,-5,
71080,SPEAKER_01,-5,
71080,SPEAKER_00,-4,
71080,SPEAKER_01,-4,
71080,SPEAKER_00,-3,
71080,SPEAKER_01,-3,
71080,SPEAKER_00,-2,
71080,SPEAKER_01,-2,
71080,SPEAKER_00,-1,
71080,SPEAKER_01,-1,
71080,SPEAKER_00,0,
71080,SPEAKER_01,0,
71080,SPEAKER_00,1,
71080,SPEAKER_01,1,
71080,SPEAKER_00,2,
71080,SPEAKER_01,2,
71080,SPEAKER_00,3,
71080,SPEAKER_01,3,
71080,SPEAKER_00,4,
71080,SPEAKER_01,4,
71080,SPEAKER_00,5,
71080,SPEAKER_01,5,
71080,SPEAKER_00,6,
71080,SPEAKER_01,6,
71080,SPEAKER_00,7,
71080,SPEAKER_01,7,
71080,SPEAKER_00,8,
71080,SPEAKER_01,8,
71080,SPEAKER_00,9,
71080,SPEAKER_01,9,
71080,SPEAKER_00,10,
71080,SPEAKER_01,10,
71080,SPEAKER_00,11,
71080,SPEAKER_01,11,
71080,SPEAKER_00,12,
71080,SPEAKER_01,12,
71080,SPEAKER_00,13,
71080,SPEAKER_01,13,
71080,SPEAKER_00,14,
71080,SPEAKER_01,14,
71080,SPEAKER_00,15,
71080,SPEAKER_01,15,
71092,SPEAKER_00,-15,
71092,SPEAKER_01,-15,
71092,SPEAKER_00,-14,
71092,SPEAKER_01,-14,
71092,SPEAKER_00,-13,
71092,SPEAKER_01,-13,
71092,SPEAKER_00,-12,
71092,SPEAKER_01,-12,
71092,SPEAKER_00,-11,
71092,SPEAKER_01,-11,
71092,SPEAKER_00,-10,
71092,SPEAKER_01,-10,
71092,SPEAKER_00,-9,
71092,SPEAKER_01,-9,
71092,SPEAKER_00,-8,
71092,SPEAKER_01,-8,
71092,SPEAKER_00,-7,
71092,SPEAKER_01,-7,
71092,SPEAKER_00,-6,
71092,SPEAKER_01,-6,
71092,SPEAKER_00,-5,
71092,SPEAKER_01,-5,
71092,SPEAKER_00,-4,
71092,SPEAKER_01,-4,
71092,SPEAKER_00,-3,0.29616518415057397
71092,SPEAKER_01,-3,2.3039800127915875
71092,SPEAKER_00,-2,
71092,SPEAKER_01,-2,
71092,SPEAKER_00,-1,0.1338736700619709
71092,SPEAKER_01,-1,1.7104166344032894
71092,SPEAKER_00,0,
71092,SPEAKER_01,0,
71092,SPEAKER_00,1,0.10405084109146161
71092,SPEAKER_01,1,0.34697035694625766
71092,SPEAKER_00,2,
71092,SPEAKER_01,2,
71092,SPEAKER_00,3,0.09129139006991978
71092,SPEAKER_01,3,0.020529915920259913
71092,SPEAKER_00,4,
71092,SPEAKER_01,4,
71092,SPEAKER_00,5,
71092,SPEAKER_01,5,
71092,SPEAKER_00,6,
71092,SPEAKER_01,6,
71092,SPEAKER_00,7,
71092,SPEAKER_01,7,
71092,SPEAKER_00,8,
71092,SPEAKER_01,8,
71092,SPEAKER_00,9,
71092,SPEAKER_01,9,
71092,SPEAKER_00,10,
71092,SPEAKER_01,10,
71092,SPEAKER_00,11,
71092,SPEAKER_01,11,
71092,SPEAKER_00,12,
71092,SPEAKER_01,12,
71092,SPEAKER_00,13,
71092,SPEAKER_01,13,
71092,SPEAKER_00,14,
71092,SPEAKER_01,14,
71092,SPEAKER_00,15,
71092,SPEAKER_01,15,
71099,SPEAKER_00,-15,
71099,SPEAKER_01,-15,
71099,SPEAKER_00,-14,
71099,SPEAKER_01,-14,
71099,SPEAKER_00,-13,
71099,SPEAKER_01,-13,
71099,SPEAKER_00,-12,
71099,SPEAKER_01,-12,
71099,SPEAKER_00,-11,
71099,SPEAKER_01,-11,
71099,SPEAKER_00,-10,
71099,SPEAKER_01,-10,
71099,SPEAKER_00,-9,
71099,SPEAKER_01,-9,
71099,SPEAKER_00,-8,
71099,SPEAKER_01,-8,
71099,SPEAKER_00,-7,
71099,SPEAKER_01,-7,
71099,SPEAKER_00,-6,
71099,SPEAKER_01,-6,
71099,SPEAKER_00,-5,
71099,SPEAKER_01,-5,
71099,SPEAKER_00,-4,
71099,SPEAKER_01,-4,
71099,SPEAKER_00,-3,
71099,SPEAKER_01,-3,
71099,SPEAKER_00,-2,
71099,SPEAKER_01,-2,
71099,SPEAKER_00,-1,
71099,SPEAKER_01,-1,0.0982930098882195
71099,SPEAKER_00,0,
71099,SPEAKER_01,0,
71099,SPEAKER_00,1,0.3532407631474412
71099,SPEAKER_01,1,
71099,SPEAKER_00,2,
71099,SPEAKER_01,2,
71099,SPEAKER_00,3,
71099,SPEAKER_01,3,
71099,SPEAKER_00,4,
71099,SPEAKER_01,4,
71099,SPEAKER_00,5,
71099,SPEAKER_01,5,
71099,SPEAKER_00,6,
71099,SPEAKER_01,6,
71099,SPEAKER_00,7,
71099,SPEAKER_01,7,
71099,SPEAKER_00,8,
71099,SPEAKER_01,8,
71099,SPEAKER_00,9,
71099,SPEAKER_01,9,
71099,SPEAKER_00,10,
71099,SPEAKER_01,10,
71099,SPEAKER_00,11,
71099,SPEAKER_01,11,
71099,SPEAKER_00,12,
71099,SPEAKER_01,12,
71099,SPEAKER_00,13,
71099,SPEAKER_01,13,
71099,SPEAKER_00,14,
71099,SPEAKER_01,14,
71099,SPEAKER_00,15,
71099,SPEAKER_01,15,
71125,SPEAKER_00,-15,
71125,SPEAKER_01,-15,
71125,SPEAKER_00,-14,
71125,SPEAKER_01,-14,
71125,SPEAKER_00,-13,
71125,SPEAKER_01,-13,
71125,SPEAKER_00,-12,
71125,SPEAKER_01,-12,
71125,SPEAKER_00,-11,
71125,SPEAKER_01,-11,
71125,SPEAKER_00,-10,
71125,SPEAKER_01,-10,
71125,SPEAKER_00,-9,
71125,SPEAKER_01,-9,
71125,SPEAKER_00,-8,0.8153424326020492
71125,SPEAKER_01,-8,
71125,SPEAKER_00,-7,
71125,SPEAKER_01,-7,
71125,SPEAKER_00,-6,
71125,SPEAKER_01,-6,
71125,SPEAKER_00,-5,
71125,SPEAKER_01,-5,
71125,SPEAKER_00,-4,
71125,SPEAKER_01,-4,
71125,SPEAKER_00,-3,1.6536416292799492
71125,SPEAKER_01,-3,0.23359924191412576
71125,SPEAKER_00,-2,
71125,SPEAKER_01,-2,
71125,SPEAKER_00,-1,0.13215811051750073
71125,SPEAKER_01,-1,0.4475486040221116
71125,SPEAKER_00,0,
71125,SPEAKER_01,0,
71125,SPEAKER_00,1,0.009137715423363578
71125,SPEAKER_01,1,1.1105091244811045
71125,SPEAKER_00,2,
71125,SPEAKER_01,2,
71125,SPEAKER_00,3,0.09291448566774854
71125,SPEAKER_01,3,1.030663222349888
71125,SPEAKER_00,4,
71125,SPEAKER_01,4,
71125,SPEAKER_00,5,
71125,SPEAKER_01,5,
71125,SPEAKER_00,6,
71125,SPEAKER_01,6,
71125,SPEAKER_00,7,
71125,SPEAKER_01,7,
71125,SPEAKER_00,8,
71125,SPEAKER_01,8,0.04241077012701963
71125,SPEAKER_00,9,
71125,SPEAKER_01,9,
71125,SPEAKER_00,10,
71125,SPEAKER_01,10,
71125,SPEAKER_00,11,
71125,SPEAKER_01,11,
71125,SPEAKER_00,12,
71125,SPEAKER_01,12,
71125,SPEAKER_00,13,
71125,SPEAKER_01,13,
71125,SPEAKER_00,14,
71125,SPEAKER_01,14,
71125,SPEAKER_00,15,
71125,SPEAKER_01,15,
71344,SPEAKER_00,-15,
71344,SPEAKER_01,-15,
71344,SPEAKER_00,-14,
71344,SPEAKER_01,-14,
71344,SPEAKER_00,-13,
71344,SPEAKER_01,-13,
71344,SPEAKER_00,-12,
71344,SPEAKER_01,-12,
71344,SPEAKER_00,-11,
71344,SPEAKER_01,-11,
71344,SPEAKER_00,-10,
71344,SPEAKER_01,-10,
71344,SPEAKER_00,-9,
71344,SPEAKER_01,-9,
71344,SPEAKER_00,-8,
71344,SPEAKER_01,-8,
71344,SPEAKER_00,-7,
71344,SPEAKER_01,-7,
71344,SPEAKER_00,-6,
71344,SPEAKER_01,-6,
71344,SPEAKER_00,-5,
71344,SPEAKER_01,-5,
71344,SPEAKER_00,-4,
71344,SPEAKER_01,-4,
71344,SPEAKER_00,-3,
71344,SPEAKER_01,-3,
71344,SPEAKER_00,-2,
71344,SPEAKER_01,-2,
71344,SPEAKER_00,-1,
71344,SPEAKER_01,-1,1.3750737168241904
71344,SPEAKER_00,0,
71344,SPEAKER_01,0,
71344,SPEAKER_00,1,0.0031301016766301488
71344,SPEAKER_01,1,
71344,SPEAKER_00,2,
71344,SPEAKER_01,2,
71344,SPEAKER_00,3,
71344,SPEAKER_01,3,
71344,SPEAKER_00,4,
71344,SPEAKER_01,4,
71344,SPEAKER_00,5,
71344,SPEAKER_01,5,
71344,SPEAKER_00,6,
71344,SPEAKER_01,6,
71344,SPEAKER_00,7,
71344,SPEAKER_01,7,
71344,SPEAKER_00,8,
71344,SPEAKER_01,8,
71344,SPEAKER_00,9,
71344,SPEAKER_01,9,
71344,SPEAKER_00,10,
71344,SPEAKER_01,10,
71344,SPEAKER_00,11,
71344,SPEAKER_01,11,
71344,SPEAKER_00,12,
71344,SPEAKER_01,12,
71344,SPEAKER_00,13,
71344,SPEAKER_01,13,
71344,SPEAKER_00,14,
71344,SPEAKER_01,14,
71344,SPEAKER_00,15,
71344,SPEAKER_01,15,
71459,SPEAKER_01,-15,
71459,SPEAKER_02,-15,
71459,SPEAKER_01,-14,
71459,SPEAKER_02,-14,
71459,SPEAKER_01,-13,
71459,SPEAKER_02,-13,
71459,SPEAKER_01,-12,
71459,SPEAKER_02,-12,
71459,SPEAKER_01,-11,
71459,SPEAKER_02,-11,
71459,SPEAKER_01,-10,
71459,SPEAKER_02,-10,
71459,SPEAKER_01,-9,
71459,SPEAKER_02,-9,
71459,SPEAKER_01,-8,
71459,SPEAKER_02,-8,
71459,SPEAKER_01,-7,
71459,SPEAKER_02,-7,
71459,SPEAKER_01,-6,
71459,SPEAKER_02,-6,
71459,SPEAKER_01,-5,
71459,SPEAKER_02,-5,
71459,SPEAKER_01,-4,
71459,SPEAKER_02,-4,
71459,SPEAKER_01,-3,
71459,SPEAKER_02,-3,
71459,SPEAKER_01,-2,
71459,SPEAKER_02,-2,
71459,SPEAKER_01,-1,
71459,SPEAKER_02,-1,
71459,SPEAKER_01,0,
71459,SPEAKER_02,0,
71459,SPEAKER_01,1,
71459,SPEAKER_02,1,
71459,SPEAKER_01,2,
71459,SPEAKER_02,2,
71459,SPEAKER_01,3,
71459,SPEAKER_02,3,
71459,SPEAKER_01,4,
71459,SPEAKER_02,4,
71459,SPEAKER_01,5,
71459,SPEAKER_02,5,
71459,SPEAKER_01,6,
71459,SPEAKER_02,6,
71459,SPEAKER_01,7,
71459,SPEAKER_02,7,
71459,SPEAKER_01,8,
71459,SPEAKER_02,8,
71459,SPEAKER_01,9,
71459,SPEAKER_02,9,
71459,SPEAKER_01,10,
71459,SPEAKER_02,10,
71459,SPEAKER_01,11,
71459,SPEAKER_02,11,
71459,SPEAKER_01,12,
71459,SPEAKER_02,12,
71459,SPEAKER_01,13,
71459,SPEAKER_02,13,
71459,SPEAKER_01,14,
71459,SPEAKER_02,14,
71459,SPEAKER_01,15,
71459,SPEAKER_02,15,
71498,SPEAKER_01,-15,
71498,SPEAKER_02,-15,
71498,SPEAKER_01,-14,
71498,SPEAKER_02,-14,
71498,SPEAKER_01,-13,
71498,SPEAKER_02,-13,
71498,SPEAKER_01,-12,
71498,SPEAKER_02,-12,
71498,SPEAKER_01,-11,
71498,SPEAKER_02,-11,
71498,SPEAKER_01,-10,
71498,SPEAKER_02,-10,
71498,SPEAKER_01,-9,
71498,SPEAKER_02,-9,
71498,SPEAKER_01,-8,
71498,SPEAKER_02,-8,
71498,SPEAKER_01,-7,
71498,SPEAKER_02,-7,
71498,SPEAKER_01,-6,
71498,SPEAKER_02,-6,
71498,SPEAKER_01,-5,
71498,SPEAKER_02,-5,
71498,SPEAKER_01,-4,
71498,SPEAKER_02,-4,
71498,SPEAKER_01,-3,
71498,SPEAKER_02,-3,
71498,SPEAKER_01,-2,
71498,SPEAKER_02,-2,
71498,SPEAKER_01,-1,0.4631477733259574
71498,SPEAKER_02,-1,0.11692034487562913
71498,SPEAKER_01,0,
71498,SPEAKER_02,0,
71498,SPEAKER_01,1,0.20675075650800046
71498,SPEAKER_02,1,0.000548953159465597
71498,SPEAKER_01,2,
71498,SPEAKER_02,2,
71498,SPEAKER_01,3,
71498,SPEAKER_02,3,
71498,SPEAKER_01,4,
71498,SPEAKER_02,4,
71498,SPEAKER_01,5,
71498,SPEAKER_02,5,
71498,SPEAKER_01,6,
71498,SPEAKER_02,6,
71498,SPEAKER_01,7,
71498,SPEAKER_02,7,
71498,SPEAKER_01,8,
71498,SPEAKER_02,8,
71498,SPEAKER_01,9,
71498,SPEAKER_02,9,
71498,SPEAKER_01,10,
71498,SPEAKER_02,10,
71498,SPEAKER_01,11,
71498,SPEAKER_02,11,
71498,SPEAKER_01,12,
71498,SPEAKER_02,12,
71498,SPEAKER_01,13,
71498,SPEAKER_02,13,
71498,SPEAKER_01,14,
71498,SPEAKER_02,14,
71498,SPEAKER_01,15,
71498,SPEAKER_02,15,
71505,SPEAKER_00,-15,
71505,SPEAKER_01,-15,
71505,SPEAKER_00,-14,
71505,SPEAKER_01,-14,
71505,SPEAKER_00,-13,
71505,SPEAKER_01,-13,
71505,SPEAKER_00,-12,
71505,SPEAKER_01,-12,
71505,SPEAKER_00,-11,
71505,SPEAKER_01,-11,
71505,SPEAKER_00,-10,
71505,SPEAKER_01,-10,
71505,SPEAKER_00,-9,
71505,SPEAKER_01,-9,
71505,SPEAKER_00,-8,
71505,SPEAKER_01,-8,
71505,SPEAKER_00,-7,
71505,SPEAKER_01,-7,
71505,SPEAKER_00,-6,
71505,SPEAKER_01,-6,
71505,SPEAKER_00,-5,
71505,SPEAKER_01,-5,
71505,SPEAKER_00,-4,
71505,SPEAKER_01,-4,
71505,SPEAKER_00,-3,
71505,SPEAKER_01,-3,
71505,SPEAKER_00,-2,
71505,SPEAKER_01,-2,
71505,SPEAKER_00,-1,
71505,SPEAKER_01,-1,
71505,SPEAKER_00,0,
71505,SPEAKER_01,0,
71505,SPEAKER_00,1,
71505,SPEAKER_01,1,
71505,SPEAKER_00,2,
71505,SPEAKER_01,2,
71505,SPEAKER_00,3,
71505,SPEAKER_01,3,
71505,SPEAKER_00,4,
71505,SPEAKER_01,4,
71505,SPEAKER_00,5,
71505,SPEAKER_01,5,
71505,SPEAKER_00,6,
71505,SPEAKER_01,6,
71505,SPEAKER_00,7,
71505,SPEAKER_01,7,
71505,SPEAKER_00,8,
71505,SPEAKER_01,8,
71505,SPEAKER_00,9,
71505,SPEAKER_01,9,
71505,SPEAKER_00,10,
71505,SPEAKER_01,10,
71505,SPEAKER_00,11,
71505,SPEAKER_01,11,
71505,SPEAKER_00,12,
71505,SPEAKER_01,12,
71505,SPEAKER_00,13,
71505,SPEAKER_01,13,
71505,SPEAKER_00,14,
71505,SPEAKER_01,14,
71505,SPEAKER_00,15,
71505,SPEAKER_01,15,
71508,SPEAKER_00,-15,
71508,SPEAKER_01,-15,
71508,SPEAKER_00,-14,
71508,SPEAKER_01,-14,
71508,SPEAKER_00,-13,
71508,SPEAKER_01,-13,
71508,SPEAKER_00,-12,
71508,SPEAKER_01,-12,
71508,SPEAKER_00,-11,
71508,SPEAKER_01,-11,
71508,SPEAKER_00,-10,
71508,SPEAKER_01,-10,
71508,SPEAKER_00,-9,
71508,SPEAKER_01,-9,
71508,SPEAKER_00,-8,
71508,SPEAKER_01,-8,
71508,SPEAKER_00,-7,
71508,SPEAKER_01,-7,
71508,SPEAKER_00,-6,
71508,SPEAKER_01,-6,
71508,SPEAKER_00,-5,
71508,SPEAKER_01,-5,
71508,SPEAKER_00,-4,
71508,SPEAKER_01,-4,
71508,SPEAKER_00,-3,
71508,SPEAKER_01,-3,
71508,SPEAKER_00,-2,
71508,SPEAKER_01,-2,
71508,SPEAKER_00,-1,
71508,SPEAKER_01,-1,
71508,SPEAKER_00,0,
71508,SPEAKER_01,0,
71508,SPEAKER_00,1,
71508,SPEAKER_01,1,
71508,SPEAKER_00,2,
71508,SPEAKER_01,2,
71508,SPEAKER_00,3,
71508,SPEAKER_01,3,
71508,SPEAKER_00,4,
71508,SPEAKER_01,4,
71508,SPEAKER_00,5,
71508,SPEAKER_01,5,
71508,SPEAKER_00,6,
71508,SPEAKER_01,6,
71508,SPEAKER_00,7,
71508,SPEAKER_01,7,
71508,SPEAKER_00,8,
71508,SPEAKER_01,8,
71508,SPEAKER_00,9,
71508,SPEAKER_01,9,
71508,SPEAKER_00,10,
71508,SPEAKER_01,10,
71508,SPEAKER_00,11,
71508,SPEAKER_01,11,
71508,SPEAKER_00,12,
71508,SPEAKER_01,12,
71508,SPEAKER_00,13,
71508,SPEAKER_01,13,
71508,SPEAKER_00,14,
71508,SPEAKER_01,14,
71508,SPEAKER_00,15,
71508,SPEAKER_01,15,
71745,SPEAKER_00,-15,
71745,SPEAKER_01,-15,
71745,SPEAKER_00,-14,
71745,SPEAKER_01,-14,
71745,SPEAKER_00,-13,
71745,SPEAKER_01,-13,
71745,SPEAKER_00,-12,
71745,SPEAKER_01,-12,
71745,SPEAKER_00,-11,
71745,SPEAKER_01,-11,
71745,SPEAKER_00,-10,
71745,SPEAKER_01,-10,
71745,SPEAKER_00,-9,
71745,SPEAKER_01,-9,
71745,SPEAKER_00,-8,
71745,SPEAKER_01,-8,
71745,SPEAKER_00,-7,
71745,SPEAKER_01,-7,
71745,SPEAKER_00,-6,
71745,SPEAKER_01,-6,
71745,SPEAKER_00,-5,
71745,SPEAKER_01,-5,
71745,SPEAKER_00,-4,
71745,SPEAKER_01,-4,
71745,SPEAKER_00,-3,
71745,SPEAKER_01,-3,
71745,SPEAKER_00,-2,
71745,SPEAKER_01,-2,
71745,SPEAKER_00,-1,
71745,SPEAKER_01,-1,
71745,SPEAKER_00,0,
71745,SPEAKER_01,0,
71745,SPEAKER_00,1,
71745,SPEAKER_01,1,
71745,SPEAKER_00,2,
71745,SPEAKER_01,2,
71745,SPEAKER_00,3,
71745,SPEAKER_01,3,
71745,SPEAKER_00,4,
71745,SPEAKER_01,4,
71745,SPEAKER_00,5,
71745,SPEAKER_01,5,
71745,SPEAKER_00,6,
71745,SPEAKER_01,6,
71745,SPEAKER_00,7,
71745,SPEAKER_01,7,
71745,SPEAKER_00,8,
71745,SPEAKER_01,8,
71745,SPEAKER_00,9,
71745,SPEAKER_01,9,
71745,SPEAKER_00,10,
71745,SPEAKER_01,10,
71745,SPEAKER_00,11,
71745,SPEAKER_01,11,
71745,SPEAKER_00,12,
71745,SPEAKER_01,12,
71745,SPEAKER_00,13,
71745,SPEAKER_01,13,
71745,SPEAKER_00,14,
71745,SPEAKER_01,14,
71745,SPEAKER_00,15,
71745,SPEAKER_01,15,
71778,SPEAKER_00,-15,
71778,SPEAKER_01,-15,
71778,SPEAKER_00,-14,
71778,SPEAKER_01,-14,
71778,SPEAKER_00,-13,
71778,SPEAKER_01,-13,
71778,SPEAKER_00,-12,
71778,SPEAKER_01,-12,
71778,SPEAKER_00,-11,
71778,SPEAKER_01,-11,
71778,SPEAKER_00,-10,
71778,SPEAKER_01,-10,
71778,SPEAKER_00,-9,
71778,SPEAKER_01,-9,
71778,SPEAKER_00,-8,
71778,SPEAKER_01,-8,
71778,SPEAKER_00,-7,
71778,SPEAKER_01,-7,
71778,SPEAKER_00,-6,
71778,SPEAKER_01,-6,
71778,SPEAKER_00,-5,
71778,SPEAKER_01,-5,
71778,SPEAKER_00,-4,
71778,SPEAKER_01,-4,
71778,SPEAKER_00,-3,
71778,SPEAKER_01,-3,
71778,SPEAKER_00,-2,
71778,SPEAKER_01,-2,
71778,SPEAKER_00,-1,
71778,SPEAKER_01,-1,
71778,SPEAKER_00,0,
71778,SPEAKER_01,0,
71778,SPEAKER_00,1,
71778,SPEAKER_01,1,
71778,SPEAKER_00,2,
71778,SPEAKER_01,2,
71778,SPEAKER_00,3,
71778,SPEAKER_01,3,
71778,SPEAKER_00,4,
71778,SPEAKER_01,4,
71778,SPEAKER_00,5,
71778,SPEAKER_01,5,
71778,SPEAKER_00,6,
71778,SPEAKER_01,6,
71778,SPEAKER_00,7,
71778,SPEAKER_01,7,
71778,SPEAKER_00,8,
71778,SPEAKER_01,8,
71778,SPEAKER_00,9,
71778,SPEAKER_01,9,
71778,SPEAKER_00,10,
71778,SPEAKER_01,10,
71778,SPEAKER_00,11,
71778,SPEAKER_01,11,
71778,SPEAKER_00,12,
71778,SPEAKER_01,12,
71778,SPEAKER_00,13,
71778,SPEAKER_01,13,
71778,SPEAKER_00,14,
71778,SPEAKER_01,14,
71778,SPEAKER_00,15,
71778,SPEAKER_01,15,
71788,SPEAKER_00,-15,
71788,SPEAKER_01,-15,
71788,SPEAKER_00,-14,
71788,SPEAKER_01,-14,
71788,SPEAKER_00,-13,
71788,SPEAKER_01,-13,
71788,SPEAKER_00,-12,
71788,SPEAKER_01,-12,
71788,SPEAKER_00,-11,
71788,SPEAKER_01,-11,
71788,SPEAKER_00,-10,
71788,SPEAKER_01,-10,
71788,SPEAKER_00,-9,
71788,SPEAKER_01,-9,
71788,SPEAKER_00,-8,
71788,SPEAKER_01,-8,
71788,SPEAKER_00,-7,
71788,SPEAKER_01,-7,
71788,SPEAKER_00,-6,
71788,SPEAKER_01,-6,
71788,SPEAKER_00,-5,
71788,SPEAKER_01,-5,
71788,SPEAKER_00,-4,
71788,SPEAKER_01,-4,
71788,SPEAKER_00,-3,
71788,SPEAKER_01,-3,
71788,SPEAKER_00,-2,
71788,SPEAKER_01,-2,
71788,SPEAKER_00,-1,
71788,SPEAKER_01,-1,
71788,SPEAKER_00,0,
71788,SPEAKER_01,0,
71788,SPEAKER_00,1,
71788,SPEAKER_01,1,
71788,SPEAKER_00,2,
71788,SPEAKER_01,2,
71788,SPEAKER_00,3,
71788,SPEAKER_01,3,
71788,SPEAKER_00,4,
71788,SPEAKER_01,4,
71788,SPEAKER_00,5,
71788,SPEAKER_01,5,
71788,SPEAKER_00,6,
71788,SPEAKER_01,6,
71788,SPEAKER_00,7,
71788,SPEAKER_01,7,
71788,SPEAKER_00,8,
71788,SPEAKER_01,8,
71788,SPEAKER_00,9,
71788,SPEAKER_01,9,
71788,SPEAKER_00,10,
71788,SPEAKER_01,10,
71788,SPEAKER_00,11,
71788,SPEAKER_01,11,
71788,SPEAKER_00,12,
71788,SPEAKER_01,12,
71788,SPEAKER_00,13,
71788,SPEAKER_01,13,
71788,SPEAKER_00,14,
71788,SPEAKER_01,14,
71788,SPEAKER_00,15,
71788,SPEAKER_01,15,
72030,SPEAKER_00,-15,
72030,SPEAKER_01,-15,
72030,SPEAKER_00,-14,
72030,SPEAKER_01,-14,
72030,SPEAKER_00,-13,
72030,SPEAKER_01,-13,
72030,SPEAKER_00,-12,
72030,SPEAKER_01,-12,
72030,SPEAKER_00,-11,
72030,SPEAKER_01,-11,
72030,SPEAKER_00,-10,
72030,SPEAKER_01,-10,
72030,SPEAKER_00,-9,
72030,SPEAKER_01,-9,
72030,SPEAKER_00,-8,
72030,SPEAKER_01,-8,
72030,SPEAKER_00,-7,
72030,SPEAKER_01,-7,
72030,SPEAKER_00,-6,
72030,SPEAKER_01,-6,
72030,SPEAKER_00,-5,
72030,SPEAKER_01,-5,
72030,SPEAKER_00,-4,
72030,SPEAKER_01,-4,
72030,SPEAKER_00,-3,
72030,SPEAKER_01,-3,
72030,SPEAKER_00,-2,
72030,SPEAKER_01,-2,
72030,SPEAKER_00,-1,0.012834763970864985
72030,SPEAKER_01,-1,1.6062374426555075
72030,SPEAKER_00,0,
72030,SPEAKER_01,0,
72030,SPEAKER_00,1,0.03823924716909013
72030,SPEAKER_01,1,0.578769018602239
72030,SPEAKER_00,2,
72030,SPEAKER_01,2,
72030,SPEAKER_00,3,
72030,SPEAKER_01,3,
72030,SPEAKER_00,4,
72030,SPEAKER_01,4,
72030,SPEAKER_00,5,
72030,SPEAKER_01,5,
72030,SPEAKER_00,6,
72030,SPEAKER_01,6,
72030,SPEAKER_00,7,
72030,SPEAKER_01,7,
72030,SPEAKER_00,8,
72030,SPEAKER_01,8,
72030,SPEAKER_00,9,
72030,SPEAKER_01,9,
72030,SPEAKER_00,10,
72030,SPEAKER_01,10,
72030,SPEAKER_00,11,
72030,SPEAKER_01,11,
72030,SPEAKER_00,12,
72030,SPEAKER_01,12,
72030,SPEAKER_00,13,
72030,SPEAKER_01,13,
72030,SPEAKER_00,14,
72030,SPEAKER_01,14,
72030,SPEAKER_00,15,
72030,SPEAKER_01,15,
72032,SPEAKER_00,-15,
72032,SPEAKER_01,-15,
72032,SPEAKER_00,-14,
72032,SPEAKER_01,-14,
72032,SPEAKER_00,-13,
72032,SPEAKER_01,-13,
72032,SPEAKER_00,-12,
72032,SPEAKER_01,-12,
72032,SPEAKER_00,-11,
72032,SPEAKER_01,-11,
72032,SPEAKER_00,-10,
72032,SPEAKER_01,-10,
72032,SPEAKER_00,-9,
72032,SPEAKER_01,-9,
72032,SPEAKER_00,-8,
72032,SPEAKER_01,-8,
72032,SPEAKER_00,-7,
72032,SPEAKER_01,-7,
72032,SPEAKER_00,-6,
72032,SPEAKER_01,-6,
72032,SPEAKER_00,-5,
72032,SPEAKER_01,-5,
72032,SPEAKER_00,-4,
72032,SPEAKER_01,-4,
72032,SPEAKER_00,-3,0.0031263351092232347
72032,SPEAKER_01,-3,0.020864433662334626
72032,SPEAKER_00,-2,
72032,SPEAKER_01,-2,
72032,SPEAKER_00,-1,0.05294568688409673
72032,SPEAKER_01,-1,1.9185839152519194e-06
72032,SPEAKER_00,0,
72032,SPEAKER_01,0,
72032,SPEAKER_00,1,0.7510840512574775
72032,SPEAKER_01,1,0.7526439774476921
72032,SPEAKER_00,2,
72032,SPEAKER_01,2,
72032,SPEAKER_00,3,0.6997315705899375
72032,SPEAKER_01,3,0.11683325112355722
72032,SPEAKER_00,4,
72032,SPEAKER_01,4,
72032,SPEAKER_00,5,
72032,SPEAKER_01,5,
72032,SPEAKER_00,6,
72032,SPEAKER_01,6,
72032,SPEAKER_00,7,
72032,SPEAKER_01,7,
72032,SPEAKER_00,8,
72032,SPEAKER_01,8,
72032,SPEAKER_00,9,
72032,SPEAKER_01,9,
72032,SPEAKER_00,10,
72032,SPEAKER_01,10,
72032,SPEAKER_00,11,
72032,SPEAKER_01,11,
72032,SPEAKER_00,12,
72032,SPEAKER_01,12,
72032,SPEAKER_00,13,
72032,SPEAKER_01,13,
72032,SPEAKER_00,14,
72032,SPEAKER_01,14,
72032,SPEAKER_00,15,
72032,SPEAKER_01,15,
72222,SPEAKER_00,-15,
72222,SPEAKER_01,-15,
72222,SPEAKER_00,-14,
72222,SPEAKER_01,-14,
72222,SPEAKER_00,-13,
72222,SPEAKER_01,-13,
72222,SPEAKER_00,-12,
72222,SPEAKER_01,-12,
72222,SPEAKER_00,-11,
72222,SPEAKER_01,-11,
72222,SPEAKER_00,-10,
72222,SPEAKER_01,-10,
72222,SPEAKER_00,-9,
72222,SPEAKER_01,-9,
72222,SPEAKER_00,-8,
72222,SPEAKER_01,-8,
72222,SPEAKER_00,-7,
72222,SPEAKER_01,-7,
72222,SPEAKER_00,-6,
72222,SPEAKER_01,-6,
72222,SPEAKER_00,-5,
72222,SPEAKER_01,-5,
72222,SPEAKER_00,-4,
72222,SPEAKER_01,-4,
72222,SPEAKER_00,-3,
72222,SPEAKER_01,-3,
72222,SPEAKER_00,-2,
72222,SPEAKER_01,-2,
72222,SPEAKER_00,-1,
72222,SPEAKER_01,-1,
72222,SPEAKER_00,0,
72222,SPEAKER_01,0,
72222,SPEAKER_00,1,
72222,SPEAKER_01,1,
72222,SPEAKER_00,2,
72222,SPEAKER_01,2,
72222,SPEAKER_00,3,
72222,SPEAKER_01,3,
72222,SPEAKER_00,4,
72222,SPEAKER_01,4,
72222,SPEAKER_00,5,
72222,SPEAKER_01,5,
72222,SPEAKER_00,6,
72222,SPEAKER_01,6,
72222,SPEAKER_00,7,
72222,SPEAKER_01,7,
72222,SPEAKER_00,8,
72222,SPEAKER_01,8,
72222,SPEAKER_00,9,
72222,SPEAKER_01,9,
72222,SPEAKER_00,10,
72222,SPEAKER_01,10,
72222,SPEAKER_00,11,
72222,SPEAKER_01,11,
72222,SPEAKER_00,12,
72222,SPEAKER_01,12,
72222,SPEAKER_00,13,
72222,SPEAKER_01,13,
72222,SPEAKER_00,14,
72222,SPEAKER_01,14,
72222,SPEAKER_00,15,
72222,SPEAKER_01,15,
72371,SPEAKER_00,-15,
72371,SPEAKER_01,-15,
72371,SPEAKER_00,-14,
72371,SPEAKER_01,-14,
72371,SPEAKER_00,-13,
72371,SPEAKER_01,-13,
72371,SPEAKER_00,-12,
72371,SPEAKER_01,-12,
72371,SPEAKER_00,-11,
72371,SPEAKER_01,-11,
72371,SPEAKER_00,-10,
72371,SPEAKER_01,-10,
72371,SPEAKER_00,-9,
72371,SPEAKER_01,-9,
72371,SPEAKER_00,-8,
72371,SPEAKER_01,-8,
72371,SPEAKER_00,-7,
72371,SPEAKER_01,-7,
72371,SPEAKER_00,-6,
72371,SPEAKER_01,-6,
72371,SPEAKER_00,-5,
72371,SPEAKER_01,-5,
72371,SPEAKER_00,-4,
72371,SPEAKER_01,-4,
72371,SPEAKER_00,-3,
72371,SPEAKER_01,-3,
72371,SPEAKER_00,-2,
72371,SPEAKER_01,-2,
72371,SPEAKER_00,-1,
72371,SPEAKER_01,-1,
72371,SPEAKER_00,0,
72371,SPEAKER_01,0,
72371,SPEAKER_00,1,
72371,SPEAKER_01,1,
72371,SPEAKER_00,2,
72371,SPEAKER_01,2,
72371,SPEAKER_00,3,
72371,SPEAKER_01,3,
72371,SPEAKER_00,4,
72371,SPEAKER_01,4,
72371,SPEAKER_00,5,
72371,SPEAKER_01,5,
72371,SPEAKER_00,6,
72371,SPEAKER_01,6,
72371,SPEAKER_00,7,
72371,SPEAKER_01,7,
72371,SPEAKER_00,8,
72371,SPEAKER_01,8,
72371,SPEAKER_00,9,
72371,SPEAKER_01,9,
72371,SPEAKER_00,10,
72371,SPEAKER_01,10,
72371,SPEAKER_00,11,
72371,SPEAKER_01,11,
72371,SPEAKER_00,12,
72371,SPEAKER_01,12,
72371,SPEAKER_00,13,
72371,SPEAKER_01,13,
72371,SPEAKER_00,14,
72371,SPEAKER_01,14,
72371,SPEAKER_00,15,
72371,SPEAKER_01,15,
72381,SPEAKER_00,-15,
72381,SPEAKER_01,-15,
72381,SPEAKER_00,-14,
72381,SPEAKER_01,-14,
72381,SPEAKER_00,-13,
72381,SPEAKER_01,-13,
72381,SPEAKER_00,-12,
72381,SPEAKER_01,-12,
72381,SPEAKER_00,-11,
72381,SPEAKER_01,-11,
72381,SPEAKER_00,-10,
72381,SPEAKER_01,-10,
72381,SPEAKER_00,-9,
72381,SPEAKER_01,-9,
72381,SPEAKER_00,-8,
72381,SPEAKER_01,-8,
72381,SPEAKER_00,-7,
72381,SPEAKER_01,-7,
72381,SPEAKER_00,-6,
72381,SPEAKER_01,-6,
72381,SPEAKER_00,-5,
72381,SPEAKER_01,-5,
72381,SPEAKER_00,-4,
72381,SPEAKER_01,-4,
72381,SPEAKER_00,-3,
72381,SPEAKER_01,-3,
72381,SPEAKER_00,-2,
72381,SPEAKER_01,-2,
72381,SPEAKER_00,-1,
72381,SPEAKER_01,-1,
72381,SPEAKER_00,0,
72381,SPEAKER_01,0,
72381,SPEAKER_00,1,
72381,SPEAKER_01,1,
72381,SPEAKER_00,2,
72381,SPEAKER_01,2,
72381,SPEAKER_00,3,
72381,SPEAKER_01,3,
72381,SPEAKER_00,4,
72381,SPEAKER_01,4,
72381,SPEAKER_00,5,
72381,SPEAKER_01,5,
72381,SPEAKER_00,6,
72381,SPEAKER_01,6,
72381,SPEAKER_00,7,
72381,SPEAKER_01,7,
72381,SPEAKER_00,8,
72381,SPEAKER_01,8,
72381,SPEAKER_00,9,
72381,SPEAKER_01,9,
72381,SPEAKER_00,10,
72381,SPEAKER_01,10,
72381,SPEAKER_00,11,
72381,SPEAKER_01,11,
72381,SPEAKER_00,12,
72381,SPEAKER_01,12,
72381,SPEAKER_00,13,
72381,SPEAKER_01,13,
72381,SPEAKER_00,14,
72381,SPEAKER_01,14,
72381,SPEAKER_00,15,
72381,SPEAKER_01,15,
72489,SPEAKER_00,-15,
72489,SPEAKER_01,-15,
72489,SPEAKER_00,-14,
72489,SPEAKER_01,-14,
72489,SPEAKER_00,-13,
72489,SPEAKER_01,-13,
72489,SPEAKER_00,-12,
72489,SPEAKER_01,-12,
72489,SPEAKER_00,-11,
72489,SPEAKER_01,-11,
72489,SPEAKER_00,-10,
72489,SPEAKER_01,-10,
72489,SPEAKER_00,-9,
72489,SPEAKER_01,-9,
72489,SPEAKER_00,-8,
72489,SPEAKER_01,-8,
72489,SPEAKER_00,-7,
72489,SPEAKER_01,-7,
72489,SPEAKER_00,-6,
72489,SPEAKER_01,-6,
72489,SPEAKER_00,-5,
72489,SPEAKER_01,-5,
72489,SPEAKER_00,-4,
72489,SPEAKER_01,-4,
72489,SPEAKER_00,-3,
72489,SPEAKER_01,-3,
72489,SPEAKER_00,-2,
72489,SPEAKER_01,-2,
72489,SPEAKER_00,-1,
72489,SPEAKER_01,-1,
72489,SPEAKER_00,0,
72489,SPEAKER_01,0,
72489,SPEAKER_00,1,
72489,SPEAKER_01,1,
72489,SPEAKER_00,2,
72489,SPEAKER_01,2,
72489,SPEAKER_00,3,
72489,SPEAKER_01,3,
72489,SPEAKER_00,4,
72489,SPEAKER_01,4,
72489,SPEAKER_00,5,
72489,SPEAKER_01,5,
72489,SPEAKER_00,6,
72489,SPEAKER_01,6,
72489,SPEAKER_00,7,
72489,SPEAKER_01,7,
72489,SPEAKER_00,8,
72489,SPEAKER_01,8,
72489,SPEAKER_00,9,
72489,SPEAKER_01,9,
72489,SPEAKER_00,10,
72489,SPEAKER_01,10,
72489,SPEAKER_00,11,
72489,SPEAKER_01,11,
72489,SPEAKER_00,12,
72489,SPEAKER_01,12,
72489,SPEAKER_00,13,
72489,SPEAKER_01,13,
72489,SPEAKER_00,14,
72489,SPEAKER_01,14,
72489,SPEAKER_00,15,
72489,SPEAKER_01,15,
72517,SPEAKER_00,-15,
72517,SPEAKER_01,-15,
72517,SPEAKER_00,-14,
72517,SPEAKER_01,-14,
72517,SPEAKER_00,-13,
72517,SPEAKER_01,-13,
72517,SPEAKER_00,-12,
72517,SPEAKER_01,-12,
72517,SPEAKER_00,-11,
72517,SPEAKER_01,-11,
72517,SPEAKER_00,-10,
72517,SPEAKER_01,-10,
72517,SPEAKER_00,-9,
72517,SPEAKER_01,-9,
72517,SPEAKER_00,-8,
72517,SPEAKER_01,-8,
72517,SPEAKER_00,-7,
72517,SPEAKER_01,-7,
72517,SPEAKER_00,-6,
72517,SPEAKER_01,-6,
72517,SPEAKER_00,-5,
72517,SPEAKER_01,-5,
72517,SPEAKER_00,-4,
72517,SPEAKER_01,-4,
72517,SPEAKER_00,-3,
72517,SPEAKER_01,-3,
72517,SPEAKER_00,-2,
72517,SPEAKER_01,-2,
72517,SPEAKER_00,-1,
72517,SPEAKER_01,-1,
72517,SPEAKER_00,0,
72517,SPEAKER_01,0,
72517,SPEAKER_00,1,
72517,SPEAKER_01,1,
72517,SPEAKER_00,2,
72517,SPEAKER_01,2,
72517,SPEAKER_00,3,
72517,SPEAKER_01,3,
72517,SPEAKER_00,4,
72517,SPEAKER_01,4,
72517,SPEAKER_00,5,
72517,SPEAKER_01,5,
72517,SPEAKER_00,6,
72517,SPEAKER_01,6,
72517,SPEAKER_00,7,
72517,SPEAKER_01,7,
72517,SPEAKER_00,8,
72517,SPEAKER_01,8,
72517,SPEAKER_00,9,
72517,SPEAKER_01,9,
72517,SPEAKER_00,10,
72517,SPEAKER_01,10,
72517,SPEAKER_00,11,
72517,SPEAKER_01,11,
72517,SPEAKER_00,12,
72517,SPEAKER_01,12,
72517,SPEAKER_00,13,
72517,SPEAKER_01,13,
72517,SPEAKER_00,14,
72517,SPEAKER_01,14,
72517,SPEAKER_00,15,
72517,SPEAKER_01,15,
72520,SPEAKER_00,-15,
72520,SPEAKER_02,-15,
72520,SPEAKER_00,-14,
72520,SPEAKER_02,-14,
72520,SPEAKER_00,-13,
72520,SPEAKER_02,-13,
72520,SPEAKER_00,-12,
72520,SPEAKER_02,-12,
72520,SPEAKER_00,-11,
72520,SPEAKER_02,-11,
72520,SPEAKER_00,-10,
72520,SPEAKER_02,-10,
72520,SPEAKER_00,-9,
72520,SPEAKER_02,-9,
72520,SPEAKER_00,-8,
72520,SPEAKER_02,-8,
72520,SPEAKER_00,-7,
72520,SPEAKER_02,-7,
72520,SPEAKER_00,-6,
72520,SPEAKER_02,-6,
72520,SPEAKER_00,-5,
72520,SPEAKER_02,-5,
72520,SPEAKER_00,-4,
72520,SPEAKER_02,-4,
72520,SPEAKER_00,-3,
72520,SPEAKER_02,-3,
72520,SPEAKER_00,-2,
72520,SPEAKER_02,-2,
72520,SPEAKER_00,-1,
72520,SPEAKER_02,-1,
72520,SPEAKER_00,0,
72520,SPEAKER_02,0,
72520,SPEAKER_00,1,
72520,SPEAKER_02,1,
72520,SPEAKER_00,2,
72520,SPEAKER_02,2,
72520,SPEAKER_00,3,
72520,SPEAKER_02,3,
72520,SPEAKER_00,4,
72520,SPEAKER_02,4,
72520,SPEAKER_00,5,
72520,SPEAKER_02,5,
72520,SPEAKER_00,6,
72520,SPEAKER_02,6,
72520,SPEAKER_00,7,
72520,SPEAKER_02,7,
72520,SPEAKER_00,8,
72520,SPEAKER_02,8,
72520,SPEAKER_00,9,
72520,SPEAKER_02,9,
72520,SPEAKER_00,10,
72520,SPEAKER_02,10,
72520,SPEAKER_00,11,
72520,SPEAKER_02,11,
72520,SPEAKER_00,12,
72520,SPEAKER_02,12,
72520,SPEAKER_00,13,
72520,SPEAKER_02,13,
72520,SPEAKER_00,14,
72520,SPEAKER_02,14,
72520,SPEAKER_00,15,
72520,SPEAKER_02,15,
72651,SPEAKER_00,-15,
72651,SPEAKER_01,-15,
72651,SPEAKER_00,-14,
72651,SPEAKER_01,-14,
72651,SPEAKER_00,-13,
72651,SPEAKER_01,-13,
72651,SPEAKER_00,-12,
72651,SPEAKER_01,-12,
72651,SPEAKER_00,-11,
72651,SPEAKER_01,-11,
72651,SPEAKER_00,-10,
72651,SPEAKER_01,-10,
72651,SPEAKER_00,-9,
72651,SPEAKER_01,-9,
72651,SPEAKER_00,-8,
72651,SPEAKER_01,-8,
72651,SPEAKER_00,-7,
72651,SPEAKER_01,-7,
72651,SPEAKER_00,-6,
72651,SPEAKER_01,-6,
72651,SPEAKER_00,-5,
72651,SPEAKER_01,-5,
72651,SPEAKER_00,-4,
72651,SPEAKER_01,-4,
72651,SPEAKER_00,-3,
72651,SPEAKER_01,-3,
72651,SPEAKER_00,-2,
72651,SPEAKER_01,-2,
72651,SPEAKER_00,-1,
72651,SPEAKER_01,-1,
72651,SPEAKER_00,0,
72651,SPEAKER_01,0,
72651,SPEAKER_00,1,
72651,SPEAKER_01,1,
72651,SPEAKER_00,2,
72651,SPEAKER_01,2,
72651,SPEAKER_00,3,
72651,SPEAKER_01,3,
72651,SPEAKER_00,4,
72651,SPEAKER_01,4,
72651,SPEAKER_00,5,
72651,SPEAKER_01,5,
72651,SPEAKER_00,6,
72651,SPEAKER_01,6,
72651,SPEAKER_00,7,
72651,SPEAKER_01,7,
72651,SPEAKER_00,8,
72651,SPEAKER_01,8,
72651,SPEAKER_00,9,
72651,SPEAKER_01,9,
72651,SPEAKER_00,10,
72651,SPEAKER_01,10,
72651,SPEAKER_00,11,
72651,SPEAKER_01,11,
72651,SPEAKER_00,12,
72651,SPEAKER_01,12,
72651,SPEAKER_00,13,
72651,SPEAKER_01,13,
72651,SPEAKER_00,14,
72651,SPEAKER_01,14,
72651,SPEAKER_00,15,
72651,SPEAKER_01,15,
72659,SPEAKER_00,-15,
72659,SPEAKER_01,-15,
72659,SPEAKER_00,-14,
72659,SPEAKER_01,-14,
72659,SPEAKER_00,-13,
72659,SPEAKER_01,-13,
72659,SPEAKER_00,-12,
72659,SPEAKER_01,-12,
72659,SPEAKER_00,-11,
72659,SPEAKER_01,-11,
72659,SPEAKER_00,-10,
72659,SPEAKER_01,-10,
72659,SPEAKER_00,-9,
72659,SPEAKER_01,-9,
72659,SPEAKER_00,-8,
72659,SPEAKER_01,-8,
72659,SPEAKER_00,-7,
72659,SPEAKER_01,-7,
72659,SPEAKER_00,-6,
72659,SPEAKER_01,-6,
72659,SPEAKER_00,-5,
72659,SPEAKER_01,-5,
72659,SPEAKER_00,-4,
72659,SPEAKER_01,-4,
72659,SPEAKER_00,-3,
72659,SPEAKER_01,-3,
72659,SPEAKER_00,-2,
72659,SPEAKER_01,-2,
72659,SPEAKER_00,-1,
72659,SPEAKER_01,-1,
72659,SPEAKER_00,0,
72659,SPEAKER_01,0,
72659,SPEAKER_00,1,
72659,SPEAKER_01,1,
72659,SPEAKER_00,2,
72659,SPEAKER_01,2,
72659,SPEAKER_00,3,
72659,SPEAKER_01,3,
72659,SPEAKER_00,4,
72659,SPEAKER_01,4,
72659,SPEAKER_00,5,
72659,SPEAKER_01,5,
72659,SPEAKER_00,6,
72659,SPEAKER_01,6,
72659,SPEAKER_00,7,
72659,SPEAKER_01,7,
72659,SPEAKER_00,8,
72659,SPEAKER_01,8,
72659,SPEAKER_00,9,
72659,SPEAKER_01,9,
72659,SPEAKER_00,10,
72659,SPEAKER_01,10,
72659,SPEAKER_00,11,
72659,SPEAKER_01,11,
72659,SPEAKER_00,12,
72659,SPEAKER_01,12,
72659,SPEAKER_00,13,
72659,SPEAKER_01,13,
72659,SPEAKER_00,14,
72659,SPEAKER_01,14,
72659,SPEAKER_00,15,
72659,SPEAKER_01,15,
72664,SPEAKER_00,-15,
72664,SPEAKER_01,-15,
72664,SPEAKER_00,-14,
72664,SPEAKER_01,-14,
72664,SPEAKER_00,-13,
72664,SPEAKER_01,-13,
72664,SPEAKER_00,-12,
72664,SPEAKER_01,-12,
72664,SPEAKER_00,-11,
72664,SPEAKER_01,-11,
72664,SPEAKER_00,-10,
72664,SPEAKER_01,-10,
72664,SPEAKER_00,-9,
72664,SPEAKER_01,-9,
72664,SPEAKER_00,-8,
72664,SPEAKER_01,-8,
72664,SPEAKER_00,-7,
72664,SPEAKER_01,-7,
72664,SPEAKER_00,-6,
72664,SPEAKER_01,-6,
72664,SPEAKER_00,-5,
72664,SPEAKER_01,-5,
72664,SPEAKER_00,-4,
72664,SPEAKER_01,-4,
72664,SPEAKER_00,-3,
72664,SPEAKER_01,-3,
72664,SPEAKER_00,-2,
72664,SPEAKER_01,-2,
72664,SPEAKER_00,-1,
72664,SPEAKER_01,-1,
72664,SPEAKER_00,0,
72664,SPEAKER_01,0,
72664,SPEAKER_00,1,
72664,SPEAKER_01,1,
72664,SPEAKER_00,2,
72664,SPEAKER_01,2,
72664,SPEAKER_00,3,
72664,SPEAKER_01,3,
72664,SPEAKER_00,4,
72664,SPEAKER_01,4,
72664,SPEAKER_00,5,
72664,SPEAKER_01,5,
72664,SPEAKER_00,6,
72664,SPEAKER_01,6,
72664,SPEAKER_00,7,
72664,SPEAKER_01,7,
72664,SPEAKER_00,8,
72664,SPEAKER_01,8,
72664,SPEAKER_00,9,
72664,SPEAKER_01,9,
72664,SPEAKER_00,10,
72664,SPEAKER_01,10,
72664,SPEAKER_00,11,
72664,SPEAKER_01,11,
72664,SPEAKER_00,12,
72664,SPEAKER_01,12,
72664,SPEAKER_00,13,
72664,SPEAKER_01,13,
72664,SPEAKER_00,14,
72664,SPEAKER_01,14,
72664,SPEAKER_00,15,
72664,SPEAKER_01,15,
72666,SPEAKER_00,-15,
72666,SPEAKER_01,-15,
72666,SPEAKER_00,-14,
72666,SPEAKER_01,-14,
72666,SPEAKER_00,-13,
72666,SPEAKER_01,-13,
72666,SPEAKER_00,-12,
72666,SPEAKER_01,-12,
72666,SPEAKER_00,-11,
72666,SPEAKER_01,-11,
72666,SPEAKER_00,-10,
72666,SPEAKER_01,-10,
72666,SPEAKER_00,-9,
72666,SPEAKER_01,-9,
72666,SPEAKER_00,-8,
72666,SPEAKER_01,-8,
72666,SPEAKER_00,-7,
72666,SPEAKER_01,-7,
72666,SPEAKER_00,-6,
72666,SPEAKER_01,-6,
72666,SPEAKER_00,-5,
72666,SPEAKER_01,-5,
72666,SPEAKER_00,-4,
72666,SPEAKER_01,-4,
72666,SPEAKER_00,-3,
72666,SPEAKER_01,-3,
72666,SPEAKER_00,-2,
72666,SPEAKER_01,-2,
72666,SPEAKER_00,-1,
72666,SPEAKER_01,-1,
72666,SPEAKER_00,0,
72666,SPEAKER_01,0,
72666,SPEAKER_00,1,
72666,SPEAKER_01,1,
72666,SPEAKER_00,2,
72666,SPEAKER_01,2,
72666,SPEAKER_00,3,
72666,SPEAKER_01,3,
72666,SPEAKER_00,4,
72666,SPEAKER_01,4,
72666,SPEAKER_00,5,
72666,SPEAKER_01,5,
72666,SPEAKER_00,6,
72666,SPEAKER_01,6,
72666,SPEAKER_00,7,
72666,SPEAKER_01,7,
72666,SPEAKER_00,8,
72666,SPEAKER_01,8,
72666,SPEAKER_00,9,
72666,SPEAKER_01,9,
72666,SPEAKER_00,10,
72666,SPEAKER_01,10,
72666,SPEAKER_00,11,
72666,SPEAKER_01,11,
72666,SPEAKER_00,12,
72666,SPEAKER_01,12,
72666,SPEAKER_00,13,
72666,SPEAKER_01,13,
72666,SPEAKER_00,14,
72666,SPEAKER_01,14,
72666,SPEAKER_00,15,
72666,SPEAKER_01,15,
72670,SPEAKER_00,-15,
72670,SPEAKER_01,-15,
72670,SPEAKER_00,-14,
72670,SPEAKER_01,-14,
72670,SPEAKER_00,-13,
72670,SPEAKER_01,-13,
72670,SPEAKER_00,-12,
72670,SPEAKER_01,-12,
72670,SPEAKER_00,-11,
72670,SPEAKER_01,-11,
72670,SPEAKER_00,-10,
72670,SPEAKER_01,-10,
72670,SPEAKER_00,-9,
72670,SPEAKER_01,-9,
72670,SPEAKER_00,-8,
72670,SPEAKER_01,-8,
72670,SPEAKER_00,-7,
72670,SPEAKER_01,-7,
72670,SPEAKER_00,-6,
72670,SPEAKER_01,-6,
72670,SPEAKER_00,-5,
72670,SPEAKER_01,-5,
72670,SPEAKER_00,-4,
72670,SPEAKER_01,-4,
72670,SPEAKER_00,-3,
72670,SPEAKER_01,-3,
72670,SPEAKER_00,-2,
72670,SPEAKER_01,-2,
72670,SPEAKER_00,-1,
72670,SPEAKER_01,-1,
72670,SPEAKER_00,0,
72670,SPEAKER_01,0,
72670,SPEAKER_00,1,
72670,SPEAKER_01,1,
72670,SPEAKER_00,2,
72670,SPEAKER_01,2,
72670,SPEAKER_00,3,
72670,SPEAKER_01,3,
72670,SPEAKER_00,4,
72670,SPEAKER_01,4,
72670,SPEAKER_00,5,
72670,SPEAKER_01,5,
72670,SPEAKER_00,6,
72670,SPEAKER_01,6,
72670,SPEAKER_00,7,
72670,SPEAKER_01,7,
72670,SPEAKER_00,8,
72670,SPEAKER_01,8,
72670,SPEAKER_00,9,
72670,SPEAKER_01,9,
72670,SPEAKER_00,10,
72670,SPEAKER_01,10,
72670,SPEAKER_00,11,
72670,SPEAKER_01,11,
72670,SPEAKER_00,12,
72670,SPEAKER_01,12,
72670,SPEAKER_00,13,
72670,SPEAKER_01,13,
72670,SPEAKER_00,14,
72670,SPEAKER_01,14,
72670,SPEAKER_00,15,
72670,SPEAKER_01,15,
72675,SPEAKER_00,-15,
72675,SPEAKER_01,-15,
72675,SPEAKER_00,-14,
72675,SPEAKER_01,-14,
72675,SPEAKER_00,-13,
72675,SPEAKER_01,-13,
72675,SPEAKER_00,-12,
72675,SPEAKER_01,-12,
72675,SPEAKER_00,-11,
72675,SPEAKER_01,-11,
72675,SPEAKER_00,-10,
72675,SPEAKER_01,-10,
72675,SPEAKER_00,-9,
72675,SPEAKER_01,-9,
72675,SPEAKER_00,-8,
72675,SPEAKER_01,-8,
72675,SPEAKER_00,-7,
72675,SPEAKER_01,-7,
72675,SPEAKER_00,-6,
72675,SPEAKER_01,-6,
72675,SPEAKER_00,-5,
72675,SPEAKER_01,-5,
72675,SPEAKER_00,-4,
72675,SPEAKER_01,-4,
72675,SPEAKER_00,-3,
72675,SPEAKER_01,-3,
72675,SPEAKER_00,-2,
72675,SPEAKER_01,-2,
72675,SPEAKER_00,-1,
72675,SPEAKER_01,-1,
72675,SPEAKER_00,0,
72675,SPEAKER_01,0,
72675,SPEAKER_00,1,
72675,SPEAKER_01,1,
72675,SPEAKER_00,2,
72675,SPEAKER_01,2,
72675,SPEAKER_00,3,
72675,SPEAKER_01,3,
72675,SPEAKER_00,4,
72675,SPEAKER_01,4,
72675,SPEAKER_00,5,
72675,SPEAKER_01,5,
72675,SPEAKER_00,6,
72675,SPEAKER_01,6,
72675,SPEAKER_00,7,
72675,SPEAKER_01,7,
72675,SPEAKER_00,8,
72675,SPEAKER_01,8,
72675,SPEAKER_00,9,
72675,SPEAKER_01,9,
72675,SPEAKER_00,10,
72675,SPEAKER_01,10,
72675,SPEAKER_00,11,
72675,SPEAKER_01,11,
72675,SPEAKER_00,12,
72675,SPEAKER_01,12,
72675,SPEAKER_00,13,
72675,SPEAKER_01,13,
72675,SPEAKER_00,14,
72675,SPEAKER_01,14,
72675,SPEAKER_00,15,
72675,SPEAKER_01,15,
72691,SPEAKER_00,-15,
72691,SPEAKER_01,-15,
72691,SPEAKER_00,-14,
72691,SPEAKER_01,-14,
72691,SPEAKER_00,-13,
72691,SPEAKER_01,-13,
72691,SPEAKER_00,-12,
72691,SPEAKER_01,-12,
72691,SPEAKER_00,-11,
72691,SPEAKER_01,-11,
72691,SPEAKER_00,-10,
72691,SPEAKER_01,-10,
72691,SPEAKER_00,-9,
72691,SPEAKER_01,-9,
72691,SPEAKER_00,-8,
72691,SPEAKER_01,-8,
72691,SPEAKER_00,-7,
72691,SPEAKER_01,-7,
72691,SPEAKER_00,-6,
72691,SPEAKER_01,-6,
72691,SPEAKER_00,-5,
72691,SPEAKER_01,-5,
72691,SPEAKER_00,-4,
72691,SPEAKER_01,-4,
72691,SPEAKER_00,-3,
72691,SPEAKER_01,-3,
72691,SPEAKER_00,-2,
72691,SPEAKER_01,-2,
72691,SPEAKER_00,-1,
72691,SPEAKER_01,-1,
72691,SPEAKER_00,0,
72691,SPEAKER_01,0,
72691,SPEAKER_00,1,
72691,SPEAKER_01,1,
72691,SPEAKER_00,2,
72691,SPEAKER_01,2,
72691,SPEAKER_00,3,
72691,SPEAKER_01,3,
72691,SPEAKER_00,4,
72691,SPEAKER_01,4,
72691,SPEAKER_00,5,
72691,SPEAKER_01,5,
72691,SPEAKER_00,6,
72691,SPEAKER_01,6,
72691,SPEAKER_00,7,
72691,SPEAKER_01,7,
72691,SPEAKER_00,8,
72691,SPEAKER_01,8,
72691,SPEAKER_00,9,
72691,SPEAKER_01,9,
72691,SPEAKER_00,10,
72691,SPEAKER_01,10,
72691,SPEAKER_00,11,
72691,SPEAKER_01,11,
72691,SPEAKER_00,12,
72691,SPEAKER_01,12,
72691,SPEAKER_00,13,
72691,SPEAKER_01,13,
72691,SPEAKER_00,14,
72691,SPEAKER_01,14,
72691,SPEAKER_00,15,
72691,SPEAKER_01,15,
72692,SPEAKER_00,-15,
72692,SPEAKER_01,-15,
72692,SPEAKER_00,-14,
72692,SPEAKER_01,-14,
72692,SPEAKER_00,-13,
72692,SPEAKER_01,-13,
72692,SPEAKER_00,-12,
72692,SPEAKER_01,-12,
72692,SPEAKER_00,-11,
72692,SPEAKER_01,-11,
72692,SPEAKER_00,-10,
72692,SPEAKER_01,-10,
72692,SPEAKER_00,-9,
72692,SPEAKER_01,-9,
72692,SPEAKER_00,-8,
72692,SPEAKER_01,-8,
72692,SPEAKER_00,-7,
72692,SPEAKER_01,-7,
72692,SPEAKER_00,-6,
72692,SPEAKER_01,-6,
72692,SPEAKER_00,-5,
72692,SPEAKER_01,-5,
72692,SPEAKER_00,-4,
72692,SPEAKER_01,-4,
72692,SPEAKER_00,-3,
72692,SPEAKER_01,-3,
72692,SPEAKER_00,-2,
72692,SPEAKER_01,-2,
72692,SPEAKER_00,-1,
72692,SPEAKER_01,-1,
72692,SPEAKER_00,0,
72692,SPEAKER_01,0,
72692,SPEAKER_00,1,
72692,SPEAKER_01,1,
72692,SPEAKER_00,2,
72692,SPEAKER_01,2,
72692,SPEAKER_00,3,
72692,SPEAKER_01,3,
72692,SPEAKER_00,4,
72692,SPEAKER_01,4,
72692,SPEAKER_00,5,
72692,SPEAKER_01,5,
72692,SPEAKER_00,6,
72692,SPEAKER_01,6,
72692,SPEAKER_00,7,
72692,SPEAKER_01,7,
72692,SPEAKER_00,8,
72692,SPEAKER_01,8,
72692,SPEAKER_00,9,
72692,SPEAKER_01,9,
72692,SPEAKER_00,10,
72692,SPEAKER_01,10,
72692,SPEAKER_00,11,
72692,SPEAKER_01,11,
72692,SPEAKER_00,12,
72692,SPEAKER_01,12,
72692,SPEAKER_00,13,
72692,SPEAKER_01,13,
72692,SPEAKER_00,14,
72692,SPEAKER_01,14,
72692,SPEAKER_00,15,
72692,SPEAKER_01,15,
72699,SPEAKER_00,-15,
72699,SPEAKER_01,-15,
72699,SPEAKER_00,-14,
72699,SPEAKER_01,-14,
72699,SPEAKER_00,-13,
72699,SPEAKER_01,-13,
72699,SPEAKER_00,-12,
72699,SPEAKER_01,-12,
72699,SPEAKER_00,-11,
72699,SPEAKER_01,-11,
72699,SPEAKER_00,-10,
72699,SPEAKER_01,-10,
72699,SPEAKER_00,-9,
72699,SPEAKER_01,-9,
72699,SPEAKER_00,-8,
72699,SPEAKER_01,-8,
72699,SPEAKER_00,-7,
72699,SPEAKER_01,-7,
72699,SPEAKER_00,-6,
72699,SPEAKER_01,-6,
72699,SPEAKER_00,-5,
72699,SPEAKER_01,-5,
72699,SPEAKER_00,-4,
72699,SPEAKER_01,-4,
72699,SPEAKER_00,-3,
72699,SPEAKER_01,-3,
72699,SPEAKER_00,-2,
72699,SPEAKER_01,-2,
72699,SPEAKER_00,-1,
72699,SPEAKER_01,-1,
72699,SPEAKER_00,0,
72699,SPEAKER_01,0,
72699,SPEAKER_00,1,
72699,SPEAKER_01,1,
72699,SPEAKER_00,2,
72699,SPEAKER_01,2,
72699,SPEAKER_00,3,
72699,SPEAKER_01,3,
72699,SPEAKER_00,4,
72699,SPEAKER_01,4,
72699,SPEAKER_00,5,
72699,SPEAKER_01,5,
72699,SPEAKER_00,6,
72699,SPEAKER_01,6,
72699,SPEAKER_00,7,
72699,SPEAKER_01,7,
72699,SPEAKER_00,8,
72699,SPEAKER_01,8,
72699,SPEAKER_00,9,
72699,SPEAKER_01,9,
72699,SPEAKER_00,10,
72699,SPEAKER_01,10,
72699,SPEAKER_00,11,
72699,SPEAKER_01,11,
72699,SPEAKER_00,12,
72699,SPEAKER_01,12,
72699,SPEAKER_00,13,
72699,SPEAKER_01,13,
72699,SPEAKER_00,14,
72699,SPEAKER_01,14,
72699,SPEAKER_00,15,
72699,SPEAKER_01,15,
72717,SPEAKER_00,-15,
72717,SPEAKER_01,-15,
72717,SPEAKER_00,-14,
72717,SPEAKER_01,-14,
72717,SPEAKER_00,-13,
72717,SPEAKER_01,-13,
72717,SPEAKER_00,-12,
72717,SPEAKER_01,-12,
72717,SPEAKER_00,-11,
72717,SPEAKER_01,-11,
72717,SPEAKER_00,-10,
72717,SPEAKER_01,-10,
72717,SPEAKER_00,-9,
72717,SPEAKER_01,-9,
72717,SPEAKER_00,-8,
72717,SPEAKER_01,-8,
72717,SPEAKER_00,-7,
72717,SPEAKER_01,-7,
72717,SPEAKER_00,-6,
72717,SPEAKER_01,-6,
72717,SPEAKER_00,-5,
72717,SPEAKER_01,-5,
72717,SPEAKER_00,-4,
72717,SPEAKER_01,-4,
72717,SPEAKER_00,-3,
72717,SPEAKER_01,-3,
72717,SPEAKER_00,-2,
72717,SPEAKER_01,-2,
72717,SPEAKER_00,-1,
72717,SPEAKER_01,-1,
72717,SPEAKER_00,0,
72717,SPEAKER_01,0,
72717,SPEAKER_00,1,
72717,SPEAKER_01,1,
72717,SPEAKER_00,2,
72717,SPEAKER_01,2,
72717,SPEAKER_00,3,
72717,SPEAKER_01,3,
72717,SPEAKER_00,4,
72717,SPEAKER_01,4,
72717,SPEAKER_00,5,
72717,SPEAKER_01,5,
72717,SPEAKER_00,6,
72717,SPEAKER_01,6,
72717,SPEAKER_00,7,
72717,SPEAKER_01,7,
72717,SPEAKER_00,8,
72717,SPEAKER_01,8,
72717,SPEAKER_00,9,
72717,SPEAKER_01,9,
72717,SPEAKER_00,10,
72717,SPEAKER_01,10,
72717,SPEAKER_00,11,
72717,SPEAKER_01,11,
72717,SPEAKER_00,12,
72717,SPEAKER_01,12,
72717,SPEAKER_00,13,
72717,SPEAKER_01,13,
72717,SPEAKER_00,14,
72717,SPEAKER_01,14,
72717,SPEAKER_00,15,
72717,SPEAKER_01,15,
72723,SPEAKER_00,-15,
72723,SPEAKER_01,-15,
72723,SPEAKER_00,-14,
72723,SPEAKER_01,-14,
72723,SPEAKER_00,-13,
72723,SPEAKER_01,-13,
72723,SPEAKER_00,-12,
72723,SPEAKER_01,-12,
72723,SPEAKER_00,-11,
72723,SPEAKER_01,-11,
72723,SPEAKER_00,-10,
72723,SPEAKER_01,-10,
72723,SPEAKER_00,-9,
72723,SPEAKER_01,-9,
72723,SPEAKER_00,-8,
72723,SPEAKER_01,-8,
72723,SPEAKER_00,-7,
72723,SPEAKER_01,-7,
72723,SPEAKER_00,-6,
72723,SPEAKER_01,-6,
72723,SPEAKER_00,-5,
72723,SPEAKER_01,-5,
72723,SPEAKER_00,-4,
72723,SPEAKER_01,-4,
72723,SPEAKER_00,-3,
72723,SPEAKER_01,-3,
72723,SPEAKER_00,-2,
72723,SPEAKER_01,-2,
72723,SPEAKER_00,-1,
72723,SPEAKER_01,-1,
72723,SPEAKER_00,0,
72723,SPEAKER_01,0,
72723,SPEAKER_00,1,
72723,SPEAKER_01,1,
72723,SPEAKER_00,2,
72723,SPEAKER_01,2,
72723,SPEAKER_00,3,
72723,SPEAKER_01,3,
72723,SPEAKER_00,4,
72723,SPEAKER_01,4,
72723,SPEAKER_00,5,
72723,SPEAKER_01,5,
72723,SPEAKER_00,6,
72723,SPEAKER_01,6,
72723,SPEAKER_00,7,
72723,SPEAKER_01,7,
72723,SPEAKER_00,8,
72723,SPEAKER_01,8,
72723,SPEAKER_00,9,
72723,SPEAKER_01,9,
72723,SPEAKER_00,10,
72723,SPEAKER_01,10,
72723,SPEAKER_00,11,
72723,SPEAKER_01,11,
72723,SPEAKER_00,12,
72723,SPEAKER_01,12,
72723,SPEAKER_00,13,
72723,SPEAKER_01,13,
72723,SPEAKER_00,14,
72723,SPEAKER_01,14,
72723,SPEAKER_00,15,
72723,SPEAKER_01,15,
72729,SPEAKER_00,-15,
72729,SPEAKER_01,-15,
72729,SPEAKER_00,-14,
72729,SPEAKER_01,-14,
72729,SPEAKER_00,-13,
72729,SPEAKER_01,-13,
72729,SPEAKER_00,-12,
72729,SPEAKER_01,-12,
72729,SPEAKER_00,-11,
72729,SPEAKER_01,-11,
72729,SPEAKER_00,-10,
72729,SPEAKER_01,-10,
72729,SPEAKER_00,-9,
72729,SPEAKER_01,-9,
72729,SPEAKER_00,-8,
72729,SPEAKER_01,-8,
72729,SPEAKER_00,-7,
72729,SPEAKER_01,-7,
72729,SPEAKER_00,-6,
72729,SPEAKER_01,-6,
72729,SPEAKER_00,-5,
72729,SPEAKER_01,-5,
72729,SPEAKER_00,-4,
72729,SPEAKER_01,-4,
72729,SPEAKER_00,-3,
72729,SPEAKER_01,-3,0.27503751077897476
72729,SPEAKER_00,-2,
72729,SPEAKER_01,-2,
72729,SPEAKER_00,-1,0.5020518466031649
72729,SPEAKER_01,-1,2.3232747419092887
72729,SPEAKER_00,0,
72729,SPEAKER_01,0,
72729,SPEAKER_00,1,0.10258875797203972
72729,SPEAKER_01,1,2.736000421338103
72729,SPEAKER_00,2,
72729,SPEAKER_01,2,
72729,SPEAKER_00,3,2.018601690557919
72729,SPEAKER_01,3,
72729,SPEAKER_00,4,
72729,SPEAKER_01,4,
72729,SPEAKER_00,5,
72729,SPEAKER_01,5,
72729,SPEAKER_00,6,
72729,SPEAKER_01,6,
72729,SPEAKER_00,7,
72729,SPEAKER_01,7,
72729,SPEAKER_00,8,
72729,SPEAKER_01,8,
72729,SPEAKER_00,9,
72729,SPEAKER_01,9,
72729,SPEAKER_00,10,
72729,SPEAKER_01,10,
72729,SPEAKER_00,11,
72729,SPEAKER_01,11,
72729,SPEAKER_00,12,
72729,SPEAKER_01,12,
72729,SPEAKER_00,13,
72729,SPEAKER_01,13,
72729,SPEAKER_00,14,
72729,SPEAKER_01,14,
72729,SPEAKER_00,15,
72729,SPEAKER_01,15,
72731,SPEAKER_00,-15,
72731,SPEAKER_01,-15,
72731,SPEAKER_00,-14,
72731,SPEAKER_01,-14,
72731,SPEAKER_00,-13,
72731,SPEAKER_01,-13,
72731,SPEAKER_00,-12,
72731,SPEAKER_01,-12,
72731,SPEAKER_00,-11,
72731,SPEAKER_01,-11,
72731,SPEAKER_00,-10,
72731,SPEAKER_01,-10,
72731,SPEAKER_00,-9,
72731,SPEAKER_01,-9,
72731,SPEAKER_00,-8,
72731,SPEAKER_01,-8,
72731,SPEAKER_00,-7,
72731,SPEAKER_01,-7,
72731,SPEAKER_00,-6,
72731,SPEAKER_01,-6,
72731,SPEAKER_00,-5,
72731,SPEAKER_01,-5,
72731,SPEAKER_00,-4,
72731,SPEAKER_01,-4,
72731,SPEAKER_00,-3,
72731,SPEAKER_01,-3,
72731,SPEAKER_00,-2,
72731,SPEAKER_01,-2,
72731,SPEAKER_00,-1,
72731,SPEAKER_01,-1,
72731,SPEAKER_00,0,
72731,SPEAKER_01,0,
72731,SPEAKER_00,1,
72731,SPEAKER_01,1,
72731,SPEAKER_00,2,
72731,SPEAKER_01,2,
72731,SPEAKER_00,3,
72731,SPEAKER_01,3,
72731,SPEAKER_00,4,
72731,SPEAKER_01,4,
72731,SPEAKER_00,5,
72731,SPEAKER_01,5,
72731,SPEAKER_00,6,
72731,SPEAKER_01,6,
72731,SPEAKER_00,7,
72731,SPEAKER_01,7,
72731,SPEAKER_00,8,
72731,SPEAKER_01,8,
72731,SPEAKER_00,9,
72731,SPEAKER_01,9,
72731,SPEAKER_00,10,
72731,SPEAKER_01,10,
72731,SPEAKER_00,11,
72731,SPEAKER_01,11,
72731,SPEAKER_00,12,
72731,SPEAKER_01,12,
72731,SPEAKER_00,13,
72731,SPEAKER_01,13,
72731,SPEAKER_00,14,
72731,SPEAKER_01,14,
72731,SPEAKER_00,15,
72731,SPEAKER_01,15,
72740,SPEAKER_00,-15,
72740,SPEAKER_01,-15,
72740,SPEAKER_00,-14,
72740,SPEAKER_01,-14,
72740,SPEAKER_00,-13,
72740,SPEAKER_01,-13,
72740,SPEAKER_00,-12,
72740,SPEAKER_01,-12,
72740,SPEAKER_00,-11,
72740,SPEAKER_01,-11,
72740,SPEAKER_00,-10,
72740,SPEAKER_01,-10,
72740,SPEAKER_00,-9,
72740,SPEAKER_01,-9,
72740,SPEAKER_00,-8,
72740,SPEAKER_01,-8,
72740,SPEAKER_00,-7,
72740,SPEAKER_01,-7,
72740,SPEAKER_00,-6,
72740,SPEAKER_01,-6,
72740,SPEAKER_00,-5,
72740,SPEAKER_01,-5,
72740,SPEAKER_00,-4,
72740,SPEAKER_01,-4,
72740,SPEAKER_00,-3,
72740,SPEAKER_01,-3,
72740,SPEAKER_00,-2,
72740,SPEAKER_01,-2,
72740,SPEAKER_00,-1,
72740,SPEAKER_01,-1,
72740,SPEAKER_00,0,
72740,SPEAKER_01,0,
72740,SPEAKER_00,1,
72740,SPEAKER_01,1,
72740,SPEAKER_00,2,
72740,SPEAKER_01,2,
72740,SPEAKER_00,3,
72740,SPEAKER_01,3,
72740,SPEAKER_00,4,
72740,SPEAKER_01,4,
72740,SPEAKER_00,5,
72740,SPEAKER_01,5,
72740,SPEAKER_00,6,
72740,SPEAKER_01,6,
72740,SPEAKER_00,7,
72740,SPEAKER_01,7,
72740,SPEAKER_00,8,
72740,SPEAKER_01,8,
72740,SPEAKER_00,9,
72740,SPEAKER_01,9,
72740,SPEAKER_00,10,
72740,SPEAKER_01,10,
72740,SPEAKER_00,11,
72740,SPEAKER_01,11,
72740,SPEAKER_00,12,
72740,SPEAKER_01,12,
72740,SPEAKER_00,13,
72740,SPEAKER_01,13,
72740,SPEAKER_00,14,
72740,SPEAKER_01,14,
72740,SPEAKER_00,15,
72740,SPEAKER_01,15,
72741,SPEAKER_00,-15,
72741,SPEAKER_01,-15,
72741,SPEAKER_00,-14,
72741,SPEAKER_01,-14,
72741,SPEAKER_00,-13,
72741,SPEAKER_01,-13,
72741,SPEAKER_00,-12,
72741,SPEAKER_01,-12,
72741,SPEAKER_00,-11,
72741,SPEAKER_01,-11,
72741,SPEAKER_00,-10,
72741,SPEAKER_01,-10,
72741,SPEAKER_00,-9,
72741,SPEAKER_01,-9,
72741,SPEAKER_00,-8,
72741,SPEAKER_01,-8,
72741,SPEAKER_00,-7,
72741,SPEAKER_01,-7,
72741,SPEAKER_00,-6,
72741,SPEAKER_01,-6,
72741,SPEAKER_00,-5,
72741,SPEAKER_01,-5,
72741,SPEAKER_00,-4,
72741,SPEAKER_01,-4,
72741,SPEAKER_00,-3,
72741,SPEAKER_01,-3,
72741,SPEAKER_00,-2,
72741,SPEAKER_01,-2,
72741,SPEAKER_00,-1,
72741,SPEAKER_01,-1,
72741,SPEAKER_00,0,
72741,SPEAKER_01,0,
72741,SPEAKER_00,1,
72741,SPEAKER_01,1,
72741,SPEAKER_00,2,
72741,SPEAKER_01,2,
72741,SPEAKER_00,3,
72741,SPEAKER_01,3,
72741,SPEAKER_00,4,
72741,SPEAKER_01,4,
72741,SPEAKER_00,5,
72741,SPEAKER_01,5,
72741,SPEAKER_00,6,
72741,SPEAKER_01,6,
72741,SPEAKER_00,7,
72741,SPEAKER_01,7,
72741,SPEAKER_00,8,
72741,SPEAKER_01,8,
72741,SPEAKER_00,9,
72741,SPEAKER_01,9,
72741,SPEAKER_00,10,
72741,SPEAKER_01,10,
72741,SPEAKER_00,11,
72741,SPEAKER_01,11,
72741,SPEAKER_00,12,
72741,SPEAKER_01,12,
72741,SPEAKER_00,13,
72741,SPEAKER_01,13,
72741,SPEAKER_00,14,
72741,SPEAKER_01,14,
72741,SPEAKER_00,15,
72741,SPEAKER_01,15,
72745,SPEAKER_00,-15,
72745,SPEAKER_01,-15,
72745,SPEAKER_00,-14,
72745,SPEAKER_01,-14,
72745,SPEAKER_00,-13,
72745,SPEAKER_01,-13,
72745,SPEAKER_00,-12,
72745,SPEAKER_01,-12,
72745,SPEAKER_00,-11,
72745,SPEAKER_01,-11,
72745,SPEAKER_00,-10,
72745,SPEAKER_01,-10,
72745,SPEAKER_00,-9,
72745,SPEAKER_01,-9,
72745,SPEAKER_00,-8,
72745,SPEAKER_01,-8,
72745,SPEAKER_00,-7,
72745,SPEAKER_01,-7,
72745,SPEAKER_00,-6,
72745,SPEAKER_01,-6,
72745,SPEAKER_00,-5,
72745,SPEAKER_01,-5,
72745,SPEAKER_00,-4,
72745,SPEAKER_01,-4,
72745,SPEAKER_00,-3,
72745,SPEAKER_01,-3,
72745,SPEAKER_00,-2,
72745,SPEAKER_01,-2,
72745,SPEAKER_00,-1,
72745,SPEAKER_01,-1,
72745,SPEAKER_00,0,
72745,SPEAKER_01,0,
72745,SPEAKER_00,1,
72745,SPEAKER_01,1,
72745,SPEAKER_00,2,
72745,SPEAKER_01,2,
72745,SPEAKER_00,3,
72745,SPEAKER_01,3,
72745,SPEAKER_00,4,
72745,SPEAKER_01,4,
72745,SPEAKER_00,5,
72745,SPEAKER_01,5,
72745,SPEAKER_00,6,
72745,SPEAKER_01,6,
72745,SPEAKER_00,7,
72745,SPEAKER_01,7,
72745,SPEAKER_00,8,
72745,SPEAKER_01,8,
72745,SPEAKER_00,9,
72745,SPEAKER_01,9,
72745,SPEAKER_00,10,
72745,SPEAKER_01,10,
72745,SPEAKER_00,11,
72745,SPEAKER_01,11,
72745,SPEAKER_00,12,
72745,SPEAKER_01,12,
72745,SPEAKER_00,13,
72745,SPEAKER_01,13,
72745,SPEAKER_00,14,
72745,SPEAKER_01,14,
72745,SPEAKER_00,15,
72745,SPEAKER_01,15,
72747,SPEAKER_00,-15,
72747,SPEAKER_01,-15,
72747,SPEAKER_00,-14,
72747,SPEAKER_01,-14,
72747,SPEAKER_00,-13,
72747,SPEAKER_01,-13,
72747,SPEAKER_00,-12,
72747,SPEAKER_01,-12,
72747,SPEAKER_00,-11,
72747,SPEAKER_01,-11,
72747,SPEAKER_00,-10,
72747,SPEAKER_01,-10,
72747,SPEAKER_00,-9,
72747,SPEAKER_01,-9,
72747,SPEAKER_00,-8,
72747,SPEAKER_01,-8,
72747,SPEAKER_00,-7,
72747,SPEAKER_01,-7,
72747,SPEAKER_00,-6,
72747,SPEAKER_01,-6,
72747,SPEAKER_00,-5,
72747,SPEAKER_01,-5,
72747,SPEAKER_00,-4,
72747,SPEAKER_01,-4,
72747,SPEAKER_00,-3,
72747,SPEAKER_01,-3,
72747,SPEAKER_00,-2,
72747,SPEAKER_01,-2,
72747,SPEAKER_00,-1,
72747,SPEAKER_01,-1,
72747,SPEAKER_00,0,
72747,SPEAKER_01,0,
72747,SPEAKER_00,1,
72747,SPEAKER_01,1,
72747,SPEAKER_00,2,
72747,SPEAKER_01,2,
72747,SPEAKER_00,3,
72747,SPEAKER_01,3,
72747,SPEAKER_00,4,
72747,SPEAKER_01,4,
72747,SPEAKER_00,5,
72747,SPEAKER_01,5,
72747,SPEAKER_00,6,
72747,SPEAKER_01,6,
72747,SPEAKER_00,7,
72747,SPEAKER_01,7,
72747,SPEAKER_00,8,
72747,SPEAKER_01,8,
72747,SPEAKER_00,9,
72747,SPEAKER_01,9,
72747,SPEAKER_00,10,
72747,SPEAKER_01,10,
72747,SPEAKER_00,11,
72747,SPEAKER_01,11,
72747,SPEAKER_00,12,
72747,SPEAKER_01,12,
72747,SPEAKER_00,13,
72747,SPEAKER_01,13,
72747,SPEAKER_00,14,
72747,SPEAKER_01,14,
72747,SPEAKER_00,15,
72747,SPEAKER_01,15,
72758,SPEAKER_00,-15,
72758,SPEAKER_01,-15,
72758,SPEAKER_00,-14,
72758,SPEAKER_01,-14,
72758,SPEAKER_00,-13,
72758,SPEAKER_01,-13,
72758,SPEAKER_00,-12,
72758,SPEAKER_01,-12,
72758,SPEAKER_00,-11,
72758,SPEAKER_01,-11,
72758,SPEAKER_00,-10,
72758,SPEAKER_01,-10,
72758,SPEAKER_00,-9,
72758,SPEAKER_01,-9,
72758,SPEAKER_00,-8,
72758,SPEAKER_01,-8,
72758,SPEAKER_00,-7,
72758,SPEAKER_01,-7,
72758,SPEAKER_00,-6,
72758,SPEAKER_01,-6,
72758,SPEAKER_00,-5,
72758,SPEAKER_01,-5,
72758,SPEAKER_00,-4,
72758,SPEAKER_01,-4,
72758,SPEAKER_00,-3,
72758,SPEAKER_01,-3,
72758,SPEAKER_00,-2,
72758,SPEAKER_01,-2,
72758,SPEAKER_00,-1,
72758,SPEAKER_01,-1,
72758,SPEAKER_00,0,
72758,SPEAKER_01,0,
72758,SPEAKER_00,1,
72758,SPEAKER_01,1,
72758,SPEAKER_00,2,
72758,SPEAKER_01,2,
72758,SPEAKER_00,3,
72758,SPEAKER_01,3,
72758,SPEAKER_00,4,
72758,SPEAKER_01,4,
72758,SPEAKER_00,5,
72758,SPEAKER_01,5,
72758,SPEAKER_00,6,
72758,SPEAKER_01,6,
72758,SPEAKER_00,7,
72758,SPEAKER_01,7,
72758,SPEAKER_00,8,
72758,SPEAKER_01,8,
72758,SPEAKER_00,9,
72758,SPEAKER_01,9,
72758,SPEAKER_00,10,
72758,SPEAKER_01,10,
72758,SPEAKER_00,11,
72758,SPEAKER_01,11,
72758,SPEAKER_00,12,
72758,SPEAKER_01,12,
72758,SPEAKER_00,13,
72758,SPEAKER_01,13,
72758,SPEAKER_00,14,
72758,SPEAKER_01,14,
72758,SPEAKER_00,15,
72758,SPEAKER_01,15,
72762,SPEAKER_00,-15,
72762,SPEAKER_01,-15,
72762,SPEAKER_00,-14,
72762,SPEAKER_01,-14,
72762,SPEAKER_00,-13,5.132618831212461
72762,SPEAKER_01,-13,6.239109602101241
72762,SPEAKER_00,-12,
72762,SPEAKER_01,-12,
72762,SPEAKER_00,-11,0.6782402216618605
72762,SPEAKER_01,-11,0.34910638221605117
72762,SPEAKER_00,-10,
72762,SPEAKER_01,-10,
72762,SPEAKER_00,-9,0.03254426163865836
72762,SPEAKER_01,-9,0.019910149259911008
72762,SPEAKER_00,-8,
72762,SPEAKER_01,-8,
72762,SPEAKER_00,-7,1.2018129888691071
72762,SPEAKER_01,-7,0.9981729144335845
72762,SPEAKER_00,-6,
72762,SPEAKER_01,-6,
72762,SPEAKER_00,-5,0.2997026787622831
72762,SPEAKER_01,-5,0.7001451224506906
72762,SPEAKER_00,-4,
72762,SPEAKER_01,-4,
72762,SPEAKER_00,-3,0.619339478481704
72762,SPEAKER_01,-3,5.261183864500204
72762,SPEAKER_00,-2,
72762,SPEAKER_01,-2,
72762,SPEAKER_00,-1,1.540584354576146
72762,SPEAKER_01,-1,1.5013619962187015
72762,SPEAKER_00,0,
72762,SPEAKER_01,0,
72762,SPEAKER_00,1,0.008596199267288282
72762,SPEAKER_01,1,0.035752641158850476
72762,SPEAKER_00,2,
72762,SPEAKER_01,2,
72762,SPEAKER_00,3,0.09323580125931277
72762,SPEAKER_01,3,0.3091185361891968
72762,SPEAKER_00,4,
72762,SPEAKER_01,4,
72762,SPEAKER_00,5,0.47222467574704446
72762,SPEAKER_01,5,1.5488614461537873
72762,SPEAKER_00,6,
72762,SPEAKER_01,6,
72762,SPEAKER_00,7,0.08708043385449328
72762,SPEAKER_01,7,0.23307268890930932
72762,SPEAKER_00,8,
72762,SPEAKER_01,8,
72762,SPEAKER_00,9,0.2835167852292717
72762,SPEAKER_01,9,0.05895523483899737
72762,SPEAKER_00,10,
72762,SPEAKER_01,10,
72762,SPEAKER_00,11,0.6698597589520238
72762,SPEAKER_01,11,1.2498849564174097
72762,SPEAKER_00,12,
72762,SPEAKER_01,12,
72762,SPEAKER_00,13,0.43810998560587094
72762,SPEAKER_01,13,0.09274604171098932
72762,SPEAKER_00,14,
72762,SPEAKER_01,14,
72762,SPEAKER_00,15,
72762,SPEAKER_01,15,
72783,SPEAKER_00,-15,
72783,SPEAKER_01,-15,
72783,SPEAKER_00,-14,
72783,SPEAKER_01,-14,
72783,SPEAKER_00,-13,
72783,SPEAKER_01,-13,
72783,SPEAKER_00,-12,
72783,SPEAKER_01,-12,
72783,SPEAKER_00,-11,
72783,SPEAKER_01,-11,
72783,SPEAKER_00,-10,
72783,SPEAKER_01,-10,
72783,SPEAKER_00,-9,
72783,SPEAKER_01,-9,
72783,SPEAKER_00,-8,
72783,SPEAKER_01,-8,
72783,SPEAKER_00,-7,
72783,SPEAKER_01,-7,
72783,SPEAKER_00,-6,
72783,SPEAKER_01,-6,
72783,SPEAKER_00,-5,
72783,SPEAKER_01,-5,
72783,SPEAKER_00,-4,
72783,SPEAKER_01,-4,
72783,SPEAKER_00,-3,
72783,SPEAKER_01,-3,
72783,SPEAKER_00,-2,
72783,SPEAKER_01,-2,
72783,SPEAKER_00,-1,
72783,SPEAKER_01,-1,
72783,SPEAKER_00,0,
72783,SPEAKER_01,0,
72783,SPEAKER_00,1,
72783,SPEAKER_01,1,
72783,SPEAKER_00,2,
72783,SPEAKER_01,2,
72783,SPEAKER_00,3,
72783,SPEAKER_01,3,
72783,SPEAKER_00,4,
72783,SPEAKER_01,4,
72783,SPEAKER_00,5,
72783,SPEAKER_01,5,
72783,SPEAKER_00,6,
72783,SPEAKER_01,6,
72783,SPEAKER_00,7,
72783,SPEAKER_01,7,
72783,SPEAKER_00,8,
72783,SPEAKER_01,8,
72783,SPEAKER_00,9,
72783,SPEAKER_01,9,
72783,SPEAKER_00,10,
72783,SPEAKER_01,10,
72783,SPEAKER_00,11,
72783,SPEAKER_01,11,
72783,SPEAKER_00,12,
72783,SPEAKER_01,12,
72783,SPEAKER_00,13,
72783,SPEAKER_01,13,
72783,SPEAKER_00,14,
72783,SPEAKER_01,14,
72783,SPEAKER_00,15,
72783,SPEAKER_01,15,
72794,SPEAKER_00,-15,
72794,SPEAKER_01,-15,
72794,SPEAKER_00,-14,
72794,SPEAKER_01,-14,
72794,SPEAKER_00,-13,
72794,SPEAKER_01,-13,
72794,SPEAKER_00,-12,
72794,SPEAKER_01,-12,
72794,SPEAKER_00,-11,
72794,SPEAKER_01,-11,
72794,SPEAKER_00,-10,
72794,SPEAKER_01,-10,
72794,SPEAKER_00,-9,
72794,SPEAKER_01,-9,
72794,SPEAKER_00,-8,
72794,SPEAKER_01,-8,
72794,SPEAKER_00,-7,
72794,SPEAKER_01,-7,
72794,SPEAKER_00,-6,
72794,SPEAKER_01,-6,
72794,SPEAKER_00,-5,
72794,SPEAKER_01,-5,
72794,SPEAKER_00,-4,
72794,SPEAKER_01,-4,
72794,SPEAKER_00,-3,
72794,SPEAKER_01,-3,
72794,SPEAKER_00,-2,
72794,SPEAKER_01,-2,
72794,SPEAKER_00,-1,
72794,SPEAKER_01,-1,
72794,SPEAKER_00,0,
72794,SPEAKER_01,0,
72794,SPEAKER_00,1,
72794,SPEAKER_01,1,
72794,SPEAKER_00,2,
72794,SPEAKER_01,2,
72794,SPEAKER_00,3,
72794,SPEAKER_01,3,
72794,SPEAKER_00,4,
72794,SPEAKER_01,4,
72794,SPEAKER_00,5,
72794,SPEAKER_01,5,
72794,SPEAKER_00,6,
72794,SPEAKER_01,6,
72794,SPEAKER_00,7,
72794,SPEAKER_01,7,
72794,SPEAKER_00,8,
72794,SPEAKER_01,8,
72794,SPEAKER_00,9,
72794,SPEAKER_01,9,
72794,SPEAKER_00,10,
72794,SPEAKER_01,10,
72794,SPEAKER_00,11,
72794,SPEAKER_01,11,
72794,SPEAKER_00,12,
72794,SPEAKER_01,12,
72794,SPEAKER_00,13,
72794,SPEAKER_01,13,
72794,SPEAKER_00,14,
72794,SPEAKER_01,14,
72794,SPEAKER_00,15,
72794,SPEAKER_01,15,
72796,SPEAKER_00,-15,
72796,SPEAKER_01,-15,
72796,SPEAKER_00,-14,
72796,SPEAKER_01,-14,
72796,SPEAKER_00,-13,
72796,SPEAKER_01,-13,
72796,SPEAKER_00,-12,
72796,SPEAKER_01,-12,
72796,SPEAKER_00,-11,
72796,SPEAKER_01,-11,
72796,SPEAKER_00,-10,
72796,SPEAKER_01,-10,
72796,SPEAKER_00,-9,
72796,SPEAKER_01,-9,
72796,SPEAKER_00,-8,
72796,SPEAKER_01,-8,
72796,SPEAKER_00,-7,
72796,SPEAKER_01,-7,
72796,SPEAKER_00,-6,
72796,SPEAKER_01,-6,
72796,SPEAKER_00,-5,
72796,SPEAKER_01,-5,
72796,SPEAKER_00,-4,
72796,SPEAKER_01,-4,
72796,SPEAKER_00,-3,
72796,SPEAKER_01,-3,
72796,SPEAKER_00,-2,
72796,SPEAKER_01,-2,
72796,SPEAKER_00,-1,
72796,SPEAKER_01,-1,
72796,SPEAKER_00,0,
72796,SPEAKER_01,0,
72796,SPEAKER_00,1,
72796,SPEAKER_01,1,
72796,SPEAKER_00,2,
72796,SPEAKER_01,2,
72796,SPEAKER_00,3,
72796,SPEAKER_01,3,
72796,SPEAKER_00,4,
72796,SPEAKER_01,4,
72796,SPEAKER_00,5,
72796,SPEAKER_01,5,
72796,SPEAKER_00,6,
72796,SPEAKER_01,6,
72796,SPEAKER_00,7,
72796,SPEAKER_01,7,
72796,SPEAKER_00,8,
72796,SPEAKER_01,8,
72796,SPEAKER_00,9,
72796,SPEAKER_01,9,
72796,SPEAKER_00,10,
72796,SPEAKER_01,10,
72796,SPEAKER_00,11,
72796,SPEAKER_01,11,
72796,SPEAKER_00,12,
72796,SPEAKER_01,12,
72796,SPEAKER_00,13,
72796,SPEAKER_01,13,
72796,SPEAKER_00,14,
72796,SPEAKER_01,14,
72796,SPEAKER_00,15,
72796,SPEAKER_01,15,
72805,SPEAKER_00,-15,
72805,SPEAKER_01,-15,
72805,SPEAKER_00,-14,
72805,SPEAKER_01,-14,
72805,SPEAKER_00,-13,
72805,SPEAKER_01,-13,
72805,SPEAKER_00,-12,
72805,SPEAKER_01,-12,
72805,SPEAKER_00,-11,
72805,SPEAKER_01,-11,
72805,SPEAKER_00,-10,
72805,SPEAKER_01,-10,
72805,SPEAKER_00,-9,
72805,SPEAKER_01,-9,
72805,SPEAKER_00,-8,
72805,SPEAKER_01,-8,
72805,SPEAKER_00,-7,
72805,SPEAKER_01,-7,
72805,SPEAKER_00,-6,
72805,SPEAKER_01,-6,
72805,SPEAKER_00,-5,
72805,SPEAKER_01,-5,
72805,SPEAKER_00,-4,
72805,SPEAKER_01,-4,
72805,SPEAKER_00,-3,
72805,SPEAKER_01,-3,
72805,SPEAKER_00,-2,
72805,SPEAKER_01,-2,
72805,SPEAKER_00,-1,
72805,SPEAKER_01,-1,
72805,SPEAKER_00,0,
72805,SPEAKER_01,0,
72805,SPEAKER_00,1,
72805,SPEAKER_01,1,
72805,SPEAKER_00,2,
72805,SPEAKER_01,2,
72805,SPEAKER_00,3,
72805,SPEAKER_01,3,
72805,SPEAKER_00,4,
72805,SPEAKER_01,4,
72805,SPEAKER_00,5,
72805,SPEAKER_01,5,
72805,SPEAKER_00,6,
72805,SPEAKER_01,6,
72805,SPEAKER_00,7,
72805,SPEAKER_01,7,
72805,SPEAKER_00,8,
72805,SPEAKER_01,8,
72805,SPEAKER_00,9,
72805,SPEAKER_01,9,
72805,SPEAKER_00,10,
72805,SPEAKER_01,10,
72805,SPEAKER_00,11,
72805,SPEAKER_01,11,
72805,SPEAKER_00,12,
72805,SPEAKER_01,12,
72805,SPEAKER_00,13,
72805,SPEAKER_01,13,
72805,SPEAKER_00,14,
72805,SPEAKER_01,14,
72805,SPEAKER_00,15,
72805,SPEAKER_01,15,
72811,SPEAKER_00,-15,
72811,SPEAKER_01,-15,
72811,SPEAKER_00,-14,
72811,SPEAKER_01,-14,
72811,SPEAKER_00,-13,
72811,SPEAKER_01,-13,
72811,SPEAKER_00,-12,
72811,SPEAKER_01,-12,
72811,SPEAKER_00,-11,
72811,SPEAKER_01,-11,
72811,SPEAKER_00,-10,
72811,SPEAKER_01,-10,
72811,SPEAKER_00,-9,
72811,SPEAKER_01,-9,
72811,SPEAKER_00,-8,
72811,SPEAKER_01,-8,
72811,SPEAKER_00,-7,
72811,SPEAKER_01,-7,
72811,SPEAKER_00,-6,
72811,SPEAKER_01,-6,
72811,SPEAKER_00,-5,
72811,SPEAKER_01,-5,
72811,SPEAKER_00,-4,
72811,SPEAKER_01,-4,
72811,SPEAKER_00,-3,
72811,SPEAKER_01,-3,
72811,SPEAKER_00,-2,
72811,SPEAKER_01,-2,
72811,SPEAKER_00,-1,
72811,SPEAKER_01,-1,
72811,SPEAKER_00,0,
72811,SPEAKER_01,0,
72811,SPEAKER_00,1,
72811,SPEAKER_01,1,
72811,SPEAKER_00,2,
72811,SPEAKER_01,2,
72811,SPEAKER_00,3,
72811,SPEAKER_01,3,
72811,SPEAKER_00,4,
72811,SPEAKER_01,4,
72811,SPEAKER_00,5,
72811,SPEAKER_01,5,
72811,SPEAKER_00,6,
72811,SPEAKER_01,6,
72811,SPEAKER_00,7,
72811,SPEAKER_01,7,
72811,SPEAKER_00,8,
72811,SPEAKER_01,8,
72811,SPEAKER_00,9,
72811,SPEAKER_01,9,
72811,SPEAKER_00,10,
72811,SPEAKER_01,10,
72811,SPEAKER_00,11,
72811,SPEAKER_01,11,
72811,SPEAKER_00,12,
72811,SPEAKER_01,12,
72811,SPEAKER_00,13,
72811,SPEAKER_01,13,
72811,SPEAKER_00,14,
72811,SPEAKER_01,14,
72811,SPEAKER_00,15,
72811,SPEAKER_01,15,
72854,SPEAKER_00,-15,
72854,SPEAKER_01,-15,
72854,SPEAKER_00,-14,
72854,SPEAKER_01,-14,
72854,SPEAKER_00,-13,
72854,SPEAKER_01,-13,
72854,SPEAKER_00,-12,
72854,SPEAKER_01,-12,
72854,SPEAKER_00,-11,
72854,SPEAKER_01,-11,
72854,SPEAKER_00,-10,
72854,SPEAKER_01,-10,
72854,SPEAKER_00,-9,
72854,SPEAKER_01,-9,
72854,SPEAKER_00,-8,
72854,SPEAKER_01,-8,
72854,SPEAKER_00,-7,
72854,SPEAKER_01,-7,
72854,SPEAKER_00,-6,
72854,SPEAKER_01,-6,
72854,SPEAKER_00,-5,
72854,SPEAKER_01,-5,
72854,SPEAKER_00,-4,
72854,SPEAKER_01,-4,
72854,SPEAKER_00,-3,
72854,SPEAKER_01,-3,
72854,SPEAKER_00,-2,
72854,SPEAKER_01,-2,
72854,SPEAKER_00,-1,
72854,SPEAKER_01,-1,
72854,SPEAKER_00,0,
72854,SPEAKER_01,0,
72854,SPEAKER_00,1,
72854,SPEAKER_01,1,
72854,SPEAKER_00,2,
72854,SPEAKER_01,2,
72854,SPEAKER_00,3,
72854,SPEAKER_01,3,
72854,SPEAKER_00,4,
72854,SPEAKER_01,4,
72854,SPEAKER_00,5,
72854,SPEAKER_01,5,
72854,SPEAKER_00,6,
72854,SPEAKER_01,6,
72854,SPEAKER_00,7,
72854,SPEAKER_01,7,
72854,SPEAKER_00,8,
72854,SPEAKER_01,8,
72854,SPEAKER_00,9,
72854,SPEAKER_01,9,
72854,SPEAKER_00,10,
72854,SPEAKER_01,10,
72854,SPEAKER_00,11,
72854,SPEAKER_01,11,
72854,SPEAKER_00,12,
72854,SPEAKER_01,12,
72854,SPEAKER_00,13,
72854,SPEAKER_01,13,
72854,SPEAKER_00,14,
72854,SPEAKER_01,14,
72854,SPEAKER_00,15,
72854,SPEAKER_01,15,
72857,SPEAKER_00,-15,
72857,SPEAKER_01,-15,
72857,SPEAKER_00,-14,
72857,SPEAKER_01,-14,
72857,SPEAKER_00,-13,
72857,SPEAKER_01,-13,
72857,SPEAKER_00,-12,
72857,SPEAKER_01,-12,
72857,SPEAKER_00,-11,
72857,SPEAKER_01,-11,
72857,SPEAKER_00,-10,
72857,SPEAKER_01,-10,
72857,SPEAKER_00,-9,1.238035670482038
72857,SPEAKER_01,-9,
72857,SPEAKER_00,-8,
72857,SPEAKER_01,-8,
72857,SPEAKER_00,-7,0.0008416169872228639
72857,SPEAKER_01,-7,1.8760868904226942
72857,SPEAKER_00,-6,
72857,SPEAKER_01,-6,
72857,SPEAKER_00,-5,3.9695633138000624e-05
72857,SPEAKER_01,-5,0.0910997979755608
72857,SPEAKER_00,-4,
72857,SPEAKER_01,-4,
72857,SPEAKER_00,-3,0.010055840861238084
72857,SPEAKER_01,-3,0.3736482484528546
72857,SPEAKER_00,-2,
72857,SPEAKER_01,-2,
72857,SPEAKER_00,-1,0.4685445792216006
72857,SPEAKER_01,-1,0.0018162955538707198
72857,SPEAKER_00,0,
72857,SPEAKER_01,0,
72857,SPEAKER_00,1,3.2788668408405055
72857,SPEAKER_01,1,0.23029772311196234
72857,SPEAKER_00,2,
72857,SPEAKER_01,2,
72857,SPEAKER_00,3,0.3297240348374844
72857,SPEAKER_01,3,0.8317110631874745
72857,SPEAKER_00,4,
72857,SPEAKER_01,4,
72857,SPEAKER_00,5,1.109717071245415
72857,SPEAKER_01,5,2.1462938557185836
72857,SPEAKER_00,6,
72857,SPEAKER_01,6,
72857,SPEAKER_00,7,0.00774764133214674
72857,SPEAKER_01,7,0.06965590914986983
72857,SPEAKER_00,8,
72857,SPEAKER_01,8,
72857,SPEAKER_00,9,
72857,SPEAKER_01,9,0.38851155804293314
72857,SPEAKER_00,10,
72857,SPEAKER_01,10,
72857,SPEAKER_00,11,
72857,SPEAKER_01,11,
72857,SPEAKER_00,12,
72857,SPEAKER_01,12,
72857,SPEAKER_00,13,
72857,SPEAKER_01,13,
72857,SPEAKER_00,14,
72857,SPEAKER_01,14,
72857,SPEAKER_00,15,
72857,SPEAKER_01,15,
72859,SPEAKER_00,-15,
72859,SPEAKER_01,-15,
72859,SPEAKER_00,-14,
72859,SPEAKER_01,-14,
72859,SPEAKER_00,-13,
72859,SPEAKER_01,-13,
72859,SPEAKER_00,-12,
72859,SPEAKER_01,-12,
72859,SPEAKER_00,-11,
72859,SPEAKER_01,-11,
72859,SPEAKER_00,-10,
72859,SPEAKER_01,-10,
72859,SPEAKER_00,-9,
72859,SPEAKER_01,-9,
72859,SPEAKER_00,-8,
72859,SPEAKER_01,-8,
72859,SPEAKER_00,-7,
72859,SPEAKER_01,-7,
72859,SPEAKER_00,-6,
72859,SPEAKER_01,-6,
72859,SPEAKER_00,-5,
72859,SPEAKER_01,-5,
72859,SPEAKER_00,-4,
72859,SPEAKER_01,-4,
72859,SPEAKER_00,-3,
72859,SPEAKER_01,-3,
72859,SPEAKER_00,-2,
72859,SPEAKER_01,-2,
72859,SPEAKER_00,-1,
72859,SPEAKER_01,-1,
72859,SPEAKER_00,0,
72859,SPEAKER_01,0,
72859,SPEAKER_00,1,
72859,SPEAKER_01,1,
72859,SPEAKER_00,2,
72859,SPEAKER_01,2,
72859,SPEAKER_00,3,
72859,SPEAKER_01,3,
72859,SPEAKER_00,4,
72859,SPEAKER_01,4,
72859,SPEAKER_00,5,
72859,SPEAKER_01,5,
72859,SPEAKER_00,6,
72859,SPEAKER_01,6,
72859,SPEAKER_00,7,
72859,SPEAKER_01,7,
72859,SPEAKER_00,8,
72859,SPEAKER_01,8,
72859,SPEAKER_00,9,
72859,SPEAKER_01,9,
72859,SPEAKER_00,10,
72859,SPEAKER_01,10,
72859,SPEAKER_00,11,
72859,SPEAKER_01,11,
72859,SPEAKER_00,12,
72859,SPEAKER_01,12,
72859,SPEAKER_00,13,
72859,SPEAKER_01,13,
72859,SPEAKER_00,14,
72859,SPEAKER_01,14,
72859,SPEAKER_00,15,
72859,SPEAKER_01,15,
73003,SPEAKER_00,-15,0.43376111725026145
73003,SPEAKER_01,-15,0.04005660351850854
73003,SPEAKER_00,-14,0.0009264435304226663
73003,SPEAKER_01,-14,0.6586526851711364
73003,SPEAKER_00,-13,0.049498864152063636
73003,SPEAKER_01,-13,1.3572159950781366
73003,SPEAKER_00,-12,0.003386574734477276
73003,SPEAKER_01,-12,0.3933348836866451
73003,SPEAKER_00,-11,0.12876135108755052
73003,SPEAKER_01,-11,0.10365054567931717
73003,SPEAKER_00,-10,1.4574549658364901
73003,SPEAKER_01,-10,0.14373275997297735
73003,SPEAKER_00,-9,0.012395086378019466
73003,SPEAKER_01,-9,0.2098508428344275
73003,SPEAKER_00,-8,0.08229843592667818
73003,SPEAKER_01,-8,1.9056539583337269
73003,SPEAKER_00,-7,0.10119245981998734
73003,SPEAKER_01,-7,0.0013361076936684202
73003,SPEAKER_00,-6,0.30973026923380115
73003,SPEAKER_01,-6,0.005621236559727654
73003,SPEAKER_00,-5,1.4766916559453795
73003,SPEAKER_01,-5,0.29144944783477816
73003,SPEAKER_00,-4,0.28831745341258136
73003,SPEAKER_01,-4,1.0151424360530257
73003,SPEAKER_00,-3,0.15891470716609496
73003,SPEAKER_01,-3,0.40603375046357715
73003,SPEAKER_00,-2,
73003,SPEAKER_01,-2,
73003,SPEAKER_00,-1,1.1590507087343704
73003,SPEAKER_01,-1,2.097057121182704
73003,SPEAKER_00,0,
73003,SPEAKER_01,0,
73003,SPEAKER_00,1,0.5810264529845836
73003,SPEAKER_01,1,0.5021975761192381
73003,SPEAKER_00,2,
73003,SPEAKER_01,2,
73003,SPEAKER_00,3,0.013664427017043934
73003,SPEAKER_01,3,1.5523217503876467
73003,SPEAKER_00,4,0.1936325573734834
73003,SPEAKER_01,4,2.801013221868996
73003,SPEAKER_00,5,0.8921985041422099
73003,SPEAKER_01,5,0.06317869815577712
73003,SPEAKER_00,6,0.0006468364283365382
73003,SPEAKER_01,6,0.08748827543249114
73003,SPEAKER_00,7,1.6771346273474184
73003,SPEAKER_01,7,3.725729539655031
73003,SPEAKER_00,8,5.040877651088803
73003,SPEAKER_01,8,0.7989673557470471
73003,SPEAKER_00,9,0.10375246820512743
73003,SPEAKER_01,9,0.6108783211411097
73003,SPEAKER_00,10,1.1168545448869909
73003,SPEAKER_01,10,0.6922102632407894
73003,SPEAKER_00,11,0.30481709936094686
73003,SPEAKER_01,11,0.5023346218535408
73003,SPEAKER_00,12,0.0005975357972594737
73003,SPEAKER_01,12,0.40052249858688177
73003,SPEAKER_00,13,0.5187667697350818
73003,SPEAKER_01,13,0.12035764454943379
73003,SPEAKER_00,14,0.007409146390555
73003,SPEAKER_01,14,0.21772829430258456
73003,SPEAKER_00,15,0.39031734359930426
73003,SPEAKER_01,15,3.055904321593867
73236,SPEAKER_00,-15,
73236,SPEAKER_01,-15,
73236,SPEAKER_00,-14,
73236,SPEAKER_01,-14,
73236,SPEAKER_00,-13,
73236,SPEAKER_01,-13,
73236,SPEAKER_00,-12,
73236,SPEAKER_01,-12,
73236,SPEAKER_00,-11,
73236,SPEAKER_01,-11,
73236,SPEAKER_00,-10,
73236,SPEAKER_01,-10,
73236,SPEAKER_00,-9,
73236,SPEAKER_01,-9,
73236,SPEAKER_00,-8,
73236,SPEAKER_01,-8,
73236,SPEAKER_00,-7,
73236,SPEAKER_01,-7,
73236,SPEAKER_00,-6,
73236,SPEAKER_01,-6,
73236,SPEAKER_00,-5,
73236,SPEAKER_01,-5,
73236,SPEAKER_00,-4,
73236,SPEAKER_01,-4,
73236,SPEAKER_00,-3,
73236,SPEAKER_01,-3,
73236,SPEAKER_00,-2,
73236,SPEAKER_01,-2,
73236,SPEAKER_00,-1,
73236,SPEAKER_01,-1,
73236,SPEAKER_00,0,
73236,SPEAKER_01,0,
73236,SPEAKER_00,1,
73236,SPEAKER_01,1,
73236,SPEAKER_00,2,
73236,SPEAKER_01,2,
73236,SPEAKER_00,3,
73236,SPEAKER_01,3,
73236,SPEAKER_00,4,
73236,SPEAKER_01,4,
73236,SPEAKER_00,5,
73236,SPEAKER_01,5,
73236,SPEAKER_00,6,
73236,SPEAKER_01,6,
73236,SPEAKER_00,7,
73236,SPEAKER_01,7,
73236,SPEAKER_00,8,
73236,SPEAKER_01,8,
73236,SPEAKER_00,9,
73236,SPEAKER_01,9,
73236,SPEAKER_00,10,
73236,SPEAKER_01,10,
73236,SPEAKER_00,11,
73236,SPEAKER_01,11,
73236,SPEAKER_00,12,
73236,SPEAKER_01,12,
73236,SPEAKER_00,13,
73236,SPEAKER_01,13,
73236,SPEAKER_00,14,
73236,SPEAKER_01,14,
73236,SPEAKER_00,15,
73236,SPEAKER_01,15,
73259,SPEAKER_00,-15,
73259,SPEAKER_02,-15,
73259,SPEAKER_00,-14,
73259,SPEAKER_02,-14,
73259,SPEAKER_00,-13,
73259,SPEAKER_02,-13,
73259,SPEAKER_00,-12,
73259,SPEAKER_02,-12,
73259,SPEAKER_00,-11,
73259,SPEAKER_02,-11,
73259,SPEAKER_00,-10,
73259,SPEAKER_02,-10,
73259,SPEAKER_00,-9,
73259,SPEAKER_02,-9,
73259,SPEAKER_00,-8,
73259,SPEAKER_02,-8,
73259,SPEAKER_00,-7,
73259,SPEAKER_02,-7,
73259,SPEAKER_00,-6,
73259,SPEAKER_02,-6,
73259,SPEAKER_00,-5,
73259,SPEAKER_02,-5,
73259,SPEAKER_00,-4,
73259,SPEAKER_02,-4,
73259,SPEAKER_00,-3,
73259,SPEAKER_02,-3,
73259,SPEAKER_00,-2,
73259,SPEAKER_02,-2,
73259,SPEAKER_00,-1,
73259,SPEAKER_02,-1,
73259,SPEAKER_00,0,
73259,SPEAKER_02,0,
73259,SPEAKER_00,1,
73259,SPEAKER_02,1,
73259,SPEAKER_00,2,
73259,SPEAKER_02,2,
73259,SPEAKER_00,3,
73259,SPEAKER_02,3,
73259,SPEAKER_00,4,
73259,SPEAKER_02,4,
73259,SPEAKER_00,5,
73259,SPEAKER_02,5,
73259,SPEAKER_00,6,
73259,SPEAKER_02,6,
73259,SPEAKER_00,7,
73259,SPEAKER_02,7,
73259,SPEAKER_00,8,
73259,SPEAKER_02,8,
73259,SPEAKER_00,9,
73259,SPEAKER_02,9,
73259,SPEAKER_00,10,
73259,SPEAKER_02,10,
73259,SPEAKER_00,11,
73259,SPEAKER_02,11,
73259,SPEAKER_00,12,
73259,SPEAKER_02,12,
73259,SPEAKER_00,13,
73259,SPEAKER_02,13,
73259,SPEAKER_00,14,
73259,SPEAKER_02,14,
73259,SPEAKER_00,15,
73259,SPEAKER_02,15,
73270,SPEAKER_00,-15,
73270,SPEAKER_01,-15,
73270,SPEAKER_00,-14,
73270,SPEAKER_01,-14,
73270,SPEAKER_00,-13,
73270,SPEAKER_01,-13,
73270,SPEAKER_00,-12,
73270,SPEAKER_01,-12,
73270,SPEAKER_00,-11,
73270,SPEAKER_01,-11,
73270,SPEAKER_00,-10,
73270,SPEAKER_01,-10,
73270,SPEAKER_00,-9,
73270,SPEAKER_01,-9,
73270,SPEAKER_00,-8,
73270,SPEAKER_01,-8,
73270,SPEAKER_00,-7,
73270,SPEAKER_01,-7,
73270,SPEAKER_00,-6,
73270,SPEAKER_01,-6,
73270,SPEAKER_00,-5,
73270,SPEAKER_01,-5,
73270,SPEAKER_00,-4,
73270,SPEAKER_01,-4,
73270,SPEAKER_00,-3,
73270,SPEAKER_01,-3,
73270,SPEAKER_00,-2,
73270,SPEAKER_01,-2,
73270,SPEAKER_00,-1,
73270,SPEAKER_01,-1,
73270,SPEAKER_00,0,
73270,SPEAKER_01,0,
73270,SPEAKER_00,1,
73270,SPEAKER_01,1,
73270,SPEAKER_00,2,
73270,SPEAKER_01,2,
73270,SPEAKER_00,3,
73270,SPEAKER_01,3,
73270,SPEAKER_00,4,
73270,SPEAKER_01,4,
73270,SPEAKER_00,5,
73270,SPEAKER_01,5,
73270,SPEAKER_00,6,
73270,SPEAKER_01,6,
73270,SPEAKER_00,7,
73270,SPEAKER_01,7,
73270,SPEAKER_00,8,
73270,SPEAKER_01,8,
73270,SPEAKER_00,9,
73270,SPEAKER_01,9,
73270,SPEAKER_00,10,
73270,SPEAKER_01,10,
73270,SPEAKER_00,11,
73270,SPEAKER_01,11,
73270,SPEAKER_00,12,
73270,SPEAKER_01,12,
73270,SPEAKER_00,13,
73270,SPEAKER_01,13,
73270,SPEAKER_00,14,
73270,SPEAKER_01,14,
73270,SPEAKER_00,15,
73270,SPEAKER_01,15,
73272,SPEAKER_00,-15,
73272,SPEAKER_01,-15,
73272,SPEAKER_00,-14,
73272,SPEAKER_01,-14,
73272,SPEAKER_00,-13,
73272,SPEAKER_01,-13,
73272,SPEAKER_00,-12,
73272,SPEAKER_01,-12,
73272,SPEAKER_00,-11,
73272,SPEAKER_01,-11,
73272,SPEAKER_00,-10,
73272,SPEAKER_01,-10,
73272,SPEAKER_00,-9,
73272,SPEAKER_01,-9,
73272,SPEAKER_00,-8,
73272,SPEAKER_01,-8,
73272,SPEAKER_00,-7,
73272,SPEAKER_01,-7,
73272,SPEAKER_00,-6,
73272,SPEAKER_01,-6,
73272,SPEAKER_00,-5,
73272,SPEAKER_01,-5,
73272,SPEAKER_00,-4,
73272,SPEAKER_01,-4,
73272,SPEAKER_00,-3,
73272,SPEAKER_01,-3,
73272,SPEAKER_00,-2,
73272,SPEAKER_01,-2,
73272,SPEAKER_00,-1,
73272,SPEAKER_01,-1,
73272,SPEAKER_00,0,
73272,SPEAKER_01,0,
73272,SPEAKER_00,1,
73272,SPEAKER_01,1,
73272,SPEAKER_00,2,
73272,SPEAKER_01,2,
73272,SPEAKER_00,3,
73272,SPEAKER_01,3,
73272,SPEAKER_00,4,
73272,SPEAKER_01,4,
73272,SPEAKER_00,5,
73272,SPEAKER_01,5,
73272,SPEAKER_00,6,
73272,SPEAKER_01,6,
73272,SPEAKER_00,7,
73272,SPEAKER_01,7,
73272,SPEAKER_00,8,
73272,SPEAKER_01,8,
73272,SPEAKER_00,9,
73272,SPEAKER_01,9,
73272,SPEAKER_00,10,
73272,SPEAKER_01,10,
73272,SPEAKER_00,11,
73272,SPEAKER_01,11,
73272,SPEAKER_00,12,
73272,SPEAKER_01,12,
73272,SPEAKER_00,13,
73272,SPEAKER_01,13,
73272,SPEAKER_00,14,
73272,SPEAKER_01,14,
73272,SPEAKER_00,15,
73272,SPEAKER_01,15,
73695,SPEAKER_00,-15,
73695,SPEAKER_01,-15,
73695,SPEAKER_00,-14,
73695,SPEAKER_01,-14,
73695,SPEAKER_00,-13,
73695,SPEAKER_01,-13,
73695,SPEAKER_00,-12,
73695,SPEAKER_01,-12,
73695,SPEAKER_00,-11,
73695,SPEAKER_01,-11,
73695,SPEAKER_00,-10,
73695,SPEAKER_01,-10,
73695,SPEAKER_00,-9,
73695,SPEAKER_01,-9,
73695,SPEAKER_00,-8,
73695,SPEAKER_01,-8,
73695,SPEAKER_00,-7,
73695,SPEAKER_01,-7,
73695,SPEAKER_00,-6,
73695,SPEAKER_01,-6,
73695,SPEAKER_00,-5,
73695,SPEAKER_01,-5,
73695,SPEAKER_00,-4,
73695,SPEAKER_01,-4,
73695,SPEAKER_00,-3,
73695,SPEAKER_01,-3,
73695,SPEAKER_00,-2,
73695,SPEAKER_01,-2,
73695,SPEAKER_00,-1,
73695,SPEAKER_01,-1,
73695,SPEAKER_00,0,
73695,SPEAKER_01,0,
73695,SPEAKER_00,1,
73695,SPEAKER_01,1,
73695,SPEAKER_00,2,
73695,SPEAKER_01,2,
73695,SPEAKER_00,3,
73695,SPEAKER_01,3,
73695,SPEAKER_00,4,
73695,SPEAKER_01,4,
73695,SPEAKER_00,5,
73695,SPEAKER_01,5,
73695,SPEAKER_00,6,
73695,SPEAKER_01,6,
73695,SPEAKER_00,7,
73695,SPEAKER_01,7,
73695,SPEAKER_00,8,
73695,SPEAKER_01,8,
73695,SPEAKER_00,9,
73695,SPEAKER_01,9,
73695,SPEAKER_00,10,
73695,SPEAKER_01,10,
73695,SPEAKER_00,11,
73695,SPEAKER_01,11,
73695,SPEAKER_00,12,
73695,SPEAKER_01,12,
73695,SPEAKER_00,13,
73695,SPEAKER_01,13,
73695,SPEAKER_00,14,
73695,SPEAKER_01,14,
73695,SPEAKER_00,15,
73695,SPEAKER_01,15,
73757,SPEAKER_00,-15,
73757,SPEAKER_01,-15,
73757,SPEAKER_00,-14,
73757,SPEAKER_01,-14,
73757,SPEAKER_00,-13,
73757,SPEAKER_01,-13,
73757,SPEAKER_00,-12,
73757,SPEAKER_01,-12,
73757,SPEAKER_00,-11,
73757,SPEAKER_01,-11,
73757,SPEAKER_00,-10,
73757,SPEAKER_01,-10,
73757,SPEAKER_00,-9,
73757,SPEAKER_01,-9,
73757,SPEAKER_00,-8,
73757,SPEAKER_01,-8,
73757,SPEAKER_00,-7,
73757,SPEAKER_01,-7,
73757,SPEAKER_00,-6,
73757,SPEAKER_01,-6,
73757,SPEAKER_00,-5,
73757,SPEAKER_01,-5,
73757,SPEAKER_00,-4,
73757,SPEAKER_01,-4,
73757,SPEAKER_00,-3,
73757,SPEAKER_01,-3,
73757,SPEAKER_00,-2,
73757,SPEAKER_01,-2,
73757,SPEAKER_00,-1,
73757,SPEAKER_01,-1,
73757,SPEAKER_00,0,
73757,SPEAKER_01,0,
73757,SPEAKER_00,1,
73757,SPEAKER_01,1,
73757,SPEAKER_00,2,
73757,SPEAKER_01,2,
73757,SPEAKER_00,3,
73757,SPEAKER_01,3,
73757,SPEAKER_00,4,
73757,SPEAKER_01,4,
73757,SPEAKER_00,5,
73757,SPEAKER_01,5,
73757,SPEAKER_00,6,
73757,SPEAKER_01,6,
73757,SPEAKER_00,7,
73757,SPEAKER_01,7,
73757,SPEAKER_00,8,
73757,SPEAKER_01,8,
73757,SPEAKER_00,9,
73757,SPEAKER_01,9,
73757,SPEAKER_00,10,
73757,SPEAKER_01,10,
73757,SPEAKER_00,11,
73757,SPEAKER_01,11,
73757,SPEAKER_00,12,
73757,SPEAKER_01,12,
73757,SPEAKER_00,13,
73757,SPEAKER_01,13,
73757,SPEAKER_00,14,
73757,SPEAKER_01,14,
73757,SPEAKER_00,15,
73757,SPEAKER_01,15,
74116,SPEAKER_00,-15,
74116,SPEAKER_01,-15,
74116,SPEAKER_00,-14,
74116,SPEAKER_01,-14,
74116,SPEAKER_00,-13,
74116,SPEAKER_01,-13,
74116,SPEAKER_00,-12,
74116,SPEAKER_01,-12,
74116,SPEAKER_00,-11,
74116,SPEAKER_01,-11,
74116,SPEAKER_00,-10,
74116,SPEAKER_01,-10,
74116,SPEAKER_00,-9,
74116,SPEAKER_01,-9,
74116,SPEAKER_00,-8,
74116,SPEAKER_01,-8,
74116,SPEAKER_00,-7,
74116,SPEAKER_01,-7,
74116,SPEAKER_00,-6,
74116,SPEAKER_01,-6,
74116,SPEAKER_00,-5,
74116,SPEAKER_01,-5,
74116,SPEAKER_00,-4,
74116,SPEAKER_01,-4,
74116,SPEAKER_00,-3,
74116,SPEAKER_01,-3,
74116,SPEAKER_00,-2,
74116,SPEAKER_01,-2,
74116,SPEAKER_00,-1,
74116,SPEAKER_01,-1,
74116,SPEAKER_00,0,
74116,SPEAKER_01,0,
74116,SPEAKER_00,1,
74116,SPEAKER_01,1,
74116,SPEAKER_00,2,
74116,SPEAKER_01,2,
74116,SPEAKER_00,3,
74116,SPEAKER_01,3,
74116,SPEAKER_00,4,
74116,SPEAKER_01,4,
74116,SPEAKER_00,5,
74116,SPEAKER_01,5,
74116,SPEAKER_00,6,
74116,SPEAKER_01,6,
74116,SPEAKER_00,7,
74116,SPEAKER_01,7,
74116,SPEAKER_00,8,
74116,SPEAKER_01,8,
74116,SPEAKER_00,9,
74116,SPEAKER_01,9,
74116,SPEAKER_00,10,
74116,SPEAKER_01,10,
74116,SPEAKER_00,11,
74116,SPEAKER_01,11,
74116,SPEAKER_00,12,
74116,SPEAKER_01,12,
74116,SPEAKER_00,13,
74116,SPEAKER_01,13,
74116,SPEAKER_00,14,
74116,SPEAKER_01,14,
74116,SPEAKER_00,15,
74116,SPEAKER_01,15,
74120,SPEAKER_00,-15,
74120,SPEAKER_01,-15,
74120,SPEAKER_00,-14,
74120,SPEAKER_01,-14,
74120,SPEAKER_00,-13,
74120,SPEAKER_01,-13,
74120,SPEAKER_00,-12,
74120,SPEAKER_01,-12,
74120,SPEAKER_00,-11,
74120,SPEAKER_01,-11,
74120,SPEAKER_00,-10,
74120,SPEAKER_01,-10,
74120,SPEAKER_00,-9,
74120,SPEAKER_01,-9,
74120,SPEAKER_00,-8,
74120,SPEAKER_01,-8,
74120,SPEAKER_00,-7,
74120,SPEAKER_01,-7,
74120,SPEAKER_00,-6,
74120,SPEAKER_01,-6,
74120,SPEAKER_00,-5,
74120,SPEAKER_01,-5,
74120,SPEAKER_00,-4,
74120,SPEAKER_01,-4,
74120,SPEAKER_00,-3,
74120,SPEAKER_01,-3,
74120,SPEAKER_00,-2,
74120,SPEAKER_01,-2,
74120,SPEAKER_00,-1,2.1380362994513686
74120,SPEAKER_01,-1,7.341950456368108
74120,SPEAKER_00,0,
74120,SPEAKER_01,0,
74120,SPEAKER_00,1,0.1270816074012664
74120,SPEAKER_01,1,0.0013561222777293135
74120,SPEAKER_00,2,
74120,SPEAKER_01,2,
74120,SPEAKER_00,3,
74120,SPEAKER_01,3,
74120,SPEAKER_00,4,
74120,SPEAKER_01,4,
74120,SPEAKER_00,5,
74120,SPEAKER_01,5,
74120,SPEAKER_00,6,
74120,SPEAKER_01,6,
74120,SPEAKER_00,7,
74120,SPEAKER_01,7,
74120,SPEAKER_00,8,
74120,SPEAKER_01,8,
74120,SPEAKER_00,9,
74120,SPEAKER_01,9,
74120,SPEAKER_00,10,
74120,SPEAKER_01,10,
74120,SPEAKER_00,11,
74120,SPEAKER_01,11,
74120,SPEAKER_00,12,
74120,SPEAKER_01,12,
74120,SPEAKER_00,13,
74120,SPEAKER_01,13,
74120,SPEAKER_00,14,
74120,SPEAKER_01,14,
74120,SPEAKER_00,15,
74120,SPEAKER_01,15,
74127,SPEAKER_00,-15,
74127,SPEAKER_01,-15,
74127,SPEAKER_00,-14,
74127,SPEAKER_01,-14,
74127,SPEAKER_00,-13,
74127,SPEAKER_01,-13,
74127,SPEAKER_00,-12,
74127,SPEAKER_01,-12,
74127,SPEAKER_00,-11,
74127,SPEAKER_01,-11,
74127,SPEAKER_00,-10,
74127,SPEAKER_01,-10,
74127,SPEAKER_00,-9,
74127,SPEAKER_01,-9,
74127,SPEAKER_00,-8,
74127,SPEAKER_01,-8,
74127,SPEAKER_00,-7,
74127,SPEAKER_01,-7,
74127,SPEAKER_00,-6,
74127,SPEAKER_01,-6,
74127,SPEAKER_00,-5,
74127,SPEAKER_01,-5,
74127,SPEAKER_00,-4,
74127,SPEAKER_01,-4,
74127,SPEAKER_00,-3,
74127,SPEAKER_01,-3,
74127,SPEAKER_00,-2,
74127,SPEAKER_01,-2,
74127,SPEAKER_00,-1,
74127,SPEAKER_01,-1,
74127,SPEAKER_00,0,
74127,SPEAKER_01,0,
74127,SPEAKER_00,1,
74127,SPEAKER_01,1,
74127,SPEAKER_00,2,
74127,SPEAKER_01,2,
74127,SPEAKER_00,3,
74127,SPEAKER_01,3,
74127,SPEAKER_00,4,
74127,SPEAKER_01,4,
74127,SPEAKER_00,5,
74127,SPEAKER_01,5,
74127,SPEAKER_00,6,
74127,SPEAKER_01,6,
74127,SPEAKER_00,7,
74127,SPEAKER_01,7,
74127,SPEAKER_00,8,
74127,SPEAKER_01,8,
74127,SPEAKER_00,9,
74127,SPEAKER_01,9,
74127,SPEAKER_00,10,
74127,SPEAKER_01,10,
74127,SPEAKER_00,11,
74127,SPEAKER_01,11,
74127,SPEAKER_00,12,
74127,SPEAKER_01,12,
74127,SPEAKER_00,13,
74127,SPEAKER_01,13,
74127,SPEAKER_00,14,
74127,SPEAKER_01,14,
74127,SPEAKER_00,15,
74127,SPEAKER_01,15,
74274,SPEAKER_00,-15,
74274,SPEAKER_01,-15,
74274,SPEAKER_00,-14,
74274,SPEAKER_01,-14,
74274,SPEAKER_00,-13,
74274,SPEAKER_01,-13,
74274,SPEAKER_00,-12,
74274,SPEAKER_01,-12,
74274,SPEAKER_00,-11,
74274,SPEAKER_01,-11,
74274,SPEAKER_00,-10,
74274,SPEAKER_01,-10,
74274,SPEAKER_00,-9,
74274,SPEAKER_01,-9,
74274,SPEAKER_00,-8,
74274,SPEAKER_01,-8,
74274,SPEAKER_00,-7,
74274,SPEAKER_01,-7,
74274,SPEAKER_00,-6,
74274,SPEAKER_01,-6,
74274,SPEAKER_00,-5,
74274,SPEAKER_01,-5,
74274,SPEAKER_00,-4,
74274,SPEAKER_01,-4,
74274,SPEAKER_00,-3,
74274,SPEAKER_01,-3,
74274,SPEAKER_00,-2,
74274,SPEAKER_01,-2,
74274,SPEAKER_00,-1,
74274,SPEAKER_01,-1,
74274,SPEAKER_00,0,
74274,SPEAKER_01,0,
74274,SPEAKER_00,1,
74274,SPEAKER_01,1,
74274,SPEAKER_00,2,
74274,SPEAKER_01,2,
74274,SPEAKER_00,3,
74274,SPEAKER_01,3,
74274,SPEAKER_00,4,
74274,SPEAKER_01,4,
74274,SPEAKER_00,5,
74274,SPEAKER_01,5,
74274,SPEAKER_00,6,
74274,SPEAKER_01,6,
74274,SPEAKER_00,7,
74274,SPEAKER_01,7,
74274,SPEAKER_00,8,
74274,SPEAKER_01,8,
74274,SPEAKER_00,9,
74274,SPEAKER_01,9,
74274,SPEAKER_00,10,
74274,SPEAKER_01,10,
74274,SPEAKER_00,11,
74274,SPEAKER_01,11,
74274,SPEAKER_00,12,
74274,SPEAKER_01,12,
74274,SPEAKER_00,13,
74274,SPEAKER_01,13,
74274,SPEAKER_00,14,
74274,SPEAKER_01,14,
74274,SPEAKER_00,15,
74274,SPEAKER_01,15,
74506,SPEAKER_00,-15,
74506,SPEAKER_01,-15,
74506,SPEAKER_00,-14,
74506,SPEAKER_01,-14,
74506,SPEAKER_00,-13,
74506,SPEAKER_01,-13,
74506,SPEAKER_00,-12,
74506,SPEAKER_01,-12,
74506,SPEAKER_00,-11,
74506,SPEAKER_01,-11,
74506,SPEAKER_00,-10,
74506,SPEAKER_01,-10,
74506,SPEAKER_00,-9,
74506,SPEAKER_01,-9,
74506,SPEAKER_00,-8,
74506,SPEAKER_01,-8,
74506,SPEAKER_00,-7,
74506,SPEAKER_01,-7,
74506,SPEAKER_00,-6,
74506,SPEAKER_01,-6,
74506,SPEAKER_00,-5,
74506,SPEAKER_01,-5,
74506,SPEAKER_00,-4,
74506,SPEAKER_01,-4,
74506,SPEAKER_00,-3,
74506,SPEAKER_01,-3,
74506,SPEAKER_00,-2,
74506,SPEAKER_01,-2,
74506,SPEAKER_00,-1,
74506,SPEAKER_01,-1,
74506,SPEAKER_00,0,
74506,SPEAKER_01,0,
74506,SPEAKER_00,1,
74506,SPEAKER_01,1,
74506,SPEAKER_00,2,
74506,SPEAKER_01,2,
74506,SPEAKER_00,3,
74506,SPEAKER_01,3,
74506,SPEAKER_00,4,
74506,SPEAKER_01,4,
74506,SPEAKER_00,5,
74506,SPEAKER_01,5,
74506,SPEAKER_00,6,
74506,SPEAKER_01,6,
74506,SPEAKER_00,7,
74506,SPEAKER_01,7,
74506,SPEAKER_00,8,
74506,SPEAKER_01,8,
74506,SPEAKER_00,9,
74506,SPEAKER_01,9,
74506,SPEAKER_00,10,
74506,SPEAKER_01,10,
74506,SPEAKER_00,11,
74506,SPEAKER_01,11,
74506,SPEAKER_00,12,
74506,SPEAKER_01,12,
74506,SPEAKER_00,13,
74506,SPEAKER_01,13,
74506,SPEAKER_00,14,
74506,SPEAKER_01,14,
74506,SPEAKER_00,15,
74506,SPEAKER_01,15,
74531,SPEAKER_00,-15,
74531,SPEAKER_02,-15,
74531,SPEAKER_00,-14,
74531,SPEAKER_02,-14,
74531,SPEAKER_00,-13,
74531,SPEAKER_02,-13,
74531,SPEAKER_00,-12,
74531,SPEAKER_02,-12,
74531,SPEAKER_00,-11,
74531,SPEAKER_02,-11,
74531,SPEAKER_00,-10,
74531,SPEAKER_02,-10,
74531,SPEAKER_00,-9,
74531,SPEAKER_02,-9,
74531,SPEAKER_00,-8,
74531,SPEAKER_02,-8,
74531,SPEAKER_00,-7,
74531,SPEAKER_02,-7,
74531,SPEAKER_00,-6,
74531,SPEAKER_02,-6,
74531,SPEAKER_00,-5,
74531,SPEAKER_02,-5,
74531,SPEAKER_00,-4,
74531,SPEAKER_02,-4,
74531,SPEAKER_00,-3,
74531,SPEAKER_02,-3,
74531,SPEAKER_00,-2,
74531,SPEAKER_02,-2,
74531,SPEAKER_00,-1,
74531,SPEAKER_02,-1,
74531,SPEAKER_00,0,
74531,SPEAKER_02,0,
74531,SPEAKER_00,1,
74531,SPEAKER_02,1,
74531,SPEAKER_00,2,
74531,SPEAKER_02,2,
74531,SPEAKER_00,3,
74531,SPEAKER_02,3,
74531,SPEAKER_00,4,
74531,SPEAKER_02,4,
74531,SPEAKER_00,5,
74531,SPEAKER_02,5,
74531,SPEAKER_00,6,
74531,SPEAKER_02,6,
74531,SPEAKER_00,7,
74531,SPEAKER_02,7,
74531,SPEAKER_00,8,
74531,SPEAKER_02,8,
74531,SPEAKER_00,9,
74531,SPEAKER_02,9,
74531,SPEAKER_00,10,
74531,SPEAKER_02,10,
74531,SPEAKER_00,11,
74531,SPEAKER_02,11,
74531,SPEAKER_00,12,
74531,SPEAKER_02,12,
74531,SPEAKER_00,13,
74531,SPEAKER_02,13,
74531,SPEAKER_00,14,
74531,SPEAKER_02,14,
74531,SPEAKER_00,15,
74531,SPEAKER_02,15,
74627,SPEAKER_00,-15,
74627,SPEAKER_01,-15,
74627,SPEAKER_00,-14,
74627,SPEAKER_01,-14,
74627,SPEAKER_00,-13,
74627,SPEAKER_01,-13,
74627,SPEAKER_00,-12,
74627,SPEAKER_01,-12,
74627,SPEAKER_00,-11,
74627,SPEAKER_01,-11,
74627,SPEAKER_00,-10,
74627,SPEAKER_01,-10,
74627,SPEAKER_00,-9,
74627,SPEAKER_01,-9,
74627,SPEAKER_00,-8,
74627,SPEAKER_01,-8,
74627,SPEAKER_00,-7,
74627,SPEAKER_01,-7,
74627,SPEAKER_00,-6,
74627,SPEAKER_01,-6,
74627,SPEAKER_00,-5,
74627,SPEAKER_01,-5,
74627,SPEAKER_00,-4,
74627,SPEAKER_01,-4,
74627,SPEAKER_00,-3,
74627,SPEAKER_01,-3,
74627,SPEAKER_00,-2,
74627,SPEAKER_01,-2,
74627,SPEAKER_00,-1,
74627,SPEAKER_01,-1,
74627,SPEAKER_00,0,
74627,SPEAKER_01,0,
74627,SPEAKER_00,1,
74627,SPEAKER_01,1,
74627,SPEAKER_00,2,
74627,SPEAKER_01,2,
74627,SPEAKER_00,3,
74627,SPEAKER_01,3,
74627,SPEAKER_00,4,
74627,SPEAKER_01,4,
74627,SPEAKER_00,5,
74627,SPEAKER_01,5,
74627,SPEAKER_00,6,
74627,SPEAKER_01,6,
74627,SPEAKER_00,7,
74627,SPEAKER_01,7,
74627,SPEAKER_00,8,
74627,SPEAKER_01,8,
74627,SPEAKER_00,9,
74627,SPEAKER_01,9,
74627,SPEAKER_00,10,
74627,SPEAKER_01,10,
74627,SPEAKER_00,11,
74627,SPEAKER_01,11,
74627,SPEAKER_00,12,
74627,SPEAKER_01,12,
74627,SPEAKER_00,13,
74627,SPEAKER_01,13,
74627,SPEAKER_00,14,
74627,SPEAKER_01,14,
74627,SPEAKER_00,15,
74627,SPEAKER_01,15,
74751,SPEAKER_00,-15,
74751,SPEAKER_01,-15,
74751,SPEAKER_00,-14,
74751,SPEAKER_01,-14,
74751,SPEAKER_00,-13,
74751,SPEAKER_01,-13,
74751,SPEAKER_00,-12,
74751,SPEAKER_01,-12,
74751,SPEAKER_00,-11,
74751,SPEAKER_01,-11,
74751,SPEAKER_00,-10,
74751,SPEAKER_01,-10,
74751,SPEAKER_00,-9,
74751,SPEAKER_01,-9,
74751,SPEAKER_00,-8,
74751,SPEAKER_01,-8,
74751,SPEAKER_00,-7,
74751,SPEAKER_01,-7,
74751,SPEAKER_00,-6,
74751,SPEAKER_01,-6,
74751,SPEAKER_00,-5,
74751,SPEAKER_01,-5,
74751,SPEAKER_00,-4,
74751,SPEAKER_01,-4,
74751,SPEAKER_00,-3,
74751,SPEAKER_01,-3,
74751,SPEAKER_00,-2,
74751,SPEAKER_01,-2,
74751,SPEAKER_00,-1,
74751,SPEAKER_01,-1,
74751,SPEAKER_00,0,
74751,SPEAKER_01,0,
74751,SPEAKER_00,1,
74751,SPEAKER_01,1,
74751,SPEAKER_00,2,
74751,SPEAKER_01,2,
74751,SPEAKER_00,3,
74751,SPEAKER_01,3,
74751,SPEAKER_00,4,
74751,SPEAKER_01,4,
74751,SPEAKER_00,5,
74751,SPEAKER_01,5,
74751,SPEAKER_00,6,
74751,SPEAKER_01,6,
74751,SPEAKER_00,7,
74751,SPEAKER_01,7,
74751,SPEAKER_00,8,
74751,SPEAKER_01,8,
74751,SPEAKER_00,9,
74751,SPEAKER_01,9,
74751,SPEAKER_00,10,
74751,SPEAKER_01,10,
74751,SPEAKER_00,11,
74751,SPEAKER_01,11,
74751,SPEAKER_00,12,
74751,SPEAKER_01,12,
74751,SPEAKER_00,13,
74751,SPEAKER_01,13,
74751,SPEAKER_00,14,
74751,SPEAKER_01,14,
74751,SPEAKER_00,15,
74751,SPEAKER_01,15,
74994,SPEAKER_01,-15,
74994,SPEAKER_03,-15,
74994,SPEAKER_01,-14,
74994,SPEAKER_03,-14,
74994,SPEAKER_01,-13,
74994,SPEAKER_03,-13,
74994,SPEAKER_01,-12,
74994,SPEAKER_03,-12,
74994,SPEAKER_01,-11,
74994,SPEAKER_03,-11,
74994,SPEAKER_01,-10,
74994,SPEAKER_03,-10,
74994,SPEAKER_01,-9,
74994,SPEAKER_03,-9,
74994,SPEAKER_01,-8,
74994,SPEAKER_03,-8,
74994,SPEAKER_01,-7,
74994,SPEAKER_03,-7,
74994,SPEAKER_01,-6,
74994,SPEAKER_03,-6,
74994,SPEAKER_01,-5,
74994,SPEAKER_03,-5,
74994,SPEAKER_01,-4,
74994,SPEAKER_03,-4,
74994,SPEAKER_01,-3,
74994,SPEAKER_03,-3,
74994,SPEAKER_01,-2,
74994,SPEAKER_03,-2,
74994,SPEAKER_01,-1,
74994,SPEAKER_03,-1,
74994,SPEAKER_01,0,
74994,SPEAKER_03,0,
74994,SPEAKER_01,1,
74994,SPEAKER_03,1,
74994,SPEAKER_01,2,
74994,SPEAKER_03,2,
74994,SPEAKER_01,3,
74994,SPEAKER_03,3,
74994,SPEAKER_01,4,
74994,SPEAKER_03,4,
74994,SPEAKER_01,5,
74994,SPEAKER_03,5,
74994,SPEAKER_01,6,
74994,SPEAKER_03,6,
74994,SPEAKER_01,7,
74994,SPEAKER_03,7,
74994,SPEAKER_01,8,
74994,SPEAKER_03,8,
74994,SPEAKER_01,9,
74994,SPEAKER_03,9,
74994,SPEAKER_01,10,
74994,SPEAKER_03,10,
74994,SPEAKER_01,11,
74994,SPEAKER_03,11,
74994,SPEAKER_01,12,
74994,SPEAKER_03,12,
74994,SPEAKER_01,13,
74994,SPEAKER_03,13,
74994,SPEAKER_01,14,
74994,SPEAKER_03,14,
74994,SPEAKER_01,15,
74994,SPEAKER_03,15,
75096,SPEAKER_00,-15,
75096,SPEAKER_01,-15,
75096,SPEAKER_00,-14,
75096,SPEAKER_01,-14,
75096,SPEAKER_00,-13,
75096,SPEAKER_01,-13,
75096,SPEAKER_00,-12,
75096,SPEAKER_01,-12,
75096,SPEAKER_00,-11,
75096,SPEAKER_01,-11,
75096,SPEAKER_00,-10,
75096,SPEAKER_01,-10,
75096,SPEAKER_00,-9,
75096,SPEAKER_01,-9,
75096,SPEAKER_00,-8,
75096,SPEAKER_01,-8,
75096,SPEAKER_00,-7,
75096,SPEAKER_01,-7,
75096,SPEAKER_00,-6,
75096,SPEAKER_01,-6,
75096,SPEAKER_00,-5,
75096,SPEAKER_01,-5,
75096,SPEAKER_00,-4,
75096,SPEAKER_01,-4,
75096,SPEAKER_00,-3,
75096,SPEAKER_01,-3,
75096,SPEAKER_00,-2,
75096,SPEAKER_01,-2,
75096,SPEAKER_00,-1,
75096,SPEAKER_01,-1,
75096,SPEAKER_00,0,
75096,SPEAKER_01,0,
75096,SPEAKER_00,1,
75096,SPEAKER_01,1,
75096,SPEAKER_00,2,
75096,SPEAKER_01,2,
75096,SPEAKER_00,3,
75096,SPEAKER_01,3,
75096,SPEAKER_00,4,
75096,SPEAKER_01,4,
75096,SPEAKER_00,5,
75096,SPEAKER_01,5,
75096,SPEAKER_00,6,
75096,SPEAKER_01,6,
75096,SPEAKER_00,7,
75096,SPEAKER_01,7,
75096,SPEAKER_00,8,
75096,SPEAKER_01,8,
75096,SPEAKER_00,9,
75096,SPEAKER_01,9,
75096,SPEAKER_00,10,
75096,SPEAKER_01,10,
75096,SPEAKER_00,11,
75096,SPEAKER_01,11,
75096,SPEAKER_00,12,
75096,SPEAKER_01,12,
75096,SPEAKER_00,13,
75096,SPEAKER_01,13,
75096,SPEAKER_00,14,
75096,SPEAKER_01,14,
75096,SPEAKER_00,15,
75096,SPEAKER_01,15,
75098,SPEAKER_00,-15,
75098,SPEAKER_01,-15,
75098,SPEAKER_00,-14,
75098,SPEAKER_01,-14,
75098,SPEAKER_00,-13,
75098,SPEAKER_01,-13,
75098,SPEAKER_00,-12,
75098,SPEAKER_01,-12,
75098,SPEAKER_00,-11,
75098,SPEAKER_01,-11,
75098,SPEAKER_00,-10,
75098,SPEAKER_01,-10,
75098,SPEAKER_00,-9,
75098,SPEAKER_01,-9,
75098,SPEAKER_00,-8,
75098,SPEAKER_01,-8,
75098,SPEAKER_00,-7,
75098,SPEAKER_01,-7,
75098,SPEAKER_00,-6,
75098,SPEAKER_01,-6,
75098,SPEAKER_00,-5,
75098,SPEAKER_01,-5,
75098,SPEAKER_00,-4,
75098,SPEAKER_01,-4,
75098,SPEAKER_00,-3,
75098,SPEAKER_01,-3,
75098,SPEAKER_00,-2,
75098,SPEAKER_01,-2,
75098,SPEAKER_00,-1,
75098,SPEAKER_01,-1,
75098,SPEAKER_00,0,
75098,SPEAKER_01,0,
75098,SPEAKER_00,1,
75098,SPEAKER_01,1,
75098,SPEAKER_00,2,
75098,SPEAKER_01,2,
75098,SPEAKER_00,3,
75098,SPEAKER_01,3,
75098,SPEAKER_00,4,
75098,SPEAKER_01,4,
75098,SPEAKER_00,5,
75098,SPEAKER_01,5,
75098,SPEAKER_00,6,
75098,SPEAKER_01,6,
75098,SPEAKER_00,7,
75098,SPEAKER_01,7,
75098,SPEAKER_00,8,
75098,SPEAKER_01,8,
75098,SPEAKER_00,9,
75098,SPEAKER_01,9,
75098,SPEAKER_00,10,
75098,SPEAKER_01,10,
75098,SPEAKER_00,11,
75098,SPEAKER_01,11,
75098,SPEAKER_00,12,
75098,SPEAKER_01,12,
75098,SPEAKER_00,13,
75098,SPEAKER_01,13,
75098,SPEAKER_00,14,
75098,SPEAKER_01,14,
75098,SPEAKER_00,15,
75098,SPEAKER_01,15,
75380,SPEAKER_00,-15,
75380,SPEAKER_02,-15,
75380,SPEAKER_00,-14,
75380,SPEAKER_02,-14,
75380,SPEAKER_00,-13,
75380,SPEAKER_02,-13,
75380,SPEAKER_00,-12,
75380,SPEAKER_02,-12,
75380,SPEAKER_00,-11,
75380,SPEAKER_02,-11,
75380,SPEAKER_00,-10,
75380,SPEAKER_02,-10,
75380,SPEAKER_00,-9,
75380,SPEAKER_02,-9,
75380,SPEAKER_00,-8,
75380,SPEAKER_02,-8,
75380,SPEAKER_00,-7,
75380,SPEAKER_02,-7,
75380,SPEAKER_00,-6,
75380,SPEAKER_02,-6,
75380,SPEAKER_00,-5,
75380,SPEAKER_02,-5,
75380,SPEAKER_00,-4,
75380,SPEAKER_02,-4,
75380,SPEAKER_00,-3,
75380,SPEAKER_02,-3,
75380,SPEAKER_00,-2,
75380,SPEAKER_02,-2,
75380,SPEAKER_00,-1,
75380,SPEAKER_02,-1,
75380,SPEAKER_00,0,
75380,SPEAKER_02,0,
75380,SPEAKER_00,1,
75380,SPEAKER_02,1,
75380,SPEAKER_00,2,
75380,SPEAKER_02,2,
75380,SPEAKER_00,3,
75380,SPEAKER_02,3,
75380,SPEAKER_00,4,
75380,SPEAKER_02,4,
75380,SPEAKER_00,5,
75380,SPEAKER_02,5,
75380,SPEAKER_00,6,
75380,SPEAKER_02,6,
75380,SPEAKER_00,7,
75380,SPEAKER_02,7,
75380,SPEAKER_00,8,
75380,SPEAKER_02,8,
75380,SPEAKER_00,9,
75380,SPEAKER_02,9,
75380,SPEAKER_00,10,
75380,SPEAKER_02,10,
75380,SPEAKER_00,11,
75380,SPEAKER_02,11,
75380,SPEAKER_00,12,
75380,SPEAKER_02,12,
75380,SPEAKER_00,13,
75380,SPEAKER_02,13,
75380,SPEAKER_00,14,
75380,SPEAKER_02,14,
75380,SPEAKER_00,15,
75380,SPEAKER_02,15,
75385,SPEAKER_00,-15,
75385,SPEAKER_01,-15,
75385,SPEAKER_00,-14,
75385,SPEAKER_01,-14,
75385,SPEAKER_00,-13,
75385,SPEAKER_01,-13,
75385,SPEAKER_00,-12,
75385,SPEAKER_01,-12,
75385,SPEAKER_00,-11,
75385,SPEAKER_01,-11,
75385,SPEAKER_00,-10,
75385,SPEAKER_01,-10,
75385,SPEAKER_00,-9,
75385,SPEAKER_01,-9,
75385,SPEAKER_00,-8,
75385,SPEAKER_01,-8,
75385,SPEAKER_00,-7,
75385,SPEAKER_01,-7,
75385,SPEAKER_00,-6,
75385,SPEAKER_01,-6,
75385,SPEAKER_00,-5,
75385,SPEAKER_01,-5,
75385,SPEAKER_00,-4,
75385,SPEAKER_01,-4,
75385,SPEAKER_00,-3,
75385,SPEAKER_01,-3,
75385,SPEAKER_00,-2,
75385,SPEAKER_01,-2,
75385,SPEAKER_00,-1,
75385,SPEAKER_01,-1,
75385,SPEAKER_00,0,
75385,SPEAKER_01,0,
75385,SPEAKER_00,1,
75385,SPEAKER_01,1,
75385,SPEAKER_00,2,
75385,SPEAKER_01,2,
75385,SPEAKER_00,3,
75385,SPEAKER_01,3,
75385,SPEAKER_00,4,
75385,SPEAKER_01,4,
75385,SPEAKER_00,5,
75385,SPEAKER_01,5,
75385,SPEAKER_00,6,
75385,SPEAKER_01,6,
75385,SPEAKER_00,7,
75385,SPEAKER_01,7,
75385,SPEAKER_00,8,
75385,SPEAKER_01,8,
75385,SPEAKER_00,9,
75385,SPEAKER_01,9,
75385,SPEAKER_00,10,
75385,SPEAKER_01,10,
75385,SPEAKER_00,11,
75385,SPEAKER_01,11,
75385,SPEAKER_00,12,
75385,SPEAKER_01,12,
75385,SPEAKER_00,13,
75385,SPEAKER_01,13,
75385,SPEAKER_00,14,
75385,SPEAKER_01,14,
75385,SPEAKER_00,15,
75385,SPEAKER_01,15,
75443,SPEAKER_00,-15,
75443,SPEAKER_02,-15,
75443,SPEAKER_00,-14,0.2929845929310776
75443,SPEAKER_02,-14,
75443,SPEAKER_00,-13,
75443,SPEAKER_02,-13,
75443,SPEAKER_00,-12,0.4339742250132737
75443,SPEAKER_02,-12,
75443,SPEAKER_00,-11,
75443,SPEAKER_02,-11,
75443,SPEAKER_00,-10,
75443,SPEAKER_02,-10,
75443,SPEAKER_00,-9,
75443,SPEAKER_02,-9,
75443,SPEAKER_00,-8,
75443,SPEAKER_02,-8,
75443,SPEAKER_00,-7,
75443,SPEAKER_02,-7,
75443,SPEAKER_00,-6,
75443,SPEAKER_02,-6,
75443,SPEAKER_00,-5,0.35448258099330565
75443,SPEAKER_02,-5,
75443,SPEAKER_00,-4,
75443,SPEAKER_02,-4,
75443,SPEAKER_00,-3,2.9323458689661197
75443,SPEAKER_02,-3,0.09715747934888623
75443,SPEAKER_00,-2,
75443,SPEAKER_02,-2,
75443,SPEAKER_00,-1,0.8984679256705077
75443,SPEAKER_02,-1,0.049921769028346205
75443,SPEAKER_00,0,
75443,SPEAKER_02,0,
75443,SPEAKER_00,1,5.564721371991137
75443,SPEAKER_02,1,1.2959684893592531
75443,SPEAKER_00,2,
75443,SPEAKER_02,2,
75443,SPEAKER_00,3,3.718952769180958
75443,SPEAKER_02,3,0.15696867602838804
75443,SPEAKER_00,4,
75443,SPEAKER_02,4,
75443,SPEAKER_00,5,
75443,SPEAKER_02,5,0.0022183745625362667
75443,SPEAKER_00,6,
75443,SPEAKER_02,6,
75443,SPEAKER_00,7,
75443,SPEAKER_02,7,
75443,SPEAKER_00,8,
75443,SPEAKER_02,8,
75443,SPEAKER_00,9,
75443,SPEAKER_02,9,
75443,SPEAKER_00,10,
75443,SPEAKER_02,10,
75443,SPEAKER_00,11,
75443,SPEAKER_02,11,
75443,SPEAKER_00,12,
75443,SPEAKER_02,12,0.0006827617226381987
75443,SPEAKER_00,13,
75443,SPEAKER_02,13,
75443,SPEAKER_00,14,
75443,SPEAKER_02,14,3.864038825525099
75443,SPEAKER_00,15,
75443,SPEAKER_02,15,
75585,SPEAKER_00,-15,
75585,SPEAKER_01,-15,
75585,SPEAKER_00,-14,
75585,SPEAKER_01,-14,
75585,SPEAKER_00,-13,
75585,SPEAKER_01,-13,
75585,SPEAKER_00,-12,
75585,SPEAKER_01,-12,
75585,SPEAKER_00,-11,
75585,SPEAKER_01,-11,
75585,SPEAKER_00,-10,
75585,SPEAKER_01,-10,
75585,SPEAKER_00,-9,
75585,SPEAKER_01,-9,
75585,SPEAKER_00,-8,
75585,SPEAKER_01,-8,
75585,SPEAKER_00,-7,
75585,SPEAKER_01,-7,
75585,SPEAKER_00,-6,
75585,SPEAKER_01,-6,
75585,SPEAKER_00,-5,
75585,SPEAKER_01,-5,
75585,SPEAKER_00,-4,
75585,SPEAKER_01,-4,
75585,SPEAKER_00,-3,
75585,SPEAKER_01,-3,
75585,SPEAKER_00,-2,
75585,SPEAKER_01,-2,
75585,SPEAKER_00,-1,
75585,SPEAKER_01,-1,
75585,SPEAKER_00,0,
75585,SPEAKER_01,0,
75585,SPEAKER_00,1,
75585,SPEAKER_01,1,
75585,SPEAKER_00,2,
75585,SPEAKER_01,2,
75585,SPEAKER_00,3,
75585,SPEAKER_01,3,
75585,SPEAKER_00,4,
75585,SPEAKER_01,4,
75585,SPEAKER_00,5,
75585,SPEAKER_01,5,
75585,SPEAKER_00,6,
75585,SPEAKER_01,6,
75585,SPEAKER_00,7,
75585,SPEAKER_01,7,
75585,SPEAKER_00,8,
75585,SPEAKER_01,8,
75585,SPEAKER_00,9,
75585,SPEAKER_01,9,
75585,SPEAKER_00,10,
75585,SPEAKER_01,10,
75585,SPEAKER_00,11,
75585,SPEAKER_01,11,
75585,SPEAKER_00,12,
75585,SPEAKER_01,12,
75585,SPEAKER_00,13,
75585,SPEAKER_01,13,
75585,SPEAKER_00,14,
75585,SPEAKER_01,14,
75585,SPEAKER_00,15,
75585,SPEAKER_01,15,
75649,SPEAKER_00,-15,
75649,SPEAKER_01,-15,
75649,SPEAKER_00,-14,
75649,SPEAKER_01,-14,
75649,SPEAKER_00,-13,
75649,SPEAKER_01,-13,
75649,SPEAKER_00,-12,
75649,SPEAKER_01,-12,
75649,SPEAKER_00,-11,
75649,SPEAKER_01,-11,
75649,SPEAKER_00,-10,
75649,SPEAKER_01,-10,
75649,SPEAKER_00,-9,
75649,SPEAKER_01,-9,
75649,SPEAKER_00,-8,
75649,SPEAKER_01,-8,
75649,SPEAKER_00,-7,
75649,SPEAKER_01,-7,
75649,SPEAKER_00,-6,
75649,SPEAKER_01,-6,
75649,SPEAKER_00,-5,
75649,SPEAKER_01,-5,
75649,SPEAKER_00,-4,
75649,SPEAKER_01,-4,
75649,SPEAKER_00,-3,
75649,SPEAKER_01,-3,
75649,SPEAKER_00,-2,
75649,SPEAKER_01,-2,
75649,SPEAKER_00,-1,
75649,SPEAKER_01,-1,
75649,SPEAKER_00,0,
75649,SPEAKER_01,0,
75649,SPEAKER_00,1,
75649,SPEAKER_01,1,
75649,SPEAKER_00,2,
75649,SPEAKER_01,2,
75649,SPEAKER_00,3,
75649,SPEAKER_01,3,
75649,SPEAKER_00,4,
75649,SPEAKER_01,4,
75649,SPEAKER_00,5,
75649,SPEAKER_01,5,
75649,SPEAKER_00,6,
75649,SPEAKER_01,6,
75649,SPEAKER_00,7,
75649,SPEAKER_01,7,
75649,SPEAKER_00,8,
75649,SPEAKER_01,8,
75649,SPEAKER_00,9,
75649,SPEAKER_01,9,
75649,SPEAKER_00,10,
75649,SPEAKER_01,10,
75649,SPEAKER_00,11,
75649,SPEAKER_01,11,
75649,SPEAKER_00,12,
75649,SPEAKER_01,12,
75649,SPEAKER_00,13,
75649,SPEAKER_01,13,
75649,SPEAKER_00,14,
75649,SPEAKER_01,14,
75649,SPEAKER_00,15,
75649,SPEAKER_01,15,
75670,SPEAKER_00,-15,
75670,SPEAKER_01,-15,
75670,SPEAKER_00,-14,
75670,SPEAKER_01,-14,
75670,SPEAKER_00,-13,
75670,SPEAKER_01,-13,
75670,SPEAKER_00,-12,
75670,SPEAKER_01,-12,
75670,SPEAKER_00,-11,
75670,SPEAKER_01,-11,
75670,SPEAKER_00,-10,
75670,SPEAKER_01,-10,
75670,SPEAKER_00,-9,
75670,SPEAKER_01,-9,
75670,SPEAKER_00,-8,
75670,SPEAKER_01,-8,
75670,SPEAKER_00,-7,
75670,SPEAKER_01,-7,
75670,SPEAKER_00,-6,
75670,SPEAKER_01,-6,
75670,SPEAKER_00,-5,
75670,SPEAKER_01,-5,
75670,SPEAKER_00,-4,
75670,SPEAKER_01,-4,
75670,SPEAKER_00,-3,
75670,SPEAKER_01,-3,
75670,SPEAKER_00,-2,
75670,SPEAKER_01,-2,
75670,SPEAKER_00,-1,
75670,SPEAKER_01,-1,
75670,SPEAKER_00,0,
75670,SPEAKER_01,0,
75670,SPEAKER_00,1,
75670,SPEAKER_01,1,
75670,SPEAKER_00,2,
75670,SPEAKER_01,2,
75670,SPEAKER_00,3,
75670,SPEAKER_01,3,
75670,SPEAKER_00,4,
75670,SPEAKER_01,4,
75670,SPEAKER_00,5,
75670,SPEAKER_01,5,
75670,SPEAKER_00,6,
75670,SPEAKER_01,6,
75670,SPEAKER_00,7,
75670,SPEAKER_01,7,
75670,SPEAKER_00,8,
75670,SPEAKER_01,8,
75670,SPEAKER_00,9,
75670,SPEAKER_01,9,
75670,SPEAKER_00,10,
75670,SPEAKER_01,10,
75670,SPEAKER_00,11,
75670,SPEAKER_01,11,
75670,SPEAKER_00,12,
75670,SPEAKER_01,12,
75670,SPEAKER_00,13,
75670,SPEAKER_01,13,
75670,SPEAKER_00,14,
75670,SPEAKER_01,14,
75670,SPEAKER_00,15,
75670,SPEAKER_01,15,
75678,SPEAKER_00,-15,
75678,SPEAKER_01,-15,
75678,SPEAKER_00,-14,
75678,SPEAKER_01,-14,
75678,SPEAKER_00,-13,
75678,SPEAKER_01,-13,
75678,SPEAKER_00,-12,
75678,SPEAKER_01,-12,
75678,SPEAKER_00,-11,
75678,SPEAKER_01,-11,
75678,SPEAKER_00,-10,
75678,SPEAKER_01,-10,
75678,SPEAKER_00,-9,
75678,SPEAKER_01,-9,
75678,SPEAKER_00,-8,
75678,SPEAKER_01,-8,
75678,SPEAKER_00,-7,
75678,SPEAKER_01,-7,
75678,SPEAKER_00,-6,
75678,SPEAKER_01,-6,
75678,SPEAKER_00,-5,
75678,SPEAKER_01,-5,
75678,SPEAKER_00,-4,
75678,SPEAKER_01,-4,
75678,SPEAKER_00,-3,
75678,SPEAKER_01,-3,
75678,SPEAKER_00,-2,
75678,SPEAKER_01,-2,
75678,SPEAKER_00,-1,
75678,SPEAKER_01,-1,
75678,SPEAKER_00,0,
75678,SPEAKER_01,0,
75678,SPEAKER_00,1,
75678,SPEAKER_01,1,
75678,SPEAKER_00,2,
75678,SPEAKER_01,2,
75678,SPEAKER_00,3,
75678,SPEAKER_01,3,
75678,SPEAKER_00,4,
75678,SPEAKER_01,4,
75678,SPEAKER_00,5,
75678,SPEAKER_01,5,
75678,SPEAKER_00,6,
75678,SPEAKER_01,6,
75678,SPEAKER_00,7,
75678,SPEAKER_01,7,
75678,SPEAKER_00,8,
75678,SPEAKER_01,8,
75678,SPEAKER_00,9,
75678,SPEAKER_01,9,
75678,SPEAKER_00,10,
75678,SPEAKER_01,10,
75678,SPEAKER_00,11,
75678,SPEAKER_01,11,
75678,SPEAKER_00,12,
75678,SPEAKER_01,12,
75678,SPEAKER_00,13,
75678,SPEAKER_01,13,
75678,SPEAKER_00,14,
75678,SPEAKER_01,14,
75678,SPEAKER_00,15,
75678,SPEAKER_01,15,
75960,SPEAKER_00,-15,
75960,SPEAKER_01,-15,
75960,SPEAKER_00,-14,
75960,SPEAKER_01,-14,
75960,SPEAKER_00,-13,
75960,SPEAKER_01,-13,
75960,SPEAKER_00,-12,
75960,SPEAKER_01,-12,
75960,SPEAKER_00,-11,
75960,SPEAKER_01,-11,
75960,SPEAKER_00,-10,
75960,SPEAKER_01,-10,
75960,SPEAKER_00,-9,
75960,SPEAKER_01,-9,
75960,SPEAKER_00,-8,
75960,SPEAKER_01,-8,
75960,SPEAKER_00,-7,
75960,SPEAKER_01,-7,
75960,SPEAKER_00,-6,
75960,SPEAKER_01,-6,
75960,SPEAKER_00,-5,
75960,SPEAKER_01,-5,
75960,SPEAKER_00,-4,
75960,SPEAKER_01,-4,
75960,SPEAKER_00,-3,
75960,SPEAKER_01,-3,
75960,SPEAKER_00,-2,
75960,SPEAKER_01,-2,
75960,SPEAKER_00,-1,
75960,SPEAKER_01,-1,
75960,SPEAKER_00,0,
75960,SPEAKER_01,0,
75960,SPEAKER_00,1,
75960,SPEAKER_01,1,
75960,SPEAKER_00,2,
75960,SPEAKER_01,2,
75960,SPEAKER_00,3,
75960,SPEAKER_01,3,
75960,SPEAKER_00,4,
75960,SPEAKER_01,4,
75960,SPEAKER_00,5,
75960,SPEAKER_01,5,
75960,SPEAKER_00,6,
75960,SPEAKER_01,6,
75960,SPEAKER_00,7,
75960,SPEAKER_01,7,
75960,SPEAKER_00,8,
75960,SPEAKER_01,8,
75960,SPEAKER_00,9,
75960,SPEAKER_01,9,
75960,SPEAKER_00,10,
75960,SPEAKER_01,10,
75960,SPEAKER_00,11,
75960,SPEAKER_01,11,
75960,SPEAKER_00,12,
75960,SPEAKER_01,12,
75960,SPEAKER_00,13,
75960,SPEAKER_01,13,
75960,SPEAKER_00,14,
75960,SPEAKER_01,14,
75960,SPEAKER_00,15,
75960,SPEAKER_01,15,
76037,SPEAKER_01,-15,
76037,SPEAKER_02,-15,
76037,SPEAKER_01,-14,
76037,SPEAKER_02,-14,
76037,SPEAKER_01,-13,
76037,SPEAKER_02,-13,
76037,SPEAKER_01,-12,
76037,SPEAKER_02,-12,
76037,SPEAKER_01,-11,
76037,SPEAKER_02,-11,
76037,SPEAKER_01,-10,
76037,SPEAKER_02,-10,
76037,SPEAKER_01,-9,
76037,SPEAKER_02,-9,
76037,SPEAKER_01,-8,
76037,SPEAKER_02,-8,
76037,SPEAKER_01,-7,
76037,SPEAKER_02,-7,
76037,SPEAKER_01,-6,
76037,SPEAKER_02,-6,
76037,SPEAKER_01,-5,
76037,SPEAKER_02,-5,
76037,SPEAKER_01,-4,
76037,SPEAKER_02,-4,
76037,SPEAKER_01,-3,
76037,SPEAKER_02,-3,
76037,SPEAKER_01,-2,
76037,SPEAKER_02,-2,
76037,SPEAKER_01,-1,
76037,SPEAKER_02,-1,
76037,SPEAKER_01,0,
76037,SPEAKER_02,0,
76037,SPEAKER_01,1,
76037,SPEAKER_02,1,
76037,SPEAKER_01,2,
76037,SPEAKER_02,2,
76037,SPEAKER_01,3,
76037,SPEAKER_02,3,
76037,SPEAKER_01,4,
76037,SPEAKER_02,4,
76037,SPEAKER_01,5,
76037,SPEAKER_02,5,
76037,SPEAKER_01,6,
76037,SPEAKER_02,6,
76037,SPEAKER_01,7,
76037,SPEAKER_02,7,
76037,SPEAKER_01,8,
76037,SPEAKER_02,8,
76037,SPEAKER_01,9,
76037,SPEAKER_02,9,
76037,SPEAKER_01,10,
76037,SPEAKER_02,10,
76037,SPEAKER_01,11,
76037,SPEAKER_02,11,
76037,SPEAKER_01,12,
76037,SPEAKER_02,12,
76037,SPEAKER_01,13,
76037,SPEAKER_02,13,
76037,SPEAKER_01,14,
76037,SPEAKER_02,14,
76037,SPEAKER_01,15,
76037,SPEAKER_02,15,
76066,SPEAKER_00,-15,
76066,SPEAKER_01,-15,
76066,SPEAKER_00,-14,
76066,SPEAKER_01,-14,
76066,SPEAKER_00,-13,
76066,SPEAKER_01,-13,
76066,SPEAKER_00,-12,
76066,SPEAKER_01,-12,
76066,SPEAKER_00,-11,
76066,SPEAKER_01,-11,
76066,SPEAKER_00,-10,
76066,SPEAKER_01,-10,
76066,SPEAKER_00,-9,
76066,SPEAKER_01,-9,
76066,SPEAKER_00,-8,
76066,SPEAKER_01,-8,
76066,SPEAKER_00,-7,
76066,SPEAKER_01,-7,
76066,SPEAKER_00,-6,
76066,SPEAKER_01,-6,
76066,SPEAKER_00,-5,
76066,SPEAKER_01,-5,
76066,SPEAKER_00,-4,
76066,SPEAKER_01,-4,
76066,SPEAKER_00,-3,
76066,SPEAKER_01,-3,
76066,SPEAKER_00,-2,
76066,SPEAKER_01,-2,
76066,SPEAKER_00,-1,
76066,SPEAKER_01,-1,
76066,SPEAKER_00,0,
76066,SPEAKER_01,0,
76066,SPEAKER_00,1,
76066,SPEAKER_01,1,
76066,SPEAKER_00,2,
76066,SPEAKER_01,2,
76066,SPEAKER_00,3,
76066,SPEAKER_01,3,
76066,SPEAKER_00,4,
76066,SPEAKER_01,4,
76066,SPEAKER_00,5,
76066,SPEAKER_01,5,
76066,SPEAKER_00,6,
76066,SPEAKER_01,6,
76066,SPEAKER_00,7,
76066,SPEAKER_01,7,
76066,SPEAKER_00,8,
76066,SPEAKER_01,8,
76066,SPEAKER_00,9,
76066,SPEAKER_01,9,
76066,SPEAKER_00,10,
76066,SPEAKER_01,10,
76066,SPEAKER_00,11,
76066,SPEAKER_01,11,
76066,SPEAKER_00,12,
76066,SPEAKER_01,12,
76066,SPEAKER_00,13,
76066,SPEAKER_01,13,
76066,SPEAKER_00,14,
76066,SPEAKER_01,14,
76066,SPEAKER_00,15,
76066,SPEAKER_01,15,
76122,SPEAKER_00,-15,
76122,SPEAKER_01,-15,
76122,SPEAKER_00,-14,
76122,SPEAKER_01,-14,
76122,SPEAKER_00,-13,
76122,SPEAKER_01,-13,
76122,SPEAKER_00,-12,
76122,SPEAKER_01,-12,
76122,SPEAKER_00,-11,
76122,SPEAKER_01,-11,
76122,SPEAKER_00,-10,
76122,SPEAKER_01,-10,
76122,SPEAKER_00,-9,
76122,SPEAKER_01,-9,
76122,SPEAKER_00,-8,
76122,SPEAKER_01,-8,
76122,SPEAKER_00,-7,
76122,SPEAKER_01,-7,
76122,SPEAKER_00,-6,
76122,SPEAKER_01,-6,
76122,SPEAKER_00,-5,
76122,SPEAKER_01,-5,
76122,SPEAKER_00,-4,
76122,SPEAKER_01,-4,
76122,SPEAKER_00,-3,
76122,SPEAKER_01,-3,
76122,SPEAKER_00,-2,
76122,SPEAKER_01,-2,
76122,SPEAKER_00,-1,
76122,SPEAKER_01,-1,
76122,SPEAKER_00,0,
76122,SPEAKER_01,0,
76122,SPEAKER_00,1,
76122,SPEAKER_01,1,
76122,SPEAKER_00,2,
76122,SPEAKER_01,2,
76122,SPEAKER_00,3,
76122,SPEAKER_01,3,
76122,SPEAKER_00,4,
76122,SPEAKER_01,4,
76122,SPEAKER_00,5,
76122,SPEAKER_01,5,
76122,SPEAKER_00,6,
76122,SPEAKER_01,6,
76122,SPEAKER_00,7,
76122,SPEAKER_01,7,
76122,SPEAKER_00,8,
76122,SPEAKER_01,8,
76122,SPEAKER_00,9,
76122,SPEAKER_01,9,
76122,SPEAKER_00,10,
76122,SPEAKER_01,10,
76122,SPEAKER_00,11,
76122,SPEAKER_01,11,
76122,SPEAKER_00,12,
76122,SPEAKER_01,12,
76122,SPEAKER_00,13,
76122,SPEAKER_01,13,
76122,SPEAKER_00,14,
76122,SPEAKER_01,14,
76122,SPEAKER_00,15,
76122,SPEAKER_01,15,
76336,SPEAKER_00,-15,
76336,SPEAKER_01,-15,
76336,SPEAKER_00,-14,
76336,SPEAKER_01,-14,
76336,SPEAKER_00,-13,
76336,SPEAKER_01,-13,
76336,SPEAKER_00,-12,
76336,SPEAKER_01,-12,
76336,SPEAKER_00,-11,
76336,SPEAKER_01,-11,
76336,SPEAKER_00,-10,
76336,SPEAKER_01,-10,
76336,SPEAKER_00,-9,
76336,SPEAKER_01,-9,
76336,SPEAKER_00,-8,
76336,SPEAKER_01,-8,
76336,SPEAKER_00,-7,
76336,SPEAKER_01,-7,
76336,SPEAKER_00,-6,
76336,SPEAKER_01,-6,
76336,SPEAKER_00,-5,
76336,SPEAKER_01,-5,
76336,SPEAKER_00,-4,
76336,SPEAKER_01,-4,
76336,SPEAKER_00,-3,
76336,SPEAKER_01,-3,
76336,SPEAKER_00,-2,
76336,SPEAKER_01,-2,
76336,SPEAKER_00,-1,
76336,SPEAKER_01,-1,
76336,SPEAKER_00,0,
76336,SPEAKER_01,0,
76336,SPEAKER_00,1,
76336,SPEAKER_01,1,
76336,SPEAKER_00,2,
76336,SPEAKER_01,2,
76336,SPEAKER_00,3,
76336,SPEAKER_01,3,
76336,SPEAKER_00,4,
76336,SPEAKER_01,4,
76336,SPEAKER_00,5,
76336,SPEAKER_01,5,
76336,SPEAKER_00,6,
76336,SPEAKER_01,6,
76336,SPEAKER_00,7,
76336,SPEAKER_01,7,
76336,SPEAKER_00,8,
76336,SPEAKER_01,8,
76336,SPEAKER_00,9,
76336,SPEAKER_01,9,
76336,SPEAKER_00,10,
76336,SPEAKER_01,10,
76336,SPEAKER_00,11,
76336,SPEAKER_01,11,
76336,SPEAKER_00,12,
76336,SPEAKER_01,12,
76336,SPEAKER_00,13,
76336,SPEAKER_01,13,
76336,SPEAKER_00,14,
76336,SPEAKER_01,14,
76336,SPEAKER_00,15,
76336,SPEAKER_01,15,
76931,SPEAKER_00,-15,
76931,SPEAKER_02,-15,
76931,SPEAKER_00,-14,
76931,SPEAKER_02,-14,
76931,SPEAKER_00,-13,
76931,SPEAKER_02,-13,
76931,SPEAKER_00,-12,
76931,SPEAKER_02,-12,
76931,SPEAKER_00,-11,
76931,SPEAKER_02,-11,
76931,SPEAKER_00,-10,
76931,SPEAKER_02,-10,
76931,SPEAKER_00,-9,
76931,SPEAKER_02,-9,
76931,SPEAKER_00,-8,
76931,SPEAKER_02,-8,
76931,SPEAKER_00,-7,
76931,SPEAKER_02,-7,
76931,SPEAKER_00,-6,
76931,SPEAKER_02,-6,
76931,SPEAKER_00,-5,
76931,SPEAKER_02,-5,
76931,SPEAKER_00,-4,
76931,SPEAKER_02,-4,
76931,SPEAKER_00,-3,
76931,SPEAKER_02,-3,
76931,SPEAKER_00,-2,
76931,SPEAKER_02,-2,
76931,SPEAKER_00,-1,
76931,SPEAKER_02,-1,
76931,SPEAKER_00,0,
76931,SPEAKER_02,0,
76931,SPEAKER_00,1,
76931,SPEAKER_02,1,
76931,SPEAKER_00,2,
76931,SPEAKER_02,2,
76931,SPEAKER_00,3,
76931,SPEAKER_02,3,
76931,SPEAKER_00,4,
76931,SPEAKER_02,4,
76931,SPEAKER_00,5,
76931,SPEAKER_02,5,
76931,SPEAKER_00,6,
76931,SPEAKER_02,6,
76931,SPEAKER_00,7,
76931,SPEAKER_02,7,
76931,SPEAKER_00,8,
76931,SPEAKER_02,8,
76931,SPEAKER_00,9,
76931,SPEAKER_02,9,
76931,SPEAKER_00,10,
76931,SPEAKER_02,10,
76931,SPEAKER_00,11,
76931,SPEAKER_02,11,
76931,SPEAKER_00,12,
76931,SPEAKER_02,12,
76931,SPEAKER_00,13,
76931,SPEAKER_02,13,
76931,SPEAKER_00,14,
76931,SPEAKER_02,14,
76931,SPEAKER_00,15,
76931,SPEAKER_02,15,
77398,SPEAKER_00,-15,1.9879478011225542
77398,SPEAKER_01,-15,
77398,SPEAKER_00,-14,
77398,SPEAKER_01,-14,
77398,SPEAKER_00,-13,0.31651568142614167
77398,SPEAKER_01,-13,0.007411609419408393
77398,SPEAKER_00,-12,
77398,SPEAKER_01,-12,
77398,SPEAKER_00,-11,0.19311088870597862
77398,SPEAKER_01,-11,0.16579755653448464
77398,SPEAKER_00,-10,
77398,SPEAKER_01,-10,
77398,SPEAKER_00,-9,0.1403741390001713
77398,SPEAKER_01,-9,0.9280344003929599
77398,SPEAKER_00,-8,
77398,SPEAKER_01,-8,
77398,SPEAKER_00,-7,0.942602450552657
77398,SPEAKER_01,-7,0.08775651250954382
77398,SPEAKER_00,-6,
77398,SPEAKER_01,-6,
77398,SPEAKER_00,-5,0.15239705733357936
77398,SPEAKER_01,-5,1.0413651485096296
77398,SPEAKER_00,-4,
77398,SPEAKER_01,-4,
77398,SPEAKER_00,-3,0.1375165414456186
77398,SPEAKER_01,-3,0.14193812113151533
77398,SPEAKER_00,-2,
77398,SPEAKER_01,-2,
77398,SPEAKER_00,-1,0.08333565318162904
77398,SPEAKER_01,-1,0.04425038515457945
77398,SPEAKER_00,0,
77398,SPEAKER_01,0,
77398,SPEAKER_00,1,0.9622143624620912
77398,SPEAKER_01,1,2.089918384561732
77398,SPEAKER_00,2,
77398,SPEAKER_01,2,
77398,SPEAKER_00,3,0.2053755098760176
77398,SPEAKER_01,3,0.08522671733866231
77398,SPEAKER_00,4,
77398,SPEAKER_01,4,
77398,SPEAKER_00,5,1.0557974719950831
77398,SPEAKER_01,5,1.601114821081935
77398,SPEAKER_00,6,
77398,SPEAKER_01,6,
77398,SPEAKER_00,7,0.24090387017881806
77398,SPEAKER_01,7,0.061468759456402206
77398,SPEAKER_00,8,
77398,SPEAKER_01,8,
77398,SPEAKER_00,9,1.2873690886539857
77398,SPEAKER_01,9,1.1541471732523019
77398,SPEAKER_00,10,
77398,SPEAKER_01,10,
77398,SPEAKER_00,11,0.07756185084068833
77398,SPEAKER_01,11,3.867968275092402
77398,SPEAKER_00,12,
77398,SPEAKER_01,12,
77398,SPEAKER_00,13,0.5294006604469498
77398,SPEAKER_01,13,0.03240327805743849
77398,SPEAKER_00,14,
77398,SPEAKER_01,14,
77398,SPEAKER_00,15,
77398,SPEAKER_01,15,1.250156166730539
77399,SPEAKER_00,-15,0.260091717498047
77399,SPEAKER_01,-15,0.011399940470755808
77399,SPEAKER_00,-14,
77399,SPEAKER_01,-14,
77399,SPEAKER_00,-13,0.33085727648636454
77399,SPEAKER_01,-13,1.2273526828612624
77399,SPEAKER_00,-12,
77399,SPEAKER_01,-12,
77399,SPEAKER_00,-11,0.7198407231182347
77399,SPEAKER_01,-11,4.012236240736799
77399,SPEAKER_00,-10,
77399,SPEAKER_01,-10,
77399,SPEAKER_00,-9,0.003248045187720305
77399,SPEAKER_01,-9,0.1428334165469464
77399,SPEAKER_00,-8,
77399,SPEAKER_01,-8,
77399,SPEAKER_00,-7,2.4108046768358062
77399,SPEAKER_01,-7,3.3165095349967855
77399,SPEAKER_00,-6,
77399,SPEAKER_01,-6,
77399,SPEAKER_00,-5,0.7333232004705268
77399,SPEAKER_01,-5,0.49313417415008076
77399,SPEAKER_00,-4,
77399,SPEAKER_01,-4,
77399,SPEAKER_00,-3,0.03466357661233753
77399,SPEAKER_01,-3,0.1791823075800092
77399,SPEAKER_00,-2,
77399,SPEAKER_01,-2,
77399,SPEAKER_00,-1,0.3695346012080926
77399,SPEAKER_01,-1,0.23895546325675443
77399,SPEAKER_00,0,
77399,SPEAKER_01,0,
77399,SPEAKER_00,1,0.4006731374627243
77399,SPEAKER_01,1,3.5879475385154744e-05
77399,SPEAKER_00,2,
77399,SPEAKER_01,2,
77399,SPEAKER_00,3,0.43213486423197645
77399,SPEAKER_01,3,0.2251652450350468
77399,SPEAKER_00,4,
77399,SPEAKER_01,4,
77399,SPEAKER_00,5,0.2428822010514482
77399,SPEAKER_01,5,0.3006204257706214
77399,SPEAKER_00,6,
77399,SPEAKER_01,6,
77399,SPEAKER_00,7,0.11817560217981096
77399,SPEAKER_01,7,0.13196997041705408
77399,SPEAKER_00,8,
77399,SPEAKER_01,8,
77399,SPEAKER_00,9,0.0131208445246211
77399,SPEAKER_01,9,0.5379181689652865
77399,SPEAKER_00,10,
77399,SPEAKER_01,10,
77399,SPEAKER_00,11,4.057566802940208
77399,SPEAKER_01,11,12.35459178216902
77399,SPEAKER_00,12,
77399,SPEAKER_01,12,
77399,SPEAKER_00,13,2.504492907041896
77399,SPEAKER_01,13,3.5546892345340444
77399,SPEAKER_00,14,
77399,SPEAKER_01,14,
77399,SPEAKER_00,15,0.7375836400544222
77399,SPEAKER_01,15,0.007878243220399907
77425,SPEAKER_00,-15,
77425,SPEAKER_01,-15,
77425,SPEAKER_00,-14,
77425,SPEAKER_01,-14,
77425,SPEAKER_00,-13,
77425,SPEAKER_01,-13,
77425,SPEAKER_00,-12,
77425,SPEAKER_01,-12,
77425,SPEAKER_00,-11,
77425,SPEAKER_01,-11,
77425,SPEAKER_00,-10,
77425,SPEAKER_01,-10,
77425,SPEAKER_00,-9,
77425,SPEAKER_01,-9,
77425,SPEAKER_00,-8,
77425,SPEAKER_01,-8,
77425,SPEAKER_00,-7,
77425,SPEAKER_01,-7,
77425,SPEAKER_00,-6,
77425,SPEAKER_01,-6,
77425,SPEAKER_00,-5,
77425,SPEAKER_01,-5,
77425,SPEAKER_00,-4,
77425,SPEAKER_01,-4,
77425,SPEAKER_00,-3,
77425,SPEAKER_01,-3,
77425,SPEAKER_00,-2,
77425,SPEAKER_01,-2,
77425,SPEAKER_00,-1,
77425,SPEAKER_01,-1,
77425,SPEAKER_00,0,
77425,SPEAKER_01,0,
77425,SPEAKER_00,1,
77425,SPEAKER_01,1,
77425,SPEAKER_00,2,
77425,SPEAKER_01,2,
77425,SPEAKER_00,3,
77425,SPEAKER_01,3,
77425,SPEAKER_00,4,
77425,SPEAKER_01,4,
77425,SPEAKER_00,5,
77425,SPEAKER_01,5,
77425,SPEAKER_00,6,
77425,SPEAKER_01,6,
77425,SPEAKER_00,7,
77425,SPEAKER_01,7,
77425,SPEAKER_00,8,
77425,SPEAKER_01,8,
77425,SPEAKER_00,9,
77425,SPEAKER_01,9,
77425,SPEAKER_00,10,
77425,SPEAKER_01,10,
77425,SPEAKER_00,11,
77425,SPEAKER_01,11,
77425,SPEAKER_00,12,
77425,SPEAKER_01,12,
77425,SPEAKER_00,13,
77425,SPEAKER_01,13,
77425,SPEAKER_00,14,
77425,SPEAKER_01,14,
77425,SPEAKER_00,15,
77425,SPEAKER_01,15,
77710,SPEAKER_01,-15,
77710,SPEAKER_02,-15,
77710,SPEAKER_01,-14,
77710,SPEAKER_02,-14,
77710,SPEAKER_01,-13,
77710,SPEAKER_02,-13,
77710,SPEAKER_01,-12,
77710,SPEAKER_02,-12,
77710,SPEAKER_01,-11,
77710,SPEAKER_02,-11,
77710,SPEAKER_01,-10,
77710,SPEAKER_02,-10,
77710,SPEAKER_01,-9,
77710,SPEAKER_02,-9,
77710,SPEAKER_01,-8,
77710,SPEAKER_02,-8,
77710,SPEAKER_01,-7,
77710,SPEAKER_02,-7,
77710,SPEAKER_01,-6,
77710,SPEAKER_02,-6,
77710,SPEAKER_01,-5,
77710,SPEAKER_02,-5,
77710,SPEAKER_01,-4,
77710,SPEAKER_02,-4,
77710,SPEAKER_01,-3,
77710,SPEAKER_02,-3,
77710,SPEAKER_01,-2,
77710,SPEAKER_02,-2,
77710,SPEAKER_01,-1,
77710,SPEAKER_02,-1,
77710,SPEAKER_01,0,
77710,SPEAKER_02,0,
77710,SPEAKER_01,1,
77710,SPEAKER_02,1,
77710,SPEAKER_01,2,
77710,SPEAKER_02,2,
77710,SPEAKER_01,3,
77710,SPEAKER_02,3,
77710,SPEAKER_01,4,
77710,SPEAKER_02,4,
77710,SPEAKER_01,5,
77710,SPEAKER_02,5,
77710,SPEAKER_01,6,
77710,SPEAKER_02,6,
77710,SPEAKER_01,7,
77710,SPEAKER_02,7,
77710,SPEAKER_01,8,
77710,SPEAKER_02,8,
77710,SPEAKER_01,9,
77710,SPEAKER_02,9,
77710,SPEAKER_01,10,
77710,SPEAKER_02,10,
77710,SPEAKER_01,11,
77710,SPEAKER_02,11,
77710,SPEAKER_01,12,
77710,SPEAKER_02,12,
77710,SPEAKER_01,13,
77710,SPEAKER_02,13,
77710,SPEAKER_01,14,
77710,SPEAKER_02,14,
77710,SPEAKER_01,15,
77710,SPEAKER_02,15,
77711,SPEAKER_00,-15,
77711,SPEAKER_01,-15,
77711,SPEAKER_00,-14,
77711,SPEAKER_01,-14,
77711,SPEAKER_00,-13,
77711,SPEAKER_01,-13,
77711,SPEAKER_00,-12,
77711,SPEAKER_01,-12,
77711,SPEAKER_00,-11,
77711,SPEAKER_01,-11,
77711,SPEAKER_00,-10,
77711,SPEAKER_01,-10,
77711,SPEAKER_00,-9,
77711,SPEAKER_01,-9,
77711,SPEAKER_00,-8,
77711,SPEAKER_01,-8,
77711,SPEAKER_00,-7,
77711,SPEAKER_01,-7,
77711,SPEAKER_00,-6,
77711,SPEAKER_01,-6,
77711,SPEAKER_00,-5,
77711,SPEAKER_01,-5,
77711,SPEAKER_00,-4,
77711,SPEAKER_01,-4,
77711,SPEAKER_00,-3,
77711,SPEAKER_01,-3,
77711,SPEAKER_00,-2,
77711,SPEAKER_01,-2,
77711,SPEAKER_00,-1,
77711,SPEAKER_01,-1,
77711,SPEAKER_00,0,
77711,SPEAKER_01,0,
77711,SPEAKER_00,1,
77711,SPEAKER_01,1,
77711,SPEAKER_00,2,
77711,SPEAKER_01,2,
77711,SPEAKER_00,3,
77711,SPEAKER_01,3,
77711,SPEAKER_00,4,
77711,SPEAKER_01,4,
77711,SPEAKER_00,5,
77711,SPEAKER_01,5,
77711,SPEAKER_00,6,
77711,SPEAKER_01,6,
77711,SPEAKER_00,7,
77711,SPEAKER_01,7,
77711,SPEAKER_00,8,
77711,SPEAKER_01,8,
77711,SPEAKER_00,9,
77711,SPEAKER_01,9,
77711,SPEAKER_00,10,
77711,SPEAKER_01,10,
77711,SPEAKER_00,11,
77711,SPEAKER_01,11,
77711,SPEAKER_00,12,
77711,SPEAKER_01,12,
77711,SPEAKER_00,13,
77711,SPEAKER_01,13,
77711,SPEAKER_00,14,
77711,SPEAKER_01,14,
77711,SPEAKER_00,15,
77711,SPEAKER_01,15,
77753,SPEAKER_00,-15,
77753,SPEAKER_01,-15,
77753,SPEAKER_00,-14,
77753,SPEAKER_01,-14,
77753,SPEAKER_00,-13,
77753,SPEAKER_01,-13,
77753,SPEAKER_00,-12,
77753,SPEAKER_01,-12,
77753,SPEAKER_00,-11,
77753,SPEAKER_01,-11,
77753,SPEAKER_00,-10,
77753,SPEAKER_01,-10,
77753,SPEAKER_00,-9,
77753,SPEAKER_01,-9,
77753,SPEAKER_00,-8,
77753,SPEAKER_01,-8,
77753,SPEAKER_00,-7,
77753,SPEAKER_01,-7,
77753,SPEAKER_00,-6,
77753,SPEAKER_01,-6,
77753,SPEAKER_00,-5,
77753,SPEAKER_01,-5,
77753,SPEAKER_00,-4,
77753,SPEAKER_01,-4,
77753,SPEAKER_00,-3,
77753,SPEAKER_01,-3,
77753,SPEAKER_00,-2,
77753,SPEAKER_01,-2,
77753,SPEAKER_00,-1,
77753,SPEAKER_01,-1,
77753,SPEAKER_00,0,
77753,SPEAKER_01,0,
77753,SPEAKER_00,1,
77753,SPEAKER_01,1,
77753,SPEAKER_00,2,
77753,SPEAKER_01,2,
77753,SPEAKER_00,3,
77753,SPEAKER_01,3,
77753,SPEAKER_00,4,
77753,SPEAKER_01,4,
77753,SPEAKER_00,5,
77753,SPEAKER_01,5,
77753,SPEAKER_00,6,
77753,SPEAKER_01,6,
77753,SPEAKER_00,7,
77753,SPEAKER_01,7,
77753,SPEAKER_00,8,
77753,SPEAKER_01,8,
77753,SPEAKER_00,9,
77753,SPEAKER_01,9,
77753,SPEAKER_00,10,
77753,SPEAKER_01,10,
77753,SPEAKER_00,11,
77753,SPEAKER_01,11,
77753,SPEAKER_00,12,
77753,SPEAKER_01,12,
77753,SPEAKER_00,13,
77753,SPEAKER_01,13,
77753,SPEAKER_00,14,
77753,SPEAKER_01,14,
77753,SPEAKER_00,15,
77753,SPEAKER_01,15,
77837,SPEAKER_00,-15,
77837,SPEAKER_02,-15,
77837,SPEAKER_00,-14,
77837,SPEAKER_02,-14,
77837,SPEAKER_00,-13,
77837,SPEAKER_02,-13,
77837,SPEAKER_00,-12,
77837,SPEAKER_02,-12,
77837,SPEAKER_00,-11,
77837,SPEAKER_02,-11,
77837,SPEAKER_00,-10,
77837,SPEAKER_02,-10,
77837,SPEAKER_00,-9,
77837,SPEAKER_02,-9,
77837,SPEAKER_00,-8,
77837,SPEAKER_02,-8,
77837,SPEAKER_00,-7,
77837,SPEAKER_02,-7,
77837,SPEAKER_00,-6,
77837,SPEAKER_02,-6,
77837,SPEAKER_00,-5,
77837,SPEAKER_02,-5,
77837,SPEAKER_00,-4,
77837,SPEAKER_02,-4,
77837,SPEAKER_00,-3,
77837,SPEAKER_02,-3,
77837,SPEAKER_00,-2,
77837,SPEAKER_02,-2,
77837,SPEAKER_00,-1,
77837,SPEAKER_02,-1,
77837,SPEAKER_00,0,
77837,SPEAKER_02,0,
77837,SPEAKER_00,1,
77837,SPEAKER_02,1,
77837,SPEAKER_00,2,
77837,SPEAKER_02,2,
77837,SPEAKER_00,3,
77837,SPEAKER_02,3,
77837,SPEAKER_00,4,
77837,SPEAKER_02,4,
77837,SPEAKER_00,5,
77837,SPEAKER_02,5,
77837,SPEAKER_00,6,
77837,SPEAKER_02,6,
77837,SPEAKER_00,7,
77837,SPEAKER_02,7,
77837,SPEAKER_00,8,
77837,SPEAKER_02,8,
77837,SPEAKER_00,9,
77837,SPEAKER_02,9,
77837,SPEAKER_00,10,
77837,SPEAKER_02,10,
77837,SPEAKER_00,11,
77837,SPEAKER_02,11,
77837,SPEAKER_00,12,
77837,SPEAKER_02,12,
77837,SPEAKER_00,13,
77837,SPEAKER_02,13,
77837,SPEAKER_00,14,
77837,SPEAKER_02,14,
77837,SPEAKER_00,15,
77837,SPEAKER_02,15,
77937,SPEAKER_00,-15,
77937,SPEAKER_01,-15,
77937,SPEAKER_00,-14,
77937,SPEAKER_01,-14,
77937,SPEAKER_00,-13,
77937,SPEAKER_01,-13,
77937,SPEAKER_00,-12,
77937,SPEAKER_01,-12,
77937,SPEAKER_00,-11,
77937,SPEAKER_01,-11,
77937,SPEAKER_00,-10,
77937,SPEAKER_01,-10,
77937,SPEAKER_00,-9,
77937,SPEAKER_01,-9,
77937,SPEAKER_00,-8,
77937,SPEAKER_01,-8,
77937,SPEAKER_00,-7,
77937,SPEAKER_01,-7,
77937,SPEAKER_00,-6,
77937,SPEAKER_01,-6,
77937,SPEAKER_00,-5,
77937,SPEAKER_01,-5,
77937,SPEAKER_00,-4,
77937,SPEAKER_01,-4,
77937,SPEAKER_00,-3,
77937,SPEAKER_01,-3,
77937,SPEAKER_00,-2,
77937,SPEAKER_01,-2,
77937,SPEAKER_00,-1,
77937,SPEAKER_01,-1,
77937,SPEAKER_00,0,
77937,SPEAKER_01,0,
77937,SPEAKER_00,1,
77937,SPEAKER_01,1,
77937,SPEAKER_00,2,
77937,SPEAKER_01,2,
77937,SPEAKER_00,3,
77937,SPEAKER_01,3,
77937,SPEAKER_00,4,
77937,SPEAKER_01,4,
77937,SPEAKER_00,5,
77937,SPEAKER_01,5,
77937,SPEAKER_00,6,
77937,SPEAKER_01,6,
77937,SPEAKER_00,7,
77937,SPEAKER_01,7,
77937,SPEAKER_00,8,
77937,SPEAKER_01,8,
77937,SPEAKER_00,9,
77937,SPEAKER_01,9,
77937,SPEAKER_00,10,
77937,SPEAKER_01,10,
77937,SPEAKER_00,11,
77937,SPEAKER_01,11,
77937,SPEAKER_00,12,
77937,SPEAKER_01,12,
77937,SPEAKER_00,13,
77937,SPEAKER_01,13,
77937,SPEAKER_00,14,
77937,SPEAKER_01,14,
77937,SPEAKER_00,15,
77937,SPEAKER_01,15,
78000,SPEAKER_00,-15,
78000,SPEAKER_01,-15,
78000,SPEAKER_00,-14,
78000,SPEAKER_01,-14,
78000,SPEAKER_00,-13,
78000,SPEAKER_01,-13,
78000,SPEAKER_00,-12,
78000,SPEAKER_01,-12,
78000,SPEAKER_00,-11,
78000,SPEAKER_01,-11,
78000,SPEAKER_00,-10,
78000,SPEAKER_01,-10,
78000,SPEAKER_00,-9,
78000,SPEAKER_01,-9,
78000,SPEAKER_00,-8,
78000,SPEAKER_01,-8,
78000,SPEAKER_00,-7,
78000,SPEAKER_01,-7,
78000,SPEAKER_00,-6,
78000,SPEAKER_01,-6,
78000,SPEAKER_00,-5,
78000,SPEAKER_01,-5,
78000,SPEAKER_00,-4,
78000,SPEAKER_01,-4,
78000,SPEAKER_00,-3,
78000,SPEAKER_01,-3,
78000,SPEAKER_00,-2,
78000,SPEAKER_01,-2,
78000,SPEAKER_00,-1,
78000,SPEAKER_01,-1,
78000,SPEAKER_00,0,
78000,SPEAKER_01,0,
78000,SPEAKER_00,1,
78000,SPEAKER_01,1,
78000,SPEAKER_00,2,
78000,SPEAKER_01,2,
78000,SPEAKER_00,3,
78000,SPEAKER_01,3,
78000,SPEAKER_00,4,
78000,SPEAKER_01,4,
78000,SPEAKER_00,5,
78000,SPEAKER_01,5,
78000,SPEAKER_00,6,
78000,SPEAKER_01,6,
78000,SPEAKER_00,7,
78000,SPEAKER_01,7,
78000,SPEAKER_00,8,
78000,SPEAKER_01,8,
78000,SPEAKER_00,9,
78000,SPEAKER_01,9,
78000,SPEAKER_00,10,
78000,SPEAKER_01,10,
78000,SPEAKER_00,11,
78000,SPEAKER_01,11,
78000,SPEAKER_00,12,
78000,SPEAKER_01,12,
78000,SPEAKER_00,13,
78000,SPEAKER_01,13,
78000,SPEAKER_00,14,
78000,SPEAKER_01,14,
78000,SPEAKER_00,15,
78000,SPEAKER_01,15,
78026,SPEAKER_00,-15,
78026,SPEAKER_01,-15,
78026,SPEAKER_00,-14,
78026,SPEAKER_01,-14,
78026,SPEAKER_00,-13,
78026,SPEAKER_01,-13,
78026,SPEAKER_00,-12,
78026,SPEAKER_01,-12,
78026,SPEAKER_00,-11,
78026,SPEAKER_01,-11,
78026,SPEAKER_00,-10,
78026,SPEAKER_01,-10,
78026,SPEAKER_00,-9,
78026,SPEAKER_01,-9,
78026,SPEAKER_00,-8,
78026,SPEAKER_01,-8,
78026,SPEAKER_00,-7,
78026,SPEAKER_01,-7,
78026,SPEAKER_00,-6,
78026,SPEAKER_01,-6,
78026,SPEAKER_00,-5,
78026,SPEAKER_01,-5,
78026,SPEAKER_00,-4,
78026,SPEAKER_01,-4,
78026,SPEAKER_00,-3,
78026,SPEAKER_01,-3,
78026,SPEAKER_00,-2,
78026,SPEAKER_01,-2,
78026,SPEAKER_00,-1,
78026,SPEAKER_01,-1,
78026,SPEAKER_00,0,
78026,SPEAKER_01,0,
78026,SPEAKER_00,1,
78026,SPEAKER_01,1,
78026,SPEAKER_00,2,
78026,SPEAKER_01,2,
78026,SPEAKER_00,3,
78026,SPEAKER_01,3,
78026,SPEAKER_00,4,
78026,SPEAKER_01,4,
78026,SPEAKER_00,5,
78026,SPEAKER_01,5,
78026,SPEAKER_00,6,
78026,SPEAKER_01,6,
78026,SPEAKER_00,7,
78026,SPEAKER_01,7,
78026,SPEAKER_00,8,
78026,SPEAKER_01,8,
78026,SPEAKER_00,9,
78026,SPEAKER_01,9,
78026,SPEAKER_00,10,
78026,SPEAKER_01,10,
78026,SPEAKER_00,11,
78026,SPEAKER_01,11,
78026,SPEAKER_00,12,
78026,SPEAKER_01,12,
78026,SPEAKER_00,13,
78026,SPEAKER_01,13,
78026,SPEAKER_00,14,
78026,SPEAKER_01,14,
78026,SPEAKER_00,15,
78026,SPEAKER_01,15,
78079,SPEAKER_00,-15,
78079,SPEAKER_01,-15,
78079,SPEAKER_00,-14,
78079,SPEAKER_01,-14,
78079,SPEAKER_00,-13,
78079,SPEAKER_01,-13,
78079,SPEAKER_00,-12,
78079,SPEAKER_01,-12,
78079,SPEAKER_00,-11,
78079,SPEAKER_01,-11,
78079,SPEAKER_00,-10,
78079,SPEAKER_01,-10,
78079,SPEAKER_00,-9,
78079,SPEAKER_01,-9,
78079,SPEAKER_00,-8,
78079,SPEAKER_01,-8,
78079,SPEAKER_00,-7,
78079,SPEAKER_01,-7,
78079,SPEAKER_00,-6,
78079,SPEAKER_01,-6,
78079,SPEAKER_00,-5,
78079,SPEAKER_01,-5,
78079,SPEAKER_00,-4,
78079,SPEAKER_01,-4,
78079,SPEAKER_00,-3,
78079,SPEAKER_01,-3,
78079,SPEAKER_00,-2,
78079,SPEAKER_01,-2,
78079,SPEAKER_00,-1,
78079,SPEAKER_01,-1,
78079,SPEAKER_00,0,
78079,SPEAKER_01,0,
78079,SPEAKER_00,1,
78079,SPEAKER_01,1,
78079,SPEAKER_00,2,
78079,SPEAKER_01,2,
78079,SPEAKER_00,3,
78079,SPEAKER_01,3,
78079,SPEAKER_00,4,
78079,SPEAKER_01,4,
78079,SPEAKER_00,5,
78079,SPEAKER_01,5,
78079,SPEAKER_00,6,
78079,SPEAKER_01,6,
78079,SPEAKER_00,7,
78079,SPEAKER_01,7,
78079,SPEAKER_00,8,
78079,SPEAKER_01,8,
78079,SPEAKER_00,9,
78079,SPEAKER_01,9,
78079,SPEAKER_00,10,
78079,SPEAKER_01,10,
78079,SPEAKER_00,11,
78079,SPEAKER_01,11,
78079,SPEAKER_00,12,
78079,SPEAKER_01,12,
78079,SPEAKER_00,13,
78079,SPEAKER_01,13,
78079,SPEAKER_00,14,
78079,SPEAKER_01,14,
78079,SPEAKER_00,15,
78079,SPEAKER_01,15,
78108,SPEAKER_00,-15,
78108,SPEAKER_01,-15,
78108,SPEAKER_00,-14,
78108,SPEAKER_01,-14,
78108,SPEAKER_00,-13,
78108,SPEAKER_01,-13,
78108,SPEAKER_00,-12,
78108,SPEAKER_01,-12,
78108,SPEAKER_00,-11,
78108,SPEAKER_01,-11,
78108,SPEAKER_00,-10,
78108,SPEAKER_01,-10,
78108,SPEAKER_00,-9,
78108,SPEAKER_01,-9,
78108,SPEAKER_00,-8,
78108,SPEAKER_01,-8,
78108,SPEAKER_00,-7,
78108,SPEAKER_01,-7,
78108,SPEAKER_00,-6,
78108,SPEAKER_01,-6,
78108,SPEAKER_00,-5,
78108,SPEAKER_01,-5,
78108,SPEAKER_00,-4,
78108,SPEAKER_01,-4,
78108,SPEAKER_00,-3,
78108,SPEAKER_01,-3,
78108,SPEAKER_00,-2,
78108,SPEAKER_01,-2,
78108,SPEAKER_00,-1,2.0687694955317264
78108,SPEAKER_01,-1,0.4954623647950575
78108,SPEAKER_00,0,
78108,SPEAKER_01,0,
78108,SPEAKER_00,1,0.0018349363910358514
78108,SPEAKER_01,1,0.7682526667289785
78108,SPEAKER_00,2,
78108,SPEAKER_01,2,
78108,SPEAKER_00,3,
78108,SPEAKER_01,3,
78108,SPEAKER_00,4,
78108,SPEAKER_01,4,
78108,SPEAKER_00,5,
78108,SPEAKER_01,5,
78108,SPEAKER_00,6,
78108,SPEAKER_01,6,
78108,SPEAKER_00,7,
78108,SPEAKER_01,7,
78108,SPEAKER_00,8,
78108,SPEAKER_01,8,
78108,SPEAKER_00,9,
78108,SPEAKER_01,9,
78108,SPEAKER_00,10,
78108,SPEAKER_01,10,
78108,SPEAKER_00,11,
78108,SPEAKER_01,11,
78108,SPEAKER_00,12,
78108,SPEAKER_01,12,
78108,SPEAKER_00,13,
78108,SPEAKER_01,13,
78108,SPEAKER_00,14,
78108,SPEAKER_01,14,
78108,SPEAKER_00,15,
78108,SPEAKER_01,15,
78466,SPEAKER_00,-15,
78466,SPEAKER_01,-15,
78466,SPEAKER_00,-14,
78466,SPEAKER_01,-14,
78466,SPEAKER_00,-13,
78466,SPEAKER_01,-13,
78466,SPEAKER_00,-12,
78466,SPEAKER_01,-12,
78466,SPEAKER_00,-11,
78466,SPEAKER_01,-11,
78466,SPEAKER_00,-10,
78466,SPEAKER_01,-10,
78466,SPEAKER_00,-9,
78466,SPEAKER_01,-9,
78466,SPEAKER_00,-8,
78466,SPEAKER_01,-8,
78466,SPEAKER_00,-7,
78466,SPEAKER_01,-7,
78466,SPEAKER_00,-6,
78466,SPEAKER_01,-6,
78466,SPEAKER_00,-5,
78466,SPEAKER_01,-5,
78466,SPEAKER_00,-4,
78466,SPEAKER_01,-4,
78466,SPEAKER_00,-3,
78466,SPEAKER_01,-3,
78466,SPEAKER_00,-2,
78466,SPEAKER_01,-2,
78466,SPEAKER_00,-1,
78466,SPEAKER_01,-1,
78466,SPEAKER_00,0,
78466,SPEAKER_01,0,
78466,SPEAKER_00,1,
78466,SPEAKER_01,1,
78466,SPEAKER_00,2,
78466,SPEAKER_01,2,
78466,SPEAKER_00,3,
78466,SPEAKER_01,3,
78466,SPEAKER_00,4,
78466,SPEAKER_01,4,
78466,SPEAKER_00,5,
78466,SPEAKER_01,5,
78466,SPEAKER_00,6,
78466,SPEAKER_01,6,
78466,SPEAKER_00,7,
78466,SPEAKER_01,7,
78466,SPEAKER_00,8,
78466,SPEAKER_01,8,
78466,SPEAKER_00,9,
78466,SPEAKER_01,9,
78466,SPEAKER_00,10,
78466,SPEAKER_01,10,
78466,SPEAKER_00,11,
78466,SPEAKER_01,11,
78466,SPEAKER_00,12,
78466,SPEAKER_01,12,
78466,SPEAKER_00,13,
78466,SPEAKER_01,13,
78466,SPEAKER_00,14,
78466,SPEAKER_01,14,
78466,SPEAKER_00,15,
78466,SPEAKER_01,15,
79350,SPEAKER_00,-15,
79350,SPEAKER_01,-15,
79350,SPEAKER_00,-14,
79350,SPEAKER_01,-14,
79350,SPEAKER_00,-13,
79350,SPEAKER_01,-13,
79350,SPEAKER_00,-12,
79350,SPEAKER_01,-12,
79350,SPEAKER_00,-11,
79350,SPEAKER_01,-11,
79350,SPEAKER_00,-10,
79350,SPEAKER_01,-10,
79350,SPEAKER_00,-9,
79350,SPEAKER_01,-9,
79350,SPEAKER_00,-8,
79350,SPEAKER_01,-8,
79350,SPEAKER_00,-7,
79350,SPEAKER_01,-7,
79350,SPEAKER_00,-6,
79350,SPEAKER_01,-6,
79350,SPEAKER_00,-5,
79350,SPEAKER_01,-5,
79350,SPEAKER_00,-4,
79350,SPEAKER_01,-4,
79350,SPEAKER_00,-3,
79350,SPEAKER_01,-3,
79350,SPEAKER_00,-2,
79350,SPEAKER_01,-2,
79350,SPEAKER_00,-1,
79350,SPEAKER_01,-1,
79350,SPEAKER_00,0,
79350,SPEAKER_01,0,
79350,SPEAKER_00,1,
79350,SPEAKER_01,1,
79350,SPEAKER_00,2,
79350,SPEAKER_01,2,
79350,SPEAKER_00,3,
79350,SPEAKER_01,3,
79350,SPEAKER_00,4,
79350,SPEAKER_01,4,
79350,SPEAKER_00,5,
79350,SPEAKER_01,5,
79350,SPEAKER_00,6,
79350,SPEAKER_01,6,
79350,SPEAKER_00,7,
79350,SPEAKER_01,7,
79350,SPEAKER_00,8,
79350,SPEAKER_01,8,
79350,SPEAKER_00,9,
79350,SPEAKER_01,9,
79350,SPEAKER_00,10,
79350,SPEAKER_01,10,
79350,SPEAKER_00,11,
79350,SPEAKER_01,11,
79350,SPEAKER_00,12,
79350,SPEAKER_01,12,
79350,SPEAKER_00,13,
79350,SPEAKER_01,13,
79350,SPEAKER_00,14,
79350,SPEAKER_01,14,
79350,SPEAKER_00,15,
79350,SPEAKER_01,15,
80072,SPEAKER_00,-15,
80072,SPEAKER_01,-15,
80072,SPEAKER_00,-14,
80072,SPEAKER_01,-14,
80072,SPEAKER_00,-13,
80072,SPEAKER_01,-13,
80072,SPEAKER_00,-12,
80072,SPEAKER_01,-12,
80072,SPEAKER_00,-11,
80072,SPEAKER_01,-11,
80072,SPEAKER_00,-10,
80072,SPEAKER_01,-10,
80072,SPEAKER_00,-9,
80072,SPEAKER_01,-9,
80072,SPEAKER_00,-8,
80072,SPEAKER_01,-8,
80072,SPEAKER_00,-7,
80072,SPEAKER_01,-7,
80072,SPEAKER_00,-6,
80072,SPEAKER_01,-6,
80072,SPEAKER_00,-5,
80072,SPEAKER_01,-5,
80072,SPEAKER_00,-4,
80072,SPEAKER_01,-4,
80072,SPEAKER_00,-3,
80072,SPEAKER_01,-3,
80072,SPEAKER_00,-2,
80072,SPEAKER_01,-2,
80072,SPEAKER_00,-1,
80072,SPEAKER_01,-1,
80072,SPEAKER_00,0,
80072,SPEAKER_01,0,
80072,SPEAKER_00,1,
80072,SPEAKER_01,1,
80072,SPEAKER_00,2,
80072,SPEAKER_01,2,
80072,SPEAKER_00,3,
80072,SPEAKER_01,3,
80072,SPEAKER_00,4,
80072,SPEAKER_01,4,
80072,SPEAKER_00,5,
80072,SPEAKER_01,5,
80072,SPEAKER_00,6,
80072,SPEAKER_01,6,
80072,SPEAKER_00,7,
80072,SPEAKER_01,7,
80072,SPEAKER_00,8,
80072,SPEAKER_01,8,
80072,SPEAKER_00,9,
80072,SPEAKER_01,9,
80072,SPEAKER_00,10,
80072,SPEAKER_01,10,
80072,SPEAKER_00,11,
80072,SPEAKER_01,11,
80072,SPEAKER_00,12,
80072,SPEAKER_01,12,
80072,SPEAKER_00,13,
80072,SPEAKER_01,13,
80072,SPEAKER_00,14,
80072,SPEAKER_01,14,
80072,SPEAKER_00,15,
80072,SPEAKER_01,15,
80100,SPEAKER_00,-15,
80100,SPEAKER_01,-15,
80100,SPEAKER_00,-14,
80100,SPEAKER_01,-14,
80100,SPEAKER_00,-13,
80100,SPEAKER_01,-13,
80100,SPEAKER_00,-12,
80100,SPEAKER_01,-12,
80100,SPEAKER_00,-11,
80100,SPEAKER_01,-11,
80100,SPEAKER_00,-10,
80100,SPEAKER_01,-10,
80100,SPEAKER_00,-9,
80100,SPEAKER_01,-9,
80100,SPEAKER_00,-8,
80100,SPEAKER_01,-8,
80100,SPEAKER_00,-7,
80100,SPEAKER_01,-7,
80100,SPEAKER_00,-6,
80100,SPEAKER_01,-6,
80100,SPEAKER_00,-5,
80100,SPEAKER_01,-5,
80100,SPEAKER_00,-4,
80100,SPEAKER_01,-4,
80100,SPEAKER_00,-3,
80100,SPEAKER_01,-3,
80100,SPEAKER_00,-2,
80100,SPEAKER_01,-2,
80100,SPEAKER_00,-1,
80100,SPEAKER_01,-1,
80100,SPEAKER_00,0,
80100,SPEAKER_01,0,
80100,SPEAKER_00,1,
80100,SPEAKER_01,1,
80100,SPEAKER_00,2,
80100,SPEAKER_01,2,
80100,SPEAKER_00,3,
80100,SPEAKER_01,3,
80100,SPEAKER_00,4,
80100,SPEAKER_01,4,
80100,SPEAKER_00,5,
80100,SPEAKER_01,5,
80100,SPEAKER_00,6,
80100,SPEAKER_01,6,
80100,SPEAKER_00,7,
80100,SPEAKER_01,7,
80100,SPEAKER_00,8,
80100,SPEAKER_01,8,
80100,SPEAKER_00,9,
80100,SPEAKER_01,9,
80100,SPEAKER_00,10,
80100,SPEAKER_01,10,
80100,SPEAKER_00,11,
80100,SPEAKER_01,11,
80100,SPEAKER_00,12,
80100,SPEAKER_01,12,
80100,SPEAKER_00,13,
80100,SPEAKER_01,13,
80100,SPEAKER_00,14,
80100,SPEAKER_01,14,
80100,SPEAKER_00,15,
80100,SPEAKER_01,15,
80106,SPEAKER_00,-15,
80106,SPEAKER_01,-15,
80106,SPEAKER_00,-14,
80106,SPEAKER_01,-14,
80106,SPEAKER_00,-13,
80106,SPEAKER_01,-13,
80106,SPEAKER_00,-12,
80106,SPEAKER_01,-12,
80106,SPEAKER_00,-11,
80106,SPEAKER_01,-11,
80106,SPEAKER_00,-10,
80106,SPEAKER_01,-10,
80106,SPEAKER_00,-9,
80106,SPEAKER_01,-9,
80106,SPEAKER_00,-8,
80106,SPEAKER_01,-8,
80106,SPEAKER_00,-7,
80106,SPEAKER_01,-7,
80106,SPEAKER_00,-6,
80106,SPEAKER_01,-6,
80106,SPEAKER_00,-5,
80106,SPEAKER_01,-5,
80106,SPEAKER_00,-4,
80106,SPEAKER_01,-4,
80106,SPEAKER_00,-3,
80106,SPEAKER_01,-3,
80106,SPEAKER_00,-2,
80106,SPEAKER_01,-2,
80106,SPEAKER_00,-1,
80106,SPEAKER_01,-1,
80106,SPEAKER_00,0,
80106,SPEAKER_01,0,
80106,SPEAKER_00,1,
80106,SPEAKER_01,1,
80106,SPEAKER_00,2,
80106,SPEAKER_01,2,
80106,SPEAKER_00,3,
80106,SPEAKER_01,3,
80106,SPEAKER_00,4,
80106,SPEAKER_01,4,
80106,SPEAKER_00,5,
80106,SPEAKER_01,5,
80106,SPEAKER_00,6,
80106,SPEAKER_01,6,
80106,SPEAKER_00,7,
80106,SPEAKER_01,7,
80106,SPEAKER_00,8,
80106,SPEAKER_01,8,
80106,SPEAKER_00,9,
80106,SPEAKER_01,9,
80106,SPEAKER_00,10,
80106,SPEAKER_01,10,
80106,SPEAKER_00,11,
80106,SPEAKER_01,11,
80106,SPEAKER_00,12,
80106,SPEAKER_01,12,
80106,SPEAKER_00,13,
80106,SPEAKER_01,13,
80106,SPEAKER_00,14,
80106,SPEAKER_01,14,
80106,SPEAKER_00,15,
80106,SPEAKER_01,15,
80191,SPEAKER_00,-15,
80191,SPEAKER_01,-15,
80191,SPEAKER_00,-14,
80191,SPEAKER_01,-14,
80191,SPEAKER_00,-13,
80191,SPEAKER_01,-13,
80191,SPEAKER_00,-12,
80191,SPEAKER_01,-12,
80191,SPEAKER_00,-11,
80191,SPEAKER_01,-11,
80191,SPEAKER_00,-10,
80191,SPEAKER_01,-10,
80191,SPEAKER_00,-9,
80191,SPEAKER_01,-9,
80191,SPEAKER_00,-8,
80191,SPEAKER_01,-8,
80191,SPEAKER_00,-7,
80191,SPEAKER_01,-7,
80191,SPEAKER_00,-6,
80191,SPEAKER_01,-6,
80191,SPEAKER_00,-5,
80191,SPEAKER_01,-5,
80191,SPEAKER_00,-4,
80191,SPEAKER_01,-4,
80191,SPEAKER_00,-3,
80191,SPEAKER_01,-3,
80191,SPEAKER_00,-2,
80191,SPEAKER_01,-2,
80191,SPEAKER_00,-1,
80191,SPEAKER_01,-1,
80191,SPEAKER_00,0,
80191,SPEAKER_01,0,
80191,SPEAKER_00,1,
80191,SPEAKER_01,1,
80191,SPEAKER_00,2,
80191,SPEAKER_01,2,
80191,SPEAKER_00,3,
80191,SPEAKER_01,3,
80191,SPEAKER_00,4,
80191,SPEAKER_01,4,
80191,SPEAKER_00,5,
80191,SPEAKER_01,5,
80191,SPEAKER_00,6,
80191,SPEAKER_01,6,
80191,SPEAKER_00,7,
80191,SPEAKER_01,7,
80191,SPEAKER_00,8,
80191,SPEAKER_01,8,
80191,SPEAKER_00,9,
80191,SPEAKER_01,9,
80191,SPEAKER_00,10,
80191,SPEAKER_01,10,
80191,SPEAKER_00,11,
80191,SPEAKER_01,11,
80191,SPEAKER_00,12,
80191,SPEAKER_01,12,
80191,SPEAKER_00,13,
80191,SPEAKER_01,13,
80191,SPEAKER_00,14,
80191,SPEAKER_01,14,
80191,SPEAKER_00,15,
80191,SPEAKER_01,15,
80194,SPEAKER_00,-15,
80194,SPEAKER_01,-15,
80194,SPEAKER_00,-14,
80194,SPEAKER_01,-14,
80194,SPEAKER_00,-13,
80194,SPEAKER_01,-13,
80194,SPEAKER_00,-12,
80194,SPEAKER_01,-12,
80194,SPEAKER_00,-11,
80194,SPEAKER_01,-11,
80194,SPEAKER_00,-10,
80194,SPEAKER_01,-10,
80194,SPEAKER_00,-9,
80194,SPEAKER_01,-9,
80194,SPEAKER_00,-8,
80194,SPEAKER_01,-8,
80194,SPEAKER_00,-7,
80194,SPEAKER_01,-7,
80194,SPEAKER_00,-6,
80194,SPEAKER_01,-6,
80194,SPEAKER_00,-5,
80194,SPEAKER_01,-5,
80194,SPEAKER_00,-4,
80194,SPEAKER_01,-4,
80194,SPEAKER_00,-3,
80194,SPEAKER_01,-3,
80194,SPEAKER_00,-2,
80194,SPEAKER_01,-2,
80194,SPEAKER_00,-1,
80194,SPEAKER_01,-1,
80194,SPEAKER_00,0,
80194,SPEAKER_01,0,
80194,SPEAKER_00,1,
80194,SPEAKER_01,1,
80194,SPEAKER_00,2,
80194,SPEAKER_01,2,
80194,SPEAKER_00,3,
80194,SPEAKER_01,3,
80194,SPEAKER_00,4,
80194,SPEAKER_01,4,
80194,SPEAKER_00,5,
80194,SPEAKER_01,5,
80194,SPEAKER_00,6,
80194,SPEAKER_01,6,
80194,SPEAKER_00,7,
80194,SPEAKER_01,7,
80194,SPEAKER_00,8,
80194,SPEAKER_01,8,
80194,SPEAKER_00,9,
80194,SPEAKER_01,9,
80194,SPEAKER_00,10,
80194,SPEAKER_01,10,
80194,SPEAKER_00,11,
80194,SPEAKER_01,11,
80194,SPEAKER_00,12,
80194,SPEAKER_01,12,
80194,SPEAKER_00,13,
80194,SPEAKER_01,13,
80194,SPEAKER_00,14,
80194,SPEAKER_01,14,
80194,SPEAKER_00,15,
80194,SPEAKER_01,15,
80225,SPEAKER_00,-15,
80225,SPEAKER_01,-15,
80225,SPEAKER_00,-14,
80225,SPEAKER_01,-14,
80225,SPEAKER_00,-13,
80225,SPEAKER_01,-13,
80225,SPEAKER_00,-12,
80225,SPEAKER_01,-12,
80225,SPEAKER_00,-11,
80225,SPEAKER_01,-11,
80225,SPEAKER_00,-10,
80225,SPEAKER_01,-10,
80225,SPEAKER_00,-9,
80225,SPEAKER_01,-9,
80225,SPEAKER_00,-8,
80225,SPEAKER_01,-8,
80225,SPEAKER_00,-7,
80225,SPEAKER_01,-7,
80225,SPEAKER_00,-6,
80225,SPEAKER_01,-6,
80225,SPEAKER_00,-5,
80225,SPEAKER_01,-5,
80225,SPEAKER_00,-4,
80225,SPEAKER_01,-4,
80225,SPEAKER_00,-3,0.7877638505438765
80225,SPEAKER_01,-3,0.8801656490184677
80225,SPEAKER_00,-2,
80225,SPEAKER_01,-2,
80225,SPEAKER_00,-1,0.19627441474859691
80225,SPEAKER_01,-1,2.179309124847471
80225,SPEAKER_00,0,
80225,SPEAKER_01,0,
80225,SPEAKER_00,1,0.009951353397102031
80225,SPEAKER_01,1,1.3645995498771206
80225,SPEAKER_00,2,
80225,SPEAKER_01,2,
80225,SPEAKER_00,3,0.25147459235961683
80225,SPEAKER_01,3,0.08872438593679571
80225,SPEAKER_00,4,
80225,SPEAKER_01,4,
80225,SPEAKER_00,5,
80225,SPEAKER_01,5,
80225,SPEAKER_00,6,
80225,SPEAKER_01,6,
80225,SPEAKER_00,7,
80225,SPEAKER_01,7,
80225,SPEAKER_00,8,
80225,SPEAKER_01,8,
80225,SPEAKER_00,9,
80225,SPEAKER_01,9,
80225,SPEAKER_00,10,
80225,SPEAKER_01,10,
80225,SPEAKER_00,11,
80225,SPEAKER_01,11,
80225,SPEAKER_00,12,
80225,SPEAKER_01,12,
80225,SPEAKER_00,13,
80225,SPEAKER_01,13,
80225,SPEAKER_00,14,
80225,SPEAKER_01,14,
80225,SPEAKER_00,15,
80225,SPEAKER_01,15,
80245,SPEAKER_00,-15,
80245,SPEAKER_01,-15,
80245,SPEAKER_00,-14,
80245,SPEAKER_01,-14,
80245,SPEAKER_00,-13,
80245,SPEAKER_01,-13,
80245,SPEAKER_00,-12,
80245,SPEAKER_01,-12,
80245,SPEAKER_00,-11,
80245,SPEAKER_01,-11,
80245,SPEAKER_00,-10,
80245,SPEAKER_01,-10,
80245,SPEAKER_00,-9,
80245,SPEAKER_01,-9,
80245,SPEAKER_00,-8,
80245,SPEAKER_01,-8,
80245,SPEAKER_00,-7,
80245,SPEAKER_01,-7,
80245,SPEAKER_00,-6,
80245,SPEAKER_01,-6,
80245,SPEAKER_00,-5,
80245,SPEAKER_01,-5,
80245,SPEAKER_00,-4,
80245,SPEAKER_01,-4,
80245,SPEAKER_00,-3,
80245,SPEAKER_01,-3,
80245,SPEAKER_00,-2,
80245,SPEAKER_01,-2,
80245,SPEAKER_00,-1,
80245,SPEAKER_01,-1,
80245,SPEAKER_00,0,
80245,SPEAKER_01,0,
80245,SPEAKER_00,1,
80245,SPEAKER_01,1,
80245,SPEAKER_00,2,
80245,SPEAKER_01,2,
80245,SPEAKER_00,3,
80245,SPEAKER_01,3,
80245,SPEAKER_00,4,
80245,SPEAKER_01,4,
80245,SPEAKER_00,5,
80245,SPEAKER_01,5,
80245,SPEAKER_00,6,
80245,SPEAKER_01,6,
80245,SPEAKER_00,7,
80245,SPEAKER_01,7,
80245,SPEAKER_00,8,
80245,SPEAKER_01,8,
80245,SPEAKER_00,9,
80245,SPEAKER_01,9,
80245,SPEAKER_00,10,
80245,SPEAKER_01,10,
80245,SPEAKER_00,11,
80245,SPEAKER_01,11,
80245,SPEAKER_00,12,
80245,SPEAKER_01,12,
80245,SPEAKER_00,13,
80245,SPEAKER_01,13,
80245,SPEAKER_00,14,
80245,SPEAKER_01,14,
80245,SPEAKER_00,15,
80245,SPEAKER_01,15,
80444,SPEAKER_01,-15,
80444,SPEAKER_03,-15,
80444,SPEAKER_01,-14,
80444,SPEAKER_03,-14,
80444,SPEAKER_01,-13,
80444,SPEAKER_03,-13,
80444,SPEAKER_01,-12,
80444,SPEAKER_03,-12,
80444,SPEAKER_01,-11,
80444,SPEAKER_03,-11,
80444,SPEAKER_01,-10,
80444,SPEAKER_03,-10,
80444,SPEAKER_01,-9,
80444,SPEAKER_03,-9,
80444,SPEAKER_01,-8,
80444,SPEAKER_03,-8,
80444,SPEAKER_01,-7,
80444,SPEAKER_03,-7,
80444,SPEAKER_01,-6,
80444,SPEAKER_03,-6,
80444,SPEAKER_01,-5,
80444,SPEAKER_03,-5,
80444,SPEAKER_01,-4,
80444,SPEAKER_03,-4,
80444,SPEAKER_01,-3,
80444,SPEAKER_03,-3,
80444,SPEAKER_01,-2,
80444,SPEAKER_03,-2,
80444,SPEAKER_01,-1,
80444,SPEAKER_03,-1,
80444,SPEAKER_01,0,
80444,SPEAKER_03,0,
80444,SPEAKER_01,1,
80444,SPEAKER_03,1,
80444,SPEAKER_01,2,
80444,SPEAKER_03,2,
80444,SPEAKER_01,3,
80444,SPEAKER_03,3,
80444,SPEAKER_01,4,
80444,SPEAKER_03,4,
80444,SPEAKER_01,5,
80444,SPEAKER_03,5,
80444,SPEAKER_01,6,
80444,SPEAKER_03,6,
80444,SPEAKER_01,7,
80444,SPEAKER_03,7,
80444,SPEAKER_01,8,
80444,SPEAKER_03,8,
80444,SPEAKER_01,9,
80444,SPEAKER_03,9,
80444,SPEAKER_01,10,
80444,SPEAKER_03,10,
80444,SPEAKER_01,11,
80444,SPEAKER_03,11,
80444,SPEAKER_01,12,
80444,SPEAKER_03,12,
80444,SPEAKER_01,13,
80444,SPEAKER_03,13,
80444,SPEAKER_01,14,
80444,SPEAKER_03,14,
80444,SPEAKER_01,15,
80444,SPEAKER_03,15,
80466,SPEAKER_00,-15,
80466,SPEAKER_02,-15,
80466,SPEAKER_00,-14,
80466,SPEAKER_02,-14,
80466,SPEAKER_00,-13,
80466,SPEAKER_02,-13,
80466,SPEAKER_00,-12,
80466,SPEAKER_02,-12,
80466,SPEAKER_00,-11,
80466,SPEAKER_02,-11,
80466,SPEAKER_00,-10,
80466,SPEAKER_02,-10,
80466,SPEAKER_00,-9,
80466,SPEAKER_02,-9,
80466,SPEAKER_00,-8,
80466,SPEAKER_02,-8,
80466,SPEAKER_00,-7,
80466,SPEAKER_02,-7,
80466,SPEAKER_00,-6,
80466,SPEAKER_02,-6,
80466,SPEAKER_00,-5,
80466,SPEAKER_02,-5,
80466,SPEAKER_00,-4,
80466,SPEAKER_02,-4,
80466,SPEAKER_00,-3,
80466,SPEAKER_02,-3,
80466,SPEAKER_00,-2,
80466,SPEAKER_02,-2,
80466,SPEAKER_00,-1,0.2661287580534924
80466,SPEAKER_02,-1,0.15919699894025377
80466,SPEAKER_00,0,
80466,SPEAKER_02,0,
80466,SPEAKER_00,1,2.2980014355174627
80466,SPEAKER_02,1,4.801042179886639
80466,SPEAKER_00,2,
80466,SPEAKER_02,2,
80466,SPEAKER_00,3,
80466,SPEAKER_02,3,
80466,SPEAKER_00,4,
80466,SPEAKER_02,4,
80466,SPEAKER_00,5,
80466,SPEAKER_02,5,
80466,SPEAKER_00,6,
80466,SPEAKER_02,6,
80466,SPEAKER_00,7,
80466,SPEAKER_02,7,
80466,SPEAKER_00,8,
80466,SPEAKER_02,8,
80466,SPEAKER_00,9,
80466,SPEAKER_02,9,
80466,SPEAKER_00,10,
80466,SPEAKER_02,10,
80466,SPEAKER_00,11,
80466,SPEAKER_02,11,
80466,SPEAKER_00,12,
80466,SPEAKER_02,12,
80466,SPEAKER_00,13,
80466,SPEAKER_02,13,
80466,SPEAKER_00,14,
80466,SPEAKER_02,14,
80466,SPEAKER_00,15,
80466,SPEAKER_02,15,
80504,SPEAKER_01,-15,
80504,SPEAKER_02,-15,
80504,SPEAKER_01,-14,
80504,SPEAKER_02,-14,
80504,SPEAKER_01,-13,
80504,SPEAKER_02,-13,
80504,SPEAKER_01,-12,
80504,SPEAKER_02,-12,
80504,SPEAKER_01,-11,
80504,SPEAKER_02,-11,
80504,SPEAKER_01,-10,
80504,SPEAKER_02,-10,
80504,SPEAKER_01,-9,
80504,SPEAKER_02,-9,
80504,SPEAKER_01,-8,
80504,SPEAKER_02,-8,
80504,SPEAKER_01,-7,
80504,SPEAKER_02,-7,
80504,SPEAKER_01,-6,
80504,SPEAKER_02,-6,
80504,SPEAKER_01,-5,
80504,SPEAKER_02,-5,
80504,SPEAKER_01,-4,
80504,SPEAKER_02,-4,
80504,SPEAKER_01,-3,
80504,SPEAKER_02,-3,
80504,SPEAKER_01,-2,
80504,SPEAKER_02,-2,
80504,SPEAKER_01,-1,
80504,SPEAKER_02,-1,
80504,SPEAKER_01,0,
80504,SPEAKER_02,0,
80504,SPEAKER_01,1,
80504,SPEAKER_02,1,
80504,SPEAKER_01,2,
80504,SPEAKER_02,2,
80504,SPEAKER_01,3,
80504,SPEAKER_02,3,
80504,SPEAKER_01,4,
80504,SPEAKER_02,4,
80504,SPEAKER_01,5,
80504,SPEAKER_02,5,
80504,SPEAKER_01,6,
80504,SPEAKER_02,6,
80504,SPEAKER_01,7,
80504,SPEAKER_02,7,
80504,SPEAKER_01,8,
80504,SPEAKER_02,8,
80504,SPEAKER_01,9,
80504,SPEAKER_02,9,
80504,SPEAKER_01,10,
80504,SPEAKER_02,10,
80504,SPEAKER_01,11,
80504,SPEAKER_02,11,
80504,SPEAKER_01,12,
80504,SPEAKER_02,12,
80504,SPEAKER_01,13,
80504,SPEAKER_02,13,
80504,SPEAKER_01,14,
80504,SPEAKER_02,14,
80504,SPEAKER_01,15,
80504,SPEAKER_02,15,
81102,SPEAKER_00,-15,
81102,SPEAKER_01,-15,
81102,SPEAKER_00,-14,
81102,SPEAKER_01,-14,
81102,SPEAKER_00,-13,
81102,SPEAKER_01,-13,
81102,SPEAKER_00,-12,
81102,SPEAKER_01,-12,
81102,SPEAKER_00,-11,
81102,SPEAKER_01,-11,
81102,SPEAKER_00,-10,
81102,SPEAKER_01,-10,
81102,SPEAKER_00,-9,
81102,SPEAKER_01,-9,
81102,SPEAKER_00,-8,
81102,SPEAKER_01,-8,
81102,SPEAKER_00,-7,
81102,SPEAKER_01,-7,
81102,SPEAKER_00,-6,
81102,SPEAKER_01,-6,
81102,SPEAKER_00,-5,
81102,SPEAKER_01,-5,
81102,SPEAKER_00,-4,
81102,SPEAKER_01,-4,
81102,SPEAKER_00,-3,
81102,SPEAKER_01,-3,
81102,SPEAKER_00,-2,
81102,SPEAKER_01,-2,
81102,SPEAKER_00,-1,
81102,SPEAKER_01,-1,
81102,SPEAKER_00,0,
81102,SPEAKER_01,0,
81102,SPEAKER_00,1,
81102,SPEAKER_01,1,
81102,SPEAKER_00,2,
81102,SPEAKER_01,2,
81102,SPEAKER_00,3,
81102,SPEAKER_01,3,
81102,SPEAKER_00,4,
81102,SPEAKER_01,4,
81102,SPEAKER_00,5,
81102,SPEAKER_01,5,
81102,SPEAKER_00,6,
81102,SPEAKER_01,6,
81102,SPEAKER_00,7,
81102,SPEAKER_01,7,
81102,SPEAKER_00,8,
81102,SPEAKER_01,8,
81102,SPEAKER_00,9,
81102,SPEAKER_01,9,
81102,SPEAKER_00,10,
81102,SPEAKER_01,10,
81102,SPEAKER_00,11,
81102,SPEAKER_01,11,
81102,SPEAKER_00,12,
81102,SPEAKER_01,12,
81102,SPEAKER_00,13,
81102,SPEAKER_01,13,
81102,SPEAKER_00,14,
81102,SPEAKER_01,14,
81102,SPEAKER_00,15,
81102,SPEAKER_01,15,
81110,SPEAKER_00,-15,
81110,SPEAKER_01,-15,
81110,SPEAKER_00,-14,
81110,SPEAKER_01,-14,
81110,SPEAKER_00,-13,
81110,SPEAKER_01,-13,
81110,SPEAKER_00,-12,
81110,SPEAKER_01,-12,
81110,SPEAKER_00,-11,
81110,SPEAKER_01,-11,
81110,SPEAKER_00,-10,
81110,SPEAKER_01,-10,
81110,SPEAKER_00,-9,
81110,SPEAKER_01,-9,
81110,SPEAKER_00,-8,
81110,SPEAKER_01,-8,
81110,SPEAKER_00,-7,
81110,SPEAKER_01,-7,
81110,SPEAKER_00,-6,
81110,SPEAKER_01,-6,
81110,SPEAKER_00,-5,
81110,SPEAKER_01,-5,
81110,SPEAKER_00,-4,
81110,SPEAKER_01,-4,
81110,SPEAKER_00,-3,
81110,SPEAKER_01,-3,
81110,SPEAKER_00,-2,
81110,SPEAKER_01,-2,
81110,SPEAKER_00,-1,
81110,SPEAKER_01,-1,
81110,SPEAKER_00,0,
81110,SPEAKER_01,0,
81110,SPEAKER_00,1,
81110,SPEAKER_01,1,
81110,SPEAKER_00,2,
81110,SPEAKER_01,2,
81110,SPEAKER_00,3,
81110,SPEAKER_01,3,
81110,SPEAKER_00,4,
81110,SPEAKER_01,4,
81110,SPEAKER_00,5,
81110,SPEAKER_01,5,
81110,SPEAKER_00,6,
81110,SPEAKER_01,6,
81110,SPEAKER_00,7,
81110,SPEAKER_01,7,
81110,SPEAKER_00,8,
81110,SPEAKER_01,8,
81110,SPEAKER_00,9,
81110,SPEAKER_01,9,
81110,SPEAKER_00,10,
81110,SPEAKER_01,10,
81110,SPEAKER_00,11,
81110,SPEAKER_01,11,
81110,SPEAKER_00,12,
81110,SPEAKER_01,12,
81110,SPEAKER_00,13,
81110,SPEAKER_01,13,
81110,SPEAKER_00,14,
81110,SPEAKER_01,14,
81110,SPEAKER_00,15,
81110,SPEAKER_01,15,
81250,SPEAKER_00,-15,
81250,SPEAKER_01,-15,
81250,SPEAKER_00,-14,
81250,SPEAKER_01,-14,
81250,SPEAKER_00,-13,
81250,SPEAKER_01,-13,
81250,SPEAKER_00,-12,
81250,SPEAKER_01,-12,
81250,SPEAKER_00,-11,
81250,SPEAKER_01,-11,
81250,SPEAKER_00,-10,
81250,SPEAKER_01,-10,
81250,SPEAKER_00,-9,
81250,SPEAKER_01,-9,
81250,SPEAKER_00,-8,
81250,SPEAKER_01,-8,
81250,SPEAKER_00,-7,
81250,SPEAKER_01,-7,
81250,SPEAKER_00,-6,
81250,SPEAKER_01,-6,
81250,SPEAKER_00,-5,
81250,SPEAKER_01,-5,
81250,SPEAKER_00,-4,
81250,SPEAKER_01,-4,
81250,SPEAKER_00,-3,
81250,SPEAKER_01,-3,
81250,SPEAKER_00,-2,
81250,SPEAKER_01,-2,
81250,SPEAKER_00,-1,
81250,SPEAKER_01,-1,
81250,SPEAKER_00,0,
81250,SPEAKER_01,0,
81250,SPEAKER_00,1,
81250,SPEAKER_01,1,
81250,SPEAKER_00,2,
81250,SPEAKER_01,2,
81250,SPEAKER_00,3,
81250,SPEAKER_01,3,
81250,SPEAKER_00,4,
81250,SPEAKER_01,4,
81250,SPEAKER_00,5,
81250,SPEAKER_01,5,
81250,SPEAKER_00,6,
81250,SPEAKER_01,6,
81250,SPEAKER_00,7,
81250,SPEAKER_01,7,
81250,SPEAKER_00,8,
81250,SPEAKER_01,8,
81250,SPEAKER_00,9,
81250,SPEAKER_01,9,
81250,SPEAKER_00,10,
81250,SPEAKER_01,10,
81250,SPEAKER_00,11,
81250,SPEAKER_01,11,
81250,SPEAKER_00,12,
81250,SPEAKER_01,12,
81250,SPEAKER_00,13,
81250,SPEAKER_01,13,
81250,SPEAKER_00,14,
81250,SPEAKER_01,14,
81250,SPEAKER_00,15,
81250,SPEAKER_01,15,
81301,SPEAKER_00,-15,
81301,SPEAKER_01,-15,
81301,SPEAKER_00,-14,
81301,SPEAKER_01,-14,
81301,SPEAKER_00,-13,
81301,SPEAKER_01,-13,
81301,SPEAKER_00,-12,
81301,SPEAKER_01,-12,
81301,SPEAKER_00,-11,
81301,SPEAKER_01,-11,
81301,SPEAKER_00,-10,
81301,SPEAKER_01,-10,
81301,SPEAKER_00,-9,
81301,SPEAKER_01,-9,
81301,SPEAKER_00,-8,
81301,SPEAKER_01,-8,
81301,SPEAKER_00,-7,
81301,SPEAKER_01,-7,
81301,SPEAKER_00,-6,
81301,SPEAKER_01,-6,
81301,SPEAKER_00,-5,
81301,SPEAKER_01,-5,
81301,SPEAKER_00,-4,
81301,SPEAKER_01,-4,
81301,SPEAKER_00,-3,
81301,SPEAKER_01,-3,
81301,SPEAKER_00,-2,
81301,SPEAKER_01,-2,
81301,SPEAKER_00,-1,
81301,SPEAKER_01,-1,
81301,SPEAKER_00,0,
81301,SPEAKER_01,0,
81301,SPEAKER_00,1,
81301,SPEAKER_01,1,
81301,SPEAKER_00,2,
81301,SPEAKER_01,2,
81301,SPEAKER_00,3,
81301,SPEAKER_01,3,
81301,SPEAKER_00,4,
81301,SPEAKER_01,4,
81301,SPEAKER_00,5,
81301,SPEAKER_01,5,
81301,SPEAKER_00,6,
81301,SPEAKER_01,6,
81301,SPEAKER_00,7,
81301,SPEAKER_01,7,
81301,SPEAKER_00,8,
81301,SPEAKER_01,8,
81301,SPEAKER_00,9,
81301,SPEAKER_01,9,
81301,SPEAKER_00,10,
81301,SPEAKER_01,10,
81301,SPEAKER_00,11,
81301,SPEAKER_01,11,
81301,SPEAKER_00,12,
81301,SPEAKER_01,12,
81301,SPEAKER_00,13,
81301,SPEAKER_01,13,
81301,SPEAKER_00,14,
81301,SPEAKER_01,14,
81301,SPEAKER_00,15,
81301,SPEAKER_01,15,
81304,SPEAKER_00,-15,
81304,SPEAKER_01,-15,
81304,SPEAKER_00,-14,
81304,SPEAKER_01,-14,
81304,SPEAKER_00,-13,
81304,SPEAKER_01,-13,
81304,SPEAKER_00,-12,
81304,SPEAKER_01,-12,
81304,SPEAKER_00,-11,
81304,SPEAKER_01,-11,
81304,SPEAKER_00,-10,
81304,SPEAKER_01,-10,
81304,SPEAKER_00,-9,
81304,SPEAKER_01,-9,
81304,SPEAKER_00,-8,
81304,SPEAKER_01,-8,
81304,SPEAKER_00,-7,
81304,SPEAKER_01,-7,
81304,SPEAKER_00,-6,
81304,SPEAKER_01,-6,
81304,SPEAKER_00,-5,
81304,SPEAKER_01,-5,
81304,SPEAKER_00,-4,
81304,SPEAKER_01,-4,
81304,SPEAKER_00,-3,
81304,SPEAKER_01,-3,
81304,SPEAKER_00,-2,
81304,SPEAKER_01,-2,
81304,SPEAKER_00,-1,
81304,SPEAKER_01,-1,
81304,SPEAKER_00,0,
81304,SPEAKER_01,0,
81304,SPEAKER_00,1,
81304,SPEAKER_01,1,
81304,SPEAKER_00,2,
81304,SPEAKER_01,2,
81304,SPEAKER_00,3,
81304,SPEAKER_01,3,
81304,SPEAKER_00,4,
81304,SPEAKER_01,4,
81304,SPEAKER_00,5,
81304,SPEAKER_01,5,
81304,SPEAKER_00,6,
81304,SPEAKER_01,6,
81304,SPEAKER_00,7,
81304,SPEAKER_01,7,
81304,SPEAKER_00,8,
81304,SPEAKER_01,8,
81304,SPEAKER_00,9,
81304,SPEAKER_01,9,
81304,SPEAKER_00,10,
81304,SPEAKER_01,10,
81304,SPEAKER_00,11,
81304,SPEAKER_01,11,
81304,SPEAKER_00,12,
81304,SPEAKER_01,12,
81304,SPEAKER_00,13,
81304,SPEAKER_01,13,
81304,SPEAKER_00,14,
81304,SPEAKER_01,14,
81304,SPEAKER_00,15,
81304,SPEAKER_01,15,
81311,SPEAKER_00,-15,
81311,SPEAKER_01,-15,
81311,SPEAKER_00,-14,
81311,SPEAKER_01,-14,
81311,SPEAKER_00,-13,
81311,SPEAKER_01,-13,
81311,SPEAKER_00,-12,
81311,SPEAKER_01,-12,
81311,SPEAKER_00,-11,
81311,SPEAKER_01,-11,
81311,SPEAKER_00,-10,
81311,SPEAKER_01,-10,
81311,SPEAKER_00,-9,
81311,SPEAKER_01,-9,
81311,SPEAKER_00,-8,
81311,SPEAKER_01,-8,
81311,SPEAKER_00,-7,
81311,SPEAKER_01,-7,
81311,SPEAKER_00,-6,
81311,SPEAKER_01,-6,
81311,SPEAKER_00,-5,
81311,SPEAKER_01,-5,
81311,SPEAKER_00,-4,
81311,SPEAKER_01,-4,
81311,SPEAKER_00,-3,
81311,SPEAKER_01,-3,
81311,SPEAKER_00,-2,
81311,SPEAKER_01,-2,
81311,SPEAKER_00,-1,
81311,SPEAKER_01,-1,
81311,SPEAKER_00,0,
81311,SPEAKER_01,0,
81311,SPEAKER_00,1,
81311,SPEAKER_01,1,
81311,SPEAKER_00,2,
81311,SPEAKER_01,2,
81311,SPEAKER_00,3,
81311,SPEAKER_01,3,
81311,SPEAKER_00,4,
81311,SPEAKER_01,4,
81311,SPEAKER_00,5,
81311,SPEAKER_01,5,
81311,SPEAKER_00,6,
81311,SPEAKER_01,6,
81311,SPEAKER_00,7,
81311,SPEAKER_01,7,
81311,SPEAKER_00,8,
81311,SPEAKER_01,8,
81311,SPEAKER_00,9,
81311,SPEAKER_01,9,
81311,SPEAKER_00,10,
81311,SPEAKER_01,10,
81311,SPEAKER_00,11,
81311,SPEAKER_01,11,
81311,SPEAKER_00,12,
81311,SPEAKER_01,12,
81311,SPEAKER_00,13,
81311,SPEAKER_01,13,
81311,SPEAKER_00,14,
81311,SPEAKER_01,14,
81311,SPEAKER_00,15,
81311,SPEAKER_01,15,
81540,SPEAKER_00,-15,
81540,SPEAKER_01,-15,
81540,SPEAKER_00,-14,
81540,SPEAKER_01,-14,
81540,SPEAKER_00,-13,
81540,SPEAKER_01,-13,
81540,SPEAKER_00,-12,
81540,SPEAKER_01,-12,
81540,SPEAKER_00,-11,
81540,SPEAKER_01,-11,
81540,SPEAKER_00,-10,
81540,SPEAKER_01,-10,
81540,SPEAKER_00,-9,
81540,SPEAKER_01,-9,
81540,SPEAKER_00,-8,
81540,SPEAKER_01,-8,
81540,SPEAKER_00,-7,
81540,SPEAKER_01,-7,
81540,SPEAKER_00,-6,
81540,SPEAKER_01,-6,
81540,SPEAKER_00,-5,
81540,SPEAKER_01,-5,
81540,SPEAKER_00,-4,
81540,SPEAKER_01,-4,
81540,SPEAKER_00,-3,
81540,SPEAKER_01,-3,
81540,SPEAKER_00,-2,
81540,SPEAKER_01,-2,
81540,SPEAKER_00,-1,
81540,SPEAKER_01,-1,
81540,SPEAKER_00,0,
81540,SPEAKER_01,0,
81540,SPEAKER_00,1,
81540,SPEAKER_01,1,
81540,SPEAKER_00,2,
81540,SPEAKER_01,2,
81540,SPEAKER_00,3,
81540,SPEAKER_01,3,
81540,SPEAKER_00,4,
81540,SPEAKER_01,4,
81540,SPEAKER_00,5,
81540,SPEAKER_01,5,
81540,SPEAKER_00,6,
81540,SPEAKER_01,6,
81540,SPEAKER_00,7,
81540,SPEAKER_01,7,
81540,SPEAKER_00,8,
81540,SPEAKER_01,8,
81540,SPEAKER_00,9,
81540,SPEAKER_01,9,
81540,SPEAKER_00,10,
81540,SPEAKER_01,10,
81540,SPEAKER_00,11,
81540,SPEAKER_01,11,
81540,SPEAKER_00,12,
81540,SPEAKER_01,12,
81540,SPEAKER_00,13,
81540,SPEAKER_01,13,
81540,SPEAKER_00,14,
81540,SPEAKER_01,14,
81540,SPEAKER_00,15,
81540,SPEAKER_01,15,
81541,SPEAKER_00,-15,
81541,SPEAKER_01,-15,
81541,SPEAKER_00,-14,
81541,SPEAKER_01,-14,
81541,SPEAKER_00,-13,
81541,SPEAKER_01,-13,
81541,SPEAKER_00,-12,
81541,SPEAKER_01,-12,
81541,SPEAKER_00,-11,
81541,SPEAKER_01,-11,
81541,SPEAKER_00,-10,
81541,SPEAKER_01,-10,
81541,SPEAKER_00,-9,
81541,SPEAKER_01,-9,
81541,SPEAKER_00,-8,
81541,SPEAKER_01,-8,
81541,SPEAKER_00,-7,
81541,SPEAKER_01,-7,
81541,SPEAKER_00,-6,
81541,SPEAKER_01,-6,
81541,SPEAKER_00,-5,
81541,SPEAKER_01,-5,
81541,SPEAKER_00,-4,
81541,SPEAKER_01,-4,
81541,SPEAKER_00,-3,
81541,SPEAKER_01,-3,
81541,SPEAKER_00,-2,
81541,SPEAKER_01,-2,
81541,SPEAKER_00,-1,
81541,SPEAKER_01,-1,
81541,SPEAKER_00,0,
81541,SPEAKER_01,0,
81541,SPEAKER_00,1,
81541,SPEAKER_01,1,
81541,SPEAKER_00,2,
81541,SPEAKER_01,2,
81541,SPEAKER_00,3,
81541,SPEAKER_01,3,
81541,SPEAKER_00,4,
81541,SPEAKER_01,4,
81541,SPEAKER_00,5,
81541,SPEAKER_01,5,
81541,SPEAKER_00,6,
81541,SPEAKER_01,6,
81541,SPEAKER_00,7,
81541,SPEAKER_01,7,
81541,SPEAKER_00,8,
81541,SPEAKER_01,8,
81541,SPEAKER_00,9,
81541,SPEAKER_01,9,
81541,SPEAKER_00,10,
81541,SPEAKER_01,10,
81541,SPEAKER_00,11,
81541,SPEAKER_01,11,
81541,SPEAKER_00,12,
81541,SPEAKER_01,12,
81541,SPEAKER_00,13,
81541,SPEAKER_01,13,
81541,SPEAKER_00,14,
81541,SPEAKER_01,14,
81541,SPEAKER_00,15,
81541,SPEAKER_01,15,
82278,SPEAKER_00,-15,
82278,SPEAKER_01,-15,
82278,SPEAKER_00,-14,
82278,SPEAKER_01,-14,
82278,SPEAKER_00,-13,
82278,SPEAKER_01,-13,
82278,SPEAKER_00,-12,
82278,SPEAKER_01,-12,
82278,SPEAKER_00,-11,
82278,SPEAKER_01,-11,
82278,SPEAKER_00,-10,
82278,SPEAKER_01,-10,
82278,SPEAKER_00,-9,
82278,SPEAKER_01,-9,
82278,SPEAKER_00,-8,
82278,SPEAKER_01,-8,
82278,SPEAKER_00,-7,
82278,SPEAKER_01,-7,
82278,SPEAKER_00,-6,
82278,SPEAKER_01,-6,
82278,SPEAKER_00,-5,
82278,SPEAKER_01,-5,
82278,SPEAKER_00,-4,
82278,SPEAKER_01,-4,
82278,SPEAKER_00,-3,
82278,SPEAKER_01,-3,
82278,SPEAKER_00,-2,
82278,SPEAKER_01,-2,
82278,SPEAKER_00,-1,
82278,SPEAKER_01,-1,
82278,SPEAKER_00,0,
82278,SPEAKER_01,0,
82278,SPEAKER_00,1,
82278,SPEAKER_01,1,
82278,SPEAKER_00,2,
82278,SPEAKER_01,2,
82278,SPEAKER_00,3,
82278,SPEAKER_01,3,
82278,SPEAKER_00,4,
82278,SPEAKER_01,4,
82278,SPEAKER_00,5,
82278,SPEAKER_01,5,
82278,SPEAKER_00,6,
82278,SPEAKER_01,6,
82278,SPEAKER_00,7,
82278,SPEAKER_01,7,
82278,SPEAKER_00,8,
82278,SPEAKER_01,8,
82278,SPEAKER_00,9,
82278,SPEAKER_01,9,
82278,SPEAKER_00,10,
82278,SPEAKER_01,10,
82278,SPEAKER_00,11,
82278,SPEAKER_01,11,
82278,SPEAKER_00,12,
82278,SPEAKER_01,12,
82278,SPEAKER_00,13,
82278,SPEAKER_01,13,
82278,SPEAKER_00,14,
82278,SPEAKER_01,14,
82278,SPEAKER_00,15,
82278,SPEAKER_01,15,
82290,SPEAKER_00,-15,
82290,SPEAKER_01,-15,
82290,SPEAKER_00,-14,
82290,SPEAKER_01,-14,
82290,SPEAKER_00,-13,
82290,SPEAKER_01,-13,
82290,SPEAKER_00,-12,
82290,SPEAKER_01,-12,
82290,SPEAKER_00,-11,
82290,SPEAKER_01,-11,
82290,SPEAKER_00,-10,
82290,SPEAKER_01,-10,
82290,SPEAKER_00,-9,
82290,SPEAKER_01,-9,
82290,SPEAKER_00,-8,
82290,SPEAKER_01,-8,
82290,SPEAKER_00,-7,
82290,SPEAKER_01,-7,
82290,SPEAKER_00,-6,
82290,SPEAKER_01,-6,
82290,SPEAKER_00,-5,
82290,SPEAKER_01,-5,
82290,SPEAKER_00,-4,
82290,SPEAKER_01,-4,
82290,SPEAKER_00,-3,
82290,SPEAKER_01,-3,
82290,SPEAKER_00,-2,
82290,SPEAKER_01,-2,
82290,SPEAKER_00,-1,
82290,SPEAKER_01,-1,
82290,SPEAKER_00,0,
82290,SPEAKER_01,0,
82290,SPEAKER_00,1,
82290,SPEAKER_01,1,
82290,SPEAKER_00,2,
82290,SPEAKER_01,2,
82290,SPEAKER_00,3,
82290,SPEAKER_01,3,
82290,SPEAKER_00,4,
82290,SPEAKER_01,4,
82290,SPEAKER_00,5,
82290,SPEAKER_01,5,
82290,SPEAKER_00,6,
82290,SPEAKER_01,6,
82290,SPEAKER_00,7,
82290,SPEAKER_01,7,
82290,SPEAKER_00,8,
82290,SPEAKER_01,8,
82290,SPEAKER_00,9,
82290,SPEAKER_01,9,
82290,SPEAKER_00,10,
82290,SPEAKER_01,10,
82290,SPEAKER_00,11,
82290,SPEAKER_01,11,
82290,SPEAKER_00,12,
82290,SPEAKER_01,12,
82290,SPEAKER_00,13,
82290,SPEAKER_01,13,
82290,SPEAKER_00,14,
82290,SPEAKER_01,14,
82290,SPEAKER_00,15,
82290,SPEAKER_01,15,
82324,SPEAKER_00,-15,
82324,SPEAKER_01,-15,
82324,SPEAKER_00,-14,
82324,SPEAKER_01,-14,
82324,SPEAKER_00,-13,
82324,SPEAKER_01,-13,
82324,SPEAKER_00,-12,
82324,SPEAKER_01,-12,
82324,SPEAKER_00,-11,
82324,SPEAKER_01,-11,
82324,SPEAKER_00,-10,
82324,SPEAKER_01,-10,
82324,SPEAKER_00,-9,
82324,SPEAKER_01,-9,
82324,SPEAKER_00,-8,
82324,SPEAKER_01,-8,
82324,SPEAKER_00,-7,0.007734739478727611
82324,SPEAKER_01,-7,0.39990267322590983
82324,SPEAKER_00,-6,
82324,SPEAKER_01,-6,
82324,SPEAKER_00,-5,0.3975238774501995
82324,SPEAKER_01,-5,0.1457287889890206
82324,SPEAKER_00,-4,
82324,SPEAKER_01,-4,
82324,SPEAKER_00,-3,0.14138902131083758
82324,SPEAKER_01,-3,0.12757413943940768
82324,SPEAKER_00,-2,
82324,SPEAKER_01,-2,
82324,SPEAKER_00,-1,0.00011240921479654547
82324,SPEAKER_01,-1,0.10784571590843207
82324,SPEAKER_00,0,
82324,SPEAKER_01,0,
82324,SPEAKER_00,1,1.706103871189074
82324,SPEAKER_01,1,0.0007218512813445544
82324,SPEAKER_00,2,
82324,SPEAKER_01,2,
82324,SPEAKER_00,3,4.045054558740394
82324,SPEAKER_01,3,1.1365837207411646
82324,SPEAKER_00,4,
82324,SPEAKER_01,4,
82324,SPEAKER_00,5,1.8294167493136144
82324,SPEAKER_01,5,4.729669434625737
82324,SPEAKER_00,6,
82324,SPEAKER_01,6,
82324,SPEAKER_00,7,0.0019308273906170966
82324,SPEAKER_01,7,0.33519068549241243
82324,SPEAKER_00,8,
82324,SPEAKER_01,8,
82324,SPEAKER_00,9,
82324,SPEAKER_01,9,
82324,SPEAKER_00,10,
82324,SPEAKER_01,10,
82324,SPEAKER_00,11,
82324,SPEAKER_01,11,
82324,SPEAKER_00,12,
82324,SPEAKER_01,12,
82324,SPEAKER_00,13,
82324,SPEAKER_01,13,
82324,SPEAKER_00,14,
82324,SPEAKER_01,14,
82324,SPEAKER_00,15,
82324,SPEAKER_01,15,
82325,SPEAKER_01,-15,
82325,SPEAKER_02,-15,
82325,SPEAKER_01,-14,
82325,SPEAKER_02,-14,
82325,SPEAKER_01,-13,
82325,SPEAKER_02,-13,
82325,SPEAKER_01,-12,
82325,SPEAKER_02,-12,
82325,SPEAKER_01,-11,
82325,SPEAKER_02,-11,
82325,SPEAKER_01,-10,
82325,SPEAKER_02,-10,
82325,SPEAKER_01,-9,
82325,SPEAKER_02,-9,
82325,SPEAKER_01,-8,
82325,SPEAKER_02,-8,
82325,SPEAKER_01,-7,
82325,SPEAKER_02,-7,
82325,SPEAKER_01,-6,
82325,SPEAKER_02,-6,
82325,SPEAKER_01,-5,
82325,SPEAKER_02,-5,
82325,SPEAKER_01,-4,
82325,SPEAKER_02,-4,
82325,SPEAKER_01,-3,
82325,SPEAKER_02,-3,
82325,SPEAKER_01,-2,
82325,SPEAKER_02,-2,
82325,SPEAKER_01,-1,
82325,SPEAKER_02,-1,
82325,SPEAKER_01,0,
82325,SPEAKER_02,0,
82325,SPEAKER_01,1,
82325,SPEAKER_02,1,
82325,SPEAKER_01,2,
82325,SPEAKER_02,2,
82325,SPEAKER_01,3,
82325,SPEAKER_02,3,
82325,SPEAKER_01,4,
82325,SPEAKER_02,4,
82325,SPEAKER_01,5,
82325,SPEAKER_02,5,
82325,SPEAKER_01,6,
82325,SPEAKER_02,6,
82325,SPEAKER_01,7,
82325,SPEAKER_02,7,
82325,SPEAKER_01,8,
82325,SPEAKER_02,8,
82325,SPEAKER_01,9,
82325,SPEAKER_02,9,
82325,SPEAKER_01,10,
82325,SPEAKER_02,10,
82325,SPEAKER_01,11,
82325,SPEAKER_02,11,
82325,SPEAKER_01,12,
82325,SPEAKER_02,12,
82325,SPEAKER_01,13,
82325,SPEAKER_02,13,
82325,SPEAKER_01,14,
82325,SPEAKER_02,14,
82325,SPEAKER_01,15,
82325,SPEAKER_02,15,
82330,SPEAKER_01,-15,
82330,SPEAKER_02,-15,
82330,SPEAKER_01,-14,
82330,SPEAKER_02,-14,
82330,SPEAKER_01,-13,
82330,SPEAKER_02,-13,
82330,SPEAKER_01,-12,
82330,SPEAKER_02,-12,
82330,SPEAKER_01,-11,
82330,SPEAKER_02,-11,
82330,SPEAKER_01,-10,
82330,SPEAKER_02,-10,
82330,SPEAKER_01,-9,
82330,SPEAKER_02,-9,
82330,SPEAKER_01,-8,
82330,SPEAKER_02,-8,
82330,SPEAKER_01,-7,
82330,SPEAKER_02,-7,
82330,SPEAKER_01,-6,
82330,SPEAKER_02,-6,
82330,SPEAKER_01,-5,
82330,SPEAKER_02,-5,
82330,SPEAKER_01,-4,
82330,SPEAKER_02,-4,
82330,SPEAKER_01,-3,
82330,SPEAKER_02,-3,
82330,SPEAKER_01,-2,
82330,SPEAKER_02,-2,
82330,SPEAKER_01,-1,
82330,SPEAKER_02,-1,
82330,SPEAKER_01,0,
82330,SPEAKER_02,0,
82330,SPEAKER_01,1,
82330,SPEAKER_02,1,
82330,SPEAKER_01,2,
82330,SPEAKER_02,2,
82330,SPEAKER_01,3,
82330,SPEAKER_02,3,
82330,SPEAKER_01,4,
82330,SPEAKER_02,4,
82330,SPEAKER_01,5,
82330,SPEAKER_02,5,
82330,SPEAKER_01,6,
82330,SPEAKER_02,6,
82330,SPEAKER_01,7,
82330,SPEAKER_02,7,
82330,SPEAKER_01,8,
82330,SPEAKER_02,8,
82330,SPEAKER_01,9,
82330,SPEAKER_02,9,
82330,SPEAKER_01,10,
82330,SPEAKER_02,10,
82330,SPEAKER_01,11,
82330,SPEAKER_02,11,
82330,SPEAKER_01,12,
82330,SPEAKER_02,12,
82330,SPEAKER_01,13,
82330,SPEAKER_02,13,
82330,SPEAKER_01,14,
82330,SPEAKER_02,14,
82330,SPEAKER_01,15,
82330,SPEAKER_02,15,
82376,SPEAKER_00,-15,
82376,SPEAKER_01,-15,
82376,SPEAKER_00,-14,
82376,SPEAKER_01,-14,
82376,SPEAKER_00,-13,
82376,SPEAKER_01,-13,
82376,SPEAKER_00,-12,
82376,SPEAKER_01,-12,
82376,SPEAKER_00,-11,
82376,SPEAKER_01,-11,
82376,SPEAKER_00,-10,
82376,SPEAKER_01,-10,
82376,SPEAKER_00,-9,
82376,SPEAKER_01,-9,
82376,SPEAKER_00,-8,
82376,SPEAKER_01,-8,
82376,SPEAKER_00,-7,
82376,SPEAKER_01,-7,
82376,SPEAKER_00,-6,
82376,SPEAKER_01,-6,
82376,SPEAKER_00,-5,
82376,SPEAKER_01,-5,
82376,SPEAKER_00,-4,
82376,SPEAKER_01,-4,
82376,SPEAKER_00,-3,
82376,SPEAKER_01,-3,
82376,SPEAKER_00,-2,
82376,SPEAKER_01,-2,
82376,SPEAKER_00,-1,
82376,SPEAKER_01,-1,
82376,SPEAKER_00,0,
82376,SPEAKER_01,0,
82376,SPEAKER_00,1,
82376,SPEAKER_01,1,
82376,SPEAKER_00,2,
82376,SPEAKER_01,2,
82376,SPEAKER_00,3,
82376,SPEAKER_01,3,
82376,SPEAKER_00,4,
82376,SPEAKER_01,4,
82376,SPEAKER_00,5,
82376,SPEAKER_01,5,
82376,SPEAKER_00,6,
82376,SPEAKER_01,6,
82376,SPEAKER_00,7,
82376,SPEAKER_01,7,
82376,SPEAKER_00,8,
82376,SPEAKER_01,8,
82376,SPEAKER_00,9,
82376,SPEAKER_01,9,
82376,SPEAKER_00,10,
82376,SPEAKER_01,10,
82376,SPEAKER_00,11,
82376,SPEAKER_01,11,
82376,SPEAKER_00,12,
82376,SPEAKER_01,12,
82376,SPEAKER_00,13,
82376,SPEAKER_01,13,
82376,SPEAKER_00,14,
82376,SPEAKER_01,14,
82376,SPEAKER_00,15,
82376,SPEAKER_01,15,
82730,SPEAKER_00,-15,
82730,SPEAKER_01,-15,
82730,SPEAKER_00,-14,
82730,SPEAKER_01,-14,
82730,SPEAKER_00,-13,
82730,SPEAKER_01,-13,
82730,SPEAKER_00,-12,
82730,SPEAKER_01,-12,
82730,SPEAKER_00,-11,
82730,SPEAKER_01,-11,
82730,SPEAKER_00,-10,
82730,SPEAKER_01,-10,
82730,SPEAKER_00,-9,
82730,SPEAKER_01,-9,
82730,SPEAKER_00,-8,
82730,SPEAKER_01,-8,
82730,SPEAKER_00,-7,
82730,SPEAKER_01,-7,
82730,SPEAKER_00,-6,
82730,SPEAKER_01,-6,
82730,SPEAKER_00,-5,
82730,SPEAKER_01,-5,
82730,SPEAKER_00,-4,
82730,SPEAKER_01,-4,
82730,SPEAKER_00,-3,
82730,SPEAKER_01,-3,
82730,SPEAKER_00,-2,
82730,SPEAKER_01,-2,
82730,SPEAKER_00,-1,
82730,SPEAKER_01,-1,
82730,SPEAKER_00,0,
82730,SPEAKER_01,0,
82730,SPEAKER_00,1,
82730,SPEAKER_01,1,
82730,SPEAKER_00,2,
82730,SPEAKER_01,2,
82730,SPEAKER_00,3,
82730,SPEAKER_01,3,
82730,SPEAKER_00,4,
82730,SPEAKER_01,4,
82730,SPEAKER_00,5,
82730,SPEAKER_01,5,
82730,SPEAKER_00,6,
82730,SPEAKER_01,6,
82730,SPEAKER_00,7,
82730,SPEAKER_01,7,
82730,SPEAKER_00,8,
82730,SPEAKER_01,8,
82730,SPEAKER_00,9,
82730,SPEAKER_01,9,
82730,SPEAKER_00,10,
82730,SPEAKER_01,10,
82730,SPEAKER_00,11,
82730,SPEAKER_01,11,
82730,SPEAKER_00,12,
82730,SPEAKER_01,12,
82730,SPEAKER_00,13,
82730,SPEAKER_01,13,
82730,SPEAKER_00,14,
82730,SPEAKER_01,14,
82730,SPEAKER_00,15,
82730,SPEAKER_01,15,
82732,SPEAKER_00,-15,
82732,SPEAKER_01,-15,
82732,SPEAKER_00,-14,
82732,SPEAKER_01,-14,
82732,SPEAKER_00,-13,
82732,SPEAKER_01,-13,
82732,SPEAKER_00,-12,
82732,SPEAKER_01,-12,
82732,SPEAKER_00,-11,
82732,SPEAKER_01,-11,
82732,SPEAKER_00,-10,
82732,SPEAKER_01,-10,
82732,SPEAKER_00,-9,
82732,SPEAKER_01,-9,
82732,SPEAKER_00,-8,
82732,SPEAKER_01,-8,
82732,SPEAKER_00,-7,
82732,SPEAKER_01,-7,
82732,SPEAKER_00,-6,
82732,SPEAKER_01,-6,
82732,SPEAKER_00,-5,
82732,SPEAKER_01,-5,
82732,SPEAKER_00,-4,
82732,SPEAKER_01,-4,
82732,SPEAKER_00,-3,
82732,SPEAKER_01,-3,
82732,SPEAKER_00,-2,
82732,SPEAKER_01,-2,
82732,SPEAKER_00,-1,
82732,SPEAKER_01,-1,
82732,SPEAKER_00,0,
82732,SPEAKER_01,0,
82732,SPEAKER_00,1,
82732,SPEAKER_01,1,
82732,SPEAKER_00,2,
82732,SPEAKER_01,2,
82732,SPEAKER_00,3,
82732,SPEAKER_01,3,
82732,SPEAKER_00,4,
82732,SPEAKER_01,4,
82732,SPEAKER_00,5,
82732,SPEAKER_01,5,
82732,SPEAKER_00,6,
82732,SPEAKER_01,6,
82732,SPEAKER_00,7,
82732,SPEAKER_01,7,
82732,SPEAKER_00,8,
82732,SPEAKER_01,8,
82732,SPEAKER_00,9,
82732,SPEAKER_01,9,
82732,SPEAKER_00,10,
82732,SPEAKER_01,10,
82732,SPEAKER_00,11,
82732,SPEAKER_01,11,
82732,SPEAKER_00,12,
82732,SPEAKER_01,12,
82732,SPEAKER_00,13,
82732,SPEAKER_01,13,
82732,SPEAKER_00,14,
82732,SPEAKER_01,14,
82732,SPEAKER_00,15,
82732,SPEAKER_01,15,
82736,SPEAKER_00,-15,
82736,SPEAKER_02,-15,
82736,SPEAKER_00,-14,
82736,SPEAKER_02,-14,
82736,SPEAKER_00,-13,
82736,SPEAKER_02,-13,
82736,SPEAKER_00,-12,
82736,SPEAKER_02,-12,
82736,SPEAKER_00,-11,
82736,SPEAKER_02,-11,
82736,SPEAKER_00,-10,
82736,SPEAKER_02,-10,
82736,SPEAKER_00,-9,
82736,SPEAKER_02,-9,
82736,SPEAKER_00,-8,
82736,SPEAKER_02,-8,
82736,SPEAKER_00,-7,
82736,SPEAKER_02,-7,
82736,SPEAKER_00,-6,
82736,SPEAKER_02,-6,
82736,SPEAKER_00,-5,
82736,SPEAKER_02,-5,
82736,SPEAKER_00,-4,
82736,SPEAKER_02,-4,
82736,SPEAKER_00,-3,
82736,SPEAKER_02,-3,
82736,SPEAKER_00,-2,
82736,SPEAKER_02,-2,
82736,SPEAKER_00,-1,
82736,SPEAKER_02,-1,
82736,SPEAKER_00,0,
82736,SPEAKER_02,0,
82736,SPEAKER_00,1,
82736,SPEAKER_02,1,
82736,SPEAKER_00,2,
82736,SPEAKER_02,2,
82736,SPEAKER_00,3,
82736,SPEAKER_02,3,
82736,SPEAKER_00,4,
82736,SPEAKER_02,4,
82736,SPEAKER_00,5,
82736,SPEAKER_02,5,
82736,SPEAKER_00,6,
82736,SPEAKER_02,6,
82736,SPEAKER_00,7,
82736,SPEAKER_02,7,
82736,SPEAKER_00,8,
82736,SPEAKER_02,8,
82736,SPEAKER_00,9,
82736,SPEAKER_02,9,
82736,SPEAKER_00,10,
82736,SPEAKER_02,10,
82736,SPEAKER_00,11,
82736,SPEAKER_02,11,
82736,SPEAKER_00,12,
82736,SPEAKER_02,12,
82736,SPEAKER_00,13,
82736,SPEAKER_02,13,
82736,SPEAKER_00,14,
82736,SPEAKER_02,14,
82736,SPEAKER_00,15,
82736,SPEAKER_02,15,
82737,SPEAKER_00,-15,
82737,SPEAKER_01,-15,
82737,SPEAKER_00,-14,
82737,SPEAKER_01,-14,
82737,SPEAKER_00,-13,
82737,SPEAKER_01,-13,
82737,SPEAKER_00,-12,
82737,SPEAKER_01,-12,
82737,SPEAKER_00,-11,
82737,SPEAKER_01,-11,
82737,SPEAKER_00,-10,
82737,SPEAKER_01,-10,
82737,SPEAKER_00,-9,
82737,SPEAKER_01,-9,
82737,SPEAKER_00,-8,
82737,SPEAKER_01,-8,
82737,SPEAKER_00,-7,
82737,SPEAKER_01,-7,
82737,SPEAKER_00,-6,
82737,SPEAKER_01,-6,
82737,SPEAKER_00,-5,
82737,SPEAKER_01,-5,
82737,SPEAKER_00,-4,
82737,SPEAKER_01,-4,
82737,SPEAKER_00,-3,
82737,SPEAKER_01,-3,
82737,SPEAKER_00,-2,
82737,SPEAKER_01,-2,
82737,SPEAKER_00,-1,
82737,SPEAKER_01,-1,
82737,SPEAKER_00,0,
82737,SPEAKER_01,0,
82737,SPEAKER_00,1,
82737,SPEAKER_01,1,
82737,SPEAKER_00,2,
82737,SPEAKER_01,2,
82737,SPEAKER_00,3,
82737,SPEAKER_01,3,
82737,SPEAKER_00,4,
82737,SPEAKER_01,4,
82737,SPEAKER_00,5,
82737,SPEAKER_01,5,
82737,SPEAKER_00,6,
82737,SPEAKER_01,6,
82737,SPEAKER_00,7,
82737,SPEAKER_01,7,
82737,SPEAKER_00,8,
82737,SPEAKER_01,8,
82737,SPEAKER_00,9,
82737,SPEAKER_01,9,
82737,SPEAKER_00,10,
82737,SPEAKER_01,10,
82737,SPEAKER_00,11,
82737,SPEAKER_01,11,
82737,SPEAKER_00,12,
82737,SPEAKER_01,12,
82737,SPEAKER_00,13,
82737,SPEAKER_01,13,
82737,SPEAKER_00,14,
82737,SPEAKER_01,14,
82737,SPEAKER_00,15,
82737,SPEAKER_01,15,
82945,SPEAKER_00,-15,
82945,SPEAKER_03,-15,
82945,SPEAKER_00,-14,
82945,SPEAKER_03,-14,
82945,SPEAKER_00,-13,
82945,SPEAKER_03,-13,
82945,SPEAKER_00,-12,
82945,SPEAKER_03,-12,
82945,SPEAKER_00,-11,
82945,SPEAKER_03,-11,
82945,SPEAKER_00,-10,
82945,SPEAKER_03,-10,
82945,SPEAKER_00,-9,
82945,SPEAKER_03,-9,
82945,SPEAKER_00,-8,
82945,SPEAKER_03,-8,
82945,SPEAKER_00,-7,
82945,SPEAKER_03,-7,
82945,SPEAKER_00,-6,
82945,SPEAKER_03,-6,
82945,SPEAKER_00,-5,
82945,SPEAKER_03,-5,
82945,SPEAKER_00,-4,
82945,SPEAKER_03,-4,
82945,SPEAKER_00,-3,
82945,SPEAKER_03,-3,
82945,SPEAKER_00,-2,
82945,SPEAKER_03,-2,
82945,SPEAKER_00,-1,
82945,SPEAKER_03,-1,
82945,SPEAKER_00,0,
82945,SPEAKER_03,0,
82945,SPEAKER_00,1,
82945,SPEAKER_03,1,
82945,SPEAKER_00,2,
82945,SPEAKER_03,2,
82945,SPEAKER_00,3,
82945,SPEAKER_03,3,
82945,SPEAKER_00,4,
82945,SPEAKER_03,4,
82945,SPEAKER_00,5,
82945,SPEAKER_03,5,
82945,SPEAKER_00,6,
82945,SPEAKER_03,6,
82945,SPEAKER_00,7,
82945,SPEAKER_03,7,
82945,SPEAKER_00,8,
82945,SPEAKER_03,8,
82945,SPEAKER_00,9,
82945,SPEAKER_03,9,
82945,SPEAKER_00,10,
82945,SPEAKER_03,10,
82945,SPEAKER_00,11,
82945,SPEAKER_03,11,
82945,SPEAKER_00,12,
82945,SPEAKER_03,12,
82945,SPEAKER_00,13,
82945,SPEAKER_03,13,
82945,SPEAKER_00,14,
82945,SPEAKER_03,14,
82945,SPEAKER_00,15,
82945,SPEAKER_03,15,
83121,SPEAKER_01,-15,
83121,SPEAKER_02,-15,
83121,SPEAKER_01,-14,
83121,SPEAKER_02,-14,
83121,SPEAKER_01,-13,
83121,SPEAKER_02,-13,
83121,SPEAKER_01,-12,
83121,SPEAKER_02,-12,
83121,SPEAKER_01,-11,
83121,SPEAKER_02,-11,
83121,SPEAKER_01,-10,
83121,SPEAKER_02,-10,
83121,SPEAKER_01,-9,
83121,SPEAKER_02,-9,
83121,SPEAKER_01,-8,
83121,SPEAKER_02,-8,
83121,SPEAKER_01,-7,
83121,SPEAKER_02,-7,
83121,SPEAKER_01,-6,
83121,SPEAKER_02,-6,
83121,SPEAKER_01,-5,
83121,SPEAKER_02,-5,
83121,SPEAKER_01,-4,
83121,SPEAKER_02,-4,
83121,SPEAKER_01,-3,
83121,SPEAKER_02,-3,
83121,SPEAKER_01,-2,
83121,SPEAKER_02,-2,
83121,SPEAKER_01,-1,
83121,SPEAKER_02,-1,
83121,SPEAKER_01,0,
83121,SPEAKER_02,0,
83121,SPEAKER_01,1,
83121,SPEAKER_02,1,
83121,SPEAKER_01,2,
83121,SPEAKER_02,2,
83121,SPEAKER_01,3,
83121,SPEAKER_02,3,
83121,SPEAKER_01,4,
83121,SPEAKER_02,4,
83121,SPEAKER_01,5,
83121,SPEAKER_02,5,
83121,SPEAKER_01,6,
83121,SPEAKER_02,6,
83121,SPEAKER_01,7,
83121,SPEAKER_02,7,
83121,SPEAKER_01,8,
83121,SPEAKER_02,8,
83121,SPEAKER_01,9,
83121,SPEAKER_02,9,
83121,SPEAKER_01,10,
83121,SPEAKER_02,10,
83121,SPEAKER_01,11,
83121,SPEAKER_02,11,
83121,SPEAKER_01,12,
83121,SPEAKER_02,12,
83121,SPEAKER_01,13,
83121,SPEAKER_02,13,
83121,SPEAKER_01,14,
83121,SPEAKER_02,14,
83121,SPEAKER_01,15,
83121,SPEAKER_02,15,
83319,SPEAKER_00,-15,
83319,SPEAKER_01,-15,
83319,SPEAKER_00,-14,
83319,SPEAKER_01,-14,
83319,SPEAKER_00,-13,
83319,SPEAKER_01,-13,
83319,SPEAKER_00,-12,
83319,SPEAKER_01,-12,
83319,SPEAKER_00,-11,
83319,SPEAKER_01,-11,
83319,SPEAKER_00,-10,
83319,SPEAKER_01,-10,
83319,SPEAKER_00,-9,
83319,SPEAKER_01,-9,
83319,SPEAKER_00,-8,
83319,SPEAKER_01,-8,
83319,SPEAKER_00,-7,
83319,SPEAKER_01,-7,
83319,SPEAKER_00,-6,
83319,SPEAKER_01,-6,
83319,SPEAKER_00,-5,
83319,SPEAKER_01,-5,
83319,SPEAKER_00,-4,
83319,SPEAKER_01,-4,
83319,SPEAKER_00,-3,
83319,SPEAKER_01,-3,
83319,SPEAKER_00,-2,
83319,SPEAKER_01,-2,
83319,SPEAKER_00,-1,
83319,SPEAKER_01,-1,
83319,SPEAKER_00,0,
83319,SPEAKER_01,0,
83319,SPEAKER_00,1,
83319,SPEAKER_01,1,
83319,SPEAKER_00,2,
83319,SPEAKER_01,2,
83319,SPEAKER_00,3,
83319,SPEAKER_01,3,
83319,SPEAKER_00,4,
83319,SPEAKER_01,4,
83319,SPEAKER_00,5,
83319,SPEAKER_01,5,
83319,SPEAKER_00,6,
83319,SPEAKER_01,6,
83319,SPEAKER_00,7,
83319,SPEAKER_01,7,
83319,SPEAKER_00,8,
83319,SPEAKER_01,8,
83319,SPEAKER_00,9,
83319,SPEAKER_01,9,
83319,SPEAKER_00,10,
83319,SPEAKER_01,10,
83319,SPEAKER_00,11,
83319,SPEAKER_01,11,
83319,SPEAKER_00,12,
83319,SPEAKER_01,12,
83319,SPEAKER_00,13,
83319,SPEAKER_01,13,
83319,SPEAKER_00,14,
83319,SPEAKER_01,14,
83319,SPEAKER_00,15,
83319,SPEAKER_01,15,
83339,SPEAKER_01,-15,
83339,SPEAKER_02,-15,
83339,SPEAKER_01,-14,
83339,SPEAKER_02,-14,
83339,SPEAKER_01,-13,
83339,SPEAKER_02,-13,
83339,SPEAKER_01,-12,
83339,SPEAKER_02,-12,
83339,SPEAKER_01,-11,
83339,SPEAKER_02,-11,
83339,SPEAKER_01,-10,
83339,SPEAKER_02,-10,
83339,SPEAKER_01,-9,
83339,SPEAKER_02,-9,
83339,SPEAKER_01,-8,
83339,SPEAKER_02,-8,
83339,SPEAKER_01,-7,
83339,SPEAKER_02,-7,
83339,SPEAKER_01,-6,
83339,SPEAKER_02,-6,
83339,SPEAKER_01,-5,
83339,SPEAKER_02,-5,
83339,SPEAKER_01,-4,
83339,SPEAKER_02,-4,
83339,SPEAKER_01,-3,
83339,SPEAKER_02,-3,
83339,SPEAKER_01,-2,
83339,SPEAKER_02,-2,
83339,SPEAKER_01,-1,1.944427919691221
83339,SPEAKER_02,-1,0.8028613168341211
83339,SPEAKER_01,0,
83339,SPEAKER_02,0,
83339,SPEAKER_01,1,0.3887799971951963
83339,SPEAKER_02,1,0.4128160963265663
83339,SPEAKER_01,2,
83339,SPEAKER_02,2,
83339,SPEAKER_01,3,
83339,SPEAKER_02,3,
83339,SPEAKER_01,4,
83339,SPEAKER_02,4,
83339,SPEAKER_01,5,
83339,SPEAKER_02,5,
83339,SPEAKER_01,6,
83339,SPEAKER_02,6,
83339,SPEAKER_01,7,
83339,SPEAKER_02,7,
83339,SPEAKER_01,8,
83339,SPEAKER_02,8,
83339,SPEAKER_01,9,
83339,SPEAKER_02,9,
83339,SPEAKER_01,10,
83339,SPEAKER_02,10,
83339,SPEAKER_01,11,
83339,SPEAKER_02,11,
83339,SPEAKER_01,12,
83339,SPEAKER_02,12,
83339,SPEAKER_01,13,
83339,SPEAKER_02,13,
83339,SPEAKER_01,14,
83339,SPEAKER_02,14,
83339,SPEAKER_01,15,
83339,SPEAKER_02,15,
83475,SPEAKER_00,-15,
83475,SPEAKER_01,-15,
83475,SPEAKER_00,-14,
83475,SPEAKER_01,-14,
83475,SPEAKER_00,-13,
83475,SPEAKER_01,-13,
83475,SPEAKER_00,-12,
83475,SPEAKER_01,-12,
83475,SPEAKER_00,-11,
83475,SPEAKER_01,-11,
83475,SPEAKER_00,-10,
83475,SPEAKER_01,-10,
83475,SPEAKER_00,-9,
83475,SPEAKER_01,-9,
83475,SPEAKER_00,-8,
83475,SPEAKER_01,-8,
83475,SPEAKER_00,-7,
83475,SPEAKER_01,-7,
83475,SPEAKER_00,-6,
83475,SPEAKER_01,-6,
83475,SPEAKER_00,-5,
83475,SPEAKER_01,-5,
83475,SPEAKER_00,-4,
83475,SPEAKER_01,-4,
83475,SPEAKER_00,-3,
83475,SPEAKER_01,-3,
83475,SPEAKER_00,-2,
83475,SPEAKER_01,-2,
83475,SPEAKER_00,-1,
83475,SPEAKER_01,-1,
83475,SPEAKER_00,0,
83475,SPEAKER_01,0,
83475,SPEAKER_00,1,
83475,SPEAKER_01,1,
83475,SPEAKER_00,2,
83475,SPEAKER_01,2,
83475,SPEAKER_00,3,
83475,SPEAKER_01,3,
83475,SPEAKER_00,4,
83475,SPEAKER_01,4,
83475,SPEAKER_00,5,
83475,SPEAKER_01,5,
83475,SPEAKER_00,6,
83475,SPEAKER_01,6,
83475,SPEAKER_00,7,
83475,SPEAKER_01,7,
83475,SPEAKER_00,8,
83475,SPEAKER_01,8,
83475,SPEAKER_00,9,
83475,SPEAKER_01,9,
83475,SPEAKER_00,10,
83475,SPEAKER_01,10,
83475,SPEAKER_00,11,
83475,SPEAKER_01,11,
83475,SPEAKER_00,12,
83475,SPEAKER_01,12,
83475,SPEAKER_00,13,
83475,SPEAKER_01,13,
83475,SPEAKER_00,14,
83475,SPEAKER_01,14,
83475,SPEAKER_00,15,
83475,SPEAKER_01,15,
83811,SPEAKER_00,-15,
83811,SPEAKER_01,-15,
83811,SPEAKER_00,-14,
83811,SPEAKER_01,-14,
83811,SPEAKER_00,-13,
83811,SPEAKER_01,-13,
83811,SPEAKER_00,-12,
83811,SPEAKER_01,-12,
83811,SPEAKER_00,-11,
83811,SPEAKER_01,-11,
83811,SPEAKER_00,-10,
83811,SPEAKER_01,-10,
83811,SPEAKER_00,-9,
83811,SPEAKER_01,-9,
83811,SPEAKER_00,-8,
83811,SPEAKER_01,-8,
83811,SPEAKER_00,-7,
83811,SPEAKER_01,-7,
83811,SPEAKER_00,-6,
83811,SPEAKER_01,-6,
83811,SPEAKER_00,-5,
83811,SPEAKER_01,-5,
83811,SPEAKER_00,-4,
83811,SPEAKER_01,-4,
83811,SPEAKER_00,-3,
83811,SPEAKER_01,-3,
83811,SPEAKER_00,-2,
83811,SPEAKER_01,-2,
83811,SPEAKER_00,-1,
83811,SPEAKER_01,-1,
83811,SPEAKER_00,0,
83811,SPEAKER_01,0,
83811,SPEAKER_00,1,
83811,SPEAKER_01,1,
83811,SPEAKER_00,2,
83811,SPEAKER_01,2,
83811,SPEAKER_00,3,
83811,SPEAKER_01,3,
83811,SPEAKER_00,4,
83811,SPEAKER_01,4,
83811,SPEAKER_00,5,
83811,SPEAKER_01,5,
83811,SPEAKER_00,6,
83811,SPEAKER_01,6,
83811,SPEAKER_00,7,
83811,SPEAKER_01,7,
83811,SPEAKER_00,8,
83811,SPEAKER_01,8,
83811,SPEAKER_00,9,
83811,SPEAKER_01,9,
83811,SPEAKER_00,10,
83811,SPEAKER_01,10,
83811,SPEAKER_00,11,
83811,SPEAKER_01,11,
83811,SPEAKER_00,12,
83811,SPEAKER_01,12,
83811,SPEAKER_00,13,
83811,SPEAKER_01,13,
83811,SPEAKER_00,14,
83811,SPEAKER_01,14,
83811,SPEAKER_00,15,
83811,SPEAKER_01,15,
83897,SPEAKER_00,-15,
83897,SPEAKER_01,-15,
83897,SPEAKER_00,-14,
83897,SPEAKER_01,-14,
83897,SPEAKER_00,-13,
83897,SPEAKER_01,-13,
83897,SPEAKER_00,-12,
83897,SPEAKER_01,-12,
83897,SPEAKER_00,-11,
83897,SPEAKER_01,-11,
83897,SPEAKER_00,-10,
83897,SPEAKER_01,-10,
83897,SPEAKER_00,-9,
83897,SPEAKER_01,-9,
83897,SPEAKER_00,-8,
83897,SPEAKER_01,-8,
83897,SPEAKER_00,-7,
83897,SPEAKER_01,-7,
83897,SPEAKER_00,-6,
83897,SPEAKER_01,-6,
83897,SPEAKER_00,-5,
83897,SPEAKER_01,-5,
83897,SPEAKER_00,-4,
83897,SPEAKER_01,-4,
83897,SPEAKER_00,-3,
83897,SPEAKER_01,-3,
83897,SPEAKER_00,-2,
83897,SPEAKER_01,-2,
83897,SPEAKER_00,-1,
83897,SPEAKER_01,-1,
83897,SPEAKER_00,0,
83897,SPEAKER_01,0,
83897,SPEAKER_00,1,
83897,SPEAKER_01,1,
83897,SPEAKER_00,2,
83897,SPEAKER_01,2,
83897,SPEAKER_00,3,
83897,SPEAKER_01,3,
83897,SPEAKER_00,4,
83897,SPEAKER_01,4,
83897,SPEAKER_00,5,
83897,SPEAKER_01,5,
83897,SPEAKER_00,6,
83897,SPEAKER_01,6,
83897,SPEAKER_00,7,
83897,SPEAKER_01,7,
83897,SPEAKER_00,8,
83897,SPEAKER_01,8,
83897,SPEAKER_00,9,
83897,SPEAKER_01,9,
83897,SPEAKER_00,10,
83897,SPEAKER_01,10,
83897,SPEAKER_00,11,
83897,SPEAKER_01,11,
83897,SPEAKER_00,12,
83897,SPEAKER_01,12,
83897,SPEAKER_00,13,
83897,SPEAKER_01,13,
83897,SPEAKER_00,14,
83897,SPEAKER_01,14,
83897,SPEAKER_00,15,
83897,SPEAKER_01,15,
83966,SPEAKER_00,-15,
83966,SPEAKER_01,-15,
83966,SPEAKER_00,-14,
83966,SPEAKER_01,-14,
83966,SPEAKER_00,-13,
83966,SPEAKER_01,-13,
83966,SPEAKER_00,-12,
83966,SPEAKER_01,-12,
83966,SPEAKER_00,-11,
83966,SPEAKER_01,-11,
83966,SPEAKER_00,-10,
83966,SPEAKER_01,-10,
83966,SPEAKER_00,-9,
83966,SPEAKER_01,-9,
83966,SPEAKER_00,-8,
83966,SPEAKER_01,-8,
83966,SPEAKER_00,-7,
83966,SPEAKER_01,-7,
83966,SPEAKER_00,-6,
83966,SPEAKER_01,-6,
83966,SPEAKER_00,-5,
83966,SPEAKER_01,-5,
83966,SPEAKER_00,-4,
83966,SPEAKER_01,-4,
83966,SPEAKER_00,-3,
83966,SPEAKER_01,-3,
83966,SPEAKER_00,-2,
83966,SPEAKER_01,-2,
83966,SPEAKER_00,-1,
83966,SPEAKER_01,-1,
83966,SPEAKER_00,0,
83966,SPEAKER_01,0,
83966,SPEAKER_00,1,
83966,SPEAKER_01,1,
83966,SPEAKER_00,2,
83966,SPEAKER_01,2,
83966,SPEAKER_00,3,
83966,SPEAKER_01,3,
83966,SPEAKER_00,4,
83966,SPEAKER_01,4,
83966,SPEAKER_00,5,
83966,SPEAKER_01,5,
83966,SPEAKER_00,6,
83966,SPEAKER_01,6,
83966,SPEAKER_00,7,
83966,SPEAKER_01,7,
83966,SPEAKER_00,8,
83966,SPEAKER_01,8,
83966,SPEAKER_00,9,
83966,SPEAKER_01,9,
83966,SPEAKER_00,10,
83966,SPEAKER_01,10,
83966,SPEAKER_00,11,
83966,SPEAKER_01,11,
83966,SPEAKER_00,12,
83966,SPEAKER_01,12,
83966,SPEAKER_00,13,
83966,SPEAKER_01,13,
83966,SPEAKER_00,14,
83966,SPEAKER_01,14,
83966,SPEAKER_00,15,
83966,SPEAKER_01,15,
83968,SPEAKER_00,-15,
83968,SPEAKER_01,-15,
83968,SPEAKER_00,-14,
83968,SPEAKER_01,-14,
83968,SPEAKER_00,-13,
83968,SPEAKER_01,-13,
83968,SPEAKER_00,-12,
83968,SPEAKER_01,-12,
83968,SPEAKER_00,-11,
83968,SPEAKER_01,-11,
83968,SPEAKER_00,-10,
83968,SPEAKER_01,-10,
83968,SPEAKER_00,-9,
83968,SPEAKER_01,-9,
83968,SPEAKER_00,-8,
83968,SPEAKER_01,-8,
83968,SPEAKER_00,-7,
83968,SPEAKER_01,-7,
83968,SPEAKER_00,-6,
83968,SPEAKER_01,-6,
83968,SPEAKER_00,-5,
83968,SPEAKER_01,-5,
83968,SPEAKER_00,-4,
83968,SPEAKER_01,-4,
83968,SPEAKER_00,-3,
83968,SPEAKER_01,-3,
83968,SPEAKER_00,-2,
83968,SPEAKER_01,-2,
83968,SPEAKER_00,-1,2.4137670407984038
83968,SPEAKER_01,-1,0.5498659923365351
83968,SPEAKER_00,0,
83968,SPEAKER_01,0,
83968,SPEAKER_00,1,0.058638561492951935
83968,SPEAKER_01,1,2.321675497634689
83968,SPEAKER_00,2,
83968,SPEAKER_01,2,
83968,SPEAKER_00,3,
83968,SPEAKER_01,3,
83968,SPEAKER_00,4,
83968,SPEAKER_01,4,
83968,SPEAKER_00,5,
83968,SPEAKER_01,5,
83968,SPEAKER_00,6,
83968,SPEAKER_01,6,
83968,SPEAKER_00,7,
83968,SPEAKER_01,7,
83968,SPEAKER_00,8,
83968,SPEAKER_01,8,
83968,SPEAKER_00,9,
83968,SPEAKER_01,9,
83968,SPEAKER_00,10,
83968,SPEAKER_01,10,
83968,SPEAKER_00,11,
83968,SPEAKER_01,11,
83968,SPEAKER_00,12,
83968,SPEAKER_01,12,
83968,SPEAKER_00,13,
83968,SPEAKER_01,13,
83968,SPEAKER_00,14,
83968,SPEAKER_01,14,
83968,SPEAKER_00,15,
83968,SPEAKER_01,15,
83988,SPEAKER_00,-15,
83988,SPEAKER_01,-15,
83988,SPEAKER_00,-14,
83988,SPEAKER_01,-14,
83988,SPEAKER_00,-13,
83988,SPEAKER_01,-13,
83988,SPEAKER_00,-12,
83988,SPEAKER_01,-12,
83988,SPEAKER_00,-11,
83988,SPEAKER_01,-11,
83988,SPEAKER_00,-10,
83988,SPEAKER_01,-10,
83988,SPEAKER_00,-9,
83988,SPEAKER_01,-9,
83988,SPEAKER_00,-8,
83988,SPEAKER_01,-8,
83988,SPEAKER_00,-7,
83988,SPEAKER_01,-7,
83988,SPEAKER_00,-6,
83988,SPEAKER_01,-6,
83988,SPEAKER_00,-5,
83988,SPEAKER_01,-5,
83988,SPEAKER_00,-4,
83988,SPEAKER_01,-4,
83988,SPEAKER_00,-3,
83988,SPEAKER_01,-3,
83988,SPEAKER_00,-2,
83988,SPEAKER_01,-2,
83988,SPEAKER_00,-1,
83988,SPEAKER_01,-1,
83988,SPEAKER_00,0,
83988,SPEAKER_01,0,
83988,SPEAKER_00,1,
83988,SPEAKER_01,1,
83988,SPEAKER_00,2,
83988,SPEAKER_01,2,
83988,SPEAKER_00,3,
83988,SPEAKER_01,3,
83988,SPEAKER_00,4,
83988,SPEAKER_01,4,
83988,SPEAKER_00,5,
83988,SPEAKER_01,5,
83988,SPEAKER_00,6,
83988,SPEAKER_01,6,
83988,SPEAKER_00,7,
83988,SPEAKER_01,7,
83988,SPEAKER_00,8,
83988,SPEAKER_01,8,
83988,SPEAKER_00,9,
83988,SPEAKER_01,9,
83988,SPEAKER_00,10,
83988,SPEAKER_01,10,
83988,SPEAKER_00,11,
83988,SPEAKER_01,11,
83988,SPEAKER_00,12,
83988,SPEAKER_01,12,
83988,SPEAKER_00,13,
83988,SPEAKER_01,13,
83988,SPEAKER_00,14,
83988,SPEAKER_01,14,
83988,SPEAKER_00,15,
83988,SPEAKER_01,15,
84126,SPEAKER_00,-15,
84126,SPEAKER_01,-15,
84126,SPEAKER_00,-14,0.0004386721728557502
84126,SPEAKER_01,-14,0.9535088257198354
84126,SPEAKER_00,-13,0.9377264786566315
84126,SPEAKER_01,-13,0.0013684125224442953
84126,SPEAKER_00,-12,
84126,SPEAKER_01,-12,
84126,SPEAKER_00,-11,0.08657565063179083
84126,SPEAKER_01,-11,0.8887413579119631
84126,SPEAKER_00,-10,
84126,SPEAKER_01,-10,
84126,SPEAKER_00,-9,1.2691661786818995
84126,SPEAKER_01,-9,3.1749122896882818
84126,SPEAKER_00,-8,
84126,SPEAKER_01,-8,
84126,SPEAKER_00,-7,3.424620680296405
84126,SPEAKER_01,-7,3.258415017465966
84126,SPEAKER_00,-6,
84126,SPEAKER_01,-6,
84126,SPEAKER_00,-5,0.6119681884070834
84126,SPEAKER_01,-5,0.04967667350620501
84126,SPEAKER_00,-4,
84126,SPEAKER_01,-4,
84126,SPEAKER_00,-3,7.137965027800039
84126,SPEAKER_01,-3,4.93563868310109
84126,SPEAKER_00,-2,
84126,SPEAKER_01,-2,
84126,SPEAKER_00,-1,1.7881603862582551
84126,SPEAKER_01,-1,5.275350067400364
84126,SPEAKER_00,0,
84126,SPEAKER_01,0,
84126,SPEAKER_00,1,0.6439445724971253
84126,SPEAKER_01,1,0.15199315609018355
84126,SPEAKER_00,2,
84126,SPEAKER_01,2,
84126,SPEAKER_00,3,1.2679297446872464
84126,SPEAKER_01,3,0.12477613457427013
84126,SPEAKER_00,4,
84126,SPEAKER_01,4,
84126,SPEAKER_00,5,0.05392217058759274
84126,SPEAKER_01,5,0.030571955949159395
84126,SPEAKER_00,6,
84126,SPEAKER_01,6,
84126,SPEAKER_00,7,0.35837675701676586
84126,SPEAKER_01,7,0.1878860045033532
84126,SPEAKER_00,8,
84126,SPEAKER_01,8,
84126,SPEAKER_00,9,10.295174492741893
84126,SPEAKER_01,9,0.0023980972890085637
84126,SPEAKER_00,10,
84126,SPEAKER_01,10,
84126,SPEAKER_00,11,0.09045159208156904
84126,SPEAKER_01,11,2.09807981870166
84126,SPEAKER_00,12,
84126,SPEAKER_01,12,
84126,SPEAKER_00,13,0.9323902331411748
84126,SPEAKER_01,13,4.596469954937682
84126,SPEAKER_00,14,9.75002224402795
84126,SPEAKER_01,14,1.7525723197458927
84126,SPEAKER_00,15,
84126,SPEAKER_01,15,
84158,SPEAKER_00,-15,
84158,SPEAKER_01,-15,
84158,SPEAKER_00,-14,
84158,SPEAKER_01,-14,
84158,SPEAKER_00,-13,
84158,SPEAKER_01,-13,
84158,SPEAKER_00,-12,
84158,SPEAKER_01,-12,
84158,SPEAKER_00,-11,
84158,SPEAKER_01,-11,
84158,SPEAKER_00,-10,
84158,SPEAKER_01,-10,
84158,SPEAKER_00,-9,
84158,SPEAKER_01,-9,
84158,SPEAKER_00,-8,
84158,SPEAKER_01,-8,
84158,SPEAKER_00,-7,
84158,SPEAKER_01,-7,
84158,SPEAKER_00,-6,
84158,SPEAKER_01,-6,
84158,SPEAKER_00,-5,
84158,SPEAKER_01,-5,
84158,SPEAKER_00,-4,
84158,SPEAKER_01,-4,
84158,SPEAKER_00,-3,
84158,SPEAKER_01,-3,
84158,SPEAKER_00,-2,
84158,SPEAKER_01,-2,
84158,SPEAKER_00,-1,
84158,SPEAKER_01,-1,
84158,SPEAKER_00,0,
84158,SPEAKER_01,0,
84158,SPEAKER_00,1,
84158,SPEAKER_01,1,
84158,SPEAKER_00,2,
84158,SPEAKER_01,2,
84158,SPEAKER_00,3,
84158,SPEAKER_01,3,
84158,SPEAKER_00,4,
84158,SPEAKER_01,4,
84158,SPEAKER_00,5,
84158,SPEAKER_01,5,
84158,SPEAKER_00,6,
84158,SPEAKER_01,6,
84158,SPEAKER_00,7,
84158,SPEAKER_01,7,
84158,SPEAKER_00,8,
84158,SPEAKER_01,8,
84158,SPEAKER_00,9,
84158,SPEAKER_01,9,
84158,SPEAKER_00,10,
84158,SPEAKER_01,10,
84158,SPEAKER_00,11,
84158,SPEAKER_01,11,
84158,SPEAKER_00,12,
84158,SPEAKER_01,12,
84158,SPEAKER_00,13,
84158,SPEAKER_01,13,
84158,SPEAKER_00,14,
84158,SPEAKER_01,14,
84158,SPEAKER_00,15,
84158,SPEAKER_01,15,
84507,SPEAKER_00,-15,
84507,SPEAKER_01,-15,
84507,SPEAKER_00,-14,
84507,SPEAKER_01,-14,
84507,SPEAKER_00,-13,
84507,SPEAKER_01,-13,
84507,SPEAKER_00,-12,
84507,SPEAKER_01,-12,
84507,SPEAKER_00,-11,
84507,SPEAKER_01,-11,
84507,SPEAKER_00,-10,
84507,SPEAKER_01,-10,
84507,SPEAKER_00,-9,
84507,SPEAKER_01,-9,
84507,SPEAKER_00,-8,
84507,SPEAKER_01,-8,
84507,SPEAKER_00,-7,
84507,SPEAKER_01,-7,
84507,SPEAKER_00,-6,
84507,SPEAKER_01,-6,
84507,SPEAKER_00,-5,
84507,SPEAKER_01,-5,
84507,SPEAKER_00,-4,
84507,SPEAKER_01,-4,
84507,SPEAKER_00,-3,
84507,SPEAKER_01,-3,
84507,SPEAKER_00,-2,
84507,SPEAKER_01,-2,
84507,SPEAKER_00,-1,
84507,SPEAKER_01,-1,
84507,SPEAKER_00,0,
84507,SPEAKER_01,0,
84507,SPEAKER_00,1,
84507,SPEAKER_01,1,
84507,SPEAKER_00,2,
84507,SPEAKER_01,2,
84507,SPEAKER_00,3,
84507,SPEAKER_01,3,
84507,SPEAKER_00,4,
84507,SPEAKER_01,4,
84507,SPEAKER_00,5,
84507,SPEAKER_01,5,
84507,SPEAKER_00,6,
84507,SPEAKER_01,6,
84507,SPEAKER_00,7,
84507,SPEAKER_01,7,
84507,SPEAKER_00,8,
84507,SPEAKER_01,8,
84507,SPEAKER_00,9,
84507,SPEAKER_01,9,
84507,SPEAKER_00,10,
84507,SPEAKER_01,10,
84507,SPEAKER_00,11,
84507,SPEAKER_01,11,
84507,SPEAKER_00,12,
84507,SPEAKER_01,12,
84507,SPEAKER_00,13,
84507,SPEAKER_01,13,
84507,SPEAKER_00,14,
84507,SPEAKER_01,14,
84507,SPEAKER_00,15,
84507,SPEAKER_01,15,
84593,SPEAKER_00,-15,
84593,SPEAKER_03,-15,
84593,SPEAKER_00,-14,
84593,SPEAKER_03,-14,
84593,SPEAKER_00,-13,
84593,SPEAKER_03,-13,
84593,SPEAKER_00,-12,
84593,SPEAKER_03,-12,
84593,SPEAKER_00,-11,
84593,SPEAKER_03,-11,
84593,SPEAKER_00,-10,
84593,SPEAKER_03,-10,
84593,SPEAKER_00,-9,
84593,SPEAKER_03,-9,
84593,SPEAKER_00,-8,
84593,SPEAKER_03,-8,
84593,SPEAKER_00,-7,
84593,SPEAKER_03,-7,
84593,SPEAKER_00,-6,
84593,SPEAKER_03,-6,
84593,SPEAKER_00,-5,
84593,SPEAKER_03,-5,
84593,SPEAKER_00,-4,
84593,SPEAKER_03,-4,
84593,SPEAKER_00,-3,
84593,SPEAKER_03,-3,
84593,SPEAKER_00,-2,
84593,SPEAKER_03,-2,
84593,SPEAKER_00,-1,0.015014046096746812
84593,SPEAKER_03,-1,0.0003943239779818764
84593,SPEAKER_00,0,
84593,SPEAKER_03,0,
84593,SPEAKER_00,1,4.453079987351381
84593,SPEAKER_03,1,1.4613388491682102
84593,SPEAKER_00,2,
84593,SPEAKER_03,2,
84593,SPEAKER_00,3,
84593,SPEAKER_03,3,
84593,SPEAKER_00,4,
84593,SPEAKER_03,4,
84593,SPEAKER_00,5,
84593,SPEAKER_03,5,
84593,SPEAKER_00,6,
84593,SPEAKER_03,6,
84593,SPEAKER_00,7,
84593,SPEAKER_03,7,
84593,SPEAKER_00,8,
84593,SPEAKER_03,8,
84593,SPEAKER_00,9,
84593,SPEAKER_03,9,
84593,SPEAKER_00,10,
84593,SPEAKER_03,10,
84593,SPEAKER_00,11,
84593,SPEAKER_03,11,
84593,SPEAKER_00,12,
84593,SPEAKER_03,12,
84593,SPEAKER_00,13,
84593,SPEAKER_03,13,
84593,SPEAKER_00,14,
84593,SPEAKER_03,14,
84593,SPEAKER_00,15,
84593,SPEAKER_03,15,
84720,SPEAKER_00,-15,
84720,SPEAKER_01,-15,
84720,SPEAKER_00,-14,
84720,SPEAKER_01,-14,
84720,SPEAKER_00,-13,0.002472906775245007
84720,SPEAKER_01,-13,
84720,SPEAKER_00,-12,
84720,SPEAKER_01,-12,
84720,SPEAKER_00,-11,0.00038909619593170035
84720,SPEAKER_01,-11,0.04121240848149733
84720,SPEAKER_00,-10,
84720,SPEAKER_01,-10,
84720,SPEAKER_00,-9,0.8639530841961646
84720,SPEAKER_01,-9,1.1969267305585511
84720,SPEAKER_00,-8,
84720,SPEAKER_01,-8,
84720,SPEAKER_00,-7,1.174789827477796
84720,SPEAKER_01,-7,1.367633805219742
84720,SPEAKER_00,-6,
84720,SPEAKER_01,-6,
84720,SPEAKER_00,-5,0.5292755233721695
84720,SPEAKER_01,-5,1.2784799288090198
84720,SPEAKER_00,-4,
84720,SPEAKER_01,-4,
84720,SPEAKER_00,-3,6.229406294752453
84720,SPEAKER_01,-3,5.857049023401859
84720,SPEAKER_00,-2,
84720,SPEAKER_01,-2,
84720,SPEAKER_00,-1,1.5626332680740784
84720,SPEAKER_01,-1,0.5227322706877573
84720,SPEAKER_00,0,
84720,SPEAKER_01,0,
84720,SPEAKER_00,1,0.04056178043761625
84720,SPEAKER_01,1,0.17049741889757386
84720,SPEAKER_00,2,
84720,SPEAKER_01,2,
84720,SPEAKER_00,3,0.9574105629031536
84720,SPEAKER_01,3,0.46995573171468535
84720,SPEAKER_00,4,
84720,SPEAKER_01,4,
84720,SPEAKER_00,5,0.7120274167976616
84720,SPEAKER_01,5,1.203656684446264
84720,SPEAKER_00,6,
84720,SPEAKER_01,6,
84720,SPEAKER_00,7,0.26093655656614423
84720,SPEAKER_01,7,1.324760429783876
84720,SPEAKER_00,8,
84720,SPEAKER_01,8,
84720,SPEAKER_00,9,1.0827564398108713
84720,SPEAKER_01,9,0.017938319587275826
84720,SPEAKER_00,10,
84720,SPEAKER_01,10,
84720,SPEAKER_00,11,3.708537525072043
84720,SPEAKER_01,11,1.5210007877181448
84720,SPEAKER_00,12,
84720,SPEAKER_01,12,
84720,SPEAKER_00,13,
84720,SPEAKER_01,13,2.294898999238016
84720,SPEAKER_00,14,
84720,SPEAKER_01,14,
84720,SPEAKER_00,15,
84720,SPEAKER_01,15,
84776,SPEAKER_00,-15,
84776,SPEAKER_03,-15,
84776,SPEAKER_00,-14,
84776,SPEAKER_03,-14,
84776,SPEAKER_00,-13,
84776,SPEAKER_03,-13,
84776,SPEAKER_00,-12,
84776,SPEAKER_03,-12,
84776,SPEAKER_00,-11,
84776,SPEAKER_03,-11,
84776,SPEAKER_00,-10,
84776,SPEAKER_03,-10,
84776,SPEAKER_00,-9,
84776,SPEAKER_03,-9,
84776,SPEAKER_00,-8,
84776,SPEAKER_03,-8,
84776,SPEAKER_00,-7,
84776,SPEAKER_03,-7,
84776,SPEAKER_00,-6,
84776,SPEAKER_03,-6,
84776,SPEAKER_00,-5,
84776,SPEAKER_03,-5,
84776,SPEAKER_00,-4,
84776,SPEAKER_03,-4,
84776,SPEAKER_00,-3,
84776,SPEAKER_03,-3,
84776,SPEAKER_00,-2,
84776,SPEAKER_03,-2,
84776,SPEAKER_00,-1,
84776,SPEAKER_03,-1,
84776,SPEAKER_00,0,
84776,SPEAKER_03,0,
84776,SPEAKER_00,1,
84776,SPEAKER_03,1,
84776,SPEAKER_00,2,
84776,SPEAKER_03,2,
84776,SPEAKER_00,3,
84776,SPEAKER_03,3,
84776,SPEAKER_00,4,
84776,SPEAKER_03,4,
84776,SPEAKER_00,5,
84776,SPEAKER_03,5,
84776,SPEAKER_00,6,
84776,SPEAKER_03,6,
84776,SPEAKER_00,7,
84776,SPEAKER_03,7,
84776,SPEAKER_00,8,
84776,SPEAKER_03,8,
84776,SPEAKER_00,9,
84776,SPEAKER_03,9,
84776,SPEAKER_00,10,
84776,SPEAKER_03,10,
84776,SPEAKER_00,11,
84776,SPEAKER_03,11,
84776,SPEAKER_00,12,
84776,SPEAKER_03,12,
84776,SPEAKER_00,13,
84776,SPEAKER_03,13,
84776,SPEAKER_00,14,
84776,SPEAKER_03,14,
84776,SPEAKER_00,15,
84776,SPEAKER_03,15,
84778,SPEAKER_00,-15,
84778,SPEAKER_01,-15,
84778,SPEAKER_00,-14,
84778,SPEAKER_01,-14,
84778,SPEAKER_00,-13,
84778,SPEAKER_01,-13,
84778,SPEAKER_00,-12,
84778,SPEAKER_01,-12,
84778,SPEAKER_00,-11,
84778,SPEAKER_01,-11,
84778,SPEAKER_00,-10,
84778,SPEAKER_01,-10,
84778,SPEAKER_00,-9,
84778,SPEAKER_01,-9,
84778,SPEAKER_00,-8,
84778,SPEAKER_01,-8,
84778,SPEAKER_00,-7,
84778,SPEAKER_01,-7,
84778,SPEAKER_00,-6,
84778,SPEAKER_01,-6,
84778,SPEAKER_00,-5,
84778,SPEAKER_01,-5,
84778,SPEAKER_00,-4,
84778,SPEAKER_01,-4,
84778,SPEAKER_00,-3,
84778,SPEAKER_01,-3,
84778,SPEAKER_00,-2,
84778,SPEAKER_01,-2,
84778,SPEAKER_00,-1,
84778,SPEAKER_01,-1,
84778,SPEAKER_00,0,
84778,SPEAKER_01,0,
84778,SPEAKER_00,1,
84778,SPEAKER_01,1,
84778,SPEAKER_00,2,
84778,SPEAKER_01,2,
84778,SPEAKER_00,3,
84778,SPEAKER_01,3,
84778,SPEAKER_00,4,
84778,SPEAKER_01,4,
84778,SPEAKER_00,5,
84778,SPEAKER_01,5,
84778,SPEAKER_00,6,
84778,SPEAKER_01,6,
84778,SPEAKER_00,7,
84778,SPEAKER_01,7,
84778,SPEAKER_00,8,
84778,SPEAKER_01,8,
84778,SPEAKER_00,9,
84778,SPEAKER_01,9,
84778,SPEAKER_00,10,
84778,SPEAKER_01,10,
84778,SPEAKER_00,11,
84778,SPEAKER_01,11,
84778,SPEAKER_00,12,
84778,SPEAKER_01,12,
84778,SPEAKER_00,13,
84778,SPEAKER_01,13,
84778,SPEAKER_00,14,
84778,SPEAKER_01,14,
84778,SPEAKER_00,15,
84778,SPEAKER_01,15,
84779,SPEAKER_00,-15,
84779,SPEAKER_01,-15,
84779,SPEAKER_00,-14,
84779,SPEAKER_01,-14,
84779,SPEAKER_00,-13,
84779,SPEAKER_01,-13,
84779,SPEAKER_00,-12,
84779,SPEAKER_01,-12,
84779,SPEAKER_00,-11,
84779,SPEAKER_01,-11,
84779,SPEAKER_00,-10,
84779,SPEAKER_01,-10,
84779,SPEAKER_00,-9,
84779,SPEAKER_01,-9,
84779,SPEAKER_00,-8,
84779,SPEAKER_01,-8,
84779,SPEAKER_00,-7,
84779,SPEAKER_01,-7,
84779,SPEAKER_00,-6,
84779,SPEAKER_01,-6,
84779,SPEAKER_00,-5,
84779,SPEAKER_01,-5,
84779,SPEAKER_00,-4,
84779,SPEAKER_01,-4,
84779,SPEAKER_00,-3,
84779,SPEAKER_01,-3,
84779,SPEAKER_00,-2,
84779,SPEAKER_01,-2,
84779,SPEAKER_00,-1,
84779,SPEAKER_01,-1,
84779,SPEAKER_00,0,
84779,SPEAKER_01,0,
84779,SPEAKER_00,1,
84779,SPEAKER_01,1,
84779,SPEAKER_00,2,
84779,SPEAKER_01,2,
84779,SPEAKER_00,3,
84779,SPEAKER_01,3,
84779,SPEAKER_00,4,
84779,SPEAKER_01,4,
84779,SPEAKER_00,5,
84779,SPEAKER_01,5,
84779,SPEAKER_00,6,
84779,SPEAKER_01,6,
84779,SPEAKER_00,7,
84779,SPEAKER_01,7,
84779,SPEAKER_00,8,
84779,SPEAKER_01,8,
84779,SPEAKER_00,9,
84779,SPEAKER_01,9,
84779,SPEAKER_00,10,
84779,SPEAKER_01,10,
84779,SPEAKER_00,11,
84779,SPEAKER_01,11,
84779,SPEAKER_00,12,
84779,SPEAKER_01,12,
84779,SPEAKER_00,13,
84779,SPEAKER_01,13,
84779,SPEAKER_00,14,
84779,SPEAKER_01,14,
84779,SPEAKER_00,15,
84779,SPEAKER_01,15,
84782,SPEAKER_00,-15,
84782,SPEAKER_01,-15,
84782,SPEAKER_00,-14,
84782,SPEAKER_01,-14,
84782,SPEAKER_00,-13,
84782,SPEAKER_01,-13,
84782,SPEAKER_00,-12,
84782,SPEAKER_01,-12,
84782,SPEAKER_00,-11,
84782,SPEAKER_01,-11,
84782,SPEAKER_00,-10,
84782,SPEAKER_01,-10,
84782,SPEAKER_00,-9,
84782,SPEAKER_01,-9,
84782,SPEAKER_00,-8,
84782,SPEAKER_01,-8,
84782,SPEAKER_00,-7,
84782,SPEAKER_01,-7,
84782,SPEAKER_00,-6,
84782,SPEAKER_01,-6,
84782,SPEAKER_00,-5,
84782,SPEAKER_01,-5,
84782,SPEAKER_00,-4,
84782,SPEAKER_01,-4,
84782,SPEAKER_00,-3,
84782,SPEAKER_01,-3,
84782,SPEAKER_00,-2,
84782,SPEAKER_01,-2,
84782,SPEAKER_00,-1,
84782,SPEAKER_01,-1,
84782,SPEAKER_00,0,
84782,SPEAKER_01,0,
84782,SPEAKER_00,1,
84782,SPEAKER_01,1,
84782,SPEAKER_00,2,
84782,SPEAKER_01,2,
84782,SPEAKER_00,3,
84782,SPEAKER_01,3,
84782,SPEAKER_00,4,
84782,SPEAKER_01,4,
84782,SPEAKER_00,5,
84782,SPEAKER_01,5,
84782,SPEAKER_00,6,
84782,SPEAKER_01,6,
84782,SPEAKER_00,7,
84782,SPEAKER_01,7,
84782,SPEAKER_00,8,
84782,SPEAKER_01,8,
84782,SPEAKER_00,9,
84782,SPEAKER_01,9,
84782,SPEAKER_00,10,
84782,SPEAKER_01,10,
84782,SPEAKER_00,11,
84782,SPEAKER_01,11,
84782,SPEAKER_00,12,
84782,SPEAKER_01,12,
84782,SPEAKER_00,13,
84782,SPEAKER_01,13,
84782,SPEAKER_00,14,
84782,SPEAKER_01,14,
84782,SPEAKER_00,15,
84782,SPEAKER_01,15,
84783,SPEAKER_01,-15,
84783,SPEAKER_05,-15,
84783,SPEAKER_01,-14,
84783,SPEAKER_05,-14,
84783,SPEAKER_01,-13,
84783,SPEAKER_05,-13,
84783,SPEAKER_01,-12,
84783,SPEAKER_05,-12,
84783,SPEAKER_01,-11,
84783,SPEAKER_05,-11,
84783,SPEAKER_01,-10,
84783,SPEAKER_05,-10,
84783,SPEAKER_01,-9,
84783,SPEAKER_05,-9,
84783,SPEAKER_01,-8,
84783,SPEAKER_05,-8,
84783,SPEAKER_01,-7,
84783,SPEAKER_05,-7,
84783,SPEAKER_01,-6,
84783,SPEAKER_05,-6,
84783,SPEAKER_01,-5,
84783,SPEAKER_05,-5,
84783,SPEAKER_01,-4,
84783,SPEAKER_05,-4,
84783,SPEAKER_01,-3,
84783,SPEAKER_05,-3,
84783,SPEAKER_01,-2,
84783,SPEAKER_05,-2,
84783,SPEAKER_01,-1,
84783,SPEAKER_05,-1,
84783,SPEAKER_01,0,
84783,SPEAKER_05,0,
84783,SPEAKER_01,1,
84783,SPEAKER_05,1,
84783,SPEAKER_01,2,
84783,SPEAKER_05,2,
84783,SPEAKER_01,3,
84783,SPEAKER_05,3,
84783,SPEAKER_01,4,
84783,SPEAKER_05,4,
84783,SPEAKER_01,5,
84783,SPEAKER_05,5,
84783,SPEAKER_01,6,
84783,SPEAKER_05,6,
84783,SPEAKER_01,7,
84783,SPEAKER_05,7,
84783,SPEAKER_01,8,
84783,SPEAKER_05,8,
84783,SPEAKER_01,9,
84783,SPEAKER_05,9,
84783,SPEAKER_01,10,
84783,SPEAKER_05,10,
84783,SPEAKER_01,11,
84783,SPEAKER_05,11,
84783,SPEAKER_01,12,
84783,SPEAKER_05,12,
84783,SPEAKER_01,13,
84783,SPEAKER_05,13,
84783,SPEAKER_01,14,
84783,SPEAKER_05,14,
84783,SPEAKER_01,15,
84783,SPEAKER_05,15,
85782,SPEAKER_00,-15,
85782,SPEAKER_01,-15,
85782,SPEAKER_00,-14,
85782,SPEAKER_01,-14,
85782,SPEAKER_00,-13,
85782,SPEAKER_01,-13,
85782,SPEAKER_00,-12,
85782,SPEAKER_01,-12,
85782,SPEAKER_00,-11,
85782,SPEAKER_01,-11,
85782,SPEAKER_00,-10,
85782,SPEAKER_01,-10,
85782,SPEAKER_00,-9,
85782,SPEAKER_01,-9,
85782,SPEAKER_00,-8,
85782,SPEAKER_01,-8,
85782,SPEAKER_00,-7,
85782,SPEAKER_01,-7,
85782,SPEAKER_00,-6,
85782,SPEAKER_01,-6,
85782,SPEAKER_00,-5,
85782,SPEAKER_01,-5,
85782,SPEAKER_00,-4,
85782,SPEAKER_01,-4,
85782,SPEAKER_00,-3,
85782,SPEAKER_01,-3,
85782,SPEAKER_00,-2,
85782,SPEAKER_01,-2,
85782,SPEAKER_00,-1,
85782,SPEAKER_01,-1,
85782,SPEAKER_00,0,
85782,SPEAKER_01,0,
85782,SPEAKER_00,1,
85782,SPEAKER_01,1,
85782,SPEAKER_00,2,
85782,SPEAKER_01,2,
85782,SPEAKER_00,3,
85782,SPEAKER_01,3,
85782,SPEAKER_00,4,
85782,SPEAKER_01,4,
85782,SPEAKER_00,5,
85782,SPEAKER_01,5,
85782,SPEAKER_00,6,
85782,SPEAKER_01,6,
85782,SPEAKER_00,7,
85782,SPEAKER_01,7,
85782,SPEAKER_00,8,
85782,SPEAKER_01,8,
85782,SPEAKER_00,9,
85782,SPEAKER_01,9,
85782,SPEAKER_00,10,
85782,SPEAKER_01,10,
85782,SPEAKER_00,11,
85782,SPEAKER_01,11,
85782,SPEAKER_00,12,
85782,SPEAKER_01,12,
85782,SPEAKER_00,13,
85782,SPEAKER_01,13,
85782,SPEAKER_00,14,
85782,SPEAKER_01,14,
85782,SPEAKER_00,15,
85782,SPEAKER_01,15,
85858,SPEAKER_00,-15,
85858,SPEAKER_02,-15,
85858,SPEAKER_00,-14,
85858,SPEAKER_02,-14,
85858,SPEAKER_00,-13,
85858,SPEAKER_02,-13,
85858,SPEAKER_00,-12,
85858,SPEAKER_02,-12,
85858,SPEAKER_00,-11,
85858,SPEAKER_02,-11,
85858,SPEAKER_00,-10,
85858,SPEAKER_02,-10,
85858,SPEAKER_00,-9,
85858,SPEAKER_02,-9,
85858,SPEAKER_00,-8,
85858,SPEAKER_02,-8,
85858,SPEAKER_00,-7,
85858,SPEAKER_02,-7,
85858,SPEAKER_00,-6,
85858,SPEAKER_02,-6,
85858,SPEAKER_00,-5,
85858,SPEAKER_02,-5,
85858,SPEAKER_00,-4,
85858,SPEAKER_02,-4,
85858,SPEAKER_00,-3,
85858,SPEAKER_02,-3,
85858,SPEAKER_00,-2,
85858,SPEAKER_02,-2,
85858,SPEAKER_00,-1,
85858,SPEAKER_02,-1,
85858,SPEAKER_00,0,
85858,SPEAKER_02,0,
85858,SPEAKER_00,1,
85858,SPEAKER_02,1,
85858,SPEAKER_00,2,
85858,SPEAKER_02,2,
85858,SPEAKER_00,3,
85858,SPEAKER_02,3,
85858,SPEAKER_00,4,
85858,SPEAKER_02,4,
85858,SPEAKER_00,5,
85858,SPEAKER_02,5,
85858,SPEAKER_00,6,
85858,SPEAKER_02,6,
85858,SPEAKER_00,7,
85858,SPEAKER_02,7,
85858,SPEAKER_00,8,
85858,SPEAKER_02,8,
85858,SPEAKER_00,9,
85858,SPEAKER_02,9,
85858,SPEAKER_00,10,
85858,SPEAKER_02,10,
85858,SPEAKER_00,11,
85858,SPEAKER_02,11,
85858,SPEAKER_00,12,
85858,SPEAKER_02,12,
85858,SPEAKER_00,13,
85858,SPEAKER_02,13,
85858,SPEAKER_00,14,
85858,SPEAKER_02,14,
85858,SPEAKER_00,15,
85858,SPEAKER_02,15,
85977,SPEAKER_00,-15,
85977,SPEAKER_01,-15,
85977,SPEAKER_00,-14,
85977,SPEAKER_01,-14,
85977,SPEAKER_00,-13,
85977,SPEAKER_01,-13,
85977,SPEAKER_00,-12,
85977,SPEAKER_01,-12,
85977,SPEAKER_00,-11,
85977,SPEAKER_01,-11,
85977,SPEAKER_00,-10,
85977,SPEAKER_01,-10,
85977,SPEAKER_00,-9,
85977,SPEAKER_01,-9,
85977,SPEAKER_00,-8,
85977,SPEAKER_01,-8,
85977,SPEAKER_00,-7,
85977,SPEAKER_01,-7,
85977,SPEAKER_00,-6,
85977,SPEAKER_01,-6,
85977,SPEAKER_00,-5,
85977,SPEAKER_01,-5,
85977,SPEAKER_00,-4,
85977,SPEAKER_01,-4,
85977,SPEAKER_00,-3,
85977,SPEAKER_01,-3,
85977,SPEAKER_00,-2,
85977,SPEAKER_01,-2,
85977,SPEAKER_00,-1,
85977,SPEAKER_01,-1,
85977,SPEAKER_00,0,
85977,SPEAKER_01,0,
85977,SPEAKER_00,1,
85977,SPEAKER_01,1,
85977,SPEAKER_00,2,
85977,SPEAKER_01,2,
85977,SPEAKER_00,3,
85977,SPEAKER_01,3,
85977,SPEAKER_00,4,
85977,SPEAKER_01,4,
85977,SPEAKER_00,5,
85977,SPEAKER_01,5,
85977,SPEAKER_00,6,
85977,SPEAKER_01,6,
85977,SPEAKER_00,7,
85977,SPEAKER_01,7,
85977,SPEAKER_00,8,
85977,SPEAKER_01,8,
85977,SPEAKER_00,9,
85977,SPEAKER_01,9,
85977,SPEAKER_00,10,
85977,SPEAKER_01,10,
85977,SPEAKER_00,11,
85977,SPEAKER_01,11,
85977,SPEAKER_00,12,
85977,SPEAKER_01,12,
85977,SPEAKER_00,13,
85977,SPEAKER_01,13,
85977,SPEAKER_00,14,
85977,SPEAKER_01,14,
85977,SPEAKER_00,15,
85977,SPEAKER_01,15,
86224,SPEAKER_00,-15,
86224,SPEAKER_01,-15,
86224,SPEAKER_00,-14,
86224,SPEAKER_01,-14,
86224,SPEAKER_00,-13,
86224,SPEAKER_01,-13,
86224,SPEAKER_00,-12,
86224,SPEAKER_01,-12,
86224,SPEAKER_00,-11,
86224,SPEAKER_01,-11,
86224,SPEAKER_00,-10,
86224,SPEAKER_01,-10,
86224,SPEAKER_00,-9,
86224,SPEAKER_01,-9,
86224,SPEAKER_00,-8,
86224,SPEAKER_01,-8,
86224,SPEAKER_00,-7,0.41329123783412935
86224,SPEAKER_01,-7,0.03660113880167343
86224,SPEAKER_00,-6,
86224,SPEAKER_01,-6,
86224,SPEAKER_00,-5,0.2887473358437496
86224,SPEAKER_01,-5,0.5112203661852516
86224,SPEAKER_00,-4,
86224,SPEAKER_01,-4,
86224,SPEAKER_00,-3,0.5505330908857542
86224,SPEAKER_01,-3,1.2999827287834622
86224,SPEAKER_00,-2,
86224,SPEAKER_01,-2,
86224,SPEAKER_00,-1,1.5876265395761249
86224,SPEAKER_01,-1,0.5740327373148777
86224,SPEAKER_00,0,
86224,SPEAKER_01,0,
86224,SPEAKER_00,1,0.3554698218608638
86224,SPEAKER_01,1,0.39345216649649467
86224,SPEAKER_00,2,
86224,SPEAKER_01,2,
86224,SPEAKER_00,3,2.0634217664070933
86224,SPEAKER_01,3,0.4789806708848592
86224,SPEAKER_00,4,
86224,SPEAKER_01,4,
86224,SPEAKER_00,5,0.0059880379439028845
86224,SPEAKER_01,5,0.048759469266509745
86224,SPEAKER_00,6,
86224,SPEAKER_01,6,
86224,SPEAKER_00,7,0.13004381295303283
86224,SPEAKER_01,7,0.9801340080735422
86224,SPEAKER_00,8,
86224,SPEAKER_01,8,
86224,SPEAKER_00,9,
86224,SPEAKER_01,9,
86224,SPEAKER_00,10,
86224,SPEAKER_01,10,
86224,SPEAKER_00,11,
86224,SPEAKER_01,11,
86224,SPEAKER_00,12,
86224,SPEAKER_01,12,
86224,SPEAKER_00,13,
86224,SPEAKER_01,13,
86224,SPEAKER_00,14,
86224,SPEAKER_01,14,
86224,SPEAKER_00,15,
86224,SPEAKER_01,15,
86305,SPEAKER_00,-15,
86305,SPEAKER_01,-15,
86305,SPEAKER_00,-14,
86305,SPEAKER_01,-14,
86305,SPEAKER_00,-13,
86305,SPEAKER_01,-13,
86305,SPEAKER_00,-12,
86305,SPEAKER_01,-12,
86305,SPEAKER_00,-11,
86305,SPEAKER_01,-11,
86305,SPEAKER_00,-10,
86305,SPEAKER_01,-10,
86305,SPEAKER_00,-9,
86305,SPEAKER_01,-9,
86305,SPEAKER_00,-8,
86305,SPEAKER_01,-8,
86305,SPEAKER_00,-7,
86305,SPEAKER_01,-7,
86305,SPEAKER_00,-6,
86305,SPEAKER_01,-6,
86305,SPEAKER_00,-5,
86305,SPEAKER_01,-5,
86305,SPEAKER_00,-4,
86305,SPEAKER_01,-4,
86305,SPEAKER_00,-3,
86305,SPEAKER_01,-3,
86305,SPEAKER_00,-2,
86305,SPEAKER_01,-2,
86305,SPEAKER_00,-1,
86305,SPEAKER_01,-1,
86305,SPEAKER_00,0,
86305,SPEAKER_01,0,
86305,SPEAKER_00,1,
86305,SPEAKER_01,1,
86305,SPEAKER_00,2,
86305,SPEAKER_01,2,
86305,SPEAKER_00,3,
86305,SPEAKER_01,3,
86305,SPEAKER_00,4,
86305,SPEAKER_01,4,
86305,SPEAKER_00,5,
86305,SPEAKER_01,5,
86305,SPEAKER_00,6,
86305,SPEAKER_01,6,
86305,SPEAKER_00,7,
86305,SPEAKER_01,7,
86305,SPEAKER_00,8,
86305,SPEAKER_01,8,
86305,SPEAKER_00,9,
86305,SPEAKER_01,9,
86305,SPEAKER_00,10,
86305,SPEAKER_01,10,
86305,SPEAKER_00,11,
86305,SPEAKER_01,11,
86305,SPEAKER_00,12,
86305,SPEAKER_01,12,
86305,SPEAKER_00,13,
86305,SPEAKER_01,13,
86305,SPEAKER_00,14,
86305,SPEAKER_01,14,
86305,SPEAKER_00,15,
86305,SPEAKER_01,15,
86349,SPEAKER_00,-15,
86349,SPEAKER_01,-15,
86349,SPEAKER_00,-14,
86349,SPEAKER_01,-14,
86349,SPEAKER_00,-13,
86349,SPEAKER_01,-13,
86349,SPEAKER_00,-12,
86349,SPEAKER_01,-12,
86349,SPEAKER_00,-11,
86349,SPEAKER_01,-11,
86349,SPEAKER_00,-10,
86349,SPEAKER_01,-10,
86349,SPEAKER_00,-9,
86349,SPEAKER_01,-9,
86349,SPEAKER_00,-8,
86349,SPEAKER_01,-8,
86349,SPEAKER_00,-7,
86349,SPEAKER_01,-7,
86349,SPEAKER_00,-6,
86349,SPEAKER_01,-6,
86349,SPEAKER_00,-5,
86349,SPEAKER_01,-5,
86349,SPEAKER_00,-4,
86349,SPEAKER_01,-4,
86349,SPEAKER_00,-3,
86349,SPEAKER_01,-3,
86349,SPEAKER_00,-2,
86349,SPEAKER_01,-2,
86349,SPEAKER_00,-1,0.6773715030575012
86349,SPEAKER_01,-1,0.10152715932925048
86349,SPEAKER_00,0,
86349,SPEAKER_01,0,
86349,SPEAKER_00,1,3.4503377681207117
86349,SPEAKER_01,1,4.083207152593312
86349,SPEAKER_00,2,
86349,SPEAKER_01,2,
86349,SPEAKER_00,3,
86349,SPEAKER_01,3,
86349,SPEAKER_00,4,
86349,SPEAKER_01,4,
86349,SPEAKER_00,5,
86349,SPEAKER_01,5,
86349,SPEAKER_00,6,
86349,SPEAKER_01,6,
86349,SPEAKER_00,7,
86349,SPEAKER_01,7,
86349,SPEAKER_00,8,
86349,SPEAKER_01,8,
86349,SPEAKER_00,9,
86349,SPEAKER_01,9,
86349,SPEAKER_00,10,
86349,SPEAKER_01,10,
86349,SPEAKER_00,11,
86349,SPEAKER_01,11,
86349,SPEAKER_00,12,
86349,SPEAKER_01,12,
86349,SPEAKER_00,13,
86349,SPEAKER_01,13,
86349,SPEAKER_00,14,
86349,SPEAKER_01,14,
86349,SPEAKER_00,15,
86349,SPEAKER_01,15,
86519,SPEAKER_00,-15,
86519,SPEAKER_01,-15,
86519,SPEAKER_00,-14,
86519,SPEAKER_01,-14,
86519,SPEAKER_00,-13,
86519,SPEAKER_01,-13,
86519,SPEAKER_00,-12,
86519,SPEAKER_01,-12,
86519,SPEAKER_00,-11,
86519,SPEAKER_01,-11,
86519,SPEAKER_00,-10,
86519,SPEAKER_01,-10,
86519,SPEAKER_00,-9,
86519,SPEAKER_01,-9,
86519,SPEAKER_00,-8,
86519,SPEAKER_01,-8,
86519,SPEAKER_00,-7,
86519,SPEAKER_01,-7,
86519,SPEAKER_00,-6,
86519,SPEAKER_01,-6,
86519,SPEAKER_00,-5,
86519,SPEAKER_01,-5,
86519,SPEAKER_00,-4,
86519,SPEAKER_01,-4,
86519,SPEAKER_00,-3,
86519,SPEAKER_01,-3,
86519,SPEAKER_00,-2,
86519,SPEAKER_01,-2,
86519,SPEAKER_00,-1,
86519,SPEAKER_01,-1,
86519,SPEAKER_00,0,
86519,SPEAKER_01,0,
86519,SPEAKER_00,1,
86519,SPEAKER_01,1,
86519,SPEAKER_00,2,
86519,SPEAKER_01,2,
86519,SPEAKER_00,3,
86519,SPEAKER_01,3,
86519,SPEAKER_00,4,
86519,SPEAKER_01,4,
86519,SPEAKER_00,5,
86519,SPEAKER_01,5,
86519,SPEAKER_00,6,
86519,SPEAKER_01,6,
86519,SPEAKER_00,7,
86519,SPEAKER_01,7,
86519,SPEAKER_00,8,
86519,SPEAKER_01,8,
86519,SPEAKER_00,9,
86519,SPEAKER_01,9,
86519,SPEAKER_00,10,
86519,SPEAKER_01,10,
86519,SPEAKER_00,11,
86519,SPEAKER_01,11,
86519,SPEAKER_00,12,
86519,SPEAKER_01,12,
86519,SPEAKER_00,13,
86519,SPEAKER_01,13,
86519,SPEAKER_00,14,
86519,SPEAKER_01,14,
86519,SPEAKER_00,15,
86519,SPEAKER_01,15,
86520,SPEAKER_00,-15,
86520,SPEAKER_01,-15,
86520,SPEAKER_00,-14,
86520,SPEAKER_01,-14,
86520,SPEAKER_00,-13,
86520,SPEAKER_01,-13,
86520,SPEAKER_00,-12,
86520,SPEAKER_01,-12,
86520,SPEAKER_00,-11,
86520,SPEAKER_01,-11,
86520,SPEAKER_00,-10,
86520,SPEAKER_01,-10,
86520,SPEAKER_00,-9,
86520,SPEAKER_01,-9,
86520,SPEAKER_00,-8,
86520,SPEAKER_01,-8,
86520,SPEAKER_00,-7,
86520,SPEAKER_01,-7,
86520,SPEAKER_00,-6,
86520,SPEAKER_01,-6,
86520,SPEAKER_00,-5,
86520,SPEAKER_01,-5,
86520,SPEAKER_00,-4,
86520,SPEAKER_01,-4,
86520,SPEAKER_00,-3,
86520,SPEAKER_01,-3,
86520,SPEAKER_00,-2,
86520,SPEAKER_01,-2,
86520,SPEAKER_00,-1,
86520,SPEAKER_01,-1,
86520,SPEAKER_00,0,
86520,SPEAKER_01,0,
86520,SPEAKER_00,1,
86520,SPEAKER_01,1,
86520,SPEAKER_00,2,
86520,SPEAKER_01,2,
86520,SPEAKER_00,3,
86520,SPEAKER_01,3,
86520,SPEAKER_00,4,
86520,SPEAKER_01,4,
86520,SPEAKER_00,5,
86520,SPEAKER_01,5,
86520,SPEAKER_00,6,
86520,SPEAKER_01,6,
86520,SPEAKER_00,7,
86520,SPEAKER_01,7,
86520,SPEAKER_00,8,
86520,SPEAKER_01,8,
86520,SPEAKER_00,9,
86520,SPEAKER_01,9,
86520,SPEAKER_00,10,
86520,SPEAKER_01,10,
86520,SPEAKER_00,11,
86520,SPEAKER_01,11,
86520,SPEAKER_00,12,
86520,SPEAKER_01,12,
86520,SPEAKER_00,13,
86520,SPEAKER_01,13,
86520,SPEAKER_00,14,
86520,SPEAKER_01,14,
86520,SPEAKER_00,15,
86520,SPEAKER_01,15,
86561,SPEAKER_00,-15,
86561,SPEAKER_01,-15,
86561,SPEAKER_00,-14,
86561,SPEAKER_01,-14,
86561,SPEAKER_00,-13,
86561,SPEAKER_01,-13,
86561,SPEAKER_00,-12,
86561,SPEAKER_01,-12,
86561,SPEAKER_00,-11,
86561,SPEAKER_01,-11,
86561,SPEAKER_00,-10,
86561,SPEAKER_01,-10,
86561,SPEAKER_00,-9,
86561,SPEAKER_01,-9,
86561,SPEAKER_00,-8,
86561,SPEAKER_01,-8,
86561,SPEAKER_00,-7,
86561,SPEAKER_01,-7,
86561,SPEAKER_00,-6,
86561,SPEAKER_01,-6,
86561,SPEAKER_00,-5,
86561,SPEAKER_01,-5,
86561,SPEAKER_00,-4,
86561,SPEAKER_01,-4,
86561,SPEAKER_00,-3,
86561,SPEAKER_01,-3,
86561,SPEAKER_00,-2,
86561,SPEAKER_01,-2,
86561,SPEAKER_00,-1,1.753327958432599
86561,SPEAKER_01,-1,0.6734818136922365
86561,SPEAKER_00,0,
86561,SPEAKER_01,0,
86561,SPEAKER_00,1,0.5831382615533156
86561,SPEAKER_01,1,0.03289024854942313
86561,SPEAKER_00,2,
86561,SPEAKER_01,2,
86561,SPEAKER_00,3,
86561,SPEAKER_01,3,
86561,SPEAKER_00,4,
86561,SPEAKER_01,4,
86561,SPEAKER_00,5,
86561,SPEAKER_01,5,
86561,SPEAKER_00,6,
86561,SPEAKER_01,6,
86561,SPEAKER_00,7,
86561,SPEAKER_01,7,
86561,SPEAKER_00,8,
86561,SPEAKER_01,8,
86561,SPEAKER_00,9,
86561,SPEAKER_01,9,
86561,SPEAKER_00,10,
86561,SPEAKER_01,10,
86561,SPEAKER_00,11,
86561,SPEAKER_01,11,
86561,SPEAKER_00,12,
86561,SPEAKER_01,12,
86561,SPEAKER_00,13,
86561,SPEAKER_01,13,
86561,SPEAKER_00,14,
86561,SPEAKER_01,14,
86561,SPEAKER_00,15,
86561,SPEAKER_01,15,
86573,SPEAKER_00,-15,
86573,SPEAKER_01,-15,
86573,SPEAKER_00,-14,
86573,SPEAKER_01,-14,
86573,SPEAKER_00,-13,
86573,SPEAKER_01,-13,
86573,SPEAKER_00,-12,
86573,SPEAKER_01,-12,
86573,SPEAKER_00,-11,
86573,SPEAKER_01,-11,
86573,SPEAKER_00,-10,
86573,SPEAKER_01,-10,
86573,SPEAKER_00,-9,
86573,SPEAKER_01,-9,
86573,SPEAKER_00,-8,
86573,SPEAKER_01,-8,
86573,SPEAKER_00,-7,
86573,SPEAKER_01,-7,
86573,SPEAKER_00,-6,
86573,SPEAKER_01,-6,
86573,SPEAKER_00,-5,
86573,SPEAKER_01,-5,
86573,SPEAKER_00,-4,
86573,SPEAKER_01,-4,
86573,SPEAKER_00,-3,
86573,SPEAKER_01,-3,
86573,SPEAKER_00,-2,
86573,SPEAKER_01,-2,
86573,SPEAKER_00,-1,
86573,SPEAKER_01,-1,
86573,SPEAKER_00,0,
86573,SPEAKER_01,0,
86573,SPEAKER_00,1,
86573,SPEAKER_01,1,
86573,SPEAKER_00,2,
86573,SPEAKER_01,2,
86573,SPEAKER_00,3,
86573,SPEAKER_01,3,
86573,SPEAKER_00,4,
86573,SPEAKER_01,4,
86573,SPEAKER_00,5,
86573,SPEAKER_01,5,
86573,SPEAKER_00,6,
86573,SPEAKER_01,6,
86573,SPEAKER_00,7,
86573,SPEAKER_01,7,
86573,SPEAKER_00,8,
86573,SPEAKER_01,8,
86573,SPEAKER_00,9,
86573,SPEAKER_01,9,
86573,SPEAKER_00,10,
86573,SPEAKER_01,10,
86573,SPEAKER_00,11,
86573,SPEAKER_01,11,
86573,SPEAKER_00,12,
86573,SPEAKER_01,12,
86573,SPEAKER_00,13,
86573,SPEAKER_01,13,
86573,SPEAKER_00,14,
86573,SPEAKER_01,14,
86573,SPEAKER_00,15,
86573,SPEAKER_01,15,
86768,SPEAKER_00,-15,0.04128221310879315
86768,SPEAKER_02,-15,0.20592221331272634
86768,SPEAKER_00,-14,
86768,SPEAKER_02,-14,
86768,SPEAKER_00,-13,1.1577288240201895
86768,SPEAKER_02,-13,6.269239651226178
86768,SPEAKER_00,-12,
86768,SPEAKER_02,-12,
86768,SPEAKER_00,-11,0.14116320321928427
86768,SPEAKER_02,-11,0.05627998389279907
86768,SPEAKER_00,-10,
86768,SPEAKER_02,-10,
86768,SPEAKER_00,-9,0.10363700458946994
86768,SPEAKER_02,-9,2.0448102515842184
86768,SPEAKER_00,-8,
86768,SPEAKER_02,-8,
86768,SPEAKER_00,-7,0.2835122354066438
86768,SPEAKER_02,-7,1.2877953623278608
86768,SPEAKER_00,-6,
86768,SPEAKER_02,-6,
86768,SPEAKER_00,-5,0.5938130343762847
86768,SPEAKER_02,-5,1.7136212569358125
86768,SPEAKER_00,-4,
86768,SPEAKER_02,-4,
86768,SPEAKER_00,-3,3.7005358602688165
86768,SPEAKER_02,-3,4.253502430936416
86768,SPEAKER_00,-2,
86768,SPEAKER_02,-2,
86768,SPEAKER_00,-1,0.08178256371148306
86768,SPEAKER_02,-1,0.019812514057352595
86768,SPEAKER_00,0,
86768,SPEAKER_02,0,
86768,SPEAKER_00,1,0.01939500373876449
86768,SPEAKER_02,1,2.098441368331018
86768,SPEAKER_00,2,
86768,SPEAKER_02,2,
86768,SPEAKER_00,3,0.0034900458738459715
86768,SPEAKER_02,3,0.20355017061800232
86768,SPEAKER_00,4,
86768,SPEAKER_02,4,
86768,SPEAKER_00,5,0.1504369309159858
86768,SPEAKER_02,5,3.115440205694513
86768,SPEAKER_00,6,
86768,SPEAKER_02,6,
86768,SPEAKER_00,7,0.054263547976890016
86768,SPEAKER_02,7,1.3815008570560774
86768,SPEAKER_00,8,
86768,SPEAKER_02,8,
86768,SPEAKER_00,9,1.2022382329391301
86768,SPEAKER_02,9,2.071356175822067
86768,SPEAKER_00,10,
86768,SPEAKER_02,10,
86768,SPEAKER_00,11,2.5820315769293893
86768,SPEAKER_02,11,6.38858436785787
86768,SPEAKER_00,12,
86768,SPEAKER_02,12,
86768,SPEAKER_00,13,0.6895200693661182
86768,SPEAKER_02,13,0.2530444991028458
86768,SPEAKER_00,14,
86768,SPEAKER_02,14,
86768,SPEAKER_00,15,0.06475378297689886
86768,SPEAKER_02,15,0.817122729093118
86998,SPEAKER_00,-15,
86998,SPEAKER_02,-15,
86998,SPEAKER_00,-14,
86998,SPEAKER_02,-14,
86998,SPEAKER_00,-13,
86998,SPEAKER_02,-13,
86998,SPEAKER_00,-12,
86998,SPEAKER_02,-12,
86998,SPEAKER_00,-11,
86998,SPEAKER_02,-11,
86998,SPEAKER_00,-10,
86998,SPEAKER_02,-10,
86998,SPEAKER_00,-9,
86998,SPEAKER_02,-9,
86998,SPEAKER_00,-8,
86998,SPEAKER_02,-8,
86998,SPEAKER_00,-7,
86998,SPEAKER_02,-7,
86998,SPEAKER_00,-6,
86998,SPEAKER_02,-6,
86998,SPEAKER_00,-5,
86998,SPEAKER_02,-5,
86998,SPEAKER_00,-4,
86998,SPEAKER_02,-4,
86998,SPEAKER_00,-3,
86998,SPEAKER_02,-3,
86998,SPEAKER_00,-2,
86998,SPEAKER_02,-2,
86998,SPEAKER_00,-1,
86998,SPEAKER_02,-1,
86998,SPEAKER_00,0,
86998,SPEAKER_02,0,
86998,SPEAKER_00,1,
86998,SPEAKER_02,1,
86998,SPEAKER_00,2,
86998,SPEAKER_02,2,
86998,SPEAKER_00,3,
86998,SPEAKER_02,3,
86998,SPEAKER_00,4,
86998,SPEAKER_02,4,
86998,SPEAKER_00,5,
86998,SPEAKER_02,5,
86998,SPEAKER_00,6,
86998,SPEAKER_02,6,
86998,SPEAKER_00,7,
86998,SPEAKER_02,7,
86998,SPEAKER_00,8,
86998,SPEAKER_02,8,
86998,SPEAKER_00,9,
86998,SPEAKER_02,9,
86998,SPEAKER_00,10,
86998,SPEAKER_02,10,
86998,SPEAKER_00,11,
86998,SPEAKER_02,11,
86998,SPEAKER_00,12,
86998,SPEAKER_02,12,
86998,SPEAKER_00,13,
86998,SPEAKER_02,13,
86998,SPEAKER_00,14,
86998,SPEAKER_02,14,
86998,SPEAKER_00,15,
86998,SPEAKER_02,15,
87004,SPEAKER_00,-15,
87004,SPEAKER_01,-15,
87004,SPEAKER_00,-14,
87004,SPEAKER_01,-14,
87004,SPEAKER_00,-13,
87004,SPEAKER_01,-13,
87004,SPEAKER_00,-12,
87004,SPEAKER_01,-12,
87004,SPEAKER_00,-11,
87004,SPEAKER_01,-11,
87004,SPEAKER_00,-10,
87004,SPEAKER_01,-10,
87004,SPEAKER_00,-9,
87004,SPEAKER_01,-9,
87004,SPEAKER_00,-8,
87004,SPEAKER_01,-8,
87004,SPEAKER_00,-7,
87004,SPEAKER_01,-7,
87004,SPEAKER_00,-6,
87004,SPEAKER_01,-6,
87004,SPEAKER_00,-5,
87004,SPEAKER_01,-5,
87004,SPEAKER_00,-4,
87004,SPEAKER_01,-4,
87004,SPEAKER_00,-3,
87004,SPEAKER_01,-3,
87004,SPEAKER_00,-2,
87004,SPEAKER_01,-2,
87004,SPEAKER_00,-1,
87004,SPEAKER_01,-1,
87004,SPEAKER_00,0,
87004,SPEAKER_01,0,
87004,SPEAKER_00,1,
87004,SPEAKER_01,1,
87004,SPEAKER_00,2,
87004,SPEAKER_01,2,
87004,SPEAKER_00,3,
87004,SPEAKER_01,3,
87004,SPEAKER_00,4,
87004,SPEAKER_01,4,
87004,SPEAKER_00,5,
87004,SPEAKER_01,5,
87004,SPEAKER_00,6,
87004,SPEAKER_01,6,
87004,SPEAKER_00,7,
87004,SPEAKER_01,7,
87004,SPEAKER_00,8,
87004,SPEAKER_01,8,
87004,SPEAKER_00,9,
87004,SPEAKER_01,9,
87004,SPEAKER_00,10,
87004,SPEAKER_01,10,
87004,SPEAKER_00,11,
87004,SPEAKER_01,11,
87004,SPEAKER_00,12,
87004,SPEAKER_01,12,
87004,SPEAKER_00,13,
87004,SPEAKER_01,13,
87004,SPEAKER_00,14,
87004,SPEAKER_01,14,
87004,SPEAKER_00,15,
87004,SPEAKER_01,15,
87352,SPEAKER_00,-15,
87352,SPEAKER_01,-15,
87352,SPEAKER_00,-14,
87352,SPEAKER_01,-14,
87352,SPEAKER_00,-13,
87352,SPEAKER_01,-13,
87352,SPEAKER_00,-12,
87352,SPEAKER_01,-12,
87352,SPEAKER_00,-11,
87352,SPEAKER_01,-11,
87352,SPEAKER_00,-10,
87352,SPEAKER_01,-10,
87352,SPEAKER_00,-9,
87352,SPEAKER_01,-9,
87352,SPEAKER_00,-8,
87352,SPEAKER_01,-8,
87352,SPEAKER_00,-7,
87352,SPEAKER_01,-7,
87352,SPEAKER_00,-6,
87352,SPEAKER_01,-6,
87352,SPEAKER_00,-5,
87352,SPEAKER_01,-5,
87352,SPEAKER_00,-4,
87352,SPEAKER_01,-4,
87352,SPEAKER_00,-3,
87352,SPEAKER_01,-3,
87352,SPEAKER_00,-2,
87352,SPEAKER_01,-2,
87352,SPEAKER_00,-1,
87352,SPEAKER_01,-1,
87352,SPEAKER_00,0,
87352,SPEAKER_01,0,
87352,SPEAKER_00,1,
87352,SPEAKER_01,1,
87352,SPEAKER_00,2,
87352,SPEAKER_01,2,
87352,SPEAKER_00,3,
87352,SPEAKER_01,3,
87352,SPEAKER_00,4,
87352,SPEAKER_01,4,
87352,SPEAKER_00,5,
87352,SPEAKER_01,5,
87352,SPEAKER_00,6,
87352,SPEAKER_01,6,
87352,SPEAKER_00,7,
87352,SPEAKER_01,7,
87352,SPEAKER_00,8,
87352,SPEAKER_01,8,
87352,SPEAKER_00,9,
87352,SPEAKER_01,9,
87352,SPEAKER_00,10,
87352,SPEAKER_01,10,
87352,SPEAKER_00,11,
87352,SPEAKER_01,11,
87352,SPEAKER_00,12,
87352,SPEAKER_01,12,
87352,SPEAKER_00,13,
87352,SPEAKER_01,13,
87352,SPEAKER_00,14,
87352,SPEAKER_01,14,
87352,SPEAKER_00,15,
87352,SPEAKER_01,15,
87370,SPEAKER_00,-15,
87370,SPEAKER_01,-15,
87370,SPEAKER_00,-14,
87370,SPEAKER_01,-14,
87370,SPEAKER_00,-13,
87370,SPEAKER_01,-13,
87370,SPEAKER_00,-12,
87370,SPEAKER_01,-12,
87370,SPEAKER_00,-11,
87370,SPEAKER_01,-11,
87370,SPEAKER_00,-10,
87370,SPEAKER_01,-10,
87370,SPEAKER_00,-9,
87370,SPEAKER_01,-9,
87370,SPEAKER_00,-8,
87370,SPEAKER_01,-8,
87370,SPEAKER_00,-7,
87370,SPEAKER_01,-7,
87370,SPEAKER_00,-6,
87370,SPEAKER_01,-6,
87370,SPEAKER_00,-5,
87370,SPEAKER_01,-5,
87370,SPEAKER_00,-4,
87370,SPEAKER_01,-4,
87370,SPEAKER_00,-3,
87370,SPEAKER_01,-3,
87370,SPEAKER_00,-2,
87370,SPEAKER_01,-2,
87370,SPEAKER_00,-1,
87370,SPEAKER_01,-1,
87370,SPEAKER_00,0,
87370,SPEAKER_01,0,
87370,SPEAKER_00,1,
87370,SPEAKER_01,1,
87370,SPEAKER_00,2,
87370,SPEAKER_01,2,
87370,SPEAKER_00,3,
87370,SPEAKER_01,3,
87370,SPEAKER_00,4,
87370,SPEAKER_01,4,
87370,SPEAKER_00,5,
87370,SPEAKER_01,5,
87370,SPEAKER_00,6,
87370,SPEAKER_01,6,
87370,SPEAKER_00,7,
87370,SPEAKER_01,7,
87370,SPEAKER_00,8,
87370,SPEAKER_01,8,
87370,SPEAKER_00,9,
87370,SPEAKER_01,9,
87370,SPEAKER_00,10,
87370,SPEAKER_01,10,
87370,SPEAKER_00,11,
87370,SPEAKER_01,11,
87370,SPEAKER_00,12,
87370,SPEAKER_01,12,
87370,SPEAKER_00,13,
87370,SPEAKER_01,13,
87370,SPEAKER_00,14,
87370,SPEAKER_01,14,
87370,SPEAKER_00,15,
87370,SPEAKER_01,15,
87427,SPEAKER_01,-15,
87427,SPEAKER_03,-15,
87427,SPEAKER_01,-14,
87427,SPEAKER_03,-14,
87427,SPEAKER_01,-13,
87427,SPEAKER_03,-13,
87427,SPEAKER_01,-12,
87427,SPEAKER_03,-12,
87427,SPEAKER_01,-11,
87427,SPEAKER_03,-11,
87427,SPEAKER_01,-10,
87427,SPEAKER_03,-10,
87427,SPEAKER_01,-9,
87427,SPEAKER_03,-9,
87427,SPEAKER_01,-8,
87427,SPEAKER_03,-8,
87427,SPEAKER_01,-7,
87427,SPEAKER_03,-7,
87427,SPEAKER_01,-6,
87427,SPEAKER_03,-6,
87427,SPEAKER_01,-5,
87427,SPEAKER_03,-5,
87427,SPEAKER_01,-4,
87427,SPEAKER_03,-4,
87427,SPEAKER_01,-3,
87427,SPEAKER_03,-3,
87427,SPEAKER_01,-2,
87427,SPEAKER_03,-2,
87427,SPEAKER_01,-1,
87427,SPEAKER_03,-1,
87427,SPEAKER_01,0,
87427,SPEAKER_03,0,
87427,SPEAKER_01,1,
87427,SPEAKER_03,1,
87427,SPEAKER_01,2,
87427,SPEAKER_03,2,
87427,SPEAKER_01,3,
87427,SPEAKER_03,3,
87427,SPEAKER_01,4,
87427,SPEAKER_03,4,
87427,SPEAKER_01,5,
87427,SPEAKER_03,5,
87427,SPEAKER_01,6,
87427,SPEAKER_03,6,
87427,SPEAKER_01,7,
87427,SPEAKER_03,7,
87427,SPEAKER_01,8,
87427,SPEAKER_03,8,
87427,SPEAKER_01,9,
87427,SPEAKER_03,9,
87427,SPEAKER_01,10,
87427,SPEAKER_03,10,
87427,SPEAKER_01,11,
87427,SPEAKER_03,11,
87427,SPEAKER_01,12,
87427,SPEAKER_03,12,
87427,SPEAKER_01,13,
87427,SPEAKER_03,13,
87427,SPEAKER_01,14,
87427,SPEAKER_03,14,
87427,SPEAKER_01,15,
87427,SPEAKER_03,15,
88122,SPEAKER_01,-15,
88122,SPEAKER_02,-15,
88122,SPEAKER_01,-14,
88122,SPEAKER_02,-14,
88122,SPEAKER_01,-13,
88122,SPEAKER_02,-13,
88122,SPEAKER_01,-12,
88122,SPEAKER_02,-12,
88122,SPEAKER_01,-11,
88122,SPEAKER_02,-11,
88122,SPEAKER_01,-10,
88122,SPEAKER_02,-10,
88122,SPEAKER_01,-9,
88122,SPEAKER_02,-9,
88122,SPEAKER_01,-8,
88122,SPEAKER_02,-8,
88122,SPEAKER_01,-7,
88122,SPEAKER_02,-7,
88122,SPEAKER_01,-6,
88122,SPEAKER_02,-6,
88122,SPEAKER_01,-5,
88122,SPEAKER_02,-5,
88122,SPEAKER_01,-4,
88122,SPEAKER_02,-4,
88122,SPEAKER_01,-3,
88122,SPEAKER_02,-3,
88122,SPEAKER_01,-2,
88122,SPEAKER_02,-2,
88122,SPEAKER_01,-1,
88122,SPEAKER_02,-1,
88122,SPEAKER_01,0,
88122,SPEAKER_02,0,
88122,SPEAKER_01,1,
88122,SPEAKER_02,1,
88122,SPEAKER_01,2,
88122,SPEAKER_02,2,
88122,SPEAKER_01,3,
88122,SPEAKER_02,3,
88122,SPEAKER_01,4,
88122,SPEAKER_02,4,
88122,SPEAKER_01,5,
88122,SPEAKER_02,5,
88122,SPEAKER_01,6,
88122,SPEAKER_02,6,
88122,SPEAKER_01,7,
88122,SPEAKER_02,7,
88122,SPEAKER_01,8,
88122,SPEAKER_02,8,
88122,SPEAKER_01,9,
88122,SPEAKER_02,9,
88122,SPEAKER_01,10,
88122,SPEAKER_02,10,
88122,SPEAKER_01,11,
88122,SPEAKER_02,11,
88122,SPEAKER_01,12,
88122,SPEAKER_02,12,
88122,SPEAKER_01,13,
88122,SPEAKER_02,13,
88122,SPEAKER_01,14,
88122,SPEAKER_02,14,
88122,SPEAKER_01,15,
88122,SPEAKER_02,15,
88452,SPEAKER_00,-15,
88452,SPEAKER_01,-15,
88452,SPEAKER_00,-14,
88452,SPEAKER_01,-14,
88452,SPEAKER_00,-13,
88452,SPEAKER_01,-13,
88452,SPEAKER_00,-12,
88452,SPEAKER_01,-12,
88452,SPEAKER_00,-11,
88452,SPEAKER_01,-11,
88452,SPEAKER_00,-10,
88452,SPEAKER_01,-10,
88452,SPEAKER_00,-9,
88452,SPEAKER_01,-9,
88452,SPEAKER_00,-8,
88452,SPEAKER_01,-8,
88452,SPEAKER_00,-7,
88452,SPEAKER_01,-7,
88452,SPEAKER_00,-6,
88452,SPEAKER_01,-6,
88452,SPEAKER_00,-5,
88452,SPEAKER_01,-5,
88452,SPEAKER_00,-4,
88452,SPEAKER_01,-4,
88452,SPEAKER_00,-3,
88452,SPEAKER_01,-3,
88452,SPEAKER_00,-2,
88452,SPEAKER_01,-2,
88452,SPEAKER_00,-1,0.0040036424167262915
88452,SPEAKER_01,-1,0.23314019951061365
88452,SPEAKER_00,0,
88452,SPEAKER_01,0,
88452,SPEAKER_00,1,0.176005022818389
88452,SPEAKER_01,1,0.0143140509539142
88452,SPEAKER_00,2,
88452,SPEAKER_01,2,
88452,SPEAKER_00,3,
88452,SPEAKER_01,3,
88452,SPEAKER_00,4,
88452,SPEAKER_01,4,
88452,SPEAKER_00,5,
88452,SPEAKER_01,5,
88452,SPEAKER_00,6,
88452,SPEAKER_01,6,
88452,SPEAKER_00,7,
88452,SPEAKER_01,7,
88452,SPEAKER_00,8,
88452,SPEAKER_01,8,
88452,SPEAKER_00,9,
88452,SPEAKER_01,9,
88452,SPEAKER_00,10,
88452,SPEAKER_01,10,
88452,SPEAKER_00,11,
88452,SPEAKER_01,11,
88452,SPEAKER_00,12,
88452,SPEAKER_01,12,
88452,SPEAKER_00,13,
88452,SPEAKER_01,13,
88452,SPEAKER_00,14,
88452,SPEAKER_01,14,
88452,SPEAKER_00,15,
88452,SPEAKER_01,15,
88454,SPEAKER_00,-15,
88454,SPEAKER_01,-15,
88454,SPEAKER_00,-14,
88454,SPEAKER_01,-14,
88454,SPEAKER_00,-13,
88454,SPEAKER_01,-13,
88454,SPEAKER_00,-12,
88454,SPEAKER_01,-12,
88454,SPEAKER_00,-11,
88454,SPEAKER_01,-11,
88454,SPEAKER_00,-10,
88454,SPEAKER_01,-10,
88454,SPEAKER_00,-9,
88454,SPEAKER_01,-9,
88454,SPEAKER_00,-8,
88454,SPEAKER_01,-8,
88454,SPEAKER_00,-7,
88454,SPEAKER_01,-7,
88454,SPEAKER_00,-6,
88454,SPEAKER_01,-6,
88454,SPEAKER_00,-5,
88454,SPEAKER_01,-5,
88454,SPEAKER_00,-4,
88454,SPEAKER_01,-4,
88454,SPEAKER_00,-3,
88454,SPEAKER_01,-3,
88454,SPEAKER_00,-2,
88454,SPEAKER_01,-2,
88454,SPEAKER_00,-1,
88454,SPEAKER_01,-1,
88454,SPEAKER_00,0,
88454,SPEAKER_01,0,
88454,SPEAKER_00,1,
88454,SPEAKER_01,1,
88454,SPEAKER_00,2,
88454,SPEAKER_01,2,
88454,SPEAKER_00,3,
88454,SPEAKER_01,3,
88454,SPEAKER_00,4,
88454,SPEAKER_01,4,
88454,SPEAKER_00,5,
88454,SPEAKER_01,5,
88454,SPEAKER_00,6,
88454,SPEAKER_01,6,
88454,SPEAKER_00,7,
88454,SPEAKER_01,7,
88454,SPEAKER_00,8,
88454,SPEAKER_01,8,
88454,SPEAKER_00,9,
88454,SPEAKER_01,9,
88454,SPEAKER_00,10,
88454,SPEAKER_01,10,
88454,SPEAKER_00,11,
88454,SPEAKER_01,11,
88454,SPEAKER_00,12,
88454,SPEAKER_01,12,
88454,SPEAKER_00,13,
88454,SPEAKER_01,13,
88454,SPEAKER_00,14,
88454,SPEAKER_01,14,
88454,SPEAKER_00,15,
88454,SPEAKER_01,15,
88974,SPEAKER_00,-15,
88974,SPEAKER_01,-15,
88974,SPEAKER_00,-14,
88974,SPEAKER_01,-14,
88974,SPEAKER_00,-13,
88974,SPEAKER_01,-13,
88974,SPEAKER_00,-12,
88974,SPEAKER_01,-12,
88974,SPEAKER_00,-11,
88974,SPEAKER_01,-11,
88974,SPEAKER_00,-10,
88974,SPEAKER_01,-10,
88974,SPEAKER_00,-9,
88974,SPEAKER_01,-9,
88974,SPEAKER_00,-8,
88974,SPEAKER_01,-8,
88974,SPEAKER_00,-7,
88974,SPEAKER_01,-7,
88974,SPEAKER_00,-6,
88974,SPEAKER_01,-6,
88974,SPEAKER_00,-5,
88974,SPEAKER_01,-5,
88974,SPEAKER_00,-4,
88974,SPEAKER_01,-4,
88974,SPEAKER_00,-3,
88974,SPEAKER_01,-3,
88974,SPEAKER_00,-2,
88974,SPEAKER_01,-2,
88974,SPEAKER_00,-1,
88974,SPEAKER_01,-1,
88974,SPEAKER_00,0,
88974,SPEAKER_01,0,
88974,SPEAKER_00,1,
88974,SPEAKER_01,1,
88974,SPEAKER_00,2,
88974,SPEAKER_01,2,
88974,SPEAKER_00,3,
88974,SPEAKER_01,3,
88974,SPEAKER_00,4,
88974,SPEAKER_01,4,
88974,SPEAKER_00,5,
88974,SPEAKER_01,5,
88974,SPEAKER_00,6,
88974,SPEAKER_01,6,
88974,SPEAKER_00,7,
88974,SPEAKER_01,7,
88974,SPEAKER_00,8,
88974,SPEAKER_01,8,
88974,SPEAKER_00,9,
88974,SPEAKER_01,9,
88974,SPEAKER_00,10,
88974,SPEAKER_01,10,
88974,SPEAKER_00,11,
88974,SPEAKER_01,11,
88974,SPEAKER_00,12,
88974,SPEAKER_01,12,
88974,SPEAKER_00,13,
88974,SPEAKER_01,13,
88974,SPEAKER_00,14,
88974,SPEAKER_01,14,
88974,SPEAKER_00,15,
88974,SPEAKER_01,15,
89291,SPEAKER_01,-15,
89291,SPEAKER_02,-15,
89291,SPEAKER_01,-14,
89291,SPEAKER_02,-14,
89291,SPEAKER_01,-13,
89291,SPEAKER_02,-13,
89291,SPEAKER_01,-12,
89291,SPEAKER_02,-12,
89291,SPEAKER_01,-11,
89291,SPEAKER_02,-11,
89291,SPEAKER_01,-10,
89291,SPEAKER_02,-10,
89291,SPEAKER_01,-9,
89291,SPEAKER_02,-9,
89291,SPEAKER_01,-8,
89291,SPEAKER_02,-8,
89291,SPEAKER_01,-7,
89291,SPEAKER_02,-7,
89291,SPEAKER_01,-6,
89291,SPEAKER_02,-6,
89291,SPEAKER_01,-5,
89291,SPEAKER_02,-5,
89291,SPEAKER_01,-4,
89291,SPEAKER_02,-4,
89291,SPEAKER_01,-3,
89291,SPEAKER_02,-3,
89291,SPEAKER_01,-2,
89291,SPEAKER_02,-2,
89291,SPEAKER_01,-1,0.07804428883211058
89291,SPEAKER_02,-1,8.828463065857237
89291,SPEAKER_01,0,
89291,SPEAKER_02,0,
89291,SPEAKER_01,1,0.3409290982458979
89291,SPEAKER_02,1,0.02887696234809046
89291,SPEAKER_01,2,
89291,SPEAKER_02,2,
89291,SPEAKER_01,3,
89291,SPEAKER_02,3,
89291,SPEAKER_01,4,
89291,SPEAKER_02,4,
89291,SPEAKER_01,5,
89291,SPEAKER_02,5,
89291,SPEAKER_01,6,
89291,SPEAKER_02,6,
89291,SPEAKER_01,7,
89291,SPEAKER_02,7,
89291,SPEAKER_01,8,
89291,SPEAKER_02,8,
89291,SPEAKER_01,9,
89291,SPEAKER_02,9,
89291,SPEAKER_01,10,
89291,SPEAKER_02,10,
89291,SPEAKER_01,11,
89291,SPEAKER_02,11,
89291,SPEAKER_01,12,
89291,SPEAKER_02,12,
89291,SPEAKER_01,13,
89291,SPEAKER_02,13,
89291,SPEAKER_01,14,
89291,SPEAKER_02,14,
89291,SPEAKER_01,15,
89291,SPEAKER_02,15,
89294,SPEAKER_00,-15,
89294,SPEAKER_02,-15,
89294,SPEAKER_00,-14,
89294,SPEAKER_02,-14,
89294,SPEAKER_00,-13,
89294,SPEAKER_02,-13,
89294,SPEAKER_00,-12,
89294,SPEAKER_02,-12,
89294,SPEAKER_00,-11,
89294,SPEAKER_02,-11,
89294,SPEAKER_00,-10,
89294,SPEAKER_02,-10,
89294,SPEAKER_00,-9,
89294,SPEAKER_02,-9,
89294,SPEAKER_00,-8,
89294,SPEAKER_02,-8,
89294,SPEAKER_00,-7,0.03792242432034578
89294,SPEAKER_02,-7,1.347602637990045
89294,SPEAKER_00,-6,
89294,SPEAKER_02,-6,
89294,SPEAKER_00,-5,0.27921256595105687
89294,SPEAKER_02,-5,1.3622341713794868
89294,SPEAKER_00,-4,
89294,SPEAKER_02,-4,
89294,SPEAKER_00,-3,6.211000051395082
89294,SPEAKER_02,-3,2.9810575953183536
89294,SPEAKER_00,-2,
89294,SPEAKER_02,-2,
89294,SPEAKER_00,-1,8.556353624924222e-05
89294,SPEAKER_02,-1,0.12524388072216855
89294,SPEAKER_00,0,
89294,SPEAKER_02,0,
89294,SPEAKER_00,1,0.032987419832797134
89294,SPEAKER_02,1,0.18079674531219375
89294,SPEAKER_00,2,
89294,SPEAKER_02,2,
89294,SPEAKER_00,3,0.37413560920688627
89294,SPEAKER_02,3,0.009070021458520521
89294,SPEAKER_00,4,
89294,SPEAKER_02,4,
89294,SPEAKER_00,5,0.028833755767245763
89294,SPEAKER_02,5,0.6969252020846707
89294,SPEAKER_00,6,
89294,SPEAKER_02,6,
89294,SPEAKER_00,7,2.175433513820007
89294,SPEAKER_02,7,3.8525949536231523
89294,SPEAKER_00,8,
89294,SPEAKER_02,8,
89294,SPEAKER_00,9,
89294,SPEAKER_02,9,
89294,SPEAKER_00,10,
89294,SPEAKER_02,10,
89294,SPEAKER_00,11,
89294,SPEAKER_02,11,
89294,SPEAKER_00,12,
89294,SPEAKER_02,12,
89294,SPEAKER_00,13,
89294,SPEAKER_02,13,
89294,SPEAKER_00,14,
89294,SPEAKER_02,14,
89294,SPEAKER_00,15,
89294,SPEAKER_02,15,
89419,SPEAKER_00,-15,
89419,SPEAKER_01,-15,
89419,SPEAKER_00,-14,
89419,SPEAKER_01,-14,
89419,SPEAKER_00,-13,
89419,SPEAKER_01,-13,
89419,SPEAKER_00,-12,
89419,SPEAKER_01,-12,
89419,SPEAKER_00,-11,
89419,SPEAKER_01,-11,
89419,SPEAKER_00,-10,
89419,SPEAKER_01,-10,
89419,SPEAKER_00,-9,
89419,SPEAKER_01,-9,
89419,SPEAKER_00,-8,
89419,SPEAKER_01,-8,
89419,SPEAKER_00,-7,
89419,SPEAKER_01,-7,
89419,SPEAKER_00,-6,
89419,SPEAKER_01,-6,
89419,SPEAKER_00,-5,
89419,SPEAKER_01,-5,
89419,SPEAKER_00,-4,
89419,SPEAKER_01,-4,
89419,SPEAKER_00,-3,
89419,SPEAKER_01,-3,
89419,SPEAKER_00,-2,
89419,SPEAKER_01,-2,
89419,SPEAKER_00,-1,
89419,SPEAKER_01,-1,
89419,SPEAKER_00,0,
89419,SPEAKER_01,0,
89419,SPEAKER_00,1,
89419,SPEAKER_01,1,
89419,SPEAKER_00,2,
89419,SPEAKER_01,2,
89419,SPEAKER_00,3,
89419,SPEAKER_01,3,
89419,SPEAKER_00,4,
89419,SPEAKER_01,4,
89419,SPEAKER_00,5,
89419,SPEAKER_01,5,
89419,SPEAKER_00,6,
89419,SPEAKER_01,6,
89419,SPEAKER_00,7,
89419,SPEAKER_01,7,
89419,SPEAKER_00,8,
89419,SPEAKER_01,8,
89419,SPEAKER_00,9,
89419,SPEAKER_01,9,
89419,SPEAKER_00,10,
89419,SPEAKER_01,10,
89419,SPEAKER_00,11,
89419,SPEAKER_01,11,
89419,SPEAKER_00,12,
89419,SPEAKER_01,12,
89419,SPEAKER_00,13,
89419,SPEAKER_01,13,
89419,SPEAKER_00,14,
89419,SPEAKER_01,14,
89419,SPEAKER_00,15,
89419,SPEAKER_01,15,
89421,SPEAKER_00,-15,
89421,SPEAKER_03,-15,
89421,SPEAKER_00,-14,
89421,SPEAKER_03,-14,
89421,SPEAKER_00,-13,
89421,SPEAKER_03,-13,
89421,SPEAKER_00,-12,
89421,SPEAKER_03,-12,
89421,SPEAKER_00,-11,
89421,SPEAKER_03,-11,
89421,SPEAKER_00,-10,
89421,SPEAKER_03,-10,
89421,SPEAKER_00,-9,
89421,SPEAKER_03,-9,
89421,SPEAKER_00,-8,
89421,SPEAKER_03,-8,
89421,SPEAKER_00,-7,
89421,SPEAKER_03,-7,
89421,SPEAKER_00,-6,
89421,SPEAKER_03,-6,
89421,SPEAKER_00,-5,
89421,SPEAKER_03,-5,
89421,SPEAKER_00,-4,
89421,SPEAKER_03,-4,
89421,SPEAKER_00,-3,
89421,SPEAKER_03,-3,
89421,SPEAKER_00,-2,
89421,SPEAKER_03,-2,
89421,SPEAKER_00,-1,
89421,SPEAKER_03,-1,
89421,SPEAKER_00,0,
89421,SPEAKER_03,0,
89421,SPEAKER_00,1,
89421,SPEAKER_03,1,
89421,SPEAKER_00,2,
89421,SPEAKER_03,2,
89421,SPEAKER_00,3,
89421,SPEAKER_03,3,
89421,SPEAKER_00,4,
89421,SPEAKER_03,4,
89421,SPEAKER_00,5,
89421,SPEAKER_03,5,
89421,SPEAKER_00,6,
89421,SPEAKER_03,6,
89421,SPEAKER_00,7,
89421,SPEAKER_03,7,
89421,SPEAKER_00,8,
89421,SPEAKER_03,8,
89421,SPEAKER_00,9,
89421,SPEAKER_03,9,
89421,SPEAKER_00,10,
89421,SPEAKER_03,10,
89421,SPEAKER_00,11,
89421,SPEAKER_03,11,
89421,SPEAKER_00,12,
89421,SPEAKER_03,12,
89421,SPEAKER_00,13,
89421,SPEAKER_03,13,
89421,SPEAKER_00,14,
89421,SPEAKER_03,14,
89421,SPEAKER_00,15,
89421,SPEAKER_03,15,
89998,SPEAKER_00,-15,
89998,SPEAKER_01,-15,
89998,SPEAKER_00,-14,
89998,SPEAKER_01,-14,
89998,SPEAKER_00,-13,
89998,SPEAKER_01,-13,
89998,SPEAKER_00,-12,
89998,SPEAKER_01,-12,
89998,SPEAKER_00,-11,
89998,SPEAKER_01,-11,
89998,SPEAKER_00,-10,
89998,SPEAKER_01,-10,
89998,SPEAKER_00,-9,
89998,SPEAKER_01,-9,
89998,SPEAKER_00,-8,
89998,SPEAKER_01,-8,
89998,SPEAKER_00,-7,
89998,SPEAKER_01,-7,
89998,SPEAKER_00,-6,
89998,SPEAKER_01,-6,
89998,SPEAKER_00,-5,
89998,SPEAKER_01,-5,
89998,SPEAKER_00,-4,
89998,SPEAKER_01,-4,
89998,SPEAKER_00,-3,
89998,SPEAKER_01,-3,
89998,SPEAKER_00,-2,
89998,SPEAKER_01,-2,
89998,SPEAKER_00,-1,1.6092002815231252
89998,SPEAKER_01,-1,0.8531255834496088
89998,SPEAKER_00,0,
89998,SPEAKER_01,0,
89998,SPEAKER_00,1,1.3371628012769283
89998,SPEAKER_01,1,0.8521445048368806
89998,SPEAKER_00,2,
89998,SPEAKER_01,2,
89998,SPEAKER_00,3,
89998,SPEAKER_01,3,
89998,SPEAKER_00,4,
89998,SPEAKER_01,4,
89998,SPEAKER_00,5,
89998,SPEAKER_01,5,
89998,SPEAKER_00,6,
89998,SPEAKER_01,6,
89998,SPEAKER_00,7,
89998,SPEAKER_01,7,
89998,SPEAKER_00,8,
89998,SPEAKER_01,8,
89998,SPEAKER_00,9,
89998,SPEAKER_01,9,
89998,SPEAKER_00,10,
89998,SPEAKER_01,10,
89998,SPEAKER_00,11,
89998,SPEAKER_01,11,
89998,SPEAKER_00,12,
89998,SPEAKER_01,12,
89998,SPEAKER_00,13,
89998,SPEAKER_01,13,
89998,SPEAKER_00,14,
89998,SPEAKER_01,14,
89998,SPEAKER_00,15,
89998,SPEAKER_01,15,
90124,SPEAKER_01,-15,
90124,SPEAKER_02,-15,
90124,SPEAKER_01,-14,
90124,SPEAKER_02,-14,
90124,SPEAKER_01,-13,
90124,SPEAKER_02,-13,
90124,SPEAKER_01,-12,
90124,SPEAKER_02,-12,
90124,SPEAKER_01,-11,
90124,SPEAKER_02,-11,
90124,SPEAKER_01,-10,
90124,SPEAKER_02,-10,
90124,SPEAKER_01,-9,
90124,SPEAKER_02,-9,
90124,SPEAKER_01,-8,
90124,SPEAKER_02,-8,
90124,SPEAKER_01,-7,
90124,SPEAKER_02,-7,
90124,SPEAKER_01,-6,
90124,SPEAKER_02,-6,
90124,SPEAKER_01,-5,
90124,SPEAKER_02,-5,
90124,SPEAKER_01,-4,
90124,SPEAKER_02,-4,
90124,SPEAKER_01,-3,
90124,SPEAKER_02,-3,
90124,SPEAKER_01,-2,
90124,SPEAKER_02,-2,
90124,SPEAKER_01,-1,0.09458507248938854
90124,SPEAKER_02,-1,1.0651671256177355
90124,SPEAKER_01,0,
90124,SPEAKER_02,0,
90124,SPEAKER_01,1,0.11221831078123398
90124,SPEAKER_02,1,0.08484360485372695
90124,SPEAKER_01,2,
90124,SPEAKER_02,2,
90124,SPEAKER_01,3,
90124,SPEAKER_02,3,
90124,SPEAKER_01,4,
90124,SPEAKER_02,4,
90124,SPEAKER_01,5,
90124,SPEAKER_02,5,
90124,SPEAKER_01,6,
90124,SPEAKER_02,6,
90124,SPEAKER_01,7,
90124,SPEAKER_02,7,
90124,SPEAKER_01,8,
90124,SPEAKER_02,8,
90124,SPEAKER_01,9,
90124,SPEAKER_02,9,
90124,SPEAKER_01,10,
90124,SPEAKER_02,10,
90124,SPEAKER_01,11,
90124,SPEAKER_02,11,
90124,SPEAKER_01,12,
90124,SPEAKER_02,12,
90124,SPEAKER_01,13,
90124,SPEAKER_02,13,
90124,SPEAKER_01,14,
90124,SPEAKER_02,14,
90124,SPEAKER_01,15,
90124,SPEAKER_02,15,
90133,SPEAKER_01,-15,
90133,SPEAKER_02,-15,
90133,SPEAKER_01,-14,
90133,SPEAKER_02,-14,
90133,SPEAKER_01,-13,
90133,SPEAKER_02,-13,
90133,SPEAKER_01,-12,
90133,SPEAKER_02,-12,
90133,SPEAKER_01,-11,
90133,SPEAKER_02,-11,
90133,SPEAKER_01,-10,
90133,SPEAKER_02,-10,
90133,SPEAKER_01,-9,
90133,SPEAKER_02,-9,
90133,SPEAKER_01,-8,
90133,SPEAKER_02,-8,
90133,SPEAKER_01,-7,
90133,SPEAKER_02,-7,
90133,SPEAKER_01,-6,
90133,SPEAKER_02,-6,
90133,SPEAKER_01,-5,
90133,SPEAKER_02,-5,
90133,SPEAKER_01,-4,
90133,SPEAKER_02,-4,
90133,SPEAKER_01,-3,
90133,SPEAKER_02,-3,
90133,SPEAKER_01,-2,
90133,SPEAKER_02,-2,
90133,SPEAKER_01,-1,2.464120052771113
90133,SPEAKER_02,-1,0.553268127525611
90133,SPEAKER_01,0,
90133,SPEAKER_02,0,
90133,SPEAKER_01,1,2.676774441743554
90133,SPEAKER_02,1,0.5366685309687436
90133,SPEAKER_01,2,
90133,SPEAKER_02,2,
90133,SPEAKER_01,3,
90133,SPEAKER_02,3,
90133,SPEAKER_01,4,
90133,SPEAKER_02,4,
90133,SPEAKER_01,5,
90133,SPEAKER_02,5,
90133,SPEAKER_01,6,
90133,SPEAKER_02,6,
90133,SPEAKER_01,7,
90133,SPEAKER_02,7,
90133,SPEAKER_01,8,
90133,SPEAKER_02,8,
90133,SPEAKER_01,9,
90133,SPEAKER_02,9,
90133,SPEAKER_01,10,
90133,SPEAKER_02,10,
90133,SPEAKER_01,11,
90133,SPEAKER_02,11,
90133,SPEAKER_01,12,
90133,SPEAKER_02,12,
90133,SPEAKER_01,13,
90133,SPEAKER_02,13,
90133,SPEAKER_01,14,
90133,SPEAKER_02,14,
90133,SPEAKER_01,15,
90133,SPEAKER_02,15,
90146,SPEAKER_00,-15,
90146,SPEAKER_01,-15,
90146,SPEAKER_00,-14,
90146,SPEAKER_01,-14,
90146,SPEAKER_00,-13,
90146,SPEAKER_01,-13,
90146,SPEAKER_00,-12,
90146,SPEAKER_01,-12,
90146,SPEAKER_00,-11,
90146,SPEAKER_01,-11,
90146,SPEAKER_00,-10,
90146,SPEAKER_01,-10,
90146,SPEAKER_00,-9,
90146,SPEAKER_01,-9,
90146,SPEAKER_00,-8,
90146,SPEAKER_01,-8,
90146,SPEAKER_00,-7,
90146,SPEAKER_01,-7,
90146,SPEAKER_00,-6,
90146,SPEAKER_01,-6,
90146,SPEAKER_00,-5,
90146,SPEAKER_01,-5,
90146,SPEAKER_00,-4,
90146,SPEAKER_01,-4,
90146,SPEAKER_00,-3,
90146,SPEAKER_01,-3,
90146,SPEAKER_00,-2,
90146,SPEAKER_01,-2,
90146,SPEAKER_00,-1,
90146,SPEAKER_01,-1,
90146,SPEAKER_00,0,
90146,SPEAKER_01,0,
90146,SPEAKER_00,1,
90146,SPEAKER_01,1,
90146,SPEAKER_00,2,
90146,SPEAKER_01,2,
90146,SPEAKER_00,3,
90146,SPEAKER_01,3,
90146,SPEAKER_00,4,
90146,SPEAKER_01,4,
90146,SPEAKER_00,5,
90146,SPEAKER_01,5,
90146,SPEAKER_00,6,
90146,SPEAKER_01,6,
90146,SPEAKER_00,7,
90146,SPEAKER_01,7,
90146,SPEAKER_00,8,
90146,SPEAKER_01,8,
90146,SPEAKER_00,9,
90146,SPEAKER_01,9,
90146,SPEAKER_00,10,
90146,SPEAKER_01,10,
90146,SPEAKER_00,11,
90146,SPEAKER_01,11,
90146,SPEAKER_00,12,
90146,SPEAKER_01,12,
90146,SPEAKER_00,13,
90146,SPEAKER_01,13,
90146,SPEAKER_00,14,
90146,SPEAKER_01,14,
90146,SPEAKER_00,15,
90146,SPEAKER_01,15,
90371,SPEAKER_00,-15,
90371,SPEAKER_02,-15,
90371,SPEAKER_00,-14,
90371,SPEAKER_02,-14,
90371,SPEAKER_00,-13,
90371,SPEAKER_02,-13,
90371,SPEAKER_00,-12,
90371,SPEAKER_02,-12,
90371,SPEAKER_00,-11,
90371,SPEAKER_02,-11,
90371,SPEAKER_00,-10,
90371,SPEAKER_02,-10,
90371,SPEAKER_00,-9,
90371,SPEAKER_02,-9,
90371,SPEAKER_00,-8,
90371,SPEAKER_02,-8,
90371,SPEAKER_00,-7,
90371,SPEAKER_02,-7,
90371,SPEAKER_00,-6,
90371,SPEAKER_02,-6,
90371,SPEAKER_00,-5,
90371,SPEAKER_02,-5,
90371,SPEAKER_00,-4,
90371,SPEAKER_02,-4,
90371,SPEAKER_00,-3,
90371,SPEAKER_02,-3,
90371,SPEAKER_00,-2,
90371,SPEAKER_02,-2,
90371,SPEAKER_00,-1,
90371,SPEAKER_02,-1,
90371,SPEAKER_00,0,
90371,SPEAKER_02,0,
90371,SPEAKER_00,1,
90371,SPEAKER_02,1,
90371,SPEAKER_00,2,
90371,SPEAKER_02,2,
90371,SPEAKER_00,3,
90371,SPEAKER_02,3,
90371,SPEAKER_00,4,
90371,SPEAKER_02,4,
90371,SPEAKER_00,5,
90371,SPEAKER_02,5,
90371,SPEAKER_00,6,
90371,SPEAKER_02,6,
90371,SPEAKER_00,7,
90371,SPEAKER_02,7,
90371,SPEAKER_00,8,
90371,SPEAKER_02,8,
90371,SPEAKER_00,9,
90371,SPEAKER_02,9,
90371,SPEAKER_00,10,
90371,SPEAKER_02,10,
90371,SPEAKER_00,11,
90371,SPEAKER_02,11,
90371,SPEAKER_00,12,
90371,SPEAKER_02,12,
90371,SPEAKER_00,13,
90371,SPEAKER_02,13,
90371,SPEAKER_00,14,
90371,SPEAKER_02,14,
90371,SPEAKER_00,15,
90371,SPEAKER_02,15,
90618,SPEAKER_00,-15,
90618,SPEAKER_01,-15,
90618,SPEAKER_00,-14,
90618,SPEAKER_01,-14,
90618,SPEAKER_00,-13,
90618,SPEAKER_01,-13,
90618,SPEAKER_00,-12,
90618,SPEAKER_01,-12,
90618,SPEAKER_00,-11,
90618,SPEAKER_01,-11,
90618,SPEAKER_00,-10,
90618,SPEAKER_01,-10,
90618,SPEAKER_00,-9,
90618,SPEAKER_01,-9,
90618,SPEAKER_00,-8,
90618,SPEAKER_01,-8,
90618,SPEAKER_00,-7,
90618,SPEAKER_01,-7,
90618,SPEAKER_00,-6,
90618,SPEAKER_01,-6,
90618,SPEAKER_00,-5,
90618,SPEAKER_01,-5,
90618,SPEAKER_00,-4,
90618,SPEAKER_01,-4,
90618,SPEAKER_00,-3,
90618,SPEAKER_01,-3,
90618,SPEAKER_00,-2,
90618,SPEAKER_01,-2,
90618,SPEAKER_00,-1,
90618,SPEAKER_01,-1,
90618,SPEAKER_00,0,
90618,SPEAKER_01,0,
90618,SPEAKER_00,1,
90618,SPEAKER_01,1,
90618,SPEAKER_00,2,
90618,SPEAKER_01,2,
90618,SPEAKER_00,3,
90618,SPEAKER_01,3,
90618,SPEAKER_00,4,
90618,SPEAKER_01,4,
90618,SPEAKER_00,5,
90618,SPEAKER_01,5,
90618,SPEAKER_00,6,
90618,SPEAKER_01,6,
90618,SPEAKER_00,7,
90618,SPEAKER_01,7,
90618,SPEAKER_00,8,
90618,SPEAKER_01,8,
90618,SPEAKER_00,9,
90618,SPEAKER_01,9,
90618,SPEAKER_00,10,
90618,SPEAKER_01,10,
90618,SPEAKER_00,11,
90618,SPEAKER_01,11,
90618,SPEAKER_00,12,
90618,SPEAKER_01,12,
90618,SPEAKER_00,13,
90618,SPEAKER_01,13,
90618,SPEAKER_00,14,
90618,SPEAKER_01,14,
90618,SPEAKER_00,15,
90618,SPEAKER_01,15,
90822,SPEAKER_00,-15,
90822,SPEAKER_01,-15,
90822,SPEAKER_00,-14,
90822,SPEAKER_01,-14,
90822,SPEAKER_00,-13,
90822,SPEAKER_01,-13,
90822,SPEAKER_00,-12,
90822,SPEAKER_01,-12,
90822,SPEAKER_00,-11,
90822,SPEAKER_01,-11,
90822,SPEAKER_00,-10,
90822,SPEAKER_01,-10,
90822,SPEAKER_00,-9,
90822,SPEAKER_01,-9,
90822,SPEAKER_00,-8,
90822,SPEAKER_01,-8,
90822,SPEAKER_00,-7,
90822,SPEAKER_01,-7,
90822,SPEAKER_00,-6,
90822,SPEAKER_01,-6,
90822,SPEAKER_00,-5,
90822,SPEAKER_01,-5,
90822,SPEAKER_00,-4,
90822,SPEAKER_01,-4,
90822,SPEAKER_00,-3,
90822,SPEAKER_01,-3,
90822,SPEAKER_00,-2,
90822,SPEAKER_01,-2,
90822,SPEAKER_00,-1,
90822,SPEAKER_01,-1,
90822,SPEAKER_00,0,
90822,SPEAKER_01,0,
90822,SPEAKER_00,1,
90822,SPEAKER_01,1,
90822,SPEAKER_00,2,
90822,SPEAKER_01,2,
90822,SPEAKER_00,3,
90822,SPEAKER_01,3,
90822,SPEAKER_00,4,
90822,SPEAKER_01,4,
90822,SPEAKER_00,5,
90822,SPEAKER_01,5,
90822,SPEAKER_00,6,
90822,SPEAKER_01,6,
90822,SPEAKER_00,7,
90822,SPEAKER_01,7,
90822,SPEAKER_00,8,
90822,SPEAKER_01,8,
90822,SPEAKER_00,9,
90822,SPEAKER_01,9,
90822,SPEAKER_00,10,
90822,SPEAKER_01,10,
90822,SPEAKER_00,11,
90822,SPEAKER_01,11,
90822,SPEAKER_00,12,
90822,SPEAKER_01,12,
90822,SPEAKER_00,13,
90822,SPEAKER_01,13,
90822,SPEAKER_00,14,
90822,SPEAKER_01,14,
90822,SPEAKER_00,15,
90822,SPEAKER_01,15,
90823,SPEAKER_00,-15,
90823,SPEAKER_01,-15,
90823,SPEAKER_00,-14,
90823,SPEAKER_01,-14,
90823,SPEAKER_00,-13,
90823,SPEAKER_01,-13,
90823,SPEAKER_00,-12,
90823,SPEAKER_01,-12,
90823,SPEAKER_00,-11,
90823,SPEAKER_01,-11,
90823,SPEAKER_00,-10,
90823,SPEAKER_01,-10,
90823,SPEAKER_00,-9,
90823,SPEAKER_01,-9,
90823,SPEAKER_00,-8,
90823,SPEAKER_01,-8,
90823,SPEAKER_00,-7,
90823,SPEAKER_01,-7,
90823,SPEAKER_00,-6,
90823,SPEAKER_01,-6,
90823,SPEAKER_00,-5,
90823,SPEAKER_01,-5,
90823,SPEAKER_00,-4,
90823,SPEAKER_01,-4,
90823,SPEAKER_00,-3,
90823,SPEAKER_01,-3,
90823,SPEAKER_00,-2,
90823,SPEAKER_01,-2,
90823,SPEAKER_00,-1,
90823,SPEAKER_01,-1,
90823,SPEAKER_00,0,
90823,SPEAKER_01,0,
90823,SPEAKER_00,1,
90823,SPEAKER_01,1,
90823,SPEAKER_00,2,
90823,SPEAKER_01,2,
90823,SPEAKER_00,3,
90823,SPEAKER_01,3,
90823,SPEAKER_00,4,
90823,SPEAKER_01,4,
90823,SPEAKER_00,5,
90823,SPEAKER_01,5,
90823,SPEAKER_00,6,
90823,SPEAKER_01,6,
90823,SPEAKER_00,7,
90823,SPEAKER_01,7,
90823,SPEAKER_00,8,
90823,SPEAKER_01,8,
90823,SPEAKER_00,9,
90823,SPEAKER_01,9,
90823,SPEAKER_00,10,
90823,SPEAKER_01,10,
90823,SPEAKER_00,11,
90823,SPEAKER_01,11,
90823,SPEAKER_00,12,
90823,SPEAKER_01,12,
90823,SPEAKER_00,13,
90823,SPEAKER_01,13,
90823,SPEAKER_00,14,
90823,SPEAKER_01,14,
90823,SPEAKER_00,15,
90823,SPEAKER_01,15,
90825,SPEAKER_00,-15,
90825,SPEAKER_01,-15,
90825,SPEAKER_00,-14,
90825,SPEAKER_01,-14,
90825,SPEAKER_00,-13,
90825,SPEAKER_01,-13,
90825,SPEAKER_00,-12,
90825,SPEAKER_01,-12,
90825,SPEAKER_00,-11,
90825,SPEAKER_01,-11,
90825,SPEAKER_00,-10,
90825,SPEAKER_01,-10,
90825,SPEAKER_00,-9,
90825,SPEAKER_01,-9,
90825,SPEAKER_00,-8,
90825,SPEAKER_01,-8,
90825,SPEAKER_00,-7,
90825,SPEAKER_01,-7,
90825,SPEAKER_00,-6,
90825,SPEAKER_01,-6,
90825,SPEAKER_00,-5,
90825,SPEAKER_01,-5,
90825,SPEAKER_00,-4,
90825,SPEAKER_01,-4,
90825,SPEAKER_00,-3,
90825,SPEAKER_01,-3,
90825,SPEAKER_00,-2,
90825,SPEAKER_01,-2,
90825,SPEAKER_00,-1,
90825,SPEAKER_01,-1,
90825,SPEAKER_00,0,
90825,SPEAKER_01,0,
90825,SPEAKER_00,1,
90825,SPEAKER_01,1,
90825,SPEAKER_00,2,
90825,SPEAKER_01,2,
90825,SPEAKER_00,3,
90825,SPEAKER_01,3,
90825,SPEAKER_00,4,
90825,SPEAKER_01,4,
90825,SPEAKER_00,5,
90825,SPEAKER_01,5,
90825,SPEAKER_00,6,
90825,SPEAKER_01,6,
90825,SPEAKER_00,7,
90825,SPEAKER_01,7,
90825,SPEAKER_00,8,
90825,SPEAKER_01,8,
90825,SPEAKER_00,9,
90825,SPEAKER_01,9,
90825,SPEAKER_00,10,
90825,SPEAKER_01,10,
90825,SPEAKER_00,11,
90825,SPEAKER_01,11,
90825,SPEAKER_00,12,
90825,SPEAKER_01,12,
90825,SPEAKER_00,13,
90825,SPEAKER_01,13,
90825,SPEAKER_00,14,
90825,SPEAKER_01,14,
90825,SPEAKER_00,15,
90825,SPEAKER_01,15,
90843,SPEAKER_00,-15,
90843,SPEAKER_01,-15,
90843,SPEAKER_00,-14,
90843,SPEAKER_01,-14,
90843,SPEAKER_00,-13,
90843,SPEAKER_01,-13,
90843,SPEAKER_00,-12,
90843,SPEAKER_01,-12,
90843,SPEAKER_00,-11,
90843,SPEAKER_01,-11,
90843,SPEAKER_00,-10,
90843,SPEAKER_01,-10,
90843,SPEAKER_00,-9,
90843,SPEAKER_01,-9,
90843,SPEAKER_00,-8,
90843,SPEAKER_01,-8,
90843,SPEAKER_00,-7,
90843,SPEAKER_01,-7,
90843,SPEAKER_00,-6,
90843,SPEAKER_01,-6,
90843,SPEAKER_00,-5,
90843,SPEAKER_01,-5,
90843,SPEAKER_00,-4,
90843,SPEAKER_01,-4,
90843,SPEAKER_00,-3,
90843,SPEAKER_01,-3,
90843,SPEAKER_00,-2,
90843,SPEAKER_01,-2,
90843,SPEAKER_00,-1,
90843,SPEAKER_01,-1,
90843,SPEAKER_00,0,
90843,SPEAKER_01,0,
90843,SPEAKER_00,1,
90843,SPEAKER_01,1,
90843,SPEAKER_00,2,
90843,SPEAKER_01,2,
90843,SPEAKER_00,3,
90843,SPEAKER_01,3,
90843,SPEAKER_00,4,
90843,SPEAKER_01,4,
90843,SPEAKER_00,5,
90843,SPEAKER_01,5,
90843,SPEAKER_00,6,
90843,SPEAKER_01,6,
90843,SPEAKER_00,7,
90843,SPEAKER_01,7,
90843,SPEAKER_00,8,
90843,SPEAKER_01,8,
90843,SPEAKER_00,9,
90843,SPEAKER_01,9,
90843,SPEAKER_00,10,
90843,SPEAKER_01,10,
90843,SPEAKER_00,11,
90843,SPEAKER_01,11,
90843,SPEAKER_00,12,
90843,SPEAKER_01,12,
90843,SPEAKER_00,13,
90843,SPEAKER_01,13,
90843,SPEAKER_00,14,
90843,SPEAKER_01,14,
90843,SPEAKER_00,15,
90843,SPEAKER_01,15,
90894,SPEAKER_00,-15,
90894,SPEAKER_02,-15,
90894,SPEAKER_00,-14,
90894,SPEAKER_02,-14,
90894,SPEAKER_00,-13,
90894,SPEAKER_02,-13,
90894,SPEAKER_00,-12,
90894,SPEAKER_02,-12,
90894,SPEAKER_00,-11,
90894,SPEAKER_02,-11,
90894,SPEAKER_00,-10,
90894,SPEAKER_02,-10,
90894,SPEAKER_00,-9,
90894,SPEAKER_02,-9,
90894,SPEAKER_00,-8,
90894,SPEAKER_02,-8,
90894,SPEAKER_00,-7,
90894,SPEAKER_02,-7,
90894,SPEAKER_00,-6,
90894,SPEAKER_02,-6,
90894,SPEAKER_00,-5,
90894,SPEAKER_02,-5,
90894,SPEAKER_00,-4,
90894,SPEAKER_02,-4,
90894,SPEAKER_00,-3,
90894,SPEAKER_02,-3,
90894,SPEAKER_00,-2,
90894,SPEAKER_02,-2,
90894,SPEAKER_00,-1,
90894,SPEAKER_02,-1,
90894,SPEAKER_00,0,
90894,SPEAKER_02,0,
90894,SPEAKER_00,1,
90894,SPEAKER_02,1,
90894,SPEAKER_00,2,
90894,SPEAKER_02,2,
90894,SPEAKER_00,3,
90894,SPEAKER_02,3,
90894,SPEAKER_00,4,
90894,SPEAKER_02,4,
90894,SPEAKER_00,5,
90894,SPEAKER_02,5,
90894,SPEAKER_00,6,
90894,SPEAKER_02,6,
90894,SPEAKER_00,7,
90894,SPEAKER_02,7,
90894,SPEAKER_00,8,
90894,SPEAKER_02,8,
90894,SPEAKER_00,9,
90894,SPEAKER_02,9,
90894,SPEAKER_00,10,
90894,SPEAKER_02,10,
90894,SPEAKER_00,11,
90894,SPEAKER_02,11,
90894,SPEAKER_00,12,
90894,SPEAKER_02,12,
90894,SPEAKER_00,13,
90894,SPEAKER_02,13,
90894,SPEAKER_00,14,
90894,SPEAKER_02,14,
90894,SPEAKER_00,15,
90894,SPEAKER_02,15,
91042,SPEAKER_00,-15,
91042,SPEAKER_02,-15,
91042,SPEAKER_00,-14,
91042,SPEAKER_02,-14,
91042,SPEAKER_00,-13,
91042,SPEAKER_02,-13,
91042,SPEAKER_00,-12,
91042,SPEAKER_02,-12,
91042,SPEAKER_00,-11,
91042,SPEAKER_02,-11,
91042,SPEAKER_00,-10,
91042,SPEAKER_02,-10,
91042,SPEAKER_00,-9,
91042,SPEAKER_02,-9,
91042,SPEAKER_00,-8,
91042,SPEAKER_02,-8,
91042,SPEAKER_00,-7,
91042,SPEAKER_02,-7,
91042,SPEAKER_00,-6,
91042,SPEAKER_02,-6,
91042,SPEAKER_00,-5,
91042,SPEAKER_02,-5,
91042,SPEAKER_00,-4,
91042,SPEAKER_02,-4,
91042,SPEAKER_00,-3,
91042,SPEAKER_02,-3,
91042,SPEAKER_00,-2,
91042,SPEAKER_02,-2,
91042,SPEAKER_00,-1,
91042,SPEAKER_02,-1,
91042,SPEAKER_00,0,
91042,SPEAKER_02,0,
91042,SPEAKER_00,1,
91042,SPEAKER_02,1,
91042,SPEAKER_00,2,
91042,SPEAKER_02,2,
91042,SPEAKER_00,3,
91042,SPEAKER_02,3,
91042,SPEAKER_00,4,
91042,SPEAKER_02,4,
91042,SPEAKER_00,5,
91042,SPEAKER_02,5,
91042,SPEAKER_00,6,
91042,SPEAKER_02,6,
91042,SPEAKER_00,7,
91042,SPEAKER_02,7,
91042,SPEAKER_00,8,
91042,SPEAKER_02,8,
91042,SPEAKER_00,9,
91042,SPEAKER_02,9,
91042,SPEAKER_00,10,
91042,SPEAKER_02,10,
91042,SPEAKER_00,11,
91042,SPEAKER_02,11,
91042,SPEAKER_00,12,
91042,SPEAKER_02,12,
91042,SPEAKER_00,13,
91042,SPEAKER_02,13,
91042,SPEAKER_00,14,
91042,SPEAKER_02,14,
91042,SPEAKER_00,15,
91042,SPEAKER_02,15,
91072,SPEAKER_00,-15,
91072,SPEAKER_01,-15,
91072,SPEAKER_00,-14,
91072,SPEAKER_01,-14,
91072,SPEAKER_00,-13,
91072,SPEAKER_01,-13,
91072,SPEAKER_00,-12,
91072,SPEAKER_01,-12,
91072,SPEAKER_00,-11,
91072,SPEAKER_01,-11,
91072,SPEAKER_00,-10,
91072,SPEAKER_01,-10,
91072,SPEAKER_00,-9,
91072,SPEAKER_01,-9,
91072,SPEAKER_00,-8,
91072,SPEAKER_01,-8,
91072,SPEAKER_00,-7,
91072,SPEAKER_01,-7,
91072,SPEAKER_00,-6,
91072,SPEAKER_01,-6,
91072,SPEAKER_00,-5,0.005261010601210981
91072,SPEAKER_01,-5,0.10254676740988657
91072,SPEAKER_00,-4,
91072,SPEAKER_01,-4,
91072,SPEAKER_00,-3,0.6319003706632279
91072,SPEAKER_01,-3,0.25671190786952464
91072,SPEAKER_00,-2,
91072,SPEAKER_01,-2,
91072,SPEAKER_00,-1,0.0075138491503861805
91072,SPEAKER_01,-1,0.7045340105220103
91072,SPEAKER_00,0,
91072,SPEAKER_01,0,
91072,SPEAKER_00,1,0.017302323394322715
91072,SPEAKER_01,1,0.23578829115582994
91072,SPEAKER_00,2,
91072,SPEAKER_01,2,
91072,SPEAKER_00,3,0.4714649155008228
91072,SPEAKER_01,3,0.29475175814046806
91072,SPEAKER_00,4,
91072,SPEAKER_01,4,
91072,SPEAKER_00,5,0.07742779251525074
91072,SPEAKER_01,5,1.6143478857878473
91072,SPEAKER_00,6,
91072,SPEAKER_01,6,
91072,SPEAKER_00,7,
91072,SPEAKER_01,7,
91072,SPEAKER_00,8,
91072,SPEAKER_01,8,
91072,SPEAKER_00,9,
91072,SPEAKER_01,9,
91072,SPEAKER_00,10,
91072,SPEAKER_01,10,
91072,SPEAKER_00,11,
91072,SPEAKER_01,11,
91072,SPEAKER_00,12,
91072,SPEAKER_01,12,
91072,SPEAKER_00,13,
91072,SPEAKER_01,13,
91072,SPEAKER_00,14,
91072,SPEAKER_01,14,
91072,SPEAKER_00,15,
91072,SPEAKER_01,15,
91092,SPEAKER_00,-15,
91092,SPEAKER_01,-15,
91092,SPEAKER_00,-14,
91092,SPEAKER_01,-14,
91092,SPEAKER_00,-13,
91092,SPEAKER_01,-13,
91092,SPEAKER_00,-12,
91092,SPEAKER_01,-12,
91092,SPEAKER_00,-11,
91092,SPEAKER_01,-11,
91092,SPEAKER_00,-10,
91092,SPEAKER_01,-10,
91092,SPEAKER_00,-9,
91092,SPEAKER_01,-9,
91092,SPEAKER_00,-8,
91092,SPEAKER_01,-8,
91092,SPEAKER_00,-7,
91092,SPEAKER_01,-7,
91092,SPEAKER_00,-6,
91092,SPEAKER_01,-6,
91092,SPEAKER_00,-5,
91092,SPEAKER_01,-5,
91092,SPEAKER_00,-4,
91092,SPEAKER_01,-4,
91092,SPEAKER_00,-3,
91092,SPEAKER_01,-3,
91092,SPEAKER_00,-2,
91092,SPEAKER_01,-2,
91092,SPEAKER_00,-1,
91092,SPEAKER_01,-1,
91092,SPEAKER_00,0,
91092,SPEAKER_01,0,
91092,SPEAKER_00,1,
91092,SPEAKER_01,1,
91092,SPEAKER_00,2,
91092,SPEAKER_01,2,
91092,SPEAKER_00,3,
91092,SPEAKER_01,3,
91092,SPEAKER_00,4,
91092,SPEAKER_01,4,
91092,SPEAKER_00,5,
91092,SPEAKER_01,5,
91092,SPEAKER_00,6,
91092,SPEAKER_01,6,
91092,SPEAKER_00,7,
91092,SPEAKER_01,7,
91092,SPEAKER_00,8,
91092,SPEAKER_01,8,
91092,SPEAKER_00,9,
91092,SPEAKER_01,9,
91092,SPEAKER_00,10,
91092,SPEAKER_01,10,
91092,SPEAKER_00,11,
91092,SPEAKER_01,11,
91092,SPEAKER_00,12,
91092,SPEAKER_01,12,
91092,SPEAKER_00,13,
91092,SPEAKER_01,13,
91092,SPEAKER_00,14,
91092,SPEAKER_01,14,
91092,SPEAKER_00,15,
91092,SPEAKER_01,15,
91204,SPEAKER_01,-15,
91204,SPEAKER_02,-15,
91204,SPEAKER_01,-14,
91204,SPEAKER_02,-14,
91204,SPEAKER_01,-13,
91204,SPEAKER_02,-13,
91204,SPEAKER_01,-12,
91204,SPEAKER_02,-12,
91204,SPEAKER_01,-11,
91204,SPEAKER_02,-11,
91204,SPEAKER_01,-10,
91204,SPEAKER_02,-10,
91204,SPEAKER_01,-9,
91204,SPEAKER_02,-9,
91204,SPEAKER_01,-8,
91204,SPEAKER_02,-8,
91204,SPEAKER_01,-7,
91204,SPEAKER_02,-7,
91204,SPEAKER_01,-6,
91204,SPEAKER_02,-6,
91204,SPEAKER_01,-5,
91204,SPEAKER_02,-5,
91204,SPEAKER_01,-4,
91204,SPEAKER_02,-4,
91204,SPEAKER_01,-3,
91204,SPEAKER_02,-3,
91204,SPEAKER_01,-2,
91204,SPEAKER_02,-2,
91204,SPEAKER_01,-1,
91204,SPEAKER_02,-1,
91204,SPEAKER_01,0,
91204,SPEAKER_02,0,
91204,SPEAKER_01,1,
91204,SPEAKER_02,1,
91204,SPEAKER_01,2,
91204,SPEAKER_02,2,
91204,SPEAKER_01,3,
91204,SPEAKER_02,3,
91204,SPEAKER_01,4,
91204,SPEAKER_02,4,
91204,SPEAKER_01,5,
91204,SPEAKER_02,5,
91204,SPEAKER_01,6,
91204,SPEAKER_02,6,
91204,SPEAKER_01,7,
91204,SPEAKER_02,7,
91204,SPEAKER_01,8,
91204,SPEAKER_02,8,
91204,SPEAKER_01,9,
91204,SPEAKER_02,9,
91204,SPEAKER_01,10,
91204,SPEAKER_02,10,
91204,SPEAKER_01,11,
91204,SPEAKER_02,11,
91204,SPEAKER_01,12,
91204,SPEAKER_02,12,
91204,SPEAKER_01,13,
91204,SPEAKER_02,13,
91204,SPEAKER_01,14,
91204,SPEAKER_02,14,
91204,SPEAKER_01,15,
91204,SPEAKER_02,15,
91238,SPEAKER_00,-15,
91238,SPEAKER_01,-15,
91238,SPEAKER_00,-14,
91238,SPEAKER_01,-14,
91238,SPEAKER_00,-13,
91238,SPEAKER_01,-13,
91238,SPEAKER_00,-12,
91238,SPEAKER_01,-12,
91238,SPEAKER_00,-11,
91238,SPEAKER_01,-11,
91238,SPEAKER_00,-10,
91238,SPEAKER_01,-10,
91238,SPEAKER_00,-9,
91238,SPEAKER_01,-9,
91238,SPEAKER_00,-8,
91238,SPEAKER_01,-8,
91238,SPEAKER_00,-7,
91238,SPEAKER_01,-7,
91238,SPEAKER_00,-6,
91238,SPEAKER_01,-6,
91238,SPEAKER_00,-5,
91238,SPEAKER_01,-5,
91238,SPEAKER_00,-4,
91238,SPEAKER_01,-4,
91238,SPEAKER_00,-3,
91238,SPEAKER_01,-3,
91238,SPEAKER_00,-2,
91238,SPEAKER_01,-2,
91238,SPEAKER_00,-1,
91238,SPEAKER_01,-1,
91238,SPEAKER_00,0,
91238,SPEAKER_01,0,
91238,SPEAKER_00,1,
91238,SPEAKER_01,1,
91238,SPEAKER_00,2,
91238,SPEAKER_01,2,
91238,SPEAKER_00,3,
91238,SPEAKER_01,3,
91238,SPEAKER_00,4,
91238,SPEAKER_01,4,
91238,SPEAKER_00,5,
91238,SPEAKER_01,5,
91238,SPEAKER_00,6,
91238,SPEAKER_01,6,
91238,SPEAKER_00,7,
91238,SPEAKER_01,7,
91238,SPEAKER_00,8,
91238,SPEAKER_01,8,
91238,SPEAKER_00,9,
91238,SPEAKER_01,9,
91238,SPEAKER_00,10,
91238,SPEAKER_01,10,
91238,SPEAKER_00,11,
91238,SPEAKER_01,11,
91238,SPEAKER_00,12,
91238,SPEAKER_01,12,
91238,SPEAKER_00,13,
91238,SPEAKER_01,13,
91238,SPEAKER_00,14,
91238,SPEAKER_01,14,
91238,SPEAKER_00,15,
91238,SPEAKER_01,15,
91239,SPEAKER_00,-15,
91239,SPEAKER_02,-15,
91239,SPEAKER_00,-14,
91239,SPEAKER_02,-14,
91239,SPEAKER_00,-13,
91239,SPEAKER_02,-13,
91239,SPEAKER_00,-12,
91239,SPEAKER_02,-12,
91239,SPEAKER_00,-11,
91239,SPEAKER_02,-11,
91239,SPEAKER_00,-10,
91239,SPEAKER_02,-10,
91239,SPEAKER_00,-9,
91239,SPEAKER_02,-9,
91239,SPEAKER_00,-8,
91239,SPEAKER_02,-8,
91239,SPEAKER_00,-7,
91239,SPEAKER_02,-7,
91239,SPEAKER_00,-6,
91239,SPEAKER_02,-6,
91239,SPEAKER_00,-5,
91239,SPEAKER_02,-5,
91239,SPEAKER_00,-4,
91239,SPEAKER_02,-4,
91239,SPEAKER_00,-3,
91239,SPEAKER_02,-3,
91239,SPEAKER_00,-2,
91239,SPEAKER_02,-2,
91239,SPEAKER_00,-1,
91239,SPEAKER_02,-1,
91239,SPEAKER_00,0,
91239,SPEAKER_02,0,
91239,SPEAKER_00,1,
91239,SPEAKER_02,1,
91239,SPEAKER_00,2,
91239,SPEAKER_02,2,
91239,SPEAKER_00,3,
91239,SPEAKER_02,3,
91239,SPEAKER_00,4,
91239,SPEAKER_02,4,
91239,SPEAKER_00,5,
91239,SPEAKER_02,5,
91239,SPEAKER_00,6,
91239,SPEAKER_02,6,
91239,SPEAKER_00,7,
91239,SPEAKER_02,7,
91239,SPEAKER_00,8,
91239,SPEAKER_02,8,
91239,SPEAKER_00,9,
91239,SPEAKER_02,9,
91239,SPEAKER_00,10,
91239,SPEAKER_02,10,
91239,SPEAKER_00,11,
91239,SPEAKER_02,11,
91239,SPEAKER_00,12,
91239,SPEAKER_02,12,
91239,SPEAKER_00,13,
91239,SPEAKER_02,13,
91239,SPEAKER_00,14,
91239,SPEAKER_02,14,
91239,SPEAKER_00,15,
91239,SPEAKER_02,15,
91240,SPEAKER_00,-15,
91240,SPEAKER_01,-15,
91240,SPEAKER_00,-14,
91240,SPEAKER_01,-14,
91240,SPEAKER_00,-13,
91240,SPEAKER_01,-13,
91240,SPEAKER_00,-12,
91240,SPEAKER_01,-12,
91240,SPEAKER_00,-11,
91240,SPEAKER_01,-11,
91240,SPEAKER_00,-10,
91240,SPEAKER_01,-10,
91240,SPEAKER_00,-9,
91240,SPEAKER_01,-9,
91240,SPEAKER_00,-8,
91240,SPEAKER_01,-8,
91240,SPEAKER_00,-7,
91240,SPEAKER_01,-7,
91240,SPEAKER_00,-6,
91240,SPEAKER_01,-6,
91240,SPEAKER_00,-5,
91240,SPEAKER_01,-5,
91240,SPEAKER_00,-4,
91240,SPEAKER_01,-4,
91240,SPEAKER_00,-3,
91240,SPEAKER_01,-3,
91240,SPEAKER_00,-2,
91240,SPEAKER_01,-2,
91240,SPEAKER_00,-1,
91240,SPEAKER_01,-1,
91240,SPEAKER_00,0,
91240,SPEAKER_01,0,
91240,SPEAKER_00,1,
91240,SPEAKER_01,1,
91240,SPEAKER_00,2,
91240,SPEAKER_01,2,
91240,SPEAKER_00,3,
91240,SPEAKER_01,3,
91240,SPEAKER_00,4,
91240,SPEAKER_01,4,
91240,SPEAKER_00,5,
91240,SPEAKER_01,5,
91240,SPEAKER_00,6,
91240,SPEAKER_01,6,
91240,SPEAKER_00,7,
91240,SPEAKER_01,7,
91240,SPEAKER_00,8,
91240,SPEAKER_01,8,
91240,SPEAKER_00,9,
91240,SPEAKER_01,9,
91240,SPEAKER_00,10,
91240,SPEAKER_01,10,
91240,SPEAKER_00,11,
91240,SPEAKER_01,11,
91240,SPEAKER_00,12,
91240,SPEAKER_01,12,
91240,SPEAKER_00,13,
91240,SPEAKER_01,13,
91240,SPEAKER_00,14,
91240,SPEAKER_01,14,
91240,SPEAKER_00,15,
91240,SPEAKER_01,15,
91277,SPEAKER_00,-15,
91277,SPEAKER_01,-15,
91277,SPEAKER_00,-14,
91277,SPEAKER_01,-14,
91277,SPEAKER_00,-13,
91277,SPEAKER_01,-13,
91277,SPEAKER_00,-12,
91277,SPEAKER_01,-12,
91277,SPEAKER_00,-11,
91277,SPEAKER_01,-11,
91277,SPEAKER_00,-10,
91277,SPEAKER_01,-10,
91277,SPEAKER_00,-9,
91277,SPEAKER_01,-9,
91277,SPEAKER_00,-8,
91277,SPEAKER_01,-8,
91277,SPEAKER_00,-7,
91277,SPEAKER_01,-7,
91277,SPEAKER_00,-6,
91277,SPEAKER_01,-6,
91277,SPEAKER_00,-5,
91277,SPEAKER_01,-5,
91277,SPEAKER_00,-4,
91277,SPEAKER_01,-4,
91277,SPEAKER_00,-3,
91277,SPEAKER_01,-3,
91277,SPEAKER_00,-2,
91277,SPEAKER_01,-2,
91277,SPEAKER_00,-1,0.48117453729190063
91277,SPEAKER_01,-1,3.330916237544246
91277,SPEAKER_00,0,
91277,SPEAKER_01,0,
91277,SPEAKER_00,1,1.6190378003557808
91277,SPEAKER_01,1,3.2901303456096707
91277,SPEAKER_00,2,
91277,SPEAKER_01,2,
91277,SPEAKER_00,3,
91277,SPEAKER_01,3,
91277,SPEAKER_00,4,
91277,SPEAKER_01,4,
91277,SPEAKER_00,5,
91277,SPEAKER_01,5,
91277,SPEAKER_00,6,
91277,SPEAKER_01,6,
91277,SPEAKER_00,7,
91277,SPEAKER_01,7,
91277,SPEAKER_00,8,
91277,SPEAKER_01,8,
91277,SPEAKER_00,9,
91277,SPEAKER_01,9,
91277,SPEAKER_00,10,
91277,SPEAKER_01,10,
91277,SPEAKER_00,11,
91277,SPEAKER_01,11,
91277,SPEAKER_00,12,
91277,SPEAKER_01,12,
91277,SPEAKER_00,13,
91277,SPEAKER_01,13,
91277,SPEAKER_00,14,
91277,SPEAKER_01,14,
91277,SPEAKER_00,15,
91277,SPEAKER_01,15,
91645,SPEAKER_00,-15,
91645,SPEAKER_01,-15,
91645,SPEAKER_00,-14,
91645,SPEAKER_01,-14,
91645,SPEAKER_00,-13,
91645,SPEAKER_01,-13,
91645,SPEAKER_00,-12,
91645,SPEAKER_01,-12,
91645,SPEAKER_00,-11,
91645,SPEAKER_01,-11,
91645,SPEAKER_00,-10,
91645,SPEAKER_01,-10,
91645,SPEAKER_00,-9,
91645,SPEAKER_01,-9,
91645,SPEAKER_00,-8,
91645,SPEAKER_01,-8,
91645,SPEAKER_00,-7,
91645,SPEAKER_01,-7,
91645,SPEAKER_00,-6,
91645,SPEAKER_01,-6,
91645,SPEAKER_00,-5,
91645,SPEAKER_01,-5,
91645,SPEAKER_00,-4,
91645,SPEAKER_01,-4,
91645,SPEAKER_00,-3,
91645,SPEAKER_01,-3,
91645,SPEAKER_00,-2,
91645,SPEAKER_01,-2,
91645,SPEAKER_00,-1,
91645,SPEAKER_01,-1,
91645,SPEAKER_00,0,
91645,SPEAKER_01,0,
91645,SPEAKER_00,1,
91645,SPEAKER_01,1,
91645,SPEAKER_00,2,
91645,SPEAKER_01,2,
91645,SPEAKER_00,3,
91645,SPEAKER_01,3,
91645,SPEAKER_00,4,
91645,SPEAKER_01,4,
91645,SPEAKER_00,5,
91645,SPEAKER_01,5,
91645,SPEAKER_00,6,
91645,SPEAKER_01,6,
91645,SPEAKER_00,7,
91645,SPEAKER_01,7,
91645,SPEAKER_00,8,
91645,SPEAKER_01,8,
91645,SPEAKER_00,9,
91645,SPEAKER_01,9,
91645,SPEAKER_00,10,
91645,SPEAKER_01,10,
91645,SPEAKER_00,11,
91645,SPEAKER_01,11,
91645,SPEAKER_00,12,
91645,SPEAKER_01,12,
91645,SPEAKER_00,13,
91645,SPEAKER_01,13,
91645,SPEAKER_00,14,
91645,SPEAKER_01,14,
91645,SPEAKER_00,15,
91645,SPEAKER_01,15,
91894,SPEAKER_00,-15,
91894,SPEAKER_01,-15,
91894,SPEAKER_00,-14,
91894,SPEAKER_01,-14,
91894,SPEAKER_00,-13,
91894,SPEAKER_01,-13,
91894,SPEAKER_00,-12,
91894,SPEAKER_01,-12,
91894,SPEAKER_00,-11,
91894,SPEAKER_01,-11,
91894,SPEAKER_00,-10,
91894,SPEAKER_01,-10,
91894,SPEAKER_00,-9,
91894,SPEAKER_01,-9,
91894,SPEAKER_00,-8,
91894,SPEAKER_01,-8,
91894,SPEAKER_00,-7,
91894,SPEAKER_01,-7,
91894,SPEAKER_00,-6,
91894,SPEAKER_01,-6,
91894,SPEAKER_00,-5,
91894,SPEAKER_01,-5,
91894,SPEAKER_00,-4,
91894,SPEAKER_01,-4,
91894,SPEAKER_00,-3,
91894,SPEAKER_01,-3,
91894,SPEAKER_00,-2,
91894,SPEAKER_01,-2,
91894,SPEAKER_00,-1,
91894,SPEAKER_01,-1,
91894,SPEAKER_00,0,
91894,SPEAKER_01,0,
91894,SPEAKER_00,1,
91894,SPEAKER_01,1,
91894,SPEAKER_00,2,
91894,SPEAKER_01,2,
91894,SPEAKER_00,3,
91894,SPEAKER_01,3,
91894,SPEAKER_00,4,
91894,SPEAKER_01,4,
91894,SPEAKER_00,5,
91894,SPEAKER_01,5,
91894,SPEAKER_00,6,
91894,SPEAKER_01,6,
91894,SPEAKER_00,7,
91894,SPEAKER_01,7,
91894,SPEAKER_00,8,
91894,SPEAKER_01,8,
91894,SPEAKER_00,9,
91894,SPEAKER_01,9,
91894,SPEAKER_00,10,
91894,SPEAKER_01,10,
91894,SPEAKER_00,11,
91894,SPEAKER_01,11,
91894,SPEAKER_00,12,
91894,SPEAKER_01,12,
91894,SPEAKER_00,13,
91894,SPEAKER_01,13,
91894,SPEAKER_00,14,
91894,SPEAKER_01,14,
91894,SPEAKER_00,15,
91894,SPEAKER_01,15,
91947,SPEAKER_00,-15,
91947,SPEAKER_01,-15,
91947,SPEAKER_00,-14,
91947,SPEAKER_01,-14,
91947,SPEAKER_00,-13,
91947,SPEAKER_01,-13,
91947,SPEAKER_00,-12,
91947,SPEAKER_01,-12,
91947,SPEAKER_00,-11,
91947,SPEAKER_01,-11,
91947,SPEAKER_00,-10,
91947,SPEAKER_01,-10,
91947,SPEAKER_00,-9,
91947,SPEAKER_01,-9,
91947,SPEAKER_00,-8,
91947,SPEAKER_01,-8,
91947,SPEAKER_00,-7,
91947,SPEAKER_01,-7,
91947,SPEAKER_00,-6,
91947,SPEAKER_01,-6,
91947,SPEAKER_00,-5,
91947,SPEAKER_01,-5,
91947,SPEAKER_00,-4,
91947,SPEAKER_01,-4,
91947,SPEAKER_00,-3,
91947,SPEAKER_01,-3,
91947,SPEAKER_00,-2,
91947,SPEAKER_01,-2,
91947,SPEAKER_00,-1,
91947,SPEAKER_01,-1,
91947,SPEAKER_00,0,
91947,SPEAKER_01,0,
91947,SPEAKER_00,1,
91947,SPEAKER_01,1,
91947,SPEAKER_00,2,
91947,SPEAKER_01,2,
91947,SPEAKER_00,3,
91947,SPEAKER_01,3,
91947,SPEAKER_00,4,
91947,SPEAKER_01,4,
91947,SPEAKER_00,5,
91947,SPEAKER_01,5,
91947,SPEAKER_00,6,
91947,SPEAKER_01,6,
91947,SPEAKER_00,7,
91947,SPEAKER_01,7,
91947,SPEAKER_00,8,
91947,SPEAKER_01,8,
91947,SPEAKER_00,9,
91947,SPEAKER_01,9,
91947,SPEAKER_00,10,
91947,SPEAKER_01,10,
91947,SPEAKER_00,11,
91947,SPEAKER_01,11,
91947,SPEAKER_00,12,
91947,SPEAKER_01,12,
91947,SPEAKER_00,13,
91947,SPEAKER_01,13,
91947,SPEAKER_00,14,
91947,SPEAKER_01,14,
91947,SPEAKER_00,15,
91947,SPEAKER_01,15,
91984,SPEAKER_00,-15,
91984,SPEAKER_01,-15,
91984,SPEAKER_00,-14,
91984,SPEAKER_01,-14,
91984,SPEAKER_00,-13,
91984,SPEAKER_01,-13,
91984,SPEAKER_00,-12,
91984,SPEAKER_01,-12,
91984,SPEAKER_00,-11,
91984,SPEAKER_01,-11,
91984,SPEAKER_00,-10,
91984,SPEAKER_01,-10,
91984,SPEAKER_00,-9,
91984,SPEAKER_01,-9,
91984,SPEAKER_00,-8,
91984,SPEAKER_01,-8,
91984,SPEAKER_00,-7,
91984,SPEAKER_01,-7,
91984,SPEAKER_00,-6,
91984,SPEAKER_01,-6,
91984,SPEAKER_00,-5,0.2520662331341108
91984,SPEAKER_01,-5,2.5147921019173936
91984,SPEAKER_00,-4,
91984,SPEAKER_01,-4,
91984,SPEAKER_00,-3,3.07261221869837
91984,SPEAKER_01,-3,4.413673801408335
91984,SPEAKER_00,-2,
91984,SPEAKER_01,-2,
91984,SPEAKER_00,-1,0.20167648575778604
91984,SPEAKER_01,-1,0.2215972517059127
91984,SPEAKER_00,0,
91984,SPEAKER_01,0,
91984,SPEAKER_00,1,0.6886560743423265
91984,SPEAKER_01,1,2.3408190208844553
91984,SPEAKER_00,2,
91984,SPEAKER_01,2,
91984,SPEAKER_00,3,16.83766206984644
91984,SPEAKER_01,3,1.8668355516948447
91984,SPEAKER_00,4,
91984,SPEAKER_01,4,
91984,SPEAKER_00,5,0.0346547255461983
91984,SPEAKER_01,5,2.786362218623548
91984,SPEAKER_00,6,
91984,SPEAKER_01,6,
91984,SPEAKER_00,7,
91984,SPEAKER_01,7,
91984,SPEAKER_00,8,
91984,SPEAKER_01,8,
91984,SPEAKER_00,9,
91984,SPEAKER_01,9,
91984,SPEAKER_00,10,
91984,SPEAKER_01,10,
91984,SPEAKER_00,11,
91984,SPEAKER_01,11,
91984,SPEAKER_00,12,
91984,SPEAKER_01,12,
91984,SPEAKER_00,13,
91984,SPEAKER_01,13,
91984,SPEAKER_00,14,
91984,SPEAKER_01,14,
91984,SPEAKER_00,15,
91984,SPEAKER_01,15,
92183,SPEAKER_00,-15,
92183,SPEAKER_01,-15,
92183,SPEAKER_00,-14,
92183,SPEAKER_01,-14,
92183,SPEAKER_00,-13,
92183,SPEAKER_01,-13,
92183,SPEAKER_00,-12,
92183,SPEAKER_01,-12,
92183,SPEAKER_00,-11,
92183,SPEAKER_01,-11,
92183,SPEAKER_00,-10,
92183,SPEAKER_01,-10,
92183,SPEAKER_00,-9,
92183,SPEAKER_01,-9,
92183,SPEAKER_00,-8,
92183,SPEAKER_01,-8,
92183,SPEAKER_00,-7,1.4955755588109076
92183,SPEAKER_01,-7,1.7036122098020083
92183,SPEAKER_00,-6,
92183,SPEAKER_01,-6,
92183,SPEAKER_00,-5,0.8919417844002913
92183,SPEAKER_01,-5,2.0637152877542215
92183,SPEAKER_00,-4,
92183,SPEAKER_01,-4,
92183,SPEAKER_00,-3,0.8903895316941444
92183,SPEAKER_01,-3,0.06653900218758502
92183,SPEAKER_00,-2,
92183,SPEAKER_01,-2,
92183,SPEAKER_00,-1,0.74453088647958
92183,SPEAKER_01,-1,0.3652726918060488
92183,SPEAKER_00,0,
92183,SPEAKER_01,0,
92183,SPEAKER_00,1,0.698265540186381
92183,SPEAKER_01,1,0.29766678702062843
92183,SPEAKER_00,2,
92183,SPEAKER_01,2,
92183,SPEAKER_00,3,0.20807212207813358
92183,SPEAKER_01,3,0.5897946810953174
92183,SPEAKER_00,4,
92183,SPEAKER_01,4,
92183,SPEAKER_00,5,0.5309081481711618
92183,SPEAKER_01,5,4.398674557800528
92183,SPEAKER_00,6,
92183,SPEAKER_01,6,
92183,SPEAKER_00,7,0.30362629378034545
92183,SPEAKER_01,7,1.5021685125598059
92183,SPEAKER_00,8,
92183,SPEAKER_01,8,
92183,SPEAKER_00,9,
92183,SPEAKER_01,9,
92183,SPEAKER_00,10,
92183,SPEAKER_01,10,
92183,SPEAKER_00,11,
92183,SPEAKER_01,11,
92183,SPEAKER_00,12,
92183,SPEAKER_01,12,
92183,SPEAKER_00,13,
92183,SPEAKER_01,13,
92183,SPEAKER_00,14,
92183,SPEAKER_01,14,
92183,SPEAKER_00,15,
92183,SPEAKER_01,15,
92346,SPEAKER_00,-15,
92346,SPEAKER_01,-15,
92346,SPEAKER_00,-14,
92346,SPEAKER_01,-14,
92346,SPEAKER_00,-13,
92346,SPEAKER_01,-13,
92346,SPEAKER_00,-12,
92346,SPEAKER_01,-12,
92346,SPEAKER_00,-11,
92346,SPEAKER_01,-11,
92346,SPEAKER_00,-10,
92346,SPEAKER_01,-10,
92346,SPEAKER_00,-9,
92346,SPEAKER_01,-9,
92346,SPEAKER_00,-8,
92346,SPEAKER_01,-8,
92346,SPEAKER_00,-7,
92346,SPEAKER_01,-7,
92346,SPEAKER_00,-6,
92346,SPEAKER_01,-6,
92346,SPEAKER_00,-5,
92346,SPEAKER_01,-5,
92346,SPEAKER_00,-4,
92346,SPEAKER_01,-4,
92346,SPEAKER_00,-3,
92346,SPEAKER_01,-3,
92346,SPEAKER_00,-2,
92346,SPEAKER_01,-2,
92346,SPEAKER_00,-1,
92346,SPEAKER_01,-1,
92346,SPEAKER_00,0,
92346,SPEAKER_01,0,
92346,SPEAKER_00,1,
92346,SPEAKER_01,1,
92346,SPEAKER_00,2,
92346,SPEAKER_01,2,
92346,SPEAKER_00,3,
92346,SPEAKER_01,3,
92346,SPEAKER_00,4,
92346,SPEAKER_01,4,
92346,SPEAKER_00,5,
92346,SPEAKER_01,5,
92346,SPEAKER_00,6,
92346,SPEAKER_01,6,
92346,SPEAKER_00,7,
92346,SPEAKER_01,7,
92346,SPEAKER_00,8,
92346,SPEAKER_01,8,
92346,SPEAKER_00,9,
92346,SPEAKER_01,9,
92346,SPEAKER_00,10,
92346,SPEAKER_01,10,
92346,SPEAKER_00,11,
92346,SPEAKER_01,11,
92346,SPEAKER_00,12,
92346,SPEAKER_01,12,
92346,SPEAKER_00,13,
92346,SPEAKER_01,13,
92346,SPEAKER_00,14,
92346,SPEAKER_01,14,
92346,SPEAKER_00,15,
92346,SPEAKER_01,15,
92453,SPEAKER_00,-15,
92453,SPEAKER_01,-15,
92453,SPEAKER_00,-14,
92453,SPEAKER_01,-14,
92453,SPEAKER_00,-13,
92453,SPEAKER_01,-13,
92453,SPEAKER_00,-12,
92453,SPEAKER_01,-12,
92453,SPEAKER_00,-11,
92453,SPEAKER_01,-11,
92453,SPEAKER_00,-10,
92453,SPEAKER_01,-10,
92453,SPEAKER_00,-9,
92453,SPEAKER_01,-9,
92453,SPEAKER_00,-8,
92453,SPEAKER_01,-8,
92453,SPEAKER_00,-7,
92453,SPEAKER_01,-7,
92453,SPEAKER_00,-6,
92453,SPEAKER_01,-6,
92453,SPEAKER_00,-5,
92453,SPEAKER_01,-5,
92453,SPEAKER_00,-4,
92453,SPEAKER_01,-4,
92453,SPEAKER_00,-3,
92453,SPEAKER_01,-3,
92453,SPEAKER_00,-2,
92453,SPEAKER_01,-2,
92453,SPEAKER_00,-1,
92453,SPEAKER_01,-1,
92453,SPEAKER_00,0,
92453,SPEAKER_01,0,
92453,SPEAKER_00,1,
92453,SPEAKER_01,1,
92453,SPEAKER_00,2,
92453,SPEAKER_01,2,
92453,SPEAKER_00,3,
92453,SPEAKER_01,3,
92453,SPEAKER_00,4,
92453,SPEAKER_01,4,
92453,SPEAKER_00,5,
92453,SPEAKER_01,5,
92453,SPEAKER_00,6,
92453,SPEAKER_01,6,
92453,SPEAKER_00,7,
92453,SPEAKER_01,7,
92453,SPEAKER_00,8,
92453,SPEAKER_01,8,
92453,SPEAKER_00,9,
92453,SPEAKER_01,9,
92453,SPEAKER_00,10,
92453,SPEAKER_01,10,
92453,SPEAKER_00,11,
92453,SPEAKER_01,11,
92453,SPEAKER_00,12,
92453,SPEAKER_01,12,
92453,SPEAKER_00,13,
92453,SPEAKER_01,13,
92453,SPEAKER_00,14,
92453,SPEAKER_01,14,
92453,SPEAKER_00,15,
92453,SPEAKER_01,15,
92596,SPEAKER_00,-15,
92596,SPEAKER_01,-15,
92596,SPEAKER_00,-14,
92596,SPEAKER_01,-14,
92596,SPEAKER_00,-13,
92596,SPEAKER_01,-13,
92596,SPEAKER_00,-12,
92596,SPEAKER_01,-12,
92596,SPEAKER_00,-11,
92596,SPEAKER_01,-11,
92596,SPEAKER_00,-10,
92596,SPEAKER_01,-10,
92596,SPEAKER_00,-9,
92596,SPEAKER_01,-9,
92596,SPEAKER_00,-8,
92596,SPEAKER_01,-8,
92596,SPEAKER_00,-7,
92596,SPEAKER_01,-7,
92596,SPEAKER_00,-6,
92596,SPEAKER_01,-6,
92596,SPEAKER_00,-5,
92596,SPEAKER_01,-5,
92596,SPEAKER_00,-4,
92596,SPEAKER_01,-4,
92596,SPEAKER_00,-3,
92596,SPEAKER_01,-3,
92596,SPEAKER_00,-2,
92596,SPEAKER_01,-2,
92596,SPEAKER_00,-1,0.026934745125193175
92596,SPEAKER_01,-1,1.8944531121468347
92596,SPEAKER_00,0,
92596,SPEAKER_01,0,
92596,SPEAKER_00,1,1.4513162493634657
92596,SPEAKER_01,1,2.380192932391785
92596,SPEAKER_00,2,
92596,SPEAKER_01,2,
92596,SPEAKER_00,3,
92596,SPEAKER_01,3,
92596,SPEAKER_00,4,
92596,SPEAKER_01,4,
92596,SPEAKER_00,5,
92596,SPEAKER_01,5,
92596,SPEAKER_00,6,
92596,SPEAKER_01,6,
92596,SPEAKER_00,7,
92596,SPEAKER_01,7,
92596,SPEAKER_00,8,
92596,SPEAKER_01,8,
92596,SPEAKER_00,9,
92596,SPEAKER_01,9,
92596,SPEAKER_00,10,
92596,SPEAKER_01,10,
92596,SPEAKER_00,11,
92596,SPEAKER_01,11,
92596,SPEAKER_00,12,
92596,SPEAKER_01,12,
92596,SPEAKER_00,13,
92596,SPEAKER_01,13,
92596,SPEAKER_00,14,
92596,SPEAKER_01,14,
92596,SPEAKER_00,15,
92596,SPEAKER_01,15,
92599,SPEAKER_01,-15,
92599,SPEAKER_02,-15,
92599,SPEAKER_01,-14,
92599,SPEAKER_02,-14,
92599,SPEAKER_01,-13,
92599,SPEAKER_02,-13,
92599,SPEAKER_01,-12,
92599,SPEAKER_02,-12,
92599,SPEAKER_01,-11,
92599,SPEAKER_02,-11,
92599,SPEAKER_01,-10,
92599,SPEAKER_02,-10,
92599,SPEAKER_01,-9,
92599,SPEAKER_02,-9,
92599,SPEAKER_01,-8,
92599,SPEAKER_02,-8,
92599,SPEAKER_01,-7,
92599,SPEAKER_02,-7,
92599,SPEAKER_01,-6,
92599,SPEAKER_02,-6,
92599,SPEAKER_01,-5,
92599,SPEAKER_02,-5,
92599,SPEAKER_01,-4,
92599,SPEAKER_02,-4,
92599,SPEAKER_01,-3,
92599,SPEAKER_02,-3,
92599,SPEAKER_01,-2,
92599,SPEAKER_02,-2,
92599,SPEAKER_01,-1,
92599,SPEAKER_02,-1,
92599,SPEAKER_01,0,
92599,SPEAKER_02,0,
92599,SPEAKER_01,1,
92599,SPEAKER_02,1,
92599,SPEAKER_01,2,
92599,SPEAKER_02,2,
92599,SPEAKER_01,3,
92599,SPEAKER_02,3,
92599,SPEAKER_01,4,
92599,SPEAKER_02,4,
92599,SPEAKER_01,5,
92599,SPEAKER_02,5,
92599,SPEAKER_01,6,
92599,SPEAKER_02,6,
92599,SPEAKER_01,7,
92599,SPEAKER_02,7,
92599,SPEAKER_01,8,
92599,SPEAKER_02,8,
92599,SPEAKER_01,9,
92599,SPEAKER_02,9,
92599,SPEAKER_01,10,
92599,SPEAKER_02,10,
92599,SPEAKER_01,11,
92599,SPEAKER_02,11,
92599,SPEAKER_01,12,
92599,SPEAKER_02,12,
92599,SPEAKER_01,13,
92599,SPEAKER_02,13,
92599,SPEAKER_01,14,
92599,SPEAKER_02,14,
92599,SPEAKER_01,15,
92599,SPEAKER_02,15,
92617,SPEAKER_00,-15,
92617,SPEAKER_01,-15,
92617,SPEAKER_00,-14,
92617,SPEAKER_01,-14,
92617,SPEAKER_00,-13,
92617,SPEAKER_01,-13,
92617,SPEAKER_00,-12,
92617,SPEAKER_01,-12,
92617,SPEAKER_00,-11,
92617,SPEAKER_01,-11,
92617,SPEAKER_00,-10,
92617,SPEAKER_01,-10,
92617,SPEAKER_00,-9,
92617,SPEAKER_01,-9,
92617,SPEAKER_00,-8,
92617,SPEAKER_01,-8,
92617,SPEAKER_00,-7,
92617,SPEAKER_01,-7,
92617,SPEAKER_00,-6,
92617,SPEAKER_01,-6,
92617,SPEAKER_00,-5,
92617,SPEAKER_01,-5,
92617,SPEAKER_00,-4,
92617,SPEAKER_01,-4,
92617,SPEAKER_00,-3,
92617,SPEAKER_01,-3,
92617,SPEAKER_00,-2,
92617,SPEAKER_01,-2,
92617,SPEAKER_00,-1,
92617,SPEAKER_01,-1,
92617,SPEAKER_00,0,
92617,SPEAKER_01,0,
92617,SPEAKER_00,1,
92617,SPEAKER_01,1,
92617,SPEAKER_00,2,
92617,SPEAKER_01,2,
92617,SPEAKER_00,3,
92617,SPEAKER_01,3,
92617,SPEAKER_00,4,
92617,SPEAKER_01,4,
92617,SPEAKER_00,5,
92617,SPEAKER_01,5,
92617,SPEAKER_00,6,
92617,SPEAKER_01,6,
92617,SPEAKER_00,7,
92617,SPEAKER_01,7,
92617,SPEAKER_00,8,
92617,SPEAKER_01,8,
92617,SPEAKER_00,9,
92617,SPEAKER_01,9,
92617,SPEAKER_00,10,
92617,SPEAKER_01,10,
92617,SPEAKER_00,11,
92617,SPEAKER_01,11,
92617,SPEAKER_00,12,
92617,SPEAKER_01,12,
92617,SPEAKER_00,13,
92617,SPEAKER_01,13,
92617,SPEAKER_00,14,
92617,SPEAKER_01,14,
92617,SPEAKER_00,15,
92617,SPEAKER_01,15,
92648,SPEAKER_00,-15,
92648,SPEAKER_01,-15,
92648,SPEAKER_00,-14,
92648,SPEAKER_01,-14,
92648,SPEAKER_00,-13,
92648,SPEAKER_01,-13,
92648,SPEAKER_00,-12,
92648,SPEAKER_01,-12,
92648,SPEAKER_00,-11,
92648,SPEAKER_01,-11,
92648,SPEAKER_00,-10,
92648,SPEAKER_01,-10,
92648,SPEAKER_00,-9,
92648,SPEAKER_01,-9,
92648,SPEAKER_00,-8,
92648,SPEAKER_01,-8,
92648,SPEAKER_00,-7,
92648,SPEAKER_01,-7,
92648,SPEAKER_00,-6,
92648,SPEAKER_01,-6,
92648,SPEAKER_00,-5,
92648,SPEAKER_01,-5,
92648,SPEAKER_00,-4,
92648,SPEAKER_01,-4,
92648,SPEAKER_00,-3,
92648,SPEAKER_01,-3,
92648,SPEAKER_00,-2,
92648,SPEAKER_01,-2,
92648,SPEAKER_00,-1,
92648,SPEAKER_01,-1,
92648,SPEAKER_00,0,
92648,SPEAKER_01,0,
92648,SPEAKER_00,1,
92648,SPEAKER_01,1,
92648,SPEAKER_00,2,
92648,SPEAKER_01,2,
92648,SPEAKER_00,3,
92648,SPEAKER_01,3,
92648,SPEAKER_00,4,
92648,SPEAKER_01,4,
92648,SPEAKER_00,5,
92648,SPEAKER_01,5,
92648,SPEAKER_00,6,
92648,SPEAKER_01,6,
92648,SPEAKER_00,7,
92648,SPEAKER_01,7,
92648,SPEAKER_00,8,
92648,SPEAKER_01,8,
92648,SPEAKER_00,9,
92648,SPEAKER_01,9,
92648,SPEAKER_00,10,
92648,SPEAKER_01,10,
92648,SPEAKER_00,11,
92648,SPEAKER_01,11,
92648,SPEAKER_00,12,
92648,SPEAKER_01,12,
92648,SPEAKER_00,13,
92648,SPEAKER_01,13,
92648,SPEAKER_00,14,
92648,SPEAKER_01,14,
92648,SPEAKER_00,15,
92648,SPEAKER_01,15,
92845,SPEAKER_00,-15,
92845,SPEAKER_01,-15,
92845,SPEAKER_00,-14,
92845,SPEAKER_01,-14,
92845,SPEAKER_00,-13,
92845,SPEAKER_01,-13,
92845,SPEAKER_00,-12,
92845,SPEAKER_01,-12,
92845,SPEAKER_00,-11,
92845,SPEAKER_01,-11,
92845,SPEAKER_00,-10,
92845,SPEAKER_01,-10,
92845,SPEAKER_00,-9,
92845,SPEAKER_01,-9,
92845,SPEAKER_00,-8,
92845,SPEAKER_01,-8,
92845,SPEAKER_00,-7,
92845,SPEAKER_01,-7,
92845,SPEAKER_00,-6,
92845,SPEAKER_01,-6,
92845,SPEAKER_00,-5,
92845,SPEAKER_01,-5,
92845,SPEAKER_00,-4,
92845,SPEAKER_01,-4,
92845,SPEAKER_00,-3,5.328219546663638
92845,SPEAKER_01,-3,0.14256928661621604
92845,SPEAKER_00,-2,
92845,SPEAKER_01,-2,
92845,SPEAKER_00,-1,0.5241993368062497
92845,SPEAKER_01,-1,0.43031767244564856
92845,SPEAKER_00,0,
92845,SPEAKER_01,0,
92845,SPEAKER_00,1,0.15401627790285272
92845,SPEAKER_01,1,0.7968701551260249
92845,SPEAKER_00,2,
92845,SPEAKER_01,2,
92845,SPEAKER_00,3,2.2719759430020674
92845,SPEAKER_01,3,15.159597876130622
92845,SPEAKER_00,4,
92845,SPEAKER_01,4,
92845,SPEAKER_00,5,
92845,SPEAKER_01,5,
92845,SPEAKER_00,6,
92845,SPEAKER_01,6,
92845,SPEAKER_00,7,
92845,SPEAKER_01,7,
92845,SPEAKER_00,8,
92845,SPEAKER_01,8,
92845,SPEAKER_00,9,
92845,SPEAKER_01,9,
92845,SPEAKER_00,10,
92845,SPEAKER_01,10,
92845,SPEAKER_00,11,
92845,SPEAKER_01,11,
92845,SPEAKER_00,12,
92845,SPEAKER_01,12,
92845,SPEAKER_00,13,
92845,SPEAKER_01,13,
92845,SPEAKER_00,14,
92845,SPEAKER_01,14,
92845,SPEAKER_00,15,
92845,SPEAKER_01,15,
92921,SPEAKER_00,-15,
92921,SPEAKER_01,-15,
92921,SPEAKER_00,-14,
92921,SPEAKER_01,-14,
92921,SPEAKER_00,-13,
92921,SPEAKER_01,-13,
92921,SPEAKER_00,-12,
92921,SPEAKER_01,-12,
92921,SPEAKER_00,-11,
92921,SPEAKER_01,-11,
92921,SPEAKER_00,-10,
92921,SPEAKER_01,-10,
92921,SPEAKER_00,-9,
92921,SPEAKER_01,-9,
92921,SPEAKER_00,-8,
92921,SPEAKER_01,-8,
92921,SPEAKER_00,-7,
92921,SPEAKER_01,-7,
92921,SPEAKER_00,-6,
92921,SPEAKER_01,-6,
92921,SPEAKER_00,-5,
92921,SPEAKER_01,-5,
92921,SPEAKER_00,-4,
92921,SPEAKER_01,-4,
92921,SPEAKER_00,-3,
92921,SPEAKER_01,-3,
92921,SPEAKER_00,-2,
92921,SPEAKER_01,-2,
92921,SPEAKER_00,-1,
92921,SPEAKER_01,-1,5.543876365313198
92921,SPEAKER_00,0,
92921,SPEAKER_01,0,
92921,SPEAKER_00,1,2.218523244978108
92921,SPEAKER_01,1,
92921,SPEAKER_00,2,
92921,SPEAKER_01,2,
92921,SPEAKER_00,3,
92921,SPEAKER_01,3,
92921,SPEAKER_00,4,
92921,SPEAKER_01,4,
92921,SPEAKER_00,5,
92921,SPEAKER_01,5,
92921,SPEAKER_00,6,
92921,SPEAKER_01,6,
92921,SPEAKER_00,7,
92921,SPEAKER_01,7,
92921,SPEAKER_00,8,
92921,SPEAKER_01,8,
92921,SPEAKER_00,9,
92921,SPEAKER_01,9,
92921,SPEAKER_00,10,
92921,SPEAKER_01,10,
92921,SPEAKER_00,11,
92921,SPEAKER_01,11,
92921,SPEAKER_00,12,
92921,SPEAKER_01,12,
92921,SPEAKER_00,13,
92921,SPEAKER_01,13,
92921,SPEAKER_00,14,
92921,SPEAKER_01,14,
92921,SPEAKER_00,15,
92921,SPEAKER_01,15,
93048,SPEAKER_00,-15,
93048,SPEAKER_01,-15,
93048,SPEAKER_00,-14,
93048,SPEAKER_01,-14,
93048,SPEAKER_00,-13,
93048,SPEAKER_01,-13,
93048,SPEAKER_00,-12,
93048,SPEAKER_01,-12,
93048,SPEAKER_00,-11,
93048,SPEAKER_01,-11,
93048,SPEAKER_00,-10,
93048,SPEAKER_01,-10,
93048,SPEAKER_00,-9,
93048,SPEAKER_01,-9,
93048,SPEAKER_00,-8,
93048,SPEAKER_01,-8,
93048,SPEAKER_00,-7,
93048,SPEAKER_01,-7,
93048,SPEAKER_00,-6,
93048,SPEAKER_01,-6,
93048,SPEAKER_00,-5,
93048,SPEAKER_01,-5,
93048,SPEAKER_00,-4,
93048,SPEAKER_01,-4,
93048,SPEAKER_00,-3,
93048,SPEAKER_01,-3,
93048,SPEAKER_00,-2,
93048,SPEAKER_01,-2,
93048,SPEAKER_00,-1,
93048,SPEAKER_01,-1,
93048,SPEAKER_00,0,
93048,SPEAKER_01,0,
93048,SPEAKER_00,1,
93048,SPEAKER_01,1,
93048,SPEAKER_00,2,
93048,SPEAKER_01,2,
93048,SPEAKER_00,3,
93048,SPEAKER_01,3,
93048,SPEAKER_00,4,
93048,SPEAKER_01,4,
93048,SPEAKER_00,5,
93048,SPEAKER_01,5,
93048,SPEAKER_00,6,
93048,SPEAKER_01,6,
93048,SPEAKER_00,7,
93048,SPEAKER_01,7,
93048,SPEAKER_00,8,
93048,SPEAKER_01,8,
93048,SPEAKER_00,9,
93048,SPEAKER_01,9,
93048,SPEAKER_00,10,
93048,SPEAKER_01,10,
93048,SPEAKER_00,11,
93048,SPEAKER_01,11,
93048,SPEAKER_00,12,
93048,SPEAKER_01,12,
93048,SPEAKER_00,13,
93048,SPEAKER_01,13,
93048,SPEAKER_00,14,
93048,SPEAKER_01,14,
93048,SPEAKER_00,15,
93048,SPEAKER_01,15,
93294,SPEAKER_00,-15,
93294,SPEAKER_01,-15,
93294,SPEAKER_00,-14,
93294,SPEAKER_01,-14,
93294,SPEAKER_00,-13,
93294,SPEAKER_01,-13,
93294,SPEAKER_00,-12,
93294,SPEAKER_01,-12,
93294,SPEAKER_00,-11,
93294,SPEAKER_01,-11,
93294,SPEAKER_00,-10,
93294,SPEAKER_01,-10,
93294,SPEAKER_00,-9,
93294,SPEAKER_01,-9,
93294,SPEAKER_00,-8,
93294,SPEAKER_01,-8,
93294,SPEAKER_00,-7,
93294,SPEAKER_01,-7,
93294,SPEAKER_00,-6,
93294,SPEAKER_01,-6,
93294,SPEAKER_00,-5,
93294,SPEAKER_01,-5,
93294,SPEAKER_00,-4,
93294,SPEAKER_01,-4,
93294,SPEAKER_00,-3,
93294,SPEAKER_01,-3,
93294,SPEAKER_00,-2,
93294,SPEAKER_01,-2,
93294,SPEAKER_00,-1,0.4314804151052455
93294,SPEAKER_01,-1,0.006079768346442501
93294,SPEAKER_00,0,
93294,SPEAKER_01,0,
93294,SPEAKER_00,1,0.3429865430234257
93294,SPEAKER_01,1,0.04185757704484106
93294,SPEAKER_00,2,
93294,SPEAKER_01,2,
93294,SPEAKER_00,3,
93294,SPEAKER_01,3,
93294,SPEAKER_00,4,
93294,SPEAKER_01,4,
93294,SPEAKER_00,5,
93294,SPEAKER_01,5,
93294,SPEAKER_00,6,
93294,SPEAKER_01,6,
93294,SPEAKER_00,7,
93294,SPEAKER_01,7,
93294,SPEAKER_00,8,
93294,SPEAKER_01,8,
93294,SPEAKER_00,9,
93294,SPEAKER_01,9,
93294,SPEAKER_00,10,
93294,SPEAKER_01,10,
93294,SPEAKER_00,11,
93294,SPEAKER_01,11,
93294,SPEAKER_00,12,
93294,SPEAKER_01,12,
93294,SPEAKER_00,13,
93294,SPEAKER_01,13,
93294,SPEAKER_00,14,
93294,SPEAKER_01,14,
93294,SPEAKER_00,15,
93294,SPEAKER_01,15,
94291,SPEAKER_00,-15,
94291,SPEAKER_01,-15,
94291,SPEAKER_00,-14,
94291,SPEAKER_01,-14,
94291,SPEAKER_00,-13,
94291,SPEAKER_01,-13,
94291,SPEAKER_00,-12,
94291,SPEAKER_01,-12,
94291,SPEAKER_00,-11,
94291,SPEAKER_01,-11,
94291,SPEAKER_00,-10,
94291,SPEAKER_01,-10,
94291,SPEAKER_00,-9,
94291,SPEAKER_01,-9,
94291,SPEAKER_00,-8,
94291,SPEAKER_01,-8,
94291,SPEAKER_00,-7,
94291,SPEAKER_01,-7,
94291,SPEAKER_00,-6,
94291,SPEAKER_01,-6,
94291,SPEAKER_00,-5,
94291,SPEAKER_01,-5,
94291,SPEAKER_00,-4,
94291,SPEAKER_01,-4,
94291,SPEAKER_00,-3,
94291,SPEAKER_01,-3,
94291,SPEAKER_00,-2,
94291,SPEAKER_01,-2,
94291,SPEAKER_00,-1,0.0552360206173494
94291,SPEAKER_01,-1,1.0075925380872033
94291,SPEAKER_00,0,
94291,SPEAKER_01,0,
94291,SPEAKER_00,1,0.5774509964323432
94291,SPEAKER_01,1,1.5218032674014705
94291,SPEAKER_00,2,
94291,SPEAKER_01,2,
94291,SPEAKER_00,3,
94291,SPEAKER_01,3,
94291,SPEAKER_00,4,
94291,SPEAKER_01,4,
94291,SPEAKER_00,5,
94291,SPEAKER_01,5,
94291,SPEAKER_00,6,
94291,SPEAKER_01,6,
94291,SPEAKER_00,7,
94291,SPEAKER_01,7,
94291,SPEAKER_00,8,
94291,SPEAKER_01,8,
94291,SPEAKER_00,9,
94291,SPEAKER_01,9,
94291,SPEAKER_00,10,
94291,SPEAKER_01,10,
94291,SPEAKER_00,11,
94291,SPEAKER_01,11,
94291,SPEAKER_00,12,
94291,SPEAKER_01,12,
94291,SPEAKER_00,13,
94291,SPEAKER_01,13,
94291,SPEAKER_00,14,
94291,SPEAKER_01,14,
94291,SPEAKER_00,15,
94291,SPEAKER_01,15,
94302,SPEAKER_00,-15,
94302,SPEAKER_02,-15,
94302,SPEAKER_00,-14,
94302,SPEAKER_02,-14,
94302,SPEAKER_00,-13,
94302,SPEAKER_02,-13,
94302,SPEAKER_00,-12,
94302,SPEAKER_02,-12,
94302,SPEAKER_00,-11,
94302,SPEAKER_02,-11,
94302,SPEAKER_00,-10,
94302,SPEAKER_02,-10,
94302,SPEAKER_00,-9,
94302,SPEAKER_02,-9,
94302,SPEAKER_00,-8,
94302,SPEAKER_02,-8,
94302,SPEAKER_00,-7,
94302,SPEAKER_02,-7,
94302,SPEAKER_00,-6,
94302,SPEAKER_02,-6,
94302,SPEAKER_00,-5,
94302,SPEAKER_02,-5,
94302,SPEAKER_00,-4,
94302,SPEAKER_02,-4,
94302,SPEAKER_00,-3,
94302,SPEAKER_02,-3,
94302,SPEAKER_00,-2,
94302,SPEAKER_02,-2,
94302,SPEAKER_00,-1,
94302,SPEAKER_02,-1,
94302,SPEAKER_00,0,
94302,SPEAKER_02,0,
94302,SPEAKER_00,1,
94302,SPEAKER_02,1,
94302,SPEAKER_00,2,
94302,SPEAKER_02,2,
94302,SPEAKER_00,3,
94302,SPEAKER_02,3,
94302,SPEAKER_00,4,
94302,SPEAKER_02,4,
94302,SPEAKER_00,5,
94302,SPEAKER_02,5,
94302,SPEAKER_00,6,
94302,SPEAKER_02,6,
94302,SPEAKER_00,7,
94302,SPEAKER_02,7,
94302,SPEAKER_00,8,
94302,SPEAKER_02,8,
94302,SPEAKER_00,9,
94302,SPEAKER_02,9,
94302,SPEAKER_00,10,
94302,SPEAKER_02,10,
94302,SPEAKER_00,11,
94302,SPEAKER_02,11,
94302,SPEAKER_00,12,
94302,SPEAKER_02,12,
94302,SPEAKER_00,13,
94302,SPEAKER_02,13,
94302,SPEAKER_00,14,
94302,SPEAKER_02,14,
94302,SPEAKER_00,15,
94302,SPEAKER_02,15,
94311,SPEAKER_01,-15,
94311,SPEAKER_04,-15,
94311,SPEAKER_01,-14,
94311,SPEAKER_04,-14,
94311,SPEAKER_01,-13,
94311,SPEAKER_04,-13,
94311,SPEAKER_01,-12,
94311,SPEAKER_04,-12,
94311,SPEAKER_01,-11,
94311,SPEAKER_04,-11,
94311,SPEAKER_01,-10,
94311,SPEAKER_04,-10,
94311,SPEAKER_01,-9,
94311,SPEAKER_04,-9,
94311,SPEAKER_01,-8,
94311,SPEAKER_04,-8,
94311,SPEAKER_01,-7,
94311,SPEAKER_04,-7,
94311,SPEAKER_01,-6,
94311,SPEAKER_04,-6,
94311,SPEAKER_01,-5,
94311,SPEAKER_04,-5,
94311,SPEAKER_01,-4,
94311,SPEAKER_04,-4,
94311,SPEAKER_01,-3,
94311,SPEAKER_04,-3,
94311,SPEAKER_01,-2,
94311,SPEAKER_04,-2,
94311,SPEAKER_01,-1,
94311,SPEAKER_04,-1,
94311,SPEAKER_01,0,
94311,SPEAKER_04,0,
94311,SPEAKER_01,1,
94311,SPEAKER_04,1,
94311,SPEAKER_01,2,
94311,SPEAKER_04,2,
94311,SPEAKER_01,3,
94311,SPEAKER_04,3,
94311,SPEAKER_01,4,
94311,SPEAKER_04,4,
94311,SPEAKER_01,5,
94311,SPEAKER_04,5,
94311,SPEAKER_01,6,
94311,SPEAKER_04,6,
94311,SPEAKER_01,7,
94311,SPEAKER_04,7,
94311,SPEAKER_01,8,
94311,SPEAKER_04,8,
94311,SPEAKER_01,9,
94311,SPEAKER_04,9,
94311,SPEAKER_01,10,
94311,SPEAKER_04,10,
94311,SPEAKER_01,11,
94311,SPEAKER_04,11,
94311,SPEAKER_01,12,
94311,SPEAKER_04,12,
94311,SPEAKER_01,13,
94311,SPEAKER_04,13,
94311,SPEAKER_01,14,
94311,SPEAKER_04,14,
94311,SPEAKER_01,15,
94311,SPEAKER_04,15,
94319,SPEAKER_01,-15,
94319,SPEAKER_02,-15,
94319,SPEAKER_01,-14,
94319,SPEAKER_02,-14,
94319,SPEAKER_01,-13,
94319,SPEAKER_02,-13,
94319,SPEAKER_01,-12,
94319,SPEAKER_02,-12,
94319,SPEAKER_01,-11,
94319,SPEAKER_02,-11,
94319,SPEAKER_01,-10,
94319,SPEAKER_02,-10,
94319,SPEAKER_01,-9,
94319,SPEAKER_02,-9,
94319,SPEAKER_01,-8,
94319,SPEAKER_02,-8,
94319,SPEAKER_01,-7,
94319,SPEAKER_02,-7,
94319,SPEAKER_01,-6,
94319,SPEAKER_02,-6,
94319,SPEAKER_01,-5,
94319,SPEAKER_02,-5,
94319,SPEAKER_01,-4,
94319,SPEAKER_02,-4,
94319,SPEAKER_01,-3,
94319,SPEAKER_02,-3,
94319,SPEAKER_01,-2,
94319,SPEAKER_02,-2,
94319,SPEAKER_01,-1,
94319,SPEAKER_02,-1,
94319,SPEAKER_01,0,
94319,SPEAKER_02,0,
94319,SPEAKER_01,1,
94319,SPEAKER_02,1,
94319,SPEAKER_01,2,
94319,SPEAKER_02,2,
94319,SPEAKER_01,3,
94319,SPEAKER_02,3,
94319,SPEAKER_01,4,
94319,SPEAKER_02,4,
94319,SPEAKER_01,5,
94319,SPEAKER_02,5,
94319,SPEAKER_01,6,
94319,SPEAKER_02,6,
94319,SPEAKER_01,7,
94319,SPEAKER_02,7,
94319,SPEAKER_01,8,
94319,SPEAKER_02,8,
94319,SPEAKER_01,9,
94319,SPEAKER_02,9,
94319,SPEAKER_01,10,
94319,SPEAKER_02,10,
94319,SPEAKER_01,11,
94319,SPEAKER_02,11,
94319,SPEAKER_01,12,
94319,SPEAKER_02,12,
94319,SPEAKER_01,13,
94319,SPEAKER_02,13,
94319,SPEAKER_01,14,
94319,SPEAKER_02,14,
94319,SPEAKER_01,15,
94319,SPEAKER_02,15,
94320,SPEAKER_00,-15,
94320,SPEAKER_02,-15,
94320,SPEAKER_00,-14,
94320,SPEAKER_02,-14,
94320,SPEAKER_00,-13,
94320,SPEAKER_02,-13,
94320,SPEAKER_00,-12,
94320,SPEAKER_02,-12,
94320,SPEAKER_00,-11,
94320,SPEAKER_02,-11,
94320,SPEAKER_00,-10,
94320,SPEAKER_02,-10,
94320,SPEAKER_00,-9,
94320,SPEAKER_02,-9,
94320,SPEAKER_00,-8,
94320,SPEAKER_02,-8,
94320,SPEAKER_00,-7,
94320,SPEAKER_02,-7,
94320,SPEAKER_00,-6,
94320,SPEAKER_02,-6,
94320,SPEAKER_00,-5,
94320,SPEAKER_02,-5,
94320,SPEAKER_00,-4,
94320,SPEAKER_02,-4,
94320,SPEAKER_00,-3,
94320,SPEAKER_02,-3,
94320,SPEAKER_00,-2,
94320,SPEAKER_02,-2,
94320,SPEAKER_00,-1,
94320,SPEAKER_02,-1,
94320,SPEAKER_00,0,
94320,SPEAKER_02,0,
94320,SPEAKER_00,1,
94320,SPEAKER_02,1,
94320,SPEAKER_00,2,
94320,SPEAKER_02,2,
94320,SPEAKER_00,3,
94320,SPEAKER_02,3,
94320,SPEAKER_00,4,
94320,SPEAKER_02,4,
94320,SPEAKER_00,5,
94320,SPEAKER_02,5,
94320,SPEAKER_00,6,
94320,SPEAKER_02,6,
94320,SPEAKER_00,7,
94320,SPEAKER_02,7,
94320,SPEAKER_00,8,
94320,SPEAKER_02,8,
94320,SPEAKER_00,9,
94320,SPEAKER_02,9,
94320,SPEAKER_00,10,
94320,SPEAKER_02,10,
94320,SPEAKER_00,11,
94320,SPEAKER_02,11,
94320,SPEAKER_00,12,
94320,SPEAKER_02,12,
94320,SPEAKER_00,13,
94320,SPEAKER_02,13,
94320,SPEAKER_00,14,
94320,SPEAKER_02,14,
94320,SPEAKER_00,15,
94320,SPEAKER_02,15,
94323,SPEAKER_01,-15,
94323,SPEAKER_04,-15,
94323,SPEAKER_01,-14,
94323,SPEAKER_04,-14,
94323,SPEAKER_01,-13,
94323,SPEAKER_04,-13,
94323,SPEAKER_01,-12,
94323,SPEAKER_04,-12,
94323,SPEAKER_01,-11,
94323,SPEAKER_04,-11,
94323,SPEAKER_01,-10,
94323,SPEAKER_04,-10,
94323,SPEAKER_01,-9,
94323,SPEAKER_04,-9,
94323,SPEAKER_01,-8,
94323,SPEAKER_04,-8,
94323,SPEAKER_01,-7,
94323,SPEAKER_04,-7,
94323,SPEAKER_01,-6,
94323,SPEAKER_04,-6,
94323,SPEAKER_01,-5,
94323,SPEAKER_04,-5,
94323,SPEAKER_01,-4,
94323,SPEAKER_04,-4,
94323,SPEAKER_01,-3,
94323,SPEAKER_04,-3,
94323,SPEAKER_01,-2,
94323,SPEAKER_04,-2,
94323,SPEAKER_01,-1,
94323,SPEAKER_04,-1,
94323,SPEAKER_01,0,
94323,SPEAKER_04,0,
94323,SPEAKER_01,1,
94323,SPEAKER_04,1,
94323,SPEAKER_01,2,
94323,SPEAKER_04,2,
94323,SPEAKER_01,3,
94323,SPEAKER_04,3,
94323,SPEAKER_01,4,
94323,SPEAKER_04,4,
94323,SPEAKER_01,5,
94323,SPEAKER_04,5,
94323,SPEAKER_01,6,
94323,SPEAKER_04,6,
94323,SPEAKER_01,7,
94323,SPEAKER_04,7,
94323,SPEAKER_01,8,
94323,SPEAKER_04,8,
94323,SPEAKER_01,9,
94323,SPEAKER_04,9,
94323,SPEAKER_01,10,
94323,SPEAKER_04,10,
94323,SPEAKER_01,11,
94323,SPEAKER_04,11,
94323,SPEAKER_01,12,
94323,SPEAKER_04,12,
94323,SPEAKER_01,13,
94323,SPEAKER_04,13,
94323,SPEAKER_01,14,
94323,SPEAKER_04,14,
94323,SPEAKER_01,15,
94323,SPEAKER_04,15,
94396,SPEAKER_00,-15,
94396,SPEAKER_01,-15,
94396,SPEAKER_00,-14,
94396,SPEAKER_01,-14,
94396,SPEAKER_00,-13,
94396,SPEAKER_01,-13,
94396,SPEAKER_00,-12,
94396,SPEAKER_01,-12,
94396,SPEAKER_00,-11,
94396,SPEAKER_01,-11,
94396,SPEAKER_00,-10,
94396,SPEAKER_01,-10,
94396,SPEAKER_00,-9,
94396,SPEAKER_01,-9,
94396,SPEAKER_00,-8,
94396,SPEAKER_01,-8,
94396,SPEAKER_00,-7,
94396,SPEAKER_01,-7,
94396,SPEAKER_00,-6,
94396,SPEAKER_01,-6,
94396,SPEAKER_00,-5,
94396,SPEAKER_01,-5,
94396,SPEAKER_00,-4,
94396,SPEAKER_01,-4,
94396,SPEAKER_00,-3,
94396,SPEAKER_01,-3,
94396,SPEAKER_00,-2,
94396,SPEAKER_01,-2,
94396,SPEAKER_00,-1,
94396,SPEAKER_01,-1,
94396,SPEAKER_00,0,
94396,SPEAKER_01,0,
94396,SPEAKER_00,1,
94396,SPEAKER_01,1,
94396,SPEAKER_00,2,
94396,SPEAKER_01,2,
94396,SPEAKER_00,3,
94396,SPEAKER_01,3,
94396,SPEAKER_00,4,
94396,SPEAKER_01,4,
94396,SPEAKER_00,5,
94396,SPEAKER_01,5,
94396,SPEAKER_00,6,
94396,SPEAKER_01,6,
94396,SPEAKER_00,7,
94396,SPEAKER_01,7,
94396,SPEAKER_00,8,
94396,SPEAKER_01,8,
94396,SPEAKER_00,9,
94396,SPEAKER_01,9,
94396,SPEAKER_00,10,
94396,SPEAKER_01,10,
94396,SPEAKER_00,11,
94396,SPEAKER_01,11,
94396,SPEAKER_00,12,
94396,SPEAKER_01,12,
94396,SPEAKER_00,13,
94396,SPEAKER_01,13,
94396,SPEAKER_00,14,
94396,SPEAKER_01,14,
94396,SPEAKER_00,15,
94396,SPEAKER_01,15,
94515,SPEAKER_00,-15,
94515,SPEAKER_01,-15,
94515,SPEAKER_00,-14,
94515,SPEAKER_01,-14,
94515,SPEAKER_00,-13,
94515,SPEAKER_01,-13,
94515,SPEAKER_00,-12,
94515,SPEAKER_01,-12,
94515,SPEAKER_00,-11,
94515,SPEAKER_01,-11,
94515,SPEAKER_00,-10,
94515,SPEAKER_01,-10,
94515,SPEAKER_00,-9,
94515,SPEAKER_01,-9,
94515,SPEAKER_00,-8,
94515,SPEAKER_01,-8,
94515,SPEAKER_00,-7,
94515,SPEAKER_01,-7,
94515,SPEAKER_00,-6,
94515,SPEAKER_01,-6,
94515,SPEAKER_00,-5,
94515,SPEAKER_01,-5,
94515,SPEAKER_00,-4,
94515,SPEAKER_01,-4,
94515,SPEAKER_00,-3,
94515,SPEAKER_01,-3,
94515,SPEAKER_00,-2,
94515,SPEAKER_01,-2,
94515,SPEAKER_00,-1,
94515,SPEAKER_01,-1,
94515,SPEAKER_00,0,
94515,SPEAKER_01,0,
94515,SPEAKER_00,1,
94515,SPEAKER_01,1,
94515,SPEAKER_00,2,
94515,SPEAKER_01,2,
94515,SPEAKER_00,3,
94515,SPEAKER_01,3,
94515,SPEAKER_00,4,
94515,SPEAKER_01,4,
94515,SPEAKER_00,5,
94515,SPEAKER_01,5,
94515,SPEAKER_00,6,
94515,SPEAKER_01,6,
94515,SPEAKER_00,7,
94515,SPEAKER_01,7,
94515,SPEAKER_00,8,
94515,SPEAKER_01,8,
94515,SPEAKER_00,9,
94515,SPEAKER_01,9,
94515,SPEAKER_00,10,
94515,SPEAKER_01,10,
94515,SPEAKER_00,11,
94515,SPEAKER_01,11,
94515,SPEAKER_00,12,
94515,SPEAKER_01,12,
94515,SPEAKER_00,13,
94515,SPEAKER_01,13,
94515,SPEAKER_00,14,
94515,SPEAKER_01,14,
94515,SPEAKER_00,15,
94515,SPEAKER_01,15,
95240,SPEAKER_00,-15,
95240,SPEAKER_01,-15,
95240,SPEAKER_00,-14,
95240,SPEAKER_01,-14,
95240,SPEAKER_00,-13,
95240,SPEAKER_01,-13,
95240,SPEAKER_00,-12,
95240,SPEAKER_01,-12,
95240,SPEAKER_00,-11,
95240,SPEAKER_01,-11,
95240,SPEAKER_00,-10,
95240,SPEAKER_01,-10,
95240,SPEAKER_00,-9,
95240,SPEAKER_01,-9,
95240,SPEAKER_00,-8,
95240,SPEAKER_01,-8,
95240,SPEAKER_00,-7,
95240,SPEAKER_01,-7,
95240,SPEAKER_00,-6,
95240,SPEAKER_01,-6,
95240,SPEAKER_00,-5,
95240,SPEAKER_01,-5,
95240,SPEAKER_00,-4,
95240,SPEAKER_01,-4,
95240,SPEAKER_00,-3,
95240,SPEAKER_01,-3,
95240,SPEAKER_00,-2,
95240,SPEAKER_01,-2,
95240,SPEAKER_00,-1,
95240,SPEAKER_01,-1,
95240,SPEAKER_00,0,
95240,SPEAKER_01,0,
95240,SPEAKER_00,1,
95240,SPEAKER_01,1,
95240,SPEAKER_00,2,
95240,SPEAKER_01,2,
95240,SPEAKER_00,3,
95240,SPEAKER_01,3,
95240,SPEAKER_00,4,
95240,SPEAKER_01,4,
95240,SPEAKER_00,5,
95240,SPEAKER_01,5,
95240,SPEAKER_00,6,
95240,SPEAKER_01,6,
95240,SPEAKER_00,7,
95240,SPEAKER_01,7,
95240,SPEAKER_00,8,
95240,SPEAKER_01,8,
95240,SPEAKER_00,9,
95240,SPEAKER_01,9,
95240,SPEAKER_00,10,
95240,SPEAKER_01,10,
95240,SPEAKER_00,11,
95240,SPEAKER_01,11,
95240,SPEAKER_00,12,
95240,SPEAKER_01,12,
95240,SPEAKER_00,13,
95240,SPEAKER_01,13,
95240,SPEAKER_00,14,
95240,SPEAKER_01,14,
95240,SPEAKER_00,15,
95240,SPEAKER_01,15,
95309,SPEAKER_00,-15,
95309,SPEAKER_01,-15,
95309,SPEAKER_00,-14,
95309,SPEAKER_01,-14,
95309,SPEAKER_00,-13,
95309,SPEAKER_01,-13,
95309,SPEAKER_00,-12,
95309,SPEAKER_01,-12,
95309,SPEAKER_00,-11,
95309,SPEAKER_01,-11,
95309,SPEAKER_00,-10,
95309,SPEAKER_01,-10,
95309,SPEAKER_00,-9,
95309,SPEAKER_01,-9,
95309,SPEAKER_00,-8,
95309,SPEAKER_01,-8,
95309,SPEAKER_00,-7,
95309,SPEAKER_01,-7,
95309,SPEAKER_00,-6,
95309,SPEAKER_01,-6,
95309,SPEAKER_00,-5,
95309,SPEAKER_01,-5,
95309,SPEAKER_00,-4,
95309,SPEAKER_01,-4,
95309,SPEAKER_00,-3,
95309,SPEAKER_01,-3,
95309,SPEAKER_00,-2,
95309,SPEAKER_01,-2,
95309,SPEAKER_00,-1,
95309,SPEAKER_01,-1,
95309,SPEAKER_00,0,
95309,SPEAKER_01,0,
95309,SPEAKER_00,1,
95309,SPEAKER_01,1,
95309,SPEAKER_00,2,
95309,SPEAKER_01,2,
95309,SPEAKER_00,3,
95309,SPEAKER_01,3,
95309,SPEAKER_00,4,
95309,SPEAKER_01,4,
95309,SPEAKER_00,5,
95309,SPEAKER_01,5,
95309,SPEAKER_00,6,
95309,SPEAKER_01,6,
95309,SPEAKER_00,7,
95309,SPEAKER_01,7,
95309,SPEAKER_00,8,
95309,SPEAKER_01,8,
95309,SPEAKER_00,9,
95309,SPEAKER_01,9,
95309,SPEAKER_00,10,
95309,SPEAKER_01,10,
95309,SPEAKER_00,11,
95309,SPEAKER_01,11,
95309,SPEAKER_00,12,
95309,SPEAKER_01,12,
95309,SPEAKER_00,13,
95309,SPEAKER_01,13,
95309,SPEAKER_00,14,
95309,SPEAKER_01,14,
95309,SPEAKER_00,15,
95309,SPEAKER_01,15,
95319,SPEAKER_00,-15,
95319,SPEAKER_01,-15,
95319,SPEAKER_00,-14,
95319,SPEAKER_01,-14,
95319,SPEAKER_00,-13,
95319,SPEAKER_01,-13,
95319,SPEAKER_00,-12,
95319,SPEAKER_01,-12,
95319,SPEAKER_00,-11,
95319,SPEAKER_01,-11,
95319,SPEAKER_00,-10,
95319,SPEAKER_01,-10,
95319,SPEAKER_00,-9,
95319,SPEAKER_01,-9,
95319,SPEAKER_00,-8,
95319,SPEAKER_01,-8,
95319,SPEAKER_00,-7,
95319,SPEAKER_01,-7,
95319,SPEAKER_00,-6,
95319,SPEAKER_01,-6,
95319,SPEAKER_00,-5,
95319,SPEAKER_01,-5,
95319,SPEAKER_00,-4,
95319,SPEAKER_01,-4,
95319,SPEAKER_00,-3,
95319,SPEAKER_01,-3,
95319,SPEAKER_00,-2,
95319,SPEAKER_01,-2,
95319,SPEAKER_00,-1,
95319,SPEAKER_01,-1,
95319,SPEAKER_00,0,
95319,SPEAKER_01,0,
95319,SPEAKER_00,1,
95319,SPEAKER_01,1,
95319,SPEAKER_00,2,
95319,SPEAKER_01,2,
95319,SPEAKER_00,3,
95319,SPEAKER_01,3,
95319,SPEAKER_00,4,
95319,SPEAKER_01,4,
95319,SPEAKER_00,5,
95319,SPEAKER_01,5,
95319,SPEAKER_00,6,
95319,SPEAKER_01,6,
95319,SPEAKER_00,7,
95319,SPEAKER_01,7,
95319,SPEAKER_00,8,
95319,SPEAKER_01,8,
95319,SPEAKER_00,9,
95319,SPEAKER_01,9,
95319,SPEAKER_00,10,
95319,SPEAKER_01,10,
95319,SPEAKER_00,11,
95319,SPEAKER_01,11,
95319,SPEAKER_00,12,
95319,SPEAKER_01,12,
95319,SPEAKER_00,13,
95319,SPEAKER_01,13,
95319,SPEAKER_00,14,
95319,SPEAKER_01,14,
95319,SPEAKER_00,15,
95319,SPEAKER_01,15,
95423,SPEAKER_00,-15,
95423,SPEAKER_01,-15,
95423,SPEAKER_00,-14,
95423,SPEAKER_01,-14,
95423,SPEAKER_00,-13,
95423,SPEAKER_01,-13,
95423,SPEAKER_00,-12,
95423,SPEAKER_01,-12,
95423,SPEAKER_00,-11,
95423,SPEAKER_01,-11,
95423,SPEAKER_00,-10,
95423,SPEAKER_01,-10,
95423,SPEAKER_00,-9,
95423,SPEAKER_01,-9,
95423,SPEAKER_00,-8,
95423,SPEAKER_01,-8,
95423,SPEAKER_00,-7,
95423,SPEAKER_01,-7,
95423,SPEAKER_00,-6,
95423,SPEAKER_01,-6,
95423,SPEAKER_00,-5,
95423,SPEAKER_01,-5,
95423,SPEAKER_00,-4,
95423,SPEAKER_01,-4,
95423,SPEAKER_00,-3,
95423,SPEAKER_01,-3,
95423,SPEAKER_00,-2,
95423,SPEAKER_01,-2,
95423,SPEAKER_00,-1,
95423,SPEAKER_01,-1,
95423,SPEAKER_00,0,
95423,SPEAKER_01,0,
95423,SPEAKER_00,1,
95423,SPEAKER_01,1,
95423,SPEAKER_00,2,
95423,SPEAKER_01,2,
95423,SPEAKER_00,3,
95423,SPEAKER_01,3,
95423,SPEAKER_00,4,
95423,SPEAKER_01,4,
95423,SPEAKER_00,5,
95423,SPEAKER_01,5,
95423,SPEAKER_00,6,
95423,SPEAKER_01,6,
95423,SPEAKER_00,7,
95423,SPEAKER_01,7,
95423,SPEAKER_00,8,
95423,SPEAKER_01,8,
95423,SPEAKER_00,9,
95423,SPEAKER_01,9,
95423,SPEAKER_00,10,
95423,SPEAKER_01,10,
95423,SPEAKER_00,11,
95423,SPEAKER_01,11,
95423,SPEAKER_00,12,
95423,SPEAKER_01,12,
95423,SPEAKER_00,13,
95423,SPEAKER_01,13,
95423,SPEAKER_00,14,
95423,SPEAKER_01,14,
95423,SPEAKER_00,15,
95423,SPEAKER_01,15,
95484,SPEAKER_00,-15,
95484,SPEAKER_01,-15,
95484,SPEAKER_00,-14,
95484,SPEAKER_01,-14,
95484,SPEAKER_00,-13,
95484,SPEAKER_01,-13,
95484,SPEAKER_00,-12,
95484,SPEAKER_01,-12,
95484,SPEAKER_00,-11,
95484,SPEAKER_01,-11,
95484,SPEAKER_00,-10,
95484,SPEAKER_01,-10,
95484,SPEAKER_00,-9,
95484,SPEAKER_01,-9,
95484,SPEAKER_00,-8,
95484,SPEAKER_01,-8,
95484,SPEAKER_00,-7,
95484,SPEAKER_01,-7,
95484,SPEAKER_00,-6,
95484,SPEAKER_01,-6,
95484,SPEAKER_00,-5,
95484,SPEAKER_01,-5,
95484,SPEAKER_00,-4,
95484,SPEAKER_01,-4,
95484,SPEAKER_00,-3,
95484,SPEAKER_01,-3,
95484,SPEAKER_00,-2,
95484,SPEAKER_01,-2,
95484,SPEAKER_00,-1,
95484,SPEAKER_01,-1,
95484,SPEAKER_00,0,
95484,SPEAKER_01,0,
95484,SPEAKER_00,1,
95484,SPEAKER_01,1,
95484,SPEAKER_00,2,
95484,SPEAKER_01,2,
95484,SPEAKER_00,3,
95484,SPEAKER_01,3,
95484,SPEAKER_00,4,
95484,SPEAKER_01,4,
95484,SPEAKER_00,5,
95484,SPEAKER_01,5,
95484,SPEAKER_00,6,
95484,SPEAKER_01,6,
95484,SPEAKER_00,7,
95484,SPEAKER_01,7,
95484,SPEAKER_00,8,
95484,SPEAKER_01,8,
95484,SPEAKER_00,9,
95484,SPEAKER_01,9,
95484,SPEAKER_00,10,
95484,SPEAKER_01,10,
95484,SPEAKER_00,11,
95484,SPEAKER_01,11,
95484,SPEAKER_00,12,
95484,SPEAKER_01,12,
95484,SPEAKER_00,13,
95484,SPEAKER_01,13,
95484,SPEAKER_00,14,
95484,SPEAKER_01,14,
95484,SPEAKER_00,15,
95484,SPEAKER_01,15,
95633,SPEAKER_01,-15,
95633,SPEAKER_02,-15,
95633,SPEAKER_01,-14,
95633,SPEAKER_02,-14,
95633,SPEAKER_01,-13,
95633,SPEAKER_02,-13,
95633,SPEAKER_01,-12,
95633,SPEAKER_02,-12,
95633,SPEAKER_01,-11,
95633,SPEAKER_02,-11,
95633,SPEAKER_01,-10,
95633,SPEAKER_02,-10,
95633,SPEAKER_01,-9,
95633,SPEAKER_02,-9,
95633,SPEAKER_01,-8,
95633,SPEAKER_02,-8,
95633,SPEAKER_01,-7,
95633,SPEAKER_02,-7,
95633,SPEAKER_01,-6,
95633,SPEAKER_02,-6,
95633,SPEAKER_01,-5,
95633,SPEAKER_02,-5,
95633,SPEAKER_01,-4,
95633,SPEAKER_02,-4,
95633,SPEAKER_01,-3,
95633,SPEAKER_02,-3,
95633,SPEAKER_01,-2,
95633,SPEAKER_02,-2,
95633,SPEAKER_01,-1,
95633,SPEAKER_02,-1,
95633,SPEAKER_01,0,
95633,SPEAKER_02,0,
95633,SPEAKER_01,1,
95633,SPEAKER_02,1,
95633,SPEAKER_01,2,
95633,SPEAKER_02,2,
95633,SPEAKER_01,3,
95633,SPEAKER_02,3,
95633,SPEAKER_01,4,
95633,SPEAKER_02,4,
95633,SPEAKER_01,5,
95633,SPEAKER_02,5,
95633,SPEAKER_01,6,
95633,SPEAKER_02,6,
95633,SPEAKER_01,7,
95633,SPEAKER_02,7,
95633,SPEAKER_01,8,
95633,SPEAKER_02,8,
95633,SPEAKER_01,9,
95633,SPEAKER_02,9,
95633,SPEAKER_01,10,
95633,SPEAKER_02,10,
95633,SPEAKER_01,11,
95633,SPEAKER_02,11,
95633,SPEAKER_01,12,
95633,SPEAKER_02,12,
95633,SPEAKER_01,13,
95633,SPEAKER_02,13,
95633,SPEAKER_01,14,
95633,SPEAKER_02,14,
95633,SPEAKER_01,15,
95633,SPEAKER_02,15,
95695,SPEAKER_00,-15,
95695,SPEAKER_01,-15,
95695,SPEAKER_00,-14,
95695,SPEAKER_01,-14,
95695,SPEAKER_00,-13,
95695,SPEAKER_01,-13,
95695,SPEAKER_00,-12,
95695,SPEAKER_01,-12,
95695,SPEAKER_00,-11,
95695,SPEAKER_01,-11,
95695,SPEAKER_00,-10,
95695,SPEAKER_01,-10,
95695,SPEAKER_00,-9,
95695,SPEAKER_01,-9,
95695,SPEAKER_00,-8,
95695,SPEAKER_01,-8,
95695,SPEAKER_00,-7,
95695,SPEAKER_01,-7,
95695,SPEAKER_00,-6,
95695,SPEAKER_01,-6,
95695,SPEAKER_00,-5,
95695,SPEAKER_01,-5,
95695,SPEAKER_00,-4,
95695,SPEAKER_01,-4,
95695,SPEAKER_00,-3,
95695,SPEAKER_01,-3,
95695,SPEAKER_00,-2,
95695,SPEAKER_01,-2,
95695,SPEAKER_00,-1,
95695,SPEAKER_01,-1,
95695,SPEAKER_00,0,
95695,SPEAKER_01,0,
95695,SPEAKER_00,1,
95695,SPEAKER_01,1,
95695,SPEAKER_00,2,
95695,SPEAKER_01,2,
95695,SPEAKER_00,3,
95695,SPEAKER_01,3,
95695,SPEAKER_00,4,
95695,SPEAKER_01,4,
95695,SPEAKER_00,5,
95695,SPEAKER_01,5,
95695,SPEAKER_00,6,
95695,SPEAKER_01,6,
95695,SPEAKER_00,7,
95695,SPEAKER_01,7,
95695,SPEAKER_00,8,
95695,SPEAKER_01,8,
95695,SPEAKER_00,9,
95695,SPEAKER_01,9,
95695,SPEAKER_00,10,
95695,SPEAKER_01,10,
95695,SPEAKER_00,11,
95695,SPEAKER_01,11,
95695,SPEAKER_00,12,
95695,SPEAKER_01,12,
95695,SPEAKER_00,13,
95695,SPEAKER_01,13,
95695,SPEAKER_00,14,
95695,SPEAKER_01,14,
95695,SPEAKER_00,15,
95695,SPEAKER_01,15,
95887,SPEAKER_00,-15,
95887,SPEAKER_01,-15,
95887,SPEAKER_00,-14,
95887,SPEAKER_01,-14,
95887,SPEAKER_00,-13,
95887,SPEAKER_01,-13,
95887,SPEAKER_00,-12,
95887,SPEAKER_01,-12,
95887,SPEAKER_00,-11,
95887,SPEAKER_01,-11,
95887,SPEAKER_00,-10,
95887,SPEAKER_01,-10,
95887,SPEAKER_00,-9,
95887,SPEAKER_01,-9,
95887,SPEAKER_00,-8,
95887,SPEAKER_01,-8,
95887,SPEAKER_00,-7,
95887,SPEAKER_01,-7,
95887,SPEAKER_00,-6,
95887,SPEAKER_01,-6,
95887,SPEAKER_00,-5,
95887,SPEAKER_01,-5,
95887,SPEAKER_00,-4,
95887,SPEAKER_01,-4,
95887,SPEAKER_00,-3,
95887,SPEAKER_01,-3,
95887,SPEAKER_00,-2,
95887,SPEAKER_01,-2,
95887,SPEAKER_00,-1,
95887,SPEAKER_01,-1,
95887,SPEAKER_00,0,
95887,SPEAKER_01,0,
95887,SPEAKER_00,1,
95887,SPEAKER_01,1,
95887,SPEAKER_00,2,
95887,SPEAKER_01,2,
95887,SPEAKER_00,3,
95887,SPEAKER_01,3,
95887,SPEAKER_00,4,
95887,SPEAKER_01,4,
95887,SPEAKER_00,5,
95887,SPEAKER_01,5,
95887,SPEAKER_00,6,
95887,SPEAKER_01,6,
95887,SPEAKER_00,7,
95887,SPEAKER_01,7,
95887,SPEAKER_00,8,
95887,SPEAKER_01,8,
95887,SPEAKER_00,9,
95887,SPEAKER_01,9,
95887,SPEAKER_00,10,
95887,SPEAKER_01,10,
95887,SPEAKER_00,11,
95887,SPEAKER_01,11,
95887,SPEAKER_00,12,
95887,SPEAKER_01,12,
95887,SPEAKER_00,13,
95887,SPEAKER_01,13,
95887,SPEAKER_00,14,
95887,SPEAKER_01,14,
95887,SPEAKER_00,15,
95887,SPEAKER_01,15,
95948,SPEAKER_00,-15,
95948,SPEAKER_01,-15,
95948,SPEAKER_00,-14,
95948,SPEAKER_01,-14,
95948,SPEAKER_00,-13,
95948,SPEAKER_01,-13,
95948,SPEAKER_00,-12,
95948,SPEAKER_01,-12,
95948,SPEAKER_00,-11,
95948,SPEAKER_01,-11,
95948,SPEAKER_00,-10,
95948,SPEAKER_01,-10,
95948,SPEAKER_00,-9,
95948,SPEAKER_01,-9,
95948,SPEAKER_00,-8,
95948,SPEAKER_01,-8,
95948,SPEAKER_00,-7,
95948,SPEAKER_01,-7,
95948,SPEAKER_00,-6,
95948,SPEAKER_01,-6,
95948,SPEAKER_00,-5,
95948,SPEAKER_01,-5,
95948,SPEAKER_00,-4,
95948,SPEAKER_01,-4,
95948,SPEAKER_00,-3,
95948,SPEAKER_01,-3,
95948,SPEAKER_00,-2,
95948,SPEAKER_01,-2,
95948,SPEAKER_00,-1,
95948,SPEAKER_01,-1,
95948,SPEAKER_00,0,
95948,SPEAKER_01,0,
95948,SPEAKER_00,1,
95948,SPEAKER_01,1,
95948,SPEAKER_00,2,
95948,SPEAKER_01,2,
95948,SPEAKER_00,3,
95948,SPEAKER_01,3,
95948,SPEAKER_00,4,
95948,SPEAKER_01,4,
95948,SPEAKER_00,5,
95948,SPEAKER_01,5,
95948,SPEAKER_00,6,
95948,SPEAKER_01,6,
95948,SPEAKER_00,7,
95948,SPEAKER_01,7,
95948,SPEAKER_00,8,
95948,SPEAKER_01,8,
95948,SPEAKER_00,9,
95948,SPEAKER_01,9,
95948,SPEAKER_00,10,
95948,SPEAKER_01,10,
95948,SPEAKER_00,11,
95948,SPEAKER_01,11,
95948,SPEAKER_00,12,
95948,SPEAKER_01,12,
95948,SPEAKER_00,13,
95948,SPEAKER_01,13,
95948,SPEAKER_00,14,
95948,SPEAKER_01,14,
95948,SPEAKER_00,15,
95948,SPEAKER_01,15,
95949,SPEAKER_00,-15,
95949,SPEAKER_01,-15,
95949,SPEAKER_00,-14,
95949,SPEAKER_01,-14,
95949,SPEAKER_00,-13,
95949,SPEAKER_01,-13,
95949,SPEAKER_00,-12,
95949,SPEAKER_01,-12,
95949,SPEAKER_00,-11,
95949,SPEAKER_01,-11,
95949,SPEAKER_00,-10,
95949,SPEAKER_01,-10,
95949,SPEAKER_00,-9,
95949,SPEAKER_01,-9,
95949,SPEAKER_00,-8,
95949,SPEAKER_01,-8,
95949,SPEAKER_00,-7,
95949,SPEAKER_01,-7,
95949,SPEAKER_00,-6,
95949,SPEAKER_01,-6,
95949,SPEAKER_00,-5,
95949,SPEAKER_01,-5,
95949,SPEAKER_00,-4,
95949,SPEAKER_01,-4,
95949,SPEAKER_00,-3,
95949,SPEAKER_01,-3,
95949,SPEAKER_00,-2,
95949,SPEAKER_01,-2,
95949,SPEAKER_00,-1,
95949,SPEAKER_01,-1,
95949,SPEAKER_00,0,
95949,SPEAKER_01,0,
95949,SPEAKER_00,1,
95949,SPEAKER_01,1,
95949,SPEAKER_00,2,
95949,SPEAKER_01,2,
95949,SPEAKER_00,3,
95949,SPEAKER_01,3,
95949,SPEAKER_00,4,
95949,SPEAKER_01,4,
95949,SPEAKER_00,5,
95949,SPEAKER_01,5,
95949,SPEAKER_00,6,
95949,SPEAKER_01,6,
95949,SPEAKER_00,7,
95949,SPEAKER_01,7,
95949,SPEAKER_00,8,
95949,SPEAKER_01,8,
95949,SPEAKER_00,9,
95949,SPEAKER_01,9,
95949,SPEAKER_00,10,
95949,SPEAKER_01,10,
95949,SPEAKER_00,11,
95949,SPEAKER_01,11,
95949,SPEAKER_00,12,
95949,SPEAKER_01,12,
95949,SPEAKER_00,13,
95949,SPEAKER_01,13,
95949,SPEAKER_00,14,
95949,SPEAKER_01,14,
95949,SPEAKER_00,15,
95949,SPEAKER_01,15,
95951,SPEAKER_00,-15,
95951,SPEAKER_02,-15,
95951,SPEAKER_00,-14,
95951,SPEAKER_02,-14,
95951,SPEAKER_00,-13,
95951,SPEAKER_02,-13,
95951,SPEAKER_00,-12,
95951,SPEAKER_02,-12,
95951,SPEAKER_00,-11,
95951,SPEAKER_02,-11,
95951,SPEAKER_00,-10,
95951,SPEAKER_02,-10,
95951,SPEAKER_00,-9,
95951,SPEAKER_02,-9,
95951,SPEAKER_00,-8,
95951,SPEAKER_02,-8,
95951,SPEAKER_00,-7,
95951,SPEAKER_02,-7,
95951,SPEAKER_00,-6,
95951,SPEAKER_02,-6,
95951,SPEAKER_00,-5,
95951,SPEAKER_02,-5,
95951,SPEAKER_00,-4,
95951,SPEAKER_02,-4,
95951,SPEAKER_00,-3,
95951,SPEAKER_02,-3,
95951,SPEAKER_00,-2,
95951,SPEAKER_02,-2,
95951,SPEAKER_00,-1,0.5731048119467436
95951,SPEAKER_02,-1,
95951,SPEAKER_00,0,
95951,SPEAKER_02,0,
95951,SPEAKER_00,1,
95951,SPEAKER_02,1,0.6384866624594174
95951,SPEAKER_00,2,
95951,SPEAKER_02,2,
95951,SPEAKER_00,3,
95951,SPEAKER_02,3,
95951,SPEAKER_00,4,
95951,SPEAKER_02,4,
95951,SPEAKER_00,5,
95951,SPEAKER_02,5,
95951,SPEAKER_00,6,
95951,SPEAKER_02,6,
95951,SPEAKER_00,7,
95951,SPEAKER_02,7,
95951,SPEAKER_00,8,
95951,SPEAKER_02,8,
95951,SPEAKER_00,9,
95951,SPEAKER_02,9,
95951,SPEAKER_00,10,
95951,SPEAKER_02,10,
95951,SPEAKER_00,11,
95951,SPEAKER_02,11,
95951,SPEAKER_00,12,
95951,SPEAKER_02,12,
95951,SPEAKER_00,13,
95951,SPEAKER_02,13,
95951,SPEAKER_00,14,
95951,SPEAKER_02,14,
95951,SPEAKER_00,15,
95951,SPEAKER_02,15,
95966,SPEAKER_00,-15,
95966,SPEAKER_01,-15,
95966,SPEAKER_00,-14,
95966,SPEAKER_01,-14,
95966,SPEAKER_00,-13,
95966,SPEAKER_01,-13,
95966,SPEAKER_00,-12,
95966,SPEAKER_01,-12,
95966,SPEAKER_00,-11,
95966,SPEAKER_01,-11,
95966,SPEAKER_00,-10,
95966,SPEAKER_01,-10,
95966,SPEAKER_00,-9,
95966,SPEAKER_01,-9,
95966,SPEAKER_00,-8,
95966,SPEAKER_01,-8,
95966,SPEAKER_00,-7,
95966,SPEAKER_01,-7,
95966,SPEAKER_00,-6,
95966,SPEAKER_01,-6,
95966,SPEAKER_00,-5,
95966,SPEAKER_01,-5,
95966,SPEAKER_00,-4,
95966,SPEAKER_01,-4,
95966,SPEAKER_00,-3,
95966,SPEAKER_01,-3,
95966,SPEAKER_00,-2,
95966,SPEAKER_01,-2,
95966,SPEAKER_00,-1,2.132471282911714
95966,SPEAKER_01,-1,10.41482565825993
95966,SPEAKER_00,0,
95966,SPEAKER_01,0,
95966,SPEAKER_00,1,3.1483528732094244
95966,SPEAKER_01,1,2.062247991968655
95966,SPEAKER_00,2,
95966,SPEAKER_01,2,
95966,SPEAKER_00,3,
95966,SPEAKER_01,3,
95966,SPEAKER_00,4,
95966,SPEAKER_01,4,
95966,SPEAKER_00,5,
95966,SPEAKER_01,5,
95966,SPEAKER_00,6,
95966,SPEAKER_01,6,
95966,SPEAKER_00,7,
95966,SPEAKER_01,7,
95966,SPEAKER_00,8,
95966,SPEAKER_01,8,
95966,SPEAKER_00,9,
95966,SPEAKER_01,9,
95966,SPEAKER_00,10,
95966,SPEAKER_01,10,
95966,SPEAKER_00,11,
95966,SPEAKER_01,11,
95966,SPEAKER_00,12,
95966,SPEAKER_01,12,
95966,SPEAKER_00,13,
95966,SPEAKER_01,13,
95966,SPEAKER_00,14,
95966,SPEAKER_01,14,
95966,SPEAKER_00,15,
95966,SPEAKER_01,15,
95969,SPEAKER_00,-15,
95969,SPEAKER_03,-15,
95969,SPEAKER_00,-14,
95969,SPEAKER_03,-14,
95969,SPEAKER_00,-13,
95969,SPEAKER_03,-13,
95969,SPEAKER_00,-12,
95969,SPEAKER_03,-12,
95969,SPEAKER_00,-11,
95969,SPEAKER_03,-11,
95969,SPEAKER_00,-10,
95969,SPEAKER_03,-10,
95969,SPEAKER_00,-9,
95969,SPEAKER_03,-9,
95969,SPEAKER_00,-8,
95969,SPEAKER_03,-8,
95969,SPEAKER_00,-7,
95969,SPEAKER_03,-7,
95969,SPEAKER_00,-6,
95969,SPEAKER_03,-6,
95969,SPEAKER_00,-5,
95969,SPEAKER_03,-5,
95969,SPEAKER_00,-4,
95969,SPEAKER_03,-4,
95969,SPEAKER_00,-3,
95969,SPEAKER_03,-3,
95969,SPEAKER_00,-2,
95969,SPEAKER_03,-2,
95969,SPEAKER_00,-1,
95969,SPEAKER_03,-1,
95969,SPEAKER_00,0,
95969,SPEAKER_03,0,
95969,SPEAKER_00,1,
95969,SPEAKER_03,1,
95969,SPEAKER_00,2,
95969,SPEAKER_03,2,
95969,SPEAKER_00,3,
95969,SPEAKER_03,3,
95969,SPEAKER_00,4,
95969,SPEAKER_03,4,
95969,SPEAKER_00,5,
95969,SPEAKER_03,5,
95969,SPEAKER_00,6,
95969,SPEAKER_03,6,
95969,SPEAKER_00,7,
95969,SPEAKER_03,7,
95969,SPEAKER_00,8,
95969,SPEAKER_03,8,
95969,SPEAKER_00,9,
95969,SPEAKER_03,9,
95969,SPEAKER_00,10,
95969,SPEAKER_03,10,
95969,SPEAKER_00,11,
95969,SPEAKER_03,11,
95969,SPEAKER_00,12,
95969,SPEAKER_03,12,
95969,SPEAKER_00,13,
95969,SPEAKER_03,13,
95969,SPEAKER_00,14,
95969,SPEAKER_03,14,
95969,SPEAKER_00,15,
95969,SPEAKER_03,15,
95973,SPEAKER_01,-15,
95973,SPEAKER_02,-15,
95973,SPEAKER_01,-14,
95973,SPEAKER_02,-14,
95973,SPEAKER_01,-13,
95973,SPEAKER_02,-13,
95973,SPEAKER_01,-12,
95973,SPEAKER_02,-12,
95973,SPEAKER_01,-11,
95973,SPEAKER_02,-11,
95973,SPEAKER_01,-10,
95973,SPEAKER_02,-10,
95973,SPEAKER_01,-9,
95973,SPEAKER_02,-9,
95973,SPEAKER_01,-8,
95973,SPEAKER_02,-8,
95973,SPEAKER_01,-7,
95973,SPEAKER_02,-7,
95973,SPEAKER_01,-6,
95973,SPEAKER_02,-6,
95973,SPEAKER_01,-5,
95973,SPEAKER_02,-5,
95973,SPEAKER_01,-4,
95973,SPEAKER_02,-4,
95973,SPEAKER_01,-3,
95973,SPEAKER_02,-3,
95973,SPEAKER_01,-2,
95973,SPEAKER_02,-2,
95973,SPEAKER_01,-1,1.4542090309370301
95973,SPEAKER_02,-1,0.4388821818424301
95973,SPEAKER_01,0,
95973,SPEAKER_02,0,
95973,SPEAKER_01,1,0.287401116510106
95973,SPEAKER_02,1,0.10373617422445709
95973,SPEAKER_01,2,
95973,SPEAKER_02,2,
95973,SPEAKER_01,3,
95973,SPEAKER_02,3,
95973,SPEAKER_01,4,
95973,SPEAKER_02,4,
95973,SPEAKER_01,5,
95973,SPEAKER_02,5,
95973,SPEAKER_01,6,
95973,SPEAKER_02,6,
95973,SPEAKER_01,7,
95973,SPEAKER_02,7,
95973,SPEAKER_01,8,
95973,SPEAKER_02,8,
95973,SPEAKER_01,9,
95973,SPEAKER_02,9,
95973,SPEAKER_01,10,
95973,SPEAKER_02,10,
95973,SPEAKER_01,11,
95973,SPEAKER_02,11,
95973,SPEAKER_01,12,
95973,SPEAKER_02,12,
95973,SPEAKER_01,13,
95973,SPEAKER_02,13,
95973,SPEAKER_01,14,
95973,SPEAKER_02,14,
95973,SPEAKER_01,15,
95973,SPEAKER_02,15,
95981,SPEAKER_00,-15,
95981,SPEAKER_01,-15,
95981,SPEAKER_00,-14,
95981,SPEAKER_01,-14,
95981,SPEAKER_00,-13,
95981,SPEAKER_01,-13,
95981,SPEAKER_00,-12,
95981,SPEAKER_01,-12,
95981,SPEAKER_00,-11,
95981,SPEAKER_01,-11,
95981,SPEAKER_00,-10,
95981,SPEAKER_01,-10,
95981,SPEAKER_00,-9,
95981,SPEAKER_01,-9,
95981,SPEAKER_00,-8,
95981,SPEAKER_01,-8,
95981,SPEAKER_00,-7,
95981,SPEAKER_01,-7,
95981,SPEAKER_00,-6,
95981,SPEAKER_01,-6,
95981,SPEAKER_00,-5,
95981,SPEAKER_01,-5,
95981,SPEAKER_00,-4,
95981,SPEAKER_01,-4,
95981,SPEAKER_00,-3,
95981,SPEAKER_01,-3,
95981,SPEAKER_00,-2,
95981,SPEAKER_01,-2,
95981,SPEAKER_00,-1,
95981,SPEAKER_01,-1,
95981,SPEAKER_00,0,
95981,SPEAKER_01,0,
95981,SPEAKER_00,1,
95981,SPEAKER_01,1,
95981,SPEAKER_00,2,
95981,SPEAKER_01,2,
95981,SPEAKER_00,3,
95981,SPEAKER_01,3,
95981,SPEAKER_00,4,
95981,SPEAKER_01,4,
95981,SPEAKER_00,5,
95981,SPEAKER_01,5,
95981,SPEAKER_00,6,
95981,SPEAKER_01,6,
95981,SPEAKER_00,7,
95981,SPEAKER_01,7,
95981,SPEAKER_00,8,
95981,SPEAKER_01,8,
95981,SPEAKER_00,9,
95981,SPEAKER_01,9,
95981,SPEAKER_00,10,
95981,SPEAKER_01,10,
95981,SPEAKER_00,11,
95981,SPEAKER_01,11,
95981,SPEAKER_00,12,
95981,SPEAKER_01,12,
95981,SPEAKER_00,13,
95981,SPEAKER_01,13,
95981,SPEAKER_00,14,
95981,SPEAKER_01,14,
95981,SPEAKER_00,15,
95981,SPEAKER_01,15,
95982,SPEAKER_01,-15,
95982,SPEAKER_02,-15,
95982,SPEAKER_01,-14,
95982,SPEAKER_02,-14,
95982,SPEAKER_01,-13,
95982,SPEAKER_02,-13,
95982,SPEAKER_01,-12,
95982,SPEAKER_02,-12,
95982,SPEAKER_01,-11,
95982,SPEAKER_02,-11,
95982,SPEAKER_01,-10,
95982,SPEAKER_02,-10,
95982,SPEAKER_01,-9,
95982,SPEAKER_02,-9,
95982,SPEAKER_01,-8,
95982,SPEAKER_02,-8,
95982,SPEAKER_01,-7,
95982,SPEAKER_02,-7,
95982,SPEAKER_01,-6,
95982,SPEAKER_02,-6,
95982,SPEAKER_01,-5,
95982,SPEAKER_02,-5,1.09443294205361
95982,SPEAKER_01,-4,
95982,SPEAKER_02,-4,
95982,SPEAKER_01,-3,7.585971816341604
95982,SPEAKER_02,-3,16.417392267434746
95982,SPEAKER_01,-2,
95982,SPEAKER_02,-2,
95982,SPEAKER_01,-1,15.906887165389819
95982,SPEAKER_02,-1,6.783423801717891
95982,SPEAKER_01,0,
95982,SPEAKER_02,0,
95982,SPEAKER_01,1,2.726141276565841
95982,SPEAKER_02,1,0.8504936778803741
95982,SPEAKER_01,2,
95982,SPEAKER_02,2,
95982,SPEAKER_01,3,0.010125436286778072
95982,SPEAKER_02,3,2.230695435984195
95982,SPEAKER_01,4,
95982,SPEAKER_02,4,
95982,SPEAKER_01,5,0.001969808230210927
95982,SPEAKER_02,5,
95982,SPEAKER_01,6,
95982,SPEAKER_02,6,
95982,SPEAKER_01,7,
95982,SPEAKER_02,7,
95982,SPEAKER_01,8,
95982,SPEAKER_02,8,
95982,SPEAKER_01,9,
95982,SPEAKER_02,9,
95982,SPEAKER_01,10,
95982,SPEAKER_02,10,
95982,SPEAKER_01,11,
95982,SPEAKER_02,11,
95982,SPEAKER_01,12,
95982,SPEAKER_02,12,
95982,SPEAKER_01,13,
95982,SPEAKER_02,13,
95982,SPEAKER_01,14,
95982,SPEAKER_02,14,
95982,SPEAKER_01,15,
95982,SPEAKER_02,15,
96201,SPEAKER_01,-15,
96201,SPEAKER_02,-15,
96201,SPEAKER_01,-14,
96201,SPEAKER_02,-14,
96201,SPEAKER_01,-13,
96201,SPEAKER_02,-13,
96201,SPEAKER_01,-12,
96201,SPEAKER_02,-12,
96201,SPEAKER_01,-11,
96201,SPEAKER_02,-11,
96201,SPEAKER_01,-10,
96201,SPEAKER_02,-10,
96201,SPEAKER_01,-9,
96201,SPEAKER_02,-9,
96201,SPEAKER_01,-8,
96201,SPEAKER_02,-8,
96201,SPEAKER_01,-7,
96201,SPEAKER_02,-7,
96201,SPEAKER_01,-6,
96201,SPEAKER_02,-6,
96201,SPEAKER_01,-5,
96201,SPEAKER_02,-5,
96201,SPEAKER_01,-4,
96201,SPEAKER_02,-4,
96201,SPEAKER_01,-3,
96201,SPEAKER_02,-3,
96201,SPEAKER_01,-2,
96201,SPEAKER_02,-2,
96201,SPEAKER_01,-1,
96201,SPEAKER_02,-1,
96201,SPEAKER_01,0,
96201,SPEAKER_02,0,
96201,SPEAKER_01,1,
96201,SPEAKER_02,1,
96201,SPEAKER_01,2,
96201,SPEAKER_02,2,
96201,SPEAKER_01,3,
96201,SPEAKER_02,3,
96201,SPEAKER_01,4,
96201,SPEAKER_02,4,
96201,SPEAKER_01,5,
96201,SPEAKER_02,5,
96201,SPEAKER_01,6,
96201,SPEAKER_02,6,
96201,SPEAKER_01,7,
96201,SPEAKER_02,7,
96201,SPEAKER_01,8,
96201,SPEAKER_02,8,
96201,SPEAKER_01,9,
96201,SPEAKER_02,9,
96201,SPEAKER_01,10,
96201,SPEAKER_02,10,
96201,SPEAKER_01,11,
96201,SPEAKER_02,11,
96201,SPEAKER_01,12,
96201,SPEAKER_02,12,
96201,SPEAKER_01,13,
96201,SPEAKER_02,13,
96201,SPEAKER_01,14,
96201,SPEAKER_02,14,
96201,SPEAKER_01,15,
96201,SPEAKER_02,15,
96239,SPEAKER_00,-15,
96239,SPEAKER_01,-15,
96239,SPEAKER_00,-14,
96239,SPEAKER_01,-14,
96239,SPEAKER_00,-13,
96239,SPEAKER_01,-13,
96239,SPEAKER_00,-12,
96239,SPEAKER_01,-12,
96239,SPEAKER_00,-11,
96239,SPEAKER_01,-11,
96239,SPEAKER_00,-10,
96239,SPEAKER_01,-10,
96239,SPEAKER_00,-9,
96239,SPEAKER_01,-9,
96239,SPEAKER_00,-8,
96239,SPEAKER_01,-8,
96239,SPEAKER_00,-7,
96239,SPEAKER_01,-7,
96239,SPEAKER_00,-6,
96239,SPEAKER_01,-6,
96239,SPEAKER_00,-5,
96239,SPEAKER_01,-5,
96239,SPEAKER_00,-4,
96239,SPEAKER_01,-4,
96239,SPEAKER_00,-3,
96239,SPEAKER_01,-3,
96239,SPEAKER_00,-2,
96239,SPEAKER_01,-2,
96239,SPEAKER_00,-1,
96239,SPEAKER_01,-1,
96239,SPEAKER_00,0,
96239,SPEAKER_01,0,
96239,SPEAKER_00,1,
96239,SPEAKER_01,1,
96239,SPEAKER_00,2,
96239,SPEAKER_01,2,
96239,SPEAKER_00,3,
96239,SPEAKER_01,3,
96239,SPEAKER_00,4,
96239,SPEAKER_01,4,
96239,SPEAKER_00,5,
96239,SPEAKER_01,5,
96239,SPEAKER_00,6,
96239,SPEAKER_01,6,
96239,SPEAKER_00,7,
96239,SPEAKER_01,7,
96239,SPEAKER_00,8,
96239,SPEAKER_01,8,
96239,SPEAKER_00,9,
96239,SPEAKER_01,9,
96239,SPEAKER_00,10,
96239,SPEAKER_01,10,
96239,SPEAKER_00,11,
96239,SPEAKER_01,11,
96239,SPEAKER_00,12,
96239,SPEAKER_01,12,
96239,SPEAKER_00,13,
96239,SPEAKER_01,13,
96239,SPEAKER_00,14,
96239,SPEAKER_01,14,
96239,SPEAKER_00,15,
96239,SPEAKER_01,15,
96694,SPEAKER_00,-15,
96694,SPEAKER_01,-15,
96694,SPEAKER_00,-14,
96694,SPEAKER_01,-14,
96694,SPEAKER_00,-13,
96694,SPEAKER_01,-13,
96694,SPEAKER_00,-12,
96694,SPEAKER_01,-12,
96694,SPEAKER_00,-11,
96694,SPEAKER_01,-11,
96694,SPEAKER_00,-10,
96694,SPEAKER_01,-10,
96694,SPEAKER_00,-9,
96694,SPEAKER_01,-9,
96694,SPEAKER_00,-8,
96694,SPEAKER_01,-8,
96694,SPEAKER_00,-7,
96694,SPEAKER_01,-7,
96694,SPEAKER_00,-6,
96694,SPEAKER_01,-6,
96694,SPEAKER_00,-5,
96694,SPEAKER_01,-5,
96694,SPEAKER_00,-4,
96694,SPEAKER_01,-4,
96694,SPEAKER_00,-3,
96694,SPEAKER_01,-3,
96694,SPEAKER_00,-2,
96694,SPEAKER_01,-2,
96694,SPEAKER_00,-1,
96694,SPEAKER_01,-1,
96694,SPEAKER_00,0,
96694,SPEAKER_01,0,
96694,SPEAKER_00,1,
96694,SPEAKER_01,1,
96694,SPEAKER_00,2,
96694,SPEAKER_01,2,
96694,SPEAKER_00,3,
96694,SPEAKER_01,3,
96694,SPEAKER_00,4,
96694,SPEAKER_01,4,
96694,SPEAKER_00,5,
96694,SPEAKER_01,5,
96694,SPEAKER_00,6,
96694,SPEAKER_01,6,
96694,SPEAKER_00,7,
96694,SPEAKER_01,7,
96694,SPEAKER_00,8,
96694,SPEAKER_01,8,
96694,SPEAKER_00,9,
96694,SPEAKER_01,9,
96694,SPEAKER_00,10,
96694,SPEAKER_01,10,
96694,SPEAKER_00,11,
96694,SPEAKER_01,11,
96694,SPEAKER_00,12,
96694,SPEAKER_01,12,
96694,SPEAKER_00,13,
96694,SPEAKER_01,13,
96694,SPEAKER_00,14,
96694,SPEAKER_01,14,
96694,SPEAKER_00,15,
96694,SPEAKER_01,15,
96724,SPEAKER_00,-15,
96724,SPEAKER_01,-15,
96724,SPEAKER_00,-14,
96724,SPEAKER_01,-14,
96724,SPEAKER_00,-13,
96724,SPEAKER_01,-13,
96724,SPEAKER_00,-12,
96724,SPEAKER_01,-12,
96724,SPEAKER_00,-11,
96724,SPEAKER_01,-11,
96724,SPEAKER_00,-10,
96724,SPEAKER_01,-10,
96724,SPEAKER_00,-9,
96724,SPEAKER_01,-9,
96724,SPEAKER_00,-8,
96724,SPEAKER_01,-8,
96724,SPEAKER_00,-7,
96724,SPEAKER_01,-7,
96724,SPEAKER_00,-6,
96724,SPEAKER_01,-6,
96724,SPEAKER_00,-5,
96724,SPEAKER_01,-5,
96724,SPEAKER_00,-4,
96724,SPEAKER_01,-4,
96724,SPEAKER_00,-3,
96724,SPEAKER_01,-3,
96724,SPEAKER_00,-2,
96724,SPEAKER_01,-2,
96724,SPEAKER_00,-1,
96724,SPEAKER_01,-1,
96724,SPEAKER_00,0,
96724,SPEAKER_01,0,
96724,SPEAKER_00,1,
96724,SPEAKER_01,1,
96724,SPEAKER_00,2,
96724,SPEAKER_01,2,
96724,SPEAKER_00,3,
96724,SPEAKER_01,3,
96724,SPEAKER_00,4,
96724,SPEAKER_01,4,
96724,SPEAKER_00,5,
96724,SPEAKER_01,5,
96724,SPEAKER_00,6,
96724,SPEAKER_01,6,
96724,SPEAKER_00,7,
96724,SPEAKER_01,7,
96724,SPEAKER_00,8,
96724,SPEAKER_01,8,
96724,SPEAKER_00,9,
96724,SPEAKER_01,9,
96724,SPEAKER_00,10,
96724,SPEAKER_01,10,
96724,SPEAKER_00,11,
96724,SPEAKER_01,11,
96724,SPEAKER_00,12,
96724,SPEAKER_01,12,
96724,SPEAKER_00,13,
96724,SPEAKER_01,13,
96724,SPEAKER_00,14,
96724,SPEAKER_01,14,
96724,SPEAKER_00,15,
96724,SPEAKER_01,15,
96727,SPEAKER_00,-15,
96727,SPEAKER_01,-15,
96727,SPEAKER_00,-14,
96727,SPEAKER_01,-14,
96727,SPEAKER_00,-13,
96727,SPEAKER_01,-13,
96727,SPEAKER_00,-12,
96727,SPEAKER_01,-12,
96727,SPEAKER_00,-11,
96727,SPEAKER_01,-11,
96727,SPEAKER_00,-10,
96727,SPEAKER_01,-10,
96727,SPEAKER_00,-9,
96727,SPEAKER_01,-9,
96727,SPEAKER_00,-8,
96727,SPEAKER_01,-8,
96727,SPEAKER_00,-7,
96727,SPEAKER_01,-7,
96727,SPEAKER_00,-6,
96727,SPEAKER_01,-6,
96727,SPEAKER_00,-5,
96727,SPEAKER_01,-5,
96727,SPEAKER_00,-4,
96727,SPEAKER_01,-4,
96727,SPEAKER_00,-3,
96727,SPEAKER_01,-3,
96727,SPEAKER_00,-2,
96727,SPEAKER_01,-2,
96727,SPEAKER_00,-1,0.27787498992660414
96727,SPEAKER_01,-1,0.0035100513724584054
96727,SPEAKER_00,0,
96727,SPEAKER_01,0,
96727,SPEAKER_00,1,0.25033228030117977
96727,SPEAKER_01,1,0.016219182527520453
96727,SPEAKER_00,2,
96727,SPEAKER_01,2,
96727,SPEAKER_00,3,
96727,SPEAKER_01,3,
96727,SPEAKER_00,4,
96727,SPEAKER_01,4,
96727,SPEAKER_00,5,
96727,SPEAKER_01,5,
96727,SPEAKER_00,6,
96727,SPEAKER_01,6,
96727,SPEAKER_00,7,
96727,SPEAKER_01,7,
96727,SPEAKER_00,8,
96727,SPEAKER_01,8,
96727,SPEAKER_00,9,
96727,SPEAKER_01,9,
96727,SPEAKER_00,10,
96727,SPEAKER_01,10,
96727,SPEAKER_00,11,
96727,SPEAKER_01,11,
96727,SPEAKER_00,12,
96727,SPEAKER_01,12,
96727,SPEAKER_00,13,
96727,SPEAKER_01,13,
96727,SPEAKER_00,14,
96727,SPEAKER_01,14,
96727,SPEAKER_00,15,
96727,SPEAKER_01,15,
96767,SPEAKER_00,-15,
96767,SPEAKER_01,-15,
96767,SPEAKER_00,-14,
96767,SPEAKER_01,-14,
96767,SPEAKER_00,-13,
96767,SPEAKER_01,-13,
96767,SPEAKER_00,-12,
96767,SPEAKER_01,-12,
96767,SPEAKER_00,-11,
96767,SPEAKER_01,-11,
96767,SPEAKER_00,-10,
96767,SPEAKER_01,-10,
96767,SPEAKER_00,-9,
96767,SPEAKER_01,-9,
96767,SPEAKER_00,-8,
96767,SPEAKER_01,-8,
96767,SPEAKER_00,-7,
96767,SPEAKER_01,-7,
96767,SPEAKER_00,-6,
96767,SPEAKER_01,-6,
96767,SPEAKER_00,-5,
96767,SPEAKER_01,-5,
96767,SPEAKER_00,-4,
96767,SPEAKER_01,-4,
96767,SPEAKER_00,-3,
96767,SPEAKER_01,-3,
96767,SPEAKER_00,-2,
96767,SPEAKER_01,-2,
96767,SPEAKER_00,-1,
96767,SPEAKER_01,-1,
96767,SPEAKER_00,0,
96767,SPEAKER_01,0,
96767,SPEAKER_00,1,
96767,SPEAKER_01,1,
96767,SPEAKER_00,2,
96767,SPEAKER_01,2,
96767,SPEAKER_00,3,
96767,SPEAKER_01,3,
96767,SPEAKER_00,4,
96767,SPEAKER_01,4,
96767,SPEAKER_00,5,
96767,SPEAKER_01,5,
96767,SPEAKER_00,6,
96767,SPEAKER_01,6,
96767,SPEAKER_00,7,
96767,SPEAKER_01,7,
96767,SPEAKER_00,8,
96767,SPEAKER_01,8,
96767,SPEAKER_00,9,
96767,SPEAKER_01,9,
96767,SPEAKER_00,10,
96767,SPEAKER_01,10,
96767,SPEAKER_00,11,
96767,SPEAKER_01,11,
96767,SPEAKER_00,12,
96767,SPEAKER_01,12,
96767,SPEAKER_00,13,
96767,SPEAKER_01,13,
96767,SPEAKER_00,14,
96767,SPEAKER_01,14,
96767,SPEAKER_00,15,
96767,SPEAKER_01,15,
96850,SPEAKER_01,-15,
96850,SPEAKER_04,-15,
96850,SPEAKER_01,-14,
96850,SPEAKER_04,-14,
96850,SPEAKER_01,-13,
96850,SPEAKER_04,-13,
96850,SPEAKER_01,-12,
96850,SPEAKER_04,-12,
96850,SPEAKER_01,-11,
96850,SPEAKER_04,-11,
96850,SPEAKER_01,-10,
96850,SPEAKER_04,-10,
96850,SPEAKER_01,-9,
96850,SPEAKER_04,-9,
96850,SPEAKER_01,-8,
96850,SPEAKER_04,-8,
96850,SPEAKER_01,-7,
96850,SPEAKER_04,-7,
96850,SPEAKER_01,-6,
96850,SPEAKER_04,-6,
96850,SPEAKER_01,-5,
96850,SPEAKER_04,-5,0.019224200219841298
96850,SPEAKER_01,-4,
96850,SPEAKER_04,-4,
96850,SPEAKER_01,-3,0.0009790580229960915
96850,SPEAKER_04,-3,0.4177105280441784
96850,SPEAKER_01,-2,
96850,SPEAKER_04,-2,
96850,SPEAKER_01,-1,0.05118544510384775
96850,SPEAKER_04,-1,0.3279139426465099
96850,SPEAKER_01,0,
96850,SPEAKER_04,0,
96850,SPEAKER_01,1,0.9564564034782964
96850,SPEAKER_04,1,0.5449348121044566
96850,SPEAKER_01,2,
96850,SPEAKER_04,2,
96850,SPEAKER_01,3,0.880886413619549
96850,SPEAKER_04,3,0.7530148504650016
96850,SPEAKER_01,4,
96850,SPEAKER_04,4,
96850,SPEAKER_01,5,0.013801697161576643
96850,SPEAKER_04,5,
96850,SPEAKER_01,6,
96850,SPEAKER_04,6,
96850,SPEAKER_01,7,
96850,SPEAKER_04,7,
96850,SPEAKER_01,8,
96850,SPEAKER_04,8,
96850,SPEAKER_01,9,
96850,SPEAKER_04,9,
96850,SPEAKER_01,10,
96850,SPEAKER_04,10,
96850,SPEAKER_01,11,
96850,SPEAKER_04,11,
96850,SPEAKER_01,12,
96850,SPEAKER_04,12,
96850,SPEAKER_01,13,
96850,SPEAKER_04,13,
96850,SPEAKER_01,14,
96850,SPEAKER_04,14,
96850,SPEAKER_01,15,
96850,SPEAKER_04,15,
97115,SPEAKER_00,-15,
97115,SPEAKER_01,-15,
97115,SPEAKER_00,-14,
97115,SPEAKER_01,-14,
97115,SPEAKER_00,-13,
97115,SPEAKER_01,-13,
97115,SPEAKER_00,-12,
97115,SPEAKER_01,-12,
97115,SPEAKER_00,-11,
97115,SPEAKER_01,-11,
97115,SPEAKER_00,-10,
97115,SPEAKER_01,-10,
97115,SPEAKER_00,-9,
97115,SPEAKER_01,-9,
97115,SPEAKER_00,-8,
97115,SPEAKER_01,-8,
97115,SPEAKER_00,-7,
97115,SPEAKER_01,-7,
97115,SPEAKER_00,-6,
97115,SPEAKER_01,-6,
97115,SPEAKER_00,-5,
97115,SPEAKER_01,-5,
97115,SPEAKER_00,-4,
97115,SPEAKER_01,-4,
97115,SPEAKER_00,-3,
97115,SPEAKER_01,-3,
97115,SPEAKER_00,-2,
97115,SPEAKER_01,-2,
97115,SPEAKER_00,-1,2.0521018206564188
97115,SPEAKER_01,-1,7.900898058622589
97115,SPEAKER_00,0,
97115,SPEAKER_01,0,
97115,SPEAKER_00,1,1.5247623565652717
97115,SPEAKER_01,1,0.0017817075537154429
97115,SPEAKER_00,2,
97115,SPEAKER_01,2,
97115,SPEAKER_00,3,
97115,SPEAKER_01,3,
97115,SPEAKER_00,4,
97115,SPEAKER_01,4,
97115,SPEAKER_00,5,
97115,SPEAKER_01,5,
97115,SPEAKER_00,6,
97115,SPEAKER_01,6,
97115,SPEAKER_00,7,
97115,SPEAKER_01,7,
97115,SPEAKER_00,8,
97115,SPEAKER_01,8,
97115,SPEAKER_00,9,
97115,SPEAKER_01,9,
97115,SPEAKER_00,10,
97115,SPEAKER_01,10,
97115,SPEAKER_00,11,
97115,SPEAKER_01,11,
97115,SPEAKER_00,12,
97115,SPEAKER_01,12,
97115,SPEAKER_00,13,
97115,SPEAKER_01,13,
97115,SPEAKER_00,14,
97115,SPEAKER_01,14,
97115,SPEAKER_00,15,
97115,SPEAKER_01,15,
97137,SPEAKER_00,-15,
97137,SPEAKER_01,-15,
97137,SPEAKER_00,-14,
97137,SPEAKER_01,-14,
97137,SPEAKER_00,-13,
97137,SPEAKER_01,-13,
97137,SPEAKER_00,-12,
97137,SPEAKER_01,-12,
97137,SPEAKER_00,-11,
97137,SPEAKER_01,-11,
97137,SPEAKER_00,-10,
97137,SPEAKER_01,-10,
97137,SPEAKER_00,-9,
97137,SPEAKER_01,-9,
97137,SPEAKER_00,-8,
97137,SPEAKER_01,-8,
97137,SPEAKER_00,-7,
97137,SPEAKER_01,-7,
97137,SPEAKER_00,-6,
97137,SPEAKER_01,-6,
97137,SPEAKER_00,-5,1.1776553574802449
97137,SPEAKER_01,-5,0.5992828443228809
97137,SPEAKER_00,-4,
97137,SPEAKER_01,-4,
97137,SPEAKER_00,-3,0.9369993442560247
97137,SPEAKER_01,-3,0.6184029383785616
97137,SPEAKER_00,-2,
97137,SPEAKER_01,-2,
97137,SPEAKER_00,-1,0.9668023297117372
97137,SPEAKER_01,-1,4.163442435299836e-07
97137,SPEAKER_00,0,
97137,SPEAKER_01,0,
97137,SPEAKER_00,1,2.0478471008469565
97137,SPEAKER_01,1,1.2278055019978122
97137,SPEAKER_00,2,
97137,SPEAKER_01,2,
97137,SPEAKER_00,3,0.23517814491036002
97137,SPEAKER_01,3,0.7201098938500496
97137,SPEAKER_00,4,
97137,SPEAKER_01,4,
97137,SPEAKER_00,5,2.015223000470576
97137,SPEAKER_01,5,0.532859114162022
97137,SPEAKER_00,6,
97137,SPEAKER_01,6,
97137,SPEAKER_00,7,
97137,SPEAKER_01,7,
97137,SPEAKER_00,8,
97137,SPEAKER_01,8,
97137,SPEAKER_00,9,
97137,SPEAKER_01,9,
97137,SPEAKER_00,10,
97137,SPEAKER_01,10,
97137,SPEAKER_00,11,
97137,SPEAKER_01,11,
97137,SPEAKER_00,12,
97137,SPEAKER_01,12,
97137,SPEAKER_00,13,
97137,SPEAKER_01,13,
97137,SPEAKER_00,14,
97137,SPEAKER_01,14,
97137,SPEAKER_00,15,
97137,SPEAKER_01,15,
97173,SPEAKER_00,-15,
97173,SPEAKER_01,-15,
97173,SPEAKER_00,-14,
97173,SPEAKER_01,-14,
97173,SPEAKER_00,-13,
97173,SPEAKER_01,-13,
97173,SPEAKER_00,-12,
97173,SPEAKER_01,-12,
97173,SPEAKER_00,-11,
97173,SPEAKER_01,-11,
97173,SPEAKER_00,-10,
97173,SPEAKER_01,-10,
97173,SPEAKER_00,-9,
97173,SPEAKER_01,-9,
97173,SPEAKER_00,-8,
97173,SPEAKER_01,-8,
97173,SPEAKER_00,-7,
97173,SPEAKER_01,-7,
97173,SPEAKER_00,-6,
97173,SPEAKER_01,-6,
97173,SPEAKER_00,-5,
97173,SPEAKER_01,-5,
97173,SPEAKER_00,-4,
97173,SPEAKER_01,-4,
97173,SPEAKER_00,-3,2.149357159936975
97173,SPEAKER_01,-3,0.04140096590377714
97173,SPEAKER_00,-2,
97173,SPEAKER_01,-2,
97173,SPEAKER_00,-1,1.4812146360834777
97173,SPEAKER_01,-1,0.5469225638375514
97173,SPEAKER_00,0,
97173,SPEAKER_01,0,
97173,SPEAKER_00,1,0.49729046096424145
97173,SPEAKER_01,1,0.6255841595362579
97173,SPEAKER_00,2,
97173,SPEAKER_01,2,
97173,SPEAKER_00,3,1.5589385444878736
97173,SPEAKER_01,3,0.37020927380328783
97173,SPEAKER_00,4,
97173,SPEAKER_01,4,
97173,SPEAKER_00,5,
97173,SPEAKER_01,5,
97173,SPEAKER_00,6,
97173,SPEAKER_01,6,
97173,SPEAKER_00,7,
97173,SPEAKER_01,7,
97173,SPEAKER_00,8,
97173,SPEAKER_01,8,
97173,SPEAKER_00,9,
97173,SPEAKER_01,9,
97173,SPEAKER_00,10,
97173,SPEAKER_01,10,
97173,SPEAKER_00,11,
97173,SPEAKER_01,11,
97173,SPEAKER_00,12,
97173,SPEAKER_01,12,
97173,SPEAKER_00,13,
97173,SPEAKER_01,13,
97173,SPEAKER_00,14,
97173,SPEAKER_01,14,
97173,SPEAKER_00,15,
97173,SPEAKER_01,15,
97178,SPEAKER_00,-15,
97178,SPEAKER_01,-15,
97178,SPEAKER_00,-14,
97178,SPEAKER_01,-14,
97178,SPEAKER_00,-13,
97178,SPEAKER_01,-13,
97178,SPEAKER_00,-12,
97178,SPEAKER_01,-12,
97178,SPEAKER_00,-11,
97178,SPEAKER_01,-11,
97178,SPEAKER_00,-10,
97178,SPEAKER_01,-10,
97178,SPEAKER_00,-9,
97178,SPEAKER_01,-9,
97178,SPEAKER_00,-8,
97178,SPEAKER_01,-8,
97178,SPEAKER_00,-7,
97178,SPEAKER_01,-7,
97178,SPEAKER_00,-6,
97178,SPEAKER_01,-6,
97178,SPEAKER_00,-5,
97178,SPEAKER_01,-5,
97178,SPEAKER_00,-4,
97178,SPEAKER_01,-4,
97178,SPEAKER_00,-3,
97178,SPEAKER_01,-3,3.5698805893049137
97178,SPEAKER_00,-2,
97178,SPEAKER_01,-2,
97178,SPEAKER_00,-1,0.22997993153430352
97178,SPEAKER_01,-1,0.46840114607517563
97178,SPEAKER_00,0,
97178,SPEAKER_01,0,
97178,SPEAKER_00,1,0.08736916863531076
97178,SPEAKER_01,1,0.20280169280018273
97178,SPEAKER_00,2,
97178,SPEAKER_01,2,
97178,SPEAKER_00,3,3.320545734853571
97178,SPEAKER_01,3,
97178,SPEAKER_00,4,
97178,SPEAKER_01,4,
97178,SPEAKER_00,5,
97178,SPEAKER_01,5,
97178,SPEAKER_00,6,
97178,SPEAKER_01,6,
97178,SPEAKER_00,7,
97178,SPEAKER_01,7,
97178,SPEAKER_00,8,
97178,SPEAKER_01,8,
97178,SPEAKER_00,9,
97178,SPEAKER_01,9,
97178,SPEAKER_00,10,
97178,SPEAKER_01,10,
97178,SPEAKER_00,11,
97178,SPEAKER_01,11,
97178,SPEAKER_00,12,
97178,SPEAKER_01,12,
97178,SPEAKER_00,13,
97178,SPEAKER_01,13,
97178,SPEAKER_00,14,
97178,SPEAKER_01,14,
97178,SPEAKER_00,15,
97178,SPEAKER_01,15,
97213,SPEAKER_01,-15,
97213,SPEAKER_02,-15,
97213,SPEAKER_01,-14,
97213,SPEAKER_02,-14,
97213,SPEAKER_01,-13,
97213,SPEAKER_02,-13,
97213,SPEAKER_01,-12,
97213,SPEAKER_02,-12,
97213,SPEAKER_01,-11,
97213,SPEAKER_02,-11,
97213,SPEAKER_01,-10,
97213,SPEAKER_02,-10,
97213,SPEAKER_01,-9,
97213,SPEAKER_02,-9,
97213,SPEAKER_01,-8,
97213,SPEAKER_02,-8,
97213,SPEAKER_01,-7,
97213,SPEAKER_02,-7,
97213,SPEAKER_01,-6,
97213,SPEAKER_02,-6,
97213,SPEAKER_01,-5,
97213,SPEAKER_02,-5,
97213,SPEAKER_01,-4,
97213,SPEAKER_02,-4,
97213,SPEAKER_01,-3,
97213,SPEAKER_02,-3,
97213,SPEAKER_01,-2,
97213,SPEAKER_02,-2,
97213,SPEAKER_01,-1,
97213,SPEAKER_02,-1,
97213,SPEAKER_01,0,
97213,SPEAKER_02,0,
97213,SPEAKER_01,1,
97213,SPEAKER_02,1,
97213,SPEAKER_01,2,
97213,SPEAKER_02,2,
97213,SPEAKER_01,3,
97213,SPEAKER_02,3,
97213,SPEAKER_01,4,
97213,SPEAKER_02,4,
97213,SPEAKER_01,5,
97213,SPEAKER_02,5,
97213,SPEAKER_01,6,
97213,SPEAKER_02,6,
97213,SPEAKER_01,7,
97213,SPEAKER_02,7,
97213,SPEAKER_01,8,
97213,SPEAKER_02,8,
97213,SPEAKER_01,9,
97213,SPEAKER_02,9,
97213,SPEAKER_01,10,
97213,SPEAKER_02,10,
97213,SPEAKER_01,11,
97213,SPEAKER_02,11,
97213,SPEAKER_01,12,
97213,SPEAKER_02,12,
97213,SPEAKER_01,13,
97213,SPEAKER_02,13,
97213,SPEAKER_01,14,
97213,SPEAKER_02,14,
97213,SPEAKER_01,15,
97213,SPEAKER_02,15,
97225,SPEAKER_00,-15,
97225,SPEAKER_01,-15,
97225,SPEAKER_00,-14,
97225,SPEAKER_01,-14,
97225,SPEAKER_00,-13,
97225,SPEAKER_01,-13,
97225,SPEAKER_00,-12,
97225,SPEAKER_01,-12,
97225,SPEAKER_00,-11,
97225,SPEAKER_01,-11,
97225,SPEAKER_00,-10,
97225,SPEAKER_01,-10,
97225,SPEAKER_00,-9,
97225,SPEAKER_01,-9,
97225,SPEAKER_00,-8,
97225,SPEAKER_01,-8,
97225,SPEAKER_00,-7,
97225,SPEAKER_01,-7,
97225,SPEAKER_00,-6,
97225,SPEAKER_01,-6,
97225,SPEAKER_00,-5,
97225,SPEAKER_01,-5,
97225,SPEAKER_00,-4,
97225,SPEAKER_01,-4,
97225,SPEAKER_00,-3,1.0656882478128948
97225,SPEAKER_01,-3,0.05978741348530122
97225,SPEAKER_00,-2,
97225,SPEAKER_01,-2,
97225,SPEAKER_00,-1,0.6881102067640495
97225,SPEAKER_01,-1,0.32207223817056113
97225,SPEAKER_00,0,
97225,SPEAKER_01,0,
97225,SPEAKER_00,1,1.7452823452385144
97225,SPEAKER_01,1,0.08707488912909765
97225,SPEAKER_00,2,
97225,SPEAKER_01,2,
97225,SPEAKER_00,3,0.577717729734111
97225,SPEAKER_01,3,1.429177603406518
97225,SPEAKER_00,4,
97225,SPEAKER_01,4,
97225,SPEAKER_00,5,
97225,SPEAKER_01,5,
97225,SPEAKER_00,6,
97225,SPEAKER_01,6,
97225,SPEAKER_00,7,
97225,SPEAKER_01,7,
97225,SPEAKER_00,8,
97225,SPEAKER_01,8,
97225,SPEAKER_00,9,
97225,SPEAKER_01,9,
97225,SPEAKER_00,10,
97225,SPEAKER_01,10,
97225,SPEAKER_00,11,
97225,SPEAKER_01,11,
97225,SPEAKER_00,12,
97225,SPEAKER_01,12,
97225,SPEAKER_00,13,
97225,SPEAKER_01,13,
97225,SPEAKER_00,14,
97225,SPEAKER_01,14,
97225,SPEAKER_00,15,
97225,SPEAKER_01,15,
97233,SPEAKER_00,-15,
97233,SPEAKER_01,-15,
97233,SPEAKER_00,-14,
97233,SPEAKER_01,-14,
97233,SPEAKER_00,-13,
97233,SPEAKER_01,-13,
97233,SPEAKER_00,-12,
97233,SPEAKER_01,-12,
97233,SPEAKER_00,-11,
97233,SPEAKER_01,-11,
97233,SPEAKER_00,-10,
97233,SPEAKER_01,-10,
97233,SPEAKER_00,-9,
97233,SPEAKER_01,-9,
97233,SPEAKER_00,-8,
97233,SPEAKER_01,-8,
97233,SPEAKER_00,-7,
97233,SPEAKER_01,-7,
97233,SPEAKER_00,-6,
97233,SPEAKER_01,-6,
97233,SPEAKER_00,-5,
97233,SPEAKER_01,-5,
97233,SPEAKER_00,-4,
97233,SPEAKER_01,-4,
97233,SPEAKER_00,-3,
97233,SPEAKER_01,-3,
97233,SPEAKER_00,-2,
97233,SPEAKER_01,-2,
97233,SPEAKER_00,-1,
97233,SPEAKER_01,-1,
97233,SPEAKER_00,0,
97233,SPEAKER_01,0,
97233,SPEAKER_00,1,
97233,SPEAKER_01,1,
97233,SPEAKER_00,2,
97233,SPEAKER_01,2,
97233,SPEAKER_00,3,
97233,SPEAKER_01,3,
97233,SPEAKER_00,4,
97233,SPEAKER_01,4,
97233,SPEAKER_00,5,
97233,SPEAKER_01,5,
97233,SPEAKER_00,6,
97233,SPEAKER_01,6,
97233,SPEAKER_00,7,
97233,SPEAKER_01,7,
97233,SPEAKER_00,8,
97233,SPEAKER_01,8,
97233,SPEAKER_00,9,
97233,SPEAKER_01,9,
97233,SPEAKER_00,10,
97233,SPEAKER_01,10,
97233,SPEAKER_00,11,
97233,SPEAKER_01,11,
97233,SPEAKER_00,12,
97233,SPEAKER_01,12,
97233,SPEAKER_00,13,
97233,SPEAKER_01,13,
97233,SPEAKER_00,14,
97233,SPEAKER_01,14,
97233,SPEAKER_00,15,
97233,SPEAKER_01,15,
