pair_id,category,episode_id,source_path,source_turn_id,source_turn_idx,true_next_turn_id,true_next_turn_idx,true_next_turn_move_label,source_word_count,source_tail_word_count,explicit_count,assumption_count,all_assumption_count,history_turn_count,original_boundary_verified,source_original_turn_indices_json,true_next_original_turn_indices_json,candidate_count,candidate_pool_complete,candidate_pool_sha256,coverage_drop_reason,available_conditions_json
business:0003_-_The_Game_Chat_with_Ruth_and_Allen:0:1,business,0003_-_The_Game_Chat_with_Ruth_and_Allen,data_cleaned/conversation_moves_labeled/business/0003_-_The_Game_Chat_with_Ruth_and_Allen.json,business:0003_-_The_Game_Chat_with_Ruth_and_Allen:0,0,business:0003_-_The_Game_Chat_with_Ruth_and_Allen:1,1,Assert / Elaborate,54,54,3,3,3,0,True,[0],[1],25,True,d7ede99ef1850ae2f02a8df4fad4e4caf9cf0ab9aaeb41dee5cc205d756cf8c4,,"[""raw_turn"", ""raw_turn_with_history"", ""raw_turn_plus_assumptions"", ""explicit_only"", ""explicit_plus_top3_assumptions"", ""explicit_plus_shuffled_assumptions"", ""explicit_plus_wrong_episode_assumptions""]"
business:0003_-_The_Game_Chat_with_Ruth_and_Allen:1:2,business,0003_-_The_Game_Chat_with_Ruth_and_Allen,data_cleaned/conversation_moves_labeled/business/0003_-_The_Game_Chat_with_Ruth_and_Allen.json,business:0003_-_The_Game_Chat_with_Ruth_and_Allen:1,1,business:0003_-_The_Game_Chat_with_Ruth_and_Allen:2,2,Assert / Elaborate,106,102,6,3,5,1,True,[1],[2],25,True,0d7e4140ef5f37339a2e0212125f3a9c88cff93f38f148b9a8fa91edd4e0a541,,"[""raw_turn"", ""raw_turn_with_history"", ""raw_turn_plus_assumptions"", ""explicit_only"", ""explicit_plus_top3_assumptions"", ""explicit_plus_shuffled_assumptions"", ""explicit_plus_wrong_episode_assumptions""]"
business:0003_-_The_Game_Chat_with_Ruth_and_Allen:2:3,business,0003_-_The_Game_Chat_with_Ruth_and_Allen,data_cleaned/conversation_moves_labeled/business/0003_-_The_Game_Chat_with_Ruth_and_Allen.json,business:0003_-_The_Game_Chat_with_Ruth_and_Allen:2,2,business:0003_-_The_Game_Chat_with_Ruth_and_Allen:3,3,Assert / Elaborate,50,50,4,3,4,2,True,[2],[3],25,True,7c2d68c044d5e23ee4a5885cf3fab9637a658e8fc2fb0defe37dedfb11ffad74,,"[""raw_turn"", ""raw_turn_with_history"", ""raw_turn_plus_assumptions"", ""explicit_only"", ""explicit_plus_top3_assumptions"", ""explicit_plus_shuffled_assumptions"", ""explicit_plus_wrong_episode_assumptions""]"
business:0003_-_The_Game_Chat_with_Ruth_and_Allen:5:6,business,0003_-_The_Game_Chat_with_Ruth_and_Allen,data_cleaned/conversation_moves_labeled/business/0003_-_The_Game_Chat_with_Ruth_and_Allen.json,business:0003_-_The_Game_Chat_with_Ruth_and_Allen:5,5,business:0003_-_The_Game_Chat_with_Ruth_and_Allen:6,6,Clarification Request (Specific),122,107,6,3,6,3,True,[7],[8],25,True,55542b4943c6856561202d8f8a3d6735895057159a0996e1c8cac205c4e9205a,,"[""raw_turn"", ""raw_turn_with_history"", ""raw_turn_plus_assumptions"", ""explicit_only"", ""explicit_plus_top3_assumptions"", ""explicit_plus_shuffled_assumptions"", ""explicit_plus_wrong_episode_assumptions""]"
business:0003_-_The_Game_Chat_with_Ruth_and_Allen:9:10,business,0003_-_The_Game_Chat_with_Ruth_and_Allen,data_cleaned/conversation_moves_labeled/business/0003_-_The_Game_Chat_with_Ruth_and_Allen.json,business:0003_-_The_Game_Chat_with_Ruth_and_Allen:9,9,business:0003_-_The_Game_Chat_with_Ruth_and_Allen:10,10,Assert / Elaborate,60,60,4,3,5,3,True,[17],[18],25,True,c2f58fa3471b8c49ee6d64cf9b43c69387efa6cf61cd2c9cb8acdee3345d3230,,"[""raw_turn"", ""raw_turn_with_history"", ""raw_turn_plus_assumptions"", ""explicit_only"", ""explicit_plus_top3_assumptions"", ""explicit_plus_shuffled_assumptions"", ""explicit_plus_wrong_episode_assumptions""]"
business:0003_-_The_Game_Chat_with_Ruth_and_Allen:10:11,business,0003_-_The_Game_Chat_with_Ruth_and_Allen,data_cleaned/conversation_moves_labeled/business/0003_-_The_Game_Chat_with_Ruth_and_Allen.json,business:0003_-_The_Game_Chat_with_Ruth_and_Allen:10,10,business:0003_-_The_Game_Chat_with_Ruth_and_Allen:11,11,Assert / Elaborate,196,103,9,3,8,3,True,[18],[19],25,True,ebdc48b725bd16bc0bb425988a17f31b7d4d2f7c1a08880481ce9e0b3d86d098,,"[""raw_turn"", ""raw_turn_with_history"", ""raw_turn_plus_assumptions"", ""explicit_only"", ""explicit_plus_top3_assumptions"", ""explicit_plus_shuffled_assumptions"", ""explicit_plus_wrong_episode_assumptions""]"
business:0003_-_The_Game_Chat_with_Ruth_and_Allen:11:12,business,0003_-_The_Game_Chat_with_Ruth_and_Allen,data_cleaned/conversation_moves_labeled/business/0003_-_The_Game_Chat_with_Ruth_and_Allen.json,business:0003_-_The_Game_Chat_with_Ruth_and_Allen:11,11,business:0003_-_The_Game_Chat_with_Ruth_and_Allen:12,12,Assert / Elaborate,111,102,9,3,8,3,True,[19],[20],25,True,eabaef4970054f2406daf6a5ed83488be43a63841af155daae6e6ddc1bb708d6,,"[""raw_turn"", ""raw_turn_with_history"", ""raw_turn_plus_assumptions"", ""explicit_only"", ""explicit_plus_top3_assumptions"", ""explicit_plus_shuffled_assumptions"", ""explicit_plus_wrong_episode_assumptions""]"
business:0003_-_The_Game_Chat_with_Ruth_and_Allen:12:13,business,0003_-_The_Game_Chat_with_Ruth_and_Allen,data_cleaned/conversation_moves_labeled/business/0003_-_The_Game_Chat_with_Ruth_and_Allen.json,business:0003_-_The_Game_Chat_with_Ruth_and_Allen:12,12,business:0003_-_The_Game_Chat_with_Ruth_and_Allen:13,13,Assert / Elaborate,92,92,6,3,6,3,True,[20],[21],25,True,ba0a5edbeb55b5b3bddf5e2b83083bde78d5806d1cce372151915d7d2d8e82c6,,"[""raw_turn"", ""raw_turn_with_history"", ""raw_turn_plus_assumptions"", ""explicit_only"", ""explicit_plus_top3_assumptions"", ""explicit_plus_shuffled_assumptions"", ""explicit_plus_wrong_episode_assumptions""]"
business:0003_-_The_Game_Chat_with_Ruth_and_Allen:13:14,business,0003_-_The_Game_Chat_with_Ruth_and_Allen,data_cleaned/conversation_moves_labeled/business/0003_-_The_Game_Chat_with_Ruth_and_Allen.json,business:0003_-_The_Game_Chat_with_Ruth_and_Allen:13,13,business:0003_-_The_Game_Chat_with_Ruth_and_Allen:14,14,Assert / Elaborate,97,97,7,3,5,3,True,[21],[22],25,True,1e12f0050d449306ccd9d3470a44f3e7599b7751d6805140fb0eda93b5c1960a,,"[""raw_turn"", ""raw_turn_with_history"", ""raw_turn_plus_assumptions"", ""explicit_only"", ""explicit_plus_top3_assumptions"", ""explicit_plus_shuffled_assumptions"", ""explicit_plus_wrong_episode_assumptions""]"
business:0004__Bhang___Jamie_Pearson:0:1,business,0004__Bhang___Jamie_Pearson,data_cleaned/conversation_moves_labeled/business/0004__Bhang___Jamie_Pearson.json,business:0004__Bhang___Jamie_Pearson:0,0,business:0004__Bhang___Jamie_Pearson:1,1,Topic Shift,77,77,6,3,5,0,True,[0],[1],25,True,8c50b55cf533ebd8e8f12422e2c9a730d4480484d9a3ed5504aa90e2aa57c799,,"[""raw_turn"", ""raw_turn_with_history"", ""raw_turn_plus_assumptions"", ""explicit_only"", ""explicit_plus_top3_assumptions"", ""explicit_plus_shuffled_assumptions"", ""explicit_plus_wrong_episode_assumptions""]"
business:0004__Bhang___Jamie_Pearson:1:2,business,0004__Bhang___Jamie_Pearson,data_cleaned/conversation_moves_labeled/business/0004__Bhang___Jamie_Pearson.json,business:0004__Bhang___Jamie_Pearson:1,1,business:0004__Bhang___Jamie_Pearson:2,2,Assert / Elaborate,67,67,7,3,6,1,True,[1],[2],25,True,64bb01b9151550d6c30c33950518363a8e1a11950dfbfaeae48d060be8bbbfbe,,"[""raw_turn"", ""raw_turn_with_history"", ""raw_turn_plus_assumptions"", ""explicit_only"", ""explicit_plus_top3_assumptions"", ""explicit_plus_shuffled_assumptions"", ""explicit_plus_wrong_episode_assumptions""]"
business:0004__Bhang___Jamie_Pearson:5:6,business,0004__Bhang___Jamie_Pearson,data_cleaned/conversation_moves_labeled/business/0004__Bhang___Jamie_Pearson.json,business:0004__Bhang___Jamie_Pearson:5,5,business:0004__Bhang___Jamie_Pearson:6,6,Assert / Elaborate,87,87,5,3,4,3,True,[7],[8],25,True,8315d6429559970be287533f4d617b20ab58490f80316fe9c4dbd1fa2baa5f1c,,"[""raw_turn"", ""raw_turn_with_history"", ""raw_turn_plus_assumptions"", ""explicit_only"", ""explicit_plus_top3_assumptions"", ""explicit_plus_shuffled_assumptions"", ""explicit_plus_wrong_episode_assumptions""]"
business:0004__Bhang___Jamie_Pearson:7:8,business,0004__Bhang___Jamie_Pearson,data_cleaned/conversation_moves_labeled/business/0004__Bhang___Jamie_Pearson.json,business:0004__Bhang___Jamie_Pearson:7,7,business:0004__Bhang___Jamie_Pearson:8,8,Assert / Elaborate,124,105,10,3,10,3,True,[11],[12],25,True,20fda89d058e183b9ecfb5d8345a4e7a29c4a26df5f704d7e8d28ab3d5c1f602,,"[""raw_turn"", ""raw_turn_with_history"", ""raw_turn_plus_assumptions"", ""explicit_only"", ""explicit_plus_top3_assumptions"", ""explicit_plus_shuffled_assumptions"", ""explicit_plus_wrong_episode_assumptions""]"
business:0007__Talaria_Transportation___Ari_Raptis:5:6,business,0007__Talaria_Transportation___Ari_Raptis,data_cleaned/conversation_moves_labeled/business/0007__Talaria_Transportation___Ari_Raptis.json,business:0007__Talaria_Transportation___Ari_Raptis:5,5,business:0007__Talaria_Transportation___Ari_Raptis:6,6,Assert / Elaborate,61,61,5,3,5,3,True,[17],[18],25,True,2ab74ed15073a0a915314178c5b77aa7bf3e6d5e0f11ad32a6fa97ef907efb44,,"[""raw_turn"", ""raw_turn_with_history"", ""raw_turn_plus_assumptions"", ""explicit_only"", ""explicit_plus_top3_assumptions"", ""explicit_plus_shuffled_assumptions"", ""explicit_plus_wrong_episode_assumptions""]"
business:0007__Talaria_Transportation___Ari_Raptis:6:7,business,0007__Talaria_Transportation___Ari_Raptis,data_cleaned/conversation_moves_labeled/business/0007__Talaria_Transportation___Ari_Raptis.json,business:0007__Talaria_Transportation___Ari_Raptis:6,6,business:0007__Talaria_Transportation___Ari_Raptis:7,7,Agree / Align,212,104,10,3,10,3,True,[18],[19],25,True,34dfa26686da8f7e594ba8f52a9d9b4cad8b771044a9cd83a5976379915eb696,,"[""raw_turn"", ""raw_turn_with_history"", ""raw_turn_plus_assumptions"", ""explicit_only"", ""explicit_plus_top3_assumptions"", ""explicit_plus_shuffled_assumptions"", ""explicit_plus_wrong_episode_assumptions""]"
business:0008__Jay_Rush___Moose_Labs___MouthPeace:3:4,business,0008__Jay_Rush___Moose_Labs___MouthPeace,data_cleaned/conversation_moves_labeled/business/0008__Jay_Rush___Moose_Labs___MouthPeace.json,business:0008__Jay_Rush___Moose_Labs___MouthPeace:3,3,business:0008__Jay_Rush___Moose_Labs___MouthPeace:4,4,Assert / Elaborate,58,58,4,3,5,3,True,[21],[22],25,True,7de6dfa4227e555759f4730b92a5c4dbf93d246882f9977c595badaaccc5c62a,,"[""raw_turn"", ""raw_turn_with_history"", ""raw_turn_plus_assumptions"", ""explicit_only"", ""explicit_plus_top3_assumptions"", ""explicit_plus_shuffled_assumptions"", ""explicit_plus_wrong_episode_assumptions""]"
business:0008__Jay_Rush___Moose_Labs___MouthPeace:4:5,business,0008__Jay_Rush___Moose_Labs___MouthPeace,data_cleaned/conversation_moves_labeled/business/0008__Jay_Rush___Moose_Labs___MouthPeace.json,business:0008__Jay_Rush___Moose_Labs___MouthPeace:4,4,business:0008__Jay_Rush___Moose_Labs___MouthPeace:5,5,Assert / Elaborate,129,106,10,3,10,3,True,[22],[23],25,True,9bcdc2bfedf524517b99a174fc51703d7faf17a8c3d66d6a68b4373d10a28209,,"[""raw_turn"", ""raw_turn_with_history"", ""raw_turn_plus_assumptions"", ""explicit_only"", ""explicit_plus_top3_assumptions"", ""explicit_plus_shuffled_assumptions"", ""explicit_plus_wrong_episode_assumptions""]"
business:001._Magic_Dust:0:1,business,001._Magic_Dust,data_cleaned/conversation_moves_labeled/business/001._Magic_Dust.json,business:001._Magic_Dust:0,0,business:001._Magic_Dust:1,1,Assert / Elaborate,50,50,10,3,10,0,True,[0],[1],25,True,dd19814bfb6687207e13230b155314e0ce36ba403b22bfd42899c618a8b6c319,,"[""raw_turn"", ""raw_turn_with_history"", ""raw_turn_plus_assumptions"", ""explicit_only"", ""explicit_plus_top3_assumptions"", ""explicit_plus_shuffled_assumptions""]"
commentary:0014_-QUALITY_CONTENT_W__SIMON_LUCKHOFF:2:3,commentary,0014_-QUALITY_CONTENT_W__SIMON_LUCKHOFF,data_cleaned/conversation_moves_labeled/commentary/0014_-QUALITY_CONTENT_W__SIMON_LUCKHOFF.json,commentary:0014_-QUALITY_CONTENT_W__SIMON_LUCKHOFF:2,2,commentary:0014_-QUALITY_CONTENT_W__SIMON_LUCKHOFF:3,3,Assert / Elaborate,160,106,8,3,8,2,True,[10],[11],25,True,90f04bed1d469908e727bae003347c803bc00d1b6b0d50eb9742d7add504d1c2,,"[""raw_turn"", ""raw_turn_with_history"", ""raw_turn_plus_assumptions"", ""explicit_only"", ""explicit_plus_top3_assumptions"", ""explicit_plus_shuffled_assumptions"", ""explicit_plus_wrong_episode_assumptions""]"
commentary:0014_-QUALITY_CONTENT_W__SIMON_LUCKHOFF:6:7,commentary,0014_-QUALITY_CONTENT_W__SIMON_LUCKHOFF,data_cleaned/conversation_moves_labeled/commentary/0014_-QUALITY_CONTENT_W__SIMON_LUCKHOFF.json,commentary:0014_-QUALITY_CONTENT_W__SIMON_LUCKHOFF:6,6,commentary:0014_-QUALITY_CONTENT_W__SIMON_LUCKHOFF:7,7,Assert / Elaborate,237,105,6,3,5,3,True,[20],[21],25,True,c6dd7a5bdfe9fd3110c3fc84c590dc34dc8b935326f3aad67ca83a9a9a6b4890,,"[""raw_turn"", ""raw_turn_with_history"", ""raw_turn_plus_assumptions"", ""explicit_only"", ""explicit_plus_top3_assumptions"", ""explicit_plus_shuffled_assumptions"", ""explicit_plus_wrong_episode_assumptions""]"
commentary:0014_-QUALITY_CONTENT_W__SIMON_LUCKHOFF:7:8,commentary,0014_-QUALITY_CONTENT_W__SIMON_LUCKHOFF,data_cleaned/conversation_moves_labeled/commentary/0014_-QUALITY_CONTENT_W__SIMON_LUCKHOFF.json,commentary:0014_-QUALITY_CONTENT_W__SIMON_LUCKHOFF:7,7,commentary:0014_-QUALITY_CONTENT_W__SIMON_LUCKHOFF:8,8,Agree / Align,125,108,8,3,6,3,True,[21],[22],25,True,d23ef3dc9b13fc5ef913578235f8313f67237e6c059fec0b77a596498edc73cc,,"[""raw_turn"", ""raw_turn_with_history"", ""raw_turn_plus_assumptions"", ""explicit_only"", ""explicit_plus_top3_assumptions"", ""explicit_plus_shuffled_assumptions"", ""explicit_plus_wrong_episode_assumptions""]"
commentary:0014_-QUALITY_CONTENT_W__SIMON_LUCKHOFF:10:11,commentary,0014_-QUALITY_CONTENT_W__SIMON_LUCKHOFF,data_cleaned/conversation_moves_labeled/commentary/0014_-QUALITY_CONTENT_W__SIMON_LUCKHOFF.json,commentary:0014_-QUALITY_CONTENT_W__SIMON_LUCKHOFF:10,10,commentary:0014_-QUALITY_CONTENT_W__SIMON_LUCKHOFF:11,11,Assert / Elaborate,177,101,5,3,5,3,True,[30],[31],25,True,e9728e3eb029505918ac7565cac446a71ea4c7bd4b23ba5527ac6037d33011af,,"[""raw_turn"", ""raw_turn_with_history"", ""raw_turn_plus_assumptions"", ""explicit_only"", ""explicit_plus_top3_assumptions"", ""explicit_plus_shuffled_assumptions"", ""explicit_plus_wrong_episode_assumptions""]"
commentary:0014_-QUALITY_CONTENT_W__SIMON_LUCKHOFF:11:12,commentary,0014_-QUALITY_CONTENT_W__SIMON_LUCKHOFF,data_cleaned/conversation_moves_labeled/commentary/0014_-QUALITY_CONTENT_W__SIMON_LUCKHOFF.json,commentary:0014_-QUALITY_CONTENT_W__SIMON_LUCKHOFF:11,11,commentary:0014_-QUALITY_CONTENT_W__SIMON_LUCKHOFF:12,12,Clarification Request (Specific),237,105,10,3,10,3,True,[31],[32],25,True,bb84bbf2947cd5b6a251eebce6d75cd1d12737ab05af92bb38785b828e0d1e61,,"[""raw_turn"", ""raw_turn_with_history"", ""raw_turn_plus_assumptions"", ""explicit_only"", ""explicit_plus_top3_assumptions"", ""explicit_plus_shuffled_assumptions"", ""explicit_plus_wrong_episode_assumptions""]"
commentary:0014_-QUALITY_CONTENT_W__SIMON_LUCKHOFF:12:13,commentary,0014_-QUALITY_CONTENT_W__SIMON_LUCKHOFF,data_cleaned/conversation_moves_labeled/commentary/0014_-QUALITY_CONTENT_W__SIMON_LUCKHOFF.json,commentary:0014_-QUALITY_CONTENT_W__SIMON_LUCKHOFF:12,12,commentary:0014_-QUALITY_CONTENT_W__SIMON_LUCKHOFF:13,13,Assert / Elaborate,137,104,5,3,6,3,True,[32],[33],25,True,aed4dbf7f1519bc3169d7b68665e3f59df8fe2af72bc10e403b0fb12cba7a75e,,"[""raw_turn"", ""raw_turn_with_history"", ""raw_turn_plus_assumptions"", ""explicit_only"", ""explicit_plus_top3_assumptions"", ""explicit_plus_shuffled_assumptions"", ""explicit_plus_wrong_episode_assumptions""]"
commentary:0014_-QUALITY_CONTENT_W__SIMON_LUCKHOFF:18:19,commentary,0014_-QUALITY_CONTENT_W__SIMON_LUCKHOFF,data_cleaned/conversation_moves_labeled/commentary/0014_-QUALITY_CONTENT_W__SIMON_LUCKHOFF.json,commentary:0014_-QUALITY_CONTENT_W__SIMON_LUCKHOFF:18,18,commentary:0014_-QUALITY_CONTENT_W__SIMON_LUCKHOFF:19,19,Assert / Elaborate,52,52,7,3,5,3,True,[44],[45],25,True,9cdb59cfebccb226a5f803b88e8063898650341377a24fde64d3574392e9763a,,"[""raw_turn"", ""raw_turn_with_history"", ""raw_turn_plus_assumptions"", ""explicit_only"", ""explicit_plus_top3_assumptions"", ""explicit_plus_shuffled_assumptions"", ""explicit_plus_wrong_episode_assumptions""]"
commentary:0014_-QUALITY_CONTENT_W__SIMON_LUCKHOFF:19:20,commentary,0014_-QUALITY_CONTENT_W__SIMON_LUCKHOFF,data_cleaned/conversation_moves_labeled/commentary/0014_-QUALITY_CONTENT_W__SIMON_LUCKHOFF.json,commentary:0014_-QUALITY_CONTENT_W__SIMON_LUCKHOFF:19,19,commentary:0014_-QUALITY_CONTENT_W__SIMON_LUCKHOFF:20,20,Clarification Request (Specific),247,103,10,3,10,3,True,[45],[46],25,True,8d51177bd00850d7435548c03aa21a89f91cf88689b2ce5ac0ff8cf3298ae60b,,"[""raw_turn"", ""raw_turn_with_history"", ""raw_turn_plus_assumptions"", ""explicit_only"", ""explicit_plus_top3_assumptions"", ""explicit_plus_shuffled_assumptions"", ""explicit_plus_wrong_episode_assumptions""]"
commentary:0014_-QUALITY_CONTENT_W__SIMON_LUCKHOFF:20:21,commentary,0014_-QUALITY_CONTENT_W__SIMON_LUCKHOFF,data_cleaned/conversation_moves_labeled/commentary/0014_-QUALITY_CONTENT_W__SIMON_LUCKHOFF.json,commentary:0014_-QUALITY_CONTENT_W__SIMON_LUCKHOFF:20,20,commentary:0014_-QUALITY_CONTENT_W__SIMON_LUCKHOFF:21,21,Assert / Elaborate,85,85,8,3,7,3,True,[46],[47],25,True,144f2a02d8ee1c69921630b4d32d955d8b5a6247fa1dc1e3f8b793c577c70cf2,,"[""raw_turn"", ""raw_turn_with_history"", ""raw_turn_plus_assumptions"", ""explicit_only"", ""explicit_plus_top3_assumptions"", ""explicit_plus_shuffled_assumptions"", ""explicit_plus_wrong_episode_assumptions""]"
commentary:0014_-QUALITY_CONTENT_W__SIMON_LUCKHOFF:21:22,commentary,0014_-QUALITY_CONTENT_W__SIMON_LUCKHOFF,data_cleaned/conversation_moves_labeled/commentary/0014_-QUALITY_CONTENT_W__SIMON_LUCKHOFF.json,commentary:0014_-QUALITY_CONTENT_W__SIMON_LUCKHOFF:21,21,commentary:0014_-QUALITY_CONTENT_W__SIMON_LUCKHOFF:22,22,Assert / Elaborate,310,107,10,3,10,3,True,[47],[48],25,True,a365be633a0a1bafbfa2ece33cc440b6903cba6d10945983cc7887bd00bc0cf8,,"[""raw_turn"", ""raw_turn_with_history"", ""raw_turn_plus_assumptions"", ""explicit_only"", ""explicit_plus_top3_assumptions"", ""explicit_plus_shuffled_assumptions"", ""explicit_plus_wrong_episode_assumptions""]"
commentary:0014_-QUALITY_CONTENT_W__SIMON_LUCKHOFF:24:25,commentary,0014_-QUALITY_CONTENT_W__SIMON_LUCKHOFF,data_cleaned/conversation_moves_labeled/commentary/0014_-QUALITY_CONTENT_W__SIMON_LUCKHOFF.json,commentary:0014_-QUALITY_CONTENT_W__SIMON_LUCKHOFF:24,24,commentary:0014_-QUALITY_CONTENT_W__SIMON_LUCKHOFF:25,25,Answer,145,107,8,3,5,3,True,[50],[51],25,True,63e7adfc89ee75573ee361ad0e0eb46abaaf698a56870faf6ac2407a64c107f9,,"[""raw_turn"", ""raw_turn_with_history"", ""raw_turn_plus_assumptions"", ""explicit_only"", ""explicit_plus_top3_assumptions"", ""explicit_plus_shuffled_assumptions"", ""explicit_plus_wrong_episode_assumptions""]"
commentary:004_-__Dance_Floor_Anthem__I_Don_t_Wanna_Be_In_Love__x_Angela_Mastrogiacomo:1:2,commentary,004_-__Dance_Floor_Anthem__I_Don_t_Wanna_Be_In_Love__x_Angela_Mastrogiacomo,data_cleaned/conversation_moves_labeled/commentary/004_-__Dance_Floor_Anthem__I_Don_t_Wanna_Be_In_Love__x_Angela_Mastrogiacomo.json,commentary:004_-__Dance_Floor_Anthem__I_Don_t_Wanna_Be_In_Love__x_Angela_Mastrogiacomo:1,1,commentary:004_-__Dance_Floor_Anthem__I_Don_t_Wanna_Be_In_Love__x_Angela_Mastrogiacomo:2,2,Clarification Request (Specific),68,68,5,3,5,1,True,[3],[4],25,True,3d8c2227ceb9337024b59d66d135b39062f52d69435cd921b67f38c31767ac6f,,"[""raw_turn"", ""raw_turn_with_history"", ""raw_turn_plus_assumptions"", ""explicit_only"", ""explicit_plus_top3_assumptions"", ""explicit_plus_shuffled_assumptions"", ""explicit_plus_wrong_episode_assumptions""]"
commentary:004_-__Dance_Floor_Anthem__I_Don_t_Wanna_Be_In_Love__x_Angela_Mastrogiacomo:4:5,commentary,004_-__Dance_Floor_Anthem__I_Don_t_Wanna_Be_In_Love__x_Angela_Mastrogiacomo,data_cleaned/conversation_moves_labeled/commentary/004_-__Dance_Floor_Anthem__I_Don_t_Wanna_Be_In_Love__x_Angela_Mastrogiacomo.json,commentary:004_-__Dance_Floor_Anthem__I_Don_t_Wanna_Be_In_Love__x_Angela_Mastrogiacomo:4,4,commentary:004_-__Dance_Floor_Anthem__I_Don_t_Wanna_Be_In_Love__x_Angela_Mastrogiacomo:5,5,Agree / Align,151,100,7,3,7,3,True,[8],[9],25,True,54170b958c905db013e25cc5285e635a46e2867d33fc07bb30663d9555465a4d,,"[""raw_turn"", ""raw_turn_with_history"", ""raw_turn_plus_assumptions"", ""explicit_only"", ""explicit_plus_top3_assumptions"", ""explicit_plus_shuffled_assumptions"", ""explicit_plus_wrong_episode_assumptions""]"
commentary:004_-__Dance_Floor_Anthem__I_Don_t_Wanna_Be_In_Love__x_Angela_Mastrogiacomo:5:6,commentary,004_-__Dance_Floor_Anthem__I_Don_t_Wanna_Be_In_Love__x_Angela_Mastrogiacomo,data_cleaned/conversation_moves_labeled/commentary/004_-__Dance_Floor_Anthem__I_Don_t_Wanna_Be_In_Love__x_Angela_Mastrogiacomo.json,commentary:004_-__Dance_Floor_Anthem__I_Don_t_Wanna_Be_In_Love__x_Angela_Mastrogiacomo:5,5,commentary:004_-__Dance_Floor_Anthem__I_Don_t_Wanna_Be_In_Love__x_Angela_Mastrogiacomo:6,6,Assert / Elaborate,79,79,4,3,5,3,True,[9],[10],25,True,66060ca37c2c1bfcbde2a80a10e58c68f94516838dea0395d7ea6b63b408a34f,,"[""raw_turn"", ""raw_turn_with_history"", ""raw_turn_plus_assumptions"", ""explicit_only"", ""explicit_plus_top3_assumptions"", ""explicit_plus_shuffled_assumptions"", ""explicit_plus_wrong_episode_assumptions""]"
commentary:004_-__Dance_Floor_Anthem__I_Don_t_Wanna_Be_In_Love__x_Angela_Mastrogiacomo:6:7,commentary,004_-__Dance_Floor_Anthem__I_Don_t_Wanna_Be_In_Love__x_Angela_Mastrogiacomo,data_cleaned/conversation_moves_labeled/commentary/004_-__Dance_Floor_Anthem__I_Don_t_Wanna_Be_In_Love__x_Angela_Mastrogiacomo.json,commentary:004_-__Dance_Floor_Anthem__I_Don_t_Wanna_Be_In_Love__x_Angela_Mastrogiacomo:6,6,commentary:004_-__Dance_Floor_Anthem__I_Don_t_Wanna_Be_In_Love__x_Angela_Mastrogiacomo:7,7,Assert / Elaborate,138,107,6,3,6,3,True,[10],[11],25,True,3847d91518dca435283756fd98dc671c99878078caefcfd41139fec8d4754eb5,,"[""raw_turn"", ""raw_turn_with_history"", ""raw_turn_plus_assumptions"", ""explicit_only"", ""explicit_plus_top3_assumptions"", ""explicit_plus_shuffled_assumptions"", ""explicit_plus_wrong_episode_assumptions""]"
commentary:004_-__Dance_Floor_Anthem__I_Don_t_Wanna_Be_In_Love__x_Angela_Mastrogiacomo:7:8,commentary,004_-__Dance_Floor_Anthem__I_Don_t_Wanna_Be_In_Love__x_Angela_Mastrogiacomo,data_cleaned/conversation_moves_labeled/commentary/004_-__Dance_Floor_Anthem__I_Don_t_Wanna_Be_In_Love__x_Angela_Mastrogiacomo.json,commentary:004_-__Dance_Floor_Anthem__I_Don_t_Wanna_Be_In_Love__x_Angela_Mastrogiacomo:7,7,commentary:004_-__Dance_Floor_Anthem__I_Don_t_Wanna_Be_In_Love__x_Angela_Mastrogiacomo:8,8,Assert / Elaborate,83,83,4,3,4,3,True,[11],[12],25,True,32ec1d60f0d0dc1280fc23d9f80fde65d32ee083ce425bc651124e7be976ecc8,,"[""raw_turn"", ""raw_turn_with_history"", ""raw_turn_plus_assumptions"", ""explicit_only"", ""explicit_plus_top3_assumptions"", ""explicit_plus_shuffled_assumptions"", ""explicit_plus_wrong_episode_assumptions""]"
commentary:004_-__Dance_Floor_Anthem__I_Don_t_Wanna_Be_In_Love__x_Angela_Mastrogiacomo:17:18,commentary,004_-__Dance_Floor_Anthem__I_Don_t_Wanna_Be_In_Love__x_Angela_Mastrogiacomo,data_cleaned/conversation_moves_labeled/commentary/004_-__Dance_Floor_Anthem__I_Don_t_Wanna_Be_In_Love__x_Angela_Mastrogiacomo.json,commentary:004_-__Dance_Floor_Anthem__I_Don_t_Wanna_Be_In_Love__x_Angela_Mastrogiacomo:17,17,commentary:004_-__Dance_Floor_Anthem__I_Don_t_Wanna_Be_In_Love__x_Angela_Mastrogiacomo:18,18,Assert / Elaborate,126,108,7,3,6,3,True,[45],[46],25,True,c5756ade712640aa7bf6119b1ed03e61a38a7d4644e9f8d90e256a7dfb63a69e,,"[""raw_turn"", ""raw_turn_with_history"", ""raw_turn_plus_assumptions"", ""explicit_only"", ""explicit_plus_top3_assumptions"", ""explicit_plus_shuffled_assumptions"", ""explicit_plus_wrong_episode_assumptions""]"
commentary:004_-__Dance_Floor_Anthem__I_Don_t_Wanna_Be_In_Love__x_Angela_Mastrogiacomo:18:19,commentary,004_-__Dance_Floor_Anthem__I_Don_t_Wanna_Be_In_Love__x_Angela_Mastrogiacomo,data_cleaned/conversation_moves_labeled/commentary/004_-__Dance_Floor_Anthem__I_Don_t_Wanna_Be_In_Love__x_Angela_Mastrogiacomo.json,commentary:004_-__Dance_Floor_Anthem__I_Don_t_Wanna_Be_In_Love__x_Angela_Mastrogiacomo:18,18,commentary:004_-__Dance_Floor_Anthem__I_Don_t_Wanna_Be_In_Love__x_Angela_Mastrogiacomo:19,19,Agree / Align,354,101,10,3,10,3,True,[46],[47],25,True,9591fb23abfeb272f1f5ca5b69080e0ce213a5b9c52c5dc0411ea1ddf1545d12,,"[""raw_turn"", ""raw_turn_with_history"", ""raw_turn_plus_assumptions"", ""explicit_only"", ""explicit_plus_top3_assumptions"", ""explicit_plus_shuffled_assumptions"", ""explicit_plus_wrong_episode_assumptions""]"
commentary:004_-__Dance_Floor_Anthem__I_Don_t_Wanna_Be_In_Love__x_Angela_Mastrogiacomo:30:31,commentary,004_-__Dance_Floor_Anthem__I_Don_t_Wanna_Be_In_Love__x_Angela_Mastrogiacomo,data_cleaned/conversation_moves_labeled/commentary/004_-__Dance_Floor_Anthem__I_Don_t_Wanna_Be_In_Love__x_Angela_Mastrogiacomo.json,commentary:004_-__Dance_Floor_Anthem__I_Don_t_Wanna_Be_In_Love__x_Angela_Mastrogiacomo:30,30,commentary:004_-__Dance_Floor_Anthem__I_Don_t_Wanna_Be_In_Love__x_Angela_Mastrogiacomo:31,31,Assert / Elaborate,124,101,8,3,7,3,True,[96],[97],25,True,04e158c827e182f33f181d1e250befa6401c162f3aa54a4f3af26a8644789db9,,"[""raw_turn"", ""raw_turn_with_history"", ""raw_turn_plus_assumptions"", ""explicit_only"", ""explicit_plus_top3_assumptions"", ""explicit_plus_shuffled_assumptions"", ""explicit_plus_wrong_episode_assumptions""]"
commentary:004_-__Dance_Floor_Anthem__I_Don_t_Wanna_Be_In_Love__x_Angela_Mastrogiacomo:31:32,commentary,004_-__Dance_Floor_Anthem__I_Don_t_Wanna_Be_In_Love__x_Angela_Mastrogiacomo,data_cleaned/conversation_moves_labeled/commentary/004_-__Dance_Floor_Anthem__I_Don_t_Wanna_Be_In_Love__x_Angela_Mastrogiacomo.json,commentary:004_-__Dance_Floor_Anthem__I_Don_t_Wanna_Be_In_Love__x_Angela_Mastrogiacomo:31,31,commentary:004_-__Dance_Floor_Anthem__I_Don_t_Wanna_Be_In_Love__x_Angela_Mastrogiacomo:32,32,Assert / Elaborate,123,105,4,3,4,3,True,[97],[98],25,True,77c5adfe656e4b21771be554b977d0dd4360e7f18e2c8977956cc74f045899a6,,"[""raw_turn"", ""raw_turn_with_history"", ""raw_turn_plus_assumptions"", ""explicit_only"", ""explicit_plus_top3_assumptions"", ""explicit_plus_shuffled_assumptions"", ""explicit_plus_wrong_episode_assumptions""]"
commentary:004_-__Dance_Floor_Anthem__I_Don_t_Wanna_Be_In_Love__x_Angela_Mastrogiacomo:34:35,commentary,004_-__Dance_Floor_Anthem__I_Don_t_Wanna_Be_In_Love__x_Angela_Mastrogiacomo,data_cleaned/conversation_moves_labeled/commentary/004_-__Dance_Floor_Anthem__I_Don_t_Wanna_Be_In_Love__x_Angela_Mastrogiacomo.json,commentary:004_-__Dance_Floor_Anthem__I_Don_t_Wanna_Be_In_Love__x_Angela_Mastrogiacomo:34,34,commentary:004_-__Dance_Floor_Anthem__I_Don_t_Wanna_Be_In_Love__x_Angela_Mastrogiacomo:35,35,Assert / Elaborate,129,100,8,3,7,3,True,[104],[105],25,True,807928d9dd470507c270f14f79cff4b77469609474f35072d1422d66965dfed4,,"[""raw_turn"", ""raw_turn_with_history"", ""raw_turn_plus_assumptions"", ""explicit_only"", ""explicit_plus_top3_assumptions"", ""explicit_plus_shuffled_assumptions"", ""explicit_plus_wrong_episode_assumptions""]"
commentary:087__Charlie_Marie:0:1,commentary,087__Charlie_Marie,data_cleaned/conversation_moves_labeled/commentary/087__Charlie_Marie.json,commentary:087__Charlie_Marie:0,0,commentary:087__Charlie_Marie:1,1,Assert / Elaborate,776,100,7,3,7,0,True,[0],[1],25,True,23a2a869cebc8f5fb6c518ec6c28a38c06b8ffbed602cce95388dea64cccf183,,"[""raw_turn"", ""raw_turn_with_history"", ""raw_turn_plus_assumptions"", ""explicit_only"", ""explicit_plus_top3_assumptions"", ""explicit_plus_shuffled_assumptions"", ""explicit_plus_wrong_episode_assumptions""]"
commentary:087__Charlie_Marie:1:2,commentary,087__Charlie_Marie,data_cleaned/conversation_moves_labeled/commentary/087__Charlie_Marie.json,commentary:087__Charlie_Marie:1,1,commentary:087__Charlie_Marie:2,2,Clarification Request (Specific),517,106,10,3,10,1,True,[1],[2],25,True,58a1df9e625b999f2c9f56d6e1bdc3770551ad34a2079a59ea78c9338c503355,,"[""raw_turn"", ""raw_turn_with_history"", ""raw_turn_plus_assumptions"", ""explicit_only"", ""explicit_plus_top3_assumptions"", ""explicit_plus_shuffled_assumptions"", ""explicit_plus_wrong_episode_assumptions""]"
commentary:087__Charlie_Marie:4:5,commentary,087__Charlie_Marie,data_cleaned/conversation_moves_labeled/commentary/087__Charlie_Marie.json,commentary:087__Charlie_Marie:4,4,commentary:087__Charlie_Marie:5,5,Assert / Elaborate,77,77,5,3,5,3,True,[6],[7],25,True,97c72959933b6313f5c8c18ac989cbabb358cd9429ff34113ae93cfed35d38dd,,"[""raw_turn"", ""raw_turn_with_history"", ""raw_turn_plus_assumptions"", ""explicit_only"", ""explicit_plus_top3_assumptions"", ""explicit_plus_shuffled_assumptions"", ""explicit_plus_wrong_episode_assumptions""]"
commentary:087__Charlie_Marie:5:6,commentary,087__Charlie_Marie,data_cleaned/conversation_moves_labeled/commentary/087__Charlie_Marie.json,commentary:087__Charlie_Marie:5,5,commentary:087__Charlie_Marie:6,6,Clarification Request (Specific),58,58,5,3,5,3,True,[7],[8],25,True,64840c5da4212d3a20e5b6536576009ca4d44a9d3b18f5686c767bf70f762e59,,"[""raw_turn"", ""raw_turn_with_history"", ""raw_turn_plus_assumptions"", ""explicit_only"", ""explicit_plus_top3_assumptions"", ""explicit_plus_shuffled_assumptions"", ""explicit_plus_wrong_episode_assumptions""]"
commentary:087__Charlie_Marie:10:11,commentary,087__Charlie_Marie,data_cleaned/conversation_moves_labeled/commentary/087__Charlie_Marie.json,commentary:087__Charlie_Marie:10,10,commentary:087__Charlie_Marie:11,11,Assert / Elaborate,86,86,5,3,5,3,True,[16],[17],25,True,394f76804afeabba9e06d16bdfb76b8c68bb72461b9ec2788ecc0aa747d2ff11,,"[""raw_turn"", ""raw_turn_with_history"", ""raw_turn_plus_assumptions"", ""explicit_only"", ""explicit_plus_top3_assumptions"", ""explicit_plus_shuffled_assumptions"", ""explicit_plus_wrong_episode_assumptions""]"
commentary:087__Charlie_Marie:11:12,commentary,087__Charlie_Marie,data_cleaned/conversation_moves_labeled/commentary/087__Charlie_Marie.json,commentary:087__Charlie_Marie:11,11,commentary:087__Charlie_Marie:12,12,Clarification Request (Specific),90,90,6,3,5,3,True,[17],[18],25,True,84f401cef353746002116e6ea0538cb41b0ba37cbcbe0b3f513b3ce192afbcdd,,"[""raw_turn"", ""raw_turn_with_history"", ""raw_turn_plus_assumptions"", ""explicit_only"", ""explicit_plus_top3_assumptions"", ""explicit_plus_shuffled_assumptions"", ""explicit_plus_wrong_episode_assumptions""]"
commentary:087__Charlie_Marie:12:13,commentary,087__Charlie_Marie,data_cleaned/conversation_moves_labeled/commentary/087__Charlie_Marie.json,commentary:087__Charlie_Marie:12,12,commentary:087__Charlie_Marie:13,13,Assert / Elaborate,56,56,4,3,4,3,True,[18],[19],25,True,86e86fab86d70d7b18607a5ab92278eb29b917a6ed2bbc5ce716fa97f8a33746,,"[""raw_turn"", ""raw_turn_with_history"", ""raw_turn_plus_assumptions"", ""explicit_only"", ""explicit_plus_top3_assumptions"", ""explicit_plus_shuffled_assumptions"", ""explicit_plus_wrong_episode_assumptions""]"
commentary:087__Charlie_Marie:13:14,commentary,087__Charlie_Marie,data_cleaned/conversation_moves_labeled/commentary/087__Charlie_Marie.json,commentary:087__Charlie_Marie:13,13,commentary:087__Charlie_Marie:14,14,Agree / Align,461,104,10,3,10,3,True,[19],[20],25,True,f5c3ea8fad12662951347cc7d943ac912371c4cb03a3d1dab443a616e9d5092c,,"[""raw_turn"", ""raw_turn_with_history"", ""raw_turn_plus_assumptions"", ""explicit_only"", ""explicit_plus_top3_assumptions"", ""explicit_plus_shuffled_assumptions"", ""explicit_plus_wrong_episode_assumptions""]"
commentary:087__Charlie_Marie:14:15,commentary,087__Charlie_Marie,data_cleaned/conversation_moves_labeled/commentary/087__Charlie_Marie.json,commentary:087__Charlie_Marie:14,14,commentary:087__Charlie_Marie:15,15,Assert / Elaborate,151,109,5,3,5,3,True,[20],[21],25,True,2da2776ad78528db578f1e4574a4c89f0558d77c01ab25b3ecbdcd520762a369,,"[""raw_turn"", ""raw_turn_with_history"", ""raw_turn_plus_assumptions"", ""explicit_only"", ""explicit_plus_top3_assumptions"", ""explicit_plus_shuffled_assumptions"", ""explicit_plus_wrong_episode_assumptions""]"
commentary:087__Charlie_Marie:15:16,commentary,087__Charlie_Marie,data_cleaned/conversation_moves_labeled/commentary/087__Charlie_Marie.json,commentary:087__Charlie_Marie:15,15,commentary:087__Charlie_Marie:16,16,Assert / Elaborate,290,107,10,3,10,3,True,[21],[22],25,True,800b7a5c0e5b403beb732d16b9271f040b5b0e6c91bf497bbdfa56a65a3ae337,,"[""raw_turn"", ""raw_turn_with_history"", ""raw_turn_plus_assumptions"", ""explicit_only"", ""explicit_plus_top3_assumptions"", ""explicit_plus_shuffled_assumptions"", ""explicit_plus_wrong_episode_assumptions""]"
commentary:087__Charlie_Marie:16:17,commentary,087__Charlie_Marie,data_cleaned/conversation_moves_labeled/commentary/087__Charlie_Marie.json,commentary:087__Charlie_Marie:16,16,commentary:087__Charlie_Marie:17,17,Assert / Elaborate,51,51,4,3,5,3,True,[22],[23],25,True,2c3a7710824f22be2783babc3608defa336a8cbfd0cea1866e477980b9c24b41,,"[""raw_turn"", ""raw_turn_with_history"", ""raw_turn_plus_assumptions"", ""explicit_only"", ""explicit_plus_top3_assumptions"", ""explicit_plus_shuffled_assumptions"", ""explicit_plus_wrong_episode_assumptions""]"
commentary:087__Charlie_Marie:19:20,commentary,087__Charlie_Marie,data_cleaned/conversation_moves_labeled/commentary/087__Charlie_Marie.json,commentary:087__Charlie_Marie:19,19,commentary:087__Charlie_Marie:20,20,Assert / Elaborate,362,107,10,3,10,3,True,[27],[28],25,True,ef68b33369d1424fc09f1782566738fd512c18eabdf91b124a3e894accad2cf4,,"[""raw_turn"", ""raw_turn_with_history"", ""raw_turn_plus_assumptions"", ""explicit_only"", ""explicit_plus_top3_assumptions"", ""explicit_plus_shuffled_assumptions"", ""explicit_plus_wrong_episode_assumptions""]"
commentary:087__Charlie_Marie:20:21,commentary,087__Charlie_Marie,data_cleaned/conversation_moves_labeled/commentary/087__Charlie_Marie.json,commentary:087__Charlie_Marie:20,20,commentary:087__Charlie_Marie:21,21,Assert / Elaborate,95,95,6,3,4,3,True,[28],[29],25,True,b93eaca362a071c2da6ad9ed83d4f4016de87dd5ad8a9c22c81be221852eee6d,,"[""raw_turn"", ""raw_turn_with_history"", ""raw_turn_plus_assumptions"", ""explicit_only"", ""explicit_plus_top3_assumptions"", ""explicit_plus_shuffled_assumptions"", ""explicit_plus_wrong_episode_assumptions""]"
commentary:087__Charlie_Marie:23:24,commentary,087__Charlie_Marie,data_cleaned/conversation_moves_labeled/commentary/087__Charlie_Marie.json,commentary:087__Charlie_Marie:23,23,commentary:087__Charlie_Marie:24,24,Assert / Elaborate,376,112,10,3,10,3,True,[33],[34],25,True,fc03e82b841ae17accdeaffda5b073ea2af911f63a9f673c1ecf333d3f6919f5,,"[""raw_turn"", ""raw_turn_with_history"", ""raw_turn_plus_assumptions"", ""explicit_only"", ""explicit_plus_top3_assumptions"", ""explicit_plus_shuffled_assumptions"", ""explicit_plus_wrong_episode_assumptions""]"
commentary:087__Charlie_Marie:26:27,commentary,087__Charlie_Marie,data_cleaned/conversation_moves_labeled/commentary/087__Charlie_Marie.json,commentary:087__Charlie_Marie:26,26,commentary:087__Charlie_Marie:27,27,Assert / Elaborate,70,70,5,3,5,3,True,[42],[43],25,True,d9495ae3bb298c8e4aa3882fd3df3c94be32be2f5bd385be3a51f1e6bd196afa,,"[""raw_turn"", ""raw_turn_with_history"", ""raw_turn_plus_assumptions"", ""explicit_only"", ""explicit_plus_top3_assumptions"", ""explicit_plus_shuffled_assumptions"", ""explicit_plus_wrong_episode_assumptions""]"
commentary:087__Charlie_Marie:27:28,commentary,087__Charlie_Marie,data_cleaned/conversation_moves_labeled/commentary/087__Charlie_Marie.json,commentary:087__Charlie_Marie:27,27,commentary:087__Charlie_Marie:28,28,Agree / Align,223,106,10,3,10,3,True,[43],[44],25,True,9d4dca091a2c6a8678c96404165a8fd8653bb6bd98c628e715fc4cbcc68a516d,,"[""raw_turn"", ""raw_turn_with_history"", ""raw_turn_plus_assumptions"", ""explicit_only"", ""explicit_plus_top3_assumptions"", ""explicit_plus_shuffled_assumptions"", ""explicit_plus_wrong_episode_assumptions""]"
commentary:087__Charlie_Marie:28:29,commentary,087__Charlie_Marie,data_cleaned/conversation_moves_labeled/commentary/087__Charlie_Marie.json,commentary:087__Charlie_Marie:28,28,commentary:087__Charlie_Marie:29,29,Assert / Elaborate,84,84,7,3,5,3,True,[44],[45],25,True,a1241148483d061577d4f935de3a62b4c79a7ade0eca5d71a6240a4a1c5de5a4,,"[""raw_turn"", ""raw_turn_with_history"", ""raw_turn_plus_assumptions"", ""explicit_only"", ""explicit_plus_top3_assumptions"", ""explicit_plus_shuffled_assumptions"", ""explicit_plus_wrong_episode_assumptions""]"
commentary:087__Charlie_Marie:29:30,commentary,087__Charlie_Marie,data_cleaned/conversation_moves_labeled/commentary/087__Charlie_Marie.json,commentary:087__Charlie_Marie:29,29,commentary:087__Charlie_Marie:30,30,Assert / Elaborate,504,105,10,3,10,3,True,[45],[46],25,True,fb00626a71c2a2f95e389fe661859bd0ac41113b1c0bd4b002b4cbddb1b6488c,,"[""raw_turn"", ""raw_turn_with_history"", ""raw_turn_plus_assumptions"", ""explicit_only"", ""explicit_plus_top3_assumptions"", ""explicit_plus_shuffled_assumptions"", ""explicit_plus_wrong_episode_assumptions""]"
commentary:087__Charlie_Marie:30:31,commentary,087__Charlie_Marie,data_cleaned/conversation_moves_labeled/commentary/087__Charlie_Marie.json,commentary:087__Charlie_Marie:30,30,commentary:087__Charlie_Marie:31,31,Assert / Elaborate,105,105,5,3,5,3,True,[46],[47],25,True,f769170226aa9383ec1c5cdee2e142eb94816981c8682ac9944bd116eec171f7,,"[""raw_turn"", ""raw_turn_with_history"", ""raw_turn_plus_assumptions"", ""explicit_only"", ""explicit_plus_top3_assumptions"", ""explicit_plus_shuffled_assumptions"", ""explicit_plus_wrong_episode_assumptions""]"
commentary:087__Charlie_Marie:34:35,commentary,087__Charlie_Marie,data_cleaned/conversation_moves_labeled/commentary/087__Charlie_Marie.json,commentary:087__Charlie_Marie:34,34,commentary:087__Charlie_Marie:35,35,Assert / Elaborate,60,60,4,3,5,3,True,[58],[59],25,True,dd817cdbb1ee6a8db5a25dae5820d01f51823de26c2a6ae5745f19daa3957d20,,"[""raw_turn"", ""raw_turn_with_history"", ""raw_turn_plus_assumptions"", ""explicit_only"", ""explicit_plus_top3_assumptions"", ""explicit_plus_shuffled_assumptions"", ""explicit_plus_wrong_episode_assumptions""]"
commentary:087__Charlie_Marie:35:36,commentary,087__Charlie_Marie,data_cleaned/conversation_moves_labeled/commentary/087__Charlie_Marie.json,commentary:087__Charlie_Marie:35,35,commentary:087__Charlie_Marie:36,36,Assert / Elaborate,465,108,10,3,10,3,True,[59],[60],25,True,6e24f9662051a97af1717b74cefc1f732a3fe1f0a6856e4472143907aa4a3dc3,,"[""raw_turn"", ""raw_turn_with_history"", ""raw_turn_plus_assumptions"", ""explicit_only"", ""explicit_plus_top3_assumptions"", ""explicit_plus_shuffled_assumptions"", ""explicit_plus_wrong_episode_assumptions""]"
commentary:087__Charlie_Marie:36:37,commentary,087__Charlie_Marie,data_cleaned/conversation_moves_labeled/commentary/087__Charlie_Marie.json,commentary:087__Charlie_Marie:36,36,commentary:087__Charlie_Marie:37,37,Assert / Elaborate,288,106,8,3,7,3,True,[60],[61],25,True,3a734d690bfb3a5a4a8e7e6f82aa9fae18d6a712278e2d21e0ee3dbbbf825984,,"[""raw_turn"", ""raw_turn_with_history"", ""raw_turn_plus_assumptions"", ""explicit_only"", ""explicit_plus_top3_assumptions"", ""explicit_plus_shuffled_assumptions"", ""explicit_plus_wrong_episode_assumptions""]"
commentary:087__Charlie_Marie:37:38,commentary,087__Charlie_Marie,data_cleaned/conversation_moves_labeled/commentary/087__Charlie_Marie.json,commentary:087__Charlie_Marie:37,37,commentary:087__Charlie_Marie:38,38,Assert / Elaborate,183,110,5,3,6,3,True,[61],[62],25,True,b17c06b3d46d8b081f1184c316db4f53ffc6bba5f8ad595d4d752d5becd1d580,,"[""raw_turn"", ""raw_turn_with_history"", ""raw_turn_plus_assumptions"", ""explicit_only"", ""explicit_plus_top3_assumptions"", ""explicit_plus_shuffled_assumptions"", ""explicit_plus_wrong_episode_assumptions""]"
commentary:087__Charlie_Marie:39:40,commentary,087__Charlie_Marie,data_cleaned/conversation_moves_labeled/commentary/087__Charlie_Marie.json,commentary:087__Charlie_Marie:39,39,commentary:087__Charlie_Marie:40,40,Assert / Elaborate,153,109,10,3,10,3,True,[65],[66],25,True,240f1dcb5464dee651580706e538c037dd9750703a112e6c0ceff16c86b465dc,,"[""raw_turn"", ""raw_turn_with_history"", ""raw_turn_plus_assumptions"", ""explicit_only"", ""explicit_plus_top3_assumptions"", ""explicit_plus_shuffled_assumptions"", ""explicit_plus_wrong_episode_assumptions""]"
commentary:087__Charlie_Marie:41:42,commentary,087__Charlie_Marie,data_cleaned/conversation_moves_labeled/commentary/087__Charlie_Marie.json,commentary:087__Charlie_Marie:41,41,commentary:087__Charlie_Marie:42,42,Assert / Elaborate,197,108,10,3,10,3,True,[69],[70],25,True,fa4bab29a0f533e2091f8f3628170150b6942d27b750e56daf4a39bb49fc4502,,"[""raw_turn"", ""raw_turn_with_history"", ""raw_turn_plus_assumptions"", ""explicit_only"", ""explicit_plus_top3_assumptions"", ""explicit_plus_shuffled_assumptions"", ""explicit_plus_wrong_episode_assumptions""]"
commentary:087__Charlie_Marie:42:43,commentary,087__Charlie_Marie,data_cleaned/conversation_moves_labeled/commentary/087__Charlie_Marie.json,commentary:087__Charlie_Marie:42,42,commentary:087__Charlie_Marie:43,43,Agree / Align,132,104,5,3,5,3,True,[70],[71],25,True,bcdfc1c5a45a64051d5601319e4500734877530d1f48448e8418788873b54aec,,"[""raw_turn"", ""raw_turn_with_history"", ""raw_turn_plus_assumptions"", ""explicit_only"", ""explicit_plus_top3_assumptions"", ""explicit_plus_shuffled_assumptions"", ""explicit_plus_wrong_episode_assumptions""]"
commentary:087__Charlie_Marie:45:46,commentary,087__Charlie_Marie,data_cleaned/conversation_moves_labeled/commentary/087__Charlie_Marie.json,commentary:087__Charlie_Marie:45,45,commentary:087__Charlie_Marie:46,46,Agree / Align,286,105,8,3,8,3,True,[75],[76],25,True,eb107e37c7688219f1b60203493b2d80897c95f850f351699372ee15ad71fffc,,"[""raw_turn"", ""raw_turn_with_history"", ""raw_turn_plus_assumptions"", ""explicit_only"", ""explicit_plus_top3_assumptions"", ""explicit_plus_shuffled_assumptions"", ""explicit_plus_wrong_episode_assumptions""]"
commentary:087__Charlie_Marie:46:47,commentary,087__Charlie_Marie,data_cleaned/conversation_moves_labeled/commentary/087__Charlie_Marie.json,commentary:087__Charlie_Marie:46,46,commentary:087__Charlie_Marie:47,47,Assert / Elaborate,50,50,3,3,4,3,True,[76],[77],25,True,24f1bac04c9c30ff5726bd50fda0b41809228ec0f92092a6eee4c74ec4fbeb5e,,"[""raw_turn"", ""raw_turn_with_history"", ""raw_turn_plus_assumptions"", ""explicit_only"", ""explicit_plus_top3_assumptions"", ""explicit_plus_shuffled_assumptions"", ""explicit_plus_wrong_episode_assumptions""]"
commentary:099__Daniel_Fluitt_of_Thrift_Store_Cowboys:2:3,commentary,099__Daniel_Fluitt_of_Thrift_Store_Cowboys,data_cleaned/conversation_moves_labeled/commentary/099__Daniel_Fluitt_of_Thrift_Store_Cowboys.json,commentary:099__Daniel_Fluitt_of_Thrift_Store_Cowboys:2,2,commentary:099__Daniel_Fluitt_of_Thrift_Store_Cowboys:3,3,Assert / Elaborate,135,108,7,3,6,2,True,[4],[5],25,True,c333da4c08b8d12509db0da221cb06535192140ef7709885f5fe1a15720b3e99,,"[""raw_turn"", ""raw_turn_with_history"", ""raw_turn_plus_assumptions"", ""explicit_only"", ""explicit_plus_top3_assumptions"", ""explicit_plus_shuffled_assumptions"", ""explicit_plus_wrong_episode_assumptions""]"
commentary:099__Daniel_Fluitt_of_Thrift_Store_Cowboys:3:4,commentary,099__Daniel_Fluitt_of_Thrift_Store_Cowboys,data_cleaned/conversation_moves_labeled/commentary/099__Daniel_Fluitt_of_Thrift_Store_Cowboys.json,commentary:099__Daniel_Fluitt_of_Thrift_Store_Cowboys:3,3,commentary:099__Daniel_Fluitt_of_Thrift_Store_Cowboys:4,4,Topic Shift,117,104,5,3,5,3,True,[5],[6],25,True,b9c9c0c75d11ab3f6e90a452566fd584d6e1b739ac7300b4408fe60de44d7ef5,,"[""raw_turn"", ""raw_turn_with_history"", ""raw_turn_plus_assumptions"", ""explicit_only"", ""explicit_plus_top3_assumptions"", ""explicit_plus_shuffled_assumptions"", ""explicit_plus_wrong_episode_assumptions""]"
commentary:099__Daniel_Fluitt_of_Thrift_Store_Cowboys:6:7,commentary,099__Daniel_Fluitt_of_Thrift_Store_Cowboys,data_cleaned/conversation_moves_labeled/commentary/099__Daniel_Fluitt_of_Thrift_Store_Cowboys.json,commentary:099__Daniel_Fluitt_of_Thrift_Store_Cowboys:6,6,commentary:099__Daniel_Fluitt_of_Thrift_Store_Cowboys:7,7,Assert / Elaborate,66,66,7,3,5,3,True,[10],[11],25,True,f0d20a9dcfb56a008f250da915b769ea3c836127c9332fb333ea4f80d34c6318,,"[""raw_turn"", ""raw_turn_with_history"", ""raw_turn_plus_assumptions"", ""explicit_only"", ""explicit_plus_top3_assumptions"", ""explicit_plus_shuffled_assumptions"", ""explicit_plus_wrong_episode_assumptions""]"
commentary:099__Daniel_Fluitt_of_Thrift_Store_Cowboys:9:10,commentary,099__Daniel_Fluitt_of_Thrift_Store_Cowboys,data_cleaned/conversation_moves_labeled/commentary/099__Daniel_Fluitt_of_Thrift_Store_Cowboys.json,commentary:099__Daniel_Fluitt_of_Thrift_Store_Cowboys:9,9,commentary:099__Daniel_Fluitt_of_Thrift_Store_Cowboys:10,10,Assert / Elaborate,78,78,5,3,5,3,True,[13],[14],25,True,21a95c5d0fb8c895c26cc0f2758129ffb92de8f3699e2f490c7f6518313d0758,,"[""raw_turn"", ""raw_turn_with_history"", ""raw_turn_plus_assumptions"", ""explicit_only"", ""explicit_plus_top3_assumptions"", ""explicit_plus_shuffled_assumptions"", ""explicit_plus_wrong_episode_assumptions""]"
commentary:099__Daniel_Fluitt_of_Thrift_Store_Cowboys:10:11,commentary,099__Daniel_Fluitt_of_Thrift_Store_Cowboys,data_cleaned/conversation_moves_labeled/commentary/099__Daniel_Fluitt_of_Thrift_Store_Cowboys.json,commentary:099__Daniel_Fluitt_of_Thrift_Store_Cowboys:10,10,commentary:099__Daniel_Fluitt_of_Thrift_Store_Cowboys:11,11,Agree / Align,112,102,8,3,5,3,True,[14],[15],25,True,09d75aec93d6ec5149b39211514e7f0b70ff65ae6ab64aaa4b5fa966c4a12835,,"[""raw_turn"", ""raw_turn_with_history"", ""raw_turn_plus_assumptions"", ""explicit_only"", ""explicit_plus_top3_assumptions"", ""explicit_plus_shuffled_assumptions"", ""explicit_plus_wrong_episode_assumptions""]"
commentary:099__Daniel_Fluitt_of_Thrift_Store_Cowboys:11:12,commentary,099__Daniel_Fluitt_of_Thrift_Store_Cowboys,data_cleaned/conversation_moves_labeled/commentary/099__Daniel_Fluitt_of_Thrift_Store_Cowboys.json,commentary:099__Daniel_Fluitt_of_Thrift_Store_Cowboys:11,11,commentary:099__Daniel_Fluitt_of_Thrift_Store_Cowboys:12,12,Assert / Elaborate,83,83,7,3,7,3,True,[15],[16],25,True,e32abfaf12d23b7f8d5c1495922afd1edfa44d68997f06fdcf5a3db2b493b2c3,,"[""raw_turn"", ""raw_turn_with_history"", ""raw_turn_plus_assumptions"", ""explicit_only"", ""explicit_plus_top3_assumptions"", ""explicit_plus_shuffled_assumptions"", ""explicit_plus_wrong_episode_assumptions""]"
commentary:099__Daniel_Fluitt_of_Thrift_Store_Cowboys:14:15,commentary,099__Daniel_Fluitt_of_Thrift_Store_Cowboys,data_cleaned/conversation_moves_labeled/commentary/099__Daniel_Fluitt_of_Thrift_Store_Cowboys.json,commentary:099__Daniel_Fluitt_of_Thrift_Store_Cowboys:14,14,commentary:099__Daniel_Fluitt_of_Thrift_Store_Cowboys:15,15,Assert / Elaborate,62,62,4,3,5,3,True,[20],[21],25,True,f0370f092960e8ae0554dea751f07114afd67066f0da459313d0aa053481d602,,"[""raw_turn"", ""raw_turn_with_history"", ""raw_turn_plus_assumptions"", ""explicit_only"", ""explicit_plus_top3_assumptions"", ""explicit_plus_shuffled_assumptions"", ""explicit_plus_wrong_episode_assumptions""]"
commentary:099__Daniel_Fluitt_of_Thrift_Store_Cowboys:15:16,commentary,099__Daniel_Fluitt_of_Thrift_Store_Cowboys,data_cleaned/conversation_moves_labeled/commentary/099__Daniel_Fluitt_of_Thrift_Store_Cowboys.json,commentary:099__Daniel_Fluitt_of_Thrift_Store_Cowboys:15,15,commentary:099__Daniel_Fluitt_of_Thrift_Store_Cowboys:16,16,Assert / Elaborate,81,81,4,3,5,3,True,[21],[22],25,True,2dec9e272f48aba660173ef3e20d1264dcfa8b379d53d5a505300380c65bc906,,"[""raw_turn"", ""raw_turn_with_history"", ""raw_turn_plus_assumptions"", ""explicit_only"", ""explicit_plus_top3_assumptions"", ""explicit_plus_shuffled_assumptions"", ""explicit_plus_wrong_episode_assumptions""]"
commentary:099__Daniel_Fluitt_of_Thrift_Store_Cowboys:20:21,commentary,099__Daniel_Fluitt_of_Thrift_Store_Cowboys,data_cleaned/conversation_moves_labeled/commentary/099__Daniel_Fluitt_of_Thrift_Store_Cowboys.json,commentary:099__Daniel_Fluitt_of_Thrift_Store_Cowboys:20,20,commentary:099__Daniel_Fluitt_of_Thrift_Store_Cowboys:21,21,Agree / Align,174,102,8,3,7,3,True,[34],[35],25,True,1ea59e75e6b97bc9febbcbbdbd527059ade00f740812935c0abb700507d3b721,,"[""raw_turn"", ""raw_turn_with_history"", ""raw_turn_plus_assumptions"", ""explicit_only"", ""explicit_plus_top3_assumptions"", ""explicit_plus_shuffled_assumptions"", ""explicit_plus_wrong_episode_assumptions""]"
commentary:099__Daniel_Fluitt_of_Thrift_Store_Cowboys:21:22,commentary,099__Daniel_Fluitt_of_Thrift_Store_Cowboys,data_cleaned/conversation_moves_labeled/commentary/099__Daniel_Fluitt_of_Thrift_Store_Cowboys.json,commentary:099__Daniel_Fluitt_of_Thrift_Store_Cowboys:21,21,commentary:099__Daniel_Fluitt_of_Thrift_Store_Cowboys:22,22,Clarification Request (Specific),197,105,8,3,5,3,True,[35],[36],25,True,51d100a575e39372f943de97746fdbadaf6b399d702841d3c025b91586b50e51,,"[""raw_turn"", ""raw_turn_with_history"", ""raw_turn_plus_assumptions"", ""explicit_only"", ""explicit_plus_top3_assumptions"", ""explicit_plus_shuffled_assumptions"", ""explicit_plus_wrong_episode_assumptions""]"
commentary:099__Daniel_Fluitt_of_Thrift_Store_Cowboys:29:30,commentary,099__Daniel_Fluitt_of_Thrift_Store_Cowboys,data_cleaned/conversation_moves_labeled/commentary/099__Daniel_Fluitt_of_Thrift_Store_Cowboys.json,commentary:099__Daniel_Fluitt_of_Thrift_Store_Cowboys:29,29,commentary:099__Daniel_Fluitt_of_Thrift_Store_Cowboys:30,30,Assert / Elaborate,764,104,10,3,10,3,True,[61],[62],25,True,2c194c44b9119bd3ab930ea7b70f4aabb9bae400678ff9a1df4cd2dee9e61b4f,,"[""raw_turn"", ""raw_turn_with_history"", ""raw_turn_plus_assumptions"", ""explicit_only"", ""explicit_plus_top3_assumptions"", ""explicit_plus_shuffled_assumptions"", ""explicit_plus_wrong_episode_assumptions""]"
commentary:099__Daniel_Fluitt_of_Thrift_Store_Cowboys:32:33,commentary,099__Daniel_Fluitt_of_Thrift_Store_Cowboys,data_cleaned/conversation_moves_labeled/commentary/099__Daniel_Fluitt_of_Thrift_Store_Cowboys.json,commentary:099__Daniel_Fluitt_of_Thrift_Store_Cowboys:32,32,commentary:099__Daniel_Fluitt_of_Thrift_Store_Cowboys:33,33,Assert / Elaborate,127,101,5,3,5,3,True,[66],[67],25,True,f3564e5e68911374f473c610668d44662f50ea9eb208eb601afad97dac120bf6,,"[""raw_turn"", ""raw_turn_with_history"", ""raw_turn_plus_assumptions"", ""explicit_only"", ""explicit_plus_top3_assumptions"", ""explicit_plus_shuffled_assumptions"", ""explicit_plus_wrong_episode_assumptions""]"
commentary:099__Daniel_Fluitt_of_Thrift_Store_Cowboys:33:34,commentary,099__Daniel_Fluitt_of_Thrift_Store_Cowboys,data_cleaned/conversation_moves_labeled/commentary/099__Daniel_Fluitt_of_Thrift_Store_Cowboys.json,commentary:099__Daniel_Fluitt_of_Thrift_Store_Cowboys:33,33,commentary:099__Daniel_Fluitt_of_Thrift_Store_Cowboys:34,34,Assert / Elaborate,139,102,10,3,10,3,True,[67],[68],25,True,bcd96ba0d80d91b5eb78db55d17f8fb283fa5b52df5955ce2e747895a5446e0c,,"[""raw_turn"", ""raw_turn_with_history"", ""raw_turn_plus_assumptions"", ""explicit_only"", ""explicit_plus_top3_assumptions"", ""explicit_plus_shuffled_assumptions"", ""explicit_plus_wrong_episode_assumptions""]"
commentary:099__Daniel_Fluitt_of_Thrift_Store_Cowboys:35:36,commentary,099__Daniel_Fluitt_of_Thrift_Store_Cowboys,data_cleaned/conversation_moves_labeled/commentary/099__Daniel_Fluitt_of_Thrift_Store_Cowboys.json,commentary:099__Daniel_Fluitt_of_Thrift_Store_Cowboys:35,35,commentary:099__Daniel_Fluitt_of_Thrift_Store_Cowboys:36,36,Assert / Elaborate,100,100,5,3,5,3,True,[71],[72],25,True,94a25868df50a44fe236749b33a99615820e8489f68bad363dd4c4e50364e66e,,"[""raw_turn"", ""raw_turn_with_history"", ""raw_turn_plus_assumptions"", ""explicit_only"", ""explicit_plus_top3_assumptions"", ""explicit_plus_shuffled_assumptions"", ""explicit_plus_wrong_episode_assumptions""]"
commentary:099__Daniel_Fluitt_of_Thrift_Store_Cowboys:40:41,commentary,099__Daniel_Fluitt_of_Thrift_Store_Cowboys,data_cleaned/conversation_moves_labeled/commentary/099__Daniel_Fluitt_of_Thrift_Store_Cowboys.json,commentary:099__Daniel_Fluitt_of_Thrift_Store_Cowboys:40,40,commentary:099__Daniel_Fluitt_of_Thrift_Store_Cowboys:41,41,Agree / Align,100,100,7,3,7,3,True,[84],[85],25,True,0ab390f55200fd68d6a9cd809c232912b9d70495ab6db6213beab8aa04f70bec,,"[""raw_turn"", ""raw_turn_with_history"", ""raw_turn_plus_assumptions"", ""explicit_only"", ""explicit_plus_top3_assumptions"", ""explicit_plus_shuffled_assumptions"", ""explicit_plus_wrong_episode_assumptions""]"
commentary:099__Daniel_Fluitt_of_Thrift_Store_Cowboys:41:42,commentary,099__Daniel_Fluitt_of_Thrift_Store_Cowboys,data_cleaned/conversation_moves_labeled/commentary/099__Daniel_Fluitt_of_Thrift_Store_Cowboys.json,commentary:099__Daniel_Fluitt_of_Thrift_Store_Cowboys:41,41,commentary:099__Daniel_Fluitt_of_Thrift_Store_Cowboys:42,42,Assert / Elaborate,542,105,10,3,10,3,True,[85],[86],25,True,14db353bba5b82c3b10611af46a1a48c4ae29981f6c39a8a4b0b1f940e79ca3d,,"[""raw_turn"", ""raw_turn_with_history"", ""raw_turn_plus_assumptions"", ""explicit_only"", ""explicit_plus_top3_assumptions"", ""explicit_plus_shuffled_assumptions"", ""explicit_plus_wrong_episode_assumptions""]"
commentary:099__Daniel_Fluitt_of_Thrift_Store_Cowboys:42:43,commentary,099__Daniel_Fluitt_of_Thrift_Store_Cowboys,data_cleaned/conversation_moves_labeled/commentary/099__Daniel_Fluitt_of_Thrift_Store_Cowboys.json,commentary:099__Daniel_Fluitt_of_Thrift_Store_Cowboys:42,42,commentary:099__Daniel_Fluitt_of_Thrift_Store_Cowboys:43,43,Assert / Elaborate,53,53,4,3,5,3,True,[86],[87],25,True,d8d5ca8c7ef4b80e9707dca6643795d6992355da344fad754d18f3ebd37d484e,,"[""raw_turn"", ""raw_turn_with_history"", ""raw_turn_plus_assumptions"", ""explicit_only"", ""explicit_plus_top3_assumptions"", ""explicit_plus_shuffled_assumptions"", ""explicit_plus_wrong_episode_assumptions""]"
commentary:099__Daniel_Fluitt_of_Thrift_Store_Cowboys:44:45,commentary,099__Daniel_Fluitt_of_Thrift_Store_Cowboys,data_cleaned/conversation_moves_labeled/commentary/099__Daniel_Fluitt_of_Thrift_Store_Cowboys.json,commentary:099__Daniel_Fluitt_of_Thrift_Store_Cowboys:44,44,commentary:099__Daniel_Fluitt_of_Thrift_Store_Cowboys:45,45,Assert / Elaborate,122,107,5,3,5,3,True,[90],[91],25,True,436ead2b05f044b857d0ab17158cbccdb18b4dc3d249b23db17abc49108e4cc3,,"[""raw_turn"", ""raw_turn_with_history"", ""raw_turn_plus_assumptions"", ""explicit_only"", ""explicit_plus_top3_assumptions"", ""explicit_plus_shuffled_assumptions"", ""explicit_plus_wrong_episode_assumptions""]"
commentary:099__Daniel_Fluitt_of_Thrift_Store_Cowboys:45:46,commentary,099__Daniel_Fluitt_of_Thrift_Store_Cowboys,data_cleaned/conversation_moves_labeled/commentary/099__Daniel_Fluitt_of_Thrift_Store_Cowboys.json,commentary:099__Daniel_Fluitt_of_Thrift_Store_Cowboys:45,45,commentary:099__Daniel_Fluitt_of_Thrift_Store_Cowboys:46,46,Assert / Elaborate,323,105,10,3,10,3,True,[91],[92],25,True,21fa24ca1ca502fa8bd9e0a1527d7a81c164f293515a272e746232b32d2dde7f,,"[""raw_turn"", ""raw_turn_with_history"", ""raw_turn_plus_assumptions"", ""explicit_only"", ""explicit_plus_top3_assumptions"", ""explicit_plus_shuffled_assumptions"", ""explicit_plus_wrong_episode_assumptions""]"
commentary:099__Daniel_Fluitt_of_Thrift_Store_Cowboys:46:47,commentary,099__Daniel_Fluitt_of_Thrift_Store_Cowboys,data_cleaned/conversation_moves_labeled/commentary/099__Daniel_Fluitt_of_Thrift_Store_Cowboys.json,commentary:099__Daniel_Fluitt_of_Thrift_Store_Cowboys:46,46,commentary:099__Daniel_Fluitt_of_Thrift_Store_Cowboys:47,47,Assert / Elaborate,109,101,5,3,5,3,True,[92],[93],25,True,9b9aef5b45b131e799e4d79ff286a64f5e8a29c57b6741402b58529f22c3b337,,"[""raw_turn"", ""raw_turn_with_history"", ""raw_turn_plus_assumptions"", ""explicit_only"", ""explicit_plus_top3_assumptions"", ""explicit_plus_shuffled_assumptions"", ""explicit_plus_wrong_episode_assumptions""]"
commentary:099__Daniel_Fluitt_of_Thrift_Store_Cowboys:47:48,commentary,099__Daniel_Fluitt_of_Thrift_Store_Cowboys,data_cleaned/conversation_moves_labeled/commentary/099__Daniel_Fluitt_of_Thrift_Store_Cowboys.json,commentary:099__Daniel_Fluitt_of_Thrift_Store_Cowboys:47,47,commentary:099__Daniel_Fluitt_of_Thrift_Store_Cowboys:48,48,Assert / Elaborate,405,109,10,3,9,3,True,[93],[94],25,True,daeb162d3f12536e4f27d46d13a195e8befc9e4ccfaefc9549e9af17729ad26e,,"[""raw_turn"", ""raw_turn_with_history"", ""raw_turn_plus_assumptions"", ""explicit_only"", ""explicit_plus_top3_assumptions"", ""explicit_plus_shuffled_assumptions"", ""explicit_plus_wrong_episode_assumptions""]"
commentary:099__Daniel_Fluitt_of_Thrift_Store_Cowboys:48:49,commentary,099__Daniel_Fluitt_of_Thrift_Store_Cowboys,data_cleaned/conversation_moves_labeled/commentary/099__Daniel_Fluitt_of_Thrift_Store_Cowboys.json,commentary:099__Daniel_Fluitt_of_Thrift_Store_Cowboys:48,48,commentary:099__Daniel_Fluitt_of_Thrift_Store_Cowboys:49,49,Assert / Elaborate,83,83,7,3,6,3,True,[94],[95],25,True,e0b7f26bfd5174b3faae9c2085d781e656defd5c9a4f0a6407df3f04f0d62b26,,"[""raw_turn"", ""raw_turn_with_history"", ""raw_turn_plus_assumptions"", ""explicit_only"", ""explicit_plus_top3_assumptions"", ""explicit_plus_shuffled_assumptions"", ""explicit_plus_wrong_episode_assumptions""]"
commentary:099__Daniel_Fluitt_of_Thrift_Store_Cowboys:49:50,commentary,099__Daniel_Fluitt_of_Thrift_Store_Cowboys,data_cleaned/conversation_moves_labeled/commentary/099__Daniel_Fluitt_of_Thrift_Store_Cowboys.json,commentary:099__Daniel_Fluitt_of_Thrift_Store_Cowboys:49,49,commentary:099__Daniel_Fluitt_of_Thrift_Store_Cowboys:50,50,Clarification Request (Specific),367,106,8,3,7,3,True,[95],[96],25,True,eb4fcf2d956a73518fd761ca58420acc88a76bfd7843437d891ea4d877b570ca,,"[""raw_turn"", ""raw_turn_with_history"", ""raw_turn_plus_assumptions"", ""explicit_only"", ""explicit_plus_top3_assumptions"", ""explicit_plus_shuffled_assumptions"", ""explicit_plus_wrong_episode_assumptions""]"
commentary:099__Daniel_Fluitt_of_Thrift_Store_Cowboys:50:51,commentary,099__Daniel_Fluitt_of_Thrift_Store_Cowboys,data_cleaned/conversation_moves_labeled/commentary/099__Daniel_Fluitt_of_Thrift_Store_Cowboys.json,commentary:099__Daniel_Fluitt_of_Thrift_Store_Cowboys:50,50,commentary:099__Daniel_Fluitt_of_Thrift_Store_Cowboys:51,51,Assert / Elaborate,81,81,5,3,5,3,True,[96],[97],25,True,19a88249048390c28024b7b77f0ac396b83698b5760fd1130e8e52bb3c44723a,,"[""raw_turn"", ""raw_turn_with_history"", ""raw_turn_plus_assumptions"", ""explicit_only"", ""explicit_plus_top3_assumptions"", ""explicit_plus_shuffled_assumptions"", ""explicit_plus_wrong_episode_assumptions""]"
commentary:099__Daniel_Fluitt_of_Thrift_Store_Cowboys:51:52,commentary,099__Daniel_Fluitt_of_Thrift_Store_Cowboys,data_cleaned/conversation_moves_labeled/commentary/099__Daniel_Fluitt_of_Thrift_Store_Cowboys.json,commentary:099__Daniel_Fluitt_of_Thrift_Store_Cowboys:51,51,commentary:099__Daniel_Fluitt_of_Thrift_Store_Cowboys:52,52,Assert / Elaborate,57,57,4,3,4,3,True,[97],[98],25,True,b953fd2fb2656cf38c4a501f47b3fa9feba7ff220b8eda23c311f2f9d800736e,,"[""raw_turn"", ""raw_turn_with_history"", ""raw_turn_plus_assumptions"", ""explicit_only"", ""explicit_plus_top3_assumptions"", ""explicit_plus_shuffled_assumptions"", ""explicit_plus_wrong_episode_assumptions""]"
commentary:099__Daniel_Fluitt_of_Thrift_Store_Cowboys:52:53,commentary,099__Daniel_Fluitt_of_Thrift_Store_Cowboys,data_cleaned/conversation_moves_labeled/commentary/099__Daniel_Fluitt_of_Thrift_Store_Cowboys.json,commentary:099__Daniel_Fluitt_of_Thrift_Store_Cowboys:52,52,commentary:099__Daniel_Fluitt_of_Thrift_Store_Cowboys:53,53,Assert / Elaborate,52,52,3,3,4,3,True,[98],[99],25,True,876fbc998dab177a901d7a19b2292f6b6a85d976331765e226e10f79a4f9c76c,,"[""raw_turn"", ""raw_turn_with_history"", ""raw_turn_plus_assumptions"", ""explicit_only"", ""explicit_plus_top3_assumptions"", ""explicit_plus_shuffled_assumptions"", ""explicit_plus_wrong_episode_assumptions""]"
commentary:099__Daniel_Fluitt_of_Thrift_Store_Cowboys:54:55,commentary,099__Daniel_Fluitt_of_Thrift_Store_Cowboys,data_cleaned/conversation_moves_labeled/commentary/099__Daniel_Fluitt_of_Thrift_Store_Cowboys.json,commentary:099__Daniel_Fluitt_of_Thrift_Store_Cowboys:54,54,commentary:099__Daniel_Fluitt_of_Thrift_Store_Cowboys:55,55,Assert / Elaborate,91,91,5,3,5,3,True,[102],[103],25,True,6ddd99c96c6af0f5377fdad6d94a30fd34083908619a00e98e71b489694aa305,,"[""raw_turn"", ""raw_turn_with_history"", ""raw_turn_plus_assumptions"", ""explicit_only"", ""explicit_plus_top3_assumptions"", ""explicit_plus_shuffled_assumptions"", ""explicit_plus_wrong_episode_assumptions""]"
commentary:099__Daniel_Fluitt_of_Thrift_Store_Cowboys:56:57,commentary,099__Daniel_Fluitt_of_Thrift_Store_Cowboys,data_cleaned/conversation_moves_labeled/commentary/099__Daniel_Fluitt_of_Thrift_Store_Cowboys.json,commentary:099__Daniel_Fluitt_of_Thrift_Store_Cowboys:56,56,commentary:099__Daniel_Fluitt_of_Thrift_Store_Cowboys:57,57,Assert / Elaborate,58,58,4,3,5,3,True,[106],[107],25,True,ec262b5936d74155e017fd38dfd8826e5b49d9868433439c72bef3dc6ca093f6,,"[""raw_turn"", ""raw_turn_with_history"", ""raw_turn_plus_assumptions"", ""explicit_only"", ""explicit_plus_top3_assumptions"", ""explicit_plus_shuffled_assumptions"", ""explicit_plus_wrong_episode_assumptions""]"
commentary:108_BRIDGET_MENDEL:0:1,commentary,108_BRIDGET_MENDEL,data_cleaned/conversation_moves_labeled/commentary/108_BRIDGET_MENDEL.json,commentary:108_BRIDGET_MENDEL:0,0,commentary:108_BRIDGET_MENDEL:1,1,Assert / Elaborate,77,77,5,3,5,0,True,[2],[3],25,True,2b046241489c5aaa9b0980d089c09ba52ef112a0e2330139992708d4917b4a5b,,"[""raw_turn"", ""raw_turn_with_history"", ""raw_turn_plus_assumptions"", ""explicit_only"", ""explicit_plus_top3_assumptions"", ""explicit_plus_shuffled_assumptions"", ""explicit_plus_wrong_episode_assumptions""]"
commentary:108_BRIDGET_MENDEL:1:2,commentary,108_BRIDGET_MENDEL,data_cleaned/conversation_moves_labeled/commentary/108_BRIDGET_MENDEL.json,commentary:108_BRIDGET_MENDEL:1,1,commentary:108_BRIDGET_MENDEL:2,2,Answer,840,104,10,3,10,1,True,[3],[4],25,True,a99e6d11018c4c929b685370a0a672e170c2d3f721ffde60efc3099d221d0310,,"[""raw_turn"", ""raw_turn_with_history"", ""raw_turn_plus_assumptions"", ""explicit_only"", ""explicit_plus_top3_assumptions"", ""explicit_plus_shuffled_assumptions"", ""explicit_plus_wrong_episode_assumptions""]"
news:13_Live__Love__Laugh_with_Lexie_in_Lockdown__-_Dancing_Leopard__Dalgonas___Dangerously_tight_shorts:1:2,news,13_Live__Love__Laugh_with_Lexie_in_Lockdown__-_Dancing_Leopard__Dalgonas___Dangerously_tight_shorts,data_cleaned/conversation_moves_labeled/news/13_Live__Love__Laugh_with_Lexie_in_Lockdown__-_Dancing_Leopard__Dalgonas___Dangerously_tight_shorts.json,news:13_Live__Love__Laugh_with_Lexie_in_Lockdown__-_Dancing_Leopard__Dalgonas___Dangerously_tight_shorts:1,1,news:13_Live__Love__Laugh_with_Lexie_in_Lockdown__-_Dancing_Leopard__Dalgonas___Dangerously_tight_shorts:2,2,Answer,98,98,10,3,7,1,True,[3],[4],25,True,09928ed1eef11cec8fdb1f09c8ceec5835fe97f2e74c77d7b1c627d58852004c,,"[""raw_turn"", ""raw_turn_with_history"", ""raw_turn_plus_assumptions"", ""explicit_only"", ""explicit_plus_top3_assumptions"", ""explicit_plus_shuffled_assumptions"", ""explicit_plus_wrong_episode_assumptions""]"
news:13_Live__Love__Laugh_with_Lexie_in_Lockdown__-_Dancing_Leopard__Dalgonas___Dangerously_tight_shorts:2:3,news,13_Live__Love__Laugh_with_Lexie_in_Lockdown__-_Dancing_Leopard__Dalgonas___Dangerously_tight_shorts,data_cleaned/conversation_moves_labeled/news/13_Live__Love__Laugh_with_Lexie_in_Lockdown__-_Dancing_Leopard__Dalgonas___Dangerously_tight_shorts.json,news:13_Live__Love__Laugh_with_Lexie_in_Lockdown__-_Dancing_Leopard__Dalgonas___Dangerously_tight_shorts:2,2,news:13_Live__Love__Laugh_with_Lexie_in_Lockdown__-_Dancing_Leopard__Dalgonas___Dangerously_tight_shorts:3,3,Assert / Elaborate,105,105,10,3,10,2,True,[4],[5],25,True,dac7a9eca2ff464e45af71dbf8bc1a28c78c6c83b835deebb2e884f1f9c9c1c1,,"[""raw_turn"", ""raw_turn_with_history"", ""raw_turn_plus_assumptions"", ""explicit_only"", ""explicit_plus_top3_assumptions"", ""explicit_plus_shuffled_assumptions"", ""explicit_plus_wrong_episode_assumptions""]"
news:13_Live__Love__Laugh_with_Lexie_in_Lockdown__-_Dancing_Leopard__Dalgonas___Dangerously_tight_shorts:8:9,news,13_Live__Love__Laugh_with_Lexie_in_Lockdown__-_Dancing_Leopard__Dalgonas___Dangerously_tight_shorts,data_cleaned/conversation_moves_labeled/news/13_Live__Love__Laugh_with_Lexie_in_Lockdown__-_Dancing_Leopard__Dalgonas___Dangerously_tight_shorts.json,news:13_Live__Love__Laugh_with_Lexie_in_Lockdown__-_Dancing_Leopard__Dalgonas___Dangerously_tight_shorts:8,8,news:13_Live__Love__Laugh_with_Lexie_in_Lockdown__-_Dancing_Leopard__Dalgonas___Dangerously_tight_shorts:9,9,Assert / Elaborate,71,71,5,3,5,3,True,[28],[29],25,True,0af472fe841de4bd21d1c5182ebaf6000f9c5574c7882eb2a4ddb845ade8adbc,,"[""raw_turn"", ""raw_turn_with_history"", ""raw_turn_plus_assumptions"", ""explicit_only"", ""explicit_plus_top3_assumptions"", ""explicit_plus_shuffled_assumptions"", ""explicit_plus_wrong_episode_assumptions""]"
news:226__MLS_Tournament__Orlando_Or_Bust:0:1,news,226__MLS_Tournament__Orlando_Or_Bust,data_cleaned/conversation_moves_labeled/news/226__MLS_Tournament__Orlando_Or_Bust.json,news:226__MLS_Tournament__Orlando_Or_Bust:0,0,news:226__MLS_Tournament__Orlando_Or_Bust:1,1,Assert / Elaborate,166,105,10,3,10,0,True,[0],[1],25,True,4c82eeaa32e0b7d01aabd7fb6571476147eceb47a4227d007c4d34b40b023f85,,"[""raw_turn"", ""raw_turn_with_history"", ""raw_turn_plus_assumptions"", ""explicit_only"", ""explicit_plus_top3_assumptions"", ""explicit_plus_shuffled_assumptions"", ""explicit_plus_wrong_episode_assumptions""]"
news:226__MLS_Tournament__Orlando_Or_Bust:1:2,news,226__MLS_Tournament__Orlando_Or_Bust,data_cleaned/conversation_moves_labeled/news/226__MLS_Tournament__Orlando_Or_Bust.json,news:226__MLS_Tournament__Orlando_Or_Bust:1,1,news:226__MLS_Tournament__Orlando_Or_Bust:2,2,Assert / Elaborate,448,102,10,3,10,1,True,[1],[2],25,True,175d12efa7a3548ebcb9383b116c2152bccea7ace75960ecb8709f0ef9d264c8,,"[""raw_turn"", ""raw_turn_with_history"", ""raw_turn_plus_assumptions"", ""explicit_only"", ""explicit_plus_top3_assumptions"", ""explicit_plus_shuffled_assumptions"", ""explicit_plus_wrong_episode_assumptions""]"
news:226__MLS_Tournament__Orlando_Or_Bust:2:3,news,226__MLS_Tournament__Orlando_Or_Bust,data_cleaned/conversation_moves_labeled/news/226__MLS_Tournament__Orlando_Or_Bust.json,news:226__MLS_Tournament__Orlando_Or_Bust:2,2,news:226__MLS_Tournament__Orlando_Or_Bust:3,3,Assert / Elaborate,534,103,10,3,10,2,True,[2],[3],25,True,a9259b5543dc46e4f4780cddc4556c2f16ebd3f82675da5d85132af09bc8eaf0,,"[""raw_turn"", ""raw_turn_with_history"", ""raw_turn_plus_assumptions"", ""explicit_only"", ""explicit_plus_top3_assumptions"", ""explicit_plus_shuffled_assumptions"", ""explicit_plus_wrong_episode_assumptions""]"
news:226__MLS_Tournament__Orlando_Or_Bust:6:7,news,226__MLS_Tournament__Orlando_Or_Bust,data_cleaned/conversation_moves_labeled/news/226__MLS_Tournament__Orlando_Or_Bust.json,news:226__MLS_Tournament__Orlando_Or_Bust:6,6,news:226__MLS_Tournament__Orlando_Or_Bust:7,7,Assert / Elaborate,481,107,5,3,5,3,True,[10],[11],25,True,166f48cd7f0456e7ac774979b61a1fefc63364ce017f68a9b88d337cae074259,,"[""raw_turn"", ""raw_turn_with_history"", ""raw_turn_plus_assumptions"", ""explicit_only"", ""explicit_plus_top3_assumptions"", ""explicit_plus_shuffled_assumptions"", ""explicit_plus_wrong_episode_assumptions""]"
news:226__MLS_Tournament__Orlando_Or_Bust:7:8,news,226__MLS_Tournament__Orlando_Or_Bust,data_cleaned/conversation_moves_labeled/news/226__MLS_Tournament__Orlando_Or_Bust.json,news:226__MLS_Tournament__Orlando_Or_Bust:7,7,news:226__MLS_Tournament__Orlando_Or_Bust:8,8,Assert / Elaborate,197,107,7,3,6,3,True,[11],[12],25,True,403986b18b9ebbffd775257998d87d888bd0eedf525340df65081d6bc5d7df21,,"[""raw_turn"", ""raw_turn_with_history"", ""raw_turn_plus_assumptions"", ""explicit_only"", ""explicit_plus_top3_assumptions"", ""explicit_plus_shuffled_assumptions"", ""explicit_plus_wrong_episode_assumptions""]"
news:226__MLS_Tournament__Orlando_Or_Bust:8:9,news,226__MLS_Tournament__Orlando_Or_Bust,data_cleaned/conversation_moves_labeled/news/226__MLS_Tournament__Orlando_Or_Bust.json,news:226__MLS_Tournament__Orlando_Or_Bust:8,8,news:226__MLS_Tournament__Orlando_Or_Bust:9,9,Assert / Elaborate,116,103,8,3,7,3,True,[12],[13],25,True,5887d13c9b09561d4b14a58f0c60d64f4cbceab6e8f7b96d1b7f31f526c99ead,,"[""raw_turn"", ""raw_turn_with_history"", ""raw_turn_plus_assumptions"", ""explicit_only"", ""explicit_plus_top3_assumptions"", ""explicit_plus_shuffled_assumptions"", ""explicit_plus_wrong_episode_assumptions""]"
news:226__MLS_Tournament__Orlando_Or_Bust:9:10,news,226__MLS_Tournament__Orlando_Or_Bust,data_cleaned/conversation_moves_labeled/news/226__MLS_Tournament__Orlando_Or_Bust.json,news:226__MLS_Tournament__Orlando_Or_Bust:9,9,news:226__MLS_Tournament__Orlando_Or_Bust:10,10,Assert / Elaborate,832,102,10,3,10,3,True,[13],[14],25,True,eca2086a51eef40de8866cde9547491b4f80924e58e4f0a7a5378a62dde879c1,,"[""raw_turn"", ""raw_turn_with_history"", ""raw_turn_plus_assumptions"", ""explicit_only"", ""explicit_plus_top3_assumptions"", ""explicit_plus_shuffled_assumptions"", ""explicit_plus_wrong_episode_assumptions""]"
news:226__MLS_Tournament__Orlando_Or_Bust:11:12,news,226__MLS_Tournament__Orlando_Or_Bust,data_cleaned/conversation_moves_labeled/news/226__MLS_Tournament__Orlando_Or_Bust.json,news:226__MLS_Tournament__Orlando_Or_Bust:11,11,news:226__MLS_Tournament__Orlando_Or_Bust:12,12,Assert / Elaborate,191,102,10,3,10,3,True,[17],[18],25,True,98903d75dda53143ea518d130d328f69542afbcb3ad423db312def1585260cf5,,"[""raw_turn"", ""raw_turn_with_history"", ""raw_turn_plus_assumptions"", ""explicit_only"", ""explicit_plus_top3_assumptions"", ""explicit_plus_shuffled_assumptions"", ""explicit_plus_wrong_episode_assumptions""]"
news:226__MLS_Tournament__Orlando_Or_Bust:12:13,news,226__MLS_Tournament__Orlando_Or_Bust,data_cleaned/conversation_moves_labeled/news/226__MLS_Tournament__Orlando_Or_Bust.json,news:226__MLS_Tournament__Orlando_Or_Bust:12,12,news:226__MLS_Tournament__Orlando_Or_Bust:13,13,Assert / Elaborate,750,104,10,3,10,3,True,[18],[19],25,True,805390d28c13637db5dbd72b261a333fe58d4704a0a9f46a09f03f3d488add63,,"[""raw_turn"", ""raw_turn_with_history"", ""raw_turn_plus_assumptions"", ""explicit_only"", ""explicit_plus_top3_assumptions"", ""explicit_plus_shuffled_assumptions"", ""explicit_plus_wrong_episode_assumptions""]"
news:226__MLS_Tournament__Orlando_Or_Bust:13:14,news,226__MLS_Tournament__Orlando_Or_Bust,data_cleaned/conversation_moves_labeled/news/226__MLS_Tournament__Orlando_Or_Bust.json,news:226__MLS_Tournament__Orlando_Or_Bust:13,13,news:226__MLS_Tournament__Orlando_Or_Bust:14,14,Correction / Challenge,464,103,10,3,10,3,True,[19],[20],25,True,8e3d11df993e17cd543ad1c355b2b85f8354caf1578a94973f12fb3f370b3b18,,"[""raw_turn"", ""raw_turn_with_history"", ""raw_turn_plus_assumptions"", ""explicit_only"", ""explicit_plus_top3_assumptions"", ""explicit_plus_shuffled_assumptions"", ""explicit_plus_wrong_episode_assumptions""]"
news:226__MLS_Tournament__Orlando_Or_Bust:14:15,news,226__MLS_Tournament__Orlando_Or_Bust,data_cleaned/conversation_moves_labeled/news/226__MLS_Tournament__Orlando_Or_Bust.json,news:226__MLS_Tournament__Orlando_Or_Bust:14,14,news:226__MLS_Tournament__Orlando_Or_Bust:15,15,Assert / Elaborate,57,57,6,3,5,3,True,[20],[21],25,True,4e6c55927cfd75231b69f88ab74cddb38f2b21a0a5701440a1777ed8a10d4b8e,,"[""raw_turn"", ""raw_turn_with_history"", ""raw_turn_plus_assumptions"", ""explicit_only"", ""explicit_plus_top3_assumptions"", ""explicit_plus_shuffled_assumptions"", ""explicit_plus_wrong_episode_assumptions""]"
news:226__MLS_Tournament__Orlando_Or_Bust:15:16,news,226__MLS_Tournament__Orlando_Or_Bust,data_cleaned/conversation_moves_labeled/news/226__MLS_Tournament__Orlando_Or_Bust.json,news:226__MLS_Tournament__Orlando_Or_Bust:15,15,news:226__MLS_Tournament__Orlando_Or_Bust:16,16,Assert / Elaborate,198,105,8,3,6,3,True,[21],[22],25,True,d8f7e81b23478c5edd4ab554136f4a670cd93d9262abb987576762255d318a7b,,"[""raw_turn"", ""raw_turn_with_history"", ""raw_turn_plus_assumptions"", ""explicit_only"", ""explicit_plus_top3_assumptions"", ""explicit_plus_shuffled_assumptions"", ""explicit_plus_wrong_episode_assumptions""]"
news:226__MLS_Tournament__Orlando_Or_Bust:18:19,news,226__MLS_Tournament__Orlando_Or_Bust,data_cleaned/conversation_moves_labeled/news/226__MLS_Tournament__Orlando_Or_Bust.json,news:226__MLS_Tournament__Orlando_Or_Bust:18,18,news:226__MLS_Tournament__Orlando_Or_Bust:19,19,Correction / Challenge,229,103,10,3,10,3,True,[26],[27],25,True,d06b5d2a8502fcb815d11017e2645aaed7d569c0f57b7d359bd5ae7cd4e3cda1,,"[""raw_turn"", ""raw_turn_with_history"", ""raw_turn_plus_assumptions"", ""explicit_only"", ""explicit_plus_top3_assumptions"", ""explicit_plus_shuffled_assumptions"", ""explicit_plus_wrong_episode_assumptions""]"
news:226__MLS_Tournament__Orlando_Or_Bust:19:20,news,226__MLS_Tournament__Orlando_Or_Bust,data_cleaned/conversation_moves_labeled/news/226__MLS_Tournament__Orlando_Or_Bust.json,news:226__MLS_Tournament__Orlando_Or_Bust:19,19,news:226__MLS_Tournament__Orlando_Or_Bust:20,20,Assert / Elaborate,154,100,8,3,8,3,True,[27],[28],25,True,611b878f4d7f326de42f060b46a773c94796f4099028036df30131b1c97e0afa,,"[""raw_turn"", ""raw_turn_with_history"", ""raw_turn_plus_assumptions"", ""explicit_only"", ""explicit_plus_top3_assumptions"", ""explicit_plus_shuffled_assumptions"", ""explicit_plus_wrong_episode_assumptions""]"
news:226__MLS_Tournament__Orlando_Or_Bust:22:23,news,226__MLS_Tournament__Orlando_Or_Bust,data_cleaned/conversation_moves_labeled/news/226__MLS_Tournament__Orlando_Or_Bust.json,news:226__MLS_Tournament__Orlando_Or_Bust:22,22,news:226__MLS_Tournament__Orlando_Or_Bust:23,23,Assert / Elaborate,577,106,10,3,10,3,True,[32],[33],25,True,2b9182ca260285076845dedf84e7490e0ae570919fac521f43790cb4bb5cf17c,,"[""raw_turn"", ""raw_turn_with_history"", ""raw_turn_plus_assumptions"", ""explicit_only"", ""explicit_plus_top3_assumptions"", ""explicit_plus_shuffled_assumptions"", ""explicit_plus_wrong_episode_assumptions""]"
news:226__MLS_Tournament__Orlando_Or_Bust:23:24,news,226__MLS_Tournament__Orlando_Or_Bust,data_cleaned/conversation_moves_labeled/news/226__MLS_Tournament__Orlando_Or_Bust.json,news:226__MLS_Tournament__Orlando_Or_Bust:23,23,news:226__MLS_Tournament__Orlando_Or_Bust:24,24,Assert / Elaborate,248,110,7,3,6,3,True,[33],[34],25,True,7051b9106c0f0181e5313c3abf32e967ce9cb7b60d2e3caa589acef09662c40d,,"[""raw_turn"", ""raw_turn_with_history"", ""raw_turn_plus_assumptions"", ""explicit_only"", ""explicit_plus_top3_assumptions"", ""explicit_plus_shuffled_assumptions"", ""explicit_plus_wrong_episode_assumptions""]"
news:226__MLS_Tournament__Orlando_Or_Bust:26:27,news,226__MLS_Tournament__Orlando_Or_Bust,data_cleaned/conversation_moves_labeled/news/226__MLS_Tournament__Orlando_Or_Bust.json,news:226__MLS_Tournament__Orlando_Or_Bust:26,26,news:226__MLS_Tournament__Orlando_Or_Bust:27,27,Assert / Elaborate,352,105,10,3,10,3,True,[40],[41],25,True,3fa7c2175cea2018cf185483d7c6b0fef39563d12d54a189f76accf54791fcce,,"[""raw_turn"", ""raw_turn_with_history"", ""raw_turn_plus_assumptions"", ""explicit_only"", ""explicit_plus_top3_assumptions"", ""explicit_plus_shuffled_assumptions"", ""explicit_plus_wrong_episode_assumptions""]"
news:226__MLS_Tournament__Orlando_Or_Bust:27:28,news,226__MLS_Tournament__Orlando_Or_Bust,data_cleaned/conversation_moves_labeled/news/226__MLS_Tournament__Orlando_Or_Bust.json,news:226__MLS_Tournament__Orlando_Or_Bust:27,27,news:226__MLS_Tournament__Orlando_Or_Bust:28,28,Assert / Elaborate,104,103,5,3,4,3,True,[41],[42],25,True,9071b852d16963bb7195589ec4c608a60ad4ad333865c18ea90508764af1bf2c,,"[""raw_turn"", ""raw_turn_with_history"", ""raw_turn_plus_assumptions"", ""explicit_only"", ""explicit_plus_top3_assumptions"", ""explicit_plus_shuffled_assumptions"", ""explicit_plus_wrong_episode_assumptions""]"
news:226__MLS_Tournament__Orlando_Or_Bust:28:29,news,226__MLS_Tournament__Orlando_Or_Bust,data_cleaned/conversation_moves_labeled/news/226__MLS_Tournament__Orlando_Or_Bust.json,news:226__MLS_Tournament__Orlando_Or_Bust:28,28,news:226__MLS_Tournament__Orlando_Or_Bust:29,29,Agree / Align,593,105,9,3,10,3,True,[42],[43],25,True,18b29c937b07187df84460d56f085d71732d35fb04e35970936b018ac3b265a8,,"[""raw_turn"", ""raw_turn_with_history"", ""raw_turn_plus_assumptions"", ""explicit_only"", ""explicit_plus_top3_assumptions"", ""explicit_plus_shuffled_assumptions"", ""explicit_plus_wrong_episode_assumptions""]"
news:226__MLS_Tournament__Orlando_Or_Bust:29:30,news,226__MLS_Tournament__Orlando_Or_Bust,data_cleaned/conversation_moves_labeled/news/226__MLS_Tournament__Orlando_Or_Bust.json,news:226__MLS_Tournament__Orlando_Or_Bust:29,29,news:226__MLS_Tournament__Orlando_Or_Bust:30,30,Assert / Elaborate,278,103,10,3,10,3,True,[43],[44],25,True,6e9bdb5e33ba0e266a388179249ff1e57c2adf69dd3fa165604b5e5797303037,,"[""raw_turn"", ""raw_turn_with_history"", ""raw_turn_plus_assumptions"", ""explicit_only"", ""explicit_plus_top3_assumptions"", ""explicit_plus_shuffled_assumptions"", ""explicit_plus_wrong_episode_assumptions""]"
news:226__MLS_Tournament__Orlando_Or_Bust:30:31,news,226__MLS_Tournament__Orlando_Or_Bust,data_cleaned/conversation_moves_labeled/news/226__MLS_Tournament__Orlando_Or_Bust.json,news:226__MLS_Tournament__Orlando_Or_Bust:30,30,news:226__MLS_Tournament__Orlando_Or_Bust:31,31,Assert / Elaborate,270,101,10,3,10,3,True,[44],[45],25,True,80939519b5c1365dba298c0f20d54f7d5dbe2abd16aa9495adbb17a76db58234,,"[""raw_turn"", ""raw_turn_with_history"", ""raw_turn_plus_assumptions"", ""explicit_only"", ""explicit_plus_top3_assumptions"", ""explicit_plus_shuffled_assumptions"", ""explicit_plus_wrong_episode_assumptions""]"
news:226__MLS_Tournament__Orlando_Or_Bust:31:32,news,226__MLS_Tournament__Orlando_Or_Bust,data_cleaned/conversation_moves_labeled/news/226__MLS_Tournament__Orlando_Or_Bust.json,news:226__MLS_Tournament__Orlando_Or_Bust:31,31,news:226__MLS_Tournament__Orlando_Or_Bust:32,32,Assert / Elaborate,379,103,10,3,10,3,True,[45],[46],25,True,ecb7adb7b895787480454ced64df32ab0da64371f0d373f19edd823ec7ca552f,,"[""raw_turn"", ""raw_turn_with_history"", ""raw_turn_plus_assumptions"", ""explicit_only"", ""explicit_plus_top3_assumptions"", ""explicit_plus_shuffled_assumptions"", ""explicit_plus_wrong_episode_assumptions""]"
news:5_Talking_youth_engagement__libraries_and_graphic_novels_with_Leonee_Ariel_Derr:1:2,news,5_Talking_youth_engagement__libraries_and_graphic_novels_with_Leonee_Ariel_Derr,data_cleaned/conversation_moves_labeled/news/5_Talking_youth_engagement__libraries_and_graphic_novels_with_Leonee_Ariel_Derr.json,news:5_Talking_youth_engagement__libraries_and_graphic_novels_with_Leonee_Ariel_Derr:1,1,news:5_Talking_youth_engagement__libraries_and_graphic_novels_with_Leonee_Ariel_Derr:2,2,Agree / Align,347,101,10,3,10,0,True,[3],[4],25,True,d56877951b7592da5ef46d6b375c3960be2eeda603f65609d29533d8a8e6bcab,,"[""raw_turn"", ""raw_turn_with_history"", ""raw_turn_plus_assumptions"", ""explicit_only"", ""explicit_plus_top3_assumptions"", ""explicit_plus_shuffled_assumptions"", ""explicit_plus_wrong_episode_assumptions""]"
news:5_Talking_youth_engagement__libraries_and_graphic_novels_with_Leonee_Ariel_Derr:2:3,news,5_Talking_youth_engagement__libraries_and_graphic_novels_with_Leonee_Ariel_Derr,data_cleaned/conversation_moves_labeled/news/5_Talking_youth_engagement__libraries_and_graphic_novels_with_Leonee_Ariel_Derr.json,news:5_Talking_youth_engagement__libraries_and_graphic_novels_with_Leonee_Ariel_Derr:2,2,news:5_Talking_youth_engagement__libraries_and_graphic_novels_with_Leonee_Ariel_Derr:3,3,Assert / Elaborate,98,98,6,3,5,1,True,[4],[5],25,True,42325c256f85214ff01296e9f7d46c58faa498a7df889e1774887b854a6f9913,,"[""raw_turn"", ""raw_turn_with_history"", ""raw_turn_plus_assumptions"", ""explicit_only"", ""explicit_plus_top3_assumptions"", ""explicit_plus_shuffled_assumptions"", ""explicit_plus_wrong_episode_assumptions""]"
news:5_Talking_youth_engagement__libraries_and_graphic_novels_with_Leonee_Ariel_Derr:3:4,news,5_Talking_youth_engagement__libraries_and_graphic_novels_with_Leonee_Ariel_Derr,data_cleaned/conversation_moves_labeled/news/5_Talking_youth_engagement__libraries_and_graphic_novels_with_Leonee_Ariel_Derr.json,news:5_Talking_youth_engagement__libraries_and_graphic_novels_with_Leonee_Ariel_Derr:3,3,news:5_Talking_youth_engagement__libraries_and_graphic_novels_with_Leonee_Ariel_Derr:4,4,Assert / Elaborate,388,102,8,3,6,2,True,[5],[6],25,True,e779d3080b97020834b91c0b54cae30ed27d9d58df75f1fc75a30bf38ad90e2f,,"[""raw_turn"", ""raw_turn_with_history"", ""raw_turn_plus_assumptions"", ""explicit_only"", ""explicit_plus_top3_assumptions"", ""explicit_plus_shuffled_assumptions"", ""explicit_plus_wrong_episode_assumptions""]"
news:5_Talking_youth_engagement__libraries_and_graphic_novels_with_Leonee_Ariel_Derr:4:5,news,5_Talking_youth_engagement__libraries_and_graphic_novels_with_Leonee_Ariel_Derr,data_cleaned/conversation_moves_labeled/news/5_Talking_youth_engagement__libraries_and_graphic_novels_with_Leonee_Ariel_Derr.json,news:5_Talking_youth_engagement__libraries_and_graphic_novels_with_Leonee_Ariel_Derr:4,4,news:5_Talking_youth_engagement__libraries_and_graphic_novels_with_Leonee_Ariel_Derr:5,5,Assert / Elaborate,268,100,10,3,10,3,True,[6],[7],25,True,fae77c26d9029edcf0a8a5fef16713e3c8373ffa20af52c0b7dc7008e9b769ee,,"[""raw_turn"", ""raw_turn_with_history"", ""raw_turn_plus_assumptions"", ""explicit_only"", ""explicit_plus_top3_assumptions"", ""explicit_plus_shuffled_assumptions"", ""explicit_plus_wrong_episode_assumptions""]"
news:5_Talking_youth_engagement__libraries_and_graphic_novels_with_Leonee_Ariel_Derr:9:10,news,5_Talking_youth_engagement__libraries_and_graphic_novels_with_Leonee_Ariel_Derr,data_cleaned/conversation_moves_labeled/news/5_Talking_youth_engagement__libraries_and_graphic_novels_with_Leonee_Ariel_Derr.json,news:5_Talking_youth_engagement__libraries_and_graphic_novels_with_Leonee_Ariel_Derr:9,9,news:5_Talking_youth_engagement__libraries_and_graphic_novels_with_Leonee_Ariel_Derr:10,10,Clarification Request (Specific),373,100,10,3,10,3,True,[19],[20],25,True,fd03ff7240f0f3ff77ec67ea9167db44ff6c6c3ce7f829b88aa559ec3d013020,,"[""raw_turn"", ""raw_turn_with_history"", ""raw_turn_plus_assumptions"", ""explicit_only"", ""explicit_plus_top3_assumptions"", ""explicit_plus_shuffled_assumptions"", ""explicit_plus_wrong_episode_assumptions""]"
news:5_Talking_youth_engagement__libraries_and_graphic_novels_with_Leonee_Ariel_Derr:10:11,news,5_Talking_youth_engagement__libraries_and_graphic_novels_with_Leonee_Ariel_Derr,data_cleaned/conversation_moves_labeled/news/5_Talking_youth_engagement__libraries_and_graphic_novels_with_Leonee_Ariel_Derr.json,news:5_Talking_youth_engagement__libraries_and_graphic_novels_with_Leonee_Ariel_Derr:10,10,news:5_Talking_youth_engagement__libraries_and_graphic_novels_with_Leonee_Ariel_Derr:11,11,Answer,50,50,4,3,5,3,True,[20],[21],25,True,972603b0e0c0ef71ca130adf2f5a5bfe8df05cb4890646c5c0d73e210dc57c6c,,"[""raw_turn"", ""raw_turn_with_history"", ""raw_turn_plus_assumptions"", ""explicit_only"", ""explicit_plus_top3_assumptions"", ""explicit_plus_shuffled_assumptions"", ""explicit_plus_wrong_episode_assumptions""]"
news:5_Talking_youth_engagement__libraries_and_graphic_novels_with_Leonee_Ariel_Derr:11:12,news,5_Talking_youth_engagement__libraries_and_graphic_novels_with_Leonee_Ariel_Derr,data_cleaned/conversation_moves_labeled/news/5_Talking_youth_engagement__libraries_and_graphic_novels_with_Leonee_Ariel_Derr.json,news:5_Talking_youth_engagement__libraries_and_graphic_novels_with_Leonee_Ariel_Derr:11,11,news:5_Talking_youth_engagement__libraries_and_graphic_novels_with_Leonee_Ariel_Derr:12,12,Topic Shift,134,104,7,3,5,3,True,[21],[22],25,True,3d39bdb0a81ef19eb73732bea91908e60042b1978562102b6aefd592f36f80a3,,"[""raw_turn"", ""raw_turn_with_history"", ""raw_turn_plus_assumptions"", ""explicit_only"", ""explicit_plus_top3_assumptions"", ""explicit_plus_shuffled_assumptions"", ""explicit_plus_wrong_episode_assumptions""]"
news:5_Talking_youth_engagement__libraries_and_graphic_novels_with_Leonee_Ariel_Derr:12:13,news,5_Talking_youth_engagement__libraries_and_graphic_novels_with_Leonee_Ariel_Derr,data_cleaned/conversation_moves_labeled/news/5_Talking_youth_engagement__libraries_and_graphic_novels_with_Leonee_Ariel_Derr.json,news:5_Talking_youth_engagement__libraries_and_graphic_novels_with_Leonee_Ariel_Derr:12,12,news:5_Talking_youth_engagement__libraries_and_graphic_novels_with_Leonee_Ariel_Derr:13,13,Assert / Elaborate,78,78,5,3,5,3,True,[22],[23],25,True,4c7092e1840a5dc69a9e7de53188c991ad8af6da539e2e5cf38b260177a26b60,,"[""raw_turn"", ""raw_turn_with_history"", ""raw_turn_plus_assumptions"", ""explicit_only"", ""explicit_plus_top3_assumptions"", ""explicit_plus_shuffled_assumptions"", ""explicit_plus_wrong_episode_assumptions""]"
news:5_Talking_youth_engagement__libraries_and_graphic_novels_with_Leonee_Ariel_Derr:13:14,news,5_Talking_youth_engagement__libraries_and_graphic_novels_with_Leonee_Ariel_Derr,data_cleaned/conversation_moves_labeled/news/5_Talking_youth_engagement__libraries_and_graphic_novels_with_Leonee_Ariel_Derr.json,news:5_Talking_youth_engagement__libraries_and_graphic_novels_with_Leonee_Ariel_Derr:13,13,news:5_Talking_youth_engagement__libraries_and_graphic_novels_with_Leonee_Ariel_Derr:14,14,Assert / Elaborate,308,103,9,3,10,3,True,[23],[24],25,True,7aaa3274d423bbf21b8ed940cf8390e398bf58d814f7d3d1a144cc72e37efd1a,,"[""raw_turn"", ""raw_turn_with_history"", ""raw_turn_plus_assumptions"", ""explicit_only"", ""explicit_plus_top3_assumptions"", ""explicit_plus_shuffled_assumptions"", ""explicit_plus_wrong_episode_assumptions""]"
news:5_Talking_youth_engagement__libraries_and_graphic_novels_with_Leonee_Ariel_Derr:14:15,news,5_Talking_youth_engagement__libraries_and_graphic_novels_with_Leonee_Ariel_Derr,data_cleaned/conversation_moves_labeled/news/5_Talking_youth_engagement__libraries_and_graphic_novels_with_Leonee_Ariel_Derr.json,news:5_Talking_youth_engagement__libraries_and_graphic_novels_with_Leonee_Ariel_Derr:14,14,news:5_Talking_youth_engagement__libraries_and_graphic_novels_with_Leonee_Ariel_Derr:15,15,Assert / Elaborate,445,103,10,3,10,3,True,[24],[25],25,True,98b63f38734b1f9c9ec98c6f1d675d8927b1da4d9bd356ea21744ffb4521108e,,"[""raw_turn"", ""raw_turn_with_history"", ""raw_turn_plus_assumptions"", ""explicit_only"", ""explicit_plus_top3_assumptions"", ""explicit_plus_shuffled_assumptions"", ""explicit_plus_wrong_episode_assumptions""]"
news:5_Talking_youth_engagement__libraries_and_graphic_novels_with_Leonee_Ariel_Derr:17:18,news,5_Talking_youth_engagement__libraries_and_graphic_novels_with_Leonee_Ariel_Derr,data_cleaned/conversation_moves_labeled/news/5_Talking_youth_engagement__libraries_and_graphic_novels_with_Leonee_Ariel_Derr.json,news:5_Talking_youth_engagement__libraries_and_graphic_novels_with_Leonee_Ariel_Derr:17,17,news:5_Talking_youth_engagement__libraries_and_graphic_novels_with_Leonee_Ariel_Derr:18,18,Assert / Elaborate,687,105,9,3,10,3,True,[29],[30],25,True,ae782933fb179c535d0f4f159c295c27e2f3491df37a5ac4707fd679bd71e360,,"[""raw_turn"", ""raw_turn_with_history"", ""raw_turn_plus_assumptions"", ""explicit_only"", ""explicit_plus_top3_assumptions"", ""explicit_plus_shuffled_assumptions"", ""explicit_plus_wrong_episode_assumptions""]"
news:Alana_Goodman:1:2,news,Alana_Goodman,data_cleaned/conversation_moves_labeled/news/Alana_Goodman.json,news:Alana_Goodman:1,1,news:Alana_Goodman:2,2,Assert / Elaborate,90,90,7,3,5,1,True,[3],[4],25,True,bc71ac10b0ace0400e5cfbc657ae3d896f2488f8ef8143fb0de23ccc817def53,,"[""raw_turn"", ""raw_turn_with_history"", ""raw_turn_plus_assumptions"", ""explicit_only"", ""explicit_plus_top3_assumptions"", ""explicit_plus_shuffled_assumptions"", ""explicit_plus_wrong_episode_assumptions""]"
political:42060:2:3,political,42060,data_cleaned/conversation_moves_labeled/political/42060.json,political:42060:2,2,political:42060:3,3,Assert / Elaborate,88,88,5,3,5,2,True,[6],[7],25,True,7eafae3c9a44c1ae3dd8d4182f9a86e8865206642e2539b1561a9a8a28973a4a,,"[""raw_turn"", ""raw_turn_with_history"", ""raw_turn_plus_assumptions"", ""explicit_only"", ""explicit_plus_top3_assumptions"", ""explicit_plus_shuffled_assumptions""]"
political:42060:3:4,political,42060,data_cleaned/conversation_moves_labeled/political/42060.json,political:42060:3,3,political:42060:4,4,Assert / Elaborate,262,103,10,3,10,3,True,[7],[8],25,True,9274883e131d2e07d02631e2627d47d39b9bbb4a8ecdc31665ef0475ed6c7f31,,"[""raw_turn"", ""raw_turn_with_history"", ""raw_turn_plus_assumptions"", ""explicit_only"", ""explicit_plus_top3_assumptions"", ""explicit_plus_shuffled_assumptions""]"
political:42088:1:2,political,42088,data_cleaned/conversation_moves_labeled/political/42088.json,political:42088:1,1,political:42088:2,2,Correction / Challenge,51,51,4,3,4,1,True,[6],[7],25,True,49cfb50909636bdc49b8de944417da774ba67270b977bc7dac0a984780879ae2,,"[""raw_turn"", ""raw_turn_with_history"", ""raw_turn_plus_assumptions"", ""explicit_only"", ""explicit_plus_top3_assumptions"", ""explicit_plus_shuffled_assumptions"", ""explicit_plus_wrong_episode_assumptions""]"
political:42088:2:3,political,42088,data_cleaned/conversation_moves_labeled/political/42088.json,political:42088:2,2,political:42088:3,3,Correction / Challenge,149,111,8,3,7,2,True,[7],[8],25,True,cceef0462582bdb93e0efdbf60043b21244b487f8d7375d596adfbee29fe354d,,"[""raw_turn"", ""raw_turn_with_history"", ""raw_turn_plus_assumptions"", ""explicit_only"", ""explicit_plus_top3_assumptions"", ""explicit_plus_shuffled_assumptions"", ""explicit_plus_wrong_episode_assumptions""]"
political:42088:7:8,political,42088,data_cleaned/conversation_moves_labeled/political/42088.json,political:42088:7,7,political:42088:8,8,Assert / Elaborate,155,103,7,3,6,3,True,[18],[19],25,True,a361115873ee893d01fd29c87e769cafc7f9c79834fd55ca48abf11e4e3c920d,,"[""raw_turn"", ""raw_turn_with_history"", ""raw_turn_plus_assumptions"", ""explicit_only"", ""explicit_plus_top3_assumptions"", ""explicit_plus_shuffled_assumptions"", ""explicit_plus_wrong_episode_assumptions""]"
political:42088:8:9,political,42088,data_cleaned/conversation_moves_labeled/political/42088.json,political:42088:8,8,political:42088:9,9,Topic Shift,633,109,10,3,10,3,True,[19],[20],25,True,656382fe4ca17fc17e2b8560eeae47f0c10e1b4e0d6cbc4f234e3cce6cb6ad0c,,"[""raw_turn"", ""raw_turn_with_history"", ""raw_turn_plus_assumptions"", ""explicit_only"", ""explicit_plus_top3_assumptions"", ""explicit_plus_shuffled_assumptions"", ""explicit_plus_wrong_episode_assumptions""]"
political:42088:11:12,political,42088,data_cleaned/conversation_moves_labeled/political/42088.json,political:42088:11,11,political:42088:12,12,Assert / Elaborate,86,86,4,3,4,3,True,[26],[27],25,True,aa81084a6a7bb050722cc3645414c51b6d26d0882bc17ee435c88eddf3803aaa,,"[""raw_turn"", ""raw_turn_with_history"", ""raw_turn_plus_assumptions"", ""explicit_only"", ""explicit_plus_top3_assumptions"", ""explicit_plus_shuffled_assumptions"", ""explicit_plus_wrong_episode_assumptions""]"
political:42088:12:13,political,42088,data_cleaned/conversation_moves_labeled/political/42088.json,political:42088:12,12,political:42088:13,13,Clarification Request (Specific),540,105,10,3,10,3,True,[27],[28],25,True,2a24e6f15c202b70de99dbd6673633bd537b28f2ad10b74e2acd4f45807ec0f1,,"[""raw_turn"", ""raw_turn_with_history"", ""raw_turn_plus_assumptions"", ""explicit_only"", ""explicit_plus_top3_assumptions"", ""explicit_plus_shuffled_assumptions"", ""explicit_plus_wrong_episode_assumptions""]"
religion:001-LIFE_IN_RHYTHM___THE_RHYTHM_OF_PRAYER:1:2,religion,001-LIFE_IN_RHYTHM___THE_RHYTHM_OF_PRAYER,data_cleaned/conversation_moves_labeled/religion/001-LIFE_IN_RHYTHM___THE_RHYTHM_OF_PRAYER.json,religion:001-LIFE_IN_RHYTHM___THE_RHYTHM_OF_PRAYER:1,1,religion:001-LIFE_IN_RHYTHM___THE_RHYTHM_OF_PRAYER:2,2,Assert / Elaborate,381,105,10,3,10,1,True,[5],[6],25,True,d7bc4f5eee44bfca14136d859732d0f1d9f323ec4c9fb3481f5e41fe9d24b72f,,"[""raw_turn"", ""raw_turn_with_history"", ""raw_turn_plus_assumptions"", ""explicit_only"", ""explicit_plus_top3_assumptions"", ""explicit_plus_shuffled_assumptions"", ""explicit_plus_wrong_episode_assumptions""]"
religion:001-LIFE_IN_RHYTHM___THE_RHYTHM_OF_PRAYER:2:3,religion,001-LIFE_IN_RHYTHM___THE_RHYTHM_OF_PRAYER,data_cleaned/conversation_moves_labeled/religion/001-LIFE_IN_RHYTHM___THE_RHYTHM_OF_PRAYER.json,religion:001-LIFE_IN_RHYTHM___THE_RHYTHM_OF_PRAYER:2,2,religion:001-LIFE_IN_RHYTHM___THE_RHYTHM_OF_PRAYER:3,3,Assert / Elaborate,1250,106,10,3,10,2,True,[6],[7],25,True,607599112efa1d44912772c38038fb82674f412c0e087b209876c440399a887b,,"[""raw_turn"", ""raw_turn_with_history"", ""raw_turn_plus_assumptions"", ""explicit_only"", ""explicit_plus_top3_assumptions"", ""explicit_plus_shuffled_assumptions"", ""explicit_plus_wrong_episode_assumptions""]"
religion:001-LIFE_IN_RHYTHM___THE_RHYTHM_OF_PRAYER:5:6,religion,001-LIFE_IN_RHYTHM___THE_RHYTHM_OF_PRAYER,data_cleaned/conversation_moves_labeled/religion/001-LIFE_IN_RHYTHM___THE_RHYTHM_OF_PRAYER.json,religion:001-LIFE_IN_RHYTHM___THE_RHYTHM_OF_PRAYER:5,5,religion:001-LIFE_IN_RHYTHM___THE_RHYTHM_OF_PRAYER:6,6,Assert / Elaborate,214,103,10,3,10,3,True,[15],[16],25,True,d4dbc6437087affe952281adbc50c9ccd7be9e5570b2facf29372ff1a1a9f6ed,,"[""raw_turn"", ""raw_turn_with_history"", ""raw_turn_plus_assumptions"", ""explicit_only"", ""explicit_plus_top3_assumptions"", ""explicit_plus_shuffled_assumptions"", ""explicit_plus_wrong_episode_assumptions""]"
religion:001-LIFE_IN_RHYTHM___THE_RHYTHM_OF_PRAYER:6:7,religion,001-LIFE_IN_RHYTHM___THE_RHYTHM_OF_PRAYER,data_cleaned/conversation_moves_labeled/religion/001-LIFE_IN_RHYTHM___THE_RHYTHM_OF_PRAYER.json,religion:001-LIFE_IN_RHYTHM___THE_RHYTHM_OF_PRAYER:6,6,religion:001-LIFE_IN_RHYTHM___THE_RHYTHM_OF_PRAYER:7,7,Agree / Align,697,102,10,3,10,3,True,[16],[17],25,True,9322b242ff95b970fb8bf069a9c917e204ddc5c7e3260be9325bb87e13fac811,,"[""raw_turn"", ""raw_turn_with_history"", ""raw_turn_plus_assumptions"", ""explicit_only"", ""explicit_plus_top3_assumptions"", ""explicit_plus_shuffled_assumptions"", ""explicit_plus_wrong_episode_assumptions""]"
religion:001-LIFE_IN_RHYTHM___THE_RHYTHM_OF_PRAYER:7:8,religion,001-LIFE_IN_RHYTHM___THE_RHYTHM_OF_PRAYER,data_cleaned/conversation_moves_labeled/religion/001-LIFE_IN_RHYTHM___THE_RHYTHM_OF_PRAYER.json,religion:001-LIFE_IN_RHYTHM___THE_RHYTHM_OF_PRAYER:7,7,religion:001-LIFE_IN_RHYTHM___THE_RHYTHM_OF_PRAYER:8,8,Assert / Elaborate,807,106,10,3,10,3,True,[17],[18],25,True,bcf4d43ec20bdeba3d55ab150178792730d0aec8f9a400358d02b3a747e855c9,,"[""raw_turn"", ""raw_turn_with_history"", ""raw_turn_plus_assumptions"", ""explicit_only"", ""explicit_plus_top3_assumptions"", ""explicit_plus_shuffled_assumptions"", ""explicit_plus_wrong_episode_assumptions""]"
religion:001-LIFE_IN_RHYTHM___THE_RHYTHM_OF_PRAYER:8:9,religion,001-LIFE_IN_RHYTHM___THE_RHYTHM_OF_PRAYER,data_cleaned/conversation_moves_labeled/religion/001-LIFE_IN_RHYTHM___THE_RHYTHM_OF_PRAYER.json,religion:001-LIFE_IN_RHYTHM___THE_RHYTHM_OF_PRAYER:8,8,religion:001-LIFE_IN_RHYTHM___THE_RHYTHM_OF_PRAYER:9,9,Assert / Elaborate,1396,103,10,3,10,3,True,[18],[19],25,True,f01e8f8f710c85aeb853348f5ffb0b5222b6ca57d982ad6b77c8899135302f22,,"[""raw_turn"", ""raw_turn_with_history"", ""raw_turn_plus_assumptions"", ""explicit_only"", ""explicit_plus_top3_assumptions"", ""explicit_plus_shuffled_assumptions"", ""explicit_plus_wrong_episode_assumptions""]"
religion:001_How_Can_I_Help_My_Children_Gain_their_own_Testimony:0:1,religion,001_How_Can_I_Help_My_Children_Gain_their_own_Testimony,data_cleaned/conversation_moves_labeled/religion/001_How_Can_I_Help_My_Children_Gain_their_own_Testimony.json,religion:001_How_Can_I_Help_My_Children_Gain_their_own_Testimony:0,0,religion:001_How_Can_I_Help_My_Children_Gain_their_own_Testimony:1,1,Assert / Elaborate,427,100,10,3,10,0,True,[0],[1],25,True,63936297c0ce17919222d2b76770694c5da13e6c80eaf15d2d6d8d6763ac9217,,"[""raw_turn"", ""raw_turn_with_history"", ""raw_turn_plus_assumptions"", ""explicit_only"", ""explicit_plus_top3_assumptions"", ""explicit_plus_shuffled_assumptions"", ""explicit_plus_wrong_episode_assumptions""]"
religion:001_How_Can_I_Help_My_Children_Gain_their_own_Testimony:1:2,religion,001_How_Can_I_Help_My_Children_Gain_their_own_Testimony,data_cleaned/conversation_moves_labeled/religion/001_How_Can_I_Help_My_Children_Gain_their_own_Testimony.json,religion:001_How_Can_I_Help_My_Children_Gain_their_own_Testimony:1,1,religion:001_How_Can_I_Help_My_Children_Gain_their_own_Testimony:2,2,Assert / Elaborate,60,60,3,3,5,1,True,[1],[2],25,True,5f4825b50e1048db0d5cf1939aa333b1b1c8dbea830fe570b45c43c356ca2e8a,,"[""raw_turn"", ""raw_turn_with_history"", ""raw_turn_plus_assumptions"", ""explicit_only"", ""explicit_plus_top3_assumptions"", ""explicit_plus_shuffled_assumptions"", ""explicit_plus_wrong_episode_assumptions""]"
religion:001_How_Can_I_Help_My_Children_Gain_their_own_Testimony:4:5,religion,001_How_Can_I_Help_My_Children_Gain_their_own_Testimony,data_cleaned/conversation_moves_labeled/religion/001_How_Can_I_Help_My_Children_Gain_their_own_Testimony.json,religion:001_How_Can_I_Help_My_Children_Gain_their_own_Testimony:4,4,religion:001_How_Can_I_Help_My_Children_Gain_their_own_Testimony:5,5,Assert / Elaborate,193,102,10,3,10,3,True,[4],[5],25,True,33454b9475e325f249e9f30cfb5581e3cf974913dbb4777ad68db09f8a16a2eb,,"[""raw_turn"", ""raw_turn_with_history"", ""raw_turn_plus_assumptions"", ""explicit_only"", ""explicit_plus_top3_assumptions"", ""explicit_plus_shuffled_assumptions"", ""explicit_plus_wrong_episode_assumptions""]"
religion:001_How_Can_I_Help_My_Children_Gain_their_own_Testimony:11:12,religion,001_How_Can_I_Help_My_Children_Gain_their_own_Testimony,data_cleaned/conversation_moves_labeled/religion/001_How_Can_I_Help_My_Children_Gain_their_own_Testimony.json,religion:001_How_Can_I_Help_My_Children_Gain_their_own_Testimony:11,11,religion:001_How_Can_I_Help_My_Children_Gain_their_own_Testimony:12,12,Clarification Request (Specific),386,100,8,3,7,3,True,[19],[20],25,True,5b94d96fcbb155e3254dc3a2d887552a2e13e656ff3acbb67c10265b7ba28255,,"[""raw_turn"", ""raw_turn_with_history"", ""raw_turn_plus_assumptions"", ""explicit_only"", ""explicit_plus_top3_assumptions"", ""explicit_plus_shuffled_assumptions"", ""explicit_plus_wrong_episode_assumptions""]"
religion:001_How_Can_I_Help_My_Children_Gain_their_own_Testimony:12:13,religion,001_How_Can_I_Help_My_Children_Gain_their_own_Testimony,data_cleaned/conversation_moves_labeled/religion/001_How_Can_I_Help_My_Children_Gain_their_own_Testimony.json,religion:001_How_Can_I_Help_My_Children_Gain_their_own_Testimony:12,12,religion:001_How_Can_I_Help_My_Children_Gain_their_own_Testimony:13,13,Assert / Elaborate,194,105,10,3,10,3,True,[20],[21],25,True,542a261ae4f750a92c954b6223badee8da239a59b4f661a8d2c5d50d4141a5fa,,"[""raw_turn"", ""raw_turn_with_history"", ""raw_turn_plus_assumptions"", ""explicit_only"", ""explicit_plus_top3_assumptions"", ""explicit_plus_shuffled_assumptions"", ""explicit_plus_wrong_episode_assumptions""]"
religion:002_Never_Give_Up_On_Your_Dreams:0:1,religion,002_Never_Give_Up_On_Your_Dreams,data_cleaned/conversation_moves_labeled/religion/002_Never_Give_Up_On_Your_Dreams.json,religion:002_Never_Give_Up_On_Your_Dreams:0,0,religion:002_Never_Give_Up_On_Your_Dreams:1,1,Assert / Elaborate,64,64,7,3,7,0,True,[1],[2],25,True,2d286082cf9f793e4c4abce7ac701adbe92ba1efd65047059156315294cb7a91,,"[""raw_turn"", ""raw_turn_with_history"", ""raw_turn_plus_assumptions"", ""explicit_only"", ""explicit_plus_top3_assumptions"", ""explicit_plus_shuffled_assumptions""]"
religion:003_Living_a__Let_it_Go__Life__Even_as_a_Go-Getter__with_Stephanie_O_Hara:1:2,religion,003_Living_a__Let_it_Go__Life__Even_as_a_Go-Getter__with_Stephanie_O_Hara,data_cleaned/conversation_moves_labeled/religion/003_Living_a__Let_it_Go__Life__Even_as_a_Go-Getter__with_Stephanie_O_Hara.json,religion:003_Living_a__Let_it_Go__Life__Even_as_a_Go-Getter__with_Stephanie_O_Hara:1,1,religion:003_Living_a__Let_it_Go__Life__Even_as_a_Go-Getter__with_Stephanie_O_Hara:2,2,Assert / Elaborate,265,101,10,3,10,1,True,[3],[4],25,True,7891a6585afec7d7fdd1692f48c1b2c87dc8adeaa56662e6f2d15c3755b819f6,,"[""raw_turn"", ""raw_turn_with_history"", ""raw_turn_plus_assumptions"", ""explicit_only"", ""explicit_plus_top3_assumptions"", ""explicit_plus_shuffled_assumptions"", ""explicit_plus_wrong_episode_assumptions""]"
religion:003_Living_a__Let_it_Go__Life__Even_as_a_Go-Getter__with_Stephanie_O_Hara:2:3,religion,003_Living_a__Let_it_Go__Life__Even_as_a_Go-Getter__with_Stephanie_O_Hara,data_cleaned/conversation_moves_labeled/religion/003_Living_a__Let_it_Go__Life__Even_as_a_Go-Getter__with_Stephanie_O_Hara.json,religion:003_Living_a__Let_it_Go__Life__Even_as_a_Go-Getter__with_Stephanie_O_Hara:2,2,religion:003_Living_a__Let_it_Go__Life__Even_as_a_Go-Getter__with_Stephanie_O_Hara:3,3,Assert / Elaborate,234,100,10,3,10,2,True,[4],[5],25,True,2a9edfdbf8583442cfc48cc5cb1b3478220da157a339da491f03f07faf26c678,,"[""raw_turn"", ""raw_turn_with_history"", ""raw_turn_plus_assumptions"", ""explicit_only"", ""explicit_plus_top3_assumptions"", ""explicit_plus_shuffled_assumptions"", ""explicit_plus_wrong_episode_assumptions""]"
religion:003_Living_a__Let_it_Go__Life__Even_as_a_Go-Getter__with_Stephanie_O_Hara:3:4,religion,003_Living_a__Let_it_Go__Life__Even_as_a_Go-Getter__with_Stephanie_O_Hara,data_cleaned/conversation_moves_labeled/religion/003_Living_a__Let_it_Go__Life__Even_as_a_Go-Getter__with_Stephanie_O_Hara.json,religion:003_Living_a__Let_it_Go__Life__Even_as_a_Go-Getter__with_Stephanie_O_Hara:3,3,religion:003_Living_a__Let_it_Go__Life__Even_as_a_Go-Getter__with_Stephanie_O_Hara:4,4,Assert / Elaborate,132,95,7,3,7,3,True,[5],[6],25,True,4e8ceddfaee9221540869fd817c8ae44dbc094b380499ed65d822c91b2c4ad50,,"[""raw_turn"", ""raw_turn_with_history"", ""raw_turn_plus_assumptions"", ""explicit_only"", ""explicit_plus_top3_assumptions"", ""explicit_plus_shuffled_assumptions"", ""explicit_plus_wrong_episode_assumptions""]"
religion:003_Living_a__Let_it_Go__Life__Even_as_a_Go-Getter__with_Stephanie_O_Hara:4:5,religion,003_Living_a__Let_it_Go__Life__Even_as_a_Go-Getter__with_Stephanie_O_Hara,data_cleaned/conversation_moves_labeled/religion/003_Living_a__Let_it_Go__Life__Even_as_a_Go-Getter__with_Stephanie_O_Hara.json,religion:003_Living_a__Let_it_Go__Life__Even_as_a_Go-Getter__with_Stephanie_O_Hara:4,4,religion:003_Living_a__Let_it_Go__Life__Even_as_a_Go-Getter__with_Stephanie_O_Hara:5,5,Assert / Elaborate,182,97,7,3,7,3,True,[6],[7],25,True,829e8e37dd939a168be92238220590b0eecf8a0f07f4b2c0e2404e33331ea33a,,"[""raw_turn"", ""raw_turn_with_history"", ""raw_turn_plus_assumptions"", ""explicit_only"", ""explicit_plus_top3_assumptions"", ""explicit_plus_shuffled_assumptions"", ""explicit_plus_wrong_episode_assumptions""]"
religion:003_Living_a__Let_it_Go__Life__Even_as_a_Go-Getter__with_Stephanie_O_Hara:9:10,religion,003_Living_a__Let_it_Go__Life__Even_as_a_Go-Getter__with_Stephanie_O_Hara,data_cleaned/conversation_moves_labeled/religion/003_Living_a__Let_it_Go__Life__Even_as_a_Go-Getter__with_Stephanie_O_Hara.json,religion:003_Living_a__Let_it_Go__Life__Even_as_a_Go-Getter__with_Stephanie_O_Hara:9,9,religion:003_Living_a__Let_it_Go__Life__Even_as_a_Go-Getter__with_Stephanie_O_Hara:10,10,Agree / Align,265,108,10,3,10,3,True,[15],[16],25,True,16af4079140a56819c0a95fbf2a6c006bc324ed7dab8fd318ea2bf527136331c,,"[""raw_turn"", ""raw_turn_with_history"", ""raw_turn_plus_assumptions"", ""explicit_only"", ""explicit_plus_top3_assumptions"", ""explicit_plus_shuffled_assumptions"", ""explicit_plus_wrong_episode_assumptions""]"
religion:003_Living_a__Let_it_Go__Life__Even_as_a_Go-Getter__with_Stephanie_O_Hara:10:11,religion,003_Living_a__Let_it_Go__Life__Even_as_a_Go-Getter__with_Stephanie_O_Hara,data_cleaned/conversation_moves_labeled/religion/003_Living_a__Let_it_Go__Life__Even_as_a_Go-Getter__with_Stephanie_O_Hara.json,religion:003_Living_a__Let_it_Go__Life__Even_as_a_Go-Getter__with_Stephanie_O_Hara:10,10,religion:003_Living_a__Let_it_Go__Life__Even_as_a_Go-Getter__with_Stephanie_O_Hara:11,11,Assert / Elaborate,92,92,7,3,5,3,True,[16],[17],25,True,098836000c8e579165b70ffab6eacfabdcdae425aa5a6f76b3b11e1a8f22024a,,"[""raw_turn"", ""raw_turn_with_history"", ""raw_turn_plus_assumptions"", ""explicit_only"", ""explicit_plus_top3_assumptions"", ""explicit_plus_shuffled_assumptions"", ""explicit_plus_wrong_episode_assumptions""]"
religion:003_Living_a__Let_it_Go__Life__Even_as_a_Go-Getter__with_Stephanie_O_Hara:11:12,religion,003_Living_a__Let_it_Go__Life__Even_as_a_Go-Getter__with_Stephanie_O_Hara,data_cleaned/conversation_moves_labeled/religion/003_Living_a__Let_it_Go__Life__Even_as_a_Go-Getter__with_Stephanie_O_Hara.json,religion:003_Living_a__Let_it_Go__Life__Even_as_a_Go-Getter__with_Stephanie_O_Hara:11,11,religion:003_Living_a__Let_it_Go__Life__Even_as_a_Go-Getter__with_Stephanie_O_Hara:12,12,Agree / Align,156,101,6,3,5,3,True,[17],[18],25,True,604c0e1a060c989ffa0015377049c310f93490cf71d3049fd408a80aee285bc2,,"[""raw_turn"", ""raw_turn_with_history"", ""raw_turn_plus_assumptions"", ""explicit_only"", ""explicit_plus_top3_assumptions"", ""explicit_plus_shuffled_assumptions"", ""explicit_plus_wrong_episode_assumptions""]"
religion:004-_MEMORY_LANE_WITH_DAD:1:2,religion,004-_MEMORY_LANE_WITH_DAD,data_cleaned/conversation_moves_labeled/religion/004-_MEMORY_LANE_WITH_DAD.json,religion:004-_MEMORY_LANE_WITH_DAD:1,1,religion:004-_MEMORY_LANE_WITH_DAD:2,2,Assert / Elaborate,580,100,10,3,10,1,True,[3],[4],25,True,5d23599eb6901f4a5bf7b9fb2702707c08b7d79c4b9af246bdf668a89f503ce1,,"[""raw_turn"", ""raw_turn_with_history"", ""raw_turn_plus_assumptions"", ""explicit_only"", ""explicit_plus_top3_assumptions"", ""explicit_plus_shuffled_assumptions"", ""explicit_plus_wrong_episode_assumptions""]"
religion:004-_MEMORY_LANE_WITH_DAD:7:8,religion,004-_MEMORY_LANE_WITH_DAD,data_cleaned/conversation_moves_labeled/religion/004-_MEMORY_LANE_WITH_DAD.json,religion:004-_MEMORY_LANE_WITH_DAD:7,7,religion:004-_MEMORY_LANE_WITH_DAD:8,8,Topic Shift,168,106,8,3,8,3,True,[15],[16],25,True,f979a5fa9b0d13c0915945b37aec0266342c8a8147b59e28b945bffb9cfc570c,,"[""raw_turn"", ""raw_turn_with_history"", ""raw_turn_plus_assumptions"", ""explicit_only"", ""explicit_plus_top3_assumptions"", ""explicit_plus_shuffled_assumptions"", ""explicit_plus_wrong_episode_assumptions""]"
sports:006_-_Greg_Bielecki__La_Salle_College_High_School_2:5:6,sports,006_-_Greg_Bielecki__La_Salle_College_High_School_2,data_cleaned/conversation_moves_labeled/sports/006_-_Greg_Bielecki__La_Salle_College_High_School_2.json,sports:006_-_Greg_Bielecki__La_Salle_College_High_School_2:5,5,sports:006_-_Greg_Bielecki__La_Salle_College_High_School_2:6,6,Assert / Elaborate,69,69,4,3,5,3,True,[19],[20],25,True,11726dae1775408b6297f8cf89be1575a68c69efc3a3bec3076cf2ffa2354356,,"[""raw_turn"", ""raw_turn_with_history"", ""raw_turn_plus_assumptions"", ""explicit_only"", ""explicit_plus_top3_assumptions"", ""explicit_plus_shuffled_assumptions"", ""explicit_plus_wrong_episode_assumptions""]"
sports:006_-_Greg_Bielecki__La_Salle_College_High_School_2:6:7,sports,006_-_Greg_Bielecki__La_Salle_College_High_School_2,data_cleaned/conversation_moves_labeled/sports/006_-_Greg_Bielecki__La_Salle_College_High_School_2.json,sports:006_-_Greg_Bielecki__La_Salle_College_High_School_2:6,6,sports:006_-_Greg_Bielecki__La_Salle_College_High_School_2:7,7,Agree / Align,507,111,10,3,10,3,True,[20],[21],25,True,9c2231192767eedb0e4b141e975852cc46cbbbad72086f1ce5f02a1464469199,,"[""raw_turn"", ""raw_turn_with_history"", ""raw_turn_plus_assumptions"", ""explicit_only"", ""explicit_plus_top3_assumptions"", ""explicit_plus_shuffled_assumptions"", ""explicit_plus_wrong_episode_assumptions""]"
sports:006_-_Greg_Bielecki__La_Salle_College_High_School_2:7:8,sports,006_-_Greg_Bielecki__La_Salle_College_High_School_2,data_cleaned/conversation_moves_labeled/sports/006_-_Greg_Bielecki__La_Salle_College_High_School_2.json,sports:006_-_Greg_Bielecki__La_Salle_College_High_School_2:7,7,sports:006_-_Greg_Bielecki__La_Salle_College_High_School_2:8,8,Assert / Elaborate,90,90,5,3,5,3,True,[21],[22],25,True,c5828c20b764f59054ebb4330150fc37990418912c2b43074559f3cb90a8d469,,"[""raw_turn"", ""raw_turn_with_history"", ""raw_turn_plus_assumptions"", ""explicit_only"", ""explicit_plus_top3_assumptions"", ""explicit_plus_shuffled_assumptions"", ""explicit_plus_wrong_episode_assumptions""]"
sports:006_-_Greg_Bielecki__La_Salle_College_High_School_2:8:9,sports,006_-_Greg_Bielecki__La_Salle_College_High_School_2,data_cleaned/conversation_moves_labeled/sports/006_-_Greg_Bielecki__La_Salle_College_High_School_2.json,sports:006_-_Greg_Bielecki__La_Salle_College_High_School_2:8,8,sports:006_-_Greg_Bielecki__La_Salle_College_High_School_2:9,9,Assert / Elaborate,323,103,10,3,10,3,True,[22],[23],25,True,4aa24370c486e46ff33eeb5b56dea214ab06a0fecddb29bfdf73db1fe61bd005,,"[""raw_turn"", ""raw_turn_with_history"", ""raw_turn_plus_assumptions"", ""explicit_only"", ""explicit_plus_top3_assumptions"", ""explicit_plus_shuffled_assumptions"", ""explicit_plus_wrong_episode_assumptions""]"
sports:006_-_Greg_Bielecki__La_Salle_College_High_School_2:9:10,sports,006_-_Greg_Bielecki__La_Salle_College_High_School_2,data_cleaned/conversation_moves_labeled/sports/006_-_Greg_Bielecki__La_Salle_College_High_School_2.json,sports:006_-_Greg_Bielecki__La_Salle_College_High_School_2:9,9,sports:006_-_Greg_Bielecki__La_Salle_College_High_School_2:10,10,Assert / Elaborate,114,104,5,3,5,3,True,[23],[24],25,True,bfe07c5319409bce0a53d9c4cdd0035ccbffab911054e28c32507499bc804506,,"[""raw_turn"", ""raw_turn_with_history"", ""raw_turn_plus_assumptions"", ""explicit_only"", ""explicit_plus_top3_assumptions"", ""explicit_plus_shuffled_assumptions"", ""explicit_plus_wrong_episode_assumptions""]"
sports:006_-_Greg_Bielecki__La_Salle_College_High_School_2:10:11,sports,006_-_Greg_Bielecki__La_Salle_College_High_School_2,data_cleaned/conversation_moves_labeled/sports/006_-_Greg_Bielecki__La_Salle_College_High_School_2.json,sports:006_-_Greg_Bielecki__La_Salle_College_High_School_2:10,10,sports:006_-_Greg_Bielecki__La_Salle_College_High_School_2:11,11,Assert / Elaborate,1360,99,10,3,10,3,True,[24],[25],25,True,20155e5d8c8c1ed365c05db2d5e1ec798b0ed37bb648d8bfbc45c9721511fd3d,,"[""raw_turn"", ""raw_turn_with_history"", ""raw_turn_plus_assumptions"", ""explicit_only"", ""explicit_plus_top3_assumptions"", ""explicit_plus_shuffled_assumptions"", ""explicit_plus_wrong_episode_assumptions""]"
sports:006_-_Greg_Bielecki__La_Salle_College_High_School_2:17:18,sports,006_-_Greg_Bielecki__La_Salle_College_High_School_2,data_cleaned/conversation_moves_labeled/sports/006_-_Greg_Bielecki__La_Salle_College_High_School_2.json,sports:006_-_Greg_Bielecki__La_Salle_College_High_School_2:17,17,sports:006_-_Greg_Bielecki__La_Salle_College_High_School_2:18,18,Assert / Elaborate,61,61,4,3,5,3,True,[45],[46],25,True,f2b130cc9790f94d18274b5e29b6f078bc87cb4cfc8569db566074acad6a6136,,"[""raw_turn"", ""raw_turn_with_history"", ""raw_turn_plus_assumptions"", ""explicit_only"", ""explicit_plus_top3_assumptions"", ""explicit_plus_shuffled_assumptions"", ""explicit_plus_wrong_episode_assumptions""]"
sports:006_-_Greg_Bielecki__La_Salle_College_High_School_2:23:24,sports,006_-_Greg_Bielecki__La_Salle_College_High_School_2,data_cleaned/conversation_moves_labeled/sports/006_-_Greg_Bielecki__La_Salle_College_High_School_2.json,sports:006_-_Greg_Bielecki__La_Salle_College_High_School_2:23,23,sports:006_-_Greg_Bielecki__La_Salle_College_High_School_2:24,24,Assert / Elaborate,55,55,3,3,4,3,True,[61],[62],25,True,21435f813824bd6aae0d9c10026728f6622b2a858dc7f439db55fc978e65394d,,"[""raw_turn"", ""raw_turn_with_history"", ""raw_turn_plus_assumptions"", ""explicit_only"", ""explicit_plus_top3_assumptions"", ""explicit_plus_shuffled_assumptions"", ""explicit_plus_wrong_episode_assumptions""]"
sports:006_-_Greg_Bielecki__La_Salle_College_High_School_2:24:25,sports,006_-_Greg_Bielecki__La_Salle_College_High_School_2,data_cleaned/conversation_moves_labeled/sports/006_-_Greg_Bielecki__La_Salle_College_High_School_2.json,sports:006_-_Greg_Bielecki__La_Salle_College_High_School_2:24,24,sports:006_-_Greg_Bielecki__La_Salle_College_High_School_2:25,25,Agree / Align,245,102,10,3,10,3,True,[62],[63],25,True,a5059aa2823ffdd95c2454e95ba10d661b5f79bc7d480291c7033f1145c02cc4,,"[""raw_turn"", ""raw_turn_with_history"", ""raw_turn_plus_assumptions"", ""explicit_only"", ""explicit_plus_top3_assumptions"", ""explicit_plus_shuffled_assumptions"", ""explicit_plus_wrong_episode_assumptions""]"
sports:034__Looking_Ahead:0:1,sports,034__Looking_Ahead,data_cleaned/conversation_moves_labeled/sports/034__Looking_Ahead.json,sports:034__Looking_Ahead:0,0,sports:034__Looking_Ahead:1,1,Assert / Elaborate,56,56,10,3,10,0,True,[0],[1],25,True,e9d2c5e9feb025850fa03281a868f9d97f8d16288811e38a99e9d607abcabfc0,,"[""raw_turn"", ""raw_turn_with_history"", ""raw_turn_plus_assumptions"", ""explicit_only"", ""explicit_plus_top3_assumptions"", ""explicit_plus_shuffled_assumptions"", ""explicit_plus_wrong_episode_assumptions""]"
sports:034__Looking_Ahead:1:2,sports,034__Looking_Ahead,data_cleaned/conversation_moves_labeled/sports/034__Looking_Ahead.json,sports:034__Looking_Ahead:1,1,sports:034__Looking_Ahead:2,2,Assert / Elaborate,152,108,5,3,5,1,True,[1],[2],25,True,8a5a01b003d672b0a0d77113dbe45045d72382172ae9f5e78c0c88ea724293a5,,"[""raw_turn"", ""raw_turn_with_history"", ""raw_turn_plus_assumptions"", ""explicit_only"", ""explicit_plus_top3_assumptions"", ""explicit_plus_shuffled_assumptions"", ""explicit_plus_wrong_episode_assumptions""]"
sports:034__Looking_Ahead:2:3,sports,034__Looking_Ahead,data_cleaned/conversation_moves_labeled/sports/034__Looking_Ahead.json,sports:034__Looking_Ahead:2,2,sports:034__Looking_Ahead:3,3,Assert / Elaborate,158,102,8,3,7,2,True,[2],[3],25,True,85b42a3935d9c8fe8cb6d1a8509a41e6316542cf7e29ed86fe89c2fabaeb83a1,,"[""raw_turn"", ""raw_turn_with_history"", ""raw_turn_plus_assumptions"", ""explicit_only"", ""explicit_plus_top3_assumptions"", ""explicit_plus_shuffled_assumptions"", ""explicit_plus_wrong_episode_assumptions""]"
sports:034__Looking_Ahead:3:4,sports,034__Looking_Ahead,data_cleaned/conversation_moves_labeled/sports/034__Looking_Ahead.json,sports:034__Looking_Ahead:3,3,sports:034__Looking_Ahead:4,4,Assert / Elaborate,476,103,9,3,10,3,True,[3],[4],25,True,896c0b7785395f50954670ff618a8f29a52484cf0f2f6472e693ee697313b0e4,,"[""raw_turn"", ""raw_turn_with_history"", ""raw_turn_plus_assumptions"", ""explicit_only"", ""explicit_plus_top3_assumptions"", ""explicit_plus_shuffled_assumptions"", ""explicit_plus_wrong_episode_assumptions""]"
sports:034__Looking_Ahead:4:5,sports,034__Looking_Ahead,data_cleaned/conversation_moves_labeled/sports/034__Looking_Ahead.json,sports:034__Looking_Ahead:4,4,sports:034__Looking_Ahead:5,5,Assert / Elaborate,350,102,10,3,10,3,True,[4],[5],25,True,44006d50bc743412823004c613f12194c3b05fc8d6d79d4cbe029de04be807d8,,"[""raw_turn"", ""raw_turn_with_history"", ""raw_turn_plus_assumptions"", ""explicit_only"", ""explicit_plus_top3_assumptions"", ""explicit_plus_shuffled_assumptions"", ""explicit_plus_wrong_episode_assumptions""]"
sports:034__Looking_Ahead:5:6,sports,034__Looking_Ahead,data_cleaned/conversation_moves_labeled/sports/034__Looking_Ahead.json,sports:034__Looking_Ahead:5,5,sports:034__Looking_Ahead:6,6,Assert / Elaborate,611,105,10,3,10,3,True,[5],[6],25,True,f56fd9998b59fbfd3a2e5454fc1ab093d3124f2683995b804d809f1648204d36,,"[""raw_turn"", ""raw_turn_with_history"", ""raw_turn_plus_assumptions"", ""explicit_only"", ""explicit_plus_top3_assumptions"", ""explicit_plus_shuffled_assumptions"", ""explicit_plus_wrong_episode_assumptions""]"
sports:034__Looking_Ahead:6:7,sports,034__Looking_Ahead,data_cleaned/conversation_moves_labeled/sports/034__Looking_Ahead.json,sports:034__Looking_Ahead:6,6,sports:034__Looking_Ahead:7,7,Assert / Elaborate,280,102,10,3,10,3,True,[6],[7],25,True,63ec3d00977fc12bce13452db52c733ae8f14e5643b9537d3fc4356462dfd6b6,,"[""raw_turn"", ""raw_turn_with_history"", ""raw_turn_plus_assumptions"", ""explicit_only"", ""explicit_plus_top3_assumptions"", ""explicit_plus_shuffled_assumptions"", ""explicit_plus_wrong_episode_assumptions""]"
sports:034__Looking_Ahead:7:8,sports,034__Looking_Ahead,data_cleaned/conversation_moves_labeled/sports/034__Looking_Ahead.json,sports:034__Looking_Ahead:7,7,sports:034__Looking_Ahead:8,8,Assert / Elaborate,514,101,0,0,0,3,True,[7],[8],25,True,2bfe5d7e8faba756f5ec5202cb738d78de858899d1ace112fb4a4492b1ce27ba,,"[""raw_turn"", ""raw_turn_with_history"", ""raw_turn_plus_assumptions"", ""explicit_only"", ""explicit_plus_top3_assumptions"", ""explicit_plus_shuffled_assumptions"", ""explicit_plus_wrong_episode_assumptions""]"
sports:034__Looking_Ahead:8:9,sports,034__Looking_Ahead,data_cleaned/conversation_moves_labeled/sports/034__Looking_Ahead.json,sports:034__Looking_Ahead:8,8,sports:034__Looking_Ahead:9,9,Assert / Elaborate,430,103,10,3,10,3,True,[8],[9],25,True,08806022a7b18dc5bd4c6b37d85f7d5f7760b8a50f8773d2d597001bdd407c28,,"[""raw_turn"", ""raw_turn_with_history"", ""raw_turn_plus_assumptions"", ""explicit_only"", ""explicit_plus_top3_assumptions"", ""explicit_plus_shuffled_assumptions"", ""explicit_plus_wrong_episode_assumptions""]"
sports:034__Looking_Ahead:9:10,sports,034__Looking_Ahead,data_cleaned/conversation_moves_labeled/sports/034__Looking_Ahead.json,sports:034__Looking_Ahead:9,9,sports:034__Looking_Ahead:10,10,Agree / Align,363,105,10,3,10,3,True,[9],[10],25,True,a8cd60eaddaaf12a59e384d6a35bef46beaa08e17864da6f1a75a1f8e95b56c0,,"[""raw_turn"", ""raw_turn_with_history"", ""raw_turn_plus_assumptions"", ""explicit_only"", ""explicit_plus_top3_assumptions"", ""explicit_plus_shuffled_assumptions"", ""explicit_plus_wrong_episode_assumptions""]"
sports:034__Looking_Ahead:10:11,sports,034__Looking_Ahead,data_cleaned/conversation_moves_labeled/sports/034__Looking_Ahead.json,sports:034__Looking_Ahead:10,10,sports:034__Looking_Ahead:11,11,Assert / Elaborate,463,104,10,3,10,3,True,[10],[11],25,True,3c681ef196cf1f4dc4636b3cf982af1546d31e2655acd443b22ff2bf6267f0cd,,"[""raw_turn"", ""raw_turn_with_history"", ""raw_turn_plus_assumptions"", ""explicit_only"", ""explicit_plus_top3_assumptions"", ""explicit_plus_shuffled_assumptions"", ""explicit_plus_wrong_episode_assumptions""]"
sports:034__Looking_Ahead:11:12,sports,034__Looking_Ahead,data_cleaned/conversation_moves_labeled/sports/034__Looking_Ahead.json,sports:034__Looking_Ahead:11,11,sports:034__Looking_Ahead:12,12,Assert / Elaborate,426,107,10,3,10,3,True,[11],[12],25,True,786af2fcf4b919f5a1a2cbdc64452d6db8633b48e0f04151eb704443093cb470,,"[""raw_turn"", ""raw_turn_with_history"", ""raw_turn_plus_assumptions"", ""explicit_only"", ""explicit_plus_top3_assumptions"", ""explicit_plus_shuffled_assumptions"", ""explicit_plus_wrong_episode_assumptions""]"
sports:034__Looking_Ahead:12:13,sports,034__Looking_Ahead,data_cleaned/conversation_moves_labeled/sports/034__Looking_Ahead.json,sports:034__Looking_Ahead:12,12,sports:034__Looking_Ahead:13,13,Assert / Elaborate,405,103,10,3,10,3,True,[12],[13],25,True,3b64779317ca1c7f79e2d3fc852a702e247b12b1065ad4b86341d7d9961b3556,,"[""raw_turn"", ""raw_turn_with_history"", ""raw_turn_plus_assumptions"", ""explicit_only"", ""explicit_plus_top3_assumptions"", ""explicit_plus_shuffled_assumptions"", ""explicit_plus_wrong_episode_assumptions""]"
sports:034__Looking_Ahead:13:14,sports,034__Looking_Ahead,data_cleaned/conversation_moves_labeled/sports/034__Looking_Ahead.json,sports:034__Looking_Ahead:13,13,sports:034__Looking_Ahead:14,14,Answer,265,106,10,3,10,3,True,[13],[14],25,True,634e83a655f4e7ce51c3adde1af7c2bb84e21af302807686b4cd263abbd62586,,"[""raw_turn"", ""raw_turn_with_history"", ""raw_turn_plus_assumptions"", ""explicit_only"", ""explicit_plus_top3_assumptions"", ""explicit_plus_shuffled_assumptions"", ""explicit_plus_wrong_episode_assumptions""]"
sports:034__Looking_Ahead:14:15,sports,034__Looking_Ahead,data_cleaned/conversation_moves_labeled/sports/034__Looking_Ahead.json,sports:034__Looking_Ahead:14,14,sports:034__Looking_Ahead:15,15,Assert / Elaborate,330,101,10,3,10,3,True,[14],[15],25,True,ec30ad952733d032b2e0c441e6e9923fafbca076922efbfabb9a2e769cb40ad9,,"[""raw_turn"", ""raw_turn_with_history"", ""raw_turn_plus_assumptions"", ""explicit_only"", ""explicit_plus_top3_assumptions"", ""explicit_plus_shuffled_assumptions"", ""explicit_plus_wrong_episode_assumptions""]"
sports:034__Looking_Ahead:15:16,sports,034__Looking_Ahead,data_cleaned/conversation_moves_labeled/sports/034__Looking_Ahead.json,sports:034__Looking_Ahead:15,15,sports:034__Looking_Ahead:16,16,Assert / Elaborate,446,106,10,3,10,3,True,[15],[16],25,True,5584c95772ae657d866f67ae1f7b08587830c618702a3ecd86a778eb0e1bf09e,,"[""raw_turn"", ""raw_turn_with_history"", ""raw_turn_plus_assumptions"", ""explicit_only"", ""explicit_plus_top3_assumptions"", ""explicit_plus_shuffled_assumptions"", ""explicit_plus_wrong_episode_assumptions""]"
sports:034__Looking_Ahead:16:17,sports,034__Looking_Ahead,data_cleaned/conversation_moves_labeled/sports/034__Looking_Ahead.json,sports:034__Looking_Ahead:16,16,sports:034__Looking_Ahead:17,17,Assert / Elaborate,372,108,10,3,10,3,True,[16],[17],25,True,5e5b6917c098082933d6e6420bbcfd30b610284d6f8ebcedbcb4e0f7a4616834,,"[""raw_turn"", ""raw_turn_with_history"", ""raw_turn_plus_assumptions"", ""explicit_only"", ""explicit_plus_top3_assumptions"", ""explicit_plus_shuffled_assumptions"", ""explicit_plus_wrong_episode_assumptions""]"
sports:034__Looking_Ahead:17:18,sports,034__Looking_Ahead,data_cleaned/conversation_moves_labeled/sports/034__Looking_Ahead.json,sports:034__Looking_Ahead:17,17,sports:034__Looking_Ahead:18,18,Answer,462,103,10,3,10,3,True,[17],[18],25,True,8058010c4191c9cba98c7aae1e79438aa238514bd380e2d61dbd976e3bc22179,,"[""raw_turn"", ""raw_turn_with_history"", ""raw_turn_plus_assumptions"", ""explicit_only"", ""explicit_plus_top3_assumptions"", ""explicit_plus_shuffled_assumptions"", ""explicit_plus_wrong_episode_assumptions""]"
sports:034__Looking_Ahead:18:19,sports,034__Looking_Ahead,data_cleaned/conversation_moves_labeled/sports/034__Looking_Ahead.json,sports:034__Looking_Ahead:18,18,sports:034__Looking_Ahead:19,19,Answer,248,104,10,3,10,3,True,[18],[19],25,True,8dd20dd0f09062087a4be0842ada6656f1ade28d73661fefc43230a0535e566f,,"[""raw_turn"", ""raw_turn_with_history"", ""raw_turn_plus_assumptions"", ""explicit_only"", ""explicit_plus_top3_assumptions"", ""explicit_plus_shuffled_assumptions"", ""explicit_plus_wrong_episode_assumptions""]"
sports:034__Looking_Ahead:19:20,sports,034__Looking_Ahead,data_cleaned/conversation_moves_labeled/sports/034__Looking_Ahead.json,sports:034__Looking_Ahead:19,19,sports:034__Looking_Ahead:20,20,Agree / Align,194,101,10,3,10,3,True,[19],[20],25,True,3f3fcb40e143b69a3325d88f66038f543b380a0ba3d07126c50b1aa966d5c583,,"[""raw_turn"", ""raw_turn_with_history"", ""raw_turn_plus_assumptions"", ""explicit_only"", ""explicit_plus_top3_assumptions"", ""explicit_plus_shuffled_assumptions"", ""explicit_plus_wrong_episode_assumptions""]"
sports:034__Looking_Ahead:20:21,sports,034__Looking_Ahead,data_cleaned/conversation_moves_labeled/sports/034__Looking_Ahead.json,sports:034__Looking_Ahead:20,20,sports:034__Looking_Ahead:21,21,Assert / Elaborate,167,101,10,3,10,3,True,[20],[21],25,True,361e030862aa0996e88a7070167470f5807197f89929e4985ca00ba6d754fd76,,"[""raw_turn"", ""raw_turn_with_history"", ""raw_turn_plus_assumptions"", ""explicit_only"", ""explicit_plus_top3_assumptions"", ""explicit_plus_shuffled_assumptions"", ""explicit_plus_wrong_episode_assumptions""]"
sports:034__Looking_Ahead:21:22,sports,034__Looking_Ahead,data_cleaned/conversation_moves_labeled/sports/034__Looking_Ahead.json,sports:034__Looking_Ahead:21,21,sports:034__Looking_Ahead:22,22,Clarification Request (Specific),434,104,10,3,10,3,True,[21],[22],25,True,eadb9065d4e2e1e3e2d046782d5353a47d5e80d70059a65d5fd55670609ab72e,,"[""raw_turn"", ""raw_turn_with_history"", ""raw_turn_plus_assumptions"", ""explicit_only"", ""explicit_plus_top3_assumptions"", ""explicit_plus_shuffled_assumptions"", ""explicit_plus_wrong_episode_assumptions""]"
sports:034__Looking_Ahead:22:23,sports,034__Looking_Ahead,data_cleaned/conversation_moves_labeled/sports/034__Looking_Ahead.json,sports:034__Looking_Ahead:22,22,sports:034__Looking_Ahead:23,23,Assert / Elaborate,366,101,10,3,10,3,True,[22],[23],25,True,1f409570826031fefebaf366623ec3af5a185705719cf78983b8f5e79eddc3b5,,"[""raw_turn"", ""raw_turn_with_history"", ""raw_turn_plus_assumptions"", ""explicit_only"", ""explicit_plus_top3_assumptions"", ""explicit_plus_shuffled_assumptions"", ""explicit_plus_wrong_episode_assumptions""]"
sports:034__Looking_Ahead:23:24,sports,034__Looking_Ahead,data_cleaned/conversation_moves_labeled/sports/034__Looking_Ahead.json,sports:034__Looking_Ahead:23,23,sports:034__Looking_Ahead:24,24,Assert / Elaborate,379,109,10,3,9,3,True,[23],[24],25,True,364eec947bdb0d8517c156fb2176faf0247d1faba15328459886a2109af91be2,,"[""raw_turn"", ""raw_turn_with_history"", ""raw_turn_plus_assumptions"", ""explicit_only"", ""explicit_plus_top3_assumptions"", ""explicit_plus_shuffled_assumptions"", ""explicit_plus_wrong_episode_assumptions""]"
sports:034__Looking_Ahead:24:25,sports,034__Looking_Ahead,data_cleaned/conversation_moves_labeled/sports/034__Looking_Ahead.json,sports:034__Looking_Ahead:24,24,sports:034__Looking_Ahead:25,25,Assert / Elaborate,473,105,10,3,10,3,True,[24],[25],25,True,3ea5e86c539c96851210ebef9dc3fcdce5f36628fe1ba23dc7ab1d780cba459b,,"[""raw_turn"", ""raw_turn_with_history"", ""raw_turn_plus_assumptions"", ""explicit_only"", ""explicit_plus_top3_assumptions"", ""explicit_plus_shuffled_assumptions"", ""explicit_plus_wrong_episode_assumptions""]"
sports:034__Looking_Ahead:25:26,sports,034__Looking_Ahead,data_cleaned/conversation_moves_labeled/sports/034__Looking_Ahead.json,sports:034__Looking_Ahead:25,25,sports:034__Looking_Ahead:26,26,Assert / Elaborate,414,107,10,3,10,3,True,[25],[26],25,True,3a84d6297b144e87633bd4e871989b2ecd7ac3f6bdbe9171d5e107d29a6fcf29,,"[""raw_turn"", ""raw_turn_with_history"", ""raw_turn_plus_assumptions"", ""explicit_only"", ""explicit_plus_top3_assumptions"", ""explicit_plus_shuffled_assumptions"", ""explicit_plus_wrong_episode_assumptions""]"
sports:034__Looking_Ahead:26:27,sports,034__Looking_Ahead,data_cleaned/conversation_moves_labeled/sports/034__Looking_Ahead.json,sports:034__Looking_Ahead:26,26,sports:034__Looking_Ahead:27,27,Assert / Elaborate,293,103,10,3,10,3,True,[26],[27],25,True,5f17ba379699f99c03b019dc38667f8e3113bdcacb6f36c4f7b40e21066e9d1f,,"[""raw_turn"", ""raw_turn_with_history"", ""raw_turn_plus_assumptions"", ""explicit_only"", ""explicit_plus_top3_assumptions"", ""explicit_plus_shuffled_assumptions"", ""explicit_plus_wrong_episode_assumptions""]"
sports:034__Looking_Ahead:27:28,sports,034__Looking_Ahead,data_cleaned/conversation_moves_labeled/sports/034__Looking_Ahead.json,sports:034__Looking_Ahead:27,27,sports:034__Looking_Ahead:28,28,Assert / Elaborate,214,103,7,3,7,3,True,[27],[28],25,True,3b2d7bdcf94fbcf92317ed8f46f2d5d2766ee2d381c3d7d7252ad6d32bd32889,,"[""raw_turn"", ""raw_turn_with_history"", ""raw_turn_plus_assumptions"", ""explicit_only"", ""explicit_plus_top3_assumptions"", ""explicit_plus_shuffled_assumptions"", ""explicit_plus_wrong_episode_assumptions""]"
sports:06.09.2020__The_Bucks_are_headed_to_Disney_World_as_basketball_sets_return:0:1,sports,06.09.2020__The_Bucks_are_headed_to_Disney_World_as_basketball_sets_return,data_cleaned/conversation_moves_labeled/sports/06.09.2020__The_Bucks_are_headed_to_Disney_World_as_basketball_sets_return.json,sports:06.09.2020__The_Bucks_are_headed_to_Disney_World_as_basketball_sets_return:0,0,sports:06.09.2020__The_Bucks_are_headed_to_Disney_World_as_basketball_sets_return:1,1,Assert / Elaborate,203,102,6,3,5,0,True,[0],[1],25,True,405446191ca6c41a0e2652049187129e4d2cda7473245a982d995357d5ab80b3,,"[""raw_turn"", ""raw_turn_with_history"", ""raw_turn_plus_assumptions"", ""explicit_only"", ""explicit_plus_top3_assumptions"", ""explicit_plus_shuffled_assumptions"", ""explicit_plus_wrong_episode_assumptions""]"
sports:06.09.2020__The_Bucks_are_headed_to_Disney_World_as_basketball_sets_return:1:2,sports,06.09.2020__The_Bucks_are_headed_to_Disney_World_as_basketball_sets_return,data_cleaned/conversation_moves_labeled/sports/06.09.2020__The_Bucks_are_headed_to_Disney_World_as_basketball_sets_return.json,sports:06.09.2020__The_Bucks_are_headed_to_Disney_World_as_basketball_sets_return:1,1,sports:06.09.2020__The_Bucks_are_headed_to_Disney_World_as_basketball_sets_return:2,2,Assert / Elaborate,161,105,8,3,5,1,True,[1],[2],25,True,55f80044bf88610681ea7cd7eeac8ba24d3978455982aff23bd8fbc7969dc8aa,,"[""raw_turn"", ""raw_turn_with_history"", ""raw_turn_plus_assumptions"", ""explicit_only"", ""explicit_plus_top3_assumptions"", ""explicit_plus_shuffled_assumptions"", ""explicit_plus_wrong_episode_assumptions""]"
sports:06.09.2020__The_Bucks_are_headed_to_Disney_World_as_basketball_sets_return:2:3,sports,06.09.2020__The_Bucks_are_headed_to_Disney_World_as_basketball_sets_return,data_cleaned/conversation_moves_labeled/sports/06.09.2020__The_Bucks_are_headed_to_Disney_World_as_basketball_sets_return.json,sports:06.09.2020__The_Bucks_are_headed_to_Disney_World_as_basketball_sets_return:2,2,sports:06.09.2020__The_Bucks_are_headed_to_Disney_World_as_basketball_sets_return:3,3,Assert / Elaborate,321,104,10,3,10,2,True,[2],[3],25,True,dae5a32848e974dfbe9af2198fe9599b1544e34068c134928e9597783218dddf,,"[""raw_turn"", ""raw_turn_with_history"", ""raw_turn_plus_assumptions"", ""explicit_only"", ""explicit_plus_top3_assumptions"", ""explicit_plus_shuffled_assumptions"", ""explicit_plus_wrong_episode_assumptions""]"
sports:06.09.2020__The_Bucks_are_headed_to_Disney_World_as_basketball_sets_return:3:4,sports,06.09.2020__The_Bucks_are_headed_to_Disney_World_as_basketball_sets_return,data_cleaned/conversation_moves_labeled/sports/06.09.2020__The_Bucks_are_headed_to_Disney_World_as_basketball_sets_return.json,sports:06.09.2020__The_Bucks_are_headed_to_Disney_World_as_basketball_sets_return:3,3,sports:06.09.2020__The_Bucks_are_headed_to_Disney_World_as_basketball_sets_return:4,4,Assert / Elaborate,846,99,10,3,10,3,True,[3],[4],25,True,b49d864532afe6a942ad486f0c32967eda3ea44cee61d474e48d1370fbe6483c,,"[""raw_turn"", ""raw_turn_with_history"", ""raw_turn_plus_assumptions"", ""explicit_only"", ""explicit_plus_top3_assumptions"", ""explicit_plus_shuffled_assumptions"", ""explicit_plus_wrong_episode_assumptions""]"
sports:06.09.2020__The_Bucks_are_headed_to_Disney_World_as_basketball_sets_return:5:6,sports,06.09.2020__The_Bucks_are_headed_to_Disney_World_as_basketball_sets_return,data_cleaned/conversation_moves_labeled/sports/06.09.2020__The_Bucks_are_headed_to_Disney_World_as_basketball_sets_return.json,sports:06.09.2020__The_Bucks_are_headed_to_Disney_World_as_basketball_sets_return:5,5,sports:06.09.2020__The_Bucks_are_headed_to_Disney_World_as_basketball_sets_return:6,6,Clarification Request (Specific),479,106,10,3,10,3,True,[7],[8],25,True,96e66a52cf1a8bd0625d6cd8c7d23db67e41a097d7a2e5a00ca5fc991cbb5051,,"[""raw_turn"", ""raw_turn_with_history"", ""raw_turn_plus_assumptions"", ""explicit_only"", ""explicit_plus_top3_assumptions"", ""explicit_plus_shuffled_assumptions"", ""explicit_plus_wrong_episode_assumptions""]"
sports:06.09.2020__The_Bucks_are_headed_to_Disney_World_as_basketball_sets_return:6:7,sports,06.09.2020__The_Bucks_are_headed_to_Disney_World_as_basketball_sets_return,data_cleaned/conversation_moves_labeled/sports/06.09.2020__The_Bucks_are_headed_to_Disney_World_as_basketball_sets_return.json,sports:06.09.2020__The_Bucks_are_headed_to_Disney_World_as_basketball_sets_return:6,6,sports:06.09.2020__The_Bucks_are_headed_to_Disney_World_as_basketball_sets_return:7,7,Assert / Elaborate,193,106,8,3,8,3,True,[8],[9],25,True,37c16cb37ae152bd0e3b75ff0bde1b7cf27331edb1eee986d6534766d9c0d3f7,,"[""raw_turn"", ""raw_turn_with_history"", ""raw_turn_plus_assumptions"", ""explicit_only"", ""explicit_plus_top3_assumptions"", ""explicit_plus_shuffled_assumptions"", ""explicit_plus_wrong_episode_assumptions""]"
sports:06.09.2020__The_Bucks_are_headed_to_Disney_World_as_basketball_sets_return:7:8,sports,06.09.2020__The_Bucks_are_headed_to_Disney_World_as_basketball_sets_return,data_cleaned/conversation_moves_labeled/sports/06.09.2020__The_Bucks_are_headed_to_Disney_World_as_basketball_sets_return.json,sports:06.09.2020__The_Bucks_are_headed_to_Disney_World_as_basketball_sets_return:7,7,sports:06.09.2020__The_Bucks_are_headed_to_Disney_World_as_basketball_sets_return:8,8,Clarification Request (Specific),609,103,10,3,10,3,True,[9],[10],25,True,a5549428c6d15bfbd32f7dfdadcc9f10c20a81d9f7cb2e59a87a0d43584b56bb,,"[""raw_turn"", ""raw_turn_with_history"", ""raw_turn_plus_assumptions"", ""explicit_only"", ""explicit_plus_top3_assumptions"", ""explicit_plus_shuffled_assumptions"", ""explicit_plus_wrong_episode_assumptions""]"
sports:06.09.2020__The_Bucks_are_headed_to_Disney_World_as_basketball_sets_return:8:9,sports,06.09.2020__The_Bucks_are_headed_to_Disney_World_as_basketball_sets_return,data_cleaned/conversation_moves_labeled/sports/06.09.2020__The_Bucks_are_headed_to_Disney_World_as_basketball_sets_return.json,sports:06.09.2020__The_Bucks_are_headed_to_Disney_World_as_basketball_sets_return:8,8,sports:06.09.2020__The_Bucks_are_headed_to_Disney_World_as_basketball_sets_return:9,9,Assert / Elaborate,196,103,8,3,8,3,True,[10],[11],25,True,407ce1a8ee5edb1511b07ae5d4553f6c6cb66bea4edbbc7a3a99d52fad64605f,,"[""raw_turn"", ""raw_turn_with_history"", ""raw_turn_plus_assumptions"", ""explicit_only"", ""explicit_plus_top3_assumptions"", ""explicit_plus_shuffled_assumptions"", ""explicit_plus_wrong_episode_assumptions""]"
sports:06.09.2020__The_Bucks_are_headed_to_Disney_World_as_basketball_sets_return:9:10,sports,06.09.2020__The_Bucks_are_headed_to_Disney_World_as_basketball_sets_return,data_cleaned/conversation_moves_labeled/sports/06.09.2020__The_Bucks_are_headed_to_Disney_World_as_basketball_sets_return.json,sports:06.09.2020__The_Bucks_are_headed_to_Disney_World_as_basketball_sets_return:9,9,sports:06.09.2020__The_Bucks_are_headed_to_Disney_World_as_basketball_sets_return:10,10,Clarification Request (Specific),567,105,10,3,10,3,True,[11],[12],25,True,c3431f7fdf875fcc319b83cbab50c8370947e690b9535c499f16743df636d931,,"[""raw_turn"", ""raw_turn_with_history"", ""raw_turn_plus_assumptions"", ""explicit_only"", ""explicit_plus_top3_assumptions"", ""explicit_plus_shuffled_assumptions"", ""explicit_plus_wrong_episode_assumptions""]"
sports:06.09.2020__The_Bucks_are_headed_to_Disney_World_as_basketball_sets_return:10:11,sports,06.09.2020__The_Bucks_are_headed_to_Disney_World_as_basketball_sets_return,data_cleaned/conversation_moves_labeled/sports/06.09.2020__The_Bucks_are_headed_to_Disney_World_as_basketball_sets_return.json,sports:06.09.2020__The_Bucks_are_headed_to_Disney_World_as_basketball_sets_return:10,10,sports:06.09.2020__The_Bucks_are_headed_to_Disney_World_as_basketball_sets_return:11,11,Assert / Elaborate,275,104,8,3,4,3,True,[12],[13],25,True,f48232307270df3a8c959d0820122597c1d028ebb4cd731b693b87f2048bb1b4,,"[""raw_turn"", ""raw_turn_with_history"", ""raw_turn_plus_assumptions"", ""explicit_only"", ""explicit_plus_top3_assumptions"", ""explicit_plus_shuffled_assumptions"", ""explicit_plus_wrong_episode_assumptions""]"
sports:06.09.2020__The_Bucks_are_headed_to_Disney_World_as_basketball_sets_return:11:12,sports,06.09.2020__The_Bucks_are_headed_to_Disney_World_as_basketball_sets_return,data_cleaned/conversation_moves_labeled/sports/06.09.2020__The_Bucks_are_headed_to_Disney_World_as_basketball_sets_return.json,sports:06.09.2020__The_Bucks_are_headed_to_Disney_World_as_basketball_sets_return:11,11,sports:06.09.2020__The_Bucks_are_headed_to_Disney_World_as_basketball_sets_return:12,12,Assert / Elaborate,538,105,10,3,10,3,True,[13],[14],25,True,5c37bb44b2b0c0df5d9d478254a01c8365bcd418f91d0afbb294f6826d849fca,,"[""raw_turn"", ""raw_turn_with_history"", ""raw_turn_plus_assumptions"", ""explicit_only"", ""explicit_plus_top3_assumptions"", ""explicit_plus_shuffled_assumptions"", ""explicit_plus_wrong_episode_assumptions""]"
sports:06.09.2020__The_Bucks_are_headed_to_Disney_World_as_basketball_sets_return:12:13,sports,06.09.2020__The_Bucks_are_headed_to_Disney_World_as_basketball_sets_return,data_cleaned/conversation_moves_labeled/sports/06.09.2020__The_Bucks_are_headed_to_Disney_World_as_basketball_sets_return.json,sports:06.09.2020__The_Bucks_are_headed_to_Disney_World_as_basketball_sets_return:12,12,sports:06.09.2020__The_Bucks_are_headed_to_Disney_World_as_basketball_sets_return:13,13,Assert / Elaborate,414,104,10,3,10,3,True,[14],[15],25,True,2b02d36818cf4b632d740c0542f53a4a656491020083dc6254871a17d97abe82,,"[""raw_turn"", ""raw_turn_with_history"", ""raw_turn_plus_assumptions"", ""explicit_only"", ""explicit_plus_top3_assumptions"", ""explicit_plus_shuffled_assumptions"", ""explicit_plus_wrong_episode_assumptions""]"
sports:06.09.2020__The_Bucks_are_headed_to_Disney_World_as_basketball_sets_return:13:14,sports,06.09.2020__The_Bucks_are_headed_to_Disney_World_as_basketball_sets_return,data_cleaned/conversation_moves_labeled/sports/06.09.2020__The_Bucks_are_headed_to_Disney_World_as_basketball_sets_return.json,sports:06.09.2020__The_Bucks_are_headed_to_Disney_World_as_basketball_sets_return:13,13,sports:06.09.2020__The_Bucks_are_headed_to_Disney_World_as_basketball_sets_return:14,14,Assert / Elaborate,888,104,10,3,10,3,True,[15],[16],25,True,fb4de4bd8655272f7dde7196173f2ce972a8405fc1620846f1cfdfc0be9a811d,,"[""raw_turn"", ""raw_turn_with_history"", ""raw_turn_plus_assumptions"", ""explicit_only"", ""explicit_plus_top3_assumptions"", ""explicit_plus_shuffled_assumptions"", ""explicit_plus_wrong_episode_assumptions""]"
sports:06.09.2020__The_Bucks_are_headed_to_Disney_World_as_basketball_sets_return:16:17,sports,06.09.2020__The_Bucks_are_headed_to_Disney_World_as_basketball_sets_return,data_cleaned/conversation_moves_labeled/sports/06.09.2020__The_Bucks_are_headed_to_Disney_World_as_basketball_sets_return.json,sports:06.09.2020__The_Bucks_are_headed_to_Disney_World_as_basketball_sets_return:16,16,sports:06.09.2020__The_Bucks_are_headed_to_Disney_World_as_basketball_sets_return:17,17,Topic Shift,356,103,10,3,10,3,True,[22],[23],25,True,6d0be03b5c47fd91f5a3f9692a7a550f4a91c776d2e9e08d3569c38081a9d2fb,,"[""raw_turn"", ""raw_turn_with_history"", ""raw_turn_plus_assumptions"", ""explicit_only"", ""explicit_plus_top3_assumptions"", ""explicit_plus_shuffled_assumptions"", ""explicit_plus_wrong_episode_assumptions""]"
