prompt_id,assumption_id,category,source_episode_id,source_turn_idx,source_assumption_idx,assumption_text,control_episode_id,control_turn_idx,control_claim_idx,claim_text,overlap_score,entailment_score,confidence,raw
sports|S1_E2._Edward_Bluemel_2|36|1|5c4eec8275ffbd39|0,sports|S1_E2._Edward_Bluemel_2|36|1|5c4eec8275ffbd39,sports,S1_E2._Edward_Bluemel_2,36,1,Opposing Southampton has some meaningful consequence or significance.,Throwin__Hands_Episode_18___Fight_Night__Poirier_vs._Hooker_Preview,3,6,Linz has some submission finishes.,2,1,0.95,"{
  ""entailment_score"": 1,
  ""confidence"": 0.95
}"
sports|S1_E2._Edward_Bluemel_2|36|1|5c4eec8275ffbd39|1,sports|S1_E2._Edward_Bluemel_2|36|1|5c4eec8275ffbd39,sports,S1_E2._Edward_Bluemel_2,36,1,Opposing Southampton has some meaningful consequence or significance.,Throwin__Hands_Episode_18___Fight_Night__Poirier_vs._Hooker_Preview,31,9,He has achieved some of his victories in spectacular fashion.,2,3,0.7,"{
  ""entailment_score"": 3,
  ""confidence"": 0.7
}"
political|92840|22|0|60c5b8f137dd0260|0,political|92840|22|0|60c5b8f137dd0260,political,92840,22,0,The speaker believes that public figures should explicitly condemn white supremacy when directly questioned.,90082,5,6,Child care should be treated as a public infrastructure priority like roads and bridges.,2,1,0.8,"{
  ""entailment_score"": 1,
  ""confidence"": 0.8
}"
political|92840|22|0|60c5b8f137dd0260|1,political|92840|22|0|60c5b8f137dd0260,political,92840,22,0,The speaker believes that public figures should explicitly condemn white supremacy when directly questioned.,90082,14,1,The speaker believes it was positive that Donald Trump remains banned from Facebook.,2,1,0.8,"{
  ""entailment_score"": 1,
  ""confidence"": 0.8
}"
political|86533|27|2|70cee027a8a693b4|0,political|86533|27|2|70cee027a8a693b4,political,86533,27,2,The integrity of the user pay model depends on maintaining exclusive use of its revenues.,82919,1,7,The neighborhood grocery program allows people of all incomes to access healthy food through a pay-as-you-can model.,2,1,0.95,"{
  ""entailment_score"": 1,
  ""confidence"": 0.95
}"
political|66017|16|1|6345de1ec3a59fdd|0,political|66017|16|1|6345de1ec3a59fdd,political,66017,16,1,There is a growing expectation that Congress will formally de-prioritize federal enforcement of marijuana laws.,50741,0,4,There are four major drug pricing proposals currently under discussion in Congress.,2,1,0.95,"{
  ""entailment_score"": 1,
  ""confidence"": 0.95
}"
business|S1E52__Ingrid__Foreign_Affairs_Undergraduate_Student|75|1|7efd5c5e85d01437|0,business|S1E52__Ingrid__Foreign_Affairs_Undergraduate_Student|75|1|7efd5c5e85d01437,business,S1E52__Ingrid__Foreign_Affairs_Undergraduate_Student,75,1,The speaker views specialization in graduate study as a positive and desirable trait.,050_Sam_Richter__Bestselling_Author_and_Hall_of_Fame_Speaker,18,6,The speaker views the interlocutor's stance as an anti-commercial endorsement.,2,1,0.8,"{
  ""entailment_score"": 1,
  ""confidence"": 0.8
}"
commentary|William_McNulty_-_Veterans_with_a_New_Mission_4|5|4|3d2c5f5a74e98be2|0,commentary|William_McNulty_-_Veterans_with_a_New_Mission_4|5|4|3d2c5f5a74e98be2,commentary,William_McNulty_-_Veterans_with_a_New_Mission_4,5,4,Peer-based support systems are more effective than institutional programs for veteran reintegration.,Moneyball_for_child_welfare_2,3,4,The number of flagged child abuse images and videos more than doubled compared to the previous year.,2,1,0.95,"{
  ""entailment_score"": 1,
  ""confidence"": 0.95
}"
business|Granting_The_Freedom_You_Want_To_Others|4|3|b4255ecc273e1b3a|0,business|Granting_The_Freedom_You_Want_To_Others|4|3|b4255ecc273e1b3a,business,Granting_The_Freedom_You_Want_To_Others,4,3,Giving space for uniqueness does not imply abandoning quality or performance expectations.,Episode_6_-_Blair_Scorgie,3,3,The speaker does not consider themselves an expert in zoning regulations or municipal policy frameworks.,2,1,0.8,"{
  ""entailment_score"": 1,
  ""confidence"": 0.8
}"
business|Granting_The_Freedom_You_Want_To_Others|4|3|b4255ecc273e1b3a|1,business|Granting_The_Freedom_You_Want_To_Others|4|3|b4255ecc273e1b3a,business,Granting_The_Freedom_You_Want_To_Others,4,3,Giving space for uniqueness does not imply abandoning quality or performance expectations.,Episode_6_-_Blair_Scorgie,19,1,"The speaker does not want to be seen as producing a generic, copy-paste style document.",2,9,0.95,"{
  ""entailment_score"": 9,
  ""confidence"": 0.95
}"
business|Granting_The_Freedom_You_Want_To_Others|4|3|b4255ecc273e1b3a|2,business|Granting_The_Freedom_You_Want_To_Others|4|3|b4255ecc273e1b3a,business,Granting_The_Freedom_You_Want_To_Others,4,3,Giving space for uniqueness does not imply abandoning quality or performance expectations.,Episode_6_-_Blair_Scorgie,35,7,The speaker does not plan to leave Toronto until retirement.,2,1,0.8,"{
  ""entailment_score"": 1,
  ""confidence"": 0.8
}"
business|Granting_The_Freedom_You_Want_To_Others|4|3|b4255ecc273e1b3a|3,business|Granting_The_Freedom_You_Want_To_Others|4|3|b4255ecc273e1b3a,business,Granting_The_Freedom_You_Want_To_Others,4,3,Giving space for uniqueness does not imply abandoning quality or performance expectations.,Episode_6_-_Blair_Scorgie,43,5,The speaker currently does not know whether they are still the youngest person in part-time faculty roles.,2,1,0.95,"{
  ""entailment_score"": 1,
  ""confidence"": 0.95
}"
religion|In_this_segment_I_talk_about_the_Ranger_Assement_Selection_Program|18|3|dbe926f0ad1627f8|0,religion|In_this_segment_I_talk_about_the_Ranger_Assement_Selection_Program|18|3|dbe926f0ad1627f8,religion,In_this_segment_I_talk_about_the_Ranger_Assement_Selection_Program,18,3,The speaker assumes that emotional appeal based on self-reflection will influence the audience’s perception of military rigor.,Ps_Andrew_Newbold,0,4,The speaker prays that the message will build the listener's faith.,2,1,0.8,"{
  ""entailment_score"": 1,
  ""confidence"": 0.8
}"
religion|In_this_segment_I_talk_about_the_Ranger_Assement_Selection_Program|18|3|dbe926f0ad1627f8|1,religion|In_this_segment_I_talk_about_the_Ranger_Assement_Selection_Program|18|3|dbe926f0ad1627f8,religion,In_this_segment_I_talk_about_the_Ranger_Assement_Selection_Program,18,3,The speaker assumes that emotional appeal based on self-reflection will influence the audience’s perception of military rigor.,Ps_Andrew_Newbold,0,5,The speaker prays that the message will empower the listener to follow Jesus more closely.,2,1,0.95,"{
  ""entailment_score"": 1,
  ""confidence"": 0.95
}"
religion|121_-_Seeing_the_Christ_in_All_of_Us|34|2|8cf0f4ed7b5b34e6|0,religion|121_-_Seeing_the_Christ_in_All_of_Us|34|2|8cf0f4ed7b5b34e6,religion,121_-_Seeing_the_Christ_in_All_of_Us,34,2,The audience recognizes 'quote card' as a recognizable format or term within the context.,Mission_Statement,7,3,The format may involve informal or conversational dialogue with the audience.,2,5,0.8,"{
  ""entailment_score"": 5,
  ""confidence"": 0.8
}"
religion|121_-_Seeing_the_Christ_in_All_of_Us|34|2|8cf0f4ed7b5b34e6|1,religion|121_-_Seeing_the_Christ_in_All_of_Us|34|2|8cf0f4ed7b5b34e6,religion,121_-_Seeing_the_Christ_in_All_of_Us,34,2,The audience recognizes 'quote card' as a recognizable format or term within the context.,Mission_Statement,7,4,The content will be presented within the context of a podcast.,2,5,0.8,"{
  ""entailment_score"": 5,
  ""confidence"": 0.8
}"
commentary|89_-_Ryan_Papaioannou|93|4|e5f18f117d938b45|0,commentary|89_-_Ryan_Papaioannou|93|4|e5f18f117d938b45,commentary,89_-_Ryan_Papaioannou,93,4,The speaker trusts their own judgment about what constitutes meaningful detail in this context.,Day_12_of_Protest_Marches_in_Detroit__Will_It_Work_This_Time__A_Look_Back_at_Detroit_s_History_Between_Residents_and_Police_-_With_Historian_Ken_Coleman_2,4,5,The speaker has previously warned others about systemic racial injustice.,2,1,0.95,"{
  ""entailment_score"": 1,
  ""confidence"": 0.95
}"
commentary|89_-_Ryan_Papaioannou|93|4|e5f18f117d938b45|1,commentary|89_-_Ryan_Papaioannou|93|4|e5f18f117d938b45,commentary,89_-_Ryan_Papaioannou,93,4,The speaker trusts their own judgment about what constitutes meaningful detail in this context.,Day_12_of_Protest_Marches_in_Detroit__Will_It_Work_This_Time__A_Look_Back_at_Detroit_s_History_Between_Residents_and_Police_-_With_Historian_Ken_Coleman_2,5,9,The speaker holds mixed feelings about how the protests in Detroit have been conducted.,2,1,0.95,"{
  ""entailment_score"": 1,
  ""confidence"": 0.95
}"
commentary|89_-_Ryan_Papaioannou|93|4|e5f18f117d938b45|2,commentary|89_-_Ryan_Papaioannou|93|4|e5f18f117d938b45,commentary,89_-_Ryan_Papaioannou,93,4,The speaker trusts their own judgment about what constitutes meaningful detail in this context.,Day_12_of_Protest_Marches_in_Detroit__Will_It_Work_This_Time__A_Look_Back_at_Detroit_s_History_Between_Residents_and_Police_-_With_Historian_Ken_Coleman_2,13,1,The speaker wears a mask and gloves when running or shopping due to concerns about the coronavirus.,2,1,0.95,"{
  ""entailment_score"": 1,
  ""confidence"": 0.95
}"
business|How_Do_I_Monetize_My_Brand_Now_That_I_Have_a_Bit_of_a_Following|37|1|ac2c099f20035e6e|0,business|How_Do_I_Monetize_My_Brand_Now_That_I_Have_a_Bit_of_a_Following|37|1|ac2c099f20035e6e,business,How_Do_I_Monetize_My_Brand_Now_That_I_Have_a_Bit_of_a_Following,37,1,The speaker believes their idea would be seen as fun and worthwhile by others.,Teen_Vogue_editor-in-chief_Lindsay_Peoples_Wagner_on__long__sustainable_change,4,1,The speaker believes it is important to clarify the connection between fashion and inclusivity.,2,1,0.8,"{
  ""entailment_score"": 1,
  ""confidence"": 0.8
}"
business|How_Do_I_Monetize_My_Brand_Now_That_I_Have_a_Bit_of_a_Following|37|1|ac2c099f20035e6e|1,business|How_Do_I_Monetize_My_Brand_Now_That_I_Have_a_Bit_of_a_Following|37|1|ac2c099f20035e6e,business,How_Do_I_Monetize_My_Brand_Now_That_I_Have_a_Bit_of_a_Following,37,1,The speaker believes their idea would be seen as fun and worthwhile by others.,Teen_Vogue_editor-in-chief_Lindsay_Peoples_Wagner_on__long__sustainable_change,8,3,The speaker believes the person they are addressing grew up in Wisconsin.,2,1,0.95,"{
  ""entailment_score"": 1,
  ""confidence"": 0.95
}"
business|How_Do_I_Monetize_My_Brand_Now_That_I_Have_a_Bit_of_a_Following|37|1|ac2c099f20035e6e|2,business|How_Do_I_Monetize_My_Brand_Now_That_I_Have_a_Bit_of_a_Following|37|1|ac2c099f20035e6e,business,How_Do_I_Monetize_My_Brand_Now_That_I_Have_a_Bit_of_a_Following,37,1,The speaker believes their idea would be seen as fun and worthwhile by others.,Teen_Vogue_editor-in-chief_Lindsay_Peoples_Wagner_on__long__sustainable_change,28,3,The speaker believes their personal experience in fashion differs significantly from typical experiences.,2,1,0.95,"{
  ""entailment_score"": 1,
  ""confidence"": 0.95
}"
business|How_Do_I_Monetize_My_Brand_Now_That_I_Have_a_Bit_of_a_Following|37|1|ac2c099f20035e6e|3,business|How_Do_I_Monetize_My_Brand_Now_That_I_Have_a_Bit_of_a_Following|37|1|ac2c099f20035e6e,business,How_Do_I_Monetize_My_Brand_Now_That_I_Have_a_Bit_of_a_Following,37,1,The speaker believes their idea would be seen as fun and worthwhile by others.,Teen_Vogue_editor-in-chief_Lindsay_Peoples_Wagner_on__long__sustainable_change,61,0,The speaker believes the November election is critically important.,2,1,0.95,"{
  ""entailment_score"": 1,
  ""confidence"": 0.95
}"
business|How_Do_I_Monetize_My_Brand_Now_That_I_Have_a_Bit_of_a_Following|37|1|ac2c099f20035e6e|4,business|How_Do_I_Monetize_My_Brand_Now_That_I_Have_a_Bit_of_a_Following|37|1|ac2c099f20035e6e,business,How_Do_I_Monetize_My_Brand_Now_That_I_Have_a_Bit_of_a_Following,37,1,The speaker believes their idea would be seen as fun and worthwhile by others.,Teen_Vogue_editor-in-chief_Lindsay_Peoples_Wagner_on__long__sustainable_change,65,8,The speaker believes meaningful work is being done to address systemic issues.,2,1,0.95,"{
  ""entailment_score"": 1,
  ""confidence"": 0.95
}"
business|Making_Career_Transition_Work__with_Dr._Eric_Wright_from_Vets2PM|31|2|56afe31bd6416954|0,business|Making_Career_Transition_Work__with_Dr._Eric_Wright_from_Vets2PM|31|2|56afe31bd6416954,business,Making_Career_Transition_Work__with_Dr._Eric_Wright_from_Vets2PM,31,2,My experiences with hardship give me credibility and insight when helping others.,9__All_Things_Associates_-_Larry_Wintersteen,56,4,"We'll give you a free no of charge, some things that need to be looking at that you need to look at when you put together that associate agreement.",2,1,0.8,"{
  ""entailment_score"": 1,
  ""confidence"": 0.8
}"
business|Paul_Romer_on_the_COVID-19_Pandemic|62|0|c43674e1c1d4ef84|0,business|Paul_Romer_on_the_COVID-19_Pandemic|62|0|c43674e1c1d4ef84,business,Paul_Romer_on_the_COVID-19_Pandemic,62,0,The speaker believes that certain behaviors need to be controlled by others.,304_Chuki_Obiyo_-_Chuki_Law,22,7,The speaker believes that answering six questions within nine minutes demonstrates effective brevity.,2,1,0.85,"{
  ""entailment_score"": 1,
  ""confidence"": 0.85
}"
business|Govt_ignoring_forestry_industrys_concerns_with_Hamish_Walker__Spokesperson_for_Forestry__National_Party|7|4|436d94f051bce729|0,business|Govt_ignoring_forestry_industrys_concerns_with_Hamish_Walker__Spokesperson_for_Forestry__National_Party|7|4|436d94f051bce729,business,Govt_ignoring_forestry_industrys_concerns_with_Hamish_Walker__Spokesperson_for_Forestry__National_Party,7,4,The speaker has access to accurate information about committee proceedings and government actions.,A_Love_Letter_to_Black_Women_in_Theatre_with_Guest_Renee_Harrison,0,3,The speaker has invited Renee Harrison to appear on the show.,2,1,0.8,"{
  ""entailment_score"": 1,
  ""confidence"": 0.8
}"
business|Govt_ignoring_forestry_industrys_concerns_with_Hamish_Walker__Spokesperson_for_Forestry__National_Party|7|4|436d94f051bce729|1,business|Govt_ignoring_forestry_industrys_concerns_with_Hamish_Walker__Spokesperson_for_Forestry__National_Party|7|4|436d94f051bce729,business,Govt_ignoring_forestry_industrys_concerns_with_Hamish_Walker__Spokesperson_for_Forestry__National_Party,7,4,The speaker has access to accurate information about committee proceedings and government actions.,A_Love_Letter_to_Black_Women_in_Theatre_with_Guest_Renee_Harrison,2,2,The person being addressed should share information about their identity.,2,1,0.8,"{
  ""entailment_score"": 1,
  ""confidence"": 0.8
}"
business|Govt_ignoring_forestry_industrys_concerns_with_Hamish_Walker__Spokesperson_for_Forestry__National_Party|7|4|436d94f051bce729|2,business|Govt_ignoring_forestry_industrys_concerns_with_Hamish_Walker__Spokesperson_for_Forestry__National_Party|7|4|436d94f051bce729,business,Govt_ignoring_forestry_industrys_concerns_with_Hamish_Walker__Spokesperson_for_Forestry__National_Party,7,4,The speaker has access to accurate information about committee proceedings and government actions.,A_Love_Letter_to_Black_Women_in_Theatre_with_Guest_Renee_Harrison,5,2,The speaker believes that incoming individuals should genuinely want to learn about racial justice issues.,2,1,0.95,"{
  ""entailment_score"": 1,
  ""confidence"": 0.95
}"
business|Govt_ignoring_forestry_industrys_concerns_with_Hamish_Walker__Spokesperson_for_Forestry__National_Party|7|4|436d94f051bce729|3,business|Govt_ignoring_forestry_industrys_concerns_with_Hamish_Walker__Spokesperson_for_Forestry__National_Party|7|4|436d94f051bce729,business,Govt_ignoring_forestry_industrys_concerns_with_Hamish_Walker__Spokesperson_for_Forestry__National_Party,7,4,The speaker has access to accurate information about committee proceedings and government actions.,A_Love_Letter_to_Black_Women_in_Theatre_with_Guest_Renee_Harrison,5,3,The speaker is currently having conversations with friends about amplifying important discussions on their platform.,2,1,0.8,"{
  ""entailment_score"": 1,
  ""confidence"": 0.8
}"
business|Govt_ignoring_forestry_industrys_concerns_with_Hamish_Walker__Spokesperson_for_Forestry__National_Party|7|4|436d94f051bce729|4,business|Govt_ignoring_forestry_industrys_concerns_with_Hamish_Walker__Spokesperson_for_Forestry__National_Party|7|4|436d94f051bce729,business,Govt_ignoring_forestry_industrys_concerns_with_Hamish_Walker__Spokesperson_for_Forestry__National_Party,7,4,The speaker has access to accurate information about committee proceedings and government actions.,A_Love_Letter_to_Black_Women_in_Theatre_with_Guest_Renee_Harrison,9,5,"The speaker has recorded conversations with their mother, grandmother, and great-grandmother during Black History Month.",2,1,0.95,"{
  ""entailment_score"": 1,
  ""confidence"": 0.95
}"
business|Govt_ignoring_forestry_industrys_concerns_with_Hamish_Walker__Spokesperson_for_Forestry__National_Party|7|4|436d94f051bce729|5,business|Govt_ignoring_forestry_industrys_concerns_with_Hamish_Walker__Spokesperson_for_Forestry__National_Party|7|4|436d94f051bce729,business,Govt_ignoring_forestry_industrys_concerns_with_Hamish_Walker__Spokesperson_for_Forestry__National_Party,7,4,The speaker has access to accurate information about committee proceedings and government actions.,A_Love_Letter_to_Black_Women_in_Theatre_with_Guest_Renee_Harrison,15,3,The speaker has never before experienced live theater conducted entirely over a computer.,2,1,0.8,"{
  ""entailment_score"": 1,
  ""confidence"": 0.8
}"
business|Govt_ignoring_forestry_industrys_concerns_with_Hamish_Walker__Spokesperson_for_Forestry__National_Party|7|4|436d94f051bce729|6,business|Govt_ignoring_forestry_industrys_concerns_with_Hamish_Walker__Spokesperson_for_Forestry__National_Party|7|4|436d94f051bce729,business,Govt_ignoring_forestry_industrys_concerns_with_Hamish_Walker__Spokesperson_for_Forestry__National_Party,7,4,The speaker has access to accurate information about committee proceedings and government actions.,A_Love_Letter_to_Black_Women_in_Theatre_with_Guest_Renee_Harrison,19,8,The speaker recently spoke with the founder of Jallop Studios about sisterhood and community.,2,1,0.95,"{
  ""entailment_score"": 1,
  ""confidence"": 0.95
}"
business|Ep._164_How_To_Help_People_Stay_Active_And_Safe_With_Their_Everyday_Routines|45|5|fe283802c7be6bc1|0,business|Ep._164_How_To_Help_People_Stay_Active_And_Safe_With_Their_Everyday_Routines|45|5|fe283802c7be6bc1,business,Ep._164_How_To_Help_People_Stay_Active_And_Safe_With_Their_Everyday_Routines,45,5,The listener is expected to understand or care about entrepreneurial processes involving international manufacturing.,How_A_Mom_s_Twist_Of_Fate_Saved_Her_Depressed_Teen_s_Life,21,1,The speaker values learning about the practical steps taken by the listener.,2,3,0.8,"{
  ""entailment_score"": 3,
  ""confidence"": 0.8
}"
business|Ep._164_How_To_Help_People_Stay_Active_And_Safe_With_Their_Everyday_Routines|45|5|fe283802c7be6bc1|1,business|Ep._164_How_To_Help_People_Stay_Active_And_Safe_With_Their_Everyday_Routines|45|5|fe283802c7be6bc1,business,Ep._164_How_To_Help_People_Stay_Active_And_Safe_With_Their_Everyday_Routines,45,5,The listener is expected to understand or care about entrepreneurial processes involving international manufacturing.,How_A_Mom_s_Twist_Of_Fate_Saved_Her_Depressed_Teen_s_Life,21,7,"The speaker asks about daily routines involving feeding children, specifically breakfast choices.",2,1,0.95,"{
  ""entailment_score"": 1,
  ""confidence"": 0.95
}"
religion|012__Devotions_with_Pastor_Dan_White_and_Pastor_Ben_White|41|2|99f1f41c237c2652|0,religion|012__Devotions_with_Pastor_Dan_White_and_Pastor_Ben_White|41|2|99f1f41c237c2652,religion,012__Devotions_with_Pastor_Dan_White_and_Pastor_Ben_White,41,2,"Good counsel involves both sincerity and accuracy, and the two are not equivalent.",Ep._248__Take_Back_Your_Power_with_Dr._Christiane_Northrup,5,2,Healing involves both the provider’s expertise and the patient’s self-awareness.,2,9,0.95,"{
  ""entailment_score"": 9,
  ""confidence"": 0.95
}"
business|The_Biggest_Challenge_of_My_Career__Keeping_Up_with_Telehealth_Coding_Changes_During_COVID-19|27|9|34fc969d471c5418|0,business|The_Biggest_Challenge_of_My_Career__Keeping_Up_with_Telehealth_Coding_Changes_During_COVID-19|27|9|34fc969d471c5418,business,The_Biggest_Challenge_of_My_Career__Keeping_Up_with_Telehealth_Coding_Changes_During_COVID-19,27,9,The audience trusts the speaker's judgment and will act upon the recommended actions.,Andy_Smith___Strategiq,9,0,The speaker believes they need to act on decisions now that will impact the company's market position in six to twelve months.,3,3,0.7,"{
  ""entailment_score"": 3,
  ""confidence"": 0.7
}"
business|Ep._2___Hope_in_the_Midst_of_Crisis__with_Rachel_Hope_Henry|7|1|88d296bfb16d05ca|0,business|Ep._2___Hope_in_the_Midst_of_Crisis__with_Rachel_Hope_Henry|7|1|88d296bfb16d05ca,business,Ep._2___Hope_in_the_Midst_of_Crisis__with_Rachel_Hope_Henry,7,1,Significance is determined by cultural or media consensus rather than individual judgment.,13__Selecting_Teams_to_Drive_Culture_and_Growth___Customer_Service___Leadership,1,7,Employees are increasingly choosing employers based on leadership rather than corporate brand alone.,2,1,0.8,"{
  ""entailment_score"": 1,
  ""confidence"": 0.8
}"
business|Coding_Is_NOT_for_You|24|3|95c144ac2d43a472|0,business|Coding_Is_NOT_for_You|24|3|95c144ac2d43a472,business,Coding_Is_NOT_for_You,24,3,"Native system-level integrations (e.g., camera hardware access) lead to better user experiences than third-party app implementations.",Is_this_how_you_attract_millennials__You_decide,25,2,The I sim system's tool is user-friendly.,2,1,0.95,"{
  ""entailment_score"": 1,
  ""confidence"": 0.95
}"
business|Adventures_in_the_TV_Wasteland_with_Billy_Van_Zandt|43|8|efdae11117597e9c|0,business|Adventures_in_the_TV_Wasteland_with_Billy_Van_Zandt|43|8|efdae11117597e9c,business,Adventures_in_the_TV_Wasteland_with_Billy_Van_Zandt,43,8,The speaker’s team had high competence in rapid adaptation and production under pressure.,175__Shelley_Paxton__Soulbbatical__Living_with_Authenticity_and_Courage,5,8,The speaker had recurring nightmares involving their deceased dog in distress.,2,1,0.95,"{
  ""entailment_score"": 1,
  ""confidence"": 0.95
}"
business|Adventures_in_the_TV_Wasteland_with_Billy_Van_Zandt|43|8|efdae11117597e9c|1,business|Adventures_in_the_TV_Wasteland_with_Billy_Van_Zandt|43|8|efdae11117597e9c,business,Adventures_in_the_TV_Wasteland_with_Billy_Van_Zandt,43,8,The speaker’s team had high competence in rapid adaptation and production under pressure.,175__Shelley_Paxton__Soulbbatical__Living_with_Authenticity_and_Courage,29,3,The speaker began their career in a high-profile advertising job in Chicago after university.,2,1,0.95,"{
  ""entailment_score"": 1,
  ""confidence"": 0.95
}"
political|71769|3|1|59a1337a30a17855|0,political|71769|3|1|59a1337a30a17855,political,71769,3,1,Public figures have a responsibility to set behavioral examples during public health crises.,71757,15,2,Amelia Sykes has introduced legislation declaring racism a public health crisis in Ohio.,2,9,0.95,"{
  ""entailment_score"": 9,
  ""confidence"": 0.95
}"
political|71769|3|1|59a1337a30a17855|1,political|71769|3|1|59a1337a30a17855,political,71769,3,1,Public figures have a responsibility to set behavioral examples during public health crises.,71757,16,8,"Personal responsibility, including exercise and healthy eating, plays a role in preventing health problems.",2,3,0.75,"{
  ""entailment_score"": 3,
  ""confidence"": 0.75
}"
business|Chris_Moule|7|4|01a53600968864e9|0,business|Chris_Moule|7|4|01a53600968864e9,business,Chris_Moule,7,4,The audience shares the speaker’s interest in organizational innovation and development.,Access_to_Justice_in_Puerto_Rico_in_the_Time_of_COVID-19_-_Diego_Alcala,16,5,The audience and speaker are united despite being in seclusion.,2,5,0.75,"{
  ""entailment_score"": 5,
  ""confidence"": 0.75
}"
business|Chris_Moule|7|4|01a53600968864e9|1,business|Chris_Moule|7|4|01a53600968864e9,business,Chris_Moule,7,4,The audience shares the speaker’s interest in organizational innovation and development.,Access_to_Justice_in_Puerto_Rico_in_the_Time_of_COVID-19_-_Diego_Alcala,16,6,The speaker invites the audience to contact them via Twitter at @aclamburt.,2,3,0.7,"{
  ""entailment_score"": 3,
  ""confidence"": 0.7
}"
political|45378|6|5|d1cd26beefc4e2d8|0,political|45378|6|5|d1cd26beefc4e2d8,political,45378,6,5,Public perception of law enforcement effectiveness depends on credible communication about agency coordination.,74623,12,4,"Trust in federal institutions, particularly law enforcement and the FBI, is very low.",2,3,0.7,"{
  ""entailment_score"": 3,
  ""confidence"": 0.7
}"
political|45378|6|5|d1cd26beefc4e2d8|1,political|45378|6|5|d1cd26beefc4e2d8,political,45378,6,5,Public perception of law enforcement effectiveness depends on credible communication about agency coordination.,74623,25,3,"After the presidential debate, Trump significantly outperformed Biden in public perception.",2,1,0.95,"{
  ""entailment_score"": 1,
  ""confidence"": 0.95
}"
business|Dream_Team_Podcast__11_-_Alicia_Palermo|3|3|f1a3c3c00aa2ff69|0,business|Dream_Team_Podcast__11_-_Alicia_Palermo|3|3|f1a3c3c00aa2ff69,business,Dream_Team_Podcast__11_-_Alicia_Palermo,3,3,"Family members, especially elders like grandmothers, are expected to play a role in naming babies.",USV__Thesis_Driven_Investing_for_Building_Conviction,23,0,We play a pretty active role in helping companies raise additional capital.,2,1,0.8,"{
  ""entailment_score"": 1,
  ""confidence"": 0.8
}"
business|This_is_who_we_are_and_what_we_are_here_to_do|10|2|c25500427bded50d|0,business|This_is_who_we_are_and_what_we_are_here_to_do|10|2|c25500427bded50d,business,This_is_who_we_are_and_what_we_are_here_to_do,10,2,The speaker considers 'hard' to mean objectively challenging rather than merely subjective experience.,Listener_Question__The_Pros_and_Cons_of_Student_Rentals_in_Property_Investment___Ep._263,1,3,High rental yields come from low purchase prices rather than high rents.,2,1,0.8,"{
  ""entailment_score"": 1,
  ""confidence"": 0.8
}"
business|This_is_who_we_are_and_what_we_are_here_to_do|10|2|c25500427bded50d|1,business|This_is_who_we_are_and_what_we_are_here_to_do|10|2|c25500427bded50d,business,This_is_who_we_are_and_what_we_are_here_to_do,10,2,The speaker considers 'hard' to mean objectively challenging rather than merely subjective experience.,Listener_Question__The_Pros_and_Cons_of_Student_Rentals_in_Property_Investment___Ep._263,1,9,The speaker has personal experience visiting these flats through friends attending university.,2,1,0.8,"{
  ""entailment_score"": 1,
  ""confidence"": 0.8
}"
business|This_is_who_we_are_and_what_we_are_here_to_do|10|2|c25500427bded50d|2,business|This_is_who_we_are_and_what_we_are_here_to_do|10|2|c25500427bded50d,business,This_is_who_we_are_and_what_we_are_here_to_do,10,2,The speaker considers 'hard' to mean objectively challenging rather than merely subjective experience.,Listener_Question__The_Pros_and_Cons_of_Student_Rentals_in_Property_Investment___Ep._263,6,5,Vacancy rates increase when single occupants move out rather than entire groups leaving together.,2,1,0.95,"{
  ""entailment_score"": 1,
  ""confidence"": 0.95
}"
business|Comparing_Bear_Markets_Through_the_Years_and_Lessons_Learned|9|2|0a53edd2036adf75|0,business|Comparing_Bear_Markets_Through_the_Years_and_Lessons_Learned|9|2|0a53edd2036adf75,business,Comparing_Bear_Markets_Through_the_Years_and_Lessons_Learned,9,2,Past economic data loses relevance once it is fully priced into the market.,38_Second_Street_Summit_Moves_Online__Open_to_All,54,3,The speaker believes their own market exists but faces budget constraints due to the economic crisis.,2,3,0.7,"{
  ""entailment_score"": 3,
  ""confidence"": 0.7
}"
business|Comparing_Bear_Markets_Through_the_Years_and_Lessons_Learned|9|2|0a53edd2036adf75|1,business|Comparing_Bear_Markets_Through_the_Years_and_Lessons_Learned|9|2|0a53edd2036adf75,business,Comparing_Bear_Markets_Through_the_Years_and_Lessons_Learned,9,2,Past economic data loses relevance once it is fully priced into the market.,38_Second_Street_Summit_Moves_Online__Open_to_All,57,4,People who had stable lead pipelines in the past are now seeking external help due to changing market conditions.,2,3,0.7,"{
  ""entailment_score"": 3,
  ""confidence"": 0.7
}"
business|JJ_Whitehead__Making_a_living_as_a_Comedian|41|1|60fbbce2678ed380|0,business|JJ_Whitehead__Making_a_living_as_a_Comedian|41|1|60fbbce2678ed380,business,JJ_Whitehead__Making_a_living_as_a_Comedian,41,1,The speaker’s personal judgment about what works is not necessarily aligned with audience reception.,The_Short_Squeeze__Could_there_be_an_Iron_Ore_trade_war,0,0,"This is the short squeeze, a podcast about what's happening in financial markets in the coming week.",2,1,0.85,"{
  ""entailment_score"": 1,
  ""confidence"": 0.85
}"
business|JJ_Whitehead__Making_a_living_as_a_Comedian|41|1|60fbbce2678ed380|1,business|JJ_Whitehead__Making_a_living_as_a_Comedian|41|1|60fbbce2678ed380,business,JJ_Whitehead__Making_a_living_as_a_Comedian,41,1,The speaker’s personal judgment about what works is not necessarily aligned with audience reception.,The_Short_Squeeze__Could_there_be_an_Iron_Ore_trade_war,16,1,The speaker is asking Karl what he is observing regarding the current situation.,2,1,0.8,"{
  ""entailment_score"": 1,
  ""confidence"": 0.8
}"
business|ADPI_141__How_To_Manage_Short_Term_Rentals_With_Greg_Rollins|13|9|916efc8959252319|0,business|ADPI_141__How_To_Manage_Short_Term_Rentals_With_Greg_Rollins|13|9|916efc8959252319,business,ADPI_141__How_To_Manage_Short_Term_Rentals_With_Greg_Rollins,13,9,The speaker’s credibility is enhanced by personal military affiliation and lived experience.,Take_Action_podcast_season_2_episode_21_with_Monte_and_Yura._Season_2_Finale_episode._Best_of_the_best_podcast_jam_session_with_Monte_and_Yura,12,9,The speaker values learning from personal relationships and shared experiences in professional development.,2,5,0.8,"{
  ""entailment_score"": 5,
  ""confidence"": 0.8
}"
business|ADPI_141__How_To_Manage_Short_Term_Rentals_With_Greg_Rollins|13|9|916efc8959252319|1,business|ADPI_141__How_To_Manage_Short_Term_Rentals_With_Greg_Rollins|13|9|916efc8959252319,business,ADPI_141__How_To_Manage_Short_Term_Rentals_With_Greg_Rollins,13,9,The speaker’s credibility is enhanced by personal military affiliation and lived experience.,Take_Action_podcast_season_2_episode_21_with_Monte_and_Yura._Season_2_Finale_episode._Best_of_the_best_podcast_jam_session_with_Monte_and_Yura,20,3,The Take Action podcast originated from the speaker’s experience with the Body Family program.,2,9,0.95,"{
  ""entailment_score"": 9,
  ""confidence"": 0.95
}"
business|ADPI_141__How_To_Manage_Short_Term_Rentals_With_Greg_Rollins|13|9|916efc8959252319|2,business|ADPI_141__How_To_Manage_Short_Term_Rentals_With_Greg_Rollins|13|9|916efc8959252319,business,ADPI_141__How_To_Manage_Short_Term_Rentals_With_Greg_Rollins,13,9,The speaker’s credibility is enhanced by personal military affiliation and lived experience.,Take_Action_podcast_season_2_episode_21_with_Monte_and_Yura._Season_2_Finale_episode._Best_of_the_best_podcast_jam_session_with_Monte_and_Yura,20,9,The speaker finds it increasingly difficult to tolerate excuses for unmet personal outcomes.,2,9,0.95,"{
  ""entailment_score"": 9,
  ""confidence"": 0.95
}"
business|ADPI_141__How_To_Manage_Short_Term_Rentals_With_Greg_Rollins|13|9|916efc8959252319|3,business|ADPI_141__How_To_Manage_Short_Term_Rentals_With_Greg_Rollins|13|9|916efc8959252319,business,ADPI_141__How_To_Manage_Short_Term_Rentals_With_Greg_Rollins,13,9,The speaker’s credibility is enhanced by personal military affiliation and lived experience.,Take_Action_podcast_season_2_episode_21_with_Monte_and_Yura._Season_2_Finale_episode._Best_of_the_best_podcast_jam_session_with_Monte_and_Yura,60,0,The speaker wishes everyone a good experience going forward.,2,1,0.8,"{
  ""entailment_score"": 1,
  ""confidence"": 0.8
}"
political|51276|0|3|dd1cd78fce8de14e|0,political|51276|0|3|dd1cd78fce8de14e,political,51276,0,3,Audiences value expert insights from high-level policymakers on complex issues like cybersecurity.,48868,8,4,The American public deserves thorough examination of complex societal issues.,2,5,0.75,"{
  ""entailment_score"": 5,
  ""confidence"": 0.75
}"
business|Launching_A_D2C_Startup__Hubble_Co-Founder___Co-CEO__Jesse_Horwitz|4|3|4b799cba1c782eb0|0,business|Launching_A_D2C_Startup__Hubble_Co-Founder___Co-CEO__Jesse_Horwitz|4|3|4b799cba1c782eb0,business,Launching_A_D2C_Startup__Hubble_Co-Founder___Co-CEO__Jesse_Horwitz,4,3,The speaker believes the listener has relevant experience or knowledge about the pre-launch process.,Master_Communicator_Podcast_with_Akhil_Mittal,7,4,The listener has experience in both technology and sales.,3,9,0.95,"{
  ""entailment_score"": 9,
  ""confidence"": 0.95
}"
business|Launching_A_D2C_Startup__Hubble_Co-Founder___Co-CEO__Jesse_Horwitz|4|3|4b799cba1c782eb0|1,business|Launching_A_D2C_Startup__Hubble_Co-Founder___Co-CEO__Jesse_Horwitz|4|3|4b799cba1c782eb0,business,Launching_A_D2C_Startup__Hubble_Co-Founder___Co-CEO__Jesse_Horwitz,4,3,The speaker believes the listener has relevant experience or knowledge about the pre-launch process.,Master_Communicator_Podcast_with_Akhil_Mittal,19,0,The speaker is asking about someone who has been a favorite boss or teacher.,3,1,0.95,"{
  ""entailment_score"": 1,
  ""confidence"": 0.95
}"
business|Launching_A_D2C_Startup__Hubble_Co-Founder___Co-CEO__Jesse_Horwitz|4|3|4b799cba1c782eb0|2,business|Launching_A_D2C_Startup__Hubble_Co-Founder___Co-CEO__Jesse_Horwitz|4|3|4b799cba1c782eb0,business,Launching_A_D2C_Startup__Hubble_Co-Founder___Co-CEO__Jesse_Horwitz,4,3,The speaker believes the listener has relevant experience or knowledge about the pre-launch process.,Master_Communicator_Podcast_with_Akhil_Mittal,3,4,The speaker acknowledges that something has been previously stated correctly.,2,1,0.8,"{
  ""entailment_score"": 1,
  ""confidence"": 0.8
}"
business|Launching_A_D2C_Startup__Hubble_Co-Founder___Co-CEO__Jesse_Horwitz|4|3|4b799cba1c782eb0|3,business|Launching_A_D2C_Startup__Hubble_Co-Founder___Co-CEO__Jesse_Horwitz|4|3|4b799cba1c782eb0,business,Launching_A_D2C_Startup__Hubble_Co-Founder___Co-CEO__Jesse_Horwitz,4,3,The speaker believes the listener has relevant experience or knowledge about the pre-launch process.,Master_Communicator_Podcast_with_Akhil_Mittal,7,2,The speaker is asking for the listener’s perspective on leadership challenges during the pandemic.,2,1,0.95,"{
  ""entailment_score"": 1,
  ""confidence"": 0.95
}"
business|Launching_A_D2C_Startup__Hubble_Co-Founder___Co-CEO__Jesse_Horwitz|4|3|4b799cba1c782eb0|4,business|Launching_A_D2C_Startup__Hubble_Co-Founder___Co-CEO__Jesse_Horwitz|4|3|4b799cba1c782eb0,business,Launching_A_D2C_Startup__Hubble_Co-Founder___Co-CEO__Jesse_Horwitz,4,3,The speaker believes the listener has relevant experience or knowledge about the pre-launch process.,Master_Communicator_Podcast_with_Akhil_Mittal,12,5,Aditya has over twenty years of experience in the Indian consumer market.,2,3,0.7,"{
  ""entailment_score"": 3,
  ""confidence"": 0.7
}"
business|Launching_A_D2C_Startup__Hubble_Co-Founder___Co-CEO__Jesse_Horwitz|4|3|4b799cba1c782eb0|5,business|Launching_A_D2C_Startup__Hubble_Co-Founder___Co-CEO__Jesse_Horwitz|4|3|4b799cba1c782eb0,business,Launching_A_D2C_Startup__Hubble_Co-Founder___Co-CEO__Jesse_Horwitz,4,3,The speaker believes the listener has relevant experience or knowledge about the pre-launch process.,Master_Communicator_Podcast_with_Akhil_Mittal,16,3,No leader the speaker has ever known can survive without strong communication skills.,2,1,0.8,"{
  ""entailment_score"": 1,
  ""confidence"": 0.8
}"
business|Kabir_Shahani_CEO_of_Amperity|13|4|23721481ffec60e9|0,business|Kabir_Shahani_CEO_of_Amperity|13|4|23721481ffec60e9,business,Kabir_Shahani_CEO_of_Amperity,13,4,Big data was a recognized concept during the time period referenced.,Virtual_Real_Estate_Investing_with_Lauren_Hardy_-_Episode_641,9,2,I maintained a 45-hour workweek during the period when I was building my financial foundation.,2,1,0.8,"{
  ""entailment_score"": 1,
  ""confidence"": 0.8
}"
business|Kabir_Shahani_CEO_of_Amperity|13|4|23721481ffec60e9|1,business|Kabir_Shahani_CEO_of_Amperity|13|4|23721481ffec60e9,business,Kabir_Shahani_CEO_of_Amperity,13,4,Big data was a recognized concept during the time period referenced.,Virtual_Real_Estate_Investing_with_Lauren_Hardy_-_Episode_641,12,2,I worked as a news anchor in Midtown Manhattan during that time.,2,1,0.8,"{
  ""entailment_score"": 1,
  ""confidence"": 0.8
}"
commentary|Whew_Chile_the_Grad_Depression|161|2|f4cab6ff8030e0b1|0,commentary|Whew_Chile_the_Grad_Depression|161|2|f4cab6ff8030e0b1,commentary,Whew_Chile_the_Grad_Depression,161,2,Job market challenges experienced during the pandemic remain relevant today.,The_Global_Fight_Against_COVID-19_2,0,1,International organizations such as the UN and WHO are playing diminished roles during the coronavirus pandemic.,2,1,0.8,"{
  ""entailment_score"": 1,
  ""confidence"": 0.8
}"
commentary|Whew_Chile_the_Grad_Depression|161|2|f4cab6ff8030e0b1|1,commentary|Whew_Chile_the_Grad_Depression|161|2|f4cab6ff8030e0b1,commentary,Whew_Chile_the_Grad_Depression,161,2,Job market challenges experienced during the pandemic remain relevant today.,The_Global_Fight_Against_COVID-19_2,0,2,Countries are primarily responsible for making headlines regarding social restrictions during the pandemic.,2,1,0.8,"{
  ""entailment_score"": 1,
  ""confidence"": 0.8
}"
commentary|Whew_Chile_the_Grad_Depression|161|2|f4cab6ff8030e0b1|2,commentary|Whew_Chile_the_Grad_Depression|161|2|f4cab6ff8030e0b1,commentary,Whew_Chile_the_Grad_Depression,161,2,Job market challenges experienced during the pandemic remain relevant today.,The_Global_Fight_Against_COVID-19_2,2,1,There exists a theoretical framework for how the WHO should operate during a global pandemic.,2,1,0.95,"{
  ""entailment_score"": 1,
  ""confidence"": 0.95
}"
commentary|Whew_Chile_the_Grad_Depression|161|2|f4cab6ff8030e0b1|3,commentary|Whew_Chile_the_Grad_Depression|161|2|f4cab6ff8030e0b1,commentary,Whew_Chile_the_Grad_Depression,161,2,Job market challenges experienced during the pandemic remain relevant today.,The_Global_Fight_Against_COVID-19_2,4,6,Donald Trump chose not to impose uniform mandates on U.S. states during the pandemic.,2,3,0.7,"{
  ""entailment_score"": 3,
  ""confidence"": 0.7
}"
commentary|Whew_Chile_the_Grad_Depression|161|2|f4cab6ff8030e0b1|4,commentary|Whew_Chile_the_Grad_Depression|161|2|f4cab6ff8030e0b1,commentary,Whew_Chile_the_Grad_Depression,161,2,Job market challenges experienced during the pandemic remain relevant today.,The_Global_Fight_Against_COVID-19_2,5,7,The WHO demonstrated more effectiveness than expected during the pandemic.,2,1,0.85,"{
  ""entailment_score"": 1,
  ""confidence"": 0.85
}"
commentary|Whew_Chile_the_Grad_Depression|161|2|f4cab6ff8030e0b1|5,commentary|Whew_Chile_the_Grad_Depression|161|2|f4cab6ff8030e0b1,commentary,Whew_Chile_the_Grad_Depression,161,2,Job market challenges experienced during the pandemic remain relevant today.,The_Global_Fight_Against_COVID-19_2,9,2,Bill Gates stepped up during the pandemic.,2,1,0.95,"{
  ""entailment_score"": 1,
  ""confidence"": 0.95
}"
business|Dancing_with_Startups__The_rise_of_the_Minimalist_Brands_-_CEO_Five_Dot_Botanics_Zaffrin_O_Sullivan|6|3|9988b5fe429e9dd1|0,business|Dancing_with_Startups__The_rise_of_the_Minimalist_Brands_-_CEO_Five_Dot_Botanics_Zaffrin_O_Sullivan|6|3|9988b5fe429e9dd1,business,Dancing_with_Startups__The_rise_of_the_Minimalist_Brands_-_CEO_Five_Dot_Botanics_Zaffrin_O_Sullivan,6,3,The speaker assumes they have permission or appropriate context to ask probing questions about the listener’s choices.,EP__17__How_to_Create_Content_That_Gets_You_Links__That_Get_You_Traffic_ft._Tim_Brown,0,2,The speaker is excited about today's lesson.,2,1,0.85,"{
  ""entailment_score"": 1,
  ""confidence"": 0.85
}"
business|Dancing_with_Startups__The_rise_of_the_Minimalist_Brands_-_CEO_Five_Dot_Botanics_Zaffrin_O_Sullivan|6|3|9988b5fe429e9dd1|1,business|Dancing_with_Startups__The_rise_of_the_Minimalist_Brands_-_CEO_Five_Dot_Botanics_Zaffrin_O_Sullivan|6|3|9988b5fe429e9dd1,business,Dancing_with_Startups__The_rise_of_the_Minimalist_Brands_-_CEO_Five_Dot_Botanics_Zaffrin_O_Sullivan,6,3,The speaker assumes they have permission or appropriate context to ask probing questions about the listener’s choices.,EP__17__How_to_Create_Content_That_Gets_You_Links__That_Get_You_Traffic_ft._Tim_Brown,13,1,The speaker is asking if the listener is in Canada.,2,1,0.8,"{
  ""entailment_score"": 1,
  ""confidence"": 0.8
}"
business|Dancing_with_Startups__The_rise_of_the_Minimalist_Brands_-_CEO_Five_Dot_Botanics_Zaffrin_O_Sullivan|6|3|9988b5fe429e9dd1|2,business|Dancing_with_Startups__The_rise_of_the_Minimalist_Brands_-_CEO_Five_Dot_Botanics_Zaffrin_O_Sullivan|6|3|9988b5fe429e9dd1,business,Dancing_with_Startups__The_rise_of_the_Minimalist_Brands_-_CEO_Five_Dot_Botanics_Zaffrin_O_Sullivan,6,3,The speaker assumes they have permission or appropriate context to ask probing questions about the listener’s choices.,EP__17__How_to_Create_Content_That_Gets_You_Links__That_Get_You_Traffic_ft._Tim_Brown,13,2,The speaker knows about 'the pointy point of view'.,2,3,0.7,"{
  ""entailment_score"": 3,
  ""confidence"": 0.7
}"
business|Dancing_with_Startups__The_rise_of_the_Minimalist_Brands_-_CEO_Five_Dot_Botanics_Zaffrin_O_Sullivan|6|3|9988b5fe429e9dd1|3,business|Dancing_with_Startups__The_rise_of_the_Minimalist_Brands_-_CEO_Five_Dot_Botanics_Zaffrin_O_Sullivan|6|3|9988b5fe429e9dd1,business,Dancing_with_Startups__The_rise_of_the_Minimalist_Brands_-_CEO_Five_Dot_Botanics_Zaffrin_O_Sullivan,6,3,The speaker assumes they have permission or appropriate context to ask probing questions about the listener’s choices.,EP__17__How_to_Create_Content_That_Gets_You_Links__That_Get_You_Traffic_ft._Tim_Brown,48,3,The speaker has a different perspective or additional information relevant to a published story about a defective product.,2,3,0.7,"{
  ""entailment_score"": 3,
  ""confidence"": 0.7
}"
business|Dancing_with_Startups__The_rise_of_the_Minimalist_Brands_-_CEO_Five_Dot_Botanics_Zaffrin_O_Sullivan|6|3|9988b5fe429e9dd1|4,business|Dancing_with_Startups__The_rise_of_the_Minimalist_Brands_-_CEO_Five_Dot_Botanics_Zaffrin_O_Sullivan|6|3|9988b5fe429e9dd1,business,Dancing_with_Startups__The_rise_of_the_Minimalist_Brands_-_CEO_Five_Dot_Botanics_Zaffrin_O_Sullivan,6,3,The speaker assumes they have permission or appropriate context to ask probing questions about the listener’s choices.,EP__17__How_to_Create_Content_That_Gets_You_Links__That_Get_You_Traffic_ft._Tim_Brown,51,0,Clients who have worked with the speaker for two years and achieved tripling of leads through organic search still receive spam messages claiming to fix broken links.,2,1,0.8,"{
  ""entailment_score"": 1,
  ""confidence"": 0.8
}"
business|How_to_Make__10_000__Before_Your_Book_Hits_Shelves|2|6|297fa419485c509b|0,business|How_to_Make__10_000__Before_Your_Book_Hits_Shelves|2|6|297fa419485c509b,business,How_to_Make__10_000__Before_Your_Book_Hits_Shelves,2,6,There exists a gap between writing a book and achieving real-world impact from it.,How_a_digital_dollar_could_be_included_in_COVID-19_relief_with_FS_Vector,12,3,There is an infrastructure gap between the US and modern technological standards.,3,1,0.8,"{
  ""entailment_score"": 1,
  ""confidence"": 0.8
}"
business|How_to_Make__10_000__Before_Your_Book_Hits_Shelves|2|6|297fa419485c509b|1,business|How_to_Make__10_000__Before_Your_Book_Hits_Shelves|2|6|297fa419485c509b,business,How_to_Make__10_000__Before_Your_Book_Hits_Shelves,2,6,There exists a gap between writing a book and achieving real-world impact from it.,How_a_digital_dollar_could_be_included_in_COVID-19_relief_with_FS_Vector,17,2,There exists another person named John Collins who is an NBA player.,2,1,0.95,"{
  ""entailment_score"": 1,
  ""confidence"": 0.95
}"
business|Media_Masters_-_Alessandra_Stanley|89|3|c07969a4fa83c792|0,business|Media_Masters_-_Alessandra_Stanley|89|3|c07969a4fa83c792,business,Media_Masters_-_Alessandra_Stanley,89,3,The speaker believes their initial reaction reflects a valid concern about workplace culture.,224_-_Show_Promoters_Beware___with_Rich_Klein,8,2,The speaker believes they can provide legal advice without being disbarred.,2,1,0.8,"{
  ""entailment_score"": 1,
  ""confidence"": 0.8
}"
business|Media_Masters_-_Alessandra_Stanley|89|3|c07969a4fa83c792|1,business|Media_Masters_-_Alessandra_Stanley|89|3|c07969a4fa83c792,business,Media_Masters_-_Alessandra_Stanley,89,3,The speaker believes their initial reaction reflects a valid concern about workplace culture.,224_-_Show_Promoters_Beware___with_Rich_Klein,11,9,The speaker believes Dave Myron has undergone significant psychological treatment.,2,1,0.8,"{
  ""entailment_score"": 1,
  ""confidence"": 0.8
}"
business|Media_Masters_-_Alessandra_Stanley|89|3|c07969a4fa83c792|2,business|Media_Masters_-_Alessandra_Stanley|89|3|c07969a4fa83c792,business,Media_Masters_-_Alessandra_Stanley,89,3,The speaker believes their initial reaction reflects a valid concern about workplace culture.,224_-_Show_Promoters_Beware___with_Rich_Klein,23,3,The speaker believes the magnitude of waiting interest would be shocking.,2,1,0.8,"{
  ""entailment_score"": 1,
  ""confidence"": 0.8
}"
business|Media_Masters_-_Alessandra_Stanley|89|3|c07969a4fa83c792|3,business|Media_Masters_-_Alessandra_Stanley|89|3|c07969a4fa83c792,business,Media_Masters_-_Alessandra_Stanley,89,3,The speaker believes their initial reaction reflects a valid concern about workplace culture.,224_-_Show_Promoters_Beware___with_Rich_Klein,24,2,The speaker believes that the behavior of those people was noteworthy.,2,3,0.8,"{
  ""entailment_score"": 3,
  ""confidence"": 0.8
}"
business|Architects_Help_Your_Dreams_come_True|12|0|8e2691df84d96f9a|0,business|Architects_Help_Your_Dreams_come_True|12|0|8e2691df84d96f9a,business,Architects_Help_Your_Dreams_come_True,12,0,There exists a clear distinction between new construction and renovation projects.,143_-_Paul_Maskill__Founder_of_Ultimate_Freedom_Mastermind,5,1,There is little to lose when trying new approaches currently.,2,3,0.8,"{
  ""entailment_score"": 3,
  ""confidence"": 0.8
}"
business|Architects_Help_Your_Dreams_come_True|12|0|8e2691df84d96f9a|1,business|Architects_Help_Your_Dreams_come_True|12|0|8e2691df84d96f9a,business,Architects_Help_Your_Dreams_come_True,12,0,There exists a clear distinction between new construction and renovation projects.,143_-_Paul_Maskill__Founder_of_Ultimate_Freedom_Mastermind,15,9,There is a recurring trade-off between serving current customers and building future pipelines.,2,1,0.8,"{
  ""entailment_score"": 1,
  ""confidence"": 0.8
}"
business|Architects_Help_Your_Dreams_come_True|12|0|8e2691df84d96f9a|2,business|Architects_Help_Your_Dreams_come_True|12|0|8e2691df84d96f9a,business,Architects_Help_Your_Dreams_come_True,12,0,There exists a clear distinction between new construction and renovation projects.,143_-_Paul_Maskill__Founder_of_Ultimate_Freedom_Mastermind,38,1,There should be synergy between personal and family goals.,2,1,0.8,"{
  ""entailment_score"": 1,
  ""confidence"": 0.8
}"
commentary|89_-_Ryan_Papaioannou|155|4|82db936f11f31cfd|0,commentary|89_-_Ryan_Papaioannou|155|4|82db936f11f31cfd,commentary,89_-_Ryan_Papaioannou,155,4,The speaker has credibility in discussing coaching transitions.,Episode_130___Paul_Feig___21_-_05_-_2020,5,2,The speaker has a funny feeling about the situation.,2,1,0.85,"{
  ""entailment_score"": 1,
  ""confidence"": 0.85
}"
commentary|89_-_Ryan_Papaioannou|155|4|82db936f11f31cfd|1,commentary|89_-_Ryan_Papaioannou|155|4|82db936f11f31cfd,commentary,89_-_Ryan_Papaioannou,155,4,The speaker has credibility in discussing coaching transitions.,Episode_130___Paul_Feig___21_-_05_-_2020,7,0,The speaker has been without pants.,2,1,0.95,"{
  ""entailment_score"": 1,
  ""confidence"": 0.95
}"
commentary|89_-_Ryan_Papaioannou|155|4|82db936f11f31cfd|2,commentary|89_-_Ryan_Papaioannou|155|4|82db936f11f31cfd,commentary,89_-_Ryan_Papaioannou,155,4,The speaker has credibility in discussing coaching transitions.,Episode_130___Paul_Feig___21_-_05_-_2020,7,1,The speaker has been without a shirt.,2,1,0.95,"{
  ""entailment_score"": 1,
  ""confidence"": 0.95
}"
commentary|89_-_Ryan_Papaioannou|155|4|82db936f11f31cfd|3,commentary|89_-_Ryan_Papaioannou|155|4|82db936f11f31cfd,commentary,89_-_Ryan_Papaioannou,155,4,The speaker has credibility in discussing coaching transitions.,Episode_130___Paul_Feig___21_-_05_-_2020,7,2,The speaker has been without other clothing items.,2,1,0.95,"{
  ""entailment_score"": 1,
  ""confidence"": 0.95
}"
commentary|89_-_Ryan_Papaioannou|155|4|82db936f11f31cfd|4,commentary|89_-_Ryan_Papaioannou|155|4|82db936f11f31cfd,commentary,89_-_Ryan_Papaioannou,155,4,The speaker has credibility in discussing coaching transitions.,Episode_130___Paul_Feig___21_-_05_-_2020,12,2,The speaker is asking whether the production team has drafted a plan for the number of seasons.,2,1,0.85,"{
  ""entailment_score"": 1,
  ""confidence"": 0.85
}"
commentary|89_-_Ryan_Papaioannou|155|4|82db936f11f31cfd|5,commentary|89_-_Ryan_Papaioannou|155|4|82db936f11f31cfd,commentary,89_-_Ryan_Papaioannou,155,4,The speaker has credibility in discussing coaching transitions.,Episode_130___Paul_Feig___21_-_05_-_2020,12,3,The speaker is asking whether the production team has planned specific title characters for each season.,2,1,0.85,"{
  ""entailment_score"": 1,
  ""confidence"": 0.85
}"
commentary|89_-_Ryan_Papaioannou|155|4|82db936f11f31cfd|6,commentary|89_-_Ryan_Papaioannou|155|4|82db936f11f31cfd,commentary,89_-_Ryan_Papaioannou,155,4,The speaker has credibility in discussing coaching transitions.,Episode_130___Paul_Feig___21_-_05_-_2020,15,1,The speaker has met Anna personally through meetings and meals.,2,1,0.85,"{
  ""entailment_score"": 1,
  ""confidence"": 0.85
}"
commentary|89_-_Ryan_Papaioannou|155|4|82db936f11f31cfd|7,commentary|89_-_Ryan_Papaioannou|155|4|82db936f11f31cfd,commentary,89_-_Ryan_Papaioannou,155,4,The speaker has credibility in discussing coaching transitions.,Episode_130___Paul_Feig___21_-_05_-_2020,18,1,The speaker is discussing a current project involving film production.,2,1,0.95,"{
  ""entailment_score"": 1,
  ""confidence"": 0.95
}"
commentary|89_-_Ryan_Papaioannou|155|4|82db936f11f31cfd|8,commentary|89_-_Ryan_Papaioannou|155|4|82db936f11f31cfd,commentary,89_-_Ryan_Papaioannou,155,4,The speaker has credibility in discussing coaching transitions.,Episode_130___Paul_Feig___21_-_05_-_2020,22,0,The speaker believes the listener has a skill in drawing out unique qualities from actors.,2,1,0.85,"{
  ""entailment_score"": 1,
  ""confidence"": 0.85
}"
business|Drinking_Tales__1_-_Random_Ass_Stuff|71|2|264c673d41b38b39|0,business|Drinking_Tales__1_-_Random_Ass_Stuff|71|2|264c673d41b38b39,business,Drinking_Tales__1_-_Random_Ass_Stuff,71,2,The speaker views themselves as having influence over whether people can drink at their location.,NQL_272_-_Jason_Beim,0,4,The key question is whether people choose to get back up after being knocked down.,2,1,0.95,"{
  ""entailment_score"": 1,
  ""confidence"": 0.95
}"
business|Drinking_Tales__1_-_Random_Ass_Stuff|71|2|264c673d41b38b39|1,business|Drinking_Tales__1_-_Random_Ass_Stuff|71|2|264c673d41b38b39,business,Drinking_Tales__1_-_Random_Ass_Stuff,71,2,The speaker views themselves as having influence over whether people can drink at their location.,NQL_272_-_Jason_Beim,6,5,The speaker believes the guest became a better version of themselves.,2,1,0.8,"{
  ""entailment_score"": 1,
  ""confidence"": 0.8
}"
business|Drinking_Tales__1_-_Random_Ass_Stuff|71|2|264c673d41b38b39|2,business|Drinking_Tales__1_-_Random_Ass_Stuff|71|2|264c673d41b38b39,business,Drinking_Tales__1_-_Random_Ass_Stuff,71,2,The speaker views themselves as having influence over whether people can drink at their location.,NQL_272_-_Jason_Beim,21,4,Unfollowing unproductive accounts improved the speaker's well-being by reducing negative influence.,2,1,0.8,"{
  ""entailment_score"": 1,
  ""confidence"": 0.8
}"
business|Drinking_Tales__1_-_Random_Ass_Stuff|71|2|264c673d41b38b39|3,business|Drinking_Tales__1_-_Random_Ass_Stuff|71|2|264c673d41b38b39,business,Drinking_Tales__1_-_Random_Ass_Stuff,71,2,The speaker views themselves as having influence over whether people can drink at their location.,NQL_272_-_Jason_Beim,22,9,Positive narratives should be prioritized over negative ones to influence culture positively.,2,1,0.8,"{
  ""entailment_score"": 1,
  ""confidence"": 0.8
}"
business|Drinking_Tales__1_-_Random_Ass_Stuff|71|2|264c673d41b38b39|4,business|Drinking_Tales__1_-_Random_Ass_Stuff|71|2|264c673d41b38b39,business,Drinking_Tales__1_-_Random_Ass_Stuff,71,2,The speaker views themselves as having influence over whether people can drink at their location.,NQL_272_-_Jason_Beim,25,2,The speaker has previously been unable to look themselves in the mirror.,2,1,0.8,"{
  ""entailment_score"": 1,
  ""confidence"": 0.8
}"
business|Drinking_Tales__1_-_Random_Ass_Stuff|71|2|264c673d41b38b39|5,business|Drinking_Tales__1_-_Random_Ass_Stuff|71|2|264c673d41b38b39,business,Drinking_Tales__1_-_Random_Ass_Stuff,71,2,The speaker views themselves as having influence over whether people can drink at their location.,NQL_272_-_Jason_Beim,28,3,The speaker can choose any food for their final meal.,2,1,0.95,"{
  ""entailment_score"": 1,
  ""confidence"": 0.95
}"
business|Drinking_Tales__1_-_Random_Ass_Stuff|71|2|264c673d41b38b39|6,business|Drinking_Tales__1_-_Random_Ass_Stuff|71|2|264c673d41b38b39,business,Drinking_Tales__1_-_Random_Ass_Stuff,71,2,The speaker views themselves as having influence over whether people can drink at their location.,NQL_272_-_Jason_Beim,41,7,The speaker invites people to send direct messages to the 'Jump Above Boundaries' page.,2,3,0.8,"{
  ""entailment_score"": 3,
  ""confidence"": 0.8
}"
business|Drinking_Tales__1_-_Random_Ass_Stuff|71|2|264c673d41b38b39|7,business|Drinking_Tales__1_-_Random_Ass_Stuff|71|2|264c673d41b38b39,business,Drinking_Tales__1_-_Random_Ass_Stuff,71,2,The speaker views themselves as having influence over whether people can drink at their location.,NQL_272_-_Jason_Beim,46,5,Jason helps people become better versions of themselves.,2,1,0.95,"{
  ""entailment_score"": 1,
  ""confidence"": 0.95
}"
business|Lets_Sound_Off_on_HR___The_Gig_Economy|43|4|e586a817ccde0506|0,business|Lets_Sound_Off_on_HR___The_Gig_Economy|43|4|e586a817ccde0506,business,Lets_Sound_Off_on_HR___The_Gig_Economy,43,4,The speaker believes they have credibility to speak about HR due to personal experience with poor HR practices.,How_to_survive_a_recession,1,6,The speaker believes three points are optimal for retention.,2,1,0.8,"{
  ""entailment_score"": 1,
  ""confidence"": 0.8
}"
business|Lets_Sound_Off_on_HR___The_Gig_Economy|43|4|e586a817ccde0506|1,business|Lets_Sound_Off_on_HR___The_Gig_Economy|43|4|e586a817ccde0506,business,Lets_Sound_Off_on_HR___The_Gig_Economy,43,4,The speaker believes they have credibility to speak about HR due to personal experience with poor HR practices.,How_to_survive_a_recession,11,3,The speaker has to buy a car despite personal financial strain.,2,1,0.85,"{
  ""entailment_score"": 1,
  ""confidence"": 0.85
}"
business|Lets_Sound_Off_on_HR___The_Gig_Economy|43|4|e586a817ccde0506|2,business|Lets_Sound_Off_on_HR___The_Gig_Economy|43|4|e586a817ccde0506,business,Lets_Sound_Off_on_HR___The_Gig_Economy,43,4,The speaker believes they have credibility to speak about HR due to personal experience with poor HR practices.,How_to_survive_a_recession,11,5,The speaker cannot afford basic necessities like food due to repayment obligations.,2,1,0.85,"{
  ""entailment_score"": 1,
  ""confidence"": 0.85
}"
political|72689|28|3|2c80e097f35509dc|0,political|72689|28|3|2c80e097f35509dc,political,72689,28,3,The speaker views the question of what 'it takes' in the debate as relevant and worth exploring.,76012,4,1,The speaker is asking the listener for their takeaways from debate night.,2,3,0.7,"{
  ""entailment_score"": 3,
  ""confidence"": 0.7
}"
political|72689|28|3|2c80e097f35509dc|1,political|72689|28|3|2c80e097f35509dc,political,72689,28,3,The speaker views the question of what 'it takes' in the debate as relevant and worth exploring.,76012,22,0,The speaker is asking the listener what they would like to see happen at the border.,2,1,0.85,"{
  ""entailment_score"": 1,
  ""confidence"": 0.85
}"
political|72689|28|3|2c80e097f35509dc|2,political|72689|28|3|2c80e097f35509dc,political,72689,28,3,The speaker views the question of what 'it takes' in the debate as relevant and worth exploring.,76012,30,1,The speaker is interested in exploring a hypothetical scenario involving personal representation in film.,2,1,0.95,"{
  ""entailment_score"": 1,
  ""confidence"": 0.95
}"
sports|MJ__Scottie__Rodman___Phil-_What_Made_The_Last_Dance_The_BEST_Sports_Doc_Off_All_-_Time|51|7|b5637ed098c07e83|0,sports|MJ__Scottie__Rodman___Phil-_What_Made_The_Last_Dance_The_BEST_Sports_Doc_Off_All_-_Time|51|7|b5637ed098c07e83,sports,MJ__Scottie__Rodman___Phil-_What_Made_The_Last_Dance_The_BEST_Sports_Doc_Off_All_-_Time,51,7,Audience members share the speaker’s understanding of NBA history and player dynamics.,Interview__Jessica_Eye__UFC_Flyweight,18,3,"The speaker believes the audience includes 'us' and 'you know', suggesting shared identification with the fan base.",2,3,0.7,"{
  ""entailment_score"": 3,
  ""confidence"": 0.7
}"
political|72843|0|9|6712db9d2ad17f45|0,political|72843|0|9|6712db9d2ad17f45,political,72843,0,9,The speaker has legitimate authority to interview elected officials on agricultural policy.,81397,1,1,The speaker has been invited to participate in an event or discussion.,2,1,0.8,"{
  ""entailment_score"": 1,
  ""confidence"": 0.8
}"
political|72843|0|9|6712db9d2ad17f45|1,political|72843|0|9|6712db9d2ad17f45,political,72843,0,9,The speaker has legitimate authority to interview elected officials on agricultural policy.,81397,16,3,The speaker is asking for an assessment of the 'maximum pressure' policy.,2,1,0.95,"{
  ""entailment_score"": 1,
  ""confidence"": 0.95
}"
political|72843|0|9|6712db9d2ad17f45|2,political|72843|0|9|6712db9d2ad17f45,political,72843,0,9,The speaker has legitimate authority to interview elected officials on agricultural policy.,81397,16,4,The speaker believes the 'maximum pressure' policy caused harm.,2,1,0.95,"{
  ""entailment_score"": 1,
  ""confidence"": 0.95
}"
political|72843|0|9|6712db9d2ad17f45|3,political|72843|0|9|6712db9d2ad17f45,political,72843,0,9,The speaker has legitimate authority to interview elected officials on agricultural policy.,81397,24,5,The restriction of American tech services has had the opposite effect of what was intended by the original policy goal.,2,1,0.85,"{
  ""entailment_score"": 1,
  ""confidence"": 0.85
}"
political|72843|0|9|6712db9d2ad17f45|4,political|72843|0|9|6712db9d2ad17f45,political,72843,0,9,The speaker has legitimate authority to interview elected officials on agricultural policy.,81397,26,3,"The speaker has personally experienced her home address and photos being shared on Twitter, which posed a threat to her family.",2,1,0.95,"{
  ""entailment_score"": 1,
  ""confidence"": 0.95
}"
religion|Fruit_of_the_Spirit__Faithfulness_with_guest_Kurt_Montooth|26|4|82ffb89000810f9b|0,religion|Fruit_of_the_Spirit__Faithfulness_with_guest_Kurt_Montooth|26|4|82ffb89000810f9b,religion,Fruit_of_the_Spirit__Faithfulness_with_guest_Kurt_Montooth,26,4,There exists a meaningful distinction between types of meditation worth asking about.,Anonymous_Thursday_2,28,2,There is a shared understanding between the speaker and listener about the topic.,3,1,0.8,"{
  ""entailment_score"": 1,
  ""confidence"": 0.8
}"
religion|Fruit_of_the_Spirit__Faithfulness_with_guest_Kurt_Montooth|26|4|82ffb89000810f9b|1,religion|Fruit_of_the_Spirit__Faithfulness_with_guest_Kurt_Montooth|26|4|82ffb89000810f9b,religion,Fruit_of_the_Spirit__Faithfulness_with_guest_Kurt_Montooth,26,4,There exists a meaningful distinction between types of meditation worth asking about.,Anonymous_Thursday_2,30,4,The person asking the question should inform the speaker about their experience trying something.,2,3,0.8,"{
  ""entailment_score"": 3,
  ""confidence"": 0.8
}"
business|OYT_30__David_Toupin_-_24_Years_old_with_over_50_Million_dollars_of_real_estate|16|0|283609397c6a2f36|0,business|OYT_30__David_Toupin_-_24_Years_old_with_over_50_Million_dollars_of_real_estate|16|0|283609397c6a2f36,business,OYT_30__David_Toupin_-_24_Years_old_with_over_50_Million_dollars_of_real_estate,16,0,The speaker believes that past trends in rent growth are indicative of future patterns.,Osmary_and_Angel_Pretot__An_entrepreneurial_tale_of_resilience__trust_and_growth_during_Covid-19_times,31,3,The speaker believes their method produces fast and visible results compared to others.,2,1,0.85,"{
  ""entailment_score"": 1,
  ""confidence"": 0.85
}"
political|84781|23|4|531ab680bb15a83a|0,political|84781|23|4|531ab680bb15a83a,political,84781,23,4,Congressional staff resources are not always reliable or accessible for lawmakers who need interpretation.,86993,4,1,The term 'private citizen' refers to someone who is not part of a formal institution or government body.,2,1,0.95,"{
  ""entailment_score"": 1,
  ""confidence"": 0.95
}"
political|84781|23|4|531ab680bb15a83a|1,political|84781|23|4|531ab680bb15a83a,political,84781,23,4,Congressional staff resources are not always reliable or accessible for lawmakers who need interpretation.,86993,12,3,John Shadick is a former Congressman who represented the Fourth Congressional District.,2,1,0.95,"{
  ""entailment_score"": 1,
  ""confidence"": 0.95
}"
business|Branded_by_Women_-_Sylvia_Stefanowicz|35|6|c3fb1897dace503c|0,business|Branded_by_Women_-_Sylvia_Stefanowicz|35|6|c3fb1897dace503c,business,Branded_by_Women_-_Sylvia_Stefanowicz,35,6,The speaker believes they have a personal mission to advocate for broader recognition of alternative life models and feminine strengths.,Season_1__Ep._19__Carrie_Leahy__Attorney_and_Chair-Elect__Executive_Management_Committee__Bodman_PLC,4,2,The speaker believes the recipient's new role is significant.,2,3,0.8,"{
  ""entailment_score"": 3,
  ""confidence"": 0.8
}"
business|Branded_by_Women_-_Sylvia_Stefanowicz|35|6|c3fb1897dace503c|1,business|Branded_by_Women_-_Sylvia_Stefanowicz|35|6|c3fb1897dace503c,business,Branded_by_Women_-_Sylvia_Stefanowicz,35,6,The speaker believes they have a personal mission to advocate for broader recognition of alternative life models and feminine strengths.,Season_1__Ep._19__Carrie_Leahy__Attorney_and_Chair-Elect__Executive_Management_Committee__Bodman_PLC,11,5,Self-awareness supports personal improvement through recognition of areas needing growth.,2,3,0.8,"{
  ""entailment_score"": 3,
  ""confidence"": 0.8
}"
political|82944|16|3|4dbd9696098e67cd|0,political|82944|16|3|4dbd9696098e67cd,political,82944,16,3,People in the district do not currently know certain personal facts about the speaker.,80120,0,8,Republican.org helps people realize that climate action does not require bigger government.,2,1,0.8,"{
  ""entailment_score"": 1,
  ""confidence"": 0.8
}"
political|82944|16|3|4dbd9696098e67cd|1,political|82944|16|3|4dbd9696098e67cd,political,82944,16,3,People in the district do not currently know certain personal facts about the speaker.,80120,8,1,Many conservatives' concerns about climate action center on fears of increased government size and interference with personal liberty.,2,1,0.8,"{
  ""entailment_score"": 1,
  ""confidence"": 0.8
}"
political|82944|16|3|4dbd9696098e67cd|2,political|82944|16|3|4dbd9696098e67cd,political,82944,16,3,People in the district do not currently know certain personal facts about the speaker.,80120,9,1,There is currently a tendency for discussions about renewable energy and climate change to become tribalized along political lines.,2,1,0.8,"{
  ""entailment_score"": 1,
  ""confidence"": 0.8
}"
political|82944|16|3|4dbd9696098e67cd|3,political|82944|16|3|4dbd9696098e67cd,political,82944,16,3,People in the district do not currently know certain personal facts about the speaker.,80120,10,8,Some people on the left distrust nuclear power due to emotion rather than facts.,2,1,0.95,"{
  ""entailment_score"": 1,
  ""confidence"": 0.95
}"
political|82944|16|3|4dbd9696098e67cd|4,political|82944|16|3|4dbd9696098e67cd,political,82944,16,3,People in the district do not currently know certain personal facts about the speaker.,80120,12,9,"God does not typically suspend natural laws, such as gravity, even when people exercise faith.",2,1,0.95,"{
  ""entailment_score"": 1,
  ""confidence"": 0.95
}"
political|82944|16|3|4dbd9696098e67cd|5,political|82944|16|3|4dbd9696098e67cd,political,82944,16,3,People in the district do not currently know certain personal facts about the speaker.,80120,13,2,The listener has experienced personal difficulties related to discussions about transitioning to renewable energy.,2,1,0.8,"{
  ""entailment_score"": 1,
  ""confidence"": 0.8
}"
political|82944|16|3|4dbd9696098e67cd|6,political|82944|16|3|4dbd9696098e67cd,political,82944,16,3,People in the district do not currently know certain personal facts about the speaker.,80120,16,0,The speaker is currently present at a meeting or event.,2,1,0.8,"{
  ""entailment_score"": 1,
  ""confidence"": 0.8
}"
political|83475|23|4|1c1c71ab9e03b168|0,political|83475|23|4|1c1c71ab9e03b168,political,83475,23,4,Political narratives can be shaped more effectively through selective framing than through comprehensive legal argumentation.,73260,7,1,Hillary Clinton received over 3 million more votes than Senator Sanders in the presidential primary.,2,1,0.95,"{
  ""entailment_score"": 1,
  ""confidence"": 0.95
}"
political|83475|23|4|1c1c71ab9e03b168|1,political|83475|23|4|1c1c71ab9e03b168,political,83475,23,4,Political narratives can be shaped more effectively through selective framing than through comprehensive legal argumentation.,73260,39,5,Attempting to be an effective legislator requires more than shouting from the back row.,2,9,0.95,"{
  ""entailment_score"": 9,
  ""confidence"": 0.95
}"
business|Marketing_Your_Health_And_Wellness_Business_With_Kendra_Perry|36|2|bb440b089840b27b|0,business|Marketing_Your_Health_And_Wellness_Business_With_Kendra_Perry|36|2|bb440b089840b27b,business,Marketing_Your_Health_And_Wellness_Business_With_Kendra_Perry,36,2,The speaker trusts their own judgment about effective platform use more than generic advice from others.,Witness_K_trial_a_scandal_big_enough_for_both_sides_of_politics,27,2,The government uses national security laws more frequently to conceal its own failures than to combat terrorism.,3,1,0.95,"{
  ""entailment_score"": 1,
  ""confidence"": 0.95
}"
business|Marketing_Your_Health_And_Wellness_Business_With_Kendra_Perry|36|2|bb440b089840b27b|1,business|Marketing_Your_Health_And_Wellness_Business_With_Kendra_Perry|36|2|bb440b089840b27b,business,Marketing_Your_Health_And_Wellness_Business_With_Kendra_Perry,36,2,The speaker trusts their own judgment about effective platform use more than generic advice from others.,Witness_K_trial_a_scandal_big_enough_for_both_sides_of_politics,20,1,Court prosecutions have unfolded in a manner described as 'deeper and more concerning' by the speaker.,2,1,0.95,"{
  ""entailment_score"": 1,
  ""confidence"": 0.95
}"
business|Marketing_Your_Health_And_Wellness_Business_With_Kendra_Perry|36|2|bb440b089840b27b|2,business|Marketing_Your_Health_And_Wellness_Business_With_Kendra_Perry|36|2|bb440b089840b27b,business,Marketing_Your_Health_And_Wellness_Business_With_Kendra_Perry,36,2,The speaker trusts their own judgment about effective platform use more than generic advice from others.,Witness_K_trial_a_scandal_big_enough_for_both_sides_of_politics,27,0,The current government is increasingly open about being willing to use national security laws to avoid personal or institutional embarrassment.,2,1,0.95,"{
  ""entailment_score"": 1,
  ""confidence"": 0.95
}"
business|Episode_8_-_Marcus_Cauchi_-_getting_serious_about_channel_sales_-_losing_your_ego__creating_the_right_relationships_and_what_it_takes_to_scale_via_channel_partn|1|7|ff7cb17215a5ba90|0,business|Episode_8_-_Marcus_Cauchi_-_getting_serious_about_channel_sales_-_losing_your_ego__creating_the_right_relationships_and_what_it_takes_to_scale_via_channel_partn|1|7|ff7cb17215a5ba90,business,Episode_8_-_Marcus_Cauchi_-_getting_serious_about_channel_sales_-_losing_your_ego__creating_the_right_relationships_and_what_it_takes_to_scale_via_channel_partn,1,7,The speaker believes that speaking publicly about channel sales contributes meaningfully to professional development.,S1__Ep7_-_Bill_McClain_on_Expanding_Career_Opportunities_for_Women_in_the_Ag_Sector,16,1,"The speaker believes that understanding background and experience in recruitment, retention, and talent development is relevant to promoting agriculture.",3,1,0.95,"{
  ""entailment_score"": 1,
  ""confidence"": 0.95
}"
business|Episode_8_-_Marcus_Cauchi_-_getting_serious_about_channel_sales_-_losing_your_ego__creating_the_right_relationships_and_what_it_takes_to_scale_via_channel_partn|1|7|ff7cb17215a5ba90|1,business|Episode_8_-_Marcus_Cauchi_-_getting_serious_about_channel_sales_-_losing_your_ego__creating_the_right_relationships_and_what_it_takes_to_scale_via_channel_partn|1|7|ff7cb17215a5ba90,business,Episode_8_-_Marcus_Cauchi_-_getting_serious_about_channel_sales_-_losing_your_ego__creating_the_right_relationships_and_what_it_takes_to_scale_via_channel_partn,1,7,The speaker believes that speaking publicly about channel sales contributes meaningfully to professional development.,S1__Ep7_-_Bill_McClain_on_Expanding_Career_Opportunities_for_Women_in_the_Ag_Sector,4,2,The speaker requests that the listener share personal and professional background information.,2,1,0.8,"{
  ""entailment_score"": 1,
  ""confidence"": 0.8
}"
business|Episode_8_-_Marcus_Cauchi_-_getting_serious_about_channel_sales_-_losing_your_ego__creating_the_right_relationships_and_what_it_takes_to_scale_via_channel_partn|1|7|ff7cb17215a5ba90|2,business|Episode_8_-_Marcus_Cauchi_-_getting_serious_about_channel_sales_-_losing_your_ego__creating_the_right_relationships_and_what_it_takes_to_scale_via_channel_partn|1|7|ff7cb17215a5ba90,business,Episode_8_-_Marcus_Cauchi_-_getting_serious_about_channel_sales_-_losing_your_ego__creating_the_right_relationships_and_what_it_takes_to_scale_via_channel_partn,1,7,The speaker believes that speaking publicly about channel sales contributes meaningfully to professional development.,S1__Ep7_-_Bill_McClain_on_Expanding_Career_Opportunities_for_Women_in_the_Ag_Sector,14,1,The speaker is asking about exciting new opportunities for women in agriculture.,2,1,0.95,"{
  ""entailment_score"": 1,
  ""confidence"": 0.95
}"
business|Episode_8_-_Marcus_Cauchi_-_getting_serious_about_channel_sales_-_losing_your_ego__creating_the_right_relationships_and_what_it_takes_to_scale_via_channel_partn|1|7|ff7cb17215a5ba90|3,business|Episode_8_-_Marcus_Cauchi_-_getting_serious_about_channel_sales_-_losing_your_ego__creating_the_right_relationships_and_what_it_takes_to_scale_via_channel_partn|1|7|ff7cb17215a5ba90,business,Episode_8_-_Marcus_Cauchi_-_getting_serious_about_channel_sales_-_losing_your_ego__creating_the_right_relationships_and_what_it_takes_to_scale_via_channel_partn,1,7,The speaker believes that speaking publicly about channel sales contributes meaningfully to professional development.,S1__Ep7_-_Bill_McClain_on_Expanding_Career_Opportunities_for_Women_in_the_Ag_Sector,16,0,The speaker is asking about effective ways to promote the agricultural sector to young people.,2,1,0.95,"{
  ""entailment_score"": 1,
  ""confidence"": 0.95
}"
religion|Episode_14__Mercury_Enters_Cancer|13|0|f99b5ac64876b4b8|0,religion|Episode_14__Mercury_Enters_Cancer|13|0|f99b5ac64876b4b8,religion,Episode_14__Mercury_Enters_Cancer,13,0,The listener has seen at least some Gene Wilder films.,Fifth_Sunday_of_Easter_Catholic_Mass_Readings,9,3,Whoever sees Jesus has seen the Father.,2,1,0.95,"{
  ""entailment_score"": 1,
  ""confidence"": 0.95
}"
sports|AFC_East_Schedule_Analysis_-_F.S._Podcast_Episode_13_2|56|2|804bc9d4b3ba4767|0,sports|AFC_East_Schedule_Analysis_-_F.S._Podcast_Episode_13_2|56|2|804bc9d4b3ba4767,sports,AFC_East_Schedule_Analysis_-_F.S._Podcast_Episode_13_2,56,2,The phrase 'always be Patriots' refers to a persistent cultural or emotional connection rather than literal allegiance.,AIPS_e-College__Donna_De_Varona_ep.11,27,8,This year’s potential non-participation is due to health concerns rather than politics.,2,1,0.8,"{
  ""entailment_score"": 1,
  ""confidence"": 0.8
}"
business|S1__Ep7_-_Bill_McClain_on_Expanding_Career_Opportunities_for_Women_in_the_Ag_Sector|6|3|7cdb68f73697c226|0,business|S1__Ep7_-_Bill_McClain_on_Expanding_Career_Opportunities_for_Women_in_the_Ag_Sector|6|3|7cdb68f73697c226,business,S1__Ep7_-_Bill_McClain_on_Expanding_Career_Opportunities_for_Women_in_the_Ag_Sector,6,3,Knowledge about Bungee's function is valuable for understanding its role.,Q_A_with_Beer_Retail_Expert_Bump_Williams,0,7,Bump Williams integrates industry knowledge with data-driven approaches to offer valuable business guidance.,2,1,0.8,"{
  ""entailment_score"": 1,
  ""confidence"": 0.8
}"
commentary|Get_Healthy_While_You_re_On_Quarantine__You_ve_got_the_time_to_detox_2|19|2|60b3523600a4b650|0,commentary|Get_Healthy_While_You_re_On_Quarantine__You_ve_got_the_time_to_detox_2|19|2|60b3523600a4b650,commentary,Get_Healthy_While_You_re_On_Quarantine__You_ve_got_the_time_to_detox_2,19,2,The speaker has personal experience validating the effectiveness of their approach.,Suppressed_CoronaVirus_health_information__Interview_with_Dr._Eric_Nepute__CoronaVirus__COVID19,5,7,The speaker’s office includes a cardiologist with 35 years of experience.,2,1,0.95,"{
  ""entailment_score"": 1,
  ""confidence"": 0.95
}"
commentary|Get_Healthy_While_You_re_On_Quarantine__You_ve_got_the_time_to_detox_2|19|2|60b3523600a4b650|1,commentary|Get_Healthy_While_You_re_On_Quarantine__You_ve_got_the_time_to_detox_2|19|2|60b3523600a4b650,commentary,Get_Healthy_While_You_re_On_Quarantine__You_ve_got_the_time_to_detox_2,19,2,The speaker has personal experience validating the effectiveness of their approach.,Suppressed_CoronaVirus_health_information__Interview_with_Dr._Eric_Nepute__CoronaVirus__COVID19,9,5,Christian values are central to the speaker's personal identity.,2,1,0.95,"{
  ""entailment_score"": 1,
  ""confidence"": 0.95
}"
political|97225|42|9|ace2d34f6b805468|0,political|97225|42|9|ace2d34f6b805468,political,97225,42,9,The speaker believes that discussing tariffs in relation to presidential speeches enhances listener engagement.,84638,5,3,The speaker believes the current situation is routine.,2,1,0.8,"{
  ""entailment_score"": 1,
  ""confidence"": 0.8
}"
political|97225|42|9|ace2d34f6b805468|1,political|97225|42|9|ace2d34f6b805468,political,97225,42,9,The speaker believes that discussing tariffs in relation to presidential speeches enhances listener engagement.,84638,15,2,The speaker is questioning whether the listener knows precisely whom they will call.,2,1,0.85,"{
  ""entailment_score"": 1,
  ""confidence"": 0.85
}"
political|97225|42|9|ace2d34f6b805468|2,political|97225|42|9|ace2d34f6b805468,political,97225,42,9,The speaker believes that discussing tariffs in relation to presidential speeches enhances listener engagement.,84638,19,2,The speaker values the time spent with the listener.,2,1,0.95,"{
  ""entailment_score"": 1,
  ""confidence"": 0.95
}"
business|Hows_My_Product_Doing__Tackling_the_Data_Dilemma|2|2|4d047dd596daad4c|0,business|Hows_My_Product_Doing__Tackling_the_Data_Dilemma|2|2|4d047dd596daad4c,business,Hows_My_Product_Doing__Tackling_the_Data_Dilemma,2,2,There exists a standard expectation that companies should have access to comprehensive supply chain data.,Oculus_COVID-19_Resilience_Guide__Working_From_Home__Sick_Leave___HR_Wins_And_Fails,8,1,Many major companies have adopted remote work policies extending through at least 2021.,2,1,0.95,"{
  ""entailment_score"": 1,
  ""confidence"": 0.95
}"
business|Hows_My_Product_Doing__Tackling_the_Data_Dilemma|2|2|4d047dd596daad4c|1,business|Hows_My_Product_Doing__Tackling_the_Data_Dilemma|2|2|4d047dd596daad4c,business,Hows_My_Product_Doing__Tackling_the_Data_Dilemma,2,2,There exists a standard expectation that companies should have access to comprehensive supply chain data.,Oculus_COVID-19_Resilience_Guide__Working_From_Home__Sick_Leave___HR_Wins_And_Fails,37,2,Employers should have conversations with employees who repeatedly submit false sick leave requests.,2,1,0.8,"{
  ""entailment_score"": 1,
  ""confidence"": 0.8
}"
business|Hows_My_Product_Doing__Tackling_the_Data_Dilemma|2|2|4d047dd596daad4c|2,business|Hows_My_Product_Doing__Tackling_the_Data_Dilemma|2|2|4d047dd596daad4c,business,Hows_My_Product_Doing__Tackling_the_Data_Dilemma,2,2,There exists a standard expectation that companies should have access to comprehensive supply chain data.,Oculus_COVID-19_Resilience_Guide__Working_From_Home__Sick_Leave___HR_Wins_And_Fails,60,5,There exists an underlying layer of goodness in humanity.,2,1,0.95,"{
  ""entailment_score"": 1,
  ""confidence"": 0.95
}"
business|EP_3__JULIANNE_MAHONEY_-_Intuitive_Eating___Her_Relationship_With_The_Outdoors|9|1|b7239dd7bf9cc81a|0,business|EP_3__JULIANNE_MAHONEY_-_Intuitive_Eating___Her_Relationship_With_The_Outdoors|9|1|b7239dd7bf9cc81a,business,EP_3__JULIANNE_MAHONEY_-_Intuitive_Eating___Her_Relationship_With_The_Outdoors,9,1,The speaker believes the listener has sufficient general scientific literacy to recognize conceptual overlaps.,Julia_Schuster__Core_team_member_of_Showing_up_for_Racial_Justice__SURJ__Denver,3,4,The speaker has ten questions ready to ask Julia about her previous comments.,2,1,0.8,"{
  ""entailment_score"": 1,
  ""confidence"": 0.8
}"
business|EP_3__JULIANNE_MAHONEY_-_Intuitive_Eating___Her_Relationship_With_The_Outdoors|9|1|b7239dd7bf9cc81a|1,business|EP_3__JULIANNE_MAHONEY_-_Intuitive_Eating___Her_Relationship_With_The_Outdoors|9|1|b7239dd7bf9cc81a,business,EP_3__JULIANNE_MAHONEY_-_Intuitive_Eating___Her_Relationship_With_The_Outdoors,9,1,The speaker believes the listener has sufficient general scientific literacy to recognize conceptual overlaps.,Julia_Schuster__Core_team_member_of_Showing_up_for_Racial_Justice__SURJ__Denver,4,1,The speaker has a background in mental health.,2,1,0.8,"{
  ""entailment_score"": 1,
  ""confidence"": 0.8
}"
business|EP_3__JULIANNE_MAHONEY_-_Intuitive_Eating___Her_Relationship_With_The_Outdoors|9|1|b7239dd7bf9cc81a|2,business|EP_3__JULIANNE_MAHONEY_-_Intuitive_Eating___Her_Relationship_With_The_Outdoors|9|1|b7239dd7bf9cc81a,business,EP_3__JULIANNE_MAHONEY_-_Intuitive_Eating___Her_Relationship_With_The_Outdoors,9,1,The speaker believes the listener has sufficient general scientific literacy to recognize conceptual overlaps.,Julia_Schuster__Core_team_member_of_Showing_up_for_Racial_Justice__SURJ__Denver,20,1,The speaker has been gradually influenced by small experiences and supportive people over time.,2,3,0.7,"{
  ""entailment_score"": 3,
  ""confidence"": 0.7
}"
business|EP_3__JULIANNE_MAHONEY_-_Intuitive_Eating___Her_Relationship_With_The_Outdoors|9|1|b7239dd7bf9cc81a|3,business|EP_3__JULIANNE_MAHONEY_-_Intuitive_Eating___Her_Relationship_With_The_Outdoors|9|1|b7239dd7bf9cc81a,business,EP_3__JULIANNE_MAHONEY_-_Intuitive_Eating___Her_Relationship_With_The_Outdoors,9,1,The speaker believes the listener has sufficient general scientific literacy to recognize conceptual overlaps.,Julia_Schuster__Core_team_member_of_Showing_up_for_Racial_Justice__SURJ__Denver,30,9,A perfect approach to anti-racist work has not been observed by the speaker.,2,1,0.95,"{
  ""entailment_score"": 1,
  ""confidence"": 0.95
}"
business|EP_3__JULIANNE_MAHONEY_-_Intuitive_Eating___Her_Relationship_With_The_Outdoors|9|1|b7239dd7bf9cc81a|4,business|EP_3__JULIANNE_MAHONEY_-_Intuitive_Eating___Her_Relationship_With_The_Outdoors|9|1|b7239dd7bf9cc81a,business,EP_3__JULIANNE_MAHONEY_-_Intuitive_Eating___Her_Relationship_With_The_Outdoors,9,1,The speaker believes the listener has sufficient general scientific literacy to recognize conceptual overlaps.,Julia_Schuster__Core_team_member_of_Showing_up_for_Racial_Justice__SURJ__Denver,35,0,The speaker is asking if the listener can discuss accountability comfortably.,2,3,0.7,"{
  ""entailment_score"": 3,
  ""confidence"": 0.7
}"
business|EP_3__JULIANNE_MAHONEY_-_Intuitive_Eating___Her_Relationship_With_The_Outdoors|9|1|b7239dd7bf9cc81a|5,business|EP_3__JULIANNE_MAHONEY_-_Intuitive_Eating___Her_Relationship_With_The_Outdoors|9|1|b7239dd7bf9cc81a,business,EP_3__JULIANNE_MAHONEY_-_Intuitive_Eating___Her_Relationship_With_The_Outdoors,9,1,The speaker believes the listener has sufficient general scientific literacy to recognize conceptual overlaps.,Julia_Schuster__Core_team_member_of_Showing_up_for_Racial_Justice__SURJ__Denver,41,4,The speaker believes they are currently in a state of ongoing learning without relying on feedback.,2,1,0.8,"{
  ""entailment_score"": 1,
  ""confidence"": 0.8
}"
business|EP_3__JULIANNE_MAHONEY_-_Intuitive_Eating___Her_Relationship_With_The_Outdoors|9|1|b7239dd7bf9cc81a|6,business|EP_3__JULIANNE_MAHONEY_-_Intuitive_Eating___Her_Relationship_With_The_Outdoors|9|1|b7239dd7bf9cc81a,business,EP_3__JULIANNE_MAHONEY_-_Intuitive_Eating___Her_Relationship_With_The_Outdoors,9,1,The speaker believes the listener has sufficient general scientific literacy to recognize conceptual overlaps.,Julia_Schuster__Core_team_member_of_Showing_up_for_Racial_Justice__SURJ__Denver,42,7,Involvement with groups focused on accountability and action has helped the speaker gain insight.,2,1,0.8,"{
  ""entailment_score"": 1,
  ""confidence"": 0.8
}"
business|EP_3__JULIANNE_MAHONEY_-_Intuitive_Eating___Her_Relationship_With_The_Outdoors|9|1|b7239dd7bf9cc81a|7,business|EP_3__JULIANNE_MAHONEY_-_Intuitive_Eating___Her_Relationship_With_The_Outdoors|9|1|b7239dd7bf9cc81a,business,EP_3__JULIANNE_MAHONEY_-_Intuitive_Eating___Her_Relationship_With_The_Outdoors,9,1,The speaker believes the listener has sufficient general scientific literacy to recognize conceptual overlaps.,Julia_Schuster__Core_team_member_of_Showing_up_for_Racial_Justice__SURJ__Denver,53,4,The speaker has experienced resonance with the answer across multiple life stages.,2,9,0.95,"{
  ""entailment_score"": 9,
  ""confidence"": 0.95
}"
business|EP_3__JULIANNE_MAHONEY_-_Intuitive_Eating___Her_Relationship_With_The_Outdoors|9|1|b7239dd7bf9cc81a|8,business|EP_3__JULIANNE_MAHONEY_-_Intuitive_Eating___Her_Relationship_With_The_Outdoors|9|1|b7239dd7bf9cc81a,business,EP_3__JULIANNE_MAHONEY_-_Intuitive_Eating___Her_Relationship_With_The_Outdoors,9,1,The speaker believes the listener has sufficient general scientific literacy to recognize conceptual overlaps.,Julia_Schuster__Core_team_member_of_Showing_up_for_Racial_Justice__SURJ__Denver,59,6,The speaker believes shared stories help demonstrate women's capability.,2,3,0.8,"{
  ""entailment_score"": 3,
  ""confidence"": 0.8
}"
business|EP_3__JULIANNE_MAHONEY_-_Intuitive_Eating___Her_Relationship_With_The_Outdoors|9|1|b7239dd7bf9cc81a|9,business|EP_3__JULIANNE_MAHONEY_-_Intuitive_Eating___Her_Relationship_With_The_Outdoors|9|1|b7239dd7bf9cc81a,business,EP_3__JULIANNE_MAHONEY_-_Intuitive_Eating___Her_Relationship_With_The_Outdoors,9,1,The speaker believes the listener has sufficient general scientific literacy to recognize conceptual overlaps.,Julia_Schuster__Core_team_member_of_Showing_up_for_Racial_Justice__SURJ__Denver,59,7,The speaker believes sharing helps amplify diverse women’s accomplishments.,2,1,0.8,"{
  ""entailment_score"": 1,
  ""confidence"": 0.8
}"
business|Daniel_Disney__How_to_social_sell_on_LinkedIn__Episode_027|22|4|bb196d678e8871c3|0,business|Daniel_Disney__How_to_social_sell_on_LinkedIn__Episode_027|22|4|bb196d678e8871c3,business,Daniel_Disney__How_to_social_sell_on_LinkedIn__Episode_027,22,4,The speaker’s past actions and current status are trustworthy indicators of their expertise.,Jean_Chatzky__The_Money___Media_Maven,4,0,The speaker currently performs actions they genuinely enjoy.,2,5,0.8,"{
  ""entailment_score"": 5,
  ""confidence"": 0.8
}"
business|Daniel_Disney__How_to_social_sell_on_LinkedIn__Episode_027|22|4|bb196d678e8871c3|1,business|Daniel_Disney__How_to_social_sell_on_LinkedIn__Episode_027|22|4|bb196d678e8871c3,business,Daniel_Disney__How_to_social_sell_on_LinkedIn__Episode_027,22,4,The speaker’s past actions and current status are trustworthy indicators of their expertise.,Jean_Chatzky__The_Money___Media_Maven,4,1,The speaker derives significant personal satisfaction from their current work.,2,5,0.85,"{
  ""entailment_score"": 5,
  ""confidence"": 0.85
}"
business|Daniel_Disney__How_to_social_sell_on_LinkedIn__Episode_027|22|4|bb196d678e8871c3|2,business|Daniel_Disney__How_to_social_sell_on_LinkedIn__Episode_027|22|4|bb196d678e8871c3,business,Daniel_Disney__How_to_social_sell_on_LinkedIn__Episode_027,22,4,The speaker’s past actions and current status are trustworthy indicators of their expertise.,Jean_Chatzky__The_Money___Media_Maven,4,4,The speaker’s current role differs significantly from their early life expectations.,2,3,0.8,"{
  ""entailment_score"": 3,
  ""confidence"": 0.8
}"
political|84774|11|0|95f8bf050fa2f741|0,political|84774|11|0|95f8bf050fa2f741,political,84774,11,0,The speaker believes that personal sacrifice and perseverance in exile validate moral superiority over those who remained in Cuba.,84887,11,2,Infrastructure is central to the speaker's personal identity.,2,1,0.8,"{
  ""entailment_score"": 1,
  ""confidence"": 0.8
}"
political|65886|6|3|d4a402cd9d0c5b51|0,political|65886|6|3|d4a402cd9d0c5b51,political,65886,6,3,Engaging diverse stakeholders increases legitimacy and political viability of proposed legislation.,78477,17,4,Residents of the 48th District disagree with tax increases and the proposed mileage tax.,2,1,0.95,"{
  ""entailment_score"": 1,
  ""confidence"": 0.95
}"
political|65886|6|3|d4a402cd9d0c5b51|1,political|65886|6|3|d4a402cd9d0c5b51,political,65886,6,3,Engaging diverse stakeholders increases legitimacy and political viability of proposed legislation.,78477,25,3,"The vetoed legislation proposed a $32,000 minimum teacher salary.",2,1,0.95,"{
  ""entailment_score"": 1,
  ""confidence"": 0.95
}"
commentary|Episode_6_-_KYLIE_MINOGUE_2|14|2|540f645d34ea8656|0,commentary|Episode_6_-_KYLIE_MINOGUE_2|14|2|540f645d34ea8656,commentary,Episode_6_-_KYLIE_MINOGUE_2,14,2,Brothers and Rhythm’s contribution to the single had meaningful impact on the artist’s vision.,Fiona_Apple__Pitchfork__and_What_is_a_10_2,52,4,The speaker doubts whether the other artist had any singles after their initial hit.,2,1,0.85,"{
  ""entailment_score"": 1,
  ""confidence"": 0.85
}"
commentary|Episode_6_-_KYLIE_MINOGUE_2|14|2|540f645d34ea8656|1,commentary|Episode_6_-_KYLIE_MINOGUE_2|14|2|540f645d34ea8656,commentary,Episode_6_-_KYLIE_MINOGUE_2,14,2,Brothers and Rhythm’s contribution to the single had meaningful impact on the artist’s vision.,Fiona_Apple__Pitchfork__and_What_is_a_10_2,53,2,Hip hop emerged in the 1990s and had a fundamental impact on cultural dynamics.,2,1,0.85,"{
  ""entailment_score"": 1,
  ""confidence"": 0.85
}"
political|45319|3|0|89aaf895c7df1781|0,political|45319|3|0|89aaf895c7df1781,political,45319,3,0,Being 'out here' implies a shared physical environment between speaker and listener.,47418,7,9,The speaker feels personally affected by the presence of strong odors in shared spaces.,2,5,0.8,"{
  ""entailment_score"": 5,
  ""confidence"": 0.8
}"
political|45319|3|0|89aaf895c7df1781|1,political|45319|3|0|89aaf895c7df1781,political,45319,3,0,Being 'out here' implies a shared physical environment between speaker and listener.,47418,8,1,A phone call occurred between the speaker and Bernie today.,2,3,0.7,"{
  ""entailment_score"": 3,
  ""confidence"": 0.7
}"
business|Scott_Marlow_on_Old_Town_Scottsdale___Episode_16___Your_Neighborhood_Real_Estate_Show|34|3|1cde72d0f01eaa03|0,business|Scott_Marlow_on_Old_Town_Scottsdale___Episode_16___Your_Neighborhood_Real_Estate_Show|34|3|1cde72d0f01eaa03,business,Scott_Marlow_on_Old_Town_Scottsdale___Episode_16___Your_Neighborhood_Real_Estate_Show,34,3,The speaker considers the early part of the year more important than other periods.,Are_You_Unknowingly_Harming_The_Future_Success_Of_Your_Software_Organization,2,3,The speaker considers the article to be relevant to current events.,2,1,0.8,"{
  ""entailment_score"": 1,
  ""confidence"": 0.8
}"
business|Scott_Marlow_on_Old_Town_Scottsdale___Episode_16___Your_Neighborhood_Real_Estate_Show|34|3|1cde72d0f01eaa03|1,business|Scott_Marlow_on_Old_Town_Scottsdale___Episode_16___Your_Neighborhood_Real_Estate_Show|34|3|1cde72d0f01eaa03,business,Scott_Marlow_on_Old_Town_Scottsdale___Episode_16___Your_Neighborhood_Real_Estate_Show,34,3,The speaker considers the early part of the year more important than other periods.,Are_You_Unknowingly_Harming_The_Future_Success_Of_Your_Software_Organization,4,2,"For me, running a successful product software company feels more challenging than exciting.",2,1,0.8,"{
  ""entailment_score"": 1,
  ""confidence"": 0.8
}"
business|Scott_Marlow_on_Old_Town_Scottsdale___Episode_16___Your_Neighborhood_Real_Estate_Show|34|3|1cde72d0f01eaa03|2,business|Scott_Marlow_on_Old_Town_Scottsdale___Episode_16___Your_Neighborhood_Real_Estate_Show|34|3|1cde72d0f01eaa03,business,Scott_Marlow_on_Old_Town_Scottsdale___Episode_16___Your_Neighborhood_Real_Estate_Show,34,3,The speaker considers the early part of the year more important than other periods.,Are_You_Unknowingly_Harming_The_Future_Success_Of_Your_Software_Organization,9,5,Google and Intuit reward mistakes more than successful outcomes.,2,1,0.95,"{
  ""entailment_score"": 1,
  ""confidence"": 0.95
}"
business|Scott_Marlow_on_Old_Town_Scottsdale___Episode_16___Your_Neighborhood_Real_Estate_Show|34|3|1cde72d0f01eaa03|3,business|Scott_Marlow_on_Old_Town_Scottsdale___Episode_16___Your_Neighborhood_Real_Estate_Show|34|3|1cde72d0f01eaa03,business,Scott_Marlow_on_Old_Town_Scottsdale___Episode_16___Your_Neighborhood_Real_Estate_Show,34,3,The speaker considers the early part of the year more important than other periods.,Are_You_Unknowingly_Harming_The_Future_Success_Of_Your_Software_Organization,19,1,Current tools may enable more efficient work than past tools.,2,1,0.8,"{
  ""entailment_score"": 1,
  ""confidence"": 0.8
}"
business|18._Adam_Froman|29|0|5d4c8abdd8480630|0,business|18._Adam_Froman|29|0|5d4c8abdd8480630,business,18._Adam_Froman,29,0,A successful personal brand should serve the collective brand image rather than individual ego.,How_to_Get_Amazon_Brand_Registry_and_a_Trademark_in_Just_Two_Weeks,12,4,"Brand Registry on Amazon does not assist with sales on platforms other than Amazon, such as Shopify.",2,1,0.95,"{
  ""entailment_score"": 1,
  ""confidence"": 0.95
}"
business|18._Adam_Froman|29|0|5d4c8abdd8480630|1,business|18._Adam_Froman|29|0|5d4c8abdd8480630,business,18._Adam_Froman,29,0,A successful personal brand should serve the collective brand image rather than individual ego.,How_to_Get_Amazon_Brand_Registry_and_a_Trademark_in_Just_Two_Weeks,17,9,Brand names should be chosen with a forward-looking perspective of two to three years.,2,1,0.8,"{
  ""entailment_score"": 1,
  ""confidence"": 0.8
}"
business|18._Adam_Froman|29|0|5d4c8abdd8480630|2,business|18._Adam_Froman|29|0|5d4c8abdd8480630,business,18._Adam_Froman,29,0,A successful personal brand should serve the collective brand image rather than individual ego.,How_to_Get_Amazon_Brand_Registry_and_a_Trademark_in_Just_Two_Weeks,22,0,The individual is asking whether a US trademark can be used for Brand Registry on Amazon Europe.,2,1,0.95,"{
  ""entailment_score"": 1,
  ""confidence"": 0.95
}"
business|Unbreakable_Radio_Episode_4_Relationships_and_culture|61|2|5a481ee3ae6d3d6b|0,business|Unbreakable_Radio_Episode_4_Relationships_and_culture|61|2|5a481ee3ae6d3d6b,business,Unbreakable_Radio_Episode_4_Relationships_and_culture,61,2,The speaker assumes the listener will recognize and accept the term 'good household' as meaningful and relevant.,Amazon_Seller_Feedback_Vs_Product_Reviews_in_2020,2,0,The speaker will discuss the importance of monitoring seller feedback and product reviews.,2,1,0.8,"{
  ""entailment_score"": 1,
  ""confidence"": 0.8
}"
business|Unbreakable_Radio_Episode_4_Relationships_and_culture|61|2|5a481ee3ae6d3d6b|1,business|Unbreakable_Radio_Episode_4_Relationships_and_culture|61|2|5a481ee3ae6d3d6b,business,Unbreakable_Radio_Episode_4_Relationships_and_culture,61,2,The speaker assumes the listener will recognize and accept the term 'good household' as meaningful and relevant.,Amazon_Seller_Feedback_Vs_Product_Reviews_in_2020,15,4,The speaker will provide an extended free trial of Feedback Five upon request.,2,1,0.8,"{
  ""entailment_score"": 1,
  ""confidence"": 0.8
}"
business|Unbreakable_Radio_Episode_4_Relationships_and_culture|61|2|5a481ee3ae6d3d6b|2,business|Unbreakable_Radio_Episode_4_Relationships_and_culture|61|2|5a481ee3ae6d3d6b,business,Unbreakable_Radio_Episode_4_Relationships_and_culture,61,2,The speaker assumes the listener will recognize and accept the term 'good household' as meaningful and relevant.,Amazon_Seller_Feedback_Vs_Product_Reviews_in_2020,15,5,The speaker will personally guide users through how Feedback Five works.,2,1,0.8,"{
  ""entailment_score"": 1,
  ""confidence"": 0.8
}"
business|Unbreakable_Radio_Episode_4_Relationships_and_culture|61|2|5a481ee3ae6d3d6b|3,business|Unbreakable_Radio_Episode_4_Relationships_and_culture|61|2|5a481ee3ae6d3d6b,business,Unbreakable_Radio_Episode_4_Relationships_and_culture,61,2,The speaker assumes the listener will recognize and accept the term 'good household' as meaningful and relevant.,Amazon_Seller_Feedback_Vs_Product_Reviews_in_2020,18,6,The next episode will feature another interesting speaker.,2,1,0.95,"{
  ""entailment_score"": 1,
  ""confidence"": 0.95
}"
business|Unbreakable_Radio_Episode_4_Relationships_and_culture|61|2|5a481ee3ae6d3d6b|4,business|Unbreakable_Radio_Episode_4_Relationships_and_culture|61|2|5a481ee3ae6d3d6b,business,Unbreakable_Radio_Episode_4_Relationships_and_culture,61,2,The speaker assumes the listener will recognize and accept the term 'good household' as meaningful and relevant.,Amazon_Seller_Feedback_Vs_Product_Reviews_in_2020,18,7,The speaker will return in a future video.,2,1,0.95,"{
  ""entailment_score"": 1,
  ""confidence"": 0.95
}"
political|72515|8|6|784e326f0662e016|0,political|72515|8|6|784e326f0662e016,political,72515,8,6,Policy decisions should consider both economic costs and equity outcomes.,72773,5,5,Legal precedents established thus far should inform current policy decisions.,3,3,0.7,"{
  ""entailment_score"": 3,
  ""confidence"": 0.7
}"
political|72515|8|6|784e326f0662e016|1,political|72515|8|6|784e326f0662e016,political,72515,8,6,Policy decisions should consider both economic costs and equity outcomes.,72773,21,3,A revised TPP should be a fair deal beneficial to both parties.,2,1,0.8,"{
  ""entailment_score"": 1,
  ""confidence"": 0.8
}"
political|72515|8|6|784e326f0662e016|2,political|72515|8|6|784e326f0662e016,political,72515,8,6,Policy decisions should consider both economic costs and equity outcomes.,72773,22,2,The current administration is facing decisions regarding policy toward Cuba.,2,1,0.95,"{
  ""entailment_score"": 1,
  ""confidence"": 0.95
}"
business|TPP376__Has_Coronavirus_broken_the_property_cycle|1|6|b29215b0de021bb7|0,business|TPP376__Has_Coronavirus_broken_the_property_cycle|1|6|b29215b0de021bb7,business,TPP376__Has_Coronavirus_broken_the_property_cycle,1,6,The impact of global crises like pandemics may challenge established economic cycles but does not necessarily invalidate them.,Dr._Irma_Becerra_2_Because_You_Need_To_Know_Pioneer_Knowledge_Services,9,2,Knowledge sharing is essential for addressing major global challenges like pandemics.,3,5,0.85,"{
  ""entailment_score"": 5,
  ""confidence"": 0.85
}"
business|TPP376__Has_Coronavirus_broken_the_property_cycle|1|6|b29215b0de021bb7|1,business|TPP376__Has_Coronavirus_broken_the_property_cycle|1|6|b29215b0de021bb7,business,TPP376__Has_Coronavirus_broken_the_property_cycle,1,6,The impact of global crises like pandemics may challenge established economic cycles but does not necessarily invalidate them.,Dr._Irma_Becerra_2_Because_You_Need_To_Know_Pioneer_Knowledge_Services,3,0,Coronavirus does not discriminate and affects everyone.,2,5,0.8,"{
  ""entailment_score"": 5,
  ""confidence"": 0.8
}"
business|TPP376__Has_Coronavirus_broken_the_property_cycle|1|6|b29215b0de021bb7|2,business|TPP376__Has_Coronavirus_broken_the_property_cycle|1|6|b29215b0de021bb7,business,TPP376__Has_Coronavirus_broken_the_property_cycle,1,6,The impact of global crises like pandemics may challenge established economic cycles but does not necessarily invalidate them.,Dr._Irma_Becerra_2_Because_You_Need_To_Know_Pioneer_Knowledge_Services,5,0,This particular event has demonstrated its impact on a global scale.,2,9,0.95,"{
  ""entailment_score"": 9,
  ""confidence"": 0.95
}"
business|TPP376__Has_Coronavirus_broken_the_property_cycle|1|6|b29215b0de021bb7|3,business|TPP376__Has_Coronavirus_broken_the_property_cycle|1|6|b29215b0de021bb7,business,TPP376__Has_Coronavirus_broken_the_property_cycle,1,6,The impact of global crises like pandemics may challenge established economic cycles but does not necessarily invalidate them.,Dr._Irma_Becerra_2_Because_You_Need_To_Know_Pioneer_Knowledge_Services,12,0,Competition does not foster sharing.,2,1,0.8,"{
  ""entailment_score"": 1,
  ""confidence"": 0.8
}"
business|Interview_with_Musician__Author____Teacher__Bob_Baker_a_Part_1|20|8|d9a8b1720b831f95|0,business|Interview_with_Musician__Author____Teacher__Bob_Baker_a_Part_1|20|8|d9a8b1720b831f95,business,Interview_with_Musician__Author____Teacher__Bob_Baker_a_Part_1,20,8,People can develop new behavioral patterns through repeated exposure to high-pressure situations.,The_3_Keys_to_Selling_in_2020,1,8,Small businesses can differentiate through being owner-operated and present on-site consistently.,2,1,0.8,"{
  ""entailment_score"": 1,
  ""confidence"": 0.8
}"
political|94460|20|4|7064645a3de9f4f2|0,political|94460|20|4|7064645a3de9f4f2,political,94460,20,4,It is possible for the Supreme Court to approve actions that violate lower-court rulings or procedural norms.,48839,0,0,Dahlia Lithwick is hosting a segment titled 'Amicus' focused on legal and Supreme Court topics.,2,1,0.8,"{
  ""entailment_score"": 1,
  ""confidence"": 0.8
}"
political|94460|20|4|7064645a3de9f4f2|1,political|94460|20|4|7064645a3de9f4f2,political,94460,20,4,It is possible for the Supreme Court to approve actions that violate lower-court rulings or procedural norms.,48839,0,1,The current conversation follows up on a previous discussion about major voting rights cases before the Supreme Court.,2,3,0.7,"{
  ""entailment_score"": 3,
  ""confidence"": 0.7
}"
business|Gary_C._Sherman__D.M.D|16|4|343e6d543a6f6db8|0,business|Gary_C._Sherman__D.M.D|16|4|343e6d543a6f6db8,business,Gary_C._Sherman__D.M.D,16,4,The speaker trusts Gary enough to make such a personal statement.,Leading_in_Sudden_Disruption_9__wsg_Deborah_Parizek,9,8,The speaker allows her child to interrupt meetings with personal expressions like jokes or magic tricks.,2,1,0.95,"{
  ""entailment_score"": 1,
  ""confidence"": 0.95
}"
business|ASFX_SKEPTIC_TURNED_SUCCESS____MumBossTrader|60|3|fd5c6d105fdc8f47|0,business|ASFX_SKEPTIC_TURNED_SUCCESS____MumBossTrader|60|3|fd5c6d105fdc8f47,business,ASFX_SKEPTIC_TURNED_SUCCESS____MumBossTrader,60,3,The speaker believes the listener knows what 'chart markups' and 'pushing' refer to.,Honesty_Will_Have_a_Come_Back__But_Not_For_the_Reasons_You_Think_with_Joey_Dumont,6,0,The speaker appreciates the listener’s participation in the conversation.,2,1,0.95,"{
  ""entailment_score"": 1,
  ""confidence"": 0.95
}"
business|ASFX_SKEPTIC_TURNED_SUCCESS____MumBossTrader|60|3|fd5c6d105fdc8f47|1,business|ASFX_SKEPTIC_TURNED_SUCCESS____MumBossTrader|60|3|fd5c6d105fdc8f47,business,ASFX_SKEPTIC_TURNED_SUCCESS____MumBossTrader,60,3,The speaker believes the listener knows what 'chart markups' and 'pushing' refer to.,Honesty_Will_Have_a_Come_Back__But_Not_For_the_Reasons_You_Think_with_Joey_Dumont,6,1,The speaker and listener are currently engaged in a Zoom conversation.,2,9,0.95,"{
  ""entailment_score"": 9,
  ""confidence"": 0.95
}"
business|ASFX_SKEPTIC_TURNED_SUCCESS____MumBossTrader|60|3|fd5c6d105fdc8f47|2,business|ASFX_SKEPTIC_TURNED_SUCCESS____MumBossTrader|60|3|fd5c6d105fdc8f47,business,ASFX_SKEPTIC_TURNED_SUCCESS____MumBossTrader,60,3,The speaker believes the listener knows what 'chart markups' and 'pushing' refer to.,Honesty_Will_Have_a_Come_Back__But_Not_For_the_Reasons_You_Think_with_Joey_Dumont,6,3,The speaker and listener are in a relatively privileged location—a suburban area with ample space.,2,1,0.95,"{
  ""entailment_score"": 1,
  ""confidence"": 0.95
}"
business|ASFX_SKEPTIC_TURNED_SUCCESS____MumBossTrader|60|3|fd5c6d105fdc8f47|3,business|ASFX_SKEPTIC_TURNED_SUCCESS____MumBossTrader|60|3|fd5c6d105fdc8f47,business,ASFX_SKEPTIC_TURNED_SUCCESS____MumBossTrader,60,3,The speaker believes the listener knows what 'chart markups' and 'pushing' refer to.,Honesty_Will_Have_a_Come_Back__But_Not_For_the_Reasons_You_Think_with_Joey_Dumont,20,8,The speaker believes the government uses patriotic rhetoric to pressure individuals to travel to DC at their own expense.,2,1,0.95,"{
  ""entailment_score"": 1,
  ""confidence"": 0.95
}"
political|72180|17|0|408107fcaf056e30|0,political|72180|17|0|408107fcaf056e30,political,72180,17,0,The speaker believes their actions were morally justified regardless of consequences.,80610,2,6,The speaker believes the listener played golf with Donald Trump.,2,1,0.95,"{
  ""entailment_score"": 1,
  ""confidence"": 0.95
}"
political|72180|17|0|408107fcaf056e30|1,political|72180|17|0|408107fcaf056e30,political,72180,17,0,The speaker believes their actions were morally justified regardless of consequences.,80610,7,9,The speaker believes the listener would like Marco Rubio.,2,1,0.95,"{
  ""entailment_score"": 1,
  ""confidence"": 0.95
}"
political|72180|17|0|408107fcaf056e30|2,political|72180|17|0|408107fcaf056e30,political,72180,17,0,The speaker believes their actions were morally justified regardless of consequences.,80610,22,2,The speaker believes they could not be confirmed for any position due to needing to use the restroom frequently.,2,1,0.95,"{
  ""entailment_score"": 1,
  ""confidence"": 0.95
}"
sports|006_-_Greg_Bielecki__La_Salle_College_High_School_2|25|1|a0c996cdbfb77055|0,sports|006_-_Greg_Bielecki__La_Salle_College_High_School_2|25|1|a0c996cdbfb77055,sports,006_-_Greg_Bielecki__La_Salle_College_High_School_2,25,1,Training volume at the high school level should be adjusted based on long-term athletic development goals.,Dil_Alston__Ep._012__-_Free_Parkings_Next_Up_fueled_by_PWR_Supplements,7,3,I transferred back to Morristown High School for my sophomore year and performed well academically and athletically.,2,1,0.95,"{
  ""entailment_score"": 1,
  ""confidence"": 0.95
}"
sports|006_-_Greg_Bielecki__La_Salle_College_High_School_2|25|1|a0c996cdbfb77055|1,sports|006_-_Greg_Bielecki__La_Salle_College_High_School_2|25|1|a0c996cdbfb77055,sports,006_-_Greg_Bielecki__La_Salle_College_High_School_2,25,1,Training volume at the high school level should be adjusted based on long-term athletic development goals.,Dil_Alston__Ep._012__-_Free_Parkings_Next_Up_fueled_by_PWR_Supplements,7,5,"My household became self-sufficient without parental presence, requiring me to prioritize basic needs over athletic training.",2,1,0.95,"{
  ""entailment_score"": 1,
  ""confidence"": 0.95
}"
sports|006_-_Greg_Bielecki__La_Salle_College_High_School_2|25|1|a0c996cdbfb77055|2,sports|006_-_Greg_Bielecki__La_Salle_College_High_School_2|25|1|a0c996cdbfb77055,sports,006_-_Greg_Bielecki__La_Salle_College_High_School_2,25,1,Training volume at the high school level should be adjusted based on long-term athletic development goals.,Dil_Alston__Ep._012__-_Free_Parkings_Next_Up_fueled_by_PWR_Supplements,13,0,I could have fallen into a lot of nonsense during high school.,2,1,0.8,"{
  ""entailment_score"": 1,
  ""confidence"": 0.8
}"
sports|006_-_Greg_Bielecki__La_Salle_College_High_School_2|25|1|a0c996cdbfb77055|3,sports|006_-_Greg_Bielecki__La_Salle_College_High_School_2|25|1|a0c996cdbfb77055,sports,006_-_Greg_Bielecki__La_Salle_College_High_School_2,25,1,Training volume at the high school level should be adjusted based on long-term athletic development goals.,Dil_Alston__Ep._012__-_Free_Parkings_Next_Up_fueled_by_PWR_Supplements,26,0,Many people experience the loss of sports after graduating from college or high school.,2,1,0.95,"{
  ""entailment_score"": 1,
  ""confidence"": 0.95
}"
business|Rapid_Fire_Questions_with_Food_Hall_Expert|6|1|6681b856d20ddd99|0,business|Rapid_Fire_Questions_with_Food_Hall_Expert|6|1|6681b856d20ddd99,business,Rapid_Fire_Questions_with_Food_Hall_Expert,6,1,The speaker believes that a standardized POS system enables reliable data collection for monitoring purposes.,60__Changing_Dance_through_Technology_Caitlin_Trainor,8,2,The speaker believes it is possible to compress any Ivy League school MBA into two minutes.,2,1,0.95,"{
  ""entailment_score"": 1,
  ""confidence"": 0.95
}"
business|Rapid_Fire_Questions_with_Food_Hall_Expert|6|1|6681b856d20ddd99|1,business|Rapid_Fire_Questions_with_Food_Hall_Expert|6|1|6681b856d20ddd99,business,Rapid_Fire_Questions_with_Food_Hall_Expert,6,1,The speaker believes that a standardized POS system enables reliable data collection for monitoring purposes.,60__Changing_Dance_through_Technology_Caitlin_Trainor,22,0,The speaker believes the person being addressed is more than a dance teacher.,2,1,0.8,"{
  ""entailment_score"": 1,
  ""confidence"": 0.8
}"
business|Rapid_Fire_Questions_with_Food_Hall_Expert|6|1|6681b856d20ddd99|2,business|Rapid_Fire_Questions_with_Food_Hall_Expert|6|1|6681b856d20ddd99,business,Rapid_Fire_Questions_with_Food_Hall_Expert,6,1,The speaker believes that a standardized POS system enables reliable data collection for monitoring purposes.,60__Changing_Dance_through_Technology_Caitlin_Trainor,47,8,The speaker believes love is waiting for the listener.,2,1,0.95,"{
  ""entailment_score"": 1,
  ""confidence"": 0.95
}"
religion|RELATIONSHIPS__Dating_w__Brian_Miller|8|1|16c8b7f1ad442cd7|0,religion|RELATIONSHIPS__Dating_w__Brian_Miller|8|1|16c8b7f1ad442cd7,religion,RELATIONSHIPS__Dating_w__Brian_Miller,8,1,People often confuse intense emotional states like love and hate due to their similar physiological and psychological features.,The_Church_Rises_-_Part_1,0,3,Love is more effective than argument in bringing people to faith.,2,1,0.8,"{
  ""entailment_score"": 1,
  ""confidence"": 0.8
}"
political|74378|18|5|7fc29459b5a606e6|0,political|74378|18|5|7fc29459b5a606e6,political,74378,18,5,The speaker views themselves as having a valid basis for judging candidates' political futures.,43154,26,2,The speaker believes the addressee has been a leader in funding political campaigns.,2,1,0.8,"{
  ""entailment_score"": 1,
  ""confidence"": 0.8
}"
political|74378|18|5|7fc29459b5a606e6|1,political|74378|18|5|7fc29459b5a606e6,political,74378,18,5,The speaker views themselves as having a valid basis for judging candidates' political futures.,43154,44,2,The speaker is seeking recommendations on other promising congressional candidates for discussion.,2,5,0.8,"{
  ""entailment_score"": 5,
  ""confidence"": 0.8
}"
political|74378|18|5|7fc29459b5a606e6|2,political|74378|18|5|7fc29459b5a606e6,political,74378,18,5,The speaker views themselves as having a valid basis for judging candidates' political futures.,43154,47,8,There were two main candidates considered by the speaker at the time.,2,5,0.8,"{
  ""entailment_score"": 5,
  ""confidence"": 0.8
}"
political|74378|18|5|7fc29459b5a606e6|3,political|74378|18|5|7fc29459b5a606e6,political,74378,18,5,The speaker views themselves as having a valid basis for judging candidates' political futures.,43154,50,4,The speaker requests that listeners suggest new candidates for future podcast discussions.,2,3,0.7,"{
  ""entailment_score"": 3,
  ""confidence"": 0.7
}"
political|48869|11|3|9a1b15f708e7829f|0,political|48869|11|3|9a1b15f708e7829f,political,48869,11,3,The speaker views the discussion around the WHO’s response to the pandemic as relevant to broader institutional legitimacy concerns.,72713,0,9,Senator John Hovin views the COVID-19 pandemic through multiple lenses due to his committee roles.,2,3,0.7,"{
  ""entailment_score"": 3,
  ""confidence"": 0.7
}"
political|48869|11|3|9a1b15f708e7829f|1,political|48869|11|3|9a1b15f708e7829f,political,48869,11,3,The speaker views the discussion around the WHO’s response to the pandemic as relevant to broader institutional legitimacy concerns.,72713,23,5,Funding under the CARES Act was allocated to states for pandemic response efforts.,2,5,0.8,"{
  ""entailment_score"": 5,
  ""confidence"": 0.8
}"
business|Kyle_Kops_on_Building_a_Dream_Team|37|1|52d799e70f54d893|0,business|Kyle_Kops_on_Building_a_Dream_Team|37|1|52d799e70f54d893,business,Kyle_Kops_on_Building_a_Dream_Team,37,1,The speaker considers personal preference valid as a basis for evaluation.,Injecting_Life_into_the_Life___Health_Industry_-_Trevor_Davis_of_Instanda,18,0,The speaker is asking Trevor about his personal background.,2,1,0.8,"{
  ""entailment_score"": 1,
  ""confidence"": 0.8
}"
religion|Do_We_Need_Friends|58|2|03ea4d7b3068381b|0,religion|Do_We_Need_Friends|58|2|03ea4d7b3068381b,religion,Do_We_Need_Friends,58,2,Selfless action strengthens relational bonds more effectively than passive waiting for connection.,Christian_Living,1,1,I enjoy reading theology more than ministry-related material.,2,1,0.95,"{
  ""entailment_score"": 1,
  ""confidence"": 0.95
}"
political|72673|9|3|2a8c02878d937e7f|0,political|72673|9|3|2a8c02878d937e7f,political,72673,9,3,The U.S. government's regulatory framework reflects inefficiency rather than legitimate environmental or safety concerns.,51704,24,6,International observers perceive the tariffs as old-fashioned protectionism rather than genuine national security concerns.,3,9,0.95,"{
  ""entailment_score"": 9,
  ""confidence"": 0.95
}"
political|72673|9|3|2a8c02878d937e7f|1,political|72673|9|3|2a8c02878d937e7f,political,72673,9,3,The U.S. government's regulatory framework reflects inefficiency rather than legitimate environmental or safety concerns.,51704,19,9,Engaging Vietnam through trade can encourage adherence to Western rules rather than Chinese ones.,2,9,0.95,"{
  ""entailment_score"": 9,
  ""confidence"": 0.95
}"
business|Stall_Seven__Coronavirus_Update_and_Potential_Return_to_Play|70|3|cac27760987b0f36|0,business|Stall_Seven__Coronavirus_Update_and_Potential_Return_to_Play|70|3|cac27760987b0f36,business,Stall_Seven__Coronavirus_Update_and_Potential_Return_to_Play,70,3,The absence of a full roster does not invalidate comparative assessments of team strength.,E60__How_to_Overcome_Your_Limiting_Beliefs_About_Money__with_Gull_Khan,17,3,Financial freedom does not necessarily require becoming an entrepreneur or building multiple businesses.,2,1,0.85,"{
  ""entailment_score"": 1,
  ""confidence"": 0.85
}"
business|Stall_Seven__Coronavirus_Update_and_Potential_Return_to_Play|70|3|cac27760987b0f36|1,business|Stall_Seven__Coronavirus_Update_and_Potential_Return_to_Play|70|3|cac27760987b0f36,business,Stall_Seven__Coronavirus_Update_and_Potential_Return_to_Play,70,3,The absence of a full roster does not invalidate comparative assessments of team strength.,E60__How_to_Overcome_Your_Limiting_Beliefs_About_Money__with_Gull_Khan,24,2,The speaker does not expect the listener to reveal proprietary coaching methods.,2,1,0.95,"{
  ""entailment_score"": 1,
  ""confidence"": 0.95
}"
business|Stall_Seven__Coronavirus_Update_and_Potential_Return_to_Play|70|3|cac27760987b0f36|2,business|Stall_Seven__Coronavirus_Update_and_Potential_Return_to_Play|70|3|cac27760987b0f36,business,Stall_Seven__Coronavirus_Update_and_Potential_Return_to_Play,70,3,The absence of a full roster does not invalidate comparative assessments of team strength.,E60__How_to_Overcome_Your_Limiting_Beliefs_About_Money__with_Gull_Khan,29,2,Gold does not have value for me.,2,1,0.85,"{
  ""entailment_score"": 1,
  ""confidence"": 0.85
}"
business|Stall_Seven__Coronavirus_Update_and_Potential_Return_to_Play|70|3|cac27760987b0f36|3,business|Stall_Seven__Coronavirus_Update_and_Potential_Return_to_Play|70|3|cac27760987b0f36,business,Stall_Seven__Coronavirus_Update_and_Potential_Return_to_Play,70,3,The absence of a full roster does not invalidate comparative assessments of team strength.,E60__How_to_Overcome_Your_Limiting_Beliefs_About_Money__with_Gull_Khan,45,1,The speaker does not provide business strategy training; they focus solely on mindset and money stories.,2,1,0.95,"{
  ""entailment_score"": 1,
  ""confidence"": 0.95
}"
sports|Episode_54_-_Jon_Ridgeon__CEO__World_Athletics_2|11|7|9b9363e948a4f04a|0,sports|Episode_54_-_Jon_Ridgeon__CEO__World_Athletics_2|11|7|9b9363e948a4f04a,sports,Episode_54_-_Jon_Ridgeon__CEO__World_Athletics_2,11,7,The speaker’s personal experience reflects broader organizational competence and strategic direction.,Projecting_the_2025_All-NBA_Teams,12,2,The current trend appears to be toward the direction mentioned by the prior speaker.,2,1,0.9,"{
  ""entailment_score"": 1,
  ""confidence"": 0.9
}"
commentary|087__Charlie_Marie_2|15|5|3b2378e5e9da1379|0,commentary|087__Charlie_Marie_2|15|5|3b2378e5e9da1379,commentary,087__Charlie_Marie_2,15,5,Shared interests like music serve as meaningful entry points for mentorship and relationship-building.,Compassion__Profit_and_Consumer_Perception_2,15,6,Players are personally calling fans to check on their well-being and discuss shared interests like past game memories.,3,3,0.8,"{
  ""entailment_score"": 3,
  ""confidence"": 0.8
}"
commentary|087__Charlie_Marie_2|15|5|3b2378e5e9da1379|1,commentary|087__Charlie_Marie_2|15|5|3b2378e5e9da1379,commentary,087__Charlie_Marie_2,15,5,Shared interests like music serve as meaningful entry points for mentorship and relationship-building.,Compassion__Profit_and_Consumer_Perception_2,17,4,There is a shared cognitive system for processing human-like social dynamics and brand perceptions.,2,1,0.95,"{
  ""entailment_score"": 1,
  ""confidence"": 0.95
}"
business|Data_Scientists_Suck_At_Demand_Planning____Interview_With_Author_Nicolas_Vandeput|23|3|09f083231ccb97d6|0,business|Data_Scientists_Suck_At_Demand_Planning____Interview_With_Author_Nicolas_Vandeput|23|3|09f083231ccb97d6,business,Data_Scientists_Suck_At_Demand_Planning____Interview_With_Author_Nicolas_Vandeput,23,3,Individuals motivated by data can reasonably transition into data science roles.,Bad_Practices_and_How_To_Avoid_Them_-_197,16,5,Copying successful individuals like Mike Simmons can lead to success.,2,3,0.75,"{
  ""entailment_score"": 3,
  ""confidence"": 0.75
}"
business|The_Recession_Has_Arrived|11|2|2af8abeb6575ce0d|0,business|The_Recession_Has_Arrived|11|2|2af8abeb6575ce0d,business,The_Recession_Has_Arrived,11,2,The speaker’s local observations reflect objective reality rather than selective perception.,125__Online_Group_Music_Programs_with_Michelle_Rose,5,8,The speaker views the challenge of virtual teaching as exciting and motivating rather than discouraging.,3,1,0.95,"{
  ""entailment_score"": 1,
  ""confidence"": 0.95
}"
business|The_Recession_Has_Arrived|11|2|2af8abeb6575ce0d|1,business|The_Recession_Has_Arrived|11|2|2af8abeb6575ce0d,business,The_Recession_Has_Arrived,11,2,The speaker’s local observations reflect objective reality rather than selective perception.,125__Online_Group_Music_Programs_with_Michelle_Rose,3,4,Audiences now ask detailed questions rather than expressing confusion.,2,1,0.95,"{
  ""entailment_score"": 1,
  ""confidence"": 0.95
}"
business|The_Recession_Has_Arrived|11|2|2af8abeb6575ce0d|2,business|The_Recession_Has_Arrived|11|2|2af8abeb6575ce0d,business,The_Recession_Has_Arrived,11,2,The speaker’s local observations reflect objective reality rather than selective perception.,125__Online_Group_Music_Programs_with_Michelle_Rose,9,0,The speaker values student musical collaboration and community-building more than high-fidelity audio recordings.,2,1,0.95,"{
  ""entailment_score"": 1,
  ""confidence"": 0.95
}"
business|The_Recession_Has_Arrived|11|2|2af8abeb6575ce0d|3,business|The_Recession_Has_Arrived|11|2|2af8abeb6575ce0d,business,The_Recession_Has_Arrived,11,2,The speaker’s local observations reflect objective reality rather than selective perception.,125__Online_Group_Music_Programs_with_Michelle_Rose,18,2,People can expand their existing offerings rather than replacing them with digital ones.,2,1,0.85,"{
  ""entailment_score"": 1,
  ""confidence"": 0.85
}"
commentary|The_Bouyon_Boys__5_-__CancelEverything|62|4|6ca3926b7462d6ce|0,commentary|The_Bouyon_Boys__5_-__CancelEverything|62|4|6ca3926b7462d6ce,commentary,The_Bouyon_Boys__5_-__CancelEverything,62,4,There exists a shared understanding among interlocutors about what constitutes 'Black issues' and their relevance to Wall-A.,BLACK_LIVES_MATTER_PLAZA__GEORGE_SOROS__AND_SLEEPING_SHEPHERDS_2,23,4,"Among those involved in the incident, there was one Black person.",3,3,0.8,"{
  ""entailment_score"": 3,
  ""confidence"": 0.8
}"
commentary|The_Bouyon_Boys__5_-__CancelEverything|62|4|6ca3926b7462d6ce|1,commentary|The_Bouyon_Boys__5_-__CancelEverything|62|4|6ca3926b7462d6ce,commentary,The_Bouyon_Boys__5_-__CancelEverything,62,4,There exists a shared understanding among interlocutors about what constitutes 'Black issues' and their relevance to Wall-A.,BLACK_LIVES_MATTER_PLAZA__GEORGE_SOROS__AND_SLEEPING_SHEPHERDS_2,1,2,The action of naming a street after Black Lives Matter constitutes a direct attack on Trump.,2,3,0.8,"{
  ""entailment_score"": 3,
  ""confidence"": 0.8
}"
commentary|The_Bouyon_Boys__5_-__CancelEverything|62|4|6ca3926b7462d6ce|2,commentary|The_Bouyon_Boys__5_-__CancelEverything|62|4|6ca3926b7462d6ce,commentary,The_Bouyon_Boys__5_-__CancelEverything,62,4,There exists a shared understanding among interlocutors about what constitutes 'Black issues' and their relevance to Wall-A.,BLACK_LIVES_MATTER_PLAZA__GEORGE_SOROS__AND_SLEEPING_SHEPHERDS_2,4,7,The movement known as Black Lives Matter is running down the wall.,2,3,0.8,"{
  ""entailment_score"": 3,
  ""confidence"": 0.8
}"
commentary|The_Bouyon_Boys__5_-__CancelEverything|62|4|6ca3926b7462d6ce|3,commentary|The_Bouyon_Boys__5_-__CancelEverything|62|4|6ca3926b7462d6ce,commentary,The_Bouyon_Boys__5_-__CancelEverything,62,4,There exists a shared understanding among interlocutors about what constitutes 'Black issues' and their relevance to Wall-A.,BLACK_LIVES_MATTER_PLAZA__GEORGE_SOROS__AND_SLEEPING_SHEPHERDS_2,5,3,Black Lives Matter is inconsistent in its application regarding violence among Black individuals.,2,3,0.8,"{
  ""entailment_score"": 3,
  ""confidence"": 0.8
}"
commentary|The_Bouyon_Boys__5_-__CancelEverything|62|4|6ca3926b7462d6ce|4,commentary|The_Bouyon_Boys__5_-__CancelEverything|62|4|6ca3926b7462d6ce,commentary,The_Bouyon_Boys__5_-__CancelEverything,62,4,There exists a shared understanding among interlocutors about what constitutes 'Black issues' and their relevance to Wall-A.,BLACK_LIVES_MATTER_PLAZA__GEORGE_SOROS__AND_SLEEPING_SHEPHERDS_2,6,1,Nobody is contesting the claim about Black crime.,2,1,0.8,"{
  ""entailment_score"": 1,
  ""confidence"": 0.8
}"
commentary|The_Bouyon_Boys__5_-__CancelEverything|62|4|6ca3926b7462d6ce|5,commentary|The_Bouyon_Boys__5_-__CancelEverything|62|4|6ca3926b7462d6ce,commentary,The_Bouyon_Boys__5_-__CancelEverything,62,4,There exists a shared understanding among interlocutors about what constitutes 'Black issues' and their relevance to Wall-A.,BLACK_LIVES_MATTER_PLAZA__GEORGE_SOROS__AND_SLEEPING_SHEPHERDS_2,8,9,Supporting both 'Black Lives Matter' and Planned Parenthood constitutes hypocrisy.,2,3,0.75,"{
  ""entailment_score"": 3,
  ""confidence"": 0.75
}"
commentary|The_Bouyon_Boys__5_-__CancelEverything|62|4|6ca3926b7462d6ce|6,commentary|The_Bouyon_Boys__5_-__CancelEverything|62|4|6ca3926b7462d6ce,commentary,The_Bouyon_Boys__5_-__CancelEverything,62,4,There exists a shared understanding among interlocutors about what constitutes 'Black issues' and their relevance to Wall-A.,BLACK_LIVES_MATTER_PLAZA__GEORGE_SOROS__AND_SLEEPING_SHEPHERDS_2,9,0,White people are not allowed to discuss Black politics or Black issues.,2,3,0.7,"{
  ""entailment_score"": 3,
  ""confidence"": 0.7
}"
commentary|The_Bouyon_Boys__5_-__CancelEverything|62|4|6ca3926b7462d6ce|7,commentary|The_Bouyon_Boys__5_-__CancelEverything|62|4|6ca3926b7462d6ce,commentary,The_Bouyon_Boys__5_-__CancelEverything,62,4,There exists a shared understanding among interlocutors about what constitutes 'Black issues' and their relevance to Wall-A.,BLACK_LIVES_MATTER_PLAZA__GEORGE_SOROS__AND_SLEEPING_SHEPHERDS_2,9,1,The speaker should not feel uncomfortable discussing their own thoughts on Black issues.,2,5,0.85,"{
  ""entailment_score"": 5,
  ""confidence"": 0.85
}"
commentary|The_Bouyon_Boys__5_-__CancelEverything|62|4|6ca3926b7462d6ce|8,commentary|The_Bouyon_Boys__5_-__CancelEverything|62|4|6ca3926b7462d6ce,commentary,The_Bouyon_Boys__5_-__CancelEverything,62,4,There exists a shared understanding among interlocutors about what constitutes 'Black issues' and their relevance to Wall-A.,BLACK_LIVES_MATTER_PLAZA__GEORGE_SOROS__AND_SLEEPING_SHEPHERDS_2,9,2,A conversation between two white men about the Black community is considered racist by some.,2,5,0.75,"{
  ""entailment_score"": 5,
  ""confidence"": 0.75
}"
commentary|The_Bouyon_Boys__5_-__CancelEverything|62|4|6ca3926b7462d6ce|9,commentary|The_Bouyon_Boys__5_-__CancelEverything|62|4|6ca3926b7462d6ce,commentary,The_Bouyon_Boys__5_-__CancelEverything,62,4,There exists a shared understanding among interlocutors about what constitutes 'Black issues' and their relevance to Wall-A.,BLACK_LIVES_MATTER_PLAZA__GEORGE_SOROS__AND_SLEEPING_SHEPHERDS_2,15,0,They haven't heard about the Black Row Regiment.,2,3,0.8,"{
  ""entailment_score"": 3,
  ""confidence"": 0.8
}"
commentary|The_Bouyon_Boys__5_-__CancelEverything|62|4|6ca3926b7462d6ce|10,commentary|The_Bouyon_Boys__5_-__CancelEverything|62|4|6ca3926b7462d6ce,commentary,The_Bouyon_Boys__5_-__CancelEverything,62,4,There exists a shared understanding among interlocutors about what constitutes 'Black issues' and their relevance to Wall-A.,BLACK_LIVES_MATTER_PLAZA__GEORGE_SOROS__AND_SLEEPING_SHEPHERDS_2,15,2,People should know about the Black Row Regiment.,2,3,0.8,"{
  ""entailment_score"": 3,
  ""confidence"": 0.8
}"
commentary|The_Bouyon_Boys__5_-__CancelEverything|62|4|6ca3926b7462d6ce|11,commentary|The_Bouyon_Boys__5_-__CancelEverything|62|4|6ca3926b7462d6ce,commentary,The_Bouyon_Boys__5_-__CancelEverything,62,4,There exists a shared understanding among interlocutors about what constitutes 'Black issues' and their relevance to Wall-A.,BLACK_LIVES_MATTER_PLAZA__GEORGE_SOROS__AND_SLEEPING_SHEPHERDS_2,23,1,"Among those involved in the incident, there was one white person.",2,1,0.8,"{
  ""entailment_score"": 1,
  ""confidence"": 0.8
}"
commentary|The_Bouyon_Boys__5_-__CancelEverything|62|4|6ca3926b7462d6ce|12,commentary|The_Bouyon_Boys__5_-__CancelEverything|62|4|6ca3926b7462d6ce,commentary,The_Bouyon_Boys__5_-__CancelEverything,62,4,There exists a shared understanding among interlocutors about what constitutes 'Black issues' and their relevance to Wall-A.,BLACK_LIVES_MATTER_PLAZA__GEORGE_SOROS__AND_SLEEPING_SHEPHERDS_2,23,2,"Among those involved in the incident, there was one Hispanic person.",2,1,0.85,"{
  ""entailment_score"": 1,
  ""confidence"": 0.85
}"
commentary|The_Bouyon_Boys__5_-__CancelEverything|62|4|6ca3926b7462d6ce|13,commentary|The_Bouyon_Boys__5_-__CancelEverything|62|4|6ca3926b7462d6ce,commentary,The_Bouyon_Boys__5_-__CancelEverything,62,4,There exists a shared understanding among interlocutors about what constitutes 'Black issues' and their relevance to Wall-A.,BLACK_LIVES_MATTER_PLAZA__GEORGE_SOROS__AND_SLEEPING_SHEPHERDS_2,23,3,"Among those involved in the incident, there was one Asian person.",2,1,0.85,"{
  ""entailment_score"": 1,
  ""confidence"": 0.85
}"
commentary|The_Bouyon_Boys__5_-__CancelEverything|62|4|6ca3926b7462d6ce|14,commentary|The_Bouyon_Boys__5_-__CancelEverything|62|4|6ca3926b7462d6ce,commentary,The_Bouyon_Boys__5_-__CancelEverything,62,4,There exists a shared understanding among interlocutors about what constitutes 'Black issues' and their relevance to Wall-A.,BLACK_LIVES_MATTER_PLAZA__GEORGE_SOROS__AND_SLEEPING_SHEPHERDS_2,23,5,There is a narrative about racism being widely embraced by certain parties.,2,5,0.8,"{
  ""entailment_score"": 5,
  ""confidence"": 0.8
}"
business|Betsy_Brown_Braun___Paving_The_Pathway_For_Parents|25|2|5446e4aff6aa27c5|0,business|Betsy_Brown_Braun___Paving_The_Pathway_For_Parents|25|2|5446e4aff6aa27c5,business,Betsy_Brown_Braun___Paving_The_Pathway_For_Parents,25,2,Public school quality is a key factor in residential real estate decisions for families with children.,Creating_Home_with_Dr._Carder_Stout,0,5,I originally considered creating a real estate-focused podcast.,2,9,0.95,"{
  ""entailment_score"": 9,
  ""confidence"": 0.95
}"
business|Betsy_Brown_Braun___Paving_The_Pathway_For_Parents|25|2|5446e4aff6aa27c5|1,business|Betsy_Brown_Braun___Paving_The_Pathway_For_Parents|25|2|5446e4aff6aa27c5,business,Betsy_Brown_Braun___Paving_The_Pathway_For_Parents,25,2,Public school quality is a key factor in residential real estate decisions for families with children.,Creating_Home_with_Dr._Carder_Stout,0,6,Real estate has provided my financial livelihood for the past 15 years.,2,5,0.85,"{
  ""entailment_score"": 5,
  ""confidence"": 0.85
}"
business|Betsy_Brown_Braun___Paving_The_Pathway_For_Parents|25|2|5446e4aff6aa27c5|2,business|Betsy_Brown_Braun___Paving_The_Pathway_For_Parents|25|2|5446e4aff6aa27c5,business,Betsy_Brown_Braun___Paving_The_Pathway_For_Parents,25,2,Public school quality is a key factor in residential real estate decisions for families with children.,Creating_Home_with_Dr._Carder_Stout,0,7,My passion for real estate stems from the deep relationships formed while helping clients buy and sell homes.,2,5,0.8,"{
  ""entailment_score"": 5,
  ""confidence"": 0.8
}"
business|Betsy_Brown_Braun___Paving_The_Pathway_For_Parents|25|2|5446e4aff6aa27c5|3,business|Betsy_Brown_Braun___Paving_The_Pathway_For_Parents|25|2|5446e4aff6aa27c5,business,Betsy_Brown_Braun___Paving_The_Pathway_For_Parents,25,2,Public school quality is a key factor in residential real estate decisions for families with children.,Creating_Home_with_Dr._Carder_Stout,0,9,I entered real estate 16 years ago after feeling unemployed and severely depressed.,2,5,0.8,"{
  ""entailment_score"": 5,
  ""confidence"": 0.8
}"
business|20VC__Sarah_Kunst_on_Why_There_Is_Plenty_Of_Investor_Money_Still_Available__The_Megan_Markle_Effect_and_How_It_Impacts_Hiring_and_Talent___Whether_GP_Commits_Pr|32|0|cd5986e265c81fda|0,business|20VC__Sarah_Kunst_on_Why_There_Is_Plenty_Of_Investor_Money_Still_Available__The_Megan_Markle_Effect_and_How_It_Impacts_Hiring_and_Talent___Whether_GP_Commits_Pr|32|0|cd5986e265c81fda,business,20VC__Sarah_Kunst_on_Why_There_Is_Plenty_Of_Investor_Money_Still_Available__The_Megan_Markle_Effect_and_How_It_Impacts_Hiring_and_Talent___Whether_GP_Commits_Pr,32,0,The speaker believes that understanding past experiences can inform present decision-making.,Payroll_Implementations,2,0,The speaker believes the listener is based in the US.,2,1,0.8,"{
  ""entailment_score"": 1,
  ""confidence"": 0.8
}"
business|20VC__Sarah_Kunst_on_Why_There_Is_Plenty_Of_Investor_Money_Still_Available__The_Megan_Markle_Effect_and_How_It_Impacts_Hiring_and_Talent___Whether_GP_Commits_Pr|32|0|cd5986e265c81fda|1,business|20VC__Sarah_Kunst_on_Why_There_Is_Plenty_Of_Investor_Money_Still_Available__The_Megan_Markle_Effect_and_How_It_Impacts_Hiring_and_Talent___Whether_GP_Commits_Pr|32|0|cd5986e265c81fda,business,20VC__Sarah_Kunst_on_Why_There_Is_Plenty_Of_Investor_Money_Still_Available__The_Megan_Markle_Effect_and_How_It_Impacts_Hiring_and_Talent___Whether_GP_Commits_Pr,32,0,The speaker believes that understanding past experiences can inform present decision-making.,Payroll_Implementations,18,2,The speaker believes that community spirit is significant enough to highlight.,2,3,0.7,"{
  ""entailment_score"": 3,
  ""confidence"": 0.7
}"
political|91564|23|7|7bbbfa5b6a8886c8|0,political|91564|23|7|7bbbfa5b6a8886c8,political,91564,23,7,The speaker holds a positive view of Israel’s geopolitical role and moral standing in the region.,74545,11,5,The moment of Trump’s speech marked a significant personal turning point in the speaker's view of him.,2,1,0.85,"{
  ""entailment_score"": 1,
  ""confidence"": 0.85
}"
business|3_-_Ridiculous_Restaurant_Registries|32|1|c41f685cbcd87ac8|0,business|3_-_Ridiculous_Restaurant_Registries|32|1|c41f685cbcd87ac8,business,3_-_Ridiculous_Restaurant_Registries,32,1,Inaccurate records in a contact tracing system may lead to false conclusions about transmission chains.,Stacey_Now_Judging_Miss_Pequot_Lakes__Golfing_Deals_and_Eric_Wants_BBay_Open_On_Saturdays,225,6,The entire morning show may involve about thirty minutes of actual conversation.,2,1,0.85,"{
  ""entailment_score"": 1,
  ""confidence"": 0.85
}"
business|Reversing_Gender_Roles_in_Work___Family_with_special_guest_Ed_Stattmann|13|2|74a72f8b951334e0|0,business|Reversing_Gender_Roles_in_Work___Family_with_special_guest_Ed_Stattmann|13|2|74a72f8b951334e0,business,Reversing_Gender_Roles_in_Work___Family_with_special_guest_Ed_Stattmann,13,2,The speaker’s personal circumstances are significant enough to warrant special consideration in the ongoing conversation.,Future_Thinking_Ep._13_Artisan_Partners_CEO_on_misbehaving_for_future_growth,16,5,The speaker has invested significant effort into improving organizational culture.,2,1,0.8,"{
  ""entailment_score"": 1,
  ""confidence"": 0.8
}"
business|Reversing_Gender_Roles_in_Work___Family_with_special_guest_Ed_Stattmann|13|2|74a72f8b951334e0|1,business|Reversing_Gender_Roles_in_Work___Family_with_special_guest_Ed_Stattmann|13|2|74a72f8b951334e0,business,Reversing_Gender_Roles_in_Work___Family_with_special_guest_Ed_Stattmann,13,2,The speaker’s personal circumstances are significant enough to warrant special consideration in the ongoing conversation.,Future_Thinking_Ep._13_Artisan_Partners_CEO_on_misbehaving_for_future_growth,29,3,The speaker has previously mentioned these three principles during the conversation.,2,1,0.8,"{
  ""entailment_score"": 1,
  ""confidence"": 0.8
}"
religion|The_Good_Life___La_Buena_Vida|7|0|d3cb0056614efe84|0,religion|The_Good_Life___La_Buena_Vida|7|0|d3cb0056614efe84,religion,The_Good_Life___La_Buena_Vida,7,0,The speaker knows what 'it' refers to.,Feed_My_Sheep___Hitting_a_Homerun__Part_3,1,4,Jesus instructed the speaker to follow Him and do what He does.,2,9,0.95,"{
  ""entailment_score"": 9,
  ""confidence"": 0.95
}"
business|From_Technical_Program_Manager_to_Facebook_PM|22|4|2d289c16fb7e4dd5|0,business|From_Technical_Program_Manager_to_Facebook_PM|22|4|2d289c16fb7e4dd5,business,From_Technical_Program_Manager_to_Facebook_PM,22,4,Personal growth is more likely when individuals are trusted with significant responsibility early on.,Building_a_Culture_of_Great_Teammates_-_TTST_Interview_with_Sean_Glaze_from_Great_Results_Training,34,2,Books are valuable resources for personal growth and inspiration.,2,3,0.8,"{
  ""entailment_score"": 3,
  ""confidence"": 0.8
}"
business|From_Technical_Program_Manager_to_Facebook_PM|22|4|2d289c16fb7e4dd5|1,business|From_Technical_Program_Manager_to_Facebook_PM|22|4|2d289c16fb7e4dd5,business,From_Technical_Program_Manager_to_Facebook_PM,22,4,Personal growth is more likely when individuals are trusted with significant responsibility early on.,Building_a_Culture_of_Great_Teammates_-_TTST_Interview_with_Sean_Glaze_from_Great_Results_Training,34,5,Inspiration helps individuals achieve more than they otherwise would.,2,3,0.8,"{
  ""entailment_score"": 3,
  ""confidence"": 0.8
}"
business|From_Technical_Program_Manager_to_Facebook_PM|22|4|2d289c16fb7e4dd5|2,business|From_Technical_Program_Manager_to_Facebook_PM|22|4|2d289c16fb7e4dd5,business,From_Technical_Program_Manager_to_Facebook_PM,22,4,Personal growth is more likely when individuals are trusted with significant responsibility early on.,Building_a_Culture_of_Great_Teammates_-_TTST_Interview_with_Sean_Glaze_from_Great_Results_Training,48,1,The speaker associates the 1980s with personal experiences of high school and early college.,2,1,0.95,"{
  ""entailment_score"": 1,
  ""confidence"": 0.95
}"
commentary|Shekinah_Ruth___I_discuss_Candace_Owens_controversy__BLM__riots____more_2|45|1|37c19e274dc0f8f3|0,commentary|Shekinah_Ruth___I_discuss_Candace_Owens_controversy__BLM__riots____more_2|45|1|37c19e274dc0f8f3,commentary,Shekinah_Ruth___I_discuss_Candace_Owens_controversy__BLM__riots____more_2,45,1,The speaker views their own experience as evidence of selective enforcement against certain political figures.,112__The_New_Reformers__How_to_Take_Down_the_Machine__w__Moumita_Ahmed_2,24,0,The speaker is asking about the role of a certain group with the Democratic Party.,2,3,0.8,"{
  ""entailment_score"": 3,
  ""confidence"": 0.8
}"
commentary|Shekinah_Ruth___I_discuss_Candace_Owens_controversy__BLM__riots____more_2|45|1|37c19e274dc0f8f3|1,commentary|Shekinah_Ruth___I_discuss_Candace_Owens_controversy__BLM__riots____more_2|45|1|37c19e274dc0f8f3,commentary,Shekinah_Ruth___I_discuss_Candace_Owens_controversy__BLM__riots____more_2,45,1,The speaker views their own experience as evidence of selective enforcement against certain political figures.,112__The_New_Reformers__How_to_Take_Down_the_Machine__w__Moumita_Ahmed_2,25,3,The speaker and other reformers organized a protest against the premature endorsement.,2,3,0.8,"{
  ""entailment_score"": 3,
  ""confidence"": 0.8
}"
commentary|Shekinah_Ruth___I_discuss_Candace_Owens_controversy__BLM__riots____more_2|45|1|37c19e274dc0f8f3|2,commentary|Shekinah_Ruth___I_discuss_Candace_Owens_controversy__BLM__riots____more_2|45|1|37c19e274dc0f8f3,commentary,Shekinah_Ruth___I_discuss_Candace_Owens_controversy__BLM__riots____more_2,45,1,The speaker views their own experience as evidence of selective enforcement against certain political figures.,112__The_New_Reformers__How_to_Take_Down_the_Machine__w__Moumita_Ahmed_2,56,1,The speaker does not understand why political parties are involved in judicial appointments.,2,3,0.7,"{
  ""entailment_score"": 3,
  ""confidence"": 0.7
}"
commentary|Shekinah_Ruth___I_discuss_Candace_Owens_controversy__BLM__riots____more_2|45|1|37c19e274dc0f8f3|3,commentary|Shekinah_Ruth___I_discuss_Candace_Owens_controversy__BLM__riots____more_2|45|1|37c19e274dc0f8f3,commentary,Shekinah_Ruth___I_discuss_Candace_Owens_controversy__BLM__riots____more_2,45,1,The speaker views their own experience as evidence of selective enforcement against certain political figures.,112__The_New_Reformers__How_to_Take_Down_the_Machine__w__Moumita_Ahmed_2,80,6,The speaker had a positive experience interacting with Momita.,2,1,0.95,"{
  ""entailment_score"": 1,
  ""confidence"": 0.95
}"
religion|HMU_6__Biblical_Justice|23|2|089997b531411baa|0,religion|HMU_6__Biblical_Justice|23|2|089997b531411baa,religion,HMU_6__Biblical_Justice,23,2,The speaker has a religious obligation to identify and oppose injustice.,Episode_11_-_Spiritual_Fatherhood,8,4,The speaker assumes that the listener has experience or reflection on spiritual fatherhood.,2,5,0.85,"{
  ""entailment_score"": 5,
  ""confidence"": 0.85
}"
religion|HMU_6__Biblical_Justice|23|2|089997b531411baa|1,religion|HMU_6__Biblical_Justice|23|2|089997b531411baa,religion,HMU_6__Biblical_Justice,23,2,The speaker has a religious obligation to identify and oppose injustice.,Episode_11_-_Spiritual_Fatherhood,11,1,The speaker has been approached by individuals seeking him as a spiritual father.,2,5,0.8,"{
  ""entailment_score"": 5,
  ""confidence"": 0.8
}"
religion|HMU_6__Biblical_Justice|23|2|089997b531411baa|2,religion|HMU_6__Biblical_Justice|23|2|089997b531411baa,religion,HMU_6__Biblical_Justice,23,2,The speaker has a religious obligation to identify and oppose injustice.,Episode_11_-_Spiritual_Fatherhood,13,9,The speaker has more frequent and deeper relationships with directees seen every few weeks or monthly.,2,5,0.8,"{
  ""entailment_score"": 5,
  ""confidence"": 0.8
}"
religion|HMU_6__Biblical_Justice|23|2|089997b531411baa|3,religion|HMU_6__Biblical_Justice|23|2|089997b531411baa,religion,HMU_6__Biblical_Justice,23,2,The speaker has a religious obligation to identify and oppose injustice.,Episode_11_-_Spiritual_Fatherhood,20,2,The speaker is asking if Ed has further input or thoughts to share.,2,1,0.95,"{
  ""entailment_score"": 1,
  ""confidence"": 0.95
}"
business|Forex_Files_Podcast_Episode_9___Keeping_it_simple|82|1|0af6dcc63433c7bc|0,business|Forex_Files_Podcast_Episode_9___Keeping_it_simple|82|1|0af6dcc63433c7bc,business,Forex_Files_Podcast_Episode_9___Keeping_it_simple,82,1,The speaker believes they were close to being eliminated or prevented from continuing.,Randy_Herbertson_Launches_MyMovingForward.com,6,3,The speaker believes the discussion should focus on making the narrative 'pretty remarkable'.,2,1,0.8,"{
  ""entailment_score"": 1,
  ""confidence"": 0.8
}"
business|Get_Out_of_My_Office__with_Evan_Woolsoncroft|14|2|6905ef5c81812762|0,business|Get_Out_of_My_Office__with_Evan_Woolsoncroft|14|2|6905ef5c81812762,business,Get_Out_of_My_Office__with_Evan_Woolsoncroft,14,2,"Generous gifts typically result from meaningful personal connections, not scripted processes.",Get_Out_of_Your_Own_Way_with_Dave_Hollis,19,4,Real-time community engagement leads to meaningful personal transformation.,2,3,0.7,"{
  ""entailment_score"": 3,
  ""confidence"": 0.7
}"
business|Get_Out_of_My_Office__with_Evan_Woolsoncroft|14|2|6905ef5c81812762|1,business|Get_Out_of_My_Office__with_Evan_Woolsoncroft|14|2|6905ef5c81812762,business,Get_Out_of_My_Office__with_Evan_Woolsoncroft,14,2,"Generous gifts typically result from meaningful personal connections, not scripted processes.",Get_Out_of_Your_Own_Way_with_Dave_Hollis,23,6,"Using privileges or gifts to gain favor in friendships creates transactions, not real bonds.",2,9,0.95,"{
  ""entailment_score"": 9,
  ""confidence"": 0.95
}"
business|On_Machine_Learning_and_the_Future__with_Shiva|44|2|8964feba0b39894f|0,business|On_Machine_Learning_and_the_Future__with_Shiva|44|2|8964feba0b39894f,business,On_Machine_Learning_and_the_Future__with_Shiva,44,2,The speaker trusts that technological advancements have made high-volume computation affordable and accessible.,Episode_50_-_Adriatic_Metals_PLC__Paul_Cronin,4,4,The speaker believes the market may have overlooked value in Tethian over the past six to twelve months.,2,1,0.8,"{
  ""entailment_score"": 1,
  ""confidence"": 0.8
}"
business|On_Machine_Learning_and_the_Future__with_Shiva|44|2|8964feba0b39894f|1,business|On_Machine_Learning_and_the_Future__with_Shiva|44|2|8964feba0b39894f,business,On_Machine_Learning_and_the_Future__with_Shiva,44,2,The speaker trusts that technological advancements have made high-volume computation affordable and accessible.,Episode_50_-_Adriatic_Metals_PLC__Paul_Cronin,6,4,The speaker believes the market may have missed something important regarding the larger company.,2,1,0.8,"{
  ""entailment_score"": 1,
  ""confidence"": 0.8
}"
business|On_Machine_Learning_and_the_Future__with_Shiva|44|2|8964feba0b39894f|2,business|On_Machine_Learning_and_the_Future__with_Shiva|44|2|8964feba0b39894f,business,On_Machine_Learning_and_the_Future__with_Shiva,44,2,The speaker trusts that technological advancements have made high-volume computation affordable and accessible.,Episode_50_-_Adriatic_Metals_PLC__Paul_Cronin,10,3,A statement was made by the speaker in another interview regarding Milash's unique role.,2,1,0.8,"{
  ""entailment_score"": 1,
  ""confidence"": 0.8
}"
business|On_Machine_Learning_and_the_Future__with_Shiva|44|2|8964feba0b39894f|3,business|On_Machine_Learning_and_the_Future__with_Shiva|44|2|8964feba0b39894f,business,On_Machine_Learning_and_the_Future__with_Shiva,44,2,The speaker trusts that technological advancements have made high-volume computation affordable and accessible.,Episode_50_-_Adriatic_Metals_PLC__Paul_Cronin,15,3,The speaker and Milash have discussed the major chair developers for the company in detail over the past six months.,2,1,0.8,"{
  ""entailment_score"": 1,
  ""confidence"": 0.8
}"
business|On_Machine_Learning_and_the_Future__with_Shiva|44|2|8964feba0b39894f|4,business|On_Machine_Learning_and_the_Future__with_Shiva|44|2|8964feba0b39894f,business,On_Machine_Learning_and_the_Future__with_Shiva,44,2,The speaker trusts that technological advancements have made high-volume computation affordable and accessible.,Episode_50_-_Adriatic_Metals_PLC__Paul_Cronin,18,4,Improvements have been made to the scoping study released in November.,2,1,0.8,"{
  ""entailment_score"": 1,
  ""confidence"": 0.8
}"
political|80245|30|4|0c057feff034905b|0,political|80245|30|4|0c057feff034905b,political,80245,30,4,The speaker believes the listener will understand and respond to questions about personal decisions.,87420,4,5,"The speaker is curious about what led the interlocutor to advocate for policies like the Chips Act applied to steel, aluminum, and microelectronics.",2,1,0.95,"{
  ""entailment_score"": 1,
  ""confidence"": 0.95
}"
political|80245|30|4|0c057feff034905b|1,political|80245|30|4|0c057feff034905b,political,80245,30,4,The speaker believes the listener will understand and respond to questions about personal decisions.,87420,4,6,The speaker believes the Chips Act model could extend to non-semiconductor sectors.,2,1,0.95,"{
  ""entailment_score"": 1,
  ""confidence"": 0.95
}"
political|80245|30|4|0c057feff034905b|2,political|80245|30|4|0c057feff034905b,political,80245,30,4,The speaker believes the listener will understand and respond to questions about personal decisions.,87420,8,0,The speaker believes the recipient serves on the relevant committee focused on U.S.-China competition.,2,1,0.95,"{
  ""entailment_score"": 1,
  ""confidence"": 0.95
}"
political|80245|30|4|0c057feff034905b|3,political|80245|30|4|0c057feff034905b,political,80245,30,4,The speaker believes the listener will understand and respond to questions about personal decisions.,87420,16,2,The speaker believes the proposed policies are pro-American worker.,2,1,0.85,"{
  ""entailment_score"": 1,
  ""confidence"": 0.85
}"
political|80245|30|4|0c057feff034905b|4,political|80245|30|4|0c057feff034905b,political,80245,30,4,The speaker believes the listener will understand and respond to questions about personal decisions.,87420,16,6,The speaker believes efforts regarding China policy should align with domestic manufacturing strength.,2,1,0.8,"{
  ""entailment_score"": 1,
  ""confidence"": 0.8
}"
business|Making_Career_Transition_Work__with_Dr._Eric_Wright_from_Vets2PM|30|1|9fa96bbe55bd89d2|0,business|Making_Career_Transition_Work__with_Dr._Eric_Wright_from_Vets2PM|30|1|9fa96bbe55bd89d2,business,Making_Career_Transition_Work__with_Dr._Eric_Wright_from_Vets2PM,30,1,Career advancement into new domains like HR and cybersecurity implies ongoing motivational drivers.,Bonus__Fostering_Innovation_Within_Security,3,7,"Innovation in fields like cloud computing, security, and cybersecurity often repurposes established ideas.",2,5,0.8,"{
  ""entailment_score"": 5,
  ""confidence"": 0.8
}"
business|Ep_18___Detroit_Tiger_s_Director_of_Ticket_Sales__Andrew_Sidney|26|3|71c4e1ae032007ec|0,business|Ep_18___Detroit_Tiger_s_Director_of_Ticket_Sales__Andrew_Sidney|26|3|71c4e1ae032007ec,business,Ep_18___Detroit_Tiger_s_Director_of_Ticket_Sales__Andrew_Sidney,26,3,The interviewee will perceive value in discussing their past fears and growth.,Why_You_Should_Focus_on_Expenses_When_Saving_for_Retirement__Not_Income,13,3,Money in the stable value fund will never be used for risky investments.,2,1,0.95,"{
  ""entailment_score"": 1,
  ""confidence"": 0.95
}"
political|50991|8|3|143fdc6412fce8d8|0,political|50991|8|3|143fdc6412fce8d8,political,50991,8,3,There is a shared understanding between speaker and listener about the norms and expectations of formal congressional processes.,70851,49,2,There has been discussion about amending the Constitution to extend Congressional terms to four years.,3,3,0.7,"{
  ""entailment_score"": 3,
  ""confidence"": 0.7
}"
political|50991|8|3|143fdc6412fce8d8|1,political|50991|8|3|143fdc6412fce8d8,political,50991,8,3,There is a shared understanding between speaker and listener about the norms and expectations of formal congressional processes.,70851,16,0,The speaker is asking about the typical daily schedule of the addressee.,2,3,0.7,"{
  ""entailment_score"": 3,
  ""confidence"": 0.7
}"
political|50991|8|3|143fdc6412fce8d8|2,political|50991|8|3|143fdc6412fce8d8,political,50991,8,3,There is a shared understanding between speaker and listener about the norms and expectations of formal congressional processes.,70851,17,4,The speaker typically returns home between 9 and 10 p.m.,2,1,0.8,"{
  ""entailment_score"": 1,
  ""confidence"": 0.8
}"
political|50991|8|3|143fdc6412fce8d8|3,political|50991|8|3|143fdc6412fce8d8,political,50991,8,3,There is a shared understanding between speaker and listener about the norms and expectations of formal congressional processes.,70851,17,7,There is constant effort to stay informed about changing facts and issues.,2,3,0.7,"{
  ""entailment_score"": 3,
  ""confidence"": 0.7
}"
political|50991|8|3|143fdc6412fce8d8|4,political|50991|8|3|143fdc6412fce8d8,political,50991,8,3,There is a shared understanding between speaker and listener about the norms and expectations of formal congressional processes.,70851,24,3,The speaker wants Harley to share personal opinions about specific freshmen.,2,1,0.8,"{
  ""entailment_score"": 1,
  ""confidence"": 0.8
}"
political|50991|8|3|143fdc6412fce8d8|5,political|50991|8|3|143fdc6412fce8d8,political,50991,8,3,There is a shared understanding between speaker and listener about the norms and expectations of formal congressional processes.,70851,24,4,The speaker is asking Harley about favorites among the freshmen.,2,1,0.95,"{
  ""entailment_score"": 1,
  ""confidence"": 0.95
}"
political|50991|8|3|143fdc6412fce8d8|6,political|50991|8|3|143fdc6412fce8d8,political,50991,8,3,There is a shared understanding between speaker and listener about the norms and expectations of formal congressional processes.,70851,24,5,The speaker is asking about who Harley spends time with among the freshmen.,2,1,0.95,"{
  ""entailment_score"": 1,
  ""confidence"": 0.95
}"
political|50991|8|3|143fdc6412fce8d8|7,political|50991|8|3|143fdc6412fce8d8,political,50991,8,3,There is a shared understanding between speaker and listener about the norms and expectations of formal congressional processes.,70851,26,0,The speaker is asking if the listener has time to go out for dinner with certain people.,2,1,0.95,"{
  ""entailment_score"": 1,
  ""confidence"": 0.95
}"
political|50991|8|3|143fdc6412fce8d8|8,political|50991|8|3|143fdc6412fce8d8,political,50991,8,3,There is a shared understanding between speaker and listener about the norms and expectations of formal congressional processes.,70851,28,0,The speaker believes the listener does not have time to cook at home.,2,1,0.95,"{
  ""entailment_score"": 1,
  ""confidence"": 0.95
}"
political|50991|8|3|143fdc6412fce8d8|9,political|50991|8|3|143fdc6412fce8d8,political,50991,8,3,There is a shared understanding between speaker and listener about the norms and expectations of formal congressional processes.,70851,32,4,"During some congressional sessions, attendees are split between being physically present and working remotely.",2,7,0.85,"{
  ""entailment_score"": 7,
  ""confidence"": 0.85
}"
political|50991|8|3|143fdc6412fce8d8|10,political|50991|8|3|143fdc6412fce8d8,political,50991,8,3,There is a shared understanding between speaker and listener about the norms and expectations of formal congressional processes.,70851,48,2,There is a question about the origin of the two-year term.,2,1,0.8,"{
  ""entailment_score"": 1,
  ""confidence"": 0.8
}"
political|50991|8|3|143fdc6412fce8d8|11,political|50991|8|3|143fdc6412fce8d8,political,50991,8,3,There is a shared understanding between speaker and listener about the norms and expectations of formal congressional processes.,70851,82,0,There are concerns about the health risks of 5G.,2,1,0.95,"{
  ""entailment_score"": 1,
  ""confidence"": 0.95
}"
political|50991|8|3|143fdc6412fce8d8|12,political|50991|8|3|143fdc6412fce8d8,political,50991,8,3,There is a shared understanding between speaker and listener about the norms and expectations of formal congressional processes.,70851,97,4,There is a direct correlation between infrastructure and climate change.,2,1,0.95,"{
  ""entailment_score"": 1,
  ""confidence"": 0.95
}"
political|94146|6|2|2bf3292e0169fdc0|0,political|94146|6|2|2bf3292e0169fdc0,political,94146,6,2,The speaker and listener share a common understanding of 'American troops' and 'on the ground'.,45566,20,2,The speaker understands that the listener has opposed eliminating the filibuster.,2,1,0.95,"{
  ""entailment_score"": 1,
  ""confidence"": 0.95
}"
political|94146|6|2|2bf3292e0169fdc0|1,political|94146|6|2|2bf3292e0169fdc0,political,94146,6,2,The speaker and listener share a common understanding of 'American troops' and 'on the ground'.,45566,23,9,The speaker believes that Democrats and the American public need to prioritize systemic political reform around climate urgency.,2,1,0.95,"{
  ""entailment_score"": 1,
  ""confidence"": 0.95
}"
political|94146|6|2|2bf3292e0169fdc0|2,political|94146|6|2|2bf3292e0169fdc0,political,94146,6,2,The speaker and listener share a common understanding of 'American troops' and 'on the ground'.,45566,34,1,The speaker has authored a legislative proposal known as the American Families Act.,2,1,0.8,"{
  ""entailment_score"": 1,
  ""confidence"": 0.8
}"
political|94146|6|2|2bf3292e0169fdc0|3,political|94146|6|2|2bf3292e0169fdc0,political,94146,6,2,The speaker and listener share a common understanding of 'American troops' and 'on the ground'.,45566,89,7,The speaker believes that reaching out broadly to American voters could reveal support for their position.,2,1,0.8,"{
  ""entailment_score"": 1,
  ""confidence"": 0.8
}"
religion|247_Is_Peter_Really_the_Foundation_of_the_Church__-_Karlo_Broussard|11|0|8e8e523fd26a42fd|0,religion|247_Is_Peter_Really_the_Foundation_of_the_Church__-_Karlo_Broussard|11|0|8e8e523fd26a42fd,religion,247_Is_Peter_Really_the_Foundation_of_the_Church__-_Karlo_Broussard,11,0,There exists a single true church of Jesus Christ that can be objectively identified.,The_Mind_Brain_Connection_in_the_Book_of_Revelation__6,0,3,"There is one true interpretation of Scripture, which is Christ.",3,3,0.6,"{
  ""entailment_score"": 3,
  ""confidence"": 0.6
}"
religion|247_Is_Peter_Really_the_Foundation_of_the_Church__-_Karlo_Broussard|11|0|8e8e523fd26a42fd|1,religion|247_Is_Peter_Really_the_Foundation_of_the_Church__-_Karlo_Broussard|11|0|8e8e523fd26a42fd,religion,247_Is_Peter_Really_the_Foundation_of_the_Church__-_Karlo_Broussard,11,0,There exists a single true church of Jesus Christ that can be objectively identified.,The_Mind_Brain_Connection_in_the_Book_of_Revelation__6,18,8,What people have always been exists beyond time and is part of their true self.,2,1,0.95,"{
  ""entailment_score"": 1,
  ""confidence"": 0.95
}"
commentary|Hasidic_Jewish_Heretics_2|5|2|976cfe04c04ff908|0,commentary|Hasidic_Jewish_Heretics_2|5|2|976cfe04c04ff908,commentary,Hasidic_Jewish_Heretics_2,5,2,There exists a shared understanding within ultra-Orthodox communities about appropriate gender roles in religious life.,Attention_Pliss__with_Arnab_Ray__85_-_Pakistan_Cricket_and_Qayyum_Report,2,1,There exists a specific Telugu comedy being referred to.,2,1,0.95,"{
  ""entailment_score"": 1,
  ""confidence"": 0.95
}"
commentary|Hasidic_Jewish_Heretics_2|5|2|976cfe04c04ff908|1,commentary|Hasidic_Jewish_Heretics_2|5|2|976cfe04c04ff908,commentary,Hasidic_Jewish_Heretics_2,5,2,There exists a shared understanding within ultra-Orthodox communities about appropriate gender roles in religious life.,Attention_Pliss__with_Arnab_Ray__85_-_Pakistan_Cricket_and_Qayyum_Report,38,7,There is nothing inherently sinister about the photograph.,2,1,0.95,"{
  ""entailment_score"": 1,
  ""confidence"": 0.95
}"
commentary|Hasidic_Jewish_Heretics_2|5|2|976cfe04c04ff908|2,commentary|Hasidic_Jewish_Heretics_2|5|2|976cfe04c04ff908,commentary,Hasidic_Jewish_Heretics_2,5,2,There exists a shared understanding within ultra-Orthodox communities about appropriate gender roles in religious life.,Attention_Pliss__with_Arnab_Ray__85_-_Pakistan_Cricket_and_Qayyum_Report,43,1,There is another person involved who also knows something about the bill.,2,1,0.95,"{
  ""entailment_score"": 1,
  ""confidence"": 0.95
}"
commentary|Hasidic_Jewish_Heretics_2|5|2|976cfe04c04ff908|3,commentary|Hasidic_Jewish_Heretics_2|5|2|976cfe04c04ff908,commentary,Hasidic_Jewish_Heretics_2,5,2,There exists a shared understanding within ultra-Orthodox communities about appropriate gender roles in religious life.,Attention_Pliss__with_Arnab_Ray__85_-_Pakistan_Cricket_and_Qayyum_Report,52,8,There was something unclear about what happened to him afterward.,2,1,0.8,"{
  ""entailment_score"": 1,
  ""confidence"": 0.8
}"
business|84_-_From_childhood_prodigy_to_serial_entrepreneur_-_Scott_Edgar|8|4|ebb520d750bcf54c|0,business|84_-_From_childhood_prodigy_to_serial_entrepreneur_-_Scott_Edgar|8|4|ebb520d750bcf54c,business,84_-_From_childhood_prodigy_to_serial_entrepreneur_-_Scott_Edgar,8,4,There is value in understanding how someone developed expertise so early in life.,BONUS__Mastermind_Q_A_apply_Productivity_Expert_Insights_to_Your_Life,47,1,There is a specific value being discussed.,2,1,0.85,"{
  ""entailment_score"": 1,
  ""confidence"": 0.85
}"
business|84_-_From_childhood_prodigy_to_serial_entrepreneur_-_Scott_Edgar|8|4|ebb520d750bcf54c|1,business|84_-_From_childhood_prodigy_to_serial_entrepreneur_-_Scott_Edgar|8|4|ebb520d750bcf54c,business,84_-_From_childhood_prodigy_to_serial_entrepreneur_-_Scott_Edgar,8,4,There is value in understanding how someone developed expertise so early in life.,BONUS__Mastermind_Q_A_apply_Productivity_Expert_Insights_to_Your_Life,48,1,There is a minimum threshold for the value in question.,2,3,0.7,"{
  ""entailment_score"": 3,
  ""confidence"": 0.7
}"
business|84_-_From_childhood_prodigy_to_serial_entrepreneur_-_Scott_Edgar|8|4|ebb520d750bcf54c|2,business|84_-_From_childhood_prodigy_to_serial_entrepreneur_-_Scott_Edgar|8|4|ebb520d750bcf54c,business,84_-_From_childhood_prodigy_to_serial_entrepreneur_-_Scott_Edgar,8,4,There is value in understanding how someone developed expertise so early in life.,BONUS__Mastermind_Q_A_apply_Productivity_Expert_Insights_to_Your_Life,59,4,There is someone in the group who helps the speaker plan their day.,2,1,0.95,"{
  ""entailment_score"": 1,
  ""confidence"": 0.95
}"
business|84_-_From_childhood_prodigy_to_serial_entrepreneur_-_Scott_Edgar|8|4|ebb520d750bcf54c|3,business|84_-_From_childhood_prodigy_to_serial_entrepreneur_-_Scott_Edgar|8|4|ebb520d750bcf54c,business,84_-_From_childhood_prodigy_to_serial_entrepreneur_-_Scott_Edgar,8,4,There is value in understanding how someone developed expertise so early in life.,BONUS__Mastermind_Q_A_apply_Productivity_Expert_Insights_to_Your_Life,62,2,There may be specific guidance available on how to implement proactivity.,2,1,0.8,"{
  ""entailment_score"": 1,
  ""confidence"": 0.8
}"
business|2_CFOs_Break_Down_the_Kolbe_ATM_Index|14|9|98c86c79bc92db66|0,business|2_CFOs_Break_Down_the_Kolbe_ATM_Index|14|9|98c86c79bc92db66,business,2_CFOs_Break_Down_the_Kolbe_ATM_Index,14,9,The listener sees the speaker as a credible source of insight into personality and behavior.,Spotlight_on_Herogard__Lessons_Learned_When_Launching_a_Second_Startup,18,1,"The speaker acknowledges the listener's hesitation with 'Yeah, yeah.'",2,9,0.95,"{
  ""entailment_score"": 9,
  ""confidence"": 0.95
}"
political|88539|1|3|fc1b8a3ea9b154b8|0,political|88539|1|3|fc1b8a3ea9b154b8,political,88539,1,3,"The speaker trusts the process of red flag laws to function as described, despite uncertainty.",48773,9,3,A colleague described the 2016 mental health bill as the most significant reform to mental health laws in 30 years.,2,3,0.7,"{
  ""entailment_score"": 3,
  ""confidence"": 0.7
}"
political|88539|1|3|fc1b8a3ea9b154b8|1,political|88539|1|3|fc1b8a3ea9b154b8,political,88539,1,3,"The speaker trusts the process of red flag laws to function as described, despite uncertainty.",48773,9,5,The speaker and a Democratic colleague from Connecticut co-led the effort to pass the 2016 mental health bill despite skepticism.,2,3,0.7,"{
  ""entailment_score"": 3,
  ""confidence"": 0.7
}"
business|12._How_We_Read_A_Book_Each_Week|38|3|2f590d165569c29a|0,business|12._How_We_Read_A_Book_Each_Week|38|3|2f590d165569c29a,business,12._How_We_Read_A_Book_Each_Week,38,3,Personal wish lists are inherently more private than publicly shared affiliate content.,Advice_from_our_Audience_-_Creative_Thinking,14,4,A person’s happiness and fulfillment are more important than fulfilling others’ expectations in education and career choices.,2,1,0.8,"{
  ""entailment_score"": 1,
  ""confidence"": 0.8
}"
business|12._How_We_Read_A_Book_Each_Week|38|3|2f590d165569c29a|1,business|12._How_We_Read_A_Book_Each_Week|38|3|2f590d165569c29a,business,12._How_We_Read_A_Book_Each_Week,38,3,Personal wish lists are inherently more private than publicly shared affiliate content.,Advice_from_our_Audience_-_Creative_Thinking,27,4,People are generally more afraid of others' opinions than others actually care about their actions.,2,3,0.7,"{
  ""entailment_score"": 3,
  ""confidence"": 0.7
}"
business|12._How_We_Read_A_Book_Each_Week|38|3|2f590d165569c29a|2,business|12._How_We_Read_A_Book_Each_Week|38|3|2f590d165569c29a,business,12._How_We_Read_A_Book_Each_Week,38,3,Personal wish lists are inherently more private than publicly shared affiliate content.,Advice_from_our_Audience_-_Creative_Thinking,35,4,Individuals should focus on their personal growth rather than others’ progress.,2,1,0.8,"{
  ""entailment_score"": 1,
  ""confidence"": 0.8
}"
religion|FB_s_war_against_women|22|1|aee5c1ed7b6f661f|0,religion|FB_s_war_against_women|22|1|aee5c1ed7b6f661f,religion,FB_s_war_against_women,22,1,Progress in civil rights discourse does not necessarily translate into widespread behavioral change.,Episode_28_-_Living_with_the_Unfixable,17,3,The listener’s identity does not have to be defined solely by their disappointment.,2,1,0.85,"{
  ""entailment_score"": 1,
  ""confidence"": 0.85
}"
religion|FB_s_war_against_women|22|1|aee5c1ed7b6f661f|1,religion|FB_s_war_against_women|22|1|aee5c1ed7b6f661f,religion,FB_s_war_against_women,22,1,Progress in civil rights discourse does not necessarily translate into widespread behavioral change.,Episode_28_-_Living_with_the_Unfixable,25,5,This current stage in history does not allow us to claim healing as a right.,2,5,0.8,"{
  ""entailment_score"": 5,
  ""confidence"": 0.8
}"
religion|FB_s_war_against_women|22|1|aee5c1ed7b6f661f|2,religion|FB_s_war_against_women|22|1|aee5c1ed7b6f661f,religion,FB_s_war_against_women,22,1,Progress in civil rights discourse does not necessarily translate into widespread behavioral change.,Episode_28_-_Living_with_the_Unfixable,43,7,Long-term presence of mental health problems does not imply they will last until death.,2,1,0.95,"{
  ""entailment_score"": 1,
  ""confidence"": 0.95
}"
religion|Ministry_of_the_Messiah__Studying_the_Sabbath|32|2|fd0002e07da4051b|0,religion|Ministry_of_the_Messiah__Studying_the_Sabbath|32|2|fd0002e07da4051b,religion,Ministry_of_the_Messiah__Studying_the_Sabbath,32,2,Recognition of Jesus requires conscious identification with His name or identity.,John_19_24-42,0,9,"Blood and water flowed from Jesus’ side when pierced, confirming his death and humanity.",2,3,0.7,"{
  ""entailment_score"": 3,
  ""confidence"": 0.7
}"
political|83968|26|0|aa0d1933afaa27f3|0,political|83968|26|0|aa0d1933afaa27f3,political,83968,26,0,The naming of infrastructure projects often reflects political or symbolic considerations rather than functional ones.,74135,25,9,Rhetoric in current politics often divides rather than unites people.,3,5,0.8,"{
  ""entailment_score"": 5,
  ""confidence"": 0.8
}"
political|83968|26|0|aa0d1933afaa27f3|1,political|83968|26|0|aa0d1933afaa27f3,political,83968,26,0,The naming of infrastructure projects often reflects political or symbolic considerations rather than functional ones.,74135,29,2,"The speaker believes the nation needs a leader focused on the public good rather than party loyalty, personal gain, or special interests.",2,9,0.95,"{
  ""entailment_score"": 9,
  ""confidence"": 0.95
}"
business|Episode_23_-_Cartier_Resources_Inc__Philippe_Cloutier|34|4|99ba7960fefa8cd1|0,business|Episode_23_-_Cartier_Resources_Inc__Philippe_Cloutier|34|4|99ba7960fefa8cd1,business,Episode_23_-_Cartier_Resources_Inc__Philippe_Cloutier,34,4,The company has control over the decision-making process regarding Ben Wal-Rillipur.,Earth_and_Environmental_Science_at_NYC_Urban_Soils_Institute__feat._Anna_Paltseva,1,3,Peoples' Friendship University of Russia has students from over 160 countries.,2,1,0.95,"{
  ""entailment_score"": 1,
  ""confidence"": 0.95
}"
business|Episode_23_-_Cartier_Resources_Inc__Philippe_Cloutier|34|4|99ba7960fefa8cd1|1,business|Episode_23_-_Cartier_Resources_Inc__Philippe_Cloutier|34|4|99ba7960fefa8cd1,business,Episode_23_-_Cartier_Resources_Inc__Philippe_Cloutier,34,4,The company has control over the decision-making process regarding Ben Wal-Rillipur.,Earth_and_Environmental_Science_at_NYC_Urban_Soils_Institute__feat._Anna_Paltseva,40,2,The speaker has personal experience with the job search process for international students.,2,1,0.95,"{
  ""entailment_score"": 1,
  ""confidence"": 0.95
}"
political|92298|9|6|3a881abe0bcbfd66|0,political|92298|9|6|3a881abe0bcbfd66,political,92298,9,6,The speaker trusts that prioritizing rural hospitals will lead to better public health outcomes overall.,82327,19,1,The speaker and Senator Chris Murphy collaborated on the mental health bill of 2016.,2,1,0.95,"{
  ""entailment_score"": 1,
  ""confidence"": 0.95
}"
political|92298|9|6|3a881abe0bcbfd66|1,political|92298|9|6|3a881abe0bcbfd66,political,92298,9,6,The speaker trusts that prioritizing rural hospitals will lead to better public health outcomes overall.,82327,28,2,The speaker poses a direct question to the senator regarding his own lessons about humanity based on decades of public service.,2,1,0.95,"{
  ""entailment_score"": 1,
  ""confidence"": 0.95
}"
political|46690|3|2|c7353a1ef3204d2d|0,political|46690|3|2|c7353a1ef3204d2d,political,46690,3,2,The speaker expects the president to reach out to members of both parties during times of political transition.,77667,2,1,The speaker wants to hear about the individual's journey from high school through college to political work and running for office.,2,1,0.95,"{
  ""entailment_score"": 1,
  ""confidence"": 0.95
}"
political|46690|3|2|c7353a1ef3204d2d|1,political|46690|3|2|c7353a1ef3204d2d,political,46690,3,2,The speaker expects the president to reach out to members of both parties during times of political transition.,77667,4,5,The speaker asks the individual to advise young people on political engagement.,2,1,0.95,"{
  ""entailment_score"": 1,
  ""confidence"": 0.95
}"
business|Ep25_-_Katie_Jones__How_to_keep_your_team_engaged_while_working_remotely|12|0|a6407a080f0dda01|0,business|Ep25_-_Katie_Jones__How_to_keep_your_team_engaged_while_working_remotely|12|0|a6407a080f0dda01,business,Ep25_-_Katie_Jones__How_to_keep_your_team_engaged_while_working_remotely,12,0,The listener has firsthand experience with engagement metrics.,Start_before_you_re_ready_with_Georgian_Bay_Spirits,36,5,The speaker believes the listener has a good product but needs support with the business side.,2,1,0.8,"{
  ""entailment_score"": 1,
  ""confidence"": 0.8
}"
business|Ep._36_-_The_COVID|69|3|3138a06203af0f84|0,business|Ep._36_-_The_COVID|69|3|3138a06203af0f84,business,Ep._36_-_The_COVID,69,3,The audience believes the speaker has some credibility despite self-deprecating disclaimer.,Can_You_Have_a_Performance_and_Caring_Company_Culture,0,3,"Michelle Falcon is an entrepreneur, author, keynote speaker, and has been featured on businessinsider.com.",2,9,0.95,"{
  ""entailment_score"": 9,
  ""confidence"": 0.95
}"
business|Ep._36_-_The_COVID|69|3|3138a06203af0f84|1,business|Ep._36_-_The_COVID|69|3|3138a06203af0f84,business,Ep._36_-_The_COVID,69,3,The audience believes the speaker has some credibility despite self-deprecating disclaimer.,Can_You_Have_a_Performance_and_Caring_Company_Culture,6,5,The speaker believes Reese asked the question about the compatibility of performance and caring cultures.,2,1,0.8,"{
  ""entailment_score"": 1,
  ""confidence"": 0.8
}"
business|Ep._36_-_The_COVID|69|3|3138a06203af0f84|2,business|Ep._36_-_The_COVID|69|3|3138a06203af0f84,business,Ep._36_-_The_COVID,69,3,The audience believes the speaker has some credibility despite self-deprecating disclaimer.,Can_You_Have_a_Performance_and_Caring_Company_Culture,7,2,The speaker believes that caring and performance can sometimes be competitive within organizational culture.,2,1,0.8,"{
  ""entailment_score"": 1,
  ""confidence"": 0.8
}"
business|Ep._36_-_The_COVID|69|3|3138a06203af0f84|3,business|Ep._36_-_The_COVID|69|3|3138a06203af0f84,business,Ep._36_-_The_COVID,69,3,The audience believes the speaker has some credibility despite self-deprecating disclaimer.,Can_You_Have_a_Performance_and_Caring_Company_Culture,12,8,The speaker believes they could personally accept being fired if they failed to meet expectations.,2,3,0.7,"{
  ""entailment_score"": 3,
  ""confidence"": 0.7
}"
business|Ep._36_-_The_COVID|69|3|3138a06203af0f84|4,business|Ep._36_-_The_COVID|69|3|3138a06203af0f84,business,Ep._36_-_The_COVID,69,3,The audience believes the speaker has some credibility despite self-deprecating disclaimer.,Can_You_Have_a_Performance_and_Caring_Company_Culture,28,2,The speaker has recently gained new knowledge about the listener's future actions.,2,1,0.8,"{
  ""entailment_score"": 1,
  ""confidence"": 0.8
}"
business|Ep._36_-_The_COVID|69|3|3138a06203af0f84|5,business|Ep._36_-_The_COVID|69|3|3138a06203af0f84,business,Ep._36_-_The_COVID,69,3,The audience believes the speaker has some credibility despite self-deprecating disclaimer.,Can_You_Have_a_Performance_and_Caring_Company_Culture,32,3,The speaker believes their next venture could adopt a similar model.,2,5,0.8,"{
  ""entailment_score"": 5,
  ""confidence"": 0.8
}"
business|Ep._36_-_The_COVID|69|3|3138a06203af0f84|6,business|Ep._36_-_The_COVID|69|3|3138a06203af0f84,business,Ep._36_-_The_COVID,69,3,The audience believes the speaker has some credibility despite self-deprecating disclaimer.,Can_You_Have_a_Performance_and_Caring_Company_Culture,36,2,The speaker believes that starting early provides structural advantages for implementation.,2,1,0.8,"{
  ""entailment_score"": 1,
  ""confidence"": 0.8
}"
religion|2020_06_28_Sermon|335|2|4948448b3ac4121b|0,religion|2020_06_28_Sermon|335|2|4948448b3ac4121b,religion,2020_06_28_Sermon,335,2,The speaker has authority or insight into the proper explanation of God's will.,Episode_37__Tessa-_Let_Happiness_Bloom,42,4,The speaker has personally experienced insights into their own past influencing their present.,3,5,0.8,"{
  ""entailment_score"": 5,
  ""confidence"": 0.8
}"
religion|2020_06_28_Sermon|335|2|4948448b3ac4121b|1,religion|2020_06_28_Sermon|335|2|4948448b3ac4121b,religion,2020_06_28_Sermon,335,2,The speaker has authority or insight into the proper explanation of God's will.,Episode_37__Tessa-_Let_Happiness_Bloom,0,8,Tessa has valuable insights into choosing happiness.,2,9,0.95,"{
  ""entailment_score"": 9,
  ""confidence"": 0.95
}"
religion|2020_06_28_Sermon|335|2|4948448b3ac4121b|2,religion|2020_06_28_Sermon|335|2|4948448b3ac4121b,religion,2020_06_28_Sermon,335,2,The speaker has authority or insight into the proper explanation of God's will.,Episode_37__Tessa-_Let_Happiness_Bloom,4,3,The speaker has a personal preference regarding emojis.,2,1,0.95,"{
  ""entailment_score"": 1,
  ""confidence"": 0.95
}"
religion|2020_06_28_Sermon|335|2|4948448b3ac4121b|3,religion|2020_06_28_Sermon|335|2|4948448b3ac4121b,religion,2020_06_28_Sermon,335,2,The speaker has authority or insight into the proper explanation of God's will.,Episode_37__Tessa-_Let_Happiness_Bloom,66,0,The speaker is asking if the listener has final thoughts or unaddressed topics they wish to discuss.,2,5,0.8,"{
  ""entailment_score"": 5,
  ""confidence"": 0.8
}"
business|Marie-Josee_Privyk_-_ESG_Advocate_and_Analyst|23|0|8d6ff44a252972cf|0,business|Marie-Josee_Privyk_-_ESG_Advocate_and_Analyst|23|0|8d6ff44a252972cf,business,Marie-Josee_Privyk_-_ESG_Advocate_and_Analyst,23,0,The credibility of sustainability claims depends on transparency and consistency over time.,Caroline_Heldman__Politics_and_Gender_in_the_Age_of_the_Pandemic,7,9,The increased flexibility of remote work may worsen existing gender inequalities in unpaid labor over time.,2,1,0.8,"{
  ""entailment_score"": 1,
  ""confidence"": 0.8
}"
business|Marie-Josee_Privyk_-_ESG_Advocate_and_Analyst|23|0|8d6ff44a252972cf|1,business|Marie-Josee_Privyk_-_ESG_Advocate_and_Analyst|23|0|8d6ff44a252972cf,business,Marie-Josee_Privyk_-_ESG_Advocate_and_Analyst,23,0,The credibility of sustainability claims depends on transparency and consistency over time.,Caroline_Heldman__Politics_and_Gender_in_the_Age_of_the_Pandemic,21,9,The speaker has not had time to read classics over the past ten years.,2,1,0.95,"{
  ""entailment_score"": 1,
  ""confidence"": 0.95
}"
business|226_-_The_Biology_and_Branding_of_Sharks|42|3|a77fd328c6577c30|0,business|226_-_The_Biology_and_Branding_of_Sharks|42|3|a77fd328c6577c30,business,226_-_The_Biology_and_Branding_of_Sharks,42,3,It is reasonable to infer that the speaker expects the listener to have relevant personal experience or observations.,Does_Your_Business_Need_a_Blog____Ep.__12,25,5,Blogging is a marketing tactic that can scale with the speaker’s personal and professional growth.,2,1,0.8,"{
  ""entailment_score"": 1,
  ""confidence"": 0.8
}"
business|Remy_Briand__The_ESG_evolution_at_MSCI__and_performance_amid_the_pandemic|0|0|d68e49e14f06f48c|0,business|Remy_Briand__The_ESG_evolution_at_MSCI__and_performance_amid_the_pandemic|0|0|d68e49e14f06f48c,business,Remy_Briand__The_ESG_evolution_at_MSCI__and_performance_amid_the_pandemic,0,0,Better financial returns from sustainable funds validate the legitimacy of ESG investing.,Making_use_of_short_term_business_resilience_opportunities_cashflow__feed_sell_agist__markets_and_season_with_Hamish_Dickson,5,2,"Historically, maintaining high production during tough times has led to better financial outcomes.",2,1,0.95,"{
  ""entailment_score"": 1,
  ""confidence"": 0.95
}"
business|Remy_Briand__The_ESG_evolution_at_MSCI__and_performance_amid_the_pandemic|0|0|d68e49e14f06f48c|1,business|Remy_Briand__The_ESG_evolution_at_MSCI__and_performance_amid_the_pandemic|0|0|d68e49e14f06f48c,business,Remy_Briand__The_ESG_evolution_at_MSCI__and_performance_amid_the_pandemic,0,0,Better financial returns from sustainable funds validate the legitimacy of ESG investing.,Making_use_of_short_term_business_resilience_opportunities_cashflow__feed_sell_agist__markets_and_season_with_Hamish_Dickson,13,8,The financial benefit of early sale versus finishing depends on comparing costs and returns accurately.,2,1,0.8,"{
  ""entailment_score"": 1,
  ""confidence"": 0.8
}"
business|Cloud_Creative_Collection_-_Write_Label_CEO_Gideon_Stein|0|4|27a43d74d51f4523|0,business|Cloud_Creative_Collection_-_Write_Label_CEO_Gideon_Stein|0|4|27a43d74d51f4523,business,Cloud_Creative_Collection_-_Write_Label_CEO_Gideon_Stein,0,4,There is trust in technology-driven solutions for scaling creative processes without sacrificing quality.,13__HSCMs_Michael_Millette_on_the_ILS_market__investment_opportunities_and_Covid-19_losses__Part_II,10,0,There exist public-private solutions related to pandemic risk.,2,1,0.95,"{
  ""entailment_score"": 1,
  ""confidence"": 0.95
}"
political|49018|3|4|3aaabaf8a377d11d|0,political|49018|3|4|3aaabaf8a377d11d,political,49018,3,4,Deep dives into specialized topics are more feasible and valuable in the Senate than in the House due to institutional structure.,76991,8,2,There is a growing need for more physicians due to population growth.,2,1,0.95,"{
  ""entailment_score"": 1,
  ""confidence"": 0.95
}"
political|49018|3|4|3aaabaf8a377d11d|1,political|49018|3|4|3aaabaf8a377d11d,political,49018,3,4,Deep dives into specialized topics are more feasible and valuable in the Senate than in the House due to institutional structure.,76991,17,0,There is nothing more important than ensuring physicians can practice in their preferred setting and style.,2,1,0.95,"{
  ""entailment_score"": 1,
  ""confidence"": 0.95
}"
political|77713|3|6|0622d1ca42c74f55|0,political|77713|3|6|0622d1ca42c74f55,political,77713,3,6,Accreditation standards are a foundational step toward improving law enforcement effectiveness.,72687,5,4,This development is one step among many toward improving agricultural pricing transparency.,3,1,0.95,"{
  ""entailment_score"": 1,
  ""confidence"": 0.95
}"
business|GPTV_Carnegie_Report_Ep._39_-_Auctions___opens_are_back|25|3|0ab7985a5dbef5a5|0,business|GPTV_Carnegie_Report_Ep._39_-_Auctions___opens_are_back|25|3|0ab7985a5dbef5a5,business,GPTV_Carnegie_Report_Ep._39_-_Auctions___opens_are_back,25,3,Popularity among two-bedroom villas correlates with long-term value appreciation.,77_Green_Building_with_Tommy_Linstroth,7,6,Companies that optimize operations while benefiting the environment will achieve long-term success.,2,1,0.95,"{
  ""entailment_score"": 1,
  ""confidence"": 0.95
}"
business|GPTV_Carnegie_Report_Ep._39_-_Auctions___opens_are_back|25|3|0ab7985a5dbef5a5|1,business|GPTV_Carnegie_Report_Ep._39_-_Auctions___opens_are_back|25|3|0ab7985a5dbef5a5,business,GPTV_Carnegie_Report_Ep._39_-_Auctions___opens_are_back,25,3,Popularity among two-bedroom villas correlates with long-term value appreciation.,77_Green_Building_with_Tommy_Linstroth,11,8,Environmental claims require long-term integrity to remain credible.,2,1,0.8,"{
  ""entailment_score"": 1,
  ""confidence"": 0.8
}"
business|GPTV_Carnegie_Report_Ep._39_-_Auctions___opens_are_back|25|3|0ab7985a5dbef5a5|2,business|GPTV_Carnegie_Report_Ep._39_-_Auctions___opens_are_back|25|3|0ab7985a5dbef5a5,business,GPTV_Carnegie_Report_Ep._39_-_Auctions___opens_are_back,25,3,Popularity among two-bedroom villas correlates with long-term value appreciation.,77_Green_Building_with_Tommy_Linstroth,16,0,Commissioning benefits everyone in the long term.,2,1,0.8,"{
  ""entailment_score"": 1,
  ""confidence"": 0.8
}"
business|GPTV_Carnegie_Report_Ep._39_-_Auctions___opens_are_back|25|3|0ab7985a5dbef5a5|3,business|GPTV_Carnegie_Report_Ep._39_-_Auctions___opens_are_back|25|3|0ab7985a5dbef5a5,business,GPTV_Carnegie_Report_Ep._39_-_Auctions___opens_are_back,25,3,Popularity among two-bedroom villas correlates with long-term value appreciation.,77_Green_Building_with_Tommy_Linstroth,16,3,Commissioning provides long-term legal benefits for all parties involved.,2,1,0.8,"{
  ""entailment_score"": 1,
  ""confidence"": 0.8
}"
sports|Episode_006__Hassan_Azad|9|4|37c3e8bcf9cb447d|0,sports|Episode_006__Hassan_Azad|9|4|37c3e8bcf9cb447d,sports,Episode_006__Hassan_Azad,9,4,Competing against more experienced players accelerates skill acquisition and maturity.,Catchup_With_Derek_Ure_-_East_Stirlingshire,15,5,"In the past, players have experienced similar feelings of drawing after strong performance.",2,1,0.8,"{
  ""entailment_score"": 1,
  ""confidence"": 0.8
}"
political|75286|25|4|f88d5528d9fc9758|0,political|75286|25|4|f88d5528d9fc9758,political,75286,25,4,The speaker values personal involvement in official processes like confirmations.,71775,23,2,"The current speaker takes no personal credit for creating Jobs, Ohio.",2,1,0.8,"{
  ""entailment_score"": 1,
  ""confidence"": 0.8
}"
commentary|Aeternam___Al_Qassam___2020__Review_2|20|2|92721cf0a9f81725|0,commentary|Aeternam___Al_Qassam___2020__Review_2|20|2|92721cf0a9f81725,commentary,Aeternam___Al_Qassam___2020__Review_2,20,2,The speaker believes the listener will respond meaningfully to questions about song preference.,Episode_101_will_politicians_let_COVID-19_kill_the_arts_2,20,5,The speaker questions whether choirs will ever be able to perform together again.,3,1,0.85,"{
  ""entailment_score"": 1,
  ""confidence"": 0.85
}"
commentary|Aeternam___Al_Qassam___2020__Review_2|20|2|92721cf0a9f81725|1,commentary|Aeternam___Al_Qassam___2020__Review_2|20|2|92721cf0a9f81725,commentary,Aeternam___Al_Qassam___2020__Review_2,20,2,The speaker believes the listener will respond meaningfully to questions about song preference.,Episode_101_will_politicians_let_COVID-19_kill_the_arts_2,1,3,The speaker believes that nothing new has occurred recently.,2,3,0.7,"{
  ""entailment_score"": 3,
  ""confidence"": 0.7
}"
commentary|Aeternam___Al_Qassam___2020__Review_2|20|2|92721cf0a9f81725|2,commentary|Aeternam___Al_Qassam___2020__Review_2|20|2|92721cf0a9f81725,commentary,Aeternam___Al_Qassam___2020__Review_2,20,2,The speaker believes the listener will respond meaningfully to questions about song preference.,Episode_101_will_politicians_let_COVID-19_kill_the_arts_2,3,4,The speaker has not yet received any information about school reopening.,2,1,0.95,"{
  ""entailment_score"": 1,
  ""confidence"": 0.95
}"
commentary|Aeternam___Al_Qassam___2020__Review_2|20|2|92721cf0a9f81725|3,commentary|Aeternam___Al_Qassam___2020__Review_2|20|2|92721cf0a9f81725,commentary,Aeternam___Al_Qassam___2020__Review_2,20,2,The speaker believes the listener will respond meaningfully to questions about song preference.,Episode_101_will_politicians_let_COVID-19_kill_the_arts_2,6,3,The observation about increased criticism among those affected is surprising to the speaker.,2,1,0.8,"{
  ""entailment_score"": 1,
  ""confidence"": 0.8
}"
commentary|Aeternam___Al_Qassam___2020__Review_2|20|2|92721cf0a9f81725|4,commentary|Aeternam___Al_Qassam___2020__Review_2|20|2|92721cf0a9f81725,commentary,Aeternam___Al_Qassam___2020__Review_2,20,2,The speaker believes the listener will respond meaningfully to questions about song preference.,Episode_101_will_politicians_let_COVID-19_kill_the_arts_2,11,1,The speaker is about to begin discussing the topic of arts and COVID.,2,1,0.95,"{
  ""entailment_score"": 1,
  ""confidence"": 0.95
}"
commentary|Aeternam___Al_Qassam___2020__Review_2|20|2|92721cf0a9f81725|5,commentary|Aeternam___Al_Qassam___2020__Review_2|20|2|92721cf0a9f81725,commentary,Aeternam___Al_Qassam___2020__Review_2,20,2,The speaker believes the listener will respond meaningfully to questions about song preference.,Episode_101_will_politicians_let_COVID-19_kill_the_arts_2,20,1,There is doubt about whether live performances in venues like concert halls will resume.,2,1,0.95,"{
  ""entailment_score"": 1,
  ""confidence"": 0.95
}"
political|94313|77|1|3881bcbd34481025|0,political|94313|77|1|3881bcbd34481025,political,94313,77,1,The speaker expects the listener to recognize 'Nevada' as relevant within the current conversational context.,92376,2,3,The speaker was eager to speak with the listener due to concerns about perceptions of Asian American treatment.,2,1,0.8,"{
  ""entailment_score"": 1,
  ""confidence"": 0.8
}"
political|94313|77|1|3881bcbd34481025|1,political|94313|77|1|3881bcbd34481025,political,94313,77,1,The speaker expects the listener to recognize 'Nevada' as relevant within the current conversational context.,92376,6,7,The speaker wants the listener to reflect on the end of the Afghanistan conflict and future decision-making processes.,2,1,0.95,"{
  ""entailment_score"": 1,
  ""confidence"": 0.95
}"
business|Weighing_In_On_The_Stock_Market_2020|8|8|1bf48b40eceb7e05|0,business|Weighing_In_On_The_Stock_Market_2020|8|8|1bf48b40eceb7e05,business,Weighing_In_On_The_Stock_Market_2020,8,8,There is a shared understanding among listeners about what constitutes a 'sharp' drop or rise.,Episode_102-_Matt_Rosen_of_Splinterlands.io,2,5,I hope Matt will educate my listeners about the Steemit and Hive platforms.,2,1,0.95,"{
  ""entailment_score"": 1,
  ""confidence"": 0.95
}"
business|Weighing_In_On_The_Stock_Market_2020|8|8|1bf48b40eceb7e05|1,business|Weighing_In_On_The_Stock_Market_2020|8|8|1bf48b40eceb7e05,business,Weighing_In_On_The_Stock_Market_2020,8,8,There is a shared understanding among listeners about what constitutes a 'sharp' drop or rise.,Episode_102-_Matt_Rosen_of_Splinterlands.io,22,2,I am seeking clarification about what happened.,2,1,0.8,"{
  ""entailment_score"": 1,
  ""confidence"": 0.8
}"
business|353._George_Floyd|32|0|9fbdc152423338a3|0,business|353._George_Floyd|32|0|9fbdc152423338a3,business,353._George_Floyd,32,0,There exists a system capable of protection.,What_We_ve_Learned_Halfway_Through_2020,8,4,There exists at least one person (your buddy) who adapts to survive.,2,1,0.8,"{
  ""entailment_score"": 1,
  ""confidence"": 0.8
}"
business|353._George_Floyd|32|0|9fbdc152423338a3|1,business|353._George_Floyd|32|0|9fbdc152423338a3,business,353._George_Floyd,32,0,There exists a system capable of protection.,What_We_ve_Learned_Halfway_Through_2020,26,0,There exists a portfolio that the listener forgot to ask the speaker about.,2,1,0.8,"{
  ""entailment_score"": 1,
  ""confidence"": 0.8
}"
business|Uncovering_Powerful_Leadership_Capabilities_From_Within_-_Nigel_Stevens_-_Organic_Growth_Marketing|17|4|102b837c76dda4be|0,business|Uncovering_Powerful_Leadership_Capabilities_From_Within_-_Nigel_Stevens_-_Organic_Growth_Marketing|17|4|102b837c76dda4be,business,Uncovering_Powerful_Leadership_Capabilities_From_Within_-_Nigel_Stevens_-_Organic_Growth_Marketing,17,4,Non-standard business practices can build trust and credibility.,Communication_Superpowers,29,4,Losing notes can disrupt delivery and undermine credibility.,2,3,0.7,"{
  ""entailment_score"": 3,
  ""confidence"": 0.7
}"
business|Uncovering_Powerful_Leadership_Capabilities_From_Within_-_Nigel_Stevens_-_Organic_Growth_Marketing|17|4|102b837c76dda4be|1,business|Uncovering_Powerful_Leadership_Capabilities_From_Within_-_Nigel_Stevens_-_Organic_Growth_Marketing|17|4|102b837c76dda4be,business,Uncovering_Powerful_Leadership_Capabilities_From_Within_-_Nigel_Stevens_-_Organic_Growth_Marketing,17,4,Non-standard business practices can build trust and credibility.,Communication_Superpowers,47,6,Starting with topics the individual is very comfortable with can help build confidence gradually.,2,5,0.8,"{
  ""entailment_score"": 5,
  ""confidence"": 0.8
}"
business|HOW_TO_STAY_SHARP_IN_LOCKDOWN...2K20|27|1|a56ead18a4945654|0,business|HOW_TO_STAY_SHARP_IN_LOCKDOWN...2K20|27|1|a56ead18a4945654,business,HOW_TO_STAY_SHARP_IN_LOCKDOWN...2K20,27,1,The speaker believes that labeling does not affect the underlying reality of the thing being named.,Transferable_Skills__Med_Sales_to_Tech_Sales,17,0,The speaker does not have a medical degree or physician status.,3,3,0.7,"{
  ""entailment_score"": 3,
  ""confidence"": 0.7
}"
business|HOW_TO_STAY_SHARP_IN_LOCKDOWN...2K20|27|1|a56ead18a4945654|1,business|HOW_TO_STAY_SHARP_IN_LOCKDOWN...2K20|27|1|a56ead18a4945654,business,HOW_TO_STAY_SHARP_IN_LOCKDOWN...2K20,27,1,The speaker believes that labeling does not affect the underlying reality of the thing being named.,Transferable_Skills__Med_Sales_to_Tech_Sales,40,0,The speaker believes they have reached the final stage of questioning.,2,1,0.8,"{
  ""entailment_score"": 1,
  ""confidence"": 0.8
}"
religion|1_Timothy_3_1-7|19|1|115804f31165daee|0,religion|1_Timothy_3_1-7|19|1|115804f31165daee,religion,1_Timothy_3_1-7,19,1,Pastoral eligibility should consider personal life circumstances rather than rigid moral judgments.,Tithing_Is_It_For_Today,2,9,Free will offerings were distinct from tithes and were motivated by heartfelt generosity rather than legal obligation.,2,1,0.8,"{
  ""entailment_score"": 1,
  ""confidence"": 0.8
}"
business|Manic_Memoirs_with_Kasey_Woods|30|2|119506d3e633b6b9|0,business|Manic_Memoirs_with_Kasey_Woods|30|2|119506d3e633b6b9,business,Manic_Memoirs_with_Kasey_Woods,30,2,The speaker values empathy and seeks to understand the listener's emotional or situational state.,S01E06_Take_5_McCartan_Lettings_-_learning_in_lockdown_with_Hannah_McCartan,17,2,The speaker had a positive experience interacting with the listener.,2,3,0.7,"{
  ""entailment_score"": 3,
  ""confidence"": 0.7
}"
business|Getting_Creative_With_Your_Services_With_Lauren_Golden|19|6|09b0cd08a331a337|0,business|Getting_Creative_With_Your_Services_With_Lauren_Golden|19|6|09b0cd08a331a337,business,Getting_Creative_With_Your_Services_With_Lauren_Golden,19,6,Social media interactions can organically generate professional opportunities through trust and visibility.,How_Does_the_Private_Business_Manage_Its_Message,7,1,"Communication occurs both in physical (analog) and digital spaces, especially via social media.",2,5,0.8,"{
  ""entailment_score"": 5,
  ""confidence"": 0.8
}"
business|Getting_Creative_With_Your_Services_With_Lauren_Golden|19|6|09b0cd08a331a337|1,business|Getting_Creative_With_Your_Services_With_Lauren_Golden|19|6|09b0cd08a331a337,business,Getting_Creative_With_Your_Services_With_Lauren_Golden,19,6,Social media interactions can organically generate professional opportunities through trust and visibility.,How_Does_the_Private_Business_Manage_Its_Message,21,6,Ideal customer profiles can be defined through core characteristics.,2,5,0.8,"{
  ""entailment_score"": 5,
  ""confidence"": 0.8
}"
business|The_Spy_s_Son_Who_Became_Superman_s_Enemy_with_Ralph_Lister|10|2|339545afaf1ce8e0|0,business|The_Spy_s_Son_Who_Became_Superman_s_Enemy_with_Ralph_Lister|10|2|339545afaf1ce8e0,business,The_Spy_s_Son_Who_Became_Superman_s_Enemy_with_Ralph_Lister,10,2,There exists a correct or adequate answer to the question.,Ep._6__Project_Management___Investment_Planning_in_Asset_Management_with_Chris_Klos_of_the_City_of_Winnipeg,24,4,My answer to that question remains valid over time.,2,5,0.8,"{
  ""entailment_score"": 5,
  ""confidence"": 0.8
}"
political|45566|58|2|51e4a834caa69a4b|0,political|45566|58|2|51e4a834caa69a4b,political,45566,58,2,The existence of a consistent policy over time reflects credibility and integrity.,51085,38,3,The gap between stated policy ideals and real-world execution has grown increasingly absurd over time.,3,3,0.7,"{
  ""entailment_score"": 3,
  ""confidence"": 0.7
}"
business|Ticketing_and_IT_at_G2_With_Garrett_Cook|8|0|52d5c5257a332cbb|0,business|Ticketing_and_IT_at_G2_With_Garrett_Cook|8|0|52d5c5257a332cbb,business,Ticketing_and_IT_at_G2_With_Garrett_Cook,8,0,A positive emotional state in one's professional life reflects well on one's work experience.,Episode_7_-_Martin_Slowey_-_understanding_social_media_for_the_small_to_medium_size_B2B_business__the_rich_is_in_the_niche__building_the_right_relationships_and,27,5,This approach builds one’s professional network.,2,3,0.7,"{
  ""entailment_score"": 3,
  ""confidence"": 0.7
}"
business|Ticketing_and_IT_at_G2_With_Garrett_Cook|8|0|52d5c5257a332cbb|1,business|Ticketing_and_IT_at_G2_With_Garrett_Cook|8|0|52d5c5257a332cbb,business,Ticketing_and_IT_at_G2_With_Garrett_Cook,8,0,A positive emotional state in one's professional life reflects well on one's work experience.,Episode_7_-_Martin_Slowey_-_understanding_social_media_for_the_small_to_medium_size_B2B_business__the_rich_is_in_the_niche__building_the_right_relationships_and,39,4,Jeff Blunt's work on Sales EQ and emotional intelligence is part of my current focus.,2,5,0.75,"{
  ""entailment_score"": 5,
  ""confidence"": 0.75
}"
business|Episode_47__Jenkins_Software_Delivery_Automation_and_Management_with_Tracy_Miranda__Director_of_Open_Source_Community_CloudBees|6|2|a8c1ff48e4d1feeb|0,business|Episode_47__Jenkins_Software_Delivery_Automation_and_Management_with_Tracy_Miranda__Director_of_Open_Source_Community_CloudBees|6|2|a8c1ff48e4d1feeb,business,Episode_47__Jenkins_Software_Delivery_Automation_and_Management_with_Tracy_Miranda__Director_of_Open_Source_Community_CloudBees,6,2,The speaker believes that identifying top revenue-generating products and high-potential growth projects is valuable information.,Communication__How_to_Connect_with_Anyone_with_Gill_Hasson,29,2,The speaker shares information about 'leakage' as a concept.,2,1,0.85,"{
  ""entailment_score"": 1,
  ""confidence"": 0.85
}"
business|Episode_3_-_Relays__Capacitance_Filament__and_Suitcase_Prop|9|3|d68ccb86336e64a0|0,business|Episode_3_-_Relays__Capacitance_Filament__and_Suitcase_Prop|9|3|d68ccb86336e64a0,business,Episode_3_-_Relays__Capacitance_Filament__and_Suitcase_Prop,9,3,Change in usage implies intentional discontinuation rather than accidental or temporary cessation.,303_Savings__Debt___Modern_Monetary_Theory_with_Hilliard_MacBeth,3,2,A residual savings rate of 1% or 2% implies that individuals are spending more than they earn.,2,1,0.8,"{
  ""entailment_score"": 1,
  ""confidence"": 0.8
}"
business|Episode_3_-_Relays__Capacitance_Filament__and_Suitcase_Prop|9|3|d68ccb86336e64a0|1,business|Episode_3_-_Relays__Capacitance_Filament__and_Suitcase_Prop|9|3|d68ccb86336e64a0,business,Episode_3_-_Relays__Capacitance_Filament__and_Suitcase_Prop,9,3,Change in usage implies intentional discontinuation rather than accidental or temporary cessation.,303_Savings__Debt___Modern_Monetary_Theory_with_Hilliard_MacBeth,15,4,"Some of the money injected by the government was hoarded rather than spent, reducing its effectiveness.",2,1,0.8,"{
  ""entailment_score"": 1,
  ""confidence"": 0.8
}"
political|83835|8|0|3265f2e66dcea311|0,political|83835|8|0|3265f2e66dcea311,political,83835,8,0,Future fulfillment depends on agency and personal reinvention rather than past outcomes.,70775,43,2,Regulations are often designed for larger educational institutions rather than smaller ones.,2,1,0.95,"{
  ""entailment_score"": 1,
  ""confidence"": 0.95
}"
political|83835|8|0|3265f2e66dcea311|1,political|83835|8|0|3265f2e66dcea311,political,83835,8,0,Future fulfillment depends on agency and personal reinvention rather than past outcomes.,70775,51,2,Current outcomes are significantly better than expected.,2,1,0.8,"{
  ""entailment_score"": 1,
  ""confidence"": 0.8
}"
political|83835|8|0|3265f2e66dcea311|2,political|83835|8|0|3265f2e66dcea311,political,83835,8,0,Future fulfillment depends on agency and personal reinvention rather than past outcomes.,70775,81,3,The speaker’s strategy of making friends rather than political allies resulted in deeper and longer-lasting relationships in the legislature.,2,5,0.8,"{
  ""entailment_score"": 5,
  ""confidence"": 0.8
}"
commentary|21._A_Discussion_on_Institutionalized_Racism___A_Plan_To_Solve_It|23|0|4853fb8446e835e0|0,commentary|21._A_Discussion_on_Institutionalized_Racism___A_Plan_To_Solve_It|23|0|4853fb8446e835e0,commentary,21._A_Discussion_on_Institutionalized_Racism___A_Plan_To_Solve_It,23,0,African Americans need hope during the current situation.,How_will_India-China_relations_progress_after_the_Galwan_Valley_incident,3,0,These peace and tranquility measures have collapsed in the current situation.,2,1,0.8,"{
  ""entailment_score"": 1,
  ""confidence"": 0.8
}"
commentary|21._A_Discussion_on_Institutionalized_Racism___A_Plan_To_Solve_It|23|0|4853fb8446e835e0|1,commentary|21._A_Discussion_on_Institutionalized_Racism___A_Plan_To_Solve_It|23|0|4853fb8446e835e0,commentary,21._A_Discussion_on_Institutionalized_Racism___A_Plan_To_Solve_It,23,0,African Americans need hope during the current situation.,How_will_India-China_relations_progress_after_the_Galwan_Valley_incident,8,3,There are realistic options available to India for addressing the current situation.,2,1,0.95,"{
  ""entailment_score"": 1,
  ""confidence"": 0.95
}"
commentary|21._A_Discussion_on_Institutionalized_Racism___A_Plan_To_Solve_It|23|0|4853fb8446e835e0|2,commentary|21._A_Discussion_on_Institutionalized_Racism___A_Plan_To_Solve_It|23|0|4853fb8446e835e0,commentary,21._A_Discussion_on_Institutionalized_Racism___A_Plan_To_Solve_It,23,0,African Americans need hope during the current situation.,How_will_India-China_relations_progress_after_the_Galwan_Valley_incident,15,1,The current situation could have been avoided.,2,1,0.8,"{
  ""entailment_score"": 1,
  ""confidence"": 0.8
}"
commentary|21._A_Discussion_on_Institutionalized_Racism___A_Plan_To_Solve_It|23|0|4853fb8446e835e0|3,commentary|21._A_Discussion_on_Institutionalized_Racism___A_Plan_To_Solve_It|23|0|4853fb8446e835e0,commentary,21._A_Discussion_on_Institutionalized_Racism___A_Plan_To_Solve_It,23,0,African Americans need hope during the current situation.,How_will_India-China_relations_progress_after_the_Galwan_Valley_incident,18,1,The current situation follows a really terrible incident.,2,1,0.8,"{
  ""entailment_score"": 1,
  ""confidence"": 0.8
}"
business|004_The_Theory_Behind_Marketing_-_Buck_Wise|35|0|2a00ed291b55be1f|0,business|004_The_Theory_Behind_Marketing_-_Buck_Wise|35|0|2a00ed291b55be1f,business,004_The_Theory_Behind_Marketing_-_Buck_Wise,35,0,Personal branding is more effective than niche-specific branding for long-term visibility.,Investing_in_Property_via_Social_Media_with_Laura_Muse,4,2,This topic is more topical now than ever.,2,5,0.85,"{
  ""entailment_score"": 5,
  ""confidence"": 0.85
}"
business|004_The_Theory_Behind_Marketing_-_Buck_Wise|35|0|2a00ed291b55be1f|1,business|004_The_Theory_Behind_Marketing_-_Buck_Wise|35|0|2a00ed291b55be1f,business,004_The_Theory_Behind_Marketing_-_Buck_Wise,35,0,Personal branding is more effective than niche-specific branding for long-term visibility.,Investing_in_Property_via_Social_Media_with_Laura_Muse,23,6,My husband would estimate the time spent on exercise as significantly more than two hours.,2,1,0.85,"{
  ""entailment_score"": 1,
  ""confidence"": 0.85
}"
business|004_The_Theory_Behind_Marketing_-_Buck_Wise|35|0|2a00ed291b55be1f|2,business|004_The_Theory_Behind_Marketing_-_Buck_Wise|35|0|2a00ed291b55be1f,business,004_The_Theory_Behind_Marketing_-_Buck_Wise,35,0,Personal branding is more effective than niche-specific branding for long-term visibility.,Investing_in_Property_via_Social_Media_with_Laura_Muse,25,8,Personal branding growth is possible during the current period.,2,5,0.8,"{
  ""entailment_score"": 5,
  ""confidence"": 0.8
}"
business|004_The_Theory_Behind_Marketing_-_Buck_Wise|35|0|2a00ed291b55be1f|3,business|004_The_Theory_Behind_Marketing_-_Buck_Wise|35|0|2a00ed291b55be1f,business,004_The_Theory_Behind_Marketing_-_Buck_Wise,35,0,Personal branding is more effective than niche-specific branding for long-term visibility.,Investing_in_Property_via_Social_Media_with_Laura_Muse,39,5,"Investor relationships are long-term, with some investors having worked with them since the beginning.",2,1,0.85,"{
  ""entailment_score"": 1,
  ""confidence"": 0.85
}"
business|004_The_Theory_Behind_Marketing_-_Buck_Wise|35|0|2a00ed291b55be1f|4,business|004_The_Theory_Behind_Marketing_-_Buck_Wise|35|0|2a00ed291b55be1f,business,004_The_Theory_Behind_Marketing_-_Buck_Wise,35,0,Personal branding is more effective than niche-specific branding for long-term visibility.,Investing_in_Property_via_Social_Media_with_Laura_Muse,46,4,Social media is more relevant than ever for businesses.,2,5,0.8,"{
  ""entailment_score"": 5,
  ""confidence"": 0.8
}"
business|Successful_Michigan_Investor_Explodes_Business_By_Getting_Uncomfortable|5|7|f518e30caf848a87|0,business|Successful_Michigan_Investor_Explodes_Business_By_Getting_Uncomfortable|5|7|f518e30caf848a87,business,Successful_Michigan_Investor_Explodes_Business_By_Getting_Uncomfortable,5,7,"The speaker believes that certain materials (e.g., pre-mixed paint) are inherently more acceptable than others due to logistical simplicity.",Illinois__New_Biometrics_Law__What_It_Means_for_Facilities,9,8,The speaker believes their explanation made the complex legal concepts understandable to non-experts.,2,1,0.8,"{
  ""entailment_score"": 1,
  ""confidence"": 0.8
}"
business|Ep._33_-_How__FREE__Can_Hurt_Your_Business_-_Christian_and_Reece|24|1|1eda108a45fde3b6|0,business|Ep._33_-_How__FREE__Can_Hurt_Your_Business_-_Christian_and_Reece|24|1|1eda108a45fde3b6,business,Ep._33_-_How__FREE__Can_Hurt_Your_Business_-_Christian_and_Reece,24,1,Brand perception is shaped by cumulative interactions rather than isolated instances.,Master_Your_Marketing_with_Rand_Fishkin,8,3,Market shifts create new opportunities rather than just challenges.,2,3,0.7,"{
  ""entailment_score"": 3,
  ""confidence"": 0.7
}"
business|Ep._33_-_How__FREE__Can_Hurt_Your_Business_-_Christian_and_Reece|24|1|1eda108a45fde3b6|1,business|Ep._33_-_How__FREE__Can_Hurt_Your_Business_-_Christian_and_Reece|24|1|1eda108a45fde3b6,business,Ep._33_-_How__FREE__Can_Hurt_Your_Business_-_Christian_and_Reece,24,1,Brand perception is shaped by cumulative interactions rather than isolated instances.,Master_Your_Marketing_with_Rand_Fishkin,12,6,Consumers increasingly discover properties through digital platforms rather than direct outreach.,2,9,0.95,"{
  ""entailment_score"": 9,
  ""confidence"": 0.95
}"
business|Ep._33_-_How__FREE__Can_Hurt_Your_Business_-_Christian_and_Reece|24|1|1eda108a45fde3b6|2,business|Ep._33_-_How__FREE__Can_Hurt_Your_Business_-_Christian_and_Reece|24|1|1eda108a45fde3b6,business,Ep._33_-_How__FREE__Can_Hurt_Your_Business_-_Christian_and_Reece,24,1,Brand perception is shaped by cumulative interactions rather than isolated instances.,Master_Your_Marketing_with_Rand_Fishkin,22,2,A person with a website recommending things is more personal and unique than typical interactions.,2,3,0.8,"{
  ""entailment_score"": 3,
  ""confidence"": 0.8
}"
business|Meet_Dawn_Clifford_from_No_Udder|17|0|a63476df1b0fb4d1|0,business|Meet_Dawn_Clifford_from_No_Udder|17|0|a63476df1b0fb4d1,business,Meet_Dawn_Clifford_from_No_Udder,17,0,Vegan individuals should avoid animal-based products like dairy.,Get_Out_of_My_Office__with_Evan_Woolsoncroft,10,6,It is valuable to identify individuals connected through personal networks like churches or clubs.,2,1,0.95,"{
  ""entailment_score"": 1,
  ""confidence"": 0.95
}"
political|71754|16|0|875089d592e13b85|0,political|71754|16|0|875089d592e13b85,political,71754,16,0,The speaker trusts the accuracy of the claim about job creation under Trump's America First policy.,49431,2,3,"The speaker is asking the listener about their personal observations during a visit to Las Vegas, New Mexico.",2,1,0.95,"{
  ""entailment_score"": 1,
  ""confidence"": 0.95
}"
political|77697|4|4|768118bf050db007|0,political|77697|4|4|768118bf050db007,political,77697,4,4,The speaker trusts their own recollection of the timeline.,75306,88,0,The speaker acknowledges their own privilege.,2,1,0.95,"{
  ""entailment_score"": 1,
  ""confidence"": 0.95
}"
business|BCF_191__Use_Video_to_Get_Investors__with_Brandon_Lucero|6|4|7bbcde73cf79c9c0|0,business|BCF_191__Use_Video_to_Get_Investors__with_Brandon_Lucero|6|4|7bbcde73cf79c9c0,business,BCF_191__Use_Video_to_Get_Investors__with_Brandon_Lucero,6,4,There exists a measurable relationship between self-identified core values and content preference.,3__Everything___Opportunity_-_Siegel_Capital_Presents__The_Daily_Cash_Flow_with_Peter_Siegel,18,1,There is some overlap between the two things being discussed.,2,3,0.7,"{
  ""entailment_score"": 3,
  ""confidence"": 0.7
}"
political|84223|2|0|2986ab84f2ce7fb5|0,political|84223|2|0|2986ab84f2ce7fb5,political,84223,2,0,The listener has some awareness or understanding of fiscal matters related to government spending.,72651,0,2,Some aspects of contemporary society are beyond what the speaker and listener could have imagined a few years ago.,2,3,0.8,"{
  ""entailment_score"": 3,
  ""confidence"": 0.8
}"
political|84223|2|0|2986ab84f2ce7fb5|1,political|84223|2|0|2986ab84f2ce7fb5,political,84223,2,0,The listener has some awareness or understanding of fiscal matters related to government spending.,72651,4,8,The speaker has engaged in private conversations with colleagues about dire concerns related to national security and future risks.,2,1,0.95,"{
  ""entailment_score"": 1,
  ""confidence"": 0.95
}"
business|How_to_Recession-Proof_your_Firm_during_COVID-19_and_Beyond_with_Ron_Saharyan|45|0|81409d08055d0624|0,business|How_to_Recession-Proof_your_Firm_during_COVID-19_and_Beyond_with_Ron_Saharyan|45|0|81409d08055d0624,business,How_to_Recession-Proof_your_Firm_during_COVID-19_and_Beyond_with_Ron_Saharyan,45,0,There is a limited pool of financial aid available.,Paying_Bills_VS_Employees,0,8,There is uncertainty about how to establish priority order for payments under non-standard financial conditions.,2,9,0.95,"{
  ""entailment_score"": 9,
  ""confidence"": 0.95
}"
business|How_to_Recession-Proof_your_Firm_during_COVID-19_and_Beyond_with_Ron_Saharyan|45|0|81409d08055d0624|1,business|How_to_Recession-Proof_your_Firm_during_COVID-19_and_Beyond_with_Ron_Saharyan|45|0|81409d08055d0624,business,How_to_Recession-Proof_your_Firm_during_COVID-19_and_Beyond_with_Ron_Saharyan,45,0,There is a limited pool of financial aid available.,Paying_Bills_VS_Employees,2,1,There is a link available below the video.,2,1,0.8,"{
  ""entailment_score"": 1,
  ""confidence"": 0.8
}"
business|Giving_and_Receiving_Feedback_with_Clint_Clarkson___20|15|9|1014548c08b3634b|0,business|Giving_and_Receiving_Feedback_with_Clint_Clarkson___20|15|9|1014548c08b3634b,business,Giving_and_Receiving_Feedback_with_Clint_Clarkson___20,15,9,Feedback should be judged based on its merits rather than the relationship with the giver.,Not_the__New_Normal,13,6,Businesses should focus on understanding their specific local markets rather than global trends.,3,1,0.85,"{
  ""entailment_score"": 1,
  ""confidence"": 0.85
}"
business|Giving_and_Receiving_Feedback_with_Clint_Clarkson___20|15|9|1014548c08b3634b|1,business|Giving_and_Receiving_Feedback_with_Clint_Clarkson___20|15|9|1014548c08b3634b,business,Giving_and_Receiving_Feedback_with_Clint_Clarkson___20,15,9,Feedback should be judged based on its merits rather than the relationship with the giver.,Not_the__New_Normal,16,0,Change occurs gradually rather than abruptly.,2,1,0.8,"{
  ""entailment_score"": 1,
  ""confidence"": 0.8
}"
business|Giving_and_Receiving_Feedback_with_Clint_Clarkson___20|15|9|1014548c08b3634b|2,business|Giving_and_Receiving_Feedback_with_Clint_Clarkson___20|15|9|1014548c08b3634b,business,Giving_and_Receiving_Feedback_with_Clint_Clarkson___20,15,9,Feedback should be judged based on its merits rather than the relationship with the giver.,Not_the__New_Normal,33,5,Personalized communication asking for feedback is more effective than generic outreach.,2,3,0.8,"{
  ""entailment_score"": 3,
  ""confidence"": 0.8
}"
commentary|Bonus__The__We_Didn_t_Start_the_Fire__Music_Video|75|0|80f06907789f8bd8|0,commentary|Bonus__The__We_Didn_t_Start_the_Fire__Music_Video|75|0|80f06907789f8bd8,commentary,Bonus__The__We_Didn_t_Start_the_Fire__Music_Video,75,0,The speaker believes interaction has discrete temporal moments.,Jocelyn_Hansen_in_Canada,5,8,The speaker believes the country as a whole is doing 'really well' with regard to managing the pandemic.,2,1,0.85,"{
  ""entailment_score"": 1,
  ""confidence"": 0.85
}"
business|1_Building_a_Multifamily_Investing_Empire_with_Darin_Batchelder|23|0|8375ae66676aae91|0,business|1_Building_a_Multifamily_Investing_Empire_with_Darin_Batchelder|23|0|8375ae66676aae91,business,1_Building_a_Multifamily_Investing_Empire_with_Darin_Batchelder,23,0,Individuals without capital can still become involved in real estate syndications through networking.,85__How_is_Toronto_Real_Estate_Hot_With_Unemployment_at_14,0,0,This audio stream is a podcast focused on real estate in Toronto.,2,1,0.95,"{
  ""entailment_score"": 1,
  ""confidence"": 0.95
}"
business|1_Building_a_Multifamily_Investing_Empire_with_Darin_Batchelder|23|0|8375ae66676aae91|1,business|1_Building_a_Multifamily_Investing_Empire_with_Darin_Batchelder|23|0|8375ae66676aae91,business,1_Building_a_Multifamily_Investing_Empire_with_Darin_Batchelder,23,0,Individuals without capital can still become involved in real estate syndications through networking.,85__How_is_Toronto_Real_Estate_Hot_With_Unemployment_at_14,0,3,Bradley Watson is a licensed real estate broker.,2,1,0.95,"{
  ""entailment_score"": 1,
  ""confidence"": 0.95
}"
business|1_Building_a_Multifamily_Investing_Empire_with_Darin_Batchelder|23|0|8375ae66676aae91|2,business|1_Building_a_Multifamily_Investing_Empire_with_Darin_Batchelder|23|0|8375ae66676aae91,business,1_Building_a_Multifamily_Investing_Empire_with_Darin_Batchelder,23,0,Individuals without capital can still become involved in real estate syndications through networking.,85__How_is_Toronto_Real_Estate_Hot_With_Unemployment_at_14,0,4,Bradley Watson is an active real estate investor.,2,1,0.8,"{
  ""entailment_score"": 1,
  ""confidence"": 0.8
}"
business|1_Building_a_Multifamily_Investing_Empire_with_Darin_Batchelder|23|0|8375ae66676aae91|3,business|1_Building_a_Multifamily_Investing_Empire_with_Darin_Batchelder|23|0|8375ae66676aae91,business,1_Building_a_Multifamily_Investing_Empire_with_Darin_Batchelder,23,0,Individuals without capital can still become involved in real estate syndications through networking.,85__How_is_Toronto_Real_Estate_Hot_With_Unemployment_at_14,0,5,The podcast is ranked as the top real estate podcast in Toronto.,2,1,0.95,"{
  ""entailment_score"": 1,
  ""confidence"": 0.95
}"
business|1_Building_a_Multifamily_Investing_Empire_with_Darin_Batchelder|23|0|8375ae66676aae91|4,business|1_Building_a_Multifamily_Investing_Empire_with_Darin_Batchelder|23|0|8375ae66676aae91,business,1_Building_a_Multifamily_Investing_Empire_with_Darin_Batchelder,23,0,Individuals without capital can still become involved in real estate syndications through networking.,85__How_is_Toronto_Real_Estate_Hot_With_Unemployment_at_14,0,7,Watson Estates is described as the most successful local real estate investing company.,2,1,0.95,"{
  ""entailment_score"": 1,
  ""confidence"": 0.95
}"
business|1_Building_a_Multifamily_Investing_Empire_with_Darin_Batchelder|23|0|8375ae66676aae91|5,business|1_Building_a_Multifamily_Investing_Empire_with_Darin_Batchelder|23|0|8375ae66676aae91,business,1_Building_a_Multifamily_Investing_Empire_with_Darin_Batchelder,23,0,Individuals without capital can still become involved in real estate syndications through networking.,85__How_is_Toronto_Real_Estate_Hot_With_Unemployment_at_14,0,9,Real estate investing success begins at Watson Estates.,2,1,0.8,"{
  ""entailment_score"": 1,
  ""confidence"": 0.8
}"
business|1_Building_a_Multifamily_Investing_Empire_with_Darin_Batchelder|23|0|8375ae66676aae91|6,business|1_Building_a_Multifamily_Investing_Empire_with_Darin_Batchelder|23|0|8375ae66676aae91,business,1_Building_a_Multifamily_Investing_Empire_with_Darin_Batchelder,23,0,Individuals without capital can still become involved in real estate syndications through networking.,85__How_is_Toronto_Real_Estate_Hot_With_Unemployment_at_14,1,0,Toronto real estate remains strong despite a 14% unemployment rate.,2,1,0.8,"{
  ""entailment_score"": 1,
  ""confidence"": 0.8
}"
business|1_Building_a_Multifamily_Investing_Empire_with_Darin_Batchelder|23|0|8375ae66676aae91|7,business|1_Building_a_Multifamily_Investing_Empire_with_Darin_Batchelder|23|0|8375ae66676aae91,business,1_Building_a_Multifamily_Investing_Empire_with_Darin_Batchelder,23,0,Individuals without capital can still become involved in real estate syndications through networking.,85__How_is_Toronto_Real_Estate_Hot_With_Unemployment_at_14,1,5,Remote work trends are influencing real estate preferences toward suburban and outer GTA areas.,2,1,0.8,"{
  ""entailment_score"": 1,
  ""confidence"": 0.8
}"
business|Tory_Archbold__Founder_of_Powerful_Steps_and_Torstar|13|1|7c7f981a04d02a98|0,business|Tory_Archbold__Founder_of_Powerful_Steps_and_Torstar|13|1|7c7f981a04d02a98,business,Tory_Archbold__Founder_of_Powerful_Steps_and_Torstar,13,1,Tracking behavior requires adherence to principled standards rather than emotional or opportunistic motives.,22__Just_on_purpose,31,1,I was primarily involved in selling encyclopedias and book collections rather than individual books.,2,1,0.8,"{
  ""entailment_score"": 1,
  ""confidence"": 0.8
}"
business|Tory_Archbold__Founder_of_Powerful_Steps_and_Torstar|13|1|7c7f981a04d02a98|1,business|Tory_Archbold__Founder_of_Powerful_Steps_and_Torstar|13|1|7c7f981a04d02a98,business,Tory_Archbold__Founder_of_Powerful_Steps_and_Torstar,13,1,Tracking behavior requires adherence to principled standards rather than emotional or opportunistic motives.,22__Just_on_purpose,63,1,Many people live according to external expectations rather than their authentic selves.,2,9,0.95,"{
  ""entailment_score"": 9,
  ""confidence"": 0.95
}"
business|From_Advertising_Agency_to_Entrepreneur_with_Lynn_Power|6|0|375152927abcc7fb|0,business|From_Advertising_Agency_to_Entrepreneur_with_Lynn_Power|6|0|375152927abcc7fb,business,From_Advertising_Agency_to_Entrepreneur_with_Lynn_Power,6,0,The listener’s initial role as a receptionist was part of a larger professional journey within the same organization or industry.,Courier_Daily_-_Thursday_14_May_2,6,1,The speaker considers 'that' to be part of the initial phase of the group's DDC activities.,2,1,0.8,"{
  ""entailment_score"": 1,
  ""confidence"": 0.8
}"
business|From_Advertising_Agency_to_Entrepreneur_with_Lynn_Power|6|0|375152927abcc7fb|1,business|From_Advertising_Agency_to_Entrepreneur_with_Lynn_Power|6|0|375152927abcc7fb,business,From_Advertising_Agency_to_Entrepreneur_with_Lynn_Power,6,0,The listener’s initial role as a receptionist was part of a larger professional journey within the same organization or industry.,Courier_Daily_-_Thursday_14_May_2,11,4,"In cloud grocers, the delivery person’s role is limited to picking up pre-packed bags rather than performing the initial item selection.",2,1,0.95,"{
  ""entailment_score"": 1,
  ""confidence"": 0.95
}"
political|72029|1|2|15af74c968ad3ca0|0,political|72029|1|2|15af74c968ad3ca0,political,72029,1,2,Public funds should not be used to reward executives who fail to meet basic standards of service delivery.,79405,9,5,Everyone should have access to basic digital tools to succeed in their local communities.,2,3,0.7,"{
  ""entailment_score"": 3,
  ""confidence"": 0.7
}"
political|72029|1|2|15af74c968ad3ca0|1,political|72029|1|2|15af74c968ad3ca0,political,72029,1,2,Public funds should not be used to reward executives who fail to meet basic standards of service delivery.,79405,21,5,America should not remain indifferent to a famine of massive scale.,2,1,0.95,"{
  ""entailment_score"": 1,
  ""confidence"": 0.95
}"
political|72029|1|2|15af74c968ad3ca0|2,political|72029|1|2|15af74c968ad3ca0,political,72029,1,2,Public funds should not be used to reward executives who fail to meet basic standards of service delivery.,79405,24,2,Donald Trump should not be the next president.,2,1,0.95,"{
  ""entailment_score"": 1,
  ""confidence"": 0.95
}"
political|72029|1|2|15af74c968ad3ca0|3,political|72029|1|2|15af74c968ad3ca0,political,72029,1,2,Public funds should not be used to reward executives who fail to meet basic standards of service delivery.,79405,25,5,"Resources saved from military intervention should be reinvested in free public college, AI, and infrastructure.",2,1,0.95,"{
  ""entailment_score"": 1,
  ""confidence"": 0.95
}"
political|72029|1|2|15af74c968ad3ca0|4,political|72029|1|2|15af74c968ad3ca0,political,72029,1,2,Public funds should not be used to reward executives who fail to meet basic standards of service delivery.,79405,25,7,"People in rural and communities of color should participate in producing the new economy, not just consume it.",2,1,0.95,"{
  ""entailment_score"": 1,
  ""confidence"": 0.95
}"
business|3_Simple_SEO_Tips_to_Attract_More_Clients|1|0|de92dbad3509dae3|0,business|3_Simple_SEO_Tips_to_Attract_More_Clients|1|0|de92dbad3509dae3,business,3_Simple_SEO_Tips_to_Attract_More_Clients,1,0,Online visibility is a critical component of business success in the current era.,26__Chasing_vs_Attracting_Business,2,3,Consistency is the primary factor in achieving success in business according to the speaker.,2,1,0.95,"{
  ""entailment_score"": 1,
  ""confidence"": 0.95
}"
business|281__David_Kendall_is_a_CEO___Attorney___Cyclist__podcast|19|1|acf0950baeb80a41|0,business|281__David_Kendall_is_a_CEO___Attorney___Cyclist__podcast|19|1|acf0950baeb80a41,business,281__David_Kendall_is_a_CEO___Attorney___Cyclist__podcast,19,1,The speaker intends to identify someone by name as part of their communication strategy.,The_Future_of_Health__How_to_make_illness_optional_-_CEO_Viome__Naveen_Jain,8,1,The speaker intends to visit a website to learn more.,2,1,0.8,"{
  ""entailment_score"": 1,
  ""confidence"": 0.8
}"
business|Interview_with_Dr._Anna_Garrett__hormone_expert_and_author_of_Perimenopause__The_Savvy_Sister_s_Guide_to_Hormone_Harmony|56|2|42ce45829f159757|0,business|Interview_with_Dr._Anna_Garrett__hormone_expert_and_author_of_Perimenopause__The_Savvy_Sister_s_Guide_to_Hormone_Harmony|56|2|42ce45829f159757,business,Interview_with_Dr._Anna_Garrett__hormone_expert_and_author_of_Perimenopause__The_Savvy_Sister_s_Guide_to_Hormone_Harmony,56,2,The speaker considers change to be measurable and attributable to specific events.,EP58_Ultimate_Success_w__Jenny_Harkleroad,0,4,"Jenny Harklewood is a bestselling author, speaker, and subconscious mind-change teacher.",2,5,0.8,"{
  ""entailment_score"": 5,
  ""confidence"": 0.8
}"
business|Understanding_Principles_of_Career_Transition_with_Harvard_Business_School_Alum_Pranav_Kothari|3|7|a64b9ebaffe0759f|0,business|Understanding_Principles_of_Career_Transition_with_Harvard_Business_School_Alum_Pranav_Kothari|3|7|a64b9ebaffe0759f,business,Understanding_Principles_of_Career_Transition_with_Harvard_Business_School_Alum_Pranav_Kothari,3,7,Advice from peers and mentors often reflects risk aversion rather than genuine alignment with individual values.,Louis_Lebbos_on_why_we_havent_yet_seen_a_superagency_in_the_region___supporting_local_entrepreneurs,56,4,The choice between types of investors is context-dependent rather than universally correct.,2,5,0.8,"{
  ""entailment_score"": 5,
  ""confidence"": 0.8
}"
political|90130|11|0|4d1f49abd0fa7f21|0,political|90130|11|0|4d1f49abd0fa7f21,political,90130,11,0,The speaker believes the audience remembers the earlier discussion about salaries.,81296,12,3,The speaker is initiating a discussion about the importance of CHIPS.,3,1,0.8,"{
  ""entailment_score"": 1,
  ""confidence"": 0.8
}"
political|90130|11|0|4d1f49abd0fa7f21|1,political|90130|11|0|4d1f49abd0fa7f21,political,90130,11,0,The speaker believes the audience remembers the earlier discussion about salaries.,81296,12,7,The speaker will begin by asking about the nature and significance of CHIPS.,2,1,0.8,"{
  ""entailment_score"": 1,
  ""confidence"": 0.8
}"
political|90130|11|0|4d1f49abd0fa7f21|2,political|90130|11|0|4d1f49abd0fa7f21,political,90130,11,0,The speaker believes the audience remembers the earlier discussion about salaries.,81296,14,3,The speaker recently saw a tweet about Analog Devices Inc. (ADI) in Beaverton having a billion-dollar expansion.,2,1,0.8,"{
  ""entailment_score"": 1,
  ""confidence"": 0.8
}"
political|90130|11|0|4d1f49abd0fa7f21|3,political|90130|11|0|4d1f49abd0fa7f21,political,90130,11,0,The speaker believes the audience remembers the earlier discussion about salaries.,81296,14,4,The speaker believes Oregon may see further developments related to semiconductor industry growth.,2,1,0.95,"{
  ""entailment_score"": 1,
  ""confidence"": 0.95
}"
political|90130|11|0|4d1f49abd0fa7f21|4,political|90130|11|0|4d1f49abd0fa7f21,political,90130,11,0,The speaker believes the audience remembers the earlier discussion about salaries.,81296,18,1,There is often discussion about the urban-rural divide in Oregon.,2,1,0.95,"{
  ""entailment_score"": 1,
  ""confidence"": 0.95
}"
political|90130|11|0|4d1f49abd0fa7f21|5,political|90130|11|0|4d1f49abd0fa7f21,political,90130,11,0,The speaker believes the audience remembers the earlier discussion about salaries.,81296,20,1,The speaker believes this initiative has potential long-term policy impact.,2,1,0.8,"{
  ""entailment_score"": 1,
  ""confidence"": 0.8
}"
political|90130|11|0|4d1f49abd0fa7f21|6,political|90130|11|0|4d1f49abd0fa7f21,political,90130,11,0,The speaker believes the audience remembers the earlier discussion about salaries.,81296,21,3,The speaker believes they will be viewed as a model.,2,1,0.8,"{
  ""entailment_score"": 1,
  ""confidence"": 0.8
}"
political|90130|11|0|4d1f49abd0fa7f21|7,political|90130|11|0|4d1f49abd0fa7f21,political,90130,11,0,The speaker believes the audience remembers the earlier discussion about salaries.,81296,26,4,The speaker believes the listener considers prescription drugs very important.,2,1,0.95,"{
  ""entailment_score"": 1,
  ""confidence"": 0.95
}"
political|90130|11|0|4d1f49abd0fa7f21|8,political|90130|11|0|4d1f49abd0fa7f21,political,90130,11,0,The speaker believes the audience remembers the earlier discussion about salaries.,81296,27,8,The speaker is proud to inform viewers about the progress of the bill.,2,1,0.8,"{
  ""entailment_score"": 1,
  ""confidence"": 0.8
}"
political|90130|11|0|4d1f49abd0fa7f21|9,political|90130|11|0|4d1f49abd0fa7f21,political,90130,11,0,The speaker believes the audience remembers the earlier discussion about salaries.,81296,29,1,The speaker believes that introducing term limits would not cause the collapse of Western civilization.,2,1,0.8,"{
  ""entailment_score"": 1,
  ""confidence"": 0.8
}"
political|90130|11|0|4d1f49abd0fa7f21|10,political|90130|11|0|4d1f49abd0fa7f21,political,90130,11,0,The speaker believes the audience remembers the earlier discussion about salaries.,81296,32,2,The speaker is raising a question about President Biden's age.,2,1,0.95,"{
  ""entailment_score"": 1,
  ""confidence"": 0.95
}"
political|90130|11|0|4d1f49abd0fa7f21|11,political|90130|11|0|4d1f49abd0fa7f21,political,90130,11,0,The speaker believes the audience remembers the earlier discussion about salaries.,81296,37,1,The speaker believes this policy constitutes a poor use of taxpayer funds.,2,1,0.8,"{
  ""entailment_score"": 1,
  ""confidence"": 0.8
}"
political|90130|11|0|4d1f49abd0fa7f21|12,political|90130|11|0|4d1f49abd0fa7f21,political,90130,11,0,The speaker believes the audience remembers the earlier discussion about salaries.,81296,40,0,The speaker is asking about a specific timeline.,2,1,0.95,"{
  ""entailment_score"": 1,
  ""confidence"": 0.95
}"
political|90130|11|0|4d1f49abd0fa7f21|13,political|90130|11|0|4d1f49abd0fa7f21,political,90130,11,0,The speaker believes the audience remembers the earlier discussion about salaries.,81296,44,3,The speaker believes they were fortunate that Scoot Henderson got injured.,2,1,0.8,"{
  ""entailment_score"": 1,
  ""confidence"": 0.8
}"
political|90130|11|0|4d1f49abd0fa7f21|14,political|90130|11|0|4d1f49abd0fa7f21,political,90130,11,0,The speaker believes the audience remembers the earlier discussion about salaries.,81296,46,3,The speaker has seen media reports about Phil Knight's interest in acquiring the team.,2,1,0.95,"{
  ""entailment_score"": 1,
  ""confidence"": 0.95
}"
political|50985|5|1|d506a61dce2e312c|0,political|50985|5|1|d506a61dce2e312c,political,50985,5,1,The speaker has reliable observational knowledge of how the hearing process operates.,78466,13,4,"This kind of review process has been conducted previously, including in 2016 and 2004.",2,5,0.8,"{
  ""entailment_score"": 5,
  ""confidence"": 0.8
}"
political|50985|5|1|d506a61dce2e312c|1,political|50985|5|1|d506a61dce2e312c,political,50985,5,1,The speaker has reliable observational knowledge of how the hearing process operates.,78466,15,0,"Illinois has a different process for handling absentee ballots compared to Pennsylvania, Georgia, Arizona, Michigan, and Wisconsin.",2,9,0.95,"{
  ""entailment_score"": 9,
  ""confidence"": 0.95
}"
political|50985|5|1|d506a61dce2e312c|2,political|50985|5|1|d506a61dce2e312c,political,50985,5,1,The speaker has reliable observational knowledge of how the hearing process operates.,78466,19,5,The speaker believes Florida now operates similarly to Illinois in terms of election procedures.,2,1,0.8,"{
  ""entailment_score"": 1,
  ""confidence"": 0.8
}"
business|Why_the_Road_to_Clear_Skin_Isnt_One-Size-Fits-All_with_Kayti_Oldham|42|3|a456831749f3cfff|0,business|Why_the_Road_to_Clear_Skin_Isnt_One-Size-Fits-All_with_Kayti_Oldham|42|3|a456831749f3cfff,business,Why_the_Road_to_Clear_Skin_Isnt_One-Size-Fits-All_with_Kayti_Oldham,42,3,The speaker and listener share a common understanding of spatial orientation ('in') related to the product.,The_Secret_to_a_Successful_Workplace_Wellbeing_Program_-_Brian_Crooke_-_Workplace_Wellbeing,4,0,The speaker believes the listener works from home.,2,3,0.8,"{
  ""entailment_score"": 3,
  ""confidence"": 0.8
}"
business|Why_the_Road_to_Clear_Skin_Isnt_One-Size-Fits-All_with_Kayti_Oldham|42|3|a456831749f3cfff|1,business|Why_the_Road_to_Clear_Skin_Isnt_One-Size-Fits-All_with_Kayti_Oldham|42|3|a456831749f3cfff,business,Why_the_Road_to_Clear_Skin_Isnt_One-Size-Fits-All_with_Kayti_Oldham,42,3,The speaker and listener share a common understanding of spatial orientation ('in') related to the product.,The_Secret_to_a_Successful_Workplace_Wellbeing_Program_-_Brian_Crooke_-_Workplace_Wellbeing,4,1,The speaker is confirming the listener's remote work status.,2,1,0.8,"{
  ""entailment_score"": 1,
  ""confidence"": 0.8
}"
business|Why_the_Road_to_Clear_Skin_Isnt_One-Size-Fits-All_with_Kayti_Oldham|42|3|a456831749f3cfff|2,business|Why_the_Road_to_Clear_Skin_Isnt_One-Size-Fits-All_with_Kayti_Oldham|42|3|a456831749f3cfff,business,Why_the_Road_to_Clear_Skin_Isnt_One-Size-Fits-All_with_Kayti_Oldham,42,3,The speaker and listener share a common understanding of spatial orientation ('in') related to the product.,The_Secret_to_a_Successful_Workplace_Wellbeing_Program_-_Brian_Crooke_-_Workplace_Wellbeing,8,0,The speaker is asking about the purpose behind someone else's work related to wellbeing.,2,1,0.8,"{
  ""entailment_score"": 1,
  ""confidence"": 0.8
}"
business|Why_the_Road_to_Clear_Skin_Isnt_One-Size-Fits-All_with_Kayti_Oldham|42|3|a456831749f3cfff|3,business|Why_the_Road_to_Clear_Skin_Isnt_One-Size-Fits-All_with_Kayti_Oldham|42|3|a456831749f3cfff,business,Why_the_Road_to_Clear_Skin_Isnt_One-Size-Fits-All_with_Kayti_Oldham,42,3,The speaker and listener share a common understanding of spatial orientation ('in') related to the product.,The_Secret_to_a_Successful_Workplace_Wellbeing_Program_-_Brian_Crooke_-_Workplace_Wellbeing,36,1,The speaker hopes the listener found the episode beneficial.,2,1,0.8,"{
  ""entailment_score"": 1,
  ""confidence"": 0.8
}"
business|Why_the_Road_to_Clear_Skin_Isnt_One-Size-Fits-All_with_Kayti_Oldham|42|3|a456831749f3cfff|4,business|Why_the_Road_to_Clear_Skin_Isnt_One-Size-Fits-All_with_Kayti_Oldham|42|3|a456831749f3cfff,business,Why_the_Road_to_Clear_Skin_Isnt_One-Size-Fits-All_with_Kayti_Oldham,42,3,The speaker and listener share a common understanding of spatial orientation ('in') related to the product.,The_Secret_to_a_Successful_Workplace_Wellbeing_Program_-_Brian_Crooke_-_Workplace_Wellbeing,36,7,The speaker appreciates the listener's attention throughout the episode.,2,1,0.8,"{
  ""entailment_score"": 1,
  ""confidence"": 0.8
}"
business|92__Leveraging_Your_Unique_Talents_to_Identify_Your_Individual_Sales_Voice__Build_Your_Leadership_Skills___Approach_Sales_with_Confidence|13|2|c004ae4b6f977407|0,business|92__Leveraging_Your_Unique_Talents_to_Identify_Your_Individual_Sales_Voice__Build_Your_Leadership_Skills___Approach_Sales_with_Confidence|13|2|c004ae4b6f977407,business,92__Leveraging_Your_Unique_Talents_to_Identify_Your_Individual_Sales_Voice__Build_Your_Leadership_Skills___Approach_Sales_with_Confidence,13,2,Confidence instability stems from uncertainty about personal value.,Episode_28_-_We_can._We_will._with_Krissy_Cela__TONE___SCULPT,28,1,Uncertainty about when normalcy will return causes anxiety.,2,1,0.85,"{
  ""entailment_score"": 1,
  ""confidence"": 0.85
}"
business|Karl_Bradford_on_COVID-19_vs_fund_managers|3|9|66a7823499d3e935|0,business|Karl_Bradford_on_COVID-19_vs_fund_managers|3|9|66a7823499d3e935,business,Karl_Bradford_on_COVID-19_vs_fund_managers,3,9,The pandemic has exposed weaknesses in current approaches to measuring social impact.,Maintaining_Your_Relationships_During_the_Lockdown,13,0,Work has become more intrusive in daily life due to current work scenarios.,2,5,0.8,"{
  ""entailment_score"": 5,
  ""confidence"": 0.8
}"
business|Breakfast_with_Sam_DeBianchi|14|8|06e80762631cc97a|0,business|Breakfast_with_Sam_DeBianchi|14|8|06e80762631cc97a,business,Breakfast_with_Sam_DeBianchi,14,8,New agents trust advice from experienced practitioners who have achieved visible success.,Lean_right_in__ft._Aaron_Gailmor_of_Brass_Roots,2,1,Some businesses have experienced disruptions in their supply chains.,2,1,0.85,"{
  ""entailment_score"": 1,
  ""confidence"": 0.85
}"
political|81020|7|7|2ddbfda71130b3d2|0,political|81020|7|7|2ddbfda71130b3d2,political,81020,7,7,Rewriting the tax code is feasible and should be prioritized over other policy initiatives.,72821,9,5,The proposed policy changes will lead to ongoing savings over time.,2,9,0.95,"{
  ""entailment_score"": 9,
  ""confidence"": 0.95
}"
business|Providing_Normalcy_is_Purpose_in_Today_s_Economy__says_Mainstreet_Bakery_s_Stacy_Demskie|3|4|c223b2185206f528|0,business|Providing_Normalcy_is_Purpose_in_Today_s_Economy__says_Mainstreet_Bakery_s_Stacy_Demskie|3|4|c223b2185206f528,business,Providing_Normalcy_is_Purpose_in_Today_s_Economy__says_Mainstreet_Bakery_s_Stacy_Demskie,3,4,The speaker has credibility and expertise in branding and strategic planning.,Secret_Strategies_To_Launch_The_Next_Great_Physical_Product_or_Service_with_Sharon_Brown_2,11,1,The speaker has launched over 200 physical products and services as an entrepreneur.,2,5,0.75,"{
  ""entailment_score"": 5,
  ""confidence"": 0.75
}"
business|Providing_Normalcy_is_Purpose_in_Today_s_Economy__says_Mainstreet_Bakery_s_Stacy_Demskie|3|4|c223b2185206f528|1,business|Providing_Normalcy_is_Purpose_in_Today_s_Economy__says_Mainstreet_Bakery_s_Stacy_Demskie|3|4|c223b2185206f528,business,Providing_Normalcy_is_Purpose_in_Today_s_Economy__says_Mainstreet_Bakery_s_Stacy_Demskie,3,4,The speaker has credibility and expertise in branding and strategic planning.,Secret_Strategies_To_Launch_The_Next_Great_Physical_Product_or_Service_with_Sharon_Brown_2,12,3,The speaker has personal experience with successful launches involving themselves.,2,5,0.8,"{
  ""entailment_score"": 5,
  ""confidence"": 0.8
}"
business|Providing_Normalcy_is_Purpose_in_Today_s_Economy__says_Mainstreet_Bakery_s_Stacy_Demskie|3|4|c223b2185206f528|2,business|Providing_Normalcy_is_Purpose_in_Today_s_Economy__says_Mainstreet_Bakery_s_Stacy_Demskie|3|4|c223b2185206f528,business,Providing_Normalcy_is_Purpose_in_Today_s_Economy__says_Mainstreet_Bakery_s_Stacy_Demskie,3,4,The speaker has credibility and expertise in branding and strategic planning.,Secret_Strategies_To_Launch_The_Next_Great_Physical_Product_or_Service_with_Sharon_Brown_2,14,7,The speaker chose to self-fund rather than use alternative methods due to strategic preference.,2,3,0.7,"{
  ""entailment_score"": 3,
  ""confidence"": 0.7
}"
business|Providing_Normalcy_is_Purpose_in_Today_s_Economy__says_Mainstreet_Bakery_s_Stacy_Demskie|3|4|c223b2185206f528|3,business|Providing_Normalcy_is_Purpose_in_Today_s_Economy__says_Mainstreet_Bakery_s_Stacy_Demskie|3|4|c223b2185206f528,business,Providing_Normalcy_is_Purpose_in_Today_s_Economy__says_Mainstreet_Bakery_s_Stacy_Demskie,3,4,The speaker has credibility and expertise in branding and strategic planning.,Secret_Strategies_To_Launch_The_Next_Great_Physical_Product_or_Service_with_Sharon_Brown_2,16,1,The speaker has an example they want to share.,2,3,0.7,"{
  ""entailment_score"": 3,
  ""confidence"": 0.7
}"
business|Providing_Normalcy_is_Purpose_in_Today_s_Economy__says_Mainstreet_Bakery_s_Stacy_Demskie|3|4|c223b2185206f528|4,business|Providing_Normalcy_is_Purpose_in_Today_s_Economy__says_Mainstreet_Bakery_s_Stacy_Demskie|3|4|c223b2185206f528,business,Providing_Normalcy_is_Purpose_in_Today_s_Economy__says_Mainstreet_Bakery_s_Stacy_Demskie,3,4,The speaker has credibility and expertise in branding and strategic planning.,Secret_Strategies_To_Launch_The_Next_Great_Physical_Product_or_Service_with_Sharon_Brown_2,19,1,The speaker has survived four economic downturns across different industries.,2,9,0.95,"{
  ""entailment_score"": 9,
  ""confidence"": 0.95
}"
political|90980|25|1|822f76f36559daf8|0,political|90980|25|1|822f76f36559daf8,political,90980,25,1,Obamacare represents an irreversible threat to American constitutional order and national character.,47128,4,9,The corn milling facility near the Grand Forks Air Force base poses a threat to national security.,2,1,0.95,"{
  ""entailment_score"": 1,
  ""confidence"": 0.95
}"
sports|EPISODE___8_-_Home_Again|67|0|0528bc53097c67f5|0,sports|EPISODE___8_-_Home_Again|67|0|0528bc53097c67f5,sports,EPISODE___8_-_Home_Again,67,0,The speaker trusts that online search will reliably retrieve accurate information about movie details.,A_Hockey_Perspective__ECHL_Broadcaster_David_Fine,5,0,The NHL faces uncertainty about when the next season will begin.,2,1,0.95,"{
  ""entailment_score"": 1,
  ""confidence"": 0.95
}"
sports|EPISODE___8_-_Home_Again|67|0|0528bc53097c67f5|1,sports|EPISODE___8_-_Home_Again|67|0|0528bc53097c67f5,sports,EPISODE___8_-_Home_Again,67,0,The speaker trusts that online search will reliably retrieve accurate information about movie details.,A_Hockey_Perspective__ECHL_Broadcaster_David_Fine,13,7,The speaker plans a Facebook Live chat with a player to encourage discussion about teammates.,2,1,0.95,"{
  ""entailment_score"": 1,
  ""confidence"": 0.95
}"
sports|EPISODE___8_-_Home_Again|67|0|0528bc53097c67f5|2,sports|EPISODE___8_-_Home_Again|67|0|0528bc53097c67f5,sports,EPISODE___8_-_Home_Again,67,0,The speaker trusts that online search will reliably retrieve accurate information about movie details.,A_Hockey_Perspective__ECHL_Broadcaster_David_Fine,18,1,The speaker references the movie 'Kingpin' as context for their thought.,2,5,0.8,"{
  ""entailment_score"": 5,
  ""confidence"": 0.8
}"
business|Monica_Truelsch_Senior_Director_of_Solutions_Strategy_for_Transportation_at_Infor|19|0|513ed4d1ccfb2a38|0,business|Monica_Truelsch_Senior_Director_of_Solutions_Strategy_for_Transportation_at_Infor|19|0|513ed4d1ccfb2a38,business,Monica_Truelsch_Senior_Director_of_Solutions_Strategy_for_Transportation_at_Infor,19,0,Future economic recovery will follow a non-uniform pattern across different industries.,085_Sherry_Richert_Belul__Stop_PODcrastinating,8,7,A future podcast episode will focus on how to create effective Facebook groups.,2,1,0.95,"{
  ""entailment_score"": 1,
  ""confidence"": 0.95
}"
sports|Breakdown_Episode_2|29|0|5bc653ba87de65a9|0,sports|Breakdown_Episode_2|29|0|5bc653ba87de65a9,sports,Breakdown_Episode_2,29,0,Success in a draft is measured by how many players from a conference are selected in the first round.,Middle_Names__Player_Numbers_and_Other_Nonsense,52,5,The Cleveland Indians selected Carson Tucker in the first round of the draft.,4,1,0.95,"{
  ""entailment_score"": 1,
  ""confidence"": 0.95
}"
sports|Breakdown_Episode_2|29|0|5bc653ba87de65a9|1,sports|Breakdown_Episode_2|29|0|5bc653ba87de65a9,sports,Breakdown_Episode_2,29,0,Success in a draft is measured by how many players from a conference are selected in the first round.,Middle_Names__Player_Numbers_and_Other_Nonsense,58,0,The Browns selected a quarterback in the first round of the draft.,4,1,0.95,"{
  ""entailment_score"": 1,
  ""confidence"": 0.95
}"
sports|Breakdown_Episode_2|29|0|5bc653ba87de65a9|2,sports|Breakdown_Episode_2|29|0|5bc653ba87de65a9,sports,Breakdown_Episode_2,29,0,Success in a draft is measured by how many players from a conference are selected in the first round.,Middle_Names__Player_Numbers_and_Other_Nonsense,61,2,Tanner Burns was selected by the Indians with the 36th pick in the first round of the draft.,4,3,0.7,"{
  ""entailment_score"": 3,
  ""confidence"": 0.7
}"
sports|Breakdown_Episode_2|29|0|5bc653ba87de65a9|3,sports|Breakdown_Episode_2|29|0|5bc653ba87de65a9,sports,Breakdown_Episode_2,29,0,Success in a draft is measured by how many players from a conference are selected in the first round.,Middle_Names__Player_Numbers_and_Other_Nonsense,58,1,A first-round pick at shortstop would suggest calmness regarding the decision.,2,1,0.95,"{
  ""entailment_score"": 1,
  ""confidence"": 0.95
}"
sports|Breakdown_Episode_2|29|0|5bc653ba87de65a9|4,sports|Breakdown_Episode_2|29|0|5bc653ba87de65a9,sports,Breakdown_Episode_2,29,0,Success in a draft is measured by how many players from a conference are selected in the first round.,Middle_Names__Player_Numbers_and_Other_Nonsense,62,6,Some teams use financial savings to pursue high-signing-cost players later in the draft.,2,1,0.95,"{
  ""entailment_score"": 1,
  ""confidence"": 0.95
}"
business|3._Painted_Into_a_Corner|17|9|31decaaa346c1e19|0,business|3._Painted_Into_a_Corner|17|9|31decaaa346c1e19,business,3._Painted_Into_a_Corner,17,9,The speaker’s advice reflects widely accepted best practices in IT management.,The_Rams_Uniforms_Are,6,0,Blake Snow is considered one of the best pitchers in baseball by the speaker.,2,1,0.95,"{
  ""entailment_score"": 1,
  ""confidence"": 0.95
}"
religion|018__Soul_Partners_Explained_pt.1|20|7|f573de2d36cf1d3b|0,religion|018__Soul_Partners_Explained_pt.1|20|7|f573de2d36cf1d3b,religion,018__Soul_Partners_Explained_pt.1,20,7,Spiritual development takes precedence over romantic fulfillment.,The_Principled_Man_Has_Wisdom___06.21.20_AM,1,6,Relationships shape a person's character and spiritual development.,2,9,0.95,"{
  ""entailment_score"": 9,
  ""confidence"": 0.95
}"
business|Episode_149__Ethical_Leadership__Corporate_Responsibility__and_the_Transformative_Power_of_Yoga|15|4|62b7bcf58b5477eb|0,business|Episode_149__Ethical_Leadership__Corporate_Responsibility__and_the_Transformative_Power_of_Yoga|15|4|62b7bcf58b5477eb,business,Episode_149__Ethical_Leadership__Corporate_Responsibility__and_the_Transformative_Power_of_Yoga,15,4,Hiring 'free thinkers' without domain-specific background enhances long-term strategic agility.,Stellar_News_Recap__Vibrant_Beta_Launch_and_the_Stellar_Community_Fund,12,2,A sustainable long-term high-value ecosystem requires both enterprises and early-stage innovators.,2,3,0.8,"{
  ""entailment_score"": 3,
  ""confidence"": 0.8
}"
business|How_John_Tabis_Of_The_Bouqs_Company_Is_Bringing_Flowers_To_Every_Moment_Of_Life|2|1|2a46ffd3c0912cc4|0,business|How_John_Tabis_Of_The_Bouqs_Company_Is_Bringing_Flowers_To_Every_Moment_Of_Life|2|1|2a46ffd3c0912cc4,business,How_John_Tabis_Of_The_Bouqs_Company_Is_Bringing_Flowers_To_Every_Moment_Of_Life,2,1,The speaker believes that personal stories involving early-life experiences like music bands can serve as credible foundations for entrepreneurial ventures.,News_from_358_with_Greg_Finn,3,6,The speaker believes it’s common practice to no-index low-quality pages.,2,1,0.95,"{
  ""entailment_score"": 1,
  ""confidence"": 0.95
}"
political|47134|4|3|65886cc2f57fc822|0,political|47134|4|3|65886cc2f57fc822,political,47134,4,3,There exists a shared understanding between speaker and listener about who qualifies as 'conservative' or 'liberal'.,72734,9,6,There are important technical and operational differences between broadband and electricity provision.,2,1,0.8,"{
  ""entailment_score"": 1,
  ""confidence"": 0.8
}"
political|47134|4|3|65886cc2f57fc822|1,political|47134|4|3|65886cc2f57fc822,political,47134,4,3,There exists a shared understanding between speaker and listener about who qualifies as 'conservative' or 'liberal'.,72734,13,9,The speaker feels strongly about advancing broadband in rural areas.,2,1,0.85,"{
  ""entailment_score"": 1,
  ""confidence"": 0.85
}"
political|47134|4|3|65886cc2f57fc822|2,political|47134|4|3|65886cc2f57fc822,political,47134,4,3,There exists a shared understanding between speaker and listener about who qualifies as 'conservative' or 'liberal'.,72734,28,0,The speaker is asking Jim about the importance of coal to the country.,2,1,0.95,"{
  ""entailment_score"": 1,
  ""confidence"": 0.95
}"
political|47134|4|3|65886cc2f57fc822|3,political|47134|4|3|65886cc2f57fc822,political,47134,4,3,There exists a shared understanding between speaker and listener about who qualifies as 'conservative' or 'liberal'.,72734,32,0,The speaker is asking about the percentage contribution of various energy sources to the national electrical grid.,2,1,0.8,"{
  ""entailment_score"": 1,
  ""confidence"": 0.8
}"
business|AGL_157__Slow_Down_During_Quarantine_with_Dr._Liz_Bywater|7|6|ec9290e293438f50|0,business|AGL_157__Slow_Down_During_Quarantine_with_Dr._Liz_Bywater|7|6|ec9290e293438f50,business,AGL_157__Slow_Down_During_Quarantine_with_Dr._Liz_Bywater,7,6,Clients trust the speaker’s judgment about the adequacy of remote alternatives.,Are_these_domains_unstoppable__-_DNW_Podcast__292,6,0,The speaker is asking for information about the backing of someone else.,2,1,0.8,"{
  ""entailment_score"": 1,
  ""confidence"": 0.8
}"
business|AGL_157__Slow_Down_During_Quarantine_with_Dr._Liz_Bywater|7|6|ec9290e293438f50|1,business|AGL_157__Slow_Down_During_Quarantine_with_Dr._Liz_Bywater|7|6|ec9290e293438f50,business,AGL_157__Slow_Down_During_Quarantine_with_Dr._Liz_Bywater,7,6,Clients trust the speaker’s judgment about the adequacy of remote alternatives.,Are_these_domains_unstoppable__-_DNW_Podcast__292,64,0,The speaker is asking about the future state of the company.,2,1,0.8,"{
  ""entailment_score"": 1,
  ""confidence"": 0.8
}"
business|What_is_Your_Agency_s_Competitive_Advantage|0|3|00f28f6f174319fc|0,business|What_is_Your_Agency_s_Competitive_Advantage|0|3|00f28f6f174319fc,business,What_is_Your_Agency_s_Competitive_Advantage,0,3,"Audience members are interested in high-performing, low-risk business opportunities.",Living_Your_Life_Well_Planned__80_20_365__With_Adam_Vincent_Gilmer_hosted_by_Gene_Valaitis,9,1,Richard discusses the contrast between low-value and high-value uses of time in this section.,2,9,0.95,"{
  ""entailment_score"": 9,
  ""confidence"": 0.95
}"
business|What_is_Your_Agency_s_Competitive_Advantage|0|3|00f28f6f174319fc|1,business|What_is_Your_Agency_s_Competitive_Advantage|0|3|00f28f6f174319fc,business,What_is_Your_Agency_s_Competitive_Advantage,0,3,"Audience members are interested in high-performing, low-risk business opportunities.",Living_Your_Life_Well_Planned__80_20_365__With_Adam_Vincent_Gilmer_hosted_by_Gene_Valaitis,9,4,Tasks you are not skilled at performing are low-value.,2,5,0.8,"{
  ""entailment_score"": 5,
  ""confidence"": 0.8
}"
business|What_is_Your_Agency_s_Competitive_Advantage|0|3|00f28f6f174319fc|2,business|What_is_Your_Agency_s_Competitive_Advantage|0|3|00f28f6f174319fc,business,What_is_Your_Agency_s_Competitive_Advantage,0,3,"Audience members are interested in high-performing, low-risk business opportunities.",Living_Your_Life_Well_Planned__80_20_365__With_Adam_Vincent_Gilmer_hosted_by_Gene_Valaitis,11,3,Understanding the difference between high-payoff and low-payoff activities is important.,2,9,0.95,"{
  ""entailment_score"": 9,
  ""confidence"": 0.95
}"
business|285._Roger_Samways_on_air_cargo_in_the_age_of_the_coronavirus|21|1|b70d36ab18cdf5b3|0,business|285._Roger_Samways_on_air_cargo_in_the_age_of_the_coronavirus|21|1|b70d36ab18cdf5b3,business,285._Roger_Samways_on_air_cargo_in_the_age_of_the_coronavirus,21,1,Cargo demand during crises like pandemics is highly sensitive to supply chain disruptions and urgent health needs.,President_of_Empire_Entertainment_J.B._Miller_on_Creative_Heroism_for_Virtual_Fundraisers,3,7,There was an urgent need for practical tools and strategies to adapt events during the pandemic.,2,9,0.95,"{
  ""entailment_score"": 9,
  ""confidence"": 0.95
}"
business|285._Roger_Samways_on_air_cargo_in_the_age_of_the_coronavirus|21|1|b70d36ab18cdf5b3|1,business|285._Roger_Samways_on_air_cargo_in_the_age_of_the_coronavirus|21|1|b70d36ab18cdf5b3,business,285._Roger_Samways_on_air_cargo_in_the_age_of_the_coronavirus,21,1,Cargo demand during crises like pandemics is highly sensitive to supply chain disruptions and urgent health needs.,President_of_Empire_Entertainment_J.B._Miller_on_Creative_Heroism_for_Virtual_Fundraisers,29,6,Individuals in the non-profit sector possess inner strength that will emerge during crises.,2,3,0.7,"{
  ""entailment_score"": 3,
  ""confidence"": 0.7
}"
political|92626|5|1|ffcd53c24cc333e4|0,political|92626|5|1|ffcd53c24cc333e4,political,92626,5,1,The speaker believes their existing campaign strategy remains effective regardless of external political developments.,91894,37,1,The speaker believes that having a vision of oneself in politics is necessary to endure the intense effort involved in political work.,3,5,0.8,"{
  ""entailment_score"": 5,
  ""confidence"": 0.8
}"
political|92626|5|1|ffcd53c24cc333e4|1,political|92626|5|1|ffcd53c24cc333e4,political,92626,5,1,The speaker believes their existing campaign strategy remains effective regardless of external political developments.,91894,5,1,This political message also carries deep spiritual significance for the speaker.,2,1,0.85,"{
  ""entailment_score"": 1,
  ""confidence"": 0.85
}"
political|92626|5|1|ffcd53c24cc333e4|2,political|92626|5|1|ffcd53c24cc333e4,political,92626,5,1,The speaker believes their existing campaign strategy remains effective regardless of external political developments.,91894,7,5,The speaker believes Adam’s refusal to bend the knee was evident and obvious.,2,1,0.95,"{
  ""entailment_score"": 1,
  ""confidence"": 0.95
}"
political|92626|5|1|ffcd53c24cc333e4|3,political|92626|5|1|ffcd53c24cc333e4,political,92626,5,1,The speaker believes their existing campaign strategy remains effective regardless of external political developments.,91894,7,6,The speaker knows Adam’s political peers personally.,2,1,0.95,"{
  ""entailment_score"": 1,
  ""confidence"": 0.95
}"
political|92626|5|1|ffcd53c24cc333e4|4,political|92626|5|1|ffcd53c24cc333e4,political,92626,5,1,The speaker believes their existing campaign strategy remains effective regardless of external political developments.,91894,8,0,The speaker believes they had to deconstruct their faith.,2,5,0.8,"{
  ""entailment_score"": 5,
  ""confidence"": 0.8
}"
political|92626|5|1|ffcd53c24cc333e4|5,political|92626|5|1|ffcd53c24cc333e4,political,92626,5,1,The speaker believes their existing campaign strategy remains effective regardless of external political developments.,91894,8,4,The speaker now believes that being a Christian does not require adherence to the Democratic Party.,2,1,0.95,"{
  ""entailment_score"": 1,
  ""confidence"": 0.95
}"
political|92626|5|1|ffcd53c24cc333e4|6,political|92626|5|1|ffcd53c24cc333e4,political,92626,5,1,The speaker believes their existing campaign strategy remains effective regardless of external political developments.,91894,8,5,The speaker thinks political affiliation and religious faith are not inherently linked.,2,1,0.85,"{
  ""entailment_score"": 1,
  ""confidence"": 0.85
}"
political|92626|5|1|ffcd53c24cc333e4|7,political|92626|5|1|ffcd53c24cc333e4,political,92626,5,1,The speaker believes their existing campaign strategy remains effective regardless of external political developments.,91894,8,8,The speaker began their political term in 2011.,2,1,0.8,"{
  ""entailment_score"": 1,
  ""confidence"": 0.8
}"
political|92626|5|1|ffcd53c24cc333e4|8,political|92626|5|1|ffcd53c24cc333e4,political,92626,5,1,The speaker believes their existing campaign strategy remains effective regardless of external political developments.,91894,9,2,The speaker believes their confirmation is accurate.,2,5,0.8,"{
  ""entailment_score"": 5,
  ""confidence"": 0.8
}"
political|92626|5|1|ffcd53c24cc333e4|9,political|92626|5|1|ffcd53c24cc333e4,political,92626,5,1,The speaker believes their existing campaign strategy remains effective regardless of external political developments.,91894,17,3,The speaker wants to discuss Adam's negotiation of his relationship to his political party.,2,3,0.7,"{
  ""entailment_score"": 3,
  ""confidence"": 0.7
}"
political|92626|5|1|ffcd53c24cc333e4|10,political|92626|5|1|ffcd53c24cc333e4,political,92626,5,1,The speaker believes their existing campaign strategy remains effective regardless of external political developments.,91894,18,4,The speaker believes it's important for disaffected Republicans to try to fight within the party to some extent.,2,3,0.7,"{
  ""entailment_score"": 3,
  ""confidence"": 0.7
}"
political|92626|5|1|ffcd53c24cc333e4|11,political|92626|5|1|ffcd53c24cc333e4,political,92626,5,1,The speaker believes their existing campaign strategy remains effective regardless of external political developments.,91894,18,7,The speaker believes the Republican Party has changed significantly over the past 12 years.,2,3,0.7,"{
  ""entailment_score"": 3,
  ""confidence"": 0.7
}"
political|92626|5|1|ffcd53c24cc333e4|12,political|92626|5|1|ffcd53c24cc333e4,political,92626,5,1,The speaker believes their existing campaign strategy remains effective regardless of external political developments.,91894,22,2,The speaker believes their role is not to convert everyone but to offer a choice.,2,9,0.95,"{
  ""entailment_score"": 9,
  ""confidence"": 0.95
}"
political|92626|5|1|ffcd53c24cc333e4|13,political|92626|5|1|ffcd53c24cc333e4,political,92626,5,1,The speaker believes their existing campaign strategy remains effective regardless of external political developments.,91894,26,2,The speaker believes the White House was chaotic during the first Trump administration.,2,3,0.7,"{
  ""entailment_score"": 3,
  ""confidence"": 0.7
}"
political|92626|5|1|ffcd53c24cc333e4|14,political|92626|5|1|ffcd53c24cc333e4,political,92626,5,1,The speaker believes their existing campaign strategy remains effective regardless of external political developments.,91894,26,8,The speaker believes the White House may currently be chaotic again.,2,5,0.8,"{
  ""entailment_score"": 5,
  ""confidence"": 0.8
}"
business|Developing_a_Transformational_Community_to_Lift_Families_Out_of_Poverty_with_Jorge_Blandon|8|3|cfee1e57ec4cd90f|0,business|Developing_a_Transformational_Community_to_Lift_Families_Out_of_Poverty_with_Jorge_Blandon|8|3|cfee1e57ec4cd90f,business,Developing_a_Transformational_Community_to_Lift_Families_Out_of_Poverty_with_Jorge_Blandon,8,3,The speaker believes the model is worth explaining in detail.,Steven_Kotler__Finding_Flow_at_Home,28,1,The speaker believes animals deserve a prayer.,2,1,0.95,"{
  ""entailment_score"": 1,
  ""confidence"": 0.95
}"
political|72032|26|5|47facafd724051e9|0,political|72032|26|5|47facafd724051e9,political,72032,26,5,The speaker believes that figures like Cheney and Scalia represent a problematic legal tradition.,85782,15,3,"The speaker believes the Federal Reserve has been wrong on multiple occasions, particularly recently.",2,1,0.95,"{
  ""entailment_score"": 1,
  ""confidence"": 0.95
}"
political|72032|26|5|47facafd724051e9|1,political|72032|26|5|47facafd724051e9,political,72032,26,5,The speaker believes that figures like Cheney and Scalia represent a problematic legal tradition.,85782,15,6,The speaker believes the Federal Reserve should remain independent but requires greater oversight due to its market influence.,2,1,0.8,"{
  ""entailment_score"": 1,
  ""confidence"": 0.8
}"
political|72032|26|5|47facafd724051e9|2,political|72032|26|5|47facafd724051e9,political,72032,26,5,The speaker believes that figures like Cheney and Scalia represent a problematic legal tradition.,85782,35,0,The speaker believes their presence at the scene was due to their own initiative.,2,1,0.8,"{
  ""entailment_score"": 1,
  ""confidence"": 0.8
}"
political|72032|26|5|47facafd724051e9|3,political|72032|26|5|47facafd724051e9,political,72032,26,5,The speaker believes that figures like Cheney and Scalia represent a problematic legal tradition.,85782,40,2,The speaker believes that Republican voters might be influenced by Trump's claims regarding election fraud.,2,3,0.7,"{
  ""entailment_score"": 3,
  ""confidence"": 0.7
}"
commentary|Ep_192___Jon_Stewart_Says_White_People_Are_FAILING_the_Country|45|1|7488843829e87bcd|0,commentary|Ep_192___Jon_Stewart_Says_White_People_Are_FAILING_the_Country|45|1|7488843829e87bcd,commentary,Ep_192___Jon_Stewart_Says_White_People_Are_FAILING_the_Country,45,1,The speaker believes that Hollywood prioritizes symbolic gestures over substantive change.,SOS__Significant_Other_Selections,4,2,The speaker believes they were expected to review the record as requested by someone named Jake.,2,1,0.85,"{
  ""entailment_score"": 1,
  ""confidence"": 0.85
}"
commentary|Ep_192___Jon_Stewart_Says_White_People_Are_FAILING_the_Country|45|1|7488843829e87bcd|1,commentary|Ep_192___Jon_Stewart_Says_White_People_Are_FAILING_the_Country|45|1|7488843829e87bcd,commentary,Ep_192___Jon_Stewart_Says_White_People_Are_FAILING_the_Country,45,1,The speaker believes that Hollywood prioritizes symbolic gestures over substantive change.,SOS__Significant_Other_Selections,29,1,The speaker believes the listener did not know something about the situation.,2,1,0.8,"{
  ""entailment_score"": 1,
  ""confidence"": 0.8
}"
commentary|Ep_192___Jon_Stewart_Says_White_People_Are_FAILING_the_Country|45|1|7488843829e87bcd|2,commentary|Ep_192___Jon_Stewart_Says_White_People_Are_FAILING_the_Country|45|1|7488843829e87bcd,commentary,Ep_192___Jon_Stewart_Says_White_People_Are_FAILING_the_Country,45,1,The speaker believes that Hollywood prioritizes symbolic gestures over substantive change.,SOS__Significant_Other_Selections,37,2,The speaker cannot currently see Charlotte over Tyler.,2,1,0.95,"{
  ""entailment_score"": 1,
  ""confidence"": 0.95
}"
business|The_Scoop_from_Sree_on_Good_Talks__Listening_and_Journalistic_Integrity|15|8|35b2dec58f67e019|0,business|The_Scoop_from_Sree_on_Good_Talks__Listening_and_Journalistic_Integrity|15|8|35b2dec58f67e019,business,The_Scoop_from_Sree_on_Good_Talks__Listening_and_Journalistic_Integrity,15,8,People feel a moral responsibility to support others through shared hardship and collective action.,Playing_The_Long_Game_with_Darin_Butcher,7,4,I sought ways to help people more effectively through real estate.,2,1,0.8,"{
  ""entailment_score"": 1,
  ""confidence"": 0.8
}"
business|The_Scoop_from_Sree_on_Good_Talks__Listening_and_Journalistic_Integrity|15|8|35b2dec58f67e019|1,business|The_Scoop_from_Sree_on_Good_Talks__Listening_and_Journalistic_Integrity|15|8|35b2dec58f67e019,business,The_Scoop_from_Sree_on_Good_Talks__Listening_and_Journalistic_Integrity,15,8,People feel a moral responsibility to support others through shared hardship and collective action.,Playing_The_Long_Game_with_Darin_Butcher,22,8,The speaker and their team are able to support others on their investing journey.,2,5,0.8,"{
  ""entailment_score"": 5,
  ""confidence"": 0.8
}"
business|The_Scoop_from_Sree_on_Good_Talks__Listening_and_Journalistic_Integrity|15|8|35b2dec58f67e019|2,business|The_Scoop_from_Sree_on_Good_Talks__Listening_and_Journalistic_Integrity|15|8|35b2dec58f67e019,business,The_Scoop_from_Sree_on_Good_Talks__Listening_and_Journalistic_Integrity,15,8,People feel a moral responsibility to support others through shared hardship and collective action.,Playing_The_Long_Game_with_Darin_Butcher,23,8,My current goal is to support others' growth within the business without fostering competition among them.,2,7,0.85,"{
  ""entailment_score"": 7,
  ""confidence"": 0.85
}"
business|The_Scoop_from_Sree_on_Good_Talks__Listening_and_Journalistic_Integrity|15|8|35b2dec58f67e019|3,business|The_Scoop_from_Sree_on_Good_Talks__Listening_and_Journalistic_Integrity|15|8|35b2dec58f67e019,business,The_Scoop_from_Sree_on_Good_Talks__Listening_and_Journalistic_Integrity,15,8,People feel a moral responsibility to support others through shared hardship and collective action.,Playing_The_Long_Game_with_Darin_Butcher,41,1,People traditionally judge others based on their actions.,2,1,0.85,"{
  ""entailment_score"": 1,
  ""confidence"": 0.85
}"
business|The_Scoop_from_Sree_on_Good_Talks__Listening_and_Journalistic_Integrity|15|8|35b2dec58f67e019|4,business|The_Scoop_from_Sree_on_Good_Talks__Listening_and_Journalistic_Integrity|15|8|35b2dec58f67e019,business,The_Scoop_from_Sree_on_Good_Talks__Listening_and_Journalistic_Integrity,15,8,People feel a moral responsibility to support others through shared hardship and collective action.,Playing_The_Long_Game_with_Darin_Butcher,55,0,I am confident that I can succeed through your support.,2,5,0.8,"{
  ""entailment_score"": 5,
  ""confidence"": 0.8
}"
business|The_Scoop_from_Sree_on_Good_Talks__Listening_and_Journalistic_Integrity|15|8|35b2dec58f67e019|5,business|The_Scoop_from_Sree_on_Good_Talks__Listening_and_Journalistic_Integrity|15|8|35b2dec58f67e019,business,The_Scoop_from_Sree_on_Good_Talks__Listening_and_Journalistic_Integrity,15,8,People feel a moral responsibility to support others through shared hardship and collective action.,Playing_The_Long_Game_with_Darin_Butcher,55,1,Taking action when seeing an opportunity distinguishes successful people.,2,5,0.8,"{
  ""entailment_score"": 5,
  ""confidence"": 0.8
}"
commentary|JoelBowl2020___Conversation_with_12_year_guitar_player_Ian_Maynhart|22|4|d04221ef9442302f|0,commentary|JoelBowl2020___Conversation_with_12_year_guitar_player_Ian_Maynhart|22|4|d04221ef9442302f,commentary,JoelBowl2020___Conversation_with_12_year_guitar_player_Ian_Maynhart,22,4,The speaker believes that asking about the father's music tastes helps clarify the listener's current attitude toward metal.,Etsy__Tactical_Gramma___More,12,3,The speaker has read a recent article about Trikinis.,2,1,0.95,"{
  ""entailment_score"": 1,
  ""confidence"": 0.95
}"
commentary|JoelBowl2020___Conversation_with_12_year_guitar_player_Ian_Maynhart|22|4|d04221ef9442302f|1,commentary|JoelBowl2020___Conversation_with_12_year_guitar_player_Ian_Maynhart|22|4|d04221ef9442302f,commentary,JoelBowl2020___Conversation_with_12_year_guitar_player_Ian_Maynhart,22,4,The speaker believes that asking about the father's music tastes helps clarify the listener's current attitude toward metal.,Etsy__Tactical_Gramma___More,29,8,The speaker is happy about creating this news report.,2,1,0.95,"{
  ""entailment_score"": 1,
  ""confidence"": 0.95
}"
commentary|JoelBowl2020___Conversation_with_12_year_guitar_player_Ian_Maynhart|22|4|d04221ef9442302f|2,commentary|JoelBowl2020___Conversation_with_12_year_guitar_player_Ian_Maynhart|22|4|d04221ef9442302f,commentary,JoelBowl2020___Conversation_with_12_year_guitar_player_Ian_Maynhart,22,4,The speaker believes that asking about the father's music tastes helps clarify the listener's current attitude toward metal.,Etsy__Tactical_Gramma___More,37,3,The speaker uses an analogy to illustrate a point about collective contribution and sharing.,2,1,0.8,"{
  ""entailment_score"": 1,
  ""confidence"": 0.8
}"
commentary|JoelBowl2020___Conversation_with_12_year_guitar_player_Ian_Maynhart|22|4|d04221ef9442302f|3,commentary|JoelBowl2020___Conversation_with_12_year_guitar_player_Ian_Maynhart|22|4|d04221ef9442302f,commentary,JoelBowl2020___Conversation_with_12_year_guitar_player_Ian_Maynhart,22,4,The speaker believes that asking about the father's music tastes helps clarify the listener's current attitude toward metal.,Etsy__Tactical_Gramma___More,50,2,The speaker is seeking confirmation about the entity behind GPT-3.,2,1,0.95,"{
  ""entailment_score"": 1,
  ""confidence"": 0.95
}"
commentary|JoelBowl2020___Conversation_with_12_year_guitar_player_Ian_Maynhart|22|4|d04221ef9442302f|4,commentary|JoelBowl2020___Conversation_with_12_year_guitar_player_Ian_Maynhart|22|4|d04221ef9442302f,commentary,JoelBowl2020___Conversation_with_12_year_guitar_player_Ian_Maynhart,22,4,The speaker believes that asking about the father's music tastes helps clarify the listener's current attitude toward metal.,Etsy__Tactical_Gramma___More,51,2,The speaker believes that PT3 represents progress specifically in natural language processing.,2,1,0.8,"{
  ""entailment_score"": 1,
  ""confidence"": 0.8
}"
commentary|JoelBowl2020___Conversation_with_12_year_guitar_player_Ian_Maynhart|22|4|d04221ef9442302f|5,commentary|JoelBowl2020___Conversation_with_12_year_guitar_player_Ian_Maynhart|22|4|d04221ef9442302f,commentary,JoelBowl2020___Conversation_with_12_year_guitar_player_Ian_Maynhart,22,4,The speaker believes that asking about the father's music tastes helps clarify the listener's current attitude toward metal.,Etsy__Tactical_Gramma___More,60,3,The speaker team was enthusiastic about recording the first episode.,2,1,0.95,"{
  ""entailment_score"": 1,
  ""confidence"": 0.95
}"
business|015_Johnnie_Moore_-_Unhurried_Conversations|2|7|5d4f0122197f7a49|0,business|015_Johnnie_Moore_-_Unhurried_Conversations|2|7|5d4f0122197f7a49,business,015_Johnnie_Moore_-_Unhurried_Conversations,2,7,Technological design choices reflect intentional manipulation rather than neutral functionality.,Return_to_Work_-_Compliance_Issues,12,0,The situation involves individual employees rather than a collective group.,2,1,0.85,"{
  ""entailment_score"": 1,
  ""confidence"": 0.85
}"
business|015_Johnnie_Moore_-_Unhurried_Conversations|2|7|5d4f0122197f7a49|1,business|015_Johnnie_Moore_-_Unhurried_Conversations|2|7|5d4f0122197f7a49,business,015_Johnnie_Moore_-_Unhurried_Conversations,2,7,Technological design choices reflect intentional manipulation rather than neutral functionality.,Return_to_Work_-_Compliance_Issues,15,0,Workplace health and safety and occupational health matters generally fall under ADA regulations rather than HIPAA.,2,1,0.8,"{
  ""entailment_score"": 1,
  ""confidence"": 0.8
}"
commentary|The_Hair-binger_of_Doom__A_List_of_the_Worst_Hairstyles_in_Rock_2|1|4|69faed13e9d44f07|0,commentary|The_Hair-binger_of_Doom__A_List_of_the_Worst_Hairstyles_in_Rock_2|1|4|69faed13e9d44f07,commentary,The_Hair-binger_of_Doom__A_List_of_the_Worst_Hairstyles_in_Rock_2,1,4,The speaker has sufficient knowledge about the Who and their stylistic choices.,Katharine_Birbalsingh_Interview___Why__liberal__groupthink_in_education_is_holding_black_and_poor_kids_back,10,3,The speaker has a standard left-liberal worldview that was challenged by real-world experiences in inner-city schools.,2,1,0.8,"{
  ""entailment_score"": 1,
  ""confidence"": 0.8
}"
commentary|The_Hair-binger_of_Doom__A_List_of_the_Worst_Hairstyles_in_Rock_2|1|4|69faed13e9d44f07|1,commentary|The_Hair-binger_of_Doom__A_List_of_the_Worst_Hairstyles_in_Rock_2|1|4|69faed13e9d44f07,commentary,The_Hair-binger_of_Doom__A_List_of_the_Worst_Hairstyles_in_Rock_2,1,4,The speaker has sufficient knowledge about the Who and their stylistic choices.,Katharine_Birbalsingh_Interview___Why__liberal__groupthink_in_education_is_holding_black_and_poor_kids_back,18,1,The speaker is asking the listener about specific actions they have taken regarding school-related challenges.,2,1,0.95,"{
  ""entailment_score"": 1,
  ""confidence"": 0.95
}"
commentary|The_Hair-binger_of_Doom__A_List_of_the_Worst_Hairstyles_in_Rock_2|1|4|69faed13e9d44f07|2,commentary|The_Hair-binger_of_Doom__A_List_of_the_Worst_Hairstyles_in_Rock_2|1|4|69faed13e9d44f07,commentary,The_Hair-binger_of_Doom__A_List_of_the_Worst_Hairstyles_in_Rock_2,1,4,The speaker has sufficient knowledge about the Who and their stylistic choices.,Katharine_Birbalsingh_Interview___Why__liberal__groupthink_in_education_is_holding_black_and_poor_kids_back,19,8,"Northern Collegiate, a private girls' school, has students who skip happily to class.",2,1,0.8,"{
  ""entailment_score"": 1,
  ""confidence"": 0.8
}"
commentary|The_Hair-binger_of_Doom__A_List_of_the_Worst_Hairstyles_in_Rock_2|1|4|69faed13e9d44f07|3,commentary|The_Hair-binger_of_Doom__A_List_of_the_Worst_Hairstyles_in_Rock_2|1|4|69faed13e9d44f07,commentary,The_Hair-binger_of_Doom__A_List_of_the_Worst_Hairstyles_in_Rock_2,1,4,The speaker has sufficient knowledge about the Who and their stylistic choices.,Katharine_Birbalsingh_Interview___Why__liberal__groupthink_in_education_is_holding_black_and_poor_kids_back,38,2,The speaker finds it difficult to believe that critics genuinely care about the best interests of marginalized students.,2,1,0.8,"{
  ""entailment_score"": 1,
  ""confidence"": 0.8
}"
commentary|The_Hair-binger_of_Doom__A_List_of_the_Worst_Hairstyles_in_Rock_2|1|4|69faed13e9d44f07|4,commentary|The_Hair-binger_of_Doom__A_List_of_the_Worst_Hairstyles_in_Rock_2|1|4|69faed13e9d44f07,commentary,The_Hair-binger_of_Doom__A_List_of_the_Worst_Hairstyles_in_Rock_2,1,4,The speaker has sufficient knowledge about the Who and their stylistic choices.,Katharine_Birbalsingh_Interview___Why__liberal__groupthink_in_education_is_holding_black_and_poor_kids_back,43,5,The speaker did not speak directly to the colleague about her political views despite knowing them.,2,1,0.8,"{
  ""entailment_score"": 1,
  ""confidence"": 0.8
}"
commentary|The_Hair-binger_of_Doom__A_List_of_the_Worst_Hairstyles_in_Rock_2|1|4|69faed13e9d44f07|5,commentary|The_Hair-binger_of_Doom__A_List_of_the_Worst_Hairstyles_in_Rock_2|1|4|69faed13e9d44f07,commentary,The_Hair-binger_of_Doom__A_List_of_the_Worst_Hairstyles_in_Rock_2,1,4,The speaker has sufficient knowledge about the Who and their stylistic choices.,Katharine_Birbalsingh_Interview___Why__liberal__groupthink_in_education_is_holding_black_and_poor_kids_back,45,6,The speaker has been excluded from awards recognizing women or Black people in education.,2,1,0.8,"{
  ""entailment_score"": 1,
  ""confidence"": 0.8
}"
commentary|The_Hair-binger_of_Doom__A_List_of_the_Worst_Hairstyles_in_Rock_2|1|4|69faed13e9d44f07|6,commentary|The_Hair-binger_of_Doom__A_List_of_the_Worst_Hairstyles_in_Rock_2|1|4|69faed13e9d44f07,commentary,The_Hair-binger_of_Doom__A_List_of_the_Worst_Hairstyles_in_Rock_2,1,4,The speaker has sufficient knowledge about the Who and their stylistic choices.,Katharine_Birbalsingh_Interview___Why__liberal__groupthink_in_education_is_holding_black_and_poor_kids_back,56,1,The speaker acknowledges that the interlocutor has recently been in the news regarding the Corona situation.,2,1,0.95,"{
  ""entailment_score"": 1,
  ""confidence"": 0.95
}"
commentary|The_Hair-binger_of_Doom__A_List_of_the_Worst_Hairstyles_in_Rock_2|1|4|69faed13e9d44f07|7,commentary|The_Hair-binger_of_Doom__A_List_of_the_Worst_Hairstyles_in_Rock_2|1|4|69faed13e9d44f07,commentary,The_Hair-binger_of_Doom__A_List_of_the_Worst_Hairstyles_in_Rock_2,1,4,The speaker has sufficient knowledge about the Who and their stylistic choices.,Katharine_Birbalsingh_Interview___Why__liberal__groupthink_in_education_is_holding_black_and_poor_kids_back,56,2,The speaker expresses uncertainty about how to think about the Corona situation.,2,1,0.8,"{
  ""entailment_score"": 1,
  ""confidence"": 0.8
}"
commentary|The_Hair-binger_of_Doom__A_List_of_the_Worst_Hairstyles_in_Rock_2|1|4|69faed13e9d44f07|8,commentary|The_Hair-binger_of_Doom__A_List_of_the_Worst_Hairstyles_in_Rock_2|1|4|69faed13e9d44f07,commentary,The_Hair-binger_of_Doom__A_List_of_the_Worst_Hairstyles_in_Rock_2,1,4,The speaker has sufficient knowledge about the Who and their stylistic choices.,Katharine_Birbalsingh_Interview___Why__liberal__groupthink_in_education_is_holding_black_and_poor_kids_back,58,4,The speaker has never heard of a similar sudden emergence of expertise in past crises.,2,1,0.95,"{
  ""entailment_score"": 1,
  ""confidence"": 0.95
}"
business|60_-_Colin_Ryan|22|1|0b7ad6811d91b653|0,business|60_-_Colin_Ryan|22|1|0b7ad6811d91b653,business,60_-_Colin_Ryan,22,1,The speaker values proximity to their own home highly.,041__Define_Success_for_Yourself__Not_the_Status_Quo___Amy_Vaughan,17,9,The speaker values collaboration and connection over isolation in professional settings.,2,1,0.95,"{
  ""entailment_score"": 1,
  ""confidence"": 0.95
}"
business|ABFJ_Podcast__Addressing_the_ABL_Talent_Shortage|20|3|b6ba65cede3fd17a|0,business|ABFJ_Podcast__Addressing_the_ABL_Talent_Shortage|20|3|b6ba65cede3fd17a,business,ABFJ_Podcast__Addressing_the_ABL_Talent_Shortage,20,3,The speaker believes it is valuable to anticipate challenges in recruitment.,How_To_Create_A_Marketing_Budget,2,2,The speaker believes they have the capacity to act on the plan.,2,1,0.8,"{
  ""entailment_score"": 1,
  ""confidence"": 0.8
}"
business|ABFJ_Podcast__Addressing_the_ABL_Talent_Shortage|20|3|b6ba65cede3fd17a|1,business|ABFJ_Podcast__Addressing_the_ABL_Talent_Shortage|20|3|b6ba65cede3fd17a,business,ABFJ_Podcast__Addressing_the_ABL_Talent_Shortage,20,3,The speaker believes it is valuable to anticipate challenges in recruitment.,How_To_Create_A_Marketing_Budget,28,2,The speaker believes it is necessary to stay 'on' at all times regarding entrepreneurial readiness.,2,3,0.7,"{
  ""entailment_score"": 3,
  ""confidence"": 0.7
}"
business|ABFJ_Podcast__Addressing_the_ABL_Talent_Shortage|20|3|b6ba65cede3fd17a|2,business|ABFJ_Podcast__Addressing_the_ABL_Talent_Shortage|20|3|b6ba65cede3fd17a,business,ABFJ_Podcast__Addressing_the_ABL_Talent_Shortage,20,3,The speaker believes it is valuable to anticipate challenges in recruitment.,How_To_Create_A_Marketing_Budget,41,2,The speaker believes it is important to critically evaluate media consumption.,2,1,0.95,"{
  ""entailment_score"": 1,
  ""confidence"": 0.95
}"
business|ABFJ_Podcast__Addressing_the_ABL_Talent_Shortage|20|3|b6ba65cede3fd17a|3,business|ABFJ_Podcast__Addressing_the_ABL_Talent_Shortage|20|3|b6ba65cede3fd17a,business,ABFJ_Podcast__Addressing_the_ABL_Talent_Shortage,20,3,The speaker believes it is valuable to anticipate challenges in recruitment.,How_To_Create_A_Marketing_Budget,55,4,The speaker believes that maintaining a consistent wake-up time will improve their well-being.,2,1,0.95,"{
  ""entailment_score"": 1,
  ""confidence"": 0.95
}"
business|ABFJ_Podcast__Addressing_the_ABL_Talent_Shortage|20|3|b6ba65cede3fd17a|4,business|ABFJ_Podcast__Addressing_the_ABL_Talent_Shortage|20|3|b6ba65cede3fd17a,business,ABFJ_Podcast__Addressing_the_ABL_Talent_Shortage,20,3,The speaker believes it is valuable to anticipate challenges in recruitment.,How_To_Create_A_Marketing_Budget,78,3,The speaker believes the listener likely discovered their favorite brands via marketing efforts.,2,1,0.95,"{
  ""entailment_score"": 1,
  ""confidence"": 0.95
}"
business|ABFJ_Podcast__Addressing_the_ABL_Talent_Shortage|20|3|b6ba65cede3fd17a|5,business|ABFJ_Podcast__Addressing_the_ABL_Talent_Shortage|20|3|b6ba65cede3fd17a,business,ABFJ_Podcast__Addressing_the_ABL_Talent_Shortage,20,3,The speaker believes it is valuable to anticipate challenges in recruitment.,How_To_Create_A_Marketing_Budget,88,0,The speaker believes it is necessary to create a marketing strategy.,2,3,0.75,"{
  ""entailment_score"": 3,
  ""confidence"": 0.75
}"
business|ABFJ_Podcast__Addressing_the_ABL_Talent_Shortage|20|3|b6ba65cede3fd17a|6,business|ABFJ_Podcast__Addressing_the_ABL_Talent_Shortage|20|3|b6ba65cede3fd17a,business,ABFJ_Podcast__Addressing_the_ABL_Talent_Shortage,20,3,The speaker believes it is valuable to anticipate challenges in recruitment.,How_To_Create_A_Marketing_Budget,88,1,The speaker believes that implementing a plan follows creating a marketing strategy.,2,1,0.8,"{
  ""entailment_score"": 1,
  ""confidence"": 0.8
}"
political|49798|10|1|496ad1cb143e96b6|0,political|49798|10|1|496ad1cb143e96b6,political,49798,10,1,A meaningful period has elapsed since the election—seven years—is sufficient to assess changes in race relations.,70865,2,4,Chip Roy has been active behind the scenes in Texas conservative politics for years.,2,1,0.95,"{
  ""entailment_score"": 1,
  ""confidence"": 0.95
}"
political|49798|10|1|496ad1cb143e96b6|1,political|49798|10|1|496ad1cb143e96b6,political,49798,10,1,A meaningful period has elapsed since the election—seven years—is sufficient to assess changes in race relations.,70865,6,4,Republican leadership has made no meaningful effort to reduce entitlement spending.,2,1,0.95,"{
  ""entailment_score"": 1,
  ""confidence"": 0.95
}"
political|49798|10|1|496ad1cb143e96b6|2,political|49798|10|1|496ad1cb143e96b6,political,49798,10,1,A meaningful period has elapsed since the election—seven years—is sufficient to assess changes in race relations.,70865,10,1,"The period under discussion spans approximately five to six years after 2010, primarily covering the Obama administration.",2,5,0.8,"{
  ""entailment_score"": 5,
  ""confidence"": 0.8
}"
political|49798|10|1|496ad1cb143e96b6|3,political|49798|10|1|496ad1cb143e96b6,political,49798,10,1,A meaningful period has elapsed since the election—seven years—is sufficient to assess changes in race relations.,70865,34,0,No Democrat has won a statewide office in Texas since 1994.,2,3,0.7,"{
  ""entailment_score"": 3,
  ""confidence"": 0.7
}"
political|49798|10|1|496ad1cb143e96b6|4,political|49798|10|1|496ad1cb143e96b6,political,49798,10,1,A meaningful period has elapsed since the election—seven years—is sufficient to assess changes in race relations.,70865,34,7,The speaker wonders if the interviewee has concerns about Beto O'Rourke potentially winning against Ted Cruz in the upcoming election.,2,1,0.95,"{
  ""entailment_score"": 1,
  ""confidence"": 0.95
}"
political|49798|10|1|496ad1cb143e96b6|5,political|49798|10|1|496ad1cb143e96b6,political,49798,10,1,A meaningful period has elapsed since the election—seven years—is sufficient to assess changes in race relations.,70865,42,1,No Republican candidate has received more than 30% of Hispanic votes nationally since 2004.,2,5,0.85,"{
  ""entailment_score"": 5,
  ""confidence"": 0.85
}"
political|48950|10|0|9d39fdfc8871be9b|0,political|48950|10|0|9d39fdfc8871be9b,political,48950,10,0,Government policy changes should aim to encourage innovation in advanced medical treatments.,46693,10,3,"The goal after losing a game should be improvement, not rule changes.",2,1,0.95,"{
  ""entailment_score"": 1,
  ""confidence"": 0.95
}"
business|Jake_Bathman__Slack_Apps___Bots|29|5|a290376642475ab4|0,business|Jake_Bathman__Slack_Apps___Bots|29|5|a290376642475ab4,business,Jake_Bathman__Slack_Apps___Bots,29,5,Other teams may not share the same usage patterns or needs as the speaker's team.,455__What_Its_Like_to_be_a_Foreign_Policy_Speechwriter_With_Andrew_Imbrie__Center_for_Security_and_Emerging_Technology__Main_T4C_Episode,14,2,The speaker is asking about the number of people on the interlocutor's team.,2,3,0.7,"{
  ""entailment_score"": 3,
  ""confidence"": 0.7
}"
business|Jake_Bathman__Slack_Apps___Bots|29|5|a290376642475ab4|1,business|Jake_Bathman__Slack_Apps___Bots|29|5|a290376642475ab4,business,Jake_Bathman__Slack_Apps___Bots,29,5,Other teams may not share the same usage patterns or needs as the speaker's team.,455__What_Its_Like_to_be_a_Foreign_Policy_Speechwriter_With_Andrew_Imbrie__Center_for_Security_and_Emerging_Technology__Main_T4C_Episode,15,9,Working with the team made the speaker feel like they were 'in the trenches'.,2,1,0.8,"{
  ""entailment_score"": 1,
  ""confidence"": 0.8
}"
business|Jake_Bathman__Slack_Apps___Bots|29|5|a290376642475ab4|2,business|Jake_Bathman__Slack_Apps___Bots|29|5|a290376642475ab4,business,Jake_Bathman__Slack_Apps___Bots,29,5,Other teams may not share the same usage patterns or needs as the speaker's team.,455__What_Its_Like_to_be_a_Foreign_Policy_Speechwriter_With_Andrew_Imbrie__Center_for_Security_and_Emerging_Technology__Main_T4C_Episode,17,2,"On one occasion, the speaker and their team visited four countries within a single day.",2,1,0.95,"{
  ""entailment_score"": 1,
  ""confidence"": 0.95
}"
business|Jake_Bathman__Slack_Apps___Bots|29|5|a290376642475ab4|3,business|Jake_Bathman__Slack_Apps___Bots|29|5|a290376642475ab4,business,Jake_Bathman__Slack_Apps___Bots,29,5,Other teams may not share the same usage patterns or needs as the speaker's team.,455__What_Its_Like_to_be_a_Foreign_Policy_Speechwriter_With_Andrew_Imbrie__Center_for_Security_and_Emerging_Technology__Main_T4C_Episode,22,2,The speaker believes it was a remarkable coincidence that they ended up in the same van as three individuals they were planning to write about.,2,1,0.95,"{
  ""entailment_score"": 1,
  ""confidence"": 0.95
}"
business|Jake_Bathman__Slack_Apps___Bots|29|5|a290376642475ab4|4,business|Jake_Bathman__Slack_Apps___Bots|29|5|a290376642475ab4,business,Jake_Bathman__Slack_Apps___Bots,29,5,Other teams may not share the same usage patterns or needs as the speaker's team.,455__What_Its_Like_to_be_a_Foreign_Policy_Speechwriter_With_Andrew_Imbrie__Center_for_Security_and_Emerging_Technology__Main_T4C_Episode,25,7,Speechwriting involves public persuasion aimed at audiences who may not agree initially.,2,1,0.8,"{
  ""entailment_score"": 1,
  ""confidence"": 0.8
}"
business|Jake_Bathman__Slack_Apps___Bots|29|5|a290376642475ab4|5,business|Jake_Bathman__Slack_Apps___Bots|29|5|a290376642475ab4,business,Jake_Bathman__Slack_Apps___Bots,29,5,Other teams may not share the same usage patterns or needs as the speaker's team.,455__What_Its_Like_to_be_a_Foreign_Policy_Speechwriter_With_Andrew_Imbrie__Center_for_Security_and_Emerging_Technology__Main_T4C_Episode,29,3,Secretary Kerry did not react angrily or fire the speaker despite the flawed draft.,2,1,0.95,"{
  ""entailment_score"": 1,
  ""confidence"": 0.95
}"
business|Jake_Bathman__Slack_Apps___Bots|29|5|a290376642475ab4|6,business|Jake_Bathman__Slack_Apps___Bots|29|5|a290376642475ab4,business,Jake_Bathman__Slack_Apps___Bots,29,5,Other teams may not share the same usage patterns or needs as the speaker's team.,455__What_Its_Like_to_be_a_Foreign_Policy_Speechwriter_With_Andrew_Imbrie__Center_for_Security_and_Emerging_Technology__Main_T4C_Episode,29,5,"Effective speeches require capturing not just the tone and words of a speaker, but also their underlying thought processes, personal history, and worldview.",2,1,0.8,"{
  ""entailment_score"": 1,
  ""confidence"": 0.8
}"
business|Jake_Bathman__Slack_Apps___Bots|29|5|a290376642475ab4|7,business|Jake_Bathman__Slack_Apps___Bots|29|5|a290376642475ab4,business,Jake_Bathman__Slack_Apps___Bots,29,5,Other teams may not share the same usage patterns or needs as the speaker's team.,455__What_Its_Like_to_be_a_Foreign_Policy_Speechwriter_With_Andrew_Imbrie__Center_for_Security_and_Emerging_Technology__Main_T4C_Episode,50,2,The speaker identifies as part of the team behind Time for Coffee.,2,1,0.8,"{
  ""entailment_score"": 1,
  ""confidence"": 0.8
}"
business|Episode_52_-_Predicting_the_future|22|0|3274595ee5317671|0,business|Episode_52_-_Predicting_the_future|22|0|3274595ee5317671,business,Episode_52_-_Predicting_the_future,22,0,The speaker believes they have some discretion in setting prices or offering concessions.,Coffee_and_Conversation_with_Bjarte_Bogsnes,6,3,The speaker believes that comparing ineffective and effective approaches is valuable.,2,1,0.8,"{
  ""entailment_score"": 1,
  ""confidence"": 0.8
}"
commentary|Let_s_Talk_About..._Video_Game_Soundtracks|73|0|9f060a95aaa803f1|0,commentary|Let_s_Talk_About..._Video_Game_Soundtracks|73|0|9f060a95aaa803f1,commentary,Let_s_Talk_About..._Video_Game_Soundtracks,73,0,There exists a meaningful distinction between 'one way' and 'the other' in terms of musical approach for games.,Ep._0___PLC_What_2,14,0,K-pop comebacks frequently shift between drastically different musical concepts.,2,5,0.85,"{
  ""entailment_score"": 5,
  ""confidence"": 0.85
}"
business|Ep._36_-_The_COVID|68|2|94591176dc3031ca|0,business|Ep._36_-_The_COVID|68|2|94591176dc3031ca,business,Ep._36_-_The_COVID,68,2,The speaker and listener share a common understanding of stylistic or rhetorical preferences in language use.,Greg_Twemlow_interviews_Allan_Lalic__founder_of_Kebloom,2,2,The speaker believes the use of youth creativity is impressive.,2,1,0.95,"{
  ""entailment_score"": 1,
  ""confidence"": 0.95
}"
business|Ep._36_-_The_COVID|68|2|94591176dc3031ca|1,business|Ep._36_-_The_COVID|68|2|94591176dc3031ca,business,Ep._36_-_The_COVID,68,2,The speaker and listener share a common understanding of stylistic or rhetorical preferences in language use.,Greg_Twemlow_interviews_Allan_Lalic__founder_of_Kebloom,11,6,People who share core beliefs will quickly resonate with the speaker.,2,3,0.7,"{
  ""entailment_score"": 3,
  ""confidence"": 0.7
}"
business|Ep._36_-_The_COVID|68|2|94591176dc3031ca|2,business|Ep._36_-_The_COVID|68|2|94591176dc3031ca,business,Ep._36_-_The_COVID,68,2,The speaker and listener share a common understanding of stylistic or rhetorical preferences in language use.,Greg_Twemlow_interviews_Allan_Lalic__founder_of_Kebloom,18,0,The speaker acknowledges the listener's current performance as satisfactory.,2,1,0.95,"{
  ""entailment_score"": 1,
  ""confidence"": 0.95
}"
business|Ep._36_-_The_COVID|68|2|94591176dc3031ca|3,business|Ep._36_-_The_COVID|68|2|94591176dc3031ca,business,Ep._36_-_The_COVID,68,2,The speaker and listener share a common understanding of stylistic or rhetorical preferences in language use.,Greg_Twemlow_interviews_Allan_Lalic__founder_of_Kebloom,18,1,The speaker believes the listener is capable of making faster progress.,2,1,0.8,"{
  ""entailment_score"": 1,
  ""confidence"": 0.8
}"
business|Ep._36_-_The_COVID|68|2|94591176dc3031ca|4,business|Ep._36_-_The_COVID|68|2|94591176dc3031ca,business,Ep._36_-_The_COVID,68,2,The speaker and listener share a common understanding of stylistic or rhetorical preferences in language use.,Greg_Twemlow_interviews_Allan_Lalic__founder_of_Kebloom,18,2,The speaker is asking about specific types of assistance needed by the listener.,2,1,0.95,"{
  ""entailment_score"": 1,
  ""confidence"": 0.95
}"
religion|16_-_Paul_Stine__38__-_Golden_Valley__MN|17|5|ff4bb41106a5d7cf|0,religion|16_-_Paul_Stine__38__-_Golden_Valley__MN|17|5|ff4bb41106a5d7cf,religion,16_-_Paul_Stine__38__-_Golden_Valley__MN,17,5,Long-term fulfillment arises from consistency rather than immediate achievement.,Dimensions_Of_Faith__-Part_7_Praise,3,2,The audience should respond with an 'amen' rather than clapping.,2,1,0.85,"{
  ""entailment_score"": 1,
  ""confidence"": 0.85
}"
religion|Changes_and_Communications|1|3|b562fe19ec3d6bed|0,religion|Changes_and_Communications|1|3|b562fe19ec3d6bed,religion,Changes_and_Communications,1,3,"The group (Riley, Bobby, Brandon) does not share the same social circle as the speaker and listener.",Get_To_Give,0,2,The speaker encourages viewers to share the video on social media.,3,1,0.8,"{
  ""entailment_score"": 1,
  ""confidence"": 0.8
}"
religion|Changes_and_Communications|1|3|b562fe19ec3d6bed|1,religion|Changes_and_Communications|1|3|b562fe19ec3d6bed,religion,Changes_and_Communications,1,3,"The group (Riley, Bobby, Brandon) does not share the same social circle as the speaker and listener.",Get_To_Give,0,4,The speaker urges viewers to share the video with people who need spiritual encouragement.,2,3,0.7,"{
  ""entailment_score"": 3,
  ""confidence"": 0.7
}"
commentary|Slept_on_Classics__Music_for_the_Advancement_of_Hip_Hop___Anticon_presents_2|66|0|9e055fa411432a33|0,commentary|Slept_on_Classics__Music_for_the_Advancement_of_Hip_Hop___Anticon_presents_2|66|0|9e055fa411432a33,commentary,Slept_on_Classics__Music_for_the_Advancement_of_Hip_Hop___Anticon_presents_2,66,0,Artistic meaning is shaped by subjective experience rather than objective authorial intent.,Ben_Baldanza__Airlines_and_the_New_Normal_2,9,4,"Some business travel continues, but it is characterized by company-paid tickets rather than personal expense.",2,1,0.95,"{
  ""entailment_score"": 1,
  ""confidence"": 0.95
}"
commentary|59__Dont_Picture_This_Story__Re-Open-Palooza__Hulu_FINALLY_Updates_Their_Apps___More_2|1|2|a9fa2f2332ab504f|0,commentary|59__Dont_Picture_This_Story__Re-Open-Palooza__Hulu_FINALLY_Updates_Their_Apps___More_2|1|2|a9fa2f2332ab504f,commentary,59__Dont_Picture_This_Story__Re-Open-Palooza__Hulu_FINALLY_Updates_Their_Apps___More_2,1,2,The speaker believes the addressee has some form of identity or existence within the context of streaming services.,How_close_are_we_to_a_coronavirus_vaccine_2,11,3,A portion of the adenovirus genome has been modified by removing some genetic material and inserting a gene from the coronavirus.,2,9,0.95,"{
  ""entailment_score"": 9,
  ""confidence"": 0.95
}"
commentary|59__Dont_Picture_This_Story__Re-Open-Palooza__Hulu_FINALLY_Updates_Their_Apps___More_2|1|2|a9fa2f2332ab504f|1,commentary|59__Dont_Picture_This_Story__Re-Open-Palooza__Hulu_FINALLY_Updates_Their_Apps___More_2|1|2|a9fa2f2332ab504f,commentary,59__Dont_Picture_This_Story__Re-Open-Palooza__Hulu_FINALLY_Updates_Their_Apps___More_2,1,2,The speaker believes the addressee has some form of identity or existence within the context of streaming services.,How_close_are_we_to_a_coronavirus_vaccine_2,22,1,The speaker believes the event in question might occur around September.,2,5,0.75,"{
  ""entailment_score"": 5,
  ""confidence"": 0.75
}"
commentary|59__Dont_Picture_This_Story__Re-Open-Palooza__Hulu_FINALLY_Updates_Their_Apps___More_2|1|2|a9fa2f2332ab504f|2,commentary|59__Dont_Picture_This_Story__Re-Open-Palooza__Hulu_FINALLY_Updates_Their_Apps___More_2|1|2|a9fa2f2332ab504f,commentary,59__Dont_Picture_This_Story__Re-Open-Palooza__Hulu_FINALLY_Updates_Their_Apps___More_2,1,2,The speaker believes the addressee has some form of identity or existence within the context of streaming services.,How_close_are_we_to_a_coronavirus_vaccine_2,31,6,A clinical trial for the vaccine has a projected end date within one year.,2,9,0.95,"{
  ""entailment_score"": 9,
  ""confidence"": 0.95
}"
business|Life__Compartmentalization___Role_Clarity|0|1|53a410d8ad8d0b4a|0,business|Life__Compartmentalization___Role_Clarity|0|1|53a410d8ad8d0b4a,business,Life__Compartmentalization___Role_Clarity,0,1,Maintenance and reliability professionals see relevance between their work and personal development.,25._How_to_Stop_Doing_Stupid_Things_When_You_re_Scared,1,3,Sarah Walton is a personal and professional development expert.,2,1,0.8,"{
  ""entailment_score"": 1,
  ""confidence"": 0.8
}"
political|97139|10|0|fcf581ae02c145b7|0,political|97139|10|0|fcf581ae02c145b7,political,97139,10,0,Trump's behavior reflects a pattern of personal attacks rather than policy-based debate.,64866,5,3,I practice expository preaching by focusing on Scripture rather than personal opinions.,3,1,0.95,"{
  ""entailment_score"": 1,
  ""confidence"": 0.95
}"
political|97139|10|0|fcf581ae02c145b7|1,political|97139|10|0|fcf581ae02c145b7,political,97139,10,0,Trump's behavior reflects a pattern of personal attacks rather than policy-based debate.,64866,15,9,Donald Trump’s foreign policy instilled fear in adversaries and reassurance among allies.,2,1,0.95,"{
  ""entailment_score"": 1,
  ""confidence"": 0.95
}"
political|72673|20|0|8c00d92fe72ed648|0,political|72673|20|0|8c00d92fe72ed648,political,72673,20,0,The speaker believes that unified action by the dairy industry would improve the effectiveness of policy reform.,43991,45,5,The speaker believes they have a role to play in trying to improve the situation.,3,5,0.8,"{
  ""entailment_score"": 5,
  ""confidence"": 0.8
}"
political|72673|20|0|8c00d92fe72ed648|1,political|72673|20|0|8c00d92fe72ed648,political,72673,20,0,The speaker believes that unified action by the dairy industry would improve the effectiveness of policy reform.,43991,3,9,The speaker believes that even small contributions matter and help address larger problems.,2,1,0.8,"{
  ""entailment_score"": 1,
  ""confidence"": 0.8
}"
political|72673|20|0|8c00d92fe72ed648|2,political|72673|20|0|8c00d92fe72ed648,political,72673,20,0,The speaker believes that unified action by the dairy industry would improve the effectiveness of policy reform.,43991,22,0,A federal reimagining of electricity would be welcomed by the speaker.,2,1,0.95,"{
  ""entailment_score"": 1,
  ""confidence"": 0.95
}"
political|72673|20|0|8c00d92fe72ed648|3,political|72673|20|0|8c00d92fe72ed648,political,72673,20,0,The speaker believes that unified action by the dairy industry would improve the effectiveness of policy reform.,43991,24,1,The speaker believes the person being addressed is trying to implement programs at the federal level.,2,1,0.8,"{
  ""entailment_score"": 1,
  ""confidence"": 0.8
}"
business|How_Coca-Cola_Is_Trailblazing_the_Skills_Movement|9|0|94955fb8921e29e1|0,business|How_Coca-Cola_Is_Trailblazing_the_Skills_Movement|9|0|94955fb8921e29e1,business,How_Coca-Cola_Is_Trailblazing_the_Skills_Movement,9,0,The speaker believes that self-descriptions often contain unacknowledged or underemphasized qualities relevant to job performance.,475__How_to_Build_an_Advocacy_Coalition_With_Rachel_Sider__Norwegian_Refugee_Council__K-Cup_DoubleShot,2,3,The speaker believes their listeners might be gaining awareness of the large number of meetings involved in working within a coalition.,2,1,0.8,"{
  ""entailment_score"": 1,
  ""confidence"": 0.8
}"
business|The_Secrets_to_Getting_More_Media_for_Your_Book_-_Part_2|7|6|1f707bed454ebf3d|0,business|The_Secrets_to_Getting_More_Media_for_Your_Book_-_Part_2|7|6|1f707bed454ebf3d,business,The_Secrets_to_Getting_More_Media_for_Your_Book_-_Part_2,7,6,The speaker has authority on personal branding due to experience or recognition.,38._BomaLink_Founder_and_CEO_Shola_Salako_on_Building_A_Global_Business_and_Professional_Networking_Platform,4,1,The speaker would like the listener to provide additional details about their schooling experience in Nigeria.,2,1,0.8,"{
  ""entailment_score"": 1,
  ""confidence"": 0.8
}"
business|The_Secrets_to_Getting_More_Media_for_Your_Book_-_Part_2|7|6|1f707bed454ebf3d|1,business|The_Secrets_to_Getting_More_Media_for_Your_Book_-_Part_2|7|6|1f707bed454ebf3d,business,The_Secrets_to_Getting_More_Media_for_Your_Book_-_Part_2,7,6,The speaker has authority on personal branding due to experience or recognition.,38._BomaLink_Founder_and_CEO_Shola_Salako_on_Building_A_Global_Business_and_Professional_Networking_Platform,4,2,The listener has experience attending school in Nigeria.,2,1,0.8,"{
  ""entailment_score"": 1,
  ""confidence"": 0.8
}"
business|The_Secrets_to_Getting_More_Media_for_Your_Book_-_Part_2|7|6|1f707bed454ebf3d|2,business|The_Secrets_to_Getting_More_Media_for_Your_Book_-_Part_2|7|6|1f707bed454ebf3d,business,The_Secrets_to_Getting_More_Media_for_Your_Book_-_Part_2,7,6,The speaker has authority on personal branding due to experience or recognition.,38._BomaLink_Founder_and_CEO_Shola_Salako_on_Building_A_Global_Business_and_Professional_Networking_Platform,13,8,The speaker believes it is their personal mission to help reconnect African diaspora members with Africa.,2,9,0.95,"{
  ""entailment_score"": 9,
  ""confidence"": 0.95
}"
business|The_Secrets_to_Getting_More_Media_for_Your_Book_-_Part_2|7|6|1f707bed454ebf3d|3,business|The_Secrets_to_Getting_More_Media_for_Your_Book_-_Part_2|7|6|1f707bed454ebf3d,business,The_Secrets_to_Getting_More_Media_for_Your_Book_-_Part_2,7,6,The speaker has authority on personal branding due to experience or recognition.,38._BomaLink_Founder_and_CEO_Shola_Salako_on_Building_A_Global_Business_and_Professional_Networking_Platform,21,4,The speaker has been involved in entrepreneurship and business for many years.,2,9,0.95,"{
  ""entailment_score"": 9,
  ""confidence"": 0.95
}"
business|The_Secrets_to_Getting_More_Media_for_Your_Book_-_Part_2|7|6|1f707bed454ebf3d|4,business|The_Secrets_to_Getting_More_Media_for_Your_Book_-_Part_2|7|6|1f707bed454ebf3d,business,The_Secrets_to_Getting_More_Media_for_Your_Book_-_Part_2,7,6,The speaker has authority on personal branding due to experience or recognition.,38._BomaLink_Founder_and_CEO_Shola_Salako_on_Building_A_Global_Business_and_Professional_Networking_Platform,27,2,The speaker experienced a personal spiritual awakening after their son was born.,2,1,0.95,"{
  ""entailment_score"": 1,
  ""confidence"": 0.95
}"
business|The_Secrets_to_Getting_More_Media_for_Your_Book_-_Part_2|7|6|1f707bed454ebf3d|5,business|The_Secrets_to_Getting_More_Media_for_Your_Book_-_Part_2|7|6|1f707bed454ebf3d,business,The_Secrets_to_Getting_More_Media_for_Your_Book_-_Part_2,7,6,The speaker has authority on personal branding due to experience or recognition.,38._BomaLink_Founder_and_CEO_Shola_Salako_on_Building_A_Global_Business_and_Professional_Networking_Platform,30,3,The speaker has set up their profile on BomaLink.,2,5,0.8,"{
  ""entailment_score"": 5,
  ""confidence"": 0.8
}"
political|51924|10|3|738e2776857f805e|0,political|51924|10|3|738e2776857f805e,political,51924,10,3,The speaker's interpretation of Roosevelt’s 1936 campaign reflects a legitimate model for modern political strategy.,92925,4,2,The speaker believes that Laura Kelly intends to emphasize historical political disputes in her campaign.,3,1,0.85,"{
  ""entailment_score"": 1,
  ""confidence"": 0.85
}"
political|51924|10|3|738e2776857f805e|1,political|51924|10|3|738e2776857f805e,political,51924,10,3,The speaker's interpretation of Roosevelt’s 1936 campaign reflects a legitimate model for modern political strategy.,92925,4,0,Laura Kelly will use a campaign strategy focused on revisiting events from the past ten years.,2,3,0.7,"{
  ""entailment_score"": 3,
  ""confidence"": 0.7
}"
political|51924|10|3|738e2776857f805e|2,political|51924|10|3|738e2776857f805e,political,51924,10,3,The speaker's interpretation of Roosevelt’s 1936 campaign reflects a legitimate model for modern political strategy.,92925,7,1,The speaker has a consistent pro-life political record.,2,1,0.95,"{
  ""entailment_score"": 1,
  ""confidence"": 0.95
}"
business|New_Creator_Marketplace_Application_Process___Interview_with_Viral_TikTok_Creator_RynnStar__Pt_2____Ep._19|22|4|edcbafc7c62c4182|0,business|New_Creator_Marketplace_Application_Process___Interview_with_Viral_TikTok_Creator_RynnStar__Pt_2____Ep._19|22|4|edcbafc7c62c4182,business,New_Creator_Marketplace_Application_Process___Interview_with_Viral_TikTok_Creator_RynnStar__Pt_2____Ep._19,22,4,There is moral value in recognizing one’s own ignorance when confronted with new evidence.,How_to_Play_the_Real_Estate_Game_with_Andrew_Cordle,17,5,There is at least one such deal that comes to mind.,2,1,0.95,"{
  ""entailment_score"": 1,
  ""confidence"": 0.95
}"
political|47170|30|4|eeab36876d8614f6|0,political|47170|30|4|eeab36876d8614f6,political,47170,30,4,The listener shares the speaker’s negative view of China’s actions and values.,49868,2,0,The victories experienced by the speaker and the listener were mutually shared.,2,1,0.8,"{
  ""entailment_score"": 1,
  ""confidence"": 0.8
}"
political|47170|30|4|eeab36876d8614f6|1,political|47170|30|4|eeab36876d8614f6,political,47170,30,4,The listener shares the speaker’s negative view of China’s actions and values.,49868,2,2,The speaker gained some personal knowledge of the listener during the interaction.,2,1,0.8,"{
  ""entailment_score"": 1,
  ""confidence"": 0.8
}"
political|47170|30|4|eeab36876d8614f6|2,political|47170|30|4|eeab36876d8614f6,political,47170,30,4,The listener shares the speaker’s negative view of China’s actions and values.,49868,2,4,The speaker learned specific details about the listener's parents prior to the interview.,2,1,0.95,"{
  ""entailment_score"": 1,
  ""confidence"": 0.95
}"
political|47170|30|4|eeab36876d8614f6|3,political|47170|30|4|eeab36876d8614f6,political,47170,30,4,The listener shares the speaker’s negative view of China’s actions and values.,49868,8,0,The speaker and listener have a political consulting practice together.,2,1,0.85,"{
  ""entailment_score"": 1,
  ""confidence"": 0.85
}"
political|47170|30|4|eeab36876d8614f6|4,political|47170|30|4|eeab36876d8614f6,political,47170,30,4,The listener shares the speaker’s negative view of China’s actions and values.,49868,22,0,The speaker is asking whether the listener has a preferred interview question.,2,1,0.95,"{
  ""entailment_score"": 1,
  ""confidence"": 0.95
}"
business|How_A_Mom_s_Twist_Of_Fate_Saved_Her_Depressed_Teen_s_Life|17|3|bb8a2247837b6808|0,business|How_A_Mom_s_Twist_Of_Fate_Saved_Her_Depressed_Teen_s_Life|17|3|bb8a2247837b6808,business,How_A_Mom_s_Twist_Of_Fate_Saved_Her_Depressed_Teen_s_Life,17,3,It is meaningful to question whether medication explains observed behaviors or states.,01_Millennials__work__Holy_Sh_t__w__Wing_Yan_Man,12,3,Conscious action allows individuals to choose whether or not to perform certain behaviors.,2,5,0.8,"{
  ""entailment_score"": 5,
  ""confidence"": 0.8
}"
business|How_A_Mom_s_Twist_Of_Fate_Saved_Her_Depressed_Teen_s_Life|17|3|bb8a2247837b6808|1,business|How_A_Mom_s_Twist_Of_Fate_Saved_Her_Depressed_Teen_s_Life|17|3|bb8a2247837b6808,business,How_A_Mom_s_Twist_Of_Fate_Saved_Her_Depressed_Teen_s_Life,17,3,It is meaningful to question whether medication explains observed behaviors or states.,01_Millennials__work__Holy_Sh_t__w__Wing_Yan_Man,19,0,The speaker is asking whether training programs or performances would be identical when transferred to the United States.,2,1,0.8,"{
  ""entailment_score"": 1,
  ""confidence"": 0.8
}"
political|71747|4|2|fb4f5599e167067e|0,political|71747|4|2|fb4f5599e167067e,political,71747,4,2,There exists a meaningful distinction between regions within the Gulf Coast regarding hurricane impacts.,95822,44,2,There will be a bet tomorrow regarding voter preferences between medical cannabis and Donald Trump and South Dakota.,3,1,0.95,"{
  ""entailment_score"": 1,
  ""confidence"": 0.95
}"
political|71747|4|2|fb4f5599e167067e|1,political|71747|4|2|fb4f5599e167067e,political,71747,4,2,There exists a meaningful distinction between regions within the Gulf Coast regarding hurricane impacts.,95822,7,2,There is currently no established guideline for secure Zoom usage within the organization.,2,1,0.95,"{
  ""entailment_score"": 1,
  ""confidence"": 0.95
}"
political|71747|4|2|fb4f5599e167067e|2,political|71747|4|2|fb4f5599e167067e,political,71747,4,2,There exists a meaningful distinction between regions within the Gulf Coast regarding hurricane impacts.,95822,17,1,There exists a proposal called the Trust App that the speaker supports and helped develop.,2,1,0.95,"{
  ""entailment_score"": 1,
  ""confidence"": 0.95
}"
political|71747|4|2|fb4f5599e167067e|3,political|71747|4|2|fb4f5599e167067e,political,71747,4,2,There exists a meaningful distinction between regions within the Gulf Coast regarding hurricane impacts.,95822,45,3,There is substantial financial investment flowing into South Dakota to influence legislation regarding medical marijuana.,2,1,0.95,"{
  ""entailment_score"": 1,
  ""confidence"": 0.95
}"
political|72687|10|0|5ee4b37bd9d699f5|0,political|72687|10|0|5ee4b37bd9d699f5,political,72687,10,0,The speaker believes that funding decisions require formal legislative processes.,81301,8,7,The speaker believes the U.S. should begin negotiating all drug prices immediately.,2,1,0.8,"{
  ""entailment_score"": 1,
  ""confidence"": 0.8
}"
political|72687|10|0|5ee4b37bd9d699f5|1,political|72687|10|0|5ee4b37bd9d699f5,political,72687,10,0,The speaker believes that funding decisions require formal legislative processes.,81301,15,0,The speaker believes that the proposed change will not affect research into new drugs.,2,1,0.95,"{
  ""entailment_score"": 1,
  ""confidence"": 0.95
}"
political|72687|10|0|5ee4b37bd9d699f5|2,political|72687|10|0|5ee4b37bd9d699f5,political,72687,10,0,The speaker believes that funding decisions require formal legislative processes.,81301,21,0,The speaker believes the listener wants the president to declare a climate emergency.,2,1,0.8,"{
  ""entailment_score"": 1,
  ""confidence"": 0.8
}"
political|72687|10|0|5ee4b37bd9d699f5|3,political|72687|10|0|5ee4b37bd9d699f5,political,72687,10,0,The speaker believes that funding decisions require formal legislative processes.,81301,51,3,The speaker believes the current system has become ineffective due to the lack of procedural barriers.,2,5,0.8,"{
  ""entailment_score"": 5,
  ""confidence"": 0.8
}"
political|74543|4|3|35b5758276ac2118|0,political|74543|4|3|35b5758276ac2118,political,74543,4,3,The speaker believes that political positioning can be meaningfully compared through symbolic groupings like 'the Squad' and 'Democratic Socialists of America'.,76990,15,4,The speaker followed through on Aaron's initiative to send notes offering help.,2,1,0.85,"{
  ""entailment_score"": 1,
  ""confidence"": 0.85
}"
commentary|Cata_-_Getting_COVID-19|20|0|9b29acc3461529bd|0,commentary|Cata_-_Getting_COVID-19|20|0|9b29acc3461529bd,commentary,Cata_-_Getting_COVID-19,20,0,A person entering someone's home without permission should typically provoke some kind of reaction from residents.,Episode_174__Day_of_the_Debt,2,5,Some workers sent home during the pandemic but retained employment status were initially classified as 'employed but absent' rather than 'temporarily unemployed'.,2,1,0.95,"{
  ""entailment_score"": 1,
  ""confidence"": 0.95
}"
business|Steven_Englander__Head_of_G10_FX_and_North_America_Macro_Strategy__Standard_Chartered|4|0|1e992027b7caf886|0,business|Steven_Englander__Head_of_G10_FX_and_North_America_Macro_Strategy__Standard_Chartered|4|0|1e992027b7caf886,business,Steven_Englander__Head_of_G10_FX_and_North_America_Macro_Strategy__Standard_Chartered,4,0,The speaker believes that market behavior should align with underlying economic realities.,S2E12_-_Adapt_and_Survive,2,2,The speaker believes that returning to the office is a recent event.,2,1,0.95,"{
  ""entailment_score"": 1,
  ""confidence"": 0.95
}"
business|Steven_Englander__Head_of_G10_FX_and_North_America_Macro_Strategy__Standard_Chartered|4|0|1e992027b7caf886|1,business|Steven_Englander__Head_of_G10_FX_and_North_America_Macro_Strategy__Standard_Chartered|4|0|1e992027b7caf886,business,Steven_Englander__Head_of_G10_FX_and_North_America_Macro_Strategy__Standard_Chartered,4,0,The speaker believes that market behavior should align with underlying economic realities.,S2E12_-_Adapt_and_Survive,9,8,The behavior of queuing for low-cost items like t-shirts is puzzling to the speaker.,2,1,0.8,"{
  ""entailment_score"": 1,
  ""confidence"": 0.8
}"
business|Steven_Englander__Head_of_G10_FX_and_North_America_Macro_Strategy__Standard_Chartered|4|0|1e992027b7caf886|2,business|Steven_Englander__Head_of_G10_FX_and_North_America_Macro_Strategy__Standard_Chartered|4|0|1e992027b7caf886,business,Steven_Englander__Head_of_G10_FX_and_North_America_Macro_Strategy__Standard_Chartered,4,0,The speaker believes that market behavior should align with underlying economic realities.,S2E12_-_Adapt_and_Survive,23,3,The speaker believes they may be able to provide assistance if needed.,2,3,0.7,"{
  ""entailment_score"": 3,
  ""confidence"": 0.7
}"
business|Entrepreneurs_101_-_Deepti_Sharma__FoodtoEat|20|7|b85896d7364c7c67|0,business|Entrepreneurs_101_-_Deepti_Sharma__FoodtoEat|20|7|b85896d7364c7c67,business,Entrepreneurs_101_-_Deepti_Sharma__FoodtoEat,20,7,Pro bono legal support should exist but currently does not serve small business needs.,E60__How_to_Overcome_Your_Limiting_Beliefs_About_Money__with_Gull_Khan,45,1,The speaker does not provide business strategy training; they focus solely on mindset and money stories.,3,3,0.7,"{
  ""entailment_score"": 3,
  ""confidence"": 0.7
}"
business|Entrepreneurs_101_-_Deepti_Sharma__FoodtoEat|20|7|b85896d7364c7c67|1,business|Entrepreneurs_101_-_Deepti_Sharma__FoodtoEat|20|7|b85896d7364c7c67,business,Entrepreneurs_101_-_Deepti_Sharma__FoodtoEat,20,7,Pro bono legal support should exist but currently does not serve small business needs.,E60__How_to_Overcome_Your_Limiting_Beliefs_About_Money__with_Gull_Khan,17,3,Financial freedom does not necessarily require becoming an entrepreneur or building multiple businesses.,2,3,0.7,"{
  ""entailment_score"": 3,
  ""confidence"": 0.7
}"
business|Entrepreneurs_101_-_Deepti_Sharma__FoodtoEat|20|7|b85896d7364c7c67|2,business|Entrepreneurs_101_-_Deepti_Sharma__FoodtoEat|20|7|b85896d7364c7c67,business,Entrepreneurs_101_-_Deepti_Sharma__FoodtoEat,20,7,Pro bono legal support should exist but currently does not serve small business needs.,E60__How_to_Overcome_Your_Limiting_Beliefs_About_Money__with_Gull_Khan,24,2,The speaker does not expect the listener to reveal proprietary coaching methods.,2,3,0.7,"{
  ""entailment_score"": 3,
  ""confidence"": 0.7
}"
business|Entrepreneurs_101_-_Deepti_Sharma__FoodtoEat|20|7|b85896d7364c7c67|3,business|Entrepreneurs_101_-_Deepti_Sharma__FoodtoEat|20|7|b85896d7364c7c67,business,Entrepreneurs_101_-_Deepti_Sharma__FoodtoEat,20,7,Pro bono legal support should exist but currently does not serve small business needs.,E60__How_to_Overcome_Your_Limiting_Beliefs_About_Money__with_Gull_Khan,29,2,Gold does not have value for me.,2,1,0.8,"{
  ""entailment_score"": 1,
  ""confidence"": 0.8
}"
commentary|The_AIDS_Epidemic__Queer_Identity__and_Catholicism|1|8|733a21e6c3d53615|0,commentary|The_AIDS_Epidemic__Queer_Identity__and_Catholicism|1|8|733a21e6c3d53615,commentary,The_AIDS_Epidemic__Queer_Identity__and_Catholicism,1,8,Being part of a faith tradition does not preclude critique or conflict with its doctrines.,Antibody_tests_showing_coronavirus_was_here_long_before_we_realized,12,3,The timeline of known infection does not align well with the scale of reported cases.,2,1,0.8,"{
  ""entailment_score"": 1,
  ""confidence"": 0.8
}"
commentary|The_AIDS_Epidemic__Queer_Identity__and_Catholicism|1|8|733a21e6c3d53615|1,commentary|The_AIDS_Epidemic__Queer_Identity__and_Catholicism|1|8|733a21e6c3d53615,commentary,The_AIDS_Epidemic__Queer_Identity__and_Catholicism,1,8,Being part of a faith tradition does not preclude critique or conflict with its doctrines.,Antibody_tests_showing_coronavirus_was_here_long_before_we_realized,26,1,The group referred to as 'we' does not perform the action of hitting the floor to be passed.,2,1,0.95,"{
  ""entailment_score"": 1,
  ""confidence"": 0.95
}"
commentary|The_AIDS_Epidemic__Queer_Identity__and_Catholicism|1|8|733a21e6c3d53615|2,commentary|The_AIDS_Epidemic__Queer_Identity__and_Catholicism|1|8|733a21e6c3d53615,commentary,The_AIDS_Epidemic__Queer_Identity__and_Catholicism,1,8,Being part of a faith tradition does not preclude critique or conflict with its doctrines.,Antibody_tests_showing_coronavirus_was_here_long_before_we_realized,37,1,The speaker does not know anything about the story regarding Chinese satellites.,2,1,0.95,"{
  ""entailment_score"": 1,
  ""confidence"": 0.95
}"
commentary|The_AIDS_Epidemic__Queer_Identity__and_Catholicism|1|8|733a21e6c3d53615|3,commentary|The_AIDS_Epidemic__Queer_Identity__and_Catholicism|1|8|733a21e6c3d53615,commentary,The_AIDS_Epidemic__Queer_Identity__and_Catholicism,1,8,Being part of a faith tradition does not preclude critique or conflict with its doctrines.,Antibody_tests_showing_coronavirus_was_here_long_before_we_realized,44,4,China does not have the capability to control satellite re-entry trajectories.,2,1,0.8,"{
  ""entailment_score"": 1,
  ""confidence"": 0.8
}"
business|ASFX_SKEPTIC_TURNED_SUCCESS____MumBossTrader|46|0|cce4da4dfe9b526f|0,business|ASFX_SKEPTIC_TURNED_SUCCESS____MumBossTrader|46|0|cce4da4dfe9b526f,business,ASFX_SKEPTIC_TURNED_SUCCESS____MumBossTrader,46,0,People who trade without risk management are likely to fail.,How_to_Overcome_Stress__Anxiety__and_Depression_as_an_Entrepreneur,26,1,"When stressful events occur, people who lack a good baseline operate at less than full capacity.",2,5,0.8,"{
  ""entailment_score"": 5,
  ""confidence"": 0.8
}"
business|ASFX_SKEPTIC_TURNED_SUCCESS____MumBossTrader|46|0|cce4da4dfe9b526f|1,business|ASFX_SKEPTIC_TURNED_SUCCESS____MumBossTrader|46|0|cce4da4dfe9b526f,business,ASFX_SKEPTIC_TURNED_SUCCESS____MumBossTrader,46,0,People who trade without risk management are likely to fail.,How_to_Overcome_Stress__Anxiety__and_Depression_as_an_Entrepreneur,32,3,The business exists for a purpose and serves many people who depend on it.,2,1,0.8,"{
  ""entailment_score"": 1,
  ""confidence"": 0.8
}"
business|Paul_Romer_on_the_COVID-19_Pandemic|45|6|d5607564f72c383f|0,business|Paul_Romer_on_the_COVID-19_Pandemic|45|6|d5607564f72c383f,business,Paul_Romer_on_the_COVID-19_Pandemic,45,6,Social outcomes are generally predictable and stable when individuals have access to relevant facts.,EP__5__Uncertainty__Markets___GMO_s,117,0,States have earlier dates when spraying is prohibited.,2,1,0.8,"{
  ""entailment_score"": 1,
  ""confidence"": 0.8
}"
religion|Turning_Wisdom_to_Foolishness_--_Jeremy_Bannister|19|3|a5ee306a9dea44b6|0,religion|Turning_Wisdom_to_Foolishness_--_Jeremy_Bannister|19|3|a5ee306a9dea44b6,religion,Turning_Wisdom_to_Foolishness_--_Jeremy_Bannister,19,3,The speaker believes they speak for others experiencing similar difficulties.,You_re_Never_Too_Far_From_God_--_Psalm_61,0,3,The speaker believes they have a place ('an acre') reserved for their soul.,2,9,0.95,"{
  ""entailment_score"": 9,
  ""confidence"": 0.95
}"
political|80188|14|2|6a056429e2f04235|0,political|80188|14|2|6a056429e2f04235,political,80188,14,2,The speaker assumes that being from the same state as an opponent increases emotional intensity and difficulty of competition.,81309,10,2,The speaker assumes the addressee has some level of responsibility or influence regarding bill passage.,2,1,0.95,"{
  ""entailment_score"": 1,
  ""confidence"": 0.95
}"
religion|Episode_15__Quality_Quarantine|16|4|d2c1485d08b1cf70|0,religion|Episode_15__Quality_Quarantine|16|4|d2c1485d08b1cf70,religion,Episode_15__Quality_Quarantine,16,4,Family members value spending quality time together even when structured plans fail.,Christian_Living,3,6,"When worldly things fail to satisfy, it indicates we were made for another world.",2,9,0.95,"{
  ""entailment_score"": 9,
  ""confidence"": 0.95
}"
business|The_Intrapreneurs_Journey_to_Getting_Ideas_Launched__with_Karen_Holst|18|0|6b675ebd041486a7|0,business|The_Intrapreneurs_Journey_to_Getting_Ideas_Launched__with_Karen_Holst|18|0|6b675ebd041486a7,business,The_Intrapreneurs_Journey_to_Getting_Ideas_Launched__with_Karen_Holst,18,0,The speaker believes that tools can meaningfully support entrepreneurial success.,Episode__125_-_Liz_Rodriguez,6,9,Competition among women in professional settings can lead to undermining rather than mutual support.,2,1,0.95,"{
  ""entailment_score"": 1,
  ""confidence"": 0.95
}"
business|The_Intrapreneurs_Journey_to_Getting_Ideas_Launched__with_Karen_Holst|18|0|6b675ebd041486a7|1,business|The_Intrapreneurs_Journey_to_Getting_Ideas_Launched__with_Karen_Holst|18|0|6b675ebd041486a7,business,The_Intrapreneurs_Journey_to_Getting_Ideas_Launched__with_Karen_Holst,18,0,The speaker believes that tools can meaningfully support entrepreneurial success.,Episode__125_-_Liz_Rodriguez,11,9,The speaker believes Elizabeth’s story reflects a particular interpretive lens they attribute to 'Liz'.,2,1,0.8,"{
  ""entailment_score"": 1,
  ""confidence"": 0.8
}"
business|The_Intrapreneurs_Journey_to_Getting_Ideas_Launched__with_Karen_Holst|18|0|6b675ebd041486a7|2,business|The_Intrapreneurs_Journey_to_Getting_Ideas_Launched__with_Karen_Holst|18|0|6b675ebd041486a7,business,The_Intrapreneurs_Journey_to_Getting_Ideas_Launched__with_Karen_Holst,18,0,The speaker believes that tools can meaningfully support entrepreneurial success.,Episode__125_-_Liz_Rodriguez,15,6,The speaker believes that personal worth should not be based on worldly standards.,2,1,0.85,"{
  ""entailment_score"": 1,
  ""confidence"": 0.85
}"
business|The_Intrapreneurs_Journey_to_Getting_Ideas_Launched__with_Karen_Holst|18|0|6b675ebd041486a7|3,business|The_Intrapreneurs_Journey_to_Getting_Ideas_Launched__with_Karen_Holst|18|0|6b675ebd041486a7,business,The_Intrapreneurs_Journey_to_Getting_Ideas_Launched__with_Karen_Holst,18,0,The speaker believes that tools can meaningfully support entrepreneurial success.,Episode__125_-_Liz_Rodriguez,15,7,The speaker believes biblical truth is the ultimate foundation for self-worth.,2,1,0.95,"{
  ""entailment_score"": 1,
  ""confidence"": 0.95
}"
religion|106___The_Fifth_Commandment__Honor_vs_Obedience|5|3|88d447b06873f861|0,religion|106___The_Fifth_Commandment__Honor_vs_Obedience|5|3|88d447b06873f861,religion,106___The_Fifth_Commandment__Honor_vs_Obedience,5,3,The speaker believes the timing of Blur's Day is relevant to current events.,Daily_Devotions___Daily_Devotional_Episode_62__-_Proverbs_9_7-9,0,1,The current program is the Day Devotional Podcast.,2,5,0.8,"{
  ""entailment_score"": 5,
  ""confidence"": 0.8
}"
business|Max_Branstetter_Save_Time_with_Your_Podcast_2|77|3|e8c9ba0aaaae60e1|0,business|Max_Branstetter_Save_Time_with_Your_Podcast_2|77|3|e8c9ba0aaaae60e1,business,Max_Branstetter_Save_Time_with_Your_Podcast_2,77,3,The metaphor of gold mining reflects real-world entrepreneurial or creative endeavors.,NEWYORKBIO_BIOPHARMA_INNOVATORS_SERIES__Taming_the_Healthcare_Data_Explosion,0,0,There has been an explosion of data over the last 10 to 20 years related to real-world evidence.,2,1,0.8,"{
  ""entailment_score"": 1,
  ""confidence"": 0.8
}"
business|Max_Branstetter_Save_Time_with_Your_Podcast_2|77|3|e8c9ba0aaaae60e1|1,business|Max_Branstetter_Save_Time_with_Your_Podcast_2|77|3|e8c9ba0aaaae60e1,business,Max_Branstetter_Save_Time_with_Your_Podcast_2,77,3,The metaphor of gold mining reflects real-world entrepreneurial or creative endeavors.,NEWYORKBIO_BIOPHARMA_INNOVATORS_SERIES__Taming_the_Healthcare_Data_Explosion,0,4,Dr. Mark Berger is on the scientific advisory board of several companies focused on real-world evidence.,2,3,0.7,"{
  ""entailment_score"": 3,
  ""confidence"": 0.7
}"
business|Max_Branstetter_Save_Time_with_Your_Podcast_2|77|3|e8c9ba0aaaae60e1|2,business|Max_Branstetter_Save_Time_with_Your_Podcast_2|77|3|e8c9ba0aaaae60e1,business,Max_Branstetter_Save_Time_with_Your_Podcast_2,77,3,The metaphor of gold mining reflects real-world entrepreneurial or creative endeavors.,NEWYORKBIO_BIOPHARMA_INNOVATORS_SERIES__Taming_the_Healthcare_Data_Explosion,0,5,Dr. Mark Berger founded the Real-World Data and Analytics Group advisor.,2,3,0.7,"{
  ""entailment_score"": 3,
  ""confidence"": 0.7
}"
business|Max_Branstetter_Save_Time_with_Your_Podcast_2|77|3|e8c9ba0aaaae60e1|3,business|Max_Branstetter_Save_Time_with_Your_Podcast_2|77|3|e8c9ba0aaaae60e1,business,Max_Branstetter_Save_Time_with_Your_Podcast_2,77,3,The metaphor of gold mining reflects real-world entrepreneurial or creative endeavors.,NEWYORKBIO_BIOPHARMA_INNOVATORS_SERIES__Taming_the_Healthcare_Data_Explosion,1,4,"At Pfizer, I founded the Real-World Data and Analytics Group.",2,9,0.95,"{
  ""entailment_score"": 9,
  ""confidence"": 0.95
}"
business|Max_Branstetter_Save_Time_with_Your_Podcast_2|77|3|e8c9ba0aaaae60e1|4,business|Max_Branstetter_Save_Time_with_Your_Podcast_2|77|3|e8c9ba0aaaae60e1,business,Max_Branstetter_Save_Time_with_Your_Podcast_2,77,3,The metaphor of gold mining reflects real-world entrepreneurial or creative endeavors.,NEWYORKBIO_BIOPHARMA_INNOVATORS_SERIES__Taming_the_Healthcare_Data_Explosion,2,0,The speaker was not the first person to start the Real-World Evidence Group Advisor.,2,5,0.75,"{
  ""entailment_score"": 5,
  ""confidence"": 0.75
}"
business|Max_Branstetter_Save_Time_with_Your_Podcast_2|77|3|e8c9ba0aaaae60e1|5,business|Max_Branstetter_Save_Time_with_Your_Podcast_2|77|3|e8c9ba0aaaae60e1,business,Max_Branstetter_Save_Time_with_Your_Podcast_2,77,3,The metaphor of gold mining reflects real-world entrepreneurial or creative endeavors.,NEWYORKBIO_BIOPHARMA_INNOVATORS_SERIES__Taming_the_Healthcare_Data_Explosion,2,1,The speaker is being asked about when they began their involvement with the Real-World Evidence Group Advisor.,2,1,0.8,"{
  ""entailment_score"": 1,
  ""confidence"": 0.8
}"
business|Max_Branstetter_Save_Time_with_Your_Podcast_2|77|3|e8c9ba0aaaae60e1|6,business|Max_Branstetter_Save_Time_with_Your_Podcast_2|77|3|e8c9ba0aaaae60e1,business,Max_Branstetter_Save_Time_with_Your_Podcast_2,77,3,The metaphor of gold mining reflects real-world entrepreneurial or creative endeavors.,NEWYORKBIO_BIOPHARMA_INNOVATORS_SERIES__Taming_the_Healthcare_Data_Explosion,2,2,There exists a group called the Real-World Evidence Group Advisor.,2,3,0.7,"{
  ""entailment_score"": 3,
  ""confidence"": 0.7
}"
business|Max_Branstetter_Save_Time_with_Your_Podcast_2|77|3|e8c9ba0aaaae60e1|7,business|Max_Branstetter_Save_Time_with_Your_Podcast_2|77|3|e8c9ba0aaaae60e1,business,Max_Branstetter_Save_Time_with_Your_Podcast_2,77,3,The metaphor of gold mining reflects real-world entrepreneurial or creative endeavors.,NEWYORKBIO_BIOPHARMA_INNOVATORS_SERIES__Taming_the_Healthcare_Data_Explosion,2,3,The speaker is being questioned about whether they were the original founder of the Real-World Evidence Group Advisor.,2,3,0.7,"{
  ""entailment_score"": 3,
  ""confidence"": 0.7
}"
business|Max_Branstetter_Save_Time_with_Your_Podcast_2|77|3|e8c9ba0aaaae60e1|8,business|Max_Branstetter_Save_Time_with_Your_Podcast_2|77|3|e8c9ba0aaaae60e1,business,Max_Branstetter_Save_Time_with_Your_Podcast_2,77,3,The metaphor of gold mining reflects real-world entrepreneurial or creative endeavors.,NEWYORKBIO_BIOPHARMA_INNOVATORS_SERIES__Taming_the_Healthcare_Data_Explosion,3,1,Many companies had already been working on and using Real-World Evidence or Real-World Data.,2,5,0.85,"{
  ""entailment_score"": 5,
  ""confidence"": 0.85
}"
business|Max_Branstetter_Save_Time_with_Your_Podcast_2|77|3|e8c9ba0aaaae60e1|9,business|Max_Branstetter_Save_Time_with_Your_Podcast_2|77|3|e8c9ba0aaaae60e1,business,Max_Branstetter_Save_Time_with_Your_Podcast_2,77,3,The metaphor of gold mining reflects real-world entrepreneurial or creative endeavors.,NEWYORKBIO_BIOPHARMA_INNOVATORS_SERIES__Taming_the_Healthcare_Data_Explosion,3,2,There was no centralized organization to help license Real-World Data.,2,3,0.75,"{
  ""entailment_score"": 3,
  ""confidence"": 0.75
}"
business|Max_Branstetter_Save_Time_with_Your_Podcast_2|77|3|e8c9ba0aaaae60e1|10,business|Max_Branstetter_Save_Time_with_Your_Podcast_2|77|3|e8c9ba0aaaae60e1,business,Max_Branstetter_Save_Time_with_Your_Podcast_2,77,3,The metaphor of gold mining reflects real-world entrepreneurial or creative endeavors.,NEWYORKBIO_BIOPHARMA_INNOVATORS_SERIES__Taming_the_Healthcare_Data_Explosion,3,3,There was a lack of dedicated expertise in cutting-edge analytical methodologies for Real-World Data.,2,5,0.75,"{
  ""entailment_score"": 5,
  ""confidence"": 0.75
}"
business|Max_Branstetter_Save_Time_with_Your_Podcast_2|77|3|e8c9ba0aaaae60e1|11,business|Max_Branstetter_Save_Time_with_Your_Podcast_2|77|3|e8c9ba0aaaae60e1,business,Max_Branstetter_Save_Time_with_Your_Podcast_2,77,3,The metaphor of gold mining reflects real-world entrepreneurial or creative endeavors.,NEWYORKBIO_BIOPHARMA_INNOVATORS_SERIES__Taming_the_Healthcare_Data_Explosion,3,4,There was no standardized way to easily interrogate Real-World Data.,2,3,0.7,"{
  ""entailment_score"": 3,
  ""confidence"": 0.7
}"
business|Max_Branstetter_Save_Time_with_Your_Podcast_2|77|3|e8c9ba0aaaae60e1|12,business|Max_Branstetter_Save_Time_with_Your_Podcast_2|77|3|e8c9ba0aaaae60e1,business,Max_Branstetter_Save_Time_with_Your_Podcast_2,77,3,The metaphor of gold mining reflects real-world entrepreneurial or creative endeavors.,NEWYORKBIO_BIOPHARMA_INNOVATORS_SERIES__Taming_the_Healthcare_Data_Explosion,3,5,The initiative enabled faster adoption of Real-World Data across Pfizer.,2,3,0.7,"{
  ""entailment_score"": 3,
  ""confidence"": 0.7
}"
business|Max_Branstetter_Save_Time_with_Your_Podcast_2|77|3|e8c9ba0aaaae60e1|13,business|Max_Branstetter_Save_Time_with_Your_Podcast_2|77|3|e8c9ba0aaaae60e1,business,Max_Branstetter_Save_Time_with_Your_Podcast_2,77,3,The metaphor of gold mining reflects real-world entrepreneurial or creative endeavors.,NEWYORKBIO_BIOPHARMA_INNOVATORS_SERIES__Taming_the_Healthcare_Data_Explosion,3,7,Real-World Data is now being used more routinely within Pfizer.,2,1,0.95,"{
  ""entailment_score"": 1,
  ""confidence"": 0.95
}"
business|Max_Branstetter_Save_Time_with_Your_Podcast_2|77|3|e8c9ba0aaaae60e1|14,business|Max_Branstetter_Save_Time_with_Your_Podcast_2|77|3|e8c9ba0aaaae60e1,business,Max_Branstetter_Save_Time_with_Your_Podcast_2,77,3,The metaphor of gold mining reflects real-world entrepreneurial or creative endeavors.,NEWYORKBIO_BIOPHARMA_INNOVATORS_SERIES__Taming_the_Healthcare_Data_Explosion,18,4,The speaker wants to understand how past experiences inform future approaches to real-world evidence.,2,5,0.75,"{
  ""entailment_score"": 5,
  ""confidence"": 0.75
}"
business|CWTM__Interview_with_Chow_Mane|38|1|429cd563f0a63f89|0,business|CWTM__Interview_with_Chow_Mane|38|1|429cd563f0a63f89,business,CWTM__Interview_with_Chow_Mane,38,1,There exists at least one music video that was more enjoyable to make than others.,Grace_Harding__If_Cyril_keeps_us_closed_until_September__SA_s_7_000_restaurants_won_t_make_it,2,4,Big brands like Ocean Boss have more backing than others.,3,1,0.8,"{
  ""entailment_score"": 1,
  ""confidence"": 0.8
}"
business|CWTM__Interview_with_Chow_Mane|38|1|429cd563f0a63f89|1,business|CWTM__Interview_with_Chow_Mane|38|1|429cd563f0a63f89,business,CWTM__Interview_with_Chow_Mane,38,1,There exists at least one music video that was more enjoyable to make than others.,Grace_Harding__If_Cyril_keeps_us_closed_until_September__SA_s_7_000_restaurants_won_t_make_it,2,2,"If they wait until level one, they will not make it.",2,1,0.8,"{
  ""entailment_score"": 1,
  ""confidence"": 0.8
}"
religion|Afterburn__Thoughts__Q_A_on_Peace_in_a_World_Not_His_-_Part_7|5|0|14a7b75e18e7a2a0|0,religion|Afterburn__Thoughts__Q_A_on_Peace_in_a_World_Not_His_-_Part_7|5|0|14a7b75e18e7a2a0,religion,Afterburn__Thoughts__Q_A_on_Peace_in_a_World_Not_His_-_Part_7,5,0,The fivefold ministry is a legitimate spiritual gift or role recognized within the speaker's religious framework.,Evening_Prayer__Tuesday__the_eleventh_week_of_Ordinary_Time,1,5,The speaker wants the divine light to shine within their heart.,2,1,0.95,"{
  ""entailment_score"": 1,
  ""confidence"": 0.95
}"
religion|Covid19_-_Psychologist_Viwe_Dweba_-_Increase_of_Suicides_During_Lockdown|0|6|4554b1d4cf1a8c00|0,religion|Covid19_-_Psychologist_Viwe_Dweba_-_Increase_of_Suicides_During_Lockdown|0|6|4554b1d4cf1a8c00,religion,Covid19_-_Psychologist_Viwe_Dweba_-_Increase_of_Suicides_During_Lockdown,0,6,Discussing suicide openly can contribute to prevention efforts and reduce stigma.,Episode_15__How_to_deal_with_COVID-19__Gospel_Care,0,5,The National Suicide Prevention Lifeline is available 24/7 at 1-800-273-8255.,2,5,0.8,"{
  ""entailment_score"": 5,
  ""confidence"": 0.8
}"
sports|Episode___53__NFL_Schedule_Release__Team_Over_Under_s__and_POWER_RANKINGS|22|7|1f034f8c2c9a5124|0,sports|Episode___53__NFL_Schedule_Release__Team_Over_Under_s__and_POWER_RANKINGS|22|7|1f034f8c2c9a5124,sports,Episode___53__NFL_Schedule_Release__Team_Over_Under_s__and_POWER_RANKINGS,22,7,The speaker believes others would benefit from following their advice.,UFC_249_Main_Card_Breakdown___TrashTalk_Sports_Ep._31,0,7,The speaker believes UFC 249 is the largest card they have ever seen.,2,1,0.85,"{
  ""entailment_score"": 1,
  ""confidence"": 0.85
}"
sports|Episode___53__NFL_Schedule_Release__Team_Over_Under_s__and_POWER_RANKINGS|22|7|1f034f8c2c9a5124|1,sports|Episode___53__NFL_Schedule_Release__Team_Over_Under_s__and_POWER_RANKINGS|22|7|1f034f8c2c9a5124,sports,Episode___53__NFL_Schedule_Release__Team_Over_Under_s__and_POWER_RANKINGS,22,7,The speaker believes others would benefit from following their advice.,UFC_249_Main_Card_Breakdown___TrashTalk_Sports_Ep._31,2,6,The speaker believes the final fight was an incredible effort by both fighters.,2,1,0.85,"{
  ""entailment_score"": 1,
  ""confidence"": 0.85
}"
sports|Episode___53__NFL_Schedule_Release__Team_Over_Under_s__and_POWER_RANKINGS|22|7|1f034f8c2c9a5124|2,sports|Episode___53__NFL_Schedule_Release__Team_Over_Under_s__and_POWER_RANKINGS|22|7|1f034f8c2c9a5124,sports,Episode___53__NFL_Schedule_Release__Team_Over_Under_s__and_POWER_RANKINGS,22,7,The speaker believes others would benefit from following their advice.,UFC_249_Main_Card_Breakdown___TrashTalk_Sports_Ep._31,23,0,A victory by Rosenstrauch in Ghana would greatly benefit his career.,2,1,0.95,"{
  ""entailment_score"": 1,
  ""confidence"": 0.95
}"
sports|Episode___53__NFL_Schedule_Release__Team_Over_Under_s__and_POWER_RANKINGS|22|7|1f034f8c2c9a5124|3,sports|Episode___53__NFL_Schedule_Release__Team_Over_Under_s__and_POWER_RANKINGS|22|7|1f034f8c2c9a5124,sports,Episode___53__NFL_Schedule_Release__Team_Over_Under_s__and_POWER_RANKINGS,22,7,The speaker believes others would benefit from following their advice.,UFC_249_Main_Card_Breakdown___TrashTalk_Sports_Ep._31,47,2,Donald Saroni is a fan favorite among the speaker and others.,2,1,0.95,"{
  ""entailment_score"": 1,
  ""confidence"": 0.95
}"
sports|Episode___53__NFL_Schedule_Release__Team_Over_Under_s__and_POWER_RANKINGS|22|7|1f034f8c2c9a5124|4,sports|Episode___53__NFL_Schedule_Release__Team_Over_Under_s__and_POWER_RANKINGS|22|7|1f034f8c2c9a5124,sports,Episode___53__NFL_Schedule_Release__Team_Over_Under_s__and_POWER_RANKINGS,22,7,The speaker believes others would benefit from following their advice.,UFC_249_Main_Card_Breakdown___TrashTalk_Sports_Ep._31,49,6,The speaker believes Cowboy Cernoni still has significant ability left.,2,1,0.85,"{
  ""entailment_score"": 1,
  ""confidence"": 0.85
}"
sports|Episode___53__NFL_Schedule_Release__Team_Over_Under_s__and_POWER_RANKINGS|22|7|1f034f8c2c9a5124|5,sports|Episode___53__NFL_Schedule_Release__Team_Over_Under_s__and_POWER_RANKINGS|22|7|1f034f8c2c9a5124,sports,Episode___53__NFL_Schedule_Release__Team_Over_Under_s__and_POWER_RANKINGS,22,7,The speaker believes others would benefit from following their advice.,UFC_249_Main_Card_Breakdown___TrashTalk_Sports_Ep._31,49,8,The speaker believes Anthony Pettis will win the fight.,2,1,0.95,"{
  ""entailment_score"": 1,
  ""confidence"": 0.95
}"
business|EP_4__Business_Unusual_with_Prof_Lim_Sun_Sun__Head_of_Humanities__Arts_and_Social_Sciences_of_SUTD|6|0|62c09e1ff963a359|0,business|EP_4__Business_Unusual_with_Prof_Lim_Sun_Sun__Head_of_Humanities__Arts_and_Social_Sciences_of_SUTD|6|0|62c09e1ff963a359,business,EP_4__Business_Unusual_with_Prof_Lim_Sun_Sun__Head_of_Humanities__Arts_and_Social_Sciences_of_SUTD,6,0,A shift toward digital platforms represents progress or positive development.,Lets_Sound_Off_on_HR___The_Gig_Economy,18,4,I need to make a shift toward managing digital nomads.,3,7,0.85,"{
  ""entailment_score"": 7,
  ""confidence"": 0.85
}"
business|EP_4__Business_Unusual_with_Prof_Lim_Sun_Sun__Head_of_Humanities__Arts_and_Social_Sciences_of_SUTD|6|0|62c09e1ff963a359|1,business|EP_4__Business_Unusual_with_Prof_Lim_Sun_Sun__Head_of_Humanities__Arts_and_Social_Sciences_of_SUTD|6|0|62c09e1ff963a359,business,EP_4__Business_Unusual_with_Prof_Lim_Sun_Sun__Head_of_Humanities__Arts_and_Social_Sciences_of_SUTD,6,0,A shift toward digital platforms represents progress or positive development.,Lets_Sound_Off_on_HR___The_Gig_Economy,7,0,A mindset shift is necessary at the beginning of integrating digital nomads into companies.,2,1,0.8,"{
  ""entailment_score"": 1,
  ""confidence"": 0.8
}"
business|EP_4__Business_Unusual_with_Prof_Lim_Sun_Sun__Head_of_Humanities__Arts_and_Social_Sciences_of_SUTD|6|0|62c09e1ff963a359|2,business|EP_4__Business_Unusual_with_Prof_Lim_Sun_Sun__Head_of_Humanities__Arts_and_Social_Sciences_of_SUTD|6|0|62c09e1ff963a359,business,EP_4__Business_Unusual_with_Prof_Lim_Sun_Sun__Head_of_Humanities__Arts_and_Social_Sciences_of_SUTD,6,0,A shift toward digital platforms represents progress or positive development.,Lets_Sound_Off_on_HR___The_Gig_Economy,52,3,"This episode is available on most digital audio platforms including Google Podcasts, iTunes, and Spotify.",2,9,0.95,"{
  ""entailment_score"": 9,
  ""confidence"": 0.95
}"
business|Nathan_Tankus_on_Public_Finance_in_the_COVID-19_Crisis__A_Consolidated_Budget_Balance_View_and_its_Implications_for_Policy|14|8|cadbc7b467e69a72|0,business|Nathan_Tankus_on_Public_Finance_in_the_COVID-19_Crisis__A_Consolidated_Budget_Balance_View_and_its_Implications_for_Policy|14|8|cadbc7b467e69a72,business,Nathan_Tankus_on_Public_Finance_in_the_COVID-19_Crisis__A_Consolidated_Budget_Balance_View_and_its_Implications_for_Policy,14,8,The speaker believes that transparency about systemic dependencies strengthens credibility.,Hendrick_Monyeki__Music_Entrepreneur__Ed._2,2,0,The speaker wants to discuss details about what the other person is offering.,2,1,0.8,"{
  ""entailment_score"": 1,
  ""confidence"": 0.8
}"
business|Nathan_Tankus_on_Public_Finance_in_the_COVID-19_Crisis__A_Consolidated_Budget_Balance_View_and_its_Implications_for_Policy|14|8|cadbc7b467e69a72|1,business|Nathan_Tankus_on_Public_Finance_in_the_COVID-19_Crisis__A_Consolidated_Budget_Balance_View_and_its_Implications_for_Policy|14|8|cadbc7b467e69a72,business,Nathan_Tankus_on_Public_Finance_in_the_COVID-19_Crisis__A_Consolidated_Budget_Balance_View_and_its_Implications_for_Policy,14,8,The speaker believes that transparency about systemic dependencies strengthens credibility.,Hendrick_Monyeki__Music_Entrepreneur__Ed._2,6,0,The speaker believes that the person being addressed has created their own shows.,2,1,0.8,"{
  ""entailment_score"": 1,
  ""confidence"": 0.8
}"
business|Nathan_Tankus_on_Public_Finance_in_the_COVID-19_Crisis__A_Consolidated_Budget_Balance_View_and_its_Implications_for_Policy|14|8|cadbc7b467e69a72|2,business|Nathan_Tankus_on_Public_Finance_in_the_COVID-19_Crisis__A_Consolidated_Budget_Balance_View_and_its_Implications_for_Policy|14|8|cadbc7b467e69a72,business,Nathan_Tankus_on_Public_Finance_in_the_COVID-19_Crisis__A_Consolidated_Budget_Balance_View_and_its_Implications_for_Policy,14,8,The speaker believes that transparency about systemic dependencies strengthens credibility.,Hendrick_Monyeki__Music_Entrepreneur__Ed._2,6,1,The speaker believes that the person being addressed might have their own band.,2,1,0.8,"{
  ""entailment_score"": 1,
  ""confidence"": 0.8
}"
business|Nathan_Tankus_on_Public_Finance_in_the_COVID-19_Crisis__A_Consolidated_Budget_Balance_View_and_its_Implications_for_Policy|14|8|cadbc7b467e69a72|3,business|Nathan_Tankus_on_Public_Finance_in_the_COVID-19_Crisis__A_Consolidated_Budget_Balance_View_and_its_Implications_for_Policy|14|8|cadbc7b467e69a72,business,Nathan_Tankus_on_Public_Finance_in_the_COVID-19_Crisis__A_Consolidated_Budget_Balance_View_and_its_Implications_for_Policy,14,8,The speaker believes that transparency about systemic dependencies strengthens credibility.,Hendrick_Monyeki__Music_Entrepreneur__Ed._2,10,0,The speaker is asking whether the listener had clarity about pursuing entrepreneurship in music at a specific past point.,2,1,0.95,"{
  ""entailment_score"": 1,
  ""confidence"": 0.95
}"
business|Nathan_Tankus_on_Public_Finance_in_the_COVID-19_Crisis__A_Consolidated_Budget_Balance_View_and_its_Implications_for_Policy|14|8|cadbc7b467e69a72|4,business|Nathan_Tankus_on_Public_Finance_in_the_COVID-19_Crisis__A_Consolidated_Budget_Balance_View_and_its_Implications_for_Policy|14|8|cadbc7b467e69a72,business,Nathan_Tankus_on_Public_Finance_in_the_COVID-19_Crisis__A_Consolidated_Budget_Balance_View_and_its_Implications_for_Policy,14,8,The speaker believes that transparency about systemic dependencies strengthens credibility.,Hendrick_Monyeki__Music_Entrepreneur__Ed._2,16,4,The speaker believes they are fortunate due to personal passion and serendipitous encounters.,2,1,0.95,"{
  ""entailment_score"": 1,
  ""confidence"": 0.95
}"
business|Nathan_Tankus_on_Public_Finance_in_the_COVID-19_Crisis__A_Consolidated_Budget_Balance_View_and_its_Implications_for_Policy|14|8|cadbc7b467e69a72|5,business|Nathan_Tankus_on_Public_Finance_in_the_COVID-19_Crisis__A_Consolidated_Budget_Balance_View_and_its_Implications_for_Policy|14|8|cadbc7b467e69a72,business,Nathan_Tankus_on_Public_Finance_in_the_COVID-19_Crisis__A_Consolidated_Budget_Balance_View_and_its_Implications_for_Policy,14,8,The speaker believes that transparency about systemic dependencies strengthens credibility.,Hendrick_Monyeki__Music_Entrepreneur__Ed._2,18,0,The speaker believes the listener has big dreams for their business.,2,1,0.8,"{
  ""entailment_score"": 1,
  ""confidence"": 0.8
}"
business|Nathan_Tankus_on_Public_Finance_in_the_COVID-19_Crisis__A_Consolidated_Budget_Balance_View_and_its_Implications_for_Policy|14|8|cadbc7b467e69a72|6,business|Nathan_Tankus_on_Public_Finance_in_the_COVID-19_Crisis__A_Consolidated_Budget_Balance_View_and_its_Implications_for_Policy|14|8|cadbc7b467e69a72,business,Nathan_Tankus_on_Public_Finance_in_the_COVID-19_Crisis__A_Consolidated_Budget_Balance_View_and_its_Implications_for_Policy,14,8,The speaker believes that transparency about systemic dependencies strengthens credibility.,Hendrick_Monyeki__Music_Entrepreneur__Ed._2,18,2,The speaker is framing the question about vision as a respectful inquiry.,2,1,0.8,"{
  ""entailment_score"": 1,
  ""confidence"": 0.8
}"
sports|Careers_In_Sport_Podcast_-_Lee_Hemmings_-_Managing_Director_-_Player_Lens_2|1|3|a320639d911bea32|0,sports|Careers_In_Sport_Podcast_-_Lee_Hemmings_-_Managing_Director_-_Player_Lens_2|1|3|a320639d911bea32,sports,Careers_In_Sport_Podcast_-_Lee_Hemmings_-_Managing_Director_-_Player_Lens_2,1,3,The relationship between speaker and listener involves mutual trust and cooperation.,Jose_Mourinho_on__La_casa_de_papel___Money_Heist,13,0,The speaker is asking about the listener's emotional experience upon beginning to watch new episodes.,2,3,0.8,"{
  ""entailment_score"": 3,
  ""confidence"": 0.8
}"
political|97048|13|1|7974b3ffd67906df|0,political|97048|13|1|7974b3ffd67906df,political,97048,13,1,The speaker views democratic institutions as currently under existential threat.,91076,4,4,Abortion rights are currently under threat in some red states where bans could be enacted.,3,1,0.8,"{
  ""entailment_score"": 1,
  ""confidence"": 0.8
}"
political|97048|13|1|7974b3ffd67906df|1,political|97048|13|1|7974b3ffd67906df,political,97048,13,1,The speaker views democratic institutions as currently under existential threat.,91076,30,3,The speaker views the addressee as a moderate congressman in this region.,2,1,0.8,"{
  ""entailment_score"": 1,
  ""confidence"": 0.8
}"
political|97048|13|1|7974b3ffd67906df|2,political|97048|13|1|7974b3ffd67906df,political,97048,13,1,The speaker views democratic institutions as currently under existential threat.,91076,40,4,The speaker has not yet disclosed their support in the Democratic primary for governor.,2,1,0.95,"{
  ""entailment_score"": 1,
  ""confidence"": 0.95
}"
sports|145_of_The_FICDP_-_Profiting_from_the_Matching_Engine_with_Index_Moneyball|5|0|c616a998e7669116|0,sports|145_of_The_FICDP_-_Profiting_from_the_Matching_Engine_with_Index_Moneyball|5|0|c616a998e7669116,sports,145_of_The_FICDP_-_Profiting_from_the_Matching_Engine_with_Index_Moneyball,5,0,Market prices in the short term reflect investor sentiment rather than intrinsic value.,Sundays_For_Men_Episode_3_2,1,3,The speaker urges Black men to practice greater accountability rather than relying on Black women to educate or rescue them.,2,1,0.8,"{
  ""entailment_score"": 1,
  ""confidence"": 0.8
}"
business|Sunny_Dhadley__addiction_to_leadership|32|4|f937c2771f3cbe7c|0,business|Sunny_Dhadley__addiction_to_leadership|32|4|f937c2771f3cbe7c,business,Sunny_Dhadley__addiction_to_leadership,32,4,The speaker believes the advice question has intrinsic value for both guest and audience.,The_Top_3_Things_Home_Sellers_Really_Want,2,7,The speaker has 21 years of real estate experience and 15 years of coaching experience.,2,1,0.8,"{
  ""entailment_score"": 1,
  ""confidence"": 0.8
}"
commentary|Bonus__The__We_Didn_t_Start_the_Fire__Music_Video_2|25|3|e0ba5c8dbb899077|0,commentary|Bonus__The__We_Didn_t_Start_the_Fire__Music_Video_2|25|3|e0ba5c8dbb899077,commentary,Bonus__The__We_Didn_t_Start_the_Fire__Music_Video_2,25,3,The speaker believes the event depicted is authentic and representative of real occurrences.,49._Their_Satanic_Majesties_Request_-_The_Rolling_Stones,30,3,The speaker believes 'Cididel' is one of the band's better songs from this period.,2,1,0.8,"{
  ""entailment_score"": 1,
  ""confidence"": 0.8
}"
commentary|Bonus__The__We_Didn_t_Start_the_Fire__Music_Video_2|25|3|e0ba5c8dbb899077|1,commentary|Bonus__The__We_Didn_t_Start_the_Fire__Music_Video_2|25|3|e0ba5c8dbb899077,commentary,Bonus__The__We_Didn_t_Start_the_Fire__Music_Video_2,25,3,The speaker believes the event depicted is authentic and representative of real occurrences.,49._Their_Satanic_Majesties_Request_-_The_Rolling_Stones,39,1,The speaker believes there is a recognizable similarity between the current music and the Gates of Dawn era of Piper.,2,1,0.85,"{
  ""entailment_score"": 1,
  ""confidence"": 0.85
}"
commentary|Bonus__The__We_Didn_t_Start_the_Fire__Music_Video_2|25|3|e0ba5c8dbb899077|2,commentary|Bonus__The__We_Didn_t_Start_the_Fire__Music_Video_2|25|3|e0ba5c8dbb899077,commentary,Bonus__The__We_Didn_t_Start_the_Fire__Music_Video_2,25,3,The speaker believes the event depicted is authentic and representative of real occurrences.,49._Their_Satanic_Majesties_Request_-_The_Rolling_Stones,40,1,The speaker believes they may have observed or inferred the presence of a recording device.,2,3,0.7,"{
  ""entailment_score"": 3,
  ""confidence"": 0.7
}"
commentary|004_-__Dance_Floor_Anthem__I_Don_t_Wanna_Be_In_Love__x_Angela_Mastrogiacomo|75|0|1bc86672650d2c03|0,commentary|004_-__Dance_Floor_Anthem__I_Don_t_Wanna_Be_In_Love__x_Angela_Mastrogiacomo|75|0|1bc86672650d2c03,commentary,004_-__Dance_Floor_Anthem__I_Don_t_Wanna_Be_In_Love__x_Angela_Mastrogiacomo,75,0,Success can be judged based on public recognition rather than deep personal knowledge.,Monday_Mornings_w__Ruthie_and_RA__1504,8,7,The speaker believes Dr. Fauci should be prosecuted for crimes against humanity based on personal judgment.,2,1,0.95,"{
  ""entailment_score"": 1,
  ""confidence"": 0.95
}"
commentary|004_-__Dance_Floor_Anthem__I_Don_t_Wanna_Be_In_Love__x_Angela_Mastrogiacomo|75|0|1bc86672650d2c03|1,commentary|004_-__Dance_Floor_Anthem__I_Don_t_Wanna_Be_In_Love__x_Angela_Mastrogiacomo|75|0|1bc86672650d2c03,commentary,004_-__Dance_Floor_Anthem__I_Don_t_Wanna_Be_In_Love__x_Angela_Mastrogiacomo,75,0,Success can be judged based on public recognition rather than deep personal knowledge.,Monday_Mornings_w__Ruthie_and_RA__1504,17,8,Many of the current questions focus on past events rather than present concerns.,2,1,0.95,"{
  ""entailment_score"": 1,
  ""confidence"": 0.95
}"
commentary|004_-__Dance_Floor_Anthem__I_Don_t_Wanna_Be_In_Love__x_Angela_Mastrogiacomo|75|0|1bc86672650d2c03|2,commentary|004_-__Dance_Floor_Anthem__I_Don_t_Wanna_Be_In_Love__x_Angela_Mastrogiacomo|75|0|1bc86672650d2c03,commentary,004_-__Dance_Floor_Anthem__I_Don_t_Wanna_Be_In_Love__x_Angela_Mastrogiacomo,75,0,Success can be judged based on public recognition rather than deep personal knowledge.,Monday_Mornings_w__Ruthie_and_RA__1504,18,4,Vaccine trials sometimes compare new vaccines to existing vaccines rather than inert placebos.,2,1,0.95,"{
  ""entailment_score"": 1,
  ""confidence"": 0.95
}"
commentary|004_-__Dance_Floor_Anthem__I_Don_t_Wanna_Be_In_Love__x_Angela_Mastrogiacomo|75|0|1bc86672650d2c03|3,commentary|004_-__Dance_Floor_Anthem__I_Don_t_Wanna_Be_In_Love__x_Angela_Mastrogiacomo|75|0|1bc86672650d2c03,commentary,004_-__Dance_Floor_Anthem__I_Don_t_Wanna_Be_In_Love__x_Angela_Mastrogiacomo,75,0,Success can be judged based on public recognition rather than deep personal knowledge.,Monday_Mornings_w__Ruthie_and_RA__1504,22,2,Viruses and toxins can be buried deep in bodily tissues when the body cannot process them.,2,1,0.95,"{
  ""entailment_score"": 1,
  ""confidence"": 0.95
}"
commentary|004_-__Dance_Floor_Anthem__I_Don_t_Wanna_Be_In_Love__x_Angela_Mastrogiacomo|75|0|1bc86672650d2c03|4,commentary|004_-__Dance_Floor_Anthem__I_Don_t_Wanna_Be_In_Love__x_Angela_Mastrogiacomo|75|0|1bc86672650d2c03,commentary,004_-__Dance_Floor_Anthem__I_Don_t_Wanna_Be_In_Love__x_Angela_Mastrogiacomo,75,0,Success can be judged based on public recognition rather than deep personal knowledge.,Monday_Mornings_w__Ruthie_and_RA__1504,38,8,"Vaccines contain the virus they claim to prevent, leading to further spread rather than elimination.",2,1,0.95,"{
  ""entailment_score"": 1,
  ""confidence"": 0.95
}"
business|S1_E3__Tree_Surgeon_vs_Librarian_vs_Baking_Technologist|127|0|afa309fc6a409c3e|0,business|S1_E3__Tree_Surgeon_vs_Librarian_vs_Baking_Technologist|127|0|afa309fc6a409c3e,business,S1_E3__Tree_Surgeon_vs_Librarian_vs_Baking_Technologist,127,0,The audience will recognize the absurdity of the term 'bacon technologist' as humorous.,Creative_effectiveness_in_a_crisis_-_Orlando_Wood,0,9,The audience will learn something valuable and be inspired by Orlando Wood’s perspectives on effective advertising.,2,1,0.85,"{
  ""entailment_score"": 1,
  ""confidence"": 0.85
}"
religion|7_Serving_Gifts__Gift_of_Discernment|37|2|3831bf06b1586e67|0,religion|7_Serving_Gifts__Gift_of_Discernment|37|2|3831bf06b1586e67,religion,7_Serving_Gifts__Gift_of_Discernment,37,2,The speaker holds agency over actions related to protecting Destiny.,Dont_have_a_cow-_it_was_just_a_dream,89,0,The speaker agrees with the previous point about future agency.,2,9,0.95,"{
  ""entailment_score"": 9,
  ""confidence"": 0.95
}"
business|BookBrunch_and_publishing_news|0|4|e5d0bff1b9740f2a|0,business|BookBrunch_and_publishing_news|0|4|e5d0bff1b9740f2a,business,BookBrunch_and_publishing_news,0,4,Independent and self-publishing topics are relevant and timely for the audience.,015___Quality_Improvement_Consulting_w__Jarvis_Gray,0,3,The current episode provides strategic insights relevant to the podcast’s target audience.,2,9,0.95,"{
  ""entailment_score"": 9,
  ""confidence"": 0.95
}"
political|51203|5|4|4d13d76c65aafe12|0,political|51203|5|4|4d13d76c65aafe12,political,51203,5,4,Scholars like Michael Beschloss provide reliable historical insights into presidential decision-making.,71235,4,8,Republican leaders want to have a seat at the decision-making table.,2,1,0.95,"{
  ""entailment_score"": 1,
  ""confidence"": 0.95
}"
religion|Zooming_in_on_Hope_Ep._2___Jeremiah_Crosby|19|3|2c2ffa825722a5fe|0,religion|Zooming_in_on_Hope_Ep._2___Jeremiah_Crosby|19|3|2c2ffa825722a5fe,religion,Zooming_in_on_Hope_Ep._2___Jeremiah_Crosby,19,3,The speaker has access to and understands official health recommendations.,Episode_52__Matthew_16_13-19,8,2,The speaker believes the act of preaching has been revealed or exposed.,2,1,0.8,"{
  ""entailment_score"": 1,
  ""confidence"": 0.8
}"
business|Bad_Practices_and_How_To_Avoid_Them_-_197_2|12|1|b28e2bde150aa7fe|0,business|Bad_Practices_and_How_To_Avoid_Them_-_197_2|12|1|b28e2bde150aa7fe,business,Bad_Practices_and_How_To_Avoid_Them_-_197_2,12,1,Using buzzwords like 'collaborate' signals shallow engagement rather than genuine intention.,Premium_Service_vs._Customer_Service_w__Barry_Jacobson,11,5,Guests appreciate being treated as individuals rather than faceless customers.,2,5,0.8,"{
  ""entailment_score"": 5,
  ""confidence"": 0.8
}"
business|Bad_Practices_and_How_To_Avoid_Them_-_197_2|12|1|b28e2bde150aa7fe|1,business|Bad_Practices_and_How_To_Avoid_Them_-_197_2|12|1|b28e2bde150aa7fe,business,Bad_Practices_and_How_To_Avoid_Them_-_197_2,12,1,Using buzzwords like 'collaborate' signals shallow engagement rather than genuine intention.,Premium_Service_vs._Customer_Service_w__Barry_Jacobson,25,5,Starbucks' success is linked to its focus on emotional connection and community-building rather than just product sales.,2,3,0.7,"{
  ""entailment_score"": 3,
  ""confidence"": 0.7
}"
business|Episode__2__Noah_Irby__Wayward_Coffee|27|2|e6e0c9538c1cc884|0,business|Episode__2__Noah_Irby__Wayward_Coffee|27|2|e6e0c9538c1cc884,business,Episode__2__Noah_Irby__Wayward_Coffee,27,2,People who genuinely care about others are more trustworthy and reliable than those who prioritize knowledge alone.,Thinking_Beyond_the_Panic__Sourcing_Strategies_After_COVID-19_2,3,6,"If China had communicated early about the virus, the WHO or other countries could have stopped the spread.",2,1,0.8,"{
  ""entailment_score"": 1,
  ""confidence"": 0.8
}"
business|Episode__2__Noah_Irby__Wayward_Coffee|27|2|e6e0c9538c1cc884|1,business|Episode__2__Noah_Irby__Wayward_Coffee|27|2|e6e0c9538c1cc884,business,Episode__2__Noah_Irby__Wayward_Coffee,27,2,People who genuinely care about others are more trustworthy and reliable than those who prioritize knowledge alone.,Thinking_Beyond_the_Panic__Sourcing_Strategies_After_COVID-19_2,6,3,"Mexico offers some level of affordability for manufacturing, though less than others.",2,1,0.95,"{
  ""entailment_score"": 1,
  ""confidence"": 0.95
}"
business|Episode__2__Noah_Irby__Wayward_Coffee|27|2|e6e0c9538c1cc884|2,business|Episode__2__Noah_Irby__Wayward_Coffee|27|2|e6e0c9538c1cc884,business,Episode__2__Noah_Irby__Wayward_Coffee,27,2,People who genuinely care about others are more trustworthy and reliable than those who prioritize knowledge alone.,Thinking_Beyond_the_Panic__Sourcing_Strategies_After_COVID-19_2,9,5,Xi Jinping has proven to be more aggressive and ambitious in advancing China's long-term ambitions than many external observers anticipated.,2,1,0.95,"{
  ""entailment_score"": 1,
  ""confidence"": 0.95
}"
business|COVID-19__Have_You_Kept_Up_with_Pest_Control|10|1|9830373037abe2e8|0,business|COVID-19__Have_You_Kept_Up_with_Pest_Control|10|1|9830373037abe2e8,business,COVID-19__Have_You_Kept_Up_with_Pest_Control,10,1,Other observable signs of infestation or structural issues exist beyond those already mentioned.,Everything_You_Need_to_Know_About_Investing_and_Renovating_Property,43,1,The speaker is questioning whether another cost existed beyond the one previously mentioned.,2,1,0.8,"{
  ""entailment_score"": 1,
  ""confidence"": 0.8
}"
business|EP__77_-_Lars_Mangelsdorf__Getting_Swiss_Sales_Right|12|4|7adcc50b541ca85d|0,business|EP__77_-_Lars_Mangelsdorf__Getting_Swiss_Sales_Right|12|4|7adcc50b541ca85d,business,EP__77_-_Lars_Mangelsdorf__Getting_Swiss_Sales_Right,12,4,The listener likely has experience or insight into effective initial outreach techniques.,Russell_Colbourne_CFO_and_Entrepreneur_-_Encore_Entrepreneurs_2,4,3,"Russell Colburn has experience across multiple industries including aviation, manufacturing, transport, health, digital media, commercial services, and law.",2,3,0.8,"{
  ""entailment_score"": 3,
  ""confidence"": 0.8
}"
business|EP__77_-_Lars_Mangelsdorf__Getting_Swiss_Sales_Right|12|4|7adcc50b541ca85d|1,business|EP__77_-_Lars_Mangelsdorf__Getting_Swiss_Sales_Right|12|4|7adcc50b541ca85d,business,EP__77_-_Lars_Mangelsdorf__Getting_Swiss_Sales_Right,12,4,The listener likely has experience or insight into effective initial outreach techniques.,Russell_Colbourne_CFO_and_Entrepreneur_-_Encore_Entrepreneurs_2,8,9,The speaker has over 30 years of experience as a chartered accountant and works within Virgin and ACCA.,2,3,0.7,"{
  ""entailment_score"": 3,
  ""confidence"": 0.7
}"
business|PR_BENEFITS_ep_2_-_Tony_Vann__Oklahoma|0|0|e2b30c723160f4ca|0,business|PR_BENEFITS_ep_2_-_Tony_Vann__Oklahoma|0|0|e2b30c723160f4ca,business,PR_BENEFITS_ep_2_-_Tony_Vann__Oklahoma,0,0,Crisis communication skills developed during past events like 9/11 and 2008 remain relevant to current crises like the pandemic.,Embracing_Cultural_Intelligence_in_Negotiation,17,8,"Action in negotiation includes verbal and non-verbal communication across multiple channels like email, phone, and face-to-face.",2,3,0.7,"{
  ""entailment_score"": 3,
  ""confidence"": 0.7
}"
business|Automate___Scale_Business_Expert_-_Hawk_Mikado___Episode_009|5|3|cfb82942b918146f|0,business|Automate___Scale_Business_Expert_-_Hawk_Mikado___Episode_009|5|3|cfb82942b918146f,business,Automate___Scale_Business_Expert_-_Hawk_Mikado___Episode_009,5,3,Venting during trips is a normal and expected part of shared travel experiences.,Comparing_Bear_Markets_Through_the_Years_and_Lessons_Learned,15,4,The cessation of lending during the crisis disrupted normal business operations across sectors.,2,1,0.95,"{
  ""entailment_score"": 1,
  ""confidence"": 0.95
}"
commentary|Michele_Nidiffer_on_Wake_Up_To_The_Vibe|26|4|f1feddb0a867a540|0,commentary|Michele_Nidiffer_on_Wake_Up_To_The_Vibe|26|4|f1feddb0a867a540,commentary,Michele_Nidiffer_on_Wake_Up_To_The_Vibe,26,4,The speaker’s identity as someone who has experienced struggle grants them credibility on the topic.,Watch_our_live_interview_with_Railroad_Commissioner_Christi_Craddick_about_the_coronavirus__Texas_oil_prices_and_the_economy_2,31,0,Flaring has been a topic of concern within the agency for some time.,2,1,0.8,"{
  ""entailment_score"": 1,
  ""confidence"": 0.8
}"
commentary|Michele_Nidiffer_on_Wake_Up_To_The_Vibe|26|4|f1feddb0a867a540|1,commentary|Michele_Nidiffer_on_Wake_Up_To_The_Vibe|26|4|f1feddb0a867a540,commentary,Michele_Nidiffer_on_Wake_Up_To_The_Vibe,26,4,The speaker’s identity as someone who has experienced struggle grants them credibility on the topic.,Watch_our_live_interview_with_Railroad_Commissioner_Christi_Craddick_about_the_coronavirus__Texas_oil_prices_and_the_economy_2,33,8,"A week after the negative oil price event, the speaker spoke with two small-to-mid-sized oil operators who contacted him voluntarily.",2,1,0.8,"{
  ""entailment_score"": 1,
  ""confidence"": 0.8
}"
commentary|Michele_Nidiffer_on_Wake_Up_To_The_Vibe|26|4|f1feddb0a867a540|2,commentary|Michele_Nidiffer_on_Wake_Up_To_The_Vibe|26|4|f1feddb0a867a540,commentary,Michele_Nidiffer_on_Wake_Up_To_The_Vibe,26,4,The speaker’s identity as someone who has experienced struggle grants them credibility on the topic.,Watch_our_live_interview_with_Railroad_Commissioner_Christi_Craddick_about_the_coronavirus__Texas_oil_prices_and_the_economy_2,37,1,The speaker has been at the commission for eight years.,2,1,0.8,"{
  ""entailment_score"": 1,
  ""confidence"": 0.8
}"
commentary|Michele_Nidiffer_on_Wake_Up_To_The_Vibe|26|4|f1feddb0a867a540|3,commentary|Michele_Nidiffer_on_Wake_Up_To_The_Vibe|26|4|f1feddb0a867a540,commentary,Michele_Nidiffer_on_Wake_Up_To_The_Vibe,26,4,The speaker’s identity as someone who has experienced struggle grants them credibility on the topic.,Watch_our_live_interview_with_Railroad_Commissioner_Christi_Craddick_about_the_coronavirus__Texas_oil_prices_and_the_economy_2,55,0,The speaker has lived in Midland for their entire life.,2,1,0.8,"{
  ""entailment_score"": 1,
  ""confidence"": 0.8
}"
commentary|Michele_Nidiffer_on_Wake_Up_To_The_Vibe|26|4|f1feddb0a867a540|4,commentary|Michele_Nidiffer_on_Wake_Up_To_The_Vibe|26|4|f1feddb0a867a540,commentary,Michele_Nidiffer_on_Wake_Up_To_The_Vibe,26,4,The speaker’s identity as someone who has experienced struggle grants them credibility on the topic.,Watch_our_live_interview_with_Railroad_Commissioner_Christi_Craddick_about_the_coronavirus__Texas_oil_prices_and_the_economy_2,55,3,Midland has experienced periods with both high and low population levels due to industry fluctuations.,2,1,0.8,"{
  ""entailment_score"": 1,
  ""confidence"": 0.8
}"
commentary|Michele_Nidiffer_on_Wake_Up_To_The_Vibe|26|4|f1feddb0a867a540|5,commentary|Michele_Nidiffer_on_Wake_Up_To_The_Vibe|26|4|f1feddb0a867a540,commentary,Michele_Nidiffer_on_Wake_Up_To_The_Vibe,26,4,The speaker’s identity as someone who has experienced struggle grants them credibility on the topic.,Watch_our_live_interview_with_Railroad_Commissioner_Christi_Craddick_about_the_coronavirus__Texas_oil_prices_and_the_economy_2,60,3,Thank you to everyone who has supported today's event.,2,1,0.8,"{
  ""entailment_score"": 1,
  ""confidence"": 0.8
}"
commentary|0014_-QUALITY_CONTENT_W__SIMON_LUCKHOFF|33|9|734a481bcebb1ae2|0,commentary|0014_-QUALITY_CONTENT_W__SIMON_LUCKHOFF|33|9|734a481bcebb1ae2,commentary,0014_-QUALITY_CONTENT_W__SIMON_LUCKHOFF,33,9,The speaker believes that professional success includes access to desirable locations and experiences.,Crisis_In_Hong_Kong,13,1,The speaker believes that other family members had anticipated the vacation.,2,1,0.8,"{
  ""entailment_score"": 1,
  ""confidence"": 0.8
}"
commentary|0014_-QUALITY_CONTENT_W__SIMON_LUCKHOFF|33|9|734a481bcebb1ae2|1,commentary|0014_-QUALITY_CONTENT_W__SIMON_LUCKHOFF|33|9|734a481bcebb1ae2,commentary,0014_-QUALITY_CONTENT_W__SIMON_LUCKHOFF,33,9,The speaker believes that professional success includes access to desirable locations and experiences.,Crisis_In_Hong_Kong,14,2,The speaker believes chickenpox might be visible on eyes.,2,1,0.95,"{
  ""entailment_score"": 1,
  ""confidence"": 0.95
}"
commentary|0014_-QUALITY_CONTENT_W__SIMON_LUCKHOFF|33|9|734a481bcebb1ae2|2,commentary|0014_-QUALITY_CONTENT_W__SIMON_LUCKHOFF|33|9|734a481bcebb1ae2,commentary,0014_-QUALITY_CONTENT_W__SIMON_LUCKHOFF,33,9,The speaker believes that professional success includes access to desirable locations and experiences.,Crisis_In_Hong_Kong,18,3,The speaker believes the current level of algorithmic influence should be lower than it currently is.,2,1,0.85,"{
  ""entailment_score"": 1,
  ""confidence"": 0.85
}"
commentary|0014_-QUALITY_CONTENT_W__SIMON_LUCKHOFF|33|9|734a481bcebb1ae2|3,commentary|0014_-QUALITY_CONTENT_W__SIMON_LUCKHOFF|33|9|734a481bcebb1ae2,commentary,0014_-QUALITY_CONTENT_W__SIMON_LUCKHOFF,33,9,The speaker believes that professional success includes access to desirable locations and experiences.,Crisis_In_Hong_Kong,20,9,The speaker believes clarity is important for the audience's understanding.,2,3,0.7,"{
  ""entailment_score"": 3,
  ""confidence"": 0.7
}"
political|82731|4|0|81491e572d25672f|0,political|82731|4|0|81491e572d25672f,political,82731,4,0,Technological solutions are seen as potentially less effective than traditional physical barriers by some people.,76296,7,6,Prisoners receive more physical activity than children do currently.,2,1,0.95,"{
  ""entailment_score"": 1,
  ""confidence"": 0.95
}"
political|82731|4|0|81491e572d25672f|1,political|82731|4|0|81491e572d25672f,political,82731,4,0,Technological solutions are seen as potentially less effective than traditional physical barriers by some people.,76296,13,1,I have visited all 88 counties more than most people.,2,1,0.95,"{
  ""entailment_score"": 1,
  ""confidence"": 0.95
}"
political|82731|4|0|81491e572d25672f|2,political|82731|4|0|81491e572d25672f,political,82731,4,0,Technological solutions are seen as potentially less effective than traditional physical barriers by some people.,76296,26,3,Some people may have missed parts of the conversation with the Lieutenant Governor.,2,1,0.95,"{
  ""entailment_score"": 1,
  ""confidence"": 0.95
}"
religion|Ep_46_-_Against_All_Odds__Part_2|34|3|75ea02d827e45d2f|0,religion|Ep_46_-_Against_All_Odds__Part_2|34|3|75ea02d827e45d2f,religion,Ep_46_-_Against_All_Odds__Part_2,34,3,The speaker’s interpretation of current events reflects a broader spiritual or cosmic transformation.,GBTS_Presents_-_Soul_Speak_-_Heart_Led_Chats_with_Nadine_The_Cake_Queen,12,5,The speaker is seeking clarification on current vs past difficulties in entrepreneurship.,2,1,0.85,"{
  ""entailment_score"": 1,
  ""confidence"": 0.85
}"
religion|Ep_46_-_Against_All_Odds__Part_2|34|3|75ea02d827e45d2f|1,religion|Ep_46_-_Against_All_Odds__Part_2|34|3|75ea02d827e45d2f,religion,Ep_46_-_Against_All_Odds__Part_2,34,3,The speaker’s interpretation of current events reflects a broader spiritual or cosmic transformation.,GBTS_Presents_-_Soul_Speak_-_Heart_Led_Chats_with_Nadine_The_Cake_Queen,15,4,Sharing cake at events was enjoyable for the speaker.,2,1,0.95,"{
  ""entailment_score"": 1,
  ""confidence"": 0.95
}"
religion|Ep_46_-_Against_All_Odds__Part_2|34|3|75ea02d827e45d2f|2,religion|Ep_46_-_Against_All_Odds__Part_2|34|3|75ea02d827e45d2f,religion,Ep_46_-_Against_All_Odds__Part_2,34,3,The speaker’s interpretation of current events reflects a broader spiritual or cosmic transformation.,GBTS_Presents_-_Soul_Speak_-_Heart_Led_Chats_with_Nadine_The_Cake_Queen,23,7,"In the current group, the speaker is the oldest member.",2,1,0.85,"{
  ""entailment_score"": 1,
  ""confidence"": 0.85
}"
business|My_First_100k_In_2_months_-_with_Brooke_Ritchie|125|1|2586ed16ea5572a0|0,business|My_First_100k_In_2_months_-_with_Brooke_Ritchie|125|1|2586ed16ea5572a0,business,My_First_100k_In_2_months_-_with_Brooke_Ritchie,125,1,The speaker believes that mentioning the book contributes relevant information to the ongoing conversation.,S1_Episode_133_-_Interview_with_John_Vento_-_Chameleon_of_the_Pittsburgh_Music_Scene,3,1,The speaker believes the clip 'Rainbows and Lightning' is fun and enjoyable.,2,1,0.95,"{
  ""entailment_score"": 1,
  ""confidence"": 0.95
}"
business|Episode_24_-_Putnam_County_Community_Foundation|28|1|d7cdada30a5064d3|0,business|Episode_24_-_Putnam_County_Community_Foundation|28|1|d7cdada30a5064d3,business,Episode_24_-_Putnam_County_Community_Foundation,28,1,The speaker believes that innovation in personal financing strategies reflects intelligence or cleverness.,Legal_Planning_for_Individuals_with_Special_Needs___their_Families,6,4,The speaker believes clients find the process of planning to be tedious.,2,1,0.95,"{
  ""entailment_score"": 1,
  ""confidence"": 0.95
}"
business|Episode_24_-_Putnam_County_Community_Foundation|28|1|d7cdada30a5064d3|1,business|Episode_24_-_Putnam_County_Community_Foundation|28|1|d7cdada30a5064d3,business,Episode_24_-_Putnam_County_Community_Foundation,28,1,The speaker believes that innovation in personal financing strategies reflects intelligence or cleverness.,Legal_Planning_for_Individuals_with_Special_Needs___their_Families,6,6,The speaker believes clients often struggle to determine what actions are correct or appropriate.,2,1,0.95,"{
  ""entailment_score"": 1,
  ""confidence"": 0.95
}"
business|Talking_all_things_Fixed_Income|13|5|8d4a922e1ee9711f|0,business|Talking_all_things_Fixed_Income|13|5|8d4a922e1ee9711f,business,Talking_all_things_Fixed_Income,13,5,The speaker has credibility in advising on bond strategies and risk management.,Ep._550__Carla_Michelle,3,0,The speaker has a PhD in business psychology.,2,1,0.85,"{
  ""entailment_score"": 1,
  ""confidence"": 0.85
}"
business|Talking_all_things_Fixed_Income|13|5|8d4a922e1ee9711f|1,business|Talking_all_things_Fixed_Income|13|5|8d4a922e1ee9711f,business,Talking_all_things_Fixed_Income,13,5,The speaker has credibility in advising on bond strategies and risk management.,Ep._550__Carla_Michelle,3,1,The speaker has a master's in marriage and family therapy.,2,1,0.95,"{
  ""entailment_score"": 1,
  ""confidence"": 0.95
}"
business|Talking_all_things_Fixed_Income|13|5|8d4a922e1ee9711f|2,business|Talking_all_things_Fixed_Income|13|5|8d4a922e1ee9711f,business,Talking_all_things_Fixed_Income,13,5,The speaker has credibility in advising on bond strategies and risk management.,Ep._550__Carla_Michelle,4,0,The speaker has experience working with executives over the past 20 years.,2,3,0.8,"{
  ""entailment_score"": 3,
  ""confidence"": 0.8
}"
business|Talking_all_things_Fixed_Income|13|5|8d4a922e1ee9711f|3,business|Talking_all_things_Fixed_Income|13|5|8d4a922e1ee9711f,business,Talking_all_things_Fixed_Income,13,5,The speaker has credibility in advising on bond strategies and risk management.,Ep._550__Carla_Michelle,9,0,The speaker has a website called drcarlainc.com.,2,1,0.95,"{
  ""entailment_score"": 1,
  ""confidence"": 0.95
}"
sports|Round_4__2020_-_Thank_God_For_That_Tent|3|0|00e212d51d65df4a|0,sports|Round_4__2020_-_Thank_God_For_That_Tent|3|0|00e212d51d65df4a,sports,Round_4__2020_-_Thank_God_For_That_Tent,3,0,Scoring on the siren would have significantly altered the intensity or duration of the post-game reaction.,Zoom_Edition__Episode_1__Bundesliga_Returns,9,8,The player would have played for an elite team if he were to achieve recognition.,2,1,0.95,"{
  ""entailment_score"": 1,
  ""confidence"": 0.95
}"
sports|Round_4__2020_-_Thank_God_For_That_Tent|3|0|00e212d51d65df4a|1,sports|Round_4__2020_-_Thank_God_For_That_Tent|3|0|00e212d51d65df4a,sports,Round_4__2020_-_Thank_God_For_That_Tent,3,0,Scoring on the siren would have significantly altered the intensity or duration of the post-game reaction.,Zoom_Edition__Episode_1__Bundesliga_Returns,16,9,Shalka had several scoring opportunities in the game.,2,1,0.95,"{
  ""entailment_score"": 1,
  ""confidence"": 0.95
}"
sports|Round_4__2020_-_Thank_God_For_That_Tent|3|0|00e212d51d65df4a|2,sports|Round_4__2020_-_Thank_God_For_That_Tent|3|0|00e212d51d65df4a,sports,Round_4__2020_-_Thank_God_For_That_Tent,3,0,Scoring on the siren would have significantly altered the intensity or duration of the post-game reaction.,Zoom_Edition__Episode_1__Bundesliga_Returns,18,7,"Aero was effective in this game, scoring two goals.",2,1,0.95,"{
  ""entailment_score"": 1,
  ""confidence"": 0.95
}"
sports|Round_4__2020_-_Thank_God_For_That_Tent|3|0|00e212d51d65df4a|3,sports|Round_4__2020_-_Thank_God_For_That_Tent|3|0|00e212d51d65df4a,sports,Round_4__2020_-_Thank_God_For_That_Tent,3,0,Scoring on the siren would have significantly altered the intensity or duration of the post-game reaction.,Zoom_Edition__Episode_1__Bundesliga_Returns,35,3,"If they're still in the hunt by game week 30 or 31 with only a few games left, then they might have the necessary mentality.",2,5,0.8,"{
  ""entailment_score"": 5,
  ""confidence"": 0.8
}"
sports|Round_4__2020_-_Thank_God_For_That_Tent|3|0|00e212d51d65df4a|4,sports|Round_4__2020_-_Thank_God_For_That_Tent|3|0|00e212d51d65df4a,sports,Round_4__2020_-_Thank_God_For_That_Tent,3,0,Scoring on the siren would have significantly altered the intensity or duration of the post-game reaction.,Zoom_Edition__Episode_1__Bundesliga_Returns,56,1,"A win would have moved Mines to 35 points, four points off sixth place.",2,3,0.7,"{
  ""entailment_score"": 3,
  ""confidence"": 0.7
}"
religion|FaVS_Forward__A_Hope_Filled_People|69|7|92c59c26ecd3114c|0,religion|FaVS_Forward__A_Hope_Filled_People|69|7|92c59c26ecd3114c,religion,FaVS_Forward__A_Hope_Filled_People,69,7,The speaker sees themselves as part of a group that shares common concerns about civil liberties.,379__What_You_Need_to_Know_about_Living_a_More_Creative__Productive__and_Happy_Life__feat._Brian_Solis,3,5,The speaker values learning about the origin story of others in conversations.,2,1,0.8,"{
  ""entailment_score"": 1,
  ""confidence"": 0.8
}"
business|Chelsea_McLoone_-_America_s_Talent_Scout_-_Underdog_Dream_Maker__FU18|26|3|ca9a6ec765e75d4a|0,business|Chelsea_McLoone_-_America_s_Talent_Scout_-_Underdog_Dream_Maker__FU18|26|3|ca9a6ec765e75d4a,business,Chelsea_McLoone_-_America_s_Talent_Scout_-_Underdog_Dream_Maker__FU18,26,3,The speaker values personal career progression and seeks better opportunities when current ones stagnate.,5_Reasons_You_Should_Take_Risks,2,1,Clarifying personal values leads to greater passion and motivation.,2,9,0.95,"{
  ""entailment_score"": 9,
  ""confidence"": 0.95
}"
religion|Morning_Prayer_Wednesday_27th_May_with_Scott___Gillian|17|0|fdfc1e7a63552012|0,religion|Morning_Prayer_Wednesday_27th_May_with_Scott___Gillian|17|0|fdfc1e7a63552012,religion,Morning_Prayer_Wednesday_27th_May_with_Scott___Gillian,17,0,Divine beings (Son and Holy Spirit) exist and are eternal.,Ep._20__Faith_Fear_-_Caloy_Dino,9,9,The spirit of generosity among Filipinos stems from divine origin.,2,3,0.75,"{
  ""entailment_score"": 3,
  ""confidence"": 0.75
}"
business|Bite_Size__Anchors|6|5|a8897bf4c92d41c0|0,business|Bite_Size__Anchors|6|5|a8897bf4c92d41c0,business,Bite_Size__Anchors,6,5,Behavioral change through anchoring is both achievable and valuable for personal success.,175__Shelley_Paxton__Soulbbatical__Living_with_Authenticity_and_Courage,1,3,True success includes both achievement and personal fulfillment.,3,9,0.95,"{
  ""entailment_score"": 9,
  ""confidence"": 0.95
}"
business|Bite_Size__Anchors|6|5|a8897bf4c92d41c0|1,business|Bite_Size__Anchors|6|5|a8897bf4c92d41c0,business,Bite_Size__Anchors,6,5,Behavioral change through anchoring is both achievable and valuable for personal success.,175__Shelley_Paxton__Soulbbatical__Living_with_Authenticity_and_Courage,9,0,I went through multiple stages during my personal journey of self-discovery.,2,5,0.8,"{
  ""entailment_score"": 5,
  ""confidence"": 0.8
}"
business|Bite_Size__Anchors|6|5|a8897bf4c92d41c0|2,business|Bite_Size__Anchors|6|5|a8897bf4c92d41c0,business,Bite_Size__Anchors,6,5,Behavioral change through anchoring is both achievable and valuable for personal success.,175__Shelley_Paxton__Soulbbatical__Living_with_Authenticity_and_Courage,51,7,Repeatedly applying the mindset described has led to consistent personal success.,2,9,0.95,"{
  ""entailment_score"": 9,
  ""confidence"": 0.95
}"
business|Bite_Size__Anchors|6|5|a8897bf4c92d41c0|3,business|Bite_Size__Anchors|6|5|a8897bf4c92d41c0,business,Bite_Size__Anchors,6,5,Behavioral change through anchoring is both achievable and valuable for personal success.,175__Shelley_Paxton__Soulbbatical__Living_with_Authenticity_and_Courage,54,4,I suspect you may be referring to personal identity formation through oppositional choices.,2,3,0.7,"{
  ""entailment_score"": 3,
  ""confidence"": 0.7
}"
political|86987|30|0|36900d06f0f05a0e|0,political|86987|30|0|36900d06f0f05a0e,political,86987,30,0,The speaker believes that emotional reactions to national symbols should be meaningful or significant.,84195,4,5,The speaker has significant experience with elections.,2,1,0.95,"{
  ""entailment_score"": 1,
  ""confidence"": 0.95
}"
political|86987|30|0|36900d06f0f05a0e|1,political|86987|30|0|36900d06f0f05a0e,political,86987,30,0,The speaker believes that emotional reactions to national symbols should be meaningful or significant.,84195,8,2,The speaker believes the listener will examine the issues more thoroughly in future hearings.,2,3,0.7,"{
  ""entailment_score"": 3,
  ""confidence"": 0.7
}"
political|80100|2|1|e4202a4e19b8d251|0,political|80100|2|1|e4202a4e19b8d251,political,80100,2,1,A specialized body would be more effective at understanding AI than general legislative committees.,89294,4,3,"The speaker believes the guest would be more relaxed in Ohio than in Washington, D.C.",3,1,0.95,"{
  ""entailment_score"": 1,
  ""confidence"": 0.95
}"
political|80100|2|1|e4202a4e19b8d251|1,political|80100|2|1|e4202a4e19b8d251,political,80100,2,1,A specialized body would be more effective at understanding AI than general legislative committees.,89294,25,4,Hair loss contributed to the speaker feeling more mature than their peers.,2,1,0.8,"{
  ""entailment_score"": 1,
  ""confidence"": 0.8
}"
political|80100|2|1|e4202a4e19b8d251|2,political|80100|2|1|e4202a4e19b8d251,political,80100,2,1,A specialized body would be more effective at understanding AI than general legislative committees.,89294,75,6,Role modeling by the speaker is more important to them than anything else.,2,1,0.8,"{
  ""entailment_score"": 1,
  ""confidence"": 0.8
}"
business|10XDETAIL_EP_73_Joseph_Wallace_Rise_and_Shine|62|1|29c4b75e07b0e5b0|0,business|10XDETAIL_EP_73_Joseph_Wallace_Rise_and_Shine|62|1|29c4b75e07b0e5b0,business,10XDETAIL_EP_73_Joseph_Wallace_Rise_and_Shine,62,1,The speaker intends to emphasize Josh Young’s professional success through volume and price point.,EP.53_-_Downtown_Den__A_Frank_Conversation_with..._Andy_Grant,5,5,The speaker gained insight into these overlaps through delivering talks in corporate settings.,2,1,0.8,"{
  ""entailment_score"": 1,
  ""confidence"": 0.8
}"
business|10XDETAIL_EP_73_Joseph_Wallace_Rise_and_Shine|62|1|29c4b75e07b0e5b0|1,business|10XDETAIL_EP_73_Joseph_Wallace_Rise_and_Shine|62|1|29c4b75e07b0e5b0,business,10XDETAIL_EP_73_Joseph_Wallace_Rise_and_Shine,62,1,The speaker intends to emphasize Josh Young’s professional success through volume and price point.,EP.53_-_Downtown_Den__A_Frank_Conversation_with..._Andy_Grant,6,3,The speaker believes that acknowledging healthcare workers' contributions is a significant point.,2,1,0.95,"{
  ""entailment_score"": 1,
  ""confidence"": 0.95
}"
business|10XDETAIL_EP_73_Joseph_Wallace_Rise_and_Shine|62|1|29c4b75e07b0e5b0|2,business|10XDETAIL_EP_73_Joseph_Wallace_Rise_and_Shine|62|1|29c4b75e07b0e5b0,business,10XDETAIL_EP_73_Joseph_Wallace_Rise_and_Shine,62,1,The speaker intends to emphasize Josh Young’s professional success through volume and price point.,EP.53_-_Downtown_Den__A_Frank_Conversation_with..._Andy_Grant,6,4,The speaker intends to shift the discussion to the listener's experience in Afghanistan.,2,1,0.95,"{
  ""entailment_score"": 1,
  ""confidence"": 0.95
}"
business|Tips_To_Boost_Your_SEO_During_COVID-19|6|6|7b9321cb6cbde7a5|0,business|Tips_To_Boost_Your_SEO_During_COVID-19|6|6|7b9321cb6cbde7a5,business,Tips_To_Boost_Your_SEO_During_COVID-19,6,6,Successful businesses prioritize structured data management over informal recordkeeping.,Chelsea_McLoone_-_America_s_Talent_Scout_-_Underdog_Dream_Maker__FU18,22,7,Scarcity mindset can lead individuals to prioritize cost over quality during hiring.,2,1,0.95,"{
  ""entailment_score"": 1,
  ""confidence"": 0.95
}"
business|Tips_To_Boost_Your_SEO_During_COVID-19|6|6|7b9321cb6cbde7a5|1,business|Tips_To_Boost_Your_SEO_During_COVID-19|6|6|7b9321cb6cbde7a5,business,Tips_To_Boost_Your_SEO_During_COVID-19,6,6,Successful businesses prioritize structured data management over informal recordkeeping.,Chelsea_McLoone_-_America_s_Talent_Scout_-_Underdog_Dream_Maker__FU18,31,3,Rapidly growing startups may initially rely on informal trust-based management.,2,1,0.8,"{
  ""entailment_score"": 1,
  ""confidence"": 0.8
}"
business|303_Savings__Debt___Modern_Monetary_Theory_with_Hilliard_MacBeth|19|9|f1353e9777911963|0,business|303_Savings__Debt___Modern_Monetary_Theory_with_Hilliard_MacBeth|19|9|f1353e9777911963,business,303_Savings__Debt___Modern_Monetary_Theory_with_Hilliard_MacBeth,19,9,"Market corrections take multiple years to fully unfold, even when triggered suddenly.",Antehelmintic_resistance_in_beef_cattle,11,6,"Even if new products exist in the pipeline, they will take at least five to ten years to reach the market.",4,5,0.75,"{
  ""entailment_score"": 5,
  ""confidence"": 0.75
}"
commentary|Ep._01_-_Introductions|20|1|141fff1b0d7ad7ff|0,commentary|Ep._01_-_Introductions|20|1|141fff1b0d7ad7ff,commentary,Ep._01_-_Introductions,20,1,The speaker believes that recording will preserve the essence of their interactions.,Family_structure_isnt_everything_its_the_only_thing,6,6,The speaker believes the original author misrepresented the significance of the 5% vs. 12% statistic.,2,1,0.8,"{
  ""entailment_score"": 1,
  ""confidence"": 0.8
}"
commentary|Ep._01_-_Introductions|20|1|141fff1b0d7ad7ff|1,commentary|Ep._01_-_Introductions|20|1|141fff1b0d7ad7ff,commentary,Ep._01_-_Introductions,20,1,The speaker believes that recording will preserve the essence of their interactions.,Family_structure_isnt_everything_its_the_only_thing,7,4,The speaker believes that claiming the benefits of a two-parent family are minimal is a myth.,2,1,0.95,"{
  ""entailment_score"": 1,
  ""confidence"": 0.95
}"
commentary|Ep._01_-_Introductions|20|1|141fff1b0d7ad7ff|2,commentary|Ep._01_-_Introductions|20|1|141fff1b0d7ad7ff,commentary,Ep._01_-_Introductions,20,1,The speaker believes that recording will preserve the essence of their interactions.,Family_structure_isnt_everything_its_the_only_thing,27,3,The speaker believes that current policies allow American Indian children to remain in harmful environments.,2,1,0.8,"{
  ""entailment_score"": 1,
  ""confidence"": 0.8
}"
commentary|Ep._01_-_Introductions|20|1|141fff1b0d7ad7ff|3,commentary|Ep._01_-_Introductions|20|1|141fff1b0d7ad7ff,commentary,Ep._01_-_Introductions,20,1,The speaker believes that recording will preserve the essence of their interactions.,Family_structure_isnt_everything_its_the_only_thing,38,4,The speaker believes non-Native American individuals are being excluded from adoption opportunities.,2,1,0.95,"{
  ""entailment_score"": 1,
  ""confidence"": 0.95
}"
commentary|E15__Why_Do_People_Leave_Christianity_2|42|3|f5d91e0654ccbaec|0,commentary|E15__Why_Do_People_Leave_Christianity_2|42|3|f5d91e0654ccbaec,commentary,E15__Why_Do_People_Leave_Christianity_2,42,3,Disagreement based on understanding is more valuable than agreement based on ignorance.,13_TAMAS_MATURA__Hungary_s_China_Policy_-_Orban_s_Illiberal_Cooperation_and_Classified_Details_of_Belgrade-Budapest_Railway_2,5,4,The policy was more closely associated with the Foreign Minister Peter C.R. II than with the Prime Minister.,2,1,0.8,"{
  ""entailment_score"": 1,
  ""confidence"": 0.8
}"
commentary|E15__Why_Do_People_Leave_Christianity_2|42|3|f5d91e0654ccbaec|1,commentary|E15__Why_Do_People_Leave_Christianity_2|42|3|f5d91e0654ccbaec,commentary,E15__Why_Do_People_Leave_Christianity_2,42,3,Disagreement based on understanding is more valuable than agreement based on ignorance.,13_TAMAS_MATURA__Hungary_s_China_Policy_-_Orban_s_Illiberal_Cooperation_and_Classified_Details_of_Belgrade-Budapest_Railway_2,33,6,"If Mr. Biden wins, Washington will pay more attention to Hungary based on democratic values.",2,1,0.8,"{
  ""entailment_score"": 1,
  ""confidence"": 0.8
}"
business|EP_4_-_A_Conversation_with_Mr._Kwek_Seow_Yang|24|2|a93d526608961e70|0,business|EP_4_-_A_Conversation_with_Mr._Kwek_Seow_Yang|24|2|a93d526608961e70,business,EP_4_-_A_Conversation_with_Mr._Kwek_Seow_Yang,24,2,The speaker believes that sharing personal experiences helps others navigate similar challenges.,Edward_Sherman,32,3,The speaker believes their approach to handling cases is applicable in similar contexts.,3,5,0.8,"{
  ""entailment_score"": 5,
  ""confidence"": 0.8
}"
business|EP_4_-_A_Conversation_with_Mr._Kwek_Seow_Yang|24|2|a93d526608961e70|1,business|EP_4_-_A_Conversation_with_Mr._Kwek_Seow_Yang|24|2|a93d526608961e70,business,EP_4_-_A_Conversation_with_Mr._Kwek_Seow_Yang,24,2,The speaker believes that sharing personal experiences helps others navigate similar challenges.,Edward_Sherman,8,1,The speaker expects a response regarding personal state.,2,1,0.8,"{
  ""entailment_score"": 1,
  ""confidence"": 0.8
}"
business|EP_4_-_A_Conversation_with_Mr._Kwek_Seow_Yang|24|2|a93d526608961e70|2,business|EP_4_-_A_Conversation_with_Mr._Kwek_Seow_Yang|24|2|a93d526608961e70,business,EP_4_-_A_Conversation_with_Mr._Kwek_Seow_Yang,24,2,The speaker believes that sharing personal experiences helps others navigate similar challenges.,Edward_Sherman,25,7,The speaker believes preserving error is more important than any other procedural concern.,2,1,0.8,"{
  ""entailment_score"": 1,
  ""confidence"": 0.8
}"
business|EP_4_-_A_Conversation_with_Mr._Kwek_Seow_Yang|24|2|a93d526608961e70|3,business|EP_4_-_A_Conversation_with_Mr._Kwek_Seow_Yang|24|2|a93d526608961e70,business,EP_4_-_A_Conversation_with_Mr._Kwek_Seow_Yang,24,2,The speaker believes that sharing personal experiences helps others navigate similar challenges.,Edward_Sherman,41,1,The speaker believes that writing down the decision is necessary.,2,1,0.8,"{
  ""entailment_score"": 1,
  ""confidence"": 0.8
}"
political|92453|30|2|77bd153120595d4b|0,political|92453|30|2|77bd153120595d4b,political,92453,30,2,Public figures should serve as role models for children.,75755,10,7,Some people believe women should wait until after having children to run for office.,2,1,0.95,"{
  ""entailment_score"": 1,
  ""confidence"": 0.95
}"
sports|Martin_Brundle_s_Race_of_My_Life|2|2|ca132af5e0bb00fe|0,sports|Martin_Brundle_s_Race_of_My_Life|2|2|ca132af5e0bb00fe,sports,Martin_Brundle_s_Race_of_My_Life,2,2,The speaker considers overtaking opponents during a season to be significant evidence of performance.,Breakdown_Episode_2,26,3,There was a significant category before a noticeable drop-off in performance or value.,2,1,0.95,"{
  ""entailment_score"": 1,
  ""confidence"": 0.95
}"
sports|Martin_Brundle_s_Race_of_My_Life|2|2|ca132af5e0bb00fe|1,sports|Martin_Brundle_s_Race_of_My_Life|2|2|ca132af5e0bb00fe,sports,Martin_Brundle_s_Race_of_My_Life,2,2,The speaker considers overtaking opponents during a season to be significant evidence of performance.,Breakdown_Episode_2,61,4,Malik McDowell received significant acclaim during high school.,2,1,0.95,"{
  ""entailment_score"": 1,
  ""confidence"": 0.95
}"
business|010_Sebastian_Zelger_on_the_value_of_transparency|18|1|7b2c370b550afc8e|0,business|010_Sebastian_Zelger_on_the_value_of_transparency|18|1|7b2c370b550afc8e,business,010_Sebastian_Zelger_on_the_value_of_transparency,18,1,People generally act rationally in managing their vehicle upkeep unless constrained by external factors like the pandemic.,B_P__24_Brent_Hoberman__How_to_grow_your_Startup_now___where_to_get_the_Money_from,41,1,People are attempting to determine what the new normal will look like.,2,5,0.8,"{
  ""entailment_score"": 5,
  ""confidence"": 0.8
}"
business|735__Stitch_Fix_to_Lay_Off_1_400__Hire_in_Lower_Cost_Cities|4|2|a01de5f87a9db6c3|0,business|735__Stitch_Fix_to_Lay_Off_1_400__Hire_in_Lower_Cost_Cities|4|2|a01de5f87a9db6c3,business,735__Stitch_Fix_to_Lay_Off_1_400__Hire_in_Lower_Cost_Cities,4,2,Workers will accept lower pay when relocated to cheaper areas due to lifestyle benefits or incentives.,EP18.__Dimitri_Ross___From_Homeless_To_Successful_Entrepreneur,15,1,I became severely burned out due to this workload and lifestyle.,2,1,0.8,"{
  ""entailment_score"": 1,
  ""confidence"": 0.8
}"
business|Episode_185__The_big_picture_on_mining__metals_and_the_economy__ft_editor-in-chief_Trish_Saywell|44|2|c64fca899ede7c11|0,business|Episode_185__The_big_picture_on_mining__metals_and_the_economy__ft_editor-in-chief_Trish_Saywell|44|2|c64fca899ede7c11,business,Episode_185__The_big_picture_on_mining__metals_and_the_economy__ft_editor-in-chief_Trish_Saywell,44,2,The speaker believes they have sufficient basis to form an opinion about gubernatorial involvement.,23_-_On_Fermentables_with_Hale___True_Cider,9,2,The speaker finds it surprising that two years have passed.,2,1,0.95,"{
  ""entailment_score"": 1,
  ""confidence"": 0.95
}"
business|Episode_185__The_big_picture_on_mining__metals_and_the_economy__ft_editor-in-chief_Trish_Saywell|44|2|c64fca899ede7c11|1,business|Episode_185__The_big_picture_on_mining__metals_and_the_economy__ft_editor-in-chief_Trish_Saywell|44|2|c64fca899ede7c11,business,Episode_185__The_big_picture_on_mining__metals_and_the_economy__ft_editor-in-chief_Trish_Saywell,44,2,The speaker believes they have sufficient basis to form an opinion about gubernatorial involvement.,23_-_On_Fermentables_with_Hale___True_Cider,35,7,Learning more about cider increased the speaker’s affection for it.,2,1,0.8,"{
  ""entailment_score"": 1,
  ""confidence"": 0.8
}"
business|Episode_185__The_big_picture_on_mining__metals_and_the_economy__ft_editor-in-chief_Trish_Saywell|44|2|c64fca899ede7c11|2,business|Episode_185__The_big_picture_on_mining__metals_and_the_economy__ft_editor-in-chief_Trish_Saywell|44|2|c64fca899ede7c11,business,Episode_185__The_big_picture_on_mining__metals_and_the_economy__ft_editor-in-chief_Trish_Saywell,44,2,The speaker believes they have sufficient basis to form an opinion about gubernatorial involvement.,23_-_On_Fermentables_with_Hale___True_Cider,35,9,The speaker and their partner have spent many years making cider.,2,1,0.95,"{
  ""entailment_score"": 1,
  ""confidence"": 0.95
}"
business|Episode_185__The_big_picture_on_mining__metals_and_the_economy__ft_editor-in-chief_Trish_Saywell|44|2|c64fca899ede7c11|3,business|Episode_185__The_big_picture_on_mining__metals_and_the_economy__ft_editor-in-chief_Trish_Saywell|44|2|c64fca899ede7c11,business,Episode_185__The_big_picture_on_mining__metals_and_the_economy__ft_editor-in-chief_Trish_Saywell,44,2,The speaker believes they have sufficient basis to form an opinion about gubernatorial involvement.,23_-_On_Fermentables_with_Hale___True_Cider,36,1,The speaker is asking about a comparison between Apple and Glass.,2,1,0.95,"{
  ""entailment_score"": 1,
  ""confidence"": 0.95
}"
business|Episode_185__The_big_picture_on_mining__metals_and_the_economy__ft_editor-in-chief_Trish_Saywell|44|2|c64fca899ede7c11|4,business|Episode_185__The_big_picture_on_mining__metals_and_the_economy__ft_editor-in-chief_Trish_Saywell|44|2|c64fca899ede7c11,business,Episode_185__The_big_picture_on_mining__metals_and_the_economy__ft_editor-in-chief_Trish_Saywell,44,2,The speaker believes they have sufficient basis to form an opinion about gubernatorial involvement.,23_-_On_Fermentables_with_Hale___True_Cider,57,8,The speaker is excited to have the new cans in their fridge.,2,1,0.95,"{
  ""entailment_score"": 1,
  ""confidence"": 0.95
}"
political|50996|60|4|1cf401e2e57aa13b|0,political|50996|60|4|1cf401e2e57aa13b,political,50996,60,4,The speaker believes the Rules Committee’s role is underappreciated by the general public.,91096,12,3,The speaker believes that public trust in the electoral system is essential.,3,3,0.7,"{
  ""entailment_score"": 3,
  ""confidence"": 0.7
}"
political|50996|60|4|1cf401e2e57aa13b|1,political|50996|60|4|1cf401e2e57aa13b,political,50996,60,4,The speaker believes the Rules Committee’s role is underappreciated by the general public.,91096,2,0,The speaker believes there is a compelling narrative behind the individual’s move from the pulpit to Congress.,2,1,0.95,"{
  ""entailment_score"": 1,
  ""confidence"": 0.95
}"
political|50996|60|4|1cf401e2e57aa13b|2,political|50996|60|4|1cf401e2e57aa13b,political,50996,60,4,The speaker believes the Rules Committee’s role is underappreciated by the general public.,91096,3,0,The speaker believes they were called to ministry at age 13.,2,1,0.95,"{
  ""entailment_score"": 1,
  ""confidence"": 0.95
}"
political|50996|60|4|1cf401e2e57aa13b|3,political|50996|60|4|1cf401e2e57aa13b,political,50996,60,4,The speaker believes the Rules Committee’s role is underappreciated by the general public.,91096,5,0,The speaker believes Georgia was inaccurately portrayed as Exhibit A for nationwide voter suppression.,2,1,0.8,"{
  ""entailment_score"": 1,
  ""confidence"": 0.8
}"
political|50996|60|4|1cf401e2e57aa13b|4,political|50996|60|4|1cf401e2e57aa13b,political,50996,60,4,The speaker believes the Rules Committee’s role is underappreciated by the general public.,91096,5,2,The speaker served honorably on the oversight committee.,2,1,0.8,"{
  ""entailment_score"": 1,
  ""confidence"": 0.8
}"
commentary|Episode_130___Paul_Feig___21_-_05_-_2020_2|15|5|814cf2672d7d496a|0,commentary|Episode_130___Paul_Feig___21_-_05_-_2020_2|15|5|814cf2672d7d496a,commentary,Episode_130___Paul_Feig___21_-_05_-_2020_2,15,5,Anna possesses qualities that align with the speaker’s artistic vision and values.,Televisionation__Friday_Fireside__Steve_Reynolds_of_Imagine_Communications_in_Conversation_with_The_iTV_Doctor_2,42,2,The speaker does not align politically with the Republican Party.,2,1,0.8,"{
  ""entailment_score"": 1,
  ""confidence"": 0.8
}"
commentary|Episode_130___Paul_Feig___21_-_05_-_2020_2|15|5|814cf2672d7d496a|1,commentary|Episode_130___Paul_Feig___21_-_05_-_2020_2|15|5|814cf2672d7d496a,commentary,Episode_130___Paul_Feig___21_-_05_-_2020_2,15,5,Anna possesses qualities that align with the speaker’s artistic vision and values.,Televisionation__Friday_Fireside__Steve_Reynolds_of_Imagine_Communications_in_Conversation_with_The_iTV_Doctor_2,53,2,The speaker values the opportunity provided.,2,9,0.95,"{
  ""entailment_score"": 9,
  ""confidence"": 0.95
}"
business|From_Advertising_Agency_to_Entrepreneur_with_Lynn_Power|8|0|77ec78301b8f1f24|0,business|From_Advertising_Agency_to_Entrepreneur_with_Lynn_Power|8|0|77ec78301b8f1f24,business,From_Advertising_Agency_to_Entrepreneur_with_Lynn_Power,8,0,Long-term employment within a single agency is uncommon in the advertising industry.,100K_Pull-Up_Challenge_Evan_Boydston__44,84,6,My long-term goal is to remain physically active into my 80s.,2,1,0.95,"{
  ""entailment_score"": 1,
  ""confidence"": 0.95
}"
business|From_Advertising_Agency_to_Entrepreneur_with_Lynn_Power|8|0|77ec78301b8f1f24|1,business|From_Advertising_Agency_to_Entrepreneur_with_Lynn_Power|8|0|77ec78301b8f1f24,business,From_Advertising_Agency_to_Entrepreneur_with_Lynn_Power,8,0,Long-term employment within a single agency is uncommon in the advertising industry.,100K_Pull-Up_Challenge_Evan_Boydston__44,98,2,Tiny habits can compound over time to produce significant long-term outcomes.,2,1,0.95,"{
  ""entailment_score"": 1,
  ""confidence"": 0.95
}"
religion|Interview_with_Jared_Easley___Founder_of_Podcast_Movement|2|1|16e7afdd73700196|0,religion|Interview_with_Jared_Easley___Founder_of_Podcast_Movement|2|1|16e7afdd73700196,religion,Interview_with_Jared_Easley___Founder_of_Podcast_Movement,2,1,The speaker believes the listener will comply with the request without resistance.,FROM_HOSTILITY_TO_UNITY___Ephesians_2_11-22,1,0,The speaker believes that the current virtual meetings are temporary and hopes they will end soon.,3,1,0.8,"{
  ""entailment_score"": 1,
  ""confidence"": 0.8
}"
business|Brian_Shannon_-_The_psychology_behind_technical_analysis___why__Only_price_pays|18|0|a0452a4b34ea1ad5|0,business|Brian_Shannon_-_The_psychology_behind_technical_analysis___why__Only_price_pays|18|0|a0452a4b34ea1ad5,business,Brian_Shannon_-_The_psychology_behind_technical_analysis___why__Only_price_pays,18,0,The speaker believes the listener has relevant insight into long-term decision-making frameworks.,Biz_Tawk__Advice_to_Amp_Up_Your_Social_Media,6,1,The speaker believes the listener is a beauty editor.,3,1,0.95,"{
  ""entailment_score"": 1,
  ""confidence"": 0.95
}"
business|Brian_Shannon_-_The_psychology_behind_technical_analysis___why__Only_price_pays|18|0|a0452a4b34ea1ad5|1,business|Brian_Shannon_-_The_psychology_behind_technical_analysis___why__Only_price_pays|18|0|a0452a4b34ea1ad5,business,Brian_Shannon_-_The_psychology_behind_technical_analysis___why__Only_price_pays,18,0,The speaker believes the listener has relevant insight into long-term decision-making frameworks.,Biz_Tawk__Advice_to_Amp_Up_Your_Social_Media,4,1,The speaker values the listener's intellect.,2,3,0.7,"{
  ""entailment_score"": 3,
  ""confidence"": 0.7
}"
business|Brian_Shannon_-_The_psychology_behind_technical_analysis___why__Only_price_pays|18|0|a0452a4b34ea1ad5|2,business|Brian_Shannon_-_The_psychology_behind_technical_analysis___why__Only_price_pays|18|0|a0452a4b34ea1ad5,business,Brian_Shannon_-_The_psychology_behind_technical_analysis___why__Only_price_pays,18,0,The speaker believes the listener has relevant insight into long-term decision-making frameworks.,Biz_Tawk__Advice_to_Amp_Up_Your_Social_Media,4,3,The speaker requests actionable guidance from the listener.,2,3,0.7,"{
  ""entailment_score"": 3,
  ""confidence"": 0.7
}"
business|Brian_Shannon_-_The_psychology_behind_technical_analysis___why__Only_price_pays|18|0|a0452a4b34ea1ad5|3,business|Brian_Shannon_-_The_psychology_behind_technical_analysis___why__Only_price_pays|18|0|a0452a4b34ea1ad5,business,Brian_Shannon_-_The_psychology_behind_technical_analysis___why__Only_price_pays,18,0,The speaker believes the listener has relevant insight into long-term decision-making frameworks.,Biz_Tawk__Advice_to_Amp_Up_Your_Social_Media,6,2,The speaker questions whether captions need to be long or concise.,2,1,0.8,"{
  ""entailment_score"": 1,
  ""confidence"": 0.8
}"
business|Brian_Shannon_-_The_psychology_behind_technical_analysis___why__Only_price_pays|18|0|a0452a4b34ea1ad5|4,business|Brian_Shannon_-_The_psychology_behind_technical_analysis___why__Only_price_pays|18|0|a0452a4b34ea1ad5,business,Brian_Shannon_-_The_psychology_behind_technical_analysis___why__Only_price_pays,18,0,The speaker believes the listener has relevant insight into long-term decision-making frameworks.,Biz_Tawk__Advice_to_Amp_Up_Your_Social_Media,8,1,The speaker believes the other person is offering valuable advice without charge.,2,3,0.7,"{
  ""entailment_score"": 3,
  ""confidence"": 0.7
}"
business|Brian_Shannon_-_The_psychology_behind_technical_analysis___why__Only_price_pays|18|0|a0452a4b34ea1ad5|5,business|Brian_Shannon_-_The_psychology_behind_technical_analysis___why__Only_price_pays|18|0|a0452a4b34ea1ad5,business,Brian_Shannon_-_The_psychology_behind_technical_analysis___why__Only_price_pays,18,0,The speaker believes the listener has relevant insight into long-term decision-making frameworks.,Biz_Tawk__Advice_to_Amp_Up_Your_Social_Media,8,4,The speaker assumes the other person has considered future career plans after their current role.,2,1,0.8,"{
  ""entailment_score"": 1,
  ""confidence"": 0.8
}"
business|Brian_Shannon_-_The_psychology_behind_technical_analysis___why__Only_price_pays|18|0|a0452a4b34ea1ad5|6,business|Brian_Shannon_-_The_psychology_behind_technical_analysis___why__Only_price_pays|18|0|a0452a4b34ea1ad5,business,Brian_Shannon_-_The_psychology_behind_technical_analysis___why__Only_price_pays,18,0,The speaker believes the listener has relevant insight into long-term decision-making frameworks.,Biz_Tawk__Advice_to_Amp_Up_Your_Social_Media,16,2,The speaker has strong positive emotional attachment to the subject.,2,1,0.8,"{
  ""entailment_score"": 1,
  ""confidence"": 0.8
}"
business|Brian_Shannon_-_The_psychology_behind_technical_analysis___why__Only_price_pays|18|0|a0452a4b34ea1ad5|7,business|Brian_Shannon_-_The_psychology_behind_technical_analysis___why__Only_price_pays|18|0|a0452a4b34ea1ad5,business,Brian_Shannon_-_The_psychology_behind_technical_analysis___why__Only_price_pays,18,0,The speaker believes the listener has relevant insight into long-term decision-making frameworks.,Biz_Tawk__Advice_to_Amp_Up_Your_Social_Media,19,0,The speaker believes in themselves consistently since age 15.,2,1,0.95,"{
  ""entailment_score"": 1,
  ""confidence"": 0.95
}"
commentary|Will_China_Surrender_In_WW3__A_Qanon_Conversation_With_Paul_Furber_2|29|1|3572b346c6df3bf6|0,commentary|Will_China_Surrender_In_WW3__A_Qanon_Conversation_With_Paul_Furber_2|29|1|3572b346c6df3bf6,commentary,Will_China_Surrender_In_WW3__A_Qanon_Conversation_With_Paul_Furber_2,29,1,Political leaders like Trump have the capacity to publicly declare large-scale conspiratorial actions against this elite network.,112__The_New_Reformers__How_to_Take_Down_the_Machine__w__Moumita_Ahmed_2,69,4,The actions of the county party contributed to the political radicalization of new voters after Trump’s election.,3,5,0.8,"{
  ""entailment_score"": 5,
  ""confidence"": 0.8
}"
commentary|Will_China_Surrender_In_WW3__A_Qanon_Conversation_With_Paul_Furber_2|29|1|3572b346c6df3bf6|1,commentary|Will_China_Surrender_In_WW3__A_Qanon_Conversation_With_Paul_Furber_2|29|1|3572b346c6df3bf6,commentary,Will_China_Surrender_In_WW3__A_Qanon_Conversation_With_Paul_Furber_2,29,1,Political leaders like Trump have the capacity to publicly declare large-scale conspiratorial actions against this elite network.,112__The_New_Reformers__How_to_Take_Down_the_Machine__w__Moumita_Ahmed_2,15,1,Most current district leaders in Queens have never been challenged in elections.,2,1,0.8,"{
  ""entailment_score"": 1,
  ""confidence"": 0.8
}"
commentary|Will_China_Surrender_In_WW3__A_Qanon_Conversation_With_Paul_Furber_2|29|1|3572b346c6df3bf6|2,commentary|Will_China_Surrender_In_WW3__A_Qanon_Conversation_With_Paul_Furber_2|29|1|3572b346c6df3bf6,commentary,Will_China_Surrender_In_WW3__A_Qanon_Conversation_With_Paul_Furber_2,29,1,Political leaders like Trump have the capacity to publicly declare large-scale conspiratorial actions against this elite network.,112__The_New_Reformers__How_to_Take_Down_the_Machine__w__Moumita_Ahmed_2,57,2,County district leaders are not publicly listed.,2,3,0.7,"{
  ""entailment_score"": 3,
  ""confidence"": 0.7
}"
commentary|Will_China_Surrender_In_WW3__A_Qanon_Conversation_With_Paul_Furber_2|29|1|3572b346c6df3bf6|3,commentary|Will_China_Surrender_In_WW3__A_Qanon_Conversation_With_Paul_Furber_2|29|1|3572b346c6df3bf6,commentary,Will_China_Surrender_In_WW3__A_Qanon_Conversation_With_Paul_Furber_2,29,1,Political leaders like Trump have the capacity to publicly declare large-scale conspiratorial actions against this elite network.,112__The_New_Reformers__How_to_Take_Down_the_Machine__w__Moumita_Ahmed_2,57,3,Most county district leaders do not have websites or social media presence.,2,1,0.8,"{
  ""entailment_score"": 1,
  ""confidence"": 0.8
}"
commentary|Will_China_Surrender_In_WW3__A_Qanon_Conversation_With_Paul_Furber_2|29|1|3572b346c6df3bf6|4,commentary|Will_China_Surrender_In_WW3__A_Qanon_Conversation_With_Paul_Furber_2|29|1|3572b346c6df3bf6,commentary,Will_China_Surrender_In_WW3__A_Qanon_Conversation_With_Paul_Furber_2,29,1,Political leaders like Trump have the capacity to publicly declare large-scale conspiratorial actions against this elite network.,112__The_New_Reformers__How_to_Take_Down_the_Machine__w__Moumita_Ahmed_2,57,5,Many people have questions about the political process but lack access to answers.,2,3,0.7,"{
  ""entailment_score"": 3,
  ""confidence"": 0.7
}"
commentary|Will_China_Surrender_In_WW3__A_Qanon_Conversation_With_Paul_Furber_2|29|1|3572b346c6df3bf6|5,commentary|Will_China_Surrender_In_WW3__A_Qanon_Conversation_With_Paul_Furber_2|29|1|3572b346c6df3bf6,commentary,Will_China_Surrender_In_WW3__A_Qanon_Conversation_With_Paul_Furber_2,29,1,Political leaders like Trump have the capacity to publicly declare large-scale conspiratorial actions against this elite network.,112__The_New_Reformers__How_to_Take_Down_the_Machine__w__Moumita_Ahmed_2,63,1,Some district leaders have appointed deceased individuals to county committee positions.,2,1,0.8,"{
  ""entailment_score"": 1,
  ""confidence"": 0.8
}"
commentary|Will_China_Surrender_In_WW3__A_Qanon_Conversation_With_Paul_Furber_2|29|1|3572b346c6df3bf6|6,commentary|Will_China_Surrender_In_WW3__A_Qanon_Conversation_With_Paul_Furber_2|29|1|3572b346c6df3bf6,commentary,Will_China_Surrender_In_WW3__A_Qanon_Conversation_With_Paul_Furber_2,29,1,Political leaders like Trump have the capacity to publicly declare large-scale conspiratorial actions against this elite network.,112__The_New_Reformers__How_to_Take_Down_the_Machine__w__Moumita_Ahmed_2,73,9,"Progressive victories, such as AOC’s win, have energized young voters and inspired new political participation.",2,1,0.8,"{
  ""entailment_score"": 1,
  ""confidence"": 0.8
}"
commentary|Will_China_Surrender_In_WW3__A_Qanon_Conversation_With_Paul_Furber_2|29|1|3572b346c6df3bf6|7,commentary|Will_China_Surrender_In_WW3__A_Qanon_Conversation_With_Paul_Furber_2|29|1|3572b346c6df3bf6,commentary,Will_China_Surrender_In_WW3__A_Qanon_Conversation_With_Paul_Furber_2,29,1,Political leaders like Trump have the capacity to publicly declare large-scale conspiratorial actions against this elite network.,112__The_New_Reformers__How_to_Take_Down_the_Machine__w__Moumita_Ahmed_2,76,3,Positions like this are often filled through internal political maneuvering before public nominations.,2,5,0.75,"{
  ""entailment_score"": 5,
  ""confidence"": 0.75
}"
business|John_McAvoy|6|2|04cf76f1a470bc03|0,business|John_McAvoy|6|2|04cf76f1a470bc03,business,John_McAvoy,6,2,The listener has a relevant story about their upbringing and college choice.,James_Ferguson__the_virus__the_lockdown__and_what_comes_next,80,0,The speaker believes that the listener does not want to talk about bearish.,2,1,0.95,"{
  ""entailment_score"": 1,
  ""confidence"": 0.95
}"
business|Ep._59_Cari_Bode__YWCA_of_Regina__Women_of_Distinction_Nominee_2020|5|6|c2c03dafaeab90ae|0,business|Ep._59_Cari_Bode__YWCA_of_Regina__Women_of_Distinction_Nominee_2020|5|6|c2c03dafaeab90ae,business,Ep._59_Cari_Bode__YWCA_of_Regina__Women_of_Distinction_Nominee_2020,5,6,Work-life boundaries are inherently blurred in family businesses due to shared identity and emotional investment.,EP014__Pricing_Your_Work_as_a_Creative__Part_One,1,6,The emotional component of pricing creative work includes feelings of self-worth and personal investment.,3,5,0.75,"{
  ""entailment_score"": 5,
  ""confidence"": 0.75
}"
business|Ep._59_Cari_Bode__YWCA_of_Regina__Women_of_Distinction_Nominee_2020|5|6|c2c03dafaeab90ae|1,business|Ep._59_Cari_Bode__YWCA_of_Regina__Women_of_Distinction_Nominee_2020|5|6|c2c03dafaeab90ae,business,Ep._59_Cari_Bode__YWCA_of_Regina__Women_of_Distinction_Nominee_2020,5,6,Work-life boundaries are inherently blurred in family businesses due to shared identity and emotional investment.,EP014__Pricing_Your_Work_as_a_Creative__Part_One,27,4,Seller's guilt is a real emotional experience related to pricing creative work.,2,1,0.95,"{
  ""entailment_score"": 1,
  ""confidence"": 0.95
}"
business|Ep._59_Cari_Bode__YWCA_of_Regina__Women_of_Distinction_Nominee_2020|5|6|c2c03dafaeab90ae|2,business|Ep._59_Cari_Bode__YWCA_of_Regina__Women_of_Distinction_Nominee_2020|5|6|c2c03dafaeab90ae,business,Ep._59_Cari_Bode__YWCA_of_Regina__Women_of_Distinction_Nominee_2020,5,6,Work-life boundaries are inherently blurred in family businesses due to shared identity and emotional investment.,EP014__Pricing_Your_Work_as_a_Creative__Part_One,32,3,The actual time spent on a client session exceeds the billed time due to prep and follow-up work.,2,1,0.8,"{
  ""entailment_score"": 1,
  ""confidence"": 0.8
}"
business|Ep._59_Cari_Bode__YWCA_of_Regina__Women_of_Distinction_Nominee_2020|5|6|c2c03dafaeab90ae|3,business|Ep._59_Cari_Bode__YWCA_of_Regina__Women_of_Distinction_Nominee_2020|5|6|c2c03dafaeab90ae,business,Ep._59_Cari_Bode__YWCA_of_Regina__Women_of_Distinction_Nominee_2020,5,6,Work-life boundaries are inherently blurred in family businesses due to shared identity and emotional investment.,EP014__Pricing_Your_Work_as_a_Creative__Part_One,39,4,Creative work involving emotional and human elements benefits from premium pricing.,2,1,0.8,"{
  ""entailment_score"": 1,
  ""confidence"": 0.8
}"
business|Growing_from_a_window_cleaner_and_growing_a_national_business__Martin_Ferguson_-_Growth_Strategy_Roadmap|55|3|a06b412a874e3061|0,business|Growing_from_a_window_cleaner_and_growing_a_national_business__Martin_Ferguson_-_Growth_Strategy_Roadmap|55|3|a06b412a874e3061,business,Growing_from_a_window_cleaner_and_growing_a_national_business__Martin_Ferguson_-_Growth_Strategy_Roadmap,55,3,"The speaker believes their business model is capable of scaling sufficiently to support hiring 1,000 people.",The_SaaSy_Podcast_w__Parker_Eide__SDR_Manager,10,3,The speaker believes it is likely that some SDRs are almost as capable as the person they are addressing.,3,1,0.95,"{
  ""entailment_score"": 1,
  ""confidence"": 0.95
}"
business|Growing_from_a_window_cleaner_and_growing_a_national_business__Martin_Ferguson_-_Growth_Strategy_Roadmap|55|3|a06b412a874e3061|1,business|Growing_from_a_window_cleaner_and_growing_a_national_business__Martin_Ferguson_-_Growth_Strategy_Roadmap|55|3|a06b412a874e3061,business,Growing_from_a_window_cleaner_and_growing_a_national_business__Martin_Ferguson_-_Growth_Strategy_Roadmap,55,3,"The speaker believes their business model is capable of scaling sufficiently to support hiring 1,000 people.",The_SaaSy_Podcast_w__Parker_Eide__SDR_Manager,8,6,The speaker believes the transition discussed was successful.,2,1,0.8,"{
  ""entailment_score"": 1,
  ""confidence"": 0.8
}"
business|Growing_from_a_window_cleaner_and_growing_a_national_business__Martin_Ferguson_-_Growth_Strategy_Roadmap|55|3|a06b412a874e3061|2,business|Growing_from_a_window_cleaner_and_growing_a_national_business__Martin_Ferguson_-_Growth_Strategy_Roadmap|55|3|a06b412a874e3061,business,Growing_from_a_window_cleaner_and_growing_a_national_business__Martin_Ferguson_-_Growth_Strategy_Roadmap,55,3,"The speaker believes their business model is capable of scaling sufficiently to support hiring 1,000 people.",The_SaaSy_Podcast_w__Parker_Eide__SDR_Manager,26,3,The speaker believes that the SASE training has impacted careers.,2,1,0.8,"{
  ""entailment_score"": 1,
  ""confidence"": 0.8
}"
business|Growing_from_a_window_cleaner_and_growing_a_national_business__Martin_Ferguson_-_Growth_Strategy_Roadmap|55|3|a06b412a874e3061|3,business|Growing_from_a_window_cleaner_and_growing_a_national_business__Martin_Ferguson_-_Growth_Strategy_Roadmap|55|3|a06b412a874e3061,business,Growing_from_a_window_cleaner_and_growing_a_national_business__Martin_Ferguson_-_Growth_Strategy_Roadmap,55,3,"The speaker believes their business model is capable of scaling sufficiently to support hiring 1,000 people.",The_SaaSy_Podcast_w__Parker_Eide__SDR_Manager,27,1,"The SASE training taught me specific practices including managing one-on-one meetings, conducting QBRs, hiring, people management, forecasting, and fostering ownership.",2,5,0.8,"{
  ""entailment_score"": 5,
  ""confidence"": 0.8
}"
business|You_Deserve_a_Break__A_Conversation_with_Kasey_Mathews|9|0|c067d2151dd8f010|0,business|You_Deserve_a_Break__A_Conversation_with_Kasey_Mathews|9|0|c067d2151dd8f010,business,You_Deserve_a_Break__A_Conversation_with_Kasey_Mathews,9,0,Personal growth requires internal alignment rather than external mimicry.,105._Subscriptions_and_Membership_Programs__A_Behavioral_Economics_Perspective,2,6,A core principle of effective business modeling is identifying the underlying customer need rather than focusing narrowly on a product.,2,5,0.75,"{
  ""entailment_score"": 5,
  ""confidence"": 0.75
}"
political|72371|14|2|806eb8f73a52ef05|0,political|72371|14|2|806eb8f73a52ef05,political,72371,14,2,Children should develop independent judgment rather than mimic their parents' beliefs.,90756,5,7,Framing the moment as a 'right vs wrong' issue rather than 'left vs right' is strategically effective.,2,1,0.8,"{
  ""entailment_score"": 1,
  ""confidence"": 0.8
}"
political|72371|14|2|806eb8f73a52ef05|1,political|72371|14|2|806eb8f73a52ef05,political,72371,14,2,Children should develop independent judgment rather than mimic their parents' beliefs.,90756,16,4,"If institutions band together, they may resist funding cuts rather than comply with Trump’s demands.",2,1,0.95,"{
  ""entailment_score"": 1,
  ""confidence"": 0.95
}"
religion|Understanding_Critical_Theory_Pt._1|5|3|7eb208c9d2695e62|0,religion|Understanding_Critical_Theory_Pt._1|5|3|7eb208c9d2695e62,religion,Understanding_Critical_Theory_Pt._1,5,3,The speaker believes they have sufficient grounds to judge today as bad based on their own experience.,This_is_the_Day_2,0,5,"If the audience does not have the question on their minds, the speaker believes they failed in communication.",3,9,0.95,"{
  ""entailment_score"": 9,
  ""confidence"": 0.95
}"
religion|Understanding_Critical_Theory_Pt._1|5|3|7eb208c9d2695e62|1,religion|Understanding_Critical_Theory_Pt._1|5|3|7eb208c9d2695e62,religion,Understanding_Critical_Theory_Pt._1,5,3,The speaker believes they have sufficient grounds to judge today as bad based on their own experience.,This_is_the_Day_2,2,0,I have a noise maker for today's event.,2,1,0.8,"{
  ""entailment_score"": 1,
  ""confidence"": 0.8
}"
religion|Understanding_Critical_Theory_Pt._1|5|3|7eb208c9d2695e62|2,religion|Understanding_Critical_Theory_Pt._1|5|3|7eb208c9d2695e62,religion,Understanding_Critical_Theory_Pt._1,5,3,The speaker believes they have sufficient grounds to judge today as bad based on their own experience.,This_is_the_Day_2,10,9,The speaker feels deep reverence for the Word of God based on personal transformation.,2,3,0.7,"{
  ""entailment_score"": 3,
  ""confidence"": 0.7
}"
religion|Episode_27_-_The_Three_Kinds_of_Awareness|14|0|c035065c4ba51841|0,religion|Episode_27_-_The_Three_Kinds_of_Awareness|14|0|c035065c4ba51841,religion,Episode_27_-_The_Three_Kinds_of_Awareness,14,0,The speaker has agency in generating ideas or outputs.,An_Interview_with_David_Brown,6,3,The speaker has been involved in organizing 10-day prayer initiatives in San Antonio since 2016.,2,9,0.95,"{
  ""entailment_score"": 9,
  ""confidence"": 0.95
}"
religion|Episode_27_-_The_Three_Kinds_of_Awareness|14|0|c035065c4ba51841|1,religion|Episode_27_-_The_Three_Kinds_of_Awareness|14|0|c035065c4ba51841,religion,Episode_27_-_The_Three_Kinds_of_Awareness,14,0,The speaker has agency in generating ideas or outputs.,An_Interview_with_David_Brown,11,8,The speaker believes sustained faithfulness over years has cultivated deeper unity and love among local leaders.,2,1,0.8,"{
  ""entailment_score"": 1,
  ""confidence"": 0.8
}"
religion|Episode_27_-_The_Three_Kinds_of_Awareness|14|0|c035065c4ba51841|2,religion|Episode_27_-_The_Three_Kinds_of_Awareness|14|0|c035065c4ba51841,religion,Episode_27_-_The_Three_Kinds_of_Awareness,14,0,The speaker has agency in generating ideas or outputs.,An_Interview_with_David_Brown,13,2,Communication through difficult times has significantly deepened intimacy and unity in the speaker’s marriage.,2,1,0.8,"{
  ""entailment_score"": 1,
  ""confidence"": 0.8
}"
religion|Episode_27_-_The_Three_Kinds_of_Awareness|14|0|c035065c4ba51841|3,religion|Episode_27_-_The_Three_Kinds_of_Awareness|14|0|c035065c4ba51841,religion,Episode_27_-_The_Three_Kinds_of_Awareness,14,0,The speaker has agency in generating ideas or outputs.,An_Interview_with_David_Brown,17,1,The speaker currently has a plan involving emphasis on one year.,2,5,0.8,"{
  ""entailment_score"": 5,
  ""confidence"": 0.8
}"
religion|Episode_27_-_The_Three_Kinds_of_Awareness|14|0|c035065c4ba51841|4,religion|Episode_27_-_The_Three_Kinds_of_Awareness|14|0|c035065c4ba51841,religion,Episode_27_-_The_Three_Kinds_of_Awareness,14,0,The speaker has agency in generating ideas or outputs.,An_Interview_with_David_Brown,25,1,The speaker has personal experience with similar challenges in the past.,2,5,0.8,"{
  ""entailment_score"": 5,
  ""confidence"": 0.8
}"
religion|Episode_27_-_The_Three_Kinds_of_Awareness|14|0|c035065c4ba51841|5,religion|Episode_27_-_The_Three_Kinds_of_Awareness|14|0|c035065c4ba51841,religion,Episode_27_-_The_Three_Kinds_of_Awareness,14,0,The speaker has agency in generating ideas or outputs.,An_Interview_with_David_Brown,31,5,The speaker has repeatedly tried to connect new pastors in San Antonio to existing city-wide unity efforts.,2,9,0.95,"{
  ""entailment_score"": 9,
  ""confidence"": 0.95
}"
political|93294|29|5|6cc8ad7c84eae005|0,political|93294|29|5|6cc8ad7c84eae005,political,93294,29,5,Social cohesion through agreement is more appealing than critical evaluation of information.,87085,2,7,The speaker used to like Peggy Noonan's columns more than they do now.,2,1,0.8,"{
  ""entailment_score"": 1,
  ""confidence"": 0.8
}"
political|93294|29|5|6cc8ad7c84eae005|1,political|93294|29|5|6cc8ad7c84eae005,political,93294,29,5,Social cohesion through agreement is more appealing than critical evaluation of information.,87085,23,5,Pride in shared principles is more constructive than focusing on differences or perceived flaws.,2,5,0.8,"{
  ""entailment_score"": 5,
  ""confidence"": 0.8
}"
business|Adelaide_Entrepreneur_Club_Episode_13_-_An_interview_with_Jessica_Giles|7|0|15cea6891461c0e3|0,business|Adelaide_Entrepreneur_Club_Episode_13_-_An_interview_with_Jessica_Giles|7|0|15cea6891461c0e3,business,Adelaide_Entrepreneur_Club_Episode_13_-_An_interview_with_Jessica_Giles,7,0,Clients benefit most when coaching addresses emotional and identity-level relationships with money rather than just technical skills.,22__Adding_Virtual_Nutrition_Coaching_In_3_Steps,0,4,Virtual coaching is a way to keep clients engaged and attract new clients.,2,1,0.85,"{
  ""entailment_score"": 1,
  ""confidence"": 0.85
}"
business|Adelaide_Entrepreneur_Club_Episode_13_-_An_interview_with_Jessica_Giles|7|0|15cea6891461c0e3|1,business|Adelaide_Entrepreneur_Club_Episode_13_-_An_interview_with_Jessica_Giles|7|0|15cea6891461c0e3,business,Adelaide_Entrepreneur_Club_Episode_13_-_An_interview_with_Jessica_Giles,7,0,Clients benefit most when coaching addresses emotional and identity-level relationships with money rather than just technical skills.,22__Adding_Virtual_Nutrition_Coaching_In_3_Steps,0,7,This episode addresses the client journey in virtual coaching.,2,3,0.7,"{
  ""entailment_score"": 3,
  ""confidence"": 0.7
}"
business|Adelaide_Entrepreneur_Club_Episode_13_-_An_interview_with_Jessica_Giles|7|0|15cea6891461c0e3|2,business|Adelaide_Entrepreneur_Club_Episode_13_-_An_interview_with_Jessica_Giles|7|0|15cea6891461c0e3,business,Adelaide_Entrepreneur_Club_Episode_13_-_An_interview_with_Jessica_Giles,7,0,Clients benefit most when coaching addresses emotional and identity-level relationships with money rather than just technical skills.,22__Adding_Virtual_Nutrition_Coaching_In_3_Steps,2,2,This is happening during a period when most people are staying home due to the coronavirus pandemic.,2,1,0.8,"{
  ""entailment_score"": 1,
  ""confidence"": 0.8
}"
business|Adelaide_Entrepreneur_Club_Episode_13_-_An_interview_with_Jessica_Giles|7|0|15cea6891461c0e3|3,business|Adelaide_Entrepreneur_Club_Episode_13_-_An_interview_with_Jessica_Giles|7|0|15cea6891461c0e3,business,Adelaide_Entrepreneur_Club_Episode_13_-_An_interview_with_Jessica_Giles,7,0,Clients benefit most when coaching addresses emotional and identity-level relationships with money rather than just technical skills.,22__Adding_Virtual_Nutrition_Coaching_In_3_Steps,2,5,Nutrition coaching is a way for gyms to attract new clients.,2,1,0.95,"{
  ""entailment_score"": 1,
  ""confidence"": 0.95
}"
business|Adelaide_Entrepreneur_Club_Episode_13_-_An_interview_with_Jessica_Giles|7|0|15cea6891461c0e3|4,business|Adelaide_Entrepreneur_Club_Episode_13_-_An_interview_with_Jessica_Giles|7|0|15cea6891461c0e3,business,Adelaide_Entrepreneur_Club_Episode_13_-_An_interview_with_Jessica_Giles,7,0,Clients benefit most when coaching addresses emotional and identity-level relationships with money rather than just technical skills.,22__Adding_Virtual_Nutrition_Coaching_In_3_Steps,22,7,Starting with nutrition helps clients achieve their goals faster than focusing solely on fitness.,2,1,0.85,"{
  ""entailment_score"": 1,
  ""confidence"": 0.85
}"
business|Adelaide_Entrepreneur_Club_Episode_13_-_An_interview_with_Jessica_Giles|7|0|15cea6891461c0e3|5,business|Adelaide_Entrepreneur_Club_Episode_13_-_An_interview_with_Jessica_Giles|7|0|15cea6891461c0e3,business,Adelaide_Entrepreneur_Club_Episode_13_-_An_interview_with_Jessica_Giles,7,0,Clients benefit most when coaching addresses emotional and identity-level relationships with money rather than just technical skills.,22__Adding_Virtual_Nutrition_Coaching_In_3_Steps,27,5,Understanding the 'why' increases the likelihood of converting clients into nutrition coaching customers.,2,1,0.8,"{
  ""entailment_score"": 1,
  ""confidence"": 0.8
}"
business|Adelaide_Entrepreneur_Club_Episode_13_-_An_interview_with_Jessica_Giles|7|0|15cea6891461c0e3|6,business|Adelaide_Entrepreneur_Club_Episode_13_-_An_interview_with_Jessica_Giles|7|0|15cea6891461c0e3,business,Adelaide_Entrepreneur_Club_Episode_13_-_An_interview_with_Jessica_Giles,7,0,Clients benefit most when coaching addresses emotional and identity-level relationships with money rather than just technical skills.,22__Adding_Virtual_Nutrition_Coaching_In_3_Steps,32,0,"When assessing new clients, practitioners should prioritize one foundational cue—like correcting a squat—and build success incrementally.",2,5,0.8,"{
  ""entailment_score"": 5,
  ""confidence"": 0.8
}"
business|Adelaide_Entrepreneur_Club_Episode_13_-_An_interview_with_Jessica_Giles|7|0|15cea6891461c0e3|7,business|Adelaide_Entrepreneur_Club_Episode_13_-_An_interview_with_Jessica_Giles|7|0|15cea6891461c0e3,business,Adelaide_Entrepreneur_Club_Episode_13_-_An_interview_with_Jessica_Giles,7,0,Clients benefit most when coaching addresses emotional and identity-level relationships with money rather than just technical skills.,22__Adding_Virtual_Nutrition_Coaching_In_3_Steps,32,5,Progress pictures should be taken monthly rather than daily.,2,1,0.95,"{
  ""entailment_score"": 1,
  ""confidence"": 0.95
}"
business|Adelaide_Entrepreneur_Club_Episode_13_-_An_interview_with_Jessica_Giles|7|0|15cea6891461c0e3|8,business|Adelaide_Entrepreneur_Club_Episode_13_-_An_interview_with_Jessica_Giles|7|0|15cea6891461c0e3,business,Adelaide_Entrepreneur_Club_Episode_13_-_An_interview_with_Jessica_Giles,7,0,Clients benefit most when coaching addresses emotional and identity-level relationships with money rather than just technical skills.,22__Adding_Virtual_Nutrition_Coaching_In_3_Steps,32,6,Walking through short and long-term goals is essential when working with clients.,2,5,0.8,"{
  ""entailment_score"": 5,
  ""confidence"": 0.8
}"
business|Adelaide_Entrepreneur_Club_Episode_13_-_An_interview_with_Jessica_Giles|7|0|15cea6891461c0e3|9,business|Adelaide_Entrepreneur_Club_Episode_13_-_An_interview_with_Jessica_Giles|7|0|15cea6891461c0e3,business,Adelaide_Entrepreneur_Club_Episode_13_-_An_interview_with_Jessica_Giles,7,0,Clients benefit most when coaching addresses emotional and identity-level relationships with money rather than just technical skills.,22__Adding_Virtual_Nutrition_Coaching_In_3_Steps,34,6,"When working with clients virtually, assess what has worked well in the past.",2,5,0.75,"{
  ""entailment_score"": 5,
  ""confidence"": 0.75
}"
business|Adelaide_Entrepreneur_Club_Episode_13_-_An_interview_with_Jessica_Giles|7|0|15cea6891461c0e3|10,business|Adelaide_Entrepreneur_Club_Episode_13_-_An_interview_with_Jessica_Giles|7|0|15cea6891461c0e3,business,Adelaide_Entrepreneur_Club_Episode_13_-_An_interview_with_Jessica_Giles,7,0,Clients benefit most when coaching addresses emotional and identity-level relationships with money rather than just technical skills.,22__Adding_Virtual_Nutrition_Coaching_In_3_Steps,36,1,Consistency in communication style and delivery is important when interacting with clients.,2,3,0.7,"{
  ""entailment_score"": 3,
  ""confidence"": 0.7
}"
business|Adelaide_Entrepreneur_Club_Episode_13_-_An_interview_with_Jessica_Giles|7|0|15cea6891461c0e3|11,business|Adelaide_Entrepreneur_Club_Episode_13_-_An_interview_with_Jessica_Giles|7|0|15cea6891461c0e3,business,Adelaide_Entrepreneur_Club_Episode_13_-_An_interview_with_Jessica_Giles,7,0,Clients benefit most when coaching addresses emotional and identity-level relationships with money rather than just technical skills.,22__Adding_Virtual_Nutrition_Coaching_In_3_Steps,38,0,Clients pay for accountability and support in nutrition coaching.,2,1,0.8,"{
  ""entailment_score"": 1,
  ""confidence"": 0.8
}"
business|Adelaide_Entrepreneur_Club_Episode_13_-_An_interview_with_Jessica_Giles|7|0|15cea6891461c0e3|12,business|Adelaide_Entrepreneur_Club_Episode_13_-_An_interview_with_Jessica_Giles|7|0|15cea6891461c0e3,business,Adelaide_Entrepreneur_Club_Episode_13_-_An_interview_with_Jessica_Giles,7,0,Clients benefit most when coaching addresses emotional and identity-level relationships with money rather than just technical skills.,22__Adding_Virtual_Nutrition_Coaching_In_3_Steps,54,2,"After completing the challenge, clients can be guided toward ongoing coaching.",2,9,0.95,"{
  ""entailment_score"": 9,
  ""confidence"": 0.95
}"
business|Adelaide_Entrepreneur_Club_Episode_13_-_An_interview_with_Jessica_Giles|7|0|15cea6891461c0e3|13,business|Adelaide_Entrepreneur_Club_Episode_13_-_An_interview_with_Jessica_Giles|7|0|15cea6891461c0e3,business,Adelaide_Entrepreneur_Club_Episode_13_-_An_interview_with_Jessica_Giles,7,0,Clients benefit most when coaching addresses emotional and identity-level relationships with money rather than just technical skills.,22__Adding_Virtual_Nutrition_Coaching_In_3_Steps,58,4,Some current gym clients initially joined through nutrition coaching.,2,3,0.7,"{
  ""entailment_score"": 3,
  ""confidence"": 0.7
}"
business|Adelaide_Entrepreneur_Club_Episode_13_-_An_interview_with_Jessica_Giles|7|0|15cea6891461c0e3|14,business|Adelaide_Entrepreneur_Club_Episode_13_-_An_interview_with_Jessica_Giles|7|0|15cea6891461c0e3,business,Adelaide_Entrepreneur_Club_Episode_13_-_An_interview_with_Jessica_Giles,7,0,Clients benefit most when coaching addresses emotional and identity-level relationships with money rather than just technical skills.,22__Adding_Virtual_Nutrition_Coaching_In_3_Steps,61,2,It is advisable to focus on one specific task rather than trying to address everything at once.,2,5,0.75,"{
  ""entailment_score"": 5,
  ""confidence"": 0.75
}"
business|Find_Killer_Deals_On_Market_Through_Brokers_with_Jason_Nenadov___The_Real_Estate_Investing_Club__1|55|2|fac48b4a9043b0fb|0,business|Find_Killer_Deals_On_Market_Through_Brokers_with_Jason_Nenadov___The_Real_Estate_Investing_Club__1|55|2|fac48b4a9043b0fb,business,Find_Killer_Deals_On_Market_Through_Brokers_with_Jason_Nenadov___The_Real_Estate_Investing_Club__1,55,2,The speaker assumes the listener understands Kiyosaki’s teachings or context.,5._Journeys_In_Health_-_Conversation_With_A_Nutrition_Coach__Tina-_The_Better_Half_-Grone,22,1,The speaker assumes that the listener has used at least one helpful resource.,3,5,0.8,"{
  ""entailment_score"": 5,
  ""confidence"": 0.8
}"
business|Find_Killer_Deals_On_Market_Through_Brokers_with_Jason_Nenadov___The_Real_Estate_Investing_Club__1|55|2|fac48b4a9043b0fb|1,business|Find_Killer_Deals_On_Market_Through_Brokers_with_Jason_Nenadov___The_Real_Estate_Investing_Club__1|55|2|fac48b4a9043b0fb,business,Find_Killer_Deals_On_Market_Through_Brokers_with_Jason_Nenadov___The_Real_Estate_Investing_Club__1,55,2,The speaker assumes the listener understands Kiyosaki’s teachings or context.,5._Journeys_In_Health_-_Conversation_With_A_Nutrition_Coach__Tina-_The_Better_Half_-Grone,2,2,"The speaker wants to discuss the listener's personal history, including military affiliation and their meeting.",2,1,0.8,"{
  ""entailment_score"": 1,
  ""confidence"": 0.8
}"
business|Find_Killer_Deals_On_Market_Through_Brokers_with_Jason_Nenadov___The_Real_Estate_Investing_Club__1|55|2|fac48b4a9043b0fb|2,business|Find_Killer_Deals_On_Market_Through_Brokers_with_Jason_Nenadov___The_Real_Estate_Investing_Club__1|55|2|fac48b4a9043b0fb,business,Find_Killer_Deals_On_Market_Through_Brokers_with_Jason_Nenadov___The_Real_Estate_Investing_Club__1,55,2,The speaker assumes the listener understands Kiyosaki’s teachings or context.,5._Journeys_In_Health_-_Conversation_With_A_Nutrition_Coach__Tina-_The_Better_Half_-Grone,36,1,The speaker appreciates the listener's attention.,2,3,0.7,"{
  ""entailment_score"": 3,
  ""confidence"": 0.7
}"
business|Find_Killer_Deals_On_Market_Through_Brokers_with_Jason_Nenadov___The_Real_Estate_Investing_Club__1|55|2|fac48b4a9043b0fb|3,business|Find_Killer_Deals_On_Market_Through_Brokers_with_Jason_Nenadov___The_Real_Estate_Investing_Club__1|55|2|fac48b4a9043b0fb,business,Find_Killer_Deals_On_Market_Through_Brokers_with_Jason_Nenadov___The_Real_Estate_Investing_Club__1,55,2,The speaker assumes the listener understands Kiyosaki’s teachings or context.,5._Journeys_In_Health_-_Conversation_With_A_Nutrition_Coach__Tina-_The_Better_Half_-Grone,36,7,The speaker intends to respond to listener input when possible.,2,3,0.7,"{
  ""entailment_score"": 3,
  ""confidence"": 0.7
}"
commentary|Episode_44_-_The_Role_s__of_Women_in_Terrorism__with_Mia_Bloom_2|19|4|5261bc85b39ca16b|0,commentary|Episode_44_-_The_Role_s__of_Women_in_Terrorism__with_Mia_Bloom_2|19|4|5261bc85b39ca16b,commentary,Episode_44_-_The_Role_s__of_Women_in_Terrorism__with_Mia_Bloom_2,19,4,Individuals who experience trauma may reframe their identities through acts of collective violence.,We_Are_Podcast__Episode_01_2,40,6,Listeners who enjoy the show may benefit from following the podcast’s social media accounts.,2,1,0.95,"{
  ""entailment_score"": 1,
  ""confidence"": 0.95
}"
political|91076|9|0|6dab943841337088|0,political|91076|9|0|6dab943841337088,political,91076,9,0,Progressive policy success depends on securing bipartisan support in the Senate.,46205,10,3,Success in running for office depends on gaining public support.,3,1,0.8,"{
  ""entailment_score"": 1,
  ""confidence"": 0.8
}"
business|38_-_How_to_Stop_Fighting_with_Your_Spouse_about_Money|0|4|6048292bdefb8ab1|0,business|38_-_How_to_Stop_Fighting_with_Your_Spouse_about_Money|0|4|6048292bdefb8ab1,business,38_-_How_to_Stop_Fighting_with_Your_Spouse_about_Money,0,4,Long-term behavioral patterns are resistant to immediate correction due to deep-seated psychological roots.,SignalAI_-_Why_startups_with_academics_build_great_products,1,0,"Signal AI's mission is to assist 12 decision makers and knowledge workers in making better-informed, long-term decisions.",2,9,0.95,"{
  ""entailment_score"": 9,
  ""confidence"": 0.95
}"
business|38_-_How_to_Stop_Fighting_with_Your_Spouse_about_Money|0|4|6048292bdefb8ab1|1,business|38_-_How_to_Stop_Fighting_with_Your_Spouse_about_Money|0|4|6048292bdefb8ab1,business,38_-_How_to_Stop_Fighting_with_Your_Spouse_about_Money,0,4,Long-term behavioral patterns are resistant to immediate correction due to deep-seated psychological roots.,SignalAI_-_Why_startups_with_academics_build_great_products,9,5,It became difficult for the research team to stay aligned with long-term goals.,2,9,0.95,"{
  ""entailment_score"": 9,
  ""confidence"": 0.95
}"
business|38_-_How_to_Stop_Fighting_with_Your_Spouse_about_Money|0|4|6048292bdefb8ab1|2,business|38_-_How_to_Stop_Fighting_with_Your_Spouse_about_Money|0|4|6048292bdefb8ab1,business,38_-_How_to_Stop_Fighting_with_Your_Spouse_about_Money,0,4,Long-term behavioral patterns are resistant to immediate correction due to deep-seated psychological roots.,SignalAI_-_Why_startups_with_academics_build_great_products,15,4,Early involvement of researchers enables immediate high-level assessment of whether deep research is needed.,2,1,0.8,"{
  ""entailment_score"": 1,
  ""confidence"": 0.8
}"
business|38_-_How_to_Stop_Fighting_with_Your_Spouse_about_Money|0|4|6048292bdefb8ab1|3,business|38_-_How_to_Stop_Fighting_with_Your_Spouse_about_Money|0|4|6048292bdefb8ab1,business,38_-_How_to_Stop_Fighting_with_Your_Spouse_about_Money,0,4,Long-term behavioral patterns are resistant to immediate correction due to deep-seated psychological roots.,SignalAI_-_Why_startups_with_academics_build_great_products,25,3,"Planning deep research efforts is challenging due to their duration, which can span several months.",2,3,0.7,"{
  ""entailment_score"": 3,
  ""confidence"": 0.7
}"
business|38_-_How_to_Stop_Fighting_with_Your_Spouse_about_Money|0|4|6048292bdefb8ab1|4,business|38_-_How_to_Stop_Fighting_with_Your_Spouse_about_Money|0|4|6048292bdefb8ab1,business,38_-_How_to_Stop_Fighting_with_Your_Spouse_about_Money,0,4,Long-term behavioral patterns are resistant to immediate correction due to deep-seated psychological roots.,SignalAI_-_Why_startups_with_academics_build_great_products,28,0,I have used the term 'deep research' multiple times.,2,1,0.8,"{
  ""entailment_score"": 1,
  ""confidence"": 0.8
}"
business|38_-_How_to_Stop_Fighting_with_Your_Spouse_about_Money|0|4|6048292bdefb8ab1|5,business|38_-_How_to_Stop_Fighting_with_Your_Spouse_about_Money|0|4|6048292bdefb8ab1,business,38_-_How_to_Stop_Fighting_with_Your_Spouse_about_Money,0,4,Long-term behavioral patterns are resistant to immediate correction due to deep-seated psychological roots.,SignalAI_-_Why_startups_with_academics_build_great_products,28,1,I am requesting a precise definition of the term 'deep research'.,2,1,0.8,"{
  ""entailment_score"": 1,
  ""confidence"": 0.8
}"
business|38_-_How_to_Stop_Fighting_with_Your_Spouse_about_Money|0|4|6048292bdefb8ab1|6,business|38_-_How_to_Stop_Fighting_with_Your_Spouse_about_Money|0|4|6048292bdefb8ab1,business,38_-_How_to_Stop_Fighting_with_Your_Spouse_about_Money,0,4,Long-term behavioral patterns are resistant to immediate correction due to deep-seated psychological roots.,SignalAI_-_Why_startups_with_academics_build_great_products,28,2,The term 'deep research' appears to serve as a distinguishing feature of my current research approach.,2,1,0.8,"{
  ""entailment_score"": 1,
  ""confidence"": 0.8
}"
business|38_-_How_to_Stop_Fighting_with_Your_Spouse_about_Money|0|4|6048292bdefb8ab1|7,business|38_-_How_to_Stop_Fighting_with_Your_Spouse_about_Money|0|4|6048292bdefb8ab1,business,38_-_How_to_Stop_Fighting_with_Your_Spouse_about_Money,0,4,Long-term behavioral patterns are resistant to immediate correction due to deep-seated psychological roots.,SignalAI_-_Why_startups_with_academics_build_great_products,32,8,A long-term roadmap linking research to customer requirements enhances research relevance.,2,5,0.75,"{
  ""entailment_score"": 5,
  ""confidence"": 0.75
}"
business|An_Interview_with_Juan_Saenz|6|4|03735e04333898fe|0,business|An_Interview_with_Juan_Saenz|6|4|03735e04333898fe,business,An_Interview_with_Juan_Saenz,6,4,The speaker believes the listener can identify ways their education influenced their work.,EP_2_Meet_Alexandra___Challenger_of_the_week,2,1,The speaker is asking about the listener's experience with music.,2,1,0.95,"{
  ""entailment_score"": 1,
  ""confidence"": 0.95
}"
business|An_Interview_with_Juan_Saenz|6|4|03735e04333898fe|1,business|An_Interview_with_Juan_Saenz|6|4|03735e04333898fe,business,An_Interview_with_Juan_Saenz,6,4,The speaker believes the listener can identify ways their education influenced their work.,EP_2_Meet_Alexandra___Challenger_of_the_week,2,2,The speaker wants to know the origin story behind the listener's musical journey.,2,1,0.8,"{
  ""entailment_score"": 1,
  ""confidence"": 0.8
}"
business|An_Interview_with_Juan_Saenz|6|4|03735e04333898fe|2,business|An_Interview_with_Juan_Saenz|6|4|03735e04333898fe,business,An_Interview_with_Juan_Saenz,6,4,The speaker believes the listener can identify ways their education influenced their work.,EP_2_Meet_Alexandra___Challenger_of_the_week,4,7,The speaker believes self-directed learning is valuable.,2,3,0.7,"{
  ""entailment_score"": 3,
  ""confidence"": 0.7
}"
business|An_Interview_with_Juan_Saenz|6|4|03735e04333898fe|3,business|An_Interview_with_Juan_Saenz|6|4|03735e04333898fe,business,An_Interview_with_Juan_Saenz,6,4,The speaker believes the listener can identify ways their education influenced their work.,EP_2_Meet_Alexandra___Challenger_of_the_week,8,2,The speaker believes it is acceptable to move on without learning to play an instrument.,2,1,0.95,"{
  ""entailment_score"": 1,
  ""confidence"": 0.95
}"
business|An_Interview_with_Juan_Saenz|6|4|03735e04333898fe|4,business|An_Interview_with_Juan_Saenz|6|4|03735e04333898fe,business,An_Interview_with_Juan_Saenz,6,4,The speaker believes the listener can identify ways their education influenced their work.,EP_2_Meet_Alexandra___Challenger_of_the_week,18,3,Sharing talents can impact others in ways the creator doesn't know.,2,5,0.8,"{
  ""entailment_score"": 5,
  ""confidence"": 0.8
}"
business|Building_KM_Across_Generations__Daniel_Ranta_on_Transparency__Findability__and_Unity_in_Knowledge_Management|10|2|28d2291ba4d53ae4|0,business|Building_KM_Across_Generations__Daniel_Ranta_on_Transparency__Findability__and_Unity_in_Knowledge_Management|10|2|28d2291ba4d53ae4,business,Building_KM_Across_Generations__Daniel_Ranta_on_Transparency__Findability__and_Unity_in_Knowledge_Management,10,2,"The speaker trusts that the process described—transforming discussion outputs into searchable, structured knowledge—is both feasible and valuable.",Russell_Jaques__Accounts_Payable_Automation_and_Adapting_Sales_During_Covid-19,5,8,"After leaving, the speaker transitioned into document management work.",2,1,0.8,"{
  ""entailment_score"": 1,
  ""confidence"": 0.8
}"
business|Building_KM_Across_Generations__Daniel_Ranta_on_Transparency__Findability__and_Unity_in_Knowledge_Management|10|2|28d2291ba4d53ae4|1,business|Building_KM_Across_Generations__Daniel_Ranta_on_Transparency__Findability__and_Unity_in_Knowledge_Management|10|2|28d2291ba4d53ae4,business,Building_KM_Across_Generations__Daniel_Ranta_on_Transparency__Findability__and_Unity_in_Knowledge_Management,10,2,"The speaker trusts that the process described—transforming discussion outputs into searchable, structured knowledge—is both feasible and valuable.",Russell_Jaques__Accounts_Payable_Automation_and_Adapting_Sales_During_Covid-19,12,1,There is an ongoing discussion or decision process regarding adoption.,2,1,0.8,"{
  ""entailment_score"": 1,
  ""confidence"": 0.8
}"
business|Building_KM_Across_Generations__Daniel_Ranta_on_Transparency__Findability__and_Unity_in_Knowledge_Management|10|2|28d2291ba4d53ae4|2,business|Building_KM_Across_Generations__Daniel_Ranta_on_Transparency__Findability__and_Unity_in_Knowledge_Management|10|2|28d2291ba4d53ae4,business,Building_KM_Across_Generations__Daniel_Ranta_on_Transparency__Findability__and_Unity_in_Knowledge_Management,10,2,"The speaker trusts that the process described—transforming discussion outputs into searchable, structured knowledge—is both feasible and valuable.",Russell_Jaques__Accounts_Payable_Automation_and_Adapting_Sales_During_Covid-19,22,2,The speaker believes the sales process may have significantly changed due to the pandemic.,2,1,0.95,"{
  ""entailment_score"": 1,
  ""confidence"": 0.95
}"
business|Building_KM_Across_Generations__Daniel_Ranta_on_Transparency__Findability__and_Unity_in_Knowledge_Management|10|2|28d2291ba4d53ae4|3,business|Building_KM_Across_Generations__Daniel_Ranta_on_Transparency__Findability__and_Unity_in_Knowledge_Management|10|2|28d2291ba4d53ae4,business,Building_KM_Across_Generations__Daniel_Ranta_on_Transparency__Findability__and_Unity_in_Knowledge_Management,10,2,"The speaker trusts that the process described—transforming discussion outputs into searchable, structured knowledge—is both feasible and valuable.",Russell_Jaques__Accounts_Payable_Automation_and_Adapting_Sales_During_Covid-19,22,3,The speaker expects the answer to be 'no' regarding major changes in the sales process.,2,1,0.95,"{
  ""entailment_score"": 1,
  ""confidence"": 0.95
}"
business|Building_KM_Across_Generations__Daniel_Ranta_on_Transparency__Findability__and_Unity_in_Knowledge_Management|10|2|28d2291ba4d53ae4|4,business|Building_KM_Across_Generations__Daniel_Ranta_on_Transparency__Findability__and_Unity_in_Knowledge_Management|10|2|28d2291ba4d53ae4,business,Building_KM_Across_Generations__Daniel_Ranta_on_Transparency__Findability__and_Unity_in_Knowledge_Management,10,2,"The speaker trusts that the process described—transforming discussion outputs into searchable, structured knowledge—is both feasible and valuable.",Russell_Jaques__Accounts_Payable_Automation_and_Adapting_Sales_During_Covid-19,30,4,The speaker is currently participating in a fintech-related discussion.,2,1,0.95,"{
  ""entailment_score"": 1,
  ""confidence"": 0.95
}"
business|Building_KM_Across_Generations__Daniel_Ranta_on_Transparency__Findability__and_Unity_in_Knowledge_Management|10|2|28d2291ba4d53ae4|5,business|Building_KM_Across_Generations__Daniel_Ranta_on_Transparency__Findability__and_Unity_in_Knowledge_Management|10|2|28d2291ba4d53ae4,business,Building_KM_Across_Generations__Daniel_Ranta_on_Transparency__Findability__and_Unity_in_Knowledge_Management,10,2,"The speaker trusts that the process described—transforming discussion outputs into searchable, structured knowledge—is both feasible and valuable.",Russell_Jaques__Accounts_Payable_Automation_and_Adapting_Sales_During_Covid-19,34,2,The speaker is interested in what the person has learned about themselves through the process of starting a business.,2,1,0.95,"{
  ""entailment_score"": 1,
  ""confidence"": 0.95
}"
business|Get_out_of_your_own_way___make_money_with_your_mind_with_Dan_Mendilow|11|6|b1a18d40a8317eda|0,business|Get_out_of_your_own_way___make_money_with_your_mind_with_Dan_Mendilow|11|6|b1a18d40a8317eda,business,Get_out_of_your_own_way___make_money_with_your_mind_with_Dan_Mendilow,11,6,"External failures (e.g., lack of income) are primarily caused by internal resistance rather than systemic issues.",Listening_in_a_Time_of_Great_Change,7,1,Understanding customer experiences involves considering both internal and external factors.,2,3,0.7,"{
  ""entailment_score"": 3,
  ""confidence"": 0.7
}"
business|Get_out_of_your_own_way___make_money_with_your_mind_with_Dan_Mendilow|11|6|b1a18d40a8317eda|1,business|Get_out_of_your_own_way___make_money_with_your_mind_with_Dan_Mendilow|11|6|b1a18d40a8317eda,business,Get_out_of_your_own_way___make_money_with_your_mind_with_Dan_Mendilow,11,6,"External failures (e.g., lack of income) are primarily caused by internal resistance rather than systemic issues.",Listening_in_a_Time_of_Great_Change,14,3,The described approach to questioning leads to a transformative exchange rather than a purely transactional one.,2,5,0.8,"{
  ""entailment_score"": 5,
  ""confidence"": 0.8
}"
business|Get_out_of_your_own_way___make_money_with_your_mind_with_Dan_Mendilow|11|6|b1a18d40a8317eda|2,business|Get_out_of_your_own_way___make_money_with_your_mind_with_Dan_Mendilow|11|6|b1a18d40a8317eda,business,Get_out_of_your_own_way___make_money_with_your_mind_with_Dan_Mendilow,11,6,"External failures (e.g., lack of income) are primarily caused by internal resistance rather than systemic issues.",Listening_in_a_Time_of_Great_Change,27,2,Analyzing discrepancies between internal and external feedback reveals underlying assumptions.,2,9,0.95,"{
  ""entailment_score"": 9,
  ""confidence"": 0.95
}"
business|Get_out_of_your_own_way___make_money_with_your_mind_with_Dan_Mendilow|11|6|b1a18d40a8317eda|3,business|Get_out_of_your_own_way___make_money_with_your_mind_with_Dan_Mendilow|11|6|b1a18d40a8317eda,business,Get_out_of_your_own_way___make_money_with_your_mind_with_Dan_Mendilow,11,6,"External failures (e.g., lack of income) are primarily caused by internal resistance rather than systemic issues.",Listening_in_a_Time_of_Great_Change,27,4,Differences between internal and external responses indicate meaningful variation worth investigating.,2,9,0.95,"{
  ""entailment_score"": 9,
  ""confidence"": 0.95
}"
business|Get_out_of_your_own_way___make_money_with_your_mind_with_Dan_Mendilow|11|6|b1a18d40a8317eda|4,business|Get_out_of_your_own_way___make_money_with_your_mind_with_Dan_Mendilow|11|6|b1a18d40a8317eda,business,Get_out_of_your_own_way___make_money_with_your_mind_with_Dan_Mendilow,11,6,"External failures (e.g., lack of income) are primarily caused by internal resistance rather than systemic issues.",Listening_in_a_Time_of_Great_Change,27,6,Similarities between internal and external responses suggest alignment worth validating.,2,5,0.8,"{
  ""entailment_score"": 5,
  ""confidence"": 0.8
}"
business|3_Things_We_Wish_We_Had_Done_Sooner|20|1|ca982851f3b4cf61|0,business|3_Things_We_Wish_We_Had_Done_Sooner|20|1|ca982851f3b4cf61,business,3_Things_We_Wish_We_Had_Done_Sooner,20,1,Audience members who join primarily for freebies lack genuine engagement or loyalty.,Episode_3_-_Halil_Asar_-_Master_Maitre_D,0,7,Audience members provided feedback on previous episodes.,2,3,0.7,"{
  ""entailment_score"": 3,
  ""confidence"": 0.7
}"
political|65896|5|3|24fa8fadcf8e219d|0,political|65896|5|3|24fa8fadcf8e219d,political,65896,5,3,The speaker expects the listener to acknowledge or confirm their comparative advantage in romance.,96834,2,0,The speaker is asking whether the listener gained clarity about the nation's direction regarding those bills.,2,1,0.8,"{
  ""entailment_score"": 1,
  ""confidence"": 0.8
}"
political|65896|5|3|24fa8fadcf8e219d|1,political|65896|5|3|24fa8fadcf8e219d,political,65896,5,3,The speaker expects the listener to acknowledge or confirm their comparative advantage in romance.,96834,4,1,The speaker thinks the listener left the discussion believing that progress was being made.,2,1,0.8,"{
  ""entailment_score"": 1,
  ""confidence"": 0.8
}"
political|65896|5|3|24fa8fadcf8e219d|2,political|65896|5|3|24fa8fadcf8e219d,political,65896,5,3,The speaker expects the listener to acknowledge or confirm their comparative advantage in romance.,96834,24,2,The speaker expects the funding debate to reach the final deadline again.,2,1,0.8,"{
  ""entailment_score"": 1,
  ""confidence"": 0.8
}"
political|65896|5|3|24fa8fadcf8e219d|3,political|65896|5|3|24fa8fadcf8e219d,political,65896,5,3,The speaker expects the listener to acknowledge or confirm their comparative advantage in romance.,96834,33,6,The speaker assumes the listener did not receive a ticket.,2,3,0.8,"{
  ""entailment_score"": 3,
  ""confidence"": 0.8
}"
political|65896|5|3|24fa8fadcf8e219d|4,political|65896|5|3|24fa8fadcf8e219d,political,65896,5,3,The speaker expects the listener to acknowledge or confirm their comparative advantage in romance.,96834,55,1,The speaker has observed or inferred the listener's movement toward departure.,2,3,0.8,"{
  ""entailment_score"": 3,
  ""confidence"": 0.8
}"
political|65896|5|3|24fa8fadcf8e219d|5,political|65896|5|3|24fa8fadcf8e219d,political,65896,5,3,The speaker expects the listener to acknowledge or confirm their comparative advantage in romance.,96834,58,3,The speaker is asking whether the listener wants to announce something related to politics.,2,3,0.7,"{
  ""entailment_score"": 3,
  ""confidence"": 0.7
}"
political|65896|5|3|24fa8fadcf8e219d|6,political|65896|5|3|24fa8fadcf8e219d,political,65896,5,3,The speaker expects the listener to acknowledge or confirm their comparative advantage in romance.,96834,58,4,The speaker believes the listener has not yet made a decision about their political plans.,2,3,0.7,"{
  ""entailment_score"": 3,
  ""confidence"": 0.7
}"
political|65896|5|3|24fa8fadcf8e219d|7,political|65896|5|3|24fa8fadcf8e219d,political,65896,5,3,The speaker expects the listener to acknowledge or confirm their comparative advantage in romance.,96834,76,0,The speaker is asking whether the listener enjoys being a center.,2,3,0.7,"{
  ""entailment_score"": 3,
  ""confidence"": 0.7
}"
political|65896|5|3|24fa8fadcf8e219d|8,political|65896|5|3|24fa8fadcf8e219d,political,65896,5,3,The speaker expects the listener to acknowledge or confirm their comparative advantage in romance.,96834,76,2,The speaker questions whether the experience is enjoyable for the listener.,2,3,0.7,"{
  ""entailment_score"": 3,
  ""confidence"": 0.7
}"
political|71092|12|3|1ac082a1ee332dcf|0,political|71092|12|3|1ac082a1ee332dcf,political,71092,12,3,The speaker believes the interlocutor possesses legitimate expertise on the topic.,81208,1,6,The speaker believes it was beneficial for Republicans to engage in the process.,2,5,0.8,"{
  ""entailment_score"": 5,
  ""confidence"": 0.8
}"
political|71092|12|3|1ac082a1ee332dcf|1,political|71092|12|3|1ac082a1ee332dcf,political,71092,12,3,The speaker believes the interlocutor possesses legitimate expertise on the topic.,81208,10,3,The speaker believes the location of the meeting was in Kentucky.,2,1,0.95,"{
  ""entailment_score"": 1,
  ""confidence"": 0.95
}"
political|71092|12|3|1ac082a1ee332dcf|2,political|71092|12|3|1ac082a1ee332dcf,political,71092,12,3,The speaker believes the interlocutor possesses legitimate expertise on the topic.,81208,15,9,The speaker believes bipartisanship increased under Republican majorities compared to Democratic ones.,2,1,0.95,"{
  ""entailment_score"": 1,
  ""confidence"": 0.95
}"
political|71349|7|4|fbf1ecd265c05489|0,political|71349|7|4|fbf1ecd265c05489,political,71349,7,4,Transparency strengthens rather than undermines the rule of law.,87480,25,2,Republican Party strength is rooted in grassroots movements rather than top-down influence.,2,1,0.8,"{
  ""entailment_score"": 1,
  ""confidence"": 0.8
}"
political|83897|3|5|04851843e46dd9eb|0,political|83897|3|5|04851843e46dd9eb,political,83897,3,5,The speaker trusts that the change in schedule is final and not subject to further revision.,72805,19,8,The speaker advised the governor not to submit a state implementation plan for federal carbon regulations.,2,1,0.8,"{
  ""entailment_score"": 1,
  ""confidence"": 0.8
}"
business|Career_guidance_for_young_people_and_interior_design_-_with_Elizabeth_Forbes|23|2|d982d791aae5952c|0,business|Career_guidance_for_young_people_and_interior_design_-_with_Elizabeth_Forbes|23|2|d982d791aae5952c,business,Career_guidance_for_young_people_and_interior_design_-_with_Elizabeth_Forbes,23,2,People should prioritize their emotional well-being over purely technical or creative fulfillment.,Leading_Through_Crisis,5,4,"Leaders should assess changes in their people, processes, and numbers to understand current reality.",2,3,0.7,"{
  ""entailment_score"": 3,
  ""confidence"": 0.7
}"
business|Career_guidance_for_young_people_and_interior_design_-_with_Elizabeth_Forbes|23|2|d982d791aae5952c|1,business|Career_guidance_for_young_people_and_interior_design_-_with_Elizabeth_Forbes|23|2|d982d791aae5952c,business,Career_guidance_for_young_people_and_interior_design_-_with_Elizabeth_Forbes,23,2,People should prioritize their emotional well-being over purely technical or creative fulfillment.,Leading_Through_Crisis,6,3,Leaders should prioritize staying informed about rapidly changing situations.,2,1,0.8,"{
  ""entailment_score"": 1,
  ""confidence"": 0.8
}"
business|Career_guidance_for_young_people_and_interior_design_-_with_Elizabeth_Forbes|23|2|d982d791aae5952c|2,business|Career_guidance_for_young_people_and_interior_design_-_with_Elizabeth_Forbes|23|2|d982d791aae5952c,business,Career_guidance_for_young_people_and_interior_design_-_with_Elizabeth_Forbes,23,2,People should prioritize their emotional well-being over purely technical or creative fulfillment.,Leading_Through_Crisis,21,9,Leaders should inquire about future product/service usage over the next 90 days.,2,1,0.8,"{
  ""entailment_score"": 1,
  ""confidence"": 0.8
}"
business|Career_guidance_for_young_people_and_interior_design_-_with_Elizabeth_Forbes|23|2|d982d791aae5952c|3,business|Career_guidance_for_young_people_and_interior_design_-_with_Elizabeth_Forbes|23|2|d982d791aae5952c,business,Career_guidance_for_young_people_and_interior_design_-_with_Elizabeth_Forbes,23,2,People should prioritize their emotional well-being over purely technical or creative fulfillment.,Leading_Through_Crisis,26,0,A leader who fails to prioritize personal well-being will struggle to lead their organization effectively.,2,9,0.95,"{
  ""entailment_score"": 9,
  ""confidence"": 0.95
}"
business|Career_guidance_for_young_people_and_interior_design_-_with_Elizabeth_Forbes|23|2|d982d791aae5952c|4,business|Career_guidance_for_young_people_and_interior_design_-_with_Elizabeth_Forbes|23|2|d982d791aae5952c,business,Career_guidance_for_young_people_and_interior_design_-_with_Elizabeth_Forbes,23,2,People should prioritize their emotional well-being over purely technical or creative fulfillment.,Leading_Through_Crisis,30,4,"Leaders should seek input from people outside their organization, including peers and other industry groups.",2,3,0.7,"{
  ""entailment_score"": 3,
  ""confidence"": 0.7
}"
political|81311|10|1|79dd392a2d362bb2|0,political|81311|10|1|79dd392a2d362bb2,political,81311,10,1,The speaker has reason to believe the recipient may have engaged with or formed opinions about the image.,49800,4,3,The listener may have thoughts about being an astronaut after their military service.,3,1,0.95,"{
  ""entailment_score"": 1,
  ""confidence"": 0.95
}"
political|81311|10|1|79dd392a2d362bb2|1,political|81311|10|1|79dd392a2d362bb2,political,81311,10,1,The speaker has reason to believe the recipient may have engaged with or formed opinions about the image.,49800,28,2,The speaker wants to hear about a book the interlocutor has done.,3,1,0.95,"{
  ""entailment_score"": 1,
  ""confidence"": 0.95
}"
political|81311|10|1|79dd392a2d362bb2|2,political|81311|10|1|79dd392a2d362bb2,political,81311,10,1,The speaker has reason to believe the recipient may have engaged with or formed opinions about the image.,49800,2,1,The speaker is addressing someone who has a brother.,2,1,0.95,"{
  ""entailment_score"": 1,
  ""confidence"": 0.95
}"
political|81311|10|1|79dd392a2d362bb2|3,political|81311|10|1|79dd392a2d362bb2,political,81311,10,1,The speaker has reason to believe the recipient may have engaged with or formed opinions about the image.,49800,9,2,The speaker has personally met and spoken with Larry Page and Sergey Brin multiple times.,2,1,0.95,"{
  ""entailment_score"": 1,
  ""confidence"": 0.95
}"
political|81311|10|1|79dd392a2d362bb2|4,political|81311|10|1|79dd392a2d362bb2,political,81311,10,1,The speaker has reason to believe the recipient may have engaged with or formed opinions about the image.,49800,20,2,Both the speaker and Scott have become astronauts.,2,1,0.95,"{
  ""entailment_score"": 1,
  ""confidence"": 0.95
}"
political|81311|10|1|79dd392a2d362bb2|5,political|81311|10|1|79dd392a2d362bb2,political,81311,10,1,The speaker has reason to believe the recipient may have engaged with or formed opinions about the image.,49800,28,0,The speaker wants to hear about AstroTwins.,2,1,0.95,"{
  ""entailment_score"": 1,
  ""confidence"": 0.95
}"
political|81311|10|1|79dd392a2d362bb2|6,political|81311|10|1|79dd392a2d362bb2,political,81311,10,1,The speaker has reason to believe the recipient may have engaged with or formed opinions about the image.,49800,28,1,The speaker wants to hear about Project Blastoff.,2,1,0.8,"{
  ""entailment_score"": 1,
  ""confidence"": 0.8
}"
political|81311|10|1|79dd392a2d362bb2|7,political|81311|10|1|79dd392a2d362bb2,political,81311,10,1,The speaker has reason to believe the recipient may have engaged with or formed opinions about the image.,49800,30,3,There have been prior discussions between the speaker and Mark on this topic.,2,1,0.8,"{
  ""entailment_score"": 1,
  ""confidence"": 0.8
}"
business|EP.39__CORONAVIRUS_UPDATES__JAMES_ALTUCHER__BOUNCE_BACK_PREDICTIONS|21|1|4fd7340acb6bbaa6|0,business|EP.39__CORONAVIRUS_UPDATES__JAMES_ALTUCHER__BOUNCE_BACK_PREDICTIONS|21|1|4fd7340acb6bbaa6,business,EP.39__CORONAVIRUS_UPDATES__JAMES_ALTUCHER__BOUNCE_BACK_PREDICTIONS,21,1,The speaker trusts their own observation of Jacksonville Beach more than online images.,Master_Communicator_Podcast_with_Akhil_Mittal,2,4,Alturo has more than 400 employees.,2,1,0.95,"{
  ""entailment_score"": 1,
  ""confidence"": 0.95
}"
business|EP.39__CORONAVIRUS_UPDATES__JAMES_ALTUCHER__BOUNCE_BACK_PREDICTIONS|21|1|4fd7340acb6bbaa6|1,business|EP.39__CORONAVIRUS_UPDATES__JAMES_ALTUCHER__BOUNCE_BACK_PREDICTIONS|21|1|4fd7340acb6bbaa6,business,EP.39__CORONAVIRUS_UPDATES__JAMES_ALTUCHER__BOUNCE_BACK_PREDICTIONS,21,1,The speaker trusts their own observation of Jacksonville Beach more than online images.,Master_Communicator_Podcast_with_Akhil_Mittal,4,3,"Eleven years ago, the speaker was one of the youngest project managers leading a team where most members were older than them.",2,1,0.95,"{
  ""entailment_score"": 1,
  ""confidence"": 0.95
}"
business|Safeguarding_COVID-19_Research__Other_Intellectual_Property|0|5|4daca52a9584ecb4|0,business|Safeguarding_COVID-19_Research__Other_Intellectual_Property|0|5|4daca52a9584ecb4,business,Safeguarding_COVID-19_Research__Other_Intellectual_Property,0,5,Swift action by institutions is feasible and necessary rather than merely advisable under current threat conditions.,Revitalise_ReConnect_Meets_-_Steve_McKenna_Wordsmith,5,0,The speaker recommends following the market rather than being constrained by initial ideas.,2,1,0.8,"{
  ""entailment_score"": 1,
  ""confidence"": 0.8
}"
business|Safeguarding_COVID-19_Research__Other_Intellectual_Property|0|5|4daca52a9584ecb4|1,business|Safeguarding_COVID-19_Research__Other_Intellectual_Property|0|5|4daca52a9584ecb4,business,Safeguarding_COVID-19_Research__Other_Intellectual_Property,0,5,Swift action by institutions is feasible and necessary rather than merely advisable under current threat conditions.,Revitalise_ReConnect_Meets_-_Steve_McKenna_Wordsmith,6,2,Current business environments are under strain due to recent events.,2,3,0.7,"{
  ""entailment_score"": 3,
  ""confidence"": 0.7
}"
business|Safeguarding_COVID-19_Research__Other_Intellectual_Property|0|5|4daca52a9584ecb4|2,business|Safeguarding_COVID-19_Research__Other_Intellectual_Property|0|5|4daca52a9584ecb4,business,Safeguarding_COVID-19_Research__Other_Intellectual_Property,0,5,Swift action by institutions is feasible and necessary rather than merely advisable under current threat conditions.,Revitalise_ReConnect_Meets_-_Steve_McKenna_Wordsmith,14,1,You are viewing the situation from an external perspective rather than an internal one.,2,3,0.8,"{
  ""entailment_score"": 3,
  ""confidence"": 0.8
}"
business|Transferable_Skills__Med_Sales_to_Tech_Sales|11|3|01d1aac2e60d6e3b|0,business|Transferable_Skills__Med_Sales_to_Tech_Sales|11|3|01d1aac2e60d6e3b,business,Transferable_Skills__Med_Sales_to_Tech_Sales,11,3,The launch of genetic services represented a strategic shift in the company’s product offerings.,Recruiting_Gym_Stand_Up__28_-_Strategies_To_Succeed_feat._Steve_Moran,27,5,We have diversified our services beyond core IT and digital offerings.,2,3,0.7,"{
  ""entailment_score"": 3,
  ""confidence"": 0.7
}"
business|Greg_Digneo|61|0|4487ef34e54d85c7|0,business|Greg_Digneo|61|0|4487ef34e54d85c7,business,Greg_Digneo,61,0,The speaker believes that WordPress is relevant to SEO or site ranking.,Why_and_How_to_Determine_Your_Core_Values,7,2,The speaker believes that helping others identify core values is a personal value.,2,1,0.95,"{
  ""entailment_score"": 1,
  ""confidence"": 0.95
}"
business|Greg_Digneo|61|0|4487ef34e54d85c7|1,business|Greg_Digneo|61|0|4487ef34e54d85c7,business,Greg_Digneo,61,0,The speaker believes that WordPress is relevant to SEO or site ranking.,Why_and_How_to_Determine_Your_Core_Values,8,5,The speaker believes Jim Collins’ quote is accurate and insightful.,2,1,0.95,"{
  ""entailment_score"": 1,
  ""confidence"": 0.95
}"
business|Episode_51_-_What_s_New_In_Camtasia_2020|44|4|da03738b11464e93|0,business|Episode_51_-_What_s_New_In_Camtasia_2020|44|4|da03738b11464e93,business,Episode_51_-_What_s_New_In_Camtasia_2020,44,4,The speaker has the authority to define or reframe the topic of discussion.,Championing_Your_Life_Through_a_Positive_Diagnosis_with_Jessica_Robbins,10,3,The speaker has formed friendships and connections primarily through Facebook and online support groups.,2,1,0.95,"{
  ""entailment_score"": 1,
  ""confidence"": 0.95
}"
business|Episode_51_-_What_s_New_In_Camtasia_2020|44|4|da03738b11464e93|1,business|Episode_51_-_What_s_New_In_Camtasia_2020|44|4|da03738b11464e93,business,Episode_51_-_What_s_New_In_Camtasia_2020,44,4,The speaker has the authority to define or reframe the topic of discussion.,Championing_Your_Life_Through_a_Positive_Diagnosis_with_Jessica_Robbins,10,5,This is the first time the speaker has seen their audience virtually face to face.,2,1,0.95,"{
  ""entailment_score"": 1,
  ""confidence"": 0.95
}"
business|Episode_51_-_What_s_New_In_Camtasia_2020|44|4|da03738b11464e93|2,business|Episode_51_-_What_s_New_In_Camtasia_2020|44|4|da03738b11464e93,business,Episode_51_-_What_s_New_In_Camtasia_2020,44,4,The speaker has the authority to define or reframe the topic of discussion.,Championing_Your_Life_Through_a_Positive_Diagnosis_with_Jessica_Robbins,11,0,The speaker has known about Huntington's disease (HD) their entire life.,2,1,0.85,"{
  ""entailment_score"": 1,
  ""confidence"": 0.85
}"
business|Episode_51_-_What_s_New_In_Camtasia_2020|44|4|da03738b11464e93|3,business|Episode_51_-_What_s_New_In_Camtasia_2020|44|4|da03738b11464e93,business,Episode_51_-_What_s_New_In_Camtasia_2020,44,4,The speaker has the authority to define or reframe the topic of discussion.,Championing_Your_Life_Through_a_Positive_Diagnosis_with_Jessica_Robbins,12,2,The speaker's sister has Juvenile Huntington's Disease (JHD).,2,1,0.95,"{
  ""entailment_score"": 1,
  ""confidence"": 0.95
}"
political|84779|13|6|0878cca0d1228eea|0,political|84779|13|6|0878cca0d1228eea,political,84779,13,6,Detainees transferred abroad will not receive fair trials or due process comparable to U.S. standards.,44922,8,7,We will not stand by the article's agenda.,2,1,0.8,"{
  ""entailment_score"": 1,
  ""confidence"": 0.8
}"
business|Ep_14__Just_Being_A_Visionary|3|2|1fcadd5330953ac9|0,business|Ep_14__Just_Being_A_Visionary|3|2|1fcadd5330953ac9,business,Ep_14__Just_Being_A_Visionary,3,2,The speaker has sufficient observational experience to generalize about others' psychological patterns.,EP_211__Full_Time_Investing_is_Now_My_Side_Hustle._Heres_Why_I_Did_it___How_it_Works_w__Paul_DoCampo,29,6,The speaker has experience working on multiple deals and collaborating with others.,4,3,0.6,"{
  ""entailment_score"": 3,
  ""confidence"": 0.6
}"
business|Ep_14__Just_Being_A_Visionary|3|2|1fcadd5330953ac9|1,business|Ep_14__Just_Being_A_Visionary|3|2|1fcadd5330953ac9,business,Ep_14__Just_Being_A_Visionary,3,2,The speaker has sufficient observational experience to generalize about others' psychological patterns.,EP_211__Full_Time_Investing_is_Now_My_Side_Hustle._Heres_Why_I_Did_it___How_it_Works_w__Paul_DoCampo,7,1,The speaker has experience in real estate and marketing.,3,3,0.7,"{
  ""entailment_score"": 3,
  ""confidence"": 0.7
}"
business|Ep_14__Just_Being_A_Visionary|3|2|1fcadd5330953ac9|2,business|Ep_14__Just_Being_A_Visionary|3|2|1fcadd5330953ac9,business,Ep_14__Just_Being_A_Visionary,3,2,The speaker has sufficient observational experience to generalize about others' psychological patterns.,EP_211__Full_Time_Investing_is_Now_My_Side_Hustle._Heres_Why_I_Did_it___How_it_Works_w__Paul_DoCampo,0,5,"The speaker has previously engaged in active, high-effort investing activities like 'going door to door'.",2,3,0.6,"{
  ""entailment_score"": 3,
  ""confidence"": 0.6
}"
business|Ep_14__Just_Being_A_Visionary|3|2|1fcadd5330953ac9|3,business|Ep_14__Just_Being_A_Visionary|3|2|1fcadd5330953ac9,business,Ep_14__Just_Being_A_Visionary,3,2,The speaker has sufficient observational experience to generalize about others' psychological patterns.,EP_211__Full_Time_Investing_is_Now_My_Side_Hustle._Heres_Why_I_Did_it___How_it_Works_w__Paul_DoCampo,10,3,The speaker has worked on calls while officially at their job.,2,3,0.7,"{
  ""entailment_score"": 3,
  ""confidence"": 0.7
}"
business|Ep_14__Just_Being_A_Visionary|3|2|1fcadd5330953ac9|4,business|Ep_14__Just_Being_A_Visionary|3|2|1fcadd5330953ac9,business,Ep_14__Just_Being_A_Visionary,3,2,The speaker has sufficient observational experience to generalize about others' psychological patterns.,EP_211__Full_Time_Investing_is_Now_My_Side_Hustle._Heres_Why_I_Did_it___How_it_Works_w__Paul_DoCampo,11,6,The speaker intends to explore the listener’s real estate activities by asking about their typical daily schedule.,2,5,0.8,"{
  ""entailment_score"": 5,
  ""confidence"": 0.8
}"
business|Ep_14__Just_Being_A_Visionary|3|2|1fcadd5330953ac9|5,business|Ep_14__Just_Being_A_Visionary|3|2|1fcadd5330953ac9,business,Ep_14__Just_Being_A_Visionary,3,2,The speaker has sufficient observational experience to generalize about others' psychological patterns.,EP_211__Full_Time_Investing_is_Now_My_Side_Hustle._Heres_Why_I_Did_it___How_it_Works_w__Paul_DoCampo,19,0,The speaker asks about the timing of when someone will arrive to start working on weekends.,2,1,0.95,"{
  ""entailment_score"": 1,
  ""confidence"": 0.95
}"
business|Ep_14__Just_Being_A_Visionary|3|2|1fcadd5330953ac9|6,business|Ep_14__Just_Being_A_Visionary|3|2|1fcadd5330953ac9,business,Ep_14__Just_Being_A_Visionary,3,2,The speaker has sufficient observational experience to generalize about others' psychological patterns.,EP_211__Full_Time_Investing_is_Now_My_Side_Hustle._Heres_Why_I_Did_it___How_it_Works_w__Paul_DoCampo,27,9,"Paul has experience writing copy, blog content, and automated content for clients.",2,9,0.95,"{
  ""entailment_score"": 9,
  ""confidence"": 0.95
}"
business|Ep_14__Just_Being_A_Visionary|3|2|1fcadd5330953ac9|7,business|Ep_14__Just_Being_A_Visionary|3|2|1fcadd5330953ac9,business,Ep_14__Just_Being_A_Visionary,3,2,The speaker has sufficient observational experience to generalize about others' psychological patterns.,EP_211__Full_Time_Investing_is_Now_My_Side_Hustle._Heres_Why_I_Did_it___How_it_Works_w__Paul_DoCampo,29,1,The speaker is asking an open-ended question about initial considerations in writing copy.,2,1,0.8,"{
  ""entailment_score"": 1,
  ""confidence"": 0.8
}"
business|Ep_14__Just_Being_A_Visionary|3|2|1fcadd5330953ac9|8,business|Ep_14__Just_Being_A_Visionary|3|2|1fcadd5330953ac9,business,Ep_14__Just_Being_A_Visionary,3,2,The speaker has sufficient observational experience to generalize about others' psychological patterns.,EP_211__Full_Time_Investing_is_Now_My_Side_Hustle._Heres_Why_I_Did_it___How_it_Works_w__Paul_DoCampo,30,3,Sending mass mailings to homeowners with 30% equity has failed in the speaker’s market.,2,1,0.8,"{
  ""entailment_score"": 1,
  ""confidence"": 0.8
}"
business|Ep_14__Just_Being_A_Visionary|3|2|1fcadd5330953ac9|9,business|Ep_14__Just_Being_A_Visionary|3|2|1fcadd5330953ac9,business,Ep_14__Just_Being_A_Visionary,3,2,The speaker has sufficient observational experience to generalize about others' psychological patterns.,EP_211__Full_Time_Investing_is_Now_My_Side_Hustle._Heres_Why_I_Did_it___How_it_Works_w__Paul_DoCampo,34,0,The speaker has successfully used synonym replacement without encountering issues.,2,1,0.8,"{
  ""entailment_score"": 1,
  ""confidence"": 0.8
}"
business|Ep_14__Just_Being_A_Visionary|3|2|1fcadd5330953ac9|10,business|Ep_14__Just_Being_A_Visionary|3|2|1fcadd5330953ac9,business,Ep_14__Just_Being_A_Visionary,3,2,The speaker has sufficient observational experience to generalize about others' psychological patterns.,EP_211__Full_Time_Investing_is_Now_My_Side_Hustle._Heres_Why_I_Did_it___How_it_Works_w__Paul_DoCampo,41,3,The speaker believes that engaging in real estate activities while employed provides valuable experience without risking financial stability.,2,9,0.95,"{
  ""entailment_score"": 9,
  ""confidence"": 0.95
}"
religion|Ministry_.VS._Church|19|0|de29a12de4fc7d06|0,religion|Ministry_.VS._Church|19|0|de29a12de4fc7d06,religion,Ministry_.VS._Church,19,0,A good local church leader has both wisdom and influence to guide ministry access.,How_to_Create_a_Family_Culture_That_Loves_to_Read,22,1,Reading these books has been enjoyable and informative for both children and adults.,2,1,0.95,"{
  ""entailment_score"": 1,
  ""confidence"": 0.95
}"
commentary|Names__Images__Likenesses_..._Two_Perspectives_on_the_NCAA_Progress_Letter_2|5|1|3b5aaaf39743c162|0,commentary|Names__Images__Likenesses_..._Two_Perspectives_on_the_NCAA_Progress_Letter_2|5|1|3b5aaaf39743c162,commentary,Names__Images__Likenesses_..._Two_Perspectives_on_the_NCAA_Progress_Letter_2,5,1,Federal legislation is necessary to resolve inconsistencies among state laws.,Day_12_of_Protest_Marches_in_Detroit__Will_It_Work_This_Time__A_Look_Back_at_Detroit_s_History_Between_Residents_and_Police_-_With_Historian_Ken_Coleman_2,9,6,Supporting legislation that prevents incidents like George Floyd’s death is necessary.,2,1,0.95,"{
  ""entailment_score"": 1,
  ""confidence"": 0.95
}"
political|72729|6|6|da1d1058e0335ef3|0,political|72729|6|6|da1d1058e0335ef3,political,72729,6,6,The speaker trusts that committee testimonies provide reliable insight into future trade outcomes.,51727,7,7,Desired feelings such as empowerment and impact are often sought through future outcomes.,2,1,0.95,"{
  ""entailment_score"": 1,
  ""confidence"": 0.95
}"
political|72729|6|6|da1d1058e0335ef3|1,political|72729|6|6|da1d1058e0335ef3,political,72729,6,6,The speaker trusts that committee testimonies provide reliable insight into future trade outcomes.,51727,9,1,Declaring oneself as something in the present tense can influence future outcomes.,2,3,0.75,"{
  ""entailment_score"": 3,
  ""confidence"": 0.75
}"
political|72729|6|6|da1d1058e0335ef3|2,political|72729|6|6|da1d1058e0335ef3,political,72729,6,6,The speaker trusts that committee testimonies provide reliable insight into future trade outcomes.,51727,15,6,The speaker brings others into nature to help them experience similar benefits.,2,1,0.95,"{
  ""entailment_score"": 1,
  ""confidence"": 0.95
}"
political|51974|5|0|84401bdc73cd8154|0,political|51974|5|0|84401bdc73cd8154,political,51974,5,0,Legislative progress depends on leadership support from key figures like Senator McConnell.,47171,7,5,Legislative progress has been slowed by the announcement.,2,3,0.7,"{
  ""entailment_score"": 3,
  ""confidence"": 0.7
}"
political|51974|5|0|84401bdc73cd8154|1,political|51974|5|0|84401bdc73cd8154,political,51974,5,0,Legislative progress depends on leadership support from key figures like Senator McConnell.,47171,29,1,Congress is unable to pass key legislation like the Debbie Smith Act.,2,3,0.7,"{
  ""entailment_score"": 3,
  ""confidence"": 0.7
}"
business|Kelly_Rava__Empowerment_Education_Ep._011|10|3|a3f2c7c0077e9846|0,business|Kelly_Rava__Empowerment_Education_Ep._011|10|3|a3f2c7c0077e9846,business,Kelly_Rava__Empowerment_Education_Ep._011,10,3,Pennsylvania and California are both possible locations where the speaker previously lived.,Episode_26_-_Understanding_your_Social_Media_Analytics,2,3,There are specific locations within social media platforms where analytics can be found.,2,1,0.95,"{
  ""entailment_score"": 1,
  ""confidence"": 0.95
}"
religion|11-_Black_Lives_Matter__Education_and_Music__KevCoast|6|2|f81bf9d1f9fc6e37|0,religion|11-_Black_Lives_Matter__Education_and_Music__KevCoast|6|2|f81bf9d1f9fc6e37,religion,11-_Black_Lives_Matter__Education_and_Music__KevCoast,6,2,People have some capacity or willingness to engage in education at this time.,What_Is_Life__-_Part_12,0,3,Some people may feel uncomfortable coming back to physical gatherings.,2,5,0.75,"{
  ""entailment_score"": 5,
  ""confidence"": 0.75
}"
sports|EP6_2|2|3|1ae7da4b12cb4a69|0,sports|EP6_2|2|3|1ae7da4b12cb4a69,sports,EP6_2,2,3,The speaker has authority or legitimacy to address the audience.,The_Future_of_Gary_Sanchez,9,0,The speaker is asking if the listener has something.,2,1,0.8,"{
  ""entailment_score"": 1,
  ""confidence"": 0.8
}"
sports|EP6_2|2|3|1ae7da4b12cb4a69|1,sports|EP6_2|2|3|1ae7da4b12cb4a69,sports,EP6_2,2,3,The speaker has authority or legitimacy to address the audience.,The_Future_of_Gary_Sanchez,58,1,The speaker has discussed Gary Sanchez previously outside of public recordings.,2,3,0.7,"{
  ""entailment_score"": 3,
  ""confidence"": 0.7
}"
sports|EP6_2|2|3|1ae7da4b12cb4a69|2,sports|EP6_2|2|3|1ae7da4b12cb4a69,sports,EP6_2,2,3,The speaker has authority or legitimacy to address the audience.,The_Future_of_Gary_Sanchez,77,2,The speaker agrees with the claim that no good starting catcher has existed since Jorge Posada.,2,1,0.95,"{
  ""entailment_score"": 1,
  ""confidence"": 0.95
}"
sports|EP6_2|2|3|1ae7da4b12cb4a69|3,sports|EP6_2|2|3|1ae7da4b12cb4a69,sports,EP6_2,2,3,The speaker has authority or legitimacy to address the audience.,The_Future_of_Gary_Sanchez,80,1,The speaker has consistently supported this player over the past few years.,2,9,0.95,"{
  ""entailment_score"": 9,
  ""confidence"": 0.95
}"
sports|EP6_2|2|3|1ae7da4b12cb4a69|4,sports|EP6_2|2|3|1ae7da4b12cb4a69,sports,EP6_2,2,3,The speaker has authority or legitimacy to address the audience.,The_Future_of_Gary_Sanchez,146,0,Stan has annoyed the speaker during Yankees games.,2,1,0.8,"{
  ""entailment_score"": 1,
  ""confidence"": 0.8
}"
sports|EP6_2|2|3|1ae7da4b12cb4a69|5,sports|EP6_2|2|3|1ae7da4b12cb4a69,sports,EP6_2,2,3,The speaker has authority or legitimacy to address the audience.,The_Future_of_Gary_Sanchez,146,4,The speaker has thrown objects while watching Yankees games due to annoyance with Stan.,2,1,0.8,"{
  ""entailment_score"": 1,
  ""confidence"": 0.8
}"
sports|EP6_2|2|3|1ae7da4b12cb4a69|6,sports|EP6_2|2|3|1ae7da4b12cb4a69,sports,EP6_2,2,3,The speaker has authority or legitimacy to address the audience.,The_Future_of_Gary_Sanchez,152,4,The speaker values interaction with their audience.,2,9,0.95,"{
  ""entailment_score"": 9,
  ""confidence"": 0.95
}"
business|How_Skye_Got_Booked_Out_as_a_Virtual_Assistant_in_1_Month___Started_Traveling_the_World|51|2|1bb348e789b3b2be|0,business|How_Skye_Got_Booked_Out_as_a_Virtual_Assistant_in_1_Month___Started_Traveling_the_World|51|2|1bb348e789b3b2be,business,How_Skye_Got_Booked_Out_as_a_Virtual_Assistant_in_1_Month___Started_Traveling_the_World,51,2,Online work environments are inherently more adaptable and scalable than traditional ones.,Day_22_-_of_-_90,1,2,Cash flow is more important than accounting profits for sustaining a business.,2,1,0.8,"{
  ""entailment_score"": 1,
  ""confidence"": 0.8
}"
sports|41._Binary_Thinking__Us_vs._Them_Mentality|108|6|f8717c445b1c7e2c|0,sports|41._Binary_Thinking__Us_vs._Them_Mentality|108|6|f8717c445b1c7e2c,sports,41._Binary_Thinking__Us_vs._Them_Mentality,108,6,The speaker views non-response from the listener as a sign of disengagement or indifference.,Slip_Punches_Show_-_Christopher__Pitufo__Diaz_-_EP_23,4,1,The speaker sees the listener's beard.,2,1,0.95,"{
  ""entailment_score"": 1,
  ""confidence"": 0.95
}"
sports|41._Binary_Thinking__Us_vs._Them_Mentality|108|6|f8717c445b1c7e2c|1,sports|41._Binary_Thinking__Us_vs._Them_Mentality|108|6|f8717c445b1c7e2c,sports,41._Binary_Thinking__Us_vs._Them_Mentality,108,6,The speaker views non-response from the listener as a sign of disengagement or indifference.,Slip_Punches_Show_-_Christopher__Pitufo__Diaz_-_EP_23,4,2,The speaker uses informal language ('bro') to address the listener.,2,1,0.8,"{
  ""entailment_score"": 1,
  ""confidence"": 0.8
}"
sports|41._Binary_Thinking__Us_vs._Them_Mentality|108|6|f8717c445b1c7e2c|2,sports|41._Binary_Thinking__Us_vs._Them_Mentality|108|6|f8717c445b1c7e2c,sports,41._Binary_Thinking__Us_vs._Them_Mentality,108,6,The speaker views non-response from the listener as a sign of disengagement or indifference.,Slip_Punches_Show_-_Christopher__Pitufo__Diaz_-_EP_23,29,0,The listener is the speaker's brother.,2,1,0.8,"{
  ""entailment_score"": 1,
  ""confidence"": 0.8
}"
sports|41._Binary_Thinking__Us_vs._Them_Mentality|108|6|f8717c445b1c7e2c|3,sports|41._Binary_Thinking__Us_vs._Them_Mentality|108|6|f8717c445b1c7e2c,sports,41._Binary_Thinking__Us_vs._Them_Mentality,108,6,The speaker views non-response from the listener as a sign of disengagement or indifference.,Slip_Punches_Show_-_Christopher__Pitufo__Diaz_-_EP_23,29,1,The speaker appreciates the listener's support.,2,1,0.8,"{
  ""entailment_score"": 1,
  ""confidence"": 0.8
}"
sports|41._Binary_Thinking__Us_vs._Them_Mentality|108|6|f8717c445b1c7e2c|4,sports|41._Binary_Thinking__Us_vs._Them_Mentality|108|6|f8717c445b1c7e2c,sports,41._Binary_Thinking__Us_vs._Them_Mentality,108,6,The speaker views non-response from the listener as a sign of disengagement or indifference.,Slip_Punches_Show_-_Christopher__Pitufo__Diaz_-_EP_23,29,2,The speaker will see the listener soon.,2,1,0.95,"{
  ""entailment_score"": 1,
  ""confidence"": 0.95
}"
political|64492|12|0|08151ae61e11696b|0,political|64492|12|0|08151ae61e11696b,political,64492,12,0,The speaker believes that legal decisions on same-sex marriage will have cascading effects on future legislation.,74394,1,9,"The speaker believes it is outrageous, disgraceful, and dangerous to link Republican policies on immigration to this event.",2,1,0.85,"{
  ""entailment_score"": 1,
  ""confidence"": 0.85
}"
political|64492|12|0|08151ae61e11696b|1,political|64492|12|0|08151ae61e11696b,political,64492,12,0,The speaker believes that legal decisions on same-sex marriage will have cascading effects on future legislation.,74394,16,5,The speaker hopes the guest returns for future interviews.,2,1,0.95,"{
  ""entailment_score"": 1,
  ""confidence"": 0.95
}"
political|64492|12|0|08151ae61e11696b|2,political|64492|12|0|08151ae61e11696b,political,64492,12,0,The speaker believes that legal decisions on same-sex marriage will have cascading effects on future legislation.,74394,16,9,The speaker believes $40 billion may be a random number.,2,1,0.95,"{
  ""entailment_score"": 1,
  ""confidence"": 0.95
}"
business|Veritas_Wealth_-_Lifestyle_Financial_Planning|13|2|47cb40a57acab025|0,business|Veritas_Wealth_-_Lifestyle_Financial_Planning|13|2|47cb40a57acab025,business,Veritas_Wealth_-_Lifestyle_Financial_Planning,13,2,Financial modeling based on stated goals provides reliable insight into long-term affordability.,74__Avoid_Losing_Streaks_Using_This_Simple_Trading_Plan_w__Matthew_Todd,8,1,This podcast provides general investment advice rather than financial trading guidance.,2,1,0.85,"{
  ""entailment_score"": 1,
  ""confidence"": 0.85
}"
business|Veritas_Wealth_-_Lifestyle_Financial_Planning|13|2|47cb40a57acab025|1,business|Veritas_Wealth_-_Lifestyle_Financial_Planning|13|2|47cb40a57acab025,business,Veritas_Wealth_-_Lifestyle_Financial_Planning,13,2,Financial modeling based on stated goals provides reliable insight into long-term affordability.,74__Avoid_Losing_Streaks_Using_This_Simple_Trading_Plan_w__Matthew_Todd,29,6,Focusing on drawdown limits helps maximize long-term gains.,2,1,0.8,"{
  ""entailment_score"": 1,
  ""confidence"": 0.8
}"
business|Veritas_Wealth_-_Lifestyle_Financial_Planning|13|2|47cb40a57acab025|2,business|Veritas_Wealth_-_Lifestyle_Financial_Planning|13|2|47cb40a57acab025,business,Veritas_Wealth_-_Lifestyle_Financial_Planning,13,2,Financial modeling based on stated goals provides reliable insight into long-term affordability.,74__Avoid_Losing_Streaks_Using_This_Simple_Trading_Plan_w__Matthew_Todd,45,3,Trusting one's own instincts and analysis leads to better long-term trading outcomes.,2,3,0.8,"{
  ""entailment_score"": 3,
  ""confidence"": 0.8
}"
business|Veritas_Wealth_-_Lifestyle_Financial_Planning|13|2|47cb40a57acab025|3,business|Veritas_Wealth_-_Lifestyle_Financial_Planning|13|2|47cb40a57acab025,business,Veritas_Wealth_-_Lifestyle_Financial_Planning,13,2,Financial modeling based on stated goals provides reliable insight into long-term affordability.,74__Avoid_Losing_Streaks_Using_This_Simple_Trading_Plan_w__Matthew_Todd,52,2,This segment aims to provide insight into what it takes to become a successful trader.,2,1,0.85,"{
  ""entailment_score"": 1,
  ""confidence"": 0.85
}"
business|Veritas_Wealth_-_Lifestyle_Financial_Planning|13|2|47cb40a57acab025|4,business|Veritas_Wealth_-_Lifestyle_Financial_Planning|13|2|47cb40a57acab025,business,Veritas_Wealth_-_Lifestyle_Financial_Planning,13,2,Financial modeling based on stated goals provides reliable insight into long-term affordability.,74__Avoid_Losing_Streaks_Using_This_Simple_Trading_Plan_w__Matthew_Todd,71,8,Learning from losses is essential to long-term progress.,2,3,0.8,"{
  ""entailment_score"": 3,
  ""confidence"": 0.8
}"
political|75002|1|0|f881da2e3cc8bfb0|0,political|75002|1|0|f881da2e3cc8bfb0,political,75002,1,0,The current situation is challenging or distressing.,79402,14,6,The cruise will feature discussions on the current political situation in the U.S. and globally.,2,9,0.95,"{
  ""entailment_score"": 9,
  ""confidence"": 0.95
}"
business|Dr._Todd_Greer|21|0|8b6d08f1f6274035|0,business|Dr._Todd_Greer|21|0|8b6d08f1f6274035,business,Dr._Todd_Greer,21,0,Retiring at the peak of one's career is ideal and more admirable than continuing past it.,Three_Rivers_College_construction_preparedness_programs_are_discussed_with_Will_Cooper__MBA__Director__Workforce_Development,22,3,The collaborative effort took more than one day to complete.,3,1,0.8,"{
  ""entailment_score"": 1,
  ""confidence"": 0.8
}"
business|Dr._Todd_Greer|21|0|8b6d08f1f6274035|1,business|Dr._Todd_Greer|21|0|8b6d08f1f6274035,business,Dr._Todd_Greer,21,0,Retiring at the peak of one's career is ideal and more admirable than continuing past it.,Three_Rivers_College_construction_preparedness_programs_are_discussed_with_Will_Cooper__MBA__Director__Workforce_Development,3,0,I have lived in Three Rivers for more than seven years.,2,1,0.8,"{
  ""entailment_score"": 1,
  ""confidence"": 0.8
}"
business|CPAs_innovating_during_crisis_with_Garrett_Wagner__CPA|30|0|d115d79f7fa84684|0,business|CPAs_innovating_during_crisis_with_Garrett_Wagner__CPA|30|0|d115d79f7fa84684,business,CPAs_innovating_during_crisis_with_Garrett_Wagner__CPA,30,0,Garrett has received at least one piece of meaningful business advice.,Wealth_Perspective_and_Marketing_with_Naresh_Vissa,2,1,The guest has significant experience in marketing and business.,2,1,0.8,"{
  ""entailment_score"": 1,
  ""confidence"": 0.8
}"
business|CPAs_innovating_during_crisis_with_Garrett_Wagner__CPA|30|0|d115d79f7fa84684|1,business|CPAs_innovating_during_crisis_with_Garrett_Wagner__CPA|30|0|d115d79f7fa84684,business,CPAs_innovating_during_crisis_with_Garrett_Wagner__CPA,30,0,Garrett has received at least one piece of meaningful business advice.,Wealth_Perspective_and_Marketing_with_Naresh_Vissa,6,2,Rich Dad Poor Dad is one of the most popular business books.,2,1,0.95,"{
  ""entailment_score"": 1,
  ""confidence"": 0.95
}"
business|CPAs_innovating_during_crisis_with_Garrett_Wagner__CPA|30|0|d115d79f7fa84684|2,business|CPAs_innovating_during_crisis_with_Garrett_Wagner__CPA|30|0|d115d79f7fa84684,business,CPAs_innovating_during_crisis_with_Garrett_Wagner__CPA,30,0,Garrett has received at least one piece of meaningful business advice.,Wealth_Perspective_and_Marketing_with_Naresh_Vissa,13,8,The business venture built around the book is worth at least $100 million.,2,1,0.95,"{
  ""entailment_score"": 1,
  ""confidence"": 0.95
}"
business|CPAs_innovating_during_crisis_with_Garrett_Wagner__CPA|30|0|d115d79f7fa84684|3,business|CPAs_innovating_during_crisis_with_Garrett_Wagner__CPA|30|0|d115d79f7fa84684,business,CPAs_innovating_during_crisis_with_Garrett_Wagner__CPA,30,0,Garrett has received at least one piece of meaningful business advice.,Wealth_Perspective_and_Marketing_with_Naresh_Vissa,15,2,One father has a PhD and emphasizes education and employment.,2,1,0.8,"{
  ""entailment_score"": 1,
  ""confidence"": 0.8
}"
business|CPAs_innovating_during_crisis_with_Garrett_Wagner__CPA|30|0|d115d79f7fa84684|4,business|CPAs_innovating_during_crisis_with_Garrett_Wagner__CPA|30|0|d115d79f7fa84684,business,CPAs_innovating_during_crisis_with_Garrett_Wagner__CPA,30,0,Garrett has received at least one piece of meaningful business advice.,Wealth_Perspective_and_Marketing_with_Naresh_Vissa,21,5,The speaker achieved positive cash flow from day one of operating their business independently.,2,1,0.85,"{
  ""entailment_score"": 1,
  ""confidence"": 0.85
}"
business|CPAs_innovating_during_crisis_with_Garrett_Wagner__CPA|30|0|d115d79f7fa84684|5,business|CPAs_innovating_during_crisis_with_Garrett_Wagner__CPA|30|0|d115d79f7fa84684,business,CPAs_innovating_during_crisis_with_Garrett_Wagner__CPA,30,0,Garrett has received at least one piece of meaningful business advice.,Wealth_Perspective_and_Marketing_with_Naresh_Vissa,23,3,The speaker has become involved in private equity deals due to relationships formed through their primary business.,2,1,0.95,"{
  ""entailment_score"": 1,
  ""confidence"": 0.95
}"
business|CPAs_innovating_during_crisis_with_Garrett_Wagner__CPA|30|0|d115d79f7fa84684|6,business|CPAs_innovating_during_crisis_with_Garrett_Wagner__CPA|30|0|d115d79f7fa84684,business,CPAs_innovating_during_crisis_with_Garrett_Wagner__CPA,30,0,Garrett has received at least one piece of meaningful business advice.,Wealth_Perspective_and_Marketing_with_Naresh_Vissa,23,4,The speaker has participated in joint ventures and private placements as a result of client referrals from their core business.,2,1,0.8,"{
  ""entailment_score"": 1,
  ""confidence"": 0.8
}"
business|CPAs_innovating_during_crisis_with_Garrett_Wagner__CPA|30|0|d115d79f7fa84684|7,business|CPAs_innovating_during_crisis_with_Garrett_Wagner__CPA|30|0|d115d79f7fa84684,business,CPAs_innovating_during_crisis_with_Garrett_Wagner__CPA,30,0,Garrett has received at least one piece of meaningful business advice.,Wealth_Perspective_and_Marketing_with_Naresh_Vissa,28,1,Business growth over the last decade has not followed a linear trajectory.,2,1,0.8,"{
  ""entailment_score"": 1,
  ""confidence"": 0.8
}"
business|CPAs_innovating_during_crisis_with_Garrett_Wagner__CPA|30|0|d115d79f7fa84684|8,business|CPAs_innovating_during_crisis_with_Garrett_Wagner__CPA|30|0|d115d79f7fa84684,business,CPAs_innovating_during_crisis_with_Garrett_Wagner__CPA,30,0,Garrett has received at least one piece of meaningful business advice.,Wealth_Perspective_and_Marketing_with_Naresh_Vissa,37,0,Walmart has everything under one roof.,2,1,0.95,"{
  ""entailment_score"": 1,
  ""confidence"": 0.95
}"
business|CPAs_innovating_during_crisis_with_Garrett_Wagner__CPA|30|0|d115d79f7fa84684|9,business|CPAs_innovating_during_crisis_with_Garrett_Wagner__CPA|30|0|d115d79f7fa84684,business,CPAs_innovating_during_crisis_with_Garrett_Wagner__CPA,30,0,Garrett has received at least one piece of meaningful business advice.,Wealth_Perspective_and_Marketing_with_Naresh_Vissa,46,9,A final piece of advice from Nuresh would be valuable to share with the audience.,2,5,0.8,"{
  ""entailment_score"": 5,
  ""confidence"": 0.8
}"
business|Dr._Todd_Greer|29|6|251cc3dc2ec33a00|0,business|Dr._Todd_Greer|29|6|251cc3dc2ec33a00,business,Dr._Todd_Greer,29,6,Disruption arises from recombination of existing resources rather than invention of new ones.,Ep._5__Is_Furlough_Bigger_in_Texas__With_Nicole_Moss,19,2,Wearing face masks is primarily intended to protect others rather than oneself.,2,1,0.95,"{
  ""entailment_score"": 1,
  ""confidence"": 0.95
}"
business|SPECIAL_SERIES_-_Pep_Talk_Episode_17|3|7|9e6057afab36c4d8|0,business|SPECIAL_SERIES_-_Pep_Talk_Episode_17|3|7|9e6057afab36c4d8,business,SPECIAL_SERIES_-_Pep_Talk_Episode_17,3,7,There is a shared understanding between speaker and listener about the purpose of pandemic-related restrictions.,How_do_VC_analysts_work_and_how_should_startup_founders_leverage_this_point_of_contact_-_by_Erik_de_Stefanis,2,1,The speaker wants to know specific examples of companies the listener has invested in.,2,1,0.85,"{
  ""entailment_score"": 1,
  ""confidence"": 0.85
}"
business|SPECIAL_SERIES_-_Pep_Talk_Episode_17|3|7|9e6057afab36c4d8|1,business|SPECIAL_SERIES_-_Pep_Talk_Episode_17|3|7|9e6057afab36c4d8,business,SPECIAL_SERIES_-_Pep_Talk_Episode_17,3,7,There is a shared understanding between speaker and listener about the purpose of pandemic-related restrictions.,How_do_VC_analysts_work_and_how_should_startup_founders_leverage_this_point_of_contact_-_by_Erik_de_Stefanis,21,1,The speaker is referring to a prior utterance by the listener.,2,1,0.8,"{
  ""entailment_score"": 1,
  ""confidence"": 0.8
}"
business|SPECIAL_SERIES_-_Pep_Talk_Episode_17|3|7|9e6057afab36c4d8|2,business|SPECIAL_SERIES_-_Pep_Talk_Episode_17|3|7|9e6057afab36c4d8,business,SPECIAL_SERIES_-_Pep_Talk_Episode_17,3,7,There is a shared understanding between speaker and listener about the purpose of pandemic-related restrictions.,How_do_VC_analysts_work_and_how_should_startup_founders_leverage_this_point_of_contact_-_by_Erik_de_Stefanis,26,3,The speaker has just remembered the question they were about to ask.,2,1,0.8,"{
  ""entailment_score"": 1,
  ""confidence"": 0.8
}"
business|SPECIAL_SERIES_-_Pep_Talk_Episode_17|3|7|9e6057afab36c4d8|3,business|SPECIAL_SERIES_-_Pep_Talk_Episode_17|3|7|9e6057afab36c4d8,business,SPECIAL_SERIES_-_Pep_Talk_Episode_17,3,7,There is a shared understanding between speaker and listener about the purpose of pandemic-related restrictions.,How_do_VC_analysts_work_and_how_should_startup_founders_leverage_this_point_of_contact_-_by_Erik_de_Stefanis,28,2,The speaker has recently become interested in learning about due diligence.,2,1,0.95,"{
  ""entailment_score"": 1,
  ""confidence"": 0.95
}"
business|SPECIAL_SERIES_-_Pep_Talk_Episode_17|3|7|9e6057afab36c4d8|4,business|SPECIAL_SERIES_-_Pep_Talk_Episode_17|3|7|9e6057afab36c4d8,business,SPECIAL_SERIES_-_Pep_Talk_Episode_17,3,7,There is a shared understanding between speaker and listener about the purpose of pandemic-related restrictions.,How_do_VC_analysts_work_and_how_should_startup_founders_leverage_this_point_of_contact_-_by_Erik_de_Stefanis,28,4,The speaker assumes the listener is primarily responsible for conducting the due diligence process.,2,1,0.8,"{
  ""entailment_score"": 1,
  ""confidence"": 0.8
}"
business|SPECIAL_SERIES_-_Pep_Talk_Episode_17|3|7|9e6057afab36c4d8|5,business|SPECIAL_SERIES_-_Pep_Talk_Episode_17|3|7|9e6057afab36c4d8,business,SPECIAL_SERIES_-_Pep_Talk_Episode_17,3,7,There is a shared understanding between speaker and listener about the purpose of pandemic-related restrictions.,How_do_VC_analysts_work_and_how_should_startup_founders_leverage_this_point_of_contact_-_by_Erik_de_Stefanis,29,1,The speaker gathers as much information as possible about the company and its target industry.,2,1,0.8,"{
  ""entailment_score"": 1,
  ""confidence"": 0.8
}"
business|SPECIAL_SERIES_-_Pep_Talk_Episode_17|3|7|9e6057afab36c4d8|6,business|SPECIAL_SERIES_-_Pep_Talk_Episode_17|3|7|9e6057afab36c4d8,business,SPECIAL_SERIES_-_Pep_Talk_Episode_17,3,7,There is a shared understanding between speaker and listener about the purpose of pandemic-related restrictions.,How_do_VC_analysts_work_and_how_should_startup_founders_leverage_this_point_of_contact_-_by_Erik_de_Stefanis,33,4,The speaker shares updates about companies they’ve engaged with during weekly meetings.,2,1,0.8,"{
  ""entailment_score"": 1,
  ""confidence"": 0.8
}"
business|SPECIAL_SERIES_-_Pep_Talk_Episode_17|3|7|9e6057afab36c4d8|7,business|SPECIAL_SERIES_-_Pep_Talk_Episode_17|3|7|9e6057afab36c4d8,business,SPECIAL_SERIES_-_Pep_Talk_Episode_17,3,7,There is a shared understanding between speaker and listener about the purpose of pandemic-related restrictions.,How_do_VC_analysts_work_and_how_should_startup_founders_leverage_this_point_of_contact_-_by_Erik_de_Stefanis,44,4,The speaker asks whether the listener experiences similar behavior among analysts.,2,1,0.8,"{
  ""entailment_score"": 1,
  ""confidence"": 0.8
}"
business|SPECIAL_SERIES_-_Pep_Talk_Episode_17|3|7|9e6057afab36c4d8|8,business|SPECIAL_SERIES_-_Pep_Talk_Episode_17|3|7|9e6057afab36c4d8,business,SPECIAL_SERIES_-_Pep_Talk_Episode_17,3,7,There is a shared understanding between speaker and listener about the purpose of pandemic-related restrictions.,How_do_VC_analysts_work_and_how_should_startup_founders_leverage_this_point_of_contact_-_by_Erik_de_Stefanis,48,2,There is little perceived difference between Canada and the United States.,2,1,0.95,"{
  ""entailment_score"": 1,
  ""confidence"": 0.95
}"
business|SPECIAL_SERIES_-_Pep_Talk_Episode_17|3|7|9e6057afab36c4d8|9,business|SPECIAL_SERIES_-_Pep_Talk_Episode_17|3|7|9e6057afab36c4d8,business,SPECIAL_SERIES_-_Pep_Talk_Episode_17,3,7,There is a shared understanding between speaker and listener about the purpose of pandemic-related restrictions.,How_do_VC_analysts_work_and_how_should_startup_founders_leverage_this_point_of_contact_-_by_Erik_de_Stefanis,58,4,The speaker believes the information shared by Eric was new to them.,2,1,0.8,"{
  ""entailment_score"": 1,
  ""confidence"": 0.8
}"
business|SPECIAL_SERIES_-_Pep_Talk_Episode_17|3|7|9e6057afab36c4d8|10,business|SPECIAL_SERIES_-_Pep_Talk_Episode_17|3|7|9e6057afab36c4d8,business,SPECIAL_SERIES_-_Pep_Talk_Episode_17,3,7,There is a shared understanding between speaker and listener about the purpose of pandemic-related restrictions.,How_do_VC_analysts_work_and_how_should_startup_founders_leverage_this_point_of_contact_-_by_Erik_de_Stefanis,58,5,The speaker believes the information shared by Eric was valuable to their listeners.,2,5,0.8,"{
  ""entailment_score"": 5,
  ""confidence"": 0.8
}"
news|Ep._23_-_Bindi_Norwell__REINZ_CEO|29|4|9c2f09169e308c8a|0,news|Ep._23_-_Bindi_Norwell__REINZ_CEO|29|4|9c2f09169e308c8a,news,Ep._23_-_Bindi_Norwell__REINZ_CEO,29,4,The banking sector has a moral responsibility to support vulnerable borrowers during crises.,Rev_Wendell_Anthony_with_Day_Of_Caring,8,0,The city of Detroit has suffered significantly during the pandemic.,2,1,0.95,"{
  ""entailment_score"": 1,
  ""confidence"": 0.95
}"
political|94778|7|2|3d0aee71307027ee|0,political|94778|7|2|3d0aee71307027ee,political,94778,7,2,Public fear and distrust in government institutions are valid indicators of national decline.,83966,11,4,Excessive government spending contributes to national decline.,3,3,0.7,"{
  ""entailment_score"": 3,
  ""confidence"": 0.7
}"
religion|3___How_to_Be_Intentional_About_Your_Spiritual_Life|1|2|bfbe1a26a28d8741|0,religion|3___How_to_Be_Intentional_About_Your_Spiritual_Life|1|2|bfbe1a26a28d8741,religion,3___How_to_Be_Intentional_About_Your_Spiritual_Life,1,2,"Spiritual health requires regular, diverse, and sustained engagement—not just occasional rituals.",Fear_Podcast,13,3,Spiritual persecution is not the only type of hardship Paul references.,2,3,0.7,"{
  ""entailment_score"": 3,
  ""confidence"": 0.7
}"
business|Episode_21_-_Inside_the_Glass_Box_-_Hany_Syed_with_athleta-ed|32|1|2ddd86a4554c0b4f|0,business|Episode_21_-_Inside_the_Glass_Box_-_Hany_Syed_with_athleta-ed|32|1|2ddd86a4554c0b4f,business,Episode_21_-_Inside_the_Glass_Box_-_Hany_Syed_with_athleta-ed,32,1,The speaker believes that having sports experience qualifies someone as competent to advise.,Two_Free_Haul_Pick_Ups_-_Sourcing_Review___FlippinGals_Coffee___Questions,8,1,The speaker believes the clothing item is super cute and well-embroidered.,2,1,0.95,"{
  ""entailment_score"": 1,
  ""confidence"": 0.95
}"
business|Episode_21_-_Inside_the_Glass_Box_-_Hany_Syed_with_athleta-ed|32|1|2ddd86a4554c0b4f|1,business|Episode_21_-_Inside_the_Glass_Box_-_Hany_Syed_with_athleta-ed|32|1|2ddd86a4554c0b4f,business,Episode_21_-_Inside_the_Glass_Box_-_Hany_Syed_with_athleta-ed,32,1,The speaker believes that having sports experience qualifies someone as competent to advise.,Two_Free_Haul_Pick_Ups_-_Sourcing_Review___FlippinGals_Coffee___Questions,20,7,The speaker believes they should keep anything in good condition to sell.,2,1,0.8,"{
  ""entailment_score"": 1,
  ""confidence"": 0.8
}"
business|Episode_21_-_Inside_the_Glass_Box_-_Hany_Syed_with_athleta-ed|32|1|2ddd86a4554c0b4f|2,business|Episode_21_-_Inside_the_Glass_Box_-_Hany_Syed_with_athleta-ed|32|1|2ddd86a4554c0b4f,business,Episode_21_-_Inside_the_Glass_Box_-_Hany_Syed_with_athleta-ed,32,1,The speaker believes that having sports experience qualifies someone as competent to advise.,Two_Free_Haul_Pick_Ups_-_Sourcing_Review___FlippinGals_Coffee___Questions,23,2,The speaker believes they should keep the item.,2,1,0.8,"{
  ""entailment_score"": 1,
  ""confidence"": 0.8
}"
business|Episode_21_-_Inside_the_Glass_Box_-_Hany_Syed_with_athleta-ed|32|1|2ddd86a4554c0b4f|3,business|Episode_21_-_Inside_the_Glass_Box_-_Hany_Syed_with_athleta-ed|32|1|2ddd86a4554c0b4f,business,Episode_21_-_Inside_the_Glass_Box_-_Hany_Syed_with_athleta-ed,32,1,The speaker believes that having sports experience qualifies someone as competent to advise.,Two_Free_Haul_Pick_Ups_-_Sourcing_Review___FlippinGals_Coffee___Questions,24,8,The speaker and others picked up the items from someone who wanted to get rid of them.,2,1,0.85,"{
  ""entailment_score"": 1,
  ""confidence"": 0.85
}"
business|Get_Out_of_Your_Own_Way_with_Arielle_Hope|5|8|c7221e11e254438f|0,business|Get_Out_of_Your_Own_Way_with_Arielle_Hope|5|8|c7221e11e254438f,business,Get_Out_of_Your_Own_Way_with_Arielle_Hope,5,8,"Global suffering is visible and accessible through personal reflection, motivating action.",Managing_tough_times_in_real_estate_with_Steve_O_Brien,5,3,Office operations are largely closed but remain accessible through digital means.,2,1,0.95,"{
  ""entailment_score"": 1,
  ""confidence"": 0.95
}"
business|20._MYOB_Job_Cuts__Death_of__XX__Scotie_Pippen___Excel|31|7|60b7524e085b4876|0,business|20._MYOB_Job_Cuts__Death_of__XX__Scotie_Pippen___Excel|31|7|60b7524e085b4876,business,20._MYOB_Job_Cuts__Death_of__XX__Scotie_Pippen___Excel,31,7,The speaker’s use of informal phrasing does not undermine credibility.,63._Family_Protection,9,3,"When the speaker had no dependents, they did not require life insurance.",2,1,0.8,"{
  ""entailment_score"": 1,
  ""confidence"": 0.8
}"
business|Coughing_Is_Not_Allowed|99|2|571b81c2335333d2|0,business|Coughing_Is_Not_Allowed|99|2|571b81c2335333d2,business,Coughing_Is_Not_Allowed,99,2,The speaker's partial utterance ('he just') implies relevance to a prior context that both parties share.,Ep_14__Just_Being_A_Visionary,14,8,The speaker found the horse’s response both powerful and normal despite its intensity.,2,1,0.8,"{
  ""entailment_score"": 1,
  ""confidence"": 0.8
}"
business|Stellar_Sales_Series_Part_4_-_Creating_Desire|2|2|dfdc263e10818112|0,business|Stellar_Sales_Series_Part_4_-_Creating_Desire|2|2|dfdc263e10818112,business,Stellar_Sales_Series_Part_4_-_Creating_Desire,2,2,The speaker expects the listener to recognize the relevance of monitor stands in context.,Episode_9__How_to_deal_with_COVID-19_as_an_entrepreneur,24,3,The speaker wants to understand how financial stress affects the listener’s outlook on their job and the company.,2,1,0.85,"{
  ""entailment_score"": 1,
  ""confidence"": 0.85
}"
business|Stellar_Sales_Series_Part_4_-_Creating_Desire|2|2|dfdc263e10818112|1,business|Stellar_Sales_Series_Part_4_-_Creating_Desire|2|2|dfdc263e10818112,business,Stellar_Sales_Series_Part_4_-_Creating_Desire,2,2,The speaker expects the listener to recognize the relevance of monitor stands in context.,Episode_9__How_to_deal_with_COVID-19_as_an_entrepreneur,30,5,The speaker identifies as being in an older generation compared to the listener and their family members.,2,3,0.75,"{
  ""entailment_score"": 3,
  ""confidence"": 0.75
}"
business|Sam_Adams_on_the_Future_of_Education__dot.LA|4|1|84df17bd3b4ebe3f|0,business|Sam_Adams_on_the_Future_of_Education__dot.LA|4|1|84df17bd3b4ebe3f,business,Sam_Adams_on_the_Future_of_Education__dot.LA,4,1,The success of a news outlet depends on its ability to integrate deeply with the local tech community.,The_Four_Pillars_of_an_Effortless_Experience_that_Grows_Customer_Loyalty,12,7,"Self-service success depends on guiding users through a structured, simple process rather than allowing unguided navigation.",2,1,0.8,"{
  ""entailment_score"": 1,
  ""confidence"": 0.8
}"
business|Sam_Adams_on_the_Future_of_Education__dot.LA|4|1|84df17bd3b4ebe3f|1,business|Sam_Adams_on_the_Future_of_Education__dot.LA|4|1|84df17bd3b4ebe3f,business,Sam_Adams_on_the_Future_of_Education__dot.LA,4,1,The success of a news outlet depends on its ability to integrate deeply with the local tech community.,The_Four_Pillars_of_an_Effortless_Experience_that_Grows_Customer_Loyalty,30,4,Leadership success depends on selecting talented individuals who can challenge the leader.,2,3,0.7,"{
  ""entailment_score"": 3,
  ""confidence"": 0.7
}"
business|11__Life_Insurance_Policy_Design|14|6|a17a7f0167960f85|0,business|11__Life_Insurance_Policy_Design|14|6|a17a7f0167960f85,business,11__Life_Insurance_Policy_Design,14,6,"Financial decisions involving life insurance should be based on long-term, holistic understanding rather than short-term gains.",032_-_How_To_Manage_Your_Emotions_When_Managing_Tasks,17,4,"When work exceeds one person’s capacity, it should be recognized as normal rather than failure.",3,1,0.95,"{
  ""entailment_score"": 1,
  ""confidence"": 0.95
}"
business|11__Life_Insurance_Policy_Design|14|6|a17a7f0167960f85|1,business|11__Life_Insurance_Policy_Design|14|6|a17a7f0167960f85,business,11__Life_Insurance_Policy_Design,14,6,"Financial decisions involving life insurance should be based on long-term, holistic understanding rather than short-term gains.",032_-_How_To_Manage_Your_Emotions_When_Managing_Tasks,18,7,The message that women should be superwomen comes from external sources rather than internal motivation.,3,1,0.95,"{
  ""entailment_score"": 1,
  ""confidence"": 0.95
}"
business|11__Life_Insurance_Policy_Design|14|6|a17a7f0167960f85|2,business|11__Life_Insurance_Policy_Design|14|6|a17a7f0167960f85,business,11__Life_Insurance_Policy_Design,14,6,"Financial decisions involving life insurance should be based on long-term, holistic understanding rather than short-term gains.",032_-_How_To_Manage_Your_Emotions_When_Managing_Tasks,9,3,Emotional investment in outcomes decreases when disruptions are seen as normal rather than failures.,2,1,0.8,"{
  ""entailment_score"": 1,
  ""confidence"": 0.8
}"
business|11__Life_Insurance_Policy_Design|14|6|a17a7f0167960f85|3,business|11__Life_Insurance_Policy_Design|14|6|a17a7f0167960f85,business,11__Life_Insurance_Policy_Design,14,6,"Financial decisions involving life insurance should be based on long-term, holistic understanding rather than short-term gains.",032_-_How_To_Manage_Your_Emotions_When_Managing_Tasks,14,3,Personal commitment to order stems from internal values rather than external demands.,2,1,0.8,"{
  ""entailment_score"": 1,
  ""confidence"": 0.8
}"
business|11__Life_Insurance_Policy_Design|14|6|a17a7f0167960f85|4,business|11__Life_Insurance_Policy_Design|14|6|a17a7f0167960f85,business,11__Life_Insurance_Policy_Design,14,6,"Financial decisions involving life insurance should be based on long-term, holistic understanding rather than short-term gains.",032_-_How_To_Manage_Your_Emotions_When_Managing_Tasks,29,4,A productive person acts as a process worker rather than a decision-maker.,2,3,0.7,"{
  ""entailment_score"": 3,
  ""confidence"": 0.7
}"
political|93294|41|5|e0a1d4bc07a27f29|0,political|93294|41|5|e0a1d4bc07a27f29,political,93294,41,5,Public perception of political conflict is shaped more by fear narratives than rational discussion.,70922,20,8,Political forecasting more than a year ahead is highly uncertain.,3,3,0.7,"{
  ""entailment_score"": 3,
  ""confidence"": 0.7
}"
political|93294|41|5|e0a1d4bc07a27f29|1,political|93294|41|5|e0a1d4bc07a27f29,political,93294,41,5,Public perception of political conflict is shaped more by fear narratives than rational discussion.,70922,5,4,The current political system requires improvement to better serve the public.,2,5,0.8,"{
  ""entailment_score"": 5,
  ""confidence"": 0.8
}"
political|93294|41|5|e0a1d4bc07a27f29|2,political|93294|41|5|e0a1d4bc07a27f29,political,93294,41,5,Public perception of political conflict is shaped more by fear narratives than rational discussion.,70922,6,1,The speakerless House has created political instability perceived by the general public.,2,3,0.7,"{
  ""entailment_score"": 3,
  ""confidence"": 0.7
}"
political|93294|41|5|e0a1d4bc07a27f29|3,political|93294|41|5|e0a1d4bc07a27f29,political,93294,41,5,Public perception of political conflict is shaped more by fear narratives than rational discussion.,70922,14,0,"Historically, human societies have experienced war far more often than peace.",2,5,0.75,"{
  ""entailment_score"": 5,
  ""confidence"": 0.75
}"
political|93294|41|5|e0a1d4bc07a27f29|4,political|93294|41|5|e0a1d4bc07a27f29,political,93294,41,5,Public perception of political conflict is shaped more by fear narratives than rational discussion.,70922,14,2,Ukraine funding is more at risk today than it was a week ago.,2,3,0.75,"{
  ""entailment_score"": 3,
  ""confidence"": 0.75
}"
political|93294|41|5|e0a1d4bc07a27f29|5,political|93294|41|5|e0a1d4bc07a27f29,political,93294,41,5,Public perception of political conflict is shaped more by fear narratives than rational discussion.,70922,22,5,"Many people in Michigan prioritize work, family success, and avoiding political conflict.",2,5,0.75,"{
  ""entailment_score"": 5,
  ""confidence"": 0.75
}"
political|93294|41|5|e0a1d4bc07a27f29|6,political|93294|41|5|e0a1d4bc07a27f29,political,93294,41,5,Public perception of political conflict is shaped more by fear narratives than rational discussion.,70922,23,8,Inflation issues in the U.S. are driven more by corporate greed than government policy.,2,1,0.95,"{
  ""entailment_score"": 1,
  ""confidence"": 0.95
}"
business|Keep_Shorting_Covid_-_Nick_Santiago_6-29-20__65|18|1|595625f5d3088cae|0,business|Keep_Shorting_Covid_-_Nick_Santiago_6-29-20__65|18|1|595625f5d3088cae,business,Keep_Shorting_Covid_-_Nick_Santiago_6-29-20__65,18,1,The speaker considers it meaningful or relevant to ask whether someone follows a particular theoretical framework.,003__Coaching_Financial_Wellness_During_Times_of_Volatility,8,0,The speaker is asking Brian whether such a phenomenon exists.,2,3,0.7,"{
  ""entailment_score"": 3,
  ""confidence"": 0.7
}"
political|71245|1|3|2822a93b769a47bc|0,political|71245|1|3|2822a93b769a47bc,political,71245,1,3,Policy decisions should be based on current epidemiological data rather than political considerations.,45508,13,1,"People should base voting decisions on personal, direct impacts rather than on others' choices unrelated to their own lives.",4,5,0.8,"{
  ""entailment_score"": 5,
  ""confidence"": 0.8
}"
political|71245|1|3|2822a93b769a47bc|1,political|71245|1|3|2822a93b769a47bc,political,71245,1,3,Policy decisions should be based on current epidemiological data rather than political considerations.,45508,5,7,Some elected officials are chosen based solely on popularity rather than competence.,3,5,0.8,"{
  ""entailment_score"": 5,
  ""confidence"": 0.8
}"
political|71245|1|3|2822a93b769a47bc|2,political|71245|1|3|2822a93b769a47bc,political,71245,1,3,Policy decisions should be based on current epidemiological data rather than political considerations.,45508,13,6,Individuals should evaluate candidates based on policies that directly benefit their own circumstances.,2,5,0.8,"{
  ""entailment_score"": 5,
  ""confidence"": 0.8
}"
political|90894|19|3|c36be51c53eb8628|0,political|90894|19|3|c36be51c53eb8628,political,90894,19,3,The speaker believes the listener has sufficient knowledge of the situation to answer the question.,76990,8,1,The listener has experience serving on the intelligence committee in the House.,2,1,0.8,"{
  ""entailment_score"": 1,
  ""confidence"": 0.8
}"
business|Episode_24__Understanding_the_Due_Diligence_when_Investing_in_Notes|49|2|b96d0674c9c53db8|0,business|Episode_24__Understanding_the_Due_Diligence_when_Investing_in_Notes|49|2|b96d0674c9c53db8,business,Episode_24__Understanding_the_Due_Diligence_when_Investing_in_Notes,49,2,Delinquency indicates potential hardship rather than intentional default.,OYT_32__Michael_Blank_-_Why_the_Stock_Market_is_a_Fox_in_Sheep_s_Clothing,5,8,Projected high returns in financial spreadsheets often reflect short-term performance rather than long-term trends.,2,3,0.7,"{
  ""entailment_score"": 3,
  ""confidence"": 0.7
}"
religion|Minor_Prophets__Major_Message__Week_6|5|4|5db84f43c9578e78|0,religion|Minor_Prophets__Major_Message__Week_6|5|4|5db84f43c9578e78,religion,Minor_Prophets__Major_Message__Week_6,5,4,"Divine knowledge implies relational intimacy, so lack of knowledge of God equates to spiritual estrangement.",Born_Of__Vision,2,5,Joseph demonstrated faith in God by obeying divine messages in dreams.,2,1,0.95,"{
  ""entailment_score"": 1,
  ""confidence"": 0.95
}"
political|49648|8|5|e2243ba1747c6d44|0,political|49648|8|5|e2243ba1747c6d44,political,49648,8,5,"Alan shares the speaker’s perspective on immigration policy, making him a suitable interlocutor.",94229,9,0,The current immigration policy approach has failed according to the speaker.,3,9,0.95,"{
  ""entailment_score"": 9,
  ""confidence"": 0.95
}"
political|49648|8|5|e2243ba1747c6d44|1,political|49648|8|5|e2243ba1747c6d44,political,49648,8,5,"Alan shares the speaker’s perspective on immigration policy, making him a suitable interlocutor.",94229,43,2,I introduced the first bill related to immigration policy.,2,9,0.95,"{
  ""entailment_score"": 9,
  ""confidence"": 0.95
}"
political|84431|20|5|d6dac4ae26175883|0,political|84431|20|5|d6dac4ae26175883,political,84431,20,5,The speaker values long-term institutional coherence over short-term fluctuations.,83319,9,5,Some individuals have used career centers without committing long-term.,2,3,0.7,"{
  ""entailment_score"": 3,
  ""confidence"": 0.7
}"
business|Shot__83_Special_Edition_-_Franky_Marshall__Pineau_de_Charentes_expert|62|3|9df0ac3bb1daf17b|0,business|Shot__83_Special_Edition_-_Franky_Marshall__Pineau_de_Charentes_expert|62|3|9df0ac3bb1daf17b,business,Shot__83_Special_Edition_-_Franky_Marshall__Pineau_de_Charentes_expert,62,3,Understanding and enjoyment of Pinot de Chirons requires education and guidance rather than spontaneous appreciation.,FIR_B2B__138__Keeping_it_Real,9,5,Employees should be allowed to speak for the company rather than relying solely on formal leadership messaging.,2,3,0.75,"{
  ""entailment_score"": 3,
  ""confidence"": 0.75
}"
political|72773|17|5|23fcff5abab877da|0,political|72773|17|5|23fcff5abab877da,political,72773,17,5,The speaker believes that economic competitiveness improves when tax systems align with those of peer countries.,66372,20,6,The speaker believes that people in other countries are desperate for vaccines while Americans are being incentivized to take them.,3,1,0.95,"{
  ""entailment_score"": 1,
  ""confidence"": 0.95
}"
political|72773|17|5|23fcff5abab877da|1,political|72773|17|5|23fcff5abab877da,political,72773,17,5,The speaker believes that economic competitiveness improves when tax systems align with those of peer countries.,66372,13,4,The speaker believes those restrictions constitute an overreaction.,2,1,0.8,"{
  ""entailment_score"": 1,
  ""confidence"": 0.8
}"
political|72773|17|5|23fcff5abab877da|2,political|72773|17|5|23fcff5abab877da,political,72773,17,5,The speaker believes that economic competitiveness improves when tax systems align with those of peer countries.,66372,16,2,The speaker believes Congressman Kana previously stated that this legislation should ideally generate many future jobs.,2,1,0.8,"{
  ""entailment_score"": 1,
  ""confidence"": 0.8
}"
business|Jathusha_Mahenthirarajan_-_L.I.G.H.T_Community|16|2|5e7faa38e9f912c8|0,business|Jathusha_Mahenthirarajan_-_L.I.G.H.T_Community|16|2|5e7faa38e9f912c8,business,Jathusha_Mahenthirarajan_-_L.I.G.H.T_Community,16,2,Young people are capable of significant innovation and impact.,What_Keeps_Fail_Army_People_Are_Awesome_Owner_Jon_Skogmo_Up_At_Night,1,1,The pressure of being responsible for 170 people is significant.,2,5,0.8,"{
  ""entailment_score"": 5,
  ""confidence"": 0.8
}"
sports|S2__Ep_74__Scott_Hetzer_of_Eclipse_Fly_Co|24|1|dc4fc2cca2373fc4|0,sports|S2__Ep_74__Scott_Hetzer_of_Eclipse_Fly_Co|24|1|dc4fc2cca2373fc4,sports,S2__Ep_74__Scott_Hetzer_of_Eclipse_Fly_Co,24,1,Other people besides the named individual likely contributed to my development as a guide.,SaskGolfer_Podcast_-_Sam_Wills___PGA_of_Saskatchewan_Professional,11,6,These individuals have contributed to developing a generation of skilled people.,2,9,0.95,"{
  ""entailment_score"": 9,
  ""confidence"": 0.95
}"
business|Q___Cake__16|50|3|a97d711c303a6e35|0,business|Q___Cake__16|50|3|a97d711c303a6e35,business,Q___Cake__16,50,3,There is value in formalizing a business relationship even when informal models could technically work.,Episode_8_A_Conversation_with_Fabrizio_Ulivi_from_Shanghai__China,20,3,Guansi refers to relationship connections that are critical in Chinese business culture.,2,1,0.8,"{
  ""entailment_score"": 1,
  ""confidence"": 0.8
}"
sports|Bleav_In_The_Blind_Broadcaster_Sees_The_Future|31|9|b90ca23d6b32a3a6|0,sports|Bleav_In_The_Blind_Broadcaster_Sees_The_Future|31|9|b90ca23d6b32a3a6,sports,Bleav_In_The_Blind_Broadcaster_Sees_The_Future,31,9,The audience shares the speaker’s vision for growth through grassroots action.,EPISODE___8_-_Home_Again,69,2,The speaker uses 'that one' to refer to a specific prior event or action.,2,1,0.95,"{
  ""entailment_score"": 1,
  ""confidence"": 0.95
}"
sports|Bleav_In_The_Blind_Broadcaster_Sees_The_Future|31|9|b90ca23d6b32a3a6|1,sports|Bleav_In_The_Blind_Broadcaster_Sees_The_Future|31|9|b90ca23d6b32a3a6,sports,Bleav_In_The_Blind_Broadcaster_Sees_The_Future,31,9,The audience shares the speaker’s vision for growth through grassroots action.,EPISODE___8_-_Home_Again,163,1,The speaker feels strong emotional distress about the impending action.,2,1,0.85,"{
  ""entailment_score"": 1,
  ""confidence"": 0.85
}"
sports|Bleav_In_The_Blind_Broadcaster_Sees_The_Future|31|9|b90ca23d6b32a3a6|2,sports|Bleav_In_The_Blind_Broadcaster_Sees_The_Future|31|9|b90ca23d6b32a3a6,sports,Bleav_In_The_Blind_Broadcaster_Sees_The_Future,31,9,The audience shares the speaker’s vision for growth through grassroots action.,EPISODE___8_-_Home_Again,179,2,The speaker believes that some action might help reduce a certain negative phenomenon.,2,3,0.7,"{
  ""entailment_score"": 3,
  ""confidence"": 0.7
}"
religion|10_Word_With_God_Podcast_-_Verity_and_Quarantine|70|1|d0d34e9c209c6e84|0,religion|10_Word_With_God_Podcast_-_Verity_and_Quarantine|70|1|d0d34e9c209c6e84,religion,10_Word_With_God_Podcast_-_Verity_and_Quarantine,70,1,People’s voices being slightly distorted does not undermine the purpose of collective singing.,72nd__Micah_7_18-19_-_God_is_Merciful,0,4,God does not retain His anger forever.,2,1,0.8,"{
  ""entailment_score"": 1,
  ""confidence"": 0.8
}"
religion|Bob_Doyle_Gets_Real_With_LoA|3|3|737f38c292615e34|0,religion|Bob_Doyle_Gets_Real_With_LoA|3|3|737f38c292615e34,religion,Bob_Doyle_Gets_Real_With_LoA,3,3,The listener will interpret the speaker’s self-referential comment as authentic and relatable.,9._On_Jesus__Resurrection,3,1,The speaker was an intern at the Bible Church's youth group during the time the listener was a participant.,2,1,0.8,"{
  ""entailment_score"": 1,
  ""confidence"": 0.8
}"
religion|Bob_Doyle_Gets_Real_With_LoA|3|3|737f38c292615e34|1,religion|Bob_Doyle_Gets_Real_With_LoA|3|3|737f38c292615e34,religion,Bob_Doyle_Gets_Real_With_LoA,3,3,The listener will interpret the speaker’s self-referential comment as authentic and relatable.,9._On_Jesus__Resurrection,3,2,The speaker played ping pong with the listener on a weekly basis while they were both involved in the youth group.,2,1,0.8,"{
  ""entailment_score"": 1,
  ""confidence"": 0.8
}"
religion|Bob_Doyle_Gets_Real_With_LoA|3|3|737f38c292615e34|2,religion|Bob_Doyle_Gets_Real_With_LoA|3|3|737f38c292615e34,religion,Bob_Doyle_Gets_Real_With_LoA,3,3,The listener will interpret the speaker’s self-referential comment as authentic and relatable.,9._On_Jesus__Resurrection,3,3,The listener followed the speaker around during their time in the youth group.,2,1,0.8,"{
  ""entailment_score"": 1,
  ""confidence"": 0.8
}"
religion|Bob_Doyle_Gets_Real_With_LoA|3|3|737f38c292615e34|3,religion|Bob_Doyle_Gets_Real_With_LoA|3|3|737f38c292615e34,religion,Bob_Doyle_Gets_Real_With_LoA,3,3,The listener will interpret the speaker’s self-referential comment as authentic and relatable.,9._On_Jesus__Resurrection,9,2,The speaker adopted the listener's playing style after observing it at the camp.,2,1,0.8,"{
  ""entailment_score"": 1,
  ""confidence"": 0.8
}"
sports|NFL_schedules|97|0|a31841c96fb3093b|0,sports|NFL_schedules|97|0|a31841c96fb3093b,sports,NFL_schedules,97,0,The Patriots have previously defeated the Jets in prime time games over a prolonged period.,Episode_219__The_never-ending_cycle,11,2,Eric has consistently felt this way about Mike Soroka over time.,2,1,0.95,"{
  ""entailment_score"": 1,
  ""confidence"": 0.95
}"
sports|NFL_schedules|97|0|a31841c96fb3093b|1,sports|NFL_schedules|97|0|a31841c96fb3093b,sports,NFL_schedules,97,0,The Patriots have previously defeated the Jets in prime time games over a prolonged period.,Episode_219__The_never-ending_cycle,14,0,Rob Manfred sent a letter to Tony Clark stating he believes they are fighting over an impossibility regarding games.,2,1,0.95,"{
  ""entailment_score"": 1,
  ""confidence"": 0.95
}"
sports|NFL_schedules|97|0|a31841c96fb3093b|2,sports|NFL_schedules|97|0|a31841c96fb3093b,sports,NFL_schedules,97,0,The Patriots have previously defeated the Jets in prime time games over a prolonged period.,Episode_219__The_never-ending_cycle,28,0,The likelihood of baseball games occurring has decreased over the past month.,2,1,0.95,"{
  ""entailment_score"": 1,
  ""confidence"": 0.95
}"
sports|NFL_schedules|97|0|a31841c96fb3093b|3,sports|NFL_schedules|97|0|a31841c96fb3093b,sports,NFL_schedules,97,0,The Patriots have previously defeated the Jets in prime time games over a prolonged period.,Episode_219__The_never-ending_cycle,28,2,Players require time to ramp up physically before playing games.,2,1,0.95,"{
  ""entailment_score"": 1,
  ""confidence"": 0.95
}"
religion|8._There_is_no_normal__Introverts_in_ministry_with_Tanzy_Chandler|1|1|93cd69363b9723e4|0,religion|8._There_is_no_normal__Introverts_in_ministry_with_Tanzy_Chandler|1|1|93cd69363b9723e4,religion,8._There_is_no_normal__Introverts_in_ministry_with_Tanzy_Chandler,1,1,Health and wellness are intrinsically linked to spiritual well-being in the speaker's worldview.,Episode_6__Grace_and_Peace__Eph._1_1-2,15,3,Self-awareness and spiritual growth are closely linked in the Christian life.,2,9,0.95,"{
  ""entailment_score"": 9,
  ""confidence"": 0.95
}"
business|One_Take_Interview_with_Paul_Grangaard__Chair___CEO__Faribault_Woolen_Mills|2|1|94eae2569fdb5e53|0,business|One_Take_Interview_with_Paul_Grangaard__Chair___CEO__Faribault_Woolen_Mills|2|1|94eae2569fdb5e53,business,One_Take_Interview_with_Paul_Grangaard__Chair___CEO__Faribault_Woolen_Mills,2,1,The listener’s accumulated experience makes them qualified to draw relevant comparisons between historical and present crises.,Experiential_Marketing__Flipped,11,4,The listener has personally witnessed or participated in such an experience.,2,5,0.75,"{
  ""entailment_score"": 5,
  ""confidence"": 0.75
}"
business|The_Proton_Podcast__Ian_Balina___EP._3|15|7|7b9e7430684ba9e1|0,business|The_Proton_Podcast__Ian_Balina___EP._3|15|7|7b9e7430684ba9e1,business,The_Proton_Podcast__Ian_Balina___EP._3,15,7,"Public exposure, while risky, is necessary for achieving large-scale social impact in the crypto space.",Ep_102__Alex_Dewar__Sr._Manager_at_BCG_s_Center_for_Energy_Impact,23,4,Social and political action are necessary to channel pressure toward effective policy formation.,2,1,0.8,"{
  ""entailment_score"": 1,
  ""confidence"": 0.8
}"
business|The_Proton_Podcast__Ian_Balina___EP._3|15|7|7b9e7430684ba9e1|1,business|The_Proton_Podcast__Ian_Balina___EP._3|15|7|7b9e7430684ba9e1,business,The_Proton_Podcast__Ian_Balina___EP._3,15,7,"Public exposure, while risky, is necessary for achieving large-scale social impact in the crypto space.",Ep_102__Alex_Dewar__Sr._Manager_at_BCG_s_Center_for_Energy_Impact,39,3,The current scale of divestment has little to no measurable impact on the demand profile for equity investment.,2,1,0.8,"{
  ""entailment_score"": 1,
  ""confidence"": 0.8
}"
business|The_Proton_Podcast__Ian_Balina___EP._3|15|7|7b9e7430684ba9e1|2,business|The_Proton_Podcast__Ian_Balina___EP._3|15|7|7b9e7430684ba9e1,business,The_Proton_Podcast__Ian_Balina___EP._3,15,7,"Public exposure, while risky, is necessary for achieving large-scale social impact in the crypto space.",Ep_102__Alex_Dewar__Sr._Manager_at_BCG_s_Center_for_Energy_Impact,41,5,The practical implementation of large-scale divestment from oil and gas is challenging.,2,1,0.95,"{
  ""entailment_score"": 1,
  ""confidence"": 0.95
}"
business|The_Proton_Podcast__Ian_Balina___EP._3|15|7|7b9e7430684ba9e1|3,business|The_Proton_Podcast__Ian_Balina___EP._3|15|7|7b9e7430684ba9e1,business,The_Proton_Podcast__Ian_Balina___EP._3,15,7,"Public exposure, while risky, is necessary for achieving large-scale social impact in the crypto space.",Ep_102__Alex_Dewar__Sr._Manager_at_BCG_s_Center_for_Energy_Impact,49,4,Collective action is necessary to realize the full impact of energy efficiency improvements.,2,1,0.95,"{
  ""entailment_score"": 1,
  ""confidence"": 0.95
}"
political|92292|7|4|bb9e8943e3627da4|0,political|92292|7|4|bb9e8943e3627da4,political,92292,7,4,The speaker believes that increasing taxes on estates and other areas undermines fiscal fairness.,81188,4,3,The speaker has recently become aware of the extent of the other person's work on Social Security.,2,1,0.95,"{
  ""entailment_score"": 1,
  ""confidence"": 0.95
}"
political|92292|7|4|bb9e8943e3627da4|1,political|92292|7|4|bb9e8943e3627da4,political,92292,7,4,The speaker believes that increasing taxes on estates and other areas undermines fiscal fairness.,81188,4,4,The speaker wishes to discuss the topic of Social Security in relation to the other person's efforts.,2,1,0.95,"{
  ""entailment_score"": 1,
  ""confidence"": 0.95
}"
political|92292|7|4|bb9e8943e3627da4|2,political|92292|7|4|bb9e8943e3627da4,political,92292,7,4,The speaker believes that increasing taxes on estates and other areas undermines fiscal fairness.,81188,8,3,The speaker believes that bureaucratic agencies are responsible for harming the country.,2,1,0.8,"{
  ""entailment_score"": 1,
  ""confidence"": 0.8
}"
political|92292|7|4|bb9e8943e3627da4|3,political|92292|7|4|bb9e8943e3627da4,political,92292,7,4,The speaker believes that increasing taxes on estates and other areas undermines fiscal fairness.,81188,8,4,The speaker views certain regulatory and fiscal agencies as 'evil'.,2,5,0.75,"{
  ""entailment_score"": 5,
  ""confidence"": 0.75
}"
political|92292|7|4|bb9e8943e3627da4|4,political|92292|7|4|bb9e8943e3627da4,political,92292,7,4,The speaker believes that increasing taxes on estates and other areas undermines fiscal fairness.,81188,13,9,Higher returns from investments could eventually cover benefit payments without increasing taxes.,2,3,0.7,"{
  ""entailment_score"": 3,
  ""confidence"": 0.7
}"
political|92292|7|4|bb9e8943e3627da4|5,political|92292|7|4|bb9e8943e3627da4,political,92292,7,4,The speaker believes that increasing taxes on estates and other areas undermines fiscal fairness.,81188,20,0,The speaker believes the listener is working hard on aspects of the flood program within their direct control.,2,1,0.8,"{
  ""entailment_score"": 1,
  ""confidence"": 0.8
}"
political|92292|7|4|bb9e8943e3627da4|6,political|92292|7|4|bb9e8943e3627da4,political,92292,7,4,The speaker believes that increasing taxes on estates and other areas undermines fiscal fairness.,81188,20,1,The speaker is asking whether the listener is engaging with other legislators regarding homeowner’s insurance solutions.,2,1,0.95,"{
  ""entailment_score"": 1,
  ""confidence"": 0.95
}"
political|47161|0|4|40233e287efdd91c|0,political|47161|0|4|40233e287efdd91c,political,47161,0,4,Public figures like Senators should maintain visibility during crises even if they face personal constraints.,49234,27,4,Marco Rubio demonstrated poor performance when discussing physical attributes like hand size during a debate.,2,1,0.95,"{
  ""entailment_score"": 1,
  ""confidence"": 0.95
}"
business|Sociolinguistics_and_Technical_Debt_with_Einar_W._Hst|26|1|1beae3c406bed215|0,business|Sociolinguistics_and_Technical_Debt_with_Einar_W._Hst|26|1|1beae3c406bed215,business,Sociolinguistics_and_Technical_Debt_with_Einar_W._Hst,26,1,Anticipating change is more effective than reacting after the fact.,5_-_Standardized_College_Admissions_Tests,6,1,A student with a 3.5 GPA may have achieved more than a student with a 4.0 GPA due to differing academic expectations.,2,1,0.95,"{
  ""entailment_score"": 1,
  ""confidence"": 0.95
}"
business|Sociolinguistics_and_Technical_Debt_with_Einar_W._Hst|26|1|1beae3c406bed215|1,business|Sociolinguistics_and_Technical_Debt_with_Einar_W._Hst|26|1|1beae3c406bed215,business,Sociolinguistics_and_Technical_Debt_with_Einar_W._Hst,26,1,Anticipating change is more effective than reacting after the fact.,5_-_Standardized_College_Admissions_Tests,13,3,Natural conversations are more beneficial and easier to follow than structured ones.,2,1,0.95,"{
  ""entailment_score"": 1,
  ""confidence"": 0.95
}"
business|Sociolinguistics_and_Technical_Debt_with_Einar_W._Hst|26|1|1beae3c406bed215|2,business|Sociolinguistics_and_Technical_Debt_with_Einar_W._Hst|26|1|1beae3c406bed215,business,Sociolinguistics_and_Technical_Debt_with_Einar_W._Hst,26,1,Anticipating change is more effective than reacting after the fact.,5_-_Standardized_College_Admissions_Tests,29,9,"Personal fit, including interest in athletics and specific academic programs, influences college choice more than reputation alone.",2,1,0.95,"{
  ""entailment_score"": 1,
  ""confidence"": 0.95
}"
sports|Baseball_Returns__20_Shortened_Season_Risers_and_Fallers__Ep._298_2|46|0|90936cdc7c13884f|0,sports|Baseball_Returns__20_Shortened_Season_Risers_and_Fallers__Ep._298_2|46|0|90936cdc7c13884f,sports,Baseball_Returns__20_Shortened_Season_Risers_and_Fallers__Ep._298_2,46,0,The speaker believes that early performance in spring training is a reliable indicator of future MLB success.,006_-_Greg_Bielecki__La_Salle_College_High_School_2,20,8,The speaker has observed the team’s racing performance and training habits.,3,1,0.95,"{
  ""entailment_score"": 1,
  ""confidence"": 0.95
}"
sports|Baseball_Returns__20_Shortened_Season_Risers_and_Fallers__Ep._298_2|46|0|90936cdc7c13884f|1,sports|Baseball_Returns__20_Shortened_Season_Risers_and_Fallers__Ep._298_2|46|0|90936cdc7c13884f,sports,Baseball_Returns__20_Shortened_Season_Risers_and_Fallers__Ep._298_2,46,0,The speaker believes that early performance in spring training is a reliable indicator of future MLB success.,006_-_Greg_Bielecki__La_Salle_College_High_School_2,18,5,The speaker sends a weekly Sunday email summarizing their approach to training.,2,1,0.95,"{
  ""entailment_score"": 1,
  ""confidence"": 0.95
}"
sports|Baseball_Returns__20_Shortened_Season_Risers_and_Fallers__Ep._298_2|46|0|90936cdc7c13884f|2,sports|Baseball_Returns__20_Shortened_Season_Risers_and_Fallers__Ep._298_2|46|0|90936cdc7c13884f,sports,Baseball_Returns__20_Shortened_Season_Risers_and_Fallers__Ep._298_2,46,0,The speaker believes that early performance in spring training is a reliable indicator of future MLB success.,006_-_Greg_Bielecki__La_Salle_College_High_School_2,20,9,The speaker believes his team trains consistently regardless of weather or holidays.,2,1,0.95,"{
  ""entailment_score"": 1,
  ""confidence"": 0.95
}"
sports|Baseball_Returns__20_Shortened_Season_Risers_and_Fallers__Ep._298_2|46|0|90936cdc7c13884f|3,sports|Baseball_Returns__20_Shortened_Season_Risers_and_Fallers__Ep._298_2|46|0|90936cdc7c13884f,sports,Baseball_Returns__20_Shortened_Season_Risers_and_Fallers__Ep._298_2,46,0,The speaker believes that early performance in spring training is a reliable indicator of future MLB success.,006_-_Greg_Bielecki__La_Salle_College_High_School_2,22,7,The speaker believes competitions help athletes test themselves and learn about their capabilities.,2,1,0.95,"{
  ""entailment_score"": 1,
  ""confidence"": 0.95
}"
sports|Baseball_Returns__20_Shortened_Season_Risers_and_Fallers__Ep._298_2|46|0|90936cdc7c13884f|4,sports|Baseball_Returns__20_Shortened_Season_Risers_and_Fallers__Ep._298_2|46|0|90936cdc7c13884f,sports,Baseball_Returns__20_Shortened_Season_Risers_and_Fallers__Ep._298_2,46,0,The speaker believes that early performance in spring training is a reliable indicator of future MLB success.,006_-_Greg_Bielecki__La_Salle_College_High_School_2,26,9,Tracking training logs helps identify patterns related to performance and recovery.,2,1,0.95,"{
  ""entailment_score"": 1,
  ""confidence"": 0.95
}"
sports|Baseball_Returns__20_Shortened_Season_Risers_and_Fallers__Ep._298_2|46|0|90936cdc7c13884f|5,sports|Baseball_Returns__20_Shortened_Season_Risers_and_Fallers__Ep._298_2|46|0|90936cdc7c13884f,sports,Baseball_Returns__20_Shortened_Season_Risers_and_Fallers__Ep._298_2,46,0,The speaker believes that early performance in spring training is a reliable indicator of future MLB success.,006_-_Greg_Bielecki__La_Salle_College_High_School_2,33,1,The speaker believes she is a runner.,2,1,0.95,"{
  ""entailment_score"": 1,
  ""confidence"": 0.95
}"
sports|Baseball_Returns__20_Shortened_Season_Risers_and_Fallers__Ep._298_2|46|0|90936cdc7c13884f|6,sports|Baseball_Returns__20_Shortened_Season_Risers_and_Fallers__Ep._298_2|46|0|90936cdc7c13884f,sports,Baseball_Returns__20_Shortened_Season_Risers_and_Fallers__Ep._298_2,46,0,The speaker believes that early performance in spring training is a reliable indicator of future MLB success.,006_-_Greg_Bielecki__La_Salle_College_High_School_2,45,2,The speaker believes the Catholic League has undergone changes over time.,2,1,0.95,"{
  ""entailment_score"": 1,
  ""confidence"": 0.95
}"
sports|Baseball_Returns__20_Shortened_Season_Risers_and_Fallers__Ep._298_2|46|0|90936cdc7c13884f|7,sports|Baseball_Returns__20_Shortened_Season_Risers_and_Fallers__Ep._298_2|46|0|90936cdc7c13884f,sports,Baseball_Returns__20_Shortened_Season_Risers_and_Fallers__Ep._298_2,46,0,The speaker believes that early performance in spring training is a reliable indicator of future MLB success.,006_-_Greg_Bielecki__La_Salle_College_High_School_2,47,1,The speaker believes that a cultural shift occurred between 2013 and 2014 in their own experience.,2,1,0.95,"{
  ""entailment_score"": 1,
  ""confidence"": 0.95
}"
sports|Baseball_Returns__20_Shortened_Season_Risers_and_Fallers__Ep._298_2|46|0|90936cdc7c13884f|8,sports|Baseball_Returns__20_Shortened_Season_Risers_and_Fallers__Ep._298_2|46|0|90936cdc7c13884f,sports,Baseball_Returns__20_Shortened_Season_Risers_and_Fallers__Ep._298_2,46,0,The speaker believes that early performance in spring training is a reliable indicator of future MLB success.,006_-_Greg_Bielecki__La_Salle_College_High_School_2,48,9,"I believed that consistent training alone would lead to success, but this proved false.",2,1,0.95,"{
  ""entailment_score"": 1,
  ""confidence"": 0.95
}"
sports|Baseball_Returns__20_Shortened_Season_Risers_and_Fallers__Ep._298_2|46|0|90936cdc7c13884f|9,sports|Baseball_Returns__20_Shortened_Season_Risers_and_Fallers__Ep._298_2|46|0|90936cdc7c13884f,sports,Baseball_Returns__20_Shortened_Season_Risers_and_Fallers__Ep._298_2,46,0,The speaker believes that early performance in spring training is a reliable indicator of future MLB success.,006_-_Greg_Bielecki__La_Salle_College_High_School_2,53,2,The speaker believes that having passion is necessary.,2,1,0.95,"{
  ""entailment_score"": 1,
  ""confidence"": 0.95
}"
sports|Baseball_Returns__20_Shortened_Season_Risers_and_Fallers__Ep._298_2|46|0|90936cdc7c13884f|10,sports|Baseball_Returns__20_Shortened_Season_Risers_and_Fallers__Ep._298_2|46|0|90936cdc7c13884f,sports,Baseball_Returns__20_Shortened_Season_Risers_and_Fallers__Ep._298_2,46,0,The speaker believes that early performance in spring training is a reliable indicator of future MLB success.,006_-_Greg_Bielecki__La_Salle_College_High_School_2,60,4,The speaker believes their current coaching role helps prevent athletes from making the same mistakes they made.,2,1,0.95,"{
  ""entailment_score"": 1,
  ""confidence"": 0.95
}"
sports|Baseball_Returns__20_Shortened_Season_Risers_and_Fallers__Ep._298_2|46|0|90936cdc7c13884f|11,sports|Baseball_Returns__20_Shortened_Season_Risers_and_Fallers__Ep._298_2|46|0|90936cdc7c13884f,sports,Baseball_Returns__20_Shortened_Season_Risers_and_Fallers__Ep._298_2,46,0,The speaker believes that early performance in spring training is a reliable indicator of future MLB success.,006_-_Greg_Bielecki__La_Salle_College_High_School_2,61,2,The speaker believes they should offer advice to young coaches or athletes starting in the sport.,2,1,0.95,"{
  ""entailment_score"": 1,
  ""confidence"": 0.95
}"
