episode_id,lag_seconds
42060,5.283999999999999
42060,36.56400000000001
42060,36.56400000000001
42060,251.83800000000002
42060,172.57999999999998
42060,308.69699999999995
42060,47.87600000000003
42060,128.154
42060,128.154
42060,128.154
42060,118.27999999999997
42060,118.27999999999997
42060,83.17099999999994
42060,83.17099999999994
42060,83.17099999999994
42060,83.17099999999994
42060,83.17099999999994
42061,28.427999999999997
42061,28.427999999999997
42061,310.76
42061,35.327999999999975
42061,35.327999999999975
42061,80.16199999999998
42061,24.146000000000015
42061,8.242000000000019
42073,1282.156
42073,1086.087
42073,977.001
42073,1157.079
42073,1017.9639999999999
42073,13.95999999999998
42073,133.688
42073,119.72800000000001
42073,119.72800000000001
42073,119.72800000000001
42073,390.93700000000007
42073,119.72800000000001
42073,417.915
42073,12.430000000000007
42073,896.7059999999999
42073,343.101
42073,91.72300000000001
42073,884.276
42073,91.72300000000001
42073,784.886
42073,612.4749999999999
42073,166.81500000000005
42073,618.7299999999999
42073,5.663000000000011
42073,432.9889999999999
42073,71.89199999999994
42073,72.64700000000005
42073,10.263000000000034
42073,10.263000000000034
42073,72.15099999999995
42073,288.946
42073,15.990999999999985
42073,15.990999999999985
42073,15.990999999999985
42073,180.07799999999997
42073,180.07799999999997
42073,426.61400000000003
42073,254.20299999999997
42073,246.53600000000006
42077,240.351
42077,462.60999999999996
42077,35.82299999999999
42077,35.82299999999999
42077,110.46
42077,35.82299999999999
42077,91.338
42077,91.338
42077,91.338
42077,1139.98
42077,1139.98
42077,890.8860000000001
42077,894.258
42077,894.258
42077,217.81500000000005
42077,210.832
42077,612.4200000000001
42077,149.21500000000003
42077,201.10900000000004
42077,11.172000000000025
42077,63.06600000000003
42077,51.894000000000005
42077,63.68399999999997
42077,63.68399999999997
42088,204.69
42088,979.306
42088,77.472
42088,1213.9199999999998
42088,1232.716
42088,937.821
42088,62.462999999999994
42088,45.019999999999996
42088,1510.389
42088,1201.43
42088,923.827
42088,18.450999999999993
42088,693.414
42088,901.8340000000001
42088,44.623999999999995
42088,82.255
42088,37.631
42088,857.21
42088,44.962999999999994
42088,128.928
42088,122.922
42088,1407.779
42088,122.922
42088,122.922
42088,122.922
42088,122.922
42088,110.85400000000001
42088,122.922
42088,122.922
42088,663.762
42088,12.067999999999984
42088,12.067999999999984
42088,436.891
42088,50.004999999999995
42088,50.004999999999995
42088,651.694
42088,834.684
42088,1284.857
42088,424.82300000000004
42088,601.6890000000001
42088,1234.8519999999999
42088,876.123
42088,381.0380000000001
42088,333.1310000000001
42088,226.87099999999998
42088,194.77600000000007
42088,182.9899999999999
42088,633.1629999999999
42088,182.9899999999999
42088,182.9899999999999
42088,182.9899999999999
42088,14.689999999999827
42088,14.689999999999827
42088,85.42900000000009
42088,202.99500000000012
42088,295.116
42088,28.07400000000007
42088,28.07400000000007
42088,92.12099999999987
42088,238.1790000000001
42088,168.55100000000016
42088,168.55100000000016
42088,52.28600000000006
42088,45.83400000000006
42088,45.83400000000006
42088,70.43100000000004
42088,8.464999999999918
42088,8.464999999999918
42105,242.958
42105,403.285
42105,1040.055
42105,879.616
42105,884.8589999999999
42105,239.256
42105,201.17399999999998
42105,130.305
42105,130.305
42105,94.726
42105,914.927
42105,98.428
42105,8.787000000000006
42105,947.5140000000001
42105,48.709
42105,48.709
42105,689.0690000000001
42105,52.411
42105,41.388000000000005
42105,41.388000000000005
42105,45.99600000000001
42105,640.36
42105,70.869
42105,42.29400000000001
42105,106.24799999999999
42105,118.03300000000002
42105,158.24099999999999
42105,56.735000000000014
42105,158.24099999999999
42105,56.735000000000014
42105,158.24099999999999
42105,77.673
42105,89.45800000000003
42105,23.079999999999984
42105,23.079999999999984
42105,32.72300000000001
42105,863.239
42105,80.56799999999998
42105,863.239
42105,578.8430000000001
42105,43.134000000000015
42105,296.2130000000001
42105,372.8810000000001
42105,17.013000000000034
42105,552.7220000000001
42105,279.20000000000005
42105,481.51700000000005
42105,481.51700000000005
42105,225.58400000000006
42105,481.51700000000005
42105,279.20000000000005
42105,481.51700000000005
42105,279.20000000000005
42105,225.851
42105,90.32400000000007
42105,400.44900000000007
42105,79.82100000000003
42105,225.851
42105,140.78700000000003
42105,53.615999999999985
42105,202.317
42105,638.323
42105,34.789999999999964
42105,54.19200000000001
42105,60.77600000000007
42105,313.327
42105,20.615999999999985
42105,34.246999999999844
42105,22.855000000000018
42105,6.68100000000004
42105,56.36000000000013
42105,346.9290000000001
42105,105.654
42105,27.368999999999915
42105,27.368999999999915
42105,27.368999999999915
42105,49.01999999999998
42105,49.01999999999998
42105,38.111000000000104
42105,38.111000000000104
42105,48.79299999999989
42105,10.028999999999996
42105,10.028999999999996
42105,10.028999999999996
42105,3.4830000000001746
42105,3.4830000000001746
42105,3.4830000000001746
42105,3.4830000000001746
42105,56.19399999999996
42105,37.485999999999876
42105,37.485999999999876
42106,175.402
42106,142.015
42106,175.402
42106,142.015
42106,480.413
42106,454.52200000000005
42106,75.674
42106,75.674
42106,358.88200000000006
42106,33.387
42106,33.387
42106,33.387
42106,412.235
42106,180.219
42106,180.219
42106,180.219
42106,235.76300000000003
42106,37.134000000000015
42106,116.38
42106,116.38
42106,116.38
42106,877.8380000000001
42106,116.38
42106,198.62900000000002
42106,13.390999999999963
42106,777.5219999999999
42106,506.65
42106,108.13999999999999
42106,215.67100000000005
42106,212.31799999999998
42106,270.87199999999996
42106,16.06399999999985
42131,1223.9699999999998
42131,1895.464
42131,61.727999999999994
42131,1895.464
42131,1543.306
42131,8.917000000000002
42131,8.917000000000002
42131,1541.505
42131,8.917000000000002
42131,1778.8829999999998
42131,1153.3249999999998
42131,1153.3249999999998
42131,33.43000000000001
42131,937.2149999999999
42131,1570.063
42131,477.2660000000001
42131,149.92100000000005
42131,149.92100000000005
42131,34.221000000000004
42131,198.75600000000009
42131,34.221000000000004
42131,34.221000000000004
42131,271.43499999999995
42131,164.53500000000008
42131,164.53500000000008
42131,164.53500000000008
42131,106.89999999999986
42131,128.58899999999994
42131,30.586000000000013
42131,98.00299999999993
42131,98.00299999999993
42131,21.689000000000078
42131,41.871000000000095
42131,45.93600000000015
42131,45.93600000000015
42131,4.065000000000055
42131,4.065000000000055
42131,4.065000000000055
42132,16.328999999999997
42132,878.249
42132,16.328999999999997
42132,450.694
42132,12.808000000000003
42132,12.808000000000003
42132,133.249
42132,89.413
42132,298.134
42132,351.50999999999993
42132,323.71899999999994
42132,529.483
42132,529.483
42132,477.313
42132,879.937
42132,18.1099999999999
42132,733.847
42132,103.625
42132,66.08699999999999
42133,62.156
42133,675.799
42133,814.543
42133,17.098000000000013
42133,701.838
42133,684.74
42133,595.658
42133,483.84000000000003
42133,199.445
42133,199.445
42133,486.18
42133,186.85399999999998
42133,199.445
42133,455.70300000000003
42133,168.96800000000002
42133,136.97200000000004
42133,19.404999999999973
42133,115.84100000000001
42133,115.84100000000001
42133,115.84100000000001
42133,115.84100000000001
42133,4.023000000000025
42133,85.05899999999997
42133,19.994000000000028
42133,85.83500000000004
42142,369.36600000000004
42142,397.59000000000003
42142,306.35400000000004
42142,245.805
42142,329.10999999999996
42142,317.19599999999997
42142,281.96099999999996
42142,281.96099999999996
42142,94.274
42142,71.39099999999996
42149,755.966
42149,5.300999999999998
42149,755.966
42149,10.123000000000001
42149,10.123000000000001
42149,46.831
42149,209.849
42149,209.849
42149,163.01799999999997
42149,45.156000000000006
42149,45.156000000000006
42149,136.75900000000001
42149,133.60200000000003
42149,192.27200000000005
42149,150.27300000000002
42149,150.27300000000002
42149,19.894999999999982
42149,19.894999999999982
42149,19.894999999999982
42149,19.894999999999982
42153,107.315
42153,44.451
42153,44.451
42153,44.451
42153,392.267
42153,544.789
42153,15.725999999999999
42153,24.409999999999997
42153,24.409999999999997
42153,22.762999999999977
42153,76.73600000000005
42153,15.669999999999959
42153,35.615999999999985
42153,35.615999999999985
42153,35.615999999999985
42153,35.615999999999985
42153,35.615999999999985
42153,85.45200000000006
42197,356.832
42197,26.798
42197,356.832
42197,26.798
42197,318.376
42197,924.796
42197,330.034
42197,291.578
42197,227.32
42197,160.115
42197,6.7549999999999955
42197,33.16199999999999
42197,993.749
42197,14.043000000000006
42197,26.406999999999996
42197,979.706
42197,122.53399999999999
42197,571.6679999999999
42197,46.067999999999984
42197,323.622
42197,46.067999999999984
42197,390.091
42197,543.385
42197,102.714
42197,102.714
42197,64.25799999999998
42197,38.45600000000002
42197,38.45600000000002
42197,594.7620000000001
42197,153.70300000000003
42197,153.70300000000003
42197,189.87099999999998
42197,112.53699999999998
42197,286.968
42197,95.89600000000007
42197,95.89600000000007
42197,95.89600000000007
42197,207.89499999999998
42197,95.89600000000007
42197,174.43100000000004
42197,19.527000000000044
42197,19.527000000000044
42197,131.52599999999995
42197,131.52599999999995
42197,111.99899999999991
42197,308.995
42197,308.995
42197,154.904
42197,42.40499999999997
42197,42.40499999999997
42197,42.40499999999997
42197,329.428
42197,55.15600000000006
42197,12.250999999999976
42197,201.7600000000001
42197,47.669000000000096
42197,42.905000000000086
42197,42.905000000000086
42197,42.905000000000086
42197,42.905000000000086
42197,317.177
42197,154.091
42197,274.27199999999993
42197,174.644
42197,174.644
42197,232.87699999999995
42197,17.818000000000097
42197,120.18099999999993
42197,120.18099999999993
42197,120.18099999999993
42227,93.532
42227,93.532
42227,302.996
42227,9.90700000000001
42227,42.303
42227,184.834
42227,9.90700000000001
42227,40.78199999999998
42227,32.39599999999999
42227,8.385999999999996
42227,1184.078
42227,274.98299999999995
42227,1015.5999999999999
42227,83.67500000000001
42227,319.908
42227,36.922000000000025
42227,36.922000000000025
42227,36.922000000000025
42227,36.922000000000025
42227,1110.842
42227,565.142
42227,565.142
42227,368.28
42227,376.77200000000016
42227,491.3910000000001
42227,376.77200000000016
42227,3.4409999999998035
42227,4.541999999999916
42227,54.534999999999854
42227,3.4409999999998035
42227,13.252999999999929
42227,13.252999999999929
42227,41.950000000000045
42227,6.546000000000049
42227,16.894000000000005
42227,14.97700000000009
42227,3.060999999999922
42327,331.46799999999996
42327,150.00900000000001
42327,559.441
42327,57.58000000000001
42327,217.381
42327,97.911
42327,249.718
42327,351.45799999999997
42327,273.888
42327,172.13400000000001
42327,211.899
42327,305.59799999999996
42327,628.408
42327,380.303
42327,228.028
42327,181.45899999999997
42327,450.447
42327,181.45899999999997
42327,272.84700000000004
42327,337.99899999999997
42327,120.572
42327,90.92000000000002
42327,101.75399999999996
42327,179.32399999999996
42327,72.10199999999998
42327,433.89599999999996
42327,254.029
42327,61.988999999999976
42327,330.977
42327,214.264
42327,107.22199999999998
42327,430.03200000000004
42327,77.57
42327,268.988
42327,400.38000000000005
42327,152.27500000000003
42327,371.72999999999996
42327,322.81000000000006
42327,191.418
42327,254.572
42327,74.70500000000004
42327,191.418
42327,74.70500000000004
42327,65.15199999999993
42327,172.40700000000004
42327,41.014999999999986
42327,41.014999999999986
42327,131.39200000000005
42327,63.153999999999996
42327,68.23800000000006
42357,161.57899999999998
42357,161.57899999999998
42357,161.57899999999998
42357,161.57899999999998
42357,161.57899999999998
42357,91.519
42357,142.358
42357,285.663
42357,214.59000000000003
42357,142.358
42357,72.23200000000003
42357,72.23200000000003
42357,143.305
42357,72.23200000000003
42357,71.07299999999998
42357,71.07299999999998
42357,71.07299999999998
42357,71.07299999999998
42357,71.894
42357,129.07399999999996
42357,86.226
42357,306.812
42357,173.22400000000005
42357,204.495
42357,129.07399999999996
42357,173.22400000000005
42357,86.99800000000005
42357,44.15000000000009
42357,177.73800000000006
42357,75.42100000000005
42357,177.73800000000006
42357,31.270999999999958
42357,102.31700000000001
42504,455.913
42504,1315.117
42504,1140.653
42504,84.998
42504,334.955
42504,65.711
42504,181.82999999999998
42504,92.59700000000001
42504,131.563
42504,15.444000000000017
42504,92.59700000000001
42504,131.563
42504,116.11899999999997
42504,77.15299999999999
42504,116.11899999999997
42504,484.72299999999996
42504,945.5780000000001
42504,77.15299999999999
42504,116.11899999999997
42504,1196.833
42504,192.09099999999998
42504,167.83200000000005
42504,153.125
42504,1157.867
42504,167.83200000000005
42504,829.4590000000001
42504,167.83200000000005
42504,167.83200000000005
42504,153.125
42504,14.70700000000005
42504,914.289
42504,14.70700000000005
42504,40.377999999999986
42504,40.377999999999986
42504,40.377999999999986
42504,160.39399999999995
42504,160.39399999999995
42504,43.57800000000003
42504,160.39399999999995
42504,190.72799999999995
42504,116.81599999999992
42504,190.72799999999995
42504,906.079
42504,735.6460000000001
42504,826.099
42504,735.6460000000001
42504,789.263
42504,789.263
42504,698.8100000000001
42504,73.91200000000003
42504,698.8100000000001
42504,343.23400000000004
42504,715.351
42504,715.351
42504,715.351
42504,76.827
42504,76.827
42504,135.46299999999997
42504,75.005
42504,11.69500000000005
42504,526.258
42504,75.005
42504,871.886
42504,63.309999999999945
42504,121.94599999999991
42504,58.63599999999997
42504,58.63599999999997
42504,58.63599999999997
42504,58.63599999999997
42504,58.63599999999997
42504,541.706
42504,483.07000000000005
42504,461.16600000000005
42504,483.07000000000005
42504,43.70900000000006
42504,43.70900000000006
42504,43.70900000000006
42504,328.4079999999999
42504,237.95499999999993
42504,328.4079999999999
42504,328.4079999999999
42504,196.4269999999999
42504,218.3309999999999
42504,98.87799999999993
42504,10.912000000000035
42504,119.45299999999997
42504,97.54899999999998
42504,119.45299999999997
42504,357.15599999999995
42504,90.45299999999997
42504,90.45299999999997
42504,68.54899999999998
42504,21.903999999999996
42504,21.903999999999996
42504,21.903999999999996
42504,21.903999999999996
42504,197.433
42504,145.789
42504,255.17499999999995
42504,17.049999999999955
42504,17.049999999999955
42504,153.18000000000006
42504,57.74199999999996
42504,17.47199999999998
42504,17.47199999999998
42504,43.794000000000096
42505,298.225
42505,344.354
42505,881.7909999999999
42505,344.354
42505,696.175
42505,830.8979999999999
42505,1248.39
42505,46.12899999999996
42505,46.12899999999996
42505,46.12899999999996
42505,766.069
42505,988.95
42505,1117.635
42505,1117.635
42505,1158.767
42505,269.726
42505,218.83299999999997
42505,769.383
42505,506.6690000000001
42505,32.87900000000002
42505,134.72299999999996
42505,807.88
42505,185.61599999999999
42505,134.72299999999996
42505,50.89300000000003
42505,236.9430000000001
42505,182.50300000000004
42505,397.69499999999994
42505,269.01
42505,269.01
42505,214.56999999999994
42505,128.68499999999995
42505,362.88599999999997
42505,122.60699999999997
42505,282.345
42505,88.25299999999993
42505,5.897999999999911
42562,189.928
42562,154.023
42562,467.413
42562,1262.0520000000001
42562,1403.956
42562,277.485
42562,277.485
42562,432.111
42562,277.485
42562,277.485
42562,50.58300000000003
42562,908.825
42562,1034.0729999999999
42562,1034.0729999999999
42562,1015.578
42562,965.025
42562,29.085000000000036
42562,79.49800000000005
42562,986.7020000000001
42562,79.49800000000005
42562,364.26099999999985
42562,364.26099999999985
42562,856.4419999999999
42562,560.515
42562,228.93399999999997
42562,228.93399999999997
42562,228.93399999999997
42562,196.25400000000013
42562,492.18100000000004
42562,259.8570000000002
42562,295.9269999999999
42562,50.76200000000017
42562,50.76200000000017
42562,50.76200000000017
42622,87.017
42622,23.325999999999993
42622,430.045
42622,430.045
42622,180.494
42622,46.58900000000003
42622,107.45800000000003
42622,23.73599999999999
42622,23.73599999999999
42622,23.73599999999999
42622,23.73599999999999
42622,457.919
42622,58.6880000000001
42622,50.825000000000045
42622,50.825000000000045
42626,186.53500000000003
42626,209.482
42626,155.96699999999998
42626,155.96699999999998
42626,155.96699999999998
42626,155.96699999999998
42626,32.214
42626,32.214
42626,152.024
42626,32.214
42626,152.024
42626,32.214
42626,96.86300000000001
42626,119.80999999999999
42626,119.80999999999999
42626,364.53700000000003
42626,232.53500000000003
42626,5.2479999999999905
42626,44.667
42626,22.946999999999974
42626,112.72500000000002
42626,112.72500000000002
42626,51.81200000000001
42626,904.183
42626,492.561
42626,870.5519999999999
42626,1194.556
42626,1192.9950000000001
42626,10.427000000000021
42626,366.85799999999995
42626,31.840000000000032
42626,32.63599999999997
42626,32.63599999999997
42626,579.8749999999999
42626,11.088999999999942
42626,2.141999999999939
42626,216.68000000000006
42626,263.1500000000001
42626,31.468999999999937
42626,31.468999999999937
42626,200.81799999999998
42626,287.98299999999995
42626,128.07799999999997
42626,256.514
42626,128.07799999999997
42626,256.514
42626,256.514
42626,256.514
42626,256.514
42626,24.920999999999935
42626,128.43600000000004
42626,47.926000000000045
42626,41.27100000000007
42626,6.654999999999973
42626,6.654999999999973
42626,85.0039999999999
42626,80.50999999999999
42626,39.815000000000055
42626,80.50999999999999
42626,40.694999999999936
42626,34.15300000000002
42626,155.10799999999995
42626,155.10799999999995
42626,41.65599999999995
42626,41.65599999999995
42626,41.65599999999995
42626,42.419999999999845
42626,11.804999999999836
42653,108.233
42653,57.952000000000005
42653,73.24300000000001
42653,151.76799999999997
42653,177.69599999999997
42653,118.66099999999994
42658,121.097
42658,50.264
42658,59.027
42658,70.833
42658,70.833
42658,70.833
42658,70.833
42658,70.833
42658,70.833
42658,11.805999999999997
42658,11.805999999999997
42658,11.805999999999997
42658,109.08999999999999
42658,97.28399999999999
42658,97.28399999999999
42658,97.28399999999999
42658,182.53099999999998
42658,97.28399999999999
42658,97.28399999999999
42658,97.28399999999999
42658,97.28399999999999
42658,569.291
42658,475.2800000000001
42658,207.98800000000003
42658,17.399
42658,85.24699999999999
42658,85.24699999999999
42658,85.24699999999999
42658,85.24699999999999
42658,85.24699999999999
42658,85.24699999999999
42658,85.24699999999999
42658,85.24699999999999
42658,127.26299999999998
42658,14.512999999999977
42658,127.26299999999998
42658,127.26299999999998
42658,110.72900000000004
42658,110.72900000000004
42658,110.72900000000004
42658,110.72900000000004
42658,110.72900000000004
42658,110.72900000000004
42658,2.020999999999958
42658,124.00600000000003
42658,95.98399999999998
42658,18.451000000000022
42658,18.451000000000022
42658,28.022000000000048
42658,28.022000000000048
42658,28.022000000000048
42658,28.022000000000048
43153,593.752
43153,1896.9599999999998
43153,322.565
43153,950.329
43153,428.16
43153,1847.0449999999998
43153,1847.0449999999998
43153,194.478
43153,1529.059
43153,128.087
43153,1102.477
43153,233.68200000000002
43153,1535.3410000000001
43153,911.5130000000001
43153,1535.3410000000001
43153,592.836
43153,405.24500000000006
43153,592.836
43153,21.62900000000002
43153,1574.395
43153,105.59500000000003
43153,257.556
43153,105.59500000000003
43153,383.61600000000004
43153,155.07100000000003
43153,155.07100000000003
43153,257.556
43153,465.612
43153,49.476
43153,127.33800000000002
43153,628.355
43153,819.319
43153,416.136
43153,102.48499999999996
43153,1117.472
43153,102.16899999999998
43153,338.274
43153,550.493
43153,1014.9870000000001
43153,313.65100000000007
43153,313.65100000000007
43153,1014.9870000000001
43153,313.65100000000007
43153,448.32400000000007
43153,639.288
43153,448.32400000000007
43153,48.51400000000001
43153,399.81000000000006
43153,888.927
43153,669.0099999999999
43153,669.0099999999999
43153,399.81000000000006
43153,244.1479999999999
43153,590.774
43153,1190.779
43153,187.591
43153,56.5569999999999
43153,121.14899999999989
43153,121.14899999999989
43153,403.183
43153,155.66200000000015
43153,155.66200000000015
43153,64.59199999999998
43153,16.803999999999974
43153,389.07799999999986
43153,310.842
43153,894.0429999999999
43153,103.07400000000007
43153,200.40100000000007
43153,882.039
43153,91.07000000000016
43153,200.40100000000007
43153,200.40100000000007
43153,109.3309999999999
43153,741.0539999999999
43153,109.3309999999999
43153,109.3309999999999
43153,81.63300000000004
43153,81.63300000000004
43153,81.63300000000004
43153,81.63300000000004
43153,81.63300000000004
43153,78.23599999999988
43153,532.4749999999999
43153,532.4749999999999
43153,61.61400000000003
43153,219.91700000000014
43153,219.91700000000014
43153,219.91700000000014
43153,521.769
43153,219.91700000000014
43153,158.3030000000001
43153,158.3030000000001
43153,158.3030000000001
43153,158.3030000000001
43153,158.3030000000001
43153,22.376999999999953
43153,22.376999999999953
43153,6.282000000000153
43153,67.52999999999997
43153,67.52999999999997
43153,67.52999999999997
43153,67.52999999999997
43153,49.914999999999964
43153,49.914999999999964
43153,15.134000000000015
43153,15.134000000000015
43154,556.845
43154,556.845
43154,556.845
43154,819.132
43154,556.845
43154,819.132
43154,556.845
43154,1922.531
43154,113.91899999999998
43154,369.679
43154,664.2659999999998
43154,1152.53
43154,784.153
43154,57.83100000000002
43154,57.83100000000002
43154,148.36799999999994
43154,902.821
43154,57.83100000000002
43154,57.83100000000002
43154,255.76
43154,148.36799999999994
43154,90.53699999999992
43154,1136.355
43154,492.51599999999985
43154,197.92899999999997
43154,90.53699999999992
43154,90.53699999999992
43154,90.53699999999992
43154,1310.5100000000002
43154,316.129
43154,107.39200000000005
43154,316.129
43154,316.129
43154,107.39200000000005
43154,1127.279
43154,782.851
43154,208.73699999999997
43154,782.851
43154,294.5869999999999
43154,208.73699999999997
43154,1203.118
43154,782.851
43154,205.70399999999995
43154,205.70399999999995
43154,558.1780000000001
43154,1341.6119999999999
43154,86.38799999999992
43154,292.125
43154,524.712
43154,172.23799999999983
43154,86.38799999999992
43154,86.38799999999992
43154,172.23799999999983
43154,270.2189999999998
43154,660.502
43154,574.114
43154,85.84999999999991
43154,643.8390000000002
43154,643.8390000000002
43154,643.8390000000002
43154,488.2640000000001
43154,488.2640000000001
43154,390.28300000000013
43154,1071.393
43154,83.45299999999997
43154,83.45299999999997
43154,83.45299999999997
43154,83.45299999999997
43154,483.16499999999996
43154,83.45299999999997
43154,368.37699999999995
43154,173.72599999999989
43154,90.27299999999991
43154,284.924
43154,90.27299999999991
43154,90.27299999999991
43154,171.231
43154,90.27299999999991
43154,535.779
43154,194.65100000000007
43154,110.23299999999995
43154,614.9180000000001
43154,110.23299999999995
43154,51.371999999999844
43154,291.365
43154,51.371999999999844
43154,29.274999999999864
43154,29.274999999999864
43154,350.72900000000004
43154,84.41800000000012
43154,854.4190000000001
43154,84.41800000000012
43154,199.20600000000013
43154,114.78800000000001
43154,155.57500000000005
43154,420.26700000000005
43154,770.001
43154,831.9069999999999
43154,155.57500000000005
43154,114.78800000000001
43154,1563.599
43154,40.787000000000035
43154,40.787000000000035
43154,774.4949999999999
43154,614.4259999999999
43154,183.231
43154,13.81899999999996
43154,13.81899999999996
43154,169.41200000000003
43154,430.2549999999999
43154,169.41200000000003
43154,581.0519999999999
43154,581.0519999999999
43154,446.4469999999999
43154,1240.0449999999998
43154,96.71299999999997
43154,96.71299999999997
43154,137.41899999999987
43154,137.41899999999987
43154,137.41899999999987
43154,1371.0879999999997
43154,137.41899999999987
43154,137.41899999999987
43154,46.45899999999983
43154,1135.967
43154,1135.967
43154,150.79700000000003
43154,297.212
43154,19.86700000000019
43154,106.96500000000015
43154,790.8499999999999
43154,209.95299999999997
43154,25.192000000000007
43154,25.192000000000007
43154,25.192000000000007
43154,252.1529999999998
43154,252.1529999999998
43154,61.90599999999995
43154,630.2400000000002
43154,703.752
43154,122.85500000000002
43154,98.16300000000001
43154,122.85500000000002
43154,633.529
43154,532.0770000000002
43154,320.1489999999999
43154,113.65300000000025
43154,67.39199999999983
43154,113.65300000000025
43154,341.6560000000004
43154,181.80399999999963
43154,181.80399999999963
43154,94.35699999999997
43154,495.18399999999974
43154,87.44699999999966
43154,87.44699999999966
43154,87.44699999999966
43154,113.59100000000035
43154,113.59100000000035
43154,113.59100000000035
43154,98.33699999999999
43154,98.33699999999999
43154,82.81500000000005
43154,27.940000000000055
43154,198.60300000000007
43154,13.788000000000011
43154,37.86500000000024
43154,141.52100000000019
43154,123.76600000000008
43154,20.110000000000127
43154,103.65599999999995
43154,103.65599999999995
43154,103.65599999999995
43154,103.65599999999995
43154,54.152000000000044
43154,25.722000000000207
43159,1253.996
43159,355.813
43159,1253.996
43159,937.969
43159,1253.996
43159,1253.996
43159,96.809
43159,222.79600000000002
43159,1253.996
43159,220.86699999999996
43159,2436.254
43159,916.01
43159,688.402
43159,2702.831
43159,609.338
43159,73.83700000000002
43159,1532.676
43159,1721.153
43159,432.229
43159,168.71699999999998
43159,73.83700000000002
43159,789.01
43159,1559.935
43159,609.338
43159,562.415
43159,562.415
43159,1486.098
43159,1486.098
43159,1031.2
43159,133.01699999999997
43159,1486.098
43159,38.137
43159,467.535
43159,1136.443
43159,440.62100000000004
43159,1098.306
43159,657.006
43159,657.006
43159,1098.306
43159,1605.862
43159,657.006
43159,898.1830000000001
43159,1127.7060000000001
43159,872.9309999999999
43159,204.02300000000002
43159,26.913999999999987
43159,495.69900000000007
43159,26.913999999999987
43159,227.60799999999995
43159,618.509
43159,468.7850000000001
43159,395.60799999999995
43159,468.7850000000001
43159,468.7850000000001
43159,668.9079999999999
43159,74.84999999999991
43159,74.84999999999991
43159,74.84999999999991
43159,1279.7160000000001
43159,316.02700000000004
43159,168.0
43159,168.0
43159,241.17700000000013
43159,696.075
43159,241.17700000000013
43159,73.17700000000013
43159,1618.8210000000001
43159,1618.8210000000001
43159,73.17700000000013
43159,73.17700000000013
43159,528.075
43159,73.17700000000013
43159,528.075
43159,2405.469
43159,1279.0669999999998
43159,454.8979999999999
43159,1279.0669999999998
43159,1279.0669999999998
43159,50.39899999999989
43159,50.39899999999989
43159,50.39899999999989
43159,557.9549999999999
43159,254.7750000000001
43159,254.7750000000001
43159,254.7750000000001
43159,2302.001
43159,415.99300000000017
43159,254.7750000000001
43159,1345.5210000000002
43159,188.4770000000001
43159,252.78099999999995
43159,1367.3429999999998
43159,508.79100000000017
43159,824.1689999999999
43159,1931.547
43159,1065.4270000000001
43159,508.79100000000017
43159,289.9480000000001
43159,91.56299999999987
43159,289.9480000000001
43159,289.9480000000001
43159,837.9650000000001
43159,812.6460000000002
43159,571.3879999999999
43159,1697.79
43159,837.9650000000001
43159,256.0100000000002
43159,837.9650000000001
43159,837.9650000000001
43159,1697.79
43159,373.0029999999997
43159,639.5799999999999
43159,614.261
43159,373.0029999999997
43159,916.1769999999997
43159,373.0029999999997
43159,315.3779999999997
43159,315.3779999999997
43159,315.3779999999997
43159,315.3779999999997
43159,11.3449999999998
43159,252.60300000000007
43159,252.60300000000007
43159,252.60300000000007
43159,932.4880000000003
43159,266.5770000000002
43159,932.4880000000003
43159,1223.0570000000002
43159,543.174
43159,25.31899999999996
43159,25.31899999999996
43159,191.84799999999996
43159,859.8249999999998
43159,840.8009999999999
43159,665.9110000000001
43159,84.7489999999998
43159,667.9769999999999
43159,84.7489999999998
43159,389.3140000000003
43159,389.3140000000003
43159,583.2280000000001
43159,368.32400000000007
43159,174.88999999999987
43159,193.91399999999976
43159,19.023999999999887
43159,19.023999999999887
43159,162.71900000000005
43159,96.6550000000002
43159,66.06399999999985
43162,389.78799999999995
43162,21.997
43162,19.13500000000002
43162,19.13500000000002
43162,19.13500000000002
43162,19.13500000000002
43162,71.21000000000001
43162,158.06899999999996
43211,712.909
43211,71.595
43211,229.345
43211,1472.136
43211,1041.881
43211,1261.9560000000001
43211,418.06899999999996
43211,876.978
43211,1162.569
43211,163.673
43211,429.446
43211,423.523
43211,108.71199999999999
43211,894.9200000000001
43211,301.07500000000005
43211,106.50299999999999
43211,208.30800000000005
43211,1021.653
43211,208.30800000000005
43211,54.11799999999994
43211,25.496999999999957
43211,549.876
43211,549.876
43211,846.3140000000001
43211,165.36200000000008
43211,165.36200000000008
43211,165.36200000000008
43211,16.297000000000025
43211,208.303
43211,70.30199999999991
43211,70.30199999999991
43211,70.30199999999991
43211,15.330999999999904
43211,15.330999999999904
43211,121.70400000000006
43211,181.61500000000012
43211,121.70400000000006
43211,460.32500000000005
43211,163.88699999999994
43211,400.414
43211,400.414
43211,103.97599999999989
43211,400.414
43211,103.97599999999989
43211,201.98199999999997
43211,177.76599999999985
43211,177.76599999999985
43211,141.77599999999984
43211,152.27600000000007
43211,152.27600000000007
43211,3.3810000000000855
43211,3.3810000000000855
43219,253.02100000000002
43219,37.855
43219,603.8770000000001
43219,89.86000000000001
43219,89.86000000000001
43219,89.86000000000001
43219,90.144
43219,125.306
43219,125.306
43219,125.306
43219,52.962999999999994
43219,73.99499999999998
43219,305.0659999999999
43219,44.97800000000001
43219,186.09299999999996
43219,96.673
43219,186.09299999999996
43219,96.673
43219,63.31700000000001
43219,63.31700000000001
43233,1558.695
43233,21.906999999999925
43233,2.8029999999999973
43233,188.187
43233,686.607
43233,452.1579999999999
43233,452.1579999999999
43233,597.3900000000001
43233,517.125
43233,18.75999999999999
43233,18.75999999999999
43233,18.75999999999999
43233,507.50800000000004
43233,12.30399999999986
43233,17.210000000000036
43233,376.6110000000001
43233,17.210000000000036
43233,359.40100000000007
43233,11.690000000000055
43233,142.836
43233,140.289
43233,14.045000000000073
43235,1060.2930000000001
43235,612.1360000000001
43235,612.1360000000001
43235,676.767
43235,1176.838
43235,2208.743
43235,669.162
43235,55.003000000000014
43235,197.46599999999998
43235,406.163
43235,406.163
43235,244.76899999999998
43235,614.159
43235,737.3399999999999
43235,47.303
43235,47.303
43235,2139.81
43235,47.303
43235,1430.68
43235,1672.869
43235,207.99599999999998
43235,207.99599999999998
43235,64.63099999999997
43235,64.63099999999997
43235,143.365
43235,266.54599999999994
43235,350.178
43235,140.38400000000001
43235,143.365
43235,350.178
43235,350.178
43235,123.18099999999993
43235,120.18099999999993
43235,206.813
43235,1599.936
43235,83.63200000000006
43235,354.1099999999999
43235,883.4190000000001
43235,166.37900000000013
43235,166.37900000000013
43235,639.104
43235,995.8149999999998
43235,588.0059999999999
43235,356.664
43235,525.5939999999998
43235,525.5939999999998
43235,356.664
43235,289.49199999999996
43235,449.3489999999997
43235,449.3489999999997
43235,280.41899999999987
43235,8.123999999999796
43235,99.30199999999968
43235,67.17200000000003
43235,91.17799999999988
43235,236.10199999999986
43235,28.25099999999975
43235,26.428999999999633
43235,168.92999999999984
43235,24.005999999999858
43235,144.92399999999998
43244,863.55
43244,480.962
43244,863.55
43244,347.651
43244,1528.6319999999998
43244,673.274
43244,5.641999999999996
43244,5.641999999999996
43244,660.72
43244,232.66300000000004
43244,232.66300000000004
43244,336.60900000000004
43244,515.899
43244,90.48500000000001
43244,90.48500000000001
43244,430.33500000000004
43244,425.414
43244,425.414
43244,425.414
43244,42.825999999999965
43244,925.935
43244,194.228
43244,315.719
43244,229.8259999999999
43244,864.8149999999999
43244,903.82
43244,78.971
43244,17.746999999999957
43244,91.64200000000005
43244,807.1020000000001
43244,66.86900000000003
43244,782.3290000000001
43244,543.347
43244,495.2919999999999
43244,242.99700000000007
43244,70.88400000000001
43400,37.704
43400,37.704
43400,305.492
43400,267.788
43400,427.215
43400,28.331999999999994
43400,55.26599999999999
43400,55.26599999999999
43400,255.79500000000002
43400,43.230999999999995
43400,43.230999999999995
43400,137.13099999999997
43400,116.19599999999997
43400,93.89999999999998
43400,93.89999999999998
43400,22.295999999999992
43400,22.295999999999992
43400,80.17700000000002
43400,80.17700000000002
43400,38.59500000000003
43400,49.115999999999985
43400,49.115999999999985
43400,49.115999999999985
43447,104.33200000000001
43447,104.33200000000001
43447,327.056
43447,104.33200000000001
43447,1141.9
43447,104.33200000000001
43447,104.33200000000001
43447,430.365
43447,430.365
43447,222.724
43447,207.87100000000004
43447,528.887
43447,207.64100000000002
43447,207.64100000000002
43447,528.887
43447,207.64100000000002
43447,528.887
43447,207.64100000000002
43447,160.64200000000005
43447,160.60399999999993
43447,339.06399999999996
43447,339.06399999999996
43447,339.06399999999996
43447,339.06399999999996
43447,298.57500000000005
43447,34.874000000000024
43447,34.874000000000024
43447,178.46000000000004
43447,107.49700000000007
43447,107.49700000000007
43447,22.256000000000085
43447,22.256000000000085
43527,526.117
43527,19.37400000000001
43527,169.642
43527,255.98699999999997
43527,21.63299999999998
43527,21.63299999999998
43527,268.554
43527,85.10500000000002
43527,158.63600000000002
43527,161.81599999999997
43527,13.103000000000065
43527,13.103000000000065
43527,3.17999999999995
43623,2.221
43623,553.7769999999999
43623,416.80199999999996
43623,854.047
43623,330.417
43623,467.39199999999994
43623,330.417
43623,767.662
43623,330.417
43623,85.47499999999997
43623,222.44999999999993
43623,85.47499999999997
43623,85.47499999999997
43623,136.97499999999997
43623,437.24500000000006
43623,437.24500000000006
43623,23.479999999999905
43623,300.2700000000001
43623,153.36400000000003
43623,82.52699999999993
43623,82.52699999999993
43623,82.52699999999993
43623,82.52699999999993
43623,82.52699999999993
43623,82.52699999999993
43623,82.52699999999993
43623,229.433
43623,146.90600000000006
43623,146.90600000000006
43623,146.90600000000006
43623,146.90600000000006
43623,146.90600000000006
43623,146.90600000000006
43623,146.90600000000006
43623,146.90600000000006
43623,146.90600000000006
43623,109.86699999999996
43623,65.72000000000003
43623,65.72000000000003
43623,50.30799999999999
43633,17.601000000000003
43633,17.601000000000003
43633,51.385999999999996
43633,51.385999999999996
43633,51.385999999999996
43633,51.385999999999996
43670,762.7850000000001
43670,566.8290000000001
43670,566.8290000000001
43670,117.13699999999997
43670,39.893
43670,497.63400000000007
43670,2207.384
43670,389.374
43670,111.55199999999996
43670,389.374
43670,1212.838
43670,1987.5720000000001
43670,222.57200000000006
43670,48.843000000000075
43670,1901.2909999999997
43670,25.98199999999997
43670,1104.9899999999998
43670,114.72400000000005
43670,169.97400000000005
43670,55.25
43670,529.5249999999999
43670,148.49599999999998
43670,474.27499999999986
43670,148.49599999999998
43670,474.27499999999986
43670,383.05099999999993
43670,25.29600000000005
43670,351.07499999999993
43670,25.29600000000005
43670,259.851
43670,325.7789999999999
43670,234.55499999999995
43670,1890.411
43670,325.7789999999999
43670,325.7789999999999
43670,325.7789999999999
43670,91.22399999999993
43670,91.22399999999993
43670,1564.6320000000003
43670,1182.2169999999999
43670,155.8130000000001
43670,1564.6320000000003
43670,1564.6320000000003
43670,1512.4580000000003
43670,21.410000000000082
43670,21.410000000000082
43670,21.410000000000082
43670,283.5179999999998
43670,283.5179999999998
43670,1304.516
43670,692.7159999999999
43670,103.61699999999996
43670,692.7159999999999
43670,1106.2830000000001
43670,1434.3569999999997
43670,478.76800000000026
43670,478.76800000000026
43670,20.278999999999996
43670,114.375
43670,20.278999999999996
43670,881.277
43670,174.73700000000008
43670,14.963999999999942
43670,14.963999999999942
43670,272.8670000000002
43670,52.146000000000186
43670,165.24000000000024
43670,52.146000000000186
43670,52.146000000000186
43670,52.146000000000186
43670,113.09400000000005
43670,113.09400000000005
43670,849.9319999999998
43670,7.706000000000131
43670,118.03699999999981
43670,156.2779999999998
43670,110.33099999999968
43670,110.33099999999968
43670,156.2779999999998
43670,295.9659999999999
43670,295.9659999999999
43670,45.947000000000116
43670,431.89900000000034
43670,45.947000000000116
43670,316.33100000000013
43670,139.6880000000001
43670,139.6880000000001
43670,86.42999999999984
43670,53.258000000000266
43670,256.6420000000003
43670,53.258000000000266
43670,53.258000000000266
43670,186.73200000000043
43670,53.258000000000266
43670,133.47400000000016
43670,133.47400000000016
43670,26.740999999999985
43670,73.59900000000016
43670,312.0849999999996
43670,299.99599999999964
43670,269.2769999999996
43670,269.2769999999996
43670,166.15899999999965
43670,166.15899999999965
43670,20.297000000000025
43670,20.297000000000025
43670,63.73499999999967
43670,12.790999999999713
43670,12.790999999999713
43670,50.94399999999996
43670,2.080999999999676
43700,99.169
43700,283.09499999999997
43700,197.82
43700,57.23100000000001
43700,57.23100000000001
43700,253.58999999999997
43700,19.12100000000001
43700,19.12100000000001
43700,196.35899999999998
43700,69.66399999999999
43700,13.894000000000005
43700,69.66399999999999
43700,138.462
43700,55.76999999999998
43700,55.76999999999998
43700,211.644
43700,16.02600000000001
43700,155.87400000000002
43700,155.87400000000002
43700,102.76499999999999
43700,15.688999999999965
43700,15.688999999999965
43700,9.739000000000033
43700,102.31299999999999
43700,267.462
43700,172.769
43700,94.24900000000002
43700,86.34900000000005
43700,7.899999999999977
43700,157.24900000000002
43700,15.399999999999977
43700,15.399999999999977
43700,18.15700000000004
43700,18.15700000000004
43701,21.874000000000024
43701,22.97700000000009
43701,299.79600000000016
43701,276.8190000000001
43701,276.8190000000001
43701,20.458000000000084
43827,99.684
43827,99.684
43827,1553.367
43827,99.684
43827,320.51599999999996
43827,233.657
43827,320.51599999999996
43827,961.883
43827,320.51599999999996
43827,184.496
43827,296.24300000000005
43827,512.099
43827,320.51599999999996
43827,320.51599999999996
43827,67.04700000000003
43827,17.886000000000024
43827,67.04700000000003
43827,49.161
43827,49.161
43827,136.01999999999998
43827,49.161
43827,1113.3429999999998
43827,1113.3429999999998
43827,86.85899999999998
43827,86.85899999999998
43827,899.359
43827,86.85899999999998
43827,491.846
43827,978.871
43827,86.85899999999998
43827,1157.44
43827,1041.6329999999998
43827,24.272999999999968
43827,191.58300000000003
43827,892.012
43827,577.79
43827,479.60600000000005
43827,479.60600000000005
43827,885.329
43827,59.55200000000002
43827,59.55200000000002
43827,1001.136
43827,885.329
43827,272.956
43827,213.404
43827,1097.2330000000002
43827,213.404
43827,825.7769999999999
43827,236.38
43827,172.803
43827,728.18
43827,183.35699999999997
43827,21.596000000000004
43827,559.3499999999999
43827,98.18399999999997
43827,506.797
43827,537.7539999999999
43827,98.18399999999997
43827,428.3940000000001
43827,63.577
43827,439.56999999999994
43827,484.53700000000003
43827,375.99299999999994
43827,375.99299999999994
43827,660.7049999999999
43827,415.4440000000002
43827,386.5820000000001
43827,241.15499999999997
43827,30.95699999999988
43827,30.95699999999988
43827,115.80700000000002
43827,115.80700000000002
43827,33.26499999999987
43827,33.26499999999987
43827,155.64900000000011
43828,173.63
43828,104.58099999999999
43828,1024.049
43828,104.58099999999999
43828,69.049
43828,69.049
43828,91.767
43828,552.572
43828,91.767
43828,22.71799999999999
43828,850.419
43828,22.71799999999999
43828,22.71799999999999
43828,22.71799999999999
43828,199.18500000000003
43828,338.134
43828,12.427000000000021
43828,133.84900000000005
43828,151.37599999999998
43828,261.62
43828,17.52699999999993
43828,17.52699999999993
43828,17.52699999999993
43828,280.7919999999999
43828,263.265
43828,122.67100000000005
43828,328.712
43828,188.11800000000005
43828,17.74700000000007
43890,68.96000000000001
43890,36.611
43890,54.359
43890,21.816999999999993
43890,54.857
43890,86.20299999999997
43890,135.63300000000004
43890,8.644000000000005
43991,293.64599999999996
43991,1095.16
43991,1095.16
43991,89.295
43991,277.41499999999996
43991,27.146000000000015
43991,115.39599999999999
43991,160.97399999999996
43991,627.395
43991,160.97399999999996
43991,963.6479999999999
43991,115.39599999999999
43991,115.39599999999999
43991,627.395
43991,45.577999999999975
43991,45.577999999999975
43991,1376.795
43991,817.7450000000001
43991,246.97800000000007
43991,246.97800000000007
43991,409.73300000000006
43991,105.75599999999997
43991,105.75599999999997
43991,24.916999999999916
43991,24.916999999999916
43991,785.028
43991,24.916999999999916
43991,351.32400000000007
43991,760.1110000000001
43991,720.1580000000001
43991,864.796
43991,171.8280000000001
43991,627.9620000000001
43991,656.868
43991,732.647
43991,1537.477
43991,18.93399999999997
43991,1345.568
43991,1519.2170000000003
43991,539.077
43991,201.46299999999997
43991,56.60799999999995
43991,202.55899999999997
43991,191.89700000000016
43991,24.526000000000067
43991,219.77099999999996
43991,158.3979999999999
43991,145.95100000000002
43991,236.23000000000002
43991,207.32400000000007
43991,21.420000000000073
43991,21.420000000000073
43991,21.420000000000073
43991,68.85899999999992
43991,68.85899999999992
43991,130.28999999999996
43991,28.90599999999995
43991,28.90599999999995
43991,25.605000000000018
43991,123.34199999999987
43991,131.394
43991,97.73699999999985
43991,660.0259999999998
43991,54.77800000000002
43991,22.311999999999898
43991,22.311999999999898
43991,640.3920000000003
43991,24.391000000000076
43991,233.08600000000024
43991,233.08600000000024
43991,295.953
43991,233.08600000000024
43991,106.30299999999988
43991,106.30299999999988
43991,106.30299999999988
43991,87.4369999999999
43991,62.866999999999734
43991,43.43600000000015
43991,130.2130000000002
43991,21.439000000000306
43991,84.625
43991,14.016000000000076
43991,14.016000000000076
43991,7.30600000000004
43991,7.30600000000004
43992,185.96599999999998
43992,597.1700000000001
43992,643.4390000000001
43992,394.85900000000004
43992,72.28300000000002
43992,72.28300000000002
43992,29.938000000000045
43992,265.21000000000004
43992,44.960000000000036
43992,14.076999999999998
43992,10.44599999999997
43992,45.485000000000014
43992,290.03099999999995
43992,720.5440000000001
43992,43.825999999999965
43992,16.70500000000004
43992,35.039000000000044
43992,3.8980000000000246
43992,22.232000000000028
43992,3.8980000000000246
43992,18.334000000000003
43992,18.334000000000003
43992,8.78699999999992
43992,8.78699999999992
43992,174.765
43992,174.765
43992,165.97800000000007
43992,165.97800000000007
43992,180.04200000000003
43992,666.2720000000002
43992,214.69500000000005
43992,11.526000000000067
43992,1493.813
43992,347.5669999999999
43992,550.0029999999999
43992,660.5550000000001
43992,6.544999999999959
43992,47.865999999999985
43992,33.80200000000002
43992,4.262000000000057
43992,14.063999999999965
43992,500.2940000000001
43992,88.26200000000006
43992,88.26200000000006
43992,88.26200000000006
43992,88.26200000000006
43992,88.26200000000006
43992,550.4270000000001
43992,32.54500000000007
43992,144.3979999999999
43992,397.9680000000001
43992,407.3299999999999
43992,38.30499999999995
43992,750.828
43992,750.828
43992,164.55200000000013
43992,5.138000000000147
43992,527.1329999999998
43992,159.414
43992,4.003000000000156
43992,4.003000000000156
43992,4.003000000000156
43992,4.003000000000156
43992,515.1039999999998
43992,908.6209999999999
43992,908.6209999999999
43992,908.6209999999999
43992,908.6209999999999
43992,119.91399999999999
43992,238.49
43992,238.49
43992,127.93799999999987
43992,113.04899999999998
43992,22.610999999999876
43992,262.3919999999998
43992,252.66800000000012
43992,239.78099999999995
43992,341.73199999999997
43992,12.887000000000171
44129,2228.5860000000002
44129,1359.275
44129,79.87599999999999
44129,77.295
44129,6.370999999999995
44129,71.684
44129,71.684
44129,71.684
44129,71.684
44129,746.5179999999999
44129,412.05999999999995
44129,602.409
44129,20.38499999999999
44129,2831.5879999999997
44129,298.659
44129,1067.183
44129,218.914
44129,325.36199999999997
44129,33.57099999999997
44129,33.57099999999997
44129,111.90799999999996
44129,2724.582
44129,2691.011
44129,158.082
44129,291.791
44129,291.791
44129,4.301000000000045
44129,12.019999999999982
44129,185.69099999999997
44129,185.69099999999997
44129,332.766
44129,820.5060000000001
44129,820.5060000000001
44129,2532.9289999999996
44129,90.435
44129,2532.9289999999996
44129,133.709
44129,552.946
44129,43.274
44129,2442.4939999999997
44129,2442.4939999999997
44129,43.274
44129,2399.22
44129,291.18399999999997
44129,2399.22
44129,144.10899999999992
44129,487.74
44129,1323.4910000000002
44129,2108.036
44129,343.6310000000001
44129,343.6310000000001
44129,1105.0030000000002
44129,1726.13
44129,1726.13
44129,1726.13
44129,125.14300000000003
44129,125.14300000000003
44129,207.33400000000006
44129,1764.4049999999997
44129,96.78500000000008
44129,96.78500000000008
44129,1072.01
44129,534.4159999999999
44129,534.4159999999999
44129,1072.01
44129,534.4159999999999
44129,534.4159999999999
44129,534.4159999999999
44129,385.2249999999999
44129,385.2249999999999
44129,149.19100000000003
44129,149.19100000000003
44129,149.19100000000003
44129,149.19100000000003
44129,147.23700000000008
44129,859.2370000000001
44129,238.11000000000013
44129,238.11000000000013
44129,347.3739999999998
44129,90.87300000000005
44129,90.87300000000005
44129,200.13699999999972
44129,90.87300000000005
44129,90.87300000000005
44129,200.13699999999972
44129,90.87300000000005
44129,621.127
44129,299.4839999999999
44129,190.22000000000025
44129,190.22000000000025
44129,190.22000000000025
44129,166.52599999999984
44129,485.0609999999997
44129,321.64300000000003
44129,321.64300000000003
44129,321.64300000000003
44129,163.41799999999967
44129,163.41799999999967
44129,163.41799999999967
44129,163.41799999999967
44129,20.764000000000124
44129,45.307000000000244
44129,24.54300000000012
44129,24.54300000000012
44129,24.54300000000012
44129,6.199000000000069
44296,756.051
44296,109.76299999999999
44296,183.77599999999998
44296,1339.4650000000001
44296,1012.514
44296,109.76299999999999
44296,398.16499999999996
44296,68.032
44296,68.032
44296,5.9809999999999945
44296,5.9809999999999945
44296,5.9809999999999945
44296,1352.8799999999999
44296,120.81700000000004
44296,120.81700000000004
44296,790.7949999999998
44296,798.1009999999999
44296,786.5139999999999
44296,141.97799999999995
44296,75.26599999999996
44296,47.27799999999996
44296,75.26599999999996
44296,217.082
44296,27.988
44296,89.34499999999997
44296,89.34499999999997
44296,65.76099999999997
44296,38.87700000000001
44296,34.47300000000001
44296,34.47300000000001
44296,127.89699999999999
44296,127.89699999999999
44296,26.883999999999958
44296,610.0629999999999
44296,101.01300000000003
44296,101.01300000000003
44296,101.01300000000003
44296,20.553999999999974
44296,20.553999999999974
44296,20.553999999999974
44296,20.553999999999974
44296,489.472
44296,611.664
44296,489.472
44296,256.46299999999997
44296,27.53800000000001
44296,57.668000000000006
44296,57.668000000000006
44296,57.668000000000006
44296,57.668000000000006
44296,314.82399999999996
44296,385.6139999999999
44296,256.1159999999999
44296,6.265999999999963
44296,874.5310000000001
44296,171.25699999999995
44296,171.25699999999995
44296,257.15599999999995
44296,257.15599999999995
44296,379.34799999999996
44296,257.15599999999995
44296,257.15599999999995
44296,85.899
44296,85.899
44296,85.899
44296,85.899
44296,60.192999999999984
44296,6.8409999999998945
44296,122.19200000000001
44296,72.73299999999995
44296,72.73299999999995
44296,316.05099999999993
44296,154.21299999999997
44296,197.1909999999998
44296,197.1909999999998
44296,35.35299999999984
44296,161.83799999999997
44296,161.83799999999997
44296,334.7040000000002
44296,160.17600000000016
44296,1.6619999999998072
44296,1.6619999999998072
44367,4.244
44367,4.244
44367,4.244
44367,4.244
44367,13.402999999999999
44367,85.92699999999999
44367,14.302000000000021
44367,5.2450000000000045
44367,42.095999999999975
44367,429.055
44367,110.13
44367,130.84500000000003
44367,130.84500000000003
44367,44.144000000000005
44367,40.841999999999985
44367,442.4
44367,442.4
44367,40.58200000000005
44367,40.58200000000005
44367,3.302000000000021
44367,362.23599999999993
44367,273.219
44367,6.823999999999955
44367,6.823999999999955
44367,82.19000000000005
44367,6.3840000000000146
44367,128.59899999999993
44371,1195.226
44371,617.834
44371,957.3059999999999
44371,14.463000000000008
44371,14.463000000000008
44371,296.071
44371,14.463000000000008
44371,307.923
44371,13.941999999999979
44371,13.941999999999979
44371,739.085
44371,46.56999999999999
44371,77.87100000000004
44371,77.87100000000004
44371,242.46000000000004
44371,111.13100000000003
44371,195.89000000000004
44371,195.89000000000004
44371,111.13100000000003
44371,111.13100000000003
44371,224.79999999999995
44371,79.82999999999998
44371,224.79999999999995
44371,164.589
44371,58.44400000000002
44371,58.44400000000002
44371,58.44400000000002
44371,259.39599999999996
44371,58.44400000000002
44371,60.210999999999956
44371,140.74099999999999
44371,23.931999999999903
44371,23.931999999999903
44371,100.55599999999993
44371,87.24899999999991
44371,23.931999999999903
44371,63.31700000000001
44371,63.31700000000001
44371,76.62400000000002
44371,63.31700000000001
44371,63.31700000000001
44371,61.80600000000004
44371,61.80600000000004
44371,74.02999999999997
44371,12.223999999999933
44371,389.379
44371,27.826999999999998
44371,120.23599999999999
44371,92.40899999999999
44371,19.033000000000015
44371,109.04800000000012
44371,32.4430000000001
44371,125.0200000000001
44371,109.04800000000012
44371,125.0200000000001
44371,92.577
44371,76.60500000000002
44371,76.60500000000002
44371,76.60500000000002
44371,92.577
44371,92.577
44371,92.577
44371,15.97199999999998
44371,15.97199999999998
44394,5.562
44394,21.744000000000003
44394,21.744000000000003
44394,1098.4330000000002
44394,1076.689
44394,381.116
44394,89.35999999999999
44394,897.807
44394,1017.2220000000001
44394,156.385
44394,133.15500000000003
44394,433.314
44394,291.75600000000003
44394,808.4470000000001
44394,987.3290000000002
44394,6.663000000000011
44394,854.1740000000001
44394,358.34299999999996
44394,675.292
44394,854.1740000000001
44394,33.37800000000004
44394,33.37800000000004
44394,33.37800000000004
44394,199.74199999999996
44394,695.5730000000001
44394,199.74199999999996
44394,141.558
44394,199.74199999999996
44394,141.558
44394,554.0150000000001
44394,375.13300000000004
44394,495.83100000000013
44394,38.216999999999985
44394,180.35000000000002
44394,180.35000000000002
44394,180.35000000000002
44394,37.34000000000003
44394,37.34000000000003
44394,37.34000000000003
44394,37.34000000000003
44394,37.34000000000003
44394,178.88200000000006
44394,178.88200000000006
44398,2.822
44398,181.249
44398,117.67399999999999
44398,117.67399999999999
44398,332.194
44398,207.967
44398,207.967
44398,214.52
44398,214.52
44398,214.52
44398,156.51700000000002
44398,214.52
44398,804.6949999999999
44398,58.002999999999986
44398,58.002999999999986
44398,58.002999999999986
44398,329.278
44398,1252.504
44398,1252.504
44398,226.57600000000002
44398,201.90499999999997
44398,462.8019999999999
44398,375.01
44398,620.1709999999999
44398,602.5079999999999
44398,173.07000000000005
44398,433.967
44398,433.967
44398,433.967
44398,974.4889999999999
44398,306.2869999999999
44398,449.47799999999995
44398,197.265
44398,330.52499999999986
44398,85.36399999999992
44398,58.956999999999994
44398,365.9520000000001
44398,311.16999999999996
44398,58.956999999999994
44398,252.21299999999997
44398,655.4090000000001
44398,186.20399999999995
44398,186.20399999999995
44398,186.20399999999995
44398,7.305000000000064
44398,44.59899999999993
44398,354.318
44398,43.442999999999984
44398,84.48599999999988
44398,44.40599999999995
44398,40.07999999999993
44405,141.566
44405,177.14999999999998
44405,181.39600000000002
44405,432.881
44405,285.952
44405,418.452
44405,196.226
44405,18.540999999999997
44405,18.540999999999997
44405,18.540999999999997
44405,215.241
44405,220.80899999999997
44405,511.58699999999993
44405,236.66000000000003
44405,454.22599999999994
44405,89.726
44405,33.19499999999999
44405,397.69499999999994
44405,364.49999999999994
44405,146.93400000000003
44405,480.60600000000005
44405,21.576999999999998
44405,21.576999999999998
44405,225.27799999999996
44405,80.35500000000002
44405,235.656
44405,231.99999999999994
44405,162.44399999999996
44405,217.56599999999992
44405,23.550000000000068
44405,153.82299999999998
44405,75.15099999999995
44405,31.95500000000004
44405,55.12199999999996
44405,55.12199999999996
44405,27.69399999999996
44405,910.537
44405,54.96600000000001
44405,14.548000000000002
44405,14.548000000000002
44405,155.7589999999999
44405,23.75299999999993
44405,23.75299999999993
44405,42.70100000000002
44405,42.70100000000002
44405,30.65300000000002
44405,12.048000000000002
44405,12.048000000000002
44405,29.244000000000028
44405,48.886999999999944
44405,29.244000000000028
44405,48.886999999999944
44405,202.351
44405,743.88
44405,79.04199999999992
44405,105.125
44405,105.125
44405,79.04199999999992
44405,79.04199999999992
44405,105.125
44405,105.125
44405,105.125
44405,88.30700000000002
44405,88.30700000000002
44405,76.13499999999999
44405,47.277000000000044
44405,70.99199999999996
44405,20.773999999999887
44405,62.44699999999989
44405,113.97600000000011
44405,67.8610000000001
44405,67.8610000000001
44405,24.80100000000016
44405,24.80100000000016
44405,53.375
44405,53.375
44405,9.527000000000044
44405,113.5
44405,32.09999999999991
44410,5.281
44410,299.565
44410,1778.473
44410,92.12
44410,277.87
44410,796.528
44410,126.268
44410,507.81100000000004
44410,413.227
44410,185.75000000000003
44410,151.60200000000003
44410,151.60200000000003
44410,151.60200000000003
44410,151.60200000000003
44410,151.60200000000003
44410,298.766
44410,151.60200000000003
44410,151.60200000000003
44410,258.46899999999994
44410,30.99200000000002
44410,549.65
44410,30.99200000000002
44410,30.99200000000002
44410,30.99200000000002
44410,147.164
44410,322.061
44410,322.061
44410,147.164
44410,9.761000000000024
44410,85.78500000000003
44410,85.78500000000003
44410,174.897
44410,94.58400000000006
44410,5.472000000000094
44410,89.11199999999997
44410,89.11199999999997
44410,176.346
44410,22.360000000000014
44410,87.23400000000004
44410,596.9989999999999
44410,210.44600000000003
44410,210.44600000000003
44410,196.59699999999998
44410,1030.934
44410,13.849000000000046
44410,13.849000000000046
44410,13.849000000000046
44410,494.855
44410,134.548
44410,106.53300000000002
44410,126.21999999999991
44410,28.014999999999986
44410,28.014999999999986
44410,682.9439999999998
44410,135.51700000000005
44410,135.51700000000005
44410,37.312000000000126
44410,153.79999999999995
44410,37.312000000000126
44410,674.969
44410,116.48799999999983
44410,116.48799999999983
44410,116.48799999999983
44410,116.48799999999983
44410,22.404999999999973
44410,543.5740000000001
44410,402.924
44410,286.50800000000004
44410,286.50800000000004
44410,294.62199999999984
44410,127.769
44410,118.24500000000012
44410,10.281999999999925
44435,31.733999999999998
44435,312.225
44435,31.733999999999998
44435,31.733999999999998
44435,24.956000000000003
44435,843.439
44435,24.956000000000003
44435,24.956000000000003
44435,24.956000000000003
44435,24.956000000000003
44435,579.449
44435,165.263
44435,846.8979999999999
44435,165.263
44435,165.263
44435,165.263
44435,144.862
44435,1082.951
44435,165.263
44435,434.587
44435,702.036
44435,90.27199999999999
44435,90.27199999999999
44435,90.27199999999999
44435,90.27199999999999
44435,90.27199999999999
44435,90.27199999999999
44435,90.27199999999999
44435,90.27199999999999
44435,90.27199999999999
44435,90.27199999999999
44435,12.666999999999973
44435,12.666999999999973
44435,12.666999999999973
44435,12.666999999999973
44435,101.815
44435,101.815
44435,90.707
44435,311.247
44435,101.815
44435,11.108000000000004
44435,11.108000000000004
44435,11.108000000000004
44435,11.108000000000004
44435,68.12700000000001
44435,68.12700000000001
44435,68.12700000000001
44435,698.2239999999999
44435,21.28400000000005
44435,21.28400000000005
44435,21.28400000000005
44435,21.28400000000005
44435,100.82899999999995
44435,120.02099999999996
44435,100.82899999999995
44435,100.82899999999995
44435,387.4699999999999
44435,100.82899999999995
44435,120.02099999999996
44435,100.82899999999995
44435,623.5229999999999
44435,19.192000000000007
44435,19.192000000000007
44435,286.64099999999996
44435,522.694
44435,19.192000000000007
44435,178.183
44435,178.183
44435,178.183
44435,193.087
44435,178.183
44435,89.26599999999996
44435,14.903999999999996
44435,45.947
44435,45.947
44435,74.36199999999997
44435,264.46799999999996
44435,28.414999999999964
44435,249.75799999999992
44435,236.053
44435,221.34299999999996
44435,236.053
44435,14.710000000000036
44435,14.710000000000036
44435,14.710000000000036
44435,121.28499999999985
44435,10.871999999999844
44435,147.15599999999995
44435,100.30799999999999
44435,100.30799999999999
44435,10.403999999999996
44435,89.904
44440,1700.408
44440,5.082000000000001
44440,5.082000000000001
44440,1696.526
44440,30.114999999999995
44440,2.161999999999999
44440,1497.122
44440,227.873
44440,227.873
44440,544.067
44440,413.104
44440,206.27999999999997
44440,413.104
44440,17.56800000000004
44440,17.56800000000004
44440,131.11700000000002
44440,17.56800000000004
44440,320.219
44440,113.54899999999998
44440,189.25599999999997
44440,681.066
44440,35.52699999999999
44440,35.52699999999999
44440,136.58900000000006
44440,284.312
44440,40.18000000000001
44440,40.18000000000001
44440,40.18000000000001
44440,697.184
44440,236.488
44440,130.96300000000002
44440,42.19799999999998
44440,42.19799999999998
44440,147.72299999999996
44440,360.847
44440,105.52499999999998
44440,894.281
44440,105.52499999999998
44440,35.37199999999996
44440,35.37199999999996
44440,420.51599999999996
44440,588.993
44440,375.0669999999999
44440,545.4979999999999
44440,162.26299999999992
44440,42.51800000000003
44440,42.51800000000003
44440,42.51800000000003
44440,42.51800000000003
44440,119.74499999999989
44440,119.74499999999989
44440,165.19399999999996
44440,45.44900000000007
44440,243.25800000000004
44440,243.25800000000004
44440,43.49500000000012
44440,236.94399999999996
44440,199.76299999999992
44440,199.76299999999992
44440,236.94399999999996
44440,37.18100000000004
44440,37.18100000000004
44440,37.18100000000004
44440,27.444999999999936
44443,1147.5169999999998
44443,112.186
44443,59.595000000000006
44443,1147.5169999999998
44443,143.83599999999998
44443,135.61499999999998
44443,84.24099999999999
44443,83.02399999999999
44443,102.051
44443,83.02399999999999
44443,31.64999999999999
44443,31.64999999999999
44443,586.63
44443,145.558
44443,19.027000000000015
44443,19.027000000000015
44443,535.256
44443,428.38599999999997
44443,153.70299999999997
44443,153.70299999999997
44443,153.70299999999997
44443,75.15699999999998
44443,10.182999999999993
44443,343.773
44443,224.635
44443,533.402
44443,255.656
44443,13.588999999999999
44443,13.588999999999999
44443,164.269
44443,19.67500000000001
44443,19.67500000000001
44443,19.67500000000001
44443,111.536
44443,111.536
44443,388.53400000000005
44443,111.536
44443,31.769000000000005
44443,119.13800000000003
44443,109.56700000000001
44443,119.13800000000003
44443,87.36900000000003
44443,87.36900000000003
44443,77.798
44443,9.571000000000026
44443,106.87
44443,97.29899999999998
44443,14.282000000000039
44443,80.21600000000001
44443,14.282000000000039
44443,106.61200000000008
44443,26.396000000000072
44443,26.396000000000072
44443,42.458999999999946
44443,102.75099999999998
44443,60.29200000000003
44443,14.547000000000025
44443,14.547000000000025
44443,22.05600000000004
44443,66.42399999999998
44444,6.545000000000001
44444,938.043
44444,671.5479999999999
44444,673.297
44444,649.872
44444,673.297
44444,883.9739999999999
44444,93.22399999999999
44444,883.9739999999999
44444,64.22899999999998
44444,791.038
44444,105.393
44444,25.96199999999999
44444,393.626
44444,726.809
44444,295.25100000000003
44444,571.826
44444,548.401
44444,367.664
44444,571.826
44444,468.9699999999999
44444,468.9699999999999
44444,288.23299999999995
44444,940.0870000000001
44444,274.385
44444,100.43200000000002
44444,767.216
44444,566.886
44444,33.78800000000001
44444,33.78800000000001
44444,533.098
44444,101.54000000000002
44444,533.098
44444,533.098
44444,704.093
44444,276.575
44444,113.81600000000003
44444,591.27
44444,265.29200000000003
44444,113.81600000000003
44444,359.145
44444,665.7020000000001
44444,359.145
44444,440.145
44444,151.476
44444,306.45899999999995
44444,242.34900000000005
44444,154.98299999999995
44444,154.98299999999995
44444,154.98299999999995
44444,325.97799999999995
44444,288.669
44444,135.82500000000005
44444,135.82500000000005
44444,118.22400000000005
44444,118.22400000000005
44444,81.54200000000003
44444,81.54200000000003
44444,225.0150000000001
44444,37.30899999999997
44444,172.8710000000001
44444,172.8710000000001
44444,37.30899999999997
44444,37.30899999999997
44444,135.56200000000013
44444,135.56200000000013
44444,86.10799999999995
44444,86.10799999999995
44444,49.45400000000018
44444,49.45400000000018
44444,49.45400000000018
44444,49.45400000000018
44444,49.45400000000018
44444,37.29500000000007
44444,37.29500000000007
44444,37.29500000000007
44444,37.29500000000007
44444,36.475999999999885
44444,43.93399999999997
44444,43.93399999999997
44444,43.93399999999997
44444,43.93399999999997
44444,41.623999999999796
44444,41.623999999999796
44444,41.623999999999796
44445,1111.774
44445,357.695
44445,540.472
44445,459.449
44445,316.275
44445,316.275
44445,141.191
44445,141.191
44445,141.191
44445,180.91899999999998
44445,39.72799999999998
44445,179.237
44445,39.72799999999998
44445,139.50900000000001
44445,1349.966
44445,139.50900000000001
44445,101.214
44445,139.50900000000001
44445,139.50900000000001
44445,143.17400000000004
44445,754.079
44445,25.93900000000002
44445,429.952
44445,429.952
44445,610.905
44445,639.0630000000001
44445,131.08400000000006
44445,468.19100000000003
44445,468.19100000000003
44445,92.85800000000006
44445,161.57600000000002
44445,600.8370000000001
44445,92.85800000000006
44445,429.96500000000003
44445,161.57600000000002
44445,181.53599999999994
44445,221.32799999999997
44445,181.53599999999994
44445,68.71799999999996
44445,507.97900000000004
44445,112.81799999999998
44445,112.81799999999998
44445,112.81799999999998
44445,112.81799999999998
44445,748.936
44445,39.79200000000003
44445,180.95299999999997
44445,675.626
44445,180.95299999999997
44445,65.17399999999998
44445,65.17399999999998
44445,65.17399999999998
44445,170.87200000000007
44445,136.8230000000001
44445,105.69800000000009
44445,31.125
44445,161.789
44445,391.36799999999994
44445,15.267000000000053
44449,601.287
44449,79.578
44449,399.16
44449,601.287
44449,91.102
44449,75.782
44449,53.712
44449,71.89999999999999
44449,53.712
44449,60.37599999999999
44449,60.37599999999999
44449,60.37599999999999
44449,383.359
44449,64.95100000000002
44449,47.116000000000014
44449,132.11100000000002
44449,132.11100000000002
44449,432.617
44449,114.27600000000001
44449,318.341
44449,143.75599999999997
44449,311.85
44449,915.557
44449,860.7909999999999
44449,249.88600000000002
44449,387.75899999999996
44449,13.220000000000027
44449,597.398
44449,371.18399999999997
44449,168.09400000000005
44449,223.56499999999994
44449,223.56499999999994
44449,161.365
44449,827.036
44449,517.884
44449,88.58000000000004
44449,47.759000000000015
44449,6.4909999999999854
44449,6.4909999999999854
44449,535.504
44449,37.48599999999999
44449,137.87299999999993
44449,610.9049999999999
44449,617.1220000000001
44449,309.41099999999994
44449,628.185
44449,75.673
44449,134.399
44449,75.673
44449,179.66100000000006
44449,671.4490000000001
44449,671.4490000000001
44449,120.93500000000006
44449,226.21400000000006
44449,226.21400000000006
44449,348.13699999999994
44449,29.362999999999943
44449,75.91600000000005
44449,75.91600000000005
44449,168.00900000000013
44449,382.07399999999996
44449,25.314000000000078
44449,25.314000000000078
44449,25.314000000000078
44449,188.09199999999987
44449,231.79500000000007
44449,14.106999999999971
44449,150.76499999999987
44449,95.9989999999998
44449,199.95799999999986
44449,59.85799999999995
44449,22.033999999999878
44449,22.033999999999878
44449,220.45100000000002
44449,22.033999999999878
44449,118.06600000000003
44449,74.36299999999983
44449,74.36299999999983
44449,183.59899999999993
44449,41.277000000000044
44449,143.65100000000007
44449,102.37400000000002
44449,28.88499999999999
44449,28.88499999999999
44451,505.673
44451,225.73899999999998
44451,34.58299999999999
44451,34.58299999999999
44451,103.31200000000001
44451,103.31200000000001
44451,319.96
44451,319.96
44451,319.96
44451,279.93399999999997
44451,237.963
44451,279.93399999999997
44451,41.971000000000004
44451,41.971000000000004
44451,959.525
44451,249.462
44451,18.770999999999958
44451,18.770999999999958
44451,783.016
44451,29.590999999999894
44451,227.01099999999997
44451,29.590999999999894
44476,15.189999999999998
44476,464.179
44476,1304.356
44476,80.16
44476,15.189999999999998
44476,448.989
44476,448.989
44476,1697.8600000000001
44476,1697.8600000000001
44476,196.70300000000003
44476,47.44799999999999
44476,115.11300000000003
44476,76.93700000000001
44476,1407.239
44476,16.94599999999997
44476,16.94599999999997
44476,1287.183
44476,1287.183
44476,328.51500000000004
44476,736.423
44476,1219.923
44476,52.545000000000016
44476,1167.3780000000002
44476,407.908
44476,35.13900000000001
44476,407.908
44476,372.769
44476,372.769
44476,372.769
44476,30.86500000000001
44476,379.7460000000001
44476,48.85400000000004
44476,36.881000000000085
44476,36.881000000000085
44520,30.301000000000002
44520,27.059000000000005
44520,27.059000000000005
44520,27.059000000000005
44520,245.556
44520,27.059000000000005
44520,124.117
44520,18.427999999999997
44520,196.605
44520,77.458
44520,581.528
44520,178.177
44520,15.668999999999983
44520,169.33799999999997
44520,155.712
44520,155.712
44520,153.66899999999998
44520,140.043
44520,61.331999999999994
44520,61.331999999999994
44520,740.299
44520,572.44
44520,13.625999999999976
44520,13.625999999999976
44520,13.625999999999976
44520,127.39600000000002
44520,315.944
44520,47.952999999999975
44520,47.952999999999975
44520,47.952999999999975
44520,267.99100000000004
44520,150.02299999999997
44520,117.96800000000007
44520,29.198000000000093
44520,117.96800000000007
44520,44.98599999999999
44520,44.98599999999999
44520,14.630999999999972
44520,124.04899999999998
44520,124.04899999999998
44520,88.553
44520,43.81000000000006
44555,282.569
44555,305.946
44555,712.76
44555,1536.764
44555,305.946
44555,1640.0159999999998
44555,1416.467
44555,75.23899999999998
44555,661.54
44555,661.54
44555,322.531
44555,186.988
44555,609.6780000000001
44555,1341.228
44555,24.798999999999978
44555,24.798999999999978
44555,110.47300000000001
44555,85.67400000000004
44555,1133.1
44555,141.132
44555,85.67400000000004
44555,10.646999999999991
44555,1150.6779999999999
44555,55.45799999999997
44555,101.173
44555,101.173
44555,1154.2400000000002
44555,101.173
44555,101.173
44555,101.173
44555,101.173
44555,530.4110000000001
44555,1369.703
44555,538.135
44555,856.425
44555,454.99299999999994
44555,856.425
44555,646.771
44555,927.2559999999999
44555,1218.4859999999999
44555,862.5059999999999
44555,45.11099999999999
44555,396.48900000000003
44555,714.1429999999999
44555,24.229000000000042
44555,24.229000000000042
44555,24.229000000000042
44555,1047.7359999999999
44555,120.93899999999996
44555,167.8459999999999
44555,19.47199999999998
44555,428.86699999999996
44555,428.86699999999996
44555,66.10200000000009
44555,27.434999999999945
44555,428.86699999999996
44555,21.198000000000093
44555,21.198000000000093
44555,859.142
44555,380.2339999999999
44555,146.86199999999985
44555,466.0169999999998
44555,44.47499999999991
44555,253.61400000000003
44555,141.05700000000002
44555,38.67000000000007
44555,64.67599999999993
44555,64.67599999999993
44555,64.67599999999993
44555,64.67599999999993
44555,64.67599999999993
44555,592.4559999999999
44555,103.25199999999995
44555,162.27200000000016
44555,59.02000000000021
44555,59.02000000000021
44555,59.02000000000021
44555,129.12999999999988
44555,129.12999999999988
44555,129.12999999999988
44555,316.63599999999997
44555,129.12999999999988
44555,313.0600000000002
44555,187.50600000000009
44555,44.76999999999998
44606,1052.885
44606,965.817
44606,500.595
44606,6.896000000000001
44606,6.896000000000001
44606,1689.226
44606,903.723
44606,568.774
44606,568.774
44606,438.50100000000003
44606,812.0310000000001
44606,408.262
44606,245.264
44606,375.53700000000003
44606,886.831
44606,187.70100000000002
44606,616.6780000000001
44606,870.665
44606,78.88699999999994
44606,699.13
44606,699.13
44606,51.38600000000008
44606,51.38600000000008
44606,334.94899999999996
44606,273.496
44606,273.496
44606,464.1809999999999
44606,123.12599999999998
44606,123.12599999999998
44606,61.673
44606,210.19400000000007
44606,61.452999999999975
44606,621.4920000000001
44606,87.0680000000001
44606,87.0680000000001
44606,87.0680000000001
44606,87.0680000000001
44606,87.0680000000001
44606,87.0680000000001
44606,87.0680000000001
44606,87.0680000000001
44606,87.0680000000001
44606,472.971
44606,99.34299999999985
44606,141.5329999999999
44606,99.34299999999985
44606,107.14699999999993
44606,42.190000000000055
44606,42.190000000000055
44606,42.190000000000055
44606,450.91100000000006
44606,43.52600000000007
44606,262.09400000000005
44606,82.18199999999979
44606,29.56699999999978
44606,29.56699999999978
44606,136.3860000000002
44606,28.83100000000013
44606,28.83100000000013
44606,11.684000000000196
44607,1353.4109999999998
44607,1467.042
44607,4.614000000000004
44607,136.30300000000003
44607,1266.1409999999998
44607,402.348
44607,91.67900000000003
44607,152.858
44607,724.684
44607,403.98100000000005
44607,1416.3809999999999
44607,757.338
44607,136.474
44607,61.178999999999974
44607,682.043
44607,61.178999999999974
44607,1113.8580000000002
44607,269.54999999999995
44607,112.22899999999998
44607,1052.679
44607,269.54999999999995
44607,210.62399999999997
44607,961.0439999999999
44607,961.0439999999999
44607,210.62399999999997
44607,97.25100000000003
44607,101.11099999999999
44607,18.426999999999907
44607,18.426999999999907
44607,82.68400000000008
44607,523.462
44607,302.27600000000007
44607,53.303
44607,29.381000000000085
44607,29.381000000000085
44607,219.59199999999998
44607,658.3179999999999
44607,27.037000000000035
44607,307.22399999999993
44607,86.03800000000001
44607,587.4849999999999
44607,267.903
44607,510.1390000000001
44607,29.286000000000058
44607,480.85300000000007
44607,804.143
44607,33.88199999999995
44607,755.105
44607,33.88199999999995
44607,218.3280000000001
44607,268.75300000000004
44607,39.32099999999991
44607,39.32099999999991
44607,80.06200000000013
44607,179.74300000000017
44607,50.424999999999955
44607,200.19899999999984
44607,149.7739999999999
44607,71.5039999999999
44607,211.60799999999995
44607,14.02800000000002
44742,1487.994
44742,53.004
44742,1067.737
44742,1232.067
44742,1067.737
44742,1067.737
44742,150.352
44742,559.311
44742,150.352
44742,1014.7330000000001
44742,559.311
44742,808.941
44742,864.3810000000001
44742,864.3810000000001
44742,40.15100000000001
44742,1006.665
44742,40.15100000000001
44742,776.837
44742,149.152
44742,572.356
44742,116.93400000000003
44742,942.9379999999999
44742,455.422
44742,910.7199999999999
44742,217.41200000000003
44742,217.41200000000003
44742,910.7199999999999
44742,39.745000000000005
44742,39.745000000000005
44742,39.745000000000005
44742,39.745000000000005
44742,39.745000000000005
44742,166.04700000000003
44742,586.3039999999999
44742,123.97699999999986
44742,166.04700000000003
44742,586.3039999999999
44742,42.070000000000164
44835,62.174
44835,285.767
44835,25.212
44835,62.174
44835,36.961999999999996
44835,96.21700000000001
44835,59.25500000000001
44835,88.77
44835,263.42199999999997
44835,88.77
44835,88.77
44835,90.529
44835,61.01400000000001
44835,61.01400000000001
44835,236.964
44835,174.652
44835,4.341000000000008
44835,113.63799999999998
44835,113.63799999999998
44835,4.263999999999953
44835,148.02500000000003
44835,7.626999999999953
44835,62.31200000000001
44835,62.31200000000001
44835,14.450999999999965
44922,128.074
44922,51.827999999999996
44922,20.059999999999995
44922,20.059999999999995
44922,15.359000000000009
44922,100.221
44922,51.208
44922,60.12600000000003
44922,60.12600000000003
44922,60.12600000000003
44922,154.53500000000003
44922,154.53500000000003
44922,154.53500000000003
44922,133.84999999999997
44922,105.59499999999997
44922,105.59499999999997
44922,94.40899999999999
44922,94.40899999999999
44922,94.40899999999999
44922,133.84999999999997
44922,105.59499999999997
44922,11.185999999999979
44922,28.254999999999995
44922,28.254999999999995
44923,589.163
44923,589.163
44923,13.954
44923,19.787000000000003
44923,204.76
44923,214.82300000000004
44923,287.726
44923,214.82300000000004
44923,70.125
44923,249.99200000000002
44923,12.353999999999985
44923,21.84499999999997
44923,148.55900000000003
44923,148.55900000000003
44923,148.55900000000003
44923,234.497
44923,148.55900000000003
44923,37.928999999999974
44923,37.928999999999974
44923,37.928999999999974
44923,37.928999999999974
44925,15.326
44925,12.445
44925,2.8810000000000002
44925,975.328
44925,27.236000000000004
44925,27.236000000000004
44925,27.236000000000004
44925,57.679
44925,75.72200000000001
44925,30.442999999999998
44925,30.442999999999998
44925,903.364
44925,160.84699999999998
44925,880.496
44925,115.17399999999998
44925,115.17399999999998
44925,184.50499999999997
44925,73.80499999999998
44925,73.80499999999998
44925,73.80499999999998
44925,119.47799999999998
44925,119.47799999999998
44925,184.50499999999997
44925,110.69999999999999
44925,110.69999999999999
44925,110.69999999999999
44925,65.02699999999999
44925,65.57900000000001
44925,168.08100000000002
44925,68.96800000000007
44925,429.457
44925,164.48200000000008
44925,89.80700000000002
44925,84.971
44925,455.009
44925,246.92700000000002
44925,246.92700000000002
44925,36.25800000000004
44925,61.22900000000004
44925,125.69799999999998
44925,50.11799999999994
44925,125.69799999999998
44925,100.72699999999998
44925,308.80899999999997
44925,274.76199999999994
44925,184.144
44925,77.21999999999991
44925,52.07299999999998
44925,23.507000000000062
44925,163.66700000000003
44925,83.41700000000003
44925,83.41700000000003
44925,56.74299999999994
44925,33.875
44925,34.047000000000025
44975,331.015
44975,133.441
44975,625.3779999999999
44975,877.641
44975,92.77600000000001
44975,92.77600000000001
44975,92.77600000000001
44975,299.639
44975,698.666
44975,255.06900000000002
44975,343.873
44975,62.85000000000001
44975,431.973
44975,62.85000000000001
44975,197.574
44975,5.355000000000018
44975,489.84299999999996
44975,369.123
44975,206.863
44975,206.863
44975,206.863
44975,58.353999999999985
44975,310.769
44975,51.55000000000001
44975,417.24899999999997
44975,891.8679999999999
44975,365.69899999999996
44975,68.07499999999999
44975,82.719
44975,14.644000000000005
44975,14.644000000000005
44975,154.81599999999997
44975,14.644000000000005
44975,282.97999999999996
44975,757.5989999999999
44975,162.26
44975,282.97999999999996
44975,282.97999999999996
44975,59.28699999999998
44975,80.88499999999999
44975,486.938
44975,102.97300000000001
44975,223.69299999999998
44975,396.25700000000006
44975,12.56499999999994
44975,423.1149999999999
44975,94.82399999999996
44975,12.56499999999994
44975,367.173
44975,410.54999999999995
44975,145.97300000000007
44975,253.44900000000007
44975,180.986
44975,180.986
44975,95.83500000000004
44975,271.30500000000006
44975,52.46499999999992
44975,9.795999999999935
44975,90.31900000000007
44975,211.3739999999999
44975,56.985999999999876
44975,13.608999999999924
44975,13.608999999999924
44975,43.37699999999995
44975,7.698999999999842
44975,7.698999999999842
45081,231.18
45081,53.32900000000001
45081,53.32900000000001
45081,80.686
45081,869.93
45081,177.851
45081,663.603
45081,236.04500000000002
45081,592.922
45081,10.005000000000024
45081,588.68
45081,588.68
45081,619.1759999999999
45081,97.16499999999999
45081,588.68
45081,97.16499999999999
45081,588.68
45081,500.756
45081,15.004000000000019
45081,135.478
45081,128.875
45081,128.875
45081,491.515
45081,8.40100000000001
45081,986.7080000000001
45081,5.763000000000034
45081,85.029
45081,30.49599999999998
45081,30.49599999999998
45081,59.596000000000004
45081,54.533000000000015
45081,54.533000000000015
45081,54.533000000000015
45081,17.30899999999997
45081,17.30899999999997
45081,17.30899999999997
45081,84.78499999999997
45081,91.50700000000006
45081,91.50700000000006
45081,115.53499999999997
45081,6.722000000000094
45081,6.722000000000094
45081,6.722000000000094
45081,6.722000000000094
45081,24.027999999999906
45081,24.027999999999906
45081,16.204999999999927
45081,273.8610000000001
45081,118.72700000000009
45081,100.47800000000007
45081,179.94900000000007
45081,286.1840000000002
45081,100.47800000000007
45081,286.1840000000002
45081,79.471
45081,185.70600000000013
45081,18.249000000000024
45081,167.4570000000001
45081,167.4570000000001
45081,106.23500000000013
45081,15.08400000000006
45081,15.08400000000006
45081,15.08400000000006
45081,15.08400000000006
45081,11.70900000000006
45082,1212.375
45082,592.665
45082,2010.45
45082,129.33
45082,314.456
45082,485.32900000000006
45082,314.456
45082,148.87900000000002
45082,148.87900000000002
45082,1566.664
45082,148.87900000000002
45082,147.19000000000005
45082,147.19000000000005
45082,844.483
45082,394.9029999999999
45082,986.3309999999999
45082,347.2629999999999
45082,24.035999999999945
45082,323.227
45082,449.58000000000004
45082,668.8540000000002
45082,147.1980000000001
45082,345.6270000000002
45082,20.845000000000027
45128,544.468
45128,544.468
45128,49.448
45128,34.485
45128,132.927
45128,14.717000000000002
45128,8.260999999999996
45128,64.815
45128,132.099
45128,59.118999999999986
45128,59.118999999999986
45128,59.118999999999986
45128,67.28399999999999
45128,22.150000000000006
45128,22.150000000000006
45128,100.59400000000002
45128,192.21900000000002
45128,71.911
45128,16.16900000000004
45213,350.667
45213,400.365
45213,878.796
45213,102.559
45213,464.34499999999997
45213,350.667
45213,252.752
45213,99.295
45213,99.295
45213,248.108
45213,99.295
45213,332.748
45213,332.748
45213,49.891999999999996
45213,80.45300000000003
45213,148.61900000000003
45213,80.45300000000003
45213,80.45300000000003
45213,150.82999999999998
45213,150.82999999999998
45213,18.684000000000026
45213,698.797
45213,49.698000000000036
45213,646.7890000000001
45213,91.11500000000001
45213,665.5600000000001
45213,665.5600000000001
45213,670.9790000000002
45213,194.9050000000001
45213,65.79200000000003
45213,15.44500000000005
45213,65.14300000000003
45213,58.591999999999985
45213,48.52499999999998
45213,48.52499999999998
45213,48.52499999999998
45213,48.52499999999998
45213,44.68399999999997
45213,48.52499999999998
45213,3.841000000000008
45213,146.02499999999998
45213,146.02499999999998
45213,413.24300000000005
45213,56.549999999999955
45213,56.549999999999955
45213,38.63999999999987
45213,18.854000000000042
45213,12.884000000000015
45213,136.06899999999996
45213,9.323000000000093
45213,177.9659999999999
45213,47.427999999999884
45222,48.339000000000006
45222,589.549
45222,567.911
45222,46.32599999999999
45222,384.721
45222,1785.658
45222,648.692
45222,370.82499999999993
45222,173.46000000000004
45222,32.42999999999995
45222,128.5
45222,128.5
45222,128.5
45222,29.3900000000001
45222,29.3900000000001
45222,29.3900000000001
45222,29.3900000000001
45233,1246.374
45233,1246.374
45233,1246.374
45233,350.244
45233,1246.374
45233,1766.4470000000001
45233,1111.85
45233,1598.9260000000002
45233,1361.161
45233,31.944999999999993
45233,896.13
45233,896.13
45233,219.94399999999996
45233,219.94399999999996
45233,219.94399999999996
45233,219.94399999999996
45233,219.94399999999996
45233,219.94399999999996
45233,15.125999999999976
45233,15.125999999999976
45233,22.885999999999967
45233,22.885999999999967
45233,50.251000000000204
45233,50.251000000000204
45233,14.43600000000015
45233,14.43600000000015
45298,141.85600000000002
45298,608.167
45298,125.31099999999999
45298,155.43099999999998
45298,155.43099999999998
45298,772.104
45298,155.43099999999998
45298,155.43099999999998
45298,97.77799999999999
45298,57.65299999999999
45298,57.65299999999999
45298,583.297
45298,377.595
45298,396.207
45298,396.207
45298,496.53800000000007
45298,496.53800000000007
45298,194.586
45298,91.82600000000002
45298,91.82600000000002
45298,64.57400000000001
45298,309.235
45298,64.57400000000001
45298,5.6410000000000196
45298,102.75999999999999
45298,244.661
45298,102.75999999999999
45298,524.847
45298,82.75599999999997
45298,142.83999999999997
45298,404.71200000000005
45298,333.377
45298,404.71200000000005
45298,404.71200000000005
45298,60.084
45298,60.084
45298,160.51299999999998
45298,336.63899999999995
45298,42.82900000000001
45298,274.077
45298,214.41599999999994
45298,127.42899999999997
45298,81.77800000000002
45298,71.33500000000004
45298,71.33500000000004
45298,191.47000000000003
45298,45.650999999999954
45298,74.48400000000004
45298,12.502999999999929
45298,47.25400000000002
45298,47.25400000000002
45305,1094.508
45305,370.589
45305,160.051
45305,160.051
45305,1094.508
45305,636.2729999999999
45305,1074.279
45305,769.7379999999999
45305,15.452000000000002
45305,63.444
45305,754.286
45305,63.444
45305,210.53799999999998
45305,37.426000000000016
45305,240.751
45305,72.18
45305,327.09899999999993
45305,72.18
45305,72.18
45305,72.18
45305,20.109999999999957
45305,20.109999999999957
45305,20.109999999999957
45305,234.80899999999997
45305,234.80899999999997
45305,234.80899999999997
45305,681.85
45305,234.80899999999997
45305,147.07600000000002
45305,36.041
45305,316.03000000000003
45305,87.73299999999995
45305,87.73299999999995
45305,534.774
45305,87.73299999999995
45305,273.4069999999999
45305,126.77299999999991
45305,447.04100000000005
45305,120.34000000000003
45305,80.55900000000008
45305,41.82600000000002
45305,66.07499999999993
45305,66.07499999999993
45305,178.4849999999999
45305,188.71000000000004
45305,188.71000000000004
45309,625.5210000000001
45309,658.8910000000001
45309,324.109
45309,324.109
45309,21.605999999999998
45309,29.260000000000005
45309,166.18399999999997
45309,97.151
45309,166.18399999999997
45309,97.151
45309,1014.4370000000001
45309,989.8480000000001
45309,989.8480000000001
45309,69.25
45309,23.230999999999995
45309,23.230999999999995
45309,46.019000000000005
45309,114.48200000000003
45309,17.084000000000003
45309,17.084000000000003
45309,114.48200000000003
45309,75.00599999999997
45309,97.39800000000002
45309,97.39800000000002
45309,97.39800000000002
45309,97.39800000000002
45309,22.392000000000053
45309,105.85199999999998
45309,10.961000000000013
45309,10.961000000000013
45309,10.961000000000013
45309,35.86099999999999
45309,1143.4189999999999
45309,140.05099999999993
45309,48.79699999999991
45309,12.935999999999922
45309,91.25400000000002
45309,91.25400000000002
45309,179.4090000000001
45309,764.2760000000001
45309,91.25400000000002
45309,889.2240000000002
45309,91.25400000000002
45309,25.41999999999996
45309,25.41999999999996
45309,390.4610000000001
45309,866.3570000000001
45309,196.88
45309,196.88
45309,722.1730000000001
45309,12.358000000000061
45309,108.72499999999991
45309,26.827999999999975
45309,1011.797
45309,26.827999999999975
45309,398.0609999999999
45309,93.70100000000002
45309,659.973
45309,371.23299999999995
45309,669.4770000000001
45309,371.23299999999995
45309,494.375
45309,93.70100000000002
45309,371.23299999999995
45309,905.355
45309,712.787
45309,780.924
45309,35.56000000000017
45309,35.56000000000017
45309,88.05799999999999
45309,88.05799999999999
45309,557.1989999999998
45309,28.27299999999991
45309,28.27299999999991
45309,440.86799999999994
45309,26.76800000000003
45309,203.08900000000017
45309,203.08900000000017
45309,271.4760000000001
45309,203.08900000000017
45309,124.94800000000009
45309,124.94800000000009
45309,103.29199999999992
45309,106.71500000000015
45309,85.05899999999997
45309,85.05899999999997
45309,106.71500000000015
45309,21.656000000000176
45309,21.656000000000176
45309,21.656000000000176
45309,58.88299999999981
45309,68.38699999999994
45309,9.504000000000133
45309,9.504000000000133
45309,32.19899999999984
45309,32.19899999999984
45309,20.239000000000033
45309,21.604000000000042
45309,77.31500000000005
45309,26.883000000000038
45309,74.673
45310,71.06
45310,672.672
45310,161.658
45310,634.6690000000001
45310,542.47
45310,314.033
45310,111.93299999999999
45310,78.422
45310,66.57
45310,632.014
45310,235.61100000000002
45310,33.510999999999996
45310,33.510999999999996
45310,67.86699999999999
45310,500.19
45310,500.19
45310,148.64000000000001
45310,48.866000000000014
45310,48.866000000000014
45310,42.79999999999998
45310,397.627
45310,456.815
45310,25.543000000000006
45310,547.323
45310,39.185
45310,267.62199999999996
45310,521.78
45310,368.313
45310,308.91400000000004
45310,228.43699999999995
45310,148.15899999999993
45310,28.759000000000015
45310,228.43699999999995
45310,29.863999999999976
45310,94.93899999999996
45310,94.93899999999996
45310,5.40300000000002
45310,80.47700000000009
45310,10.82400000000007
45310,10.82400000000007
45310,70.13799999999992
45310,8.902999999999906
45310,8.902999999999906
45310,2.0610000000000355
45310,2.0610000000000355
45310,7.562999999999988
45319,88.626
45319,2.802000000000003
45319,294.761
45319,574.973
45319,5.825000000000003
45319,347.649
45319,466.34900000000005
45319,462.206
45319,274.945
45319,39.938
45319,393.09499999999997
45319,422.26800000000003
45319,101.37
45319,210.918
45319,416.81300000000005
45319,197.21800000000002
45319,665.817
45319,416.81300000000005
45319,14.34899999999999
45319,14.34899999999999
45319,524.153
45319,524.153
45319,13.699999999999989
45319,457.40100000000007
45319,9.247000000000014
45319,362.59
45319,18.634000000000015
45319,196.64800000000002
45319,9.387
45319,9.387
45319,78.68099999999998
45319,372.44800000000004
45319,341.04799999999994
45319,372.44800000000004
45319,341.04799999999994
45319,326.18399999999997
45319,357.58400000000006
45319,661.991
45319,108.58000000000004
45319,61.88000000000005
45319,279.484
45319,23.237000000000023
45319,287.64700000000005
45319,640.7510000000001
45319,256.24699999999996
45319,1.160000000000025
45319,89.48000000000002
45319,89.48000000000002
45319,181.7890000000001
45319,35.58400000000006
45319,179.94100000000003
45319,71.20500000000004
45319,146.20500000000004
45319,146.20500000000004
45319,71.20500000000004
45319,92.30900000000008
45319,92.30900000000008
45319,292.39
45319,75.0
45319,75.0
45319,379.4069999999999
45319,31.40000000000009
45319,31.40000000000009
45319,304.4069999999999
45319,217.39
45319,190.659
45319,104.26099999999997
45319,83.71399999999994
45319,39.388000000000034
45319,43.69099999999992
45319,5.103999999999928
45319,7.76299999999992
45319,12.085000000000036
45319,8.883000000000038
45319,810.184
45319,4.322000000000116
45319,646.5179999999998
45319,147.173
45319,132.769
45319,132.769
45319,48.697000000000116
45319,147.173
45319,98.47599999999989
45319,130.3409999999999
45319,668.8190000000002
45319,86.39200000000005
45319,86.39200000000005
45319,86.39200000000005
45319,596.8310000000001
45319,14.403999999999996
45319,582.4270000000001
45319,596.806
45319,495.9079999999999
45319,261.039
45319,227.27700000000004
45319,225.10000000000014
45319,225.10000000000014
45319,225.10000000000014
45319,127.22499999999991
45319,127.22499999999991
45319,113.25599999999986
45319,113.25599999999986
45319,82.19900000000007
45319,176.31000000000017
45319,31.77800000000002
45319,221.50299999999993
45319,27.656000000000176
45319,33.29099999999994
45324,42.554
45324,547.282
45324,1047.529
45324,466.11199999999997
45324,20.324
45324,9.753
45324,448.209
45324,255.83599999999998
45324,248.504
45324,86.15200000000002
45324,953.021
45324,104.22899999999998
45324,418.621
45324,918.8230000000001
45324,562.694
45324,37.91199999999998
45324,352.304
45324,37.91199999999998
45324,352.304
45324,314.392
45324,368.95700000000005
45324,653.0619999999999
45324,314.392
45324,289.656
45324,206.67900000000003
45324,653.0619999999999
45324,165.216
45324,189.952
45324,17.335000000000036
45324,121.351
45324,238.889
45324,511.2869999999999
45324,119.06399999999996
45324,94.32799999999997
45324,11.350999999999999
45324,56.447
45324,571.874
45324,259.275
45324,674.2320000000001
45324,82.97699999999998
45324,162.27800000000002
45324,41.339999999999975
45324,41.339999999999975
45324,51.26599999999996
45324,281.923
45324,281.923
45324,14.810000000000002
45324,14.810000000000002
45324,14.810000000000002
45324,762.156
45324,161.488
45324,230.65700000000004
45324,230.65700000000004
45324,66.27200000000005
45324,176.09199999999998
45324,479.8349999999999
45324,66.09699999999998
45324,85.28999999999996
45324,379.5129999999999
45324,414.9570000000001
45324,382.83799999999997
45324,79.09500000000003
45324,414.9570000000001
45324,489.6959999999999
45324,20.267000000000053
45324,356.12900000000013
45324,971.8240000000001
45324,335.8620000000001
45324,35.833999999999946
45324,125.4910000000001
45324,107.11500000000001
45324,125.4910000000001
45324,18.37600000000009
45324,18.37600000000009
45324,18.37600000000009
45324,102.35800000000006
45324,102.35800000000006
45324,32.11900000000014
45324,32.11900000000014
45324,128.17000000000007
45324,618.549
45324,48.37300000000005
45324,48.37300000000005
45324,48.37300000000005
45324,48.37300000000005
45324,154.33300000000008
45324,222.5050000000001
45324,335.068
45324,149.33300000000008
45324,11.290000000000191
45324,188.442
45324,345.241
45324,282.395
45324,263.62099999999987
45324,49.812000000000126
45324,26.093999999999824
45324,105.24300000000017
45324,155.31099999999992
45324,192.971
45324,69.30300000000011
45324,174.1969999999999
45324,62.846000000000004
45324,123.66799999999989
45324,123.66799999999989
45324,12.317000000000007
45324,111.35099999999989
45324,327.4379999999999
45324,327.4379999999999
45324,479.1400000000001
45324,111.35099999999989
45324,37.66000000000008
45324,776.5340000000001
45324,114.38300000000004
45324,216.087
45324,452.77700000000004
45324,114.38300000000004
45324,114.38300000000004
45324,5.338999999999942
45324,5.338999999999942
45324,19.805000000000064
45324,574.2090000000001
45324,263.1299999999999
45324,183.50099999999998
45324,536.921
45324,371.77999999999975
45324,174.63799999999992
45324,55.552999999999884
45324,528.058
45324,437.7289999999998
45324,207.2550000000001
45324,207.2550000000001
45324,3.4610000000000127
45324,293.933
45324,382.17599999999993
45324,197.14199999999983
45324,32.61700000000019
45324,79.6289999999999
45324,84.98799999999983
45324,230.4739999999997
45324,142.23099999999977
45324,183.462
45324,44.78200000000015
45324,17.471000000000004
45324,17.471000000000004
45324,138.67999999999984
45324,138.67999999999984
45324,443.59500000000025
45324,65.94900000000007
45324,65.94900000000007
45324,244.22000000000025
45324,90.32900000000018
45324,90.32900000000018
45324,90.32900000000018
45324,31.782000000000153
45324,208.86300000000028
45324,31.782000000000153
45324,23.99100000000044
45324,23.99100000000044
45324,57.32600000000002
45324,57.32600000000002
45324,19.338000000000193
45325,759.9159999999999
45325,733.895
45325,311.34999999999997
45325,2.469000000000001
45325,252.29699999999997
45325,221.476
45325,221.476
45325,866.579
45325,570.178
45325,102.26599999999999
45325,282.055
45325,102.26599999999999
45325,83.71199999999999
45325,282.055
45325,18.554000000000002
45325,1795.959
45325,600.653
45325,110.93800000000002
45325,456.4069999999999
45325,123.20499999999998
45325,737.487
45325,123.20499999999998
45325,179.789
45325,582.099
45325,179.789
45325,1119.416
45325,345.46899999999994
45325,1119.416
45325,344.70700000000005
45325,344.70700000000005
45325,344.70700000000005
45325,344.70700000000005
45325,479.12899999999996
45325,479.12899999999996
45325,288.12300000000005
45325,248.70000000000005
45325,1558.193
45325,1558.193
45325,518.275
45325,218.64099999999996
45325,1558.193
45325,30.059000000000083
45325,511.933
45325,1667.9170000000001
45325,780.31
45325,657.8799999999999
45325,134.4219999999999
45325,155.38799999999992
45325,20.2349999999999
45325,543.6929999999999
45325,155.38799999999992
45325,645.888
45325,821.734
45325,1639.661
45325,255.67700000000002
45325,913.4119999999999
45325,242.35800000000006
45325,1754.5119999999997
45325,1591.94
45325,40.682000000000016
45325,79.84199999999998
45325,1768.3410000000003
45325,334.21899999999994
45325,201.67600000000004
45325,79.84199999999998
45325,113.04600000000005
45325,121.83400000000006
45325,566.057
45325,267.78099999999995
45325,52.53200000000015
45325,66.52300000000014
45325,66.52300000000014
45325,13.990999999999985
45325,282.36799999999994
45325,146.53399999999988
45325,159.93799999999987
45325,159.93799999999987
45325,145.9469999999999
45325,444.22299999999996
45325,132.5429999999999
45325,671.0539999999999
45325,268.37699999999995
45325,145.9469999999999
45325,13.403999999999996
45325,99.41200000000003
45325,538.511
45325,298.27600000000007
45325,36.422000000000025
45325,212.26800000000003
45325,212.26800000000003
45325,175.846
45325,175.846
45325,402.6769999999999
45325,143.35699999999997
45325,175.846
45325,32.48900000000003
45325,238.33400000000006
45325,32.48900000000003
45325,32.48900000000003
45325,353.337
45325,711.7610000000002
45325,226.8309999999999
45325,353.337
45325,40.335000000000036
45325,647.193
45325,40.335000000000036
45325,105.41099999999983
45325,105.41099999999983
45325,197.3510000000001
45325,197.3510000000001
45325,40.44600000000037
45325,197.3510000000001
45325,40.44600000000037
45325,40.44600000000037
45325,212.567
45325,156.90499999999975
45325,623.248
45325,212.567
45325,212.567
45325,55.66200000000026
45325,55.66200000000026
45325,55.66200000000026
45325,376.7369999999996
45325,259.13200000000006
45325,87.43200000000024
45325,68.86200000000008
45325,54.51100000000042
45325,54.51100000000042
45325,33.944000000000415
45325,33.944000000000415
45325,33.944000000000415
45325,33.944000000000415
45325,12.951000000000022
45325,12.951000000000022
45333,1134.2079999999999
45333,36.117000000000004
45333,116.26599999999999
45333,93.11699999999999
45333,23.149
45333,134.916
45333,111.767
45333,111.767
45333,19.031000000000006
45333,886.6209999999999
45333,525.9179999999999
45333,546.5260000000001
45333,857.509
45333,843.384
45333,110.33599999999996
45333,167.01800000000003
45333,37.41000000000008
45333,363.817
45333,363.817
45333,579.3040000000001
45333,363.817
45333,156.18000000000006
45333,156.18000000000006
45333,128.82400000000007
45333,128.82400000000007
45333,128.82400000000007
45333,224.45400000000006
45333,125.49700000000007
45333,333.134
45333,254.24200000000008
45333,118.76999999999998
45333,121.832
45333,990.5840000000001
45333,500.87099999999987
45333,98.957
45333,247.351
45333,29.78800000000001
45333,138.67100000000005
45333,20.60800000000006
45333,536.3829999999999
45333,138.98799999999994
45333,272.62599999999986
45333,418.31999999999994
45333,20.924999999999955
45333,55.891000000000076
45333,397.395
45333,15.329999999999927
45333,451.4370000000001
45333,628.751
45333,13.56899999999996
45333,40.06700000000001
45333,471.89700000000016
45333,359.44399999999996
45333,16.07199999999989
45333,3.0419999999999163
45333,16.08199999999988
45333,435.2840000000001
45333,422.24400000000014
45333,35.855999999999995
45333,35.855999999999995
45333,35.855999999999995
45333,35.855999999999995
45333,22.208000000000084
45333,22.208000000000084
45333,111.65499999999997
45333,95.58899999999994
45333,132.3710000000001
45333,301.7640000000001
45333,116.30500000000006
45333,17.739000000000033
45333,91.91200000000003
45336,84.343
45336,303.41700000000003
45336,45.214
45336,12.125
45336,277.56500000000005
45336,70.65799999999999
45336,1369.395
45336,70.65799999999999
45336,25.866
45336,25.866
45336,44.79199999999999
45336,686.0749999999999
45336,230.151
45336,291.451
45336,702.817
45336,171.121
45336,171.121
45336,34.130000000000024
45336,101.62200000000001
45336,215.83499999999998
45336,548.1229999999999
45336,215.83499999999998
45336,215.83499999999998
45336,548.1229999999999
45336,548.1229999999999
45336,567.065
45336,35.36899999999997
45336,114.21299999999997
45336,78.844
45336,411.13199999999995
45336,312.818
45336,78.844
45336,1298.5349999999999
45336,1612.2939999999999
45336,332.28799999999995
45336,452.85200000000003
45336,156.909
45336,5.822999999999979
45336,267.58799999999997
45336,267.58799999999997
45336,267.58799999999997
45336,169.274
45336,772.1210000000001
45336,267.58799999999997
45336,267.58799999999997
45336,388.15200000000004
45336,116.50199999999995
45336,218.87800000000004
45336,98.31399999999996
45336,1476.46
45336,98.31399999999996
45336,218.87800000000004
45336,98.31399999999996
45336,98.31399999999996
45336,23.173999999999978
45336,527.7070000000001
45336,769.0340000000001
45336,769.0340000000001
45336,23.173999999999978
45336,657.454
45336,64.38700000000006
45336,448.3560000000001
45336,383.96900000000005
45336,155.97000000000014
45336,190.54200000000003
45336,165.27499999999998
45336,130.7030000000001
45336,165.27499999999998
45336,165.27499999999998
45336,165.27499999999998
45336,165.27499999999998
45336,165.27499999999998
45336,34.57199999999989
45336,34.57199999999989
45336,273.8290000000002
45336,185.423
45336,32.50200000000018
45336,152.92099999999982
45336,152.92099999999982
45336,380.13699999999994
45336,775.4729999999997
45336,241.327
45336,557.607
45336,241.327
45336,251.77199999999993
45336,622.5519999999999
45336,291.249
45336,622.5519999999999
45336,622.5519999999999
45336,978.0180000000003
45336,6.6870000000001255
45336,6.6870000000001255
45336,202.84299999999985
45336,202.84299999999985
45336,889.6120000000001
45336,979.1089999999999
45336,160.90699999999993
45336,78.39900000000011
45336,96.87400000000002
45336,160.90699999999993
45336,82.50799999999981
45336,82.50799999999981
45336,177.47000000000003
45336,946.0219999999999
45336,331.3029999999999
45336,113.43700000000013
45336,40.16000000000008
45336,40.16000000000008
45336,40.16000000000008
45336,138.55399999999986
45336,109.16799999999989
45336,177.45200000000023
45336,292.97000000000025
45336,177.45200000000023
45336,31.9050000000002
45336,581.8820000000001
45336,31.9050000000002
45336,614.719
45336,66.23500000000013
45336,20.309999999999945
45336,110.1899999999996
45336,20.309999999999945
45336,115.51800000000003
45336,115.51800000000003
45336,115.51800000000003
45336,657.4739999999997
45336,89.87999999999965
45336,25.638000000000375
45336,25.638000000000375
45336,167.44600000000037
45336,256.9430000000002
45336,25.638000000000375
45336,301.85599999999977
45336,231.30499999999984
45336,301.85599999999977
45336,492.3619999999996
45336,118.21399999999994
45336,28.7170000000001
45336,92.63400000000001
45336,160.04799999999977
45336,89.49699999999984
45336,160.04799999999977
45336,259.2529999999997
45336,169.75599999999986
45336,70.55099999999993
45336,70.55099999999993
45336,261.0569999999998
45336,261.0569999999998
45336,70.55099999999993
45336,63.246000000000095
45336,63.246000000000095
45336,190.50599999999986
45336,66.36799999999994
45336,99.20499999999993
45336,190.50599999999986
45336,71.21399999999994
45336,49.59400000000005
45340,64.49600000000001
45340,28.409
45340,524.603
45340,353.865
45340,524.603
45340,36.087
45340,169.603
45340,884.7379999999999
45340,472.66999999999996
45340,1591.027
45340,1116.755
45340,1116.755
45340,884.7379999999999
45340,23.486999999999995
45340,23.486999999999995
45340,23.486999999999995
45340,32.86099999999999
45340,372.015
45340,751.222
45340,284.80100000000004
45340,29.575999999999993
45340,339.154
45340,721.646
45340,138.84000000000003
45340,309.578
45340,30.29400000000004
45340,30.29400000000004
45340,30.29400000000004
45340,1760.993
45340,574.029
45340,146.67900000000003
45340,461.84000000000003
45340,308.76800000000003
45340,54.35299999999995
45340,54.35299999999995
45340,698.4380000000001
45340,1652.9679999999998
45340,427.35
45340,1293.97
45340,54.35299999999995
45340,345.45500000000004
45340,138.0300000000001
45340,291.1020000000001
45340,644.0850000000002
45340,138.0300000000001
45340,644.0850000000002
45340,644.0850000000002
45340,23.892000000000053
45340,23.892000000000053
45340,297.92999999999995
45340,1484.4769999999999
45340,540.1029999999998
45340,234.96699999999998
45340,506.05500000000006
45340,506.05500000000006
45340,51.80000000000007
45340,51.80000000000007
45340,51.80000000000007
45340,615.7819999999999
45340,172.76599999999996
45340,81.89499999999998
45340,81.89499999999998
45340,126.95299999999997
45340,39.07099999999991
45340,1004.436
45340,1147.893
45340,87.01999999999987
45340,503.7320000000001
45340,27.41800000000012
45340,27.41800000000012
45340,111.5920000000001
45340,111.5920000000001
45340,111.5920000000001
45340,111.5920000000001
45340,34.047999999999774
45340,34.047999999999774
45340,34.047999999999774
45340,915.8759999999997
45340,821.0279999999998
45340,34.99499999999989
45340,34.99499999999989
45340,624.559
45340,42.50199999999995
45340,263.27300000000014
45340,704.877
45340,66.7030000000002
45340,159.86300000000006
45340,159.86300000000006
45340,28.99000000000001
45340,441.6039999999998
45340,42.88999999999987
45340,94.92600000000016
45340,94.92600000000016
45340,94.92600000000016
45340,452.38099999999986
45340,26.850999999999885
45340,143.1489999999999
45340,310.58500000000026
45340,161.47399999999993
45340,161.47399999999993
45340,13.650000000000091
45340,13.650000000000091
45343,115.125
45343,134.265
45343,19.139999999999986
45343,189.602
45343,85.077
45343,23.655
45343,23.655
45343,18.391999999999996
45343,124.976
45343,124.976
45343,124.976
45343,27.769000000000005
45343,27.769000000000005
45343,108.69600000000003
45343,80.92700000000002
45348,965.543
45348,126.28599999999999
45348,126.28599999999999
45348,558.8430000000001
45348,233.39299999999997
45348,441.949
45348,119.673
45348,19.874000000000024
45348,19.874000000000024
45348,141.127
45348,141.127
45348,141.127
45348,68.68599999999998
45348,385.51800000000003
45348,87.47500000000002
45348,87.47500000000002
45348,266.85
45348,141.97200000000004
45348,27.40700000000004
45348,377.856
45348,27.40700000000004
45348,27.40700000000004
45348,27.40700000000004
45348,96.93800000000005
45348,94.55599999999998
45348,94.55599999999998
45348,69.531
45348,350.44899999999996
45348,94.55599999999998
45348,194.409
45348,69.531
45348,94.55599999999998
45348,69.531
45348,25.024999999999977
45348,25.024999999999977
45348,25.024999999999977
45348,195.262
45348,1063.04
45348,275.71700000000004
45348,1063.04
45348,1186.76
45348,13.259999999999991
45348,169.29999999999995
45348,13.259999999999991
45348,13.259999999999991
45348,108.66899999999998
45348,103.63400000000001
45348,103.63400000000001
45348,103.63400000000001
45348,103.63400000000001
45348,510.40700000000004
45348,103.63400000000001
45348,103.63400000000001
45348,103.63400000000001
45348,8.225000000000023
45348,8.225000000000023
45348,60.63099999999997
45348,380.21299999999997
45348,201.09699999999998
45348,72.23000000000002
45348,681.146
45348,334.543
45348,68.14199999999994
45348,68.14199999999994
45348,128.86699999999996
45348,334.543
45348,239.841
45348,239.841
45348,230.101
45348,24.424999999999955
45348,762.02
45348,842.7560000000001
45348,87.82399999999996
45348,94.34900000000005
45348,91.29200000000003
45348,84.76699999999994
45348,502.98299999999995
45348,23.64300000000003
45348,373.163
45348,479.3399999999999
45348,26.56000000000006
45348,99.06999999999994
45348,26.56000000000006
45348,26.56000000000006
45348,1.2810000000000628
45348,346.60299999999995
45348,1164.3809999999999
45348,346.60299999999995
45348,1134.4690000000003
45348,380.27
45348,675.0320000000002
45348,274.0930000000001
45348,178.78600000000006
45348,178.78600000000006
45348,178.78600000000006
45348,31.942999999999984
45348,964.2030000000002
45348,106.17699999999991
45348,817.7779999999998
45348,144.11599999999999
45348,556.73
45348,711.6009999999999
45348,759.2450000000001
45348,22.55899999999997
45348,97.82999999999993
45348,1093.951
45348,1093.951
45348,1093.951
45348,17.093999999999824
45348,95.77100000000019
45348,635.137
45348,12.646000000000186
45348,12.646000000000186
45348,661.4959999999999
45348,274.69399999999996
45348,576.9479999999999
45348,147.346
45348,147.346
45348,147.346
45348,255.26599999999985
45348,128.92299999999977
45348,559.406
45348,431.1769999999997
45348,101.46900000000005
45348,53.82499999999982
45348,69.14000000000033
45348,25.22300000000041
45348,25.22300000000041
45348,25.22300000000041
45348,25.22300000000041
45348,22.42099999999982
45348,233.11399999999958
45348,233.11399999999958
45348,210.69299999999976
45348,74.88299999999981
45348,210.69299999999976
45348,74.88299999999981
45348,80.92100000000028
45348,80.92100000000028
45348,52.03300000000036
45348,80.92100000000028
45348,28.88799999999992
45348,28.88799999999992
45348,103.45199999999977
45348,54.88899999999967
45348,54.88899999999967
45348,13.679999999999836
45348,33.35500000000002
45348,13.679999999999836
45348,9.724999999999909
45348,3.9549999999999272
45348,97.20400000000018
45348,3.9549999999999272
45348,19.675000000000182
45348,73.57400000000007
45348,34.98000000000002
45348,119.5039999999999
45348,28.721999999999753
45348,85.17799999999988
45348,56.45600000000013
45348,76.94300000000021
45348,13.626000000000204
45349,45.414
45349,35.476
45349,35.476
45349,1106.5800000000002
45349,433.77799999999996
45349,35.476
45349,1.6809999999999974
45349,524.242
45349,275.60900000000004
45349,420.611
45349,589.934
45349,296.581
45349,979.779
45349,166.308
45349,743.653
45349,91.18399999999997
45349,192.72499999999997
45349,82.93299999999999
45349,79.28999999999996
45349,69.11900000000003
45349,86.38999999999999
45349,69.11900000000003
45349,17.270999999999958
45349,225.98699999999997
45349,121.40600000000006
45353,1751.135
45353,1751.135
45353,668.229
45353,203.80700000000002
45353,17.076000000000022
45353,161.871
45353,1125.28
45353,161.871
45353,161.871
45353,1125.28
45353,1394.454
45353,31.492999999999995
45353,331.87199999999996
45353,811.921
45353,300.37899999999996
45353,432.92900000000003
45353,1362.961
45353,963.4090000000001
45353,518.7669999999999
45353,34.46600000000001
45353,135.82600000000002
45353,135.82600000000002
45353,268.3760000000001
45353,101.36000000000001
45353,134.48800000000006
45353,101.36000000000001
45353,99.42200000000003
45353,629.902
45353,99.42200000000003
45353,99.42200000000003
45353,271.28099999999995
45353,250.39099999999985
45353,530.48
45353,530.48
45353,297.48
45353,297.48
45353,582.5329999999999
45353,547.3889999999999
45353,147.837
45353,182.6010000000001
45358,2191.095
45358,2222.256
45358,21.293000000000003
45358,1729.724
45358,1578.364
45358,485.11999999999995
45358,1521.038
45358,1502.193
45358,2829.737
45358,101.821
45358,2829.737
45358,1708.4309999999998
45358,659.711
45358,1708.4309999999998
45358,231.73299999999998
45358,2829.737
45358,659.711
45358,33.007999999999996
45358,1490.7060000000001
45358,1433.38
45358,2760.924
45358,1658.89
45358,2046.2399999999998
45358,2077.401
45358,805.696
45358,1183.7890000000002
45358,701.884
45358,753.261
45358,272.444
45358,1270.46
45358,1270.46
45358,1270.46
45358,1270.46
45358,1327.786
45358,727.1610000000001
45358,1270.46
45358,272.444
45358,2076.242
45358,2076.242
45358,37.902000000000044
45358,1093.2440000000001
45358,492.619
45358,1242.156
45358,1821.2790000000002
45358,155.534
45358,155.534
45358,998.0160000000001
45358,44.24299999999994
45358,886.725
45358,1882.806
45358,842.4820000000001
45358,299.183
45358,2170.0260000000003
45358,1665.7450000000003
45358,2116.168
45358,481.9050000000001
45358,1366.5620000000004
45358,1631.1
45358,1583.623
45358,1631.1
45358,543.2990000000001
45358,112.77099999999996
45358,319.0089999999998
45358,1084.9689999999998
45358,44.64499999999998
45358,44.64499999999998
45358,101.971
45358,79.34300000000007
45358,79.34300000000007
45358,1087.8009999999997
45358,1040.3239999999998
45358,1270.218
45358,1030.4749999999997
45358,52.2800000000002
45358,881.5629999999999
45358,1069.026
45358,564.7450000000001
45358,1069.026
45358,163.89099999999985
45358,681.6760000000004
45358,441.933
45358,410.77199999999993
45358,363.2950000000001
45358,590.172
45358,47.47699999999986
45358,47.47699999999986
45358,185.88500000000022
45358,60.3430000000003
45358,53.858000000000175
45358,10.106000000000222
45362,203.334
45362,29.459000000000003
45362,29.459000000000003
45362,29.459000000000003
45362,64.23599999999999
45362,64.23599999999999
45362,102.643
45362,107.93800000000002
45362,107.93800000000002
45362,6.682000000000016
45362,50.793000000000006
45362,36.823999999999984
45362,50.793000000000006
45362,13.969000000000023
45362,386.93100000000004
45362,244.90099999999995
45362,71.44400000000002
45362,131.34300000000002
45362,38.36400000000003
45362,1087.3729999999998
45362,116.53499999999997
45362,655.1480000000001
45362,655.1480000000001
45362,994.3939999999999
45362,67.48799999999994
45362,56.92199999999997
45362,144.01900000000006
45362,802.5230000000001
45362,100.0870000000001
45362,629.299
45362,1103.834
45362,789.5330000000001
45362,789.5330000000001
45362,1053.861
45362,773.7250000000001
45362,41.065000000000055
45362,824.4269999999999
45362,46.03200000000004
45362,46.03200000000004
45362,137.06099999999992
45362,158.02199999999993
45362,874.038
45362,36.78800000000001
45362,36.78800000000001
45362,275.5160000000001
45362,1104.607
45362,184.87700000000007
45362,387.25699999999983
45362,169.6579999999999
45362,440.5
45362,322.6490000000001
45362,298.0780000000002
45362,42.52800000000002
45362,280.1210000000001
45362,350.85000000000014
45362,127.57100000000014
45362,280.1210000000001
45362,532.1770000000001
45362,64.69500000000016
45362,467.48199999999997
45362,462.55999999999995
45362,38.00999999999999
45362,91.76699999999983
45362,10.305000000000064
45362,10.305000000000064
45362,75.95899999999983
45362,101.66700000000014
45362,32.01099999999997
45362,329.4570000000001
45362,314.932
45362,53.243000000000166
45362,53.243000000000166
45362,3.161000000000058
45362,136.67499999999995
45362,672.4080000000001
45362,1104.2989999999998
45362,49.972999999999956
45362,49.972999999999956
45362,49.972999999999956
45362,49.972999999999956
45362,49.972999999999956
45362,49.972999999999956
45362,22.926999999999907
45362,107.52800000000002
45362,107.52800000000002
45362,967.6239999999998
45362,32.4380000000001
45362,892.5339999999999
45362,436.9309999999998
45362,158.42600000000016
45362,156.7629999999997
45362,201.90399999999977
45362,156.7629999999997
45362,193.1780000000001
45362,235.0250000000001
45362,17.625
45362,17.625
45362,163.24800000000005
45362,35.10199999999986
45362,35.10199999999986
45362,35.10199999999986
45362,31.1579999999999
45362,31.1579999999999
45362,31.1579999999999
45362,18.34400000000005
45362,39.36799999999994
45362,39.36799999999994
45362,36.41500000000042
45362,45.141000000000076
45362,8.725999999999658
45362,431.8909999999996
45362,471.2940000000003
45362,190.82700000000023
45362,423.16499999999996
45362,710.75
45362,65.81500000000005
45362,36.289000000000215
45362,108.5909999999999
45362,15.552999999999884
45362,340.92899999999963
45362,14.75
45362,88.63999999999987
45362,81.73799999999983
45362,66.98799999999983
45362,66.98799999999983
45362,671.8679999999999
45362,38.58400000000029
45362,6.902000000000044
45362,143.69799999999987
45362,1055.9700000000003
45362,237.67599999999993
45362,633.2839999999997
45362,633.2839999999997
45362,616.998
45362,82.34400000000005
45362,958.1940000000004
45362,45.922000000000025
45362,45.922000000000025
45362,45.922000000000025
45362,45.922000000000025
45362,255.28700000000026
45362,134.82600000000002
45362,48.12900000000036
45362,48.12900000000036
45362,134.82600000000002
45362,98.404
45362,98.404
45362,681.2049999999999
45362,132.83899999999994
45362,835.7460000000001
45362,820.1350000000002
45362,40.847999999999956
45362,818.2940000000003
45362,74.53900000000021
45362,78.2199999999998
45362,32.42100000000028
45362,29.40000000000009
45362,29.40000000000009
45362,267.9939999999997
45362,233.683
45362,78.19800000000032
45362,120.28800000000001
45362,168.27599999999984
45362,12.791000000000167
45362,54.88099999999986
45362,42.08999999999969
45362,42.08999999999969
45362,69.14599999999973
45362,69.14599999999973
45362,206.19999999999982
45362,229.49900000000025
45362,137.0540000000001
45362,99.62800000000016
45362,99.62800000000016
45362,391.00400000000036
45362,37.42599999999993
45362,37.42599999999993
45362,167.73900000000003
45362,182.9380000000001
45362,21.432999999999993
45362,54.48000000000002
45362,54.48000000000002
45362,54.48000000000002
45362,107.02500000000009
45362,109.04500000000007
45362,109.04500000000007
45362,109.04500000000007
45362,22.833999999999833
45362,48.67399999999998
45362,570.94
45362,3.882999999999811
45362,567.0570000000002
45362,268.18899999999985
45362,93.82099999999991
45362,5.1020000000003165
45362,3.58199999999988
45362,3.58199999999988
45362,1.099999999999909
45362,621.7289999999998
45362,19.313000000000102
45362,4.871000000000095
45362,66.4930000000004
45362,61.66899999999987
45362,4.824000000000524
45362,4.824000000000524
45362,246.54899999999998
45362,246.54899999999998
45362,20.98999999999978
45362,20.98999999999978
45362,20.98999999999978
45362,20.98999999999978
45362,20.98999999999978
45362,32.219999999999345
45362,74.14300000000003
45371,581.675
45371,141.334
45371,581.675
45371,928.7379999999999
45371,500.76599999999996
45371,294.70799999999997
45371,500.76599999999996
45371,718.448
45371,500.76599999999996
45371,58.37900000000002
45371,599.644
45371,381.962
45371,63.34099999999995
45371,63.34099999999995
45371,69.68700000000001
45371,217.68200000000002
45371,217.68200000000002
45371,129.38099999999997
45378,959.383
45378,975.068
45378,942.05
45378,775.9549999999999
45378,775.9549999999999
45378,176.037
45378,135.56
45378,434.01700000000005
45378,564.887
45378,74.708
45378,298.457
45378,74.708
45378,74.708
45378,74.708
45378,461.679
45378,74.708
45378,223.74900000000002
45378,177.35399999999998
45378,177.35399999999998
45378,320.76099999999997
45378,436.89700000000005
45378,320.76099999999997
45378,88.77000000000004
45378,46.39500000000004
45378,143.40699999999998
45378,46.39500000000004
45378,312.825
45378,46.39500000000004
45378,72.64099999999996
45378,72.64099999999996
45378,54.636999999999944
45378,24.37099999999998
45378,24.37099999999998
45378,185.52300000000002
45378,351.61800000000005
45378,16.105000000000018
45378,82.31500000000005
45378,66.21000000000004
45378,66.21000000000004
45378,49.926000000000045
45378,103.20799999999997
45378,103.20799999999997
45378,33.01800000000003
45379,263.614
45379,689.286
45379,51.46799999999999
45379,717.6320000000001
45379,340.0
45379,189.923
45379,29.44399999999999
45379,107.148
45379,691.442
45379,46.728999999999985
45379,86.61900000000003
45379,429.51200000000006
45379,342.89300000000003
45379,13.377000000000066
45379,158.62200000000007
45379,9.714000000000055
45421,10.402000000000001
45421,117.381
45421,106.979
45421,106.979
45421,229.26299999999998
45421,75.18400000000003
45421,58.79400000000004
45421,27.753999999999905
45453,478.36400000000003
45453,478.36400000000003
45453,828.3100000000001
45453,117.95400000000001
45453,198.33499999999998
45453,478.36400000000003
45453,478.36400000000003
45453,77.332
45453,75.11099999999999
45453,11.864999999999995
45453,1802.978
45453,63.245999999999995
45453,201.02800000000002
45453,63.245999999999995
45453,176.94
45453,360.41
45453,63.245999999999995
45453,17.13499999999999
45453,17.13499999999999
45453,17.13499999999999
45453,297.164
45453,460.69499999999994
45453,829.857
45453,280.029
45453,120.64700000000002
45453,280.029
45453,24.088000000000022
45453,24.088000000000022
45453,24.088000000000022
45453,726.7860000000001
45453,129.572
45453,726.7860000000001
45453,129.572
45453,964.943
45453,298.15000000000003
45453,298.15000000000003
45453,129.572
45453,29.810000000000002
45453,29.810000000000002
45453,29.810000000000002
45453,168.57800000000003
45453,180.66599999999994
45453,1114.639
45453,1114.639
45453,1430.703
45453,958.8340000000001
45453,486.226
45453,180.66599999999994
45453,687.5550000000001
45453,41.89799999999991
45453,347.45799999999997
45453,169.2800000000001
45453,933.973
45453,933.973
45453,277.75300000000004
45453,933.973
45453,38.39599999999996
45453,38.39599999999996
45453,1080.757
45453,27.807000000000016
45453,27.807000000000016
45453,367.9040000000001
45453,472.60800000000006
45453,628.4129999999999
45453,81.178
45453,628.4129999999999
45453,63.601999999999975
45453,81.178
45453,17.576000000000022
45453,17.576000000000022
45453,17.576000000000022
45453,276.4950000000001
45453,157.067
45453,157.067
45453,157.067
45453,175.8409999999999
45453,157.067
45453,683.327
45453,175.8409999999999
45453,238.15699999999993
45453,81.08999999999992
45453,81.08999999999992
45453,81.08999999999992
45453,18.773999999999887
45453,18.773999999999887
45453,62.31600000000003
45453,83.0780000000002
45453,20.76200000000017
45453,424.4079999999999
45453,103.72299999999996
45453,103.72299999999996
45453,132.51099999999997
45453,424.4079999999999
45453,288.3159999999998
45453,28.78800000000001
45453,28.78800000000001
45453,28.78800000000001
45453,28.78800000000001
45453,28.78800000000001
45453,28.78800000000001
45453,155.80499999999984
45453,155.80499999999984
45453,155.80499999999984
45453,155.80499999999984
45453,155.80499999999984
45453,611.7619999999997
45453,155.80499999999984
45453,16.83499999999981
45453,332.8989999999999
45453,332.1460000000002
45453,332.1460000000002
45453,196.0540000000001
45453,16.082000000000107
45453,16.082000000000107
45460,730.637
45460,19.402000000000008
45460,241.161
45460,83.14699999999999
45460,667.139
45460,233.698
45460,106.75
45460,233.698
45460,36.964
45460,36.964
45460,30.661
45460,126.94800000000001
45460,457.799
45460,31.105999999999966
45460,406.43399999999997
45460,75.583
45460,137.29700000000003
45460,44.47700000000003
45460,375.32800000000003
45460,3.451000000000022
45460,3.451000000000022
45460,3.451000000000022
45460,92.82
45460,92.82
45460,92.82
45460,92.82
45460,92.82
45460,72.75900000000001
45460,20.06099999999998
45460,20.06099999999998
45460,20.06099999999998
45460,238.031
45460,122.10899999999998
45460,122.10899999999998
45460,122.66999999999996
45460,122.66999999999996
45460,50.97900000000004
45460,35.047000000000025
45460,91.01099999999997
45460,48.729999999999905
45460,30.202999999999975
45460,71.69099999999992
45460,18.52699999999993
45460,42.28100000000006
45460,6.265999999999963
45460,25.586000000000013
45460,25.586000000000013
45460,19.32000000000005
45460,4.94500000000005
45460,36.98199999999997
45460,8.34699999999998
45460,42.31200000000001
45508,229.887
45508,196.59799999999998
45508,152.566
45508,20.921
45508,1123.739
45508,162.28699999999998
45508,162.28699999999998
45508,131.64499999999998
45508,162.28699999999998
45508,162.28699999999998
45508,1102.818
45508,162.28699999999998
45508,30.641999999999996
45508,30.641999999999996
45508,577.571
45508,940.531
45508,876.751
45508,323.999
45508,241.45299999999997
45508,445.506
45508,445.506
45508,362.9599999999999
45508,362.9599999999999
45508,43.09100000000012
45508,63.77999999999997
45508,63.77999999999997
45508,357.624
45508,357.624
45508,357.624
45566,926.732
45566,618.003
45566,29.370999999999995
45566,899.644
45566,175.46499999999997
45566,422.236
45566,1195.765
45566,422.236
45566,569.263
45566,395.701
45566,976.096
45566,153.813
45566,234.49399999999997
45566,234.49399999999997
45566,877.992
45566,359.03
45566,90.607
45566,303.53499999999997
45566,543.7629999999999
45566,72.04999999999998
45566,72.04999999999998
45566,313.938
45566,462.48199999999997
45566,1.299999999999983
45566,212.928
45566,1041.9520000000002
45566,724.179
45566,359.067
45566,212.928
45566,659.692
45566,350.963
45566,161.20700000000005
45566,132.247
45566,583.54
45566,643.498
45566,391.032
45566,113.34100000000001
45566,187.74200000000002
45566,334.76900000000006
45566,187.74200000000002
45566,391.032
45566,470.199
45566,470.199
45566,18.906000000000006
45566,74.40100000000001
45566,18.906000000000006
45566,18.906000000000006
45566,829.0240000000001
45566,28.960000000000036
45566,490.616
45566,238.14999999999998
45566,173.562
45566,173.562
45566,143.433
45566,26.534999999999968
45566,1086.529
45566,482.29099999999994
45566,1059.9940000000001
45566,147.02700000000004
45566,147.02700000000004
45566,1247.505
45566,147.02700000000004
45566,1182.4520000000002
45566,90.644
45566,147.02700000000004
45566,40.5
45566,40.5
45566,112.64599999999996
45566,365.11199999999997
45566,338.85799999999995
45566,14.245999999999981
45566,338.85799999999995
45566,943.096
45566,563.315
45566,324.61199999999997
45566,642.3850000000001
45566,61.61500000000001
45566,324.61199999999997
45566,626.5020000000001
45566,308.7289999999999
45566,308.7289999999999
45566,56.26299999999992
45566,406.83299999999997
45566,308.7289999999999
45566,580.7700000000001
45566,10.530999999999949
45566,203.039
45566,476.9230000000001
45566,856.7040000000001
45566,192.50800000000004
45566,252.466
45566,252.466
45566,856.7040000000001
45566,59.95799999999997
45566,59.95799999999997
45566,202.72500000000002
45566,59.95799999999997
45566,377.7310000000001
45566,59.95799999999997
45566,98.10400000000004
45566,224.4570000000001
45566,317.77300000000014
45566,224.4570000000001
45566,98.10400000000004
45566,142.76700000000005
45566,4.182999999999993
45566,908.0719999999999
45566,4.182999999999993
45566,130.53500000000008
45566,600.531
45566,325.16499999999996
45566,126.35300000000007
45566,506.134
45566,126.35300000000007
45566,149.12799999999993
45566,461.471
45566,435.7639999999999
45566,66.90000000000009
45566,81.69000000000005
45566,14.789999999999964
45566,14.789999999999964
45566,14.789999999999964
45566,93.31600000000003
45566,379.78099999999995
45566,93.31600000000003
45566,25.878000000000156
45566,286.63599999999997
45566,376.67999999999984
45566,185.15100000000007
45566,158.29500000000007
45566,100.37400000000002
45566,322.9290000000001
45566,7.586000000000013
45566,959.127
45566,231.67399999999998
45566,57.92100000000005
45566,57.92100000000005
45566,224.08799999999997
45566,6.326999999999998
45566,6.326999999999998
45566,3.22400000000016
45566,25.707000000000107
45566,1039.425
45566,25.707000000000107
45566,260.991
45566,293.6199999999999
45566,122.45800000000008
45566,122.45800000000008
45566,389.06999999999994
45566,90.21499999999992
45566,166.16699999999992
45566,75.952
45566,75.952
45566,973.4580000000001
45566,973.4580000000001
45566,973.4580000000001
45566,127.45299999999997
45566,21.34400000000005
45566,222.90300000000002
45566,47.77299999999991
45566,47.77299999999991
45566,59.64300000000003
45566,11.870000000000118
45566,58.33600000000001
45566,141.91599999999994
45566,36.197999999999865
45566,90.98399999999992
45566,17.22699999999986
45566,250.7750000000001
45566,112.67699999999991
45566,73.75700000000006
45566,21.692999999999984
45566,21.692999999999984
45566,130.02300000000014
45566,21.692999999999984
45566,1215.604
45566,862.135
45566,108.33000000000015
45566,580.7569999999998
45566,29.76800000000003
45566,29.76800000000003
45566,472.4269999999997
45566,143.41399999999976
45566,29.76800000000003
45566,235.48799999999983
45566,113.64599999999973
45566,82.47299999999996
45566,417.3620000000001
45566,13.28500000000031
45566,31.172999999999774
45566,31.172999999999774
45566,31.172999999999774
45566,12.116999999999734
45566,12.116999999999734
45566,12.116999999999734
45566,237.71799999999985
45566,225.6010000000001
45566,455.1020000000003
45566,225.6010000000001
45566,135.34500000000025
45566,302.9810000000002
45566,13.503000000000156
45566,251.0619999999999
45566,13.503000000000156
45566,90.25599999999986
45566,90.25599999999986
45566,193.66799999999967
45566,237.55899999999974
45566,237.55899999999974
45566,90.25599999999986
45566,36.69300000000021
45566,183.9960000000001
45566,147.30299999999988
45566,147.30299999999988
45566,199.2220000000002
45566,147.30299999999988
45566,163.61400000000003
45566,163.61400000000003
45566,865.703
45566,95.8100000000004
45566,43.891000000000076
45566,95.8100000000004
45566,51.919000000000324
45566,19.271000000000186
45566,19.271000000000186
45566,539.0369999999998
45566,30.278999999999996
45566,381.058
45566,973.0839999999998
45566,155.28899999999976
45566,764.5209999999997
45566,508.7579999999998
45566,973.0839999999998
45566,109.69299999999976
45566,5.641999999999825
45566,780.3429999999998
45566,195.49000000000024
45566,104.05099999999993
45566,504.9949999999999
45566,187.88400000000001
45566,817.7950000000001
45566,713.7440000000001
45566,249.41800000000012
45566,400.94399999999996
45566,713.7440000000001
45566,400.94399999999996
45566,328.63700000000017
45566,629.9110000000001
45566,157.97899999999981
45566,260.87999999999965
45566,157.97899999999981
45566,321.03099999999995
45566,157.97899999999981
45566,157.97899999999981
45566,22.72699999999986
45566,22.72699999999986
45566,185.779
45566,278.4899999999998
45566,167.11400000000003
45566,167.11400000000003
45566,255.76299999999992
45566,361.4250000000002
45566,48.625
45566,48.625
45566,48.625
45566,15.588000000000193
45566,15.588000000000193
45566,15.588000000000193
45566,15.588000000000193
45566,15.588000000000193
45566,4.061999999999898
45566,297.212
45566,88.64899999999989
45566,297.212
45566,208.5630000000001
45566,43.09400000000005
45566,43.09400000000005
45567,117.86800000000001
45567,1161.8349999999998
45567,652.525
45567,292.698
45567,147.63099999999997
45567,371.27199999999993
45567,1885.6220000000003
45567,371.27199999999993
45567,29.299999999999955
45567,888.005
45567,1759.5440000000003
45567,1759.5440000000003
45567,122.90300000000002
45567,502.2879999999999
45567,502.2879999999999
45567,1514.3500000000004
45567,30.12900000000002
45567,30.12900000000002
45567,1311.7720000000002
45567,261.5150000000001
45567,261.5150000000001
45567,310.03600000000006
45567,262.8140000000001
45567,214.29300000000012
45567,214.29300000000012
45567,48.52099999999996
45567,48.52099999999996
45567,48.52099999999996
45567,920.0600000000002
45567,591.614
45567,48.52099999999996
45567,543.0930000000001
45567,1040.395
45567,543.0930000000001
45567,543.0930000000001
45567,116.12200000000007
45567,98.34300000000007
45567,98.34300000000007
45567,98.34300000000007
45567,84.86400000000003
45567,84.86400000000003
45567,40.37300000000005
45567,44.490999999999985
45567,44.490999999999985
45567,28.753000000000156
45567,357.1990000000003
45567,28.753000000000156
45567,178.3549999999998
45567,162.33000000000015
45567,178.3549999999998
45567,178.3549999999998
45567,178.3549999999998
45567,16.024999999999636
45567,166.11599999999999
45567,166.11599999999999
45567,150.09100000000035
45567,34.751000000000204
45567,10.56399999999985
45659,225.062
45659,13.564
45659,12.464
45659,12.464
45659,68.376
45659,68.376
45659,134.07899999999998
45659,68.376
45659,293.608
45659,9.364000000000004
45659,225.23199999999997
45659,50.34100000000001
45659,5.1769999999999925
45659,5.1769999999999925
45659,5.1769999999999925
45659,83.08299999999997
45659,86.58500000000004
45660,105.319
45660,9.814
45660,299.898
45660,68.214
45660,299.898
45660,299.898
45660,299.898
45660,189.611
45660,68.214
45660,231.684
45660,231.684
45660,24.727999999999994
45660,231.684
45660,96.669
45660,198.63300000000004
45660,206.95600000000002
45660,206.95600000000002
45660,133.791
45660,133.791
45660,10.420999999999992
45660,38.97199999999998
45660,8.322999999999979
45660,59.14299999999997
45660,20.937999999999988
45660,151.86500000000007
45661,180.072
45661,159.28
45661,159.28
45661,159.28
45661,17.843999999999994
45661,17.843999999999994
45661,17.843999999999994
45661,17.843999999999994
45661,117.87799999999999
45661,17.16799999999995
45661,135.78799999999995
45661,543.854
45661,102.23500000000001
45661,128.01
45661,111.625
45951,684.943
45951,439.283
45951,267.58500000000004
45951,267.58500000000004
45951,117.987
45951,606.929
45951,606.929
45951,606.929
45951,606.929
45951,77.02800000000002
45951,248.726
45951,71.58400000000003
45951,243.282
45951,71.58400000000003
45951,71.58400000000003
45951,184.253
45951,23.343999999999994
45951,394.473
45951,108.57499999999999
45951,108.57499999999999
45951,108.57499999999999
45951,16.65300000000002
45951,941.9960000000001
45951,941.9960000000001
45951,63.12299999999999
45951,63.12299999999999
45951,10.788999999999987
45951,1047.946
45951,245.65999999999997
45951,1037.157
45951,94.89800000000002
45951,101.947
45951,11.84800000000007
45951,11.84800000000007
45951,11.84800000000007
45951,325.35400000000004
45951,88.29999999999995
45951,59.21900000000005
45951,18.734000000000037
45951,18.734000000000037
45951,4.144999999999982
45951,4.144999999999982
45951,35.37600000000009
45951,85.20999999999992
45951,85.20999999999992
45951,379.506
45951,43.35299999999995
45951,294.29600000000005
45951,372.41499999999996
45951,118.27600000000007
45951,103.05999999999995
45951,29.295000000000073
45951,73.00999999999999
45951,25.88499999999999
45951,22.355999999999995
45951,22.355999999999995
45951,22.355999999999995
45963,61.914
45963,139.68400000000003
45963,139.68400000000003
45963,4.103000000000009
45963,54.010999999999996
45973,294.274
45973,796.524
45973,45.156
45973,546.282
45973,97.949
45973,97.949
45973,673.74
45973,97.949
45973,97.949
45973,547.787
45973,75.95
45973,1406.1180000000002
45973,1357.978
45973,1335.979
45973,449.838
45973,357.244
45973,151.16899999999998
45973,151.16899999999998
45973,151.16899999999998
45973,128.03199999999998
45973,23.137
45973,447.759
45973,1256.087
45973,23.137
45973,445.666
45973,424.622
45973,445.666
45973,445.666
45973,206.07500000000005
45973,767.238
45973,1000.4780000000001
45973,1273.3400000000001
45973,1304.7389999999998
45973,239.59099999999995
45973,1026.875
45973,92.594
45973,180.61299999999994
45973,1192.6190000000001
45973,146.99699999999996
45973,1159.0030000000002
45973,146.99699999999996
45973,125.95299999999997
45973,146.99699999999996
45973,1105.498
45973,760.188
45973,760.188
45973,1033.0500000000002
45973,1124.339
45973,1124.339
45973,739.144
45973,677.4939999999999
45973,955.422
45973,538.4559999999999
45973,939.738
45973,477.2940000000001
45973,307.8220000000001
45973,162.0730000000001
45973,162.0730000000001
45973,362.27099999999996
45973,301.10900000000015
45973,159.25200000000018
45973,343.76800000000003
45973,200.19799999999987
45973,200.19799999999987
45973,323.5519999999999
45973,90.45399999999995
45973,361.808
45973,210.48599999999988
45973,188.8699999999999
45973,61.16199999999981
45973,61.16199999999981
45973,61.16199999999981
45973,123.35400000000004
45973,347.77700000000004
45973,142.93399999999997
45973,142.93399999999997
45973,224.72199999999998
45973,224.72199999999998
45973,10.809999999999945
45973,10.809999999999945
45973,76.423
45973,53.50500000000011
45973,138.72000000000003
45973,112.33299999999986
45973,53.141999999999825
45973,32.07300000000009
45973,59.19100000000003
45973,59.19100000000003
45980,603.926
45980,182.85999999999999
45980,513.043
45980,219.99
45980,182.85999999999999
45980,219.99
45980,219.99
45980,39.61200000000002
45980,158.009
45980,39.61200000000002
45980,423.548
45980,37.130000000000024
45980,37.130000000000024
45980,37.130000000000024
45980,561.5
45980,153.64699999999996
45980,153.64699999999996
45980,118.39699999999996
45980,1056.124
45980,153.64699999999996
45980,250.296
45980,265.53900000000004
45980,174.656
45980,899.72
45980,206.627
45980,512.6800000000001
45980,1000.259
45980,964.0430000000001
45980,964.0430000000001
45980,1000.259
45980,231.317
45980,763.071
45980,373.274
45980,451.43100000000004
45980,881.0630000000001
45980,282.39099999999996
45980,197.615
45980,947.4540000000001
45980,947.4540000000001
45980,561.444
45980,86.87099999999998
45980,57.18100000000004
45980,57.18100000000004
45980,57.18100000000004
45980,57.18100000000004
45980,57.18100000000004
45980,84.77599999999995
45980,101.57500000000005
45980,165.36
45980,165.36
45980,78.78700000000003
45980,250.21499999999992
45980,86.57299999999998
45980,279.669
45980,31.603999999999928
45980,248.06500000000005
45980,254.66200000000003
45980,35.468000000000075
45980,35.468000000000075
45980,165.43399999999997
45980,208.32000000000016
45980,99.57300000000009
45980,23.31899999999996
45980,25.557000000000016
46003,174.78099999999998
46003,96.864
46003,880.3820000000001
46003,880.3820000000001
46003,576.854
46003,920.783
46003,2006.721
46003,880.3820000000001
46003,174.78099999999998
46003,494.41700000000003
46003,92.344
46003,14.427000000000007
46003,77.91699999999999
46003,77.91699999999999
46003,77.91699999999999
46003,77.91699999999999
46003,77.91699999999999
46003,77.91699999999999
46003,1206.948
46003,77.91699999999999
46003,1156.325
46003,783.518
46003,402.073
46003,705.601
46003,1697.862
46003,746.002
46003,746.002
46003,746.002
46003,133.25800000000004
46003,133.25800000000004
46003,468.716
46003,165.188
46003,165.188
46003,133.25800000000004
46003,307.71500000000003
46003,165.188
46003,133.25800000000004
46003,31.92999999999995
46003,708.265
46003,31.92999999999995
46003,708.265
46003,708.265
46003,930.427
46003,676.335
46003,150.81100000000004
46003,676.335
46003,303.528
46003,676.335
46003,1202.43
46003,161.00099999999998
46003,161.00099999999998
46003,193.11799999999994
46003,525.524
46003,785.3190000000001
46003,1304.3919999999998
46003,152.71699999999998
46003,372.807
46003,423.43000000000006
46003,40.400999999999954
46003,40.400999999999954
46003,999.311
46003,838.8280000000001
46003,838.8280000000001
46003,858.5010000000001
46003,50.62300000000005
46003,666.905
46003,50.62300000000005
46003,50.62300000000005
46003,666.905
46003,222.16200000000003
46003,171.539
46003,209.17200000000003
46003,405.2479999999998
46003,171.539
46003,455.799
46003,568.8309999999999
46003,444.74299999999994
46003,556.7059999999999
46003,397.2919999999999
46003,196.0759999999998
46003,407.1099999999999
46003,407.1099999999999
46003,266.29999999999995
46003,5.000999999999976
46003,322.99700000000007
46003,19.673000000000002
46003,19.673000000000002
46003,19.673000000000002
46003,140.80999999999995
46003,140.80999999999995
46003,93.35899999999992
46003,47.45100000000002
46003,47.45100000000002
46003,47.45100000000002
46003,47.45100000000002
46003,47.45100000000002
46003,111.96299999999997
46003,25.336000000000013
46003,67.96499999999992
46004,397.36
46004,993.6210000000001
46004,988.077
46004,46.77499999999999
46004,46.77499999999999
46004,1980.461
46004,200.65099999999998
46004,1169.001
46004,200.65099999999998
46004,200.65099999999998
46004,200.65099999999998
46004,200.65099999999998
46004,1169.001
46004,523.024
46004,872.0600000000001
46004,23.470000000000027
46004,23.470000000000027
46004,143.14799999999997
46004,271.01199999999994
46004,143.14799999999997
46004,143.14799999999997
46004,36.75799999999998
46004,36.75799999999998
46004,36.75799999999998
46004,192.51300000000003
46004,36.75799999999998
46004,705.442
46004,787.2850000000001
46004,705.442
46004,574.0330000000001
46004,1055.305
46004,155.75500000000005
46004,705.442
46004,1109.77
46004,751.07
46004,27.891000000000076
46004,645.977
46004,418.278
46004,549.687
46004,549.687
46004,954.015
46004,463.49799999999993
46004,463.49799999999993
46004,24.454000000000065
46004,106.95499999999993
46004,106.95499999999993
46004,511.2829999999999
46004,967.9299999999998
46004,26.18399999999997
46004,376.047
46004,349.86300000000006
46004,860.9749999999999
46004,96.28999999999996
46004,217.0909999999999
46004,308.038
46004,253.5730000000001
46004,208.769
46004,43.59899999999993
46004,187.23700000000008
46004,187.23700000000008
46004,27.029999999999973
46004,27.029999999999973
46004,44.80400000000009
46004,528.712
46004,528.712
46004,17.774000000000115
46004,72.23900000000003
46004,17.774000000000115
46004,72.23900000000003
46004,17.774000000000115
46004,54.46499999999992
46004,42.18299999999999
46004,42.18299999999999
46004,32.63300000000004
46004,32.63300000000004
46004,34.700000000000045
46016,203.783
46016,151.78199999999998
46016,203.783
46016,113.28899999999999
46016,113.28899999999999
46016,359.51300000000003
46016,52.001000000000005
46016,246.43099999999998
46016,359.51300000000003
46016,113.28899999999999
46016,142.145
46016,173.58599999999998
46016,142.145
46016,440.063
46016,80.85700000000003
46016,333.866
46016,133.142
46016,133.142
46016,112.298
46016,80.85700000000003
46016,31.440999999999974
46016,327.765
46016,20.843999999999994
46016,22.633000000000038
46016,178.09099999999995
46016,173.336
46016,162.995
46016,87.60500000000002
46016,75.35300000000007
46016,85.69400000000007
46016,50.49800000000005
46016,61.139999999999986
46205,719.4559999999999
46205,11.865
46205,424.603
46205,707.591
46205,79.26599999999999
46205,346.758
46205,24.042
46205,345.337
46205,83.826
46205,24.042
46205,78.596
46205,411.67800000000005
46205,65.654
46205,149.935
46205,75.53300000000002
46205,75.53300000000002
46205,173.21800000000002
46205,52.894000000000005
46205,263.60100000000006
46205,52.894000000000005
46205,27.538999999999987
46205,27.538999999999987
46205,111.57600000000002
46205,111.57600000000002
46205,18.790999999999997
46205,168.22800000000007
46205,940.182
46205,77.84500000000003
46205,90.38300000000004
46205,990.0640000000001
46205,90.38300000000004
46205,608.6959999999999
46205,957.1039999999999
46205,741.7459999999999
46205,28.950999999999908
46205,692.6109999999999
46205,821.5950000000001
46205,272.149
46205,737.1300000000001
46205,737.1300000000001
46205,76.76600000000008
46205,54.83400000000006
46205,707.0760000000001
46205,252.47500000000002
46205,71.11599999999999
46205,71.11599999999999
46205,49.18399999999997
46205,67.38099999999997
46205,37.391000000000076
46205,113.97800000000007
46205,272.3019999999999
46205,51.149
46205,399.76700000000005
46205,46.84500000000003
46205,352.922
46205,352.922
46205,327.903
46205,75.82200000000012
46205,35.39499999999998
46205,61.16899999999987
46205,157.93500000000017
46205,157.93500000000017
46205,127.72700000000009
46205,127.72700000000009
46205,4.441000000000031
46217,600.0540000000001
46217,614.599
46217,600.0540000000001
46217,614.599
46217,1183.9740000000002
46217,8.006
46217,55.785
46217,513.994
46217,47.778999999999996
46217,1082.242
46217,214.044
46217,94.16399999999999
46217,497.624
46217,24.870000000000005
46217,78.68299999999999
46217,497.624
46217,497.624
46217,222.571
46217,1254.753
46217,458.20900000000006
46217,642.423
46217,197.701
46217,415.481
46217,251.38899999999998
46217,418.94100000000003
46217,254.96900000000002
46217,284.516
46217,24.00799999999998
46217,24.00799999999998
46217,120.42399999999998
46217,1057.052
46217,844.4280000000001
46217,1057.052
46217,14.66500000000002
46217,14.66500000000002
46217,14.66500000000002
46217,14.66500000000002
46217,945.9709999999999
46217,149.42700000000002
46217,14.544999999999959
46217,14.544999999999959
46217,14.544999999999959
46217,14.544999999999959
46217,169.66899999999998
46217,179.25099999999998
46217,179.25099999999998
46217,179.25099999999998
46217,9.581999999999994
46217,399.70600000000013
46217,423.5300000000001
46217,390.12400000000014
46217,368.16999999999996
46217,368.16999999999996
46217,368.16999999999996
46217,354.4910000000001
46217,47.08499999999981
46217,13.67899999999986
46217,13.67899999999986
46217,23.569999999999936
46217,7.9909999999999854
46218,170.548
46218,143.318
46218,61.69300000000001
46218,6.506
46218,82.417
46218,82.417
46218,52.766000000000005
46218,52.766000000000005
46218,810.4960000000001
46218,875.711
46218,40.28800000000001
46218,40.28800000000001
46218,131.00100000000003
46218,131.00100000000003
46218,122.27500000000003
46218,1.9879999999999995
46218,1.9879999999999995
46218,301.395
46218,108.71899999999994
46218,121.72500000000002
46218,546.0640000000001
46218,468.78600000000006
46218,350.42500000000007
46218,53.36900000000003
46218,424.33900000000006
46218,80.654
46218,19.55899999999997
46218,19.55899999999997
46218,126.21000000000004
46218,87.678
46218,126.21000000000004
46218,343.68500000000006
46218,178.72900000000004
46218,389.55899999999997
46218,998.899
46218,360.53499999999997
46218,615.939
46218,77.27800000000002
46218,20.070999999999913
46218,77.27800000000002
46218,57.20700000000011
46218,18.39300000000003
46218,18.39300000000003
46218,97.6909999999998
46218,161.9119999999998
46218,3.1019999999998618
46218,4.501999999999953
46218,4.501999999999953
46218,5.570999999999913
46218,46.75299999999993
46218,6.602000000000089
46218,686.539
46218,199.6210000000001
46218,133.481
46218,166.69499999999994
46218,1015.787
46218,21.064000000000078
46218,11.301999999999907
46218,11.301999999999907
46218,207.683
46218,207.683
46218,362.01800000000003
46218,875.0369999999998
46218,154.33500000000004
46218,119.54099999999994
46218,7.583000000000084
46218,494.65700000000015
46218,78.68000000000029
46218,352.6840000000002
46218,39.434999999999945
46218,319.9540000000002
46218,313.24900000000025
46218,11.431999999999789
46218,11.431999999999789
46218,262.5720000000001
46218,268.7959999999998
46218,64.42300000000023
46218,398.94399999999996
46218,64.42300000000023
46218,373.009
46218,206.4960000000001
46218,308.5859999999998
46218,204.3729999999996
46218,152.47899999999981
46218,308.5859999999998
46218,152.47899999999981
46218,431.7769999999996
46218,50.695000000000164
46218,116.22499999999991
46218,51.89399999999978
46218,51.89399999999978
46218,6.223999999999705
46218,104.21300000000019
46218,70.11100000000033
46218,104.21300000000019
46218,104.21300000000019
46218,193.42399999999998
46218,12.766000000000076
46218,110.02199999999993
46218,97.25599999999986
46218,14.948999999999614
46218,14.948999999999614
46218,14.948999999999614
46407,48.421
46407,5.585000000000001
46407,106.02000000000001
46407,930.095
46407,7.746000000000002
46407,1500.361
46407,1284.741
46407,92.68900000000001
46407,744.8799999999999
46407,210.64
46407,744.8799999999999
46407,48.85400000000004
46407,19.25600000000003
46407,1197.0320000000002
46407,768.1660000000002
46407,1177.776
46407,962.156
46407,594.179
46407,514.9839999999999
46407,1177.776
46407,594.179
46407,914.7159999999999
46407,962.156
46407,79.19500000000005
46407,662.7920000000001
46407,399.73199999999997
46407,188.7020000000001
46407,154.7310000000001
46407,154.7310000000001
46407,154.7310000000001
46407,33.971000000000004
46407,394.895
46407,394.895
46407,394.895
46407,21.91099999999983
46407,284.971
46407,263.9000000000001
46407,263.9000000000001
46407,263.0600000000002
46407,248.81400000000008
46407,33.19399999999996
46407,33.19399999999996
46407,953.883
46407,758.732
46407,1263.574
46407,233.72000000000003
46407,215.62000000000012
46407,986.432
46407,6.782999999999902
46407,709.3709999999999
46407,90.33500000000004
46407,691.271
46407,691.271
46407,388.74700000000007
46407,1029.854
46407,635.1070000000002
46407,889.3140000000001
46407,889.3140000000001
46407,913.789
46407,125.38300000000004
46407,852.267
46407,8.663000000000011
46407,155.962
46407,8.663000000000011
46407,79.40699999999993
46407,79.40699999999993
46407,147.29899999999998
46407,79.40699999999993
46407,6.105000000000018
46407,26.25999999999999
46407,67.89200000000005
46407,26.25999999999999
46407,26.25999999999999
46407,47.05600000000004
46407,171.154
46407,41.63200000000006
46407,611.56
46407,518.9700000000003
46407,453.2249999999999
46407,166.25900000000001
46407,166.25900000000001
46407,110.09500000000025
46407,110.09500000000025
46407,80.154
46407,166.25900000000001
46407,86.10500000000002
46407,363.16600000000017
46407,86.10500000000002
46407,612.1419999999998
46407,697.7439999999997
46407,56.16399999999976
46407,56.16399999999976
46407,6.907000000000153
46407,6.907000000000153
46407,648.4870000000001
46407,338.5830000000001
46407,338.5830000000001
46407,338.5830000000001
46407,641.5799999999999
46407,884.3469999999998
46407,337.72299999999996
46407,231.68399999999974
46407,231.68399999999974
46407,822.8249999999998
46407,276.201
46407,302.99699999999984
46407,198.4079999999999
46407,276.201
46407,16.289999999999964
46407,78.31500000000005
46407,44.51700000000028
46407,591.1410000000001
46407,71.3130000000001
46407,44.51700000000028
46407,26.79599999999982
46407,26.79599999999982
46407,519.828
46407,8.527000000000044
46407,8.527000000000044
46407,8.527000000000044
46407,8.527000000000044
46407,38.659999999999854
46409,206.69899999999998
46409,566.295
46409,956.953
46409,206.69899999999998
46409,15.033000000000015
46409,172.926
46409,163.57399999999998
46409,887.741
46409,163.57399999999998
46409,398.89199999999994
46409,1223.821
46409,1223.821
46409,303.9580000000001
46409,303.9580000000001
46409,1035.19
46409,49.32499999999999
46409,49.32499999999999
46409,510.78499999999997
46409,13.019999999999982
46409,998.885
46409,270.212
46409,270.212
46409,620.291
46409,270.212
46409,270.212
46409,270.212
46409,675.296
46409,270.212
46409,214.57400000000007
46409,55.63799999999992
46409,55.63799999999992
46409,259.7009999999999
46409,1139.229
46409,627.422
46409,90.59000000000003
46409,1046.714
46409,715.653
46409,614.8969999999999
46409,178.93899999999996
46409,956.1239999999999
46409,113.47299999999996
46409,314.494
46409,742.381
46409,956.1239999999999
46409,314.494
46409,201.02100000000007
46409,122.52600000000007
46409,819.161
46409,654.9030000000001
46409,364.5100000000001
46409,285.7510000000001
46409,819.161
46409,144.62400000000002
46409,737.3829999999999
46409,282.7320000000001
46409,319.7700000000001
46409,40.57899999999995
46409,283.5849999999999
46409,14.426000000000045
46409,506.91200000000003
46409,641.6299999999999
46409,477.37200000000007
46409,186.97900000000004
46409,261.698
46409,17.23599999999999
46409,428.5010000000001
46409,629.6360000000001
46409,100.59300000000007
46409,100.59300000000007
46409,382.53600000000006
46409,11.583000000000084
46409,1051.056
46409,78.75900000000001
46409,58.48000000000002
46409,898.76
46409,533.4099999999999
46409,61.87999999999988
46409,20.278999999999996
46409,261.1869999999999
46409,61.87999999999988
46409,41.600999999999885
46409,41.600999999999885
46409,816.5409999999999
46409,2.5019999999999527
46409,199.30700000000002
46409,413.04999999999995
46409,1200.447
46409,169.46000000000004
46409,729.989
46409,331.0609999999999
46409,367.9380000000001
46409,79.02500000000009
46409,213.74299999999994
46409,213.74299999999994
46409,79.02500000000009
46409,563.1859999999999
46409,1050.0769999999998
46409,529.608
46409,134.71799999999985
46409,171.59500000000003
46409,500.068
46409,134.71799999999985
46409,36.87700000000018
46409,36.87700000000018
46409,36.87700000000018
46409,362.05099999999993
46409,328.47299999999996
46409,12.960000000000036
46409,252.63900000000012
46409,485.4530000000002
46409,239.6790000000001
46409,273.25700000000006
46409,273.25700000000006
46409,239.6790000000001
46409,273.25700000000006
46409,760.1479999999999
46409,239.6790000000001
46409,1074.7890000000002
46409,2.3230000000000928
46409,291.4340000000002
46409,291.4340000000002
46409,289.1110000000001
46409,172.67399999999998
46409,135.41499999999996
46409,75.04500000000007
46409,769.1960000000001
46409,33.577999999999975
46409,118.5150000000001
46409,33.577999999999975
46409,33.577999999999975
46409,33.577999999999975
46409,116.43700000000013
46409,120.55700000000002
46409,388.4689999999998
46409,845.0739999999998
46409,401.9539999999997
46409,538.2599999999998
46409,538.2599999999998
46409,506.75999999999976
46409,975.5859999999998
46409,5.856999999999971
46409,740.4490000000001
46409,315.0369999999998
46409,39.89300000000003
46409,709.8240000000001
46409,894.1199999999999
46409,51.92399999999998
46409,648.6320000000001
46409,116.61999999999989
46409,98.42200000000003
46409,98.42200000000003
46409,85.91100000000006
46409,456.605
46409,240.63900000000012
46409,12.510999999999967
46409,12.510999999999967
46409,12.510999999999967
46409,164.279
46409,5.8530000000000655
46409,3.581000000000131
46409,315.24000000000024
46409,311.6590000000001
46409,63.03699999999981
46409,256.9409999999998
46409,305.17700000000013
46409,305.17700000000013
46409,276.59500000000025
46409,276.59500000000025
46409,276.59500000000025
46409,193.904
46409,239.21900000000005
46409,184.50099999999975
46409,239.21900000000005
46409,54.7180000000003
46409,54.7180000000003
46409,54.7180000000003
46409,10.23700000000008
46409,4.548999999999978
46409,4.548999999999978
46409,35.715999999999894
46419,120.66799999999998
46419,236.86200000000002
46419,1232.681
46419,71.39399999999999
46419,1342.9470000000001
46419,43.241000000000014
46419,1161.287
46419,348.78799999999995
46419,157.063
46419,53.44399999999999
46419,53.44399999999999
46419,1129.595
46419,1165.7610000000002
46419,1076.151
46419,103.619
46419,442.448
46419,1246.2620000000002
46419,71.50700000000003
46419,33.74000000000004
46419,1076.151
46419,229.91199999999992
46419,41.74799999999999
46419,1004.644
46419,1267.0
46419,28.130999999999972
46419,1306.545
46419,1170.7740000000001
46419,1062.142
46419,972.5319999999999
46419,972.5319999999999
46419,1041.835
46419,1041.835
46419,139.72599999999994
46419,139.72599999999994
46419,11.504999999999995
46419,965.9279999999999
46419,883.3219999999999
46419,883.3219999999999
46419,881.181
46419,1203.76
46419,217.098
46419,851.693
46419,1143.537
46419,1203.76
46419,812.499
46419,812.499
46419,1074.855
46419,812.499
46419,982.6100000000001
46419,969.965
46419,664.083
46419,664.083
46419,926.439
46419,201.81600000000003
46419,88.44500000000005
46419,88.44500000000005
46419,706.9449999999999
46419,851.14
46419,113.37099999999998
46419,113.37099999999998
46419,394.41999999999996
46419,113.37099999999998
46419,545.2579999999999
46419,737.769
46419,68.87599999999998
46419,68.87599999999998
46419,68.87599999999998
46419,4.72199999999998
46419,4.72199999999998
46419,188.4090000000001
46419,188.4090000000001
46419,212.173
46419,1243.9720000000002
46419,48.34299999999985
46419,48.34299999999985
46419,48.34299999999985
46419,48.34299999999985
46419,24.57899999999995
46419,150.83799999999997
46419,24.57899999999995
46419,24.57899999999995
46419,121.34999999999991
46419,844.6150000000002
46419,96.77099999999996
46419,126.25900000000001
46419,844.6150000000002
46419,1007.2200000000003
46419,102.73000000000002
46419,21.685999999999922
46419,272.55899999999997
46419,10.202999999999975
46419,188.36300000000006
46419,16.368000000000166
46419,189.11400000000003
46419,96.86900000000014
46419,80.50099999999998
46419,791.3510000000001
46419,117.519
46419,134.2159999999999
46419,32.159999999999854
46419,32.159999999999854
46419,130.663
46419,17.812999999999874
46419,17.812999999999874
46419,43.52600000000007
46419,69.32400000000007
46419,69.32400000000007
46419,69.32400000000007
46419,505.7550000000001
46419,138.62000000000012
46419,374.0160000000003
46419,162.60500000000002
46419,162.60500000000002
46419,34.38600000000042
46427,621.627
46427,370.345
46427,641.175
46427,456.6
46427,567.372
46427,681.87
46427,7.807000000000016
46427,7.807000000000016
46427,7.807000000000016
46427,493.355
46427,493.355
46427,485.548
46427,733.8960000000001
46427,733.8960000000001
46427,485.548
46427,52.29599999999999
46427,393.73199999999997
46427,642.08
46427,371.381
46427,34.728999999999985
46427,34.728999999999985
46427,371.381
46427,371.381
46427,34.728999999999985
46427,666.954
46427,371.381
46427,1040.174
46427,336.652
46427,306.067
46427,1038.0349999999999
46427,80.49900000000002
46427,80.49900000000002
46427,80.49900000000002
46427,152.30700000000007
46427,134.618
46427,1004.7919999999999
46427,152.30700000000007
46427,152.30700000000007
46427,152.30700000000007
46427,204.19399999999996
46427,204.19399999999996
46427,68.56599999999997
46427,197.027
46427,906.5029999999999
46427,407.7370000000001
46427,159.389
46427,4.960999999999956
46427,141.519
46427,128.461
46427,128.461
46427,110.77199999999993
46427,1132.3619999999999
46427,91.67700000000002
46427,888.3460000000001
46427,4.643000000000029
46427,73.803
46427,172.30000000000007
46427,200.35699999999997
46427,409.84900000000005
46427,1668.786
46427,1668.786
46427,542.4320000000001
46427,98.49700000000007
46427,735.3749999999999
46427,443.93500000000006
46427,28.056999999999903
46427,828.4179999999999
46427,828.4179999999999
46427,145.62699999999995
46427,145.62699999999995
46427,47.9910000000001
46427,47.9910000000001
46427,47.9910000000001
46427,1401.7759999999998
46427,1254.833
46427,773.2419999999998
46427,188.07900000000006
46427,43.226
46427,490.55200000000013
46427,1403.79
46427,277.43600000000015
46427,559.1039999999998
46427,344.443
46427,132.58300000000008
46427,132.58300000000008
46427,132.58300000000008
46427,345.69900000000007
46427,132.58300000000008
46427,424.0229999999999
46427,345.69900000000007
46427,258.0609999999999
46427,333.29600000000005
46427,333.29600000000005
46427,405.3549999999998
46427,291.4399999999998
46427,1261.8489999999997
46427,194.59000000000015
46427,204.15300000000002
46427,65.21600000000012
46427,1369.7549999999999
46427,1304.5389999999998
46427,100.74599999999987
46427,78.32399999999984
46427,1048.7329999999997
46427,78.32399999999984
46427,78.32399999999984
46427,68.76099999999997
46427,9.562999999999874
46427,9.562999999999874
46427,9.562999999999874
46427,1290.5879999999997
46427,9.562999999999874
46427,1203.793
46427,1281.0249999999999
46427,1353.4379999999999
46427,56.113000000000056
46427,1239.523
46427,734.0720000000001
46427,734.0720000000001
46427,128.71000000000004
46427,734.0720000000001
46427,29.432999999999993
46427,29.432999999999993
46427,605.3620000000001
46427,443.7109999999998
46427,605.3620000000001
46427,35.38700000000017
46427,641.9960000000001
46427,279.1379999999999
46427,150.0329999999999
46427,13.644999999999982
46427,923.5889999999999
46427,350.71399999999994
46427,60.00599999999986
46427,165.75700000000006
46427,534.636
46427,165.75700000000006
46427,534.636
46427,132.04500000000007
46427,816.2260000000001
46427,362.8580000000002
46427,132.04500000000007
46427,849.9940000000001
46427,92.46500000000015
46427,92.46500000000015
46427,538.576
46427,107.08100000000013
46427,135.4949999999999
46427,446.1109999999999
46427,69.18600000000015
46427,69.18600000000015
46427,201.23399999999992
46427,76.53800000000001
46427,376.9249999999997
46427,376.9249999999997
46427,125.25300000000016
46427,17.86999999999989
46427,17.86999999999989
46427,17.86999999999989
46427,577.0999999999999
46427,632.578
46427,243.92799999999988
46427,10.543999999999869
46427,10.543999999999869
46427,233.38400000000001
46427,30.69399999999996
46427,85.08899999999994
46427,30.69399999999996
46427,74.74699999999984
46427,20.35199999999986
46427,20.35199999999986
46427,24.815999999999804
46427,29.57900000000018
46427,167.64499999999998
46427,215.29799999999977
46427,138.0659999999998
46427,453.36799999999994
46427,217.32799999999997
46427,67.68299999999999
46427,67.68299999999999
46427,217.32799999999997
46427,67.68299999999999
46427,67.68299999999999
46427,115.14400000000023
46427,149.64499999999998
46427,115.14400000000023
46427,315.30200000000013
46427,149.64499999999998
46427,72.41300000000001
46427,72.41300000000001
46427,37.91200000000026
46427,200.1579999999999
46427,200.1579999999999
46427,129.06799999999976
46427,219.21799999999985
46427,219.21799999999985
46427,81.82299999999987
46427,81.82299999999987
46427,7.554999999999836
46427,3.3330000000000837
46427,3.3330000000000837
46431,590.596
46431,1162.127
46431,1495.458
46431,1509.005
46431,341.88599999999997
46431,32.49900000000001
46431,15.688000000000002
46431,490.366
46431,16.811000000000007
46431,1576.5449999999998
46431,1480.106
46431,1007.2410000000001
46431,1330.191
46431,1376.865
46431,518.683
46431,217.89100000000002
46431,621.6600000000001
46431,143.76299999999998
46431,1278.672
46431,787.538
46431,14.999000000000024
46431,78.28499999999997
46431,152.277
46431,1386.4889999999998
46431,1245.404
46431,73.99200000000002
46431,1308.204
46431,73.99200000000002
46431,694.2540000000001
46431,1604.363
46431,1308.204
46431,103.38699999999994
46431,1530.371
46431,510.98799999999994
46431,1401.0769999999998
46431,1530.371
46431,620.2620000000001
46431,255.5920000000001
46431,810.0390000000001
46431,45.12800000000004
46431,135.95799999999997
46431,944.6120000000001
46431,858.182
46431,1770.5379999999998
46431,210.46400000000006
46431,1252.562
46431,1381.856
46431,1935.7839999999999
46431,104.57000000000005
46431,1195.4569999999999
46431,104.57000000000005
46431,154.529
46431,704.0840000000001
46431,32.298
46431,621.9150000000001
46431,589.6170000000001
46431,203.61800000000005
46431,929.7769999999999
46431,1019.383
46431,163.93000000000006
46431,582.1390000000001
46431,469.961
46431,582.1390000000001
46431,640.2189999999998
46431,266.8989999999999
46431,54.65599999999995
46431,54.65599999999995
46431,54.65599999999995
46431,266.8989999999999
46431,559.2939999999999
46431,285.105
46431,855.453
46431,238.50800000000004
46431,72.86200000000008
46431,205.96600000000012
46431,26.2650000000001
46431,147.49099999999999
46431,616.9449999999999
46431,46.67399999999998
46431,46.67399999999998
46431,25.748000000000047
46431,184.86899999999991
46431,32.210000000000036
46431,32.210000000000036
46431,437.2439999999999
46431,437.2439999999999
46431,296.1590000000001
46431,296.1590000000001
46431,269.8900000000001
46431,140.596
46431,196.4490000000003
46431,129.2940000000001
46431,129.2940000000001
46431,50.44100000000003
46431,50.44100000000003
46431,67.1550000000002
46431,527.77
46431,486.7729999999997
46431,165.2460000000001
46431,26.1579999999999
46431,26.1579999999999
46434,227.973
46434,602.422
46434,87.44900000000001
46434,697.465
46434,834.4
46434,727.371
46434,272.297
46434,49.17400000000001
46434,49.17400000000001
46434,525.303
46434,525.303
46434,49.17400000000001
46434,163.77399999999997
46434,357.15700000000004
46434,476.129
46434,223.12300000000002
46434,476.129
46434,449.57400000000007
46434,37.91399999999999
46434,436.008
46434,436.008
46434,123.65299999999996
46434,85.73899999999998
46434,85.73899999999998
46434,85.73899999999998
46434,62.093999999999966
46434,508.336
46434,374.44899999999996
46434,465.66700000000003
46434,890.9340000000001
46434,312.355
46434,312.355
46434,312.355
46434,406.12100000000004
46434,386.89300000000003
46434,253.00599999999997
46434,841.6569999999999
46434,5.72199999999998
46434,841.6569999999999
46434,5.72199999999998
46434,919.5169999999998
46434,858.884
46434,87.11200000000002
46434,282.026
46434,187.73000000000002
46434,28.937000000000012
46434,466.053
46434,92.41700000000003
46434,679.355
46434,623.2149999999999
46434,734.2659999999998
46434,26.55499999999995
46434,433.60800000000006
46434,103.86400000000003
46434,483.2120000000001
46434,57.94500000000005
46434,78.85299999999995
46434,462.7729999999999
46434,48.82999999999993
46434,18.674999999999955
46434,413.943
46434,413.943
46434,107.029
46434,25.764999999999986
46434,49.928999999999974
46434,24.163999999999987
46434,337.2890000000001
46434,165.4670000000001
46434,25.388000000000147
46434,106.88799999999992
46434,54.91099999999983
46435,247.316
46435,247.316
46435,1143.999
46435,247.316
46435,291.213
46435,247.316
46435,929.885
46435,50.258999999999986
46435,50.258999999999986
46435,304.30600000000004
46435,304.30600000000004
46435,692.425
46435,6.361999999999966
46435,93.05399999999997
46435,260.409
46435,86.69200000000001
46435,632.3100000000001
46435,68.21600000000001
46435,68.21600000000001
46435,617.847
46435,490.33000000000004
46435,637.747
46435,617.847
46435,167.35500000000002
46435,167.35500000000002
46435,471.85400000000004
46435,545.618
46435,545.618
46435,151.50599999999997
46435,15.849000000000046
46435,304.499
46435,126.51499999999999
46435,90.053
46435,263.7750000000001
46435,251.74800000000005
46435,251.74800000000005
46435,78.02599999999995
46435,247.375
46435,227.47500000000002
46435,99.95800000000008
46435,247.375
46435,12.311000000000035
46435,230.97199999999998
46435,218.66099999999994
46435,309.37200000000007
46435,168.91099999999994
46435,95.25800000000004
46435,147.41699999999992
46435,73.76400000000001
46435,147.41699999999992
46435,147.41699999999992
46435,73.76400000000001
46435,147.41699999999992
46435,73.6529999999999
46435,19.899999999999977
46435,62.33299999999997
46435,62.33299999999997
46435,140.46100000000013
46435,50.183000000000106
46435,140.46100000000013
46435,140.46100000000013
46435,62.33299999999997
46435,140.46100000000013
46445,130.034
46445,48.133
46445,81.90099999999998
46445,42.39800000000001
46445,103.95399999999998
46445,97.23100000000002
46445,97.23100000000002
46445,96.47699999999998
46445,33.940000000000026
46445,33.940000000000026
46445,45.02299999999997
46445,325.19000000000005
46445,24.539000000000044
46445,24.539000000000044
46445,203.04000000000002
46445,91.45299999999997
46445,134.952
46445,67.18200000000002
46445,68.08800000000002
46445,51.84300000000002
46445,16.245000000000005
46445,16.245000000000005
46445,16.245000000000005
46445,217.716
46651,195.516
46651,195.516
46651,57.226
46651,57.226
46651,411.365
46651,505.734
46651,138.29
46651,394.973
46651,138.29
46651,138.29
46651,505.734
46651,138.29
46651,215.84900000000002
46651,36.96900000000002
46651,36.96900000000002
46651,36.96900000000002
46651,178.88
46651,90.18799999999999
46651,219.714
46651,35.27600000000001
46651,422.20099999999996
46651,240.28699999999998
46651,94.25
46651,94.25
46651,205.01099999999997
46651,40.834
46651,40.834
46651,40.834
46651,1718.7359999999999
46651,110.76099999999997
46651,164.94299999999998
46651,1648.752
46651,40.77699999999993
46651,40.77699999999993
46651,40.77699999999993
46651,1935.851
46651,1331.562
46651,1935.851
46651,1607.975
46651,181.914
46651,1607.975
46651,1331.562
46651,57.747999999999934
46651,57.747999999999934
46651,1483.809
46651,233.4240000000001
46651,479.668
46651,1426.0610000000001
46651,1316.2800000000002
46651,1630.4240000000002
46651,132.47199999999998
46651,103.7159999999999
46651,246.24399999999991
46651,28.756000000000085
46651,126.94499999999994
46651,24.732999999999947
46651,261.74599999999987
46651,237.81099999999992
46651,261.74599999999987
46651,261.74599999999987
46651,23.934999999999945
46651,272.8420000000001
46651,272.8420000000001
46651,877.1310000000003
46651,877.1310000000003
46651,604.2890000000002
46651,276.413
46651,276.413
46651,604.2890000000002
46651,276.413
46651,276.413
46651,604.2890000000002
46651,113.53600000000006
46651,468.4840000000004
46651,113.53600000000006
46651,82.70899999999983
46651,327.8760000000002
46651,327.8760000000002
46651,288.16100000000006
46651,327.8760000000002
46651,327.8760000000002
46651,288.16100000000006
46651,288.16100000000006
46651,288.16100000000006
46651,327.8760000000002
46651,39.715000000000146
46651,39.715000000000146
46653,29.389
46653,38.178999999999995
46653,38.178999999999995
46653,54.863000000000014
46653,1402.175
46653,95.71199999999999
46653,790.223
46653,172.28400000000002
46653,16.69399999999999
46653,327.166
46653,241.551
46653,327.166
46653,171.57599999999996
46653,85.96099999999996
46653,85.61500000000001
46653,24.085000000000036
46653,387.961
46653,24.085000000000036
46653,24.085000000000036
46653,643.2070000000001
46653,1702.61
46653,214.47800000000007
46653,178.78200000000004
46653,35.696000000000026
46653,185.09399999999994
46653,185.09399999999994
46653,185.09399999999994
46653,149.3979999999999
46653,1337.1119999999999
46653,118.46199999999999
46653,30.935999999999922
46653,30.935999999999922
46653,30.935999999999922
46653,30.935999999999922
46653,398.23900000000003
46653,1241.4080000000001
46653,655.867
46653,118.9079999999999
46653,30.6400000000001
46653,30.6400000000001
46653,694.5530000000001
46653,777.1529999999998
46653,682.299
46653,42.85200000000009
46653,42.85200000000009
46653,237.93499999999995
46653,16.173999999999978
46653,16.173999999999978
46653,16.173999999999978
46653,337.9100000000001
46653,29.988000000000056
46653,29.988000000000056
46653,29.988000000000056
46653,145.33999999999992
46653,145.33999999999992
46653,145.33999999999992
46653,145.33999999999992
46653,145.33999999999992
46653,145.33999999999992
46653,14.927999999999884
46653,281.80600000000004
46653,14.927999999999884
46653,268.7750000000001
46653,97.42399999999998
46653,80.93499999999995
46660,343.76599999999996
46660,1172.124
46660,153.19400000000002
46660,1281.123
46660,153.19400000000002
46660,174.58699999999996
46660,1018.9300000000001
46660,190.57199999999997
46660,190.57199999999997
46660,960.29
46660,174.58699999999996
46660,319.40599999999995
46660,129.977
46660,13.595000000000027
46660,13.595000000000027
46660,888.953
46660,60.59499999999997
46660,60.59499999999997
46660,1019.894
46660,15.985000000000014
46660,144.81900000000002
46660,104.98000000000002
46660,828.3580000000001
46660,1048.094
46660,128.834
46660,670.952
46660,693.0
46660,39.839
46660,17.071000000000026
46660,103.755
46660,22.767999999999972
46660,831.291
46660,942.0279999999999
46660,103.755
46660,618.836
46660,618.836
46660,618.836
46660,125.63599999999997
46660,37.85000000000002
46660,87.78599999999994
46660,87.78599999999994
46660,87.78599999999994
46660,87.78599999999994
46660,39.60800000000006
46660,39.60800000000006
46660,39.60800000000006
46660,136.99
46660,136.99
46660,39.60800000000006
46660,97.38199999999995
46660,97.38199999999995
46660,81.894
46660,97.38199999999995
46660,81.894
46660,15.487999999999943
46660,15.487999999999943
46660,15.487999999999943
46660,185.88699999999994
46660,145.05600000000004
46660,145.05600000000004
46660,124.47000000000003
46660,145.05600000000004
46660,45.928999999999974
46660,340.44000000000005
46660,255.05299999999988
46660,255.05299999999988
46660,657.839
46660,104.82399999999996
46660,657.839
46660,126.87199999999996
46660,80.6880000000001
46660,22.048000000000002
46660,80.6880000000001
46660,553.0150000000001
46660,102.83799999999997
46660,102.83799999999997
46660,102.83799999999997
46660,102.83799999999997
46660,102.83799999999997
46660,102.83799999999997
46660,130.94100000000003
46660,465.47800000000007
46660,428.12900000000013
46660,382.80100000000016
46660,86.74300000000017
46660,186.5559999999998
46660,88.79499999999985
46660,18.617999999999938
46660,18.617999999999938
46660,18.617999999999938
46660,71.05500000000006
46660,252.59100000000012
46660,181.53600000000006
46660,181.53600000000006
46660,181.53600000000006
46660,137.83000000000015
46685,346.649
46685,72.605
46685,703.111
46685,93.30999999999999
46685,160.79699999999997
46685,160.79699999999997
46685,180.734
46685,67.487
46685,90.90299999999999
46685,510.22799999999995
46685,50.384000000000015
46685,62.863
46685,62.863
46685,62.863
46685,62.863
46685,62.863
46685,62.863
46685,140.921
46685,140.921
46685,32.192999999999984
46685,114.44299999999998
46685,94.04600000000005
46686,65.278
46686,65.278
46686,65.278
46686,81.83000000000001
46686,351.331
46686,449.244
46686,105.80999999999997
46686,105.195
46686,59.793000000000006
46686,59.793000000000006
46686,213.08300000000003
46686,48.122000000000014
46686,48.122000000000014
46686,48.122000000000014
46686,101.89899999999994
46686,101.89899999999994
46687,141.373
46687,241.709
46687,294.685
46687,241.709
46687,777.6490000000001
46687,178.31300000000002
46687,231.289
46687,100.33600000000001
46687,100.33600000000001
46687,52.97599999999997
46687,620.48
46687,57.870000000000005
46687,96.02199999999999
46687,397.74199999999996
46687,205.37
46687,42.26400000000001
46687,163.106
46687,100.50599999999997
46687,163.106
46687,163.106
46687,62.60000000000002
46689,127.242
46689,643.178
46689,62.822
46689,25.563000000000017
46689,19.781999999999982
46689,19.781999999999982
46689,19.781999999999982
46689,59.84300000000002
46689,59.84300000000002
46689,10.845000000000027
46689,26.512999999999977
46689,26.512999999999977
46690,285.37100000000004
46690,237.89300000000003
46690,36.104
46690,36.104
46690,72.25900000000001
46690,72.25900000000001
46690,502.203
46690,30.514999999999986
46690,30.514999999999986
46690,310.31600000000003
46690,97.678
46690,99.01500000000001
46690,99.01500000000001
46690,99.01500000000001
46690,279.80100000000004
46690,67.16300000000001
46690,99.01500000000001
46690,67.16300000000001
46690,279.80100000000004
46690,31.852000000000004
46690,31.852000000000004
46690,212.638
46690,31.852000000000004
46690,332.26599999999996
46690,180.786
46690,180.786
46690,300.41399999999993
46690,34.22199999999998
46690,34.22199999999998
46690,128.30700000000002
46690,247.93499999999995
46690,94.08500000000004
46690,73.27700000000004
46690,94.08500000000004
46690,94.08500000000004
46690,94.08500000000004
46690,20.807999999999993
46690,37.43999999999994
46690,37.43999999999994
46693,381.66499999999996
46693,154.849
46693,61.357
46693,61.357
46693,231.926
46693,19.244
46693,16.766999999999996
46693,16.766999999999996
46693,137.663
46693,137.663
46693,137.663
46693,15.706999999999994
46693,15.706999999999994
46693,15.706999999999994
46695,266.85
46695,680.496
46695,157.058
46695,127.731
46695,127.731
46695,127.731
46695,127.731
46695,127.731
46695,27.518
46695,27.518
46695,27.518
46695,93.92900000000003
46695,24.724000000000018
46695,24.724000000000018
46695,24.724000000000018
46695,138.40300000000002
46695,26.253000000000043
46695,159.457
46696,275.219
46696,254.32199999999997
46696,254.32199999999997
46696,250.716
46696,18.735000000000014
46696,34.84299999999999
46696,17.031999999999982
46696,94.15599999999998
46696,17.031999999999982
46696,17.031999999999982
46696,67.577
46696,67.577
46697,480.969
46697,20.945999999999998
46697,29.492999999999995
46697,29.492999999999995
46697,38.942999999999984
46697,240.29600000000002
46697,38.942999999999984
46697,38.942999999999984
46697,240.29600000000002
46697,201.35300000000004
46697,103.40600000000003
46697,103.40600000000003
46697,201.35300000000004
46697,75.35400000000001
46697,103.40600000000003
46697,173.34199999999998
46697,28.05200000000002
46697,28.05200000000002
46697,192.288
46697,97.947
46697,97.947
46697,97.947
46697,164.236
46697,97.947
46697,97.947
46697,244.24400000000003
46697,47.34299999999996
46697,66.28899999999999
46697,18.946000000000026
46697,18.946000000000026
46697,36.146000000000015
46697,36.146000000000015
46697,183.62100000000004
46697,48.66300000000001
46697,14.932000000000016
46698,908.274
46698,40.352999999999994
46698,339.01500000000004
46698,421.059
46698,40.352999999999994
46698,40.352999999999994
46698,828.669
46698,1550.155
46698,671.5659999999999
46698,730.0799999999999
46698,607.0509999999999
46698,194.44800000000004
46698,460.578
46698,289.577
46698,194.44800000000004
46698,37.65500000000003
46698,37.65500000000003
46698,37.65500000000003
46698,303.78499999999997
46698,266.12999999999994
46698,290.85999999999996
46698,96.59000000000003
46698,277.775
46698,171.00099999999998
46698,74.41099999999994
46698,175.40300000000002
46698,74.41099999999994
46698,707.4659999999999
46698,100.99200000000008
46698,5.781999999999925
46698,5.781999999999925
46698,403.87199999999996
46698,39.25199999999995
46698,671.5699999999999
46698,384.818
46698,39.25199999999995
46698,469.317
46698,252.89699999999993
46698,252.89699999999993
46698,181.3030000000001
46698,319.452
46698,64.56999999999994
46698,71.59399999999982
46698,164.26299999999992
46698,436.3609999999999
46698,92.6690000000001
46698,123.75099999999998
46698,159.14900000000011
46698,181.47899999999981
46698,14.945999999999913
46714,473.09400000000005
46714,532.101
46714,203.693
46714,516.549
46714,81.69800000000001
46714,531.467
46714,620.739
46714,19.714
46714,15.126999999999995
46714,106.44300000000001
46714,15.126999999999995
46714,140.111
46714,15.126999999999995
46714,124.984
46714,244.233
46714,124.984
46714,244.233
46714,8.201999999999998
46714,39.870000000000005
46714,39.870000000000005
46714,85.93899999999996
46714,510.13300000000004
46714,161.145
46714,119.249
46714,483.30100000000004
46714,235.73300000000003
46714,634.5160000000001
46714,54.81200000000001
46714,725.052
46714,315.819
46714,41.41900000000004
46714,247.56799999999998
46714,59.00699999999995
46714,274.4
46714,14.918000000000006
46714,14.918000000000006
46714,89.27200000000005
46714,128.553
46714,12.66700000000003
46714,48.928
46714,22.096000000000004
46714,34.51800000000003
46714,163.615
46714,49.8420000000001
46714,49.8420000000001
46714,329.18399999999997
46714,19.365999999999985
46714,19.365999999999985
46714,67.61500000000001
46714,67.61500000000001
46714,67.47700000000009
46714,67.47700000000009
46714,67.47700000000009
46714,213.35300000000007
46714,283.47699999999986
46714,283.47699999999986
46714,135.31899999999996
46714,72.42200000000003
46714,14.907999999999902
46719,381.85100000000006
46719,275.09700000000004
46719,251.72000000000003
46719,251.72000000000003
46719,365.972
46719,211.52800000000002
46719,188.231
46719,188.231
46719,205.50300000000001
46719,62.99199999999999
46719,62.99199999999999
46719,181.36100000000002
46719,74.607
46719,432.264
46719,258.683
46719,129.35900000000004
46719,193.724
46719,106.75400000000002
46719,357.65700000000004
46719,106.75400000000002
46719,186.707
46719,357.65700000000004
46719,18.713000000000022
46719,148.03699999999998
46719,64.36499999999995
46719,129.32399999999996
46719,64.959
46719,170.95000000000005
46719,44.80799999999999
46721,629.365
46721,629.365
46721,300.62
46721,629.365
46721,659.96
46721,775.0
46721,630.2909999999999
46721,270.951
46721,86.05799999999999
46721,619.5
46721,619.5
46721,562.1619999999999
46721,28.72
46721,28.72
46721,194.50000000000003
46721,833.376
46721,560.4269999999999
46721,533.442
46721,560.4269999999999
46721,560.4269999999999
46721,560.4269999999999
46721,86.38300000000004
46721,844.1669999999999
46721,844.1669999999999
46721,79.733
46721,79.733
46721,79.733
46721,474.37999999999994
46721,79.733
46721,447.3949999999999
46721,79.733
46721,157.32899999999995
46721,447.3949999999999
46721,79.733
46721,216.12899999999996
46721,20.21700000000004
46721,20.21700000000004
46721,566.36
46721,512.2719999999999
46721,59.99899999999997
46721,195.91199999999992
46721,512.2719999999999
46721,17.59699999999998
46721,17.59699999999998
46721,17.59699999999998
46721,17.59699999999998
46721,135.91299999999995
46721,118.31599999999997
46721,317.051
46721,317.051
46721,680.1879999999999
46721,118.31599999999997
46721,118.31599999999997
46721,118.31599999999997
46721,20.565999999999917
46721,20.565999999999917
46721,20.565999999999917
46721,171.75
46721,316.36
46721,30.595000000000027
46721,30.595000000000027
46721,30.595000000000027
46721,286.75300000000004
46721,527.679
46721,171.71300000000008
46721,272.94900000000007
46721,171.71300000000008
46721,171.71300000000008
46721,57.346000000000004
46721,245.51199999999994
46721,245.51199999999994
46721,101.23599999999999
46721,101.23599999999999
46721,101.23599999999999
46721,29.281000000000063
46721,29.281000000000063
46721,29.281000000000063
46721,11.670999999999822
46721,11.670999999999822
46721,3.060999999999922
46721,29.092999999999847
46723,253.204
46723,445.542
46723,276.236
46723,253.204
46723,351.02299999999997
46723,414.05
46723,19.846000000000004
46723,311.456
46723,311.456
46723,363.49600000000004
46723,92.77300000000002
46723,68.52700000000002
46723,237.833
46723,97.81899999999999
46723,23.03200000000001
46723,23.03200000000001
46723,23.03200000000001
46723,97.81899999999999
46723,30.72800000000001
46723,30.72800000000001
46723,63.791
46723,63.791
46723,63.791
46723,63.791
46723,5.153999999999996
46723,84.32299999999998
46723,294.009
46723,84.32299999999998
46723,84.32299999999998
46723,80.19400000000002
46723,23.54299999999995
46723,23.54299999999995
46723,19.330999999999904
46723,28.972000000000094
46723,27.975000000000023
46723,27.975000000000023
46723,21.44900000000007
46723,29.28800000000001
46723,4.620999999999981
46726,294.804
46726,462.488
46726,416.57
46726,1332.895
46726,140.585
46726,256.714
46726,1577.4
46726,1232.393
46726,369.062
46726,369.062
46726,1013.306
46726,26.46199999999999
46726,1013.306
46726,26.46199999999999
46726,102.82
46726,224.586
46726,224.586
46726,102.82
46726,89.66699999999997
46726,580.097
46726,315.36100000000005
46726,680.2909999999999
46726,167.68400000000003
46726,121.76600000000002
46726,121.76600000000002
46726,167.68400000000003
46726,941.262
46726,45.918000000000006
46726,45.918000000000006
46726,193.59500000000003
46726,941.262
46726,558.525
46726,544.754
46726,445.178
46726,399.26
46726,147.67700000000002
46726,895.3439999999999
46726,399.26
46726,399.26
46726,895.3439999999999
46726,399.26
46726,384.519
46726,19.589000000000055
46726,19.589000000000055
46726,251.58299999999997
46726,364.92999999999995
46726,21.53800000000001
46726,495.5780000000001
46726,21.53800000000001
46726,674.582
46726,674.582
46726,653.044
46726,270.307
46726,156.96000000000004
46726,256.53600000000006
46726,474.0400000000001
46726,726.821
46726,135.18500000000006
46726,21.774999999999977
46726,21.774999999999977
46726,338.855
46726,595.6239999999999
46726,317.08000000000004
46726,295.226
46726,295.226
46726,496.08399999999995
46726,13.770999999999958
46726,93.04399999999998
46726,94.90700000000004
46726,382.73699999999997
46726,108.82600000000002
46726,287.8299999999999
46726,21.854000000000042
46726,21.854000000000042
46726,21.854000000000042
46726,200.85799999999995
46726,179.0039999999999
46726,491.99800000000005
46726,491.99800000000005
46726,491.99800000000005
46726,32.01299999999992
46726,32.01299999999992
46726,345.00700000000006
46726,99.53999999999996
46726,383.56600000000003
46726,25.76299999999992
46726,25.76299999999992
46726,33.9530000000002
46727,648.467
46727,648.467
46727,648.467
46727,648.467
46727,648.467
46727,648.467
46727,1075.21
46727,1040.642
46727,1040.642
46727,1040.642
46727,254.615
46727,78.35600000000001
46727,30.480999999999995
46727,30.480999999999995
46727,889.201
46727,1167.4089999999999
46727,30.480999999999995
46727,30.480999999999995
46727,546.641
46727,858.72
46727,1282.507
46727,546.641
46727,431.977
46727,431.977
46727,159.39799999999997
46727,691.3679999999999
46727,26.385999999999967
46727,133.012
46727,332.898
46727,332.898
46727,447.562
46727,1137.969
46727,332.898
46727,332.898
46727,23.387999999999977
46727,113.83699999999999
46727,606.277
46727,113.83699999999999
46727,650.017
46727,47.58800000000002
46727,199.88600000000002
46727,90.44900000000001
46727,152.298
46727,231.87300000000005
46727,330.304
46727,325.63700000000006
46727,441.52099999999996
46727,325.63700000000006
46727,114.66399999999999
46727,426.74300000000005
46727,79.57500000000005
46727,850.5300000000001
46727,216.20000000000005
46727,178.00599999999997
46727,136.625
46727,347.168
46727,136.625
46727,347.168
46727,502.8470000000001
46727,101.53600000000006
46727,268.33900000000006
46727,101.53600000000006
46727,312.07900000000006
46727,38.194000000000074
46727,864.4680000000001
46727,115.8839999999999
46727,115.8839999999999
46727,115.8839999999999
46727,115.8839999999999
46727,826.274
46727,210.543
46727,634.33
46727,115.8839999999999
46727,36.688999999999965
46727,43.74000000000001
46727,43.74000000000001
46727,43.74000000000001
46727,663.992
46727,533.425
46727,190.76800000000003
46727,190.76800000000003
46727,116.14099999999985
46727,233.019
46727,385.7840000000001
46727,357.0830000000001
46727,285.664
46727,155.09699999999998
46727,109.63799999999992
46727,32.11799999999994
46727,114.42399999999998
46727,114.42399999999998
46727,78.85799999999995
46727,71.23800000000006
46727,71.23800000000006
46727,57.64899999999989
46727,59.590999999999894
46728,1261.279
46728,1547.878
46728,1547.878
46728,145.928
46728,197.104
46728,197.104
46728,124.36300000000001
46728,1466.152
46728,14.433999999999997
46728,254.86399999999998
46728,214.90299999999996
46728,21.214
46728,233.64999999999998
46728,233.64999999999998
46728,1116.511
46728,1116.511
46728,1116.511
46728,39.96100000000001
46728,882.8610000000001
46728,631.097
46728,368.73
46728,115.96799999999996
46728,22.269999999999982
46728,40.93399999999997
46728,40.93399999999997
46728,288.3499999999999
46728,369.308
46728,139.11699999999996
46728,498.8119999999999
46728,803.838
46728,169.16699999999992
46728,181.40899999999988
46728,32.17599999999993
46728,149.23299999999995
46728,149.23299999999995
46728,481.95500000000015
46728,149.23299999999995
46728,481.95500000000015
46728,915.2650000000001
46728,634.671
46728,80.95800000000008
46728,419.30099999999993
46728,115.53700000000003
46728,251.76400000000012
46728,136.2270000000001
46728,286.59899999999993
46728,15.319000000000187
46728,201.01600000000008
46728,201.01600000000008
46728,26.749000000000024
46729,230.587
46729,585.5250000000001
46729,211.38199999999998
46729,1903.088
46729,771.4169999999999
46729,751.1199999999999
46729,1360.463
46729,905.241
46729,827.911
46729,525.215
46729,19.205000000000013
46729,1516.617
46729,648.8119999999999
46729,808.7059999999999
46729,1425.7659999999998
46729,299.65400000000005
46729,1631.282
46729,430.29999999999995
46729,116.12900000000002
46729,100.82400000000007
46729,100.82400000000007
46729,414.995
46729,251.89600000000007
46729,206.356
46729,55.28399999999999
46729,151.072
46729,453.7679999999999
46729,453.7679999999999
46729,1276.344
46729,43.99599999999998
46729,520.376
46729,142.8019999999999
46729,43.99599999999998
46729,43.99599999999998
46729,520.376
46729,258.69999999999993
46729,159.894
46729,594.819
46729,756.6569999999999
46729,962.173
46729,867.6709999999999
46729,867.6709999999999
46729,45.094999999999914
46729,209.70299999999986
46729,217.68000000000006
46729,876.0610000000001
46729,164.60799999999995
46729,217.68000000000006
46729,822.576
46729,657.9680000000001
46729,290.61400000000003
46729,490.231
46729,237.54199999999992
46729,399.3799999999999
46729,490.231
46729,514.4569999999999
46729,221.8889999999999
46729,187.29999999999995
46729,161.83799999999997
46729,127.24900000000002
46729,161.83799999999997
46729,240.10500000000002
46729,34.58899999999994
46729,34.58899999999994
46729,115.077
46729,115.077
46729,24.225999999999885
46729,24.225999999999885
46729,24.225999999999885
46729,114.66499999999996
46729,90.43900000000008
46729,110.83799999999997
46729,3.58199999999988
46729,3.58199999999988
46730,374.754
46730,2069.159
46730,924.019
46730,335.799
46730,1675.761
46730,45.41699999999997
46730,1675.761
46730,278.492
46730,272.298
46730,272.298
46730,715.79
46730,715.79
46730,189.563
46730,163.49199999999996
46730,650.5340000000001
46730,1358.046
46730,13.15199999999993
46730,1233.6420000000003
46730,526.227
46730,487.04200000000014
46730,487.04200000000014
46730,513.075
46730,313.42100000000005
46730,18.41300000000001
46730,740.6469999999999
46730,23.395999999999958
46730,26.0329999999999
46730,444.31999999999994
46730,26.0329999999999
46730,251.25700000000006
46730,592.5199999999998
46730,289.12800000000016
46730,27.537000000000035
46730,27.537000000000035
46730,356.0859999999998
46730,356.0859999999998
46730,356.0859999999998
46730,28.983000000000175
46730,28.983000000000175
46730,11.131000000000313
46767,29.098
46767,1413.423
46767,73.49
46767,11.609000000000002
46767,61.88099999999999
46767,61.88099999999999
46767,903.418
46767,52.374
46767,61.88099999999999
46767,851.044
46767,854.925
46767,427.471
46767,36.93299999999999
46767,36.93299999999999
46767,328.18100000000004
46767,304.63599999999997
46782,49.519
46782,34.79500000000001
46803,66.369
46803,9.322000000000003
46803,1026.6170000000002
46803,1523.902
46803,600.948
46803,347.198
46803,155.335
46803,1523.902
46803,600.948
46803,347.198
46803,1884.714
46803,155.335
46803,600.948
46803,524.9770000000001
46803,445.613
46803,1757.2269999999999
46803,1246.884
46803,191.863
46803,191.863
46803,1096.3890000000001
46803,1176.7040000000002
46803,94.31700000000001
46803,670.0970000000001
46803,198.08899999999994
46803,333.11400000000003
46803,198.08899999999994
46803,94.31700000000001
46803,1096.3890000000001
46803,575.7800000000001
46803,1082.3870000000002
46803,159.433
46803,238.79700000000003
46803,159.433
46803,135.0250000000001
46803,472.00800000000015
46803,1459.7329999999997
46803,565.853
46803,1691.3469999999998
46803,978.6150000000001
46803,416.3470000000001
46803,79.36400000000003
46803,416.3470000000001
46803,79.36400000000003
46803,79.36400000000003
46803,1481.2039999999997
46803,416.3470000000001
46803,843.59
46803,263.405
46803,263.405
46803,131.29899999999998
46803,132.106
46803,132.106
46803,132.106
46803,132.106
46803,354.88700000000006
46803,458.50200000000007
46803,768.4619999999999
46803,222.78100000000006
46803,73.57800000000009
46803,149.20299999999997
46803,384.924
46803,694.8839999999998
46803,93.8449999999998
46803,55.358000000000175
46803,266.00300000000016
46803,893.8799999999999
46803,235.721
46803,235.721
46803,25.076000000000022
46803,25.076000000000022
46803,25.076000000000022
46803,335.03599999999983
46803,30.07899999999995
46803,80.31500000000005
46803,584.5179999999998
46803,584.5179999999998
46803,238.51299999999992
46803,608.4859999999999
46803,558.2499999999998
46803,504.20299999999975
46803,188.27699999999982
46803,388.65999999999985
46803,292.8409999999999
46803,315.92599999999993
46803,111.35400000000004
46803,404.6879999999999
46803,92.45799999999986
46803,115.54299999999989
46803,319.55099999999993
46803,352.19100000000026
46803,77.13200000000006
46805,42.885999999999996
46805,139.95600000000002
46805,228.32299999999998
46805,280.92199999999997
46805,97.07000000000001
46805,97.07000000000001
46805,97.07000000000001
46805,97.07000000000001
46805,97.07000000000001
46805,97.07000000000001
46805,28.155
46805,28.155
46805,28.155
46805,103.09799999999998
46805,103.09799999999998
46805,103.09799999999998
46805,103.09799999999998
46805,103.09799999999998
46805,52.59899999999999
46805,52.59899999999999
46805,52.59899999999999
46805,31.595000000000027
46805,19.653999999999996
46815,268.04
46815,268.04
46815,5.244
46815,109.63199999999999
46815,14.969999999999995
46815,14.969999999999995
46815,92.70699999999998
46815,67.46899999999998
46815,30.062999999999988
46815,67.46899999999998
46815,67.46899999999998
46815,27.260000000000005
46815,27.260000000000005
46815,27.260000000000005
46815,36.01400000000001
46815,116.29900000000004
46815,36.01400000000001
46815,36.01400000000001
46815,27.700000000000017
46815,27.700000000000017
46815,52.58500000000001
46815,52.58500000000001
46815,52.58500000000001
46815,52.58500000000001
46815,52.58500000000001
46817,69.337
46817,49.95700000000001
46817,49.95700000000001
46817,47.23299999999999
46817,47.23299999999999
46817,47.23299999999999
46817,47.23299999999999
46818,121.15100000000001
46818,121.15100000000001
46818,121.15100000000001
46818,121.15100000000001
46818,43.38499999999999
46818,43.38499999999999
46818,43.38499999999999
46818,43.38499999999999
46818,43.38499999999999
46819,25.841
46819,25.841
46819,25.841
46819,73.103
46819,107.661
46819,71.582
46819,41.019999999999996
46819,34.55800000000001
46819,34.55800000000001
46837,633.067
46837,7.116
46837,1079.244
46837,221.956
46837,278.29499999999996
46837,262.409
46837,23.233000000000004
46837,550.7740000000001
46837,603.8610000000001
46837,23.233000000000004
46837,345.92499999999995
46837,1183.682
46837,15.885999999999967
46837,15.885999999999967
46837,147.899
46837,1289.382
46837,1120.227
46837,147.899
46837,401.81600000000003
46837,32.54199999999997
46837,32.54199999999997
46837,369.27400000000006
46837,316.18700000000007
46837,972.328
46837,972.328
46837,112.95600000000007
46837,13.3660000000001
46837,269.6840000000001
46837,269.6840000000001
46837,203.231
46837,181.6160000000001
46837,181.6160000000001
46837,116.43000000000006
46837,116.43000000000006
46837,515.4979999999999
46837,329.74699999999996
46837,410.198
46837,37.25199999999995
46837,314.56000000000006
46837,217.20400000000006
46837,425.159
46837,170.50599999999997
46837,425.159
46837,217.20400000000006
46837,425.159
46837,267.66700000000003
46837,372.967
46837,766.101
46837,513.61
46837,766.101
46837,106.80200000000013
46837,149.35300000000007
46837,254.65300000000002
46837,254.65300000000002
46837,26.604000000000042
46837,24.701999999999998
46837,207.95499999999993
46837,37.90000000000009
46837,42.55099999999993
46837,540.9849999999999
46837,147.85099999999989
46837,147.85099999999989
46837,42.55099999999993
46837,105.29999999999995
46837,105.29999999999995
46837,105.29999999999995
46837,105.29999999999995
46837,105.29999999999995
46837,105.29999999999995
46837,102.96000000000004
46837,365.0
46837,339.96000000000004
46837,290.174
46837,315.21399999999994
46837,303.8810000000001
46837,169.15499999999997
46837,51.343000000000075
46837,134.6790000000001
46846,440.187
46846,440.187
46846,730.0530000000001
46846,68.923
46846,68.923
46846,68.923
46846,610.891
46846,249.26
46846,249.26
46846,345.97700000000003
46846,207.95600000000002
46846,1003.981
46846,345.97700000000003
46846,14.500999999999976
46846,138.02100000000002
46846,319.511
46846,319.511
46846,123.52000000000004
46846,764.4780000000001
46846,106.47399999999999
46846,292.708
46846,96.71700000000004
46846,96.71700000000004
46846,11.906000000000006
46846,11.906000000000006
46846,11.906000000000006
46846,195.99099999999999
46846,157.93200000000002
46846,195.99099999999999
46846,726.6999999999999
46846,195.99099999999999
46846,157.93200000000002
46846,195.99099999999999
46846,38.05899999999997
46846,798.6170000000001
46846,38.05899999999997
46846,38.05899999999997
46846,496.342
46846,187.60799999999995
46846,496.342
46846,391.1260000000001
46846,462.01300000000003
46846,121.596
46846,7.0470000000000255
46846,7.0470000000000255
46846,279.30600000000004
46846,75.7879999999999
46846,26.372999999999934
46846,612.349
46846,57.641000000000076
46846,54.08000000000004
46846,57.641000000000076
46846,274.4050000000001
46846,660.384
46846,18.46900000000005
46846,811.6149999999999
46846,811.6149999999999
46846,14.908000000000015
46846,811.6149999999999
46846,14.908000000000015
46846,432.0
46846,12.150000000000091
46846,304.0809999999999
46846,75.99599999999987
46846,75.99599999999987
46846,505.03
46846,786.2220000000001
46846,786.2220000000001
46846,429.0340000000001
46846,20.203000000000202
46846,20.203000000000202
46846,20.203000000000202
46846,1028.996
46846,30.182999999999993
46846,30.182999999999993
46846,30.182999999999993
46846,30.182999999999993
46846,30.182999999999993
46846,594.8509999999999
46846,856.1030000000001
46846,560.5219999999999
46846,229.84900000000016
46846,229.84900000000016
46846,369.509
46846,206.97300000000018
46846,206.97300000000018
46846,15.164999999999964
46846,523.4250000000002
46846,161.55000000000018
46846,308.92100000000005
46846,663.5140000000001
46846,34.360999999999876
46846,763.2930000000001
46846,92.93100000000004
46846,97.96900000000005
46846,58.570000000000164
46846,506.5659999999998
46846,322.4760000000001
46846,322.4760000000001
46846,322.4760000000001
46846,322.4760000000001
46846,322.4760000000001
46846,21.021999999999935
46846,365.0519999999999
46846,65.56900000000019
46846,65.56900000000019
46846,65.56900000000019
46846,65.56900000000019
46846,65.56900000000019
46846,155.2539999999999
46846,144.6909999999998
46846,10.563000000000102
46846,10.563000000000102
46846,10.563000000000102
46846,1.9010000000000673
46846,1.9010000000000673
46846,29.817000000000007
46846,29.817000000000007
46846,81.80299999999988
46846,81.80299999999988
46848,379.736
46848,392.96700000000004
46848,431.76000000000005
46848,47.42700000000001
46848,47.42700000000001
46848,689.681
46848,634.133
46848,677.6550000000001
46848,582.735
46848,582.735
46848,582.735
46848,15.25200000000001
46848,56.614000000000004
46848,15.25200000000001
46848,15.25200000000001
46848,139.009
46848,41.361999999999995
46848,517.671
46848,302.573
46848,123.54599999999999
46848,97.64699999999999
46848,25.899
46848,46.84200000000004
46848,22.359000000000037
46848,71.03400000000005
46848,77.78299999999996
46848,77.78299999999996
46848,19.97999999999996
46848,73.63200000000006
46848,122.13
46848,16.960000000000036
46848,16.960000000000036
46848,16.960000000000036
46848,65.45799999999997
46848,61.11900000000003
46848,55.548
46848,55.548
46848,155.65999999999997
46848,43.783000000000015
46848,85.41099999999994
46848,58.48400000000004
46848,58.48400000000004
46848,12.533999999999992
46848,12.533999999999992
46861,57.367999999999995
46861,168.16400000000002
46861,151.53300000000002
46861,57.367999999999995
46861,628.704
46861,57.367999999999995
46861,299.063
46861,473.267
46861,110.796
46861,473.267
46861,16.631
46861,16.631
46861,16.631
46861,256.669
46861,267.506
46861,188.267
46861,96.52799999999996
46861,191.493
46861,174.204
46861,79.23899999999998
46861,10.836999999999989
46861,10.836999999999989
46861,105.80200000000002
46861,24.753000000000043
47127,1317.684
47127,1317.684
47127,342.856
47127,591.333
47127,246.018
47127,246.018
47127,103.58599999999998
47127,197.295
47127,197.295
47127,93.709
47127,142.43200000000002
47127,93.709
47127,93.709
47127,142.43200000000002
47127,142.43200000000002
47127,93.709
47127,93.709
47127,93.709
47127,170.19600000000003
47127,175.11899999999991
47127,175.11899999999991
47127,67.20100000000002
47127,107.91799999999989
47127,74.43799999999999
47127,33.479999999999905
47127,1782.7060000000001
47127,236.22000000000003
47127,666.4390000000001
47127,644.9780000000001
47127,91.53700000000003
47127,91.53700000000003
47127,579.9190000000001
47127,91.53700000000003
47127,374.451
47127,374.451
47127,1172.4909999999998
47127,285.587
47127,1172.4909999999998
47127,793.9409999999998
47127,91.52600000000007
47127,88.86400000000003
47127,88.86400000000003
47127,88.86400000000003
47127,88.86400000000003
47127,88.86400000000003
47127,80.43600000000015
47127,80.43600000000015
47127,259.42600000000016
47127,178.99
47127,178.99
47127,113.93100000000004
47127,65.05899999999997
47127,65.05899999999997
47127,65.05899999999997
47127,65.05899999999997
47127,523.4249999999997
47127,145.712
47127,138.086
47127,583.0889999999999
47127,49.539999999999964
47127,17.985999999999876
47127,10.44399999999996
47127,8.523000000000138
47127,42.59400000000005
47127,127.60699999999997
47127,172.71100000000024
47127,79.28499999999985
47127,93.42600000000039
47127,73.60899999999992
47127,34.61700000000019
47127,34.61700000000019
47127,34.61700000000019
47127,55.996999999999844
47128,445.762
47128,137.425
47128,137.425
47128,137.425
47128,137.425
47128,137.425
47128,137.425
47128,445.762
47128,70.125
47128,70.125
47128,70.125
47128,70.125
47128,544.045
47128,803.4150000000001
47128,46.572
47128,796.791
47128,175.93399999999997
47128,238.212
47128,238.212
47128,490.84899999999993
47128,719.825
47128,490.84899999999993
47128,594.281
47128,238.212
47128,238.212
47128,1799.245
47128,62.27800000000002
47128,62.27800000000002
47128,62.27800000000002
47128,156.77700000000004
47128,314.91499999999996
47128,62.27800000000002
47128,62.27800000000002
47128,252.63699999999994
47128,356.06899999999996
47128,1044.24
47128,356.06899999999996
47128,261.56999999999994
47128,261.56999999999994
47128,158.13799999999992
47128,417.50800000000004
47128,261.56999999999994
47128,387.11400000000003
47128,259.3700000000001
47128,103.43200000000002
47128,103.43200000000002
47128,259.3700000000001
47128,103.43200000000002
47128,155.9380000000001
47128,155.9380000000001
47128,155.9380000000001
47128,155.9380000000001
47128,155.9380000000001
47128,30.394000000000005
47128,30.394000000000005
47128,30.394000000000005
47128,30.394000000000005
47128,843.5639999999999
47128,115.05100000000016
47128,115.05100000000016
47128,1183.1030000000003
47128,436.0920000000001
47128,436.0920000000001
47128,632.3719999999998
47128,1375.449
47128,321.04099999999994
47128,242.74399999999991
47128,632.3719999999998
47128,119.45900000000006
47128,547.116
47128,825.3080000000002
47128,467.2750000000001
47128,311.3309999999999
47128,311.3309999999999
47128,311.3309999999999
47128,207.28099999999995
47128,207.28099999999995
47128,77.64700000000016
47128,77.64700000000016
47128,153.52300000000014
47128,20.184999999999945
47128,408.2950000000001
47128,63.60500000000002
47128,63.60500000000002
47128,43.42000000000007
47128,344.69000000000005
47128,108.76499999999987
47128,44.64899999999989
47128,44.64899999999989
47128,108.76499999999987
47128,108.76499999999987
47128,64.11599999999999
47128,64.11599999999999
47128,64.11599999999999
47128,57.06600000000026
47128,178.85899999999992
47128,116.44300000000021
47128,60.495000000000346
47128,60.495000000000346
47128,366.7579999999998
47128,51.09999999999991
47128,221.79400000000032
47128,51.09999999999991
47128,140.4340000000002
47128,140.4340000000002
47128,182.64800000000014
47128,30.26000000000022
47128,203.9989999999998
47128,198.74699999999984
47128,45.63799999999992
47128,45.63799999999992
47128,158.36099999999988
47128,158.36099999999988
47128,158.36099999999988
47128,158.36099999999988
47128,5.251999999999953
47128,5.251999999999953
47128,56.75700000000006
47128,56.75700000000006
47128,12.197999999999865
47128,6.181999999999789
47129,358.231
47129,578.012
47129,115.59
47129,219.28300000000002
47129,242.641
47129,499.77
47129,242.641
47129,306.52200000000005
47129,101.63300000000001
47129,306.52200000000005
47129,33.291
47129,33.291
47129,114.59899999999999
47129,292.035
47129,292.035
47129,292.035
47129,114.59899999999999
47129,105.18200000000002
47129,105.18200000000002
47129,56.999000000000024
47129,48.18299999999999
47129,48.18299999999999
47129,48.18299999999999
47129,48.18299999999999
47129,72.25400000000002
47129,34.90600000000006
47129,253.995
47129,19.236999999999966
47129,177.98699999999997
47129,19.236999999999966
47129,228.51600000000008
47129,228.51600000000008
47129,69.76600000000008
47129,69.76600000000008
47129,69.76600000000008
47129,69.76600000000008
47129,466.621
47129,82.61800000000005
47129,82.61800000000005
47129,294.5100000000001
47129,466.621
47129,211.89200000000005
47129,420.10400000000004
47129,100.61799999999994
47129,211.89200000000005
47129,14.900000000000091
47129,14.900000000000091
47129,14.900000000000091
47129,96.37400000000002
47129,58.80100000000016
47129,20.19900000000007
47129,267.01300000000015
47129,20.19900000000007
47129,174.788
47129,26.097999999999956
47129,38.60200000000009
47129,85.96600000000012
47129,64.31899999999996
47129,5.182000000000016
47129,208.212
47129,966.0159999999998
47129,73.46199999999999
47129,98.64899999999989
47129,232.91699999999992
47129,562.0050000000001
47129,378.5229999999999
47129,247.615
47129,195.25299999999993
47129,247.615
47129,195.25299999999993
47129,924.5440000000001
47129,149.4480000000001
47129,27.576000000000022
47129,15.788000000000011
47129,15.788000000000011
47129,1.740000000000009
47129,52.36200000000008
47129,762.3200000000002
47129,456.64599999999996
47129,38.31400000000008
47129,97.19599999999991
47129,38.31400000000008
47129,38.31400000000008
47129,631.1469999999999
47129,183.4820000000002
47129,183.4820000000002
47129,183.4820000000002
47129,528.6189999999999
47129,183.4820000000002
47129,1.68100000000004
47129,509.9849999999999
47129,177.36899999999991
47129,1.4010000000000673
47129,49.0179999999998
47129,49.0179999999998
47129,595.8789999999999
47129,218.80700000000002
47129,418.57600000000025
47129,218.80700000000002
47129,546.8610000000001
47129,20.3420000000001
47129,20.3420000000001
47129,291.6260000000002
47129,291.6260000000002
47129,291.6260000000002
47129,291.6260000000002
47129,29.259999999999764
47129,199.76900000000023
47129,120.95800000000008
47129,77.3119999999999
47129,199.76900000000023
47129,199.76900000000023
47129,165.78999999999996
47129,43.646000000000186
47129,43.646000000000186
47129,43.646000000000186
47129,7.664000000000215
47129,7.664000000000215
47129,189.8699999999999
47129,165.49800000000005
47129,87.29500000000007
47129,24.14800000000014
47129,37.3130000000001
47129,17.226000000000113
47129,54.439000000000306
47129,54.439000000000306
47129,37.21300000000019
47131,124.771
47131,386.801
47131,309.062
47131,186.372
47131,53.91199999999999
47131,815.356
47131,130.37900000000002
47131,130.37900000000002
47131,130.37900000000002
47131,208.118
47131,815.356
47131,77.73899999999998
47131,478.264
47131,400.52500000000003
47131,400.52500000000003
47131,103.48700000000002
47131,103.48700000000002
47131,686.5500000000002
47131,107.55399999999997
47131,107.55399999999997
47131,107.55399999999997
47131,68.78399999999999
47131,194.93200000000002
47131,107.55399999999997
47131,68.78399999999999
47131,38.76999999999998
47131,58.153999999999996
47131,58.153999999999996
47131,206.71299999999997
47131,227.8710000000001
47131,227.8710000000001
47131,227.8710000000001
47131,79.31200000000013
47131,79.31200000000013
47131,79.31200000000013
47131,763.7259999999999
47131,763.7259999999999
47131,161.04199999999992
47131,803.5219999999999
47131,194.0920000000001
47131,78.43299999999999
47131,33.05000000000018
47131,642.48
47131,609.4299999999998
47131,68.03199999999993
47131,124.31899999999996
47131,152.51800000000003
47131,152.51800000000003
47131,56.287000000000035
47131,56.287000000000035
47131,56.287000000000035
47131,56.287000000000035
47131,56.287000000000035
47131,70.65499999999997
47131,70.65499999999997
47131,114.83199999999988
47131,70.65499999999997
47131,70.65499999999997
47131,37.46600000000035
47131,2.3229999999998654
47134,118.187
47134,1504.159
47134,1118.69
47134,83.544
47134,10.14200000000001
47134,1483.6970000000001
47134,18.835999999999984
47134,1386.779
47134,57.66700000000003
47134,185.86199999999997
47134,185.86199999999997
47134,35.25599999999997
47134,35.25599999999997
47134,35.25599999999997
47134,156.53300000000002
47134,43.18100000000004
47134,861.643
47134,20.414999999999964
47134,64.77699999999993
47134,64.77699999999993
47134,58.40999999999997
47134,58.40999999999997
47134,58.40999999999997
47134,35.5630000000001
47134,370.46900000000005
47134,33.072000000000116
47134,588.19
47134,379.279
47134,518.2550000000001
47134,588.19
47134,139.14300000000003
47134,358.49699999999984
47134,497.47299999999996
47134,294.5369999999998
47134,497.47299999999996
47134,54.67699999999991
47134,54.67699999999991
47134,54.67699999999991
47134,100.71699999999987
47134,202.93600000000015
47134,202.93600000000015
47134,63.960000000000036
47134,57.009000000000015
47134,272.8710000000001
47134,270.35699999999997
47134,8.924999999999727
47134,83.63699999999972
47134,74.71199999999999
47134,52.697000000000116
47134,138.9760000000001
47134,254.48100000000022
47134,71.21500000000015
47134,69.93499999999995
47134,69.93499999999995
47134,69.93499999999995
47134,45.570000000000164
47134,45.570000000000164
47134,45.570000000000164
47134,51.597999999999956
47134,20.807999999999993
47134,13.045000000000073
47135,154.485
47135,154.485
47135,8.471000000000004
47135,1528.651
47135,661.584
47135,69.906
47135,69.906
47135,69.906
47135,69.906
47135,448.939
47135,949.278
47135,102.827
47135,263.181
47135,263.181
47135,263.181
47135,771.3409999999999
47135,75.52499999999998
47135,75.52499999999998
47135,75.52499999999998
47135,160.35399999999998
47135,84.82900000000001
47135,592.989
47135,907.307
47135,270.58700000000005
47135,84.82900000000001
47135,270.58700000000005
47135,663.8549999999999
47135,185.75800000000004
47135,319.66499999999996
47135,103.16500000000008
47135,103.16500000000008
47135,581.262
47135,322.40199999999993
47135,322.40199999999993
47135,451.2710000000001
47135,322.40199999999993
47135,451.2710000000001
47135,478.09699999999987
47135,322.40199999999993
47135,237.78700000000015
47135,1669.181
47135,1480.686
47135,470.682
47135,1191.3280000000002
47135,106.40299999999979
47135,1431.3939999999998
47135,76.06999999999994
47135,26.825999999999794
47135,27.001999999999953
47135,881.3069999999998
47135,109.3789999999999
47135,75.42000000000007
47135,107.32200000000012
47135,75.42000000000007
47135,31.902000000000044
47135,45.01700000000005
47135,80.94399999999996
47135,31.902000000000044
47135,35.92699999999991
47135,1033.261
47135,213.0340000000001
47135,815.4289999999999
47135,802.1139999999998
47135,4.098000000000184
47135,119.66199999999981
47135,119.66199999999981
47135,119.66199999999981
47135,119.66199999999981
47135,52.993999999999915
47135,163.22599999999989
47135,15.330999999999904
47135,15.330999999999904
47135,205.1110000000001
47135,118.33900000000017
47135,189.7800000000002
47135,147.89499999999998
47135,189.7800000000002
47135,147.89499999999998
47135,147.89499999999998
47135,132.0840000000003
47135,39.18299999999999
47135,2.7020000000002256
47135,92.9010000000003
47135,2.7020000000002256
47135,379.5569999999998
47135,200.78899999999976
47135,65.87699999999995
47138,108.001
47138,108.001
47138,104.269
47138,72.07600000000002
47138,794.875
47138,840.1320000000001
47138,277.142
47138,1233.684
47138,511.22099999999995
47138,620.306
47138,1340.978
47138,261.764
47138,73.09899999999999
47138,258.314
47138,669.5240000000001
47138,99.99600000000004
47138,99.99600000000004
47138,1141.757
47138,99.99600000000004
47138,99.99600000000004
47138,188.66500000000002
47138,29.18100000000004
47138,29.18100000000004
47138,114.40000000000003
47138,290.99399999999997
47138,88.66899999999998
47138,261.81299999999993
47138,4.7620000000000005
47138,526.114
47138,83.90699999999998
47138,83.90699999999998
47138,230.62899999999996
47138,465.276
47138,1764.041
47138,594.0430000000001
47138,38.65199999999999
47138,1020.0130000000001
47138,426.624
47138,426.624
47138,150.50099999999998
47138,93.01599999999996
47138,150.50099999999998
47138,292.13200000000006
47138,779.9480000000001
47138,57.485000000000014
47138,177.13100000000009
47138,268.961
47138,613.378
47138,449.85299999999995
47138,57.51599999999996
47138,381.8069999999999
47138,1125.3919999999998
47138,34.313999999999965
47138,94.45300000000009
47138,60.075000000000045
47138,395.547
47138,36.49800000000005
47138,395.547
47138,232.02199999999993
47138,395.547
47138,252.49599999999987
47138,252.49599999999987
47138,56.97199999999998
47138,106.55300000000011
47138,82.42399999999998
47138,82.42399999999998
47138,351.289
47138,82.42399999999998
47138,883.4970000000001
47138,601.3809999999999
47138,86.84400000000005
47138,56.11799999999994
47138,59.20100000000002
47138,514.5369999999998
47138,142.74299999999994
47138,511.4539999999997
47138,511.4539999999997
47138,511.4539999999997
47138,88.64800000000014
47138,124.42399999999998
47138,542.0839999999998
47138,638.4110000000001
47138,471.54399999999987
47138,244.2869999999998
47138,218.04100000000017
47138,345.90700000000015
47138,319.33899999999994
47138,141.8340000000003
47138,173.37300000000005
47138,243.13200000000006
47138,141.8340000000003
47138,1.6619999999998072
47138,1.6619999999998072
47138,26.56800000000021
47140,136.251
47140,1301.109
47140,35.352000000000004
47140,649.86
47140,16.805999999999983
47140,58.122000000000014
47140,1674.9360000000001
47140,58.122000000000014
47140,155.42699999999996
47140,1613.598
47140,171.21499999999997
47140,691.414
47140,471.4959999999999
47140,1548.401
47140,602.4839999999999
47140,1115.412
47140,1452.276
47140,1458.171
47140,80.98500000000001
47140,520.199
47140,300.28099999999995
47140,652.632
47140,220.63300000000004
47140,431.2689999999999
47140,220.63300000000004
47140,220.63300000000004
47140,139.22500000000002
47140,79.64799999999991
47140,299.5659999999999
47140,59.57700000000011
47140,59.57700000000011
47140,59.57700000000011
47140,59.57700000000011
47140,160.3409999999999
47140,88.93000000000006
47140,88.93000000000006
47140,132.433
47140,117.221
47140,760.8620000000001
47140,17.888999999999896
47140,227.1969999999999
47140,724.5540000000001
47140,741.8260000000002
47140,868.4599999999998
47140,741.8260000000002
47140,668.1510000000001
47140,235.16200000000003
47140,327.9760000000001
47140,71.423
47140,71.423
47140,143.73800000000006
47140,71.423
47140,147.77600000000007
47140,72.31500000000005
47140,72.31500000000005
47140,75.46100000000001
47140,171.0039999999999
47140,171.0039999999999
47140,36.11400000000003
47140,225.289
47140,611.3479999999997
47140,225.289
47140,59.42899999999986
47140,75.2059999999999
47140,1010.9140000000002
47140,77.42000000000007
47140,1082.228
47140,169.80000000000018
47140,1062.487
47140,386.05899999999974
47140,33.09400000000005
47140,941.777
47140,323.0279999999998
47140,272.2330000000002
47140,200.30899999999974
47140,73.67500000000018
47140,73.67500000000018
47140,73.67500000000018
47140,359.31399999999985
47140,73.67500000000018
47140,289.93399999999974
47140,126.63399999999956
47140,216.25899999999956
47140,126.63399999999956
47140,216.25899999999956
47140,216.25899999999956
47140,216.25899999999956
47140,198.558
47140,71.92400000000043
47140,89.625
47140,87.08099999999968
47140,17.700999999999567
47140,153.6550000000002
47140,446.10400000000027
47140,336.3760000000002
47140,9.027000000000044
47140,10.705999999999676
47140,189.57499999999982
47140,41.027000000000044
47140,742.9290000000001
47140,18.608999999999924
47140,18.608999999999924
47140,98.72000000000025
47140,98.72000000000025
47140,66.76900000000023
47140,103.26499999999987
47140,71.31399999999985
47140,71.31399999999985
47140,332.0749999999998
47140,71.31399999999985
47140,71.31399999999985
47140,152.5619999999999
47140,429.9549999999999
47140,277.39300000000003
47140,157.80999999999995
47140,54.641000000000076
47140,54.641000000000076
47141,754.0120000000001
47141,184.566
47141,660.82
47141,145.731
47141,145.731
47141,1272.3739999999998
47141,1169.9029999999998
47141,1214.63
47141,1126.643
47141,1126.643
47141,34.889999999999986
47141,34.889999999999986
47141,112.93
47141,78.86400000000003
47141,19.264999999999986
47141,257.39
47141,59.599000000000046
47141,197.79099999999994
47141,27.25
47141,850.4909999999999
47141,16.41300000000001
47141,78.39499999999998
47141,782.785
47141,92.14599999999996
47141,69.168
47141,69.168
47141,69.168
47141,22.977999999999952
47141,702.9279999999999
47141,611.5539999999999
47141,16.170999999999935
47141,541.4799999999999
47141,260.7309999999999
47141,344.18600000000015
47141,42.92100000000005
47141,65.23000000000002
47141,65.23000000000002
47141,65.23000000000002
47141,201.6389999999999
47141,65.23000000000002
47141,5.624000000000024
47141,46.652000000000044
47141,46.652000000000044
47141,46.652000000000044
47141,46.652000000000044
47141,99.6260000000002
47141,99.6260000000002
47141,99.6260000000002
47141,99.6260000000002
47141,99.6260000000002
47141,269.1099999999999
47142,494.13300000000004
47142,50.07400000000001
47142,370.839
47142,48.11200000000001
47142,48.11200000000001
47142,57.94499999999999
47142,57.94499999999999
47142,57.94499999999999
47142,1640.792
47142,65.72799999999998
47142,7.782999999999987
47142,7.782999999999987
47142,256.999
47142,256.999
47142,1575.0639999999999
47142,488.61400000000003
47142,1575.0639999999999
47142,681.832
47142,1318.065
47142,892.7620000000001
47142,102.62599999999998
47142,586.4440000000001
47142,790.1360000000001
47142,1371.328
47142,322.207
47142,322.207
47142,256.5
47142,79.30700000000002
47142,457.45500000000004
47142,291.09000000000003
47142,113.91099999999994
47142,113.91099999999994
47142,113.91099999999994
47142,65.707
47142,65.707
47142,65.707
47142,329.9440000000001
47142,65.707
47142,264.2370000000001
47142,1292.5169999999998
47142,87.05799999999999
47142,203.692
47142,203.692
47142,268.4680000000001
47142,232.8660000000002
47142,151.95500000000015
47142,819.7179999999998
47142,1298.543
47142,760.9669999999999
47142,80.91100000000006
47142,126.27399999999989
47142,322.2819999999999
47142,416.21000000000004
47142,296.962
47142,196.00800000000004
47142,159.36699999999996
47142,159.36699999999996
47142,159.36699999999996
47142,159.36699999999996
47142,159.36699999999996
47142,159.36699999999996
47142,36.641000000000076
47142,36.641000000000076
47142,78.50999999999999
47142,1019.9179999999999
47142,53.718999999999824
47142,18.34900000000016
47142,118.01099999999997
47142,94.53999999999996
47142,104.89199999999983
47142,104.89199999999983
47142,99.66199999999981
47142,7.0229999999996835
47142,143.98599999999988
47142,195.8380000000002
47142,44.26500000000033
47142,320.913
47142,671.21
47142,884.444
47142,42.97900000000027
47142,3.94399999999996
47142,90.65499999999975
47142,332.23
47142,144.20599999999968
47142,628.2309999999998
47142,147.6289999999999
47142,628.2309999999998
47142,537.576
47142,56.97400000000016
47142,56.97400000000016
47142,182.04899999999998
47142,56.97400000000016
47142,56.97400000000016
47142,3.423000000000229
47142,184.6010000000001
47142,125.07499999999982
47142,480.60199999999986
47142,480.60199999999986
47142,59.526000000000295
47142,247.5250000000001
47142,296.00099999999975
47142,187.9989999999998
47142,187.9989999999998
47142,296.00099999999975
47142,7.005000000000109
47142,424.7959999999998
47142,211.5619999999999
47142,103.55999999999995
47142,103.55999999999995
47142,103.55999999999995
47142,272.50599999999986
47142,108.00199999999995
47142,108.00199999999995
47142,60.94399999999996
47142,60.94399999999996
47142,60.94399999999996
47142,70.4380000000001
47142,33.92399999999998
47143,651.4200000000001
47143,168.678
47143,1180.502
47143,33.18400000000001
47143,856.171
47143,256.118
47143,520.2620000000001
47143,13.087000000000018
47143,256.118
47143,146.542
47143,482.7420000000001
47143,122.10900000000001
47143,482.7420000000001
47143,617.845
47143,218.59799999999998
47143,482.7420000000001
47143,96.48899999999998
47143,495.736
47143,96.48899999999998
47143,96.48899999999998
47143,687.635
47143,70.43200000000002
47143,399.247
47143,107.75100000000003
47143,897.259
47143,483.395
47143,90.62199999999996
47143,177.817
47143,449.369
47143,135.10299999999995
47143,135.10299999999995
47143,256.30099999999993
47143,449.369
47143,449.369
47143,241.53200000000004
47143,3.244000000000028
47143,121.19799999999998
47143,121.19799999999998
47143,505.03999999999996
47143,121.19799999999998
47143,314.2660000000001
47143,193.0680000000001
47143,70.70100000000002
47143,193.0680000000001
47143,268.88
47143,313.14099999999996
47143,376.54499999999996
47143,198.17899999999997
47143,254.17799999999988
47143,75.8119999999999
47143,75.8119999999999
47143,254.17799999999988
47143,75.8119999999999
47143,75.8119999999999
47143,114.96199999999999
47143,114.96199999999999
47143,114.96199999999999
47143,96.61500000000001
47143,96.61500000000001
47143,96.61500000000001
47143,583.1180000000002
47143,235.8309999999999
47143,218.5179999999998
47143,235.8309999999999
47143,218.5179999999998
47143,90.34399999999982
47143,90.34399999999982
47143,128.17399999999998
47143,145.48700000000008
47143,145.48700000000008
47143,130.46000000000004
47143,25.47199999999998
47143,54.82600000000002
47143,9.283999999999878
47143,9.283999999999878
47143,29.354000000000042
47143,5.58199999999988
47143,5.58199999999988
47143,49.613000000000056
47143,42.447000000000116
47144,2279.016
47144,2396.895
47144,2396.895
47144,257.183
47144,474.47700000000003
47144,2157.962
47144,257.183
47144,1111.0149999999999
47144,253.35900000000004
47144,1111.0149999999999
47144,111.17099999999999
47144,253.35900000000004
47144,111.17099999999999
47144,328.46500000000003
47144,1251.897
47144,142.18800000000005
47144,142.18800000000005
47144,142.18800000000005
47144,1900.7790000000002
47144,75.106
47144,1758.5910000000001
47144,164.75299999999993
47144,857.656
47144,75.106
47144,967.712
47144,967.712
47144,89.64699999999993
47144,782.55
47144,967.712
47144,782.55
47144,639.081
47144,1313.1599999999999
47144,280.22800000000007
47144,269.875
47144,354.836
47144,1028.915
47144,487.01099999999997
47144,256.68399999999997
47144,125.36799999999994
47144,255.22299999999996
47144,125.36799999999994
47144,255.22299999999996
47144,125.36799999999994
47144,255.22299999999996
47144,360.182
47144,129.85500000000002
47144,219.29999999999995
47144,274.60699999999997
47144,68.17699999999991
47144,68.17699999999991
47144,68.17699999999991
47144,68.17699999999991
47144,68.17699999999991
47144,68.17699999999991
47144,185.16200000000003
47144,140.88200000000006
47144,2044.6119999999999
47144,429.5999999999999
47144,1167.874
47144,17.84900000000016
47144,44.27999999999997
47144,44.27999999999997
47144,1863.459
47144,44.27999999999997
47144,877.932
47144,123.95699999999988
47144,1558.2509999999997
47144,120.481
47144,120.481
47144,491.1060000000002
47144,120.481
47144,471.33500000000026
47144,79.84700000000021
47144,79.84700000000021
47144,1230.2370000000003
47144,226.85600000000022
47144,344.7350000000001
47144,490.6819999999998
47144,100.71000000000004
47144,277.86299999999983
47144,389.97199999999975
47144,117.8789999999999
47144,159.98399999999992
47144,112.10899999999992
47144,112.10899999999992
47144,179.14499999999998
47144,66.29199999999992
47144,66.29199999999992
47144,66.29199999999992
47144,66.29199999999992
47144,14.394999999999982
47144,189.7850000000003
47144,14.394999999999982
47144,175.39000000000033
47144,175.39000000000033
47144,303.7189999999996
47144,303.7189999999996
47144,153.56899999999996
47144,248.47400000000016
47144,260.92800000000034
47144,69.9930000000004
47144,150.14999999999964
47144,150.14999999999964
47144,83.82999999999993
47144,83.82999999999993
47144,83.82999999999993
47144,40.78500000000031
47144,28.33100000000013
47144,81.05600000000004
47146,238.325
47146,238.325
47146,238.325
47146,238.325
47146,238.325
47146,238.325
47146,1412.501
47146,540.046
47146,924.957
47146,518.256
47146,518.256
47146,1174.1760000000002
47146,301.721
47146,301.721
47146,772.4069999999999
47146,78.75400000000002
47146,1056.29
47146,78.75400000000002
47146,400.37
47146,850.7840000000001
47146,105.08100000000002
47146,105.08100000000002
47146,321.616
47146,105.08100000000002
47146,623.236
47146,124.73000000000002
47146,872.455
47146,747.725
47146,91.80499999999995
47146,91.80499999999995
47146,163.635
47146,406.701
47146,385.4870000000001
47146,263.02
47146,243.06600000000003
47146,90.51599999999996
47146,167.5
47146,152.55000000000007
47146,152.55000000000007
47146,152.55000000000007
47146,249.21900000000005
47146,65.14899999999989
47146,97.84999999999991
47146,97.84999999999991
47146,249.21900000000005
47146,30.038999999999987
47146,184.07000000000016
47146,2.6620000000000346
47146,24.61700000000019
47146,126.75199999999995
47146,126.75199999999995
47146,126.75199999999995
47146,126.75199999999995
47147,1480.926
47147,123.045
47147,123.045
47147,89.59700000000001
47147,13.577999999999996
47147,89.59700000000001
47147,13.577999999999996
47147,76.019
47147,181.938
47147,505.612
47147,76.019
47147,105.919
47147,105.919
47147,265.782
47147,105.919
47147,105.919
47147,159.86299999999997
47147,159.86299999999997
47147,159.86299999999997
47147,159.86299999999997
47147,159.86299999999997
47147,486.264
47147,163.81100000000004
47147,225.21500000000003
47147,163.81100000000004
47147,225.21500000000003
47147,126.22000000000003
47147,225.21500000000003
47147,44.216999999999985
47147,44.216999999999985
47147,44.216999999999985
47147,44.216999999999985
47147,37.59100000000001
47147,1080.629
47147,464.95799999999997
47147,322.453
47147,61.403999999999996
47147,61.403999999999996
47147,753.23
47147,261.049
47147,69.702
47147,981.634
47147,191.34699999999998
47147,191.34699999999998
47147,911.932
47147,75.726
47147,42.865999999999985
47147,75.726
47147,42.865999999999985
47147,796.311
47147,506.50300000000004
47147,42.865999999999985
47147,753.445
47147,100.60199999999998
47147,753.445
47147,753.445
47147,148.00799999999992
47147,148.00799999999992
47147,1080.577
47147,142.505
47147,67.74199999999996
47147,720.585
47147,142.505
47147,98.71899999999994
47147,98.71899999999994
47147,98.71899999999994
47147,98.71899999999994
47147,74.76300000000003
47147,74.76300000000003
47147,74.76300000000003
47147,74.76300000000003
47147,288.27200000000005
47147,523.942
47147,514.017
47147,346.578
47147,441.2919999999999
47147,331.61199999999985
47147,209.24299999999994
47147,100.79399999999987
47147,331.61199999999985
47147,108.44900000000007
47147,153.288
47147,340.49800000000005
47147,31.08400000000006
47147,6.666999999999916
47147,128.87099999999987
47147,206.40099999999984
47147,206.40099999999984
47147,199.73399999999992
47147,309.414
47147,309.414
47147,199.73399999999992
47147,367.173
47147,367.173
47147,452.029
47147,199.73399999999992
47147,290.79099999999994
47147,122.36899999999991
47147,289.808
47147,77.52999999999997
47147,187.21000000000004
47147,130.21900000000005
47147,77.52999999999997
47147,167.43900000000008
47147,556.7260000000001
47147,167.43900000000008
47147,252.29500000000007
47147,56.990999999999985
47147,56.990999999999985
47147,56.990999999999985
47147,114.75
47147,56.990999999999985
47147,114.75
47147,3.3420000000000982
47147,3.3420000000000982
47147,61.10100000000011
47147,57.759000000000015
47147,127.31099999999992
47147,127.31099999999992
47147,5.386999999999944
47147,5.386999999999944
47147,274.9860000000001
47147,274.9860000000001
47147,120.51300000000015
47147,155.31100000000015
47147,396.356
47147,155.31100000000015
47147,155.31100000000015
47147,155.31100000000015
47147,155.31100000000015
47147,468.249
47147,3.5009999999999764
47147,275.84299999999985
47147,464.74800000000005
47147,275.84299999999985
47147,275.84299999999985
47147,241.04499999999985
47147,389.32500000000005
47147,119.67499999999995
47147,119.67499999999995
47147,241.04499999999985
47147,429.95000000000005
47147,774.9840000000002
47147,241.04499999999985
47147,82.19399999999996
47147,30.021999999999935
47147,121.36999999999989
47147,82.19399999999996
47147,30.021999999999935
47147,91.34799999999996
47147,91.34799999999996
47147,91.34799999999996
47147,91.34799999999996
47147,91.34799999999996
47147,91.34799999999996
47147,188.43600000000015
47147,39.17599999999993
47147,39.17599999999993
47147,290.81600000000026
47147,290.81600000000026
47147,75.0949999999998
47147,40.89300000000003
47147,42.12300000000005
47147,42.12300000000005
47147,81.76800000000003
47147,42.12300000000005
47147,61.15300000000025
47147,15.10400000000027
47147,15.10400000000027
47147,82.74900000000025
47147,75.80799999999999
47147,75.80799999999999
47147,39.64499999999998
47147,39.64499999999998
47147,101.91100000000006
47147,101.91100000000006
47147,66.72800000000007
47147,6.882999999999811
47147,180.04500000000007
47147,117.89800000000014
47147,135.9659999999999
47147,97.36900000000014
47147,73.81899999999996
47147,73.81899999999996
47147,135.9659999999999
47147,62.146999999999935
47147,38.59699999999975
47147,38.59699999999975
47148,71.699
47148,587.937
47148,1601.8729999999998
47148,142.112
47148,1182.868
47148,71.699
47148,97.77
47148,70.413
47148,703.953
47148,97.77
47148,97.77
47148,97.77
47148,27.357
47148,27.357
47148,27.357
47148,1158.944
47148,27.357
47148,77.44
47148,77.44
47148,77.44
47148,1013.399
47148,77.44
47148,606.183
47148,77.44
47148,782.473
47148,1312.2730000000001
47148,561.587
47148,32.843999999999994
47148,32.843999999999994
47148,461.726
47148,935.9590000000001
47148,528.743
47148,528.743
47148,794.364
47148,528.743
47148,705.033
47148,528.743
47148,586.808
47148,323.933
47148,390.95000000000005
47148,149.61800000000005
47148,798.166
47148,798.166
47148,83.11399999999998
47148,83.11399999999998
47148,60.82299999999998
47148,174.31499999999994
47148,992.018
47148,981.3720000000001
47148,241.332
47148,992.018
47148,453.336
47148,120.69799999999998
47148,120.69799999999998
47148,120.69799999999998
47148,453.336
47148,453.336
47148,1236.732
47148,67.01700000000005
47148,332.63800000000003
47148,243.30700000000002
47148,243.30700000000002
47148,474.23300000000006
47148,67.01700000000005
47148,243.30700000000002
47148,176.28999999999996
47148,407.216
47148,131.091
47148,176.28999999999996
47148,265.621
47148,176.28999999999996
47148,45.198999999999955
47148,134.52999999999997
47148,204.98599999999988
47148,159.78699999999992
47148,319.26699999999994
47148,1140.888
47148,89.33100000000002
47148,349.1139999999999
47148,210.591
47148,230.92600000000004
47148,141.59500000000003
47148,141.59500000000003
47148,259.7829999999999
47148,70.4559999999999
47148,121.25999999999999
47148,44.197000000000116
47148,377.0210000000002
47148,20.335000000000036
47148,138.5229999999999
47148,118.18799999999987
47148,909.962
47148,118.18799999999987
47148,419.0049999999999
47148,148.15700000000015
47148,943.7139999999999
47148,943.7139999999999
47148,153.712
47148,153.712
47148,153.712
47148,225.28200000000015
47148,913.867
47148,153.712
47148,35.401999999999816
47148,526.001
47148,35.401999999999816
47148,35.401999999999816
47148,182.50699999999983
47148,71.57000000000016
47148,147.10500000000002
47148,688.5849999999998
47148,251.8710000000001
47148,103.39700000000016
47148,27.9079999999999
47148,91.62300000000005
47148,229.16999999999985
47148,32.11000000000013
47148,122.09299999999985
47148,122.09299999999985
47150,781.528
47150,781.528
47150,1833.8619999999999
47150,1019.37
47150,88.633
47150,1232.9660000000001
47150,163.40800000000002
47150,538.936
47150,1232.9660000000001
47150,930.737
47150,375.528
47150,45.60900000000001
47150,481.381
47150,45.60900000000001
47150,329.919
47150,588.325
47150,1985.2669999999998
47150,209.899
47150,21.35899999999998
47150,21.35899999999998
47150,301.895
47150,225.87299999999993
47150,98.661
47150,98.661
47150,98.661
47150,98.661
47150,258.40600000000006
47150,181.875
47150,824.4920000000001
47150,529.696
47150,529.696
47150,694.0300000000001
47150,718.6390000000001
47150,588.1770000000001
47150,76.02200000000005
47150,76.53100000000006
47150,512.1550000000001
47150,347.821
47150,512.1550000000001
47150,237.84199999999998
47150,161.31099999999992
47150,161.31099999999992
47150,271.28999999999996
47150,823.5919999999999
47150,161.31099999999992
47150,271.28999999999996
47150,710.2540000000001
47150,274.3130000000001
47150,274.3130000000001
47150,404.7750000000001
47150,257.50599999999986
47150,257.50599999999986
47150,305.47900000000004
47150,376.9000000000001
47150,402.51
47150,1004.9709999999998
47150,272.0819999999999
47150,224.68900000000008
47150,298.27200000000016
47150,224.68900000000008
47150,298.27200000000016
47150,604.0829999999999
47150,81.63800000000015
47150,224.68900000000008
47150,52.90300000000002
47150,52.90300000000002
47150,143.05099999999993
47150,819.0949999999998
47150,216.63400000000001
47150,163.731
47150,90.14799999999991
47150,163.731
47150,56.84500000000003
47150,130.4280000000001
47150,56.84500000000003
47150,73.58300000000008
47150,122.86699999999973
47150,80.64899999999989
47150,122.86699999999973
47150,122.86699999999973
47150,80.64899999999989
47150,42.21799999999985
47150,225.1619999999998
47150,182.94399999999996
47150,182.94399999999996
47150,182.94399999999996
47150,115.85899999999992
47150,115.85899999999992
47150,115.85899999999992
47150,115.85899999999992
47150,115.85899999999992
47150,115.85899999999992
47150,86.20700000000033
47150,86.20700000000033
47150,86.20700000000033
47150,90.529
47150,110.55699999999979
47150,119.91399999999976
47150,9.103000000000065
47153,1053.883
47153,388.16
47153,162.22400000000002
47153,2229.49
47153,626.289
47153,78.59100000000001
47153,1538.875
47153,78.59100000000001
47153,1935.8
47153,626.289
47153,78.59100000000001
47153,2067.266
47153,412.802
47153,42.740999999999985
47153,2024.525
47153,1104.153
47153,57.41599999999997
47153,433.00800000000004
47153,675.571
47153,239.64
47153,2124.228
47153,444.36999999999995
47153,665.723
47153,186.86600000000004
47153,186.86600000000004
47153,444.36999999999995
47153,128.39399999999995
47153,53.18099999999998
47153,119.15800000000007
47153,53.18099999999998
47153,53.18099999999998
47153,246.54900000000004
47153,1766.117
47153,736.8589999999999
47153,1105.9540000000002
47153,1712.9360000000001
47153,377.45899999999995
47153,134.89599999999996
47153,431.0559999999999
47153,726.5869999999999
47153,405.0379999999999
47153,2356.009
47153,127.39099999999996
47153,127.39099999999996
47153,431.0559999999999
47153,1519.568
47153,1691.22
47153,122.60799999999995
47153,122.60799999999995
47153,122.60799999999995
47153,122.60799999999995
47153,242.563
47153,119.95500000000004
47153,181.05700000000002
47153,221.35300000000007
47153,119.95500000000004
47153,2106.01
47153,181.05700000000002
47153,181.05700000000002
47153,61.101999999999975
47153,670.023
47153,1277.005
47153,2320.75
47153,66.31400000000008
47153,1836.211
47153,40.29600000000005
47153,120.83200000000011
47153,40.29600000000005
47153,2259.648
47153,29.654999999999973
47153,1038.69
47153,2096.48
47153,50.881000000000085
47153,50.881000000000085
47153,225.57999999999993
47153,417.93399999999997
47153,1347.0609999999997
47153,65.81299999999987
47153,1503.475
47153,1029.258
47153,1029.258
47153,72.47299999999996
47153,1029.258
47153,72.47299999999996
47153,1877.6580000000001
47153,956.7850000000001
47153,349.8030000000001
47153,36.41300000000001
47153,1514.662
47153,920.3720000000001
47153,209.92600000000016
47153,209.92600000000016
47153,152.1210000000001
47153,103.46399999999994
47153,33.30899999999997
47153,1419.496
47153,33.30899999999997
47153,677.137
47153,677.137
47153,467.0799999999999
47153,210.05700000000002
47153,73.1400000000001
47153,136.91699999999992
47153,171.65200000000004
47153,408.404
47153,146.16800000000012
47153,392.02599999999984
47153,64.67900000000009
47153,64.67900000000009
47153,170.50099999999975
47153,326.91499999999996
47153,326.91499999999996
47153,512.8009999999999
47153,326.91499999999996
47153,98.83399999999983
47153,18.496000000000095
47153,98.83399999999983
47153,80.33799999999974
47153,457.0600000000004
47153,235.5350000000003
47153,114.76000000000022
47153,114.76000000000022
47153,114.76000000000022
47153,97.82499999999982
47153,351.6300000000001
47153,215.62699999999995
47153,211.82299999999987
47153,211.82299999999987
47153,157.90099999999984
47153,157.90099999999984
47154,962.4029999999999
47154,702.505
47154,1337.518
47154,90.34599999999998
47154,90.34599999999998
47154,828.079
47154,106.42900000000003
47154,106.42900000000003
47154,169.37
47154,429.754
47154,116.918
47154,63.278999999999996
47154,312.836
47154,1108.406
47154,659.7139999999999
47154,63.278999999999996
47154,63.278999999999996
47154,1055.954
47154,1055.954
47154,714.469
47154,249.55700000000002
47154,960.546
47154,509.4549999999999
47154,939.3219999999999
47154,451.10699999999997
47154,76.05899999999997
47154,960.546
47154,5.426000000000045
47154,168.072
47154,1171.5839999999998
47154,369.62199999999996
47154,168.072
47154,201.54999999999995
47154,795.5699999999999
47154,201.54999999999995
47154,179.17899999999997
47154,306.0210000000001
47154,192.60799999999995
47154,291.1460000000001
47154,616.391
47154,274.90600000000006
47154,80.71899999999994
47154,274.90600000000006
47154,1265.9189999999999
47154,145.32799999999997
47154,56.86900000000014
47154,56.86900000000014
47154,194.18700000000013
47154,56.86900000000014
47154,451.0910000000001
47154,1542.0439999999999
47154,194.18700000000013
47154,56.86900000000014
47154,1485.1749999999997
47154,212.73000000000002
47154,303.55499999999984
47154,1468.0499999999997
47154,107.20700000000011
47154,1455.0639999999999
47154,273.44399999999996
47154,1585.4360000000001
47154,1497.7710000000002
47154,1347.8569999999997
47154,1478.229
47154,1347.8569999999997
47154,1347.8569999999997
47154,1530.9929999999997
47154,1530.9929999999997
47154,1347.8569999999997
47154,156.20799999999986
47154,1478.229
47154,90.82499999999982
47154,1455.5809999999997
47154,1272.4449999999997
47154,404.778
47154,1134.29
47154,1311.9920000000002
47154,21.22400000000016
47154,1112.177
47154,1043.6229999999998
47154,84.5809999999999
47154,1221.325
47154,1392.201
47154,1006.3719999999998
47154,862.2939999999999
47154,194.83899999999994
47154,279.529
47154,310.03099999999995
47154,21.587999999999965
47154,198.837
47154,751.0999999999999
47154,21.587999999999965
47154,2.7819999999999254
47154,2.7819999999999254
47154,2.7819999999999254
47154,177.24900000000002
47154,442.3689999999999
47154,776.8419999999999
47154,177.24900000000002
47154,776.8419999999999
47154,96.35699999999997
47154,380.3119999999999
47154,380.3119999999999
47154,714.7849999999999
47154,115.19200000000001
47154,96.35699999999997
47154,380.3119999999999
47154,11.666999999999916
47154,129.84400000000005
47154,599.5929999999998
47154,488.58399999999983
47154,155.2760000000003
47154,334.47299999999996
47154,193.07700000000023
47154,269.83100000000013
47154,98.15599999999995
47154,141.39599999999973
47154,94.0659999999998
47154,141.39599999999973
47154,16.398999999999887
47154,81.04099999999971
47154,665.3040000000001
47154,64.64199999999983
47154,247.7779999999998
47154,47.32999999999993
47154,177.70200000000023
47154,230.4659999999999
47154,280.384
47154,295.54800000000023
47154,183.13599999999997
47154,58.577999999999975
47154,48.059999999999945
47154,38.873999999999796
47154,60.21300000000019
47154,60.21300000000019
47154,60.21300000000019
47154,27.38000000000011
47161,52.881
47161,584.479
47161,113.69800000000001
47161,203.23700000000002
47161,44.543000000000006
47161,537.4269999999999
47161,543.6289999999999
47161,1224.651
47161,158.69400000000002
47161,158.69400000000002
47161,499.08599999999996
47161,158.69400000000002
47161,158.69400000000002
47161,158.69400000000002
47161,158.69400000000002
47161,158.69400000000002
47161,100.57799999999997
47161,100.57799999999997
47161,222.375
47161,100.57799999999997
47161,100.57799999999997
47161,100.57799999999997
47161,542.422
47161,100.57799999999997
47161,257.745
47161,158.62800000000004
47161,158.62800000000004
47161,158.62800000000004
47161,681.839
47161,257.745
47161,121.79700000000003
47161,135.94799999999998
47161,560.042
47161,118.01699999999994
47161,283.216
47161,74.98399999999992
47161,283.216
47161,74.98399999999992
47161,283.216
47161,483.1289999999999
47161,483.1289999999999
47161,21.451999999999998
47161,3.520999999999958
47161,202.0300000000001
47161,725.565
47161,707.634
47161,184.09900000000005
47161,184.09900000000005
47161,852.6880000000001
47161,852.6880000000001
47161,852.6880000000001
47161,239.995
47161,239.995
47161,239.995
47161,97.34899999999993
47161,239.995
47161,97.34899999999993
47161,239.995
47161,1012.083
47161,180.22899999999993
47161,180.22899999999993
47161,142.64600000000007
47161,389.1329999999999
47161,180.22899999999993
47161,37.582999999999856
47161,37.582999999999856
47161,37.582999999999856
47161,428.59400000000005
47161,428.59400000000005
47161,531.2179999999998
47161,493.635
47161,391.0110000000002
47161,60.70700000000011
47161,60.70700000000011
47161,23.653999999999996
47161,37.05300000000011
47161,12.823000000000093
47161,12.823000000000093
47161,145.0540000000001
47161,173.13300000000004
47161,173.13300000000004
47161,122.16800000000012
47161,258.0930000000001
47161,258.0930000000001
47161,279.6859999999999
47161,63.63499999999999
47161,216.05099999999993
47161,21.592999999999847
47161,21.592999999999847
47161,263.07399999999984
47161,18.126999999999953
47161,90.38499999999976
47161,97.08099999999968
47161,24.822999999999865
47161,146.10699999999997
47161,24.822999999999865
47161,24.822999999999865
47162,204.318
47162,728.968
47162,936.05
47162,504.39
47162,504.39
47162,41.297
47162,41.297
47162,478.945
47162,1060.0010000000002
47162,463.09299999999996
47162,1027.785
47162,1024.15
47162,408.009
47162,212.523
47162,821.5989999999999
47162,212.523
47162,960.8980000000001
47162,30.188000000000045
47162,30.188000000000045
47162,178.20099999999996
47162,513.108
47162,500.158
47162,500.158
47162,38.43299999999999
47162,500.158
47162,500.158
47162,288.25699999999995
47162,461.725
47162,392.42600000000004
47162,442.259
47162,392.42600000000004
47162,442.259
47162,117.601
47162,442.259
47162,956.827
47162,284.71399999999994
47162,324.658
47162,159.17399999999998
47162,81.14799999999991
47162,47.20099999999991
47162,173.46800000000007
47162,364.971
47162,84.245
47162,31.406000000000063
47162,9.344000000000051
47162,57.483999999999924
47162,139.46799999999996
47162,139.46799999999996
47162,139.46799999999996
47162,7.650999999999954
47162,89.63499999999999
47162,134.019
47162,81.98400000000004
47162,81.98400000000004
47162,569.233
47162,81.98400000000004
47162,44.152000000000044
47162,44.152000000000044
47162,160.41800000000012
47162,130.58000000000015
47162,32.21600000000012
47162,40.363000000000056
47162,40.363000000000056
47162,111.26199999999994
47162,40.34199999999987
47163,1368.507
47163,1368.507
47163,116.743
47163,1102.668
47163,1102.668
47163,157.777
47163,985.925
47163,1065.3680000000002
47163,723.2
47163,105.64899999999997
47163,1103.644
47163,25.470999999999975
47163,25.470999999999975
47163,25.470999999999975
47163,1093.987
47163,8.605999999999995
47163,137.27599999999995
47163,190.06399999999996
47163,190.06399999999996
47163,61.394000000000005
47163,761.844
47163,84.59900000000005
47163,465.0430000000001
47163,84.59900000000005
47163,348.77700000000004
47163,84.59900000000005
47163,84.59900000000005
47163,380.4440000000001
47163,290.0400000000001
47163,290.0400000000001
47163,682.4309999999999
47163,79.44300000000021
47163,169.8470000000002
47163,31.36500000000001
47163,25.86200000000008
47163,116.26600000000008
47163,25.86200000000008
47163,25.86200000000008
47163,186.39599999999996
47163,90.404
47163,90.404
47163,90.404
47163,95.99199999999996
47163,95.99199999999996
47163,162.75
47163,35.34400000000005
47163,665.6659999999999
47163,35.34400000000005
47163,35.34400000000005
47163,35.34400000000005
47163,162.75
47163,43.24499999999989
47163,502.91599999999994
47163,43.24499999999989
47163,11.288000000000011
47163,185.03700000000003
47163,384.58799999999997
47163,173.74900000000002
47163,173.74900000000002
47163,173.74900000000002
47163,239.64700000000016
47163,173.74900000000002
47163,173.74900000000002
47163,65.89800000000014
47163,210.83899999999994
47163,285.922
47163,220.0239999999999
47163,144.9409999999998
47163,220.0239999999999
47163,220.0239999999999
47163,220.0239999999999
47163,144.9409999999998
47163,75.08300000000008
47163,34.184999999999945
47163,34.184999999999945
47163,34.184999999999945
47163,34.184999999999945
47164,432.745
47164,832.25
47164,106.265
47164,263.063
47164,307.042
47164,47.088
47164,373.568
47164,297.31199999999995
47164,219.515
47164,294.626
47164,250.224
47164,250.224
47164,165.41299999999998
47164,43.978999999999985
47164,229.86400000000003
47164,484.826
47164,484.826
47164,113.23500000000001
47164,31.132000000000005
47164,16.24200000000002
47164,114.39699999999999
47164,127.98600000000005
47164,102.92400000000004
47164,102.92400000000004
47164,100.69600000000003
47164,100.69600000000003
47164,100.69600000000003
47164,206.49699999999996
47164,354.8359999999999
47164,47.50300000000004
47164,47.50300000000004
47164,86.7539999999999
47164,86.7539999999999
47164,86.7539999999999
47164,183.14299999999992
47164,200.19100000000014
47164,197.09000000000003
47164,100.70100000000002
47164,100.70100000000002
47164,3.1010000000001128
47164,67.92500000000018
47164,19.149000000000115
47164,19.149000000000115
47164,58.697000000000116
47164,39.548
47164,5.726999999999862
47164,22.826000000000022
47166,807.051
47166,433.214
47166,127.278
47166,742.296
47166,170.54
47166,170.54
47166,170.54
47166,314.916
47166,214.724
47166,43.261999999999986
47166,615.018
47166,420.499
47166,420.499
47166,615.018
47166,43.261999999999986
47166,684.179
47166,147.59799999999998
47166,144.376
47166,571.7560000000001
47166,44.184
47166,44.184
47166,144.376
47166,485.184
47166,485.184
47166,485.184
47166,100.19200000000001
47166,100.19200000000001
47166,427.38000000000005
47166,232.86100000000005
47166,118.298
47166,232.86100000000005
47166,232.86100000000005
47166,427.38000000000005
47166,232.86100000000005
47166,232.86100000000005
47166,114.56300000000005
47166,114.56300000000005
47166,373.83700000000005
47166,266.694
47166,114.56300000000005
47166,446.50500000000005
47166,114.56300000000005
47166,152.13099999999997
47166,259.274
47166,152.13099999999997
47166,152.13099999999997
47166,152.13099999999997
47166,152.13099999999997
47166,259.274
47166,162.31399999999996
47166,179.81100000000004
47166,107.14300000000003
47166,64.755
47166,64.755
47166,44.44599999999991
47166,72.668
47166,72.668
47166,28.222000000000094
47166,28.222000000000094
47166,28.222000000000094
47167,1442.587
47167,371.385
47167,171.21800000000002
47167,242.529
47167,876.673
47167,71.311
47167,817.7570000000001
47167,71.311
47167,71.311
47167,419.242
47167,871.866
47167,128.856
47167,630.4480000000001
47167,927.692
47167,19.274
47167,19.274
47167,19.274
47167,19.274
47167,19.274
47167,112.50899999999996
47167,112.50899999999996
47167,112.50899999999996
47167,229.57899999999995
47167,229.57899999999995
47167,201.606
47167,201.606
47167,201.606
47167,161.50599999999997
47167,161.50599999999997
47167,438.8890000000001
47167,111.68500000000006
47167,49.82099999999991
47167,352.2320000000001
47167,44.19100000000003
47167,117.19400000000007
47167,292.10800000000006
47167,358.61199999999997
47167,120.14599999999996
47167,229.66200000000003
47167,115.99800000000005
47167,190.84699999999998
47167,81.3309999999999
47167,109.51600000000008
47167,74.84899999999993
47167,15.932999999999993
47167,55.82600000000002
47167,55.82600000000002
47167,55.82600000000002
47167,55.82600000000002
47167,55.82600000000002
47167,55.82600000000002
47167,903.2739999999999
47167,55.02299999999991
47167,55.02299999999991
47167,71.43900000000008
47167,51.249000000000024
47167,71.43900000000008
47167,93.60800000000017
47167,863.012
47167,68.22799999999984
47167,68.22799999999984
47167,68.22799999999984
47167,137.8130000000001
47167,137.8130000000001
47167,113.99500000000012
47167,113.99500000000012
47167,608.5989999999999
47167,473.83400000000006
47167,473.83400000000006
47167,113.99500000000012
47167,6.721000000000004
47167,6.721000000000004
47167,6.721000000000004
47167,6.721000000000004
47167,17.09699999999998
47167,17.09699999999998
47167,17.09699999999998
47167,182.61200000000008
47167,406.10000000000014
47167,621.6180000000002
47167,621.6180000000002
47167,406.10000000000014
47167,336.02099999999996
47167,336.02099999999996
47167,406.10000000000014
47167,149.587
47167,219.66600000000017
47167,284.35199999999986
47167,149.587
47167,435.1840000000002
47167,219.66600000000017
47167,149.587
47167,70.07900000000018
47167,70.07900000000018
47167,70.07900000000018
47167,70.07900000000018
47167,215.51800000000003
47167,208.51199999999972
47167,64.6859999999997
47167,64.6859999999997
47167,215.51800000000003
47167,150.83200000000033
47167,150.83200000000033
47168,64.44800000000001
47168,64.44800000000001
47168,27.46499999999999
47168,27.46499999999999
47168,27.46499999999999
47168,871.953
47168,27.46499999999999
47168,50.248000000000005
47168,32.524
47168,14.977000000000004
47168,40.096000000000004
47168,40.096000000000004
47168,192.45499999999998
47168,40.096000000000004
47168,192.45499999999998
47168,40.096000000000004
47168,40.096000000000004
47168,4.002999999999986
47168,4.002999999999986
47168,4.002999999999986
47168,4.002999999999986
47168,152.35899999999998
47168,152.35899999999998
47168,83.08599999999996
47168,83.08599999999996
47168,119.74699999999996
47168,83.08599999999996
47168,83.08599999999996
47168,119.74699999999996
47168,83.08599999999996
47168,36.661
47168,137.92600000000004
47168,101.26500000000004
47168,885.806
47168,83.71700000000004
47168,448.62799999999993
47168,932.255
47168,41.428
47168,924.9390000000001
47168,331.13
47168,109.7120000000001
47168,57.865999999999985
47168,76.92600000000004
47168,813.2220000000001
47168,196.433
47168,45.071000000000026
47168,320.953
47168,972.042
47168,142.48699999999997
47168,218.5569999999999
47168,844.7629999999999
47168,7.26299999999992
47168,122.92199999999991
47168,115.65899999999999
47168,112.09799999999996
47168,491.6909999999999
47168,76.06999999999994
47168,453.41099999999994
47168,76.06999999999994
47168,720.3370000000001
47168,626.206
47168,626.206
47168,569.419
47168,233.51799999999992
47168,193.35399999999993
47168,70.654
47168,197.85400000000004
47168,70.654
47168,70.654
47168,400.0930000000001
47168,70.654
47168,329.4390000000001
47168,165.48000000000002
47168,87.03600000000006
47168,25.399000000000115
47168,25.399000000000115
47168,87.03600000000006
47168,289.2750000000001
47168,87.03600000000006
47168,61.636999999999944
47168,61.636999999999944
47168,99.91699999999992
47168,128.23500000000013
47168,163.95900000000006
47168,114.1289999999999
47168,52.28800000000001
47168,61.840999999999894
47168,176.481
47168,176.481
47168,35.72399999999993
47168,154.84500000000003
47168,90.45100000000002
47168,90.45100000000002
47169,105.46600000000001
47169,9.959000000000003
47169,9.959000000000003
47169,9.959000000000003
47169,1086.288
47169,336.73800000000006
47169,336.73800000000006
47169,888.5379999999999
47169,120.18399999999997
47169,6.182000000000016
47169,6.182000000000016
47169,114.00199999999995
47169,319.46799999999996
47169,222.10900000000004
47169,446.15999999999997
47169,446.15999999999997
47169,676.8239999999998
47169,108.10700000000008
47169,659.9069999999999
47169,108.10700000000008
47169,761.116
47169,659.9069999999999
47169,108.10700000000008
47169,205.466
47169,454.4409999999999
47169,60.200000000000045
47169,454.4409999999999
47169,555.65
47169,555.65
47169,454.4409999999999
47169,144.48199999999997
47169,454.4409999999999
47169,144.48199999999997
47169,495.44999999999993
47169,394.2409999999999
47169,394.2409999999999
47169,312.9999999999999
47169,414.20899999999995
47169,411.168
47169,230.66399999999987
47169,230.66399999999987
47169,230.66399999999987
47169,230.66399999999987
47169,331.87299999999993
47169,186.66699999999992
47169,186.66699999999992
47169,186.66699999999992
47169,502.24700000000007
47169,827.9550000000002
47169,101.20900000000006
47169,827.9550000000002
47169,101.20900000000006
47169,75.18000000000006
47169,386.61699999999996
47169,75.18000000000006
47169,75.18000000000006
47169,176.9280000000001
47169,176.9280000000001
47169,37.73700000000008
47169,689.3030000000001
47169,651.566
47169,139.19100000000003
47169,139.19100000000003
47169,139.19100000000003
47169,139.19100000000003
47169,72.0
47169,46.009000000000015
47169,386.13800000000015
47169,17.33699999999999
47169,1.8220000000001164
47169,110.88300000000004
47169,110.88300000000004
47169,110.88300000000004
47169,110.88300000000004
47169,86.22799999999984
47169,16.309000000000196
47169,70.44399999999996
47170,400.763
47170,400.763
47170,604.31
47170,221.64899999999997
47170,294.267
47170,56.282
47170,379.815
47170,74.53299999999999
47170,187.393
47170,74.53299999999999
47170,430.459
47170,47.798
47170,65.06200000000001
47170,64.19800000000009
47170,13.283000000000015
47170,135.788
47170,135.788
47170,5.400999999999954
47170,709.607
47170,6.442999999999984
47170,94.65599999999995
47170,176.024
47170,94.65599999999995
47170,33.321000000000026
47170,33.321000000000026
47170,33.321000000000026
47170,155.59300000000007
47170,206.65300000000002
47170,74.22500000000002
47170,74.22500000000002
47170,138.88099999999997
47170,208.93499999999995
47170,138.88099999999997
47170,505.7339999999999
47170,169.17700000000002
47170,448.39300000000003
47170,130.91000000000008
47170,35.958000000000084
47170,134.70999999999992
47170,94.952
47170,64.65599999999995
47170,94.952
47170,64.65599999999995
47170,70.05399999999997
47170,30.29600000000005
47170,68.524
47170,68.524
47170,279.216
47170,68.524
47170,28.766000000000076
47170,28.766000000000076
47170,28.766000000000076
47170,94.07799999999997
47170,94.07799999999997
47170,247.95100000000002
47170,208.1099999999999
47170,196.64300000000003
47170,823.9160000000002
47170,38.07600000000002
47170,38.07600000000002
47170,97.18200000000002
47170,97.18200000000002
47170,19.264999999999873
47170,289.692
47170,22.688000000000102
47170,56.40599999999995
47170,56.40599999999995
47170,40.19800000000009
47170,233.64300000000003
47170,40.19800000000009
47170,40.19800000000009
47170,40.19800000000009
47170,214.97000000000003
47170,162.24399999999991
47170,251.8119999999999
47170,193.44499999999994
47170,193.44499999999994
47170,96.34799999999996
47170,251.8119999999999
47170,97.09699999999998
47170,97.09699999999998
47170,155.46399999999994
47170,78.42399999999998
47170,12.52800000000002
47170,31.201000000000022
47170,31.201000000000022
47170,18.673000000000002
47170,77.03999999999996
47170,58.36699999999996
47170,58.36699999999996
47170,118.32600000000002
47170,59.95900000000006
47170,229.65700000000015
47170,218.08799999999997
47170,218.08799999999997
47170,52.305000000000064
47170,213.8320000000001
47170,22.583000000000084
47170,191.24900000000002
47170,269.35400000000004
47170,191.24900000000002
47170,128.74299999999994
47170,132.38199999999983
47170,206.83900000000017
47170,125.33800000000019
47170,21.214999999999918
47170,21.214999999999918
47170,52.34500000000003
47170,52.34500000000003
47170,78.10500000000002
47170,37.32900000000018
47170,37.32900000000018
47170,15.749000000000024
47170,15.749000000000024
47170,15.749000000000024
47170,11.707000000000107
47170,11.707000000000107
47170,20.947000000000116
47170,7.32300000000032
47171,663.4699999999999
47171,64.35
47171,26.209000000000003
47171,921.197
47171,905.163
47171,905.163
47171,56.66900000000001
47171,157.40900000000002
47171,478.25
47171,455.30099999999993
47171,31.843999999999994
47171,22.860000000000014
47171,22.860000000000014
47171,490.321
47171,390.68999999999994
47171,69.84899999999999
47171,390.68999999999994
47171,673.288
47171,390.68999999999994
47171,69.84899999999999
47171,266.22599999999994
47171,407.72200000000004
47171,320.84099999999995
47171,407.72200000000004
47171,320.84099999999995
47171,119.95799999999997
47171,159.558
47171,97.06799999999998
47171,212.87699999999995
47171,299.75800000000004
47171,299.75800000000004
47171,53.688999999999965
47171,246.06900000000007
47171,104.57299999999998
47171,223.1790000000001
47171,96.69799999999998
47171,183.57900000000006
47171,5.224000000000046
47171,1.0599999999999454
47171,283.658
47171,282.59800000000007
47171,197.913
47171,86.88100000000009
47171,86.88100000000009
47171,86.88100000000009
47171,370.09400000000005
47171,86.88100000000009
47171,283.21299999999997
47171,84.68500000000006
47171,84.68500000000006
47171,332.81000000000006
47171,87.49599999999998
47171,47.091999999999985
47171,62.288999999999874
47171,62.288999999999874
47171,292.40600000000006
47171,245.31400000000008
47171,129.69399999999996
47171,144.711
47171,144.711
47171,27.128000000000156
47171,25.074999999999818
47172,1020.987
47172,1693.183
47172,138.79599999999996
47172,78.25500000000005
47172,78.25500000000005
47172,78.25500000000005
47172,168.95200000000006
47172,78.25500000000005
47172,1438.7020000000002
47172,1438.7020000000002
47172,664.44
47172,1360.4470000000001
47172,74.832
47172,160.214
47172,160.214
47172,15.865000000000009
47172,15.865000000000009
47172,144.349
47172,72.29299999999995
47172,98.80200000000002
47172,98.80200000000002
47172,98.80200000000002
47172,72.05600000000004
47172,26.74599999999998
47172,26.74599999999998
47172,26.74599999999998
47172,26.74599999999998
47172,163.40499999999997
47172,163.40499999999997
47172,3.602999999999952
47172,58.144000000000005
47172,102.06599999999992
47172,102.06599999999992
47172,123.16800000000012
47172,101.33100000000013
47172,20.500999999999976
47172,20.500999999999976
47172,312.81600000000003
47172,123.4860000000001
47172,305.6970000000001
47172,255.28200000000015
47172,123.4860000000001
47172,305.6970000000001
47172,255.28200000000015
47172,305.6970000000001
47172,182.211
47172,131.85000000000014
47172,308.875
47172,65.36200000000008
47172,65.36200000000008
47172,115.77700000000004
47172,50.414999999999964
47172,211.74299999999994
47172,236.212
47172,50.414999999999964
47172,236.212
47172,161.32799999999997
47172,185.79700000000003
47172,185.79700000000003
47172,185.79700000000003
47172,185.79700000000003
47172,24.46900000000005
47172,24.46900000000005
47179,733.2959999999999
47179,733.2959999999999
47179,733.2959999999999
47179,1553.541
47179,216.149
47179,366.25800000000004
47179,454.453
47179,454.453
47179,216.149
47179,216.149
47179,454.453
47179,325.914
47179,366.25800000000004
47179,238.30399999999997
47179,238.30399999999997
47179,109.76499999999999
47179,31.58100000000013
47179,128.539
47179,128.539
47179,96.95799999999986
47179,88.19499999999994
47179,42.256000000000085
47179,42.256000000000085
47179,42.256000000000085
47179,148.61900000000014
47179,232.9670000000001
47179,106.36300000000006
47179,106.36300000000006
47179,691.6109999999999
47179,126.60400000000004
47179,32.277000000000044
47179,32.277000000000044
47179,32.277000000000044
47179,32.277000000000044
47179,62.82499999999982
47179,62.82499999999982
47179,35.378999999999905
47179,13.563000000000102
47179,13.563000000000102
47179,13.563000000000102
47179,27.445999999999913
47179,11.682999999999993
47182,823.3829999999999
47182,1135.846
47182,662.2909999999999
47182,11.225999999999999
47182,1022.961
47182,1004.9549999999999
47182,358.81100000000004
47182,408.54499999999996
47182,1014.257
47182,253.42399999999998
47182,97.81799999999998
47182,408.54499999999996
47182,253.42399999999998
47182,212.28200000000004
47182,63.274
47182,916.439
47182,535.21
47182,92.332
47182,92.332
47182,56.676000000000045
47182,468.08299999999997
47182,155.12099999999998
47182,704.1569999999999
47182,661.9419999999999
47182,51.11399999999992
47182,65.00999999999999
47182,605.712
47182,12.700000000000045
47182,12.700000000000045
47182,553.402
47182,12.700000000000045
47182,268.7549999999999
47182,9.326000000000022
47182,93.56099999999992
47182,59.02999999999997
47182,59.02999999999997
47182,59.02999999999997
47182,39.65599999999995
47182,44.57899999999995
47182,54.26999999999998
47182,54.26999999999998
47182,144.75099999999998
47182,41.76800000000003
47182,68.93399999999997
47182,82.18200000000002
47182,18.006000000000085
47184,875.175
47184,321.7400000000001
47184,57.014999999999986
47184,57.014999999999986
47184,1745.4830000000002
47184,57.014999999999986
47184,209.7800000000001
47184,167.428
47184,209.7800000000001
47184,479.1039999999999
47184,167.428
47184,209.7800000000001
47184,190.2159999999999
47184,922.4999999999998
47184,168.91000000000008
47184,88.39499999999998
47184,497.65700000000015
47184,168.91000000000008
47184,80.5150000000001
47184,53.34100000000012
47184,80.5150000000001
47184,312.03200000000015
47184,169.212
47184,231.51700000000005
47184,231.51700000000005
47184,337.8320000000001
47184,231.51700000000005
47184,231.51700000000005
47184,195.7940000000001
47184,106.31500000000005
47184,319.2829999999997
47184,50.75199999999995
47184,25.29699999999957
47184,15.351999999999862
47184,15.351999999999862
47184,84.70400000000018
47184,93.74099999999999
47184,200.2720000000004
47184,82.98700000000008
47184,153.51199999999972
47184,153.51199999999972
47184,30.896999999999935
47184,30.896999999999935
47185,176.615
47185,47.90899999999999
47185,50.81700000000001
47185,166.168
47185,51.44799999999998
47185,104.38400000000001
47185,104.38400000000001
47185,83.71600000000001
47185,83.71600000000001
47185,83.71600000000001
47185,52.936000000000035
47185,38.500000000000114
47185,18.010999999999967
47185,18.010999999999967
47185,18.010999999999967
47185,73.19900000000007
47185,253.54599999999982
47185,58.41800000000012
47185,23.784000000000106
47185,23.784000000000106
47185,23.784000000000106
47185,47.54099999999994
47189,902.2769999999999
47189,907.559
47189,1065.854
47189,1032.326
47189,316.395
47189,910.0809999999999
47189,144.04500000000007
47189,302.34000000000003
47189,302.34000000000003
47189,66.47000000000003
47189,144.04500000000007
47189,144.04500000000007
47189,77.57500000000005
47189,161.91700000000003
47189,161.91700000000003
47189,10.807999999999993
47189,89.62400000000002
47189,163.577
47189,158.29499999999996
47189,212.77200000000005
47189,212.77200000000005
47189,158.29499999999996
47189,73.95299999999997
47189,40.424999999999955
47189,73.95299999999997
47189,73.95299999999997
47189,73.95299999999997
47189,33.52800000000002
47189,54.47700000000009
47189,80.2829999999999
47189,331.4169999999999
47189,229.82999999999993
47189,202.38500000000022
47189,129.6300000000001
47189,67.84900000000016
47189,67.84900000000016
47189,136.12300000000005
47189,61.78099999999995
47189,61.78099999999995
47189,136.12300000000005
47189,236.59199999999987
47189,30.226000000000113
47189,174.81099999999992
47189,101.58699999999999
47189,101.58699999999999
47189,101.58699999999999
47189,100.46899999999982
47189,100.46899999999982
47189,27.24499999999989
47189,73.22399999999993
47189,73.22399999999993
47189,73.22399999999993
47189,73.22399999999993
47189,73.22399999999993
47189,73.22399999999993
47189,60.468000000000075
47196,141.24900000000002
47196,634.49
47196,125.61500000000001
47196,201.68100000000004
47196,201.68100000000004
47196,36.88000000000011
47196,511.077
47196,48.274000000000115
47196,69.21500000000015
47196,69.21500000000015
47196,477.22900000000004
47196,60.271999999999935
47196,110.98700000000008
47196,660.3470000000002
47196,632.9280000000001
47196,363.3509999999999
47196,137.62599999999998
47196,323.59199999999987
47196,91.3409999999999
47196,60.74199999999996
47196,60.74199999999996
47196,60.74199999999996
47196,60.74199999999996
47196,104.69299999999998
47196,30.189000000000078
47196,10.608000000000175
47196,37.78399999999988
47196,37.78399999999988
47196,39.919000000000096
47196,6.705999999999904
47197,574.5169999999999
47197,824.97
47197,574.5169999999999
47197,574.5169999999999
47197,574.5169999999999
47197,574.5169999999999
47197,824.97
47197,986.923
47197,773.441
47197,773.441
47197,202.312
47197,857.9639999999999
47197,784.9659999999999
47197,784.9659999999999
47197,105.19000000000005
47197,105.19000000000005
47197,539.2580000000002
47197,105.19000000000005
47197,687.8439999999999
47197,87.78800000000001
47197,307.216
47197,87.78800000000001
47197,87.78800000000001
47197,659.2620000000001
47197,494.8659999999999
47197,129.81600000000003
47197,72.34100000000001
47197,510.3889999999999
47197,601.787
47197,161.95299999999997
47197,250.28100000000006
47197,365.04999999999984
47197,160.6690000000001
47197,272.03700000000003
47197,221.58399999999983
47197,312.98199999999997
47197,114.76899999999978
47197,114.76899999999978
47197,114.76899999999978
47197,8.124000000000024
47197,3.40099999999984
47197,3.40099999999984
47197,3.40099999999984
47197,164.39600000000019
47197,91.39800000000014
47212,188.45900000000006
47212,443.5150000000001
47212,95.73500000000001
47212,95.73500000000001
47212,443.5150000000001
47212,63.759000000000015
47212,284.0210000000001
47212,284.0210000000001
47212,46.722999999999956
47212,209.54600000000005
47212,209.54600000000005
47212,396.76800000000003
47212,183.45799999999986
47212,136.7349999999999
47212,162.8230000000001
47212,136.7349999999999
47212,162.8230000000001
47212,136.7349999999999
47212,162.8230000000001
47212,26.088000000000193
47212,25.123000000000047
47212,379.11400000000003
47212,243.29199999999992
47212,243.29199999999992
47212,23.797000000000025
47212,127.30600000000004
47212,86.67499999999995
47212,86.67499999999995
47212,16.83400000000006
47212,16.83400000000006
47212,16.83400000000006
47212,16.83400000000006
47212,5.123000000000047
47212,5.123000000000047
47212,5.123000000000047
47212,16.52800000000002
47212,16.52800000000002
47212,12.248000000000047
47213,8.44399999999996
47213,621.437
47213,8.44399999999996
47213,54.190000000000055
47213,14.389999999999986
47213,6.025999999999954
47213,6.025999999999954
47213,73.20100000000002
47213,136.24800000000005
47213,73.20100000000002
47213,69.41599999999994
47213,58.910999999999945
47213,8.322000000000116
47213,32.371000000000095
47213,32.371000000000095
47213,24.048999999999978
47213,3.921000000000049
47213,3.921000000000049
47213,196.46499999999992
47213,196.46499999999992
47213,59.48299999999995
47213,104.24199999999996
47213,32.89800000000014
47213,32.89800000000014
47213,10.307999999999993
47213,10.307999999999993
47213,73.63999999999987
47213,73.63999999999987
47213,47.72399999999993
47213,17.866999999999962
47213,17.866999999999962
47213,51.91100000000006
47213,85.74900000000002
47213,51.91100000000006
47213,33.837999999999965
47213,33.837999999999965
47213,46.32199999999989
47213,15.042999999999893
47213,15.042999999999893
47213,15.042999999999893
47213,36.84500000000003
47213,20.082000000000107
47213,35.55399999999986
47213,26.409999999999854
47213,25.454999999999927
47218,923.0120000000001
47218,69.375
47218,35.499000000000024
47218,1484.3319999999999
47218,18.454999999999927
47218,25.004999999999995
47218,223.85799999999995
47218,205.8320000000001
47218,24.100000000000136
47218,24.100000000000136
47218,24.100000000000136
47218,724.665
47218,18.02599999999984
47218,137.64699999999993
47218,360.105
47218,310.759
47218,49.346000000000004
47218,49.346000000000004
47218,49.346000000000004
47218,246.90899999999988
47218,40.76700000000005
47221,138.801
47221,360.41200000000003
47221,360.41200000000003
47221,138.801
47221,804.6270000000001
47221,138.801
47221,360.41200000000003
47221,334.761
47221,221.61100000000002
47221,1386.4370000000001
47221,107.548
47221,107.548
47221,459.24799999999993
47221,107.548
47221,195.96
47221,107.548
47221,263.622
47221,795.321
47221,1448.7
47221,88.412
47221,1110.759
47221,250.876
47221,795.321
47221,88.412
47221,25.65100000000001
47221,25.65100000000001
47221,25.65100000000001
47221,25.65100000000001
47221,25.65100000000001
47221,162.464
47221,473.76800000000003
47221,381.302
47221,587.651
47221,136.813
47221,444.21500000000003
47221,136.813
47221,381.302
47221,587.651
47221,40.97199999999998
47221,900.8549999999999
47221,1238.7959999999998
47221,40.97199999999998
47221,307.40200000000004
47221,450.83799999999997
47221,989.0290000000001
47221,544.445
47221,100.82399999999996
47221,21.314000000000078
47221,21.314000000000078
47221,206.5780000000001
47221,888.2050000000002
47221,645.2570000000001
47221,122.351
47221,317.7099999999999
47221,122.351
47221,122.351
47221,122.351
47221,1075.686
47221,905.875
47221,623.943
47221,97.58699999999999
47221,620.5149999999999
47221,200.4799999999999
47221,92.46600000000001
47221,92.46600000000001
47221,92.46600000000001
47221,206.34899999999993
47221,615.3939999999999
47221,62.91300000000001
47221,92.46600000000001
47221,615.3939999999999
47221,29.552999999999997
47221,29.552999999999997
47221,143.43599999999992
47221,143.43599999999992
47221,113.88299999999992
47221,113.88299999999992
47221,113.88299999999992
47221,113.88299999999992
47221,113.88299999999992
47221,113.88299999999992
47221,113.88299999999992
47221,10.990000000000009
47221,84.92700000000002
47221,73.93700000000001
47221,295.24300000000005
47221,73.93700000000001
47221,73.93700000000001
47221,409.04499999999996
47221,73.93700000000001
47221,73.93700000000001
47221,73.93700000000001
47221,73.93700000000001
47221,184.14900000000011
47221,184.14900000000011
47221,221.30600000000004
47221,201.63599999999997
47221,315.4379999999999
47221,483.568
47221,37.156999999999925
47221,37.156999999999925
47221,37.156999999999925
47221,150.95899999999983
47221,242.9480000000001
47221,113.80199999999991
47221,113.80199999999991
47221,113.80199999999991
47221,459.70900000000006
47221,451.74299999999994
47221,113.80199999999991
47221,362.904
47221,16.996999999999844
47221,16.996999999999844
47221,168.1300000000001
47221,345.90700000000015
47221,129.14600000000019
47221,129.14600000000019
47221,129.14600000000019
47221,38.983999999999924
47221,216.76099999999997
47221,7.966000000000122
47229,305.812
47229,46.024
47229,475.076
47229,592.913
47229,147.52100000000002
47229,252.86799999999997
47229,45.46900000000001
47229,281.741
47229,281.741
47229,22.74799999999999
47229,259.02
47229,59.71799999999999
47229,375.71
47229,352.962
47229,421.06100000000004
47229,82.81199999999998
47229,236.272
47229,45.841999999999985
47229,199.302
47229,112.26700000000002
47229,298.93399999999997
47229,298.93399999999997
47229,338.249
47229,437.18600000000004
47229,153.46
47229,66.42500000000004
47229,153.46
47229,271.824
47229,166.45599999999996
47229,33.57600000000002
47229,300.137
47229,270.88400000000007
47229,64.10200000000003
47229,184.78900000000004
47229,166.62399999999997
47229,28.05000000000001
47229,185.93700000000007
47229,105.36800000000005
47229,105.36800000000005
47229,37.269000000000005
47229,68.09900000000005
47229,99.93700000000001
47229,10.583999999999946
47236,12.205
47236,12.205
47236,6.683
47236,12.205
47236,645.9929999999999
47236,280.081
47236,706.207
47236,212.709
47236,477.471
47236,405.469
47236,263.175
47236,67.435
47236,209.89499999999998
47236,338.034
47236,195.74
47236,410.036
47236,195.74
47236,61.849999999999994
47236,61.849999999999994
47236,427.76199999999994
47236,61.849999999999994
47236,142.29399999999998
47236,72.00200000000001
47236,308.593
47236,151.61599999999999
47236,49.45999999999992
47236,49.45999999999992
47236,49.45999999999992
47236,19.239000000000033
47236,19.239000000000033
47236,19.239000000000033
47236,23.793000000000006
47236,23.793000000000006
47237,407.688
47237,144.372
47237,295.04
47237,18.045
47237,18.045
47237,60.0
47237,192.493
47237,203.31599999999997
47237,203.31599999999997
47237,151.31900000000002
47237,151.31900000000002
47237,70.82299999999998
47237,70.82299999999998
47237,151.31900000000002
47238,90.12599999999999
47238,447.75300000000004
47238,458.124
47238,367.998
47238,367.998
47238,34.26400000000001
47238,111.242
47238,111.242
47238,13.170000000000002
47238,82.90100000000001
47238,82.90100000000001
47238,214.54899999999998
47238,21.277000000000015
47238,212.121
47238,70.67199999999997
47238,70.67199999999997
47238,70.67199999999997
47238,85.298
47238,21.640999999999963
47238,21.640999999999963
47238,74.02800000000002
47243,1150.171
47243,38.17399999999998
47243,5.807000000000016
47243,376.51599999999996
47243,260.24
47243,98.75
47243,822.519
47243,858.9110000000001
47243,819.597
47243,843.0530000000001
47243,820.5340000000001
47243,820.5340000000001
47243,168.022
47243,448.70699999999994
47243,973.065
47243,194.305
47243,820.5340000000001
47243,11.109000000000037
47243,11.109000000000037
47243,296.14099999999996
47243,118.01400000000001
47243,296.14099999999996
47243,26.283000000000015
47243,142.55899999999997
47243,26.283000000000015
47243,934.3950000000001
47243,116.27599999999995
47243,116.27599999999995
47243,116.27599999999995
47243,116.27599999999995
47243,106.35299999999995
47243,9.923000000000002
47243,61.851
47243,61.851
47243,138.12599999999998
47243,14.343999999999937
47243,14.343999999999937
47243,76.27499999999998
47243,540.857
47243,13.907999999999902
47243,835.727
47243,13.363999999999919
47243,221.41200000000003
47243,75.16399999999999
47243,13.363999999999919
47243,61.80000000000007
47243,61.80000000000007
47243,61.80000000000007
47243,61.80000000000007
47243,54.59400000000005
47243,208.04800000000012
47243,146.24800000000005
47243,17.98199999999997
47243,17.98199999999997
47243,17.98199999999997
47243,83.18600000000004
47243,551.898
47243,65.20400000000006
47243,9.907000000000153
47243,9.907000000000153
47243,9.907000000000153
47243,486.69399999999996
47243,31.583000000000084
47243,31.583000000000084
47243,31.583000000000084
47243,26.909000000000106
47243,81.18200000000002
47243,59.08199999999988
47243,372.52099999999996
47243,367.712
47243,373.779
47243,54.27299999999991
47243,373.779
47243,33.673
47243,33.673
47243,93.44900000000007
47243,59.77600000000007
47243,72.375
47243,72.375
47243,74.7170000000001
47243,129.3520000000001
47243,74.7170000000001
47243,22.198000000000093
47243,22.198000000000093
47243,54.63499999999999
47243,12.766000000000076
47243,12.766000000000076
47243,12.766000000000076
47243,71.18299999999999
47243,77.25
47243,63.88499999999999
47243,63.88499999999999
47243,6.067000000000007
47243,6.067000000000007
47243,6.067000000000007
47243,6.067000000000007
47243,48.44400000000019
47243,48.44400000000019
47243,85.3900000000001
47243,46.771999999999935
47243,46.771999999999935
47255,320.31899999999996
47255,123.812
47255,447.34999999999997
47255,250.808
47255,250.808
47255,220.152
47255,66.835
47255,66.835
47255,66.835
47255,196.507
47255,1397.553
47255,196.507
47255,196.507
47255,183.97299999999998
47255,183.97299999999998
47255,183.97299999999998
47255,1385.019
47255,30.656000000000006
47255,30.656000000000006
47255,30.656000000000006
47255,30.656000000000006
47255,105.197
47255,105.197
47255,105.197
47255,429.103
47255,127.031
47255,185.13300000000004
47255,21.834000000000003
47255,21.834000000000003
47255,939.951
47255,111.73300000000006
47255,302.072
47255,5.224000000000046
47255,53.63100000000003
47255,466.652
47255,37.36699999999996
47255,37.36699999999996
47255,37.36699999999996
47255,152.97199999999998
47255,152.97199999999998
47255,924.9150000000001
47255,32.70100000000002
47255,322.716
47255,32.70100000000002
47255,445.236
47255,277.84800000000007
47255,259.78100000000006
47255,277.84800000000007
47255,222.68200000000002
47255,771.9430000000001
47255,549.2610000000001
47255,152.7539999999999
47255,152.7539999999999
47255,12.166999999999916
47255,12.166999999999916
47255,494.095
47255,122.51999999999998
47255,122.51999999999998
47255,122.51999999999998
47255,24.301999999999907
47255,260.7819999999999
47255,225.34400000000005
47255,9.758000000000038
47255,3.3900000000001
47360,199.909
47360,86.895
47360,199.909
47360,86.895
47360,25.5
47360,738.068
47360,25.5
47360,25.5
47360,113.014
47360,298.815
47360,1068.058
47360,87.514
47360,20.843999999999994
47360,507.87600000000003
47360,20.843999999999994
47360,20.843999999999994
47360,20.843999999999994
47360,512.634
47360,192.64
47360,192.64
47360,211.301
47360,163.733
47360,211.301
47360,11.204000000000008
47360,11.204000000000008
47360,11.204000000000008
47360,337.697
47360,283.46399999999994
47360,17.702999999999975
47360,337.697
47360,201.413
47360,18.661
47360,183.71000000000004
47360,247.09999999999997
47360,443.39500000000004
47360,413.753
47360,129.11500000000007
47360,129.11500000000007
47360,165.04900000000004
47360,413.753
47360,35.93399999999997
47360,103.7879999999999
47360,284.6379999999999
47360,35.93399999999997
47360,67.85399999999993
47360,695.736
47360,54.23300000000006
47360,196.29500000000007
47360,196.29500000000007
47360,196.29500000000007
47360,25.601999999999975
47360,25.601999999999975
47360,364.39599999999996
47360,142.062
47360,627.3059999999999
47360,338.794
47360,307.22799999999995
47360,142.062
47360,338.794
47360,142.062
47360,507.86699999999996
47360,118.40800000000002
47360,46.757999999999925
47360,320.078
47360,31.56600000000003
47360,320.078
47360,50.246999999999844
47372,182.98999999999998
47372,332.694
47372,87.402
47372,370.914
47372,95.588
47372,266.125
47372,95.588
47372,78.07
47372,95.588
47372,38.21999999999997
47372,38.21999999999997
47373,126.696
47373,169.917
47373,169.917
47373,18.037
47373,18.037
47373,170.62300000000002
47373,76.505
47373,58.468
47373,58.468
47373,183.811
47373,1169.681
47373,43.22099999999999
47373,43.22099999999999
47373,43.22099999999999
47373,43.22099999999999
47373,204.896
47373,1177.527
47373,153.99899999999997
47373,204.497
47373,1355.097
47373,173.27200000000002
47373,122.77399999999997
47373,50.49800000000005
47373,384.154
47373,160.005
47373,333.65599999999995
47373,462.66099999999994
47373,47.846000000000004
47373,1069.6660000000002
47373,460.1629999999999
47373,159.41999999999996
47373,38.26299999999992
47373,38.26299999999992
47373,38.26299999999992
47373,490.55999999999995
47373,29.105000000000018
47373,719.1640000000001
47373,125.63700000000006
47373,117.76599999999985
47373,685.6819999999998
47373,117.76599999999985
47373,10.786000000000058
47373,578.702
47373,21.726000000000113
47373,21.726000000000113
47373,21.726000000000113
47373,170.413
47373,168.18799999999987
47373,58.471000000000004
47373,58.471000000000004
47373,58.471000000000004
47373,43.093999999999824
47376,129.64700000000002
47376,92.323
47376,102.088
47376,85.457
47376,95.22200000000001
47376,72.583
47376,118.257
47376,80.93299999999999
47376,38.364
47376,46.616
47376,121.537
47376,28.918999999999997
47376,87.25300000000001
47376,121.537
47376,9.105999999999995
47376,94.161
47376,94.161
47376,75.36500000000001
47376,144.831
47376,136.245
47376,76.46900000000001
47376,58.68000000000001
47376,11.985
47376,11.985
47376,11.985
47376,7.423000000000002
47376,25.537999999999997
47376,7.423000000000002
47376,12.891999999999996
47376,12.891999999999996
47376,68.993
47376,4.7549999999999955
47376,27.634000000000015
47376,11.445999999999998
47376,3.9639999999999986
47376,107.29599999999999
47376,101.93200000000002
47376,108.555
47376,2.319999999999993
47376,91.44800000000001
47376,142.89299999999997
47376,132.88899999999998
47376,7.371000000000009
47376,81.03600000000003
47376,120.87500000000003
47376,7.371000000000009
47376,113.50400000000002
47376,134.01999999999998
47376,91.89499999999998
47376,89.55499999999998
47376,102.46200000000002
47376,76.72200000000001
47376,93.42000000000002
47376,5.961000000000013
47376,47.990999999999985
47376,4.7760000000000105
47376,34.59100000000001
47376,92.06800000000004
47376,51.85299999999995
47376,25.364000000000033
47376,50.90500000000003
47376,8.50200000000001
47376,25.984000000000037
47376,17.482000000000028
47376,17.482000000000028
47376,17.482000000000028
47412,136.59699999999998
47412,136.59699999999998
47412,1688.2890000000002
47412,1122.7669999999998
47412,28.37399999999998
47412,388.737
47412,388.737
47412,388.737
47412,706.4970000000001
47412,282.254
47414,1117.845
47414,199.086
47414,114.322
47414,199.086
47414,89.52900000000001
47414,114.322
47414,114.322
47414,1029.578
47414,121.195
47414,371.064
47414,520.819
47414,36.43099999999998
47414,36.43099999999998
47414,36.43099999999998
47414,286.3
47414,36.43099999999998
47414,399.624
47414,249.86900000000003
47414,249.86900000000003
47414,249.86900000000003
47414,194.52500000000003
47414,149.755
47414,632.459
47414,149.755
47414,343.5999999999999
47414,16.256999999999948
47414,201.69799999999998
47414,201.69799999999998
47414,16.02800000000002
47414,12.436999999999898
47415,168.98299999999998
47415,17.869999999999948
47415,17.869999999999948
47415,17.869999999999948
47415,1922.998
47415,134.67400000000004
47415,1922.998
47415,29.710000000000036
47415,29.710000000000036
47415,326.12800000000004
47415,630.2180000000001
47415,1442.966
47415,584.807
47415,35.894000000000005
47415,1569.1079999999997
47415,323.24800000000005
47415,156.76
47415,255.93499999999995
47415,19.230000000000018
47415,25.62900000000036
47415,25.62900000000036
47418,10.588999999999999
47418,41.644000000000005
47418,14.531000000000002
47418,14.531000000000002
47418,79.742
47418,16.19
47418,16.19
47418,76.066
47418,59.876000000000005
47418,9.927000000000007
47418,9.927000000000007
47418,64.032
47419,122.97200000000001
47419,122.97200000000001
47419,122.97200000000001
47419,43.903999999999996
47419,5.861000000000004
47419,39.176
47419,59.83399999999999
47419,20.657999999999987
47421,1216.841
47421,1156.196
47421,1156.196
47421,854.7840000000001
47421,785.3990000000001
47421,620.8530000000001
47421,307.53000000000003
47421,196.329
47421,620.8530000000001
47421,497.672
47421,821.9080000000001
47421,708.294
47421,607.7900000000001
47421,972.495
47421,607.7900000000001
47421,778.919
47421,313.323
47421,559.8380000000001
47421,616.377
47421,251.67200000000003
47421,183.26600000000008
47421,283.77
47421,69.38499999999999
47421,434.0899999999999
47421,434.0899999999999
47421,434.0899999999999
47421,364.7049999999999
47421,364.7049999999999
47421,301.4559999999999
47421,40.46600000000012
47421,223.7349999999999
47421,82.375
47421,82.375
47999,407.927
47999,538.7620000000001
47999,538.7620000000001
47999,34.929
47999,34.929
47999,289.90200000000004
47999,400.40099999999995
47999,289.90200000000004
47999,217.97300000000007
47999,217.97300000000007
47999,356.544
47999,1483.2930000000001
47999,87.13800000000003
47999,217.97300000000007
47999,217.97300000000007
47999,481.03999999999996
47999,130.83500000000004
47999,130.83500000000004
47999,269.40599999999995
47999,34.87099999999998
47999,110.49899999999991
47999,34.87099999999998
47999,227.149
47999,110.49899999999991
47999,110.49899999999991
47999,103.69999999999993
47999,442.318
47999,116.65000000000009
47999,419.019
47999,612.7560000000001
47999,63.403999999999996
47999,63.403999999999996
47999,524.178
47999,63.403999999999996
47999,186.63599999999997
47999,267.0369999999999
47999,186.63599999999997
47999,59.65199999999993
47999,59.65199999999993
47999,112.06499999999994
47999,52.41300000000001
47999,300.5430000000001
47999,52.41300000000001
47999,52.41300000000001
47999,401.12200000000007
47999,52.41300000000001
47999,248.1300000000001
47999,154.97199999999998
47999,154.97199999999998
47999,173.55900000000008
47999,173.55900000000008
47999,93.15800000000013
47999,93.15800000000013
47999,93.15800000000013
47999,93.15800000000013
47999,100.57899999999995
47999,648.435
47999,648.435
47999,648.435
47999,648.435
47999,415.501
47999,138.34199999999987
47999,103.55399999999986
47999,34.78800000000001
47999,184.414
47999,277.1590000000001
47999,149.62599999999998
47999,277.1590000000001
47999,277.1590000000001
47999,409.5140000000001
47999,42.80799999999999
47999,42.80799999999999
47999,170.34100000000012
47999,42.80799999999999
47999,65.50900000000001
47999,65.50900000000001
47999,65.50900000000001
47999,65.50900000000001
47999,233.1199999999999
47999,43.29600000000005
47999,33.863000000000056
47999,35.25599999999986
48000,945.5830000000001
48000,922.332
48000,4.806999999999999
48000,813.556
48000,210.834
48000,210.834
48000,195.521
48000,140.771
48000,195.521
48000,195.521
48000,195.521
48000,140.771
48000,195.521
48000,195.521
48000,54.75
48000,54.75
48000,222.14200000000002
48000,87.41199999999998
48000,87.41199999999998
48000,64.05500000000006
48000,64.05500000000006
48000,64.05500000000006
48000,144.16899999999998
48000,144.16899999999998
48000,73.64800000000002
48000,158.59199999999998
48000,9.106999999999971
48000,106.54100000000005
48000,48.85299999999995
48000,1.7010000000000218
48001,453.407
48001,453.407
48001,166.986
48001,166.986
48001,286.421
48001,38.64500000000001
48001,373.093
48001,247.77599999999998
48001,1615.798
48001,247.77599999999998
48001,247.77599999999998
48001,247.77599999999998
48001,247.77599999999998
48001,1516.958
48001,1488.06
48001,86.67200000000003
48001,226.971
48001,1401.388
48001,140.29899999999998
48001,140.29899999999998
48001,140.29899999999998
48001,216.78999999999996
48001,958.8969999999999
48001,140.29899999999998
48001,1289.987
48001,76.49099999999999
48001,76.49099999999999
48001,1213.496
48001,217.11
48001,307.116
48001,47.144000000000005
48001,21.47300000000007
48001,153.54399999999998
48001,132.0709999999999
48001,186.13799999999992
48001,227.81899999999996
48001,227.81899999999996
48001,277.72
48001,426.6560000000002
48001,94.63400000000001
48001,120.03800000000001
48001,148.93600000000015
48001,28.89800000000014
48003,2479.5899999999997
48656,792.181
48656,792.181
48656,792.181
48656,602.966
48656,792.181
48656,792.181
48656,792.181
48656,792.181
48656,186.873
48656,147.774
48656,560.048
48656,153.089
48656,39.09899999999999
48656,39.09899999999999
48656,39.09899999999999
48656,1343.268
48656,406.959
48656,260.079
48656,189.21500000000003
48656,733.4090000000001
48656,146.88
48656,235.55200000000002
48656,235.55200000000002
48656,569.949
48656,187.07299999999998
48656,842.188
48656,29.809999999999945
48656,29.809999999999945
48656,29.809999999999945
48656,655.115
48656,29.809999999999945
48656,198.00299999999993
48656,31.896999999999935
48656,304.1379999999999
48656,31.898999999999887
48656,31.898999999999887
48661,60.87499999999999
48661,15.25099999999999
48661,56.297000000000025
48661,7.499000000000024
48661,28.411000000000058
48661,148.06899999999996
48661,38.85800000000006
48661,16.756999999999948
48661,16.756999999999948
48661,59.00999999999999
48661,59.00999999999999
48661,2.8220000000000027
48667,244.642
48667,81.555
48667,244.642
48667,2080.087
48667,1496.109
48667,192.29299999999998
48667,1414.554
48667,192.29299999999998
48667,192.29299999999998
48667,163.087
48667,29.20599999999999
48667,29.20599999999999
48667,29.20599999999999
48667,1806.2389999999998
48667,348.05199999999996
48667,525.309
48667,1806.2389999999998
48667,1806.2389999999998
48667,954.1990000000001
48667,348.05199999999996
48667,32.31499999999994
48667,209.572
48667,209.572
48667,1458.187
48667,874.2090000000001
48667,216.07100000000003
48667,216.07100000000003
48667,177.25700000000006
48667,177.25700000000006
48667,874.2090000000001
48667,428.8900000000001
48667,196.702
48667,1242.116
48667,658.138
48667,658.138
48667,1095.415
48667,658.138
48667,1242.116
48667,26.159999999999968
48667,26.159999999999968
48667,26.159999999999968
48667,26.159999999999968
48667,26.159999999999968
48667,500.25
48667,192.23399999999992
48667,192.23399999999992
48667,582.1610000000001
48667,563.655
48667,703.4840000000002
48667,280.95600000000013
48667,268.0619999999999
48667,542.2069999999999
48667,241.00199999999995
48667,268.0619999999999
48667,268.0619999999999
48667,241.00199999999995
48667,27.059999999999945
48667,282.69899999999984
48667,584.7160000000001
48667,255.6389999999999
48667,255.6389999999999
48667,274.145
48667,18.506000000000085
48667,18.506000000000085
48667,121.32300000000009
48667,163.13200000000006
48667,121.32300000000009
48667,163.13200000000006
48701,233.694
48701,1552.867
48701,160.444
48701,1129.7820000000002
48701,1129.7820000000002
48701,343.499
48701,213.775
48701,769.867
48701,471.51700000000005
48701,292.429
48701,609.423
48701,969.3380000000001
48701,471.51700000000005
48701,471.51700000000005
48701,906.1610000000001
48701,239.09799999999996
48701,227.07000000000005
48701,418.18600000000004
48701,227.07000000000005
48701,404.211
48701,239.09799999999996
48701,19.105999999999995
48701,116.452
48701,430.64099999999996
48701,430.64099999999996
48701,786.283
48701,776.437
48701,288.462
48701,191.11599999999999
48701,191.11599999999999
48701,191.11599999999999
48701,191.11599999999999
48701,179.08800000000008
48701,179.08800000000008
48701,676.9090000000001
48701,179.08800000000008
48701,179.08800000000008
48701,179.08800000000008
48701,676.9090000000001
48701,123.07299999999998
48701,687.2119999999999
48701,123.07299999999998
48701,137.90599999999995
48701,123.07299999999998
48701,687.2119999999999
48701,123.07299999999998
48701,137.90599999999995
48701,374.74800000000005
48701,14.83299999999997
48701,364.90200000000004
48701,374.74800000000005
48701,295.875
48701,350.0690000000001
48701,283.6830000000001
48701,283.6830000000001
48701,350.0690000000001
48701,359.9150000000001
48701,359.9150000000001
48701,359.9150000000001
48701,359.9150000000001
48701,76.23199999999997
48701,265.6229999999998
48701,9.846000000000004
48701,199.23699999999985
48701,189.39099999999985
48701,189.39099999999985
48701,189.39099999999985
48701,189.39099999999985
48730,722.631
48730,20.988999999999997
48730,690.3589999999999
48730,796.909
48730,568.339
48730,125.12799999999999
48730,698.229
48730,364.909
48730,602.355
48730,697.66
48730,239.781
48730,153.36599999999999
48730,138.80699999999996
48730,225.22199999999998
48730,435.90799999999996
48730,112.04699999999997
48730,112.04699999999997
48730,198.462
48730,563.4469999999999
48730,978.78
48730,525.934
48730,604.686
48730,630.985
48730,1364.0330000000001
48730,866.733
48730,866.733
48730,571.3190000000001
48730,597.618
48730,492.567
48730,1277.6180000000002
48730,150.86700000000002
48730,1043.875
48730,116.90800000000002
48730,116.90800000000002
48730,203.48699999999997
48730,116.90800000000002
48730,203.48699999999997
48730,116.90800000000002
48730,6.682999999999993
48730,6.682999999999993
48730,515.814
48730,86.57899999999995
48730,86.57899999999995
48730,883.61
48730,84.49000000000001
48730,187.596
48730,276.778
48730,84.49000000000001
48730,220.433
48730,55.17000000000007
48730,273.75700000000006
48730,127.53899999999999
48730,40.70399999999995
48730,985.0020000000001
48730,192.288
48730,1111.5189999999998
48730,446.99799999999993
48730,31.664999999999964
48730,1070.815
48730,31.664999999999964
48730,146.21800000000007
48730,669.4920000000001
48730,646.5400000000001
48730,10.42999999999995
48730,10.42999999999995
48730,628.325
48730,997.983
48730,105.05100000000004
48730,156.17099999999994
48730,53.32400000000007
48730,53.32400000000007
48730,459.27200000000005
48730,400.76699999999994
48730,592.93
48730,400.76699999999994
48730,766.4150000000001
48730,269.1149999999999
48730,374.46799999999996
48730,766.4150000000001
48730,432.97300000000007
48730,420.42700000000013
48730,663.5680000000002
48730,45.94800000000009
48730,463.7840000000001
48730,420.42700000000013
48730,868.482
48730,992.7959999999998
48730,284.1780000000001
48730,744.137
48730,969.087
48730,278.874
48730,163.85800000000017
48730,497.3000000000002
48730,297.5160000000001
48730,297.5160000000001
48730,105.35300000000007
48730,58.50500000000011
48730,58.50500000000011
48730,148.80600000000004
48730,90.30099999999993
48730,90.30099999999993
48730,1088.305
48730,450.64599999999996
48730,199.7840000000001
48730,199.7840000000001
48730,326.30099999999993
48730,326.30099999999993
48730,151.34299999999985
48730,151.34299999999985
48730,79.97699999999986
48730,250.86199999999985
48730,351.46699999999987
48730,126.51699999999983
48730,126.51699999999983
48730,126.51699999999983
48730,250.86199999999985
48730,295.19899999999984
48730,46.539999999999964
48730,46.539999999999964
48730,124.34500000000003
48730,732.155
48730,124.34500000000003
48730,248.65899999999988
48730,732.155
48730,774.1070000000002
48730,124.34500000000003
48730,124.34500000000003
48730,587.567
48730,212.73799999999983
48730,124.31399999999985
48730,583.3639999999998
48730,99.86799999999971
48730,563.1209999999999
48730,112.13299999999981
48730,23.708999999999833
48730,276.95600000000013
48730,160.76499999999987
48730,64.09999999999991
48730,64.09999999999991
48730,43.90099999999984
48730,64.09999999999991
48730,64.09999999999991
48730,20.19900000000007
48730,71.79800000000023
48730,20.19900000000007
48730,152.34799999999996
48730,25.458999999999833
48730,71.78300000000036
48730,119.98300000000017
48735,150.296
48735,150.296
48735,611.203
48735,131.781
48735,434.713
48735,93.863
48735,73.959
48735,74.079
48735,74.079
48735,74.079
48735,19.903999999999996
48735,19.903999999999996
48735,104.095
48735,198.83700000000002
48735,375.327
48736,891.7470000000001
48736,42.55500000000001
48736,251.66199999999998
48736,42.55500000000001
48736,632.236
48736,251.66199999999998
48736,82.96499999999999
48736,82.96499999999999
48736,276.71
48736,276.71
48736,126.142
48736,126.142
48736,251.80200000000002
48736,193.745
48736,126.142
48736,67.60300000000001
48736,67.60300000000001
48736,67.60300000000001
48736,662.69
48736,58.057000000000016
48736,92.86099999999999
48736,92.86099999999999
48736,58.057000000000016
48736,34.803999999999974
48736,34.803999999999974
48736,502.22600000000006
48736,62.07899999999995
48736,62.07899999999995
48736,5.7029999999999745
48736,3.0810000000000173
48737,351.93
48737,351.93
48737,113.04299999999999
48737,621.014
48737,806.982
48737,10.384
48737,10.384
48737,10.384
48737,16.83399999999999
48737,168.05200000000002
48737,168.05200000000002
48737,168.05200000000002
48737,168.05200000000002
48737,144.30899999999997
48737,144.30899999999997
48737,44.077
48737,144.30899999999997
48737,44.077
48737,144.30899999999997
48737,144.30899999999997
48737,295.842
48737,32.72000000000003
48737,23.036000000000058
48738,210.666
48738,210.666
48738,624.4090000000001
48738,622.548
48738,726.0889999999999
48738,605.5640000000001
48738,753.823
48738,313.9889999999999
48738,258.46000000000004
48738,442.158
48738,106.83899999999997
48738,335.3190000000001
48738,485.799
48738,183.69800000000004
48738,44.71799999999996
48738,105.81900000000007
48739,127.296
48739,187.73999999999998
48739,329.085
48739,835.512
48739,249.608
48739,249.608
48739,60.44399999999999
48739,126.73800000000003
48739,492.6600000000001
48739,126.73800000000003
48739,202.93099999999993
48740,569.448
48740,730.7710000000001
48740,8.989999999999995
48740,8.989999999999995
48740,156.576
48740,156.576
48740,156.576
48740,688.393
48740,156.576
48740,236.31900000000002
48740,236.31900000000002
48740,118.905
48740,118.905
48740,236.31900000000002
48740,48.161
48740,48.161
48740,48.161
48740,48.161
48740,401.102
48740,165.57500000000002
48740,447.63599999999997
48740,288.71799999999996
48740,288.71799999999996
48740,53.19100000000003
48740,127.67899999999992
48740,127.67899999999992
48740,117.22900000000004
48740,117.22900000000004
48740,40.08000000000004
48740,40.08000000000004
48741,301.38
48741,13.048000000000002
48741,17.056999999999995
48741,17.056999999999995
48741,220.331
48741,17.056999999999995
48741,33.22
48741,33.22
48741,33.22
48741,33.22
48741,170.054
48741,170.054
48741,43.43299999999999
48741,205.724
48741,121.42500000000001
48742,143.446
48742,519.933
48742,37.934
48742,37.934
48742,105.512
48742,636.561
48742,34.06700000000001
48742,322.23600000000005
48742,50.92399999999998
48743,434.713
48743,27.716
48743,27.716
48743,99.79999999999998
48743,406.997
48743,395.433
48743,88.23599999999999
48743,139.083
48743,395.433
48743,395.433
48743,139.083
48743,50.84700000000001
48743,50.84700000000001
48743,307.197
48743,256.35
48743,256.35
48743,322.212
48743,26.00299999999993
48744,19.233
48744,290.974
48744,100.877
48744,221.654
48744,484.714
48744,100.877
48744,520.49
48744,120.77700000000002
48744,439.169
48744,522.545
48744,522.545
48744,383.837
48744,119.82499999999999
48744,119.82499999999999
48744,119.82499999999999
48744,318.392
48744,263.06
48744,145.69099999999997
48744,138.70799999999997
48744,83.37599999999998
48744,34.327
48746,784.218
48746,1558.491
48746,784.218
48746,1522.238
48746,1512.23
48746,188.976
48746,28.695000000000007
48746,693.845
48746,188.976
48746,160.281
48746,160.281
48746,504.86899999999997
48746,504.86899999999997
48746,29.351
48746,475.518
48746,243.51299999999992
48746,271.405
48746,243.51299999999992
48746,243.51299999999992
48746,243.51299999999992
48746,27.892000000000053
48746,258.47299999999996
48746,36.98400000000015
48747,132.101
48747,498.708
48747,72.70600000000002
48747,90.34100000000001
48747,90.34100000000001
48747,90.34100000000001
48747,90.34100000000001
48747,17.63499999999999
48747,17.63499999999999
48747,228.77700000000002
48747,164.52400000000003
48747,28.97
48747,281.11299999999994
48747,28.97
48747,135.55400000000003
48747,135.55400000000003
48747,252.14299999999997
48747,29.973000000000013
48747,29.973000000000013
48747,16.51100000000008
48749,596.116
48749,309.533
48749,14.025000000000002
48749,14.025000000000002
48749,310.98
48749,310.98
48749,325.062
48749,412.02200000000005
48749,227.183
48749,227.183
48749,227.183
48749,394.088
48749,94.02300000000002
48749,94.02300000000002
48749,94.02300000000002
48749,97.03699999999998
48749,17.091999999999985
48749,97.03699999999998
48749,79.945
48749,22.622000000000014
48749,86.96000000000004
48750,22.78
48750,22.78
48750,22.78
48750,81.224
48750,81.224
48750,81.224
48750,81.224
48750,81.224
48750,18.64
48750,35.26400000000001
48750,18.904999999999973
48750,18.904999999999973
48751,180.194
48751,275.805
48751,202.442
48751,133.70999999999998
48751,399.48
48751,116.859
48751,133.70999999999998
48751,16.851
48751,45.42400000000001
48751,73.363
48751,197.038
48751,73.363
48751,133.719
48751,123.67500000000001
48751,44.91399999999999
48751,108.233
48751,98.399
48751,36.762
48751,36.762
48751,36.762
48751,83.63999999999999
48753,66.68199999999999
48753,188.953
48753,166.335
48753,77.43799999999999
48753,149.848
48753,149.848
48753,99.65300000000002
48753,99.65300000000002
48753,190.597
48753,93.58500000000001
48753,116.203
48753,307.50600000000003
48753,155.899
48753,49.792000000000016
48753,22.617999999999995
48753,106.107
48753,83.489
48753,226.811
48753,15.163000000000011
48753,15.163000000000011
48753,349.98
48753,88.315
48753,88.315
48753,88.315
48757,15.511000000000001
48757,160.992
48757,106.44999999999999
48757,106.44999999999999
48757,106.44999999999999
48757,24.875999999999998
48757,24.875999999999998
48757,24.875999999999998
48757,24.875999999999998
48757,120.60499999999999
48757,192.272
48757,312.606
48757,192.272
48757,120.60499999999999
48757,78.77199999999999
48757,312.606
48757,44.53399999999999
48757,207.528
48757,113.5
48757,407.59600000000006
48757,36.035
48757,385.11
48757,192.001
48757,365.76300000000003
48757,35.632000000000005
48757,429.024
48757,91.327
48757,29.007000000000005
48757,273.058
48757,273.058
48757,8.960000000000036
48757,117.23400000000004
48758,61.233000000000004
48758,61.233000000000004
48758,61.233000000000004
48758,458.09099999999995
48758,149.34900000000002
48758,149.34900000000002
48758,149.34900000000002
48758,458.09099999999995
48758,458.09099999999995
48758,211.727
48758,81.542
48758,81.542
48758,81.542
48758,81.542
48758,62.377999999999986
48758,199.08100000000002
48758,129.95100000000002
48758,129.95100000000002
48758,129.95100000000002
48760,30.121000000000002
48760,143.50699999999998
48760,253.75699999999998
48760,65.186
48760,35.065000000000005
48760,31.844
48760,81.223
48760,81.223
48760,304.885
48760,188.57099999999997
48760,301.664
48760,78.32099999999998
48760,78.32099999999998
48760,78.32099999999998
48760,301.664
48760,188.57099999999997
48760,22.855999999999995
48760,356.003
48760,110.25
48760,223.34300000000002
48760,223.34300000000002
48760,110.25
48760,223.34300000000002
48760,333.147
48760,18.407999999999987
48760,18.407999999999987
48760,18.407999999999987
48760,18.407999999999987
48760,77.738
48760,113.09300000000002
48760,113.09300000000002
48760,113.09300000000002
48760,222.897
48760,113.09300000000002
48760,145.159
48760,145.159
48760,35.35500000000002
48760,35.35500000000002
48760,109.80399999999997
48760,109.80399999999997
48760,13.562999999999988
48760,13.562999999999988
48761,300.985
48761,67.369
48761,76.881
48761,199.03
48761,76.881
48761,76.881
48761,100.07499999999999
48761,98.95500000000001
48762,491.632
48762,38.934
48762,85.964
48762,85.964
48762,371.277
48762,145.23899999999998
48762,145.23899999999998
48762,150.623
48767,32.163000000000004
48767,638.024
48767,524.0840000000001
48767,524.0840000000001
48767,42.107000000000006
48767,634.223
48767,41.38199999999999
48767,41.38199999999999
48767,41.38199999999999
48767,41.38199999999999
48767,41.38199999999999
48767,592.116
48767,41.38199999999999
48767,321.331
48767,436.79400000000004
48767,28.28200000000001
48767,28.28200000000001
48767,71.79599999999999
48767,267.467
48767,86.434
48767,539.426
48767,293.049
48767,14.638000000000005
48767,14.638000000000005
48767,195.67100000000002
48767,206.615
48767,452.992
48767,452.992
48767,452.992
48767,452.992
48767,254.68200000000002
48767,12.870000000000005
48767,254.68200000000002
48767,126.34899999999999
48767,372.726
48767,81.19599999999997
48767,25.581999999999994
48767,81.19599999999997
48767,246.377
48767,11.363
48767,202.12600000000003
48767,38.819999999999936
48767,75.12
48767,31.24000000000001
48773,933.2529999999999
48773,125.44200000000001
48773,39.11399999999999
48773,39.11399999999999
48773,39.11399999999999
48773,908.79
48773,313.22200000000004
48773,27.74499999999999
48773,850.5709999999999
48773,10.157999999999987
48773,751.482
48773,14.456999999999994
48773,288.619
48773,288.619
48773,144.712
48773,46.85000000000002
48773,19.50400000000002
48839,505.863
48839,264.267
48839,637.7650000000001
48839,457.575
48839,294.89300000000003
48839,48.28800000000001
48862,120.417
48862,1528.772
48862,239.691
48862,119.274
48862,1332.0420000000001
48862,877.977
48862,1332.0420000000001
48862,210.83700000000002
48862,5.768000000000001
48862,61.244
48862,152.80700000000002
48862,1268.2440000000001
48862,674.879
48862,55.476
48862,1356.102
48862,55.476
48862,731.677
48862,619.403
48862,502.26099999999997
48862,91.56300000000002
48862,353.25299999999993
48862,353.25299999999993
48862,597.237
48862,246.268
48862,154.70499999999998
48862,154.70499999999998
48862,402.168
48862,402.168
48862,402.168
48862,658.61
48862,980.8050000000001
48862,1057.118
48862,255.993
48862,255.993
48862,1411.5529999999999
48862,255.993
48862,171.04999999999995
48862,171.04999999999995
48862,171.04999999999995
48862,149.00800000000004
48862,859.5150000000001
48862,405.45000000000005
48862,149.00800000000004
48862,378.4240000000001
48862,1035.661
48862,10.187999999999988
48862,127.33000000000004
48862,10.187999999999988
48862,525.017
48862,294.5490000000001
48862,134.44000000000005
48862,139.29999999999995
48862,593.365
48862,593.365
48862,139.29999999999995
48862,769.511
48862,112.274
48862,27.025999999999954
48862,27.025999999999954
48862,160.10900000000004
48862,133.08300000000008
48862,133.08300000000008
48862,133.08300000000008
48862,133.08300000000008
48862,14.271000000000186
48862,14.271000000000186
48862,14.271000000000186
48862,135.49199999999996
48862,110.37599999999998
48862,273.34799999999996
48862,41.195000000000164
48862,270.6460000000002
48862,41.195000000000164
48862,87.85799999999995
48862,87.85799999999995
48862,87.85799999999995
48862,87.85799999999995
48862,88.28800000000001
48862,197.7829999999999
48862,3.578999999999951
48868,136.59699999999998
48868,1543.9119999999998
48868,52.59099999999995
48868,52.59099999999995
48868,118.28099999999995
48868,118.28099999999995
48868,400.53499999999997
48868,5.921999999999912
48868,282.254
48868,282.254
48868,387.5340000000001
48869,310.738
48869,103.979
48869,454.57800000000003
48869,353.014
48869,198.513
48869,198.513
48869,150.913
48869,2353.009
48869,29.639999999999986
48869,29.639999999999986
48869,29.639999999999986
48869,1993.7179999999998
48869,152.086
48869,152.086
48869,152.086
48869,144.92000000000002
48869,45.71199999999999
48869,144.92000000000002
48869,45.71199999999999
48869,397.75499999999994
48869,352.04299999999995
48869,352.04299999999995
48869,131.41399999999993
48869,1452.498
48869,861.7179999999998
48869,861.7179999999998
48869,210.47299999999996
48869,32.205999999999904
48869,384.53700000000003
48869,593.8890000000001
48869,651.2449999999999
48869,42.361999999999966
48869,25.596000000000004
48869,25.596000000000004
48869,25.596000000000004
48869,429.18499999999995
48869,429.18499999999995
48869,444.9749999999999
48869,444.9749999999999
48869,444.9749999999999
48869,209.3520000000001
48869,209.3520000000001
48869,33.60100000000011
48869,33.60100000000011
48869,33.60100000000011
48869,33.60100000000011
48869,33.60100000000011
48869,194.23699999999985
48869,1116.3289999999997
48869,194.23699999999985
48869,172.51999999999998
48869,880.7059999999999
48869,880.7059999999999
48869,880.7059999999999
48869,1090.396
48869,115.0329999999999
48869,22.045000000000073
48869,44.84900000000016
48869,44.84900000000016
48869,405.27999999999975
48870,1117.845
48870,199.086
48870,114.322
48870,114.322
48870,89.52900000000001
48870,1029.578
48870,121.195
48870,84.76400000000001
48870,121.195
48870,371.064
48870,371.064
48870,36.43099999999998
48870,36.43099999999998
48870,436.055
48870,249.86900000000003
48870,205.099
48870,44.77000000000004
48870,176.303
48870,149.755
48870,149.755
48870,343.5999999999999
48870,16.256999999999948
48870,16.256999999999948
48870,201.69799999999998
48870,16.02800000000002
48871,389.87699999999995
48871,745.715
48871,717.379
48871,2091.9809999999998
48871,17.869999999999948
48871,17.869999999999948
48871,1903.768
48871,104.964
48871,957.7200000000001
48871,2127.464
48871,1798.804
48871,1375.629
48871,1788.324
48871,326.12800000000004
48871,326.12800000000004
48871,326.12800000000004
48871,630.2180000000001
48871,1471.302
48871,630.2180000000001
48871,601.8820000000001
48871,601.8820000000001
48871,601.8820000000001
48871,601.8820000000001
48871,1049.501
48871,382.2890000000001
48871,399.36400000000015
48871,520.747
48871,346.3950000000001
48871,520.747
48871,17.075000000000045
48871,447.6189999999999
48871,157.27699999999982
48871,157.27699999999982
48871,43.05099999999993
48871,323.24800000000005
48871,290.3420000000001
48871,280.1970000000001
48871,255.93499999999995
48871,328.65999999999985
48871,19.230000000000018
48872,419.3
48872,2.8629999999999995
48872,2.8629999999999995
48872,44.165000000000006
48872,2.8629999999999995
48872,219.813
48872,171.828
48872,110.59800000000001
48872,24.951999999999998
48872,2.9819999999999993
48872,1.9819999999999993
48872,2.9819999999999993
48872,14.36800000000001
48872,90.071
48872,279.10699999999997
48872,144.894
48872,13.36800000000001
48872,119.01599999999999
48872,264.739
48872,45.07900000000001
48872,116.256
48872,164.24099999999999
48872,545.3389999999999
48872,2.8870000000000005
48872,496.323
48872,231.084
48872,231.084
48872,500.25999999999993
48872,76.28599999999997
48872,76.28599999999997
48872,36.351999999999975
48872,282.776
48872,69.87899999999999
48872,627.932
48872,12.268999999999977
48872,411.5079999999999
48872,37.14699999999999
48872,12.268999999999977
48872,404.84299999999996
48872,78.46699999999998
48872,39.934
48872,111.92200000000003
48872,410.82900000000006
48872,3.4680000000000177
48872,29.162000000000035
48872,323.16
48872,455.13100000000003
48872,19.490999999999985
48872,58.48000000000002
48872,65.30399999999997
48872,770.729
48872,294.91100000000006
48872,802.339
48872,443.9
48872,443.9
48872,277.2299999999999
48872,277.2299999999999
48872,139.21499999999992
48872,277.2299999999999
48872,277.2299999999999
48872,138.015
48872,299.403
48872,299.403
48872,18.87399999999991
48872,456.59500000000014
48872,145.789
48872,26.787000000000035
48872,11.417000000000144
48872,11.417000000000144
48872,52.31899999999996
48872,63.23199999999997
48872,779.8899999999999
48872,63.23199999999997
48872,382.26800000000003
48872,382.26800000000003
48872,786.299
48872,786.299
48872,786.299
48872,786.299
48872,704.876
48872,684.885
48872,509.69499999999994
48872,15.842000000000098
48872,15.842000000000098
48872,606.2639999999999
48872,664.94
48872,8.326000000000022
48872,3.5219999999999345
48872,563.5409999999999
48872,766.4390000000001
48872,629.6600000000001
48872,552.3410000000001
48872,17.500999999999976
48872,400.972
48872,388.5129999999999
48872,388.5129999999999
48872,60.337999999999965
48872,5.041999999999916
48872,5.041999999999916
48872,64.15700000000015
48872,23.820999999999913
48872,69.64100000000008
48872,28.427000000000135
48872,69.64100000000008
48872,69.64100000000008
48872,47.52399999999989
48872,39.19200000000001
48872,75.84000000000015
48888,180.546
48888,42.954
48888,752.554
48888,752.554
48888,203.66500000000002
48888,884.5369999999999
48888,311.28000000000003
48888,30.288999999999987
48888,104.58400000000003
48888,680.8719999999998
48888,655.536
48888,29.123000000000047
48888,3.0289999999999964
48888,120.95899999999995
48888,1.302000000000021
48888,117.92999999999995
48888,116.62799999999993
48888,116.62799999999993
48888,116.62799999999993
48888,49.798
48888,361.7729999999999
48888,361.7729999999999
48888,292.58899999999994
48888,258.92600000000004
48888,56.716999999999985
48888,246.27199999999993
48888,56.716999999999985
48888,123.02100000000007
48888,93.0669999999999
48888,33.6629999999999
48888,32.10199999999986
48888,295.557
48888,32.10199999999986
48888,181.66700000000014
48888,218.66499999999996
48888,153.22900000000004
48888,153.22900000000004
48888,147.0630000000001
48888,147.0630000000001
48888,262.56899999999996
48888,119.18499999999995
48888,147.0630000000001
48888,98.65499999999997
48888,40.03300000000013
48888,126.53300000000013
48888,86.5
48888,58.621999999999844
48888,27.878000000000156
48888,27.878000000000156
48888,64.87599999999998
48888,27.878000000000156
48888,27.878000000000156
48888,155.16499999999996
48888,14.740999999999985
48888,11.639000000000124
48888,43.427999999999884
48903,40.377
48903,279.30400000000003
48903,40.377
48903,238.92700000000002
48903,88.873
48903,88.873
48903,88.873
48903,451.797
48903,520.6510000000001
48903,760.568
48903,150.054
48903,213.47400000000002
48903,150.054
48903,276.201
48903,150.054
48903,276.201
48903,276.201
48903,213.47400000000002
48903,362.924
48903,63.420000000000016
48903,63.420000000000016
48903,63.420000000000016
48903,63.420000000000016
48903,212.87
48903,63.420000000000016
48903,458.22099999999995
48903,62.726999999999975
48903,62.726999999999975
48903,62.726999999999975
48903,86.72300000000001
48903,86.72300000000001
48903,86.72300000000001
48903,86.72300000000001
48903,86.72300000000001
48903,86.72300000000001
48903,86.72300000000001
48903,86.72300000000001
48903,86.72300000000001
48903,86.72300000000001
48903,462.21000000000004
48903,96.71000000000004
48903,96.71000000000004
48903,96.71000000000004
48903,96.71000000000004
48903,394.073
48903,325.21899999999994
48903,27.855999999999995
48903,325.21899999999994
48903,393.356
48903,297.36299999999994
48903,212.06099999999992
48903,153.43900000000008
48903,153.43900000000008
48903,68.13700000000006
48903,68.13700000000006
48903,68.13700000000006
48914,52.689
48914,454.06899999999996
48914,316.198
48914,334.6
48914,93.57
48914,373.323
48914,463.24300000000005
48914,44.83000000000001
48914,55.864000000000004
48914,55.864000000000004
48914,137.65999999999997
48914,233.906
48914,179.25900000000001
48914,281.67
48914,60.62899999999996
48914,43.988
48914,43.988
48914,492.254
48914,178.257
48914,354.763
48914,84.23900000000003
48914,292.80600000000004
48914,46.573999999999955
48914,46.573999999999955
48914,37.17099999999999
48914,583.133
48914,439.14
48914,319.46500000000003
48914,500.11400000000003
48914,90.084
48914,38.722999999999956
48914,208.567
48914,323.39099999999996
48914,254.091
48914,382.015
48914,301.197
48914,34.24699999999996
48914,67.93399999999997
48914,219.05200000000002
48914,70.77700000000004
48914,12.94500000000005
48914,109.39800000000002
48914,96.45299999999997
48914,292.0949999999999
48914,172.41999999999996
48914,96.45299999999997
48914,27.39199999999994
48914,52.287000000000035
48914,11.229000000000042
48914,114.82399999999996
48914,7.637000000000057
48914,127.332
48914,154.58399999999995
48914,239.35799999999995
48914,8.249000000000024
48914,8.249000000000024
48914,47.105999999999995
48914,240.793
48914,240.793
48914,73.84399999999994
48914,73.84399999999994
48914,73.84399999999994
48914,23.799999999999955
48914,53.793000000000006
48914,5.426000000000045
48914,26.551000000000045
48950,5.182000000000002
48950,620.466
48950,587.919
48950,945.6959999999999
48950,199.041
48950,945.6959999999999
48950,1069.59
48950,945.6959999999999
48950,8.98399999999998
48950,1031.9360000000001
48950,746.655
48950,746.655
48950,1703.9560000000001
48950,746.655
48950,746.655
48950,1671.2350000000001
48950,164.767
48950,136.81700000000006
48950,1635.995
48950,907.4939999999999
48950,1603.367
48950,874.866
48950,1603.367
48950,1592.198
48950,1307.5430000000001
48950,535.8989999999999
48950,1495.5749999999998
48950,532.2959999999999
48950,297.193
48950,1104.781
48950,72.94200000000001
48950,59.69100000000003
48950,1374.7690000000002
48950,417.46799999999996
48950,70.51800000000003
48950,10.826999999999998
48950,310.85799999999995
48950,1271.5300000000002
48950,155.23199999999997
48950,21.706000000000017
48950,437.5920000000001
48950,119.13999999999999
48950,257.41999999999996
48950,700.0500000000001
48950,700.0500000000001
48950,1058.1060000000002
48950,159.986
48950,159.986
48950,282.3600000000001
48950,123.894
48950,123.894
48950,123.894
48950,1054.107
48950,123.894
48950,33.06600000000003
48950,33.06600000000003
48950,33.06600000000003
48950,833.4070000000002
48950,158.46600000000012
48950,158.46600000000012
48950,771.7469999999998
48950,771.7469999999998
48950,432.67700000000013
48950,631.6950000000002
48950,432.67700000000013
48950,432.67700000000013
48950,728.501
48950,598.9740000000002
48950,562.4280000000001
48950,18.289999999999964
48950,398.30100000000016
48950,191.75900000000001
48950,191.75900000000001
48950,191.75900000000001
48950,84.221
48950,84.221
48950,84.221
48950,84.221
48950,84.221
48950,283.23900000000003
48950,132.115
48958,1485.046
48958,892.9879999999999
48958,892.9879999999999
48958,124.37
48958,880.18
48958,1133.598
48958,61.33900000000001
48958,768.6179999999999
48958,1022.036
48958,81.77900000000002
48958,81.77900000000002
48958,142.71900000000002
48958,81.77900000000002
48958,193.626
48958,193.626
48958,530.802
48958,716.865
48958,111.84699999999998
48958,388.08299999999997
48958,42.059000000000026
48958,42.059000000000026
48958,523.239
48958,337.176
48958,838.463
48958,39.476
48958,717.674
48958,578.019
48958,39.476
48958,578.019
48958,610.9699999999999
48958,169.30899999999997
48958,99.06200000000001
48958,70.24699999999996
48958,70.24699999999996
48958,115.81600000000003
48958,115.81600000000003
48958,115.81600000000003
48958,104.63900000000001
48958,199.54800000000012
48958,393.073
48958,94.9090000000001
48958,94.9090000000001
48958,94.9090000000001
48958,94.9090000000001
48958,72.42699999999991
48958,67.74900000000002
48958,67.74900000000002
48958,13.295000000000073
48958,32.070000000000164
48958,66.27200000000016
48958,51.881000000000085
48961,33.093
48961,33.093
48961,832.7149999999999
48961,809.228
48961,624.6320000000001
48961,105.255
48961,12.569999999999993
48961,33.34700000000001
48961,25.944999999999993
48961,25.944999999999993
48961,6.192999999999984
48961,306.048
48961,475.26300000000003
48961,169.418
48961,9.468999999999994
48961,431.119
48961,261.904
48961,37.50999999999999
48961,7.823999999999955
48961,380.71
48961,53.00599999999997
48961,81.582
48961,53.00599999999997
48961,53.00599999999997
48961,364.52099999999996
48961,223.79000000000008
48961,141.44000000000005
48961,140.639
48961,140.639
48961,60.472999999999956
48961,163.79499999999996
48961,154.067
48961,54.575000000000045
48961,119.62
48961,106.91700000000003
48961,99.49199999999996
48961,11.767000000000053
48961,64.01400000000001
48961,296.294
48961,68.9079999999999
48961,88.78300000000002
48961,88.78300000000002
48961,24.546999999999912
48961,10.994000000000028
48961,10.994000000000028
48961,133.77100000000007
48961,61.398000000000025
48961,49.808000000000106
48961,92.3649999999999
48961,7.124000000000024
48961,7.124000000000024
48961,53.26599999999985
48961,116.42799999999988
48961,166.80999999999995
48961,53.26599999999985
48961,53.26599999999985
48961,53.21199999999999
48961,46.91799999999989
48961,97.29999999999995
48961,46.721000000000004
48961,7.363000000000056
48961,2.161000000000058
48965,413.217
48965,413.217
48965,379.724
48965,373.073
48965,108.93200000000002
48965,214.40500000000003
48965,5.4809999999999945
48965,5.882000000000005
48965,499.566
48965,36.458
48965,36.458
48965,36.458
48965,34.537000000000006
48965,144.98100000000002
48965,207.939
48965,246.49400000000003
48965,468.60999999999996
48965,233.264
48965,728.6099999999999
48965,110.44400000000002
48965,105.26799999999997
48965,650.4569999999999
48965,105.26799999999997
48965,387.01700000000005
48965,468.842
48965,96.00400000000002
48965,459.17499999999995
48965,220.06499999999994
48965,350.043
48965,350.043
48965,60.98599999999999
48965,372.83799999999997
48965,291.01300000000003
48965,291.01300000000003
48965,72.995
48965,49.84300000000002
48965,545.189
48965,241.17000000000002
48965,218.01800000000003
48965,3.3220000000000027
48965,162.159
48965,335.804
48965,100.90800000000002
48965,65.77099999999996
48965,9.706999999999994
48965,81.82499999999993
48965,27.307000000000016
48965,35.07499999999993
48965,35.07499999999993
48965,35.07499999999993
48965,27.09299999999996
48980,174.06799999999998
48980,131.527
48980,90.43
48980,177.925
48980,80.08600000000001
48980,97.839
48980,97.839
48980,254.10500000000002
48980,157.098
48980,5.281000000000006
48980,239.22000000000003
48980,160.767
48980,209.96700000000004
48980,209.96700000000004
48980,3.36099999999999
48990,1184.6200000000001
48990,288.463
48990,52.732000000000006
48990,52.732000000000006
48990,52.732000000000006
48990,153.26
48990,179.873
48990,87.78299999999999
48990,92.09
48990,24.566000000000003
48990,24.566000000000003
48990,41.542
48990,16.976
48990,26.613
48990,400.154
48990,55.858000000000004
48990,866.426
48990,106.00299999999999
48990,50.14499999999998
48990,50.14499999999998
48990,810.568
48990,760.423
48990,788.8110000000001
48990,401.441
48990,348.87299999999993
48990,905.09
48990,107.05099999999993
48990,766.7130000000001
48990,49.712999999999965
48990,466.27200000000005
48990,42.870000000000005
48990,42.870000000000005
48990,18.663999999999987
48990,18.663999999999987
48990,18.663999999999987
48990,18.663999999999987
48990,18.663999999999987
48990,165.14800000000002
48990,21.126999999999953
48990,31.189000000000078
48990,115.24800000000005
48990,134.06099999999992
48990,84.78800000000001
48990,91.93000000000006
48990,84.78800000000001
48990,39.19100000000003
48990,39.19100000000003
48990,38.468000000000075
48990,35.047000000000025
48990,12.034000000000106
48990,99.79199999999992
48991,272.85499999999996
48991,157.244
48991,304.162
48991,157.244
48991,232.66700000000003
48991,204.99
48991,9.36999999999999
48991,1.0020000000000095
48991,18.496999999999986
48991,47.69999999999999
48991,29.203000000000003
48991,29.203000000000003
48991,29.203000000000003
48991,29.203000000000003
48991,29.203000000000003
48991,122.13799999999998
48991,174.59500000000003
48991,482.027
48991,31.307000000000016
48991,58.98400000000004
48991,54.190999999999974
48991,51.86899999999997
48991,94.493
48991,1383.911
48991,24.19199999999995
48991,32.817999999999984
48991,143.48200000000003
48991,226.78299999999996
48991,143.48200000000003
48991,110.66400000000004
48991,349.07099999999997
48991,1420.9589999999998
48991,238.40699999999993
48991,238.40699999999993
48991,83.30099999999993
48991,78.36199999999997
48991,155.106
48991,503.624
48991,76.74400000000003
48991,76.74400000000003
48991,76.74400000000003
48991,1033.768
48991,263.63200000000006
48991,635.3449999999999
48991,96.29100000000005
48991,343.2450000000001
48991,310.75800000000004
48991,167.115
48991,903.144
48991,83.73299999999995
48991,819.4110000000001
48991,52.92699999999991
48991,227.0250000000001
48991,174.09800000000018
48991,30.455000000000155
48991,30.455000000000155
48991,30.455000000000155
48991,30.455000000000155
48991,143.64300000000003
48991,380.6419999999998
48991,391.606
48991,592.386
48991,223.54600000000005
48991,223.54600000000005
48991,269.3220000000001
48991,223.54600000000005
48991,470.1020000000001
48991,163.31000000000017
48991,117.5340000000001
48991,45.77600000000007
48991,18.407000000000153
48991,38.631000000000085
48991,29.769000000000005
48991,38.11999999999989
48991,13.442999999999984
48991,9.643000000000029
48991,7.961999999999989
48991,12.773999999999887
48991,12.773999999999887
48991,12.773999999999887
48991,12.773999999999887
48991,12.773999999999887
48991,3.911999999999807
48991,3.911999999999807
48994,2131.29
48994,601.6600000000001
48994,40.30799999999999
48994,1705.215
48994,40.30799999999999
48994,1992.8439999999998
48994,40.30799999999999
48994,108.833
48994,914.7070000000001
48994,746.1370000000001
48994,172.097
48994,63.26400000000001
48994,63.26400000000001
48994,805.874
48994,138.377
48994,138.377
48994,63.26400000000001
48994,63.26400000000001
48994,63.26400000000001
48994,742.6100000000001
48994,1104.961
48994,115.80000000000001
48994,40.68700000000001
48994,40.68700000000001
48994,667.4970000000001
48994,40.68700000000001
48994,989.161
48994,135.00900000000001
48994,458.24
48994,96.582
48994,530.2280000000001
48994,361.658
48994,283.16599999999994
48994,194.61599999999999
48994,530.2280000000001
48994,156.18899999999996
48994,113.89099999999996
48994,323.231
48994,156.18899999999996
48994,562.081
48994,209.34000000000003
48994,1355.3929999999998
48994,42.298
48994,42.298
48994,1373.4409999999998
48994,405.89200000000005
48994,1313.0949999999998
48994,1284.8909999999998
48994,78.49200000000008
48994,1224.5449999999998
48994,78.49200000000008
48994,238.85000000000002
48994,414.0869999999999
48994,168.57000000000005
48994,245.51699999999983
48994,175.23699999999985
48994,26.751999999999953
48994,26.751999999999953
48994,531.435
48994,792.3119999999999
48994,116.83400000000006
48994,227.2829999999999
48994,287.6289999999999
48994,60.346000000000004
48994,60.346000000000004
48994,60.346000000000004
48997,209.38
48997,543.576
48997,273.73199999999997
48997,70.354
48997,9.322000000000003
48997,9.322000000000003
48997,74.534
48997,384.1790000000001
48997,334.196
48997,64.06800000000001
48997,27.56800000000004
48997,27.56800000000004
48997,27.56800000000004
48997,27.56800000000004
48997,242.276
48997,203.30400000000003
48997,242.276
48997,304.457
48997,38.97199999999998
48997,38.97199999999998
48997,265.485
48997,265.485
48997,41.13799999999992
48997,41.13799999999992
48997,41.13799999999992
48997,320.75299999999993
48997,35.422000000000025
48997,35.422000000000025
48997,285.3309999999999
48997,29.072999999999865
48997,29.072999999999865
48998,519.11
48998,49.08
48998,795.2629999999999
48998,71.60499999999999
48998,49.08
48998,946.9440000000001
48998,22.52499999999999
48998,470.03000000000003
48998,261.313
48998,289.24
48998,447.50500000000005
48998,73.18800000000002
48998,28.521000000000015
48998,216.646
48998,216.646
48998,28.521000000000015
48998,76.49599999999998
48998,95.386
48998,216.052
48998,76.49599999999998
48998,76.49599999999998
48998,374.317
48998,280.10699999999997
48998,76.49599999999998
48998,177.932
48998,18.890000000000015
48998,133.80300000000003
48998,297.821
48998,177.932
48998,203.61100000000002
48998,120.666
48998,120.666
48998,159.04199999999997
48998,278.93100000000004
48998,92.73899999999998
48998,7.3419999999999845
48998,122.37899999999996
48998,48.73399999999998
48998,115.03699999999998
48998,186.19200000000006
48998,186.19200000000006
48998,27.92700000000002
48998,186.19200000000006
48998,44.12899999999996
48998,44.12899999999996
48998,64.055
48998,64.055
48998,64.055
48998,345.01399999999995
48998,25.67900000000003
48998,25.67900000000003
48998,94.21000000000004
48998,94.21000000000004
48998,280.95899999999995
48998,94.21000000000004
48998,57.368999999999915
48998,57.368999999999915
48998,57.368999999999915
48998,57.368999999999915
48998,57.368999999999915
48998,57.368999999999915
48998,110.38300000000004
48998,129.38
48998,129.38
48998,129.38
48998,54.01100000000008
48998,212.65999999999997
48998,35.392999999999915
48998,115.92000000000007
48998,10.182000000000016
48998,10.182000000000016
48999,585.702
48999,530.384
48999,26.296999999999997
48999,252.72400000000002
48999,504.087
48999,252.72400000000002
48999,504.087
48999,504.087
48999,117.249
48999,33.31299999999999
48999,33.31299999999999
48999,520.891
48999,420.15099999999995
48999,114.166
48999,114.166
48999,417.969
48999,101.863
48999,34.47900000000004
48999,23.95999999999998
48999,31.387
48999,7.427000000000021
48999,7.427000000000021
48999,7.427000000000021
48999,48.299999999999955
48999,48.299999999999955
48999,131.12200000000007
48999,99.10400000000004
48999,203.063
48999,204.69899999999996
48999,19.715000000000032
48999,126.85299999999995
48999,26.996999999999957
48999,60.261999999999944
48999,33.264999999999986
48999,58.13099999999997
49000,64.107
49000,264.011
49000,30.686000000000007
49000,108.953
49000,418.355
49000,245.479
49000,245.479
49000,245.479
49000,295.75800000000004
49000,50.04400000000001
49000,418.355
49000,195.435
49000,457.437
49000,69.49600000000001
49000,217.491
49000,310.088
49000,62.43299999999999
49000,62.43299999999999
49000,65.87
49000,172.87600000000003
49000,93.29399999999998
49000,176.47899999999998
49000,107.00600000000003
49000,107.00600000000003
49000,267.594
49000,107.00600000000003
49000,29.303000000000054
49000,29.303000000000054
49000,29.303000000000054
49000,118.42900000000003
49000,89.12599999999998
49000,89.12599999999998
49000,53.88199999999995
49000,53.88199999999995
49000,53.88199999999995
49000,89.12599999999998
49000,53.88199999999995
49000,143.73299999999995
49000,143.73299999999995
49000,143.73299999999995
49000,143.73299999999995
49000,120.154
49000,23.57899999999995
49000,36.8839999999999
49001,96.02799999999999
49001,653.544
49001,63.748
49001,63.748
49001,153.50400000000002
49001,914.073
49001,914.073
49001,916.976
49001,32.28
49001,32.28
49001,32.28
49001,89.75600000000001
49001,32.28
49001,32.28
49001,57.47600000000001
49001,43.98899999999999
49001,57.47600000000001
49001,234.56400000000002
49001,149.51800000000003
49001,57.47600000000001
49001,42.89500000000001
49001,42.89500000000001
49001,42.89500000000001
49001,13.487000000000023
49001,384.92600000000004
49001,437.82400000000007
49001,29.407999999999987
49001,437.82400000000007
49001,62.634000000000015
49001,408.41600000000005
49001,226.801
49001,62.634000000000015
49001,269.95000000000005
49001,387.7320000000001
49001,41.95000000000002
49001,269.95000000000005
49001,85.04599999999999
49001,85.04599999999999
49001,228.0
49001,228.0
49001,79.12099999999998
49001,79.12099999999998
49001,79.12099999999998
49001,79.12099999999998
49001,435.02500000000003
49001,260.73600000000005
49001,63.83300000000003
49001,63.83300000000003
49001,63.83300000000003
49001,63.83300000000003
49001,128.71700000000004
49001,181.61500000000007
49001,181.61500000000007
49001,117.78200000000004
49001,64.88400000000001
49001,52.898000000000025
49001,115.11399999999992
49001,115.11399999999992
49001,115.11399999999992
49001,115.11399999999992
49001,115.11399999999992
49001,62.215999999999894
49001,294.4659999999999
49001,62.215999999999894
49001,62.215999999999894
49001,62.215999999999894
49001,62.215999999999894
49001,174.289
49001,62.215999999999894
49001,62.215999999999894
49001,194.55600000000004
49001,112.07300000000009
49001,194.55600000000004
49001,112.07300000000009
49001,112.07300000000009
49001,112.07300000000009
49001,82.48299999999995
49001,120.17699999999991
49001,120.17699999999991
49001,37.69399999999996
49001,37.69399999999996
49001,37.69399999999996
49002,771.279
49002,825.158
49002,337.586
49002,79.027
49002,14.646999999999991
49002,294.40999999999997
49002,101.07300000000001
49002,101.07300000000001
49002,19.400000000000006
49002,19.400000000000006
49002,19.400000000000006
49002,157.486
49002,193.337
49002,157.486
49002,193.337
49002,524.1410000000001
49002,691.826
49002,35.851
49002,847.0039999999999
49002,330.80400000000003
49002,384.68300000000005
49002,53.87900000000002
49002,53.87900000000002
49002,53.87900000000002
49002,53.87900000000002
49002,271.2919999999999
49002,271.2919999999999
49002,39.72399999999993
49002,39.72399999999993
49002,39.72399999999993
49002,39.72399999999993
49003,305.037
49003,756.306
49003,1103.675
49003,1103.675
49003,102.35000000000001
49003,102.35000000000001
49003,342.168
49003,99.90100000000001
49003,478.245
49003,95.32099999999997
49003,95.32099999999997
49003,95.32099999999997
49003,95.32099999999997
49003,95.32099999999997
49003,95.32099999999997
49003,332.372
49003,724.6279999999999
49003,370.68600000000004
49003,370.68600000000004
49003,38.20800000000003
49003,38.20800000000003
49003,110.73700000000002
49003,110.73700000000002
49003,686.4199999999998
49003,36.209
49003,90.10500000000002
49003,20.932999999999993
49003,20.932999999999993
49003,108.20499999999993
49003,20.932999999999993
49003,133.635
49003,46.363000000000056
49003,146.57900000000006
49003,287.0450000000001
49003,46.363000000000056
49003,287.0450000000001
49003,240.68200000000002
49003,324.64699999999993
49003,100.21600000000001
49003,19.633000000000038
49003,160.09900000000005
49003,160.09900000000005
49003,140.466
49003,101.207
49003,29.29499999999996
49003,29.29499999999996
49003,29.29499999999996
49003,29.29499999999996
49003,35.44399999999996
49003,35.44399999999996
49005,2160.109
49005,45.099000000000004
49005,1808.1380000000001
49005,387.532
49005,1808.1380000000001
49005,1808.1380000000001
49005,647.438
49005,81.419
49005,1120.5970000000002
49005,62.587999999999994
49005,981.9939999999999
49005,1013.281
49005,422.356
49005,976.5900000000001
49005,1019.2260000000001
49005,503.43100000000004
49005,1436.929
49005,178.83099999999996
49005,81.07500000000005
49005,81.07500000000005
49005,81.07500000000005
49005,417.12799999999993
49005,515.7950000000001
49005,415.9749999999999
49005,179.7420000000002
49005,137.10600000000022
49005,179.7420000000002
49005,47.965999999999894
49005,265.424
49005,47.965999999999894
49005,99.82000000000016
49005,57.1840000000002
49005,99.82000000000016
49005,437.3710000000001
49005,42.63599999999997
49005,42.63599999999997
49005,724.3589999999999
49005,42.63599999999997
49005,687.6680000000001
49005,117.63799999999992
49005,145.8889999999999
49005,117.63799999999992
49005,644.905
49005,145.8889999999999
49005,28.250999999999976
49005,219.913
49005,219.913
49005,219.913
49005,28.250999999999976
49005,191.66200000000003
49005,191.66200000000003
49005,614.2260000000001
49005,344.172
49005,344.172
49005,293.46500000000015
49005,293.46500000000015
49005,293.46500000000015
49005,256.64700000000016
49005,293.46500000000015
49005,293.46500000000015
49005,256.64700000000016
49005,36.817999999999984
49005,306.87200000000007
49005,306.87200000000007
49005,270.0540000000001
49007,1216.4759999999999
49007,589.949
49007,1216.4759999999999
49007,88.517
49007,77.45100000000001
49007,516.542
49007,571.1949999999999
49007,11.065999999999988
49007,62.477999999999994
49007,957.623
49007,1065.481
49007,343.944
49007,1065.481
49007,466.294
49007,312.587
49007,681.234
49007,613.679
49007,58.697
49007,58.697
49007,58.697
49007,58.697
49007,58.697
49007,567.8299999999999
49007,214.94000000000005
49007,214.94000000000005
49007,409.11300000000006
49007,459.972
49007,214.94000000000005
49007,214.94000000000005
49007,58.27299999999991
49007,58.27299999999991
49007,58.27299999999991
49007,135.9000000000001
49008,1009.296
49008,1130.981
49008,82.00200000000001
49008,82.00200000000001
49008,17.908999999999992
49008,17.908999999999992
49008,58.39199