episode_id,n_substantive,pearson_corr,granger_min_p
42061,14,0.11602642162136333,
42088,44,0.05615034827476921,0.2324094328238679
42106,22,-0.12087625883485544,0.2530956002922877
42124,31,-0.32106199962935084,
42132,27,0.6426627980668805,
42149,17,0.5824121742275296,
42153,20,0.2652099502973139,
42188,38,-0.2241453360604818,0.45786706803199095
42219,23,0.6284581671012183,
42246,33,0.4960015171076666,
42412,11,-0.13724344937934915,0.649651923115331
42501,27,-0.27582905055634993,
42503,93,-0.10945211328888964,0.8289188926542739
42562,30,0.02569078554149204,0.4202263972874888
42575,55,-0.6657077140633314,0.8680405907301979
42576,47,0.13486214509535635,
42579,73,0.1932317273391557,
42597,57,-0.004039578641943586,0.545746486683754
42598,69,-0.08132357436323416,
42622,23,0.6047522856735742,
42626,52,0.1996866599498471,0.5619131221793083
42645,21,0.5908951855091159,6.672189007115433e-06
42653,16,-0.15718259130345785,0.47421712058448806
43155,24,0.43466780389871584,
43208,85,0.15703248910335,0.40916791566145516
43211,35,0.5187616254237339,0.5174302774023549
43219,14,0.685337247965156,
43233,24,-0.15748781155653419,
43271,32,0.16229696454008744,0.30163640023557725
43278,24,0.2288111608421026,0.4822241286780533
43291,49,0.0067541926695882755,0.5177805941241713
43310,46,-0.03928185474821393,
43399,18,-0.05202802715512834,0.5737077108729953
43400,22,-0.36057917321105915,0.43264922458707333
43409,38,-0.26506755302191143,0.8501033659042929
43431,42,0.16629277508253706,0.45652957359726254
43445,19,-0.647867910056417,
43446,16,-0.4348181816681779,
43452,19,0.3338902311090986,0.007576309135159578
43478,34,0.4660455346998402,0.44625594359764165
43479,54,-0.1191420903503406,0.4735654318632099
43480,41,0.09628307608834702,
43481,31,0.6002748784432271,
43519,32,0.2121915718790093,
43527,12,0.06393043300328649,
43543,34,0.12002580450383521,0.5260793588114072
43623,16,-0.19819699917625605,0.02532433118004525
43629,43,0.456968262960538,0.6512968405096691
43632,38,0.18769726079538812,
43643,23,0.49329418608984893,0.9168527495409987
43651,23,0.08482285623856974,
43662,57,-0.2034974432546863,0.5029484754310134
43670,78,0.33339460803553045,0.6959876294625409
43694,53,-0.1137042664097765,0.7585383080492846
43700,23,0.18216614548010654,
43768,68,-0.28564621911771887,0.8460606428794528
43778,29,-0.24932948296315335,0.058587347739242575
43779,31,-0.027902974536024888,
43789,49,-0.3173565448587864,0.5639464876475149
43795,27,-0.04228757622102323,
43796,27,-0.1565142805250534,0.6273176946925447
43828,14,-0.03470369119094665,
43881,5,-0.14899097664719121,
43896,82,-0.26515680932776314,0.46462493007270367
43897,40,0.2046209893753173,0.08546425698456266
43914,22,0.011168100796012895,
43929,25,0.06693322873651537,0.007137743992942412
43939,75,0.3168752888043624,
43960,191,0.03448700550682333,0.20389513211447738
43976,23,-0.3397103380255758,
43991,58,0.20546796622450994,0.033648964632055814
44004,19,0.47172203336380264,
44270,36,-0.17674686908385373,
44271,37,0.4475089182899017,
44336,35,-0.12951625419455978,0.7708676621818117
44347,24,0.45592269983088846,
44348,20,-0.008184411667571589,
44410,38,0.011316929977251368,0.7485739129056386
44443,26,-0.6972627455602365,
44444,34,0.38149539027660817,
44449,38,0.514328219179909,0.7035234798738256
44451,25,-0.0346420005501017,
44461,27,0.6803788608321615,
44474,27,-0.1938798476110152,
44476,23,0.08691858732883082,0.7892002098482573
44477,45,-0.0536592468604521,0.6235099235539177
44482,17,0.6790067419490409,
44484,45,-0.10086492882262013,0.054023593854366246
44485,62,0.21544023679403548,0.10158632789615873
44508,26,0.6051412244397175,
44514,29,0.3200269354946937,0.8278938704245817
44521,22,-0.22404732539763456,
44532,83,-0.3354452784915253,0.6739087106734143
44552,33,-0.3154428874401447,0.811276552108501
44555,48,0.3543231480056939,
44562,73,-0.14041503087461377,0.7745849703915704
44571,82,0.15466748567660613,0.5424675614019681
44581,69,0.08468839025172735,
44606,38,0.2690995608566105,0.6965243036504382
44607,35,0.4753843525679892,
44673,29,-0.2627322398904356,0.46835796695564547
44681,6,-0.5094494250867263,
44687,9,-0.7291744970188628,
44701,7,-0.5464690748466551,
44727,78,-0.002496670928531737,0.16554502257103712
44731,74,0.049041755028334834,0.3211827838648701
44736,28,0.151872117199715,0.5110868763561977
44748,45,-0.1542413669784129,
44761,41,0.18277780895672158,0.5182173272090687
44762,68,0.03260907053032405,0.3157684656805098
44763,22,-0.32036240911129954,
44764,27,-0.570348485212057,
44835,12,0.45865180906419445,0.7701868327341761
44848,81,-0.15686623120984644,0.14066795583993993
44849,58,-0.019638013596907977,0.10551754154089805
44918,104,0.1331816209601012,0.03190794163902453
44923,16,-0.22004451724445226,0.3841334234920726
44924,24,0.3575212684473216,
44925,29,0.0069763677995110995,0.5834008028437201
44937,70,0.07754766146201439,0.3498418309105581
44950,90,0.10053175040781645,0.8293635444750114
44975,37,0.4325893584213728,
44982,94,0.14577980914102376,0.4337530295953822
44986,102,-0.07936353747325307,0.35114508192387706
44987,109,0.05422126567011308,0.009752302412959463
44989,53,0.05335879660765405,0.5224885270179904
44996,64,0.0699678967891684,0.5283123368836365
45000,33,0.21105027047290292,0.5178421897776504
45002,78,0.008426157627278249,0.23628643499044696
45043,72,-0.15643323921010258,0.5914826329981201
45081,34,-0.26823095983128925,0.002953902864660787
45082,28,0.2328836139633799,
45098,45,0.5133484061305938,0.8187238161977142
45117,24,0.52935738080619,0.65535452354167
45125,28,0.045884863734771,0.7506564513959013
45128,15,0.2919180954796614,
45132,29,0.011409037709923783,
45178,38,0.23114575170021162,0.00757403584950059
45182,106,0.18422846328103681,0.09815878222199674
45199,5,0.31092285976273154,
45210,26,-0.7800557991377615,
45219,27,0.02163271589530792,
45239,68,0.17993884930017065,
45242,44,0.027354464461198796,0.5083880543093648
45244,34,-0.1621574173195971,
45245,22,0.21546881898098863,
45252,26,0.5099442899126605,
45296,122,-0.048180130070446255,0.00035370506852793723
45298,29,-0.04962555250256612,0.5555654291279402
45336,58,0.29105296486061166,0.7837008936271361
45340,45,0.3542294141693293,0.0011500041945566033
45343,13,-0.4013003548111043,
45344,132,-0.18777816364019326,0.077381243393836
45371,12,-0.17635891474149612,
45393,113,0.03204781184015247,0.2513173589156843
45422,42,-0.0006904023000281287,
45440,16,0.2609783868410806,0.17191965778581228
45460,33,0.0861367551639025,0.34944666823349413
45514,27,-0.08000372304373393,
45547,90,0.1744756639400003,0.7964337941112568
45549,136,0.1366062847202366,0.0007901057590990911
45561,119,-0.12578171031585092,0.29390806089920446
45565,98,0.20270777152832842,0.5078624372225053
45566,95,0.2308012010478251,0.5416784560093104
45567,45,0.20567329974741633,
45583,146,-0.06932044443079013,0.3868643728392267
45589,91,-0.16547781779351894,0.2767003544060105
45660,20,0.09218574729685733,
45702,29,-0.04298828823638353,0.4660954290419191
45734,249,-0.03503865248392784,0.02847983531346542
45819,75,0.024745281358400987,
45869,1,nan,
45904,1,nan,
45917,1,nan,
45934,1,nan,
45938,1,nan,
45942,1,nan,
45951,40,0.15132387280939213,
45954,1,nan,
45957,55,-0.4691459917394953,
45963,11,-0.849800877941478,
45967,1,nan,
45968,1,nan,
45973,34,-0.10344433902408655,
45976,12,-0.09952560871309242,
45977,1,nan,
45978,1,nan,
45981,14,-0.03025290217035741,0.5291430462818374
45987,1,nan,
46001,1,nan,
46002,1,nan,
46008,1,nan,
46012,6,-0.5414390492088208,
46015,1,nan,
46016,23,0.31039717525289734,0.6614991293050765
46161,74,-0.20017839998223785,0.59114179395346
46162,1,nan,
46165,106,-0.07292345293974811,0.08972731877245091
46170,1,nan,
46172,1,nan,
46186,1,nan,
46187,70,0.19282892242135702,0.49389896668419886
46188,1,nan,
46204,1,nan,
46205,43,0.018640908550023667,0.4423287996113898
46207,1,nan,
46211,14,-0.7792420396998181,
46217,25,0.5432686895125796,
46218,95,-0.1577794540890909,0.35569660344611864
46219,51,0.013416282914345356,0.5806626073575378
46221,1,nan,
46222,1,nan,
46226,1,nan,
46245,1,nan,
46254,1,nan,
46350,1,nan,
46351,1,nan,
46352,1,nan,
46355,85,-0.2665994084618647,0.31716365819597814
46356,1,nan,
46357,1,nan,
46358,1,nan,
46360,1,nan,
46362,1,nan,
46364,66,-0.16441095990360582,0.4695101715430611
46365,1,nan,
46366,1,nan,
46367,46,-0.24519190675804273,0.1392816409209497
46370,1,nan,
46373,54,0.07792404375179843,0.510383911910242
46382,1,nan,
46383,1,nan,
46390,53,0.15074604061058527,0.6261030156292813
46394,1,nan,
46395,1,nan,
46397,0,nan,
46402,1,nan,
46403,1,nan,
46409,75,-0.3987924365975975,0.7506994302716927
46412,1,nan,
46413,1,nan,
46415,1,nan,
46416,1,nan,
46418,93,-0.1609583792496353,0.5520478966655924
46420,1,nan,
46422,1,nan,
46423,1,nan,
46424,1,nan,
46426,115,-0.21278549148311332,0.8701496437534059
46428,1,nan,
46432,90,-0.14792631827981195,0.3712983532256449
46435,24,-0.4635307218896006,0.2715496132195923
46436,1,nan,
46437,1,nan,
46438,1,nan,
46443,1,nan,
46444,1,nan,
46445,29,-0.46370089587316193,
46450,1,nan,
46451,1,nan,
46455,36,-0.3353245201297828,0.32664777261392597
46467,1,nan,
46476,56,0.2165762302347467,0.8021060814804888
46487,0,nan,
46493,22,0.030393436023943336,
46494,6,nan,
46518,1,nan,
46519,1,nan,
46520,60,0.3738582714624249,
46522,1,nan,
46524,67,-0.229073072314039,0.4815057763573738
46525,67,-0.19393581663572193,0.8910386622272546
46526,70,-0.04983846229466872,0.5501175234229226
46528,1,nan,
46529,1,nan,
46532,1,nan,
46542,41,-0.04087074596969866,
46543,1,nan,
46548,1,nan,
46549,1,nan,
46550,1,nan,
46560,1,nan,
46566,42,-0.3893881415827936,
46569,28,0.09224180603944729,0.7068611982388062
46623,47,-0.3291238787047491,0.3935239892259845
46625,34,0.1064258279773575,
46630,1,nan,
46636,17,-0.47642250234719175,
46637,46,0.5454214760022498,
46639,21,0.1611635987078088,0.16164112402621786
46642,38,0.018268499465016776,1.3266155075344173e-12
46645,34,-0.06570076752009042,0.4931459097415315
46652,34,-0.06903612124604233,0.598807838383085
46679,1,nan,
46680,51,-0.033330933865217176,0.5337866530491012
46686,15,-0.6202550115840854,
46687,16,-0.46822151396488615,
46690,15,-0.046841442735671736,0.0535638411871967
46694,16,0.2494578046658577,0.12742249775591444
46696,14,-0.3111415496556379,
46697,19,-0.2096713246552342,0.4622507816332808
46698,49,0.3913156770342341,
46714,57,0.1338146944605023,0.6227158801268262
46718,24,0.11742659301266563,0.03418567949069198
46719,18,-0.045868680676801214,
46721,34,0.10752564111209727,
46722,26,-0.23291162266874527,0.25365870369903515
46723,32,0.0738422553330616,
46724,15,-0.23378496475726096,
46725,1,nan,
46727,47,0.46224777371760345,0.7615543636235889
46728,45,0.05959169361874615,0.08194134545825317
46729,36,-0.2075478169474132,
46730,45,0.3313442869384205,0.3126793788599465
46735,23,0.602757454363232,
46742,3,nan,
46747,0,nan,
46750,1,nan,
46753,1,nan,
46754,1,nan,
46756,2,nan,
46757,1,nan,
46758,1,nan,
46761,1,nan,
46763,13,-0.3854678887305976,0.09542485775656444
46764,1,nan,
46776,161,-0.17014543603180135,0.1427615214755579
46780,1,nan,
46803,48,0.011760919082815615,0.5077879955282101
46804,40,-0.25020056483789016,0.38117771853393945
46813,14,-0.630375490680066,0.407967611070574
46814,26,-0.1496102196341218,0.1119076480072058
46815,19,0.663679124867235,
46816,8,-0.6125419369319345,
46818,7,-0.22159382050273602,
46819,8,0.3713709859382456,
46835,55,0.0019921017939041707,0.2913383030548864
46836,122,-0.02364923047046971,0.24590618551954346
46838,55,-0.2823743959291699,0.4858897844455278
46844,17,-0.18923549142800614,
46847,20,-0.4887437408378953,
46849,23,-0.29585298378647595,
46850,66,0.02073799510144244,0.00032987713016463695
46853,18,-0.6580350526382979,
46861,21,-0.33887918577734794,
46904,49,-0.07011600851845791,0.013694826161103681
46916,56,0.05112749394009829,0.5567916709779244
46917,99,0.1687108807687999,0.3435194588253477
47081,55,-0.19513344965135185,0.5092258502105422
47084,122,0.22553323429039324,0.39858274240288283
47090,113,0.1365637946569839,0.5661256930119769
47098,88,-0.2035120907538041,0.2484826478770582
47112,111,-0.10278291382612728,0.06926855976136435
47117,56,0.1341032898831762,0.392503646236694
47118,104,-0.1617917205933674,0.23332380194979888
47120,63,-0.058003064554706746,0.7223946731693491
47121,29,0.4829132750349563,0.8294702950483299
47122,55,-0.07383443028959064,0.4414522762798426
47126,94,0.03246687847107518,0.04705201072086658
47127,53,0.010365691567433784,0.7364970218496787
47128,59,-0.11693594213223185,0.4329105794191793
47131,49,0.21223731101135254,0.7355584462270424
47135,51,0.2587734160429716,0.08775609456678214
47137,71,-0.06320683634723549,0.9041526590792582
47140,79,0.12149387494701112,0.13989777039732285
47141,32,-0.048784041617027186,0.6653570389777431
47143,42,-0.0408107862103814,0.6855139654051249
47144,73,-0.12749328768572757,0.5200508642611541
47147,62,-0.16645607964964293,0.7049722726148677
47148,45,0.03575206986305831,0.6032666708927069
47149,97,-0.19561345658041182,0.4690963665093697
47151,73,-0.1264245947890138,0.5688108523494568
47156,59,0.04783059843260633,0.013694669198458758
47158,71,0.11601798208738767,0.419332709140404
47159,65,-0.15757649671511145,0.2403110311282996
47160,66,0.10562191690769,0.10720031719201795
47162,53,-0.2356378031879289,0.49276793445869116
47164,51,0.34406212399679814,0.699147251554371
47166,14,-0.07924915445217935,
47168,69,-0.07018250687925877,0.1765988070707839
47169,56,-0.015432848891029133,0.3342993340953132
47179,35,-0.4942709803378063,0.002625430164673784
47182,32,-0.172984530555831,0.0756996567647684
47185,28,0.006491180021716977,
47197,22,0.11562589510415378,0.001528623336230308
47212,38,-0.08663471185128792,0.002571755260419593
47213,49,-0.29286394943036675,0.5285459008257364
47217,43,-0.1707401081862214,0.5138813481309978
47218,45,0.49296107001233985,
47222,71,-0.08497772897626499,0.17961040150658053
47223,56,0.21213229124352542,0.0015938507747669318
47224,21,0.27617125810992166,
47229,27,0.08828685787950709,0.5446086177558829
47234,151,-0.14525456437757187,0.7306236056526388
47236,14,0.44519138997767677,
47238,15,0.11848483883738038,
47239,26,0.19267053400386458,
47243,46,-0.3145290460691719,
47267,126,-0.2248283166180994,0.4487611705974581
47306,9,0.2044212394411552,
47307,45,0.04483952839478795,0.7774475799303315
47313,55,0.08716370115107915,0.6433093442787106
47345,36,0.02437712232075694,
47358,23,-0.22391507839971686,
47360,31,0.6506153425805387,
47363,8,0.5772690009561439,
47369,49,-0.006180770657497217,
47372,8,0.6605439762915666,
47376,38,0.03118516304619606,0.16123707611342825
47384,66,0.20011995880149921,0.4004623645204024
47385,64,0.14584838837050784,
47387,49,-0.20478737462835145,
47389,89,0.12348560795320032,0.4538986629415215
47391,55,-0.0751678066609573,
47392,70,-0.06803729783802122,0.05054527124143444
47394,41,0.07271846704339893,0.5196437103012539
47395,67,-0.010896130939955496,0.5749309752544951
47397,25,-0.28237878723470766,0.3606105235342345
47400,102,-0.19909494391981322,0.7923693182062889
47412,25,0.3289613374987845,
47414,24,0.5087193261076495,
47415,57,0.037102326489334266,
47419,14,-0.31710911133394654,0.3464249069785205
47420,17,0.39283122737619647,
47421,30,-0.20070509451236282,0.0019346821186529118
47998,19,-0.6301931961286982,0.0018234691869421721
48007,104,-0.005872269472745336,0.6346790828339892
48008,130,0.06626719684734746,0.54742526855606
48010,86,0.021403742573331858,0.8065211589402974
48021,92,0.05889353747680824,0.10209175634152641
48022,81,0.03872982257086862,0.8350599709412279
48025,73,0.03820862657587631,0.8475324264825856
48034,87,-0.012662096204273028,0.0006125806158580291
48035,14,0.36141300193507386,0.38599648377517704
48036,11,-0.5633134544540263,
48039,13,-0.49818759448901995,0.11149921524741577
48040,17,0.007085013840921368,0.19293941251914018
48043,87,-0.1729871413552801,0.6466313739182272
48044,25,0.06330963328301316,0.49463773724929627
48045,45,0.07116381713551491,
48109,58,-0.035143828488178736,0.39278401950811637
48112,51,0.1302743609454367,0.32703307004532234
48117,53,0.14579520226807913,0.562732984478848
48118,61,-0.07580440362149038,0.5474453719806478
48119,48,-0.3768414037017036,0.3348181136304338
48120,34,0.04076228078564372,0.3894837613679548
48121,31,-0.11289186066817065,0.10137261872657294
48124,61,-0.05699878295870766,0.5861748071646509
48125,43,-0.16168149195595083,0.7104033969346599
48127,56,0.020275681921805552,0.39256252133901715
48130,60,-0.2729732813414835,0.008398164046557235
48131,43,-0.23631289535864228,0.5798109440003312
48132,51,0.2462008374967988,0.28187822938724233
48137,51,0.1439009801938288,0.5858769013450718
48138,56,0.21323842807637539,0.5198559138991676
48139,55,-0.1690766611482177,0.30875442697495614
48140,26,-0.047275908789681874,0.44677798193344387
48141,53,0.0949421585239687,0.49272124356793146
48143,42,-0.23022190349289062,0.009764463990246124
48145,55,-0.11176162266980465,0.062231664317968186
48146,53,-0.23917957013055702,0.5380932166292013
48150,51,-0.013085977516223975,0.28862593493608896
48151,41,0.14256225712110998,0.5904474958748336
48152,55,0.04419519384091254,0.6333695543611577
48155,50,0.29946114383004274,0.5122614598468845
48161,44,0.12962768222178925,0.7347200978857592
48165,48,0.44602406159433167,0.6364858353298666
48167,60,-0.027410218223621788,0.5459934619077427
48169,61,0.09497136057323154,0.44039220048331384
48171,62,0.12770105665621248,0.6580567145297636
48175,49,-0.05874205169793356,8.191782060456413e-05
48180,43,-0.008476584180971237,0.7651516410547665
48183,51,-0.05823614834486629,0.009174932715939043
48184,49,-0.044236696126881164,0.07980295458586871
48185,38,0.13707418488456283,0.6060663540534438
48188,51,-0.03167475293357511,0.7319408940933819
48189,48,-0.058736344385361954,0.6541794133948614
48190,41,0.04290551409094599,
48195,43,-0.3424246850334581,0.6485496004566509
48197,51,-0.02576830356186744,0.15426683652796835
48198,44,0.06097959445454966,0.557323517083671
48199,56,-0.11114932884032495,0.8177936588899456
48200,45,0.19570302037121926,0.10847895036858152
48204,29,0.058815008181530425,0.49959666309061346
48206,61,0.0782943919171504,0.7058364198372994
48209,56,-0.31820846236230366,0.15589929581551054
48222,56,0.18779305599860735,0.048440599692877874
48224,66,-0.04782882318402241,0.8449010297945544
48225,60,-0.1759657017612348,0.5843590223601107
48230,41,0.03457664938544395,0.6350082163051352
48231,41,0.3882361257537022,0.6698996780212243
48233,54,-0.03660819645808036,0.019285301822223794
48236,81,-0.16306096678119011,0.023790170701435878
48238,72,-0.05763534970976779,0.6823567875862049
48244,59,0.03237154901449364,
48247,79,-0.19493210785353868,0.18000342332125593
48254,86,-0.07310250513692157,0.3332336189063105
48257,66,0.07548993701440428,0.5439368781916094
48258,65,0.10781364678033363,0.5988904252132661
48261,57,-0.22254838079717026,0.24665080872619619
48263,57,0.22813689382446484,0.7751057222157061
48265,58,-0.15560304063686983,0.007764094886801355
48266,62,-0.06620668117956179,0.6455066751215871
48267,51,0.1514958624559779,0.006251218963209361
48268,62,0.009712227940791978,0.3825335251494688
48271,39,-0.2359706255864786,0.7067289042025822
48277,60,-0.10227300283074517,0.3601213524284074
48285,53,-0.17588498967969912,0.5655181931014315
48286,54,-0.24864082953689493,0.8597177557213296
48288,56,-0.08387380010603582,0.12895458567767865
48291,56,0.011026186505473377,0.08897221638722103
48292,58,0.0008330391366205617,0.27391406627395476
48294,52,0.26628610185738477,2.0318875488540253e-05
48295,69,-0.00954267051195319,0.05857463079036984
48296,50,0.15544601292045696,0.5915727852441816
48298,45,0.16237938920688524,0.4209976741958772
48299,51,0.15976297941364498,0.48058738405603285
48301,64,-0.16194202888687015,0.002066232390314262
48302,54,0.0112356498046298,0.61471098845811
48304,41,-0.25470552027690385,0.5725950940245511
48305,51,0.19312815542756678,0.6455397191382279
48307,57,0.044002139979073124,0.4309431060950717
48308,67,0.01548217522529733,0.020726748074042685
48309,43,0.15153589671099432,0.7985132963107221
48314,75,0.04346890642277726,0.5179262779444389
48315,44,-0.16390021694118198,0.5335358957523226
48320,54,-0.2928532456488898,0.45080503027630614
48321,38,-0.3297787474268097,
48328,45,-0.08985832138652806,0.43919251787361036
48329,53,0.12409439879341203,
48332,67,0.04528220127836266,0.48531604405640283
48334,66,0.25822129649103753,0.13894557510247055
48335,57,-0.03196485794288408,0.4546951087856389
48337,36,-0.05930952361809464,0.581158562124737
48338,46,0.18560312426253403,0.4466620990397301
48344,61,0.15294713117277353,0.3743762562664191
48345,55,0.30118709375439556,0.42563774373984253
48346,62,0.014893994921430499,0.06054247020953683
48347,65,-0.34042527308841647,0.7482050051354656
48348,43,-0.07268369439008637,0.5189716943712923
48352,46,0.028466996178954408,0.004278209687658996
48353,55,-0.10292329202044831,0.053402989759853386
48358,48,-0.17187266358412434,0.09959059348944954
48360,48,-0.1461848239804789,0.1898665800756275
48362,61,-0.1473540632815463,0.6055509541746041
48363,53,-0.04594998188623336,0.5640330532782891
48364,52,0.2563389122473768,0.7335929131423156
48365,40,0.04426222362062941,0.5714205144728456
48367,66,0.15046355333180175,0.8235716984005423
48369,58,-0.04319025989061783,0.7166988992474133
48375,32,0.14747800409526993,0.465756227387378
48376,45,-0.16020020112924369,0.7362196045222069
48377,33,0.031085441686878875,0.04040754861114736
48378,56,-0.0518809279274628,0.2514369289753903
48380,54,0.3453168335978102,0.6475700930559412
48387,46,-0.15631650423876045,0.3445953678438465
48388,39,0.08236989636025681,0.8170096259999591
48392,56,0.20518335924998726,0.5038430662148916
48394,50,-0.13838866756808507,0.6054624323508775
48398,30,-0.04915799491226679,0.6970308268259785
48403,69,0.1436599086237654,0.7271041831573367
48407,52,0.324469097301432,0.8637776151614078
48408,53,-0.24205905981763745,0.026927114095284834
48409,50,0.18484410343174468,0.7266442051623248
48416,46,-0.010588105212871866,0.31537005799759615
48419,38,-0.0243555331493309,0.32914758317933335
48424,45,-0.09325509548940436,8.607106342882999e-05
48425,50,0.030517345653064923,0.09743945036938872
48427,10,0.6406712458812525,
48428,50,0.16672273781015529,0.320234345983032
48429,45,-0.018105851632724546,0.7658408753355039
48431,62,-0.0364434096542088,0.3647957315609971
48434,57,-0.07373120958092143,0.031114123373984833
48439,30,0.000855351421675205,0.8110891608055935
48614,130,-0.20442940664181175,0.4485688902080309
48619,8,-0.771485259605512,
48640,122,0.10745336450679181,0.2568666680781338
48645,138,-0.045818146567566505,0.5875601384134563
48649,84,0.11677299217412897,0.3579505794304804
48653,63,-0.3498657082460708,
48662,11,-0.5881898425201241,
48663,11,-0.5050207036413238,
48667,26,-0.15208452582238827,
48668,32,0.22303347330705015,
48671,40,-0.049682937581215725,0.5165376324275402
48672,72,-0.07501901502998103,0.12173154626244395
48678,80,-0.006433194887168641,0.4352871566515685
48681,23,-0.13793086694343457,0.505680614097127
48684,40,-0.14265051176693874,0.6356861877827746
48703,37,-0.10001532670300403,0.03066369487335329
48704,42,-0.009256115379509152,0.6973482076291166
48705,48,-0.13116491949258074,0.3589251995385082
48708,31,-0.07395270254958819,0.002677733391549185
48709,34,-0.32620048467607304,0.4825927310566519
48711,43,-0.35812540215580946,0.4372245631583259
48712,33,0.08438714351095618,
48714,33,0.13371186644946662,0.39512716961952754
48715,40,-0.1233887200919425,0.5561273827358683
48720,31,0.39208964874915303,0.8840983269254304
48722,33,-0.05059963942167117,
48723,39,0.09200772922418032,0.6096462449412107
48732,41,-0.1828007194813927,0.9582764912710445
48737,20,-0.007370725970277099,
48738,15,-0.2718526661948621,0.002995736043156113
48739,15,0.22793002338531132,
48740,16,0.8318932609577785,
48743,11,-0.3038950307789179,
48744,13,-0.2499309088417978,
48746,16,0.7699697981358484,
48747,15,-0.13591619093836946,
48748,24,-0.20262701540903358,
48749,14,-0.3471370377918623,
48750,10,0.6500957767757638,
48751,10,-0.783512272267694,
48752,13,-0.19821762694241565,
48753,13,-0.2790859452557782,
48755,15,0.1430583793780658,0.6814561297579793
48757,16,0.13174712801444807,0.6488325614045912
48758,14,-0.8733998531383411,
48761,8,-0.019016466014482,
48768,33,0.4635755595409479,
48770,39,0.2681078197076859,
48771,37,-0.07902968292554687,0.2447816208039568
48777,82,-0.16551223836162998,0.40372429316046465
48823,37,0.10335744076054901,0.5473567339333492
48827,53,0.3578204488608931,0.6472484404769607
48828,12,-0.06369888458011728,
48829,20,0.39724197283066104,
48830,19,0.031115264661379212,
48839,7,0.6247648503466888,
48841,30,-0.5192788991790573,
48853,21,0.011035752061003469,0.38900323558957695
48854,21,-0.24274684669184288,0.11643271660149011
48862,39,-0.3636681660559972,0.32513576269809485
48869,42,0.648124854597899,
48870,24,0.5164889993020122,
48872,64,-0.25323519714503345,0.7656192861475388
48876,18,0.3639629492533057,
48878,15,-0.24181684193593378,
48881,19,-0.05116301363644644,
48883,53,-0.09714470614736608,0.6479445929542248
48895,155,-0.09763257389484586,0.3847719251742685
48899,33,-0.03688084633735722,0.6846862056379803
48903,13,0.13771342649199958,
48920,15,-0.4782150568982263,
48921,21,-0.4133538257508115,
48922,11,-0.8287501803626763,
48927,99,-0.11697255110952215,0.7412101158961151
48929,27,0.40006621543055854,
48930,1,nan,
48934,81,-0.16083119804693854,0.2905396192426194
48937,92,-0.22060213797219536,0.14784409926901018
48949,45,0.43379111623912653,
48951,78,0.12753141805530507,0.10484234703755443
48957,50,-0.0020933331554205893,0.2303897230071323
48965,38,-0.07823567912463476,0.023284541024409584
48981,48,-0.31274788074637305,0.6718700857154296
48986,111,-0.2330819283556708,0.3692705598328829
48990,37,0.1302484845718733,0.14137218632351314
48991,47,-0.15075385607810401,0.6754586205175857
48994,38,-0.41256466811145576,
48998,25,0.0882397790740658,
48999,21,-0.5479563706504385,
49002,17,0.19856165867091227,0.5772428066995883
49005,37,0.08337508367681944,0.8399499990857346
49009,28,0.42321723728649013,
49010,17,0.6480179653520115,
49014,21,0.6736251805946922,
49015,23,0.2502706526812502,
49017,19,-0.05476533463122546,
49019,17,0.38974012983917516,
49020,15,-0.1981596860782902,0.3987298872371149
49022,20,0.27914139692177015,
49029,16,0.14903469832741803,
49030,40,0.5605058740271043,0.571824441214642
49031,21,-0.14595727369275246,
49034,21,0.6739678356484353,
49115,19,0.2896499262802909,0.5669879639093806
49122,78,-0.2565441815802266,0.1828470459836546
49128,55,0.007130352837228743,0.1330193803829211
49136,33,0.5206903873878406,
49140,55,-0.03471306786033633,0.28843605367966074
49205,13,-0.3037192638387673,0.45845820239894236
49206,74,0.007780428126282058,0.5856848877760124
49207,73,0.2876268636323648,0.024453714169285226
49220,64,-0.048388748912921685,0.7423419058915935
49224,66,-0.10189846273528687,0.448297162369255
49226,66,-0.16250392536620858,1.4664696275363984e-12
49228,82,-0.16112235417127316,0.4750138783867677
49229,57,0.08667869361964138,0.22655116365352962
49231,36,-0.5450271341251763,0.31709075224913813
49233,95,-0.3075312640019071,0.5410905761767868
49240,41,0.26232591110774567,
49245,37,-0.3247817527822395,0.4770740986405043
49249,55,-0.09653023694498561,0.7122354503456018
49250,74,0.3143382260168033,0.5095469357667526
49251,54,0.11650769252401352,0.5789714751862436
49255,39,0.5044001707234287,
49256,53,0.19072091205799696,
49259,59,0.47833414193139323,
49264,17,0.740012670303332,
49269,25,-0.10348178547800573,
49298,1,nan,
49299,1,nan,
49301,39,0.18610177650689425,
49304,83,0.034314872746197225,0.35432620729450337
49307,40,-0.14315155335478205,
49315,49,-0.07465693495308154,0.5335240028341983
49318,24,-0.029202312937095822,0.5825333387439382
49322,17,-0.7234749877484487,0.07067549155414458
49330,45,-0.05907469180452163,
49331,34,0.4078215144497951,
49335,64,0.05193938093131747,0.445684753267624
49336,58,0.35941415246210423,0.9389308259677666
49355,55,-0.31681646076667436,0.44558366642398983
49371,67,-0.22993671803128,
49384,47,0.218933316087203,0.001955641573433379
49390,17,-0.40389107761753273,0.5724713266203005
49394,42,0.00548860879318435,0.6855721624019103
49416,26,-0.2582761575477704,0.24815855019924288
49419,8,-0.8603672757426332,
49422,9,-0.36185832259813666,
49424,14,0.3867605818726049,
49426,15,-0.37749257415108056,
49428,7,-0.7228933341387122,
49431,23,0.22952942828844247,
49432,36,-0.2894995546779178,0.7694159966934789
49436,64,0.07185905624656345,0.6456653099896787
49455,78,-0.15317943964590672,0.5788320439085368
49480,130,0.16930146815778102,0.168803981572768
49495,27,-0.09063541987109591,0.7447107288669834
49498,3,nan,
49500,39,-0.17246713112939666,
49513,31,0.043550146117177634,0.7785146572490002
49515,54,0.20320252202635122,0.025616350160793142
49517,36,0.38843413780943176,0.7711445730668488
49518,18,0.31408363618089663,8.464877055613932e-05
49519,15,-0.39232072373026644,
49522,20,-0.5505590921933031,
49524,38,0.03268457842786351,
49526,31,0.3623497130272486,
49527,18,-0.20377387835118838,0.7521808223405053
49533,28,-0.16813571951923179,
49537,32,0.3623597551135609,
49540,27,-0.13145297261334732,0.7338795638822937
49555,37,0.12751799272368256,
49563,33,-0.23549358546104265,0.42304126456673385
49568,30,-0.02817352193161979,0.708219409639673
49575,23,0.1173817946159811,2.4375077949853783e-07
49597,22,0.4029867359462292,
49602,29,0.10251479075875217,0.6704292665323298
49619,41,-0.18962109487974116,0.6167381465971652
49620,37,0.40983718702625904,0.36667718394456184
49621,27,0.12457272390187947,0.6774058254502981
49623,32,0.4056644892112997,0.7061904370767266
49624,41,0.2631035959465619,0.7821977021292055
49631,27,0.2564359434925659,0.2987473761405626
49632,1,nan,
49637,33,-0.27486615499959255,0.10939214330465215
49642,44,0.20061535598952107,0.5651752558335104
49648,44,0.07820402226436995,0.29845853195171157
49649,14,0.6933561150106509,
49650,37,0.3063341152009935,0.6834693086012268
49651,46,0.3503745770340045,0.42500221296539686
49653,25,0.33363229748932716,0.15746641010522403
49655,39,0.3850169373380686,
49658,30,0.06278796535582266,
49662,30,-0.009607198651873079,0.2571828934854184
49665,25,-0.03274455231956473,0.49565291083134366
49671,2,-1.0,
49675,34,-0.28336667122860815,0.3622947166376495
49676,34,-0.022958748117592732,0.7161835425047851
49678,49,0.20117553265245897,0.6206947425800071
49683,28,-0.022414496416504403,0.7268670729908968
49725,39,0.18895543804811846,0.7198546383940126
49727,48,-0.0178603240967372,0.23508143338971524
49729,59,-0.13425597558931376,0.7407703135028596
49738,49,-0.16529115519489057,4.036811633075169e-06
49754,18,0.131053273968389,0.02943972714574952
49759,14,-0.031326129542853576,
49762,26,0.21172444490020623,0.804584514917337
49778,4,0.4625210029015711,
49786,33,0.04129026635558096,0.26335639552189527
49791,88,-0.164124800514343,0.06797608681140101
49799,28,-0.24350145010062035,0.54424455247679
49830,65,0.1507841822328567,
49851,34,0.10397882730632604,0.44611706204695184
49852,22,0.5791279025299676,
49866,92,0.10391851079096116,
49869,63,0.011167905138288536,0.5812769250274372
49870,31,0.11264053084927136,0.32790150751254904
49871,47,0.04072107999332376,0.0003467928253461793
49874,119,0.1850629309164095,0.5416203786961297
49881,44,0.2998020836038524,
49888,122,0.1513512605160152,0.26779367641462776
49898,76,-0.1870151664465939,0.9498313602264858
49900,120,-0.22148859024564282,0.01550453329306132
49901,117,0.02494531478810997,0.3159066730341321
49902,81,-0.19724359612043801,0.045492132099465836
49913,32,0.5014166546983458,
49919,83,-0.25395359425839137,0.41215831276285764
49923,49,-0.3263022995432504,0.07584246085510098
49954,51,0.047225685388293144,0.00016985598763320832
49955,41,0.4225326635489358,0.5075848738176167
49960,40,-0.036135811114687735,
49961,45,0.07343049163087755,0.08971781596942262
49963,37,0.015450611956411581,
49964,61,-0.09320058955772668,0.45802820663865895
49965,42,-0.5897088943883979,0.6124163099393258
49966,41,0.1515644951653421,0.5403076896885273
49967,53,0.06329498042940418,0.0017316048653191643
49970,51,0.36648842390890457,
49972,105,-0.38494981252057964,0.593993024410606
49976,51,0.07725281825088988,
49979,41,0.26919732366330107,0.0005248719216919573
49980,13,-0.37162242197779,
50313,75,-0.085020386905567,0.3728647919120417
50314,60,0.09932685195045592,
50315,33,0.05446127430277229,0.6995215177783788
50317,16,0.31038813156375866,
50326,49,0.029430899736758446,0.09640804480744813
50327,22,0.3143061688965489,
50328,26,-0.08768325490538534,
50329,27,0.6633992338957322,
50343,59,-0.13194998918292142,0.6138971240841918
50367,54,0.027123846289267544,0.21856494600042406
50394,59,-0.15426004055647125,0.025943696060860617
50417,41,-0.03491838598157541,
50421,42,0.2085031248155367,0.7754109259932983
50441,49,0.21943884536686495,0.04400328689002221
50456,27,-0.17058924411013698,
50491,49,0.5609101262580135,
50498,36,0.4927586229572305,
50502,44,0.053748347979450696,0.5866358948779
50503,63,0.13170506188369518,0.20428376107516735
50504,19,0.6155507888463848,
50506,14,-0.498625845658508,
50509,22,-0.48951079197297376,
50621,129,0.303618835729015,0.030727660306142608
50640,2,nan,
50642,3,nan,
50643,3,nan,
50644,1,nan,
50654,101,-0.049658280638867625,0.769742614649725
50687,32,0.04036875239267978,0.6339598377911976
50688,16,0.42815701104231735,2.526440480533591e-06
50690,18,0.464606592931544,0.7273756225150303
50699,1,nan,
50708,34,0.1359311288681197,
50711,45,0.019032539640628957,
50713,80,0.09996183270365845,0.12376732302477736
50724,1,nan,
50729,59,-0.08871583459594269,0.47522055756562886
50733,28,0.41885479282867333,
50734,29,0.47160570838350263,
50736,84,0.08131917787565873,0.6211783442338916
50746,42,-0.07744391205102663,
50748,148,0.12951353186705677,0.5742162893101423
50750,60,0.006821441507769175,0.24405675670780974
50751,102,-0.016571005259311468,0.32489479611502936
50754,75,0.010232517511840325,0.4789676183986532
50756,135,0.08590253527788488,
50758,25,0.5176298919628415,
50764,62,0.02244722470869923,0.6679914872252442
50765,71,0.23630460366160652,0.8792741902723676
50766,16,-0.3716142199995082,
50770,1,nan,
50771,4,-0.3244325380284693,
50772,6,-0.7262451062087144,
50775,5,-0.9855637743289364,
50783,41,-0.12935436626232283,
50784,98,0.2077350931134237,0.47692159133211454
50786,72,-0.07038679949456557,0.0214280113788051
50793,135,-0.11645920485473749,0.1489744585533169
50807,16,0.5714222225643154,
50809,70,0.012876021045081886,0.010001838096058384
50810,8,-0.6558591352275805,
50817,28,0.24923340532825877,
50825,75,0.27225578938985906,0.4946232520900071
50826,93,-0.2087407950771887,0.5984787760077321
50827,92,-0.13882118559672812,0.3935084110450731
50832,104,-0.061218573017530066,0.7159104825656832
50848,94,-0.23380203648924466,0.7354371868055362
50851,89,-0.029812698088794328,0.00023855101236516996
50859,17,0.01620400896852065,
50862,105,0.0057370351438971135,0.23021483089609376
50863,77,-0.10696630943478706,0.4791001770441635
50868,95,-0.047767251768490254,0.29185614170111107
50876,74,-0.1512759278437392,0.21708755875770142
50905,12,0.388966405004283,0.08430901348878955
50906,25,0.08957447181829392,
50907,189,0.057886662069688,0.05443321865080538
50909,47,-0.29967001073034516,0.7939099173255809
50914,88,-0.23585889854224082,
50915,88,-0.2488317179514293,
50916,91,-0.10607086062995279,
50917,91,-0.022568967168202385,
50919,39,0.11217040530821924,
50922,45,0.28160449763581663,
50929,176,0.02503954258987299,0.2773157050404617
50948,40,-0.25957944158382157,0.6599141315489305
50949,89,-0.03152854127821053,0.7168153521324552
50951,176,-0.05720300402742235,0.18280804316227425
50953,95,0.048631599869728495,0.6596913115298775
50975,40,0.0257706008542574,0.38435756777425323
50976,24,0.2747431057323483,
50981,69,-0.32451791803553715,0.7709846839617296
50982,69,-0.11537421142704131,0.39900479961093394
50985,59,-0.012898112159143743,0.22376608742029827
50989,75,-0.04692241076204479,0.3498219447828811
50994,110,0.004993992761913802,0.431799373376874
50995,178,-0.016990357817307813,0.4427003750512022
50996,102,-0.13285329675182386,0.5914295307451909
50998,52,-0.0917791403932856,0.8661888606726427
50999,122,-0.18015473193347167,0.637655620759469
51000,70,-0.3061482151934853,
51001,73,-0.07071315843006733,0.7945564080107115
51005,26,0.5409206922478422,
51009,29,-0.11396989282901075,0.28473909106675693
51010,40,-0.340977916212957,
51012,100,-0.15050088231682443,0.5667176111270475
51020,30,0.06502131927971061,
51021,39,-0.23609863978957277,
51032,7,nan,
51039,37,-0.09328659542367383,0.0005411173858093174
51041,12,-0.44040436458237864,
51043,18,-0.581475931677735,0.3083286148140089
51044,12,-0.35503409273599107,
51046,10,-0.745887527910429,
51047,18,-0.366427238961908,
51053,54,-0.40482892733220643,0.48451334153502557
51059,9,0.17498585281269455,
51061,38,-0.15290610873163243,0.32937264173063246
51062,130,-0.08078415578249248,0.768445274362613
51063,17,0.46035455052781965,0.11398352191732779
51064,94,0.0118659980991546,0.3658988238514135
51065,21,0.22372287913788436,
51066,46,-0.02911223042104536,0.7226606500820347
51071,84,0.04490599538240234,0.6792468414430328
51073,22,0.04730643002251511,
51075,9,0.2835251399867478,
51077,24,-0.2623659234662783,0.21501167636551802
51078,90,-0.08887907362969688,0.5251308009637499
51087,44,0.20096943033644107,8.47647874890135e-08
51088,46,0.42587971841146227,0.35571319612474905
51093,48,-0.015114546347099819,0.5789208362671467
51097,19,0.44926557601491734,
51098,106,0.16692578074294168,0.2477382635389946
51100,52,-0.13390795049659876,0.5398542333601344
51104,150,-0.03408684087282201,0.48762003741694804
51105,47,0.025710911619538524,0.28997888309523184
51111,57,-0.4526461188992262,
51114,28,0.5467414036711585,
51119,53,-0.07066760868995077,0.2305897171012436
51125,21,0.2701779329191571,0.3742145627729318
51126,24,-0.4363126779062323,
51127,46,-0.22353475634175862,0.6296475730169955
51130,27,-0.2259149670957824,0.6448079999054955
51132,41,0.3851381822185301,
51142,26,0.6404288067798853,
51150,30,-0.1958398510367048,0.377007737599922
51156,154,0.058322137351884205,0.764824086732162
51178,26,-0.3348358573244736,
51179,64,0.2673083469439664,0.7410049091023897
51186,57,-0.12050469018094224,0.46724566975002
51190,61,0.06504072744557599,7.205013455604289e-05
51203,35,0.1271094293519714,0.06386385713237246
51233,40,0.01693620693792775,
51250,119,0.003415696565787911,0.43188164299025567
51255,48,0.2790514611688129,
51265,29,-0.15042539195832524,0.753531040873453
51276,28,-0.0037675107416058,
51279,104,-0.038997582327124775,0.4930866350579559
51280,61,0.5093180287314012,0.2870215100718317
51281,73,-0.19070783721130152,
51282,60,-0.17535081214668335,0.022883698137379515
51283,110,-0.0005914742810331111,0.06130084043499767
51287,27,0.15977955976788022,0.00038671877063258637
51289,45,-0.00020413034897332608,0.4591053005217314
51297,119,-0.13783819322273963,0.4716956094565038
51298,103,-0.2754965391386237,0.13265419739414305
51299,98,-0.34785228352134656,
51306,66,-0.022667956531009722,
51307,29,0.1699213087624399,0.5571206555326985
51353,19,0.23366605741332627,
51355,36,0.507300387847841,
51357,25,0.11251787762340468,
51362,28,0.28351360952911436,
51367,32,0.509541748743333,
51369,42,0.5487688775433622,
51371,35,-0.40105496840258786,0.42484358020766466
51394,69,-0.0726511106263925,0.003541718281167647
51396,91,-0.05520694446148649,0.65887130068324
51399,130,-0.2245730335784219,0.4823385513354953
51400,77,-0.12258432535084599,0.2540353480966373
51409,148,-0.030202597762095416,0.5106756218155902
51413,137,0.005359372085049758,0.18073526098044018
51416,69,-0.24581415820021854,0.0641681311161882
51425,84,-0.03449413449195985,
51429,137,-0.10132221309342089,0.05460582599219327
51433,72,-0.11525707728231618,0.27547243079507233
51435,70,-0.07455983427275722,0.5610365111482559
51436,62,-0.0824963581331541,0.4415166787248339
51439,60,-0.2076140689754555,0.5791785950127941
51440,137,-0.23945458861552565,0.7589691148634504
51441,63,-0.2511249908856677,0.22709337389321121
51442,69,0.07845204054695441,
51443,67,0.02780636253402624,3.240312175553394e-05
51444,64,0.012292427466757218,0.7525670060619638
51446,63,-0.07506171494022483,0.490187623065077
51448,81,0.10085600609010217,0.8142954383412407
51449,77,-0.01891197291636413,
51450,76,-0.058703039744193226,
51454,70,-0.02133129854351715,5.846312964135061e-10
51458,66,0.16342684424971685,0.5419250096347112
51463,25,-0.5075692801525585,
51464,31,-0.415726421685163,
51465,58,-0.029634376011778995,0.7399008302979974
51470,39,0.3305770567781127,
51483,20,-0.21768839491823008,0.556891778619272
51488,27,0.40073051570820467,0.6167814412485189
51493,39,0.5860018403531699,
51499,9,0.6667137936307079,
51500,13,-0.625400288897577,
51507,32,-0.1055231668440636,
51509,52,-0.47983868706025445,0.4076465951992849
51548,43,-0.14992285275118256,0.5240099972043455
51549,64,0.04133295346706309,0.40873269576834614
51553,10,-0.3411657272215403,
51554,8,0.2716722317397037,
51556,9,0.3331539659702283,
51565,46,0.05278794486826542,0.4658520095053149
51567,30,0.377035407607116,
51574,65,0.16189296147573232,
51605,1,nan,
51606,25,0.2731336029660355,
51626,41,-0.3198909214252842,
51628,40,0.47019794182788877,
51630,75,-0.11285928320454879,0.31692607447035936
51632,39,-0.16352519235167573,0.5395254872054853
51635,21,-0.03618761371034869,
51636,57,0.21386067834234293,0.4232826995825041
51638,55,0.14590081876340796,0.3905995371231722
51639,42,0.1885851747351251,
51651,30,-0.15421902018304737,0.07051342694100807
51653,27,-0.30003705834735817,0.7473656462161589
51658,27,-0.33100892761826745,0.8792768545432541
51660,21,0.0245266180381566,0.7629479980873939
51662,22,0.06270800122740892,
51666,31,0.24699486213354915,
51674,46,-0.18487441704900037,0.5441948689115499
51681,67,-0.005839866130862735,0.6941285372564625
51684,49,-0.244476392817492,0.05409414505878622
51685,35,0.21248641151560138,0.5531700859766231
51694,88,0.1096930691180873,0.7599436929785307
51705,38,0.04685881934914088,
51713,229,-0.08928184872586795,0.5796613199170313
51717,66,-0.05591212470709117,0.3968890714017723
51720,56,-0.20950587548638522,0.2747472746045804
51726,7,-0.4188311188926267,
51730,8,0.18561443134263525,
51731,6,-0.21544158053192203,
51738,34,0.19703403946535497,0.2290026475266765
51739,43,0.24988084740894412,0.37059165384324544
51740,30,0.22713256369788873,0.41599001691454773
51744,14,0.14318432690253033,0.12617217066437295
51746,49,0.09069387921800601,0.9229205137183129
51747,55,0.1163728302622668,0.5067738312362677
51748,46,-0.1222071416793961,
51751,26,-0.16298512106948232,0.5118653868493279
51756,52,-0.34096226801350393,0.2813483049570037
51759,20,0.08999941209744686,0.49726355527567756
51771,80,-0.12326605481675237,0.037998336648734476
51773,94,0.12108987961300814,0.28616475135612984
51775,66,0.0517722875676936,0.5858864373668411
51779,72,-0.1198093237336534,0.4254033895302475
51781,80,-0.2744745271431514,0.42632143443987014
51782,83,0.054835641330051955,0.6066625016668252
51786,85,0.08604303875312676,0.6207068376470202
51787,60,0.06587915112823192,0.012818238842101724
51789,89,0.03253921572509697,0.40540363146950775
51800,17,-0.20789966027755744,0.6048714707763656
51806,119,-0.07918762123126505,0.3943598047478061
51812,23,0.46413010388556286,
51815,34,0.20474871376159964,0.8834415885014855
51816,30,-0.45133987171284295,0.6575148713111412
51825,63,-0.3714817537015584,0.163024275773374
51827,52,0.2563431288421153,
51831,63,0.3122678701581721,0.7652995404075618
51841,43,-0.47062533951645713,
51847,1,nan,
51849,1,nan,
51853,24,-0.45379355598207766,
51855,30,-0.06790784979312008,0.9385836671294652
51864,44,0.07691719404302307,0.2958022827047747
51867,41,0.012787778787276726,0.1918180924855312
51871,2,-1.0,
51872,24,-0.45898608150575115,0.34885066849267704
51873,16,-0.2889311226581811,0.06288545635463941
51875,29,-0.40337873893801274,
51881,49,0.14365528467811675,0.7515608161680287
51882,32,-0.19679058183561166,
51884,33,-0.16009013542722064,0.5934313700511167
51887,53,-0.04126821353096322,
51892,16,0.0943573890932657,0.2970825440501048
51894,22,0.5468710192481984,0.597949523132748
51895,17,0.5667736777777471,
51896,18,0.39306397242280566,0.12877426822385163
51898,17,-0.32548934476691216,
51907,21,0.4085094232678549,0.06017251666363531
51909,82,-0.027976857254743005,0.8411398203526779
51915,21,0.18371196510531046,0.26231972790370717
51917,18,-0.3275328021164872,
51919,41,-0.025080115355042856,
51932,50,0.2625848752561591,0.2182078961483814
51933,35,0.2294856305796284,0.2082807996720642
51934,25,-0.27809029703425625,
51953,24,-0.2580781937874496,
51955,34,0.47661621989007075,
51958,23,-0.12733307277907546,0.5069543663367371
51959,17,0.008407782306450189,
51961,17,-0.35352244475915606,
51962,54,0.17089485995230347,0.1892241592689711
51966,43,-0.22371703606767665,0.04894384111462744
51967,23,0.65622947439771,
51974,10,nan,
51979,45,0.14331618183748765,0.09634163726482843
51981,35,0.09994996893498806,0.4078993519856182
51983,48,-0.021973932021600376,0.36847712776388536
51985,52,0.24472600587732035,0.0745772972778725
51991,52,0.09633248975193963,0.02043061212386682
51993,13,0.1632185454572538,0.5339361146819752
51994,19,0.02622694965120409,
51996,101,0.075607067395986,0.25777111736523045
52000,18,-0.14486870133975158,
52001,19,0.1213040362950687,0.007782104252033109
52002,9,0.6025027708689531,
64475,26,-0.02818458165943867,0.5085983924608302
64479,15,0.00899957345004723,
64481,20,-0.18979721917328016,
64482,17,0.41516064289118143,0.5445262415697933
64483,27,0.10383764162355281,
64485,13,0.4660606469198282,
64486,21,0.33093792056390425,
64488,24,0.07946335320129283,
64494,12,0.4875639536532852,
64496,20,0.32505829791456803,0.48342128650336547
64498,35,0.37624557771505096,0.5824160966863865
64499,12,0.1716370303414554,0.3788171265651696
64501,18,0.5586771868579639,0.00912237334765012
64503,20,0.6585657991943904,0.7634075564561177
64508,41,0.23073847945419518,
64511,33,-0.3281712828971346,
64526,26,-0.5813347906862585,
64533,1,nan,
64550,15,0.21832546988102255,
64553,21,0.5978756977572747,0.7430614426087017
64555,13,0.4332833948177022,0.825728947298719
64557,14,-0.39040362667546347,
64558,15,-0.3969118674206521,
64559,17,0.6695466632426806,0.23630269706893553
64560,12,-0.3844984751491723,0.0710709967152397
64562,18,0.2351106160097743,0.18913328329286622
64564,22,0.5792053918076097,0.5637631327034993
64569,30,-0.39560131532040066,
64574,67,0.33611197796768705,8.679203047412755e-06
64575,68,0.11759820638328458,0.7818898899095286
64576,63,-0.14615678887468248,0.44005846511960534
64590,93,0.019075013314742532,0.25513384726638894
64597,79,0.03390059400561062,0.3284738042644057
64607,77,0.13043775780239503,0.2731460855248623
64657,74,0.0478854849929627,0.25483568003560164
64690,87,0.421181282939971,
64795,70,0.09358695054149194,0.7898057333062529
64843,60,0.019890556890313972,
64844,11,-0.7064512495454665,
64846,25,0.289506190421891,
64848,52,-0.14166628265642653,0.376881296930497
64851,99,0.06320496686125858,0.15851696272823546
64855,64,0.22461112929541938,0.5520734646086844
64860,54,0.07135371291353823,0.6265810611709787
64861,24,-0.12014334417188047,0.000242703489169575
64872,61,0.23851763089545053,0.771961295406276
64888,49,0.013471948034729805,0.2785018193223694
64903,33,0.40537700666815313,
64904,36,0.39195752824321106,0.0012368193005579723
64906,35,0.28096120181945694,0.7143466861768175
65051,61,0.0696697043307555,0.6821035412172196
65052,62,0.06886572811455087,0.3673003175643277
65055,90,-0.09982428470094833,0.407410079309638
65065,21,-0.25130571491235904,0.8745095801767779
65068,10,-0.33511142107321945,
65076,9,0.3199586299423201,
65077,9,0.03788639930336874,
65096,9,0.1248154873521918,
65097,21,-0.12426224385173051,0.06093866499882912
65110,23,0.1739968480693325,
65117,65,-0.04549004317377878,0.6071798489640747
65119,45,-0.19301198285609933,0.4031630428891856
65124,16,0.04765077253988872,0.6773368165139462
65146,24,0.04115875936691151,0.7253835334350149
65148,21,-0.1878694054282392,0.6625195373664579
65150,32,0.10934055281884993,
65151,25,0.0913728785617947,0.7853964781476067
65152,14,0.5600086880441998,
65161,79,0.17227232809431614,0.262550822759031
65162,57,-0.1829751253426944,
65166,101,-0.09393466817438029,0.6742277791153823
65177,30,-0.14639382659443484,0.5146079690459195
65178,15,-0.058152941138829684,
65179,19,0.2097154857235214,
65181,16,0.4428594283924871,
65184,21,0.20145277359097416,
65189,21,0.18895181975171163,
65201,28,-0.1410868970814074,
65216,51,-0.07719395774390682,0.6356230333005539
65218,57,-0.04759493537022294,0.7700260109835517
65219,59,-0.0438991803932697,0.2399725360218899
65223,53,0.019231941579275026,0.8005758194733761
65226,125,-0.14680772594431948,0.3670809776282924
65252,76,-0.21974270184947317,0.28754998853828545
65255,18,-0.6381262286693111,
65257,3,nan,
65260,18,0.5992640895713892,
65261,60,0.12135180755661445,0.4368112102669238
65272,170,-0.17295291924330009,0.17935845490042998
65275,34,0.2489091022102978,
65897,37,0.15101827123366013,0.7086472919943771
65910,22,0.23513352704521778,
65911,36,0.41846575586633455,0.13689649487388555
65920,63,-0.3052169381605046,0.18655369466845262
65923,23,0.607331471729268,
65924,36,0.4354384456130949,
65931,68,0.1746378901488458,0.8717829102790743
65983,21,0.6798410150795571,
65985,13,0.16453375115264735,0.5520116484530928
65990,51,0.2684229865884921,0.666888148573703
65998,18,-0.23939490685639309,0.0001271639287474273
65999,17,-0.559312884599278,
66000,20,0.04358536908433323,0.08492268539355378
66001,19,-0.538109203307071,0.491680674756358
66002,17,-0.4276299102751677,0.525111611259834
66003,19,-0.28475798697954424,1.5217674989242853e-07
66005,17,0.12248617821680483,
66007,35,-0.19828273017514556,0.4416032076506341
66008,18,-0.3432259010142999,0.133971060365737
66011,25,-0.2048179195342883,0.564460853862507
66014,26,-0.3194969324148977,
66015,26,-0.2503371209001101,0.17207142074111717
66018,13,-0.3852897705029471,0.7018671275241815
66020,3,-0.9536040899125482,
66034,20,-0.0909042193026921,0.9156810985780878
66035,23,0.0029214824328967232,0.7469585006736371
66036,26,-0.3039060102786626,
66041,25,0.2173380251332652,0.5991476617649066
66044,26,-0.11062649270392978,
66045,23,0.6085377870220807,
66046,27,0.19313967896235748,
66056,32,0.16950766098302836,
66064,50,0.4823909928026777,
66070,18,0.10220869987253119,0.06188817495305438
66072,14,-0.2675541676286169,
66182,58,-0.33335331627224973,0.5958666448576713
66191,60,0.06076531869885885,
66194,92,-0.14643856666630264,
66198,27,-0.6646792351816176,0.7074417270038452
66206,27,0.11632821834101,0.061343392617109686
66211,21,0.4853873579857207,
66213,27,0.3087919239699526,
66224,30,0.11782410582702367,0.8067095796392593
66225,30,0.060938366506895936,0.7335543455544233
66227,31,0.020113692376204365,0.4798512893434683
66228,27,0.04975505739984397,0.5146046701593543
66234,65,-0.01410778589773912,0.4437035808185811
66237,44,-0.13588026686271568,0.32380483026367135
66252,56,-0.12865966017751318,0.20710645853573237
66253,30,0.09058102252525702,0.24600611276394235
66257,42,-0.0312424427887831,0.505996110283243
66258,26,-0.5062730439813892,0.42731702740509886
66259,47,0.17660702578615434,0.06609126884722938
66263,23,0.19455306445000256,0.11820222828864894
66264,15,0.4046710757342351,
66265,33,0.2330814650793841,0.0375932467049565
66276,47,-0.22695283500973665,0.718051426299461
66280,39,-0.06698066635439927,
66281,37,0.32084854529673773,
66284,31,0.48771320410703334,
66287,35,0.2433569765968737,
66288,37,0.5641903373777433,
66291,34,-0.31505041611339546,
66293,87,0.17494105718359143,0.482534369650122
66301,25,0.5783881519090451,
66304,55,-0.11043999776293,0.6133515735400707
66306,2,1.0,
66321,27,0.46722962693835746,
66327,40,0.4557478787260926,0.04760357984062185
66344,68,-0.3710075912750492,0.3465938322781929
66355,26,0.056427169716798155,0.18128570135807426
66360,24,-0.02013799179749235,
66372,19,-0.10435724291046264,2.5294343879383574e-12
66373,21,-0.2723183291313222,0.7594923112204686
66385,17,0.837492997556028,
66387,18,-0.5615746550798498,0.7746836874965763
66388,18,0.23370954167918695,
66394,21,-0.1974161550781477,0.508826774744966
66395,24,0.0006325562547619743,0.07502178622719924
66396,14,0.48945233607243677,
66397,23,-0.30904002438558525,
66399,27,-0.5216929891262759,0.2252438702451311
66401,87,0.047005900703142846,0.11867467280750775
66406,19,0.5712284493051076,
66416,88,-0.10606307840719545,0.36541994383426823
66463,127,0.1971869147347876,0.45352645524001123
66467,99,0.019950787565517235,0.28208638153262755
66470,81,-0.020227924924036154,0.07544374341811316
66471,96,0.13404782220124462,0.2946019854220301
66473,36,-0.16759944527907256,0.6915520102728038
66476,29,-0.41330457637342455,0.6220701361931359
66479,37,0.19669523933611444,6.561533199427266e-09
66480,62,0.1973768162896835,0.5508909497448499
66481,40,-0.06542794823638617,0.7581958363292586
70633,50,0.02558087673226728,0.5679623012079096
70635,141,0.15121711720137868,0.6552951570818846
70657,51,-0.28020984545417515,0.9377431866051535
70661,43,0.12195622397912123,0.8243824954959749
70666,1,nan,
70667,1,nan,
70668,184,-0.025837796965534055,0.23783036195750992
70674,39,0.3243919431857382,0.008724599519981679
70683,90,-0.3078192794824922,0.5499585510145197
70695,72,0.07024098541859765,0.7304194061075486
70698,150,-0.053747359705068075,0.2867664138963949
70699,184,-0.0013134661428510534,0.18770509340774355
70700,189,-0.005021707817333212,0.6496754591890133
70704,173,-0.09020239914734716,0.41874708631458546
70713,61,-0.10658295777791599,0.008095796419691968
70714,63,-0.2848392089387451,0.566154216180436
70716,79,-0.06446480647387247,0.1484564102160229
70717,74,-0.02918368384923409,0.6168455590809532
70737,37,-0.24389819335657653,
70745,21,-0.34810988847161295,
70749,35,0.244094995897662,
70754,31,0.5311697841960995,
70759,51,-0.10234381670173799,0.3369081754594573
70766,71,-0.12974526017694538,0.6413222557576408
70769,43,0.008625787828623563,0.04456128980011892
70770,31,-0.1822410915124985,0.058157587620639974
70773,1,nan,
70775,94,-0.04060057518837109,0.47302760135215416
70784,25,0.296301596050456,0.5629856774831898
70785,22,0.7113800574379494,
70791,29,-0.10771312668422539,0.6191954727512257
70792,83,-0.10638360013059013,0.11928001079264786
70823,24,-0.6805386322712644,
70827,51,-0.2865367446734882,0.4520237547886783
70829,36,-0.44810348704714187,0.11269388244801595
70835,32,-0.145932044491913,0.9348850175238286
70851,102,0.03701136717551685,0.6493756511883277
70863,18,-0.40589367499540047,0.40570198280130654
70865,55,0.13984797850565373,0.3130705980069408
70866,69,0.1590077204792389,0.4384576434460835
70869,115,-0.04588255705133266,0.4221327806435424
70870,50,-0.21940879566210203,0.4275043629771912
70871,104,-0.23284791244782263,0.7030889925457156
70873,133,-0.012599083106080175,0.1590574589807326
70874,117,-0.06761363462986072,0.04418534889651476
70882,73,-0.2551741110696634,0.33134356409689536
70889,15,-0.555332923743437,
70890,61,-0.01041777229458286,0.37652333228322166
70891,21,-0.056101174390142075,0.03232557466848469
70899,24,0.3073061964126439,
70917,23,-0.2800090009075055,
70921,43,0.2566203674936076,0.05384670684355623
70922,58,0.47337698766295355,0.4911624240579796
70924,25,0.5734416843855549,
70925,62,-0.15645743588597835,0.06459730922333427
70926,69,0.31742649505868886,0.5617718072558506
70928,73,0.23293336846719723,0.5496093460854041
70929,39,0.26359719938256754,0.9273849311262291
70934,51,0.349464746973054,
70936,11,0.12955267686223643,0.698463160695755
70937,12,0.3401504252750655,
70941,73,-0.1264739176238364,0.35489216147736535
70945,52,-0.07489733399187615,
70947,17,0.1621650716309319,0.6046855978789725
70950,24,-0.05854336211176059,
70953,21,-0.37794575011881915,
70957,12,0.05853811284540789,
70960,166,0.05587398404530306,0.5767676590289887
70965,89,-0.10855521283441312,0.4107507546117447
71022,12,-0.13419469311868346,
71032,54,0.0012942548788982728,
71035,27,0.4352276933324328,0.061730514976640255
71038,48,-0.04786413669524669,0.4783258744319535
71039,49,-0.16229483372762152,0.4778201948473265
71057,62,0.004970627901732158,0.2694148734538189
71067,64,0.3943263282930564,0.0804214734857929
71071,40,-0.026343690529326644,0.6097873311655437
71078,25,0.5221843091803262,
71079,62,0.15292463082668672,
71080,33,0.038048313211369506,
71083,22,0.5762818486537846,
71085,25,0.09967523873921871,
71086,37,0.44549342829491373,
71092,46,0.08193375614784698,
71099,65,-0.03552657252319766,0.9136815368313311
71105,177,-0.0868796296352484,0.16612850134077828
71118,13,-0.0819216015611826,0.6103445772283831
71125,136,0.07405234052387483,0.2667852518479635
71129,23,-0.3611775960162032,
71130,17,0.011931967523599726,
71132,20,0.2713137410969071,
71139,150,-0.1342732161339688,0.8726225809096773
71168,103,-0.06608651537141931,0.1253768178493997
71178,84,0.1476834640929211,0.37796230307132106
71189,19,0.1981121183939867,0.6491964053134548
71211,19,-0.06015839962288688,0.7759044751779366
71212,23,-0.344290408501211,0.2834617221297844
71213,25,0.3545154415171352,0.46206009300464307
71214,15,0.45180760886318333,
71215,14,-0.10567945876505046,0.5330369144900231
71219,25,0.3113934742020231,0.21992981865110786
71221,15,0.34740631538298733,0.337653353948834
71222,14,0.2298413350543712,0.7543826948525935
71224,17,0.5085887488366471,
71225,16,0.08387101749829319,
71227,15,0.6079635827436324,
71228,22,0.1535083774685597,0.046581540379280875
71229,17,0.35745065929176,
71231,17,-0.22611739636548456,
71235,17,0.23270054567973936,0.007382158240125089
71236,20,-0.254785633495329,0.2655439083068665
71237,23,0.5461644238334332,
71238,18,0.009082585749152635,
71240,25,0.6056478140722407,
71243,16,0.24650718345028516,0.18209464197476405
71244,16,0.41515350678991325,
71246,12,0.5839979118232647,0.7659913943814728
71250,19,-0.1923545463359533,
71251,18,0.2934589070354715,0.19332698428721068
71252,17,0.23638858556924144,0.8285465473766194
71253,23,0.10988023583040528,
71255,15,-0.38940843064132136,
71261,49,-0.04855587426413024,0.2083766679623967
71263,19,-0.12697854681768886,
71265,44,0.08915491635208884,0.8620534640864919
71266,39,-0.0777161453690623,
71271,133,0.09266184886680841,0.15332984728681306
71274,119,0.00021433736002093336,0.7286901799941423
71275,126,-0.036496001799360404,0.58623008992663
71281,153,-0.12589635255510281,0.6938274953902472
71293,71,0.13600394766533913,0.7778828634765013
71297,72,0.15728961003511818,0.39619649106043453
71305,137,-0.0957275755551619,0.719874836411037
71313,103,-0.00942155010706293,0.39391797243562643
71318,93,0.184641361330054,0.594639890928093
71320,121,-0.09629114380959872,0.051700644678167505
71322,91,0.24457828058092929,0.6084663725008053
71326,129,-0.13519095043945634,0.0026255359533900657
71327,114,-0.02202849509075613,0.6768830455008783
71331,103,0.07256949143042737,
71344,46,-0.4404091262864216,0.025871558448265043
71345,2,1.0,
71346,10,-0.24348416162869882,
71348,19,-0.038170560720593244,0.36487703179122394
71349,21,-0.3115732642745229,0.5330816052751166
71352,15,-0.2466959946793527,0.48544654513563923
71356,20,-0.3745136483175801,0.025602042293999334
71358,10,-0.9349721093265343,
71359,22,0.11039072784689496,
71362,19,-0.07697873442581546,
71363,25,0.10238178413056062,0.4220025829713434
71368,21,0.02205767928716013,0.746152151781455
71374,8,-0.6287613855243028,
71375,19,-0.13355592572466798,0.07174621932765757
71376,31,-0.20208837917823871,0.27582639893502686
71377,21,-0.24537672138440852,4.843326626714847e-05
71378,43,0.4541249089484818,0.6640945941119166
71425,26,-0.056768735160951544,0.5818854290039406
71426,41,0.09656344708109135,0.46320356969654475
71428,27,0.09023324007303068,0.8588412074461941
71430,28,-0.26184892662331616,0.14607160143976908
71444,9,0.2379339050542521,
71448,24,-0.03345578935025317,
71458,29,0.5228454934684327,0.4879810656822118
71459,61,-0.394769148832591,0.2903873869700734
71460,36,0.45102249205863354,0.8626384526155705
71471,19,0.275864653620352,
71480,37,0.27187548102954134,
71491,6,0.4106963556432461,
71494,32,0.2627326246629885,0.6373000257681479
71495,31,0.05145384962375436,0.4308786351345234
71498,58,-0.06156923265818356,0.2889654567133111
71499,24,-0.20990431727904002,0.10807876775563284
71501,23,-0.42008153354536226,0.010987053337647112
71503,76,-0.13009265742164355,0.35182734592522025
71505,37,0.08274367012527632,0.5242437836569259
71508,37,0.36561025276973086,0.23698687202040977
71519,19,0.8606371029743959,
71578,26,-0.45754313443893835,
71586,20,-0.25084772053631027,
71587,16,-0.14680479657474246,
71595,58,0.07198187356989887,0.8981027070973802
71600,271,-0.03970864192440252,0.14542685269564282
71605,90,-0.15856790266673543,0.546323374083423
71695,59,0.24879003534943653,0.004207467257205111
71724,11,-0.8908525488242635,
71728,9,-0.0493320559202172,
71729,14,0.0028012592489412864,0.20230161057459073
71731,12,0.0920571502924905,0.20751910259562845
71732,15,-0.5444961444559797,0.44946128387945206
71733,22,-0.2145682614789093,0.34791102677181573
71734,12,-0.10103557630012,0.48315935147712896
71735,13,0.4111262670053043,
71736,18,0.3623967138584369,0.24008444190177386
71737,15,0.28896063740917916,0.5122940815608732
71738,13,0.06868110246942012,0.014046601393376096
71745,46,0.34923393693117094,0.7348637363351946
71750,44,0.28114609409683167,0.3596674326284388
71751,24,0.20522641258226829,0.6359561807137337
71752,37,0.3273541945752125,0.6204577057847556
71757,25,0.04527979181170449,0.19425010595568548
71762,33,0.15470938855600375,0.6672052457626416
71763,29,0.01733729575163506,0.4541598568565575
71765,26,0.32382838403147307,0.4975912756201526
71768,31,0.21981758250676078,0.07589823026209777
71771,48,-0.03048580390037717,0.5975874711869078
71772,35,-0.22834139946161372,0.1633521033891458
71773,53,-0.11722673422400334,0.0013494250151202046
71776,26,0.16146762454111468,0.8981236178252259
71777,44,0.20905887605440782,0.6396427751481266
71778,44,0.08966223805937114,0.38748540012737187
71780,25,-0.2077242227564091,0.5603760009893438
71781,24,-0.1624043161896116,0.663147634764421
71785,23,0.0012125764840777882,
71786,35,0.038870733050570705,0.02016869061374985
71788,46,-0.07639527759395941,1.4565828305897597e-05
71789,22,0.2549404191755148,0.0003009239601641313
71792,32,-0.1754254252417654,0.048789191256741964
71795,21,-0.29976898735516067,0.2637391171390711
71803,115,-0.09356740893263528,0.8104445289105848
71907,30,0.3154291035313022,
71911,24,0.4176975951364777,
71913,29,0.5706482531159867,
71914,35,0.47161313734701765,0.7102433609630472
71915,11,-0.8154599108789713,
71919,234,0.05261296976084981,0.5687433399658341
71921,214,-0.05062737915353195,0.28299176418519395
71925,211,0.031727326996916806,0.2070376052997581
71926,224,0.0735754844658733,0.046929045881425054
71995,204,0.07582996045727212,0.2375092272461482
71996,202,-0.05118814591102529,0.009681382402953673
72008,146,0.027303432508523042,0.32374965134143907
72010,97,0.032711831539607675,0.3809248306875397
72011,121,-0.04084267450612953,0.4278788153064418
72014,65,0.35782782417032083,0.4303455877407609
72015,33,0.020654839635496944,0.5670001020502149
72030,71,-0.2622345256339434,0.30970467609879243
72032,54,0.21306989741938626,0.008102799665187913
72047,104,-0.05871143365210199,0.016986771514009603
72048,25,0.4948975046249672,
72049,21,0.10445476300719213,
72052,4,nan,
72054,8,0.19766815743466268,
72058,5,-0.6949065002753934,
72061,63,-0.4765165513279298,0.438697220623954
72073,53,-0.03989284458586457,0.012419082379502998
72078,29,-0.34586093180475036,0.14732316054696865
72093,76,-0.26004182348861227,0.6088880410595866
72099,58,0.025582970391612996,0.8742481471372392
72103,34,-0.06700500595358166,0.11302681917857058
72157,45,0.2126104891727635,
72158,34,0.236584816187983,
72160,35,0.18967933460325231,
72163,79,-0.07971951701495408,0.6097499918771226
72169,73,-0.09070127369547683,0.6396515398656728
72172,114,0.037014110125081295,0.41593349476206554
72174,88,-0.13378079271473298,0.24922558013909657
72184,15,0.11326605877340089,
72194,45,-0.01735123535105336,
72207,82,0.00639673615191593,0.46887052954328656
72215,38,0.03471113573923653,0.5128484963932564
72222,38,0.0566968721075908,
72223,31,0.1344107807021126,
72236,23,0.44825999696272156,
72238,17,-0.8124691331468751,
72242,47,0.17928102713274915,0.5268575224282097
72243,57,-0.0460369527443655,
72255,22,-0.362611294898417,
72362,65,0.2742954201129252,
72364,95,0.09983578581039539,
72368,35,0.06406923164402943,0.4979551022538852
72371,37,0.2246594167691894,
72373,19,-0.18714547021442723,
72374,37,0.30191661815848114,
72376,27,-0.08264385704975652,
72378,38,-0.255263784243475,
72379,29,-0.10539250258512307,
72380,35,0.022050918200103038,
72381,45,0.3649925053401494,0.6393839398767753
72385,35,0.12979936280737214,
72386,57,0.470034589004146,0.685637061366094
72414,82,-0.19736992733661363,0.7111246651231233
72415,32,0.4939800580527473,
72416,32,0.5049092467644558,
72418,17,-0.40858348800493166,
72420,96,-0.20223481471252527,0.4412878362076157
72456,46,0.1200077706964937,0.4485475617933973
72476,97,0.11378114722360541,0.425546935391112
72487,129,0.019002493855607355,0.8143666671702742
72489,58,0.18719484410854345,
72491,47,0.1706477754967653,
72494,62,0.18252982492597483,
72499,79,0.0886071751686671,0.44899159381609854
72500,55,0.3459777947028264,0.8371566203802094
72501,36,0.2263551295549034,
72507,30,-0.26602358590543074,
72509,46,-0.5188512953830632,0.33308985382329914
72512,26,-0.46503429112193756,0.5483930172244418
72513,30,-0.045450559667719916,
72514,27,0.0009288272390565808,
72517,40,-0.11779272210340694,0.7715230426414414
72518,18,0.5963730217397926,
72520,36,-0.04527523255820783,0.14361862992306798
72544,22,0.6219041353876136,
72560,45,0.08078600991702328,0.5752967210382554
72562,52,0.20523914087525733,
72563,53,-0.03556304835978154,4.272697153579189e-05
72581,43,-0.2802272824314088,
72584,44,0.3622482977423797,0.0001878771414471921
72585,36,0.40961696575062057,
72620,23,0.5083308214047221,0.6489471401200764
72630,17,0.15605562272179588,
72651,43,0.11116803742837417,
72652,15,0.3125348727985718,
72654,16,-0.5588693126591303,
72656,19,-0.6226295855843197,0.6181965210524927
72658,32,0.2013689022551591,
72659,34,-0.5861426884058154,
72660,36,-0.22423443903233983,
72662,15,0.1618023813448911,
72664,30,-0.44773447967037205,
72665,24,-0.2196155226133604,0.09013294250835084
72666,40,0.11050465038233252,0.3832779958603346
72667,31,0.03603794260707457,
72669,20,-0.6907423965717463,
72670,38,-0.3707586305408961,0.4609487029727716
72672,27,0.025417589526078543,
72675,36,-0.10199892338026945,
72678,23,-0.10158825937051252,
72679,29,-0.1258707676712047,0.56787294027865
72683,25,-0.087124172015904,
72688,22,0.2567516148088184,0.46626249743932235
72690,32,0.06813617545690047,0.5221743053806945
72691,38,0.0026104361009945303,
72692,32,-0.1908443112309057,0.38374175699423385
72693,33,-0.36667905537022444,0.6296612793062608
72696,23,-0.7849752805717717,
72699,48,-0.0856038597582503,0.48531712226310564
72701,21,-0.21758679222241703,
72704,16,0.18569874532586136,
72710,30,-0.161099689997932,0.359342174305168
72711,21,0.025781788960440425,0.728215190230066
72715,23,0.1155373841683921,0.8098388934394962
72717,32,-0.5741610641184371,
72718,34,-0.20319969005780483,0.5256737538199507
72723,34,-0.032274508776220096,
72724,22,0.18845413143720133,0.060519615225099764
72725,38,-0.10009124530430825,0.5800991230051946
72727,20,-0.36316459782262617,0.07933266669765052
72729,42,-0.39029943906903064,
72731,36,-0.008583549442263404,0.16838148365437064
72732,23,0.6401732114856216,
72733,31,-0.30469905040510126,
72736,28,-0.16209198599991048,0.6316456195644875
72737,25,-0.29666716396242304,0.12038614276009113
72739,27,-0.07711669290518709,0.626745741301566
72740,35,-0.37104644531319286,
72741,34,-0.4282084324458283,
72742,25,-0.31006138709576175,
72743,28,-0.5167556098127857,
72745,39,-0.39629435551926273,0.4737447191151084
72747,33,-0.30091792006317664,
72748,28,-0.23525724181710977,
72750,21,0.01654641655857876,
72754,24,-0.574863138930692,0.686376918847073
72756,18,-0.7392885652657558,
72758,38,-0.5291597938209847,
72759,28,-0.30339293920931515,0.2051516885576767
72760,26,0.04124593207345893,0.5437724191098996
72762,53,-0.2767357190784457,
72769,31,-0.4492330892187297,0.17098506973820535
72770,29,0.39688809059552066,0.7454785174553189
72771,17,-0.6035986930806433,
72774,25,-0.03067575177513793,
72775,27,-0.3204464738959111,0.6507177812827662
72776,33,-0.0522984733551695,
72777,25,-0.3287840537890448,
72778,34,-0.4306521692048528,0.012792733875745237
72783,31,-0.6141436000707919,
72784,31,-0.08871159054832614,0.32920565355734477
72789,22,-0.2806902752881186,
72791,24,-0.5005538681341951,
72794,34,-0.8159115197832005,
72796,39,-0.04748331873753177,0.30531597040127645
72805,32,-0.22364499505900723,0.6463229546566827
72806,23,-0.7499889908245215,
72811,30,-0.3518056137223228,0.9457950880623687
72817,16,-0.4344489631403241,
72818,22,0.31370795193213324,
72820,21,-0.5874599319540447,
72823,24,0.39176979502397924,
72827,22,0.2134468884321638,0.9108514193480792
72828,22,0.3145200368795295,
72829,23,0.22280844303217556,
72830,15,0.3439102786143934,
72832,24,0.2536731844248035,
72833,20,0.47903857989570053,0.5368407398377608
72835,38,0.689737639423068,0.6845245478948534
72838,21,0.6383194297748754,0.17707592083490217
72839,13,-0.5982856093654534,
72840,20,-0.007200363016947437,
72841,25,0.1122855533910887,
72842,24,0.6062087284996448,
72844,14,0.10913607742424214,
72845,27,-0.17086152810356003,0.5579858386555496
72846,17,-0.21486245857830646,
72850,90,0.11631481888930839,0.18783380429998378
72851,101,-0.19146207821820918,0.230489542775798
72854,41,-0.09726032727893409,0.6903062655582025
72856,69,-0.06257447099890316,0.4271761053695634
72857,60,0.1461015469208344,
72859,66,-0.2648454663221336,
72861,1,nan,
72863,1,nan,
72864,1,nan,
72866,4,-0.633495053297113,
72881,27,0.47298658356336853,0.5040726726097724
72987,17,-0.14423639719347453,
73003,192,-0.0003847662351067636,0.17380718767157138
73007,33,-0.0807935336279915,0.0017767400412490692
73014,57,-0.03306011030987482,0.0355750188850021
73015,75,-0.13007617575339225,0.3489254747757741
73017,32,-0.09099843332072376,0.5384729525294114
73021,23,-0.00912849575624048,
73023,55,0.2153473069416742,
73051,14,0.7628651957479728,
73052,4,-0.9775409517877587,
73142,40,0.13581997913264107,0.6128728853577796
73193,50,0.0728839332143249,0.6698130881924415
73194,46,-0.26401865194011204,0.01151616312258719
73202,40,-0.04297342361233265,0.01200806014654969
73204,13,-0.25494774026092404,
73207,32,-0.343135454355856,0.3999697758564525
73222,88,-0.2084097122312171,
73223,88,-0.23982552066962373,
73224,91,-0.054167402998923614,
73225,85,-0.13695437711101943,
73232,29,-0.2644309521234358,0.71568223875797
73236,41,0.39857846740013614,0.8077821015402594
73238,73,-0.3422570973978012,0.19963427971900946
73241,54,-0.34941045182654323,0.825489871089434
73244,68,0.2337575002695508,0.16746245698232115
73245,32,-0.2920498528119916,0.4809075484895566
73248,27,-0.006786596998726355,0.43391099009005163
73250,82,-0.015449352043203777,0.22149766304637483
73251,75,-0.15062557754790507,0.14978949710383352
73253,68,0.1774311746969807,0.6850925247576289
73256,39,0.2959648053351922,0.7893831190275464
73257,51,0.24513488468489195,0.6082881740985899
73259,51,-0.14799761944900658,0.8039786458606886
73270,46,-0.05784079924850327,0.7360490238565524
73272,51,-0.05973744933195415,
73273,54,0.22109864606769805,0.3496011221169668
73277,16,-0.26302966377470155,
73279,52,0.07380160656172048,0.8310235983225236
73292,89,0.02358625083574208,0.23237785611148443
73320,79,0.2302777247608223,0.6739128828044563
73692,43,-0.346193075186158,
73693,42,0.1644878225131073,
73694,93,0.17609847636504686,0.18257730688896467
73695,38,-0.07923959031576766,
73754,117,-0.07757215919978931,0.02974068688996591
73757,37,-0.4623099623994053,
73758,16,-0.7063547429467046,
73759,40,-0.07336457518970674,0.35634167418751117
73761,26,0.44042054075365006,
73762,5,0.28605350159327503,
73769,66,-0.01847668874596206,0.7555454219609435
73770,11,-0.4029976311120853,
73771,26,0.25754544027140375,0.4092413709167309
73773,32,-0.14332293362610538,0.4644039893821271
73781,36,-0.2785011145610292,
73784,67,0.12497967924384029,0.24355808399714202
73786,8,-0.7106309537866459,
73810,70,-0.0037682525577328444,0.5487870107125079
73811,47,0.0855614758047118,0.662947071286351
73813,49,0.17747583603451456,0.5765391213265636
73815,125,0.0453413994792203,0.500599547371003
73819,109,-0.0987579192243382,0.8612409206795301
73826,33,0.37368215945202454,0.5588088977826302
73828,57,-0.10605078242078186,0.4488810257685002
73829,51,0.0507201333135713,0.1311118686632364
73831,52,-0.41031368408984675,0.49561235840534856
73833,68,-0.360197017066125,0.11288499680464255
73834,97,0.00503080093436776,0.48385324821348374
73845,64,-0.031319544789631025,0.09907559914475138
73856,56,-0.04371564674290361,0.6502794258938392
73861,65,0.1702795929496706,0.35074209567360065
73865,62,-0.18387107919929374,0.3049549543179034
73866,46,0.0698239238764808,0.729239637914225
73868,62,0.21011053116311437,0.5870948422414344
73876,95,-0.2169568419559544,0.2978957784834552
73881,49,0.11998926558493953,0.0639867029645724
73882,68,-0.06490282175462374,0.13771966755059403
73889,96,0.021755703880688954,0.28618608105270943
73890,50,0.3751359497404565,0.23386270323020064
73891,68,-0.060185228542446664,0.05662414719508648
73893,64,0.14947278500579353,0.045765035146996036
73896,58,0.27320123085702125,0.3016277112900381
73906,31,0.21409186147490722,0.09069496809557769
73911,52,0.05379158171327025,0.35365390166202454
73912,36,0.19371143952258515,0.6331620310903647
73914,68,-0.02074580844281341,0.39026269726444107
73916,37,-0.009563118257582498,0.653693805041599
73919,29,-0.012221711300691699,0.023127429106938692
73920,33,-0.2426214214362076,0.15892382709383845
73921,35,0.2887442008536165,0.6400149131185728
73922,40,0.07616950754015994,0.38671757965803966
73926,48,-0.17591271959845883,0.09916919636480367
73927,21,0.3851267109666436,0.3757286245709718
73928,43,0.005697381866120813,0.49883584153681393
73931,49,-0.11307551041385104,0.0822214340040538
73934,29,0.22767682069444176,0.5197119634318749
73936,58,0.2825890205548818,0.09787849630692307
73940,36,-0.13122692114176038,0.6345353777069649
73942,29,0.14899726981229366,0.019809172584004945
73945,29,0.11929311788284312,0.6567316699503398
73947,41,-0.2609134469888925,0.36807608163346195
73948,30,-0.4834825847782594,0.524173021107722
73949,51,-0.024884569563522647,0.25390258777023844
73950,34,0.08522799065562338,0.31024277291714375
73951,28,-0.022612226344446602,0.006140444010030347
73953,28,-0.13853886553816175,0.758123332145306
73954,30,-0.06323264027694447,0.3081791378920113
73957,29,0.16141549262725177,0.6533587118630868
73959,30,-0.11523090424311998,0.6458656090396813
73960,43,-0.18485428490171651,0.10571715794263452
73962,39,-0.10344787340169075,0.28248826043891384
73969,42,0.22146214026310837,0.06244061235043899
73970,28,-0.058719141621599705,0.6855702062612801
73973,26,-0.1282030337402273,
73981,12,0.2957118441013447,
73982,21,-0.33303907833749796,
73990,35,0.04732362363314741,0.21508988646578162
73997,44,-0.14684812554770776,0.13230807092507232
73999,61,0.09915388746041037,0.6180853687189398
74001,35,-0.0016930083387916317,0.2820562283753943
74002,38,-0.3651251383698395,0.21983961550944206
74006,32,-0.25865865095896146,0.19699167020267727
74008,41,0.18968512554235784,0.2573133476791723
74010,29,-0.09210045118371533,0.18608222827563417
74012,42,-0.07710014756836464,0.3289670674537586
74013,34,0.12765829283995223,0.8663710058957727
74014,38,0.01742595697406745,0.7536451371007513
74015,33,-0.14211898773806372,0.30503324862239484
74016,47,0.33534237895713337,0.18016878107996095
74019,32,-0.07142798811964958,0.7714326646649747
74022,45,-0.09368959829639642,0.2968287493377292
74024,33,-0.6839921542852592,0.5295143235577526
74025,42,0.16827252004720378,0.012976209681706067
74030,45,-0.14475029602983697,0.12333607601787566
74031,29,-0.09374730634451632,0.5017780205981776
74032,37,0.3967682093740013,0.5450567435680387
74033,26,0.5274773027709021,0.18090491259255795
74034,33,-0.09307127218070824,0.7695353185461427
74035,33,-0.03611100186543811,0.7024626475136773
74036,44,0.15904926797130806,0.20526184804204106
74039,30,-0.24099094488518083,0.7594581946374841
74040,30,0.5664348417084407,0.32091504013248395
74041,43,-0.02521160742935981,0.12885146944536216
74042,39,0.07573404413248755,0.04313623366342608
74043,29,-0.04018717182380007,0.5500942147323579
74045,41,-0.22239211883333382,0.15974053703951377
74047,26,-0.21985423751085012,0.0001794635484653909
74048,31,0.41191154940918606,
74052,34,-0.18382037522667247,0.7506850020574293
74054,27,-0.07770033391068926,0.23478510412891773
74055,23,0.18801237717193978,0.6716481290658245
74056,15,-0.057411710211552815,
74057,34,0.00926380437159698,0.7572713697778092
74059,46,-0.13631234903778103,0.4247246786942498
74064,34,0.1668251853204791,0.7828488048283682
74065,33,0.4006442170336496,0.12640257922219905
74066,32,0.1007530342989703,0.498276934759722
74070,35,0.043931639534524954,0.38728437463847
74071,41,-0.1785622065312163,0.44198909652210194
74075,45,-0.040754768239420515,0.5019954556421525
74078,44,0.27207010464563747,0.06306341905054125
74079,31,0.23539785052677656,
74080,58,-0.22326218961726146,0.3825254033271634
74081,68,0.11514450353347498,0.4888600156353283
74083,54,0.0777328779893215,0.07040535734435771
74084,53,-0.2204466056392453,0.4875125511312145
74087,52,-0.04633034124929201,0.9602107625816837
74088,47,-0.054788298668676655,0.19353525210858832
74089,62,0.1769976693279385,0.6563353935393648
74091,55,0.14815405742843485,0.03978642573773714
74092,78,-0.10664704136255153,0.10036420837960615
74094,61,0.19277166168644486,0.08947638979389022
74095,52,-0.12512940717073387,7.21646964724808e-06
74096,61,0.1608202865254341,0.10421583793432505
74098,44,-0.037066280352713615,0.8297223349573808
74099,71,0.11835053292535676,0.12679775791286735
74100,70,0.2378679888262679,0.45757431187370534
74101,76,0.0069808559882881295,0.5281545844676307
74102,52,0.43722358623144053,
74104,83,0.13586214188249918,0.9090343070603188
74105,37,0.20308483018807488,0.77644642312921
74111,65,-0.21095621390673786,
74116,36,-0.00442205954158156,
74120,61,-0.07768967162087162,0.8278004306973156
74121,34,0.2737164426772268,
74124,102,-0.19705426944193616,0.5505302029162569
74126,79,-0.1191389689821367,
74127,47,0.14556652486194513,0.48933183130407576
74132,29,-0.27870169841519804,
74133,23,-0.4509385235739967,0.6466917929129165
74136,41,-0.048263464401312746,0.6297184384279769
74141,20,-0.1434485760058787,
74154,79,0.254958094318597,0.21454114527416035
74157,34,0.438267557078248,
74158,41,-0.131824482026963,0.2564290999043075
74163,50,0.002528995777288554,
74165,26,0.018142269649088234,0.0029078183303006843
74167,33,-0.041112510401319295,0.5578351577816671
74168,42,-0.000811440589437353,0.4711175735586107
74171,22,-0.23175744057278966,
74274,37,0.26737410849550497,
74275,38,0.49093908015975285,0.5362336897168304
74279,54,0.427243628949492,
74289,29,0.3770656746160927,
74290,40,0.21712354894233107,1.4437347531989586e-08
74292,28,0.3276377356575722,
74303,53,-0.14330468275789585,0.07435658813984446
74312,56,0.02171738874029428,0.930198940042305
74313,36,0.17515379672670744,0.3908757766784027
74318,58,-0.13164816419964043,0.12748387346500895
74326,68,0.0008640328790280356,0.20179444072294386
74328,47,0.03111001831220719,0.5528671210166655
74343,54,0.3291408963401582,0.5015048086510625
74351,26,-0.25950669693550604,0.4781634734061164
74353,31,0.0186096155854618,0.8724726841608978
74354,40,-0.14268157658182098,0.21787636603496616
74374,36,-0.15902022093656606,0.05609196107210898
74375,38,-0.20195464458999166,
74376,43,0.2914003331203438,0.26539927388281986
74377,44,0.12102643726540262,0.03489846994412538
74378,34,0.18052107079495988,0.07065774338758517
74383,19,0.5078924783747804,
74391,26,-0.1319088851129694,
74394,19,-0.36575718346368613,0.521387946579674
74419,77,-0.036992445610715456,0.35630116794638145
74424,33,0.31285898056301753,0.7219371040373201
74429,47,0.07732842096218785,0.3351734053032067
74434,73,-0.1204266558685782,0.19116260429683682
74437,46,-0.2452481712420507,0.9422410867295651
74449,55,-0.13291974458572392,
74451,11,0.42213071413460757,
74498,48,-0.12409259767732027,0.47186234584234166
74506,40,0.2658996066076922,0.8112253244110208
74512,32,-0.3909486220386037,
74524,35,-0.11094583541389406,0.23720515188563146
74525,102,-0.21721491080305208,0.45778523971692786
74531,37,0.45367221015731846,
74535,24,0.5470736655491512,
74538,54,-0.19775209321608989,0.4430153989430453
74539,66,-0.049268858190286056,0.3517324910299611
74540,49,0.061055183218543994,0.6988819019096284
74542,46,0.11514852902915268,0.5301440822966451
74546,52,0.38980462262315174,0.7979919115728358
74547,80,-0.11611510311254615,0.03132186897617645
74551,25,0.39186645660315744,0.8105768530188481
74560,23,-0.10626731871627769,0.22534492259908934
74572,66,-0.039964029997965146,0.35120973781068343
74576,64,-0.1963798497601272,0.8477727511963572
74577,26,-0.05165841720196845,
74583,23,0.14861388251876959,
74587,31,-0.037783063198608295,0.6166553623871605
74591,26,-0.20239543797778003,0.6923546653861479
74602,135,0.004272823654877932,0.7342330805838568
74624,28,-0.024090812968068222,0.46530057498582866
74627,38,-0.5761442047670314,0.8701334328178626
74652,15,-0.2340229203655823,
74688,8,0.48510713242762804,
74691,96,0.09583248925761674,0.41254402384406275
74709,133,-0.1878335595022937,7.51252401278044e-05
74732,20,-0.5905903094681564,
74736,17,0.14184856228155146,0.6145433167716359
74747,27,-0.07925669076622181,0.4787900256784513
74751,90,0.04958936986282146,0.44235185471550775
74766,72,0.11291072360931204,
74769,17,-0.4636592539809458,
74985,13,0.4009737419911171,
74989,32,0.13812318552224048,
74994,75,0.12081042936625427,0.21819959478533657
74995,2,nan,
75001,23,-0.22263843066149203,0.7920155866572013
75002,23,0.10214100134886744,1.8545089701022133e-06
75004,24,-0.2457200788277599,
75019,70,0.16064274212589066,
75022,34,0.41734242251901255,0.6725224572878332
75023,78,-0.12834194831546097,0.5301228435096179
75025,99,-0.08318486892035291,
75027,20,-0.07573182867463334,
75028,27,0.7452327052543273,
75055,52,0.2769964600897485,0.7792540213967716
75060,16,0.35447250842943123,0.6844302543658944
75062,23,0.19239784358406828,
75064,14,0.16303891149288538,
75065,16,-0.19216559743258527,
75066,16,0.48115711099025377,
75068,15,0.40090686312173124,
75069,8,0.31738939088525053,
75070,7,0.43241576848934743,
75092,22,0.16269663271160348,
75093,50,0.18295059169004518,0.4262416810950964
75096,56,0.02321049214906134,0.47880597157950433
75098,60,-0.17459759885588397,0.47892221748209285
75102,86,0.04792410323799647,0.5582171397384608
75111,31,0.2644519506757687,0.897784180400205
75128,34,0.2576377555432839,
75129,56,0.1513375200278297,0.4715240552062572
75131,16,0.15525247802087278,0.18758141432977865
75133,27,0.25482707172151015,
75136,27,0.10341312693432948,
75137,19,-0.20676121375203096,
75141,38,-0.1813865980319057,
75174,17,0.4636596483859196,
75175,48,0.17092217509170923,0.6777102804058958
75183,19,0.5475897766533232,
75191,159,-0.12958714046161254,0.33240283315691804
75206,121,0.1359358938105921,0.7012119508697681
75208,77,-0.004462855097821571,0.30234209058567163
75209,97,0.11284610289755366,0.9396507640225225
75217,42,0.21164118255266476,0.5734295634113794
75221,27,0.29390880701710387,
75223,47,-0.1782181360172995,
75236,19,-0.43471321739858243,
75237,100,-0.027255209413898494,0.43709070691946184
75272,23,0.47399364749073003,
75275,30,-0.2060771208148709,
75284,40,-0.29840629364207927,0.6958545400847622
75285,30,-0.017906337502334408,
75289,62,-0.05677618586058872,1.9963579666305384e-06
75291,32,0.16553246758408324,
75292,27,-0.10612499322817955,
75311,28,0.3042308852786539,
75316,29,0.4805270272520398,0.6581047964905846
75321,19,0.12266285674540194,
75328,25,0.3391954020204652,0.15284113050295375
75332,28,-0.11417571281559832,
75335,49,-0.17673614901125673,0.14858846408419757
75336,23,0.22692947052085014,0.48377730979255174
75341,15,-0.14596636004340455,0.3122407194244612
75342,19,0.4350180359941256,
75345,24,0.22717666873147008,0.8530985325649774
75347,16,0.42091231526728135,0.6215719457890299
75353,29,0.37676843777000696,0.5928948434585256
75354,30,0.11110100430627914,0.1968422014726434
75355,27,0.36753464217916015,
75356,23,0.19319169156270616,0.3892223054828706
75358,55,0.15256399612483273,0.3018746966989655
75359,47,0.09611475855883382,0.250475564077213
75360,25,0.19016270992159742,0.4000152909695791
75361,24,0.12214093472302487,0.5851410014709499
75366,21,0.00014888765793954833,
75368,15,0.03160219756710322,
75369,33,0.21930763483492463,3.511481353049616e-05
75370,21,0.3496910729817948,
75373,25,0.07170016895819216,0.6663255159003254
75378,45,0.20783843560701412,0.1486492369934116
75380,66,0.15294047441501402,0.40194430032497397
75384,55,0.06162201096700774,0.4889736675141336
75385,77,0.14472637654723894,0.7199511542936594
75387,36,-0.23580088076489505,0.13055032872730138
75388,39,0.1440652312739367,0.034611002437665635
75389,56,0.06285030672077813,0.6421870531328917
75390,38,-0.11635389141607089,0.1256459955576006
75391,54,0.1159575056220039,0.37191994692759867
75397,29,0.01957861868866342,0.4145477366309579
75401,41,0.2742797381640203,0.26416021781415977
75403,39,0.008013470022903745,0.0955006934148736
75405,54,-0.07007386257192097,0.15209713093335286
75408,37,0.23513213874162106,0.2857507123501186
75411,59,-0.20492270003962842,0.28061475445052403
75412,46,-0.21063332163436643,0.018658045250921768
75416,46,0.39189757418381294,
75419,23,0.11388439232070059,0.3777042427732076
75420,52,0.022944477876484827,0.5472245878971653
75422,64,0.02856398578387264,0.2879380692066086
75436,5,0.37502468477890016,
75443,100,-0.04749926521438106,0.25327322235627453
75523,47,0.11832287136194172,0.8816403545562093
75525,17,0.33888606194491444,0.7983274812564328
75526,24,0.09303115060176896,
75527,28,0.4286902368341126,0.2432212051406083
75538,54,0.043468213218078346,0.6406909804817288
75550,144,-0.06888022437487216,0.6903062168271323
75575,8,0.6887146101060418,
75584,25,0.49937726844685065,
75585,31,0.386605038867129,
75589,71,-0.14734733118664925,0.5873636297324281
75591,108,-0.10680226759289022,0.05443963813007639
75592,65,0.029142388097999627,0.35817783931047265
75649,43,-0.03197100763949551,0.4790351513599479
75658,54,0.07801352863237529,0.6539295987015331
75662,60,0.08502277783852778,0.577507965480679
75665,64,0.0548041446124466,0.30954441069641847
75668,83,-0.11664699664913063,0.4661045389947146
75670,42,0.2511669002938124,0.6936290265221026
75678,35,-0.1492376750101974,0.5937223083070323
75683,61,-0.16238521073684237,0.5510812210215263
75687,54,0.27249412091238345,0.9548027510746726
75692,37,-0.04947835511554232,0.7925309246619145
75694,62,-0.3558633124573172,
75760,59,0.04554716070242573,0.9153683648529098
75764,70,-0.25034917696042114,0.5713540477363142
75957,11,-0.1741620839701633,
75960,48,-0.23470413173259094,0.47833269937197864
75961,30,-0.34326237614886024,
75963,59,-0.08727892033614708,0.6338588305025119
75965,31,-0.3978670217852094,0.03742330655645161
75966,41,0.18644257595751831,
75968,43,0.08396121724353608,0.5619187792784515
75969,35,0.0856986391764207,0.11726673830993804
75972,22,-0.01908711858555202,
75973,38,-0.0832920922579003,
75974,45,-0.31047246312396265,0.5619074147551426
75975,29,-0.11344095921837663,
75976,40,0.271467857748304,0.6427313553396825
75977,80,-0.13667585825249523,0.15624440024222283
75979,20,0.26803530792213043,
75981,52,0.18172257691935803,0.12482572427160375
75984,86,0.05059269676932004,0.9044616270693497
75985,54,0.0021138838564833877,0.6533756192936382
75988,63,-0.21860502379681362,0.18812718360523256
75989,87,-0.1419145298751423,0.04843064427724197
75991,19,0.004317958232413564,0.6180761749187826
75994,42,-0.29665445166215487,
76006,15,-0.15653849210572418,0.0030642736773143454
76012,33,-0.1276632188940136,0.03573250225971906
76013,38,-0.21668968271055883,0.44768837875305345
76016,24,-0.021898443774648866,0.29810499368854565
76023,66,-0.07262867091754438,0.5597208301485042
76027,65,0.12697955308292697,0.5866599054030556
76037,58,-0.0690876660581538,0.38936615085865056
76041,119,-0.17445105067853425,0.23207946458276954
76043,34,0.02396684291681466,0.016031531014191223
76066,34,-0.040213758326322645,0.0021193908584368044
76092,52,-0.06103738814086873,0.8261169446739831
76118,28,-0.3569329188003154,0.022022102607352198
76122,54,0.19438292199009624,0.5009532890277961
76129,128,0.019796441401189885,0.2674830357417262
76130,16,0.4238523518875789,0.5746974593407075
76131,21,0.008643071280599527,0.013588871873510548
76138,20,-0.3185594120807245,
76142,78,0.058467570008081296,0.7339620827552347
76143,50,0.09520909640231104,0.8103552930335598
76144,57,0.09832557387040487,0.5022979105042391
76150,40,-0.03791787311297076,
76154,71,-0.06133297825433607,0.6702183881298392
76159,44,0.08923920301799647,0.6911779864545857
76162,47,0.011739355279409378,
76164,43,0.027604593132973577,
76166,70,-0.0131151501563566,0.6522237605326657
76169,41,-0.22907513835096233,
76173,48,0.0769213808946623,0.7221684649213705
76176,66,0.31160830967212816,0.6529651778704619
76180,42,-0.16701015587494125,0.38039783073418676
76183,16,-0.14790652393876066,0.1699637313221213
76196,62,0.20206026951021316,0.5304219393201481
76274,72,-0.1692852481866535,0.0059703696388778505
76279,34,-0.19154023458187375,
76281,31,0.37078190717854387,
76283,39,-0.051048157734005985,
76285,55,-0.14566266804165956,1.8456943655435844e-08
76286,47,-0.43262527007424095,0.5201251096532788
76287,65,0.12181257899100634,
76296,39,-0.12490938378531456,0.4078131056649953
76297,38,0.06626952789421475,0.04281082770862083
76307,165,-0.030103053010466414,0.4528903863620398
76317,77,0.027108777985646215,0.6127027951113929
76318,50,-0.2606722407190155,
76320,82,-0.24041225220826565,0.6465410474882871
76321,61,0.3371667983074241,0.5646733685891168
76322,57,0.057091961366623346,
76323,74,0.158687139424088,0.649901728414922
76326,84,-0.0402199069727418,0.008501598176307357
76327,86,-0.17232469878963563,0.07782194821501298
76333,145,0.2646129346841688,0.0033724198121479637
76334,66,-0.011383573192724006,0.0669834180713147
76336,31,0.2281927555217154,
76363,14,0.7862044584153459,
76370,22,0.5470795613890479,
76546,53,0.13804897665247345,
76608,33,0.598847341983231,
76724,27,0.6666628118291027,
76735,77,-0.2051778978626866,0.35351357512564935
76736,25,-0.05020950948509342,
76745,44,0.13744166081454393,0.5419530953121385
76747,42,0.23235407108565395,0.3106602021611899
76768,5,nan,
76772,21,-0.17965441011383299,0.5506147704265161
76782,24,0.09647831034613732,
76784,18,0.1318344516390992,
76786,13,0.21404065726317356,0.23348596120139706
76794,45,0.14190976130352415,0.0053771789758079
76805,30,-0.05209768014329661,0.11991928878471762
76815,20,-0.05008303597598303,0.3817081486473646
76820,42,-0.07849038688180346,0.46368647470180635
76826,24,0.043648397821387776,
76834,12,-0.115792073689332,0.11140353831237446
76856,15,0.041951215003783494,0.4031680715064247
76872,33,0.22348280273625254,0.3100481319063301
76888,45,0.28007098791080953,0.07429612261955558
76894,44,0.12558778456326483,0.3109191666808477
76896,66,0.02579132114986056,0.23022715126105023
76905,19,0.27466534044894564,
76912,92,-0.30750355394834605,0.47027834633143784
76922,35,-0.07638181686037376,
76923,33,0.1990899917102058,
76924,52,-0.16829550265979476,0.5717069815071385
76931,47,0.08213494645959293,0.53437061501215
76950,83,0.1333977709618751,
76952,87,0.003126671500651145,0.4987840796823013
76964,55,0.192263036888882,0.2653144165078036
76966,37,0.28866370770192756,0.5665967011237074
76968,30,0.39513532704708637,
76971,23,0.19750641336015368,
76977,61,-0.3279855505481694,0.5670016700171431
76980,53,-0.034574903880121896,0.6935560551594488
76983,117,-0.07295766988895107,0.4853039196649592
76987,36,-0.1934490652941555,0.7428274326016202
76988,15,-0.3455390598329252,
76990,18,-0.19525580200726303,0.16118493184981295
77010,65,0.1588295333443042,
77013,40,0.20853839586184966,0.73902784913053
77015,56,0.1401132257873909,0.8096753306379167
77016,1,nan,
77019,18,0.21255372957695892,0.15003033327628537
77022,17,-0.428047096313928,
77027,34,0.37058294782179046,0.4339956321904643
77028,55,-0.14797048018627848,0.8000681771611619
77031,30,-0.11932604292451193,0.38792987566017134
77032,41,0.010050701755994028,
77034,43,0.11323901140205173,0.33890307807990405
77035,36,0.13302978178541136,0.6775405482948093
77036,27,-0.29890120282468785,
77039,38,-0.223735589934114,0.5933109135769055
77043,34,-0.2521007281841633,
77044,41,-0.35619955663455133,0.8092997288131762
77049,56,0.016545843880970478,0.45495844264516794
77117,69,0.06897308672477868,0.5951256512469512
77119,54,0.22178870017413083,0.4469949886016322
77120,128,0.0681205759748263,0.4922836939677093
77124,191,0.0876281115785641,0.01375224827999848
77126,152,-0.003061542076380959,0.722680423500247
77132,28,-0.19003276436513403,
77142,38,0.023215325922928885,
77160,84,0.16230840996616266,0.46120151003382404
77177,9,0.3948116327126856,
77178,15,-0.1364679304329404,
77187,12,0.26463757817894373,
77193,6,-0.5366668550984947,
77199,8,-0.28949462888344213,
77201,11,-0.37245199575045473,0.6923294048281454
77204,71,0.20395869945875425,0.44379219714330465
77218,12,-0.09609656809826117,0.37939202804458394
77223,11,-0.061298421436567996,
77225,18,0.4561135867178903,
77230,48,-0.011678090612980956,0.8684008969374905
77243,15,-0.03888196226405811,
77248,26,-0.3555239311237288,0.8254456987244684
77253,44,0.07746385933276097,0.21810227354682007
77257,42,-0.03867087178248961,
77261,96,0.0730935092925502,0.42172014018379333
77263,38,0.061384017623876845,0.4462990160209568
77264,28,-0.12579280776865673,
77265,49,0.34794500364466374,0.7963450912660737
77267,35,0.3561594580666023,0.5038620409905838
77268,45,-0.07455161817398391,0.337454433114572
77269,44,-0.040017386630045455,0.09066643699746851
77270,38,0.14468493882212263,1.8450919392004137e-06
77272,65,0.07563070176674819,0.6478638539847901
77276,39,0.1208585382543241,
77278,63,0.018407220133278994,0.7720088656250933
77281,62,-0.15742161971342733,0.09961967886006157
77282,74,-0.07421790313735603,0.26424208567963614
77284,38,-0.011338876739756046,
77287,44,0.13660873446777766,0.20350993370905607
77294,26,-0.21780331405476427,0.004799562803361007
77295,44,-0.05844491079046184,
77296,60,0.14796543727114614,0.6372702634574614
77300,60,-0.010444661170950198,0.6050974656559788
77301,47,-0.12272186204814461,0.682670452859997
77303,51,-0.08850893440505582,0.42048959829445043
77306,43,0.046329344663821284,0.6943575885807672
77317,79,-0.06865893552981035,0.32427095410837076
77319,41,0.23353463844800648,
77320,26,-0.20330033568178435,0.6248700123782849
77325,60,0.047507098661560165,
77338,104,-0.1732519099604541,0.9515588545070572
77351,4,nan,
77352,35,0.547673351881485,
77357,1,nan,
77360,63,-0.10925288010804643,0.4050677326519414
77362,80,-0.07627010897041483,0.4451200746350088
77363,77,0.04591550512388937,0.20692717813724498
77368,50,-0.07120045954237827,0.6318939738230788
77372,27,-0.5376110456214731,
77374,39,-0.0456097338343834,0.0020887389822179313
77376,43,0.2162574894267983,0.17535386630071323
77379,22,-0.25053979547913335,
77389,21,-0.19957035168120557,
77391,34,-0.19805310450784724,
77393,28,0.25120428956812074,0.07710970483361614
77398,70,0.17731082192400474,0.48753995443448184
77399,74,0.18085871881549345,0.4645785756354832
77425,38,-0.08616253065423363,
77434,23,0.27299030386987394,
77437,42,0.42110746294746865,
77438,40,0.3618671907999028,0.08484651064721038
77441,15,-0.11920248061555874,0.00029277911993914446
77447,22,0.590079414349208,
77448,16,0.7685121805910546,
77454,181,-0.08290319586327874,0.07478153897021622
77455,63,-0.3375919827799968,
77552,68,-0.22057775598502727,0.6188281205381588
77650,21,-0.21574126549943715,
77654,39,0.17314660682527697,
77658,105,0.02540028649675121,0.27921381140839086
77660,110,-0.34973887925370245,0.4186758083240004
77662,61,-0.10799928906536546,0.6721129383629745
77667,22,0.12349232270200622,0.5211970731749256
77668,22,0.25429770963363635,0.572271401143644
77689,71,0.30358358631495097,
77691,35,0.09331725809381287,
77694,41,-0.0004327278130392528,0.5977566717230708
77696,40,-0.11300458452554558,0.7741364100235124
77704,82,-0.14039612455005432,0.02871328063970249
77705,48,-0.1392487681724813,
77710,43,-0.22353635377123854,0.24594101176725958
77711,47,0.20600725896042124,
77719,20,0.49374264061019213,0.41698907542008823
77720,52,0.20232224740419422,0.32828774622124574
77724,53,0.014304923254074621,
77727,50,0.19824481253312648,0.741213484118276
77729,2,-1.0,
77733,32,0.09666823705641422,0.941300788589838
77740,10,-0.08489467715237818,
77741,15,0.6849832011712181,
77742,5,-0.050359486491331484,
77753,38,-0.5311070375497322,0.7890743364398677
77759,13,0.2502556379595015,
77760,9,0.6354243055216257,
77761,33,0.04049090320446086,
77762,31,-0.5867754692459065,0.23156329522437608
77764,3,-0.7290988046964098,
77766,81,0.1616120898418179,0.6584619663699285
77772,76,0.12740704704396,0.07662439526174618
77777,125,0.23875770552756911,0.1760743426500714
77785,131,-0.0933989514068692,0.39533588840036316
77787,25,0.29362798725181155,3.2507335168891934e-05
77788,18,-0.25855451352690245,0.07292414355862145
77789,12,0.253971942169167,
77798,59,-0.3015321943493171,0.6243587523868598
77803,51,-0.006827454599739342,0.5795032790822416
77817,44,0.06975697283323638,0.16007514034287945
77821,46,0.11943522152453347,0.11518756517005974
77834,49,0.12971235702200112,0.24564980829396607
77835,46,-0.09656922719397833,0.4660061301847849
77837,34,0.15954942711979403,0.5907867175623711
77842,13,-0.2894337405685076,
77843,34,0.011660211841233706,
77858,27,0.28453595390259095,0.6330300220204953
77864,32,0.05628486006282704,
77874,83,-0.08930186187605353,0.24412372992158432
77875,46,0.09704102967040432,0.3649764235130508
77877,47,-0.3059103343652545,0.6968369774883243
77878,95,0.13220287909323208,0.1561790533237682
77883,57,0.1253351071087874,0.8598685671685294
77918,25,-0.21630934603032487,
77927,92,-0.07034077565825546,0.5989966091878187
77937,43,0.09457128844981853,0.16190547446423745
77939,32,0.07230538570379012,0.9402140868663433
77942,57,-0.034071076458672536,0.04837200159963101
77943,49,-0.0013793721792067343,0.06535806295804578
77955,43,-0.4940078069922982,
77957,74,0.3341288196542952,0.0010148415899164905
77958,72,-0.17372508077945328,0.8850095064395189
77959,61,0.27294132466524706,5.407040141841927e-09
77974,67,-0.27848548853247945,0.39546527161056466
77975,66,-0.09519390408887095,0.08661094521432817
77982,60,-0.1156316043728499,
77988,68,-0.03839172676212974,0.5113096880368234
77999,47,0.23368247005600604,
78000,40,-0.21900298147092742,
78003,159,-0.09560781624903228,0.7766780558015722
78004,125,-0.03360547626239243,0.06772852448868921
78007,87,-0.008648948502854093,0.07470188480387857
78009,189,0.06009273785625395,0.8517132836742647
78010,125,0.08173008331087905,0.14917906726588212
78018,62,-0.020476600724030538,0.07812573109192777
78020,36,0.05891541090959257,0.9478382208553728
78025,31,0.37504407478037577,
78026,39,-0.10580412980658889,0.6305398930137844
78031,43,-0.021848462353478287,0.5371396755452239
78034,76,-0.017908416361245353,0.030284756826593193
78055,35,0.43056341450125035,
78064,1,nan,
78068,1,nan,
78069,1,nan,
78075,1,nan,
78079,36,-0.024310480495399727,
78084,32,0.2137481661666025,
78095,33,0.051005795345273705,0.07529027101720977
78099,8,-0.9362311808448022,
78107,51,-0.5459989329420778,0.2086924518335188
78108,61,-0.44533418450070417,
78121,27,-0.2129604917874838,0.21559595475559465
78124,20,-0.45692232781855774,
78126,43,-0.12195589667140118,0.3512606780273829
78127,36,-0.29662365286542935,0.03437326182291708
78129,40,-0.05686181443422162,0.4206131155238635
78130,36,-0.26602217021785085,0.5831642534872008
78134,31,0.12380916366742768,0.2728454413402664
78138,45,0.05637154505702717,
78139,49,-0.1900493940731259,0.12612159041138027
78143,32,-0.08653142629280343,
78144,40,-0.039884362418345115,
78150,31,-0.2560417128262286,0.651748367057985
78151,27,-0.28812023631733635,
78153,56,-0.5178358059625647,0.6538237664150989
78154,29,0.3638516354823294,0.5752058636956223
78155,31,-0.6206025661668226,
78159,77,0.11529807290285322,0.30831348347226534
78161,25,0.19804545998248368,0.7610032481831401
78164,35,0.06005512521757697,0.387868161316859
78165,32,-0.3909804005870707,0.7278099897970991
78166,46,-0.007256734448478515,0.7467609251816663
78169,27,0.02401304506833956,0.7467791186955692
78170,36,-0.12357771438741741,0.5879501640653391
78171,44,0.06162428879418473,0.8001783609332171
78173,34,0.14252709029322408,0.0014480656628319034
78174,38,-0.10640243034532608,
78178,34,-0.22972405795720777,0.9371367811812965
78183,67,0.2216750419599684,0.6564641541144915
78186,100,-0.046062500848799356,0.3146201612085903
78187,14,-0.35523689068488784,
78216,3,nan,
78217,1,nan,
78221,1,nan,
78222,2,nan,
78224,22,0.37463672282455085,0.613193053233408
78227,17,-0.4261425149222063,0.6212316454950025
78239,6,0.3847650191549881,
78261,56,-0.13758947127315355,0.09603747378739398
78274,44,-0.01518460259400444,0.0709578237184755
78284,38,-0.034227850427051947,0.14927191717249527
78297,95,0.2990785965931574,0.7952025658676819
78298,33,0.49005784498981647,0.8310358803311676
78299,43,0.240148245107475,0.315265567045957
78303,31,-0.23944099431909785,0.6159951696129485
78314,31,0.16406537984864092,0.5656713603754572
78317,59,-0.09500540516083386,0.27840118522925966
78323,40,0.3647214175342464,0.6438792243210076
78338,16,0.017249753814879677,
78339,24,-0.6661757528660103,
78341,28,-0.07576806945666614,
78348,4,0.376005780688745,
78351,81,-0.13066697257399132,
78355,33,-0.2942008463812716,
78356,43,0.35209399525117696,
78357,36,0.12492651760538306,
78358,44,0.14828549898733734,
78365,25,-0.10228908610467066,0.41840225737157444
78367,83,0.2506832726935494,0.4323549519643536
78374,1,nan,
78386,37,0.04646621076361567,0.12870037052692557
78391,28,-0.02215086212437739,0.5164386308223488
78393,12,-0.1267297863080392,
78396,14,0.06833045226888698,0.27329676995247576
78403,17,0.08043737936880704,
78404,7,0.4397273001414906,
78458,50,0.3790455847062446,0.7398594832451902
78464,20,0.02801000251181498,0.3660624204997288
78465,22,0.0819065805955929,0.601341692276665
78466,44,0.2557422085432385,0.6088162126532939
78471,16,0.11980851030755747,0.5156097950230458
78472,29,-0.08055380403411382,0.8648319062416588
78475,14,-0.2510524564330632,0.1983932926315545
78478,21,0.028273215882248993,0.6972860798770447
78551,25,-0.14895089215213098,
79220,67,0.07089257422168337,0.07264531556083662
79221,22,0.44747570200050385,
79222,22,-0.19743348764247964,
79233,33,-0.5101701111509691,
79338,43,0.17111989789327264,0.05319049774515838
79340,6,-0.5696208930488302,
79341,16,-0.02828501702466225,0.6537876735394853
79349,39,0.45864172671137826,0.8014841497977993
79350,46,0.18458921244755833,
79352,54,-0.20866623307273552,0.0023665362481292075
79356,51,-0.585941941915975,0.6874283863847463
79359,7,0.03512997801388703,
79369,102,-0.32422983487578483,0.30551959193070805
79384,59,0.01080892599672483,0.1957722797990564
79405,30,0.031188667354806257,0.5594093813947842
79406,35,-0.05352361488363076,
79407,32,0.042834365151871855,
79408,32,0.3441839980169666,0.7288680533234768
79425,50,0.1185894892941988,0.5358099728894102
79427,7,-0.07187484055714634,
79435,92,-0.1607097060054831,
79438,24,-0.14992169487742057,
79441,55,0.0754827953475631,
80067,38,-0.03754673674529961,
80072,54,-0.26258565001176415,0.3188936225956181
80074,32,0.5144856099794164,
80082,7,-0.9264413892962196,
80084,51,0.31024833547408165,0.00029409994942215085
80087,37,0.48353394638662395,0.08171670385716405
80088,34,0.3245051130131497,0.2792169947297089
80090,41,-0.32498043203278976,0.5817246307030162
80092,27,-0.2837146650865663,
80097,32,-0.47599456468717927,
80100,34,0.4659345520765232,0.4803055725080693
80102,41,-0.05636704597810911,0.6674548871600973
80104,19,-0.5169135780460381,
80106,34,0.46618422207169646,0.40510368529756713
80107,30,0.04425714810501502,0.1370176874732362
80108,19,0.3534415891361219,
80111,57,-0.22887777159270695,0.871133202921718
80120,16,0.21676618814100337,
80155,155,-0.28603828091910943,0.0008305830354593326
80189,17,0.3269194639198303,
80191,54,0.4031498102938904,
80194,42,0.4169218595277631,0.5325281755877093
80195,33,0.3324751173698,
80201,74,0.04963278453269311,0.6596824325689736
80224,57,0.06014454435529859,0.26347066541839653
80225,63,-0.30141917599769635,0.014965187302495376
80245,59,0.2079539979419041,
80251,55,0.23069043703770037,0.6021143182405944
80257,87,-0.25613893295290896,0.48714875566660953
80269,36,-0.08612890230562406,0.04676407499965884
80273,11,0.61272626963034,
80281,9,0.16035993292685347,
80283,1,nan,
80291,35,0.26739198158148303,
80294,32,-0.027581952072559545,
80298,1,nan,
80315,40,0.1681871435001509,0.14858833114349226
80316,56,0.2140519289731359,0.9357677132914723
80324,123,0.1395366563639321,0.6520689213133297
80333,42,-0.38686466807362957,0.30727677144038923
80335,41,0.023754679154862048,
80336,38,0.4736310917890762,
80344,48,-0.029192019447100506,0.38037920128886654
80444,107,0.27770632443876125,0.34426364272563065
80455,54,-0.24329192056657822,
80456,42,-0.3048995540382989,0.3645445887669786
80463,54,-0.32998270816409897,0.5319221019665379
80466,62,0.29318506694474533,
80473,68,-0.054861650086177875,0.6369152018362934
80476,62,0.11912075049661376,0.045843206430678386
80478,54,-0.1221081540030309,
80479,37,0.358890569597495,0.615400262428216
80492,35,0.43146758736122026,0.8255946094697362
80496,48,-0.07653166805617519,
80497,64,-0.024345715751819652,0.675723978465701
80498,64,-0.19110483788550894,0.20028265959449498
80503,36,-0.07193968137103623,0.7966324229587132
80504,41,0.058400531034477336,0.33072371800230327
80505,52,-0.21525674403641792,0.9105648226132735
80506,42,0.1579063312718203,
80507,40,-0.026316864750748393,
80512,51,0.15179039154299212,0.7467927741813108
80513,52,0.10596698110509772,0.4671460647009854
80518,38,0.3309223000643837,0.5033903239997133
80520,34,-0.14293403928318452,
80532,29,0.08306769149005977,
80537,24,0.28930464256650296,
80547,30,0.5059512256184975,
80548,29,-0.5832246411248031,
80567,40,0.09551388447953946,0.7928738247093255
80568,45,-0.19613631033680642,0.28785165473020313
80569,36,-0.15169656635913673,
80574,27,0.06292817893145562,0.16735043621535822
80577,26,0.12976671812178694,
80578,30,0.5201494354824755,
80580,21,0.06461359443504919,0.6793626393618528
80581,28,0.07546454480590474,0.7974583759037666
80585,22,0.19058027688968637,0.35693527963881266
80587,32,0.21114691782816902,0.2794676542648247
80589,26,-0.3165735940943509,
80590,16,0.16659483529997796,
80612,60,0.013534718342358929,0.20458211165015994
80613,16,0.1764963908166512,
80614,28,-0.09273028194286899,0.6974026811799602
80660,17,0.3861641963498431,
80662,103,0.10895957710724997,0.16575976438377965
80734,42,0.18423770422979127,
80755,77,-0.3324560851624908,0.5965461915937353
80759,102,-0.2191381454921172,0.86200069514784
80774,91,-0.16643458111091738,0.01613673328010293
80806,97,-0.2579348321696057,0.8777719114906195
80807,87,-0.23169237547998323,0.004251808803023629
80813,92,-0.28107523419827996,0.9257932352548869
80826,78,-0.28789407757963814,0.3381852405188898
81015,27,0.2466662708649423,
81019,29,0.5639486165536288,
81024,66,-0.043745511472364426,0.6133693404853471
81025,64,-0.15176058554012947,0.5351904250658823
81028,54,-0.004541955855045939,
81036,63,-0.13074968259812633,0.2723293997359206
81045,85,0.11749813147042948,0.8573492771825831
81046,78,0.3898460915527643,0.08405989350676489
81053,105,0.1058373295688165,0.030118781135000928
81056,55,0.06582121433574376,0.8272965809733562
81066,25,0.011056952444995119,
81067,38,-0.266538477638934,0.8406594603448564
81078,66,-0.06557464238116735,0.4599063680427814
81089,26,0.05685669748377188,
81094,21,0.0776891331277885,
81095,19,0.48944338340879306,
81102,59,0.19763806946064102,0.06239505481966243
81110,35,0.09904451033020772,
81112,30,0.5280336906508866,
81123,18,-0.004877874852892825,0.5979862120282247
81162,15,-0.17291186570731806,
81164,53,0.1840180914910348,
81169,27,0.5066584114141599,
81170,21,-0.3284315059661494,0.5387792059049912
81182,49,-0.08848875040607079,
81189,26,0.30107446321429526,0.5636934488577039
81192,14,0.24433951601840284,
81193,21,-0.37449584333464225,0.40607897253245606
81194,18,0.28029668002937375,
81197,10,0.3007765458139717,
81198,18,-0.23141555192589108,
81199,14,-0.5280579668741402,
81200,17,nan,
81201,20,-0.4326020697687638,
81202,17,0.3255352820947944,
81203,20,-0.2760168200267758,
81204,17,0.46322160818986063,0.37473487436752023
81208,20,-0.5579624258787267,
81209,17,0.1646209618915302,
81212,21,0.19579249950661753,
81213,22,0.03734448400686797,
81215,18,-0.26989363222870655,0.46420191729429183
81220,26,-0.4376948563172491,
81223,22,-0.46150102304566765,
81230,26,0.17855685850361502,
81234,44,-0.16458372295767199,0.8875132691312047
81237,38,-0.035583803390885654,0.1225819160717697
81239,33,-0.028450123781083515,
81240,61,0.2866651832075937,0.3680213471006675
81243,33,-0.40610171111229487,0.08360758297512098
81247,24,0.35959234523257083,
81248,44,0.5103986230561718,
81249,39,0.17870510966725295,0.8670451730881054
81250,38,-0.1324123927232158,
81259,47,0.011324666110762303,0.7014106760939247
81262,43,0.5589030035200822,
81264,35,0.5311087500634459,
81271,36,-0.1479268341491408,0.5986259245756349
81274,80,-0.29089685970318874,0.3318388359580702
81282,52,0.25109794984403533,0.04945620888390289
81283,23,-0.25783405406833204,
81284,17,0.09612856439560247,
81286,17,-0.5606994126242834,
81287,22,-0.11298088508391808,
81301,44,-0.07234140285047214,0.5203007087431394
81303,32,-0.2333464950705605,0.8635488260499592
81304,43,0.13113986341284364,
81305,30,-0.12076821220667883,0.734617033022396
81307,24,-0.12619785878649692,0.5695400933317895
81311,37,-0.49427217493726433,
81332,47,-0.23266474983415503,0.38751457360125874
81333,64,0.2000132630151462,0.36061033888711264
81334,48,-0.06685955573881901,0.5338100392233349
81336,65,-0.015686782065815443,0.3759798939167994
81337,57,0.06840394112935078,0.5713529024080979
81339,66,-0.18739544317157683,0.611925310905078
81343,49,-0.24033140615106122,0.24497552769595612
81346,62,0.08425687346719422,0.42941639782389485
81347,48,0.2596158013348291,0.7288964779961242
81369,54,-0.5671453794091852,0.0015664983639955613
81383,84,-0.1681566606612017,0.8022536559423663
81385,107,-0.13071478048375046,0.27736165047821665
81387,30,-0.5556640973129862,
81389,68,-0.05410588168897949,0.602240859853159
81394,43,0.17007211052993432,
81395,32,0.11381021813042923,
81403,32,0.2013643589596035,0.7656954302580155
81407,22,-0.23910259659946695,0.5367265959076895
81409,22,-0.534314848574429,
81412,34,-0.30010907699852307,0.8922226089616585
81415,17,-0.32219464802763664,0.05257242451696801
81423,19,0.2729978420530278,0.194182236979307
81426,19,-0.1933550435944134,0.03834135577995543
81428,20,-0.04058045787175814,0.55250149385521
81431,19,0.1909441179263171,0.4481443567172203
81442,23,0.14712929734606317,0.4954697407480054
81450,22,0.06180585239869159,
81466,26,-0.009789793764343158,0.2208385553005977
81468,27,0.4564283328756596,0.618975231339135
81471,134,-0.10027270571815168,0.5816082297732067
81474,32,-0.018739741901760587,0.2690823821392571
81484,22,0.06616087839577502,0.29618045723755887
81486,32,0.16274805574923484,
81489,28,-0.17845541970702536,0.9319765997987921
81498,23,-0.030434477113274037,0.5792719519770997
81513,22,0.20788542560296697,0.5689066079440279
81524,49,0.12498425526353199,0.5227942205701748
81526,42,0.019681500953222655,
81533,27,-0.5620392853915175,
81534,46,-0.23788358503659815,0.04795740766849168
81540,45,0.16457590307962464,0.1083130008874597
81541,35,0.2561530176065964,
81549,22,-0.2063941873437382,0.25998003612619036
81756,25,0.10167205606092741,0.7425034234666033
81811,22,-0.5105043280669251,
81818,20,-0.6257150657924712,0.7921998817243916
81996,62,-0.25363240655528263,
82004,82,-0.2569051668732621,0.5455429031734849
82137,13,-0.5000941334093737,0.468758326761803
82216,90,0.04025078443222732,0.03656690601820712
82218,16,-0.08781990371037801,
82221,32,0.1594282435854793,0.36632537499366846
82224,24,0.1678695472472387,0.0006637372180889861
82226,23,0.09715016979127349,
82241,52,-0.22002751959925906,
82243,31,-0.06175102300443037,
82251,129,0.09159481562787826,3.1764080690960045e-06
82261,82,0.09768022570310324,0.2094379210978654
82263,47,-0.009123324299579327,
82264,32,-0.30889686498874774,0.03152485677923746
82267,37,0.054465194693198944,0.06150609296715193
82274,42,-0.5044654974125403,0.36092242553614895
82278,53,-0.04967476188499166,0.659595562508912
82290,54,0.007988890825275877,0.3612034936220988
82301,70,-0.22587756932769384,0.3612006576535694
82305,81,0.02524287789502752,0.33545123197057447
82309,77,-0.3906827993768486,0.4614527169967202
82315,64,0.2490144543465876,0.41562883774636217
82320,85,-0.12592906491890898,0.19041049236530808
82324,59,0.07999683126514234,
82325,31,-0.054172913322394434,0.6210590601716612
82328,45,0.1283719588243064,
82329,37,0.08673363347252962,0.5070011801970489
82330,46,-0.037793172574684356,0.1687412761356711
82331,26,0.5164110930033153,
82332,36,0.21133982117013295,3.4206688321431486e-05
82368,22,0.5582065126254413,
82369,21,0.4973696916544765,0.7868440813096811
82374,43,0.04017065130637119,
82375,57,-0.051966353699046425,
82376,46,-0.055620272816403665,
82383,35,0.0067311183020843214,0.11697811267450577
82385,64,-0.030696606916105415,0.27229690894063374
82388,59,-0.10219961468139244,0.07641060223785974
82391,48,-0.15726840707358225,0.5226864006692509
82397,3,0.8101357007591737,
82400,90,0.052438567003644375,0.24330740349381033
82408,121,-0.01720510751345128,0.4132516856022408
82410,48,0.20378546155685848,
82412,1,nan,
82416,44,0.35083435597438284,0.4908784250059214
82418,27,-0.3171466219146071,0.5415056046864842
82431,127,0.24603076997615514,0.3693092223386495
82467,20,0.000962782366753342,
82473,150,-0.08982205623571603,0.08793596494839005
82598,74,0.12305009171910435,0.10721860675495526
82599,117,-0.019278739221837912,0.8017201102535557
82601,55,-0.06483260822321622,0.07531163272191088
82603,56,0.07093268156404837,0.4813936853695254
82604,51,-0.04057989492283664,
82607,60,-0.0038213620039773822,0.002586010768737209
82611,46,0.24510677103924844,0.13834374043750994
82612,56,0.025109037768658547,0.4767488402465896
82613,60,-0.05688052708085045,0.3255358441822428
82617,71,-0.027775432026519487,0.6329609716596974
82618,61,0.05737603794308155,0.0936911742007929
82619,59,0.01735776957194182,0.436077051664316
82620,68,-0.28888198166388757,0.007672638049855355
82621,52,-0.1373576409347492,0.38253127005744625
82624,68,0.09958189271757167,0.5766424936385148
82625,61,-0.005554588051550021,0.2780129484107669
82626,70,-0.44966162726436243,0.21509024185768688
82627,96,-0.24940758108411332,0.2580257916821511
82628,61,0.125357766928688,0.26151896329526375
82631,58,-0.1274947180070709,0.6272601650263567
82634,69,-0.02582333882210416,0.16164115048447084
82635,70,-0.199866838412426,0.3211707151942634
82636,88,-0.1527055899529162,0.1957557382489127
82637,74,-0.18943963532015098,0.5909470842209611
82640,63,-0.22291304288826325,0.36860702761822906
82646,70,0.20449418898585053,0.27873174242504706
82647,55,-0.12304925288580319,0.499180587188522
82649,72,0.031180369847831884,0.43781803367053373
82652,82,-0.12477311438806142,0.2980002855256581
82654,86,0.19722880900554432,0.2570046939441285
82656,69,0.06123199495107037,0.17324962623270068
82659,51,-0.029638047117351057,0.3259302275591083
82660,63,-0.14050879793625295,0.48456960303057406
82661,67,0.0616385558353666,0.08695094793341314
82662,79,0.019244996491503682,0.6123179862786108
82663,88,-0.08479564701424261,0.9340169341371747
82686,46,-0.15919172780239563,0.4789255333166178
82687,75,0.41567063033239554,0.9871107550550084
82688,48,-0.14229091299388746,0.18286336004543116
82690,82,-0.024743717654607922,0.37233613157841494
82691,58,0.02568423853643884,0.5419635402378018
82694,64,0.028707362016479637,0.05839185772089849
82700,51,0.005507211964502384,0.1629491259611116
82701,76,-0.04371782919560848,0.2565678792238425
82704,60,-0.12570604463983615,
82714,77,0.19385977403065074,0.25437498097978917
82717,45,0.3793455654111142,
82730,52,-0.0017384349248986055,0.09790501773788138
82732,45,0.613394755646121,0.022711844274770226
82733,19,0.04273077137546816,0.40932417742024463
82736,44,-0.4408065532991007,
82737,40,0.3401973245925505,
82791,27,-0.15347281215486241,
82797,27,-0.4835644408201218,
82832,20,-0.6071728680720722,
82842,49,0.3196310446523682,0.7658899749372879
82843,17,-0.06806462495702828,
82844,42,-0.034500921873458885,0.0359645050730395
82869,41,-0.36646981378124427,0.8347724029254733
82875,19,0.5258279474298926,
82898,15,-0.30198491333415745,
82909,4,0.5446806462196738,
82910,2,nan,
82919,10,0.579182930815479,
82923,37,0.00641301991281668,0.6071598657986641
82928,77,-0.011111703300875013,0.006391817649328453
82933,17,0.39925321791718715,
82934,19,0.4911227441990001,
82936,24,-0.31531776960057095,
82937,10,0.5507310967202272,
82938,10,0.42275551785441373,
82939,14,0.2891686138338286,
82940,13,0.6358344033971514,
82942,12,0.4622785053249584,
82943,15,-0.0641302145659316,
82944,19,0.016532616325328525,
82945,98,-0.23774122201859274,0.4217918732339564
82950,15,0.7611101431215785,
82951,0,nan,
82952,28,-0.22510702231502577,0.5516446161688939
82953,35,0.31529340353375684,0.2591131683653672
82960,46,0.30373672178663447,
82963,20,-0.6393060269339924,
82966,91,-0.15624421568644375,0.004867941838540545
82984,66,-0.14476694666101067,0.8857452938488408
82992,17,0.7413407120267137,
82998,24,0.38502860050183846,0.007056406997277326
83006,13,-0.2706000442863115,
83019,12,0.4511795464235702,
83021,14,-0.020093156623014415,
83031,17,0.0892300173335127,
83040,61,0.26217774286485823,
83049,22,-0.41696901420215104,
83051,36,-0.034967621243127876,0.6087365309011725
83057,75,0.1544761181124278,0.22491534332261173
83061,46,0.022195856278945474,0.34813603850808894
83072,102,-0.1440377029736078,0.16270356490109977
83074,26,-0.14686975664780683,0.4429827000311497
83075,109,-0.04483074953923973,0.6270210928501541
83081,73,-0.18159690607031487,0.8628617524223796
83084,22,-0.09496860042189914,
83089,34,-0.03392166945002322,0.48932618441006215
83091,3,nan,
83095,43,-0.3769041015199644,
83096,62,-0.28546447959374227,
83108,46,0.005043671664582501,
83114,26,0.5549564621625331,
83120,44,0.26716703192645685,0.19548854426262155
83121,61,0.11687970485791423,0.6807926851984143
83124,43,-0.3747916465840997,0.6973905156107404
83125,40,-0.4083107113174807,0.8628966043957186
83131,43,0.39230238198325945,0.6481832028109102
83132,45,-0.12549067609256062,0.40374009633416297
83135,24,-0.48231432429720633,
83144,27,0.040499942436820646,0.5988615345830843
83145,25,0.501152988255635,
83146,14,-0.4716496971977608,
83147,21,-0.31785118009820973,0.24420768667606174
83150,25,0.5078758425089789,
83151,19,0.5343956768642968,1.6238133595671902e-05
83152,29,0.22869220519938488,
83153,27,0.6983338584107917,
83156,19,0.5230312381774059,
83158,22,0.17786207298380996,
83159,32,0.2774877738837988,0.49290735963619625
83164,17,0.1561764541971274,
83165,18,0.8297058442114837,
83166,23,-0.7538760695964495,
83167,32,0.6257306748081012,
83171,16,0.07440155961394236,0.21963422361839618
83174,17,0.7163672200393765,
83178,19,0.5131705252207724,0.536195962986912
83183,23,0.07632483588319702,
83184,21,0.3473153378435206,
83187,24,0.20609185121813978,
83188,29,0.33930356314529103,0.007767451590919825
83190,37,0.4235175717135982,
83192,44,0.08956985686411782,0.5451502518785033
83193,31,0.40375963911511037,
83195,45,0.2264661592241938,0.8350454963987695
83198,36,-0.04761608234487052,0.4488281277955327
83199,56,-0.1893417195556882,0.4094382883591853
83200,19,0.5457376158807393,
83201,40,0.17501522900241814,0.3959370343253237
83209,60,-0.016625880020780057,0.5842710787497385
83212,34,-0.10162541097741913,
83214,51,-0.010938715647055404,0.02865563214319824
83218,41,-0.08160293098743751,0.6190199229191771
83220,41,-0.0482809756047861,
83221,49,0.30386888774376886,0.23668970744822793
83224,51,-0.08936917709815183,
83228,36,0.5876406862507947,
83229,25,-0.00525257747503354,
83232,39,-0.11508557340090433,0.2978877255548744
83234,29,0.5847760926695104,
83235,40,0.657547020520967,
83237,21,0.36627983219806054,0.5782435137409779
83238,33,0.22996633530684268,0.7996647654799222
83239,35,0.21369198096073264,
83241,46,0.19451620223849397,0.4664211149410483
83242,46,0.2688937019428602,
83246,38,0.20917597287633108,0.9127868914082213
83248,44,0.2837578727795658,
83251,33,0.2159407388300204,0.3929562356846703
83253,29,0.14082520672293353,
83256,31,0.445235042139923,0.7864902998321261
83257,36,0.18217970566861444,
83258,36,0.3464798370380699,
83260,40,0.6347389367427628,0.7363904546231781
83261,39,-0.04642610230175659,0.026008700042417263
83269,38,0.10964625155042673,
83271,49,-0.1775504134279163,0.01528075799828722
83272,25,0.6234065889102062,0.01951087131850507
83275,39,0.1652742011239213,
83279,53,0.03719405199834599,2.9897536677376766e-05
83280,56,0.2725085496818892,0.6261979869710229
83282,37,-0.09701474484537297,
83285,44,0.2376996522360793,8.330439641865782e-08
83286,39,-0.15708859366910055,0.4953222974983359
83288,44,-0.060918906641513795,
83290,46,-0.2692037623881259,
83310,47,-0.06902254978712115,0.21570055248001013
83313,10,0.723633436438991,
83319,38,0.45623734994636694,
83322,48,-0.19731192493964622,0.02471935095838385
83330,29,0.10840244977055424,0.7081838336005951
83335,21,-0.0689387549559535,
83336,47,-0.14938855526459477,0.4065160565057584
83339,61,0.13550331985760114,
83352,64,0.059941293999329265,0.4873767088288813
83353,68,0.2779672075727269,0.4164420831941761
83364,57,0.15301484809571378,0.25005720180511565
83367,62,-0.2205953868175682,0.663307831336398
83368,70,0.00565053287579736,0.6785616561789993
83373,50,-0.2650537162404301,
83384,26,0.22185472604336975,
83387,79,0.1234476373780411,0.6145849095541023
83388,82,0.1079266979319679,0.14655948072555117
83391,32,-0.26755577542978004,
83394,19,-0.6472434708822782,
83396,96,-0.14698608826714116,
83401,15,0.3658291208050913,0.05754896206737479
83402,19,0.26591179506090395,0.22709029274892675
83403,16,0.20020165516987712,6.880079502102374e-05
83405,23,0.5617278641357838,
83412,33,0.08750045843540528,
83417,10,-0.6110298126280228,
83421,62,-0.08497006448021292,0.42054348530131824
83426,78,0.0633635664405852,0.556233726104598
83432,75,-0.13752122246809723,
83434,25,0.32978132296859164,
83439,1,nan,
83440,1,nan,
83447,14,-0.45391560770220246,
83449,20,-0.3001669994738027,0.3313611159720734
83453,13,-0.33570569386103816,
83454,21,0.5875959628728101,
83459,31,0.11009011588211948,
83460,19,0.04938714264881978,0.514013043070604
83464,43,-0.06078800171581382,0.5740816570904397
83466,49,-0.3412902036175594,0.5783482179180675
83468,42,0.03000322810002989,
83471,12,-0.6013925230035468,
83472,126,0.006283281554379941,0.4660163607561377
83475,63,0.006756676263702398,
83478,16,0.550693021657953,
83481,13,-0.7425369474049892,
83532,116,0.17285637648559563,0.7904741810346285
83533,89,0.0756856022410194,0.05013813860651002
83547,75,-0.005712545391006915,0.21863915922449054
83548,64,0.033248735795570014,0.016533778358868656
83554,87,-0.025452153919575723,0.7264227214507795
83569,61,0.04204869829791959,0.009156324823144357
83582,68,0.06248411565997591,0.039429005367943144
83586,75,0.2606166960306166,0.41344131233145287
83589,89,0.08844333812547049,0.4891767718813804
83592,58,-0.06544317695744799,0.1735257464128004
83595,71,0.015250852962122707,0.02328313130557713
83597,72,-0.0786052427335437,0.45170162150409077
83599,77,0.17152352867928805,0.5890994510426686
83600,80,-0.08301240727461065,0.3925173867213123
83609,50,-0.08388596817405448,0.6403910664275099
83613,43,0.058346491951933664,0.6071949663071216
83618,77,-0.12588300395884994,0.37735299244720566
83620,60,0.03961700131257112,0.09120659350109718
83623,63,0.10065684130098221,0.30304120812369345
83624,80,-0.22712027460656087,0.5284221007801104
83627,67,-0.031057819378130968,0.09202138947781782
83628,65,-0.08359870645478339,0.6969088631832119
83630,62,0.027057304923269843,0.6699592268332506
83631,62,0.14111475893960876,0.19814787578444615
83696,78,-0.1941094249188669,0.5842588716985851
83710,38,-0.07920523342546448,0.003807069613979117
83712,47,-0.2387998415741491,0.7258644373080511
83714,42,0.16315648429245472,
83719,39,-0.25453334346733053,0.7155489087960848
83722,45,-0.26295369575364264,0.5598284956534668
83726,29,-0.16000781101476647,0.6410608737359299
83736,15,-0.806291642886954,0.5662821730110706
83745,15,0.14758732429628912,0.3903953017928622
83746,14,0.01559203891979969,
83747,20,-0.475036786562195,
83749,13,0.11803497586735198,
83750,11,-0.2643065903886842,
83751,18,-0.5121726295744303,
83753,20,-0.38384556156898353,0.03030947397945517
83756,10,0.33604542568063916,
83760,14,-0.25569429211275096,0.18253124326891132
83761,16,0.0011782276363295997,0.4785201526760683
83762,14,0.7884151494854521,
83772,24,-0.28355735874277666,0.3934022803415339
83774,96,-0.044168495003994855,
83801,140,-0.04066672626618573,0.27162529561118615
83802,64,-0.13768120202017345,0.001967183740416222
83806,36,-0.08921319915476116,
83811,38,0.26577780033940906,
83872,35,0.5667410205979957,0.7048105515530203
83873,62,0.2177283876798844,
83881,61,0.19399801489807694,
83897,71,0.0048024563006365,0.3384432873339968
83946,99,-0.2804493085404509,0.2941572498319374
83949,9,0.0040044807911152735,
83952,23,-0.5433018643790313,
83954,32,0.31547461174471286,0.5194323995873551
83960,60,0.11899232574623879,0.14131697580403216
83963,80,0.10810040850137147,0.5501571918841819
83966,61,-0.08207469213853825,0.8346955226241686
83968,92,0.1571476564105983,
83970,54,-0.0444958691008016,0.5277511775191612
83971,59,0.009216481923509065,0.28035991150565226
83974,59,-0.00886449648752071,0.6593973361314216
83979,43,-0.638562839345352,
83980,37,-0.5045875877570093,0.44950617718567254
83981,39,0.14529416281764915,0.007753063263356323
83982,13,-0.35310017609829264,0.20931556201055404
83988,66,0.008975915742009405,
83989,58,-0.3147467761403975,0.6425389557011307
83990,33,0.27738246579900444,0.15572343542368283
83991,56,0.01367571623955285,0.5345806914325315
83992,28,-0.2851458256640659,
83993,31,0.06428821627136895,
83995,33,0.23279316899475985,0.6217656701506261
83997,42,-0.12817807370118822,0.8294077644916327
83998,28,0.38160792495489493,0.7800197566179377
84001,38,0.14140607017257537,
84002,33,0.4275113569791498,0.8798731838883609
84037,24,0.8121497491509455,
84051,50,-0.22123104092547435,0.6344330749331482
84054,48,-0.3183530802390143,0.23192557543023862
84059,17,0.4685572280153549,0.33661480277907707
84061,29,0.3398544449741134,0.48328606304139
84063,28,0.21323494153330064,
84066,111,-0.28265753679071437,0.04754858116116541
84073,24,0.03610070421368401,
84076,69,0.03848932690620509,0.7165242436999346
84079,38,0.405949784939905,
84080,7,-0.5361852227732087,
84087,89,0.17117544402130716,0.8465436687446442
84089,26,0.6238602101066492,
84091,14,-0.28249323285075717,
84097,29,-0.3584699569659077,0.6036866330322099
84103,21,-0.07294964481961871,
84108,11,-0.20000252334342955,
84111,59,-0.029715225275626502,0.434652389938729
84113,1,nan,
84126,127,-0.0059895937141980935,0.4511571914435669
84129,117,0.07266813314648712,0.12072301539000584
84132,10,0.26663465905556777,
84135,76,0.2555208740609858,
84139,39,-0.15954555569333065,
84145,13,0.4637495022769597,
84147,18,-0.7329119341526458,
84158,34,0.3179733971546416,0.12168463991568577
84159,27,0.4245402312642166,0.6597552595262097
84173,68,0.006106104300250173,0.5877786603407764
84174,5,0.45586738204977145,
84175,97,0.040131963557473,0.14031566414399863
84185,3,nan,
84193,36,0.03491154497775161,0.548665571332857
84194,12,-0.8769291993132114,
84195,14,0.7172997584993122,
84196,14,0.5752413442685427,
84197,24,0.6479800793744438,2.177696718003413e-12
84201,7,0.7915167812299357,
84202,20,0.3516778310065737,
84203,27,0.415803346031833,0.5999080899682999
84205,12,0.03823174975603027,
84206,23,-0.5543466214677626,
84213,10,-0.6073023362402565,
84217,17,-0.7054348526069424,
84220,12,-0.7711019103894549,
84224,119,-0.016698200805678465,
84236,14,-0.37932596508966465,0.86140936351173
84244,30,0.07968286698481034,0.8921796923134265
84245,25,0.04191377639808006,0.2975385077885781
84248,43,-0.4692561430795796,0.05427060408031912
84250,82,0.04943791005572603,0.5783668035965726
84251,125,-0.10708582406472258,0.8124096776419734
84252,181,-0.0029121227921381347,0.07911083190495027
84254,50,0.005578625207715099,0.45338899920343056
84255,75,-0.32074562799908946,0.6376880721381868
84256,143,0.11796043571608918,0.25950820426581583
84257,81,-0.2545871391514396,0.07976844763915679
84259,16,0.590960345384987,
84265,14,0.049731156479419884,
84275,11,0.017330245095007527,
84284,13,0.6728871881353563,
84313,3,nan,
84344,33,0.36239299252511104,0.17964160533582282
84346,1,nan,
84377,36,0.18541285499199311,
84379,71,0.21971431385423185,
84382,64,-0.01860765022819968,0.5963775332211767
84383,102,0.04233413012979506,0.20134629667699705
84384,126,-0.2287773976356527,0.18850601938498582
84386,47,-0.003458071767659332,0.6465310516074616
84390,51,-0.016968358702959818,0.537255744121065
84391,93,-0.019237264557482068,0.38272530028002005
84392,56,0.030240594184225335,0.5149715828600621
84394,126,-0.3748785473940181,0.3086033973690574
84396,119,0.06508236530142535,0.7252913418121351
84401,35,0.216409936700891,
84402,24,0.07058351688064783,0.4245097171148188
84405,34,0.29376129011967284,
84406,19,-0.15694105977059683,
84410,20,0.055880974345286764,
84411,28,0.0818707767006139,
84413,43,0.2530556280360908,0.17950739611238742
84417,38,-0.08853558881662849,
84418,32,-0.3315041346426757,
84421,32,0.02462006400530574,0.6453694684547717
84422,24,0.10738137448304096,
84426,24,-0.3657462575594011,0.13586034178060943
84427,32,0.07259311764939305,
84428,33,-0.2994372098478683,
84430,58,0.02880715513820566,0.4316019928571293
84433,27,-0.13695358440492997,0.45797126250253317
84448,15,-0.5131091606067555,
84452,7,0.4843553883570779,
84453,8,0.3719795112645655,
84455,69,-0.012804775591780669,0.06108842925808255
84456,97,-0.04819901420985693,0.3464293562125195
84457,34,0.06233378542203343,0.3920993618680058
84460,42,0.04249452371642686,0.6768398043327903
84461,23,0.31274610494950994,
84463,25,-0.2205317152252468,
84464,125,-0.17160313174362896,0.0025252392269703135
84465,50,-0.1602866043043996,0.05509260269280748
84466,69,-0.003048798394996462,0.1351028897219395
84469,112,-0.1536724951652004,0.01165643729890931
84470,13,0.11301205731777371,
84474,39,-0.08414665127821086,
84482,19,-0.2527368369205859,
84484,11,0.3197573642451359,
84488,18,0.02008656853746195,
84489,23,-0.3563785628679721,0.022399438725218677
84490,24,0.1824635396984374,
84494,25,0.09358042283731562,0.4540337802400423
84496,15,0.38610559793076454,0.06535612260958111
84497,15,-0.06768087476202844,
84506,75,0.14760686540982954,0.9279535358003814
84507,54,0.4156840235782507,
84508,41,0.34783365524421805,0.6044262940577309
84510,21,0.18841497599550805,0.8077320892118263
84511,33,-0.18000108407629545,0.24563341949590722
84513,42,-0.06669450685985366,0.8563230830406388
84514,32,0.20982583720180933,
84515,19,-0.16826209130250327,
84517,53,0.23841150170988845,0.3443579469261983
84522,24,0.15046450468073472,0.6807108567265205
84524,18,-0.09409339050989692,0.7743895109927442
84527,34,-0.09219908354561519,0.601928610924872
84528,14,-0.12158575282169627,
84529,32,-0.4028454701755134,0.5681652059092956
84530,29,0.02758062674956663,0.8088590707481648
84532,16,-0.20992078014419582,0.4185084107751755
84533,27,0.0766775983942777,0.2895758455667095
84534,23,-0.12742883174620342,0.48073971617794553
84535,52,0.4026191058651249,
84539,27,0.15923895554270165,0.15379257373204844
84541,16,-0.2854780294507711,
84543,35,0.17482815488722964,
84544,14,-0.014533673712691424,0.06536780218151987
84548,20,0.11024589619905584,
84550,28,-0.1260485387387033,0.6662808573486427
84554,31,0.004650431844459689,0.24486345825122954
84556,54,-0.09472095627956649,0.11781583324253737
84558,31,0.15798833523539974,0.5230745119215181
84559,32,0.3143275854016774,0.015369406399379053
84561,52,-0.04722173931555266,0.4545535499388518
84563,38,-0.026483108196538815,0.5859245518107987
84572,63,0.230551319552533,0.6602965832689528
84575,64,0.06763033052852076,
84578,25,0.15367742458978675,0.47576047716745684
84581,51,-0.09711552034556828,0.29050346755489503
84582,39,0.6480643588410135,
84584,42,0.44499604863725484,
84593,112,0.002895173238960841,0.46248997829585436
84596,71,-0.2928595193731398,0.4730258263728895
84611,37,0.05886425942888329,0.7869811609074714
84615,20,0.365223191163522,0.5861265543568959
84617,21,-0.02689625161788328,
84632,8,0.8048022359933669,
84633,20,0.031733659027468296,
84634,29,0.11863917145086708,0.28448548730419204
84638,14,0.014906954632890818,
84639,20,0.07202582648384168,
84649,6,-0.06446085445053308,
84650,5,nan,
84654,30,0.4109601825771735,
84655,18,-0.10509733929938542,
84656,15,0.6801069596661018,
84657,20,-0.04968522092985873,
84663,30,0.3575620202236225,
84666,119,-0.07526817026291559,0.40097187745060225
84670,10,-0.9239786672603824,
84672,2,-1.0,
84673,4,-0.1541787090788147,
84680,3,-0.9977142638102414,
84685,19,-0.6469252180106063,
84686,10,-0.34197315753912283,
84688,16,-0.42728932297980143,0.15389881104024725
84689,15,nan,
84690,35,0.04461538675498233,0.626608570432462
84692,19,-0.12345911841857872,0.6997805322472538
84695,11,-0.37761189698628783,0.06553785212160451
84698,13,0.0871461932741305,0.47664076466380767
84702,1,nan,
84703,1,nan,
84720,85,-0.11017318845734048,0.02006004194966354
84722,67,-0.04353312358008058,
84726,28,-0.13348602588623318,0.8725610519057336
84727,26,0.364556313793056,
84728,26,0.20900656910893678,
84738,11,-0.0701173196405982,0.44630962875615904
84741,13,0.3961496358513828,
84743,8,-0.33465012824842727,
84744,16,0.22142315445610034,0.005946490369514343
84745,14,-0.1825771706080494,
84746,10,-0.2187681262110797,
84750,11,-0.2566466310245749,
84752,10,0.48204304979803325,
84773,53,-0.3237744775591931,0.19024608609692506
84776,69,0.0336166658640669,0.07563751850816884
84778,52,0.10956722143412673,0.1779675829664923
84779,50,0.38113536868804176,0.2526054214299856
84782,37,-0.16828498259879593,0.1893729696397677
84783,45,-0.0731918486330441,0.498317525384821
84797,73,-0.07012582317978931,0.6183519627297496
84798,118,-0.02706431647309468,0.19779878588167507
84799,120,-0.1879683366684899,0.2782249505295818
84800,117,-0.25778053109248467,0.663191994888496
84801,115,-0.1436569647437538,0.9142191009778838
84804,175,-0.1381746934481303,0.5474138964964024
84805,80,-0.3230862428579957,0.45867290633569546
84812,148,-0.08819774599247769,0.28364010463395783
84819,110,-0.08591668374234619,0.19222034714165362
84824,2,nan,
84833,43,0.16353951290889313,6.028475623746414e-05
84846,66,-0.046389348906632245,0.13017611632880957
84852,99,-0.25177148516618364,0.12132191672970034
84887,20,0.5673203194299627,
84889,23,0.40926068291524564,
84891,25,-0.17901425259880363,
84892,125,-0.2007048294357328,0.09667380946146811
84893,50,-0.33321967585046774,0.8862176710861841
84898,13,0.08722257016028769,
84899,70,-0.0537174994105833,0.1790050566967311
84900,17,0.5200462348037462,
84902,39,-0.026161413807081226,
84903,55,-0.17705622252616623,0.6508361100077062
84912,11,-0.06759689051980067,
84914,33,-0.2534027584547074,
84917,131,0.061526410878443745,0.4878364484478622
84947,83,0.018482380452122603,0.33511423244211275
84954,68,0.5264631414308871,
84960,60,0.023146408417835926,
84967,94,-0.2735528734480023,0.46530713312616057
84969,46,-0.21779014999607274,0.0008967752919202429
84970,59,-0.4691545100552654,0.6545996020389011
84971,91,-0.17632083406795362,0.7626031737378143
84979,44,0.04972454363159598,
85540,54,-0.06823302369683036,0.5260230815217191
85542,69,0.029159835869150216,0.6764745417219399
85551,57,0.04861570449143689,
85566,66,0.16393360531453957,0.060227171893789525
85576,56,-0.0003596959493770527,0.03003584267181127
85594,40,0.17050442680309244,0.87136938288953
85603,38,-0.0066929819285763865,0.057122547246898726
85605,77,-0.07443860735571638,0.009461927255011566
85608,14,-0.3374649027422257,0.02585638659861173
85613,43,-0.15236551568126527,0.6537773178810203
85634,43,0.4057612919406742,
85636,35,0.33131533323796214,0.3545245326257872
85641,25,-0.4034632109533989,
85667,80,0.24790660208379897,0.7872763655575836
85673,68,0.05805349823606044,0.7580574990041732
85681,56,-0.16711515097957297,0.5183482906222164
85686,43,-0.2327739579895346,0.3468659931332329
85704,72,0.2580519220601656,
85707,53,0.358389225284313,
85713,49,0.21953832644673366,
85735,38,-0.047729150296401554,0.4834847123006748
85736,16,0.019572449446224986,
85764,29,-0.0007444311996780311,0.8897514094546698
85765,63,-0.09819053305342172,0.5193814806626125
85768,91,-0.01139940058714873,0.36179747710657983
85770,86,-0.0749171746996709,0.055866709507824255
85782,45,0.24885591897209583,0.48030828189481856
85784,13,-0.6873629676493787,
85785,24,0.28986037003878484,
85786,29,-0.39170065465451626,0.3959266705093572
85793,58,-0.3427480759665298,0.7507223850317634
85801,92,0.018612847963513923,0.5783818472634626
85808,22,-0.18687382447190967,
85810,24,-0.4243710159151347,
85825,19,0.32689994004011336,0.19345179708930127
85826,53,0.1324369925818293,0.39968673413669875
85828,83,-0.25043746017194096,0.5614725503794902
85848,180,0.01772916277019367,0.8479024484602755
85850,25,-0.366422043133467,0.694329994205934
85857,25,-0.6032352438991274,0.31660972943474464
85858,41,0.03949276842303458,0.3447445956246228
85862,51,-0.3057954314380238,0.48282015776661
85877,64,-0.0023088176211376182,0.036548425463772544
85887,18,0.3576616648546495,
85894,18,-0.07815394405794711,
85903,41,-0.11210178419354716,
85905,50,-0.02372046145434402,
85920,37,0.05328473711606708,
85928,58,-0.30467889066092896,
85929,89,-0.04222803580093519,
85930,111,-0.04645280371302315,0.42151472734884765
85951,41,-0.14256904122648517,0.3302449094848834
85953,18,-0.042364195323058615,
85954,29,0.17146419210525365,0.7201671395952273
85955,12,-0.3560812049153447,
85957,14,-0.019596118367394888,0.22107332412731986
85964,18,-0.12168290814475387,
85969,35,0.006678026559413686,0.22439053145695628
85974,29,0.47932502061815463,
85976,31,-0.1834995439641639,
85977,39,-0.05429136263872132,
85979,91,0.07979221519887131,0.7052707195727022
85987,46,0.2629207619613867,0.6522301910471018
85989,76,0.11719013277479794,0.6149813476614254
85993,20,-0.08750600520401458,0.6024780206969624
86004,32,-0.48596097890468276,0.007302099098021437
86006,128,0.09293243254586099,0.16585075330582352
86031,95,-0.2520460497179636,0.40600696790664537
86036,13,-0.3475366663709431,
86037,15,-0.23285093131159235,0.2849482597230976
86038,17,-0.2037282637489364,
86039,14,-0.3703705055191031,0.41544878429161336
86058,15,-0.9139330670182145,
86071,25,-0.6855786223646382,0.5276891339092418
86098,43,0.1294833112688194,
86107,30,-0.27847838307530814,0.1632551870059855
86108,44,0.2932697245557005,0.4885429684465007
86109,39,-0.10433830271349441,
86110,27,0.3119865580862699,0.8424666031005529
86111,30,0.032194277924435376,0.018771463300620697
86113,35,0.19653615058805812,
86115,35,-0.2954095275676397,
86120,40,0.09625154948243997,0.22033375344716352
86122,43,0.10141524728377423,0.5306720570945469
86123,43,0.06446470251755693,0.4400330054122067
86127,56,-0.26897889290941085,
86130,33,0.18282222172252988,0.7383531193482011
86132,26,-0.0860428243519559,0.9618924519693578
86134,23,0.07144078925375597,0.46995361673783387
86135,17,-0.07313639821378505,0.8310423269413508
86136,41,-0.06598069268938718,0.6680185081821475
86137,18,-0.5781655052975484,0.6682161172231815
86139,20,-0.50772878078891,0.5770119080652711
86140,47,-0.1357823204138968,
86142,14,-0.5919132346159697,0.6860269128920045
86146,19,-0.1547882486679667,2.9755740056994726e-06
86149,40,0.07332828149465863,
86153,83,0.008289679504752106,0.5529188298536007
86154,31,-0.1837973562986473,0.46719295181765585
86155,32,-0.1651934345642229,0.5234799303749643
86162,54,-0.08034614928547025,0.5961141204129343
86163,41,0.11555106732002755,0.6478621731335609
86164,31,-0.012232900336753847,0.605634871223534
86165,51,0.14275736037501263,0.09620319950149417
86166,48,0.10438304618743734,0.7156631294144818
86173,54,-0.046669399494941505,0.25608063268915404
86175,21,0.01193216099988851,
86176,51,0.27575865853918646,0.1065031430941413
86178,54,-0.06858696253754035,0.19965402630168305
86180,46,0.32227833253666,0.45397387451847027
86183,52,-0.21814109122311823,0.26884754584674975
86185,70,-0.17077181743138659,0.1564337026828521
86186,83,0.02123510448850438,0.5267664671501868
86188,58,-0.05693421795310727,0.004902534383073112
86194,29,0.29054890194758,0.07823118560057152
86195,33,0.08807235163847615,0.0014356236955675493
86197,29,0.5787147583660778,
86203,60,0.05779932924735195,0.5681851679440206
86204,66,-0.16511702243885287,0.381077635869316
86211,79,0.0621156219712994,0.32954010478203666
86212,92,-0.3031183339848261,0.5342109037761164
86213,114,-0.34057822185248543,0.023289924340727648
86215,47,0.03665013878320938,
86218,55,0.06391455007024638,0.2787060972607573
86221,30,0.22268285403963983,0.46387132014634036
86224,77,-0.22331788735704275,0.762709239272381
86250,21,-0.23430188647664787,0.44819560777484024
86263,22,-0.03280934304320377,0.4517536618479796
86267,20,-0.2786415075292639,0.7981069059648432
86274,5,0.37679840320942537,
86276,7,-0.5209177926687285,
86282,34,0.16554619385451907,
86285,65,0.11480306939107598,0.5195651765391223
86305,43,0.17767350459034298,0.5941645017560213
86306,36,-0.04991033515134511,0.6959783351066368
86309,12,0.6120735133066296,
86311,27,0.4796145454625319,0.6445812758574521
86313,12,-0.3089938609051435,0.0023058674334572385
86314,25,-0.3626048774589114,0.09843199213973666
86319,27,-0.4402145316772256,0.002124672216203542
86321,28,-0.19205411045163132,0.37199225078055737
86323,31,0.1257126894795956,0.3937779472665423
86343,95,-0.09926398684453126,0.5532757005016764
86346,84,0.12585006264903056,0.9443437757066327
86348,146,-0.0823529284618179,0.06517414116259254
86349,101,0.004641468275229727,0.5432975489756846
86362,37,0.34704798767622735,
86366,31,-0.015064421387584024,0.57143385016305
86368,34,0.2929550464182198,
86373,64,0.4882831679115717,0.5001858441498389
86385,74,0.2359077067686309,0.35186031465898615
86386,76,0.03436759293410712,0.08113818829173011
86387,37,-0.3043638965898438,0.3136472966385675
86463,29,0.5114938940490626,
86466,29,0.4222476945676156,
86468,37,0.5131080725789056,0.4702532687057197
86469,30,0.22840757620581037,
86471,25,0.760046808593798,
86472,45,0.4493901930777831,0.9259247897759448
86473,18,0.02317495539579309,0.3194907418177983
86478,24,-0.49903194736034723,0.3231575097801914
86503,53,0.0015857904155248028,0.744245649569646
86504,54,0.18111151736154918,
86505,54,-0.0007808995255952548,0.38117244917417126
86509,50,-0.1585041956630459,0.6029523595675081
86519,55,-0.20235377771738475,0.16085642961678265
86520,50,-0.012255465440637067,2.750262901189214e-07
86522,45,-0.20518406354457477,0.010832463391686349
86523,54,0.06445139766238694,0.5551361931918863
86532,19,-0.021224644318192123,0.002270789837802086
86533,35,0.45241597667426564,0.6962770686744612
86534,37,0.27166521105406805,
86545,55,0.026342803993131936,0.008805182860775057
86549,54,0.13926247923305957,0.03484817007110182
86550,19,0.014243073799975274,0.32382955671081376
86553,32,-0.6739093695281979,
86556,74,0.23958407655455038,0.3519601625475274
86561,56,-0.2676888203660191,0.15461885783846901
86562,29,-0.14755052417823508,
86573,37,-0.2780618442762076,0.3454566511027741
86579,52,-0.5026543199153463,0.38263022016634457
86581,39,-0.0031627304560199504,
86593,65,-0.583888523429268,
86595,93,-0.17248814833887502,0.5001391686289078
86597,84,-0.11183719886873347,0.3080055535761678
86603,8,-0.24229347600415393,
86708,20,-0.16372689833242424,0.6660625325408382
86720,74,-0.3364640308245945,0.0002612317610032867
86723,46,-0.16414654502736514,0.216228398275452
86732,88,-0.26861282784476037,0.46069609108103204
86733,88,-0.2656746961377986,0.5031020660474286
86734,38,0.07011920189070425,0.8812271294918996
86744,43,0.23953286429374085,0.8921095106096152
86757,3,-0.46060452554693676,
86767,60,0.012022764676577076,0.018187349195652753
86768,110,-0.1374059128485571,
86774,27,-0.22869761723391782,
86780,33,0.054895630841428775,0.20503261295879485
86793,66,-0.3069141297254344,0.48787759690629395
86797,103,-0.11005411684827159,0.754358937228602
86811,66,-0.03239685764813886,0.12546494613115547
86832,110,-0.31885093433221984,0.031740477550486104
86835,20,-0.29137100002319627,0.23631030268799447
86837,49,-0.32426136629735663,
86838,28,0.18250331955002774,0.15510717400002766
86903,97,-0.257391108990373,0.9502054183674745
86907,92,-0.25027712508454814,
86912,96,0.0832482218790798,0.00038817018288049636
86923,98,-0.04398680273583282,0.4615839145114853
86924,79,-0.07041851999002155,0.49481731717937405
86941,29,-0.4244211807490945,0.5666107776246612
86942,65,0.056882642809706126,0.6791995237215863
86943,171,-0.039029567258779596,0.7346954016076057
86945,87,0.3215521603695624,0.5297976951142668
86947,49,0.22446987941586796,0.7835819764595408
86959,53,-0.09102669043583965,0.25185244272105034
86969,52,-0.03848226385364061,0.7639471761544017
86972,50,0.15176860909278417,0.09204680360209744
86977,21,-0.23871230660046516,
86979,47,0.12690883238421594,0.14551169097246378
86985,65,0.11080688329343724,0.24715134913117523
86987,38,-0.3874412226213322,0.03178282332269568
86988,26,-0.13481178640933922,0.0054281745851070574
86993,29,0.1097969004801181,0.1663007780604733
86994,28,-0.24983522023277174,0.6261420268943818
86998,51,-0.17309712592370277,0.24449694340189929
87001,61,0.09787010892241159,0.1638993937164932
87003,52,-0.07279957247708123,0.655021999728589
87004,67,-0.09419889817503395,0.1301905885934297
87008,32,0.2565178369183852,
87009,87,-0.011166026190595072,0.6445851071551159
87011,65,-0.009904607857674459,1.5226090472801705e-05
87013,57,-0.025404468201488964,0.6292433132237787
87016,51,-0.3567641737243272,0.28654616361073
87017,38,0.009118137719361723,0.33337616873668086
87019,36,0.12841007007919736,0.4078150699027596
87021,61,-0.14537385518501464,0.7600316898602404
87022,26,-0.031199132267292227,
87025,30,-0.2653673838826841,0.41833661055045346
87026,44,-0.2927338902981399,0.48451237127010627
87027,34,-0.4799725552573308,
87031,32,-0.05800070489908191,0.010623430877594738
87033,54,0.12230736393726728,0.41798582908094595
87035,49,0.355916417072342,0.7130676414115246
87036,54,-0.2776819491933785,0.8431327663407974
87039,34,0.16597275989208812,0.0010725818538787966
87040,62,-0.0058328671287494905,0.10434030941340185
87042,46,0.4112282021804051,0.45130206681063223
87047,39,0.3738518748405285,0.8599546523272468
87049,47,-0.16041532567710845,0.00379553292935827
87050,54,-0.08122749618845942,0.3708803607274763
87053,34,0.04163245340789742,0.00781383597641884
87056,50,-0.27139009759814414,0.05288313643295521
87060,31,-0.1858054941592325,0.07693061539894765
87066,48,-0.12555966425082246,0.8088632078546485
87067,44,0.36530512166136575,0.034344449340787606
87069,37,0.11006277704152412,0.04230696879915305
87072,36,0.1043452371286048,0.6785626228672836
87073,40,0.1582877348617141,0.04365550049511056
87078,42,0.07907233732254965,0.45231974150044096
87079,50,0.06318759594728351,0.6686842163064075
87080,41,0.16413799036625065,0.04638699158018668
87085,38,-0.16763103003666058,0.3928528722470265
87088,59,-0.1027844263196187,0.16387913449753214
87091,53,-0.1625132649396907,0.3804295312346163
87093,30,-0.44338507192016896,0.5186997116620046
87096,38,0.023050384784392496,0.6383776543582051
87103,72,0.2113416398472899,0.5912616308305048
87106,58,0.15001052106951213,0.41741895194767464
87108,31,-0.004282912518744749,0.5684272952034997
87151,54,0.29866592647996815,0.713555807028112
87158,33,-0.419003379960142,0.5353474472840072
87163,41,-0.09285899480611577,0.533075984925034
87164,62,-0.05602802599446926,0.4653151636184213
87165,47,0.1334688168278195,0.44575726071714494
87166,68,0.2068656041051736,0.44897367485001527
87173,36,0.19956467644661124,0.32308130644590827
87180,34,-0.030322145836846646,0.18134371943475247
87185,57,-0.20264555584155827,0.6590021379614088
87186,69,0.17164385323685608,0.3401165288757049
87192,52,0.091063072953073,0.801724407354612
87195,29,-0.04191211832173516,0.594874491691707
87196,38,0.18626234396673838,0.6784945553663991
87202,62,-0.12689111863910807,0.09714058381064869
87205,29,0.422025817062031,0.27206783287297487
87209,47,-0.005431037213172826,0.006312585033529452
87210,38,-0.09507309912731916,0.40196203514391715
87212,41,-0.018497911753358107,0.6498931444705446
87223,30,0.14492507466949012,
87228,41,0.3386787947162773,0.5273942036510304
87229,21,0.423758579499568,0.6384313747580663
87231,56,0.19437542897172141,0.3594405101429527
87243,33,0.25739862250331746,0.5661008821963678
87244,54,0.06550547977655202,0.6350890762984054
87250,61,-0.06765455309317091,0.3085946784688464
87265,60,-0.12097798629997454,0.32958061057041854
87275,32,0.542368273683388,0.7153580455184839
87283,46,0.40839798507540165,0.7022200224064573
87296,64,0.1062100145696476,0.6266888545997207
87301,68,-0.1368554549486491,0.39371967228581156
87308,76,-0.03719275149735172,0.7467802097422699
87309,47,-0.1699137142709809,0.9601646575467416
87317,23,0.0006838900213924479,
87320,65,0.039264688738221164,0.4466538484143405
87337,40,0.07573075083774523,0.4158261351257701
87338,32,0.26287402275900323,0.01460078950165993
87339,33,-0.06874963712416879,0.4941643374898854
87340,88,-0.012099300844859922,0.23981783816328522
87341,46,-0.10430009867067612,0.07748766647465667
87342,78,0.0777970233563115,0.3324124273924185
87345,30,0.2697948248066715,0.4061026105103108
87348,53,-0.2071760801098222,0.4579055934021863
87352,72,0.04828779618201072,0.005793574873903975
87356,12,0.3244625952379864,0.02301668248454665
87359,65,0.034585806778903674,0.6498288964687293
87363,85,0.08327003556278548,0.7206734957624568
87370,53,-0.1572015763275961,0.5409746307918282
87372,19,0.11026256657979988,0.5577054097925366
87374,76,-0.09861582547114536,0.8506006194965289
87389,48,-0.18223243167918562,0.00013118833822598172
87391,58,0.16580499131839505,
87394,26,0.0018634756722687499,0.44037237721313205
87395,12,0.013754071217383774,
87402,20,0.5928314715592912,
87403,32,0.12672953632423642,0.0697104420910869
87416,158,-0.10470081839472441,0.05152426903550854
87417,17,0.4888928017000632,
87422,15,0.2834811963748044,
87423,17,-0.22194126474808923,
87424,19,0.369022970896863,0.007046155351349104
87426,13,-0.40854285142077823,
87427,56,0.2318510272016379,
87430,27,0.3172553475255253,
87443,23,0.37269187348050253,
87444,19,0.1510477068968667,
87447,72,0.06223080147189988,0.6186941579701815
87450,97,-0.022116425177206283,0.3800264893438331
87459,34,0.07029468445817935,
87460,57,-0.041687194193171656,0.25565690421502435
87461,64,-0.01073983438869983,0.4510641641862412
87484,19,-0.013741778890250576,0.24717714938726454
87489,15,0.16040287828475316,
87492,24,-0.029293965865554984,0.5813684114565649
87499,12,0.04102702070743945,0.0001273382552002327
87502,13,-0.4350571268409226,
87505,31,-0.04514238790982593,
87521,24,0.035782967441183214,0.8862314162774212
87541,42,0.18784866919688487,0.3869957305291885
87552,32,-0.17496971401136444,
87579,26,-0.21817822030793999,
87583,22,0.10225903804258961,0.12073178616407187
87590,21,-0.3768852992851518,
87600,26,0.25370019350567924,0.07901962869532594
87605,31,0.007762827273356338,0.5198719528113438
87610,25,0.05328395875825089,
87614,20,-0.06456019722258532,0.6306582178028012
87630,24,0.22888689673375187,0.6392997382699572
87633,24,-0.14272216719296454,0.5469732547679924
87636,17,-0.3458048781811045,
87661,24,-0.09386649376954596,0.40839197138955124
87667,23,-0.2862075869684727,
87674,34,0.36970108354924813,
87680,23,0.0529635131311313,0.4454173276903625
87683,20,-0.1256080529332864,
87687,26,0.2971796841368172,0.0055030769786858745
87695,23,-0.46000904929345854,
87698,51,-0.48817724278231467,0.5369646434503794
87717,57,-0.12281407662565832,0.10741393695692641
87718,62,-0.08389819244935222,0.5956520909323888
87722,79,-0.21664770718812812,0.2635440801177597
87723,80,-0.05234222358100935,0.28674027341583663
87725,68,0.2527726912749408,0.3435588548779248
87726,41,-0.1638141922254723,
87727,44,-0.053233805712040616,0.40458720418783967
87729,45,0.023391965681576234,0.6997929052349363
87733,9,-0.29106364839503257,
87762,27,-0.19425064990929722,0.029655208219752982
87766,26,0.2524259314121633,0.8108656243452773
87768,20,0.3864878244206285,
87769,11,0.5661056193852974,0.3941333006225609
87815,30,-0.16681389796174417,0.2771776352965193
87862,18,0.11570952393437633,
87883,29,-0.32627995206613647,
87948,32,0.0295206288157326,0.021757969292177354
87955,46,-0.15150821447648277,0.6116778219451429
87957,56,-0.10931809351714039,0.5968221385472134
87963,25,-0.035098458329312215,0.02848462490208738
87965,35,-0.11885159929112689,
87966,33,-0.13994814117607654,0.5452160189538374
87967,26,0.34223570180640617,0.6553613072416691
87979,72,0.03157241720830663,0.5379000834329803
88017,34,-0.17251828041997586,
88019,34,0.4730524101846245,0.4781194418199475
88023,41,-0.43766356106382825,
88028,17,-0.20361043984127714,0.6370683758031737
88030,15,-0.15107572583627787,
88032,21,0.12960888858202507,
88034,24,0.30296527675788215,0.543140180990757
88036,29,0.08669722686777846,0.1253697073857273
88037,34,0.1597081161181703,0.04931021765168488
88039,35,-0.13064420246517186,0.4293987319870084
88075,38,0.21440308112713757,0.4681391767967784
88118,140,-0.10262579971477594,0.15555967953183045
88120,62,-0.2773550637725596,0.5048961459842891
88121,49,0.41218609714857385,0.6567575288406078
88122,71,-0.0421777505605647,0.5669342682711922
88153,43,0.10669384044559538,0.6253090896284834
88154,53,0.06834481918360373,
88164,23,0.3969517481553805,0.5407871761512231
88166,21,0.5503395313551093,
88227,16,0.5227472381271585,0.5741437267449174
88428,59,0.11820866426832705,
88429,68,0.05050514965135948,0.8430952984363627
88432,22,0.3630425219711758,
88434,17,0.6142873487290414,
88436,18,-0.23188015963622027,0.08600765519148292
88439,35,-0.3178152657312533,0.16523282003490045
88452,60,-0.3335936944668434,0.4256945051426786
88454,42,-0.046371132476735175,0.6027267391527857
88459,23,0.18195599407848137,0.42096396650097456
88483,14,0.05761443384790702,0.5112962926255908
88491,12,-0.08645968575669451,
88492,31,0.18391664944260913,0.4368652468392791
88494,12,-0.2556294615185339,
88495,32,0.20305509102941902,
88497,25,0.28398228890486205,0.8571562189883237
88498,37,-0.11264285608495415,0.8077021500768674
88503,59,0.10642332774971755,0.7077769279425745
88505,7,-0.27562930806886426,
88534,8,0.1447515665294735,
88537,12,0.19950043490700575,0.7136472731788136
88539,12,-0.40281882315715467,
88542,9,-0.4805820831853276,
88543,14,0.2542059884357611,
88545,15,-0.2748532927003295,0.3853322273955523
88547,15,-0.6555433877607137,
88549,9,-0.8178755792572017,
88551,12,-0.04727563550691855,
88555,18,-0.34360716407702246,
88556,12,-0.557270209059588,
88557,21,0.1203080178760437,0.5660021262404596
88572,19,-0.14912222333313221,0.20965360319047824
88573,39,0.095761728692111,
88639,46,0.06251259613616406,0.5242629223855574
88653,111,0.10008536094013616,0.4713846872008908
88661,76,0.27079042525931774,0.8163481211692164
88663,101,0.3359894883230323,0.7210689197041142
88667,77,0.08732304520081906,0.4133830749485724
88670,70,-0.12495429852626616,0.4065584842726626
88671,89,0.084305479749869,0.22311295948909218
88676,82,0.3302386481397974,0.46346047376201016
88852,24,0.2961481075047542,0.632243833100144
88862,8,0.2397377484229745,
88869,12,-0.0733982898286357,
88871,17,-0.603031808241902,
88878,36,-0.03130023312590765,
88882,15,0.5475449163443731,
88891,24,-0.0909024449630124,
88895,21,-0.43065859899466996,
88899,84,0.02967701795965469,0.3824099958206664
88900,72,0.0641869522352716,0.7741558299401484
88902,61,0.2756755452818071,
88914,26,-0.1438282459934974,
88915,23,0.24724561862963035,0.860958633254177
88918,19,0.5857554918413121,0.7008591547612402
88921,20,0.7367746416853448,
88927,35,0.32460048399500885,0.0029927967210028597
88930,26,-0.03912544282428009,
88931,61,-0.01610604203879416,0.005790524172020056
88932,30,-0.0692624995967255,0.03902284607887224
88934,21,-0.3998480339249945,0.5468179156233448
88936,12,-0.14110090361527328,0.45685485153856303
88937,34,-0.1437635458789365,0.00017099147334499227
88939,16,-0.1551760298046673,
88944,29,0.05017194845880042,0.5196315143423765
88945,12,0.3228262742511152,
88946,22,-0.22411856248117926,
88947,32,0.3189758543404404,
88955,23,-0.09579701825117116,
88956,25,-0.12491323516360577,
88957,23,-0.04560957369333412,
88959,22,0.2636326593193034,
88960,22,0.06018372246688192,0.6980094502570419
88971,63,0.10547127168366029,0.23131669292415227
88972,54,-0.3135703221976588,0.20058526151369147
88973,18,0.26068485480856995,
88974,61,0.007795938987130844,
89034,44,0.1602274192633359,
89035,46,0.33246907825469973,2.556116636647668e-09
89040,88,-0.08070004191201761,0.3074393236179382
89045,80,-0.19697949081766702,0.9029626179748891
89048,69,0.28015096547628293,
89052,18,0.3686524565340659,
89059,69,0.1806896580064306,
89060,45,0.4326257913096612,
89061,27,0.3662245137144498,0.0752779864864238
89062,118,-0.14607693870089222,0.21398947138392904
89063,62,0.09700569003238368,0.3530221144941248
89064,74,-0.056371374341451376,0.6003865403978303
89065,63,0.046434676523589895,0.47593079601608335
89067,24,-0.1623490922074428,0.5095572280317846
89068,13,-0.35228022105406664,
89072,35,-0.14940343819254426,0.771096992283608
89073,34,0.09643869927040136,
89074,31,-0.08798892168328026,0.23297380692235783
89075,24,0.11567216194442409,
89077,57,0.0725605680500222,
89081,30,0.2803785802109279,0.5361418276487888
89082,1,nan,
89100,31,-0.20292959205377592,
89102,1,nan,
89104,52,0.0522141548136326,0.7781138488322072
89105,28,-0.08714952322815743,0.7813869661601531
89110,26,0.20143208706768415,
89112,39,-0.06116485063123494,
89113,50,0.08323121638806275,0.02445970292201051
89134,124,-0.16673554852581418,0.41088774615530554
89138,35,-0.06279607817185187,0.7878923738436809
89150,35,0.26407792507304784,
89151,48,0.11292754039843056,0.0704642941446654
89153,50,0.005614601806230551,0.6079651716457974
89156,41,0.03534715756468634,0.3431788294096483
89160,40,-0.1492742798296807,0.7371872918268317
89162,49,0.07912876622677062,0.6455200692501282
89163,45,-0.06557762659655562,
89164,48,0.038131441758876325,0.3575727596861555
89165,68,0.07015522441667778,0.3269028366098389
89166,55,-0.039450076486841054,0.8455544497853865
89167,58,-0.0981507947561347,0.3699317226151161
89169,51,0.08956274289612091,0.8721411307468423
89170,72,0.11545563439328327,0.16838525864436424
89175,38,-0.4293103970257569,0.626970639973893
89180,23,0.4381766606364257,
89184,5,-0.9620372970514723,
89188,50,-0.2533138601182653,0.07096083739000428
89191,6,0.30196328409745177,
89200,5,-0.7309092508835631,
89202,5,-0.4283000495936375,
89206,56,-0.0696792475063235,0.3013621665266465
89208,105,-0.017997802804013405,1.5284565528396296e-10
89213,28,-0.5850289341695141,
89214,29,-0.08571870556038462,0.7271623255464714
89232,128,-0.2147675053548259,0.7795416944185513
89236,109,-0.15624191727738737,0.7076565894277846
89241,116,0.06827231430032818,0.41501901921780315
89253,32,0.27335603688227916,0.5313064024404295
89257,27,0.08353405395922565,0.1450391481975551
89274,77,0.053805301327586694,
89276,48,-0.14779162600545695,
89277,37,0.31356384943139626,
89278,42,-0.055371980740248496,0.15946757020387026
89285,30,-0.10131822176046826,
89289,7,0.12595428682758966,
89291,77,-0.06922753792923758,0.17228233601128584
89294,98,0.06439433309720456,
89300,76,-0.0815502720508981,0.1156118055319104
89341,11,-0.35898498781766125,0.9302997640150357
89344,25,-0.25175215888725616,
89352,32,-0.08551808708725518,
89355,17,-0.10840090189607728,
89356,35,-0.18069249897118841,0.57278910464192
89357,25,-0.11966208585819846,0.8079902438176078
89359,33,0.1528622402675997,
89364,34,0.31299400805189886,0.6116814440465412
89367,37,-0.266929627765212,0.3118811333865347
89376,28,-0.2485051995511589,
89378,52,-0.14009264074318786,0.4082828705437862
89379,38,-0.14482353335612547,
89382,28,0.040075992789169054,
89389,125,-0.007653070451785781,0.1555618810131294
89391,140,0.10825065730514245,0.6652719768978291
89404,13,0.6799850923877298,3.913841581624142e-06
89409,55,0.0008213008721097592,0.5800186727088277
89412,56,0.12656034636478017,0.19992775221982656
89414,20,0.4698412679805637,0.013364641809824267
89419,45,-0.6551020293419865,
89420,22,0.03947511604921356,0.0007940757943010225
89421,77,0.08383667849919471,0.009177706941340907
89422,35,-0.36775643546282827,0.37558181176293837
89431,13,-0.1826463322916139,
89434,116,-0.016018966175201935,0.3488864489932207
89447,20,0.33373840565306206,0.20675573179450607
89455,23,0.5633207196201787,
89456,42,0.014331000992464338,
89459,3,-0.412268673875636,
89998,124,0.1254911914814331,0.04278604426377937
89999,18,-0.06503968735112126,
90000,7,0.3447757640460638,
90001,16,0.5351423579651178,
90003,18,-0.04498312245149385,
90004,16,0.575926300125266,
90007,99,0.0002080189555902904,0.1918993537537369
90009,42,-0.06406188666490377,
90011,99,-0.2034154639052263,0.45593229643072
90013,89,-0.06340025724829461,0.14890176122987706
90014,68,-0.31526046050018564,
90015,82,-0.052949866318348915,0.8425100056778823
90023,119,-0.013217260527377947,0.9052775044510867
90024,123,-0.011190406831576512,0.19049899092350125
90027,100,-0.2908434347082609,0.3701759924122545
90029,117,0.05952380855694194,0.012911166249866077
90030,81,-0.30143242937050174,0.4813931710303082
90031,81,-0.22313875757515633,0.24724134769714098
90033,132,0.09365065978814245,0.45204770646449766
90034,92,-0.17111410817106773,0.6436153864749199
90035,98,-0.14700023108114998,0.39840216174822174
90040,54,-0.10783906315476595,0.3182704363508111
90043,81,0.2575915256387112,0.029958106409103843
90047,117,0.09529528862785286,0.3928599183786038
90049,77,0.17563007421522547,0.08957749306464413
90057,107,-0.12828146355803466,0.761828267723978
90059,86,0.20357893027977816,0.800575895962811
90061,34,-0.20539387636096218,
90063,26,0.2225208527558884,0.5250972528514857
90064,70,-0.3366875762545692,0.557316309719297
90067,27,-0.2131967782310144,
90073,95,-0.08656106807038702,0.6960955566737625
90074,34,-0.32868291118646686,0.8053919109320506
90075,87,-0.15294508813254507,0.2736805764373068
90076,20,0.5802132267597594,
90078,125,0.07675859397780241,0.46287913397921665
90082,31,0.21767882044990558,0.6232602212869156
90083,17,0.5671138667893072,0.733413656244157
90092,28,-0.23051543000240432,
90095,26,-0.12555873600241638,0.6918279964788873
90096,26,0.026433813818425342,0.4422349603546015
90099,39,-0.16145458639175783,0.26400471648460866
90100,42,-0.003001585426876306,0.41999585905353043
90104,1,nan,
90107,50,0.005776741536467132,0.584042347813805
90108,68,-0.0934193646330629,0.49237161760354653
90111,22,-0.1609567832451721,
90113,73,0.2213331755625912,0.4379943531996655
90115,121,0.27455448658795534,0.6053590354194052
90117,54,0.29905227672192736,0.46346354431392867
90123,61,-0.09460351486062836,0.3647121759490718
90124,66,-0.059307274034151106,6.131734327860847e-05
90129,83,0.116698925466576,0.7351103622771418
90130,60,-0.003916027403911268,0.15183301045565323
90132,270,0.0003074106644199135,0.4514752164750041
90133,83,-0.15410577467809483,0.12468259691861384
90140,227,-0.012673211060400879,0.17060679277265314
90141,45,-0.03265983514639942,0.23694959509588182
90142,46,0.013793313480394576,0.10097388678697865
90146,67,-0.03578098003317128,0.7846207727255502
90148,57,-0.13264938802863266,
90149,25,0.5736241853183666,
90161,70,0.054601012906836215,0.7025720668769772
90162,31,0.09051532954475394,
90166,18,0.09742061199047485,
90169,15,0.0007982715876492755,
90171,14,0.5916177958869365,
90173,13,-0.23881849365930743,
90175,17,-0.16812827068870553,0.7542116358913824
90179,19,0.6753819253567817,
90180,14,0.27750834895426796,
90181,15,0.3287217405822213,
90182,44,0.5349747473173914,1.747802168030417e-14
90187,25,-0.4238482650288715,
90193,111,-0.17184793662276476,0.21380719473364665
90199,28,-0.12950495632524672,
90206,21,0.15757056777392317,0.7739378169333724
90209,29,-0.15109612214230392,0.1907366192385546
90230,17,-0.26188108659155646,0.03302667876465172
90232,29,-0.29151124588969285,
90234,21,-0.23105101287842464,
90235,30,0.3285971195110109,
90236,27,0.5388389391722349,0.5929439894004209
90247,27,0.23676142739777134,
90248,6,-0.6027711261218703,
90250,17,0.40611536126297654,
90261,34,0.07363516547642177,0.07805575586840204
90262,39,-0.4882254541715811,
90276,29,0.2563837015032509,
90279,31,0.13426449536739438,
90280,34,0.2867859484871447,0.0014484419083582493
90281,133,-0.18179689186437276,0.31556619896615545
90371,51,-0.14114442279381892,0.5115512840595725
90373,28,0.33452090086338565,
90376,28,-0.08001671463494205,
90379,43,0.13261017957334323,0.16257388940303585
90385,31,0.22619112670511007,
90388,72,0.18120584122773115,0.09587902306795054
90391,77,0.3147831854577768,0.6146811596088442
90392,97,0.06643223256120341,0.02527315812731451
90395,96,-0.21762523418586482,0.7324612444976896
90397,126,0.06642291298290665,0.5508142019768367
90399,65,-0.18592366381500375,0.007904945126326139
90410,79,0.06830860800914018,0.37674064431832466
90411,118,0.059534968829743545,0.40281470603865654
90415,136,0.14914766387931988,0.6226174449794488
90416,128,-0.045790229580876605,0.667976955050823
90421,99,-0.15943182259039568,0.615165262955514
90423,90,0.04941522012392725,0.1853670838496941
90428,93,0.3154564512670805,0.43759596991493765
90429,116,-0.05813656142583357,0.7709412541653696
90433,56,-0.049437373849962524,0.6463898432026871
90436,70,-0.25007771007204826,
90437,105,-0.027304550975972453,0.3876208747181793
90438,97,0.08380828982782393,0.6036295119749964
90439,133,0.24742979953733463,0.45364260113090127
90441,117,0.008987998327765602,0.12856700669643917
90443,182,-0.03176883680986961,0.5509039689391848
90446,92,0.06295596740275483,0.21170096372869365
90448,115,0.02331262471614462,0.10679523894289593
90449,117,0.044682613644700955,0.15343146767551538
90450,110,-0.1517409866107851,0.5142717744050933
90451,143,-0.02347635146541384,0.3989127689839784
90452,82,0.12538342413065354,0.7462878301107507
90453,114,-0.07227363209426298,0.6295494697351003
90456,106,-0.3672255315735264,0.5123138482206963
90457,164,-0.06921409269944967,0.43736333509263214
90458,103,-0.09963436917112727,0.034350839165393665
90459,116,-0.321772156166979,0.33163482852245707
90460,123,-0.09311665503607394,0.5795220847318817
90461,102,-0.18968406605460572,0.24836764192273453
90463,127,-0.04631354727530428,0.0010545993509610558
90465,116,-0.09647417794553409,0.31308950399871893
90466,118,-0.16136782406305125,0.41956207934398326
90468,141,0.11282127571079394,0.9082720681989943
90470,128,-0.03886417782707048,0.2772011095988971
90471,110,-0.2315315657706373,0.2471924396764499
90472,101,-0.3024178040417351,0.21963255163626882
90473,98,-0.18948944679818874,0.47908971763445396
90475,116,-0.04612336003552153,0.5042870059239646
90476,97,0.04849461835596107,0.6764653823172684
90477,85,-0.12993534365564793,0.3960984410054192
90479,97,-0.26884305457572594,0.006898727841753262
90481,90,0.008118065966618146,
90483,131,-0.12616545057698517,0.5015391296169947
90484,64,-0.19870768162128494,0.837052278994246
90485,134,-0.06626951115652513,0.3173212593630605
90486,101,-0.08280210225547562,0.004748156205858701
90489,71,-0.2291160836944404,0.28079805250458845
90494,13,-0.6084693455450606,
90495,8,-0.41579929875050853,
90496,145,-0.04522024434265766,0.5204629357664425
90498,93,0.3247968133820818,0.36749344995881017
90509,63,0.042475101711817356,0.16329161558474836
90517,80,-0.0062646388014747575,0.06600608956582536
90546,156,0.12548057144776575,0.6779672479111536
90562,48,0.5154721162231924,
90564,40,0.025490933140926104,
90565,55,0.002565680637485653,0.8148186536915932
90568,19,0.11209229799387631,
90569,64,-0.13221190722453127,0.41862500477369036
90570,294,0.053636025052427413,0.19950200724414993
90574,145,-0.06942579155458165,0.6308083941570973
90595,2,nan,
90596,36,0.35931992985809963,0.7609444103490425
90601,39,0.052849302583897285,0.6490582828406428
90607,37,-0.17655168022846446,0.8864087225363793
90613,32,-0.258132121820661,0.8448529291057254
90616,176,-0.15955769181623286,0.23901108916821137
90618,41,-0.1410286805969602,0.006970982055486799
90631,37,0.4466426826111516,
90637,50,-0.03919990234822022,0.20078579656168333
90638,28,-0.009523873099588723,0.644402105512151
90647,14,-0.10588672648534059,
90651,27,0.3352114970825621,
90661,78,0.055856245141751,0.5617903426402959
90664,83,-0.15635189387795312,0.009185170863844749
90697,25,-0.21966510419184374,0.2612067576126371
90698,36,0.2433014681936768,0.2711166001888872
90702,41,-0.06491667709764352,0.4336844987923867
90704,15,-0.053226418924967364,0.5005359303262544
90713,56,0.2542180328767763,0.4259456022339987
90716,44,0.19440832685723508,0.18012009327411305
90722,27,0.08217426077346918,0.6016424579027204
90723,18,-0.36003473906769057,
90724,19,0.0388340647626728,
90726,36,0.3022987341447228,0.7600933356300118
90728,35,0.3766927476059288,
90729,30,0.44592998667225586,
90731,37,-0.44708638731348704,0.4600810954021912
90737,11,-0.025586646809151722,
90754,121,-0.023188703882279504,0.7375553163933821
90756,21,0.4642712664834029,
90757,46,0.3860971979733304,0.18526691046215452
90772,52,-0.046939691121889004,0.1402139803671364
90773,40,0.1938447735046175,0.41383617892367974
90783,126,-0.18273004754588612,0.6337756944063377
90790,81,0.01063923301573247,0.2544896743751795
90802,123,-0.08707992829196733,0.5388913736908245
90804,123,0.007693845973701972,0.6480887001143265
90806,121,0.20548695985802742,0.06973420480311172
90820,30,-0.28023252175408386,
90822,34,0.10438715132131726,0.6545384146109416
90823,42,0.2656385192120415,0.09007713751310281
90825,35,0.1792329548594139,
90828,34,0.5927656736522584,
90834,20,0.28945717031901763,8.789975264250433e-06
90839,231,-0.08865701244974003,0.554300175129715
90843,50,0.3371837037637279,2.360646434442554e-06
90845,38,0.0490589368639502,0.6216016840772212
90847,14,0.7434221932206303,
90848,18,0.310451265025475,0.06580007777088995
90849,7,0.25754684572483605,
90851,58,-0.014766282732163042,0.20079689647006274
90855,45,0.04913287633217261,0.32476704078010743
90858,44,-0.3257744762157284,0.4038802962218243
90859,33,-0.009681685717539178,0.6864318441693733
90861,34,-0.009103944623032765,0.48188468305501875
90862,41,0.007249398801174385,0.4316661437566698
90864,29,-0.09443922132964255,0.30814883830443807
90865,35,0.2232718597738303,0.6000416656143418
90867,38,0.02307700708874736,3.9296582658897256e-05
90869,64,-0.08480900605336766,0.2739425049709946
90873,55,0.21370973513311003,0.42124247899456224
90874,42,0.15333260169217142,0.448345295515009
90875,85,0.21017759942685965,0.9114966333743538
90877,108,0.06040189822894971,0.25935163235849523
90894,59,0.15008605370219155,0.8644866491288902
90923,39,-0.13067576423505317,
90926,52,0.2205195985823423,0.6319645239516691
90930,74,-0.21649192511108345,0.09765292538684038
90931,128,0.19547536255594317,0.3072911391341963
90932,91,-0.3056589207060356,
90933,84,-0.0472043854426825,0.79739270591214
90934,71,0.08030839967356689,0.39251571680850517
90941,71,-0.2628327073610992,0.0004385322946357326
90942,83,0.07789612196795127,0.3402837095281468
90943,50,-0.37212114838100985,
90948,85,-0.012672426091720115,0.18969639475108363
90949,49,-0.07763520872808727,
90951,51,-0.016736628281175208,5.728172406988433e-05
90954,85,-0.14073384406396117,0.5429643477814607
90955,106,-0.19713971073233438,0.8410469484530556
90962,65,-0.07282934796179454,0.18217889613848248
90980,47,0.255931328868917,0.07844973974020815
90982,1,nan,
90991,69,0.08104546074374756,0.6502266433678828
90995,2,nan,
90996,2,1.0,
90997,5,-0.2516238701397394,
90999,2,1.0,
91007,31,-0.03714719260945543,0.019902304784161856
91015,29,0.38596206945965694,
91016,50,-0.08080876267799043,0.703963493782636
91019,15,-0.3356598526869293,
91020,19,-0.10261761488431823,0.33959298550542216
91022,31,-0.15911693994547277,
91024,39,-0.17612724559345821,
91026,38,-0.3454018401728429,
91027,137,0.010012077460390047,0.04945906493128832
91028,23,-0.054603392449083146,
91039,55,0.08319529318878005,0.004760278480305735
91041,53,-0.044835507442614074,0.1849984622366699
91042,45,0.2723432084300839,0.8917282327346789
91045,36,-0.2552903207425564,0.13995789076925022
91046,32,-0.2539854018902201,0.5224938553151004
91056,5,0.14489891337083838,
91062,37,-0.22381192947957732,
91065,50,0.026014918705292645,0.27575757264776113
91066,54,0.06309692839974661,0.5948604407979224
91069,51,-0.3354125059441491,
91072,59,0.08723085624361274,0.0029392596899144793
91079,40,-0.2576283779307084,0.9025862741854578
91090,62,0.08413780898700561,0.4770752793950104
91091,54,-0.3081176130586979,0.8012663303803083
91092,44,-0.14701923423904978,0.0025888153302735645
91093,60,-0.10242526049529516,0.8224371406779873
91094,58,-0.06484655852442024,0.17294553354968545
91110,29,0.24080768277700368,
91126,16,-0.4457470885344295,0.6375854183542068
91132,93,0.15875489016902763,0.4101014078304537
91133,160,0.02223278567098678,0.859186437190901
91148,14,-0.2842533414465826,
91151,219,0.01865386505294636,0.23466845138143202
91191,21,0.47135155015238456,
91195,47,-0.0016527098051127619,0.6464781739770462
91197,27,0.14325708085463534,0.12475509877313322
91198,38,0.3392353935405746,0.8424977253978714
91200,27,-0.007017456775698817,0.3854448053082318
91202,40,0.002045760332539137,0.044985112646457937
91204,45,-0.0704552113146014,0.4053520827532876
91208,14,0.2842910401481386,0.7351951947904154
91209,37,0.23043152227281444,0.4310205013241764
91210,48,0.008563392129401437,
91212,25,0.10208410496082046,0.36659196543596134
91213,30,-0.01145839281354024,0.6095702171844954
91214,49,0.07119275697833746,0.8828507026689529
91215,33,0.20646885211157068,0.6428068231343556
91219,104,0.18348554984106824,0.5612051797406103
91224,46,0.1258155560307827,0.6827830305957255
91228,93,0.0914812892540144,0.5728837409143903
91232,164,-0.09307755505794509,0.11086778829646066
91235,225,0.13254431672674055,0.35995748932665184
91236,68,-0.03571290112688488,0.18039809579138116
91237,47,0.4337077738815459,
91238,35,0.056525710176740844,0.20008350833370708
91239,96,-0.0969335102001985,0.049171858120638366
91240,46,-0.15068770425396408,0.675687504662939
91241,38,-0.1517467231746344,
91244,31,0.18024553393949036,0.8946132082927402
91247,22,0.18060136677287966,0.8601142948905978
91257,45,-0.3679898039917566,0.19302672709114954
91260,72,0.29333061042331793,0.20269182650748344
91264,33,0.5793694245680201,8.428730320384952e-09
91272,23,0.2899407617814697,0.3767461155420581
91275,26,0.1597502869155726,0.4036700725068784
91276,27,0.18509499259120638,0.5355216638334603
91277,65,-0.04256592656021613,
91279,16,-0.0014553627714678809,0.724366877492163
91280,15,0.43983709260020953,0.639419704909379
91281,30,-0.04549012618836771,0.0003775381072843151
91288,60,0.2922397645226662,
91290,46,0.072522014373219,0.6404944944032172
91297,47,0.4454637202848025,0.25898233147021466
91298,70,-0.07757934557835154,0.7603322900817548
91299,21,-0.39697942540398506,
91302,74,0.037185495039547316,0.1376193048266655
91307,28,0.3467743211815633,0.5984354300888503
91308,56,0.2495032879429861,0.19445489365509142
91309,23,0.3856170085271318,0.291095348234734
91313,92,-0.03322833677082738,0.7124017781335692
91315,31,-0.15870530584424739,0.14699568523605358
91316,64,0.20183774818133668,0.7663307067532825
91319,33,-0.3097792198281402,
91326,83,-0.12943172441455228,0.1871791002909648
91327,56,-0.3791581584706992,
91333,215,0.01869858668107954,0.32079808271550153
91337,183,0.05950450073992789,0.669917322394951
91339,166,0.05820383356975084,0.14483836542152925
91341,162,-0.0366761610430537,0.709904316444739
91344,173,0.04477093136773673,0.5720269563273688
91345,150,-0.03112748748101362,0.23091277823865314
91347,217,0.05475896336028822,0.2522780640742256
91348,131,0.10032863283724092,0.6387805349723021
91349,157,-0.05714223677600154,0.07388282683820033
91350,236,0.002294900721843138,0.48756554661420004
91351,165,-0.036607695120717036,0.10072018945390682
91353,205,-0.19620467119277468,0.31426251216821605
91354,215,-0.0716795582982138,0.288363407927765
91363,20,0.7076498954534597,
91365,14,0.24662723419826893,0.03702215456545521
91366,10,0.731448950565925,
91559,40,0.08764130581684573,0.7834965032698125
91580,92,0.17490917047235727,9.109698112411627e-05
91586,11,-0.021850747999466714,
91596,127,0.09721017542200967,0.7831982066475159
91615,8,-0.532057328864237,
91620,37,-0.013676749846212791,0.02335559743468491
91621,38,0.31164151123825473,
91625,36,-0.34411066935531276,
91631,37,-0.05499536541516873,
91634,43,0.16158967333936103,0.0012998648181888302
91644,46,-0.0942877065706483,0.5071364524620119
91645,58,-0.04727240969381585,
91649,32,0.008223418832868453,
91651,16,-0.5405666202896802,
91652,27,0.12351661892250809,
91655,25,0.2815055757616253,
91659,32,0.001845329255930632,0.029231346334423963
91703,59,-0.17598518282423545,0.14852196383604363
91709,77,-0.19532043999933427,0.8521942302837953
91839,51,-0.12907319618440372,0.5356069083623516
91863,19,-0.29673688920470254,
91864,33,0.22064839638705316,
91886,38,-0.005999554191884447,0.1002416626775103
91891,44,0.016206235758291238,
91892,27,0.4124751928492097,
91894,60,-0.13231483507242137,
91895,44,-0.5225421627740638,0.2561489409988029
91897,28,-0.6305584974683276,0.5255611575132579
91899,32,-0.06091322322856732,0.3795092372541594
91909,1,nan,
91910,7,-0.15563672039302048,
91912,24,0.010622102763692874,0.63901911123753
91914,34,-0.037368758790751,0.1476424980072703
91919,31,0.3788684488586897,
91922,24,0.31262335691489157,0.43939271819980197
91926,18,0.1645995183575123,
91927,18,-0.01692766182879175,
91929,3,nan,
91947,54,0.05211973320261742,0.5449570909895853
91948,89,0.16849769563747488,
91983,12,-0.4380757831030943,
91984,58,-0.08674962631800637,0.20537513093987547
91985,46,-0.5727496268434713,
92183,116,-0.19254506236648308,0.7146822406823625
92188,41,-0.3528187757377836,0.9281024949172946
92195,92,-0.1531643786939294,0.4866575518562133
92197,116,-0.04867606665395995,0.6039037340355768
92199,105,-0.1842982539990456,0.43385912507012814
92201,40,0.13048576517396382,
92202,35,-0.06179364674895859,0.12590520405878908
92203,61,-0.2558100073976224,0.8146160505136778
92212,24,0.15328531191320766,0.5127542518408712
92234,14,0.8455137501044023,
92241,22,0.15620235439265528,
92242,22,0.4427507603209494,0.8591604304471335
92243,16,0.225258375582586,0.6346604263342779
92244,18,0.052014714365486055,0.7833812885880332
92245,12,-0.14685810779348066,
92246,18,0.32750624295653596,
92247,15,0.46166438051678155,0.5537544194581278
92253,16,0.5676096454993863,
92255,18,0.07309180464800628,0.45360093676561675
92256,11,0.6700267457813827,
92257,14,-0.053695747935343915,0.4880228850952671
92259,27,0.16326157415759657,0.22921177007835433
92287,44,0.1379756292770265,0.4226373491204477
92288,30,-0.08891984173778447,
92292,24,0.21316673118258517,0.6396610732679917
92293,25,0.247324973816935,
92294,30,0.12236946225548834,
92295,22,0.5069742879671514,
92297,42,0.18933427224152508,
92298,29,0.16798910708210243,
92299,71,0.09022494742388393,0.7008046670289765
92300,40,0.060091978271802494,0.5958957181996756
92301,55,0.5816644588341928,0.8990507237696843
92309,40,0.322410395790907,
92312,31,0.5020840632868153,
92321,61,-0.03684108209519549,0.003391459778416466
92326,20,0.0418380202134986,
92327,62,0.2038059897831511,
92332,24,0.38885457227448567,
92333,24,-0.08020456869948944,
92346,44,-0.24329898791311366,
92347,68,-0.036051028319257654,0.4664878656841094
92350,106,-0.03802230079276454,0.12365681221087538
92352,55,-0.3342599620148315,0.174604088316326
92354,28,-0.4538415843390871,
92371,13,0.4678230518682229,
92376,14,0.848996600180112,
92380,39,0.3693097607803045,
92383,26,-0.054227333626016574,0.48584622317781057
92385,77,-0.010333897213423537,0.5626216936168013
92391,21,-0.12183547613698707,
92395,16,-0.5570044035799167,
92398,13,0.09252222791392442,
92401,22,-0.1399362215596509,0.47768747460347616
92403,55,-0.09486195908039573,0.00044275953676910625
92407,13,-0.1535468033820553,0.43792499821236497
92408,16,-0.4045859920260663,
92409,10,-0.4863064201762371,
92411,13,-0.5175061297877842,
92413,17,-0.3220622364706955,
92414,15,-0.05384917978951245,
92415,13,-0.22984224103053727,
92416,6,0.5344977122234882,
92417,11,-0.5559091945614636,
92418,11,-0.06771669264084397,0.6622588120771296
92419,9,-0.6731664319846069,
92427,12,-0.3296607258516675,
92428,8,-0.6054492328472455,
92429,12,-0.40685650070927176,
92431,9,-0.7359501857966043,
92434,9,-0.6809382286262802,
92436,15,-0.3206462296571904,
92439,16,-0.626344828316532,
92440,7,-0.169020083568677,
92441,13,-0.39161729406011736,
92444,201,0.020823779655206834,0.8559220230062201
92447,133,0.09771321507255495,0.13576955342685068
92448,140,-0.07582900558600254,0.32403685587108616
92453,40,0.1596057944614827,
92568,81,-0.07874101923465683,0.20369345160556412
92596,113,0.14726601526965866,0.32898635165846735
92599,52,-0.21236794191777705,0.4809325111174654
92604,21,0.548946678808682,
92616,18,0.21579579046792516,
92617,40,0.5310701808494778,0.7111537378220236
92625,29,0.20802795386229225,0.5243496689373006
92626,24,-0.4993351345292285,
92634,53,-0.06755770609960922,0.4022282547599103
92638,36,0.0018394207435307294,0.1945595696013109
92640,10,-0.6911207932557284,
92646,21,-0.4546510907053594,
92648,55,-0.22401380601988824,0.30322008427613495
92652,87,-0.3850555810388592,
92656,83,-0.26195036876248334,0.618700897365198
92669,74,-0.26052869447580324,2.494719043256326e-06
92677,25,-0.6403323229459422,
92678,90,-0.1291311925415217,0.7159758922680073
92681,67,-0.26469980957133477,0.7216064432307447
92683,76,-0.15151520087532985,
92686,96,-0.2360404326063392,0.4706367871851841
92687,27,0.16241624784708056,
92693,42,-0.0888678873823157,
92704,22,0.5503845332129736,
92705,44,0.3189733831417034,0.8297703362709203
92729,73,-0.106854828162135,0.0157290774387091
92742,57,-0.12126586209412521,0.5913498022178914
92748,26,-0.163443423813316,
92751,24,-0.06552161917676386,0.3186561052697472
92752,80,0.4202348273190337,0.4826152255648499
92754,103,0.07494024956269685,0.3754784632090086
92755,75,-0.058160105334452844,0.6576052874848943
92756,78,0.01689204957821205,0.41143328205235696
92760,57,-0.13459440036767598,0.8831633573113397
92762,50,0.08507133620293793,0.09198224338661998
92769,12,-0.26267572990338167,0.0002816368575919881
92774,57,0.07466411768234076,0.9800951692598413
92775,51,0.2431353820599436,
92776,48,-0.00033782942133837765,0.3889393171180199
92782,29,0.3521746653303734,0.457885451403967
92819,71,-0.2792800913880361,0.2363908146104633
92835,15,0.04750520528583925,0.22577592175328612
92836,25,-0.3969615727667466,0.6559866751799375
92840,34,0.3154404897030914,0.5119855953343666
92845,71,0.2648294139999235,0.34238491421326556
92857,25,-0.5148617554585622,
92858,18,0.5944551576470797,
92861,16,0.004029402575631765,
92862,19,0.11716269544555812,0.3209721653866527
92864,21,0.06712813339353066,0.622352647227157
92865,13,0.8052247960755216,
92867,21,-0.07914207875267355,0.017286072330750385
92870,13,0.5240381604736355,
92874,18,-0.36147285712394944,0.08243393459397147
92875,144,-0.10342659382410162,0.10517319418349322
92886,29,0.17248695548806905,
92906,94,0.2877862494083133,0.5289566928553262
92907,118,0.37558007651910646,
92910,1,nan,
92914,35,0.19218423636206095,
92915,104,-0.02731476024034817,0.32118062766180167
92917,106,-0.006043597963801072,0.4058572212561864
92919,84,-0.33414716884452855,
92921,55,0.28287528344023294,
92924,26,-0.48233155345249185,
92927,53,0.3303602494304085,0.007834611661743552
92935,142,0.07077577862828036,0.5530072685156301
92956,38,-0.14310769460101916,
92957,34,-0.09969520261953269,0.32008856449325535
92958,30,-0.1748532495644808,
92969,57,0.11091246605211946,0.046187462747474546
92972,309,-0.06003076676926566,0.3186652279266519
92973,95,-0.2184641559612238,0.53073602552174
92978,39,-0.16715041421312454,0.5671119577223092
92982,36,-0.011182335871595195,0.7056157747037854
92984,47,0.08577694365050084,0.2624427527457769
92986,75,0.0246808923244186,0.46792096873826117
93010,53,0.34218359680825267,0.377074108650592
93011,32,0.20653287982981677,
93013,23,-0.07331616432391015,
93044,67,0.1632292317697293,0.6605584733755152
93048,41,0.342216912696555,0.6082986036805078
93170,59,0.0713015106256267,0.18837084974430557
93174,19,0.4081783332788283,
93175,29,-0.027685032747765757,
93178,115,0.16935064631776817,0.4463466090524245
93179,42,-0.14483141005497327,0.7126124042574932
93199,158,-0.0636419778046405,0.6237973643924299
93200,23,0.30901208649736017,
93201,31,0.5885715410838133,
93203,22,0.44474754401314676,
93205,30,0.357094985483645,
93212,31,-0.48830477556604596,0.8865583543861045
93215,32,0.11890283073402798,
93216,37,-0.10971336072807397,
93249,8,0.943543597269439,
93262,51,-0.008094443343394753,0.32978734727700953
93263,28,0.5145682245819773,
93264,52,-0.0667961219092793,0.0066364972578391275
93265,46,0.07715621429545746,0.5513709668877333
93266,33,0.6195361411844345,
93268,44,0.07103241264636387,0.1027665213720815
93269,30,0.1837065557490283,0.29856328764452283
93271,50,-0.04514251424290964,
93294,63,-0.3193154557843822,0.32696236351927455
93298,35,0.2073543495188561,
93299,45,0.36107665581797693,
93302,61,0.028873596205262746,0.03409979682104992
93304,25,-0.10894673819155598,0.48376355513806957
93306,28,0.5335653542779808,
93315,22,0.18644714363231732,
93327,17,0.2388686368324419,
93333,58,0.3776529013487526,0.22647008672187172
93334,110,-0.14196610140645105,0.048477064001889586
93352,40,0.07061107077945877,
93359,19,0.32502924288675267,
93365,22,-0.1580623697019575,0.10994922718262713
93383,45,0.03183607223939072,0.07079434007895473
93400,35,0.04171896206339215,
93402,129,0.013006423541743136,0.4106598150489039
93423,23,0.08659066545780916,0.6730511928113954
93448,34,0.31644167504493087,0.4955548705814373
93493,159,-0.1819364404860006,0.6466406348131003
93494,26,0.15917987527361097,0.7982392012649907
93514,153,-0.011487538093266175,0.25842134095695707
93518,195,0.01913725665077821,0.04749629825039302
93548,39,-0.2287485386177066,0.01543486656158975
93601,32,-0.20566038998513916,0.24917649597288127
93675,207,0.047969421405861544,0.045298476452576564
93760,30,-0.17312262911644294,0.7124216459196933
93862,124,-0.0909580408840569,0.3870414727574424
93937,112,0.09394639064190129,0.17456659769136848
94038,29,-0.12958441985691477,0.45288833311283183
94068,233,0.03016211291559942,0.4890650834753344
94145,60,-0.22911502512610546,
94151,16,-0.40463777463764683,
94167,105,0.03476304710632089,0.08866112462026098
94185,3,nan,
94191,5,nan,
94224,212,-0.14229693577048474,0.6885988398105511
94233,14,0.7506537135568369,
94235,62,0.1007293307935179,0.644101193234367
94237,20,-0.033058687072831744,
94241,92,-0.1153769334613532,0.35340629910064514
94248,39,0.1375594999261181,4.9593992189130956e-05
94249,33,0.057379524924417995,0.6123893795554676
94253,29,-0.245905333301504,
94261,18,-0.3107623825821185,
94262,26,-0.09818124658606278,0.42984604552806727
94264,35,-0.1492076404253307,
94266,33,-0.3970510473217308,
94273,90,-0.3999815683720967,0.3999981412707193
94277,22,0.766220801089524,
94279,51,0.06314866508564788,0.9269523883710798
94288,39,-0.01302684948703052,
94289,59,0.08369860305529558,0.0069584595271675685
94290,94,-0.122537084891628,0.2545057693203719
94291,81,-0.035140387199993586,0.31090269411333427
94295,53,0.19774922969028896,0.5061687062352573
94301,72,0.07060497158671351,0.9591684461516445
94302,42,-0.24153007018564335,0.6207941457099291
94304,44,-0.05029647263736502,0.49735213449455784
94305,46,0.11242212867067901,0.6611060374984739
94306,98,0.18119760719307842,0.06874729223755734
94307,95,-0.20794805489536167,0.5227367008148731
94308,87,-0.1861248614059597,0.027693279121318453
94309,46,-0.08587238200335243,
94311,80,-0.15457910695980542,0.4039106319221094
94312,95,-0.3248764744007182,0.13452719955757175
94313,94,0.10139344914114415,0.023298278708347168
94316,59,0.008990858198164016,0.02121355670517898
94317,77,-0.21725928433504285,0.2876969917978341
94319,56,0.4355204401098988,0.0025287817568080337
94320,54,-0.07499255318857731,
94323,50,0.02376081994184013,0.002809910960899933
94324,58,0.07576381323733365,
94325,72,0.010732364538104128,0.5045156746034385
94333,73,0.21981536143772418,0.7582297527963338
94345,53,0.16083524440473412,0.21634951034484015
94347,65,0.30770199445026,
94350,147,-0.055852192717610355,0.13149382829745632
94359,34,-0.5980636097724861,0.32422449205990944
94369,58,-0.2760984398222421,0.9174459366037749
94370,86,0.035090682749974324,0.9376839814820559
94371,86,0.19031805524258721,0.31663864728489494
94375,20,-0.29082652968140293,
94381,49,0.2641937264382868,0.536240095900858
94383,25,0.03611117177868299,
94388,143,0.21225596616249126,0.55531831184641
94396,47,0.12173454899968832,0.8463445935922429
94397,18,0.20289469221326514,
94401,40,0.2593380304069718,0.5831531236121084
94403,27,0.5813116720525062,0.6973605971310377
94404,19,0.5963694980316948,
94405,27,0.5970352485889191,0.025361688290403816
94406,22,-0.22631879556326326,
94409,31,0.26784343460240423,
94410,26,0.15372543152213225,0.05180210052735969
94412,29,0.594233137295818,
94413,32,0.39190423021030796,
94414,3,nan,
94415,5,0.8759184935595263,
94420,13,-0.47252201620195355,
94422,29,0.033252510364010716,
94423,23,-0.16394063237523165,
94457,60,-0.13727932149082522,0.09286112845574275
94458,44,-0.08506888760884529,0.7931611418720637
94462,34,-0.34036248209374315,0.6841508574563876
94464,21,-0.6882852259428514,0.4007471718260416
94468,30,-0.2862584714597993,0.6182507857668729
94484,34,-0.027456222143847214,0.3108697307291792
94485,23,-0.15282351591844326,0.7815103301273296
94498,37,0.012832276565933358,0.4497505138257437
94503,11,0.060016968656161844,0.3559141085842502
94504,13,0.2685392782527493,0.09342620374663703
94505,14,0.3008375759722535,
94506,16,0.11098972857920339,0.024945734379028413
94508,7,0.41655047499420217,
94509,13,0.6209695712774002,0.4919780154622261
94515,57,-0.4795951041242849,
94516,14,0.039582050342259374,
94517,141,0.05073881963890832,0.6435230734882471
94534,33,0.21314669840749872,0.6543800730401188
94535,43,-0.2969119125202428,0.02246342457256772
94536,44,-0.02044208531195011,0.44656457120054693
94538,171,-0.031247724510200168,0.24568037578214993
94547,31,0.28326361155333624,0.6166362012515554
94551,31,0.18132827353039485,
94563,4,-0.3028379663510092,
94576,19,-0.2086311514539854,
94580,46,-0.07243573753195408,0.8207570126061039
94581,44,-0.36885403652341364,
94582,24,-0.18191529189493116,0.3971530997181136
94584,33,-0.28262301588798144,
94588,8,-0.5668081071297417,
94605,27,-0.002568636030656623,0.5561862602746904
94639,65,0.028594850505343772,3.5686101779453493e-06
94641,24,-0.4410359985796541,
94646,39,0.26267177893911464,0.8088870747949904
94647,52,0.05464020510637932,0.5314406942780626
94658,76,-0.22416788105092023,0.2786694452479221
94659,39,0.2642976143161472,0.916562385247872
94670,71,-0.023759899296118287,0.49850234714616115
94673,56,-0.33771552204232014,
94683,30,0.40297717217662987,0.8610294413164779
94694,23,0.12022940119160469,0.7218454804709955
94716,56,0.10344066965303392,0.8586967131359589
94717,82,-0.1699794900620585,0.8743268590902666
94722,34,0.03398039091338611,0.2292275787834515
94746,61,0.5144103420005186,0.8357285122583961
94752,72,-0.09726850551284204,0.446573822775967
94755,71,-0.059573326431992556,0.7524660840700128
94765,76,0.3008712987028256,0.5700915471277249
94770,67,-0.08451396801850204,0.5904167291101245
94778,23,-0.15072569346563028,
94779,45,-0.22512196996602107,
94801,34,0.5046500365172205,
94807,68,-0.10356820646625699,0.23018492299667379
94811,42,0.4997087088106169,
94815,55,-0.3167266532428936,0.03344268358296822
94816,42,0.002304434374331105,0.8308756785590009
94819,52,0.32988625801496785,0.8305029585703609
94829,27,0.15403290208581813,
94831,31,0.357061397750236,0.523748785826599
94841,35,0.27746008352572343,0.510988329331393
94843,19,0.45689685041906897,0.27251886324992486
94859,31,0.2756644707627848,
94862,34,0.29966250839228187,0.7040214667675515
94870,51,0.1905128006980935,0.5959940382921562
94873,25,-0.48683053348945526,0.5251121557264407
94887,52,0.0990507484075555,0.43277701938027335
94897,29,0.5024221466722408,0.6457241693463526
94926,22,0.09855101927874499,0.7800564485274953
94939,30,0.08484818465877943,0.5883511987576964
94940,77,0.030169756550377468,0.1672010588500258
94946,32,-0.049013539500708185,0.5825288570119128
94968,29,-0.09754395858736767,
95087,57,-0.21031283074667415,0.6284967001787176
95160,51,0.35489821420448575,0.653852394777428
95190,60,-0.007041119824290374,0.7704942460368853
95195,60,0.14872249192172304,0.4000794536436677
95196,76,0.19246802416283537,0.64797229412657
95211,41,0.02646621699895536,0.8495320303657605
95213,68,-0.10712860317431505,0.3092846872609212
95237,104,0.14142798129169923,0.5278770181221706
95240,40,0.13951932907052358,0.7050232638659681
95253,29,0.1426417283601327,0.10423853214980257
95254,116,0.08643739608919254,0.4256293212011524
95264,25,0.5231903344369031,
95266,123,0.10050271207162961,0.3461238366413013
95270,28,0.6129762949197565,
95281,96,0.06929928535445129,0.1894293038163094
95283,94,0.03872453615130656,0.21372822992578724
95284,105,0.08082734436233255,0.15326251509035665
95299,5,0.5792044824159314,
95309,38,0.12088407419480951,
95319,41,-0.1993984245196135,
95329,38,-0.21940470163683037,0.3803149378969972
95334,51,0.24055795108432904,
95367,23,-0.6807875719511894,
95371,14,-0.590746420669579,0.00013405477137518493
95374,28,0.48284140445988205,
95380,41,0.44220855497172523,
95381,55,0.22836766468803105,
95382,48,0.40435268454628903,
95390,109,0.09044272661168973,0.06808706878329622
95408,73,-0.0966271013260633,
95418,60,0.11031343979230777,0.6167216789793684
95422,79,-0.21901116825927547,0.27067965877323497
95423,52,-0.0499721982474943,0.9054934555084824
95425,73,0.08147182071084956,0.5353919948752557
95428,81,0.005129281199487216,0.5593921622302016
95433,33,-0.4521244450127451,0.5964119683160509
95473,15,0.48843695748523763,0.302514165891523
95479,46,0.06385715493108372,0.9174849870703613
95481,41,0.12448130265207692,0.3146535691939478
95484,34,0.4447186772002528,
95489,38,0.1600363071195251,0.28294467769161324
95490,29,0.008104452729338602,0.3415148566909802
95493,51,-0.0671558655678514,0.21241365466113107
95495,4,0.3215604682819517,
95506,30,0.19409613836299522,
95507,23,-0.1683883462616716,0.7638914180367392
95514,38,0.1957305437704224,0.0886126073451715
95516,40,-0.24004555366781424,0.04469464399849559
95519,33,0.08514659830128055,0.29037490286061335
95520,37,0.277409801435672,0.6616196785824904
95522,30,0.10411419971114404,0.7530096724600416
95523,21,-0.38779542485279433,
95524,16,-0.26542252329958865,
95525,10,-0.2869241056431401,
95526,22,-0.6221060684407523,
95528,22,-0.3664057752991881,
95531,32,-0.051453020349775246,0.7208810222526837
95548,30,-0.07830120105697863,
95555,68,0.08302369212474639,0.41723576378939264
95558,32,-0.5736871703122033,0.46200814747886476
95562,30,0.44930846293511284,0.8760145979095001
95568,51,-0.05199329082510583,
95569,35,0.5497732988914247,
95574,34,0.28788866134456326,0.006963161968720895
95576,43,-0.3701589026780393,
95577,47,0.12397234577010807,
95578,38,0.390831114076528,0.5662275378165857
95582,44,0.09936366057625377,0.6087323516357956
95583,40,0.32833104412138286,0.8365466414399966
95584,33,0.1354408313463363,0.6838298397483027
95585,43,0.3305861604272753,0.08958647270806694
95591,40,-0.309377062809379,
95594,21,0.13945820149494045,
95597,48,-0.08234175902493528,
95599,41,0.2637017282277609,
95603,36,-0.3789383404098949,0.016301924050460784
95604,79,-0.1942097834569769,0.20717345421253092
95605,31,0.24951188144012162,0.38756186356922395
95608,68,0.06849417184573203,0.34880438073198
95614,5,-0.7177567534419967,
95619,62,-0.11804911046117647,0.005208155906380461
95620,25,0.1696907753648822,0.5102573108023907
95626,24,-0.3311771554123254,
95628,43,0.2381397981427637,
95629,27,-0.078047417986226,
95630,73,-0.2624736483678844,0.0014570859252157177
95633,41,0.3481122447192745,0.5414318337107857
95636,41,-0.3593505763092288,0.5930743096618399
95638,60,-0.0703896759090621,0.10513891201351921
95642,49,0.15564807487039684,
95649,21,-0.2837771467419856,0.07340406060752018
95651,27,-0.20686347206414124,
95653,68,-0.04979428924788299,
95655,77,-0.2786288890459287,0.3194253412328734
95656,76,0.3360438894034583,
95657,68,-0.3186426867296464,0.03702737551691743
95659,86,0.18907489391993293,0.5978103488796066
95660,87,0.16522759468791864,0.22279986883457287
95661,86,0.07450660960298991,
95663,121,-0.0776848912624753,0.0014854601515837068
95677,51,0.10779532435019569,0.5945207348005479
95682,22,-0.6824700491362579,
95684,19,-0.1784727811622245,
95695,60,-0.1843796229722972,
95696,81,0.0038403896503900288,0.4952750642670187
95714,32,-0.17108275417732577,0.5804327909501645
95727,41,0.12171334098074628,0.033312391805020096
95742,25,0.47143741171024317,
95798,33,0.2080774874968078,0.5983562204908051
95805,43,0.09998562884527419,0.6130833087065422
95806,42,-0.0018587808223668326,0.2139251207381088
95811,15,-0.03941839977033402,
95812,12,0.5244666572342134,
95817,103,-0.2212920077562066,0.21723987418873505
95821,177,-0.02068037693858767,0.8247691993924885
95825,21,0.3913675646451284,
95843,14,-0.022920447158049518,0.010977366294659908
95845,9,0.42655689422026594,
95846,9,-0.382424327772435,
95849,12,-0.1504673790765062,
95850,11,-0.11798517164101156,
95853,14,-0.18694102595520012,0.7483548263088633
95857,8,-0.6554948259257659,
95858,13,-0.3850218496357176,
95860,9,-0.7633601362249143,
95872,11,-0.7928784888517008,
95881,35,0.11162948004590119,0.425462485624568
95884,54,0.12701710858730045,0.5712042067066246
95887,37,-0.00974645344225082,0.7108063263015029
95892,12,0.743619679052514,
95919,22,-0.8309745204655978,
95941,24,0.32560369742722145,0.7532847567337541
95942,41,0.01882330054998977,
95947,60,-0.23002963159606915,0.03885362673589042
95948,59,0.1364580660837671,0.38863354490461055
95949,58,-0.15974346503909542,0.4602387429910454
95951,68,0.10732678105405427,0.6217543211845911
95952,81,-0.16011385697813774,0.21380052066313626
95953,62,-0.058552652055528905,0.37341051836649486
95954,107,-0.06504936664239573,0.14871990489933914
95955,66,-0.3212115677739698,0.5540843322509367
95958,91,-0.31264519315730444,0.1166062650603532
95961,109,-0.10577182306066413,0.7435421979567977
95963,159,-0.03380836528748515,0.4979501473836574
95964,82,-0.2560316645716752,0.37039583321701547
95966,64,-0.2047604055822709,0.44115584921822737
95967,60,-0.16072539968242347,0.4165353019322434
95969,60,0.11135870123501732,0.8911498437639539
95973,56,-0.13200042654629907,0.14794925673455486
95975,74,-0.23569977852946117,0.23038622231975975
95976,72,-0.11053026578732797,0.0017335011637525568
95979,84,0.035177410939618944,0.41268586470838353
95981,63,-0.05389241285680064,0.40573577761459156
95982,57,-0.10153847220780293,0.8431487571701028
95988,32,0.25862198936779845,0.1515688485575166
95990,34,0.19509851473433432,0.4823909492412197
95991,23,-0.11273691562450773,0.014039360236575387
95999,23,-0.3522700506619585,
96001,75,-0.17806219660524755,0.3243025586816209
96005,37,0.467403898072041,
96006,46,0.6018208167520384,
96010,72,-0.5113633421632552,
96011,86,-0.18395883416561756,0.023821869912572655
96036,70,0.3101839577453234,
96039,43,0.02030351114394777,
96041,32,0.18306044693133036,
96061,46,0.01927955663000542,0.15524052597005483
96064,14,-0.04632535177460599,
96067,19,-0.24375236000876574,
96075,46,0.2196092991342906,
96077,42,-0.6464482802864187,
96078,26,0.11416164629467458,
96096,41,0.2944112129715405,0.8479251627898038
96115,83,0.15839134304433547,
96118,35,0.12739157403292528,
96120,52,0.14273607122403842,0.38576963065320125
96122,18,0.1066357818511074,
96125,61,0.11808154672598889,0.5368492870176997
96126,54,0.01936820834509434,0.6652831058300708
96131,26,0.07392385816248198,
96132,36,0.01751122194491577,
96133,34,-0.02140337041694778,
96161,33,0.12739319320006243,
96196,64,-0.22384090965124526,0.01007416862034744
96201,44,0.28928299153578424,0.37420966163954617
96212,36,0.046439377321043265,0.7609575264069541
96213,46,-0.1235179198944631,0.14507217935831065
96215,37,0.08721168966938717,0.6681657339320364
96224,29,0.4935302846363332,
96225,46,0.010128318696040334,
96238,20,-0.050200475395854344,
96239,51,0.3487622610099208,
96264,51,-0.29850844088681305,0.04313099047362308
96270,54,-0.05832070606848022,0.6000815890007001
96335,107,-0.10036680240112944,0.5560736406287097
96336,105,-0.14866991524248185,0.4142128746549908
96337,96,-0.05844240546548977,0.7894223333184253
96341,115,-0.16916602708028167,0.691177876549542
96348,81,-0.18205819590108013,0.5478042745054568
96352,109,-0.0004779560500013297,0.009190348138592742
96360,78,-0.10691122990805346,0.94946324384143
96367,13,0.31090470853390145,
96369,26,0.23921537350786706,0.24179430105357436
96370,21,0.6127913267214046,
96371,70,0.018208582959888045,
96376,31,0.12841547376374646,0.11816323428849533
96380,106,-0.14455736927638382,0.42186271464967784
96381,47,-0.09575048107911262,0.024846417936071057
96382,72,0.009010990965542328,0.0043928639795472926
96383,57,0.10391414366450119,
96385,93,0.10724783662425098,0.012439061907189092
96386,115,-0.03029612064634687,0.20408328133722237
96387,61,-0.18567332175842885,0.002125569197733952
96402,95,0.15162524062695582,
96450,117,0.060288997458944456,0.8596513935579222
96458,32,0.4272131129724637,0.49423723965576727
96482,56,-0.07882015789442356,0.6728146963090584
96489,21,0.3315285453927818,0.5359225245102206
96498,57,0.2863806316793849,0.8351975041454871
96501,26,0.03654976427340411,
96506,53,0.39301657109582266,0.5819448330045771
96522,70,0.18919832561166328,0.6371330653428301
96526,101,-0.04968508413476932,3.262975977983707e-05
96530,96,-0.13447263098862344,0.16579433614781
96535,78,0.20890819166587551,0.32717725892979377
96616,55,-0.08188205083365509,
96618,63,-0.2202754254438989,0.5854255040739256
96624,168,-0.10885516729704214,0.25146632050584944
96625,183,0.003773040670172325,0.20907928443735907
96627,27,0.5148280408041348,
96641,18,0.001059011442541045,
96642,59,0.5063099603652991,
96645,167,0.18213592808335458,0.4284011137114935
96677,4,-0.546819226557471,
96679,1,nan,
96689,39,-0.24619262726329272,0.14891045034626346
96694,43,-0.19228119364230306,0.5866037943894005
96695,31,0.28226958344213565,
96696,24,0.6061509126522835,
96700,33,-0.011320293033863593,
96710,51,0.3303247634430178,0.7109747829931801
96715,66,0.08374146540070579,0.0009672869760211219
96724,54,-0.3088956510990948,0.41488653286682076
96726,57,-0.2795222425935544,0.38875639041615806
96727,56,-0.0021988983979629303,
96742,45,0.3199983622813687,0.8566088969370399
96744,59,-0.11105553153124247,0.0679746840129526
96747,25,0.11458275637788569,0.7871870559642578
96758,40,-0.05704515681628738,0.3317999789306856
96760,26,-0.7166501267465948,
96762,73,-0.2654052432974535,0.7716499786823713
96765,23,0.1782521556114431,
96767,40,0.31832143336281027,0.6341582390552105
96773,45,0.3520883020125731,0.9097405396114568
96774,30,-0.46562829452023935,
96781,76,-0.009887985183552427,0.42529636288676154
96785,40,-0.3066708933194026,0.29985394551707073
96786,43,-0.3110473713092325,
96793,51,0.0005724168997176385,
96797,23,0.5177314209877993,
96798,31,0.14902323269295964,0.046598306153709954
96801,18,0.33117772508831866,
96802,18,0.16215174396085574,
96805,21,0.1744613920872783,0.12540060017499166
96808,26,-0.29574266623517903,0.01550927726088878
96816,46,-0.5549113419000632,0.6480942153538023
96818,23,0.2965430157000704,
96823,123,0.16127713007358763,0.0811279428101369
96828,69,0.18802394622309135,
96836,26,0.29112289341390307,
96838,19,0.43067373540184584,
96841,85,-0.02648482883737923,0.3571928792253628
96845,21,-0.3149101056908758,
96850,79,0.37806406115544794,0.05706410345294017
96855,65,0.09133711741067967,0.4645058370509849
96863,68,0.18081200364079206,
96865,72,-0.1671472239281944,0.7943177287639815
96878,56,0.27501152484923985,0.8174192484150237
96883,21,-0.24087178140258395,
96889,12,-0.3819277907997566,
96899,124,0.05620194332818297,0.23163308237826757
96901,89,-0.09604697049041176,0.2755479806136298
96907,96,0.00036158300799490173,0.553927591640646
96919,130,0.0002864737295682333,0.2760037817455597
96938,196,-0.21105367746518486,0.5071756963267122
96940,189,-0.0487260779699228,0.6045434291246656
96941,202,-0.07510313832202573,0.24302293039506798
96948,70,0.0087993279193609,0.2001383422894492
97044,41,-0.06477595524574423,0.6758557906622755
97048,26,-0.14326871575787925,
97049,41,0.04642683805513994,
97050,34,0.27790771658900226,0.3888649738001379
97069,31,0.7057427361521961,
97077,36,0.045015407913268204,0.2175088790161324
97103,15,0.17022853248718325,
97110,62,-0.2842422577901459,0.33524292032612885
97114,46,-0.2649131701939167,
97115,61,-0.432474407016115,0.6882249011072707
97116,23,-0.03230131624630989,
97119,10,0.1632789060985989,
97130,24,0.3988998207271146,
97134,109,0.09169691844550056,0.46440960205751347
97137,53,-0.05143001042796949,0.7060914351182304
97138,39,-0.1778035017092643,3.1140765255582725e-06
97141,37,-0.3024367251813785,
97143,16,0.20696229605962974,
97145,33,-0.12151214241066674,
97147,20,-0.5425189486683588,
97152,46,-0.05772056297930836,0.5074997272304196
97154,40,-0.665037120732947,
97173,75,0.03145422568950184,0.3624331528891582
97178,60,0.3393045852641075,0.888726720786097
97189,47,0.23394513328072258,0.8138145383653126
97190,70,0.14551624408860642,
97194,37,0.13249537082472873,
97204,1,nan,
97213,47,0.47766567479908206,0.2733928092971998
97225,64,-0.14850658346402926,0.42867887324163423
97226,31,0.5043112584633529,
97230,93,-0.24005305307852132,0.4335525049156955
97233,56,-0.18700905071419044,0.8358503582326986
97237,114,0.05960454909317486,0.691141430010165
97266,28,-0.1709650847620546,
97267,45,-0.09043421317460047,
97291,55,0.13708148693268352,0.8453068827265267
97297,89,-0.32095237667719784,0.47225476712322845
97299,35,-0.07701421793620603,
97304,25,0.26883365817322147,
97306,56,0.0361211202673548,
97313,94,0.11065138524900467,0.6194707204128261
97314,47,0.52748598560508,
97321,139,-0.2342462359664238,0.43209023109557054
97326,65,0.07248797716110342,0.2708260392429736
97339,42,0.07034808214237025,0.7174805719004774
97759,64,-0.16363775349373985,0.8084352974133584
97794,30,-0.050773398194578816,
