pair_id,category,episode_id,source_turn_idx,future_horizon,true_future_turn_idx,true_future_turn_move_label,condition,base_condition,representation_budget,representation_token_count,budget_tokenizer,explicit_count,assumption_count,context_explicit_count,context_assumption_count,all_assumption_count,source_word_count,original_boundary_verified,analysis_subset_flags,accuracy,order_consistency_rate,candidate_count,expected_comparison_row_count,parsed_comparison_row_count,complete_comparison_count,condition_available,control_unavailable_reason,candidate_pool_complete,full_retained,assumption_eligible,sparse_explicit,dense_explicit,complete_case
business:0003_-_The_Game_Chat_with_Ruth_and_Allen:0:1:h1,business,0003_-_The_Game_Chat_with_Ruth_and_Allen,0,1,1,Assert / Elaborate,raw_history_b256,raw_history,256,58.0,whitespace_v1,3,3,3,3,3,54,True,"[""full"", ""assumption_eligible"", ""sparse_explicit""]",0.5625,0.125,25,48,48,24,True,,True,True,True,True,False,False
business:0003_-_The_Game_Chat_with_Ruth_and_Allen:0:1:h1,business,0003_-_The_Game_Chat_with_Ruth_and_Allen,0,1,1,Assert / Elaborate,raw_history_true_assumptions_b256,raw_history_true_assumptions,256,91.0,whitespace_v1,3,3,3,3,3,54,True,"[""full"", ""assumption_eligible"", ""sparse_explicit""]",0.5833333333333334,0.16666666666666666,25,48,48,24,True,,True,True,True,True,False,False
business:0003_-_The_Game_Chat_with_Ruth_and_Allen:0:1:h1,business,0003_-_The_Game_Chat_with_Ruth_and_Allen,0,1,1,Assert / Elaborate,raw_history_different_episode_assumptions_b256,raw_history_different_episode_assumptions,256,91.0,whitespace_v1,3,3,3,3,3,54,True,"[""full"", ""assumption_eligible"", ""sparse_explicit""]",0.5833333333333334,0.16666666666666666,25,48,48,24,True,,True,True,True,True,False,False
business:0003_-_The_Game_Chat_with_Ruth_and_Allen:0:1:h1,business,0003_-_The_Game_Chat_with_Ruth_and_Allen,0,1,1,Assert / Elaborate,raw_history_same_episode_random_turn_assumptions_b256,raw_history_same_episode_random_turn_assumptions,256,,whitespace_v1,3,3,3,3,3,54,True,[],,,25,48,0,0,False,no_length_matched_same_episode_random_turn_donor,True,False,False,False,False,False
business:0003_-_The_Game_Chat_with_Ruth_and_Allen:0:1:h1,business,0003_-_The_Game_Chat_with_Ruth_and_Allen,0,1,1,Assert / Elaborate,raw_history_explicit_b256,raw_history_explicit,256,91.0,whitespace_v1,3,3,3,3,3,54,True,"[""full"", ""assumption_eligible"", ""sparse_explicit""]",0.6041666666666666,0.20833333333333334,25,48,48,24,True,,True,True,True,True,False,False
business:0003_-_The_Game_Chat_with_Ruth_and_Allen:0:3:h3,business,0003_-_The_Game_Chat_with_Ruth_and_Allen,0,3,3,Assert / Elaborate,raw_history_b256,raw_history,256,58.0,whitespace_v1,3,3,3,3,3,54,True,"[""full"", ""assumption_eligible"", ""sparse_explicit""]",0.5,0.0,25,48,48,24,True,,True,True,True,True,False,False
business:0003_-_The_Game_Chat_with_Ruth_and_Allen:0:3:h3,business,0003_-_The_Game_Chat_with_Ruth_and_Allen,0,3,3,Assert / Elaborate,raw_history_true_assumptions_b256,raw_history_true_assumptions,256,91.0,whitespace_v1,3,3,3,3,3,54,True,"[""full"", ""assumption_eligible"", ""sparse_explicit""]",0.5208333333333334,0.041666666666666664,25,48,48,24,True,,True,True,True,True,False,False
business:0003_-_The_Game_Chat_with_Ruth_and_Allen:0:3:h3,business,0003_-_The_Game_Chat_with_Ruth_and_Allen,0,3,3,Assert / Elaborate,raw_history_different_episode_assumptions_b256,raw_history_different_episode_assumptions,256,91.0,whitespace_v1,3,3,3,3,3,54,True,"[""full"", ""assumption_eligible"", ""sparse_explicit""]",0.5,0.0,25,48,48,24,True,,True,True,True,True,False,False
business:0003_-_The_Game_Chat_with_Ruth_and_Allen:0:3:h3,business,0003_-_The_Game_Chat_with_Ruth_and_Allen,0,3,3,Assert / Elaborate,raw_history_same_episode_random_turn_assumptions_b256,raw_history_same_episode_random_turn_assumptions,256,,whitespace_v1,3,3,3,3,3,54,True,[],,,25,48,0,0,False,no_length_matched_same_episode_random_turn_donor,True,False,False,False,False,False
business:0003_-_The_Game_Chat_with_Ruth_and_Allen:0:3:h3,business,0003_-_The_Game_Chat_with_Ruth_and_Allen,0,3,3,Assert / Elaborate,raw_history_explicit_b256,raw_history_explicit,256,91.0,whitespace_v1,3,3,3,3,3,54,True,"[""full"", ""assumption_eligible"", ""sparse_explicit""]",0.5416666666666666,0.08333333333333333,25,48,48,24,True,,True,True,True,True,False,False
business:0003_-_The_Game_Chat_with_Ruth_and_Allen:1:2:h1,business,0003_-_The_Game_Chat_with_Ruth_and_Allen,1,1,2,Assert / Elaborate,raw_history_b256,raw_history,256,165.0,whitespace_v1,6,3,9,6,5,106,True,"[""full"", ""assumption_eligible"", ""dense_explicit""]",0.6458333333333334,0.2916666666666667,25,48,48,24,True,,True,True,True,False,True,False
business:0003_-_The_Game_Chat_with_Ruth_and_Allen:1:2:h1,business,0003_-_The_Game_Chat_with_Ruth_and_Allen,1,1,2,Assert / Elaborate,raw_history_true_assumptions_b256,raw_history_true_assumptions,256,200.0,whitespace_v1,6,3,9,6,5,106,True,"[""full"", ""assumption_eligible"", ""dense_explicit""]",0.625,0.25,25,48,48,24,True,,True,True,True,False,True,False
business:0003_-_The_Game_Chat_with_Ruth_and_Allen:1:2:h1,business,0003_-_The_Game_Chat_with_Ruth_and_Allen,1,1,2,Assert / Elaborate,raw_history_different_episode_assumptions_b256,raw_history_different_episode_assumptions,256,200.0,whitespace_v1,6,3,9,6,5,106,True,"[""full"", ""assumption_eligible"", ""dense_explicit""]",0.5625,0.125,25,48,48,24,True,,True,True,True,False,True,False
business:0003_-_The_Game_Chat_with_Ruth_and_Allen:1:2:h1,business,0003_-_The_Game_Chat_with_Ruth_and_Allen,1,1,2,Assert / Elaborate,raw_history_same_episode_random_turn_assumptions_b256,raw_history_same_episode_random_turn_assumptions,256,,whitespace_v1,6,3,9,6,5,106,True,[],,,25,48,0,0,False,no_length_matched_same_episode_random_turn_donor,True,False,False,False,False,False
business:0003_-_The_Game_Chat_with_Ruth_and_Allen:1:2:h1,business,0003_-_The_Game_Chat_with_Ruth_and_Allen,1,1,2,Assert / Elaborate,raw_history_explicit_b256,raw_history_explicit,256,200.0,whitespace_v1,6,3,9,6,5,106,True,"[""full"", ""assumption_eligible"", ""dense_explicit""]",0.6458333333333334,0.2916666666666667,25,48,48,24,True,,True,True,True,False,True,False
business:0003_-_The_Game_Chat_with_Ruth_and_Allen:2:3:h1,business,0003_-_The_Game_Chat_with_Ruth_and_Allen,2,1,3,Assert / Elaborate,raw_history_b256,raw_history,256,217.0,whitespace_v1,4,3,13,9,4,50,True,"[""full"", ""assumption_eligible"", ""sparse_explicit""]",0.6666666666666666,0.3333333333333333,25,48,48,24,True,,True,True,True,True,False,False
business:0003_-_The_Game_Chat_with_Ruth_and_Allen:2:3:h1,business,0003_-_The_Game_Chat_with_Ruth_and_Allen,2,1,3,Assert / Elaborate,raw_history_true_assumptions_b256,raw_history_true_assumptions,256,255.0,whitespace_v1,4,3,13,9,4,50,True,"[""full"", ""assumption_eligible"", ""sparse_explicit""]",0.6458333333333334,0.2916666666666667,25,48,48,24,True,,True,True,True,True,False,False
business:0003_-_The_Game_Chat_with_Ruth_and_Allen:2:3:h1,business,0003_-_The_Game_Chat_with_Ruth_and_Allen,2,1,3,Assert / Elaborate,raw_history_different_episode_assumptions_b256,raw_history_different_episode_assumptions,256,255.0,whitespace_v1,4,3,13,9,4,50,True,"[""full"", ""assumption_eligible"", ""sparse_explicit""]",0.6458333333333334,0.2916666666666667,25,48,48,24,True,,True,True,True,True,False,False
business:0003_-_The_Game_Chat_with_Ruth_and_Allen:2:3:h1,business,0003_-_The_Game_Chat_with_Ruth_and_Allen,2,1,3,Assert / Elaborate,raw_history_same_episode_random_turn_assumptions_b256,raw_history_same_episode_random_turn_assumptions,256,,whitespace_v1,4,3,13,9,4,50,True,[],,,25,48,0,0,False,no_length_matched_same_episode_random_turn_donor,True,False,False,False,False,False
business:0003_-_The_Game_Chat_with_Ruth_and_Allen:2:3:h1,business,0003_-_The_Game_Chat_with_Ruth_and_Allen,2,1,3,Assert / Elaborate,raw_history_explicit_b256,raw_history_explicit,256,255.0,whitespace_v1,4,3,13,9,4,50,True,"[""full"", ""assumption_eligible"", ""sparse_explicit""]",0.6666666666666666,0.3333333333333333,25,48,48,24,True,,True,True,True,True,False,False
business:0003_-_The_Game_Chat_with_Ruth_and_Allen:5:6:h1,business,0003_-_The_Game_Chat_with_Ruth_and_Allen,5,1,6,Clarification Request (Specific),raw_history_b256,raw_history,256,256.0,whitespace_v1,6,3,25,12,6,122,True,"[""full"", ""assumption_eligible"", ""dense_explicit"", ""complete_case""]",0.7291666666666666,0.4583333333333333,25,48,48,24,True,,True,True,True,False,True,True
business:0003_-_The_Game_Chat_with_Ruth_and_Allen:5:6:h1,business,0003_-_The_Game_Chat_with_Ruth_and_Allen,5,1,6,Clarification Request (Specific),raw_history_true_assumptions_b256,raw_history_true_assumptions,256,293.0,whitespace_v1,6,3,25,12,6,122,True,"[""full"", ""assumption_eligible"", ""dense_explicit"", ""complete_case""]",0.7083333333333334,0.4166666666666667,25,48,48,24,True,,True,True,True,False,True,True
business:0003_-_The_Game_Chat_with_Ruth_and_Allen:5:6:h1,business,0003_-_The_Game_Chat_with_Ruth_and_Allen,5,1,6,Clarification Request (Specific),raw_history_different_episode_assumptions_b256,raw_history_different_episode_assumptions,256,293.0,whitespace_v1,6,3,25,12,6,122,True,"[""full"", ""assumption_eligible"", ""dense_explicit"", ""complete_case""]",0.5833333333333334,0.16666666666666666,25,48,48,24,True,,True,True,True,False,True,True
business:0003_-_The_Game_Chat_with_Ruth_and_Allen:5:6:h1,business,0003_-_The_Game_Chat_with_Ruth_and_Allen,5,1,6,Clarification Request (Specific),raw_history_same_episode_random_turn_assumptions_b256,raw_history_same_episode_random_turn_assumptions,256,293.0,whitespace_v1,6,3,25,12,6,122,True,"[""full"", ""assumption_eligible"", ""dense_explicit"", ""complete_case""]",0.6458333333333334,0.2916666666666667,25,48,48,24,True,,True,True,True,False,True,True
business:0003_-_The_Game_Chat_with_Ruth_and_Allen:5:6:h1,business,0003_-_The_Game_Chat_with_Ruth_and_Allen,5,1,6,Clarification Request (Specific),raw_history_explicit_b256,raw_history_explicit,256,293.0,whitespace_v1,6,3,25,12,6,122,True,"[""full"", ""assumption_eligible"", ""dense_explicit"", ""complete_case""]",0.6875,0.375,25,48,48,24,True,,True,True,True,False,True,True
business:0003_-_The_Game_Chat_with_Ruth_and_Allen:9:10:h1,business,0003_-_The_Game_Chat_with_Ruth_and_Allen,9,1,10,Assert / Elaborate,raw_history_b256,raw_history,256,256.0,whitespace_v1,4,3,22,12,5,60,True,"[""full"", ""assumption_eligible"", ""sparse_explicit"", ""complete_case""]",0.5416666666666666,0.08333333333333333,25,48,48,24,True,,True,True,True,True,False,True
business:0003_-_The_Game_Chat_with_Ruth_and_Allen:9:10:h1,business,0003_-_The_Game_Chat_with_Ruth_and_Allen,9,1,10,Assert / Elaborate,raw_history_true_assumptions_b256,raw_history_true_assumptions,256,293.0,whitespace_v1,4,3,22,12,5,60,True,"[""full"", ""assumption_eligible"", ""sparse_explicit"", ""complete_case""]",0.5833333333333334,0.16666666666666666,25,48,48,24,True,,True,True,True,True,False,True
business:0003_-_The_Game_Chat_with_Ruth_and_Allen:9:10:h1,business,0003_-_The_Game_Chat_with_Ruth_and_Allen,9,1,10,Assert / Elaborate,raw_history_different_episode_assumptions_b256,raw_history_different_episode_assumptions,256,293.0,whitespace_v1,4,3,22,12,5,60,True,"[""full"", ""assumption_eligible"", ""sparse_explicit"", ""complete_case""]",0.5625,0.125,25,48,48,24,True,,True,True,True,True,False,True
business:0003_-_The_Game_Chat_with_Ruth_and_Allen:9:10:h1,business,0003_-_The_Game_Chat_with_Ruth_and_Allen,9,1,10,Assert / Elaborate,raw_history_same_episode_random_turn_assumptions_b256,raw_history_same_episode_random_turn_assumptions,256,293.0,whitespace_v1,4,3,22,12,5,60,True,"[""full"", ""assumption_eligible"", ""sparse_explicit"", ""complete_case""]",0.5833333333333334,0.16666666666666666,25,48,48,24,True,,True,True,True,True,False,True
business:0003_-_The_Game_Chat_with_Ruth_and_Allen:9:10:h1,business,0003_-_The_Game_Chat_with_Ruth_and_Allen,9,1,10,Assert / Elaborate,raw_history_explicit_b256,raw_history_explicit,256,293.0,whitespace_v1,4,3,22,12,5,60,True,"[""full"", ""assumption_eligible"", ""sparse_explicit"", ""complete_case""]",0.5208333333333334,0.041666666666666664,25,48,48,24,True,,True,True,True,True,False,True
business:0003_-_The_Game_Chat_with_Ruth_and_Allen:9:12:h3,business,0003_-_The_Game_Chat_with_Ruth_and_Allen,9,3,12,Assert / Elaborate,raw_history_b256,raw_history,256,256.0,whitespace_v1,4,3,22,12,5,60,True,"[""full"", ""assumption_eligible"", ""sparse_explicit"", ""complete_case""]",0.5208333333333334,0.041666666666666664,25,48,48,24,True,,True,True,True,True,False,True
business:0003_-_The_Game_Chat_with_Ruth_and_Allen:9:12:h3,business,0003_-_The_Game_Chat_with_Ruth_and_Allen,9,3,12,Assert / Elaborate,raw_history_true_assumptions_b256,raw_history_true_assumptions,256,293.0,whitespace_v1,4,3,22,12,5,60,True,"[""full"", ""assumption_eligible"", ""sparse_explicit"", ""complete_case""]",0.5416666666666666,0.08333333333333333,25,48,48,24,True,,True,True,True,True,False,True
business:0003_-_The_Game_Chat_with_Ruth_and_Allen:9:12:h3,business,0003_-_The_Game_Chat_with_Ruth_and_Allen,9,3,12,Assert / Elaborate,raw_history_different_episode_assumptions_b256,raw_history_different_episode_assumptions,256,293.0,whitespace_v1,4,3,22,12,5,60,True,"[""full"", ""assumption_eligible"", ""sparse_explicit"", ""complete_case""]",0.5208333333333334,0.041666666666666664,25,48,48,24,True,,True,True,True,True,False,True
business:0003_-_The_Game_Chat_with_Ruth_and_Allen:9:12:h3,business,0003_-_The_Game_Chat_with_Ruth_and_Allen,9,3,12,Assert / Elaborate,raw_history_same_episode_random_turn_assumptions_b256,raw_history_same_episode_random_turn_assumptions,256,293.0,whitespace_v1,4,3,22,12,5,60,True,"[""full"", ""assumption_eligible"", ""sparse_explicit"", ""complete_case""]",0.5416666666666666,0.08333333333333333,25,48,48,24,True,,True,True,True,True,False,True
business:0003_-_The_Game_Chat_with_Ruth_and_Allen:9:12:h3,business,0003_-_The_Game_Chat_with_Ruth_and_Allen,9,3,12,Assert / Elaborate,raw_history_explicit_b256,raw_history_explicit,256,293.0,whitespace_v1,4,3,22,12,5,60,True,"[""full"", ""assumption_eligible"", ""sparse_explicit"", ""complete_case""]",0.5833333333333334,0.16666666666666666,25,48,48,24,True,,True,True,True,True,False,True
business:0003_-_The_Game_Chat_with_Ruth_and_Allen:9:14:h5,business,0003_-_The_Game_Chat_with_Ruth_and_Allen,9,5,14,Assert / Elaborate,raw_history_b256,raw_history,256,256.0,whitespace_v1,4,3,22,12,5,60,True,"[""full"", ""assumption_eligible"", ""sparse_explicit"", ""complete_case""]",0.5625,0.125,25,48,48,24,True,,True,True,True,True,False,True
business:0003_-_The_Game_Chat_with_Ruth_and_Allen:9:14:h5,business,0003_-_The_Game_Chat_with_Ruth_and_Allen,9,5,14,Assert / Elaborate,raw_history_true_assumptions_b256,raw_history_true_assumptions,256,293.0,whitespace_v1,4,3,22,12,5,60,True,"[""full"", ""assumption_eligible"", ""sparse_explicit"", ""complete_case""]",0.5,0.0,25,48,48,24,True,,True,True,True,True,False,True
business:0003_-_The_Game_Chat_with_Ruth_and_Allen:9:14:h5,business,0003_-_The_Game_Chat_with_Ruth_and_Allen,9,5,14,Assert / Elaborate,raw_history_different_episode_assumptions_b256,raw_history_different_episode_assumptions,256,293.0,whitespace_v1,4,3,22,12,5,60,True,"[""full"", ""assumption_eligible"", ""sparse_explicit"", ""complete_case""]",0.5,0.0,25,48,48,24,True,,True,True,True,True,False,True
business:0003_-_The_Game_Chat_with_Ruth_and_Allen:9:14:h5,business,0003_-_The_Game_Chat_with_Ruth_and_Allen,9,5,14,Assert / Elaborate,raw_history_same_episode_random_turn_assumptions_b256,raw_history_same_episode_random_turn_assumptions,256,293.0,whitespace_v1,4,3,22,12,5,60,True,"[""full"", ""assumption_eligible"", ""sparse_explicit"", ""complete_case""]",0.5208333333333334,0.041666666666666664,25,48,48,24,True,,True,True,True,True,False,True
business:0003_-_The_Game_Chat_with_Ruth_and_Allen:9:14:h5,business,0003_-_The_Game_Chat_with_Ruth_and_Allen,9,5,14,Assert / Elaborate,raw_history_explicit_b256,raw_history_explicit,256,293.0,whitespace_v1,4,3,22,12,5,60,True,"[""full"", ""assumption_eligible"", ""sparse_explicit"", ""complete_case""]",0.5,0.0,25,48,48,24,True,,True,True,True,True,False,True
business:0003_-_The_Game_Chat_with_Ruth_and_Allen:10:11:h1,business,0003_-_The_Game_Chat_with_Ruth_and_Allen,10,1,11,Assert / Elaborate,raw_history_b256,raw_history,256,256.0,whitespace_v1,9,3,27,12,8,196,True,"[""full"", ""assumption_eligible"", ""dense_explicit"", ""complete_case""]",0.625,0.25,25,48,48,24,True,,True,True,True,False,True,True
business:0003_-_The_Game_Chat_with_Ruth_and_Allen:10:11:h1,business,0003_-_The_Game_Chat_with_Ruth_and_Allen,10,1,11,Assert / Elaborate,raw_history_true_assumptions_b256,raw_history_true_assumptions,256,305.0,whitespace_v1,9,3,27,12,8,196,True,"[""full"", ""assumption_eligible"", ""dense_explicit"", ""complete_case""]",0.5625,0.125,25,48,48,24,True,,True,True,True,False,True,True
business:0003_-_The_Game_Chat_with_Ruth_and_Allen:10:11:h1,business,0003_-_The_Game_Chat_with_Ruth_and_Allen,10,1,11,Assert / Elaborate,raw_history_different_episode_assumptions_b256,raw_history_different_episode_assumptions,256,305.0,whitespace_v1,9,3,27,12,8,196,True,"[""full"", ""assumption_eligible"", ""dense_explicit"", ""complete_case""]",0.5208333333333334,0.041666666666666664,25,48,48,24,True,,True,True,True,False,True,True
business:0003_-_The_Game_Chat_with_Ruth_and_Allen:10:11:h1,business,0003_-_The_Game_Chat_with_Ruth_and_Allen,10,1,11,Assert / Elaborate,raw_history_same_episode_random_turn_assumptions_b256,raw_history_same_episode_random_turn_assumptions,256,305.0,whitespace_v1,9,3,27,12,8,196,True,"[""full"", ""assumption_eligible"", ""dense_explicit"", ""complete_case""]",0.625,0.25,25,48,48,24,True,,True,True,True,False,True,True
business:0003_-_The_Game_Chat_with_Ruth_and_Allen:10:11:h1,business,0003_-_The_Game_Chat_with_Ruth_and_Allen,10,1,11,Assert / Elaborate,raw_history_explicit_b256,raw_history_explicit,256,305.0,whitespace_v1,9,3,27,12,8,196,True,"[""full"", ""assumption_eligible"", ""dense_explicit"", ""complete_case""]",0.5416666666666666,0.08333333333333333,25,48,48,24,True,,True,True,True,False,True,True
business:0003_-_The_Game_Chat_with_Ruth_and_Allen:10:13:h3,business,0003_-_The_Game_Chat_with_Ruth_and_Allen,10,3,13,Assert / Elaborate,raw_history_b256,raw_history,256,256.0,whitespace_v1,9,3,27,12,8,196,True,"[""full"", ""assumption_eligible"", ""dense_explicit"", ""complete_case""]",0.6458333333333334,0.2916666666666667,25,48,48,24,True,,True,True,True,False,True,True
business:0003_-_The_Game_Chat_with_Ruth_and_Allen:10:13:h3,business,0003_-_The_Game_Chat_with_Ruth_and_Allen,10,3,13,Assert / Elaborate,raw_history_true_assumptions_b256,raw_history_true_assumptions,256,305.0,whitespace_v1,9,3,27,12,8,196,True,"[""full"", ""assumption_eligible"", ""dense_explicit"", ""complete_case""]",0.5833333333333334,0.16666666666666666,25,48,48,24,True,,True,True,True,False,True,True
business:0003_-_The_Game_Chat_with_Ruth_and_Allen:10:13:h3,business,0003_-_The_Game_Chat_with_Ruth_and_Allen,10,3,13,Assert / Elaborate,raw_history_different_episode_assumptions_b256,raw_history_different_episode_assumptions,256,305.0,whitespace_v1,9,3,27,12,8,196,True,"[""full"", ""assumption_eligible"", ""dense_explicit"", ""complete_case""]",0.5416666666666666,0.08333333333333333,25,48,48,24,True,,True,True,True,False,True,True
business:0003_-_The_Game_Chat_with_Ruth_and_Allen:10:13:h3,business,0003_-_The_Game_Chat_with_Ruth_and_Allen,10,3,13,Assert / Elaborate,raw_history_same_episode_random_turn_assumptions_b256,raw_history_same_episode_random_turn_assumptions,256,305.0,whitespace_v1,9,3,27,12,8,196,True,"[""full"", ""assumption_eligible"", ""dense_explicit"", ""complete_case""]",0.5416666666666666,0.08333333333333333,25,48,48,24,True,,True,True,True,False,True,True
business:0003_-_The_Game_Chat_with_Ruth_and_Allen:10:13:h3,business,0003_-_The_Game_Chat_with_Ruth_and_Allen,10,3,13,Assert / Elaborate,raw_history_explicit_b256,raw_history_explicit,256,305.0,whitespace_v1,9,3,27,12,8,196,True,"[""full"", ""assumption_eligible"", ""dense_explicit"", ""complete_case""]",0.5,0.0,25,48,48,24,True,,True,True,True,False,True,True
business:0003_-_The_Game_Chat_with_Ruth_and_Allen:11:12:h1,business,0003_-_The_Game_Chat_with_Ruth_and_Allen,11,1,12,Assert / Elaborate,raw_history_b256,raw_history,256,256.0,whitespace_v1,9,3,26,12,8,111,True,"[""full"", ""assumption_eligible"", ""dense_explicit"", ""complete_case""]",0.5833333333333334,0.16666666666666666,25,48,48,24,True,,True,True,True,False,True,True
business:0003_-_The_Game_Chat_with_Ruth_and_Allen:11:12:h1,business,0003_-_The_Game_Chat_with_Ruth_and_Allen,11,1,12,Assert / Elaborate,raw_history_true_assumptions_b256,raw_history_true_assumptions,256,291.0,whitespace_v1,9,3,26,12,8,111,True,"[""full"", ""assumption_eligible"", ""dense_explicit"", ""complete_case""]",0.5833333333333334,0.16666666666666666,25,48,48,24,True,,True,True,True,False,True,True
business:0003_-_The_Game_Chat_with_Ruth_and_Allen:11:12:h1,business,0003_-_The_Game_Chat_with_Ruth_and_Allen,11,1,12,Assert / Elaborate,raw_history_different_episode_assumptions_b256,raw_history_different_episode_assumptions,256,291.0,whitespace_v1,9,3,26,12,8,111,True,"[""full"", ""assumption_eligible"", ""dense_explicit"", ""complete_case""]",0.6041666666666666,0.20833333333333334,25,48,48,24,True,,True,True,True,False,True,True
business:0003_-_The_Game_Chat_with_Ruth_and_Allen:11:12:h1,business,0003_-_The_Game_Chat_with_Ruth_and_Allen,11,1,12,Assert / Elaborate,raw_history_same_episode_random_turn_assumptions_b256,raw_history_same_episode_random_turn_assumptions,256,291.0,whitespace_v1,9,3,26,12,8,111,True,"[""full"", ""assumption_eligible"", ""dense_explicit"", ""complete_case""]",0.625,0.25,25,48,48,24,True,,True,True,True,False,True,True
business:0003_-_The_Game_Chat_with_Ruth_and_Allen:11:12:h1,business,0003_-_The_Game_Chat_with_Ruth_and_Allen,11,1,12,Assert / Elaborate,raw_history_explicit_b256,raw_history_explicit,256,291.0,whitespace_v1,9,3,26,12,8,111,True,"[""full"", ""assumption_eligible"", ""dense_explicit"", ""complete_case""]",0.6041666666666666,0.20833333333333334,25,48,48,24,True,,True,True,True,False,True,True
business:0003_-_The_Game_Chat_with_Ruth_and_Allen:11:14:h3,business,0003_-_The_Game_Chat_with_Ruth_and_Allen,11,3,14,Assert / Elaborate,raw_history_b256,raw_history,256,256.0,whitespace_v1,9,3,26,12,8,111,True,"[""full"", ""assumption_eligible"", ""dense_explicit"", ""complete_case""]",0.5625,0.125,25,48,48,24,True,,True,True,True,False,True,True
business:0003_-_The_Game_Chat_with_Ruth_and_Allen:11:14:h3,business,0003_-_The_Game_Chat_with_Ruth_and_Allen,11,3,14,Assert / Elaborate,raw_history_true_assumptions_b256,raw_history_true_assumptions,256,291.0,whitespace_v1,9,3,26,12,8,111,True,"[""full"", ""assumption_eligible"", ""dense_explicit"", ""complete_case""]",0.5208333333333334,0.041666666666666664,25,48,48,24,True,,True,True,True,False,True,True
business:0003_-_The_Game_Chat_with_Ruth_and_Allen:11:14:h3,business,0003_-_The_Game_Chat_with_Ruth_and_Allen,11,3,14,Assert / Elaborate,raw_history_different_episode_assumptions_b256,raw_history_different_episode_assumptions,256,291.0,whitespace_v1,9,3,26,12,8,111,True,"[""full"", ""assumption_eligible"", ""dense_explicit"", ""complete_case""]",0.5,0.0,25,48,48,24,True,,True,True,True,False,True,True
business:0003_-_The_Game_Chat_with_Ruth_and_Allen:11:14:h3,business,0003_-_The_Game_Chat_with_Ruth_and_Allen,11,3,14,Assert / Elaborate,raw_history_same_episode_random_turn_assumptions_b256,raw_history_same_episode_random_turn_assumptions,256,291.0,whitespace_v1,9,3,26,12,8,111,True,"[""full"", ""assumption_eligible"", ""dense_explicit"", ""complete_case""]",0.5416666666666666,0.08333333333333333,25,48,48,24,True,,True,True,True,False,True,True
business:0003_-_The_Game_Chat_with_Ruth_and_Allen:11:14:h3,business,0003_-_The_Game_Chat_with_Ruth_and_Allen,11,3,14,Assert / Elaborate,raw_history_explicit_b256,raw_history_explicit,256,291.0,whitespace_v1,9,3,26,12,8,111,True,"[""full"", ""assumption_eligible"", ""dense_explicit"", ""complete_case""]",0.5416666666666666,0.08333333333333333,25,48,48,24,True,,True,True,True,False,True,True
business:0003_-_The_Game_Chat_with_Ruth_and_Allen:12:13:h1,business,0003_-_The_Game_Chat_with_Ruth_and_Allen,12,1,13,Assert / Elaborate,raw_history_b256,raw_history,256,256.0,whitespace_v1,6,3,28,12,6,92,True,"[""full"", ""assumption_eligible"", ""dense_explicit"", ""complete_case""]",0.7083333333333334,0.4166666666666667,25,48,48,24,True,,True,True,True,False,True,True
business:0003_-_The_Game_Chat_with_Ruth_and_Allen:12:13:h1,business,0003_-_The_Game_Chat_with_Ruth_and_Allen,12,1,13,Assert / Elaborate,raw_history_true_assumptions_b256,raw_history_true_assumptions,256,300.0,whitespace_v1,6,3,28,12,6,92,True,"[""full"", ""assumption_eligible"", ""dense_explicit"", ""complete_case""]",0.6458333333333334,0.2916666666666667,25,48,48,24,True,,True,True,True,False,True,True
business:0003_-_The_Game_Chat_with_Ruth_and_Allen:12:13:h1,business,0003_-_The_Game_Chat_with_Ruth_and_Allen,12,1,13,Assert / Elaborate,raw_history_different_episode_assumptions_b256,raw_history_different_episode_assumptions,256,300.0,whitespace_v1,6,3,28,12,6,92,True,"[""full"", ""assumption_eligible"", ""dense_explicit"", ""complete_case""]",0.625,0.25,25,48,48,24,True,,True,True,True,False,True,True
business:0003_-_The_Game_Chat_with_Ruth_and_Allen:12:13:h1,business,0003_-_The_Game_Chat_with_Ruth_and_Allen,12,1,13,Assert / Elaborate,raw_history_same_episode_random_turn_assumptions_b256,raw_history_same_episode_random_turn_assumptions,256,300.0,whitespace_v1,6,3,28,12,6,92,True,"[""full"", ""assumption_eligible"", ""dense_explicit"", ""complete_case""]",0.625,0.25,25,48,48,24,True,,True,True,True,False,True,True
business:0003_-_The_Game_Chat_with_Ruth_and_Allen:12:13:h1,business,0003_-_The_Game_Chat_with_Ruth_and_Allen,12,1,13,Assert / Elaborate,raw_history_explicit_b256,raw_history_explicit,256,300.0,whitespace_v1,6,3,28,12,6,92,True,"[""full"", ""assumption_eligible"", ""dense_explicit"", ""complete_case""]",0.5833333333333334,0.16666666666666666,25,48,48,24,True,,True,True,True,False,True,True
business:0003_-_The_Game_Chat_with_Ruth_and_Allen:13:14:h1,business,0003_-_The_Game_Chat_with_Ruth_and_Allen,13,1,14,Assert / Elaborate,raw_history_b256,raw_history,256,256.0,whitespace_v1,7,3,31,12,5,97,True,"[""full"", ""assumption_eligible"", ""dense_explicit"", ""complete_case""]",0.7291666666666666,0.4583333333333333,25,48,48,24,True,,True,True,True,False,True,True
business:0003_-_The_Game_Chat_with_Ruth_and_Allen:13:14:h1,business,0003_-_The_Game_Chat_with_Ruth_and_Allen,13,1,14,Assert / Elaborate,raw_history_true_assumptions_b256,raw_history_true_assumptions,256,292.0,whitespace_v1,7,3,31,12,5,97,True,"[""full"", ""assumption_eligible"", ""dense_explicit"", ""complete_case""]",0.6458333333333334,0.2916666666666667,25,48,48,24,True,,True,True,True,False,True,True
business:0003_-_The_Game_Chat_with_Ruth_and_Allen:13:14:h1,business,0003_-_The_Game_Chat_with_Ruth_and_Allen,13,1,14,Assert / Elaborate,raw_history_different_episode_assumptions_b256,raw_history_different_episode_assumptions,256,292.0,whitespace_v1,7,3,31,12,5,97,True,"[""full"", ""assumption_eligible"", ""dense_explicit"", ""complete_case""]",0.625,0.25,25,48,48,24,True,,True,True,True,False,True,True
business:0003_-_The_Game_Chat_with_Ruth_and_Allen:13:14:h1,business,0003_-_The_Game_Chat_with_Ruth_and_Allen,13,1,14,Assert / Elaborate,raw_history_same_episode_random_turn_assumptions_b256,raw_history_same_episode_random_turn_assumptions,256,292.0,whitespace_v1,7,3,31,12,5,97,True,"[""full"", ""assumption_eligible"", ""dense_explicit"", ""complete_case""]",0.75,0.5,25,48,48,24,True,,True,True,True,False,True,True
business:0003_-_The_Game_Chat_with_Ruth_and_Allen:13:14:h1,business,0003_-_The_Game_Chat_with_Ruth_and_Allen,13,1,14,Assert / Elaborate,raw_history_explicit_b256,raw_history_explicit,256,292.0,whitespace_v1,7,3,31,12,5,97,True,"[""full"", ""assumption_eligible"", ""dense_explicit"", ""complete_case""]",0.5833333333333334,0.16666666666666666,25,48,48,24,True,,True,True,True,False,True,True
business:0004__Bhang___Jamie_Pearson:0:1:h1,business,0004__Bhang___Jamie_Pearson,0,1,1,Topic Shift,raw_history_b256,raw_history,256,81.0,whitespace_v1,6,3,6,3,5,77,True,"[""full"", ""assumption_eligible"", ""dense_explicit""]",0.5208333333333334,0.041666666666666664,25,48,48,24,True,,True,True,True,False,True,False
business:0004__Bhang___Jamie_Pearson:0:1:h1,business,0004__Bhang___Jamie_Pearson,0,1,1,Topic Shift,raw_history_true_assumptions_b256,raw_history_true_assumptions,256,112.0,whitespace_v1,6,3,6,3,5,77,True,"[""full"", ""assumption_eligible"", ""dense_explicit""]",0.5416666666666666,0.08333333333333333,25,48,48,24,True,,True,True,True,False,True,False
business:0004__Bhang___Jamie_Pearson:0:1:h1,business,0004__Bhang___Jamie_Pearson,0,1,1,Topic Shift,raw_history_different_episode_assumptions_b256,raw_history_different_episode_assumptions,256,112.0,whitespace_v1,6,3,6,3,5,77,True,"[""full"", ""assumption_eligible"", ""dense_explicit""]",0.5208333333333334,0.041666666666666664,25,48,48,24,True,,True,True,True,False,True,False
business:0004__Bhang___Jamie_Pearson:0:1:h1,business,0004__Bhang___Jamie_Pearson,0,1,1,Topic Shift,raw_history_same_episode_random_turn_assumptions_b256,raw_history_same_episode_random_turn_assumptions,256,,whitespace_v1,6,3,6,3,5,77,True,[],,,25,48,0,0,False,no_length_matched_same_episode_random_turn_donor,True,False,False,False,False,False
business:0004__Bhang___Jamie_Pearson:0:1:h1,business,0004__Bhang___Jamie_Pearson,0,1,1,Topic Shift,raw_history_explicit_b256,raw_history_explicit,256,112.0,whitespace_v1,6,3,6,3,5,77,True,"[""full"", ""assumption_eligible"", ""dense_explicit""]",0.5416666666666666,0.08333333333333333,25,48,48,24,True,,True,True,True,False,True,False
business:0004__Bhang___Jamie_Pearson:1:2:h1,business,0004__Bhang___Jamie_Pearson,1,1,2,Assert / Elaborate,raw_history_b256,raw_history,256,150.0,whitespace_v1,7,3,13,6,6,67,True,"[""full"", ""assumption_eligible"", ""dense_explicit""]",0.5625,0.125,25,48,48,24,True,,True,True,True,False,True,False
business:0004__Bhang___Jamie_Pearson:1:2:h1,business,0004__Bhang___Jamie_Pearson,1,1,2,Assert / Elaborate,raw_history_true_assumptions_b256,raw_history_true_assumptions,256,180.0,whitespace_v1,7,3,13,6,6,67,True,"[""full"", ""assumption_eligible"", ""dense_explicit""]",0.5625,0.125,25,48,48,24,True,,True,True,True,False,True,False
business:0004__Bhang___Jamie_Pearson:1:2:h1,business,0004__Bhang___Jamie_Pearson,1,1,2,Assert / Elaborate,raw_history_different_episode_assumptions_b256,raw_history_different_episode_assumptions,256,180.0,whitespace_v1,7,3,13,6,6,67,True,"[""full"", ""assumption_eligible"", ""dense_explicit""]",0.5208333333333334,0.041666666666666664,25,48,48,24,True,,True,True,True,False,True,False
business:0004__Bhang___Jamie_Pearson:1:2:h1,business,0004__Bhang___Jamie_Pearson,1,1,2,Assert / Elaborate,raw_history_same_episode_random_turn_assumptions_b256,raw_history_same_episode_random_turn_assumptions,256,,whitespace_v1,7,3,13,6,6,67,True,[],,,25,48,0,0,False,no_length_matched_same_episode_random_turn_donor,True,False,False,False,False,False
business:0004__Bhang___Jamie_Pearson:1:2:h1,business,0004__Bhang___Jamie_Pearson,1,1,2,Assert / Elaborate,raw_history_explicit_b256,raw_history_explicit,256,180.0,whitespace_v1,7,3,13,6,6,67,True,"[""full"", ""assumption_eligible"", ""dense_explicit""]",0.6041666666666666,0.20833333333333334,25,48,48,24,True,,True,True,True,False,True,False
business:0004__Bhang___Jamie_Pearson:5:6:h1,business,0004__Bhang___Jamie_Pearson,5,1,6,Assert / Elaborate,raw_history_b256,raw_history,256,256.0,whitespace_v1,5,3,29,12,4,87,True,"[""full"", ""assumption_eligible"", ""dense_explicit"", ""complete_case""]",0.5416666666666666,0.08333333333333333,25,48,48,24,True,,True,True,True,False,True,True
business:0004__Bhang___Jamie_Pearson:5:6:h1,business,0004__Bhang___Jamie_Pearson,5,1,6,Assert / Elaborate,raw_history_true_assumptions_b256,raw_history_true_assumptions,256,289.0,whitespace_v1,5,3,29,12,4,87,True,"[""full"", ""assumption_eligible"", ""dense_explicit"", ""complete_case""]",0.5625,0.125,25,48,48,24,True,,True,True,True,False,True,True
business:0004__Bhang___Jamie_Pearson:5:6:h1,business,0004__Bhang___Jamie_Pearson,5,1,6,Assert / Elaborate,raw_history_different_episode_assumptions_b256,raw_history_different_episode_assumptions,256,289.0,whitespace_v1,5,3,29,12,4,87,True,"[""full"", ""assumption_eligible"", ""dense_explicit"", ""complete_case""]",0.5833333333333334,0.16666666666666666,25,48,48,24,True,,True,True,True,False,True,True
business:0004__Bhang___Jamie_Pearson:5:6:h1,business,0004__Bhang___Jamie_Pearson,5,1,6,Assert / Elaborate,raw_history_same_episode_random_turn_assumptions_b256,raw_history_same_episode_random_turn_assumptions,256,289.0,whitespace_v1,5,3,29,12,4,87,True,"[""full"", ""assumption_eligible"", ""dense_explicit"", ""complete_case""]",0.5833333333333334,0.16666666666666666,25,48,48,24,True,,True,True,True,False,True,True
business:0004__Bhang___Jamie_Pearson:5:6:h1,business,0004__Bhang___Jamie_Pearson,5,1,6,Assert / Elaborate,raw_history_explicit_b256,raw_history_explicit,256,289.0,whitespace_v1,5,3,29,12,4,87,True,"[""full"", ""assumption_eligible"", ""dense_explicit"", ""complete_case""]",0.5416666666666666,0.08333333333333333,25,48,48,24,True,,True,True,True,False,True,True
business:0004__Bhang___Jamie_Pearson:7:8:h1,business,0004__Bhang___Jamie_Pearson,7,1,8,Assert / Elaborate,raw_history_b256,raw_history,256,256.0,whitespace_v1,10,3,35,12,10,124,True,"[""full"", ""assumption_eligible"", ""dense_explicit"", ""complete_case""]",0.5,0.0,25,48,48,24,True,,True,True,True,False,True,True
business:0004__Bhang___Jamie_Pearson:7:8:h1,business,0004__Bhang___Jamie_Pearson,7,1,8,Assert / Elaborate,raw_history_true_assumptions_b256,raw_history_true_assumptions,256,286.0,whitespace_v1,10,3,35,12,10,124,True,"[""full"", ""assumption_eligible"", ""dense_explicit"", ""complete_case""]",0.5208333333333334,0.041666666666666664,25,48,48,24,True,,True,True,True,False,True,True
business:0004__Bhang___Jamie_Pearson:7:8:h1,business,0004__Bhang___Jamie_Pearson,7,1,8,Assert / Elaborate,raw_history_different_episode_assumptions_b256,raw_history_different_episode_assumptions,256,286.0,whitespace_v1,10,3,35,12,10,124,True,"[""full"", ""assumption_eligible"", ""dense_explicit"", ""complete_case""]",0.5416666666666666,0.08333333333333333,25,48,48,24,True,,True,True,True,False,True,True
business:0004__Bhang___Jamie_Pearson:7:8:h1,business,0004__Bhang___Jamie_Pearson,7,1,8,Assert / Elaborate,raw_history_same_episode_random_turn_assumptions_b256,raw_history_same_episode_random_turn_assumptions,256,286.0,whitespace_v1,10,3,35,12,10,124,True,"[""full"", ""assumption_eligible"", ""dense_explicit"", ""complete_case""]",0.5625,0.125,25,48,48,24,True,,True,True,True,False,True,True
business:0004__Bhang___Jamie_Pearson:7:8:h1,business,0004__Bhang___Jamie_Pearson,7,1,8,Assert / Elaborate,raw_history_explicit_b256,raw_history_explicit,256,286.0,whitespace_v1,10,3,35,12,10,124,True,"[""full"", ""assumption_eligible"", ""dense_explicit"", ""complete_case""]",0.5208333333333334,0.041666666666666664,25,48,48,24,True,,True,True,True,False,True,True
business:0007__Talaria_Transportation___Ari_Raptis:5:6:h1,business,0007__Talaria_Transportation___Ari_Raptis,5,1,6,Assert / Elaborate,raw_history_b256,raw_history,256,256.0,whitespace_v1,5,3,29,12,5,61,True,"[""full"", ""assumption_eligible"", ""dense_explicit"", ""complete_case""]",0.5208333333333334,0.041666666666666664,25,48,48,24,True,,True,True,True,False,True,True
business:0007__Talaria_Transportation___Ari_Raptis:5:6:h1,business,0007__Talaria_Transportation___Ari_Raptis,5,1,6,Assert / Elaborate,raw_history_true_assumptions_b256,raw_history_true_assumptions,256,292.0,whitespace_v1,5,3,29,12,5,61,True,"[""full"", ""assumption_eligible"", ""dense_explicit"", ""complete_case""]",0.6041666666666666,0.20833333333333334,25,48,48,24,True,,True,True,True,False,True,True
business:0007__Talaria_Transportation___Ari_Raptis:5:6:h1,business,0007__Talaria_Transportation___Ari_Raptis,5,1,6,Assert / Elaborate,raw_history_different_episode_assumptions_b256,raw_history_different_episode_assumptions,256,292.0,whitespace_v1,5,3,29,12,5,61,True,"[""full"", ""assumption_eligible"", ""dense_explicit"", ""complete_case""]",0.5833333333333334,0.16666666666666666,25,48,48,24,True,,True,True,True,False,True,True
business:0007__Talaria_Transportation___Ari_Raptis:5:6:h1,business,0007__Talaria_Transportation___Ari_Raptis,5,1,6,Assert / Elaborate,raw_history_same_episode_random_turn_assumptions_b256,raw_history_same_episode_random_turn_assumptions,256,292.0,whitespace_v1,5,3,29,12,5,61,True,"[""full"", ""assumption_eligible"", ""dense_explicit"", ""complete_case""]",0.5833333333333334,0.16666666666666666,25,48,48,24,True,,True,True,True,False,True,True
business:0007__Talaria_Transportation___Ari_Raptis:5:6:h1,business,0007__Talaria_Transportation___Ari_Raptis,5,1,6,Assert / Elaborate,raw_history_explicit_b256,raw_history_explicit,256,292.0,whitespace_v1,5,3,29,12,5,61,True,"[""full"", ""assumption_eligible"", ""dense_explicit"", ""complete_case""]",0.5625,0.125,25,48,48,24,True,,True,True,True,False,True,True
business:0007__Talaria_Transportation___Ari_Raptis:6:7:h1,business,0007__Talaria_Transportation___Ari_Raptis,6,1,7,Agree / Align,raw_history_b256,raw_history,256,256.0,whitespace_v1,10,3,29,12,10,212,True,"[""full"", ""assumption_eligible"", ""dense_explicit"", ""complete_case""]",0.5208333333333334,0.041666666666666664,25,48,48,24,True,,True,True,True,False,True,True
business:0007__Talaria_Transportation___Ari_Raptis:6:7:h1,business,0007__Talaria_Transportation___Ari_Raptis,6,1,7,Agree / Align,raw_history_true_assumptions_b256,raw_history_true_assumptions,256,307.0,whitespace_v1,10,3,29,12,10,212,True,"[""full"", ""assumption_eligible"", ""dense_explicit"", ""complete_case""]",0.5833333333333334,0.16666666666666666,25,48,48,24,True,,True,True,True,False,True,True
business:0007__Talaria_Transportation___Ari_Raptis:6:7:h1,business,0007__Talaria_Transportation___Ari_Raptis,6,1,7,Agree / Align,raw_history_different_episode_assumptions_b256,raw_history_different_episode_assumptions,256,307.0,whitespace_v1,10,3,29,12,10,212,True,"[""full"", ""assumption_eligible"", ""dense_explicit"", ""complete_case""]",0.5416666666666666,0.08333333333333333,25,48,48,24,True,,True,True,True,False,True,True
business:0007__Talaria_Transportation___Ari_Raptis:6:7:h1,business,0007__Talaria_Transportation___Ari_Raptis,6,1,7,Agree / Align,raw_history_same_episode_random_turn_assumptions_b256,raw_history_same_episode_random_turn_assumptions,256,307.0,whitespace_v1,10,3,29,12,10,212,True,"[""full"", ""assumption_eligible"", ""dense_explicit"", ""complete_case""]",0.5416666666666666,0.08333333333333333,25,48,48,24,True,,True,True,True,False,True,True
business:0007__Talaria_Transportation___Ari_Raptis:6:7:h1,business,0007__Talaria_Transportation___Ari_Raptis,6,1,7,Agree / Align,raw_history_explicit_b256,raw_history_explicit,256,307.0,whitespace_v1,10,3,29,12,10,212,True,"[""full"", ""assumption_eligible"", ""dense_explicit"", ""complete_case""]",0.5416666666666666,0.08333333333333333,25,48,48,24,True,,True,True,True,False,True,True
business:0008__Jay_Rush___Moose_Labs___MouthPeace:3:4:h1,business,0008__Jay_Rush___Moose_Labs___MouthPeace,3,1,4,Assert / Elaborate,raw_history_b256,raw_history,256,256.0,whitespace_v1,4,3,29,12,5,58,True,"[""full"", ""assumption_eligible"", ""sparse_explicit""]",0.5625,0.125,25,48,48,24,True,,True,True,True,True,False,False
business:0008__Jay_Rush___Moose_Labs___MouthPeace:3:4:h1,business,0008__Jay_Rush___Moose_Labs___MouthPeace,3,1,4,Assert / Elaborate,raw_history_true_assumptions_b256,raw_history_true_assumptions,256,299.0,whitespace_v1,4,3,29,12,5,58,True,"[""full"", ""assumption_eligible"", ""sparse_explicit""]",0.6458333333333334,0.2916666666666667,25,48,48,24,True,,True,True,True,True,False,False
business:0008__Jay_Rush___Moose_Labs___MouthPeace:3:4:h1,business,0008__Jay_Rush___Moose_Labs___MouthPeace,3,1,4,Assert / Elaborate,raw_history_different_episode_assumptions_b256,raw_history_different_episode_assumptions,256,299.0,whitespace_v1,4,3,29,12,5,58,True,"[""full"", ""assumption_eligible"", ""sparse_explicit""]",0.5,0.0,25,48,48,24,True,,True,True,True,True,False,False
business:0008__Jay_Rush___Moose_Labs___MouthPeace:3:4:h1,business,0008__Jay_Rush___Moose_Labs___MouthPeace,3,1,4,Assert / Elaborate,raw_history_same_episode_random_turn_assumptions_b256,raw_history_same_episode_random_turn_assumptions,256,,whitespace_v1,4,3,29,12,5,58,True,[],,,25,48,0,0,False,no_length_matched_same_episode_random_turn_donor,True,False,False,False,False,False
business:0008__Jay_Rush___Moose_Labs___MouthPeace:3:4:h1,business,0008__Jay_Rush___Moose_Labs___MouthPeace,3,1,4,Assert / Elaborate,raw_history_explicit_b256,raw_history_explicit,256,299.0,whitespace_v1,4,3,29,12,5,58,True,"[""full"", ""assumption_eligible"", ""sparse_explicit""]",0.6041666666666666,0.20833333333333334,25,48,48,24,True,,True,True,True,True,False,False
business:0008__Jay_Rush___Moose_Labs___MouthPeace:4:5:h1,business,0008__Jay_Rush___Moose_Labs___MouthPeace,4,1,5,Assert / Elaborate,raw_history_b256,raw_history,256,256.0,whitespace_v1,10,3,30,12,10,129,True,"[""full"", ""assumption_eligible"", ""dense_explicit"", ""complete_case""]",0.6041666666666666,0.20833333333333334,25,48,48,24,True,,True,True,True,False,True,True
business:0008__Jay_Rush___Moose_Labs___MouthPeace:4:5:h1,business,0008__Jay_Rush___Moose_Labs___MouthPeace,4,1,5,Assert / Elaborate,raw_history_true_assumptions_b256,raw_history_true_assumptions,256,293.0,whitespace_v1,10,3,30,12,10,129,True,"[""full"", ""assumption_eligible"", ""dense_explicit"", ""complete_case""]",0.5625,0.125,25,48,48,24,True,,True,True,True,False,True,True
business:0008__Jay_Rush___Moose_Labs___MouthPeace:4:5:h1,business,0008__Jay_Rush___Moose_Labs___MouthPeace,4,1,5,Assert / Elaborate,raw_history_different_episode_assumptions_b256,raw_history_different_episode_assumptions,256,293.0,whitespace_v1,10,3,30,12,10,129,True,"[""full"", ""assumption_eligible"", ""dense_explicit"", ""complete_case""]",0.5416666666666666,0.08333333333333333,25,48,48,24,True,,True,True,True,False,True,True
business:0008__Jay_Rush___Moose_Labs___MouthPeace:4:5:h1,business,0008__Jay_Rush___Moose_Labs___MouthPeace,4,1,5,Assert / Elaborate,raw_history_same_episode_random_turn_assumptions_b256,raw_history_same_episode_random_turn_assumptions,256,293.0,whitespace_v1,10,3,30,12,10,129,True,"[""full"", ""assumption_eligible"", ""dense_explicit"", ""complete_case""]",0.5625,0.125,25,48,48,24,True,,True,True,True,False,True,True
business:0008__Jay_Rush___Moose_Labs___MouthPeace:4:5:h1,business,0008__Jay_Rush___Moose_Labs___MouthPeace,4,1,5,Assert / Elaborate,raw_history_explicit_b256,raw_history_explicit,256,293.0,whitespace_v1,10,3,30,12,10,129,True,"[""full"", ""assumption_eligible"", ""dense_explicit"", ""complete_case""]",0.5416666666666666,0.08333333333333333,25,48,48,24,True,,True,True,True,False,True,True
business:001._Magic_Dust:0:1:h1,business,001._Magic_Dust,0,1,1,Assert / Elaborate,raw_history_b256,raw_history,256,54.0,whitespace_v1,10,3,10,3,10,50,True,"[""full"", ""assumption_eligible"", ""dense_explicit""]",0.5,0.0,25,48,48,24,True,,True,True,True,False,True,False
business:001._Magic_Dust:0:1:h1,business,001._Magic_Dust,0,1,1,Assert / Elaborate,raw_history_true_assumptions_b256,raw_history_true_assumptions,256,89.0,whitespace_v1,10,3,10,3,10,50,True,"[""full"", ""assumption_eligible"", ""dense_explicit""]",0.5,0.0,25,48,48,24,True,,True,True,True,False,True,False
business:001._Magic_Dust:0:1:h1,business,001._Magic_Dust,0,1,1,Assert / Elaborate,raw_history_different_episode_assumptions_b256,raw_history_different_episode_assumptions,256,89.0,whitespace_v1,10,3,10,3,10,50,True,"[""full"", ""assumption_eligible"", ""dense_explicit""]",0.5,0.0,25,48,48,24,True,,True,True,True,False,True,False
business:001._Magic_Dust:0:1:h1,business,001._Magic_Dust,0,1,1,Assert / Elaborate,raw_history_same_episode_random_turn_assumptions_b256,raw_history_same_episode_random_turn_assumptions,256,,whitespace_v1,10,3,10,3,10,50,True,[],,,25,48,0,0,False,no_length_matched_same_episode_random_turn_donor,True,False,False,False,False,False
business:001._Magic_Dust:0:1:h1,business,001._Magic_Dust,0,1,1,Assert / Elaborate,raw_history_explicit_b256,raw_history_explicit,256,89.0,whitespace_v1,10,3,10,3,10,50,True,"[""full"", ""assumption_eligible"", ""dense_explicit""]",0.5,0.0,25,48,48,24,True,,True,True,True,False,True,False
commentary:0014_-QUALITY_CONTENT_W__SIMON_LUCKHOFF:2:3:h1,commentary,0014_-QUALITY_CONTENT_W__SIMON_LUCKHOFF,2,1,3,Assert / Elaborate,raw_history_b256,raw_history,256,256.0,whitespace_v1,8,3,28,9,8,160,True,"[""full"", ""assumption_eligible"", ""dense_explicit""]",0.5208333333333334,0.041666666666666664,25,48,48,24,True,,True,True,True,False,True,False
commentary:0014_-QUALITY_CONTENT_W__SIMON_LUCKHOFF:2:3:h1,commentary,0014_-QUALITY_CONTENT_W__SIMON_LUCKHOFF,2,1,3,Assert / Elaborate,raw_history_true_assumptions_b256,raw_history_true_assumptions,256,303.0,whitespace_v1,8,3,28,9,8,160,True,"[""full"", ""assumption_eligible"", ""dense_explicit""]",0.5,0.0,25,48,48,24,True,,True,True,True,False,True,False
commentary:0014_-QUALITY_CONTENT_W__SIMON_LUCKHOFF:2:3:h1,commentary,0014_-QUALITY_CONTENT_W__SIMON_LUCKHOFF,2,1,3,Assert / Elaborate,raw_history_different_episode_assumptions_b256,raw_history_different_episode_assumptions,256,303.0,whitespace_v1,8,3,28,9,8,160,True,"[""full"", ""assumption_eligible"", ""dense_explicit""]",0.5,0.0,25,48,48,24,True,,True,True,True,False,True,False
commentary:0014_-QUALITY_CONTENT_W__SIMON_LUCKHOFF:2:3:h1,commentary,0014_-QUALITY_CONTENT_W__SIMON_LUCKHOFF,2,1,3,Assert / Elaborate,raw_history_same_episode_random_turn_assumptions_b256,raw_history_same_episode_random_turn_assumptions,256,,whitespace_v1,8,3,28,9,8,160,True,[],,,25,48,0,0,False,no_length_matched_same_episode_random_turn_donor,True,False,False,False,False,False
commentary:0014_-QUALITY_CONTENT_W__SIMON_LUCKHOFF:2:3:h1,commentary,0014_-QUALITY_CONTENT_W__SIMON_LUCKHOFF,2,1,3,Assert / Elaborate,raw_history_explicit_b256,raw_history_explicit,256,303.0,whitespace_v1,8,3,28,9,8,160,True,"[""full"", ""assumption_eligible"", ""dense_explicit""]",0.5,0.0,25,48,48,24,True,,True,True,True,False,True,False
commentary:0014_-QUALITY_CONTENT_W__SIMON_LUCKHOFF:6:7:h1,commentary,0014_-QUALITY_CONTENT_W__SIMON_LUCKHOFF,6,1,7,Assert / Elaborate,raw_history_b256,raw_history,256,256.0,whitespace_v1,6,3,36,12,5,237,True,"[""full"", ""assumption_eligible"", ""dense_explicit"", ""complete_case""]",0.5833333333333334,0.16666666666666666,25,48,48,24,True,,True,True,True,False,True,True
commentary:0014_-QUALITY_CONTENT_W__SIMON_LUCKHOFF:6:7:h1,commentary,0014_-QUALITY_CONTENT_W__SIMON_LUCKHOFF,6,1,7,Assert / Elaborate,raw_history_true_assumptions_b256,raw_history_true_assumptions,256,295.0,whitespace_v1,6,3,36,12,5,237,True,"[""full"", ""assumption_eligible"", ""dense_explicit"", ""complete_case""]",0.5208333333333334,0.041666666666666664,25,48,48,24,True,,True,True,True,False,True,True
commentary:0014_-QUALITY_CONTENT_W__SIMON_LUCKHOFF:6:7:h1,commentary,0014_-QUALITY_CONTENT_W__SIMON_LUCKHOFF,6,1,7,Assert / Elaborate,raw_history_different_episode_assumptions_b256,raw_history_different_episode_assumptions,256,295.0,whitespace_v1,6,3,36,12,5,237,True,"[""full"", ""assumption_eligible"", ""dense_explicit"", ""complete_case""]",0.5,0.0,25,48,48,24,True,,True,True,True,False,True,True
commentary:0014_-QUALITY_CONTENT_W__SIMON_LUCKHOFF:6:7:h1,commentary,0014_-QUALITY_CONTENT_W__SIMON_LUCKHOFF,6,1,7,Assert / Elaborate,raw_history_same_episode_random_turn_assumptions_b256,raw_history_same_episode_random_turn_assumptions,256,295.0,whitespace_v1,6,3,36,12,5,237,True,"[""full"", ""assumption_eligible"", ""dense_explicit"", ""complete_case""]",0.5208333333333334,0.041666666666666664,25,48,48,24,True,,True,True,True,False,True,True
commentary:0014_-QUALITY_CONTENT_W__SIMON_LUCKHOFF:6:7:h1,commentary,0014_-QUALITY_CONTENT_W__SIMON_LUCKHOFF,6,1,7,Assert / Elaborate,raw_history_explicit_b256,raw_history_explicit,256,295.0,whitespace_v1,6,3,36,12,5,237,True,"[""full"", ""assumption_eligible"", ""dense_explicit"", ""complete_case""]",0.5208333333333334,0.041666666666666664,25,48,48,24,True,,True,True,True,False,True,True
commentary:0014_-QUALITY_CONTENT_W__SIMON_LUCKHOFF:7:8:h1,commentary,0014_-QUALITY_CONTENT_W__SIMON_LUCKHOFF,7,1,8,Agree / Align,raw_history_b256,raw_history,256,256.0,whitespace_v1,8,3,34,12,6,125,True,"[""full"", ""assumption_eligible"", ""dense_explicit"", ""complete_case""]",0.6041666666666666,0.20833333333333334,25,48,48,24,True,,True,True,True,False,True,True
commentary:0014_-QUALITY_CONTENT_W__SIMON_LUCKHOFF:7:8:h1,commentary,0014_-QUALITY_CONTENT_W__SIMON_LUCKHOFF,7,1,8,Agree / Align,raw_history_true_assumptions_b256,raw_history_true_assumptions,256,294.0,whitespace_v1,8,3,34,12,6,125,True,"[""full"", ""assumption_eligible"", ""dense_explicit"", ""complete_case""]",0.5208333333333334,0.041666666666666664,25,48,48,24,True,,True,True,True,False,True,True
commentary:0014_-QUALITY_CONTENT_W__SIMON_LUCKHOFF:7:8:h1,commentary,0014_-QUALITY_CONTENT_W__SIMON_LUCKHOFF,7,1,8,Agree / Align,raw_history_different_episode_assumptions_b256,raw_history_different_episode_assumptions,256,294.0,whitespace_v1,8,3,34,12,6,125,True,"[""full"", ""assumption_eligible"", ""dense_explicit"", ""complete_case""]",0.5208333333333334,0.041666666666666664,25,48,48,24,True,,True,True,True,False,True,True
commentary:0014_-QUALITY_CONTENT_W__SIMON_LUCKHOFF:7:8:h1,commentary,0014_-QUALITY_CONTENT_W__SIMON_LUCKHOFF,7,1,8,Agree / Align,raw_history_same_episode_random_turn_assumptions_b256,raw_history_same_episode_random_turn_assumptions,256,294.0,whitespace_v1,8,3,34,12,6,125,True,"[""full"", ""assumption_eligible"", ""dense_explicit"", ""complete_case""]",0.5416666666666666,0.08333333333333333,25,48,48,24,True,,True,True,True,False,True,True
commentary:0014_-QUALITY_CONTENT_W__SIMON_LUCKHOFF:7:8:h1,commentary,0014_-QUALITY_CONTENT_W__SIMON_LUCKHOFF,7,1,8,Agree / Align,raw_history_explicit_b256,raw_history_explicit,256,294.0,whitespace_v1,8,3,34,12,6,125,True,"[""full"", ""assumption_eligible"", ""dense_explicit"", ""complete_case""]",0.5,0.0,25,48,48,24,True,,True,True,True,False,True,True
commentary:0014_-QUALITY_CONTENT_W__SIMON_LUCKHOFF:10:11:h1,commentary,0014_-QUALITY_CONTENT_W__SIMON_LUCKHOFF,10,1,11,Assert / Elaborate,raw_history_b256,raw_history,256,256.0,whitespace_v1,5,3,31,12,5,177,True,"[""full"", ""assumption_eligible"", ""dense_explicit"", ""complete_case""]",0.5833333333333334,0.16666666666666666,25,48,48,24,True,,True,True,True,False,True,True
commentary:0014_-QUALITY_CONTENT_W__SIMON_LUCKHOFF:10:11:h1,commentary,0014_-QUALITY_CONTENT_W__SIMON_LUCKHOFF,10,1,11,Assert / Elaborate,raw_history_true_assumptions_b256,raw_history_true_assumptions,256,299.0,whitespace_v1,5,3,31,12,5,177,True,"[""full"", ""assumption_eligible"", ""dense_explicit"", ""complete_case""]",0.5625,0.125,25,48,48,24,True,,True,True,True,False,True,True
commentary:0014_-QUALITY_CONTENT_W__SIMON_LUCKHOFF:10:11:h1,commentary,0014_-QUALITY_CONTENT_W__SIMON_LUCKHOFF,10,1,11,Assert / Elaborate,raw_history_different_episode_assumptions_b256,raw_history_different_episode_assumptions,256,299.0,whitespace_v1,5,3,31,12,5,177,True,"[""full"", ""assumption_eligible"", ""dense_explicit"", ""complete_case""]",0.5208333333333334,0.041666666666666664,25,48,48,24,True,,True,True,True,False,True,True
commentary:0014_-QUALITY_CONTENT_W__SIMON_LUCKHOFF:10:11:h1,commentary,0014_-QUALITY_CONTENT_W__SIMON_LUCKHOFF,10,1,11,Assert / Elaborate,raw_history_same_episode_random_turn_assumptions_b256,raw_history_same_episode_random_turn_assumptions,256,299.0,whitespace_v1,5,3,31,12,5,177,True,"[""full"", ""assumption_eligible"", ""dense_explicit"", ""complete_case""]",0.5416666666666666,0.08333333333333333,25,48,48,24,True,,True,True,True,False,True,True
commentary:0014_-QUALITY_CONTENT_W__SIMON_LUCKHOFF:10:11:h1,commentary,0014_-QUALITY_CONTENT_W__SIMON_LUCKHOFF,10,1,11,Assert / Elaborate,raw_history_explicit_b256,raw_history_explicit,256,299.0,whitespace_v1,5,3,31,12,5,177,True,"[""full"", ""assumption_eligible"", ""dense_explicit"", ""complete_case""]",0.5416666666666666,0.08333333333333333,25,48,48,24,True,,True,True,True,False,True,True
commentary:0014_-QUALITY_CONTENT_W__SIMON_LUCKHOFF:10:13:h3,commentary,0014_-QUALITY_CONTENT_W__SIMON_LUCKHOFF,10,3,13,Assert / Elaborate,raw_history_b256,raw_history,256,256.0,whitespace_v1,5,3,31,12,5,177,True,"[""full"", ""assumption_eligible"", ""dense_explicit"", ""complete_case""]",0.5208333333333334,0.041666666666666664,25,48,48,24,True,,True,True,True,False,True,True
commentary:0014_-QUALITY_CONTENT_W__SIMON_LUCKHOFF:10:13:h3,commentary,0014_-QUALITY_CONTENT_W__SIMON_LUCKHOFF,10,3,13,Assert / Elaborate,raw_history_true_assumptions_b256,raw_history_true_assumptions,256,299.0,whitespace_v1,5,3,31,12,5,177,True,"[""full"", ""assumption_eligible"", ""dense_explicit"", ""complete_case""]",0.5,0.0,25,48,48,24,True,,True,True,True,False,True,True
commentary:0014_-QUALITY_CONTENT_W__SIMON_LUCKHOFF:10:13:h3,commentary,0014_-QUALITY_CONTENT_W__SIMON_LUCKHOFF,10,3,13,Assert / Elaborate,raw_history_different_episode_assumptions_b256,raw_history_different_episode_assumptions,256,299.0,whitespace_v1,5,3,31,12,5,177,True,"[""full"", ""assumption_eligible"", ""dense_explicit"", ""complete_case""]",0.5,0.0,25,48,48,24,True,,True,True,True,False,True,True
commentary:0014_-QUALITY_CONTENT_W__SIMON_LUCKHOFF:10:13:h3,commentary,0014_-QUALITY_CONTENT_W__SIMON_LUCKHOFF,10,3,13,Assert / Elaborate,raw_history_same_episode_random_turn_assumptions_b256,raw_history_same_episode_random_turn_assumptions,256,299.0,whitespace_v1,5,3,31,12,5,177,True,"[""full"", ""assumption_eligible"", ""dense_explicit"", ""complete_case""]",0.5208333333333334,0.041666666666666664,25,48,48,24,True,,True,True,True,False,True,True
commentary:0014_-QUALITY_CONTENT_W__SIMON_LUCKHOFF:10:13:h3,commentary,0014_-QUALITY_CONTENT_W__SIMON_LUCKHOFF,10,3,13,Assert / Elaborate,raw_history_explicit_b256,raw_history_explicit,256,299.0,whitespace_v1,5,3,31,12,5,177,True,"[""full"", ""assumption_eligible"", ""dense_explicit"", ""complete_case""]",0.5416666666666666,0.08333333333333333,25,48,48,24,True,,True,True,True,False,True,True
commentary:0014_-QUALITY_CONTENT_W__SIMON_LUCKHOFF:11:12:h1,commentary,0014_-QUALITY_CONTENT_W__SIMON_LUCKHOFF,11,1,12,Clarification Request (Specific),raw_history_b256,raw_history,256,256.0,whitespace_v1,10,3,33,12,10,237,True,"[""full"", ""assumption_eligible"", ""dense_explicit"", ""complete_case""]",0.5208333333333334,0.041666666666666664,25,48,48,24,True,,True,True,True,False,True,True
commentary:0014_-QUALITY_CONTENT_W__SIMON_LUCKHOFF:11:12:h1,commentary,0014_-QUALITY_CONTENT_W__SIMON_LUCKHOFF,11,1,12,Clarification Request (Specific),raw_history_true_assumptions_b256,raw_history_true_assumptions,256,293.0,whitespace_v1,10,3,33,12,10,237,True,"[""full"", ""assumption_eligible"", ""dense_explicit"", ""complete_case""]",0.5208333333333334,0.041666666666666664,25,48,48,24,True,,True,True,True,False,True,True
commentary:0014_-QUALITY_CONTENT_W__SIMON_LUCKHOFF:11:12:h1,commentary,0014_-QUALITY_CONTENT_W__SIMON_LUCKHOFF,11,1,12,Clarification Request (Specific),raw_history_different_episode_assumptions_b256,raw_history_different_episode_assumptions,256,293.0,whitespace_v1,10,3,33,12,10,237,True,"[""full"", ""assumption_eligible"", ""dense_explicit"", ""complete_case""]",0.5416666666666666,0.08333333333333333,25,48,48,24,True,,True,True,True,False,True,True
commentary:0014_-QUALITY_CONTENT_W__SIMON_LUCKHOFF:11:12:h1,commentary,0014_-QUALITY_CONTENT_W__SIMON_LUCKHOFF,11,1,12,Clarification Request (Specific),raw_history_same_episode_random_turn_assumptions_b256,raw_history_same_episode_random_turn_assumptions,256,293.0,whitespace_v1,10,3,33,12,10,237,True,"[""full"", ""assumption_eligible"", ""dense_explicit"", ""complete_case""]",0.5,0.0,25,48,48,24,True,,True,True,True,False,True,True
commentary:0014_-QUALITY_CONTENT_W__SIMON_LUCKHOFF:11:12:h1,commentary,0014_-QUALITY_CONTENT_W__SIMON_LUCKHOFF,11,1,12,Clarification Request (Specific),raw_history_explicit_b256,raw_history_explicit,256,293.0,whitespace_v1,10,3,33,12,10,237,True,"[""full"", ""assumption_eligible"", ""dense_explicit"", ""complete_case""]",0.5,0.0,25,48,48,24,True,,True,True,True,False,True,True
commentary:0014_-QUALITY_CONTENT_W__SIMON_LUCKHOFF:12:13:h1,commentary,0014_-QUALITY_CONTENT_W__SIMON_LUCKHOFF,12,1,13,Assert / Elaborate,raw_history_b256,raw_history,256,256.0,whitespace_v1,5,3,30,12,6,137,True,"[""full"", ""assumption_eligible"", ""dense_explicit"", ""complete_case""]",0.5208333333333334,0.041666666666666664,25,48,48,24,True,,True,True,True,False,True,True
commentary:0014_-QUALITY_CONTENT_W__SIMON_LUCKHOFF:12:13:h1,commentary,0014_-QUALITY_CONTENT_W__SIMON_LUCKHOFF,12,1,13,Assert / Elaborate,raw_history_true_assumptions_b256,raw_history_true_assumptions,256,293.0,whitespace_v1,5,3,30,12,6,137,True,"[""full"", ""assumption_eligible"", ""dense_explicit"", ""complete_case""]",0.5,0.0,25,48,48,24,True,,True,True,True,False,True,True
commentary:0014_-QUALITY_CONTENT_W__SIMON_LUCKHOFF:12:13:h1,commentary,0014_-QUALITY_CONTENT_W__SIMON_LUCKHOFF,12,1,13,Assert / Elaborate,raw_history_different_episode_assumptions_b256,raw_history_different_episode_assumptions,256,293.0,whitespace_v1,5,3,30,12,6,137,True,"[""full"", ""assumption_eligible"", ""dense_explicit"", ""complete_case""]",0.5,0.0,25,48,48,24,True,,True,True,True,False,True,True
commentary:0014_-QUALITY_CONTENT_W__SIMON_LUCKHOFF:12:13:h1,commentary,0014_-QUALITY_CONTENT_W__SIMON_LUCKHOFF,12,1,13,Assert / Elaborate,raw_history_same_episode_random_turn_assumptions_b256,raw_history_same_episode_random_turn_assumptions,256,293.0,whitespace_v1,5,3,30,12,6,137,True,"[""full"", ""assumption_eligible"", ""dense_explicit"", ""complete_case""]",0.5,0.0,25,48,48,24,True,,True,True,True,False,True,True
commentary:0014_-QUALITY_CONTENT_W__SIMON_LUCKHOFF:12:13:h1,commentary,0014_-QUALITY_CONTENT_W__SIMON_LUCKHOFF,12,1,13,Assert / Elaborate,raw_history_explicit_b256,raw_history_explicit,256,293.0,whitespace_v1,5,3,30,12,6,137,True,"[""full"", ""assumption_eligible"", ""dense_explicit"", ""complete_case""]",0.5,0.0,25,48,48,24,True,,True,True,True,False,True,True
commentary:0014_-QUALITY_CONTENT_W__SIMON_LUCKHOFF:18:19:h1,commentary,0014_-QUALITY_CONTENT_W__SIMON_LUCKHOFF,18,1,19,Assert / Elaborate,raw_history_b256,raw_history,256,256.0,whitespace_v1,7,3,37,12,5,52,True,"[""full"", ""assumption_eligible"", ""dense_explicit"", ""complete_case""]",0.5833333333333334,0.16666666666666666,25,48,48,24,True,,True,True,True,False,True,True
commentary:0014_-QUALITY_CONTENT_W__SIMON_LUCKHOFF:18:19:h1,commentary,0014_-QUALITY_CONTENT_W__SIMON_LUCKHOFF,18,1,19,Assert / Elaborate,raw_history_true_assumptions_b256,raw_history_true_assumptions,256,290.0,whitespace_v1,7,3,37,12,5,52,True,"[""full"", ""assumption_eligible"", ""dense_explicit"", ""complete_case""]",0.6666666666666666,0.3333333333333333,25,48,48,24,True,,True,True,True,False,True,True
commentary:0014_-QUALITY_CONTENT_W__SIMON_LUCKHOFF:18:19:h1,commentary,0014_-QUALITY_CONTENT_W__SIMON_LUCKHOFF,18,1,19,Assert / Elaborate,raw_history_different_episode_assumptions_b256,raw_history_different_episode_assumptions,256,290.0,whitespace_v1,7,3,37,12,5,52,True,"[""full"", ""assumption_eligible"", ""dense_explicit"", ""complete_case""]",0.625,0.25,25,48,48,24,True,,True,True,True,False,True,True
commentary:0014_-QUALITY_CONTENT_W__SIMON_LUCKHOFF:18:19:h1,commentary,0014_-QUALITY_CONTENT_W__SIMON_LUCKHOFF,18,1,19,Assert / Elaborate,raw_history_same_episode_random_turn_assumptions_b256,raw_history_same_episode_random_turn_assumptions,256,290.0,whitespace_v1,7,3,37,12,5,52,True,"[""full"", ""assumption_eligible"", ""dense_explicit"", ""complete_case""]",0.5416666666666666,0.08333333333333333,25,48,48,24,True,,True,True,True,False,True,True
commentary:0014_-QUALITY_CONTENT_W__SIMON_LUCKHOFF:18:19:h1,commentary,0014_-QUALITY_CONTENT_W__SIMON_LUCKHOFF,18,1,19,Assert / Elaborate,raw_history_explicit_b256,raw_history_explicit,256,290.0,whitespace_v1,7,3,37,12,5,52,True,"[""full"", ""assumption_eligible"", ""dense_explicit"", ""complete_case""]",0.6041666666666666,0.20833333333333334,25,48,48,24,True,,True,True,True,False,True,True
commentary:0014_-QUALITY_CONTENT_W__SIMON_LUCKHOFF:18:21:h3,commentary,0014_-QUALITY_CONTENT_W__SIMON_LUCKHOFF,18,3,21,Assert / Elaborate,raw_history_b256,raw_history,256,256.0,whitespace_v1,7,3,37,12,5,52,True,"[""full"", ""assumption_eligible"", ""dense_explicit"", ""complete_case""]",0.5208333333333334,0.041666666666666664,25,48,48,24,True,,True,True,True,False,True,True
commentary:0014_-QUALITY_CONTENT_W__SIMON_LUCKHOFF:18:21:h3,commentary,0014_-QUALITY_CONTENT_W__SIMON_LUCKHOFF,18,3,21,Assert / Elaborate,raw_history_true_assumptions_b256,raw_history_true_assumptions,256,290.0,whitespace_v1,7,3,37,12,5,52,True,"[""full"", ""assumption_eligible"", ""dense_explicit"", ""complete_case""]",0.5416666666666666,0.08333333333333333,25,48,48,24,True,,True,True,True,False,True,True
commentary:0014_-QUALITY_CONTENT_W__SIMON_LUCKHOFF:18:21:h3,commentary,0014_-QUALITY_CONTENT_W__SIMON_LUCKHOFF,18,3,21,Assert / Elaborate,raw_history_different_episode_assumptions_b256,raw_history_different_episode_assumptions,256,290.0,whitespace_v1,7,3,37,12,5,52,True,"[""full"", ""assumption_eligible"", ""dense_explicit"", ""complete_case""]",0.5208333333333334,0.041666666666666664,25,48,48,24,True,,True,True,True,False,True,True
commentary:0014_-QUALITY_CONTENT_W__SIMON_LUCKHOFF:18:21:h3,commentary,0014_-QUALITY_CONTENT_W__SIMON_LUCKHOFF,18,3,21,Assert / Elaborate,raw_history_same_episode_random_turn_assumptions_b256,raw_history_same_episode_random_turn_assumptions,256,290.0,whitespace_v1,7,3,37,12,5,52,True,"[""full"", ""assumption_eligible"", ""dense_explicit"", ""complete_case""]",0.5208333333333334,0.041666666666666664,25,48,48,24,True,,True,True,True,False,True,True
commentary:0014_-QUALITY_CONTENT_W__SIMON_LUCKHOFF:18:21:h3,commentary,0014_-QUALITY_CONTENT_W__SIMON_LUCKHOFF,18,3,21,Assert / Elaborate,raw_history_explicit_b256,raw_history_explicit,256,290.0,whitespace_v1,7,3,37,12,5,52,True,"[""full"", ""assumption_eligible"", ""dense_explicit"", ""complete_case""]",0.5208333333333334,0.041666666666666664,25,48,48,24,True,,True,True,True,False,True,True
commentary:0014_-QUALITY_CONTENT_W__SIMON_LUCKHOFF:19:20:h1,commentary,0014_-QUALITY_CONTENT_W__SIMON_LUCKHOFF,19,1,20,Clarification Request (Specific),raw_history_b256,raw_history,256,256.0,whitespace_v1,10,3,37,12,10,247,True,"[""full"", ""assumption_eligible"", ""dense_explicit"", ""complete_case""]",0.4166666666666667,0.25,25,48,48,24,True,,True,True,True,False,True,True
commentary:0014_-QUALITY_CONTENT_W__SIMON_LUCKHOFF:19:20:h1,commentary,0014_-QUALITY_CONTENT_W__SIMON_LUCKHOFF,19,1,20,Clarification Request (Specific),raw_history_true_assumptions_b256,raw_history_true_assumptions,256,291.0,whitespace_v1,10,3,37,12,10,247,True,"[""full"", ""assumption_eligible"", ""dense_explicit"", ""complete_case""]",0.5416666666666666,0.08333333333333333,25,48,48,24,True,,True,True,True,False,True,True
commentary:0014_-QUALITY_CONTENT_W__SIMON_LUCKHOFF:19:20:h1,commentary,0014_-QUALITY_CONTENT_W__SIMON_LUCKHOFF,19,1,20,Clarification Request (Specific),raw_history_different_episode_assumptions_b256,raw_history_different_episode_assumptions,256,291.0,whitespace_v1,10,3,37,12,10,247,True,"[""full"", ""assumption_eligible"", ""dense_explicit"", ""complete_case""]",0.4791666666666667,0.041666666666666664,25,48,48,24,True,,True,True,True,False,True,True
commentary:0014_-QUALITY_CONTENT_W__SIMON_LUCKHOFF:19:20:h1,commentary,0014_-QUALITY_CONTENT_W__SIMON_LUCKHOFF,19,1,20,Clarification Request (Specific),raw_history_same_episode_random_turn_assumptions_b256,raw_history_same_episode_random_turn_assumptions,256,291.0,whitespace_v1,10,3,37,12,10,247,True,"[""full"", ""assumption_eligible"", ""dense_explicit"", ""complete_case""]",0.5,0.0,25,48,48,24,True,,True,True,True,False,True,True
commentary:0014_-QUALITY_CONTENT_W__SIMON_LUCKHOFF:19:20:h1,commentary,0014_-QUALITY_CONTENT_W__SIMON_LUCKHOFF,19,1,20,Clarification Request (Specific),raw_history_explicit_b256,raw_history_explicit,256,291.0,whitespace_v1,10,3,37,12,10,247,True,"[""full"", ""assumption_eligible"", ""dense_explicit"", ""complete_case""]",0.5,0.0,25,48,48,24,True,,True,True,True,False,True,True
commentary:0014_-QUALITY_CONTENT_W__SIMON_LUCKHOFF:19:22:h3,commentary,0014_-QUALITY_CONTENT_W__SIMON_LUCKHOFF,19,3,22,Assert / Elaborate,raw_history_b256,raw_history,256,256.0,whitespace_v1,10,3,37,12,10,247,True,"[""full"", ""assumption_eligible"", ""dense_explicit"", ""complete_case""]",0.5,0.0,25,48,48,24,True,,True,True,True,False,True,True
commentary:0014_-QUALITY_CONTENT_W__SIMON_LUCKHOFF:19:22:h3,commentary,0014_-QUALITY_CONTENT_W__SIMON_LUCKHOFF,19,3,22,Assert / Elaborate,raw_history_true_assumptions_b256,raw_history_true_assumptions,256,291.0,whitespace_v1,10,3,37,12,10,247,True,"[""full"", ""assumption_eligible"", ""dense_explicit"", ""complete_case""]",0.5,0.0,25,48,48,24,True,,True,True,True,False,True,True
commentary:0014_-QUALITY_CONTENT_W__SIMON_LUCKHOFF:19:22:h3,commentary,0014_-QUALITY_CONTENT_W__SIMON_LUCKHOFF,19,3,22,Assert / Elaborate,raw_history_different_episode_assumptions_b256,raw_history_different_episode_assumptions,256,291.0,whitespace_v1,10,3,37,12,10,247,True,"[""full"", ""assumption_eligible"", ""dense_explicit"", ""complete_case""]",0.5,0.0,25,48,48,24,True,,True,True,True,False,True,True
commentary:0014_-QUALITY_CONTENT_W__SIMON_LUCKHOFF:19:22:h3,commentary,0014_-QUALITY_CONTENT_W__SIMON_LUCKHOFF,19,3,22,Assert / Elaborate,raw_history_same_episode_random_turn_assumptions_b256,raw_history_same_episode_random_turn_assumptions,256,291.0,whitespace_v1,10,3,37,12,10,247,True,"[""full"", ""assumption_eligible"", ""dense_explicit"", ""complete_case""]",0.5,0.0,25,48,48,24,True,,True,True,True,False,True,True
commentary:0014_-QUALITY_CONTENT_W__SIMON_LUCKHOFF:19:22:h3,commentary,0014_-QUALITY_CONTENT_W__SIMON_LUCKHOFF,19,3,22,Assert / Elaborate,raw_history_explicit_b256,raw_history_explicit,256,291.0,whitespace_v1,10,3,37,12,10,247,True,"[""full"", ""assumption_eligible"", ""dense_explicit"", ""complete_case""]",0.5,0.0,25,48,48,24,True,,True,True,True,False,True,True
commentary:0014_-QUALITY_CONTENT_W__SIMON_LUCKHOFF:20:21:h1,commentary,0014_-QUALITY_CONTENT_W__SIMON_LUCKHOFF,20,1,21,Assert / Elaborate,raw_history_b256,raw_history,256,256.0,whitespace_v1,8,3,35,12,7,85,True,"[""full"", ""assumption_eligible"", ""dense_explicit"", ""complete_case""]",0.5208333333333334,0.041666666666666664,25,48,48,24,True,,True,True,True,False,True,True
commentary:0014_-QUALITY_CONTENT_W__SIMON_LUCKHOFF:20:21:h1,commentary,0014_-QUALITY_CONTENT_W__SIMON_LUCKHOFF,20,1,21,Assert / Elaborate,raw_history_true_assumptions_b256,raw_history_true_assumptions,256,294.0,whitespace_v1,8,3,35,12,7,85,True,"[""full"", ""assumption_eligible"", ""dense_explicit"", ""complete_case""]",0.5416666666666666,0.08333333333333333,25,48,48,24,True,,True,True,True,False,True,True
commentary:0014_-QUALITY_CONTENT_W__SIMON_LUCKHOFF:20:21:h1,commentary,0014_-QUALITY_CONTENT_W__SIMON_LUCKHOFF,20,1,21,Assert / Elaborate,raw_history_different_episode_assumptions_b256,raw_history_different_episode_assumptions,256,294.0,whitespace_v1,8,3,35,12,7,85,True,"[""full"", ""assumption_eligible"", ""dense_explicit"", ""complete_case""]",0.5208333333333334,0.041666666666666664,25,48,48,24,True,,True,True,True,False,True,True
commentary:0014_-QUALITY_CONTENT_W__SIMON_LUCKHOFF:20:21:h1,commentary,0014_-QUALITY_CONTENT_W__SIMON_LUCKHOFF,20,1,21,Assert / Elaborate,raw_history_same_episode_random_turn_assumptions_b256,raw_history_same_episode_random_turn_assumptions,256,294.0,whitespace_v1,8,3,35,12,7,85,True,"[""full"", ""assumption_eligible"", ""dense_explicit"", ""complete_case""]",0.5,0.0,25,48,48,24,True,,True,True,True,False,True,True
commentary:0014_-QUALITY_CONTENT_W__SIMON_LUCKHOFF:20:21:h1,commentary,0014_-QUALITY_CONTENT_W__SIMON_LUCKHOFF,20,1,21,Assert / Elaborate,raw_history_explicit_b256,raw_history_explicit,256,294.0,whitespace_v1,8,3,35,12,7,85,True,"[""full"", ""assumption_eligible"", ""dense_explicit"", ""complete_case""]",0.5,0.0,25,48,48,24,True,,True,True,True,False,True,True
commentary:0014_-QUALITY_CONTENT_W__SIMON_LUCKHOFF:21:22:h1,commentary,0014_-QUALITY_CONTENT_W__SIMON_LUCKHOFF,21,1,22,Assert / Elaborate,raw_history_b256,raw_history,256,256.0,whitespace_v1,10,3,35,12,10,310,True,"[""full"", ""assumption_eligible"", ""dense_explicit"", ""complete_case""]",0.5625,0.125,25,48,48,24,True,,True,True,True,False,True,True
commentary:0014_-QUALITY_CONTENT_W__SIMON_LUCKHOFF:21:22:h1,commentary,0014_-QUALITY_CONTENT_W__SIMON_LUCKHOFF,21,1,22,Assert / Elaborate,raw_history_true_assumptions_b256,raw_history_true_assumptions,256,292.0,whitespace_v1,10,3,35,12,10,310,True,"[""full"", ""assumption_eligible"", ""dense_explicit"", ""complete_case""]",0.5416666666666666,0.08333333333333333,25,48,48,24,True,,True,True,True,False,True,True
commentary:0014_-QUALITY_CONTENT_W__SIMON_LUCKHOFF:21:22:h1,commentary,0014_-QUALITY_CONTENT_W__SIMON_LUCKHOFF,21,1,22,Assert / Elaborate,raw_history_different_episode_assumptions_b256,raw_history_different_episode_assumptions,256,292.0,whitespace_v1,10,3,35,12,10,310,True,"[""full"", ""assumption_eligible"", ""dense_explicit"", ""complete_case""]",0.5,0.0,25,48,48,24,True,,True,True,True,False,True,True
commentary:0014_-QUALITY_CONTENT_W__SIMON_LUCKHOFF:21:22:h1,commentary,0014_-QUALITY_CONTENT_W__SIMON_LUCKHOFF,21,1,22,Assert / Elaborate,raw_history_same_episode_random_turn_assumptions_b256,raw_history_same_episode_random_turn_assumptions,256,292.0,whitespace_v1,10,3,35,12,10,310,True,"[""full"", ""assumption_eligible"", ""dense_explicit"", ""complete_case""]",0.5208333333333334,0.041666666666666664,25,48,48,24,True,,True,True,True,False,True,True
commentary:0014_-QUALITY_CONTENT_W__SIMON_LUCKHOFF:21:22:h1,commentary,0014_-QUALITY_CONTENT_W__SIMON_LUCKHOFF,21,1,22,Assert / Elaborate,raw_history_explicit_b256,raw_history_explicit,256,292.0,whitespace_v1,10,3,35,12,10,310,True,"[""full"", ""assumption_eligible"", ""dense_explicit"", ""complete_case""]",0.5208333333333334,0.041666666666666664,25,48,48,24,True,,True,True,True,False,True,True
commentary:0014_-QUALITY_CONTENT_W__SIMON_LUCKHOFF:24:25:h1,commentary,0014_-QUALITY_CONTENT_W__SIMON_LUCKHOFF,24,1,25,Answer,raw_history_b256,raw_history,256,256.0,whitespace_v1,8,3,33,12,5,145,True,"[""full"", ""assumption_eligible"", ""dense_explicit"", ""complete_case""]",0.5,0.0,25,48,48,24,True,,True,True,True,False,True,True
commentary:0014_-QUALITY_CONTENT_W__SIMON_LUCKHOFF:24:25:h1,commentary,0014_-QUALITY_CONTENT_W__SIMON_LUCKHOFF,24,1,25,Answer,raw_history_true_assumptions_b256,raw_history_true_assumptions,256,289.0,whitespace_v1,8,3,33,12,5,145,True,"[""full"", ""assumption_eligible"", ""dense_explicit"", ""complete_case""]",0.5208333333333334,0.041666666666666664,25,48,48,24,True,,True,True,True,False,True,True
commentary:0014_-QUALITY_CONTENT_W__SIMON_LUCKHOFF:24:25:h1,commentary,0014_-QUALITY_CONTENT_W__SIMON_LUCKHOFF,24,1,25,Answer,raw_history_different_episode_assumptions_b256,raw_history_different_episode_assumptions,256,289.0,whitespace_v1,8,3,33,12,5,145,True,"[""full"", ""assumption_eligible"", ""dense_explicit"", ""complete_case""]",0.5,0.0,25,48,48,24,True,,True,True,True,False,True,True
commentary:0014_-QUALITY_CONTENT_W__SIMON_LUCKHOFF:24:25:h1,commentary,0014_-QUALITY_CONTENT_W__SIMON_LUCKHOFF,24,1,25,Answer,raw_history_same_episode_random_turn_assumptions_b256,raw_history_same_episode_random_turn_assumptions,256,289.0,whitespace_v1,8,3,33,12,5,145,True,"[""full"", ""assumption_eligible"", ""dense_explicit"", ""complete_case""]",0.5,0.0,25,48,48,24,True,,True,True,True,False,True,True
commentary:0014_-QUALITY_CONTENT_W__SIMON_LUCKHOFF:24:25:h1,commentary,0014_-QUALITY_CONTENT_W__SIMON_LUCKHOFF,24,1,25,Answer,raw_history_explicit_b256,raw_history_explicit,256,289.0,whitespace_v1,8,3,33,12,5,145,True,"[""full"", ""assumption_eligible"", ""dense_explicit"", ""complete_case""]",0.5416666666666666,0.08333333333333333,25,48,48,24,True,,True,True,True,False,True,True
commentary:004_-__Dance_Floor_Anthem__I_Don_t_Wanna_Be_In_Love__x_Angela_Mastrogiacomo:1:2:h1,commentary,004_-__Dance_Floor_Anthem__I_Don_t_Wanna_Be_In_Love__x_Angela_Mastrogiacomo,1,1,2,Clarification Request (Specific),raw_history_b256,raw_history,256,256.0,whitespace_v1,5,3,15,6,5,68,True,"[""full"", ""assumption_eligible"", ""dense_explicit""]",0.5,0.0,25,48,48,24,True,,True,True,True,False,True,False
commentary:004_-__Dance_Floor_Anthem__I_Don_t_Wanna_Be_In_Love__x_Angela_Mastrogiacomo:1:2:h1,commentary,004_-__Dance_Floor_Anthem__I_Don_t_Wanna_Be_In_Love__x_Angela_Mastrogiacomo,1,1,2,Clarification Request (Specific),raw_history_true_assumptions_b256,raw_history_true_assumptions,256,294.0,whitespace_v1,5,3,15,6,5,68,True,"[""full"", ""assumption_eligible"", ""dense_explicit""]",0.5416666666666666,0.08333333333333333,25,48,48,24,True,,True,True,True,False,True,False
commentary:004_-__Dance_Floor_Anthem__I_Don_t_Wanna_Be_In_Love__x_Angela_Mastrogiacomo:1:2:h1,commentary,004_-__Dance_Floor_Anthem__I_Don_t_Wanna_Be_In_Love__x_Angela_Mastrogiacomo,1,1,2,Clarification Request (Specific),raw_history_different_episode_assumptions_b256,raw_history_different_episode_assumptions,256,294.0,whitespace_v1,5,3,15,6,5,68,True,"[""full"", ""assumption_eligible"", ""dense_explicit""]",0.5416666666666666,0.08333333333333333,25,48,48,24,True,,True,True,True,False,True,False
commentary:004_-__Dance_Floor_Anthem__I_Don_t_Wanna_Be_In_Love__x_Angela_Mastrogiacomo:1:2:h1,commentary,004_-__Dance_Floor_Anthem__I_Don_t_Wanna_Be_In_Love__x_Angela_Mastrogiacomo,1,1,2,Clarification Request (Specific),raw_history_same_episode_random_turn_assumptions_b256,raw_history_same_episode_random_turn_assumptions,256,,whitespace_v1,5,3,15,6,5,68,True,[],,,25,48,0,0,False,no_length_matched_same_episode_random_turn_donor,True,False,False,False,False,False
commentary:004_-__Dance_Floor_Anthem__I_Don_t_Wanna_Be_In_Love__x_Angela_Mastrogiacomo:1:2:h1,commentary,004_-__Dance_Floor_Anthem__I_Don_t_Wanna_Be_In_Love__x_Angela_Mastrogiacomo,1,1,2,Clarification Request (Specific),raw_history_explicit_b256,raw_history_explicit,256,294.0,whitespace_v1,5,3,15,6,5,68,True,"[""full"", ""assumption_eligible"", ""dense_explicit""]",0.5,0.0,25,48,48,24,True,,True,True,True,False,True,False
commentary:004_-__Dance_Floor_Anthem__I_Don_t_Wanna_Be_In_Love__x_Angela_Mastrogiacomo:4:5:h1,commentary,004_-__Dance_Floor_Anthem__I_Don_t_Wanna_Be_In_Love__x_Angela_Mastrogiacomo,4,1,5,Agree / Align,raw_history_b256,raw_history,256,256.0,whitespace_v1,7,3,27,12,7,151,True,"[""full"", ""assumption_eligible"", ""dense_explicit"", ""complete_case""]",0.5,0.0,25,48,48,24,True,,True,True,True,False,True,True
commentary:004_-__Dance_Floor_Anthem__I_Don_t_Wanna_Be_In_Love__x_Angela_Mastrogiacomo:4:5:h1,commentary,004_-__Dance_Floor_Anthem__I_Don_t_Wanna_Be_In_Love__x_Angela_Mastrogiacomo,4,1,5,Agree / Align,raw_history_true_assumptions_b256,raw_history_true_assumptions,256,283.0,whitespace_v1,7,3,27,12,7,151,True,"[""full"", ""assumption_eligible"", ""dense_explicit"", ""complete_case""]",0.5,0.0,25,48,48,24,True,,True,True,True,False,True,True
commentary:004_-__Dance_Floor_Anthem__I_Don_t_Wanna_Be_In_Love__x_Angela_Mastrogiacomo:4:5:h1,commentary,004_-__Dance_Floor_Anthem__I_Don_t_Wanna_Be_In_Love__x_Angela_Mastrogiacomo,4,1,5,Agree / Align,raw_history_different_episode_assumptions_b256,raw_history_different_episode_assumptions,256,283.0,whitespace_v1,7,3,27,12,7,151,True,"[""full"", ""assumption_eligible"", ""dense_explicit"", ""complete_case""]",0.5,0.0,25,48,48,24,True,,True,True,True,False,True,True
commentary:004_-__Dance_Floor_Anthem__I_Don_t_Wanna_Be_In_Love__x_Angela_Mastrogiacomo:4:5:h1,commentary,004_-__Dance_Floor_Anthem__I_Don_t_Wanna_Be_In_Love__x_Angela_Mastrogiacomo,4,1,5,Agree / Align,raw_history_same_episode_random_turn_assumptions_b256,raw_history_same_episode_random_turn_assumptions,256,283.0,whitespace_v1,7,3,27,12,7,151,True,"[""full"", ""assumption_eligible"", ""dense_explicit"", ""complete_case""]",0.5,0.0,25,48,48,24,True,,True,True,True,False,True,True
commentary:004_-__Dance_Floor_Anthem__I_Don_t_Wanna_Be_In_Love__x_Angela_Mastrogiacomo:4:5:h1,commentary,004_-__Dance_Floor_Anthem__I_Don_t_Wanna_Be_In_Love__x_Angela_Mastrogiacomo,4,1,5,Agree / Align,raw_history_explicit_b256,raw_history_explicit,256,283.0,whitespace_v1,7,3,27,12,7,151,True,"[""full"", ""assumption_eligible"", ""dense_explicit"", ""complete_case""]",0.5,0.0,25,48,48,24,True,,True,True,True,False,True,True
commentary:004_-__Dance_Floor_Anthem__I_Don_t_Wanna_Be_In_Love__x_Angela_Mastrogiacomo:4:7:h3,commentary,004_-__Dance_Floor_Anthem__I_Don_t_Wanna_Be_In_Love__x_Angela_Mastrogiacomo,4,3,7,Assert / Elaborate,raw_history_b256,raw_history,256,256.0,whitespace_v1,7,3,27,12,7,151,True,"[""full"", ""assumption_eligible"", ""dense_explicit"", ""complete_case""]",0.5,0.0,25,48,48,24,True,,True,True,True,False,True,True
commentary:004_-__Dance_Floor_Anthem__I_Don_t_Wanna_Be_In_Love__x_Angela_Mastrogiacomo:4:7:h3,commentary,004_-__Dance_Floor_Anthem__I_Don_t_Wanna_Be_In_Love__x_Angela_Mastrogiacomo,4,3,7,Assert / Elaborate,raw_history_true_assumptions_b256,raw_history_true_assumptions,256,283.0,whitespace_v1,7,3,27,12,7,151,True,"[""full"", ""assumption_eligible"", ""dense_explicit"", ""complete_case""]",0.5,0.0,25,48,48,24,True,,True,True,True,False,True,True
commentary:004_-__Dance_Floor_Anthem__I_Don_t_Wanna_Be_In_Love__x_Angela_Mastrogiacomo:4:7:h3,commentary,004_-__Dance_Floor_Anthem__I_Don_t_Wanna_Be_In_Love__x_Angela_Mastrogiacomo,4,3,7,Assert / Elaborate,raw_history_different_episode_assumptions_b256,raw_history_different_episode_assumptions,256,283.0,whitespace_v1,7,3,27,12,7,151,True,"[""full"", ""assumption_eligible"", ""dense_explicit"", ""complete_case""]",0.5,0.0,25,48,48,24,True,,True,True,True,False,True,True
commentary:004_-__Dance_Floor_Anthem__I_Don_t_Wanna_Be_In_Love__x_Angela_Mastrogiacomo:4:7:h3,commentary,004_-__Dance_Floor_Anthem__I_Don_t_Wanna_Be_In_Love__x_Angela_Mastrogiacomo,4,3,7,Assert / Elaborate,raw_history_same_episode_random_turn_assumptions_b256,raw_history_same_episode_random_turn_assumptions,256,283.0,whitespace_v1,7,3,27,12,7,151,True,"[""full"", ""assumption_eligible"", ""dense_explicit"", ""complete_case""]",0.5,0.0,25,48,48,24,True,,True,True,True,False,True,True
commentary:004_-__Dance_Floor_Anthem__I_Don_t_Wanna_Be_In_Love__x_Angela_Mastrogiacomo:4:7:h3,commentary,004_-__Dance_Floor_Anthem__I_Don_t_Wanna_Be_In_Love__x_Angela_Mastrogiacomo,4,3,7,Assert / Elaborate,raw_history_explicit_b256,raw_history_explicit,256,283.0,whitespace_v1,7,3,27,12,7,151,True,"[""full"", ""assumption_eligible"", ""dense_explicit"", ""complete_case""]",0.5,0.0,25,48,48,24,True,,True,True,True,False,True,True
commentary:004_-__Dance_Floor_Anthem__I_Don_t_Wanna_Be_In_Love__x_Angela_Mastrogiacomo:5:6:h1,commentary,004_-__Dance_Floor_Anthem__I_Don_t_Wanna_Be_In_Love__x_Angela_Mastrogiacomo,5,1,6,Assert / Elaborate,raw_history_b256,raw_history,256,256.0,whitespace_v1,4,3,26,12,5,79,True,"[""full"", ""assumption_eligible"", ""sparse_explicit"", ""complete_case""]",0.5,0.0,25,48,48,24,True,,True,True,True,True,False,True
commentary:004_-__Dance_Floor_Anthem__I_Don_t_Wanna_Be_In_Love__x_Angela_Mastrogiacomo:5:6:h1,commentary,004_-__Dance_Floor_Anthem__I_Don_t_Wanna_Be_In_Love__x_Angela_Mastrogiacomo,5,1,6,Assert / Elaborate,raw_history_true_assumptions_b256,raw_history_true_assumptions,256,293.0,whitespace_v1,4,3,26,12,5,79,True,"[""full"", ""assumption_eligible"", ""sparse_explicit"", ""complete_case""]",0.5,0.0,25,48,48,24,True,,True,True,True,True,False,True
commentary:004_-__Dance_Floor_Anthem__I_Don_t_Wanna_Be_In_Love__x_Angela_Mastrogiacomo:5:6:h1,commentary,004_-__Dance_Floor_Anthem__I_Don_t_Wanna_Be_In_Love__x_Angela_Mastrogiacomo,5,1,6,Assert / Elaborate,raw_history_different_episode_assumptions_b256,raw_history_different_episode_assumptions,256,293.0,whitespace_v1,4,3,26,12,5,79,True,"[""full"", ""assumption_eligible"", ""sparse_explicit"", ""complete_case""]",0.5208333333333334,0.041666666666666664,25,48,48,24,True,,True,True,True,True,False,True
commentary:004_-__Dance_Floor_Anthem__I_Don_t_Wanna_Be_In_Love__x_Angela_Mastrogiacomo:5:6:h1,commentary,004_-__Dance_Floor_Anthem__I_Don_t_Wanna_Be_In_Love__x_Angela_Mastrogiacomo,5,1,6,Assert / Elaborate,raw_history_same_episode_random_turn_assumptions_b256,raw_history_same_episode_random_turn_assumptions,256,293.0,whitespace_v1,4,3,26,12,5,79,True,"[""full"", ""assumption_eligible"", ""sparse_explicit"", ""complete_case""]",0.5208333333333334,0.041666666666666664,25,48,48,24,True,,True,True,True,True,False,True
commentary:004_-__Dance_Floor_Anthem__I_Don_t_Wanna_Be_In_Love__x_Angela_Mastrogiacomo:5:6:h1,commentary,004_-__Dance_Floor_Anthem__I_Don_t_Wanna_Be_In_Love__x_Angela_Mastrogiacomo,5,1,6,Assert / Elaborate,raw_history_explicit_b256,raw_history_explicit,256,293.0,whitespace_v1,4,3,26,12,5,79,True,"[""full"", ""assumption_eligible"", ""sparse_explicit"", ""complete_case""]",0.5,0.0,25,48,48,24,True,,True,True,True,True,False,True
commentary:004_-__Dance_Floor_Anthem__I_Don_t_Wanna_Be_In_Love__x_Angela_Mastrogiacomo:5:8:h3,commentary,004_-__Dance_Floor_Anthem__I_Don_t_Wanna_Be_In_Love__x_Angela_Mastrogiacomo,5,3,8,Assert / Elaborate,raw_history_b256,raw_history,256,256.0,whitespace_v1,4,3,26,12,5,79,True,"[""full"", ""assumption_eligible"", ""sparse_explicit"", ""complete_case""]",0.5,0.0,25,48,48,24,True,,True,True,True,True,False,True
commentary:004_-__Dance_Floor_Anthem__I_Don_t_Wanna_Be_In_Love__x_Angela_Mastrogiacomo:5:8:h3,commentary,004_-__Dance_Floor_Anthem__I_Don_t_Wanna_Be_In_Love__x_Angela_Mastrogiacomo,5,3,8,Assert / Elaborate,raw_history_true_assumptions_b256,raw_history_true_assumptions,256,293.0,whitespace_v1,4,3,26,12,5,79,True,"[""full"", ""assumption_eligible"", ""sparse_explicit"", ""complete_case""]",0.5,0.0,25,48,48,24,True,,True,True,True,True,False,True
commentary:004_-__Dance_Floor_Anthem__I_Don_t_Wanna_Be_In_Love__x_Angela_Mastrogiacomo:5:8:h3,commentary,004_-__Dance_Floor_Anthem__I_Don_t_Wanna_Be_In_Love__x_Angela_Mastrogiacomo,5,3,8,Assert / Elaborate,raw_history_different_episode_assumptions_b256,raw_history_different_episode_assumptions,256,293.0,whitespace_v1,4,3,26,12,5,79,True,"[""full"", ""assumption_eligible"", ""sparse_explicit"", ""complete_case""]",0.5,0.0,25,48,48,24,True,,True,True,True,True,False,True
commentary:004_-__Dance_Floor_Anthem__I_Don_t_Wanna_Be_In_Love__x_Angela_Mastrogiacomo:5:8:h3,commentary,004_-__Dance_Floor_Anthem__I_Don_t_Wanna_Be_In_Love__x_Angela_Mastrogiacomo,5,3,8,Assert / Elaborate,raw_history_same_episode_random_turn_assumptions_b256,raw_history_same_episode_random_turn_assumptions,256,293.0,whitespace_v1,4,3,26,12,5,79,True,"[""full"", ""assumption_eligible"", ""sparse_explicit"", ""complete_case""]",0.5,0.0,25,48,48,24,True,,True,True,True,True,False,True
commentary:004_-__Dance_Floor_Anthem__I_Don_t_Wanna_Be_In_Love__x_Angela_Mastrogiacomo:5:8:h3,commentary,004_-__Dance_Floor_Anthem__I_Don_t_Wanna_Be_In_Love__x_Angela_Mastrogiacomo,5,3,8,Assert / Elaborate,raw_history_explicit_b256,raw_history_explicit,256,293.0,whitespace_v1,4,3,26,12,5,79,True,"[""full"", ""assumption_eligible"", ""sparse_explicit"", ""complete_case""]",0.5,0.0,25,48,48,24,True,,True,True,True,True,False,True
commentary:004_-__Dance_Floor_Anthem__I_Don_t_Wanna_Be_In_Love__x_Angela_Mastrogiacomo:6:7:h1,commentary,004_-__Dance_Floor_Anthem__I_Don_t_Wanna_Be_In_Love__x_Angela_Mastrogiacomo,6,1,7,Assert / Elaborate,raw_history_b256,raw_history,256,256.0,whitespace_v1,6,3,27,12,6,138,True,"[""full"", ""assumption_eligible"", ""dense_explicit"", ""complete_case""]",0.5,0.0,25,48,48,24,True,,True,True,True,False,True,True
commentary:004_-__Dance_Floor_Anthem__I_Don_t_Wanna_Be_In_Love__x_Angela_Mastrogiacomo:6:7:h1,commentary,004_-__Dance_Floor_Anthem__I_Don_t_Wanna_Be_In_Love__x_Angela_Mastrogiacomo,6,1,7,Assert / Elaborate,raw_history_true_assumptions_b256,raw_history_true_assumptions,256,298.0,whitespace_v1,6,3,27,12,6,138,True,"[""full"", ""assumption_eligible"", ""dense_explicit"", ""complete_case""]",0.5208333333333334,0.041666666666666664,25,48,48,24,True,,True,True,True,False,True,True
commentary:004_-__Dance_Floor_Anthem__I_Don_t_Wanna_Be_In_Love__x_Angela_Mastrogiacomo:6:7:h1,commentary,004_-__Dance_Floor_Anthem__I_Don_t_Wanna_Be_In_Love__x_Angela_Mastrogiacomo,6,1,7,Assert / Elaborate,raw_history_different_episode_assumptions_b256,raw_history_different_episode_assumptions,256,298.0,whitespace_v1,6,3,27,12,6,138,True,"[""full"", ""assumption_eligible"", ""dense_explicit"", ""complete_case""]",0.5416666666666666,0.08333333333333333,25,48,48,24,True,,True,True,True,False,True,True
commentary:004_-__Dance_Floor_Anthem__I_Don_t_Wanna_Be_In_Love__x_Angela_Mastrogiacomo:6:7:h1,commentary,004_-__Dance_Floor_Anthem__I_Don_t_Wanna_Be_In_Love__x_Angela_Mastrogiacomo,6,1,7,Assert / Elaborate,raw_history_same_episode_random_turn_assumptions_b256,raw_history_same_episode_random_turn_assumptions,256,298.0,whitespace_v1,6,3,27,12,6,138,True,"[""full"", ""assumption_eligible"", ""dense_explicit"", ""complete_case""]",0.5416666666666666,0.08333333333333333,25,48,48,24,True,,True,True,True,False,True,True
commentary:004_-__Dance_Floor_Anthem__I_Don_t_Wanna_Be_In_Love__x_Angela_Mastrogiacomo:6:7:h1,commentary,004_-__Dance_Floor_Anthem__I_Don_t_Wanna_Be_In_Love__x_Angela_Mastrogiacomo,6,1,7,Assert / Elaborate,raw_history_explicit_b256,raw_history_explicit,256,298.0,whitespace_v1,6,3,27,12,6,138,True,"[""full"", ""assumption_eligible"", ""dense_explicit"", ""complete_case""]",0.5416666666666666,0.08333333333333333,25,48,48,24,True,,True,True,True,False,True,True
commentary:004_-__Dance_Floor_Anthem__I_Don_t_Wanna_Be_In_Love__x_Angela_Mastrogiacomo:7:8:h1,commentary,004_-__Dance_Floor_Anthem__I_Don_t_Wanna_Be_In_Love__x_Angela_Mastrogiacomo,7,1,8,Assert / Elaborate,raw_history_b256,raw_history,256,256.0,whitespace_v1,4,3,21,12,4,83,True,"[""full"", ""assumption_eligible"", ""sparse_explicit"", ""complete_case""]",0.5208333333333334,0.041666666666666664,25,48,48,24,True,,True,True,True,True,False,True
commentary:004_-__Dance_Floor_Anthem__I_Don_t_Wanna_Be_In_Love__x_Angela_Mastrogiacomo:7:8:h1,commentary,004_-__Dance_Floor_Anthem__I_Don_t_Wanna_Be_In_Love__x_Angela_Mastrogiacomo,7,1,8,Assert / Elaborate,raw_history_true_assumptions_b256,raw_history_true_assumptions,256,296.0,whitespace_v1,4,3,21,12,4,83,True,"[""full"", ""assumption_eligible"", ""sparse_explicit"", ""complete_case""]",0.5208333333333334,0.041666666666666664,25,48,48,24,True,,True,True,True,True,False,True
commentary:004_-__Dance_Floor_Anthem__I_Don_t_Wanna_Be_In_Love__x_Angela_Mastrogiacomo:7:8:h1,commentary,004_-__Dance_Floor_Anthem__I_Don_t_Wanna_Be_In_Love__x_Angela_Mastrogiacomo,7,1,8,Assert / Elaborate,raw_history_different_episode_assumptions_b256,raw_history_different_episode_assumptions,256,296.0,whitespace_v1,4,3,21,12,4,83,True,"[""full"", ""assumption_eligible"", ""sparse_explicit"", ""complete_case""]",0.5208333333333334,0.041666666666666664,25,48,48,24,True,,True,True,True,True,False,True
commentary:004_-__Dance_Floor_Anthem__I_Don_t_Wanna_Be_In_Love__x_Angela_Mastrogiacomo:7:8:h1,commentary,004_-__Dance_Floor_Anthem__I_Don_t_Wanna_Be_In_Love__x_Angela_Mastrogiacomo,7,1,8,Assert / Elaborate,raw_history_same_episode_random_turn_assumptions_b256,raw_history_same_episode_random_turn_assumptions,256,296.0,whitespace_v1,4,3,21,12,4,83,True,"[""full"", ""assumption_eligible"", ""sparse_explicit"", ""complete_case""]",0.5416666666666666,0.08333333333333333,25,48,48,24,True,,True,True,True,True,False,True
commentary:004_-__Dance_Floor_Anthem__I_Don_t_Wanna_Be_In_Love__x_Angela_Mastrogiacomo:7:8:h1,commentary,004_-__Dance_Floor_Anthem__I_Don_t_Wanna_Be_In_Love__x_Angela_Mastrogiacomo,7,1,8,Assert / Elaborate,raw_history_explicit_b256,raw_history_explicit,256,296.0,whitespace_v1,4,3,21,12,4,83,True,"[""full"", ""assumption_eligible"", ""sparse_explicit"", ""complete_case""]",0.5416666666666666,0.08333333333333333,25,48,48,24,True,,True,True,True,True,False,True
commentary:004_-__Dance_Floor_Anthem__I_Don_t_Wanna_Be_In_Love__x_Angela_Mastrogiacomo:17:18:h1,commentary,004_-__Dance_Floor_Anthem__I_Don_t_Wanna_Be_In_Love__x_Angela_Mastrogiacomo,17,1,18,Assert / Elaborate,raw_history_b256,raw_history,256,256.0,whitespace_v1,7,3,37,12,6,126,True,"[""full"", ""assumption_eligible"", ""dense_explicit"", ""complete_case""]",0.5208333333333334,0.041666666666666664,25,48,48,24,True,,True,True,True,False,True,True
commentary:004_-__Dance_Floor_Anthem__I_Don_t_Wanna_Be_In_Love__x_Angela_Mastrogiacomo:17:18:h1,commentary,004_-__Dance_Floor_Anthem__I_Don_t_Wanna_Be_In_Love__x_Angela_Mastrogiacomo,17,1,18,Assert / Elaborate,raw_history_true_assumptions_b256,raw_history_true_assumptions,256,282.0,whitespace_v1,7,3,37,12,6,126,True,"[""full"", ""assumption_eligible"", ""dense_explicit"", ""complete_case""]",0.5416666666666666,0.08333333333333333,25,48,48,24,True,,True,True,True,False,True,True
commentary:004_-__Dance_Floor_Anthem__I_Don_t_Wanna_Be_In_Love__x_Angela_Mastrogiacomo:17:18:h1,commentary,004_-__Dance_Floor_Anthem__I_Don_t_Wanna_Be_In_Love__x_Angela_Mastrogiacomo,17,1,18,Assert / Elaborate,raw_history_different_episode_assumptions_b256,raw_history_different_episode_assumptions,256,282.0,whitespace_v1,7,3,37,12,6,126,True,"[""full"", ""assumption_eligible"", ""dense_explicit"", ""complete_case""]",0.5208333333333334,0.041666666666666664,25,48,48,24,True,,True,True,True,False,True,True
commentary:004_-__Dance_Floor_Anthem__I_Don_t_Wanna_Be_In_Love__x_Angela_Mastrogiacomo:17:18:h1,commentary,004_-__Dance_Floor_Anthem__I_Don_t_Wanna_Be_In_Love__x_Angela_Mastrogiacomo,17,1,18,Assert / Elaborate,raw_history_same_episode_random_turn_assumptions_b256,raw_history_same_episode_random_turn_assumptions,256,282.0,whitespace_v1,7,3,37,12,6,126,True,"[""full"", ""assumption_eligible"", ""dense_explicit"", ""complete_case""]",0.5208333333333334,0.041666666666666664,25,48,48,24,True,,True,True,True,False,True,True
commentary:004_-__Dance_Floor_Anthem__I_Don_t_Wanna_Be_In_Love__x_Angela_Mastrogiacomo:17:18:h1,commentary,004_-__Dance_Floor_Anthem__I_Don_t_Wanna_Be_In_Love__x_Angela_Mastrogiacomo,17,1,18,Assert / Elaborate,raw_history_explicit_b256,raw_history_explicit,256,282.0,whitespace_v1,7,3,37,12,6,126,True,"[""full"", ""assumption_eligible"", ""dense_explicit"", ""complete_case""]",0.5,0.0,25,48,48,24,True,,True,True,True,False,True,True
commentary:004_-__Dance_Floor_Anthem__I_Don_t_Wanna_Be_In_Love__x_Angela_Mastrogiacomo:18:19:h1,commentary,004_-__Dance_Floor_Anthem__I_Don_t_Wanna_Be_In_Love__x_Angela_Mastrogiacomo,18,1,19,Agree / Align,raw_history_b256,raw_history,256,256.0,whitespace_v1,10,3,37,12,10,354,True,"[""full"", ""assumption_eligible"", ""dense_explicit"", ""complete_case""]",0.5208333333333334,0.041666666666666664,25,48,48,24,True,,True,True,True,False,True,True
commentary:004_-__Dance_Floor_Anthem__I_Don_t_Wanna_Be_In_Love__x_Angela_Mastrogiacomo:18:19:h1,commentary,004_-__Dance_Floor_Anthem__I_Don_t_Wanna_Be_In_Love__x_Angela_Mastrogiacomo,18,1,19,Agree / Align,raw_history_true_assumptions_b256,raw_history_true_assumptions,256,297.0,whitespace_v1,10,3,37,12,10,354,True,"[""full"", ""assumption_eligible"", ""dense_explicit"", ""complete_case""]",0.5416666666666666,0.08333333333333333,25,48,48,24,True,,True,True,True,False,True,True
commentary:004_-__Dance_Floor_Anthem__I_Don_t_Wanna_Be_In_Love__x_Angela_Mastrogiacomo:18:19:h1,commentary,004_-__Dance_Floor_Anthem__I_Don_t_Wanna_Be_In_Love__x_Angela_Mastrogiacomo,18,1,19,Agree / Align,raw_history_different_episode_assumptions_b256,raw_history_different_episode_assumptions,256,297.0,whitespace_v1,10,3,37,12,10,354,True,"[""full"", ""assumption_eligible"", ""dense_explicit"", ""complete_case""]",0.5,0.0,25,48,48,24,True,,True,True,True,False,True,True
commentary:004_-__Dance_Floor_Anthem__I_Don_t_Wanna_Be_In_Love__x_Angela_Mastrogiacomo:18:19:h1,commentary,004_-__Dance_Floor_Anthem__I_Don_t_Wanna_Be_In_Love__x_Angela_Mastrogiacomo,18,1,19,Agree / Align,raw_history_same_episode_random_turn_assumptions_b256,raw_history_same_episode_random_turn_assumptions,256,297.0,whitespace_v1,10,3,37,12,10,354,True,"[""full"", ""assumption_eligible"", ""dense_explicit"", ""complete_case""]",0.5208333333333334,0.041666666666666664,25,48,48,24,True,,True,True,True,False,True,True
commentary:004_-__Dance_Floor_Anthem__I_Don_t_Wanna_Be_In_Love__x_Angela_Mastrogiacomo:18:19:h1,commentary,004_-__Dance_Floor_Anthem__I_Don_t_Wanna_Be_In_Love__x_Angela_Mastrogiacomo,18,1,19,Agree / Align,raw_history_explicit_b256,raw_history_explicit,256,297.0,whitespace_v1,10,3,37,12,10,354,True,"[""full"", ""assumption_eligible"", ""dense_explicit"", ""complete_case""]",0.5416666666666666,0.08333333333333333,25,48,48,24,True,,True,True,True,False,True,True
commentary:004_-__Dance_Floor_Anthem__I_Don_t_Wanna_Be_In_Love__x_Angela_Mastrogiacomo:30:31:h1,commentary,004_-__Dance_Floor_Anthem__I_Don_t_Wanna_Be_In_Love__x_Angela_Mastrogiacomo,30,1,31,Assert / Elaborate,raw_history_b256,raw_history,256,256.0,whitespace_v1,8,3,27,12,7,124,True,"[""full"", ""assumption_eligible"", ""dense_explicit"", ""complete_case""]",0.5416666666666666,0.08333333333333333,25,48,48,24,True,,True,True,True,False,True,True
commentary:004_-__Dance_Floor_Anthem__I_Don_t_Wanna_Be_In_Love__x_Angela_Mastrogiacomo:30:31:h1,commentary,004_-__Dance_Floor_Anthem__I_Don_t_Wanna_Be_In_Love__x_Angela_Mastrogiacomo,30,1,31,Assert / Elaborate,raw_history_true_assumptions_b256,raw_history_true_assumptions,256,298.0,whitespace_v1,8,3,27,12,7,124,True,"[""full"", ""assumption_eligible"", ""dense_explicit"", ""complete_case""]",0.5416666666666666,0.08333333333333333,25,48,48,24,True,,True,True,True,False,True,True
commentary:004_-__Dance_Floor_Anthem__I_Don_t_Wanna_Be_In_Love__x_Angela_Mastrogiacomo:30:31:h1,commentary,004_-__Dance_Floor_Anthem__I_Don_t_Wanna_Be_In_Love__x_Angela_Mastrogiacomo,30,1,31,Assert / Elaborate,raw_history_different_episode_assumptions_b256,raw_history_different_episode_assumptions,256,298.0,whitespace_v1,8,3,27,12,7,124,True,"[""full"", ""assumption_eligible"", ""dense_explicit"", ""complete_case""]",0.5833333333333334,0.16666666666666666,25,48,48,24,True,,True,True,True,False,True,True
commentary:004_-__Dance_Floor_Anthem__I_Don_t_Wanna_Be_In_Love__x_Angela_Mastrogiacomo:30:31:h1,commentary,004_-__Dance_Floor_Anthem__I_Don_t_Wanna_Be_In_Love__x_Angela_Mastrogiacomo,30,1,31,Assert / Elaborate,raw_history_same_episode_random_turn_assumptions_b256,raw_history_same_episode_random_turn_assumptions,256,298.0,whitespace_v1,8,3,27,12,7,124,True,"[""full"", ""assumption_eligible"", ""dense_explicit"", ""complete_case""]",0.5,0.0,25,48,48,24,True,,True,True,True,False,True,True
commentary:004_-__Dance_Floor_Anthem__I_Don_t_Wanna_Be_In_Love__x_Angela_Mastrogiacomo:30:31:h1,commentary,004_-__Dance_Floor_Anthem__I_Don_t_Wanna_Be_In_Love__x_Angela_Mastrogiacomo,30,1,31,Assert / Elaborate,raw_history_explicit_b256,raw_history_explicit,256,298.0,whitespace_v1,8,3,27,12,7,124,True,"[""full"", ""assumption_eligible"", ""dense_explicit"", ""complete_case""]",0.5,0.0,25,48,48,24,True,,True,True,True,False,True,True
commentary:004_-__Dance_Floor_Anthem__I_Don_t_Wanna_Be_In_Love__x_Angela_Mastrogiacomo:31:32:h1,commentary,004_-__Dance_Floor_Anthem__I_Don_t_Wanna_Be_In_Love__x_Angela_Mastrogiacomo,31,1,32,Assert / Elaborate,raw_history_b256,raw_history,256,256.0,whitespace_v1,4,3,26,12,4,123,True,"[""full"", ""assumption_eligible"", ""sparse_explicit"", ""complete_case""]",0.5416666666666666,0.08333333333333333,25,48,48,24,True,,True,True,True,True,False,True
commentary:004_-__Dance_Floor_Anthem__I_Don_t_Wanna_Be_In_Love__x_Angela_Mastrogiacomo:31:32:h1,commentary,004_-__Dance_Floor_Anthem__I_Don_t_Wanna_Be_In_Love__x_Angela_Mastrogiacomo,31,1,32,Assert / Elaborate,raw_history_true_assumptions_b256,raw_history_true_assumptions,256,287.0,whitespace_v1,4,3,26,12,4,123,True,"[""full"", ""assumption_eligible"", ""sparse_explicit"", ""complete_case""]",0.5,0.0,25,48,48,24,True,,True,True,True,True,False,True
commentary:004_-__Dance_Floor_Anthem__I_Don_t_Wanna_Be_In_Love__x_Angela_Mastrogiacomo:31:32:h1,commentary,004_-__Dance_Floor_Anthem__I_Don_t_Wanna_Be_In_Love__x_Angela_Mastrogiacomo,31,1,32,Assert / Elaborate,raw_history_different_episode_assumptions_b256,raw_history_different_episode_assumptions,256,287.0,whitespace_v1,4,3,26,12,4,123,True,"[""full"", ""assumption_eligible"", ""sparse_explicit"", ""complete_case""]",0.5416666666666666,0.08333333333333333,25,48,48,24,True,,True,True,True,True,False,True
commentary:004_-__Dance_Floor_Anthem__I_Don_t_Wanna_Be_In_Love__x_Angela_Mastrogiacomo:31:32:h1,commentary,004_-__Dance_Floor_Anthem__I_Don_t_Wanna_Be_In_Love__x_Angela_Mastrogiacomo,31,1,32,Assert / Elaborate,raw_history_same_episode_random_turn_assumptions_b256,raw_history_same_episode_random_turn_assumptions,256,287.0,whitespace_v1,4,3,26,12,4,123,True,"[""full"", ""assumption_eligible"", ""sparse_explicit"", ""complete_case""]",0.5833333333333334,0.16666666666666666,25,48,48,24,True,,True,True,True,True,False,True
commentary:004_-__Dance_Floor_Anthem__I_Don_t_Wanna_Be_In_Love__x_Angela_Mastrogiacomo:31:32:h1,commentary,004_-__Dance_Floor_Anthem__I_Don_t_Wanna_Be_In_Love__x_Angela_Mastrogiacomo,31,1,32,Assert / Elaborate,raw_history_explicit_b256,raw_history_explicit,256,287.0,whitespace_v1,4,3,26,12,4,123,True,"[""full"", ""assumption_eligible"", ""sparse_explicit"", ""complete_case""]",0.5416666666666666,0.08333333333333333,25,48,48,24,True,,True,True,True,True,False,True
commentary:004_-__Dance_Floor_Anthem__I_Don_t_Wanna_Be_In_Love__x_Angela_Mastrogiacomo:34:35:h1,commentary,004_-__Dance_Floor_Anthem__I_Don_t_Wanna_Be_In_Love__x_Angela_Mastrogiacomo,34,1,35,Assert / Elaborate,raw_history_b256,raw_history,256,256.0,whitespace_v1,8,3,28,12,7,129,True,"[""full"", ""assumption_eligible"", ""dense_explicit"", ""complete_case""]",0.5416666666666666,0.08333333333333333,25,48,48,24,True,,True,True,True,False,True,True
commentary:004_-__Dance_Floor_Anthem__I_Don_t_Wanna_Be_In_Love__x_Angela_Mastrogiacomo:34:35:h1,commentary,004_-__Dance_Floor_Anthem__I_Don_t_Wanna_Be_In_Love__x_Angela_Mastrogiacomo,34,1,35,Assert / Elaborate,raw_history_true_assumptions_b256,raw_history_true_assumptions,256,292.0,whitespace_v1,8,3,28,12,7,129,True,"[""full"", ""assumption_eligible"", ""dense_explicit"", ""complete_case""]",0.5208333333333334,0.041666666666666664,25,48,48,24,True,,True,True,True,False,True,True
commentary:004_-__Dance_Floor_Anthem__I_Don_t_Wanna_Be_In_Love__x_Angela_Mastrogiacomo:34:35:h1,commentary,004_-__Dance_Floor_Anthem__I_Don_t_Wanna_Be_In_Love__x_Angela_Mastrogiacomo,34,1,35,Assert / Elaborate,raw_history_different_episode_assumptions_b256,raw_history_different_episode_assumptions,256,292.0,whitespace_v1,8,3,28,12,7,129,True,"[""full"", ""assumption_eligible"", ""dense_explicit"", ""complete_case""]",0.5416666666666666,0.08333333333333333,25,48,48,24,True,,True,True,True,False,True,True
commentary:004_-__Dance_Floor_Anthem__I_Don_t_Wanna_Be_In_Love__x_Angela_Mastrogiacomo:34:35:h1,commentary,004_-__Dance_Floor_Anthem__I_Don_t_Wanna_Be_In_Love__x_Angela_Mastrogiacomo,34,1,35,Assert / Elaborate,raw_history_same_episode_random_turn_assumptions_b256,raw_history_same_episode_random_turn_assumptions,256,292.0,whitespace_v1,8,3,28,12,7,129,True,"[""full"", ""assumption_eligible"", ""dense_explicit"", ""complete_case""]",0.5,0.0,25,48,48,24,True,,True,True,True,False,True,True
commentary:004_-__Dance_Floor_Anthem__I_Don_t_Wanna_Be_In_Love__x_Angela_Mastrogiacomo:34:35:h1,commentary,004_-__Dance_Floor_Anthem__I_Don_t_Wanna_Be_In_Love__x_Angela_Mastrogiacomo,34,1,35,Assert / Elaborate,raw_history_explicit_b256,raw_history_explicit,256,292.0,whitespace_v1,8,3,28,12,7,129,True,"[""full"", ""assumption_eligible"", ""dense_explicit"", ""complete_case""]",0.5208333333333334,0.041666666666666664,25,48,48,24,True,,True,True,True,False,True,True
commentary:087__Charlie_Marie:0:1:h1,commentary,087__Charlie_Marie,0,1,1,Assert / Elaborate,raw_history_b256,raw_history,256,256.0,whitespace_v1,7,3,7,3,7,776,True,"[""full"", ""assumption_eligible"", ""dense_explicit""]",0.5,0.0,25,48,48,24,True,,True,True,True,False,True,False
commentary:087__Charlie_Marie:0:1:h1,commentary,087__Charlie_Marie,0,1,1,Assert / Elaborate,raw_history_true_assumptions_b256,raw_history_true_assumptions,256,293.0,whitespace_v1,7,3,7,3,7,776,True,"[""full"", ""assumption_eligible"", ""dense_explicit""]",0.5,0.0,25,48,48,24,True,,True,True,True,False,True,False
commentary:087__Charlie_Marie:0:1:h1,commentary,087__Charlie_Marie,0,1,1,Assert / Elaborate,raw_history_different_episode_assumptions_b256,raw_history_different_episode_assumptions,256,293.0,whitespace_v1,7,3,7,3,7,776,True,"[""full"", ""assumption_eligible"", ""dense_explicit""]",0.5,0.0,25,48,48,24,True,,True,True,True,False,True,False
commentary:087__Charlie_Marie:0:1:h1,commentary,087__Charlie_Marie,0,1,1,Assert / Elaborate,raw_history_same_episode_random_turn_assumptions_b256,raw_history_same_episode_random_turn_assumptions,256,,whitespace_v1,7,3,7,3,7,776,True,[],,,25,48,0,0,False,no_length_matched_same_episode_random_turn_donor,True,False,False,False,False,False
commentary:087__Charlie_Marie:0:1:h1,commentary,087__Charlie_Marie,0,1,1,Assert / Elaborate,raw_history_explicit_b256,raw_history_explicit,256,293.0,whitespace_v1,7,3,7,3,7,776,True,"[""full"", ""assumption_eligible"", ""dense_explicit""]",0.5,0.0,25,48,48,24,True,,True,True,True,False,True,False
commentary:087__Charlie_Marie:1:2:h1,commentary,087__Charlie_Marie,1,1,2,Clarification Request (Specific),raw_history_b256,raw_history,256,256.0,whitespace_v1,10,3,17,6,10,517,True,"[""full"", ""assumption_eligible"", ""dense_explicit""]",0.5208333333333334,0.041666666666666664,25,48,48,24,True,,True,True,True,False,True,False
commentary:087__Charlie_Marie:1:2:h1,commentary,087__Charlie_Marie,1,1,2,Clarification Request (Specific),raw_history_true_assumptions_b256,raw_history_true_assumptions,256,292.0,whitespace_v1,10,3,17,6,10,517,True,"[""full"", ""assumption_eligible"", ""dense_explicit""]",0.5,0.0,25,48,48,24,True,,True,True,True,False,True,False
commentary:087__Charlie_Marie:1:2:h1,commentary,087__Charlie_Marie,1,1,2,Clarification Request (Specific),raw_history_different_episode_assumptions_b256,raw_history_different_episode_assumptions,256,292.0,whitespace_v1,10,3,17,6,10,517,True,"[""full"", ""assumption_eligible"", ""dense_explicit""]",0.5,0.0,25,48,48,24,True,,True,True,True,False,True,False
commentary:087__Charlie_Marie:1:2:h1,commentary,087__Charlie_Marie,1,1,2,Clarification Request (Specific),raw_history_same_episode_random_turn_assumptions_b256,raw_history_same_episode_random_turn_assumptions,256,,whitespace_v1,10,3,17,6,10,517,True,[],,,25,48,0,0,False,no_length_matched_same_episode_random_turn_donor,True,False,False,False,False,False
commentary:087__Charlie_Marie:1:2:h1,commentary,087__Charlie_Marie,1,1,2,Clarification Request (Specific),raw_history_explicit_b256,raw_history_explicit,256,292.0,whitespace_v1,10,3,17,6,10,517,True,"[""full"", ""assumption_eligible"", ""dense_explicit""]",0.5208333333333334,0.041666666666666664,25,48,48,24,True,,True,True,True,False,True,False
commentary:087__Charlie_Marie:4:5:h1,commentary,087__Charlie_Marie,4,1,5,Assert / Elaborate,raw_history_b256,raw_history,256,256.0,whitespace_v1,5,3,30,12,5,77,True,"[""full"", ""assumption_eligible"", ""dense_explicit"", ""complete_case""]",0.5,0.0,25,48,48,24,True,,True,True,True,False,True,True
commentary:087__Charlie_Marie:4:5:h1,commentary,087__Charlie_Marie,4,1,5,Assert / Elaborate,raw_history_true_assumptions_b256,raw_history_true_assumptions,256,283.0,whitespace_v1,5,3,30,12,5,77,True,"[""full"", ""assumption_eligible"", ""dense_explicit"", ""complete_case""]",0.5,0.0,25,48,48,24,True,,True,True,True,False,True,True
commentary:087__Charlie_Marie:4:5:h1,commentary,087__Charlie_Marie,4,1,5,Assert / Elaborate,raw_history_different_episode_assumptions_b256,raw_history_different_episode_assumptions,256,283.0,whitespace_v1,5,3,30,12,5,77,True,"[""full"", ""assumption_eligible"", ""dense_explicit"", ""complete_case""]",0.5,0.0,25,48,48,24,True,,True,True,True,False,True,True
commentary:087__Charlie_Marie:4:5:h1,commentary,087__Charlie_Marie,4,1,5,Assert / Elaborate,raw_history_same_episode_random_turn_assumptions_b256,raw_history_same_episode_random_turn_assumptions,256,283.0,whitespace_v1,5,3,30,12,5,77,True,"[""full"", ""assumption_eligible"", ""dense_explicit"", ""complete_case""]",0.5,0.0,25,48,48,24,True,,True,True,True,False,True,True
commentary:087__Charlie_Marie:4:5:h1,commentary,087__Charlie_Marie,4,1,5,Assert / Elaborate,raw_history_explicit_b256,raw_history_explicit,256,283.0,whitespace_v1,5,3,30,12,5,77,True,"[""full"", ""assumption_eligible"", ""dense_explicit"", ""complete_case""]",0.5208333333333334,0.041666666666666664,25,48,48,24,True,,True,True,True,False,True,True
commentary:087__Charlie_Marie:5:6:h1,commentary,087__Charlie_Marie,5,1,6,Clarification Request (Specific),raw_history_b256,raw_history,256,256.0,whitespace_v1,5,3,25,12,5,58,True,"[""full"", ""assumption_eligible"", ""dense_explicit"", ""complete_case""]",0.5208333333333334,0.041666666666666664,25,48,48,24,True,,True,True,True,False,True,True
commentary:087__Charlie_Marie:5:6:h1,commentary,087__Charlie_Marie,5,1,6,Clarification Request (Specific),raw_history_true_assumptions_b256,raw_history_true_assumptions,256,291.0,whitespace_v1,5,3,25,12,5,58,True,"[""full"", ""assumption_eligible"", ""dense_explicit"", ""complete_case""]",0.5,0.0,25,48,48,24,True,,True,True,True,False,True,True
commentary:087__Charlie_Marie:5:6:h1,commentary,087__Charlie_Marie,5,1,6,Clarification Request (Specific),raw_history_different_episode_assumptions_b256,raw_history_different_episode_assumptions,256,291.0,whitespace_v1,5,3,25,12,5,58,True,"[""full"", ""assumption_eligible"", ""dense_explicit"", ""complete_case""]",0.5,0.0,25,48,48,24,True,,True,True,True,False,True,True
commentary:087__Charlie_Marie:5:6:h1,commentary,087__Charlie_Marie,5,1,6,Clarification Request (Specific),raw_history_same_episode_random_turn_assumptions_b256,raw_history_same_episode_random_turn_assumptions,256,291.0,whitespace_v1,5,3,25,12,5,58,True,"[""full"", ""assumption_eligible"", ""dense_explicit"", ""complete_case""]",0.5,0.0,25,48,48,24,True,,True,True,True,False,True,True
commentary:087__Charlie_Marie:5:6:h1,commentary,087__Charlie_Marie,5,1,6,Clarification Request (Specific),raw_history_explicit_b256,raw_history_explicit,256,291.0,whitespace_v1,5,3,25,12,5,58,True,"[""full"", ""assumption_eligible"", ""dense_explicit"", ""complete_case""]",0.5,0.0,25,48,48,24,True,,True,True,True,False,True,True
commentary:087__Charlie_Marie:10:11:h1,commentary,087__Charlie_Marie,10,1,11,Assert / Elaborate,raw_history_b256,raw_history,256,256.0,whitespace_v1,5,3,30,12,5,86,True,"[""full"", ""assumption_eligible"", ""dense_explicit"", ""complete_case""]",0.5,0.0,25,48,48,24,True,,True,True,True,False,True,True
commentary:087__Charlie_Marie:10:11:h1,commentary,087__Charlie_Marie,10,1,11,Assert / Elaborate,raw_history_true_assumptions_b256,raw_history_true_assumptions,256,291.0,whitespace_v1,5,3,30,12,5,86,True,"[""full"", ""assumption_eligible"", ""dense_explicit"", ""complete_case""]",0.5,0.0,25,48,48,24,True,,True,True,True,False,True,True
commentary:087__Charlie_Marie:10:11:h1,commentary,087__Charlie_Marie,10,1,11,Assert / Elaborate,raw_history_different_episode_assumptions_b256,raw_history_different_episode_assumptions,256,291.0,whitespace_v1,5,3,30,12,5,86,True,"[""full"", ""assumption_eligible"", ""dense_explicit"", ""complete_case""]",0.5,0.0,25,48,48,24,True,,True,True,True,False,True,True
commentary:087__Charlie_Marie:10:11:h1,commentary,087__Charlie_Marie,10,1,11,Assert / Elaborate,raw_history_same_episode_random_turn_assumptions_b256,raw_history_same_episode_random_turn_assumptions,256,291.0,whitespace_v1,5,3,30,12,5,86,True,"[""full"", ""assumption_eligible"", ""dense_explicit"", ""complete_case""]",0.5,0.0,25,48,48,24,True,,True,True,True,False,True,True
commentary:087__Charlie_Marie:10:11:h1,commentary,087__Charlie_Marie,10,1,11,Assert / Elaborate,raw_history_explicit_b256,raw_history_explicit,256,291.0,whitespace_v1,5,3,30,12,5,86,True,"[""full"", ""assumption_eligible"", ""dense_explicit"", ""complete_case""]",0.5208333333333334,0.041666666666666664,25,48,48,24,True,,True,True,True,False,True,True
commentary:087__Charlie_Marie:10:13:h3,commentary,087__Charlie_Marie,10,3,13,Assert / Elaborate,raw_history_b256,raw_history,256,256.0,whitespace_v1,5,3,30,12,5,86,True,"[""full"", ""assumption_eligible"", ""dense_explicit"", ""complete_case""]",0.5,0.0,25,48,48,24,True,,True,True,True,False,True,True
commentary:087__Charlie_Marie:10:13:h3,commentary,087__Charlie_Marie,10,3,13,Assert / Elaborate,raw_history_true_assumptions_b256,raw_history_true_assumptions,256,291.0,whitespace_v1,5,3,30,12,5,86,True,"[""full"", ""assumption_eligible"", ""dense_explicit"", ""complete_case""]",0.5,0.0,25,48,48,24,True,,True,True,True,False,True,True
commentary:087__Charlie_Marie:10:13:h3,commentary,087__Charlie_Marie,10,3,13,Assert / Elaborate,raw_history_different_episode_assumptions_b256,raw_history_different_episode_assumptions,256,291.0,whitespace_v1,5,3,30,12,5,86,True,"[""full"", ""assumption_eligible"", ""dense_explicit"", ""complete_case""]",0.5,0.0,25,48,48,24,True,,True,True,True,False,True,True
commentary:087__Charlie_Marie:10:13:h3,commentary,087__Charlie_Marie,10,3,13,Assert / Elaborate,raw_history_same_episode_random_turn_assumptions_b256,raw_history_same_episode_random_turn_assumptions,256,291.0,whitespace_v1,5,3,30,12,5,86,True,"[""full"", ""assumption_eligible"", ""dense_explicit"", ""complete_case""]",0.5,0.0,25,48,48,24,True,,True,True,True,False,True,True
commentary:087__Charlie_Marie:10:13:h3,commentary,087__Charlie_Marie,10,3,13,Assert / Elaborate,raw_history_explicit_b256,raw_history_explicit,256,291.0,whitespace_v1,5,3,30,12,5,86,True,"[""full"", ""assumption_eligible"", ""dense_explicit"", ""complete_case""]",0.5,0.0,25,48,48,24,True,,True,True,True,False,True,True
commentary:087__Charlie_Marie:10:15:h5,commentary,087__Charlie_Marie,10,5,15,Assert / Elaborate,raw_history_b256,raw_history,256,256.0,whitespace_v1,5,3,30,12,5,86,True,"[""full"", ""assumption_eligible"", ""dense_explicit"", ""complete_case""]",0.5,0.0,25,48,48,24,True,,True,True,True,False,True,True
commentary:087__Charlie_Marie:10:15:h5,commentary,087__Charlie_Marie,10,5,15,Assert / Elaborate,raw_history_true_assumptions_b256,raw_history_true_assumptions,256,291.0,whitespace_v1,5,3,30,12,5,86,True,"[""full"", ""assumption_eligible"", ""dense_explicit"", ""complete_case""]",0.5,0.0,25,48,48,24,True,,True,True,True,False,True,True
commentary:087__Charlie_Marie:10:15:h5,commentary,087__Charlie_Marie,10,5,15,Assert / Elaborate,raw_history_different_episode_assumptions_b256,raw_history_different_episode_assumptions,256,291.0,whitespace_v1,5,3,30,12,5,86,True,"[""full"", ""assumption_eligible"", ""dense_explicit"", ""complete_case""]",0.5,0.0,25,48,48,24,True,,True,True,True,False,True,True
commentary:087__Charlie_Marie:10:15:h5,commentary,087__Charlie_Marie,10,5,15,Assert / Elaborate,raw_history_same_episode_random_turn_assumptions_b256,raw_history_same_episode_random_turn_assumptions,256,291.0,whitespace_v1,5,3,30,12,5,86,True,"[""full"", ""assumption_eligible"", ""dense_explicit"", ""complete_case""]",0.5,0.0,25,48,48,24,True,,True,True,True,False,True,True
commentary:087__Charlie_Marie:10:15:h5,commentary,087__Charlie_Marie,10,5,15,Assert / Elaborate,raw_history_explicit_b256,raw_history_explicit,256,291.0,whitespace_v1,5,3,30,12,5,86,True,"[""full"", ""assumption_eligible"", ""dense_explicit"", ""complete_case""]",0.5,0.0,25,48,48,24,True,,True,True,True,False,True,True
commentary:087__Charlie_Marie:11:12:h1,commentary,087__Charlie_Marie,11,1,12,Clarification Request (Specific),raw_history_b256,raw_history,256,256.0,whitespace_v1,6,3,26,12,5,90,True,"[""full"", ""assumption_eligible"", ""dense_explicit"", ""complete_case""]",0.5416666666666666,0.08333333333333333,25,48,48,24,True,,True,True,True,False,True,True
commentary:087__Charlie_Marie:11:12:h1,commentary,087__Charlie_Marie,11,1,12,Clarification Request (Specific),raw_history_true_assumptions_b256,raw_history_true_assumptions,256,287.0,whitespace_v1,6,3,26,12,5,90,True,"[""full"", ""assumption_eligible"", ""dense_explicit"", ""complete_case""]",0.5,0.0,25,48,48,24,True,,True,True,True,False,True,True
commentary:087__Charlie_Marie:11:12:h1,commentary,087__Charlie_Marie,11,1,12,Clarification Request (Specific),raw_history_different_episode_assumptions_b256,raw_history_different_episode_assumptions,256,287.0,whitespace_v1,6,3,26,12,5,90,True,"[""full"", ""assumption_eligible"", ""dense_explicit"", ""complete_case""]",0.5,0.0,25,48,48,24,True,,True,True,True,False,True,True
commentary:087__Charlie_Marie:11:12:h1,commentary,087__Charlie_Marie,11,1,12,Clarification Request (Specific),raw_history_same_episode_random_turn_assumptions_b256,raw_history_same_episode_random_turn_assumptions,256,287.0,whitespace_v1,6,3,26,12,5,90,True,"[""full"", ""assumption_eligible"", ""dense_explicit"", ""complete_case""]",0.5,0.0,25,48,48,24,True,,True,True,True,False,True,True
commentary:087__Charlie_Marie:11:12:h1,commentary,087__Charlie_Marie,11,1,12,Clarification Request (Specific),raw_history_explicit_b256,raw_history_explicit,256,287.0,whitespace_v1,6,3,26,12,5,90,True,"[""full"", ""assumption_eligible"", ""dense_explicit"", ""complete_case""]",0.5208333333333334,0.041666666666666664,25,48,48,24,True,,True,True,True,False,True,True
commentary:087__Charlie_Marie:11:14:h3,commentary,087__Charlie_Marie,11,3,14,Agree / Align,raw_history_b256,raw_history,256,256.0,whitespace_v1,6,3,26,12,5,90,True,"[""full"", ""assumption_eligible"", ""dense_explicit"", ""complete_case""]",0.5,0.0,25,48,48,24,True,,True,True,True,False,True,True
commentary:087__Charlie_Marie:11:14:h3,commentary,087__Charlie_Marie,11,3,14,Agree / Align,raw_history_true_assumptions_b256,raw_history_true_assumptions,256,287.0,whitespace_v1,6,3,26,12,5,90,True,"[""full"", ""assumption_eligible"", ""dense_explicit"", ""complete_case""]",0.5,0.0,25,48,48,24,True,,True,True,True,False,True,True
commentary:087__Charlie_Marie:11:14:h3,commentary,087__Charlie_Marie,11,3,14,Agree / Align,raw_history_different_episode_assumptions_b256,raw_history_different_episode_assumptions,256,287.0,whitespace_v1,6,3,26,12,5,90,True,"[""full"", ""assumption_eligible"", ""dense_explicit"", ""complete_case""]",0.5,0.0,25,48,48,24,True,,True,True,True,False,True,True
commentary:087__Charlie_Marie:11:14:h3,commentary,087__Charlie_Marie,11,3,14,Agree / Align,raw_history_same_episode_random_turn_assumptions_b256,raw_history_same_episode_random_turn_assumptions,256,287.0,whitespace_v1,6,3,26,12,5,90,True,"[""full"", ""assumption_eligible"", ""dense_explicit"", ""complete_case""]",0.5,0.0,25,48,48,24,True,,True,True,True,False,True,True
commentary:087__Charlie_Marie:11:14:h3,commentary,087__Charlie_Marie,11,3,14,Agree / Align,raw_history_explicit_b256,raw_history_explicit,256,287.0,whitespace_v1,6,3,26,12,5,90,True,"[""full"", ""assumption_eligible"", ""dense_explicit"", ""complete_case""]",0.5,0.0,25,48,48,24,True,,True,True,True,False,True,True
commentary:087__Charlie_Marie:11:16:h5,commentary,087__Charlie_Marie,11,5,16,Assert / Elaborate,raw_history_b256,raw_history,256,256.0,whitespace_v1,6,3,26,12,5,90,True,"[""full"", ""assumption_eligible"", ""dense_explicit"", ""complete_case""]",0.5,0.0,25,48,48,24,True,,True,True,True,False,True,True
commentary:087__Charlie_Marie:11:16:h5,commentary,087__Charlie_Marie,11,5,16,Assert / Elaborate,raw_history_true_assumptions_b256,raw_history_true_assumptions,256,287.0,whitespace_v1,6,3,26,12,5,90,True,"[""full"", ""assumption_eligible"", ""dense_explicit"", ""complete_case""]",0.5,0.0,25,48,48,24,True,,True,True,True,False,True,True
commentary:087__Charlie_Marie:11:16:h5,commentary,087__Charlie_Marie,11,5,16,Assert / Elaborate,raw_history_different_episode_assumptions_b256,raw_history_different_episode_assumptions,256,287.0,whitespace_v1,6,3,26,12,5,90,True,"[""full"", ""assumption_eligible"", ""dense_explicit"", ""complete_case""]",0.5,0.0,25,48,48,24,True,,True,True,True,False,True,True
commentary:087__Charlie_Marie:11:16:h5,commentary,087__Charlie_Marie,11,5,16,Assert / Elaborate,raw_history_same_episode_random_turn_assumptions_b256,raw_history_same_episode_random_turn_assumptions,256,287.0,whitespace_v1,6,3,26,12,5,90,True,"[""full"", ""assumption_eligible"", ""dense_explicit"", ""complete_case""]",0.5,0.0,25,48,48,24,True,,True,True,True,False,True,True
commentary:087__Charlie_Marie:11:16:h5,commentary,087__Charlie_Marie,11,5,16,Assert / Elaborate,raw_history_explicit_b256,raw_history_explicit,256,287.0,whitespace_v1,6,3,26,12,5,90,True,"[""full"", ""assumption_eligible"", ""dense_explicit"", ""complete_case""]",0.5,0.0,25,48,48,24,True,,True,True,True,False,True,True
commentary:087__Charlie_Marie:12:13:h1,commentary,087__Charlie_Marie,12,1,13,Assert / Elaborate,raw_history_b256,raw_history,256,256.0,whitespace_v1,4,3,25,12,4,56,True,"[""full"", ""assumption_eligible"", ""sparse_explicit"", ""complete_case""]",0.5208333333333334,0.041666666666666664,25,48,48,24,True,,True,True,True,True,False,True
commentary:087__Charlie_Marie:12:13:h1,commentary,087__Charlie_Marie,12,1,13,Assert / Elaborate,raw_history_true_assumptions_b256,raw_history_true_assumptions,256,294.0,whitespace_v1,4,3,25,12,4,56,True,"[""full"", ""assumption_eligible"", ""sparse_explicit"", ""complete_case""]",0.5416666666666666,0.08333333333333333,25,48,48,24,True,,True,True,True,True,False,True
commentary:087__Charlie_Marie:12:13:h1,commentary,087__Charlie_Marie,12,1,13,Assert / Elaborate,raw_history_different_episode_assumptions_b256,raw_history_different_episode_assumptions,256,294.0,whitespace_v1,4,3,25,12,4,56,True,"[""full"", ""assumption_eligible"", ""sparse_explicit"", ""complete_case""]",0.5,0.0,25,48,48,24,True,,True,True,True,True,False,True
commentary:087__Charlie_Marie:12:13:h1,commentary,087__Charlie_Marie,12,1,13,Assert / Elaborate,raw_history_same_episode_random_turn_assumptions_b256,raw_history_same_episode_random_turn_assumptions,256,294.0,whitespace_v1,4,3,25,12,4,56,True,"[""full"", ""assumption_eligible"", ""sparse_explicit"", ""complete_case""]",0.5208333333333334,0.041666666666666664,25,48,48,24,True,,True,True,True,True,False,True
commentary:087__Charlie_Marie:12:13:h1,commentary,087__Charlie_Marie,12,1,13,Assert / Elaborate,raw_history_explicit_b256,raw_history_explicit,256,294.0,whitespace_v1,4,3,25,12,4,56,True,"[""full"", ""assumption_eligible"", ""sparse_explicit"", ""complete_case""]",0.5208333333333334,0.041666666666666664,25,48,48,24,True,,True,True,True,True,False,True
commentary:087__Charlie_Marie:12:15:h3,commentary,087__Charlie_Marie,12,3,15,Assert / Elaborate,raw_history_b256,raw_history,256,256.0,whitespace_v1,4,3,25,12,4,56,True,"[""full"", ""assumption_eligible"", ""sparse_explicit"", ""complete_case""]",0.5,0.0,25,48,48,24,True,,True,True,True,True,False,True
commentary:087__Charlie_Marie:12:15:h3,commentary,087__Charlie_Marie,12,3,15,Assert / Elaborate,raw_history_true_assumptions_b256,raw_history_true_assumptions,256,294.0,whitespace_v1,4,3,25,12,4,56,True,"[""full"", ""assumption_eligible"", ""sparse_explicit"", ""complete_case""]",0.5,0.0,25,48,48,24,True,,True,True,True,True,False,True
commentary:087__Charlie_Marie:12:15:h3,commentary,087__Charlie_Marie,12,3,15,Assert / Elaborate,raw_history_different_episode_assumptions_b256,raw_history_different_episode_assumptions,256,294.0,whitespace_v1,4,3,25,12,4,56,True,"[""full"", ""assumption_eligible"", ""sparse_explicit"", ""complete_case""]",0.5,0.0,25,48,48,24,True,,True,True,True,True,False,True
commentary:087__Charlie_Marie:12:15:h3,commentary,087__Charlie_Marie,12,3,15,Assert / Elaborate,raw_history_same_episode_random_turn_assumptions_b256,raw_history_same_episode_random_turn_assumptions,256,294.0,whitespace_v1,4,3,25,12,4,56,True,"[""full"", ""assumption_eligible"", ""sparse_explicit"", ""complete_case""]",0.5,0.0,25,48,48,24,True,,True,True,True,True,False,True
commentary:087__Charlie_Marie:12:15:h3,commentary,087__Charlie_Marie,12,3,15,Assert / Elaborate,raw_history_explicit_b256,raw_history_explicit,256,294.0,whitespace_v1,4,3,25,12,4,56,True,"[""full"", ""assumption_eligible"", ""sparse_explicit"", ""complete_case""]",0.5,0.0,25,48,48,24,True,,True,True,True,True,False,True
commentary:087__Charlie_Marie:12:17:h5,commentary,087__Charlie_Marie,12,5,17,Assert / Elaborate,raw_history_b256,raw_history,256,256.0,whitespace_v1,4,3,25,12,4,56,True,"[""full"", ""assumption_eligible"", ""sparse_explicit"", ""complete_case""]",0.5,0.0,25,48,48,24,True,,True,True,True,True,False,True
commentary:087__Charlie_Marie:12:17:h5,commentary,087__Charlie_Marie,12,5,17,Assert / Elaborate,raw_history_true_assumptions_b256,raw_history_true_assumptions,256,294.0,whitespace_v1,4,3,25,12,4,56,True,"[""full"", ""assumption_eligible"", ""sparse_explicit"", ""complete_case""]",0.5,0.0,25,48,48,24,True,,True,True,True,True,False,True
commentary:087__Charlie_Marie:12:17:h5,commentary,087__Charlie_Marie,12,5,17,Assert / Elaborate,raw_history_different_episode_assumptions_b256,raw_history_different_episode_assumptions,256,294.0,whitespace_v1,4,3,25,12,4,56,True,"[""full"", ""assumption_eligible"", ""sparse_explicit"", ""complete_case""]",0.5,0.0,25,48,48,24,True,,True,True,True,True,False,True
commentary:087__Charlie_Marie:12:17:h5,commentary,087__Charlie_Marie,12,5,17,Assert / Elaborate,raw_history_same_episode_random_turn_assumptions_b256,raw_history_same_episode_random_turn_assumptions,256,294.0,whitespace_v1,4,3,25,12,4,56,True,"[""full"", ""assumption_eligible"", ""sparse_explicit"", ""complete_case""]",0.5,0.0,25,48,48,24,True,,True,True,True,True,False,True
commentary:087__Charlie_Marie:12:17:h5,commentary,087__Charlie_Marie,12,5,17,Assert / Elaborate,raw_history_explicit_b256,raw_history_explicit,256,294.0,whitespace_v1,4,3,25,12,4,56,True,"[""full"", ""assumption_eligible"", ""sparse_explicit"", ""complete_case""]",0.5,0.0,25,48,48,24,True,,True,True,True,True,False,True
commentary:087__Charlie_Marie:13:14:h1,commentary,087__Charlie_Marie,13,1,14,Agree / Align,raw_history_b256,raw_history,256,256.0,whitespace_v1,10,3,25,12,10,461,True,"[""full"", ""assumption_eligible"", ""dense_explicit"", ""complete_case""]",0.5,0.0,25,48,48,24,True,,True,True,True,False,True,True
commentary:087__Charlie_Marie:13:14:h1,commentary,087__Charlie_Marie,13,1,14,Agree / Align,raw_history_true_assumptions_b256,raw_history_true_assumptions,256,292.0,whitespace_v1,10,3,25,12,10,461,True,"[""full"", ""assumption_eligible"", ""dense_explicit"", ""complete_case""]",0.5,0.0,25,48,48,24,True,,True,True,True,False,True,True
commentary:087__Charlie_Marie:13:14:h1,commentary,087__Charlie_Marie,13,1,14,Agree / Align,raw_history_different_episode_assumptions_b256,raw_history_different_episode_assumptions,256,292.0,whitespace_v1,10,3,25,12,10,461,True,"[""full"", ""assumption_eligible"", ""dense_explicit"", ""complete_case""]",0.5,0.0,25,48,48,24,True,,True,True,True,False,True,True
commentary:087__Charlie_Marie:13:14:h1,commentary,087__Charlie_Marie,13,1,14,Agree / Align,raw_history_same_episode_random_turn_assumptions_b256,raw_history_same_episode_random_turn_assumptions,256,292.0,whitespace_v1,10,3,25,12,10,461,True,"[""full"", ""assumption_eligible"", ""dense_explicit"", ""complete_case""]",0.5,0.0,25,48,48,24,True,,True,True,True,False,True,True
commentary:087__Charlie_Marie:13:14:h1,commentary,087__Charlie_Marie,13,1,14,Agree / Align,raw_history_explicit_b256,raw_history_explicit,256,292.0,whitespace_v1,10,3,25,12,10,461,True,"[""full"", ""assumption_eligible"", ""dense_explicit"", ""complete_case""]",0.5,0.0,25,48,48,24,True,,True,True,True,False,True,True
commentary:087__Charlie_Marie:13:16:h3,commentary,087__Charlie_Marie,13,3,16,Assert / Elaborate,raw_history_b256,raw_history,256,256.0,whitespace_v1,10,3,25,12,10,461,True,"[""full"", ""assumption_eligible"", ""dense_explicit"", ""complete_case""]",0.5,0.0,25,48,48,24,True,,True,True,True,False,True,True
commentary:087__Charlie_Marie:13:16:h3,commentary,087__Charlie_Marie,13,3,16,Assert / Elaborate,raw_history_true_assumptions_b256,raw_history_true_assumptions,256,292.0,whitespace_v1,10,3,25,12,10,461,True,"[""full"", ""assumption_eligible"", ""dense_explicit"", ""complete_case""]",0.5,0.0,25,48,48,24,True,,True,True,True,False,True,True
commentary:087__Charlie_Marie:13:16:h3,commentary,087__Charlie_Marie,13,3,16,Assert / Elaborate,raw_history_different_episode_assumptions_b256,raw_history_different_episode_assumptions,256,292.0,whitespace_v1,10,3,25,12,10,461,True,"[""full"", ""assumption_eligible"", ""dense_explicit"", ""complete_case""]",0.5,0.0,25,48,48,24,True,,True,True,True,False,True,True
commentary:087__Charlie_Marie:13:16:h3,commentary,087__Charlie_Marie,13,3,16,Assert / Elaborate,raw_history_same_episode_random_turn_assumptions_b256,raw_history_same_episode_random_turn_assumptions,256,292.0,whitespace_v1,10,3,25,12,10,461,True,"[""full"", ""assumption_eligible"", ""dense_explicit"", ""complete_case""]",0.5,0.0,25,48,48,24,True,,True,True,True,False,True,True
commentary:087__Charlie_Marie:13:16:h3,commentary,087__Charlie_Marie,13,3,16,Assert / Elaborate,raw_history_explicit_b256,raw_history_explicit,256,292.0,whitespace_v1,10,3,25,12,10,461,True,"[""full"", ""assumption_eligible"", ""dense_explicit"", ""complete_case""]",0.5,0.0,25,48,48,24,True,,True,True,True,False,True,True
commentary:087__Charlie_Marie:14:15:h1,commentary,087__Charlie_Marie,14,1,15,Assert / Elaborate,raw_history_b256,raw_history,256,256.0,whitespace_v1,5,3,25,12,5,151,True,"[""full"", ""assumption_eligible"", ""dense_explicit"", ""complete_case""]",0.5,0.0,25,48,48,24,True,,True,True,True,False,True,True
commentary:087__Charlie_Marie:14:15:h1,commentary,087__Charlie_Marie,14,1,15,Assert / Elaborate,raw_history_true_assumptions_b256,raw_history_true_assumptions,256,300.0,whitespace_v1,5,3,25,12,5,151,True,"[""full"", ""assumption_eligible"", ""dense_explicit"", ""complete_case""]",0.5,0.0,25,48,48,24,True,,True,True,True,False,True,True
commentary:087__Charlie_Marie:14:15:h1,commentary,087__Charlie_Marie,14,1,15,Assert / Elaborate,raw_history_different_episode_assumptions_b256,raw_history_different_episode_assumptions,256,300.0,whitespace_v1,5,3,25,12,5,151,True,"[""full"", ""assumption_eligible"", ""dense_explicit"", ""complete_case""]",0.5,0.0,25,48,48,24,True,,True,True,True,False,True,True
commentary:087__Charlie_Marie:14:15:h1,commentary,087__Charlie_Marie,14,1,15,Assert / Elaborate,raw_history_same_episode_random_turn_assumptions_b256,raw_history_same_episode_random_turn_assumptions,256,300.0,whitespace_v1,5,3,25,12,5,151,True,"[""full"", ""assumption_eligible"", ""dense_explicit"", ""complete_case""]",0.5,0.0,25,48,48,24,True,,True,True,True,False,True,True
commentary:087__Charlie_Marie:14:15:h1,commentary,087__Charlie_Marie,14,1,15,Assert / Elaborate,raw_history_explicit_b256,raw_history_explicit,256,300.0,whitespace_v1,5,3,25,12,5,151,True,"[""full"", ""assumption_eligible"", ""dense_explicit"", ""complete_case""]",0.5,0.0,25,48,48,24,True,,True,True,True,False,True,True
commentary:087__Charlie_Marie:14:17:h3,commentary,087__Charlie_Marie,14,3,17,Assert / Elaborate,raw_history_b256,raw_history,256,256.0,whitespace_v1,5,3,25,12,5,151,True,"[""full"", ""assumption_eligible"", ""dense_explicit"", ""complete_case""]",0.5,0.0,25,48,48,24,True,,True,True,True,False,True,True
commentary:087__Charlie_Marie:14:17:h3,commentary,087__Charlie_Marie,14,3,17,Assert / Elaborate,raw_history_true_assumptions_b256,raw_history_true_assumptions,256,300.0,whitespace_v1,5,3,25,12,5,151,True,"[""full"", ""assumption_eligible"", ""dense_explicit"", ""complete_case""]",0.5,0.0,25,48,48,24,True,,True,True,True,False,True,True
commentary:087__Charlie_Marie:14:17:h3,commentary,087__Charlie_Marie,14,3,17,Assert / Elaborate,raw_history_different_episode_assumptions_b256,raw_history_different_episode_assumptions,256,300.0,whitespace_v1,5,3,25,12,5,151,True,"[""full"", ""assumption_eligible"", ""dense_explicit"", ""complete_case""]",0.5,0.0,25,48,48,24,True,,True,True,True,False,True,True
commentary:087__Charlie_Marie:14:17:h3,commentary,087__Charlie_Marie,14,3,17,Assert / Elaborate,raw_history_same_episode_random_turn_assumptions_b256,raw_history_same_episode_random_turn_assumptions,256,300.0,whitespace_v1,5,3,25,12,5,151,True,"[""full"", ""assumption_eligible"", ""dense_explicit"", ""complete_case""]",0.5,0.0,25,48,48,24,True,,True,True,True,False,True,True
commentary:087__Charlie_Marie:14:17:h3,commentary,087__Charlie_Marie,14,3,17,Assert / Elaborate,raw_history_explicit_b256,raw_history_explicit,256,300.0,whitespace_v1,5,3,25,12,5,151,True,"[""full"", ""assumption_eligible"", ""dense_explicit"", ""complete_case""]",0.5,0.0,25,48,48,24,True,,True,True,True,False,True,True
commentary:087__Charlie_Marie:15:16:h1,commentary,087__Charlie_Marie,15,1,16,Assert / Elaborate,raw_history_b256,raw_history,256,256.0,whitespace_v1,10,3,29,12,10,290,True,"[""full"", ""assumption_eligible"", ""dense_explicit"", ""complete_case""]",0.5,0.0,25,48,48,24,True,,True,True,True,False,True,True
commentary:087__Charlie_Marie:15:16:h1,commentary,087__Charlie_Marie,15,1,16,Assert / Elaborate,raw_history_true_assumptions_b256,raw_history_true_assumptions,256,294.0,whitespace_v1,10,3,29,12,10,290,True,"[""full"", ""assumption_eligible"", ""dense_explicit"", ""complete_case""]",0.5,0.0,25,48,48,24,True,,True,True,True,False,True,True
commentary:087__Charlie_Marie:15:16:h1,commentary,087__Charlie_Marie,15,1,16,Assert / Elaborate,raw_history_different_episode_assumptions_b256,raw_history_different_episode_assumptions,256,294.0,whitespace_v1,10,3,29,12,10,290,True,"[""full"", ""assumption_eligible"", ""dense_explicit"", ""complete_case""]",0.5,0.0,25,48,48,24,True,,True,True,True,False,True,True
commentary:087__Charlie_Marie:15:16:h1,commentary,087__Charlie_Marie,15,1,16,Assert / Elaborate,raw_history_same_episode_random_turn_assumptions_b256,raw_history_same_episode_random_turn_assumptions,256,294.0,whitespace_v1,10,3,29,12,10,290,True,"[""full"", ""assumption_eligible"", ""dense_explicit"", ""complete_case""]",0.5,0.0,25,48,48,24,True,,True,True,True,False,True,True
commentary:087__Charlie_Marie:15:16:h1,commentary,087__Charlie_Marie,15,1,16,Assert / Elaborate,raw_history_explicit_b256,raw_history_explicit,256,294.0,whitespace_v1,10,3,29,12,10,290,True,"[""full"", ""assumption_eligible"", ""dense_explicit"", ""complete_case""]",0.5,0.0,25,48,48,24,True,,True,True,True,False,True,True
commentary:087__Charlie_Marie:16:17:h1,commentary,087__Charlie_Marie,16,1,17,Assert / Elaborate,raw_history_b256,raw_history,256,256.0,whitespace_v1,4,3,29,12,5,51,True,"[""full"", ""assumption_eligible"", ""sparse_explicit"", ""complete_case""]",0.5416666666666666,0.08333333333333333,25,48,48,24,True,,True,True,True,True,False,True
commentary:087__Charlie_Marie:16:17:h1,commentary,087__Charlie_Marie,16,1,17,Assert / Elaborate,raw_history_true_assumptions_b256,raw_history_true_assumptions,256,293.0,whitespace_v1,4,3,29,12,5,51,True,"[""full"", ""assumption_eligible"", ""sparse_explicit"", ""complete_case""]",0.5208333333333334,0.041666666666666664,25,48,48,24,True,,True,True,True,True,False,True
commentary:087__Charlie_Marie:16:17:h1,commentary,087__Charlie_Marie,16,1,17,Assert / Elaborate,raw_history_different_episode_assumptions_b256,raw_history_different_episode_assumptions,256,293.0,whitespace_v1,4,3,29,12,5,51,True,"[""full"", ""assumption_eligible"", ""sparse_explicit"", ""complete_case""]",0.5208333333333334,0.041666666666666664,25,48,48,24,True,,True,True,True,True,False,True
commentary:087__Charlie_Marie:16:17:h1,commentary,087__Charlie_Marie,16,1,17,Assert / Elaborate,raw_history_same_episode_random_turn_assumptions_b256,raw_history_same_episode_random_turn_assumptions,256,293.0,whitespace_v1,4,3,29,12,5,51,True,"[""full"", ""assumption_eligible"", ""sparse_explicit"", ""complete_case""]",0.5416666666666666,0.08333333333333333,25,48,48,24,True,,True,True,True,True,False,True
commentary:087__Charlie_Marie:16:17:h1,commentary,087__Charlie_Marie,16,1,17,Assert / Elaborate,raw_history_explicit_b256,raw_history_explicit,256,293.0,whitespace_v1,4,3,29,12,5,51,True,"[""full"", ""assumption_eligible"", ""sparse_explicit"", ""complete_case""]",0.5208333333333334,0.041666666666666664,25,48,48,24,True,,True,True,True,True,False,True
commentary:087__Charlie_Marie:19:20:h1,commentary,087__Charlie_Marie,19,1,20,Assert / Elaborate,raw_history_b256,raw_history,256,256.0,whitespace_v1,10,3,32,12,10,362,True,"[""full"", ""assumption_eligible"", ""dense_explicit"", ""complete_case""]",0.5833333333333334,0.16666666666666666,25,48,48,24,True,,True,True,True,False,True,True
commentary:087__Charlie_Marie:19:20:h1,commentary,087__Charlie_Marie,19,1,20,Assert / Elaborate,raw_history_true_assumptions_b256,raw_history_true_assumptions,256,292.0,whitespace_v1,10,3,32,12,10,362,True,"[""full"", ""assumption_eligible"", ""dense_explicit"", ""complete_case""]",0.5833333333333334,0.16666666666666666,25,48,48,24,True,,True,True,True,False,True,True
commentary:087__Charlie_Marie:19:20:h1,commentary,087__Charlie_Marie,19,1,20,Assert / Elaborate,raw_history_different_episode_assumptions_b256,raw_history_different_episode_assumptions,256,292.0,whitespace_v1,10,3,32,12,10,362,True,"[""full"", ""assumption_eligible"", ""dense_explicit"", ""complete_case""]",0.5625,0.125,25,48,48,24,True,,True,True,True,False,True,True
commentary:087__Charlie_Marie:19:20:h1,commentary,087__Charlie_Marie,19,1,20,Assert / Elaborate,raw_history_same_episode_random_turn_assumptions_b256,raw_history_same_episode_random_turn_assumptions,256,292.0,whitespace_v1,10,3,32,12,10,362,True,"[""full"", ""assumption_eligible"", ""dense_explicit"", ""complete_case""]",0.5416666666666666,0.08333333333333333,25,48,48,24,True,,True,True,True,False,True,True
commentary:087__Charlie_Marie:19:20:h1,commentary,087__Charlie_Marie,19,1,20,Assert / Elaborate,raw_history_explicit_b256,raw_history_explicit,256,292.0,whitespace_v1,10,3,32,12,10,362,True,"[""full"", ""assumption_eligible"", ""dense_explicit"", ""complete_case""]",0.5416666666666666,0.08333333333333333,25,48,48,24,True,,True,True,True,False,True,True
commentary:087__Charlie_Marie:20:21:h1,commentary,087__Charlie_Marie,20,1,21,Assert / Elaborate,raw_history_b256,raw_history,256,256.0,whitespace_v1,6,3,34,12,4,95,True,"[""full"", ""assumption_eligible"", ""dense_explicit"", ""complete_case""]",0.5625,0.125,25,48,48,24,True,,True,True,True,False,True,True
commentary:087__Charlie_Marie:20:21:h1,commentary,087__Charlie_Marie,20,1,21,Assert / Elaborate,raw_history_true_assumptions_b256,raw_history_true_assumptions,256,286.0,whitespace_v1,6,3,34,12,4,95,True,"[""full"", ""assumption_eligible"", ""dense_explicit"", ""complete_case""]",0.5416666666666666,0.08333333333333333,25,48,48,24,True,,True,True,True,False,True,True
commentary:087__Charlie_Marie:20:21:h1,commentary,087__Charlie_Marie,20,1,21,Assert / Elaborate,raw_history_different_episode_assumptions_b256,raw_history_different_episode_assumptions,256,286.0,whitespace_v1,6,3,34,12,4,95,True,"[""full"", ""assumption_eligible"", ""dense_explicit"", ""complete_case""]",0.5,0.0,25,48,48,24,True,,True,True,True,False,True,True
commentary:087__Charlie_Marie:20:21:h1,commentary,087__Charlie_Marie,20,1,21,Assert / Elaborate,raw_history_same_episode_random_turn_assumptions_b256,raw_history_same_episode_random_turn_assumptions,256,286.0,whitespace_v1,6,3,34,12,4,95,True,"[""full"", ""assumption_eligible"", ""dense_explicit"", ""complete_case""]",0.5208333333333334,0.041666666666666664,25,48,48,24,True,,True,True,True,False,True,True
commentary:087__Charlie_Marie:20:21:h1,commentary,087__Charlie_Marie,20,1,21,Assert / Elaborate,raw_history_explicit_b256,raw_history_explicit,256,286.0,whitespace_v1,6,3,34,12,4,95,True,"[""full"", ""assumption_eligible"", ""dense_explicit"", ""complete_case""]",0.5208333333333334,0.041666666666666664,25,48,48,24,True,,True,True,True,False,True,True
commentary:087__Charlie_Marie:23:24:h1,commentary,087__Charlie_Marie,23,1,24,Assert / Elaborate,raw_history_b256,raw_history,256,256.0,whitespace_v1,10,3,32,12,10,376,True,"[""full"", ""assumption_eligible"", ""dense_explicit"", ""complete_case""]",0.5208333333333334,0.041666666666666664,25,48,48,24,True,,True,True,True,False,True,True
commentary:087__Charlie_Marie:23:24:h1,commentary,087__Charlie_Marie,23,1,24,Assert / Elaborate,raw_history_true_assumptions_b256,raw_history_true_assumptions,256,292.0,whitespace_v1,10,3,32,12,10,376,True,"[""full"", ""assumption_eligible"", ""dense_explicit"", ""complete_case""]",0.5,0.0,25,48,48,24,True,,True,True,True,False,True,True
commentary:087__Charlie_Marie:23:24:h1,commentary,087__Charlie_Marie,23,1,24,Assert / Elaborate,raw_history_different_episode_assumptions_b256,raw_history_different_episode_assumptions,256,292.0,whitespace_v1,10,3,32,12,10,376,True,"[""full"", ""assumption_eligible"", ""dense_explicit"", ""complete_case""]",0.5208333333333334,0.041666666666666664,25,48,48,24,True,,True,True,True,False,True,True
commentary:087__Charlie_Marie:23:24:h1,commentary,087__Charlie_Marie,23,1,24,Assert / Elaborate,raw_history_same_episode_random_turn_assumptions_b256,raw_history_same_episode_random_turn_assumptions,256,292.0,whitespace_v1,10,3,32,12,10,376,True,"[""full"", ""assumption_eligible"", ""dense_explicit"", ""complete_case""]",0.5208333333333334,0.041666666666666664,25,48,48,24,True,,True,True,True,False,True,True
commentary:087__Charlie_Marie:23:24:h1,commentary,087__Charlie_Marie,23,1,24,Assert / Elaborate,raw_history_explicit_b256,raw_history_explicit,256,292.0,whitespace_v1,10,3,32,12,10,376,True,"[""full"", ""assumption_eligible"", ""dense_explicit"", ""complete_case""]",0.5416666666666666,0.08333333333333333,25,48,48,24,True,,True,True,True,False,True,True
commentary:087__Charlie_Marie:26:27:h1,commentary,087__Charlie_Marie,26,1,27,Assert / Elaborate,raw_history_b256,raw_history,256,256.0,whitespace_v1,5,3,34,12,5,70,True,"[""full"", ""assumption_eligible"", ""dense_explicit"", ""complete_case""]",0.5,0.0,25,48,48,24,True,,True,True,True,False,True,True
commentary:087__Charlie_Marie:26:27:h1,commentary,087__Charlie_Marie,26,1,27,Assert / Elaborate,raw_history_true_assumptions_b256,raw_history_true_assumptions,256,306.0,whitespace_v1,5,3,34,12,5,70,True,"[""full"", ""assumption_eligible"", ""dense_explicit"", ""complete_case""]",0.5,0.0,25,48,48,24,True,,True,True,True,False,True,True
commentary:087__Charlie_Marie:26:27:h1,commentary,087__Charlie_Marie,26,1,27,Assert / Elaborate,raw_history_different_episode_assumptions_b256,raw_history_different_episode_assumptions,256,306.0,whitespace_v1,5,3,34,12,5,70,True,"[""full"", ""assumption_eligible"", ""dense_explicit"", ""complete_case""]",0.5,0.0,25,48,48,24,True,,True,True,True,False,True,True
commentary:087__Charlie_Marie:26:27:h1,commentary,087__Charlie_Marie,26,1,27,Assert / Elaborate,raw_history_same_episode_random_turn_assumptions_b256,raw_history_same_episode_random_turn_assumptions,256,306.0,whitespace_v1,5,3,34,12,5,70,True,"[""full"", ""assumption_eligible"", ""dense_explicit"", ""complete_case""]",0.5,0.0,25,48,48,24,True,,True,True,True,False,True,True
commentary:087__Charlie_Marie:26:27:h1,commentary,087__Charlie_Marie,26,1,27,Assert / Elaborate,raw_history_explicit_b256,raw_history_explicit,256,306.0,whitespace_v1,5,3,34,12,5,70,True,"[""full"", ""assumption_eligible"", ""dense_explicit"", ""complete_case""]",0.5208333333333334,0.041666666666666664,25,48,48,24,True,,True,True,True,False,True,True
commentary:087__Charlie_Marie:26:29:h3,commentary,087__Charlie_Marie,26,3,29,Assert / Elaborate,raw_history_b256,raw_history,256,256.0,whitespace_v1,5,3,34,12,5,70,True,"[""full"", ""assumption_eligible"", ""dense_explicit"", ""complete_case""]",0.5,0.0,25,48,48,24,True,,True,True,True,False,True,True
commentary:087__Charlie_Marie:26:29:h3,commentary,087__Charlie_Marie,26,3,29,Assert / Elaborate,raw_history_true_assumptions_b256,raw_history_true_assumptions,256,306.0,whitespace_v1,5,3,34,12,5,70,True,"[""full"", ""assumption_eligible"", ""dense_explicit"", ""complete_case""]",0.5,0.0,25,48,48,24,True,,True,True,True,False,True,True
commentary:087__Charlie_Marie:26:29:h3,commentary,087__Charlie_Marie,26,3,29,Assert / Elaborate,raw_history_different_episode_assumptions_b256,raw_history_different_episode_assumptions,256,306.0,whitespace_v1,5,3,34,12,5,70,True,"[""full"", ""assumption_eligible"", ""dense_explicit"", ""complete_case""]",0.5,0.0,25,48,48,24,True,,True,True,True,False,True,True
commentary:087__Charlie_Marie:26:29:h3,commentary,087__Charlie_Marie,26,3,29,Assert / Elaborate,raw_history_same_episode_random_turn_assumptions_b256,raw_history_same_episode_random_turn_assumptions,256,306.0,whitespace_v1,5,3,34,12,5,70,True,"[""full"", ""assumption_eligible"", ""dense_explicit"", ""complete_case""]",0.5,0.0,25,48,48,24,True,,True,True,True,False,True,True
commentary:087__Charlie_Marie:26:29:h3,commentary,087__Charlie_Marie,26,3,29,Assert / Elaborate,raw_history_explicit_b256,raw_history_explicit,256,306.0,whitespace_v1,5,3,34,12,5,70,True,"[""full"", ""assumption_eligible"", ""dense_explicit"", ""complete_case""]",0.5,0.0,25,48,48,24,True,,True,True,True,False,True,True
commentary:087__Charlie_Marie:26:31:h5,commentary,087__Charlie_Marie,26,5,31,Assert / Elaborate,raw_history_b256,raw_history,256,256.0,whitespace_v1,5,3,34,12,5,70,True,"[""full"", ""assumption_eligible"", ""dense_explicit"", ""complete_case""]",0.5,0.0,25,48,48,24,True,,True,True,True,False,True,True
commentary:087__Charlie_Marie:26:31:h5,commentary,087__Charlie_Marie,26,5,31,Assert / Elaborate,raw_history_true_assumptions_b256,raw_history_true_assumptions,256,306.0,whitespace_v1,5,3,34,12,5,70,True,"[""full"", ""assumption_eligible"", ""dense_explicit"", ""complete_case""]",0.5,0.0,25,48,48,24,True,,True,True,True,False,True,True
commentary:087__Charlie_Marie:26:31:h5,commentary,087__Charlie_Marie,26,5,31,Assert / Elaborate,raw_history_different_episode_assumptions_b256,raw_history_different_episode_assumptions,256,306.0,whitespace_v1,5,3,34,12,5,70,True,"[""full"", ""assumption_eligible"", ""dense_explicit"", ""complete_case""]",0.5,0.0,25,48,48,24,True,,True,True,True,False,True,True
commentary:087__Charlie_Marie:26:31:h5,commentary,087__Charlie_Marie,26,5,31,Assert / Elaborate,raw_history_same_episode_random_turn_assumptions_b256,raw_history_same_episode_random_turn_assumptions,256,306.0,whitespace_v1,5,3,34,12,5,70,True,"[""full"", ""assumption_eligible"", ""dense_explicit"", ""complete_case""]",0.5,0.0,25,48,48,24,True,,True,True,True,False,True,True
commentary:087__Charlie_Marie:26:31:h5,commentary,087__Charlie_Marie,26,5,31,Assert / Elaborate,raw_history_explicit_b256,raw_history_explicit,256,306.0,whitespace_v1,5,3,34,12,5,70,True,"[""full"", ""assumption_eligible"", ""dense_explicit"", ""complete_case""]",0.5,0.0,25,48,48,24,True,,True,True,True,False,True,True
commentary:087__Charlie_Marie:27:28:h1,commentary,087__Charlie_Marie,27,1,28,Agree / Align,raw_history_b256,raw_history,256,256.0,whitespace_v1,10,3,34,12,10,223,True,"[""full"", ""assumption_eligible"", ""dense_explicit"", ""complete_case""]",0.5,0.0,25,48,48,24,True,,True,True,True,False,True,True
commentary:087__Charlie_Marie:27:28:h1,commentary,087__Charlie_Marie,27,1,28,Agree / Align,raw_history_true_assumptions_b256,raw_history_true_assumptions,256,287.0,whitespace_v1,10,3,34,12,10,223,True,"[""full"", ""assumption_eligible"", ""dense_explicit"", ""complete_case""]",0.5,0.0,25,48,48,24,True,,True,True,True,False,True,True
commentary:087__Charlie_Marie:27:28:h1,commentary,087__Charlie_Marie,27,1,28,Agree / Align,raw_history_different_episode_assumptions_b256,raw_history_different_episode_assumptions,256,287.0,whitespace_v1,10,3,34,12,10,223,True,"[""full"", ""assumption_eligible"", ""dense_explicit"", ""complete_case""]",0.5,0.0,25,48,48,24,True,,True,True,True,False,True,True
commentary:087__Charlie_Marie:27:28:h1,commentary,087__Charlie_Marie,27,1,28,Agree / Align,raw_history_same_episode_random_turn_assumptions_b256,raw_history_same_episode_random_turn_assumptions,256,287.0,whitespace_v1,10,3,34,12,10,223,True,"[""full"", ""assumption_eligible"", ""dense_explicit"", ""complete_case""]",0.5,0.0,25,48,48,24,True,,True,True,True,False,True,True
commentary:087__Charlie_Marie:27:28:h1,commentary,087__Charlie_Marie,27,1,28,Agree / Align,raw_history_explicit_b256,raw_history_explicit,256,287.0,whitespace_v1,10,3,34,12,10,223,True,"[""full"", ""assumption_eligible"", ""dense_explicit"", ""complete_case""]",0.5,0.0,25,48,48,24,True,,True,True,True,False,True,True
commentary:087__Charlie_Marie:27:30:h3,commentary,087__Charlie_Marie,27,3,30,Assert / Elaborate,raw_history_b256,raw_history,256,256.0,whitespace_v1,10,3,34,12,10,223,True,"[""full"", ""assumption_eligible"", ""dense_explicit"", ""complete_case""]",0.5,0.0,25,48,48,24,True,,True,True,True,False,True,True
commentary:087__Charlie_Marie:27:30:h3,commentary,087__Charlie_Marie,27,3,30,Assert / Elaborate,raw_history_true_assumptions_b256,raw_history_true_assumptions,256,287.0,whitespace_v1,10,3,34,12,10,223,True,"[""full"", ""assumption_eligible"", ""dense_explicit"", ""complete_case""]",0.5,0.0,25,48,48,24,True,,True,True,True,False,True,True
commentary:087__Charlie_Marie:27:30:h3,commentary,087__Charlie_Marie,27,3,30,Assert / Elaborate,raw_history_different_episode_assumptions_b256,raw_history_different_episode_assumptions,256,287.0,whitespace_v1,10,3,34,12,10,223,True,"[""full"", ""assumption_eligible"", ""dense_explicit"", ""complete_case""]",0.5,0.0,25,48,48,24,True,,True,True,True,False,True,True
commentary:087__Charlie_Marie:27:30:h3,commentary,087__Charlie_Marie,27,3,30,Assert / Elaborate,raw_history_same_episode_random_turn_assumptions_b256,raw_history_same_episode_random_turn_assumptions,256,287.0,whitespace_v1,10,3,34,12,10,223,True,"[""full"", ""assumption_eligible"", ""dense_explicit"", ""complete_case""]",0.5,0.0,25,48,48,24,True,,True,True,True,False,True,True
commentary:087__Charlie_Marie:27:30:h3,commentary,087__Charlie_Marie,27,3,30,Assert / Elaborate,raw_history_explicit_b256,raw_history_explicit,256,287.0,whitespace_v1,10,3,34,12,10,223,True,"[""full"", ""assumption_eligible"", ""dense_explicit"", ""complete_case""]",0.5,0.0,25,48,48,24,True,,True,True,True,False,True,True
commentary:087__Charlie_Marie:28:29:h1,commentary,087__Charlie_Marie,28,1,29,Assert / Elaborate,raw_history_b256,raw_history,256,256.0,whitespace_v1,7,3,32,12,5,84,True,"[""full"", ""assumption_eligible"", ""dense_explicit"", ""complete_case""]",0.5208333333333334,0.041666666666666664,25,48,48,24,True,,True,True,True,False,True,True
commentary:087__Charlie_Marie:28:29:h1,commentary,087__Charlie_Marie,28,1,29,Assert / Elaborate,raw_history_true_assumptions_b256,raw_history_true_assumptions,256,289.0,whitespace_v1,7,3,32,12,5,84,True,"[""full"", ""assumption_eligible"", ""dense_explicit"", ""complete_case""]",0.5,0.0,25,48,48,24,True,,True,True,True,False,True,True
commentary:087__Charlie_Marie:28:29:h1,commentary,087__Charlie_Marie,28,1,29,Assert / Elaborate,raw_history_different_episode_assumptions_b256,raw_history_different_episode_assumptions,256,289.0,whitespace_v1,7,3,32,12,5,84,True,"[""full"", ""assumption_eligible"", ""dense_explicit"", ""complete_case""]",0.5,0.0,25,48,48,24,True,,True,True,True,False,True,True
commentary:087__Charlie_Marie:28:29:h1,commentary,087__Charlie_Marie,28,1,29,Assert / Elaborate,raw_history_same_episode_random_turn_assumptions_b256,raw_history_same_episode_random_turn_assumptions,256,289.0,whitespace_v1,7,3,32,12,5,84,True,"[""full"", ""assumption_eligible"", ""dense_explicit"", ""complete_case""]",0.5,0.0,25,48,48,24,True,,True,True,True,False,True,True
commentary:087__Charlie_Marie:28:29:h1,commentary,087__Charlie_Marie,28,1,29,Assert / Elaborate,raw_history_explicit_b256,raw_history_explicit,256,289.0,whitespace_v1,7,3,32,12,5,84,True,"[""full"", ""assumption_eligible"", ""dense_explicit"", ""complete_case""]",0.5208333333333334,0.041666666666666664,25,48,48,24,True,,True,True,True,False,True,True
commentary:087__Charlie_Marie:28:31:h3,commentary,087__Charlie_Marie,28,3,31,Assert / Elaborate,raw_history_b256,raw_history,256,256.0,whitespace_v1,7,3,32,12,5,84,True,"[""full"", ""assumption_eligible"", ""dense_explicit"", ""complete_case""]",0.5,0.0,25,48,48,24,True,,True,True,True,False,True,True
commentary:087__Charlie_Marie:28:31:h3,commentary,087__Charlie_Marie,28,3,31,Assert / Elaborate,raw_history_true_assumptions_b256,raw_history_true_assumptions,256,289.0,whitespace_v1,7,3,32,12,5,84,True,"[""full"", ""assumption_eligible"", ""dense_explicit"", ""complete_case""]",0.5,0.0,25,48,48,24,True,,True,True,True,False,True,True
commentary:087__Charlie_Marie:28:31:h3,commentary,087__Charlie_Marie,28,3,31,Assert / Elaborate,raw_history_different_episode_assumptions_b256,raw_history_different_episode_assumptions,256,289.0,whitespace_v1,7,3,32,12,5,84,True,"[""full"", ""assumption_eligible"", ""dense_explicit"", ""complete_case""]",0.5,0.0,25,48,48,24,True,,True,True,True,False,True,True
commentary:087__Charlie_Marie:28:31:h3,commentary,087__Charlie_Marie,28,3,31,Assert / Elaborate,raw_history_same_episode_random_turn_assumptions_b256,raw_history_same_episode_random_turn_assumptions,256,289.0,whitespace_v1,7,3,32,12,5,84,True,"[""full"", ""assumption_eligible"", ""dense_explicit"", ""complete_case""]",0.5,0.0,25,48,48,24,True,,True,True,True,False,True,True
commentary:087__Charlie_Marie:28:31:h3,commentary,087__Charlie_Marie,28,3,31,Assert / Elaborate,raw_history_explicit_b256,raw_history_explicit,256,289.0,whitespace_v1,7,3,32,12,5,84,True,"[""full"", ""assumption_eligible"", ""dense_explicit"", ""complete_case""]",0.5,0.0,25,48,48,24,True,,True,True,True,False,True,True
commentary:087__Charlie_Marie:29:30:h1,commentary,087__Charlie_Marie,29,1,30,Assert / Elaborate,raw_history_b256,raw_history,256,256.0,whitespace_v1,10,3,32,12,10,504,True,"[""full"", ""assumption_eligible"", ""dense_explicit"", ""complete_case""]",0.5208333333333334,0.041666666666666664,25,48,48,24,True,,True,True,True,False,True,True
commentary:087__Charlie_Marie:29:30:h1,commentary,087__Charlie_Marie,29,1,30,Assert / Elaborate,raw_history_true_assumptions_b256,raw_history_true_assumptions,256,292.0,whitespace_v1,10,3,32,12,10,504,True,"[""full"", ""assumption_eligible"", ""dense_explicit"", ""complete_case""]",0.5,0.0,25,48,48,24,True,,True,True,True,False,True,True
commentary:087__Charlie_Marie:29:30:h1,commentary,087__Charlie_Marie,29,1,30,Assert / Elaborate,raw_history_different_episode_assumptions_b256,raw_history_different_episode_assumptions,256,292.0,whitespace_v1,10,3,32,12,10,504,True,"[""full"", ""assumption_eligible"", ""dense_explicit"", ""complete_case""]",0.5,0.0,25,48,48,24,True,,True,True,True,False,True,True
commentary:087__Charlie_Marie:29:30:h1,commentary,087__Charlie_Marie,29,1,30,Assert / Elaborate,raw_history_same_episode_random_turn_assumptions_b256,raw_history_same_episode_random_turn_assumptions,256,292.0,whitespace_v1,10,3,32,12,10,504,True,"[""full"", ""assumption_eligible"", ""dense_explicit"", ""complete_case""]",0.5,0.0,25,48,48,24,True,,True,True,True,False,True,True
commentary:087__Charlie_Marie:29:30:h1,commentary,087__Charlie_Marie,29,1,30,Assert / Elaborate,raw_history_explicit_b256,raw_history_explicit,256,292.0,whitespace_v1,10,3,32,12,10,504,True,"[""full"", ""assumption_eligible"", ""dense_explicit"", ""complete_case""]",0.5,0.0,25,48,48,24,True,,True,True,True,False,True,True
commentary:087__Charlie_Marie:30:31:h1,commentary,087__Charlie_Marie,30,1,31,Assert / Elaborate,raw_history_b256,raw_history,256,256.0,whitespace_v1,5,3,32,12,5,105,True,"[""full"", ""assumption_eligible"", ""dense_explicit"", ""complete_case""]",0.6666666666666666,0.3333333333333333,25,48,48,24,True,,True,True,True,False,True,True
commentary:087__Charlie_Marie:30:31:h1,commentary,087__Charlie_Marie,30,1,31,Assert / Elaborate,raw_history_true_assumptions_b256,raw_history_true_assumptions,256,287.0,whitespace_v1,5,3,32,12,5,105,True,"[""full"", ""assumption_eligible"", ""dense_explicit"", ""complete_case""]",0.6041666666666666,0.20833333333333334,25,48,48,24,True,,True,True,True,False,True,True
commentary:087__Charlie_Marie:30:31:h1,commentary,087__Charlie_Marie,30,1,31,Assert / Elaborate,raw_history_different_episode_assumptions_b256,raw_history_different_episode_assumptions,256,287.0,whitespace_v1,5,3,32,12,5,105,True,"[""full"", ""assumption_eligible"", ""dense_explicit"", ""complete_case""]",0.5,0.0,25,48,48,24,True,,True,True,True,False,True,True
commentary:087__Charlie_Marie:30:31:h1,commentary,087__Charlie_Marie,30,1,31,Assert / Elaborate,raw_history_same_episode_random_turn_assumptions_b256,raw_history_same_episode_random_turn_assumptions,256,287.0,whitespace_v1,5,3,32,12,5,105,True,"[""full"", ""assumption_eligible"", ""dense_explicit"", ""complete_case""]",0.5833333333333334,0.16666666666666666,25,48,48,24,True,,True,True,True,False,True,True
commentary:087__Charlie_Marie:30:31:h1,commentary,087__Charlie_Marie,30,1,31,Assert / Elaborate,raw_history_explicit_b256,raw_history_explicit,256,287.0,whitespace_v1,5,3,32,12,5,105,True,"[""full"", ""assumption_eligible"", ""dense_explicit"", ""complete_case""]",0.625,0.25,25,48,48,24,True,,True,True,True,False,True,True
commentary:087__Charlie_Marie:34:35:h1,commentary,087__Charlie_Marie,34,1,35,Assert / Elaborate,raw_history_b256,raw_history,256,256.0,whitespace_v1,4,3,34,12,5,60,True,"[""full"", ""assumption_eligible"", ""sparse_explicit"", ""complete_case""]",0.5416666666666666,0.08333333333333333,25,48,48,24,True,,True,True,True,True,False,True
commentary:087__Charlie_Marie:34:35:h1,commentary,087__Charlie_Marie,34,1,35,Assert / Elaborate,raw_history_true_assumptions_b256,raw_history_true_assumptions,256,291.0,whitespace_v1,4,3,34,12,5,60,True,"[""full"", ""assumption_eligible"", ""sparse_explicit"", ""complete_case""]",0.5208333333333334,0.041666666666666664,25,48,48,24,True,,True,True,True,True,False,True
commentary:087__Charlie_Marie:34:35:h1,commentary,087__Charlie_Marie,34,1,35,Assert / Elaborate,raw_history_different_episode_assumptions_b256,raw_history_different_episode_assumptions,256,291.0,whitespace_v1,4,3,34,12,5,60,True,"[""full"", ""assumption_eligible"", ""sparse_explicit"", ""complete_case""]",0.5208333333333334,0.041666666666666664,25,48,48,24,True,,True,True,True,True,False,True
commentary:087__Charlie_Marie:34:35:h1,commentary,087__Charlie_Marie,34,1,35,Assert / Elaborate,raw_history_same_episode_random_turn_assumptions_b256,raw_history_same_episode_random_turn_assumptions,256,291.0,whitespace_v1,4,3,34,12,5,60,True,"[""full"", ""assumption_eligible"", ""sparse_explicit"", ""complete_case""]",0.5208333333333334,0.041666666666666664,25,48,48,24,True,,True,True,True,True,False,True
commentary:087__Charlie_Marie:34:35:h1,commentary,087__Charlie_Marie,34,1,35,Assert / Elaborate,raw_history_explicit_b256,raw_history_explicit,256,291.0,whitespace_v1,4,3,34,12,5,60,True,"[""full"", ""assumption_eligible"", ""sparse_explicit"", ""complete_case""]",0.5208333333333334,0.041666666666666664,25,48,48,24,True,,True,True,True,True,False,True
commentary:087__Charlie_Marie:34:37:h3,commentary,087__Charlie_Marie,34,3,37,Assert / Elaborate,raw_history_b256,raw_history,256,256.0,whitespace_v1,4,3,34,12,5,60,True,"[""full"", ""assumption_eligible"", ""sparse_explicit"", ""complete_case""]",0.5,0.0,25,48,48,24,True,,True,True,True,True,False,True
commentary:087__Charlie_Marie:34:37:h3,commentary,087__Charlie_Marie,34,3,37,Assert / Elaborate,raw_history_true_assumptions_b256,raw_history_true_assumptions,256,291.0,whitespace_v1,4,3,34,12,5,60,True,"[""full"", ""assumption_eligible"", ""sparse_explicit"", ""complete_case""]",0.5,0.0,25,48,48,24,True,,True,True,True,True,False,True
commentary:087__Charlie_Marie:34:37:h3,commentary,087__Charlie_Marie,34,3,37,Assert / Elaborate,raw_history_different_episode_assumptions_b256,raw_history_different_episode_assumptions,256,291.0,whitespace_v1,4,3,34,12,5,60,True,"[""full"", ""assumption_eligible"", ""sparse_explicit"", ""complete_case""]",0.5,0.0,25,48,48,24,True,,True,True,True,True,False,True
commentary:087__Charlie_Marie:34:37:h3,commentary,087__Charlie_Marie,34,3,37,Assert / Elaborate,raw_history_same_episode_random_turn_assumptions_b256,raw_history_same_episode_random_turn_assumptions,256,291.0,whitespace_v1,4,3,34,12,5,60,True,"[""full"", ""assumption_eligible"", ""sparse_explicit"", ""complete_case""]",0.5,0.0,25,48,48,24,True,,True,True,True,True,False,True
commentary:087__Charlie_Marie:34:37:h3,commentary,087__Charlie_Marie,34,3,37,Assert / Elaborate,raw_history_explicit_b256,raw_history_explicit,256,291.0,whitespace_v1,4,3,34,12,5,60,True,"[""full"", ""assumption_eligible"", ""sparse_explicit"", ""complete_case""]",0.5,0.0,25,48,48,24,True,,True,True,True,True,False,True
commentary:087__Charlie_Marie:35:36:h1,commentary,087__Charlie_Marie,35,1,36,Assert / Elaborate,raw_history_b256,raw_history,256,256.0,whitespace_v1,10,3,34,12,10,465,True,"[""full"", ""assumption_eligible"", ""dense_explicit"", ""complete_case""]",0.5208333333333334,0.041666666666666664,25,48,48,24,True,,True,True,True,False,True,True
commentary:087__Charlie_Marie:35:36:h1,commentary,087__Charlie_Marie,35,1,36,Assert / Elaborate,raw_history_true_assumptions_b256,raw_history_true_assumptions,256,297.0,whitespace_v1,10,3,34,12,10,465,True,"[""full"", ""assumption_eligible"", ""dense_explicit"", ""complete_case""]",0.5,0.0,25,48,48,24,True,,True,True,True,False,True,True
commentary:087__Charlie_Marie:35:36:h1,commentary,087__Charlie_Marie,35,1,36,Assert / Elaborate,raw_history_different_episode_assumptions_b256,raw_history_different_episode_assumptions,256,297.0,whitespace_v1,10,3,34,12,10,465,True,"[""full"", ""assumption_eligible"", ""dense_explicit"", ""complete_case""]",0.5,0.0,25,48,48,24,True,,True,True,True,False,True,True
commentary:087__Charlie_Marie:35:36:h1,commentary,087__Charlie_Marie,35,1,36,Assert / Elaborate,raw_history_same_episode_random_turn_assumptions_b256,raw_history_same_episode_random_turn_assumptions,256,297.0,whitespace_v1,10,3,34,12,10,465,True,"[""full"", ""assumption_eligible"", ""dense_explicit"", ""complete_case""]",0.5,0.0,25,48,48,24,True,,True,True,True,False,True,True
commentary:087__Charlie_Marie:35:36:h1,commentary,087__Charlie_Marie,35,1,36,Assert / Elaborate,raw_history_explicit_b256,raw_history_explicit,256,297.0,whitespace_v1,10,3,34,12,10,465,True,"[""full"", ""assumption_eligible"", ""dense_explicit"", ""complete_case""]",0.5,0.0,25,48,48,24,True,,True,True,True,False,True,True
commentary:087__Charlie_Marie:35:38:h3,commentary,087__Charlie_Marie,35,3,38,Assert / Elaborate,raw_history_b256,raw_history,256,256.0,whitespace_v1,10,3,34,12,10,465,True,"[""full"", ""assumption_eligible"", ""dense_explicit"", ""complete_case""]",0.5,0.0,25,48,48,24,True,,True,True,True,False,True,True
commentary:087__Charlie_Marie:35:38:h3,commentary,087__Charlie_Marie,35,3,38,Assert / Elaborate,raw_history_true_assumptions_b256,raw_history_true_assumptions,256,297.0,whitespace_v1,10,3,34,12,10,465,True,"[""full"", ""assumption_eligible"", ""dense_explicit"", ""complete_case""]",0.5,0.0,25,48,48,24,True,,True,True,True,False,True,True
commentary:087__Charlie_Marie:35:38:h3,commentary,087__Charlie_Marie,35,3,38,Assert / Elaborate,raw_history_different_episode_assumptions_b256,raw_history_different_episode_assumptions,256,297.0,whitespace_v1,10,3,34,12,10,465,True,"[""full"", ""assumption_eligible"", ""dense_explicit"", ""complete_case""]",0.5,0.0,25,48,48,24,True,,True,True,True,False,True,True
commentary:087__Charlie_Marie:35:38:h3,commentary,087__Charlie_Marie,35,3,38,Assert / Elaborate,raw_history_same_episode_random_turn_assumptions_b256,raw_history_same_episode_random_turn_assumptions,256,297.0,whitespace_v1,10,3,34,12,10,465,True,"[""full"", ""assumption_eligible"", ""dense_explicit"", ""complete_case""]",0.5,0.0,25,48,48,24,True,,True,True,True,False,True,True
commentary:087__Charlie_Marie:35:38:h3,commentary,087__Charlie_Marie,35,3,38,Assert / Elaborate,raw_history_explicit_b256,raw_history_explicit,256,297.0,whitespace_v1,10,3,34,12,10,465,True,"[""full"", ""assumption_eligible"", ""dense_explicit"", ""complete_case""]",0.5,0.0,25,48,48,24,True,,True,True,True,False,True,True
commentary:087__Charlie_Marie:36:37:h1,commentary,087__Charlie_Marie,36,1,37,Assert / Elaborate,raw_history_b256,raw_history,256,256.0,whitespace_v1,8,3,32,12,7,288,True,"[""full"", ""assumption_eligible"", ""dense_explicit"", ""complete_case""]",0.5,0.0,25,48,48,24,True,,True,True,True,False,True,True
commentary:087__Charlie_Marie:36:37:h1,commentary,087__Charlie_Marie,36,1,37,Assert / Elaborate,raw_history_true_assumptions_b256,raw_history_true_assumptions,256,290.0,whitespace_v1,8,3,32,12,7,288,True,"[""full"", ""assumption_eligible"", ""dense_explicit"", ""complete_case""]",0.5,0.0,25,48,48,24,True,,True,True,True,False,True,True
commentary:087__Charlie_Marie:36:37:h1,commentary,087__Charlie_Marie,36,1,37,Assert / Elaborate,raw_history_different_episode_assumptions_b256,raw_history_different_episode_assumptions,256,290.0,whitespace_v1,8,3,32,12,7,288,True,"[""full"", ""assumption_eligible"", ""dense_explicit"", ""complete_case""]",0.5,0.0,25,48,48,24,True,,True,True,True,False,True,True
commentary:087__Charlie_Marie:36:37:h1,commentary,087__Charlie_Marie,36,1,37,Assert / Elaborate,raw_history_same_episode_random_turn_assumptions_b256,raw_history_same_episode_random_turn_assumptions,256,290.0,whitespace_v1,8,3,32,12,7,288,True,"[""full"", ""assumption_eligible"", ""dense_explicit"", ""complete_case""]",0.5,0.0,25,48,48,24,True,,True,True,True,False,True,True
commentary:087__Charlie_Marie:36:37:h1,commentary,087__Charlie_Marie,36,1,37,Assert / Elaborate,raw_history_explicit_b256,raw_history_explicit,256,290.0,whitespace_v1,8,3,32,12,7,288,True,"[""full"", ""assumption_eligible"", ""dense_explicit"", ""complete_case""]",0.5416666666666666,0.08333333333333333,25,48,48,24,True,,True,True,True,False,True,True
commentary:087__Charlie_Marie:37:38:h1,commentary,087__Charlie_Marie,37,1,38,Assert / Elaborate,raw_history_b256,raw_history,256,256.0,whitespace_v1,5,3,27,12,6,183,True,"[""full"", ""assumption_eligible"", ""dense_explicit"", ""complete_case""]",0.5,0.0,25,48,48,24,True,,True,True,True,False,True,True
commentary:087__Charlie_Marie:37:38:h1,commentary,087__Charlie_Marie,37,1,38,Assert / Elaborate,raw_history_true_assumptions_b256,raw_history_true_assumptions,256,288.0,whitespace_v1,5,3,27,12,6,183,True,"[""full"", ""assumption_eligible"", ""dense_explicit"", ""complete_case""]",0.5,0.0,25,48,48,24,True,,True,True,True,False,True,True
commentary:087__Charlie_Marie:37:38:h1,commentary,087__Charlie_Marie,37,1,38,Assert / Elaborate,raw_history_different_episode_assumptions_b256,raw_history_different_episode_assumptions,256,288.0,whitespace_v1,5,3,27,12,6,183,True,"[""full"", ""assumption_eligible"", ""dense_explicit"", ""complete_case""]",0.5,0.0,25,48,48,24,True,,True,True,True,False,True,True
commentary:087__Charlie_Marie:37:38:h1,commentary,087__Charlie_Marie,37,1,38,Assert / Elaborate,raw_history_same_episode_random_turn_assumptions_b256,raw_history_same_episode_random_turn_assumptions,256,288.0,whitespace_v1,5,3,27,12,6,183,True,"[""full"", ""assumption_eligible"", ""dense_explicit"", ""complete_case""]",0.5,0.0,25,48,48,24,True,,True,True,True,False,True,True
commentary:087__Charlie_Marie:37:38:h1,commentary,087__Charlie_Marie,37,1,38,Assert / Elaborate,raw_history_explicit_b256,raw_history_explicit,256,288.0,whitespace_v1,5,3,27,12,6,183,True,"[""full"", ""assumption_eligible"", ""dense_explicit"", ""complete_case""]",0.5208333333333334,0.041666666666666664,25,48,48,24,True,,True,True,True,False,True,True
commentary:087__Charlie_Marie:39:40:h1,commentary,087__Charlie_Marie,39,1,40,Assert / Elaborate,raw_history_b256,raw_history,256,256.0,whitespace_v1,10,3,28,12,10,153,True,"[""full"", ""assumption_eligible"", ""dense_explicit"", ""complete_case""]",0.5,0.0,25,48,48,24,True,,True,True,True,False,True,True
commentary:087__Charlie_Marie:39:40:h1,commentary,087__Charlie_Marie,39,1,40,Assert / Elaborate,raw_history_true_assumptions_b256,raw_history_true_assumptions,256,280.0,whitespace_v1,10,3,28,12,10,153,True,"[""full"", ""assumption_eligible"", ""dense_explicit"", ""complete_case""]",0.5208333333333334,0.041666666666666664,25,48,48,24,True,,True,True,True,False,True,True
commentary:087__Charlie_Marie:39:40:h1,commentary,087__Charlie_Marie,39,1,40,Assert / Elaborate,raw_history_different_episode_assumptions_b256,raw_history_different_episode_assumptions,256,280.0,whitespace_v1,10,3,28,12,10,153,True,"[""full"", ""assumption_eligible"", ""dense_explicit"", ""complete_case""]",0.5,0.0,25,48,48,24,True,,True,True,True,False,True,True
commentary:087__Charlie_Marie:39:40:h1,commentary,087__Charlie_Marie,39,1,40,Assert / Elaborate,raw_history_same_episode_random_turn_assumptions_b256,raw_history_same_episode_random_turn_assumptions,256,280.0,whitespace_v1,10,3,28,12,10,153,True,"[""full"", ""assumption_eligible"", ""dense_explicit"", ""complete_case""]",0.5,0.0,25,48,48,24,True,,True,True,True,False,True,True
commentary:087__Charlie_Marie:39:40:h1,commentary,087__Charlie_Marie,39,1,40,Assert / Elaborate,raw_history_explicit_b256,raw_history_explicit,256,280.0,whitespace_v1,10,3,28,12,10,153,True,"[""full"", ""assumption_eligible"", ""dense_explicit"", ""complete_case""]",0.5,0.0,25,48,48,24,True,,True,True,True,False,True,True
commentary:087__Charlie_Marie:41:42:h1,commentary,087__Charlie_Marie,41,1,42,Assert / Elaborate,raw_history_b256,raw_history,256,256.0,whitespace_v1,10,3,32,12,10,197,True,"[""full"", ""assumption_eligible"", ""dense_explicit"", ""complete_case""]",0.5416666666666666,0.08333333333333333,25,48,48,24,True,,True,True,True,False,True,True
commentary:087__Charlie_Marie:41:42:h1,commentary,087__Charlie_Marie,41,1,42,Assert / Elaborate,raw_history_true_assumptions_b256,raw_history_true_assumptions,256,296.0,whitespace_v1,10,3,32,12,10,197,True,"[""full"", ""assumption_eligible"", ""dense_explicit"", ""complete_case""]",0.5416666666666666,0.08333333333333333,25,48,48,24,True,,True,True,True,False,True,True
commentary:087__Charlie_Marie:41:42:h1,commentary,087__Charlie_Marie,41,1,42,Assert / Elaborate,raw_history_different_episode_assumptions_b256,raw_history_different_episode_assumptions,256,296.0,whitespace_v1,10,3,32,12,10,197,True,"[""full"", ""assumption_eligible"", ""dense_explicit"", ""complete_case""]",0.5,0.0,25,48,48,24,True,,True,True,True,False,True,True
commentary:087__Charlie_Marie:41:42:h1,commentary,087__Charlie_Marie,41,1,42,Assert / Elaborate,raw_history_same_episode_random_turn_assumptions_b256,raw_history_same_episode_random_turn_assumptions,256,296.0,whitespace_v1,10,3,32,12,10,197,True,"[""full"", ""assumption_eligible"", ""dense_explicit"", ""complete_case""]",0.5625,0.125,25,48,48,24,True,,True,True,True,False,True,True
commentary:087__Charlie_Marie:41:42:h1,commentary,087__Charlie_Marie,41,1,42,Assert / Elaborate,raw_history_explicit_b256,raw_history_explicit,256,296.0,whitespace_v1,10,3,32,12,10,197,True,"[""full"", ""assumption_eligible"", ""dense_explicit"", ""complete_case""]",0.6458333333333334,0.2916666666666667,25,48,48,24,True,,True,True,True,False,True,True
commentary:087__Charlie_Marie:42:43:h1,commentary,087__Charlie_Marie,42,1,43,Agree / Align,raw_history_b256,raw_history,256,256.0,whitespace_v1,5,3,32,12,5,132,True,"[""full"", ""assumption_eligible"", ""dense_explicit"", ""complete_case""]",0.5416666666666666,0.08333333333333333,25,48,48,24,True,,True,True,True,False,True,True
commentary:087__Charlie_Marie:42:43:h1,commentary,087__Charlie_Marie,42,1,43,Agree / Align,raw_history_true_assumptions_b256,raw_history_true_assumptions,256,290.0,whitespace_v1,5,3,32,12,5,132,True,"[""full"", ""assumption_eligible"", ""dense_explicit"", ""complete_case""]",0.5,0.0,25,48,48,24,True,,True,True,True,False,True,True
commentary:087__Charlie_Marie:42:43:h1,commentary,087__Charlie_Marie,42,1,43,Agree / Align,raw_history_different_episode_assumptions_b256,raw_history_different_episode_assumptions,256,290.0,whitespace_v1,5,3,32,12,5,132,True,"[""full"", ""assumption_eligible"", ""dense_explicit"", ""complete_case""]",0.5416666666666666,0.08333333333333333,25,48,48,24,True,,True,True,True,False,True,True
commentary:087__Charlie_Marie:42:43:h1,commentary,087__Charlie_Marie,42,1,43,Agree / Align,raw_history_same_episode_random_turn_assumptions_b256,raw_history_same_episode_random_turn_assumptions,256,290.0,whitespace_v1,5,3,32,12,5,132,True,"[""full"", ""assumption_eligible"", ""dense_explicit"", ""complete_case""]",0.5,0.0,25,48,48,24,True,,True,True,True,False,True,True
commentary:087__Charlie_Marie:42:43:h1,commentary,087__Charlie_Marie,42,1,43,Agree / Align,raw_history_explicit_b256,raw_history_explicit,256,290.0,whitespace_v1,5,3,32,12,5,132,True,"[""full"", ""assumption_eligible"", ""dense_explicit"", ""complete_case""]",0.5,0.0,25,48,48,24,True,,True,True,True,False,True,True
commentary:087__Charlie_Marie:45:46:h1,commentary,087__Charlie_Marie,45,1,46,Agree / Align,raw_history_b256,raw_history,256,256.0,whitespace_v1,8,3,30,12,8,286,True,"[""full"", ""assumption_eligible"", ""dense_explicit"", ""complete_case""]",0.5,0.0,25,48,48,24,True,,True,True,True,False,True,True
commentary:087__Charlie_Marie:45:46:h1,commentary,087__Charlie_Marie,45,1,46,Agree / Align,raw_history_true_assumptions_b256,raw_history_true_assumptions,256,287.0,whitespace_v1,8,3,30,12,8,286,True,"[""full"", ""assumption_eligible"", ""dense_explicit"", ""complete_case""]",0.5,0.0,25,48,48,24,True,,True,True,True,False,True,True
commentary:087__Charlie_Marie:45:46:h1,commentary,087__Charlie_Marie,45,1,46,Agree / Align,raw_history_different_episode_assumptions_b256,raw_history_different_episode_assumptions,256,287.0,whitespace_v1,8,3,30,12,8,286,True,"[""full"", ""assumption_eligible"", ""dense_explicit"", ""complete_case""]",0.5,0.0,25,48,48,24,True,,True,True,True,False,True,True
commentary:087__Charlie_Marie:45:46:h1,commentary,087__Charlie_Marie,45,1,46,Agree / Align,raw_history_same_episode_random_turn_assumptions_b256,raw_history_same_episode_random_turn_assumptions,256,287.0,whitespace_v1,8,3,30,12,8,286,True,"[""full"", ""assumption_eligible"", ""dense_explicit"", ""complete_case""]",0.5,0.0,25,48,48,24,True,,True,True,True,False,True,True
commentary:087__Charlie_Marie:45:46:h1,commentary,087__Charlie_Marie,45,1,46,Agree / Align,raw_history_explicit_b256,raw_history_explicit,256,287.0,whitespace_v1,8,3,30,12,8,286,True,"[""full"", ""assumption_eligible"", ""dense_explicit"", ""complete_case""]",0.5,0.0,25,48,48,24,True,,True,True,True,False,True,True
commentary:087__Charlie_Marie:46:47:h1,commentary,087__Charlie_Marie,46,1,47,Assert / Elaborate,raw_history_b256,raw_history,256,256.0,whitespace_v1,3,3,28,12,4,50,True,"[""full"", ""assumption_eligible"", ""sparse_explicit"", ""complete_case""]",0.5,0.0,25,48,48,24,True,,True,True,True,True,False,True
commentary:087__Charlie_Marie:46:47:h1,commentary,087__Charlie_Marie,46,1,47,Assert / Elaborate,raw_history_true_assumptions_b256,raw_history_true_assumptions,256,295.0,whitespace_v1,3,3,28,12,4,50,True,"[""full"", ""assumption_eligible"", ""sparse_explicit"", ""complete_case""]",0.5208333333333334,0.041666666666666664,25,48,48,24,True,,True,True,True,True,False,True
commentary:087__Charlie_Marie:46:47:h1,commentary,087__Charlie_Marie,46,1,47,Assert / Elaborate,raw_history_different_episode_assumptions_b256,raw_history_different_episode_assumptions,256,295.0,whitespace_v1,3,3,28,12,4,50,True,"[""full"", ""assumption_eligible"", ""sparse_explicit"", ""complete_case""]",0.5208333333333334,0.041666666666666664,25,48,48,24,True,,True,True,True,True,False,True
commentary:087__Charlie_Marie:46:47:h1,commentary,087__Charlie_Marie,46,1,47,Assert / Elaborate,raw_history_same_episode_random_turn_assumptions_b256,raw_history_same_episode_random_turn_assumptions,256,295.0,whitespace_v1,3,3,28,12,4,50,True,"[""full"", ""assumption_eligible"", ""sparse_explicit"", ""complete_case""]",0.5,0.0,25,48,48,24,True,,True,True,True,True,False,True
commentary:087__Charlie_Marie:46:47:h1,commentary,087__Charlie_Marie,46,1,47,Assert / Elaborate,raw_history_explicit_b256,raw_history_explicit,256,295.0,whitespace_v1,3,3,28,12,4,50,True,"[""full"", ""assumption_eligible"", ""sparse_explicit"", ""complete_case""]",0.5208333333333334,0.041666666666666664,25,48,48,24,True,,True,True,True,True,False,True
commentary:099__Daniel_Fluitt_of_Thrift_Store_Cowboys:2:3:h1,commentary,099__Daniel_Fluitt_of_Thrift_Store_Cowboys,2,1,3,Assert / Elaborate,raw_history_b256,raw_history,256,256.0,whitespace_v1,7,3,27,9,6,135,True,"[""full"", ""assumption_eligible"", ""dense_explicit""]",0.5208333333333334,0.041666666666666664,25,48,48,24,True,,True,True,True,False,True,False
commentary:099__Daniel_Fluitt_of_Thrift_Store_Cowboys:2:3:h1,commentary,099__Daniel_Fluitt_of_Thrift_Store_Cowboys,2,1,3,Assert / Elaborate,raw_history_true_assumptions_b256,raw_history_true_assumptions,256,291.0,whitespace_v1,7,3,27,9,6,135,True,"[""full"", ""assumption_eligible"", ""dense_explicit""]",0.5208333333333334,0.041666666666666664,25,48,48,24,True,,True,True,True,False,True,False
commentary:099__Daniel_Fluitt_of_Thrift_Store_Cowboys:2:3:h1,commentary,099__Daniel_Fluitt_of_Thrift_Store_Cowboys,2,1,3,Assert / Elaborate,raw_history_different_episode_assumptions_b256,raw_history_different_episode_assumptions,256,291.0,whitespace_v1,7,3,27,9,6,135,True,"[""full"", ""assumption_eligible"", ""dense_explicit""]",0.5,0.0,25,48,48,24,True,,True,True,True,False,True,False
commentary:099__Daniel_Fluitt_of_Thrift_Store_Cowboys:2:3:h1,commentary,099__Daniel_Fluitt_of_Thrift_Store_Cowboys,2,1,3,Assert / Elaborate,raw_history_same_episode_random_turn_assumptions_b256,raw_history_same_episode_random_turn_assumptions,256,,whitespace_v1,7,3,27,9,6,135,True,[],,,25,48,0,0,False,no_length_matched_same_episode_random_turn_donor,True,False,False,False,False,False
commentary:099__Daniel_Fluitt_of_Thrift_Store_Cowboys:2:3:h1,commentary,099__Daniel_Fluitt_of_Thrift_Store_Cowboys,2,1,3,Assert / Elaborate,raw_history_explicit_b256,raw_history_explicit,256,291.0,whitespace_v1,7,3,27,9,6,135,True,"[""full"", ""assumption_eligible"", ""dense_explicit""]",0.5,0.0,25,48,48,24,True,,True,True,True,False,True,False
commentary:099__Daniel_Fluitt_of_Thrift_Store_Cowboys:3:4:h1,commentary,099__Daniel_Fluitt_of_Thrift_Store_Cowboys,3,1,4,Topic Shift,raw_history_b256,raw_history,256,256.0,whitespace_v1,5,3,32,12,5,117,True,"[""full"", ""assumption_eligible"", ""dense_explicit""]",0.16666666666666666,0.75,25,48,48,24,True,,True,True,True,False,True,False
commentary:099__Daniel_Fluitt_of_Thrift_Store_Cowboys:3:4:h1,commentary,099__Daniel_Fluitt_of_Thrift_Store_Cowboys,3,1,4,Topic Shift,raw_history_true_assumptions_b256,raw_history_true_assumptions,256,296.0,whitespace_v1,5,3,32,12,5,117,True,"[""full"", ""assumption_eligible"", ""dense_explicit""]",0.2708333333333333,0.5416666666666666,25,48,48,24,True,,True,True,True,False,True,False
commentary:099__Daniel_Fluitt_of_Thrift_Store_Cowboys:3:4:h1,commentary,099__Daniel_Fluitt_of_Thrift_Store_Cowboys,3,1,4,Topic Shift,raw_history_different_episode_assumptions_b256,raw_history_different_episode_assumptions,256,296.0,whitespace_v1,5,3,32,12,5,117,True,"[""full"", ""assumption_eligible"", ""dense_explicit""]",0.2916666666666667,0.4166666666666667,25,48,48,24,True,,True,True,True,False,True,False
commentary:099__Daniel_Fluitt_of_Thrift_Store_Cowboys:3:4:h1,commentary,099__Daniel_Fluitt_of_Thrift_Store_Cowboys,3,1,4,Topic Shift,raw_history_same_episode_random_turn_assumptions_b256,raw_history_same_episode_random_turn_assumptions,256,,whitespace_v1,5,3,32,12,5,117,True,[],,,25,48,0,0,False,no_length_matched_same_episode_random_turn_donor,True,False,False,False,False,False
commentary:099__Daniel_Fluitt_of_Thrift_Store_Cowboys:3:4:h1,commentary,099__Daniel_Fluitt_of_Thrift_Store_Cowboys,3,1,4,Topic Shift,raw_history_explicit_b256,raw_history_explicit,256,296.0,whitespace_v1,5,3,32,12,5,117,True,"[""full"", ""assumption_eligible"", ""dense_explicit""]",0.3125,0.375,25,48,48,24,True,,True,True,True,False,True,False
commentary:099__Daniel_Fluitt_of_Thrift_Store_Cowboys:6:7:h1,commentary,099__Daniel_Fluitt_of_Thrift_Store_Cowboys,6,1,7,Assert / Elaborate,raw_history_b256,raw_history,256,256.0,whitespace_v1,7,3,32,12,5,66,True,"[""full"", ""assumption_eligible"", ""dense_explicit"", ""complete_case""]",0.5416666666666666,0.08333333333333333,25,48,48,24,True,,True,True,True,False,True,True
commentary:099__Daniel_Fluitt_of_Thrift_Store_Cowboys:6:7:h1,commentary,099__Daniel_Fluitt_of_Thrift_Store_Cowboys,6,1,7,Assert / Elaborate,raw_history_true_assumptions_b256,raw_history_true_assumptions,256,287.0,whitespace_v1,7,3,32,12,5,66,True,"[""full"", ""assumption_eligible"", ""dense_explicit"", ""complete_case""]",0.5833333333333334,0.16666666666666666,25,48,48,24,True,,True,True,True,False,True,True
commentary:099__Daniel_Fluitt_of_Thrift_Store_Cowboys:6:7:h1,commentary,099__Daniel_Fluitt_of_Thrift_Store_Cowboys,6,1,7,Assert / Elaborate,raw_history_different_episode_assumptions_b256,raw_history_different_episode_assumptions,256,287.0,whitespace_v1,7,3,32,12,5,66,True,"[""full"", ""assumption_eligible"", ""dense_explicit"", ""complete_case""]",0.5208333333333334,0.041666666666666664,25,48,48,24,True,,True,True,True,False,True,True
commentary:099__Daniel_Fluitt_of_Thrift_Store_Cowboys:6:7:h1,commentary,099__Daniel_Fluitt_of_Thrift_Store_Cowboys,6,1,7,Assert / Elaborate,raw_history_same_episode_random_turn_assumptions_b256,raw_history_same_episode_random_turn_assumptions,256,287.0,whitespace_v1,7,3,32,12,5,66,True,"[""full"", ""assumption_eligible"", ""dense_explicit"", ""complete_case""]",0.6041666666666666,0.20833333333333334,25,48,48,24,True,,True,True,True,False,True,True
commentary:099__Daniel_Fluitt_of_Thrift_Store_Cowboys:6:7:h1,commentary,099__Daniel_Fluitt_of_Thrift_Store_Cowboys,6,1,7,Assert / Elaborate,raw_history_explicit_b256,raw_history_explicit,256,287.0,whitespace_v1,7,3,32,12,5,66,True,"[""full"", ""assumption_eligible"", ""dense_explicit"", ""complete_case""]",0.5833333333333334,0.16666666666666666,25,48,48,24,True,,True,True,True,False,True,True
commentary:099__Daniel_Fluitt_of_Thrift_Store_Cowboys:9:10:h1,commentary,099__Daniel_Fluitt_of_Thrift_Store_Cowboys,9,1,10,Assert / Elaborate,raw_history_b256,raw_history,256,256.0,whitespace_v1,5,3,28,12,5,78,True,"[""full"", ""assumption_eligible"", ""dense_explicit"", ""complete_case""]",0.5416666666666666,0.08333333333333333,25,48,48,24,True,,True,True,True,False,True,True
commentary:099__Daniel_Fluitt_of_Thrift_Store_Cowboys:9:10:h1,commentary,099__Daniel_Fluitt_of_Thrift_Store_Cowboys,9,1,10,Assert / Elaborate,raw_history_true_assumptions_b256,raw_history_true_assumptions,256,294.0,whitespace_v1,5,3,28,12,5,78,True,"[""full"", ""assumption_eligible"", ""dense_explicit"", ""complete_case""]",0.5416666666666666,0.08333333333333333,25,48,48,24,True,,True,True,True,False,True,True
commentary:099__Daniel_Fluitt_of_Thrift_Store_Cowboys:9:10:h1,commentary,099__Daniel_Fluitt_of_Thrift_Store_Cowboys,9,1,10,Assert / Elaborate,raw_history_different_episode_assumptions_b256,raw_history_different_episode_assumptions,256,294.0,whitespace_v1,5,3,28,12,5,78,True,"[""full"", ""assumption_eligible"", ""dense_explicit"", ""complete_case""]",0.5,0.0,25,48,48,24,True,,True,True,True,False,True,True
commentary:099__Daniel_Fluitt_of_Thrift_Store_Cowboys:9:10:h1,commentary,099__Daniel_Fluitt_of_Thrift_Store_Cowboys,9,1,10,Assert / Elaborate,raw_history_same_episode_random_turn_assumptions_b256,raw_history_same_episode_random_turn_assumptions,256,294.0,whitespace_v1,5,3,28,12,5,78,True,"[""full"", ""assumption_eligible"", ""dense_explicit"", ""complete_case""]",0.5,0.0,25,48,48,24,True,,True,True,True,False,True,True
commentary:099__Daniel_Fluitt_of_Thrift_Store_Cowboys:9:10:h1,commentary,099__Daniel_Fluitt_of_Thrift_Store_Cowboys,9,1,10,Assert / Elaborate,raw_history_explicit_b256,raw_history_explicit,256,294.0,whitespace_v1,5,3,28,12,5,78,True,"[""full"", ""assumption_eligible"", ""dense_explicit"", ""complete_case""]",0.5416666666666666,0.08333333333333333,25,48,48,24,True,,True,True,True,False,True,True
commentary:099__Daniel_Fluitt_of_Thrift_Store_Cowboys:9:12:h3,commentary,099__Daniel_Fluitt_of_Thrift_Store_Cowboys,9,3,12,Assert / Elaborate,raw_history_b256,raw_history,256,256.0,whitespace_v1,5,3,28,12,5,78,True,"[""full"", ""assumption_eligible"", ""dense_explicit"", ""complete_case""]",0.5,0.0,25,48,48,24,True,,True,True,True,False,True,True
commentary:099__Daniel_Fluitt_of_Thrift_Store_Cowboys:9:12:h3,commentary,099__Daniel_Fluitt_of_Thrift_Store_Cowboys,9,3,12,Assert / Elaborate,raw_history_true_assumptions_b256,raw_history_true_assumptions,256,294.0,whitespace_v1,5,3,28,12,5,78,True,"[""full"", ""assumption_eligible"", ""dense_explicit"", ""complete_case""]",0.5,0.0,25,48,48,24,True,,True,True,True,False,True,True
commentary:099__Daniel_Fluitt_of_Thrift_Store_Cowboys:9:12:h3,commentary,099__Daniel_Fluitt_of_Thrift_Store_Cowboys,9,3,12,Assert / Elaborate,raw_history_different_episode_assumptions_b256,raw_history_different_episode_assumptions,256,294.0,whitespace_v1,5,3,28,12,5,78,True,"[""full"", ""assumption_eligible"", ""dense_explicit"", ""complete_case""]",0.5,0.0,25,48,48,24,True,,True,True,True,False,True,True
commentary:099__Daniel_Fluitt_of_Thrift_Store_Cowboys:9:12:h3,commentary,099__Daniel_Fluitt_of_Thrift_Store_Cowboys,9,3,12,Assert / Elaborate,raw_history_same_episode_random_turn_assumptions_b256,raw_history_same_episode_random_turn_assumptions,256,294.0,whitespace_v1,5,3,28,12,5,78,True,"[""full"", ""assumption_eligible"", ""dense_explicit"", ""complete_case""]",0.5,0.0,25,48,48,24,True,,True,True,True,False,True,True
commentary:099__Daniel_Fluitt_of_Thrift_Store_Cowboys:9:12:h3,commentary,099__Daniel_Fluitt_of_Thrift_Store_Cowboys,9,3,12,Assert / Elaborate,raw_history_explicit_b256,raw_history_explicit,256,294.0,whitespace_v1,5,3,28,12,5,78,True,"[""full"", ""assumption_eligible"", ""dense_explicit"", ""complete_case""]",0.5,0.0,25,48,48,24,True,,True,True,True,False,True,True
commentary:099__Daniel_Fluitt_of_Thrift_Store_Cowboys:10:11:h1,commentary,099__Daniel_Fluitt_of_Thrift_Store_Cowboys,10,1,11,Agree / Align,raw_history_b256,raw_history,256,256.0,whitespace_v1,8,3,26,12,5,112,True,"[""full"", ""assumption_eligible"", ""dense_explicit"", ""complete_case""]",0.5625,0.125,25,48,48,24,True,,True,True,True,False,True,True
commentary:099__Daniel_Fluitt_of_Thrift_Store_Cowboys:10:11:h1,commentary,099__Daniel_Fluitt_of_Thrift_Store_Cowboys,10,1,11,Agree / Align,raw_history_true_assumptions_b256,raw_history_true_assumptions,256,295.0,whitespace_v1,8,3,26,12,5,112,True,"[""full"", ""assumption_eligible"", ""dense_explicit"", ""complete_case""]",0.5,0.0,25,48,48,24,True,,True,True,True,False,True,True
commentary:099__Daniel_Fluitt_of_Thrift_Store_Cowboys:10:11:h1,commentary,099__Daniel_Fluitt_of_Thrift_Store_Cowboys,10,1,11,Agree / Align,raw_history_different_episode_assumptions_b256,raw_history_different_episode_assumptions,256,295.0,whitespace_v1,8,3,26,12,5,112,True,"[""full"", ""assumption_eligible"", ""dense_explicit"", ""complete_case""]",0.5208333333333334,0.041666666666666664,25,48,48,24,True,,True,True,True,False,True,True
commentary:099__Daniel_Fluitt_of_Thrift_Store_Cowboys:10:11:h1,commentary,099__Daniel_Fluitt_of_Thrift_Store_Cowboys,10,1,11,Agree / Align,raw_history_same_episode_random_turn_assumptions_b256,raw_history_same_episode_random_turn_assumptions,256,295.0,whitespace_v1,8,3,26,12,5,112,True,"[""full"", ""assumption_eligible"", ""dense_explicit"", ""complete_case""]",0.5208333333333334,0.041666666666666664,25,48,48,24,True,,True,True,True,False,True,True
commentary:099__Daniel_Fluitt_of_Thrift_Store_Cowboys:10:11:h1,commentary,099__Daniel_Fluitt_of_Thrift_Store_Cowboys,10,1,11,Agree / Align,raw_history_explicit_b256,raw_history_explicit,256,295.0,whitespace_v1,8,3,26,12,5,112,True,"[""full"", ""assumption_eligible"", ""dense_explicit"", ""complete_case""]",0.5,0.0,25,48,48,24,True,,True,True,True,False,True,True
commentary:099__Daniel_Fluitt_of_Thrift_Store_Cowboys:11:12:h1,commentary,099__Daniel_Fluitt_of_Thrift_Store_Cowboys,11,1,12,Assert / Elaborate,raw_history_b256,raw_history,256,256.0,whitespace_v1,7,3,26,12,7,83,True,"[""full"", ""assumption_eligible"", ""dense_explicit"", ""complete_case""]",0.5833333333333334,0.16666666666666666,25,48,48,24,True,,True,True,True,False,True,True
commentary:099__Daniel_Fluitt_of_Thrift_Store_Cowboys:11:12:h1,commentary,099__Daniel_Fluitt_of_Thrift_Store_Cowboys,11,1,12,Assert / Elaborate,raw_history_true_assumptions_b256,raw_history_true_assumptions,256,289.0,whitespace_v1,7,3,26,12,7,83,True,"[""full"", ""assumption_eligible"", ""dense_explicit"", ""complete_case""]",0.6041666666666666,0.20833333333333334,25,48,48,24,True,,True,True,True,False,True,True
commentary:099__Daniel_Fluitt_of_Thrift_Store_Cowboys:11:12:h1,commentary,099__Daniel_Fluitt_of_Thrift_Store_Cowboys,11,1,12,Assert / Elaborate,raw_history_different_episode_assumptions_b256,raw_history_different_episode_assumptions,256,289.0,whitespace_v1,7,3,26,12,7,83,True,"[""full"", ""assumption_eligible"", ""dense_explicit"", ""complete_case""]",0.5208333333333334,0.041666666666666664,25,48,48,24,True,,True,True,True,False,True,True
commentary:099__Daniel_Fluitt_of_Thrift_Store_Cowboys:11:12:h1,commentary,099__Daniel_Fluitt_of_Thrift_Store_Cowboys,11,1,12,Assert / Elaborate,raw_history_same_episode_random_turn_assumptions_b256,raw_history_same_episode_random_turn_assumptions,256,289.0,whitespace_v1,7,3,26,12,7,83,True,"[""full"", ""assumption_eligible"", ""dense_explicit"", ""complete_case""]",0.5208333333333334,0.041666666666666664,25,48,48,24,True,,True,True,True,False,True,True
commentary:099__Daniel_Fluitt_of_Thrift_Store_Cowboys:11:12:h1,commentary,099__Daniel_Fluitt_of_Thrift_Store_Cowboys,11,1,12,Assert / Elaborate,raw_history_explicit_b256,raw_history_explicit,256,289.0,whitespace_v1,7,3,26,12,7,83,True,"[""full"", ""assumption_eligible"", ""dense_explicit"", ""complete_case""]",0.5625,0.125,25,48,48,24,True,,True,True,True,False,True,True
commentary:099__Daniel_Fluitt_of_Thrift_Store_Cowboys:14:15:h1,commentary,099__Daniel_Fluitt_of_Thrift_Store_Cowboys,14,1,15,Assert / Elaborate,raw_history_b256,raw_history,256,256.0,whitespace_v1,4,3,28,12,5,62,True,"[""full"", ""assumption_eligible"", ""sparse_explicit"", ""complete_case""]",0.625,0.25,25,48,48,24,True,,True,True,True,True,False,True
commentary:099__Daniel_Fluitt_of_Thrift_Store_Cowboys:14:15:h1,commentary,099__Daniel_Fluitt_of_Thrift_Store_Cowboys,14,1,15,Assert / Elaborate,raw_history_true_assumptions_b256,raw_history_true_assumptions,256,305.0,whitespace_v1,4,3,28,12,5,62,True,"[""full"", ""assumption_eligible"", ""sparse_explicit"", ""complete_case""]",0.6041666666666666,0.20833333333333334,25,48,48,24,True,,True,True,True,True,False,True
commentary:099__Daniel_Fluitt_of_Thrift_Store_Cowboys:14:15:h1,commentary,099__Daniel_Fluitt_of_Thrift_Store_Cowboys,14,1,15,Assert / Elaborate,raw_history_different_episode_assumptions_b256,raw_history_different_episode_assumptions,256,305.0,whitespace_v1,4,3,28,12,5,62,True,"[""full"", ""assumption_eligible"", ""sparse_explicit"", ""complete_case""]",0.5208333333333334,0.041666666666666664,25,48,48,24,True,,True,True,True,True,False,True
commentary:099__Daniel_Fluitt_of_Thrift_Store_Cowboys:14:15:h1,commentary,099__Daniel_Fluitt_of_Thrift_Store_Cowboys,14,1,15,Assert / Elaborate,raw_history_same_episode_random_turn_assumptions_b256,raw_history_same_episode_random_turn_assumptions,256,305.0,whitespace_v1,4,3,28,12,5,62,True,"[""full"", ""assumption_eligible"", ""sparse_explicit"", ""complete_case""]",0.5833333333333334,0.16666666666666666,25,48,48,24,True,,True,True,True,True,False,True
commentary:099__Daniel_Fluitt_of_Thrift_Store_Cowboys:14:15:h1,commentary,099__Daniel_Fluitt_of_Thrift_Store_Cowboys,14,1,15,Assert / Elaborate,raw_history_explicit_b256,raw_history_explicit,256,305.0,whitespace_v1,4,3,28,12,5,62,True,"[""full"", ""assumption_eligible"", ""sparse_explicit"", ""complete_case""]",0.6041666666666666,0.20833333333333334,25,48,48,24,True,,True,True,True,True,False,True
commentary:099__Daniel_Fluitt_of_Thrift_Store_Cowboys:15:16:h1,commentary,099__Daniel_Fluitt_of_Thrift_Store_Cowboys,15,1,16,Assert / Elaborate,raw_history_b256,raw_history,256,256.0,whitespace_v1,4,3,25,12,5,81,True,"[""full"", ""assumption_eligible"", ""sparse_explicit"", ""complete_case""]",0.5833333333333334,0.16666666666666666,25,48,48,24,True,,True,True,True,True,False,True
commentary:099__Daniel_Fluitt_of_Thrift_Store_Cowboys:15:16:h1,commentary,099__Daniel_Fluitt_of_Thrift_Store_Cowboys,15,1,16,Assert / Elaborate,raw_history_true_assumptions_b256,raw_history_true_assumptions,256,292.0,whitespace_v1,4,3,25,12,5,81,True,"[""full"", ""assumption_eligible"", ""sparse_explicit"", ""complete_case""]",0.5,0.0,25,48,48,24,True,,True,True,True,True,False,True
commentary:099__Daniel_Fluitt_of_Thrift_Store_Cowboys:15:16:h1,commentary,099__Daniel_Fluitt_of_Thrift_Store_Cowboys,15,1,16,Assert / Elaborate,raw_history_different_episode_assumptions_b256,raw_history_different_episode_assumptions,256,292.0,whitespace_v1,4,3,25,12,5,81,True,"[""full"", ""assumption_eligible"", ""sparse_explicit"", ""complete_case""]",0.5208333333333334,0.041666666666666664,25,48,48,24,True,,True,True,True,True,False,True
commentary:099__Daniel_Fluitt_of_Thrift_Store_Cowboys:15:16:h1,commentary,099__Daniel_Fluitt_of_Thrift_Store_Cowboys,15,1,16,Assert / Elaborate,raw_history_same_episode_random_turn_assumptions_b256,raw_history_same_episode_random_turn_assumptions,256,292.0,whitespace_v1,4,3,25,12,5,81,True,"[""full"", ""assumption_eligible"", ""sparse_explicit"", ""complete_case""]",0.5208333333333334,0.041666666666666664,25,48,48,24,True,,True,True,True,True,False,True
commentary:099__Daniel_Fluitt_of_Thrift_Store_Cowboys:15:16:h1,commentary,099__Daniel_Fluitt_of_Thrift_Store_Cowboys,15,1,16,Assert / Elaborate,raw_history_explicit_b256,raw_history_explicit,256,292.0,whitespace_v1,4,3,25,12,5,81,True,"[""full"", ""assumption_eligible"", ""sparse_explicit"", ""complete_case""]",0.5416666666666666,0.08333333333333333,25,48,48,24,True,,True,True,True,True,False,True
commentary:099__Daniel_Fluitt_of_Thrift_Store_Cowboys:20:21:h1,commentary,099__Daniel_Fluitt_of_Thrift_Store_Cowboys,20,1,21,Agree / Align,raw_history_b256,raw_history,256,256.0,whitespace_v1,8,3,33,12,7,174,True,"[""full"", ""assumption_eligible"", ""dense_explicit"", ""complete_case""]",0.5625,0.125,25,48,48,24,True,,True,True,True,False,True,True
commentary:099__Daniel_Fluitt_of_Thrift_Store_Cowboys:20:21:h1,commentary,099__Daniel_Fluitt_of_Thrift_Store_Cowboys,20,1,21,Agree / Align,raw_history_true_assumptions_b256,raw_history_true_assumptions,256,296.0,whitespace_v1,8,3,33,12,7,174,True,"[""full"", ""assumption_eligible"", ""dense_explicit"", ""complete_case""]",0.5625,0.125,25,48,48,24,True,,True,True,True,False,True,True
commentary:099__Daniel_Fluitt_of_Thrift_Store_Cowboys:20:21:h1,commentary,099__Daniel_Fluitt_of_Thrift_Store_Cowboys,20,1,21,Agree / Align,raw_history_different_episode_assumptions_b256,raw_history_different_episode_assumptions,256,296.0,whitespace_v1,8,3,33,12,7,174,True,"[""full"", ""assumption_eligible"", ""dense_explicit"", ""complete_case""]",0.5208333333333334,0.041666666666666664,25,48,48,24,True,,True,True,True,False,True,True
commentary:099__Daniel_Fluitt_of_Thrift_Store_Cowboys:20:21:h1,commentary,099__Daniel_Fluitt_of_Thrift_Store_Cowboys,20,1,21,Agree / Align,raw_history_same_episode_random_turn_assumptions_b256,raw_history_same_episode_random_turn_assumptions,256,296.0,whitespace_v1,8,3,33,12,7,174,True,"[""full"", ""assumption_eligible"", ""dense_explicit"", ""complete_case""]",0.5625,0.125,25,48,48,24,True,,True,True,True,False,True,True
commentary:099__Daniel_Fluitt_of_Thrift_Store_Cowboys:20:21:h1,commentary,099__Daniel_Fluitt_of_Thrift_Store_Cowboys,20,1,21,Agree / Align,raw_history_explicit_b256,raw_history_explicit,256,296.0,whitespace_v1,8,3,33,12,7,174,True,"[""full"", ""assumption_eligible"", ""dense_explicit"", ""complete_case""]",0.5625,0.125,25,48,48,24,True,,True,True,True,False,True,True
commentary:099__Daniel_Fluitt_of_Thrift_Store_Cowboys:21:22:h1,commentary,099__Daniel_Fluitt_of_Thrift_Store_Cowboys,21,1,22,Clarification Request (Specific),raw_history_b256,raw_history,256,256.0,whitespace_v1,8,3,31,12,5,197,True,"[""full"", ""assumption_eligible"", ""dense_explicit"", ""complete_case""]",0.5208333333333334,0.041666666666666664,25,48,48,24,True,,True,True,True,False,True,True
commentary:099__Daniel_Fluitt_of_Thrift_Store_Cowboys:21:22:h1,commentary,099__Daniel_Fluitt_of_Thrift_Store_Cowboys,21,1,22,Clarification Request (Specific),raw_history_true_assumptions_b256,raw_history_true_assumptions,256,291.0,whitespace_v1,8,3,31,12,5,197,True,"[""full"", ""assumption_eligible"", ""dense_explicit"", ""complete_case""]",0.5208333333333334,0.041666666666666664,25,48,48,24,True,,True,True,True,False,True,True
commentary:099__Daniel_Fluitt_of_Thrift_Store_Cowboys:21:22:h1,commentary,099__Daniel_Fluitt_of_Thrift_Store_Cowboys,21,1,22,Clarification Request (Specific),raw_history_different_episode_assumptions_b256,raw_history_different_episode_assumptions,256,291.0,whitespace_v1,8,3,31,12,5,197,True,"[""full"", ""assumption_eligible"", ""dense_explicit"", ""complete_case""]",0.5,0.0,25,48,48,24,True,,True,True,True,False,True,True
commentary:099__Daniel_Fluitt_of_Thrift_Store_Cowboys:21:22:h1,commentary,099__Daniel_Fluitt_of_Thrift_Store_Cowboys,21,1,22,Clarification Request (Specific),raw_history_same_episode_random_turn_assumptions_b256,raw_history_same_episode_random_turn_assumptions,256,291.0,whitespace_v1,8,3,31,12,5,197,True,"[""full"", ""assumption_eligible"", ""dense_explicit"", ""complete_case""]",0.5,0.0,25,48,48,24,True,,True,True,True,False,True,True
commentary:099__Daniel_Fluitt_of_Thrift_Store_Cowboys:21:22:h1,commentary,099__Daniel_Fluitt_of_Thrift_Store_Cowboys,21,1,22,Clarification Request (Specific),raw_history_explicit_b256,raw_history_explicit,256,291.0,whitespace_v1,8,3,31,12,5,197,True,"[""full"", ""assumption_eligible"", ""dense_explicit"", ""complete_case""]",0.5,0.0,25,48,48,24,True,,True,True,True,False,True,True
commentary:099__Daniel_Fluitt_of_Thrift_Store_Cowboys:29:30:h1,commentary,099__Daniel_Fluitt_of_Thrift_Store_Cowboys,29,1,30,Assert / Elaborate,raw_history_b256,raw_history,256,256.0,whitespace_v1,10,3,35,12,10,764,True,"[""full"", ""assumption_eligible"", ""dense_explicit"", ""complete_case""]",0.5,0.0,25,48,48,24,True,,True,True,True,False,True,True
commentary:099__Daniel_Fluitt_of_Thrift_Store_Cowboys:29:30:h1,commentary,099__Daniel_Fluitt_of_Thrift_Store_Cowboys,29,1,30,Assert / Elaborate,raw_history_true_assumptions_b256,raw_history_true_assumptions,256,293.0,whitespace_v1,10,3,35,12,10,764,True,"[""full"", ""assumption_eligible"", ""dense_explicit"", ""complete_case""]",0.5208333333333334,0.041666666666666664,25,48,48,24,True,,True,True,True,False,True,True
commentary:099__Daniel_Fluitt_of_Thrift_Store_Cowboys:29:30:h1,commentary,099__Daniel_Fluitt_of_Thrift_Store_Cowboys,29,1,30,Assert / Elaborate,raw_history_different_episode_assumptions_b256,raw_history_different_episode_assumptions,256,293.0,whitespace_v1,10,3,35,12,10,764,True,"[""full"", ""assumption_eligible"", ""dense_explicit"", ""complete_case""]",0.5,0.0,25,48,48,24,True,,True,True,True,False,True,True
commentary:099__Daniel_Fluitt_of_Thrift_Store_Cowboys:29:30:h1,commentary,099__Daniel_Fluitt_of_Thrift_Store_Cowboys,29,1,30,Assert / Elaborate,raw_history_same_episode_random_turn_assumptions_b256,raw_history_same_episode_random_turn_assumptions,256,293.0,whitespace_v1,10,3,35,12,10,764,True,"[""full"", ""assumption_eligible"", ""dense_explicit"", ""complete_case""]",0.5,0.0,25,48,48,24,True,,True,True,True,False,True,True
commentary:099__Daniel_Fluitt_of_Thrift_Store_Cowboys:29:30:h1,commentary,099__Daniel_Fluitt_of_Thrift_Store_Cowboys,29,1,30,Assert / Elaborate,raw_history_explicit_b256,raw_history_explicit,256,293.0,whitespace_v1,10,3,35,12,10,764,True,"[""full"", ""assumption_eligible"", ""dense_explicit"", ""complete_case""]",0.5,0.0,25,48,48,24,True,,True,True,True,False,True,True
commentary:099__Daniel_Fluitt_of_Thrift_Store_Cowboys:32:33:h1,commentary,099__Daniel_Fluitt_of_Thrift_Store_Cowboys,32,1,33,Assert / Elaborate,raw_history_b256,raw_history,256,256.0,whitespace_v1,5,3,29,12,5,127,True,"[""full"", ""assumption_eligible"", ""dense_explicit"", ""complete_case""]",0.5208333333333334,0.041666666666666664,25,48,48,24,True,,True,True,True,False,True,True
commentary:099__Daniel_Fluitt_of_Thrift_Store_Cowboys:32:33:h1,commentary,099__Daniel_Fluitt_of_Thrift_Store_Cowboys,32,1,33,Assert / Elaborate,raw_history_true_assumptions_b256,raw_history_true_assumptions,256,294.0,whitespace_v1,5,3,29,12,5,127,True,"[""full"", ""assumption_eligible"", ""dense_explicit"", ""complete_case""]",0.5625,0.125,25,48,48,24,True,,True,True,True,False,True,True
commentary:099__Daniel_Fluitt_of_Thrift_Store_Cowboys:32:33:h1,commentary,099__Daniel_Fluitt_of_Thrift_Store_Cowboys,32,1,33,Assert / Elaborate,raw_history_different_episode_assumptions_b256,raw_history_different_episode_assumptions,256,294.0,whitespace_v1,5,3,29,12,5,127,True,"[""full"", ""assumption_eligible"", ""dense_explicit"", ""complete_case""]",0.5,0.0,25,48,48,24,True,,True,True,True,False,True,True
commentary:099__Daniel_Fluitt_of_Thrift_Store_Cowboys:32:33:h1,commentary,099__Daniel_Fluitt_of_Thrift_Store_Cowboys,32,1,33,Assert / Elaborate,raw_history_same_episode_random_turn_assumptions_b256,raw_history_same_episode_random_turn_assumptions,256,294.0,whitespace_v1,5,3,29,12,5,127,True,"[""full"", ""assumption_eligible"", ""dense_explicit"", ""complete_case""]",0.5625,0.125,25,48,48,24,True,,True,True,True,False,True,True
commentary:099__Daniel_Fluitt_of_Thrift_Store_Cowboys:32:33:h1,commentary,099__Daniel_Fluitt_of_Thrift_Store_Cowboys,32,1,33,Assert / Elaborate,raw_history_explicit_b256,raw_history_explicit,256,294.0,whitespace_v1,5,3,29,12,5,127,True,"[""full"", ""assumption_eligible"", ""dense_explicit"", ""complete_case""]",0.5416666666666666,0.08333333333333333,25,48,48,24,True,,True,True,True,False,True,True
commentary:099__Daniel_Fluitt_of_Thrift_Store_Cowboys:33:34:h1,commentary,099__Daniel_Fluitt_of_Thrift_Store_Cowboys,33,1,34,Assert / Elaborate,raw_history_b256,raw_history,256,256.0,whitespace_v1,10,3,29,12,10,139,True,"[""full"", ""assumption_eligible"", ""dense_explicit"", ""complete_case""]",0.6041666666666666,0.20833333333333334,25,48,48,24,True,,True,True,True,False,True,True
commentary:099__Daniel_Fluitt_of_Thrift_Store_Cowboys:33:34:h1,commentary,099__Daniel_Fluitt_of_Thrift_Store_Cowboys,33,1,34,Assert / Elaborate,raw_history_true_assumptions_b256,raw_history_true_assumptions,256,295.0,whitespace_v1,10,3,29,12,10,139,True,"[""full"", ""assumption_eligible"", ""dense_explicit"", ""complete_case""]",0.5208333333333334,0.041666666666666664,25,48,48,24,True,,True,True,True,False,True,True
commentary:099__Daniel_Fluitt_of_Thrift_Store_Cowboys:33:34:h1,commentary,099__Daniel_Fluitt_of_Thrift_Store_Cowboys,33,1,34,Assert / Elaborate,raw_history_different_episode_assumptions_b256,raw_history_different_episode_assumptions,256,295.0,whitespace_v1,10,3,29,12,10,139,True,"[""full"", ""assumption_eligible"", ""dense_explicit"", ""complete_case""]",0.5416666666666666,0.08333333333333333,25,48,48,24,True,,True,True,True,False,True,True
commentary:099__Daniel_Fluitt_of_Thrift_Store_Cowboys:33:34:h1,commentary,099__Daniel_Fluitt_of_Thrift_Store_Cowboys,33,1,34,Assert / Elaborate,raw_history_same_episode_random_turn_assumptions_b256,raw_history_same_episode_random_turn_assumptions,256,295.0,whitespace_v1,10,3,29,12,10,139,True,"[""full"", ""assumption_eligible"", ""dense_explicit"", ""complete_case""]",0.5833333333333334,0.16666666666666666,25,48,48,24,True,,True,True,True,False,True,True
commentary:099__Daniel_Fluitt_of_Thrift_Store_Cowboys:33:34:h1,commentary,099__Daniel_Fluitt_of_Thrift_Store_Cowboys,33,1,34,Assert / Elaborate,raw_history_explicit_b256,raw_history_explicit,256,295.0,whitespace_v1,10,3,29,12,10,139,True,"[""full"", ""assumption_eligible"", ""dense_explicit"", ""complete_case""]",0.5208333333333334,0.041666666666666664,25,48,48,24,True,,True,True,True,False,True,True
commentary:099__Daniel_Fluitt_of_Thrift_Store_Cowboys:35:36:h1,commentary,099__Daniel_Fluitt_of_Thrift_Store_Cowboys,35,1,36,Assert / Elaborate,raw_history_b256,raw_history,256,256.0,whitespace_v1,5,3,23,12,5,100,True,"[""full"", ""assumption_eligible"", ""dense_explicit"", ""complete_case""]",0.5208333333333334,0.041666666666666664,25,48,48,24,True,,True,True,True,False,True,True
commentary:099__Daniel_Fluitt_of_Thrift_Store_Cowboys:35:36:h1,commentary,099__Daniel_Fluitt_of_Thrift_Store_Cowboys,35,1,36,Assert / Elaborate,raw_history_true_assumptions_b256,raw_history_true_assumptions,256,295.0,whitespace_v1,5,3,23,12,5,100,True,"[""full"", ""assumption_eligible"", ""dense_explicit"", ""complete_case""]",0.5208333333333334,0.041666666666666664,25,48,48,24,True,,True,True,True,False,True,True
commentary:099__Daniel_Fluitt_of_Thrift_Store_Cowboys:35:36:h1,commentary,099__Daniel_Fluitt_of_Thrift_Store_Cowboys,35,1,36,Assert / Elaborate,raw_history_different_episode_assumptions_b256,raw_history_different_episode_assumptions,256,295.0,whitespace_v1,5,3,23,12,5,100,True,"[""full"", ""assumption_eligible"", ""dense_explicit"", ""complete_case""]",0.5,0.0,25,48,48,24,True,,True,True,True,False,True,True
commentary:099__Daniel_Fluitt_of_Thrift_Store_Cowboys:35:36:h1,commentary,099__Daniel_Fluitt_of_Thrift_Store_Cowboys,35,1,36,Assert / Elaborate,raw_history_same_episode_random_turn_assumptions_b256,raw_history_same_episode_random_turn_assumptions,256,295.0,whitespace_v1,5,3,23,12,5,100,True,"[""full"", ""assumption_eligible"", ""dense_explicit"", ""complete_case""]",0.5208333333333334,0.041666666666666664,25,48,48,24,True,,True,True,True,False,True,True
commentary:099__Daniel_Fluitt_of_Thrift_Store_Cowboys:35:36:h1,commentary,099__Daniel_Fluitt_of_Thrift_Store_Cowboys,35,1,36,Assert / Elaborate,raw_history_explicit_b256,raw_history_explicit,256,295.0,whitespace_v1,5,3,23,12,5,100,True,"[""full"", ""assumption_eligible"", ""dense_explicit"", ""complete_case""]",0.5208333333333334,0.041666666666666664,25,48,48,24,True,,True,True,True,False,True,True
commentary:099__Daniel_Fluitt_of_Thrift_Store_Cowboys:40:41:h1,commentary,099__Daniel_Fluitt_of_Thrift_Store_Cowboys,40,1,41,Agree / Align,raw_history_b256,raw_history,256,256.0,whitespace_v1,7,3,30,12,7,100,True,"[""full"", ""assumption_eligible"", ""dense_explicit"", ""complete_case""]",0.5208333333333334,0.041666666666666664,25,48,48,24,True,,True,True,True,False,True,True
commentary:099__Daniel_Fluitt_of_Thrift_Store_Cowboys:40:41:h1,commentary,099__Daniel_Fluitt_of_Thrift_Store_Cowboys,40,1,41,Agree / Align,raw_history_true_assumptions_b256,raw_history_true_assumptions,256,289.0,whitespace_v1,7,3,30,12,7,100,True,"[""full"", ""assumption_eligible"", ""dense_explicit"", ""complete_case""]",0.5,0.0,25,48,48,24,True,,True,True,True,False,True,True
commentary:099__Daniel_Fluitt_of_Thrift_Store_Cowboys:40:41:h1,commentary,099__Daniel_Fluitt_of_Thrift_Store_Cowboys,40,1,41,Agree / Align,raw_history_different_episode_assumptions_b256,raw_history_different_episode_assumptions,256,289.0,whitespace_v1,7,3,30,12,7,100,True,"[""full"", ""assumption_eligible"", ""dense_explicit"", ""complete_case""]",0.5,0.0,25,48,48,24,True,,True,True,True,False,True,True
commentary:099__Daniel_Fluitt_of_Thrift_Store_Cowboys:40:41:h1,commentary,099__Daniel_Fluitt_of_Thrift_Store_Cowboys,40,1,41,Agree / Align,raw_history_same_episode_random_turn_assumptions_b256,raw_history_same_episode_random_turn_assumptions,256,289.0,whitespace_v1,7,3,30,12,7,100,True,"[""full"", ""assumption_eligible"", ""dense_explicit"", ""complete_case""]",0.5,0.0,25,48,48,24,True,,True,True,True,False,True,True
commentary:099__Daniel_Fluitt_of_Thrift_Store_Cowboys:40:41:h1,commentary,099__Daniel_Fluitt_of_Thrift_Store_Cowboys,40,1,41,Agree / Align,raw_history_explicit_b256,raw_history_explicit,256,289.0,whitespace_v1,7,3,30,12,7,100,True,"[""full"", ""assumption_eligible"", ""dense_explicit"", ""complete_case""]",0.5,0.0,25,48,48,24,True,,True,True,True,False,True,True
commentary:099__Daniel_Fluitt_of_Thrift_Store_Cowboys:40:43:h3,commentary,099__Daniel_Fluitt_of_Thrift_Store_Cowboys,40,3,43,Assert / Elaborate,raw_history_b256,raw_history,256,256.0,whitespace_v1,7,3,30,12,7,100,True,"[""full"", ""assumption_eligible"", ""dense_explicit"", ""complete_case""]",0.5,0.0,25,48,48,24,True,,True,True,True,False,True,True
commentary:099__Daniel_Fluitt_of_Thrift_Store_Cowboys:40:43:h3,commentary,099__Daniel_Fluitt_of_Thrift_Store_Cowboys,40,3,43,Assert / Elaborate,raw_history_true_assumptions_b256,raw_history_true_assumptions,256,289.0,whitespace_v1,7,3,30,12,7,100,True,"[""full"", ""assumption_eligible"", ""dense_explicit"", ""complete_case""]",0.5,0.0,25,48,48,24,True,,True,True,True,False,True,True
commentary:099__Daniel_Fluitt_of_Thrift_Store_Cowboys:40:43:h3,commentary,099__Daniel_Fluitt_of_Thrift_Store_Cowboys,40,3,43,Assert / Elaborate,raw_history_different_episode_assumptions_b256,raw_history_different_episode_assumptions,256,289.0,whitespace_v1,7,3,30,12,7,100,True,"[""full"", ""assumption_eligible"", ""dense_explicit"", ""complete_case""]",0.5,0.0,25,48,48,24,True,,True,True,True,False,True,True
commentary:099__Daniel_Fluitt_of_Thrift_Store_Cowboys:40:43:h3,commentary,099__Daniel_Fluitt_of_Thrift_Store_Cowboys,40,3,43,Assert / Elaborate,raw_history_same_episode_random_turn_assumptions_b256,raw_history_same_episode_random_turn_assumptions,256,289.0,whitespace_v1,7,3,30,12,7,100,True,"[""full"", ""assumption_eligible"", ""dense_explicit"", ""complete_case""]",0.5,0.0,25,48,48,24,True,,True,True,True,False,True,True
commentary:099__Daniel_Fluitt_of_Thrift_Store_Cowboys:40:43:h3,commentary,099__Daniel_Fluitt_of_Thrift_Store_Cowboys,40,3,43,Assert / Elaborate,raw_history_explicit_b256,raw_history_explicit,256,289.0,whitespace_v1,7,3,30,12,7,100,True,"[""full"", ""assumption_eligible"", ""dense_explicit"", ""complete_case""]",0.5,0.0,25,48,48,24,True,,True,True,True,False,True,True
commentary:099__Daniel_Fluitt_of_Thrift_Store_Cowboys:41:42:h1,commentary,099__Daniel_Fluitt_of_Thrift_Store_Cowboys,41,1,42,Assert / Elaborate,raw_history_b256,raw_history,256,256.0,whitespace_v1,10,3,30,12,10,542,True,"[""full"", ""assumption_eligible"", ""dense_explicit"", ""complete_case""]",0.5,0.0,25,48,48,24,True,,True,True,True,False,True,True
commentary:099__Daniel_Fluitt_of_Thrift_Store_Cowboys:41:42:h1,commentary,099__Daniel_Fluitt_of_Thrift_Store_Cowboys,41,1,42,Assert / Elaborate,raw_history_true_assumptions_b256,raw_history_true_assumptions,256,295.0,whitespace_v1,10,3,30,12,10,542,True,"[""full"", ""assumption_eligible"", ""dense_explicit"", ""complete_case""]",0.5,0.0,25,48,48,24,True,,True,True,True,False,True,True
commentary:099__Daniel_Fluitt_of_Thrift_Store_Cowboys:41:42:h1,commentary,099__Daniel_Fluitt_of_Thrift_Store_Cowboys,41,1,42,Assert / Elaborate,raw_history_different_episode_assumptions_b256,raw_history_different_episode_assumptions,256,295.0,whitespace_v1,10,3,30,12,10,542,True,"[""full"", ""assumption_eligible"", ""dense_explicit"", ""complete_case""]",0.5,0.0,25,48,48,24,True,,True,True,True,False,True,True
commentary:099__Daniel_Fluitt_of_Thrift_Store_Cowboys:41:42:h1,commentary,099__Daniel_Fluitt_of_Thrift_Store_Cowboys,41,1,42,Assert / Elaborate,raw_history_same_episode_random_turn_assumptions_b256,raw_history_same_episode_random_turn_assumptions,256,295.0,whitespace_v1,10,3,30,12,10,542,True,"[""full"", ""assumption_eligible"", ""dense_explicit"", ""complete_case""]",0.5,0.0,25,48,48,24,True,,True,True,True,False,True,True
commentary:099__Daniel_Fluitt_of_Thrift_Store_Cowboys:41:42:h1,commentary,099__Daniel_Fluitt_of_Thrift_Store_Cowboys,41,1,42,Assert / Elaborate,raw_history_explicit_b256,raw_history_explicit,256,295.0,whitespace_v1,10,3,30,12,10,542,True,"[""full"", ""assumption_eligible"", ""dense_explicit"", ""complete_case""]",0.5,0.0,25,48,48,24,True,,True,True,True,False,True,True
commentary:099__Daniel_Fluitt_of_Thrift_Store_Cowboys:42:43:h1,commentary,099__Daniel_Fluitt_of_Thrift_Store_Cowboys,42,1,43,Assert / Elaborate,raw_history_b256,raw_history,256,256.0,whitespace_v1,4,3,31,12,5,53,True,"[""full"", ""assumption_eligible"", ""sparse_explicit"", ""complete_case""]",0.5,0.0,25,48,48,24,True,,True,True,True,True,False,True
commentary:099__Daniel_Fluitt_of_Thrift_Store_Cowboys:42:43:h1,commentary,099__Daniel_Fluitt_of_Thrift_Store_Cowboys,42,1,43,Assert / Elaborate,raw_history_true_assumptions_b256,raw_history_true_assumptions,256,283.0,whitespace_v1,4,3,31,12,5,53,True,"[""full"", ""assumption_eligible"", ""sparse_explicit"", ""complete_case""]",0.5,0.0,25,48,48,24,True,,True,True,True,True,False,True
commentary:099__Daniel_Fluitt_of_Thrift_Store_Cowboys:42:43:h1,commentary,099__Daniel_Fluitt_of_Thrift_Store_Cowboys,42,1,43,Assert / Elaborate,raw_history_different_episode_assumptions_b256,raw_history_different_episode_assumptions,256,283.0,whitespace_v1,4,3,31,12,5,53,True,"[""full"", ""assumption_eligible"", ""sparse_explicit"", ""complete_case""]",0.5,0.0,25,48,48,24,True,,True,True,True,True,False,True
commentary:099__Daniel_Fluitt_of_Thrift_Store_Cowboys:42:43:h1,commentary,099__Daniel_Fluitt_of_Thrift_Store_Cowboys,42,1,43,Assert / Elaborate,raw_history_same_episode_random_turn_assumptions_b256,raw_history_same_episode_random_turn_assumptions,256,283.0,whitespace_v1,4,3,31,12,5,53,True,"[""full"", ""assumption_eligible"", ""sparse_explicit"", ""complete_case""]",0.5,0.0,25,48,48,24,True,,True,True,True,True,False,True
commentary:099__Daniel_Fluitt_of_Thrift_Store_Cowboys:42:43:h1,commentary,099__Daniel_Fluitt_of_Thrift_Store_Cowboys,42,1,43,Assert / Elaborate,raw_history_explicit_b256,raw_history_explicit,256,283.0,whitespace_v1,4,3,31,12,5,53,True,"[""full"", ""assumption_eligible"", ""sparse_explicit"", ""complete_case""]",0.5,0.0,25,48,48,24,True,,True,True,True,True,False,True
commentary:099__Daniel_Fluitt_of_Thrift_Store_Cowboys:44:45:h1,commentary,099__Daniel_Fluitt_of_Thrift_Store_Cowboys,44,1,45,Assert / Elaborate,raw_history_b256,raw_history,256,256.0,whitespace_v1,5,3,26,12,5,122,True,"[""full"", ""assumption_eligible"", ""dense_explicit"", ""complete_case""]",0.5208333333333334,0.041666666666666664,25,48,48,24,True,,True,True,True,False,True,True
commentary:099__Daniel_Fluitt_of_Thrift_Store_Cowboys:44:45:h1,commentary,099__Daniel_Fluitt_of_Thrift_Store_Cowboys,44,1,45,Assert / Elaborate,raw_history_true_assumptions_b256,raw_history_true_assumptions,256,292.0,whitespace_v1,5,3,26,12,5,122,True,"[""full"", ""assumption_eligible"", ""dense_explicit"", ""complete_case""]",0.5208333333333334,0.041666666666666664,25,48,48,24,True,,True,True,True,False,True,True
commentary:099__Daniel_Fluitt_of_Thrift_Store_Cowboys:44:45:h1,commentary,099__Daniel_Fluitt_of_Thrift_Store_Cowboys,44,1,45,Assert / Elaborate,raw_history_different_episode_assumptions_b256,raw_history_different_episode_assumptions,256,292.0,whitespace_v1,5,3,26,12,5,122,True,"[""full"", ""assumption_eligible"", ""dense_explicit"", ""complete_case""]",0.5,0.0,25,48,48,24,True,,True,True,True,False,True,True
commentary:099__Daniel_Fluitt_of_Thrift_Store_Cowboys:44:45:h1,commentary,099__Daniel_Fluitt_of_Thrift_Store_Cowboys,44,1,45,Assert / Elaborate,raw_history_same_episode_random_turn_assumptions_b256,raw_history_same_episode_random_turn_assumptions,256,292.0,whitespace_v1,5,3,26,12,5,122,True,"[""full"", ""assumption_eligible"", ""dense_explicit"", ""complete_case""]",0.5,0.0,25,48,48,24,True,,True,True,True,False,True,True
commentary:099__Daniel_Fluitt_of_Thrift_Store_Cowboys:44:45:h1,commentary,099__Daniel_Fluitt_of_Thrift_Store_Cowboys,44,1,45,Assert / Elaborate,raw_history_explicit_b256,raw_history_explicit,256,292.0,whitespace_v1,5,3,26,12,5,122,True,"[""full"", ""assumption_eligible"", ""dense_explicit"", ""complete_case""]",0.5833333333333334,0.16666666666666666,25,48,48,24,True,,True,True,True,False,True,True
commentary:099__Daniel_Fluitt_of_Thrift_Store_Cowboys:44:47:h3,commentary,099__Daniel_Fluitt_of_Thrift_Store_Cowboys,44,3,47,Assert / Elaborate,raw_history_b256,raw_history,256,256.0,whitespace_v1,5,3,26,12,5,122,True,"[""full"", ""assumption_eligible"", ""dense_explicit"", ""complete_case""]",0.5,0.0,25,48,48,24,True,,True,True,True,False,True,True
commentary:099__Daniel_Fluitt_of_Thrift_Store_Cowboys:44:47:h3,commentary,099__Daniel_Fluitt_of_Thrift_Store_Cowboys,44,3,47,Assert / Elaborate,raw_history_true_assumptions_b256,raw_history_true_assumptions,256,292.0,whitespace_v1,5,3,26,12,5,122,True,"[""full"", ""assumption_eligible"", ""dense_explicit"", ""complete_case""]",0.5,0.0,25,48,48,24,True,,True,True,True,False,True,True
commentary:099__Daniel_Fluitt_of_Thrift_Store_Cowboys:44:47:h3,commentary,099__Daniel_Fluitt_of_Thrift_Store_Cowboys,44,3,47,Assert / Elaborate,raw_history_different_episode_assumptions_b256,raw_history_different_episode_assumptions,256,292.0,whitespace_v1,5,3,26,12,5,122,True,"[""full"", ""assumption_eligible"", ""dense_explicit"", ""complete_case""]",0.5,0.0,25,48,48,24,True,,True,True,True,False,True,True
commentary:099__Daniel_Fluitt_of_Thrift_Store_Cowboys:44:47:h3,commentary,099__Daniel_Fluitt_of_Thrift_Store_Cowboys,44,3,47,Assert / Elaborate,raw_history_same_episode_random_turn_assumptions_b256,raw_history_same_episode_random_turn_assumptions,256,292.0,whitespace_v1,5,3,26,12,5,122,True,"[""full"", ""assumption_eligible"", ""dense_explicit"", ""complete_case""]",0.5,0.0,25,48,48,24,True,,True,True,True,False,True,True
commentary:099__Daniel_Fluitt_of_Thrift_Store_Cowboys:44:47:h3,commentary,099__Daniel_Fluitt_of_Thrift_Store_Cowboys,44,3,47,Assert / Elaborate,raw_history_explicit_b256,raw_history_explicit,256,292.0,whitespace_v1,5,3,26,12,5,122,True,"[""full"", ""assumption_eligible"", ""dense_explicit"", ""complete_case""]",0.5208333333333334,0.041666666666666664,25,48,48,24,True,,True,True,True,False,True,True
commentary:099__Daniel_Fluitt_of_Thrift_Store_Cowboys:44:49:h5,commentary,099__Daniel_Fluitt_of_Thrift_Store_Cowboys,44,5,49,Assert / Elaborate,raw_history_b256,raw_history,256,256.0,whitespace_v1,5,3,26,12,5,122,True,"[""full"", ""assumption_eligible"", ""dense_explicit"", ""complete_case""]",0.5,0.0,25,48,48,24,True,,True,True,True,False,True,True
commentary:099__Daniel_Fluitt_of_Thrift_Store_Cowboys:44:49:h5,commentary,099__Daniel_Fluitt_of_Thrift_Store_Cowboys,44,5,49,Assert / Elaborate,raw_history_true_assumptions_b256,raw_history_true_assumptions,256,292.0,whitespace_v1,5,3,26,12,5,122,True,"[""full"", ""assumption_eligible"", ""dense_explicit"", ""complete_case""]",0.5,0.0,25,48,48,24,True,,True,True,True,False,True,True
commentary:099__Daniel_Fluitt_of_Thrift_Store_Cowboys:44:49:h5,commentary,099__Daniel_Fluitt_of_Thrift_Store_Cowboys,44,5,49,Assert / Elaborate,raw_history_different_episode_assumptions_b256,raw_history_different_episode_assumptions,256,292.0,whitespace_v1,5,3,26,12,5,122,True,"[""full"", ""assumption_eligible"", ""dense_explicit"", ""complete_case""]",0.5,0.0,25,48,48,24,True,,True,True,True,False,True,True
commentary:099__Daniel_Fluitt_of_Thrift_Store_Cowboys:44:49:h5,commentary,099__Daniel_Fluitt_of_Thrift_Store_Cowboys,44,5,49,Assert / Elaborate,raw_history_same_episode_random_turn_assumptions_b256,raw_history_same_episode_random_turn_assumptions,256,292.0,whitespace_v1,5,3,26,12,5,122,True,"[""full"", ""assumption_eligible"", ""dense_explicit"", ""complete_case""]",0.5,0.0,25,48,48,24,True,,True,True,True,False,True,True
commentary:099__Daniel_Fluitt_of_Thrift_Store_Cowboys:44:49:h5,commentary,099__Daniel_Fluitt_of_Thrift_Store_Cowboys,44,5,49,Assert / Elaborate,raw_history_explicit_b256,raw_history_explicit,256,292.0,whitespace_v1,5,3,26,12,5,122,True,"[""full"", ""assumption_eligible"", ""dense_explicit"", ""complete_case""]",0.5,0.0,25,48,48,24,True,,True,True,True,False,True,True
commentary:099__Daniel_Fluitt_of_Thrift_Store_Cowboys:45:46:h1,commentary,099__Daniel_Fluitt_of_Thrift_Store_Cowboys,45,1,46,Assert / Elaborate,raw_history_b256,raw_history,256,256.0,whitespace_v1,10,3,26,12,10,323,True,"[""full"", ""assumption_eligible"", ""dense_explicit"", ""complete_case""]",0.5,0.0,25,48,48,24,True,,True,True,True,False,True,True
commentary:099__Daniel_Fluitt_of_Thrift_Store_Cowboys:45:46:h1,commentary,099__Daniel_Fluitt_of_Thrift_Store_Cowboys,45,1,46,Assert / Elaborate,raw_history_true_assumptions_b256,raw_history_true_assumptions,256,293.0,whitespace_v1,10,3,26,12,10,323,True,"[""full"", ""assumption_eligible"", ""dense_explicit"", ""complete_case""]",0.5208333333333334,0.041666666666666664,25,48,48,24,True,,True,True,True,False,True,True
commentary:099__Daniel_Fluitt_of_Thrift_Store_Cowboys:45:46:h1,commentary,099__Daniel_Fluitt_of_Thrift_Store_Cowboys,45,1,46,Assert / Elaborate,raw_history_different_episode_assumptions_b256,raw_history_different_episode_assumptions,256,293.0,whitespace_v1,10,3,26,12,10,323,True,"[""full"", ""assumption_eligible"", ""dense_explicit"", ""complete_case""]",0.5,0.0,25,48,48,24,True,,True,True,True,False,True,True
commentary:099__Daniel_Fluitt_of_Thrift_Store_Cowboys:45:46:h1,commentary,099__Daniel_Fluitt_of_Thrift_Store_Cowboys,45,1,46,Assert / Elaborate,raw_history_same_episode_random_turn_assumptions_b256,raw_history_same_episode_random_turn_assumptions,256,293.0,whitespace_v1,10,3,26,12,10,323,True,"[""full"", ""assumption_eligible"", ""dense_explicit"", ""complete_case""]",0.5,0.0,25,48,48,24,True,,True,True,True,False,True,True
commentary:099__Daniel_Fluitt_of_Thrift_Store_Cowboys:45:46:h1,commentary,099__Daniel_Fluitt_of_Thrift_Store_Cowboys,45,1,46,Assert / Elaborate,raw_history_explicit_b256,raw_history_explicit,256,293.0,whitespace_v1,10,3,26,12,10,323,True,"[""full"", ""assumption_eligible"", ""dense_explicit"", ""complete_case""]",0.5208333333333334,0.041666666666666664,25,48,48,24,True,,True,True,True,False,True,True
commentary:099__Daniel_Fluitt_of_Thrift_Store_Cowboys:45:48:h3,commentary,099__Daniel_Fluitt_of_Thrift_Store_Cowboys,45,3,48,Assert / Elaborate,raw_history_b256,raw_history,256,256.0,whitespace_v1,10,3,26,12,10,323,True,"[""full"", ""assumption_eligible"", ""dense_explicit"", ""complete_case""]",0.5,0.0,25,48,48,24,True,,True,True,True,False,True,True
commentary:099__Daniel_Fluitt_of_Thrift_Store_Cowboys:45:48:h3,commentary,099__Daniel_Fluitt_of_Thrift_Store_Cowboys,45,3,48,Assert / Elaborate,raw_history_true_assumptions_b256,raw_history_true_assumptions,256,293.0,whitespace_v1,10,3,26,12,10,323,True,"[""full"", ""assumption_eligible"", ""dense_explicit"", ""complete_case""]",0.5,0.0,25,48,48,24,True,,True,True,True,False,True,True
commentary:099__Daniel_Fluitt_of_Thrift_Store_Cowboys:45:48:h3,commentary,099__Daniel_Fluitt_of_Thrift_Store_Cowboys,45,3,48,Assert / Elaborate,raw_history_different_episode_assumptions_b256,raw_history_different_episode_assumptions,256,293.0,whitespace_v1,10,3,26,12,10,323,True,"[""full"", ""assumption_eligible"", ""dense_explicit"", ""complete_case""]",0.5,0.0,25,48,48,24,True,,True,True,True,False,True,True
commentary:099__Daniel_Fluitt_of_Thrift_Store_Cowboys:45:48:h3,commentary,099__Daniel_Fluitt_of_Thrift_Store_Cowboys,45,3,48,Assert / Elaborate,raw_history_same_episode_random_turn_assumptions_b256,raw_history_same_episode_random_turn_assumptions,256,293.0,whitespace_v1,10,3,26,12,10,323,True,"[""full"", ""assumption_eligible"", ""dense_explicit"", ""complete_case""]",0.5,0.0,25,48,48,24,True,,True,True,True,False,True,True
commentary:099__Daniel_Fluitt_of_Thrift_Store_Cowboys:45:48:h3,commentary,099__Daniel_Fluitt_of_Thrift_Store_Cowboys,45,3,48,Assert / Elaborate,raw_history_explicit_b256,raw_history_explicit,256,293.0,whitespace_v1,10,3,26,12,10,323,True,"[""full"", ""assumption_eligible"", ""dense_explicit"", ""complete_case""]",0.5,0.0,25,48,48,24,True,,True,True,True,False,True,True
commentary:099__Daniel_Fluitt_of_Thrift_Store_Cowboys:45:50:h5,commentary,099__Daniel_Fluitt_of_Thrift_Store_Cowboys,45,5,50,Clarification Request (Specific),raw_history_b256,raw_history,256,256.0,whitespace_v1,10,3,26,12,10,323,True,"[""full"", ""assumption_eligible"", ""dense_explicit"", ""complete_case""]",0.5,0.0,25,48,48,24,True,,True,True,True,False,True,True
commentary:099__Daniel_Fluitt_of_Thrift_Store_Cowboys:45:50:h5,commentary,099__Daniel_Fluitt_of_Thrift_Store_Cowboys,45,5,50,Clarification Request (Specific),raw_history_true_assumptions_b256,raw_history_true_assumptions,256,293.0,whitespace_v1,10,3,26,12,10,323,True,"[""full"", ""assumption_eligible"", ""dense_explicit"", ""complete_case""]",0.5,0.0,25,48,48,24,True,,True,True,True,False,True,True
commentary:099__Daniel_Fluitt_of_Thrift_Store_Cowboys:45:50:h5,commentary,099__Daniel_Fluitt_of_Thrift_Store_Cowboys,45,5,50,Clarification Request (Specific),raw_history_different_episode_assumptions_b256,raw_history_different_episode_assumptions,256,293.0,whitespace_v1,10,3,26,12,10,323,True,"[""full"", ""assumption_eligible"", ""dense_explicit"", ""complete_case""]",0.5,0.0,25,48,48,24,True,,True,True,True,False,True,True
commentary:099__Daniel_Fluitt_of_Thrift_Store_Cowboys:45:50:h5,commentary,099__Daniel_Fluitt_of_Thrift_Store_Cowboys,45,5,50,Clarification Request (Specific),raw_history_same_episode_random_turn_assumptions_b256,raw_history_same_episode_random_turn_assumptions,256,293.0,whitespace_v1,10,3,26,12,10,323,True,"[""full"", ""assumption_eligible"", ""dense_explicit"", ""complete_case""]",0.5,0.0,25,48,48,24,True,,True,True,True,False,True,True
commentary:099__Daniel_Fluitt_of_Thrift_Store_Cowboys:45:50:h5,commentary,099__Daniel_Fluitt_of_Thrift_Store_Cowboys,45,5,50,Clarification Request (Specific),raw_history_explicit_b256,raw_history_explicit,256,293.0,whitespace_v1,10,3,26,12,10,323,True,"[""full"", ""assumption_eligible"", ""dense_explicit"", ""complete_case""]",0.5,0.0,25,48,48,24,True,,True,True,True,False,True,True
commentary:099__Daniel_Fluitt_of_Thrift_Store_Cowboys:46:47:h1,commentary,099__Daniel_Fluitt_of_Thrift_Store_Cowboys,46,1,47,Assert / Elaborate,raw_history_b256,raw_history,256,256.0,whitespace_v1,5,3,27,12,5,109,True,"[""full"", ""assumption_eligible"", ""dense_explicit"", ""complete_case""]",0.625,0.25,25,48,48,24,True,,True,True,True,False,True,True
commentary:099__Daniel_Fluitt_of_Thrift_Store_Cowboys:46:47:h1,commentary,099__Daniel_Fluitt_of_Thrift_Store_Cowboys,46,1,47,Assert / Elaborate,raw_history_true_assumptions_b256,raw_history_true_assumptions,256,295.0,whitespace_v1,5,3,27,12,5,109,True,"[""full"", ""assumption_eligible"", ""dense_explicit"", ""complete_case""]",0.6041666666666666,0.20833333333333334,25,48,48,24,True,,True,True,True,False,True,True
commentary:099__Daniel_Fluitt_of_Thrift_Store_Cowboys:46:47:h1,commentary,099__Daniel_Fluitt_of_Thrift_Store_Cowboys,46,1,47,Assert / Elaborate,raw_history_different_episode_assumptions_b256,raw_history_different_episode_assumptions,256,295.0,whitespace_v1,5,3,27,12,5,109,True,"[""full"", ""assumption_eligible"", ""dense_explicit"", ""complete_case""]",0.5,0.0,25,48,48,24,True,,True,True,True,False,True,True
commentary:099__Daniel_Fluitt_of_Thrift_Store_Cowboys:46:47:h1,commentary,099__Daniel_Fluitt_of_Thrift_Store_Cowboys,46,1,47,Assert / Elaborate,raw_history_same_episode_random_turn_assumptions_b256,raw_history_same_episode_random_turn_assumptions,256,295.0,whitespace_v1,5,3,27,12,5,109,True,"[""full"", ""assumption_eligible"", ""dense_explicit"", ""complete_case""]",0.5208333333333334,0.041666666666666664,25,48,48,24,True,,True,True,True,False,True,True
commentary:099__Daniel_Fluitt_of_Thrift_Store_Cowboys:46:47:h1,commentary,099__Daniel_Fluitt_of_Thrift_Store_Cowboys,46,1,47,Assert / Elaborate,raw_history_explicit_b256,raw_history_explicit,256,295.0,whitespace_v1,5,3,27,12,5,109,True,"[""full"", ""assumption_eligible"", ""dense_explicit"", ""complete_case""]",0.5833333333333334,0.16666666666666666,25,48,48,24,True,,True,True,True,False,True,True
commentary:099__Daniel_Fluitt_of_Thrift_Store_Cowboys:46:49:h3,commentary,099__Daniel_Fluitt_of_Thrift_Store_Cowboys,46,3,49,Assert / Elaborate,raw_history_b256,raw_history,256,256.0,whitespace_v1,5,3,27,12,5,109,True,"[""full"", ""assumption_eligible"", ""dense_explicit"", ""complete_case""]",0.5,0.0,25,48,48,24,True,,True,True,True,False,True,True
commentary:099__Daniel_Fluitt_of_Thrift_Store_Cowboys:46:49:h3,commentary,099__Daniel_Fluitt_of_Thrift_Store_Cowboys,46,3,49,Assert / Elaborate,raw_history_true_assumptions_b256,raw_history_true_assumptions,256,295.0,whitespace_v1,5,3,27,12,5,109,True,"[""full"", ""assumption_eligible"", ""dense_explicit"", ""complete_case""]",0.5208333333333334,0.041666666666666664,25,48,48,24,True,,True,True,True,False,True,True
commentary:099__Daniel_Fluitt_of_Thrift_Store_Cowboys:46:49:h3,commentary,099__Daniel_Fluitt_of_Thrift_Store_Cowboys,46,3,49,Assert / Elaborate,raw_history_different_episode_assumptions_b256,raw_history_different_episode_assumptions,256,295.0,whitespace_v1,5,3,27,12,5,109,True,"[""full"", ""assumption_eligible"", ""dense_explicit"", ""complete_case""]",0.5,0.0,25,48,48,24,True,,True,True,True,False,True,True
commentary:099__Daniel_Fluitt_of_Thrift_Store_Cowboys:46:49:h3,commentary,099__Daniel_Fluitt_of_Thrift_Store_Cowboys,46,3,49,Assert / Elaborate,raw_history_same_episode_random_turn_assumptions_b256,raw_history_same_episode_random_turn_assumptions,256,295.0,whitespace_v1,5,3,27,12,5,109,True,"[""full"", ""assumption_eligible"", ""dense_explicit"", ""complete_case""]",0.5,0.0,25,48,48,24,True,,True,True,True,False,True,True
commentary:099__Daniel_Fluitt_of_Thrift_Store_Cowboys:46:49:h3,commentary,099__Daniel_Fluitt_of_Thrift_Store_Cowboys,46,3,49,Assert / Elaborate,raw_history_explicit_b256,raw_history_explicit,256,295.0,whitespace_v1,5,3,27,12,5,109,True,"[""full"", ""assumption_eligible"", ""dense_explicit"", ""complete_case""]",0.5,0.0,25,48,48,24,True,,True,True,True,False,True,True
commentary:099__Daniel_Fluitt_of_Thrift_Store_Cowboys:46:51:h5,commentary,099__Daniel_Fluitt_of_Thrift_Store_Cowboys,46,5,51,Assert / Elaborate,raw_history_b256,raw_history,256,256.0,whitespace_v1,5,3,27,12,5,109,True,"[""full"", ""assumption_eligible"", ""dense_explicit"", ""complete_case""]",0.4791666666666667,0.041666666666666664,25,48,48,24,True,,True,True,True,False,True,True
commentary:099__Daniel_Fluitt_of_Thrift_Store_Cowboys:46:51:h5,commentary,099__Daniel_Fluitt_of_Thrift_Store_Cowboys,46,5,51,Assert / Elaborate,raw_history_true_assumptions_b256,raw_history_true_assumptions,256,295.0,whitespace_v1,5,3,27,12,5,109,True,"[""full"", ""assumption_eligible"", ""dense_explicit"", ""complete_case""]",0.5,0.0,25,48,48,24,True,,True,True,True,False,True,True
commentary:099__Daniel_Fluitt_of_Thrift_Store_Cowboys:46:51:h5,commentary,099__Daniel_Fluitt_of_Thrift_Store_Cowboys,46,5,51,Assert / Elaborate,raw_history_different_episode_assumptions_b256,raw_history_different_episode_assumptions,256,295.0,whitespace_v1,5,3,27,12,5,109,True,"[""full"", ""assumption_eligible"", ""dense_explicit"", ""complete_case""]",0.5,0.0,25,48,48,24,True,,True,True,True,False,True,True
commentary:099__Daniel_Fluitt_of_Thrift_Store_Cowboys:46:51:h5,commentary,099__Daniel_Fluitt_of_Thrift_Store_Cowboys,46,5,51,Assert / Elaborate,raw_history_same_episode_random_turn_assumptions_b256,raw_history_same_episode_random_turn_assumptions,256,295.0,whitespace_v1,5,3,27,12,5,109,True,"[""full"", ""assumption_eligible"", ""dense_explicit"", ""complete_case""]",0.5,0.0,25,48,48,24,True,,True,True,True,False,True,True
commentary:099__Daniel_Fluitt_of_Thrift_Store_Cowboys:46:51:h5,commentary,099__Daniel_Fluitt_of_Thrift_Store_Cowboys,46,5,51,Assert / Elaborate,raw_history_explicit_b256,raw_history_explicit,256,295.0,whitespace_v1,5,3,27,12,5,109,True,"[""full"", ""assumption_eligible"", ""dense_explicit"", ""complete_case""]",0.4791666666666667,0.041666666666666664,25,48,48,24,True,,True,True,True,False,True,True
commentary:099__Daniel_Fluitt_of_Thrift_Store_Cowboys:47:48:h1,commentary,099__Daniel_Fluitt_of_Thrift_Store_Cowboys,47,1,48,Assert / Elaborate,raw_history_b256,raw_history,256,256.0,whitespace_v1,10,3,30,12,9,405,True,"[""full"", ""assumption_eligible"", ""dense_explicit"", ""complete_case""]",0.5,0.0,25,48,48,24,True,,True,True,True,False,True,True
commentary:099__Daniel_Fluitt_of_Thrift_Store_Cowboys:47:48:h1,commentary,099__Daniel_Fluitt_of_Thrift_Store_Cowboys,47,1,48,Assert / Elaborate,raw_history_true_assumptions_b256,raw_history_true_assumptions,256,301.0,whitespace_v1,10,3,30,12,9,405,True,"[""full"", ""assumption_eligible"", ""dense_explicit"", ""complete_case""]",0.5,0.0,25,48,48,24,True,,True,True,True,False,True,True
commentary:099__Daniel_Fluitt_of_Thrift_Store_Cowboys:47:48:h1,commentary,099__Daniel_Fluitt_of_Thrift_Store_Cowboys,47,1,48,Assert / Elaborate,raw_history_different_episode_assumptions_b256,raw_history_different_episode_assumptions,256,301.0,whitespace_v1,10,3,30,12,9,405,True,"[""full"", ""assumption_eligible"", ""dense_explicit"", ""complete_case""]",0.5208333333333334,0.041666666666666664,25,48,48,24,True,,True,True,True,False,True,True
commentary:099__Daniel_Fluitt_of_Thrift_Store_Cowboys:47:48:h1,commentary,099__Daniel_Fluitt_of_Thrift_Store_Cowboys,47,1,48,Assert / Elaborate,raw_history_same_episode_random_turn_assumptions_b256,raw_history_same_episode_random_turn_assumptions,256,301.0,whitespace_v1,10,3,30,12,9,405,True,"[""full"", ""assumption_eligible"", ""dense_explicit"", ""complete_case""]",0.5,0.0,25,48,48,24,True,,True,True,True,False,True,True
commentary:099__Daniel_Fluitt_of_Thrift_Store_Cowboys:47:48:h1,commentary,099__Daniel_Fluitt_of_Thrift_Store_Cowboys,47,1,48,Assert / Elaborate,raw_history_explicit_b256,raw_history_explicit,256,301.0,whitespace_v1,10,3,30,12,9,405,True,"[""full"", ""assumption_eligible"", ""dense_explicit"", ""complete_case""]",0.5,0.0,25,48,48,24,True,,True,True,True,False,True,True
commentary:099__Daniel_Fluitt_of_Thrift_Store_Cowboys:47:50:h3,commentary,099__Daniel_Fluitt_of_Thrift_Store_Cowboys,47,3,50,Clarification Request (Specific),raw_history_b256,raw_history,256,256.0,whitespace_v1,10,3,30,12,9,405,True,"[""full"", ""assumption_eligible"", ""dense_explicit"", ""complete_case""]",0.5,0.0,25,48,48,24,True,,True,True,True,False,True,True
commentary:099__Daniel_Fluitt_of_Thrift_Store_Cowboys:47:50:h3,commentary,099__Daniel_Fluitt_of_Thrift_Store_Cowboys,47,3,50,Clarification Request (Specific),raw_history_true_assumptions_b256,raw_history_true_assumptions,256,301.0,whitespace_v1,10,3,30,12,9,405,True,"[""full"", ""assumption_eligible"", ""dense_explicit"", ""complete_case""]",0.5,0.0,25,48,48,24,True,,True,True,True,False,True,True
commentary:099__Daniel_Fluitt_of_Thrift_Store_Cowboys:47:50:h3,commentary,099__Daniel_Fluitt_of_Thrift_Store_Cowboys,47,3,50,Clarification Request (Specific),raw_history_different_episode_assumptions_b256,raw_history_different_episode_assumptions,256,301.0,whitespace_v1,10,3,30,12,9,405,True,"[""full"", ""assumption_eligible"", ""dense_explicit"", ""complete_case""]",0.5,0.0,25,48,48,24,True,,True,True,True,False,True,True
commentary:099__Daniel_Fluitt_of_Thrift_Store_Cowboys:47:50:h3,commentary,099__Daniel_Fluitt_of_Thrift_Store_Cowboys,47,3,50,Clarification Request (Specific),raw_history_same_episode_random_turn_assumptions_b256,raw_history_same_episode_random_turn_assumptions,256,301.0,whitespace_v1,10,3,30,12,9,405,True,"[""full"", ""assumption_eligible"", ""dense_explicit"", ""complete_case""]",0.5,0.0,25,48,48,24,True,,True,True,True,False,True,True
commentary:099__Daniel_Fluitt_of_Thrift_Store_Cowboys:47:50:h3,commentary,099__Daniel_Fluitt_of_Thrift_Store_Cowboys,47,3,50,Clarification Request (Specific),raw_history_explicit_b256,raw_history_explicit,256,301.0,whitespace_v1,10,3,30,12,9,405,True,"[""full"", ""assumption_eligible"", ""dense_explicit"", ""complete_case""]",0.5,0.0,25,48,48,24,True,,True,True,True,False,True,True
commentary:099__Daniel_Fluitt_of_Thrift_Store_Cowboys:47:52:h5,commentary,099__Daniel_Fluitt_of_Thrift_Store_Cowboys,47,5,52,Assert / Elaborate,raw_history_b256,raw_history,256,256.0,whitespace_v1,10,3,30,12,9,405,True,"[""full"", ""assumption_eligible"", ""dense_explicit"", ""complete_case""]",0.5,0.0,25,48,48,24,True,,True,True,True,False,True,True
commentary:099__Daniel_Fluitt_of_Thrift_Store_Cowboys:47:52:h5,commentary,099__Daniel_Fluitt_of_Thrift_Store_Cowboys,47,5,52,Assert / Elaborate,raw_history_true_assumptions_b256,raw_history_true_assumptions,256,301.0,whitespace_v1,10,3,30,12,9,405,True,"[""full"", ""assumption_eligible"", ""dense_explicit"", ""complete_case""]",0.5,0.0,25,48,48,24,True,,True,True,True,False,True,True
commentary:099__Daniel_Fluitt_of_Thrift_Store_Cowboys:47:52:h5,commentary,099__Daniel_Fluitt_of_Thrift_Store_Cowboys,47,5,52,Assert / Elaborate,raw_history_different_episode_assumptions_b256,raw_history_different_episode_assumptions,256,301.0,whitespace_v1,10,3,30,12,9,405,True,"[""full"", ""assumption_eligible"", ""dense_explicit"", ""complete_case""]",0.5,0.0,25,48,48,24,True,,True,True,True,False,True,True
commentary:099__Daniel_Fluitt_of_Thrift_Store_Cowboys:47:52:h5,commentary,099__Daniel_Fluitt_of_Thrift_Store_Cowboys,47,5,52,Assert / Elaborate,raw_history_same_episode_random_turn_assumptions_b256,raw_history_same_episode_random_turn_assumptions,256,301.0,whitespace_v1,10,3,30,12,9,405,True,"[""full"", ""assumption_eligible"", ""dense_explicit"", ""complete_case""]",0.5,0.0,25,48,48,24,True,,True,True,True,False,True,True
commentary:099__Daniel_Fluitt_of_Thrift_Store_Cowboys:47:52:h5,commentary,099__Daniel_Fluitt_of_Thrift_Store_Cowboys,47,5,52,Assert / Elaborate,raw_history_explicit_b256,raw_history_explicit,256,301.0,whitespace_v1,10,3,30,12,9,405,True,"[""full"", ""assumption_eligible"", ""dense_explicit"", ""complete_case""]",0.5,0.0,25,48,48,24,True,,True,True,True,False,True,True
commentary:099__Daniel_Fluitt_of_Thrift_Store_Cowboys:48:49:h1,commentary,099__Daniel_Fluitt_of_Thrift_Store_Cowboys,48,1,49,Assert / Elaborate,raw_history_b256,raw_history,256,256.0,whitespace_v1,7,3,32,12,6,83,True,"[""full"", ""assumption_eligible"", ""dense_explicit"", ""complete_case""]",0.5625,0.125,25,48,48,24,True,,True,True,True,False,True,True
commentary:099__Daniel_Fluitt_of_Thrift_Store_Cowboys:48:49:h1,commentary,099__Daniel_Fluitt_of_Thrift_Store_Cowboys,48,1,49,Assert / Elaborate,raw_history_true_assumptions_b256,raw_history_true_assumptions,256,301.0,whitespace_v1,7,3,32,12,6,83,True,"[""full"", ""assumption_eligible"", ""dense_explicit"", ""complete_case""]",0.5416666666666666,0.08333333333333333,25,48,48,24,True,,True,True,True,False,True,True
commentary:099__Daniel_Fluitt_of_Thrift_Store_Cowboys:48:49:h1,commentary,099__Daniel_Fluitt_of_Thrift_Store_Cowboys,48,1,49,Assert / Elaborate,raw_history_different_episode_assumptions_b256,raw_history_different_episode_assumptions,256,301.0,whitespace_v1,7,3,32,12,6,83,True,"[""full"", ""assumption_eligible"", ""dense_explicit"", ""complete_case""]",0.5625,0.125,25,48,48,24,True,,True,True,True,False,True,True
commentary:099__Daniel_Fluitt_of_Thrift_Store_Cowboys:48:49:h1,commentary,099__Daniel_Fluitt_of_Thrift_Store_Cowboys,48,1,49,Assert / Elaborate,raw_history_same_episode_random_turn_assumptions_b256,raw_history_same_episode_random_turn_assumptions,256,301.0,whitespace_v1,7,3,32,12,6,83,True,"[""full"", ""assumption_eligible"", ""dense_explicit"", ""complete_case""]",0.5416666666666666,0.08333333333333333,25,48,48,24,True,,True,True,True,False,True,True
commentary:099__Daniel_Fluitt_of_Thrift_Store_Cowboys:48:49:h1,commentary,099__Daniel_Fluitt_of_Thrift_Store_Cowboys,48,1,49,Assert / Elaborate,raw_history_explicit_b256,raw_history_explicit,256,301.0,whitespace_v1,7,3,32,12,6,83,True,"[""full"", ""assumption_eligible"", ""dense_explicit"", ""complete_case""]",0.5208333333333334,0.041666666666666664,25,48,48,24,True,,True,True,True,False,True,True
commentary:099__Daniel_Fluitt_of_Thrift_Store_Cowboys:48:51:h3,commentary,099__Daniel_Fluitt_of_Thrift_Store_Cowboys,48,3,51,Assert / Elaborate,raw_history_b256,raw_history,256,256.0,whitespace_v1,7,3,32,12,6,83,True,"[""full"", ""assumption_eligible"", ""dense_explicit"", ""complete_case""]",0.5,0.0,25,48,48,24,True,,True,True,True,False,True,True
commentary:099__Daniel_Fluitt_of_Thrift_Store_Cowboys:48:51:h3,commentary,099__Daniel_Fluitt_of_Thrift_Store_Cowboys,48,3,51,Assert / Elaborate,raw_history_true_assumptions_b256,raw_history_true_assumptions,256,301.0,whitespace_v1,7,3,32,12,6,83,True,"[""full"", ""assumption_eligible"", ""dense_explicit"", ""complete_case""]",0.5,0.0,25,48,48,24,True,,True,True,True,False,True,True
commentary:099__Daniel_Fluitt_of_Thrift_Store_Cowboys:48:51:h3,commentary,099__Daniel_Fluitt_of_Thrift_Store_Cowboys,48,3,51,Assert / Elaborate,raw_history_different_episode_assumptions_b256,raw_history_different_episode_assumptions,256,301.0,whitespace_v1,7,3,32,12,6,83,True,"[""full"", ""assumption_eligible"", ""dense_explicit"", ""complete_case""]",0.5,0.0,25,48,48,24,True,,True,True,True,False,True,True
commentary:099__Daniel_Fluitt_of_Thrift_Store_Cowboys:48:51:h3,commentary,099__Daniel_Fluitt_of_Thrift_Store_Cowboys,48,3,51,Assert / Elaborate,raw_history_same_episode_random_turn_assumptions_b256,raw_history_same_episode_random_turn_assumptions,256,301.0,whitespace_v1,7,3,32,12,6,83,True,"[""full"", ""assumption_eligible"", ""dense_explicit"", ""complete_case""]",0.5,0.0,25,48,48,24,True,,True,True,True,False,True,True
commentary:099__Daniel_Fluitt_of_Thrift_Store_Cowboys:48:51:h3,commentary,099__Daniel_Fluitt_of_Thrift_Store_Cowboys,48,3,51,Assert / Elaborate,raw_history_explicit_b256,raw_history_explicit,256,301.0,whitespace_v1,7,3,32,12,6,83,True,"[""full"", ""assumption_eligible"", ""dense_explicit"", ""complete_case""]",0.5208333333333334,0.041666666666666664,25,48,48,24,True,,True,True,True,False,True,True
commentary:099__Daniel_Fluitt_of_Thrift_Store_Cowboys:48:53:h5,commentary,099__Daniel_Fluitt_of_Thrift_Store_Cowboys,48,5,53,Assert / Elaborate,raw_history_b256,raw_history,256,256.0,whitespace_v1,7,3,32,12,6,83,True,"[""full"", ""assumption_eligible"", ""dense_explicit"", ""complete_case""]",0.5,0.0,25,48,48,24,True,,True,True,True,False,True,True
commentary:099__Daniel_Fluitt_of_Thrift_Store_Cowboys:48:53:h5,commentary,099__Daniel_Fluitt_of_Thrift_Store_Cowboys,48,5,53,Assert / Elaborate,raw_history_true_assumptions_b256,raw_history_true_assumptions,256,301.0,whitespace_v1,7,3,32,12,6,83,True,"[""full"", ""assumption_eligible"", ""dense_explicit"", ""complete_case""]",0.5,0.0,25,48,48,24,True,,True,True,True,False,True,True
commentary:099__Daniel_Fluitt_of_Thrift_Store_Cowboys:48:53:h5,commentary,099__Daniel_Fluitt_of_Thrift_Store_Cowboys,48,5,53,Assert / Elaborate,raw_history_different_episode_assumptions_b256,raw_history_different_episode_assumptions,256,301.0,whitespace_v1,7,3,32,12,6,83,True,"[""full"", ""assumption_eligible"", ""dense_explicit"", ""complete_case""]",0.5,0.0,25,48,48,24,True,,True,True,True,False,True,True
commentary:099__Daniel_Fluitt_of_Thrift_Store_Cowboys:48:53:h5,commentary,099__Daniel_Fluitt_of_Thrift_Store_Cowboys,48,5,53,Assert / Elaborate,raw_history_same_episode_random_turn_assumptions_b256,raw_history_same_episode_random_turn_assumptions,256,301.0,whitespace_v1,7,3,32,12,6,83,True,"[""full"", ""assumption_eligible"", ""dense_explicit"", ""complete_case""]",0.5,0.0,25,48,48,24,True,,True,True,True,False,True,True
commentary:099__Daniel_Fluitt_of_Thrift_Store_Cowboys:48:53:h5,commentary,099__Daniel_Fluitt_of_Thrift_Store_Cowboys,48,5,53,Assert / Elaborate,raw_history_explicit_b256,raw_history_explicit,256,301.0,whitespace_v1,7,3,32,12,6,83,True,"[""full"", ""assumption_eligible"", ""dense_explicit"", ""complete_case""]",0.5,0.0,25,48,48,24,True,,True,True,True,False,True,True
commentary:099__Daniel_Fluitt_of_Thrift_Store_Cowboys:49:50:h1,commentary,099__Daniel_Fluitt_of_Thrift_Store_Cowboys,49,1,50,Clarification Request (Specific),raw_history_b256,raw_history,256,256.0,whitespace_v1,8,3,30,12,7,367,True,"[""full"", ""assumption_eligible"", ""dense_explicit"", ""complete_case""]",0.5208333333333334,0.041666666666666664,25,48,48,24,True,,True,True,True,False,True,True
commentary:099__Daniel_Fluitt_of_Thrift_Store_Cowboys:49:50:h1,commentary,099__Daniel_Fluitt_of_Thrift_Store_Cowboys,49,1,50,Clarification Request (Specific),raw_history_true_assumptions_b256,raw_history_true_assumptions,256,293.0,whitespace_v1,8,3,30,12,7,367,True,"[""full"", ""assumption_eligible"", ""dense_explicit"", ""complete_case""]",0.5,0.0,25,48,48,24,True,,True,True,True,False,True,True
commentary:099__Daniel_Fluitt_of_Thrift_Store_Cowboys:49:50:h1,commentary,099__Daniel_Fluitt_of_Thrift_Store_Cowboys,49,1,50,Clarification Request (Specific),raw_history_different_episode_assumptions_b256,raw_history_different_episode_assumptions,256,293.0,whitespace_v1,8,3,30,12,7,367,True,"[""full"", ""assumption_eligible"", ""dense_explicit"", ""complete_case""]",0.5,0.0,25,48,48,24,True,,True,True,True,False,True,True
commentary:099__Daniel_Fluitt_of_Thrift_Store_Cowboys:49:50:h1,commentary,099__Daniel_Fluitt_of_Thrift_Store_Cowboys,49,1,50,Clarification Request (Specific),raw_history_same_episode_random_turn_assumptions_b256,raw_history_same_episode_random_turn_assumptions,256,293.0,whitespace_v1,8,3,30,12,7,367,True,"[""full"", ""assumption_eligible"", ""dense_explicit"", ""complete_case""]",0.5416666666666666,0.08333333333333333,25,48,48,24,True,,True,True,True,False,True,True
commentary:099__Daniel_Fluitt_of_Thrift_Store_Cowboys:49:50:h1,commentary,099__Daniel_Fluitt_of_Thrift_Store_Cowboys,49,1,50,Clarification Request (Specific),raw_history_explicit_b256,raw_history_explicit,256,293.0,whitespace_v1,8,3,30,12,7,367,True,"[""full"", ""assumption_eligible"", ""dense_explicit"", ""complete_case""]",0.5208333333333334,0.041666666666666664,25,48,48,24,True,,True,True,True,False,True,True
commentary:099__Daniel_Fluitt_of_Thrift_Store_Cowboys:49:52:h3,commentary,099__Daniel_Fluitt_of_Thrift_Store_Cowboys,49,3,52,Assert / Elaborate,raw_history_b256,raw_history,256,256.0,whitespace_v1,8,3,30,12,7,367,True,"[""full"", ""assumption_eligible"", ""dense_explicit"", ""complete_case""]",0.5,0.0,25,48,48,24,True,,True,True,True,False,True,True
commentary:099__Daniel_Fluitt_of_Thrift_Store_Cowboys:49:52:h3,commentary,099__Daniel_Fluitt_of_Thrift_Store_Cowboys,49,3,52,Assert / Elaborate,raw_history_true_assumptions_b256,raw_history_true_assumptions,256,293.0,whitespace_v1,8,3,30,12,7,367,True,"[""full"", ""assumption_eligible"", ""dense_explicit"", ""complete_case""]",0.5,0.0,25,48,48,24,True,,True,True,True,False,True,True
commentary:099__Daniel_Fluitt_of_Thrift_Store_Cowboys:49:52:h3,commentary,099__Daniel_Fluitt_of_Thrift_Store_Cowboys,49,3,52,Assert / Elaborate,raw_history_different_episode_assumptions_b256,raw_history_different_episode_assumptions,256,293.0,whitespace_v1,8,3,30,12,7,367,True,"[""full"", ""assumption_eligible"", ""dense_explicit"", ""complete_case""]",0.5,0.0,25,48,48,24,True,,True,True,True,False,True,True
commentary:099__Daniel_Fluitt_of_Thrift_Store_Cowboys:49:52:h3,commentary,099__Daniel_Fluitt_of_Thrift_Store_Cowboys,49,3,52,Assert / Elaborate,raw_history_same_episode_random_turn_assumptions_b256,raw_history_same_episode_random_turn_assumptions,256,293.0,whitespace_v1,8,3,30,12,7,367,True,"[""full"", ""assumption_eligible"", ""dense_explicit"", ""complete_case""]",0.5,0.0,25,48,48,24,True,,True,True,True,False,True,True
commentary:099__Daniel_Fluitt_of_Thrift_Store_Cowboys:49:52:h3,commentary,099__Daniel_Fluitt_of_Thrift_Store_Cowboys,49,3,52,Assert / Elaborate,raw_history_explicit_b256,raw_history_explicit,256,293.0,whitespace_v1,8,3,30,12,7,367,True,"[""full"", ""assumption_eligible"", ""dense_explicit"", ""complete_case""]",0.5,0.0,25,48,48,24,True,,True,True,True,False,True,True
commentary:099__Daniel_Fluitt_of_Thrift_Store_Cowboys:50:51:h1,commentary,099__Daniel_Fluitt_of_Thrift_Store_Cowboys,50,1,51,Assert / Elaborate,raw_history_b256,raw_history,256,256.0,whitespace_v1,5,3,30,12,5,81,True,"[""full"", ""assumption_eligible"", ""dense_explicit"", ""complete_case""]",0.5208333333333334,0.041666666666666664,25,48,48,24,True,,True,True,True,False,True,True
commentary:099__Daniel_Fluitt_of_Thrift_Store_Cowboys:50:51:h1,commentary,099__Daniel_Fluitt_of_Thrift_Store_Cowboys,50,1,51,Assert / Elaborate,raw_history_true_assumptions_b256,raw_history_true_assumptions,256,288.0,whitespace_v1,5,3,30,12,5,81,True,"[""full"", ""assumption_eligible"", ""dense_explicit"", ""complete_case""]",0.5416666666666666,0.08333333333333333,25,48,48,24,True,,True,True,True,False,True,True
commentary:099__Daniel_Fluitt_of_Thrift_Store_Cowboys:50:51:h1,commentary,099__Daniel_Fluitt_of_Thrift_Store_Cowboys,50,1,51,Assert / Elaborate,raw_history_different_episode_assumptions_b256,raw_history_different_episode_assumptions,256,288.0,whitespace_v1,5,3,30,12,5,81,True,"[""full"", ""assumption_eligible"", ""dense_explicit"", ""complete_case""]",0.5625,0.125,25,48,48,24,True,,True,True,True,False,True,True
commentary:099__Daniel_Fluitt_of_Thrift_Store_Cowboys:50:51:h1,commentary,099__Daniel_Fluitt_of_Thrift_Store_Cowboys,50,1,51,Assert / Elaborate,raw_history_same_episode_random_turn_assumptions_b256,raw_history_same_episode_random_turn_assumptions,256,288.0,whitespace_v1,5,3,30,12,5,81,True,"[""full"", ""assumption_eligible"", ""dense_explicit"", ""complete_case""]",0.5625,0.125,25,48,48,24,True,,True,True,True,False,True,True
commentary:099__Daniel_Fluitt_of_Thrift_Store_Cowboys:50:51:h1,commentary,099__Daniel_Fluitt_of_Thrift_Store_Cowboys,50,1,51,Assert / Elaborate,raw_history_explicit_b256,raw_history_explicit,256,288.0,whitespace_v1,5,3,30,12,5,81,True,"[""full"", ""assumption_eligible"", ""dense_explicit"", ""complete_case""]",0.5416666666666666,0.08333333333333333,25,48,48,24,True,,True,True,True,False,True,True
commentary:099__Daniel_Fluitt_of_Thrift_Store_Cowboys:50:53:h3,commentary,099__Daniel_Fluitt_of_Thrift_Store_Cowboys,50,3,53,Assert / Elaborate,raw_history_b256,raw_history,256,256.0,whitespace_v1,5,3,30,12,5,81,True,"[""full"", ""assumption_eligible"", ""dense_explicit"", ""complete_case""]",0.5,0.0,25,48,48,24,True,,True,True,True,False,True,True
commentary:099__Daniel_Fluitt_of_Thrift_Store_Cowboys:50:53:h3,commentary,099__Daniel_Fluitt_of_Thrift_Store_Cowboys,50,3,53,Assert / Elaborate,raw_history_true_assumptions_b256,raw_history_true_assumptions,256,288.0,whitespace_v1,5,3,30,12,5,81,True,"[""full"", ""assumption_eligible"", ""dense_explicit"", ""complete_case""]",0.5208333333333334,0.041666666666666664,25,48,48,24,True,,True,True,True,False,True,True
commentary:099__Daniel_Fluitt_of_Thrift_Store_Cowboys:50:53:h3,commentary,099__Daniel_Fluitt_of_Thrift_Store_Cowboys,50,3,53,Assert / Elaborate,raw_history_different_episode_assumptions_b256,raw_history_different_episode_assumptions,256,288.0,whitespace_v1,5,3,30,12,5,81,True,"[""full"", ""assumption_eligible"", ""dense_explicit"", ""complete_case""]",0.5,0.0,25,48,48,24,True,,True,True,True,False,True,True
commentary:099__Daniel_Fluitt_of_Thrift_Store_Cowboys:50:53:h3,commentary,099__Daniel_Fluitt_of_Thrift_Store_Cowboys,50,3,53,Assert / Elaborate,raw_history_same_episode_random_turn_assumptions_b256,raw_history_same_episode_random_turn_assumptions,256,288.0,whitespace_v1,5,3,30,12,5,81,True,"[""full"", ""assumption_eligible"", ""dense_explicit"", ""complete_case""]",0.5,0.0,25,48,48,24,True,,True,True,True,False,True,True
commentary:099__Daniel_Fluitt_of_Thrift_Store_Cowboys:50:53:h3,commentary,099__Daniel_Fluitt_of_Thrift_Store_Cowboys,50,3,53,Assert / Elaborate,raw_history_explicit_b256,raw_history_explicit,256,288.0,whitespace_v1,5,3,30,12,5,81,True,"[""full"", ""assumption_eligible"", ""dense_explicit"", ""complete_case""]",0.5,0.0,25,48,48,24,True,,True,True,True,False,True,True
commentary:099__Daniel_Fluitt_of_Thrift_Store_Cowboys:51:52:h1,commentary,099__Daniel_Fluitt_of_Thrift_Store_Cowboys,51,1,52,Assert / Elaborate,raw_history_b256,raw_history,256,256.0,whitespace_v1,4,3,24,12,4,57,True,"[""full"", ""assumption_eligible"", ""sparse_explicit"", ""complete_case""]",0.5,0.0,25,48,48,24,True,,True,True,True,True,False,True
commentary:099__Daniel_Fluitt_of_Thrift_Store_Cowboys:51:52:h1,commentary,099__Daniel_Fluitt_of_Thrift_Store_Cowboys,51,1,52,Assert / Elaborate,raw_history_true_assumptions_b256,raw_history_true_assumptions,256,297.0,whitespace_v1,4,3,24,12,4,57,True,"[""full"", ""assumption_eligible"", ""sparse_explicit"", ""complete_case""]",0.5208333333333334,0.041666666666666664,25,48,48,24,True,,True,True,True,True,False,True
commentary:099__Daniel_Fluitt_of_Thrift_Store_Cowboys:51:52:h1,commentary,099__Daniel_Fluitt_of_Thrift_Store_Cowboys,51,1,52,Assert / Elaborate,raw_history_different_episode_assumptions_b256,raw_history_different_episode_assumptions,256,297.0,whitespace_v1,4,3,24,12,4,57,True,"[""full"", ""assumption_eligible"", ""sparse_explicit"", ""complete_case""]",0.5,0.0,25,48,48,24,True,,True,True,True,True,False,True
commentary:099__Daniel_Fluitt_of_Thrift_Store_Cowboys:51:52:h1,commentary,099__Daniel_Fluitt_of_Thrift_Store_Cowboys,51,1,52,Assert / Elaborate,raw_history_same_episode_random_turn_assumptions_b256,raw_history_same_episode_random_turn_assumptions,256,297.0,whitespace_v1,4,3,24,12,4,57,True,"[""full"", ""assumption_eligible"", ""sparse_explicit"", ""complete_case""]",0.5,0.0,25,48,48,24,True,,True,True,True,True,False,True
commentary:099__Daniel_Fluitt_of_Thrift_Store_Cowboys:51:52:h1,commentary,099__Daniel_Fluitt_of_Thrift_Store_Cowboys,51,1,52,Assert / Elaborate,raw_history_explicit_b256,raw_history_explicit,256,297.0,whitespace_v1,4,3,24,12,4,57,True,"[""full"", ""assumption_eligible"", ""sparse_explicit"", ""complete_case""]",0.5416666666666666,0.08333333333333333,25,48,48,24,True,,True,True,True,True,False,True
commentary:099__Daniel_Fluitt_of_Thrift_Store_Cowboys:52:53:h1,commentary,099__Daniel_Fluitt_of_Thrift_Store_Cowboys,52,1,53,Assert / Elaborate,raw_history_b256,raw_history,256,256.0,whitespace_v1,3,3,20,12,4,52,True,"[""full"", ""assumption_eligible"", ""sparse_explicit"", ""complete_case""]",0.5208333333333334,0.041666666666666664,25,48,48,24,True,,True,True,True,True,False,True
commentary:099__Daniel_Fluitt_of_Thrift_Store_Cowboys:52:53:h1,commentary,099__Daniel_Fluitt_of_Thrift_Store_Cowboys,52,1,53,Assert / Elaborate,raw_history_true_assumptions_b256,raw_history_true_assumptions,256,297.0,whitespace_v1,3,3,20,12,4,52,True,"[""full"", ""assumption_eligible"", ""sparse_explicit"", ""complete_case""]",0.5208333333333334,0.041666666666666664,25,48,48,24,True,,True,True,True,True,False,True
commentary:099__Daniel_Fluitt_of_Thrift_Store_Cowboys:52:53:h1,commentary,099__Daniel_Fluitt_of_Thrift_Store_Cowboys,52,1,53,Assert / Elaborate,raw_history_different_episode_assumptions_b256,raw_history_different_episode_assumptions,256,297.0,whitespace_v1,3,3,20,12,4,52,True,"[""full"", ""assumption_eligible"", ""sparse_explicit"", ""complete_case""]",0.5625,0.125,25,48,48,24,True,,True,True,True,True,False,True
commentary:099__Daniel_Fluitt_of_Thrift_Store_Cowboys:52:53:h1,commentary,099__Daniel_Fluitt_of_Thrift_Store_Cowboys,52,1,53,Assert / Elaborate,raw_history_same_episode_random_turn_assumptions_b256,raw_history_same_episode_random_turn_assumptions,256,297.0,whitespace_v1,3,3,20,12,4,52,True,"[""full"", ""assumption_eligible"", ""sparse_explicit"", ""complete_case""]",0.5,0.0,25,48,48,24,True,,True,True,True,True,False,True
commentary:099__Daniel_Fluitt_of_Thrift_Store_Cowboys:52:53:h1,commentary,099__Daniel_Fluitt_of_Thrift_Store_Cowboys,52,1,53,Assert / Elaborate,raw_history_explicit_b256,raw_history_explicit,256,297.0,whitespace_v1,3,3,20,12,4,52,True,"[""full"", ""assumption_eligible"", ""sparse_explicit"", ""complete_case""]",0.5,0.0,25,48,48,24,True,,True,True,True,True,False,True
commentary:099__Daniel_Fluitt_of_Thrift_Store_Cowboys:54:55:h1,commentary,099__Daniel_Fluitt_of_Thrift_Store_Cowboys,54,1,55,Assert / Elaborate,raw_history_b256,raw_history,256,256.0,whitespace_v1,5,3,15,12,5,91,True,"[""full"", ""assumption_eligible"", ""dense_explicit"", ""complete_case""]",0.5,0.0,25,48,48,24,True,,True,True,True,False,True,True
commentary:099__Daniel_Fluitt_of_Thrift_Store_Cowboys:54:55:h1,commentary,099__Daniel_Fluitt_of_Thrift_Store_Cowboys,54,1,55,Assert / Elaborate,raw_history_true_assumptions_b256,raw_history_true_assumptions,256,287.0,whitespace_v1,5,3,15,12,5,91,True,"[""full"", ""assumption_eligible"", ""dense_explicit"", ""complete_case""]",0.5,0.0,25,48,48,24,True,,True,True,True,False,True,True
commentary:099__Daniel_Fluitt_of_Thrift_Store_Cowboys:54:55:h1,commentary,099__Daniel_Fluitt_of_Thrift_Store_Cowboys,54,1,55,Assert / Elaborate,raw_history_different_episode_assumptions_b256,raw_history_different_episode_assumptions,256,287.0,whitespace_v1,5,3,15,12,5,91,True,"[""full"", ""assumption_eligible"", ""dense_explicit"", ""complete_case""]",0.5,0.0,25,48,48,24,True,,True,True,True,False,True,True
commentary:099__Daniel_Fluitt_of_Thrift_Store_Cowboys:54:55:h1,commentary,099__Daniel_Fluitt_of_Thrift_Store_Cowboys,54,1,55,Assert / Elaborate,raw_history_same_episode_random_turn_assumptions_b256,raw_history_same_episode_random_turn_assumptions,256,287.0,whitespace_v1,5,3,15,12,5,91,True,"[""full"", ""assumption_eligible"", ""dense_explicit"", ""complete_case""]",0.5,0.0,25,48,48,24,True,,True,True,True,False,True,True
commentary:099__Daniel_Fluitt_of_Thrift_Store_Cowboys:54:55:h1,commentary,099__Daniel_Fluitt_of_Thrift_Store_Cowboys,54,1,55,Assert / Elaborate,raw_history_explicit_b256,raw_history_explicit,256,287.0,whitespace_v1,5,3,15,12,5,91,True,"[""full"", ""assumption_eligible"", ""dense_explicit"", ""complete_case""]",0.5,0.0,25,48,48,24,True,,True,True,True,False,True,True
commentary:099__Daniel_Fluitt_of_Thrift_Store_Cowboys:56:57:h1,commentary,099__Daniel_Fluitt_of_Thrift_Store_Cowboys,56,1,57,Assert / Elaborate,raw_history_b256,raw_history,256,256.0,whitespace_v1,4,3,22,12,5,58,True,"[""full"", ""assumption_eligible"", ""sparse_explicit"", ""complete_case""]",0.5,0.0,25,48,48,24,True,,True,True,True,True,False,True
commentary:099__Daniel_Fluitt_of_Thrift_Store_Cowboys:56:57:h1,commentary,099__Daniel_Fluitt_of_Thrift_Store_Cowboys,56,1,57,Assert / Elaborate,raw_history_true_assumptions_b256,raw_history_true_assumptions,256,298.0,whitespace_v1,4,3,22,12,5,58,True,"[""full"", ""assumption_eligible"", ""sparse_explicit"", ""complete_case""]",0.5208333333333334,0.041666666666666664,25,48,48,24,True,,True,True,True,True,False,True
commentary:099__Daniel_Fluitt_of_Thrift_Store_Cowboys:56:57:h1,commentary,099__Daniel_Fluitt_of_Thrift_Store_Cowboys,56,1,57,Assert / Elaborate,raw_history_different_episode_assumptions_b256,raw_history_different_episode_assumptions,256,298.0,whitespace_v1,4,3,22,12,5,58,True,"[""full"", ""assumption_eligible"", ""sparse_explicit"", ""complete_case""]",0.5,0.0,25,48,48,24,True,,True,True,True,True,False,True
commentary:099__Daniel_Fluitt_of_Thrift_Store_Cowboys:56:57:h1,commentary,099__Daniel_Fluitt_of_Thrift_Store_Cowboys,56,1,57,Assert / Elaborate,raw_history_same_episode_random_turn_assumptions_b256,raw_history_same_episode_random_turn_assumptions,256,298.0,whitespace_v1,4,3,22,12,5,58,True,"[""full"", ""assumption_eligible"", ""sparse_explicit"", ""complete_case""]",0.5,0.0,25,48,48,24,True,,True,True,True,True,False,True
commentary:099__Daniel_Fluitt_of_Thrift_Store_Cowboys:56:57:h1,commentary,099__Daniel_Fluitt_of_Thrift_Store_Cowboys,56,1,57,Assert / Elaborate,raw_history_explicit_b256,raw_history_explicit,256,298.0,whitespace_v1,4,3,22,12,5,58,True,"[""full"", ""assumption_eligible"", ""sparse_explicit"", ""complete_case""]",0.5,0.0,25,48,48,24,True,,True,True,True,True,False,True
commentary:108_BRIDGET_MENDEL:0:1:h1,commentary,108_BRIDGET_MENDEL,0,1,1,Assert / Elaborate,raw_history_b256,raw_history,256,78.0,whitespace_v1,5,3,5,3,5,77,True,"[""full"", ""assumption_eligible"", ""dense_explicit""]",0.5416666666666666,0.08333333333333333,25,48,48,24,True,,True,True,True,False,True,False
commentary:108_BRIDGET_MENDEL:0:1:h1,commentary,108_BRIDGET_MENDEL,0,1,1,Assert / Elaborate,raw_history_true_assumptions_b256,raw_history_true_assumptions,256,112.0,whitespace_v1,5,3,5,3,5,77,True,"[""full"", ""assumption_eligible"", ""dense_explicit""]",0.5416666666666666,0.08333333333333333,25,48,48,24,True,,True,True,True,False,True,False
commentary:108_BRIDGET_MENDEL:0:1:h1,commentary,108_BRIDGET_MENDEL,0,1,1,Assert / Elaborate,raw_history_different_episode_assumptions_b256,raw_history_different_episode_assumptions,256,112.0,whitespace_v1,5,3,5,3,5,77,True,"[""full"", ""assumption_eligible"", ""dense_explicit""]",0.5,0.0,25,48,48,24,True,,True,True,True,False,True,False
commentary:108_BRIDGET_MENDEL:0:1:h1,commentary,108_BRIDGET_MENDEL,0,1,1,Assert / Elaborate,raw_history_same_episode_random_turn_assumptions_b256,raw_history_same_episode_random_turn_assumptions,256,,whitespace_v1,5,3,5,3,5,77,True,[],,,25,48,0,0,False,no_length_matched_same_episode_random_turn_donor,True,False,False,False,False,False
commentary:108_BRIDGET_MENDEL:0:1:h1,commentary,108_BRIDGET_MENDEL,0,1,1,Assert / Elaborate,raw_history_explicit_b256,raw_history_explicit,256,112.0,whitespace_v1,5,3,5,3,5,77,True,"[""full"", ""assumption_eligible"", ""dense_explicit""]",0.5833333333333334,0.16666666666666666,25,48,48,24,True,,True,True,True,False,True,False
commentary:108_BRIDGET_MENDEL:1:2:h1,commentary,108_BRIDGET_MENDEL,1,1,2,Answer,raw_history_b256,raw_history,256,256.0,whitespace_v1,10,3,15,6,10,840,True,"[""full"", ""assumption_eligible"", ""dense_explicit""]",0.5416666666666666,0.08333333333333333,25,48,48,24,True,,True,True,True,False,True,False
commentary:108_BRIDGET_MENDEL:1:2:h1,commentary,108_BRIDGET_MENDEL,1,1,2,Answer,raw_history_true_assumptions_b256,raw_history_true_assumptions,256,300.0,whitespace_v1,10,3,15,6,10,840,True,"[""full"", ""assumption_eligible"", ""dense_explicit""]",0.6041666666666666,0.20833333333333334,25,48,48,24,True,,True,True,True,False,True,False
commentary:108_BRIDGET_MENDEL:1:2:h1,commentary,108_BRIDGET_MENDEL,1,1,2,Answer,raw_history_different_episode_assumptions_b256,raw_history_different_episode_assumptions,256,300.0,whitespace_v1,10,3,15,6,10,840,True,"[""full"", ""assumption_eligible"", ""dense_explicit""]",0.5208333333333334,0.041666666666666664,25,48,48,24,True,,True,True,True,False,True,False
commentary:108_BRIDGET_MENDEL:1:2:h1,commentary,108_BRIDGET_MENDEL,1,1,2,Answer,raw_history_same_episode_random_turn_assumptions_b256,raw_history_same_episode_random_turn_assumptions,256,,whitespace_v1,10,3,15,6,10,840,True,[],,,25,48,0,0,False,no_length_matched_same_episode_random_turn_donor,True,False,False,False,False,False
commentary:108_BRIDGET_MENDEL:1:2:h1,commentary,108_BRIDGET_MENDEL,1,1,2,Answer,raw_history_explicit_b256,raw_history_explicit,256,300.0,whitespace_v1,10,3,15,6,10,840,True,"[""full"", ""assumption_eligible"", ""dense_explicit""]",0.5625,0.125,25,48,48,24,True,,True,True,True,False,True,False
news:13_Live__Love__Laugh_with_Lexie_in_Lockdown__-_Dancing_Leopard__Dalgonas___Dangerously_tight_shorts:1:2:h1,news,13_Live__Love__Laugh_with_Lexie_in_Lockdown__-_Dancing_Leopard__Dalgonas___Dangerously_tight_shorts,1,1,2,Answer,raw_history_b256,raw_history,256,256.0,whitespace_v1,10,3,20,6,7,98,True,"[""full"", ""assumption_eligible"", ""dense_explicit""]",0.5416666666666666,0.08333333333333333,25,48,48,24,True,,True,True,True,False,True,False
news:13_Live__Love__Laugh_with_Lexie_in_Lockdown__-_Dancing_Leopard__Dalgonas___Dangerously_tight_shorts:1:2:h1,news,13_Live__Love__Laugh_with_Lexie_in_Lockdown__-_Dancing_Leopard__Dalgonas___Dangerously_tight_shorts,1,1,2,Answer,raw_history_true_assumptions_b256,raw_history_true_assumptions,256,294.0,whitespace_v1,10,3,20,6,7,98,True,"[""full"", ""assumption_eligible"", ""dense_explicit""]",0.5,0.0,25,48,48,24,True,,True,True,True,False,True,False
news:13_Live__Love__Laugh_with_Lexie_in_Lockdown__-_Dancing_Leopard__Dalgonas___Dangerously_tight_shorts:1:2:h1,news,13_Live__Love__Laugh_with_Lexie_in_Lockdown__-_Dancing_Leopard__Dalgonas___Dangerously_tight_shorts,1,1,2,Answer,raw_history_different_episode_assumptions_b256,raw_history_different_episode_assumptions,256,294.0,whitespace_v1,10,3,20,6,7,98,True,"[""full"", ""assumption_eligible"", ""dense_explicit""]",0.5208333333333334,0.041666666666666664,25,48,48,24,True,,True,True,True,False,True,False
news:13_Live__Love__Laugh_with_Lexie_in_Lockdown__-_Dancing_Leopard__Dalgonas___Dangerously_tight_shorts:1:2:h1,news,13_Live__Love__Laugh_with_Lexie_in_Lockdown__-_Dancing_Leopard__Dalgonas___Dangerously_tight_shorts,1,1,2,Answer,raw_history_same_episode_random_turn_assumptions_b256,raw_history_same_episode_random_turn_assumptions,256,,whitespace_v1,10,3,20,6,7,98,True,[],,,25,48,0,0,False,no_length_matched_same_episode_random_turn_donor,True,False,False,False,False,False
news:13_Live__Love__Laugh_with_Lexie_in_Lockdown__-_Dancing_Leopard__Dalgonas___Dangerously_tight_shorts:1:2:h1,news,13_Live__Love__Laugh_with_Lexie_in_Lockdown__-_Dancing_Leopard__Dalgonas___Dangerously_tight_shorts,1,1,2,Answer,raw_history_explicit_b256,raw_history_explicit,256,294.0,whitespace_v1,10,3,20,6,7,98,True,"[""full"", ""assumption_eligible"", ""dense_explicit""]",0.5625,0.125,25,48,48,24,True,,True,True,True,False,True,False
news:13_Live__Love__Laugh_with_Lexie_in_Lockdown__-_Dancing_Leopard__Dalgonas___Dangerously_tight_shorts:2:3:h1,news,13_Live__Love__Laugh_with_Lexie_in_Lockdown__-_Dancing_Leopard__Dalgonas___Dangerously_tight_shorts,2,1,3,Assert / Elaborate,raw_history_b256,raw_history,256,256.0,whitespace_v1,10,3,30,9,10,105,True,"[""full"", ""assumption_eligible"", ""dense_explicit""]",0.6875,0.375,25,48,48,24,True,,True,True,True,False,True,False
news:13_Live__Love__Laugh_with_Lexie_in_Lockdown__-_Dancing_Leopard__Dalgonas___Dangerously_tight_shorts:2:3:h1,news,13_Live__Love__Laugh_with_Lexie_in_Lockdown__-_Dancing_Leopard__Dalgonas___Dangerously_tight_shorts,2,1,3,Assert / Elaborate,raw_history_true_assumptions_b256,raw_history_true_assumptions,256,291.0,whitespace_v1,10,3,30,9,10,105,True,"[""full"", ""assumption_eligible"", ""dense_explicit""]",0.625,0.25,25,48,48,24,True,,True,True,True,False,True,False
news:13_Live__Love__Laugh_with_Lexie_in_Lockdown__-_Dancing_Leopard__Dalgonas___Dangerously_tight_shorts:2:3:h1,news,13_Live__Love__Laugh_with_Lexie_in_Lockdown__-_Dancing_Leopard__Dalgonas___Dangerously_tight_shorts,2,1,3,Assert / Elaborate,raw_history_different_episode_assumptions_b256,raw_history_different_episode_assumptions,256,291.0,whitespace_v1,10,3,30,9,10,105,True,"[""full"", ""assumption_eligible"", ""dense_explicit""]",0.6458333333333334,0.2916666666666667,25,48,48,24,True,,True,True,True,False,True,False
news:13_Live__Love__Laugh_with_Lexie_in_Lockdown__-_Dancing_Leopard__Dalgonas___Dangerously_tight_shorts:2:3:h1,news,13_Live__Love__Laugh_with_Lexie_in_Lockdown__-_Dancing_Leopard__Dalgonas___Dangerously_tight_shorts,2,1,3,Assert / Elaborate,raw_history_same_episode_random_turn_assumptions_b256,raw_history_same_episode_random_turn_assumptions,256,,whitespace_v1,10,3,30,9,10,105,True,[],,,25,48,0,0,False,no_length_matched_same_episode_random_turn_donor,True,False,False,False,False,False
news:13_Live__Love__Laugh_with_Lexie_in_Lockdown__-_Dancing_Leopard__Dalgonas___Dangerously_tight_shorts:2:3:h1,news,13_Live__Love__Laugh_with_Lexie_in_Lockdown__-_Dancing_Leopard__Dalgonas___Dangerously_tight_shorts,2,1,3,Assert / Elaborate,raw_history_explicit_b256,raw_history_explicit,256,291.0,whitespace_v1,10,3,30,9,10,105,True,"[""full"", ""assumption_eligible"", ""dense_explicit""]",0.6041666666666666,0.20833333333333334,25,48,48,24,True,,True,True,True,False,True,False
news:13_Live__Love__Laugh_with_Lexie_in_Lockdown__-_Dancing_Leopard__Dalgonas___Dangerously_tight_shorts:8:9:h1,news,13_Live__Love__Laugh_with_Lexie_in_Lockdown__-_Dancing_Leopard__Dalgonas___Dangerously_tight_shorts,8,1,9,Assert / Elaborate,raw_history_b256,raw_history,256,256.0,whitespace_v1,5,3,33,12,5,71,True,"[""full"", ""assumption_eligible"", ""dense_explicit"", ""complete_case""]",0.6041666666666666,0.20833333333333334,25,48,48,24,True,,True,True,True,False,True,True
news:13_Live__Love__Laugh_with_Lexie_in_Lockdown__-_Dancing_Leopard__Dalgonas___Dangerously_tight_shorts:8:9:h1,news,13_Live__Love__Laugh_with_Lexie_in_Lockdown__-_Dancing_Leopard__Dalgonas___Dangerously_tight_shorts,8,1,9,Assert / Elaborate,raw_history_true_assumptions_b256,raw_history_true_assumptions,256,290.0,whitespace_v1,5,3,33,12,5,71,True,"[""full"", ""assumption_eligible"", ""dense_explicit"", ""complete_case""]",0.6041666666666666,0.20833333333333334,25,48,48,24,True,,True,True,True,False,True,True
news:13_Live__Love__Laugh_with_Lexie_in_Lockdown__-_Dancing_Leopard__Dalgonas___Dangerously_tight_shorts:8:9:h1,news,13_Live__Love__Laugh_with_Lexie_in_Lockdown__-_Dancing_Leopard__Dalgonas___Dangerously_tight_shorts,8,1,9,Assert / Elaborate,raw_history_different_episode_assumptions_b256,raw_history_different_episode_assumptions,256,290.0,whitespace_v1,5,3,33,12,5,71,True,"[""full"", ""assumption_eligible"", ""dense_explicit"", ""complete_case""]",0.625,0.25,25,48,48,24,True,,True,True,True,False,True,True
news:13_Live__Love__Laugh_with_Lexie_in_Lockdown__-_Dancing_Leopard__Dalgonas___Dangerously_tight_shorts:8:9:h1,news,13_Live__Love__Laugh_with_Lexie_in_Lockdown__-_Dancing_Leopard__Dalgonas___Dangerously_tight_shorts,8,1,9,Assert / Elaborate,raw_history_same_episode_random_turn_assumptions_b256,raw_history_same_episode_random_turn_assumptions,256,290.0,whitespace_v1,5,3,33,12,5,71,True,"[""full"", ""assumption_eligible"", ""dense_explicit"", ""complete_case""]",0.5208333333333334,0.041666666666666664,25,48,48,24,True,,True,True,True,False,True,True
news:13_Live__Love__Laugh_with_Lexie_in_Lockdown__-_Dancing_Leopard__Dalgonas___Dangerously_tight_shorts:8:9:h1,news,13_Live__Love__Laugh_with_Lexie_in_Lockdown__-_Dancing_Leopard__Dalgonas___Dangerously_tight_shorts,8,1,9,Assert / Elaborate,raw_history_explicit_b256,raw_history_explicit,256,290.0,whitespace_v1,5,3,33,12,5,71,True,"[""full"", ""assumption_eligible"", ""dense_explicit"", ""complete_case""]",0.6041666666666666,0.20833333333333334,25,48,48,24,True,,True,True,True,False,True,True
news:226__MLS_Tournament__Orlando_Or_Bust:0:1:h1,news,226__MLS_Tournament__Orlando_Or_Bust,0,1,1,Assert / Elaborate,raw_history_b256,raw_history,256,163.0,whitespace_v1,10,3,10,3,10,166,True,"[""full"", ""assumption_eligible"", ""dense_explicit""]",0.5625,0.125,25,48,48,24,True,,True,True,True,False,True,False
news:226__MLS_Tournament__Orlando_Or_Bust:0:1:h1,news,226__MLS_Tournament__Orlando_Or_Bust,0,1,1,Assert / Elaborate,raw_history_true_assumptions_b256,raw_history_true_assumptions,256,201.0,whitespace_v1,10,3,10,3,10,166,True,"[""full"", ""assumption_eligible"", ""dense_explicit""]",0.5416666666666666,0.08333333333333333,25,48,48,24,True,,True,True,True,False,True,False
news:226__MLS_Tournament__Orlando_Or_Bust:0:1:h1,news,226__MLS_Tournament__Orlando_Or_Bust,0,1,1,Assert / Elaborate,raw_history_different_episode_assumptions_b256,raw_history_different_episode_assumptions,256,201.0,whitespace_v1,10,3,10,3,10,166,True,"[""full"", ""assumption_eligible"", ""dense_explicit""]",0.5625,0.125,25,48,48,24,True,,True,True,True,False,True,False
news:226__MLS_Tournament__Orlando_Or_Bust:0:1:h1,news,226__MLS_Tournament__Orlando_Or_Bust,0,1,1,Assert / Elaborate,raw_history_same_episode_random_turn_assumptions_b256,raw_history_same_episode_random_turn_assumptions,256,,whitespace_v1,10,3,10,3,10,166,True,[],,,25,48,0,0,False,no_length_matched_same_episode_random_turn_donor,True,False,False,False,False,False
news:226__MLS_Tournament__Orlando_Or_Bust:0:1:h1,news,226__MLS_Tournament__Orlando_Or_Bust,0,1,1,Assert / Elaborate,raw_history_explicit_b256,raw_history_explicit,256,201.0,whitespace_v1,10,3,10,3,10,166,True,"[""full"", ""assumption_eligible"", ""dense_explicit""]",0.5625,0.125,25,48,48,24,True,,True,True,True,False,True,False
news:226__MLS_Tournament__Orlando_Or_Bust:0:3:h3,news,226__MLS_Tournament__Orlando_Or_Bust,0,3,3,Assert / Elaborate,raw_history_b256,raw_history,256,163.0,whitespace_v1,10,3,10,3,10,166,True,"[""full"", ""assumption_eligible"", ""dense_explicit""]",0.5208333333333334,0.041666666666666664,25,48,48,24,True,,True,True,True,False,True,False
news:226__MLS_Tournament__Orlando_Or_Bust:0:3:h3,news,226__MLS_Tournament__Orlando_Or_Bust,0,3,3,Assert / Elaborate,raw_history_true_assumptions_b256,raw_history_true_assumptions,256,201.0,whitespace_v1,10,3,10,3,10,166,True,"[""full"", ""assumption_eligible"", ""dense_explicit""]",0.5,0.0,25,48,48,24,True,,True,True,True,False,True,False
news:226__MLS_Tournament__Orlando_Or_Bust:0:3:h3,news,226__MLS_Tournament__Orlando_Or_Bust,0,3,3,Assert / Elaborate,raw_history_different_episode_assumptions_b256,raw_history_different_episode_assumptions,256,201.0,whitespace_v1,10,3,10,3,10,166,True,"[""full"", ""assumption_eligible"", ""dense_explicit""]",0.5,0.0,25,48,48,24,True,,True,True,True,False,True,False
news:226__MLS_Tournament__Orlando_Or_Bust:0:3:h3,news,226__MLS_Tournament__Orlando_Or_Bust,0,3,3,Assert / Elaborate,raw_history_same_episode_random_turn_assumptions_b256,raw_history_same_episode_random_turn_assumptions,256,,whitespace_v1,10,3,10,3,10,166,True,[],,,25,48,0,0,False,no_length_matched_same_episode_random_turn_donor,True,False,False,False,False,False
news:226__MLS_Tournament__Orlando_Or_Bust:0:3:h3,news,226__MLS_Tournament__Orlando_Or_Bust,0,3,3,Assert / Elaborate,raw_history_explicit_b256,raw_history_explicit,256,201.0,whitespace_v1,10,3,10,3,10,166,True,"[""full"", ""assumption_eligible"", ""dense_explicit""]",0.5208333333333334,0.041666666666666664,25,48,48,24,True,,True,True,True,False,True,False
news:226__MLS_Tournament__Orlando_Or_Bust:1:2:h1,news,226__MLS_Tournament__Orlando_Or_Bust,1,1,2,Assert / Elaborate,raw_history_b256,raw_history,256,256.0,whitespace_v1,10,3,20,6,10,448,True,"[""full"", ""assumption_eligible"", ""dense_explicit""]",0.5625,0.125,25,48,48,24,True,,True,True,True,False,True,False
news:226__MLS_Tournament__Orlando_Or_Bust:1:2:h1,news,226__MLS_Tournament__Orlando_Or_Bust,1,1,2,Assert / Elaborate,raw_history_true_assumptions_b256,raw_history_true_assumptions,256,308.0,whitespace_v1,10,3,20,6,10,448,True,"[""full"", ""assumption_eligible"", ""dense_explicit""]",0.5625,0.125,25,48,48,24,True,,True,True,True,False,True,False
news:226__MLS_Tournament__Orlando_Or_Bust:1:2:h1,news,226__MLS_Tournament__Orlando_Or_Bust,1,1,2,Assert / Elaborate,raw_history_different_episode_assumptions_b256,raw_history_different_episode_assumptions,256,308.0,whitespace_v1,10,3,20,6,10,448,True,"[""full"", ""assumption_eligible"", ""dense_explicit""]",0.5208333333333334,0.041666666666666664,25,48,48,24,True,,True,True,True,False,True,False
news:226__MLS_Tournament__Orlando_Or_Bust:1:2:h1,news,226__MLS_Tournament__Orlando_Or_Bust,1,1,2,Assert / Elaborate,raw_history_same_episode_random_turn_assumptions_b256,raw_history_same_episode_random_turn_assumptions,256,,whitespace_v1,10,3,20,6,10,448,True,[],,,25,48,0,0,False,no_length_matched_same_episode_random_turn_donor,True,False,False,False,False,False
news:226__MLS_Tournament__Orlando_Or_Bust:1:2:h1,news,226__MLS_Tournament__Orlando_Or_Bust,1,1,2,Assert / Elaborate,raw_history_explicit_b256,raw_history_explicit,256,308.0,whitespace_v1,10,3,20,6,10,448,True,"[""full"", ""assumption_eligible"", ""dense_explicit""]",0.5833333333333334,0.16666666666666666,25,48,48,24,True,,True,True,True,False,True,False
news:226__MLS_Tournament__Orlando_Or_Bust:2:3:h1,news,226__MLS_Tournament__Orlando_Or_Bust,2,1,3,Assert / Elaborate,raw_history_b256,raw_history,256,256.0,whitespace_v1,10,3,30,9,10,534,True,"[""full"", ""assumption_eligible"", ""dense_explicit""]",0.6041666666666666,0.20833333333333334,25,48,48,24,True,,True,True,True,False,True,False
news:226__MLS_Tournament__Orlando_Or_Bust:2:3:h1,news,226__MLS_Tournament__Orlando_Or_Bust,2,1,3,Assert / Elaborate,raw_history_true_assumptions_b256,raw_history_true_assumptions,256,294.0,whitespace_v1,10,3,30,9,10,534,True,"[""full"", ""assumption_eligible"", ""dense_explicit""]",0.625,0.25,25,48,48,24,True,,True,True,True,False,True,False
news:226__MLS_Tournament__Orlando_Or_Bust:2:3:h1,news,226__MLS_Tournament__Orlando_Or_Bust,2,1,3,Assert / Elaborate,raw_history_different_episode_assumptions_b256,raw_history_different_episode_assumptions,256,294.0,whitespace_v1,10,3,30,9,10,534,True,"[""full"", ""assumption_eligible"", ""dense_explicit""]",0.5625,0.125,25,48,48,24,True,,True,True,True,False,True,False
news:226__MLS_Tournament__Orlando_Or_Bust:2:3:h1,news,226__MLS_Tournament__Orlando_Or_Bust,2,1,3,Assert / Elaborate,raw_history_same_episode_random_turn_assumptions_b256,raw_history_same_episode_random_turn_assumptions,256,,whitespace_v1,10,3,30,9,10,534,True,[],,,25,48,0,0,False,no_length_matched_same_episode_random_turn_donor,True,False,False,False,False,False
news:226__MLS_Tournament__Orlando_Or_Bust:2:3:h1,news,226__MLS_Tournament__Orlando_Or_Bust,2,1,3,Assert / Elaborate,raw_history_explicit_b256,raw_history_explicit,256,294.0,whitespace_v1,10,3,30,9,10,534,True,"[""full"", ""assumption_eligible"", ""dense_explicit""]",0.5833333333333334,0.16666666666666666,25,48,48,24,True,,True,True,True,False,True,False
news:226__MLS_Tournament__Orlando_Or_Bust:6:7:h1,news,226__MLS_Tournament__Orlando_Or_Bust,6,1,7,Assert / Elaborate,raw_history_b256,raw_history,256,256.0,whitespace_v1,5,3,35,12,5,481,True,"[""full"", ""assumption_eligible"", ""dense_explicit"", ""complete_case""]",0.5416666666666666,0.08333333333333333,25,48,48,24,True,,True,True,True,False,True,True
news:226__MLS_Tournament__Orlando_Or_Bust:6:7:h1,news,226__MLS_Tournament__Orlando_Or_Bust,6,1,7,Assert / Elaborate,raw_history_true_assumptions_b256,raw_history_true_assumptions,256,293.0,whitespace_v1,5,3,35,12,5,481,True,"[""full"", ""assumption_eligible"", ""dense_explicit"", ""complete_case""]",0.5625,0.125,25,48,48,24,True,,True,True,True,False,True,True
news:226__MLS_Tournament__Orlando_Or_Bust:6:7:h1,news,226__MLS_Tournament__Orlando_Or_Bust,6,1,7,Assert / Elaborate,raw_history_different_episode_assumptions_b256,raw_history_different_episode_assumptions,256,293.0,whitespace_v1,5,3,35,12,5,481,True,"[""full"", ""assumption_eligible"", ""dense_explicit"", ""complete_case""]",0.5416666666666666,0.08333333333333333,25,48,48,24,True,,True,True,True,False,True,True
news:226__MLS_Tournament__Orlando_Or_Bust:6:7:h1,news,226__MLS_Tournament__Orlando_Or_Bust,6,1,7,Assert / Elaborate,raw_history_same_episode_random_turn_assumptions_b256,raw_history_same_episode_random_turn_assumptions,256,293.0,whitespace_v1,5,3,35,12,5,481,True,"[""full"", ""assumption_eligible"", ""dense_explicit"", ""complete_case""]",0.5625,0.125,25,48,48,24,True,,True,True,True,False,True,True
news:226__MLS_Tournament__Orlando_Or_Bust:6:7:h1,news,226__MLS_Tournament__Orlando_Or_Bust,6,1,7,Assert / Elaborate,raw_history_explicit_b256,raw_history_explicit,256,293.0,whitespace_v1,5,3,35,12,5,481,True,"[""full"", ""assumption_eligible"", ""dense_explicit"", ""complete_case""]",0.5416666666666666,0.08333333333333333,25,48,48,24,True,,True,True,True,False,True,True
news:226__MLS_Tournament__Orlando_Or_Bust:6:9:h3,news,226__MLS_Tournament__Orlando_Or_Bust,6,3,9,Assert / Elaborate,raw_history_b256,raw_history,256,256.0,whitespace_v1,5,3,35,12,5,481,True,"[""full"", ""assumption_eligible"", ""dense_explicit"", ""complete_case""]",0.5416666666666666,0.08333333333333333,25,48,48,24,True,,True,True,True,False,True,True
news:226__MLS_Tournament__Orlando_Or_Bust:6:9:h3,news,226__MLS_Tournament__Orlando_Or_Bust,6,3,9,Assert / Elaborate,raw_history_true_assumptions_b256,raw_history_true_assumptions,256,293.0,whitespace_v1,5,3,35,12,5,481,True,"[""full"", ""assumption_eligible"", ""dense_explicit"", ""complete_case""]",0.5208333333333334,0.041666666666666664,25,48,48,24,True,,True,True,True,False,True,True
news:226__MLS_Tournament__Orlando_Or_Bust:6:9:h3,news,226__MLS_Tournament__Orlando_Or_Bust,6,3,9,Assert / Elaborate,raw_history_different_episode_assumptions_b256,raw_history_different_episode_assumptions,256,293.0,whitespace_v1,5,3,35,12,5,481,True,"[""full"", ""assumption_eligible"", ""dense_explicit"", ""complete_case""]",0.5,0.0,25,48,48,24,True,,True,True,True,False,True,True
news:226__MLS_Tournament__Orlando_Or_Bust:6:9:h3,news,226__MLS_Tournament__Orlando_Or_Bust,6,3,9,Assert / Elaborate,raw_history_same_episode_random_turn_assumptions_b256,raw_history_same_episode_random_turn_assumptions,256,293.0,whitespace_v1,5,3,35,12,5,481,True,"[""full"", ""assumption_eligible"", ""dense_explicit"", ""complete_case""]",0.5208333333333334,0.041666666666666664,25,48,48,24,True,,True,True,True,False,True,True
news:226__MLS_Tournament__Orlando_Or_Bust:6:9:h3,news,226__MLS_Tournament__Orlando_Or_Bust,6,3,9,Assert / Elaborate,raw_history_explicit_b256,raw_history_explicit,256,293.0,whitespace_v1,5,3,35,12,5,481,True,"[""full"", ""assumption_eligible"", ""dense_explicit"", ""complete_case""]",0.5,0.0,25,48,48,24,True,,True,True,True,False,True,True
news:226__MLS_Tournament__Orlando_Or_Bust:7:8:h1,news,226__MLS_Tournament__Orlando_Or_Bust,7,1,8,Assert / Elaborate,raw_history_b256,raw_history,256,256.0,whitespace_v1,7,3,32,12,6,197,True,"[""full"", ""assumption_eligible"", ""dense_explicit"", ""complete_case""]",0.6041666666666666,0.20833333333333334,25,48,48,24,True,,True,True,True,False,True,True
news:226__MLS_Tournament__Orlando_Or_Bust:7:8:h1,news,226__MLS_Tournament__Orlando_Or_Bust,7,1,8,Assert / Elaborate,raw_history_true_assumptions_b256,raw_history_true_assumptions,256,292.0,whitespace_v1,7,3,32,12,6,197,True,"[""full"", ""assumption_eligible"", ""dense_explicit"", ""complete_case""]",0.5833333333333334,0.16666666666666666,25,48,48,24,True,,True,True,True,False,True,True
news:226__MLS_Tournament__Orlando_Or_Bust:7:8:h1,news,226__MLS_Tournament__Orlando_Or_Bust,7,1,8,Assert / Elaborate,raw_history_different_episode_assumptions_b256,raw_history_different_episode_assumptions,256,292.0,whitespace_v1,7,3,32,12,6,197,True,"[""full"", ""assumption_eligible"", ""dense_explicit"", ""complete_case""]",0.5625,0.125,25,48,48,24,True,,True,True,True,False,True,True
news:226__MLS_Tournament__Orlando_Or_Bust:7:8:h1,news,226__MLS_Tournament__Orlando_Or_Bust,7,1,8,Assert / Elaborate,raw_history_same_episode_random_turn_assumptions_b256,raw_history_same_episode_random_turn_assumptions,256,292.0,whitespace_v1,7,3,32,12,6,197,True,"[""full"", ""assumption_eligible"", ""dense_explicit"", ""complete_case""]",0.6041666666666666,0.20833333333333334,25,48,48,24,True,,True,True,True,False,True,True
news:226__MLS_Tournament__Orlando_Or_Bust:7:8:h1,news,226__MLS_Tournament__Orlando_Or_Bust,7,1,8,Assert / Elaborate,raw_history_explicit_b256,raw_history_explicit,256,292.0,whitespace_v1,7,3,32,12,6,197,True,"[""full"", ""assumption_eligible"", ""dense_explicit"", ""complete_case""]",0.5833333333333334,0.16666666666666666,25,48,48,24,True,,True,True,True,False,True,True
news:226__MLS_Tournament__Orlando_Or_Bust:7:10:h3,news,226__MLS_Tournament__Orlando_Or_Bust,7,3,10,Assert / Elaborate,raw_history_b256,raw_history,256,256.0,whitespace_v1,7,3,32,12,6,197,True,"[""full"", ""assumption_eligible"", ""dense_explicit"", ""complete_case""]",0.5,0.0,25,48,48,24,True,,True,True,True,False,True,True
news:226__MLS_Tournament__Orlando_Or_Bust:7:10:h3,news,226__MLS_Tournament__Orlando_Or_Bust,7,3,10,Assert / Elaborate,raw_history_true_assumptions_b256,raw_history_true_assumptions,256,292.0,whitespace_v1,7,3,32,12,6,197,True,"[""full"", ""assumption_eligible"", ""dense_explicit"", ""complete_case""]",0.5208333333333334,0.041666666666666664,25,48,48,24,True,,True,True,True,False,True,True
news:226__MLS_Tournament__Orlando_Or_Bust:7:10:h3,news,226__MLS_Tournament__Orlando_Or_Bust,7,3,10,Assert / Elaborate,raw_history_different_episode_assumptions_b256,raw_history_different_episode_assumptions,256,292.0,whitespace_v1,7,3,32,12,6,197,True,"[""full"", ""assumption_eligible"", ""dense_explicit"", ""complete_case""]",0.5208333333333334,0.041666666666666664,25,48,48,24,True,,True,True,True,False,True,True
news:226__MLS_Tournament__Orlando_Or_Bust:7:10:h3,news,226__MLS_Tournament__Orlando_Or_Bust,7,3,10,Assert / Elaborate,raw_history_same_episode_random_turn_assumptions_b256,raw_history_same_episode_random_turn_assumptions,256,292.0,whitespace_v1,7,3,32,12,6,197,True,"[""full"", ""assumption_eligible"", ""dense_explicit"", ""complete_case""]",0.5208333333333334,0.041666666666666664,25,48,48,24,True,,True,True,True,False,True,True
news:226__MLS_Tournament__Orlando_Or_Bust:7:10:h3,news,226__MLS_Tournament__Orlando_Or_Bust,7,3,10,Assert / Elaborate,raw_history_explicit_b256,raw_history_explicit,256,292.0,whitespace_v1,7,3,32,12,6,197,True,"[""full"", ""assumption_eligible"", ""dense_explicit"", ""complete_case""]",0.5208333333333334,0.041666666666666664,25,48,48,24,True,,True,True,True,False,True,True
news:226__MLS_Tournament__Orlando_Or_Bust:8:9:h1,news,226__MLS_Tournament__Orlando_Or_Bust,8,1,9,Assert / Elaborate,raw_history_b256,raw_history,256,256.0,whitespace_v1,8,3,30,12,7,116,True,"[""full"", ""assumption_eligible"", ""dense_explicit"", ""complete_case""]",0.6875,0.375,25,48,48,24,True,,True,True,True,False,True,True
news:226__MLS_Tournament__Orlando_Or_Bust:8:9:h1,news,226__MLS_Tournament__Orlando_Or_Bust,8,1,9,Assert / Elaborate,raw_history_true_assumptions_b256,raw_history_true_assumptions,256,285.0,whitespace_v1,8,3,30,12,7,116,True,"[""full"", ""assumption_eligible"", ""dense_explicit"", ""complete_case""]",0.625,0.25,25,48,48,24,True,,True,True,True,False,True,True
news:226__MLS_Tournament__Orlando_Or_Bust:8:9:h1,news,226__MLS_Tournament__Orlando_Or_Bust,8,1,9,Assert / Elaborate,raw_history_different_episode_assumptions_b256,raw_history_different_episode_assumptions,256,285.0,whitespace_v1,8,3,30,12,7,116,True,"[""full"", ""assumption_eligible"", ""dense_explicit"", ""complete_case""]",0.625,0.25,25,48,48,24,True,,True,True,True,False,True,True
news:226__MLS_Tournament__Orlando_Or_Bust:8:9:h1,news,226__MLS_Tournament__Orlando_Or_Bust,8,1,9,Assert / Elaborate,raw_history_same_episode_random_turn_assumptions_b256,raw_history_same_episode_random_turn_assumptions,256,285.0,whitespace_v1,8,3,30,12,7,116,True,"[""full"", ""assumption_eligible"", ""dense_explicit"", ""complete_case""]",0.6458333333333334,0.2916666666666667,25,48,48,24,True,,True,True,True,False,True,True
news:226__MLS_Tournament__Orlando_Or_Bust:8:9:h1,news,226__MLS_Tournament__Orlando_Or_Bust,8,1,9,Assert / Elaborate,raw_history_explicit_b256,raw_history_explicit,256,285.0,whitespace_v1,8,3,30,12,7,116,True,"[""full"", ""assumption_eligible"", ""dense_explicit"", ""complete_case""]",0.5208333333333334,0.041666666666666664,25,48,48,24,True,,True,True,True,False,True,True
news:226__MLS_Tournament__Orlando_Or_Bust:9:10:h1,news,226__MLS_Tournament__Orlando_Or_Bust,9,1,10,Assert / Elaborate,raw_history_b256,raw_history,256,256.0,whitespace_v1,10,3,30,12,10,832,True,"[""full"", ""assumption_eligible"", ""dense_explicit"", ""complete_case""]",0.5625,0.125,25,48,48,24,True,,True,True,True,False,True,True
news:226__MLS_Tournament__Orlando_Or_Bust:9:10:h1,news,226__MLS_Tournament__Orlando_Or_Bust,9,1,10,Assert / Elaborate,raw_history_true_assumptions_b256,raw_history_true_assumptions,256,295.0,whitespace_v1,10,3,30,12,10,832,True,"[""full"", ""assumption_eligible"", ""dense_explicit"", ""complete_case""]",0.5625,0.125,25,48,48,24,True,,True,True,True,False,True,True
news:226__MLS_Tournament__Orlando_Or_Bust:9:10:h1,news,226__MLS_Tournament__Orlando_Or_Bust,9,1,10,Assert / Elaborate,raw_history_different_episode_assumptions_b256,raw_history_different_episode_assumptions,256,295.0,whitespace_v1,10,3,30,12,10,832,True,"[""full"", ""assumption_eligible"", ""dense_explicit"", ""complete_case""]",0.5625,0.125,25,48,48,24,True,,True,True,True,False,True,True
news:226__MLS_Tournament__Orlando_Or_Bust:9:10:h1,news,226__MLS_Tournament__Orlando_Or_Bust,9,1,10,Assert / Elaborate,raw_history_same_episode_random_turn_assumptions_b256,raw_history_same_episode_random_turn_assumptions,256,295.0,whitespace_v1,10,3,30,12,10,832,True,"[""full"", ""assumption_eligible"", ""dense_explicit"", ""complete_case""]",0.5625,0.125,25,48,48,24,True,,True,True,True,False,True,True
news:226__MLS_Tournament__Orlando_Or_Bust:9:10:h1,news,226__MLS_Tournament__Orlando_Or_Bust,9,1,10,Assert / Elaborate,raw_history_explicit_b256,raw_history_explicit,256,295.0,whitespace_v1,10,3,30,12,10,832,True,"[""full"", ""assumption_eligible"", ""dense_explicit"", ""complete_case""]",0.5625,0.125,25,48,48,24,True,,True,True,True,False,True,True
news:226__MLS_Tournament__Orlando_Or_Bust:11:12:h1,news,226__MLS_Tournament__Orlando_Or_Bust,11,1,12,Assert / Elaborate,raw_history_b256,raw_history,256,256.0,whitespace_v1,10,3,37,12,10,191,True,"[""full"", ""assumption_eligible"", ""dense_explicit"", ""complete_case""]",0.5625,0.20833333333333334,25,48,48,24,True,,True,True,True,False,True,True
news:226__MLS_Tournament__Orlando_Or_Bust:11:12:h1,news,226__MLS_Tournament__Orlando_Or_Bust,11,1,12,Assert / Elaborate,raw_history_true_assumptions_b256,raw_history_true_assumptions,256,297.0,whitespace_v1,10,3,37,12,10,191,True,"[""full"", ""assumption_eligible"", ""dense_explicit"", ""complete_case""]",0.5833333333333334,0.16666666666666666,25,48,48,24,True,,True,True,True,False,True,True
news:226__MLS_Tournament__Orlando_Or_Bust:11:12:h1,news,226__MLS_Tournament__Orlando_Or_Bust,11,1,12,Assert / Elaborate,raw_history_different_episode_assumptions_b256,raw_history_different_episode_assumptions,256,297.0,whitespace_v1,10,3,37,12,10,191,True,"[""full"", ""assumption_eligible"", ""dense_explicit"", ""complete_case""]",0.5,0.0,25,48,48,24,True,,True,True,True,False,True,True
news:226__MLS_Tournament__Orlando_Or_Bust:11:12:h1,news,226__MLS_Tournament__Orlando_Or_Bust,11,1,12,Assert / Elaborate,raw_history_same_episode_random_turn_assumptions_b256,raw_history_same_episode_random_turn_assumptions,256,297.0,whitespace_v1,10,3,37,12,10,191,True,"[""full"", ""assumption_eligible"", ""dense_explicit"", ""complete_case""]",0.5416666666666666,0.08333333333333333,25,48,48,24,True,,True,True,True,False,True,True
news:226__MLS_Tournament__Orlando_Or_Bust:11:12:h1,news,226__MLS_Tournament__Orlando_Or_Bust,11,1,12,Assert / Elaborate,raw_history_explicit_b256,raw_history_explicit,256,297.0,whitespace_v1,10,3,37,12,10,191,True,"[""full"", ""assumption_eligible"", ""dense_explicit"", ""complete_case""]",0.5,0.0,25,48,48,24,True,,True,True,True,False,True,True
news:226__MLS_Tournament__Orlando_Or_Bust:11:14:h3,news,226__MLS_Tournament__Orlando_Or_Bust,11,3,14,Correction / Challenge,raw_history_b256,raw_history,256,256.0,whitespace_v1,10,3,37,12,10,191,True,"[""full"", ""assumption_eligible"", ""dense_explicit"", ""complete_case""]",0.5,0.0,25,48,48,24,True,,True,True,True,False,True,True
news:226__MLS_Tournament__Orlando_Or_Bust:11:14:h3,news,226__MLS_Tournament__Orlando_Or_Bust,11,3,14,Correction / Challenge,raw_history_true_assumptions_b256,raw_history_true_assumptions,256,297.0,whitespace_v1,10,3,37,12,10,191,True,"[""full"", ""assumption_eligible"", ""dense_explicit"", ""complete_case""]",0.5,0.0,25,48,48,24,True,,True,True,True,False,True,True
news:226__MLS_Tournament__Orlando_Or_Bust:11:14:h3,news,226__MLS_Tournament__Orlando_Or_Bust,11,3,14,Correction / Challenge,raw_history_different_episode_assumptions_b256,raw_history_different_episode_assumptions,256,297.0,whitespace_v1,10,3,37,12,10,191,True,"[""full"", ""assumption_eligible"", ""dense_explicit"", ""complete_case""]",0.5,0.0,25,48,48,24,True,,True,True,True,False,True,True
news:226__MLS_Tournament__Orlando_Or_Bust:11:14:h3,news,226__MLS_Tournament__Orlando_Or_Bust,11,3,14,Correction / Challenge,raw_history_same_episode_random_turn_assumptions_b256,raw_history_same_episode_random_turn_assumptions,256,297.0,whitespace_v1,10,3,37,12,10,191,True,"[""full"", ""assumption_eligible"", ""dense_explicit"", ""complete_case""]",0.5,0.0,25,48,48,24,True,,True,True,True,False,True,True
news:226__MLS_Tournament__Orlando_Or_Bust:11:14:h3,news,226__MLS_Tournament__Orlando_Or_Bust,11,3,14,Correction / Challenge,raw_history_explicit_b256,raw_history_explicit,256,297.0,whitespace_v1,10,3,37,12,10,191,True,"[""full"", ""assumption_eligible"", ""dense_explicit"", ""complete_case""]",0.5,0.0,25,48,48,24,True,,True,True,True,False,True,True
news:226__MLS_Tournament__Orlando_Or_Bust:11:16:h5,news,226__MLS_Tournament__Orlando_Or_Bust,11,5,16,Assert / Elaborate,raw_history_b256,raw_history,256,256.0,whitespace_v1,10,3,37,12,10,191,True,"[""full"", ""assumption_eligible"", ""dense_explicit"", ""complete_case""]",0.5,0.0,25,48,48,24,True,,True,True,True,False,True,True
news:226__MLS_Tournament__Orlando_Or_Bust:11:16:h5,news,226__MLS_Tournament__Orlando_Or_Bust,11,5,16,Assert / Elaborate,raw_history_true_assumptions_b256,raw_history_true_assumptions,256,297.0,whitespace_v1,10,3,37,12,10,191,True,"[""full"", ""assumption_eligible"", ""dense_explicit"", ""complete_case""]",0.5208333333333334,0.041666666666666664,25,48,48,24,True,,True,True,True,False,True,True
news:226__MLS_Tournament__Orlando_Or_Bust:11:16:h5,news,226__MLS_Tournament__Orlando_Or_Bust,11,5,16,Assert / Elaborate,raw_history_different_episode_assumptions_b256,raw_history_different_episode_assumptions,256,297.0,whitespace_v1,10,3,37,12,10,191,True,"[""full"", ""assumption_eligible"", ""dense_explicit"", ""complete_case""]",0.5,0.0,25,48,48,24,True,,True,True,True,False,True,True
news:226__MLS_Tournament__Orlando_Or_Bust:11:16:h5,news,226__MLS_Tournament__Orlando_Or_Bust,11,5,16,Assert / Elaborate,raw_history_same_episode_random_turn_assumptions_b256,raw_history_same_episode_random_turn_assumptions,256,297.0,whitespace_v1,10,3,37,12,10,191,True,"[""full"", ""assumption_eligible"", ""dense_explicit"", ""complete_case""]",0.5208333333333334,0.041666666666666664,25,48,48,24,True,,True,True,True,False,True,True
news:226__MLS_Tournament__Orlando_Or_Bust:11:16:h5,news,226__MLS_Tournament__Orlando_Or_Bust,11,5,16,Assert / Elaborate,raw_history_explicit_b256,raw_history_explicit,256,297.0,whitespace_v1,10,3,37,12,10,191,True,"[""full"", ""assumption_eligible"", ""dense_explicit"", ""complete_case""]",0.5416666666666666,0.08333333333333333,25,48,48,24,True,,True,True,True,False,True,True
news:226__MLS_Tournament__Orlando_Or_Bust:12:13:h1,news,226__MLS_Tournament__Orlando_Or_Bust,12,1,13,Assert / Elaborate,raw_history_b256,raw_history,256,256.0,whitespace_v1,10,3,39,12,10,750,True,"[""full"", ""assumption_eligible"", ""dense_explicit"", ""complete_case""]",0.625,0.25,25,48,48,24,True,,True,True,True,False,True,True
news:226__MLS_Tournament__Orlando_Or_Bust:12:13:h1,news,226__MLS_Tournament__Orlando_Or_Bust,12,1,13,Assert / Elaborate,raw_history_true_assumptions_b256,raw_history_true_assumptions,256,302.0,whitespace_v1,10,3,39,12,10,750,True,"[""full"", ""assumption_eligible"", ""dense_explicit"", ""complete_case""]",0.5833333333333334,0.16666666666666666,25,48,48,24,True,,True,True,True,False,True,True
news:226__MLS_Tournament__Orlando_Or_Bust:12:13:h1,news,226__MLS_Tournament__Orlando_Or_Bust,12,1,13,Assert / Elaborate,raw_history_different_episode_assumptions_b256,raw_history_different_episode_assumptions,256,302.0,whitespace_v1,10,3,39,12,10,750,True,"[""full"", ""assumption_eligible"", ""dense_explicit"", ""complete_case""]",0.5625,0.125,25,48,48,24,True,,True,True,True,False,True,True
news:226__MLS_Tournament__Orlando_Or_Bust:12:13:h1,news,226__MLS_Tournament__Orlando_Or_Bust,12,1,13,Assert / Elaborate,raw_history_same_episode_random_turn_assumptions_b256,raw_history_same_episode_random_turn_assumptions,256,302.0,whitespace_v1,10,3,39,12,10,750,True,"[""full"", ""assumption_eligible"", ""dense_explicit"", ""complete_case""]",0.6041666666666666,0.20833333333333334,25,48,48,24,True,,True,True,True,False,True,True
news:226__MLS_Tournament__Orlando_Or_Bust:12:13:h1,news,226__MLS_Tournament__Orlando_Or_Bust,12,1,13,Assert / Elaborate,raw_history_explicit_b256,raw_history_explicit,256,302.0,whitespace_v1,10,3,39,12,10,750,True,"[""full"", ""assumption_eligible"", ""dense_explicit"", ""complete_case""]",0.6041666666666666,0.20833333333333334,25,48,48,24,True,,True,True,True,False,True,True
news:226__MLS_Tournament__Orlando_Or_Bust:12:15:h3,news,226__MLS_Tournament__Orlando_Or_Bust,12,3,15,Assert / Elaborate,raw_history_b256,raw_history,256,256.0,whitespace_v1,10,3,39,12,10,750,True,"[""full"", ""assumption_eligible"", ""dense_explicit"", ""complete_case""]",0.5208333333333334,0.041666666666666664,25,48,48,24,True,,True,True,True,False,True,True
news:226__MLS_Tournament__Orlando_Or_Bust:12:15:h3,news,226__MLS_Tournament__Orlando_Or_Bust,12,3,15,Assert / Elaborate,raw_history_true_assumptions_b256,raw_history_true_assumptions,256,302.0,whitespace_v1,10,3,39,12,10,750,True,"[""full"", ""assumption_eligible"", ""dense_explicit"", ""complete_case""]",0.5416666666666666,0.08333333333333333,25,48,48,24,True,,True,True,True,False,True,True
news:226__MLS_Tournament__Orlando_Or_Bust:12:15:h3,news,226__MLS_Tournament__Orlando_Or_Bust,12,3,15,Assert / Elaborate,raw_history_different_episode_assumptions_b256,raw_history_different_episode_assumptions,256,302.0,whitespace_v1,10,3,39,12,10,750,True,"[""full"", ""assumption_eligible"", ""dense_explicit"", ""complete_case""]",0.5208333333333334,0.041666666666666664,25,48,48,24,True,,True,True,True,False,True,True
news:226__MLS_Tournament__Orlando_Or_Bust:12:15:h3,news,226__MLS_Tournament__Orlando_Or_Bust,12,3,15,Assert / Elaborate,raw_history_same_episode_random_turn_assumptions_b256,raw_history_same_episode_random_turn_assumptions,256,302.0,whitespace_v1,10,3,39,12,10,750,True,"[""full"", ""assumption_eligible"", ""dense_explicit"", ""complete_case""]",0.5,0.0,25,48,48,24,True,,True,True,True,False,True,True
news:226__MLS_Tournament__Orlando_Or_Bust:12:15:h3,news,226__MLS_Tournament__Orlando_Or_Bust,12,3,15,Assert / Elaborate,raw_history_explicit_b256,raw_history_explicit,256,302.0,whitespace_v1,10,3,39,12,10,750,True,"[""full"", ""assumption_eligible"", ""dense_explicit"", ""complete_case""]",0.5208333333333334,0.041666666666666664,25,48,48,24,True,,True,True,True,False,True,True
news:226__MLS_Tournament__Orlando_Or_Bust:13:14:h1,news,226__MLS_Tournament__Orlando_Or_Bust,13,1,14,Correction / Challenge,raw_history_b256,raw_history,256,256.0,whitespace_v1,10,3,39,12,10,464,True,"[""full"", ""assumption_eligible"", ""dense_explicit"", ""complete_case""]",0.625,0.25,25,48,48,24,True,,True,True,True,False,True,True
news:226__MLS_Tournament__Orlando_Or_Bust:13:14:h1,news,226__MLS_Tournament__Orlando_Or_Bust,13,1,14,Correction / Challenge,raw_history_true_assumptions_b256,raw_history_true_assumptions,256,298.0,whitespace_v1,10,3,39,12,10,464,True,"[""full"", ""assumption_eligible"", ""dense_explicit"", ""complete_case""]",0.5416666666666666,0.08333333333333333,25,48,48,24,True,,True,True,True,False,True,True
news:226__MLS_Tournament__Orlando_Or_Bust:13:14:h1,news,226__MLS_Tournament__Orlando_Or_Bust,13,1,14,Correction / Challenge,raw_history_different_episode_assumptions_b256,raw_history_different_episode_assumptions,256,298.0,whitespace_v1,10,3,39,12,10,464,True,"[""full"", ""assumption_eligible"", ""dense_explicit"", ""complete_case""]",0.5416666666666666,0.08333333333333333,25,48,48,24,True,,True,True,True,False,True,True
news:226__MLS_Tournament__Orlando_Or_Bust:13:14:h1,news,226__MLS_Tournament__Orlando_Or_Bust,13,1,14,Correction / Challenge,raw_history_same_episode_random_turn_assumptions_b256,raw_history_same_episode_random_turn_assumptions,256,298.0,whitespace_v1,10,3,39,12,10,464,True,"[""full"", ""assumption_eligible"", ""dense_explicit"", ""complete_case""]",0.625,0.25,25,48,48,24,True,,True,True,True,False,True,True
news:226__MLS_Tournament__Orlando_Or_Bust:13:14:h1,news,226__MLS_Tournament__Orlando_Or_Bust,13,1,14,Correction / Challenge,raw_history_explicit_b256,raw_history_explicit,256,298.0,whitespace_v1,10,3,39,12,10,464,True,"[""full"", ""assumption_eligible"", ""dense_explicit"", ""complete_case""]",0.5416666666666666,0.08333333333333333,25,48,48,24,True,,True,True,True,False,True,True
news:226__MLS_Tournament__Orlando_Or_Bust:13:16:h3,news,226__MLS_Tournament__Orlando_Or_Bust,13,3,16,Assert / Elaborate,raw_history_b256,raw_history,256,256.0,whitespace_v1,10,3,39,12,10,464,True,"[""full"", ""assumption_eligible"", ""dense_explicit"", ""complete_case""]",0.5833333333333334,0.16666666666666666,25,48,48,24,True,,True,True,True,False,True,True
news:226__MLS_Tournament__Orlando_Or_Bust:13:16:h3,news,226__MLS_Tournament__Orlando_Or_Bust,13,3,16,Assert / Elaborate,raw_history_true_assumptions_b256,raw_history_true_assumptions,256,298.0,whitespace_v1,10,3,39,12,10,464,True,"[""full"", ""assumption_eligible"", ""dense_explicit"", ""complete_case""]",0.5208333333333334,0.041666666666666664,25,48,48,24,True,,True,True,True,False,True,True
news:226__MLS_Tournament__Orlando_Or_Bust:13:16:h3,news,226__MLS_Tournament__Orlando_Or_Bust,13,3,16,Assert / Elaborate,raw_history_different_episode_assumptions_b256,raw_history_different_episode_assumptions,256,298.0,whitespace_v1,10,3,39,12,10,464,True,"[""full"", ""assumption_eligible"", ""dense_explicit"", ""complete_case""]",0.5,0.0,25,48,48,24,True,,True,True,True,False,True,True
news:226__MLS_Tournament__Orlando_Or_Bust:13:16:h3,news,226__MLS_Tournament__Orlando_Or_Bust,13,3,16,Assert / Elaborate,raw_history_same_episode_random_turn_assumptions_b256,raw_history_same_episode_random_turn_assumptions,256,298.0,whitespace_v1,10,3,39,12,10,464,True,"[""full"", ""assumption_eligible"", ""dense_explicit"", ""complete_case""]",0.5,0.0,25,48,48,24,True,,True,True,True,False,True,True
news:226__MLS_Tournament__Orlando_Or_Bust:13:16:h3,news,226__MLS_Tournament__Orlando_Or_Bust,13,3,16,Assert / Elaborate,raw_history_explicit_b256,raw_history_explicit,256,298.0,whitespace_v1,10,3,39,12,10,464,True,"[""full"", ""assumption_eligible"", ""dense_explicit"", ""complete_case""]",0.5,0.0,25,48,48,24,True,,True,True,True,False,True,True
news:226__MLS_Tournament__Orlando_Or_Bust:14:15:h1,news,226__MLS_Tournament__Orlando_Or_Bust,14,1,15,Assert / Elaborate,raw_history_b256,raw_history,256,256.0,whitespace_v1,6,3,36,12,5,57,True,"[""full"", ""assumption_eligible"", ""dense_explicit"", ""complete_case""]",0.625,0.25,25,48,48,24,True,,True,True,True,False,True,True
news:226__MLS_Tournament__Orlando_Or_Bust:14:15:h1,news,226__MLS_Tournament__Orlando_Or_Bust,14,1,15,Assert / Elaborate,raw_history_true_assumptions_b256,raw_history_true_assumptions,256,298.0,whitespace_v1,6,3,36,12,5,57,True,"[""full"", ""assumption_eligible"", ""dense_explicit"", ""complete_case""]",0.625,0.25,25,48,48,24,True,,True,True,True,False,True,True
news:226__MLS_Tournament__Orlando_Or_Bust:14:15:h1,news,226__MLS_Tournament__Orlando_Or_Bust,14,1,15,Assert / Elaborate,raw_history_different_episode_assumptions_b256,raw_history_different_episode_assumptions,256,298.0,whitespace_v1,6,3,36,12,5,57,True,"[""full"", ""assumption_eligible"", ""dense_explicit"", ""complete_case""]",0.6875,0.375,25,48,48,24,True,,True,True,True,False,True,True
news:226__MLS_Tournament__Orlando_Or_Bust:14:15:h1,news,226__MLS_Tournament__Orlando_Or_Bust,14,1,15,Assert / Elaborate,raw_history_same_episode_random_turn_assumptions_b256,raw_history_same_episode_random_turn_assumptions,256,298.0,whitespace_v1,6,3,36,12,5,57,True,"[""full"", ""assumption_eligible"", ""dense_explicit"", ""complete_case""]",0.7083333333333334,0.4166666666666667,25,48,48,24,True,,True,True,True,False,True,True
news:226__MLS_Tournament__Orlando_Or_Bust:14:15:h1,news,226__MLS_Tournament__Orlando_Or_Bust,14,1,15,Assert / Elaborate,raw_history_explicit_b256,raw_history_explicit,256,298.0,whitespace_v1,6,3,36,12,5,57,True,"[""full"", ""assumption_eligible"", ""dense_explicit"", ""complete_case""]",0.625,0.25,25,48,48,24,True,,True,True,True,False,True,True
news:226__MLS_Tournament__Orlando_Or_Bust:15:16:h1,news,226__MLS_Tournament__Orlando_Or_Bust,15,1,16,Assert / Elaborate,raw_history_b256,raw_history,256,256.0,whitespace_v1,8,3,34,12,6,198,True,"[""full"", ""assumption_eligible"", ""dense_explicit"", ""complete_case""]",0.625,0.25,25,48,48,24,True,,True,True,True,False,True,True
news:226__MLS_Tournament__Orlando_Or_Bust:15:16:h1,news,226__MLS_Tournament__Orlando_Or_Bust,15,1,16,Assert / Elaborate,raw_history_true_assumptions_b256,raw_history_true_assumptions,256,291.0,whitespace_v1,8,3,34,12,6,198,True,"[""full"", ""assumption_eligible"", ""dense_explicit"", ""complete_case""]",0.5416666666666666,0.08333333333333333,25,48,48,24,True,,True,True,True,False,True,True
news:226__MLS_Tournament__Orlando_Or_Bust:15:16:h1,news,226__MLS_Tournament__Orlando_Or_Bust,15,1,16,Assert / Elaborate,raw_history_different_episode_assumptions_b256,raw_history_different_episode_assumptions,256,291.0,whitespace_v1,8,3,34,12,6,198,True,"[""full"", ""assumption_eligible"", ""dense_explicit"", ""complete_case""]",0.5,0.0,25,48,48,24,True,,True,True,True,False,True,True
news:226__MLS_Tournament__Orlando_Or_Bust:15:16:h1,news,226__MLS_Tournament__Orlando_Or_Bust,15,1,16,Assert / Elaborate,raw_history_same_episode_random_turn_assumptions_b256,raw_history_same_episode_random_turn_assumptions,256,291.0,whitespace_v1,8,3,34,12,6,198,True,"[""full"", ""assumption_eligible"", ""dense_explicit"", ""complete_case""]",0.5416666666666666,0.08333333333333333,25,48,48,24,True,,True,True,True,False,True,True
news:226__MLS_Tournament__Orlando_Or_Bust:15:16:h1,news,226__MLS_Tournament__Orlando_Or_Bust,15,1,16,Assert / Elaborate,raw_history_explicit_b256,raw_history_explicit,256,291.0,whitespace_v1,8,3,34,12,6,198,True,"[""full"", ""assumption_eligible"", ""dense_explicit"", ""complete_case""]",0.5416666666666666,0.08333333333333333,25,48,48,24,True,,True,True,True,False,True,True
news:226__MLS_Tournament__Orlando_Or_Bust:18:19:h1,news,226__MLS_Tournament__Orlando_Or_Bust,18,1,19,Correction / Challenge,raw_history_b256,raw_history,256,256.0,whitespace_v1,10,3,38,12,10,229,True,"[""full"", ""assumption_eligible"", ""dense_explicit"", ""complete_case""]",0.5416666666666666,0.08333333333333333,25,48,48,24,True,,True,True,True,False,True,True
news:226__MLS_Tournament__Orlando_Or_Bust:18:19:h1,news,226__MLS_Tournament__Orlando_Or_Bust,18,1,19,Correction / Challenge,raw_history_true_assumptions_b256,raw_history_true_assumptions,256,309.0,whitespace_v1,10,3,38,12,10,229,True,"[""full"", ""assumption_eligible"", ""dense_explicit"", ""complete_case""]",0.5416666666666666,0.08333333333333333,25,48,48,24,True,,True,True,True,False,True,True
news:226__MLS_Tournament__Orlando_Or_Bust:18:19:h1,news,226__MLS_Tournament__Orlando_Or_Bust,18,1,19,Correction / Challenge,raw_history_different_episode_assumptions_b256,raw_history_different_episode_assumptions,256,309.0,whitespace_v1,10,3,38,12,10,229,True,"[""full"", ""assumption_eligible"", ""dense_explicit"", ""complete_case""]",0.5,0.0,25,48,48,24,True,,True,True,True,False,True,True
news:226__MLS_Tournament__Orlando_Or_Bust:18:19:h1,news,226__MLS_Tournament__Orlando_Or_Bust,18,1,19,Correction / Challenge,raw_history_same_episode_random_turn_assumptions_b256,raw_history_same_episode_random_turn_assumptions,256,309.0,whitespace_v1,10,3,38,12,10,229,True,"[""full"", ""assumption_eligible"", ""dense_explicit"", ""complete_case""]",0.5416666666666666,0.08333333333333333,25,48,48,24,True,,True,True,True,False,True,True
news:226__MLS_Tournament__Orlando_Or_Bust:18:19:h1,news,226__MLS_Tournament__Orlando_Or_Bust,18,1,19,Correction / Challenge,raw_history_explicit_b256,raw_history_explicit,256,309.0,whitespace_v1,10,3,38,12,10,229,True,"[""full"", ""assumption_eligible"", ""dense_explicit"", ""complete_case""]",0.5416666666666666,0.08333333333333333,25,48,48,24,True,,True,True,True,False,True,True
news:226__MLS_Tournament__Orlando_Or_Bust:19:20:h1,news,226__MLS_Tournament__Orlando_Or_Bust,19,1,20,Assert / Elaborate,raw_history_b256,raw_history,256,256.0,whitespace_v1,8,3,38,12,8,154,True,"[""full"", ""assumption_eligible"", ""dense_explicit"", ""complete_case""]",0.5625,0.125,25,48,48,24,True,,True,True,True,False,True,True
news:226__MLS_Tournament__Orlando_Or_Bust:19:20:h1,news,226__MLS_Tournament__Orlando_Or_Bust,19,1,20,Assert / Elaborate,raw_history_true_assumptions_b256,raw_history_true_assumptions,256,291.0,whitespace_v1,8,3,38,12,8,154,True,"[""full"", ""assumption_eligible"", ""dense_explicit"", ""complete_case""]",0.5833333333333334,0.16666666666666666,25,48,48,24,True,,True,True,True,False,True,True
news:226__MLS_Tournament__Orlando_Or_Bust:19:20:h1,news,226__MLS_Tournament__Orlando_Or_Bust,19,1,20,Assert / Elaborate,raw_history_different_episode_assumptions_b256,raw_history_different_episode_assumptions,256,291.0,whitespace_v1,8,3,38,12,8,154,True,"[""full"", ""assumption_eligible"", ""dense_explicit"", ""complete_case""]",0.5833333333333334,0.16666666666666666,25,48,48,24,True,,True,True,True,False,True,True
news:226__MLS_Tournament__Orlando_Or_Bust:19:20:h1,news,226__MLS_Tournament__Orlando_Or_Bust,19,1,20,Assert / Elaborate,raw_history_same_episode_random_turn_assumptions_b256,raw_history_same_episode_random_turn_assumptions,256,291.0,whitespace_v1,8,3,38,12,8,154,True,"[""full"", ""assumption_eligible"", ""dense_explicit"", ""complete_case""]",0.6041666666666666,0.20833333333333334,25,48,48,24,True,,True,True,True,False,True,True
news:226__MLS_Tournament__Orlando_Or_Bust:19:20:h1,news,226__MLS_Tournament__Orlando_Or_Bust,19,1,20,Assert / Elaborate,raw_history_explicit_b256,raw_history_explicit,256,291.0,whitespace_v1,8,3,38,12,8,154,True,"[""full"", ""assumption_eligible"", ""dense_explicit"", ""complete_case""]",0.5416666666666666,0.08333333333333333,25,48,48,24,True,,True,True,True,False,True,True
news:226__MLS_Tournament__Orlando_Or_Bust:22:23:h1,news,226__MLS_Tournament__Orlando_Or_Bust,22,1,23,Assert / Elaborate,raw_history_b256,raw_history,256,256.0,whitespace_v1,10,3,36,12,10,577,True,"[""full"", ""assumption_eligible"", ""dense_explicit"", ""complete_case""]",0.5416666666666666,0.08333333333333333,25,48,48,24,True,,True,True,True,False,True,True
news:226__MLS_Tournament__Orlando_Or_Bust:22:23:h1,news,226__MLS_Tournament__Orlando_Or_Bust,22,1,23,Assert / Elaborate,raw_history_true_assumptions_b256,raw_history_true_assumptions,256,296.0,whitespace_v1,10,3,36,12,10,577,True,"[""full"", ""assumption_eligible"", ""dense_explicit"", ""complete_case""]",0.5625,0.125,25,48,48,24,True,,True,True,True,False,True,True
news:226__MLS_Tournament__Orlando_Or_Bust:22:23:h1,news,226__MLS_Tournament__Orlando_Or_Bust,22,1,23,Assert / Elaborate,raw_history_different_episode_assumptions_b256,raw_history_different_episode_assumptions,256,296.0,whitespace_v1,10,3,36,12,10,577,True,"[""full"", ""assumption_eligible"", ""dense_explicit"", ""complete_case""]",0.5,0.0,25,48,48,24,True,,True,True,True,False,True,True
news:226__MLS_Tournament__Orlando_Or_Bust:22:23:h1,news,226__MLS_Tournament__Orlando_Or_Bust,22,1,23,Assert / Elaborate,raw_history_same_episode_random_turn_assumptions_b256,raw_history_same_episode_random_turn_assumptions,256,296.0,whitespace_v1,10,3,36,12,10,577,True,"[""full"", ""assumption_eligible"", ""dense_explicit"", ""complete_case""]",0.5208333333333334,0.041666666666666664,25,48,48,24,True,,True,True,True,False,True,True
news:226__MLS_Tournament__Orlando_Or_Bust:22:23:h1,news,226__MLS_Tournament__Orlando_Or_Bust,22,1,23,Assert / Elaborate,raw_history_explicit_b256,raw_history_explicit,256,296.0,whitespace_v1,10,3,36,12,10,577,True,"[""full"", ""assumption_eligible"", ""dense_explicit"", ""complete_case""]",0.5833333333333334,0.16666666666666666,25,48,48,24,True,,True,True,True,False,True,True
news:226__MLS_Tournament__Orlando_Or_Bust:23:24:h1,news,226__MLS_Tournament__Orlando_Or_Bust,23,1,24,Assert / Elaborate,raw_history_b256,raw_history,256,256.0,whitespace_v1,7,3,35,12,6,248,True,"[""full"", ""assumption_eligible"", ""dense_explicit"", ""complete_case""]",0.5833333333333334,0.16666666666666666,25,48,48,24,True,,True,True,True,False,True,True
news:226__MLS_Tournament__Orlando_Or_Bust:23:24:h1,news,226__MLS_Tournament__Orlando_Or_Bust,23,1,24,Assert / Elaborate,raw_history_true_assumptions_b256,raw_history_true_assumptions,256,294.0,whitespace_v1,7,3,35,12,6,248,True,"[""full"", ""assumption_eligible"", ""dense_explicit"", ""complete_case""]",0.5833333333333334,0.16666666666666666,25,48,48,24,True,,True,True,True,False,True,True
news:226__MLS_Tournament__Orlando_Or_Bust:23:24:h1,news,226__MLS_Tournament__Orlando_Or_Bust,23,1,24,Assert / Elaborate,raw_history_different_episode_assumptions_b256,raw_history_different_episode_assumptions,256,294.0,whitespace_v1,7,3,35,12,6,248,True,"[""full"", ""assumption_eligible"", ""dense_explicit"", ""complete_case""]",0.5416666666666666,0.08333333333333333,25,48,48,24,True,,True,True,True,False,True,True
news:226__MLS_Tournament__Orlando_Or_Bust:23:24:h1,news,226__MLS_Tournament__Orlando_Or_Bust,23,1,24,Assert / Elaborate,raw_history_same_episode_random_turn_assumptions_b256,raw_history_same_episode_random_turn_assumptions,256,294.0,whitespace_v1,7,3,35,12,6,248,True,"[""full"", ""assumption_eligible"", ""dense_explicit"", ""complete_case""]",0.5416666666666666,0.08333333333333333,25,48,48,24,True,,True,True,True,False,True,True
news:226__MLS_Tournament__Orlando_Or_Bust:23:24:h1,news,226__MLS_Tournament__Orlando_Or_Bust,23,1,24,Assert / Elaborate,raw_history_explicit_b256,raw_history_explicit,256,294.0,whitespace_v1,7,3,35,12,6,248,True,"[""full"", ""assumption_eligible"", ""dense_explicit"", ""complete_case""]",0.5416666666666666,0.08333333333333333,25,48,48,24,True,,True,True,True,False,True,True
news:226__MLS_Tournament__Orlando_Or_Bust:26:27:h1,news,226__MLS_Tournament__Orlando_Or_Bust,26,1,27,Assert / Elaborate,raw_history_b256,raw_history,256,256.0,whitespace_v1,10,3,34,12,10,352,True,"[""full"", ""assumption_eligible"", ""dense_explicit"", ""complete_case""]",0.7708333333333334,0.5416666666666666,25,48,48,24,True,,True,True,True,False,True,True
news:226__MLS_Tournament__Orlando_Or_Bust:26:27:h1,news,226__MLS_Tournament__Orlando_Or_Bust,26,1,27,Assert / Elaborate,raw_history_true_assumptions_b256,raw_history_true_assumptions,256,293.0,whitespace_v1,10,3,34,12,10,352,True,"[""full"", ""assumption_eligible"", ""dense_explicit"", ""complete_case""]",0.75,0.5,25,48,48,24,True,,True,True,True,False,True,True
news:226__MLS_Tournament__Orlando_Or_Bust:26:27:h1,news,226__MLS_Tournament__Orlando_Or_Bust,26,1,27,Assert / Elaborate,raw_history_different_episode_assumptions_b256,raw_history_different_episode_assumptions,256,293.0,whitespace_v1,10,3,34,12,10,352,True,"[""full"", ""assumption_eligible"", ""dense_explicit"", ""complete_case""]",0.7083333333333334,0.4166666666666667,25,48,48,24,True,,True,True,True,False,True,True
news:226__MLS_Tournament__Orlando_Or_Bust:26:27:h1,news,226__MLS_Tournament__Orlando_Or_Bust,26,1,27,Assert / Elaborate,raw_history_same_episode_random_turn_assumptions_b256,raw_history_same_episode_random_turn_assumptions,256,293.0,whitespace_v1,10,3,34,12,10,352,True,"[""full"", ""assumption_eligible"", ""dense_explicit"", ""complete_case""]",0.75,0.5,25,48,48,24,True,,True,True,True,False,True,True
news:226__MLS_Tournament__Orlando_Or_Bust:26:27:h1,news,226__MLS_Tournament__Orlando_Or_Bust,26,1,27,Assert / Elaborate,raw_history_explicit_b256,raw_history_explicit,256,293.0,whitespace_v1,10,3,34,12,10,352,True,"[""full"", ""assumption_eligible"", ""dense_explicit"", ""complete_case""]",0.7916666666666666,0.5833333333333334,25,48,48,24,True,,True,True,True,False,True,True
news:226__MLS_Tournament__Orlando_Or_Bust:26:29:h3,news,226__MLS_Tournament__Orlando_Or_Bust,26,3,29,Agree / Align,raw_history_b256,raw_history,256,256.0,whitespace_v1,10,3,34,12,10,352,True,"[""full"", ""assumption_eligible"", ""dense_explicit"", ""complete_case""]",0.5208333333333334,0.041666666666666664,25,48,48,24,True,,True,True,True,False,True,True
news:226__MLS_Tournament__Orlando_Or_Bust:26:29:h3,news,226__MLS_Tournament__Orlando_Or_Bust,26,3,29,Agree / Align,raw_history_true_assumptions_b256,raw_history_true_assumptions,256,293.0,whitespace_v1,10,3,34,12,10,352,True,"[""full"", ""assumption_eligible"", ""dense_explicit"", ""complete_case""]",0.5416666666666666,0.08333333333333333,25,48,48,24,True,,True,True,True,False,True,True
news:226__MLS_Tournament__Orlando_Or_Bust:26:29:h3,news,226__MLS_Tournament__Orlando_Or_Bust,26,3,29,Agree / Align,raw_history_different_episode_assumptions_b256,raw_history_different_episode_assumptions,256,293.0,whitespace_v1,10,3,34,12,10,352,True,"[""full"", ""assumption_eligible"", ""dense_explicit"", ""complete_case""]",0.5208333333333334,0.041666666666666664,25,48,48,24,True,,True,True,True,False,True,True
news:226__MLS_Tournament__Orlando_Or_Bust:26:29:h3,news,226__MLS_Tournament__Orlando_Or_Bust,26,3,29,Agree / Align,raw_history_same_episode_random_turn_assumptions_b256,raw_history_same_episode_random_turn_assumptions,256,293.0,whitespace_v1,10,3,34,12,10,352,True,"[""full"", ""assumption_eligible"", ""dense_explicit"", ""complete_case""]",0.5208333333333334,0.041666666666666664,25,48,48,24,True,,True,True,True,False,True,True
news:226__MLS_Tournament__Orlando_Or_Bust:26:29:h3,news,226__MLS_Tournament__Orlando_Or_Bust,26,3,29,Agree / Align,raw_history_explicit_b256,raw_history_explicit,256,293.0,whitespace_v1,10,3,34,12,10,352,True,"[""full"", ""assumption_eligible"", ""dense_explicit"", ""complete_case""]",0.5,0.0,25,48,48,24,True,,True,True,True,False,True,True
news:226__MLS_Tournament__Orlando_Or_Bust:26:31:h5,news,226__MLS_Tournament__Orlando_Or_Bust,26,5,31,Assert / Elaborate,raw_history_b256,raw_history,256,256.0,whitespace_v1,10,3,34,12,10,352,True,"[""full"", ""assumption_eligible"", ""dense_explicit"", ""complete_case""]",0.5208333333333334,0.041666666666666664,25,48,48,24,True,,True,True,True,False,True,True
news:226__MLS_Tournament__Orlando_Or_Bust:26:31:h5,news,226__MLS_Tournament__Orlando_Or_Bust,26,5,31,Assert / Elaborate,raw_history_true_assumptions_b256,raw_history_true_assumptions,256,293.0,whitespace_v1,10,3,34,12,10,352,True,"[""full"", ""assumption_eligible"", ""dense_explicit"", ""complete_case""]",0.5416666666666666,0.08333333333333333,25,48,48,24,True,,True,True,True,False,True,True
news:226__MLS_Tournament__Orlando_Or_Bust:26:31:h5,news,226__MLS_Tournament__Orlando_Or_Bust,26,5,31,Assert / Elaborate,raw_history_different_episode_assumptions_b256,raw_history_different_episode_assumptions,256,293.0,whitespace_v1,10,3,34,12,10,352,True,"[""full"", ""assumption_eligible"", ""dense_explicit"", ""complete_case""]",0.5208333333333334,0.041666666666666664,25,48,48,24,True,,True,True,True,False,True,True
news:226__MLS_Tournament__Orlando_Or_Bust:26:31:h5,news,226__MLS_Tournament__Orlando_Or_Bust,26,5,31,Assert / Elaborate,raw_history_same_episode_random_turn_assumptions_b256,raw_history_same_episode_random_turn_assumptions,256,293.0,whitespace_v1,10,3,34,12,10,352,True,"[""full"", ""assumption_eligible"", ""dense_explicit"", ""complete_case""]",0.5,0.0,25,48,48,24,True,,True,True,True,False,True,True
news:226__MLS_Tournament__Orlando_Or_Bust:26:31:h5,news,226__MLS_Tournament__Orlando_Or_Bust,26,5,31,Assert / Elaborate,raw_history_explicit_b256,raw_history_explicit,256,293.0,whitespace_v1,10,3,34,12,10,352,True,"[""full"", ""assumption_eligible"", ""dense_explicit"", ""complete_case""]",0.5208333333333334,0.041666666666666664,25,48,48,24,True,,True,True,True,False,True,True
news:226__MLS_Tournament__Orlando_Or_Bust:27:28:h1,news,226__MLS_Tournament__Orlando_Or_Bust,27,1,28,Assert / Elaborate,raw_history_b256,raw_history,256,256.0,whitespace_v1,5,3,32,12,4,104,True,"[""full"", ""assumption_eligible"", ""dense_explicit"", ""complete_case""]",0.5833333333333334,0.4166666666666667,25,48,48,24,True,,True,True,True,False,True,True
news:226__MLS_Tournament__Orlando_Or_Bust:27:28:h1,news,226__MLS_Tournament__Orlando_Or_Bust,27,1,28,Assert / Elaborate,raw_history_true_assumptions_b256,raw_history_true_assumptions,256,298.0,whitespace_v1,5,3,32,12,4,104,True,"[""full"", ""assumption_eligible"", ""dense_explicit"", ""complete_case""]",0.5833333333333334,0.3333333333333333,25,48,48,24,True,,True,True,True,False,True,True
news:226__MLS_Tournament__Orlando_Or_Bust:27:28:h1,news,226__MLS_Tournament__Orlando_Or_Bust,27,1,28,Assert / Elaborate,raw_history_different_episode_assumptions_b256,raw_history_different_episode_assumptions,256,298.0,whitespace_v1,5,3,32,12,4,104,True,"[""full"", ""assumption_eligible"", ""dense_explicit"", ""complete_case""]",0.5208333333333334,0.375,25,48,48,24,True,,True,True,True,False,True,True
news:226__MLS_Tournament__Orlando_Or_Bust:27:28:h1,news,226__MLS_Tournament__Orlando_Or_Bust,27,1,28,Assert / Elaborate,raw_history_same_episode_random_turn_assumptions_b256,raw_history_same_episode_random_turn_assumptions,256,298.0,whitespace_v1,5,3,32,12,4,104,True,"[""full"", ""assumption_eligible"", ""dense_explicit"", ""complete_case""]",0.5416666666666666,0.25,25,48,48,24,True,,True,True,True,False,True,True
news:226__MLS_Tournament__Orlando_Or_Bust:27:28:h1,news,226__MLS_Tournament__Orlando_Or_Bust,27,1,28,Assert / Elaborate,raw_history_explicit_b256,raw_history_explicit,256,298.0,whitespace_v1,5,3,32,12,4,104,True,"[""full"", ""assumption_eligible"", ""dense_explicit"", ""complete_case""]",0.6041666666666666,0.375,25,48,48,24,True,,True,True,True,False,True,True
news:226__MLS_Tournament__Orlando_Or_Bust:27:30:h3,news,226__MLS_Tournament__Orlando_Or_Bust,27,3,30,Assert / Elaborate,raw_history_b256,raw_history,256,256.0,whitespace_v1,5,3,32,12,4,104,True,"[""full"", ""assumption_eligible"", ""dense_explicit"", ""complete_case""]",0.5416666666666666,0.08333333333333333,25,48,48,24,True,,True,True,True,False,True,True
news:226__MLS_Tournament__Orlando_Or_Bust:27:30:h3,news,226__MLS_Tournament__Orlando_Or_Bust,27,3,30,Assert / Elaborate,raw_history_true_assumptions_b256,raw_history_true_assumptions,256,298.0,whitespace_v1,5,3,32,12,4,104,True,"[""full"", ""assumption_eligible"", ""dense_explicit"", ""complete_case""]",0.5416666666666666,0.08333333333333333,25,48,48,24,True,,True,True,True,False,True,True
news:226__MLS_Tournament__Orlando_Or_Bust:27:30:h3,news,226__MLS_Tournament__Orlando_Or_Bust,27,3,30,Assert / Elaborate,raw_history_different_episode_assumptions_b256,raw_history_different_episode_assumptions,256,298.0,whitespace_v1,5,3,32,12,4,104,True,"[""full"", ""assumption_eligible"", ""dense_explicit"", ""complete_case""]",0.5208333333333334,0.041666666666666664,25,48,48,24,True,,True,True,True,False,True,True
news:226__MLS_Tournament__Orlando_Or_Bust:27:30:h3,news,226__MLS_Tournament__Orlando_Or_Bust,27,3,30,Assert / Elaborate,raw_history_same_episode_random_turn_assumptions_b256,raw_history_same_episode_random_turn_assumptions,256,298.0,whitespace_v1,5,3,32,12,4,104,True,"[""full"", ""assumption_eligible"", ""dense_explicit"", ""complete_case""]",0.5208333333333334,0.041666666666666664,25,48,48,24,True,,True,True,True,False,True,True
news:226__MLS_Tournament__Orlando_Or_Bust:27:30:h3,news,226__MLS_Tournament__Orlando_Or_Bust,27,3,30,Assert / Elaborate,raw_history_explicit_b256,raw_history_explicit,256,298.0,whitespace_v1,5,3,32,12,4,104,True,"[""full"", ""assumption_eligible"", ""dense_explicit"", ""complete_case""]",0.5833333333333334,0.16666666666666666,25,48,48,24,True,,True,True,True,False,True,True
news:226__MLS_Tournament__Orlando_Or_Bust:27:32:h5,news,226__MLS_Tournament__Orlando_Or_Bust,27,5,32,Assert / Elaborate,raw_history_b256,raw_history,256,256.0,whitespace_v1,5,3,32,12,4,104,True,"[""full"", ""assumption_eligible"", ""dense_explicit"", ""complete_case""]",0.4791666666666667,0.20833333333333334,25,48,48,24,True,,True,True,True,False,True,True
news:226__MLS_Tournament__Orlando_Or_Bust:27:32:h5,news,226__MLS_Tournament__Orlando_Or_Bust,27,5,32,Assert / Elaborate,raw_history_true_assumptions_b256,raw_history_true_assumptions,256,298.0,whitespace_v1,5,3,32,12,4,104,True,"[""full"", ""assumption_eligible"", ""dense_explicit"", ""complete_case""]",0.5208333333333334,0.041666666666666664,25,48,48,24,True,,True,True,True,False,True,True
news:226__MLS_Tournament__Orlando_Or_Bust:27:32:h5,news,226__MLS_Tournament__Orlando_Or_Bust,27,5,32,Assert / Elaborate,raw_history_different_episode_assumptions_b256,raw_history_different_episode_assumptions,256,298.0,whitespace_v1,5,3,32,12,4,104,True,"[""full"", ""assumption_eligible"", ""dense_explicit"", ""complete_case""]",0.5,0.08333333333333333,25,48,48,24,True,,True,True,True,False,True,True
news:226__MLS_Tournament__Orlando_Or_Bust:27:32:h5,news,226__MLS_Tournament__Orlando_Or_Bust,27,5,32,Assert / Elaborate,raw_history_same_episode_random_turn_assumptions_b256,raw_history_same_episode_random_turn_assumptions,256,298.0,whitespace_v1,5,3,32,12,4,104,True,"[""full"", ""assumption_eligible"", ""dense_explicit"", ""complete_case""]",0.5208333333333334,0.041666666666666664,25,48,48,24,True,,True,True,True,False,True,True
news:226__MLS_Tournament__Orlando_Or_Bust:27:32:h5,news,226__MLS_Tournament__Orlando_Or_Bust,27,5,32,Assert / Elaborate,raw_history_explicit_b256,raw_history_explicit,256,298.0,whitespace_v1,5,3,32,12,4,104,True,"[""full"", ""assumption_eligible"", ""dense_explicit"", ""complete_case""]",0.5208333333333334,0.125,25,48,48,24,True,,True,True,True,False,True,True
news:226__MLS_Tournament__Orlando_Or_Bust:28:29:h1,news,226__MLS_Tournament__Orlando_Or_Bust,28,1,29,Agree / Align,raw_history_b256,raw_history,256,256.0,whitespace_v1,9,3,31,12,10,593,True,"[""full"", ""assumption_eligible"", ""dense_explicit"", ""complete_case""]",0.6041666666666666,0.20833333333333334,25,48,48,24,True,,True,True,True,False,True,True
news:226__MLS_Tournament__Orlando_Or_Bust:28:29:h1,news,226__MLS_Tournament__Orlando_Or_Bust,28,1,29,Agree / Align,raw_history_true_assumptions_b256,raw_history_true_assumptions,256,285.0,whitespace_v1,9,3,31,12,10,593,True,"[""full"", ""assumption_eligible"", ""dense_explicit"", ""complete_case""]",0.5833333333333334,0.16666666666666666,25,48,48,24,True,,True,True,True,False,True,True
news:226__MLS_Tournament__Orlando_Or_Bust:28:29:h1,news,226__MLS_Tournament__Orlando_Or_Bust,28,1,29,Agree / Align,raw_history_different_episode_assumptions_b256,raw_history_different_episode_assumptions,256,285.0,whitespace_v1,9,3,31,12,10,593,True,"[""full"", ""assumption_eligible"", ""dense_explicit"", ""complete_case""]",0.5833333333333334,0.16666666666666666,25,48,48,24,True,,True,True,True,False,True,True
news:226__MLS_Tournament__Orlando_Or_Bust:28:29:h1,news,226__MLS_Tournament__Orlando_Or_Bust,28,1,29,Agree / Align,raw_history_same_episode_random_turn_assumptions_b256,raw_history_same_episode_random_turn_assumptions,256,285.0,whitespace_v1,9,3,31,12,10,593,True,"[""full"", ""assumption_eligible"", ""dense_explicit"", ""complete_case""]",0.5208333333333334,0.041666666666666664,25,48,48,24,True,,True,True,True,False,True,True
news:226__MLS_Tournament__Orlando_Or_Bust:28:29:h1,news,226__MLS_Tournament__Orlando_Or_Bust,28,1,29,Agree / Align,raw_history_explicit_b256,raw_history_explicit,256,285.0,whitespace_v1,9,3,31,12,10,593,True,"[""full"", ""assumption_eligible"", ""dense_explicit"", ""complete_case""]",0.5833333333333334,0.16666666666666666,25,48,48,24,True,,True,True,True,False,True,True
news:226__MLS_Tournament__Orlando_Or_Bust:28:31:h3,news,226__MLS_Tournament__Orlando_Or_Bust,28,3,31,Assert / Elaborate,raw_history_b256,raw_history,256,256.0,whitespace_v1,9,3,31,12,10,593,True,"[""full"", ""assumption_eligible"", ""dense_explicit"", ""complete_case""]",0.5416666666666666,0.08333333333333333,25,48,48,24,True,,True,True,True,False,True,True
news:226__MLS_Tournament__Orlando_Or_Bust:28:31:h3,news,226__MLS_Tournament__Orlando_Or_Bust,28,3,31,Assert / Elaborate,raw_history_true_assumptions_b256,raw_history_true_assumptions,256,285.0,whitespace_v1,9,3,31,12,10,593,True,"[""full"", ""assumption_eligible"", ""dense_explicit"", ""complete_case""]",0.5833333333333334,0.16666666666666666,25,48,48,24,True,,True,True,True,False,True,True
news:226__MLS_Tournament__Orlando_Or_Bust:28:31:h3,news,226__MLS_Tournament__Orlando_Or_Bust,28,3,31,Assert / Elaborate,raw_history_different_episode_assumptions_b256,raw_history_different_episode_assumptions,256,285.0,whitespace_v1,9,3,31,12,10,593,True,"[""full"", ""assumption_eligible"", ""dense_explicit"", ""complete_case""]",0.5416666666666666,0.08333333333333333,25,48,48,24,True,,True,True,True,False,True,True
news:226__MLS_Tournament__Orlando_Or_Bust:28:31:h3,news,226__MLS_Tournament__Orlando_Or_Bust,28,3,31,Assert / Elaborate,raw_history_same_episode_random_turn_assumptions_b256,raw_history_same_episode_random_turn_assumptions,256,285.0,whitespace_v1,9,3,31,12,10,593,True,"[""full"", ""assumption_eligible"", ""dense_explicit"", ""complete_case""]",0.5208333333333334,0.041666666666666664,25,48,48,24,True,,True,True,True,False,True,True
news:226__MLS_Tournament__Orlando_Or_Bust:28:31:h3,news,226__MLS_Tournament__Orlando_Or_Bust,28,3,31,Assert / Elaborate,raw_history_explicit_b256,raw_history_explicit,256,285.0,whitespace_v1,9,3,31,12,10,593,True,"[""full"", ""assumption_eligible"", ""dense_explicit"", ""complete_case""]",0.5833333333333334,0.16666666666666666,25,48,48,24,True,,True,True,True,False,True,True
news:226__MLS_Tournament__Orlando_Or_Bust:29:30:h1,news,226__MLS_Tournament__Orlando_Or_Bust,29,1,30,Assert / Elaborate,raw_history_b256,raw_history,256,256.0,whitespace_v1,10,3,34,12,10,278,True,"[""full"", ""assumption_eligible"", ""dense_explicit"", ""complete_case""]",0.6458333333333334,0.2916666666666667,25,48,48,24,True,,True,True,True,False,True,True
news:226__MLS_Tournament__Orlando_Or_Bust:29:30:h1,news,226__MLS_Tournament__Orlando_Or_Bust,29,1,30,Assert / Elaborate,raw_history_true_assumptions_b256,raw_history_true_assumptions,256,290.0,whitespace_v1,10,3,34,12,10,278,True,"[""full"", ""assumption_eligible"", ""dense_explicit"", ""complete_case""]",0.6041666666666666,0.20833333333333334,25,48,48,24,True,,True,True,True,False,True,True
news:226__MLS_Tournament__Orlando_Or_Bust:29:30:h1,news,226__MLS_Tournament__Orlando_Or_Bust,29,1,30,Assert / Elaborate,raw_history_different_episode_assumptions_b256,raw_history_different_episode_assumptions,256,290.0,whitespace_v1,10,3,34,12,10,278,True,"[""full"", ""assumption_eligible"", ""dense_explicit"", ""complete_case""]",0.5208333333333334,0.041666666666666664,25,48,48,24,True,,True,True,True,False,True,True
news:226__MLS_Tournament__Orlando_Or_Bust:29:30:h1,news,226__MLS_Tournament__Orlando_Or_Bust,29,1,30,Assert / Elaborate,raw_history_same_episode_random_turn_assumptions_b256,raw_history_same_episode_random_turn_assumptions,256,290.0,whitespace_v1,10,3,34,12,10,278,True,"[""full"", ""assumption_eligible"", ""dense_explicit"", ""complete_case""]",0.5833333333333334,0.16666666666666666,25,48,48,24,True,,True,True,True,False,True,True
news:226__MLS_Tournament__Orlando_Or_Bust:29:30:h1,news,226__MLS_Tournament__Orlando_Or_Bust,29,1,30,Assert / Elaborate,raw_history_explicit_b256,raw_history_explicit,256,290.0,whitespace_v1,10,3,34,12,10,278,True,"[""full"", ""assumption_eligible"", ""dense_explicit"", ""complete_case""]",0.5625,0.125,25,48,48,24,True,,True,True,True,False,True,True
news:226__MLS_Tournament__Orlando_Or_Bust:29:32:h3,news,226__MLS_Tournament__Orlando_Or_Bust,29,3,32,Assert / Elaborate,raw_history_b256,raw_history,256,256.0,whitespace_v1,10,3,34,12,10,278,True,"[""full"", ""assumption_eligible"", ""dense_explicit"", ""complete_case""]",0.5208333333333334,0.041666666666666664,25,48,48,24,True,,True,True,True,False,True,True
news:226__MLS_Tournament__Orlando_Or_Bust:29:32:h3,news,226__MLS_Tournament__Orlando_Or_Bust,29,3,32,Assert / Elaborate,raw_history_true_assumptions_b256,raw_history_true_assumptions,256,290.0,whitespace_v1,10,3,34,12,10,278,True,"[""full"", ""assumption_eligible"", ""dense_explicit"", ""complete_case""]",0.5208333333333334,0.041666666666666664,25,48,48,24,True,,True,True,True,False,True,True
news:226__MLS_Tournament__Orlando_Or_Bust:29:32:h3,news,226__MLS_Tournament__Orlando_Or_Bust,29,3,32,Assert / Elaborate,raw_history_different_episode_assumptions_b256,raw_history_different_episode_assumptions,256,290.0,whitespace_v1,10,3,34,12,10,278,True,"[""full"", ""assumption_eligible"", ""dense_explicit"", ""complete_case""]",0.5625,0.125,25,48,48,24,True,,True,True,True,False,True,True
news:226__MLS_Tournament__Orlando_Or_Bust:29:32:h3,news,226__MLS_Tournament__Orlando_Or_Bust,29,3,32,Assert / Elaborate,raw_history_same_episode_random_turn_assumptions_b256,raw_history_same_episode_random_turn_assumptions,256,290.0,whitespace_v1,10,3,34,12,10,278,True,"[""full"", ""assumption_eligible"", ""dense_explicit"", ""complete_case""]",0.5,0.0,25,48,48,24,True,,True,True,True,False,True,True
news:226__MLS_Tournament__Orlando_Or_Bust:29:32:h3,news,226__MLS_Tournament__Orlando_Or_Bust,29,3,32,Assert / Elaborate,raw_history_explicit_b256,raw_history_explicit,256,290.0,whitespace_v1,10,3,34,12,10,278,True,"[""full"", ""assumption_eligible"", ""dense_explicit"", ""complete_case""]",0.5416666666666666,0.08333333333333333,25,48,48,24,True,,True,True,True,False,True,True
news:226__MLS_Tournament__Orlando_Or_Bust:30:31:h1,news,226__MLS_Tournament__Orlando_Or_Bust,30,1,31,Assert / Elaborate,raw_history_b256,raw_history,256,256.0,whitespace_v1,10,3,34,12,10,270,True,"[""full"", ""assumption_eligible"", ""dense_explicit"", ""complete_case""]",0.5625,0.125,25,48,48,24,True,,True,True,True,False,True,True
news:226__MLS_Tournament__Orlando_Or_Bust:30:31:h1,news,226__MLS_Tournament__Orlando_Or_Bust,30,1,31,Assert / Elaborate,raw_history_true_assumptions_b256,raw_history_true_assumptions,256,297.0,whitespace_v1,10,3,34,12,10,270,True,"[""full"", ""assumption_eligible"", ""dense_explicit"", ""complete_case""]",0.625,0.25,25,48,48,24,True,,True,True,True,False,True,True
news:226__MLS_Tournament__Orlando_Or_Bust:30:31:h1,news,226__MLS_Tournament__Orlando_Or_Bust,30,1,31,Assert / Elaborate,raw_history_different_episode_assumptions_b256,raw_history_different_episode_assumptions,256,297.0,whitespace_v1,10,3,34,12,10,270,True,"[""full"", ""assumption_eligible"", ""dense_explicit"", ""complete_case""]",0.5625,0.125,25,48,48,24,True,,True,True,True,False,True,True
news:226__MLS_Tournament__Orlando_Or_Bust:30:31:h1,news,226__MLS_Tournament__Orlando_Or_Bust,30,1,31,Assert / Elaborate,raw_history_same_episode_random_turn_assumptions_b256,raw_history_same_episode_random_turn_assumptions,256,297.0,whitespace_v1,10,3,34,12,10,270,True,"[""full"", ""assumption_eligible"", ""dense_explicit"", ""complete_case""]",0.5625,0.125,25,48,48,24,True,,True,True,True,False,True,True
news:226__MLS_Tournament__Orlando_Or_Bust:30:31:h1,news,226__MLS_Tournament__Orlando_Or_Bust,30,1,31,Assert / Elaborate,raw_history_explicit_b256,raw_history_explicit,256,297.0,whitespace_v1,10,3,34,12,10,270,True,"[""full"", ""assumption_eligible"", ""dense_explicit"", ""complete_case""]",0.6666666666666666,0.3333333333333333,25,48,48,24,True,,True,True,True,False,True,True
news:226__MLS_Tournament__Orlando_Or_Bust:31:32:h1,news,226__MLS_Tournament__Orlando_Or_Bust,31,1,32,Assert / Elaborate,raw_history_b256,raw_history,256,256.0,whitespace_v1,10,3,39,12,10,379,True,"[""full"", ""assumption_eligible"", ""dense_explicit"", ""complete_case""]",0.5833333333333334,0.16666666666666666,25,48,48,24,True,,True,True,True,False,True,True
news:226__MLS_Tournament__Orlando_Or_Bust:31:32:h1,news,226__MLS_Tournament__Orlando_Or_Bust,31,1,32,Assert / Elaborate,raw_history_true_assumptions_b256,raw_history_true_assumptions,256,292.0,whitespace_v1,10,3,39,12,10,379,True,"[""full"", ""assumption_eligible"", ""dense_explicit"", ""complete_case""]",0.5625,0.125,25,48,48,24,True,,True,True,True,False,True,True
news:226__MLS_Tournament__Orlando_Or_Bust:31:32:h1,news,226__MLS_Tournament__Orlando_Or_Bust,31,1,32,Assert / Elaborate,raw_history_different_episode_assumptions_b256,raw_history_different_episode_assumptions,256,292.0,whitespace_v1,10,3,39,12,10,379,True,"[""full"", ""assumption_eligible"", ""dense_explicit"", ""complete_case""]",0.5625,0.125,25,48,48,24,True,,True,True,True,False,True,True
news:226__MLS_Tournament__Orlando_Or_Bust:31:32:h1,news,226__MLS_Tournament__Orlando_Or_Bust,31,1,32,Assert / Elaborate,raw_history_same_episode_random_turn_assumptions_b256,raw_history_same_episode_random_turn_assumptions,256,292.0,whitespace_v1,10,3,39,12,10,379,True,"[""full"", ""assumption_eligible"", ""dense_explicit"", ""complete_case""]",0.5416666666666666,0.08333333333333333,25,48,48,24,True,,True,True,True,False,True,True
news:226__MLS_Tournament__Orlando_Or_Bust:31:32:h1,news,226__MLS_Tournament__Orlando_Or_Bust,31,1,32,Assert / Elaborate,raw_history_explicit_b256,raw_history_explicit,256,292.0,whitespace_v1,10,3,39,12,10,379,True,"[""full"", ""assumption_eligible"", ""dense_explicit"", ""complete_case""]",0.5833333333333334,0.16666666666666666,25,48,48,24,True,,True,True,True,False,True,True
news:5_Talking_youth_engagement__libraries_and_graphic_novels_with_Leonee_Ariel_Derr:1:2:h1,news,5_Talking_youth_engagement__libraries_and_graphic_novels_with_Leonee_Ariel_Derr,1,1,2,Agree / Align,raw_history_b256,raw_history,256,256.0,whitespace_v1,10,3,10,3,10,347,True,"[""full"", ""assumption_eligible"", ""dense_explicit""]",0.5625,0.125,25,48,48,24,True,,True,True,True,False,True,False
news:5_Talking_youth_engagement__libraries_and_graphic_novels_with_Leonee_Ariel_Derr:1:2:h1,news,5_Talking_youth_engagement__libraries_and_graphic_novels_with_Leonee_Ariel_Derr,1,1,2,Agree / Align,raw_history_true_assumptions_b256,raw_history_true_assumptions,256,300.0,whitespace_v1,10,3,10,3,10,347,True,"[""full"", ""assumption_eligible"", ""dense_explicit""]",0.5416666666666666,0.08333333333333333,25,48,48,24,True,,True,True,True,False,True,False
news:5_Talking_youth_engagement__libraries_and_graphic_novels_with_Leonee_Ariel_Derr:1:2:h1,news,5_Talking_youth_engagement__libraries_and_graphic_novels_with_Leonee_Ariel_Derr,1,1,2,Agree / Align,raw_history_different_episode_assumptions_b256,raw_history_different_episode_assumptions,256,300.0,whitespace_v1,10,3,10,3,10,347,True,"[""full"", ""assumption_eligible"", ""dense_explicit""]",0.5,0.0,25,48,48,24,True,,True,True,True,False,True,False
news:5_Talking_youth_engagement__libraries_and_graphic_novels_with_Leonee_Ariel_Derr:1:2:h1,news,5_Talking_youth_engagement__libraries_and_graphic_novels_with_Leonee_Ariel_Derr,1,1,2,Agree / Align,raw_history_same_episode_random_turn_assumptions_b256,raw_history_same_episode_random_turn_assumptions,256,,whitespace_v1,10,3,10,3,10,347,True,[],,,25,48,0,0,False,no_length_matched_same_episode_random_turn_donor,True,False,False,False,False,False
news:5_Talking_youth_engagement__libraries_and_graphic_novels_with_Leonee_Ariel_Derr:1:2:h1,news,5_Talking_youth_engagement__libraries_and_graphic_novels_with_Leonee_Ariel_Derr,1,1,2,Agree / Align,raw_history_explicit_b256,raw_history_explicit,256,300.0,whitespace_v1,10,3,10,3,10,347,True,"[""full"", ""assumption_eligible"", ""dense_explicit""]",0.6041666666666666,0.20833333333333334,25,48,48,24,True,,True,True,True,False,True,False
news:5_Talking_youth_engagement__libraries_and_graphic_novels_with_Leonee_Ariel_Derr:1:4:h3,news,5_Talking_youth_engagement__libraries_and_graphic_novels_with_Leonee_Ariel_Derr,1,3,4,Assert / Elaborate,raw_history_b256,raw_history,256,256.0,whitespace_v1,10,3,10,3,10,347,True,"[""full"", ""assumption_eligible"", ""dense_explicit""]",0.5208333333333334,0.041666666666666664,25,48,48,24,True,,True,True,True,False,True,False
news:5_Talking_youth_engagement__libraries_and_graphic_novels_with_Leonee_Ariel_Derr:1:4:h3,news,5_Talking_youth_engagement__libraries_and_graphic_novels_with_Leonee_Ariel_Derr,1,3,4,Assert / Elaborate,raw_history_true_assumptions_b256,raw_history_true_assumptions,256,300.0,whitespace_v1,10,3,10,3,10,347,True,"[""full"", ""assumption_eligible"", ""dense_explicit""]",0.5,0.0,25,48,48,24,True,,True,True,True,False,True,False
news:5_Talking_youth_engagement__libraries_and_graphic_novels_with_Leonee_Ariel_Derr:1:4:h3,news,5_Talking_youth_engagement__libraries_and_graphic_novels_with_Leonee_Ariel_Derr,1,3,4,Assert / Elaborate,raw_history_different_episode_assumptions_b256,raw_history_different_episode_assumptions,256,300.0,whitespace_v1,10,3,10,3,10,347,True,"[""full"", ""assumption_eligible"", ""dense_explicit""]",0.5,0.0,25,48,48,24,True,,True,True,True,False,True,False
news:5_Talking_youth_engagement__libraries_and_graphic_novels_with_Leonee_Ariel_Derr:1:4:h3,news,5_Talking_youth_engagement__libraries_and_graphic_novels_with_Leonee_Ariel_Derr,1,3,4,Assert / Elaborate,raw_history_same_episode_random_turn_assumptions_b256,raw_history_same_episode_random_turn_assumptions,256,,whitespace_v1,10,3,10,3,10,347,True,[],,,25,48,0,0,False,no_length_matched_same_episode_random_turn_donor,True,False,False,False,False,False
news:5_Talking_youth_engagement__libraries_and_graphic_novels_with_Leonee_Ariel_Derr:1:4:h3,news,5_Talking_youth_engagement__libraries_and_graphic_novels_with_Leonee_Ariel_Derr,1,3,4,Assert / Elaborate,raw_history_explicit_b256,raw_history_explicit,256,300.0,whitespace_v1,10,3,10,3,10,347,True,"[""full"", ""assumption_eligible"", ""dense_explicit""]",0.5,0.0,25,48,48,24,True,,True,True,True,False,True,False
news:5_Talking_youth_engagement__libraries_and_graphic_novels_with_Leonee_Ariel_Derr:2:3:h1,news,5_Talking_youth_engagement__libraries_and_graphic_novels_with_Leonee_Ariel_Derr,2,1,3,Assert / Elaborate,raw_history_b256,raw_history,256,256.0,whitespace_v1,6,3,16,6,5,98,True,"[""full"", ""assumption_eligible"", ""dense_explicit""]",0.5833333333333334,0.16666666666666666,25,48,48,24,True,,True,True,True,False,True,False
news:5_Talking_youth_engagement__libraries_and_graphic_novels_with_Leonee_Ariel_Derr:2:3:h1,news,5_Talking_youth_engagement__libraries_and_graphic_novels_with_Leonee_Ariel_Derr,2,1,3,Assert / Elaborate,raw_history_true_assumptions_b256,raw_history_true_assumptions,256,296.0,whitespace_v1,6,3,16,6,5,98,True,"[""full"", ""assumption_eligible"", ""dense_explicit""]",0.5625,0.125,25,48,48,24,True,,True,True,True,False,True,False
news:5_Talking_youth_engagement__libraries_and_graphic_novels_with_Leonee_Ariel_Derr:2:3:h1,news,5_Talking_youth_engagement__libraries_and_graphic_novels_with_Leonee_Ariel_Derr,2,1,3,Assert / Elaborate,raw_history_different_episode_assumptions_b256,raw_history_different_episode_assumptions,256,296.0,whitespace_v1,6,3,16,6,5,98,True,"[""full"", ""assumption_eligible"", ""dense_explicit""]",0.5416666666666666,0.08333333333333333,25,48,48,24,True,,True,True,True,False,True,False
news:5_Talking_youth_engagement__libraries_and_graphic_novels_with_Leonee_Ariel_Derr:2:3:h1,news,5_Talking_youth_engagement__libraries_and_graphic_novels_with_Leonee_Ariel_Derr,2,1,3,Assert / Elaborate,raw_history_same_episode_random_turn_assumptions_b256,raw_history_same_episode_random_turn_assumptions,256,,whitespace_v1,6,3,16,6,5,98,True,[],,,25,48,0,0,False,no_length_matched_same_episode_random_turn_donor,True,False,False,False,False,False
news:5_Talking_youth_engagement__libraries_and_graphic_novels_with_Leonee_Ariel_Derr:2:3:h1,news,5_Talking_youth_engagement__libraries_and_graphic_novels_with_Leonee_Ariel_Derr,2,1,3,Assert / Elaborate,raw_history_explicit_b256,raw_history_explicit,256,296.0,whitespace_v1,6,3,16,6,5,98,True,"[""full"", ""assumption_eligible"", ""dense_explicit""]",0.5416666666666666,0.08333333333333333,25,48,48,24,True,,True,True,True,False,True,False
news:5_Talking_youth_engagement__libraries_and_graphic_novels_with_Leonee_Ariel_Derr:2:5:h3,news,5_Talking_youth_engagement__libraries_and_graphic_novels_with_Leonee_Ariel_Derr,2,3,5,Assert / Elaborate,raw_history_b256,raw_history,256,256.0,whitespace_v1,6,3,16,6,5,98,True,"[""full"", ""assumption_eligible"", ""dense_explicit""]",0.5,0.0,25,48,48,24,True,,True,True,True,False,True,False
news:5_Talking_youth_engagement__libraries_and_graphic_novels_with_Leonee_Ariel_Derr:2:5:h3,news,5_Talking_youth_engagement__libraries_and_graphic_novels_with_Leonee_Ariel_Derr,2,3,5,Assert / Elaborate,raw_history_true_assumptions_b256,raw_history_true_assumptions,256,296.0,whitespace_v1,6,3,16,6,5,98,True,"[""full"", ""assumption_eligible"", ""dense_explicit""]",0.5208333333333334,0.041666666666666664,25,48,48,24,True,,True,True,True,False,True,False
news:5_Talking_youth_engagement__libraries_and_graphic_novels_with_Leonee_Ariel_Derr:2:5:h3,news,5_Talking_youth_engagement__libraries_and_graphic_novels_with_Leonee_Ariel_Derr,2,3,5,Assert / Elaborate,raw_history_different_episode_assumptions_b256,raw_history_different_episode_assumptions,256,296.0,whitespace_v1,6,3,16,6,5,98,True,"[""full"", ""assumption_eligible"", ""dense_explicit""]",0.5,0.0,25,48,48,24,True,,True,True,True,False,True,False
news:5_Talking_youth_engagement__libraries_and_graphic_novels_with_Leonee_Ariel_Derr:2:5:h3,news,5_Talking_youth_engagement__libraries_and_graphic_novels_with_Leonee_Ariel_Derr,2,3,5,Assert / Elaborate,raw_history_same_episode_random_turn_assumptions_b256,raw_history_same_episode_random_turn_assumptions,256,,whitespace_v1,6,3,16,6,5,98,True,[],,,25,48,0,0,False,no_length_matched_same_episode_random_turn_donor,True,False,False,False,False,False
news:5_Talking_youth_engagement__libraries_and_graphic_novels_with_Leonee_Ariel_Derr:2:5:h3,news,5_Talking_youth_engagement__libraries_and_graphic_novels_with_Leonee_Ariel_Derr,2,3,5,Assert / Elaborate,raw_history_explicit_b256,raw_history_explicit,256,296.0,whitespace_v1,6,3,16,6,5,98,True,"[""full"", ""assumption_eligible"", ""dense_explicit""]",0.5,0.0,25,48,48,24,True,,True,True,True,False,True,False
news:5_Talking_youth_engagement__libraries_and_graphic_novels_with_Leonee_Ariel_Derr:3:4:h1,news,5_Talking_youth_engagement__libraries_and_graphic_novels_with_Leonee_Ariel_Derr,3,1,4,Assert / Elaborate,raw_history_b256,raw_history,256,256.0,whitespace_v1,8,3,24,9,6,388,True,"[""full"", ""assumption_eligible"", ""dense_explicit""]",0.5416666666666666,0.08333333333333333,25,48,48,24,True,,True,True,True,False,True,False
news:5_Talking_youth_engagement__libraries_and_graphic_novels_with_Leonee_Ariel_Derr:3:4:h1,news,5_Talking_youth_engagement__libraries_and_graphic_novels_with_Leonee_Ariel_Derr,3,1,4,Assert / Elaborate,raw_history_true_assumptions_b256,raw_history_true_assumptions,256,299.0,whitespace_v1,8,3,24,9,6,388,True,"[""full"", ""assumption_eligible"", ""dense_explicit""]",0.5416666666666666,0.08333333333333333,25,48,48,24,True,,True,True,True,False,True,False
news:5_Talking_youth_engagement__libraries_and_graphic_novels_with_Leonee_Ariel_Derr:3:4:h1,news,5_Talking_youth_engagement__libraries_and_graphic_novels_with_Leonee_Ariel_Derr,3,1,4,Assert / Elaborate,raw_history_different_episode_assumptions_b256,raw_history_different_episode_assumptions,256,299.0,whitespace_v1,8,3,24,9,6,388,True,"[""full"", ""assumption_eligible"", ""dense_explicit""]",0.5416666666666666,0.08333333333333333,25,48,48,24,True,,True,True,True,False,True,False
news:5_Talking_youth_engagement__libraries_and_graphic_novels_with_Leonee_Ariel_Derr:3:4:h1,news,5_Talking_youth_engagement__libraries_and_graphic_novels_with_Leonee_Ariel_Derr,3,1,4,Assert / Elaborate,raw_history_same_episode_random_turn_assumptions_b256,raw_history_same_episode_random_turn_assumptions,256,,whitespace_v1,8,3,24,9,6,388,True,[],,,25,48,0,0,False,no_length_matched_same_episode_random_turn_donor,True,False,False,False,False,False
news:5_Talking_youth_engagement__libraries_and_graphic_novels_with_Leonee_Ariel_Derr:3:4:h1,news,5_Talking_youth_engagement__libraries_and_graphic_novels_with_Leonee_Ariel_Derr,3,1,4,Assert / Elaborate,raw_history_explicit_b256,raw_history_explicit,256,299.0,whitespace_v1,8,3,24,9,6,388,True,"[""full"", ""assumption_eligible"", ""dense_explicit""]",0.5833333333333334,0.16666666666666666,25,48,48,24,True,,True,True,True,False,True,False
news:5_Talking_youth_engagement__libraries_and_graphic_novels_with_Leonee_Ariel_Derr:4:5:h1,news,5_Talking_youth_engagement__libraries_and_graphic_novels_with_Leonee_Ariel_Derr,4,1,5,Assert / Elaborate,raw_history_b256,raw_history,256,256.0,whitespace_v1,10,3,34,12,10,268,True,"[""full"", ""assumption_eligible"", ""dense_explicit""]",0.625,0.25,25,48,48,24,True,,True,True,True,False,True,False
news:5_Talking_youth_engagement__libraries_and_graphic_novels_with_Leonee_Ariel_Derr:4:5:h1,news,5_Talking_youth_engagement__libraries_and_graphic_novels_with_Leonee_Ariel_Derr,4,1,5,Assert / Elaborate,raw_history_true_assumptions_b256,raw_history_true_assumptions,256,292.0,whitespace_v1,10,3,34,12,10,268,True,"[""full"", ""assumption_eligible"", ""dense_explicit""]",0.6875,0.375,25,48,48,24,True,,True,True,True,False,True,False
news:5_Talking_youth_engagement__libraries_and_graphic_novels_with_Leonee_Ariel_Derr:4:5:h1,news,5_Talking_youth_engagement__libraries_and_graphic_novels_with_Leonee_Ariel_Derr,4,1,5,Assert / Elaborate,raw_history_different_episode_assumptions_b256,raw_history_different_episode_assumptions,256,292.0,whitespace_v1,10,3,34,12,10,268,True,"[""full"", ""assumption_eligible"", ""dense_explicit""]",0.5625,0.125,25,48,48,24,True,,True,True,True,False,True,False
news:5_Talking_youth_engagement__libraries_and_graphic_novels_with_Leonee_Ariel_Derr:4:5:h1,news,5_Talking_youth_engagement__libraries_and_graphic_novels_with_Leonee_Ariel_Derr,4,1,5,Assert / Elaborate,raw_history_same_episode_random_turn_assumptions_b256,raw_history_same_episode_random_turn_assumptions,256,,whitespace_v1,10,3,34,12,10,268,True,[],,,25,48,0,0,False,no_length_matched_same_episode_random_turn_donor,True,False,False,False,False,False
news:5_Talking_youth_engagement__libraries_and_graphic_novels_with_Leonee_Ariel_Derr:4:5:h1,news,5_Talking_youth_engagement__libraries_and_graphic_novels_with_Leonee_Ariel_Derr,4,1,5,Assert / Elaborate,raw_history_explicit_b256,raw_history_explicit,256,292.0,whitespace_v1,10,3,34,12,10,268,True,"[""full"", ""assumption_eligible"", ""dense_explicit""]",0.6458333333333334,0.2916666666666667,25,48,48,24,True,,True,True,True,False,True,False
news:5_Talking_youth_engagement__libraries_and_graphic_novels_with_Leonee_Ariel_Derr:9:10:h1,news,5_Talking_youth_engagement__libraries_and_graphic_novels_with_Leonee_Ariel_Derr,9,1,10,Clarification Request (Specific),raw_history_b256,raw_history,256,256.0,whitespace_v1,10,3,40,12,10,373,True,"[""full"", ""assumption_eligible"", ""dense_explicit"", ""complete_case""]",0.5625,0.125,25,48,48,24,True,,True,True,True,False,True,True
news:5_Talking_youth_engagement__libraries_and_graphic_novels_with_Leonee_Ariel_Derr:9:10:h1,news,5_Talking_youth_engagement__libraries_and_graphic_novels_with_Leonee_Ariel_Derr,9,1,10,Clarification Request (Specific),raw_history_true_assumptions_b256,raw_history_true_assumptions,256,299.0,whitespace_v1,10,3,40,12,10,373,True,"[""full"", ""assumption_eligible"", ""dense_explicit"", ""complete_case""]",0.5625,0.125,25,48,48,24,True,,True,True,True,False,True,True
news:5_Talking_youth_engagement__libraries_and_graphic_novels_with_Leonee_Ariel_Derr:9:10:h1,news,5_Talking_youth_engagement__libraries_and_graphic_novels_with_Leonee_Ariel_Derr,9,1,10,Clarification Request (Specific),raw_history_different_episode_assumptions_b256,raw_history_different_episode_assumptions,256,299.0,whitespace_v1,10,3,40,12,10,373,True,"[""full"", ""assumption_eligible"", ""dense_explicit"", ""complete_case""]",0.5833333333333334,0.16666666666666666,25,48,48,24,True,,True,True,True,False,True,True
news:5_Talking_youth_engagement__libraries_and_graphic_novels_with_Leonee_Ariel_Derr:9:10:h1,news,5_Talking_youth_engagement__libraries_and_graphic_novels_with_Leonee_Ariel_Derr,9,1,10,Clarification Request (Specific),raw_history_same_episode_random_turn_assumptions_b256,raw_history_same_episode_random_turn_assumptions,256,299.0,whitespace_v1,10,3,40,12,10,373,True,"[""full"", ""assumption_eligible"", ""dense_explicit"", ""complete_case""]",0.6041666666666666,0.20833333333333334,25,48,48,24,True,,True,True,True,False,True,True
news:5_Talking_youth_engagement__libraries_and_graphic_novels_with_Leonee_Ariel_Derr:9:10:h1,news,5_Talking_youth_engagement__libraries_and_graphic_novels_with_Leonee_Ariel_Derr,9,1,10,Clarification Request (Specific),raw_history_explicit_b256,raw_history_explicit,256,299.0,whitespace_v1,10,3,40,12,10,373,True,"[""full"", ""assumption_eligible"", ""dense_explicit"", ""complete_case""]",0.5625,0.125,25,48,48,24,True,,True,True,True,False,True,True
news:5_Talking_youth_engagement__libraries_and_graphic_novels_with_Leonee_Ariel_Derr:9:12:h3,news,5_Talking_youth_engagement__libraries_and_graphic_novels_with_Leonee_Ariel_Derr,9,3,12,Topic Shift,raw_history_b256,raw_history,256,256.0,whitespace_v1,10,3,40,12,10,373,True,"[""full"", ""assumption_eligible"", ""dense_explicit"", ""complete_case""]",0.5,0.0,25,48,48,24,True,,True,True,True,False,True,True
news:5_Talking_youth_engagement__libraries_and_graphic_novels_with_Leonee_Ariel_Derr:9:12:h3,news,5_Talking_youth_engagement__libraries_and_graphic_novels_with_Leonee_Ariel_Derr,9,3,12,Topic Shift,raw_history_true_assumptions_b256,raw_history_true_assumptions,256,299.0,whitespace_v1,10,3,40,12,10,373,True,"[""full"", ""assumption_eligible"", ""dense_explicit"", ""complete_case""]",0.5,0.0,25,48,48,24,True,,True,True,True,False,True,True
news:5_Talking_youth_engagement__libraries_and_graphic_novels_with_Leonee_Ariel_Derr:9:12:h3,news,5_Talking_youth_engagement__libraries_and_graphic_novels_with_Leonee_Ariel_Derr,9,3,12,Topic Shift,raw_history_different_episode_assumptions_b256,raw_history_different_episode_assumptions,256,299.0,whitespace_v1,10,3,40,12,10,373,True,"[""full"", ""assumption_eligible"", ""dense_explicit"", ""complete_case""]",0.5,0.0,25,48,48,24,True,,True,True,True,False,True,True
news:5_Talking_youth_engagement__libraries_and_graphic_novels_with_Leonee_Ariel_Derr:9:12:h3,news,5_Talking_youth_engagement__libraries_and_graphic_novels_with_Leonee_Ariel_Derr,9,3,12,Topic Shift,raw_history_same_episode_random_turn_assumptions_b256,raw_history_same_episode_random_turn_assumptions,256,299.0,whitespace_v1,10,3,40,12,10,373,True,"[""full"", ""assumption_eligible"", ""dense_explicit"", ""complete_case""]",0.5,0.0,25,48,48,24,True,,True,True,True,False,True,True
news:5_Talking_youth_engagement__libraries_and_graphic_novels_with_Leonee_Ariel_Derr:9:12:h3,news,5_Talking_youth_engagement__libraries_and_graphic_novels_with_Leonee_Ariel_Derr,9,3,12,Topic Shift,raw_history_explicit_b256,raw_history_explicit,256,299.0,whitespace_v1,10,3,40,12,10,373,True,"[""full"", ""assumption_eligible"", ""dense_explicit"", ""complete_case""]",0.5,0.0,25,48,48,24,True,,True,True,True,False,True,True
news:5_Talking_youth_engagement__libraries_and_graphic_novels_with_Leonee_Ariel_Derr:9:14:h5,news,5_Talking_youth_engagement__libraries_and_graphic_novels_with_Leonee_Ariel_Derr,9,5,14,Assert / Elaborate,raw_history_b256,raw_history,256,256.0,whitespace_v1,10,3,40,12,10,373,True,"[""full"", ""assumption_eligible"", ""dense_explicit"", ""complete_case""]",0.5208333333333334,0.041666666666666664,25,48,48,24,True,,True,True,True,False,True,True
news:5_Talking_youth_engagement__libraries_and_graphic_novels_with_Leonee_Ariel_Derr:9:14:h5,news,5_Talking_youth_engagement__libraries_and_graphic_novels_with_Leonee_Ariel_Derr,9,5,14,Assert / Elaborate,raw_history_true_assumptions_b256,raw_history_true_assumptions,256,299.0,whitespace_v1,10,3,40,12,10,373,True,"[""full"", ""assumption_eligible"", ""dense_explicit"", ""complete_case""]",0.5,0.0,25,48,48,24,True,,True,True,True,False,True,True
news:5_Talking_youth_engagement__libraries_and_graphic_novels_with_Leonee_Ariel_Derr:9:14:h5,news,5_Talking_youth_engagement__libraries_and_graphic_novels_with_Leonee_Ariel_Derr,9,5,14,Assert / Elaborate,raw_history_different_episode_assumptions_b256,raw_history_different_episode_assumptions,256,299.0,whitespace_v1,10,3,40,12,10,373,True,"[""full"", ""assumption_eligible"", ""dense_explicit"", ""complete_case""]",0.5416666666666666,0.08333333333333333,25,48,48,24,True,,True,True,True,False,True,True
news:5_Talking_youth_engagement__libraries_and_graphic_novels_with_Leonee_Ariel_Derr:9:14:h5,news,5_Talking_youth_engagement__libraries_and_graphic_novels_with_Leonee_Ariel_Derr,9,5,14,Assert / Elaborate,raw_history_same_episode_random_turn_assumptions_b256,raw_history_same_episode_random_turn_assumptions,256,299.0,whitespace_v1,10,3,40,12,10,373,True,"[""full"", ""assumption_eligible"", ""dense_explicit"", ""complete_case""]",0.5416666666666666,0.08333333333333333,25,48,48,24,True,,True,True,True,False,True,True
news:5_Talking_youth_engagement__libraries_and_graphic_novels_with_Leonee_Ariel_Derr:9:14:h5,news,5_Talking_youth_engagement__libraries_and_graphic_novels_with_Leonee_Ariel_Derr,9,5,14,Assert / Elaborate,raw_history_explicit_b256,raw_history_explicit,256,299.0,whitespace_v1,10,3,40,12,10,373,True,"[""full"", ""assumption_eligible"", ""dense_explicit"", ""complete_case""]",0.5208333333333334,0.041666666666666664,25,48,48,24,True,,True,True,True,False,True,True
news:5_Talking_youth_engagement__libraries_and_graphic_novels_with_Leonee_Ariel_Derr:10:11:h1,news,5_Talking_youth_engagement__libraries_and_graphic_novels_with_Leonee_Ariel_Derr,10,1,11,Answer,raw_history_b256,raw_history,256,256.0,whitespace_v1,4,3,34,12,5,50,True,"[""full"", ""assumption_eligible"", ""sparse_explicit"", ""complete_case""]",0.5208333333333334,0.041666666666666664,25,48,48,24,True,,True,True,True,True,False,True
news:5_Talking_youth_engagement__libraries_and_graphic_novels_with_Leonee_Ariel_Derr:10:11:h1,news,5_Talking_youth_engagement__libraries_and_graphic_novels_with_Leonee_Ariel_Derr,10,1,11,Answer,raw_history_true_assumptions_b256,raw_history_true_assumptions,256,302.0,whitespace_v1,4,3,34,12,5,50,True,"[""full"", ""assumption_eligible"", ""sparse_explicit"", ""complete_case""]",0.7083333333333334,0.4166666666666667,25,48,48,24,True,,True,True,True,True,False,True
news:5_Talking_youth_engagement__libraries_and_graphic_novels_with_Leonee_Ariel_Derr:10:11:h1,news,5_Talking_youth_engagement__libraries_and_graphic_novels_with_Leonee_Ariel_Derr,10,1,11,Answer,raw_history_different_episode_assumptions_b256,raw_history_different_episode_assumptions,256,302.0,whitespace_v1,4,3,34,12,5,50,True,"[""full"", ""assumption_eligible"", ""sparse_explicit"", ""complete_case""]",0.5833333333333334,0.16666666666666666,25,48,48,24,True,,True,True,True,True,False,True
news:5_Talking_youth_engagement__libraries_and_graphic_novels_with_Leonee_Ariel_Derr:10:11:h1,news,5_Talking_youth_engagement__libraries_and_graphic_novels_with_Leonee_Ariel_Derr,10,1,11,Answer,raw_history_same_episode_random_turn_assumptions_b256,raw_history_same_episode_random_turn_assumptions,256,302.0,whitespace_v1,4,3,34,12,5,50,True,"[""full"", ""assumption_eligible"", ""sparse_explicit"", ""complete_case""]",0.6666666666666666,0.3333333333333333,25,48,48,24,True,,True,True,True,True,False,True
news:5_Talking_youth_engagement__libraries_and_graphic_novels_with_Leonee_Ariel_Derr:10:11:h1,news,5_Talking_youth_engagement__libraries_and_graphic_novels_with_Leonee_Ariel_Derr,10,1,11,Answer,raw_history_explicit_b256,raw_history_explicit,256,302.0,whitespace_v1,4,3,34,12,5,50,True,"[""full"", ""assumption_eligible"", ""sparse_explicit"", ""complete_case""]",0.625,0.25,25,48,48,24,True,,True,True,True,True,False,True
news:5_Talking_youth_engagement__libraries_and_graphic_novels_with_Leonee_Ariel_Derr:10:13:h3,news,5_Talking_youth_engagement__libraries_and_graphic_novels_with_Leonee_Ariel_Derr,10,3,13,Assert / Elaborate,raw_history_b256,raw_history,256,256.0,whitespace_v1,4,3,34,12,5,50,True,"[""full"", ""assumption_eligible"", ""sparse_explicit"", ""complete_case""]",0.5,0.0,25,48,48,24,True,,True,True,True,True,False,True
news:5_Talking_youth_engagement__libraries_and_graphic_novels_with_Leonee_Ariel_Derr:10:13:h3,news,5_Talking_youth_engagement__libraries_and_graphic_novels_with_Leonee_Ariel_Derr,10,3,13,Assert / Elaborate,raw_history_true_assumptions_b256,raw_history_true_assumptions,256,302.0,whitespace_v1,4,3,34,12,5,50,True,"[""full"", ""assumption_eligible"", ""sparse_explicit"", ""complete_case""]",0.5208333333333334,0.041666666666666664,25,48,48,24,True,,True,True,True,True,False,True
news:5_Talking_youth_engagement__libraries_and_graphic_novels_with_Leonee_Ariel_Derr:10:13:h3,news,5_Talking_youth_engagement__libraries_and_graphic_novels_with_Leonee_Ariel_Derr,10,3,13,Assert / Elaborate,raw_history_different_episode_assumptions_b256,raw_history_different_episode_assumptions,256,302.0,whitespace_v1,4,3,34,12,5,50,True,"[""full"", ""assumption_eligible"", ""sparse_explicit"", ""complete_case""]",0.5,0.0,25,48,48,24,True,,True,True,True,True,False,True
news:5_Talking_youth_engagement__libraries_and_graphic_novels_with_Leonee_Ariel_Derr:10:13:h3,news,5_Talking_youth_engagement__libraries_and_graphic_novels_with_Leonee_Ariel_Derr,10,3,13,Assert / Elaborate,raw_history_same_episode_random_turn_assumptions_b256,raw_history_same_episode_random_turn_assumptions,256,302.0,whitespace_v1,4,3,34,12,5,50,True,"[""full"", ""assumption_eligible"", ""sparse_explicit"", ""complete_case""]",0.5,0.0,25,48,48,24,True,,True,True,True,True,False,True
news:5_Talking_youth_engagement__libraries_and_graphic_novels_with_Leonee_Ariel_Derr:10:13:h3,news,5_Talking_youth_engagement__libraries_and_graphic_novels_with_Leonee_Ariel_Derr,10,3,13,Assert / Elaborate,raw_history_explicit_b256,raw_history_explicit,256,302.0,whitespace_v1,4,3,34,12,5,50,True,"[""full"", ""assumption_eligible"", ""sparse_explicit"", ""complete_case""]",0.5,0.0,25,48,48,24,True,,True,True,True,True,False,True
news:5_Talking_youth_engagement__libraries_and_graphic_novels_with_Leonee_Ariel_Derr:10:15:h5,news,5_Talking_youth_engagement__libraries_and_graphic_novels_with_Leonee_Ariel_Derr,10,5,15,Assert / Elaborate,raw_history_b256,raw_history,256,256.0,whitespace_v1,4,3,34,12,5,50,True,"[""full"", ""assumption_eligible"", ""sparse_explicit"", ""complete_case""]",0.5208333333333334,0.041666666666666664,25,48,48,24,True,,True,True,True,True,False,True
news:5_Talking_youth_engagement__libraries_and_graphic_novels_with_Leonee_Ariel_Derr:10:15:h5,news,5_Talking_youth_engagement__libraries_and_graphic_novels_with_Leonee_Ariel_Derr,10,5,15,Assert / Elaborate,raw_history_true_assumptions_b256,raw_history_true_assumptions,256,302.0,whitespace_v1,4,3,34,12,5,50,True,"[""full"", ""assumption_eligible"", ""sparse_explicit"", ""complete_case""]",0.5833333333333334,0.16666666666666666,25,48,48,24,True,,True,True,True,True,False,True
news:5_Talking_youth_engagement__libraries_and_graphic_novels_with_Leonee_Ariel_Derr:10:15:h5,news,5_Talking_youth_engagement__libraries_and_graphic_novels_with_Leonee_Ariel_Derr,10,5,15,Assert / Elaborate,raw_history_different_episode_assumptions_b256,raw_history_different_episode_assumptions,256,302.0,whitespace_v1,4,3,34,12,5,50,True,"[""full"", ""assumption_eligible"", ""sparse_explicit"", ""complete_case""]",0.5,0.0,25,48,48,24,True,,True,True,True,True,False,True
news:5_Talking_youth_engagement__libraries_and_graphic_novels_with_Leonee_Ariel_Derr:10:15:h5,news,5_Talking_youth_engagement__libraries_and_graphic_novels_with_Leonee_Ariel_Derr,10,5,15,Assert / Elaborate,raw_history_same_episode_random_turn_assumptions_b256,raw_history_same_episode_random_turn_assumptions,256,302.0,whitespace_v1,4,3,34,12,5,50,True,"[""full"", ""assumption_eligible"", ""sparse_explicit"", ""complete_case""]",0.5208333333333334,0.041666666666666664,25,48,48,24,True,,True,True,True,True,False,True
news:5_Talking_youth_engagement__libraries_and_graphic_novels_with_Leonee_Ariel_Derr:10:15:h5,news,5_Talking_youth_engagement__libraries_and_graphic_novels_with_Leonee_Ariel_Derr,10,5,15,Assert / Elaborate,raw_history_explicit_b256,raw_history_explicit,256,302.0,whitespace_v1,4,3,34,12,5,50,True,"[""full"", ""assumption_eligible"", ""sparse_explicit"", ""complete_case""]",0.5625,0.125,25,48,48,24,True,,True,True,True,True,False,True
news:5_Talking_youth_engagement__libraries_and_graphic_novels_with_Leonee_Ariel_Derr:11:12:h1,news,5_Talking_youth_engagement__libraries_and_graphic_novels_with_Leonee_Ariel_Derr,11,1,12,Topic Shift,raw_history_b256,raw_history,256,256.0,whitespace_v1,7,3,31,12,5,134,True,"[""full"", ""assumption_eligible"", ""dense_explicit"", ""complete_case""]",0.5208333333333334,0.20833333333333334,25,48,48,24,True,,True,True,True,False,True,True
news:5_Talking_youth_engagement__libraries_and_graphic_novels_with_Leonee_Ariel_Derr:11:12:h1,news,5_Talking_youth_engagement__libraries_and_graphic_novels_with_Leonee_Ariel_Derr,11,1,12,Topic Shift,raw_history_true_assumptions_b256,raw_history_true_assumptions,256,295.0,whitespace_v1,7,3,31,12,5,134,True,"[""full"", ""assumption_eligible"", ""dense_explicit"", ""complete_case""]",0.5208333333333334,0.041666666666666664,25,48,48,24,True,,True,True,True,False,True,True
news:5_Talking_youth_engagement__libraries_and_graphic_novels_with_Leonee_Ariel_Derr:11:12:h1,news,5_Talking_youth_engagement__libraries_and_graphic_novels_with_Leonee_Ariel_Derr,11,1,12,Topic Shift,raw_history_different_episode_assumptions_b256,raw_history_different_episode_assumptions,256,295.0,whitespace_v1,7,3,31,12,5,134,True,"[""full"", ""assumption_eligible"", ""dense_explicit"", ""complete_case""]",0.5,0.08333333333333333,25,48,48,24,True,,True,True,True,False,True,True
news:5_Talking_youth_engagement__libraries_and_graphic_novels_with_Leonee_Ariel_Derr:11:12:h1,news,5_Talking_youth_engagement__libraries_and_graphic_novels_with_Leonee_Ariel_Derr,11,1,12,Topic Shift,raw_history_same_episode_random_turn_assumptions_b256,raw_history_same_episode_random_turn_assumptions,256,295.0,whitespace_v1,7,3,31,12,5,134,True,"[""full"", ""assumption_eligible"", ""dense_explicit"", ""complete_case""]",0.5416666666666666,0.08333333333333333,25,48,48,24,True,,True,True,True,False,True,True
news:5_Talking_youth_engagement__libraries_and_graphic_novels_with_Leonee_Ariel_Derr:11:12:h1,news,5_Talking_youth_engagement__libraries_and_graphic_novels_with_Leonee_Ariel_Derr,11,1,12,Topic Shift,raw_history_explicit_b256,raw_history_explicit,256,295.0,whitespace_v1,7,3,31,12,5,134,True,"[""full"", ""assumption_eligible"", ""dense_explicit"", ""complete_case""]",0.5208333333333334,0.041666666666666664,25,48,48,24,True,,True,True,True,False,True,True
news:5_Talking_youth_engagement__libraries_and_graphic_novels_with_Leonee_Ariel_Derr:11:14:h3,news,5_Talking_youth_engagement__libraries_and_graphic_novels_with_Leonee_Ariel_Derr,11,3,14,Assert / Elaborate,raw_history_b256,raw_history,256,256.0,whitespace_v1,7,3,31,12,5,134,True,"[""full"", ""assumption_eligible"", ""dense_explicit"", ""complete_case""]",0.5625,0.125,25,48,48,24,True,,True,True,True,False,True,True
news:5_Talking_youth_engagement__libraries_and_graphic_novels_with_Leonee_Ariel_Derr:11:14:h3,news,5_Talking_youth_engagement__libraries_and_graphic_novels_with_Leonee_Ariel_Derr,11,3,14,Assert / Elaborate,raw_history_true_assumptions_b256,raw_history_true_assumptions,256,295.0,whitespace_v1,7,3,31,12,5,134,True,"[""full"", ""assumption_eligible"", ""dense_explicit"", ""complete_case""]",0.5208333333333334,0.041666666666666664,25,48,48,24,True,,True,True,True,False,True,True
news:5_Talking_youth_engagement__libraries_and_graphic_novels_with_Leonee_Ariel_Derr:11:14:h3,news,5_Talking_youth_engagement__libraries_and_graphic_novels_with_Leonee_Ariel_Derr,11,3,14,Assert / Elaborate,raw_history_different_episode_assumptions_b256,raw_history_different_episode_assumptions,256,295.0,whitespace_v1,7,3,31,12,5,134,True,"[""full"", ""assumption_eligible"", ""dense_explicit"", ""complete_case""]",0.5416666666666666,0.08333333333333333,25,48,48,24,True,,True,True,True,False,True,True
news:5_Talking_youth_engagement__libraries_and_graphic_novels_with_Leonee_Ariel_Derr:11:14:h3,news,5_Talking_youth_engagement__libraries_and_graphic_novels_with_Leonee_Ariel_Derr,11,3,14,Assert / Elaborate,raw_history_same_episode_random_turn_assumptions_b256,raw_history_same_episode_random_turn_assumptions,256,295.0,whitespace_v1,7,3,31,12,5,134,True,"[""full"", ""assumption_eligible"", ""dense_explicit"", ""complete_case""]",0.5208333333333334,0.041666666666666664,25,48,48,24,True,,True,True,True,False,True,True
news:5_Talking_youth_engagement__libraries_and_graphic_novels_with_Leonee_Ariel_Derr:11:14:h3,news,5_Talking_youth_engagement__libraries_and_graphic_novels_with_Leonee_Ariel_Derr,11,3,14,Assert / Elaborate,raw_history_explicit_b256,raw_history_explicit,256,295.0,whitespace_v1,7,3,31,12,5,134,True,"[""full"", ""assumption_eligible"", ""dense_explicit"", ""complete_case""]",0.5208333333333334,0.041666666666666664,25,48,48,24,True,,True,True,True,False,True,True
news:5_Talking_youth_engagement__libraries_and_graphic_novels_with_Leonee_Ariel_Derr:12:13:h1,news,5_Talking_youth_engagement__libraries_and_graphic_novels_with_Leonee_Ariel_Derr,12,1,13,Assert / Elaborate,raw_history_b256,raw_history,256,256.0,whitespace_v1,5,3,26,12,5,78,True,"[""full"", ""assumption_eligible"", ""dense_explicit"", ""complete_case""]",0.5833333333333334,0.16666666666666666,25,48,48,24,True,,True,True,True,False,True,True
news:5_Talking_youth_engagement__libraries_and_graphic_novels_with_Leonee_Ariel_Derr:12:13:h1,news,5_Talking_youth_engagement__libraries_and_graphic_novels_with_Leonee_Ariel_Derr,12,1,13,Assert / Elaborate,raw_history_true_assumptions_b256,raw_history_true_assumptions,256,290.0,whitespace_v1,5,3,26,12,5,78,True,"[""full"", ""assumption_eligible"", ""dense_explicit"", ""complete_case""]",0.5833333333333334,0.16666666666666666,25,48,48,24,True,,True,True,True,False,True,True
news:5_Talking_youth_engagement__libraries_and_graphic_novels_with_Leonee_Ariel_Derr:12:13:h1,news,5_Talking_youth_engagement__libraries_and_graphic_novels_with_Leonee_Ariel_Derr,12,1,13,Assert / Elaborate,raw_history_different_episode_assumptions_b256,raw_history_different_episode_assumptions,256,290.0,whitespace_v1,5,3,26,12,5,78,True,"[""full"", ""assumption_eligible"", ""dense_explicit"", ""complete_case""]",0.5625,0.125,25,48,48,24,True,,True,True,True,False,True,True
news:5_Talking_youth_engagement__libraries_and_graphic_novels_with_Leonee_Ariel_Derr:12:13:h1,news,5_Talking_youth_engagement__libraries_and_graphic_novels_with_Leonee_Ariel_Derr,12,1,13,Assert / Elaborate,raw_history_same_episode_random_turn_assumptions_b256,raw_history_same_episode_random_turn_assumptions,256,290.0,whitespace_v1,5,3,26,12,5,78,True,"[""full"", ""assumption_eligible"", ""dense_explicit"", ""complete_case""]",0.6041666666666666,0.20833333333333334,25,48,48,24,True,,True,True,True,False,True,True
news:5_Talking_youth_engagement__libraries_and_graphic_novels_with_Leonee_Ariel_Derr:12:13:h1,news,5_Talking_youth_engagement__libraries_and_graphic_novels_with_Leonee_Ariel_Derr,12,1,13,Assert / Elaborate,raw_history_explicit_b256,raw_history_explicit,256,290.0,whitespace_v1,5,3,26,12,5,78,True,"[""full"", ""assumption_eligible"", ""dense_explicit"", ""complete_case""]",0.5625,0.125,25,48,48,24,True,,True,True,True,False,True,True
news:5_Talking_youth_engagement__libraries_and_graphic_novels_with_Leonee_Ariel_Derr:12:15:h3,news,5_Talking_youth_engagement__libraries_and_graphic_novels_with_Leonee_Ariel_Derr,12,3,15,Assert / Elaborate,raw_history_b256,raw_history,256,256.0,whitespace_v1,5,3,26,12,5,78,True,"[""full"", ""assumption_eligible"", ""dense_explicit"", ""complete_case""]",0.5416666666666666,0.08333333333333333,25,48,48,24,True,,True,True,True,False,True,True
news:5_Talking_youth_engagement__libraries_and_graphic_novels_with_Leonee_Ariel_Derr:12:15:h3,news,5_Talking_youth_engagement__libraries_and_graphic_novels_with_Leonee_Ariel_Derr,12,3,15,Assert / Elaborate,raw_history_true_assumptions_b256,raw_history_true_assumptions,256,290.0,whitespace_v1,5,3,26,12,5,78,True,"[""full"", ""assumption_eligible"", ""dense_explicit"", ""complete_case""]",0.5625,0.125,25,48,48,24,True,,True,True,True,False,True,True
news:5_Talking_youth_engagement__libraries_and_graphic_novels_with_Leonee_Ariel_Derr:12:15:h3,news,5_Talking_youth_engagement__libraries_and_graphic_novels_with_Leonee_Ariel_Derr,12,3,15,Assert / Elaborate,raw_history_different_episode_assumptions_b256,raw_history_different_episode_assumptions,256,290.0,whitespace_v1,5,3,26,12,5,78,True,"[""full"", ""assumption_eligible"", ""dense_explicit"", ""complete_case""]",0.5208333333333334,0.041666666666666664,25,48,48,24,True,,True,True,True,False,True,True
news:5_Talking_youth_engagement__libraries_and_graphic_novels_with_Leonee_Ariel_Derr:12:15:h3,news,5_Talking_youth_engagement__libraries_and_graphic_novels_with_Leonee_Ariel_Derr,12,3,15,Assert / Elaborate,raw_history_same_episode_random_turn_assumptions_b256,raw_history_same_episode_random_turn_assumptions,256,290.0,whitespace_v1,5,3,26,12,5,78,True,"[""full"", ""assumption_eligible"", ""dense_explicit"", ""complete_case""]",0.5625,0.125,25,48,48,24,True,,True,True,True,False,True,True
news:5_Talking_youth_engagement__libraries_and_graphic_novels_with_Leonee_Ariel_Derr:12:15:h3,news,5_Talking_youth_engagement__libraries_and_graphic_novels_with_Leonee_Ariel_Derr,12,3,15,Assert / Elaborate,raw_history_explicit_b256,raw_history_explicit,256,290.0,whitespace_v1,5,3,26,12,5,78,True,"[""full"", ""assumption_eligible"", ""dense_explicit"", ""complete_case""]",0.5625,0.125,25,48,48,24,True,,True,True,True,False,True,True
news:5_Talking_youth_engagement__libraries_and_graphic_novels_with_Leonee_Ariel_Derr:13:14:h1,news,5_Talking_youth_engagement__libraries_and_graphic_novels_with_Leonee_Ariel_Derr,13,1,14,Assert / Elaborate,raw_history_b256,raw_history,256,256.0,whitespace_v1,9,3,25,12,10,308,True,"[""full"", ""assumption_eligible"", ""dense_explicit"", ""complete_case""]",0.5,0.0,25,48,48,24,True,,True,True,True,False,True,True
news:5_Talking_youth_engagement__libraries_and_graphic_novels_with_Leonee_Ariel_Derr:13:14:h1,news,5_Talking_youth_engagement__libraries_and_graphic_novels_with_Leonee_Ariel_Derr,13,1,14,Assert / Elaborate,raw_history_true_assumptions_b256,raw_history_true_assumptions,256,299.0,whitespace_v1,9,3,25,12,10,308,True,"[""full"", ""assumption_eligible"", ""dense_explicit"", ""complete_case""]",0.5208333333333334,0.041666666666666664,25,48,48,24,True,,True,True,True,False,True,True
news:5_Talking_youth_engagement__libraries_and_graphic_novels_with_Leonee_Ariel_Derr:13:14:h1,news,5_Talking_youth_engagement__libraries_and_graphic_novels_with_Leonee_Ariel_Derr,13,1,14,Assert / Elaborate,raw_history_different_episode_assumptions_b256,raw_history_different_episode_assumptions,256,299.0,whitespace_v1,9,3,25,12,10,308,True,"[""full"", ""assumption_eligible"", ""dense_explicit"", ""complete_case""]",0.5208333333333334,0.041666666666666664,25,48,48,24,True,,True,True,True,False,True,True
news:5_Talking_youth_engagement__libraries_and_graphic_novels_with_Leonee_Ariel_Derr:13:14:h1,news,5_Talking_youth_engagement__libraries_and_graphic_novels_with_Leonee_Ariel_Derr,13,1,14,Assert / Elaborate,raw_history_same_episode_random_turn_assumptions_b256,raw_history_same_episode_random_turn_assumptions,256,299.0,whitespace_v1,9,3,25,12,10,308,True,"[""full"", ""assumption_eligible"", ""dense_explicit"", ""complete_case""]",0.5416666666666666,0.08333333333333333,25,48,48,24,True,,True,True,True,False,True,True
news:5_Talking_youth_engagement__libraries_and_graphic_novels_with_Leonee_Ariel_Derr:13:14:h1,news,5_Talking_youth_engagement__libraries_and_graphic_novels_with_Leonee_Ariel_Derr,13,1,14,Assert / Elaborate,raw_history_explicit_b256,raw_history_explicit,256,299.0,whitespace_v1,9,3,25,12,10,308,True,"[""full"", ""assumption_eligible"", ""dense_explicit"", ""complete_case""]",0.5208333333333334,0.041666666666666664,25,48,48,24,True,,True,True,True,False,True,True
news:5_Talking_youth_engagement__libraries_and_graphic_novels_with_Leonee_Ariel_Derr:14:15:h1,news,5_Talking_youth_engagement__libraries_and_graphic_novels_with_Leonee_Ariel_Derr,14,1,15,Assert / Elaborate,raw_history_b256,raw_history,256,256.0,whitespace_v1,10,3,31,12,10,445,True,"[""full"", ""assumption_eligible"", ""dense_explicit"", ""complete_case""]",0.5625,0.125,25,48,48,24,True,,True,True,True,False,True,True
news:5_Talking_youth_engagement__libraries_and_graphic_novels_with_Leonee_Ariel_Derr:14:15:h1,news,5_Talking_youth_engagement__libraries_and_graphic_novels_with_Leonee_Ariel_Derr,14,1,15,Assert / Elaborate,raw_history_true_assumptions_b256,raw_history_true_assumptions,256,302.0,whitespace_v1,10,3,31,12,10,445,True,"[""full"", ""assumption_eligible"", ""dense_explicit"", ""complete_case""]",0.5625,0.125,25,48,48,24,True,,True,True,True,False,True,True
news:5_Talking_youth_engagement__libraries_and_graphic_novels_with_Leonee_Ariel_Derr:14:15:h1,news,5_Talking_youth_engagement__libraries_and_graphic_novels_with_Leonee_Ariel_Derr,14,1,15,Assert / Elaborate,raw_history_different_episode_assumptions_b256,raw_history_different_episode_assumptions,256,302.0,whitespace_v1,10,3,31,12,10,445,True,"[""full"", ""assumption_eligible"", ""dense_explicit"", ""complete_case""]",0.5625,0.125,25,48,48,24,True,,True,True,True,False,True,True
news:5_Talking_youth_engagement__libraries_and_graphic_novels_with_Leonee_Ariel_Derr:14:15:h1,news,5_Talking_youth_engagement__libraries_and_graphic_novels_with_Leonee_Ariel_Derr,14,1,15,Assert / Elaborate,raw_history_same_episode_random_turn_assumptions_b256,raw_history_same_episode_random_turn_assumptions,256,302.0,whitespace_v1,10,3,31,12,10,445,True,"[""full"", ""assumption_eligible"", ""dense_explicit"", ""complete_case""]",0.5625,0.125,25,48,48,24,True,,True,True,True,False,True,True
news:5_Talking_youth_engagement__libraries_and_graphic_novels_with_Leonee_Ariel_Derr:14:15:h1,news,5_Talking_youth_engagement__libraries_and_graphic_novels_with_Leonee_Ariel_Derr,14,1,15,Assert / Elaborate,raw_history_explicit_b256,raw_history_explicit,256,302.0,whitespace_v1,10,3,31,12,10,445,True,"[""full"", ""assumption_eligible"", ""dense_explicit"", ""complete_case""]",0.6041666666666666,0.20833333333333334,25,48,48,24,True,,True,True,True,False,True,True
news:5_Talking_youth_engagement__libraries_and_graphic_novels_with_Leonee_Ariel_Derr:17:18:h1,news,5_Talking_youth_engagement__libraries_and_graphic_novels_with_Leonee_Ariel_Derr,17,1,18,Assert / Elaborate,raw_history_b256,raw_history,256,256.0,whitespace_v1,9,3,39,12,10,687,True,"[""full"", ""assumption_eligible"", ""dense_explicit"", ""complete_case""]",0.5416666666666666,0.08333333333333333,25,48,48,24,True,,True,True,True,False,True,True
news:5_Talking_youth_engagement__libraries_and_graphic_novels_with_Leonee_Ariel_Derr:17:18:h1,news,5_Talking_youth_engagement__libraries_and_graphic_novels_with_Leonee_Ariel_Derr,17,1,18,Assert / Elaborate,raw_history_true_assumptions_b256,raw_history_true_assumptions,256,301.0,whitespace_v1,9,3,39,12,10,687,True,"[""full"", ""assumption_eligible"", ""dense_explicit"", ""complete_case""]",0.6458333333333334,0.2916666666666667,25,48,48,24,True,,True,True,True,False,True,True
news:5_Talking_youth_engagement__libraries_and_graphic_novels_with_Leonee_Ariel_Derr:17:18:h1,news,5_Talking_youth_engagement__libraries_and_graphic_novels_with_Leonee_Ariel_Derr,17,1,18,Assert / Elaborate,raw_history_different_episode_assumptions_b256,raw_history_different_episode_assumptions,256,301.0,whitespace_v1,9,3,39,12,10,687,True,"[""full"", ""assumption_eligible"", ""dense_explicit"", ""complete_case""]",0.5833333333333334,0.16666666666666666,25,48,48,24,True,,True,True,True,False,True,True
news:5_Talking_youth_engagement__libraries_and_graphic_novels_with_Leonee_Ariel_Derr:17:18:h1,news,5_Talking_youth_engagement__libraries_and_graphic_novels_with_Leonee_Ariel_Derr,17,1,18,Assert / Elaborate,raw_history_same_episode_random_turn_assumptions_b256,raw_history_same_episode_random_turn_assumptions,256,301.0,whitespace_v1,9,3,39,12,10,687,True,"[""full"", ""assumption_eligible"", ""dense_explicit"", ""complete_case""]",0.5833333333333334,0.16666666666666666,25,48,48,24,True,,True,True,True,False,True,True
news:5_Talking_youth_engagement__libraries_and_graphic_novels_with_Leonee_Ariel_Derr:17:18:h1,news,5_Talking_youth_engagement__libraries_and_graphic_novels_with_Leonee_Ariel_Derr,17,1,18,Assert / Elaborate,raw_history_explicit_b256,raw_history_explicit,256,301.0,whitespace_v1,9,3,39,12,10,687,True,"[""full"", ""assumption_eligible"", ""dense_explicit"", ""complete_case""]",0.5625,0.125,25,48,48,24,True,,True,True,True,False,True,True
news:Alana_Goodman:1:2:h1,news,Alana_Goodman,1,1,2,Assert / Elaborate,raw_history_b256,raw_history,256,225.0,whitespace_v1,7,3,15,6,5,90,True,"[""full"", ""assumption_eligible"", ""dense_explicit""]",0.75,0.5,25,48,48,24,True,,True,True,True,False,True,False
news:Alana_Goodman:1:2:h1,news,Alana_Goodman,1,1,2,Assert / Elaborate,raw_history_true_assumptions_b256,raw_history_true_assumptions,256,260.0,whitespace_v1,7,3,15,6,5,90,True,"[""full"", ""assumption_eligible"", ""dense_explicit""]",0.8125,0.625,25,48,48,24,True,,True,True,True,False,True,False
news:Alana_Goodman:1:2:h1,news,Alana_Goodman,1,1,2,Assert / Elaborate,raw_history_different_episode_assumptions_b256,raw_history_different_episode_assumptions,256,260.0,whitespace_v1,7,3,15,6,5,90,True,"[""full"", ""assumption_eligible"", ""dense_explicit""]",0.6458333333333334,0.2916666666666667,25,48,48,24,True,,True,True,True,False,True,False
news:Alana_Goodman:1:2:h1,news,Alana_Goodman,1,1,2,Assert / Elaborate,raw_history_same_episode_random_turn_assumptions_b256,raw_history_same_episode_random_turn_assumptions,256,,whitespace_v1,7,3,15,6,5,90,True,[],,,25,48,0,0,False,no_length_matched_same_episode_random_turn_donor,True,False,False,False,False,False
news:Alana_Goodman:1:2:h1,news,Alana_Goodman,1,1,2,Assert / Elaborate,raw_history_explicit_b256,raw_history_explicit,256,260.0,whitespace_v1,7,3,15,6,5,90,True,"[""full"", ""assumption_eligible"", ""dense_explicit""]",0.8125,0.625,25,48,48,24,True,,True,True,True,False,True,False
political:42060:2:3:h1,political,42060,2,1,3,Assert / Elaborate,raw_history_b256,raw_history,256,256.0,whitespace_v1,5,3,25,9,5,88,True,"[""full"", ""assumption_eligible"", ""dense_explicit""]",0.5416666666666666,0.08333333333333333,25,48,48,24,True,,True,True,True,False,True,False
political:42060:2:3:h1,political,42060,2,1,3,Assert / Elaborate,raw_history_true_assumptions_b256,raw_history_true_assumptions,256,297.0,whitespace_v1,5,3,25,9,5,88,True,"[""full"", ""assumption_eligible"", ""dense_explicit""]",0.5833333333333334,0.16666666666666666,25,48,48,24,True,,True,True,True,False,True,False
political:42060:2:3:h1,political,42060,2,1,3,Assert / Elaborate,raw_history_different_episode_assumptions_b256,raw_history_different_episode_assumptions,256,297.0,whitespace_v1,5,3,25,9,5,88,True,"[""full"", ""assumption_eligible"", ""dense_explicit""]",0.5625,0.125,25,48,48,24,True,,True,True,True,False,True,False
political:42060:2:3:h1,political,42060,2,1,3,Assert / Elaborate,raw_history_same_episode_random_turn_assumptions_b256,raw_history_same_episode_random_turn_assumptions,256,,whitespace_v1,5,3,25,9,5,88,True,[],,,25,48,0,0,False,no_length_matched_same_episode_random_turn_donor,True,False,False,False,False,False
political:42060:2:3:h1,political,42060,2,1,3,Assert / Elaborate,raw_history_explicit_b256,raw_history_explicit,256,297.0,whitespace_v1,5,3,25,9,5,88,True,"[""full"", ""assumption_eligible"", ""dense_explicit""]",0.5625,0.125,25,48,48,24,True,,True,True,True,False,True,False
political:42060:3:4:h1,political,42060,3,1,4,Assert / Elaborate,raw_history_b256,raw_history,256,256.0,whitespace_v1,10,3,35,12,10,262,True,"[""full"", ""assumption_eligible"", ""dense_explicit""]",0.5,0.0,25,48,48,24,True,,True,True,True,False,True,False
political:42060:3:4:h1,political,42060,3,1,4,Assert / Elaborate,raw_history_true_assumptions_b256,raw_history_true_assumptions,256,296.0,whitespace_v1,10,3,35,12,10,262,True,"[""full"", ""assumption_eligible"", ""dense_explicit""]",0.5,0.0,25,48,48,24,True,,True,True,True,False,True,False
political:42060:3:4:h1,political,42060,3,1,4,Assert / Elaborate,raw_history_different_episode_assumptions_b256,raw_history_different_episode_assumptions,256,296.0,whitespace_v1,10,3,35,12,10,262,True,"[""full"", ""assumption_eligible"", ""dense_explicit""]",0.5208333333333334,0.041666666666666664,25,48,48,24,True,,True,True,True,False,True,False
political:42060:3:4:h1,political,42060,3,1,4,Assert / Elaborate,raw_history_same_episode_random_turn_assumptions_b256,raw_history_same_episode_random_turn_assumptions,256,,whitespace_v1,10,3,35,12,10,262,True,[],,,25,48,0,0,False,no_length_matched_same_episode_random_turn_donor,True,False,False,False,False,False
political:42060:3:4:h1,political,42060,3,1,4,Assert / Elaborate,raw_history_explicit_b256,raw_history_explicit,256,296.0,whitespace_v1,10,3,35,12,10,262,True,"[""full"", ""assumption_eligible"", ""dense_explicit""]",0.5208333333333334,0.041666666666666664,25,48,48,24,True,,True,True,True,False,True,False
political:42088:1:2:h1,political,42088,1,1,2,Correction / Challenge,raw_history_b256,raw_history,256,110.0,whitespace_v1,4,3,8,6,4,51,True,"[""full"", ""assumption_eligible"", ""sparse_explicit""]",0.5208333333333334,0.041666666666666664,25,48,48,24,True,,True,True,True,True,False,False
political:42088:1:2:h1,political,42088,1,1,2,Correction / Challenge,raw_history_true_assumptions_b256,raw_history_true_assumptions,256,166.0,whitespace_v1,4,3,8,6,4,51,True,"[""full"", ""assumption_eligible"", ""sparse_explicit""]",0.5208333333333334,0.041666666666666664,25,48,48,24,True,,True,True,True,True,False,False
political:42088:1:2:h1,political,42088,1,1,2,Correction / Challenge,raw_history_different_episode_assumptions_b256,raw_history_different_episode_assumptions,256,166.0,whitespace_v1,4,3,8,6,4,51,True,"[""full"", ""assumption_eligible"", ""sparse_explicit""]",0.5208333333333334,0.041666666666666664,25,48,48,24,True,,True,True,True,True,False,False
political:42088:1:2:h1,political,42088,1,1,2,Correction / Challenge,raw_history_same_episode_random_turn_assumptions_b256,raw_history_same_episode_random_turn_assumptions,256,,whitespace_v1,4,3,8,6,4,51,True,[],,,25,48,0,0,False,no_length_matched_same_episode_random_turn_donor,True,False,False,False,False,False
political:42088:1:2:h1,political,42088,1,1,2,Correction / Challenge,raw_history_explicit_b256,raw_history_explicit,256,166.0,whitespace_v1,4,3,8,6,4,51,True,"[""full"", ""assumption_eligible"", ""sparse_explicit""]",0.5208333333333334,0.041666666666666664,25,48,48,24,True,,True,True,True,True,False,False
political:42088:2:3:h1,political,42088,2,1,3,Correction / Challenge,raw_history_b256,raw_history,256,248.0,whitespace_v1,8,3,16,9,7,149,True,"[""full"", ""assumption_eligible"", ""dense_explicit""]",0.5,0.0,25,48,48,24,True,,True,True,True,False,True,False
political:42088:2:3:h1,political,42088,2,1,3,Correction / Challenge,raw_history_true_assumptions_b256,raw_history_true_assumptions,256,299.0,whitespace_v1,8,3,16,9,7,149,True,"[""full"", ""assumption_eligible"", ""dense_explicit""]",0.5208333333333334,0.041666666666666664,25,48,48,24,True,,True,True,True,False,True,False
political:42088:2:3:h1,political,42088,2,1,3,Correction / Challenge,raw_history_different_episode_assumptions_b256,raw_history_different_episode_assumptions,256,299.0,whitespace_v1,8,3,16,9,7,149,True,"[""full"", ""assumption_eligible"", ""dense_explicit""]",0.5416666666666666,0.08333333333333333,25,48,48,24,True,,True,True,True,False,True,False
political:42088:2:3:h1,political,42088,2,1,3,Correction / Challenge,raw_history_same_episode_random_turn_assumptions_b256,raw_history_same_episode_random_turn_assumptions,256,,whitespace_v1,8,3,16,9,7,149,True,[],,,25,48,0,0,False,no_length_matched_same_episode_random_turn_donor,True,False,False,False,False,False
political:42088:2:3:h1,political,42088,2,1,3,Correction / Challenge,raw_history_explicit_b256,raw_history_explicit,256,299.0,whitespace_v1,8,3,16,9,7,149,True,"[""full"", ""assumption_eligible"", ""dense_explicit""]",0.5625,0.125,25,48,48,24,True,,True,True,True,False,True,False
political:42088:7:8:h1,political,42088,7,1,8,Assert / Elaborate,raw_history_b256,raw_history,256,256.0,whitespace_v1,7,3,32,12,6,155,True,"[""full"", ""assumption_eligible"", ""dense_explicit"", ""complete_case""]",0.5833333333333334,0.16666666666666666,25,48,48,24,True,,True,True,True,False,True,True
political:42088:7:8:h1,political,42088,7,1,8,Assert / Elaborate,raw_history_true_assumptions_b256,raw_history_true_assumptions,256,297.0,whitespace_v1,7,3,32,12,6,155,True,"[""full"", ""assumption_eligible"", ""dense_explicit"", ""complete_case""]",0.6458333333333334,0.2916666666666667,25,48,48,24,True,,True,True,True,False,True,True
political:42088:7:8:h1,political,42088,7,1,8,Assert / Elaborate,raw_history_different_episode_assumptions_b256,raw_history_different_episode_assumptions,256,297.0,whitespace_v1,7,3,32,12,6,155,True,"[""full"", ""assumption_eligible"", ""dense_explicit"", ""complete_case""]",0.5416666666666666,0.08333333333333333,25,48,48,24,True,,True,True,True,False,True,True
political:42088:7:8:h1,political,42088,7,1,8,Assert / Elaborate,raw_history_same_episode_random_turn_assumptions_b256,raw_history_same_episode_random_turn_assumptions,256,297.0,whitespace_v1,7,3,32,12,6,155,True,"[""full"", ""assumption_eligible"", ""dense_explicit"", ""complete_case""]",0.7083333333333334,0.4166666666666667,25,48,48,24,True,,True,True,True,False,True,True
political:42088:7:8:h1,political,42088,7,1,8,Assert / Elaborate,raw_history_explicit_b256,raw_history_explicit,256,297.0,whitespace_v1,7,3,32,12,6,155,True,"[""full"", ""assumption_eligible"", ""dense_explicit"", ""complete_case""]",0.5416666666666666,0.08333333333333333,25,48,48,24,True,,True,True,True,False,True,True
political:42088:8:9:h1,political,42088,8,1,9,Topic Shift,raw_history_b256,raw_history,256,256.0,whitespace_v1,10,3,32,12,10,633,True,"[""full"", ""assumption_eligible"", ""dense_explicit"", ""complete_case""]",0.625,0.25,25,48,48,24,True,,True,True,True,False,True,True
political:42088:8:9:h1,political,42088,8,1,9,Topic Shift,raw_history_true_assumptions_b256,raw_history_true_assumptions,256,306.0,whitespace_v1,10,3,32,12,10,633,True,"[""full"", ""assumption_eligible"", ""dense_explicit"", ""complete_case""]",0.5625,0.125,25,48,48,24,True,,True,True,True,False,True,True
political:42088:8:9:h1,political,42088,8,1,9,Topic Shift,raw_history_different_episode_assumptions_b256,raw_history_different_episode_assumptions,256,306.0,whitespace_v1,10,3,32,12,10,633,True,"[""full"", ""assumption_eligible"", ""dense_explicit"", ""complete_case""]",0.5625,0.125,25,48,48,24,True,,True,True,True,False,True,True
political:42088:8:9:h1,political,42088,8,1,9,Topic Shift,raw_history_same_episode_random_turn_assumptions_b256,raw_history_same_episode_random_turn_assumptions,256,306.0,whitespace_v1,10,3,32,12,10,633,True,"[""full"", ""assumption_eligible"", ""dense_explicit"", ""complete_case""]",0.5625,0.125,25,48,48,24,True,,True,True,True,False,True,True
political:42088:8:9:h1,political,42088,8,1,9,Topic Shift,raw_history_explicit_b256,raw_history_explicit,256,306.0,whitespace_v1,10,3,32,12,10,633,True,"[""full"", ""assumption_eligible"", ""dense_explicit"", ""complete_case""]",0.5416666666666666,0.08333333333333333,25,48,48,24,True,,True,True,True,False,True,True
political:42088:11:12:h1,political,42088,11,1,12,Assert / Elaborate,raw_history_b256,raw_history,256,256.0,whitespace_v1,4,3,28,12,4,86,True,"[""full"", ""assumption_eligible"", ""sparse_explicit"", ""complete_case""]",0.5416666666666666,0.08333333333333333,25,48,48,24,True,,True,True,True,True,False,True
political:42088:11:12:h1,political,42088,11,1,12,Assert / Elaborate,raw_history_true_assumptions_b256,raw_history_true_assumptions,256,284.0,whitespace_v1,4,3,28,12,4,86,True,"[""full"", ""assumption_eligible"", ""sparse_explicit"", ""complete_case""]",0.5416666666666666,0.08333333333333333,25,48,48,24,True,,True,True,True,True,False,True
political:42088:11:12:h1,political,42088,11,1,12,Assert / Elaborate,raw_history_different_episode_assumptions_b256,raw_history_different_episode_assumptions,256,284.0,whitespace_v1,4,3,28,12,4,86,True,"[""full"", ""assumption_eligible"", ""sparse_explicit"", ""complete_case""]",0.5416666666666666,0.08333333333333333,25,48,48,24,True,,True,True,True,True,False,True
political:42088:11:12:h1,political,42088,11,1,12,Assert / Elaborate,raw_history_same_episode_random_turn_assumptions_b256,raw_history_same_episode_random_turn_assumptions,256,284.0,whitespace_v1,4,3,28,12,4,86,True,"[""full"", ""assumption_eligible"", ""sparse_explicit"", ""complete_case""]",0.5625,0.125,25,48,48,24,True,,True,True,True,True,False,True
political:42088:11:12:h1,political,42088,11,1,12,Assert / Elaborate,raw_history_explicit_b256,raw_history_explicit,256,284.0,whitespace_v1,4,3,28,12,4,86,True,"[""full"", ""assumption_eligible"", ""sparse_explicit"", ""complete_case""]",0.5416666666666666,0.08333333333333333,25,48,48,24,True,,True,True,True,True,False,True
political:42088:12:13:h1,political,42088,12,1,13,Clarification Request (Specific),raw_history_b256,raw_history,256,256.0,whitespace_v1,10,3,28,12,10,540,True,"[""full"", ""assumption_eligible"", ""dense_explicit"", ""complete_case""]",0.5625,0.125,25,48,48,24,True,,True,True,True,False,True,True
political:42088:12:13:h1,political,42088,12,1,13,Clarification Request (Specific),raw_history_true_assumptions_b256,raw_history_true_assumptions,256,293.0,whitespace_v1,10,3,28,12,10,540,True,"[""full"", ""assumption_eligible"", ""dense_explicit"", ""complete_case""]",0.5208333333333334,0.041666666666666664,25,48,48,24,True,,True,True,True,False,True,True
political:42088:12:13:h1,political,42088,12,1,13,Clarification Request (Specific),raw_history_different_episode_assumptions_b256,raw_history_different_episode_assumptions,256,293.0,whitespace_v1,10,3,28,12,10,540,True,"[""full"", ""assumption_eligible"", ""dense_explicit"", ""complete_case""]",0.5208333333333334,0.041666666666666664,25,48,48,24,True,,True,True,True,False,True,True
political:42088:12:13:h1,political,42088,12,1,13,Clarification Request (Specific),raw_history_same_episode_random_turn_assumptions_b256,raw_history_same_episode_random_turn_assumptions,256,293.0,whitespace_v1,10,3,28,12,10,540,True,"[""full"", ""assumption_eligible"", ""dense_explicit"", ""complete_case""]",0.5,0.0,25,48,48,24,True,,True,True,True,False,True,True
political:42088:12:13:h1,political,42088,12,1,13,Clarification Request (Specific),raw_history_explicit_b256,raw_history_explicit,256,293.0,whitespace_v1,10,3,28,12,10,540,True,"[""full"", ""assumption_eligible"", ""dense_explicit"", ""complete_case""]",0.5208333333333334,0.041666666666666664,25,48,48,24,True,,True,True,True,False,True,True
religion:001-LIFE_IN_RHYTHM___THE_RHYTHM_OF_PRAYER:1:2:h1,religion,001-LIFE_IN_RHYTHM___THE_RHYTHM_OF_PRAYER,1,1,2,Assert / Elaborate,raw_history_b256,raw_history,256,256.0,whitespace_v1,10,3,20,6,10,381,True,"[""full"", ""assumption_eligible"", ""dense_explicit""]",0.5,0.0,25,48,48,24,True,,True,True,True,False,True,False
religion:001-LIFE_IN_RHYTHM___THE_RHYTHM_OF_PRAYER:1:2:h1,religion,001-LIFE_IN_RHYTHM___THE_RHYTHM_OF_PRAYER,1,1,2,Assert / Elaborate,raw_history_true_assumptions_b256,raw_history_true_assumptions,256,287.0,whitespace_v1,10,3,20,6,10,381,True,"[""full"", ""assumption_eligible"", ""dense_explicit""]",0.5,0.0,25,48,48,24,True,,True,True,True,False,True,False
religion:001-LIFE_IN_RHYTHM___THE_RHYTHM_OF_PRAYER:1:2:h1,religion,001-LIFE_IN_RHYTHM___THE_RHYTHM_OF_PRAYER,1,1,2,Assert / Elaborate,raw_history_different_episode_assumptions_b256,raw_history_different_episode_assumptions,256,287.0,whitespace_v1,10,3,20,6,10,381,True,"[""full"", ""assumption_eligible"", ""dense_explicit""]",0.5,0.0,25,48,48,24,True,,True,True,True,False,True,False
religion:001-LIFE_IN_RHYTHM___THE_RHYTHM_OF_PRAYER:1:2:h1,religion,001-LIFE_IN_RHYTHM___THE_RHYTHM_OF_PRAYER,1,1,2,Assert / Elaborate,raw_history_same_episode_random_turn_assumptions_b256,raw_history_same_episode_random_turn_assumptions,256,,whitespace_v1,10,3,20,6,10,381,True,[],,,25,48,0,0,False,no_length_matched_same_episode_random_turn_donor,True,False,False,False,False,False
religion:001-LIFE_IN_RHYTHM___THE_RHYTHM_OF_PRAYER:1:2:h1,religion,001-LIFE_IN_RHYTHM___THE_RHYTHM_OF_PRAYER,1,1,2,Assert / Elaborate,raw_history_explicit_b256,raw_history_explicit,256,287.0,whitespace_v1,10,3,20,6,10,381,True,"[""full"", ""assumption_eligible"", ""dense_explicit""]",0.5,0.0,25,48,48,24,True,,True,True,True,False,True,False
religion:001-LIFE_IN_RHYTHM___THE_RHYTHM_OF_PRAYER:2:3:h1,religion,001-LIFE_IN_RHYTHM___THE_RHYTHM_OF_PRAYER,2,1,3,Assert / Elaborate,raw_history_b256,raw_history,256,256.0,whitespace_v1,10,3,30,9,10,1250,True,"[""full"", ""assumption_eligible"", ""dense_explicit""]",0.5208333333333334,0.041666666666666664,25,48,48,24,True,,True,True,True,False,True,False
religion:001-LIFE_IN_RHYTHM___THE_RHYTHM_OF_PRAYER:2:3:h1,religion,001-LIFE_IN_RHYTHM___THE_RHYTHM_OF_PRAYER,2,1,3,Assert / Elaborate,raw_history_true_assumptions_b256,raw_history_true_assumptions,256,295.0,whitespace_v1,10,3,30,9,10,1250,True,"[""full"", ""assumption_eligible"", ""dense_explicit""]",0.5,0.0,25,48,48,24,True,,True,True,True,False,True,False
religion:001-LIFE_IN_RHYTHM___THE_RHYTHM_OF_PRAYER:2:3:h1,religion,001-LIFE_IN_RHYTHM___THE_RHYTHM_OF_PRAYER,2,1,3,Assert / Elaborate,raw_history_different_episode_assumptions_b256,raw_history_different_episode_assumptions,256,295.0,whitespace_v1,10,3,30,9,10,1250,True,"[""full"", ""assumption_eligible"", ""dense_explicit""]",0.5,0.0,25,48,48,24,True,,True,True,True,False,True,False
religion:001-LIFE_IN_RHYTHM___THE_RHYTHM_OF_PRAYER:2:3:h1,religion,001-LIFE_IN_RHYTHM___THE_RHYTHM_OF_PRAYER,2,1,3,Assert / Elaborate,raw_history_same_episode_random_turn_assumptions_b256,raw_history_same_episode_random_turn_assumptions,256,,whitespace_v1,10,3,30,9,10,1250,True,[],,,25,48,0,0,False,no_length_matched_same_episode_random_turn_donor,True,False,False,False,False,False
religion:001-LIFE_IN_RHYTHM___THE_RHYTHM_OF_PRAYER:2:3:h1,religion,001-LIFE_IN_RHYTHM___THE_RHYTHM_OF_PRAYER,2,1,3,Assert / Elaborate,raw_history_explicit_b256,raw_history_explicit,256,295.0,whitespace_v1,10,3,30,9,10,1250,True,"[""full"", ""assumption_eligible"", ""dense_explicit""]",0.5,0.0,25,48,48,24,True,,True,True,True,False,True,False
religion:001-LIFE_IN_RHYTHM___THE_RHYTHM_OF_PRAYER:5:6:h1,religion,001-LIFE_IN_RHYTHM___THE_RHYTHM_OF_PRAYER,5,1,6,Assert / Elaborate,raw_history_b256,raw_history,256,256.0,whitespace_v1,10,3,40,12,10,214,True,"[""full"", ""assumption_eligible"", ""dense_explicit"", ""complete_case""]",0.6458333333333334,0.2916666666666667,25,48,48,24,True,,True,True,True,False,True,True
religion:001-LIFE_IN_RHYTHM___THE_RHYTHM_OF_PRAYER:5:6:h1,religion,001-LIFE_IN_RHYTHM___THE_RHYTHM_OF_PRAYER,5,1,6,Assert / Elaborate,raw_history_true_assumptions_b256,raw_history_true_assumptions,256,292.0,whitespace_v1,10,3,40,12,10,214,True,"[""full"", ""assumption_eligible"", ""dense_explicit"", ""complete_case""]",0.6041666666666666,0.20833333333333334,25,48,48,24,True,,True,True,True,False,True,True
religion:001-LIFE_IN_RHYTHM___THE_RHYTHM_OF_PRAYER:5:6:h1,religion,001-LIFE_IN_RHYTHM___THE_RHYTHM_OF_PRAYER,5,1,6,Assert / Elaborate,raw_history_different_episode_assumptions_b256,raw_history_different_episode_assumptions,256,292.0,whitespace_v1,10,3,40,12,10,214,True,"[""full"", ""assumption_eligible"", ""dense_explicit"", ""complete_case""]",0.5416666666666666,0.08333333333333333,25,48,48,24,True,,True,True,True,False,True,True
religion:001-LIFE_IN_RHYTHM___THE_RHYTHM_OF_PRAYER:5:6:h1,religion,001-LIFE_IN_RHYTHM___THE_RHYTHM_OF_PRAYER,5,1,6,Assert / Elaborate,raw_history_same_episode_random_turn_assumptions_b256,raw_history_same_episode_random_turn_assumptions,256,292.0,whitespace_v1,10,3,40,12,10,214,True,"[""full"", ""assumption_eligible"", ""dense_explicit"", ""complete_case""]",0.6666666666666666,0.3333333333333333,25,48,48,24,True,,True,True,True,False,True,True
religion:001-LIFE_IN_RHYTHM___THE_RHYTHM_OF_PRAYER:5:6:h1,religion,001-LIFE_IN_RHYTHM___THE_RHYTHM_OF_PRAYER,5,1,6,Assert / Elaborate,raw_history_explicit_b256,raw_history_explicit,256,292.0,whitespace_v1,10,3,40,12,10,214,True,"[""full"", ""assumption_eligible"", ""dense_explicit"", ""complete_case""]",0.6041666666666666,0.20833333333333334,25,48,48,24,True,,True,True,True,False,True,True
religion:001-LIFE_IN_RHYTHM___THE_RHYTHM_OF_PRAYER:5:8:h3,religion,001-LIFE_IN_RHYTHM___THE_RHYTHM_OF_PRAYER,5,3,8,Assert / Elaborate,raw_history_b256,raw_history,256,256.0,whitespace_v1,10,3,40,12,10,214,True,"[""full"", ""assumption_eligible"", ""dense_explicit"", ""complete_case""]",0.5208333333333334,0.041666666666666664,25,48,48,24,True,,True,True,True,False,True,True
religion:001-LIFE_IN_RHYTHM___THE_RHYTHM_OF_PRAYER:5:8:h3,religion,001-LIFE_IN_RHYTHM___THE_RHYTHM_OF_PRAYER,5,3,8,Assert / Elaborate,raw_history_true_assumptions_b256,raw_history_true_assumptions,256,292.0,whitespace_v1,10,3,40,12,10,214,True,"[""full"", ""assumption_eligible"", ""dense_explicit"", ""complete_case""]",0.5,0.0,25,48,48,24,True,,True,True,True,False,True,True
religion:001-LIFE_IN_RHYTHM___THE_RHYTHM_OF_PRAYER:5:8:h3,religion,001-LIFE_IN_RHYTHM___THE_RHYTHM_OF_PRAYER,5,3,8,Assert / Elaborate,raw_history_different_episode_assumptions_b256,raw_history_different_episode_assumptions,256,292.0,whitespace_v1,10,3,40,12,10,214,True,"[""full"", ""assumption_eligible"", ""dense_explicit"", ""complete_case""]",0.5,0.0,25,48,48,24,True,,True,True,True,False,True,True
religion:001-LIFE_IN_RHYTHM___THE_RHYTHM_OF_PRAYER:5:8:h3,religion,001-LIFE_IN_RHYTHM___THE_RHYTHM_OF_PRAYER,5,3,8,Assert / Elaborate,raw_history_same_episode_random_turn_assumptions_b256,raw_history_same_episode_random_turn_assumptions,256,292.0,whitespace_v1,10,3,40,12,10,214,True,"[""full"", ""assumption_eligible"", ""dense_explicit"", ""complete_case""]",0.5,0.0,25,48,48,24,True,,True,True,True,False,True,True
religion:001-LIFE_IN_RHYTHM___THE_RHYTHM_OF_PRAYER:5:8:h3,religion,001-LIFE_IN_RHYTHM___THE_RHYTHM_OF_PRAYER,5,3,8,Assert / Elaborate,raw_history_explicit_b256,raw_history_explicit,256,292.0,whitespace_v1,10,3,40,12,10,214,True,"[""full"", ""assumption_eligible"", ""dense_explicit"", ""complete_case""]",0.5,0.0,25,48,48,24,True,,True,True,True,False,True,True
religion:001-LIFE_IN_RHYTHM___THE_RHYTHM_OF_PRAYER:6:7:h1,religion,001-LIFE_IN_RHYTHM___THE_RHYTHM_OF_PRAYER,6,1,7,Agree / Align,raw_history_b256,raw_history,256,256.0,whitespace_v1,10,3,40,12,10,697,True,"[""full"", ""assumption_eligible"", ""dense_explicit"", ""complete_case""]",0.5625,0.125,25,48,48,24,True,,True,True,True,False,True,True
religion:001-LIFE_IN_RHYTHM___THE_RHYTHM_OF_PRAYER:6:7:h1,religion,001-LIFE_IN_RHYTHM___THE_RHYTHM_OF_PRAYER,6,1,7,Agree / Align,raw_history_true_assumptions_b256,raw_history_true_assumptions,256,286.0,whitespace_v1,10,3,40,12,10,697,True,"[""full"", ""assumption_eligible"", ""dense_explicit"", ""complete_case""]",0.5416666666666666,0.08333333333333333,25,48,48,24,True,,True,True,True,False,True,True
religion:001-LIFE_IN_RHYTHM___THE_RHYTHM_OF_PRAYER:6:7:h1,religion,001-LIFE_IN_RHYTHM___THE_RHYTHM_OF_PRAYER,6,1,7,Agree / Align,raw_history_different_episode_assumptions_b256,raw_history_different_episode_assumptions,256,286.0,whitespace_v1,10,3,40,12,10,697,True,"[""full"", ""assumption_eligible"", ""dense_explicit"", ""complete_case""]",0.5416666666666666,0.08333333333333333,25,48,48,24,True,,True,True,True,False,True,True
religion:001-LIFE_IN_RHYTHM___THE_RHYTHM_OF_PRAYER:6:7:h1,religion,001-LIFE_IN_RHYTHM___THE_RHYTHM_OF_PRAYER,6,1,7,Agree / Align,raw_history_same_episode_random_turn_assumptions_b256,raw_history_same_episode_random_turn_assumptions,256,286.0,whitespace_v1,10,3,40,12,10,697,True,"[""full"", ""assumption_eligible"", ""dense_explicit"", ""complete_case""]",0.5416666666666666,0.08333333333333333,25,48,48,24,True,,True,True,True,False,True,True
religion:001-LIFE_IN_RHYTHM___THE_RHYTHM_OF_PRAYER:6:7:h1,religion,001-LIFE_IN_RHYTHM___THE_RHYTHM_OF_PRAYER,6,1,7,Agree / Align,raw_history_explicit_b256,raw_history_explicit,256,286.0,whitespace_v1,10,3,40,12,10,697,True,"[""full"", ""assumption_eligible"", ""dense_explicit"", ""complete_case""]",0.5416666666666666,0.08333333333333333,25,48,48,24,True,,True,True,True,False,True,True
religion:001-LIFE_IN_RHYTHM___THE_RHYTHM_OF_PRAYER:6:9:h3,religion,001-LIFE_IN_RHYTHM___THE_RHYTHM_OF_PRAYER,6,3,9,Assert / Elaborate,raw_history_b256,raw_history,256,256.0,whitespace_v1,10,3,40,12,10,697,True,"[""full"", ""assumption_eligible"", ""dense_explicit"", ""complete_case""]",0.5,0.0,25,48,48,24,True,,True,True,True,False,True,True
religion:001-LIFE_IN_RHYTHM___THE_RHYTHM_OF_PRAYER:6:9:h3,religion,001-LIFE_IN_RHYTHM___THE_RHYTHM_OF_PRAYER,6,3,9,Assert / Elaborate,raw_history_true_assumptions_b256,raw_history_true_assumptions,256,286.0,whitespace_v1,10,3,40,12,10,697,True,"[""full"", ""assumption_eligible"", ""dense_explicit"", ""complete_case""]",0.5,0.0,25,48,48,24,True,,True,True,True,False,True,True
religion:001-LIFE_IN_RHYTHM___THE_RHYTHM_OF_PRAYER:6:9:h3,religion,001-LIFE_IN_RHYTHM___THE_RHYTHM_OF_PRAYER,6,3,9,Assert / Elaborate,raw_history_different_episode_assumptions_b256,raw_history_different_episode_assumptions,256,286.0,whitespace_v1,10,3,40,12,10,697,True,"[""full"", ""assumption_eligible"", ""dense_explicit"", ""complete_case""]",0.5,0.0,25,48,48,24,True,,True,True,True,False,True,True
religion:001-LIFE_IN_RHYTHM___THE_RHYTHM_OF_PRAYER:6:9:h3,religion,001-LIFE_IN_RHYTHM___THE_RHYTHM_OF_PRAYER,6,3,9,Assert / Elaborate,raw_history_same_episode_random_turn_assumptions_b256,raw_history_same_episode_random_turn_assumptions,256,286.0,whitespace_v1,10,3,40,12,10,697,True,"[""full"", ""assumption_eligible"", ""dense_explicit"", ""complete_case""]",0.5,0.0,25,48,48,24,True,,True,True,True,False,True,True
religion:001-LIFE_IN_RHYTHM___THE_RHYTHM_OF_PRAYER:6:9:h3,religion,001-LIFE_IN_RHYTHM___THE_RHYTHM_OF_PRAYER,6,3,9,Assert / Elaborate,raw_history_explicit_b256,raw_history_explicit,256,286.0,whitespace_v1,10,3,40,12,10,697,True,"[""full"", ""assumption_eligible"", ""dense_explicit"", ""complete_case""]",0.5,0.0,25,48,48,24,True,,True,True,True,False,True,True
religion:001-LIFE_IN_RHYTHM___THE_RHYTHM_OF_PRAYER:7:8:h1,religion,001-LIFE_IN_RHYTHM___THE_RHYTHM_OF_PRAYER,7,1,8,Assert / Elaborate,raw_history_b256,raw_history,256,256.0,whitespace_v1,10,3,40,12,10,807,True,"[""full"", ""assumption_eligible"", ""dense_explicit"", ""complete_case""]",0.5,0.0,25,48,48,24,True,,True,True,True,False,True,True
religion:001-LIFE_IN_RHYTHM___THE_RHYTHM_OF_PRAYER:7:8:h1,religion,001-LIFE_IN_RHYTHM___THE_RHYTHM_OF_PRAYER,7,1,8,Assert / Elaborate,raw_history_true_assumptions_b256,raw_history_true_assumptions,256,296.0,whitespace_v1,10,3,40,12,10,807,True,"[""full"", ""assumption_eligible"", ""dense_explicit"", ""complete_case""]",0.5,0.0,25,48,48,24,True,,True,True,True,False,True,True
religion:001-LIFE_IN_RHYTHM___THE_RHYTHM_OF_PRAYER:7:8:h1,religion,001-LIFE_IN_RHYTHM___THE_RHYTHM_OF_PRAYER,7,1,8,Assert / Elaborate,raw_history_different_episode_assumptions_b256,raw_history_different_episode_assumptions,256,296.0,whitespace_v1,10,3,40,12,10,807,True,"[""full"", ""assumption_eligible"", ""dense_explicit"", ""complete_case""]",0.5,0.0,25,48,48,24,True,,True,True,True,False,True,True
religion:001-LIFE_IN_RHYTHM___THE_RHYTHM_OF_PRAYER:7:8:h1,religion,001-LIFE_IN_RHYTHM___THE_RHYTHM_OF_PRAYER,7,1,8,Assert / Elaborate,raw_history_same_episode_random_turn_assumptions_b256,raw_history_same_episode_random_turn_assumptions,256,296.0,whitespace_v1,10,3,40,12,10,807,True,"[""full"", ""assumption_eligible"", ""dense_explicit"", ""complete_case""]",0.5,0.0,25,48,48,24,True,,True,True,True,False,True,True
religion:001-LIFE_IN_RHYTHM___THE_RHYTHM_OF_PRAYER:7:8:h1,religion,001-LIFE_IN_RHYTHM___THE_RHYTHM_OF_PRAYER,7,1,8,Assert / Elaborate,raw_history_explicit_b256,raw_history_explicit,256,296.0,whitespace_v1,10,3,40,12,10,807,True,"[""full"", ""assumption_eligible"", ""dense_explicit"", ""complete_case""]",0.5,0.0,25,48,48,24,True,,True,True,True,False,True,True
religion:001-LIFE_IN_RHYTHM___THE_RHYTHM_OF_PRAYER:8:9:h1,religion,001-LIFE_IN_RHYTHM___THE_RHYTHM_OF_PRAYER,8,1,9,Assert / Elaborate,raw_history_b256,raw_history,256,256.0,whitespace_v1,10,3,40,12,10,1396,True,"[""full"", ""assumption_eligible"", ""dense_explicit"", ""complete_case""]",0.5,0.0,25,48,48,24,True,,True,True,True,False,True,True
religion:001-LIFE_IN_RHYTHM___THE_RHYTHM_OF_PRAYER:8:9:h1,religion,001-LIFE_IN_RHYTHM___THE_RHYTHM_OF_PRAYER,8,1,9,Assert / Elaborate,raw_history_true_assumptions_b256,raw_history_true_assumptions,256,287.0,whitespace_v1,10,3,40,12,10,1396,True,"[""full"", ""assumption_eligible"", ""dense_explicit"", ""complete_case""]",0.5,0.0,25,48,48,24,True,,True,True,True,False,True,True
religion:001-LIFE_IN_RHYTHM___THE_RHYTHM_OF_PRAYER:8:9:h1,religion,001-LIFE_IN_RHYTHM___THE_RHYTHM_OF_PRAYER,8,1,9,Assert / Elaborate,raw_history_different_episode_assumptions_b256,raw_history_different_episode_assumptions,256,287.0,whitespace_v1,10,3,40,12,10,1396,True,"[""full"", ""assumption_eligible"", ""dense_explicit"", ""complete_case""]",0.5,0.0,25,48,48,24,True,,True,True,True,False,True,True
religion:001-LIFE_IN_RHYTHM___THE_RHYTHM_OF_PRAYER:8:9:h1,religion,001-LIFE_IN_RHYTHM___THE_RHYTHM_OF_PRAYER,8,1,9,Assert / Elaborate,raw_history_same_episode_random_turn_assumptions_b256,raw_history_same_episode_random_turn_assumptions,256,287.0,whitespace_v1,10,3,40,12,10,1396,True,"[""full"", ""assumption_eligible"", ""dense_explicit"", ""complete_case""]",0.5,0.0,25,48,48,24,True,,True,True,True,False,True,True
religion:001-LIFE_IN_RHYTHM___THE_RHYTHM_OF_PRAYER:8:9:h1,religion,001-LIFE_IN_RHYTHM___THE_RHYTHM_OF_PRAYER,8,1,9,Assert / Elaborate,raw_history_explicit_b256,raw_history_explicit,256,287.0,whitespace_v1,10,3,40,12,10,1396,True,"[""full"", ""assumption_eligible"", ""dense_explicit"", ""complete_case""]",0.5416666666666666,0.08333333333333333,25,48,48,24,True,,True,True,True,False,True,True
religion:001_How_Can_I_Help_My_Children_Gain_their_own_Testimony:0:1:h1,religion,001_How_Can_I_Help_My_Children_Gain_their_own_Testimony,0,1,1,Assert / Elaborate,raw_history_b256,raw_history,256,256.0,whitespace_v1,10,3,10,3,10,427,True,"[""full"", ""assumption_eligible"", ""dense_explicit""]",0.5,0.0,25,48,48,24,True,,True,True,True,False,True,False
religion:001_How_Can_I_Help_My_Children_Gain_their_own_Testimony:0:1:h1,religion,001_How_Can_I_Help_My_Children_Gain_their_own_Testimony,0,1,1,Assert / Elaborate,raw_history_true_assumptions_b256,raw_history_true_assumptions,256,297.0,whitespace_v1,10,3,10,3,10,427,True,"[""full"", ""assumption_eligible"", ""dense_explicit""]",0.5,0.0,25,48,48,24,True,,True,True,True,False,True,False
religion:001_How_Can_I_Help_My_Children_Gain_their_own_Testimony:0:1:h1,religion,001_How_Can_I_Help_My_Children_Gain_their_own_Testimony,0,1,1,Assert / Elaborate,raw_history_different_episode_assumptions_b256,raw_history_different_episode_assumptions,256,297.0,whitespace_v1,10,3,10,3,10,427,True,"[""full"", ""assumption_eligible"", ""dense_explicit""]",0.5,0.0,25,48,48,24,True,,True,True,True,False,True,False
religion:001_How_Can_I_Help_My_Children_Gain_their_own_Testimony:0:1:h1,religion,001_How_Can_I_Help_My_Children_Gain_their_own_Testimony,0,1,1,Assert / Elaborate,raw_history_same_episode_random_turn_assumptions_b256,raw_history_same_episode_random_turn_assumptions,256,,whitespace_v1,10,3,10,3,10,427,True,[],,,25,48,0,0,False,no_length_matched_same_episode_random_turn_donor,True,False,False,False,False,False
religion:001_How_Can_I_Help_My_Children_Gain_their_own_Testimony:0:1:h1,religion,001_How_Can_I_Help_My_Children_Gain_their_own_Testimony,0,1,1,Assert / Elaborate,raw_history_explicit_b256,raw_history_explicit,256,297.0,whitespace_v1,10,3,10,3,10,427,True,"[""full"", ""assumption_eligible"", ""dense_explicit""]",0.5,0.0,25,48,48,24,True,,True,True,True,False,True,False
religion:001_How_Can_I_Help_My_Children_Gain_their_own_Testimony:1:2:h1,religion,001_How_Can_I_Help_My_Children_Gain_their_own_Testimony,1,1,2,Assert / Elaborate,raw_history_b256,raw_history,256,256.0,whitespace_v1,3,3,13,6,5,60,True,"[""full"", ""assumption_eligible"", ""sparse_explicit""]",0.5,0.0,25,48,48,24,True,,True,True,True,True,False,False
religion:001_How_Can_I_Help_My_Children_Gain_their_own_Testimony:1:2:h1,religion,001_How_Can_I_Help_My_Children_Gain_their_own_Testimony,1,1,2,Assert / Elaborate,raw_history_true_assumptions_b256,raw_history_true_assumptions,256,296.0,whitespace_v1,3,3,13,6,5,60,True,"[""full"", ""assumption_eligible"", ""sparse_explicit""]",0.5208333333333334,0.041666666666666664,25,48,48,24,True,,True,True,True,True,False,False
religion:001_How_Can_I_Help_My_Children_Gain_their_own_Testimony:1:2:h1,religion,001_How_Can_I_Help_My_Children_Gain_their_own_Testimony,1,1,2,Assert / Elaborate,raw_history_different_episode_assumptions_b256,raw_history_different_episode_assumptions,256,296.0,whitespace_v1,3,3,13,6,5,60,True,"[""full"", ""assumption_eligible"", ""sparse_explicit""]",0.5416666666666666,0.08333333333333333,25,48,48,24,True,,True,True,True,True,False,False
religion:001_How_Can_I_Help_My_Children_Gain_their_own_Testimony:1:2:h1,religion,001_How_Can_I_Help_My_Children_Gain_their_own_Testimony,1,1,2,Assert / Elaborate,raw_history_same_episode_random_turn_assumptions_b256,raw_history_same_episode_random_turn_assumptions,256,,whitespace_v1,3,3,13,6,5,60,True,[],,,25,48,0,0,False,no_length_matched_same_episode_random_turn_donor,True,False,False,False,False,False
religion:001_How_Can_I_Help_My_Children_Gain_their_own_Testimony:1:2:h1,religion,001_How_Can_I_Help_My_Children_Gain_their_own_Testimony,1,1,2,Assert / Elaborate,raw_history_explicit_b256,raw_history_explicit,256,296.0,whitespace_v1,3,3,13,6,5,60,True,"[""full"", ""assumption_eligible"", ""sparse_explicit""]",0.5208333333333334,0.041666666666666664,25,48,48,24,True,,True,True,True,True,False,False
religion:001_How_Can_I_Help_My_Children_Gain_their_own_Testimony:4:5:h1,religion,001_How_Can_I_Help_My_Children_Gain_their_own_Testimony,4,1,5,Assert / Elaborate,raw_history_b256,raw_history,256,256.0,whitespace_v1,10,3,33,12,10,193,True,"[""full"", ""assumption_eligible"", ""dense_explicit""]",0.5208333333333334,0.041666666666666664,25,48,48,24,True,,True,True,True,False,True,False
religion:001_How_Can_I_Help_My_Children_Gain_their_own_Testimony:4:5:h1,religion,001_How_Can_I_Help_My_Children_Gain_their_own_Testimony,4,1,5,Assert / Elaborate,raw_history_true_assumptions_b256,raw_history_true_assumptions,256,287.0,whitespace_v1,10,3,33,12,10,193,True,"[""full"", ""assumption_eligible"", ""dense_explicit""]",0.5,0.0,25,48,48,24,True,,True,True,True,False,True,False
religion:001_How_Can_I_Help_My_Children_Gain_their_own_Testimony:4:5:h1,religion,001_How_Can_I_Help_My_Children_Gain_their_own_Testimony,4,1,5,Assert / Elaborate,raw_history_different_episode_assumptions_b256,raw_history_different_episode_assumptions,256,287.0,whitespace_v1,10,3,33,12,10,193,True,"[""full"", ""assumption_eligible"", ""dense_explicit""]",0.5,0.0,25,48,48,24,True,,True,True,True,False,True,False
religion:001_How_Can_I_Help_My_Children_Gain_their_own_Testimony:4:5:h1,religion,001_How_Can_I_Help_My_Children_Gain_their_own_Testimony,4,1,5,Assert / Elaborate,raw_history_same_episode_random_turn_assumptions_b256,raw_history_same_episode_random_turn_assumptions,256,,whitespace_v1,10,3,33,12,10,193,True,[],,,25,48,0,0,False,no_length_matched_same_episode_random_turn_donor,True,False,False,False,False,False
religion:001_How_Can_I_Help_My_Children_Gain_their_own_Testimony:4:5:h1,religion,001_How_Can_I_Help_My_Children_Gain_their_own_Testimony,4,1,5,Assert / Elaborate,raw_history_explicit_b256,raw_history_explicit,256,287.0,whitespace_v1,10,3,33,12,10,193,True,"[""full"", ""assumption_eligible"", ""dense_explicit""]",0.5,0.0,25,48,48,24,True,,True,True,True,False,True,False
religion:001_How_Can_I_Help_My_Children_Gain_their_own_Testimony:11:12:h1,religion,001_How_Can_I_Help_My_Children_Gain_their_own_Testimony,11,1,12,Clarification Request (Specific),raw_history_b256,raw_history,256,256.0,whitespace_v1,8,3,32,12,7,386,True,"[""full"", ""assumption_eligible"", ""dense_explicit"", ""complete_case""]",0.5208333333333334,0.041666666666666664,25,48,48,24,True,,True,True,True,False,True,True
religion:001_How_Can_I_Help_My_Children_Gain_their_own_Testimony:11:12:h1,religion,001_How_Can_I_Help_My_Children_Gain_their_own_Testimony,11,1,12,Clarification Request (Specific),raw_history_true_assumptions_b256,raw_history_true_assumptions,256,297.0,whitespace_v1,8,3,32,12,7,386,True,"[""full"", ""assumption_eligible"", ""dense_explicit"", ""complete_case""]",0.5,0.0,25,48,48,24,True,,True,True,True,False,True,True
religion:001_How_Can_I_Help_My_Children_Gain_their_own_Testimony:11:12:h1,religion,001_How_Can_I_Help_My_Children_Gain_their_own_Testimony,11,1,12,Clarification Request (Specific),raw_history_different_episode_assumptions_b256,raw_history_different_episode_assumptions,256,297.0,whitespace_v1,8,3,32,12,7,386,True,"[""full"", ""assumption_eligible"", ""dense_explicit"", ""complete_case""]",0.5208333333333334,0.041666666666666664,25,48,48,24,True,,True,True,True,False,True,True
religion:001_How_Can_I_Help_My_Children_Gain_their_own_Testimony:11:12:h1,religion,001_How_Can_I_Help_My_Children_Gain_their_own_Testimony,11,1,12,Clarification Request (Specific),raw_history_same_episode_random_turn_assumptions_b256,raw_history_same_episode_random_turn_assumptions,256,297.0,whitespace_v1,8,3,32,12,7,386,True,"[""full"", ""assumption_eligible"", ""dense_explicit"", ""complete_case""]",0.5,0.0,25,48,48,24,True,,True,True,True,False,True,True
religion:001_How_Can_I_Help_My_Children_Gain_their_own_Testimony:11:12:h1,religion,001_How_Can_I_Help_My_Children_Gain_their_own_Testimony,11,1,12,Clarification Request (Specific),raw_history_explicit_b256,raw_history_explicit,256,297.0,whitespace_v1,8,3,32,12,7,386,True,"[""full"", ""assumption_eligible"", ""dense_explicit"", ""complete_case""]",0.5,0.0,25,48,48,24,True,,True,True,True,False,True,True
religion:001_How_Can_I_Help_My_Children_Gain_their_own_Testimony:12:13:h1,religion,001_How_Can_I_Help_My_Children_Gain_their_own_Testimony,12,1,13,Assert / Elaborate,raw_history_b256,raw_history,256,256.0,whitespace_v1,10,3,32,12,10,194,True,"[""full"", ""assumption_eligible"", ""dense_explicit"", ""complete_case""]",0.5208333333333334,0.041666666666666664,25,48,48,24,True,,True,True,True,False,True,True
religion:001_How_Can_I_Help_My_Children_Gain_their_own_Testimony:12:13:h1,religion,001_How_Can_I_Help_My_Children_Gain_their_own_Testimony,12,1,13,Assert / Elaborate,raw_history_true_assumptions_b256,raw_history_true_assumptions,256,291.0,whitespace_v1,10,3,32,12,10,194,True,"[""full"", ""assumption_eligible"", ""dense_explicit"", ""complete_case""]",0.5,0.0,25,48,48,24,True,,True,True,True,False,True,True
religion:001_How_Can_I_Help_My_Children_Gain_their_own_Testimony:12:13:h1,religion,001_How_Can_I_Help_My_Children_Gain_their_own_Testimony,12,1,13,Assert / Elaborate,raw_history_different_episode_assumptions_b256,raw_history_different_episode_assumptions,256,291.0,whitespace_v1,10,3,32,12,10,194,True,"[""full"", ""assumption_eligible"", ""dense_explicit"", ""complete_case""]",0.5208333333333334,0.041666666666666664,25,48,48,24,True,,True,True,True,False,True,True
religion:001_How_Can_I_Help_My_Children_Gain_their_own_Testimony:12:13:h1,religion,001_How_Can_I_Help_My_Children_Gain_their_own_Testimony,12,1,13,Assert / Elaborate,raw_history_same_episode_random_turn_assumptions_b256,raw_history_same_episode_random_turn_assumptions,256,291.0,whitespace_v1,10,3,32,12,10,194,True,"[""full"", ""assumption_eligible"", ""dense_explicit"", ""complete_case""]",0.5,0.0,25,48,48,24,True,,True,True,True,False,True,True
religion:001_How_Can_I_Help_My_Children_Gain_their_own_Testimony:12:13:h1,religion,001_How_Can_I_Help_My_Children_Gain_their_own_Testimony,12,1,13,Assert / Elaborate,raw_history_explicit_b256,raw_history_explicit,256,291.0,whitespace_v1,10,3,32,12,10,194,True,"[""full"", ""assumption_eligible"", ""dense_explicit"", ""complete_case""]",0.5208333333333334,0.041666666666666664,25,48,48,24,True,,True,True,True,False,True,True
religion:002_Never_Give_Up_On_Your_Dreams:0:1:h1,religion,002_Never_Give_Up_On_Your_Dreams,0,1,1,Assert / Elaborate,raw_history_b256,raw_history,256,67.0,whitespace_v1,7,3,7,3,7,64,True,"[""full"", ""assumption_eligible"", ""dense_explicit""]",0.5,0.0,25,48,48,24,True,,True,True,True,False,True,False
religion:002_Never_Give_Up_On_Your_Dreams:0:1:h1,religion,002_Never_Give_Up_On_Your_Dreams,0,1,1,Assert / Elaborate,raw_history_true_assumptions_b256,raw_history_true_assumptions,256,105.0,whitespace_v1,7,3,7,3,7,64,True,"[""full"", ""assumption_eligible"", ""dense_explicit""]",0.5,0.0,25,48,48,24,True,,True,True,True,False,True,False
religion:002_Never_Give_Up_On_Your_Dreams:0:1:h1,religion,002_Never_Give_Up_On_Your_Dreams,0,1,1,Assert / Elaborate,raw_history_different_episode_assumptions_b256,raw_history_different_episode_assumptions,256,105.0,whitespace_v1,7,3,7,3,7,64,True,"[""full"", ""assumption_eligible"", ""dense_explicit""]",0.5,0.0,25,48,48,24,True,,True,True,True,False,True,False
religion:002_Never_Give_Up_On_Your_Dreams:0:1:h1,religion,002_Never_Give_Up_On_Your_Dreams,0,1,1,Assert / Elaborate,raw_history_same_episode_random_turn_assumptions_b256,raw_history_same_episode_random_turn_assumptions,256,,whitespace_v1,7,3,7,3,7,64,True,[],,,25,48,0,0,False,no_length_matched_same_episode_random_turn_donor,True,False,False,False,False,False
religion:002_Never_Give_Up_On_Your_Dreams:0:1:h1,religion,002_Never_Give_Up_On_Your_Dreams,0,1,1,Assert / Elaborate,raw_history_explicit_b256,raw_history_explicit,256,105.0,whitespace_v1,7,3,7,3,7,64,True,"[""full"", ""assumption_eligible"", ""dense_explicit""]",0.5,0.0,25,48,48,24,True,,True,True,True,False,True,False
religion:003_Living_a__Let_it_Go__Life__Even_as_a_Go-Getter__with_Stephanie_O_Hara:1:2:h1,religion,003_Living_a__Let_it_Go__Life__Even_as_a_Go-Getter__with_Stephanie_O_Hara,1,1,2,Assert / Elaborate,raw_history_b256,raw_history,256,256.0,whitespace_v1,10,3,20,6,10,265,True,"[""full"", ""assumption_eligible"", ""dense_explicit""]",0.5416666666666666,0.08333333333333333,25,48,48,24,True,,True,True,True,False,True,False
religion:003_Living_a__Let_it_Go__Life__Even_as_a_Go-Getter__with_Stephanie_O_Hara:1:2:h1,religion,003_Living_a__Let_it_Go__Life__Even_as_a_Go-Getter__with_Stephanie_O_Hara,1,1,2,Assert / Elaborate,raw_history_true_assumptions_b256,raw_history_true_assumptions,256,293.0,whitespace_v1,10,3,20,6,10,265,True,"[""full"", ""assumption_eligible"", ""dense_explicit""]",0.5208333333333334,0.041666666666666664,25,48,48,24,True,,True,True,True,False,True,False
religion:003_Living_a__Let_it_Go__Life__Even_as_a_Go-Getter__with_Stephanie_O_Hara:1:2:h1,religion,003_Living_a__Let_it_Go__Life__Even_as_a_Go-Getter__with_Stephanie_O_Hara,1,1,2,Assert / Elaborate,raw_history_different_episode_assumptions_b256,raw_history_different_episode_assumptions,256,293.0,whitespace_v1,10,3,20,6,10,265,True,"[""full"", ""assumption_eligible"", ""dense_explicit""]",0.5416666666666666,0.08333333333333333,25,48,48,24,True,,True,True,True,False,True,False
religion:003_Living_a__Let_it_Go__Life__Even_as_a_Go-Getter__with_Stephanie_O_Hara:1:2:h1,religion,003_Living_a__Let_it_Go__Life__Even_as_a_Go-Getter__with_Stephanie_O_Hara,1,1,2,Assert / Elaborate,raw_history_same_episode_random_turn_assumptions_b256,raw_history_same_episode_random_turn_assumptions,256,,whitespace_v1,10,3,20,6,10,265,True,[],,,25,48,0,0,False,no_length_matched_same_episode_random_turn_donor,True,False,False,False,False,False
religion:003_Living_a__Let_it_Go__Life__Even_as_a_Go-Getter__with_Stephanie_O_Hara:1:2:h1,religion,003_Living_a__Let_it_Go__Life__Even_as_a_Go-Getter__with_Stephanie_O_Hara,1,1,2,Assert / Elaborate,raw_history_explicit_b256,raw_history_explicit,256,293.0,whitespace_v1,10,3,20,6,10,265,True,"[""full"", ""assumption_eligible"", ""dense_explicit""]",0.5416666666666666,0.08333333333333333,25,48,48,24,True,,True,True,True,False,True,False
religion:003_Living_a__Let_it_Go__Life__Even_as_a_Go-Getter__with_Stephanie_O_Hara:1:4:h3,religion,003_Living_a__Let_it_Go__Life__Even_as_a_Go-Getter__with_Stephanie_O_Hara,1,3,4,Assert / Elaborate,raw_history_b256,raw_history,256,256.0,whitespace_v1,10,3,20,6,10,265,True,"[""full"", ""assumption_eligible"", ""dense_explicit""]",0.5,0.0,25,48,48,24,True,,True,True,True,False,True,False
religion:003_Living_a__Let_it_Go__Life__Even_as_a_Go-Getter__with_Stephanie_O_Hara:1:4:h3,religion,003_Living_a__Let_it_Go__Life__Even_as_a_Go-Getter__with_Stephanie_O_Hara,1,3,4,Assert / Elaborate,raw_history_true_assumptions_b256,raw_history_true_assumptions,256,293.0,whitespace_v1,10,3,20,6,10,265,True,"[""full"", ""assumption_eligible"", ""dense_explicit""]",0.5,0.0,25,48,48,24,True,,True,True,True,False,True,False
religion:003_Living_a__Let_it_Go__Life__Even_as_a_Go-Getter__with_Stephanie_O_Hara:1:4:h3,religion,003_Living_a__Let_it_Go__Life__Even_as_a_Go-Getter__with_Stephanie_O_Hara,1,3,4,Assert / Elaborate,raw_history_different_episode_assumptions_b256,raw_history_different_episode_assumptions,256,293.0,whitespace_v1,10,3,20,6,10,265,True,"[""full"", ""assumption_eligible"", ""dense_explicit""]",0.5,0.0,25,48,48,24,True,,True,True,True,False,True,False
religion:003_Living_a__Let_it_Go__Life__Even_as_a_Go-Getter__with_Stephanie_O_Hara:1:4:h3,religion,003_Living_a__Let_it_Go__Life__Even_as_a_Go-Getter__with_Stephanie_O_Hara,1,3,4,Assert / Elaborate,raw_history_same_episode_random_turn_assumptions_b256,raw_history_same_episode_random_turn_assumptions,256,,whitespace_v1,10,3,20,6,10,265,True,[],,,25,48,0,0,False,no_length_matched_same_episode_random_turn_donor,True,False,False,False,False,False
religion:003_Living_a__Let_it_Go__Life__Even_as_a_Go-Getter__with_Stephanie_O_Hara:1:4:h3,religion,003_Living_a__Let_it_Go__Life__Even_as_a_Go-Getter__with_Stephanie_O_Hara,1,3,4,Assert / Elaborate,raw_history_explicit_b256,raw_history_explicit,256,293.0,whitespace_v1,10,3,20,6,10,265,True,"[""full"", ""assumption_eligible"", ""dense_explicit""]",0.5,0.0,25,48,48,24,True,,True,True,True,False,True,False
religion:003_Living_a__Let_it_Go__Life__Even_as_a_Go-Getter__with_Stephanie_O_Hara:2:3:h1,religion,003_Living_a__Let_it_Go__Life__Even_as_a_Go-Getter__with_Stephanie_O_Hara,2,1,3,Assert / Elaborate,raw_history_b256,raw_history,256,256.0,whitespace_v1,10,3,30,9,10,234,True,"[""full"", ""assumption_eligible"", ""dense_explicit""]",0.6041666666666666,0.20833333333333334,25,48,48,24,True,,True,True,True,False,True,False
religion:003_Living_a__Let_it_Go__Life__Even_as_a_Go-Getter__with_Stephanie_O_Hara:2:3:h1,religion,003_Living_a__Let_it_Go__Life__Even_as_a_Go-Getter__with_Stephanie_O_Hara,2,1,3,Assert / Elaborate,raw_history_true_assumptions_b256,raw_history_true_assumptions,256,293.0,whitespace_v1,10,3,30,9,10,234,True,"[""full"", ""assumption_eligible"", ""dense_explicit""]",0.5416666666666666,0.08333333333333333,25,48,48,24,True,,True,True,True,False,True,False
religion:003_Living_a__Let_it_Go__Life__Even_as_a_Go-Getter__with_Stephanie_O_Hara:2:3:h1,religion,003_Living_a__Let_it_Go__Life__Even_as_a_Go-Getter__with_Stephanie_O_Hara,2,1,3,Assert / Elaborate,raw_history_different_episode_assumptions_b256,raw_history_different_episode_assumptions,256,293.0,whitespace_v1,10,3,30,9,10,234,True,"[""full"", ""assumption_eligible"", ""dense_explicit""]",0.5416666666666666,0.08333333333333333,25,48,48,24,True,,True,True,True,False,True,False
religion:003_Living_a__Let_it_Go__Life__Even_as_a_Go-Getter__with_Stephanie_O_Hara:2:3:h1,religion,003_Living_a__Let_it_Go__Life__Even_as_a_Go-Getter__with_Stephanie_O_Hara,2,1,3,Assert / Elaborate,raw_history_same_episode_random_turn_assumptions_b256,raw_history_same_episode_random_turn_assumptions,256,,whitespace_v1,10,3,30,9,10,234,True,[],,,25,48,0,0,False,no_length_matched_same_episode_random_turn_donor,True,False,False,False,False,False
religion:003_Living_a__Let_it_Go__Life__Even_as_a_Go-Getter__with_Stephanie_O_Hara:2:3:h1,religion,003_Living_a__Let_it_Go__Life__Even_as_a_Go-Getter__with_Stephanie_O_Hara,2,1,3,Assert / Elaborate,raw_history_explicit_b256,raw_history_explicit,256,293.0,whitespace_v1,10,3,30,9,10,234,True,"[""full"", ""assumption_eligible"", ""dense_explicit""]",0.5416666666666666,0.08333333333333333,25,48,48,24,True,,True,True,True,False,True,False
religion:003_Living_a__Let_it_Go__Life__Even_as_a_Go-Getter__with_Stephanie_O_Hara:2:5:h3,religion,003_Living_a__Let_it_Go__Life__Even_as_a_Go-Getter__with_Stephanie_O_Hara,2,3,5,Assert / Elaborate,raw_history_b256,raw_history,256,256.0,whitespace_v1,10,3,30,9,10,234,True,"[""full"", ""assumption_eligible"", ""dense_explicit""]",0.5,0.0,25,48,48,24,True,,True,True,True,False,True,False
religion:003_Living_a__Let_it_Go__Life__Even_as_a_Go-Getter__with_Stephanie_O_Hara:2:5:h3,religion,003_Living_a__Let_it_Go__Life__Even_as_a_Go-Getter__with_Stephanie_O_Hara,2,3,5,Assert / Elaborate,raw_history_true_assumptions_b256,raw_history_true_assumptions,256,293.0,whitespace_v1,10,3,30,9,10,234,True,"[""full"", ""assumption_eligible"", ""dense_explicit""]",0.5,0.0,25,48,48,24,True,,True,True,True,False,True,False
religion:003_Living_a__Let_it_Go__Life__Even_as_a_Go-Getter__with_Stephanie_O_Hara:2:5:h3,religion,003_Living_a__Let_it_Go__Life__Even_as_a_Go-Getter__with_Stephanie_O_Hara,2,3,5,Assert / Elaborate,raw_history_different_episode_assumptions_b256,raw_history_different_episode_assumptions,256,293.0,whitespace_v1,10,3,30,9,10,234,True,"[""full"", ""assumption_eligible"", ""dense_explicit""]",0.5,0.0,25,48,48,24,True,,True,True,True,False,True,False
religion:003_Living_a__Let_it_Go__Life__Even_as_a_Go-Getter__with_Stephanie_O_Hara:2:5:h3,religion,003_Living_a__Let_it_Go__Life__Even_as_a_Go-Getter__with_Stephanie_O_Hara,2,3,5,Assert / Elaborate,raw_history_same_episode_random_turn_assumptions_b256,raw_history_same_episode_random_turn_assumptions,256,,whitespace_v1,10,3,30,9,10,234,True,[],,,25,48,0,0,False,no_length_matched_same_episode_random_turn_donor,True,False,False,False,False,False
religion:003_Living_a__Let_it_Go__Life__Even_as_a_Go-Getter__with_Stephanie_O_Hara:2:5:h3,religion,003_Living_a__Let_it_Go__Life__Even_as_a_Go-Getter__with_Stephanie_O_Hara,2,3,5,Assert / Elaborate,raw_history_explicit_b256,raw_history_explicit,256,293.0,whitespace_v1,10,3,30,9,10,234,True,"[""full"", ""assumption_eligible"", ""dense_explicit""]",0.5,0.0,25,48,48,24,True,,True,True,True,False,True,False
religion:003_Living_a__Let_it_Go__Life__Even_as_a_Go-Getter__with_Stephanie_O_Hara:3:4:h1,religion,003_Living_a__Let_it_Go__Life__Even_as_a_Go-Getter__with_Stephanie_O_Hara,3,1,4,Assert / Elaborate,raw_history_b256,raw_history,256,256.0,whitespace_v1,7,3,37,12,7,132,True,"[""full"", ""assumption_eligible"", ""dense_explicit""]",0.5625,0.125,25,48,48,24,True,,True,True,True,False,True,False
religion:003_Living_a__Let_it_Go__Life__Even_as_a_Go-Getter__with_Stephanie_O_Hara:3:4:h1,religion,003_Living_a__Let_it_Go__Life__Even_as_a_Go-Getter__with_Stephanie_O_Hara,3,1,4,Assert / Elaborate,raw_history_true_assumptions_b256,raw_history_true_assumptions,256,289.0,whitespace_v1,7,3,37,12,7,132,True,"[""full"", ""assumption_eligible"", ""dense_explicit""]",0.5625,0.125,25,48,48,24,True,,True,True,True,False,True,False
religion:003_Living_a__Let_it_Go__Life__Even_as_a_Go-Getter__with_Stephanie_O_Hara:3:4:h1,religion,003_Living_a__Let_it_Go__Life__Even_as_a_Go-Getter__with_Stephanie_O_Hara,3,1,4,Assert / Elaborate,raw_history_different_episode_assumptions_b256,raw_history_different_episode_assumptions,256,289.0,whitespace_v1,7,3,37,12,7,132,True,"[""full"", ""assumption_eligible"", ""dense_explicit""]",0.5416666666666666,0.08333333333333333,25,48,48,24,True,,True,True,True,False,True,False
religion:003_Living_a__Let_it_Go__Life__Even_as_a_Go-Getter__with_Stephanie_O_Hara:3:4:h1,religion,003_Living_a__Let_it_Go__Life__Even_as_a_Go-Getter__with_Stephanie_O_Hara,3,1,4,Assert / Elaborate,raw_history_same_episode_random_turn_assumptions_b256,raw_history_same_episode_random_turn_assumptions,256,,whitespace_v1,7,3,37,12,7,132,True,[],,,25,48,0,0,False,no_length_matched_same_episode_random_turn_donor,True,False,False,False,False,False
religion:003_Living_a__Let_it_Go__Life__Even_as_a_Go-Getter__with_Stephanie_O_Hara:3:4:h1,religion,003_Living_a__Let_it_Go__Life__Even_as_a_Go-Getter__with_Stephanie_O_Hara,3,1,4,Assert / Elaborate,raw_history_explicit_b256,raw_history_explicit,256,289.0,whitespace_v1,7,3,37,12,7,132,True,"[""full"", ""assumption_eligible"", ""dense_explicit""]",0.6041666666666666,0.20833333333333334,25,48,48,24,True,,True,True,True,False,True,False
religion:003_Living_a__Let_it_Go__Life__Even_as_a_Go-Getter__with_Stephanie_O_Hara:4:5:h1,religion,003_Living_a__Let_it_Go__Life__Even_as_a_Go-Getter__with_Stephanie_O_Hara,4,1,5,Assert / Elaborate,raw_history_b256,raw_history,256,256.0,whitespace_v1,7,3,34,12,7,182,True,"[""full"", ""assumption_eligible"", ""dense_explicit"", ""complete_case""]",0.5416666666666666,0.08333333333333333,25,48,48,24,True,,True,True,True,False,True,True
religion:003_Living_a__Let_it_Go__Life__Even_as_a_Go-Getter__with_Stephanie_O_Hara:4:5:h1,religion,003_Living_a__Let_it_Go__Life__Even_as_a_Go-Getter__with_Stephanie_O_Hara,4,1,5,Assert / Elaborate,raw_history_true_assumptions_b256,raw_history_true_assumptions,256,294.0,whitespace_v1,7,3,34,12,7,182,True,"[""full"", ""assumption_eligible"", ""dense_explicit"", ""complete_case""]",0.5,0.0,25,48,48,24,True,,True,True,True,False,True,True
religion:003_Living_a__Let_it_Go__Life__Even_as_a_Go-Getter__with_Stephanie_O_Hara:4:5:h1,religion,003_Living_a__Let_it_Go__Life__Even_as_a_Go-Getter__with_Stephanie_O_Hara,4,1,5,Assert / Elaborate,raw_history_different_episode_assumptions_b256,raw_history_different_episode_assumptions,256,294.0,whitespace_v1,7,3,34,12,7,182,True,"[""full"", ""assumption_eligible"", ""dense_explicit"", ""complete_case""]",0.5,0.0,25,48,48,24,True,,True,True,True,False,True,True
religion:003_Living_a__Let_it_Go__Life__Even_as_a_Go-Getter__with_Stephanie_O_Hara:4:5:h1,religion,003_Living_a__Let_it_Go__Life__Even_as_a_Go-Getter__with_Stephanie_O_Hara,4,1,5,Assert / Elaborate,raw_history_same_episode_random_turn_assumptions_b256,raw_history_same_episode_random_turn_assumptions,256,294.0,whitespace_v1,7,3,34,12,7,182,True,"[""full"", ""assumption_eligible"", ""dense_explicit"", ""complete_case""]",0.5,0.0,25,48,48,24,True,,True,True,True,False,True,True
religion:003_Living_a__Let_it_Go__Life__Even_as_a_Go-Getter__with_Stephanie_O_Hara:4:5:h1,religion,003_Living_a__Let_it_Go__Life__Even_as_a_Go-Getter__with_Stephanie_O_Hara,4,1,5,Assert / Elaborate,raw_history_explicit_b256,raw_history_explicit,256,294.0,whitespace_v1,7,3,34,12,7,182,True,"[""full"", ""assumption_eligible"", ""dense_explicit"", ""complete_case""]",0.5208333333333334,0.041666666666666664,25,48,48,24,True,,True,True,True,False,True,True
religion:003_Living_a__Let_it_Go__Life__Even_as_a_Go-Getter__with_Stephanie_O_Hara:9:10:h1,religion,003_Living_a__Let_it_Go__Life__Even_as_a_Go-Getter__with_Stephanie_O_Hara,9,1,10,Agree / Align,raw_history_b256,raw_history,256,256.0,whitespace_v1,10,3,40,12,10,265,True,"[""full"", ""assumption_eligible"", ""dense_explicit"", ""complete_case""]",0.5416666666666666,0.08333333333333333,25,48,48,24,True,,True,True,True,False,True,True
religion:003_Living_a__Let_it_Go__Life__Even_as_a_Go-Getter__with_Stephanie_O_Hara:9:10:h1,religion,003_Living_a__Let_it_Go__Life__Even_as_a_Go-Getter__with_Stephanie_O_Hara,9,1,10,Agree / Align,raw_history_true_assumptions_b256,raw_history_true_assumptions,256,289.0,whitespace_v1,10,3,40,12,10,265,True,"[""full"", ""assumption_eligible"", ""dense_explicit"", ""complete_case""]",0.5416666666666666,0.08333333333333333,25,48,48,24,True,,True,True,True,False,True,True
religion:003_Living_a__Let_it_Go__Life__Even_as_a_Go-Getter__with_Stephanie_O_Hara:9:10:h1,religion,003_Living_a__Let_it_Go__Life__Even_as_a_Go-Getter__with_Stephanie_O_Hara,9,1,10,Agree / Align,raw_history_different_episode_assumptions_b256,raw_history_different_episode_assumptions,256,289.0,whitespace_v1,10,3,40,12,10,265,True,"[""full"", ""assumption_eligible"", ""dense_explicit"", ""complete_case""]",0.5208333333333334,0.041666666666666664,25,48,48,24,True,,True,True,True,False,True,True
religion:003_Living_a__Let_it_Go__Life__Even_as_a_Go-Getter__with_Stephanie_O_Hara:9:10:h1,religion,003_Living_a__Let_it_Go__Life__Even_as_a_Go-Getter__with_Stephanie_O_Hara,9,1,10,Agree / Align,raw_history_same_episode_random_turn_assumptions_b256,raw_history_same_episode_random_turn_assumptions,256,289.0,whitespace_v1,10,3,40,12,10,265,True,"[""full"", ""assumption_eligible"", ""dense_explicit"", ""complete_case""]",0.5208333333333334,0.041666666666666664,25,48,48,24,True,,True,True,True,False,True,True
religion:003_Living_a__Let_it_Go__Life__Even_as_a_Go-Getter__with_Stephanie_O_Hara:9:10:h1,religion,003_Living_a__Let_it_Go__Life__Even_as_a_Go-Getter__with_Stephanie_O_Hara,9,1,10,Agree / Align,raw_history_explicit_b256,raw_history_explicit,256,289.0,whitespace_v1,10,3,40,12,10,265,True,"[""full"", ""assumption_eligible"", ""dense_explicit"", ""complete_case""]",0.5,0.0,25,48,48,24,True,,True,True,True,False,True,True
religion:003_Living_a__Let_it_Go__Life__Even_as_a_Go-Getter__with_Stephanie_O_Hara:9:12:h3,religion,003_Living_a__Let_it_Go__Life__Even_as_a_Go-Getter__with_Stephanie_O_Hara,9,3,12,Agree / Align,raw_history_b256,raw_history,256,256.0,whitespace_v1,10,3,40,12,10,265,True,"[""full"", ""assumption_eligible"", ""dense_explicit"", ""complete_case""]",0.5,0.0,25,48,48,24,True,,True,True,True,False,True,True
religion:003_Living_a__Let_it_Go__Life__Even_as_a_Go-Getter__with_Stephanie_O_Hara:9:12:h3,religion,003_Living_a__Let_it_Go__Life__Even_as_a_Go-Getter__with_Stephanie_O_Hara,9,3,12,Agree / Align,raw_history_true_assumptions_b256,raw_history_true_assumptions,256,289.0,whitespace_v1,10,3,40,12,10,265,True,"[""full"", ""assumption_eligible"", ""dense_explicit"", ""complete_case""]",0.5,0.0,25,48,48,24,True,,True,True,True,False,True,True
religion:003_Living_a__Let_it_Go__Life__Even_as_a_Go-Getter__with_Stephanie_O_Hara:9:12:h3,religion,003_Living_a__Let_it_Go__Life__Even_as_a_Go-Getter__with_Stephanie_O_Hara,9,3,12,Agree / Align,raw_history_different_episode_assumptions_b256,raw_history_different_episode_assumptions,256,289.0,whitespace_v1,10,3,40,12,10,265,True,"[""full"", ""assumption_eligible"", ""dense_explicit"", ""complete_case""]",0.5,0.0,25,48,48,24,True,,True,True,True,False,True,True
religion:003_Living_a__Let_it_Go__Life__Even_as_a_Go-Getter__with_Stephanie_O_Hara:9:12:h3,religion,003_Living_a__Let_it_Go__Life__Even_as_a_Go-Getter__with_Stephanie_O_Hara,9,3,12,Agree / Align,raw_history_same_episode_random_turn_assumptions_b256,raw_history_same_episode_random_turn_assumptions,256,289.0,whitespace_v1,10,3,40,12,10,265,True,"[""full"", ""assumption_eligible"", ""dense_explicit"", ""complete_case""]",0.5,0.0,25,48,48,24,True,,True,True,True,False,True,True
religion:003_Living_a__Let_it_Go__Life__Even_as_a_Go-Getter__with_Stephanie_O_Hara:9:12:h3,religion,003_Living_a__Let_it_Go__Life__Even_as_a_Go-Getter__with_Stephanie_O_Hara,9,3,12,Agree / Align,raw_history_explicit_b256,raw_history_explicit,256,289.0,whitespace_v1,10,3,40,12,10,265,True,"[""full"", ""assumption_eligible"", ""dense_explicit"", ""complete_case""]",0.5,0.0,25,48,48,24,True,,True,True,True,False,True,True
religion:003_Living_a__Let_it_Go__Life__Even_as_a_Go-Getter__with_Stephanie_O_Hara:10:11:h1,religion,003_Living_a__Let_it_Go__Life__Even_as_a_Go-Getter__with_Stephanie_O_Hara,10,1,11,Assert / Elaborate,raw_history_b256,raw_history,256,256.0,whitespace_v1,7,3,37,12,5,92,True,"[""full"", ""assumption_eligible"", ""dense_explicit"", ""complete_case""]",0.5,0.0,25,48,48,24,True,,True,True,True,False,True,True
religion:003_Living_a__Let_it_Go__Life__Even_as_a_Go-Getter__with_Stephanie_O_Hara:10:11:h1,religion,003_Living_a__Let_it_Go__Life__Even_as_a_Go-Getter__with_Stephanie_O_Hara,10,1,11,Assert / Elaborate,raw_history_true_assumptions_b256,raw_history_true_assumptions,256,295.0,whitespace_v1,7,3,37,12,5,92,True,"[""full"", ""assumption_eligible"", ""dense_explicit"", ""complete_case""]",0.5416666666666666,0.08333333333333333,25,48,48,24,True,,True,True,True,False,True,True
religion:003_Living_a__Let_it_Go__Life__Even_as_a_Go-Getter__with_Stephanie_O_Hara:10:11:h1,religion,003_Living_a__Let_it_Go__Life__Even_as_a_Go-Getter__with_Stephanie_O_Hara,10,1,11,Assert / Elaborate,raw_history_different_episode_assumptions_b256,raw_history_different_episode_assumptions,256,295.0,whitespace_v1,7,3,37,12,5,92,True,"[""full"", ""assumption_eligible"", ""dense_explicit"", ""complete_case""]",0.5208333333333334,0.041666666666666664,25,48,48,24,True,,True,True,True,False,True,True
religion:003_Living_a__Let_it_Go__Life__Even_as_a_Go-Getter__with_Stephanie_O_Hara:10:11:h1,religion,003_Living_a__Let_it_Go__Life__Even_as_a_Go-Getter__with_Stephanie_O_Hara,10,1,11,Assert / Elaborate,raw_history_same_episode_random_turn_assumptions_b256,raw_history_same_episode_random_turn_assumptions,256,295.0,whitespace_v1,7,3,37,12,5,92,True,"[""full"", ""assumption_eligible"", ""dense_explicit"", ""complete_case""]",0.5625,0.125,25,48,48,24,True,,True,True,True,False,True,True
religion:003_Living_a__Let_it_Go__Life__Even_as_a_Go-Getter__with_Stephanie_O_Hara:10:11:h1,religion,003_Living_a__Let_it_Go__Life__Even_as_a_Go-Getter__with_Stephanie_O_Hara,10,1,11,Assert / Elaborate,raw_history_explicit_b256,raw_history_explicit,256,295.0,whitespace_v1,7,3,37,12,5,92,True,"[""full"", ""assumption_eligible"", ""dense_explicit"", ""complete_case""]",0.5208333333333334,0.041666666666666664,25,48,48,24,True,,True,True,True,False,True,True
religion:003_Living_a__Let_it_Go__Life__Even_as_a_Go-Getter__with_Stephanie_O_Hara:11:12:h1,religion,003_Living_a__Let_it_Go__Life__Even_as_a_Go-Getter__with_Stephanie_O_Hara,11,1,12,Agree / Align,raw_history_b256,raw_history,256,256.0,whitespace_v1,6,3,33,12,5,156,True,"[""full"", ""assumption_eligible"", ""dense_explicit"", ""complete_case""]",0.5,0.0,25,48,48,24,True,,True,True,True,False,True,True
religion:003_Living_a__Let_it_Go__Life__Even_as_a_Go-Getter__with_Stephanie_O_Hara:11:12:h1,religion,003_Living_a__Let_it_Go__Life__Even_as_a_Go-Getter__with_Stephanie_O_Hara,11,1,12,Agree / Align,raw_history_true_assumptions_b256,raw_history_true_assumptions,256,296.0,whitespace_v1,6,3,33,12,5,156,True,"[""full"", ""assumption_eligible"", ""dense_explicit"", ""complete_case""]",0.5,0.0,25,48,48,24,True,,True,True,True,False,True,True
religion:003_Living_a__Let_it_Go__Life__Even_as_a_Go-Getter__with_Stephanie_O_Hara:11:12:h1,religion,003_Living_a__Let_it_Go__Life__Even_as_a_Go-Getter__with_Stephanie_O_Hara,11,1,12,Agree / Align,raw_history_different_episode_assumptions_b256,raw_history_different_episode_assumptions,256,296.0,whitespace_v1,6,3,33,12,5,156,True,"[""full"", ""assumption_eligible"", ""dense_explicit"", ""complete_case""]",0.5,0.0,25,48,48,24,True,,True,True,True,False,True,True
religion:003_Living_a__Let_it_Go__Life__Even_as_a_Go-Getter__with_Stephanie_O_Hara:11:12:h1,religion,003_Living_a__Let_it_Go__Life__Even_as_a_Go-Getter__with_Stephanie_O_Hara,11,1,12,Agree / Align,raw_history_same_episode_random_turn_assumptions_b256,raw_history_same_episode_random_turn_assumptions,256,296.0,whitespace_v1,6,3,33,12,5,156,True,"[""full"", ""assumption_eligible"", ""dense_explicit"", ""complete_case""]",0.5,0.0,25,48,48,24,True,,True,True,True,False,True,True
religion:003_Living_a__Let_it_Go__Life__Even_as_a_Go-Getter__with_Stephanie_O_Hara:11:12:h1,religion,003_Living_a__Let_it_Go__Life__Even_as_a_Go-Getter__with_Stephanie_O_Hara,11,1,12,Agree / Align,raw_history_explicit_b256,raw_history_explicit,256,296.0,whitespace_v1,6,3,33,12,5,156,True,"[""full"", ""assumption_eligible"", ""dense_explicit"", ""complete_case""]",0.5,0.0,25,48,48,24,True,,True,True,True,False,True,True
religion:004-_MEMORY_LANE_WITH_DAD:1:2:h1,religion,004-_MEMORY_LANE_WITH_DAD,1,1,2,Assert / Elaborate,raw_history_b256,raw_history,256,256.0,whitespace_v1,10,3,20,6,10,580,True,"[""full"", ""assumption_eligible"", ""dense_explicit""]",0.5833333333333334,0.16666666666666666,25,48,48,24,True,,True,True,True,False,True,False
religion:004-_MEMORY_LANE_WITH_DAD:1:2:h1,religion,004-_MEMORY_LANE_WITH_DAD,1,1,2,Assert / Elaborate,raw_history_true_assumptions_b256,raw_history_true_assumptions,256,293.0,whitespace_v1,10,3,20,6,10,580,True,"[""full"", ""assumption_eligible"", ""dense_explicit""]",0.5833333333333334,0.16666666666666666,25,48,48,24,True,,True,True,True,False,True,False
religion:004-_MEMORY_LANE_WITH_DAD:1:2:h1,religion,004-_MEMORY_LANE_WITH_DAD,1,1,2,Assert / Elaborate,raw_history_different_episode_assumptions_b256,raw_history_different_episode_assumptions,256,293.0,whitespace_v1,10,3,20,6,10,580,True,"[""full"", ""assumption_eligible"", ""dense_explicit""]",0.5416666666666666,0.08333333333333333,25,48,48,24,True,,True,True,True,False,True,False
religion:004-_MEMORY_LANE_WITH_DAD:1:2:h1,religion,004-_MEMORY_LANE_WITH_DAD,1,1,2,Assert / Elaborate,raw_history_same_episode_random_turn_assumptions_b256,raw_history_same_episode_random_turn_assumptions,256,,whitespace_v1,10,3,20,6,10,580,True,[],,,25,48,0,0,False,no_length_matched_same_episode_random_turn_donor,True,False,False,False,False,False
religion:004-_MEMORY_LANE_WITH_DAD:1:2:h1,religion,004-_MEMORY_LANE_WITH_DAD,1,1,2,Assert / Elaborate,raw_history_explicit_b256,raw_history_explicit,256,293.0,whitespace_v1,10,3,20,6,10,580,True,"[""full"", ""assumption_eligible"", ""dense_explicit""]",0.5416666666666666,0.08333333333333333,25,48,48,24,True,,True,True,True,False,True,False
religion:004-_MEMORY_LANE_WITH_DAD:7:8:h1,religion,004-_MEMORY_LANE_WITH_DAD,7,1,8,Topic Shift,raw_history_b256,raw_history,256,256.0,whitespace_v1,8,3,37,12,8,168,True,"[""full"", ""assumption_eligible"", ""dense_explicit"", ""complete_case""]",0.5833333333333334,0.16666666666666666,25,48,48,24,True,,True,True,True,False,True,True
religion:004-_MEMORY_LANE_WITH_DAD:7:8:h1,religion,004-_MEMORY_LANE_WITH_DAD,7,1,8,Topic Shift,raw_history_true_assumptions_b256,raw_history_true_assumptions,256,296.0,whitespace_v1,8,3,37,12,8,168,True,"[""full"", ""assumption_eligible"", ""dense_explicit"", ""complete_case""]",0.5833333333333334,0.16666666666666666,25,48,48,24,True,,True,True,True,False,True,True
religion:004-_MEMORY_LANE_WITH_DAD:7:8:h1,religion,004-_MEMORY_LANE_WITH_DAD,7,1,8,Topic Shift,raw_history_different_episode_assumptions_b256,raw_history_different_episode_assumptions,256,296.0,whitespace_v1,8,3,37,12,8,168,True,"[""full"", ""assumption_eligible"", ""dense_explicit"", ""complete_case""]",0.5,0.0,25,48,48,24,True,,True,True,True,False,True,True
religion:004-_MEMORY_LANE_WITH_DAD:7:8:h1,religion,004-_MEMORY_LANE_WITH_DAD,7,1,8,Topic Shift,raw_history_same_episode_random_turn_assumptions_b256,raw_history_same_episode_random_turn_assumptions,256,296.0,whitespace_v1,8,3,37,12,8,168,True,"[""full"", ""assumption_eligible"", ""dense_explicit"", ""complete_case""]",0.5833333333333334,0.16666666666666666,25,48,48,24,True,,True,True,True,False,True,True
religion:004-_MEMORY_LANE_WITH_DAD:7:8:h1,religion,004-_MEMORY_LANE_WITH_DAD,7,1,8,Topic Shift,raw_history_explicit_b256,raw_history_explicit,256,296.0,whitespace_v1,8,3,37,12,8,168,True,"[""full"", ""assumption_eligible"", ""dense_explicit"", ""complete_case""]",0.6041666666666666,0.20833333333333334,25,48,48,24,True,,True,True,True,False,True,True
sports:006_-_Greg_Bielecki__La_Salle_College_High_School_2:5:6:h1,sports,006_-_Greg_Bielecki__La_Salle_College_High_School_2,5,1,6,Assert / Elaborate,raw_history_b256,raw_history,256,256.0,whitespace_v1,4,3,28,12,5,69,True,"[""full"", ""assumption_eligible"", ""sparse_explicit"", ""complete_case""]",0.5416666666666666,0.08333333333333333,25,48,48,24,True,,True,True,True,True,False,True
sports:006_-_Greg_Bielecki__La_Salle_College_High_School_2:5:6:h1,sports,006_-_Greg_Bielecki__La_Salle_College_High_School_2,5,1,6,Assert / Elaborate,raw_history_true_assumptions_b256,raw_history_true_assumptions,256,297.0,whitespace_v1,4,3,28,12,5,69,True,"[""full"", ""assumption_eligible"", ""sparse_explicit"", ""complete_case""]",0.5416666666666666,0.08333333333333333,25,48,48,24,True,,True,True,True,True,False,True
sports:006_-_Greg_Bielecki__La_Salle_College_High_School_2:5:6:h1,sports,006_-_Greg_Bielecki__La_Salle_College_High_School_2,5,1,6,Assert / Elaborate,raw_history_different_episode_assumptions_b256,raw_history_different_episode_assumptions,256,297.0,whitespace_v1,4,3,28,12,5,69,True,"[""full"", ""assumption_eligible"", ""sparse_explicit"", ""complete_case""]",0.5208333333333334,0.041666666666666664,25,48,48,24,True,,True,True,True,True,False,True
sports:006_-_Greg_Bielecki__La_Salle_College_High_School_2:5:6:h1,sports,006_-_Greg_Bielecki__La_Salle_College_High_School_2,5,1,6,Assert / Elaborate,raw_history_same_episode_random_turn_assumptions_b256,raw_history_same_episode_random_turn_assumptions,256,297.0,whitespace_v1,4,3,28,12,5,69,True,"[""full"", ""assumption_eligible"", ""sparse_explicit"", ""complete_case""]",0.5,0.0,25,48,48,24,True,,True,True,True,True,False,True
sports:006_-_Greg_Bielecki__La_Salle_College_High_School_2:5:6:h1,sports,006_-_Greg_Bielecki__La_Salle_College_High_School_2,5,1,6,Assert / Elaborate,raw_history_explicit_b256,raw_history_explicit,256,297.0,whitespace_v1,4,3,28,12,5,69,True,"[""full"", ""assumption_eligible"", ""sparse_explicit"", ""complete_case""]",0.5833333333333334,0.16666666666666666,25,48,48,24,True,,True,True,True,True,False,True
sports:006_-_Greg_Bielecki__La_Salle_College_High_School_2:5:8:h3,sports,006_-_Greg_Bielecki__La_Salle_College_High_School_2,5,3,8,Assert / Elaborate,raw_history_b256,raw_history,256,256.0,whitespace_v1,4,3,28,12,5,69,True,"[""full"", ""assumption_eligible"", ""sparse_explicit"", ""complete_case""]",0.5208333333333334,0.041666666666666664,25,48,48,24,True,,True,True,True,True,False,True
sports:006_-_Greg_Bielecki__La_Salle_College_High_School_2:5:8:h3,sports,006_-_Greg_Bielecki__La_Salle_College_High_School_2,5,3,8,Assert / Elaborate,raw_history_true_assumptions_b256,raw_history_true_assumptions,256,297.0,whitespace_v1,4,3,28,12,5,69,True,"[""full"", ""assumption_eligible"", ""sparse_explicit"", ""complete_case""]",0.5,0.0,25,48,48,24,True,,True,True,True,True,False,True
sports:006_-_Greg_Bielecki__La_Salle_College_High_School_2:5:8:h3,sports,006_-_Greg_Bielecki__La_Salle_College_High_School_2,5,3,8,Assert / Elaborate,raw_history_different_episode_assumptions_b256,raw_history_different_episode_assumptions,256,297.0,whitespace_v1,4,3,28,12,5,69,True,"[""full"", ""assumption_eligible"", ""sparse_explicit"", ""complete_case""]",0.5208333333333334,0.041666666666666664,25,48,48,24,True,,True,True,True,True,False,True
sports:006_-_Greg_Bielecki__La_Salle_College_High_School_2:5:8:h3,sports,006_-_Greg_Bielecki__La_Salle_College_High_School_2,5,3,8,Assert / Elaborate,raw_history_same_episode_random_turn_assumptions_b256,raw_history_same_episode_random_turn_assumptions,256,297.0,whitespace_v1,4,3,28,12,5,69,True,"[""full"", ""assumption_eligible"", ""sparse_explicit"", ""complete_case""]",0.5,0.0,25,48,48,24,True,,True,True,True,True,False,True
sports:006_-_Greg_Bielecki__La_Salle_College_High_School_2:5:8:h3,sports,006_-_Greg_Bielecki__La_Salle_College_High_School_2,5,3,8,Assert / Elaborate,raw_history_explicit_b256,raw_history_explicit,256,297.0,whitespace_v1,4,3,28,12,5,69,True,"[""full"", ""assumption_eligible"", ""sparse_explicit"", ""complete_case""]",0.5,0.0,25,48,48,24,True,,True,True,True,True,False,True
sports:006_-_Greg_Bielecki__La_Salle_College_High_School_2:5:10:h5,sports,006_-_Greg_Bielecki__La_Salle_College_High_School_2,5,5,10,Assert / Elaborate,raw_history_b256,raw_history,256,256.0,whitespace_v1,4,3,28,12,5,69,True,"[""full"", ""assumption_eligible"", ""sparse_explicit"", ""complete_case""]",0.5,0.0,25,48,48,24,True,,True,True,True,True,False,True
sports:006_-_Greg_Bielecki__La_Salle_College_High_School_2:5:10:h5,sports,006_-_Greg_Bielecki__La_Salle_College_High_School_2,5,5,10,Assert / Elaborate,raw_history_true_assumptions_b256,raw_history_true_assumptions,256,297.0,whitespace_v1,4,3,28,12,5,69,True,"[""full"", ""assumption_eligible"", ""sparse_explicit"", ""complete_case""]",0.5208333333333334,0.041666666666666664,25,48,48,24,True,,True,True,True,True,False,True
sports:006_-_Greg_Bielecki__La_Salle_College_High_School_2:5:10:h5,sports,006_-_Greg_Bielecki__La_Salle_College_High_School_2,5,5,10,Assert / Elaborate,raw_history_different_episode_assumptions_b256,raw_history_different_episode_assumptions,256,297.0,whitespace_v1,4,3,28,12,5,69,True,"[""full"", ""assumption_eligible"", ""sparse_explicit"", ""complete_case""]",0.5,0.0,25,48,48,24,True,,True,True,True,True,False,True
sports:006_-_Greg_Bielecki__La_Salle_College_High_School_2:5:10:h5,sports,006_-_Greg_Bielecki__La_Salle_College_High_School_2,5,5,10,Assert / Elaborate,raw_history_same_episode_random_turn_assumptions_b256,raw_history_same_episode_random_turn_assumptions,256,297.0,whitespace_v1,4,3,28,12,5,69,True,"[""full"", ""assumption_eligible"", ""sparse_explicit"", ""complete_case""]",0.5,0.0,25,48,48,24,True,,True,True,True,True,False,True
sports:006_-_Greg_Bielecki__La_Salle_College_High_School_2:5:10:h5,sports,006_-_Greg_Bielecki__La_Salle_College_High_School_2,5,5,10,Assert / Elaborate,raw_history_explicit_b256,raw_history_explicit,256,297.0,whitespace_v1,4,3,28,12,5,69,True,"[""full"", ""assumption_eligible"", ""sparse_explicit"", ""complete_case""]",0.5208333333333334,0.041666666666666664,25,48,48,24,True,,True,True,True,True,False,True
sports:006_-_Greg_Bielecki__La_Salle_College_High_School_2:6:7:h1,sports,006_-_Greg_Bielecki__La_Salle_College_High_School_2,6,1,7,Agree / Align,raw_history_b256,raw_history,256,256.0,whitespace_v1,10,3,28,12,10,507,True,"[""full"", ""assumption_eligible"", ""dense_explicit"", ""complete_case""]",0.5833333333333334,0.16666666666666666,25,48,48,24,True,,True,True,True,False,True,True
sports:006_-_Greg_Bielecki__La_Salle_College_High_School_2:6:7:h1,sports,006_-_Greg_Bielecki__La_Salle_College_High_School_2,6,1,7,Agree / Align,raw_history_true_assumptions_b256,raw_history_true_assumptions,256,281.0,whitespace_v1,10,3,28,12,10,507,True,"[""full"", ""assumption_eligible"", ""dense_explicit"", ""complete_case""]",0.6041666666666666,0.20833333333333334,25,48,48,24,True,,True,True,True,False,True,True
sports:006_-_Greg_Bielecki__La_Salle_College_High_School_2:6:7:h1,sports,006_-_Greg_Bielecki__La_Salle_College_High_School_2,6,1,7,Agree / Align,raw_history_different_episode_assumptions_b256,raw_history_different_episode_assumptions,256,281.0,whitespace_v1,10,3,28,12,10,507,True,"[""full"", ""assumption_eligible"", ""dense_explicit"", ""complete_case""]",0.6041666666666666,0.20833333333333334,25,48,48,24,True,,True,True,True,False,True,True
sports:006_-_Greg_Bielecki__La_Salle_College_High_School_2:6:7:h1,sports,006_-_Greg_Bielecki__La_Salle_College_High_School_2,6,1,7,Agree / Align,raw_history_same_episode_random_turn_assumptions_b256,raw_history_same_episode_random_turn_assumptions,256,281.0,whitespace_v1,10,3,28,12,10,507,True,"[""full"", ""assumption_eligible"", ""dense_explicit"", ""complete_case""]",0.5833333333333334,0.16666666666666666,25,48,48,24,True,,True,True,True,False,True,True
sports:006_-_Greg_Bielecki__La_Salle_College_High_School_2:6:7:h1,sports,006_-_Greg_Bielecki__La_Salle_College_High_School_2,6,1,7,Agree / Align,raw_history_explicit_b256,raw_history_explicit,256,281.0,whitespace_v1,10,3,28,12,10,507,True,"[""full"", ""assumption_eligible"", ""dense_explicit"", ""complete_case""]",0.5625,0.125,25,48,48,24,True,,True,True,True,False,True,True
sports:006_-_Greg_Bielecki__La_Salle_College_High_School_2:6:9:h3,sports,006_-_Greg_Bielecki__La_Salle_College_High_School_2,6,3,9,Assert / Elaborate,raw_history_b256,raw_history,256,256.0,whitespace_v1,10,3,28,12,10,507,True,"[""full"", ""assumption_eligible"", ""dense_explicit"", ""complete_case""]",0.5,0.0,25,48,48,24,True,,True,True,True,False,True,True
sports:006_-_Greg_Bielecki__La_Salle_College_High_School_2:6:9:h3,sports,006_-_Greg_Bielecki__La_Salle_College_High_School_2,6,3,9,Assert / Elaborate,raw_history_true_assumptions_b256,raw_history_true_assumptions,256,281.0,whitespace_v1,10,3,28,12,10,507,True,"[""full"", ""assumption_eligible"", ""dense_explicit"", ""complete_case""]",0.5,0.0,25,48,48,24,True,,True,True,True,False,True,True
sports:006_-_Greg_Bielecki__La_Salle_College_High_School_2:6:9:h3,sports,006_-_Greg_Bielecki__La_Salle_College_High_School_2,6,3,9,Assert / Elaborate,raw_history_different_episode_assumptions_b256,raw_history_different_episode_assumptions,256,281.0,whitespace_v1,10,3,28,12,10,507,True,"[""full"", ""assumption_eligible"", ""dense_explicit"", ""complete_case""]",0.5,0.0,25,48,48,24,True,,True,True,True,False,True,True
sports:006_-_Greg_Bielecki__La_Salle_College_High_School_2:6:9:h3,sports,006_-_Greg_Bielecki__La_Salle_College_High_School_2,6,3,9,Assert / Elaborate,raw_history_same_episode_random_turn_assumptions_b256,raw_history_same_episode_random_turn_assumptions,256,281.0,whitespace_v1,10,3,28,12,10,507,True,"[""full"", ""assumption_eligible"", ""dense_explicit"", ""complete_case""]",0.5,0.0,25,48,48,24,True,,True,True,True,False,True,True
sports:006_-_Greg_Bielecki__La_Salle_College_High_School_2:6:9:h3,sports,006_-_Greg_Bielecki__La_Salle_College_High_School_2,6,3,9,Assert / Elaborate,raw_history_explicit_b256,raw_history_explicit,256,281.0,whitespace_v1,10,3,28,12,10,507,True,"[""full"", ""assumption_eligible"", ""dense_explicit"", ""complete_case""]",0.5,0.0,25,48,48,24,True,,True,True,True,False,True,True
sports:006_-_Greg_Bielecki__La_Salle_College_High_School_2:6:11:h5,sports,006_-_Greg_Bielecki__La_Salle_College_High_School_2,6,5,11,Assert / Elaborate,raw_history_b256,raw_history,256,256.0,whitespace_v1,10,3,28,12,10,507,True,"[""full"", ""assumption_eligible"", ""dense_explicit"", ""complete_case""]",0.5,0.0,25,48,48,24,True,,True,True,True,False,True,True
sports:006_-_Greg_Bielecki__La_Salle_College_High_School_2:6:11:h5,sports,006_-_Greg_Bielecki__La_Salle_College_High_School_2,6,5,11,Assert / Elaborate,raw_history_true_assumptions_b256,raw_history_true_assumptions,256,281.0,whitespace_v1,10,3,28,12,10,507,True,"[""full"", ""assumption_eligible"", ""dense_explicit"", ""complete_case""]",0.5,0.0,25,48,48,24,True,,True,True,True,False,True,True
sports:006_-_Greg_Bielecki__La_Salle_College_High_School_2:6:11:h5,sports,006_-_Greg_Bielecki__La_Salle_College_High_School_2,6,5,11,Assert / Elaborate,raw_history_different_episode_assumptions_b256,raw_history_different_episode_assumptions,256,281.0,whitespace_v1,10,3,28,12,10,507,True,"[""full"", ""assumption_eligible"", ""dense_explicit"", ""complete_case""]",0.5,0.0,25,48,48,24,True,,True,True,True,False,True,True
sports:006_-_Greg_Bielecki__La_Salle_College_High_School_2:6:11:h5,sports,006_-_Greg_Bielecki__La_Salle_College_High_School_2,6,5,11,Assert / Elaborate,raw_history_same_episode_random_turn_assumptions_b256,raw_history_same_episode_random_turn_assumptions,256,281.0,whitespace_v1,10,3,28,12,10,507,True,"[""full"", ""assumption_eligible"", ""dense_explicit"", ""complete_case""]",0.5,0.0,25,48,48,24,True,,True,True,True,False,True,True
sports:006_-_Greg_Bielecki__La_Salle_College_High_School_2:6:11:h5,sports,006_-_Greg_Bielecki__La_Salle_College_High_School_2,6,5,11,Assert / Elaborate,raw_history_explicit_b256,raw_history_explicit,256,281.0,whitespace_v1,10,3,28,12,10,507,True,"[""full"", ""assumption_eligible"", ""dense_explicit"", ""complete_case""]",0.5,0.0,25,48,48,24,True,,True,True,True,False,True,True
sports:006_-_Greg_Bielecki__La_Salle_College_High_School_2:7:8:h1,sports,006_-_Greg_Bielecki__La_Salle_College_High_School_2,7,1,8,Assert / Elaborate,raw_history_b256,raw_history,256,256.0,whitespace_v1,5,3,29,12,5,90,True,"[""full"", ""assumption_eligible"", ""dense_explicit"", ""complete_case""]",0.5208333333333334,0.041666666666666664,25,48,48,24,True,,True,True,True,False,True,True
sports:006_-_Greg_Bielecki__La_Salle_College_High_School_2:7:8:h1,sports,006_-_Greg_Bielecki__La_Salle_College_High_School_2,7,1,8,Assert / Elaborate,raw_history_true_assumptions_b256,raw_history_true_assumptions,256,294.0,whitespace_v1,5,3,29,12,5,90,True,"[""full"", ""assumption_eligible"", ""dense_explicit"", ""complete_case""]",0.5,0.0,25,48,48,24,True,,True,True,True,False,True,True
sports:006_-_Greg_Bielecki__La_Salle_College_High_School_2:7:8:h1,sports,006_-_Greg_Bielecki__La_Salle_College_High_School_2,7,1,8,Assert / Elaborate,raw_history_different_episode_assumptions_b256,raw_history_different_episode_assumptions,256,294.0,whitespace_v1,5,3,29,12,5,90,True,"[""full"", ""assumption_eligible"", ""dense_explicit"", ""complete_case""]",0.5625,0.125,25,48,48,24,True,,True,True,True,False,True,True
sports:006_-_Greg_Bielecki__La_Salle_College_High_School_2:7:8:h1,sports,006_-_Greg_Bielecki__La_Salle_College_High_School_2,7,1,8,Assert / Elaborate,raw_history_same_episode_random_turn_assumptions_b256,raw_history_same_episode_random_turn_assumptions,256,294.0,whitespace_v1,5,3,29,12,5,90,True,"[""full"", ""assumption_eligible"", ""dense_explicit"", ""complete_case""]",0.5208333333333334,0.041666666666666664,25,48,48,24,True,,True,True,True,False,True,True
sports:006_-_Greg_Bielecki__La_Salle_College_High_School_2:7:8:h1,sports,006_-_Greg_Bielecki__La_Salle_College_High_School_2,7,1,8,Assert / Elaborate,raw_history_explicit_b256,raw_history_explicit,256,294.0,whitespace_v1,5,3,29,12,5,90,True,"[""full"", ""assumption_eligible"", ""dense_explicit"", ""complete_case""]",0.5416666666666666,0.08333333333333333,25,48,48,24,True,,True,True,True,False,True,True
sports:006_-_Greg_Bielecki__La_Salle_College_High_School_2:7:10:h3,sports,006_-_Greg_Bielecki__La_Salle_College_High_School_2,7,3,10,Assert / Elaborate,raw_history_b256,raw_history,256,256.0,whitespace_v1,5,3,29,12,5,90,True,"[""full"", ""assumption_eligible"", ""dense_explicit"", ""complete_case""]",0.5,0.0,25,48,48,24,True,,True,True,True,False,True,True
sports:006_-_Greg_Bielecki__La_Salle_College_High_School_2:7:10:h3,sports,006_-_Greg_Bielecki__La_Salle_College_High_School_2,7,3,10,Assert / Elaborate,raw_history_true_assumptions_b256,raw_history_true_assumptions,256,294.0,whitespace_v1,5,3,29,12,5,90,True,"[""full"", ""assumption_eligible"", ""dense_explicit"", ""complete_case""]",0.5,0.0,25,48,48,24,True,,True,True,True,False,True,True
sports:006_-_Greg_Bielecki__La_Salle_College_High_School_2:7:10:h3,sports,006_-_Greg_Bielecki__La_Salle_College_High_School_2,7,3,10,Assert / Elaborate,raw_history_different_episode_assumptions_b256,raw_history_different_episode_assumptions,256,294.0,whitespace_v1,5,3,29,12,5,90,True,"[""full"", ""assumption_eligible"", ""dense_explicit"", ""complete_case""]",0.5,0.0,25,48,48,24,True,,True,True,True,False,True,True
sports:006_-_Greg_Bielecki__La_Salle_College_High_School_2:7:10:h3,sports,006_-_Greg_Bielecki__La_Salle_College_High_School_2,7,3,10,Assert / Elaborate,raw_history_same_episode_random_turn_assumptions_b256,raw_history_same_episode_random_turn_assumptions,256,294.0,whitespace_v1,5,3,29,12,5,90,True,"[""full"", ""assumption_eligible"", ""dense_explicit"", ""complete_case""]",0.5,0.0,25,48,48,24,True,,True,True,True,False,True,True
sports:006_-_Greg_Bielecki__La_Salle_College_High_School_2:7:10:h3,sports,006_-_Greg_Bielecki__La_Salle_College_High_School_2,7,3,10,Assert / Elaborate,raw_history_explicit_b256,raw_history_explicit,256,294.0,whitespace_v1,5,3,29,12,5,90,True,"[""full"", ""assumption_eligible"", ""dense_explicit"", ""complete_case""]",0.5,0.0,25,48,48,24,True,,True,True,True,False,True,True
sports:006_-_Greg_Bielecki__La_Salle_College_High_School_2:8:9:h1,sports,006_-_Greg_Bielecki__La_Salle_College_High_School_2,8,1,9,Assert / Elaborate,raw_history_b256,raw_history,256,256.0,whitespace_v1,10,3,29,12,10,323,True,"[""full"", ""assumption_eligible"", ""dense_explicit"", ""complete_case""]",0.5208333333333334,0.041666666666666664,25,48,48,24,True,,True,True,True,False,True,True
sports:006_-_Greg_Bielecki__La_Salle_College_High_School_2:8:9:h1,sports,006_-_Greg_Bielecki__La_Salle_College_High_School_2,8,1,9,Assert / Elaborate,raw_history_true_assumptions_b256,raw_history_true_assumptions,256,286.0,whitespace_v1,10,3,29,12,10,323,True,"[""full"", ""assumption_eligible"", ""dense_explicit"", ""complete_case""]",0.5208333333333334,0.041666666666666664,25,48,48,24,True,,True,True,True,False,True,True
sports:006_-_Greg_Bielecki__La_Salle_College_High_School_2:8:9:h1,sports,006_-_Greg_Bielecki__La_Salle_College_High_School_2,8,1,9,Assert / Elaborate,raw_history_different_episode_assumptions_b256,raw_history_different_episode_assumptions,256,286.0,whitespace_v1,10,3,29,12,10,323,True,"[""full"", ""assumption_eligible"", ""dense_explicit"", ""complete_case""]",0.5,0.0,25,48,48,24,True,,True,True,True,False,True,True
sports:006_-_Greg_Bielecki__La_Salle_College_High_School_2:8:9:h1,sports,006_-_Greg_Bielecki__La_Salle_College_High_School_2,8,1,9,Assert / Elaborate,raw_history_same_episode_random_turn_assumptions_b256,raw_history_same_episode_random_turn_assumptions,256,286.0,whitespace_v1,10,3,29,12,10,323,True,"[""full"", ""assumption_eligible"", ""dense_explicit"", ""complete_case""]",0.5,0.0,25,48,48,24,True,,True,True,True,False,True,True
sports:006_-_Greg_Bielecki__La_Salle_College_High_School_2:8:9:h1,sports,006_-_Greg_Bielecki__La_Salle_College_High_School_2,8,1,9,Assert / Elaborate,raw_history_explicit_b256,raw_history_explicit,256,286.0,whitespace_v1,10,3,29,12,10,323,True,"[""full"", ""assumption_eligible"", ""dense_explicit"", ""complete_case""]",0.5,0.0,25,48,48,24,True,,True,True,True,False,True,True
sports:006_-_Greg_Bielecki__La_Salle_College_High_School_2:8:11:h3,sports,006_-_Greg_Bielecki__La_Salle_College_High_School_2,8,3,11,Assert / Elaborate,raw_history_b256,raw_history,256,256.0,whitespace_v1,10,3,29,12,10,323,True,"[""full"", ""assumption_eligible"", ""dense_explicit"", ""complete_case""]",0.5,0.0,25,48,48,24,True,,True,True,True,False,True,True
sports:006_-_Greg_Bielecki__La_Salle_College_High_School_2:8:11:h3,sports,006_-_Greg_Bielecki__La_Salle_College_High_School_2,8,3,11,Assert / Elaborate,raw_history_true_assumptions_b256,raw_history_true_assumptions,256,286.0,whitespace_v1,10,3,29,12,10,323,True,"[""full"", ""assumption_eligible"", ""dense_explicit"", ""complete_case""]",0.5,0.0,25,48,48,24,True,,True,True,True,False,True,True
sports:006_-_Greg_Bielecki__La_Salle_College_High_School_2:8:11:h3,sports,006_-_Greg_Bielecki__La_Salle_College_High_School_2,8,3,11,Assert / Elaborate,raw_history_different_episode_assumptions_b256,raw_history_different_episode_assumptions,256,286.0,whitespace_v1,10,3,29,12,10,323,True,"[""full"", ""assumption_eligible"", ""dense_explicit"", ""complete_case""]",0.5,0.0,25,48,48,24,True,,True,True,True,False,True,True
sports:006_-_Greg_Bielecki__La_Salle_College_High_School_2:8:11:h3,sports,006_-_Greg_Bielecki__La_Salle_College_High_School_2,8,3,11,Assert / Elaborate,raw_history_same_episode_random_turn_assumptions_b256,raw_history_same_episode_random_turn_assumptions,256,286.0,whitespace_v1,10,3,29,12,10,323,True,"[""full"", ""assumption_eligible"", ""dense_explicit"", ""complete_case""]",0.5,0.0,25,48,48,24,True,,True,True,True,False,True,True
sports:006_-_Greg_Bielecki__La_Salle_College_High_School_2:8:11:h3,sports,006_-_Greg_Bielecki__La_Salle_College_High_School_2,8,3,11,Assert / Elaborate,raw_history_explicit_b256,raw_history_explicit,256,286.0,whitespace_v1,10,3,29,12,10,323,True,"[""full"", ""assumption_eligible"", ""dense_explicit"", ""complete_case""]",0.5,0.0,25,48,48,24,True,,True,True,True,False,True,True
sports:006_-_Greg_Bielecki__La_Salle_College_High_School_2:9:10:h1,sports,006_-_Greg_Bielecki__La_Salle_College_High_School_2,9,1,10,Assert / Elaborate,raw_history_b256,raw_history,256,256.0,whitespace_v1,5,3,30,12,5,114,True,"[""full"", ""assumption_eligible"", ""dense_explicit"", ""complete_case""]",0.625,0.25,25,48,48,24,True,,True,True,True,False,True,True
sports:006_-_Greg_Bielecki__La_Salle_College_High_School_2:9:10:h1,sports,006_-_Greg_Bielecki__La_Salle_College_High_School_2,9,1,10,Assert / Elaborate,raw_history_true_assumptions_b256,raw_history_true_assumptions,256,300.0,whitespace_v1,5,3,30,12,5,114,True,"[""full"", ""assumption_eligible"", ""dense_explicit"", ""complete_case""]",0.6041666666666666,0.20833333333333334,25,48,48,24,True,,True,True,True,False,True,True
sports:006_-_Greg_Bielecki__La_Salle_College_High_School_2:9:10:h1,sports,006_-_Greg_Bielecki__La_Salle_College_High_School_2,9,1,10,Assert / Elaborate,raw_history_different_episode_assumptions_b256,raw_history_different_episode_assumptions,256,300.0,whitespace_v1,5,3,30,12,5,114,True,"[""full"", ""assumption_eligible"", ""dense_explicit"", ""complete_case""]",0.6041666666666666,0.20833333333333334,25,48,48,24,True,,True,True,True,False,True,True
sports:006_-_Greg_Bielecki__La_Salle_College_High_School_2:9:10:h1,sports,006_-_Greg_Bielecki__La_Salle_College_High_School_2,9,1,10,Assert / Elaborate,raw_history_same_episode_random_turn_assumptions_b256,raw_history_same_episode_random_turn_assumptions,256,300.0,whitespace_v1,5,3,30,12,5,114,True,"[""full"", ""assumption_eligible"", ""dense_explicit"", ""complete_case""]",0.5833333333333334,0.16666666666666666,25,48,48,24,True,,True,True,True,False,True,True
sports:006_-_Greg_Bielecki__La_Salle_College_High_School_2:9:10:h1,sports,006_-_Greg_Bielecki__La_Salle_College_High_School_2,9,1,10,Assert / Elaborate,raw_history_explicit_b256,raw_history_explicit,256,300.0,whitespace_v1,5,3,30,12,5,114,True,"[""full"", ""assumption_eligible"", ""dense_explicit"", ""complete_case""]",0.6666666666666666,0.3333333333333333,25,48,48,24,True,,True,True,True,False,True,True
sports:006_-_Greg_Bielecki__La_Salle_College_High_School_2:10:11:h1,sports,006_-_Greg_Bielecki__La_Salle_College_High_School_2,10,1,11,Assert / Elaborate,raw_history_b256,raw_history,256,256.0,whitespace_v1,10,3,30,12,10,1360,True,"[""full"", ""assumption_eligible"", ""dense_explicit"", ""complete_case""]",0.6041666666666666,0.20833333333333334,25,48,48,24,True,,True,True,True,False,True,True
sports:006_-_Greg_Bielecki__La_Salle_College_High_School_2:10:11:h1,sports,006_-_Greg_Bielecki__La_Salle_College_High_School_2,10,1,11,Assert / Elaborate,raw_history_true_assumptions_b256,raw_history_true_assumptions,256,299.0,whitespace_v1,10,3,30,12,10,1360,True,"[""full"", ""assumption_eligible"", ""dense_explicit"", ""complete_case""]",0.6041666666666666,0.20833333333333334,25,48,48,24,True,,True,True,True,False,True,True
sports:006_-_Greg_Bielecki__La_Salle_College_High_School_2:10:11:h1,sports,006_-_Greg_Bielecki__La_Salle_College_High_School_2,10,1,11,Assert / Elaborate,raw_history_different_episode_assumptions_b256,raw_history_different_episode_assumptions,256,299.0,whitespace_v1,10,3,30,12,10,1360,True,"[""full"", ""assumption_eligible"", ""dense_explicit"", ""complete_case""]",0.5208333333333334,0.041666666666666664,25,48,48,24,True,,True,True,True,False,True,True
sports:006_-_Greg_Bielecki__La_Salle_College_High_School_2:10:11:h1,sports,006_-_Greg_Bielecki__La_Salle_College_High_School_2,10,1,11,Assert / Elaborate,raw_history_same_episode_random_turn_assumptions_b256,raw_history_same_episode_random_turn_assumptions,256,299.0,whitespace_v1,10,3,30,12,10,1360,True,"[""full"", ""assumption_eligible"", ""dense_explicit"", ""complete_case""]",0.5833333333333334,0.16666666666666666,25,48,48,24,True,,True,True,True,False,True,True
sports:006_-_Greg_Bielecki__La_Salle_College_High_School_2:10:11:h1,sports,006_-_Greg_Bielecki__La_Salle_College_High_School_2,10,1,11,Assert / Elaborate,raw_history_explicit_b256,raw_history_explicit,256,299.0,whitespace_v1,10,3,30,12,10,1360,True,"[""full"", ""assumption_eligible"", ""dense_explicit"", ""complete_case""]",0.5625,0.125,25,48,48,24,True,,True,True,True,False,True,True
sports:006_-_Greg_Bielecki__La_Salle_College_High_School_2:17:18:h1,sports,006_-_Greg_Bielecki__La_Salle_College_High_School_2,17,1,18,Assert / Elaborate,raw_history_b256,raw_history,256,256.0,whitespace_v1,4,3,29,12,5,61,True,"[""full"", ""assumption_eligible"", ""sparse_explicit"", ""complete_case""]",0.6666666666666666,0.3333333333333333,25,48,48,24,True,,True,True,True,True,False,True
sports:006_-_Greg_Bielecki__La_Salle_College_High_School_2:17:18:h1,sports,006_-_Greg_Bielecki__La_Salle_College_High_School_2,17,1,18,Assert / Elaborate,raw_history_true_assumptions_b256,raw_history_true_assumptions,256,292.0,whitespace_v1,4,3,29,12,5,61,True,"[""full"", ""assumption_eligible"", ""sparse_explicit"", ""complete_case""]",0.6666666666666666,0.3333333333333333,25,48,48,24,True,,True,True,True,True,False,True
sports:006_-_Greg_Bielecki__La_Salle_College_High_School_2:17:18:h1,sports,006_-_Greg_Bielecki__La_Salle_College_High_School_2,17,1,18,Assert / Elaborate,raw_history_different_episode_assumptions_b256,raw_history_different_episode_assumptions,256,292.0,whitespace_v1,4,3,29,12,5,61,True,"[""full"", ""assumption_eligible"", ""sparse_explicit"", ""complete_case""]",0.7291666666666666,0.4583333333333333,25,48,48,24,True,,True,True,True,True,False,True
sports:006_-_Greg_Bielecki__La_Salle_College_High_School_2:17:18:h1,sports,006_-_Greg_Bielecki__La_Salle_College_High_School_2,17,1,18,Assert / Elaborate,raw_history_same_episode_random_turn_assumptions_b256,raw_history_same_episode_random_turn_assumptions,256,292.0,whitespace_v1,4,3,29,12,5,61,True,"[""full"", ""assumption_eligible"", ""sparse_explicit"", ""complete_case""]",0.6041666666666666,0.4583333333333333,25,48,48,24,True,,True,True,True,True,False,True
sports:006_-_Greg_Bielecki__La_Salle_College_High_School_2:17:18:h1,sports,006_-_Greg_Bielecki__La_Salle_College_High_School_2,17,1,18,Assert / Elaborate,raw_history_explicit_b256,raw_history_explicit,256,292.0,whitespace_v1,4,3,29,12,5,61,True,"[""full"", ""assumption_eligible"", ""sparse_explicit"", ""complete_case""]",0.625,0.25,25,48,48,24,True,,True,True,True,True,False,True
sports:006_-_Greg_Bielecki__La_Salle_College_High_School_2:23:24:h1,sports,006_-_Greg_Bielecki__La_Salle_College_High_School_2,23,1,24,Assert / Elaborate,raw_history_b256,raw_history,256,256.0,whitespace_v1,3,3,33,12,4,55,True,"[""full"", ""assumption_eligible"", ""sparse_explicit"", ""complete_case""]",0.625,0.25,25,48,48,24,True,,True,True,True,True,False,True
sports:006_-_Greg_Bielecki__La_Salle_College_High_School_2:23:24:h1,sports,006_-_Greg_Bielecki__La_Salle_College_High_School_2,23,1,24,Assert / Elaborate,raw_history_true_assumptions_b256,raw_history_true_assumptions,256,293.0,whitespace_v1,3,3,33,12,4,55,True,"[""full"", ""assumption_eligible"", ""sparse_explicit"", ""complete_case""]",0.6041666666666666,0.20833333333333334,25,48,48,24,True,,True,True,True,True,False,True
sports:006_-_Greg_Bielecki__La_Salle_College_High_School_2:23:24:h1,sports,006_-_Greg_Bielecki__La_Salle_College_High_School_2,23,1,24,Assert / Elaborate,raw_history_different_episode_assumptions_b256,raw_history_different_episode_assumptions,256,293.0,whitespace_v1,3,3,33,12,4,55,True,"[""full"", ""assumption_eligible"", ""sparse_explicit"", ""complete_case""]",0.5416666666666666,0.08333333333333333,25,48,48,24,True,,True,True,True,True,False,True
sports:006_-_Greg_Bielecki__La_Salle_College_High_School_2:23:24:h1,sports,006_-_Greg_Bielecki__La_Salle_College_High_School_2,23,1,24,Assert / Elaborate,raw_history_same_episode_random_turn_assumptions_b256,raw_history_same_episode_random_turn_assumptions,256,293.0,whitespace_v1,3,3,33,12,4,55,True,"[""full"", ""assumption_eligible"", ""sparse_explicit"", ""complete_case""]",0.6666666666666666,0.3333333333333333,25,48,48,24,True,,True,True,True,True,False,True
sports:006_-_Greg_Bielecki__La_Salle_College_High_School_2:23:24:h1,sports,006_-_Greg_Bielecki__La_Salle_College_High_School_2,23,1,24,Assert / Elaborate,raw_history_explicit_b256,raw_history_explicit,256,293.0,whitespace_v1,3,3,33,12,4,55,True,"[""full"", ""assumption_eligible"", ""sparse_explicit"", ""complete_case""]",0.625,0.25,25,48,48,24,True,,True,True,True,True,False,True
sports:006_-_Greg_Bielecki__La_Salle_College_High_School_2:24:25:h1,sports,006_-_Greg_Bielecki__La_Salle_College_High_School_2,24,1,25,Agree / Align,raw_history_b256,raw_history,256,256.0,whitespace_v1,10,3,33,12,10,245,True,"[""full"", ""assumption_eligible"", ""dense_explicit"", ""complete_case""]",0.5,0.0,25,48,48,24,True,,True,True,True,False,True,True
sports:006_-_Greg_Bielecki__La_Salle_College_High_School_2:24:25:h1,sports,006_-_Greg_Bielecki__La_Salle_College_High_School_2,24,1,25,Agree / Align,raw_history_true_assumptions_b256,raw_history_true_assumptions,256,298.0,whitespace_v1,10,3,33,12,10,245,True,"[""full"", ""assumption_eligible"", ""dense_explicit"", ""complete_case""]",0.5,0.0,25,48,48,24,True,,True,True,True,False,True,True
sports:006_-_Greg_Bielecki__La_Salle_College_High_School_2:24:25:h1,sports,006_-_Greg_Bielecki__La_Salle_College_High_School_2,24,1,25,Agree / Align,raw_history_different_episode_assumptions_b256,raw_history_different_episode_assumptions,256,298.0,whitespace_v1,10,3,33,12,10,245,True,"[""full"", ""assumption_eligible"", ""dense_explicit"", ""complete_case""]",0.5208333333333334,0.041666666666666664,25,48,48,24,True,,True,True,True,False,True,True
sports:006_-_Greg_Bielecki__La_Salle_College_High_School_2:24:25:h1,sports,006_-_Greg_Bielecki__La_Salle_College_High_School_2,24,1,25,Agree / Align,raw_history_same_episode_random_turn_assumptions_b256,raw_history_same_episode_random_turn_assumptions,256,298.0,whitespace_v1,10,3,33,12,10,245,True,"[""full"", ""assumption_eligible"", ""dense_explicit"", ""complete_case""]",0.5,0.0,25,48,48,24,True,,True,True,True,False,True,True
sports:006_-_Greg_Bielecki__La_Salle_College_High_School_2:24:25:h1,sports,006_-_Greg_Bielecki__La_Salle_College_High_School_2,24,1,25,Agree / Align,raw_history_explicit_b256,raw_history_explicit,256,298.0,whitespace_v1,10,3,33,12,10,245,True,"[""full"", ""assumption_eligible"", ""dense_explicit"", ""complete_case""]",0.5,0.0,25,48,48,24,True,,True,True,True,False,True,True
sports:034__Looking_Ahead:0:1:h1,sports,034__Looking_Ahead,0,1,1,Assert / Elaborate,raw_history_b256,raw_history,256,58.0,whitespace_v1,10,3,10,3,10,56,True,"[""full"", ""assumption_eligible"", ""dense_explicit""]",0.5,0.0,25,48,48,24,True,,True,True,True,False,True,False
sports:034__Looking_Ahead:0:1:h1,sports,034__Looking_Ahead,0,1,1,Assert / Elaborate,raw_history_true_assumptions_b256,raw_history_true_assumptions,256,88.0,whitespace_v1,10,3,10,3,10,56,True,"[""full"", ""assumption_eligible"", ""dense_explicit""]",0.5208333333333334,0.041666666666666664,25,48,48,24,True,,True,True,True,False,True,False
sports:034__Looking_Ahead:0:1:h1,sports,034__Looking_Ahead,0,1,1,Assert / Elaborate,raw_history_different_episode_assumptions_b256,raw_history_different_episode_assumptions,256,88.0,whitespace_v1,10,3,10,3,10,56,True,"[""full"", ""assumption_eligible"", ""dense_explicit""]",0.5,0.0,25,48,48,24,True,,True,True,True,False,True,False
sports:034__Looking_Ahead:0:1:h1,sports,034__Looking_Ahead,0,1,1,Assert / Elaborate,raw_history_same_episode_random_turn_assumptions_b256,raw_history_same_episode_random_turn_assumptions,256,,whitespace_v1,10,3,10,3,10,56,True,[],,,25,48,0,0,False,no_length_matched_same_episode_random_turn_donor,True,False,False,False,False,False
sports:034__Looking_Ahead:0:1:h1,sports,034__Looking_Ahead,0,1,1,Assert / Elaborate,raw_history_explicit_b256,raw_history_explicit,256,88.0,whitespace_v1,10,3,10,3,10,56,True,"[""full"", ""assumption_eligible"", ""dense_explicit""]",0.5,0.0,25,48,48,24,True,,True,True,True,False,True,False
sports:034__Looking_Ahead:0:3:h3,sports,034__Looking_Ahead,0,3,3,Assert / Elaborate,raw_history_b256,raw_history,256,58.0,whitespace_v1,10,3,10,3,10,56,True,"[""full"", ""assumption_eligible"", ""dense_explicit""]",0.5,0.0,25,48,48,24,True,,True,True,True,False,True,False
sports:034__Looking_Ahead:0:3:h3,sports,034__Looking_Ahead,0,3,3,Assert / Elaborate,raw_history_true_assumptions_b256,raw_history_true_assumptions,256,88.0,whitespace_v1,10,3,10,3,10,56,True,"[""full"", ""assumption_eligible"", ""dense_explicit""]",0.5,0.0,25,48,48,24,True,,True,True,True,False,True,False
sports:034__Looking_Ahead:0:3:h3,sports,034__Looking_Ahead,0,3,3,Assert / Elaborate,raw_history_different_episode_assumptions_b256,raw_history_different_episode_assumptions,256,88.0,whitespace_v1,10,3,10,3,10,56,True,"[""full"", ""assumption_eligible"", ""dense_explicit""]",0.5,0.0,25,48,48,24,True,,True,True,True,False,True,False
sports:034__Looking_Ahead:0:3:h3,sports,034__Looking_Ahead,0,3,3,Assert / Elaborate,raw_history_same_episode_random_turn_assumptions_b256,raw_history_same_episode_random_turn_assumptions,256,,whitespace_v1,10,3,10,3,10,56,True,[],,,25,48,0,0,False,no_length_matched_same_episode_random_turn_donor,True,False,False,False,False,False
sports:034__Looking_Ahead:0:3:h3,sports,034__Looking_Ahead,0,3,3,Assert / Elaborate,raw_history_explicit_b256,raw_history_explicit,256,88.0,whitespace_v1,10,3,10,3,10,56,True,"[""full"", ""assumption_eligible"", ""dense_explicit""]",0.5,0.0,25,48,48,24,True,,True,True,True,False,True,False
sports:034__Looking_Ahead:0:5:h5,sports,034__Looking_Ahead,0,5,5,Assert / Elaborate,raw_history_b256,raw_history,256,58.0,whitespace_v1,10,3,10,3,10,56,True,"[""full"", ""assumption_eligible"", ""dense_explicit""]",0.5,0.0,25,48,48,24,True,,True,True,True,False,True,False
sports:034__Looking_Ahead:0:5:h5,sports,034__Looking_Ahead,0,5,5,Assert / Elaborate,raw_history_true_assumptions_b256,raw_history_true_assumptions,256,88.0,whitespace_v1,10,3,10,3,10,56,True,"[""full"", ""assumption_eligible"", ""dense_explicit""]",0.5,0.0,25,48,48,24,True,,True,True,True,False,True,False
sports:034__Looking_Ahead:0:5:h5,sports,034__Looking_Ahead,0,5,5,Assert / Elaborate,raw_history_different_episode_assumptions_b256,raw_history_different_episode_assumptions,256,88.0,whitespace_v1,10,3,10,3,10,56,True,"[""full"", ""assumption_eligible"", ""dense_explicit""]",0.5,0.0,25,48,48,24,True,,True,True,True,False,True,False
sports:034__Looking_Ahead:0:5:h5,sports,034__Looking_Ahead,0,5,5,Assert / Elaborate,raw_history_same_episode_random_turn_assumptions_b256,raw_history_same_episode_random_turn_assumptions,256,,whitespace_v1,10,3,10,3,10,56,True,[],,,25,48,0,0,False,no_length_matched_same_episode_random_turn_donor,True,False,False,False,False,False
sports:034__Looking_Ahead:0:5:h5,sports,034__Looking_Ahead,0,5,5,Assert / Elaborate,raw_history_explicit_b256,raw_history_explicit,256,88.0,whitespace_v1,10,3,10,3,10,56,True,"[""full"", ""assumption_eligible"", ""dense_explicit""]",0.5,0.0,25,48,48,24,True,,True,True,True,False,True,False
sports:034__Looking_Ahead:1:2:h1,sports,034__Looking_Ahead,1,1,2,Assert / Elaborate,raw_history_b256,raw_history,256,202.0,whitespace_v1,5,3,15,6,5,152,True,"[""full"", ""assumption_eligible"", ""dense_explicit""]",0.6666666666666666,0.3333333333333333,25,48,48,24,True,,True,True,True,False,True,False
sports:034__Looking_Ahead:1:2:h1,sports,034__Looking_Ahead,1,1,2,Assert / Elaborate,raw_history_true_assumptions_b256,raw_history_true_assumptions,256,247.0,whitespace_v1,5,3,15,6,5,152,True,"[""full"", ""assumption_eligible"", ""dense_explicit""]",0.625,0.25,25,48,48,24,True,,True,True,True,False,True,False
sports:034__Looking_Ahead:1:2:h1,sports,034__Looking_Ahead,1,1,2,Assert / Elaborate,raw_history_different_episode_assumptions_b256,raw_history_different_episode_assumptions,256,247.0,whitespace_v1,5,3,15,6,5,152,True,"[""full"", ""assumption_eligible"", ""dense_explicit""]",0.5833333333333334,0.16666666666666666,25,48,48,24,True,,True,True,True,False,True,False
sports:034__Looking_Ahead:1:2:h1,sports,034__Looking_Ahead,1,1,2,Assert / Elaborate,raw_history_same_episode_random_turn_assumptions_b256,raw_history_same_episode_random_turn_assumptions,256,,whitespace_v1,5,3,15,6,5,152,True,[],,,25,48,0,0,False,no_length_matched_same_episode_random_turn_donor,True,False,False,False,False,False
sports:034__Looking_Ahead:1:2:h1,sports,034__Looking_Ahead,1,1,2,Assert / Elaborate,raw_history_explicit_b256,raw_history_explicit,256,247.0,whitespace_v1,5,3,15,6,5,152,True,"[""full"", ""assumption_eligible"", ""dense_explicit""]",0.6875,0.375,25,48,48,24,True,,True,True,True,False,True,False
sports:034__Looking_Ahead:1:4:h3,sports,034__Looking_Ahead,1,3,4,Assert / Elaborate,raw_history_b256,raw_history,256,202.0,whitespace_v1,5,3,15,6,5,152,True,"[""full"", ""assumption_eligible"", ""dense_explicit""]",0.5625,0.125,25,48,48,24,True,,True,True,True,False,True,False
sports:034__Looking_Ahead:1:4:h3,sports,034__Looking_Ahead,1,3,4,Assert / Elaborate,raw_history_true_assumptions_b256,raw_history_true_assumptions,256,247.0,whitespace_v1,5,3,15,6,5,152,True,"[""full"", ""assumption_eligible"", ""dense_explicit""]",0.5,0.0,25,48,48,24,True,,True,True,True,False,True,False
sports:034__Looking_Ahead:1:4:h3,sports,034__Looking_Ahead,1,3,4,Assert / Elaborate,raw_history_different_episode_assumptions_b256,raw_history_different_episode_assumptions,256,247.0,whitespace_v1,5,3,15,6,5,152,True,"[""full"", ""assumption_eligible"", ""dense_explicit""]",0.5,0.0,25,48,48,24,True,,True,True,True,False,True,False
sports:034__Looking_Ahead:1:4:h3,sports,034__Looking_Ahead,1,3,4,Assert / Elaborate,raw_history_same_episode_random_turn_assumptions_b256,raw_history_same_episode_random_turn_assumptions,256,,whitespace_v1,5,3,15,6,5,152,True,[],,,25,48,0,0,False,no_length_matched_same_episode_random_turn_donor,True,False,False,False,False,False
sports:034__Looking_Ahead:1:4:h3,sports,034__Looking_Ahead,1,3,4,Assert / Elaborate,raw_history_explicit_b256,raw_history_explicit,256,247.0,whitespace_v1,5,3,15,6,5,152,True,"[""full"", ""assumption_eligible"", ""dense_explicit""]",0.5208333333333334,0.041666666666666664,25,48,48,24,True,,True,True,True,False,True,False
sports:034__Looking_Ahead:1:6:h5,sports,034__Looking_Ahead,1,5,6,Assert / Elaborate,raw_history_b256,raw_history,256,202.0,whitespace_v1,5,3,15,6,5,152,True,"[""full"", ""assumption_eligible"", ""dense_explicit""]",0.5625,0.125,25,48,48,24,True,,True,True,True,False,True,False
sports:034__Looking_Ahead:1:6:h5,sports,034__Looking_Ahead,1,5,6,Assert / Elaborate,raw_history_true_assumptions_b256,raw_history_true_assumptions,256,247.0,whitespace_v1,5,3,15,6,5,152,True,"[""full"", ""assumption_eligible"", ""dense_explicit""]",0.5625,0.125,25,48,48,24,True,,True,True,True,False,True,False
sports:034__Looking_Ahead:1:6:h5,sports,034__Looking_Ahead,1,5,6,Assert / Elaborate,raw_history_different_episode_assumptions_b256,raw_history_different_episode_assumptions,256,247.0,whitespace_v1,5,3,15,6,5,152,True,"[""full"", ""assumption_eligible"", ""dense_explicit""]",0.5,0.0,25,48,48,24,True,,True,True,True,False,True,False
sports:034__Looking_Ahead:1:6:h5,sports,034__Looking_Ahead,1,5,6,Assert / Elaborate,raw_history_same_episode_random_turn_assumptions_b256,raw_history_same_episode_random_turn_assumptions,256,,whitespace_v1,5,3,15,6,5,152,True,[],,,25,48,0,0,False,no_length_matched_same_episode_random_turn_donor,True,False,False,False,False,False
sports:034__Looking_Ahead:1:6:h5,sports,034__Looking_Ahead,1,5,6,Assert / Elaborate,raw_history_explicit_b256,raw_history_explicit,256,247.0,whitespace_v1,5,3,15,6,5,152,True,"[""full"", ""assumption_eligible"", ""dense_explicit""]",0.5416666666666666,0.08333333333333333,25,48,48,24,True,,True,True,True,False,True,False
sports:034__Looking_Ahead:2:3:h1,sports,034__Looking_Ahead,2,1,3,Assert / Elaborate,raw_history_b256,raw_history,256,256.0,whitespace_v1,8,3,23,9,7,158,True,"[""full"", ""assumption_eligible"", ""dense_explicit""]",0.6458333333333334,0.2916666666666667,25,48,48,24,True,,True,True,True,False,True,False
sports:034__Looking_Ahead:2:3:h1,sports,034__Looking_Ahead,2,1,3,Assert / Elaborate,raw_history_true_assumptions_b256,raw_history_true_assumptions,256,290.0,whitespace_v1,8,3,23,9,7,158,True,"[""full"", ""assumption_eligible"", ""dense_explicit""]",0.625,0.25,25,48,48,24,True,,True,True,True,False,True,False
sports:034__Looking_Ahead:2:3:h1,sports,034__Looking_Ahead,2,1,3,Assert / Elaborate,raw_history_different_episode_assumptions_b256,raw_history_different_episode_assumptions,256,290.0,whitespace_v1,8,3,23,9,7,158,True,"[""full"", ""assumption_eligible"", ""dense_explicit""]",0.625,0.25,25,48,48,24,True,,True,True,True,False,True,False
sports:034__Looking_Ahead:2:3:h1,sports,034__Looking_Ahead,2,1,3,Assert / Elaborate,raw_history_same_episode_random_turn_assumptions_b256,raw_history_same_episode_random_turn_assumptions,256,,whitespace_v1,8,3,23,9,7,158,True,[],,,25,48,0,0,False,no_length_matched_same_episode_random_turn_donor,True,False,False,False,False,False
sports:034__Looking_Ahead:2:3:h1,sports,034__Looking_Ahead,2,1,3,Assert / Elaborate,raw_history_explicit_b256,raw_history_explicit,256,290.0,whitespace_v1,8,3,23,9,7,158,True,"[""full"", ""assumption_eligible"", ""dense_explicit""]",0.5833333333333334,0.16666666666666666,25,48,48,24,True,,True,True,True,False,True,False
sports:034__Looking_Ahead:2:5:h3,sports,034__Looking_Ahead,2,3,5,Assert / Elaborate,raw_history_b256,raw_history,256,256.0,whitespace_v1,8,3,23,9,7,158,True,"[""full"", ""assumption_eligible"", ""dense_explicit""]",0.5416666666666666,0.08333333333333333,25,48,48,24,True,,True,True,True,False,True,False
sports:034__Looking_Ahead:2:5:h3,sports,034__Looking_Ahead,2,3,5,Assert / Elaborate,raw_history_true_assumptions_b256,raw_history_true_assumptions,256,290.0,whitespace_v1,8,3,23,9,7,158,True,"[""full"", ""assumption_eligible"", ""dense_explicit""]",0.5416666666666666,0.08333333333333333,25,48,48,24,True,,True,True,True,False,True,False
sports:034__Looking_Ahead:2:5:h3,sports,034__Looking_Ahead,2,3,5,Assert / Elaborate,raw_history_different_episode_assumptions_b256,raw_history_different_episode_assumptions,256,290.0,whitespace_v1,8,3,23,9,7,158,True,"[""full"", ""assumption_eligible"", ""dense_explicit""]",0.5208333333333334,0.041666666666666664,25,48,48,24,True,,True,True,True,False,True,False
sports:034__Looking_Ahead:2:5:h3,sports,034__Looking_Ahead,2,3,5,Assert / Elaborate,raw_history_same_episode_random_turn_assumptions_b256,raw_history_same_episode_random_turn_assumptions,256,,whitespace_v1,8,3,23,9,7,158,True,[],,,25,48,0,0,False,no_length_matched_same_episode_random_turn_donor,True,False,False,False,False,False
sports:034__Looking_Ahead:2:5:h3,sports,034__Looking_Ahead,2,3,5,Assert / Elaborate,raw_history_explicit_b256,raw_history_explicit,256,290.0,whitespace_v1,8,3,23,9,7,158,True,"[""full"", ""assumption_eligible"", ""dense_explicit""]",0.5833333333333334,0.16666666666666666,25,48,48,24,True,,True,True,True,False,True,False
sports:034__Looking_Ahead:2:7:h5,sports,034__Looking_Ahead,2,5,7,Assert / Elaborate,raw_history_b256,raw_history,256,256.0,whitespace_v1,8,3,23,9,7,158,True,"[""full"", ""assumption_eligible"", ""dense_explicit""]",0.5208333333333334,0.041666666666666664,25,48,48,24,True,,True,True,True,False,True,False
sports:034__Looking_Ahead:2:7:h5,sports,034__Looking_Ahead,2,5,7,Assert / Elaborate,raw_history_true_assumptions_b256,raw_history_true_assumptions,256,290.0,whitespace_v1,8,3,23,9,7,158,True,"[""full"", ""assumption_eligible"", ""dense_explicit""]",0.5625,0.125,25,48,48,24,True,,True,True,True,False,True,False
sports:034__Looking_Ahead:2:7:h5,sports,034__Looking_Ahead,2,5,7,Assert / Elaborate,raw_history_different_episode_assumptions_b256,raw_history_different_episode_assumptions,256,290.0,whitespace_v1,8,3,23,9,7,158,True,"[""full"", ""assumption_eligible"", ""dense_explicit""]",0.5208333333333334,0.041666666666666664,25,48,48,24,True,,True,True,True,False,True,False
sports:034__Looking_Ahead:2:7:h5,sports,034__Looking_Ahead,2,5,7,Assert / Elaborate,raw_history_same_episode_random_turn_assumptions_b256,raw_history_same_episode_random_turn_assumptions,256,,whitespace_v1,8,3,23,9,7,158,True,[],,,25,48,0,0,False,no_length_matched_same_episode_random_turn_donor,True,False,False,False,False,False
sports:034__Looking_Ahead:2:7:h5,sports,034__Looking_Ahead,2,5,7,Assert / Elaborate,raw_history_explicit_b256,raw_history_explicit,256,290.0,whitespace_v1,8,3,23,9,7,158,True,"[""full"", ""assumption_eligible"", ""dense_explicit""]",0.5416666666666666,0.08333333333333333,25,48,48,24,True,,True,True,True,False,True,False
sports:034__Looking_Ahead:3:4:h1,sports,034__Looking_Ahead,3,1,4,Assert / Elaborate,raw_history_b256,raw_history,256,256.0,whitespace_v1,9,3,32,12,10,476,True,"[""full"", ""assumption_eligible"", ""dense_explicit""]",0.6458333333333334,0.2916666666666667,25,48,48,24,True,,True,True,True,False,True,False
sports:034__Looking_Ahead:3:4:h1,sports,034__Looking_Ahead,3,1,4,Assert / Elaborate,raw_history_true_assumptions_b256,raw_history_true_assumptions,256,301.0,whitespace_v1,9,3,32,12,10,476,True,"[""full"", ""assumption_eligible"", ""dense_explicit""]",0.6458333333333334,0.2916666666666667,25,48,48,24,True,,True,True,True,False,True,False
sports:034__Looking_Ahead:3:4:h1,sports,034__Looking_Ahead,3,1,4,Assert / Elaborate,raw_history_different_episode_assumptions_b256,raw_history_different_episode_assumptions,256,301.0,whitespace_v1,9,3,32,12,10,476,True,"[""full"", ""assumption_eligible"", ""dense_explicit""]",0.5833333333333334,0.16666666666666666,25,48,48,24,True,,True,True,True,False,True,False
sports:034__Looking_Ahead:3:4:h1,sports,034__Looking_Ahead,3,1,4,Assert / Elaborate,raw_history_same_episode_random_turn_assumptions_b256,raw_history_same_episode_random_turn_assumptions,256,,whitespace_v1,9,3,32,12,10,476,True,[],,,25,48,0,0,False,no_length_matched_same_episode_random_turn_donor,True,False,False,False,False,False
sports:034__Looking_Ahead:3:4:h1,sports,034__Looking_Ahead,3,1,4,Assert / Elaborate,raw_history_explicit_b256,raw_history_explicit,256,301.0,whitespace_v1,9,3,32,12,10,476,True,"[""full"", ""assumption_eligible"", ""dense_explicit""]",0.625,0.25,25,48,48,24,True,,True,True,True,False,True,False
sports:034__Looking_Ahead:3:6:h3,sports,034__Looking_Ahead,3,3,6,Assert / Elaborate,raw_history_b256,raw_history,256,256.0,whitespace_v1,9,3,32,12,10,476,True,"[""full"", ""assumption_eligible"", ""dense_explicit""]",0.625,0.25,25,48,48,24,True,,True,True,True,False,True,False
sports:034__Looking_Ahead:3:6:h3,sports,034__Looking_Ahead,3,3,6,Assert / Elaborate,raw_history_true_assumptions_b256,raw_history_true_assumptions,256,301.0,whitespace_v1,9,3,32,12,10,476,True,"[""full"", ""assumption_eligible"", ""dense_explicit""]",0.5625,0.125,25,48,48,24,True,,True,True,True,False,True,False
sports:034__Looking_Ahead:3:6:h3,sports,034__Looking_Ahead,3,3,6,Assert / Elaborate,raw_history_different_episode_assumptions_b256,raw_history_different_episode_assumptions,256,301.0,whitespace_v1,9,3,32,12,10,476,True,"[""full"", ""assumption_eligible"", ""dense_explicit""]",0.5,0.0,25,48,48,24,True,,True,True,True,False,True,False
sports:034__Looking_Ahead:3:6:h3,sports,034__Looking_Ahead,3,3,6,Assert / Elaborate,raw_history_same_episode_random_turn_assumptions_b256,raw_history_same_episode_random_turn_assumptions,256,,whitespace_v1,9,3,32,12,10,476,True,[],,,25,48,0,0,False,no_length_matched_same_episode_random_turn_donor,True,False,False,False,False,False
sports:034__Looking_Ahead:3:6:h3,sports,034__Looking_Ahead,3,3,6,Assert / Elaborate,raw_history_explicit_b256,raw_history_explicit,256,301.0,whitespace_v1,9,3,32,12,10,476,True,"[""full"", ""assumption_eligible"", ""dense_explicit""]",0.5,0.0,25,48,48,24,True,,True,True,True,False,True,False
sports:034__Looking_Ahead:3:8:h5,sports,034__Looking_Ahead,3,5,8,Assert / Elaborate,raw_history_b256,raw_history,256,256.0,whitespace_v1,9,3,32,12,10,476,True,"[""full"", ""assumption_eligible"", ""dense_explicit""]",0.5833333333333334,0.16666666666666666,25,48,48,24,True,,True,True,True,False,True,False
sports:034__Looking_Ahead:3:8:h5,sports,034__Looking_Ahead,3,5,8,Assert / Elaborate,raw_history_true_assumptions_b256,raw_history_true_assumptions,256,301.0,whitespace_v1,9,3,32,12,10,476,True,"[""full"", ""assumption_eligible"", ""dense_explicit""]",0.5833333333333334,0.16666666666666666,25,48,48,24,True,,True,True,True,False,True,False
sports:034__Looking_Ahead:3:8:h5,sports,034__Looking_Ahead,3,5,8,Assert / Elaborate,raw_history_different_episode_assumptions_b256,raw_history_different_episode_assumptions,256,301.0,whitespace_v1,9,3,32,12,10,476,True,"[""full"", ""assumption_eligible"", ""dense_explicit""]",0.5625,0.125,25,48,48,24,True,,True,True,True,False,True,False
sports:034__Looking_Ahead:3:8:h5,sports,034__Looking_Ahead,3,5,8,Assert / Elaborate,raw_history_same_episode_random_turn_assumptions_b256,raw_history_same_episode_random_turn_assumptions,256,,whitespace_v1,9,3,32,12,10,476,True,[],,,25,48,0,0,False,no_length_matched_same_episode_random_turn_donor,True,False,False,False,False,False
sports:034__Looking_Ahead:3:8:h5,sports,034__Looking_Ahead,3,5,8,Assert / Elaborate,raw_history_explicit_b256,raw_history_explicit,256,301.0,whitespace_v1,9,3,32,12,10,476,True,"[""full"", ""assumption_eligible"", ""dense_explicit""]",0.6041666666666666,0.20833333333333334,25,48,48,24,True,,True,True,True,False,True,False
sports:034__Looking_Ahead:4:5:h1,sports,034__Looking_Ahead,4,1,5,Assert / Elaborate,raw_history_b256,raw_history,256,256.0,whitespace_v1,10,3,32,12,10,350,True,"[""full"", ""assumption_eligible"", ""dense_explicit"", ""complete_case""]",0.5625,0.125,25,48,48,24,True,,True,True,True,False,True,True
sports:034__Looking_Ahead:4:5:h1,sports,034__Looking_Ahead,4,1,5,Assert / Elaborate,raw_history_true_assumptions_b256,raw_history_true_assumptions,256,289.0,whitespace_v1,10,3,32,12,10,350,True,"[""full"", ""assumption_eligible"", ""dense_explicit"", ""complete_case""]",0.5625,0.125,25,48,48,24,True,,True,True,True,False,True,True
sports:034__Looking_Ahead:4:5:h1,sports,034__Looking_Ahead,4,1,5,Assert / Elaborate,raw_history_different_episode_assumptions_b256,raw_history_different_episode_assumptions,256,289.0,whitespace_v1,10,3,32,12,10,350,True,"[""full"", ""assumption_eligible"", ""dense_explicit"", ""complete_case""]",0.5416666666666666,0.08333333333333333,25,48,48,24,True,,True,True,True,False,True,True
sports:034__Looking_Ahead:4:5:h1,sports,034__Looking_Ahead,4,1,5,Assert / Elaborate,raw_history_same_episode_random_turn_assumptions_b256,raw_history_same_episode_random_turn_assumptions,256,289.0,whitespace_v1,10,3,32,12,10,350,True,"[""full"", ""assumption_eligible"", ""dense_explicit"", ""complete_case""]",0.5625,0.125,25,48,48,24,True,,True,True,True,False,True,True
sports:034__Looking_Ahead:4:5:h1,sports,034__Looking_Ahead,4,1,5,Assert / Elaborate,raw_history_explicit_b256,raw_history_explicit,256,289.0,whitespace_v1,10,3,32,12,10,350,True,"[""full"", ""assumption_eligible"", ""dense_explicit"", ""complete_case""]",0.6041666666666666,0.20833333333333334,25,48,48,24,True,,True,True,True,False,True,True
sports:034__Looking_Ahead:4:7:h3,sports,034__Looking_Ahead,4,3,7,Assert / Elaborate,raw_history_b256,raw_history,256,256.0,whitespace_v1,10,3,32,12,10,350,True,"[""full"", ""assumption_eligible"", ""dense_explicit"", ""complete_case""]",0.5833333333333334,0.16666666666666666,25,48,48,24,True,,True,True,True,False,True,True
sports:034__Looking_Ahead:4:7:h3,sports,034__Looking_Ahead,4,3,7,Assert / Elaborate,raw_history_true_assumptions_b256,raw_history_true_assumptions,256,289.0,whitespace_v1,10,3,32,12,10,350,True,"[""full"", ""assumption_eligible"", ""dense_explicit"", ""complete_case""]",0.5625,0.125,25,48,48,24,True,,True,True,True,False,True,True
sports:034__Looking_Ahead:4:7:h3,sports,034__Looking_Ahead,4,3,7,Assert / Elaborate,raw_history_different_episode_assumptions_b256,raw_history_different_episode_assumptions,256,289.0,whitespace_v1,10,3,32,12,10,350,True,"[""full"", ""assumption_eligible"", ""dense_explicit"", ""complete_case""]",0.5416666666666666,0.08333333333333333,25,48,48,24,True,,True,True,True,False,True,True
sports:034__Looking_Ahead:4:7:h3,sports,034__Looking_Ahead,4,3,7,Assert / Elaborate,raw_history_same_episode_random_turn_assumptions_b256,raw_history_same_episode_random_turn_assumptions,256,289.0,whitespace_v1,10,3,32,12,10,350,True,"[""full"", ""assumption_eligible"", ""dense_explicit"", ""complete_case""]",0.5,0.0,25,48,48,24,True,,True,True,True,False,True,True
sports:034__Looking_Ahead:4:7:h3,sports,034__Looking_Ahead,4,3,7,Assert / Elaborate,raw_history_explicit_b256,raw_history_explicit,256,289.0,whitespace_v1,10,3,32,12,10,350,True,"[""full"", ""assumption_eligible"", ""dense_explicit"", ""complete_case""]",0.5416666666666666,0.08333333333333333,25,48,48,24,True,,True,True,True,False,True,True
sports:034__Looking_Ahead:4:9:h5,sports,034__Looking_Ahead,4,5,9,Assert / Elaborate,raw_history_b256,raw_history,256,256.0,whitespace_v1,10,3,32,12,10,350,True,"[""full"", ""assumption_eligible"", ""dense_explicit"", ""complete_case""]",0.5416666666666666,0.08333333333333333,25,48,48,24,True,,True,True,True,False,True,True
sports:034__Looking_Ahead:4:9:h5,sports,034__Looking_Ahead,4,5,9,Assert / Elaborate,raw_history_true_assumptions_b256,raw_history_true_assumptions,256,289.0,whitespace_v1,10,3,32,12,10,350,True,"[""full"", ""assumption_eligible"", ""dense_explicit"", ""complete_case""]",0.5208333333333334,0.041666666666666664,25,48,48,24,True,,True,True,True,False,True,True
sports:034__Looking_Ahead:4:9:h5,sports,034__Looking_Ahead,4,5,9,Assert / Elaborate,raw_history_different_episode_assumptions_b256,raw_history_different_episode_assumptions,256,289.0,whitespace_v1,10,3,32,12,10,350,True,"[""full"", ""assumption_eligible"", ""dense_explicit"", ""complete_case""]",0.5208333333333334,0.041666666666666664,25,48,48,24,True,,True,True,True,False,True,True
sports:034__Looking_Ahead:4:9:h5,sports,034__Looking_Ahead,4,5,9,Assert / Elaborate,raw_history_same_episode_random_turn_assumptions_b256,raw_history_same_episode_random_turn_assumptions,256,289.0,whitespace_v1,10,3,32,12,10,350,True,"[""full"", ""assumption_eligible"", ""dense_explicit"", ""complete_case""]",0.5,0.0,25,48,48,24,True,,True,True,True,False,True,True
sports:034__Looking_Ahead:4:9:h5,sports,034__Looking_Ahead,4,5,9,Assert / Elaborate,raw_history_explicit_b256,raw_history_explicit,256,289.0,whitespace_v1,10,3,32,12,10,350,True,"[""full"", ""assumption_eligible"", ""dense_explicit"", ""complete_case""]",0.5,0.0,25,48,48,24,True,,True,True,True,False,True,True
sports:034__Looking_Ahead:5:6:h1,sports,034__Looking_Ahead,5,1,6,Assert / Elaborate,raw_history_b256,raw_history,256,256.0,whitespace_v1,10,3,37,12,10,611,True,"[""full"", ""assumption_eligible"", ""dense_explicit"", ""complete_case""]",0.6666666666666666,0.3333333333333333,25,48,48,24,True,,True,True,True,False,True,True
sports:034__Looking_Ahead:5:6:h1,sports,034__Looking_Ahead,5,1,6,Assert / Elaborate,raw_history_true_assumptions_b256,raw_history_true_assumptions,256,290.0,whitespace_v1,10,3,37,12,10,611,True,"[""full"", ""assumption_eligible"", ""dense_explicit"", ""complete_case""]",0.6041666666666666,0.20833333333333334,25,48,48,24,True,,True,True,True,False,True,True
sports:034__Looking_Ahead:5:6:h1,sports,034__Looking_Ahead,5,1,6,Assert / Elaborate,raw_history_different_episode_assumptions_b256,raw_history_different_episode_assumptions,256,290.0,whitespace_v1,10,3,37,12,10,611,True,"[""full"", ""assumption_eligible"", ""dense_explicit"", ""complete_case""]",0.5625,0.125,25,48,48,24,True,,True,True,True,False,True,True
sports:034__Looking_Ahead:5:6:h1,sports,034__Looking_Ahead,5,1,6,Assert / Elaborate,raw_history_same_episode_random_turn_assumptions_b256,raw_history_same_episode_random_turn_assumptions,256,290.0,whitespace_v1,10,3,37,12,10,611,True,"[""full"", ""assumption_eligible"", ""dense_explicit"", ""complete_case""]",0.5416666666666666,0.08333333333333333,25,48,48,24,True,,True,True,True,False,True,True
sports:034__Looking_Ahead:5:6:h1,sports,034__Looking_Ahead,5,1,6,Assert / Elaborate,raw_history_explicit_b256,raw_history_explicit,256,290.0,whitespace_v1,10,3,37,12,10,611,True,"[""full"", ""assumption_eligible"", ""dense_explicit"", ""complete_case""]",0.6875,0.375,25,48,48,24,True,,True,True,True,False,True,True
sports:034__Looking_Ahead:5:8:h3,sports,034__Looking_Ahead,5,3,8,Assert / Elaborate,raw_history_b256,raw_history,256,256.0,whitespace_v1,10,3,37,12,10,611,True,"[""full"", ""assumption_eligible"", ""dense_explicit"", ""complete_case""]",0.5625,0.125,25,48,48,24,True,,True,True,True,False,True,True
sports:034__Looking_Ahead:5:8:h3,sports,034__Looking_Ahead,5,3,8,Assert / Elaborate,raw_history_true_assumptions_b256,raw_history_true_assumptions,256,290.0,whitespace_v1,10,3,37,12,10,611,True,"[""full"", ""assumption_eligible"", ""dense_explicit"", ""complete_case""]",0.5833333333333334,0.16666666666666666,25,48,48,24,True,,True,True,True,False,True,True
sports:034__Looking_Ahead:5:8:h3,sports,034__Looking_Ahead,5,3,8,Assert / Elaborate,raw_history_different_episode_assumptions_b256,raw_history_different_episode_assumptions,256,290.0,whitespace_v1,10,3,37,12,10,611,True,"[""full"", ""assumption_eligible"", ""dense_explicit"", ""complete_case""]",0.5208333333333334,0.041666666666666664,25,48,48,24,True,,True,True,True,False,True,True
sports:034__Looking_Ahead:5:8:h3,sports,034__Looking_Ahead,5,3,8,Assert / Elaborate,raw_history_same_episode_random_turn_assumptions_b256,raw_history_same_episode_random_turn_assumptions,256,290.0,whitespace_v1,10,3,37,12,10,611,True,"[""full"", ""assumption_eligible"", ""dense_explicit"", ""complete_case""]",0.5,0.0,25,48,48,24,True,,True,True,True,False,True,True
sports:034__Looking_Ahead:5:8:h3,sports,034__Looking_Ahead,5,3,8,Assert / Elaborate,raw_history_explicit_b256,raw_history_explicit,256,290.0,whitespace_v1,10,3,37,12,10,611,True,"[""full"", ""assumption_eligible"", ""dense_explicit"", ""complete_case""]",0.5833333333333334,0.16666666666666666,25,48,48,24,True,,True,True,True,False,True,True
sports:034__Looking_Ahead:5:10:h5,sports,034__Looking_Ahead,5,5,10,Agree / Align,raw_history_b256,raw_history,256,256.0,whitespace_v1,10,3,37,12,10,611,True,"[""full"", ""assumption_eligible"", ""dense_explicit"", ""complete_case""]",0.5625,0.125,25,48,48,24,True,,True,True,True,False,True,True
sports:034__Looking_Ahead:5:10:h5,sports,034__Looking_Ahead,5,5,10,Agree / Align,raw_history_true_assumptions_b256,raw_history_true_assumptions,256,290.0,whitespace_v1,10,3,37,12,10,611,True,"[""full"", ""assumption_eligible"", ""dense_explicit"", ""complete_case""]",0.5,0.0,25,48,48,24,True,,True,True,True,False,True,True
sports:034__Looking_Ahead:5:10:h5,sports,034__Looking_Ahead,5,5,10,Agree / Align,raw_history_different_episode_assumptions_b256,raw_history_different_episode_assumptions,256,290.0,whitespace_v1,10,3,37,12,10,611,True,"[""full"", ""assumption_eligible"", ""dense_explicit"", ""complete_case""]",0.5208333333333334,0.041666666666666664,25,48,48,24,True,,True,True,True,False,True,True
sports:034__Looking_Ahead:5:10:h5,sports,034__Looking_Ahead,5,5,10,Agree / Align,raw_history_same_episode_random_turn_assumptions_b256,raw_history_same_episode_random_turn_assumptions,256,290.0,whitespace_v1,10,3,37,12,10,611,True,"[""full"", ""assumption_eligible"", ""dense_explicit"", ""complete_case""]",0.5208333333333334,0.041666666666666664,25,48,48,24,True,,True,True,True,False,True,True
sports:034__Looking_Ahead:5:10:h5,sports,034__Looking_Ahead,5,5,10,Agree / Align,raw_history_explicit_b256,raw_history_explicit,256,290.0,whitespace_v1,10,3,37,12,10,611,True,"[""full"", ""assumption_eligible"", ""dense_explicit"", ""complete_case""]",0.5416666666666666,0.08333333333333333,25,48,48,24,True,,True,True,True,False,True,True
sports:034__Looking_Ahead:6:7:h1,sports,034__Looking_Ahead,6,1,7,Assert / Elaborate,raw_history_b256,raw_history,256,256.0,whitespace_v1,10,3,39,12,10,280,True,"[""full"", ""assumption_eligible"", ""dense_explicit"", ""complete_case""]",0.5208333333333334,0.041666666666666664,25,48,48,24,True,,True,True,True,False,True,True
sports:034__Looking_Ahead:6:7:h1,sports,034__Looking_Ahead,6,1,7,Assert / Elaborate,raw_history_true_assumptions_b256,raw_history_true_assumptions,256,299.0,whitespace_v1,10,3,39,12,10,280,True,"[""full"", ""assumption_eligible"", ""dense_explicit"", ""complete_case""]",0.5208333333333334,0.041666666666666664,25,48,48,24,True,,True,True,True,False,True,True
sports:034__Looking_Ahead:6:7:h1,sports,034__Looking_Ahead,6,1,7,Assert / Elaborate,raw_history_different_episode_assumptions_b256,raw_history_different_episode_assumptions,256,299.0,whitespace_v1,10,3,39,12,10,280,True,"[""full"", ""assumption_eligible"", ""dense_explicit"", ""complete_case""]",0.5,0.0,25,48,48,24,True,,True,True,True,False,True,True
sports:034__Looking_Ahead:6:7:h1,sports,034__Looking_Ahead,6,1,7,Assert / Elaborate,raw_history_same_episode_random_turn_assumptions_b256,raw_history_same_episode_random_turn_assumptions,256,299.0,whitespace_v1,10,3,39,12,10,280,True,"[""full"", ""assumption_eligible"", ""dense_explicit"", ""complete_case""]",0.5,0.0,25,48,48,24,True,,True,True,True,False,True,True
sports:034__Looking_Ahead:6:7:h1,sports,034__Looking_Ahead,6,1,7,Assert / Elaborate,raw_history_explicit_b256,raw_history_explicit,256,299.0,whitespace_v1,10,3,39,12,10,280,True,"[""full"", ""assumption_eligible"", ""dense_explicit"", ""complete_case""]",0.5208333333333334,0.041666666666666664,25,48,48,24,True,,True,True,True,False,True,True
sports:034__Looking_Ahead:6:9:h3,sports,034__Looking_Ahead,6,3,9,Assert / Elaborate,raw_history_b256,raw_history,256,256.0,whitespace_v1,10,3,39,12,10,280,True,"[""full"", ""assumption_eligible"", ""dense_explicit"", ""complete_case""]",0.5,0.0,25,48,48,24,True,,True,True,True,False,True,True
sports:034__Looking_Ahead:6:9:h3,sports,034__Looking_Ahead,6,3,9,Assert / Elaborate,raw_history_true_assumptions_b256,raw_history_true_assumptions,256,299.0,whitespace_v1,10,3,39,12,10,280,True,"[""full"", ""assumption_eligible"", ""dense_explicit"", ""complete_case""]",0.5,0.0,25,48,48,24,True,,True,True,True,False,True,True
sports:034__Looking_Ahead:6:9:h3,sports,034__Looking_Ahead,6,3,9,Assert / Elaborate,raw_history_different_episode_assumptions_b256,raw_history_different_episode_assumptions,256,299.0,whitespace_v1,10,3,39,12,10,280,True,"[""full"", ""assumption_eligible"", ""dense_explicit"", ""complete_case""]",0.5,0.0,25,48,48,24,True,,True,True,True,False,True,True
sports:034__Looking_Ahead:6:9:h3,sports,034__Looking_Ahead,6,3,9,Assert / Elaborate,raw_history_same_episode_random_turn_assumptions_b256,raw_history_same_episode_random_turn_assumptions,256,299.0,whitespace_v1,10,3,39,12,10,280,True,"[""full"", ""assumption_eligible"", ""dense_explicit"", ""complete_case""]",0.5,0.0,25,48,48,24,True,,True,True,True,False,True,True
sports:034__Looking_Ahead:6:9:h3,sports,034__Looking_Ahead,6,3,9,Assert / Elaborate,raw_history_explicit_b256,raw_history_explicit,256,299.0,whitespace_v1,10,3,39,12,10,280,True,"[""full"", ""assumption_eligible"", ""dense_explicit"", ""complete_case""]",0.5,0.0,25,48,48,24,True,,True,True,True,False,True,True
sports:034__Looking_Ahead:6:11:h5,sports,034__Looking_Ahead,6,5,11,Assert / Elaborate,raw_history_b256,raw_history,256,256.0,whitespace_v1,10,3,39,12,10,280,True,"[""full"", ""assumption_eligible"", ""dense_explicit"", ""complete_case""]",0.5,0.0,25,48,48,24,True,,True,True,True,False,True,True
sports:034__Looking_Ahead:6:11:h5,sports,034__Looking_Ahead,6,5,11,Assert / Elaborate,raw_history_true_assumptions_b256,raw_history_true_assumptions,256,299.0,whitespace_v1,10,3,39,12,10,280,True,"[""full"", ""assumption_eligible"", ""dense_explicit"", ""complete_case""]",0.5,0.0,25,48,48,24,True,,True,True,True,False,True,True
sports:034__Looking_Ahead:6:11:h5,sports,034__Looking_Ahead,6,5,11,Assert / Elaborate,raw_history_different_episode_assumptions_b256,raw_history_different_episode_assumptions,256,299.0,whitespace_v1,10,3,39,12,10,280,True,"[""full"", ""assumption_eligible"", ""dense_explicit"", ""complete_case""]",0.5,0.0,25,48,48,24,True,,True,True,True,False,True,True
sports:034__Looking_Ahead:6:11:h5,sports,034__Looking_Ahead,6,5,11,Assert / Elaborate,raw_history_same_episode_random_turn_assumptions_b256,raw_history_same_episode_random_turn_assumptions,256,299.0,whitespace_v1,10,3,39,12,10,280,True,"[""full"", ""assumption_eligible"", ""dense_explicit"", ""complete_case""]",0.5,0.0,25,48,48,24,True,,True,True,True,False,True,True
sports:034__Looking_Ahead:6:11:h5,sports,034__Looking_Ahead,6,5,11,Assert / Elaborate,raw_history_explicit_b256,raw_history_explicit,256,299.0,whitespace_v1,10,3,39,12,10,280,True,"[""full"", ""assumption_eligible"", ""dense_explicit"", ""complete_case""]",0.5208333333333334,0.041666666666666664,25,48,48,24,True,,True,True,True,False,True,True
sports:034__Looking_Ahead:7:8:h1,sports,034__Looking_Ahead,7,1,8,Assert / Elaborate,raw_history_b256,raw_history,256,256.0,whitespace_v1,0,0,30,9,0,514,True,"[""full"", ""assumption_eligible""]",0.5833333333333334,0.16666666666666666,25,48,48,24,True,,True,True,True,False,False,False
sports:034__Looking_Ahead:7:8:h1,sports,034__Looking_Ahead,7,1,8,Assert / Elaborate,raw_history_true_assumptions_b256,raw_history_true_assumptions,256,,whitespace_v1,0,0,30,9,0,514,True,[],,,25,48,0,0,False,source_has_no_assumptions,True,False,False,False,False,False
sports:034__Looking_Ahead:7:8:h1,sports,034__Looking_Ahead,7,1,8,Assert / Elaborate,raw_history_different_episode_assumptions_b256,raw_history_different_episode_assumptions,256,,whitespace_v1,0,0,30,9,0,514,True,[],,,25,48,0,0,False,source_has_no_assumptions,True,False,False,False,False,False
sports:034__Looking_Ahead:7:8:h1,sports,034__Looking_Ahead,7,1,8,Assert / Elaborate,raw_history_same_episode_random_turn_assumptions_b256,raw_history_same_episode_random_turn_assumptions,256,,whitespace_v1,0,0,30,9,0,514,True,[],,,25,48,0,0,False,source_has_no_assumptions,True,False,False,False,False,False
sports:034__Looking_Ahead:7:8:h1,sports,034__Looking_Ahead,7,1,8,Assert / Elaborate,raw_history_explicit_b256,raw_history_explicit,256,,whitespace_v1,0,0,30,9,0,514,True,[],,,25,48,0,0,False,source_has_no_assumptions,True,False,False,False,False,False
sports:034__Looking_Ahead:7:10:h3,sports,034__Looking_Ahead,7,3,10,Agree / Align,raw_history_b256,raw_history,256,256.0,whitespace_v1,0,0,30,9,0,514,True,"[""full"", ""assumption_eligible""]",0.5416666666666666,0.08333333333333333,25,48,48,24,True,,True,True,True,False,False,False
sports:034__Looking_Ahead:7:10:h3,sports,034__Looking_Ahead,7,3,10,Agree / Align,raw_history_true_assumptions_b256,raw_history_true_assumptions,256,,whitespace_v1,0,0,30,9,0,514,True,[],,,25,48,0,0,False,source_has_no_assumptions,True,False,False,False,False,False
sports:034__Looking_Ahead:7:10:h3,sports,034__Looking_Ahead,7,3,10,Agree / Align,raw_history_different_episode_assumptions_b256,raw_history_different_episode_assumptions,256,,whitespace_v1,0,0,30,9,0,514,True,[],,,25,48,0,0,False,source_has_no_assumptions,True,False,False,False,False,False
sports:034__Looking_Ahead:7:10:h3,sports,034__Looking_Ahead,7,3,10,Agree / Align,raw_history_same_episode_random_turn_assumptions_b256,raw_history_same_episode_random_turn_assumptions,256,,whitespace_v1,0,0,30,9,0,514,True,[],,,25,48,0,0,False,source_has_no_assumptions,True,False,False,False,False,False
sports:034__Looking_Ahead:7:10:h3,sports,034__Looking_Ahead,7,3,10,Agree / Align,raw_history_explicit_b256,raw_history_explicit,256,,whitespace_v1,0,0,30,9,0,514,True,[],,,25,48,0,0,False,source_has_no_assumptions,True,False,False,False,False,False
sports:034__Looking_Ahead:7:12:h5,sports,034__Looking_Ahead,7,5,12,Assert / Elaborate,raw_history_b256,raw_history,256,256.0,whitespace_v1,0,0,30,9,0,514,True,"[""full"", ""assumption_eligible""]",0.5208333333333334,0.041666666666666664,25,48,48,24,True,,True,True,True,False,False,False
sports:034__Looking_Ahead:7:12:h5,sports,034__Looking_Ahead,7,5,12,Assert / Elaborate,raw_history_true_assumptions_b256,raw_history_true_assumptions,256,,whitespace_v1,0,0,30,9,0,514,True,[],,,25,48,0,0,False,source_has_no_assumptions,True,False,False,False,False,False
sports:034__Looking_Ahead:7:12:h5,sports,034__Looking_Ahead,7,5,12,Assert / Elaborate,raw_history_different_episode_assumptions_b256,raw_history_different_episode_assumptions,256,,whitespace_v1,0,0,30,9,0,514,True,[],,,25,48,0,0,False,source_has_no_assumptions,True,False,False,False,False,False
sports:034__Looking_Ahead:7:12:h5,sports,034__Looking_Ahead,7,5,12,Assert / Elaborate,raw_history_same_episode_random_turn_assumptions_b256,raw_history_same_episode_random_turn_assumptions,256,,whitespace_v1,0,0,30,9,0,514,True,[],,,25,48,0,0,False,source_has_no_assumptions,True,False,False,False,False,False
sports:034__Looking_Ahead:7:12:h5,sports,034__Looking_Ahead,7,5,12,Assert / Elaborate,raw_history_explicit_b256,raw_history_explicit,256,,whitespace_v1,0,0,30,9,0,514,True,[],,,25,48,0,0,False,source_has_no_assumptions,True,False,False,False,False,False
sports:034__Looking_Ahead:8:9:h1,sports,034__Looking_Ahead,8,1,9,Assert / Elaborate,raw_history_b256,raw_history,256,256.0,whitespace_v1,10,3,30,9,10,430,True,"[""full"", ""assumption_eligible"", ""dense_explicit"", ""complete_case""]",0.6041666666666666,0.20833333333333334,25,48,48,24,True,,True,True,True,False,True,True
sports:034__Looking_Ahead:8:9:h1,sports,034__Looking_Ahead,8,1,9,Assert / Elaborate,raw_history_true_assumptions_b256,raw_history_true_assumptions,256,297.0,whitespace_v1,10,3,30,9,10,430,True,"[""full"", ""assumption_eligible"", ""dense_explicit"", ""complete_case""]",0.5833333333333334,0.16666666666666666,25,48,48,24,True,,True,True,True,False,True,True
sports:034__Looking_Ahead:8:9:h1,sports,034__Looking_Ahead,8,1,9,Assert / Elaborate,raw_history_different_episode_assumptions_b256,raw_history_different_episode_assumptions,256,297.0,whitespace_v1,10,3,30,9,10,430,True,"[""full"", ""assumption_eligible"", ""dense_explicit"", ""complete_case""]",0.5208333333333334,0.041666666666666664,25,48,48,24,True,,True,True,True,False,True,True
sports:034__Looking_Ahead:8:9:h1,sports,034__Looking_Ahead,8,1,9,Assert / Elaborate,raw_history_same_episode_random_turn_assumptions_b256,raw_history_same_episode_random_turn_assumptions,256,297.0,whitespace_v1,10,3,30,9,10,430,True,"[""full"", ""assumption_eligible"", ""dense_explicit"", ""complete_case""]",0.6458333333333334,0.2916666666666667,25,48,48,24,True,,True,True,True,False,True,True
sports:034__Looking_Ahead:8:9:h1,sports,034__Looking_Ahead,8,1,9,Assert / Elaborate,raw_history_explicit_b256,raw_history_explicit,256,297.0,whitespace_v1,10,3,30,9,10,430,True,"[""full"", ""assumption_eligible"", ""dense_explicit"", ""complete_case""]",0.625,0.25,25,48,48,24,True,,True,True,True,False,True,True
sports:034__Looking_Ahead:8:11:h3,sports,034__Looking_Ahead,8,3,11,Assert / Elaborate,raw_history_b256,raw_history,256,256.0,whitespace_v1,10,3,30,9,10,430,True,"[""full"", ""assumption_eligible"", ""dense_explicit"", ""complete_case""]",0.5208333333333334,0.041666666666666664,25,48,48,24,True,,True,True,True,False,True,True
sports:034__Looking_Ahead:8:11:h3,sports,034__Looking_Ahead,8,3,11,Assert / Elaborate,raw_history_true_assumptions_b256,raw_history_true_assumptions,256,297.0,whitespace_v1,10,3,30,9,10,430,True,"[""full"", ""assumption_eligible"", ""dense_explicit"", ""complete_case""]",0.5416666666666666,0.08333333333333333,25,48,48,24,True,,True,True,True,False,True,True
sports:034__Looking_Ahead:8:11:h3,sports,034__Looking_Ahead,8,3,11,Assert / Elaborate,raw_history_different_episode_assumptions_b256,raw_history_different_episode_assumptions,256,297.0,whitespace_v1,10,3,30,9,10,430,True,"[""full"", ""assumption_eligible"", ""dense_explicit"", ""complete_case""]",0.5,0.0,25,48,48,24,True,,True,True,True,False,True,True
sports:034__Looking_Ahead:8:11:h3,sports,034__Looking_Ahead,8,3,11,Assert / Elaborate,raw_history_same_episode_random_turn_assumptions_b256,raw_history_same_episode_random_turn_assumptions,256,297.0,whitespace_v1,10,3,30,9,10,430,True,"[""full"", ""assumption_eligible"", ""dense_explicit"", ""complete_case""]",0.5,0.0,25,48,48,24,True,,True,True,True,False,True,True
sports:034__Looking_Ahead:8:11:h3,sports,034__Looking_Ahead,8,3,11,Assert / Elaborate,raw_history_explicit_b256,raw_history_explicit,256,297.0,whitespace_v1,10,3,30,9,10,430,True,"[""full"", ""assumption_eligible"", ""dense_explicit"", ""complete_case""]",0.4375,0.125,25,48,48,24,True,,True,True,True,False,True,True
sports:034__Looking_Ahead:8:13:h5,sports,034__Looking_Ahead,8,5,13,Assert / Elaborate,raw_history_b256,raw_history,256,256.0,whitespace_v1,10,3,30,9,10,430,True,"[""full"", ""assumption_eligible"", ""dense_explicit"", ""complete_case""]",0.5208333333333334,0.041666666666666664,25,48,48,24,True,,True,True,True,False,True,True
sports:034__Looking_Ahead:8:13:h5,sports,034__Looking_Ahead,8,5,13,Assert / Elaborate,raw_history_true_assumptions_b256,raw_history_true_assumptions,256,297.0,whitespace_v1,10,3,30,9,10,430,True,"[""full"", ""assumption_eligible"", ""dense_explicit"", ""complete_case""]",0.5208333333333334,0.041666666666666664,25,48,48,24,True,,True,True,True,False,True,True
sports:034__Looking_Ahead:8:13:h5,sports,034__Looking_Ahead,8,5,13,Assert / Elaborate,raw_history_different_episode_assumptions_b256,raw_history_different_episode_assumptions,256,297.0,whitespace_v1,10,3,30,9,10,430,True,"[""full"", ""assumption_eligible"", ""dense_explicit"", ""complete_case""]",0.5208333333333334,0.041666666666666664,25,48,48,24,True,,True,True,True,False,True,True
sports:034__Looking_Ahead:8:13:h5,sports,034__Looking_Ahead,8,5,13,Assert / Elaborate,raw_history_same_episode_random_turn_assumptions_b256,raw_history_same_episode_random_turn_assumptions,256,297.0,whitespace_v1,10,3,30,9,10,430,True,"[""full"", ""assumption_eligible"", ""dense_explicit"", ""complete_case""]",0.5208333333333334,0.041666666666666664,25,48,48,24,True,,True,True,True,False,True,True
sports:034__Looking_Ahead:8:13:h5,sports,034__Looking_Ahead,8,5,13,Assert / Elaborate,raw_history_explicit_b256,raw_history_explicit,256,297.0,whitespace_v1,10,3,30,9,10,430,True,"[""full"", ""assumption_eligible"", ""dense_explicit"", ""complete_case""]",0.5208333333333334,0.041666666666666664,25,48,48,24,True,,True,True,True,False,True,True
sports:034__Looking_Ahead:9:10:h1,sports,034__Looking_Ahead,9,1,10,Agree / Align,raw_history_b256,raw_history,256,256.0,whitespace_v1,10,3,30,9,10,363,True,"[""full"", ""assumption_eligible"", ""dense_explicit"", ""complete_case""]",0.5833333333333334,0.16666666666666666,25,48,48,24,True,,True,True,True,False,True,True
sports:034__Looking_Ahead:9:10:h1,sports,034__Looking_Ahead,9,1,10,Agree / Align,raw_history_true_assumptions_b256,raw_history_true_assumptions,256,296.0,whitespace_v1,10,3,30,9,10,363,True,"[""full"", ""assumption_eligible"", ""dense_explicit"", ""complete_case""]",0.6666666666666666,0.3333333333333333,25,48,48,24,True,,True,True,True,False,True,True
sports:034__Looking_Ahead:9:10:h1,sports,034__Looking_Ahead,9,1,10,Agree / Align,raw_history_different_episode_assumptions_b256,raw_history_different_episode_assumptions,256,296.0,whitespace_v1,10,3,30,9,10,363,True,"[""full"", ""assumption_eligible"", ""dense_explicit"", ""complete_case""]",0.5416666666666666,0.08333333333333333,25,48,48,24,True,,True,True,True,False,True,True
sports:034__Looking_Ahead:9:10:h1,sports,034__Looking_Ahead,9,1,10,Agree / Align,raw_history_same_episode_random_turn_assumptions_b256,raw_history_same_episode_random_turn_assumptions,256,296.0,whitespace_v1,10,3,30,9,10,363,True,"[""full"", ""assumption_eligible"", ""dense_explicit"", ""complete_case""]",0.5625,0.125,25,48,48,24,True,,True,True,True,False,True,True
sports:034__Looking_Ahead:9:10:h1,sports,034__Looking_Ahead,9,1,10,Agree / Align,raw_history_explicit_b256,raw_history_explicit,256,296.0,whitespace_v1,10,3,30,9,10,363,True,"[""full"", ""assumption_eligible"", ""dense_explicit"", ""complete_case""]",0.5416666666666666,0.08333333333333333,25,48,48,24,True,,True,True,True,False,True,True
sports:034__Looking_Ahead:9:12:h3,sports,034__Looking_Ahead,9,3,12,Assert / Elaborate,raw_history_b256,raw_history,256,256.0,whitespace_v1,10,3,30,9,10,363,True,"[""full"", ""assumption_eligible"", ""dense_explicit"", ""complete_case""]",0.5,0.0,25,48,48,24,True,,True,True,True,False,True,True
sports:034__Looking_Ahead:9:12:h3,sports,034__Looking_Ahead,9,3,12,Assert / Elaborate,raw_history_true_assumptions_b256,raw_history_true_assumptions,256,296.0,whitespace_v1,10,3,30,9,10,363,True,"[""full"", ""assumption_eligible"", ""dense_explicit"", ""complete_case""]",0.5,0.0,25,48,48,24,True,,True,True,True,False,True,True
sports:034__Looking_Ahead:9:12:h3,sports,034__Looking_Ahead,9,3,12,Assert / Elaborate,raw_history_different_episode_assumptions_b256,raw_history_different_episode_assumptions,256,296.0,whitespace_v1,10,3,30,9,10,363,True,"[""full"", ""assumption_eligible"", ""dense_explicit"", ""complete_case""]",0.5,0.0,25,48,48,24,True,,True,True,True,False,True,True
sports:034__Looking_Ahead:9:12:h3,sports,034__Looking_Ahead,9,3,12,Assert / Elaborate,raw_history_same_episode_random_turn_assumptions_b256,raw_history_same_episode_random_turn_assumptions,256,296.0,whitespace_v1,10,3,30,9,10,363,True,"[""full"", ""assumption_eligible"", ""dense_explicit"", ""complete_case""]",0.5,0.0,25,48,48,24,True,,True,True,True,False,True,True
sports:034__Looking_Ahead:9:12:h3,sports,034__Looking_Ahead,9,3,12,Assert / Elaborate,raw_history_explicit_b256,raw_history_explicit,256,296.0,whitespace_v1,10,3,30,9,10,363,True,"[""full"", ""assumption_eligible"", ""dense_explicit"", ""complete_case""]",0.5,0.0,25,48,48,24,True,,True,True,True,False,True,True
sports:034__Looking_Ahead:9:14:h5,sports,034__Looking_Ahead,9,5,14,Answer,raw_history_b256,raw_history,256,256.0,whitespace_v1,10,3,30,9,10,363,True,"[""full"", ""assumption_eligible"", ""dense_explicit"", ""complete_case""]",0.5625,0.125,25,48,48,24,True,,True,True,True,False,True,True
sports:034__Looking_Ahead:9:14:h5,sports,034__Looking_Ahead,9,5,14,Answer,raw_history_true_assumptions_b256,raw_history_true_assumptions,256,296.0,whitespace_v1,10,3,30,9,10,363,True,"[""full"", ""assumption_eligible"", ""dense_explicit"", ""complete_case""]",0.5416666666666666,0.08333333333333333,25,48,48,24,True,,True,True,True,False,True,True
sports:034__Looking_Ahead:9:14:h5,sports,034__Looking_Ahead,9,5,14,Answer,raw_history_different_episode_assumptions_b256,raw_history_different_episode_assumptions,256,296.0,whitespace_v1,10,3,30,9,10,363,True,"[""full"", ""assumption_eligible"", ""dense_explicit"", ""complete_case""]",0.5208333333333334,0.041666666666666664,25,48,48,24,True,,True,True,True,False,True,True
sports:034__Looking_Ahead:9:14:h5,sports,034__Looking_Ahead,9,5,14,Answer,raw_history_same_episode_random_turn_assumptions_b256,raw_history_same_episode_random_turn_assumptions,256,296.0,whitespace_v1,10,3,30,9,10,363,True,"[""full"", ""assumption_eligible"", ""dense_explicit"", ""complete_case""]",0.5,0.0,25,48,48,24,True,,True,True,True,False,True,True
sports:034__Looking_Ahead:9:14:h5,sports,034__Looking_Ahead,9,5,14,Answer,raw_history_explicit_b256,raw_history_explicit,256,296.0,whitespace_v1,10,3,30,9,10,363,True,"[""full"", ""assumption_eligible"", ""dense_explicit"", ""complete_case""]",0.5208333333333334,0.041666666666666664,25,48,48,24,True,,True,True,True,False,True,True
sports:034__Looking_Ahead:10:11:h1,sports,034__Looking_Ahead,10,1,11,Assert / Elaborate,raw_history_b256,raw_history,256,256.0,whitespace_v1,10,3,30,9,10,463,True,"[""full"", ""assumption_eligible"", ""dense_explicit"", ""complete_case""]",0.5416666666666666,0.08333333333333333,25,48,48,24,True,,True,True,True,False,True,True
sports:034__Looking_Ahead:10:11:h1,sports,034__Looking_Ahead,10,1,11,Assert / Elaborate,raw_history_true_assumptions_b256,raw_history_true_assumptions,256,297.0,whitespace_v1,10,3,30,9,10,463,True,"[""full"", ""assumption_eligible"", ""dense_explicit"", ""complete_case""]",0.5416666666666666,0.08333333333333333,25,48,48,24,True,,True,True,True,False,True,True
sports:034__Looking_Ahead:10:11:h1,sports,034__Looking_Ahead,10,1,11,Assert / Elaborate,raw_history_different_episode_assumptions_b256,raw_history_different_episode_assumptions,256,297.0,whitespace_v1,10,3,30,9,10,463,True,"[""full"", ""assumption_eligible"", ""dense_explicit"", ""complete_case""]",0.5625,0.125,25,48,48,24,True,,True,True,True,False,True,True
sports:034__Looking_Ahead:10:11:h1,sports,034__Looking_Ahead,10,1,11,Assert / Elaborate,raw_history_same_episode_random_turn_assumptions_b256,raw_history_same_episode_random_turn_assumptions,256,297.0,whitespace_v1,10,3,30,9,10,463,True,"[""full"", ""assumption_eligible"", ""dense_explicit"", ""complete_case""]",0.5833333333333334,0.16666666666666666,25,48,48,24,True,,True,True,True,False,True,True
sports:034__Looking_Ahead:10:11:h1,sports,034__Looking_Ahead,10,1,11,Assert / Elaborate,raw_history_explicit_b256,raw_history_explicit,256,297.0,whitespace_v1,10,3,30,9,10,463,True,"[""full"", ""assumption_eligible"", ""dense_explicit"", ""complete_case""]",0.5208333333333334,0.041666666666666664,25,48,48,24,True,,True,True,True,False,True,True
sports:034__Looking_Ahead:10:13:h3,sports,034__Looking_Ahead,10,3,13,Assert / Elaborate,raw_history_b256,raw_history,256,256.0,whitespace_v1,10,3,30,9,10,463,True,"[""full"", ""assumption_eligible"", ""dense_explicit"", ""complete_case""]",0.5625,0.125,25,48,48,24,True,,True,True,True,False,True,True
sports:034__Looking_Ahead:10:13:h3,sports,034__Looking_Ahead,10,3,13,Assert / Elaborate,raw_history_true_assumptions_b256,raw_history_true_assumptions,256,297.0,whitespace_v1,10,3,30,9,10,463,True,"[""full"", ""assumption_eligible"", ""dense_explicit"", ""complete_case""]",0.5416666666666666,0.08333333333333333,25,48,48,24,True,,True,True,True,False,True,True
sports:034__Looking_Ahead:10:13:h3,sports,034__Looking_Ahead,10,3,13,Assert / Elaborate,raw_history_different_episode_assumptions_b256,raw_history_different_episode_assumptions,256,297.0,whitespace_v1,10,3,30,9,10,463,True,"[""full"", ""assumption_eligible"", ""dense_explicit"", ""complete_case""]",0.5416666666666666,0.08333333333333333,25,48,48,24,True,,True,True,True,False,True,True
sports:034__Looking_Ahead:10:13:h3,sports,034__Looking_Ahead,10,3,13,Assert / Elaborate,raw_history_same_episode_random_turn_assumptions_b256,raw_history_same_episode_random_turn_assumptions,256,297.0,whitespace_v1,10,3,30,9,10,463,True,"[""full"", ""assumption_eligible"", ""dense_explicit"", ""complete_case""]",0.5416666666666666,0.08333333333333333,25,48,48,24,True,,True,True,True,False,True,True
sports:034__Looking_Ahead:10:13:h3,sports,034__Looking_Ahead,10,3,13,Assert / Elaborate,raw_history_explicit_b256,raw_history_explicit,256,297.0,whitespace_v1,10,3,30,9,10,463,True,"[""full"", ""assumption_eligible"", ""dense_explicit"", ""complete_case""]",0.5,0.0,25,48,48,24,True,,True,True,True,False,True,True
sports:034__Looking_Ahead:10:15:h5,sports,034__Looking_Ahead,10,5,15,Assert / Elaborate,raw_history_b256,raw_history,256,256.0,whitespace_v1,10,3,30,9,10,463,True,"[""full"", ""assumption_eligible"", ""dense_explicit"", ""complete_case""]",0.5208333333333334,0.041666666666666664,25,48,48,24,True,,True,True,True,False,True,True
sports:034__Looking_Ahead:10:15:h5,sports,034__Looking_Ahead,10,5,15,Assert / Elaborate,raw_history_true_assumptions_b256,raw_history_true_assumptions,256,297.0,whitespace_v1,10,3,30,9,10,463,True,"[""full"", ""assumption_eligible"", ""dense_explicit"", ""complete_case""]",0.5208333333333334,0.041666666666666664,25,48,48,24,True,,True,True,True,False,True,True
sports:034__Looking_Ahead:10:15:h5,sports,034__Looking_Ahead,10,5,15,Assert / Elaborate,raw_history_different_episode_assumptions_b256,raw_history_different_episode_assumptions,256,297.0,whitespace_v1,10,3,30,9,10,463,True,"[""full"", ""assumption_eligible"", ""dense_explicit"", ""complete_case""]",0.5,0.0,25,48,48,24,True,,True,True,True,False,True,True
sports:034__Looking_Ahead:10:15:h5,sports,034__Looking_Ahead,10,5,15,Assert / Elaborate,raw_history_same_episode_random_turn_assumptions_b256,raw_history_same_episode_random_turn_assumptions,256,297.0,whitespace_v1,10,3,30,9,10,463,True,"[""full"", ""assumption_eligible"", ""dense_explicit"", ""complete_case""]",0.5208333333333334,0.041666666666666664,25,48,48,24,True,,True,True,True,False,True,True
sports:034__Looking_Ahead:10:15:h5,sports,034__Looking_Ahead,10,5,15,Assert / Elaborate,raw_history_explicit_b256,raw_history_explicit,256,297.0,whitespace_v1,10,3,30,9,10,463,True,"[""full"", ""assumption_eligible"", ""dense_explicit"", ""complete_case""]",0.5416666666666666,0.08333333333333333,25,48,48,24,True,,True,True,True,False,True,True
sports:034__Looking_Ahead:11:12:h1,sports,034__Looking_Ahead,11,1,12,Assert / Elaborate,raw_history_b256,raw_history,256,256.0,whitespace_v1,10,3,40,12,10,426,True,"[""full"", ""assumption_eligible"", ""dense_explicit"", ""complete_case""]",0.6666666666666666,0.3333333333333333,25,48,48,24,True,,True,True,True,False,True,True
sports:034__Looking_Ahead:11:12:h1,sports,034__Looking_Ahead,11,1,12,Assert / Elaborate,raw_history_true_assumptions_b256,raw_history_true_assumptions,256,295.0,whitespace_v1,10,3,40,12,10,426,True,"[""full"", ""assumption_eligible"", ""dense_explicit"", ""complete_case""]",0.6041666666666666,0.20833333333333334,25,48,48,24,True,,True,True,True,False,True,True
sports:034__Looking_Ahead:11:12:h1,sports,034__Looking_Ahead,11,1,12,Assert / Elaborate,raw_history_different_episode_assumptions_b256,raw_history_different_episode_assumptions,256,295.0,whitespace_v1,10,3,40,12,10,426,True,"[""full"", ""assumption_eligible"", ""dense_explicit"", ""complete_case""]",0.5208333333333334,0.041666666666666664,25,48,48,24,True,,True,True,True,False,True,True
sports:034__Looking_Ahead:11:12:h1,sports,034__Looking_Ahead,11,1,12,Assert / Elaborate,raw_history_same_episode_random_turn_assumptions_b256,raw_history_same_episode_random_turn_assumptions,256,295.0,whitespace_v1,10,3,40,12,10,426,True,"[""full"", ""assumption_eligible"", ""dense_explicit"", ""complete_case""]",0.5208333333333334,0.041666666666666664,25,48,48,24,True,,True,True,True,False,True,True
sports:034__Looking_Ahead:11:12:h1,sports,034__Looking_Ahead,11,1,12,Assert / Elaborate,raw_history_explicit_b256,raw_history_explicit,256,295.0,whitespace_v1,10,3,40,12,10,426,True,"[""full"", ""assumption_eligible"", ""dense_explicit"", ""complete_case""]",0.6041666666666666,0.20833333333333334,25,48,48,24,True,,True,True,True,False,True,True
sports:034__Looking_Ahead:11:14:h3,sports,034__Looking_Ahead,11,3,14,Answer,raw_history_b256,raw_history,256,256.0,whitespace_v1,10,3,40,12,10,426,True,"[""full"", ""assumption_eligible"", ""dense_explicit"", ""complete_case""]",0.5416666666666666,0.08333333333333333,25,48,48,24,True,,True,True,True,False,True,True
sports:034__Looking_Ahead:11:14:h3,sports,034__Looking_Ahead,11,3,14,Answer,raw_history_true_assumptions_b256,raw_history_true_assumptions,256,295.0,whitespace_v1,10,3,40,12,10,426,True,"[""full"", ""assumption_eligible"", ""dense_explicit"", ""complete_case""]",0.5625,0.125,25,48,48,24,True,,True,True,True,False,True,True
sports:034__Looking_Ahead:11:14:h3,sports,034__Looking_Ahead,11,3,14,Answer,raw_history_different_episode_assumptions_b256,raw_history_different_episode_assumptions,256,295.0,whitespace_v1,10,3,40,12,10,426,True,"[""full"", ""assumption_eligible"", ""dense_explicit"", ""complete_case""]",0.5,0.0,25,48,48,24,True,,True,True,True,False,True,True
sports:034__Looking_Ahead:11:14:h3,sports,034__Looking_Ahead,11,3,14,Answer,raw_history_same_episode_random_turn_assumptions_b256,raw_history_same_episode_random_turn_assumptions,256,295.0,whitespace_v1,10,3,40,12,10,426,True,"[""full"", ""assumption_eligible"", ""dense_explicit"", ""complete_case""]",0.5625,0.125,25,48,48,24,True,,True,True,True,False,True,True
sports:034__Looking_Ahead:11:14:h3,sports,034__Looking_Ahead,11,3,14,Answer,raw_history_explicit_b256,raw_history_explicit,256,295.0,whitespace_v1,10,3,40,12,10,426,True,"[""full"", ""assumption_eligible"", ""dense_explicit"", ""complete_case""]",0.5833333333333334,0.16666666666666666,25,48,48,24,True,,True,True,True,False,True,True
sports:034__Looking_Ahead:11:16:h5,sports,034__Looking_Ahead,11,5,16,Assert / Elaborate,raw_history_b256,raw_history,256,256.0,whitespace_v1,10,3,40,12,10,426,True,"[""full"", ""assumption_eligible"", ""dense_explicit"", ""complete_case""]",0.5208333333333334,0.041666666666666664,25,48,48,24,True,,True,True,True,False,True,True
sports:034__Looking_Ahead:11:16:h5,sports,034__Looking_Ahead,11,5,16,Assert / Elaborate,raw_history_true_assumptions_b256,raw_history_true_assumptions,256,295.0,whitespace_v1,10,3,40,12,10,426,True,"[""full"", ""assumption_eligible"", ""dense_explicit"", ""complete_case""]",0.5625,0.125,25,48,48,24,True,,True,True,True,False,True,True
sports:034__Looking_Ahead:11:16:h5,sports,034__Looking_Ahead,11,5,16,Assert / Elaborate,raw_history_different_episode_assumptions_b256,raw_history_different_episode_assumptions,256,295.0,whitespace_v1,10,3,40,12,10,426,True,"[""full"", ""assumption_eligible"", ""dense_explicit"", ""complete_case""]",0.5,0.0,25,48,48,24,True,,True,True,True,False,True,True
sports:034__Looking_Ahead:11:16:h5,sports,034__Looking_Ahead,11,5,16,Assert / Elaborate,raw_history_same_episode_random_turn_assumptions_b256,raw_history_same_episode_random_turn_assumptions,256,295.0,whitespace_v1,10,3,40,12,10,426,True,"[""full"", ""assumption_eligible"", ""dense_explicit"", ""complete_case""]",0.5416666666666666,0.08333333333333333,25,48,48,24,True,,True,True,True,False,True,True
sports:034__Looking_Ahead:11:16:h5,sports,034__Looking_Ahead,11,5,16,Assert / Elaborate,raw_history_explicit_b256,raw_history_explicit,256,295.0,whitespace_v1,10,3,40,12,10,426,True,"[""full"", ""assumption_eligible"", ""dense_explicit"", ""complete_case""]",0.5,0.0,25,48,48,24,True,,True,True,True,False,True,True
sports:034__Looking_Ahead:12:13:h1,sports,034__Looking_Ahead,12,1,13,Assert / Elaborate,raw_history_b256,raw_history,256,256.0,whitespace_v1,10,3,40,12,10,405,True,"[""full"", ""assumption_eligible"", ""dense_explicit"", ""complete_case""]",0.5625,0.125,25,48,48,24,True,,True,True,True,False,True,True
sports:034__Looking_Ahead:12:13:h1,sports,034__Looking_Ahead,12,1,13,Assert / Elaborate,raw_history_true_assumptions_b256,raw_history_true_assumptions,256,305.0,whitespace_v1,10,3,40,12,10,405,True,"[""full"", ""assumption_eligible"", ""dense_explicit"", ""complete_case""]",0.5625,0.125,25,48,48,24,True,,True,True,True,False,True,True
sports:034__Looking_Ahead:12:13:h1,sports,034__Looking_Ahead,12,1,13,Assert / Elaborate,raw_history_different_episode_assumptions_b256,raw_history_different_episode_assumptions,256,305.0,whitespace_v1,10,3,40,12,10,405,True,"[""full"", ""assumption_eligible"", ""dense_explicit"", ""complete_case""]",0.5416666666666666,0.08333333333333333,25,48,48,24,True,,True,True,True,False,True,True
sports:034__Looking_Ahead:12:13:h1,sports,034__Looking_Ahead,12,1,13,Assert / Elaborate,raw_history_same_episode_random_turn_assumptions_b256,raw_history_same_episode_random_turn_assumptions,256,305.0,whitespace_v1,10,3,40,12,10,405,True,"[""full"", ""assumption_eligible"", ""dense_explicit"", ""complete_case""]",0.5208333333333334,0.041666666666666664,25,48,48,24,True,,True,True,True,False,True,True
sports:034__Looking_Ahead:12:13:h1,sports,034__Looking_Ahead,12,1,13,Assert / Elaborate,raw_history_explicit_b256,raw_history_explicit,256,305.0,whitespace_v1,10,3,40,12,10,405,True,"[""full"", ""assumption_eligible"", ""dense_explicit"", ""complete_case""]",0.5625,0.125,25,48,48,24,True,,True,True,True,False,True,True
sports:034__Looking_Ahead:12:15:h3,sports,034__Looking_Ahead,12,3,15,Assert / Elaborate,raw_history_b256,raw_history,256,256.0,whitespace_v1,10,3,40,12,10,405,True,"[""full"", ""assumption_eligible"", ""dense_explicit"", ""complete_case""]",0.5208333333333334,0.041666666666666664,25,48,48,24,True,,True,True,True,False,True,True
sports:034__Looking_Ahead:12:15:h3,sports,034__Looking_Ahead,12,3,15,Assert / Elaborate,raw_history_true_assumptions_b256,raw_history_true_assumptions,256,305.0,whitespace_v1,10,3,40,12,10,405,True,"[""full"", ""assumption_eligible"", ""dense_explicit"", ""complete_case""]",0.5,0.0,25,48,48,24,True,,True,True,True,False,True,True
sports:034__Looking_Ahead:12:15:h3,sports,034__Looking_Ahead,12,3,15,Assert / Elaborate,raw_history_different_episode_assumptions_b256,raw_history_different_episode_assumptions,256,305.0,whitespace_v1,10,3,40,12,10,405,True,"[""full"", ""assumption_eligible"", ""dense_explicit"", ""complete_case""]",0.5,0.0,25,48,48,24,True,,True,True,True,False,True,True
sports:034__Looking_Ahead:12:15:h3,sports,034__Looking_Ahead,12,3,15,Assert / Elaborate,raw_history_same_episode_random_turn_assumptions_b256,raw_history_same_episode_random_turn_assumptions,256,305.0,whitespace_v1,10,3,40,12,10,405,True,"[""full"", ""assumption_eligible"", ""dense_explicit"", ""complete_case""]",0.5208333333333334,0.041666666666666664,25,48,48,24,True,,True,True,True,False,True,True
sports:034__Looking_Ahead:12:15:h3,sports,034__Looking_Ahead,12,3,15,Assert / Elaborate,raw_history_explicit_b256,raw_history_explicit,256,305.0,whitespace_v1,10,3,40,12,10,405,True,"[""full"", ""assumption_eligible"", ""dense_explicit"", ""complete_case""]",0.5208333333333334,0.041666666666666664,25,48,48,24,True,,True,True,True,False,True,True
sports:034__Looking_Ahead:12:17:h5,sports,034__Looking_Ahead,12,5,17,Assert / Elaborate,raw_history_b256,raw_history,256,256.0,whitespace_v1,10,3,40,12,10,405,True,"[""full"", ""assumption_eligible"", ""dense_explicit"", ""complete_case""]",0.5,0.0,25,48,48,24,True,,True,True,True,False,True,True
sports:034__Looking_Ahead:12:17:h5,sports,034__Looking_Ahead,12,5,17,Assert / Elaborate,raw_history_true_assumptions_b256,raw_history_true_assumptions,256,305.0,whitespace_v1,10,3,40,12,10,405,True,"[""full"", ""assumption_eligible"", ""dense_explicit"", ""complete_case""]",0.5,0.0,25,48,48,24,True,,True,True,True,False,True,True
sports:034__Looking_Ahead:12:17:h5,sports,034__Looking_Ahead,12,5,17,Assert / Elaborate,raw_history_different_episode_assumptions_b256,raw_history_different_episode_assumptions,256,305.0,whitespace_v1,10,3,40,12,10,405,True,"[""full"", ""assumption_eligible"", ""dense_explicit"", ""complete_case""]",0.5208333333333334,0.041666666666666664,25,48,48,24,True,,True,True,True,False,True,True
sports:034__Looking_Ahead:12:17:h5,sports,034__Looking_Ahead,12,5,17,Assert / Elaborate,raw_history_same_episode_random_turn_assumptions_b256,raw_history_same_episode_random_turn_assumptions,256,305.0,whitespace_v1,10,3,40,12,10,405,True,"[""full"", ""assumption_eligible"", ""dense_explicit"", ""complete_case""]",0.5,0.0,25,48,48,24,True,,True,True,True,False,True,True
sports:034__Looking_Ahead:12:17:h5,sports,034__Looking_Ahead,12,5,17,Assert / Elaborate,raw_history_explicit_b256,raw_history_explicit,256,305.0,whitespace_v1,10,3,40,12,10,405,True,"[""full"", ""assumption_eligible"", ""dense_explicit"", ""complete_case""]",0.5,0.0,25,48,48,24,True,,True,True,True,False,True,True
sports:034__Looking_Ahead:13:14:h1,sports,034__Looking_Ahead,13,1,14,Answer,raw_history_b256,raw_history,256,256.0,whitespace_v1,10,3,40,12,10,265,True,"[""full"", ""assumption_eligible"", ""dense_explicit"", ""complete_case""]",0.5833333333333334,0.16666666666666666,25,48,48,24,True,,True,True,True,False,True,True
sports:034__Looking_Ahead:13:14:h1,sports,034__Looking_Ahead,13,1,14,Answer,raw_history_true_assumptions_b256,raw_history_true_assumptions,256,292.0,whitespace_v1,10,3,40,12,10,265,True,"[""full"", ""assumption_eligible"", ""dense_explicit"", ""complete_case""]",0.5833333333333334,0.16666666666666666,25,48,48,24,True,,True,True,True,False,True,True
sports:034__Looking_Ahead:13:14:h1,sports,034__Looking_Ahead,13,1,14,Answer,raw_history_different_episode_assumptions_b256,raw_history_different_episode_assumptions,256,292.0,whitespace_v1,10,3,40,12,10,265,True,"[""full"", ""assumption_eligible"", ""dense_explicit"", ""complete_case""]",0.5,0.0,25,48,48,24,True,,True,True,True,False,True,True
sports:034__Looking_Ahead:13:14:h1,sports,034__Looking_Ahead,13,1,14,Answer,raw_history_same_episode_random_turn_assumptions_b256,raw_history_same_episode_random_turn_assumptions,256,292.0,whitespace_v1,10,3,40,12,10,265,True,"[""full"", ""assumption_eligible"", ""dense_explicit"", ""complete_case""]",0.5625,0.125,25,48,48,24,True,,True,True,True,False,True,True
sports:034__Looking_Ahead:13:14:h1,sports,034__Looking_Ahead,13,1,14,Answer,raw_history_explicit_b256,raw_history_explicit,256,292.0,whitespace_v1,10,3,40,12,10,265,True,"[""full"", ""assumption_eligible"", ""dense_explicit"", ""complete_case""]",0.5625,0.125,25,48,48,24,True,,True,True,True,False,True,True
sports:034__Looking_Ahead:13:16:h3,sports,034__Looking_Ahead,13,3,16,Assert / Elaborate,raw_history_b256,raw_history,256,256.0,whitespace_v1,10,3,40,12,10,265,True,"[""full"", ""assumption_eligible"", ""dense_explicit"", ""complete_case""]",0.5208333333333334,0.041666666666666664,25,48,48,24,True,,True,True,True,False,True,True
sports:034__Looking_Ahead:13:16:h3,sports,034__Looking_Ahead,13,3,16,Assert / Elaborate,raw_history_true_assumptions_b256,raw_history_true_assumptions,256,292.0,whitespace_v1,10,3,40,12,10,265,True,"[""full"", ""assumption_eligible"", ""dense_explicit"", ""complete_case""]",0.5416666666666666,0.08333333333333333,25,48,48,24,True,,True,True,True,False,True,True
sports:034__Looking_Ahead:13:16:h3,sports,034__Looking_Ahead,13,3,16,Assert / Elaborate,raw_history_different_episode_assumptions_b256,raw_history_different_episode_assumptions,256,292.0,whitespace_v1,10,3,40,12,10,265,True,"[""full"", ""assumption_eligible"", ""dense_explicit"", ""complete_case""]",0.5208333333333334,0.041666666666666664,25,48,48,24,True,,True,True,True,False,True,True
sports:034__Looking_Ahead:13:16:h3,sports,034__Looking_Ahead,13,3,16,Assert / Elaborate,raw_history_same_episode_random_turn_assumptions_b256,raw_history_same_episode_random_turn_assumptions,256,292.0,whitespace_v1,10,3,40,12,10,265,True,"[""full"", ""assumption_eligible"", ""dense_explicit"", ""complete_case""]",0.5,0.0,25,48,48,24,True,,True,True,True,False,True,True
sports:034__Looking_Ahead:13:16:h3,sports,034__Looking_Ahead,13,3,16,Assert / Elaborate,raw_history_explicit_b256,raw_history_explicit,256,292.0,whitespace_v1,10,3,40,12,10,265,True,"[""full"", ""assumption_eligible"", ""dense_explicit"", ""complete_case""]",0.5208333333333334,0.041666666666666664,25,48,48,24,True,,True,True,True,False,True,True
sports:034__Looking_Ahead:13:18:h5,sports,034__Looking_Ahead,13,5,18,Answer,raw_history_b256,raw_history,256,256.0,whitespace_v1,10,3,40,12,10,265,True,"[""full"", ""assumption_eligible"", ""dense_explicit"", ""complete_case""]",0.5208333333333334,0.041666666666666664,25,48,48,24,True,,True,True,True,False,True,True
sports:034__Looking_Ahead:13:18:h5,sports,034__Looking_Ahead,13,5,18,Answer,raw_history_true_assumptions_b256,raw_history_true_assumptions,256,292.0,whitespace_v1,10,3,40,12,10,265,True,"[""full"", ""assumption_eligible"", ""dense_explicit"", ""complete_case""]",0.5,0.0,25,48,48,24,True,,True,True,True,False,True,True
sports:034__Looking_Ahead:13:18:h5,sports,034__Looking_Ahead,13,5,18,Answer,raw_history_different_episode_assumptions_b256,raw_history_different_episode_assumptions,256,292.0,whitespace_v1,10,3,40,12,10,265,True,"[""full"", ""assumption_eligible"", ""dense_explicit"", ""complete_case""]",0.5,0.0,25,48,48,24,True,,True,True,True,False,True,True
sports:034__Looking_Ahead:13:18:h5,sports,034__Looking_Ahead,13,5,18,Answer,raw_history_same_episode_random_turn_assumptions_b256,raw_history_same_episode_random_turn_assumptions,256,292.0,whitespace_v1,10,3,40,12,10,265,True,"[""full"", ""assumption_eligible"", ""dense_explicit"", ""complete_case""]",0.5,0.0,25,48,48,24,True,,True,True,True,False,True,True
sports:034__Looking_Ahead:13:18:h5,sports,034__Looking_Ahead,13,5,18,Answer,raw_history_explicit_b256,raw_history_explicit,256,292.0,whitespace_v1,10,3,40,12,10,265,True,"[""full"", ""assumption_eligible"", ""dense_explicit"", ""complete_case""]",0.5,0.0,25,48,48,24,True,,True,True,True,False,True,True
sports:034__Looking_Ahead:14:15:h1,sports,034__Looking_Ahead,14,1,15,Assert / Elaborate,raw_history_b256,raw_history,256,256.0,whitespace_v1,10,3,40,12,10,330,True,"[""full"", ""assumption_eligible"", ""dense_explicit"", ""complete_case""]",0.5625,0.125,25,48,48,24,True,,True,True,True,False,True,True
sports:034__Looking_Ahead:14:15:h1,sports,034__Looking_Ahead,14,1,15,Assert / Elaborate,raw_history_true_assumptions_b256,raw_history_true_assumptions,256,300.0,whitespace_v1,10,3,40,12,10,330,True,"[""full"", ""assumption_eligible"", ""dense_explicit"", ""complete_case""]",0.5208333333333334,0.041666666666666664,25,48,48,24,True,,True,True,True,False,True,True
sports:034__Looking_Ahead:14:15:h1,sports,034__Looking_Ahead,14,1,15,Assert / Elaborate,raw_history_different_episode_assumptions_b256,raw_history_different_episode_assumptions,256,300.0,whitespace_v1,10,3,40,12,10,330,True,"[""full"", ""assumption_eligible"", ""dense_explicit"", ""complete_case""]",0.5,0.0,25,48,48,24,True,,True,True,True,False,True,True
sports:034__Looking_Ahead:14:15:h1,sports,034__Looking_Ahead,14,1,15,Assert / Elaborate,raw_history_same_episode_random_turn_assumptions_b256,raw_history_same_episode_random_turn_assumptions,256,300.0,whitespace_v1,10,3,40,12,10,330,True,"[""full"", ""assumption_eligible"", ""dense_explicit"", ""complete_case""]",0.5625,0.125,25,48,48,24,True,,True,True,True,False,True,True
sports:034__Looking_Ahead:14:15:h1,sports,034__Looking_Ahead,14,1,15,Assert / Elaborate,raw_history_explicit_b256,raw_history_explicit,256,300.0,whitespace_v1,10,3,40,12,10,330,True,"[""full"", ""assumption_eligible"", ""dense_explicit"", ""complete_case""]",0.5208333333333334,0.041666666666666664,25,48,48,24,True,,True,True,True,False,True,True
sports:034__Looking_Ahead:14:17:h3,sports,034__Looking_Ahead,14,3,17,Assert / Elaborate,raw_history_b256,raw_history,256,256.0,whitespace_v1,10,3,40,12,10,330,True,"[""full"", ""assumption_eligible"", ""dense_explicit"", ""complete_case""]",0.5416666666666666,0.08333333333333333,25,48,48,24,True,,True,True,True,False,True,True
sports:034__Looking_Ahead:14:17:h3,sports,034__Looking_Ahead,14,3,17,Assert / Elaborate,raw_history_true_assumptions_b256,raw_history_true_assumptions,256,300.0,whitespace_v1,10,3,40,12,10,330,True,"[""full"", ""assumption_eligible"", ""dense_explicit"", ""complete_case""]",0.5,0.0,25,48,48,24,True,,True,True,True,False,True,True
sports:034__Looking_Ahead:14:17:h3,sports,034__Looking_Ahead,14,3,17,Assert / Elaborate,raw_history_different_episode_assumptions_b256,raw_history_different_episode_assumptions,256,300.0,whitespace_v1,10,3,40,12,10,330,True,"[""full"", ""assumption_eligible"", ""dense_explicit"", ""complete_case""]",0.5,0.0,25,48,48,24,True,,True,True,True,False,True,True
sports:034__Looking_Ahead:14:17:h3,sports,034__Looking_Ahead,14,3,17,Assert / Elaborate,raw_history_same_episode_random_turn_assumptions_b256,raw_history_same_episode_random_turn_assumptions,256,300.0,whitespace_v1,10,3,40,12,10,330,True,"[""full"", ""assumption_eligible"", ""dense_explicit"", ""complete_case""]",0.5208333333333334,0.041666666666666664,25,48,48,24,True,,True,True,True,False,True,True
sports:034__Looking_Ahead:14:17:h3,sports,034__Looking_Ahead,14,3,17,Assert / Elaborate,raw_history_explicit_b256,raw_history_explicit,256,300.0,whitespace_v1,10,3,40,12,10,330,True,"[""full"", ""assumption_eligible"", ""dense_explicit"", ""complete_case""]",0.5208333333333334,0.041666666666666664,25,48,48,24,True,,True,True,True,False,True,True
sports:034__Looking_Ahead:14:19:h5,sports,034__Looking_Ahead,14,5,19,Answer,raw_history_b256,raw_history,256,256.0,whitespace_v1,10,3,40,12,10,330,True,"[""full"", ""assumption_eligible"", ""dense_explicit"", ""complete_case""]",0.5625,0.125,25,48,48,24,True,,True,True,True,False,True,True
sports:034__Looking_Ahead:14:19:h5,sports,034__Looking_Ahead,14,5,19,Answer,raw_history_true_assumptions_b256,raw_history_true_assumptions,256,300.0,whitespace_v1,10,3,40,12,10,330,True,"[""full"", ""assumption_eligible"", ""dense_explicit"", ""complete_case""]",0.5416666666666666,0.08333333333333333,25,48,48,24,True,,True,True,True,False,True,True
sports:034__Looking_Ahead:14:19:h5,sports,034__Looking_Ahead,14,5,19,Answer,raw_history_different_episode_assumptions_b256,raw_history_different_episode_assumptions,256,300.0,whitespace_v1,10,3,40,12,10,330,True,"[""full"", ""assumption_eligible"", ""dense_explicit"", ""complete_case""]",0.5,0.0,25,48,48,24,True,,True,True,True,False,True,True
sports:034__Looking_Ahead:14:19:h5,sports,034__Looking_Ahead,14,5,19,Answer,raw_history_same_episode_random_turn_assumptions_b256,raw_history_same_episode_random_turn_assumptions,256,300.0,whitespace_v1,10,3,40,12,10,330,True,"[""full"", ""assumption_eligible"", ""dense_explicit"", ""complete_case""]",0.5,0.0,25,48,48,24,True,,True,True,True,False,True,True
sports:034__Looking_Ahead:14:19:h5,sports,034__Looking_Ahead,14,5,19,Answer,raw_history_explicit_b256,raw_history_explicit,256,300.0,whitespace_v1,10,3,40,12,10,330,True,"[""full"", ""assumption_eligible"", ""dense_explicit"", ""complete_case""]",0.5208333333333334,0.041666666666666664,25,48,48,24,True,,True,True,True,False,True,True
sports:034__Looking_Ahead:15:16:h1,sports,034__Looking_Ahead,15,1,16,Assert / Elaborate,raw_history_b256,raw_history,256,256.0,whitespace_v1,10,3,40,12,10,446,True,"[""full"", ""assumption_eligible"", ""dense_explicit"", ""complete_case""]",0.5625,0.125,25,48,48,24,True,,True,True,True,False,True,True
sports:034__Looking_Ahead:15:16:h1,sports,034__Looking_Ahead,15,1,16,Assert / Elaborate,raw_history_true_assumptions_b256,raw_history_true_assumptions,256,299.0,whitespace_v1,10,3,40,12,10,446,True,"[""full"", ""assumption_eligible"", ""dense_explicit"", ""complete_case""]",0.5416666666666666,0.08333333333333333,25,48,48,24,True,,True,True,True,False,True,True
sports:034__Looking_Ahead:15:16:h1,sports,034__Looking_Ahead,15,1,16,Assert / Elaborate,raw_history_different_episode_assumptions_b256,raw_history_different_episode_assumptions,256,299.0,whitespace_v1,10,3,40,12,10,446,True,"[""full"", ""assumption_eligible"", ""dense_explicit"", ""complete_case""]",0.5416666666666666,0.08333333333333333,25,48,48,24,True,,True,True,True,False,True,True
sports:034__Looking_Ahead:15:16:h1,sports,034__Looking_Ahead,15,1,16,Assert / Elaborate,raw_history_same_episode_random_turn_assumptions_b256,raw_history_same_episode_random_turn_assumptions,256,299.0,whitespace_v1,10,3,40,12,10,446,True,"[""full"", ""assumption_eligible"", ""dense_explicit"", ""complete_case""]",0.5416666666666666,0.08333333333333333,25,48,48,24,True,,True,True,True,False,True,True
sports:034__Looking_Ahead:15:16:h1,sports,034__Looking_Ahead,15,1,16,Assert / Elaborate,raw_history_explicit_b256,raw_history_explicit,256,299.0,whitespace_v1,10,3,40,12,10,446,True,"[""full"", ""assumption_eligible"", ""dense_explicit"", ""complete_case""]",0.5208333333333334,0.041666666666666664,25,48,48,24,True,,True,True,True,False,True,True
sports:034__Looking_Ahead:15:18:h3,sports,034__Looking_Ahead,15,3,18,Answer,raw_history_b256,raw_history,256,256.0,whitespace_v1,10,3,40,12,10,446,True,"[""full"", ""assumption_eligible"", ""dense_explicit"", ""complete_case""]",0.5208333333333334,0.041666666666666664,25,48,48,24,True,,True,True,True,False,True,True
sports:034__Looking_Ahead:15:18:h3,sports,034__Looking_Ahead,15,3,18,Answer,raw_history_true_assumptions_b256,raw_history_true_assumptions,256,299.0,whitespace_v1,10,3,40,12,10,446,True,"[""full"", ""assumption_eligible"", ""dense_explicit"", ""complete_case""]",0.5208333333333334,0.041666666666666664,25,48,48,24,True,,True,True,True,False,True,True
sports:034__Looking_Ahead:15:18:h3,sports,034__Looking_Ahead,15,3,18,Answer,raw_history_different_episode_assumptions_b256,raw_history_different_episode_assumptions,256,299.0,whitespace_v1,10,3,40,12,10,446,True,"[""full"", ""assumption_eligible"", ""dense_explicit"", ""complete_case""]",0.5,0.0,25,48,48,24,True,,True,True,True,False,True,True
sports:034__Looking_Ahead:15:18:h3,sports,034__Looking_Ahead,15,3,18,Answer,raw_history_same_episode_random_turn_assumptions_b256,raw_history_same_episode_random_turn_assumptions,256,299.0,whitespace_v1,10,3,40,12,10,446,True,"[""full"", ""assumption_eligible"", ""dense_explicit"", ""complete_case""]",0.5208333333333334,0.041666666666666664,25,48,48,24,True,,True,True,True,False,True,True
sports:034__Looking_Ahead:15:18:h3,sports,034__Looking_Ahead,15,3,18,Answer,raw_history_explicit_b256,raw_history_explicit,256,299.0,whitespace_v1,10,3,40,12,10,446,True,"[""full"", ""assumption_eligible"", ""dense_explicit"", ""complete_case""]",0.5416666666666666,0.08333333333333333,25,48,48,24,True,,True,True,True,False,True,True
sports:034__Looking_Ahead:15:20:h5,sports,034__Looking_Ahead,15,5,20,Agree / Align,raw_history_b256,raw_history,256,256.0,whitespace_v1,10,3,40,12,10,446,True,"[""full"", ""assumption_eligible"", ""dense_explicit"", ""complete_case""]",0.5,0.0,25,48,48,24,True,,True,True,True,False,True,True
sports:034__Looking_Ahead:15:20:h5,sports,034__Looking_Ahead,15,5,20,Agree / Align,raw_history_true_assumptions_b256,raw_history_true_assumptions,256,299.0,whitespace_v1,10,3,40,12,10,446,True,"[""full"", ""assumption_eligible"", ""dense_explicit"", ""complete_case""]",0.5208333333333334,0.041666666666666664,25,48,48,24,True,,True,True,True,False,True,True
sports:034__Looking_Ahead:15:20:h5,sports,034__Looking_Ahead,15,5,20,Agree / Align,raw_history_different_episode_assumptions_b256,raw_history_different_episode_assumptions,256,299.0,whitespace_v1,10,3,40,12,10,446,True,"[""full"", ""assumption_eligible"", ""dense_explicit"", ""complete_case""]",0.5208333333333334,0.041666666666666664,25,48,48,24,True,,True,True,True,False,True,True
sports:034__Looking_Ahead:15:20:h5,sports,034__Looking_Ahead,15,5,20,Agree / Align,raw_history_same_episode_random_turn_assumptions_b256,raw_history_same_episode_random_turn_assumptions,256,299.0,whitespace_v1,10,3,40,12,10,446,True,"[""full"", ""assumption_eligible"", ""dense_explicit"", ""complete_case""]",0.5416666666666666,0.08333333333333333,25,48,48,24,True,,True,True,True,False,True,True
sports:034__Looking_Ahead:15:20:h5,sports,034__Looking_Ahead,15,5,20,Agree / Align,raw_history_explicit_b256,raw_history_explicit,256,299.0,whitespace_v1,10,3,40,12,10,446,True,"[""full"", ""assumption_eligible"", ""dense_explicit"", ""complete_case""]",0.5625,0.125,25,48,48,24,True,,True,True,True,False,True,True
sports:034__Looking_Ahead:16:17:h1,sports,034__Looking_Ahead,16,1,17,Assert / Elaborate,raw_history_b256,raw_history,256,256.0,whitespace_v1,10,3,40,12,10,372,True,"[""full"", ""assumption_eligible"", ""dense_explicit"", ""complete_case""]",0.5208333333333334,0.041666666666666664,25,48,48,24,True,,True,True,True,False,True,True
sports:034__Looking_Ahead:16:17:h1,sports,034__Looking_Ahead,16,1,17,Assert / Elaborate,raw_history_true_assumptions_b256,raw_history_true_assumptions,256,295.0,whitespace_v1,10,3,40,12,10,372,True,"[""full"", ""assumption_eligible"", ""dense_explicit"", ""complete_case""]",0.5208333333333334,0.041666666666666664,25,48,48,24,True,,True,True,True,False,True,True
sports:034__Looking_Ahead:16:17:h1,sports,034__Looking_Ahead,16,1,17,Assert / Elaborate,raw_history_different_episode_assumptions_b256,raw_history_different_episode_assumptions,256,295.0,whitespace_v1,10,3,40,12,10,372,True,"[""full"", ""assumption_eligible"", ""dense_explicit"", ""complete_case""]",0.5208333333333334,0.041666666666666664,25,48,48,24,True,,True,True,True,False,True,True
sports:034__Looking_Ahead:16:17:h1,sports,034__Looking_Ahead,16,1,17,Assert / Elaborate,raw_history_same_episode_random_turn_assumptions_b256,raw_history_same_episode_random_turn_assumptions,256,295.0,whitespace_v1,10,3,40,12,10,372,True,"[""full"", ""assumption_eligible"", ""dense_explicit"", ""complete_case""]",0.5,0.0,25,48,48,24,True,,True,True,True,False,True,True
sports:034__Looking_Ahead:16:17:h1,sports,034__Looking_Ahead,16,1,17,Assert / Elaborate,raw_history_explicit_b256,raw_history_explicit,256,295.0,whitespace_v1,10,3,40,12,10,372,True,"[""full"", ""assumption_eligible"", ""dense_explicit"", ""complete_case""]",0.5625,0.125,25,48,48,24,True,,True,True,True,False,True,True
sports:034__Looking_Ahead:16:19:h3,sports,034__Looking_Ahead,16,3,19,Answer,raw_history_b256,raw_history,256,256.0,whitespace_v1,10,3,40,12,10,372,True,"[""full"", ""assumption_eligible"", ""dense_explicit"", ""complete_case""]",0.5,0.0,25,48,48,24,True,,True,True,True,False,True,True
sports:034__Looking_Ahead:16:19:h3,sports,034__Looking_Ahead,16,3,19,Answer,raw_history_true_assumptions_b256,raw_history_true_assumptions,256,295.0,whitespace_v1,10,3,40,12,10,372,True,"[""full"", ""assumption_eligible"", ""dense_explicit"", ""complete_case""]",0.5,0.0,25,48,48,24,True,,True,True,True,False,True,True
sports:034__Looking_Ahead:16:19:h3,sports,034__Looking_Ahead,16,3,19,Answer,raw_history_different_episode_assumptions_b256,raw_history_different_episode_assumptions,256,295.0,whitespace_v1,10,3,40,12,10,372,True,"[""full"", ""assumption_eligible"", ""dense_explicit"", ""complete_case""]",0.5,0.0,25,48,48,24,True,,True,True,True,False,True,True
sports:034__Looking_Ahead:16:19:h3,sports,034__Looking_Ahead,16,3,19,Answer,raw_history_same_episode_random_turn_assumptions_b256,raw_history_same_episode_random_turn_assumptions,256,295.0,whitespace_v1,10,3,40,12,10,372,True,"[""full"", ""assumption_eligible"", ""dense_explicit"", ""complete_case""]",0.5,0.0,25,48,48,24,True,,True,True,True,False,True,True
sports:034__Looking_Ahead:16:19:h3,sports,034__Looking_Ahead,16,3,19,Answer,raw_history_explicit_b256,raw_history_explicit,256,295.0,whitespace_v1,10,3,40,12,10,372,True,"[""full"", ""assumption_eligible"", ""dense_explicit"", ""complete_case""]",0.5,0.0,25,48,48,24,True,,True,True,True,False,True,True
sports:034__Looking_Ahead:16:21:h5,sports,034__Looking_Ahead,16,5,21,Assert / Elaborate,raw_history_b256,raw_history,256,256.0,whitespace_v1,10,3,40,12,10,372,True,"[""full"", ""assumption_eligible"", ""dense_explicit"", ""complete_case""]",0.5208333333333334,0.041666666666666664,25,48,48,24,True,,True,True,True,False,True,True
sports:034__Looking_Ahead:16:21:h5,sports,034__Looking_Ahead,16,5,21,Assert / Elaborate,raw_history_true_assumptions_b256,raw_history_true_assumptions,256,295.0,whitespace_v1,10,3,40,12,10,372,True,"[""full"", ""assumption_eligible"", ""dense_explicit"", ""complete_case""]",0.5,0.0,25,48,48,24,True,,True,True,True,False,True,True
sports:034__Looking_Ahead:16:21:h5,sports,034__Looking_Ahead,16,5,21,Assert / Elaborate,raw_history_different_episode_assumptions_b256,raw_history_different_episode_assumptions,256,295.0,whitespace_v1,10,3,40,12,10,372,True,"[""full"", ""assumption_eligible"", ""dense_explicit"", ""complete_case""]",0.5,0.0,25,48,48,24,True,,True,True,True,False,True,True
sports:034__Looking_Ahead:16:21:h5,sports,034__Looking_Ahead,16,5,21,Assert / Elaborate,raw_history_same_episode_random_turn_assumptions_b256,raw_history_same_episode_random_turn_assumptions,256,295.0,whitespace_v1,10,3,40,12,10,372,True,"[""full"", ""assumption_eligible"", ""dense_explicit"", ""complete_case""]",0.5208333333333334,0.041666666666666664,25,48,48,24,True,,True,True,True,False,True,True
sports:034__Looking_Ahead:16:21:h5,sports,034__Looking_Ahead,16,5,21,Assert / Elaborate,raw_history_explicit_b256,raw_history_explicit,256,295.0,whitespace_v1,10,3,40,12,10,372,True,"[""full"", ""assumption_eligible"", ""dense_explicit"", ""complete_case""]",0.4583333333333333,0.08333333333333333,25,48,48,24,True,,True,True,True,False,True,True
sports:034__Looking_Ahead:17:18:h1,sports,034__Looking_Ahead,17,1,18,Answer,raw_history_b256,raw_history,256,256.0,whitespace_v1,10,3,40,12,10,462,True,"[""full"", ""assumption_eligible"", ""dense_explicit"", ""complete_case""]",0.625,0.25,25,48,48,24,True,,True,True,True,False,True,True
sports:034__Looking_Ahead:17:18:h1,sports,034__Looking_Ahead,17,1,18,Answer,raw_history_true_assumptions_b256,raw_history_true_assumptions,256,291.0,whitespace_v1,10,3,40,12,10,462,True,"[""full"", ""assumption_eligible"", ""dense_explicit"", ""complete_case""]",0.5416666666666666,0.08333333333333333,25,48,48,24,True,,True,True,True,False,True,True
sports:034__Looking_Ahead:17:18:h1,sports,034__Looking_Ahead,17,1,18,Answer,raw_history_different_episode_assumptions_b256,raw_history_different_episode_assumptions,256,291.0,whitespace_v1,10,3,40,12,10,462,True,"[""full"", ""assumption_eligible"", ""dense_explicit"", ""complete_case""]",0.5416666666666666,0.08333333333333333,25,48,48,24,True,,True,True,True,False,True,True
sports:034__Looking_Ahead:17:18:h1,sports,034__Looking_Ahead,17,1,18,Answer,raw_history_same_episode_random_turn_assumptions_b256,raw_history_same_episode_random_turn_assumptions,256,291.0,whitespace_v1,10,3,40,12,10,462,True,"[""full"", ""assumption_eligible"", ""dense_explicit"", ""complete_case""]",0.5416666666666666,0.08333333333333333,25,48,48,24,True,,True,True,True,False,True,True
sports:034__Looking_Ahead:17:18:h1,sports,034__Looking_Ahead,17,1,18,Answer,raw_history_explicit_b256,raw_history_explicit,256,291.0,whitespace_v1,10,3,40,12,10,462,True,"[""full"", ""assumption_eligible"", ""dense_explicit"", ""complete_case""]",0.5625,0.125,25,48,48,24,True,,True,True,True,False,True,True
sports:034__Looking_Ahead:17:20:h3,sports,034__Looking_Ahead,17,3,20,Agree / Align,raw_history_b256,raw_history,256,256.0,whitespace_v1,10,3,40,12,10,462,True,"[""full"", ""assumption_eligible"", ""dense_explicit"", ""complete_case""]",0.5208333333333334,0.041666666666666664,25,48,48,24,True,,True,True,True,False,True,True
sports:034__Looking_Ahead:17:20:h3,sports,034__Looking_Ahead,17,3,20,Agree / Align,raw_history_true_assumptions_b256,raw_history_true_assumptions,256,291.0,whitespace_v1,10,3,40,12,10,462,True,"[""full"", ""assumption_eligible"", ""dense_explicit"", ""complete_case""]",0.5,0.0,25,48,48,24,True,,True,True,True,False,True,True
sports:034__Looking_Ahead:17:20:h3,sports,034__Looking_Ahead,17,3,20,Agree / Align,raw_history_different_episode_assumptions_b256,raw_history_different_episode_assumptions,256,291.0,whitespace_v1,10,3,40,12,10,462,True,"[""full"", ""assumption_eligible"", ""dense_explicit"", ""complete_case""]",0.5,0.0,25,48,48,24,True,,True,True,True,False,True,True
sports:034__Looking_Ahead:17:20:h3,sports,034__Looking_Ahead,17,3,20,Agree / Align,raw_history_same_episode_random_turn_assumptions_b256,raw_history_same_episode_random_turn_assumptions,256,291.0,whitespace_v1,10,3,40,12,10,462,True,"[""full"", ""assumption_eligible"", ""dense_explicit"", ""complete_case""]",0.5833333333333334,0.16666666666666666,25,48,48,24,True,,True,True,True,False,True,True
sports:034__Looking_Ahead:17:20:h3,sports,034__Looking_Ahead,17,3,20,Agree / Align,raw_history_explicit_b256,raw_history_explicit,256,291.0,whitespace_v1,10,3,40,12,10,462,True,"[""full"", ""assumption_eligible"", ""dense_explicit"", ""complete_case""]",0.5416666666666666,0.08333333333333333,25,48,48,24,True,,True,True,True,False,True,True
sports:034__Looking_Ahead:17:22:h5,sports,034__Looking_Ahead,17,5,22,Clarification Request (Specific),raw_history_b256,raw_history,256,256.0,whitespace_v1,10,3,40,12,10,462,True,"[""full"", ""assumption_eligible"", ""dense_explicit"", ""complete_case""]",0.5,0.0,25,48,48,24,True,,True,True,True,False,True,True
sports:034__Looking_Ahead:17:22:h5,sports,034__Looking_Ahead,17,5,22,Clarification Request (Specific),raw_history_true_assumptions_b256,raw_history_true_assumptions,256,291.0,whitespace_v1,10,3,40,12,10,462,True,"[""full"", ""assumption_eligible"", ""dense_explicit"", ""complete_case""]",0.5,0.0,25,48,48,24,True,,True,True,True,False,True,True
sports:034__Looking_Ahead:17:22:h5,sports,034__Looking_Ahead,17,5,22,Clarification Request (Specific),raw_history_different_episode_assumptions_b256,raw_history_different_episode_assumptions,256,291.0,whitespace_v1,10,3,40,12,10,462,True,"[""full"", ""assumption_eligible"", ""dense_explicit"", ""complete_case""]",0.5208333333333334,0.041666666666666664,25,48,48,24,True,,True,True,True,False,True,True
sports:034__Looking_Ahead:17:22:h5,sports,034__Looking_Ahead,17,5,22,Clarification Request (Specific),raw_history_same_episode_random_turn_assumptions_b256,raw_history_same_episode_random_turn_assumptions,256,291.0,whitespace_v1,10,3,40,12,10,462,True,"[""full"", ""assumption_eligible"", ""dense_explicit"", ""complete_case""]",0.5,0.0,25,48,48,24,True,,True,True,True,False,True,True
sports:034__Looking_Ahead:17:22:h5,sports,034__Looking_Ahead,17,5,22,Clarification Request (Specific),raw_history_explicit_b256,raw_history_explicit,256,291.0,whitespace_v1,10,3,40,12,10,462,True,"[""full"", ""assumption_eligible"", ""dense_explicit"", ""complete_case""]",0.5,0.0,25,48,48,24,True,,True,True,True,False,True,True
sports:034__Looking_Ahead:18:19:h1,sports,034__Looking_Ahead,18,1,19,Answer,raw_history_b256,raw_history,256,256.0,whitespace_v1,10,3,40,12,10,248,True,"[""full"", ""assumption_eligible"", ""dense_explicit"", ""complete_case""]",0.5416666666666666,0.08333333333333333,25,48,48,24,True,,True,True,True,False,True,True
sports:034__Looking_Ahead:18:19:h1,sports,034__Looking_Ahead,18,1,19,Answer,raw_history_true_assumptions_b256,raw_history_true_assumptions,256,297.0,whitespace_v1,10,3,40,12,10,248,True,"[""full"", ""assumption_eligible"", ""dense_explicit"", ""complete_case""]",0.5625,0.125,25,48,48,24,True,,True,True,True,False,True,True
sports:034__Looking_Ahead:18:19:h1,sports,034__Looking_Ahead,18,1,19,Answer,raw_history_different_episode_assumptions_b256,raw_history_different_episode_assumptions,256,297.0,whitespace_v1,10,3,40,12,10,248,True,"[""full"", ""assumption_eligible"", ""dense_explicit"", ""complete_case""]",0.5416666666666666,0.08333333333333333,25,48,48,24,True,,True,True,True,False,True,True
sports:034__Looking_Ahead:18:19:h1,sports,034__Looking_Ahead,18,1,19,Answer,raw_history_same_episode_random_turn_assumptions_b256,raw_history_same_episode_random_turn_assumptions,256,297.0,whitespace_v1,10,3,40,12,10,248,True,"[""full"", ""assumption_eligible"", ""dense_explicit"", ""complete_case""]",0.5416666666666666,0.08333333333333333,25,48,48,24,True,,True,True,True,False,True,True
sports:034__Looking_Ahead:18:19:h1,sports,034__Looking_Ahead,18,1,19,Answer,raw_history_explicit_b256,raw_history_explicit,256,297.0,whitespace_v1,10,3,40,12,10,248,True,"[""full"", ""assumption_eligible"", ""dense_explicit"", ""complete_case""]",0.5208333333333334,0.041666666666666664,25,48,48,24,True,,True,True,True,False,True,True
sports:034__Looking_Ahead:18:21:h3,sports,034__Looking_Ahead,18,3,21,Assert / Elaborate,raw_history_b256,raw_history,256,256.0,whitespace_v1,10,3,40,12,10,248,True,"[""full"", ""assumption_eligible"", ""dense_explicit"", ""complete_case""]",0.5625,0.125,25,48,48,24,True,,True,True,True,False,True,True
sports:034__Looking_Ahead:18:21:h3,sports,034__Looking_Ahead,18,3,21,Assert / Elaborate,raw_history_true_assumptions_b256,raw_history_true_assumptions,256,297.0,whitespace_v1,10,3,40,12,10,248,True,"[""full"", ""assumption_eligible"", ""dense_explicit"", ""complete_case""]",0.5208333333333334,0.041666666666666664,25,48,48,24,True,,True,True,True,False,True,True
sports:034__Looking_Ahead:18:21:h3,sports,034__Looking_Ahead,18,3,21,Assert / Elaborate,raw_history_different_episode_assumptions_b256,raw_history_different_episode_assumptions,256,297.0,whitespace_v1,10,3,40,12,10,248,True,"[""full"", ""assumption_eligible"", ""dense_explicit"", ""complete_case""]",0.5,0.0,25,48,48,24,True,,True,True,True,False,True,True
sports:034__Looking_Ahead:18:21:h3,sports,034__Looking_Ahead,18,3,21,Assert / Elaborate,raw_history_same_episode_random_turn_assumptions_b256,raw_history_same_episode_random_turn_assumptions,256,297.0,whitespace_v1,10,3,40,12,10,248,True,"[""full"", ""assumption_eligible"", ""dense_explicit"", ""complete_case""]",0.5208333333333334,0.041666666666666664,25,48,48,24,True,,True,True,True,False,True,True
sports:034__Looking_Ahead:18:21:h3,sports,034__Looking_Ahead,18,3,21,Assert / Elaborate,raw_history_explicit_b256,raw_history_explicit,256,297.0,whitespace_v1,10,3,40,12,10,248,True,"[""full"", ""assumption_eligible"", ""dense_explicit"", ""complete_case""]",0.4791666666666667,0.041666666666666664,25,48,48,24,True,,True,True,True,False,True,True
sports:034__Looking_Ahead:18:23:h5,sports,034__Looking_Ahead,18,5,23,Assert / Elaborate,raw_history_b256,raw_history,256,256.0,whitespace_v1,10,3,40,12,10,248,True,"[""full"", ""assumption_eligible"", ""dense_explicit"", ""complete_case""]",0.5416666666666666,0.08333333333333333,25,48,48,24,True,,True,True,True,False,True,True
sports:034__Looking_Ahead:18:23:h5,sports,034__Looking_Ahead,18,5,23,Assert / Elaborate,raw_history_true_assumptions_b256,raw_history_true_assumptions,256,297.0,whitespace_v1,10,3,40,12,10,248,True,"[""full"", ""assumption_eligible"", ""dense_explicit"", ""complete_case""]",0.5625,0.125,25,48,48,24,True,,True,True,True,False,True,True
sports:034__Looking_Ahead:18:23:h5,sports,034__Looking_Ahead,18,5,23,Assert / Elaborate,raw_history_different_episode_assumptions_b256,raw_history_different_episode_assumptions,256,297.0,whitespace_v1,10,3,40,12,10,248,True,"[""full"", ""assumption_eligible"", ""dense_explicit"", ""complete_case""]",0.5416666666666666,0.08333333333333333,25,48,48,24,True,,True,True,True,False,True,True
sports:034__Looking_Ahead:18:23:h5,sports,034__Looking_Ahead,18,5,23,Assert / Elaborate,raw_history_same_episode_random_turn_assumptions_b256,raw_history_same_episode_random_turn_assumptions,256,297.0,whitespace_v1,10,3,40,12,10,248,True,"[""full"", ""assumption_eligible"", ""dense_explicit"", ""complete_case""]",0.5208333333333334,0.041666666666666664,25,48,48,24,True,,True,True,True,False,True,True
sports:034__Looking_Ahead:18:23:h5,sports,034__Looking_Ahead,18,5,23,Assert / Elaborate,raw_history_explicit_b256,raw_history_explicit,256,297.0,whitespace_v1,10,3,40,12,10,248,True,"[""full"", ""assumption_eligible"", ""dense_explicit"", ""complete_case""]",0.5,0.0,25,48,48,24,True,,True,True,True,False,True,True
sports:034__Looking_Ahead:19:20:h1,sports,034__Looking_Ahead,19,1,20,Agree / Align,raw_history_b256,raw_history,256,256.0,whitespace_v1,10,3,40,12,10,194,True,"[""full"", ""assumption_eligible"", ""dense_explicit"", ""complete_case""]",0.7083333333333334,0.4166666666666667,25,48,48,24,True,,True,True,True,False,True,True
sports:034__Looking_Ahead:19:20:h1,sports,034__Looking_Ahead,19,1,20,Agree / Align,raw_history_true_assumptions_b256,raw_history_true_assumptions,256,303.0,whitespace_v1,10,3,40,12,10,194,True,"[""full"", ""assumption_eligible"", ""dense_explicit"", ""complete_case""]",0.6875,0.375,25,48,48,24,True,,True,True,True,False,True,True
sports:034__Looking_Ahead:19:20:h1,sports,034__Looking_Ahead,19,1,20,Agree / Align,raw_history_different_episode_assumptions_b256,raw_history_different_episode_assumptions,256,303.0,whitespace_v1,10,3,40,12,10,194,True,"[""full"", ""assumption_eligible"", ""dense_explicit"", ""complete_case""]",0.6875,0.375,25,48,48,24,True,,True,True,True,False,True,True
sports:034__Looking_Ahead:19:20:h1,sports,034__Looking_Ahead,19,1,20,Agree / Align,raw_history_same_episode_random_turn_assumptions_b256,raw_history_same_episode_random_turn_assumptions,256,303.0,whitespace_v1,10,3,40,12,10,194,True,"[""full"", ""assumption_eligible"", ""dense_explicit"", ""complete_case""]",0.625,0.25,25,48,48,24,True,,True,True,True,False,True,True
sports:034__Looking_Ahead:19:20:h1,sports,034__Looking_Ahead,19,1,20,Agree / Align,raw_history_explicit_b256,raw_history_explicit,256,303.0,whitespace_v1,10,3,40,12,10,194,True,"[""full"", ""assumption_eligible"", ""dense_explicit"", ""complete_case""]",0.625,0.25,25,48,48,24,True,,True,True,True,False,True,True
sports:034__Looking_Ahead:19:22:h3,sports,034__Looking_Ahead,19,3,22,Clarification Request (Specific),raw_history_b256,raw_history,256,256.0,whitespace_v1,10,3,40,12,10,194,True,"[""full"", ""assumption_eligible"", ""dense_explicit"", ""complete_case""]",0.5833333333333334,0.16666666666666666,25,48,48,24,True,,True,True,True,False,True,True
sports:034__Looking_Ahead:19:22:h3,sports,034__Looking_Ahead,19,3,22,Clarification Request (Specific),raw_history_true_assumptions_b256,raw_history_true_assumptions,256,303.0,whitespace_v1,10,3,40,12,10,194,True,"[""full"", ""assumption_eligible"", ""dense_explicit"", ""complete_case""]",0.5208333333333334,0.041666666666666664,25,48,48,24,True,,True,True,True,False,True,True
sports:034__Looking_Ahead:19:22:h3,sports,034__Looking_Ahead,19,3,22,Clarification Request (Specific),raw_history_different_episode_assumptions_b256,raw_history_different_episode_assumptions,256,303.0,whitespace_v1,10,3,40,12,10,194,True,"[""full"", ""assumption_eligible"", ""dense_explicit"", ""complete_case""]",0.5208333333333334,0.041666666666666664,25,48,48,24,True,,True,True,True,False,True,True
sports:034__Looking_Ahead:19:22:h3,sports,034__Looking_Ahead,19,3,22,Clarification Request (Specific),raw_history_same_episode_random_turn_assumptions_b256,raw_history_same_episode_random_turn_assumptions,256,303.0,whitespace_v1,10,3,40,12,10,194,True,"[""full"", ""assumption_eligible"", ""dense_explicit"", ""complete_case""]",0.5833333333333334,0.16666666666666666,25,48,48,24,True,,True,True,True,False,True,True
sports:034__Looking_Ahead:19:22:h3,sports,034__Looking_Ahead,19,3,22,Clarification Request (Specific),raw_history_explicit_b256,raw_history_explicit,256,303.0,whitespace_v1,10,3,40,12,10,194,True,"[""full"", ""assumption_eligible"", ""dense_explicit"", ""complete_case""]",0.5416666666666666,0.08333333333333333,25,48,48,24,True,,True,True,True,False,True,True
sports:034__Looking_Ahead:19:24:h5,sports,034__Looking_Ahead,19,5,24,Assert / Elaborate,raw_history_b256,raw_history,256,256.0,whitespace_v1,10,3,40,12,10,194,True,"[""full"", ""assumption_eligible"", ""dense_explicit"", ""complete_case""]",0.5208333333333334,0.041666666666666664,25,48,48,24,True,,True,True,True,False,True,True
sports:034__Looking_Ahead:19:24:h5,sports,034__Looking_Ahead,19,5,24,Assert / Elaborate,raw_history_true_assumptions_b256,raw_history_true_assumptions,256,303.0,whitespace_v1,10,3,40,12,10,194,True,"[""full"", ""assumption_eligible"", ""dense_explicit"", ""complete_case""]",0.5416666666666666,0.08333333333333333,25,48,48,24,True,,True,True,True,False,True,True
sports:034__Looking_Ahead:19:24:h5,sports,034__Looking_Ahead,19,5,24,Assert / Elaborate,raw_history_different_episode_assumptions_b256,raw_history_different_episode_assumptions,256,303.0,whitespace_v1,10,3,40,12,10,194,True,"[""full"", ""assumption_eligible"", ""dense_explicit"", ""complete_case""]",0.5625,0.125,25,48,48,24,True,,True,True,True,False,True,True
sports:034__Looking_Ahead:19:24:h5,sports,034__Looking_Ahead,19,5,24,Assert / Elaborate,raw_history_same_episode_random_turn_assumptions_b256,raw_history_same_episode_random_turn_assumptions,256,303.0,whitespace_v1,10,3,40,12,10,194,True,"[""full"", ""assumption_eligible"", ""dense_explicit"", ""complete_case""]",0.5416666666666666,0.08333333333333333,25,48,48,24,True,,True,True,True,False,True,True
sports:034__Looking_Ahead:19:24:h5,sports,034__Looking_Ahead,19,5,24,Assert / Elaborate,raw_history_explicit_b256,raw_history_explicit,256,303.0,whitespace_v1,10,3,40,12,10,194,True,"[""full"", ""assumption_eligible"", ""dense_explicit"", ""complete_case""]",0.5208333333333334,0.041666666666666664,25,48,48,24,True,,True,True,True,False,True,True
sports:034__Looking_Ahead:20:21:h1,sports,034__Looking_Ahead,20,1,21,Assert / Elaborate,raw_history_b256,raw_history,256,256.0,whitespace_v1,10,3,40,12,10,167,True,"[""full"", ""assumption_eligible"", ""dense_explicit"", ""complete_case""]",0.5833333333333334,0.16666666666666666,25,48,48,24,True,,True,True,True,False,True,True
sports:034__Looking_Ahead:20:21:h1,sports,034__Looking_Ahead,20,1,21,Assert / Elaborate,raw_history_true_assumptions_b256,raw_history_true_assumptions,256,294.0,whitespace_v1,10,3,40,12,10,167,True,"[""full"", ""assumption_eligible"", ""dense_explicit"", ""complete_case""]",0.625,0.25,25,48,48,24,True,,True,True,True,False,True,True
sports:034__Looking_Ahead:20:21:h1,sports,034__Looking_Ahead,20,1,21,Assert / Elaborate,raw_history_different_episode_assumptions_b256,raw_history_different_episode_assumptions,256,294.0,whitespace_v1,10,3,40,12,10,167,True,"[""full"", ""assumption_eligible"", ""dense_explicit"", ""complete_case""]",0.6458333333333334,0.2916666666666667,25,48,48,24,True,,True,True,True,False,True,True
sports:034__Looking_Ahead:20:21:h1,sports,034__Looking_Ahead,20,1,21,Assert / Elaborate,raw_history_same_episode_random_turn_assumptions_b256,raw_history_same_episode_random_turn_assumptions,256,294.0,whitespace_v1,10,3,40,12,10,167,True,"[""full"", ""assumption_eligible"", ""dense_explicit"", ""complete_case""]",0.6041666666666666,0.20833333333333334,25,48,48,24,True,,True,True,True,False,True,True
sports:034__Looking_Ahead:20:21:h1,sports,034__Looking_Ahead,20,1,21,Assert / Elaborate,raw_history_explicit_b256,raw_history_explicit,256,294.0,whitespace_v1,10,3,40,12,10,167,True,"[""full"", ""assumption_eligible"", ""dense_explicit"", ""complete_case""]",0.6458333333333334,0.2916666666666667,25,48,48,24,True,,True,True,True,False,True,True
sports:034__Looking_Ahead:20:23:h3,sports,034__Looking_Ahead,20,3,23,Assert / Elaborate,raw_history_b256,raw_history,256,256.0,whitespace_v1,10,3,40,12,10,167,True,"[""full"", ""assumption_eligible"", ""dense_explicit"", ""complete_case""]",0.625,0.25,25,48,48,24,True,,True,True,True,False,True,True
sports:034__Looking_Ahead:20:23:h3,sports,034__Looking_Ahead,20,3,23,Assert / Elaborate,raw_history_true_assumptions_b256,raw_history_true_assumptions,256,294.0,whitespace_v1,10,3,40,12,10,167,True,"[""full"", ""assumption_eligible"", ""dense_explicit"", ""complete_case""]",0.6458333333333334,0.2916666666666667,25,48,48,24,True,,True,True,True,False,True,True
sports:034__Looking_Ahead:20:23:h3,sports,034__Looking_Ahead,20,3,23,Assert / Elaborate,raw_history_different_episode_assumptions_b256,raw_history_different_episode_assumptions,256,294.0,whitespace_v1,10,3,40,12,10,167,True,"[""full"", ""assumption_eligible"", ""dense_explicit"", ""complete_case""]",0.625,0.25,25,48,48,24,True,,True,True,True,False,True,True
sports:034__Looking_Ahead:20:23:h3,sports,034__Looking_Ahead,20,3,23,Assert / Elaborate,raw_history_same_episode_random_turn_assumptions_b256,raw_history_same_episode_random_turn_assumptions,256,294.0,whitespace_v1,10,3,40,12,10,167,True,"[""full"", ""assumption_eligible"", ""dense_explicit"", ""complete_case""]",0.5833333333333334,0.16666666666666666,25,48,48,24,True,,True,True,True,False,True,True
sports:034__Looking_Ahead:20:23:h3,sports,034__Looking_Ahead,20,3,23,Assert / Elaborate,raw_history_explicit_b256,raw_history_explicit,256,294.0,whitespace_v1,10,3,40,12,10,167,True,"[""full"", ""assumption_eligible"", ""dense_explicit"", ""complete_case""]",0.6875,0.375,25,48,48,24,True,,True,True,True,False,True,True
sports:034__Looking_Ahead:20:25:h5,sports,034__Looking_Ahead,20,5,25,Assert / Elaborate,raw_history_b256,raw_history,256,256.0,whitespace_v1,10,3,40,12,10,167,True,"[""full"", ""assumption_eligible"", ""dense_explicit"", ""complete_case""]",0.5416666666666666,0.08333333333333333,25,48,48,24,True,,True,True,True,False,True,True
sports:034__Looking_Ahead:20:25:h5,sports,034__Looking_Ahead,20,5,25,Assert / Elaborate,raw_history_true_assumptions_b256,raw_history_true_assumptions,256,294.0,whitespace_v1,10,3,40,12,10,167,True,"[""full"", ""assumption_eligible"", ""dense_explicit"", ""complete_case""]",0.5625,0.125,25,48,48,24,True,,True,True,True,False,True,True
sports:034__Looking_Ahead:20:25:h5,sports,034__Looking_Ahead,20,5,25,Assert / Elaborate,raw_history_different_episode_assumptions_b256,raw_history_different_episode_assumptions,256,294.0,whitespace_v1,10,3,40,12,10,167,True,"[""full"", ""assumption_eligible"", ""dense_explicit"", ""complete_case""]",0.5625,0.125,25,48,48,24,True,,True,True,True,False,True,True
sports:034__Looking_Ahead:20:25:h5,sports,034__Looking_Ahead,20,5,25,Assert / Elaborate,raw_history_same_episode_random_turn_assumptions_b256,raw_history_same_episode_random_turn_assumptions,256,294.0,whitespace_v1,10,3,40,12,10,167,True,"[""full"", ""assumption_eligible"", ""dense_explicit"", ""complete_case""]",0.5416666666666666,0.08333333333333333,25,48,48,24,True,,True,True,True,False,True,True
sports:034__Looking_Ahead:20:25:h5,sports,034__Looking_Ahead,20,5,25,Assert / Elaborate,raw_history_explicit_b256,raw_history_explicit,256,294.0,whitespace_v1,10,3,40,12,10,167,True,"[""full"", ""assumption_eligible"", ""dense_explicit"", ""complete_case""]",0.5833333333333334,0.16666666666666666,25,48,48,24,True,,True,True,True,False,True,True
sports:034__Looking_Ahead:21:22:h1,sports,034__Looking_Ahead,21,1,22,Clarification Request (Specific),raw_history_b256,raw_history,256,256.0,whitespace_v1,10,3,40,12,10,434,True,"[""full"", ""assumption_eligible"", ""dense_explicit"", ""complete_case""]",0.6458333333333334,0.2916666666666667,25,48,48,24,True,,True,True,True,False,True,True
sports:034__Looking_Ahead:21:22:h1,sports,034__Looking_Ahead,21,1,22,Clarification Request (Specific),raw_history_true_assumptions_b256,raw_history_true_assumptions,256,295.0,whitespace_v1,10,3,40,12,10,434,True,"[""full"", ""assumption_eligible"", ""dense_explicit"", ""complete_case""]",0.6041666666666666,0.20833333333333334,25,48,48,24,True,,True,True,True,False,True,True
sports:034__Looking_Ahead:21:22:h1,sports,034__Looking_Ahead,21,1,22,Clarification Request (Specific),raw_history_different_episode_assumptions_b256,raw_history_different_episode_assumptions,256,295.0,whitespace_v1,10,3,40,12,10,434,True,"[""full"", ""assumption_eligible"", ""dense_explicit"", ""complete_case""]",0.5208333333333334,0.041666666666666664,25,48,48,24,True,,True,True,True,False,True,True
sports:034__Looking_Ahead:21:22:h1,sports,034__Looking_Ahead,21,1,22,Clarification Request (Specific),raw_history_same_episode_random_turn_assumptions_b256,raw_history_same_episode_random_turn_assumptions,256,295.0,whitespace_v1,10,3,40,12,10,434,True,"[""full"", ""assumption_eligible"", ""dense_explicit"", ""complete_case""]",0.6041666666666666,0.20833333333333334,25,48,48,24,True,,True,True,True,False,True,True
sports:034__Looking_Ahead:21:22:h1,sports,034__Looking_Ahead,21,1,22,Clarification Request (Specific),raw_history_explicit_b256,raw_history_explicit,256,295.0,whitespace_v1,10,3,40,12,10,434,True,"[""full"", ""assumption_eligible"", ""dense_explicit"", ""complete_case""]",0.5625,0.125,25,48,48,24,True,,True,True,True,False,True,True
sports:034__Looking_Ahead:21:24:h3,sports,034__Looking_Ahead,21,3,24,Assert / Elaborate,raw_history_b256,raw_history,256,256.0,whitespace_v1,10,3,40,12,10,434,True,"[""full"", ""assumption_eligible"", ""dense_explicit"", ""complete_case""]",0.5208333333333334,0.041666666666666664,25,48,48,24,True,,True,True,True,False,True,True
sports:034__Looking_Ahead:21:24:h3,sports,034__Looking_Ahead,21,3,24,Assert / Elaborate,raw_history_true_assumptions_b256,raw_history_true_assumptions,256,295.0,whitespace_v1,10,3,40,12,10,434,True,"[""full"", ""assumption_eligible"", ""dense_explicit"", ""complete_case""]",0.5208333333333334,0.041666666666666664,25,48,48,24,True,,True,True,True,False,True,True
sports:034__Looking_Ahead:21:24:h3,sports,034__Looking_Ahead,21,3,24,Assert / Elaborate,raw_history_different_episode_assumptions_b256,raw_history_different_episode_assumptions,256,295.0,whitespace_v1,10,3,40,12,10,434,True,"[""full"", ""assumption_eligible"", ""dense_explicit"", ""complete_case""]",0.5,0.0,25,48,48,24,True,,True,True,True,False,True,True
sports:034__Looking_Ahead:21:24:h3,sports,034__Looking_Ahead,21,3,24,Assert / Elaborate,raw_history_same_episode_random_turn_assumptions_b256,raw_history_same_episode_random_turn_assumptions,256,295.0,whitespace_v1,10,3,40,12,10,434,True,"[""full"", ""assumption_eligible"", ""dense_explicit"", ""complete_case""]",0.5,0.0,25,48,48,24,True,,True,True,True,False,True,True
sports:034__Looking_Ahead:21:24:h3,sports,034__Looking_Ahead,21,3,24,Assert / Elaborate,raw_history_explicit_b256,raw_history_explicit,256,295.0,whitespace_v1,10,3,40,12,10,434,True,"[""full"", ""assumption_eligible"", ""dense_explicit"", ""complete_case""]",0.5,0.0,25,48,48,24,True,,True,True,True,False,True,True
sports:034__Looking_Ahead:21:26:h5,sports,034__Looking_Ahead,21,5,26,Assert / Elaborate,raw_history_b256,raw_history,256,256.0,whitespace_v1,10,3,40,12,10,434,True,"[""full"", ""assumption_eligible"", ""dense_explicit"", ""complete_case""]",0.5416666666666666,0.08333333333333333,25,48,48,24,True,,True,True,True,False,True,True
sports:034__Looking_Ahead:21:26:h5,sports,034__Looking_Ahead,21,5,26,Assert / Elaborate,raw_history_true_assumptions_b256,raw_history_true_assumptions,256,295.0,whitespace_v1,10,3,40,12,10,434,True,"[""full"", ""assumption_eligible"", ""dense_explicit"", ""complete_case""]",0.5,0.0,25,48,48,24,True,,True,True,True,False,True,True
sports:034__Looking_Ahead:21:26:h5,sports,034__Looking_Ahead,21,5,26,Assert / Elaborate,raw_history_different_episode_assumptions_b256,raw_history_different_episode_assumptions,256,295.0,whitespace_v1,10,3,40,12,10,434,True,"[""full"", ""assumption_eligible"", ""dense_explicit"", ""complete_case""]",0.5,0.0,25,48,48,24,True,,True,True,True,False,True,True
sports:034__Looking_Ahead:21:26:h5,sports,034__Looking_Ahead,21,5,26,Assert / Elaborate,raw_history_same_episode_random_turn_assumptions_b256,raw_history_same_episode_random_turn_assumptions,256,295.0,whitespace_v1,10,3,40,12,10,434,True,"[""full"", ""assumption_eligible"", ""dense_explicit"", ""complete_case""]",0.5,0.0,25,48,48,24,True,,True,True,True,False,True,True
sports:034__Looking_Ahead:21:26:h5,sports,034__Looking_Ahead,21,5,26,Assert / Elaborate,raw_history_explicit_b256,raw_history_explicit,256,295.0,whitespace_v1,10,3,40,12,10,434,True,"[""full"", ""assumption_eligible"", ""dense_explicit"", ""complete_case""]",0.5,0.0,25,48,48,24,True,,True,True,True,False,True,True
sports:034__Looking_Ahead:22:23:h1,sports,034__Looking_Ahead,22,1,23,Assert / Elaborate,raw_history_b256,raw_history,256,256.0,whitespace_v1,10,3,40,12,10,366,True,"[""full"", ""assumption_eligible"", ""dense_explicit"", ""complete_case""]",0.6041666666666666,0.20833333333333334,25,48,48,24,True,,True,True,True,False,True,True
sports:034__Looking_Ahead:22:23:h1,sports,034__Looking_Ahead,22,1,23,Assert / Elaborate,raw_history_true_assumptions_b256,raw_history_true_assumptions,256,303.0,whitespace_v1,10,3,40,12,10,366,True,"[""full"", ""assumption_eligible"", ""dense_explicit"", ""complete_case""]",0.6458333333333334,0.2916666666666667,25,48,48,24,True,,True,True,True,False,True,True
sports:034__Looking_Ahead:22:23:h1,sports,034__Looking_Ahead,22,1,23,Assert / Elaborate,raw_history_different_episode_assumptions_b256,raw_history_different_episode_assumptions,256,303.0,whitespace_v1,10,3,40,12,10,366,True,"[""full"", ""assumption_eligible"", ""dense_explicit"", ""complete_case""]",0.6041666666666666,0.20833333333333334,25,48,48,24,True,,True,True,True,False,True,True
sports:034__Looking_Ahead:22:23:h1,sports,034__Looking_Ahead,22,1,23,Assert / Elaborate,raw_history_same_episode_random_turn_assumptions_b256,raw_history_same_episode_random_turn_assumptions,256,303.0,whitespace_v1,10,3,40,12,10,366,True,"[""full"", ""assumption_eligible"", ""dense_explicit"", ""complete_case""]",0.6458333333333334,0.2916666666666667,25,48,48,24,True,,True,True,True,False,True,True
sports:034__Looking_Ahead:22:23:h1,sports,034__Looking_Ahead,22,1,23,Assert / Elaborate,raw_history_explicit_b256,raw_history_explicit,256,303.0,whitespace_v1,10,3,40,12,10,366,True,"[""full"", ""assumption_eligible"", ""dense_explicit"", ""complete_case""]",0.6666666666666666,0.3333333333333333,25,48,48,24,True,,True,True,True,False,True,True
sports:034__Looking_Ahead:22:25:h3,sports,034__Looking_Ahead,22,3,25,Assert / Elaborate,raw_history_b256,raw_history,256,256.0,whitespace_v1,10,3,40,12,10,366,True,"[""full"", ""assumption_eligible"", ""dense_explicit"", ""complete_case""]",0.5416666666666666,0.08333333333333333,25,48,48,24,True,,True,True,True,False,True,True
sports:034__Looking_Ahead:22:25:h3,sports,034__Looking_Ahead,22,3,25,Assert / Elaborate,raw_history_true_assumptions_b256,raw_history_true_assumptions,256,303.0,whitespace_v1,10,3,40,12,10,366,True,"[""full"", ""assumption_eligible"", ""dense_explicit"", ""complete_case""]",0.5208333333333334,0.041666666666666664,25,48,48,24,True,,True,True,True,False,True,True
sports:034__Looking_Ahead:22:25:h3,sports,034__Looking_Ahead,22,3,25,Assert / Elaborate,raw_history_different_episode_assumptions_b256,raw_history_different_episode_assumptions,256,303.0,whitespace_v1,10,3,40,12,10,366,True,"[""full"", ""assumption_eligible"", ""dense_explicit"", ""complete_case""]",0.5,0.0,25,48,48,24,True,,True,True,True,False,True,True
sports:034__Looking_Ahead:22:25:h3,sports,034__Looking_Ahead,22,3,25,Assert / Elaborate,raw_history_same_episode_random_turn_assumptions_b256,raw_history_same_episode_random_turn_assumptions,256,303.0,whitespace_v1,10,3,40,12,10,366,True,"[""full"", ""assumption_eligible"", ""dense_explicit"", ""complete_case""]",0.5208333333333334,0.041666666666666664,25,48,48,24,True,,True,True,True,False,True,True
sports:034__Looking_Ahead:22:25:h3,sports,034__Looking_Ahead,22,3,25,Assert / Elaborate,raw_history_explicit_b256,raw_history_explicit,256,303.0,whitespace_v1,10,3,40,12,10,366,True,"[""full"", ""assumption_eligible"", ""dense_explicit"", ""complete_case""]",0.5,0.0,25,48,48,24,True,,True,True,True,False,True,True
sports:034__Looking_Ahead:22:27:h5,sports,034__Looking_Ahead,22,5,27,Assert / Elaborate,raw_history_b256,raw_history,256,256.0,whitespace_v1,10,3,40,12,10,366,True,"[""full"", ""assumption_eligible"", ""dense_explicit"", ""complete_case""]",0.5208333333333334,0.041666666666666664,25,48,48,24,True,,True,True,True,False,True,True
sports:034__Looking_Ahead:22:27:h5,sports,034__Looking_Ahead,22,5,27,Assert / Elaborate,raw_history_true_assumptions_b256,raw_history_true_assumptions,256,303.0,whitespace_v1,10,3,40,12,10,366,True,"[""full"", ""assumption_eligible"", ""dense_explicit"", ""complete_case""]",0.5,0.0,25,48,48,24,True,,True,True,True,False,True,True
sports:034__Looking_Ahead:22:27:h5,sports,034__Looking_Ahead,22,5,27,Assert / Elaborate,raw_history_different_episode_assumptions_b256,raw_history_different_episode_assumptions,256,303.0,whitespace_v1,10,3,40,12,10,366,True,"[""full"", ""assumption_eligible"", ""dense_explicit"", ""complete_case""]",0.5,0.0,25,48,48,24,True,,True,True,True,False,True,True
sports:034__Looking_Ahead:22:27:h5,sports,034__Looking_Ahead,22,5,27,Assert / Elaborate,raw_history_same_episode_random_turn_assumptions_b256,raw_history_same_episode_random_turn_assumptions,256,303.0,whitespace_v1,10,3,40,12,10,366,True,"[""full"", ""assumption_eligible"", ""dense_explicit"", ""complete_case""]",0.5208333333333334,0.041666666666666664,25,48,48,24,True,,True,True,True,False,True,True
sports:034__Looking_Ahead:22:27:h5,sports,034__Looking_Ahead,22,5,27,Assert / Elaborate,raw_history_explicit_b256,raw_history_explicit,256,303.0,whitespace_v1,10,3,40,12,10,366,True,"[""full"", ""assumption_eligible"", ""dense_explicit"", ""complete_case""]",0.5,0.08333333333333333,25,48,48,24,True,,True,True,True,False,True,True
sports:034__Looking_Ahead:23:24:h1,sports,034__Looking_Ahead,23,1,24,Assert / Elaborate,raw_history_b256,raw_history,256,256.0,whitespace_v1,10,3,40,12,9,379,True,"[""full"", ""assumption_eligible"", ""dense_explicit"", ""complete_case""]",0.5625,0.125,25,48,48,24,True,,True,True,True,False,True,True
sports:034__Looking_Ahead:23:24:h1,sports,034__Looking_Ahead,23,1,24,Assert / Elaborate,raw_history_true_assumptions_b256,raw_history_true_assumptions,256,304.0,whitespace_v1,10,3,40,12,9,379,True,"[""full"", ""assumption_eligible"", ""dense_explicit"", ""complete_case""]",0.5,0.0,25,48,48,24,True,,True,True,True,False,True,True
sports:034__Looking_Ahead:23:24:h1,sports,034__Looking_Ahead,23,1,24,Assert / Elaborate,raw_history_different_episode_assumptions_b256,raw_history_different_episode_assumptions,256,304.0,whitespace_v1,10,3,40,12,9,379,True,"[""full"", ""assumption_eligible"", ""dense_explicit"", ""complete_case""]",0.5208333333333334,0.041666666666666664,25,48,48,24,True,,True,True,True,False,True,True
sports:034__Looking_Ahead:23:24:h1,sports,034__Looking_Ahead,23,1,24,Assert / Elaborate,raw_history_same_episode_random_turn_assumptions_b256,raw_history_same_episode_random_turn_assumptions,256,304.0,whitespace_v1,10,3,40,12,9,379,True,"[""full"", ""assumption_eligible"", ""dense_explicit"", ""complete_case""]",0.5208333333333334,0.041666666666666664,25,48,48,24,True,,True,True,True,False,True,True
sports:034__Looking_Ahead:23:24:h1,sports,034__Looking_Ahead,23,1,24,Assert / Elaborate,raw_history_explicit_b256,raw_history_explicit,256,304.0,whitespace_v1,10,3,40,12,9,379,True,"[""full"", ""assumption_eligible"", ""dense_explicit"", ""complete_case""]",0.5833333333333334,0.16666666666666666,25,48,48,24,True,,True,True,True,False,True,True
sports:034__Looking_Ahead:23:26:h3,sports,034__Looking_Ahead,23,3,26,Assert / Elaborate,raw_history_b256,raw_history,256,256.0,whitespace_v1,10,3,40,12,9,379,True,"[""full"", ""assumption_eligible"", ""dense_explicit"", ""complete_case""]",0.5208333333333334,0.041666666666666664,25,48,48,24,True,,True,True,True,False,True,True
sports:034__Looking_Ahead:23:26:h3,sports,034__Looking_Ahead,23,3,26,Assert / Elaborate,raw_history_true_assumptions_b256,raw_history_true_assumptions,256,304.0,whitespace_v1,10,3,40,12,9,379,True,"[""full"", ""assumption_eligible"", ""dense_explicit"", ""complete_case""]",0.5,0.0,25,48,48,24,True,,True,True,True,False,True,True
sports:034__Looking_Ahead:23:26:h3,sports,034__Looking_Ahead,23,3,26,Assert / Elaborate,raw_history_different_episode_assumptions_b256,raw_history_different_episode_assumptions,256,304.0,whitespace_v1,10,3,40,12,9,379,True,"[""full"", ""assumption_eligible"", ""dense_explicit"", ""complete_case""]",0.5,0.0,25,48,48,24,True,,True,True,True,False,True,True
sports:034__Looking_Ahead:23:26:h3,sports,034__Looking_Ahead,23,3,26,Assert / Elaborate,raw_history_same_episode_random_turn_assumptions_b256,raw_history_same_episode_random_turn_assumptions,256,304.0,whitespace_v1,10,3,40,12,9,379,True,"[""full"", ""assumption_eligible"", ""dense_explicit"", ""complete_case""]",0.5,0.0,25,48,48,24,True,,True,True,True,False,True,True
sports:034__Looking_Ahead:23:26:h3,sports,034__Looking_Ahead,23,3,26,Assert / Elaborate,raw_history_explicit_b256,raw_history_explicit,256,304.0,whitespace_v1,10,3,40,12,9,379,True,"[""full"", ""assumption_eligible"", ""dense_explicit"", ""complete_case""]",0.5,0.0,25,48,48,24,True,,True,True,True,False,True,True
sports:034__Looking_Ahead:23:28:h5,sports,034__Looking_Ahead,23,5,28,Assert / Elaborate,raw_history_b256,raw_history,256,256.0,whitespace_v1,10,3,40,12,9,379,True,"[""full"", ""assumption_eligible"", ""dense_explicit"", ""complete_case""]",0.5,0.0,25,48,48,24,True,,True,True,True,False,True,True
sports:034__Looking_Ahead:23:28:h5,sports,034__Looking_Ahead,23,5,28,Assert / Elaborate,raw_history_true_assumptions_b256,raw_history_true_assumptions,256,304.0,whitespace_v1,10,3,40,12,9,379,True,"[""full"", ""assumption_eligible"", ""dense_explicit"", ""complete_case""]",0.5,0.0,25,48,48,24,True,,True,True,True,False,True,True
sports:034__Looking_Ahead:23:28:h5,sports,034__Looking_Ahead,23,5,28,Assert / Elaborate,raw_history_different_episode_assumptions_b256,raw_history_different_episode_assumptions,256,304.0,whitespace_v1,10,3,40,12,9,379,True,"[""full"", ""assumption_eligible"", ""dense_explicit"", ""complete_case""]",0.5208333333333334,0.041666666666666664,25,48,48,24,True,,True,True,True,False,True,True
sports:034__Looking_Ahead:23:28:h5,sports,034__Looking_Ahead,23,5,28,Assert / Elaborate,raw_history_same_episode_random_turn_assumptions_b256,raw_history_same_episode_random_turn_assumptions,256,304.0,whitespace_v1,10,3,40,12,9,379,True,"[""full"", ""assumption_eligible"", ""dense_explicit"", ""complete_case""]",0.5,0.0,25,48,48,24,True,,True,True,True,False,True,True
sports:034__Looking_Ahead:23:28:h5,sports,034__Looking_Ahead,23,5,28,Assert / Elaborate,raw_history_explicit_b256,raw_history_explicit,256,304.0,whitespace_v1,10,3,40,12,9,379,True,"[""full"", ""assumption_eligible"", ""dense_explicit"", ""complete_case""]",0.5,0.08333333333333333,25,48,48,24,True,,True,True,True,False,True,True
sports:034__Looking_Ahead:24:25:h1,sports,034__Looking_Ahead,24,1,25,Assert / Elaborate,raw_history_b256,raw_history,256,256.0,whitespace_v1,10,3,40,12,10,473,True,"[""full"", ""assumption_eligible"", ""dense_explicit"", ""complete_case""]",0.5625,0.125,25,48,48,24,True,,True,True,True,False,True,True
sports:034__Looking_Ahead:24:25:h1,sports,034__Looking_Ahead,24,1,25,Assert / Elaborate,raw_history_true_assumptions_b256,raw_history_true_assumptions,256,293.0,whitespace_v1,10,3,40,12,10,473,True,"[""full"", ""assumption_eligible"", ""dense_explicit"", ""complete_case""]",0.5416666666666666,0.08333333333333333,25,48,48,24,True,,True,True,True,False,True,True
sports:034__Looking_Ahead:24:25:h1,sports,034__Looking_Ahead,24,1,25,Assert / Elaborate,raw_history_different_episode_assumptions_b256,raw_history_different_episode_assumptions,256,293.0,whitespace_v1,10,3,40,12,10,473,True,"[""full"", ""assumption_eligible"", ""dense_explicit"", ""complete_case""]",0.5416666666666666,0.08333333333333333,25,48,48,24,True,,True,True,True,False,True,True
sports:034__Looking_Ahead:24:25:h1,sports,034__Looking_Ahead,24,1,25,Assert / Elaborate,raw_history_same_episode_random_turn_assumptions_b256,raw_history_same_episode_random_turn_assumptions,256,293.0,whitespace_v1,10,3,40,12,10,473,True,"[""full"", ""assumption_eligible"", ""dense_explicit"", ""complete_case""]",0.5625,0.125,25,48,48,24,True,,True,True,True,False,True,True
sports:034__Looking_Ahead:24:25:h1,sports,034__Looking_Ahead,24,1,25,Assert / Elaborate,raw_history_explicit_b256,raw_history_explicit,256,293.0,whitespace_v1,10,3,40,12,10,473,True,"[""full"", ""assumption_eligible"", ""dense_explicit"", ""complete_case""]",0.5833333333333334,0.16666666666666666,25,48,48,24,True,,True,True,True,False,True,True
sports:034__Looking_Ahead:24:27:h3,sports,034__Looking_Ahead,24,3,27,Assert / Elaborate,raw_history_b256,raw_history,256,256.0,whitespace_v1,10,3,40,12,10,473,True,"[""full"", ""assumption_eligible"", ""dense_explicit"", ""complete_case""]",0.5208333333333334,0.041666666666666664,25,48,48,24,True,,True,True,True,False,True,True
sports:034__Looking_Ahead:24:27:h3,sports,034__Looking_Ahead,24,3,27,Assert / Elaborate,raw_history_true_assumptions_b256,raw_history_true_assumptions,256,293.0,whitespace_v1,10,3,40,12,10,473,True,"[""full"", ""assumption_eligible"", ""dense_explicit"", ""complete_case""]",0.5,0.0,25,48,48,24,True,,True,True,True,False,True,True
sports:034__Looking_Ahead:24:27:h3,sports,034__Looking_Ahead,24,3,27,Assert / Elaborate,raw_history_different_episode_assumptions_b256,raw_history_different_episode_assumptions,256,293.0,whitespace_v1,10,3,40,12,10,473,True,"[""full"", ""assumption_eligible"", ""dense_explicit"", ""complete_case""]",0.5,0.0,25,48,48,24,True,,True,True,True,False,True,True
sports:034__Looking_Ahead:24:27:h3,sports,034__Looking_Ahead,24,3,27,Assert / Elaborate,raw_history_same_episode_random_turn_assumptions_b256,raw_history_same_episode_random_turn_assumptions,256,293.0,whitespace_v1,10,3,40,12,10,473,True,"[""full"", ""assumption_eligible"", ""dense_explicit"", ""complete_case""]",0.5,0.0,25,48,48,24,True,,True,True,True,False,True,True
sports:034__Looking_Ahead:24:27:h3,sports,034__Looking_Ahead,24,3,27,Assert / Elaborate,raw_history_explicit_b256,raw_history_explicit,256,293.0,whitespace_v1,10,3,40,12,10,473,True,"[""full"", ""assumption_eligible"", ""dense_explicit"", ""complete_case""]",0.5208333333333334,0.041666666666666664,25,48,48,24,True,,True,True,True,False,True,True
sports:034__Looking_Ahead:25:26:h1,sports,034__Looking_Ahead,25,1,26,Assert / Elaborate,raw_history_b256,raw_history,256,256.0,whitespace_v1,10,3,40,12,10,414,True,"[""full"", ""assumption_eligible"", ""dense_explicit"", ""complete_case""]",0.5416666666666666,0.08333333333333333,25,48,48,24,True,,True,True,True,False,True,True
sports:034__Looking_Ahead:25:26:h1,sports,034__Looking_Ahead,25,1,26,Assert / Elaborate,raw_history_true_assumptions_b256,raw_history_true_assumptions,256,293.0,whitespace_v1,10,3,40,12,10,414,True,"[""full"", ""assumption_eligible"", ""dense_explicit"", ""complete_case""]",0.5416666666666666,0.08333333333333333,25,48,48,24,True,,True,True,True,False,True,True
sports:034__Looking_Ahead:25:26:h1,sports,034__Looking_Ahead,25,1,26,Assert / Elaborate,raw_history_different_episode_assumptions_b256,raw_history_different_episode_assumptions,256,293.0,whitespace_v1,10,3,40,12,10,414,True,"[""full"", ""assumption_eligible"", ""dense_explicit"", ""complete_case""]",0.5,0.0,25,48,48,24,True,,True,True,True,False,True,True
sports:034__Looking_Ahead:25:26:h1,sports,034__Looking_Ahead,25,1,26,Assert / Elaborate,raw_history_same_episode_random_turn_assumptions_b256,raw_history_same_episode_random_turn_assumptions,256,293.0,whitespace_v1,10,3,40,12,10,414,True,"[""full"", ""assumption_eligible"", ""dense_explicit"", ""complete_case""]",0.5625,0.125,25,48,48,24,True,,True,True,True,False,True,True
sports:034__Looking_Ahead:25:26:h1,sports,034__Looking_Ahead,25,1,26,Assert / Elaborate,raw_history_explicit_b256,raw_history_explicit,256,293.0,whitespace_v1,10,3,40,12,10,414,True,"[""full"", ""assumption_eligible"", ""dense_explicit"", ""complete_case""]",0.5833333333333334,0.16666666666666666,25,48,48,24,True,,True,True,True,False,True,True
sports:034__Looking_Ahead:25:28:h3,sports,034__Looking_Ahead,25,3,28,Assert / Elaborate,raw_history_b256,raw_history,256,256.0,whitespace_v1,10,3,40,12,10,414,True,"[""full"", ""assumption_eligible"", ""dense_explicit"", ""complete_case""]",0.5208333333333334,0.041666666666666664,25,48,48,24,True,,True,True,True,False,True,True
sports:034__Looking_Ahead:25:28:h3,sports,034__Looking_Ahead,25,3,28,Assert / Elaborate,raw_history_true_assumptions_b256,raw_history_true_assumptions,256,293.0,whitespace_v1,10,3,40,12,10,414,True,"[""full"", ""assumption_eligible"", ""dense_explicit"", ""complete_case""]",0.5208333333333334,0.041666666666666664,25,48,48,24,True,,True,True,True,False,True,True
sports:034__Looking_Ahead:25:28:h3,sports,034__Looking_Ahead,25,3,28,Assert / Elaborate,raw_history_different_episode_assumptions_b256,raw_history_different_episode_assumptions,256,293.0,whitespace_v1,10,3,40,12,10,414,True,"[""full"", ""assumption_eligible"", ""dense_explicit"", ""complete_case""]",0.5,0.0,25,48,48,24,True,,True,True,True,False,True,True
sports:034__Looking_Ahead:25:28:h3,sports,034__Looking_Ahead,25,3,28,Assert / Elaborate,raw_history_same_episode_random_turn_assumptions_b256,raw_history_same_episode_random_turn_assumptions,256,293.0,whitespace_v1,10,3,40,12,10,414,True,"[""full"", ""assumption_eligible"", ""dense_explicit"", ""complete_case""]",0.5208333333333334,0.041666666666666664,25,48,48,24,True,,True,True,True,False,True,True
sports:034__Looking_Ahead:25:28:h3,sports,034__Looking_Ahead,25,3,28,Assert / Elaborate,raw_history_explicit_b256,raw_history_explicit,256,293.0,whitespace_v1,10,3,40,12,10,414,True,"[""full"", ""assumption_eligible"", ""dense_explicit"", ""complete_case""]",0.625,0.25,25,48,48,24,True,,True,True,True,False,True,True
sports:034__Looking_Ahead:26:27:h1,sports,034__Looking_Ahead,26,1,27,Assert / Elaborate,raw_history_b256,raw_history,256,256.0,whitespace_v1,10,3,40,12,10,293,True,"[""full"", ""assumption_eligible"", ""dense_explicit"", ""complete_case""]",0.5416666666666666,0.08333333333333333,25,48,48,24,True,,True,True,True,False,True,True
sports:034__Looking_Ahead:26:27:h1,sports,034__Looking_Ahead,26,1,27,Assert / Elaborate,raw_history_true_assumptions_b256,raw_history_true_assumptions,256,300.0,whitespace_v1,10,3,40,12,10,293,True,"[""full"", ""assumption_eligible"", ""dense_explicit"", ""complete_case""]",0.5416666666666666,0.08333333333333333,25,48,48,24,True,,True,True,True,False,True,True
sports:034__Looking_Ahead:26:27:h1,sports,034__Looking_Ahead,26,1,27,Assert / Elaborate,raw_history_different_episode_assumptions_b256,raw_history_different_episode_assumptions,256,300.0,whitespace_v1,10,3,40,12,10,293,True,"[""full"", ""assumption_eligible"", ""dense_explicit"", ""complete_case""]",0.5208333333333334,0.041666666666666664,25,48,48,24,True,,True,True,True,False,True,True
sports:034__Looking_Ahead:26:27:h1,sports,034__Looking_Ahead,26,1,27,Assert / Elaborate,raw_history_same_episode_random_turn_assumptions_b256,raw_history_same_episode_random_turn_assumptions,256,300.0,whitespace_v1,10,3,40,12,10,293,True,"[""full"", ""assumption_eligible"", ""dense_explicit"", ""complete_case""]",0.5208333333333334,0.041666666666666664,25,48,48,24,True,,True,True,True,False,True,True
sports:034__Looking_Ahead:26:27:h1,sports,034__Looking_Ahead,26,1,27,Assert / Elaborate,raw_history_explicit_b256,raw_history_explicit,256,300.0,whitespace_v1,10,3,40,12,10,293,True,"[""full"", ""assumption_eligible"", ""dense_explicit"", ""complete_case""]",0.5208333333333334,0.041666666666666664,25,48,48,24,True,,True,True,True,False,True,True
sports:034__Looking_Ahead:27:28:h1,sports,034__Looking_Ahead,27,1,28,Assert / Elaborate,raw_history_b256,raw_history,256,256.0,whitespace_v1,7,3,37,12,7,214,True,"[""full"", ""assumption_eligible"", ""dense_explicit"", ""complete_case""]",0.5833333333333334,0.16666666666666666,25,48,48,24,True,,True,True,True,False,True,True
sports:034__Looking_Ahead:27:28:h1,sports,034__Looking_Ahead,27,1,28,Assert / Elaborate,raw_history_true_assumptions_b256,raw_history_true_assumptions,256,298.0,whitespace_v1,7,3,37,12,7,214,True,"[""full"", ""assumption_eligible"", ""dense_explicit"", ""complete_case""]",0.5625,0.125,25,48,48,24,True,,True,True,True,False,True,True
sports:034__Looking_Ahead:27:28:h1,sports,034__Looking_Ahead,27,1,28,Assert / Elaborate,raw_history_different_episode_assumptions_b256,raw_history_different_episode_assumptions,256,298.0,whitespace_v1,7,3,37,12,7,214,True,"[""full"", ""assumption_eligible"", ""dense_explicit"", ""complete_case""]",0.5416666666666666,0.08333333333333333,25,48,48,24,True,,True,True,True,False,True,True
sports:034__Looking_Ahead:27:28:h1,sports,034__Looking_Ahead,27,1,28,Assert / Elaborate,raw_history_same_episode_random_turn_assumptions_b256,raw_history_same_episode_random_turn_assumptions,256,298.0,whitespace_v1,7,3,37,12,7,214,True,"[""full"", ""assumption_eligible"", ""dense_explicit"", ""complete_case""]",0.5416666666666666,0.08333333333333333,25,48,48,24,True,,True,True,True,False,True,True
sports:034__Looking_Ahead:27:28:h1,sports,034__Looking_Ahead,27,1,28,Assert / Elaborate,raw_history_explicit_b256,raw_history_explicit,256,298.0,whitespace_v1,7,3,37,12,7,214,True,"[""full"", ""assumption_eligible"", ""dense_explicit"", ""complete_case""]",0.5625,0.125,25,48,48,24,True,,True,True,True,False,True,True
sports:06.09.2020__The_Bucks_are_headed_to_Disney_World_as_basketball_sets_return:0:1:h1,sports,06.09.2020__The_Bucks_are_headed_to_Disney_World_as_basketball_sets_return,0,1,1,Assert / Elaborate,raw_history_b256,raw_history,256,203.0,whitespace_v1,6,3,6,3,5,203,True,"[""full"", ""assumption_eligible"", ""dense_explicit""]",0.5208333333333334,0.041666666666666664,25,48,48,24,True,,True,True,True,False,True,False
sports:06.09.2020__The_Bucks_are_headed_to_Disney_World_as_basketball_sets_return:0:1:h1,sports,06.09.2020__The_Bucks_are_headed_to_Disney_World_as_basketball_sets_return,0,1,1,Assert / Elaborate,raw_history_true_assumptions_b256,raw_history_true_assumptions,256,242.0,whitespace_v1,6,3,6,3,5,203,True,"[""full"", ""assumption_eligible"", ""dense_explicit""]",0.5625,0.125,25,48,48,24,True,,True,True,True,False,True,False
sports:06.09.2020__The_Bucks_are_headed_to_Disney_World_as_basketball_sets_return:0:1:h1,sports,06.09.2020__The_Bucks_are_headed_to_Disney_World_as_basketball_sets_return,0,1,1,Assert / Elaborate,raw_history_different_episode_assumptions_b256,raw_history_different_episode_assumptions,256,242.0,whitespace_v1,6,3,6,3,5,203,True,"[""full"", ""assumption_eligible"", ""dense_explicit""]",0.5416666666666666,0.08333333333333333,25,48,48,24,True,,True,True,True,False,True,False
sports:06.09.2020__The_Bucks_are_headed_to_Disney_World_as_basketball_sets_return:0:1:h1,sports,06.09.2020__The_Bucks_are_headed_to_Disney_World_as_basketball_sets_return,0,1,1,Assert / Elaborate,raw_history_same_episode_random_turn_assumptions_b256,raw_history_same_episode_random_turn_assumptions,256,,whitespace_v1,6,3,6,3,5,203,True,[],,,25,48,0,0,False,no_length_matched_same_episode_random_turn_donor,True,False,False,False,False,False
sports:06.09.2020__The_Bucks_are_headed_to_Disney_World_as_basketball_sets_return:0:1:h1,sports,06.09.2020__The_Bucks_are_headed_to_Disney_World_as_basketball_sets_return,0,1,1,Assert / Elaborate,raw_history_explicit_b256,raw_history_explicit,256,242.0,whitespace_v1,6,3,6,3,5,203,True,"[""full"", ""assumption_eligible"", ""dense_explicit""]",0.5416666666666666,0.08333333333333333,25,48,48,24,True,,True,True,True,False,True,False
sports:06.09.2020__The_Bucks_are_headed_to_Disney_World_as_basketball_sets_return:0:3:h3,sports,06.09.2020__The_Bucks_are_headed_to_Disney_World_as_basketball_sets_return,0,3,3,Assert / Elaborate,raw_history_b256,raw_history,256,203.0,whitespace_v1,6,3,6,3,5,203,True,"[""full"", ""assumption_eligible"", ""dense_explicit""]",0.5,0.0,25,48,48,24,True,,True,True,True,False,True,False
sports:06.09.2020__The_Bucks_are_headed_to_Disney_World_as_basketball_sets_return:0:3:h3,sports,06.09.2020__The_Bucks_are_headed_to_Disney_World_as_basketball_sets_return,0,3,3,Assert / Elaborate,raw_history_true_assumptions_b256,raw_history_true_assumptions,256,242.0,whitespace_v1,6,3,6,3,5,203,True,"[""full"", ""assumption_eligible"", ""dense_explicit""]",0.5625,0.125,25,48,48,24,True,,True,True,True,False,True,False
sports:06.09.2020__The_Bucks_are_headed_to_Disney_World_as_basketball_sets_return:0:3:h3,sports,06.09.2020__The_Bucks_are_headed_to_Disney_World_as_basketball_sets_return,0,3,3,Assert / Elaborate,raw_history_different_episode_assumptions_b256,raw_history_different_episode_assumptions,256,242.0,whitespace_v1,6,3,6,3,5,203,True,"[""full"", ""assumption_eligible"", ""dense_explicit""]",0.5416666666666666,0.08333333333333333,25,48,48,24,True,,True,True,True,False,True,False
sports:06.09.2020__The_Bucks_are_headed_to_Disney_World_as_basketball_sets_return:0:3:h3,sports,06.09.2020__The_Bucks_are_headed_to_Disney_World_as_basketball_sets_return,0,3,3,Assert / Elaborate,raw_history_same_episode_random_turn_assumptions_b256,raw_history_same_episode_random_turn_assumptions,256,,whitespace_v1,6,3,6,3,5,203,True,[],,,25,48,0,0,False,no_length_matched_same_episode_random_turn_donor,True,False,False,False,False,False
sports:06.09.2020__The_Bucks_are_headed_to_Disney_World_as_basketball_sets_return:0:3:h3,sports,06.09.2020__The_Bucks_are_headed_to_Disney_World_as_basketball_sets_return,0,3,3,Assert / Elaborate,raw_history_explicit_b256,raw_history_explicit,256,242.0,whitespace_v1,6,3,6,3,5,203,True,"[""full"", ""assumption_eligible"", ""dense_explicit""]",0.5208333333333334,0.041666666666666664,25,48,48,24,True,,True,True,True,False,True,False
sports:06.09.2020__The_Bucks_are_headed_to_Disney_World_as_basketball_sets_return:1:2:h1,sports,06.09.2020__The_Bucks_are_headed_to_Disney_World_as_basketball_sets_return,1,1,2,Assert / Elaborate,raw_history_b256,raw_history,256,256.0,whitespace_v1,8,3,14,6,5,161,True,"[""full"", ""assumption_eligible"", ""dense_explicit""]",0.5416666666666666,0.08333333333333333,25,48,48,24,True,,True,True,True,False,True,False
sports:06.09.2020__The_Bucks_are_headed_to_Disney_World_as_basketball_sets_return:1:2:h1,sports,06.09.2020__The_Bucks_are_headed_to_Disney_World_as_basketball_sets_return,1,1,2,Assert / Elaborate,raw_history_true_assumptions_b256,raw_history_true_assumptions,256,288.0,whitespace_v1,8,3,14,6,5,161,True,"[""full"", ""assumption_eligible"", ""dense_explicit""]",0.5208333333333334,0.041666666666666664,25,48,48,24,True,,True,True,True,False,True,False
sports:06.09.2020__The_Bucks_are_headed_to_Disney_World_as_basketball_sets_return:1:2:h1,sports,06.09.2020__The_Bucks_are_headed_to_Disney_World_as_basketball_sets_return,1,1,2,Assert / Elaborate,raw_history_different_episode_assumptions_b256,raw_history_different_episode_assumptions,256,288.0,whitespace_v1,8,3,14,6,5,161,True,"[""full"", ""assumption_eligible"", ""dense_explicit""]",0.5208333333333334,0.041666666666666664,25,48,48,24,True,,True,True,True,False,True,False
sports:06.09.2020__The_Bucks_are_headed_to_Disney_World_as_basketball_sets_return:1:2:h1,sports,06.09.2020__The_Bucks_are_headed_to_Disney_World_as_basketball_sets_return,1,1,2,Assert / Elaborate,raw_history_same_episode_random_turn_assumptions_b256,raw_history_same_episode_random_turn_assumptions,256,,whitespace_v1,8,3,14,6,5,161,True,[],,,25,48,0,0,False,no_length_matched_same_episode_random_turn_donor,True,False,False,False,False,False
sports:06.09.2020__The_Bucks_are_headed_to_Disney_World_as_basketball_sets_return:1:2:h1,sports,06.09.2020__The_Bucks_are_headed_to_Disney_World_as_basketball_sets_return,1,1,2,Assert / Elaborate,raw_history_explicit_b256,raw_history_explicit,256,288.0,whitespace_v1,8,3,14,6,5,161,True,"[""full"", ""assumption_eligible"", ""dense_explicit""]",0.5416666666666666,0.08333333333333333,25,48,48,24,True,,True,True,True,False,True,False
sports:06.09.2020__The_Bucks_are_headed_to_Disney_World_as_basketball_sets_return:1:4:h3,sports,06.09.2020__The_Bucks_are_headed_to_Disney_World_as_basketball_sets_return,1,3,4,Assert / Elaborate,raw_history_b256,raw_history,256,256.0,whitespace_v1,8,3,14,6,5,161,True,"[""full"", ""assumption_eligible"", ""dense_explicit""]",0.5,0.0,25,48,48,24,True,,True,True,True,False,True,False
sports:06.09.2020__The_Bucks_are_headed_to_Disney_World_as_basketball_sets_return:1:4:h3,sports,06.09.2020__The_Bucks_are_headed_to_Disney_World_as_basketball_sets_return,1,3,4,Assert / Elaborate,raw_history_true_assumptions_b256,raw_history_true_assumptions,256,288.0,whitespace_v1,8,3,14,6,5,161,True,"[""full"", ""assumption_eligible"", ""dense_explicit""]",0.5416666666666666,0.08333333333333333,25,48,48,24,True,,True,True,True,False,True,False
sports:06.09.2020__The_Bucks_are_headed_to_Disney_World_as_basketball_sets_return:1:4:h3,sports,06.09.2020__The_Bucks_are_headed_to_Disney_World_as_basketball_sets_return,1,3,4,Assert / Elaborate,raw_history_different_episode_assumptions_b256,raw_history_different_episode_assumptions,256,288.0,whitespace_v1,8,3,14,6,5,161,True,"[""full"", ""assumption_eligible"", ""dense_explicit""]",0.5416666666666666,0.08333333333333333,25,48,48,24,True,,True,True,True,False,True,False
sports:06.09.2020__The_Bucks_are_headed_to_Disney_World_as_basketball_sets_return:1:4:h3,sports,06.09.2020__The_Bucks_are_headed_to_Disney_World_as_basketball_sets_return,1,3,4,Assert / Elaborate,raw_history_same_episode_random_turn_assumptions_b256,raw_history_same_episode_random_turn_assumptions,256,,whitespace_v1,8,3,14,6,5,161,True,[],,,25,48,0,0,False,no_length_matched_same_episode_random_turn_donor,True,False,False,False,False,False
sports:06.09.2020__The_Bucks_are_headed_to_Disney_World_as_basketball_sets_return:1:4:h3,sports,06.09.2020__The_Bucks_are_headed_to_Disney_World_as_basketball_sets_return,1,3,4,Assert / Elaborate,raw_history_explicit_b256,raw_history_explicit,256,288.0,whitespace_v1,8,3,14,6,5,161,True,"[""full"", ""assumption_eligible"", ""dense_explicit""]",0.5416666666666666,0.08333333333333333,25,48,48,24,True,,True,True,True,False,True,False
sports:06.09.2020__The_Bucks_are_headed_to_Disney_World_as_basketball_sets_return:2:3:h1,sports,06.09.2020__The_Bucks_are_headed_to_Disney_World_as_basketball_sets_return,2,1,3,Assert / Elaborate,raw_history_b256,raw_history,256,256.0,whitespace_v1,10,3,24,9,10,321,True,"[""full"", ""assumption_eligible"", ""dense_explicit""]",0.6041666666666666,0.20833333333333334,25,48,48,24,True,,True,True,True,False,True,False
sports:06.09.2020__The_Bucks_are_headed_to_Disney_World_as_basketball_sets_return:2:3:h1,sports,06.09.2020__The_Bucks_are_headed_to_Disney_World_as_basketball_sets_return,2,1,3,Assert / Elaborate,raw_history_true_assumptions_b256,raw_history_true_assumptions,256,318.0,whitespace_v1,10,3,24,9,10,321,True,"[""full"", ""assumption_eligible"", ""dense_explicit""]",0.5833333333333334,0.16666666666666666,25,48,48,24,True,,True,True,True,False,True,False
sports:06.09.2020__The_Bucks_are_headed_to_Disney_World_as_basketball_sets_return:2:3:h1,sports,06.09.2020__The_Bucks_are_headed_to_Disney_World_as_basketball_sets_return,2,1,3,Assert / Elaborate,raw_history_different_episode_assumptions_b256,raw_history_different_episode_assumptions,256,318.0,whitespace_v1,10,3,24,9,10,321,True,"[""full"", ""assumption_eligible"", ""dense_explicit""]",0.6458333333333334,0.2916666666666667,25,48,48,24,True,,True,True,True,False,True,False
sports:06.09.2020__The_Bucks_are_headed_to_Disney_World_as_basketball_sets_return:2:3:h1,sports,06.09.2020__The_Bucks_are_headed_to_Disney_World_as_basketball_sets_return,2,1,3,Assert / Elaborate,raw_history_same_episode_random_turn_assumptions_b256,raw_history_same_episode_random_turn_assumptions,256,,whitespace_v1,10,3,24,9,10,321,True,[],,,25,48,0,0,False,no_length_matched_same_episode_random_turn_donor,True,False,False,False,False,False
sports:06.09.2020__The_Bucks_are_headed_to_Disney_World_as_basketball_sets_return:2:3:h1,sports,06.09.2020__The_Bucks_are_headed_to_Disney_World_as_basketball_sets_return,2,1,3,Assert / Elaborate,raw_history_explicit_b256,raw_history_explicit,256,318.0,whitespace_v1,10,3,24,9,10,321,True,"[""full"", ""assumption_eligible"", ""dense_explicit""]",0.6041666666666666,0.20833333333333334,25,48,48,24,True,,True,True,True,False,True,False
sports:06.09.2020__The_Bucks_are_headed_to_Disney_World_as_basketball_sets_return:3:4:h1,sports,06.09.2020__The_Bucks_are_headed_to_Disney_World_as_basketball_sets_return,3,1,4,Assert / Elaborate,raw_history_b256,raw_history,256,256.0,whitespace_v1,10,3,34,12,10,846,True,"[""full"", ""assumption_eligible"", ""dense_explicit""]",0.5416666666666666,0.08333333333333333,25,48,48,24,True,,True,True,True,False,True,False
sports:06.09.2020__The_Bucks_are_headed_to_Disney_World_as_basketball_sets_return:3:4:h1,sports,06.09.2020__The_Bucks_are_headed_to_Disney_World_as_basketball_sets_return,3,1,4,Assert / Elaborate,raw_history_true_assumptions_b256,raw_history_true_assumptions,256,305.0,whitespace_v1,10,3,34,12,10,846,True,"[""full"", ""assumption_eligible"", ""dense_explicit""]",0.6041666666666666,0.20833333333333334,25,48,48,24,True,,True,True,True,False,True,False
sports:06.09.2020__The_Bucks_are_headed_to_Disney_World_as_basketball_sets_return:3:4:h1,sports,06.09.2020__The_Bucks_are_headed_to_Disney_World_as_basketball_sets_return,3,1,4,Assert / Elaborate,raw_history_different_episode_assumptions_b256,raw_history_different_episode_assumptions,256,305.0,whitespace_v1,10,3,34,12,10,846,True,"[""full"", ""assumption_eligible"", ""dense_explicit""]",0.5416666666666666,0.08333333333333333,25,48,48,24,True,,True,True,True,False,True,False
sports:06.09.2020__The_Bucks_are_headed_to_Disney_World_as_basketball_sets_return:3:4:h1,sports,06.09.2020__The_Bucks_are_headed_to_Disney_World_as_basketball_sets_return,3,1,4,Assert / Elaborate,raw_history_same_episode_random_turn_assumptions_b256,raw_history_same_episode_random_turn_assumptions,256,,whitespace_v1,10,3,34,12,10,846,True,[],,,25,48,0,0,False,no_length_matched_same_episode_random_turn_donor,True,False,False,False,False,False
sports:06.09.2020__The_Bucks_are_headed_to_Disney_World_as_basketball_sets_return:3:4:h1,sports,06.09.2020__The_Bucks_are_headed_to_Disney_World_as_basketball_sets_return,3,1,4,Assert / Elaborate,raw_history_explicit_b256,raw_history_explicit,256,305.0,whitespace_v1,10,3,34,12,10,846,True,"[""full"", ""assumption_eligible"", ""dense_explicit""]",0.6458333333333334,0.2916666666666667,25,48,48,24,True,,True,True,True,False,True,False
sports:06.09.2020__The_Bucks_are_headed_to_Disney_World_as_basketball_sets_return:5:6:h1,sports,06.09.2020__The_Bucks_are_headed_to_Disney_World_as_basketball_sets_return,5,1,6,Clarification Request (Specific),raw_history_b256,raw_history,256,256.0,whitespace_v1,10,3,40,12,10,479,True,"[""full"", ""assumption_eligible"", ""dense_explicit"", ""complete_case""]",0.5416666666666666,0.08333333333333333,25,48,48,24,True,,True,True,True,False,True,True
sports:06.09.2020__The_Bucks_are_headed_to_Disney_World_as_basketball_sets_return:5:6:h1,sports,06.09.2020__The_Bucks_are_headed_to_Disney_World_as_basketball_sets_return,5,1,6,Clarification Request (Specific),raw_history_true_assumptions_b256,raw_history_true_assumptions,256,295.0,whitespace_v1,10,3,40,12,10,479,True,"[""full"", ""assumption_eligible"", ""dense_explicit"", ""complete_case""]",0.5625,0.125,25,48,48,24,True,,True,True,True,False,True,True
sports:06.09.2020__The_Bucks_are_headed_to_Disney_World_as_basketball_sets_return:5:6:h1,sports,06.09.2020__The_Bucks_are_headed_to_Disney_World_as_basketball_sets_return,5,1,6,Clarification Request (Specific),raw_history_different_episode_assumptions_b256,raw_history_different_episode_assumptions,256,295.0,whitespace_v1,10,3,40,12,10,479,True,"[""full"", ""assumption_eligible"", ""dense_explicit"", ""complete_case""]",0.5625,0.125,25,48,48,24,True,,True,True,True,False,True,True
sports:06.09.2020__The_Bucks_are_headed_to_Disney_World_as_basketball_sets_return:5:6:h1,sports,06.09.2020__The_Bucks_are_headed_to_Disney_World_as_basketball_sets_return,5,1,6,Clarification Request (Specific),raw_history_same_episode_random_turn_assumptions_b256,raw_history_same_episode_random_turn_assumptions,256,295.0,whitespace_v1,10,3,40,12,10,479,True,"[""full"", ""assumption_eligible"", ""dense_explicit"", ""complete_case""]",0.5208333333333334,0.041666666666666664,25,48,48,24,True,,True,True,True,False,True,True
sports:06.09.2020__The_Bucks_are_headed_to_Disney_World_as_basketball_sets_return:5:6:h1,sports,06.09.2020__The_Bucks_are_headed_to_Disney_World_as_basketball_sets_return,5,1,6,Clarification Request (Specific),raw_history_explicit_b256,raw_history_explicit,256,295.0,whitespace_v1,10,3,40,12,10,479,True,"[""full"", ""assumption_eligible"", ""dense_explicit"", ""complete_case""]",0.5625,0.125,25,48,48,24,True,,True,True,True,False,True,True
sports:06.09.2020__The_Bucks_are_headed_to_Disney_World_as_basketball_sets_return:5:8:h3,sports,06.09.2020__The_Bucks_are_headed_to_Disney_World_as_basketball_sets_return,5,3,8,Clarification Request (Specific),raw_history_b256,raw_history,256,256.0,whitespace_v1,10,3,40,12,10,479,True,"[""full"", ""assumption_eligible"", ""dense_explicit"", ""complete_case""]",0.5625,0.125,25,48,48,24,True,,True,True,True,False,True,True
sports:06.09.2020__The_Bucks_are_headed_to_Disney_World_as_basketball_sets_return:5:8:h3,sports,06.09.2020__The_Bucks_are_headed_to_Disney_World_as_basketball_sets_return,5,3,8,Clarification Request (Specific),raw_history_true_assumptions_b256,raw_history_true_assumptions,256,295.0,whitespace_v1,10,3,40,12,10,479,True,"[""full"", ""assumption_eligible"", ""dense_explicit"", ""complete_case""]",0.5208333333333334,0.041666666666666664,25,48,48,24,True,,True,True,True,False,True,True
sports:06.09.2020__The_Bucks_are_headed_to_Disney_World_as_basketball_sets_return:5:8:h3,sports,06.09.2020__The_Bucks_are_headed_to_Disney_World_as_basketball_sets_return,5,3,8,Clarification Request (Specific),raw_history_different_episode_assumptions_b256,raw_history_different_episode_assumptions,256,295.0,whitespace_v1,10,3,40,12,10,479,True,"[""full"", ""assumption_eligible"", ""dense_explicit"", ""complete_case""]",0.5,0.0,25,48,48,24,True,,True,True,True,False,True,True
sports:06.09.2020__The_Bucks_are_headed_to_Disney_World_as_basketball_sets_return:5:8:h3,sports,06.09.2020__The_Bucks_are_headed_to_Disney_World_as_basketball_sets_return,5,3,8,Clarification Request (Specific),raw_history_same_episode_random_turn_assumptions_b256,raw_history_same_episode_random_turn_assumptions,256,295.0,whitespace_v1,10,3,40,12,10,479,True,"[""full"", ""assumption_eligible"", ""dense_explicit"", ""complete_case""]",0.5,0.0,25,48,48,24,True,,True,True,True,False,True,True
sports:06.09.2020__The_Bucks_are_headed_to_Disney_World_as_basketball_sets_return:5:8:h3,sports,06.09.2020__The_Bucks_are_headed_to_Disney_World_as_basketball_sets_return,5,3,8,Clarification Request (Specific),raw_history_explicit_b256,raw_history_explicit,256,295.0,whitespace_v1,10,3,40,12,10,479,True,"[""full"", ""assumption_eligible"", ""dense_explicit"", ""complete_case""]",0.5,0.0,25,48,48,24,True,,True,True,True,False,True,True
sports:06.09.2020__The_Bucks_are_headed_to_Disney_World_as_basketball_sets_return:5:10:h5,sports,06.09.2020__The_Bucks_are_headed_to_Disney_World_as_basketball_sets_return,5,5,10,Clarification Request (Specific),raw_history_b256,raw_history,256,256.0,whitespace_v1,10,3,40,12,10,479,True,"[""full"", ""assumption_eligible"", ""dense_explicit"", ""complete_case""]",0.5,0.0,25,48,48,24,True,,True,True,True,False,True,True
sports:06.09.2020__The_Bucks_are_headed_to_Disney_World_as_basketball_sets_return:5:10:h5,sports,06.09.2020__The_Bucks_are_headed_to_Disney_World_as_basketball_sets_return,5,5,10,Clarification Request (Specific),raw_history_true_assumptions_b256,raw_history_true_assumptions,256,295.0,whitespace_v1,10,3,40,12,10,479,True,"[""full"", ""assumption_eligible"", ""dense_explicit"", ""complete_case""]",0.5,0.0,25,48,48,24,True,,True,True,True,False,True,True
sports:06.09.2020__The_Bucks_are_headed_to_Disney_World_as_basketball_sets_return:5:10:h5,sports,06.09.2020__The_Bucks_are_headed_to_Disney_World_as_basketball_sets_return,5,5,10,Clarification Request (Specific),raw_history_different_episode_assumptions_b256,raw_history_different_episode_assumptions,256,295.0,whitespace_v1,10,3,40,12,10,479,True,"[""full"", ""assumption_eligible"", ""dense_explicit"", ""complete_case""]",0.5208333333333334,0.041666666666666664,25,48,48,24,True,,True,True,True,False,True,True
sports:06.09.2020__The_Bucks_are_headed_to_Disney_World_as_basketball_sets_return:5:10:h5,sports,06.09.2020__The_Bucks_are_headed_to_Disney_World_as_basketball_sets_return,5,5,10,Clarification Request (Specific),raw_history_same_episode_random_turn_assumptions_b256,raw_history_same_episode_random_turn_assumptions,256,295.0,whitespace_v1,10,3,40,12,10,479,True,"[""full"", ""assumption_eligible"", ""dense_explicit"", ""complete_case""]",0.5208333333333334,0.041666666666666664,25,48,48,24,True,,True,True,True,False,True,True
sports:06.09.2020__The_Bucks_are_headed_to_Disney_World_as_basketball_sets_return:5:10:h5,sports,06.09.2020__The_Bucks_are_headed_to_Disney_World_as_basketball_sets_return,5,5,10,Clarification Request (Specific),raw_history_explicit_b256,raw_history_explicit,256,295.0,whitespace_v1,10,3,40,12,10,479,True,"[""full"", ""assumption_eligible"", ""dense_explicit"", ""complete_case""]",0.5,0.0,25,48,48,24,True,,True,True,True,False,True,True
sports:06.09.2020__The_Bucks_are_headed_to_Disney_World_as_basketball_sets_return:6:7:h1,sports,06.09.2020__The_Bucks_are_headed_to_Disney_World_as_basketball_sets_return,6,1,7,Assert / Elaborate,raw_history_b256,raw_history,256,256.0,whitespace_v1,8,3,38,12,8,193,True,"[""full"", ""assumption_eligible"", ""dense_explicit"", ""complete_case""]",0.6875,0.375,25,48,48,24,True,,True,True,True,False,True,True
sports:06.09.2020__The_Bucks_are_headed_to_Disney_World_as_basketball_sets_return:6:7:h1,sports,06.09.2020__The_Bucks_are_headed_to_Disney_World_as_basketball_sets_return,6,1,7,Assert / Elaborate,raw_history_true_assumptions_b256,raw_history_true_assumptions,256,290.0,whitespace_v1,8,3,38,12,8,193,True,"[""full"", ""assumption_eligible"", ""dense_explicit"", ""complete_case""]",0.625,0.25,25,48,48,24,True,,True,True,True,False,True,True
sports:06.09.2020__The_Bucks_are_headed_to_Disney_World_as_basketball_sets_return:6:7:h1,sports,06.09.2020__The_Bucks_are_headed_to_Disney_World_as_basketball_sets_return,6,1,7,Assert / Elaborate,raw_history_different_episode_assumptions_b256,raw_history_different_episode_assumptions,256,290.0,whitespace_v1,8,3,38,12,8,193,True,"[""full"", ""assumption_eligible"", ""dense_explicit"", ""complete_case""]",0.6041666666666666,0.20833333333333334,25,48,48,24,True,,True,True,True,False,True,True
sports:06.09.2020__The_Bucks_are_headed_to_Disney_World_as_basketball_sets_return:6:7:h1,sports,06.09.2020__The_Bucks_are_headed_to_Disney_World_as_basketball_sets_return,6,1,7,Assert / Elaborate,raw_history_same_episode_random_turn_assumptions_b256,raw_history_same_episode_random_turn_assumptions,256,290.0,whitespace_v1,8,3,38,12,8,193,True,"[""full"", ""assumption_eligible"", ""dense_explicit"", ""complete_case""]",0.6458333333333334,0.2916666666666667,25,48,48,24,True,,True,True,True,False,True,True
sports:06.09.2020__The_Bucks_are_headed_to_Disney_World_as_basketball_sets_return:6:7:h1,sports,06.09.2020__The_Bucks_are_headed_to_Disney_World_as_basketball_sets_return,6,1,7,Assert / Elaborate,raw_history_explicit_b256,raw_history_explicit,256,290.0,whitespace_v1,8,3,38,12,8,193,True,"[""full"", ""assumption_eligible"", ""dense_explicit"", ""complete_case""]",0.625,0.25,25,48,48,24,True,,True,True,True,False,True,True
sports:06.09.2020__The_Bucks_are_headed_to_Disney_World_as_basketball_sets_return:6:9:h3,sports,06.09.2020__The_Bucks_are_headed_to_Disney_World_as_basketball_sets_return,6,3,9,Assert / Elaborate,raw_history_b256,raw_history,256,256.0,whitespace_v1,8,3,38,12,8,193,True,"[""full"", ""assumption_eligible"", ""dense_explicit"", ""complete_case""]",0.6041666666666666,0.20833333333333334,25,48,48,24,True,,True,True,True,False,True,True
sports:06.09.2020__The_Bucks_are_headed_to_Disney_World_as_basketball_sets_return:6:9:h3,sports,06.09.2020__The_Bucks_are_headed_to_Disney_World_as_basketball_sets_return,6,3,9,Assert / Elaborate,raw_history_true_assumptions_b256,raw_history_true_assumptions,256,290.0,whitespace_v1,8,3,38,12,8,193,True,"[""full"", ""assumption_eligible"", ""dense_explicit"", ""complete_case""]",0.5416666666666666,0.08333333333333333,25,48,48,24,True,,True,True,True,False,True,True
sports:06.09.2020__The_Bucks_are_headed_to_Disney_World_as_basketball_sets_return:6:9:h3,sports,06.09.2020__The_Bucks_are_headed_to_Disney_World_as_basketball_sets_return,6,3,9,Assert / Elaborate,raw_history_different_episode_assumptions_b256,raw_history_different_episode_assumptions,256,290.0,whitespace_v1,8,3,38,12,8,193,True,"[""full"", ""assumption_eligible"", ""dense_explicit"", ""complete_case""]",0.5625,0.125,25,48,48,24,True,,True,True,True,False,True,True
sports:06.09.2020__The_Bucks_are_headed_to_Disney_World_as_basketball_sets_return:6:9:h3,sports,06.09.2020__The_Bucks_are_headed_to_Disney_World_as_basketball_sets_return,6,3,9,Assert / Elaborate,raw_history_same_episode_random_turn_assumptions_b256,raw_history_same_episode_random_turn_assumptions,256,290.0,whitespace_v1,8,3,38,12,8,193,True,"[""full"", ""assumption_eligible"", ""dense_explicit"", ""complete_case""]",0.5625,0.125,25,48,48,24,True,,True,True,True,False,True,True
sports:06.09.2020__The_Bucks_are_headed_to_Disney_World_as_basketball_sets_return:6:9:h3,sports,06.09.2020__The_Bucks_are_headed_to_Disney_World_as_basketball_sets_return,6,3,9,Assert / Elaborate,raw_history_explicit_b256,raw_history_explicit,256,290.0,whitespace_v1,8,3,38,12,8,193,True,"[""full"", ""assumption_eligible"", ""dense_explicit"", ""complete_case""]",0.5833333333333334,0.16666666666666666,25,48,48,24,True,,True,True,True,False,True,True
sports:06.09.2020__The_Bucks_are_headed_to_Disney_World_as_basketball_sets_return:6:11:h5,sports,06.09.2020__The_Bucks_are_headed_to_Disney_World_as_basketball_sets_return,6,5,11,Assert / Elaborate,raw_history_b256,raw_history,256,256.0,whitespace_v1,8,3,38,12,8,193,True,"[""full"", ""assumption_eligible"", ""dense_explicit"", ""complete_case""]",0.5416666666666666,0.08333333333333333,25,48,48,24,True,,True,True,True,False,True,True
sports:06.09.2020__The_Bucks_are_headed_to_Disney_World_as_basketball_sets_return:6:11:h5,sports,06.09.2020__The_Bucks_are_headed_to_Disney_World_as_basketball_sets_return,6,5,11,Assert / Elaborate,raw_history_true_assumptions_b256,raw_history_true_assumptions,256,290.0,whitespace_v1,8,3,38,12,8,193,True,"[""full"", ""assumption_eligible"", ""dense_explicit"", ""complete_case""]",0.5,0.0,25,48,48,24,True,,True,True,True,False,True,True
sports:06.09.2020__The_Bucks_are_headed_to_Disney_World_as_basketball_sets_return:6:11:h5,sports,06.09.2020__The_Bucks_are_headed_to_Disney_World_as_basketball_sets_return,6,5,11,Assert / Elaborate,raw_history_different_episode_assumptions_b256,raw_history_different_episode_assumptions,256,290.0,whitespace_v1,8,3,38,12,8,193,True,"[""full"", ""assumption_eligible"", ""dense_explicit"", ""complete_case""]",0.5208333333333334,0.041666666666666664,25,48,48,24,True,,True,True,True,False,True,True
sports:06.09.2020__The_Bucks_are_headed_to_Disney_World_as_basketball_sets_return:6:11:h5,sports,06.09.2020__The_Bucks_are_headed_to_Disney_World_as_basketball_sets_return,6,5,11,Assert / Elaborate,raw_history_same_episode_random_turn_assumptions_b256,raw_history_same_episode_random_turn_assumptions,256,290.0,whitespace_v1,8,3,38,12,8,193,True,"[""full"", ""assumption_eligible"", ""dense_explicit"", ""complete_case""]",0.5416666666666666,0.08333333333333333,25,48,48,24,True,,True,True,True,False,True,True
sports:06.09.2020__The_Bucks_are_headed_to_Disney_World_as_basketball_sets_return:6:11:h5,sports,06.09.2020__The_Bucks_are_headed_to_Disney_World_as_basketball_sets_return,6,5,11,Assert / Elaborate,raw_history_explicit_b256,raw_history_explicit,256,290.0,whitespace_v1,8,3,38,12,8,193,True,"[""full"", ""assumption_eligible"", ""dense_explicit"", ""complete_case""]",0.5208333333333334,0.041666666666666664,25,48,48,24,True,,True,True,True,False,True,True
sports:06.09.2020__The_Bucks_are_headed_to_Disney_World_as_basketball_sets_return:7:8:h1,sports,06.09.2020__The_Bucks_are_headed_to_Disney_World_as_basketball_sets_return,7,1,8,Clarification Request (Specific),raw_history_b256,raw_history,256,256.0,whitespace_v1,10,3,38,12,10,609,True,"[""full"", ""assumption_eligible"", ""dense_explicit"", ""complete_case""]",0.5416666666666666,0.08333333333333333,25,48,48,24,True,,True,True,True,False,True,True
sports:06.09.2020__The_Bucks_are_headed_to_Disney_World_as_basketball_sets_return:7:8:h1,sports,06.09.2020__The_Bucks_are_headed_to_Disney_World_as_basketball_sets_return,7,1,8,Clarification Request (Specific),raw_history_true_assumptions_b256,raw_history_true_assumptions,256,293.0,whitespace_v1,10,3,38,12,10,609,True,"[""full"", ""assumption_eligible"", ""dense_explicit"", ""complete_case""]",0.5625,0.125,25,48,48,24,True,,True,True,True,False,True,True
sports:06.09.2020__The_Bucks_are_headed_to_Disney_World_as_basketball_sets_return:7:8:h1,sports,06.09.2020__The_Bucks_are_headed_to_Disney_World_as_basketball_sets_return,7,1,8,Clarification Request (Specific),raw_history_different_episode_assumptions_b256,raw_history_different_episode_assumptions,256,293.0,whitespace_v1,10,3,38,12,10,609,True,"[""full"", ""assumption_eligible"", ""dense_explicit"", ""complete_case""]",0.5,0.0,25,48,48,24,True,,True,True,True,False,True,True
sports:06.09.2020__The_Bucks_are_headed_to_Disney_World_as_basketball_sets_return:7:8:h1,sports,06.09.2020__The_Bucks_are_headed_to_Disney_World_as_basketball_sets_return,7,1,8,Clarification Request (Specific),raw_history_same_episode_random_turn_assumptions_b256,raw_history_same_episode_random_turn_assumptions,256,293.0,whitespace_v1,10,3,38,12,10,609,True,"[""full"", ""assumption_eligible"", ""dense_explicit"", ""complete_case""]",0.5,0.0,25,48,48,24,True,,True,True,True,False,True,True
sports:06.09.2020__The_Bucks_are_headed_to_Disney_World_as_basketball_sets_return:7:8:h1,sports,06.09.2020__The_Bucks_are_headed_to_Disney_World_as_basketball_sets_return,7,1,8,Clarification Request (Specific),raw_history_explicit_b256,raw_history_explicit,256,293.0,whitespace_v1,10,3,38,12,10,609,True,"[""full"", ""assumption_eligible"", ""dense_explicit"", ""complete_case""]",0.4791666666666667,0.041666666666666664,25,48,48,24,True,,True,True,True,False,True,True
sports:06.09.2020__The_Bucks_are_headed_to_Disney_World_as_basketball_sets_return:7:10:h3,sports,06.09.2020__The_Bucks_are_headed_to_Disney_World_as_basketball_sets_return,7,3,10,Clarification Request (Specific),raw_history_b256,raw_history,256,256.0,whitespace_v1,10,3,38,12,10,609,True,"[""full"", ""assumption_eligible"", ""dense_explicit"", ""complete_case""]",0.5,0.0,25,48,48,24,True,,True,True,True,False,True,True
sports:06.09.2020__The_Bucks_are_headed_to_Disney_World_as_basketball_sets_return:7:10:h3,sports,06.09.2020__The_Bucks_are_headed_to_Disney_World_as_basketball_sets_return,7,3,10,Clarification Request (Specific),raw_history_true_assumptions_b256,raw_history_true_assumptions,256,293.0,whitespace_v1,10,3,38,12,10,609,True,"[""full"", ""assumption_eligible"", ""dense_explicit"", ""complete_case""]",0.5,0.0,25,48,48,24,True,,True,True,True,False,True,True
sports:06.09.2020__The_Bucks_are_headed_to_Disney_World_as_basketball_sets_return:7:10:h3,sports,06.09.2020__The_Bucks_are_headed_to_Disney_World_as_basketball_sets_return,7,3,10,Clarification Request (Specific),raw_history_different_episode_assumptions_b256,raw_history_different_episode_assumptions,256,293.0,whitespace_v1,10,3,38,12,10,609,True,"[""full"", ""assumption_eligible"", ""dense_explicit"", ""complete_case""]",0.5,0.0,25,48,48,24,True,,True,True,True,False,True,True
sports:06.09.2020__The_Bucks_are_headed_to_Disney_World_as_basketball_sets_return:7:10:h3,sports,06.09.2020__The_Bucks_are_headed_to_Disney_World_as_basketball_sets_return,7,3,10,Clarification Request (Specific),raw_history_same_episode_random_turn_assumptions_b256,raw_history_same_episode_random_turn_assumptions,256,293.0,whitespace_v1,10,3,38,12,10,609,True,"[""full"", ""assumption_eligible"", ""dense_explicit"", ""complete_case""]",0.5,0.0,25,48,48,24,True,,True,True,True,False,True,True
sports:06.09.2020__The_Bucks_are_headed_to_Disney_World_as_basketball_sets_return:7:10:h3,sports,06.09.2020__The_Bucks_are_headed_to_Disney_World_as_basketball_sets_return,7,3,10,Clarification Request (Specific),raw_history_explicit_b256,raw_history_explicit,256,293.0,whitespace_v1,10,3,38,12,10,609,True,"[""full"", ""assumption_eligible"", ""dense_explicit"", ""complete_case""]",0.5,0.0,25,48,48,24,True,,True,True,True,False,True,True
sports:06.09.2020__The_Bucks_are_headed_to_Disney_World_as_basketball_sets_return:7:12:h5,sports,06.09.2020__The_Bucks_are_headed_to_Disney_World_as_basketball_sets_return,7,5,12,Assert / Elaborate,raw_history_b256,raw_history,256,256.0,whitespace_v1,10,3,38,12,10,609,True,"[""full"", ""assumption_eligible"", ""dense_explicit"", ""complete_case""]",0.5208333333333334,0.041666666666666664,25,48,48,24,True,,True,True,True,False,True,True
sports:06.09.2020__The_Bucks_are_headed_to_Disney_World_as_basketball_sets_return:7:12:h5,sports,06.09.2020__The_Bucks_are_headed_to_Disney_World_as_basketball_sets_return,7,5,12,Assert / Elaborate,raw_history_true_assumptions_b256,raw_history_true_assumptions,256,293.0,whitespace_v1,10,3,38,12,10,609,True,"[""full"", ""assumption_eligible"", ""dense_explicit"", ""complete_case""]",0.5,0.0,25,48,48,24,True,,True,True,True,False,True,True
sports:06.09.2020__The_Bucks_are_headed_to_Disney_World_as_basketball_sets_return:7:12:h5,sports,06.09.2020__The_Bucks_are_headed_to_Disney_World_as_basketball_sets_return,7,5,12,Assert / Elaborate,raw_history_different_episode_assumptions_b256,raw_history_different_episode_assumptions,256,293.0,whitespace_v1,10,3,38,12,10,609,True,"[""full"", ""assumption_eligible"", ""dense_explicit"", ""complete_case""]",0.5,0.0,25,48,48,24,True,,True,True,True,False,True,True
sports:06.09.2020__The_Bucks_are_headed_to_Disney_World_as_basketball_sets_return:7:12:h5,sports,06.09.2020__The_Bucks_are_headed_to_Disney_World_as_basketball_sets_return,7,5,12,Assert / Elaborate,raw_history_same_episode_random_turn_assumptions_b256,raw_history_same_episode_random_turn_assumptions,256,293.0,whitespace_v1,10,3,38,12,10,609,True,"[""full"", ""assumption_eligible"", ""dense_explicit"", ""complete_case""]",0.5,0.0,25,48,48,24,True,,True,True,True,False,True,True
sports:06.09.2020__The_Bucks_are_headed_to_Disney_World_as_basketball_sets_return:7:12:h5,sports,06.09.2020__The_Bucks_are_headed_to_Disney_World_as_basketball_sets_return,7,5,12,Assert / Elaborate,raw_history_explicit_b256,raw_history_explicit,256,293.0,whitespace_v1,10,3,38,12,10,609,True,"[""full"", ""assumption_eligible"", ""dense_explicit"", ""complete_case""]",0.5,0.0,25,48,48,24,True,,True,True,True,False,True,True
sports:06.09.2020__The_Bucks_are_headed_to_Disney_World_as_basketball_sets_return:8:9:h1,sports,06.09.2020__The_Bucks_are_headed_to_Disney_World_as_basketball_sets_return,8,1,9,Assert / Elaborate,raw_history_b256,raw_history,256,256.0,whitespace_v1,8,3,36,12,8,196,True,"[""full"", ""assumption_eligible"", ""dense_explicit"", ""complete_case""]",0.5625,0.125,25,48,48,24,True,,True,True,True,False,True,True
sports:06.09.2020__The_Bucks_are_headed_to_Disney_World_as_basketball_sets_return:8:9:h1,sports,06.09.2020__The_Bucks_are_headed_to_Disney_World_as_basketball_sets_return,8,1,9,Assert / Elaborate,raw_history_true_assumptions_b256,raw_history_true_assumptions,256,291.0,whitespace_v1,8,3,36,12,8,196,True,"[""full"", ""assumption_eligible"", ""dense_explicit"", ""complete_case""]",0.5833333333333334,0.16666666666666666,25,48,48,24,True,,True,True,True,False,True,True
sports:06.09.2020__The_Bucks_are_headed_to_Disney_World_as_basketball_sets_return:8:9:h1,sports,06.09.2020__The_Bucks_are_headed_to_Disney_World_as_basketball_sets_return,8,1,9,Assert / Elaborate,raw_history_different_episode_assumptions_b256,raw_history_different_episode_assumptions,256,291.0,whitespace_v1,8,3,36,12,8,196,True,"[""full"", ""assumption_eligible"", ""dense_explicit"", ""complete_case""]",0.625,0.25,25,48,48,24,True,,True,True,True,False,True,True
sports:06.09.2020__The_Bucks_are_headed_to_Disney_World_as_basketball_sets_return:8:9:h1,sports,06.09.2020__The_Bucks_are_headed_to_Disney_World_as_basketball_sets_return,8,1,9,Assert / Elaborate,raw_history_same_episode_random_turn_assumptions_b256,raw_history_same_episode_random_turn_assumptions,256,291.0,whitespace_v1,8,3,36,12,8,196,True,"[""full"", ""assumption_eligible"", ""dense_explicit"", ""complete_case""]",0.6041666666666666,0.20833333333333334,25,48,48,24,True,,True,True,True,False,True,True
sports:06.09.2020__The_Bucks_are_headed_to_Disney_World_as_basketball_sets_return:8:9:h1,sports,06.09.2020__The_Bucks_are_headed_to_Disney_World_as_basketball_sets_return,8,1,9,Assert / Elaborate,raw_history_explicit_b256,raw_history_explicit,256,291.0,whitespace_v1,8,3,36,12,8,196,True,"[""full"", ""assumption_eligible"", ""dense_explicit"", ""complete_case""]",0.5833333333333334,0.16666666666666666,25,48,48,24,True,,True,True,True,False,True,True
sports:06.09.2020__The_Bucks_are_headed_to_Disney_World_as_basketball_sets_return:8:11:h3,sports,06.09.2020__The_Bucks_are_headed_to_Disney_World_as_basketball_sets_return,8,3,11,Assert / Elaborate,raw_history_b256,raw_history,256,256.0,whitespace_v1,8,3,36,12,8,196,True,"[""full"", ""assumption_eligible"", ""dense_explicit"", ""complete_case""]",0.5,0.0,25,48,48,24,True,,True,True,True,False,True,True
sports:06.09.2020__The_Bucks_are_headed_to_Disney_World_as_basketball_sets_return:8:11:h3,sports,06.09.2020__The_Bucks_are_headed_to_Disney_World_as_basketball_sets_return,8,3,11,Assert / Elaborate,raw_history_true_assumptions_b256,raw_history_true_assumptions,256,291.0,whitespace_v1,8,3,36,12,8,196,True,"[""full"", ""assumption_eligible"", ""dense_explicit"", ""complete_case""]",0.5208333333333334,0.041666666666666664,25,48,48,24,True,,True,True,True,False,True,True
sports:06.09.2020__The_Bucks_are_headed_to_Disney_World_as_basketball_sets_return:8:11:h3,sports,06.09.2020__The_Bucks_are_headed_to_Disney_World_as_basketball_sets_return,8,3,11,Assert / Elaborate,raw_history_different_episode_assumptions_b256,raw_history_different_episode_assumptions,256,291.0,whitespace_v1,8,3,36,12,8,196,True,"[""full"", ""assumption_eligible"", ""dense_explicit"", ""complete_case""]",0.5,0.0,25,48,48,24,True,,True,True,True,False,True,True
sports:06.09.2020__The_Bucks_are_headed_to_Disney_World_as_basketball_sets_return:8:11:h3,sports,06.09.2020__The_Bucks_are_headed_to_Disney_World_as_basketball_sets_return,8,3,11,Assert / Elaborate,raw_history_same_episode_random_turn_assumptions_b256,raw_history_same_episode_random_turn_assumptions,256,291.0,whitespace_v1,8,3,36,12,8,196,True,"[""full"", ""assumption_eligible"", ""dense_explicit"", ""complete_case""]",0.5208333333333334,0.041666666666666664,25,48,48,24,True,,True,True,True,False,True,True
sports:06.09.2020__The_Bucks_are_headed_to_Disney_World_as_basketball_sets_return:8:11:h3,sports,06.09.2020__The_Bucks_are_headed_to_Disney_World_as_basketball_sets_return,8,3,11,Assert / Elaborate,raw_history_explicit_b256,raw_history_explicit,256,291.0,whitespace_v1,8,3,36,12,8,196,True,"[""full"", ""assumption_eligible"", ""dense_explicit"", ""complete_case""]",0.5,0.0,25,48,48,24,True,,True,True,True,False,True,True
sports:06.09.2020__The_Bucks_are_headed_to_Disney_World_as_basketball_sets_return:8:13:h5,sports,06.09.2020__The_Bucks_are_headed_to_Disney_World_as_basketball_sets_return,8,5,13,Assert / Elaborate,raw_history_b256,raw_history,256,256.0,whitespace_v1,8,3,36,12,8,196,True,"[""full"", ""assumption_eligible"", ""dense_explicit"", ""complete_case""]",0.4791666666666667,0.041666666666666664,25,48,48,24,True,,True,True,True,False,True,True
sports:06.09.2020__The_Bucks_are_headed_to_Disney_World_as_basketball_sets_return:8:13:h5,sports,06.09.2020__The_Bucks_are_headed_to_Disney_World_as_basketball_sets_return,8,5,13,Assert / Elaborate,raw_history_true_assumptions_b256,raw_history_true_assumptions,256,291.0,whitespace_v1,8,3,36,12,8,196,True,"[""full"", ""assumption_eligible"", ""dense_explicit"", ""complete_case""]",0.5208333333333334,0.041666666666666664,25,48,48,24,True,,True,True,True,False,True,True
sports:06.09.2020__The_Bucks_are_headed_to_Disney_World_as_basketball_sets_return:8:13:h5,sports,06.09.2020__The_Bucks_are_headed_to_Disney_World_as_basketball_sets_return,8,5,13,Assert / Elaborate,raw_history_different_episode_assumptions_b256,raw_history_different_episode_assumptions,256,291.0,whitespace_v1,8,3,36,12,8,196,True,"[""full"", ""assumption_eligible"", ""dense_explicit"", ""complete_case""]",0.5,0.0,25,48,48,24,True,,True,True,True,False,True,True
sports:06.09.2020__The_Bucks_are_headed_to_Disney_World_as_basketball_sets_return:8:13:h5,sports,06.09.2020__The_Bucks_are_headed_to_Disney_World_as_basketball_sets_return,8,5,13,Assert / Elaborate,raw_history_same_episode_random_turn_assumptions_b256,raw_history_same_episode_random_turn_assumptions,256,291.0,whitespace_v1,8,3,36,12,8,196,True,"[""full"", ""assumption_eligible"", ""dense_explicit"", ""complete_case""]",0.5,0.0,25,48,48,24,True,,True,True,True,False,True,True
sports:06.09.2020__The_Bucks_are_headed_to_Disney_World_as_basketball_sets_return:8:13:h5,sports,06.09.2020__The_Bucks_are_headed_to_Disney_World_as_basketball_sets_return,8,5,13,Assert / Elaborate,raw_history_explicit_b256,raw_history_explicit,256,291.0,whitespace_v1,8,3,36,12,8,196,True,"[""full"", ""assumption_eligible"", ""dense_explicit"", ""complete_case""]",0.4583333333333333,0.08333333333333333,25,48,48,24,True,,True,True,True,False,True,True
sports:06.09.2020__The_Bucks_are_headed_to_Disney_World_as_basketball_sets_return:9:10:h1,sports,06.09.2020__The_Bucks_are_headed_to_Disney_World_as_basketball_sets_return,9,1,10,Clarification Request (Specific),raw_history_b256,raw_history,256,256.0,whitespace_v1,10,3,36,12,10,567,True,"[""full"", ""assumption_eligible"", ""dense_explicit"", ""complete_case""]",0.5625,0.125,25,48,48,24,True,,True,True,True,False,True,True
sports:06.09.2020__The_Bucks_are_headed_to_Disney_World_as_basketball_sets_return:9:10:h1,sports,06.09.2020__The_Bucks_are_headed_to_Disney_World_as_basketball_sets_return,9,1,10,Clarification Request (Specific),raw_history_true_assumptions_b256,raw_history_true_assumptions,256,297.0,whitespace_v1,10,3,36,12,10,567,True,"[""full"", ""assumption_eligible"", ""dense_explicit"", ""complete_case""]",0.5625,0.125,25,48,48,24,True,,True,True,True,False,True,True
sports:06.09.2020__The_Bucks_are_headed_to_Disney_World_as_basketball_sets_return:9:10:h1,sports,06.09.2020__The_Bucks_are_headed_to_Disney_World_as_basketball_sets_return,9,1,10,Clarification Request (Specific),raw_history_different_episode_assumptions_b256,raw_history_different_episode_assumptions,256,297.0,whitespace_v1,10,3,36,12,10,567,True,"[""full"", ""assumption_eligible"", ""dense_explicit"", ""complete_case""]",0.5208333333333334,0.041666666666666664,25,48,48,24,True,,True,True,True,False,True,True
sports:06.09.2020__The_Bucks_are_headed_to_Disney_World_as_basketball_sets_return:9:10:h1,sports,06.09.2020__The_Bucks_are_headed_to_Disney_World_as_basketball_sets_return,9,1,10,Clarification Request (Specific),raw_history_same_episode_random_turn_assumptions_b256,raw_history_same_episode_random_turn_assumptions,256,297.0,whitespace_v1,10,3,36,12,10,567,True,"[""full"", ""assumption_eligible"", ""dense_explicit"", ""complete_case""]",0.6041666666666666,0.20833333333333334,25,48,48,24,True,,True,True,True,False,True,True
sports:06.09.2020__The_Bucks_are_headed_to_Disney_World_as_basketball_sets_return:9:10:h1,sports,06.09.2020__The_Bucks_are_headed_to_Disney_World_as_basketball_sets_return,9,1,10,Clarification Request (Specific),raw_history_explicit_b256,raw_history_explicit,256,297.0,whitespace_v1,10,3,36,12,10,567,True,"[""full"", ""assumption_eligible"", ""dense_explicit"", ""complete_case""]",0.5625,0.125,25,48,48,24,True,,True,True,True,False,True,True
sports:06.09.2020__The_Bucks_are_headed_to_Disney_World_as_basketball_sets_return:9:12:h3,sports,06.09.2020__The_Bucks_are_headed_to_Disney_World_as_basketball_sets_return,9,3,12,Assert / Elaborate,raw_history_b256,raw_history,256,256.0,whitespace_v1,10,3,36,12,10,567,True,"[""full"", ""assumption_eligible"", ""dense_explicit"", ""complete_case""]",0.5416666666666666,0.08333333333333333,25,48,48,24,True,,True,True,True,False,True,True
sports:06.09.2020__The_Bucks_are_headed_to_Disney_World_as_basketball_sets_return:9:12:h3,sports,06.09.2020__The_Bucks_are_headed_to_Disney_World_as_basketball_sets_return,9,3,12,Assert / Elaborate,raw_history_true_assumptions_b256,raw_history_true_assumptions,256,297.0,whitespace_v1,10,3,36,12,10,567,True,"[""full"", ""assumption_eligible"", ""dense_explicit"", ""complete_case""]",0.5208333333333334,0.041666666666666664,25,48,48,24,True,,True,True,True,False,True,True
sports:06.09.2020__The_Bucks_are_headed_to_Disney_World_as_basketball_sets_return:9:12:h3,sports,06.09.2020__The_Bucks_are_headed_to_Disney_World_as_basketball_sets_return,9,3,12,Assert / Elaborate,raw_history_different_episode_assumptions_b256,raw_history_different_episode_assumptions,256,297.0,whitespace_v1,10,3,36,12,10,567,True,"[""full"", ""assumption_eligible"", ""dense_explicit"", ""complete_case""]",0.5,0.0,25,48,48,24,True,,True,True,True,False,True,True
sports:06.09.2020__The_Bucks_are_headed_to_Disney_World_as_basketball_sets_return:9:12:h3,sports,06.09.2020__The_Bucks_are_headed_to_Disney_World_as_basketball_sets_return,9,3,12,Assert / Elaborate,raw_history_same_episode_random_turn_assumptions_b256,raw_history_same_episode_random_turn_assumptions,256,297.0,whitespace_v1,10,3,36,12,10,567,True,"[""full"", ""assumption_eligible"", ""dense_explicit"", ""complete_case""]",0.5416666666666666,0.08333333333333333,25,48,48,24,True,,True,True,True,False,True,True
sports:06.09.2020__The_Bucks_are_headed_to_Disney_World_as_basketball_sets_return:9:12:h3,sports,06.09.2020__The_Bucks_are_headed_to_Disney_World_as_basketball_sets_return,9,3,12,Assert / Elaborate,raw_history_explicit_b256,raw_history_explicit,256,297.0,whitespace_v1,10,3,36,12,10,567,True,"[""full"", ""assumption_eligible"", ""dense_explicit"", ""complete_case""]",0.5208333333333334,0.041666666666666664,25,48,48,24,True,,True,True,True,False,True,True
sports:06.09.2020__The_Bucks_are_headed_to_Disney_World_as_basketball_sets_return:9:14:h5,sports,06.09.2020__The_Bucks_are_headed_to_Disney_World_as_basketball_sets_return,9,5,14,Assert / Elaborate,raw_history_b256,raw_history,256,256.0,whitespace_v1,10,3,36,12,10,567,True,"[""full"", ""assumption_eligible"", ""dense_explicit"", ""complete_case""]",0.5208333333333334,0.041666666666666664,25,48,48,24,True,,True,True,True,False,True,True
sports:06.09.2020__The_Bucks_are_headed_to_Disney_World_as_basketball_sets_return:9:14:h5,sports,06.09.2020__The_Bucks_are_headed_to_Disney_World_as_basketball_sets_return,9,5,14,Assert / Elaborate,raw_history_true_assumptions_b256,raw_history_true_assumptions,256,297.0,whitespace_v1,10,3,36,12,10,567,True,"[""full"", ""assumption_eligible"", ""dense_explicit"", ""complete_case""]",0.5208333333333334,0.041666666666666664,25,48,48,24,True,,True,True,True,False,True,True
sports:06.09.2020__The_Bucks_are_headed_to_Disney_World_as_basketball_sets_return:9:14:h5,sports,06.09.2020__The_Bucks_are_headed_to_Disney_World_as_basketball_sets_return,9,5,14,Assert / Elaborate,raw_history_different_episode_assumptions_b256,raw_history_different_episode_assumptions,256,297.0,whitespace_v1,10,3,36,12,10,567,True,"[""full"", ""assumption_eligible"", ""dense_explicit"", ""complete_case""]",0.5,0.0,25,48,48,24,True,,True,True,True,False,True,True
sports:06.09.2020__The_Bucks_are_headed_to_Disney_World_as_basketball_sets_return:9:14:h5,sports,06.09.2020__The_Bucks_are_headed_to_Disney_World_as_basketball_sets_return,9,5,14,Assert / Elaborate,raw_history_same_episode_random_turn_assumptions_b256,raw_history_same_episode_random_turn_assumptions,256,297.0,whitespace_v1,10,3,36,12,10,567,True,"[""full"", ""assumption_eligible"", ""dense_explicit"", ""complete_case""]",0.5,0.0,25,48,48,24,True,,True,True,True,False,True,True
sports:06.09.2020__The_Bucks_are_headed_to_Disney_World_as_basketball_sets_return:9:14:h5,sports,06.09.2020__The_Bucks_are_headed_to_Disney_World_as_basketball_sets_return,9,5,14,Assert / Elaborate,raw_history_explicit_b256,raw_history_explicit,256,297.0,whitespace_v1,10,3,36,12,10,567,True,"[""full"", ""assumption_eligible"", ""dense_explicit"", ""complete_case""]",0.5,0.0,25,48,48,24,True,,True,True,True,False,True,True
sports:06.09.2020__The_Bucks_are_headed_to_Disney_World_as_basketball_sets_return:10:11:h1,sports,06.09.2020__The_Bucks_are_headed_to_Disney_World_as_basketball_sets_return,10,1,11,Assert / Elaborate,raw_history_b256,raw_history,256,256.0,whitespace_v1,8,3,36,12,4,275,True,"[""full"", ""assumption_eligible"", ""dense_explicit"", ""complete_case""]",0.625,0.25,25,48,48,24,True,,True,True,True,False,True,True
sports:06.09.2020__The_Bucks_are_headed_to_Disney_World_as_basketball_sets_return:10:11:h1,sports,06.09.2020__The_Bucks_are_headed_to_Disney_World_as_basketball_sets_return,10,1,11,Assert / Elaborate,raw_history_true_assumptions_b256,raw_history_true_assumptions,256,297.0,whitespace_v1,8,3,36,12,4,275,True,"[""full"", ""assumption_eligible"", ""dense_explicit"", ""complete_case""]",0.5833333333333334,0.16666666666666666,25,48,48,24,True,,True,True,True,False,True,True
sports:06.09.2020__The_Bucks_are_headed_to_Disney_World_as_basketball_sets_return:10:11:h1,sports,06.09.2020__The_Bucks_are_headed_to_Disney_World_as_basketball_sets_return,10,1,11,Assert / Elaborate,raw_history_different_episode_assumptions_b256,raw_history_different_episode_assumptions,256,297.0,whitespace_v1,8,3,36,12,4,275,True,"[""full"", ""assumption_eligible"", ""dense_explicit"", ""complete_case""]",0.6041666666666666,0.20833333333333334,25,48,48,24,True,,True,True,True,False,True,True
sports:06.09.2020__The_Bucks_are_headed_to_Disney_World_as_basketball_sets_return:10:11:h1,sports,06.09.2020__The_Bucks_are_headed_to_Disney_World_as_basketball_sets_return,10,1,11,Assert / Elaborate,raw_history_same_episode_random_turn_assumptions_b256,raw_history_same_episode_random_turn_assumptions,256,297.0,whitespace_v1,8,3,36,12,4,275,True,"[""full"", ""assumption_eligible"", ""dense_explicit"", ""complete_case""]",0.625,0.25,25,48,48,24,True,,True,True,True,False,True,True
sports:06.09.2020__The_Bucks_are_headed_to_Disney_World_as_basketball_sets_return:10:11:h1,sports,06.09.2020__The_Bucks_are_headed_to_Disney_World_as_basketball_sets_return,10,1,11,Assert / Elaborate,raw_history_explicit_b256,raw_history_explicit,256,297.0,whitespace_v1,8,3,36,12,4,275,True,"[""full"", ""assumption_eligible"", ""dense_explicit"", ""complete_case""]",0.625,0.25,25,48,48,24,True,,True,True,True,False,True,True
sports:06.09.2020__The_Bucks_are_headed_to_Disney_World_as_basketball_sets_return:10:13:h3,sports,06.09.2020__The_Bucks_are_headed_to_Disney_World_as_basketball_sets_return,10,3,13,Assert / Elaborate,raw_history_b256,raw_history,256,256.0,whitespace_v1,8,3,36,12,4,275,True,"[""full"", ""assumption_eligible"", ""dense_explicit"", ""complete_case""]",0.4583333333333333,0.16666666666666666,25,48,48,24,True,,True,True,True,False,True,True
sports:06.09.2020__The_Bucks_are_headed_to_Disney_World_as_basketball_sets_return:10:13:h3,sports,06.09.2020__The_Bucks_are_headed_to_Disney_World_as_basketball_sets_return,10,3,13,Assert / Elaborate,raw_history_true_assumptions_b256,raw_history_true_assumptions,256,297.0,whitespace_v1,8,3,36,12,4,275,True,"[""full"", ""assumption_eligible"", ""dense_explicit"", ""complete_case""]",0.5,0.0,25,48,48,24,True,,True,True,True,False,True,True
sports:06.09.2020__The_Bucks_are_headed_to_Disney_World_as_basketball_sets_return:10:13:h3,sports,06.09.2020__The_Bucks_are_headed_to_Disney_World_as_basketball_sets_return,10,3,13,Assert / Elaborate,raw_history_different_episode_assumptions_b256,raw_history_different_episode_assumptions,256,297.0,whitespace_v1,8,3,36,12,4,275,True,"[""full"", ""assumption_eligible"", ""dense_explicit"", ""complete_case""]",0.4791666666666667,0.041666666666666664,25,48,48,24,True,,True,True,True,False,True,True
sports:06.09.2020__The_Bucks_are_headed_to_Disney_World_as_basketball_sets_return:10:13:h3,sports,06.09.2020__The_Bucks_are_headed_to_Disney_World_as_basketball_sets_return,10,3,13,Assert / Elaborate,raw_history_same_episode_random_turn_assumptions_b256,raw_history_same_episode_random_turn_assumptions,256,297.0,whitespace_v1,8,3,36,12,4,275,True,"[""full"", ""assumption_eligible"", ""dense_explicit"", ""complete_case""]",0.4791666666666667,0.125,25,48,48,24,True,,True,True,True,False,True,True
sports:06.09.2020__The_Bucks_are_headed_to_Disney_World_as_basketball_sets_return:10:13:h3,sports,06.09.2020__The_Bucks_are_headed_to_Disney_World_as_basketball_sets_return,10,3,13,Assert / Elaborate,raw_history_explicit_b256,raw_history_explicit,256,297.0,whitespace_v1,8,3,36,12,4,275,True,"[""full"", ""assumption_eligible"", ""dense_explicit"", ""complete_case""]",0.5208333333333334,0.041666666666666664,25,48,48,24,True,,True,True,True,False,True,True
sports:06.09.2020__The_Bucks_are_headed_to_Disney_World_as_basketball_sets_return:11:12:h1,sports,06.09.2020__The_Bucks_are_headed_to_Disney_World_as_basketball_sets_return,11,1,12,Assert / Elaborate,raw_history_b256,raw_history,256,256.0,whitespace_v1,10,3,36,12,10,538,True,"[""full"", ""assumption_eligible"", ""dense_explicit"", ""complete_case""]",0.5416666666666666,0.08333333333333333,25,48,48,24,True,,True,True,True,False,True,True
sports:06.09.2020__The_Bucks_are_headed_to_Disney_World_as_basketball_sets_return:11:12:h1,sports,06.09.2020__The_Bucks_are_headed_to_Disney_World_as_basketball_sets_return,11,1,12,Assert / Elaborate,raw_history_true_assumptions_b256,raw_history_true_assumptions,256,304.0,whitespace_v1,10,3,36,12,10,538,True,"[""full"", ""assumption_eligible"", ""dense_explicit"", ""complete_case""]",0.5833333333333334,0.16666666666666666,25,48,48,24,True,,True,True,True,False,True,True
sports:06.09.2020__The_Bucks_are_headed_to_Disney_World_as_basketball_sets_return:11:12:h1,sports,06.09.2020__The_Bucks_are_headed_to_Disney_World_as_basketball_sets_return,11,1,12,Assert / Elaborate,raw_history_different_episode_assumptions_b256,raw_history_different_episode_assumptions,256,304.0,whitespace_v1,10,3,36,12,10,538,True,"[""full"", ""assumption_eligible"", ""dense_explicit"", ""complete_case""]",0.5416666666666666,0.08333333333333333,25,48,48,24,True,,True,True,True,False,True,True
sports:06.09.2020__The_Bucks_are_headed_to_Disney_World_as_basketball_sets_return:11:12:h1,sports,06.09.2020__The_Bucks_are_headed_to_Disney_World_as_basketball_sets_return,11,1,12,Assert / Elaborate,raw_history_same_episode_random_turn_assumptions_b256,raw_history_same_episode_random_turn_assumptions,256,304.0,whitespace_v1,10,3,36,12,10,538,True,"[""full"", ""assumption_eligible"", ""dense_explicit"", ""complete_case""]",0.5625,0.125,25,48,48,24,True,,True,True,True,False,True,True
sports:06.09.2020__The_Bucks_are_headed_to_Disney_World_as_basketball_sets_return:11:12:h1,sports,06.09.2020__The_Bucks_are_headed_to_Disney_World_as_basketball_sets_return,11,1,12,Assert / Elaborate,raw_history_explicit_b256,raw_history_explicit,256,304.0,whitespace_v1,10,3,36,12,10,538,True,"[""full"", ""assumption_eligible"", ""dense_explicit"", ""complete_case""]",0.5416666666666666,0.08333333333333333,25,48,48,24,True,,True,True,True,False,True,True
sports:06.09.2020__The_Bucks_are_headed_to_Disney_World_as_basketball_sets_return:11:14:h3,sports,06.09.2020__The_Bucks_are_headed_to_Disney_World_as_basketball_sets_return,11,3,14,Assert / Elaborate,raw_history_b256,raw_history,256,256.0,whitespace_v1,10,3,36,12,10,538,True,"[""full"", ""assumption_eligible"", ""dense_explicit"", ""complete_case""]",0.5,0.0,25,48,48,24,True,,True,True,True,False,True,True
sports:06.09.2020__The_Bucks_are_headed_to_Disney_World_as_basketball_sets_return:11:14:h3,sports,06.09.2020__The_Bucks_are_headed_to_Disney_World_as_basketball_sets_return,11,3,14,Assert / Elaborate,raw_history_true_assumptions_b256,raw_history_true_assumptions,256,304.0,whitespace_v1,10,3,36,12,10,538,True,"[""full"", ""assumption_eligible"", ""dense_explicit"", ""complete_case""]",0.5208333333333334,0.041666666666666664,25,48,48,24,True,,True,True,True,False,True,True
sports:06.09.2020__The_Bucks_are_headed_to_Disney_World_as_basketball_sets_return:11:14:h3,sports,06.09.2020__The_Bucks_are_headed_to_Disney_World_as_basketball_sets_return,11,3,14,Assert / Elaborate,raw_history_different_episode_assumptions_b256,raw_history_different_episode_assumptions,256,304.0,whitespace_v1,10,3,36,12,10,538,True,"[""full"", ""assumption_eligible"", ""dense_explicit"", ""complete_case""]",0.5,0.0,25,48,48,24,True,,True,True,True,False,True,True
sports:06.09.2020__The_Bucks_are_headed_to_Disney_World_as_basketball_sets_return:11:14:h3,sports,06.09.2020__The_Bucks_are_headed_to_Disney_World_as_basketball_sets_return,11,3,14,Assert / Elaborate,raw_history_same_episode_random_turn_assumptions_b256,raw_history_same_episode_random_turn_assumptions,256,304.0,whitespace_v1,10,3,36,12,10,538,True,"[""full"", ""assumption_eligible"", ""dense_explicit"", ""complete_case""]",0.5625,0.125,25,48,48,24,True,,True,True,True,False,True,True
sports:06.09.2020__The_Bucks_are_headed_to_Disney_World_as_basketball_sets_return:11:14:h3,sports,06.09.2020__The_Bucks_are_headed_to_Disney_World_as_basketball_sets_return,11,3,14,Assert / Elaborate,raw_history_explicit_b256,raw_history_explicit,256,304.0,whitespace_v1,10,3,36,12,10,538,True,"[""full"", ""assumption_eligible"", ""dense_explicit"", ""complete_case""]",0.5,0.0,25,48,48,24,True,,True,True,True,False,True,True
sports:06.09.2020__The_Bucks_are_headed_to_Disney_World_as_basketball_sets_return:12:13:h1,sports,06.09.2020__The_Bucks_are_headed_to_Disney_World_as_basketball_sets_return,12,1,13,Assert / Elaborate,raw_history_b256,raw_history,256,256.0,whitespace_v1,10,3,38,12,10,414,True,"[""full"", ""assumption_eligible"", ""dense_explicit"", ""complete_case""]",0.5833333333333334,0.16666666666666666,25,48,48,24,True,,True,True,True,False,True,True
sports:06.09.2020__The_Bucks_are_headed_to_Disney_World_as_basketball_sets_return:12:13:h1,sports,06.09.2020__The_Bucks_are_headed_to_Disney_World_as_basketball_sets_return,12,1,13,Assert / Elaborate,raw_history_true_assumptions_b256,raw_history_true_assumptions,256,296.0,whitespace_v1,10,3,38,12,10,414,True,"[""full"", ""assumption_eligible"", ""dense_explicit"", ""complete_case""]",0.6458333333333334,0.2916666666666667,25,48,48,24,True,,True,True,True,False,True,True
sports:06.09.2020__The_Bucks_are_headed_to_Disney_World_as_basketball_sets_return:12:13:h1,sports,06.09.2020__The_Bucks_are_headed_to_Disney_World_as_basketball_sets_return,12,1,13,Assert / Elaborate,raw_history_different_episode_assumptions_b256,raw_history_different_episode_assumptions,256,296.0,whitespace_v1,10,3,38,12,10,414,True,"[""full"", ""assumption_eligible"", ""dense_explicit"", ""complete_case""]",0.5208333333333334,0.041666666666666664,25,48,48,24,True,,True,True,True,False,True,True
sports:06.09.2020__The_Bucks_are_headed_to_Disney_World_as_basketball_sets_return:12:13:h1,sports,06.09.2020__The_Bucks_are_headed_to_Disney_World_as_basketball_sets_return,12,1,13,Assert / Elaborate,raw_history_same_episode_random_turn_assumptions_b256,raw_history_same_episode_random_turn_assumptions,256,296.0,whitespace_v1,10,3,38,12,10,414,True,"[""full"", ""assumption_eligible"", ""dense_explicit"", ""complete_case""]",0.6458333333333334,0.2916666666666667,25,48,48,24,True,,True,True,True,False,True,True
sports:06.09.2020__The_Bucks_are_headed_to_Disney_World_as_basketball_sets_return:12:13:h1,sports,06.09.2020__The_Bucks_are_headed_to_Disney_World_as_basketball_sets_return,12,1,13,Assert / Elaborate,raw_history_explicit_b256,raw_history_explicit,256,296.0,whitespace_v1,10,3,38,12,10,414,True,"[""full"", ""assumption_eligible"", ""dense_explicit"", ""complete_case""]",0.5416666666666666,0.08333333333333333,25,48,48,24,True,,True,True,True,False,True,True
sports:06.09.2020__The_Bucks_are_headed_to_Disney_World_as_basketball_sets_return:13:14:h1,sports,06.09.2020__The_Bucks_are_headed_to_Disney_World_as_basketball_sets_return,13,1,14,Assert / Elaborate,raw_history_b256,raw_history,256,256.0,whitespace_v1,10,3,38,12,10,888,True,"[""full"", ""assumption_eligible"", ""dense_explicit"", ""complete_case""]",0.625,0.25,25,48,48,24,True,,True,True,True,False,True,True
sports:06.09.2020__The_Bucks_are_headed_to_Disney_World_as_basketball_sets_return:13:14:h1,sports,06.09.2020__The_Bucks_are_headed_to_Disney_World_as_basketball_sets_return,13,1,14,Assert / Elaborate,raw_history_true_assumptions_b256,raw_history_true_assumptions,256,293.0,whitespace_v1,10,3,38,12,10,888,True,"[""full"", ""assumption_eligible"", ""dense_explicit"", ""complete_case""]",0.5833333333333334,0.16666666666666666,25,48,48,24,True,,True,True,True,False,True,True
sports:06.09.2020__The_Bucks_are_headed_to_Disney_World_as_basketball_sets_return:13:14:h1,sports,06.09.2020__The_Bucks_are_headed_to_Disney_World_as_basketball_sets_return,13,1,14,Assert / Elaborate,raw_history_different_episode_assumptions_b256,raw_history_different_episode_assumptions,256,293.0,whitespace_v1,10,3,38,12,10,888,True,"[""full"", ""assumption_eligible"", ""dense_explicit"", ""complete_case""]",0.5625,0.125,25,48,48,24,True,,True,True,True,False,True,True
sports:06.09.2020__The_Bucks_are_headed_to_Disney_World_as_basketball_sets_return:13:14:h1,sports,06.09.2020__The_Bucks_are_headed_to_Disney_World_as_basketball_sets_return,13,1,14,Assert / Elaborate,raw_history_same_episode_random_turn_assumptions_b256,raw_history_same_episode_random_turn_assumptions,256,293.0,whitespace_v1,10,3,38,12,10,888,True,"[""full"", ""assumption_eligible"", ""dense_explicit"", ""complete_case""]",0.5833333333333334,0.16666666666666666,25,48,48,24,True,,True,True,True,False,True,True
sports:06.09.2020__The_Bucks_are_headed_to_Disney_World_as_basketball_sets_return:13:14:h1,sports,06.09.2020__The_Bucks_are_headed_to_Disney_World_as_basketball_sets_return,13,1,14,Assert / Elaborate,raw_history_explicit_b256,raw_history_explicit,256,293.0,whitespace_v1,10,3,38,12,10,888,True,"[""full"", ""assumption_eligible"", ""dense_explicit"", ""complete_case""]",0.5833333333333334,0.16666666666666666,25,48,48,24,True,,True,True,True,False,True,True
sports:06.09.2020__The_Bucks_are_headed_to_Disney_World_as_basketball_sets_return:16:17:h1,sports,06.09.2020__The_Bucks_are_headed_to_Disney_World_as_basketball_sets_return,16,1,17,Topic Shift,raw_history_b256,raw_history,256,256.0,whitespace_v1,10,3,40,12,10,356,True,"[""full"", ""assumption_eligible"", ""dense_explicit"", ""complete_case""]",0.5,0.0,25,48,48,24,True,,True,True,True,False,True,True
sports:06.09.2020__The_Bucks_are_headed_to_Disney_World_as_basketball_sets_return:16:17:h1,sports,06.09.2020__The_Bucks_are_headed_to_Disney_World_as_basketball_sets_return,16,1,17,Topic Shift,raw_history_true_assumptions_b256,raw_history_true_assumptions,256,309.0,whitespace_v1,10,3,40,12,10,356,True,"[""full"", ""assumption_eligible"", ""dense_explicit"", ""complete_case""]",0.5,0.08333333333333333,25,48,48,24,True,,True,True,True,False,True,True
sports:06.09.2020__The_Bucks_are_headed_to_Disney_World_as_basketball_sets_return:16:17:h1,sports,06.09.2020__The_Bucks_are_headed_to_Disney_World_as_basketball_sets_return,16,1,17,Topic Shift,raw_history_different_episode_assumptions_b256,raw_history_different_episode_assumptions,256,309.0,whitespace_v1,10,3,40,12,10,356,True,"[""full"", ""assumption_eligible"", ""dense_explicit"", ""complete_case""]",0.4583333333333333,0.16666666666666666,25,48,48,24,True,,True,True,True,False,True,True
sports:06.09.2020__The_Bucks_are_headed_to_Disney_World_as_basketball_sets_return:16:17:h1,sports,06.09.2020__The_Bucks_are_headed_to_Disney_World_as_basketball_sets_return,16,1,17,Topic Shift,raw_history_same_episode_random_turn_assumptions_b256,raw_history_same_episode_random_turn_assumptions,256,309.0,whitespace_v1,10,3,40,12,10,356,True,"[""full"", ""assumption_eligible"", ""dense_explicit"", ""complete_case""]",0.4583333333333333,0.16666666666666666,25,48,48,24,True,,True,True,True,False,True,True
sports:06.09.2020__The_Bucks_are_headed_to_Disney_World_as_basketball_sets_return:16:17:h1,sports,06.09.2020__The_Bucks_are_headed_to_Disney_World_as_basketball_sets_return,16,1,17,Topic Shift,raw_history_explicit_b256,raw_history_explicit,256,309.0,whitespace_v1,10,3,40,12,10,356,True,"[""full"", ""assumption_eligible"", ""dense_explicit"", ""complete_case""]",0.5208333333333334,0.041666666666666664,25,48,48,24,True,,True,True,True,False,True,True
