pair_id,category,episode_id,source_path,source_turn_id,source_turn_idx,future_horizon,true_future_turn_id,true_future_turn_idx,true_future_turn_move_label,source_word_count,source_tail_word_count,explicit_count,assumption_count,all_assumption_count,history_turn_count,context_explicit_count,context_assumption_count,original_boundary_verified,source_original_turn_indices_json,true_next_original_turn_indices_json,candidate_count,candidate_pool_complete,candidate_pool_sha256,coverage_drop_reason,available_conditions_json
business:0003_-_The_Game_Chat_with_Ruth_and_Allen:0:1:h1,business,0003_-_The_Game_Chat_with_Ruth_and_Allen,data_cleaned/conversation_moves_labeled/business/0003_-_The_Game_Chat_with_Ruth_and_Allen.json,business:0003_-_The_Game_Chat_with_Ruth_and_Allen:0,0,1,business:0003_-_The_Game_Chat_with_Ruth_and_Allen:1,1,Assert / Elaborate,54,54,3,3,3,0,3,3,True,[0],[1],25,True,2edf1824044edef687eac6a8a1afb97087883ca0162e56792768128928a64675,,"[""raw_history_b256"", ""raw_history_true_assumptions_b256"", ""raw_history_different_episode_assumptions_b256"", ""raw_history_explicit_b256""]"
business:0003_-_The_Game_Chat_with_Ruth_and_Allen:0:3:h3,business,0003_-_The_Game_Chat_with_Ruth_and_Allen,data_cleaned/conversation_moves_labeled/business/0003_-_The_Game_Chat_with_Ruth_and_Allen.json,business:0003_-_The_Game_Chat_with_Ruth_and_Allen:0,0,3,business:0003_-_The_Game_Chat_with_Ruth_and_Allen:3,3,Assert / Elaborate,54,54,3,3,3,0,3,3,True,[0],[3],25,True,44b45695417e7b127b244b7577598b537b78942eb95da314d2163ed4a27e886f,,"[""raw_history_b256"", ""raw_history_true_assumptions_b256"", ""raw_history_different_episode_assumptions_b256"", ""raw_history_explicit_b256""]"
business:0003_-_The_Game_Chat_with_Ruth_and_Allen:1:2:h1,business,0003_-_The_Game_Chat_with_Ruth_and_Allen,data_cleaned/conversation_moves_labeled/business/0003_-_The_Game_Chat_with_Ruth_and_Allen.json,business:0003_-_The_Game_Chat_with_Ruth_and_Allen:1,1,1,business:0003_-_The_Game_Chat_with_Ruth_and_Allen:2,2,Assert / Elaborate,106,102,6,3,5,1,9,6,True,[1],[2],25,True,96a933d0511c75ee22415175438b18b7039f249bbee89449496131a8d5fd47be,,"[""raw_history_b256"", ""raw_history_true_assumptions_b256"", ""raw_history_different_episode_assumptions_b256"", ""raw_history_explicit_b256""]"
business:0003_-_The_Game_Chat_with_Ruth_and_Allen:2:3:h1,business,0003_-_The_Game_Chat_with_Ruth_and_Allen,data_cleaned/conversation_moves_labeled/business/0003_-_The_Game_Chat_with_Ruth_and_Allen.json,business:0003_-_The_Game_Chat_with_Ruth_and_Allen:2,2,1,business:0003_-_The_Game_Chat_with_Ruth_and_Allen:3,3,Assert / Elaborate,50,50,4,3,4,2,13,9,True,[2],[3],25,True,47b07a47bc7249f13b6128deb70283c00ee0f3ecf84a26e0cec8ede2a1b0e90d,,"[""raw_history_b256"", ""raw_history_true_assumptions_b256"", ""raw_history_different_episode_assumptions_b256"", ""raw_history_explicit_b256""]"
business:0003_-_The_Game_Chat_with_Ruth_and_Allen:5:6:h1,business,0003_-_The_Game_Chat_with_Ruth_and_Allen,data_cleaned/conversation_moves_labeled/business/0003_-_The_Game_Chat_with_Ruth_and_Allen.json,business:0003_-_The_Game_Chat_with_Ruth_and_Allen:5,5,1,business:0003_-_The_Game_Chat_with_Ruth_and_Allen:6,6,Clarification Request (Specific),122,107,6,3,6,3,25,12,True,[7],[8],25,True,af99c4d2c0d3b69f67876371d0149cbef2cc7f8feafae0c8872a755cd17c2ef2,,"[""raw_history_b256"", ""raw_history_true_assumptions_b256"", ""raw_history_different_episode_assumptions_b256"", ""raw_history_same_episode_random_turn_assumptions_b256"", ""raw_history_explicit_b256""]"
business:0003_-_The_Game_Chat_with_Ruth_and_Allen:9:10:h1,business,0003_-_The_Game_Chat_with_Ruth_and_Allen,data_cleaned/conversation_moves_labeled/business/0003_-_The_Game_Chat_with_Ruth_and_Allen.json,business:0003_-_The_Game_Chat_with_Ruth_and_Allen:9,9,1,business:0003_-_The_Game_Chat_with_Ruth_and_Allen:10,10,Assert / Elaborate,60,60,4,3,5,3,22,12,True,[17],[18],25,True,fcbb960a73be414c39265c1cabbdb3f12790d53714f58df111b6ba4e3d138a28,,"[""raw_history_b256"", ""raw_history_true_assumptions_b256"", ""raw_history_different_episode_assumptions_b256"", ""raw_history_same_episode_random_turn_assumptions_b256"", ""raw_history_explicit_b256""]"
business:0003_-_The_Game_Chat_with_Ruth_and_Allen:9:12:h3,business,0003_-_The_Game_Chat_with_Ruth_and_Allen,data_cleaned/conversation_moves_labeled/business/0003_-_The_Game_Chat_with_Ruth_and_Allen.json,business:0003_-_The_Game_Chat_with_Ruth_and_Allen:9,9,3,business:0003_-_The_Game_Chat_with_Ruth_and_Allen:12,12,Assert / Elaborate,60,60,4,3,5,3,22,12,True,[17],[20],25,True,b9d495d5d0a337b51491f1871df9d1fc70a41d4cfb60ef84e3cc428bea6d3af2,,"[""raw_history_b256"", ""raw_history_true_assumptions_b256"", ""raw_history_different_episode_assumptions_b256"", ""raw_history_same_episode_random_turn_assumptions_b256"", ""raw_history_explicit_b256""]"
business:0003_-_The_Game_Chat_with_Ruth_and_Allen:9:14:h5,business,0003_-_The_Game_Chat_with_Ruth_and_Allen,data_cleaned/conversation_moves_labeled/business/0003_-_The_Game_Chat_with_Ruth_and_Allen.json,business:0003_-_The_Game_Chat_with_Ruth_and_Allen:9,9,5,business:0003_-_The_Game_Chat_with_Ruth_and_Allen:14,14,Assert / Elaborate,60,60,4,3,5,3,22,12,True,[17],[22],25,True,64c0ea2e02f0acd26bd75f5022574ad1119a0ce47959cc3bc7597dd84675a727,,"[""raw_history_b256"", ""raw_history_true_assumptions_b256"", ""raw_history_different_episode_assumptions_b256"", ""raw_history_same_episode_random_turn_assumptions_b256"", ""raw_history_explicit_b256""]"
business:0003_-_The_Game_Chat_with_Ruth_and_Allen:10:11:h1,business,0003_-_The_Game_Chat_with_Ruth_and_Allen,data_cleaned/conversation_moves_labeled/business/0003_-_The_Game_Chat_with_Ruth_and_Allen.json,business:0003_-_The_Game_Chat_with_Ruth_and_Allen:10,10,1,business:0003_-_The_Game_Chat_with_Ruth_and_Allen:11,11,Assert / Elaborate,196,103,9,3,8,3,27,12,True,[18],[19],25,True,c954bad827c54f92c1daffe2b7daac5b1536794e876f845b2d5e8906c2f2015d,,"[""raw_history_b256"", ""raw_history_true_assumptions_b256"", ""raw_history_different_episode_assumptions_b256"", ""raw_history_same_episode_random_turn_assumptions_b256"", ""raw_history_explicit_b256""]"
business:0003_-_The_Game_Chat_with_Ruth_and_Allen:10:13:h3,business,0003_-_The_Game_Chat_with_Ruth_and_Allen,data_cleaned/conversation_moves_labeled/business/0003_-_The_Game_Chat_with_Ruth_and_Allen.json,business:0003_-_The_Game_Chat_with_Ruth_and_Allen:10,10,3,business:0003_-_The_Game_Chat_with_Ruth_and_Allen:13,13,Assert / Elaborate,196,103,9,3,8,3,27,12,True,[18],[21],25,True,7e67ba1d7da5f133b9979236e36927a5e7d81520314963abca507ce7d573998f,,"[""raw_history_b256"", ""raw_history_true_assumptions_b256"", ""raw_history_different_episode_assumptions_b256"", ""raw_history_same_episode_random_turn_assumptions_b256"", ""raw_history_explicit_b256""]"
business:0003_-_The_Game_Chat_with_Ruth_and_Allen:11:12:h1,business,0003_-_The_Game_Chat_with_Ruth_and_Allen,data_cleaned/conversation_moves_labeled/business/0003_-_The_Game_Chat_with_Ruth_and_Allen.json,business:0003_-_The_Game_Chat_with_Ruth_and_Allen:11,11,1,business:0003_-_The_Game_Chat_with_Ruth_and_Allen:12,12,Assert / Elaborate,111,102,9,3,8,3,26,12,True,[19],[20],25,True,ad180af8cd31a2967e843128b28ee3ff3b1ef8adc81c1e5926477bafdca7fc12,,"[""raw_history_b256"", ""raw_history_true_assumptions_b256"", ""raw_history_different_episode_assumptions_b256"", ""raw_history_same_episode_random_turn_assumptions_b256"", ""raw_history_explicit_b256""]"
business:0003_-_The_Game_Chat_with_Ruth_and_Allen:11:14:h3,business,0003_-_The_Game_Chat_with_Ruth_and_Allen,data_cleaned/conversation_moves_labeled/business/0003_-_The_Game_Chat_with_Ruth_and_Allen.json,business:0003_-_The_Game_Chat_with_Ruth_and_Allen:11,11,3,business:0003_-_The_Game_Chat_with_Ruth_and_Allen:14,14,Assert / Elaborate,111,102,9,3,8,3,26,12,True,[19],[22],25,True,a61d9293fdb890a9b2ca2fbb3114e28a7755a18a384426409cd24d42f569f42b,,"[""raw_history_b256"", ""raw_history_true_assumptions_b256"", ""raw_history_different_episode_assumptions_b256"", ""raw_history_same_episode_random_turn_assumptions_b256"", ""raw_history_explicit_b256""]"
business:0003_-_The_Game_Chat_with_Ruth_and_Allen:12:13:h1,business,0003_-_The_Game_Chat_with_Ruth_and_Allen,data_cleaned/conversation_moves_labeled/business/0003_-_The_Game_Chat_with_Ruth_and_Allen.json,business:0003_-_The_Game_Chat_with_Ruth_and_Allen:12,12,1,business:0003_-_The_Game_Chat_with_Ruth_and_Allen:13,13,Assert / Elaborate,92,92,6,3,6,3,28,12,True,[20],[21],25,True,7f81cb3edaac12b4a22ed4180d834f81fb5c4a3e9ace2bab875ca998981b929b,,"[""raw_history_b256"", ""raw_history_true_assumptions_b256"", ""raw_history_different_episode_assumptions_b256"", ""raw_history_same_episode_random_turn_assumptions_b256"", ""raw_history_explicit_b256""]"
business:0003_-_The_Game_Chat_with_Ruth_and_Allen:13:14:h1,business,0003_-_The_Game_Chat_with_Ruth_and_Allen,data_cleaned/conversation_moves_labeled/business/0003_-_The_Game_Chat_with_Ruth_and_Allen.json,business:0003_-_The_Game_Chat_with_Ruth_and_Allen:13,13,1,business:0003_-_The_Game_Chat_with_Ruth_and_Allen:14,14,Assert / Elaborate,97,97,7,3,5,3,31,12,True,[21],[22],25,True,ffde1a4bb98c1fb448f8e5a0585226163ccc662f388a8709ecc4070971e25d5e,,"[""raw_history_b256"", ""raw_history_true_assumptions_b256"", ""raw_history_different_episode_assumptions_b256"", ""raw_history_same_episode_random_turn_assumptions_b256"", ""raw_history_explicit_b256""]"
business:0004__Bhang___Jamie_Pearson:0:1:h1,business,0004__Bhang___Jamie_Pearson,data_cleaned/conversation_moves_labeled/business/0004__Bhang___Jamie_Pearson.json,business:0004__Bhang___Jamie_Pearson:0,0,1,business:0004__Bhang___Jamie_Pearson:1,1,Topic Shift,77,77,6,3,5,0,6,3,True,[0],[1],25,True,358a1be428cca943c9e8f4ac2bcef8363ed4955439248adcac7cf2f7b3ee5b6d,,"[""raw_history_b256"", ""raw_history_true_assumptions_b256"", ""raw_history_different_episode_assumptions_b256"", ""raw_history_explicit_b256""]"
business:0004__Bhang___Jamie_Pearson:1:2:h1,business,0004__Bhang___Jamie_Pearson,data_cleaned/conversation_moves_labeled/business/0004__Bhang___Jamie_Pearson.json,business:0004__Bhang___Jamie_Pearson:1,1,1,business:0004__Bhang___Jamie_Pearson:2,2,Assert / Elaborate,67,67,7,3,6,1,13,6,True,[1],[2],25,True,9a916b8d9f582c9e5ddc5c4c35918ebe49350786c4949f35cb65a27e6944e449,,"[""raw_history_b256"", ""raw_history_true_assumptions_b256"", ""raw_history_different_episode_assumptions_b256"", ""raw_history_explicit_b256""]"
business:0004__Bhang___Jamie_Pearson:5:6:h1,business,0004__Bhang___Jamie_Pearson,data_cleaned/conversation_moves_labeled/business/0004__Bhang___Jamie_Pearson.json,business:0004__Bhang___Jamie_Pearson:5,5,1,business:0004__Bhang___Jamie_Pearson:6,6,Assert / Elaborate,87,87,5,3,4,3,29,12,True,[7],[8],25,True,681487d9babfe40f976c0d4e8387f1d6cad617b247df5f9cc19d6595249d2ac1,,"[""raw_history_b256"", ""raw_history_true_assumptions_b256"", ""raw_history_different_episode_assumptions_b256"", ""raw_history_same_episode_random_turn_assumptions_b256"", ""raw_history_explicit_b256""]"
business:0004__Bhang___Jamie_Pearson:7:8:h1,business,0004__Bhang___Jamie_Pearson,data_cleaned/conversation_moves_labeled/business/0004__Bhang___Jamie_Pearson.json,business:0004__Bhang___Jamie_Pearson:7,7,1,business:0004__Bhang___Jamie_Pearson:8,8,Assert / Elaborate,124,105,10,3,10,3,35,12,True,[11],[12],25,True,7882531d6dd67f92f8303ad06b629d8c98227797ca2d0b0698fb7a3bf568caba,,"[""raw_history_b256"", ""raw_history_true_assumptions_b256"", ""raw_history_different_episode_assumptions_b256"", ""raw_history_same_episode_random_turn_assumptions_b256"", ""raw_history_explicit_b256""]"
business:0007__Talaria_Transportation___Ari_Raptis:5:6:h1,business,0007__Talaria_Transportation___Ari_Raptis,data_cleaned/conversation_moves_labeled/business/0007__Talaria_Transportation___Ari_Raptis.json,business:0007__Talaria_Transportation___Ari_Raptis:5,5,1,business:0007__Talaria_Transportation___Ari_Raptis:6,6,Assert / Elaborate,61,61,5,3,5,3,29,12,True,[17],[18],25,True,01dcd98f61730596ce327827cb11f0cebe261f103eea23e3843a084086bd3c1e,,"[""raw_history_b256"", ""raw_history_true_assumptions_b256"", ""raw_history_different_episode_assumptions_b256"", ""raw_history_same_episode_random_turn_assumptions_b256"", ""raw_history_explicit_b256""]"
business:0007__Talaria_Transportation___Ari_Raptis:6:7:h1,business,0007__Talaria_Transportation___Ari_Raptis,data_cleaned/conversation_moves_labeled/business/0007__Talaria_Transportation___Ari_Raptis.json,business:0007__Talaria_Transportation___Ari_Raptis:6,6,1,business:0007__Talaria_Transportation___Ari_Raptis:7,7,Agree / Align,212,104,10,3,10,3,29,12,True,[18],[19],25,True,f780d2377863dab0fd1ef7ee7924a03006ce19a5027b144a57df8f8ad26151a4,,"[""raw_history_b256"", ""raw_history_true_assumptions_b256"", ""raw_history_different_episode_assumptions_b256"", ""raw_history_same_episode_random_turn_assumptions_b256"", ""raw_history_explicit_b256""]"
business:0008__Jay_Rush___Moose_Labs___MouthPeace:3:4:h1,business,0008__Jay_Rush___Moose_Labs___MouthPeace,data_cleaned/conversation_moves_labeled/business/0008__Jay_Rush___Moose_Labs___MouthPeace.json,business:0008__Jay_Rush___Moose_Labs___MouthPeace:3,3,1,business:0008__Jay_Rush___Moose_Labs___MouthPeace:4,4,Assert / Elaborate,58,58,4,3,5,3,29,12,True,[21],[22],25,True,f5c822e28488c3850ea2e19aadc803a9b56b4fd744bfd773e4ed8e507abee81f,,"[""raw_history_b256"", ""raw_history_true_assumptions_b256"", ""raw_history_different_episode_assumptions_b256"", ""raw_history_explicit_b256""]"
business:0008__Jay_Rush___Moose_Labs___MouthPeace:4:5:h1,business,0008__Jay_Rush___Moose_Labs___MouthPeace,data_cleaned/conversation_moves_labeled/business/0008__Jay_Rush___Moose_Labs___MouthPeace.json,business:0008__Jay_Rush___Moose_Labs___MouthPeace:4,4,1,business:0008__Jay_Rush___Moose_Labs___MouthPeace:5,5,Assert / Elaborate,129,106,10,3,10,3,30,12,True,[22],[23],25,True,8c170c5d9a04df6d9fffcccb151279dfed93a1cbc44149b062e5dc2fe3d28c23,,"[""raw_history_b256"", ""raw_history_true_assumptions_b256"", ""raw_history_different_episode_assumptions_b256"", ""raw_history_same_episode_random_turn_assumptions_b256"", ""raw_history_explicit_b256""]"
business:001._Magic_Dust:0:1:h1,business,001._Magic_Dust,data_cleaned/conversation_moves_labeled/business/001._Magic_Dust.json,business:001._Magic_Dust:0,0,1,business:001._Magic_Dust:1,1,Assert / Elaborate,50,50,10,3,10,0,10,3,True,[0],[1],25,True,171e51cb0348c8db5dfc999221fc557296b5beb110d124c4f815cbdc576ad15c,,"[""raw_history_b256"", ""raw_history_true_assumptions_b256"", ""raw_history_different_episode_assumptions_b256"", ""raw_history_explicit_b256""]"
commentary:0014_-QUALITY_CONTENT_W__SIMON_LUCKHOFF:2:3:h1,commentary,0014_-QUALITY_CONTENT_W__SIMON_LUCKHOFF,data_cleaned/conversation_moves_labeled/commentary/0014_-QUALITY_CONTENT_W__SIMON_LUCKHOFF.json,commentary:0014_-QUALITY_CONTENT_W__SIMON_LUCKHOFF:2,2,1,commentary:0014_-QUALITY_CONTENT_W__SIMON_LUCKHOFF:3,3,Assert / Elaborate,160,106,8,3,8,2,28,9,True,[10],[11],25,True,6c2a43a46472accc9a9115e8ee356ee7f6861ef4af0b65e09d6a62004367253d,,"[""raw_history_b256"", ""raw_history_true_assumptions_b256"", ""raw_history_different_episode_assumptions_b256"", ""raw_history_explicit_b256""]"
commentary:0014_-QUALITY_CONTENT_W__SIMON_LUCKHOFF:6:7:h1,commentary,0014_-QUALITY_CONTENT_W__SIMON_LUCKHOFF,data_cleaned/conversation_moves_labeled/commentary/0014_-QUALITY_CONTENT_W__SIMON_LUCKHOFF.json,commentary:0014_-QUALITY_CONTENT_W__SIMON_LUCKHOFF:6,6,1,commentary:0014_-QUALITY_CONTENT_W__SIMON_LUCKHOFF:7,7,Assert / Elaborate,237,105,6,3,5,3,36,12,True,[20],[21],25,True,57bd86bd7c87f937aa11c60ef6f62214e3744a6967df0a3aef4677f26537244a,,"[""raw_history_b256"", ""raw_history_true_assumptions_b256"", ""raw_history_different_episode_assumptions_b256"", ""raw_history_same_episode_random_turn_assumptions_b256"", ""raw_history_explicit_b256""]"
commentary:0014_-QUALITY_CONTENT_W__SIMON_LUCKHOFF:7:8:h1,commentary,0014_-QUALITY_CONTENT_W__SIMON_LUCKHOFF,data_cleaned/conversation_moves_labeled/commentary/0014_-QUALITY_CONTENT_W__SIMON_LUCKHOFF.json,commentary:0014_-QUALITY_CONTENT_W__SIMON_LUCKHOFF:7,7,1,commentary:0014_-QUALITY_CONTENT_W__SIMON_LUCKHOFF:8,8,Agree / Align,125,108,8,3,6,3,34,12,True,[21],[22],25,True,cfea608d54f4a5d4871a402d96e2b6f51fd7491995a7c60667ec4135bc2f6c21,,"[""raw_history_b256"", ""raw_history_true_assumptions_b256"", ""raw_history_different_episode_assumptions_b256"", ""raw_history_same_episode_random_turn_assumptions_b256"", ""raw_history_explicit_b256""]"
commentary:0014_-QUALITY_CONTENT_W__SIMON_LUCKHOFF:10:11:h1,commentary,0014_-QUALITY_CONTENT_W__SIMON_LUCKHOFF,data_cleaned/conversation_moves_labeled/commentary/0014_-QUALITY_CONTENT_W__SIMON_LUCKHOFF.json,commentary:0014_-QUALITY_CONTENT_W__SIMON_LUCKHOFF:10,10,1,commentary:0014_-QUALITY_CONTENT_W__SIMON_LUCKHOFF:11,11,Assert / Elaborate,177,101,5,3,5,3,31,12,True,[30],[31],25,True,8506d3fcad1ee388be3481526d0e3a569ac17b6654c03002ea4c87acdfd0aaf9,,"[""raw_history_b256"", ""raw_history_true_assumptions_b256"", ""raw_history_different_episode_assumptions_b256"", ""raw_history_same_episode_random_turn_assumptions_b256"", ""raw_history_explicit_b256""]"
commentary:0014_-QUALITY_CONTENT_W__SIMON_LUCKHOFF:10:13:h3,commentary,0014_-QUALITY_CONTENT_W__SIMON_LUCKHOFF,data_cleaned/conversation_moves_labeled/commentary/0014_-QUALITY_CONTENT_W__SIMON_LUCKHOFF.json,commentary:0014_-QUALITY_CONTENT_W__SIMON_LUCKHOFF:10,10,3,commentary:0014_-QUALITY_CONTENT_W__SIMON_LUCKHOFF:13,13,Assert / Elaborate,177,101,5,3,5,3,31,12,True,[30],[33],25,True,776bc40e8f0ee67d8b74cd428f516abcd3d4407d10eb8c987b30f91fc4c9b720,,"[""raw_history_b256"", ""raw_history_true_assumptions_b256"", ""raw_history_different_episode_assumptions_b256"", ""raw_history_same_episode_random_turn_assumptions_b256"", ""raw_history_explicit_b256""]"
commentary:0014_-QUALITY_CONTENT_W__SIMON_LUCKHOFF:11:12:h1,commentary,0014_-QUALITY_CONTENT_W__SIMON_LUCKHOFF,data_cleaned/conversation_moves_labeled/commentary/0014_-QUALITY_CONTENT_W__SIMON_LUCKHOFF.json,commentary:0014_-QUALITY_CONTENT_W__SIMON_LUCKHOFF:11,11,1,commentary:0014_-QUALITY_CONTENT_W__SIMON_LUCKHOFF:12,12,Clarification Request (Specific),237,105,10,3,10,3,33,12,True,[31],[32],25,True,aa5da6ee904b8db424316d19f5e92b767abe9ee1c4285665330a2f0db9236487,,"[""raw_history_b256"", ""raw_history_true_assumptions_b256"", ""raw_history_different_episode_assumptions_b256"", ""raw_history_same_episode_random_turn_assumptions_b256"", ""raw_history_explicit_b256""]"
commentary:0014_-QUALITY_CONTENT_W__SIMON_LUCKHOFF:12:13:h1,commentary,0014_-QUALITY_CONTENT_W__SIMON_LUCKHOFF,data_cleaned/conversation_moves_labeled/commentary/0014_-QUALITY_CONTENT_W__SIMON_LUCKHOFF.json,commentary:0014_-QUALITY_CONTENT_W__SIMON_LUCKHOFF:12,12,1,commentary:0014_-QUALITY_CONTENT_W__SIMON_LUCKHOFF:13,13,Assert / Elaborate,137,104,5,3,6,3,30,12,True,[32],[33],25,True,cd3b494111243ccd818440f9f6fe2d9fde76f43f2e8532292951e7b5573fca93,,"[""raw_history_b256"", ""raw_history_true_assumptions_b256"", ""raw_history_different_episode_assumptions_b256"", ""raw_history_same_episode_random_turn_assumptions_b256"", ""raw_history_explicit_b256""]"
commentary:0014_-QUALITY_CONTENT_W__SIMON_LUCKHOFF:18:19:h1,commentary,0014_-QUALITY_CONTENT_W__SIMON_LUCKHOFF,data_cleaned/conversation_moves_labeled/commentary/0014_-QUALITY_CONTENT_W__SIMON_LUCKHOFF.json,commentary:0014_-QUALITY_CONTENT_W__SIMON_LUCKHOFF:18,18,1,commentary:0014_-QUALITY_CONTENT_W__SIMON_LUCKHOFF:19,19,Assert / Elaborate,52,52,7,3,5,3,37,12,True,[44],[45],25,True,9fbe9da1b46305e873c384d45ab41bb3eeb76bc8e99ca1431a41fc5f25f542ea,,"[""raw_history_b256"", ""raw_history_true_assumptions_b256"", ""raw_history_different_episode_assumptions_b256"", ""raw_history_same_episode_random_turn_assumptions_b256"", ""raw_history_explicit_b256""]"
commentary:0014_-QUALITY_CONTENT_W__SIMON_LUCKHOFF:18:21:h3,commentary,0014_-QUALITY_CONTENT_W__SIMON_LUCKHOFF,data_cleaned/conversation_moves_labeled/commentary/0014_-QUALITY_CONTENT_W__SIMON_LUCKHOFF.json,commentary:0014_-QUALITY_CONTENT_W__SIMON_LUCKHOFF:18,18,3,commentary:0014_-QUALITY_CONTENT_W__SIMON_LUCKHOFF:21,21,Assert / Elaborate,52,52,7,3,5,3,37,12,True,[44],[47],25,True,5e7125381474d677b95b22bfd665ff2626fa05e1b0dd4fb5a710d51cc1080332,,"[""raw_history_b256"", ""raw_history_true_assumptions_b256"", ""raw_history_different_episode_assumptions_b256"", ""raw_history_same_episode_random_turn_assumptions_b256"", ""raw_history_explicit_b256""]"
commentary:0014_-QUALITY_CONTENT_W__SIMON_LUCKHOFF:19:20:h1,commentary,0014_-QUALITY_CONTENT_W__SIMON_LUCKHOFF,data_cleaned/conversation_moves_labeled/commentary/0014_-QUALITY_CONTENT_W__SIMON_LUCKHOFF.json,commentary:0014_-QUALITY_CONTENT_W__SIMON_LUCKHOFF:19,19,1,commentary:0014_-QUALITY_CONTENT_W__SIMON_LUCKHOFF:20,20,Clarification Request (Specific),247,103,10,3,10,3,37,12,True,[45],[46],25,True,d6df015991bb0f1c978617348e99ad19946cd1c32747b886d0e8d7a126b0af5c,,"[""raw_history_b256"", ""raw_history_true_assumptions_b256"", ""raw_history_different_episode_assumptions_b256"", ""raw_history_same_episode_random_turn_assumptions_b256"", ""raw_history_explicit_b256""]"
commentary:0014_-QUALITY_CONTENT_W__SIMON_LUCKHOFF:19:22:h3,commentary,0014_-QUALITY_CONTENT_W__SIMON_LUCKHOFF,data_cleaned/conversation_moves_labeled/commentary/0014_-QUALITY_CONTENT_W__SIMON_LUCKHOFF.json,commentary:0014_-QUALITY_CONTENT_W__SIMON_LUCKHOFF:19,19,3,commentary:0014_-QUALITY_CONTENT_W__SIMON_LUCKHOFF:22,22,Assert / Elaborate,247,103,10,3,10,3,37,12,True,[45],[48],25,True,0f67800585a9063e263b214fe51a684643ad477f77a6a5b14e9a32d7f745797b,,"[""raw_history_b256"", ""raw_history_true_assumptions_b256"", ""raw_history_different_episode_assumptions_b256"", ""raw_history_same_episode_random_turn_assumptions_b256"", ""raw_history_explicit_b256""]"
commentary:0014_-QUALITY_CONTENT_W__SIMON_LUCKHOFF:20:21:h1,commentary,0014_-QUALITY_CONTENT_W__SIMON_LUCKHOFF,data_cleaned/conversation_moves_labeled/commentary/0014_-QUALITY_CONTENT_W__SIMON_LUCKHOFF.json,commentary:0014_-QUALITY_CONTENT_W__SIMON_LUCKHOFF:20,20,1,commentary:0014_-QUALITY_CONTENT_W__SIMON_LUCKHOFF:21,21,Assert / Elaborate,85,85,8,3,7,3,35,12,True,[46],[47],25,True,a4d8ba344a6875a0c354352b974defd57e3a13663368f630094a6dfd6e0a3562,,"[""raw_history_b256"", ""raw_history_true_assumptions_b256"", ""raw_history_different_episode_assumptions_b256"", ""raw_history_same_episode_random_turn_assumptions_b256"", ""raw_history_explicit_b256""]"
commentary:0014_-QUALITY_CONTENT_W__SIMON_LUCKHOFF:21:22:h1,commentary,0014_-QUALITY_CONTENT_W__SIMON_LUCKHOFF,data_cleaned/conversation_moves_labeled/commentary/0014_-QUALITY_CONTENT_W__SIMON_LUCKHOFF.json,commentary:0014_-QUALITY_CONTENT_W__SIMON_LUCKHOFF:21,21,1,commentary:0014_-QUALITY_CONTENT_W__SIMON_LUCKHOFF:22,22,Assert / Elaborate,310,107,10,3,10,3,35,12,True,[47],[48],25,True,f0e98aa55947b088ea1f27f9067c03573c80a47dcf787f69a001a2a0d6766189,,"[""raw_history_b256"", ""raw_history_true_assumptions_b256"", ""raw_history_different_episode_assumptions_b256"", ""raw_history_same_episode_random_turn_assumptions_b256"", ""raw_history_explicit_b256""]"
commentary:0014_-QUALITY_CONTENT_W__SIMON_LUCKHOFF:24:25:h1,commentary,0014_-QUALITY_CONTENT_W__SIMON_LUCKHOFF,data_cleaned/conversation_moves_labeled/commentary/0014_-QUALITY_CONTENT_W__SIMON_LUCKHOFF.json,commentary:0014_-QUALITY_CONTENT_W__SIMON_LUCKHOFF:24,24,1,commentary:0014_-QUALITY_CONTENT_W__SIMON_LUCKHOFF:25,25,Answer,145,107,8,3,5,3,33,12,True,[50],[51],25,True,518d02de142ff32879f50716170650949974916d1e05e46190059433552384c6,,"[""raw_history_b256"", ""raw_history_true_assumptions_b256"", ""raw_history_different_episode_assumptions_b256"", ""raw_history_same_episode_random_turn_assumptions_b256"", ""raw_history_explicit_b256""]"
commentary:004_-__Dance_Floor_Anthem__I_Don_t_Wanna_Be_In_Love__x_Angela_Mastrogiacomo:1:2:h1,commentary,004_-__Dance_Floor_Anthem__I_Don_t_Wanna_Be_In_Love__x_Angela_Mastrogiacomo,data_cleaned/conversation_moves_labeled/commentary/004_-__Dance_Floor_Anthem__I_Don_t_Wanna_Be_In_Love__x_Angela_Mastrogiacomo.json,commentary:004_-__Dance_Floor_Anthem__I_Don_t_Wanna_Be_In_Love__x_Angela_Mastrogiacomo:1,1,1,commentary:004_-__Dance_Floor_Anthem__I_Don_t_Wanna_Be_In_Love__x_Angela_Mastrogiacomo:2,2,Clarification Request (Specific),68,68,5,3,5,1,15,6,True,[3],[4],25,True,93c372876e2d349fb93ce4a30d44d8ea5da327c7383cf43e22dfd35c0bcc2271,,"[""raw_history_b256"", ""raw_history_true_assumptions_b256"", ""raw_history_different_episode_assumptions_b256"", ""raw_history_explicit_b256""]"
commentary:004_-__Dance_Floor_Anthem__I_Don_t_Wanna_Be_In_Love__x_Angela_Mastrogiacomo:4:5:h1,commentary,004_-__Dance_Floor_Anthem__I_Don_t_Wanna_Be_In_Love__x_Angela_Mastrogiacomo,data_cleaned/conversation_moves_labeled/commentary/004_-__Dance_Floor_Anthem__I_Don_t_Wanna_Be_In_Love__x_Angela_Mastrogiacomo.json,commentary:004_-__Dance_Floor_Anthem__I_Don_t_Wanna_Be_In_Love__x_Angela_Mastrogiacomo:4,4,1,commentary:004_-__Dance_Floor_Anthem__I_Don_t_Wanna_Be_In_Love__x_Angela_Mastrogiacomo:5,5,Agree / Align,151,100,7,3,7,3,27,12,True,[8],[9],25,True,13386a1b636296b6e7c128a2d0b4689aa4e80cf29959445657c3d468aa3d5d43,,"[""raw_history_b256"", ""raw_history_true_assumptions_b256"", ""raw_history_different_episode_assumptions_b256"", ""raw_history_same_episode_random_turn_assumptions_b256"", ""raw_history_explicit_b256""]"
commentary:004_-__Dance_Floor_Anthem__I_Don_t_Wanna_Be_In_Love__x_Angela_Mastrogiacomo:4:7:h3,commentary,004_-__Dance_Floor_Anthem__I_Don_t_Wanna_Be_In_Love__x_Angela_Mastrogiacomo,data_cleaned/conversation_moves_labeled/commentary/004_-__Dance_Floor_Anthem__I_Don_t_Wanna_Be_In_Love__x_Angela_Mastrogiacomo.json,commentary:004_-__Dance_Floor_Anthem__I_Don_t_Wanna_Be_In_Love__x_Angela_Mastrogiacomo:4,4,3,commentary:004_-__Dance_Floor_Anthem__I_Don_t_Wanna_Be_In_Love__x_Angela_Mastrogiacomo:7,7,Assert / Elaborate,151,100,7,3,7,3,27,12,True,[8],[11],25,True,8d686d0b05cb4befeec1c3ca44d0c3aa5595d2dfa110c152719716fceb0fe97b,,"[""raw_history_b256"", ""raw_history_true_assumptions_b256"", ""raw_history_different_episode_assumptions_b256"", ""raw_history_same_episode_random_turn_assumptions_b256"", ""raw_history_explicit_b256""]"
commentary:004_-__Dance_Floor_Anthem__I_Don_t_Wanna_Be_In_Love__x_Angela_Mastrogiacomo:5:6:h1,commentary,004_-__Dance_Floor_Anthem__I_Don_t_Wanna_Be_In_Love__x_Angela_Mastrogiacomo,data_cleaned/conversation_moves_labeled/commentary/004_-__Dance_Floor_Anthem__I_Don_t_Wanna_Be_In_Love__x_Angela_Mastrogiacomo.json,commentary:004_-__Dance_Floor_Anthem__I_Don_t_Wanna_Be_In_Love__x_Angela_Mastrogiacomo:5,5,1,commentary:004_-__Dance_Floor_Anthem__I_Don_t_Wanna_Be_In_Love__x_Angela_Mastrogiacomo:6,6,Assert / Elaborate,79,79,4,3,5,3,26,12,True,[9],[10],25,True,49c476fd8709317657f212bc7bb90f87bcf75f4a5ebe091b74eb715323a45d42,,"[""raw_history_b256"", ""raw_history_true_assumptions_b256"", ""raw_history_different_episode_assumptions_b256"", ""raw_history_same_episode_random_turn_assumptions_b256"", ""raw_history_explicit_b256""]"
commentary:004_-__Dance_Floor_Anthem__I_Don_t_Wanna_Be_In_Love__x_Angela_Mastrogiacomo:5:8:h3,commentary,004_-__Dance_Floor_Anthem__I_Don_t_Wanna_Be_In_Love__x_Angela_Mastrogiacomo,data_cleaned/conversation_moves_labeled/commentary/004_-__Dance_Floor_Anthem__I_Don_t_Wanna_Be_In_Love__x_Angela_Mastrogiacomo.json,commentary:004_-__Dance_Floor_Anthem__I_Don_t_Wanna_Be_In_Love__x_Angela_Mastrogiacomo:5,5,3,commentary:004_-__Dance_Floor_Anthem__I_Don_t_Wanna_Be_In_Love__x_Angela_Mastrogiacomo:8,8,Assert / Elaborate,79,79,4,3,5,3,26,12,True,[9],[12],25,True,93f0066b9c6358c9a1dd96c5dfba250943224ff023a4c75d2ce9ba81048a4805,,"[""raw_history_b256"", ""raw_history_true_assumptions_b256"", ""raw_history_different_episode_assumptions_b256"", ""raw_history_same_episode_random_turn_assumptions_b256"", ""raw_history_explicit_b256""]"
commentary:004_-__Dance_Floor_Anthem__I_Don_t_Wanna_Be_In_Love__x_Angela_Mastrogiacomo:6:7:h1,commentary,004_-__Dance_Floor_Anthem__I_Don_t_Wanna_Be_In_Love__x_Angela_Mastrogiacomo,data_cleaned/conversation_moves_labeled/commentary/004_-__Dance_Floor_Anthem__I_Don_t_Wanna_Be_In_Love__x_Angela_Mastrogiacomo.json,commentary:004_-__Dance_Floor_Anthem__I_Don_t_Wanna_Be_In_Love__x_Angela_Mastrogiacomo:6,6,1,commentary:004_-__Dance_Floor_Anthem__I_Don_t_Wanna_Be_In_Love__x_Angela_Mastrogiacomo:7,7,Assert / Elaborate,138,107,6,3,6,3,27,12,True,[10],[11],25,True,4b18bddb089d4bad1098f1429ac1346df223b5fdc5d5fc85ede93a541d7ec123,,"[""raw_history_b256"", ""raw_history_true_assumptions_b256"", ""raw_history_different_episode_assumptions_b256"", ""raw_history_same_episode_random_turn_assumptions_b256"", ""raw_history_explicit_b256""]"
commentary:004_-__Dance_Floor_Anthem__I_Don_t_Wanna_Be_In_Love__x_Angela_Mastrogiacomo:7:8:h1,commentary,004_-__Dance_Floor_Anthem__I_Don_t_Wanna_Be_In_Love__x_Angela_Mastrogiacomo,data_cleaned/conversation_moves_labeled/commentary/004_-__Dance_Floor_Anthem__I_Don_t_Wanna_Be_In_Love__x_Angela_Mastrogiacomo.json,commentary:004_-__Dance_Floor_Anthem__I_Don_t_Wanna_Be_In_Love__x_Angela_Mastrogiacomo:7,7,1,commentary:004_-__Dance_Floor_Anthem__I_Don_t_Wanna_Be_In_Love__x_Angela_Mastrogiacomo:8,8,Assert / Elaborate,83,83,4,3,4,3,21,12,True,[11],[12],25,True,189670fdc59c9a2196176a8a7ee0f1ad4391dadf60291103037b9d3eb8ffa0b9,,"[""raw_history_b256"", ""raw_history_true_assumptions_b256"", ""raw_history_different_episode_assumptions_b256"", ""raw_history_same_episode_random_turn_assumptions_b256"", ""raw_history_explicit_b256""]"
commentary:004_-__Dance_Floor_Anthem__I_Don_t_Wanna_Be_In_Love__x_Angela_Mastrogiacomo:17:18:h1,commentary,004_-__Dance_Floor_Anthem__I_Don_t_Wanna_Be_In_Love__x_Angela_Mastrogiacomo,data_cleaned/conversation_moves_labeled/commentary/004_-__Dance_Floor_Anthem__I_Don_t_Wanna_Be_In_Love__x_Angela_Mastrogiacomo.json,commentary:004_-__Dance_Floor_Anthem__I_Don_t_Wanna_Be_In_Love__x_Angela_Mastrogiacomo:17,17,1,commentary:004_-__Dance_Floor_Anthem__I_Don_t_Wanna_Be_In_Love__x_Angela_Mastrogiacomo:18,18,Assert / Elaborate,126,108,7,3,6,3,37,12,True,[45],[46],25,True,6a3b17c0d79ebf626a53a031207c1f841c341229706eae3634891a98955dc4f2,,"[""raw_history_b256"", ""raw_history_true_assumptions_b256"", ""raw_history_different_episode_assumptions_b256"", ""raw_history_same_episode_random_turn_assumptions_b256"", ""raw_history_explicit_b256""]"
commentary:004_-__Dance_Floor_Anthem__I_Don_t_Wanna_Be_In_Love__x_Angela_Mastrogiacomo:18:19:h1,commentary,004_-__Dance_Floor_Anthem__I_Don_t_Wanna_Be_In_Love__x_Angela_Mastrogiacomo,data_cleaned/conversation_moves_labeled/commentary/004_-__Dance_Floor_Anthem__I_Don_t_Wanna_Be_In_Love__x_Angela_Mastrogiacomo.json,commentary:004_-__Dance_Floor_Anthem__I_Don_t_Wanna_Be_In_Love__x_Angela_Mastrogiacomo:18,18,1,commentary:004_-__Dance_Floor_Anthem__I_Don_t_Wanna_Be_In_Love__x_Angela_Mastrogiacomo:19,19,Agree / Align,354,101,10,3,10,3,37,12,True,[46],[47],25,True,22e3a0dab694f26c63c4e5cd8fa83b45c96ea33616259818769e3e6310d6c2d7,,"[""raw_history_b256"", ""raw_history_true_assumptions_b256"", ""raw_history_different_episode_assumptions_b256"", ""raw_history_same_episode_random_turn_assumptions_b256"", ""raw_history_explicit_b256""]"
commentary:004_-__Dance_Floor_Anthem__I_Don_t_Wanna_Be_In_Love__x_Angela_Mastrogiacomo:30:31:h1,commentary,004_-__Dance_Floor_Anthem__I_Don_t_Wanna_Be_In_Love__x_Angela_Mastrogiacomo,data_cleaned/conversation_moves_labeled/commentary/004_-__Dance_Floor_Anthem__I_Don_t_Wanna_Be_In_Love__x_Angela_Mastrogiacomo.json,commentary:004_-__Dance_Floor_Anthem__I_Don_t_Wanna_Be_In_Love__x_Angela_Mastrogiacomo:30,30,1,commentary:004_-__Dance_Floor_Anthem__I_Don_t_Wanna_Be_In_Love__x_Angela_Mastrogiacomo:31,31,Assert / Elaborate,124,101,8,3,7,3,27,12,True,[96],[97],25,True,ac7f990e55d7417c6f16e9d336e1e4548ce44ee1cd196ed948fa1694ca00de93,,"[""raw_history_b256"", ""raw_history_true_assumptions_b256"", ""raw_history_different_episode_assumptions_b256"", ""raw_history_same_episode_random_turn_assumptions_b256"", ""raw_history_explicit_b256""]"
commentary:004_-__Dance_Floor_Anthem__I_Don_t_Wanna_Be_In_Love__x_Angela_Mastrogiacomo:31:32:h1,commentary,004_-__Dance_Floor_Anthem__I_Don_t_Wanna_Be_In_Love__x_Angela_Mastrogiacomo,data_cleaned/conversation_moves_labeled/commentary/004_-__Dance_Floor_Anthem__I_Don_t_Wanna_Be_In_Love__x_Angela_Mastrogiacomo.json,commentary:004_-__Dance_Floor_Anthem__I_Don_t_Wanna_Be_In_Love__x_Angela_Mastrogiacomo:31,31,1,commentary:004_-__Dance_Floor_Anthem__I_Don_t_Wanna_Be_In_Love__x_Angela_Mastrogiacomo:32,32,Assert / Elaborate,123,105,4,3,4,3,26,12,True,[97],[98],25,True,6b3615550c4a498c0e74540bd87becf88bebce1addec739eb3770d7d131aab32,,"[""raw_history_b256"", ""raw_history_true_assumptions_b256"", ""raw_history_different_episode_assumptions_b256"", ""raw_history_same_episode_random_turn_assumptions_b256"", ""raw_history_explicit_b256""]"
commentary:004_-__Dance_Floor_Anthem__I_Don_t_Wanna_Be_In_Love__x_Angela_Mastrogiacomo:34:35:h1,commentary,004_-__Dance_Floor_Anthem__I_Don_t_Wanna_Be_In_Love__x_Angela_Mastrogiacomo,data_cleaned/conversation_moves_labeled/commentary/004_-__Dance_Floor_Anthem__I_Don_t_Wanna_Be_In_Love__x_Angela_Mastrogiacomo.json,commentary:004_-__Dance_Floor_Anthem__I_Don_t_Wanna_Be_In_Love__x_Angela_Mastrogiacomo:34,34,1,commentary:004_-__Dance_Floor_Anthem__I_Don_t_Wanna_Be_In_Love__x_Angela_Mastrogiacomo:35,35,Assert / Elaborate,129,100,8,3,7,3,28,12,True,[104],[105],25,True,b2f0f87db33ee46345918f52ea1831aa2cad102da01f03d25795c724e6cc6b74,,"[""raw_history_b256"", ""raw_history_true_assumptions_b256"", ""raw_history_different_episode_assumptions_b256"", ""raw_history_same_episode_random_turn_assumptions_b256"", ""raw_history_explicit_b256""]"
commentary:087__Charlie_Marie:0:1:h1,commentary,087__Charlie_Marie,data_cleaned/conversation_moves_labeled/commentary/087__Charlie_Marie.json,commentary:087__Charlie_Marie:0,0,1,commentary:087__Charlie_Marie:1,1,Assert / Elaborate,776,100,7,3,7,0,7,3,True,[0],[1],25,True,fd7e548fd2cc5cab57fe51ed78ffb7bb4efb587c5e920eeef6c00d6d595baa4c,,"[""raw_history_b256"", ""raw_history_true_assumptions_b256"", ""raw_history_different_episode_assumptions_b256"", ""raw_history_explicit_b256""]"
commentary:087__Charlie_Marie:1:2:h1,commentary,087__Charlie_Marie,data_cleaned/conversation_moves_labeled/commentary/087__Charlie_Marie.json,commentary:087__Charlie_Marie:1,1,1,commentary:087__Charlie_Marie:2,2,Clarification Request (Specific),517,106,10,3,10,1,17,6,True,[1],[2],25,True,724c36c53bc6145b680556913f671a824d941f28938b6e0beb89719c8c33123f,,"[""raw_history_b256"", ""raw_history_true_assumptions_b256"", ""raw_history_different_episode_assumptions_b256"", ""raw_history_explicit_b256""]"
commentary:087__Charlie_Marie:4:5:h1,commentary,087__Charlie_Marie,data_cleaned/conversation_moves_labeled/commentary/087__Charlie_Marie.json,commentary:087__Charlie_Marie:4,4,1,commentary:087__Charlie_Marie:5,5,Assert / Elaborate,77,77,5,3,5,3,30,12,True,[6],[7],25,True,3b50c5b1ac5c191af7c21fb8bd3fc76485a7e03dd20d4fe903206c5bd46654df,,"[""raw_history_b256"", ""raw_history_true_assumptions_b256"", ""raw_history_different_episode_assumptions_b256"", ""raw_history_same_episode_random_turn_assumptions_b256"", ""raw_history_explicit_b256""]"
commentary:087__Charlie_Marie:5:6:h1,commentary,087__Charlie_Marie,data_cleaned/conversation_moves_labeled/commentary/087__Charlie_Marie.json,commentary:087__Charlie_Marie:5,5,1,commentary:087__Charlie_Marie:6,6,Clarification Request (Specific),58,58,5,3,5,3,25,12,True,[7],[8],25,True,cfe9a972e043cd02354f28078116aeba26ae3135e3cf52324c5b5b98ab584e6c,,"[""raw_history_b256"", ""raw_history_true_assumptions_b256"", ""raw_history_different_episode_assumptions_b256"", ""raw_history_same_episode_random_turn_assumptions_b256"", ""raw_history_explicit_b256""]"
commentary:087__Charlie_Marie:10:11:h1,commentary,087__Charlie_Marie,data_cleaned/conversation_moves_labeled/commentary/087__Charlie_Marie.json,commentary:087__Charlie_Marie:10,10,1,commentary:087__Charlie_Marie:11,11,Assert / Elaborate,86,86,5,3,5,3,30,12,True,[16],[17],25,True,0da2cd895c0e40280293a458e99c39fbcacf4d8fadb89e81a11992b6d939cd2e,,"[""raw_history_b256"", ""raw_history_true_assumptions_b256"", ""raw_history_different_episode_assumptions_b256"", ""raw_history_same_episode_random_turn_assumptions_b256"", ""raw_history_explicit_b256""]"
commentary:087__Charlie_Marie:10:13:h3,commentary,087__Charlie_Marie,data_cleaned/conversation_moves_labeled/commentary/087__Charlie_Marie.json,commentary:087__Charlie_Marie:10,10,3,commentary:087__Charlie_Marie:13,13,Assert / Elaborate,86,86,5,3,5,3,30,12,True,[16],[19],25,True,b3c4295c1d15e9a2167b5c1cc78eb20600b51d93a13f68881f5228218ca02262,,"[""raw_history_b256"", ""raw_history_true_assumptions_b256"", ""raw_history_different_episode_assumptions_b256"", ""raw_history_same_episode_random_turn_assumptions_b256"", ""raw_history_explicit_b256""]"
commentary:087__Charlie_Marie:10:15:h5,commentary,087__Charlie_Marie,data_cleaned/conversation_moves_labeled/commentary/087__Charlie_Marie.json,commentary:087__Charlie_Marie:10,10,5,commentary:087__Charlie_Marie:15,15,Assert / Elaborate,86,86,5,3,5,3,30,12,True,[16],[21],25,True,9bbfcbaf469cdeb4de3b6bd84397b3b4e00136770976d14720cf4c92cacd5689,,"[""raw_history_b256"", ""raw_history_true_assumptions_b256"", ""raw_history_different_episode_assumptions_b256"", ""raw_history_same_episode_random_turn_assumptions_b256"", ""raw_history_explicit_b256""]"
commentary:087__Charlie_Marie:11:12:h1,commentary,087__Charlie_Marie,data_cleaned/conversation_moves_labeled/commentary/087__Charlie_Marie.json,commentary:087__Charlie_Marie:11,11,1,commentary:087__Charlie_Marie:12,12,Clarification Request (Specific),90,90,6,3,5,3,26,12,True,[17],[18],25,True,82409cf1f860fe46c17d584ae0d54b554c5292fb6e9c4e8c5ad05a2092254500,,"[""raw_history_b256"", ""raw_history_true_assumptions_b256"", ""raw_history_different_episode_assumptions_b256"", ""raw_history_same_episode_random_turn_assumptions_b256"", ""raw_history_explicit_b256""]"
commentary:087__Charlie_Marie:11:14:h3,commentary,087__Charlie_Marie,data_cleaned/conversation_moves_labeled/commentary/087__Charlie_Marie.json,commentary:087__Charlie_Marie:11,11,3,commentary:087__Charlie_Marie:14,14,Agree / Align,90,90,6,3,5,3,26,12,True,[17],[20],25,True,2cafa917fb8149d76327450700fbc7e36e9fd9e8c6511e3ff6fd221cd8f8fa19,,"[""raw_history_b256"", ""raw_history_true_assumptions_b256"", ""raw_history_different_episode_assumptions_b256"", ""raw_history_same_episode_random_turn_assumptions_b256"", ""raw_history_explicit_b256""]"
commentary:087__Charlie_Marie:11:16:h5,commentary,087__Charlie_Marie,data_cleaned/conversation_moves_labeled/commentary/087__Charlie_Marie.json,commentary:087__Charlie_Marie:11,11,5,commentary:087__Charlie_Marie:16,16,Assert / Elaborate,90,90,6,3,5,3,26,12,True,[17],[22],25,True,eb9486f5a2aed102f824f7af3c19a8f64cae6511927bef5da101f9f09b1a995e,,"[""raw_history_b256"", ""raw_history_true_assumptions_b256"", ""raw_history_different_episode_assumptions_b256"", ""raw_history_same_episode_random_turn_assumptions_b256"", ""raw_history_explicit_b256""]"
commentary:087__Charlie_Marie:12:13:h1,commentary,087__Charlie_Marie,data_cleaned/conversation_moves_labeled/commentary/087__Charlie_Marie.json,commentary:087__Charlie_Marie:12,12,1,commentary:087__Charlie_Marie:13,13,Assert / Elaborate,56,56,4,3,4,3,25,12,True,[18],[19],25,True,61ba436f420741cedade85dbe88ed5b84ffd218f5cbcedf2b4a9a8b9087ce50c,,"[""raw_history_b256"", ""raw_history_true_assumptions_b256"", ""raw_history_different_episode_assumptions_b256"", ""raw_history_same_episode_random_turn_assumptions_b256"", ""raw_history_explicit_b256""]"
commentary:087__Charlie_Marie:12:15:h3,commentary,087__Charlie_Marie,data_cleaned/conversation_moves_labeled/commentary/087__Charlie_Marie.json,commentary:087__Charlie_Marie:12,12,3,commentary:087__Charlie_Marie:15,15,Assert / Elaborate,56,56,4,3,4,3,25,12,True,[18],[21],25,True,d1a4ffbb4fdaee91c0b73bdf499fc10153ff4fa846452c89cdde355a0ead8b30,,"[""raw_history_b256"", ""raw_history_true_assumptions_b256"", ""raw_history_different_episode_assumptions_b256"", ""raw_history_same_episode_random_turn_assumptions_b256"", ""raw_history_explicit_b256""]"
commentary:087__Charlie_Marie:12:17:h5,commentary,087__Charlie_Marie,data_cleaned/conversation_moves_labeled/commentary/087__Charlie_Marie.json,commentary:087__Charlie_Marie:12,12,5,commentary:087__Charlie_Marie:17,17,Assert / Elaborate,56,56,4,3,4,3,25,12,True,[18],[23],25,True,82008c5acf4ea48c63f30f2adcd7f82902bf3b47cb90ed6b34cf8ed28c6f56ad,,"[""raw_history_b256"", ""raw_history_true_assumptions_b256"", ""raw_history_different_episode_assumptions_b256"", ""raw_history_same_episode_random_turn_assumptions_b256"", ""raw_history_explicit_b256""]"
commentary:087__Charlie_Marie:13:14:h1,commentary,087__Charlie_Marie,data_cleaned/conversation_moves_labeled/commentary/087__Charlie_Marie.json,commentary:087__Charlie_Marie:13,13,1,commentary:087__Charlie_Marie:14,14,Agree / Align,461,104,10,3,10,3,25,12,True,[19],[20],25,True,5e3d4b107082790cea2731536b1a370adf190fd49867fe8a09e4fc98ef968fef,,"[""raw_history_b256"", ""raw_history_true_assumptions_b256"", ""raw_history_different_episode_assumptions_b256"", ""raw_history_same_episode_random_turn_assumptions_b256"", ""raw_history_explicit_b256""]"
commentary:087__Charlie_Marie:13:16:h3,commentary,087__Charlie_Marie,data_cleaned/conversation_moves_labeled/commentary/087__Charlie_Marie.json,commentary:087__Charlie_Marie:13,13,3,commentary:087__Charlie_Marie:16,16,Assert / Elaborate,461,104,10,3,10,3,25,12,True,[19],[22],25,True,935cd3a879a6d4aa4402785342cd3ce880e31b09b8e210b654d9d5c2342063b2,,"[""raw_history_b256"", ""raw_history_true_assumptions_b256"", ""raw_history_different_episode_assumptions_b256"", ""raw_history_same_episode_random_turn_assumptions_b256"", ""raw_history_explicit_b256""]"
commentary:087__Charlie_Marie:14:15:h1,commentary,087__Charlie_Marie,data_cleaned/conversation_moves_labeled/commentary/087__Charlie_Marie.json,commentary:087__Charlie_Marie:14,14,1,commentary:087__Charlie_Marie:15,15,Assert / Elaborate,151,109,5,3,5,3,25,12,True,[20],[21],25,True,f5451095b78277486f5d7c0103c1f0514cfb41bad9aea9ec97355d88b7355fb3,,"[""raw_history_b256"", ""raw_history_true_assumptions_b256"", ""raw_history_different_episode_assumptions_b256"", ""raw_history_same_episode_random_turn_assumptions_b256"", ""raw_history_explicit_b256""]"
commentary:087__Charlie_Marie:14:17:h3,commentary,087__Charlie_Marie,data_cleaned/conversation_moves_labeled/commentary/087__Charlie_Marie.json,commentary:087__Charlie_Marie:14,14,3,commentary:087__Charlie_Marie:17,17,Assert / Elaborate,151,109,5,3,5,3,25,12,True,[20],[23],25,True,250d045c764eef20709a23e8df472dbfe68e7c3a4e33cbe4a5df88de724cfb57,,"[""raw_history_b256"", ""raw_history_true_assumptions_b256"", ""raw_history_different_episode_assumptions_b256"", ""raw_history_same_episode_random_turn_assumptions_b256"", ""raw_history_explicit_b256""]"
commentary:087__Charlie_Marie:15:16:h1,commentary,087__Charlie_Marie,data_cleaned/conversation_moves_labeled/commentary/087__Charlie_Marie.json,commentary:087__Charlie_Marie:15,15,1,commentary:087__Charlie_Marie:16,16,Assert / Elaborate,290,107,10,3,10,3,29,12,True,[21],[22],25,True,5a000c9a138359f9b49c517950b6fdc8c60116be020e8b996a2d0dc7f9c63264,,"[""raw_history_b256"", ""raw_history_true_assumptions_b256"", ""raw_history_different_episode_assumptions_b256"", ""raw_history_same_episode_random_turn_assumptions_b256"", ""raw_history_explicit_b256""]"
commentary:087__Charlie_Marie:16:17:h1,commentary,087__Charlie_Marie,data_cleaned/conversation_moves_labeled/commentary/087__Charlie_Marie.json,commentary:087__Charlie_Marie:16,16,1,commentary:087__Charlie_Marie:17,17,Assert / Elaborate,51,51,4,3,5,3,29,12,True,[22],[23],25,True,9fdf97dc2b928888e3ebc3561403199397b9fb7ab22948b3899c41c51200166e,,"[""raw_history_b256"", ""raw_history_true_assumptions_b256"", ""raw_history_different_episode_assumptions_b256"", ""raw_history_same_episode_random_turn_assumptions_b256"", ""raw_history_explicit_b256""]"
commentary:087__Charlie_Marie:19:20:h1,commentary,087__Charlie_Marie,data_cleaned/conversation_moves_labeled/commentary/087__Charlie_Marie.json,commentary:087__Charlie_Marie:19,19,1,commentary:087__Charlie_Marie:20,20,Assert / Elaborate,362,107,10,3,10,3,32,12,True,[27],[28],25,True,3174a6b83a374cd79b9636f1f47435197e3f3b3f79b254d7524fa23c2b8e6610,,"[""raw_history_b256"", ""raw_history_true_assumptions_b256"", ""raw_history_different_episode_assumptions_b256"", ""raw_history_same_episode_random_turn_assumptions_b256"", ""raw_history_explicit_b256""]"
commentary:087__Charlie_Marie:20:21:h1,commentary,087__Charlie_Marie,data_cleaned/conversation_moves_labeled/commentary/087__Charlie_Marie.json,commentary:087__Charlie_Marie:20,20,1,commentary:087__Charlie_Marie:21,21,Assert / Elaborate,95,95,6,3,4,3,34,12,True,[28],[29],25,True,dc63ac659bacb8322a44404c2277c0c5899353f81f3d64f2bb5f57882727446a,,"[""raw_history_b256"", ""raw_history_true_assumptions_b256"", ""raw_history_different_episode_assumptions_b256"", ""raw_history_same_episode_random_turn_assumptions_b256"", ""raw_history_explicit_b256""]"
commentary:087__Charlie_Marie:23:24:h1,commentary,087__Charlie_Marie,data_cleaned/conversation_moves_labeled/commentary/087__Charlie_Marie.json,commentary:087__Charlie_Marie:23,23,1,commentary:087__Charlie_Marie:24,24,Assert / Elaborate,376,112,10,3,10,3,32,12,True,[33],[34],25,True,ff1f993c88c80dd26ad37a2ed95c17e0c4ccc13b773f27949e7b101e9908d3ff,,"[""raw_history_b256"", ""raw_history_true_assumptions_b256"", ""raw_history_different_episode_assumptions_b256"", ""raw_history_same_episode_random_turn_assumptions_b256"", ""raw_history_explicit_b256""]"
commentary:087__Charlie_Marie:26:27:h1,commentary,087__Charlie_Marie,data_cleaned/conversation_moves_labeled/commentary/087__Charlie_Marie.json,commentary:087__Charlie_Marie:26,26,1,commentary:087__Charlie_Marie:27,27,Assert / Elaborate,70,70,5,3,5,3,34,12,True,[42],[43],25,True,02376a033e944583cdc98efc3771b11b7eefe969b80ba0448ffc5fa806a24e95,,"[""raw_history_b256"", ""raw_history_true_assumptions_b256"", ""raw_history_different_episode_assumptions_b256"", ""raw_history_same_episode_random_turn_assumptions_b256"", ""raw_history_explicit_b256""]"
commentary:087__Charlie_Marie:26:29:h3,commentary,087__Charlie_Marie,data_cleaned/conversation_moves_labeled/commentary/087__Charlie_Marie.json,commentary:087__Charlie_Marie:26,26,3,commentary:087__Charlie_Marie:29,29,Assert / Elaborate,70,70,5,3,5,3,34,12,True,[42],[45],25,True,65990f5f98c231c3b6f3914f301ba672f9272ac08bd892bb358bcb0e73b6f0e5,,"[""raw_history_b256"", ""raw_history_true_assumptions_b256"", ""raw_history_different_episode_assumptions_b256"", ""raw_history_same_episode_random_turn_assumptions_b256"", ""raw_history_explicit_b256""]"
commentary:087__Charlie_Marie:26:31:h5,commentary,087__Charlie_Marie,data_cleaned/conversation_moves_labeled/commentary/087__Charlie_Marie.json,commentary:087__Charlie_Marie:26,26,5,commentary:087__Charlie_Marie:31,31,Assert / Elaborate,70,70,5,3,5,3,34,12,True,[42],[47],25,True,7749e5163380b8486fc442f23131614a9afbc8a947903fe0f72a4d34c6a723f1,,"[""raw_history_b256"", ""raw_history_true_assumptions_b256"", ""raw_history_different_episode_assumptions_b256"", ""raw_history_same_episode_random_turn_assumptions_b256"", ""raw_history_explicit_b256""]"
commentary:087__Charlie_Marie:27:28:h1,commentary,087__Charlie_Marie,data_cleaned/conversation_moves_labeled/commentary/087__Charlie_Marie.json,commentary:087__Charlie_Marie:27,27,1,commentary:087__Charlie_Marie:28,28,Agree / Align,223,106,10,3,10,3,34,12,True,[43],[44],25,True,32f142189d69a6ab6d7316446c099542aeea6e5a818bc92a336c0b5d239e8785,,"[""raw_history_b256"", ""raw_history_true_assumptions_b256"", ""raw_history_different_episode_assumptions_b256"", ""raw_history_same_episode_random_turn_assumptions_b256"", ""raw_history_explicit_b256""]"
commentary:087__Charlie_Marie:27:30:h3,commentary,087__Charlie_Marie,data_cleaned/conversation_moves_labeled/commentary/087__Charlie_Marie.json,commentary:087__Charlie_Marie:27,27,3,commentary:087__Charlie_Marie:30,30,Assert / Elaborate,223,106,10,3,10,3,34,12,True,[43],[46],25,True,c4120e95eb3daeab8e0cf658719b9de22e9fa477297b0e16e5c68c372deef523,,"[""raw_history_b256"", ""raw_history_true_assumptions_b256"", ""raw_history_different_episode_assumptions_b256"", ""raw_history_same_episode_random_turn_assumptions_b256"", ""raw_history_explicit_b256""]"
commentary:087__Charlie_Marie:28:29:h1,commentary,087__Charlie_Marie,data_cleaned/conversation_moves_labeled/commentary/087__Charlie_Marie.json,commentary:087__Charlie_Marie:28,28,1,commentary:087__Charlie_Marie:29,29,Assert / Elaborate,84,84,7,3,5,3,32,12,True,[44],[45],25,True,4e119d5dea77a25c81234a655f4e5f129522b88c6a3fdfb71e9c5893fd9c594e,,"[""raw_history_b256"", ""raw_history_true_assumptions_b256"", ""raw_history_different_episode_assumptions_b256"", ""raw_history_same_episode_random_turn_assumptions_b256"", ""raw_history_explicit_b256""]"
commentary:087__Charlie_Marie:28:31:h3,commentary,087__Charlie_Marie,data_cleaned/conversation_moves_labeled/commentary/087__Charlie_Marie.json,commentary:087__Charlie_Marie:28,28,3,commentary:087__Charlie_Marie:31,31,Assert / Elaborate,84,84,7,3,5,3,32,12,True,[44],[47],25,True,d1498f1d121f99e09e5fe736a77eb9fc95d12a70689e2f51c7a7bebd016efa5e,,"[""raw_history_b256"", ""raw_history_true_assumptions_b256"", ""raw_history_different_episode_assumptions_b256"", ""raw_history_same_episode_random_turn_assumptions_b256"", ""raw_history_explicit_b256""]"
commentary:087__Charlie_Marie:29:30:h1,commentary,087__Charlie_Marie,data_cleaned/conversation_moves_labeled/commentary/087__Charlie_Marie.json,commentary:087__Charlie_Marie:29,29,1,commentary:087__Charlie_Marie:30,30,Assert / Elaborate,504,105,10,3,10,3,32,12,True,[45],[46],25,True,79b1f8e7d768ce177e0df05ac8c72050407e5de859a9a5e6e352940a64fcb0b1,,"[""raw_history_b256"", ""raw_history_true_assumptions_b256"", ""raw_history_different_episode_assumptions_b256"", ""raw_history_same_episode_random_turn_assumptions_b256"", ""raw_history_explicit_b256""]"
commentary:087__Charlie_Marie:30:31:h1,commentary,087__Charlie_Marie,data_cleaned/conversation_moves_labeled/commentary/087__Charlie_Marie.json,commentary:087__Charlie_Marie:30,30,1,commentary:087__Charlie_Marie:31,31,Assert / Elaborate,105,105,5,3,5,3,32,12,True,[46],[47],25,True,eac6cbe75a1a3fedf66dce484b4ce295feafe7320021b34480bf41fd136d10f9,,"[""raw_history_b256"", ""raw_history_true_assumptions_b256"", ""raw_history_different_episode_assumptions_b256"", ""raw_history_same_episode_random_turn_assumptions_b256"", ""raw_history_explicit_b256""]"
commentary:087__Charlie_Marie:34:35:h1,commentary,087__Charlie_Marie,data_cleaned/conversation_moves_labeled/commentary/087__Charlie_Marie.json,commentary:087__Charlie_Marie:34,34,1,commentary:087__Charlie_Marie:35,35,Assert / Elaborate,60,60,4,3,5,3,34,12,True,[58],[59],25,True,b9a6306088f1872349fd7202ab52e33acb505599fdf14002982c89eb4569db36,,"[""raw_history_b256"", ""raw_history_true_assumptions_b256"", ""raw_history_different_episode_assumptions_b256"", ""raw_history_same_episode_random_turn_assumptions_b256"", ""raw_history_explicit_b256""]"
commentary:087__Charlie_Marie:34:37:h3,commentary,087__Charlie_Marie,data_cleaned/conversation_moves_labeled/commentary/087__Charlie_Marie.json,commentary:087__Charlie_Marie:34,34,3,commentary:087__Charlie_Marie:37,37,Assert / Elaborate,60,60,4,3,5,3,34,12,True,[58],[61],25,True,155fd0f5fe69a228177243d21c815ff076a2c2c0a971d72d6a10eae229033464,,"[""raw_history_b256"", ""raw_history_true_assumptions_b256"", ""raw_history_different_episode_assumptions_b256"", ""raw_history_same_episode_random_turn_assumptions_b256"", ""raw_history_explicit_b256""]"
commentary:087__Charlie_Marie:35:36:h1,commentary,087__Charlie_Marie,data_cleaned/conversation_moves_labeled/commentary/087__Charlie_Marie.json,commentary:087__Charlie_Marie:35,35,1,commentary:087__Charlie_Marie:36,36,Assert / Elaborate,465,108,10,3,10,3,34,12,True,[59],[60],25,True,3da092aa9e7ee589d8df213250bfb81666a69463b429804f88b295c258ed12f0,,"[""raw_history_b256"", ""raw_history_true_assumptions_b256"", ""raw_history_different_episode_assumptions_b256"", ""raw_history_same_episode_random_turn_assumptions_b256"", ""raw_history_explicit_b256""]"
commentary:087__Charlie_Marie:35:38:h3,commentary,087__Charlie_Marie,data_cleaned/conversation_moves_labeled/commentary/087__Charlie_Marie.json,commentary:087__Charlie_Marie:35,35,3,commentary:087__Charlie_Marie:38,38,Assert / Elaborate,465,108,10,3,10,3,34,12,True,[59],[62],25,True,514eec91efac87397b5d7fc70bd3ae01f2702ad06df49ae554ae8b8696d6941a,,"[""raw_history_b256"", ""raw_history_true_assumptions_b256"", ""raw_history_different_episode_assumptions_b256"", ""raw_history_same_episode_random_turn_assumptions_b256"", ""raw_history_explicit_b256""]"
commentary:087__Charlie_Marie:36:37:h1,commentary,087__Charlie_Marie,data_cleaned/conversation_moves_labeled/commentary/087__Charlie_Marie.json,commentary:087__Charlie_Marie:36,36,1,commentary:087__Charlie_Marie:37,37,Assert / Elaborate,288,106,8,3,7,3,32,12,True,[60],[61],25,True,11093e2d97b1e9f71bb8f57051ae4d01ad548fe65bd4bc94ecd257906195ba2a,,"[""raw_history_b256"", ""raw_history_true_assumptions_b256"", ""raw_history_different_episode_assumptions_b256"", ""raw_history_same_episode_random_turn_assumptions_b256"", ""raw_history_explicit_b256""]"
commentary:087__Charlie_Marie:37:38:h1,commentary,087__Charlie_Marie,data_cleaned/conversation_moves_labeled/commentary/087__Charlie_Marie.json,commentary:087__Charlie_Marie:37,37,1,commentary:087__Charlie_Marie:38,38,Assert / Elaborate,183,110,5,3,6,3,27,12,True,[61],[62],25,True,6037496d63f431bf6bd36815f58a5a5ff765c3cadb613ec459dce4c4b41615e9,,"[""raw_history_b256"", ""raw_history_true_assumptions_b256"", ""raw_history_different_episode_assumptions_b256"", ""raw_history_same_episode_random_turn_assumptions_b256"", ""raw_history_explicit_b256""]"
commentary:087__Charlie_Marie:39:40:h1,commentary,087__Charlie_Marie,data_cleaned/conversation_moves_labeled/commentary/087__Charlie_Marie.json,commentary:087__Charlie_Marie:39,39,1,commentary:087__Charlie_Marie:40,40,Assert / Elaborate,153,109,10,3,10,3,28,12,True,[65],[66],25,True,87b8ad3b5839691a8f8217eacfcbfd01d6a609597eac76d1029b039ff5c37107,,"[""raw_history_b256"", ""raw_history_true_assumptions_b256"", ""raw_history_different_episode_assumptions_b256"", ""raw_history_same_episode_random_turn_assumptions_b256"", ""raw_history_explicit_b256""]"
commentary:087__Charlie_Marie:41:42:h1,commentary,087__Charlie_Marie,data_cleaned/conversation_moves_labeled/commentary/087__Charlie_Marie.json,commentary:087__Charlie_Marie:41,41,1,commentary:087__Charlie_Marie:42,42,Assert / Elaborate,197,108,10,3,10,3,32,12,True,[69],[70],25,True,04cf3cf44ded9ea41dcc08d48bdb06a4af6a0d76adad62c9f7664c52b39f58b3,,"[""raw_history_b256"", ""raw_history_true_assumptions_b256"", ""raw_history_different_episode_assumptions_b256"", ""raw_history_same_episode_random_turn_assumptions_b256"", ""raw_history_explicit_b256""]"
commentary:087__Charlie_Marie:42:43:h1,commentary,087__Charlie_Marie,data_cleaned/conversation_moves_labeled/commentary/087__Charlie_Marie.json,commentary:087__Charlie_Marie:42,42,1,commentary:087__Charlie_Marie:43,43,Agree / Align,132,104,5,3,5,3,32,12,True,[70],[71],25,True,33c1c43df823193c3c41e48c82aab0d19fb3869da8f1c2de1dcd344b04492d00,,"[""raw_history_b256"", ""raw_history_true_assumptions_b256"", ""raw_history_different_episode_assumptions_b256"", ""raw_history_same_episode_random_turn_assumptions_b256"", ""raw_history_explicit_b256""]"
commentary:087__Charlie_Marie:45:46:h1,commentary,087__Charlie_Marie,data_cleaned/conversation_moves_labeled/commentary/087__Charlie_Marie.json,commentary:087__Charlie_Marie:45,45,1,commentary:087__Charlie_Marie:46,46,Agree / Align,286,105,8,3,8,3,30,12,True,[75],[76],25,True,15aa77857925ff72d09c7333d31328020962902b643d3e406c73340593af10e4,,"[""raw_history_b256"", ""raw_history_true_assumptions_b256"", ""raw_history_different_episode_assumptions_b256"", ""raw_history_same_episode_random_turn_assumptions_b256"", ""raw_history_explicit_b256""]"
commentary:087__Charlie_Marie:46:47:h1,commentary,087__Charlie_Marie,data_cleaned/conversation_moves_labeled/commentary/087__Charlie_Marie.json,commentary:087__Charlie_Marie:46,46,1,commentary:087__Charlie_Marie:47,47,Assert / Elaborate,50,50,3,3,4,3,28,12,True,[76],[77],25,True,8f7eb9969187d4594afb4c38d1e598af35e4cde53162443457ed174437f50cb4,,"[""raw_history_b256"", ""raw_history_true_assumptions_b256"", ""raw_history_different_episode_assumptions_b256"", ""raw_history_same_episode_random_turn_assumptions_b256"", ""raw_history_explicit_b256""]"
commentary:099__Daniel_Fluitt_of_Thrift_Store_Cowboys:2:3:h1,commentary,099__Daniel_Fluitt_of_Thrift_Store_Cowboys,data_cleaned/conversation_moves_labeled/commentary/099__Daniel_Fluitt_of_Thrift_Store_Cowboys.json,commentary:099__Daniel_Fluitt_of_Thrift_Store_Cowboys:2,2,1,commentary:099__Daniel_Fluitt_of_Thrift_Store_Cowboys:3,3,Assert / Elaborate,135,108,7,3,6,2,27,9,True,[4],[5],25,True,f2618ce8b23ad7b80b667b6b674820b74b281d164ed1302176b841bc002dc8da,,"[""raw_history_b256"", ""raw_history_true_assumptions_b256"", ""raw_history_different_episode_assumptions_b256"", ""raw_history_explicit_b256""]"
commentary:099__Daniel_Fluitt_of_Thrift_Store_Cowboys:3:4:h1,commentary,099__Daniel_Fluitt_of_Thrift_Store_Cowboys,data_cleaned/conversation_moves_labeled/commentary/099__Daniel_Fluitt_of_Thrift_Store_Cowboys.json,commentary:099__Daniel_Fluitt_of_Thrift_Store_Cowboys:3,3,1,commentary:099__Daniel_Fluitt_of_Thrift_Store_Cowboys:4,4,Topic Shift,117,104,5,3,5,3,32,12,True,[5],[6],25,True,0f7f958a927f4b28787fbe4822e70137c5252e3447289f7303a34548c4323bc1,,"[""raw_history_b256"", ""raw_history_true_assumptions_b256"", ""raw_history_different_episode_assumptions_b256"", ""raw_history_explicit_b256""]"
commentary:099__Daniel_Fluitt_of_Thrift_Store_Cowboys:6:7:h1,commentary,099__Daniel_Fluitt_of_Thrift_Store_Cowboys,data_cleaned/conversation_moves_labeled/commentary/099__Daniel_Fluitt_of_Thrift_Store_Cowboys.json,commentary:099__Daniel_Fluitt_of_Thrift_Store_Cowboys:6,6,1,commentary:099__Daniel_Fluitt_of_Thrift_Store_Cowboys:7,7,Assert / Elaborate,66,66,7,3,5,3,32,12,True,[10],[11],25,True,ebf4067cd7e6f6d320e3eff2e993cf3d0917434d7cdfaabc37fa65e882a6ca31,,"[""raw_history_b256"", ""raw_history_true_assumptions_b256"", ""raw_history_different_episode_assumptions_b256"", ""raw_history_same_episode_random_turn_assumptions_b256"", ""raw_history_explicit_b256""]"
commentary:099__Daniel_Fluitt_of_Thrift_Store_Cowboys:9:10:h1,commentary,099__Daniel_Fluitt_of_Thrift_Store_Cowboys,data_cleaned/conversation_moves_labeled/commentary/099__Daniel_Fluitt_of_Thrift_Store_Cowboys.json,commentary:099__Daniel_Fluitt_of_Thrift_Store_Cowboys:9,9,1,commentary:099__Daniel_Fluitt_of_Thrift_Store_Cowboys:10,10,Assert / Elaborate,78,78,5,3,5,3,28,12,True,[13],[14],25,True,b70d60251ee27d3ab5f4e1466e023c95d8d9c80dbd12874113091ee891df255c,,"[""raw_history_b256"", ""raw_history_true_assumptions_b256"", ""raw_history_different_episode_assumptions_b256"", ""raw_history_same_episode_random_turn_assumptions_b256"", ""raw_history_explicit_b256""]"
commentary:099__Daniel_Fluitt_of_Thrift_Store_Cowboys:9:12:h3,commentary,099__Daniel_Fluitt_of_Thrift_Store_Cowboys,data_cleaned/conversation_moves_labeled/commentary/099__Daniel_Fluitt_of_Thrift_Store_Cowboys.json,commentary:099__Daniel_Fluitt_of_Thrift_Store_Cowboys:9,9,3,commentary:099__Daniel_Fluitt_of_Thrift_Store_Cowboys:12,12,Assert / Elaborate,78,78,5,3,5,3,28,12,True,[13],[16],25,True,f122bf0fa20f2b578b87520628b9cfeb661291711493db19c0dd306f89806294,,"[""raw_history_b256"", ""raw_history_true_assumptions_b256"", ""raw_history_different_episode_assumptions_b256"", ""raw_history_same_episode_random_turn_assumptions_b256"", ""raw_history_explicit_b256""]"
commentary:099__Daniel_Fluitt_of_Thrift_Store_Cowboys:10:11:h1,commentary,099__Daniel_Fluitt_of_Thrift_Store_Cowboys,data_cleaned/conversation_moves_labeled/commentary/099__Daniel_Fluitt_of_Thrift_Store_Cowboys.json,commentary:099__Daniel_Fluitt_of_Thrift_Store_Cowboys:10,10,1,commentary:099__Daniel_Fluitt_of_Thrift_Store_Cowboys:11,11,Agree / Align,112,102,8,3,5,3,26,12,True,[14],[15],25,True,fbf93f9e83ac5313e73b7aa3f303ea17dfa585fee0e4ea05ee72607c98cea4c7,,"[""raw_history_b256"", ""raw_history_true_assumptions_b256"", ""raw_history_different_episode_assumptions_b256"", ""raw_history_same_episode_random_turn_assumptions_b256"", ""raw_history_explicit_b256""]"
commentary:099__Daniel_Fluitt_of_Thrift_Store_Cowboys:11:12:h1,commentary,099__Daniel_Fluitt_of_Thrift_Store_Cowboys,data_cleaned/conversation_moves_labeled/commentary/099__Daniel_Fluitt_of_Thrift_Store_Cowboys.json,commentary:099__Daniel_Fluitt_of_Thrift_Store_Cowboys:11,11,1,commentary:099__Daniel_Fluitt_of_Thrift_Store_Cowboys:12,12,Assert / Elaborate,83,83,7,3,7,3,26,12,True,[15],[16],25,True,8d31cedce01e9ee8603e0ffc74c257c608a6d5487ec9027111a0600e644a3d95,,"[""raw_history_b256"", ""raw_history_true_assumptions_b256"", ""raw_history_different_episode_assumptions_b256"", ""raw_history_same_episode_random_turn_assumptions_b256"", ""raw_history_explicit_b256""]"
commentary:099__Daniel_Fluitt_of_Thrift_Store_Cowboys:14:15:h1,commentary,099__Daniel_Fluitt_of_Thrift_Store_Cowboys,data_cleaned/conversation_moves_labeled/commentary/099__Daniel_Fluitt_of_Thrift_Store_Cowboys.json,commentary:099__Daniel_Fluitt_of_Thrift_Store_Cowboys:14,14,1,commentary:099__Daniel_Fluitt_of_Thrift_Store_Cowboys:15,15,Assert / Elaborate,62,62,4,3,5,3,28,12,True,[20],[21],25,True,a6076b8c48e4afac6811b03fdf6bba68f5d14e054f09fdfdba61b3410ddbbd71,,"[""raw_history_b256"", ""raw_history_true_assumptions_b256"", ""raw_history_different_episode_assumptions_b256"", ""raw_history_same_episode_random_turn_assumptions_b256"", ""raw_history_explicit_b256""]"
commentary:099__Daniel_Fluitt_of_Thrift_Store_Cowboys:15:16:h1,commentary,099__Daniel_Fluitt_of_Thrift_Store_Cowboys,data_cleaned/conversation_moves_labeled/commentary/099__Daniel_Fluitt_of_Thrift_Store_Cowboys.json,commentary:099__Daniel_Fluitt_of_Thrift_Store_Cowboys:15,15,1,commentary:099__Daniel_Fluitt_of_Thrift_Store_Cowboys:16,16,Assert / Elaborate,81,81,4,3,5,3,25,12,True,[21],[22],25,True,ae51a7eff25b99591f3cac2ad8509759ba3fee08d1b0681c1e3f4185f65f1a9c,,"[""raw_history_b256"", ""raw_history_true_assumptions_b256"", ""raw_history_different_episode_assumptions_b256"", ""raw_history_same_episode_random_turn_assumptions_b256"", ""raw_history_explicit_b256""]"
commentary:099__Daniel_Fluitt_of_Thrift_Store_Cowboys:20:21:h1,commentary,099__Daniel_Fluitt_of_Thrift_Store_Cowboys,data_cleaned/conversation_moves_labeled/commentary/099__Daniel_Fluitt_of_Thrift_Store_Cowboys.json,commentary:099__Daniel_Fluitt_of_Thrift_Store_Cowboys:20,20,1,commentary:099__Daniel_Fluitt_of_Thrift_Store_Cowboys:21,21,Agree / Align,174,102,8,3,7,3,33,12,True,[34],[35],25,True,5903932b1b029aa25ac7c544313c8412efea3cce68de1386274b02a32c3b3faa,,"[""raw_history_b256"", ""raw_history_true_assumptions_b256"", ""raw_history_different_episode_assumptions_b256"", ""raw_history_same_episode_random_turn_assumptions_b256"", ""raw_history_explicit_b256""]"
commentary:099__Daniel_Fluitt_of_Thrift_Store_Cowboys:21:22:h1,commentary,099__Daniel_Fluitt_of_Thrift_Store_Cowboys,data_cleaned/conversation_moves_labeled/commentary/099__Daniel_Fluitt_of_Thrift_Store_Cowboys.json,commentary:099__Daniel_Fluitt_of_Thrift_Store_Cowboys:21,21,1,commentary:099__Daniel_Fluitt_of_Thrift_Store_Cowboys:22,22,Clarification Request (Specific),197,105,8,3,5,3,31,12,True,[35],[36],25,True,892176b836950b06d9e2aca60d8c93c595b62114da012386535f469737cd43b0,,"[""raw_history_b256"", ""raw_history_true_assumptions_b256"", ""raw_history_different_episode_assumptions_b256"", ""raw_history_same_episode_random_turn_assumptions_b256"", ""raw_history_explicit_b256""]"
commentary:099__Daniel_Fluitt_of_Thrift_Store_Cowboys:29:30:h1,commentary,099__Daniel_Fluitt_of_Thrift_Store_Cowboys,data_cleaned/conversation_moves_labeled/commentary/099__Daniel_Fluitt_of_Thrift_Store_Cowboys.json,commentary:099__Daniel_Fluitt_of_Thrift_Store_Cowboys:29,29,1,commentary:099__Daniel_Fluitt_of_Thrift_Store_Cowboys:30,30,Assert / Elaborate,764,104,10,3,10,3,35,12,True,[61],[62],25,True,5a402ebe70fc48694863cbb0a5dcca3ecca4245f45a0073a14fc7a6880b529af,,"[""raw_history_b256"", ""raw_history_true_assumptions_b256"", ""raw_history_different_episode_assumptions_b256"", ""raw_history_same_episode_random_turn_assumptions_b256"", ""raw_history_explicit_b256""]"
commentary:099__Daniel_Fluitt_of_Thrift_Store_Cowboys:32:33:h1,commentary,099__Daniel_Fluitt_of_Thrift_Store_Cowboys,data_cleaned/conversation_moves_labeled/commentary/099__Daniel_Fluitt_of_Thrift_Store_Cowboys.json,commentary:099__Daniel_Fluitt_of_Thrift_Store_Cowboys:32,32,1,commentary:099__Daniel_Fluitt_of_Thrift_Store_Cowboys:33,33,Assert / Elaborate,127,101,5,3,5,3,29,12,True,[66],[67],25,True,0900c72018750be2dca9368d3b268a744a7c14ad563e856ec97b72daf8fa0c01,,"[""raw_history_b256"", ""raw_history_true_assumptions_b256"", ""raw_history_different_episode_assumptions_b256"", ""raw_history_same_episode_random_turn_assumptions_b256"", ""raw_history_explicit_b256""]"
commentary:099__Daniel_Fluitt_of_Thrift_Store_Cowboys:33:34:h1,commentary,099__Daniel_Fluitt_of_Thrift_Store_Cowboys,data_cleaned/conversation_moves_labeled/commentary/099__Daniel_Fluitt_of_Thrift_Store_Cowboys.json,commentary:099__Daniel_Fluitt_of_Thrift_Store_Cowboys:33,33,1,commentary:099__Daniel_Fluitt_of_Thrift_Store_Cowboys:34,34,Assert / Elaborate,139,102,10,3,10,3,29,12,True,[67],[68],25,True,d8546680f9f045bef9bf582038b13335d573d931010e4452af887093c6497622,,"[""raw_history_b256"", ""raw_history_true_assumptions_b256"", ""raw_history_different_episode_assumptions_b256"", ""raw_history_same_episode_random_turn_assumptions_b256"", ""raw_history_explicit_b256""]"
commentary:099__Daniel_Fluitt_of_Thrift_Store_Cowboys:35:36:h1,commentary,099__Daniel_Fluitt_of_Thrift_Store_Cowboys,data_cleaned/conversation_moves_labeled/commentary/099__Daniel_Fluitt_of_Thrift_Store_Cowboys.json,commentary:099__Daniel_Fluitt_of_Thrift_Store_Cowboys:35,35,1,commentary:099__Daniel_Fluitt_of_Thrift_Store_Cowboys:36,36,Assert / Elaborate,100,100,5,3,5,3,23,12,True,[71],[72],25,True,ed3fe59044aba939f9c0c5a0a635fb3b45a15ddf12e397606def6199f213e31c,,"[""raw_history_b256"", ""raw_history_true_assumptions_b256"", ""raw_history_different_episode_assumptions_b256"", ""raw_history_same_episode_random_turn_assumptions_b256"", ""raw_history_explicit_b256""]"
commentary:099__Daniel_Fluitt_of_Thrift_Store_Cowboys:40:41:h1,commentary,099__Daniel_Fluitt_of_Thrift_Store_Cowboys,data_cleaned/conversation_moves_labeled/commentary/099__Daniel_Fluitt_of_Thrift_Store_Cowboys.json,commentary:099__Daniel_Fluitt_of_Thrift_Store_Cowboys:40,40,1,commentary:099__Daniel_Fluitt_of_Thrift_Store_Cowboys:41,41,Agree / Align,100,100,7,3,7,3,30,12,True,[84],[85],25,True,d1932046bd844a28aa5f552c1dfaf4749f2f0d9e0d45181e7146efdaf7a11124,,"[""raw_history_b256"", ""raw_history_true_assumptions_b256"", ""raw_history_different_episode_assumptions_b256"", ""raw_history_same_episode_random_turn_assumptions_b256"", ""raw_history_explicit_b256""]"
commentary:099__Daniel_Fluitt_of_Thrift_Store_Cowboys:40:43:h3,commentary,099__Daniel_Fluitt_of_Thrift_Store_Cowboys,data_cleaned/conversation_moves_labeled/commentary/099__Daniel_Fluitt_of_Thrift_Store_Cowboys.json,commentary:099__Daniel_Fluitt_of_Thrift_Store_Cowboys:40,40,3,commentary:099__Daniel_Fluitt_of_Thrift_Store_Cowboys:43,43,Assert / Elaborate,100,100,7,3,7,3,30,12,True,[84],[87],25,True,2eca9f1e73b72390774c9d6274d95e1d2871af855a57d272450a1dc44c81c932,,"[""raw_history_b256"", ""raw_history_true_assumptions_b256"", ""raw_history_different_episode_assumptions_b256"", ""raw_history_same_episode_random_turn_assumptions_b256"", ""raw_history_explicit_b256""]"
commentary:099__Daniel_Fluitt_of_Thrift_Store_Cowboys:41:42:h1,commentary,099__Daniel_Fluitt_of_Thrift_Store_Cowboys,data_cleaned/conversation_moves_labeled/commentary/099__Daniel_Fluitt_of_Thrift_Store_Cowboys.json,commentary:099__Daniel_Fluitt_of_Thrift_Store_Cowboys:41,41,1,commentary:099__Daniel_Fluitt_of_Thrift_Store_Cowboys:42,42,Assert / Elaborate,542,105,10,3,10,3,30,12,True,[85],[86],25,True,d22b8c1b2f5e48005d18aabe9516bf23bbc252369eddf2aff2bce804c145c7bb,,"[""raw_history_b256"", ""raw_history_true_assumptions_b256"", ""raw_history_different_episode_assumptions_b256"", ""raw_history_same_episode_random_turn_assumptions_b256"", ""raw_history_explicit_b256""]"
commentary:099__Daniel_Fluitt_of_Thrift_Store_Cowboys:42:43:h1,commentary,099__Daniel_Fluitt_of_Thrift_Store_Cowboys,data_cleaned/conversation_moves_labeled/commentary/099__Daniel_Fluitt_of_Thrift_Store_Cowboys.json,commentary:099__Daniel_Fluitt_of_Thrift_Store_Cowboys:42,42,1,commentary:099__Daniel_Fluitt_of_Thrift_Store_Cowboys:43,43,Assert / Elaborate,53,53,4,3,5,3,31,12,True,[86],[87],25,True,67f62fc0b296089f9c75d65673586f095de12718e74801387c907767b5f23715,,"[""raw_history_b256"", ""raw_history_true_assumptions_b256"", ""raw_history_different_episode_assumptions_b256"", ""raw_history_same_episode_random_turn_assumptions_b256"", ""raw_history_explicit_b256""]"
commentary:099__Daniel_Fluitt_of_Thrift_Store_Cowboys:44:45:h1,commentary,099__Daniel_Fluitt_of_Thrift_Store_Cowboys,data_cleaned/conversation_moves_labeled/commentary/099__Daniel_Fluitt_of_Thrift_Store_Cowboys.json,commentary:099__Daniel_Fluitt_of_Thrift_Store_Cowboys:44,44,1,commentary:099__Daniel_Fluitt_of_Thrift_Store_Cowboys:45,45,Assert / Elaborate,122,107,5,3,5,3,26,12,True,[90],[91],25,True,403dcd5440606b92bef61488ebbff8c4fdcc936e0542bde9fe84fa09a9d495a2,,"[""raw_history_b256"", ""raw_history_true_assumptions_b256"", ""raw_history_different_episode_assumptions_b256"", ""raw_history_same_episode_random_turn_assumptions_b256"", ""raw_history_explicit_b256""]"
commentary:099__Daniel_Fluitt_of_Thrift_Store_Cowboys:44:47:h3,commentary,099__Daniel_Fluitt_of_Thrift_Store_Cowboys,data_cleaned/conversation_moves_labeled/commentary/099__Daniel_Fluitt_of_Thrift_Store_Cowboys.json,commentary:099__Daniel_Fluitt_of_Thrift_Store_Cowboys:44,44,3,commentary:099__Daniel_Fluitt_of_Thrift_Store_Cowboys:47,47,Assert / Elaborate,122,107,5,3,5,3,26,12,True,[90],[93],25,True,45944212ba759a5088623d46b35871dc5f60c7c747c56b99983c811b4446a833,,"[""raw_history_b256"", ""raw_history_true_assumptions_b256"", ""raw_history_different_episode_assumptions_b256"", ""raw_history_same_episode_random_turn_assumptions_b256"", ""raw_history_explicit_b256""]"
commentary:099__Daniel_Fluitt_of_Thrift_Store_Cowboys:44:49:h5,commentary,099__Daniel_Fluitt_of_Thrift_Store_Cowboys,data_cleaned/conversation_moves_labeled/commentary/099__Daniel_Fluitt_of_Thrift_Store_Cowboys.json,commentary:099__Daniel_Fluitt_of_Thrift_Store_Cowboys:44,44,5,commentary:099__Daniel_Fluitt_of_Thrift_Store_Cowboys:49,49,Assert / Elaborate,122,107,5,3,5,3,26,12,True,[90],[95],25,True,a31cad0131f3a8cb00b6d0500284e0a27bb7a3505cc00dd1b5c39599433e851d,,"[""raw_history_b256"", ""raw_history_true_assumptions_b256"", ""raw_history_different_episode_assumptions_b256"", ""raw_history_same_episode_random_turn_assumptions_b256"", ""raw_history_explicit_b256""]"
commentary:099__Daniel_Fluitt_of_Thrift_Store_Cowboys:45:46:h1,commentary,099__Daniel_Fluitt_of_Thrift_Store_Cowboys,data_cleaned/conversation_moves_labeled/commentary/099__Daniel_Fluitt_of_Thrift_Store_Cowboys.json,commentary:099__Daniel_Fluitt_of_Thrift_Store_Cowboys:45,45,1,commentary:099__Daniel_Fluitt_of_Thrift_Store_Cowboys:46,46,Assert / Elaborate,323,105,10,3,10,3,26,12,True,[91],[92],25,True,ae77f77563c36d1a6b1e5e2c6b8b1f99f49a72374c7d8b88ed4a65fd5fa87581,,"[""raw_history_b256"", ""raw_history_true_assumptions_b256"", ""raw_history_different_episode_assumptions_b256"", ""raw_history_same_episode_random_turn_assumptions_b256"", ""raw_history_explicit_b256""]"
commentary:099__Daniel_Fluitt_of_Thrift_Store_Cowboys:45:48:h3,commentary,099__Daniel_Fluitt_of_Thrift_Store_Cowboys,data_cleaned/conversation_moves_labeled/commentary/099__Daniel_Fluitt_of_Thrift_Store_Cowboys.json,commentary:099__Daniel_Fluitt_of_Thrift_Store_Cowboys:45,45,3,commentary:099__Daniel_Fluitt_of_Thrift_Store_Cowboys:48,48,Assert / Elaborate,323,105,10,3,10,3,26,12,True,[91],[94],25,True,f165543fab9beffe409ffdbe5bae45094ff0cc7e051dd72776db366251814689,,"[""raw_history_b256"", ""raw_history_true_assumptions_b256"", ""raw_history_different_episode_assumptions_b256"", ""raw_history_same_episode_random_turn_assumptions_b256"", ""raw_history_explicit_b256""]"
commentary:099__Daniel_Fluitt_of_Thrift_Store_Cowboys:45:50:h5,commentary,099__Daniel_Fluitt_of_Thrift_Store_Cowboys,data_cleaned/conversation_moves_labeled/commentary/099__Daniel_Fluitt_of_Thrift_Store_Cowboys.json,commentary:099__Daniel_Fluitt_of_Thrift_Store_Cowboys:45,45,5,commentary:099__Daniel_Fluitt_of_Thrift_Store_Cowboys:50,50,Clarification Request (Specific),323,105,10,3,10,3,26,12,True,[91],[96],25,True,5ade8d1414a63cc8542bb80ea808d64578232c154dc801a6b15a55f6ed5d01bd,,"[""raw_history_b256"", ""raw_history_true_assumptions_b256"", ""raw_history_different_episode_assumptions_b256"", ""raw_history_same_episode_random_turn_assumptions_b256"", ""raw_history_explicit_b256""]"
commentary:099__Daniel_Fluitt_of_Thrift_Store_Cowboys:46:47:h1,commentary,099__Daniel_Fluitt_of_Thrift_Store_Cowboys,data_cleaned/conversation_moves_labeled/commentary/099__Daniel_Fluitt_of_Thrift_Store_Cowboys.json,commentary:099__Daniel_Fluitt_of_Thrift_Store_Cowboys:46,46,1,commentary:099__Daniel_Fluitt_of_Thrift_Store_Cowboys:47,47,Assert / Elaborate,109,101,5,3,5,3,27,12,True,[92],[93],25,True,1ba6bd2e5063610db6fa75d3d8c21e19b7e8e433f462080d2c1c0e9fa54719c2,,"[""raw_history_b256"", ""raw_history_true_assumptions_b256"", ""raw_history_different_episode_assumptions_b256"", ""raw_history_same_episode_random_turn_assumptions_b256"", ""raw_history_explicit_b256""]"
commentary:099__Daniel_Fluitt_of_Thrift_Store_Cowboys:46:49:h3,commentary,099__Daniel_Fluitt_of_Thrift_Store_Cowboys,data_cleaned/conversation_moves_labeled/commentary/099__Daniel_Fluitt_of_Thrift_Store_Cowboys.json,commentary:099__Daniel_Fluitt_of_Thrift_Store_Cowboys:46,46,3,commentary:099__Daniel_Fluitt_of_Thrift_Store_Cowboys:49,49,Assert / Elaborate,109,101,5,3,5,3,27,12,True,[92],[95],25,True,978e05c4c389dae61c8fdd5e5f645b0f51de191b5770469d898f3b0444d62a79,,"[""raw_history_b256"", ""raw_history_true_assumptions_b256"", ""raw_history_different_episode_assumptions_b256"", ""raw_history_same_episode_random_turn_assumptions_b256"", ""raw_history_explicit_b256""]"
commentary:099__Daniel_Fluitt_of_Thrift_Store_Cowboys:46:51:h5,commentary,099__Daniel_Fluitt_of_Thrift_Store_Cowboys,data_cleaned/conversation_moves_labeled/commentary/099__Daniel_Fluitt_of_Thrift_Store_Cowboys.json,commentary:099__Daniel_Fluitt_of_Thrift_Store_Cowboys:46,46,5,commentary:099__Daniel_Fluitt_of_Thrift_Store_Cowboys:51,51,Assert / Elaborate,109,101,5,3,5,3,27,12,True,[92],[97],25,True,969ff2f2c2a9d1c50a83eebf4ef6760b5d7ec771d4ff455ca1364479ae82a106,,"[""raw_history_b256"", ""raw_history_true_assumptions_b256"", ""raw_history_different_episode_assumptions_b256"", ""raw_history_same_episode_random_turn_assumptions_b256"", ""raw_history_explicit_b256""]"
commentary:099__Daniel_Fluitt_of_Thrift_Store_Cowboys:47:48:h1,commentary,099__Daniel_Fluitt_of_Thrift_Store_Cowboys,data_cleaned/conversation_moves_labeled/commentary/099__Daniel_Fluitt_of_Thrift_Store_Cowboys.json,commentary:099__Daniel_Fluitt_of_Thrift_Store_Cowboys:47,47,1,commentary:099__Daniel_Fluitt_of_Thrift_Store_Cowboys:48,48,Assert / Elaborate,405,109,10,3,9,3,30,12,True,[93],[94],25,True,384c80f2fd80117045cef2ddf61a8f40b412e8c325b04cdc71cd3ea62eb8cc39,,"[""raw_history_b256"", ""raw_history_true_assumptions_b256"", ""raw_history_different_episode_assumptions_b256"", ""raw_history_same_episode_random_turn_assumptions_b256"", ""raw_history_explicit_b256""]"
commentary:099__Daniel_Fluitt_of_Thrift_Store_Cowboys:47:50:h3,commentary,099__Daniel_Fluitt_of_Thrift_Store_Cowboys,data_cleaned/conversation_moves_labeled/commentary/099__Daniel_Fluitt_of_Thrift_Store_Cowboys.json,commentary:099__Daniel_Fluitt_of_Thrift_Store_Cowboys:47,47,3,commentary:099__Daniel_Fluitt_of_Thrift_Store_Cowboys:50,50,Clarification Request (Specific),405,109,10,3,9,3,30,12,True,[93],[96],25,True,33d1b51bad5a66e553349cf38aa2e8c1a7363dfbf3b654149a2a49ec5c9f49ea,,"[""raw_history_b256"", ""raw_history_true_assumptions_b256"", ""raw_history_different_episode_assumptions_b256"", ""raw_history_same_episode_random_turn_assumptions_b256"", ""raw_history_explicit_b256""]"
commentary:099__Daniel_Fluitt_of_Thrift_Store_Cowboys:47:52:h5,commentary,099__Daniel_Fluitt_of_Thrift_Store_Cowboys,data_cleaned/conversation_moves_labeled/commentary/099__Daniel_Fluitt_of_Thrift_Store_Cowboys.json,commentary:099__Daniel_Fluitt_of_Thrift_Store_Cowboys:47,47,5,commentary:099__Daniel_Fluitt_of_Thrift_Store_Cowboys:52,52,Assert / Elaborate,405,109,10,3,9,3,30,12,True,[93],[98],25,True,1143d303d1638f4b32de32f2a1d570ec573ae25a0b3aaabbb95e820f766e6493,,"[""raw_history_b256"", ""raw_history_true_assumptions_b256"", ""raw_history_different_episode_assumptions_b256"", ""raw_history_same_episode_random_turn_assumptions_b256"", ""raw_history_explicit_b256""]"
commentary:099__Daniel_Fluitt_of_Thrift_Store_Cowboys:48:49:h1,commentary,099__Daniel_Fluitt_of_Thrift_Store_Cowboys,data_cleaned/conversation_moves_labeled/commentary/099__Daniel_Fluitt_of_Thrift_Store_Cowboys.json,commentary:099__Daniel_Fluitt_of_Thrift_Store_Cowboys:48,48,1,commentary:099__Daniel_Fluitt_of_Thrift_Store_Cowboys:49,49,Assert / Elaborate,83,83,7,3,6,3,32,12,True,[94],[95],25,True,718e2e38dab218d9b0d7ccb661a6f27dd3b2cbf0b8d6413adbcbc39523493c70,,"[""raw_history_b256"", ""raw_history_true_assumptions_b256"", ""raw_history_different_episode_assumptions_b256"", ""raw_history_same_episode_random_turn_assumptions_b256"", ""raw_history_explicit_b256""]"
commentary:099__Daniel_Fluitt_of_Thrift_Store_Cowboys:48:51:h3,commentary,099__Daniel_Fluitt_of_Thrift_Store_Cowboys,data_cleaned/conversation_moves_labeled/commentary/099__Daniel_Fluitt_of_Thrift_Store_Cowboys.json,commentary:099__Daniel_Fluitt_of_Thrift_Store_Cowboys:48,48,3,commentary:099__Daniel_Fluitt_of_Thrift_Store_Cowboys:51,51,Assert / Elaborate,83,83,7,3,6,3,32,12,True,[94],[97],25,True,011ea7f66e89fc33742d6dcf7ed339485bcf8a9428e3f9b4d6fb54adec96562f,,"[""raw_history_b256"", ""raw_history_true_assumptions_b256"", ""raw_history_different_episode_assumptions_b256"", ""raw_history_same_episode_random_turn_assumptions_b256"", ""raw_history_explicit_b256""]"
commentary:099__Daniel_Fluitt_of_Thrift_Store_Cowboys:48:53:h5,commentary,099__Daniel_Fluitt_of_Thrift_Store_Cowboys,data_cleaned/conversation_moves_labeled/commentary/099__Daniel_Fluitt_of_Thrift_Store_Cowboys.json,commentary:099__Daniel_Fluitt_of_Thrift_Store_Cowboys:48,48,5,commentary:099__Daniel_Fluitt_of_Thrift_Store_Cowboys:53,53,Assert / Elaborate,83,83,7,3,6,3,32,12,True,[94],[99],25,True,38715189454c93abb9c7ca5f11f4f90a5875dfdb69a5aa496ffd37a13ce7c12f,,"[""raw_history_b256"", ""raw_history_true_assumptions_b256"", ""raw_history_different_episode_assumptions_b256"", ""raw_history_same_episode_random_turn_assumptions_b256"", ""raw_history_explicit_b256""]"
commentary:099__Daniel_Fluitt_of_Thrift_Store_Cowboys:49:50:h1,commentary,099__Daniel_Fluitt_of_Thrift_Store_Cowboys,data_cleaned/conversation_moves_labeled/commentary/099__Daniel_Fluitt_of_Thrift_Store_Cowboys.json,commentary:099__Daniel_Fluitt_of_Thrift_Store_Cowboys:49,49,1,commentary:099__Daniel_Fluitt_of_Thrift_Store_Cowboys:50,50,Clarification Request (Specific),367,106,8,3,7,3,30,12,True,[95],[96],25,True,8b245c3da7e8b88905b88bd7302175e5d899f51248220b3cc74869b2cdb97635,,"[""raw_history_b256"", ""raw_history_true_assumptions_b256"", ""raw_history_different_episode_assumptions_b256"", ""raw_history_same_episode_random_turn_assumptions_b256"", ""raw_history_explicit_b256""]"
commentary:099__Daniel_Fluitt_of_Thrift_Store_Cowboys:49:52:h3,commentary,099__Daniel_Fluitt_of_Thrift_Store_Cowboys,data_cleaned/conversation_moves_labeled/commentary/099__Daniel_Fluitt_of_Thrift_Store_Cowboys.json,commentary:099__Daniel_Fluitt_of_Thrift_Store_Cowboys:49,49,3,commentary:099__Daniel_Fluitt_of_Thrift_Store_Cowboys:52,52,Assert / Elaborate,367,106,8,3,7,3,30,12,True,[95],[98],25,True,2b1dfd2eba6803bd0d096cabd526484bf3457c60a82ff5055ef65df673e64790,,"[""raw_history_b256"", ""raw_history_true_assumptions_b256"", ""raw_history_different_episode_assumptions_b256"", ""raw_history_same_episode_random_turn_assumptions_b256"", ""raw_history_explicit_b256""]"
commentary:099__Daniel_Fluitt_of_Thrift_Store_Cowboys:50:51:h1,commentary,099__Daniel_Fluitt_of_Thrift_Store_Cowboys,data_cleaned/conversation_moves_labeled/commentary/099__Daniel_Fluitt_of_Thrift_Store_Cowboys.json,commentary:099__Daniel_Fluitt_of_Thrift_Store_Cowboys:50,50,1,commentary:099__Daniel_Fluitt_of_Thrift_Store_Cowboys:51,51,Assert / Elaborate,81,81,5,3,5,3,30,12,True,[96],[97],25,True,029556835f4695a4b3d401ecc89fc313fd1c8aa336d446c7dd9587ef03404245,,"[""raw_history_b256"", ""raw_history_true_assumptions_b256"", ""raw_history_different_episode_assumptions_b256"", ""raw_history_same_episode_random_turn_assumptions_b256"", ""raw_history_explicit_b256""]"
commentary:099__Daniel_Fluitt_of_Thrift_Store_Cowboys:50:53:h3,commentary,099__Daniel_Fluitt_of_Thrift_Store_Cowboys,data_cleaned/conversation_moves_labeled/commentary/099__Daniel_Fluitt_of_Thrift_Store_Cowboys.json,commentary:099__Daniel_Fluitt_of_Thrift_Store_Cowboys:50,50,3,commentary:099__Daniel_Fluitt_of_Thrift_Store_Cowboys:53,53,Assert / Elaborate,81,81,5,3,5,3,30,12,True,[96],[99],25,True,07bf97cb5ced6bc3adb5da0447f003c9b284bbcedbf14d906433721b80a4322d,,"[""raw_history_b256"", ""raw_history_true_assumptions_b256"", ""raw_history_different_episode_assumptions_b256"", ""raw_history_same_episode_random_turn_assumptions_b256"", ""raw_history_explicit_b256""]"
commentary:099__Daniel_Fluitt_of_Thrift_Store_Cowboys:51:52:h1,commentary,099__Daniel_Fluitt_of_Thrift_Store_Cowboys,data_cleaned/conversation_moves_labeled/commentary/099__Daniel_Fluitt_of_Thrift_Store_Cowboys.json,commentary:099__Daniel_Fluitt_of_Thrift_Store_Cowboys:51,51,1,commentary:099__Daniel_Fluitt_of_Thrift_Store_Cowboys:52,52,Assert / Elaborate,57,57,4,3,4,3,24,12,True,[97],[98],25,True,47974c5b712e76306470b760373b20d6bacd3bb073f92c547633a4de55dcd200,,"[""raw_history_b256"", ""raw_history_true_assumptions_b256"", ""raw_history_different_episode_assumptions_b256"", ""raw_history_same_episode_random_turn_assumptions_b256"", ""raw_history_explicit_b256""]"
commentary:099__Daniel_Fluitt_of_Thrift_Store_Cowboys:52:53:h1,commentary,099__Daniel_Fluitt_of_Thrift_Store_Cowboys,data_cleaned/conversation_moves_labeled/commentary/099__Daniel_Fluitt_of_Thrift_Store_Cowboys.json,commentary:099__Daniel_Fluitt_of_Thrift_Store_Cowboys:52,52,1,commentary:099__Daniel_Fluitt_of_Thrift_Store_Cowboys:53,53,Assert / Elaborate,52,52,3,3,4,3,20,12,True,[98],[99],25,True,6cc3da9494cc90e9dfd58613ec8d74e6fd3188c16560b2d30a0bc781347492bc,,"[""raw_history_b256"", ""raw_history_true_assumptions_b256"", ""raw_history_different_episode_assumptions_b256"", ""raw_history_same_episode_random_turn_assumptions_b256"", ""raw_history_explicit_b256""]"
commentary:099__Daniel_Fluitt_of_Thrift_Store_Cowboys:54:55:h1,commentary,099__Daniel_Fluitt_of_Thrift_Store_Cowboys,data_cleaned/conversation_moves_labeled/commentary/099__Daniel_Fluitt_of_Thrift_Store_Cowboys.json,commentary:099__Daniel_Fluitt_of_Thrift_Store_Cowboys:54,54,1,commentary:099__Daniel_Fluitt_of_Thrift_Store_Cowboys:55,55,Assert / Elaborate,91,91,5,3,5,3,15,12,True,[102],[103],25,True,a44f004467023a0bdd4714f4aa7e0d9bf1d70ba92a97666b16bfc592d938b973,,"[""raw_history_b256"", ""raw_history_true_assumptions_b256"", ""raw_history_different_episode_assumptions_b256"", ""raw_history_same_episode_random_turn_assumptions_b256"", ""raw_history_explicit_b256""]"
commentary:099__Daniel_Fluitt_of_Thrift_Store_Cowboys:56:57:h1,commentary,099__Daniel_Fluitt_of_Thrift_Store_Cowboys,data_cleaned/conversation_moves_labeled/commentary/099__Daniel_Fluitt_of_Thrift_Store_Cowboys.json,commentary:099__Daniel_Fluitt_of_Thrift_Store_Cowboys:56,56,1,commentary:099__Daniel_Fluitt_of_Thrift_Store_Cowboys:57,57,Assert / Elaborate,58,58,4,3,5,3,22,12,True,[106],[107],25,True,9cd0176140ff0f1aebc6561bc578c4ce174259487497fd39c30aeec06fd3f006,,"[""raw_history_b256"", ""raw_history_true_assumptions_b256"", ""raw_history_different_episode_assumptions_b256"", ""raw_history_same_episode_random_turn_assumptions_b256"", ""raw_history_explicit_b256""]"
commentary:108_BRIDGET_MENDEL:0:1:h1,commentary,108_BRIDGET_MENDEL,data_cleaned/conversation_moves_labeled/commentary/108_BRIDGET_MENDEL.json,commentary:108_BRIDGET_MENDEL:0,0,1,commentary:108_BRIDGET_MENDEL:1,1,Assert / Elaborate,77,77,5,3,5,0,5,3,True,[2],[3],25,True,53aecb78be489fca439c4f8db4fd596c1df30dd6350f095f44b66c33d7ef51e9,,"[""raw_history_b256"", ""raw_history_true_assumptions_b256"", ""raw_history_different_episode_assumptions_b256"", ""raw_history_explicit_b256""]"
commentary:108_BRIDGET_MENDEL:1:2:h1,commentary,108_BRIDGET_MENDEL,data_cleaned/conversation_moves_labeled/commentary/108_BRIDGET_MENDEL.json,commentary:108_BRIDGET_MENDEL:1,1,1,commentary:108_BRIDGET_MENDEL:2,2,Answer,840,104,10,3,10,1,15,6,True,[3],[4],25,True,c0815a54d2292c452908ab197285723cb29fe4c83dd92820592d50bbc2c85012,,"[""raw_history_b256"", ""raw_history_true_assumptions_b256"", ""raw_history_different_episode_assumptions_b256"", ""raw_history_explicit_b256""]"
news:13_Live__Love__Laugh_with_Lexie_in_Lockdown__-_Dancing_Leopard__Dalgonas___Dangerously_tight_shorts:1:2:h1,news,13_Live__Love__Laugh_with_Lexie_in_Lockdown__-_Dancing_Leopard__Dalgonas___Dangerously_tight_shorts,data_cleaned/conversation_moves_labeled/news/13_Live__Love__Laugh_with_Lexie_in_Lockdown__-_Dancing_Leopard__Dalgonas___Dangerously_tight_shorts.json,news:13_Live__Love__Laugh_with_Lexie_in_Lockdown__-_Dancing_Leopard__Dalgonas___Dangerously_tight_shorts:1,1,1,news:13_Live__Love__Laugh_with_Lexie_in_Lockdown__-_Dancing_Leopard__Dalgonas___Dangerously_tight_shorts:2,2,Answer,98,98,10,3,7,1,20,6,True,[3],[4],25,True,b46e8a433035f73f50944acec3a8d44eead44689481f52ddb9131fcca9cb4de3,,"[""raw_history_b256"", ""raw_history_true_assumptions_b256"", ""raw_history_different_episode_assumptions_b256"", ""raw_history_explicit_b256""]"
news:13_Live__Love__Laugh_with_Lexie_in_Lockdown__-_Dancing_Leopard__Dalgonas___Dangerously_tight_shorts:2:3:h1,news,13_Live__Love__Laugh_with_Lexie_in_Lockdown__-_Dancing_Leopard__Dalgonas___Dangerously_tight_shorts,data_cleaned/conversation_moves_labeled/news/13_Live__Love__Laugh_with_Lexie_in_Lockdown__-_Dancing_Leopard__Dalgonas___Dangerously_tight_shorts.json,news:13_Live__Love__Laugh_with_Lexie_in_Lockdown__-_Dancing_Leopard__Dalgonas___Dangerously_tight_shorts:2,2,1,news:13_Live__Love__Laugh_with_Lexie_in_Lockdown__-_Dancing_Leopard__Dalgonas___Dangerously_tight_shorts:3,3,Assert / Elaborate,105,105,10,3,10,2,30,9,True,[4],[5],25,True,d753409592e3fb0a7015a3f4500276569fadfabec8b6707417111d03db1c0178,,"[""raw_history_b256"", ""raw_history_true_assumptions_b256"", ""raw_history_different_episode_assumptions_b256"", ""raw_history_explicit_b256""]"
news:13_Live__Love__Laugh_with_Lexie_in_Lockdown__-_Dancing_Leopard__Dalgonas___Dangerously_tight_shorts:8:9:h1,news,13_Live__Love__Laugh_with_Lexie_in_Lockdown__-_Dancing_Leopard__Dalgonas___Dangerously_tight_shorts,data_cleaned/conversation_moves_labeled/news/13_Live__Love__Laugh_with_Lexie_in_Lockdown__-_Dancing_Leopard__Dalgonas___Dangerously_tight_shorts.json,news:13_Live__Love__Laugh_with_Lexie_in_Lockdown__-_Dancing_Leopard__Dalgonas___Dangerously_tight_shorts:8,8,1,news:13_Live__Love__Laugh_with_Lexie_in_Lockdown__-_Dancing_Leopard__Dalgonas___Dangerously_tight_shorts:9,9,Assert / Elaborate,71,71,5,3,5,3,33,12,True,[28],[29],25,True,c9228a260e00f10ace679586b1f47b06dafbd3ce007b6e4248be52d89e28c745,,"[""raw_history_b256"", ""raw_history_true_assumptions_b256"", ""raw_history_different_episode_assumptions_b256"", ""raw_history_same_episode_random_turn_assumptions_b256"", ""raw_history_explicit_b256""]"
news:226__MLS_Tournament__Orlando_Or_Bust:0:1:h1,news,226__MLS_Tournament__Orlando_Or_Bust,data_cleaned/conversation_moves_labeled/news/226__MLS_Tournament__Orlando_Or_Bust.json,news:226__MLS_Tournament__Orlando_Or_Bust:0,0,1,news:226__MLS_Tournament__Orlando_Or_Bust:1,1,Assert / Elaborate,166,105,10,3,10,0,10,3,True,[0],[1],25,True,5c6b8ebbc5680a59bbb7356c7183829a7c23cb3451cbd2b24ae6cfd8e1f04f5c,,"[""raw_history_b256"", ""raw_history_true_assumptions_b256"", ""raw_history_different_episode_assumptions_b256"", ""raw_history_explicit_b256""]"
news:226__MLS_Tournament__Orlando_Or_Bust:0:3:h3,news,226__MLS_Tournament__Orlando_Or_Bust,data_cleaned/conversation_moves_labeled/news/226__MLS_Tournament__Orlando_Or_Bust.json,news:226__MLS_Tournament__Orlando_Or_Bust:0,0,3,news:226__MLS_Tournament__Orlando_Or_Bust:3,3,Assert / Elaborate,166,105,10,3,10,0,10,3,True,[0],[3],25,True,09fc49266a6762975ee4519f5826f2f579340ec6fdbab2a3154bc1c828f5aad9,,"[""raw_history_b256"", ""raw_history_true_assumptions_b256"", ""raw_history_different_episode_assumptions_b256"", ""raw_history_explicit_b256""]"
news:226__MLS_Tournament__Orlando_Or_Bust:1:2:h1,news,226__MLS_Tournament__Orlando_Or_Bust,data_cleaned/conversation_moves_labeled/news/226__MLS_Tournament__Orlando_Or_Bust.json,news:226__MLS_Tournament__Orlando_Or_Bust:1,1,1,news:226__MLS_Tournament__Orlando_Or_Bust:2,2,Assert / Elaborate,448,102,10,3,10,1,20,6,True,[1],[2],25,True,4ead12c10bb03fee2f39e3ebd474207e810f5820132c2c58645953d4aedea4e7,,"[""raw_history_b256"", ""raw_history_true_assumptions_b256"", ""raw_history_different_episode_assumptions_b256"", ""raw_history_explicit_b256""]"
news:226__MLS_Tournament__Orlando_Or_Bust:2:3:h1,news,226__MLS_Tournament__Orlando_Or_Bust,data_cleaned/conversation_moves_labeled/news/226__MLS_Tournament__Orlando_Or_Bust.json,news:226__MLS_Tournament__Orlando_Or_Bust:2,2,1,news:226__MLS_Tournament__Orlando_Or_Bust:3,3,Assert / Elaborate,534,103,10,3,10,2,30,9,True,[2],[3],25,True,0aa0c3c15405d68e183a044a73d04fc3fa5f8ca73fd8f53b109243c1321031dd,,"[""raw_history_b256"", ""raw_history_true_assumptions_b256"", ""raw_history_different_episode_assumptions_b256"", ""raw_history_explicit_b256""]"
news:226__MLS_Tournament__Orlando_Or_Bust:6:7:h1,news,226__MLS_Tournament__Orlando_Or_Bust,data_cleaned/conversation_moves_labeled/news/226__MLS_Tournament__Orlando_Or_Bust.json,news:226__MLS_Tournament__Orlando_Or_Bust:6,6,1,news:226__MLS_Tournament__Orlando_Or_Bust:7,7,Assert / Elaborate,481,107,5,3,5,3,35,12,True,[10],[11],25,True,482b66f07095adde54812bab6ee448c9f954ad1b3ed313eb9d26cd39cf53f632,,"[""raw_history_b256"", ""raw_history_true_assumptions_b256"", ""raw_history_different_episode_assumptions_b256"", ""raw_history_same_episode_random_turn_assumptions_b256"", ""raw_history_explicit_b256""]"
news:226__MLS_Tournament__Orlando_Or_Bust:6:9:h3,news,226__MLS_Tournament__Orlando_Or_Bust,data_cleaned/conversation_moves_labeled/news/226__MLS_Tournament__Orlando_Or_Bust.json,news:226__MLS_Tournament__Orlando_Or_Bust:6,6,3,news:226__MLS_Tournament__Orlando_Or_Bust:9,9,Assert / Elaborate,481,107,5,3,5,3,35,12,True,[10],[13],25,True,1777e9b92182fbc7b7244fea8313a17b6534a016a70d1ac52f757d4fc9192ae8,,"[""raw_history_b256"", ""raw_history_true_assumptions_b256"", ""raw_history_different_episode_assumptions_b256"", ""raw_history_same_episode_random_turn_assumptions_b256"", ""raw_history_explicit_b256""]"
news:226__MLS_Tournament__Orlando_Or_Bust:7:8:h1,news,226__MLS_Tournament__Orlando_Or_Bust,data_cleaned/conversation_moves_labeled/news/226__MLS_Tournament__Orlando_Or_Bust.json,news:226__MLS_Tournament__Orlando_Or_Bust:7,7,1,news:226__MLS_Tournament__Orlando_Or_Bust:8,8,Assert / Elaborate,197,107,7,3,6,3,32,12,True,[11],[12],25,True,25805ceb1e0f728367cf3d045971cbcf7a5d53483bcdc3ad6f91b3602ad8583a,,"[""raw_history_b256"", ""raw_history_true_assumptions_b256"", ""raw_history_different_episode_assumptions_b256"", ""raw_history_same_episode_random_turn_assumptions_b256"", ""raw_history_explicit_b256""]"
news:226__MLS_Tournament__Orlando_Or_Bust:7:10:h3,news,226__MLS_Tournament__Orlando_Or_Bust,data_cleaned/conversation_moves_labeled/news/226__MLS_Tournament__Orlando_Or_Bust.json,news:226__MLS_Tournament__Orlando_Or_Bust:7,7,3,news:226__MLS_Tournament__Orlando_Or_Bust:10,10,Assert / Elaborate,197,107,7,3,6,3,32,12,True,[11],[14],25,True,10f83ea9d3bae6775b98cd89659c226e116e718ae2c27b92a4c2f639d4ce4454,,"[""raw_history_b256"", ""raw_history_true_assumptions_b256"", ""raw_history_different_episode_assumptions_b256"", ""raw_history_same_episode_random_turn_assumptions_b256"", ""raw_history_explicit_b256""]"
news:226__MLS_Tournament__Orlando_Or_Bust:8:9:h1,news,226__MLS_Tournament__Orlando_Or_Bust,data_cleaned/conversation_moves_labeled/news/226__MLS_Tournament__Orlando_Or_Bust.json,news:226__MLS_Tournament__Orlando_Or_Bust:8,8,1,news:226__MLS_Tournament__Orlando_Or_Bust:9,9,Assert / Elaborate,116,103,8,3,7,3,30,12,True,[12],[13],25,True,50b0b4d62ec1ddd1918057185d8b8101a0666670c7143e406a734b7ca70b2cd9,,"[""raw_history_b256"", ""raw_history_true_assumptions_b256"", ""raw_history_different_episode_assumptions_b256"", ""raw_history_same_episode_random_turn_assumptions_b256"", ""raw_history_explicit_b256""]"
news:226__MLS_Tournament__Orlando_Or_Bust:9:10:h1,news,226__MLS_Tournament__Orlando_Or_Bust,data_cleaned/conversation_moves_labeled/news/226__MLS_Tournament__Orlando_Or_Bust.json,news:226__MLS_Tournament__Orlando_Or_Bust:9,9,1,news:226__MLS_Tournament__Orlando_Or_Bust:10,10,Assert / Elaborate,832,102,10,3,10,3,30,12,True,[13],[14],25,True,0e414a0d4337b6bdfec5757d2c4ee49996106c063dc1d32d4c95b831f61c1037,,"[""raw_history_b256"", ""raw_history_true_assumptions_b256"", ""raw_history_different_episode_assumptions_b256"", ""raw_history_same_episode_random_turn_assumptions_b256"", ""raw_history_explicit_b256""]"
news:226__MLS_Tournament__Orlando_Or_Bust:11:12:h1,news,226__MLS_Tournament__Orlando_Or_Bust,data_cleaned/conversation_moves_labeled/news/226__MLS_Tournament__Orlando_Or_Bust.json,news:226__MLS_Tournament__Orlando_Or_Bust:11,11,1,news:226__MLS_Tournament__Orlando_Or_Bust:12,12,Assert / Elaborate,191,102,10,3,10,3,37,12,True,[17],[18],25,True,9d43e989df17ae3ed0b12bba1d62d96301c27c68d1ed6ee97590fbefa12c6ded,,"[""raw_history_b256"", ""raw_history_true_assumptions_b256"", ""raw_history_different_episode_assumptions_b256"", ""raw_history_same_episode_random_turn_assumptions_b256"", ""raw_history_explicit_b256""]"
news:226__MLS_Tournament__Orlando_Or_Bust:11:14:h3,news,226__MLS_Tournament__Orlando_Or_Bust,data_cleaned/conversation_moves_labeled/news/226__MLS_Tournament__Orlando_Or_Bust.json,news:226__MLS_Tournament__Orlando_Or_Bust:11,11,3,news:226__MLS_Tournament__Orlando_Or_Bust:14,14,Correction / Challenge,191,102,10,3,10,3,37,12,True,[17],[20],25,True,66b42ad2b07d4499026937470e5deb48036bf5a44737b3f26f0eb757e699dddc,,"[""raw_history_b256"", ""raw_history_true_assumptions_b256"", ""raw_history_different_episode_assumptions_b256"", ""raw_history_same_episode_random_turn_assumptions_b256"", ""raw_history_explicit_b256""]"
news:226__MLS_Tournament__Orlando_Or_Bust:11:16:h5,news,226__MLS_Tournament__Orlando_Or_Bust,data_cleaned/conversation_moves_labeled/news/226__MLS_Tournament__Orlando_Or_Bust.json,news:226__MLS_Tournament__Orlando_Or_Bust:11,11,5,news:226__MLS_Tournament__Orlando_Or_Bust:16,16,Assert / Elaborate,191,102,10,3,10,3,37,12,True,[17],[22],25,True,7bbd4a3142fb2f826959f3fb03b750c6393f73a4829cea613d6f7ed9b7284f2b,,"[""raw_history_b256"", ""raw_history_true_assumptions_b256"", ""raw_history_different_episode_assumptions_b256"", ""raw_history_same_episode_random_turn_assumptions_b256"", ""raw_history_explicit_b256""]"
news:226__MLS_Tournament__Orlando_Or_Bust:12:13:h1,news,226__MLS_Tournament__Orlando_Or_Bust,data_cleaned/conversation_moves_labeled/news/226__MLS_Tournament__Orlando_Or_Bust.json,news:226__MLS_Tournament__Orlando_Or_Bust:12,12,1,news:226__MLS_Tournament__Orlando_Or_Bust:13,13,Assert / Elaborate,750,104,10,3,10,3,39,12,True,[18],[19],25,True,5a1a1fe9f1d38165987bf2e05e45ca7347a5a59e19471ced160390349b43e218,,"[""raw_history_b256"", ""raw_history_true_assumptions_b256"", ""raw_history_different_episode_assumptions_b256"", ""raw_history_same_episode_random_turn_assumptions_b256"", ""raw_history_explicit_b256""]"
news:226__MLS_Tournament__Orlando_Or_Bust:12:15:h3,news,226__MLS_Tournament__Orlando_Or_Bust,data_cleaned/conversation_moves_labeled/news/226__MLS_Tournament__Orlando_Or_Bust.json,news:226__MLS_Tournament__Orlando_Or_Bust:12,12,3,news:226__MLS_Tournament__Orlando_Or_Bust:15,15,Assert / Elaborate,750,104,10,3,10,3,39,12,True,[18],[21],25,True,dc57bdf5a815c7db9197ad92d096ab1154c16846e3beec60e15e6c4720482ffe,,"[""raw_history_b256"", ""raw_history_true_assumptions_b256"", ""raw_history_different_episode_assumptions_b256"", ""raw_history_same_episode_random_turn_assumptions_b256"", ""raw_history_explicit_b256""]"
news:226__MLS_Tournament__Orlando_Or_Bust:13:14:h1,news,226__MLS_Tournament__Orlando_Or_Bust,data_cleaned/conversation_moves_labeled/news/226__MLS_Tournament__Orlando_Or_Bust.json,news:226__MLS_Tournament__Orlando_Or_Bust:13,13,1,news:226__MLS_Tournament__Orlando_Or_Bust:14,14,Correction / Challenge,464,103,10,3,10,3,39,12,True,[19],[20],25,True,a1ce6b0a598bd2c55b49d5a26b9fb78ee771399c728f1f5852047af50ee2949f,,"[""raw_history_b256"", ""raw_history_true_assumptions_b256"", ""raw_history_different_episode_assumptions_b256"", ""raw_history_same_episode_random_turn_assumptions_b256"", ""raw_history_explicit_b256""]"
news:226__MLS_Tournament__Orlando_Or_Bust:13:16:h3,news,226__MLS_Tournament__Orlando_Or_Bust,data_cleaned/conversation_moves_labeled/news/226__MLS_Tournament__Orlando_Or_Bust.json,news:226__MLS_Tournament__Orlando_Or_Bust:13,13,3,news:226__MLS_Tournament__Orlando_Or_Bust:16,16,Assert / Elaborate,464,103,10,3,10,3,39,12,True,[19],[22],25,True,7dd26e1aabb2424e3475b3fe427c4acdb5cb8b2c647e4cd88ebbd16a1c999032,,"[""raw_history_b256"", ""raw_history_true_assumptions_b256"", ""raw_history_different_episode_assumptions_b256"", ""raw_history_same_episode_random_turn_assumptions_b256"", ""raw_history_explicit_b256""]"
news:226__MLS_Tournament__Orlando_Or_Bust:14:15:h1,news,226__MLS_Tournament__Orlando_Or_Bust,data_cleaned/conversation_moves_labeled/news/226__MLS_Tournament__Orlando_Or_Bust.json,news:226__MLS_Tournament__Orlando_Or_Bust:14,14,1,news:226__MLS_Tournament__Orlando_Or_Bust:15,15,Assert / Elaborate,57,57,6,3,5,3,36,12,True,[20],[21],25,True,2f3e32c9d440df9d6c8193a6e402cd3c2d1c08cfc7c3c3e61d4232d1efc03e18,,"[""raw_history_b256"", ""raw_history_true_assumptions_b256"", ""raw_history_different_episode_assumptions_b256"", ""raw_history_same_episode_random_turn_assumptions_b256"", ""raw_history_explicit_b256""]"
news:226__MLS_Tournament__Orlando_Or_Bust:15:16:h1,news,226__MLS_Tournament__Orlando_Or_Bust,data_cleaned/conversation_moves_labeled/news/226__MLS_Tournament__Orlando_Or_Bust.json,news:226__MLS_Tournament__Orlando_Or_Bust:15,15,1,news:226__MLS_Tournament__Orlando_Or_Bust:16,16,Assert / Elaborate,198,105,8,3,6,3,34,12,True,[21],[22],25,True,6c585fb4bffea9c926c6037b1bd0b00967cdff39d22c0260ef8a072a407c1058,,"[""raw_history_b256"", ""raw_history_true_assumptions_b256"", ""raw_history_different_episode_assumptions_b256"", ""raw_history_same_episode_random_turn_assumptions_b256"", ""raw_history_explicit_b256""]"
news:226__MLS_Tournament__Orlando_Or_Bust:18:19:h1,news,226__MLS_Tournament__Orlando_Or_Bust,data_cleaned/conversation_moves_labeled/news/226__MLS_Tournament__Orlando_Or_Bust.json,news:226__MLS_Tournament__Orlando_Or_Bust:18,18,1,news:226__MLS_Tournament__Orlando_Or_Bust:19,19,Correction / Challenge,229,103,10,3,10,3,38,12,True,[26],[27],25,True,f858f5bf50851fa178e39365f5e5644e2bd86b149c3bcc13f9f5907565395aaf,,"[""raw_history_b256"", ""raw_history_true_assumptions_b256"", ""raw_history_different_episode_assumptions_b256"", ""raw_history_same_episode_random_turn_assumptions_b256"", ""raw_history_explicit_b256""]"
news:226__MLS_Tournament__Orlando_Or_Bust:19:20:h1,news,226__MLS_Tournament__Orlando_Or_Bust,data_cleaned/conversation_moves_labeled/news/226__MLS_Tournament__Orlando_Or_Bust.json,news:226__MLS_Tournament__Orlando_Or_Bust:19,19,1,news:226__MLS_Tournament__Orlando_Or_Bust:20,20,Assert / Elaborate,154,100,8,3,8,3,38,12,True,[27],[28],25,True,e783d33926eec61915af931f8e7f33dd9455692bae4cda8b44c2ca2e74a2669d,,"[""raw_history_b256"", ""raw_history_true_assumptions_b256"", ""raw_history_different_episode_assumptions_b256"", ""raw_history_same_episode_random_turn_assumptions_b256"", ""raw_history_explicit_b256""]"
news:226__MLS_Tournament__Orlando_Or_Bust:22:23:h1,news,226__MLS_Tournament__Orlando_Or_Bust,data_cleaned/conversation_moves_labeled/news/226__MLS_Tournament__Orlando_Or_Bust.json,news:226__MLS_Tournament__Orlando_Or_Bust:22,22,1,news:226__MLS_Tournament__Orlando_Or_Bust:23,23,Assert / Elaborate,577,106,10,3,10,3,36,12,True,[32],[33],25,True,6d291ccc7bb72b78a9c19c5602e6cd83ce071e5ee726e77cbaa37a67a3b2976e,,"[""raw_history_b256"", ""raw_history_true_assumptions_b256"", ""raw_history_different_episode_assumptions_b256"", ""raw_history_same_episode_random_turn_assumptions_b256"", ""raw_history_explicit_b256""]"
news:226__MLS_Tournament__Orlando_Or_Bust:23:24:h1,news,226__MLS_Tournament__Orlando_Or_Bust,data_cleaned/conversation_moves_labeled/news/226__MLS_Tournament__Orlando_Or_Bust.json,news:226__MLS_Tournament__Orlando_Or_Bust:23,23,1,news:226__MLS_Tournament__Orlando_Or_Bust:24,24,Assert / Elaborate,248,110,7,3,6,3,35,12,True,[33],[34],25,True,2e0cbfab7acdb3bb385b9e583607e2420a649450505026d3be175cd9d0e9a37c,,"[""raw_history_b256"", ""raw_history_true_assumptions_b256"", ""raw_history_different_episode_assumptions_b256"", ""raw_history_same_episode_random_turn_assumptions_b256"", ""raw_history_explicit_b256""]"
news:226__MLS_Tournament__Orlando_Or_Bust:26:27:h1,news,226__MLS_Tournament__Orlando_Or_Bust,data_cleaned/conversation_moves_labeled/news/226__MLS_Tournament__Orlando_Or_Bust.json,news:226__MLS_Tournament__Orlando_Or_Bust:26,26,1,news:226__MLS_Tournament__Orlando_Or_Bust:27,27,Assert / Elaborate,352,105,10,3,10,3,34,12,True,[40],[41],25,True,83fe4380214e4a8d72c62ac23d1b9abce0755c4d0edc8bbbf11fa8aa6df59e8d,,"[""raw_history_b256"", ""raw_history_true_assumptions_b256"", ""raw_history_different_episode_assumptions_b256"", ""raw_history_same_episode_random_turn_assumptions_b256"", ""raw_history_explicit_b256""]"
news:226__MLS_Tournament__Orlando_Or_Bust:26:29:h3,news,226__MLS_Tournament__Orlando_Or_Bust,data_cleaned/conversation_moves_labeled/news/226__MLS_Tournament__Orlando_Or_Bust.json,news:226__MLS_Tournament__Orlando_Or_Bust:26,26,3,news:226__MLS_Tournament__Orlando_Or_Bust:29,29,Agree / Align,352,105,10,3,10,3,34,12,True,[40],[43],25,True,041e1d5f50c7046a1e13b1862fb64ff8ff12a8a7e87d0138b2249ca613f7ef7d,,"[""raw_history_b256"", ""raw_history_true_assumptions_b256"", ""raw_history_different_episode_assumptions_b256"", ""raw_history_same_episode_random_turn_assumptions_b256"", ""raw_history_explicit_b256""]"
news:226__MLS_Tournament__Orlando_Or_Bust:26:31:h5,news,226__MLS_Tournament__Orlando_Or_Bust,data_cleaned/conversation_moves_labeled/news/226__MLS_Tournament__Orlando_Or_Bust.json,news:226__MLS_Tournament__Orlando_Or_Bust:26,26,5,news:226__MLS_Tournament__Orlando_Or_Bust:31,31,Assert / Elaborate,352,105,10,3,10,3,34,12,True,[40],[45],25,True,e5e703e347fdc9540f72f7228a7bc96d3da402c69602ffc30df61f3a0a742b59,,"[""raw_history_b256"", ""raw_history_true_assumptions_b256"", ""raw_history_different_episode_assumptions_b256"", ""raw_history_same_episode_random_turn_assumptions_b256"", ""raw_history_explicit_b256""]"
news:226__MLS_Tournament__Orlando_Or_Bust:27:28:h1,news,226__MLS_Tournament__Orlando_Or_Bust,data_cleaned/conversation_moves_labeled/news/226__MLS_Tournament__Orlando_Or_Bust.json,news:226__MLS_Tournament__Orlando_Or_Bust:27,27,1,news:226__MLS_Tournament__Orlando_Or_Bust:28,28,Assert / Elaborate,104,103,5,3,4,3,32,12,True,[41],[42],25,True,0b1851449cce09ab7f05abe795ac71ab69c41b27feb0f40a4304283c79e08bda,,"[""raw_history_b256"", ""raw_history_true_assumptions_b256"", ""raw_history_different_episode_assumptions_b256"", ""raw_history_same_episode_random_turn_assumptions_b256"", ""raw_history_explicit_b256""]"
news:226__MLS_Tournament__Orlando_Or_Bust:27:30:h3,news,226__MLS_Tournament__Orlando_Or_Bust,data_cleaned/conversation_moves_labeled/news/226__MLS_Tournament__Orlando_Or_Bust.json,news:226__MLS_Tournament__Orlando_Or_Bust:27,27,3,news:226__MLS_Tournament__Orlando_Or_Bust:30,30,Assert / Elaborate,104,103,5,3,4,3,32,12,True,[41],[44],25,True,d6d22244c4b90b038d336c194ba07b8e8b3f76b0fd2cb9706744fe8603e2605a,,"[""raw_history_b256"", ""raw_history_true_assumptions_b256"", ""raw_history_different_episode_assumptions_b256"", ""raw_history_same_episode_random_turn_assumptions_b256"", ""raw_history_explicit_b256""]"
news:226__MLS_Tournament__Orlando_Or_Bust:27:32:h5,news,226__MLS_Tournament__Orlando_Or_Bust,data_cleaned/conversation_moves_labeled/news/226__MLS_Tournament__Orlando_Or_Bust.json,news:226__MLS_Tournament__Orlando_Or_Bust:27,27,5,news:226__MLS_Tournament__Orlando_Or_Bust:32,32,Assert / Elaborate,104,103,5,3,4,3,32,12,True,[41],[46],25,True,dde01020a8231df7ea5f599754accc5674bf82797d895a42362e03a086069f91,,"[""raw_history_b256"", ""raw_history_true_assumptions_b256"", ""raw_history_different_episode_assumptions_b256"", ""raw_history_same_episode_random_turn_assumptions_b256"", ""raw_history_explicit_b256""]"
news:226__MLS_Tournament__Orlando_Or_Bust:28:29:h1,news,226__MLS_Tournament__Orlando_Or_Bust,data_cleaned/conversation_moves_labeled/news/226__MLS_Tournament__Orlando_Or_Bust.json,news:226__MLS_Tournament__Orlando_Or_Bust:28,28,1,news:226__MLS_Tournament__Orlando_Or_Bust:29,29,Agree / Align,593,105,9,3,10,3,31,12,True,[42],[43],25,True,6f512ece0c097c30f609696d413b87a88c45261cfdf92adf0770767de84de1ec,,"[""raw_history_b256"", ""raw_history_true_assumptions_b256"", ""raw_history_different_episode_assumptions_b256"", ""raw_history_same_episode_random_turn_assumptions_b256"", ""raw_history_explicit_b256""]"
news:226__MLS_Tournament__Orlando_Or_Bust:28:31:h3,news,226__MLS_Tournament__Orlando_Or_Bust,data_cleaned/conversation_moves_labeled/news/226__MLS_Tournament__Orlando_Or_Bust.json,news:226__MLS_Tournament__Orlando_Or_Bust:28,28,3,news:226__MLS_Tournament__Orlando_Or_Bust:31,31,Assert / Elaborate,593,105,9,3,10,3,31,12,True,[42],[45],25,True,7ce1e19d74ebd19cb0ea5e219f69013d8b0200fe2bc9c5a9035023ef0da2cc04,,"[""raw_history_b256"", ""raw_history_true_assumptions_b256"", ""raw_history_different_episode_assumptions_b256"", ""raw_history_same_episode_random_turn_assumptions_b256"", ""raw_history_explicit_b256""]"
news:226__MLS_Tournament__Orlando_Or_Bust:29:30:h1,news,226__MLS_Tournament__Orlando_Or_Bust,data_cleaned/conversation_moves_labeled/news/226__MLS_Tournament__Orlando_Or_Bust.json,news:226__MLS_Tournament__Orlando_Or_Bust:29,29,1,news:226__MLS_Tournament__Orlando_Or_Bust:30,30,Assert / Elaborate,278,103,10,3,10,3,34,12,True,[43],[44],25,True,a5ac12eee4dd2bf15cd1adcf1fc1a8e566b4b2ad35dcbe00f956490d5d7d077a,,"[""raw_history_b256"", ""raw_history_true_assumptions_b256"", ""raw_history_different_episode_assumptions_b256"", ""raw_history_same_episode_random_turn_assumptions_b256"", ""raw_history_explicit_b256""]"
news:226__MLS_Tournament__Orlando_Or_Bust:29:32:h3,news,226__MLS_Tournament__Orlando_Or_Bust,data_cleaned/conversation_moves_labeled/news/226__MLS_Tournament__Orlando_Or_Bust.json,news:226__MLS_Tournament__Orlando_Or_Bust:29,29,3,news:226__MLS_Tournament__Orlando_Or_Bust:32,32,Assert / Elaborate,278,103,10,3,10,3,34,12,True,[43],[46],25,True,cacf41f28910bc689a540d97d5ba8d5a51c1186a70c0e1c038e44fbdcb716468,,"[""raw_history_b256"", ""raw_history_true_assumptions_b256"", ""raw_history_different_episode_assumptions_b256"", ""raw_history_same_episode_random_turn_assumptions_b256"", ""raw_history_explicit_b256""]"
news:226__MLS_Tournament__Orlando_Or_Bust:30:31:h1,news,226__MLS_Tournament__Orlando_Or_Bust,data_cleaned/conversation_moves_labeled/news/226__MLS_Tournament__Orlando_Or_Bust.json,news:226__MLS_Tournament__Orlando_Or_Bust:30,30,1,news:226__MLS_Tournament__Orlando_Or_Bust:31,31,Assert / Elaborate,270,101,10,3,10,3,34,12,True,[44],[45],25,True,80a33cee6f4cd31e77980b55e442de0a1fe3401264525741e4dd467a10d6cbf9,,"[""raw_history_b256"", ""raw_history_true_assumptions_b256"", ""raw_history_different_episode_assumptions_b256"", ""raw_history_same_episode_random_turn_assumptions_b256"", ""raw_history_explicit_b256""]"
news:226__MLS_Tournament__Orlando_Or_Bust:31:32:h1,news,226__MLS_Tournament__Orlando_Or_Bust,data_cleaned/conversation_moves_labeled/news/226__MLS_Tournament__Orlando_Or_Bust.json,news:226__MLS_Tournament__Orlando_Or_Bust:31,31,1,news:226__MLS_Tournament__Orlando_Or_Bust:32,32,Assert / Elaborate,379,103,10,3,10,3,39,12,True,[45],[46],25,True,0ba5886104e5f4160fb7e635ea51fe53eb81aebb5075ba342ea3d5cf69da0e03,,"[""raw_history_b256"", ""raw_history_true_assumptions_b256"", ""raw_history_different_episode_assumptions_b256"", ""raw_history_same_episode_random_turn_assumptions_b256"", ""raw_history_explicit_b256""]"
news:5_Talking_youth_engagement__libraries_and_graphic_novels_with_Leonee_Ariel_Derr:1:2:h1,news,5_Talking_youth_engagement__libraries_and_graphic_novels_with_Leonee_Ariel_Derr,data_cleaned/conversation_moves_labeled/news/5_Talking_youth_engagement__libraries_and_graphic_novels_with_Leonee_Ariel_Derr.json,news:5_Talking_youth_engagement__libraries_and_graphic_novels_with_Leonee_Ariel_Derr:1,1,1,news:5_Talking_youth_engagement__libraries_and_graphic_novels_with_Leonee_Ariel_Derr:2,2,Agree / Align,347,101,10,3,10,0,10,3,True,[3],[4],25,True,d525d9296eb3e64e94d25e84c3f3b5f1cd47fc12466cb3916169e7148fbef3c3,,"[""raw_history_b256"", ""raw_history_true_assumptions_b256"", ""raw_history_different_episode_assumptions_b256"", ""raw_history_explicit_b256""]"
news:5_Talking_youth_engagement__libraries_and_graphic_novels_with_Leonee_Ariel_Derr:1:4:h3,news,5_Talking_youth_engagement__libraries_and_graphic_novels_with_Leonee_Ariel_Derr,data_cleaned/conversation_moves_labeled/news/5_Talking_youth_engagement__libraries_and_graphic_novels_with_Leonee_Ariel_Derr.json,news:5_Talking_youth_engagement__libraries_and_graphic_novels_with_Leonee_Ariel_Derr:1,1,3,news:5_Talking_youth_engagement__libraries_and_graphic_novels_with_Leonee_Ariel_Derr:4,4,Assert / Elaborate,347,101,10,3,10,0,10,3,True,[3],[6],25,True,744a525b7af821d611c0ec460020168e29d16988a4c8490be09b264a928aab82,,"[""raw_history_b256"", ""raw_history_true_assumptions_b256"", ""raw_history_different_episode_assumptions_b256"", ""raw_history_explicit_b256""]"
news:5_Talking_youth_engagement__libraries_and_graphic_novels_with_Leonee_Ariel_Derr:2:3:h1,news,5_Talking_youth_engagement__libraries_and_graphic_novels_with_Leonee_Ariel_Derr,data_cleaned/conversation_moves_labeled/news/5_Talking_youth_engagement__libraries_and_graphic_novels_with_Leonee_Ariel_Derr.json,news:5_Talking_youth_engagement__libraries_and_graphic_novels_with_Leonee_Ariel_Derr:2,2,1,news:5_Talking_youth_engagement__libraries_and_graphic_novels_with_Leonee_Ariel_Derr:3,3,Assert / Elaborate,98,98,6,3,5,1,16,6,True,[4],[5],25,True,c891e868e20de50e3312dbe38d931a95f00e72b6a6964856781a834c2c89925a,,"[""raw_history_b256"", ""raw_history_true_assumptions_b256"", ""raw_history_different_episode_assumptions_b256"", ""raw_history_explicit_b256""]"
news:5_Talking_youth_engagement__libraries_and_graphic_novels_with_Leonee_Ariel_Derr:2:5:h3,news,5_Talking_youth_engagement__libraries_and_graphic_novels_with_Leonee_Ariel_Derr,data_cleaned/conversation_moves_labeled/news/5_Talking_youth_engagement__libraries_and_graphic_novels_with_Leonee_Ariel_Derr.json,news:5_Talking_youth_engagement__libraries_and_graphic_novels_with_Leonee_Ariel_Derr:2,2,3,news:5_Talking_youth_engagement__libraries_and_graphic_novels_with_Leonee_Ariel_Derr:5,5,Assert / Elaborate,98,98,6,3,5,1,16,6,True,[4],[7],25,True,215c5501ff29827b495a723a0ef9141f859a7f3a1e7d88c2a4bc41432566af65,,"[""raw_history_b256"", ""raw_history_true_assumptions_b256"", ""raw_history_different_episode_assumptions_b256"", ""raw_history_explicit_b256""]"
news:5_Talking_youth_engagement__libraries_and_graphic_novels_with_Leonee_Ariel_Derr:3:4:h1,news,5_Talking_youth_engagement__libraries_and_graphic_novels_with_Leonee_Ariel_Derr,data_cleaned/conversation_moves_labeled/news/5_Talking_youth_engagement__libraries_and_graphic_novels_with_Leonee_Ariel_Derr.json,news:5_Talking_youth_engagement__libraries_and_graphic_novels_with_Leonee_Ariel_Derr:3,3,1,news:5_Talking_youth_engagement__libraries_and_graphic_novels_with_Leonee_Ariel_Derr:4,4,Assert / Elaborate,388,102,8,3,6,2,24,9,True,[5],[6],25,True,3b6d651777138eabcfa31dc7b78b0b2ccab633f10e0addd021b73b5ed3a96140,,"[""raw_history_b256"", ""raw_history_true_assumptions_b256"", ""raw_history_different_episode_assumptions_b256"", ""raw_history_explicit_b256""]"
news:5_Talking_youth_engagement__libraries_and_graphic_novels_with_Leonee_Ariel_Derr:4:5:h1,news,5_Talking_youth_engagement__libraries_and_graphic_novels_with_Leonee_Ariel_Derr,data_cleaned/conversation_moves_labeled/news/5_Talking_youth_engagement__libraries_and_graphic_novels_with_Leonee_Ariel_Derr.json,news:5_Talking_youth_engagement__libraries_and_graphic_novels_with_Leonee_Ariel_Derr:4,4,1,news:5_Talking_youth_engagement__libraries_and_graphic_novels_with_Leonee_Ariel_Derr:5,5,Assert / Elaborate,268,100,10,3,10,3,34,12,True,[6],[7],25,True,fb7c547ed25c23f6d777ab0905c9218318eac85af7300fcc0d3b4358cdba9edf,,"[""raw_history_b256"", ""raw_history_true_assumptions_b256"", ""raw_history_different_episode_assumptions_b256"", ""raw_history_explicit_b256""]"
news:5_Talking_youth_engagement__libraries_and_graphic_novels_with_Leonee_Ariel_Derr:9:10:h1,news,5_Talking_youth_engagement__libraries_and_graphic_novels_with_Leonee_Ariel_Derr,data_cleaned/conversation_moves_labeled/news/5_Talking_youth_engagement__libraries_and_graphic_novels_with_Leonee_Ariel_Derr.json,news:5_Talking_youth_engagement__libraries_and_graphic_novels_with_Leonee_Ariel_Derr:9,9,1,news:5_Talking_youth_engagement__libraries_and_graphic_novels_with_Leonee_Ariel_Derr:10,10,Clarification Request (Specific),373,100,10,3,10,3,40,12,True,[19],[20],25,True,e87b0f9ad35935be9e2162d3ed4b1d99556b65e8028c2d3c1b34f14cc60cc6af,,"[""raw_history_b256"", ""raw_history_true_assumptions_b256"", ""raw_history_different_episode_assumptions_b256"", ""raw_history_same_episode_random_turn_assumptions_b256"", ""raw_history_explicit_b256""]"
news:5_Talking_youth_engagement__libraries_and_graphic_novels_with_Leonee_Ariel_Derr:9:12:h3,news,5_Talking_youth_engagement__libraries_and_graphic_novels_with_Leonee_Ariel_Derr,data_cleaned/conversation_moves_labeled/news/5_Talking_youth_engagement__libraries_and_graphic_novels_with_Leonee_Ariel_Derr.json,news:5_Talking_youth_engagement__libraries_and_graphic_novels_with_Leonee_Ariel_Derr:9,9,3,news:5_Talking_youth_engagement__libraries_and_graphic_novels_with_Leonee_Ariel_Derr:12,12,Topic Shift,373,100,10,3,10,3,40,12,True,[19],[22],25,True,0e5dd5435ad3be7c7a6fe354658606b3818bec7ba0dfc3a032cd75a500c0b32a,,"[""raw_history_b256"", ""raw_history_true_assumptions_b256"", ""raw_history_different_episode_assumptions_b256"", ""raw_history_same_episode_random_turn_assumptions_b256"", ""raw_history_explicit_b256""]"
news:5_Talking_youth_engagement__libraries_and_graphic_novels_with_Leonee_Ariel_Derr:9:14:h5,news,5_Talking_youth_engagement__libraries_and_graphic_novels_with_Leonee_Ariel_Derr,data_cleaned/conversation_moves_labeled/news/5_Talking_youth_engagement__libraries_and_graphic_novels_with_Leonee_Ariel_Derr.json,news:5_Talking_youth_engagement__libraries_and_graphic_novels_with_Leonee_Ariel_Derr:9,9,5,news:5_Talking_youth_engagement__libraries_and_graphic_novels_with_Leonee_Ariel_Derr:14,14,Assert / Elaborate,373,100,10,3,10,3,40,12,True,[19],[24],25,True,70733c372ae2712eb38b088281ad62774c893ee5d0bc63db4d68db4b6a423762,,"[""raw_history_b256"", ""raw_history_true_assumptions_b256"", ""raw_history_different_episode_assumptions_b256"", ""raw_history_same_episode_random_turn_assumptions_b256"", ""raw_history_explicit_b256""]"
news:5_Talking_youth_engagement__libraries_and_graphic_novels_with_Leonee_Ariel_Derr:10:11:h1,news,5_Talking_youth_engagement__libraries_and_graphic_novels_with_Leonee_Ariel_Derr,data_cleaned/conversation_moves_labeled/news/5_Talking_youth_engagement__libraries_and_graphic_novels_with_Leonee_Ariel_Derr.json,news:5_Talking_youth_engagement__libraries_and_graphic_novels_with_Leonee_Ariel_Derr:10,10,1,news:5_Talking_youth_engagement__libraries_and_graphic_novels_with_Leonee_Ariel_Derr:11,11,Answer,50,50,4,3,5,3,34,12,True,[20],[21],25,True,d539fb4e59ef7b54b974955d6abe084cb2b7492c27149154e511dbd3d710724c,,"[""raw_history_b256"", ""raw_history_true_assumptions_b256"", ""raw_history_different_episode_assumptions_b256"", ""raw_history_same_episode_random_turn_assumptions_b256"", ""raw_history_explicit_b256""]"
news:5_Talking_youth_engagement__libraries_and_graphic_novels_with_Leonee_Ariel_Derr:10:13:h3,news,5_Talking_youth_engagement__libraries_and_graphic_novels_with_Leonee_Ariel_Derr,data_cleaned/conversation_moves_labeled/news/5_Talking_youth_engagement__libraries_and_graphic_novels_with_Leonee_Ariel_Derr.json,news:5_Talking_youth_engagement__libraries_and_graphic_novels_with_Leonee_Ariel_Derr:10,10,3,news:5_Talking_youth_engagement__libraries_and_graphic_novels_with_Leonee_Ariel_Derr:13,13,Assert / Elaborate,50,50,4,3,5,3,34,12,True,[20],[23],25,True,0b3d4a8aa122167e5c95cb21ff6673589a3cf0550e56db39a610a36a4a2e5216,,"[""raw_history_b256"", ""raw_history_true_assumptions_b256"", ""raw_history_different_episode_assumptions_b256"", ""raw_history_same_episode_random_turn_assumptions_b256"", ""raw_history_explicit_b256""]"
news:5_Talking_youth_engagement__libraries_and_graphic_novels_with_Leonee_Ariel_Derr:10:15:h5,news,5_Talking_youth_engagement__libraries_and_graphic_novels_with_Leonee_Ariel_Derr,data_cleaned/conversation_moves_labeled/news/5_Talking_youth_engagement__libraries_and_graphic_novels_with_Leonee_Ariel_Derr.json,news:5_Talking_youth_engagement__libraries_and_graphic_novels_with_Leonee_Ariel_Derr:10,10,5,news:5_Talking_youth_engagement__libraries_and_graphic_novels_with_Leonee_Ariel_Derr:15,15,Assert / Elaborate,50,50,4,3,5,3,34,12,True,[20],[25],25,True,a1378cb88f7c65133efe5fe871d5c63553374b6a8d9607a613b7f8d47d32970c,,"[""raw_history_b256"", ""raw_history_true_assumptions_b256"", ""raw_history_different_episode_assumptions_b256"", ""raw_history_same_episode_random_turn_assumptions_b256"", ""raw_history_explicit_b256""]"
news:5_Talking_youth_engagement__libraries_and_graphic_novels_with_Leonee_Ariel_Derr:11:12:h1,news,5_Talking_youth_engagement__libraries_and_graphic_novels_with_Leonee_Ariel_Derr,data_cleaned/conversation_moves_labeled/news/5_Talking_youth_engagement__libraries_and_graphic_novels_with_Leonee_Ariel_Derr.json,news:5_Talking_youth_engagement__libraries_and_graphic_novels_with_Leonee_Ariel_Derr:11,11,1,news:5_Talking_youth_engagement__libraries_and_graphic_novels_with_Leonee_Ariel_Derr:12,12,Topic Shift,134,104,7,3,5,3,31,12,True,[21],[22],25,True,8a5d22a8b7c3b5a0266dbf698550adbc49eab46a2a5a93fa579a04a2f470ffed,,"[""raw_history_b256"", ""raw_history_true_assumptions_b256"", ""raw_history_different_episode_assumptions_b256"", ""raw_history_same_episode_random_turn_assumptions_b256"", ""raw_history_explicit_b256""]"
news:5_Talking_youth_engagement__libraries_and_graphic_novels_with_Leonee_Ariel_Derr:11:14:h3,news,5_Talking_youth_engagement__libraries_and_graphic_novels_with_Leonee_Ariel_Derr,data_cleaned/conversation_moves_labeled/news/5_Talking_youth_engagement__libraries_and_graphic_novels_with_Leonee_Ariel_Derr.json,news:5_Talking_youth_engagement__libraries_and_graphic_novels_with_Leonee_Ariel_Derr:11,11,3,news:5_Talking_youth_engagement__libraries_and_graphic_novels_with_Leonee_Ariel_Derr:14,14,Assert / Elaborate,134,104,7,3,5,3,31,12,True,[21],[24],25,True,c461471246b6dd8b50c2e8ee021c4d52f0b5cbfbcdfb5dd42d753d6c0ff8c695,,"[""raw_history_b256"", ""raw_history_true_assumptions_b256"", ""raw_history_different_episode_assumptions_b256"", ""raw_history_same_episode_random_turn_assumptions_b256"", ""raw_history_explicit_b256""]"
news:5_Talking_youth_engagement__libraries_and_graphic_novels_with_Leonee_Ariel_Derr:12:13:h1,news,5_Talking_youth_engagement__libraries_and_graphic_novels_with_Leonee_Ariel_Derr,data_cleaned/conversation_moves_labeled/news/5_Talking_youth_engagement__libraries_and_graphic_novels_with_Leonee_Ariel_Derr.json,news:5_Talking_youth_engagement__libraries_and_graphic_novels_with_Leonee_Ariel_Derr:12,12,1,news:5_Talking_youth_engagement__libraries_and_graphic_novels_with_Leonee_Ariel_Derr:13,13,Assert / Elaborate,78,78,5,3,5,3,26,12,True,[22],[23],25,True,1692c05c154f3c8a63568f73840c8efe92a543a6eaa7b902cdc2f23e855bfb05,,"[""raw_history_b256"", ""raw_history_true_assumptions_b256"", ""raw_history_different_episode_assumptions_b256"", ""raw_history_same_episode_random_turn_assumptions_b256"", ""raw_history_explicit_b256""]"
news:5_Talking_youth_engagement__libraries_and_graphic_novels_with_Leonee_Ariel_Derr:12:15:h3,news,5_Talking_youth_engagement__libraries_and_graphic_novels_with_Leonee_Ariel_Derr,data_cleaned/conversation_moves_labeled/news/5_Talking_youth_engagement__libraries_and_graphic_novels_with_Leonee_Ariel_Derr.json,news:5_Talking_youth_engagement__libraries_and_graphic_novels_with_Leonee_Ariel_Derr:12,12,3,news:5_Talking_youth_engagement__libraries_and_graphic_novels_with_Leonee_Ariel_Derr:15,15,Assert / Elaborate,78,78,5,3,5,3,26,12,True,[22],[25],25,True,067fa1e82aa942456fb200e4dee5ca6b1e432d6c5f4634860fc8712f19f812b7,,"[""raw_history_b256"", ""raw_history_true_assumptions_b256"", ""raw_history_different_episode_assumptions_b256"", ""raw_history_same_episode_random_turn_assumptions_b256"", ""raw_history_explicit_b256""]"
news:5_Talking_youth_engagement__libraries_and_graphic_novels_with_Leonee_Ariel_Derr:13:14:h1,news,5_Talking_youth_engagement__libraries_and_graphic_novels_with_Leonee_Ariel_Derr,data_cleaned/conversation_moves_labeled/news/5_Talking_youth_engagement__libraries_and_graphic_novels_with_Leonee_Ariel_Derr.json,news:5_Talking_youth_engagement__libraries_and_graphic_novels_with_Leonee_Ariel_Derr:13,13,1,news:5_Talking_youth_engagement__libraries_and_graphic_novels_with_Leonee_Ariel_Derr:14,14,Assert / Elaborate,308,103,9,3,10,3,25,12,True,[23],[24],25,True,affd43f545cb07136c6bad7abf1c7a0885715ab03bbeb668d8c59ce02af408f7,,"[""raw_history_b256"", ""raw_history_true_assumptions_b256"", ""raw_history_different_episode_assumptions_b256"", ""raw_history_same_episode_random_turn_assumptions_b256"", ""raw_history_explicit_b256""]"
news:5_Talking_youth_engagement__libraries_and_graphic_novels_with_Leonee_Ariel_Derr:14:15:h1,news,5_Talking_youth_engagement__libraries_and_graphic_novels_with_Leonee_Ariel_Derr,data_cleaned/conversation_moves_labeled/news/5_Talking_youth_engagement__libraries_and_graphic_novels_with_Leonee_Ariel_Derr.json,news:5_Talking_youth_engagement__libraries_and_graphic_novels_with_Leonee_Ariel_Derr:14,14,1,news:5_Talking_youth_engagement__libraries_and_graphic_novels_with_Leonee_Ariel_Derr:15,15,Assert / Elaborate,445,103,10,3,10,3,31,12,True,[24],[25],25,True,bf56f4f28669dddff47497f5f812c31e1faf46a2b7d87bdb3f8a11470c6e608e,,"[""raw_history_b256"", ""raw_history_true_assumptions_b256"", ""raw_history_different_episode_assumptions_b256"", ""raw_history_same_episode_random_turn_assumptions_b256"", ""raw_history_explicit_b256""]"
news:5_Talking_youth_engagement__libraries_and_graphic_novels_with_Leonee_Ariel_Derr:17:18:h1,news,5_Talking_youth_engagement__libraries_and_graphic_novels_with_Leonee_Ariel_Derr,data_cleaned/conversation_moves_labeled/news/5_Talking_youth_engagement__libraries_and_graphic_novels_with_Leonee_Ariel_Derr.json,news:5_Talking_youth_engagement__libraries_and_graphic_novels_with_Leonee_Ariel_Derr:17,17,1,news:5_Talking_youth_engagement__libraries_and_graphic_novels_with_Leonee_Ariel_Derr:18,18,Assert / Elaborate,687,105,9,3,10,3,39,12,True,[29],[30],25,True,dbe2dfd94dbf676876aaac49f2c647fc6b7e06f940790a440b37895b69eb4256,,"[""raw_history_b256"", ""raw_history_true_assumptions_b256"", ""raw_history_different_episode_assumptions_b256"", ""raw_history_same_episode_random_turn_assumptions_b256"", ""raw_history_explicit_b256""]"
news:Alana_Goodman:1:2:h1,news,Alana_Goodman,data_cleaned/conversation_moves_labeled/news/Alana_Goodman.json,news:Alana_Goodman:1,1,1,news:Alana_Goodman:2,2,Assert / Elaborate,90,90,7,3,5,1,15,6,True,[3],[4],25,True,1962e3c8b4b933f5f2a8324c82aa909d86e40f92704a57b5601a274c61e0442b,,"[""raw_history_b256"", ""raw_history_true_assumptions_b256"", ""raw_history_different_episode_assumptions_b256"", ""raw_history_explicit_b256""]"
political:42060:2:3:h1,political,42060,data_cleaned/conversation_moves_labeled/political/42060.json,political:42060:2,2,1,political:42060:3,3,Assert / Elaborate,88,88,5,3,5,2,25,9,True,[6],[7],25,True,876bd0b73cd9af3756bd166b5cffb6ba83a5bd248fb1bbe7a34538822f27e89b,,"[""raw_history_b256"", ""raw_history_true_assumptions_b256"", ""raw_history_different_episode_assumptions_b256"", ""raw_history_explicit_b256""]"
political:42060:3:4:h1,political,42060,data_cleaned/conversation_moves_labeled/political/42060.json,political:42060:3,3,1,political:42060:4,4,Assert / Elaborate,262,103,10,3,10,3,35,12,True,[7],[8],25,True,38fe3b6b1c97869eb8f6dea13d3a640ef043b4e2d24282b5890945671fedf3ed,,"[""raw_history_b256"", ""raw_history_true_assumptions_b256"", ""raw_history_different_episode_assumptions_b256"", ""raw_history_explicit_b256""]"
political:42088:1:2:h1,political,42088,data_cleaned/conversation_moves_labeled/political/42088.json,political:42088:1,1,1,political:42088:2,2,Correction / Challenge,51,51,4,3,4,1,8,6,True,[6],[7],25,True,cb23c8abd47ad4f9503ed856abd6875c8b2590323daac8ccf6d182dc98b6d99a,,"[""raw_history_b256"", ""raw_history_true_assumptions_b256"", ""raw_history_different_episode_assumptions_b256"", ""raw_history_explicit_b256""]"
political:42088:2:3:h1,political,42088,data_cleaned/conversation_moves_labeled/political/42088.json,political:42088:2,2,1,political:42088:3,3,Correction / Challenge,149,111,8,3,7,2,16,9,True,[7],[8],25,True,ead91d10b825837bcbb14b4a97889d0eaf69f0de1afe20abe8ac52bbe3620fca,,"[""raw_history_b256"", ""raw_history_true_assumptions_b256"", ""raw_history_different_episode_assumptions_b256"", ""raw_history_explicit_b256""]"
political:42088:7:8:h1,political,42088,data_cleaned/conversation_moves_labeled/political/42088.json,political:42088:7,7,1,political:42088:8,8,Assert / Elaborate,155,103,7,3,6,3,32,12,True,[18],[19],25,True,135075ac36fd1a1cceafa587eee924343b238ecc5cec17beb3f501278af6f419,,"[""raw_history_b256"", ""raw_history_true_assumptions_b256"", ""raw_history_different_episode_assumptions_b256"", ""raw_history_same_episode_random_turn_assumptions_b256"", ""raw_history_explicit_b256""]"
political:42088:8:9:h1,political,42088,data_cleaned/conversation_moves_labeled/political/42088.json,political:42088:8,8,1,political:42088:9,9,Topic Shift,633,109,10,3,10,3,32,12,True,[19],[20],25,True,6fa556532a6ca725be41f66ae3ebd7c12a2d892a974ffa156628e6c84dfe92ef,,"[""raw_history_b256"", ""raw_history_true_assumptions_b256"", ""raw_history_different_episode_assumptions_b256"", ""raw_history_same_episode_random_turn_assumptions_b256"", ""raw_history_explicit_b256""]"
political:42088:11:12:h1,political,42088,data_cleaned/conversation_moves_labeled/political/42088.json,political:42088:11,11,1,political:42088:12,12,Assert / Elaborate,86,86,4,3,4,3,28,12,True,[26],[27],25,True,018a560d924df116eacc586644c8b64bd0eb5af7aced15c952626703db015499,,"[""raw_history_b256"", ""raw_history_true_assumptions_b256"", ""raw_history_different_episode_assumptions_b256"", ""raw_history_same_episode_random_turn_assumptions_b256"", ""raw_history_explicit_b256""]"
political:42088:12:13:h1,political,42088,data_cleaned/conversation_moves_labeled/political/42088.json,political:42088:12,12,1,political:42088:13,13,Clarification Request (Specific),540,105,10,3,10,3,28,12,True,[27],[28],25,True,ee39d6a3729d25dd5e987b12091e9b038ec52bbfbfaa5749c6db0be6df96020e,,"[""raw_history_b256"", ""raw_history_true_assumptions_b256"", ""raw_history_different_episode_assumptions_b256"", ""raw_history_same_episode_random_turn_assumptions_b256"", ""raw_history_explicit_b256""]"
religion:001-LIFE_IN_RHYTHM___THE_RHYTHM_OF_PRAYER:1:2:h1,religion,001-LIFE_IN_RHYTHM___THE_RHYTHM_OF_PRAYER,data_cleaned/conversation_moves_labeled/religion/001-LIFE_IN_RHYTHM___THE_RHYTHM_OF_PRAYER.json,religion:001-LIFE_IN_RHYTHM___THE_RHYTHM_OF_PRAYER:1,1,1,religion:001-LIFE_IN_RHYTHM___THE_RHYTHM_OF_PRAYER:2,2,Assert / Elaborate,381,105,10,3,10,1,20,6,True,[5],[6],25,True,25231475c60c65579c5784030c77fd7985d1675f9b0ed0548ba9165c73aa7a56,,"[""raw_history_b256"", ""raw_history_true_assumptions_b256"", ""raw_history_different_episode_assumptions_b256"", ""raw_history_explicit_b256""]"
religion:001-LIFE_IN_RHYTHM___THE_RHYTHM_OF_PRAYER:2:3:h1,religion,001-LIFE_IN_RHYTHM___THE_RHYTHM_OF_PRAYER,data_cleaned/conversation_moves_labeled/religion/001-LIFE_IN_RHYTHM___THE_RHYTHM_OF_PRAYER.json,religion:001-LIFE_IN_RHYTHM___THE_RHYTHM_OF_PRAYER:2,2,1,religion:001-LIFE_IN_RHYTHM___THE_RHYTHM_OF_PRAYER:3,3,Assert / Elaborate,1250,106,10,3,10,2,30,9,True,[6],[7],25,True,ba854933b675fe911d184b3c70f23689db20cca93fb378b9a79469aed60a35d3,,"[""raw_history_b256"", ""raw_history_true_assumptions_b256"", ""raw_history_different_episode_assumptions_b256"", ""raw_history_explicit_b256""]"
religion:001-LIFE_IN_RHYTHM___THE_RHYTHM_OF_PRAYER:5:6:h1,religion,001-LIFE_IN_RHYTHM___THE_RHYTHM_OF_PRAYER,data_cleaned/conversation_moves_labeled/religion/001-LIFE_IN_RHYTHM___THE_RHYTHM_OF_PRAYER.json,religion:001-LIFE_IN_RHYTHM___THE_RHYTHM_OF_PRAYER:5,5,1,religion:001-LIFE_IN_RHYTHM___THE_RHYTHM_OF_PRAYER:6,6,Assert / Elaborate,214,103,10,3,10,3,40,12,True,[15],[16],25,True,4a3249a728a64a84bf1c2560fa0e272ece7b067cdd4f64ba659949cdb69c6e5d,,"[""raw_history_b256"", ""raw_history_true_assumptions_b256"", ""raw_history_different_episode_assumptions_b256"", ""raw_history_same_episode_random_turn_assumptions_b256"", ""raw_history_explicit_b256""]"
religion:001-LIFE_IN_RHYTHM___THE_RHYTHM_OF_PRAYER:5:8:h3,religion,001-LIFE_IN_RHYTHM___THE_RHYTHM_OF_PRAYER,data_cleaned/conversation_moves_labeled/religion/001-LIFE_IN_RHYTHM___THE_RHYTHM_OF_PRAYER.json,religion:001-LIFE_IN_RHYTHM___THE_RHYTHM_OF_PRAYER:5,5,3,religion:001-LIFE_IN_RHYTHM___THE_RHYTHM_OF_PRAYER:8,8,Assert / Elaborate,214,103,10,3,10,3,40,12,True,[15],[18],25,True,33e85eba38f264a3c7bfc8f1fef79955f78a52265748acaf1c7c85054d480e53,,"[""raw_history_b256"", ""raw_history_true_assumptions_b256"", ""raw_history_different_episode_assumptions_b256"", ""raw_history_same_episode_random_turn_assumptions_b256"", ""raw_history_explicit_b256""]"
religion:001-LIFE_IN_RHYTHM___THE_RHYTHM_OF_PRAYER:6:7:h1,religion,001-LIFE_IN_RHYTHM___THE_RHYTHM_OF_PRAYER,data_cleaned/conversation_moves_labeled/religion/001-LIFE_IN_RHYTHM___THE_RHYTHM_OF_PRAYER.json,religion:001-LIFE_IN_RHYTHM___THE_RHYTHM_OF_PRAYER:6,6,1,religion:001-LIFE_IN_RHYTHM___THE_RHYTHM_OF_PRAYER:7,7,Agree / Align,697,102,10,3,10,3,40,12,True,[16],[17],25,True,01aa40fe2aa128e5ae451fb9067ea4a10ed0f57b1d8c773712457e5c2d614e2a,,"[""raw_history_b256"", ""raw_history_true_assumptions_b256"", ""raw_history_different_episode_assumptions_b256"", ""raw_history_same_episode_random_turn_assumptions_b256"", ""raw_history_explicit_b256""]"
religion:001-LIFE_IN_RHYTHM___THE_RHYTHM_OF_PRAYER:6:9:h3,religion,001-LIFE_IN_RHYTHM___THE_RHYTHM_OF_PRAYER,data_cleaned/conversation_moves_labeled/religion/001-LIFE_IN_RHYTHM___THE_RHYTHM_OF_PRAYER.json,religion:001-LIFE_IN_RHYTHM___THE_RHYTHM_OF_PRAYER:6,6,3,religion:001-LIFE_IN_RHYTHM___THE_RHYTHM_OF_PRAYER:9,9,Assert / Elaborate,697,102,10,3,10,3,40,12,True,[16],[19],25,True,510ff401f40d8a02597f0529c4972cb188aacc766ff974a4e8375888d9a7fd23,,"[""raw_history_b256"", ""raw_history_true_assumptions_b256"", ""raw_history_different_episode_assumptions_b256"", ""raw_history_same_episode_random_turn_assumptions_b256"", ""raw_history_explicit_b256""]"
religion:001-LIFE_IN_RHYTHM___THE_RHYTHM_OF_PRAYER:7:8:h1,religion,001-LIFE_IN_RHYTHM___THE_RHYTHM_OF_PRAYER,data_cleaned/conversation_moves_labeled/religion/001-LIFE_IN_RHYTHM___THE_RHYTHM_OF_PRAYER.json,religion:001-LIFE_IN_RHYTHM___THE_RHYTHM_OF_PRAYER:7,7,1,religion:001-LIFE_IN_RHYTHM___THE_RHYTHM_OF_PRAYER:8,8,Assert / Elaborate,807,106,10,3,10,3,40,12,True,[17],[18],25,True,9c402af89448746a986325f5058c25b0f0a72624fd3297395bf5ab2c4fbd116b,,"[""raw_history_b256"", ""raw_history_true_assumptions_b256"", ""raw_history_different_episode_assumptions_b256"", ""raw_history_same_episode_random_turn_assumptions_b256"", ""raw_history_explicit_b256""]"
religion:001-LIFE_IN_RHYTHM___THE_RHYTHM_OF_PRAYER:8:9:h1,religion,001-LIFE_IN_RHYTHM___THE_RHYTHM_OF_PRAYER,data_cleaned/conversation_moves_labeled/religion/001-LIFE_IN_RHYTHM___THE_RHYTHM_OF_PRAYER.json,religion:001-LIFE_IN_RHYTHM___THE_RHYTHM_OF_PRAYER:8,8,1,religion:001-LIFE_IN_RHYTHM___THE_RHYTHM_OF_PRAYER:9,9,Assert / Elaborate,1396,103,10,3,10,3,40,12,True,[18],[19],25,True,83178d02097c110635b3ec6acda432e6bf8d6f640fc52a70543b6ce2a6a49690,,"[""raw_history_b256"", ""raw_history_true_assumptions_b256"", ""raw_history_different_episode_assumptions_b256"", ""raw_history_same_episode_random_turn_assumptions_b256"", ""raw_history_explicit_b256""]"
religion:001_How_Can_I_Help_My_Children_Gain_their_own_Testimony:0:1:h1,religion,001_How_Can_I_Help_My_Children_Gain_their_own_Testimony,data_cleaned/conversation_moves_labeled/religion/001_How_Can_I_Help_My_Children_Gain_their_own_Testimony.json,religion:001_How_Can_I_Help_My_Children_Gain_their_own_Testimony:0,0,1,religion:001_How_Can_I_Help_My_Children_Gain_their_own_Testimony:1,1,Assert / Elaborate,427,100,10,3,10,0,10,3,True,[0],[1],25,True,d450b45046127f0a66eaae68cf6268f56a933b4cf7da94e923b37b0f09bac286,,"[""raw_history_b256"", ""raw_history_true_assumptions_b256"", ""raw_history_different_episode_assumptions_b256"", ""raw_history_explicit_b256""]"
religion:001_How_Can_I_Help_My_Children_Gain_their_own_Testimony:1:2:h1,religion,001_How_Can_I_Help_My_Children_Gain_their_own_Testimony,data_cleaned/conversation_moves_labeled/religion/001_How_Can_I_Help_My_Children_Gain_their_own_Testimony.json,religion:001_How_Can_I_Help_My_Children_Gain_their_own_Testimony:1,1,1,religion:001_How_Can_I_Help_My_Children_Gain_their_own_Testimony:2,2,Assert / Elaborate,60,60,3,3,5,1,13,6,True,[1],[2],25,True,73c6634ae98132c251c35f2e285db5e278761e89eac651faed368ab6904b746d,,"[""raw_history_b256"", ""raw_history_true_assumptions_b256"", ""raw_history_different_episode_assumptions_b256"", ""raw_history_explicit_b256""]"
religion:001_How_Can_I_Help_My_Children_Gain_their_own_Testimony:4:5:h1,religion,001_How_Can_I_Help_My_Children_Gain_their_own_Testimony,data_cleaned/conversation_moves_labeled/religion/001_How_Can_I_Help_My_Children_Gain_their_own_Testimony.json,religion:001_How_Can_I_Help_My_Children_Gain_their_own_Testimony:4,4,1,religion:001_How_Can_I_Help_My_Children_Gain_their_own_Testimony:5,5,Assert / Elaborate,193,102,10,3,10,3,33,12,True,[4],[5],25,True,de9859b5fc921f6447c80fa7634828fc4dc08c658454e8e0b1fab0163facab5d,,"[""raw_history_b256"", ""raw_history_true_assumptions_b256"", ""raw_history_different_episode_assumptions_b256"", ""raw_history_explicit_b256""]"
religion:001_How_Can_I_Help_My_Children_Gain_their_own_Testimony:11:12:h1,religion,001_How_Can_I_Help_My_Children_Gain_their_own_Testimony,data_cleaned/conversation_moves_labeled/religion/001_How_Can_I_Help_My_Children_Gain_their_own_Testimony.json,religion:001_How_Can_I_Help_My_Children_Gain_their_own_Testimony:11,11,1,religion:001_How_Can_I_Help_My_Children_Gain_their_own_Testimony:12,12,Clarification Request (Specific),386,100,8,3,7,3,32,12,True,[19],[20],25,True,37accf206cad13acb804da7f3066eefee92f17d947ce7afd260453510ca53c6b,,"[""raw_history_b256"", ""raw_history_true_assumptions_b256"", ""raw_history_different_episode_assumptions_b256"", ""raw_history_same_episode_random_turn_assumptions_b256"", ""raw_history_explicit_b256""]"
religion:001_How_Can_I_Help_My_Children_Gain_their_own_Testimony:12:13:h1,religion,001_How_Can_I_Help_My_Children_Gain_their_own_Testimony,data_cleaned/conversation_moves_labeled/religion/001_How_Can_I_Help_My_Children_Gain_their_own_Testimony.json,religion:001_How_Can_I_Help_My_Children_Gain_their_own_Testimony:12,12,1,religion:001_How_Can_I_Help_My_Children_Gain_their_own_Testimony:13,13,Assert / Elaborate,194,105,10,3,10,3,32,12,True,[20],[21],25,True,bc828e9150fbc1794c97839dc08b81124d701a0c11b562052643a9ab0840903a,,"[""raw_history_b256"", ""raw_history_true_assumptions_b256"", ""raw_history_different_episode_assumptions_b256"", ""raw_history_same_episode_random_turn_assumptions_b256"", ""raw_history_explicit_b256""]"
religion:002_Never_Give_Up_On_Your_Dreams:0:1:h1,religion,002_Never_Give_Up_On_Your_Dreams,data_cleaned/conversation_moves_labeled/religion/002_Never_Give_Up_On_Your_Dreams.json,religion:002_Never_Give_Up_On_Your_Dreams:0,0,1,religion:002_Never_Give_Up_On_Your_Dreams:1,1,Assert / Elaborate,64,64,7,3,7,0,7,3,True,[1],[2],25,True,ed4caa97e43d5caa31ed63ea752465364d6e26d9513299b0952952fdb0675bc8,,"[""raw_history_b256"", ""raw_history_true_assumptions_b256"", ""raw_history_different_episode_assumptions_b256"", ""raw_history_explicit_b256""]"
religion:003_Living_a__Let_it_Go__Life__Even_as_a_Go-Getter__with_Stephanie_O_Hara:1:2:h1,religion,003_Living_a__Let_it_Go__Life__Even_as_a_Go-Getter__with_Stephanie_O_Hara,data_cleaned/conversation_moves_labeled/religion/003_Living_a__Let_it_Go__Life__Even_as_a_Go-Getter__with_Stephanie_O_Hara.json,religion:003_Living_a__Let_it_Go__Life__Even_as_a_Go-Getter__with_Stephanie_O_Hara:1,1,1,religion:003_Living_a__Let_it_Go__Life__Even_as_a_Go-Getter__with_Stephanie_O_Hara:2,2,Assert / Elaborate,265,101,10,3,10,1,20,6,True,[3],[4],25,True,fbd523b8da53abb87b5937738dcf1aa7e368a67c943628e231eed995099d0c96,,"[""raw_history_b256"", ""raw_history_true_assumptions_b256"", ""raw_history_different_episode_assumptions_b256"", ""raw_history_explicit_b256""]"
religion:003_Living_a__Let_it_Go__Life__Even_as_a_Go-Getter__with_Stephanie_O_Hara:1:4:h3,religion,003_Living_a__Let_it_Go__Life__Even_as_a_Go-Getter__with_Stephanie_O_Hara,data_cleaned/conversation_moves_labeled/religion/003_Living_a__Let_it_Go__Life__Even_as_a_Go-Getter__with_Stephanie_O_Hara.json,religion:003_Living_a__Let_it_Go__Life__Even_as_a_Go-Getter__with_Stephanie_O_Hara:1,1,3,religion:003_Living_a__Let_it_Go__Life__Even_as_a_Go-Getter__with_Stephanie_O_Hara:4,4,Assert / Elaborate,265,101,10,3,10,1,20,6,True,[3],[6],25,True,5394bc33440c2ebfa4e40672814498db0c5009ce5d4b91deef0c6fcdaf76af1a,,"[""raw_history_b256"", ""raw_history_true_assumptions_b256"", ""raw_history_different_episode_assumptions_b256"", ""raw_history_explicit_b256""]"
religion:003_Living_a__Let_it_Go__Life__Even_as_a_Go-Getter__with_Stephanie_O_Hara:2:3:h1,religion,003_Living_a__Let_it_Go__Life__Even_as_a_Go-Getter__with_Stephanie_O_Hara,data_cleaned/conversation_moves_labeled/religion/003_Living_a__Let_it_Go__Life__Even_as_a_Go-Getter__with_Stephanie_O_Hara.json,religion:003_Living_a__Let_it_Go__Life__Even_as_a_Go-Getter__with_Stephanie_O_Hara:2,2,1,religion:003_Living_a__Let_it_Go__Life__Even_as_a_Go-Getter__with_Stephanie_O_Hara:3,3,Assert / Elaborate,234,100,10,3,10,2,30,9,True,[4],[5],25,True,ce476483f0c5c19bba7f0e2414001a5fd2c93be9f86ecc8aeddfe0cb35c870cb,,"[""raw_history_b256"", ""raw_history_true_assumptions_b256"", ""raw_history_different_episode_assumptions_b256"", ""raw_history_explicit_b256""]"
religion:003_Living_a__Let_it_Go__Life__Even_as_a_Go-Getter__with_Stephanie_O_Hara:2:5:h3,religion,003_Living_a__Let_it_Go__Life__Even_as_a_Go-Getter__with_Stephanie_O_Hara,data_cleaned/conversation_moves_labeled/religion/003_Living_a__Let_it_Go__Life__Even_as_a_Go-Getter__with_Stephanie_O_Hara.json,religion:003_Living_a__Let_it_Go__Life__Even_as_a_Go-Getter__with_Stephanie_O_Hara:2,2,3,religion:003_Living_a__Let_it_Go__Life__Even_as_a_Go-Getter__with_Stephanie_O_Hara:5,5,Assert / Elaborate,234,100,10,3,10,2,30,9,True,[4],[7],25,True,e3e5e33f1932cd9b9e2694d0a3fda915a45176fc1aa0819d0c19f09a9a52554f,,"[""raw_history_b256"", ""raw_history_true_assumptions_b256"", ""raw_history_different_episode_assumptions_b256"", ""raw_history_explicit_b256""]"
religion:003_Living_a__Let_it_Go__Life__Even_as_a_Go-Getter__with_Stephanie_O_Hara:3:4:h1,religion,003_Living_a__Let_it_Go__Life__Even_as_a_Go-Getter__with_Stephanie_O_Hara,data_cleaned/conversation_moves_labeled/religion/003_Living_a__Let_it_Go__Life__Even_as_a_Go-Getter__with_Stephanie_O_Hara.json,religion:003_Living_a__Let_it_Go__Life__Even_as_a_Go-Getter__with_Stephanie_O_Hara:3,3,1,religion:003_Living_a__Let_it_Go__Life__Even_as_a_Go-Getter__with_Stephanie_O_Hara:4,4,Assert / Elaborate,132,95,7,3,7,3,37,12,True,[5],[6],25,True,e459de1e1f1e791b94c9e4ae37d5b000334c5cc4b6f121d0094098bdfff7ff9f,,"[""raw_history_b256"", ""raw_history_true_assumptions_b256"", ""raw_history_different_episode_assumptions_b256"", ""raw_history_explicit_b256""]"
religion:003_Living_a__Let_it_Go__Life__Even_as_a_Go-Getter__with_Stephanie_O_Hara:4:5:h1,religion,003_Living_a__Let_it_Go__Life__Even_as_a_Go-Getter__with_Stephanie_O_Hara,data_cleaned/conversation_moves_labeled/religion/003_Living_a__Let_it_Go__Life__Even_as_a_Go-Getter__with_Stephanie_O_Hara.json,religion:003_Living_a__Let_it_Go__Life__Even_as_a_Go-Getter__with_Stephanie_O_Hara:4,4,1,religion:003_Living_a__Let_it_Go__Life__Even_as_a_Go-Getter__with_Stephanie_O_Hara:5,5,Assert / Elaborate,182,97,7,3,7,3,34,12,True,[6],[7],25,True,22ebf142cda2b8cbf3ed12039e53bf0ff16a8a08572248d108ce3511eb279435,,"[""raw_history_b256"", ""raw_history_true_assumptions_b256"", ""raw_history_different_episode_assumptions_b256"", ""raw_history_same_episode_random_turn_assumptions_b256"", ""raw_history_explicit_b256""]"
religion:003_Living_a__Let_it_Go__Life__Even_as_a_Go-Getter__with_Stephanie_O_Hara:9:10:h1,religion,003_Living_a__Let_it_Go__Life__Even_as_a_Go-Getter__with_Stephanie_O_Hara,data_cleaned/conversation_moves_labeled/religion/003_Living_a__Let_it_Go__Life__Even_as_a_Go-Getter__with_Stephanie_O_Hara.json,religion:003_Living_a__Let_it_Go__Life__Even_as_a_Go-Getter__with_Stephanie_O_Hara:9,9,1,religion:003_Living_a__Let_it_Go__Life__Even_as_a_Go-Getter__with_Stephanie_O_Hara:10,10,Agree / Align,265,108,10,3,10,3,40,12,True,[15],[16],25,True,91855ac49e0be9e10680760fbb2487ff2ed6aa7b4cc9d9f03b76972b5296562a,,"[""raw_history_b256"", ""raw_history_true_assumptions_b256"", ""raw_history_different_episode_assumptions_b256"", ""raw_history_same_episode_random_turn_assumptions_b256"", ""raw_history_explicit_b256""]"
religion:003_Living_a__Let_it_Go__Life__Even_as_a_Go-Getter__with_Stephanie_O_Hara:9:12:h3,religion,003_Living_a__Let_it_Go__Life__Even_as_a_Go-Getter__with_Stephanie_O_Hara,data_cleaned/conversation_moves_labeled/religion/003_Living_a__Let_it_Go__Life__Even_as_a_Go-Getter__with_Stephanie_O_Hara.json,religion:003_Living_a__Let_it_Go__Life__Even_as_a_Go-Getter__with_Stephanie_O_Hara:9,9,3,religion:003_Living_a__Let_it_Go__Life__Even_as_a_Go-Getter__with_Stephanie_O_Hara:12,12,Agree / Align,265,108,10,3,10,3,40,12,True,[15],[18],25,True,5cc7202a52d5617af5a19152ba4f50bfccb36cae94cddfa439c59216cef5d3bc,,"[""raw_history_b256"", ""raw_history_true_assumptions_b256"", ""raw_history_different_episode_assumptions_b256"", ""raw_history_same_episode_random_turn_assumptions_b256"", ""raw_history_explicit_b256""]"
religion:003_Living_a__Let_it_Go__Life__Even_as_a_Go-Getter__with_Stephanie_O_Hara:10:11:h1,religion,003_Living_a__Let_it_Go__Life__Even_as_a_Go-Getter__with_Stephanie_O_Hara,data_cleaned/conversation_moves_labeled/religion/003_Living_a__Let_it_Go__Life__Even_as_a_Go-Getter__with_Stephanie_O_Hara.json,religion:003_Living_a__Let_it_Go__Life__Even_as_a_Go-Getter__with_Stephanie_O_Hara:10,10,1,religion:003_Living_a__Let_it_Go__Life__Even_as_a_Go-Getter__with_Stephanie_O_Hara:11,11,Assert / Elaborate,92,92,7,3,5,3,37,12,True,[16],[17],25,True,7380736f5c42aa90f7b1bb2762866f8f8a40c1fc887546fb98d42bae6310d506,,"[""raw_history_b256"", ""raw_history_true_assumptions_b256"", ""raw_history_different_episode_assumptions_b256"", ""raw_history_same_episode_random_turn_assumptions_b256"", ""raw_history_explicit_b256""]"
religion:003_Living_a__Let_it_Go__Life__Even_as_a_Go-Getter__with_Stephanie_O_Hara:11:12:h1,religion,003_Living_a__Let_it_Go__Life__Even_as_a_Go-Getter__with_Stephanie_O_Hara,data_cleaned/conversation_moves_labeled/religion/003_Living_a__Let_it_Go__Life__Even_as_a_Go-Getter__with_Stephanie_O_Hara.json,religion:003_Living_a__Let_it_Go__Life__Even_as_a_Go-Getter__with_Stephanie_O_Hara:11,11,1,religion:003_Living_a__Let_it_Go__Life__Even_as_a_Go-Getter__with_Stephanie_O_Hara:12,12,Agree / Align,156,101,6,3,5,3,33,12,True,[17],[18],25,True,7afc4d9009f630c475f183fe56d6f7c7e648d058c677cd9bbcf6f605a3cbcdf8,,"[""raw_history_b256"", ""raw_history_true_assumptions_b256"", ""raw_history_different_episode_assumptions_b256"", ""raw_history_same_episode_random_turn_assumptions_b256"", ""raw_history_explicit_b256""]"
religion:004-_MEMORY_LANE_WITH_DAD:1:2:h1,religion,004-_MEMORY_LANE_WITH_DAD,data_cleaned/conversation_moves_labeled/religion/004-_MEMORY_LANE_WITH_DAD.json,religion:004-_MEMORY_LANE_WITH_DAD:1,1,1,religion:004-_MEMORY_LANE_WITH_DAD:2,2,Assert / Elaborate,580,100,10,3,10,1,20,6,True,[3],[4],25,True,0eea527a8b1af3cc0c1fd4d0fc54b5e902ca46b396019ab4644510bd1fdb81fd,,"[""raw_history_b256"", ""raw_history_true_assumptions_b256"", ""raw_history_different_episode_assumptions_b256"", ""raw_history_explicit_b256""]"
religion:004-_MEMORY_LANE_WITH_DAD:7:8:h1,religion,004-_MEMORY_LANE_WITH_DAD,data_cleaned/conversation_moves_labeled/religion/004-_MEMORY_LANE_WITH_DAD.json,religion:004-_MEMORY_LANE_WITH_DAD:7,7,1,religion:004-_MEMORY_LANE_WITH_DAD:8,8,Topic Shift,168,106,8,3,8,3,37,12,True,[15],[16],25,True,686c2511a229b1d0eaed1981f1ee7705ee943e5922469d2b3b176cf0ba71518e,,"[""raw_history_b256"", ""raw_history_true_assumptions_b256"", ""raw_history_different_episode_assumptions_b256"", ""raw_history_same_episode_random_turn_assumptions_b256"", ""raw_history_explicit_b256""]"
sports:006_-_Greg_Bielecki__La_Salle_College_High_School_2:5:6:h1,sports,006_-_Greg_Bielecki__La_Salle_College_High_School_2,data_cleaned/conversation_moves_labeled/sports/006_-_Greg_Bielecki__La_Salle_College_High_School_2.json,sports:006_-_Greg_Bielecki__La_Salle_College_High_School_2:5,5,1,sports:006_-_Greg_Bielecki__La_Salle_College_High_School_2:6,6,Assert / Elaborate,69,69,4,3,5,3,28,12,True,[19],[20],25,True,818ce7320c85cf8aaaa15e04fa3af221cad837ada2e8c919d01d50048a8576ab,,"[""raw_history_b256"", ""raw_history_true_assumptions_b256"", ""raw_history_different_episode_assumptions_b256"", ""raw_history_same_episode_random_turn_assumptions_b256"", ""raw_history_explicit_b256""]"
sports:006_-_Greg_Bielecki__La_Salle_College_High_School_2:5:8:h3,sports,006_-_Greg_Bielecki__La_Salle_College_High_School_2,data_cleaned/conversation_moves_labeled/sports/006_-_Greg_Bielecki__La_Salle_College_High_School_2.json,sports:006_-_Greg_Bielecki__La_Salle_College_High_School_2:5,5,3,sports:006_-_Greg_Bielecki__La_Salle_College_High_School_2:8,8,Assert / Elaborate,69,69,4,3,5,3,28,12,True,[19],[22],25,True,5845781bb400214385acc7b567873256e83da1879baa24d830aa7ceeffbcbe3d,,"[""raw_history_b256"", ""raw_history_true_assumptions_b256"", ""raw_history_different_episode_assumptions_b256"", ""raw_history_same_episode_random_turn_assumptions_b256"", ""raw_history_explicit_b256""]"
sports:006_-_Greg_Bielecki__La_Salle_College_High_School_2:5:10:h5,sports,006_-_Greg_Bielecki__La_Salle_College_High_School_2,data_cleaned/conversation_moves_labeled/sports/006_-_Greg_Bielecki__La_Salle_College_High_School_2.json,sports:006_-_Greg_Bielecki__La_Salle_College_High_School_2:5,5,5,sports:006_-_Greg_Bielecki__La_Salle_College_High_School_2:10,10,Assert / Elaborate,69,69,4,3,5,3,28,12,True,[19],[24],25,True,48cf9bfe87a7b814f10b6348d3281a0478cf3ae249b95609331a92c780554f8c,,"[""raw_history_b256"", ""raw_history_true_assumptions_b256"", ""raw_history_different_episode_assumptions_b256"", ""raw_history_same_episode_random_turn_assumptions_b256"", ""raw_history_explicit_b256""]"
sports:006_-_Greg_Bielecki__La_Salle_College_High_School_2:6:7:h1,sports,006_-_Greg_Bielecki__La_Salle_College_High_School_2,data_cleaned/conversation_moves_labeled/sports/006_-_Greg_Bielecki__La_Salle_College_High_School_2.json,sports:006_-_Greg_Bielecki__La_Salle_College_High_School_2:6,6,1,sports:006_-_Greg_Bielecki__La_Salle_College_High_School_2:7,7,Agree / Align,507,111,10,3,10,3,28,12,True,[20],[21],25,True,33d13c1bd21f732297a9f1d9afec9aaa1ec6adb046aba6e228a1ad7b9925e22a,,"[""raw_history_b256"", ""raw_history_true_assumptions_b256"", ""raw_history_different_episode_assumptions_b256"", ""raw_history_same_episode_random_turn_assumptions_b256"", ""raw_history_explicit_b256""]"
sports:006_-_Greg_Bielecki__La_Salle_College_High_School_2:6:9:h3,sports,006_-_Greg_Bielecki__La_Salle_College_High_School_2,data_cleaned/conversation_moves_labeled/sports/006_-_Greg_Bielecki__La_Salle_College_High_School_2.json,sports:006_-_Greg_Bielecki__La_Salle_College_High_School_2:6,6,3,sports:006_-_Greg_Bielecki__La_Salle_College_High_School_2:9,9,Assert / Elaborate,507,111,10,3,10,3,28,12,True,[20],[23],25,True,aa09b799294a9d6bb8cb1c42f84709f490815f91b793774e39144bf90f806f13,,"[""raw_history_b256"", ""raw_history_true_assumptions_b256"", ""raw_history_different_episode_assumptions_b256"", ""raw_history_same_episode_random_turn_assumptions_b256"", ""raw_history_explicit_b256""]"
sports:006_-_Greg_Bielecki__La_Salle_College_High_School_2:6:11:h5,sports,006_-_Greg_Bielecki__La_Salle_College_High_School_2,data_cleaned/conversation_moves_labeled/sports/006_-_Greg_Bielecki__La_Salle_College_High_School_2.json,sports:006_-_Greg_Bielecki__La_Salle_College_High_School_2:6,6,5,sports:006_-_Greg_Bielecki__La_Salle_College_High_School_2:11,11,Assert / Elaborate,507,111,10,3,10,3,28,12,True,[20],[25],25,True,dc02b885c1eb71a071d1c569923289a05e5eec765604b0ad69a7816f6ddbaf4a,,"[""raw_history_b256"", ""raw_history_true_assumptions_b256"", ""raw_history_different_episode_assumptions_b256"", ""raw_history_same_episode_random_turn_assumptions_b256"", ""raw_history_explicit_b256""]"
sports:006_-_Greg_Bielecki__La_Salle_College_High_School_2:7:8:h1,sports,006_-_Greg_Bielecki__La_Salle_College_High_School_2,data_cleaned/conversation_moves_labeled/sports/006_-_Greg_Bielecki__La_Salle_College_High_School_2.json,sports:006_-_Greg_Bielecki__La_Salle_College_High_School_2:7,7,1,sports:006_-_Greg_Bielecki__La_Salle_College_High_School_2:8,8,Assert / Elaborate,90,90,5,3,5,3,29,12,True,[21],[22],25,True,d85e17f76668272dd998d88f103c0d2de8adabf68e261e57cc8beda745fc9b18,,"[""raw_history_b256"", ""raw_history_true_assumptions_b256"", ""raw_history_different_episode_assumptions_b256"", ""raw_history_same_episode_random_turn_assumptions_b256"", ""raw_history_explicit_b256""]"
sports:006_-_Greg_Bielecki__La_Salle_College_High_School_2:7:10:h3,sports,006_-_Greg_Bielecki__La_Salle_College_High_School_2,data_cleaned/conversation_moves_labeled/sports/006_-_Greg_Bielecki__La_Salle_College_High_School_2.json,sports:006_-_Greg_Bielecki__La_Salle_College_High_School_2:7,7,3,sports:006_-_Greg_Bielecki__La_Salle_College_High_School_2:10,10,Assert / Elaborate,90,90,5,3,5,3,29,12,True,[21],[24],25,True,5bf56c5564b46b1d7d7364ca55799e607a404a36553abc8810f0188be29abe11,,"[""raw_history_b256"", ""raw_history_true_assumptions_b256"", ""raw_history_different_episode_assumptions_b256"", ""raw_history_same_episode_random_turn_assumptions_b256"", ""raw_history_explicit_b256""]"
sports:006_-_Greg_Bielecki__La_Salle_College_High_School_2:8:9:h1,sports,006_-_Greg_Bielecki__La_Salle_College_High_School_2,data_cleaned/conversation_moves_labeled/sports/006_-_Greg_Bielecki__La_Salle_College_High_School_2.json,sports:006_-_Greg_Bielecki__La_Salle_College_High_School_2:8,8,1,sports:006_-_Greg_Bielecki__La_Salle_College_High_School_2:9,9,Assert / Elaborate,323,103,10,3,10,3,29,12,True,[22],[23],25,True,7865d680c8940e0a801c72aa7e3ec8db673c46698645525b8bad6989d8a8bca4,,"[""raw_history_b256"", ""raw_history_true_assumptions_b256"", ""raw_history_different_episode_assumptions_b256"", ""raw_history_same_episode_random_turn_assumptions_b256"", ""raw_history_explicit_b256""]"
sports:006_-_Greg_Bielecki__La_Salle_College_High_School_2:8:11:h3,sports,006_-_Greg_Bielecki__La_Salle_College_High_School_2,data_cleaned/conversation_moves_labeled/sports/006_-_Greg_Bielecki__La_Salle_College_High_School_2.json,sports:006_-_Greg_Bielecki__La_Salle_College_High_School_2:8,8,3,sports:006_-_Greg_Bielecki__La_Salle_College_High_School_2:11,11,Assert / Elaborate,323,103,10,3,10,3,29,12,True,[22],[25],25,True,354d39fdf202f2604b00fc41d64e28ca163440bf35d5208c8deed1f95fcc0c34,,"[""raw_history_b256"", ""raw_history_true_assumptions_b256"", ""raw_history_different_episode_assumptions_b256"", ""raw_history_same_episode_random_turn_assumptions_b256"", ""raw_history_explicit_b256""]"
sports:006_-_Greg_Bielecki__La_Salle_College_High_School_2:9:10:h1,sports,006_-_Greg_Bielecki__La_Salle_College_High_School_2,data_cleaned/conversation_moves_labeled/sports/006_-_Greg_Bielecki__La_Salle_College_High_School_2.json,sports:006_-_Greg_Bielecki__La_Salle_College_High_School_2:9,9,1,sports:006_-_Greg_Bielecki__La_Salle_College_High_School_2:10,10,Assert / Elaborate,114,104,5,3,5,3,30,12,True,[23],[24],25,True,a96667a7880667946d38f84b0e0dec72567c8e68f552632ca50d42d10f5399e6,,"[""raw_history_b256"", ""raw_history_true_assumptions_b256"", ""raw_history_different_episode_assumptions_b256"", ""raw_history_same_episode_random_turn_assumptions_b256"", ""raw_history_explicit_b256""]"
sports:006_-_Greg_Bielecki__La_Salle_College_High_School_2:10:11:h1,sports,006_-_Greg_Bielecki__La_Salle_College_High_School_2,data_cleaned/conversation_moves_labeled/sports/006_-_Greg_Bielecki__La_Salle_College_High_School_2.json,sports:006_-_Greg_Bielecki__La_Salle_College_High_School_2:10,10,1,sports:006_-_Greg_Bielecki__La_Salle_College_High_School_2:11,11,Assert / Elaborate,1360,99,10,3,10,3,30,12,True,[24],[25],25,True,5d22fc1f2d138fc5b3428622e6a2868d5d0f9ed1ff80f29f54f514a61e14646e,,"[""raw_history_b256"", ""raw_history_true_assumptions_b256"", ""raw_history_different_episode_assumptions_b256"", ""raw_history_same_episode_random_turn_assumptions_b256"", ""raw_history_explicit_b256""]"
sports:006_-_Greg_Bielecki__La_Salle_College_High_School_2:17:18:h1,sports,006_-_Greg_Bielecki__La_Salle_College_High_School_2,data_cleaned/conversation_moves_labeled/sports/006_-_Greg_Bielecki__La_Salle_College_High_School_2.json,sports:006_-_Greg_Bielecki__La_Salle_College_High_School_2:17,17,1,sports:006_-_Greg_Bielecki__La_Salle_College_High_School_2:18,18,Assert / Elaborate,61,61,4,3,5,3,29,12,True,[45],[46],25,True,fbc27328e95ab6257239db4f2a09d7a810adf050b098756d10a9372bc8736d9b,,"[""raw_history_b256"", ""raw_history_true_assumptions_b256"", ""raw_history_different_episode_assumptions_b256"", ""raw_history_same_episode_random_turn_assumptions_b256"", ""raw_history_explicit_b256""]"
sports:006_-_Greg_Bielecki__La_Salle_College_High_School_2:23:24:h1,sports,006_-_Greg_Bielecki__La_Salle_College_High_School_2,data_cleaned/conversation_moves_labeled/sports/006_-_Greg_Bielecki__La_Salle_College_High_School_2.json,sports:006_-_Greg_Bielecki__La_Salle_College_High_School_2:23,23,1,sports:006_-_Greg_Bielecki__La_Salle_College_High_School_2:24,24,Assert / Elaborate,55,55,3,3,4,3,33,12,True,[61],[62],25,True,3ed4220a560192aabcea97b8069bada1c5ead88e4d5501fc0f9e5175bc50163d,,"[""raw_history_b256"", ""raw_history_true_assumptions_b256"", ""raw_history_different_episode_assumptions_b256"", ""raw_history_same_episode_random_turn_assumptions_b256"", ""raw_history_explicit_b256""]"
sports:006_-_Greg_Bielecki__La_Salle_College_High_School_2:24:25:h1,sports,006_-_Greg_Bielecki__La_Salle_College_High_School_2,data_cleaned/conversation_moves_labeled/sports/006_-_Greg_Bielecki__La_Salle_College_High_School_2.json,sports:006_-_Greg_Bielecki__La_Salle_College_High_School_2:24,24,1,sports:006_-_Greg_Bielecki__La_Salle_College_High_School_2:25,25,Agree / Align,245,102,10,3,10,3,33,12,True,[62],[63],25,True,97b6cb637a784521b92a0c4fa223141cb1bc5292663d46734c6068f42753a82e,,"[""raw_history_b256"", ""raw_history_true_assumptions_b256"", ""raw_history_different_episode_assumptions_b256"", ""raw_history_same_episode_random_turn_assumptions_b256"", ""raw_history_explicit_b256""]"
sports:034__Looking_Ahead:0:1:h1,sports,034__Looking_Ahead,data_cleaned/conversation_moves_labeled/sports/034__Looking_Ahead.json,sports:034__Looking_Ahead:0,0,1,sports:034__Looking_Ahead:1,1,Assert / Elaborate,56,56,10,3,10,0,10,3,True,[0],[1],25,True,58363bdf8a87a5b06adfeb3206b596fce98efffbf38ad1f2fb2a3b66bfe269b8,,"[""raw_history_b256"", ""raw_history_true_assumptions_b256"", ""raw_history_different_episode_assumptions_b256"", ""raw_history_explicit_b256""]"
sports:034__Looking_Ahead:0:3:h3,sports,034__Looking_Ahead,data_cleaned/conversation_moves_labeled/sports/034__Looking_Ahead.json,sports:034__Looking_Ahead:0,0,3,sports:034__Looking_Ahead:3,3,Assert / Elaborate,56,56,10,3,10,0,10,3,True,[0],[3],25,True,4df181b64c1e4b9c9a8734c8e11e1b843927274c746ed68a48c00d9922f05fda,,"[""raw_history_b256"", ""raw_history_true_assumptions_b256"", ""raw_history_different_episode_assumptions_b256"", ""raw_history_explicit_b256""]"
sports:034__Looking_Ahead:0:5:h5,sports,034__Looking_Ahead,data_cleaned/conversation_moves_labeled/sports/034__Looking_Ahead.json,sports:034__Looking_Ahead:0,0,5,sports:034__Looking_Ahead:5,5,Assert / Elaborate,56,56,10,3,10,0,10,3,True,[0],[5],25,True,222db419a26ce8ff5e8c3c47e698208d8d7f2f7459d0f0ece3897e3430ba4cd1,,"[""raw_history_b256"", ""raw_history_true_assumptions_b256"", ""raw_history_different_episode_assumptions_b256"", ""raw_history_explicit_b256""]"
sports:034__Looking_Ahead:1:2:h1,sports,034__Looking_Ahead,data_cleaned/conversation_moves_labeled/sports/034__Looking_Ahead.json,sports:034__Looking_Ahead:1,1,1,sports:034__Looking_Ahead:2,2,Assert / Elaborate,152,108,5,3,5,1,15,6,True,[1],[2],25,True,8154840de44dfb90254f967995ee387aadf08861e38189c2c07af8d060cf9f54,,"[""raw_history_b256"", ""raw_history_true_assumptions_b256"", ""raw_history_different_episode_assumptions_b256"", ""raw_history_explicit_b256""]"
sports:034__Looking_Ahead:1:4:h3,sports,034__Looking_Ahead,data_cleaned/conversation_moves_labeled/sports/034__Looking_Ahead.json,sports:034__Looking_Ahead:1,1,3,sports:034__Looking_Ahead:4,4,Assert / Elaborate,152,108,5,3,5,1,15,6,True,[1],[4],25,True,ff4c7fdd20a5768644708d41923570d4d88944f296298eb2631ae504362c2adc,,"[""raw_history_b256"", ""raw_history_true_assumptions_b256"", ""raw_history_different_episode_assumptions_b256"", ""raw_history_explicit_b256""]"
sports:034__Looking_Ahead:1:6:h5,sports,034__Looking_Ahead,data_cleaned/conversation_moves_labeled/sports/034__Looking_Ahead.json,sports:034__Looking_Ahead:1,1,5,sports:034__Looking_Ahead:6,6,Assert / Elaborate,152,108,5,3,5,1,15,6,True,[1],[6],25,True,21c39e09786a3c74f86248153b8642c0845e48208abfe79ad7a75df6cc6d98da,,"[""raw_history_b256"", ""raw_history_true_assumptions_b256"", ""raw_history_different_episode_assumptions_b256"", ""raw_history_explicit_b256""]"
sports:034__Looking_Ahead:2:3:h1,sports,034__Looking_Ahead,data_cleaned/conversation_moves_labeled/sports/034__Looking_Ahead.json,sports:034__Looking_Ahead:2,2,1,sports:034__Looking_Ahead:3,3,Assert / Elaborate,158,102,8,3,7,2,23,9,True,[2],[3],25,True,bb12622c976ffb34c9550b31b1a836691e2ed199fba1c01955a702db38764525,,"[""raw_history_b256"", ""raw_history_true_assumptions_b256"", ""raw_history_different_episode_assumptions_b256"", ""raw_history_explicit_b256""]"
sports:034__Looking_Ahead:2:5:h3,sports,034__Looking_Ahead,data_cleaned/conversation_moves_labeled/sports/034__Looking_Ahead.json,sports:034__Looking_Ahead:2,2,3,sports:034__Looking_Ahead:5,5,Assert / Elaborate,158,102,8,3,7,2,23,9,True,[2],[5],25,True,7f7278ff536326ea0d0645a670ab8f20bdccc6434e56b7f6513e754852af0a77,,"[""raw_history_b256"", ""raw_history_true_assumptions_b256"", ""raw_history_different_episode_assumptions_b256"", ""raw_history_explicit_b256""]"
sports:034__Looking_Ahead:2:7:h5,sports,034__Looking_Ahead,data_cleaned/conversation_moves_labeled/sports/034__Looking_Ahead.json,sports:034__Looking_Ahead:2,2,5,sports:034__Looking_Ahead:7,7,Assert / Elaborate,158,102,8,3,7,2,23,9,True,[2],[7],25,True,b14227535c3feeaaa4bbd670c8b07bb09b3b166f072bdc2afde0aaab4ffb5c09,,"[""raw_history_b256"", ""raw_history_true_assumptions_b256"", ""raw_history_different_episode_assumptions_b256"", ""raw_history_explicit_b256""]"
sports:034__Looking_Ahead:3:4:h1,sports,034__Looking_Ahead,data_cleaned/conversation_moves_labeled/sports/034__Looking_Ahead.json,sports:034__Looking_Ahead:3,3,1,sports:034__Looking_Ahead:4,4,Assert / Elaborate,476,103,9,3,10,3,32,12,True,[3],[4],25,True,42ccb2fea0f23c59d7980948fef91eda73758c126cca93fcb91f63177f6bbfe1,,"[""raw_history_b256"", ""raw_history_true_assumptions_b256"", ""raw_history_different_episode_assumptions_b256"", ""raw_history_explicit_b256""]"
sports:034__Looking_Ahead:3:6:h3,sports,034__Looking_Ahead,data_cleaned/conversation_moves_labeled/sports/034__Looking_Ahead.json,sports:034__Looking_Ahead:3,3,3,sports:034__Looking_Ahead:6,6,Assert / Elaborate,476,103,9,3,10,3,32,12,True,[3],[6],25,True,d32fd9ee22524d9da3dfc235c62235d7f33e6be81a1ab6b353a3e9c34b6fba99,,"[""raw_history_b256"", ""raw_history_true_assumptions_b256"", ""raw_history_different_episode_assumptions_b256"", ""raw_history_explicit_b256""]"
sports:034__Looking_Ahead:3:8:h5,sports,034__Looking_Ahead,data_cleaned/conversation_moves_labeled/sports/034__Looking_Ahead.json,sports:034__Looking_Ahead:3,3,5,sports:034__Looking_Ahead:8,8,Assert / Elaborate,476,103,9,3,10,3,32,12,True,[3],[8],25,True,894870b750bd0d9e061961a538123a10efed5cb484e1011c27767a0945802c68,,"[""raw_history_b256"", ""raw_history_true_assumptions_b256"", ""raw_history_different_episode_assumptions_b256"", ""raw_history_explicit_b256""]"
sports:034__Looking_Ahead:4:5:h1,sports,034__Looking_Ahead,data_cleaned/conversation_moves_labeled/sports/034__Looking_Ahead.json,sports:034__Looking_Ahead:4,4,1,sports:034__Looking_Ahead:5,5,Assert / Elaborate,350,102,10,3,10,3,32,12,True,[4],[5],25,True,7bf1bf2ab9f15d463cebc2f1857a502d1b79460d1b51d49dd8ef7196c1605d71,,"[""raw_history_b256"", ""raw_history_true_assumptions_b256"", ""raw_history_different_episode_assumptions_b256"", ""raw_history_same_episode_random_turn_assumptions_b256"", ""raw_history_explicit_b256""]"
sports:034__Looking_Ahead:4:7:h3,sports,034__Looking_Ahead,data_cleaned/conversation_moves_labeled/sports/034__Looking_Ahead.json,sports:034__Looking_Ahead:4,4,3,sports:034__Looking_Ahead:7,7,Assert / Elaborate,350,102,10,3,10,3,32,12,True,[4],[7],25,True,9a1cb773bf032ab4214bdf4f0dfcb1752329b16751ba6409788808d3225465d8,,"[""raw_history_b256"", ""raw_history_true_assumptions_b256"", ""raw_history_different_episode_assumptions_b256"", ""raw_history_same_episode_random_turn_assumptions_b256"", ""raw_history_explicit_b256""]"
sports:034__Looking_Ahead:4:9:h5,sports,034__Looking_Ahead,data_cleaned/conversation_moves_labeled/sports/034__Looking_Ahead.json,sports:034__Looking_Ahead:4,4,5,sports:034__Looking_Ahead:9,9,Assert / Elaborate,350,102,10,3,10,3,32,12,True,[4],[9],25,True,6c23a524e32e4cfe4b4d51a84dcd6b1948da545e79b678305f3ca69d49a6bb78,,"[""raw_history_b256"", ""raw_history_true_assumptions_b256"", ""raw_history_different_episode_assumptions_b256"", ""raw_history_same_episode_random_turn_assumptions_b256"", ""raw_history_explicit_b256""]"
sports:034__Looking_Ahead:5:6:h1,sports,034__Looking_Ahead,data_cleaned/conversation_moves_labeled/sports/034__Looking_Ahead.json,sports:034__Looking_Ahead:5,5,1,sports:034__Looking_Ahead:6,6,Assert / Elaborate,611,105,10,3,10,3,37,12,True,[5],[6],25,True,dfe9634b2c929471d6dd1e9eb734919b0506a5fd7853d4774d286d13d7d6b0fa,,"[""raw_history_b256"", ""raw_history_true_assumptions_b256"", ""raw_history_different_episode_assumptions_b256"", ""raw_history_same_episode_random_turn_assumptions_b256"", ""raw_history_explicit_b256""]"
sports:034__Looking_Ahead:5:8:h3,sports,034__Looking_Ahead,data_cleaned/conversation_moves_labeled/sports/034__Looking_Ahead.json,sports:034__Looking_Ahead:5,5,3,sports:034__Looking_Ahead:8,8,Assert / Elaborate,611,105,10,3,10,3,37,12,True,[5],[8],25,True,6def49cb769e1927197e3b508b4e784c8c8d8f83526a421732dd60ad2e0b4e5f,,"[""raw_history_b256"", ""raw_history_true_assumptions_b256"", ""raw_history_different_episode_assumptions_b256"", ""raw_history_same_episode_random_turn_assumptions_b256"", ""raw_history_explicit_b256""]"
sports:034__Looking_Ahead:5:10:h5,sports,034__Looking_Ahead,data_cleaned/conversation_moves_labeled/sports/034__Looking_Ahead.json,sports:034__Looking_Ahead:5,5,5,sports:034__Looking_Ahead:10,10,Agree / Align,611,105,10,3,10,3,37,12,True,[5],[10],25,True,44da856ac591459fb536b960839d779192e63f85b6ba3cf7b9d2e9e36a8364c2,,"[""raw_history_b256"", ""raw_history_true_assumptions_b256"", ""raw_history_different_episode_assumptions_b256"", ""raw_history_same_episode_random_turn_assumptions_b256"", ""raw_history_explicit_b256""]"
sports:034__Looking_Ahead:6:7:h1,sports,034__Looking_Ahead,data_cleaned/conversation_moves_labeled/sports/034__Looking_Ahead.json,sports:034__Looking_Ahead:6,6,1,sports:034__Looking_Ahead:7,7,Assert / Elaborate,280,102,10,3,10,3,39,12,True,[6],[7],25,True,764c33a4e042060ea082ac95d812c443d6140c196906c3baebd17612860947b5,,"[""raw_history_b256"", ""raw_history_true_assumptions_b256"", ""raw_history_different_episode_assumptions_b256"", ""raw_history_same_episode_random_turn_assumptions_b256"", ""raw_history_explicit_b256""]"
sports:034__Looking_Ahead:6:9:h3,sports,034__Looking_Ahead,data_cleaned/conversation_moves_labeled/sports/034__Looking_Ahead.json,sports:034__Looking_Ahead:6,6,3,sports:034__Looking_Ahead:9,9,Assert / Elaborate,280,102,10,3,10,3,39,12,True,[6],[9],25,True,48b02c9d3262d7706813687f99c6fee93fd617f006d8f5bc5e28981c299a79a8,,"[""raw_history_b256"", ""raw_history_true_assumptions_b256"", ""raw_history_different_episode_assumptions_b256"", ""raw_history_same_episode_random_turn_assumptions_b256"", ""raw_history_explicit_b256""]"
sports:034__Looking_Ahead:6:11:h5,sports,034__Looking_Ahead,data_cleaned/conversation_moves_labeled/sports/034__Looking_Ahead.json,sports:034__Looking_Ahead:6,6,5,sports:034__Looking_Ahead:11,11,Assert / Elaborate,280,102,10,3,10,3,39,12,True,[6],[11],25,True,075ec90173513b7f2b7153b8cf7c5ff7f42ca110dbc277252a02dc3f01df90d7,,"[""raw_history_b256"", ""raw_history_true_assumptions_b256"", ""raw_history_different_episode_assumptions_b256"", ""raw_history_same_episode_random_turn_assumptions_b256"", ""raw_history_explicit_b256""]"
sports:034__Looking_Ahead:7:8:h1,sports,034__Looking_Ahead,data_cleaned/conversation_moves_labeled/sports/034__Looking_Ahead.json,sports:034__Looking_Ahead:7,7,1,sports:034__Looking_Ahead:8,8,Assert / Elaborate,514,101,0,0,0,3,30,9,True,[7],[8],25,True,8fdd6441a579e496362d8ceb679394568b99e40e98aa6a068d891e308a91b023,,"[""raw_history_b256""]"
sports:034__Looking_Ahead:7:10:h3,sports,034__Looking_Ahead,data_cleaned/conversation_moves_labeled/sports/034__Looking_Ahead.json,sports:034__Looking_Ahead:7,7,3,sports:034__Looking_Ahead:10,10,Agree / Align,514,101,0,0,0,3,30,9,True,[7],[10],25,True,d78996ae44a21afc896b7fd60c92127ff0673f663a3f5bb1644b2fa5bcd99405,,"[""raw_history_b256""]"
sports:034__Looking_Ahead:7:12:h5,sports,034__Looking_Ahead,data_cleaned/conversation_moves_labeled/sports/034__Looking_Ahead.json,sports:034__Looking_Ahead:7,7,5,sports:034__Looking_Ahead:12,12,Assert / Elaborate,514,101,0,0,0,3,30,9,True,[7],[12],25,True,dc7b00f24f617f3e61b382d4aeb2ef5656ab57bb23202c2fe977ba687d65a5e6,,"[""raw_history_b256""]"
sports:034__Looking_Ahead:8:9:h1,sports,034__Looking_Ahead,data_cleaned/conversation_moves_labeled/sports/034__Looking_Ahead.json,sports:034__Looking_Ahead:8,8,1,sports:034__Looking_Ahead:9,9,Assert / Elaborate,430,103,10,3,10,3,30,9,True,[8],[9],25,True,cec3c9ea5cb943fe0a2548c68d25c1bfbccf54627439f672dea682399c80f3a2,,"[""raw_history_b256"", ""raw_history_true_assumptions_b256"", ""raw_history_different_episode_assumptions_b256"", ""raw_history_same_episode_random_turn_assumptions_b256"", ""raw_history_explicit_b256""]"
sports:034__Looking_Ahead:8:11:h3,sports,034__Looking_Ahead,data_cleaned/conversation_moves_labeled/sports/034__Looking_Ahead.json,sports:034__Looking_Ahead:8,8,3,sports:034__Looking_Ahead:11,11,Assert / Elaborate,430,103,10,3,10,3,30,9,True,[8],[11],25,True,c4d355a2cc09ac9bfd07ad7c2f940412279c89fea310f7f0143703c057f0b701,,"[""raw_history_b256"", ""raw_history_true_assumptions_b256"", ""raw_history_different_episode_assumptions_b256"", ""raw_history_same_episode_random_turn_assumptions_b256"", ""raw_history_explicit_b256""]"
sports:034__Looking_Ahead:8:13:h5,sports,034__Looking_Ahead,data_cleaned/conversation_moves_labeled/sports/034__Looking_Ahead.json,sports:034__Looking_Ahead:8,8,5,sports:034__Looking_Ahead:13,13,Assert / Elaborate,430,103,10,3,10,3,30,9,True,[8],[13],25,True,1ca9eeb7a5868088f541dadfc3be3bd52081e890007be4778ec7e30403a87165,,"[""raw_history_b256"", ""raw_history_true_assumptions_b256"", ""raw_history_different_episode_assumptions_b256"", ""raw_history_same_episode_random_turn_assumptions_b256"", ""raw_history_explicit_b256""]"
sports:034__Looking_Ahead:9:10:h1,sports,034__Looking_Ahead,data_cleaned/conversation_moves_labeled/sports/034__Looking_Ahead.json,sports:034__Looking_Ahead:9,9,1,sports:034__Looking_Ahead:10,10,Agree / Align,363,105,10,3,10,3,30,9,True,[9],[10],25,True,a6a6f67108cf7568b21aed73257790b128d00db674b33beb91a130bea8227226,,"[""raw_history_b256"", ""raw_history_true_assumptions_b256"", ""raw_history_different_episode_assumptions_b256"", ""raw_history_same_episode_random_turn_assumptions_b256"", ""raw_history_explicit_b256""]"
sports:034__Looking_Ahead:9:12:h3,sports,034__Looking_Ahead,data_cleaned/conversation_moves_labeled/sports/034__Looking_Ahead.json,sports:034__Looking_Ahead:9,9,3,sports:034__Looking_Ahead:12,12,Assert / Elaborate,363,105,10,3,10,3,30,9,True,[9],[12],25,True,f3dbd24cf4e187ef86ed045fbba67a518a8b3b3673e5a63d88c3cb43dbed30b1,,"[""raw_history_b256"", ""raw_history_true_assumptions_b256"", ""raw_history_different_episode_assumptions_b256"", ""raw_history_same_episode_random_turn_assumptions_b256"", ""raw_history_explicit_b256""]"
sports:034__Looking_Ahead:9:14:h5,sports,034__Looking_Ahead,data_cleaned/conversation_moves_labeled/sports/034__Looking_Ahead.json,sports:034__Looking_Ahead:9,9,5,sports:034__Looking_Ahead:14,14,Answer,363,105,10,3,10,3,30,9,True,[9],[14],25,True,5f3f983924bf4f2ed0a2de953c2d1ac82d6dbd7998a3cd350af92d7791356e2d,,"[""raw_history_b256"", ""raw_history_true_assumptions_b256"", ""raw_history_different_episode_assumptions_b256"", ""raw_history_same_episode_random_turn_assumptions_b256"", ""raw_history_explicit_b256""]"
sports:034__Looking_Ahead:10:11:h1,sports,034__Looking_Ahead,data_cleaned/conversation_moves_labeled/sports/034__Looking_Ahead.json,sports:034__Looking_Ahead:10,10,1,sports:034__Looking_Ahead:11,11,Assert / Elaborate,463,104,10,3,10,3,30,9,True,[10],[11],25,True,2fc171b2ac87bec7d4ebd869efd63fed53bd667fa3018eb530ead88306758e23,,"[""raw_history_b256"", ""raw_history_true_assumptions_b256"", ""raw_history_different_episode_assumptions_b256"", ""raw_history_same_episode_random_turn_assumptions_b256"", ""raw_history_explicit_b256""]"
sports:034__Looking_Ahead:10:13:h3,sports,034__Looking_Ahead,data_cleaned/conversation_moves_labeled/sports/034__Looking_Ahead.json,sports:034__Looking_Ahead:10,10,3,sports:034__Looking_Ahead:13,13,Assert / Elaborate,463,104,10,3,10,3,30,9,True,[10],[13],25,True,364c7d7fd96b23d75892badc4a2f68c87e2e8daa6d33072f41e555678f58ae98,,"[""raw_history_b256"", ""raw_history_true_assumptions_b256"", ""raw_history_different_episode_assumptions_b256"", ""raw_history_same_episode_random_turn_assumptions_b256"", ""raw_history_explicit_b256""]"
sports:034__Looking_Ahead:10:15:h5,sports,034__Looking_Ahead,data_cleaned/conversation_moves_labeled/sports/034__Looking_Ahead.json,sports:034__Looking_Ahead:10,10,5,sports:034__Looking_Ahead:15,15,Assert / Elaborate,463,104,10,3,10,3,30,9,True,[10],[15],25,True,7ac3166dd339056473418c3be8455a1b2026b822466b3c11ec1405beea3b4c2c,,"[""raw_history_b256"", ""raw_history_true_assumptions_b256"", ""raw_history_different_episode_assumptions_b256"", ""raw_history_same_episode_random_turn_assumptions_b256"", ""raw_history_explicit_b256""]"
sports:034__Looking_Ahead:11:12:h1,sports,034__Looking_Ahead,data_cleaned/conversation_moves_labeled/sports/034__Looking_Ahead.json,sports:034__Looking_Ahead:11,11,1,sports:034__Looking_Ahead:12,12,Assert / Elaborate,426,107,10,3,10,3,40,12,True,[11],[12],25,True,3dc080b50b96297a757dc3091cf8c4a93ab9ad68372697812c1876a7e5f3a6c3,,"[""raw_history_b256"", ""raw_history_true_assumptions_b256"", ""raw_history_different_episode_assumptions_b256"", ""raw_history_same_episode_random_turn_assumptions_b256"", ""raw_history_explicit_b256""]"
sports:034__Looking_Ahead:11:14:h3,sports,034__Looking_Ahead,data_cleaned/conversation_moves_labeled/sports/034__Looking_Ahead.json,sports:034__Looking_Ahead:11,11,3,sports:034__Looking_Ahead:14,14,Answer,426,107,10,3,10,3,40,12,True,[11],[14],25,True,1ff236dfdd91e05274feaec05dcbf4320b7500ec865b0046cbe86bfdde1f5f15,,"[""raw_history_b256"", ""raw_history_true_assumptions_b256"", ""raw_history_different_episode_assumptions_b256"", ""raw_history_same_episode_random_turn_assumptions_b256"", ""raw_history_explicit_b256""]"
sports:034__Looking_Ahead:11:16:h5,sports,034__Looking_Ahead,data_cleaned/conversation_moves_labeled/sports/034__Looking_Ahead.json,sports:034__Looking_Ahead:11,11,5,sports:034__Looking_Ahead:16,16,Assert / Elaborate,426,107,10,3,10,3,40,12,True,[11],[16],25,True,7f88a7fbcac4e94be27ebbac3a3fb828d31bedac00ae6cf9b1d5f75bd8534733,,"[""raw_history_b256"", ""raw_history_true_assumptions_b256"", ""raw_history_different_episode_assumptions_b256"", ""raw_history_same_episode_random_turn_assumptions_b256"", ""raw_history_explicit_b256""]"
sports:034__Looking_Ahead:12:13:h1,sports,034__Looking_Ahead,data_cleaned/conversation_moves_labeled/sports/034__Looking_Ahead.json,sports:034__Looking_Ahead:12,12,1,sports:034__Looking_Ahead:13,13,Assert / Elaborate,405,103,10,3,10,3,40,12,True,[12],[13],25,True,011c0b57739a471518a234cd3e1f35ca67f8e13e04bd7344bd0df4acaf5c731c,,"[""raw_history_b256"", ""raw_history_true_assumptions_b256"", ""raw_history_different_episode_assumptions_b256"", ""raw_history_same_episode_random_turn_assumptions_b256"", ""raw_history_explicit_b256""]"
sports:034__Looking_Ahead:12:15:h3,sports,034__Looking_Ahead,data_cleaned/conversation_moves_labeled/sports/034__Looking_Ahead.json,sports:034__Looking_Ahead:12,12,3,sports:034__Looking_Ahead:15,15,Assert / Elaborate,405,103,10,3,10,3,40,12,True,[12],[15],25,True,10019654dd574384697a56e38e61b5a80500c7fe84385efc2685d90153ce92e3,,"[""raw_history_b256"", ""raw_history_true_assumptions_b256"", ""raw_history_different_episode_assumptions_b256"", ""raw_history_same_episode_random_turn_assumptions_b256"", ""raw_history_explicit_b256""]"
sports:034__Looking_Ahead:12:17:h5,sports,034__Looking_Ahead,data_cleaned/conversation_moves_labeled/sports/034__Looking_Ahead.json,sports:034__Looking_Ahead:12,12,5,sports:034__Looking_Ahead:17,17,Assert / Elaborate,405,103,10,3,10,3,40,12,True,[12],[17],25,True,fe37c59d631d77249db6c1162c80754999dca141c13229269f46d7837bbdfd50,,"[""raw_history_b256"", ""raw_history_true_assumptions_b256"", ""raw_history_different_episode_assumptions_b256"", ""raw_history_same_episode_random_turn_assumptions_b256"", ""raw_history_explicit_b256""]"
sports:034__Looking_Ahead:13:14:h1,sports,034__Looking_Ahead,data_cleaned/conversation_moves_labeled/sports/034__Looking_Ahead.json,sports:034__Looking_Ahead:13,13,1,sports:034__Looking_Ahead:14,14,Answer,265,106,10,3,10,3,40,12,True,[13],[14],25,True,7553a1060dab3cb21125c5f1449cb87a3b817dbf4ed30a8ff2f44c7f0482fc96,,"[""raw_history_b256"", ""raw_history_true_assumptions_b256"", ""raw_history_different_episode_assumptions_b256"", ""raw_history_same_episode_random_turn_assumptions_b256"", ""raw_history_explicit_b256""]"
sports:034__Looking_Ahead:13:16:h3,sports,034__Looking_Ahead,data_cleaned/conversation_moves_labeled/sports/034__Looking_Ahead.json,sports:034__Looking_Ahead:13,13,3,sports:034__Looking_Ahead:16,16,Assert / Elaborate,265,106,10,3,10,3,40,12,True,[13],[16],25,True,b1d0559bbd40419b003a253e9de67fabc26ad3a9a31b87da7005f43f403587c2,,"[""raw_history_b256"", ""raw_history_true_assumptions_b256"", ""raw_history_different_episode_assumptions_b256"", ""raw_history_same_episode_random_turn_assumptions_b256"", ""raw_history_explicit_b256""]"
sports:034__Looking_Ahead:13:18:h5,sports,034__Looking_Ahead,data_cleaned/conversation_moves_labeled/sports/034__Looking_Ahead.json,sports:034__Looking_Ahead:13,13,5,sports:034__Looking_Ahead:18,18,Answer,265,106,10,3,10,3,40,12,True,[13],[18],25,True,9748ca61d290b61e334d025f0a20a6be4be4fb01d64521df86c8068795896e52,,"[""raw_history_b256"", ""raw_history_true_assumptions_b256"", ""raw_history_different_episode_assumptions_b256"", ""raw_history_same_episode_random_turn_assumptions_b256"", ""raw_history_explicit_b256""]"
sports:034__Looking_Ahead:14:15:h1,sports,034__Looking_Ahead,data_cleaned/conversation_moves_labeled/sports/034__Looking_Ahead.json,sports:034__Looking_Ahead:14,14,1,sports:034__Looking_Ahead:15,15,Assert / Elaborate,330,101,10,3,10,3,40,12,True,[14],[15],25,True,d5f7b2dffa840b4adb40a8db8ee67271c33ebead8aef43d9551735ae2ed75b23,,"[""raw_history_b256"", ""raw_history_true_assumptions_b256"", ""raw_history_different_episode_assumptions_b256"", ""raw_history_same_episode_random_turn_assumptions_b256"", ""raw_history_explicit_b256""]"
sports:034__Looking_Ahead:14:17:h3,sports,034__Looking_Ahead,data_cleaned/conversation_moves_labeled/sports/034__Looking_Ahead.json,sports:034__Looking_Ahead:14,14,3,sports:034__Looking_Ahead:17,17,Assert / Elaborate,330,101,10,3,10,3,40,12,True,[14],[17],25,True,b58441468dd379bf6be158a0c42b853c08200ed0589e0d1af9534ad3671afb19,,"[""raw_history_b256"", ""raw_history_true_assumptions_b256"", ""raw_history_different_episode_assumptions_b256"", ""raw_history_same_episode_random_turn_assumptions_b256"", ""raw_history_explicit_b256""]"
sports:034__Looking_Ahead:14:19:h5,sports,034__Looking_Ahead,data_cleaned/conversation_moves_labeled/sports/034__Looking_Ahead.json,sports:034__Looking_Ahead:14,14,5,sports:034__Looking_Ahead:19,19,Answer,330,101,10,3,10,3,40,12,True,[14],[19],25,True,d0bef775dad6198ef9add60b3c1208b198b3dc1b398c6d0fd5cf93bd4e8bd45f,,"[""raw_history_b256"", ""raw_history_true_assumptions_b256"", ""raw_history_different_episode_assumptions_b256"", ""raw_history_same_episode_random_turn_assumptions_b256"", ""raw_history_explicit_b256""]"
sports:034__Looking_Ahead:15:16:h1,sports,034__Looking_Ahead,data_cleaned/conversation_moves_labeled/sports/034__Looking_Ahead.json,sports:034__Looking_Ahead:15,15,1,sports:034__Looking_Ahead:16,16,Assert / Elaborate,446,106,10,3,10,3,40,12,True,[15],[16],25,True,7f4d596ea03a87e31ef835f660f4e15117634e8058254b4a3f545e86263d277c,,"[""raw_history_b256"", ""raw_history_true_assumptions_b256"", ""raw_history_different_episode_assumptions_b256"", ""raw_history_same_episode_random_turn_assumptions_b256"", ""raw_history_explicit_b256""]"
sports:034__Looking_Ahead:15:18:h3,sports,034__Looking_Ahead,data_cleaned/conversation_moves_labeled/sports/034__Looking_Ahead.json,sports:034__Looking_Ahead:15,15,3,sports:034__Looking_Ahead:18,18,Answer,446,106,10,3,10,3,40,12,True,[15],[18],25,True,fb8121605404ba2f3d92d25a6c95811d75e2bdb3c1ec7967f3191e6d107e7f3e,,"[""raw_history_b256"", ""raw_history_true_assumptions_b256"", ""raw_history_different_episode_assumptions_b256"", ""raw_history_same_episode_random_turn_assumptions_b256"", ""raw_history_explicit_b256""]"
sports:034__Looking_Ahead:15:20:h5,sports,034__Looking_Ahead,data_cleaned/conversation_moves_labeled/sports/034__Looking_Ahead.json,sports:034__Looking_Ahead:15,15,5,sports:034__Looking_Ahead:20,20,Agree / Align,446,106,10,3,10,3,40,12,True,[15],[20],25,True,f7d05760e76e328a30be38d3bbcbf924a66d2dce4335c839efa6de2c8f795975,,"[""raw_history_b256"", ""raw_history_true_assumptions_b256"", ""raw_history_different_episode_assumptions_b256"", ""raw_history_same_episode_random_turn_assumptions_b256"", ""raw_history_explicit_b256""]"
sports:034__Looking_Ahead:16:17:h1,sports,034__Looking_Ahead,data_cleaned/conversation_moves_labeled/sports/034__Looking_Ahead.json,sports:034__Looking_Ahead:16,16,1,sports:034__Looking_Ahead:17,17,Assert / Elaborate,372,108,10,3,10,3,40,12,True,[16],[17],25,True,9752729d01aebc780f3b0b31c5a0c4520f3791e42610ced1bc4b5192b21f2aeb,,"[""raw_history_b256"", ""raw_history_true_assumptions_b256"", ""raw_history_different_episode_assumptions_b256"", ""raw_history_same_episode_random_turn_assumptions_b256"", ""raw_history_explicit_b256""]"
sports:034__Looking_Ahead:16:19:h3,sports,034__Looking_Ahead,data_cleaned/conversation_moves_labeled/sports/034__Looking_Ahead.json,sports:034__Looking_Ahead:16,16,3,sports:034__Looking_Ahead:19,19,Answer,372,108,10,3,10,3,40,12,True,[16],[19],25,True,2a618e69ce07be829e1a673a581664e7cf6ec658286e181f65e380aa891dacbe,,"[""raw_history_b256"", ""raw_history_true_assumptions_b256"", ""raw_history_different_episode_assumptions_b256"", ""raw_history_same_episode_random_turn_assumptions_b256"", ""raw_history_explicit_b256""]"
sports:034__Looking_Ahead:16:21:h5,sports,034__Looking_Ahead,data_cleaned/conversation_moves_labeled/sports/034__Looking_Ahead.json,sports:034__Looking_Ahead:16,16,5,sports:034__Looking_Ahead:21,21,Assert / Elaborate,372,108,10,3,10,3,40,12,True,[16],[21],25,True,8e0ae475cbc9971b687a3ed8f81a84c7c39a57c1fc9b9a987339b135bf3cfa4c,,"[""raw_history_b256"", ""raw_history_true_assumptions_b256"", ""raw_history_different_episode_assumptions_b256"", ""raw_history_same_episode_random_turn_assumptions_b256"", ""raw_history_explicit_b256""]"
sports:034__Looking_Ahead:17:18:h1,sports,034__Looking_Ahead,data_cleaned/conversation_moves_labeled/sports/034__Looking_Ahead.json,sports:034__Looking_Ahead:17,17,1,sports:034__Looking_Ahead:18,18,Answer,462,103,10,3,10,3,40,12,True,[17],[18],25,True,9a77079f4b38a82d73910f7eef5f6cf5610842549aadc3401b1c7748b84a1a8d,,"[""raw_history_b256"", ""raw_history_true_assumptions_b256"", ""raw_history_different_episode_assumptions_b256"", ""raw_history_same_episode_random_turn_assumptions_b256"", ""raw_history_explicit_b256""]"
sports:034__Looking_Ahead:17:20:h3,sports,034__Looking_Ahead,data_cleaned/conversation_moves_labeled/sports/034__Looking_Ahead.json,sports:034__Looking_Ahead:17,17,3,sports:034__Looking_Ahead:20,20,Agree / Align,462,103,10,3,10,3,40,12,True,[17],[20],25,True,840e3ff137148c5c369bf73089a8a0439c4e8e1b77aa977059c300345f0d5471,,"[""raw_history_b256"", ""raw_history_true_assumptions_b256"", ""raw_history_different_episode_assumptions_b256"", ""raw_history_same_episode_random_turn_assumptions_b256"", ""raw_history_explicit_b256""]"
sports:034__Looking_Ahead:17:22:h5,sports,034__Looking_Ahead,data_cleaned/conversation_moves_labeled/sports/034__Looking_Ahead.json,sports:034__Looking_Ahead:17,17,5,sports:034__Looking_Ahead:22,22,Clarification Request (Specific),462,103,10,3,10,3,40,12,True,[17],[22],25,True,06fa4fac350ca41c6a63ef9b21d71b61840a795ffb7e99e79a8aa1e065c6ddf0,,"[""raw_history_b256"", ""raw_history_true_assumptions_b256"", ""raw_history_different_episode_assumptions_b256"", ""raw_history_same_episode_random_turn_assumptions_b256"", ""raw_history_explicit_b256""]"
sports:034__Looking_Ahead:18:19:h1,sports,034__Looking_Ahead,data_cleaned/conversation_moves_labeled/sports/034__Looking_Ahead.json,sports:034__Looking_Ahead:18,18,1,sports:034__Looking_Ahead:19,19,Answer,248,104,10,3,10,3,40,12,True,[18],[19],25,True,438570013428931df4ba651badd4ab144de845ce5d75082dbb629db6dad7f761,,"[""raw_history_b256"", ""raw_history_true_assumptions_b256"", ""raw_history_different_episode_assumptions_b256"", ""raw_history_same_episode_random_turn_assumptions_b256"", ""raw_history_explicit_b256""]"
sports:034__Looking_Ahead:18:21:h3,sports,034__Looking_Ahead,data_cleaned/conversation_moves_labeled/sports/034__Looking_Ahead.json,sports:034__Looking_Ahead:18,18,3,sports:034__Looking_Ahead:21,21,Assert / Elaborate,248,104,10,3,10,3,40,12,True,[18],[21],25,True,f18ea00cd739d9fef51376613d8676692f8e88e65a00ece97d24e3c6784c8476,,"[""raw_history_b256"", ""raw_history_true_assumptions_b256"", ""raw_history_different_episode_assumptions_b256"", ""raw_history_same_episode_random_turn_assumptions_b256"", ""raw_history_explicit_b256""]"
sports:034__Looking_Ahead:18:23:h5,sports,034__Looking_Ahead,data_cleaned/conversation_moves_labeled/sports/034__Looking_Ahead.json,sports:034__Looking_Ahead:18,18,5,sports:034__Looking_Ahead:23,23,Assert / Elaborate,248,104,10,3,10,3,40,12,True,[18],[23],25,True,7675b8f304ee435c574397b5e9be745d32f6159ecfc79a62e02498bdf7695fb7,,"[""raw_history_b256"", ""raw_history_true_assumptions_b256"", ""raw_history_different_episode_assumptions_b256"", ""raw_history_same_episode_random_turn_assumptions_b256"", ""raw_history_explicit_b256""]"
sports:034__Looking_Ahead:19:20:h1,sports,034__Looking_Ahead,data_cleaned/conversation_moves_labeled/sports/034__Looking_Ahead.json,sports:034__Looking_Ahead:19,19,1,sports:034__Looking_Ahead:20,20,Agree / Align,194,101,10,3,10,3,40,12,True,[19],[20],25,True,7f81e3d002f355cb1426a970e08a86b5f1f3cc6832cd52c2e18b78917e843d7a,,"[""raw_history_b256"", ""raw_history_true_assumptions_b256"", ""raw_history_different_episode_assumptions_b256"", ""raw_history_same_episode_random_turn_assumptions_b256"", ""raw_history_explicit_b256""]"
sports:034__Looking_Ahead:19:22:h3,sports,034__Looking_Ahead,data_cleaned/conversation_moves_labeled/sports/034__Looking_Ahead.json,sports:034__Looking_Ahead:19,19,3,sports:034__Looking_Ahead:22,22,Clarification Request (Specific),194,101,10,3,10,3,40,12,True,[19],[22],25,True,1204426f5c348e09e8346d2cfcae5cdaaf3ee6aaba547ea4e5418908832c1e5d,,"[""raw_history_b256"", ""raw_history_true_assumptions_b256"", ""raw_history_different_episode_assumptions_b256"", ""raw_history_same_episode_random_turn_assumptions_b256"", ""raw_history_explicit_b256""]"
sports:034__Looking_Ahead:19:24:h5,sports,034__Looking_Ahead,data_cleaned/conversation_moves_labeled/sports/034__Looking_Ahead.json,sports:034__Looking_Ahead:19,19,5,sports:034__Looking_Ahead:24,24,Assert / Elaborate,194,101,10,3,10,3,40,12,True,[19],[24],25,True,a32953639b772e24a2a07e82452a2746d00ed6e1ebcce5e85c92ff46a9bae54d,,"[""raw_history_b256"", ""raw_history_true_assumptions_b256"", ""raw_history_different_episode_assumptions_b256"", ""raw_history_same_episode_random_turn_assumptions_b256"", ""raw_history_explicit_b256""]"
sports:034__Looking_Ahead:20:21:h1,sports,034__Looking_Ahead,data_cleaned/conversation_moves_labeled/sports/034__Looking_Ahead.json,sports:034__Looking_Ahead:20,20,1,sports:034__Looking_Ahead:21,21,Assert / Elaborate,167,101,10,3,10,3,40,12,True,[20],[21],25,True,0e072bbbc2eae745fd6b3ce086ec4e3d9e66ff58b63a6d4271f3190590fdf726,,"[""raw_history_b256"", ""raw_history_true_assumptions_b256"", ""raw_history_different_episode_assumptions_b256"", ""raw_history_same_episode_random_turn_assumptions_b256"", ""raw_history_explicit_b256""]"
sports:034__Looking_Ahead:20:23:h3,sports,034__Looking_Ahead,data_cleaned/conversation_moves_labeled/sports/034__Looking_Ahead.json,sports:034__Looking_Ahead:20,20,3,sports:034__Looking_Ahead:23,23,Assert / Elaborate,167,101,10,3,10,3,40,12,True,[20],[23],25,True,c81fb8da85f5ab393f1ff9b925a678334a4ec28db17ea30e7390d6030527a12a,,"[""raw_history_b256"", ""raw_history_true_assumptions_b256"", ""raw_history_different_episode_assumptions_b256"", ""raw_history_same_episode_random_turn_assumptions_b256"", ""raw_history_explicit_b256""]"
sports:034__Looking_Ahead:20:25:h5,sports,034__Looking_Ahead,data_cleaned/conversation_moves_labeled/sports/034__Looking_Ahead.json,sports:034__Looking_Ahead:20,20,5,sports:034__Looking_Ahead:25,25,Assert / Elaborate,167,101,10,3,10,3,40,12,True,[20],[25],25,True,801a8716957dd8c58ef7fa519773d021a5fb3d7e03253cc717f40d5a9e809aea,,"[""raw_history_b256"", ""raw_history_true_assumptions_b256"", ""raw_history_different_episode_assumptions_b256"", ""raw_history_same_episode_random_turn_assumptions_b256"", ""raw_history_explicit_b256""]"
sports:034__Looking_Ahead:21:22:h1,sports,034__Looking_Ahead,data_cleaned/conversation_moves_labeled/sports/034__Looking_Ahead.json,sports:034__Looking_Ahead:21,21,1,sports:034__Looking_Ahead:22,22,Clarification Request (Specific),434,104,10,3,10,3,40,12,True,[21],[22],25,True,b656d866088135278e524345facd734146b3d8fa7b703b5931ef69306f096bd6,,"[""raw_history_b256"", ""raw_history_true_assumptions_b256"", ""raw_history_different_episode_assumptions_b256"", ""raw_history_same_episode_random_turn_assumptions_b256"", ""raw_history_explicit_b256""]"
sports:034__Looking_Ahead:21:24:h3,sports,034__Looking_Ahead,data_cleaned/conversation_moves_labeled/sports/034__Looking_Ahead.json,sports:034__Looking_Ahead:21,21,3,sports:034__Looking_Ahead:24,24,Assert / Elaborate,434,104,10,3,10,3,40,12,True,[21],[24],25,True,edf1b5c8bd678d70ce0c1e1289f77774abbcbe71deb54fd8cda1040bb030586f,,"[""raw_history_b256"", ""raw_history_true_assumptions_b256"", ""raw_history_different_episode_assumptions_b256"", ""raw_history_same_episode_random_turn_assumptions_b256"", ""raw_history_explicit_b256""]"
sports:034__Looking_Ahead:21:26:h5,sports,034__Looking_Ahead,data_cleaned/conversation_moves_labeled/sports/034__Looking_Ahead.json,sports:034__Looking_Ahead:21,21,5,sports:034__Looking_Ahead:26,26,Assert / Elaborate,434,104,10,3,10,3,40,12,True,[21],[26],25,True,838bbe4d65b06276c619ac8b1d31923dadb18eebd400b00ca718b02a2d66461d,,"[""raw_history_b256"", ""raw_history_true_assumptions_b256"", ""raw_history_different_episode_assumptions_b256"", ""raw_history_same_episode_random_turn_assumptions_b256"", ""raw_history_explicit_b256""]"
sports:034__Looking_Ahead:22:23:h1,sports,034__Looking_Ahead,data_cleaned/conversation_moves_labeled/sports/034__Looking_Ahead.json,sports:034__Looking_Ahead:22,22,1,sports:034__Looking_Ahead:23,23,Assert / Elaborate,366,101,10,3,10,3,40,12,True,[22],[23],25,True,2100e92ce5f7d2f2ce21a987e833363ddfe418d820187f231b67cfed2948e1ed,,"[""raw_history_b256"", ""raw_history_true_assumptions_b256"", ""raw_history_different_episode_assumptions_b256"", ""raw_history_same_episode_random_turn_assumptions_b256"", ""raw_history_explicit_b256""]"
sports:034__Looking_Ahead:22:25:h3,sports,034__Looking_Ahead,data_cleaned/conversation_moves_labeled/sports/034__Looking_Ahead.json,sports:034__Looking_Ahead:22,22,3,sports:034__Looking_Ahead:25,25,Assert / Elaborate,366,101,10,3,10,3,40,12,True,[22],[25],25,True,09d66cbeea8035a6beb795e7903dd0d401141b6219948952503baeed2055310b,,"[""raw_history_b256"", ""raw_history_true_assumptions_b256"", ""raw_history_different_episode_assumptions_b256"", ""raw_history_same_episode_random_turn_assumptions_b256"", ""raw_history_explicit_b256""]"
sports:034__Looking_Ahead:22:27:h5,sports,034__Looking_Ahead,data_cleaned/conversation_moves_labeled/sports/034__Looking_Ahead.json,sports:034__Looking_Ahead:22,22,5,sports:034__Looking_Ahead:27,27,Assert / Elaborate,366,101,10,3,10,3,40,12,True,[22],[27],25,True,7efd3a1cf0c99d1bd88886f3d46f667bd364d7327f794a632d1e196af272956d,,"[""raw_history_b256"", ""raw_history_true_assumptions_b256"", ""raw_history_different_episode_assumptions_b256"", ""raw_history_same_episode_random_turn_assumptions_b256"", ""raw_history_explicit_b256""]"
sports:034__Looking_Ahead:23:24:h1,sports,034__Looking_Ahead,data_cleaned/conversation_moves_labeled/sports/034__Looking_Ahead.json,sports:034__Looking_Ahead:23,23,1,sports:034__Looking_Ahead:24,24,Assert / Elaborate,379,109,10,3,9,3,40,12,True,[23],[24],25,True,18fe38bbabb825d183c7defa0fd131386f3c7585a10a75539fa1d12a0fab300c,,"[""raw_history_b256"", ""raw_history_true_assumptions_b256"", ""raw_history_different_episode_assumptions_b256"", ""raw_history_same_episode_random_turn_assumptions_b256"", ""raw_history_explicit_b256""]"
sports:034__Looking_Ahead:23:26:h3,sports,034__Looking_Ahead,data_cleaned/conversation_moves_labeled/sports/034__Looking_Ahead.json,sports:034__Looking_Ahead:23,23,3,sports:034__Looking_Ahead:26,26,Assert / Elaborate,379,109,10,3,9,3,40,12,True,[23],[26],25,True,d9afe31635d1967b710b9b968711fc2a39fd5d07f6e44b3d9a38a2092058efd1,,"[""raw_history_b256"", ""raw_history_true_assumptions_b256"", ""raw_history_different_episode_assumptions_b256"", ""raw_history_same_episode_random_turn_assumptions_b256"", ""raw_history_explicit_b256""]"
sports:034__Looking_Ahead:23:28:h5,sports,034__Looking_Ahead,data_cleaned/conversation_moves_labeled/sports/034__Looking_Ahead.json,sports:034__Looking_Ahead:23,23,5,sports:034__Looking_Ahead:28,28,Assert / Elaborate,379,109,10,3,9,3,40,12,True,[23],[28],25,True,2d1500e1d22264c961cc532c6e2f3aa64ff0bf877663a1f2c360eae53542f42a,,"[""raw_history_b256"", ""raw_history_true_assumptions_b256"", ""raw_history_different_episode_assumptions_b256"", ""raw_history_same_episode_random_turn_assumptions_b256"", ""raw_history_explicit_b256""]"
sports:034__Looking_Ahead:24:25:h1,sports,034__Looking_Ahead,data_cleaned/conversation_moves_labeled/sports/034__Looking_Ahead.json,sports:034__Looking_Ahead:24,24,1,sports:034__Looking_Ahead:25,25,Assert / Elaborate,473,105,10,3,10,3,40,12,True,[24],[25],25,True,f63183a4754bd0859b1ead0b7cb2f522836bd89170e9d667c8d91a1d52ed2a2d,,"[""raw_history_b256"", ""raw_history_true_assumptions_b256"", ""raw_history_different_episode_assumptions_b256"", ""raw_history_same_episode_random_turn_assumptions_b256"", ""raw_history_explicit_b256""]"
sports:034__Looking_Ahead:24:27:h3,sports,034__Looking_Ahead,data_cleaned/conversation_moves_labeled/sports/034__Looking_Ahead.json,sports:034__Looking_Ahead:24,24,3,sports:034__Looking_Ahead:27,27,Assert / Elaborate,473,105,10,3,10,3,40,12,True,[24],[27],25,True,1127c9f6a09404dfdc520f5ef7693bfd2448d82b137442d0a6ec3f3cae19158d,,"[""raw_history_b256"", ""raw_history_true_assumptions_b256"", ""raw_history_different_episode_assumptions_b256"", ""raw_history_same_episode_random_turn_assumptions_b256"", ""raw_history_explicit_b256""]"
sports:034__Looking_Ahead:25:26:h1,sports,034__Looking_Ahead,data_cleaned/conversation_moves_labeled/sports/034__Looking_Ahead.json,sports:034__Looking_Ahead:25,25,1,sports:034__Looking_Ahead:26,26,Assert / Elaborate,414,107,10,3,10,3,40,12,True,[25],[26],25,True,f98439681aeb82979006bf3600da9405fb871151b37a8bd9417845e38d21b48f,,"[""raw_history_b256"", ""raw_history_true_assumptions_b256"", ""raw_history_different_episode_assumptions_b256"", ""raw_history_same_episode_random_turn_assumptions_b256"", ""raw_history_explicit_b256""]"
sports:034__Looking_Ahead:25:28:h3,sports,034__Looking_Ahead,data_cleaned/conversation_moves_labeled/sports/034__Looking_Ahead.json,sports:034__Looking_Ahead:25,25,3,sports:034__Looking_Ahead:28,28,Assert / Elaborate,414,107,10,3,10,3,40,12,True,[25],[28],25,True,29302580396adb602af4f0d8abd3420fcf88bb9c1807d32544e323aa3121b467,,"[""raw_history_b256"", ""raw_history_true_assumptions_b256"", ""raw_history_different_episode_assumptions_b256"", ""raw_history_same_episode_random_turn_assumptions_b256"", ""raw_history_explicit_b256""]"
sports:034__Looking_Ahead:26:27:h1,sports,034__Looking_Ahead,data_cleaned/conversation_moves_labeled/sports/034__Looking_Ahead.json,sports:034__Looking_Ahead:26,26,1,sports:034__Looking_Ahead:27,27,Assert / Elaborate,293,103,10,3,10,3,40,12,True,[26],[27],25,True,44657d1fc999fbc3b49a74167fb095983e4c808b084f04318aee99ba614ed9b5,,"[""raw_history_b256"", ""raw_history_true_assumptions_b256"", ""raw_history_different_episode_assumptions_b256"", ""raw_history_same_episode_random_turn_assumptions_b256"", ""raw_history_explicit_b256""]"
sports:034__Looking_Ahead:27:28:h1,sports,034__Looking_Ahead,data_cleaned/conversation_moves_labeled/sports/034__Looking_Ahead.json,sports:034__Looking_Ahead:27,27,1,sports:034__Looking_Ahead:28,28,Assert / Elaborate,214,103,7,3,7,3,37,12,True,[27],[28],25,True,36519c8d14237bb3fde5243a50094ca2a0040aad52ed31980feaa147a567bb49,,"[""raw_history_b256"", ""raw_history_true_assumptions_b256"", ""raw_history_different_episode_assumptions_b256"", ""raw_history_same_episode_random_turn_assumptions_b256"", ""raw_history_explicit_b256""]"
sports:06.09.2020__The_Bucks_are_headed_to_Disney_World_as_basketball_sets_return:0:1:h1,sports,06.09.2020__The_Bucks_are_headed_to_Disney_World_as_basketball_sets_return,data_cleaned/conversation_moves_labeled/sports/06.09.2020__The_Bucks_are_headed_to_Disney_World_as_basketball_sets_return.json,sports:06.09.2020__The_Bucks_are_headed_to_Disney_World_as_basketball_sets_return:0,0,1,sports:06.09.2020__The_Bucks_are_headed_to_Disney_World_as_basketball_sets_return:1,1,Assert / Elaborate,203,102,6,3,5,0,6,3,True,[0],[1],25,True,7efc948a4a7ef9022dc05d6e41d77a8ee191f5b18508b7cfa6380cb19e9c4095,,"[""raw_history_b256"", ""raw_history_true_assumptions_b256"", ""raw_history_different_episode_assumptions_b256"", ""raw_history_explicit_b256""]"
sports:06.09.2020__The_Bucks_are_headed_to_Disney_World_as_basketball_sets_return:0:3:h3,sports,06.09.2020__The_Bucks_are_headed_to_Disney_World_as_basketball_sets_return,data_cleaned/conversation_moves_labeled/sports/06.09.2020__The_Bucks_are_headed_to_Disney_World_as_basketball_sets_return.json,sports:06.09.2020__The_Bucks_are_headed_to_Disney_World_as_basketball_sets_return:0,0,3,sports:06.09.2020__The_Bucks_are_headed_to_Disney_World_as_basketball_sets_return:3,3,Assert / Elaborate,203,102,6,3,5,0,6,3,True,[0],[3],25,True,361058dcf6377de8efb8731a5cb30276103bc01cbd8564887d3ac606f196b4ec,,"[""raw_history_b256"", ""raw_history_true_assumptions_b256"", ""raw_history_different_episode_assumptions_b256"", ""raw_history_explicit_b256""]"
sports:06.09.2020__The_Bucks_are_headed_to_Disney_World_as_basketball_sets_return:1:2:h1,sports,06.09.2020__The_Bucks_are_headed_to_Disney_World_as_basketball_sets_return,data_cleaned/conversation_moves_labeled/sports/06.09.2020__The_Bucks_are_headed_to_Disney_World_as_basketball_sets_return.json,sports:06.09.2020__The_Bucks_are_headed_to_Disney_World_as_basketball_sets_return:1,1,1,sports:06.09.2020__The_Bucks_are_headed_to_Disney_World_as_basketball_sets_return:2,2,Assert / Elaborate,161,105,8,3,5,1,14,6,True,[1],[2],25,True,4b28fc140614b80a4c0b0c89b05fc6e5086209a7901d9cce033b9cd574b56e44,,"[""raw_history_b256"", ""raw_history_true_assumptions_b256"", ""raw_history_different_episode_assumptions_b256"", ""raw_history_explicit_b256""]"
sports:06.09.2020__The_Bucks_are_headed_to_Disney_World_as_basketball_sets_return:1:4:h3,sports,06.09.2020__The_Bucks_are_headed_to_Disney_World_as_basketball_sets_return,data_cleaned/conversation_moves_labeled/sports/06.09.2020__The_Bucks_are_headed_to_Disney_World_as_basketball_sets_return.json,sports:06.09.2020__The_Bucks_are_headed_to_Disney_World_as_basketball_sets_return:1,1,3,sports:06.09.2020__The_Bucks_are_headed_to_Disney_World_as_basketball_sets_return:4,4,Assert / Elaborate,161,105,8,3,5,1,14,6,True,[1],[4],25,True,0120f3a9ba7e911b0cca27f6b68a0515617c79743db5cb8fdda46b0e5d1e58c1,,"[""raw_history_b256"", ""raw_history_true_assumptions_b256"", ""raw_history_different_episode_assumptions_b256"", ""raw_history_explicit_b256""]"
sports:06.09.2020__The_Bucks_are_headed_to_Disney_World_as_basketball_sets_return:2:3:h1,sports,06.09.2020__The_Bucks_are_headed_to_Disney_World_as_basketball_sets_return,data_cleaned/conversation_moves_labeled/sports/06.09.2020__The_Bucks_are_headed_to_Disney_World_as_basketball_sets_return.json,sports:06.09.2020__The_Bucks_are_headed_to_Disney_World_as_basketball_sets_return:2,2,1,sports:06.09.2020__The_Bucks_are_headed_to_Disney_World_as_basketball_sets_return:3,3,Assert / Elaborate,321,104,10,3,10,2,24,9,True,[2],[3],25,True,9d8cdde397fdb50cb2e0df946704c035ae716ac252d2814462c9adfe1227634d,,"[""raw_history_b256"", ""raw_history_true_assumptions_b256"", ""raw_history_different_episode_assumptions_b256"", ""raw_history_explicit_b256""]"
sports:06.09.2020__The_Bucks_are_headed_to_Disney_World_as_basketball_sets_return:3:4:h1,sports,06.09.2020__The_Bucks_are_headed_to_Disney_World_as_basketball_sets_return,data_cleaned/conversation_moves_labeled/sports/06.09.2020__The_Bucks_are_headed_to_Disney_World_as_basketball_sets_return.json,sports:06.09.2020__The_Bucks_are_headed_to_Disney_World_as_basketball_sets_return:3,3,1,sports:06.09.2020__The_Bucks_are_headed_to_Disney_World_as_basketball_sets_return:4,4,Assert / Elaborate,846,99,10,3,10,3,34,12,True,[3],[4],25,True,317afc662cc31ab37fc676dd017b3462383b2238e866c852a5ee771041e85383,,"[""raw_history_b256"", ""raw_history_true_assumptions_b256"", ""raw_history_different_episode_assumptions_b256"", ""raw_history_explicit_b256""]"
sports:06.09.2020__The_Bucks_are_headed_to_Disney_World_as_basketball_sets_return:5:6:h1,sports,06.09.2020__The_Bucks_are_headed_to_Disney_World_as_basketball_sets_return,data_cleaned/conversation_moves_labeled/sports/06.09.2020__The_Bucks_are_headed_to_Disney_World_as_basketball_sets_return.json,sports:06.09.2020__The_Bucks_are_headed_to_Disney_World_as_basketball_sets_return:5,5,1,sports:06.09.2020__The_Bucks_are_headed_to_Disney_World_as_basketball_sets_return:6,6,Clarification Request (Specific),479,106,10,3,10,3,40,12,True,[7],[8],25,True,8a9a0abf05e36fde53a82a1db02cc6f6ed28316fd18e3049178bd0f7bc999c6c,,"[""raw_history_b256"", ""raw_history_true_assumptions_b256"", ""raw_history_different_episode_assumptions_b256"", ""raw_history_same_episode_random_turn_assumptions_b256"", ""raw_history_explicit_b256""]"
sports:06.09.2020__The_Bucks_are_headed_to_Disney_World_as_basketball_sets_return:5:8:h3,sports,06.09.2020__The_Bucks_are_headed_to_Disney_World_as_basketball_sets_return,data_cleaned/conversation_moves_labeled/sports/06.09.2020__The_Bucks_are_headed_to_Disney_World_as_basketball_sets_return.json,sports:06.09.2020__The_Bucks_are_headed_to_Disney_World_as_basketball_sets_return:5,5,3,sports:06.09.2020__The_Bucks_are_headed_to_Disney_World_as_basketball_sets_return:8,8,Clarification Request (Specific),479,106,10,3,10,3,40,12,True,[7],[10],25,True,4a6c027dddb9258eedb6d64d11eedbfe1fa0a0e7de174c9a856ee27b82109bcf,,"[""raw_history_b256"", ""raw_history_true_assumptions_b256"", ""raw_history_different_episode_assumptions_b256"", ""raw_history_same_episode_random_turn_assumptions_b256"", ""raw_history_explicit_b256""]"
sports:06.09.2020__The_Bucks_are_headed_to_Disney_World_as_basketball_sets_return:5:10:h5,sports,06.09.2020__The_Bucks_are_headed_to_Disney_World_as_basketball_sets_return,data_cleaned/conversation_moves_labeled/sports/06.09.2020__The_Bucks_are_headed_to_Disney_World_as_basketball_sets_return.json,sports:06.09.2020__The_Bucks_are_headed_to_Disney_World_as_basketball_sets_return:5,5,5,sports:06.09.2020__The_Bucks_are_headed_to_Disney_World_as_basketball_sets_return:10,10,Clarification Request (Specific),479,106,10,3,10,3,40,12,True,[7],[12],25,True,0e994dff75aae3c719ac646b7e2f2922d4b151a81a7e06688c43c21a5767fecf,,"[""raw_history_b256"", ""raw_history_true_assumptions_b256"", ""raw_history_different_episode_assumptions_b256"", ""raw_history_same_episode_random_turn_assumptions_b256"", ""raw_history_explicit_b256""]"
sports:06.09.2020__The_Bucks_are_headed_to_Disney_World_as_basketball_sets_return:6:7:h1,sports,06.09.2020__The_Bucks_are_headed_to_Disney_World_as_basketball_sets_return,data_cleaned/conversation_moves_labeled/sports/06.09.2020__The_Bucks_are_headed_to_Disney_World_as_basketball_sets_return.json,sports:06.09.2020__The_Bucks_are_headed_to_Disney_World_as_basketball_sets_return:6,6,1,sports:06.09.2020__The_Bucks_are_headed_to_Disney_World_as_basketball_sets_return:7,7,Assert / Elaborate,193,106,8,3,8,3,38,12,True,[8],[9],25,True,cb7b231f8d1bef63d5722fafaa63445599b8a5117580bca7b88f39e1f897a01b,,"[""raw_history_b256"", ""raw_history_true_assumptions_b256"", ""raw_history_different_episode_assumptions_b256"", ""raw_history_same_episode_random_turn_assumptions_b256"", ""raw_history_explicit_b256""]"
sports:06.09.2020__The_Bucks_are_headed_to_Disney_World_as_basketball_sets_return:6:9:h3,sports,06.09.2020__The_Bucks_are_headed_to_Disney_World_as_basketball_sets_return,data_cleaned/conversation_moves_labeled/sports/06.09.2020__The_Bucks_are_headed_to_Disney_World_as_basketball_sets_return.json,sports:06.09.2020__The_Bucks_are_headed_to_Disney_World_as_basketball_sets_return:6,6,3,sports:06.09.2020__The_Bucks_are_headed_to_Disney_World_as_basketball_sets_return:9,9,Assert / Elaborate,193,106,8,3,8,3,38,12,True,[8],[11],25,True,539049c206e4ebce0a0de8cdd9955817651e385614a7109af6e4c81c0bf9f9a0,,"[""raw_history_b256"", ""raw_history_true_assumptions_b256"", ""raw_history_different_episode_assumptions_b256"", ""raw_history_same_episode_random_turn_assumptions_b256"", ""raw_history_explicit_b256""]"
sports:06.09.2020__The_Bucks_are_headed_to_Disney_World_as_basketball_sets_return:6:11:h5,sports,06.09.2020__The_Bucks_are_headed_to_Disney_World_as_basketball_sets_return,data_cleaned/conversation_moves_labeled/sports/06.09.2020__The_Bucks_are_headed_to_Disney_World_as_basketball_sets_return.json,sports:06.09.2020__The_Bucks_are_headed_to_Disney_World_as_basketball_sets_return:6,6,5,sports:06.09.2020__The_Bucks_are_headed_to_Disney_World_as_basketball_sets_return:11,11,Assert / Elaborate,193,106,8,3,8,3,38,12,True,[8],[13],25,True,0b3776e91f917d13db46bcb43829481d8d2e113bf9f285993e8f28d4f2098383,,"[""raw_history_b256"", ""raw_history_true_assumptions_b256"", ""raw_history_different_episode_assumptions_b256"", ""raw_history_same_episode_random_turn_assumptions_b256"", ""raw_history_explicit_b256""]"
sports:06.09.2020__The_Bucks_are_headed_to_Disney_World_as_basketball_sets_return:7:8:h1,sports,06.09.2020__The_Bucks_are_headed_to_Disney_World_as_basketball_sets_return,data_cleaned/conversation_moves_labeled/sports/06.09.2020__The_Bucks_are_headed_to_Disney_World_as_basketball_sets_return.json,sports:06.09.2020__The_Bucks_are_headed_to_Disney_World_as_basketball_sets_return:7,7,1,sports:06.09.2020__The_Bucks_are_headed_to_Disney_World_as_basketball_sets_return:8,8,Clarification Request (Specific),609,103,10,3,10,3,38,12,True,[9],[10],25,True,886c6d0ba3280010ec9c0f8fc08a947c951c01942f498c5cfb03f2e853e3220f,,"[""raw_history_b256"", ""raw_history_true_assumptions_b256"", ""raw_history_different_episode_assumptions_b256"", ""raw_history_same_episode_random_turn_assumptions_b256"", ""raw_history_explicit_b256""]"
sports:06.09.2020__The_Bucks_are_headed_to_Disney_World_as_basketball_sets_return:7:10:h3,sports,06.09.2020__The_Bucks_are_headed_to_Disney_World_as_basketball_sets_return,data_cleaned/conversation_moves_labeled/sports/06.09.2020__The_Bucks_are_headed_to_Disney_World_as_basketball_sets_return.json,sports:06.09.2020__The_Bucks_are_headed_to_Disney_World_as_basketball_sets_return:7,7,3,sports:06.09.2020__The_Bucks_are_headed_to_Disney_World_as_basketball_sets_return:10,10,Clarification Request (Specific),609,103,10,3,10,3,38,12,True,[9],[12],25,True,6f7900cebad582c8dfd815674e625eacddd66517bd1c9d09295cf805e3c821b1,,"[""raw_history_b256"", ""raw_history_true_assumptions_b256"", ""raw_history_different_episode_assumptions_b256"", ""raw_history_same_episode_random_turn_assumptions_b256"", ""raw_history_explicit_b256""]"
sports:06.09.2020__The_Bucks_are_headed_to_Disney_World_as_basketball_sets_return:7:12:h5,sports,06.09.2020__The_Bucks_are_headed_to_Disney_World_as_basketball_sets_return,data_cleaned/conversation_moves_labeled/sports/06.09.2020__The_Bucks_are_headed_to_Disney_World_as_basketball_sets_return.json,sports:06.09.2020__The_Bucks_are_headed_to_Disney_World_as_basketball_sets_return:7,7,5,sports:06.09.2020__The_Bucks_are_headed_to_Disney_World_as_basketball_sets_return:12,12,Assert / Elaborate,609,103,10,3,10,3,38,12,True,[9],[14],25,True,8ab447f282c039cc95e489df67f1ead48d980ed142c6624bb753de9536f28ce2,,"[""raw_history_b256"", ""raw_history_true_assumptions_b256"", ""raw_history_different_episode_assumptions_b256"", ""raw_history_same_episode_random_turn_assumptions_b256"", ""raw_history_explicit_b256""]"
sports:06.09.2020__The_Bucks_are_headed_to_Disney_World_as_basketball_sets_return:8:9:h1,sports,06.09.2020__The_Bucks_are_headed_to_Disney_World_as_basketball_sets_return,data_cleaned/conversation_moves_labeled/sports/06.09.2020__The_Bucks_are_headed_to_Disney_World_as_basketball_sets_return.json,sports:06.09.2020__The_Bucks_are_headed_to_Disney_World_as_basketball_sets_return:8,8,1,sports:06.09.2020__The_Bucks_are_headed_to_Disney_World_as_basketball_sets_return:9,9,Assert / Elaborate,196,103,8,3,8,3,36,12,True,[10],[11],25,True,67b4674708482178af43863af2ddcc196220c2f00afbadf41cd614d7ee5bcbf0,,"[""raw_history_b256"", ""raw_history_true_assumptions_b256"", ""raw_history_different_episode_assumptions_b256"", ""raw_history_same_episode_random_turn_assumptions_b256"", ""raw_history_explicit_b256""]"
sports:06.09.2020__The_Bucks_are_headed_to_Disney_World_as_basketball_sets_return:8:11:h3,sports,06.09.2020__The_Bucks_are_headed_to_Disney_World_as_basketball_sets_return,data_cleaned/conversation_moves_labeled/sports/06.09.2020__The_Bucks_are_headed_to_Disney_World_as_basketball_sets_return.json,sports:06.09.2020__The_Bucks_are_headed_to_Disney_World_as_basketball_sets_return:8,8,3,sports:06.09.2020__The_Bucks_are_headed_to_Disney_World_as_basketball_sets_return:11,11,Assert / Elaborate,196,103,8,3,8,3,36,12,True,[10],[13],25,True,49a86771df4cef8688b55cd3c0ec00d595d37577db7701688269aad08ed08867,,"[""raw_history_b256"", ""raw_history_true_assumptions_b256"", ""raw_history_different_episode_assumptions_b256"", ""raw_history_same_episode_random_turn_assumptions_b256"", ""raw_history_explicit_b256""]"
sports:06.09.2020__The_Bucks_are_headed_to_Disney_World_as_basketball_sets_return:8:13:h5,sports,06.09.2020__The_Bucks_are_headed_to_Disney_World_as_basketball_sets_return,data_cleaned/conversation_moves_labeled/sports/06.09.2020__The_Bucks_are_headed_to_Disney_World_as_basketball_sets_return.json,sports:06.09.2020__The_Bucks_are_headed_to_Disney_World_as_basketball_sets_return:8,8,5,sports:06.09.2020__The_Bucks_are_headed_to_Disney_World_as_basketball_sets_return:13,13,Assert / Elaborate,196,103,8,3,8,3,36,12,True,[10],[15],25,True,86f101e0ccac5cb665a9f971cf17d834c06387677e43660022a6299061709aa2,,"[""raw_history_b256"", ""raw_history_true_assumptions_b256"", ""raw_history_different_episode_assumptions_b256"", ""raw_history_same_episode_random_turn_assumptions_b256"", ""raw_history_explicit_b256""]"
sports:06.09.2020__The_Bucks_are_headed_to_Disney_World_as_basketball_sets_return:9:10:h1,sports,06.09.2020__The_Bucks_are_headed_to_Disney_World_as_basketball_sets_return,data_cleaned/conversation_moves_labeled/sports/06.09.2020__The_Bucks_are_headed_to_Disney_World_as_basketball_sets_return.json,sports:06.09.2020__The_Bucks_are_headed_to_Disney_World_as_basketball_sets_return:9,9,1,sports:06.09.2020__The_Bucks_are_headed_to_Disney_World_as_basketball_sets_return:10,10,Clarification Request (Specific),567,105,10,3,10,3,36,12,True,[11],[12],25,True,76f198d75b8b3ad942e867d8c470af2990c889cf984a64a9c7fbe6f4e0e86dd8,,"[""raw_history_b256"", ""raw_history_true_assumptions_b256"", ""raw_history_different_episode_assumptions_b256"", ""raw_history_same_episode_random_turn_assumptions_b256"", ""raw_history_explicit_b256""]"
sports:06.09.2020__The_Bucks_are_headed_to_Disney_World_as_basketball_sets_return:9:12:h3,sports,06.09.2020__The_Bucks_are_headed_to_Disney_World_as_basketball_sets_return,data_cleaned/conversation_moves_labeled/sports/06.09.2020__The_Bucks_are_headed_to_Disney_World_as_basketball_sets_return.json,sports:06.09.2020__The_Bucks_are_headed_to_Disney_World_as_basketball_sets_return:9,9,3,sports:06.09.2020__The_Bucks_are_headed_to_Disney_World_as_basketball_sets_return:12,12,Assert / Elaborate,567,105,10,3,10,3,36,12,True,[11],[14],25,True,b5f155d26a5d5c39d885186ca3b2f1c7b59665ed4b26ac4b6d6c82b98d3dbdb9,,"[""raw_history_b256"", ""raw_history_true_assumptions_b256"", ""raw_history_different_episode_assumptions_b256"", ""raw_history_same_episode_random_turn_assumptions_b256"", ""raw_history_explicit_b256""]"
sports:06.09.2020__The_Bucks_are_headed_to_Disney_World_as_basketball_sets_return:9:14:h5,sports,06.09.2020__The_Bucks_are_headed_to_Disney_World_as_basketball_sets_return,data_cleaned/conversation_moves_labeled/sports/06.09.2020__The_Bucks_are_headed_to_Disney_World_as_basketball_sets_return.json,sports:06.09.2020__The_Bucks_are_headed_to_Disney_World_as_basketball_sets_return:9,9,5,sports:06.09.2020__The_Bucks_are_headed_to_Disney_World_as_basketball_sets_return:14,14,Assert / Elaborate,567,105,10,3,10,3,36,12,True,[11],[16],25,True,b3c4514bac53cc9c096e11a5886fe6d9611b8ac8353b53321bfd2820dbf9c3b8,,"[""raw_history_b256"", ""raw_history_true_assumptions_b256"", ""raw_history_different_episode_assumptions_b256"", ""raw_history_same_episode_random_turn_assumptions_b256"", ""raw_history_explicit_b256""]"
sports:06.09.2020__The_Bucks_are_headed_to_Disney_World_as_basketball_sets_return:10:11:h1,sports,06.09.2020__The_Bucks_are_headed_to_Disney_World_as_basketball_sets_return,data_cleaned/conversation_moves_labeled/sports/06.09.2020__The_Bucks_are_headed_to_Disney_World_as_basketball_sets_return.json,sports:06.09.2020__The_Bucks_are_headed_to_Disney_World_as_basketball_sets_return:10,10,1,sports:06.09.2020__The_Bucks_are_headed_to_Disney_World_as_basketball_sets_return:11,11,Assert / Elaborate,275,104,8,3,4,3,36,12,True,[12],[13],25,True,c4ae93553f44c96bf8085e9aca9cbcc2e8594edacfd8b6165d427de5d3f589cc,,"[""raw_history_b256"", ""raw_history_true_assumptions_b256"", ""raw_history_different_episode_assumptions_b256"", ""raw_history_same_episode_random_turn_assumptions_b256"", ""raw_history_explicit_b256""]"
sports:06.09.2020__The_Bucks_are_headed_to_Disney_World_as_basketball_sets_return:10:13:h3,sports,06.09.2020__The_Bucks_are_headed_to_Disney_World_as_basketball_sets_return,data_cleaned/conversation_moves_labeled/sports/06.09.2020__The_Bucks_are_headed_to_Disney_World_as_basketball_sets_return.json,sports:06.09.2020__The_Bucks_are_headed_to_Disney_World_as_basketball_sets_return:10,10,3,sports:06.09.2020__The_Bucks_are_headed_to_Disney_World_as_basketball_sets_return:13,13,Assert / Elaborate,275,104,8,3,4,3,36,12,True,[12],[15],25,True,8dd584aa4325271fa61e2c2a8e6cdc6bd7a7fd3ef0b67f133a533cb409f07e74,,"[""raw_history_b256"", ""raw_history_true_assumptions_b256"", ""raw_history_different_episode_assumptions_b256"", ""raw_history_same_episode_random_turn_assumptions_b256"", ""raw_history_explicit_b256""]"
sports:06.09.2020__The_Bucks_are_headed_to_Disney_World_as_basketball_sets_return:11:12:h1,sports,06.09.2020__The_Bucks_are_headed_to_Disney_World_as_basketball_sets_return,data_cleaned/conversation_moves_labeled/sports/06.09.2020__The_Bucks_are_headed_to_Disney_World_as_basketball_sets_return.json,sports:06.09.2020__The_Bucks_are_headed_to_Disney_World_as_basketball_sets_return:11,11,1,sports:06.09.2020__The_Bucks_are_headed_to_Disney_World_as_basketball_sets_return:12,12,Assert / Elaborate,538,105,10,3,10,3,36,12,True,[13],[14],25,True,418e50b48da301e2647d6d5e094cdbfd4bd9f61eb8f11495d25c52c0408e8e8b,,"[""raw_history_b256"", ""raw_history_true_assumptions_b256"", ""raw_history_different_episode_assumptions_b256"", ""raw_history_same_episode_random_turn_assumptions_b256"", ""raw_history_explicit_b256""]"
sports:06.09.2020__The_Bucks_are_headed_to_Disney_World_as_basketball_sets_return:11:14:h3,sports,06.09.2020__The_Bucks_are_headed_to_Disney_World_as_basketball_sets_return,data_cleaned/conversation_moves_labeled/sports/06.09.2020__The_Bucks_are_headed_to_Disney_World_as_basketball_sets_return.json,sports:06.09.2020__The_Bucks_are_headed_to_Disney_World_as_basketball_sets_return:11,11,3,sports:06.09.2020__The_Bucks_are_headed_to_Disney_World_as_basketball_sets_return:14,14,Assert / Elaborate,538,105,10,3,10,3,36,12,True,[13],[16],25,True,4713d5ccae9072bee04b5640ff4a4b0875f79a1576947d9b20004598f270edd6,,"[""raw_history_b256"", ""raw_history_true_assumptions_b256"", ""raw_history_different_episode_assumptions_b256"", ""raw_history_same_episode_random_turn_assumptions_b256"", ""raw_history_explicit_b256""]"
sports:06.09.2020__The_Bucks_are_headed_to_Disney_World_as_basketball_sets_return:12:13:h1,sports,06.09.2020__The_Bucks_are_headed_to_Disney_World_as_basketball_sets_return,data_cleaned/conversation_moves_labeled/sports/06.09.2020__The_Bucks_are_headed_to_Disney_World_as_basketball_sets_return.json,sports:06.09.2020__The_Bucks_are_headed_to_Disney_World_as_basketball_sets_return:12,12,1,sports:06.09.2020__The_Bucks_are_headed_to_Disney_World_as_basketball_sets_return:13,13,Assert / Elaborate,414,104,10,3,10,3,38,12,True,[14],[15],25,True,171c9260ebb8c264f59f1a35a34df0a40adea069984413653193f9a2ea0504d2,,"[""raw_history_b256"", ""raw_history_true_assumptions_b256"", ""raw_history_different_episode_assumptions_b256"", ""raw_history_same_episode_random_turn_assumptions_b256"", ""raw_history_explicit_b256""]"
sports:06.09.2020__The_Bucks_are_headed_to_Disney_World_as_basketball_sets_return:13:14:h1,sports,06.09.2020__The_Bucks_are_headed_to_Disney_World_as_basketball_sets_return,data_cleaned/conversation_moves_labeled/sports/06.09.2020__The_Bucks_are_headed_to_Disney_World_as_basketball_sets_return.json,sports:06.09.2020__The_Bucks_are_headed_to_Disney_World_as_basketball_sets_return:13,13,1,sports:06.09.2020__The_Bucks_are_headed_to_Disney_World_as_basketball_sets_return:14,14,Assert / Elaborate,888,104,10,3,10,3,38,12,True,[15],[16],25,True,2431f1046dfbb117a82e5fc196534b36c8f479d8c705487c515f3d8553cdd916,,"[""raw_history_b256"", ""raw_history_true_assumptions_b256"", ""raw_history_different_episode_assumptions_b256"", ""raw_history_same_episode_random_turn_assumptions_b256"", ""raw_history_explicit_b256""]"
sports:06.09.2020__The_Bucks_are_headed_to_Disney_World_as_basketball_sets_return:16:17:h1,sports,06.09.2020__The_Bucks_are_headed_to_Disney_World_as_basketball_sets_return,data_cleaned/conversation_moves_labeled/sports/06.09.2020__The_Bucks_are_headed_to_Disney_World_as_basketball_sets_return.json,sports:06.09.2020__The_Bucks_are_headed_to_Disney_World_as_basketball_sets_return:16,16,1,sports:06.09.2020__The_Bucks_are_headed_to_Disney_World_as_basketball_sets_return:17,17,Topic Shift,356,103,10,3,10,3,40,12,True,[22],[23],25,True,4684df1f9e7c8b3b2fa650088c2cddf492883761fdf2d8e535d3a6947305b6c7,,"[""raw_history_b256"", ""raw_history_true_assumptions_b256"", ""raw_history_different_episode_assumptions_b256"", ""raw_history_same_episode_random_turn_assumptions_b256"", ""raw_history_explicit_b256""]"
