,index,word,start,end,score,mfcc1_sma3,mfcc2_sma3,mfcc3_sma3,mfcc4_sma3,F0semitoneFrom27.5Hz_sma3nz,F1frequency_sma3nz,mfcc1_sma3Slope,mfcc2_sma3Slope,mfcc3_sma3Slope,mfcc4_sma3Slope,F0semitoneFrom27.5Hz_sma3nzSlope,F1frequency_sma3nzSlope
0,0,You,1.25,1.55,0.46,19.008997085714284,11.929541030532468,19.079143936363632,11.388673342727273,2.2219915194805195,897.2229498701297,12.00921512172038,4.578332307480677,21.597910293390814,-12.750343077527733,2.323197144960302,-2.4855189415847234
1,1,better,1.61,1.87,0.313,10.62698185,3.2844715625,23.53251693125,-14.680541224999999,0.0,596.0180674999999,-19.978382264705875,49.669000220588224,-74.07626584558822,-26.98363152941175,0.0,-586.7098485294116
2,2,recapulate,1.93,2.47,0.431,12.913710116129034,-0.10859961774193543,26.929339161290322,-8.017548894838711,0.6448364838709677,546.6498293548387,-1.760856951612903,21.370279722782257,33.91071901209678,3.472434391935485,1.209068407258064,-336.0393439516128
3,3,mother,2.49,2.91,0.454,12.925050733333334,-2.2360386952380944,21.065609085714282,-6.918947842857144,0.0,650.526887142857,-32.675787461038965,48.0762447012987,-30.52390541558441,25.915008655844158,0.0,1595.2809681818183
4,4,You,15.037,15.237,0.958,11.862581435429497,3.7071510219693677,24.416086646340357,-6.086841457588332,3.2472168136142625,684.4194957374392,0.18384786465178182,0.32127843008577117,-0.32160542010876525,0.10093425783967445,0.21262910062825086,15.272182493833052
5,5,better,15.277,15.537,0.817,18.64883886533333,-19.2478317,-12.149830578666668,-5.402228126666665,47.33403573333332,812.7505079999999,83.22064147857144,28.30932514285714,-143.5917455142857,140.96253624999994,-22.41260821428572,353.3952267857143
6,6,recalculate,15.617,16.438,0.913,16.22323534422222,-3.7936434015555545,20.069093586666668,-12.308150221111113,26.972607911111112,805.4712644444443,-8.833378513965746,11.215781048484851,32.98216867918313,-29.53221001198947,-12.616714591567858,-502.22340724637695
7,7,mother,16.538,16.878,0.827,28.521128909090905,0.22691643181818166,3.6748591927272725,-7.466720536363636,31.482372545454552,740.9239904545457,-27.857508639186904,-100.81155520327499,-130.75005576058723,35.506499243365326,-52.03788752117448,30.07734980237166
8,8,effort.,17.078,17.459,0.634,24.462155196551727,0.049405533586206904,-9.669928605172414,8.514161303448278,15.401393275862068,672.1636048275861,25.589938194581286,30.623186799310343,-49.27281408251231,51.46522756157636,-40.81273995073891,386.5140147783251
9,9,The,17.819,17.919,0.835,25.260479156521743,23.17524077826087,21.045965326086957,19.376811826086957,5.556661565217391,823.5142560869564,-36.65465392292488,43.68555900098813,18.456866921936744,-71.00459204545453,39.06447000988142,-546.6203384387347
10,10,person,17.939,18.219,0.897,9.469219246666666,6.850299799999999,-3.168462766666667,6.902678104666666,32.66434306666667,897.29894,7.979027910714284,95.45059953571425,118.08304471428569,-54.18585199464287,-15.273741249999992,-1050.963710714286
11,11,you,18.259,18.379,0.794,24.658159875,-6.734165075000001,27.641828750000002,-17.21292755,41.79700975,1012.1876000000001,75.45244940476188,-46.33593809523808,-296.95128690476184,151.20043880952377,-29.211944047619063,1966.7960238095236
12,12,heard,18.419,18.66,0.668,29.387062500000006,-12.314473392857142,2.713612085714288,0.5326810150000004,32.75303185714286,791.3261007142859,-21.79835285714286,-29.191747967032956,224.7646665274725,-107.42754160109887,-148.98130285714285,-829.5038978021979
13,13,in,18.76,18.84,0.832,21.78127855555556,4.632971900000001,39.00334466666667,-21.134937499999996,31.428441666666668,565.3240322222223,157.70669833333335,-33.75128983333334,-172.1702941666667,243.6800747500001,242.0432958333334,1819.5906583333337
14,14,that,18.86,19.02,0.948,19.800887555555555,-25.67702597777778,16.288135999999998,-18.37687106666667,27.59335411111111,527.3394955555556,21.404987500000026,-54.83874733333336,-21.14338916666667,-76.48649133333332,-314.06653250000005,-100.71894166666685
15,15,audio,19.14,19.44,0.938,22.16832180952381,-15.422244885714287,19.550855715714288,-29.047885238095237,34.58107228571428,695.84857,-10.38649915584415,10.18867225974026,112.57237529935065,-15.005146590909083,70.2966788961039,897.3517935064936
16,16,is,19.48,19.56,0.478,-2.510061616666666,22.6202605,10.908612391666667,3.3070012833333333,6.400975,696.2542166666667,-337.94902328571425,140.70114142857136,-108.44149607142855,306.51938728571423,-274.3275,2849.517228571429
17,17,former,19.6,19.92,0.844,23.78131090777778,-0.45417134111111107,-12.675237411111112,-8.132702927777778,36.981862388888885,953.3265861111112,97.00853539215687,-15.025722304437558,-139.5392807636739,-89.53434786893708,97.34261439628483,-245.0255908152734
18,18,White,20.02,20.241,0.918,20.983983093750002,-5.686954318750001,22.407265875,-27.268198175000002,32.788416999999995,720.469125,-90.75943944852939,-146.78002531617645,15.402223235294118,-58.85413763235293,86.35927411764705,-72.53068970588242
19,19,House,20.281,20.541,0.872,8.384199233333335,6.731349416000002,-5.382649046666667,-8.955933933333332,31.57088153333333,844.2958273333332,-25.067417624999997,311.4247464285714,-5.760037196428568,145.13567178571427,-127.64911428571426,611.659719642857
20,20,doctor,20.681,21.261,0.835,15.372721,-0.28887717444444455,-2.8040633269444446,-5.279395377777779,27.292998083333334,792.2296508333334,-6.446733265122264,-71.63862228211066,-67.60269902348776,20.228316073359068,27.94485438223938,-51.341856177606175
21,21,and,21.461,21.561,0.766,22.968366800000002,-6.9622555533333355,13.188771846666667,-8.785964585066667,23.5719944,680.9975246666667,11.132213035714292,80.63820469642856,186.2483303392857,-100.48875542071426,189.39689999999996,2350.7597303571424
22,22,now,21.622,21.882,0.92,19.172596749999997,-16.684730375,4.311795059375,-17.3125797,40.9740279375,857.99510625,-39.54559492647057,-35.60090808823529,-153.73927745220584,-111.0860873970588,-22.843586985294124,-279.5081544117648
23,23,Congressman,22.022,22.842,0.868,16.501303875208333,3.719039125,10.775690556875,-7.366582763541667,26.131984666666668,670.3654014583334,-1.9943663824088116,-14.123155852149363,43.58177831163155,-11.360630561088792,28.277551340642628,-351.80808524207544
24,24,Ronnie,23.423,23.723,0.868,28.97258045454546,7.2084168645454545,27.15329342272727,2.109831015909091,16.97474740909091,813.4625399999998,-11.506458921775897,-18.627314077237493,-6.568269055673005,-58.998414653629325,39.790310789288235,89.49383671599722
25,25,"Jackson,",23.763,24.343,0.811,15.247586843870968,0.7661022238709674,14.913006485806454,8.330822419354838,23.666095290322577,747.4644083870966,52.69695622298387,20.591658455645153,4.605227994758062,27.251004252822575,1.2482099596774223,-193.3884568548387
26,26,who,24.924,25.064,0.896,13.49530523977778,0.05361154027777775,21.179704508333334,5.749906419444445,12.613297138888889,817.4792727777779,-19.777245947387385,-19.494047029922775,-45.67289007271556,-55.3266339208494,35.348076930501925,400.6330256113255
27,27,was,25.104,25.244,0.785,4.277851003333334,13.87024198888889,1.7486459777777779,-6.8813766666666645,19.066814444444443,1058.679371111111,-285.9220041416667,328.39366508333336,-5.555733833333336,573.0469783333333,-355.20125583333345,1257.5936499999998
28,28,tackled,25.304,25.744,0.953,13.576045132,-4.063727539199999,2.0017252833199994,-3.1046722804,17.43375336,777.6145440000001,89.54345003461539,11.304674360769225,-71.15913708192309,-133.6005324226923,68.06272357692306,782.9187196153848
29,29,to,25.784,25.944,0.81,1.2841775400000004,10.18190517,12.305325320000001,-2.6475457700000002,27.211125300000003,918.955624,217.6177816363636,-151.9523367575757,10.312152848484848,-83.47071966666664,161.3308833333333,2489.8040606060604
30,30,the,25.984,26.065,0.891,18.6091634,4.638348773333334,20.834002083333335,-8.377095093333333,40.821752999999994,727.1258966666666,145.71732799999998,61.92862868571432,209.95658071428576,-41.06865028571427,-82.33001999999999,-311.6986000000001
31,31,ground,26.105,26.445,0.918,26.838224842105262,-16.500140199999997,7.796054782105264,-11.423167434210526,38.01325,691.6281347368421,-5.900211578947363,-17.87712266666668,67.51591861578949,-57.676977934210534,32.65270842105264,618.6344824561404
32,32,and,26.505,26.585,0.888,31.696570857142856,18.010241942857142,28.722398714285713,-10.477895071428572,32.86961328571429,951.5805014285714,-15.01820357142855,178.61821428571423,95.12122142857139,32.58504285714287,-223.89276428571426,-1128.2101250000005
33,33,even,26.705,26.885,0.855,18.99655726666667,16.880794046666665,34.57971246666667,-15.877084693333334,35.276757266666664,799.8638433333333,51.01248874999999,-141.8451245535714,-138.38441928571427,128.9769020357143,103.93416124999999,2008.758896428571
34,34,placed,26.985,27.325,0.86,10.50218144090909,11.95799628181818,21.76787514090909,-0.828042472727274,14.677267454545456,848.8648331818182,-54.532448907396954,50.06826840203274,-25.075310539243365,62.71242976284586,-0.003932298136649869,641.1015835686052
35,35,in,27.465,27.546,0.832,19.79546876363636,11.618510527272727,33.36542145454545,-15.84604348181818,23.834800181818185,700.2368981818182,177.3681413636364,-55.40153404545457,60.40608181818183,-71.30843009090913,233.81441590909097,1868.0671590909096
36,36,handcuffs,27.706,28.386,0.83,10.552631858333333,-5.602821442857143,12.775252254761902,-15.134694364285716,22.618668023809523,679.130244047619,5.389280424803498,43.708342943521586,-40.19098343934851,16.51107065432298,-16.822607256300138,-70.98076885989788
37,37,by,28.446,28.626,0.706,18.56485383333333,-1.8334575191666669,8.601746466666667,-12.978294566666667,29.533761916666666,698.5414608333334,40.081191258741235,-303.6627785891607,62.30182646853146,-129.22450786713287,72.99597465034965,-1087.1308479020975
38,38,police,28.686,29.087,0.933,13.877634443478259,14.81056185478261,25.384651395652174,-10.168856086956525,23.438798739130434,877.6433195652174,-86.66683447134386,65.84597001185767,45.17157585968379,47.3024515217391,-16.751834832015806,-3.5131304347826124
39,39,in,29.527,29.607,0.912,11.671851265384616,4.731252868076923,30.027366565384618,4.608333076923078,7.43807273076923,804.7998019230769,54.92942602905981,-39.350353634358974,57.800516579487166,-131.1448502358974,62.86601656410254,-1029.9794073504268
40,40,"Amarillo,",29.727,30.307,0.877,26.392875877142856,-6.560442849428572,9.575426217142855,-28.886862970285716,32.329368142857135,588.7301054285714,12.789626603641452,45.838617029271695,-20.491339285714275,-54.00521322801117,18.79184488795517,-490.2794696078428
41,41,Texas.,30.648,31.168,0.92,14.05050882790698,15.258864025581392,14.585784616279069,12.004925790697675,5.074054767441861,771.4711951162789,-41.236597336152215,-18.95247264270613,-13.98672393159166,24.56332826336454,-8.754440576864996,-423.75860170643307
42,42,Now,31.568,31.668,0.999,8.822739360000002,8.58061158,19.448510844799998,17.751415859999998,8.18855418,855.0608803999999,91.23410600769232,-92.96315996538462,46.40325861115385,-123.28748157692307,62.40505419230771,-1111.7757215384615
43,43,this,31.688,31.808,0.753,7.9575913000000025,21.274042428571427,6.896708142857142,9.00305942857143,22.500267285714283,597.76906,-289.8484521428571,251.62210714285712,-216.56385982142854,279.86536607142847,-413.12328749999995,-2684.670767857143
44,44,happened,31.848,32.169,0.735,25.257579694444445,-5.184152361111111,8.595890399444444,-5.997585458333334,28.287891555555554,687.9281794444445,35.80525859133126,154.86077999484004,100.15634639370485,-80.88183193240454,-25.452569969040244,-667.5288890608875
45,45,last,32.209,32.469,0.717,12.598249333333337,6.3355594,0.18152728133333346,-15.026924333333335,20.1768062,748.8339173333334,-158.59231857142854,155.91281107142856,-31.802826742857135,306.9057282142856,-165.8412246428571,1457.4220464285713
46,46,"month,",32.569,32.849,0.796,22.206664636842106,2.6259524421052634,14.494941216842104,-17.51207064263158,32.18524089473684,701.2710621052632,25.280448429824563,-39.108778087719315,-2.389881559649115,-5.843833800877194,-44.37299868421054,-1319.523660526316
47,47,it,32.929,33.009,0.504,24.154817125,6.2014263375,26.9467250625,-15.694752375,20.85382825,665.7634125,217.6685398809524,-74.04701517857141,-182.53022410714283,-134.51805892857138,292.61794880952374,1824.462928571429
48,48,was,33.029,33.129,0.855,22.378793150000003,32.496330666666665,9.858581354333335,4.4428591666666675,21.853651666666668,745.4063466666666,-481.5248224285714,502.5241457142857,-179.5453087171429,561.7874671428572,-187.68518857142857,6227.306742857144
49,49,at,33.209,33.309,0.97,28.801391222222225,-11.669313444444446,8.846444933333334,-9.706006555555554,24.062907444444445,549.0020022222221,182.81421833333337,-45.642879166666646,-46.42544050000001,104.20542150000004,-84.2226225,-1160.350683333334
50,50,a,33.329,33.389,0.755,52.09860225,7.851346735000001,-10.980572675000001,-6.50576865,30.87342675,846.640995,-12.741895000000062,203.8679029000001,262.36516450000005,72.14811600000003,10.833324999999997,1309.1767000000018
51,51,"rodeo,",33.449,34.03,0.9,21.63083776875,-7.803903174999999,18.229259671999998,-27.007535001562502,40.25994684375,826.33104375,-18.388421702712613,-31.805284684750745,38.526021478922296,-68.11216136134533,1.8204980480205268,-973.8311752199417
52,52,sounds,34.11,34.31,0.879,12.932021492857144,26.556428592857145,0.46020751285714295,-0.14163900000000013,17.713996500000004,741.0587514285714,107.5525609340659,-102.14516994505493,6.188870854945052,-38.54848052747253,79.45345373626373,737.4440373626371
53,53,like,34.35,34.47,0.882,14.0853095625,12.179957700000001,11.65646023,10.840462899999999,18.608141250000003,901.6416575,104.50740148809521,-183.09128738095234,67.85907733333333,52.07784380952381,-355.2105952380951,565.1332261904762
54,54,a,34.51,34.53,0.999,22.438904333333337,5.730775123333333,16.695214666666665,-40.735873,33.34057766666667,770.8006333333333,142.67604999999998,367.9333032499999,405.5655499999998,-1077.0373749999997,-42.499249999999996,1706.347500000001
55,55,lot,34.57,34.73,0.72,25.382801699999998,-3.39869368,10.51806531,-37.2945918,25.317587800000002,545.461038,5.728962727272734,-228.18822351515146,-11.176697181818165,239.797003030303,-82.73983757575758,-1394.292042424242
56,56,of,34.77,34.81,1.0,17.934959399999997,3.537260575,12.45627825,10.226622075,7.61755425,856.47347,-669.2324760000001,186.76545950000005,-96.82980500000005,425.8516755000001,-457.0532550000002,-3619.652200000001
57,57,fun.,34.89,35.111,1.0,9.52978398125,-5.25099929375,0.47019140812499993,-26.81712825,33.4143320625,647.73376,40.04059937499999,-118.31690419852939,24.5705648110294,-179.0181307352941,111.64813816176468,-534.8182205882354
58,58,And,35.911,36.011,0.834,14.204986827999997,4.210117064444445,21.30865946222222,2.5803876673333335,17.989450266666665,794.174696888889,-15.590950615942033,-10.982069413702247,-8.036050607378131,-28.476916244861673,12.95692955862978,-67.52526100131759
59,59,the,36.071,36.171,0.789,16.359976425,16.6282435,43.238430125,-10.62688935,24.49390125,1023.7992425,-194.12209702380946,40.63864047619046,161.32791726190476,-64.44647857142857,-157.3332630952381,145.45589285714297
60,60,Texas,36.231,36.571,0.939,-2.6245272369999997,7.917667310000001,19.12276651,-1.647306097,17.25593395,791.3552924999999,-51.4768163,50.64183689473685,74.65722681954887,-6.537440615789479,-13.255255827067675,-82.0060236842105
61,61,Tribune,36.611,37.012,0.899,17.927245363636363,1.131458172727273,31.99611470454546,1.9955625663636363,32.63840745454546,990.8002336363636,89.39359294184077,-1.9082542574816428,-1.1355355872388508,-41.38671533088651,41.51367679277246,105.51775607001686
62,62,just,37.212,37.552,0.751,-9.020866551851851,2.515962022222222,12.384224841851854,-7.090637177222221,15.779437074074075,880.020012962963,14.337115439560451,27.71469505799757,-102.60489757936512,-8.8677694010989,26.180489194139202,-362.5076660561661
63,63,released,37.612,38.072,0.815,9.42075693076923,17.77841313,24.051418230769237,-7.5311678,28.498916192307696,915.6346769230769,-55.98580847521365,70.17660007452989,36.40453779829058,48.133071784615346,-79.74572921367519,-337.43166803418796
64,64,body,38.352,38.672,0.989,21.175530790000003,2.993640215333335,21.590873294333335,-14.092401409999997,22.029500933333335,676.1789503333333,-18.17143150278087,-78.38069083092326,19.1597999378198,-125.7392634916574,72.59587381535039,330.15269354838716
65,65,cam,38.712,39.053,0.803,15.993720800526315,-9.429391810526317,28.147158668421053,-19.671725476842102,32.769218631578944,820.2675363157895,74.50848933596492,-34.59726112280702,-74.67458521929828,44.53343771578948,49.322968684210544,-210.56283684210524
66,66,and,39.153,39.233,0.862,20.594959855555558,2.8082774777777773,32.251231999999995,-15.126584555555556,23.453091555555552,734.5218177777778,172.23256633333335,232.69193500000014,73.95740833333336,204.41129866666674,253.63745416666669,3888.4183666666677
67,67,dash,39.313,39.633,0.816,10.750968415,-3.0226971249999997,16.86633207,-3.6377985539999997,21.445827400000002,748.180153,-111.06466478571429,-33.40615242481203,-9.995551744360904,-19.190318461654147,-63.80843789473685,-32.21911503759394
68,68,cam,39.673,39.973,0.787,18.279514135294118,-3.7874309552941168,26.094618941176474,-7.022731416470588,23.57560511764706,739.5573023529412,96.09647964460787,19.844982708333323,-22.005885294117643,79.29985086274509,-6.14099852941176,-135.43935294117654
69,69,footage,40.053,40.413,0.945,15.619646249999999,8.141645679545455,29.319798372727277,-2.1810593454545457,23.590889818181815,846.5776368181818,-31.22385055053642,-73.09271631422925,144.3445007227555,-76.9376074647092,11.430019706380573,113.90808610954265
70,70,of,40.633,40.733,0.884,17.56397276875,13.5884313875,19.48930803125,-20.69702310625,22.6318584375,690.7423637500001,101.53328777205881,17.25328283823528,-100.40899128676472,-50.6741848602941,130.78693477941172,1201.1722176470587
71,71,the,40.793,40.913,0.885,15.180376777777777,19.711931144444446,47.18930266666667,-5.937710466666666,18.47557388888889,704.1708366666667,-57.927135,-196.84649233333337,242.12029083333334,-243.87489233333335,-163.32485000000003,-3951.406275000001
72,72,"arrest,",41.034,41.474,0.929,19.684617178571433,3.719443130357143,0.6063150707142858,0.11728668928571384,21.495385392857145,693.6729753571427,-109.92711920634919,80.39391741858238,-24.870089418992883,49.14158632868089,-36.98208334701696,445.5092560207991
73,73,which,41.834,41.974,0.98,9.01668550424,2.6190692479999997,25.2957895,10.606607076,5.799836399999999,809.4983359999999,29.98836592069231,21.81658116153846,30.472955961538467,-42.319071142307685,42.092208,-31.973476923076884
74,74,again,42.034,42.214,0.809,14.639412966666669,-1.426548441666667,38.72340333333333,-13.47803838,30.44958841666666,799.3392541666667,117.26285426573426,-71.12055026223776,-47.75769545454544,-57.56900224475523,96.38046066433563,-3438.9295646853147
75,75,took,42.274,42.454,0.768,15.633122810833333,22.612444999999997,16.552491808333333,6.358683288333332,6.3488455833333335,696.7585191666666,35.31670452622376,-9.204473076923067,-129.58919756993006,-6.243799115384608,-26.64854912587412,-208.53666608391654
76,76,place,42.494,42.754,0.731,8.32153296666667,15.910073366666667,13.708882514,-3.350417453333335,14.691196733333333,646.1591553333333,-54.65343374999999,84.31012294642858,-17.74429638928571,88.7872519642857,-60.83118464285714,-763.3262410714284
77,77,last,42.794,43.014,0.75,17.10851839230769,6.291110884615384,-0.691750346153847,-14.86134936153846,18.00408876923077,702.2128546153847,-196.9998144230769,182.1053699175824,-83.44781975274725,244.22117851648352,-194.64824038461538,44.378164835164995
78,78,month,43.094,43.295,0.838,23.792279464285716,5.608325774285714,10.312269114285712,-17.525585260714287,22.237085714285715,696.00384,-18.657364450549444,-76.84770666813188,-7.459851362637366,-31.024671005494522,-173.00159296703296,-1574.8244219780215
79,79,on,43.435,43.535,0.59,26.06534125,4.47292994,10.793751030000001,-29.118446391666666,27.374094999999997,661.488185,53.27934947552447,58.60536612587412,199.67745775524472,161.74550851398598,109.96907552447551,2607.5879790209783
80,80,July,43.595,43.895,0.794,19.84349883333333,6.682486133333333,22.774655444444445,-22.46688378333333,26.01269916666667,772.2072816666666,49.74688364293087,-124.13069948400415,-0.687817234262122,-85.64103556759547,49.46022358101135,-2391.5559551083593
81,81,29th,44.535,44.635,0.61,20.612933635135132,3.9300974945945937,31.08761503756756,-9.127406035135134,24.642254891891895,700.1014637837837,2.9664599276908494,-21.25864100758654,23.84784602951636,-23.929323709103844,2.2058164770033155,125.95399146514936
82,82,at,44.815,44.895,0.725,22.88354715384616,-11.027909233846152,12.600434407692308,-8.608255576923078,12.796104692307692,620.7912030769231,13.860924725274723,6.867822142857136,44.08665554945054,20.101008307692307,-0.10185137362636663,-32.0354752747252
83,83,the,44.955,45.095,0.906,17.53215776,16.33852635,44.293394,-15.2483676,23.372886,769.841344,-38.15447599999998,78.47894318181817,311.3062018181817,-319.1645393939393,202.99031030303024,-1022.111527272727
84,84,White,45.316,45.596,0.974,25.78044398,14.279901147999999,30.474657025599996,-12.185460294,19.87066044,820.1285456,-87.28350798076923,-57.2343991923077,17.917701434615385,-55.807127017307685,-6.955926692307685,146.90279307692305
85,85,Deer,45.856,46.176,0.919,19.06438313103448,13.373969803448276,23.28705290827586,3.9168974344827583,17.48240827586207,767.1120855172413,54.467163285714285,-83.56079250985219,-40.87089331527094,-83.29377986206893,63.793937733990134,139.90904384236458
86,86,Rodeo.,46.416,46.896,0.917,32.91643208333334,1.8553345211944452,21.280589173888885,-7.364292919444444,18.119985833333335,671.5467830555556,-23.228644407979402,-39.9935206285135,51.76693196306306,-44.37666678700128,-11.913116267696262,-578.3698696911196
87,87,"Now,",47.477,47.617,0.8,13.779699938333332,5.834416003472223,25.401155905555555,8.83016664722222,8.997708416666667,909.3005125000001,12.649900022265122,-45.584262081628054,-3.591157731016732,-50.93319358365507,56.0530163127413,-585.461576254826
88,88,before,47.657,47.937,0.804,22.04460586125,15.93320515625,5.598134275,-13.793937099999999,30.2100061875,859.344231875,-4.323643072058832,-91.76619646323527,-114.74742099999996,-72.17318647058823,70.4076213970588,-293.83597867647063
89,89,we,47.957,48.057,0.827,19.931015783333333,-3.4939266166666667,36.895234183333336,-26.838773333333336,33.321836,1055.3720233333333,-114.5274818571428,241.62340785714287,516.5782892857142,158.1618228571429,-325.35538857142853,-1432.1736857142855
90,90,get,48.097,48.237,0.839,14.005856,-8.599791566666667,34.072318111111116,-22.717120394444443,34.215467000000004,714.2810822222223,93.58206500000001,-0.14996974999999474,-47.81077833333334,88.70733150000001,-135.57272666666668,-2709.4796833333344
91,91,to,48.337,48.657,0.809,9.134987366666667,8.083695327619049,31.530268600000007,-6.952544276190475,26.87565666666667,650.7006276190475,74.89105437662337,-84.05770279350648,31.889552194805187,-96.63676708441557,106.67561279220779,-432.2022980519482
92,92,the,48.897,49.157,0.655,22.57559004,15.489007919999999,38.086442612,-23.653486807999997,27.840854720000003,719.4748936000001,-57.12746207692308,-14.814045296153846,134.82981329615387,-68.89827755,40.52836380769231,782.6541053846155
93,93,footage,49.738,50.218,0.926,19.070137471698118,13.010771228301888,29.475627299056605,-2.7799570231132087,19.044534830188677,769.6130630188678,-27.37085735566844,-21.595022529833898,4.012236728753429,-12.499267493932432,19.774025221738434,106.51828519593617
94,94,and,50.458,50.578,0.685,13.3544835,0.09564222222222213,34.54504888888889,-3.8273345555555554,18.594599388888888,584.51195,179.5309487616099,-39.933822961816304,-18.706647781217757,-29.663481093911237,136.75709509803923,-638.2295593395252
95,95,the,50.658,50.858,0.947,30.81062464285714,-9.218992228571427,19.6133505,-17.897777257142856,31.195640071428574,421.9736242857143,-60.98646538461537,-30.57217424175824,10.016175934065934,-91.71692852747252,-12.990119670329666,485.0624747252747
96,96,incredible,51.438,52.079,0.721,24.117223280327867,12.475922329508194,15.806847414754097,-1.0452974557377055,13.865210327868853,663.5339157377051,-13.559274636700161,-11.49105436277102,-9.140898721311476,-27.248965488365943,21.205333461131683,228.62082800105765
97,97,body,52.119,52.379,0.952,18.212020253333336,-3.94525408,28.72924076666667,-30.969122246666664,26.183310666666667,613.6196866666667,-57.38298889285715,-29.13228807142857,170.27464499999996,96.85069692857142,-137.4354844642857,1325.0927232142856
98,98,cam,52.399,52.599,0.774,14.14719290909091,-3.950067254545454,31.076775090909088,-16.31426571818182,32.72247309090909,715.3197681818182,185.14238181818192,-125.9762722727273,5.1655736363636295,63.329451863636386,66.59442772727276,384.32516818181847
99,99,and,52.639,52.719,0.857,22.3660715,3.287488741666666,37.23353216666667,-6.865409683333334,22.39008516666667,582.0007133333334,18.07468714285712,416.6344336428572,-12.182467142857188,374.53400985714285,-193.6916214285714,2707.6390571428574
100,100,dash,52.739,52.939,0.979,11.257198145454549,-7.267168963636364,25.422675363636362,-16.667620554545458,21.106255636363638,565.0507236363636,-129.4900931818182,226.61833272727284,-76.18310954545457,177.88236495454552,-210.79783636363643,1392.9504681818187
101,101,cam,52.959,53.139,0.934,22.117781647999998,-5.175144319999999,30.8181607,-6.4619539349999995,25.4519273,574.8720860000001,218.9928088121212,17.771322787878773,24.864418484848457,101.16993043939392,141.61280757575756,-428.9403636363636
102,102,"video,",53.159,53.519,0.804,28.408473684210524,-1.8648290321052632,40.06023626315789,-14.525196863157895,14.458538842105265,495.12829052631577,17.729747280701762,-75.31237842456143,-99.25082842105266,-111.20417256140351,-90.74604701754386,-207.8641614035089
103,103,I'm,53.539,54.24,0.544,27.966154388888885,17.964489694444442,20.257327258333333,19.940640966666667,6.419922527777778,958.1934397222223,-12.620943243243238,-21.598158024453024,-8.21298975997426,-5.253884903474902,30.98154783140283,-185.3319941441441
104,104,gonna,54.26,54.4,0.106,21.8414764375,-1.2483831212499998,43.13204399999999,-8.8219543,31.995980125,557.80834625,-192.52013363095236,20.989157767857154,257.6926928571428,-145.28701226190472,-97.9471029761905,-4186.788005952381
105,105,get,54.42,54.52,0.697,14.6942187,-14.122756285000001,42.09980516666666,-24.121039166666666,36.592215,414.32955833333335,206.18488028571429,-180.46051350000002,3.5240728571428392,15.917769999999997,-9.540391428571454,283.5146714285713
106,106,it,54.54,54.58,0.68,21.815132666666667,9.810991133333333,38.233685333333334,2.984042966666667,0.0,517.9901966666666,-217.19369999999995,114.99204999999995,-304.882,245.68206749999985,0.0,-6620.432249999997
107,107,to,54.62,54.68,0.959,9.68696168,28.534958940000003,5.02353046,20.406055200000004,21.5013438,725.845284,489.2029350000001,-349.88628300000005,146.236851,-302.3391650000001,530.4843800000001,7363.413300000002
108,108,the,54.7,54.78,0.832,28.0381214,9.867818214,19.109662,-6.3763264600000005,13.8342896,749.381806,132.08939000000004,289.0473943,123.34798500000004,298.8502085,-8.14018000000002,-12946.34785
109,109,back,54.8,55.0,0.976,20.29405361818182,-8.9631774,13.272215405454546,0.8489055090909093,17.022741,743.1572627272727,-119.677654,255.55810350000007,4.060927136363634,220.17344154545464,-218.10862272727277,3511.472200000001
110,110,story.,55.04,55.42,0.801,25.260467952380953,8.53004020857143,21.61728712238095,5.057045335714285,17.58036161904762,651.5971976190474,128.23613129870128,-113.36505392467534,148.65565246428568,-45.943491092207786,-7.032337922077927,-1645.8230538961038
111,111,But,55.861,55.981,0.836,31.432869764285716,21.060740160714282,32.913541928571426,20.35028295,7.6797243392857135,856.4501975000001,-8.602841272577995,-16.878794588122606,0.04848056923918699,-32.87661625889436,10.439314196770663,-1009.0786709085933
112,112,Jank,56.001,56.201,0.7,8.172360818181819,4.538517609090909,39.80490990909092,-11.943051136363636,19.33499318181818,682.1413072727273,257.6970613636364,-73.45919277272728,47.66508545454546,-77.302434,-49.18881272727274,1362.1722636363643
113,113,can't,56.221,56.381,0.929,17.46218692222222,-2.105764988888889,28.976252111111112,-13.822670899999999,27.639741111111114,761.0608022222222,166.7533161666667,-29.160974999999997,97.75789416666667,49.637180000000015,76.65946333333335,1656.9653000000003
114,114,help,56.421,56.561,0.808,27.70995911111111,7.450694522222221,13.525273355555555,-30.980598500000003,18.356367777777777,648.1268866666667,37.32478083333333,197.6390347500001,12.01092133333335,49.274792500000025,-280.9305916666667,-230.6215833333334
115,115,"himself,",56.601,56.961,0.906,23.093690125,17.464725104999996,12.5965683595,-7.592071899999999,17.44727025,692.6685305,32.926605169172944,-68.18380784586468,-19.057144951503766,-131.59986165413534,-2.0318454511278152,-567.0382139097745
116,116,he's,57.041,57.201,0.872,-5.102397500000001,26.536505916666666,43.465451541666674,8.7991827,5.438724499999999,868.2404658333334,-200.11336678321672,51.80693059440559,146.67788120629365,20.30455699300699,-22.85187447552447,1874.8886451048945
117,117,chomping,57.241,57.561,0.817,19.837681392777778,-0.21891142777777775,22.87950784111111,-5.510148193611111,20.664713722222224,699.2236972222223,125.08847720485036,-18.24326207946337,25.598911660474727,-45.337002051857596,39.01695113519092,-2011.7040748194022
118,118,at,57.601,57.661,0.783,22.712498399999998,3.5567385200000006,41.2901174,-5.843901717,18.471458000000002,414.0519499999999,132.08676499999999,227.79554000000005,36.095635000000044,282.02012815,-474.49725000000007,-2287.7496
119,119,the,57.701,57.781,0.833,32.801722999999996,18.877357166666666,27.84807866666667,11.615963033333331,9.822162666666665,730.043665,102.54153142857145,201.8509928571429,13.825162857142844,215.32221800000005,-2.4297942857143093,2265.6087571428566
120,120,"bit,",57.801,58.002,0.855,24.78654672727272,3.5502542363636365,38.59149236363636,1.6172396545454548,10.692336,502.47127727272726,-11.620831818181827,52.92700859090912,57.76765590909093,31.058969181818192,-134.67074272727277,-670.9090999999996
121,121,Jank,58.062,58.282,0.808,16.967714814285713,9.050365099999999,47.562541714285715,5.410950071428572,15.814689714285716,712.36659,117.75665171428568,-3.8445224175824206,5.499007472527465,-31.060165010989003,33.05668175824175,977.350989010989
122,122,jumping.,58.322,58.662,0.857,23.36938912631579,5.7717268684210525,27.343900021052633,7.925720453684212,12.221348078947369,694.999944736842,74.51033391228073,0.1200928684210508,10.060989684210526,10.84835266491228,-15.423343114035093,-1519.5205850877198
123,123,"No,",59.122,59.222,0.958,12.743760625000002,12.102565367857142,22.470208675000006,14.783611057142858,13.810792857142857,886.1788457142858,23.02149376984126,-55.92439225095785,-23.542900912698407,18.671184296661192,47.4768219759168,47.8109652435687
124,124,"no,",59.262,59.362,0.81,19.900890285714286,-2.793616832857143,29.33749957142857,28.22393485714286,9.517765857142859,1067.5570228571428,-31.589642857142856,83.09068796428568,252.37286071428565,-64.35117321428571,-0.18830357142859003,859.3272142857137
125,125,this,59.422,59.562,0.95,10.156128599999999,21.559349,24.04809585,27.526718499999998,17.0860369,814.0377070000001,-258.46491636363623,68.45641393939393,-154.84052742424237,-45.7675415151515,-197.46622454545448,656.1681545454545
126,126,is,59.622,59.703,0.712,9.217945357142856,20.450934328571428,11.422225714285714,15.356211142857143,25.04646057142857,934.9704442857144,327.58760178571424,-393.8572453571428,-55.52825000000002,-112.65252142857142,149.9047267857143,-4885.504267857142
127,127,amazing,59.743,60.123,0.928,21.204806242857146,10.804384404761905,21.60738471428571,29.25991415904762,18.553371857142857,857.7441804761905,-45.71113894155844,58.9501989935065,18.831752402597402,22.43809283116882,1.8645997402597378,330.315887012987
128,128,because,60.163,60.383,0.972,19.775285084615383,15.672851192307693,23.44200584615385,26.216925230769228,16.99958430769231,808.6224184615385,-155.2518404395604,56.68748906593406,-63.4649195054945,-2.90376868131868,-45.972432692307684,-210.24056318681343
129,129,if,60.623,60.683,0.998,11.743479973333335,18.293401919999997,27.17988827333333,23.582318333333333,8.492258933333334,824.6328726666668,83.22407992857143,-117.8244994285714,92.49700871428571,93.81156357142856,-9.392136071428569,-810.4824928571429
130,130,you,60.743,60.863,0.9,22.17126419377778,10.6397619,27.781907888888888,36.954528444444435,24.837192444444444,678.8417733333333,125.69321168666669,7.8613904166666675,74.84676666666668,-68.14126500000002,-98.12140083333335,-4507.145475000001
131,131,don't,60.883,61.064,0.645,22.4416512,7.4787101499999995,-6.40831555,3.5142074,31.421974500000005,725.425313,16.712325454545457,94.08051372727269,-225.9810056060605,-138.93495199999992,10.613529393939388,-2206.4447060606058
132,132,remember,61.104,61.404,0.92,30.424755176470587,10.008545229411762,-6.935640026470589,7.008335082352941,28.47206188235294,769.0679352941177,42.48830649509803,28.132963308823527,-3.79194009926471,13.254061887254899,-25.256776470588232,-774.2520723039213
133,133,Ronnie,61.444,61.724,0.793,21.95518703125,15.663535475000002,0.5822071812499985,8.6814912375,27.43618575,537.6784825,-87.81253606617645,29.9851228235294,234.00252843382353,114.74040299999997,5.557471617647059,649.5377102941176
134,134,Jackson's,61.764,62.245,0.762,10.18045123923077,9.944777507692306,16.176868765384615,18.2538099,17.454359192307695,754.0943242307692,-17.646826828376064,71.64450319999996,-49.14331652820512,5.5453241059829,-18.02003246153846,840.8267564102558
135,135,nickname,62.305,62.725,0.916,25.623783375000002,9.140060457083335,27.49836775,24.019082,17.679810916666668,530.6248208333334,-3.902652847826084,-17.752955988043464,1.3408743478260865,-3.67704369565217,11.662312217391301,521.5939121739129
136,136,at,62.805,62.865,0.736,32.61892857142857,-2.3166731571428563,16.372165285714285,27.684190285714287,21.861219428571427,940.5261242857142,12.416658928571447,104.52634428571425,117.84424464285713,-80.74805714285714,-13.102910714285722,787.8939821428565
137,137,the,62.885,62.965,0.832,34.7105032,17.8785801,17.8619312,-3.7180878,21.8078874,590.385542,170.81503500000005,160.37402000000003,19.232354999999995,-321.61868000000004,-8.170470000000007,-2367.8132500000015
138,138,White,63.005,63.165,0.899,28.895565899999998,3.2468620234999994,12.51834789,6.943154660000002,23.9500366,602.528532,-100.98109969696965,-131.49886494090904,73.35673512121211,431.3340810303029,-10.144011515151519,-1476.2653696969694
139,139,House,63.205,63.385,0.852,18.130231363636366,6.481172821818182,7.656036481818182,19.340460672454544,15.233514454545455,702.5882499999999,-158.60958727272734,177.96024765454547,102.59894922727275,-315.4306220522728,-121.50365000000004,1510.802777272728
140,140,was,63.425,63.526,0.915,10.369917285714285,28.401857,24.680254571428573,0.4456354857142862,10.897075000000001,940.3274114285714,81.56303517857144,220.83034107142856,30.297651785714294,264.2944846428571,59.667341071428616,3585.089464285714
141,141,the,63.546,63.626,0.937,17.937070719999998,22.253880199999998,21.343499259999998,32.6383242,8.222046,1017.9899079999999,228.74080400000003,-34.83766000000002,308.8117020000001,45.21542500000003,-105.26662,1435.6994999999988
142,142,Candyman,63.666,64.246,0.878,20.14961237419355,5.914006487096773,30.884116322580645,20.62334981935484,14.881942870967741,689.5177654838709,52.34017087499999,-30.843114235887104,-39.303573387096776,45.21322491532257,-3.9387559677419333,-404.6024306451612
143,143,because,64.766,65.107,0.808,10.604816479302325,7.24689241627907,19.045217476744185,18.819699341860467,6.483295418604651,789.8463390697674,-16.326974840305034,22.267839770462093,8.951804156599215,-12.073929564331014,23.098179069767447,-333.9878742071881
144,144,of,65.167,65.227,0.748,24.953271,6.388795083333332,23.86775533333333,-9.936986815333333,21.8196635,810.7196833333334,114.82747142857144,94.95359271428573,-24.809711428571447,74.41602505714286,-24.770335714285714,514.4944857142857
145,145,all,65.347,65.487,0.807,27.223958615384614,19.72506476923077,18.802428146153847,-23.67390822307692,17.77315115384615,727.2430838461539,-58.360029120879105,90.68955109890109,47.569865329670336,-189.5821239285714,54.06498406593406,966.3938131868132
146,146,the,65.507,65.567,0.985,23.488608499999998,18.2184705,28.427557,-9.8079982,10.19576875,882.45069,34.31306000000002,-93.61935000000004,52.868920000000024,345.6027920000002,-414.85018500000024,3957.5578000000023
147,147,pills,65.627,65.887,0.793,14.1365903625,18.6104174875,10.31444463125,1.4499972625000002,17.035788874999998,686.733818125,14.082515382352941,170.49626485294112,-30.01615599264706,-139.2683298088235,89.37448867647058,-914.0691404411765
148,148,that,65.927,66.067,0.886,16.015821688888888,18.70648556666667,18.8241739,28.061842555555554,20.635867333333337,760.3005088888889,198.11403733333333,-241.0552618333334,223.91303300000007,136.48785750000002,-27.90483666666667,-919.9483916666667
149,149,they,66.168,66.348,0.942,19.333131742857145,8.266055468571427,25.127713749999998,31.028739371428568,10.95276692857143,665.5914885714286,-107.27958303296704,-27.77342043956044,44.1135874175824,90.29232593406593,14.746349340659346,83.40924835164813
150,150,said,66.488,66.768,0.876,1.384245857142857,6.245577866666666,11.34418996857143,16.56703017142857,12.303801380952383,557.7989714285713,183.63183824675326,-36.55783820779221,119.92618677922079,40.14990152597402,78.25653396103895,-130.65875974025968
151,151,rumors,66.988,67.409,0.762,22.5118216625,12.686928165625,16.003400894687502,15.958507197812501,14.3015329375,839.40429625,-39.43247149376834,-5.975101302236074,-30.215618121975808,-4.757328579820382,16.013868859970678,103.70262866568925
152,152,were,67.489,67.829,0.6,30.675689919047613,15.095557847619048,1.4729711952380964,1.4368252190476187,20.764131047619045,698.4330314285713,11.62497246753247,-39.10253886363637,-142.6520964155844,38.0283677987013,6.060179805194806,-151.21228506493512
153,153,that,68.049,68.169,0.958,25.28366217647059,15.263067764705882,18.68222605882353,27.376837411764708,14.687561911764705,892.1116411764706,-70.59602696078431,13.958897401960785,117.33032732843137,-33.927186642156855,32.23356366421568,-285.3452426470589
154,154,he,68.189,68.329,0.808,15.616150625,9.8876334875,45.465227125,32.592720125,14.401871750000002,747.7606975,104.47151130952379,-122.93718351190473,124.15574464285716,-44.61516011904764,-207.17326785714283,-681.4494166666655
155,155,passed,68.369,68.71,0.917,12.328090999999999,4.9548894356315785,0.0461332942105266,16.648582789473682,10.973059105263156,652.4366805263157,-103.60237692982459,131.44754954921058,-54.98026991754386,2.1443234210526305,-20.45519412280702,-184.51296140350897
156,156,out,68.83,68.97,0.801,24.598573269230766,-1.1155076538461541,1.5573067279230772,11.065516215384614,19.874778384615386,568.87864,35.03450824175825,0.2751073351648412,87.0271466392857,-17.099458489010992,9.065079670329675,1371.946324175824
157,157,to,69.29,69.37,0.989,12.018940725,7.259041903000001,14.397817135,23.732970650000002,2.3670638,828.5977139999999,11.714733319548873,43.39068518421053,-8.02388268045113,0.9822315413533893,32.02042481203008,-1185.1182112781958
158,158,anyone,69.43,69.71,0.978,31.21454323529412,3.292164417647059,18.30234412941176,21.985408105882353,21.921994588235293,624.23188,37.703262377450976,24.15244398284314,-69.08067397058822,-65.0344012254902,-7.125123529411765,704.1469240196078
159,159,who,69.75,69.85,0.903,35.83669028571428,9.536163614285714,5.3070247588571435,23.12219472857143,22.18595542857143,851.6785428571428,132.13011250000002,-38.574569821428554,13.397590157142853,-370.5880441071429,25.69370357142857,-645.5330357142853
160,160,asked.,70.011,70.251,0.87,6.7457127142857125,4.451776597142858,5.620190614285715,10.696053142857144,9.487001999999999,646.1303700000001,-144.4814825974026,130.48405506623376,-19.996942227272733,48.6125547012987,-80.9072229220779,491.92943441558447
161,161,And,70.811,70.911,0.751,14.232722788484848,-0.1419930666666665,14.395605572727273,22.680822,7.919360060606061,656.6184178787879,49.750325498997334,-10.294738094919785,21.080403003008023,15.728299298128343,49.80131943516044,-432.84521557486636
162,162,so,71.011,71.232,0.899,8.752660775,11.91937648875,13.2766105625,-0.2693690500000001,15.9108985,857.07344125,206.5776503529411,-98.82662851323529,15.926155,-60.75086639705882,107.53356249999997,-416.69317352941187
163,163,we'll,71.692,71.872,0.72,25.33886021875,7.5423534906250005,18.209365559374998,13.6996821665625,20.07258221875,729.409978125,8.157241431451617,33.518422588892975,0.10533222049120154,-31.853663727730954,23.895510071480942,-346.074097690616
164,164,get,71.912,72.052,0.819,7.7623564555555555,2.5918115022222223,26.34072555555555,15.890868977777778,13.179111444444445,577.7972733333334,64.68151775000001,-108.45736592500002,3.643062500000001,-83.74128566666667,-249.2879416666667,3345.5687166666676
165,165,later,72.132,72.432,0.924,23.82823828947368,0.5436186736842104,26.71490415789474,12.890710089473684,25.837243315789475,826.4576136842105,66.88965929824562,-75.62745392105263,-40.618876228070185,142.9997096052632,-8.721634912280706,1447.7364254385968
166,166,to,72.553,72.733,0.84,19.012401360000002,0.6975318180000002,16.611464733333335,25.170965126666662,14.238398133333332,926.1947459999998,25.980856785714288,-13.632943944642856,-18.773562321428567,-3.207885607142849,89.33044982142856,-646.1312339285713
167,167,his,72.753,72.853,0.025,7.762971499999999,7.176359333333333,28.244722333333332,20.552486583333334,11.2016795,1048.143295,-479.31811571428574,340.6855828571428,-57.999380000000016,-283.8340664285714,-289.2056528571428,475.08835714285726
168,168,sweaty,72.933,73.233,0.966,10.547264210526315,0.9517728672105262,22.204837942105264,15.245759131578946,13.982396842105265,837.8343268421053,162.32523736842109,-23.33560044342106,154.34773188596498,187.0119690526316,42.38464710526316,1183.8157228070177
169,169,press,73.273,73.533,0.789,9.94518022666667,1.9416377854933333,1.9480237733333334,15.716316859999997,7.997979266666667,781.87235,-167.89746007142853,44.07730437599999,-44.29494339285714,-33.942121714285705,-44.055773571428574,-497.68860892857134
170,170,conference,73.553,74.054,0.932,21.85339533153846,2.157855926923077,8.070721686923077,14.856759221538464,15.478063923076924,728.5611676923077,-51.49576788136749,67.55808958461535,38.65434785538461,-22.688662762393157,-9.782079999999995,1022.4464601709399
171,171,about,74.274,74.514,0.894,35.52022034782609,-1.7637924217391312,5.1443558000000005,14.9782804,14.939867130434779,705.1223239130435,-5.557747776679841,-47.39695702075097,-2.4765235721343832,59.218040592885345,-4.771023962450591,-444.9907144268772
172,172,"Trump,",74.594,74.834,0.855,19.204061625,-3.1788490931249997,2.79444370625,13.73468807875,11.0834985,718.13483625,170.02483605882352,100.81534270220587,21.610323110294107,-75.87154560735294,45.13813367647059,118.34942647058796
173,173,which,74.874,75.014,0.967,21.9479068,9.335662955555556,28.55356888888889,18.469517766666666,9.535540777777777,907.0358444444444,-448.9417555000001,-87.39492100000001,146.53674750000002,140.8126199166667,-108.55757583333335,2050.8160000000003
174,174,is,75.095,75.155,0.282,-7.987796514285715,22.039122950000003,21.173435,0.8598793999999998,5.8894519999999995,1011.3218328571428,-161.24282017857144,-211.34840723214288,-207.70884642857138,-59.11786928571429,-184.47371964285716,-2964.147214285714
175,175,hilarious.,75.195,75.715,0.821,22.36314717142858,6.110839432857143,11.786779932142858,10.727910211071428,15.299446392857144,583.8516889285714,-61.57847232895456,39.08975782840722,28.718156815818283,97.23994098563217,-29.97573518062397,695.1653939518335
176,176,But,76.095,76.195,0.905,9.35265749375,3.901093408333333,13.561962766666667,19.492216408333334,6.969920979166667,853.1955091666667,91.91773231413042,-26.986269269565213,9.43628277391304,-14.43788418260869,63.75057438043478,-445.88568130434777
177,177,I,76.235,76.335,0.549,20.811276414285715,-2.6663128285714293,14.545122557142859,31.38181,23.679185142857143,625.2774457142857,-168.9357844642857,185.98788,257.1633958928571,116.42097142857145,-71.87824107142859,3693.4399107142863
178,178,gotta,76.355,76.556,0.65,19.678027545454544,5.451655520454545,10.078685525454546,20.068322766363636,31.026440181818177,565.1838154545454,71.8312590909091,74.63403972500002,161.43380790000006,188.4952501227273,-23.52800454545456,3088.200031818182
179,179,give,76.576,76.676,0.872,17.317366216666667,10.239674166666667,28.336340500000002,24.520130166666664,27.38993533333333,985.7508483333332,207.0372078571429,48.62785,-44.05478714285713,80.39099285714285,-44.67923142857142,48.97778571428656
180,180,the,76.716,76.796,0.83,29.1848605,17.490831666666665,25.660000166666663,12.362811616666667,24.122302166666667,711.0973683333333,174.03201857142852,125.83185999999999,35.042801428571416,18.02295757142858,-17.656487142857127,-2739.5980142857143
181,181,brother,76.816,77.056,0.858,27.01454961538462,3.5402592000000004,5.663637307692308,13.372072466923075,15.535719615384616,794.1800715384616,-45.35492637362637,-51.07577945054944,151.918321043956,102.80816182967034,-119.02968681318679,751.1799093406594
182,182,"credit,",77.076,77.336,0.819,26.226620642857142,-4.350475971428572,8.686233242857142,32.12671633285714,5.279227785714286,825.3910464285715,12.47579263736264,52.313353890109894,134.0449504395604,41.259257738461535,-33.45810846153846,740.5344626373626
183,183,those,77.797,78.017,0.879,12.26078675,20.173796820588233,21.33103247882353,19.675565764705883,9.865072102941175,977.801072647059,-28.324226864018325,-5.187785608097783,-14.255289519633301,1.0757624140565316,21.371995351413286,349.5058052711993
184,184,two,78.097,78.337,0.855,-0.5717893206250002,-2.0155404937499997,13.618758437500002,15.531495950375,10.6386685,922.346304375,214.36006933308818,5.9266608602940964,-27.505524044117653,123.16796829279411,24.270945588235296,915.6517183823526
185,185,"things,",78.377,78.617,0.836,12.55122147142857,11.45749327357143,24.22564005,32.57901485714286,14.057593500000001,874.8480207142859,-67.266961010989,16.67721296373626,73.23890289010988,-60.00607472527471,-31.032753736263725,1173.346036263736
186,186,you're,78.657,78.877,0.615,26.144592876923078,8.629924483076923,-4.657765446153845,12.791580369230768,21.761626153846155,934.0042369230771,132.29070384615383,91.66070093406594,-254.99650313186814,-86.36089989010989,69.43294615384613,-616.3914532967036
187,187,a,78.897,78.917,0.468,12.114062149999999,22.5813925,4.51822557,24.9423825,0.0,1049.256565,-508.7202849999997,21.27304999999992,-492.71824299999986,-403.4490499999999,0.0,-6545.853499999989
188,188,full,79.038,79.278,0.932,12.701347827777779,32.32119272222222,4.671272944444444,-20.43722026111111,18.34617211111111,739.7172144444444,63.46960839525284,28.17456114551084,82.28095468524253,-235.02241842621265,117.2733182662539,220.6004974200207
189,189,on,79.418,79.538,0.809,25.736648000000002,9.52429281923077,4.471435613076922,-4.604979484615386,25.979531692307695,606.8930892307692,63.630147802197804,-6.851541208791209,130.26685980219779,394.3597742307692,-11.783391208791203,2674.679409340659
190,190,penis.,80.178,80.519,0.939,17.137570118367346,16.11418074693878,19.806226712244897,25.53513853469388,5.488360734693877,915.860447755102,-22.25389683469388,-29.969685088775513,4.31005068010204,8.357267111224491,5.746581505102042,-461.4942075
191,191,It's,82.322,82.442,0.304,4.652303717083333,-0.7631173158333332,10.743700245520833,6.639941252395833,6.876854739583333,805.4047534375001,5.713752626783776,0.7787957902061854,-6.389084772968666,-15.734799414409252,13.717272155113944,-28.610374325149216
192,192,hilarious.,82.522,83.362,0.874,16.477867641304346,7.909627148195653,9.124680347826086,5.42083327,24.10199519565217,702.8759834782607,12.831205780141843,-2.492159004788775,47.757491289546714,51.704726311501695,-7.39007902867715,130.6235266728338
193,193,And,83.883,84.363,0.55,12.069152529999998,6.7766674514,2.258408722,3.1468931784,23.649937100000002,722.1433430000001,22.09126244729892,5.248300882184871,19.496126853541416,-15.1620927262425,28.96031819687875,410.0406634093638
194,194,by,84.383,84.503,0.917,19.787173857142857,0.6660285528571427,-5.2317440857142845,-6.230727642857144,32.098270142857146,600.6766614285715,-131.15615714285715,-81.43269171428572,-100.41349035714286,171.2744857142857,-2.4585607142857278,-5980.646089285715
195,195,the,84.523,84.603,0.211,26.957875199999997,6.6576230999999995,-10.7098198,21.0830076,29.521997600000002,754.293232,242.34073500000005,-4.763519999999994,-28.145080000000007,-52.25719500000001,-64.18617000000003,4936.998799999999
196,196,"way,",84.643,84.703,0.034,26.0263008,10.1776303,3.6169340600000006,16.62423356,25.9037368,622.353656,-42.13360500000001,178.14693250000005,470.05177000000003,-326.48147200000005,16.54056499999998,4985.441400000001
197,197,look,84.723,84.863,0.532,20.19660025,12.318032662499999,11.72174945,8.245914375,30.953319999999998,851.0477575000001,40.18929761904762,-87.6028151785714,-171.63221833333333,344.00604464285703,1.5596976190476215,1087.4858214285707
198,198,at,84.883,84.963,0.198,23.3849488,18.6028094,9.577832220000001,-3.6363299800000006,26.180544400000002,578.474046,-22.335295000000034,11.394314999999976,317.4879905000001,123.25870400000002,-50.352065,-5424.094
199,199,white,84.983,85.163,0.939,14.972130199999999,17.761136,5.22886927,4.586277530000001,22.150112,831.3043359999999,-33.267192121212126,-13.222415757575751,105.83332360606059,243.76489851515146,-81.96883999999997,3174.313884848483
200,200,"privilege,",85.203,85.603,0.811,21.428668374090908,8.785973713636364,13.551308427272728,18.19467195,10.067080954545455,967.5974209090908,-66.58240406804065,3.908323447204969,81.26446327498589,10.067453938452845,-41.42601002258611,521.2761688311689
201,201,saying,85.783,85.963,0.74,-2.8885631277777772,9.614286818333333,16.069031311111114,17.25608145777778,18.28917994444444,719.4539216666667,177.17227211042314,-56.37194324613004,-43.387116264189885,83.09372511248712,96.09378560371518,-2013.042169762642
202,202,that,85.983,86.103,0.886,28.584206714285717,-0.8930480285714284,6.8489632,23.83956942857143,24.212517428571427,533.0040457142858,47.24441964285717,-8.714360714285723,99.76504589285712,-46.30269821428571,-26.602991071428555,711.6283392857141
203,203,to,86.143,86.243,0.889,21.59277557142857,4.478312342857143,11.649860028571426,17.456172142857138,13.013080285714285,874.9449842857144,138.02744464285715,76.63377089285713,-195.90670000000003,-32.41950964285716,233.60738392857147,355.5587321428571
204,204,a,86.284,86.364,0.533,34.79654033333333,6.727433183333335,0.8475463000000003,13.9613505,9.8471225,784.2248300000001,-67.41323428571425,91.30059728571426,109.49236714285713,38.32708428571427,-255.4459814285714,-2890.0513428571435
205,205,cop.,86.404,86.684,0.965,22.1926235625,-4.79601809875,-7.2140054437500005,7.7244071675,0.0,617.72231625,68.69092507352939,16.051752198529414,9.992471742647057,-4.038090417647062,0.0,763.959644117647
206,206,You,86.784,86.864,0.487,25.916574333333333,14.293771000000001,16.27325422222222,25.453927111111113,5.877571777777778,824.5024511111111,-10.654025000000006,-48.888604166666696,101.67600750000003,190.98260500000006,154.5878366666667,-548.0639249999998
207,207,think,86.884,87.004,0.441,22.085629142857147,5.724417371428572,26.837559328571427,26.091584000000005,27.096631285714285,534.4533442857144,-207.47033392857136,26.01764214285715,258.68846732142856,-154.1373357142857,-30.918442857142846,-6451.32480357143
208,208,a,87.044,87.084,0.328,31.849808,10.233853775,41.07071425,19.65435975,16.433897,751.0918825,89.55416000000001,166.16300350000006,278.25848500000006,163.35484500000004,-344.49220000000014,7541.744850000003
209,209,black,87.104,87.304,0.637,22.34845290909091,2.345724686363636,10.818897468181818,6.371647613636364,19.56969781818182,561.4969845454546,-47.058720454545465,-50.549697863636375,94.43325352272731,188.15195329545458,-140.65429181818186,821.0548090909094
210,210,guy's,87.324,87.524,0.403,15.787505586363636,10.432533363636363,14.656719818181818,24.10860518181818,28.44819827272728,596.070370909091,-56.14323145454548,242.65767218181824,21.253804090909096,38.508049090909104,-6.648149545454546,1798.5907500000003
211,211,gonna,87.544,87.704,0.208,9.114645266666667,22.60822911111111,12.571190555555553,24.91815311111111,15.09792,770.1163455555555,-356.45751133333334,219.96523916666675,-87.76559333333334,-41.164641666666675,-232.6403425,4397.616608333334
212,212,say,87.724,87.844,0.782,11.994109785714285,0.5082550000000005,15.629229142857142,18.515497142857146,25.00877314285714,573.4022128571429,247.7257321428572,-167.19232071428578,81.35970535714284,69.24001964285713,151.4335767857143,-2863.054750000001
213,213,that,87.904,88.044,0.877,22.7396235,3.782118147,2.9435849099999998,21.3268047,28.175468000000002,600.306055,2.122352424242414,-9.065912433333331,22.69168954545455,-101.34206696969694,-10.421427878787872,26.65809393939384
214,214,and,88.104,88.204,0.78,35.702420625,22.555550750000002,31.713507874999998,27.430103875,23.676803125,902.5378575,43.035512499999975,-27.955494047619037,98.2375208333333,-59.94279107142856,-22.19581726190477,477.69989285714286
215,215,get,88.244,88.364,0.735,22.190949625000002,0.9623242249999988,28.59088975,23.35486425,22.46030375,622.71241375,62.62959583333331,-308.46178738095233,-279.9261011904761,-106.61374880952381,96.1006357142857,-669.868458333333
216,216,away,88.404,88.564,0.911,29.4242436,2.7497039990000003,12.761314,-0.5141977399999996,26.4335686,816.495484,-93.17263696969694,-116.59444374848484,26.874399393939395,143.52233248484848,14.61423696969696,1623.747569696969
217,217,with,88.604,88.744,0.91,23.960838222222222,3.0766449888888894,8.795348044444445,19.84514088888889,28.834008444444446,948.00676,-33.38696916666668,-94.42575233333336,-2.700948083333337,110.91504583333335,8.162070833333333,1417.0663249999998
218,218,"it,",88.804,88.864,0.748,16.8243975,-0.44174654500000005,9.9991854,24.7794425,15.603525166666666,678.3838883333334,-16.57287285714284,-2.4537533571428534,301.1627917142857,-74.58367285714283,-396.97865571428576,2158.7009285714284
219,219,right?,89.064,89.325,0.451,25.669162260869562,-0.8615545265217385,21.81439878695652,16.524612782608692,12.313057043478262,662.7194460869566,-19.84061472332015,-22.050977302865608,52.69445422924898,-5.038617243083,45.762187499999975,-501.8617633399208
220,220,"Anyways,",89.965,90.365,0.847,6.876550375961539,8.647732185576924,15.818751678846155,13.932513376923076,11.178029346153847,794.2754923076923,15.471436739413473,-0.051543131499188856,-4.577832174720394,33.44476849526168,27.014518470929737,96.00152625288145
221,221,let,90.845,90.965,0.962,13.920968890000001,6.282859479,9.673548048000002,4.680313596666667,20.919975133333335,677.005876333333,44.97525428809789,-19.60379133136819,-4.821002965072304,-51.81543146051168,58.25565908787542,-748.9598924360399
222,222,alone,91.005,91.245,0.784,24.079776785714284,16.632806535714288,13.984709050000001,-20.35225507142857,27.318881285714287,817.2637735714286,69.20363901098901,-17.62812225274725,15.421081175824172,171.04724758241755,-21.506538681318673,-532.1229615384615
223,223,Congressman,91.685,92.186,0.761,18.509194785106384,10.33460240425532,14.616810605319154,12.976524628723409,11.354100489361704,896.994545319149,-2.3687649375578173,-22.447269250115635,-4.350436075682238,-13.448231811112395,14.7822456579556,-35.580864535152614
224,224,"privilege,",92.226,92.646,0.766,20.547037534782607,9.950733155234783,15.274951954347827,8.697185371304348,18.165031347826083,898.3747356521737,-54.61701978754939,20.764216536897223,125.93005559782603,64.32819010079048,-3.6930081521739138,537.9146383399207
225,225,Republican,92.706,93.286,0.859,22.80383885625,6.8774374578125,16.010154295625,11.939397476875,16.60741075,831.4634790625,2.6049986491935515,-20.68592407120602,38.06147680920088,54.9585820672654,23.92144336510265,702.0039491385631
226,226,"privilege,",93.346,93.806,0.862,21.48977388076923,10.524847550769229,12.912708832307693,15.326808726923078,17.365412346153846,967.1717980769231,-25.354057670085464,25.57926544888888,78.53988507521365,-12.887407974358974,2.611769555555562,530.2914750427348
227,227,etc.,93.886,94.346,0.762,21.39353366666667,3.8171604296296295,7.133674500000001,11.450968561111113,18.448532592592592,670.3937544444444,81.76739581807085,-64.17886445970697,-51.37231755860807,-15.746032794261298,23.030023473748482,-1524.7377670940175
228,228,And,94.947,95.067,0.776,13.147667544444445,4.412104352777778,10.690421872222224,31.548470166666668,11.031490472222224,770.2840208333333,15.00849913410553,13.778059624839123,8.81760625096525,-2.674915057915055,21.707887187902184,-493.10832953667943
229,229,then,95.107,95.367,0.883,19.875326066666666,3.373918218,19.876622866666665,33.3044626,25.684079133333327,674.5134926666667,15.334418214285716,-22.85043531071428,92.18169928571429,-26.366189464285704,-10.91635964285714,-6.944439285714365
230,230,you,96.547,96.707,0.796,18.40002418208955,7.252235047761194,17.258594098208956,21.9752251958209,10.014587895522387,816.5894037313433,0.4676763039747787,8.197287011732778,3.363496295155238,-6.754387615172797,9.556239079335937,-129.4683828517838
231,231,better,96.727,96.907,0.74,28.351037,-0.055341010000000246,-3.723707019999999,33.087038899999996,23.1431271,955.930272,147.73907878787875,0.918921060606056,-10.80393757575757,78.50604515151514,-9.378525757575748,-244.55776969696953
232,232,recalculate,96.967,97.708,0.899,23.595165825,1.6011535849999998,17.2461065475,30.426040684999997,18.7736134,866.8995474999999,0.994293020637896,0.5513598667917454,-30.73088075375234,21.392131245778614,9.094583236397746,-374.7207499061913
233,233,mother,97.748,97.968,0.928,29.371687846153847,9.18734783076923,6.936144823076922,-3.5395441769230773,23.57112469230769,550.2779630769231,37.154612087912085,-89.25411884615383,-93.99259634615385,93.9081726098901,-2.199544505494507,-1875.6656730769232
234,234,effort.,98.028,98.308,0.653,21.76409024117647,2.6598682058823533,8.294077083529412,13.580006364705882,17.907357764705882,809.490244117647,-40.40692433823531,36.025222607843126,11.067737678921565,-8.892883578431373,-71.8476737745098,1789.1185392156865
235,235,He's,98.508,98.628,0.36,10.975718612500001,0.13810269375000006,7.168085538125,8.371642337499999,35.716921562500005,763.538614375,-74.66285676470586,-8.005288875000002,-70.0839155845588,-49.68895879411764,-33.4337406617647,-984.6357242647058
236,236,a,98.688,98.768,0.733,12.830877728571428,-5.7370778428571425,-2.4234700571428576,-8.77083199142857,39.12970085714286,925.8311657142857,101.6128369642857,-3.844159464285713,140.26788892857144,-88.67176578571429,-23.987030357142864,2805.865392857143
237,237,good,98.808,98.988,0.796,7.375298645454546,-0.3270885390909088,-9.8444256,-11.289756836363635,23.623828545454547,916.1995281818184,15.181771181818185,50.557632995454554,33.36336909090911,-47.52399031818184,-176.74652272727278,-1268.6063000000004
238,238,"line,",99.048,99.488,0.591,7.955428519999999,-2.38910532,-10.9468547816,-22.949776779999997,24.236056120000004,696.7608236,-1.6935321653846156,-62.39512524615385,12.323639769230772,43.66180128846154,109.70283261538461,-494.80161576923086
239,239,it's,99.548,99.768,0.27,6.757194657142857,-1.5744892664285715,-2.5049070428571425,-4.591478039999999,33.11572235714285,782.838555,28.753491362637362,-62.29003893076923,-79.26728404395602,19.445428914285714,8.130024725274733,-276.0044560439559
240,240,a,99.788,99.808,0.132,22.206172,4.5166895,10.931048,14.524617,38.9050905,766.84715,39.17339999999993,-50.49924999999999,92.8804,-212.9599999999999,43.51654999999963,-18808.984999999993
241,241,good,99.828,99.968,0.912,10.206373249999999,-2.1249914587500003,-10.797548599999999,-4.509609300000001,39.736252875000005,993.070825,-8.89070357142858,55.381745291666654,47.87987595238095,-241.47951940476185,-1.753643452380947,-1413.5524761904755
242,242,"line,",100.008,100.188,0.568,7.191263727272727,-8.546115681818181,-1.8388588818181821,-22.2935873,21.612712272727276,749.3149327272727,8.95468840909091,-55.989512954545475,17.810510863636388,191.42394490909098,-126.68545454545459,-203.25586363636378
243,243,you,100.208,100.308,0.384,5.229768983333333,12.729030000000002,25.224510166666665,16.163353833333332,30.748641333333335,541.027155,-26.570198142857144,-159.79419142857145,189.17871857142856,-48.48289571428571,265.0061714285714,-5990.642242857142
244,244,gotta,100.328,100.509,0.65,10.37013641,-12.275186080000001,4.03668694,5.54748146,37.210446600000004,625.0047080000002,46.95650475757574,44.5588784242424,107.77176866666665,55.96186454545455,3.2533921212121353,369.7726606060605
245,245,give,100.549,100.669,0.937,11.6015461875,-5.9533149624999995,7.840296237500001,4.879936750000001,37.568903375,885.68675125,137.9970051785714,-193.7229386309523,-244.98979886904758,-193.76849821428564,-4.828105357142846,3018.939196428571
246,246,him,100.709,100.789,0.659,20.537933499999998,-4.032694916666667,5.921187983333333,0.973886483333333,36.026559166666665,972.5657166666666,38.20879285714286,297.7024650000001,216.72349671428572,276.31589299999996,-12.435615714285694,-1051.8735714285715
247,247,that.,100.829,101.069,0.877,21.589405785714288,-5.777123364285714,-0.5084509714285722,17.38381013571429,27.151546999999994,618.709065,56.64063747252747,-36.63899328571428,22.85803182417582,142.8626035054945,-74.34588021978021,725.3161109890108
248,248,It,101.209,101.269,0.916,20.792080600000002,1.8875895950000001,26.4960011,1.9681407000000006,20.712834299999997,617.522598,16.286646666666673,40.53748908181817,92.52891969696968,-182.4201215151515,217.98426939393937,-1381.434963636363
249,249,might,101.309,101.469,0.88,23.564738100000003,-11.150355596,13.241171859,-12.41923069,29.8243111,909.555601,-53.58007121212118,7.275478630303026,63.83135179090908,-152.3426224545454,-241.47162151515147,-1381.0023363636358
250,250,be,101.489,101.569,0.743,16.450162,-3.28024299,36.466398600000005,-22.593741060000003,41.9717792,966.822588,-118.16687500000002,-39.87405425000001,128.55419000000006,-300.3596320000001,-12.908989999999962,6428.809600000001
251,251,the,101.629,101.729,0.358,26.5273775,15.999607675000002,9.913474862500001,-15.80566510875,38.713830625,875.85992375,99.41400952380951,130.19760488095233,-196.42031624999996,-108.66858467261902,-8.332339880952388,-1389.339732142857
252,252,line,101.749,101.929,0.487,21.96304846,-1.90155383,7.68575206,-16.68953573,36.4207545,684.9352630000001,-36.63341842424239,-25.20417578787878,271.710935030303,82.70826554545452,-11.460716060606071,-202.8847727272724
253,253,of,101.969,102.029,0.041,29.179472599999997,19.3385512,28.694252800000005,6.59394384,28.8842864,534.812378,69.55166500000006,192.89708500000003,38.075084999999994,326.5280740000001,-129.07375000000002,1139.0480000000005
254,254,the,102.049,102.109,0.153,23.28114825,13.27541275,50.448744,0.8205291749999999,31.4776565,681.4718,-50.19228500000001,16.452525,366.7311800000001,-323.3535635000001,-26.79079999999998,1869.810000000001
255,255,year.,102.129,102.329,0.83,23.06482172727273,2.283280613636364,33.45873138181818,6.59013289090909,16.65601609090909,473.7861427272728,106.6982481818182,-110.30714659090913,-370.22964631818195,204.38859322727274,-211.62267590909096,-1759.2760272727278
256,256,I,102.469,103.149,0.622,17.275703794634147,-0.16857969999999983,8.717735815292684,12.621040314634145,22.553260463414635,680.6748126829268,-17.273987145121954,-45.362886421602795,-10.766243256994777,-54.45144024477353,50.09739274390245,110.2109743902439
257,257,might,103.189,103.39,0.78,10.7821214,-3.8009949083333336,12.474106033333333,-14.594519126666667,29.473865333333336,908.9432358333333,-123.11798104895102,-138.1135788286713,227.85298241258735,-159.78677543356645,23.353236013986024,2139.404795454545
258,258,use,103.51,103.65,0.799,7.716892138461538,11.9768873,16.821962284615385,-2.8931673538461533,41.435004923076924,1126.8161453846153,-26.2061203021978,179.01375535714286,-204.39758054945054,184.69620714285713,-15.39818653846155,-500.01509890109907
259,259,that,103.69,103.87,0.849,18.16708959090909,-10.044392499999999,3.5124921436363636,-23.19557432727273,28.105593909090906,610.9015472727273,70.44702454545455,-113.73133250000004,-42.783776981818185,-191.34608209090914,-218.9423045454546,-1700.6500409090906
260,260,line,103.91,104.17,0.851,21.106726433333336,2.210587746666666,10.422446446666667,-22.535007506666666,30.410343866666665,652.1169659999998,-16.550798035714283,-29.840673732142847,150.3227400357143,109.05718516071427,-93.97954874999999,-1173.4001339285712
261,261,now.,104.21,104.39,0.989,26.70992818181818,-15.988522663636362,18.63951912727273,-13.705391675454546,30.766772545454547,455.0288072727273,-33.85891772727274,-68.15032354545455,-208.29939231818193,-128.46910108181822,10.393509545454547,673.3672545454547
262,262,moving,104.77,105.03,0.882,32.46164440625,14.725707665625002,17.41629525,-4.69392689425,19.579491203125002,778.819998125,-22.83471206928153,12.544870669904693,37.203747437683305,33.07525374391496,45.72185022452347,224.49387554985339
263,263,forward,105.07,105.39,0.897,28.304804222222224,5.279422238888889,6.857469741666667,-5.655733877777777,23.170144777777775,820.0091472222222,117.33047998968009,-73.30810558823528,-39.89903255675954,18.777394881320966,11.883316821465419,-331.33468266253857
264,264,for,105.41,105.491,0.986,9.699907266666667,6.893613033333334,10.076661200000002,10.417001333333335,16.56215033333333,647.7483149999999,200.4786731428572,88.28458285714287,50.100147714285725,-457.4795714285716,420.83650857142857,-2529.2311
265,265,the,105.511,105.591,0.833,35.8693192,-0.21480099999999994,4.72603368,-7.71224874,30.892125799999995,699.189042,425.39416500000004,-292.3021115000001,-335.4596965,122.47463300000001,-29.844645000000007,6091.414900000002
266,266,rest,105.611,105.771,0.66,14.120855055555555,12.624142994444446,7.613963077777778,12.593839933333333,13.432991888888889,575.8112944444445,-367.6716395833334,463.1864225416668,-56.55875308333335,269.3008503333334,-250.77665416666667,2240.6095750000004
267,267,of,105.811,105.851,0.479,24.243571825,27.911245750000003,13.9578868,18.5870445,22.10350025,505.8305375000001,500.1027305000002,10.287065000000004,281.28894200000013,90.88460000000002,436.1859250000002,-827.1399500000001
268,268,my,105.871,105.971,0.814,33.7064455,-12.480506966666669,18.692203666666668,-10.5569037,28.505592166666663,460.5738616666666,49.22158142857146,76.48327285714286,39.42418571428571,-86.04692714285717,-8.082349999999973,1035.397328571429
269,269,life.,106.011,106.191,0.874,27.10566127272727,4.7165370000000015,24.471393363636363,-3.9053488181818183,4.761050954545454,671.0293045454546,-111.06906181818185,91.36244400000004,106.53880681818184,282.90233904545465,-11.777346818181826,1008.0023500000002
270,270,You,106.231,106.371,0.92,16.123321222222224,7.835739477777777,38.965801,6.516331099999999,6.854761666666667,948.2960022222222,62.41170833333334,-76.57605333333335,-164.54691333333335,249.54726250000007,-28.75615833333335,2756.3811750000004
271,271,better,106.391,106.631,0.848,20.19811953846154,-9.506989334615387,-0.8833237076923078,-4.1735338,36.26208869230769,758.4079146153846,84.28452170329669,82.90098587912088,-169.6716893681319,9.228886318681313,16.800526098901102,1497.890565934066
272,272,recalculate,106.691,107.392,0.82,17.6574344,-0.8921608347368423,24.272084900000003,-9.561394863157895,18.632123552631576,712.5476702631579,7.66842065652697,-3.163510028996611,10.483235223766275,-32.4020613655761,-2.6793841503446774,-409.0103635518109
273,273,mother,107.432,107.672,0.784,33.40560871428571,6.966385828571428,10.288792628571427,-7.994077799999998,24.542907357142855,654.9623985714286,30.568579120879125,-67.49042958241759,-128.0446629450549,91.51102474725275,-21.039988021978015,-1376.2364197802194
274,274,effort.,107.752,108.252,0.657,21.276357431034477,3.736110352758621,8.044743924137931,0.8267627965517241,10.374631068965517,762.6643462068965,-33.406228817733975,21.878084621674876,17.26649990886699,-0.22076738916255534,-15.729004679802955,441.1978899014777
275,275,That,108.272,108.412,0.944,9.167642687499999,-26.244328324999998,4.776828575,-20.475957375,45.569757124999995,916.5290587499999,-33.75005327380951,-206.30726178571427,50.32114178571428,-142.65965178571426,29.658689880952377,1876.6126011904764
276,276,is,108.472,108.552,0.812,7.0095386857142845,4.9587005714285715,11.251991000000002,4.69807752857143,19.63314814285714,1077.1565428571428,-30.125846785714288,397.7170428571428,-250.5693560714286,268.64786839285716,-495.61050178571423,-1568.9144642857148
277,277,a,108.633,108.713,0.635,15.896818500000002,0.3840312250000002,48.370276125,-22.7335585625,21.538216624999997,445.150795,86.88760476190474,152.62210595238093,184.26292559523802,49.74695327380952,294.79011249999996,-83.28753571428551
278,278,good,108.913,109.393,0.908,21.346205970588233,12.749677742352942,11.452538351176472,-5.81702670617647,22.024989205882356,763.4595414705882,-23.374961336898387,-22.70282357952635,-18.915277749579822,-22.09033583292589,-3.382178571428571,-625.2997649350647
279,279,line.,109.473,109.853,0.901,17.095155021739128,3.3183360730434783,10.722104870434782,-24.195652739130438,30.125560478260862,582.5424917391304,19.37600457015809,-48.75107118873516,84.41066526679839,102.94128882905136,-49.303994021739115,-1145.6284387351775
280,280,"Look,",110.093,110.334,0.92,27.855654375,13.873071532208334,15.296603380416665,6.481957323750001,10.250148000000001,689.39892375,-20.62761506521738,-73.84266558210868,-34.111473984565215,-32.430919702826074,20.46977826086956,693.2300163043475
281,281,don't,110.774,110.954,0.772,14.93545780645161,10.847554941935485,15.801253448387095,10.368860996774194,7.96528229032258,830.3074409677419,-13.022313461693543,34.74311816935484,-36.26180037903226,-65.72167198185484,26.360538770161288,68.77400604838719
282,282,say,110.974,111.114,0.944,3.268985595,-5.76975225,22.1924357125,-13.759907412500002,37.935661374999995,712.75316375,62.73444095238093,-189.23637261904756,387.79697708333333,-469.09572505952383,154.14983273809514,-5887.051672619045
283,283,it,111.134,111.174,0.075,14.768817333333333,13.879915976666666,40.11091866666667,-3.8202088333333326,12.888366666666668,334.28005666666667,-65.508025,520.5720517499998,-156.42324999999988,526.5318874999998,-966.6274999999996,1516.9987499999995
284,284,to,111.214,111.334,0.868,15.6064066,14.185485122125,10.009572499999999,-6.335113625,24.379188375,726.54959125,359.2556276190476,-234.24046081011898,-153.87893488095236,-507.56062797619035,98.47809226190472,-3386.698922619047
285,285,a,111.374,111.394,0.968,34.40320599999999,12.553725333333333,13.417151333333331,-7.1255143,0.0,737.6735833333333,22.924725000000013,114.43609999999993,91.58687499999995,273.4465749999999,0.0,-5694.777499999998
286,286,cop.,111.434,111.735,0.925,26.431788976470585,-9.728429788235294,2.065556449764706,-4.896361911764707,10.384663647058824,670.9300494117647,35.61044838235294,57.84633409313725,-8.185187987009805,-33.581173174019604,-88.0344838235294,160.7357830882354
287,287,It's,112.135,112.315,0.311,13.37774614,1.1857988837931033,14.939513344827587,8.475276917241379,19.286208827586204,788.8354544827585,-24.981123254187192,-30.56913391650245,2.7230274088669932,-18.574996007389156,22.259986995073884,197.99420960591135
288,288,a,112.455,112.575,0.675,8.141130284615384,6.699851015384615,11.392767169230769,15.173715684615384,5.053299230769231,663.8880984615383,97.78739857142857,16.501920879120878,25.98141318681318,4.561520906593407,-45.07998461538462,-268.62200274725285
289,289,good,112.615,112.895,0.687,11.880059212499999,-3.8946995025,13.22360828125,1.2695652862499998,14.3350079375,823.5964287500001,-16.58700985294117,14.139872742647055,83.84613518382349,58.99252139852941,-8.355804338235286,883.3088529411765
290,290,line.,112.955,113.175,0.535,16.014997214285717,-5.435223935714285,13.099013767142859,-15.827082257142854,18.742818285714286,677.7693857142856,8.246903626373621,-53.41704121978021,38.104100859340654,-8.536469626373634,-99.68739472527473,1083.2957296703291
291,291,Ferris,114.036,114.516,0.736,9.884555952835822,7.574027789313433,14.808805108955223,13.99146424328358,7.529091910447761,891.6335067164179,3.2140778005427397,8.342083047014922,3.386075500838054,8.47078111760715,16.95907637880118,71.71687179742996
292,292,show,114.676,114.997,0.98,9.571232691666667,3.6269158583333336,15.152930000833331,8.163677448333333,17.338332916666666,821.4687004166666,194.08789202173904,42.817153243478245,-89.91455285956519,-23.425287811304344,29.861286173913037,138.9936845652173
293,293,in,115.237,115.297,0.906,26.126719666666666,7.6930037466666645,13.833388844000002,20.54379596,9.474098266666665,699.759758,30.066017321428575,-127.76359841071427,75.87145499642857,153.88655760714286,112.91882714285711,-566.2169482142857
294,294,America.,115.377,116.037,0.832,29.303213783783786,1.0797570567567565,11.520744281081083,22.16166323243243,14.611558054054054,786.3081618918919,-18.42220020151731,-32.220130523945,-27.322679560218116,9.418301007586537,-42.36301814841157,-325.70280938833577
295,295,"Okay,",116.297,116.798,0.853,18.762587086842107,0.6554762328947369,14.969182686842107,22.48141397105263,7.08083444736842,857.003807368421,-7.134967802275961,-34.64321293057227,31.97682095798228,53.978595059087425,14.692052571397308,377.6894508151876
296,296,you're,116.818,117.218,0.6,24.527953299999997,1.2034290923809527,20.252010985714286,27.698061714285718,28.124701999999996,969.1878828571429,-26.60818383116883,-43.32161450389609,10.733634837662338,41.17347376623376,-4.651369415584417,997.7055350649351
297,297,gonna,117.979,118.199,0.254,19.324935418367346,7.226937423673469,15.104653697142856,23.60627015012653,24.72937436734694,806.5020504081632,-17.19079693112245,7.91542873,-4.029739929591836,25.66404541617041,6.120821821428571,430.7622874489797
298,298,see,118.259,118.439,0.887,4.841974291666666,10.988870095833333,14.142217133333334,24.1827505,25.339347416666666,802.433735,159.92922456293704,-108.20124093531467,153.72698839160842,16.735467482517475,142.4142512237762,-4048.0757552447544
299,299,"here,",118.479,118.599,0.916,24.1849425,5.642810204999999,19.584222174999997,33.62595675,25.950358375,559.2961499999999,114.14008690476192,-56.871672523809494,-309.2684577380952,-58.18932619047617,-43.37085535714285,202.4870000000001
300,300,we,118.639,118.739,0.96,31.496322285714285,5.251417200000001,9.25400202857143,25.787253999999997,26.719643,876.8834914285715,-193.89324107142855,-180.21721250000002,227.31801571428574,310.8489767857143,31.297332142857147,720.2981785714292
301,301,got,118.759,118.899,0.742,27.638664125000002,4.076457788249999,2.4688012062499993,25.1987175,27.334810125,541.7028487499999,79.17434702380953,152.91910373214282,229.98176050595234,33.14478095238094,11.770192261904764,2103.6735892857137
302,302,no,118.939,119.059,0.84,22.331662125,7.855498625000001,-8.635430872499999,7.537113558750001,32.532174625,833.2081275,-98.8961244047619,63.59782285714285,-141.40420779761902,-281.6048443630952,24.73167321428573,1273.9549999999997
303,303,interest,119.099,119.359,0.861,10.955332215333334,7.941029206666666,4.628108499666666,23.36817866666667,23.153908199999996,862.5795826666667,-66.51408460357142,65.28885091071429,-71.64222945892857,15.648304285714284,-18.86269624999999,-1190.6046107142856
304,304,in,119.399,119.459,0.727,31.044939399999997,28.1537054,6.3708479,18.885759200000003,27.636249,849.0090280000001,288.64954000000006,21.43268000000003,117.14102200000004,-69.65126000000001,-27.929270000000013,-3810.9774000000016
305,305,the,119.479,119.56,0.828,34.40874720000001,5.20439766,15.431904639999999,22.043711300000002,20.2400804,693.643642,-105.77501000000007,-174.37098050000006,225.54727800000006,-273.2511,-272.1815,4491.5531
306,306,gandy,119.58,119.92,0.677,25.768236222222225,4.861988108333334,21.682837177777778,19.023021061111113,22.90650627777778,507.3061372222223,82.95539576883387,51.84190458049536,23.67381019607843,23.037017579979363,9.224819556243544,1113.2383039215688
307,307,"man,",119.96,120.16,0.929,28.538744833333336,-11.547580799999999,18.060663833333333,16.18077286666667,17.54997391666667,592.0429116666668,-39.50385524475524,-77.37965356643357,-7.201279720279728,-104.76299888111888,-74.5539026223776,145.05955594405575
308,308,okay?,120.22,120.64,0.8,21.040099481666665,-1.4112051625,20.056083208333334,17.187640408333333,17.857995416666668,663.38367125,-42.19506782347825,21.062992128260866,34.07448489130434,36.38789978260869,-37.42859282608695,-859.1906054347824
309,309,But,121.06,121.181,0.882,21.013868666666667,10.642346021111111,7.233242562962963,-5.876595384444446,9.145007407407407,741.3150496296296,9.252167292429794,71.481279968254,-16.46611682539683,16.461065108669114,52.18547692307693,660.7965173992677
310,310,we're,121.221,121.401,0.819,21.23440933181818,23.476315636363633,-12.180294190909091,8.410490009090909,22.66671518181818,842.1180872727273,-126.88385593181823,18.605721363636373,-49.15201504545457,100.92171954545456,-159.0889136363637,2379.673627272727
311,311,fair,121.441,121.781,0.803,12.930131252631579,1.466206592631579,-7.282028108421053,3.7335687526315784,31.224709526315785,651.2817484210526,81.22483395614037,-15.475190128070171,-14.075850822807023,19.23395361403509,-10.87515,-1337.9373315789476
312,312,line,122.501,122.702,0.959,23.401298297826088,17.202092936956525,15.487519489130435,14.886338076086954,10.8672235,816.2318919565218,-12.080504647240204,-14.09679922016651,9.549998306197963,-32.257385576626575,17.270073502929385,-118.92496130126423
313,313,of,122.742,122.782,0.836,24.87816025,0.9348395750000003,21.59996725,32.49020225,24.68938975,861.516725,30.894395000000063,204.95988750000006,89.52011500000003,-80.56946500000004,-13.671475000000019,6193.3925000000045
314,314,the,122.822,122.882,0.971,19.6368725,1.5090203340000001,30.4302996,40.2915614,25.593642799999998,1106.1696,-121.89616750000003,-61.74987580000002,282.53543500000006,-18.322999999999965,-10.758445000000025,-823.2475
315,315,year.,122.922,123.042,0.65,25.075632,-8.9534010875,25.557028662500002,36.753057999999996,9.017277875000001,767.42841,68.49922976190476,-95.00576041666665,-340.2269436309523,-113.46925714285713,-216.4246327380952,-839.2841666666665
316,316,"Okay,",123.564,123.824,0.498,14.306768343589743,-2.668491397948718,13.4296330025641,1.0000348589743584,13.050057692307693,791.9766007692308,-20.223651291497976,-14.45845285789474,-11.243929325910932,-88.14770327935224,56.31666025303644,-440.2330792510122
317,317,and,124.104,124.204,0.392,19.226099315789472,-4.741057221052631,13.62002092631579,0.6419005700000003,14.39110947368421,738.3098221052632,-24.749341754385966,-54.962130008771936,-49.75241631578949,-101.29137787719301,156.2070753508772,510.54147192982475
318,318,by,124.384,124.504,0.966,22.536293866666664,-0.7431918066666664,12.305328006666667,-1.0600273666666669,22.949873933333333,762.5966793333332,-56.663145714285704,-131.57494185714282,-8.228501999999995,-14.552992607142853,248.74297071428566,-377.7424339285714
319,319,the,124.544,124.645,0.715,22.73564657142857,1.3470666857142857,-4.768395671428571,-9.024674714285714,40.38692342857143,834.8186871428571,135.4525035714286,47.46421142857144,-193.09321410714287,-242.70706303571433,230.32795357142862,137.3011964285716
320,320,"way,",124.685,124.865,0.641,16.070674363636364,-15.798337281818181,14.517066245454544,-31.20371190909091,41.79227209090909,621.3537163636364,-80.14422136363638,13.703693090909097,339.98821777272735,-111.0768381818182,-55.90156681818182,-1252.654845454546
321,321,let,125.105,125.225,0.891,24.615179111111107,12.92091,26.523099814444446,-10.151789205555554,19.22696177777778,634.9796933333333,-28.23043570691435,-76.59498727554181,-165.83767739009286,-7.023766331269353,172.4684843137255,737.196306501548
322,322,me,125.245,125.345,0.934,11.684412850000001,-10.1985447,26.758119416666663,-34.211509666666664,41.378629,880.0735733333332,-233.62039871428576,-68.62599428571427,280.78447642857145,-177.0894314285715,-357.6359314285714,1483.278
323,323,just,125.385,125.545,0.945,0.1532777400000004,13.631523060000001,8.492795860000001,-2.9314377499999997,19.1655928,792.28259,89.59743103030301,110.90867939393937,-242.67029030303027,233.25560530303022,-117.2768424242424,-26.24172121212148
324,324,"say,",125.585,125.925,0.834,13.118724589473683,-2.433704073684211,27.86787442631579,-18.193311136842105,31.409817947368424,578.7610094736841,71.88808132456141,-80.80586298245616,181.38466767543866,-195.11863912280702,58.55983912280702,49.575718421052606
325,325,my,126.826,127.026,0.922,27.116817518181815,16.32213679636364,23.101350933272727,8.180384789090908,12.735167818181818,842.638953090909,-11.155487334054838,-36.934292266594525,-22.288386318181825,-15.207088344877345,33.350457370129874,63.96057442279943
326,326,take,127.066,127.246,0.902,5.1157786,-3.9990945,15.178211127272727,-12.511803345454547,29.229976181818177,823.1334163636362,128.78798704545457,-172.4097754545455,132.54921372727276,-90.89768536363638,80.53017409090911,-470.69702272727295
327,327,on,127.306,127.366,0.995,24.139818833333333,-10.0260295,-8.605069033333333,-24.872316666666666,41.870834333333335,638.4300583333334,155.1700385714286,221.4482414285714,113.02608457142858,221.5375342857143,-33.87579999999999,3050.3789857142865
328,328,this,127.406,127.526,0.868,12.880396055000002,27.6147288125,13.262133975,-1.6735459250000009,19.312196,579.99373375,-457.29453314285706,309.11675386904767,-1.3508847619047761,145.00335273809523,-370.94920595238085,-1054.5940059523805
329,329,story,127.586,127.986,0.838,16.403716339130437,4.948941559130436,15.17587842652174,-12.459048739130434,25.217082608695655,729.2448639130436,105.42097823616596,-94.47448450889324,96.48222904496043,-92.27608242588929,46.78360009881421,-898.5098285573118
330,330,"is,",128.206,128.366,0.758,13.503231810526314,9.859844530526317,45.19620857894736,-14.306503389473681,23.10444115789474,461.17169105263156,-16.637453315789475,59.36588549298247,-100.21128333333336,143.0355866666667,36.37995236842107,14.613128947368283
331,331,jury's,128.947,129.367,0.708,15.325943416000003,14.709317079999998,13.067817971999999,13.370347862000001,15.68727144,939.189735,15.733356409603843,-46.36349350012005,-20.83544748187275,-18.062253366866745,43.19124583433374,-102.91694590636253
332,332,still,129.427,129.667,0.873,11.882127559999999,18.97573726,4.1059064266666665,-0.8886990000000016,22.880831,596.8613886666667,192.46115435714285,-146.29479128571427,-13.451978285714285,-333.66495642857143,173.74960428571427,713.9672964285713
333,333,out.,129.787,129.907,0.943,21.689126166666664,-4.676279341666667,0.9275210166666671,-26.00667758333333,13.257144249999998,546.4526758333333,79.37865139860136,56.52962949300698,106.49202646853145,0.7256610139860078,-198.1502652097902,-163.11384440559422
334,334,And,130.587,130.647,0.054,25.980289386486483,25.28678619972973,19.50838744594595,17.051642937837837,7.98505162162162,859.6645756756757,-22.35920784613561,-17.724573531887156,6.37319330251304,-5.06644861190138,1.326908143669987,-263.537738975818
335,335,I'll,130.667,130.787,0.373,12.394020357142859,6.0749929,-9.516961485714287,-33.39206742857143,28.41228542857143,634.4452828571428,-107.23069017857142,60.161868928571415,-85.43006571428569,-197.23806071428572,365.07248571428573,-2742.248107142857
336,336,explain,130.827,131.228,0.908,15.892682154545453,15.210980222727274,9.046659548636363,-16.245548650000003,29.64694913636363,610.8515122727272,57.1912716092603,-64.03771275268211,120.57034600818749,24.636140804630152,-61.54292380011294,-155.6843390739695
337,337,what,131.248,131.368,0.752,29.576423000000002,-6.925111221428572,-2.0139083857142857,-6.592481800000002,25.699503142857143,566.6093871428571,-81.47439464285716,-123.84613776785713,34.492518928571414,266.59373642857145,-481.9313928571428,-4819.392607142856
338,338,I,131.408,131.468,0.603,15.4716363,-13.138977919999999,28.592055600000002,-16.675347852,40.2441818,503.26050000000004,-34.35970499999999,166.26669900000005,490.7991650000001,-342.8871174000001,-19.20843500000001,-2182.4120000000003
339,339,mean,131.528,131.848,0.758,17.951311210526317,-1.253752238947368,41.73108142105263,-17.40336369473684,21.31685768421053,568.3371710526316,-13.143837456140355,-10.922655714035091,70.36066289473686,-56.5051303508772,-61.11282307017545,-1761.1876438596496
340,340,after,132.008,132.208,0.986,21.598237216666668,-7.407677027777778,9.181706307777777,0.6798875611111114,15.170779388888889,706.0790499999999,-27.21221286377708,156.3875032765738,-91.88593913106294,107.15902813725491,54.37368973168215,1396.1234551083594
341,341,we,132.248,132.368,0.96,31.709910875,10.04528648,32.7301115875,-9.7653764375,21.58052925,844.9093025,-170.9893910714286,95.61528699999998,475.3942316071428,13.055038988095228,-307.8083035714286,-58.25641666666636
342,342,get,132.388,132.528,0.861,16.3774085625,2.9704713374999994,33.730965000000005,-18.301517175,16.954572625,531.4801299999999,108.85023541666664,55.39111041666667,-56.37466785714286,150.38812273809523,-324.82176845238087,-1644.8397380952383
343,343,to,132.548,132.608,0.738,11.5370606,15.87722215,-3.642968125,-4.7935496749999995,8.4115175,582.5341725,785.8417480000004,-728.8321010000003,125.77120250000006,-738.9200465000001,-168.23035000000007,-2859.1044500000007
344,344,all,132.968,133.128,0.772,21.167846750000002,17.335409476923076,-0.24631782423076937,-55.71485099230769,30.516227153846152,608.8233703846154,-25.949175529914527,8.767570769230772,6.589894889743589,-127.26164499145293,72.68291169230767,-181.52973555555548
345,345,the,133.188,133.269,0.85,20.581075571428567,17.267925957142857,27.75600442857143,-12.326935191428571,27.387515714285712,897.8345885714285,-56.044503571428564,-43.229949999999995,163.76616428571427,147.35427525,-199.92525,-1364.947785714285
346,346,"details,",133.309,133.929,0.685,13.747310348484847,9.6320692,25.801622306060604,-22.308973139393938,23.550967,667.0703336363637,31.053604906417117,-10.540645939171126,-80.54059345588236,-41.414348577874335,5.7121930147058855,-771.5557697192513
347,347,everything,134.069,134.429,0.829,20.724891344,6.693983439999999,17.420638440959998,-1.035417408,26.12393796,673.2378940000001,5.3649771576923095,40.13089097692308,82.21629521384614,-25.394499734615387,38.21756480769231,485.95565615384623
348,348,we,134.469,134.569,0.992,33.591143714285714,7.185602799999999,32.59616014285714,-19.668125428571425,34.414978285714284,679.8639385714287,-228.7568839285714,-121.7393519642857,354.8443446428571,-27.459544642857153,-5.850205357142852,-4885.962125
349,349,know,134.609,134.929,0.624,34.597816333333334,-5.51895618888889,17.37794936666667,-28.512205799999997,31.599627055555555,468.40581611111105,78.41763364293085,21.368901382868945,-98.82184697626421,-175.0829164499484,-8.797971465428274,441.58958978328167
350,350,as,135.409,135.51,0.984,29.272236,-3.9297472896551717,11.03256341724138,-13.058613265517241,16.50323272413793,569.4436213793103,-44.466131305418706,8.120102256157644,17.57631871428571,57.75204581280787,9.03916746305419,-9.772732512315326
351,351,we,135.55,135.69,0.804,20.50686177777778,19.80849975555556,40.926436555555554,5.263858344444444,24.849073222222223,699.4253755555555,31.13874299999999,-161.07978350000005,277.1296833333334,-50.77122441666668,-187.04514083333336,-2027.2068750000003
352,352,share,135.71,135.91,0.797,5.458877327272728,4.3689884,32.432601727272726,4.542177132727272,20.36680809090909,673.1758609090908,381.69360881818193,-145.7664416818182,-60.29495636363638,-66.60774303636366,193.1670254545455,-4315.276427272729
353,353,this,135.95,136.05,0.618,10.3409359,28.862009285714286,17.163053,14.927148171428572,17.648468142857144,671.3913457142856,-507.11377803571423,256.1328232142857,-178.6140375,102.60543714285714,-333.3845749999999,4960.91894642857
354,354,story,136.07,136.27,0.899,21.76186058333333,7.009308834641668,8.021150716666668,11.39618268333333,17.281241833333333,681.17359,403.8156529720279,-144.8673197929545,-126.8063198251748,-36.30345828671328,179.7443573426573,-282.4189825174826
355,355,with,136.29,136.39,0.873,32.1788334,7.8946344999999996,27.102600799999998,12.9465743,12.003788,550.266926,-311.37684,261.43320000000006,15.209655000000007,139.77992500000002,-448.6563300000001,-1007.611050000001
356,356,you,136.41,136.51,0.918,23.479075633333334,9.316881616666668,48.13542749999999,11.206031833333332,9.8237695,544.06265,273.2408557142858,28.06265014285715,-30.5487557142857,317.20234714285715,-169.13311000000002,-5320.599914285713
357,357,today.,136.53,136.77,0.691,16.428473307142855,-3.441252042857143,31.698670642857145,-1.0262933214285712,0.0,432.6929485714286,95.75782998901096,-106.19118918681316,78.88374164835163,-62.38676996703296,0.0,-443.4066021978021
358,358,So,136.95,137.13,0.962,10.323831470588237,5.653171241176469,12.632468686882353,1.7513888941176468,4.837312352941176,674.213855882353,18.588976715686275,-112.75471785539212,-66.27816406200981,-138.90077727941176,15.109644607843139,-1085.4395870098035
359,359,back,137.55,137.811,0.995,22.1758516,9.458012548571428,18.707769411428572,12.552169397142857,8.900739285714286,787.3576014285713,-37.63382556022407,-32.553213771008394,-14.913256138655457,4.953338043417367,24.592599845938356,471.61771792717064
360,360,story.,137.871,138.191,0.746,19.154611842105265,1.3735312578947376,18.397128696315793,3.2534482089473684,5.048063052631579,745.8209326315788,129.6370868421053,-117.2186566052632,115.68958777017545,-42.3652070763158,-33.899634210526315,-937.7183350877195
361,361,As,138.831,138.911,0.995,18.490197761111112,7.0051593655555555,22.175835688888892,12.858121387222221,4.720329388888889,933.0712677777776,-17.09292053410553,-38.17123579279277,-32.02369131660231,-26.12924741737451,28.37076584298584,11.681737451737408
362,362,I,138.971,139.051,0.75,19.180463328571427,-11.691896485714286,4.346680457142857,-21.807216528571427,43.669521857142854,731.9215785714285,221.3302007142857,174.06667999999993,209.23386339285713,225.19341410714284,5.0495035714285486,3839.5154107142853
363,363,"mentioned,",139.071,139.351,0.699,8.1704737,4.473956200000002,21.36974773333333,-16.527490259999997,33.742768866666665,922.2110046666666,29.045112000000014,174.64402517857138,12.411386428571427,87.45804957142857,-13.972206249999994,-1108.7389196428571
364,364,this,139.371,139.511,0.806,4.183579999999999,17.7876659875,5.470194149999999,-3.8155603749999996,9.85515775,734.4233724999999,-68.62491785714283,9.35207946428568,-185.14771678571424,-11.821005357142875,-281.6322345238095,1930.8372857142851
365,365,all,139.631,139.832,0.703,16.1776481875,3.58743556875,-9.4000625375,-60.554028875,32.493490375,552.7650781250001,-2.3888621323529393,91.6367802867647,-1.5556204705882335,16.988269999999993,-109.3119964705882,-553.4437610294116
366,366,took,139.952,140.132,0.854,11.793881246666668,13.919084411999998,6.174835154666667,-4.304281973333333,10.417247066666667,738.5107326666669,24.851032142857157,-55.650696839285715,20.813995071428568,83.09780196428571,13.571888392857138,-51.72509285714281
367,367,place,140.192,140.492,0.936,10.490559644444444,9.2730115,22.148963566666666,-10.44944692222222,20.45366938888889,591.415425,-64.28492084623322,108.11823747162023,20.328587358101124,28.891292662538717,-40.411910268317875,-1425.0139004127966
368,368,on,140.592,140.652,0.841,30.189476125,2.0013641124999992,2.0308203749999993,-5.24809475375,21.555542375,556.28832375,93.59865059523806,8.399484702380962,406.9226601190476,200.2726401845238,98.6689339285714,1624.335351190476
369,369,July,140.692,141.232,0.778,19.007842428620688,0.18806391379310358,27.57158637931035,-19.34465752758621,28.527087034482754,665.877436551724,13.757824632758616,-30.397312648029537,59.93583142118226,-27.602038864532016,12.663527389162557,-1203.3521142857142
370,370,29th,141.472,141.552,0.712,23.9306345625,-7.2859996875,35.820973875,-15.877387237499999,24.5306714375,536.7553775,-8.476591102941171,170.93559872058822,14.319934411764704,90.12017554411763,-118.24747404411762,272.5904911764704
371,371,at,141.732,141.832,0.832,22.66895407142857,-14.213846475,17.97892232142857,-11.562971639285712,14.010669785714285,605.9688714285713,20.066809560439555,-39.32853952197801,63.619213351648334,11.857911851648353,-0.39707813186814644,429.30257802197804
372,372,a,141.933,141.973,0.859,21.524654999999996,6.133860957142857,51.543151571428574,-27.062040657142855,27.80337342857143,531.9711128571429,173.14391607142852,91.40555410714285,-180.82804107142857,262.32788607142857,165.16596785714287,1593.562553571429
373,373,rodeo,142.093,142.453,0.958,26.163300583333335,-1.1354190000000004,18.07049933625,-14.429279360833332,36.73820070833334,870.3257562499999,-41.3690922173913,-73.62623145652171,25.684345118913036,-79.0295522943478,7.652449717391306,-805.1251384782607
374,374,in,142.493,142.573,0.231,28.228346666666663,-13.07903836,28.177137583333334,-6.607791833333333,5.815235833333333,541.7894083333333,-244.73878000000005,11.861903085714287,149.6791407142857,-140.27647,-249.22439285714287,-160.13898571428618
375,375,"Amarillo,",142.713,143.153,0.876,27.427840293103447,-4.466926844620691,6.976326300000001,-11.534868211724136,30.809983793103445,662.416760689655,6.24450883004926,49.62709188807881,1.1313792216748797,-62.61241968472905,-17.43172024630542,-153.16176896551724
376,376,"Texas,",143.213,143.613,0.928,2.5518364304347823,15.708589594347828,9.123238188260872,18.305866589130435,0.0,862.13982,-31.22865300395255,86.91179611017782,-17.80761374407114,60.280697761857674,0.0,549.3713300395256
377,377,okay?,143.693,143.953,0.69,23.237172882352944,-2.2578211352941184,19.307187429411766,0.8071336505882352,17.659280705882356,667.4547076470589,62.8447786764706,-81.67447606617647,97.80164314950979,-61.7339410759804,109.56042267156865,-1405.8575183823527
378,378,There,144.794,144.954,0.89,19.03423388076,1.3133791540000002,15.491667553800001,1.7961041120000005,15.225534119999999,729.1415642,20.87027133386315,-11.315056888115246,-8.493123550132056,-11.594339624009606,35.08050351500601,2.467463601440532
379,379,might,144.994,145.154,0.806,14.71223247,-15.24338911,15.836283558,-19.504486649999997,38.9572917,576.99632,-20.613552818181827,60.28332845454545,214.33532329090906,22.145265969696947,8.86722393939393,-1803.7041575757569
380,380,have,145.174,145.294,0.862,25.002325857142857,13.623785928571428,29.67094042857143,7.155632428571429,22.519844857142857,667.6964985714286,46.93999107142858,251.53119821428567,73.52762857142855,284.61420535714285,-97.03933750000004,7411.159928571428
381,381,been,145.314,145.534,0.92,12.633680033333334,-7.232556475,42.41318725,-23.0127495,37.261016833333336,413.6831833333334,5.826364895104889,29.349811381118872,-15.21294143356644,-22.688124125874143,-5.4684419580419625,30.039853146853133
382,382,some,145.554,145.634,0.0,34.872978,9.049508800000002,33.05740479999999,-1.1581599660000002,29.568255,739.6851260000001,27.465379999999982,-44.917935,-10.360720000000049,61.440265149999995,-369.80953500000015,-3839.079050000001
383,383,Hi,147.435,147.595,0.744,22.377191669387756,8.102376289795918,13.720412229530611,3.9579406102040817,15.991487173469388,731.317138367347,0.7735065530542115,17.99869313314079,10.330716736964215,21.511843162468363,-6.82119317592079,198.58343761834635
384,384,"spirits,",147.675,148.075,0.875,7.382729954166667,11.594887216666669,7.697293457916666,8.391062906250001,18.04585929166667,682.16822125,41.886898623913034,-40.534500999999985,3.025402625869565,-14.350625453260864,10.82431054347826,114.11622891304343
385,385,if,148.335,148.395,0.909,-4.550471810625,24.2931540625,13.7227579340625,17.0904856875,5.03386225,716.6292875,145.44824248897055,-76.31136917647058,197.72856943860288,-148.38383933823528,47.365287647058814,5.391322058823552
386,386,you,148.435,148.556,0.889,8.2984222875,-3.642171375000001,42.613994625,-3.4414506250000008,35.543176375,1181.63278625,232.13841422619043,-290.4540874999999,64.38654583333332,-155.4295129761904,159.07144107142858,3998.573196428571
387,387,know,148.576,148.676,0.896,26.594373333333333,-14.727108308333333,10.413776833333332,-21.11241096666667,40.69140933333333,763.5849066666666,7.343057142857168,-14.5961425,-546.1724699999999,-450.8079168571428,7.16477999999996,-2971.8111428571438
388,388,what,148.696,148.796,0.998,30.312291000000002,-14.42802305,6.358873249999999,-13.4392292,34.3186615,701.6916349999998,-52.842174285714265,-247.06348642857142,195.93899728571432,482.81335199999995,61.74032142857145,-3054.8907000000004
389,389,I,148.856,148.916,0.678,22.185084,-23.378937833333328,20.837620407,-17.34193756666667,40.580882833333334,600.772725,61.179780000000015,200.47097,436.3652522714285,-155.34480714285715,-10.915175714285713,3670.268642857143
390,390,mean.,148.956,149.136,0.93,19.50064918181818,4.217626417272727,45.07338163636364,-11.145313090909092,36.39696300000001,890.8827981818183,-119.32228627272728,-12.633122522727279,96.05567681818181,-63.72978713636365,-67.67668636363639,-3436.1700000000014
391,391,"No,",149.156,149.356,0.722,16.227002181818182,5.753878727272727,-8.520312939999998,-30.2905257,35.64426109090909,735.3672254545455,-60.16433909090911,66.22277095454545,-81.41623042727275,-181.8513161363637,19.971972727272735,512.4842318181823
392,392,I,149.416,149.496,0.957,13.352204714285714,-3.680066914285714,9.974545214285715,-6.251681857142857,37.283388714285714,433.34973285714284,92.39583392857142,45.99743446428571,436.05552857142845,330.07305357142855,-9.785560714285726,2071.1376964285705
393,393,do.,149.536,149.796,0.91,20.19188946666667,3.2329083333333335,8.13281622,6.899431233333336,34.695083133333334,880.39106,-15.65202892857143,34.89057330357143,-180.16244682142855,-136.12692755357142,-39.93115946428571,-1020.486533928571
394,394,And,150.396,150.516,0.803,19.82235137416667,12.2979081,18.275590830555554,7.307157936111112,12.941417444444443,799.8256725,-21.206199678185325,-41.38403739124838,-1.1790118732303718,-8.802644520592017,63.39842148005147,-575.7514565637064
395,395,the,150.536,150.596,0.07,15.331714250000001,-7.89257585,15.409886850000001,12.6568879,32.60154225,504.97754000000003,-13.505005000000006,-58.44585100000003,-298.8747790000001,-233.589886,28.182125000000077,7504.131200000004
396,396,candy,150.616,150.776,0.316,17.209888555555555,5.215653822222222,18.32561582222222,21.190843777777776,33.86027488888889,725.9350766666666,-12.687897499999995,156.45518983333338,16.37494616666666,24.786545000000007,2.1845716666666646,2436.9880000000003
397,397,man,150.816,150.976,0.749,17.007426600000002,4.68539222,5.484980637,13.908931849999998,34.0081359,603.6861489999999,-2.312329090909082,-44.88197606060604,84.95705536060605,-1.046187181818178,-0.10221303030303633,769.2774454545447
398,398,knows.,150.996,151.297,0.586,19.6242873,5.689379978125,4.30694792125,1.7527844812500004,25.593301874999998,701.86501875,-59.31789555882351,95.72546562867646,51.244076757352914,-40.6269727132353,-89.50207235294118,587.26865
399,399,The,151.457,151.557,0.74,8.17086733076923,7.554869674615386,24.876199961538457,6.528698507692308,24.06944384615385,975.6996246153847,91.52243447802198,-95.24764574725275,62.79687087912086,64.82737975274725,-196.9426648351648,355.9970439560437
400,400,candy,151.577,151.857,0.944,18.353508413333333,-1.9585875599999996,36.5861998,-11.174337206666666,34.009355866666674,696.4534086666666,109.89389191071427,83.65471757142856,24.05049553571428,62.16057285714284,24.438303035714277,936.7706142857141
401,401,man,151.877,152.037,0.993,19.88362244444444,-8.709438177777777,30.177006111111112,-10.151664266666668,30.297860111111113,579.9910788888889,3.516922499999998,34.63995850000001,136.0271666666667,-38.79364433333334,-136.61896583333336,-2261.1441250000003
402,402,knows.,152.077,152.317,0.843,26.892560021428572,3.9692373171428565,13.370432707142855,-1.283624642857143,23.150703857142855,644.237867142857,-72.43755957142855,177.67095447472528,-129.66780110989012,97.74695575824175,-141.10628417582416,2067.086824175824
403,403,So,152.757,153.017,0.926,5.232474420857143,2.4750962828571432,10.138810271142857,-2.5847767814285714,15.077001028571427,674.4305365714285,33.1920276897759,-23.280850816526602,-21.57243457114845,-83.34385780392152,80.82986250700277,-186.49237478991589
404,404,the,153.477,153.618,0.975,15.990170286000001,2.3514233873333334,17.303380113333333,-20.392685961333328,25.446444133333333,758.140586,-23.167409875194657,41.21741366073415,114.36125126807565,13.629587882981085,29.565175595105675,918.3034665183538
405,405,Department,153.758,154.418,0.909,14.85172837675,1.267803782,9.42138897825,-6.662129310999999,20.3149698,720.93696175,-0.6832255689962479,-41.20897238442777,-30.425915621622888,-6.285190072420264,17.424784878048786,184.95468231707318
406,406,of,154.458,154.538,0.802,21.433123249999998,5.718497849999999,-5.015493716666667,-23.817778133333334,13.731272833333334,721.934925,64.76855214285715,363.35670414285715,97.41849071428571,356.3533508571429,-234.76975857142858,4205.688442857143
407,407,Public,154.618,154.998,0.922,14.854635464347824,9.31973104347826,9.367830301739131,-19.45330288086956,22.912073000000003,876.5679847826087,-28.54300833498022,10.347855632411063,72.68303612944662,19.35927751778655,0.9687803359683819,1084.8655963438732
408,408,Safety,155.038,155.438,0.874,5.413888595454545,14.713048370454546,35.38908113181819,-6.828012618181819,20.616897772727274,902.2710240909091,43.76798127329192,-3.8556141374929482,101.87913306324111,-71.8603426199887,6.306642207792202,135.4804322416714
409,409,"Trooper,",155.538,155.998,0.76,19.503982703571427,-0.9838743610714288,5.608346485714286,2.8598389642857147,10.451951785714286,742.4469532142858,120.47843778735633,-24.23420072536946,-106.83639168308703,-24.915641893815,-8.208650574712646,-332.87339477285167
410,410,who,156.479,156.579,0.997,23.195059534482763,0.390029578965517,10.968085524137932,11.815481255172413,7.7974053103448275,929.976225862069,-48.32361605911329,9.35836578965517,-13.353696854679804,-64.68157932512315,53.774668374384234,134.1045901477832
411,411,is,156.639,156.719,0.553,7.608070771428572,10.835865557142856,9.407040257142857,-5.845626000000001,27.887175571428575,728.3279928571429,-132.64342785714288,175.24855982142856,-276.5070732142857,528.8679142857143,-81.67376964285714,3050.201964285715
412,412,identified,156.799,157.339,0.798,16.28980163870968,-9.483919887096775,17.475856897741938,-19.56067572903226,33.03333435483871,632.7432225806452,11.958048421370968,-5.171435088709679,-10.735834237298382,2.393066356854835,0.09389366935484014,250.98319798387092
413,413,in,157.379,157.439,0.75,28.1995474,-1.6499731200000003,39.4343034,-11.639313660000001,36.9568,736.28207,-75.40042000000001,-331.745087,57.13800000000003,-108.36218500000003,-27.90646500000005,141.36250000000007
414,414,a,157.479,157.539,0.395,-2.6454628000000016,12.03316552,42.4215176,-0.8218219200000008,7.023889200000001,612.546444,-666.50868,491.97110200000014,-38.110289999999985,405.7310170000001,-351.1944600000001,9696.839
415,415,sheriff's,157.579,157.899,0.859,4.445157277777778,4.755011662777778,16.00554528888889,-4.445873555555555,22.473870444444444,687.0261644444445,38.95246568627449,89.58813387874099,-112.12799956656349,23.945689473684222,-7.4391184726522255,-369.67307017543845
416,416,report,157.919,158.199,0.992,33.89114273333333,2.857214626666667,-1.1675692493333334,1.3308079599999993,25.25338473333333,684.578468,54.94326232142857,-99.1653580892857,-24.922798008928567,-35.02865160714284,59.20811535714285,362.19467499999996
417,417,as,158.259,158.339,0.714,-3.536189857142855,16.120099,42.617026,-0.2793843428571431,9.605491714285714,634.847522857143,-551.6073339285714,438.3996142857142,-48.69142500000003,224.02911803571428,-300.77645,7739.192089285715
418,418,Trooper,158.419,158.78,0.836,11.020237931818185,4.223818863636363,21.82979134545454,12.450179322727273,19.328565227272723,890.5101277272729,156.27607042631283,-6.330562953133824,-67.07628028797289,-49.50274789666855,80.12747998306044,-564.0427642574816
419,419,"Young,",158.84,159.12,0.737,23.818244411764706,3.7637487099999998,23.640305382352942,-23.478360676470587,33.32196847058824,544.6905552941178,62.41970061274509,38.568393302696066,-44.29626447303921,15.279947794117643,-17.212054656862747,-850.7877193627451
420,420,repeatedly,159.28,159.74,0.872,19.897352212903225,5.006754241935484,19.846687003225806,-7.932104974193549,24.490353741935483,849.2482167741936,-74.5672233548387,-54.84421251209677,23.001714286290323,-81.9434618608871,46.39222346774193,299.799664717742
421,421,told,159.8,160.02,0.72,19.190220771428567,11.881306934285714,13.710872207142856,-30.0510719325,20.08854314285714,871.6151514285713,129.8041198021978,37.25003759560439,-30.96287227472527,-54.966402759890116,25.883269890109887,1152.8436989010988
422,422,Jackson,160.06,160.58,0.784,12.24401630357143,-0.7054959999999992,18.775520317857143,-1.325003994642857,22.003906857142855,666.9307878571432,38.79033431171318,27.97968112205802,14.370642371373833,1.29678633347017,28.166584482758623,-267.6127441160373
423,423,that,160.96,161.08,0.953,22.166437388000006,3.5579665079999994,25.922018799999996,1.2304784216000004,11.90186244,763.4853215999999,-6.921750730769232,-23.335406688461536,-42.30176415384616,-44.87706374230768,76.83249757692307,2.052836538461628
424,424,multiple,161.141,161.581,0.94,22.477210091999996,12.856224787999999,-3.27203644,-30.138343996,25.904755720000004,779.8649540000001,-1.2044669038461548,-17.372357373076927,-12.85674516538462,19.98332831923075,-52.62621003846154,-158.60091000000003
425,425,people,161.601,161.861,0.857,15.673359185714284,5.568322275714285,28.47067068357143,-30.70145722857143,20.074823928571426,784.1593264285714,115.127591054945,27.971253646153848,-299.88105406703295,-237.81403189010987,-79.59534912087912,-2913.0276516483514
426,426,asked,161.961,162.121,0.899,16.53012977692308,-2.9412164615384597,1.142995842307692,-1.7694022307692308,17.17246423076923,682.6982461538463,-49.11672260989011,324.48779395604396,-35.08819730769231,227.11654890109887,-91.81034478021978,1420.4951840659342
427,427,him,162.161,162.261,0.888,27.326122714285713,27.995577428571426,20.495253714285717,0.8635130428571431,21.35668371428571,780.0772171428572,210.56043749999998,-42.2572964285714,63.81061964285715,179.35027785714286,-404.13347857142844,-981.9289999999999
428,428,to,162.301,162.421,0.755,2.170831787500001,25.78965775,30.229200374999998,8.724297199999999,18.68551075,966.587505,134.95497029761904,10.764686904761906,84.98895416666666,28.337710952380938,175.1378702380952,2356.4949880952386
429,429,step,162.521,162.761,0.962,3.3226765741176476,12.282418805882351,13.23876173529412,-0.1990789411764706,17.250318470588233,865.6106158823529,191.5314206348039,-224.0617869240196,11.147873749999995,-192.28357549019606,108.64257009803922,-1900.1547806372546
430,430,aside,162.821,163.161,0.956,10.280505549999999,1.4796085850000005,7.541125150000001,-3.84563843,22.0408386,708.716688,76.22321090225566,-97.59897786090228,124.70526038345865,-84.59548375939852,36.92414345864663,-615.9962601503762
431,431,so,163.221,163.381,0.931,9.044360818181817,16.610987972727273,7.5452347545454534,-7.948916909090909,13.016388909090908,722.1715909090909,249.31241090909097,-160.51241495454553,38.95978818181819,-197.86939272727278,30.04606409090909,-361.08446363636386
432,432,EMS,163.541,163.982,0.802,15.754467191333333,2.0065356766666667,25.425508766666667,-22.03673462266666,27.562506900000002,706.1145716666667,-40.75513738576196,0.04799289543938372,-73.95457254505007,60.316949476307016,-20.697151357063408,-196.60251179087882
433,433,could,164.022,164.202,0.853,20.519417063636364,12.815371273636362,13.853573709090911,8.24534839090909,13.003913454545456,799.3069627272727,203.52407350000007,-45.0301886318182,54.33304086363638,34.578615136363645,114.84601272727275,-871.9811772727277
434,434,respond,164.242,164.762,0.815,14.687436832142856,4.3779076464285716,4.558706975,-13.745996580714282,28.229959107142857,857.6992932142857,38.77168969485495,-55.94157313765735,7.647565573344285,-82.56851383497538,51.57573586480569,-148.92522728516684
435,435,to,164.802,164.922,0.714,10.056429275,10.66985655,10.092241600000001,0.03309096999999994,23.978047,892.69503125,182.51187916666663,-145.21347285714288,-136.0835378571428,-262.87880292857136,336.5347678571428,-1160.929017857143
436,436,a,164.962,165.002,0.512,21.680368,-6.011637825,42.53691575,-29.931687,36.383360499999995,595.0415175,218.84216000000006,433.69888750000024,194.51798500000004,225.3692600000001,-14.645209999999947,6878.960450000002
437,437,medical,165.102,165.442,0.913,26.245798250000004,2.198817631818182,17.67473418181818,-24.20940354090909,33.35623086363636,707.8291022727273,-34.67897189440994,27.700514570863923,-68.98870399209488,-139.64235060135516,3.968394551101074,-134.16756493506492
438,438,emergency,165.502,166.022,0.927,19.998004655172416,14.514685107931035,14.866355558620688,-2.0715764117241386,27.321402103448282,718.4018089655173,-59.64417526600983,48.45331284679801,65.82143241133005,57.3980417738916,-37.082459482758615,-91.08908152709357
439,439,involving,166.082,166.503,0.9,23.61170316666666,11.85297115,21.441466849999998,-20.035915355416666,30.488304125,708.5258316666667,-19.339670652173904,12.442892134782605,-7.2179595391304305,6.944994398913044,10.928606717391299,-614.4693069565215
440,440,a,166.543,166.563,0.998,18.270013333333335,16.344087433333332,45.784402666666665,1.796687866666667,10.832253333333334,813.1199566666668,195.36784999999986,373.87076749999994,88.49919999999999,785.5515999999998,-812.4189999999995,14334.576749999995
441,441,teen,166.623,166.903,0.87,14.013554417647057,22.134868235294118,34.063279364705885,-9.498760882352942,20.73606594117647,685.886924117647,186.5630776102941,-22.231476225490198,27.399214313725484,-103.47320547794116,127.41518909313723,-1445.0645416666666
442,442,girl.,166.963,167.223,0.952,30.009706062499998,7.11364591725,-12.339850887499999,-12.48747299375,18.3615291875,832.70769,-22.17710301470588,8.467996469705868,-109.27028719117644,-93.64421318382352,-92.47784477941177,-755.0473117647056
443,443,So,167.784,167.904,0.998,9.716243250000002,13.286972873529413,19.796110833823523,4.778441717647058,5.900549147058824,784.9125835294118,-37.058951268907556,-6.708418776928949,10.582079137891517,-14.892716502673787,44.36995200152787,-87.44164079449953
444,444,a,167.924,167.944,0.043,29.865053000000003,-3.19573775,31.659069000000002,-9.48995575,19.16518,1058.96135,225.63970000000006,839.2234249999997,33.310299999999934,1273.1319249999995,-1916.5179999999987,19410.984999999993
445,445,teen,168.004,168.224,0.777,7.023233257142857,7.450659361,25.91059950714285,-18.612511452142858,31.56678707142857,956.7017699999999,88.46426512087912,-111.17196412241758,2.559543879120873,-189.46739386483515,194.0059205494505,1055.5866219780219
446,446,girl,168.264,168.505,0.878,22.88911110714286,0.592764064285715,-6.338035871428572,-32.074001457142856,41.38958071428572,776.864702142857,-57.39293082417582,75.52375427472528,-3.5723157362637346,-234.9795057802198,-9.004116263736258,-1591.3865483516483
447,447,was,168.545,168.665,0.78,13.898471837499999,26.724366125,11.181804425000001,-8.579876250000002,23.2682255,751.78701375,-321.1746594642857,199.95537440476187,-213.7754616666666,474.0552654761905,-207.18506785714283,3828.716517857142
448,448,experiencing,168.705,169.266,0.92,7.229313812000001,5.9290252966666666,15.960122082666667,3.965005208333332,26.186030566666673,900.681772,31.382357680978867,1.1888970533926608,-4.837706929254727,-49.771260227474976,61.60273607341491,445.9918945494994
449,449,a,169.306,169.326,0.995,27.647527666666672,-4.694578233333334,13.20117,-19.715100333333336,41.80240533333333,813.0681466666668,448.3937249999998,257.75421749999987,-141.90657499999992,379.0010249999998,-35.74792500000006,8056.782499999997
450,450,medical,169.366,169.686,0.879,24.02730627777778,-4.7677086555555555,10.182563838888889,-30.646060511111116,36.861641,785.093987222222,-4.691943188854488,100.93929173374615,-26.835278519091847,-172.34185834881322,-19.186379876160995,-326.2216093911249
451,451,emergency.,169.726,170.387,0.835,15.799268734285713,8.432957413571428,18.34480596,-3.6867220085714294,31.67434862857143,904.4739357142856,-50.26729068207281,16.47151846022408,70.16851294117644,0.5671698949579821,-9.230894061624646,244.75057030812312
452,452,Apparently,170.828,171.429,0.889,17.001721949999997,0.32516245096153856,25.647699643653844,-8.798266140384614,18.841760076923073,702.0717563461538,-4.322414191923503,-1.8670388624818564,5.077760792901048,-33.46442185370955,47.84722120293691,-170.13130604883457
453,453,this,171.629,171.929,0.936,16.131419892,17.959516523999998,33.698796687999995,-4.7923000216,21.403462760000004,548.0702088,-70.01117459615384,18.382565215384613,-54.16392551153846,75.51916566307693,-10.831560269230769,-686.0771407692308
454,454,DPS,173.011,173.631,0.855,14.76851896244186,2.178561790465116,26.20516480697675,-11.481497153488371,21.556441313953492,617.8169588372093,-12.968420392079814,10.804788340270767,0.28607642794471405,10.454182792395866,-0.825629918864097,167.62749189112697
455,455,trooper,174.012,174.553,0.836,16.337257280434784,-2.0497850630434784,1.3334537630434795,8.504781613428262,19.350935326086955,843.8961000000002,42.56801358217698,-18.29528064168979,-77.98528949028676,-40.93828752631113,62.81705938020351,-32.14283496762255
456,456,felt,175.394,175.634,0.908,21.91299544703704,7.700732952222222,10.688317039777779,-2.7185596833333334,16.441385870370368,746.5736322222224,-22.620889488660183,4.685616277834954,-10.492372796828663,-68.76812320506956,10.09643477606251,-214.84515452639602
457,457,that,175.674,175.814,0.912,23.238165888888886,-11.298520322222222,17.07146233333333,-15.163957733333332,36.52824788888889,672.0520266666667,111.00293000000002,-78.96277016666667,45.10193583333334,108.34168850000003,-24.520879166666646,2196.749008333333
458,458,Ronnie,175.875,176.195,0.638,15.172045994736843,3.8351478326315784,30.424967389473682,-14.425175109842105,32.244218526315784,842.80493,-37.231971035087724,5.740512640350879,183.7073113070176,-51.6864682713158,-80.84222096491229,235.1537885964912
459,459,Jackson,176.235,176.776,0.907,10.421898368965518,-3.2801973844827597,17.740588109655175,-1.4239848437931042,27.7829515862069,715.0430631034483,36.23019327093595,38.37716473399015,22.93957498571428,-1.7333127854679788,16.626403743842356,127.42632733990156
460,460,was,176.856,176.996,0.788,20.234667290909094,21.47906532727273,14.789973812727276,-0.42645439727272655,18.994017999999997,678.0903227272728,-237.7073647272728,121.51346404545458,-148.44665430909095,249.85430724090915,-234.76539636363646,-468.0373272727275
461,461,in,177.136,177.236,0.821,17.27033771666667,7.2231379,36.11391229166667,-6.784960566666668,30.409777333333327,781.0457574999999,118.57289888111885,2.646315664335662,47.09975148601398,6.9232576923077005,115.1504367132867,84.79224300699312
462,462,the,177.276,177.377,0.976,33.401626,10.960613242857141,13.378859800000003,-25.24132171428571,32.77954128571429,622.1521928571428,164.0392803571428,151.3738032142857,-41.92676535714287,-88.4416553571429,-24.42939285714283,-169.93355357142875
463,463,way,177.457,177.877,0.801,16.561025783999998,-16.540276872,23.824681512,-35.88413260400001,39.01981748,848.2070831999999,-42.91763113846152,-38.181505476923085,63.493263003846174,-75.14656190769232,22.74425369230769,236.8012934615384
464,464,EMS,178.298,178.678,0.747,15.873478519999997,-0.22960918749999948,28.747176563000004,-22.042723096750002,22.274467425,614.856453,-16.55924193058161,11.586874581144468,-41.99341233639774,35.81470742781426,14.106818775797374,313.365808630394
465,465,workers,178.698,178.979,0.928,27.559948386666672,6.946717773333334,3.2345263,4.745482786666667,29.18630753333333,729.7453706666666,-125.69809592857142,67.73446394642858,138.57984294642858,63.543042678571425,-47.464368392857146,-1585.9651517857142
466,466,needed,179.019,179.199,0.956,8.510992627272726,23.54762041818182,32.69606272727273,5.254178927272727,21.932123,844.7784545454546,-62.024867545454576,14.262047818181827,-90.57202000000001,129.82507922727277,-226.93375409090916,54.10947727272691
467,467,to,179.239,179.299,0.87,14.283483460000003,26.550208400000002,34.0608934,6.21787258,25.720071199999996,661.3773359999999,404.44650700000017,229.67675000000003,182.36469000000005,126.97868199999999,-355.17268000000007,6799.589600000001
468,468,get,179.339,179.499,0.84,14.944599259999999,-4.000997549999999,28.348996399999997,-16.96665113,19.9277381,617.8140089999999,18.460446606060604,-5.665266696969706,-119.36804727272724,4.250994272727289,-178.54095121212117,905.9774030303032
469,469,to,179.519,179.62,0.785,6.336529333333334,29.35955183333333,6.840497616666667,3.179817175,31.899024,672.4640166666667,376.41053142857146,-146.04184428571432,219.67201957142854,-184.3524375,277.24471428571434,1437.154085714285
470,470,the,179.64,179.72,0.881,20.4235516,6.33350924,23.249254600000004,-18.0164376,7.933441999999999,432.824254,163.31953000000004,216.73688900000005,133.99546,551.4046450000001,-396.67210000000006,1662.0780000000007
471,471,girl,179.76,179.96,0.947,26.88825841666667,-5.465464508333333,-9.962561791666667,-22.023214016666667,38.249024999999996,766.4226758333333,-72.77564388111887,72.46200763986012,82.6188321153846,-303.8244106293706,-5.855478321678308,687.1924597902099
472,472,and,179.98,180.04,0.014,18.631038999999998,20.1744615,27.607394750000005,-18.81593659,22.96240875,804.1764274999999,-8.632780000000011,292.30396000000013,452.51947500000017,773.4859896000003,534.6475950000001,7281.338550000004
473,473,he,180.06,180.14,0.678,22.761822,16.3709098,50.6282692,-10.46510848,31.9474314,587.0583039999999,212.009965,-215.432065,-116.79380499999998,252.74180600000003,-41.09264000000001,-6935.643850000001
474,474,was,180.16,180.26,0.835,-0.8389847499999998,30.53172766666667,15.972966943333335,26.334208378333333,5.168822,688.4921183333335,-446.41814357142863,47.40976285714284,-413.7250731714286,418.23885721428564,-221.52094285714284,7284.158614285718
475,475,standing,180.321,180.721,0.829,11.570238543478263,2.1123047304347824,31.71684252173913,-15.652278695652177,32.736035478260874,766.6492521739132,79.44780762351775,-30.845818720355716,78.96751333992091,-155.83108809288532,71.34622544466401,-74.69145256916994
476,476,in,180.741,180.801,0.751,29.5029955,5.5296192500000005,19.09287775,-10.874172524999999,38.213269,950.0793775,282.16194000000013,272.1206550000001,-148.79664500000007,263.31382850000006,-6.66079999999994,935.9636499999996
477,477,the,180.841,180.901,0.998,35.552362800000004,9.9349685,10.74320544,-29.623360400000003,37.510159400000006,772.28338,72.31192999999999,108.78464000000001,365.85138100000006,79.0144,-6.420579999999988,1987.348749999999
478,478,way.,180.941,181.162,0.697,17.287689,-16.253905446153848,30.765935615384617,-33.76295261538461,36.04600776923077,493.75013846153854,-34.31021002747252,20.864628516483517,164.80982500000002,11.133895604395592,-10.470831043956048,524.3587197802199
479,479,That's,181.522,181.742,0.838,16.747282179310346,4.538951335862069,19.8405795962069,-2.627964688965517,10.693420413793104,790.3849724137931,-30.97210233004926,-19.430578093103446,-80.10517791157635,-13.517204682266007,35.588267660098516,-194.51296724137933
480,480,what,181.783,181.943,0.844,21.7046488,-2.98577269,11.23323499,-15.77736778,24.999264099999998,681.7722099999999,49.637587272727245,-154.92733699999997,161.6507258484848,78.3856884848485,-306.9864918181818,-4319.61898181818
481,481,allegedly,182.083,182.604,0.925,17.324984751515153,8.980252243636365,27.220987437575754,-21.41344056060606,25.723997454545454,614.6678412121212,-26.635863404077543,15.213253871991979,78.90093571356951,-10.764964796122994,6.896926971925132,134.0563838569519
482,482,started,182.844,183.265,0.886,6.665011942424242,4.954084086363636,20.055349839393944,-2.57262766969697,20.29784496969697,737.6564296969698,69.73527386029413,-41.01964572610294,8.579677600267383,-44.70784769217915,70.3051972593583,-380.72734291443857
483,483,this,183.305,183.445,0.834,2.9288249888888895,23.35198708888889,26.291708,-0.13406228888888908,11.410620888888888,490.1609644444445,-267.04515716666674,170.35285950000002,-237.5821733333334,18.738905250000006,-171.6375258333334,-3032.772891666667
484,484,whole,183.485,183.665,0.878,24.315145323636365,16.581119723636363,12.99974660909091,-35.71348362727273,18.740168636363634,808.6085954545455,143.36614372727277,36.11208716363635,68.29974818181817,-60.799356272727266,-50.712400000000024,453.9071727272725
485,485,kerfuffle.,183.705,184.246,0.817,16.11567936448276,9.351113306896552,3.8300869389655174,-4.887720896551724,6.7972969655172415,778.0465348275861,-7.87071935640394,49.02342795320196,58.76151901305418,-92.52191112561574,-33.49256152709359,-104.18635886699512
486,486,"Okay,",184.366,184.626,0.656,22.862502789473684,4.951335384210526,29.529959684210528,-20.046070436842104,14.19181547368421,621.2625257894739,-66.15957084210528,-81.73295814035089,118.76634929824564,-15.78705066666667,105.42108385964914,-1028.8796342105265
487,487,"Jackson,",185.006,185.546,0.867,10.498443246565218,0.8224780371739131,23.65266309608696,2.0975664586086955,16.69241506521739,752.8709473913042,2.7860183697625645,-4.852630059790316,-22.267318039037924,-5.428517351341351,39.265452787542394,-185.22150225100214
488,488,a,185.786,185.866,0.751,26.61437596875,9.446018525625,39.34647875,-13.575312541875,24.6642430625,768.9550093749999,-109.64768584558821,-73.25447565367645,138.76210735294114,-127.20873694338232,-28.87616051470587,-1975.8068566176469
489,489,physician,185.926,186.466,0.898,4.1766568966666675,14.537581236666666,31.555833572333327,2.00452355,23.456704666666667,640.6853183333334,11.097445969966635,-50.456838966629576,58.1084355596218,-72.79042953837597,37.445914327030025,471.3025142380425
490,490,to,186.546,186.727,0.948,5.2520062846153825,15.390406423846153,36.539930076923085,7.064015150000001,16.05167253846154,770.6362038461539,-11.365985467032978,-135.98035688736263,52.582649450549454,-19.584449217032965,85.90854807692308,-2015.674021978022
491,491,two,186.807,186.967,0.924,1.8727547916666667,8.543601091666666,28.137083416666666,10.18584035,16.956436749999998,813.2398783333333,35.26153295454542,-109.52600557692305,-126.50109982517483,-117.10699758741258,177.0256270979021,1201.1828881118875
492,492,"presidents,",187.027,187.547,0.924,15.051857340344828,7.721024394827586,18.835953453793106,5.209738405517242,19.208927448275862,603.648295862069,-12.782596671428573,45.192632116995064,23.161006593103448,-21.461984077093582,24.723071256157628,-88.55964236453194
493,493,Obama,187.687,187.967,0.709,32.03648733333333,5.211672919047619,8.870235110476191,-17.250366752380952,26.697232714285715,725.9253895238095,21.857167207792205,-65.14502072077921,15.64695631298701,-26.85867577922078,75.7863085064935,-97.21974285714289
494,494,and,188.007,188.127,0.502,26.057106125,16.1843683925,41.40168975,3.734219662500001,26.321611875000002,434.44069625,122.71743035714282,244.4836106547619,-11.737251190476188,296.46990803571424,-132.49899464285713,1566.8889226190474
495,495,"Trump,",188.187,188.467,0.877,16.49404725882353,3.271272285294118,9.506829437647058,-0.09898685294117655,18.537756764705883,780.6343647058824,212.95135218137256,21.140425601715684,-39.56506024019608,-174.28697715073528,29.42562169117647,-1059.2093406862746
496,496,disagreed,189.067,189.707,0.851,12.972728320967743,3.295318402693549,22.639132018548388,-3.5121296640322583,17.386420790322582,710.8823282258064,3.83042589572159,0.9138082758895534,22.514135434577327,-30.68478147159478,33.68504181335146,54.64635877968322
497,497,and,189.847,189.927,0.894,18.189313545454546,-0.5589383090909091,38.258223818181825,-28.965021454545454,16.720262363636365,589.7355190909091,41.94182681818182,-11.22575359090909,-4.362749090909072,74.0532022727273,167.3333604545455,1874.6777000000004
498,498,continued,189.987,190.367,0.877,14.234639254545455,11.948274127272727,35.956337454545455,-7.795871245454543,22.525761045454548,932.4797663636365,-10.948752162619986,-18.204849548277807,60.04771134952006,-25.901680841332585,35.54516174477696,874.4871688311688
499,499,to,190.407,190.487,0.815,2.5399636666666665,16.88021661666667,24.795897166666666,-1.7416972433333333,13.223308333333334,797.9256183333333,290.1501200000001,-179.5539432857143,-7.787718571428516,-203.2813539142857,-0.7959000000000321,-6274.855985714285
500,500,confront,190.547,191.027,0.83,12.437683792592592,-5.879548537037037,9.951040366666668,2.7979343607407405,19.919456185185187,851.118437777778,17.754554291819293,-39.654123434065944,-38.25577457875458,-19.066371610500617,0.871402564102561,3.1588537851037763
501,501,Young,191.087,191.347,0.836,18.629187375,4.08785101875,26.93784166875,-33.220913375,33.6255305,621.392709375,66.31394279411764,-68.8070304632353,-88.22217062499999,-24.378468382352942,-47.949469117647034,-62.57157573529405
502,502,on,191.568,191.668,0.654,24.0459376875,7.78307239375,3.3360364874999995,-36.536627265625,28.304461437500002,691.2740575,-16.539245220588235,-73.19635162499999,-69.0168776617647,-62.46510834191176,180.98433639705883,1131.4711485294117
503,503,the,191.708,191.828,0.712,17.953321499999998,3.3668012749999994,-8.925108999999999,-1.4160919625,29.49577075,775.2210375,-244.70773214285708,219.02166119047615,-106.85623023809521,213.1361375595238,-416.12919404761897,1024.3726785714289
504,504,sidelines,191.908,192.548,0.708,15.622617401666666,-0.8067887194444443,10.782804544444444,-14.444867519444443,31.519405583333334,698.6202941666666,35.54212219369369,-5.021725072715573,51.84272216138994,-35.80122883976833,-2.9789619626769657,328.6002246460746
505,505,of,192.728,192.808,0.981,20.079077153846153,12.889759407692308,-0.8732878399999999,-20.51705932692308,27.366574769230773,596.2751376923077,16.639659065934072,-79.98216804945055,-2.4630569175824197,-185.644695467033,202.2019228021978,813.655247252747
506,506,the,192.868,192.968,0.779,12.203299724999999,17.316126875000002,27.40070545,-25.7321222625,35.845910625,947.16153875,-185.85716976190471,-141.9153863095238,338.1699052380951,-400.17650958333337,114.06881369047619,2175.4241011904755
507,507,event,193.068,193.388,0.784,19.02941042857143,-1.3281382068571421,39.331890047619055,-18.53326821904762,26.431300619047615,810.3270461904764,49.98984064935065,-68.90374745142856,-15.609559805194797,51.96227969480518,-85.28636162337662,-1692.4704837662339
508,508,with,193.648,193.808,0.827,24.47682070476191,9.226009023809524,24.98760385714285,4.847450573333334,10.573365476190478,900.2560890476191,-24.385863168831165,12.459140136363635,15.188075584415584,-13.74993417012987,51.449599480519474,377.2801870129872
509,509,bystanders,193.908,194.668,0.887,14.075965093488369,-0.1545225395348838,14.615875773255816,-6.860003369767442,26.837461697674417,764.8018786046512,0.2896422974932038,-0.021126892177588803,5.1962808475536075,16.133578756418,14.81632018272425,85.27139980368472
510,510,physically,194.908,195.508,0.847,8.701734215,7.8512276666666665,13.31257927952381,0.3854602619047616,24.1234739047619,861.5882483333332,37.75906783676363,-28.82811244388623,2.860640587229558,-37.81404870512924,45.72184592820678,151.71476513248524
511,511,restraining,195.568,196.028,0.876,16.8234295,4.494034565384616,29.018969099999996,-8.248734287307693,28.511925384615385,972.1153592307692,34.82154945299144,-8.6824956051282,93.32636349401704,-70.2603435605128,12.467909470085464,-549.0001815384613
512,512,Jackson,196.068,196.529,0.824,14.641269666400003,1.9328648180000005,20.210328484,0.5695175027999997,21.396102080000002,732.807428,19.478827867692306,35.299077946153844,-21.7934177423077,23.186645651538463,17.935770653846156,-641.4569123076924
513,513,as,196.949,197.049,0.752,17.08109507923077,-2.315222865384615,20.98078334615385,-3.0635389142307687,9.242274346153845,748.8418246153847,-30.08196342803418,-32.6299350136752,-71.49396807521366,-25.537907249743586,40.148675230769214,546.2165408547006
514,514,he,197.109,197.249,0.734,-0.8266293700000003,11.147497470000001,31.809198879999997,-14.99054585,29.578013300000002,945.010166,121.92350439393937,-138.28032663636358,352.83132145454533,-361.50845954545446,274.02642030303025,-1555.0635090909084
515,515,lunged,197.409,197.849,0.806,11.65854748,6.286724388,14.87412920333333,-24.602525429999996,36.3661612,851.0078543333333,-57.500941739710804,-11.594467344160178,3.037688572858729,19.802774250278084,-46.371968987764184,-304.05738765294785
516,516,toward,197.909,198.269,0.896,11.315442471428574,1.7252102571428571,8.790413204761904,-2.043385042857143,23.974927238095237,822.2897176190475,115.75922743506494,-77.29903138311688,-123.111938012987,-31.696627376623383,69.38443636363637,-1165.8328019480518
517,517,the,198.289,198.389,0.867,16.671031016666664,-0.6654206333333331,18.587508333333332,-7.0090209,36.147364,886.9355583333332,118.10287385714288,-22.141766285714276,284.08062000000007,98.51126828571431,-356.9522714285714,-4320.681357142857
518,518,"trooper,",198.509,199.129,0.721,15.37941604054054,-2.1623426096216223,-3.952890468108108,-0.5276957389189189,22.767315432432433,732.9637775675676,81.99785327761974,-3.804503956092934,-93.76861695803699,-8.938389060692273,47.78025041488857,490.75407479848275
519,519,jabbing,199.669,200.069,0.787,16.993724108510637,-0.7879572921276593,21.697066,1.6661433021276584,18.806826531914897,867.5034023404253,-21.100671136100836,-21.631319173161426,11.741762498843661,-63.17856467738206,46.398157990286784,-164.83944108464388
520,520,his,200.109,200.249,0.725,4.442760588888888,13.58306511111111,15.25017237777778,-7.447974777777778,25.35614922222222,806.9153355555555,-179.78393533333335,274.42344,-270.00534716666664,417.4843708333334,-378.8824233333334,-1955.5638333333334
521,521,finger,200.329,200.689,0.879,21.421570668181815,-3.2190967363636362,14.953986827272729,-7.294597631818181,31.236372727272727,803.594099090909,119.01044999717675,-114.74082833992095,-88.35281338791643,-29.27167893562959,95.0063535290796,-704.8984336533032
522,522,and,200.849,200.949,0.821,24.672192746153844,-5.395237446153846,22.69809626153846,-12.32601978923077,23.632898615384615,621.3906492307692,-21.62761758241759,225.07152236263738,173.58876384615385,-129.92030184065933,210.60198131868134,1552.3534148351648
523,523,yelling,201.01,201.35,0.86,20.260898155,0.3041220440000005,34.03726859999999,-33.20810660000001,34.649713299999995,740.5489219999998,31.327464033834588,-26.19185162105263,-22.994506315789472,62.73500578947371,-3.247769172932334,-417.51932556390983
524,524,profanities.,201.55,202.35,0.869,17.036805377199997,6.4225772270000006,21.018074702999993,-2.908860958808,19.33150964,732.6692201999999,-18.70797770741897,3.000437468067226,40.0112918265306,5.020219537357024,10.493557464585834,-210.69901006002394
525,525,In,202.89,202.97,0.842,8.522530376525808,8.576608194193549,21.789960928387096,13.224204739677418,5.040393161290322,934.7177467741936,56.241311657197585,-75.4289723858871,70.36473508104838,-95.09614780362904,39.361012782258065,-387.6795326612904
526,526,"fact,",203.01,203.25,0.82,13.783882774999999,-15.307904257142857,6.755312230714287,1.4117487371428565,20.546111571428572,846.9979750000001,87.85346032417581,-22.363323428571423,-12.135130458241758,-17.51942776263735,-97.93587714285714,-244.46979670329665
527,527,at,203.35,203.43,0.769,10.696997011111112,-12.42507518888889,4.997286265555555,-20.45891981111111,20.319420222222224,622.9897266666667,224.74754508333336,49.50708491666669,-70.33916959166669,-162.51654066666669,55.43692666666668,-3372.751866666668
528,528,one,203.65,203.77,0.508,29.72441122222223,2.007753677777778,8.416716366666668,-17.381477822222223,31.12367094444444,786.9875161111112,-60.77217347781218,-130.79947109391128,-59.159286418988664,-100.16738003095976,-77.03892987616099,-1419.8398725490197
529,529,point,203.85,204.19,0.731,23.023975125,1.273745915,25.473971511000002,-20.656705199999998,24.5094815,683.6039225000001,-34.16799216165414,-16.4956232518797,171.7849584278196,-130.4142217142857,50.82321022556391,-98.71696954887236
530,530,during,204.41,204.73,0.835,27.988298644444445,8.028248877777779,23.47826785185185,1.464758743333333,24.38172148148148,757.245798888889,1.2556102747252764,-53.265503278388294,-59.242530372405405,-36.472694855616616,91.36262991452995,93.75929212454214
531,531,this,204.77,204.93,0.751,12.458528863999998,18.188013259999998,23.016557609999996,7.117088489199999,14.8340947,609.175506,-296.08818751515145,152.82711224242422,-208.26929936363632,99.62696917454542,-90.61203484848484,-2613.0482484848476
532,532,confrontation,204.99,205.791,0.883,14.735871872727271,2.6667605477272724,23.531152234090914,-2.810220593181818,22.89014756818182,806.6547029545454,-11.487594766737143,11.65729355003524,61.48901312536997,-24.571795228541223,18.840211568005643,0.43950863284000685
533,533,with,205.911,206.171,0.854,21.4109524,12.542304184210526,29.507492947368416,0.10465243947368433,24.36749405263158,724.5851994736843,-148.1577859035088,19.613816885964916,-3.709426754385965,47.36575083771931,-110.85273438596495,-1030.0049780701754
534,534,Trooper,206.511,206.851,0.882,17.86441805882353,-1.6162345041176471,15.715135601764704,0.7549557217647059,18.082463235294117,708.8489020588235,37.10868186401832,23.217309381054235,13.471073523453015,47.201537838197076,25.54379827349121,681.0999971734145
535,535,"Young,",206.891,207.191,0.839,13.490838329411766,-5.181813370588236,9.401131023529413,-28.287626629411765,35.327999764705886,682.9290405882352,43.64923435049019,2.4293257230392142,-108.5469793014706,-68.2665819485294,44.79423713235294,-558.2944191176471
536,536,Jackson,208.431,208.871,0.883,12.122486433690476,5.833499755595238,17.396773496428573,11.138520082142858,9.184806285714286,842.9593902380951,-0.9145286802419752,-1.0161770084792967,-15.016700504049819,1.5374500102764,9.05780516958591,-66.73766171914552
537,537,tells,208.911,209.192,0.841,6.9148036525,5.301260125,-4.38153654125,-11.7562740375,35.1520571875,758.36423125,17.966794305882352,191.72589426470583,-65.66460365441176,-79.27705948529412,111.86726904411762,83.8401558823531
538,538,young,209.232,209.452,0.836,21.25014425384615,2.2699849730769235,23.637579846153844,-14.862135669230769,33.59502315384616,982.1986223076923,143.63504675824177,-30.92659991758244,-61.732780769230764,-8.498763049450549,-126.65434642857142,-29.798824175824194
539,539,"quote,",209.552,209.932,0.957,23.785081583333334,8.006738179166666,7.016285679166667,-36.219989095833334,22.512146125,710.0845620833334,25.58595123913043,-39.49272341086955,93.94525716739126,-72.37857369782607,16.942570108695644,-400.4932632608694
540,540,I'm,210.652,210.792,0.913,16.002583460465114,-3.3029210727906984,23.494995174418605,10.867535839534883,12.042780302325582,943.6235767441862,5.409554448051948,-10.972003251736634,-45.27300287828451,-34.63480456433101,60.790963538205965,-49.24620039263059
541,541,going,210.832,210.972,0.805,13.307958042222221,-14.436752607777777,10.742793511111111,-12.431496833333334,43.37843544444444,865.6512311111111,-89.07793190000001,-176.3280779916667,-84.40347116666669,6.180766416666689,160.72963083333332,-1496.0858250000003
542,542,to,210.992,211.052,0.732,19.362155125,0.9919764675,15.8387235925,-6.612276475,0.0,807.0126975000001,62.82730250000002,96.64033935000002,-174.81086445000008,208.42875950000004,0.0,-7442.427750000005
543,543,call,211.073,211.253,0.741,15.9322946,9.59062098,-8.092098871000001,-31.200112759999996,33.740871000000006,789.4264569999999,76.92463999999998,65.308637030303,79.19572503939393,-315.2881699393939,180.73324545454543,848.7685181818177
544,544,the,211.293,211.373,0.828,21.505451166666663,24.258799999999997,22.439725749999997,-10.3279789,31.525846166666668,879.1476033333334,175.34781571428573,52.56394571428571,340.7729787142857,31.12121857142858,-311.7012957142857,-936.9764285714284
545,545,governor,211.413,211.753,0.831,24.840788715789472,-6.683703226315789,9.891210859473683,-1.158641431578948,33.50964110526316,797.4873668421054,30.980773263157904,5.800849824561405,27.2144476008772,114.02103868421055,-88.31257035087721,635.2568368421051
546,546,tomorrow,211.813,212.253,0.92,26.528589983999996,-2.6687498408,3.112259972,-13.6196749656,30.943251720000003,615.1145008,79.78841517307693,-107.23978858615386,-48.324665515384616,-60.83768496846154,37.36067323076923,-844.205473076923
547,547,and,212.273,212.353,0.853,31.6364308,-12.890775986,24.3344272,2.668949,20.614466800000002,672.389442,-176.90178000000003,-129.3320225,111.22180000000003,102.15959900000003,212.42009,302.619000000001
548,548,I'm,212.373,212.473,0.688,30.1847805,-11.424839050000001,9.8487219,-10.613893783333332,39.49670616666666,726.1428300000001,217.07640142857142,524.0766852857143,28.89841342857143,177.84084642857144,36.19297857142859,5699.0139714285715
549,549,going,212.493,212.633,0.823,19.66289295,-11.591207675,23.080283625,-12.94508348375,40.86457675,924.7252175000001,-7.139009999999972,-195.67022761904755,70.84339702380949,-143.40156217261904,-72.68472261904759,-1907.1452976190465
550,550,to,212.653,212.693,0.347,24.501316000000003,1.9523509333333333,35.079553,-5.3658554999999994,0.0,482.51177333333334,96.22969999999998,89.63865499999994,35.12497500000006,60.72066249999996,0.0,-7071.381999999998
551,551,talk,212.793,213.074,0.886,12.501770342105264,-2.218754026315789,9.00799762631579,-7.685377734736842,14.96746842105263,644.0086947368421,86.61784574561405,-29.482498236842105,-38.63874654385965,-45.65859926140352,25.063632105263153,1653.1448482456144
552,552,to,213.114,213.174,0.962,9.856311940000001,27.254682000000003,10.6014453,2.6703829199999993,30.2289152,839.0850340000001,189.04606550000003,-163.02769500000005,419.83680000000004,-522.0147250000001,356.7253400000001,-4942.001000000001
553,553,him,213.234,213.354,0.889,20.78320368888889,3.40325173,29.54246766666667,-6.903198873333333,35.63875066666667,972.2965533333331,197.77902650000007,-173.576122825,-98.17092000000001,-92.21703104999999,-21.59330083333333,-838.2584999999999
554,554,about,213.414,213.674,0.848,26.139754187500003,-2.543589975,10.5972672625,-22.10975125625,20.740915625,537.4959475,-27.779888897058818,-3.6315226470588216,-50.856779852941166,-108.0628125073529,-39.67423147058823,-170.10427205882354
555,555,this,213.714,213.894,0.778,5.194368090909091,20.61887209090909,17.721458272727276,8.805416945454544,11.93294718181818,671.1901227272728,-256.9292663636364,172.36242722727275,-62.235540454545465,147.72492636363637,-90.64779863636367,440.88461818181827
556,556,crap.,213.994,214.354,0.923,26.020139799999992,-11.809948152173918,-0.9457407043478266,5.107145439130435,10.990750652173913,688.5405347826088,58.588463023715384,-12.805183241106716,52.158118779644255,-25.689490790513826,-0.12078295454545371,652.6817791501973
557,557,Because,214.995,215.355,0.863,16.182209555999997,12.0535301394,23.221699041199994,11.832683854000003,9.913050519999999,893.8260324000001,-15.561437032893156,-5.655963990516207,-0.5169274084513793,-33.75440574237695,34.08233102040816,-174.27086357743102
558,558,this,215.615,215.835,0.918,12.906835595833334,23.259706775,16.267544154166668,17.18255115,18.883066291666665,862.0775049999999,-62.44039064565215,-17.754614917391304,3.6422426326086947,-30.857142199999995,8.217499499999995,888.5465395652172
559,559,is,216.135,216.255,0.822,8.421106538095238,10.17121428095238,28.145181,-9.045509966666668,26.310081857142855,684.9694161904763,9.44722037012986,-13.620911954545441,4.935227272727278,-23.020171201298698,53.19094285714285,-266.8496357142856
560,560,effing,216.515,216.835,0.678,18.295577782758617,10.858037010344828,12.979221289655172,-1.690018886206896,22.939406965517243,829.4901344827587,26.44341909359605,-32.75222989655171,10.84695132019704,-84.90366678325121,71.67554899014777,618.7846600985221
561,561,"ridiculous,",216.915,217.576,0.804,17.00401765216216,6.619760469189189,22.565686029729726,-7.202313232432432,24.170247027027028,642.9816662162161,-29.769894463489806,21.558804303698437,-14.900733980559512,1.521155030820298,-31.70522002133713,15.663004978662878
562,562,effing,217.776,218.096,0.581,14.254040546153846,9.625350973076923,13.301247703846155,2.5861405044615386,19.569789461538463,758.3783923076924,32.41639616410255,-13.136667758974356,83.10184027179484,-86.29465616335038,74.23969904273501,71.68649675213676
563,563,ridiculous.,218.156,218.756,0.828,14.893705051515154,10.085616427272726,21.708589342424244,3.718364143333333,11.12681987878788,611.6311521212122,-54.093462647058814,44.56937004512034,-41.02244636864974,36.39688472326203,-65.67003835227274,351.48328392379676
564,564,That's,219.257,219.457,0.827,8.448308422,13.919584568571427,16.290156442857143,19.226887934657146,4.892674114285715,893.5094674285714,27.077316474789896,-38.36197373809522,19.93320300280111,-38.647771793697466,16.51404341736694,-609.0369191876749
565,565,throwing,219.497,219.737,0.652,20.398440285714283,5.730772620714286,13.479085405714285,2.747613397857143,20.68887521428572,804.3779214285714,202.28005604395602,-55.96414386263736,40.670871903296685,114.00714769560439,76.53443879120879,483.46062417582385
566,566,your,219.757,219.877,0.452,36.47475514285714,3.8410998,11.872436971428572,27.84491311428571,20.823266285714286,918.2883057142857,151.0652803571428,190.72205874999997,-225.46604125,-421.8079899999999,-2.509216071428579,-5174.22242857143
567,567,weight,219.917,220.097,0.541,30.959511545454543,-6.312785345454546,21.248691363636365,29.525304954545458,21.635854545454546,965.1115227272729,-82.91234136363636,-81.01811495454545,31.581314999999996,223.75829636363648,-17.321475909090914,2073.7124000000003
568,568,around.,220.137,220.417,0.424,30.204173875,-6.72256513125,1.5461772274999999,15.676793937500001,6.8363746249999995,710.798621875,-79.56329705882352,13.008297866176473,78.0869191970588,-66.69934316176469,-80.53723044117646,-931.699925735294
569,569,Throwing,220.577,220.817,0.524,2.3126708000000002,-9.080588645,4.062725795,-0.7344834200000002,27.9871076,884.6987875000001,68.02136969924813,-103.66540865789474,-74.43792640977446,-62.08048393984964,174.33338142857144,-167.46375977443608
570,570,your,220.837,220.958,0.86,17.830594142857144,-16.877269342857144,-10.038329414285714,5.651655239999999,48.70152314285715,960.7639214285713,127.44619464285712,100.18500857142855,-82.78056142857146,-89.93538382142856,-27.29046249999998,1052.9518749999995
571,571,weight,220.978,221.138,0.733,13.927731555555555,-20.605917666666667,19.47071396666667,-18.71738877777778,44.85764611111111,816.6806722222223,68.29570733333337,-31.58938916666667,135.73091683333337,272.6290083333334,-1.1133558333333349,3263.7632
572,572,"around,",221.178,221.358,0.934,24.839901454545455,-16.115285468181817,-4.164853654545452,-15.861661172727274,43.18166009090909,759.7516818181819,-34.66986227272727,98.95481472727276,196.34696636363645,-198.74380463636368,-26.728658181818183,-412.74225454545456
573,573,but,221.398,221.478,0.829,29.3658645,18.4164275,20.3261715,-5.164187784666667,0.0,890.5768533333334,-1.2884785714285771,147.18254714285712,49.36174428571427,-41.88302722857143,0.0,-5516.038342857144
574,574,the,221.498,221.558,0.997,22.847458000000003,17.318069,3.758559275,-15.499426999999999,39.31894725,614.436855,4.500580000000024,-106.99896000000007,-44.49839450000003,-243.75769000000005,-48.500265000000006,11703.675700000003
575,575,hilarious,221.598,222.018,0.833,19.708026543478258,3.016500652173913,1.3379919565217393,-6.350209591304349,34.01002,765.4423217391303,-59.09460505928851,-10.319121837944659,-11.258281531620547,96.34063967391302,-81.75426645256914,-365.8254046442685
576,576,part,222.038,222.178,0.919,31.065206,-14.16169935625,-7.9168870625,3.8347556375,36.92820975,552.38479625,119.69896428571425,-260.2809831845238,-14.156454107142824,26.120661607142868,157.91778333333332,-1574.0541964285712
577,577,about,222.218,222.358,0.931,31.109993888888887,-9.921828055555556,6.971413105555556,-9.32353638888889,37.97659733333333,776.4397655555555,-80.19728,-104.7486934166667,10.968691833333343,-203.60001000000008,-11.770371666666662,-213.95494166666614
578,578,all,222.398,222.538,0.678,20.33921422222222,3.316389444444445,-0.8608953733333331,-46.88634322222222,37.42393366666666,557.0953333333332,-47.278837500000016,216.2088099166667,-30.14244211666668,-172.85747750000004,-7.363826666666653,319.8844166666671
579,579,of,222.558,222.598,0.539,26.00095,18.733928000000002,9.903803000000002,-26.362206333333333,34.86455333333333,681.6014666666666,152.6117499999999,305.3589499999998,194.6824749999999,612.1969249999997,-46.074000000000105,-5752.292499999998
580,580,this,222.658,222.819,0.839,9.164210136363637,23.664729854545453,14.551964618181819,10.545096818181817,18.512854545454545,626.4663545454546,-234.39474931818188,160.0182862727273,-126.16989990909096,213.92620386363637,-75.69240500000001,-3326.131513636364
581,581,"is,",222.919,223.039,0.814,15.47856777790909,9.864499127272728,20.04074546363636,6.344722377272728,24.04952890909091,463.85918999999996,-68.56371898727274,217.98542118181825,-78.16427159090911,170.18037004545457,-185.28382000000008,15.671995454545366
582,582,despite,223.219,223.659,0.745,8.934255122258064,13.743851225806454,6.722686601161289,9.543163405483874,14.099301870967741,765.195524516129,1.151725418749999,-106.45608590725806,5.75646905814516,-80.34353604274193,38.53618141129033,109.10607802419352
583,583,the,223.679,223.779,0.681,8.367411283333333,4.393060000000001,1.4151146666666665,2.0520209433333334,16.153531333333333,793.2854066666667,-47.42169128571429,253.75582000000003,9.976108571428577,257.47467785714286,-553.9431085714286,-2282.9776571428574
584,584,fact,223.819,223.999,0.901,17.847129181818183,-11.605693481818182,6.83319788181818,-9.215355863636363,30.246675000000003,696.3506309090909,95.62563772727276,-84.18029104545457,87.19078054545457,-69.4162397727273,-82.8497472727273,-8.07078636363622
585,585,that,224.019,224.119,0.88,22.502578833333335,2.4636049216666667,23.781977283333333,-7.935193566666666,32.88529783333333,797.6750350000001,-38.62167857142858,92.68302855714288,352.3582041428572,-426.7869237142857,268.95667285714285,1718.2299285714287
586,586,he,224.159,224.219,0.774,18.680616399999998,2.432369348,44.7080294,-30.226965199999995,38.0399418,898.602244,-10.014394999999963,-327.4164600000001,-187.1413800000001,-7.422590000000016,-19.822455000000016,684.0461000000005
587,587,was,224.259,224.359,0.841,10.5168359,21.37019042857143,15.499260914285715,-16.0824585,26.127219857142858,796.1432957142858,-265.2069405357143,422.6512053571429,-233.9020125,319.73569374999994,-69.90690357142854,2392.7315357142857
588,588,a,224.399,224.439,0.497,35.82097675,19.328816,2.504283525,-17.879060850000002,34.35803325,710.2134675,198.13325500000005,20.25957000000006,126.77059650000005,409.86624900000015,-8.768275000000017,11125.548950000002
589,589,White,224.479,224.639,0.943,28.610204799999998,-15.2147493,25.711332746,-24.4620227,35.3703848,659.0661319999999,-95.29760545454543,-27.11058430303028,273.0392174242424,134.50521969696968,1.1137042424242507,-501.57867878787846
590,590,House,224.679,224.86,0.93,17.266350063636363,11.71255530909091,1.6451431036363637,-13.706398209090908,18.750487454545453,687.06725,-238.70935118181825,418.89837090909106,-132.6457063727273,54.8849187727273,-238.32154500000001,-217.06845909090913
591,591,"lawyer,",224.92,225.22,0.655,35.86563175,9.444237751666666,11.49668063888889,4.831598144444445,18.687778388888887,552.2916672222223,76.14731230650156,-168.83206264138292,30.1191580753354,119.91331083591334,-90.45737776057793,-286.76171052631565
592,592,despite,225.3,225.66,0.79,8.179694322727274,11.551709749999999,11.927134779545456,5.027046468181817,19.027751181818186,715.9369513636364,13.632872334839078,-144.65062319311124,-8.44902386363636,-132.80926772727275,36.94664031620554,-144.36245369847546
593,593,the,225.7,225.78,0.86,10.977359116666667,1.529145616666667,6.193772223333332,-1.4823342499999999,15.545661666666668,672.6272516666667,-71.6023715714286,224.1067544285715,-144.04409648571425,156.340003,-266.6664142857144,-3580.8312142857144
594,594,fact,225.82,226.0,0.775,19.40479229090909,-12.385443927272728,13.627726972727272,-5.84767159090909,25.608561454545452,702.6552736363636,108.28279336363637,-34.516062999999995,110.58629527272728,-6.853677727272724,-134.86404181818187,3070.6476545454548
595,595,that,226.02,226.12,0.988,18.72191533333333,7.769080316666667,35.286153500000005,-2.461176166666667,30.872350833333332,800.1843150000001,-43.599434285714274,131.54974871428573,332.9079128571429,-394.52689571428573,253.08499571428567,2314.206614285715
596,596,he,226.16,226.26,0.827,12.624398142857142,10.507574671428571,55.295312857142854,-31.472963285714282,26.108279428571425,698.4452699999999,-72.94601428571427,-196.31646196428568,-27.64176071428573,-2.6385803571428648,-328.7989446428572,-6704.290964285714
597,597,is,226.32,226.44,0.29,17.253235555555555,7.066955855555556,-3.363267188888889,11.018881115555555,21.100271888888887,590.0595911111111,-3.2634550000000004,148.39001575,-95.52164491666665,209.22547778333345,91.19174666666666,1823.3230666666668
598,598,"not,",226.46,226.741,0.613,21.9052048,-14.90509196,18.34310806666667,-3.8557921466666674,22.8694472,715.1408573333334,-33.70141089285714,-99.63514014285713,-16.987894107142854,-58.50980105357144,-178.17177428571426,-723.6743267857144
599,599,I'm,227.061,227.181,0.928,21.239763545454544,7.708740854545454,22.547011104545454,9.2527223,8.364395818181817,858.4385213636361,-39.49424381705252,15.779027041219646,-52.935326174477694,-58.92760876905704,49.606025352907956,-625.515616883117
600,600,"sorry,",227.221,227.421,0.837,18.349195216666665,-10.7401257,2.2636668875,-6.899859625,30.47754858333334,575.5946224999999,115.38312178321678,-194.33454461538457,193.73740574300697,-84.21203749999998,-29.452668706293693,-2701.694781468531
601,601,a,227.441,227.461,0.0,27.0941115,-4.51580835,30.4816985,-9.2587478,0.0,461.31076,37.56765000000007,-42.29409499999994,-510.67684999999983,554.7725199999998,0.0,5024.303999999997
602,602,White,227.761,227.941,0.782,27.300773958333327,-1.6078325875000001,16.272763791666666,-19.27364341666667,25.231242875000003,698.85840875,-15.623843326086956,-35.37279507173912,37.29822987391304,-70.12368326086954,94.00198510869564,-6.320436304347922
603,603,House,227.981,228.201,0.838,11.073324923076923,14.85227263076923,3.6544491553846155,-10.275172636153851,18.51775638461538,807.9981353846155,-142.27525164835163,343.22771505494507,-34.326396760989006,70.80494921978023,-153.89249999999998,1151.5340027472528
604,604,"doctor,",228.281,228.601,0.801,26.130698934999998,4.3511908325,15.082023740000002,4.490325224,15.805421149999997,662.5288075,22.699977808270667,-38.33128659962406,6.95572609774436,91.52398373834588,5.38230612781955,-952.5673552631578
605,605,not,228.641,228.762,0.89,31.572655124999997,-6.624438312500001,18.805158437499998,-23.221266,15.61976375,501.61855125,-61.88672440476187,122.44466934523805,-131.70608720238093,-354.1902773809524,-297.47002857142854,3113.3931369047614
606,606,lawyer.,228.802,229.022,0.776,36.015816153846146,1.9575404000000003,16.6879383,-6.589574823076922,14.252837307692307,527.6764707692308,-51.07144917582418,-109.7693725,-47.144663406593395,296.3770346703297,-129.35408516483517,-1481.474868131868
607,607,Despite,229.282,229.602,0.817,11.369600990344829,4.050491686896551,15.87457583103448,4.637660106379311,13.385684000000001,876.3163041379311,-4.559783062068961,-13.410497892610834,-55.44885160837437,-57.88510179334973,54.537242512315245,11.187898029556658
608,608,the,229.622,229.702,0.849,10.486545,3.27965628,5.2738653200000005,3.4784796400000006,9.5143456,819.3794519999999,-36.142245,167.38494799999998,52.915240999999966,210.51612650000004,-475.7172800000001,-921.2271999999991
609,609,fact,229.742,229.882,0.822,15.958162685555557,-11.440951115555556,7.706684929999999,-12.997536955555555,28.72781911111111,654.5526344444445,134.52538943333334,9.756681616666691,161.71731999166676,-76.69451950000001,-330.96184500000004,2793.0042333333345
610,610,that,229.902,230.002,0.864,20.961258833333336,6.657651600000001,27.463251000000003,-8.452072216666666,33.03447033333334,877.4085899999999,-11.965475714285713,78.28444285714285,193.60144857142862,-367.70261928571426,273.40902571428575,-1815.8011428571433
611,611,he,230.042,230.082,0.98,10.88649695,-0.9119309,58.59221324999999,-46.942485999999995,38.1264165,1023.65101,-137.36397600000006,135.98514600000001,-63.39240500000008,-6.741420000000035,-28.014060000000043,-1253.2794000000001
612,612,is,230.162,230.242,0.695,7.3205497625,29.126901087500002,23.957110975,5.101400374999999,22.71986125,565.98363875,-114.98332613095236,398.21459624999994,-307.22445452380947,480.6785863095237,-74.11474285714283,910.8293273809525
613,613,now,230.322,230.623,0.883,23.151331999999996,-18.55480516842105,18.575437631578943,-24.148956421052635,37.317543368421056,647.0448505263158,-2.41149105263158,-70.84611428947369,-26.75659070175439,-139.01007763157898,-0.5785091228070165,-249.291006140351
614,614,a,230.883,230.943,0.666,30.4923875,11.1826904,12.328725365625,-27.378348921875,6.571761499999999,685.360329375,-47.36848808823529,-47.211522985294096,22.152282540441174,81.20236832720589,38.66460794117646,34.38603602941173
615,615,congressman,231.043,231.823,0.846,17.90068113068182,7.468946783636365,9.101988624318182,-1.5160032700000001,18.58434961363636,647.7175188636364,21.23545573308668,18.98193637434813,53.83526232399578,35.79256143685694,-29.985494760394644,-325.63686599718113
616,616,out,232.203,232.283,0.992,26.564413391304356,0.11282336956521849,20.121776730434785,6.4088753956521725,11.552175521739134,783.2850752173912,-52.11266798418971,-133.3213244466403,-74.02674091897231,-94.51340913043475,87.56062796442684,-352.60974209486153
617,617,of,232.323,232.363,0.876,19.9373275,1.5261525925000001,19.70333825,-20.423348500000003,39.00982125,453.59154749999993,-157.68154000000004,253.1571391500001,-331.52314500000006,312.20474000000013,-1.8723749999999844,-945.5325500000006
618,618,the,232.383,232.463,0.716,-0.5207315999999995,26.052708800000005,2.192026114,23.5216876,7.7153564,884.086146,-480.5061650000001,220.5373050000001,-75.16363615000003,640.1782300000002,-385.76782000000014,6162.577700000001
619,619,state,232.483,232.684,0.765,12.465616877272726,3.2078798363636363,26.66976771181818,-1.052474636363636,31.187042363636362,741.3100999999999,181.35050638636366,-233.34269550000008,229.26963247727278,-122.1034413636364,137.39196681818183,-1638.849054545455
620,620,of,232.704,232.744,0.992,18.218137666666667,12.597071999999999,30.32133,17.532689333333334,0.0,866.25408,-29.652349999999984,224.67309999999992,240.10207499999976,-93.03505,0.0,-9108.936499999998
621,621,"Texas,",232.824,233.364,0.847,4.209187904193548,3.8045558838709677,9.77942846645161,15.120496908709676,6.370136354838709,623.9559212903225,-0.428892190322582,30.85793558870968,10.003868785887096,10.01027116572581,-5.470379979838711,-381.2754298387096
622,622,no,234.204,234.284,0.994,16.070912102173914,8.020328041304346,16.924664699782607,16.97737723695652,7.958866847826088,985.8090652173914,45.2321629000925,-23.61473123496762,18.063528343786608,-55.15316954270736,40.4904992321924,-53.72606111625036
623,623,one,234.344,234.404,0.982,22.15552083333333,-8.660898533333333,12.158586916666666,-24.03261098333334,41.103774333333334,844.5094116666666,118.46548714285717,110.6058091428572,325.50711842857146,647.2515898571429,-22.147980000000008,1741.6007857142865
624,624,knew,234.424,234.545,0.748,21.622983242857146,-3.159229142857143,18.229031057142855,-15.638106308571427,39.34488757142857,908.2480814285713,59.90634874999997,145.96845749999997,-247.5985235714286,-122.58198539285715,-30.3300125,2092.9051250000007
625,625,who,234.585,234.685,0.796,30.72987314285714,9.501473071428574,16.418152428571428,-17.67989457142857,37.064504,936.2733657142855,-55.21712142857143,-6.442569642857128,122.68689642857142,-402.996725,-11.659560714285696,-838.794214285714
626,626,he,234.705,234.805,0.433,24.148762833333333,1.9290926666666663,41.21020133333334,-10.098035216666666,33.0735895,666.2379500000001,261.76484142857146,250.63128857142863,-348.7556914285715,36.26367871428571,-11.88963285714284,3242.6583428571425
627,627,was.,234.865,235.105,0.772,23.309440433333336,0.5566921133333328,12.067513388666665,-22.520637853333337,14.265199066666666,505.0070273333333,-83.487309375,43.370264375,-17.837522676785728,93.41434121428571,-172.02459874999997,-714.8611232142853
628,628,So,235.145,235.225,0.988,-2.482774833333334,26.914515483333336,1.4682501883333332,7.455495166666668,19.388142333333334,750.4156416666666,450.3997271428572,-542.9510458571428,189.59711961428573,-382.16783571428573,496.3654628571429,3012.864985714284
629,629,when,235.245,235.325,0.535,29.188781600000006,-6.3555323999999995,23.1262484,-12.504495239999999,39.013340799999995,656.93086,-107.31562999999998,-434.7359800000001,550.0163800000003,339.87997800000005,7.711484999999991,-7086.268450000001
630,630,he,235.345,235.385,0.968,19.945841333333334,-15.068189666666669,43.278148666666674,-9.8118189,38.77124633333333,681.7129,189.81404999999995,82.52889999999995,-609.4968499999998,380.9551824999998,-30.43947499999982,-9667.614999999994
631,631,was,235.405,235.625,0.677,7.9563212750000005,9.852387750000002,19.544736116666666,3.2012643333333344,18.93965491666667,724.4526441666666,5.931307115384617,-113.66390248251746,51.33968146853147,-16.566581125874126,-135.5553617132867,555.8212849650347
632,632,trying,235.665,235.825,0.426,10.9028987,-12.341275359999997,13.42390138,6.005564040000001,32.1396117,762.064451,342.08564212121195,-96.95166581818178,62.871312363636356,-188.37109769696966,189.05806030303023,-796.0666333333331
633,633,to,235.845,235.885,0.996,15.131336666666668,22.527486333333332,16.241211500000002,18.310276333333334,13.284876666666667,650.3548333333333,-33.06129999999998,116.60237499999997,-224.97296249999988,399.5138749999998,-996.3657499999996,5990.9225
634,634,throw,235.925,236.085,0.775,24.12023966,-1.7415789799999986,10.6654935,-7.970792149999999,30.647671399999997,791.740745,188.96598575757574,-253.15051533333326,5.110094363636357,-219.21573196969686,169.68721090909088,3000.5824999999995
635,635,his,236.105,236.225,0.75,7.3200501000000004,23.759935285714285,22.682591714285714,5.009942457142857,18.90766357142857,837.0294099999999,57.15676839285712,174.87750357142855,-52.01803750000001,43.54004125000001,140.78065535714282,5299.92575
636,636,weight,236.305,236.506,0.841,25.505975857142857,-1.8405272499999998,27.96181371428571,-5.632121892857143,35.012656,782.134332142857,-24.514014945054935,-208.23000148351645,18.129868571428574,-79.23918440659338,67.89587274725275,-1463.7665417582418
637,637,"around,",236.546,236.806,0.976,36.3024838,-19.315887686666663,8.246459353333334,-15.726737509999998,30.754018200000004,663.0710433333334,-37.60742017857142,-1.1882007321428434,101.26171492857141,-55.08174368749999,-57.192101607142845,-1410.6801607142852
638,638,Everyone's,237.586,237.866,0.96,26.948693981132077,20.191887636603767,20.467519411320755,12.276035749056604,10.902620094339623,889.7876694339622,-15.557822734236415,-19.646740565715206,-20.917462487098856,-30.90131176019997,36.97771124415417,-108.52458732462506
639,639,"like,",237.886,238.046,0.726,22.953358444444444,-4.517693506666667,20.51830976666666,-9.220230733333333,22.57462744444444,581.8211299999999,74.65164083333335,-28.45632443333332,375.2510465000001,119.52150016666671,-264.4977650000001,-4450.650533333335
640,640,"wait,",238.987,239.167,0.32,33.80281948214286,9.661149668392856,20.088901808928572,4.225857626785715,12.603088964285714,773.6751867857143,7.697615032467531,-3.469190299982913,-14.520520400375936,-29.62875745950102,24.274122501708813,221.45393174982908
641,641,who,239.347,239.467,0.86,29.3254224,9.671853666666667,18.69994399333333,-9.665183320000002,16.1471242,808.4904166666666,45.03556160714286,23.21650464285715,-81.23558030357142,-94.466184875,110.43103732142856,1178.1065089285712
642,642,is,239.527,239.587,0.76,10.972191833333333,19.080851261666666,12.447144066666667,-0.8299516666666644,21.0148915,929.46905,-552.2557957142857,539.4022909,-259.54480342857147,650.2677942857143,-534.7152042857143,-5932.116714285715
643,643,this,239.627,239.747,0.79,1.00494205,26.504005624999998,-6.1766342375,20.8065216875,17.683557625,639.5949674999999,-69.72999071428572,-36.423141071428574,-56.61853101190476,109.86077886904762,-253.52919107142856,-4517.185083333333
644,644,guy?,239.787,240.128,0.7,15.664900178947365,-5.799036870526314,7.88434895263158,10.169510942105264,27.738515631578945,854.9156905263156,5.229402824561408,29.681734480701756,71.60875525438598,-17.92062025438597,-79.56798535087722,589.5228842105263
645,645,This,240.168,240.248,0.375,4.475863950000001,21.97004733333333,18.710641166666665,11.0384635,0.0,556.349285,-54.666105857142874,-34.77291714285714,-134.98169857142855,-131.98637285714287,0.0,-1176.6534999999997
646,646,is,240.268,240.308,0.438,-20.529244333333335,21.761543333333336,8.328467433333332,-0.6375709666666666,0.0,697.56358,-4.004049999999989,-246.58112499999996,134.42731749999996,-221.2468799999999,0.0,2122.6909999999993
647,647,way,240.328,240.568,0.545,17.493368923076922,-1.2378806507692308,13.856753915384616,9.683769746153846,22.95978469230769,801.3387676923078,121.02808104395602,38.82717263736264,108.51024585164838,261.3070190934066,-53.87437115384617,689.2420109890111
648,648,too,240.608,240.848,0.491,18.568049128571428,8.496251214285715,19.52892185714286,15.428334185714286,22.073577999999998,820.1891185714286,117.89609606593405,66.57855514285714,-39.834478461538446,-10.149988197802202,56.40795362637362,59.15479560439553
649,649,mad,240.908,241.108,0.898,27.171359923076924,2.3237365076923084,9.42625966923077,18.182141499999997,25.630448230769233,653.4538261538461,-54.152998901098904,-62.98300192307691,-16.73101909340659,11.217697802197804,68.84183434065933,176.7651318681316
650,650,man,241.148,241.348,0.757,21.20089791666667,-4.414128733333334,24.833594466666668,3.139233666666667,9.592255500000002,477.56931499999996,-96.54189562937063,-191.67743881118875,-0.5482748251748071,-196.86551013986013,-144.3354699300699,12.804230769230767
651,651,who,241.368,241.448,0.884,26.0684338,21.105397200000002,16.2200772,6.970138059999999,25.732699200000003,806.1118240000001,150.25354000000002,226.606955,25.443179999999984,33.2398965,4.093985000000037,-2841.155000000001
652,652,won't,241.488,241.628,0.932,30.043290888888887,24.160311111111113,17.993944377777776,2.0856670777777784,29.00236888888889,808.6730811111112,3.7585291666666945,8.03300916666668,-104.0180425,53.35066766666667,21.232535833333344,1865.460775
653,653,get,241.668,241.789,0.831,14.212917599999999,4.1396896125,17.472258375,23.064233375,18.183306375,695.24302375,75.12900309523808,-200.38129291666664,-136.33193273809525,135.34195416666665,254.6340041666666,-1999.6811726190472
654,654,out,241.829,241.889,0.093,24.9386718,-10.8771194,-2.180031346,11.8901126,28.6704578,474.00639599999994,-80.832455,121.12314500000004,-19.094687200000003,-263.27713500000004,14.957230000000019,-5034.741700000001
655,655,of,241.909,241.949,0.268,25.508561666666665,8.124705666666665,5.072343766666667,0.5883415333333334,28.718176,587.7544666666666,87.19572499999992,414.9984249999998,186.34131749999995,236.25067999999987,-40.37207499999996,11641.600999999993
656,656,the,241.969,242.069,0.622,33.498370333333334,24.758017,5.015443083333333,5.629862463333333,25.425433166666668,788.4143266666666,90.20382571428571,109.08353428571428,-50.37391442857143,-130.68532071428572,-19.192858571428577,-72.5938285714284
657,657,"way,",242.109,242.289,0.713,24.491340363636365,13.1306333,6.444046481818182,35.58797013090909,19.03406263636364,860.2498872727272,-78.46035954545454,-55.169911045454555,87.37469554545459,213.63184731818183,-106.0551213636364,-667.4871272727275
658,658,the,242.349,242.449,0.874,26.753791375,6.323714712499999,20.887504874999998,28.3544579375,25.5913835,1010.3112750000001,10.648294642857152,-164.4313514880952,143.27721607142848,171.88997708333332,-60.13221190476188,867.0785714285706
659,659,doctors.,242.489,243.249,0.917,18.369547994999998,0.7480421554999998,10.444374085000002,9.614946911499999,8.1393801,732.1606702500001,-33.83837694465291,9.2533758250469,26.765443479362098,-63.162068600093804,3.30208435272045,-219.46204394934335
660,660,"Okay,",243.87,244.17,0.748,7.583488365434784,-0.7693815852173912,18.286724195217392,-5.658029674565216,2.6810870652173913,692.0492982608696,22.6810259191181,4.336330103361086,24.187855068455132,-45.49600913786617,4.945352682701202,-57.379882762873855
661,661,so,244.51,244.71,0.871,13.47595135357143,17.26115192857143,15.769832110714287,3.855017042857144,13.056019642857143,813.7960996428571,-12.23656799808429,-74.9652754789272,-55.99859802545155,-96.8670643814997,73.82811204159823,-1084.8874481390255
662,662,with,244.81,244.97,0.928,27.794761583333337,4.8228466616666665,21.41257745833333,-11.216126458333333,18.599552083333332,825.80593,-133.39845786713286,-150.44142566783216,81.75996005244754,-10.365494178321676,-113.35618269230767,-89.3191223776222
663,663,that,245.01,245.211,0.886,12.856764946153847,-8.065464930769231,7.347353694769231,-11.25351740769231,24.106190538461536,742.638206923077,7.55486304945055,121.69231140109889,-14.967272721978008,80.65592145604396,-175.72658489010985,595.6379917582416
664,664,"said,",245.271,245.551,0.91,11.997952088235294,-4.310447823529413,18.32821031764706,-9.005834982352942,29.1665945882353,641.2691182352942,114.8422705882353,-162.04312806372548,155.41393066176468,-164.6641771568628,79.4603574754902,-1540.7667071078429
665,665,prior,246.271,246.591,0.907,12.929003170461538,-7.054278029423077,10.986277875,-1.3642032346153847,14.729717384615384,657.5894465384616,6.494624209493724,-16.322430391808247,-36.686119764150945,-17.617126622556132,37.74826846239221,20.304738068812416
666,666,to,246.611,246.711,0.663,6.944845433333334,30.495214000000004,8.742256083333332,-4.381208973333333,36.104446833333334,790.38574,465.80284771428575,-4.794185714285769,141.9177292857143,-38.05731799999999,267.02011571428574,7347.074800000001
667,667,the,246.731,246.811,0.829,30.533455800000002,8.16263362,3.9185341,-21.910079,31.7654274,819.3942139999999,346.2656600000002,17.032984499999973,-14.771996499999997,425.25085,-75.72455500000001,3989.09275
668,668,release,246.852,247.232,0.802,12.998295252380952,16.614583195238097,20.419503544285718,-9.951990523809522,28.484886619047614,913.3232152380951,-126.87899472077922,65.2231805064935,47.76153089025974,135.07696967532465,-94.20903272727273,351.4959331168831
669,669,of,247.372,247.452,0.828,24.614141363636364,6.4142081,-1.2873231090909085,-15.155635010000003,18.67019009090909,668.2409090909091,82.31053909090915,91.9115982727273,127.24976845454547,64.31025388636365,134.33426136363636,2925.775763636365
670,670,the,247.492,247.552,0.995,30.3815236,16.49327946,24.585903,-3.87433094,20.17962,921.2352699999999,122.67327000000002,80.95402999999997,104.87212,37.98604299999996,-512.93005,1265.5004999999985
671,671,body,247.612,247.892,0.932,18.52091467647059,2.540470335294118,26.739221044705882,-27.45993932352941,21.984543176470584,649.9528688235293,-50.58940085784313,8.841566862745095,168.6434007622549,39.65285296568626,-41.063491299019596,892.8363321078431
672,672,cam,247.912,248.112,0.838,14.84971727272727,-0.5332533545454535,29.984666636363638,-15.671771009090907,31.892546909090903,788.4086036363638,195.12511772727274,-127.38803286363638,13.293729090909101,50.72377122727275,57.935088181818195,-1145.8149681818181
673,673,and,248.152,248.212,0.955,28.509446200000003,13.9377254,37.3411048,-2.7282056919999995,19.237843,665.115458,-41.34091000000001,343.23351500000007,-268.452985,550.1481750000003,-485.91005000000007,3596.2638000000006
674,674,dash,248.232,248.472,0.782,11.601451892307693,-3.856593123076924,18.76231863076923,-5.767233870769232,17.666433769230768,580.1872469230768,-98.04758291208792,161.68942758241758,33.290210604395604,92.00943709340658,-186.29953296703297,773.7830549450549
675,675,cam,248.492,248.713,0.928,17.824606214166664,-0.6655254416666677,21.019370916666666,-3.647616241666667,23.5896375,783.2595958333333,69.04922452272729,63.433880821678315,-53.56989248251746,179.25925236013978,-103.37697727272723,948.1523793706292
676,676,"footage,",248.733,249.133,0.929,10.946405069047621,4.305771261904762,32.86416446190476,-11.53221464904762,25.407676428571428,594.7927933333334,-53.13184267532467,9.882253019480522,111.49448738311688,-25.83040780324675,-69.64112694805196,-557.0869331168831
677,677,Carson,249.953,250.374,0.843,14.137414442903227,3.2664273477419354,9.121244471290321,-3.077657616774194,15.35084514516129,797.2265506451614,5.697706040467375,19.263185369242777,-33.73490965102869,-12.245472561909798,22.484174784064873,-2.5722413940721567
678,678,County,250.414,250.754,0.841,12.71365622105263,-0.49047973157894803,29.493750405263157,-13.19675716105263,26.88347084210526,754.5477757894736,-47.66387235087719,99.71533457894739,98.47869641228073,-5.250461321052635,-49.815240877192984,211.80003157894745
679,679,Sheriff,250.774,251.094,0.821,15.56905670588235,-1.5141842647058819,12.547160341176472,-0.1894077058823529,19.204067529411766,583.8816017647059,134.02599656862742,12.996150061274506,-127.71013096813726,69.73077118872547,-82.41112928921567,-331.42332720588263
680,680,Tam,251.134,251.494,0.889,18.9276355075,-1.6121136829999998,20.137640885,-1.7754105900000003,16.9768683,754.1889355,148.0325271409775,-26.717172253383453,26.02750211654135,8.46066669172933,63.79709729323309,1219.0235319548874
681,681,Terry,251.574,252.055,0.877,22.75534772571429,2.483167163178572,16.985770510714286,-2.8437951178571432,19.956102500000004,615.3025696428571,68.54401764258347,-4.23895113622058,62.996866492884514,-23.05458354269294,42.512199507389155,-317.29193062397366
682,682,had,252.115,252.255,0.815,16.885513326,-4.594203245,19.090555579999997,6.7829434100000014,27.117315999999995,776.5737620000001,191.87195306060602,52.48146356060605,-14.774027212121208,-12.39595009090908,154.03324848484843,-1826.7340121212123
683,683,released,252.335,252.955,0.751,10.794172774285714,16.1437279522,19.82753812857143,-4.78053269142857,28.29467365714286,990.0412628571426,-80.61601016246495,7.980652636526607,8.327482969187669,24.01994654481792,-53.77187644257702,23.03210672268912
684,684,a,253.295,253.315,0.757,20.038863216666666,-6.31254531111111,3.065084269905556,-26.03201808333333,17.641948722222224,603.5774250000001,115.14261442208463,-26.994112260061907,-21.861129510593397,-63.59861237874096,71.51660634674923,32.31461764705896
685,685,report,253.395,253.716,0.937,31.989475734999996,9.081643476499998,-1.263626506,-3.7681761093999997,24.858349450000002,758.775029,-54.41932576315789,-84.23116792969925,-19.004591973684214,-30.630627102556392,67.72399830827068,-388.2254248120299
686,686,about,253.756,253.936,0.938,26.534586454545455,-8.712451327272728,12.302306490909091,-15.431751863636366,17.261938909090908,512.8077836363638,-22.444977727272732,-47.58022250000002,-88.68491586363639,-100.74970222727275,-88.83589727272734,836.8334227272729
687,687,the,253.976,254.056,0.854,13.2644765,9.45374975,47.6422316,-29.481469566666664,12.4292595,615.3647516666666,-33.28886142857143,98.6847907142857,521.9919971428571,-417.6500671428572,-426.8573871428572,-3377.250357142857
688,688,incident.,254.116,254.456,0.883,17.411519294999998,8.772968630000001,33.17001406,-1.5294225165000004,19.4230487,648.0174555,29.968854943609024,-86.3261470225564,11.463781533834588,7.949177889097752,6.71118842105263,165.07505676691724
689,689,It,254.476,254.516,0.992,33.184746,-2.813370666666667,39.047760000000004,-17.219516333333335,11.05954,501.0178833333334,423.3035499999997,622.1925874999996,-771.6249499999997,173.10002499999993,829.4654999999997,8206.343249999998
690,690,was,254.556,254.656,0.681,16.382973700000004,19.727966285714285,23.505190142857142,-2.765895457142857,23.864745999999997,769.74995,-380.2837921428572,201.80801250000002,-75.2361696428571,405.29178178571425,-183.33841428571432,5138.348035714286
691,691,released,254.696,254.996,0.858,14.10271944117647,11.226559258235294,18.889018334176473,-1.4060455252941173,25.685048647058824,907.6537982352942,-156.7606080269608,28.93041589460784,10.14852146470588,124.61479835294118,-102.57525784313727,304.0010502450981
692,692,last,255.036,255.216,0.882,12.786686818181817,0.5482485999999999,-2.5085146636363636,-13.94985800909091,19.519568636363633,692.4932345454545,-254.26623363636372,268.5715957272728,56.306232181818196,228.82367095454552,-246.81608045454553,-674.3523681818185
693,693,Friday.,255.276,255.617,0.96,23.560296470000004,-11.972414675,24.38680172,-10.79666749,22.7505338,591.5487424999999,35.92575339097744,-68.0423689887218,176.59859630075186,-90.25936261654137,1.8074984210526304,-1108.7215695488721
694,694,And,256.377,256.477,0.814,11.656774773953488,8.752236672790698,27.25361675581395,5.244729835348838,5.431565976744186,814.0330499999997,-5.203126977801265,-26.337893236408934,1.949099312896405,-18.907352125339777,21.885441158260342,-27.431494261552412
695,695,so,256.557,256.817,0.761,9.388007782352943,5.747559157647059,1.6435035384117647,-20.236280647058823,27.70548729411765,726.06987,146.55771600490198,-193.4048385490196,-21.240623457965686,-314.55830882352933,138.32178933823525,-495.5371789215687
696,696,the,257.018,257.178,0.786,18.11510078888889,11.41297255,27.505598105555556,-26.381426794444444,19.064111055555557,846.0485194444444,-88.19972639834884,-33.314688137254905,193.6433848555212,-10.001513049535607,81.05208395252838,1673.2352120743035
697,697,allegation,257.318,257.778,0.868,8.021467466666666,2.3631938063333333,26.166698968,-21.606595288166666,26.908807200000002,874.0760343333335,-23.763512943270303,81.50886156785316,56.27450081557287,49.92250203965517,5.7724164627363725,1259.9214741935484
698,698,here,257.818,257.938,0.648,22.1351135,-3.8098145,36.924231375000005,-12.101529907749999,37.068462374999996,863.47205125,38.684395238095235,-453.0427249999999,-235.52580178571426,108.95509036547618,-16.597024404761935,851.8798035714278
699,699,is,257.958,257.998,0.932,10.261572873333334,15.992188333333333,18.944619566666667,11.366227666666669,11.862514333333332,498.12733333333335,-525.7354844999998,1567.1999999999991,-638.6009074999997,1200.3076999999996,-889.6885749999996,2447.549999999998
700,700,that,258.038,258.138,0.878,17.78796542857143,9.795584822857146,14.90933967142857,-0.2963206571428567,34.128518,438.15913,130.16263214285715,-213.68194064285717,179.49134339285712,-289.5961214285714,-24.220432142857153,-606.0236428571426
701,701,a,258.158,258.178,0.981,20.866077500000003,24.697462,20.7772935,7.16835895,16.439823,516.686085,366.87604999999974,479.3763999999998,143.00185000000002,821.4598049999996,-1643.9822999999992,20236.78149999999
702,702,teenage,258.238,258.519,0.787,6.880265984705882,9.67380778235294,36.156505058823534,-7.635091747058823,23.33401776470588,914.0958294117647,14.082385102941169,-80.99540036764706,134.07631666666668,-78.14598281862744,-25.419622058823528,-746.8335539215689
703,703,girl,258.559,258.679,0.999,22.898437375,0.8208714625,2.2488077124999997,-6.115804799999999,32.156767,823.7187487499999,146.23868988095234,47.57897517857142,-203.35968065476183,-427.39279261904755,141.27464166666667,-4700.803220238095
704,704,was,258.719,258.799,0.409,13.91243278333333,34.007168166666666,1.8900926500000004,2.028450233333332,22.86502833333333,870.2377633333334,-327.2809255714286,298.0656585714285,-98.4928627142857,787.9157008571428,-21.15604285714284,3577.241428571429
705,705,experiencing,258.839,259.339,0.834,12.646087939629627,11.322285518518518,19.454335661111113,13.890323967777775,24.694165925925926,1009.258061111111,37.89561024664226,-19.426994416971922,22.943364177350432,-46.22751697588524,68.82768467643469,-111.30217307692317
706,706,a,259.359,259.399,0.535,30.472438,-4.8254519233333335,23.411029666666668,-6.904083816666667,38.662191666666665,1082.9567666666665,342.9955999999998,564.2805999999998,40.92752500000002,458.84853124999984,-23.788550000000075,109.28499999999977
707,707,medical,259.419,259.68,0.803,24.421619714285715,-2.2663413714285725,12.741939285714285,-19.609416675714282,31.732808,612.2925235714285,18.356429230769223,170.972150043956,-88.47295734065933,-117.14453980439559,-22.97282043956044,-943.4033703296701
708,708,emergency,259.72,260.24,0.916,14.62912017142857,14.98342175532143,22.66877017857143,8.89491422142857,23.956182821428573,830.2357782142857,-48.29285025725232,25.78086004823481,62.992099061302675,-2.89893538314176,-23.095070758073344,-608.6684402025178
709,709,of,260.26,260.32,0.754,15.408102249999999,13.85433905,30.62203925,5.349658850000001,0.0,689.1788625,-531.7009350000001,754.4422790000002,-458.7413650000002,605.7066130000002,0.0,7763.427850000004
710,710,some,260.38,260.56,0.714,11.011888358333335,18.84652733333333,0.7436288691666665,-2.631700408333332,22.495926583333333,744.8372641666666,148.7448466258741,-40.06033293706294,76.12372427797203,-114.5787998076923,-43.194798076923064,2947.952019230769
711,711,sort.,260.62,260.88,0.781,21.7994820625,8.932910125,-4.72425995625,1.7866103125,12.2011496875,872.0625756249999,263.9161327205882,-191.60649161764707,-50.849107316176465,13.128782794117637,28.29468669117647,-2424.1422051470586
712,712,And,261.261,261.341,0.874,15.60035741478261,3.8416109730434775,26.046909026086954,9.295753204347823,8.044217086956522,891.8490978260871,-7.185694390316197,-53.90699542490116,46.03836014822133,-63.22910046936756,52.99606551383397,-312.274912549407
713,713,the,261.361,261.441,0.836,9.776862640000001,3.20831092,48.6277396,-12.1293544,21.8323264,1099.0455200000001,-331.844668,-111.58076300000005,346.6717650000001,-541.733715,188.72766499999997,-5279.5825
714,714,authorities,261.481,261.901,0.887,12.199913695652175,4.383585957391305,16.813606069565218,-6.201721852173911,28.040189043478257,852.5672639130435,-12.096765993082993,16.477908336462438,16.422524407114622,10.641416413043464,9.043600741106722,588.0919160079048
715,715,wanted,261.941,262.201,0.81,22.223861999999997,0.05375916000000084,26.377371686666667,-12.194757413333331,29.070097,760.308804,1.854358035714283,-21.343952571428563,120.80160830357141,33.67865207142857,-44.56298392857143,-371.67193749999984
716,716,Jackson,262.221,262.542,0.797,9.336334076470587,10.247775164705883,13.902153473529411,5.809206229411764,12.048364294117645,783.9734794117646,40.46506497549021,179.53270448529406,-89.49943052083333,184.63381779411768,-113.64433026960782,874.1680465686273
717,717,to,262.562,262.642,0.712,6.111610599999999,35.596770400000004,3.146979852,25.506954,12.8370002,770.889452,105.64760000000003,79.01471499999998,82.8688053,38.110835,-160.87572000000006,-2130.26495
718,718,step,262.702,262.922,0.85,8.16293022857143,7.223165371428571,10.012514935714284,6.702384100000002,14.05190492857143,682.6385457142858,202.37219905494504,-245.27697740659337,77.32048842857142,-232.560956065934,94.82759373626374,-1618.551243956044
719,719,away,263.002,263.242,0.827,23.002087875,-2.98766718125,27.5944822375,-39.5585078125,36.547078125,614.3251793750001,-80.38525338235293,-126.48963369852937,180.37731566176467,42.04472992647056,-24.762992794117636,-2170.7154566176464
720,720,and,263.282,263.382,0.748,28.013711857142855,9.810659571428573,46.12659671428572,-15.756000042857144,32.901202285714284,760.8416771428573,202.39843392857142,294.9950339285714,-204.8522785714286,314.5502414285713,7.842032142857189,5646.418946428572
721,721,make,263.422,263.562,0.927,23.020985222222222,0.6707100111111112,45.325249755555554,-22.53392618,18.509129333333334,467.77953222222226,-85.85708583333334,-38.75977724999999,24.69754849999997,-95.54535793333334,-273.86597500000005,-441.1588583333333
722,722,room,263.602,263.762,0.934,30.322272930000004,7.2931067349,10.635672750000001,5.703208908000001,20.9458761,906.124613,-140.59866615151515,40.8562677730303,140.04793542424238,101.23467347878785,-128.75650636363633,1652.3909484848482
723,723,for,263.782,263.903,0.954,22.098886342857146,1.5781223428571423,0.2268765285714294,17.682151299999997,20.781761,1037.3951971428571,338.06875839285715,-289.7271464285715,10.8841576785714,-104.15403303571426,-131.0508785714286,-368.27846428571354
724,724,EMS.,263.983,264.443,0.798,18.013179629629626,1.6945046703703708,26.722164511111114,-5.619452522222222,17.650225074074076,701.2619766666668,-35.47150039682541,52.001112036019556,-127.95521219169721,106.37753273504275,-53.76872628205129,530.2436843711844
725,725,The,264.763,264.863,0.717,10.438295771428571,5.685389606238097,15.25481161095238,12.42145415190476,8.98180457142857,803.2487238095239,102.3962686103896,-62.09708689006493,10.691515168831163,-53.818605984415576,98.18631876623377,-352.7713298701298
726,726,report,264.883,265.224,0.842,23.772675822222222,1.2759526277777777,-2.834678153888888,5.833810272222221,19.262263388888886,819.405518888889,-64.5263302992776,-27.638027270381844,30.16391982301341,25.25372894220846,-7.1059613519091895,-112.17037977296185
727,727,included,265.284,265.744,0.865,14.836713207692307,8.135182749999998,25.626100703846156,-17.524986207692304,24.750969384615384,877.2547592307693,-4.402101288888888,-58.443764921367496,45.68583989230767,-15.799065063247857,-4.796324820512811,-573.2034728205125
728,728,accounts,265.924,266.404,0.876,14.88219833030303,0.7010874039393942,17.068095178787882,-9.34217508181818,16.806709515151514,650.6430575757576,-2.859902715574867,14.842677959558825,-50.10505769385028,5.7542850451203185,42.03554316510696,679.2358320521391
729,729,from,266.484,266.625,0.822,17.90614991181818,13.929982636363635,6.1783192363636354,6.213216536363637,23.249311454545456,936.6271554545455,351.25704875909105,-81.2483020909091,-120.72279963636367,-113.85899086363641,224.97672181818183,-1142.3215227272735
730,730,multiple,266.705,267.145,0.824,20.694289365384616,21.633103492307693,2.258005010915384,-35.55682150999999,21.61042669230769,829.0519465384615,-38.275186726495726,9.13355202393162,-60.29069654007178,-53.16097104512817,-52.26534584615382,-519.2270955555554
731,731,officers,267.265,267.705,0.884,7.611435982142858,17.944385839285715,7.899169694999999,-8.779230825,19.082279214285712,777.5335464285715,-40.32771652298851,35.03028979611384,54.25203873426383,141.40123208675425,-7.117305555555562,914.3435533661738
732,732,who,267.785,267.926,0.993,9.509472727272726,10.887156209090907,14.463543363636363,4.51401472727273,24.071466272727275,992.626920909091,339.5590781818182,-11.61649963636364,-39.99739,-372.3760950000001,234.45789045454546,-902.5493954545459
733,733,responded,268.006,268.706,0.842,9.672915939128206,7.8636655225641015,14.056712225641027,-9.204534187179489,27.008659871794872,783.6086697435896,1.586359784392711,-22.533677651417005,45.65699210627531,-64.59790088461538,37.34982843117409,-127.07729342105264
734,734,to,269.186,269.387,0.807,10.504527026470587,10.121634777941175,29.32113554411765,5.544554952941176,12.81289494117647,818.6489773529413,-13.689442361344533,-10.42418672154316,-39.13935888082504,-27.563573011459116,71.75111886936591,853.4154177998472
735,735,the,269.447,269.547,0.966,5.7956026750000005,10.960257025000002,1.2144714999999997,4.998671518750001,23.639842375,837.0819899999999,-128.47608916666664,193.54809821428566,-149.10389988095235,328.8534205654762,-226.41283154761902,-332.5915119047621
736,736,scene,269.607,269.907,0.798,6.98416807388889,15.977167655555554,30.254292057777775,-13.808577422222221,31.441932222222224,912.5959488888889,133.0315122915377,-96.75737444788443,115.7739604726522,-225.52733017543858,113.57921176470589,1155.7571826625388
737,737,late,270.187,270.467,0.784,19.616727778571427,6.429879982142857,33.93938033928571,-26.932220867857144,21.842583035714284,780.763695,-36.019138538587846,-26.436160680076625,75.96834238505747,-63.38815477422002,30.762918760262725,544.3386256157636
738,738,on,270.708,270.808,0.755,26.26154741176471,3.149014370588236,12.39168838235294,-32.07931545882353,29.728279823529412,764.5356458823529,14.837755147058823,-48.3376800857843,-128.8833388014706,-55.0800156862745,134.42713615196078,1035.2991813725487
739,739,the,270.868,270.968,0.973,28.91244325,5.909283825,17.86607935,-6.930266287499999,38.25844,967.9027375000001,-57.986757142857115,-99.15528964285714,194.98697285714286,77.48374232142855,-26.19502857142858,-1518.7574404761906
740,740,night,271.088,271.328,0.767,19.023450494444443,-12.739192388888888,20.800238872222224,-11.285607155555557,34.53098838888889,866.2259505555554,-86.99404158410732,-101.62410242518061,4.804096413828695,-115.73770162022704,16.80154721362229,785.2574298245617
741,741,of,271.348,271.388,0.998,23.86806633333333,5.704461833333333,22.837813333333333,4.8909926666666665,25.723456,922.54147,-120.19499999999996,947.7929999999996,11.53624999999998,955.3908749999995,-984.6663499999995,-544.8972500000021
742,742,July,271.448,271.708,0.926,15.011836812499999,-0.28531878750000006,23.075988385000002,-21.32838029375,25.329991999999997,662.6904487500001,73.45512860294117,-134.5062190735294,27.681379514705874,-204.30453813970587,51.520041470588225,-107.33293676470579
743,743,29th,271.948,272.329,0.597,23.437662064516125,3.8141825096774196,35.27382375161291,-5.786749345161291,23.299328419354843,623.1599212903227,24.256971471774193,-10.107347604838708,22.844204262096778,-13.407610516129035,11.107744233870974,-343.7737800403226
744,744,at,272.789,272.869,0.76,15.894876877777776,4.888389572592593,18.246932496296296,2.816367107407408,5.520864703703704,832.7388196296296,11.92506272588523,-69.68302474786327,-12.566337783882785,-66.70219673382175,38.686448992674,-736.2308293650796
745,745,the,272.909,272.989,0.863,24.839848333333332,7.823187866666667,10.516459593333334,-13.909963333333335,29.935079,714.01338,113.13709714285716,260.247154,-89.83884679999997,-253.70720571428572,242.30511142857142,308.92422857142805
746,746,White,273.049,273.289,0.941,22.616622666666668,-4.902197239999999,33.23627967333333,-27.29213726666667,27.594651333333335,615.2269526666665,-64.3595464285714,-9.11187719642856,195.31079769642852,-26.191375178571416,-141.09902785714283,-345.679025
747,747,Deer,273.43,273.71,0.854,22.812456628571432,10.875761252476192,26.184813085714286,-4.758459166666667,21.89000995238095,855.7004285714286,15.160338467532467,-98.73936926454545,-108.88158537012984,-34.75530713246753,114.39427675324674,313.40178181818175
748,748,Rodeo.,273.79,274.33,0.843,29.233034193548388,-3.040688736129032,20.037632387096778,-25.338003690322576,26.63973141935484,656.1115529032257,-18.82469133064516,-21.55782873991936,44.63626410685484,-72.74192989314516,-41.57972633064516,-644.8448572580645
749,749,Among,274.931,275.171,0.748,18.655186806976744,1.3254891395348833,8.285001684651162,-8.987585491860465,18.088796,723.0071800000001,-1.0711306803080671,-13.481989227574749,-25.371859142404105,-51.434374580942304,68.72210291452733,119.87533705829053
750,750,the,275.211,275.291,0.848,8.241283733333335,-1.6938452333333334,6.17721375,-8.323767566666666,15.343322333333333,613.4091466666667,169.6455217142857,126.76555914285714,127.21307728571428,158.1119185714286,-526.8334885714285,3521.6612571428564
751,751,claims,275.331,275.691,0.843,17.364794345,9.502534527,16.123951705000003,-11.260607295,27.011089650000002,780.122531,-44.081439605263164,121.2785880007519,72.49363650000001,52.93374837218045,-42.81670635338346,699.8675691729326
752,752,is,275.811,275.891,0.882,10.754254297000001,18.254787666,23.3313534,9.3752666,10.7661075,618.4006449999999,-55.098240142424224,204.78886364242422,-55.494496969696975,251.1251763636363,-32.552759090909085,-133.2352575757574
753,753,that,275.931,276.091,0.763,18.8022853,-11.69682993,22.236631300000003,-6.64322574,18.1471942,656.295734,15.181176666666651,4.513412454545445,153.77126999999993,-80.20266569696967,-277.2612569696969,845.8545818181814
754,754,Jackson,276.132,276.532,0.83,13.59614750909091,3.4879452090909093,10.27147789,5.049256431818181,21.987351909090908,726.385919090909,69.74009967250143,88.8407700621118,-34.58012357368719,81.20284554771315,-25.173383568605313,1177.0422405420666
755,755,threatened,276.572,276.872,0.768,15.309159117647058,3.396517882352941,19.531308641176473,-1.5729218764705886,23.91131482352941,699.4777452941177,-65.43473011029411,74.98698085784312,77.7661888480392,-15.437378897058824,-49.38516335784313,-720.4660404411762
756,756,to,276.892,277.032,0.817,8.083745062500002,8.258933825,27.634782125,13.379902600000001,18.909907500000003,821.66358625,361.89634910714284,40.98235083333334,-56.03748392857144,134.26566845238094,-184.16268095238095,1617.4435654761896
757,757,beat,277.172,277.412,0.891,14.248291563157897,5.500146742105263,40.44431742105263,-1.0124880000000003,17.141964789473686,949.2074136842102,-55.94626691228071,-99.98951877192985,63.61367771929825,-157.37126482456142,2.2568907894736854,-704.2518745614036
758,758,up,277.553,277.653,0.922,19.1740035,1.9488430083333335,4.991504940000001,-33.38001708333333,13.303442416666664,720.8154008333335,26.002679370629366,119.78717232517482,-27.669868153846163,63.531313811188795,-110.22963479020977,594.7384562937063
759,759,the,277.713,277.833,0.874,6.179414333333334,10.368567570000002,30.976616822222223,3.6483802,8.313003333333334,738.1521511111112,-63.81553583333334,-42.71738616666668,269.9062823333334,229.38430033333339,-93.87616666666669,88.65623333333343
760,760,trooper,277.893,278.413,0.816,20.733028137931036,-1.811034218724138,-11.634364337931038,4.368922620689656,24.89972431034483,817.1444934482759,127.99546953201968,27.883507398669945,-109.92857880541868,-15.169770928571426,27.00756805418718,196.90356083743842
761,761,and,278.593,278.693,0.915,25.76931707142857,5.543782742857142,14.534915642857142,2.1377935142857143,21.130265428571427,722.3154435714285,-71.34568736263736,23.001952439560437,241.09447558241757,-142.64354898901098,194.6901547252747,2020.4731769230768
762,762,later,278.793,279.094,0.885,17.58171125,-3.9176601049999995,15.76410074,-21.024366685000004,40.272566749999996,959.0945334999999,-12.111944796992486,-121.32282704887218,-119.38246172932332,129.08289925187972,19.53165214285714,-8.806861278195429
763,763,in,279.154,279.214,0.802,22.256825666666668,-17.7033132,17.020741400000002,-12.177337616666668,42.867994833333334,736.9168533333335,78.2766,-15.968893142857162,-96.0728,-2.5088792857142774,-21.013381428571428,1530.1263428571424
764,764,a,279.254,279.274,0.982,18.746185666666666,5.8566123333333335,4.1691848333333335,-10.558434,13.962371666666668,892.6939333333333,-441.0283499999998,863.0172249999996,276.00487999999984,1111.0006499999997,-1047.1778749999994,4957.224999999997
765,765,phone,279.354,279.574,0.992,15.744406229333332,6.7457452433333325,-0.569706953333333,-16.34676132,29.314602400000002,880.4082473333334,111.60338000357142,-103.38376479464287,-42.08377085714285,-80.8188887142857,37.996423928571424,90.6371142857141
766,766,call,279.614,279.794,0.993,18.77826227272727,12.42674940909091,-3.14035344,-31.96808985454545,17.20372881818182,737.4418145454546,57.31367227272729,138.30747422727276,110.52091831818184,-182.2853372727273,-44.10426727272728,921.2486772727274
767,767,threatened,279.834,280.114,0.748,17.18705845,3.74048919375,16.978055418750003,-0.5792138087499994,25.923925500000003,764.2133087500001,20.28618814705881,48.969564316176445,76.92898350735291,-7.0868910897058806,-11.747151470588232,-169.376661764706
768,768,to,280.134,280.214,0.756,20.484257,29.4198394,23.192435600000003,9.488636492000001,28.3370722,676.19846,304.8865600000001,142.6031,-83.84043000000001,229.3344702,-388.45805,3277.9939500000005
769,769,go,280.255,280.415,0.908,24.630831699999998,2.3737432800000002,5.0381673000000005,-39.680971760000006,26.059261399999997,468.65127999999993,31.62107969696969,-18.122604727272705,-57.4772893333333,-287.36687599999993,-233.75750545454542,-2376.0144484848474
770,770,after,280.575,280.855,0.784,18.064852054545455,-8.735976768181818,2.4503701818181813,4.20202960909091,21.608228136363635,801.4860722727273,16.089474878599667,122.28383913325804,-21.714368893280625,79.50205401468098,-0.38775705815923417,1187.8359353472615
771,771,Carson,280.935,281.295,0.829,17.436484218181814,15.579470436363636,-1.4112339999999999,4.002308892727274,18.253783,752.426497272727,-27.25485288537549,61.965479514398645,80.68067396386222,-9.411685297007336,-0.03710553359683941,148.55708356860535
772,772,County,281.315,281.615,0.75,16.321666125,-4.514676625,38.8076376625,-10.2703814875,25.8939464375,687.285340625,-111.30214382352939,126.40614107352938,155.8003723970588,81.6567003382353,-126.92960169117644,308.50829632352935
773,773,Sheriff,281.656,281.976,0.85,14.74649122222222,-2.004927022222222,13.405768633333333,0.2725178466666666,21.235315555555555,556.0440661111112,125.83586026831787,67.21182254901963,-98.10055078431371,68.84837534571724,-82.13548906088754,130.93121104231167
774,774,Tam,282.016,282.316,0.957,16.811493517647058,1.0123603294117647,25.58302764705882,2.5443856823529414,20.422701647058823,829.6819999999999,166.6769863970588,-62.00574632352941,31.512384313725494,49.47900263480391,-25.173957107843123,921.5236862745096
775,775,Terry,282.356,282.696,0.961,19.90229049473684,-1.0828294442105268,30.602894731578946,-5.877859905263158,25.184672210526315,628.1524384210526,82.7437783508772,-16.856502863157903,158.51801427192987,-4.851553201754392,-48.96837570175438,-948.6953473684213
776,776,politically.,282.756,283.297,0.9,21.842961356666663,6.209406386333333,28.205944303333336,-14.989201343333336,14.860001833333333,570.6577863333332,-13.261044279199108,-16.334675979421583,58.79849406785317,9.553269171301446,-63.12518833147942,-434.74519499443824
777,777,"Now,",283.777,283.937,0.902,10.4315513615625,-3.04725485,26.827559715625,-1.0981150237499997,10.71772890625,694.3130046875,10.850404762188418,-32.74834276209678,-37.22500516587244,-61.171519878299144,65.93044080828447,-338.6697610887097
778,778,those,284.037,284.238,0.764,18.69696293333333,12.945365718000001,-0.26860183333333365,-27.178437869333333,34.514947666666664,751.786438,-96.66263867857144,6.301364644642848,-89.38368017857141,-36.86296799642857,151.5951857142857,1586.9238874999996
779,779,accusations,284.318,285.119,0.883,7.328531272727273,3.0781250159090905,26.85749343409091,-13.626232783636361,28.253413590909087,792.1895709090909,-0.4409636420014099,31.385782367512334,27.359669593023252,5.417606011557437,-2.975961381254403,-58.13971902748422
780,780,have,285.179,285.319,0.864,23.904031639999996,3.841329859999999,12.365319809999999,0.718847139999999,31.505127100000003,878.70301,181.42117890909086,19.076639393939413,64.00275481818178,-49.440881515151496,82.15186030303028,546.9432121212122
781,781,not,285.359,285.52,0.831,24.0176254,-9.87252214,12.118632765,-26.187766399999997,24.2719573,480.57132599999994,-29.260695151515147,73.37343084848484,-151.2042668333333,-124.12046545454545,-223.43638636363633,-899.6883575757572
782,782,been,285.56,285.72,0.985,23.579693100000004,4.42602952,35.8384527,-8.59851684,27.539979600000002,673.0843510000001,-0.1705815151515205,-74.7817384242424,173.894576060606,-76.41203248484847,153.1288527272727,-1380.984524242424
783,783,"proven,",285.86,286.301,0.745,20.96377099310345,4.468476282758621,10.64299099310345,-3.706599324137931,21.784584758620696,793.2232996551724,-1.7221931921182225,-37.522980068965516,31.83346603201971,-82.65164598768472,84.30930608374382,402.9743305418719
784,784,it's,286.361,286.481,0.928,0.9533675999999992,14.849743855555557,39.609936777777776,-7.5821694,0.0,708.8238288888889,-404.45157050000006,339.5573743333334,-106.08013833333335,239.8790531666667,0.0,3098.9753583333336
785,785,just,286.501,286.701,0.68,-4.518996163636363,20.13511709090909,17.470233213636362,6.1965301,9.47444481818182,601.5273709090909,104.67749227272729,164.35967022727274,-210.8854802272728,83.32152713636366,-95.12564954545458,-1501.5013772727277
786,786,in,286.781,286.841,0.998,15.923670357142857,3.23548136,35.074431857142855,-9.287717799999998,30.964790571428573,586.9114728571428,192.5174785714286,56.88504135714285,61.451475000000045,-10.094685357142906,188.07205714285712,3483.1934464285714
787,787,the,286.881,286.982,0.831,32.96006085714286,2.0870752142857145,12.199123328571428,-8.1664052,30.560300714285713,797.8263285714286,124.84297678571428,-7.718708928571445,-184.37762875,-77.24075142857147,-114.00577321428567,-570.3946785714286
788,788,report,287.042,287.402,0.894,30.54576825238095,9.606579323809525,-7.2005408119047605,-3.6140808666666677,17.908640952380953,766.12403,-24.96532112337663,-16.365389733766236,-66.92835106168832,26.116570649350646,0.5236483766233798,-325.0830662337663
789,789,by,287.462,287.662,0.752,24.66901923076923,-4.956797448461539,9.400533153846153,-7.374905730769232,27.629338769230767,508.0930638461538,-40.42267637362635,-75.15424605769232,186.99578755494505,-60.530006318681316,94.537210989011,276.05450274725274
790,790,the,287.743,287.903,0.843,17.01184226666667,20.95594116666667,43.718468916666666,-4.633372583333334,21.47487775,620.1023658333335,-12.714648671328673,-25.28715979020978,231.05402534965032,-254.5166585664335,173.64237814685316,-879.1875716783215
791,791,police.,288.043,288.564,0.887,12.086911072727272,19.857650460606063,27.719270652424246,-11.582716515151514,21.39551793939394,718.32217,-48.23015786597593,-15.628854403409088,-24.871195074866318,3.7571644100935844,25.43436921791444,445.8094242981283
792,792,I'm,289.004,289.084,0.997,8.865847146153847,-0.42238801,23.37628830769231,18.08988688846154,3.9617026538461535,880.9333299999998,112.1714779452991,-82.59562893470084,34.7844920136752,-83.01962714017091,40.44070692307691,-442.90018393162387
793,793,just,289.104,289.245,0.748,-0.24968618250000008,33.75855625,19.6364405625,20.5455612375,34.910485124999994,1002.13087375,-27.761307273809503,278.7931892857143,-213.62832351190474,81.4772794642857,-26.433008928571436,2383.8229345238096
794,794,giving,289.305,289.585,0.876,14.666790294117646,7.181076394117647,34.79605020588236,-10.420574847058825,34.739340999999996,1035.152105882353,-8.75223112745098,-148.5689724571078,48.77236090686276,-157.4540092401961,75.07838602941176,295.10226102941203
795,795,you,289.645,289.745,0.829,13.836637525,2.6355428450000002,36.54149625,-25.116966675,40.065477875,1028.3695575000002,-78.0406536904762,23.727537880952383,-110.3724738095238,180.73002630952382,-18.06558035714285,-610.7486547619047
796,796,that,289.805,289.966,0.881,17.103443181818182,-18.221169363636367,21.268435272727274,-13.64983968181818,24.141213727272724,603.5724263636362,10.349475454545457,-149.15373363636368,-3.5011409090909082,20.418200590909102,-123.03109000000003,332.8596409090907
797,797,context,290.046,290.606,0.922,13.698862328125,0.989274601875,11.9735492,-9.577120601562498,18.2030600625,686.6335215624999,-38.798255237353374,25.392518024743406,41.31214497617303,-14.148658822855573,-4.2230710043988235,-128.0710512280059
798,798,just,290.646,290.787,0.991,-9.656449477777779,25.496546855555554,32.23401961111111,3.4634063000000004,7.942903333333334,646.9599744444445,125.12168449999999,108.65572416666667,-207.72819708333336,49.73505925,-29.792280000000016,-5477.9703500000005
799,799,so,290.827,290.927,0.876,5.714278471428571,12.68063147142857,26.2613381,-5.739145314285714,25.231871285714284,563.3485728571429,384.3248958928572,-410.12650625000003,411.5164951785714,-212.41721499999997,313.59220892857144,-4335.803303571427
800,800,you,290.967,291.047,0.877,22.562119833333337,-3.647444183333333,59.68305733333333,-19.91516943,34.34657683333334,501.50527166666666,103.35476714285714,45.15079271428572,-148.05075142857143,282.33485014285714,-16.487627142857157,1013.9754142857139
801,801,know,291.067,291.187,0.75,32.00667971428571,-9.891101362857142,21.559793285714285,-27.988463219999996,32.839447428571425,441.6303900000001,15.073564285714287,16.088885321428545,-207.37030357142854,-571.0874649642857,-17.669844642857136,-1632.0589464285715
802,802,all,291.207,291.327,0.834,27.67022414285714,12.656643000000003,14.489485285714286,-53.79150708571429,31.240172857142856,634.3581742857142,29.387055357142863,166.0649946428571,26.730524999999997,474.9621271428571,-15.0041357142857,3818.581232142858
803,803,the,291.347,291.428,0.83,27.534960599999998,20.535196319999997,33.558486800000004,7.649703440000001,24.293829199999998,687.218964,56.92935999999997,352.9869819999999,105.07706500000002,206.87132450000001,-328.25373500000006,1149.003700000001
804,804,details.,291.468,291.868,0.805,16.990101313636362,13.70471536818182,26.716498512727274,1.6522316181818182,7.0490758181818185,635.1019281818182,54.506193029361945,-39.62471173066065,-141.64541630942972,-38.3550251948052,-44.36787893845285,372.93997967250135
805,805,"Now,",292.389,292.489,0.997,8.321438365806452,2.332472440645161,17.432969177419356,4.32214349032258,8.387936774193546,794.6178016129032,40.907164896169355,-82.57457637540323,33.785722294354834,-58.8676050483871,62.86001030241935,-652.2172225806451
806,806,with,292.529,292.649,0.96,19.591022312499998,13.754554125,14.372282637500001,-16.5518140625,24.389015125,552.63663625,-104.30205148809523,-18.015298690476193,155.3837994642857,202.29867720238093,-182.34180654761897,323.56762499999996
807,807,that,292.669,292.87,0.924,9.108475994545456,-1.9150812727272741,2.9775512590909092,-2.594682354545453,19.419808454545457,647.59724,-29.938636927272743,263.4611450000001,0.4983405227272689,234.54005768181827,-290.0533818181819,2480.842981818183
808,808,"said,",292.91,293.21,0.997,3.964971588235295,-10.644694117647061,3.4199636635294115,-4.511702235294119,34.80074688235294,821.045315882353,76.78138971813726,-157.9976158088235,88.60520622549019,-204.16049460784313,80.20430625,-1342.167452205882
809,809,Jackson's,294.278,294.818,0.786,12.261385688395062,17.781155441604938,21.006280772469133,13.31904822765432,14.368906148148149,875.4866112345679,-4.9953079344399285,-6.984528419342818,-27.48777103817751,-3.371485939611562,5.051901906052395,27.659878884372155
810,810,office,294.978,295.378,0.744,11.888447617142859,6.3619996285714295,6.071913287142858,-20.15486204642857,20.58528107142857,517.9567192857143,-28.683319066228798,30.86557865900383,46.23740279885057,120.39717648741104,-7.923722441160372,109.27912233169131
811,811,has,295.438,295.618,0.879,8.319661700000001,-3.639918808333333,6.011903674999999,6.852725208333332,18.115630083333333,627.5682883333333,48.44736325174826,209.36693166083913,-125.59019645104891,-30.263469493007012,-1.831926048951044,-815.1892062937063
812,812,said,295.678,295.958,0.829,10.538041776470589,-2.8758087058823527,15.869362947058823,-7.239069000000001,30.282747705882358,637.9436747058824,79.52726274509803,-154.33276200980387,157.52181427696078,-200.54487401960782,85.5615089460784,-916.2650428921569
813,813,he,296.339,296.479,0.708,10.781437507692308,12.347645112307694,36.52405665384615,0.2651475073076922,12.017796192307692,998.8720157692309,-33.279179538461534,12.814527648547003,-15.013942717948716,-47.78863860940169,74.38790158974356,867.8147376068372
814,814,was,296.539,296.739,0.594,13.910684422307693,10.42311673076923,6.185774753846155,-16.120428321538462,26.124635000000005,768.1953576923079,-156.3064855604396,112.98509552197802,-148.26990634615385,251.9714863901099,-189.6135909340659,-2099.4927747252746
815,815,summoned,297.039,297.479,0.915,8.771427537837837,9.127806485756759,1.2489727502702703,4.298162793783783,24.453915810810813,866.3034375675675,50.998536818397355,-51.85401746845663,-3.036554199383596,-100.72229466062117,69.583069772404,69.25856092935041
816,816,to,297.539,297.659,0.75,5.9808895,-0.7101095111111108,-3.8619269777777783,5.437080888888888,25.148154777777776,960.6207822222223,178.45747291666672,-297.5722428333334,-109.16768900000002,-296.00931166666675,184.7335083333333,193.56436666666644
817,817,help,297.799,298.139,0.725,7.1658713008333335,-1.2004414458333335,2.4006029666666664,-10.561446304166665,10.428135083333334,715.7310070833333,66.17485545739129,117.71182060217389,-108.92919752608692,-156.19124144999995,-5.310352782608698,-846.7359449999999
818,818,with,298.619,298.779,0.834,19.804674368968747,8.2222745896875,17.070646446875,17.71600616875,13.64152225,890.5640868749999,-3.6774250857129775,6.96565371306818,23.27534363911291,-33.85736219024927,57.42701414956014,-374.4275976906159
819,819,a,298.839,298.879,0.999,10.153651340000001,-6.7709220091999995,46.4071408,-27.735488599999996,36.68914399999999,703.100428,141.71361900000005,120.59369954000003,188.20266500000005,139.32233000000005,-16.877330000000022,8050.832000000001
820,820,medical,298.939,299.279,0.807,24.1915534,-2.740796465,23.112687230000002,-27.466006485,28.08265525,580.8207590000001,-1.441199473684211,84.99214517669175,-79.84760764661655,-125.9843260864662,-26.996976503759406,-265.8253406015037
821,821,emergency,299.319,299.86,0.874,17.558375041379314,15.485489501034484,22.77308603448276,3.4478500999999993,22.997234379310346,810.3421082758622,-72.03383141871922,43.17431383571427,54.214907896551715,38.356337793103414,-18.727035394088666,239.8177502463054
822,822,involving,299.92,300.32,0.871,23.45684556521739,8.087292234782607,27.472406910869562,-23.30026733478261,33.44161347826087,751.7186039130437,1.2458934288537515,21.61878602766798,-31.064749940711444,-33.176739668972324,-0.1298590415019763,214.74957509881435
823,823,a,300.36,300.4,0.627,19.4087885,2.1334694249999995,48.925754,-3.7787631000000004,8.026702,368.9215,89.77124000000006,397.15508150000016,60.86920000000009,572.0575780000001,-481.6021200000001,-327.6816
824,824,teenage,300.44,300.8,0.764,7.03698323,11.231004364999999,46.9254357,-7.759435058000001,17.6673679,617.9906795,10.521036255639098,-32.142812078947365,28.015459248120298,1.7527481609022537,-15.957362631578945,-304.17656879699246
825,825,girl,300.82,301.0,0.78,30.7730194,1.7306636280000003,0.9822041248000005,-16.95871309,22.9055134,585.301762,86.86753636363632,128.05229159999993,149.762982710303,-225.98118196969696,-69.2694812121212,262.3869939393935
826,826,before,301.04,301.3,0.851,25.73183644,14.262367293333332,6.515003566666667,-3.3569727333333335,18.677370333333332,873.854892,25.338823357142847,-81.13886139285712,-139.27499469642854,2.548452678571442,62.98725607142858,-226.53801071428566
827,827,first,301.36,301.58,0.664,5.913119057142858,19.309018242857146,4.219298392857143,12.81748802857143,12.93166807142857,767.0285978571429,-114.6986093406593,25.085036967032963,86.35311820879119,6.021743274725275,-20.31193791208791,-1028.9591593406592
828,828,responders,301.62,302.1,0.798,15.27940598923077,15.368739778846155,13.856734992307691,5.402559738461539,20.093179692307693,803.2212261538461,-5.80870009777777,13.37173203675213,22.596792960683754,4.4221736102564,7.215061572649564,314.6652970940168
829,829,arrived.,302.14,302.6,0.918,20.4306314,-3.8869346091999994,7.7874222,-1.3749325320000003,12.70611328,761.1653299999999,-32.156838834615385,41.45556165730769,92.4186384576923,48.47528553461538,-76.80912146153845,396.7714861538461
830,830,But,303.1,303.28,0.962,12.236886269411764,5.916036769117648,19.60186554117647,5.574384508823531,9.048355088235295,774.5957900000001,40.69377271841098,-26.252574389533994,-35.53117902673795,-71.40310221313977,41.63047508785331,-397.2408139037432
831,831,was,303.501,303.701,0.75,22.825455933333338,12.59532823809524,10.270604633333331,-5.599352009523812,20.541315714285712,696.9313819047619,-62.23856034415585,60.190795766233755,-66.50864011688311,-7.167878454545457,57.861370974025974,433.6799318181818
832,832,briefly,303.921,304.401,0.848,13.449959354285713,10.53814368,17.955944842857143,1.6390962194285716,24.644804485714285,916.870356,-35.50428594817926,-34.596008525210074,19.379917532212875,-65.37435272801117,42.9089832212885,934.5756344537813
833,833,detained,304.481,305.281,0.804,9.583998656818181,6.3300413159090905,36.21750734090909,-21.032386239318182,28.895032204545462,856.5060018181819,9.089293454897817,-16.237645313248766,11.590498981677237,-42.23711887783651,12.583830609584217,95.14188379140242
834,834,amid,305.501,305.761,0.895,20.628306806666668,4.797054670833333,22.614857377083336,-15.715289916666668,29.519544125,727.0756404166665,5.866969648695647,-13.738074693478257,73.64740369239128,3.2230807565217385,96.23638541304346,1254.183360217391
835,835,the,305.801,305.881,0.99,14.120302350000001,10.284637783333332,41.25478866666666,-3.291411333333333,20.03346416666667,809.5332083333333,-113.200835,-22.021412999999985,193.6214457142857,-53.92618999999998,-508.7957500000001,220.79264285714282
836,836,chaos,305.981,306.541,0.76,10.701902182424243,-9.478554475757576,15.98524704939394,-16.2276394330303,23.56131245454545,686.5699000000001,21.19232983472594,19.851473616310162,-88.27711269919787,9.314618375501334,17.736273796791444,-124.67273429144382
837,837,and,306.601,306.701,0.783,22.369399875,6.9392615625000005,25.869474125,-4.0972444125,18.268913625,657.2164662499999,178.83006130952384,52.31659553571429,77.60750892857139,132.62030755952378,0.5055827380952139,3543.6284940476185
838,838,confusion,306.741,307.342,0.86,8.94306562625,5.31451885871875,32.32148884375,-2.3729797328125004,25.213535625,890.6956321875,-15.267174910923758,-24.160847394034096,24.860675833944295,-26.875577726997815,25.296952327712617,506.0270228189151
839,839,according,307.402,307.722,0.86,29.987818736842105,-0.9680746736842109,20.53450152105263,-7.955121931578947,23.702684368421057,715.7135778947368,14.05398833333334,-2.1941687894736845,76.18508923684213,6.597057464912278,48.69657263157896,333.77230526315816
840,840,to,307.762,307.842,0.946,10.96849205,14.974307833333333,26.4954805,16.3077745,16.392300333333335,815.88316,298.89450614285715,-151.1282757142857,-265.9951499999999,-110.74329857142861,417.96094285714287,2089.677714285714
841,841,his,307.902,307.982,0.833,18.273627814285717,18.657462957142855,17.03034654285714,-10.340413100000003,23.950106285714288,680.4091985714285,-375.83024928571433,375.9289630357143,-255.85444178571424,239.5576576785715,-138.7755785714286,3739.214125
842,842,office.,308.102,308.442,0.887,13.291014873913044,5.783761534782609,8.859632193913043,-1.585171482608695,13.278241608695653,689.1861634782609,-78.91579530138337,141.62833553853747,61.97623729545453,176.02987107707506,-114.4288649703557,804.0010795454542
843,843,His,308.862,308.982,0.674,3.1110374858518517,6.915727425925927,25.875231444444445,14.213973274074071,8.448027925925926,919.1858166666666,42.86492158553116,-34.82428372405373,3.6837002564102583,-68.40111001221003,68.75079908424911,-299.80156288156286
844,844,office,309.042,309.302,0.934,10.791901568750001,6.082849387500001,1.0890945206249998,-7.356822437499998,27.5037483125,885.3550849999999,-91.42967187499998,172.5197258970588,56.79495590073528,221.76717501470583,-83.4799856617647,2082.817292647059
845,845,has,309.322,309.502,0.885,17.623380179999998,-4.285573079999999,-2.2147825599999993,1.0611635899999992,26.2346251,744.364829,-100.1322598181818,265.93870036363626,-135.256154060606,153.491603060606,-246.61850575757572,-561.7139848484846
846,846,emphasized,309.662,310.362,0.83,13.192088748837207,3.8785690541860465,8.181548936744187,-0.6031633093023253,20.823233790697675,716.8731558139534,-5.067256113711868,5.66431183947448,1.9659834089398978,5.399670200845668,1.171785200845664,-303.2838094986409
847,847,he,310.663,310.783,0.828,6.287473278095239,5.296489271428571,37.108782238095245,0.350177890476189,13.223698857142855,1020.7003585714285,14.199664106493508,-13.160972331168827,41.38205435064934,-114.7463814155844,125.7043266233766,457.19285389610405
848,848,was,310.843,311.063,0.601,16.82060913571428,9.460130635714284,12.395850145714286,-18.54375398571429,26.786893071428572,823.9050435714286,-134.81365537362635,119.64818818681316,-106.19841193846153,228.85111443956038,-167.65139263736262,-1849.3999285714283
849,849,not,311.503,311.783,0.865,23.952117138888894,8.58278343611111,18.257034670277775,3.263078523055556,22.392601166666665,667.9969738888889,-6.7071188996138975,-85.04064795431142,-17.830268771235513,-84.2217462547619,33.30362298584298,-251.5357111969111
850,850,"drinking,",311.923,312.563,0.692,16.103192355641024,5.605530867179487,26.69275565128205,-10.925071006153846,33.35255561538462,764.0436371794872,1.7200907913967611,9.427001040080974,67.17583899797572,-76.35457212186235,-4.49625,-871.7350873481781
851,851,though,313.083,313.283,0.866,25.058961652777782,12.59734331111111,23.66625257916667,6.093933680555555,17.48824238888889,815.1349388888889,-24.78249278314028,-1.4156637220077195,-47.1018937687902,-49.98643152831401,42.623706872586865,-111.31615920205914
852,852,the,313.323,313.403,0.84,0.37406821666666684,17.094434633333332,31.954034333333336,0.03524109999999977,13.010283166666667,945.557745,-444.154497,34.205676571428604,266.1625428571429,87.21495000000002,-223.04652714285717,-5202.572128571428
853,853,sheriff's,313.443,313.783,0.759,-4.390423526315789,-2.564359031578949,9.319343736842105,3.917664973684211,25.89504705263158,972.1143221052629,56.416635087719314,55.21865060526318,-89.7348844912281,-28.40700168421053,-46.45192991228071,-786.6543
854,854,report,313.823,314.183,0.789,29.73130385,0.6838258285000001,-0.23471331499999976,-1.8136771155000013,25.03326685,853.9209465000001,27.597717105263158,-45.638254920676694,-1.3619871315789487,21.739775821428584,-57.59959936090225,-995.7683026315791
855,855,challenges,314.444,314.984,0.734,8.44670265225,9.27960150875,20.1693217075,1.3330110760000005,20.190306362500003,845.425935,-7.950771208114445,17.318092297138836,3.229063783771109,-37.16194474033771,15.529492197467171,-278.5431524390244
856,856,that,315.024,315.164,0.927,21.624649888888893,-6.286574888888888,17.24586518888889,-7.290032333333333,27.961944444444445,521.1353911111112,177.7319316666667,-240.2653941666667,118.21852608333334,-218.98556583333334,90.50905000000002,-1349.9345250000003
857,857,assertion.,315.204,315.604,0.88,3.9578894818181825,15.44443357,20.86639945727273,8.914181236363635,7.86300509090909,830.6406695454546,-6.869238983625081,-96.19531107792207,70.18783258554488,12.190390683229808,54.20716177300959,50.16781789949182
858,858,"Well,",316.913,317.173,0.875,24.266325686075948,13.622038088607594,23.70079173341772,3.2148728982784793,15.078521278481011,719.1252710126582,-10.824279831791626,-10.495420763023365,-16.327588857984416,-18.54113622927945,7.077026124634856,-111.3470224196689
859,859,it's,317.373,317.554,0.648,4.565195605263159,10.054680531578947,24.904708484210527,13.961756171789476,5.745355421052632,727.0609215789474,-84.2039540526316,52.69571180701755,15.952667561403514,4.835175032982462,-14.788946315789476,917.5694780701757
860,860,possible,317.714,318.294,0.832,7.587817683783783,19.739541351891887,3.8810758424324323,-8.67202514054054,17.17587643243243,743.881591891892,40.33842046704601,32.68789561925084,-4.277769619369369,-43.63440298127076,41.542326872925564,-74.94904374110955
861,861,that,318.334,318.475,0.783,24.268832555555555,18.07725173333333,19.53207942222222,21.19620611111111,25.832221666666666,655.8110922222222,-56.2024191666667,-71.01216716666669,125.58846333333337,97.8709975,-5.966060000000005,-846.2492750000004
862,862,he,318.495,318.595,0.944,12.788117683333335,9.3776112,47.99041400000001,13.533175716666667,26.979350166666666,542.15504,179.88606642857144,27.047690857142857,-301.53331999999995,-203.14648928571432,4.22153000000001,8184.8462
863,863,wasn't,318.655,319.035,0.795,22.09619561363636,19.33537625,20.531320400000002,1.1365376590909093,24.119706136363632,694.6496381818183,-28.350234525691697,0.7630509175606999,95.8539471485037,93.73075759175606,-19.63140121400339,-1134.7553636363637
864,864,drinking.,319.175,319.776,0.777,15.327273991621619,7.694774367567567,25.792193024324327,17.291581572972973,20.323616621621625,839.7197264864864,-9.161358503200573,-10.826296090564245,53.87942805239451,6.432389803224279,6.423239070649599,-154.6230168326221
865,865,He,319.796,319.836,0.0,38.73899733333334,11.326819666666665,27.53489433333333,21.708068666666666,26.366886000000004,713.2635333333334,-41.22000000000003,78.58572499999994,37.02192499999998,-292.49749999999983,67.19134999999993,-3897.257499999999
866,866,was,320.617,320.737,0.841,23.06780655555556,12.868885602222223,27.275730800000005,16.880970496666666,20.943755955555556,933.3949024444446,-13.131907564558635,7.643223088274046,-7.207315836627143,21.703352223649542,5.089615480895918,287.73553873517795
867,867,doing,320.777,321.037,0.674,11.585600189333332,4.894020833333333,29.12237289333333,9.81785984,23.912766800000004,1052.588658,60.63768853571428,-55.77376539285715,-93.86943896428569,-97.83557992857142,-51.936625178571425,-699.7428821428571
868,868,other,321.157,321.358,0.931,10.029900031250001,7.167678302500001,-3.2595222551874996,-11.77787134375,27.7249208125,757.8716575000001,6.12395566911765,75.93358553529411,150.00640741316172,183.23228613970582,-80.2258194852941,470.0601352941175
869,869,things.,321.418,321.818,0.723,14.656024130434782,6.563502565217392,29.939267434782604,27.462906021739133,16.411006521739132,958.7502582608694,61.80754899209483,5.732263582015809,35.50538250988141,44.22691563735176,14.803264624505921,75.55290760869565
870,870,It's,322.219,322.979,0.735,4.335969371551725,12.600366103448277,12.281403374137932,4.206372721896551,13.467543,734.4861220689655,22.209489592343665,0.44813288812328866,7.140278694669172,-0.7066742372727554,-2.0700737641883786,-131.6727310898521
871,871,possible.,323.019,323.38,0.87,12.369771535,16.688835984999997,10.480224759,-13.310117602,23.441184600000003,727.383891,5.275344913533836,55.02753819172933,40.59989748947368,-21.793167658646635,20.398986390977445,442.7036308270677
872,872,He,323.4,323.46,0.544,15.772115,8.78861125,30.19448875,30.686410000000002,29.35179,414.0867425,-34.61657,-57.657485000000015,55.91931500000006,-179.81632,20.739150000000038,-4264.823650000001
873,873,had,323.5,323.6,0.751,13.503554742857142,-3.25747931,10.3882842,15.139758142857143,31.48535642857143,679.6349814285715,128.8344225,-192.42002451785717,-220.33408999999997,15.130501785714294,20.583410714285712,7109.296410714284
874,874,a,323.64,323.66,0.99,28.334098333333333,-1.5261356,16.313450766666666,20.116913,0.0,914.9182999999999,213.85999999999996,343.4615074999998,554.2834924999997,457.05917499999975,0.0,908.8675000000012
875,875,pest,323.72,323.92,0.814,9.02887836153846,9.975399115384615,-0.590800461538461,12.192773015384615,22.727934538461543,512.1308923076923,-103.8763160989011,198.45770434065935,-47.52594543956043,51.45163494505492,142.29267087912092,864.1733406593407
876,876,dispenser,323.94,324.441,0.718,7.656847743846153,13.947378929615384,10.58080286230769,7.194181211538462,14.539905615384614,847.9940726923077,58.740355229059816,-50.29654580085468,8.47500614051282,-30.391879591452984,-0.5930371965812036,-586.7668716239315
877,877,with,324.481,324.581,0.998,27.879895857142856,3.4664610714285717,11.507640471428573,16.988478714285716,20.15469514285714,847.0535314285715,-253.11616250000003,288.694645,117.95029589285714,126.73764642857144,-5.390707142857127,2595.3898928571425
878,878,him.,324.621,324.701,0.955,36.6400365,5.1570562,13.684884166666668,17.276587333333335,18.99864216666667,943.1044866666665,85.9264871428571,107.42256400000001,166.3248985714286,-54.11138285714284,-2.062767142857133,355.93477142857034
879,879,I'm,324.741,324.881,0.912,30.528201,-2.724448155555555,6.3644636000000006,5.799494811111111,16.402693777777777,638.6230711111111,-74.67373083333335,191.35444300000003,231.54162175000005,93.97273000000001,254.6073358333334,3749.1590166666674
880,880,not,324.901,325.062,0.714,11.205653522222223,0.5638642555555546,6.125151011111112,11.127003711111112,9.801771333333335,640.9338055555555,-120.16483991666668,245.87787216666672,99.01682608333336,237.69930175000002,-221.98520083333338,1940.0912166666672
881,881,saying,325.122,325.422,0.874,-2.874800847222223,7.104603111111111,10.57691998888889,-1.132952591111111,29.112690888888885,398.2884527777777,63.564761566047494,-35.791649742002065,119.98924859649125,-50.889595236326095,105.14605830753354,-543.4445546955625
882,882,anything.,325.482,325.883,0.832,13.786964104347824,7.808361153913043,21.1027006826087,17.29924570652174,34.946142565217386,630.2933386956521,-13.713935059288533,19.265682087944654,-19.211956042490115,-58.37577810276678,14.17544540513833,383.9539752964426
883,883,I'm,326.483,326.643,0.828,21.202852713157895,5.749677927368421,17.34493454736842,17.607853844736844,8.431307947368422,797.4468186842105,12.407310988620198,-0.16263586497428634,-14.188271865630814,-22.438749199584198,43.79529193566035,-92.88883526644054
884,884,just,326.663,326.844,0.873,1.2260769399999993,11.70746685,27.136036150000002,12.63108574,14.3705433,1101.38704,-257.645882,185.58068251515152,-201.52628924242424,-79.12424448484846,-217.03272030303026,-1039.2558787878784
885,885,saying.,326.864,327.184,0.848,13.714108588235293,-2.147145723529412,20.338683752941176,24.212228482352938,0.0,694.543984117647,110.27811176470588,-55.836029448529416,96.43004392156863,72.01595272058826,0.0,1509.988893382353
886,886,He,327.624,327.704,0.619,8.283760593461539,13.222120874615387,24.79910016923077,29.193915461538463,3.3078350384615383,998.5156130769229,-79.48498840974358,43.04478497470084,-36.600755408546995,26.650691418803405,33.84006111111109,161.61377743589767
887,887,didn't,327.725,327.885,0.119,20.263436666666664,-11.237731077777777,22.316981444444444,-1.3809791222222216,16.87378288888889,544.7729400000001,39.64481083333335,-39.88371558333335,-174.53624500000004,101.7508069166667,207.02403416666672,-1650.5859833333338
888,888,have,327.905,328.025,0.924,15.176723714285714,-6.838535157142855,18.541793785714283,8.669526414285714,16.901324285714285,835.8038285714285,-105.27890714285714,283.7134369642857,89.11099285714286,237.7924941071429,-326.49901607142857,6100.100089285715
889,889,to,328.045,328.105,0.75,14.941296249999999,15.44743,27.957389749999997,13.6839132,31.217366000000002,1128.41135,677.2029750000003,74.99547000000003,258.94437500000015,246.2771880000001,-6.1539999999999955,-4301.333000000004
890,890,be,328.145,328.225,0.938,12.802343166666667,2.1194070749999994,29.276788666666665,20.098440999999998,31.952947500000004,1093.6158083333335,-198.26445285714286,-70.3861585,21.308468571428577,-223.51943714285716,-5.122372857142824,-1865.8756428571435
891,891,alcohol.,328.305,328.766,0.506,22.751448,10.406268251851852,5.4759029203703715,-7.2990675355555545,18.945663925925924,617.6346492592593,38.474395757020766,42.50328902930404,-26.8703151419414,-8.089801064713065,-24.571879639804642,484.2050750915753
892,892,So,329.206,329.366,0.896,8.638464936666669,17.030925976666666,18.14804499966667,11.802588990000002,6.544324233333333,1007.0582216666667,-3.939861860956613,-8.630847678531705,-53.31804880011123,-46.893800212458295,41.33054501668521,-417.24284304783106
893,893,final,329.426,330.187,0.779,24.667728939024393,-0.4775612121951221,5.654788661682927,-20.298533248780487,28.94201080487805,703.2420536585366,22.520388283972128,13.281205152439025,7.011797310409406,-10.460627672473867,-6.3668615853658554,-205.52750566202093
894,894,bit,330.247,330.367,0.859,26.59180711111111,-0.7467488333333334,32.712902,-4.381068695555556,24.488888000000003,691.4744977777777,-114.39718416666669,-328.5966091666667,229.1893875,-105.71697951666668,273.5358141666667,-1729.1860833333333
895,895,of,330.387,330.447,0.75,20.7153145,4.395413850000001,29.170763750000003,9.359841492500001,22.118561749999998,498.94710000000003,-38.49928000000004,27.665770000000013,-65.22175500000003,40.30212945000004,572.4503050000002,-12031.327600000002
896,896,information,330.488,330.908,0.903,13.65102763478261,9.269971477086957,29.306677673913047,3.5355205273913035,22.39517373913044,759.4210595652175,-96.58145475296439,89.49464022366597,64.11429622035571,-57.9302482994071,-44.51103591897232,39.198957015810045
897,897,to,330.948,331.008,0.749,20.5172202,21.9942863,46.3869446,1.7242848800000001,13.108633600000001,674.2805000000001,151.5146,63.081202500000025,164.69864500000003,147.01261949999997,-491.9666550000001,4797.390800000001
898,898,give,331.028,331.148,0.959,17.279325871428572,2.5252478442857145,49.54582642857143,-10.806047524714286,29.762833285714287,766.1687014285714,138.8189630357143,-125.04975555357146,60.177292857142845,28.169366882142825,186.13745714285713,-1101.9952500000002
899,899,you,331.188,331.288,0.93,23.72767642857143,1.4356359428571426,58.18832571428572,-19.637035614285715,24.403849142857137,566.5859714285715,110.53068571428571,185.9885807142857,-139.27523035714285,229.42416982142853,-312.27711785714285,80.60910714285801
900,900,before,331.328,331.549,0.77,30.983158407692308,11.7679754,8.474022323076921,-4.8722316,22.339639153846157,832.1891746153846,69.14429313186811,-61.216345054945045,-131.30564947802196,17.15627807692309,51.363431593406595,240.31260164835157
901,901,we,331.569,331.669,0.617,32.709803666666666,-1.54778075,43.0023745,5.292443794,30.865339833333334,681.65739,-229.85146,290.9828261428571,321.17162428571424,176.33446758285717,-1.449232857142875,3781.742657142858
902,902,go,331.689,331.789,0.7,36.696453166666664,-7.901897774999999,16.828845216666668,1.2254804999999998,30.355915999999997,667.9287016666666,156.2287671428571,-73.47359535714286,-61.895478142857115,326.98929285714297,-15.58886285714287,4645.391871428571
903,903,to,331.809,331.849,0.993,7.300497333333333,26.5800995,20.940791466666663,17.554263000000002,10.102193333333334,593.6296266666667,-1065.9251749999996,1443.1963374999996,-608.9860899999998,-232.84954999999988,-757.6644999999996,-11401.157999999994
904,904,some,331.889,332.029,0.833,15.934687777777778,29.31307811111111,8.3440273,19.641565955555556,16.934495777777776,504.0526288888889,405.5231783333334,-107.39375333333336,281.4095400833334,25.92786616666666,255.2652383333334,2210.3767250000005
905,905,video.,332.049,332.39,0.859,18.801087805555554,-14.41737975,40.252041999999996,-22.631407316666667,35.24360522222222,711.57358,-8.025913906088752,-116.22076271929824,-70.43552889576885,-107.87262187306503,26.111936429308557,-1376.57955624355
906,906,In,332.97,333.05,0.832,21.013222672727274,10.542953903030304,28.291758672727273,-4.185484574545454,14.689848757575758,788.2205418181818,-15.68864442346257,-5.319383843582887,48.34353354278075,22.306691069518717,46.714492847593576,145.33394418449205
907,907,response,333.11,333.63,0.872,12.357918555172413,5.360763727586207,1.3253486051724137,-6.987700922068967,25.316809137931035,780.8661041379311,-13.467095783251231,-15.321040891625616,15.430661539408865,-39.61249899211822,-1.437881674876848,-925.6594376847289
908,908,to,333.75,333.93,0.836,-4.020665503333333,26.14835916,17.61169832666667,2.9491054599999993,19.38866273333333,892.0869453333332,134.52847744999997,-180.33041142857144,53.27800046428571,-121.0466367142857,206.9250955357143,2103.0217232142854
909,909,the,333.99,334.09,0.883,25.91380975,8.461626915,18.928883825,-15.306771645000001,33.784367,758.8010437500001,110.70785595238097,-238.35654771428568,-173.13663583333332,-112.73806852380952,67.36499523809522,1323.5260416666663
910,910,report,334.13,334.53,0.73,31.17458395454546,7.390808425000002,-7.277473983636363,-1.335356711181818,18.634702363636364,768.2018331818182,-42.161569424054214,8.969461746188598,-20.750388202145675,42.000388667476,-22.000859909655567,-254.39069593450026
911,911,from,334.57,334.75,0.875,20.423737809090913,9.913074418181818,8.15880100909091,3.1020880909090915,26.951749000000003,911.3901072727273,186.88685113636373,-95.65056390909092,2.4043689545454585,-185.65867286363638,203.59040818181822,215.77393181818223
912,912,the,334.79,334.89,0.88,10.601470142857142,11.655237751428572,35.399573857142855,4.032826485714286,15.085824142857144,618.0100828571428,-474.8465732142857,-65.53630714285714,328.86349642857147,102.85296571428573,-189.3667428571428,2803.9202142857134
913,913,"sheriff,",334.931,335.311,0.814,12.928363940909088,-5.871949683181817,23.2579825,-1.9731610377272728,11.902591363636366,589.641474090909,116.86228347543761,13.78062121259176,-72.98965246753247,7.984725156691134,-46.9455425748165,-185.84556041784305
914,914,a,335.691,335.731,0.929,15.63280220952381,19.27028938571429,23.811403761904764,14.37406121428571,9.568397095238094,885.7732214285713,73.18973092857142,-51.17125203896103,27.305657272727267,-104.17469655844154,51.358381493506485,-1298.8572025974024
915,915,Jackson,335.791,336.311,0.843,10.521691344827584,-2.0600781448275867,13.936553976896551,-3.7825578137931033,25.335213758620693,796.3931310344828,37.90247856157636,16.382619278325127,1.9996628349753707,26.455480229064033,14.013419088669945,1246.830246551724
916,916,spokesperson,336.471,337.211,0.809,11.181957715555557,13.80252737111111,16.823774713333332,-1.7449404977777776,14.916310977777776,767.6715386666668,23.514923379314894,-17.887253131093548,8.028699656785246,9.343221565876158,22.07037643610014,-345.9459596837945
917,917,issued,337.351,337.671,0.819,7.016528869565216,3.3557368765217377,48.60591939130435,-8.06248790173913,20.94306008695652,791.4543108695652,-2.0178748517786533,-48.88934497727272,-41.32138997035572,39.53723092391302,75.53887885375492,1671.814252470355
918,918,a,337.711,337.751,0.497,22.79468425,4.62471615,44.482926,-11.72978255,17.25085275,640.9542325,193.9330950000001,541.6430170000003,175.19646000000006,654.0468330000003,-693.9703050000003,948.7370500000013
919,919,defiant,337.811,338.511,0.89,8.17247107578947,2.18903291868421,10.395419218421054,-5.812526576315791,24.81024905263158,806.4259950000001,-0.8250496524783909,-16.308083080151004,-7.424067383192914,-33.31203358080753,34.95445568442936,31.321230714520187
920,920,statement,338.571,339.031,0.866,14.759468230769231,11.511887168846155,36.99125403846154,-6.769408219230768,15.57109503846154,597.2447292307693,56.820801374358965,-31.01682391025639,24.817752905982903,-60.65962437435895,14.297852837606834,-396.257421196581
921,921,saying,339.091,339.372,0.807,10.837781305882354,9.599259788235296,28.64415288235294,-12.10741005882353,27.531548823529413,792.7912435294118,156.40273519607842,-111.77101200980394,174.4073402205882,-219.04588664215683,86.06029007352943,-209.47479901960776
922,922,he,339.452,339.552,0.998,7.039131744444444,14.116885088888889,39.31556633333334,-19.808625588888887,26.371415111111112,909.9257955555555,149.3523864166667,-211.83914225000007,67.57818166666668,-196.0976880833334,292.1283883333334,845.8151666666669
923,923,was,339.612,339.772,0.976,19.212703454545455,5.577958209090909,14.512211023636361,-23.29975836363636,27.866378363636365,810.7822709090907,-152.78935500000006,112.00407313636369,-97.01515136363638,262.4015495454546,-208.37250409090916,-2576.954800000001
924,924,prevented,340.152,340.572,0.9,15.770713072500001,-4.2418076526,15.459531222499999,4.693767841750001,18.375255325,810.83141975,18.751040262195126,-20.021597291932455,-4.293137986397748,-42.84923943841463,51.940018466228885,506.10527987804875
925,925,from,340.612,340.752,0.892,22.01641473333333,9.385425355555556,-9.314626331111109,5.7818918777777775,33.63107588888889,857.0651055555555,255.6056686666667,-22.85182649999999,-68.33678661666664,-95.82816458333333,216.79901250000006,3456.189466666667
926,926,giving,340.792,341.032,0.805,23.23521071428571,3.2525246678571427,34.57870485714286,-15.322479171428569,37.56591721428572,964.8980621428573,65.2103101098901,0.014344478021976923,-22.172308791208792,-9.896678527472517,49.1517910989011,-223.071102197802
927,927,medical,341.092,341.452,0.789,28.03324268095238,0.06553686857142894,17.20974603809524,-17.54477029047619,31.073948285714284,719.9881061904763,12.433092889610387,113.70260014545454,-24.217058844155844,-77.09405449999998,-58.16000448051949,-84.56008181818171
928,928,care,341.512,341.792,0.847,20.486222235294118,-11.006670821352941,22.795566723529415,-8.691084447058824,29.400453176470588,649.0660870588235,113.67236237745098,-49.67742289264707,-126.77155397058823,45.91747914215685,83.08404485294118,25.99591911764701
929,929,due,341.912,342.092,0.792,21.260112740000004,17.10157119333333,26.332106399999997,13.818012573333334,24.635375066666665,754.0039306666669,-96.44523080357143,-33.01707410714285,42.36372999999999,-68.10263066071427,-10.77623339285716,2674.519976785714
930,930,to,342.152,342.332,0.798,-0.6150420416666655,18.30231243333333,23.596119933333327,-2.945726233333333,15.761739333333333,771.4746875,255.90112963286708,-70.33101923076923,-110.95506958041956,-225.9034118181818,96.24349055944056,1762.7043933566429
931,931,overly,342.612,343.292,0.929,20.350282474374996,6.319182082583333,3.5154146604166665,-23.568887956250006,37.989353375,928.6368008333334,-25.7515483294887,-32.99939028051453,14.93586759254233,-13.24690238954624,35.576951297221,446.3765942792009
932,932,aggressive,343.513,344.213,0.953,21.383936281521745,7.173270527173912,8.594079575565216,-4.6811075000434785,23.815406086956525,721.3126199999999,-20.484589667437554,-5.2852059287388204,-2.9639584693802035,28.051953092858458,25.481325100215845,264.58742022818376
933,933,and,344.353,344.453,0.794,15.888748416666665,-1.4627121249999995,31.974260333333337,-17.742171250000002,25.497244833333337,674.2757349999999,30.943514160839154,87.40272403846151,88.45980489510488,73.35289685314685,206.95576678321675,2009.4730139860137
934,934,incompetent,344.513,345.173,0.966,16.80798550638889,-4.130962109166667,29.919527205555553,-15.190077541666666,24.52164175,846.0316897222223,13.985398318468466,-8.60561107689832,22.958881586872582,-23.249478373873867,0.859179362934361,324.2158655727155
935,935,actions,345.393,345.853,0.771,13.695602202941174,-2.016767733529411,27.863761117647055,1.4685584848235294,22.129166235294118,687.4530623529413,4.450756077158132,65.62151932788385,27.153104820473633,-3.7455604300993115,3.4610293353705117,-376.61954545454523
936,936,by,345.913,346.053,0.828,18.185066,3.6088851699999993,15.233385870000001,-13.135633860000002,24.167385900000003,574.913311,83.55671818181816,-288.1377536666666,89.32761209090906,-245.75757666666664,215.62047787878782,-292.77340303030314
937,937,local,346.133,346.433,0.823,26.8889682631579,19.81195394736842,19.28564077894737,-38.01492874421053,30.035811000000002,745.3900584210527,-36.26545412280702,9.761094035087723,-37.637749675438606,-90.1602180894737,3.791915614035088,-331.83144473684223
938,938,authorities.,346.493,347.073,0.734,17.9051042246875,11.724002996874999,25.016485206249996,-6.055545756250001,17.3526549375,640.38213125,-16.20566922974707,-0.4292743759164222,85.20853511180354,32.970827181085056,-10.068882771261,-453.45925201612914
939,939,The,347.613,347.714,0.803,-0.14002165,7.58980320625,23.1392813,20.605484425,3.5880494062499997,890.8965209375,22.606632402859248,-22.038104041422294,4.396960102639296,-29.26187217192083,24.198296160190626,161.94773524560136
940,940,"spokesperson,",347.734,348.514,0.887,11.55559995,8.60649658,14.041688155,-2.3150289169000002,19.7976855,707.6770345,14.920836638836771,-4.517552169793621,32.73266068386493,19.07545094598499,18.049743255159477,-178.51438564727957
941,941,Kate,348.694,348.954,0.834,15.827351799999997,13.743979269090909,35.95549513636364,-12.418323601818184,9.453553181818181,673.9448754545456,-3.436304889892715,-19.504483374364767,23.89971250705816,-73.10775834443817,28.754423376623386,-334.4996380575946
942,942,"Lair,",348.994,349.354,0.789,29.795517299999993,-12.2783014615,27.459264370000007,-18.97811021,29.724095650000002,518.394394,67.1189532330827,-61.81953008157896,-48.60703008270677,149.10943917293235,-52.16781432330828,-164.10034887218038
943,943,said,349.454,349.634,0.878,10.77089142857143,20.64949257857143,24.852914042857144,3.990787557142855,20.199574214285715,633.0742914285713,94.46905252747253,-133.01491385714286,120.44678551648352,-155.74961136263732,117.86921549450544,1124.0859516483513
944,944,Jackson,349.674,350.134,0.808,12.602275576,-1.7104581864000006,19.029602108,-1.6516636520000003,25.16398792,720.4645975999999,32.175921119230765,27.023036651538458,-6.569728142307692,20.41784751923077,-3.3089023076923008,123.13022923076917
945,945,would,350.234,350.414,0.813,37.05117435714286,14.591415664285716,23.841128,3.248392642857142,27.13772942857143,687.8824871428571,-21.764613516483507,-18.09176245054944,8.725818461538461,67.98965307692308,121.53885780219778,-461.4207670329669
946,946,not,350.474,350.654,0.672,25.72934675,-18.662377,13.549848816666668,-16.5634896,38.845112083333326,642.0021991666666,-49.45738269230769,-176.7907916083916,-97.9995402097902,-103.29951139860135,67.37994178321681,-1278.9019388111883
947,947,apologize,350.694,351.354,0.822,15.077406365714287,0.571779026371428,10.581873939428572,-19.889542702857142,26.894096685714285,599.0405165714286,-21.426451050420155,18.118288515252093,40.7282954168067,33.5415137492997,2.235031428571427,-165.15094537815116
948,948,for,351.434,351.674,0.833,26.272725118750003,7.90556071875,9.688346353125,-17.800925971249995,26.1908719375,755.6508,155.92575590441174,-162.36283746323528,-116.86176095220587,-117.75450759558822,116.21960507352942,497.2522161764703
949,949,sparing,352.575,353.015,0.89,15.505033932238806,2.375186728656716,13.546502878955224,1.7544183179283577,15.467620343283581,756.3066914925373,3.215738288690236,15.466875123912518,6.331975168668689,-11.479832764120037,29.89100196943091,97.7159131614654
950,950,no,353.275,353.475,0.915,28.486565130434784,13.406187839130432,21.125036501304347,-13.717326395652174,22.983166217391307,717.2565656521741,-15.203139031620545,-35.35394484683794,-114.34352442440706,-137.413057840909,25.597651531620535,89.66131768774709
951,951,effort,353.695,354.095,0.888,21.040799277419357,1.3960123870967747,2.503234754741935,2.6427544032258066,15.455353741935484,699.8877125806454,23.863529387096772,8.623339961693548,1.3759382366733877,48.617843556451604,-0.8318841330645145,5.946529233870961
952,952,to,354.955,355.175,0.874,11.906450572962964,6.496308048703704,23.64141787962963,3.2822015994444445,12.482321629629629,795.7336131481483,11.535783297617686,-3.5555821963217107,2.389812597484277,-38.1845126030303,33.84694652563368,-288.96699735086713
953,953,help,355.295,355.535,0.827,16.491813744444443,0.12351818888888956,2.868254987777778,-17.56206111111111,13.318243777777777,729.5124611111111,45.05832343653252,100.5187644891641,-68.57302448400412,-168.58627822497425,0.37344478844169426,-404.46010732714115
954,954,in,355.615,355.675,0.999,18.38102814285714,4.186546742857144,38.08190128571429,-21.494514,27.43760657142857,648.6041871428571,138.40328392857143,-16.615073928571416,19.771796428571417,63.08825892857144,335.0514035714286,6476.645428571428
955,955,a,355.735,355.795,0.995,16.314405766666667,-6.628476533333334,55.3107205,-40.58427399999999,36.559180166666664,664.96662,252.5692088571429,233.64830628571434,-123.15938428571434,278.26214000000004,-10.883927142857116,961.5858857142865
956,956,medical,355.875,356.195,0.856,29.05547775,0.7947016650000002,19.652522630000004,-23.596642202500004,31.8606105,533.1242209999999,7.2811118421052665,80.44601984586467,-96.30153770676692,-103.2454717763158,-8.528823007518792,-495.30202556390964
957,957,emergency,356.236,356.836,0.858,17.799613984375,14.406025421875,20.69296808125,6.1110868937500005,27.3120385,891.862960625,-45.003017612719965,37.497356897910564,55.54179489002933,19.531161092375385,-23.778139461143702,-581.1281460777126
958,958,in,356.876,356.956,0.824,22.817854999999998,-4.119188886666667,46.08451266666666,-18.414997133333333,32.556625499999996,484.4061166666667,-19.95528857142859,-3.078169542857148,-166.90352571428573,152.9262545714286,-3.2573071428571665,-474.37002857142846
959,959,a,356.996,357.016,0.992,20.335408666666666,-5.6935614333333335,38.01382433333334,-22.059418000000004,32.486348,696.8568766666667,-91.7851749999999,548.9056499999997,14.980250000000158,140.2064249999999,-7.666500000000018,9430.959999999997
960,960,hectic,357.096,357.516,0.874,14.8337581416,0.5626354996000003,33.19243948,-13.565419187999998,12.69318524,650.155124,10.303137169230771,33.50919312730769,36.407333538461536,14.019033796153845,-8.322771769230762,-604.4879619230769
961,961,environment.,357.596,358.156,0.817,30.38302628125,-2.5673233,25.750033378125,1.7131747684374998,16.384977218750002,548.42503625,-1.491162509164222,-15.527668486070386,1.8727709338343133,20.32263943392596,-51.740288150659836,-662.8238037023463
962,962,"Okay,",358.416,358.656,0.669,23.439485140000002,17.967178448,28.793795560000003,9.16660534,11.597109759999999,730.2591743999999,-15.949648019230771,-68.56371611538461,34.83578307692308,-101.48965330769231,56.43495657692308,-1087.3192392307694
963,963,so,359.097,359.257,0.894,9.167033806666668,8.584992695,22.352814743999996,2.9393739986666665,2.6441521666666667,789.7142143333333,-19.940706956618463,-15.39188916941046,-46.60797907897665,-34.8319273294772,14.116286262513906,-412.46608064516136
964,964,those,359.718,359.918,0.801,22.396640403030304,20.62702683030303,15.36191633951515,4.246867148484848,14.837621787878788,841.9626560606062,-37.42179010360963,8.567025026737964,-30.267631800802135,-57.65277906918449,47.34315073529412,367.0860392713903
965,965,are,359.958,360.058,0.673,12.937585277142858,-13.379604214285715,-1.6472989142857142,3.5386858285714284,44.125095428571434,719.1143342857142,153.8516699642857,95.86064196428566,138.1394239285714,102.6050516071429,-45.404235714285754,-365.01848214285843
966,966,"the,",360.118,360.359,0.948,15.461053633333332,4.475002720000001,48.42678573333333,-28.526676360000003,40.47840853333333,1049.1411266666667,-67.28819589285712,-51.44053496428571,150.02648999999997,-235.74736114285716,-2.8127132142857083,10.288323214285677
967,967,that's,361.04,361.24,0.854,26.819286772727274,20.130642529545455,26.133654354545452,1.588695840909091,10.86801215909091,785.6590868181821,-4.950823231853419,-2.372266596546867,-78.0032433227625,34.79978160747005,-8.069294196617335,-595.8715092318535
968,968,the,361.28,361.36,0.832,19.28368888333333,10.9379802,12.490162666666668,-0.5222880666666668,20.921674833333334,630.9902216666666,255.4047678571429,0.925082857142861,102.59788857142857,-131.16132542857142,-205.02985571428567,-1864.816957142857
969,969,"backstory,",361.38,361.861,0.907,14.475781519999998,-5.55002434,14.666897184000002,3.0252915279999995,17.28633512,692.2735407999999,17.95622384615384,76.35440780384616,14.640693442307699,41.76896860000001,-43.524419307692305,-486.7588196153847
970,970,those,361.881,362.021,0.898,18.362542925,16.990679356250002,15.191866249999999,-17.176519875000004,27.003337875,705.34021875,-163.77319773809523,138.4590738392857,-136.3910345238095,-356.12360178571424,6.147655357142894,-2029.6672797619042
971,971,are,362.061,362.141,0.837,11.609407066666668,34.16529083333333,16.86834616666667,-6.964139958333334,37.04246933333333,663.0190833333334,348.473624,-120.85552714285711,11.743709999999997,144.2618990714286,-28.518071428571428,1028.5797142857139
972,972,the,362.181,362.241,0.93,18.5847118,10.828392664899999,37.6004938,-4.29845568,22.077814999999998,684.08008,12.04151500000003,126.29895987749998,218.15074500000006,-27.951900000000048,-554.31043,-1628.9672500000013
973,973,details.,362.301,362.802,0.725,16.679510185714282,11.764773203571428,28.461999035714285,-8.231419503571429,8.077109250000001,675.1104446428571,35.386389685276406,-32.530892691570884,-92.34736486590037,-27.74010209222769,-48.479072263273125,-126.13066242474004
974,974,Now,363.463,363.583,0.818,9.521203066666667,2.6556437128205124,22.04516583076923,12.111285582051279,8.876131769230769,916.6874269230769,49.407238004048594,-43.14629082085022,17.79703252327936,-61.62814791194334,52.69306829959516,-359.66156002024286
975,975,let's,363.623,363.803,0.765,3.6060385181818178,12.060036672727273,-9.30003860181818,-13.136513563636367,20.984385272727273,808.9756363636363,-186.68631963636372,173.0554773181819,88.92738872727276,442.3255617272728,-311.85408818181827,-170.08021363636354
976,976,take,363.843,364.004,0.858,4.315574979999999,3.9675789149999994,25.176660059999996,-9.6602148,27.433296600000006,865.5173200000002,123.18104084848481,-148.01161304545448,253.47173339393933,-105.21118521212118,-94.40363575757576,890.0433030303029
977,977,a,364.064,364.084,0.998,18.742185,10.56562275,1.453261575,-49.97882924999999,41.10913325,1005.96665,169.89908000000003,194.0904650000001,23.4229085,-570.0765450000002,-50.529195,-5072.688000000003
978,978,look,364.144,364.344,0.932,21.049280107692304,8.381530930769232,11.764425253846154,-34.23756542307693,26.856187,600.4978692307692,-46.1383345054945,-79.87654692307693,51.64282076923076,102.30889381868131,-190.1980277472527,-1570.129953296703
979,979,at,364.504,364.584,0.656,15.554111833333332,-9.6463572375,19.069519775,-11.94129223333333,14.8632605,541.3408708333333,69.75798251748249,-42.494629361888116,-33.346393129370625,4.976411538461547,30.399551048951054,969.0903024475524
980,980,the,364.644,364.765,0.938,18.198351666666664,11.705013,44.895273777777774,-13.207430126666667,22.698857444444442,655.49353,-70.70969249999999,95.3867679166667,327.10317833333346,-337.5826201166667,248.3099133333334,-1334.788608333334
981,981,dash,364.885,365.185,0.805,10.679769333333336,1.0886513000000004,23.385634571428568,-3.0665676380952376,19.258732761904763,719.0027447619048,-99.82795675324674,-58.030931240259726,-67.17837422077922,-15.49323546103896,-46.409755,-50.85260909090916
982,982,cam,365.225,365.486,0.919,17.402415530666666,-7.871558603999999,20.8716092,-6.132678373333334,28.605359399999998,820.5864506666668,100.7385087142857,33.18073976785714,-37.352882321428574,138.8068853035714,-3.131548214285723,783.2870392857142
983,983,footage,365.526,365.826,0.956,15.456203923529412,0.6462240713923528,27.954552170588236,-10.667241135294118,30.49105594117647,855.494904117647,-3.6284886764705897,-88.09017271053675,179.42403544117647,-114.49132588235294,-0.979762132352923,51.214692401960775
984,984,and,365.866,365.926,0.998,8.8555623,18.447473520000003,24.972930800000004,-1.5360570600000003,34.8300568,965.5990099999999,645.1699025000003,-409.4616090000001,-104.91294500000002,86.68626400000002,-42.09245,-6599.879500000002
985,985,I'll,365.946,366.066,0.874,24.701552142857143,3.8780452857142853,1.8599246142857144,-41.06425585714286,33.03829714285715,460.37868428571437,4.892051785714284,351.93421785714287,-10.766964107142856,-93.71589107142856,5.0140499999999975,561.8241428571429
986,986,explain,366.106,366.547,0.837,11.507256164583334,14.823343934999999,14.3462125485,-7.441928560416666,19.568203916666665,865.280335,79.83138909891304,-67.79125323652173,124.1682439569565,-134.91243347499997,103.39975086956518,223.41827565217386
987,987,to,366.587,366.667,0.54,-10.69518655,30.1462045,25.42841866666667,6.996493666666666,19.571671833333333,1009.4340333333331,137.26669500000006,-178.51997571428572,232.09284000000005,-208.7868228571429,500.74606714285704,4459.065714285714
988,988,you,366.707,366.867,0.853,15.164282699999998,-3.1990409800000004,45.448305999999995,-25.482140499999996,36.9339763,816.8117239999999,58.20740151515151,-74.83848163636362,-131.11005090909086,48.71502090909091,-10.633520909090896,-5697.76546060606
989,989,what,367.108,367.248,0.796,34.444880052631575,11.08634585263158,17.815243157894734,-26.063708199999997,20.298830315789473,691.7494989473684,-50.62600228070176,-92.03996933333337,18.64699342105263,4.843998491228064,-10.0969546491228,-410.7667289473686
990,990,you're,367.288,367.488,0.752,33.5693655,6.019118925,12.439058983333338,-1.8490815083333336,32.3705105,863.7289983333334,107.57702097902096,54.532157360139855,-310.4953324825175,49.14878085664337,53.78588601398602,750.5300769230769
991,991,watching,367.528,368.029,0.786,15.420592362962962,5.52419526774074,35.22318717037037,-19.0453046837037,23.327883740740738,635.9156296296297,2.6561962576312568,20.75708039258243,110.59133673382175,70.24356472588525,2.817858608058613,-306.41788949938973
992,992,or,368.309,368.389,0.668,38.653512500000005,23.158570288888892,18.56959462888889,-4.150344516666667,19.504081888888887,601.5625722222221,-13.6926201754386,-134.03846740970073,-111.8557753168215,-153.4858337925697,58.83606429308567,1078.5359019607845
993,993,if,368.429,368.47,1.0,31.719064749999998,3.3484160000000007,1.747388025,13.70837003,16.698263,898.1254125,-195.35045500000007,603.4210700000002,216.93618950000007,289.1684532000001,-668.6263200000004,-2594.090750000002
994,994,you're,368.49,368.65,0.814,22.66671382222222,-1.1929062222222224,20.92106631,14.449537733333337,30.797140444444445,645.7185222222222,129.6554181666667,-179.39986433333334,32.40340153333335,-162.31761933333334,133.05535500000002,280.0771666666667
995,995,not,368.67,368.77,0.703,23.485407833333337,-16.496859566666668,4.237329341666666,-27.141451166666666,12.338635333333334,483.44594333333333,185.65207,381.87084542857144,66.93784307142857,-81.48850428571424,-423.3339142857142,88.5772000000002
996,996,watching,368.81,369.05,0.959,15.250417842857145,10.525396828571429,20.335913421428568,-14.05488197142857,21.74411935714286,662.6518035714286,-112.3569901318681,166.4345204395604,96.64468774725275,241.91327325274722,-65.41527307692307,1533.39157032967
997,997,this,369.07,369.15,0.001,17.362762,18.763653159999997,38.3635056,8.94795094,19.474854,641.8943660000001,-422.153505,-2.1011075000000226,262.30918500000007,88.33881700000003,-485.551185,-1931.058600000002
998,998,show,369.17,369.251,0.002,-5.867282733333333,7.727141816666666,31.178816599999994,9.1926084,16.46443533333333,911.6250933333334,688.756988,-382.45722728571434,-466.5055371428572,-227.08280685714286,418.10591999999997,-4396.885142857142
999,999,and,369.271,369.331,0.032,36.67241475,-14.4003035,21.07377075,23.079048075000003,31.7490765,665.604505,14.50770500000001,42.28776000000001,497.43557500000014,396.62660550000015,-3.3977700000000164,9352.044100000003
1000,1000,you're,369.351,369.471,0.082,37.24839728571429,-2.2121697142857153,23.462233942857146,4.725088542857144,32.541320142857145,834.5328271428572,-35.454758928571394,237.52528214285715,-295.4942728571428,-434.4716307142857,31.55784821428575,-1482.5083392857146
1001,1001,listening,369.491,369.691,0.728,8.891361581818181,17.265826611818184,18.48982726363636,8.131127281818179,21.159875636363637,570.387599090909,83.12646520000003,-141.67303811363644,210.43825345454556,-0.8484389545454688,142.6621422727273,-2503.4588818181824
1002,1002,to,369.711,369.751,0.0,32.83843366666667,8.73014,33.271041,10.659077,31.605023,509.72415333333333,-42.841525000000026,-477.6958249999998,292.2178749999998,-258.94934999999987,11.975375000000005,-3309.6499999999996
1003,1003,the,369.771,369.851,0.832,24.743267399999997,-21.9061478,23.218619782,-22.411634,0.0,496.4525299999999,71.10814000000003,-216.14095000000003,-658.6378509000001,-392.7719600000001,0.0,3898.9426500000004
1004,1004,audio,369.911,370.172,0.988,23.8519665,-13.339542775,26.2619722675,-24.7783906625,36.31111775,559.2842825,17.33741794117646,97.41981849999998,52.58299805588234,104.3023145735294,-7.662473529411769,1398.1548191176464
1005,1005,version,370.192,370.392,0.854,20.3520619,11.222332981818182,22.035886090909088,10.771029675454544,33.921093727272726,835.5016809090911,-141.97724627272729,133.92117754545455,280.8971690909092,-51.791175218181834,-12.02413500000001,-165.40437272727297
1006,1006,of,370.412,370.472,0.749,26.946182,19.628822,23.717546000000002,-3.08857264,32.044883750000004,485.5126174999999,5.220169999999982,-107.06952000000005,-201.07494000000008,212.93165400000015,20.006375000000023,-3410.545950000001
1007,1007,the,370.492,370.552,0.994,-11.1986766,22.26987575,43.70662725,10.21547805,8.05405425,904.9811675,-852.8456780000004,316.1853850000001,247.0685150000001,286.8541870000001,-483.2432550000002,12604.947450000007
1008,1008,"show,",370.592,370.713,0.98,17.497622,-1.2810683625,12.732697975,-12.40015991,27.849560625,786.90217125,464.42100833333336,-67.69532077380953,-325.4688816666666,-380.92286197619046,107.91146488095234,-1138.2052559523809
1009,1009,I'll,370.733,370.853,0.182,38.234197,10.1281254,11.715389728571429,-33.20191375714286,26.32799342857143,667.5812128571428,-82.5569125,-79.99461750000002,186.55810910714285,324.56979839285714,-153.33875714285713,-5090.439910714286
1010,1010,explain,370.873,371.293,0.538,18.71029282090909,10.413478136363638,24.030271866363638,1.538774701818182,22.064579227272727,755.6610181818181,132.0982738639187,-34.16316163184642,91.3927117204969,-27.83245749407115,90.27808546019199,-727.846444946358
1011,1011,what's,371.333,371.534,0.843,21.561304683333336,7.630316824999999,8.712495241666668,-1.0793898174999996,13.076016000000001,503.5924341666667,-248.41596055944052,-70.75930075174824,-82.73441386363636,109.3717504003496,-192.273965034965,1229.273571678321
1012,1012,happening,371.594,371.954,0.885,25.231371361904763,-6.959282847619049,28.17986535047619,-0.6575088285714279,24.434324857142855,609.0463247619048,40.216679616883106,125.63523307792208,156.66999575844156,-120.33568316883118,28.393103896103884,-203.4805051948051
1013,1013,in,371.974,372.034,0.744,35.6121865,22.867254499999998,36.1038365,-0.11413245000000016,30.76858825,475.0440725,70.70017000000004,-0.8467799999999426,-286.03887000000014,191.31479700000006,10.764974999999971,-6122.522050000003
1014,1014,the,372.054,372.114,0.988,27.062987,15.916923075,28.40437875,6.65728955,23.31264975,619.34641,-119.66032000000007,698.8389055000001,-25.81656500000004,758.5307290000003,-463.56546500000013,4128.569600000002
1015,1015,video.,372.154,372.535,0.941,16.547555166666665,-6.1935416523809526,33.824774238095245,-27.343526095238097,31.512760476190476,755.4447095238096,54.56801744805194,-28.097818727272717,-94.73691025974027,-61.186162792207796,-49.81417642857143,-1832.4585370129869
1016,1016,"Again,",372.695,372.895,0.887,21.856247805555554,-1.3579531777777776,29.67924614444445,-15.120409452777778,21.470039888888888,504.6561205555556,-12.039036300309599,-11.831793921568622,74.36992948400413,3.711628738390095,80.25079370485037,-269.4950438596492
1017,1017,this,372.915,373.056,0.78,11.933583599999999,32.2852937375,17.3716287,25.890481125,21.100485,742.98077,-312.1326759523809,419.8704616071428,-203.54793857142855,235.16238749999994,-57.633988095238095,1683.6415952380955
1018,1018,is,373.096,373.176,0.77,25.221189666666664,40.45592883333333,16.688646666666667,24.462082833333337,31.755962333333333,762.3124083333333,193.59212571428571,-128.99960142857142,239.1073314285714,-21.971967142857157,-7.8737085714286,2648.8269000000005
1019,1019,the,373.216,373.276,0.91,31.541267599999998,20.3587668,33.3738762,4.95409766,18.3465992,430.65391,11.32554000000002,325.86137500000007,-44.574905,229.76529850000003,-471.63751000000013,-972.4075
1020,1020,dash,373.316,373.576,0.898,7.235378426666669,-3.0500827226666685,24.185516666666665,-6.042882241333332,6.012518600000001,729.4095713333334,-147.69018476785712,131.15320692142853,41.138065,17.80862147142857,-20.076514999999997,2279.6133178571426
1021,1021,cam,373.596,373.857,0.891,28.071746007142856,0.9284076714285708,25.520325285714286,1.7048384521428572,11.838623142857143,827.1872192857143,112.06417376923078,63.455496505494494,-85.18964549450548,121.13589107802197,-109.56898285714284,1051.253548351648
1022,1022,"footage,",373.897,374.197,0.663,12.419289122941176,2.3873994470588236,31.308763764705887,-4.554943252941177,3.8469451764705878,579.1724635294117,-92.84510072058822,18.30162522058823,166.60113553921568,-20.128321593137265,-44.11810318627451,-773.8243725490197
1023,1023,okay?,374.277,374.478,0.452,21.584808285714285,-3.2279747428571426,26.74688121428571,-2.929624537142857,15.701642285714286,581.1009385714286,42.250787912087915,-23.800112439560444,82.02118692307691,-82.96061045274725,165.88777098901093,-883.7282065934065
1024,1024,So,374.978,375.118,0.861,3.569419984375,5.727599696875,22.68121188125,3.5434877124999993,8.71523090625,736.780873125,-22.911371987719956,2.0232739946847498,-28.477093365102643,-43.030367861070395,63.58522440432552,53.11839479472139
1025,1025,the,375.158,375.258,0.832,16.42475277142857,13.525245085714285,25.594219714285714,-5.586588300000001,32.913087857142855,893.0551157142856,-66.69766357142859,-40.693423928571434,103.27969107142857,18.10513732142859,-211.10730714285708,-1329.3656785714281
1026,1026,dash,375.278,375.498,0.955,1.3767758500000002,-10.537561441666668,8.924682500000001,-15.377144608333333,29.26841141666667,639.6596300000001,-101.75865465034961,110.47620239510482,-32.620372692307704,19.116857395104876,-231.0758791958042,-1163.8807027972027
1027,1027,cam,375.538,375.698,0.962,13.052719779,-5.90975475,16.230251420000002,-12.189463960000001,36.127500999999995,704.425396,228.70977013636355,-18.022725727272736,-49.93058127272726,-51.53780733333333,186.62797272727266,814.0788545454539
1028,1028,video,375.718,376.018,0.894,22.67607075,-1.2851280000000003,35.381127875000004,-19.184187475,29.5700525625,987.00634625,24.85988764705882,-43.881652867647055,-60.372502647058795,-100.16926602941177,-92.08180992647056,-2198.4460985294113
1029,1029,provides,376.078,376.419,0.782,19.940149451000003,3.4836035,9.349397194000002,2.8469557400000003,29.09639355,687.0272699999999,-47.351271821804524,63.17453790977444,47.63651176240602,-24.41716568421053,7.25095763157895,98.2801315789474
1030,1030,another,376.459,376.719,0.916,28.283741266666663,1.3809399800000002,12.501582873333332,-6.928288570666666,25.218277733333334,772.5160133333334,55.23190357142857,-119.63330108928571,-149.36199153571428,-7.113603224999999,-87.48081464285714,960.1506624999996
1031,1031,angle,376.939,377.319,0.714,22.969018966666667,6.151331156666667,13.425795619000002,-32.36162262,30.157549599999996,684.8105516666667,-18.973834004449387,27.738813269187993,-60.0080627553949,-150.86835469410454,63.84844204671858,464.55054783092316
1032,1032,of,377.459,377.519,0.932,19.869066800000002,13.208400852,-0.06496079999999971,-31.282570699999997,19.109842000000004,792.6167120000001,29.80032545454545,-79.73612373333333,132.62640775757572,478.04772878787867,71.930423030303,354.3123515151516
1033,1033,Jackson,377.579,378.099,0.838,10.984204572517243,-1.6429739758620692,13.958704387931034,5.1076701310344825,26.975413620689654,859.7607158620691,46.696322548399,-4.233543012315265,8.500262062807879,-0.9623431699507389,37.0492146551724,392.98329679802936
1034,1034,furiously,378.199,378.679,0.913,11.880549241379311,9.697590606896547,22.402748010310344,8.19318717413793,22.36398979310345,858.1533055172415,-5.410372012315269,-0.09811776847291027,-18.174071874605904,-23.25477297068965,5.2859155665024495,1012.2181517241377
1035,1035,confronting,378.739,379.26,0.908,14.003184910344828,-5.0195217,25.94789371724138,8.939241893103448,22.982869241379312,899.537635862069,28.30877364532019,23.368178556650246,20.427572674876853,-52.40958072660098,20.803179704433486,-282.7892162561575
1036,1036,the,379.3,379.4,0.836,12.668288757142857,8.960489685714284,40.521950714285715,13.28301627142857,0.0,755.9135785714286,-17.060640357142862,-15.271571785714295,198.01303750000002,93.83699428571428,0.0,-1970.1101071428566
1037,1037,trooper,379.44,379.82,0.911,17.248792142857145,1.1279843571428567,7.83620263809524,9.764111228571428,21.27929476190476,820.6805614285714,156.60729246753246,-30.12613048051948,-105.75320524675325,-110.58363411038962,84.28528720779221,-136.70487142857135
1038,1038,before,379.9,380.22,0.902,27.776309621499998,16.23886205,9.14516051,-6.73548363,23.779581349999997,852.7097934999999,9.864180923684211,-56.40076118045113,-24.395339120300758,-83.41717603759399,43.70230981203008,-500.2532988721805
1039,1039,leaving,380.3,380.62,0.766,17.782885825,13.81076123725,43.50495965000001,-7.204143360000001,33.977856100000004,758.41767,9.238763101503757,-72.11980621409775,65.65786161654137,-34.90372854135339,9.407516766917295,-272.5760586466166
1040,1040,the,380.66,380.74,0.985,29.440303999999998,4.375854266666668,20.077024666666667,-6.549665399999999,26.828427500000004,870.1927983333334,147.47538285714285,-210.42232971428567,-297.1582857142857,-221.67044857142852,208.59477285714283,-160.75747142857068
1041,1041,rodeo.,380.82,381.28,0.549,30.396220592592588,-6.789249326629629,22.80483721222222,-23.579747081481486,34.252493074074074,622.1112488888889,-48.55773922466424,-28.721790098992678,28.07697395177046,-100.43486644078146,24.369360317460327,-565.3040085470086
1042,1042,So,381.7,381.82,0.678,7.618818982592592,8.966729696296298,29.488097088888892,5.145818067407406,8.696591111111113,812.8901144444445,-68.02982881227106,-17.610235115995124,35.30259507326008,9.185942011599511,49.56430225885227,-214.82369749694752
1043,1043,you,381.86,382.0,0.994,4.443888155555556,12.597732255555554,43.28656311111111,-7.753539222222224,26.402856111111113,1042.762993333333,-224.3252318333334,226.37815766666677,-371.2921741666668,427.1357333333334,-295.07020916666676,1143.7088833333335
1044,1044,see,382.04,382.181,0.923,-3.609706677777778,7.896418266666667,22.222005444444445,2.6175613777777804,29.264258333333334,1213.2222377777778,187.973644,-385.57808083333344,195.5939691666667,-504.9975266666669,331.3512041666668,-17.917783333333823
1045,1045,that,382.221,382.381,0.992,16.33331169,-20.95962782,10.433294020000002,-14.719192580000001,31.0033476,830.989208,110.13037887878785,65.23951084848485,44.58537763636362,70.57536357575758,-291.67852848484836,-1072.3067999999994
1046,1046,"there,",382.421,382.741,0.626,23.57019066666667,-17.250258505555554,30.564515133333334,-13.587386511111111,31.77004205555555,476.71312111111115,54.208861919504656,-65.47838017027864,-25.45696776057792,11.947234932920546,53.30420954592363,-557.1044468524252
1047,1047,he's,383.181,383.341,0.843,11.9535782,8.426621506666667,29.786329100000003,-9.959483123333333,19.098372066666666,744.0458053333332,-57.076018489432705,32.08781289432703,7.91164301446051,-11.944154054505002,11.46407911012236,389.78332035595105
1048,1048,wearing,383.381,383.641,0.812,25.09938078,-1.13514826,8.536650066666665,3.3496928166666664,39.95837013333334,886.3340466666666,54.03608966071428,-68.19484901785714,59.67154982142858,12.542060812500008,-2.726118750000005,-477.6356642857143
1049,1049,the,383.661,383.761,0.767,23.827158,6.753300716666668,5.404037266666667,-0.6379131000000005,35.1117945,858.7063633333332,169.1209457142857,75.48332385714289,-162.36842085714287,100.16476400000005,-39.559761428571406,-184.3040857142855
1050,1050,"red,",383.861,384.081,0.778,23.8736181875,-3.6939208581250007,20.341753575,-6.5264156812500005,14.6251746875,643.99773375,-51.123360514705865,-129.31240999191175,182.30955069117644,-78.27139988970586,-153.77156477941176,-1848.4327132352935
1051,1051,okay?,384.321,384.561,0.732,23.223392545833335,4.781986083333333,32.681056283333334,-1.4510351875000003,15.144451854166666,640.1434120833334,-1.776680093478261,-37.98358877826086,65.69253458260869,-93.71949249782608,73.82720272826084,-790.1827306521737
1052,1052,Jackson,384.601,384.961,0.815,11.206909360000001,1.8731051649999997,14.15306318,3.262999217000001,26.1911352,740.6502295,52.08509335338347,58.778366093984964,-105.37308324060152,39.340935955639104,34.343053157894765,636.5155921052635
1053,1053,is,385.002,385.102,0.68,9.673686162857143,20.065793328571427,18.01057897142857,13.990675114285713,20.490470285714284,598.9442585714286,-164.21227521428568,481.5095858928571,-222.9847355357143,460.4010575,-390.0252875,-5260.010035714286
1054,1054,the,385.142,385.242,0.823,17.597105785714284,1.5722661000000002,28.078155428571424,-4.531685057142857,15.236804142857142,646.5653800000001,126.04776160714285,-466.2890905357143,264.77932142857134,-457.2440082142857,-191.5905607142857,-5863.021500000001
1055,1055,individual,385.282,385.722,0.947,20.546232871666668,9.215608675833332,35.373327475,-3.3891513533333337,26.221032458333337,713.7204029166666,7.049212009565213,35.919054736086935,-79.68524139565214,-20.300325359999988,14.529662413043472,768.7538463043475
1056,1056,wearing,385.762,385.982,0.931,35.23015130769231,-1.1718929461538468,17.306229415384614,3.480678447692308,29.413297000000004,749.3507492307691,-53.865914835164844,-11.840327445054943,108.3008296153846,110.77255122527471,-51.605376648351644,-1356.7040274725273
1057,1057,the,386.002,386.082,0.832,30.8780802,8.397396068,18.3664464,10.927088260000001,24.696566999999998,801.780968,263.82696000000004,-46.5542198,-333.9084050000001,-241.8966300000001,291.9299200000001,482.36349999999885
1058,1058,red,386.122,386.282,0.997,24.0358339,-2.1099963199999996,28.0804034,1.392230051,12.0617632,601.1112549999999,-317.72297909090895,114.67182527272723,299.7159696969696,14.000310445454547,-221.64134727272724,-1719.7939909090906
1059,1059,shirt.,386.342,386.582,0.786,9.361995093333332,-6.739208706666667,15.056066380000003,2.866540633333334,23.129621133333334,666.3111046666667,311.4887169999999,-83.6314590535714,-163.47497798214283,6.298469589285718,58.39031946428569,-765.5322410714284
1060,1060,He's,386.862,387.002,0.777,7.014126734761905,16.09865449190476,31.516568380952382,14.48694307142857,9.343612523809524,885.4165442857144,-43.95909260129869,139.05836861883117,6.6435968831168815,47.50945068181818,94.38534305194807,956.7712831168832
1061,1061,very,387.102,387.422,0.823,20.892214476190475,-4.303287547619048,16.847602857142856,-1.6088327100000004,38.895779952380956,844.1982580952381,-25.11878590909091,-157.40010905844153,-24.21924012987013,-156.797528125974,30.861614805194794,-194.18507207792206
1062,1062,animated.,387.522,388.063,0.873,17.848179037500003,-11.732111590625001,42.627322125,-26.102165715625,35.339014093749995,529.5098403125,-5.948537994868034,12.193983947030796,38.519026154692085,-33.846091710960415,-14.220277575146634,-289.13795188782996
1063,1063,He's,388.403,388.543,0.886,8.912442114166666,12.288572645833334,40.104490958333336,0.5028379812500005,7.397882583333334,684.06503875,-39.3550008647826,52.791772049999985,-18.949687282608693,41.156287405434774,49.931666043478245,70.00281369565212
1064,1064,poking,388.603,388.923,0.862,18.657731357894733,3.3721718078947363,23.008230936842104,-18.74353234736842,25.698084684210524,831.0703857894736,28.58397656140351,-36.69299880263159,98.0348057631579,-96.80187824561405,94.18296798245616,1004.1045122807019
1065,1065,his,388.943,389.063,0.832,0.2353386142857141,16.032138571428572,26.434296357142852,4.772303285714287,16.965923999999998,697.54183,-304.93934160714286,531.5842714285715,-405.93325625,514.8879750000001,-424.9916321428571,-2870.8581785714287
1066,1066,finger,389.143,389.423,0.865,15.953072277777778,-3.779523255555555,28.120147666666664,-2.051777828888889,28.951288,857.8477672222222,154.44299380804955,-105.09318980392156,-41.234721744066064,-20.076011256965938,71.67438152734778,938.4832616099073
1067,1067,into,389.463,389.623,0.84,19.054137199999996,15.348297154000003,30.202601199999997,0.06986132230000006,24.6741469,469.6789429999999,-18.98886969696969,336.75551584848483,-154.41860727272723,137.34193973666663,-25.629000303030306,-416.88543333333297
1068,1068,the,389.643,389.743,0.818,18.281183433333336,14.272420783333333,35.34696833333333,-2.49963116,16.69035733333333,448.41087666666664,-147.3139842857143,155.28628671428575,206.3512142857143,147.9584677142857,-434.4072857142857,-3411.064542857142
1069,1069,chest,389.783,390.083,0.821,-0.17579767647058867,6.9212220794117645,10.696583685882352,1.1417926996470587,15.384661882352944,727.3215635294118,61.5536150857843,86.30456629289215,-181.85274598284312,79.80761474779409,-6.110550122549023,-1241.4556115196078
1070,1070,of,390.123,390.183,0.858,22.0040238,11.797734680000001,19.356030999999998,-4.386901399999999,33.63158880000001,729.0340659999999,269.78501,310.94020000000006,166.483765,306.915945,-55.65479999999999,1177.1013000000014
1071,1071,the,390.483,390.583,0.917,22.579321415,2.3027128649999993,28.929806549999995,-7.196184019999999,16.52588115,500.007286,-0.9456662593984956,26.67371424436091,45.91023800751881,40.746623631578956,-36.604769210526314,171.49528721804515
1072,1072,trooper.,390.643,391.084,0.766,16.292039828,-3.294543381199999,-0.638761076,3.1798499160000007,24.73257996,772.5246591999999,103.9562657923077,-22.307075473846155,-91.91921348461541,-14.137814400000002,72.52436980769228,248.78612884615382
1073,1073,The,391.464,391.544,0.924,14.550098217391303,8.667598473913044,16.596496904347827,15.522350086956521,8.947840826086956,860.9804082608696,-71.25645793478257,25.402502114624493,82.61156512845847,-12.998503656126479,53.13396709486165,100.55225049407115
1074,1074,video,391.564,391.824,0.893,16.25237557142857,-8.064973928571428,29.732354651071432,-19.106878999999996,31.703283357142855,855.1356657142858,112.78821046153847,-81.61483061538462,-122.3858649598901,-135.09937626373625,-68.93196692307693,534.1019736263734
1075,1075,contains,391.864,392.244,0.757,14.330831901428573,9.79080567142857,25.862976800000006,-4.173549395238096,21.562218904761906,761.1674895238096,-25.940166482467525,1.101741103896105,10.08907573376623,-53.95337535714286,-37.31777707792207,-1088.3445564935064
1076,1076,audio,392.344,392.604,0.901,22.796315833333338,-14.238595922222222,21.445446611111112,-33.32914666666667,32.74654861111111,607.3496777777777,0.27174164086687147,-17.539828885448912,132.3198393395253,21.416820949432413,63.2357633126935,275.70502786377693
1077,1077,of,392.624,392.684,0.738,28.077441750000002,16.661440575,17.6716555,-9.281277750000001,16.656413,882.6825925,-14.295304999999994,544.6436055000003,116.28762000000008,869.1261150000003,-671.8324800000001,-502.2859499999993
1078,1078,the,392.704,392.764,0.98,17.022639500000004,17.1518748,25.830828500000003,1.0148663374999998,8.6442195,407.451485,85.96416000000005,87.16567400000005,142.37507000000002,-172.63874625000005,-518.6531700000003,-4495.8828
1079,1079,confrontation.,392.804,393.524,0.93,11.825721706052635,3.1314193526315792,27.619673272105267,-1.831075297368421,22.45973873684211,781.013469736842,-41.10745829943101,3.79559554327607,76.18454218065433,-34.53893146569646,6.506810526315792,-74.52624734653679
1080,1080,which,395.425,395.665,0.891,21.192587301869157,-2.290561814953271,16.856419884299065,-9.791406094205607,14.851691644859814,635.433896728972,-0.9091796240619913,5.64437178358706,-3.8825117367797146,-10.649286724063948,2.157884938478418,-22.606278429240376
1081,1081,occurred,395.785,396.186,0.856,21.989943788461538,-5.080403926923077,2.767016334384616,1.7569221182307695,21.425051,742.2859280769231,47.53442877777776,5.0236650444444395,-7.28403173309402,43.391688519418786,41.7897597264957,652.0084094017092
1082,1082,near,396.386,396.666,0.808,24.95356704166667,8.311782577499999,37.47531092916667,-5.476350779166668,30.60563,763.0456391666667,2.8629280217391297,-81.81316388391302,-51.09466036739129,-16.89466225,68.52331360869563,-452.74508565217377
1083,1083,the,396.726,396.826,0.992,17.5114547125,10.138174150000001,9.552999725000001,-0.3836576249999979,25.372598749999998,711.20976875,-13.950348035714276,-66.68978333333332,-247.23737702380953,-368.33229047619045,153.84165714285712,230.63441071428608
1084,1084,hood,396.946,397.146,0.988,9.9519158,1.6998899625,6.500710917499999,-15.214785808750001,23.252918375,794.703178125,62.062265661764684,-85.76424888235292,35.4918042102941,-111.46491190735291,192.1615926470588,756.4923330882349
1085,1085,of,397.186,397.226,0.998,23.53830175,-6.941099824999999,25.183068000000002,-14.504485700000002,38.4081135,1053.183575,128.90162500000008,743.0404935000003,-7.8873700000000575,340.9182280000001,-85.84249000000004,-1803.5804999999998
1086,1086,the,397.266,397.346,0.837,10.907931483333334,18.510679666666665,31.1914045,8.613836650000001,24.898594666666668,888.1831866666666,-370.50887900000004,19.245957142857137,199.3247757142857,9.019196714285755,-415.34745428571426,1103.0440857142855
1087,1087,trooper's,397.386,397.747,0.833,5.4742543946,11.925056218499998,17.306896000000002,13.14555476,12.5450385,816.8919185000001,55.10516058827068,40.15608961390978,-101.41426341353385,-35.147769270676704,-7.530954511278199,1405.484480075188
1088,1088,car.,397.787,398.107,0.729,25.78751948333333,-9.477806127777779,-1.6345043470555558,-10.540194655555556,25.37203938888889,626.633466111111,88.75821978844169,-92.89559347265221,-10.55781181398349,-59.711338524251794,87.43921646026833,-671.965141898865
1089,1089,But,398.607,398.787,0.967,19.151450701088237,0.03945323323529428,20.542865623529412,5.391451376470588,9.398277147058824,748.774659117647,2.2076767278151235,-16.41711993086325,23.80745619404125,-58.77223857448433,50.43402318563788,-540.6945165011457
1090,1090,country,399.107,399.427,0.886,14.191090937499999,-5.177811063750001,18.077954896875,-1.1973914468749998,21.3003820625,768.4209993750001,-29.755968993768334,33.643163477272736,25.476503862719948,59.9264556039223,27.849249560117308,1291.4266858504402
1091,1091,music,399.468,399.768,0.772,13.756459047058824,10.187225494117648,34.113599058823525,-1.0377398682352936,23.456369705882352,741.5719052941176,-41.156432022058816,-1.6064480637254859,-56.22015281862743,64.06988933088235,-115.0565482843137,-749.3090796568628
1092,1092,unfortunately,399.948,400.528,0.863,18.784205647368424,2.7791013705263157,21.986770957894738,-1.1268461473684213,20.974600026315795,786.5389592105263,-16.61123448517343,5.324177432213591,42.32299366779734,-32.62361172228909,44.50736061385272,536.6077914979758
1093,1093,drowns,400.628,401.088,0.843,22.24877386642857,2.0118982678571427,14.927629717857146,-1.606431835357143,24.845915928571426,788.3439978571429,9.655315834975363,-8.462261186371098,-66.07458227011493,-29.52590833128078,-9.114555035577448,-383.3991773399014
1094,1094,out,401.229,401.349,0.878,25.22887230769231,-11.735587592307693,5.545381515384615,-21.436851623076922,15.200679692307691,518.4705323076923,56.68808241758241,157.40031406593405,-29.09832054945054,-175.95769640109887,27.30895,369.09603021978006
1095,1095,the,401.409,401.509,0.834,27.5161735,20.493307875,14.04656914375,-0.9068531124999994,19.737938875,851.420115,65.19819285714289,54.32116845238097,136.81895175595233,200.11740434523804,269.92967440476184,3477.092809523809
1096,1096,voices,401.569,402.109,0.826,15.885417332333333,8.329017736000003,18.908744529999993,-5.0210762791,27.08154946666667,772.3863836666666,-38.910317006117914,-71.99178605116796,-15.207014279199113,-25.400737946729702,24.56445223581758,-317.2686345939934
1097,1097,and,402.329,402.429,0.94,13.6285232375,7.43438383125,24.352223547875,3.2942369356249994,16.603509125000002,646.82602625,129.9381324705882,-152.3265910808823,116.97266090514702,-142.78916182279409,115.04691338235291,-404.4414088235295
1098,1098,is,402.489,402.569,0.714,14.113521142857142,21.872574000000004,19.760808485714286,18.0917688,18.075401285714285,542.36102,-334.8697660714286,370.49904232142853,-346.2543283928572,303.3744507142857,-342.1634874999999,840.1174285714276
1099,1099,"copyrighted,",402.609,403.23,0.825,27.57370059090909,-6.559044562121212,19.507126781818183,-4.986364347878787,26.724006454545457,532.6770312121212,5.412446189839574,-32.8526511112968,91.37876101771393,-36.08708074197861,48.3619817513369,-464.40685544786095
1100,1100,so,403.29,403.49,0.962,17.668632923076924,16.92012977692308,14.2302881,-4.320415892307692,21.866603153846146,605.0544269230769,230.69661565934064,-173.3176026648352,-10.703705302197795,-297.35533554945056,146.91726868131866,141.5069285714286
1101,1101,we,403.75,403.87,0.694,35.68365889473684,-1.4886015421052632,20.665247594736844,-19.356112215789473,23.30204089473684,606.1933678947368,-2.305499736842111,69.7219347017544,102.74453692982458,69.78872660526316,98.30499377192984,505.9402201754388
1102,1102,didn't,403.89,404.09,0.881,26.444435363636362,15.332335514545456,48.56149518181819,-7.406279389090909,23.716605909090912,539.6802254545454,83.36615272727275,48.696147918181836,35.130154545454516,-25.675730109090903,-180.4408618181819,-547.2346863636362
1103,1103,use,404.19,404.31,0.817,11.87504060909091,18.361257645454547,46.43131113636364,0.9445346999999997,20.589004,678.3228690909091,-120.11730122727276,144.04292104545462,-360.83464409090914,358.76316327272735,-207.1840395454546,2325.579909090909
1104,1104,any,404.41,404.53,0.822,23.25428636363636,-6.564958371181817,43.64842918181819,-16.520562004545454,22.704409272727272,463.46696090909086,85.69761909090911,100.04642099318184,284.64327727272735,-96.41621425000005,168.3191045454546,-835.2321727272731
1105,1105,of,404.57,404.61,0.996,32.754726749999996,6.117509375000001,49.064128499999995,-3.453045125,29.74688625,656.969375,146.56646500000005,527.4170275000002,-420.52345000000014,693.7071575000002,-17.722285000000017,10902.618500000006
1106,1106,the,404.651,404.751,0.671,26.693872875,6.330753937499999,43.251259375000004,-2.1706914125,7.763272875,522.0094475000001,-26.674481547619024,-261.3081604166666,-74.29749107142857,-252.5183095833333,-74.35888630952381,-2261.557523809524
1107,1107,audio,404.851,405.171,0.989,28.45464485714286,-5.962839275047619,26.846272859047616,-16.4403248,24.666787238095242,590.9274766666667,0.2490423376623344,59.934653616883104,90.93376379220778,65.11896776623377,34.743409805194794,541.0039831168832
1108,1108,here.,405.211,405.411,0.716,22.359104208333335,-4.23866,31.813158841666667,-5.615414888333333,30.98186816666667,679.5751583333334,178.4379589685314,-187.28374825174822,-256.5462267657342,86.43559193356641,-66.96832797202796,-3102.9928321678317
1109,1109,One,406.131,406.211,0.843,18.109113720499998,1.27670707,15.4351641975,-7.46618934375,16.5033793,739.86948475,27.24954271322701,-5.280632308630393,-4.309120014540338,-71.98461263954033,69.69698885553471,-45.79586674484052
1110,1110,of,406.231,406.291,0.76,21.914345249999997,10.341103,24.6558295,2.7992988249999997,27.7064475,1059.445125,35.22645499999999,501.4524300000001,113.4882200000001,529.3006935000003,-573.2549700000003,3461.6285000000025
1111,1111,the,406.331,406.412,0.839,0.026083416666667247,25.031029833333335,10.537335100000002,14.732085750000001,18.764097333333336,988.1146266666666,-245.92318900000004,236.65405,-214.8605014285715,148.36526785714287,-483.37434285714295,795.5982857142862
1112,1112,songs,406.452,406.752,0.861,14.67327923764706,9.925027782352942,3.1342289564705887,-2.288600017647059,26.912338764705883,650.3178688235295,21.355324235294116,121.55853658088233,76.12439472794118,86.19498557598038,-63.18665134803921,267.4917916666666
1113,1113,is,406.832,406.932,0.721,12.657760755555556,27.897361388888886,15.221241984444443,20.537553854444443,18.04258311111111,580.9814511111111,-112.67992483333339,168.77866666666668,-171.4248007666667,71.28491567500002,-274.0044116666667,-1923.381749999999
1114,1114,Irish,407.132,407.372,0.858,16.366190886363636,1.941186927272728,20.829176226818184,6.620562381818181,18.63838081818182,754.7928418181818,-85.58398945511011,22.517339192546583,93.21003154009036,31.130934319593454,-23.12960513833992,1017.8203941276117
1115,1115,Goodbye,407.412,407.952,0.725,22.286197941379307,-8.843409962068964,23.508351257586206,-8.475807189655173,29.573269689655174,624.530238275862,-11.633556389162562,-52.79671534729063,-4.4783186832512305,-87.12074018472906,39.53984800492611,-362.4706403940886
1116,1116,by,408.273,408.473,0.884,25.577899384615385,10.499625815384617,29.564600970769234,-0.36028884630769187,14.977363519230769,604.461095,-13.729157948717944,-82.18267995897432,-3.793220032820518,-53.91639516779484,14.788154435897429,-475.69512666666645
1117,1117,Treaty,408.653,408.993,0.913,12.431569823076925,0.423768396730769,39.90981260384615,-4.0703045499999995,15.326181692307692,642.4988773076923,36.96707205128204,-4.930709163162391,55.23088941025639,-99.29931266153841,33.34017401709401,-657.1165588034187
1118,1118,Oak,409.073,409.213,0.954,32.51774454545454,4.60381203909091,9.325219645454544,-30.10000427272727,21.220329727272727,707.8550936363637,-31.16500181818183,21.43794683636364,-84.34243363636364,343.754435909091,-94.64747590909093,2848.526040909092
1119,1119,"Revival,",409.273,409.753,0.862,28.799598999999997,2.7352444277777774,10.29600553074074,-23.530739248148148,31.838275222222226,725.2344433333334,-46.690496336996354,50.040229134615416,12.584422508852265,-146.48542691086698,23.918097283272285,113.02645054945062
1120,1120,which,410.054,410.194,0.942,15.934265749999998,23.748221227272726,23.57960394090909,3.325046970454545,8.018336909090909,897.364378181818,-77.63136517504235,-40.52870381140599,53.57722522021457,52.921043530491254,21.133215584415588,102.51720214568024
1121,1121,I've,410.234,410.354,0.892,29.2881785,-1.938357374999999,20.27319575,1.1560651249999996,32.57696,725.11612,166.52927738095235,371.22201845238095,133.71816666666663,233.97418154761903,0.8818154761904609,3776.9097142857145
1122,1122,never,410.394,410.554,0.9,33.6980006,-1.628792499999999,5.747224,2.1046702986000008,25.6585217,756.652428,54.39942303030301,194.26072430303026,-357.78691454545447,190.74681625515146,32.749688787878775,2325.7362424242424
1123,1123,heard,410.594,410.774,0.665,27.144294727272733,-0.2139486227272733,-8.283229345454545,10.593408600000002,38.34954927272727,977.6240245454545,-46.24104636363639,-121.20382411363639,108.10308500000002,-127.19029700000002,15.812890909090894,-249.474722727273
1124,1124,"of,",410.834,410.914,0.832,17.953578,6.582829714285714,0.7289445142857142,-12.484750342857145,27.519320857142855,632.1942985714286,95.6986017857143,374.3075710714286,153.37991499999998,320.6398717857143,-349.67374821428564,3766.793875
1125,1125,but,410.954,411.074,0.833,20.111121750000002,15.9709927625,8.164602325,-7.2802960500000005,16.050505625,457.199045,-83.27796904761902,31.94509244047619,55.466928571428554,-15.999941190476187,80.82269107142855,805.8611785714287
1126,1126,the,411.094,411.194,0.703,-0.4253035666666663,27.148333499999996,-0.2643774900000001,5.72417,14.605826166666667,728.3867533333333,-264.48546028571434,345.00214428571434,-35.30708682857143,294.2093371428571,-500.8480642857143,758.9966571428569
1127,1127,song,411.214,411.454,0.798,18.391419046153846,5.945457153846154,-2.206104623076923,-7.628935792307692,31.00143961538461,797.6128407692306,64.3438208791209,91.55155521978023,62.78350862637361,8.980684010989004,-111.41819038461539,-1064.9138241758237
1128,1128,sounded,411.494,411.775,0.862,17.95133725,2.7428039500000003,15.025160303749999,-4.1912952937500005,30.166407812499997,727.197378125,90.52583470588235,-58.818248588235285,165.00876788676467,-36.415933845588235,-41.09102683823527,-259.00056544117643
1129,1129,pleasant.,411.795,412.135,0.857,17.018000432,17.645992322222224,4.848349488888889,-0.37893067777777806,12.370744111111112,747.6389333333333,19.635255680082565,75.0190794736842,52.776340000000026,147.86787971104232,-103.47741382868938,-422.29935294117655
1130,1130,was,412.777,412.897,0.836,26.584179657894733,19.18515238894737,24.320663592105262,17.823542077631583,10.801157605263159,857.3264781578947,30.883537168180325,28.111939403326403,-6.6266794370281215,-42.907863904967726,38.860222163256374,161.72131376518217
1131,1131,one,412.957,413.038,0.863,31.595571571428568,7.808447871428572,17.633138614285716,-13.776067614285713,24.901648285714288,820.5796357142857,3.7353589285714524,-35.00727035714287,-247.20557160714284,-15.216378749999995,4.757333928571432,-109.44908928571441
1132,1132,of,413.058,413.098,0.974,32.43709033333334,19.21397466666667,9.262378446666666,-12.836408,23.841060666666667,844.3795333333334,73.89677500000002,221.95777499999986,449.94191649999976,167.99792499999995,-14.34502499999998,1592.289999999999
1133,1133,the,413.138,413.218,0.95,13.393054833333332,18.65173,23.528637,-10.770869216666666,11.667524,898.0397433333334,-553.7538271428573,40.180897142857155,58.11048285714285,71.5578687142857,-301.9615228571429,-633.8948285714283
1134,1134,"songs,",413.258,413.598,0.8,17.236030894736842,5.590547128421053,16.65305232105263,-4.78252985263158,15.868219210526316,852.4793205263159,57.43202236842107,13.546931307017545,16.511093631578955,143.96818254385968,-2.3628787719298217,435.03855263157914
1135,1135,try,413.758,413.939,0.832,2.7976641823529413,-3.1792396470588233,14.78301391764706,8.514539325294116,9.416444647058821,639.9240676470589,234.1402204534313,-65.0918725857843,-60.640068725490195,17.499305963235294,97.19167046568626,-783.4621176470589
1136,1136,that,413.959,414.099,0.837,27.626841624999997,-7.565166575,23.707612875000002,15.9395135,22.514926250000002,572.735255,39.938264880952396,-66.45136964285713,63.70555535714285,0.9995107142857179,2.4103630952380763,-797.424166666666
1137,1137,in,414.119,414.199,0.246,29.789797799999995,-3.05352084,25.859243199999998,13.568246400000001,22.2759154,474.11241,-77.80052,256.53841700000004,-60.637655,-228.56354000000005,-12.79172000000001,-1493.3144999999997
1138,1138,a,414.239,414.259,0.822,3.1341229,27.161525333333334,30.16208333333333,-3.6003570183333333,7.114456333333333,1038.41778,-1161.3250749999997,448.56944999999973,140.6137499999999,-194.6271736249999,-533.5842249999997,7284.1465
1139,1139,small,414.319,414.78,0.794,21.406321846153844,9.70471773076923,18.450890284615387,-10.196439996153845,17.042277807692308,657.5874980769232,97.40374441025638,-65.22125114871793,-39.13347519658118,52.60539518803417,53.93765830769229,-931.0239082051279
1140,1140,town?,415.661,415.861,0.542,22.392124435888892,4.300979470370369,22.127279574074077,2.9873752191666663,13.491539314814814,787.3870048148148,11.135419735220124,-35.738562892319415,-7.294096206975413,-24.608615495835714,1.092386451305507,-484.9914623213263
1141,1141,Cuz,415.961,416.162,0.634,8.083351444666668,5.758068633333334,6.486327322666667,13.754130453333334,3.689787933333333,760.8321219999999,-106.14217202321427,101.93432069642854,-54.79939473571428,96.19202867857143,14.824002142857138,-349.3214035714287
1142,1142,he,416.202,416.322,0.555,9.874891175,10.8214974875,35.870473875,18.63094695,13.838206625,620.57729,29.401873809523803,79.31813124999998,115.45200178571427,113.35694880952376,-4.420356547619052,3967.222357142856
1143,1143,just,416.342,416.502,0.748,2.489266872222222,13.612431144444445,23.472870888888888,3.047147622222222,12.681874777777779,920.8188977777778,-109.3320337916667,156.2806541666667,35.96558999999999,28.269360000000002,-143.89214333333337,3389.1009500000005
1144,1144,found,416.522,416.742,0.487,18.729675641666663,-6.1572462083333335,22.104846916666663,7.01766125,19.589118083333336,798.07526,131.01090445804195,-68.76000788461539,93.42235856643354,88.44665541958041,57.84461870629371,1032.3559160839156
1145,1145,out.,416.843,417.624,0.53,14.687605504545456,-2.9641075068181824,22.31544092522727,1.4854738454545453,13.264124272727274,776.9422072727274,-8.728257027484142,10.212977786116982,-27.9878574251938,-9.112846210711767,-35.684480359408035,-219.45819513742072
1146,1146,"Okay,",418.144,418.425,0.738,12.73446966,-6.426125700750001,16.358134095999997,-4.121279089900001,9.2863189,755.49015075,23.334287508442774,-24.51826276205441,29.912824528893054,-62.26954824035648,-7.881450994371481,-470.7783923545965
1147,1147,but,418.485,418.565,0.999,20.507530142857142,2.706821757142857,23.48877257142857,-3.371153742857143,17.25345757142857,532.2532285714285,-166.71599642857146,-174.5167905357143,-145.0667875,-173.41478839285716,1.1815946428571822,133.09117857142863
1148,1148,that's,418.605,418.805,0.831,2.3170590166666662,-5.308572058333334,1.1840206833333335,-7.140512166666666,21.944060750000002,801.7081308333333,-82.93160958041956,193.5160647377622,-33.62657779720279,54.410397027972024,-182.6545655594405,-1766.4028688811188
1149,1149,just,418.845,418.985,0.874,-0.7450241444444444,20.601628277777777,7.204319266666666,2.6336359777777782,15.145065555555554,780.974561111111,171.28075933333338,-13.75412708333334,-165.78986450000002,142.40243408333336,-113.40187833333334,-2644.966808333334
1150,1150,the,419.025,419.106,0.833,14.941260999999999,5.537546383333333,17.001184916666666,8.53629195,7.0115273333333334,1145.10965,133.53392857142856,-1.028045571428567,10.98103642857144,-79.23450528571429,-180.29641714285714,2278.871571428572
1151,1151,"beginning,",419.146,419.506,0.846,16.368576224999998,4.906662365,44.81610455,-10.759559655,5.4933774,723.21345,17.935847424812028,2.5112728157894733,-2.8535529699248103,-40.04185626691731,5.303778571428574,-2175.304532330828
1152,1152,okay?,419.566,419.787,0.67,18.895601214285715,3.21386021,22.917839949999998,-3.2116870071428574,14.459109,560.9116492857144,-114.341328021978,76.76539507472525,65.19680464835163,-50.35134554065933,88.39159846153845,592.7736208791208
1153,1153,So,419.807,419.847,0.016,-7.1568268,34.73049866666667,4.7692948,12.163713333333334,12.053990666666666,449.00497333333334,403.62198999999987,-423.5300499999998,6.257265000000009,-87.91074999999995,904.0492999999996,5541.73875
1154,1154,that's,419.867,420.067,0.664,14.955804694545453,5.846512840363636,5.0055808636363635,-3.7750404909090918,17.324676545454544,481.3809945454546,-117.35852585454549,226.42051205636372,1.3382585,252.17820077272737,-257.34596,-474.86705909090927
1155,1155,the,420.107,420.167,0.991,11.59560884,19.5876057,18.391448200000003,2.9942214799999998,39.4225054,783.2240520000001,362.64473200000003,7.931354999999959,24.61163999999999,-150.6339545,-72.50556999999999,6238.186750000002
1156,1156,dash,420.207,420.467,0.972,6.929661933333333,-6.09501574,21.839089066666666,-8.86236672,22.44627893333333,669.2140253333333,-121.32299589285714,23.069176375000005,3.449650178571432,-10.6958579642857,-123.7831626785714,621.5596285714286
1157,1157,cam,420.487,420.728,0.731,20.77776256153846,0.43743409999999894,26.77916107692308,1.0673208030769223,19.75309169230769,712.7978369230768,169.19306324175824,70.30298744505492,-49.4956087912088,160.85946414285715,-43.93889560439559,-749.7474203296705
1158,1158,footage.,420.748,421.128,0.798,18.864672,4.87945733,32.362115579999994,-7.286343923,12.11805545,536.8700654999999,-58.49232744360903,1.523123473684205,86.08743482706768,-37.579852420300746,-46.552265150375945,-805.2388552631579
1159,1159,Let's,421.809,421.989,0.78,13.283930939534883,13.033586772093026,22.546770988372092,10.744110734883721,3.562730581395349,944.6438081395348,38.0307559128662,2.8310954945635762,-50.619021368166706,-8.456251206584112,17.942475067955296,-245.3496393838719
1160,1160,get,422.009,422.13,0.834,13.295980771428571,-5.598184785714284,19.153406571428572,-4.047169342857143,17.798471,672.1335528571428,127.59825214285713,222.8284169642857,69.28255178571432,-132.1427085714286,-222.11588749999996,-167.50508928571426
1161,1161,to,422.15,422.25,0.516,1.4363078999999999,36.294914166666665,-5.492542966666666,22.445124000000003,20.075166166666666,842.5377450000001,-58.465286285714306,262.26067,39.616736,95.16094000000002,-174.73725285714286,4122.824842857142
1162,1162,some,422.27,422.41,0.865,19.398228333333336,8.667380544444445,2.812444677777778,-1.0395789355555556,34.575370777777785,989.7935277777779,305.2174975000001,-243.97440866666662,68.15145816666669,-267.22233011666674,112.16528750000002,-2305.6925833333335
1163,1163,of,422.43,422.47,0.998,33.0896,14.813071,13.7852625,3.08770565,31.5252605,1083.1006499999999,40.74600000000001,790.0612999999996,136.27974999999984,673.8943349999996,-453.66134999999997,1592.9250000000018
1164,1164,the,422.51,422.59,0.836,19.374838166666667,6.941893733333333,46.602929499999995,-14.022266699999998,18.41231983333333,846.8685933333333,-193.7796757142857,-243.19683999999995,496.72863,-510.3337185714286,-160.9729614285715,-5679.8204000000005
1165,1165,other,422.73,422.951,0.877,19.190750515789475,-1.2966680192105262,12.192413289473684,-10.890982178789477,19.118242263157896,723.376992631579,13.878334228070178,34.70952754078948,-35.125217807017556,155.51661651043864,7.718022192982449,1699.7177008771932
1166,1166,"footage,",422.991,423.311,0.775,10.914186305555557,1.0466146199999997,32.774256300000005,8.828053668333332,0.0,638.304435,-55.79119431888546,10.427593356037162,148.05938690402482,3.5612267951496457,0.0,-757.6888911248709
1167,1167,okay?,423.391,423.692,0.715,22.56728705263158,-2.3135291000000002,31.24223936842105,-3.2813278999999995,17.351398052631577,610.0033089473685,1.449819912280701,59.150500859649135,115.332915877193,-38.88466616666667,-45.81339517543861,-687.6985982456141
1168,1168,This,423.732,423.872,0.866,8.017915771111111,27.453787722222224,11.505914855555554,19.317340933333334,26.28810122222222,600.1844244444445,-248.3029878666667,127.91313500000003,-206.47466116666672,105.79816766666667,46.735349166666715,-1059.9485249999998
1169,1169,is,423.932,424.012,0.678,14.056736857142857,25.019809857142857,0.5886429957142862,12.147511485714286,38.58995828571428,909.0106814285715,-36.54706428571429,311.87093482142853,187.47762066071425,311.5264441071428,-45.3350160714286,1955.1819107142853
1170,1170,the,424.052,424.152,0.668,18.611017500000003,6.952631494285713,43.07242828571429,-14.220538942857143,37.533562714285715,1035.172104285714,37.257983928571406,-95.51356532142859,296.7265178571429,-329.1143192857143,-39.597176785714275,2207.1025178571426
1171,1171,body,424.252,424.553,0.983,17.281525525,-3.2507499550000007,31.342927942999996,-28.118303680000007,28.6755827,784.522526,-30.90631693609022,-40.528604875939855,58.90188901127821,-36.16396621804512,27.189362932330827,887.8596729323311
1172,1172,cam,424.593,424.813,0.881,17.9291737,-3.496169899999998,24.793347076923077,-3.6193745846153837,27.040294615384614,868.5248261538461,88.4545943131868,8.608746950549452,-103.40525906593405,158.9678857142857,-101.72808681318682,1327.6698104395603
1173,1173,footage,424.833,425.074,0.971,10.246788607692308,6.227519692307691,35.91274723076923,5.977037223076923,25.296029846153846,1010.4138307692306,-98.84206233516481,128.12058076923077,141.06560000000002,37.69673247252747,-96.68827032967032,-610.0501813186811
1174,1174,that,425.094,425.194,0.922,21.678269583333332,5.3167562,27.919031999999998,-7.509267915,17.187759,616.7865633333334,321.07475500000004,-131.3613168571428,-10.877208571428579,-208.64929247142857,-446.75906000000015,-7743.163171428573
1175,1175,we're,425.234,425.354,0.849,41.977052125,-1.1681287912500002,-2.0003338550000005,3.7043485812499997,17.053996375,667.421705,36.4357101190476,-36.22168883928569,-138.1545494047619,98.63437389880953,-163.22083988095233,-1300.5450952380952
1176,1176,about,425.374,425.554,0.89,21.303973399999997,-8.8354032275,13.13725767,-10.504621570000001,19.1239579,629.979777,-63.64225212121209,99.4240032651515,66.58193263636363,7.27109839393939,-237.0614051515151,-721.1895484848482
1177,1177,to,425.594,425.674,0.715,-11.440290166666665,14.82194795,41.311062,18.121038533333333,10.794158333333334,715.2217666666666,-45.19431857142855,-105.43664214285714,233.39605714285713,238.43104,-185.2293457142857,5681.668857142857
1178,1178,show,425.754,425.975,0.876,2.70864306,-7.741190086666667,24.700111666666672,-15.530538393333334,29.599338933333332,751.6100060000001,256.95149664285714,-103.53026801785711,-146.79734744642852,-223.64223933928568,158.10018142857137,49.45611785714324
1179,1179,"you,",426.035,426.215,0.823,15.877769883333334,-5.8103378391666665,42.793903,-30.473470583333334,39.20616733333333,922.3902758333335,109.34044961538461,4.187594260489509,-250.12439650349643,-9.778087937062939,-6.865444755244742,-3134.9820576923075
1180,1180,and,426.716,426.836,0.883,16.042778803225804,-0.24329612580645174,31.792077322580653,-5.612456472,14.508745612903226,696.4196974193549,-6.885297804435485,-27.35688585080645,28.735726814516127,-55.14954436838709,57.73062848790322,-455.1846477822581
1181,1181,it,426.916,426.976,0.82,15.076538571428571,-4.616863042857141,51.64361114285715,-32.24628871428571,15.964180714285716,385.8965442857143,73.01641785714287,151.9287966071428,54.14903214285713,167.487525,-400.0354125,24.75742857142864
1182,1182,shows,427.216,427.537,0.831,-5.736979957142858,0.9253133880714289,23.091681385714285,-13.093977385714284,19.36567242857143,788.9776064285716,45.00726539135194,-1.4781514515325687,-126.17123479474546,-67.77140962506842,58.89155648604269,813.7915481663929
1183,1183,how,427.597,427.737,0.786,19.620693020000004,-10.368569590000002,8.8740072,-10.20688046,30.775831999999998,825.2410550000001,175.14391460606055,90.12781784848481,-42.961458787878776,-294.84094769696964,171.0472424242424,661.1512030303026
1184,1184,the,427.777,427.917,0.651,13.148437666666666,6.841531600000001,47.539774477777776,-31.86494672222223,33.49871133333333,1017.9358755555555,-92.09730958333334,-5.998359416666665,305.826894,-335.46304766666674,-133.4700466666667,3041.912816666668
1185,1185,situation,428.398,428.919,0.913,10.7350675,15.2790337816,32.41430131612,-1.0758607912000007,15.476506899999999,717.7747525999999,-25.536848943097237,-24.464465086962786,7.548587072456177,-17.20523629253301,32.64647587274911,314.34867704681875
1186,1186,is,428.959,429.059,0.668,12.504367142857143,22.128298928571432,11.217836357142858,9.177062757142858,9.227078571428573,449.9665771428571,-47.40245714285717,151.81941250000006,-245.1022592857143,232.16499178571434,-288.96373214285717,999.1502857142854
1187,1187,"escalating,",429.179,429.68,0.963,24.917468335483868,9.035468138709676,16.13673462548387,7.786478315161289,12.586142032258063,630.075484516129,59.51995035483871,6.925123645161288,80.16896943306452,-14.940284771774195,-3.564040322580646,-38.06276572580647
1188,1188,okay?,429.76,429.94,0.35,28.135759923076915,-7.703301935384616,22.443426923076927,-5.38849187923077,22.06868792307693,617.3842153846153,-127.43986373626375,-62.12490333516482,110.88847637362636,-101.83392427197803,58.77052664835165,-997.4015357142857
1189,1189,"Okay,",429.94,430.02,0.0,22.639505,0.8708179999999996,49.106801,-5.347960225,16.01517525,354.3100875,81.01428000000004,279.2704000000001,10.294860000000002,474.56596150000024,-641.1712350000003,-1824.7089500000009
1190,1190,so,430.44,430.561,0.854,6.654759790925925,7.2950860814814815,20.652039648148147,2.31376919,7.627949518518519,713.9397074074075,-30.188035036935293,-3.9415303632478613,-40.9028682875458,-35.941005619963384,69.13608711843713,-126.00297771672774
1191,1191,about,430.601,430.781,0.748,20.190267818181816,-1.4195137727272729,1.9790136272727274,-26.073386636363637,25.741276545454546,702.1070500000001,-83.07744636363641,76.26076068181821,-35.62714900000001,104.06753572727273,-5.947523636363637,-1506.946577272728
1192,1192,16,430.601,430.781,0.748,20.190267818181816,-1.4195137727272729,1.9790136272727274,-26.073386636363637,25.741276545454546,702.1070500000001,0.0,0.0,0.0,0.0,0.0,0.0
1193,1193,and,431.181,431.261,0.552,2.3356695416666664,3.737142308333333,9.98391395,5.561634312500001,26.873703250000002,875.4541400000002,80.50376129565214,-138.2318022043478,49.14146369130433,-99.1636383717391,98.09756091304345,-296.2640082608695
1194,1194,a,431.281,431.301,0.914,18.821645500000002,-7.361893,9.4079535,-0.15433949999999985,40.6937265,951.2085,-172.43424999999993,179.20159999999993,357.06344999999976,806.2853499999995,-19.138650000000002,4559.700000000001
1195,1195,half,431.341,431.501,0.814,18.232592169999997,-6.591652240000002,-0.7602084329999996,9.42633073,23.698242900000004,903.40039,-107.45083778787877,286.57260715151506,-55.29063688181816,114.04798469696969,-290.72678757575756,365.1298242424244
1196,1196,minutes,431.542,431.762,0.803,14.50926556153846,6.779647969230769,29.992106323846162,-3.7040542807692307,25.503103923076928,534.5931384615384,-147.75219541208793,89.60465664835164,-53.18279228296702,33.799161332417576,-142.56162417582416,-1174.9433956043958
1197,1197,into,431.802,431.942,0.839,15.461179555555557,28.97245071111111,15.783473944444445,12.208248414444444,27.357612666666668,809.4960222222222,-7.971504166666663,212.58243150000007,-93.67789083333336,66.65009859166669,15.62516583333333,466.9962499999998
1198,1198,the,431.962,432.042,0.83,30.757976000000003,14.303177491400001,21.1403054,-7.846477760000001,20.3128476,736.0112799999999,126.88831000000003,19.093041999999983,164.12818000000007,-75.35525600000003,-513.04105,-4223.623
1199,1199,body,432.082,432.322,0.99,25.285936714285715,-4.0420095357142865,25.14276412857143,-24.148754457142854,25.551764142857145,545.7760521428571,-19.429879120879118,-11.237748384615385,183.24185083516483,109.57754764835163,-37.78388527472528,1447.1157791208789
1200,1200,cam,432.342,432.542,0.934,18.400674077272726,-1.2442205727272722,23.77807281818182,-2.9490304272727257,26.684061363636363,723.1490518181819,249.9918103863637,-55.626811000000004,-15.247316818181819,153.9190998636364,118.43505363636366,-541.6910772727276
1201,1201,"video,",432.562,432.923,0.881,26.408047105263158,4.0108968752631595,43.97294836842106,-2.102517152631579,27.160347684210524,581.28761,58.54508447368423,-78.9205120017544,-17.81444254385965,-55.124503394736855,15.695379210526317,-263.44466666666705
1202,1202,Jackson,432.983,433.523,0.87,10.699788899999998,-3.098952886666667,15.382500849666668,-1.2465947893333336,25.27427953333333,739.6134206666667,29.599611579532812,-1.678993626251388,7.098747464849838,-26.310643903003335,39.21937105672969,482.2497156840934
1203,1203,and,433.664,433.764,0.901,22.58246558333333,-4.1659754499999995,33.37498991666667,-13.631455230833334,14.807192749999999,625.8058041666667,-29.67834178321679,-72.09764195804196,27.33922115384617,-36.81276505769231,19.987793531468512,-2855.4649562937057
1204,1204,other,433.964,434.184,0.786,24.521879571428567,2.788366781428571,7.314553675238094,-8.342888861904763,24.045625952380952,781.6268428571427,9.926104805194807,-32.7618221577922,-71.99311209220777,68.1151966103896,55.48345012987013,1103.8893655844156
1205,1205,people,434.244,434.604,0.695,14.131877404761905,14.054991585714287,33.38377257142857,-23.34680062095238,19.338850476190473,801.1459866666667,38.45587782467533,15.037552201298702,-45.60939792207793,-276.3783057402597,39.49581571428571,-124.34807597402593
1206,1206,are,434.725,434.805,0.918,29.735746099999993,2.72219575,-6.286051639999999,-21.519869290000003,16.9720041,623.3662889999999,34.8419415151515,-92.61550633333331,-133.26735963636364,409.86448348484834,51.38849727272724,1222.1262575757569
1207,1207,crouched,434.945,435.365,0.877,9.965502395714285,2.114277592857143,5.271852967857143,-1.4393790548928573,12.177452964285711,708.7342775000001,-65.45298508538588,12.350004592227695,101.63624712233168,-17.500514047413787,4.703191365626708,470.15870320197047
1208,1208,over,435.545,435.745,0.838,26.367583526315787,14.470946794736838,8.994171184210527,-17.534102536842102,24.2008902631579,781.7326357894735,25.11187342105264,-16.509696043859652,-46.7205226140351,124.65820771929829,69.90137789473688,889.8608701754388
1209,1209,the,435.806,435.886,0.831,23.949889000000002,16.504438568314285,14.869874857142857,-0.11293708571428561,9.706969142857142,819.0961128571429,125.91684642857143,-73.45125714285716,17.470855357142863,-120.40556275,-182.18518035714283,-8127.378553571428
1210,1210,person,435.926,436.246,0.842,14.986953972222222,14.508420566666668,6.399355855555555,17.27695697777778,13.09892672222222,827.7988833333333,-19.31312386480908,104.33488953560372,103.34005813209494,-31.2328073271414,-14.23596073271413,-691.8808421052634
1211,1211,experiencing,436.306,436.987,0.892,11.641337064864864,10.53054745945946,21.342927296486486,7.642692137027026,26.09898456756757,875.530254054054,33.03424272996681,3.7237523210052133,-8.879741925082977,-7.3708006889521105,53.744223138928405,233.50344950213363
1212,1212,the,437.007,437.087,0.831,33.3002996,0.9169562599999999,15.1732586,-3.4816234,38.6009332,940.6101999999998,80.75883000000005,10.760264999999949,36.83546499999998,101.87519999999998,-20.988560000000053,1006.5245000000001
1213,1213,medical,437.127,437.387,0.858,25.5035276,-1.6130757000000004,13.86905212,-12.686309769333333,27.154057866666665,761.9279953333335,16.274829999999994,202.93240878571424,-50.11091283928571,-57.393934414285724,-24.621729107142862,100.27807321428553
1214,1214,emergency,437.447,438.008,0.829,16.023859583870966,13.15719235064516,22.478566170967742,2.9825884806451626,26.17004235483871,726.5714270967741,-46.452421955645164,22.73533806229838,73.231238125,13.537900794354842,-15.80146014112903,-256.55814415322584
1215,1215,when,438.368,438.508,0.777,19.355936416,2.4350635279999997,25.08613918,1.5809707679999994,11.939655679999998,792.9051496,18.73316155,-17.06583754230769,-48.61295700000001,-2.4510432846153827,76.17616053846153,447.01961538461535
1216,1216,the,438.528,438.608,0.839,6.881274280000001,8.60415,37.7481992,1.39773512,22.6998094,992.4306199999999,-165.7594395,52.30834449999998,201.07622500000002,211.02176400000002,-567.9783850000001,14396.120000000004
1217,1217,trooper,438.648,438.969,0.781,10.240865944444446,-2.9718858888888895,2.9187783333333344,7.597274536111112,25.309615666666662,874.7425061111112,207.73721615067078,-42.38599377708979,-195.56419353973175,-42.34964703044376,95.93241836945305,-354.7985103199177
1218,1218,appears,439.009,439.309,0.826,14.488045817647059,6.630083411764707,21.547113579411764,11.656462325294118,20.046242411764705,890.5657588235294,-133.6089425980392,37.42058906862745,86.84842022671569,-30.536766678921563,-3.5011044117647168,412.3678664215685
1219,1219,to,439.349,439.469,0.663,2.4104741249999995,23.0691885875,25.684167449999997,12.710986175,21.441529375000002,792.6774937499999,226.21835559523805,-205.65250113095237,302.4883302380952,-138.00748857142852,291.70924464285713,194.1853988095235
1220,1220,gesture,439.529,440.05,0.804,3.6779281689655168,7.299375989655172,21.89289960606897,2.6601349634482756,17.894061896551726,775.4422644827587,31.384268263546794,-31.630062012315264,-57.65707704768472,26.92006446305418,25.236428201970433,-60.806014285714255
1221,1221,toward,440.21,440.57,0.764,26.346818780769233,13.597527148461536,6.688200857692308,6.436281846153847,19.774953884615382,691.4834226923077,2.259145147008543,-12.498491554529908,-42.24936049401708,-46.68222704273503,78.7876754358974,567.9316487179486
1222,1222,Jackson,440.61,441.05,0.922,10.372782583333334,2.4793119605416662,15.369659075000001,5.819712591666668,20.994735666666667,737.40169125,22.56160547826086,62.32516016432608,-24.934267230434777,34.921867452173906,-3.8375507391304313,-465.2645023913041
1223,1223,to,441.111,441.231,0.502,15.499632400000001,23.1279581,27.90241438,12.063014944999999,16.8935569,761.805938,51.83466060606061,-1.531349999999999,81.26887836363636,-78.89152937878788,148.96157787878784,-81.54180606060588
1224,1224,get,441.291,441.471,0.937,23.062902691666665,-2.8586327049999993,29.157269166666666,-11.921320012833332,17.4291545,612.9166625,55.82083634615385,-118.2550707167832,-21.44229755244755,-39.72579260384615,-69.81838776223775,646.5970611888113
1225,1225,back.,441.551,441.851,0.867,25.32232542105263,-11.488983368421051,16.837105817894734,6.332770608947368,15.98388857894737,814.4741436842106,-32.67102657894738,-37.20053907017544,-28.714844487719297,25.766519227192983,-84.195015,280.8564842105265
1226,1226,"Okay,",442.212,442.452,0.641,21.20317709333333,7.820004506666666,26.088189366666665,15.322096973333332,9.935147666666667,808.1462936666668,22.47504161512792,-22.976618507230256,18.774467463848726,-112.6110964894327,41.820800800889884,-903.9164481646275
1227,1227,Jackson,442.912,443.253,0.811,6.4711151655,4.0735497075,21.17680391875,5.9381471705,13.87906645,768.25198075,6.964290601313321,3.091200444183865,-33.89329652978424,3.5691785259849915,48.90977140712946,310.73417199812377
1228,1228,"eventually,",443.573,443.953,0.987,12.618529834285717,-0.07704179428571419,23.993418939999998,-10.106421210571428,24.9321472,722.4051074285715,-29.517953750700265,24.584949183473384,6.634670449579831,-30.5919583072829,15.945809929971974,288.30055798319313
1229,1229,as,443.993,444.033,0.986,3.982139,26.298814417499997,34.024491,11.594122,33.74929325,476.698115,-395.81389000000013,891.3316749500004,-496.8599300000002,650.2414400000002,-20.777724999999993,3786.8229000000015
1230,1230,you,444.053,444.113,1.0,7.856936575,8.931082,42.640527250000005,3.008265175,8.4411955,733.2288675,245.06043550000007,-622.0921700000004,-154.38674500000005,218.57524350000006,-506.47173000000015,2953.4696499999995
1231,1231,can,444.133,444.233,0.982,12.756845499999999,25.291010533333335,23.78533033333333,22.96520778333333,17.106312166666665,705.7133316666667,-143.45339000000004,391.07760285714295,-238.13272,377.54816071428576,-444.1109328571429,3741.461557142857
1232,1232,see,444.273,444.374,0.928,6.472961342857142,11.6210395,26.672769624285717,11.547324357142857,31.814776857142856,1147.8247642857143,352.98148857142854,-378.88840589285707,294.8457694464286,-224.0263571428572,183.8688946428572,1865.3917857142847
1233,1233,there,444.394,444.554,0.881,34.086606555555555,-12.229044033333333,13.742697488888888,-6.777252644444443,33.82506011111111,633.15169,181.1136075,234.27044416666672,-251.70275375000006,175.163101,-32.76739833333333,2108.2764916666674
1234,1234,rises,444.614,444.994,0.819,18.085602245454545,9.579507313636363,8.725249627727273,6.203604836363636,27.225077545454543,592.9047277272728,-101.5626389497459,155.60492091191415,16.72540653839639,115.09968838509317,-70.67100942970075,-787.7062052512708
1235,1235,up,445.234,445.314,0.976,22.575037125,-2.1010299625,2.046261504625,-21.321004093750002,19.34306275,514.169558125,33.838255588235285,-43.28226992647059,52.02916528220588,-131.79481158088234,17.17655132352941,496.10484044117646
1236,1236,and,445.435,445.515,0.837,21.9670862,-1.19419522,29.870692900000005,-11.29942943,17.4286225,565.408991,-30.87237151515151,-39.6884415151515,238.94393969696964,-94.56999227272725,263.0293081818181,290.89812424242456
1237,1237,appears,445.555,445.915,0.882,8.640582000000002,10.428853835,30.387460725000004,6.36704695,13.822419700000001,794.131095,-56.90717248120301,69.91553096616542,-117.95354625939851,78.16594120300753,31.315117293233083,-223.03900075187985
1238,1238,to,445.975,446.055,0.764,11.175784928571428,32.30616928571428,14.183916199999999,16.699283071428574,10.942744285714285,586.6713428571428,385.10428125,-58.536775000000006,93.61560464285711,-51.644630357142844,-68.79991071428569,1952.4434107142856
1239,1239,be,446.095,446.195,0.949,14.000908857142859,7.1828584371428565,59.311477857142854,-22.30915614285714,26.39451785714286,1160.325442857143,-59.884985714285705,-3.354467214285738,203.5716553571429,-264.7675857142857,-334.68364821428565,-2478.4644642857143
1240,1240,confronting,446.275,446.856,0.961,12.369967393939394,-2.2433802909090903,21.727430845454542,0.12350492848484816,26.54813996969697,905.6920196969697,24.05577727606952,4.02141491477273,6.887921893382354,-72.34775316677809,64.56370822192514,-118.44450401069513
1241,1241,the,446.896,446.996,0.822,9.550162885714288,5.472876231999999,37.374540714285715,0.1855472857142857,17.275994714285712,995.0575342857143,-42.024980178571425,-9.805652335714312,197.40055178571427,106.02373303571429,-432.39510714285717,-1876.530285714286
1242,1242,trooper,447.016,447.336,0.786,17.17779523529412,0.35376370588235306,4.781657388235295,10.050841076470588,13.373777588235294,948.8364047058824,228.55555808823524,-46.66186556372549,-222.83592919117646,-106.54167904411764,-17.429239338235284,-528.7817279411764
1243,1243,angrily,447.637,448.177,0.889,24.037743430952382,1.8213685068095236,18.059694730952383,-19.023470229285714,30.99967138095239,766.7400588095237,-2.08145476825217,13.40255685449315,52.291006478810466,-21.009558919009805,8.592538181670848,66.81850810307108
1244,1244,and,448.197,448.257,0.0,18.48132175,6.5308013025000005,54.430895750000005,-28.393039,30.785386250000002,971.0745149999999,150.86807500000006,276.6445598500002,-122.5316450000001,255.39750000000012,-596.0119250000004,-6778.854100000002
1245,1245,is,449.098,449.198,0.596,11.17449750319149,9.17497863531915,27.708002531914897,4.286141239361702,14.03506159574468,822.2666176595744,-14.164181311285846,-5.170040934320075,-8.085001046484736,-20.149167159169757,50.88027751503238,131.19404700508787
1246,1246,then,449.258,449.538,0.835,19.64786535294118,-10.413469523529411,21.987973852941174,-16.50143151764706,38.174044823529414,818.241271764706,28.825176960784315,-81.00694009803922,-16.269226286764706,-85.85637672794118,48.54997107843137,-581.8164803921564
1247,1247,led,449.759,449.959,0.883,22.838759047619046,-0.28856055714285733,17.928269323809523,-19.735554014285714,19.565914666666668,690.4825419047618,-12.080695974025979,-81.38088357792208,19.491017214285716,16.107134779220775,2.5301316883116822,-892.2987097402596
1248,1248,away,450.059,450.399,0.869,25.48513763636364,-3.7052088513636368,32.06977907727273,-37.11584492863636,33.69302136363636,611.0395177272726,-36.097563523433095,-74.42281816516095,159.74772086109542,-16.50981639158667,17.782814398644827,-675.6704429700734
1249,1249,from,450.76,450.98,0.874,14.374615528620689,9.372750362068965,14.21051426,-3.6220636272413795,17.169959344827586,711.1245896551725,13.813749729556653,-45.213954347290624,-110.19416081625613,-46.12693654334974,102.59242613300492,259.080537684729
1250,1250,the,451.06,451.16,0.903,20.558531400000003,13.024984255555557,29.241920333333333,2.427313355555556,11.745825888888888,578.4091977777778,-195.20631466666674,-34.691538333333334,190.2082441666667,78.82650866666668,-209.68138333333337,-3035.4452166666674
1251,1251,trooper.,451.2,451.6,0.824,21.7350983,2.2079008645454556,9.294957181818186,12.028937023636361,6.26698825,655.7526113636363,210.04021398644835,-57.22690037436477,-138.46563929983066,-20.733311789949184,-22.153632763975164,-1088.2785299265952
1252,1252,"Okay,",451.62,452.141,0.691,25.576671444444447,15.304298985185184,23.46381631481481,11.544999070370372,13.805040407407407,773.2722307407407,-69.4017447802198,12.483797368742364,22.60279795787547,-72.10005670024422,43.99806300366302,-1303.2243330280835
1253,1253,so,452.161,452.201,0.002,1.0257761999999992,30.991995666666664,5.453240733333334,7.275761133333333,23.471223999999996,518.0435299999999,887.7440999999997,-510.24394999999976,34.10552749999998,-388.30013999999983,882.6292999999995,4922.600749999997
1254,1254,that's,452.241,452.401,0.81,14.62503705,4.0551325700000005,0.6833110499999998,-10.970827054999999,21.4755974,627.901809,-243.73844651515145,322.324635060606,-12.676846454545462,214.7960096818181,-170.3482363636363,-170.7295666666667
1255,1255,what,452.421,452.521,0.999,22.35460333333333,9.417139399999998,37.05184083333334,7.846493099999999,26.989378833333333,620.7736683333334,53.998545714285704,-132.5998051428571,370.9932014285714,-236.07468085714288,-136.64306428571427,-1559.884357142857
1256,1256,you,452.561,452.661,0.97,9.993812942857145,21.320277857142855,42.26999947142857,9.363134042857142,9.468630142857142,657.7350085714287,-413.18587928571424,393.4032160714286,-545.0081591071428,450.68091910714287,-177.79567678571422,6639.025696428571
1257,1257,see.,452.701,452.782,0.998,2.6853385,22.204880666666668,23.51207256666667,25.768047166666673,0.0,669.9037400000001,434.5804271428572,-273.67904,506.9118151428573,-438.8888442857143,0.0,-8001.772685714288
1258,1258,And,453.562,454.722,0.728,19.423695327010307,-1.7777835464948453,25.780487311134024,-6.971380438144329,19.212114835051548,759.4426829896909,4.945209494332529,-2.5728096284188946,-16.127603020704036,-16.285694213786037,15.442337237665694,-29.570836682095536
1259,1259,obviously,454.883,455.303,0.834,14.78783041724138,7.827754176551724,12.491822880344827,-12.101849971379309,30.810567586206894,840.311595862069,-46.058432568965515,35.767378134482755,63.37358674901477,59.914726715270916,19.21232490147782,943.3082980295566
1260,1260,it,455.323,455.383,0.774,19.38220725,-6.269943175,48.63180425,-22.352133000000002,37.740066999999996,588.9477925,110.43852500000006,-96.94873650000004,56.628394999999976,195.00522000000007,-5.506830000000032,-9222.418850000004
1261,1261,is,455.443,455.543,0.728,12.418087725,13.096053175,18.180623774999997,-6.56751003325,35.57710337500001,688.1972774999999,-165.54592202380948,386.27459630952376,-451.7090573809523,425.2281738916666,-43.48642678571427,5059.135976190475
1262,1262,a,455.563,455.603,0.5,11.698498666666667,9.8616578,27.581304333333335,2.1658904999999997,0.0,890.7599633333333,98.07947499999999,712.5809899999997,282.96657499999986,804.5300749999998,0.0,-12964.31374999999
1263,1263,chaotic,455.623,456.083,0.868,16.441661716666665,-11.255539570833333,27.075245310416665,-15.040598995833333,28.17334170833333,680.46945,8.950715308695647,22.66799547608695,-10.638774432391303,68.7689360369565,-48.263008152173896,53.20419652173918
1264,1264,scene,456.123,456.343,0.868,9.322310076923078,20.709408846153845,29.961083735384612,1.465740423076924,25.196650846153844,932.1063676923077,210.6997434065934,-94.88996291208791,169.14932555494508,-300.4130648351649,84.92170796703299,-1932.963741758242
1265,1265,to,456.383,456.443,0.756,9.806403,29.580019,10.091964200000001,13.645563999999998,0.0,879.3836519999999,235.37335499999998,99.64583000000002,81.660995,28.20584000000001,0.0,3804.0763
1266,1266,be,456.483,456.603,0.83,15.382877025,10.592722707500002,48.922664375,-7.504667187500001,22.335787125,1106.63414625,-132.61086940476187,-134.75731955952378,159.21027559523802,-84.39083660714279,-109.99325178571429,-1691.9378630952372
1267,1267,"fair,",456.663,456.963,0.87,17.695899122222226,-10.118474272222223,27.086778767777776,-1.6326077183333332,25.012609444444443,562.512563888889,152.7823680495356,-114.66528884932923,-41.02270364809083,-75.00025427708978,89.35104282765738,-1589.1398942208464
1268,1268,there's,457.023,457.223,0.848,23.272847073076925,16.294717053846153,16.603809415384614,11.77226282923077,17.804368153846156,765.602526923077,-115.28401157967033,178.81790898351647,-43.39873532967033,-15.236859087912087,5.095601098901095,51.777239010988765
1269,1269,a,457.263,457.303,0.499,34.591190749999996,21.673468749999998,8.242076149999999,-27.4047925,32.912141000000005,528.7421999999999,116.95197500000003,47.90325500000003,241.5037440000001,238.4184700000001,-6.008379999999998,-203.46399999999943
1270,1270,lot,457.343,457.563,0.788,24.198591384615384,0.503409530769231,10.081499453846154,-25.809548453846148,27.785581615384615,595.3090869230768,-36.81396510989012,-77.90725178571431,56.78594546703296,39.52015780219781,-82.06768901098901,116.09007142857138
1271,1271,going,457.603,457.884,0.856,28.3729876875,0.5618940818749993,21.655575412500003,-23.7345145,32.55118675,752.6888275000001,-7.828785073529408,-113.01670115808822,101.36266630882349,0.6623750441176339,21.042833088235298,-1136.1086529411764
1272,1272,on.,458.064,458.184,0.815,29.482039866666675,-5.381330480000001,14.329623746666664,-31.944183486666663,31.4888798,501.1209693333333,-3.4602669642857182,70.23586780357141,65.27228660714285,107.11305967857142,9.865059821428577,183.63667142857145
1273,1273,And,458.884,459.044,0.719,17.61832395348837,0.1983090497674417,33.371744069767445,2.7500169302325586,16.351905674418603,780.2882753488371,4.647425413772273,-19.35274305534582,6.81612420718816,-46.441001535789795,55.16370345061914,-311.5533260344307
1274,1274,in,459.944,460.044,0.859,21.528239872,18.711247122400003,32.68827158,-1.6631089980000002,10.791602619999999,681.6643968,-18.479799286434577,-13.710843839231693,2.7579773469387763,-27.240534170228088,36.7023616542617,128.8048986314526
1275,1275,the,460.084,460.164,0.864,22.944815333333334,1.9713104499999996,16.286466,-18.7344995,42.16814716666667,844.3611633333334,-8.58698571428569,-79.7240327142857,83.98811142857144,-6.7528528571428454,-31.993255714285688,-2453.5804571428575
1276,1276,midst,460.264,460.564,0.875,10.146370925,13.121474426999999,21.025163710000005,2.741377966199999,22.7406913,743.869547,-168.00989494360903,85.05901274210528,-27.894185218045124,166.2890961944361,-123.79722263157896,173.96855939849635
1277,1277,of,460.625,460.685,0.779,14.934713266666664,-0.7731793833333326,9.806187307833332,-12.314377166666668,32.467497333333334,723.587235,283.45883999999995,93.04812157142861,223.26342265571427,80.23513857142858,-310.40449714285717,4751.688385714287
1278,1278,that,460.745,460.905,0.899,19.099329909090912,-16.5596961,22.39936109090909,-11.009080048181817,20.45589127272727,637.6721945454545,-53.50310272727275,-155.10065986363642,34.19208727272728,-147.44272427727276,-155.29719909090915,-142.0577363636362
1279,1279,"chaos,",460.985,461.505,0.763,12.95708629,-3.7206539653333315,23.033839853333337,-18.614831323333327,20.268787133333333,604.7391810000001,-2.0558194048943266,44.85536699087876,-67.50391559065629,24.01813546273638,10.80386640711902,263.41444771968855
1280,1280,you,461.545,461.705,0.913,1.4382994499999995,34.8128053,36.694921199999996,6.55042435,13.549058399999998,729.139823,43.57765924242423,-16.779836666666665,-18.425484242424247,144.8936568181818,-83.06641454545455,-2340.2322454545456
1281,1281,see,461.725,461.905,0.876,1.1269121999999991,28.8793748,37.0440971,9.906788250000002,20.2420834,736.2787299999999,305.9100575757575,-235.8193915151515,259.4558524242424,-294.1385665757575,236.54281212121205,-3188.2150909090906
1282,1282,the,461.925,462.025,0.76,13.617055966666667,24.0645255,45.34340266666666,7.021907666666666,21.913652833333334,507.64079,-216.6542471428572,27.007990000000014,221.91624857142858,51.086377142857174,-377.9296157142858,-2723.7029142857136
1283,1283,trooper,462.045,462.545,0.871,22.942807,3.3485732692307693,8.531563214615385,8.042813496153844,22.470747461538465,815.20226,132.02511897435892,-63.959586126495694,-134.05120478461535,-50.727042856410236,52.32812676923076,-650.044598290598
1284,1284,constantly,463.145,463.826,0.839,22.8351302640625,1.8637133821875,12.3493892078125,-6.2978236875,18.326409906250003,687.7832921874999,-14.486580326808605,16.935386670856225,20.934125215086993,-15.721113318681317,10.181341776556776,64.31824942765567
1285,1285,having,463.906,464.186,0.906,19.815724502777776,-8.295744377777778,28.19439162777778,-7.590992288888888,27.914522833333333,682.2512055555557,58.3099040531476,59.89782020639836,37.432276836945306,-54.488534778121796,56.224821723426224,202.83788132094944
1286,1286,it,464.226,464.286,0.784,22.3916638,-14.61876694,37.166348000000006,-19.48259906,25.556771400000002,522.9554919999999,70.22517,-391.302053,-318.1211850000001,303.55540700000006,-326.77145000000013,-2348.9240000000004
1287,1287,out,464.386,464.506,0.998,22.74975181818182,-13.628038236363636,12.450382445454546,-19.013781063636362,0.0,575.9894909090909,55.42027590909092,223.35040168181828,30.687650954545457,-246.36360809090914,0.0,747.9194181818183
1288,1288,with,464.606,464.846,0.774,24.70850591176471,13.179346835294115,25.562967294117648,0.4104569764705884,15.224338764705882,612.8632470588236,-126.36476060049019,61.21320148284314,54.72326200980392,69.39421238970588,-49.31117303921568,-1789.1851960784315
1289,1289,Ronnie,465.166,465.446,0.753,28.158947776666665,-1.4538014566666664,20.106922653333335,-12.958153050666668,23.92042593333333,624.0974776666667,8.051247077864295,61.74744664849834,85.15801562625138,21.861031303225804,21.00475790878754,-80.10928309232476
1290,1290,"Jackson,",465.486,465.906,0.928,9.402434787565216,10.04583870521739,15.071950260434782,17.926176931304347,0.0,767.0923991304347,16.290765522924897,58.56791076185769,-29.600552750494064,56.98557816798417,0.0,-354.24081274703553
1291,1291,okay?,465.926,466.386,0.779,28.535530279166665,16.605689404166668,29.554446791666663,4.401013058333334,14.13182975,768.5809145833333,-53.68709202391303,-95.91604426739126,15.653787326086945,-91.10843375217388,65.13553378260868,-998.5185476086955
1292,1292,"Now,",467.127,467.287,0.915,14.462094511111106,2.9724132133333336,29.072794755555556,9.775682024444443,5.899211888888889,873.6200217777778,3.581997004084322,-38.117099632015815,-3.5145558102766823,-18.919944090250333,26.25106462450594,-247.45993267457195
1293,1293,After,468.681,468.941,0.876,20.283335673012047,16.766324043373494,17.947433919710846,19.841561773132533,6.594338999999999,893.9905027710843,-5.0610008955963215,-8.406566877754923,-16.376295823617816,-2.901772018492086,15.526784806473277,-90.15204086730198
1294,1294,escalating,469.121,469.781,0.897,13.91198407857143,6.265900500714286,14.441579769047616,-4.557632765952381,26.63200647619048,815.034910952381,3.516197023336843,3.4441620324527995,76.91511052386353,-46.59755390993436,40.584222024147145,869.9771409124056
1295,1295,the,469.841,469.941,0.952,15.775387924999999,18.710244875,19.4926920625,11.700218634999999,23.4425485,723.1100112500001,-319.26376369047614,169.65000178571427,-270.5736613690476,244.4750898333333,-153.4607452380952,-113.36727976190477
1296,1296,"situation,",469.981,470.742,0.789,6.754743715000001,5.061422673499999,36.06458501,-4.783641389,24.534902749999997,715.7220245000001,24.634254670731714,-32.2393534706379,37.991330614446525,-46.265961811257036,5.7905374015009405,-518.8692185741088
1297,1297,the,470.762,472.182,0.588,24.667094083333332,5.025728908333333,24.313835991666664,-0.5402010236111118,17.400737958333334,759.4236073611111,-12.665049511222584,-15.876334798218531,1.2603301680172339,-31.27156200438934,12.167305586372112,-123.5857382387934
1298,1298,tackling,472.262,472.782,0.901,14.629480036666667,-0.16935946499999985,17.83026452933333,-7.400876596999999,23.540787933333334,782.5280253333333,57.795734532814244,28.74447655116797,-1.8859291635150097,-101.29616216496106,64.34396989988878,864.0065890989989
1299,1299,and,472.902,472.982,0.91,17.27033395,-10.727450569999998,23.301082700000002,-14.511682400000002,20.9535204,589.510339,100.12643712121206,16.716410575757564,-81.91934272727269,110.77952666666664,250.80453515151513,-766.1534454545454
1300,1300,arrest,473.022,473.382,0.898,23.397351099999998,10.92397919,-7.07474265,8.341896369999999,22.81577625,788.4016285,-176.69376203007522,97.41028973684209,13.048474977443604,94.2578139849624,-104.55555469924813,385.45079436090253
1301,1301,take,473.442,473.642,0.799,13.846615146153844,17.20842650769231,27.467397915384616,3.6384738769230776,9.430843692307691,794.9457292307694,116.62213516483516,-102.98528104395605,71.45470730769232,-91.687465467033,-17.877482417582414,-1581.4849148351652
1302,1302,place.,473.682,473.942,0.777,11.908534173333335,9.276382326666667,19.4299474,3.0891544866666663,0.0,735.0444946666665,-72.78579482142857,74.19112944642856,3.536150803571435,83.75488694642857,0.0,320.7076178571429
1303,1303,So,474.182,474.302,0.827,1.4191894483333332,11.274452705555554,21.411158955555557,9.493112769999998,8.936881388888889,866.3310727777778,-3.674981343137256,64.98843992260063,-59.55272775025801,-80.32567601547989,115.67356289989682,-231.98311609907125
1304,1304,the,474.342,474.422,0.991,19.543045333333335,5.852192166666666,17.689930999999998,-16.171283,39.39414466666667,765.0339866666667,-9.79923999999997,-297.81264942857143,76.38640571428571,72.66274000000006,-7.677899999999993,-4512.085600000001
1305,1305,video,474.462,474.823,0.953,8.910691750000002,-4.76015507,25.185489386999997,-13.929553375000001,33.1777099,998.1026439999998,-17.946461488721805,-111.14869657894741,-77.21719903984963,-51.919057875939856,-32.04359556390978,-826.5060488721804
1306,1306,shows,474.883,475.203,0.74,2.693396789473684,5.552257015789474,18.803932415789472,-14.988529531578948,22.60732963157895,777.4613363157895,115.49762543859647,41.54057692105265,-60.43999521052632,-77.14556133333335,33.92251947368422,-638.9915561403509
1307,1307,two,475.303,475.483,0.634,-2.8988530000000003,17.94349557857143,15.383003138285714,-6.042264785714286,14.750214357142855,799.5750564285715,263.4512059340659,-132.21892398901096,-88.22850411516481,-275.80190432967026,113.32689461538457,-11.514642857142903
1308,1308,officers,475.583,476.023,0.815,7.01531759,11.394720211111112,11.01181274074074,-7.625106279629627,21.97623585185185,656.0507537037038,-55.6173354441392,64.16198436813188,47.599392133699645,142.27405274420028,-37.51057731990233,461.4307487789989
1309,1309,taking,476.083,476.403,0.889,10.68998867368421,14.148313731578947,38.19744170526316,-14.865226578947372,19.07088047368421,768.8993905263158,121.29971319298248,-44.19947368421053,77.94231817543861,-93.06533078947372,59.19027201754388,1326.5604482456142
1310,1310,Jackson,476.443,476.943,0.829,13.20071091111111,1.4341667925925923,19.198220292592595,6.569683277777779,22.05742722222222,712.3490685185185,16.651078534798543,12.479387854090358,3.794914420024425,-4.4009988156288165,37.03049130036631,-385.50165079365087
1311,1311,to,476.963,477.003,0.0,36.268754333333334,12.807674833333332,35.824962666666664,8.317802666666667,37.173051333333326,782.4524233333333,31.40832500000011,85.89439999999992,-15.807350000000035,34.237574999999985,6.019500000000019,10734.590749999994
1312,1312,the,477.323,477.563,0.61,22.518743260714285,16.82350045357143,21.080494449642856,8.397983232142858,19.435868607142858,761.6748007142859,-54.95741439928845,-54.115018197865346,-10.30192584906951,-51.41904238779419,27.201557895457032,432.4318483853312
1313,1313,"ground,",477.603,477.983,0.866,30.07476652380952,-12.775629776190474,9.729094247619047,-7.460794673809524,33.845850619047624,710.9812099999999,26.19358279220779,34.350036792207796,43.95675557792208,-39.44172711688312,26.653134415584418,-143.27346493506502
1314,1314,"okay,",478.263,478.463,0.755,16.665278716666666,12.985227770833333,24.767614041666665,-0.9726534208333332,12.345136124999998,684.6892054166666,42.77314176521738,-104.51248482826084,18.28807436956521,-47.570243784782605,62.02853280434782,-849.7617719565217
1315,1315,that's,478.483,478.643,0.682,15.255583633333332,3.925717911111111,10.560519366666666,-4.3084001,22.51768188888889,655.8212644444444,-154.29169991666672,255.7292386666667,-266.278314,24.33859566666669,-250.41402250000002,338.4404583333335
1316,1316,what,478.663,478.743,0.419,10.1199245,17.825290059999997,20.44737766,8.22738278,29.424174599999997,457.599046,529.0488925,-519.6675365,568.7382820000003,-77.67316650000004,349.53878500000013,-2582.0363
1317,1317,you're,478.763,478.903,0.833,35.710261625,-2.9312086125,18.782865875,-1.64855789375,35.633212875,726.74913375,196.72128988095238,54.58660636904762,-342.7494851190475,-103.83097157738096,-14.655425595238098,3410.0777440476186
1318,1318,watching,478.924,479.184,0.869,14.383481078571426,9.62999232857143,15.878276064285714,-10.286340842857141,24.99537642857143,612.76595,-57.80545638461537,193.85401848351646,77.95717943956043,231.29393951648353,3.769323516483518,1159.783859340659
1319,1319,right,479.224,479.364,0.817,30.40438744444445,-10.997479255555554,25.73225337777778,-10.512033755555557,33.92554233333333,679.1771366666667,-61.98515583333334,124.92555350000004,446.3653870000001,-121.81993700000002,-22.553973333333335,-1203.365266666667
1320,1320,now,479.404,479.604,0.819,26.059504583333336,-12.088544975,20.518397216666667,-9.147798983333333,29.519045000000002,572.9490233333333,67.82943793706293,-88.29668438811187,-192.81423416083913,-67.31608276223776,-74.67207692307692,-257.503076923077
1321,1321,and,479.664,479.764,0.792,29.402348625000002,2.5067988750000003,29.923831500000006,-12.49985871875,25.491662875000003,554.8594875,-170.95867440476184,120.50996499999998,274.7780523809523,182.4708864583333,239.2658470238095,2446.9675238095233
1322,1322,handcuffing,479.804,480.344,0.815,19.10440677586207,3.1031122482758624,24.90121310517241,-8.048358038965517,27.256081586206896,770.7862055172413,16.61319322660098,40.31988702463053,1.5851420110837535,10.166058401970442,-13.19716199507389,-133.20790837438406
1323,1323,"him,",480.384,480.544,0.887,19.063512499999998,0.6665080200000002,38.2682559,-11.863682620000002,33.987522999999996,753.6842200000001,123.05978575757572,-128.74054951515146,-0.3585603030302862,-16.622590666666657,-5.098997575757594,-1251.7173757575754
1324,1324,holding,481.044,481.344,0.943,14.241554498400001,7.91948549,15.764014979999999,-14.08025023575,15.843099975000001,761.344057,-14.937238213883678,16.426597718574104,-17.404900289868667,-87.58814516477486,64.29869487335834,76.3228459662289
1325,1325,him,481.384,481.484,0.998,18.44045132857143,0.2537681142857142,25.84975442857143,-22.634664285714287,43.82619271428571,690.9253314285714,193.55999642857142,-34.9868885714286,-223.4917053571429,165.11271607142854,-26.290799999999997,-539.2306607142863
1326,1326,to,481.544,481.624,0.748,10.698429114285716,21.545308714285717,7.786909042857142,4.614556528571428,23.063349,690.1221642857143,154.88915428571426,-55.01068392857144,-190.66067982142854,71.37440267857143,415.81735714285713,2207.019232142857
1327,1327,the,481.664,481.724,0.999,22.896299199999998,4.89997326,23.450641,-8.900876455999999,31.084422999999997,725.686108,172.22958500000004,17.832161499999952,194.51247500000002,-164.2591278,-419.55559000000017,-5355.7722
1328,1328,ground,481.764,482.144,0.807,25.77689542857142,-11.898211824285713,9.845641466666669,-7.343230359999999,29.435892190476196,672.5247461904761,-15.089308636363633,25.507287220129882,57.5707698051948,-29.090752087012987,-2.8655342207792214,671.7875201298699
1329,1329,with,482.324,482.504,0.854,24.46272361111111,15.793588805555556,22.780942499999995,-0.8040908277777776,20.08333861111111,735.4364138888889,-84.9204564396285,-71.24128862229104,65.51842014447884,-62.264386960784314,9.110003353973166,189.8922079463364
1330,1330,his,482.564,482.704,0.738,3.6447204799999993,15.930958660000002,19.130574269999997,8.16799954,24.377396400000002,767.333754,-145.3728218181818,234.87769090909086,-145.30349990909085,222.47678593939392,-293.1947987878787,-1362.7119696969698
1331,1331,face,482.804,483.105,0.871,1.361956173,13.329606644999998,27.153739129999998,0.5657265999999993,17.99947645,864.3401835000001,14.325065690977441,69.8957995225564,19.425727142857145,-9.694113082706773,14.959579436090229,-645.8803041353383
1332,1332,down.,483.165,483.505,0.813,22.934435344999997,-3.5270815900000003,15.47260291,-5.121427604999999,26.7470394,646.9009605,127.8397146428571,-49.19282224060151,-55.784572729323315,-67.81226821428571,59.78927368421054,-224.9912424812029
1333,1333,It's,484.165,484.325,0.761,12.577926207317075,16.50367453170732,30.054226768292686,12.766694739024391,7.609130792682927,890.32501902439,-22.682762648954704,9.03896261759582,-1.6271968423344945,-0.7786862918118472,16.665613384146337,-259.3847552264809
1334,1334,not,484.385,484.585,0.873,16.83394182307692,-14.782204453846154,8.827287176923077,-14.268611707692308,35.217002923076926,817.298096923077,-87.20498947802197,-204.4434086813187,-85.10113585164835,-175.91741142857143,-105.3269585164835,-1384.5554862637368
1335,1335,until,484.685,484.985,0.803,15.988684269999998,10.0450597,5.64580405,-8.844124065,24.495653800000003,815.407172,-14.88286839849624,51.859359992481195,-45.37117666917295,-15.345771304511294,-1.5185271428571403,448.3256413533835
1336,1336,50,484.685,484.985,0.803,15.988684269999998,10.0450597,5.64580405,-8.844124065,24.495653800000003,815.407172,0.0,0.0,0.0,0.0,0.0,0.0
1337,1337,seconds,485.445,485.825,0.803,11.25520649047619,15.364374489761904,23.701465479285712,7.680255535714286,21.07772704761905,850.7754002380954,26.254299859006554,0.7964285111822409,-12.655546518231905,9.886512776517295,25.073505518191393,8.872453893525611
1338,1338,later,486.025,486.465,0.839,25.72074909375,0.47146376562500003,15.564667465625002,-12.602632615625001,36.787645375000004,809.713140625,16.769126310483873,-94.57980442173756,-56.62849761821848,37.948406425036666,-3.5733397910557168,-501.6800324413491
1339,1339,that,486.645,486.785,0.868,25.5824698125,6.228715156249999,18.757853675,8.041041275,14.7988138125,521.619304375,-117.35490051470588,35.36452496323529,171.22806123529406,-104.37737411764704,-25.118026250000018,-236.11783897058805
1340,1340,Jackson,486.845,487.366,0.778,10.788428655172412,0.22480926827586198,16.730854370689652,0.4526120379310342,24.365113482758627,728.5975527586207,37.92796654679802,15.54694542857143,21.4677319864532,13.368553610837438,20.385891921182257,173.57937610837436
1341,1341,is,487.546,487.626,0.705,8.217169,8.91171931076923,47.41347784615384,-9.085078346153846,10.677826615384616,574.57214,-186.68087554945055,54.03035402747251,42.65231071428572,124.32057733516484,19.080610989011,1050.8487225274725
1342,1342,shown,487.666,487.966,0.785,12.188558647058823,-1.8616517564705877,28.251453058823532,-13.882069592941177,26.64400058823529,722.03898,261.7094555147059,-24.21664806862745,-88.68367377450978,-96.43577300735295,106.05479325980393,-52.432112745098124
1343,1343,standing,488.086,488.446,0.786,9.275561300000001,11.2829707,31.354040504166665,-1.0644101541666664,20.987151833333332,768.4758204166668,89.50538204347822,-87.22477746086955,135.6676943847826,-165.23869040652167,97.43613113043476,-1269.9040658695649
1344,1344,up,488.506,488.586,0.936,28.263017428571427,-9.43730008857143,8.88710317142857,-17.24746485714286,16.352135142857144,589.0600528571429,76.7322767857143,271.9964233571428,-60.71039464285717,311.53239142857143,-405.2958607142857,1317.722642857143
1345,1345,again.,488.646,488.946,0.774,16.347903194444445,-7.7791696166666675,37.06846311111111,-17.8280947,33.02337122222222,728.2658622222223,12.539945020639841,-38.408172750258004,-15.938575748194024,-36.75460078431372,33.37171393188855,-884.0306315789478
1346,1346,And,489.646,489.826,0.719,21.663924856818184,9.580520029545454,31.62678995454546,5.6264243325,16.562514977272727,861.2774415909093,-11.628283061663142,-12.802381366807612,-2.6104244749823806,-22.10065798713883,23.96359189217759,-578.9128640944327
1347,1347,by,490.246,490.366,0.832,25.798240814814815,1.1693142725925931,16.113231346666666,-6.689648614814814,19.169687925925928,617.2949348148148,-0.1700224358974362,11.687269387057395,23.765215544566548,31.335250155677663,-32.898581898656914,128.92703724053737
1348,1348,the,490.406,490.486,0.833,27.096233666666667,13.581525166666667,18.107694666666664,-13.578347899999999,29.032617666666667,777.3285850000001,156.36831142857145,18.19139571428572,-80.26424857142855,-216.8512882857143,241.36355142857144,2826.4455857142857
1349,1349,"way,",490.526,490.646,0.813,27.24313875,-6.581609050000001,33.5858547125,-21.1523764875,33.445905374999995,549.5892287500001,-142.51441904761901,16.92896964285715,338.7891068452381,92.75580160714283,-21.260843452380936,-1605.59931547619
1350,1350,there,490.666,490.826,0.708,31.305968333333333,2.507518988888889,21.436603162944444,-0.08159753333333322,28.914428555555553,755.8772777777777,159.16519000000005,-125.44331025000001,-337.1607262504167,-120.80008283333336,82.53009083333333,-1809.4726833333332
1351,1351,was,490.846,490.966,0.705,15.614363899999995,24.644076921428567,11.586016614285715,2.297666547142857,14.144087571428571,703.8339242857143,-626.4388155357143,436.9916082142857,48.785895535714275,168.19636373214286,-353.5542660714285,-3697.17169642857
1352,1352,for,491.006,491.126,0.875,6.5672248374999995,14.997193225,18.26454762125,12.273056324999999,12.817982624999999,969.1446825,128.77760696428567,-135.55706023809518,-44.66317727976191,182.8608144047619,60.47711964285712,3888.2568452380956
1353,1353,some,491.166,491.286,0.875,13.052377312499999,8.7704775,6.1641933912499995,-5.445600187500001,27.365838125000003,776.0788924999999,455.3177455357142,-256.29058571428567,-101.33733394642854,-179.8066973214285,250.98580892857137,-332.13441666666614
1354,1354,reason,491.326,491.567,0.833,19.777627848214287,19.340522407142856,28.626008000000002,8.893705767142857,28.278274214285716,566.6064,-14.606534222527479,88.45776790109886,41.98358153846152,-6.034949386813186,6.358267802197809,-1131.608002197802
1355,1355,no,491.667,491.967,0.991,34.46183035,8.03445409,21.40444526,-26.50746315,33.868900499999995,608.2366664999998,-33.95147710526316,13.3107492406015,-25.435061248120306,-284.5527128195489,0.5920662406015106,28.213857518797013
1356,1356,audio,492.147,492.527,0.961,29.295530071428576,2.1278983782142857,28.31737422857143,-28.34565531071429,22.81456246428571,503.5499228571428,14.573487712096332,-15.900372575944163,21.204612030651333,73.15138286945812,21.476400259989052,-48.97876546250683
1357,1357,in,492.607,492.667,0.972,29.396853,7.926404785714285,39.75816542857143,-2.429642571428571,22.97597485714286,509.00716571428575,41.02357678571426,257.0725178571428,100.7065607142857,342.75561607142856,291.18058928571435,-115.89753571428618
1358,1358,this,492.707,492.847,0.796,15.488275888888886,28.271825933333336,22.477130000000002,11.978442578444445,17.542449777777776,546.4279544444445,-397.14072166666676,207.5592801666667,-133.03828083333337,50.22734608333335,-264.8738475,1506.5802083333335
1359,1359,part,492.907,493.067,0.64,32.156182,8.888061681818185,5.943701545454545,11.718913954545455,22.005709,674.08999,228.80930090909098,-263.8327801363637,-122.5953216818182,68.11716236363638,157.36151318181822,-1142.7849636363637
1360,1360,of,493.087,493.147,0.748,32.79014325,20.57138675,17.545998,15.74053,0.0,535.893785,-10.27566499999998,135.14294500000005,-203.99573000000007,111.08538,0.0,2251.8245000000006
1361,1361,the,493.167,493.227,0.963,38.05957325,17.306994250000002,26.13800775,14.2105888,17.78374525,488.3423225,107.36312500000008,171.64086500000002,181.1239750000001,168.2847490000001,-11.697334999999983,-1063.6448500000008
1362,1362,"video,",493.247,493.687,0.932,26.60299704347826,0.614435967826087,35.18532109565217,-13.248209565217392,13.656421260869566,531.2226473913042,43.4117395750988,-62.697128971343844,-101.30218666007902,-104.55175738142289,-66.03086279644268,-512.9739846837944
1363,1363,but,494.407,494.507,0.872,22.94243592682927,0.29479452317073174,20.50488558536585,-0.5609085487804877,12.500674914634146,774.6396717073171,5.641893907665506,-8.154022823606272,4.3087389947735195,-44.986413295296174,44.51862412891987,-690.7939904181186
1364,1364,you,494.547,494.647,0.888,18.630979142857143,11.276429957142858,65.63391785714286,-17.4180479,33.345223857142855,801.9728285714284,127.0503875,-82.24250767857144,-140.4622410714285,397.63010964285706,-19.479446428571425,-321.7315714285724
1365,1365,do,494.687,494.847,0.954,12.82948901,18.96292269,41.668772,7.61606113,17.4612355,737.8410739999999,1.2897978484848729,-121.14370215151516,-46.79868727272727,34.95682924242423,51.43322393939392,1119.5361636363627
1366,1366,see,494.907,495.087,0.842,0.6418739999999991,23.959747691666664,31.139107500000005,6.3086548749999976,19.343591166666666,876.5870883333333,249.6052416083916,-150.86920942307688,281.00412937062936,-363.88272648601384,198.7333493006993,-2749.573486013985
1367,1367,him,495.147,495.367,0.834,31.785009857142857,-1.363835949999999,34.216316142857146,-8.80755492857143,28.74540457142857,610.4783542857143,103.69416395604392,-4.4568759692307705,-104.92360703296703,139.774797032967,-37.276581758241754,-1221.416048351648
1368,1368,getting,495.828,496.048,0.93,30.29803427941177,5.0606824088235305,26.008837435882356,-3.067680805882353,20.706810235294114,578.5769932352943,-27.739264144385018,13.993786161191743,32.37889372055003,-8.082868815889992,17.927657524828106,140.7803478227654
1369,1369,tackled,496.068,496.528,0.899,26.000720733333335,6.2381931291666675,10.034858641666666,-12.543076683333334,15.577145666666667,699.3587699999999,53.283422243478235,76.81071178478258,19.466738886956513,-145.35004877739127,11.022162521739128,-79.36974695652178
1370,1370,and,496.608,496.688,0.883,22.8919115,3.620917050000001,31.620763,0.8177536887500001,2.333521125,607.87600125,70.2643226190476,102.31403749999998,135.07721785714284,33.40996079166667,33.33601607142857,602.4703154761904
1371,1371,handcuffed.,496.728,497.208,0.929,17.783492700000004,2.953512224615385,21.884065965384618,12.647366675384616,2.3058346153846156,826.8132846153844,-7.667021497435892,56.88920405675211,-67.7208404153846,35.88183610461536,-24.5945465982906,267.2952287179486
1372,1372,"Okay,",497.839,498.079,0.61,17.40232270454546,18.3276568375,22.768279631818185,16.833087142500002,4.573512136363636,835.8850788636365,-0.6035529696969695,-46.54574555866807,3.05401571035941,-18.03354184704017,2.011956525722338,-377.27062596899225
1373,1373,so,498.539,498.659,0.865,-0.7748090896551719,2.831631431034482,16.600081686206895,8.407448396551725,5.367305068965518,792.9031089655172,8.16353743349754,-33.45651516748768,-4.265129768472904,-8.991788310344823,45.82490499999999,30.287205911330158
1374,1374,here's,498.699,498.88,0.889,14.128246118181817,5.6768914890909095,21.68284659090909,22.447166763636368,31.98358454545454,1093.1678054545455,-110.78758931818187,53.893523381818206,79.94346772727276,-195.67579190909098,-9.264180909090925,1346.5525636363643
1375,1375,my,498.92,499.02,0.986,23.61414185714285,-10.06656504,8.98404193857143,-2.1409633005714293,29.980956999999997,786.1384785714287,-26.226308928571413,-215.6740775714286,-98.55553073214286,81.76152537142855,-36.18153214285714,-6693.436303571429
1376,1376,analysis.,499.04,499.46,0.876,9.691721886363638,8.784942804545455,13.126007309090907,7.071935431818181,16.04006681818182,647.8369940909092,-136.4610682523998,119.32975332298139,3.1924456804065513,-66.39710496612085,-69.13182145680406,1028.7892526821008
1377,1377,"Again,",500.14,500.8,0.58,17.697625428358204,5.2365947050746255,16.809745538208954,2.6236506662686563,13.496200761194029,646.7989653731344,10.096563093622791,7.527239447681378,11.244686808045333,1.0660161096655758,18.697944764147177,22.332728410088595
1378,1378,we're,501.0,501.14,0.716,36.15880694117647,9.289650547058823,3.1795914958823523,7.1762071647058825,27.638553647058824,852.3101488235294,-2.7840333333333325,-86.76358827205883,76.71859909191174,51.331807855392164,-1.5422908088235279,723.078486519608
1379,1379,the,501.161,501.241,0.825,14.204999879999999,12.250884860000001,24.1319668,18.44126954,15.3245222,1048.336926,-201.03922100000003,266.5095535000001,-45.191675000000004,453.76611800000006,-390.63220000000007,-806.2985499999998
1380,1380,fairest,501.281,501.501,0.771,17.130773530769225,3.366360715384615,4.158521418461539,22.631851769230767,19.917696461538462,948.7184476923077,-32.45697884615384,97.62460423076921,134.35989315384614,38.87892554945054,-80.057214010989,837.4333434065934
1381,1381,show,501.521,501.661,0.848,4.890257374999999,-1.2175525575000004,15.7749151875,12.553026675,16.828355875,725.66866125,483.9138946428571,-20.472444202380945,-217.0132506547619,-216.4235410714285,230.84682916666665,480.7555892857142
1382,1382,in,501.681,501.761,0.32,34.6059504,-6.288047199999999,7.627538599999999,6.689570120000001,24.2451076,589.6034080000001,-8.603450000000024,-199.216045,182.05847800000004,339.145502,-18.78327000000001,-5410.013500000002
1383,1383,America.,501.781,502.061,0.793,32.801061666666676,-2.177148265066666,12.808902439999999,27.363009266666662,16.921574400000004,698.6326626666666,-29.599579464285707,25.972587777142863,12.575487553571431,56.01609732142856,-34.42713607142856,-336.3152964285713
1384,1384,He,502.121,502.201,0.616,8.176166028571428,29.699139,30.27470242857143,19.9602234,31.37053757142857,846.6316642857144,-43.7972675,-56.897248214285696,-112.59910714285712,-352.9373903571429,115.05218392857144,-3550.2040714285713
1385,1385,is,502.281,502.361,0.704,3.8614661749999994,16.1414495,8.4000093625,6.559106625,28.285044624999998,771.5635825,-84.3226414285714,111.89568154761903,-140.83803410714282,6.537170476190471,-88.69444821428571,3331.011678571428
1386,1386,a,502.401,502.441,0.572,23.083931249999996,6.677857475,8.24035398,15.226812575,33.344172,580.7589425,91.10254499999999,497.1980005000002,442.8293014000002,575.1672725000003,-119.34711000000011,1920.4090500000004
1387,1387,"doctor,",502.481,502.861,0.927,21.8065701,1.3531018840000002,2.0774409628571426,8.397810423809526,15.477148333333336,670.5170876190476,54.35126055844157,-17.56908585766233,10.553866575324676,52.33745403246753,-93.50998298701299,268.5677649350649
1388,1388,right?,502.921,503.141,0.691,27.006570392857153,-1.1487458803571429,23.921498749999994,15.816783714285714,9.902530357142856,759.4824114285714,-141.5381308241758,-13.683546579670324,351.9619409120879,25.618902197802196,32.983610000000006,1794.4612835164837
1389,1389,So,503.201,503.361,0.73,-2.019967409090911,12.400909878181817,16.382350545454543,3.7032279909090913,15.33292572727273,789.4707645454546,329.0779027272728,-111.8670110227273,-22.250094545454548,109.59743231818186,187.73376136363643,-3015.2960181818185
1390,1390,he,503.422,503.542,0.69,12.60788881111111,22.786005111111113,41.07286722222222,11.492607999999999,30.17384744444444,780.3251555555555,27.00827758333335,-115.98457250000004,17.6610975,-292.4423041666667,53.80461666666666,-1741.284083333334
1391,1391,might,503.642,503.862,0.826,19.14042451875,3.2137037462499998,16.601932575,-5.918470956249999,32.9396923125,670.3078425,-36.30340186029411,-63.63480430735292,-74.38885866176469,133.58597991911765,17.804461985294118,-778.0389191176471
1392,1392,"have,",503.882,504.042,0.948,21.702623666666668,0.08057353333333318,5.339185207777778,1.2804210600000003,32.975491222222225,942.1058199999999,85.79460000000002,232.91853341666672,96.12351544166671,-18.353399816666677,-44.11597416666666,-22.018500000000298
1393,1393,in,504.402,504.462,0.988,12.1859759,20.246337709523807,25.168058904761903,21.402572,10.965183952380952,742.9417352380952,51.70062147402598,-55.41429693506493,64.64129954545453,10.015323311688315,61.00769110389611,-483.82438961038963
1394,1394,his,504.482,504.642,0.809,9.427681,21.459253388888886,26.57279088888889,23.209346666666665,26.083737,611.4220588888888,-172.49922000000004,189.50104083333338,25.512855000000002,-61.243780833333346,-33.92575583333334,5277.4161416666675
1395,1395,whatever,504.722,505.082,0.84,27.388787763636365,8.239731218181818,5.238943927272727,6.068435642272728,28.333568909090904,903.0203709090907,11.81234289102202,-42.76565358554489,-61.761065725578774,29.237662955674768,13.42756747600226,-92.20309429700741
1396,1396,state,505.222,505.462,0.876,0.22869101578947348,16.934523209473685,27.256217731578946,5.1963716457894735,13.157154157894738,752.3825494736843,101.21542033333334,-36.64472509298247,91.63152625438599,32.28848758771931,106.28221166666667,-1482.4392429824563
1397,1397,he,505.482,505.582,0.788,15.84776766666667,19.776717916666666,43.212847333333336,13.582481166666666,26.671808666666664,690.7068250000001,83.37996000000003,-123.95355214285713,-330.8358171428572,-82.4474557142857,-10.190700000000014,2668.8445857142865
1398,1398,was,505.602,505.743,0.807,10.70329725,23.168260949999997,22.097254874999997,11.4203791,14.8005805,977.6576237500001,-373.24415714285703,222.51546690476187,102.90235654761902,-113.34889499999998,-130.13203095238092,1516.1397440476187
1399,1399,"in,",505.823,505.943,0.724,24.6348542,-5.91969704,30.223569400000002,14.62963,20.940480800000003,521.4700110000001,66.61856969696969,-56.52553854545453,22.642056969696966,52.80555333333331,-27.717021818181816,-879.013493939394
1400,1400,gone,506.343,506.543,0.927,12.26583708166667,-1.6816979843333333,16.313538096666672,8.062144456666667,10.770832500000001,714.5506449999999,16.697644940489432,-4.330712756952169,-33.04242610789766,-46.38125773859844,52.566664749721916,-226.2008802002224
1401,1401,to,506.563,506.643,0.724,14.873405,-1.8560825399999998,12.1011106,13.443333658,10.815097,566.0480279999999,-52.454360000000015,166.71675100000002,-81.07976000000001,508.6073056000001,-408.3103050000001,2681.9241499999994
1402,1402,help,506.683,506.883,0.917,16.643124375,17.3502289125,-3.7797648749999997,-8.639264124999999,10.550060416666666,571.1298766666667,53.25461197552446,139.21670569055945,56.91973302447551,-211.460209527972,-44.60578583916084,333.6297482517482
1403,1403,originally.,506.943,507.423,0.899,22.75125437037037,9.326592400000001,11.333254348148147,14.197017524814813,14.629652333333334,836.8283344444446,-13.022105158730165,-20.16753323260074,66.27903425213677,9.932759870879124,-37.263475091575096,-458.61436111111135
1404,1404,And,507.964,508.084,0.826,9.802962040606062,1.5185197700000002,22.9083866969697,17.92534704242424,9.963038393939394,713.2143466666666,21.317663781082885,20.00468818315508,22.09791039438503,-29.397023455882355,57.55143534425134,-849.1719717580215
1405,1405,so,508.204,508.444,0.924,8.672409666666667,13.430821602777776,17.03572438888889,-10.61167536777778,15.229686611111113,798.0352961111112,147.90685036119714,-44.36074265479877,-43.38725959752323,-106.26571323323013,109.35747538699691,159.67225128998973
1406,1406,as,508.664,508.724,0.736,20.619260285714287,9.798718846142856,21.569190857142853,7.910888357142857,15.583662357142858,921.76796,-142.68876835164835,-4.015993091208783,92.40035318681316,230.34619039560437,-19.050291098901088,1132.1419494505494
1407,1407,you're,508.744,508.864,0.002,1.71345607142857,19.327576571428573,28.051047714285712,23.353385857142857,21.476933857142853,1027.9489785714286,433.39552499999996,-239.3372517857143,-123.08001964285714,128.53980178571425,272.9547071428571,-5623.093571428571
1408,1408,going,508.884,508.984,0.203,25.727704666666668,-7.491226333333334,12.472090800000002,16.622680333333335,26.64447566666667,490.4897283333333,-57.583374285714314,218.2477171428571,-44.06474628571425,-159.8993742857143,-239.0468142857143,-4902.810728571429
1409,1409,to,509.004,509.044,0.0,-15.174665833333334,31.446402666666668,17.113386666666667,9.315064833333333,0.0,803.8872966666667,-559.0985124999997,-177.98814999999988,-220.07679999999988,-128.56913749999995,0.0,-8634.023499999996
1410,1410,see,509.064,509.184,0.669,4.3084231428571425,11.308761271428569,18.642503142857144,10.708377124285715,22.311833142857143,476.5117042857143,511.9148928571428,-44.42524071428572,44.28551964285714,260.171534625,260.6013857142857,652.2196071428564
1411,1411,later,509.224,509.404,0.959,24.257461272727276,1.3046136436363638,15.641332127272728,9.765497036363637,28.706534181818178,724.0481445454545,31.708402272727287,-120.93816435454546,48.300521363636385,131.5042762727273,-9.886062272727273,2606.3619863636372
1412,1412,with,509.444,509.544,0.85,37.202609571428574,8.008304057142857,21.1810251,5.240465968571429,23.55042057142857,966.9005214285714,-203.5317839285714,69.88033125,261.57290785714287,97.5382515,-20.123239285714273,1573.7276785714282
1413,1413,the,509.564,509.624,0.847,23.268362250000003,4.386573,34.38436825,27.718739749999997,16.51342,1091.2224250000002,-142.24312500000008,186.98949000000005,-58.78805500000008,344.7018950000001,-340.26008000000013,787.7395000000017
1414,1414,Trump,509.664,509.904,0.922,16.804288114285715,-2.4997463999999994,2.178837357142857,9.632667514285714,11.339229785714286,704.2516221428572,142.90699595604397,130.56447918681317,59.96482978021976,-23.952046782417575,-2.607293296703294,482.2627747252747
1415,1415,"tapes,",509.924,510.204,0.81,7.505832299999998,1.3558947866666666,26.151734266666665,24.811702203333333,9.654324866666666,762.5211493333334,-98.12637205357143,0.07080373214285934,12.788308214285712,-49.404371794642856,-55.98825178571428,1693.5710071428566
1416,1416,is,511.185,511.305,0.93,6.653084101818181,15.196989583636363,21.43244738909091,18.70332821072727,5.416661545454545,968.5852867272728,-4.746045613708516,-2.061894527777778,-6.866188426767679,24.49659004859308,18.328505901875907,-59.51333405483407
1417,1417,he,511.345,511.525,0.805,5.626786454545454,10.422406736363635,28.201166554545456,14.856653136363635,26.084129181818184,688.1760654545454,215.16108681818187,53.427676409090935,194.7217081363637,-45.60107181818182,124.63009681818183,-224.6883000000002
1418,1418,a,511.805,511.845,0.879,24.361546,13.6330219875,21.73977226875,15.7384484375,7.4348345625,801.358905,73.84570970588234,-113.9971070882353,-99.22188591911764,27.065494044117646,0.24442816176470605,-466.2457308823529
1419,1419,doctor?,511.885,512.265,0.865,27.174334714285713,-0.3924998190476189,0.6674292714285714,11.266143446666666,24.861413952380953,689.874107142857,7.692711688311683,23.44194853896104,-33.9777527012987,25.906706049350657,-22.537524805194806,1049.6345415584412
1420,1420,I,512.866,512.926,0.739,16.637003193939393,9.639055718181817,12.977057333333333,23.335530872727272,12.183172742424244,839.1127654545454,-13.434993776737972,-54.87911583723263,-28.45408244485294,-12.509874722593585,43.23223831885027,-191.2574583890375
1421,1421,don't,512.946,513.086,0.834,24.317706375,-13.764773912499999,6.6340693875,22.312176625,34.545564750000004,1085.3844,81.58143869047619,198.6584794642857,162.87259410714285,-34.843950595238105,-34.4996011904762,182.93333333333175
1422,1422,know,513.106,513.226,0.866,29.59579657142857,3.818480442857143,1.4269375285714285,-4.826144242857143,30.319429714285715,843.4016142857143,74.1628642857143,267.86514267857143,-86.19954482142857,-140.27172785714285,-18.42132142857144,-304.2674642857139
1423,1423,what's,513.266,513.866,0.875,17.052362246875,13.561855184375,2.224824209375,14.205187497187499,17.0693270625,769.0159759375001,0.7194044840542504,-27.363127929802058,-7.0218296691715585,-2.4775545517778577,-0.6937342008797656,-530.7371732954547
1424,1424,going,513.926,514.126,0.855,35.17553276923076,13.8517974,-0.8723831769230774,-1.30288416923077,26.404586076923074,681.1361715384616,-56.85828846153845,-65.67850818681318,-139.3308771153846,-5.7572417307692465,-0.30577142857143375,-637.1527967032969
1425,1425,on,514.186,514.286,0.83,28.4683615,4.6139997875,-4.979045950000001,8.185808987500002,25.280138,531.54212125,24.010494047619044,133.1280204166667,248.82295428571425,197.07868553571424,-10.174002380952375,3149.236470238094
1426,1426,in,514.326,514.386,0.538,27.116664800000002,13.741646120000002,18.588769000000003,27.211969599999996,23.808214399999997,714.951176,-4.692374999999986,210.720727,157.109305,189.80742500000002,-19.291459999999997,5180.603450000001
1427,1427,Ronnie,514.746,514.947,0.632,17.924837797857144,-1.6206630821428571,12.096009046428568,22.873037767857145,11.278282607142858,734.9173707142855,32.55802457334428,-10.363082814723592,16.10183669266557,-11.789522962506844,59.47624215927749,-1195.0306168582374
1428,1428,Jackson's,514.967,515.307,0.657,12.540082333333332,13.336926866666666,22.046866638888886,14.398461085555555,14.919812944444443,645.4828222222222,-9.798703818369454,155.87058116615069,-58.50383124355005,-78.42557720227039,27.21814143446853,493.4061403508772
1429,1429,mind.,515.327,515.547,0.866,18.937885833333333,4.4358072,5.832947770833333,-5.955354433333336,31.429765833333335,533.0279341666668,-41.16238986013986,-54.790847727272734,110.19821780594401,198.24507902097895,46.733598601398604,-219.5233129370631
1430,1430,But,515.647,515.827,0.933,17.680599121428575,10.586209649999999,10.381531685714288,1.2667572735714292,27.27397428571428,644.1600485714285,-114.85279528571428,-59.8172198131868,-202.8605048791209,-148.89075374615382,-46.1710879120879,-3393.217406593407
1431,1431,to,516.247,516.347,0.84,14.107944283076922,4.939794891923077,21.26629215384615,25.806099730769233,3.6063580384615386,881.5059199999998,-3.772330101880342,17.875944668547,13.943568410256404,1.304887025641023,32.255510068376054,584.8802735042733
1432,1432,be,516.367,516.467,0.854,10.656133233333334,8.701749816666668,22.13046316666667,24.146483333333332,23.530835333333332,945.1782383333333,-25.387105999999978,236.12712014285722,153.56680142857144,114.82819714285718,-412.8773285714286,1412.7779285714282
1433,1433,fair,516.487,516.647,0.778,11.166737073333334,5.524924141555555,-6.939045077777777,9.084606733333334,34.27076455555555,702.0344655555556,132.12772288333335,-62.198007960000005,-121.87170325000001,-201.5276544166667,129.8817066666667,-3354.1530083333337
1434,1434,to,516.667,516.707,0.114,17.934794333333333,1.2667721633333333,-15.303486999999999,18.50280366666667,37.207253333333334,937.9481166666666,-211.04197499999992,-52.23232274999998,129.30734999999993,-391.8476499999998,-25.907999999999895,8443.413749999994
1435,1435,"him,",516.727,516.787,0.289,17.00544025,15.44519025,-2.56330455,0.8919206250000005,34.73020775,909.3726800000001,124.05108500000001,271.6790950000001,399.0825270000001,439.36900750000007,-41.52431500000004,-1452.723300000001
1436,1436,he's,516.827,516.967,0.534,-7.342033255555555,17.576120411111113,36.01029644444444,25.207411722222226,14.309214333333337,1155.8486611111111,-320.18645333333336,56.880362416666685,198.09240250000005,-156.6643716666667,-271.820775,70.01558333333298
1437,1437,trained,517.027,517.268,0.91,-0.2908422366666675,-0.668329056666667,19.737578659333334,6.396768496000002,22.9598242,651.7558779999999,139.25957353571428,144.20472404464286,-9.478095764285717,-117.91308269642856,187.67261874999997,543.0143589285714
1438,1438,as,517.328,517.388,0.522,0.4617908666666664,22.058009283333334,15.523433666666667,11.40005,18.748595666666663,677.8434383333333,-238.81135257142853,337.010627,9.905614285714297,154.04790428571425,-170.04078571428568,10607.065185714286
1439,1439,a,517.448,517.488,0.594,15.288680199999998,6.7820743199999995,15.24673012,2.8796647573999996,28.324651199999998,528.82437,90.78861500000002,103.99308400000001,294.714469,203.08332933000003,-35.416315,4435.48265
1440,1440,doctor,517.508,518.048,0.875,21.321388375,0.8588135700000004,8.310526935714286,7.020768789285715,27.184253571428567,681.3802525000001,-9.393476780240828,55.13020522988505,79.11630622058019,62.89194983442801,-3.9801088943623393,457.635163245758
1441,1441,and,518.368,518.468,0.794,22.76876785714286,9.14407196190476,23.26992400952381,17.092361385714288,18.637914476190478,690.6972080952381,-26.87496467532468,-44.22201490909091,-11.60988832467532,-31.902379707792203,28.194464025974025,-1292.4888863636363
1442,1442,it's,518.688,518.768,0.474,11.472392973333333,14.026403576,26.216776100000008,22.243515800000004,14.643864,772.2623066666667,-106.16548828571426,100.93799287499999,-92.9033433035714,-12.413967142857137,-37.01596267857142,632.2080696428571
1443,1443,not,518.788,518.908,0.5,10.696940542857144,0.9502217000000004,-12.713108857142856,-7.226443914285714,23.768121571428573,543.2006557142856,173.64862750000003,-74.20446464285718,-101.4043339285714,-233.37074928571425,300.91502142857144,-1902.3935178571428
1444,1444,like,518.928,519.048,0.42,17.543576285714284,8.632780742857143,3.968927428571427,9.144682714285713,32.399043999999996,599.2869971428572,-15.796294642857164,-20.94579017857143,415.1021053571428,498.6145071428572,-25.84140535714286,5679.137232142857
1445,1445,a,519.068,519.108,0.739,29.663365666666664,14.067583666666666,19.506440833333333,29.051743000000002,19.915936666666667,807.63082,65.14182499999994,280.0610249999999,825.7931874999996,88.138375,-765.1399499999995,6179.7859999999955
1446,1446,PhD,519.128,519.409,0.734,1.649174320000001,16.352909599999997,30.28120046666667,20.7303328,20.07975606666667,642.11487,-127.06837278571423,27.805168571428574,59.94205892857142,-41.899508392857136,-108.70444803571426,1853.2542392857138
1447,1447,or,519.429,519.469,0.003,-3.7430777000000006,7.2461049,24.99441966666667,6.510978533333333,35.81416766666666,693.0640166666667,860.5001249999996,-405.6312149999999,-161.4917249999999,484.5419174999997,-21.256900000000012,-8853.679749999996
1448,1448,"anything,",519.489,519.669,0.206,21.339269899999998,0.22562246700000008,-0.2608917439999995,25.4196271,32.5544808,743.796814,15.68636696969696,61.48251700909089,54.67813244848482,61.64776636363636,-14.118390303030306,883.5454121212117
1449,1449,he's,519.689,519.829,0.463,6.884926612499999,23.773749,21.549868125,28.855580999999997,31.0473115,677.98520625,-51.93595982142857,174.62613809523808,14.906943452380935,-113.41747142857143,-2.456216666666663,4841.765625
1450,1450,a,519.849,519.869,0.623,24.651573,4.4124828,11.879546999999999,10.03232815,33.584496,910.46605,161.06889999999999,321.55674999999985,28.399999999999967,601.2889849999996,52.64319999999995,11273.804999999998
1451,1451,medical,519.929,520.209,0.903,17.709692352941175,2.889061529411765,-4.4479776,1.7560982529411768,26.841450764705886,800.3130011764706,-13.623159742647061,26.231071801470584,32.479370784313716,-64.21609654411765,-37.58937683823529,604.0334509803921
1452,1452,doctor.,520.249,520.609,0.828,22.445152450000002,-1.8411877970000006,9.126272250000001,6.1190332750000005,24.857997750000003,866.133194,19.608867706766915,-9.267408339097745,25.747236496240603,73.40074819924813,-29.56857462406015,1101.4881593984962
1453,1453,So,520.949,521.089,0.846,1.0611410333333335,4.5303459475,13.159893201083335,12.501348733750001,6.945860875000001,830.8794258333334,-19.214677004347823,15.985972017391301,-23.437683244043463,-50.02020802413041,68.7062163695652,-467.5951439130433
1454,1454,him,521.129,521.249,0.92,20.532990249999997,7.3709298174999995,7.856147637499999,10.429834399999999,32.540559,512.99803,137.14649285714282,16.95902705952381,157.99635505952378,-97.63157726190475,-146.19632499999997,2206.5415595238096
1455,1455,going,521.269,521.449,0.876,18.172077700000003,10.043196949999999,-9.780526510000001,-14.240301839999997,37.889858,840.0433019999998,-4.268184545454539,-39.738550939393924,26.468316939393926,118.35432496969695,-16.097486666666672,217.00520606060618
1456,1456,to,521.469,521.529,0.742,12.785693250000001,-3.2412824194999996,-3.328035,6.82862728,34.006721500000005,402.1433425,-91.05642500000005,448.8938716100002,-181.31687400000007,248.4906858000001,-23.519009999999952,2419.854350000001
1457,1457,help,521.569,521.77,0.779,17.46187125,17.619446341666666,-11.4535945,-26.186705525000004,26.698652916666664,577.6488008333333,42.719542832167825,94.78221540209789,169.63848006993,-141.89238344405592,-170.66018374125872,3050.1836765734265
1458,1458,in,521.97,522.05,0.942,18.809024571428573,10.075933678571428,11.014082229,6.833376074285716,15.95349592857143,582.1160521428571,41.03773384615385,-8.902231527472528,17.21409219978022,128.6123197978022,170.07803659340658,-39.42487582417572
1459,1459,the,522.09,522.25,0.905,21.4312903,-3.88045347,11.654242900000002,16.2842669,30.6739856,891.045673,-13.35547848484847,-107.21388378787876,-20.045549090909084,-14.227837878787867,-5.374698181818175,3195.2299666666663
1460,1460,"beginning,",522.35,522.71,0.809,15.29711179826087,7.7407160739130445,26.405145869565217,16.831086047086956,32.45914360869565,838.3791808695651,-44.102691405138316,4.051591986166005,-24.59476645256916,-92.60835236304344,21.841774851778656,-1894.7911047430825
1461,1461,nothing,522.97,523.21,0.926,15.220544003999999,11.445045368,19.676006039999997,2.2219308680000003,23.986672040000002,884.5119796,-48.36227789999999,-19.110428473076926,-91.63714311153846,-79.19685492692308,97.55443503846153,825.7141546153845
1462,1462,wrong,523.25,523.37,0.683,19.043953875,12.288913274999999,-12.324726850000001,-21.035114125,36.502057125,829.24973,-8.274586309523812,-61.77050702380953,74.91775559523808,16.121547023809523,-45.97343511904762,-653.9681428571424
1463,1463,with,523.39,523.47,0.582,21.014269000000002,12.4374924,23.2769664,-6.83879366,30.092945800000003,910.48723,-17.00464500000003,-132.43032499999998,316.1465600000001,425.6957725000001,-39.84954000000002,4189.684000000001
1464,1464,that.,523.49,523.59,0.245,22.66306833333333,-5.891218599999999,12.714859066666667,15.067149333333331,28.549460333333332,578.9402583333334,81.66250571428573,-111.81574057142858,133.44452114285716,53.40196285714286,14.813282857142871,-366.4504142857148
1465,1465,In,523.61,523.67,0.321,21.441364250000003,7.707219899999999,18.88423075,28.357574749999998,22.31721375,922.7235000000001,-243.470165,630.4235920000003,-6.618195000000022,247.170075,-446.6386750000002,10883.739000000003
1466,1466,"fact,",523.69,523.79,0.596,15.239369166666668,-3.098812283333333,-0.08532626166666635,9.004324355,34.617686166666665,686.4181250000001,30.551244285714294,2.35238214285716,180.49092975714288,44.15512724285714,-24.080601428571395,-2164.891157142856
1467,1467,it's,523.85,523.931,0.62,9.70768275,17.7396387375,10.921689574999998,20.52977975,24.69020775,934.8094675,-219.33000714285714,145.2888395833333,173.37430785714287,-96.97272738095236,-76.24387142857144,2081.7998690476197
1468,1468,a,523.951,523.991,0.477,19.865568666666668,3.179521233333334,21.049938666666666,18.642546333333332,24.060956333333333,940.8196133333335,8.632725000000002,91.65230749999994,-82.86399999999999,-174.30959999999993,155.91947499999998,-7317.978999999992
1469,1469,good,524.011,524.151,0.937,6.58789379125,4.991739118750001,10.7101426,-9.109688087499999,20.120923124999997,718.2714425,-76.14304469642855,116.25842318452379,85.49492011904759,78.10906303571426,-382.6293244047618,1407.2187857142858
1470,1470,"thing,",524.191,524.371,0.885,15.282757981818179,3.0947647000000003,23.52136232727273,16.159817209090907,11.010788727272727,540.1732081818183,136.43193822727278,10.99255013636364,168.7554116363637,110.13739295454548,136.7445463636364,1093.1218590909093
1471,1471,right?,524.411,524.611,0.434,27.617774750000006,-10.41719816,14.000489200425,6.655030808333333,16.595639000000002,509.70732666666663,-113.4092194055944,99.82606055244752,96.83639782414333,-12.861267325174824,-45.61502447552447,-1410.3331013986012
1472,1472,But,525.131,525.291,0.84,7.705465068235293,7.434034455882353,15.057066923529408,9.454951791764707,5.3075575882352934,806.2615420588236,6.07703817158136,-16.32437170588235,-28.980536016806713,13.757574829182577,28.962668968678376,404.2559890756301
1473,1473,now,525.431,525.651,0.935,16.712724427777776,0.964451056666667,7.501040893888889,-5.688456733333333,27.996596166666663,589.0326116666668,-38.81415377192984,20.29094465118679,-112.8490939891641,-186.27374367389064,107.48464019607843,-859.7606197110424
1474,1474,the,525.691,525.851,0.915,9.055935948999998,13.104682400000002,22.846793400000003,9.358680289999999,30.4449387,528.408395,-83.37509484545453,-25.98191818181818,59.653812727272715,96.29876566666661,-104.78891606060601,-1805.0074030303026
1475,1475,EMS,526.412,526.652,0.816,9.803655716,14.1320666415,21.8501904675,6.961032238499999,16.836982875,689.9370675,2.573267359287055,-27.16325502467167,-69.43326741791745,-15.896801944746716,29.093814770168855,-54.804251407129485
1476,1476,guys,526.672,526.912,0.495,6.231258492307693,14.92640613692308,5.119670176923078,10.180428027692304,30.299915846153848,725.2113561538463,-76.26296021978023,215.6708951703297,111.56967697802197,83.70343151648352,34.00071813186814,2562.8136346153847
1477,1477,have,526.932,527.012,0.058,19.2360466,19.9328046,26.836127999999995,20.0653434,17.634346,856.2433879999999,-11.169629999999989,120.81291000000006,117.72437000000001,198.6563550000001,-450.8078700000001,7775.348450000002
1478,1478,got,527.032,527.232,0.851,20.739005909090906,-8.864179132727273,-3.327380536363636,8.290149927272727,32.472225909090916,424.0406036363636,-19.19812272727274,38.356675309090924,-12.850210909090908,-23.9007275,9.062157727272727,-951.0928181818182
1479,1479,it,527.252,527.312,0.656,22.24178475,0.7249519249999998,19.835321999999998,35.347260750000004,15.58419325,942.758825,-193.27326500000007,338.20600150000007,6.581439999999983,193.938395,-127.77189500000001,2990.4035000000003
1480,1480,"handled,",527.352,527.772,0.835,21.686188413043475,13.94940234347826,16.580658213043478,-3.5506257304347826,28.53241369565217,700.4837408695653,68.4685291501976,43.086487766798406,44.254850978260855,-93.24440927865606,-2.6502559782608697,633.2216941699603
1481,1481,and,528.392,528.472,0.894,14.819767059999997,8.931272208857143,17.944131745714287,25.701992,6.643848085714286,926.4041925714284,3.822768152661063,15.9215819385154,-16.0000880140056,-7.3176657282913125,30.52634355742296,-103.51792198879544
1482,1482,then,528.492,528.632,0.79,10.3203929875,10.422417612499999,6.1447598999999995,13.163473925,34.8066685,927.4647912500001,-8.982171726190478,153.94275625,149.73406583333326,21.87879940476192,-20.25420833333333,-3232.6223035714283
1483,1483,he,528.652,528.732,0.44,9.07683194,25.295510200000002,20.6687392,9.83698136,34.470525800000004,825.08366,91.41217,-204.80537000000007,-21.31126500000004,-71.2515975,-13.304395000000007,8526.5175
1484,1484,makes,529.413,529.633,0.805,18.278497425555557,20.450834731111108,19.690615893333334,18.78378567777778,14.640492966666669,880.714190888889,-32.87692146706193,-16.03181988932807,-19.885628732542827,-12.260551580368908,19.0794688768116,95.96069769433468
1485,1485,it,529.693,529.753,0.748,19.898294500000002,9.48904359,12.08357906,2.4507198,33.628555666666664,808.0332316666667,192.23198714285712,256.12941757142863,56.89495194285716,65.75913714285718,-94.83291142857139,645.0617857142851
1486,1486,weirdly,529.813,530.233,0.914,22.056333229166665,12.640309763750002,8.749978106666665,14.247175401666667,31.394340416666665,745.4676320833333,-51.9709715543478,-6.281754266739127,12.851758911304346,-20.68939069304347,-20.41632043478261,-1030.7477315217386
1487,1487,personal.,530.353,530.893,0.92,15.584115596363635,8.558279889575756,1.0705994666666663,-3.3360745606060602,17.082640303030303,802.6903963636364,17.800435817513375,11.5885310496992,-1.6762426854946528,-49.736162179144394,32.20194035762032,193.1880240641712
1488,1488,And,531.033,531.113,0.863,26.38228581818182,11.316412181818183,12.74191399090909,0.6344213636363634,15.465037636363638,602.9463518181818,-112.9141454545455,-71.84678622727274,130.24226040909096,284.5649531818183,160.1285790909091,-1606.1551909090915
1489,1489,he's,531.153,531.273,0.853,-0.7663289250000007,30.509740375,17.808351000000002,28.202805500000004,15.849020625000001,743.24386875,-221.88761749999998,163.93275416666668,-63.15377142857142,103.56029642857142,-304.18890416666665,5948.997244047619
1490,1490,distracting,531.313,531.934,0.911,4.559316395757576,1.297364703939394,17.19925561666667,6.960243803030303,18.42517215151515,869.1143136363636,50.367365612967916,-11.036981496156418,4.419707212566844,-4.329290604946526,28.8379807987968,-829.8618044786098
1491,1491,from,532.014,532.214,0.852,14.54963005714286,14.2818846,7.832616910714285,7.118951735714285,20.439718571428575,861.6807607142855,83.70602584615382,-20.062188483516476,37.12703728021978,-10.874413813186809,85.9517958241758,418.17226483516487
1492,1492,helping,532.574,532.894,0.824,10.38836085882353,4.445975058823529,5.13131727382353,8.301468979411766,11.000161705882354,818.3837726470588,19.11410345148968,31.972056649350645,-3.1462969307104647,-35.3553387998472,55.2604911535523,44.78755714285713
1493,1493,the,532.934,533.014,0.812,28.522331499999996,8.700034566666666,22.233550166666664,31.85802533333333,25.690945000000003,977.2523749999999,43.07309571428571,71.07659514285716,116.0423785714286,224.81952571428565,-39.74049714285713,-1023.1223571428577
1494,1494,"girl,",533.074,533.594,0.748,24.91686013793104,16.421648155172413,-12.48861981724138,-22.471569618620688,31.106531620689655,798.7711927586206,-1.0580211330049254,56.24355236945812,34.31639222660098,-83.29181036699505,-8.47475485221675,-426.324225369458
1495,1495,which,533.654,533.774,0.999,20.476710666666673,18.7283855,20.9845757,1.8587490000000004,16.214270666666668,831.26858,-309.0980108333333,-59.24400375000001,9.981983916666662,278.605225,-245.64338750000005,2943.111000000001
1496,1496,is,533.834,533.894,0.725,0.7069468666666671,27.31116133333333,23.46417,8.955165599999999,29.969633666666667,1029.3026666666667,352.64905114285716,-13.81046857142859,-3.3923514285714216,125.40270571428573,-4.861457142857124,77.05542857142942
1497,1497,what,533.934,534.074,0.892,32.101662222222224,2.8598356333333337,8.895508938888888,8.195872900000001,24.07838122222222,967.6936777777778,21.74908083333335,-58.28633075000001,55.14444350000003,226.78590600000004,-189.60003583333338,1166.6870166666668
1498,1498,is,535.215,535.335,0.49,21.1866881325873,25.64494177777778,22.518303690476195,21.0785271984127,10.137245611111112,955.4084668253969,-6.370181093166763,13.017012924827192,7.758009923435104,0.864888778081798,23.98479530049924,58.5938266369048
1499,1499,the,535.355,535.435,0.884,27.8498226,5.00807814,22.621495799999998,0.12523076000000036,30.059999599999998,821.5303820000001,40.05771000000003,138.15363000000002,376.9858950000001,216.80827700000006,12.44035499999999,-937.8431000000003
1500,1500,most,535.475,535.635,0.724,8.822831859999999,17.404752799999997,3.5062603699999997,-12.967585496000002,20.0529551,962.722955,-213.75069503030295,82.9182418181818,96.76691409090907,173.05205911515148,-169.6419336363636,1539.5570151515144
1501,1501,important,535.675,535.995,0.915,23.37793261111111,10.967317056666666,1.5961437500000002,0.4235519900000004,24.310515944444447,928.822806111111,-21.6767713622291,-20.34446327863778,-41.12829785861714,27.908709705882355,-17.346577966976266,225.22812332301336
1502,1502,"thing,",536.035,536.195,0.931,22.710677529999998,8.235803311999998,19.91293566,12.7528784,20.3565569,595.3508380000001,196.919636090909,17.439219272727275,140.720841030303,111.38409775757573,102.3956136363636,-1152.3364181818179
1503,1503,right?,536.235,536.455,0.9,23.246777538461533,-3.2564678000000002,6.237705752615384,-1.710435169230769,23.281061384615384,530.2408238461538,-173.0838346153846,33.9805768131868,131.6156475912088,-20.494251675824177,130.2838505494505,351.55035164835175
1504,1504,I,536.475,536.495,0.001,16.265362500000002,8.212629,33.048686,11.973866999999998,0.0,865.02768,188.46144999999987,-241.73259999999993,358.8520999999996,174.45209999999992,0.0,-17148.391999999993
1505,1505,"mean,",537.096,537.236,0.822,19.769331243243244,10.833325194054051,22.100503035135137,20.00982852162162,10.047263540540541,647.2657024324326,-3.1211148055950697,-3.437096243717404,-17.18490012920816,-13.826564587482224,46.11513489805595,-216.88803176861083
1506,1506,especially,537.336,537.656,0.801,4.45602911904762,8.281458188571426,16.777210906666667,14.708841481904761,17.82373242857143,710.9862666666668,-17.83723524675324,-33.48326856883117,-1.6162459999999979,-11.388161974025973,44.369346493506484,1633.5303948051949
1507,1507,if,537.676,537.716,0.528,10.525699000000001,15.74391,19.317494333333332,23.172740333333333,24.085295333333335,1145.3633333333335,-276.2513499999999,95.30687499999993,-296.14897499999984,237.35174999999992,907.7681499999998,-241.07500000000067
1508,1508,you're,537.736,537.856,0.303,23.359219285714282,-0.4234490285714284,-5.424182857142857,19.627210428571427,32.75778171428572,933.0699114285715,182.59268214285714,-93.93527375,37.595657678571385,-96.82320000000001,-59.435485714285704,-3432.4725892857145
1509,1509,a,537.876,537.896,0.561,37.020649,6.3532196,24.6739545,39.195405,14.002224,708.2605599999999,32.156400000000204,344.00008999999983,40.01355000000008,157.76549999999995,-1400.2223999999992,17852.428999999993
1510,1510,"doctor,",537.936,538.176,0.803,18.483496357142858,-1.44034535,8.32128657142857,16.419802314285715,25.673271428571432,823.4251542857144,-37.384657032967034,65.98276968131866,87.42194191208787,156.74063092307688,-5.788887912087914,2426.8527450549445
1511,1511,you,538.216,538.316,0.883,18.853402999999997,19.540108999999998,14.547354714285714,26.426678314285713,30.806134000000004,895.33692,201.1276178571428,61.70442857142858,-361.46746464285707,-352.38964178571433,-1.1854571428571292,-603.2003214285719
1512,1512,want,538.336,538.436,0.573,26.2577885,-1.8311044000000003,6.83669165,8.099655833333333,31.093022666666666,814.5592449999999,15.363121428571421,-101.14585914285712,369.5538498571429,529.2373328571429,-6.864465714285691,-4127.988357142858
1513,1513,to,538.456,538.516,0.695,15.783181500000001,6.0100383625,34.081641499999996,33.0997785,30.687186750000002,1122.66094,63.510160000000006,206.54982425000009,-146.28567,157.91768000000013,8.009044999999999,2944.9486000000015
1514,1514,go,538.556,538.636,0.869,22.726558166666667,-1.0210839833333336,6.03628835,-4.773483000000001,29.597429,965.417615,177.48169000000001,5.646416428571432,-76.95041928571429,-400.1545057142857,-26.752757142857124,-640.2323857142857
1515,1515,help,538.696,538.856,0.919,18.17420899090909,6.6236582572727265,6.204277354545455,-11.29823993090909,16.747296545454546,691.2166836363635,-36.16899386363638,30.62560765454546,140.6194996818182,8.864671990909095,-143.90549545454547,733.4248636363639
1516,1516,the,538.876,538.936,0.84,22.390787500000002,7.588498275,28.774501500000003,26.123845000000003,20.18793625,1045.010525,86.18177000000003,225.5044715000001,55.28790000000001,322.23592000000014,-422.7637350000002,595.0145000000008
1517,1517,"girl,",538.976,539.277,0.884,20.36280505882353,4.1545484941176465,-7.15705789352941,-21.639763252941176,34.927087117647055,868.3508458823529,0.0955754901960792,38.184624779411756,119.2045469240196,-86.23218577205884,-20.00449963235294,-226.90302450980369
1518,1518,get,539.657,539.777,0.861,15.549898407999999,3.684893012,19.268837986399998,5.55917091304,26.79378336,947.9681936,-2.6144795653846185,-34.98222718461539,11.970031743076927,36.587281708846156,76.94002011538463,251.59693461538464
1519,1519,out,539.797,539.857,0.004,10.983270999999998,-6.43062635,-17.53738075,-7.96097875,36.48704575,390.75147,-183.10633000000004,247.49091900000008,-212.3178550000001,-316.68384500000013,0.6191149999999369,-4106.602500000001
1520,1520,of,539.877,539.917,0.288,15.142463333333334,9.458627233333333,-8.0909168,-13.869631333333333,35.62450466666667,431.13926666666674,-39.61412499999997,251.06698249999985,738.1658899999998,-123.54709999999997,-22.17914999999983,3740.151
1521,1521,the,539.937,540.017,0.83,21.315216,10.6910224,-0.16004209000000014,-27.5789904,35.5120686,938.77514,230.27366000000006,-5.650425000000004,-4.818548000000011,-73.57207500000001,26.461515000000023,-1726.605000000001
1522,1522,"way,",540.037,540.137,0.8,13.38115,2.586944907666666,-10.712651499999998,-7.525113776666667,36.01719566666666,1092.7766233333334,9.498814285714287,-9.169364237142851,231.36681,269.0664036285714,-28.789351428571408,1699.8198571428566
1523,1523,let,540.177,540.297,0.639,18.685006125,7.2185929262499995,5.00212685,-8.889924274999998,21.216037749999998,685.8448425,1.7016755952380833,62.73086832738094,91.83877940476188,243.14469249999993,-304.97988809523804,-3064.7362976190466
1524,1524,them,540.317,540.477,0.736,25.10227955555556,2.91483696,-0.4982680333333336,18.354566355555555,28.46098522222222,676.7245200000001,84.9445966666667,72.44794133333336,76.49859283333335,143.01976425,-121.92473583333336,4827.284550000001
1525,1525,help.,540.517,540.717,0.844,21.41939275,10.979147947,-13.653334141666667,-15.159043958333337,15.862024083333333,696.9150525,35.27371800699299,100.29390495874125,30.00591634615384,-163.69110725524476,-98.0393687062937,1527.1157045454543
1526,1526,And,540.777,540.857,0.944,17.158335285714287,10.286702285714284,-4.687920157142856,12.766697847142856,24.78045842857143,405.0915328571429,42.804717857142855,37.03272857142857,172.08153464285712,162.16110394642854,312.00065535714276,-554.120196428571
1527,1527,then,540.877,541.017,0.921,11.54188555,7.406300405,6.2925667875,8.598207587500001,36.84200250000001,582.63544,104.18046964285713,95.74775702380953,261.31701041666656,82.16118041666665,-4.246317857142838,645.982273809524
1528,1528,he,541.497,541.597,0.738,5.518428651724139,7.836079265517242,21.2662634,11.678505066551722,4.688021137931034,708.5072096551725,-2.0670270812807843,4.777036140394089,13.689166334975365,34.6085551458128,38.3764185960591,606.6260305418717
1529,1529,distracts,541.637,542.078,0.84,1.8516137375,1.0145613237500004,10.88245548958333,13.821235241666665,15.219283249999998,730.1521499999999,-16.014091893478255,5.284746373260866,-69.02429624847824,14.920335930434778,-31.745168869565198,387.89884173913026
1530,1530,the,542.118,542.198,0.951,17.799613666666666,4.912520993333334,5.966977145,24.6784895,11.478635000000002,752.400585,167.56449714285708,-62.16673228571429,188.22007418571428,240.40306142857142,-395.1365285714285,43.98247142857209
1531,1531,"cops,",542.238,542.638,0.798,9.42490455,1.604160602727273,-7.011612563636362,-7.329253722727272,17.511628909090913,614.4847136363636,-23.002057394127615,77.6182476787126,76.51923583850932,-12.720757501411628,-19.361632241671376,1454.423665725579
1532,1532,and,542.698,542.798,0.735,14.398129037500002,-0.3929994375000003,10.9576075625,8.993733425,29.677080750000002,498.9567775,286.3009729166666,-195.20469494047614,-5.715452678571426,86.54604297619046,142.61929285714282,-1042.7162976190475
1533,1533,everyone,542.838,543.178,0.873,24.311178999999996,6.033514236842105,-0.5117371363157891,-0.15702056210526313,33.07555084210526,810.3559136842106,-32.617300614035095,19.97438210526316,-31.204419309649133,-74.26688709298246,-14.956498333333334,-284.7156201754385
1534,1534,else,543.278,543.518,0.946,8.236399023529412,13.597544958823532,-11.670271311764706,-20.88515936470588,22.13455488235294,616.8965211764706,-44.64876575980392,202.6292436397059,-16.576404387254904,17.574623541666664,-64.29978247549018,1445.8834252450984
1535,1535,creates,543.838,544.058,0.845,7.5229848592592585,9.845118150370368,16.638980147888887,17.083859159259255,14.055082888888888,906.9727611111111,-8.217295961538465,-2.704516302808306,-18.90747050699024,35.79741432234433,-21.383064529914535,158.3175155677656
1536,1536,this,544.098,544.238,0.463,4.261504948888889,29.623163,23.41822523333333,12.66838811111111,30.69009933333334,1031.5362377777778,64.9475032,122.77673500000002,300.65008858333346,-3.368749999999992,-55.77999083333335,1713.812591666667
1537,1537,giant,544.438,544.879,0.933,7.93939107828125,8.430208197812501,21.6631255034375,5.918372306250001,25.043679,683.4297865625,6.292307508843476,-14.373597075788133,-41.02236825320749,-18.294543106671565,31.53033374266863,-1259.180127474341
1538,1538,drama.,544.919,545.279,0.838,20.7920335275,3.841195055,-1.4420196399999996,-4.602093645,26.74733145,692.3403725000001,76.31044071240603,87.75242980827069,4.727670766917304,-17.93839923684211,5.794690187969925,-469.9617943609021
1539,1539,"Now,",546.345,546.485,0.959,13.016638980000002,7.130414881000001,15.006270767500002,19.85123305333333,5.4468102,859.6298828333332,-0.45470097054737274,21.566134748735756,-0.5724531426090604,-11.995441914420672,18.08367164490136,35.59817950819671
1540,1540,"look,",546.525,546.685,0.916,16.9982978,6.694845704,10.415454438000001,-7.80156953,19.9691792,803.709906,-47.365044242424226,-80.25367746666666,-49.583522309090895,154.75109687878788,-246.99057090909082,-2268.8835272727265
1541,1541,I,546.745,546.785,0.911,15.792821,-30.176812800000004,-9.27309984,-1.3316848800000003,28.6455166,737.499772,34.57907000000001,84.38088999999998,-194.5386665,224.158748,384.16020500000013,-2411.3196000000003
1542,1542,don't,546.825,546.965,0.887,18.542714333333333,0.7927609333333331,-10.788476733333333,10.456881933333333,36.07965322222223,775.9351300000001,45.33283166666667,108.30844216666668,90.87930766666668,-38.36242250000002,-34.11787083333331,2027.8866416666672
1543,1543,know,547.005,547.105,0.879,23.999460714285714,9.162772777142859,6.705389914285713,-6.598728728571429,30.446340285714285,883.9340814285714,35.62485892857143,13.828757071428566,-14.466911785714291,-374.3184380357143,-26.589358928571436,-574.9702678571425
1544,1544,what,547.145,547.245,0.899,31.266809285714288,15.049201542857142,15.279200871428571,4.281707571428571,26.88842971428571,884.0866485714287,-94.71226250000001,-184.2610975,-157.8701985714286,510.31209464285706,-24.639837499999995,2139.667857142857
1545,1545,he's,547.285,547.425,0.846,4.214564766666666,23.854175822222224,33.050031000000004,27.736464888888893,23.16530188888889,854.994648888889,-119.36563266666671,204.84171783333335,-155.73193333333336,-103.96144250000006,-21.185891666666652,4545.512800000001
1546,1546,"on,",547.605,547.725,0.746,28.872496486666662,1.5204478733333326,-3.72964092,0.7103110466666666,26.0544402,463.4202673333333,48.988524625,-54.236896053571414,24.086124964285727,-12.678891464285709,13.910789464285715,-183.9156089285714
1547,1547,but,547.745,548.286,0.484,27.892822499999998,21.30869253571429,22.764804428571427,23.478090142857145,10.005667839285715,829.4940742857142,-11.744578188286805,25.04844270662288,-22.19176382047072,10.702069594964422,-21.984174993158184,682.8270136836343
1548,1548,that's,548.306,548.506,0.781,12.659241409090908,10.444828322727274,-1.2188534272727276,16.780604218181818,19.14317290909091,639.0273218181818,-194.84139136363643,62.81518084090912,-7.725471409090905,48.763290272727275,-237.2848777272728,-582.1174045454547
1549,1549,what,548.546,548.686,0.756,15.963713,6.229882673333334,11.85651711111111,6.159176766666667,27.706706111111114,927.0824533333333,242.15162500000002,-111.57260973333335,50.53914133333336,219.83930533333339,72.34567750000002,2367.902475000001
1550,1550,intoxicated,548.746,549.426,0.911,16.544239937837837,6.537975323513514,18.422040097297295,23.739636572972973,18.10015862162162,802.1159951351352,-3.6585261960644826,5.446352786036036,42.386249523470845,8.08530975343765,-6.5532579184447615,126.55178532479854
1551,1551,dudes,549.486,549.726,0.723,20.392626733333326,11.764122364666665,36.431823533333336,28.961363777333336,15.5018008,949.3259766666665,-137.0291335714286,46.98184729642857,5.461832857142865,-65.08681885357143,18.230850892857145,354.557475
1552,1552,do.,549.766,550.006,0.936,23.007781821428573,3.1413096714285706,22.645778357142852,4.666431745714287,1.2583897142857143,952.1609864285716,259.6197091978022,-115.51720397802198,-103.23322758241757,-50.02860597802198,5.807952527472525,-1685.7122780219775
1553,1553,Especially-,550.126,550.406,0.237,9.476639860000002,5.6599139766499995,18.201062312999998,0.5003918015000001,13.88529465,835.5388854999999,-4.666568601503764,-29.545648640263156,-27.8971331075188,13.470017283082708,71.35176537593986,1192.9121394736842
1554,1554,"Yeah,",550.426,550.566,0.366,3.963069899999999,-11.4673645375,-9.517970437499999,0.9094071299999997,31.997224875,935.1761449999999,225.58883952380944,59.428182678571424,152.37521160714283,22.27317078571428,-367.5411422619047,-1503.4261428571426
1555,1555,"look,",550.827,551.047,0.843,20.341562929166667,7.475427428958334,7.344062916666668,-1.690581675,15.741969395833332,660.8714054166666,-10.506501784782607,16.910440720543477,-45.17760837826086,-74.83754304782606,22.892341119565216,-228.07349673913038
1556,1556,the,552.387,552.507,0.735,18.351598891780828,10.694223904931505,16.78301021232877,14.433252116027399,12.783706958904109,787.2950575342466,2.1640396399481676,-2.024827359866716,1.8917747499382935,-3.4412094629766754,15.502237467604594,29.007889562507714
1557,1557,real,552.547,552.747,0.92,18.94986144166667,-8.90114235,-5.108805764166667,-5.651668116666667,39.3249475,868.8366008333333,-43.72305701048951,0.6314617132867051,15.768953236013983,-154.78179954545453,-145.85068286713283,-2256.181484265734
1558,1558,question,552.807,553.227,0.765,9.490308458333333,14.207645291666665,14.631847466666665,-5.4774834875,17.652372,821.1352125,-40.58828432608694,54.30758015217391,90.25069753043475,8.748597810869565,21.413406608695645,1163.2863291304343
1559,1559,to,553.287,553.387,0.848,8.396084281250001,22.098016125,19.2223306875,21.93507825,18.695361625,744.60404375,170.17847080357143,-143.0777470238095,80.58242351190475,-109.78158452380954,352.9411732142857,-1074.6936488095234
1560,1560,"me,",553.427,553.687,0.615,16.006680199999998,6.78110508,56.00219166666667,-35.074773326666666,35.6775626,754.9594020000001,-89.24804857142855,4.924404428571431,91.73053035714285,-179.51830939285713,-18.600672857142857,-2013.7591642857142
1561,1561,cuz,554.008,554.128,0.523,19.347700181818183,19.807519109090908,27.708219486363635,-5.6766898545454545,12.38710472727273,670.9134518181819,-27.58562456239413,19.05784760022586,-155.4293391276115,138.46984361377753,-10.67479604743083,1029.3770299265952
1562,1562,we're,554.148,554.308,0.771,23.628991033333335,-5.168085155555556,-11.775985833333335,-1.3318087222222224,43.506629333333336,998.0012899999999,208.26009925000008,-407.01749099999995,-134.95806833333333,78.91972616666669,28.972961666666663,-435.25128333333413
1563,1563,not,554.328,554.428,0.856,22.1707985,-20.642764099999997,2.8944923,-13.202646900000003,22.1492075,987.609735,281.8383071428572,542.5969802857143,159.3468102857143,288.65453685714283,-571.8980357142856,-1249.5627857142858
1564,1564,done,554.448,554.568,0.927,21.212745714285713,0.5567997142857141,18.472691942857143,-14.578426142857143,33.494786142857144,800.8655485714286,77.38816249999999,-183.04954464285714,153.5167196428571,-228.3178607142857,187.5834678571428,-61.302214285713916
1565,1565,giving,554.608,554.768,0.901,27.5043356,11.40895808,35.6861161,-4.71552174,31.515775700000006,773.236476,10.876575151515153,-47.36078787878787,36.076646363636364,-21.456463030303027,57.968397878787876,-1274.2158545454542
1566,1566,you,554.788,554.848,0.497,26.713963749999998,-8.22112125,44.904038500000006,-14.951368375000001,31.630086000000002,379.8181,-36.25297500000003,-327.8493250000002,-558.7906900000002,63.0246625,-40.72914999999998,-671.5796000000001
1567,1567,all,554.868,554.948,0.748,36.4563608,4.07161278,11.6400443,-24.235584799999998,17.928835600000003,708.391826,89.80821500000003,394.22095150000007,14.34418,404.416735,-449.64089500000017,9017.1316
1568,1568,the,554.968,555.048,0.78,29.401017000000003,27.040337799999996,23.279949799999997,7.513578099999999,17.618248,628.3864420000001,44.875450000000015,136.88460500000002,227.94770000000003,128.15608,-4.0945899999999575,-420.9205500000002
1569,1569,"details,",555.088,555.468,0.864,14.610933576190476,21.792255152380953,27.100178061904757,-0.751056185714285,5.708114238095238,772.193248095238,-8.917044935064936,-15.292449441558444,-59.10676735714285,-102.73103890259739,-58.62005993506493,280.55243376623366
1570,1570,right?,555.508,555.668,0.786,20.1337288,-6.777215869999997,25.856355435,1.3657585999999995,22.0684861,675.637471,142.48190787878784,-33.568382272727256,144.01732668181816,-156.07778763636358,-64.28596878787877,-3061.607942424241
1571,1571,There,555.688,555.808,0.859,26.535056142857144,2.3992435000000003,12.486218142857142,-1.992873,25.92612757142857,700.5437228571428,155.3901678571428,-17.33618125,-462.36634732142846,-251.72932321428576,330.18308035714296,1890.412428571429
1572,1572,were,555.828,555.948,0.815,42.425520000000006,10.496727142857143,-1.0279481142857148,-5.9899736428571435,36.91344614285714,865.1640142857143,-28.896633928571433,67.69401964285714,263.8480057142857,100.39227232142855,-5.3354410714286,-388.02832142857136
1573,1573,witnesses,555.968,556.428,0.83,14.146465462499998,12.730276731250001,19.8954497525,2.524938358333333,22.753457458333333,667.8571812499999,-55.805997423913034,111.81046005369564,-61.63077198565214,150.62031206086954,-38.31688241304346,414.31101978260864
1574,1574,there,556.468,556.768,0.796,19.555088858823527,-15.433454058823528,30.43054858823529,-17.538896499999996,33.043003588235294,421.06021000000004,77.65106762254901,-153.8639519607843,-2.935426348039209,-113.9122399509804,25.897339460784323,270.9692316176469
1575,1575,and,556.849,556.929,0.98,34.81074275,-12.1303956,23.8612155875,-3.907536115,21.0401285,442.11661875,-27.521533333333323,149.72463869047613,314.5610001785713,-7.728683785714287,179.95954761904758,283.87180357142853
1576,1576,I,556.949,556.989,0.495,21.838331,-11.0822892,45.33506199999999,-30.919899333333333,32.987002333333336,564.0423933333333,62.04624999999992,692.8390849999996,-131.6378999999999,260.47254999999984,-14.194349999999996,3809.966749999997
1577,1577,think,557.049,557.229,0.949,22.519614,14.658310548333333,35.57100141666667,-0.682117812583333,19.800195416666664,778.0373933333334,72.75075244755243,-23.819240954545453,20.11190367132868,-22.99202766730769,120.46032185314685,669.7889685314685
1578,1578,the,557.289,557.509,0.886,18.005446407142855,12.496460257142857,49.248258357142845,-19.731652928571428,25.74564421428571,497.26113857142855,14.990361329670332,-125.646014,217.71955263736257,-242.36536186813186,112.30350472527469,-814.7992087912087
1579,1579,account,557.689,558.029,0.881,19.503619257692307,-1.5517323076923075,26.780248348846154,-9.551346246153846,9.654156692307692,574.0505142307693,15.121711912820505,-37.36888159487177,-105.58751084119656,28.72077712136751,38.39081083760683,710.05005042735
1580,1580,from,558.089,558.229,0.875,22.28946973,12.812575073,10.37431664,15.26641758,20.3993154,903.00437,175.34949396969694,-23.739147136363634,-18.386694545454553,-108.94784969696968,240.50662848484842,-1910.430345454545
1581,1581,the,558.249,558.329,0.802,38.292708,27.0037694,13.789435980000002,-13.359692,31.420688800000004,671.84501,106.21641000000004,77.31084500000001,-44.16527000000005,-315.95683499999996,-19.075045000000024,-1089.8409999999997
1582,1582,witnesses,558.389,558.869,0.852,16.99208864814815,19.557035985185184,16.981410278518517,9.797833025925925,20.59958244444444,548.2217359259258,-74.1978966849817,58.090618968253985,-67.69928817399268,103.31055886446889,11.866620573870575,-442.64205860805873
1583,1583,is,558.909,558.969,0.788,5.35095598,43.4421776,-4.37878384,33.564831000000005,30.3340902,418.96215199999995,-10.931292499999994,173.69078499999998,-1.9141330000000005,15.861210000000021,-9.647434999999994,-661.8110000000003
1584,1584,important.,559.029,559.409,0.983,37.36295527272728,10.0433601,7.809743584545456,8.683554345454546,19.131461499999997,608.3898168181819,51.370461885940145,-66.67331797289667,-8.259003216826649,-18.3987557312253,-16.286018322981366,516.3234096555618
1585,1585,We'll,559.429,559.549,0.639,40.875693142857145,20.664456857142856,20.613817785714286,-2.7633117914285714,22.728064857142858,788.8597,-82.79089999999997,-42.78273571428569,-73.01261517857141,-74.59032960714286,-283.85376607142854,1171.2659285714283
1586,1586,get,559.569,559.669,0.704,16.045235166666668,0.6490571916666662,32.74617283333333,-0.3510583000000003,17.299287000000003,513.5567983333333,4.829567142857152,277.74075478571433,-63.98770714285713,116.85134885714287,-444.85156571428564,-1146.1415000000002
1587,1587,to,559.689,559.749,0.736,6.612759400000001,27.841894000000003,2.46054045,13.827170675,25.5818315,540.9406974999999,881.3250220000002,-202.16439999999997,121.51437060000003,-385.64221950000007,489.92901000000023,-7499.932450000003
1588,1588,that,559.789,559.91,0.862,26.73959525,-3.3649480625,15.424831625,-6.02127514375,32.007555124999996,574.17745875,82.99611666666668,-127.28301494047615,31.69973035714285,-25.28332098214286,-34.14455654761903,46.0096011904763
1589,1589,in,559.93,559.97,0.345,44.04517966666666,17.322483,28.748587333333333,9.620116333333334,26.62669766666666,423.62280000000004,47.710225000000136,41.281324999999995,173.96182499999995,144.99372499999993,-326.06804999999974,-5219.408499999999
1590,1590,just,559.99,560.19,0.746,-4.308076718181819,34.433769090909095,22.20012504,14.26660089727273,8.746944909090908,880.3536572727273,-75.75914350000001,75.00470590909092,-214.4159350545455,1.34116807272728,1.105275,-766.4784818181818
1591,1591,a,560.23,560.25,0.999,31.23674733333333,14.950590333333333,20.800588333333334,2.5088089,31.479371,802.9139,371.0269249999998,332.3882749999998,215.65212499999993,483.0542924999998,1.5568749999999913,-2495.6899999999973
1592,1592,moment.,560.29,560.63,0.792,33.82489652631579,1.1479394442105262,25.42609270631579,-13.63938927210526,27.413711210526316,656.8720215789474,-54.45209649122808,-24.178059268421055,102.83391878070177,44.3515763385965,-72.12915342105264,-1380.6380903508773
1593,1593,But,561.07,561.25,0.718,18.234086703225802,5.550751110645161,27.712158522580644,7.228833296774195,12.006330709677417,758.2653787096775,-12.516246112903227,-15.647283298387093,-29.573718965725806,-53.674426655241945,60.74938233870967,-523.034618548387
1594,1594,to,561.65,561.81,0.994,17.68776917857143,18.93666608785714,24.01014651785714,11.878838238214286,11.177180464285716,719.0271614285714,-38.128472016967706,-2.316932678434595,-49.58867317323481,-9.095829305829229,45.58061624247401,383.0978639846744
1595,1595,buttress,562.15,562.57,0.864,8.84494883076923,11.886242489743589,11.177349251282052,2.2400207612820515,18.013627307692307,690.0189279487179,-38.611614810728746,0.5551300320850213,1.3644502651821862,6.935197282186233,-4.392491427125507,246.6677213562754
1596,1596,your,562.59,562.75,0.842,22.552267475,4.449957550000001,1.8549003975000007,7.751190229999999,28.831309375000004,725.2877575,313.2701101190477,-7.582549642857135,-322.579352797619,56.41184173809522,-282.1863994047619,2413.534988095238
1597,1597,point,562.811,563.091,0.836,24.72452777777778,3.6179884122222226,26.171377307777778,-14.795675183333335,18.485645222222225,702.2275405555556,-37.713422703818374,-50.74036742311661,155.89751916511872,-100.27625939628484,14.522326934984514,-691.8710665634676
1598,1598,about,563.191,563.451,0.816,26.756124333333336,-6.879432464444445,13.437580899444445,-9.730861945555557,18.619607055555555,584.0817861111111,-10.703812177502583,-2.7448467327141373,12.33014965479877,14.839065914344689,-8.683967131062952,366.63396233230134
1599,1599,"him,",563.511,563.731,0.739,18.35216587142857,2.5223055185714287,37.39415528571429,-13.3258644,33.11065185714286,621.9197485714285,145.62915764835162,-11.960376723076912,-43.727495164835155,16.648255450549446,-10.845518461538452,-2267.589525274725
1600,1600,seemingly,564.631,565.511,0.871,14.444905766179778,14.266467333258428,27.02960356460674,-3.57893943258427,22.673255578651684,941.7940359550562,-8.184652252808986,-10.981808921859036,8.82184616041028,-45.75723148867891,28.61733407771535,208.5911744382022
1601,1601,intoxicated.,565.832,566.632,0.946,16.115898011964283,6.9936909105357135,28.118795710714284,-6.452223439999999,12.077661089285716,619.0669705357143,5.302145917002732,-10.387646755246067,-11.32434332877648,34.833460391250846,-26.881402527341073,-217.13896177375253
1602,1602,I,567.412,567.472,0.624,23.071514414285712,11.674520307142856,26.757176007142863,18.22641500952381,5.8134327500000005,900.804367142857,2.013821877481565,-0.563410617048863,-24.218863231099576,-17.579017520460255,26.04495430880803,186.6525655943603
1603,1603,want,567.512,567.612,0.874,26.07669371428571,-3.450718914285715,2.989120752857142,-27.09218305485714,41.15163514285713,679.0249428571427,-88.87212321428572,-330.83328500000005,-52.471434946428595,399.26502294285706,27.19651071428572,865.5928214285699
1604,1604,to,567.632,567.692,0.752,20.2822685,1.2263784249999996,20.88573525,-7.842777162499999,10.64401,965.9695174999999,126.18177000000004,401.1677315000002,-183.66069500000006,187.35490825000005,-638.6406000000002,11419.207950000004
1605,1605,go,567.712,567.772,0.883,20.916107,0.48401225000000014,-1.2318983000000001,-26.9511085,41.204184,805.5873425000001,13.730300000000007,-385.41133700000006,8.557841000000007,-73.31159000000005,-17.673060000000092,-15245.170850000004
1606,1606,to,567.792,567.832,0.944,17.109604333333333,10.776833000000002,11.393746666666667,-20.496986,13.496033333333335,549.62394,36.563500000000005,887.5454499999994,143.23189999999994,623.1838999999998,-1012.2024999999996,11552.895249999994
1607,1607,the,567.872,567.952,0.818,9.390690961666666,20.130666,4.2947953,0.2005113499999999,12.4388455,740.8520016666668,-254.05595241428568,13.574251428571426,-30.736123999999982,324.3811050000001,-427.05095,-507.8328714285714
1608,1608,final,568.012,568.313,0.985,19.82200998888889,-0.5062452277777773,15.22797965,-19.65853658111111,34.410487277777776,647.9267561111111,115.07177686274511,-29.454424060887504,38.89827520639835,-129.04895542930856,63.38945443756451,448.97332662538696
1609,1609,"video,",568.373,568.893,0.55,24.219752517241382,-2.7114022982758614,37.353196724137916,-23.80814152413793,29.484324275862072,711.2632755172415,45.031583300492606,-39.42374454433496,-57.313496403940896,-74.2626966551724,17.38576310344827,-1207.1774073891625
1610,1610,you,569.453,569.553,0.899,28.90784598484849,27.30425681818182,27.33275306060606,13.557074872727272,8.33923906060606,857.7820612121213,-41.17865319184492,-16.978133790106952,45.315353108288775,3.0425890508021385,16.681228993983957,200.2710860628343
1611,1611,can,569.573,569.714,0.806,10.9266760675,11.944708875,31.1682107875,-1.7137144249999996,17.696208875,830.0850250000001,8.894905892857137,283.1219553571428,238.9659594642856,-138.67036869047612,-175.68827321428572,4954.44619047619
1612,1612,hear,569.754,569.954,0.809,8.661619224999999,2.8035706250000003,24.297995583333332,-4.554810400000001,22.661202916666667,629.3938216666667,233.1628552272727,-116.6365562062937,-11.799864160839155,64.04354947552446,45.94505646853147,-1262.7844650349648
1613,1613,the,569.994,570.074,0.915,13.209128,0.4434086500000003,48.99349916666667,-11.963559583333334,36.730715,681.3281949999999,40.45056571428574,-347.0399941428572,169.7562157142857,-338.1949907142858,-31.732145714285753,-4313.4289285714285
1614,1614,audio,570.154,570.474,0.924,27.470699500000002,-11.306758480000003,32.76732068,-17.629631020000005,30.1468591,494.8419215,51.71301225563909,86.39344660902256,33.211539278195495,77.57802066165414,-32.96128902255639,690.9155845864663
1615,1615,here.,570.514,570.774,0.697,21.557400079999997,1.1900934066666664,35.01705195,-6.720953386666666,19.452938666666668,619.5308060000001,144.64109596428568,-182.1431903392857,-198.0094702678571,65.98428123214285,-31.62715464285715,-1515.2093
1616,1616,Just,571.194,571.375,0.842,17.833223106666665,13.333924973666665,17.337254963333336,2.436054820000001,4.105508833333333,644.4593873333332,-99.3303758887653,63.67290388175752,29.233063422691885,-23.130281610678523,23.29089353726363,777.8796651835371
1617,1617,listen,571.435,571.695,0.817,13.75636484375,19.90476431875,-0.39019278125,3.3839979875000004,21.5545811875,697.0815725,2.9715020955882325,19.009916316176472,-5.592111389705882,107.04592005882348,-79.14165404411764,-1226.3177102941174
1618,1618,to,571.735,571.795,0.79,14.506827079999999,0.8796762999999999,-1.00975758,0.013398600000000016,26.559535400000005,679.800416,258.239556,-439.3286700000002,-104.55291850000002,-535.7598650000001,-669.5857850000002,3737.9359000000004
1619,1619,how,571.835,571.975,0.828,21.84733466666667,-11.322710911111109,4.644420077777777,-8.739317922222222,40.426336444444445,778.7995366666667,109.25318250000002,53.967929250000026,-99.52792333333333,-228.50791516666666,-10.661253333333322,-2057.0945916666665
1620,1620,he's,572.015,572.235,0.777,15.487519476923078,28.986343846153844,28.194300307692302,6.594754184615383,24.586522615384617,821.1358853846153,-238.498934010989,122.42198186813185,-119.30642788461536,198.6887621978022,-193.11349313186813,-904.8125439560439
1621,1621,communicating.,572.295,573.076,0.815,21.61526005952381,6.439608743571428,47.12679585238096,-12.806310739047618,26.70332807142857,538.9245954761906,11.967569724090428,0.162769084231425,35.20804056802527,-42.27119495810711,13.125970849201844,-259.90832675634056
1622,1622,I,573.096,573.116,0.0,40.6662865,23.682741999999998,36.510525,9.067357000000001,29.6884815,365.491565,-137.41914999999977,-89.11719999999987,353.6689999999999,55.873699999999964,-43.965249999999905,2540.379499999999
1623,1623,think,573.616,573.796,0.934,24.7082679,5.143404244117647,25.658623794117645,-2.94023417,12.21145911764706,673.4509311764706,-43.923467182582115,-30.252695148204726,22.686374571428566,-45.95431908983956,28.638579465240632,409.25426050420157
1624,1624,it,573.856,573.936,0.53,15.159248357142857,5.045165071428571,51.53689157142857,-13.982563957142856,15.475042142857143,562.1992885714286,124.34678214285714,190.3369201785714,-24.655255357142863,239.733895,-390.39810178571435,-3440.791089285714
1625,1625,kind,573.996,574.236,0.82,16.08459718533333,-3.751860224000002,25.90054029333333,4.743373933333333,24.717010600000002,671.5545319999999,77.40918525357142,57.76199965535713,119.80199378571427,-170.24189953571428,125.72858500000001,-1476.7000999999998
1626,1626,of,574.316,574.396,0.832,31.235904375,-3.33630641,23.545078375000003,-4.820025275000001,26.769948125,539.6159925,36.93684107142857,274.2101167619047,-67.55634583333331,315.93670630952374,-139.50588392857142,2539.3499404761906
1627,1627,provides,574.777,575.157,0.845,18.193550563157896,14.741546163157894,14.598515939473684,11.606312606842105,14.03248557894737,870.4429131578947,21.802410048145312,-33.201038533756424,-7.718674763650292,-47.179985305941564,48.40763096618886,-638.0805886858518
1628,1628,a,575.197,575.237,0.5,35.16522475,32.28618875,9.223126725,-18.958586574999998,32.4724055,653.35626,80.389365,256.6877350000001,165.19644150000005,630.5900655000003,1.9423500000000273,-2294.3343999999997
1629,1629,little,575.297,575.517,0.886,33.64966285714286,15.387558427142855,18.17865292857143,-20.41467411428571,31.266888857142863,863.1718007142857,-39.850357142857135,-47.68729081978021,1.915947802197805,-91.81344318681316,-5.092366813186799,1439.7013945054944
1630,1630,bit,575.537,575.637,0.838,27.977732666666668,0.8729062333333332,35.41207716666667,-1.942945083333333,10.695980999999998,642.63242,-23.558182857142878,-365.1876665714286,108.6444157142857,-117.475095,366.02068857142865,-5164.983714285714
1631,1631,of,575.677,575.737,0.749,33.622007,15.445019400000001,27.9344886,13.379479499999999,24.3048656,644.221998,71.41304999999998,353.49552000000006,109.07707,416.4330675000001,-141.36644,-634.5470000000009
1632,1632,merit,575.797,576.078,0.779,33.34800423529413,-1.7090631352941184,15.664944641176472,12.138139994117646,20.05205894117647,560.3744929411764,-53.03068284313725,-1.2025937867647174,-11.815314019607845,27.453038884803917,-128.72546715686272,185.10984436274512
1633,1633,to,576.098,576.198,0.858,18.31325766666667,22.02179866666667,13.269242900000002,-3.7008043883333333,26.98427683333333,847.2407499999999,571.30356,-96.89809142857139,-30.069266571428585,-180.10011264285708,206.9821071428571,-581.2608571428567
1634,1634,what,576.478,576.618,0.97,32.474469809523804,7.806797352380952,23.012712285714287,-0.1923319047619037,9.528441761904762,517.4639271428572,-10.644969610389603,29.891166272727276,-21.26957857792208,105.19984781818182,-23.222424350649344,-763.9414785714283
1635,1635,Jank,576.958,577.158,0.877,21.041474883703703,13.777311668888887,33.00151674074074,5.909019455555556,5.776525851851852,771.16763,-23.74710716422467,-50.25820756227108,58.50895091575093,-62.997788968254,37.88680540293041,-367.8897854090354
1636,1636,is,577.198,577.258,0.736,5.64781326,27.4947776,21.677520539999996,18.1260424,11.7322968,664.7728639999999,-477.8889800000001,532.0786950000002,-555.2893030000001,527.9597435000001,-439.7353300000001,3017.299600000001
1637,1637,saying,577.298,577.478,0.945,16.80293981818182,13.256973145454545,30.47183256363636,6.194125910909091,1.5151240909090908,683.3021154545455,227.46175227272732,-100.26189590909095,223.6979603636364,-141.80329714545456,37.87810227272729,-509.4921181818183
1638,1638,here.,577.518,577.638,0.809,32.203505375000006,1.9099939375000003,34.249216875,5.4731483375,0.0,495.43086625,136.9592589285714,-185.4390401785714,-221.66087678571427,-48.65550244047619,0.0,-1918.318482142857
1639,1639,Let's,577.679,577.839,0.895,21.26655457,22.322110170000002,16.69854,-4.79462136,6.2804123,796.18368,-288.77187803030296,-27.70653142424241,-127.54941818181815,133.92069448484847,-76.09636818181818,-67.24899393939388
1640,1640,watch.,577.859,578.039,0.968,24.8812101,-0.7393219050000001,16.70055537,-13.22964896,0.0,743.031358,-217.41482333333326,77.26763277272725,191.210578090909,187.26855236363636,0.0,4165.562884848484
1641,1641,I,580.106,580.186,0.563,12.109099129570094,14.86580431588785,23.87328408,11.402567826317755,6.505736271028038,880.197405233645,-6.866455552336448,-11.54472183291698,-8.47329091151864,-16.471543721945956,1.1942226637963116,-140.7764102059209
1642,1642,was,580.206,580.346,0.564,-7.5531997650000005,18.233683375000002,27.183857375,-18.288441499999998,0.0,838.4732737499999,112.49680492857141,-11.214380357142852,46.55026130952378,33.12587857142856,0.0,-484.2034107142861
1643,1643,just,580.386,580.666,0.494,7.266285790625,-4.21371279125,23.616133937500003,-4.16206363125,8.060391375,563.9104281250001,-20.05351605220588,22.098368736764705,66.81959477941176,41.47864815441177,-28.48108102941175,287.7903213235294
1644,1644,trying,580.706,581.306,0.564,11.15413407625,2.1707240415624995,20.72306361875,-15.6636521544375,13.9676831875,686.3174575,21.650713944281527,-5.7188456885080665,-8.236017633797658,1.6510312121517585,-31.32575296920822,-452.45264057917905
1645,1645,to,581.446,581.667,0.662,10.703470395555554,0.31304634444444474,23.222668416666668,-9.885439927777778,4.6153057777777775,777.8856961111112,-6.771552753353972,-56.721368668730655,-32.10694197626419,-99.76726618679052,42.85281506707946,-183.51332972136225
1646,1646,"help,",581.687,581.787,0.168,9.682409283333334,-14.693555833333333,27.01151883333333,-6.507665416666666,0.0,678.306915,123.11082785714285,55.052244285714295,41.120578571428574,-20.805416142857133,0.0,-344.71652857142874
1647,1647,dude.,581.807,582.187,0.446,8.9941354,-0.2800516400000002,19.586501055000003,-3.0147794899999996,2.0056541500000002,719.9494284999998,-18.881457563909777,-0.2359301127819547,-34.89421665037594,-53.447163684210544,4.524031917293233,-694.5415597744361
1648,1648,Okay.,582.267,582.467,0.255,7.828906280714286,6.989654114285715,20.1184097,-6.996730842857143,12.331319785714285,686.9148092857143,67.49911746703296,-73.37399038681318,27.097988395604393,-62.92498775824174,-113.71074999999999,-746.2241813186813
1649,1649,That,582.507,582.647,0.461,11.226488011111112,-2.5107478,22.697266555555554,-3.243530533333333,14.584958,639.864511111111,94.78664725000002,-138.67738475000004,8.222192500000004,64.14725491666668,0.0020466666666699063,-1638.616275
1650,1650,didn't,582.667,582.887,0.197,11.637120466666667,0.9205242333333336,27.551124416666667,-0.5672124416666672,7.64550125,518.2441725,32.99361898601398,-95.00380381118882,-28.532297027972024,27.272338968531468,-96.23306031468529,-1723.5364807692304
1651,1651,do,582.907,582.987,0.738,9.76137434,-2.9436021799999996,22.935953899999998,-5.132592852,26.267126400000002,702.077548,-39.260016500000006,168.44346300000004,-342.69172750000007,-345.68715420000007,656.10197,11852.212800000001
1652,1652,with,583.027,583.147,0.238,11.462879112500001,8.632099924999999,17.855369924999998,-7.3533674375,15.889811375,988.947215,-139.29187720238096,30.759659285714285,134.59052369047615,131.67591672619045,-379.5495125,-696.8244999999995
1653,1653,who,583.167,583.307,0.395,5.478702,8.3763974875,18.7188622625,-4.9588448325,21.31374975,958.1058625000001,135.49843166666662,21.471379821428577,-221.25796315476188,-109.00731963095237,407.9848452380951,-1113.9854166666662
1654,1654,I,583.367,583.507,0.624,8.78567012,-11.17071824,18.782315049999998,-10.8338737,41.507840300000005,736.060873,-10.708881575757573,15.182304060606057,222.12524560606056,36.27876751515151,-8.123054848484863,-2385.987481818181
1655,1655,am,583.607,583.667,0.296,12.354776825,-0.4145608875000004,31.048888625,-13.1382039825,36.095778124999995,501.5668775,138.04983428571427,-183.58898672619043,-209.0178327380952,141.26488398809522,-172.22150059523807,878.8497023809521
1656,1656,or,583.747,583.807,0.342,18.607445714285713,5.073079514285714,31.096732000000003,-28.778411714285717,0.0,542.4642500000001,15.282144642857142,-24.70634035714286,22.604441071428614,-50.770300000000006,0.0,-587.2705535714289
1657,1657,what,583.827,583.947,0.356,15.307141714285715,-3.902258214285714,14.102453042857144,-18.513943571428573,29.514983,849.8106342857144,-60.45823571428572,-352.21270803571434,-165.85274517857144,295.56046249999997,372.7136357142857,4167.966642857143
1658,1658,I,584.007,584.087,0.514,12.619045142857143,-9.739922614285714,20.51581971428572,-2.539176257142857,17.727994,659.5873028571428,19.726157142857147,213.55032874999998,131.05545357142856,48.850080178571424,-444.41247321428574,-1397.7897857142862
1659,1659,do.,584.107,584.247,0.562,9.25057,8.0300903875,33.22241875,2.1117472499999996,0.0,846.25997375,112.84000714285712,-117.26180220238092,-47.541647619047616,9.448495595238093,0.0,-705.4845059523807
1660,1660,I,584.267,584.287,0.075,6.2812485,-12.27014775,34.015172,-4.231631699999999,0.0,805.7260200000001,72.25014999999996,22.71742499999999,-254.35020000000006,118.06022999999992,0.0,16415.721999999994
1661,1661,was,584.367,584.567,0.6,9.473366355714285,-2.6125141142857147,21.53630185714286,-16.26907832142857,16.683516,651.8469328571429,23.3378675010989,-36.81125573626374,-60.330129230769224,-72.6176494175824,91.6192848351648,619.9027120879119
1662,1662,in,584.627,584.687,0.526,3.1567388,3.4966536833333333,16.133174999999998,-7.51937465,14.355514666666666,702.49406,116.84430942857144,-274.7642627142857,-37.20581714285714,-262.916155,-246.14606857142866,-42.90048571428553
1663,1663,a,584.747,584.827,0.713,3.631077642857143,15.463757314285715,37.17976971428571,-25.64489414285714,0.0,565.17585,-61.23636499999999,225.6607344642857,203.52191071428578,-201.25460535714288,0.0,-2744.686910714286
1664,1664,yard,584.887,585.048,0.494,13.308728890909093,-4.92320777909091,11.941462090909091,-4.800415318181816,35.797726454545455,496.1359954545455,80.33616459090912,63.93644076363639,-84.09494604545456,88.99209963636363,-121.99003681818189,887.4781272727271
1665,1665,"dog,",585.088,585.328,0.744,14.248693,-2.335934278571429,22.014412571428572,-5.302608932857143,1.4131743571428572,582.0436221428572,5.2788997802197795,-61.23715302197801,-22.651134285714278,57.237770243956035,-28.263487142857148,-1151.495003296703
1666,1666,man.,585.368,585.628,0.619,12.38691252,-1.061405115,37.435438999999995,0.012113850666666377,4.532768466666666,618.5404679999999,10.348148428571424,-1.579642025892855,4.607655714285727,10.530596242857145,-54.64891874999999,-1185.2124357142854
1667,1667,"Okay,",585.748,585.888,0.179,16.535226692307695,3.2720088461538457,34.87835084615385,-6.7078157446153845,7.329173076923076,709.5100438461538,30.222894230769228,-74.63390598901098,-3.9612728021978,-23.46506276648351,-1.371837362637368,306.19922252747244
1668,1668,let,585.908,586.008,0.38,21.378300833333338,2.2626384500000003,36.57369483333333,-15.687616505000003,9.693867666666668,724.3119,-26.998501428571426,-75.68725642857142,14.513855714285718,321.9959584428572,-131.69563714285715,1386.569542857143
1669,1669,me,586.028,586.068,0.148,14.989187166666667,2.6179463333333337,44.585022,-0.051557433333333215,0.0,718.6522,-204.5140124999999,55.58432500000001,-58.31674999999999,-171.05450749999991,0.0,-384.8450000000012
1670,1670,speak.,586.088,586.788,0.474,10.488857973611111,2.863797969166667,26.366163055555557,-11.656188363888889,0.0,502.558765,-9.79941297329472,-6.834733046525097,-12.611571415701412,8.296109454954955,0.0,-230.32881930501932
1671,1671,I,586.868,586.968,0.715,14.781309388888888,-11.294735388888888,23.56495922222222,-10.966566377777776,13.235630444444444,621.0298933333332,97.10013500000001,-51.028333583333335,118.84189833333335,-72.81946224999999,151.700085,173.33555000000004
1672,1672,know,586.988,587.128,0.772,19.1329675,-3.556342325,29.839241125,-13.885223453750001,24.209730125,671.686395,31.73147976190475,-89.87159321428568,-69.04493749999999,-200.36311297023806,19.790100595238084,-2579.899369047618
1673,1673,you,587.148,587.208,0.367,12.61461625,-2.63775118,46.645171000000005,9.8528028375,0.0,794.9009474999999,-3.867345000000015,-6.3101186,68.31145000000001,253.20150975000007,0.0,2816.651350000001
1674,1674,were,587.228,587.308,0.296,17.572226,-0.3241303460000001,27.830715200000004,4.10724702,0.0,872.3156740000001,-72.15232000000003,129.23222485000005,62.43048999999999,-184.8361395,0.0,-7675.688500000002
1675,1675,there,587.328,587.428,0.368,14.369031833333333,-8.40070647,30.950897833333332,-7.752933783333333,11.087190666666666,564.9700833333334,60.782255714285704,-245.1783736285714,16.868384285714274,32.41687757142859,-0.16468000000003027,580.0712857142852
1676,1676,to,587.448,587.508,0.284,14.34448825,-2.239572625,31.69474925,3.5110761750000004,0.0,739.890295,-14.023974999999988,53.006845500000004,-41.71646500000004,-47.91260650000002,0.0,-10384.342100000005
1677,1677,"help,",587.548,587.728,0.55,15.471930000000002,-0.5301392000000003,30.79129990909091,-11.118036445454546,0.0,625.6851481818182,34.80648045454546,6.37852781818182,-50.73290772727273,-143.81567068181823,0.0,379.36682272727285
1678,1678,right?,588.088,588.269,0.366,11.681354522222223,-1.4216679700000001,24.2492707037037,-10.168581607407408,0.0,615.2112962962963,9.772067756410259,-29.213761960012224,4.915621336996337,-29.466493559218566,0.0,-527.0916990231991
1679,1679,But,588.369,588.469,0.439,10.719603410000001,0.20620421300000008,24.1126866,-3.69932119,0.0,467.564909,43.89834978787878,-53.960455306060595,-2.866913333333326,-16.31320621212121,0.0,2044.7287848484843
1680,1680,I,588.509,588.589,0.48,13.966906666666667,-15.13015801666667,24.262728666666664,-14.804330499999997,0.0,617.4514016666667,21.34844,28.165700714285727,96.03254000000001,242.24469857142861,0.0,1879.7517000000003
1681,1681,got,588.629,588.749,0.524,13.124624125,-10.822880014999999,23.892359875,-11.143649756250001,0.0,470.87052875,-27.024573214285716,-5.53319688095237,-1.0336863095238134,-92.96316975595236,0.0,-1223.807482142857
1682,1682,EMS,588.829,588.929,0.222,16.000635788888886,0.01152018333333318,43.322443777777785,-7.794384227777777,8.71592288888889,571.8189444444445,87.10623008333334,23.418167041666667,-68.81446416666671,14.348827666666672,162.10229083333337,718.0296750000002
1683,1683,come,588.949,589.109,0.347,9.449647400000002,2.2915528044444446,25.053565555555554,-8.875798688888889,10.978496999999997,587.6680566666666,-132.41497733333338,75.41342763333334,-96.28096833333335,-6.723783083333336,-246.83796333333336,-711.3360333333334
1684,1684,on,589.149,589.209,0.219,8.75874458,-2.4080408999999996,26.973181399999998,-7.81405158,0.0,772.754852,93.89173250000002,50.08511550000001,-20.009969999999985,0.12433499999999914,0.0,-1764.036699999999
1685,1685,and,589.249,589.329,0.251,13.989893333333333,-4.657448216666666,16.64630725,-30.066030833333333,22.45743383333333,698.5115616666667,-18.086185714285723,84.22474385714285,76.80313928571428,-79.61902714285714,-384.1481528571429,219.25358571428617
1686,1686,see.,589.349,589.529,0.559,3.8790017800000003,6.469299957,27.7773282,-7.134604810000001,0.0,700.0871650000001,116.35468266666663,-90.68483959090906,165.19051818181816,-70.08685330303031,0.0,-1945.284948484848
1687,1687,I,589.589,589.669,0.463,14.30219657142857,-3.633237771428571,23.500288,-8.850661028571427,0.0,557.0023914285714,24.15136607142857,-51.62765607142857,114.28763392857141,184.0061242857143,0.0,527.6563928571426
1688,1688,got,589.689,589.769,0.276,14.438242800000001,-3.63038398,23.572354400000002,-8.51538138,0.0,543.9568879999999,27.776690000000016,166.31570250000001,-62.804320000000004,-91.85117350000002,0.0,-3560.3011
1689,1689,multiple,589.809,590.069,0.212,10.935296546666669,3.542095683999999,30.765042133333342,-14.490194639999999,0.0,693.783672,-23.867646303571423,-5.754377757142854,-0.9090151785714256,41.14882158928572,0.0,433.72517678571427
1690,1690,parents.,590.089,590.389,0.29,11.518265825,-3.3882812537499998,20.6772104375,-1.67657720625,6.048256875000001,523.9454987500001,7.531884852941181,-3.1840415602941183,-2.170857573529412,5.32777819852942,-78.26028161764705,-474.8017455882352
1691,1691,Nobody,590.409,590.689,0.311,7.381107586666665,1.304196207333333,20.183305636666667,-3.913214826666667,23.529750200000002,720.385842,-33.921849839285706,54.76792674821428,75.77688749107142,139.46220883928572,70.58891053571426,-825.9806553571427
1692,1692,was,590.709,590.809,0.967,3.1607991499999994,5.768956225,19.3623175,-4.084724666666667,22.133644000000004,1201.0237,-128.99018585714288,286.63484650000004,-2.281481428571447,145.88245542857146,-572.4787542857143,1257.8534285714288
1693,1693,there,590.849,591.049,0.873,5.423509619166666,0.3078121916666678,11.970443341666666,5.840679850000001,33.584259333333335,711.7079325,74.24569804370627,-161.06865784965032,-43.94598249999999,29.693826713286704,80.46849020979019,-1297.9846031468528
1694,1694,yet,591.089,591.289,0.883,6.388788389166667,7.546011025833333,28.980403999999997,-11.973394472499997,0.0,506.87472333333335,48.393631830419565,-91.02846309265733,-17.400014685314677,95.63839347027972,0.0,1620.1437692307688
1695,1695,though.,591.349,591.53,0.56,10.568239933333333,5.544895725,21.061038458333332,-11.78843936,4.766347416666666,719.8415375,5.455853986013985,38.596604353146844,-40.74652054195805,-62.751069339160836,79.98803129370627,-669.2984982517484
1696,1696,"Yes,",591.65,591.81,0.394,9.846116335714287,0.5469502142857142,25.181905571428565,-3.339470691428572,4.752863785714287,686.3939142857145,-8.436702692307689,-5.567449626373627,17.105780549450543,-34.143517356043944,43.879903846153844,-518.0760153846152
1697,1697,they,591.83,591.97,0.45,8.50381852,2.141794625,21.686187375,-10.232649662500002,0.0,511.55509874999996,91.43363504761903,3.870682857142855,122.83264702380949,-82.27270208333331,0.0,-512.0124940476184
1698,1698,were.,591.99,592.41,0.615,13.840047090909094,-5.911558040909091,18.283479409090912,-19.989933227272726,7.034839954545455,519.7022631818181,-11.909006945228686,-45.51013529361941,8.42014706380576,24.07730211744777,-7.430522332015811,205.6618540372671
1699,1699,"No,",592.43,592.55,0.522,9.048582171428572,1.669209457142857,12.67473612857143,-23.399476042857142,24.68150314285714,643.5279257142857,-114.94350499999999,12.58831839285712,-189.57166107142854,-180.0233144642857,160.44164642857146,549.5461785714286
1700,1700,they,592.57,592.71,0.466,6.73346847,8.8672323625,19.418396249999997,-6.097697162499999,22.209980375,501.78781125,192.56183779761895,38.652368035714275,3.6692083333333243,-45.85099708333332,-424.00410535714275,160.9891249999999
1701,1701,weren't.,592.73,592.93,0.311,15.203408000000001,-0.4397201099999997,6.730849790909091,-9.180157824545454,29.74028054545455,751.8445772727272,-26.731350000000006,6.4213745818181795,-7.266521681818187,64.24231923636366,-138.72988363636367,2053.7791590909096
1702,1702,They,592.95,593.07,0.244,10.0779269875,-1.4499106412500002,23.6681935,-9.98674535625,21.225748375000002,619.76250625,-16.156442440476184,-108.6076024702381,29.18133571428572,-112.13599383928566,402.55759226190474,1008.8294464285716
1703,1703,were,593.09,593.19,0.249,7.348901,4.80082018,25.2250632,-6.0413050120000005,8.4166046,819.14988,-186.67003350000005,206.752674,-3.7907549999999812,-326.07367000000005,-420.8302300000001,-7431.4805000000015
1704,1704,just,593.23,593.37,0.668,0.8063488111111113,18.72799397777778,22.930354555555553,-12.963050044444445,0.0,554.0142188888889,-23.18019758333334,118.63384283333336,-48.825589166666674,-56.95570300000001,0.0,1297.7327666666667
1705,1705,rolling,593.43,593.69,0.739,11.988967362499999,-1.0923315862500003,12.744525912499999,-18.5555204375,29.773058499999998,607.8132175000001,-32.39595048529411,-53.6351328632353,83.76937249999997,-10.288186691176476,34.05586220588237,-1385.1127102941175
1706,1706,up,593.75,593.83,0.77,16.04277585714286,-4.661974185714286,17.500711142857146,-14.498428571428573,27.084693857142856,615.7356857142858,95.78306964285717,325.9400548214286,48.07228392857142,44.478173214285704,-267.5442446428571,-623.6978392857143
1707,1707,as,593.89,593.97,0.802,8.830156742857143,11.89346597142857,16.299406714285716,0.8448845314285715,0.0,518.5579271428571,-102.03332714285716,245.51629607142857,-61.16261964285712,54.892853928571434,0.0,-1164.5956964285713
1708,1708,I,594.05,594.07,0.407,9.419212133333334,-5.519317149999999,14.6177165,-15.618362466666667,20.224805833333335,686.0207416666667,48.36244914285715,-356.92415614285716,109.90688142857144,-195.63894285714284,519.1138728571428,1596.2223285714283
1709,1709,was,594.11,594.17,0.203,12.9253949,6.07331605,22.327893,-19.21799375,19.703207499999998,753.7605824999999,-328.2500860000001,717.6696750000002,105.27414000000005,232.98011500000007,-791.4126500000004,-6995.380350000002
1710,1710,standing.,594.19,594.991,0.554,8.56408276809524,7.812453539047619,18.266411532249997,1.157812201190476,7.893199428571429,588.972831904762,5.9793840274694094,-34.44592642346649,19.2538996186796,-44.85187805976014,1.8970433028117664,-621.0193979418198
1711,1711,"Hey,",595.171,595.251,0.204,15.84264568461538,-3.744965691538461,33.610205923076926,-7.548011716923077,10.641228769230768,444.9312669230769,20.94356791208791,-62.520900178571424,54.91754697802198,-14.751237247252742,57.26502637362637,-1234.7464725274724
1712,1712,we,595.271,595.391,0.478,17.821618142857144,2.1199074571428573,36.33860714285714,2.0464501999999993,17.83309014285714,901.5842342857143,-86.16955,-96.82656874999999,19.94483571428568,154.93210446428574,-50.30355357142861,3703.6371785714273
1713,1713,got,595.411,595.511,0.21,12.453443166666666,-8.3373327,28.581885833333335,1.0955037833333334,11.765826666666667,1022.5820433333333,5.2671357142857165,132.12178714285716,-33.90129000000002,94.03147185714285,5.630428571428562,-1773.2258571428586
1714,1714,a,595.531,595.591,0.327,13.535818500000001,2.6435389,19.5541995,-20.41128425,35.43774525,542.15075,-20.984669999999994,-40.43058100000002,-115.36035000000005,82.93567500000005,-6.041974999999945,-217.7820000000001
1715,1715,car,595.611,595.791,0.333,12.6622199,1.2890354199999998,20.125596859999998,-15.783208019700002,12.9327444,587.136021,-36.69147969696969,68.22942987878785,1.7808256363636326,188.42014861060602,-191.7478836363636,-244.41852424242396
1716,1716,coming.,595.831,596.091,0.597,16.527426166666668,-5.0848804533333345,31.145537533333332,-5.463408526666666,15.978810399999999,662.5566146666666,45.111577410714276,28.23904783928571,24.96576982142857,-4.067006642857141,23.261354999999995,1853.5615392857137
1717,1717,Multiple,596.251,596.511,0.205,13.085082785714286,-0.5881118638095238,17.47625402380952,-21.689553514285713,8.218431904761903,601.8090404761905,-16.057728603896102,29.446376645454535,24.447275454545455,-82.88258205844156,56.32877012987013,1184.4791272727273
1718,1718,people,596.551,596.811,0.435,14.782689580000001,-2.099588493333334,25.253885933333333,-11.838203726666666,14.445441600000002,770.8497639999999,4.896868767857139,12.01272471428571,37.52834357142857,68.75870007142856,26.3424225,865.0176053571428
1719,1719,moved,596.831,597.051,0.267,13.168733333333334,-1.19987573,29.720823833333338,-8.146262925,25.937313666666668,896.4649366666666,-35.58687202797202,-12.397836265734266,61.4990304195804,135.1131023951049,-127.03370559440556,1513.778377622377
1720,1720,out,597.091,597.191,0.432,12.324675542857142,-6.669116342857143,24.842334857142855,-25.92332557142857,14.802159428571429,747.8416771428572,-34.637257321428564,202.10297178571423,-2.2214875000000043,51.189285714285695,-371.13663214285725,504.18050000000073
1721,1721,the,597.231,597.331,0.234,16.188978928571427,-4.488314971428571,18.049273714285714,-20.25949,14.574451999999999,717.0761328571427,-21.363071428571423,-203.58025071428574,72.61925178571424,109.34470357142855,181.9890785714286,3125.037125
1722,1722,way.,597.351,597.471,0.123,13.75715742857143,5.050419571428571,36.67673871428571,-22.04221671428571,0.0,493.53332857142857,-29.981560714285706,123.78364821428572,-135.42928571428573,-96.67064821428573,0.0,-595.7378035714288
1723,1723,You,597.491,597.631,0.885,13.4090345,2.364653775,39.27633275,-5.3280722874999995,8.329024375,748.04524625,38.71106011904761,38.92786499999999,-256.3801702380952,-34.594721488095246,-79.3535505952381,-3690.478613095238
1724,1724,came,597.651,597.811,0.502,13.74866867777778,-3.3103474000000004,38.665581888888894,-11.104280866666667,23.27445144444444,497.9903233333333,78.11057591666669,31.14897983333334,75.870515,101.03806316666667,-88.66721666666668,1948.7872083333336
1725,1725,down,597.851,597.992,0.766,17.99971111111111,-11.768145055555557,21.99263344444445,-16.44555477777778,30.226962111111114,648.1826677777777,35.35069833333334,-51.398555,-107.20245750000002,15.475573333333337,-118.2798616666667,-2434.0245000000004
1726,1726,on,598.012,598.052,0.024,13.975511666666668,8.162400666666667,29.92916,-19.254026666666665,0.0,732.5594666666667,13.49697499999997,-76.44104999999999,103.76582500000002,24.239549999999973,0.0,6623.118499999995
1727,1727,your,598.092,598.172,0.867,14.465061666666665,5.719615516666667,34.2148495,-11.928206099999999,12.460895666666667,590.8112299999999,60.15565714285715,15.960624428571428,-233.11169000000004,158.4725614285714,426.4475742857144,3432.7722571428576
1728,1728,knees,598.192,598.732,0.669,8.136510833928572,6.761717645357143,25.261323607142856,-14.146278444642858,4.9430525,591.0969357142857,-14.164178919677063,33.725562250821014,-56.8796386152162,-34.663861392309784,-37.874830021893814,-476.3409359605911
1729,1729,and,598.892,599.012,0.792,13.16086540035714,0.05593078499999983,25.985027000000002,-7.091920352142857,4.507876285714286,528.1954464285715,57.4666076752747,-54.67898066043955,116.91075428571428,71.74067493956042,27.776555604395593,1684.9766142857136
1730,1730,somebody,599.112,599.372,0.32,9.578856248111112,-0.889231487777778,22.62574718888889,-16.167761611111114,8.733032611111112,658.0612494444445,38.56820388410733,-86.23479353457174,13.32029615067079,-86.96103523219814,95.97574504643964,-547.2691625386997
1731,1731,was,599.392,599.472,0.158,10.41954986,1.44095054,22.232279,-7.27020912,14.7074654,882.3011640000001,-171.05983500000005,95.93497,-120.92902000000004,242.80138900000006,-552.5438499999999,7387.973550000001
1732,1732,trying,599.492,599.612,0.079,10.24675012857143,-5.037300857142857,18.224979714285716,-13.254181571428573,20.902088,643.6372299999999,175.59867482142855,-155.70166607142858,45.24475714285714,-169.87242089285715,125.90693571428574,-5551.647714285714
1733,1733,to,599.632,599.672,0.014,14.720148333333334,3.6543057666666665,25.027513,-10.9446876,0.0,729.0833533333334,-150.1790999999999,-22.625194999999998,78.62567499999993,119.76505499999998,0.0,406.0249999999996
1734,1734,put,599.692,599.812,0.455,5.856111628571428,3.875580463714286,28.814605142857143,-10.878696685714285,0.0,686.0456557142858,-185.64804892857143,172.34701250000003,-44.86348749999999,15.991670357142848,0.0,-1555.971214285714
1735,1735,something,599.852,600.092,0.642,10.9628577,5.548184348571427,21.563912999999996,-15.588295214285713,10.140859285714287,712.7845057142856,43.5906879120879,-73.6718379120879,69.68426835164834,60.52471492307691,25.45063890109889,-654.7725318681321
1736,1736,in,600.112,600.152,0.002,15.567476666666666,-3.4607207333333334,16.09746183333333,2.2913778,34.69828666666667,394.82766,12.153899999999977,134.83816749999994,-365.82399999999984,-25.507614999999998,18.76507500000012,1104.3639999999991
1737,1737,her,600.172,600.252,0.119,14.5715104,1.5721669339999997,16.84009526,-4.792974706,20.8965246,787.6438599999999,-39.20165500000001,0.7525186499999852,254.96708699999994,-93.0389042,168.21187999999995,5594.40325
1738,1738,mouth,600.272,600.372,0.162,13.468465,-3.3250443833333336,22.639282166666664,-18.410600249999998,11.487616833333334,668.800265,31.706491428571436,238.40182699999997,-25.0911242857143,-94.84128928571427,-394.2102414285714,1564.506785714287
1739,1739,that,600.412,600.512,0.214,17.118697142857144,-9.94836240942857,20.704215714285713,-16.635235285714284,0.0,609.0107285714286,36.30108750000001,-140.04392036071428,99.39263392857143,103.13971249999999,0.0,-3140.769392857143
1740,1740,didn't,600.532,600.752,0.23,14.342515833333332,-0.539601861666667,33.560960083333335,-3.993673773333333,0.0,886.1507950000001,-46.69208601398601,114.17288014335662,10.780773251748249,-31.399698895104887,0.0,-1148.7891013986014
1741,1741,need,600.772,600.872,0.121,10.960344833333336,5.378966551666667,42.23542666666667,-5.905828093333334,0.0,395.779775,45.577778571428574,49.692240128571434,-16.10791428571425,-32.58121988571429,0.0,-2450.751842857143
1742,1742,to,600.892,600.992,0.492,9.885665333333334,5.075977916666666,23.351750666666664,-11.842164083333332,0.0,375.96434,-102.39165999999999,-74.69752128571427,-26.46508857142856,45.79923071428572,0.0,56.44248571428559
1743,1743,be.,601.012,601.193,0.449,10.061580489999999,1.4830967259999999,34.1938946,-15.5362041,0.0,762.088253,39.80410366666665,-21.75010281818182,81.38855878787876,-13.577240909090898,0.0,-1753.6538454545455
1744,1744,We,601.213,601.273,0.708,8.29983,-1.6922284649999997,50.3651775,2.4005192500000008,0.0,846.5534275,-91.40851000000006,88.23984370000004,359.83689000000015,-120.55710500000002,0.0,386.9217500000014
1745,1745,asked,601.353,601.473,0.298,3.7090087000000005,-0.02777517000000067,29.772663700000003,-7.908739595999999,7.0560023,634.8018330000001,-118.22052333333332,266.6628852424242,-169.56654333333324,56.56879220606059,-85.49475,-1788.6390030303032
1746,1746,not,601.493,601.713,0.633,8.437608291666667,0.5482938916666668,15.742004833333334,-28.6565155,15.16494975,682.4081783333334,27.24211138111888,59.52831375874125,-19.609204545454535,57.647806643356624,-158.88963129370626,-2481.655314685314
1747,1747,"to,",601.733,602.013,0.661,12.824869510000001,-0.8622962986666668,26.390761600000005,-2.4880035780000003,0.0,624.3014573333334,6.33327500892857,-32.33851336428571,-62.605894285714285,-1.786247049999999,0.0,-806.8549214285713
1748,1748,right?,602.053,602.293,0.268,14.50616875,-14.244930525714286,22.999667928571427,-20.904012335714288,12.299802071428571,547.6916214285715,-5.651843351648343,31.021714610989005,9.080624505494505,-40.16261783516482,-41.165774175824176,1018.3073230769229
1749,1749,We,602.313,602.413,0.823,14.844395416666666,-5.8592217333333325,34.46769583333334,-7.315511516666667,11.281313666666668,601.274195,-24.086026428571422,-207.18098285714282,375.8750271428571,-16.645549000000006,387.38453714285725,-1364.5570714285723
1750,1750,asked,602.473,602.593,0.377,8.395265355555557,-0.24635748888888997,24.98608433333333,-1.8293891000000002,8.040562888888891,517.3174444444444,-112.13290391666668,288.63665366666675,-126.77120250000003,96.49286641666667,-150.70430666666672,-2221.2668583333334
1751,1751,not,602.613,602.773,0.923,16.33821,-5.100614244888889,22.84669522222222,-25.756552066666668,8.730393777777778,469.34125222222224,-31.652772500000008,88.71017193000002,4.290936666666673,189.59135333333336,-98.25673166666668,836.9009583333333
1752,1752,to.,602.793,602.953,0.734,10.206944633333334,4.454742700000001,32.469918666666665,2.2333075688888893,0.0,720.5814766666667,111.12372908333334,-52.33677166666667,-12.278350000000003,-56.04486068333334,0.0,-807.1521500000005
1753,1753,Because,602.993,603.213,0.941,1.5471633499999997,9.73599993846154,29.55732115384615,-9.327647823076923,9.586181538461538,693.857286923077,-93.60680451923075,81.1783401098901,26.00535824175824,5.247650659340655,34.13800714285715,563.4100274725274
1754,1754,she,603.253,603.333,0.9,-2.254402438333333,17.131901366666664,37.1972805,-16.515514833333334,14.372274166666665,620.0601516666667,375.17007052857144,-320.11971771428574,347.6745642857143,6.205538571428568,246.71287857142855,865.2123857142848
1755,1755,was,603.373,603.473,0.954,7.5315101,4.843823304285714,21.59190842857143,-7.1763935142857145,28.643536857142855,825.7653457142857,-188.61448107142854,180.98218364285717,-4.104035714285714,130.32527,-154.19313392857146,3764.1877857142863
1756,1756,just,603.653,603.853,0.486,9.191977278947368,1.2352718105263156,20.770860852631575,-18.20021167894737,6.134792,596.8063168421053,33.45452725438597,-4.583520333333335,-3.694189701754386,-37.73336142982457,-51.339855614035095,-85.19263771929828
1757,1757,listening,604.033,604.313,0.359,4.632269508695653,7.53074802173913,21.879262895652175,-5.5208114130434796,4.540294608695652,623.4133660869566,-2.9990582509881407,19.527939342885364,-3.9657005237154155,-8.630343216403157,36.13693423913042,-198.57414229248997
1758,1758,to,604.333,604.393,0.54,12.912023999999999,-0.8563339249999998,20.64926025,-9.166434324999999,18.3824975,978.28995,54.30875000000002,176.6937005000001,104.40649500000002,337.10230550000017,-0.41214999999999785,8863.596000000003
1759,1759,me.,604.414,604.514,0.634,3.8287487833333333,-2.0716238733333334,43.1285885,-11.943017750000001,0.0,896.2648666666668,-73.91648471428573,45.04122405714285,79.65450142857145,-70.66868357142857,0.0,-6345.218000000001
1760,1760,I,604.594,604.674,0.492,10.2877940175,-2.9470063250000003,14.9911991,-13.0478524875,24.468410624999997,708.1353174999999,165.97040189285713,64.77701119047619,71.0065338095238,-325.56732541666656,123.32061607142853,1576.1497619047616
1761,1761,"mean,",604.694,605.014,0.474,11.308245152941177,-0.9071586911764706,20.30251199117647,-15.412472529411767,19.294552705882353,648.9006929411764,8.723345269607842,-7.142799454656856,-91.80454177696076,77.35041599264706,-23.245669852941177,763.8990906862747
1762,1762,I'm,605.114,605.294,0.536,9.44396982142857,-4.729875450000001,24.492892214285714,-12.583135935714283,0.0,622.9418735714287,-82.39921686813186,95.65366275824172,18.020022087912103,72.38376807692308,0.0,1230.7890868131867
1763,1763,not,605.334,605.414,0.144,-2.6893908,20.343018233333332,30.80662633333333,-11.938869250000002,13.421097500000002,696.43906,302.95703028571427,-288.6269242857143,299.4142114285715,231.15142357142858,230.10087857142858,6399.956457142858
1764,1764,sure.,605.454,605.574,0.265,10.333834475,0.5021029874999998,16.3686516,-7.2924539049999995,11.480367874999999,765.0282824999999,-114.0337607142857,-96.75928482142855,-104.06980666666662,-9.450862571428578,-88.32768392857142,545.1874523809524
1765,1765,I,605.634,605.714,0.521,14.270557142857143,-6.574696071428571,21.352914857142856,-19.87202971428572,18.620797857142858,657.0701585714286,26.750105357142857,322.3688241071428,156.10859999999997,224.21903392857143,346.1480767857142,2877.8924821428564
1766,1766,don't,605.774,605.934,0.33,4.294712712727272,1.2838895909090908,19.405714545454547,-20.85843756363636,26.656345090909095,615.4458945454545,-50.83322371818184,-91.5699186818182,54.26266590909092,-190.03774263636365,140.33223681818185,-793.9312363636368
1767,1767,see,605.954,606.074,0.27,9.782840928571428,0.09392802857142867,41.74680057142858,-4.6174963857142854,17.189522857142855,841.3956257142858,145.07282535714288,97.68830214285714,-10.40373214285716,187.65971357142857,-429.7432696428571,-3849.669464285714
1768,1768,people,606.094,606.274,0.168,13.657680779999998,-0.4042105699999999,26.656214999999996,-3.88951713,23.3872529,848.70592,9.831717999999995,85.51704372727272,59.126112727272705,39.06480639393938,-244.44877727272726,-3076.2977333333333
1769,1769,get,606.294,606.394,0.825,14.710820166666666,-0.012745653333333282,33.23695466666667,-3.3925216499999995,0.0,562.953305,62.67487285714284,76.22665542857143,-34.96077714285716,179.23948242857142,0.0,7467.5324142857135
1770,1770,back.,606.414,606.574,0.89,12.400414777777776,-14.019121603333332,22.737142444444444,-7.136359688888888,20.469434777777778,776.7373366666666,-24.52412416666667,181.03961561666668,92.82917833333337,149.91677408333337,-303.0583866666667,-3312.134149999999
1771,1771,We,606.614,606.714,0.756,14.441112571428572,0.0345429830000002,31.713728714285715,-3.9030647999999997,5.124440285714286,756.2103571428571,-42.35339285714285,55.39675903035714,142.38385357142857,17.558953392857145,-64.05550357142856,-4581.920392857142
1772,1772,get,606.754,606.854,0.799,14.4522142,4.6755007285714285,38.564076285714286,-6.314187114285715,10.683379142857143,563.0356714285714,132.20823357142856,136.0187330357143,-69.03865357142857,88.10099839285714,-333.8880982142858,1269.9402857142854
1773,1773,back.,606.894,607.014,0.864,14.9537890625,-5.542090825,28.410396875,-10.8432299875,8.530581000000002,390.9459425,-43.76915208333332,111.15009892857142,115.51691726190474,92.42198982142855,-162.91777976190474,-163.50610714285716
1774,1774,You,607.054,607.134,0.608,8.000425100000001,11.496444266666666,38.38851966666666,-5.891890616666667,0.0,697.0585416666667,58.14245971428571,-97.51609428571429,6.923259999999961,1.0929915714285776,0.0,-141.59618571428567
1775,1775,do,607.154,607.234,0.484,13.653862720000001,0.45606712,37.528909,8.7647753,21.3758354,682.832392,112.41477400000002,-33.99174750000001,-229.44197000000003,149.19805900000003,535.00737,-8128.153100000003
1776,1776,not,607.274,607.394,0.782,14.545849,-5.5350427,22.327886874999997,-18.467980824999998,17.94095825,577.43261875,7.708472619047623,111.55552488095239,74.47808630952377,13.498112023809519,-341.4216059523809,341.7597083333331
1777,1777,get,607.414,607.514,0.705,14.340004383333332,15.8416559,35.40411133333333,2.4927353666666665,12.044283666666667,672.5980933333334,255.48046157142858,278.1645494285714,-132.9874457142857,520.2534574285714,310.73022285714285,7175.074857142857
1778,1778,back.,607.735,608.075,0.393,1.7172999721428568,7.157740324999999,9.410783475,8.912245576785713,0.0,790.3382935714287,-9.823345764367819,-28.38740856458675,-8.453040753968251,-27.011905582238647,0.0,-370.9032958401752
1779,1779,Here's,608.095,608.275,0.744,8.447620601,4.4999373380000005,22.4170839,6.104446712,8.356046000000001,585.1859549999999,-81.87715410606059,149.12113177575753,-26.298045151515147,-44.407284084848456,0.06515757575758732,3300.601918181818
1780,1780,you,608.295,608.375,0.711,7.627255600000001,0.62497724,45.329328,-2.82313402,0.0,1007.09856,107.77770000000001,-248.89558800000003,166.71331000000004,-97.74923600000002,0.0,6571.848000000003
1781,1781,do,608.395,608.455,0.352,10.3513075,-1.488936975,43.63346799999999,1.6396091079999997,9.3652945,801.64396,-78.78574000000003,251.38935250000011,-156.66263999999995,91.57815348000004,561.9176700000003,-15140.41740000001
1782,1782,not.,608.515,608.615,0.696,13.619897875,-7.37392374125,26.658865125,-23.85755925,22.814138875,664.8155225,13.205110119047612,44.456303041666665,90.50661250000002,-62.86503095238091,-325.38512321428567,928.3559642857145
1783,1783,You,609.455,609.555,0.375,12.790020212765954,-0.7432220180000001,29.829935617021274,-9.97521279680851,6.138433468085108,695.97297,-7.292615162465311,5.345769555966698,-13.611541234967623,-13.643185877081407,-16.442108522201668,-343.97185574699347
1784,1784,do,609.595,609.715,0.954,14.665014937499999,-3.85756446875,44.402013124999996,-7.0116506375,27.332591375,544.5673637500001,69.90872291666665,-49.36620657738093,-139.67393035714284,53.52604565476189,261.36249821428567,-1063.0604226190474
1785,1785,not,609.755,609.915,0.933,12.747507149999999,-12.58421015,23.8619184,-27.2581772853,23.525753799999997,682.4282599999999,-30.64461439393939,5.769435424242422,51.606384242424234,-104.64027073606057,-275.39207030303027,-987.7660181818179
1786,1786,let,609.975,610.075,0.963,14.6261805,-2.5533742249999998,28.735756125,-12.0687245675,25.3469645,861.47872875,-3.572739285714279,-138.5193620238095,-65.07086369047617,-179.15087513095236,370.75086309523795,390.5780178571428
1787,1787,me,610.115,610.195,0.993,13.665806283333334,4.091234275000001,40.61445366666666,-11.925823450000001,21.0025215,523.897345,10.999562428571451,151.41266621428574,103.76220571428576,209.02733500000005,-541.1144042857143,2976.2154714285716
1788,1788,tell,610.235,610.435,0.902,3.7033971466666666,3.7649532325000004,31.056687083333333,-6.274272344166668,17.404860083333332,799.8588391666668,-4.931266097902101,-14.110322722027965,114.73858269230767,-27.01592069405594,-35.92423513986012,-725.7773583916082
1789,1789,you,610.455,610.575,0.992,6.326851428571429,1.4454229900000002,51.48499614285714,13.847437071428573,0.0,1179.7629628571428,76.18700089285714,3.763865178571415,-185.14673392857142,-57.32362857142857,0.0,-2314.663178571429
1790,1790,do,610.616,610.776,0.782,13.5045759,0.19405866999999954,33.7271947,0.3821807700000004,26.679672800000002,637.728407,25.89863727272726,-109.35061778787878,-13.742146969696968,89.05178687878784,238.20947696969694,1174.1849848484842
1791,1791,not,610.836,611.036,0.803,15.331821615384614,-12.618260078769229,23.875017615384614,-24.746067169230766,15.804919846153846,746.006253076923,-3.6687313186813246,-44.38161403296703,-22.77450796703297,-170.1108107692308,-54.21075989010989,244.70274175824173
1792,1792,the,611.076,611.176,0.157,17.81968414285714,5.846361685714285,24.85582971428571,-13.841286571428569,19.030843142857144,646.4914228571428,-32.15549464285713,212.74161517857144,259.74927321428567,307.44751857142853,13.692507142857156,2471.5514642857142
1793,1793,board,611.236,611.496,0.559,12.033932654375,12.880054606249999,23.230184361249997,-15.936395798749999,15.8902966875,483.11979125,-5.1044509477941205,11.4808947867647,-60.93444340735294,-4.649414488235296,1.1571252205882456,-707.9379088235295
1794,1794,certified,611.556,611.956,0.379,13.66938491304348,-4.038893691304347,15.976848726086958,-8.878540982608694,17.157102304347823,571.099977826087,35.22523468873517,-77.09093473814225,-8.352021823122525,1.8177496195652176,6.485822924901174,506.42548666007883
1795,1795,emergency,611.996,612.396,0.36,10.585835754545455,3.042840790909091,21.255741340454545,-4.1115732454545455,12.177155090909093,798.5967850000001,-34.20566836815359,57.284162072275564,52.84213313128176,20.323557639751556,-59.07824889892716,155.8923785996612
1796,1796,medicine,612.416,612.736,0.203,9.729807994117646,7.058159729411765,22.614075923529413,-7.506852841176471,15.534556764705883,709.8706376470589,19.225644117647057,62.99975725490196,-17.61900644607843,33.67864037990196,-70.68515392156861,-372.3294473039215
1797,1797,business.,612.756,613.236,0.531,2.44305628,3.255855828,23.748453495999996,-8.761687724000002,12.534723680000003,720.5586336,-4.112041288461539,4.166841873076924,46.08323941923077,-5.760392069230767,-26.372806384615377,-267.7056292307694
1798,1798,She,613.256,613.357,0.767,5.215872666666667,9.846900533333335,36.31972433333333,-8.922998616666668,13.450815666666665,761.860065,314.36093942857144,-279.0521757142857,150.7185542857143,32.521372714285725,230.38193428571432,8254.491442857145
1799,1799,was,613.377,613.497,0.772,7.603080928571428,11.697613571428572,28.286477999999992,-5.394912642857143,16.401388285714287,949.1235100000001,-129.68528035714283,128.70954642857146,-101.81600357142858,9.588561071428579,-144.31523392857147,84.97414285714312
1800,1800,awake,613.557,613.897,0.842,11.382198345,-2.2477398079999995,22.838840984,-17.472784204999996,18.724834800000004,856.3930885,-52.474658003759416,-0.07901585714285793,46.42403837142858,51.12013090601504,-90.35566428571428,-42.51753045112797
1801,1801,and,613.957,614.057,0.892,4.592782175,7.600871287499999,36.108748625,-2.5864938874999996,13.001232875,602.74937875,18.189670238095232,244.06983398809518,-103.42627559523811,41.56333279761904,-247.65010059523814,-68.34852976190396
1802,1802,she,614.097,614.197,0.933,-0.41442935714285667,20.775195257142855,37.624427000000004,-6.620374442857143,11.626737857142857,549.9393142857142,242.70022946428574,-291.5812233928571,158.93718571428568,105.4997575,218.0019785714286,447.6395357142849
1803,1803,was,614.237,614.357,0.81,5.22478731,12.48346630875,24.2229955,-5.786199738750001,10.153900875000001,952.04479875,-97.1632408333333,109.93253018452377,-116.16167142857141,-116.46905335119044,290.1544339285714,-2935.818291666666
1804,1804,alert.,614.377,614.657,0.519,9.35214264,0.7525019106666664,21.00445357333334,-21.74227010666667,26.11321006666667,946.1003000000001,-70.60757874999999,67.23052196428571,57.1246507142857,136.3177122142857,-177.17921839285717,212.46801785714294
1805,1805,She,614.677,614.797,0.578,3.8400842757142852,13.802862608571429,35.903484285714285,-10.690224785714284,10.645695714285713,770.7779471428572,228.30680905357147,-284.78182203571424,83.97689821428573,125.5984114285714,66.83971428571428,7516.058767857141
1806,1806,was,614.817,614.937,0.393,7.886434100000001,-7.530497214285715,13.418706285714288,-24.094838428571425,22.289664571428574,691.8557814285714,3.397557678571426,-217.2873357142857,-76.18568392857145,-121.24572678571428,422.3924875,-2139.366303571429
1807,1807,looking,614.977,615.297,0.314,8.8012382,-3.9848458277777783,25.405360944444446,-10.1423895,31.187527833333334,752.4238872222221,22.343536026831785,-46.63525840557277,3.358396646026834,85.510153126935,66.19887445820434,-987.5497724458203
1808,1808,at,615.357,615.437,0.741,4.599529792857143,3.8360839142857137,18.73627657142857,-8.707695042857145,17.312733428571427,946.6728357142857,-37.56600276785714,480.5814214285714,156.8019964285714,383.6368655357143,-434.1207178571429,-818.070535714286
1809,1809,it,615.517,615.597,0.285,-2.51526957125,17.4261439625,32.185484125,-1.5856060975,0.0,1072.730935,-7.351480410714289,48.63969220238095,22.73194702380951,-32.524134178571416,0.0,1585.6856547619054
1810,1810,as,615.657,616.018,0.438,8.19137356952381,8.008335489047619,22.470882523809525,-21.194955357142856,21.10056219047619,583.9474157142856,19.095473163636356,-41.45371878311688,-39.19460707792208,-36.790802389610384,23.06623298701298,-1062.6924733766234
1811,1811,you,616.078,616.518,0.505,11.092438012,-3.9064988188000003,25.87739748,-17.885454879999998,25.029624039999998,477.285292,-1.7192345423076927,39.48161030692308,72.07898739615386,27.291874076923083,-39.51519219230769,422.1925973076924
1812,1812,might,616.538,617.118,0.498,4.630733668333333,9.314553442000001,25.49366293333333,-16.562745396666664,7.770962466666666,486.3509463333333,-9.292494070634035,34.28489462847609,60.348337050055626,-2.6096808976640706,-56.917418020022254,-227.06166907675194
1813,1813,not,617.138,617.298,0.617,16.382597555555556,-9.337232066666665,18.09370211111111,-15.867724511111113,22.478616333333335,811.3003644444444,23.72242166666667,124.11705450000002,101.35991500000003,190.38543925000002,-332.1836100000001,569.3662666666663
1814,1814,be,617.318,617.398,0.65,5.40403218,15.8647892,34.5080192,-14.854284099999997,0.0,432.626908,-124.67642000000005,131.97217500000002,30.655970000000053,-6.466339999999989,0.0,-2003.6321999999998
1815,1815,half,617.438,617.598,0.581,13.77823453,0.9448724950000003,14.413158196000001,-11.36902615,8.097395299999999,592.376638,82.365751,85.58413919696969,4.55493183030304,-58.277293727272706,-48.907105151515154,1460.663327272727
1816,1816,of,617.618,617.698,0.772,12.063226199999999,7.46332864,23.8482356,-5.34632828,0.0,663.6738560000001,-85.79467500000001,100.399889,242.98314000000002,227.91462550000003,0.0,776.5146500000005
1817,1817,the,617.738,617.838,0.579,1.5142428714285714,13.64477849142857,13.080205214285712,-4.381655514285714,11.426685857142857,813.5293157142856,-230.50207946428569,294.8142440357143,-11.04422607142858,172.0939842857143,-357.6466964285715,-4187.494375000001
1818,1818,same,617.858,617.978,0.416,6.378337771428571,9.795711514285715,31.596393142857146,-12.446967857142855,27.670080571428574,571.0403642857143,216.41663285714284,-201.5624,256.66226071428565,-180.71529821428572,344.9310285714285,-1231.8938928571426
1819,1819,thing,617.998,618.118,0.408,11.3769686,10.1772531,35.17843257142857,-14.277617714285713,11.001687142857142,457.1835028571428,33.58299696428571,47.838174821428574,-22.853819642857122,68.64037678571427,-343.8657267857143,388.5791071428573
1820,1820,and,618.238,618.338,0.281,7.345815045454546,5.645521909090909,26.94731354545455,-14.238111872727272,0.0,414.08456090909095,4.257242363636365,-29.77307363636364,-55.8264381818182,-5.892325363636365,0.0,48.66318636363636
1821,1821,they,618.358,618.458,0.128,8.838245516666667,5.145763466666667,20.983336166666664,-14.459493283333332,18.971572499999997,408.20601000000005,-47.49470814285714,25.634131999999997,-2.2148957142857317,80.47948785714287,283.9047928571428,-981.9420285714291
1822,1822,were,618.498,618.578,0.079,15.202162433333333,0.46036800000000005,14.560783200000001,-13.509185216666667,26.669557666666666,740.9938766666668,185.50431742857143,56.352082571428575,-322.91483514285716,-83.64456214285714,-455.8122000000001,-651.4825142857144
1823,1823,gonna,618.598,618.799,0.344,10.001398663636362,-3.4076436581818186,19.49248827272727,-0.274000309090909,21.77805018181818,787.4900690909091,4.021717045454543,-3.867401381818181,35.24541681818182,63.133185272727275,-166.2455645454546,-665.0974454545456
1824,1824,put,618.819,619.139,0.617,8.816417195470587,5.003458,23.13344794117647,-18.17729606470588,15.948242117647059,602.0853141176472,-18.26094452585784,93.24250001225488,39.288072181372534,-4.885128333333337,-121.9039705882353,-844.7536495098037
1825,1825,she,619.179,619.279,0.566,6.567112200000001,10.24568632142857,47.05422271428572,-5.6381861,0.0,526.2636171428572,246.6428085714286,-257.53670669642855,222.05724642857146,92.17857357142856,0.0,-2831.5828928571423
1826,1826,was,619.299,619.399,0.362,14.315168216666665,8.3856839,39.535017333333336,-3.4163258333333335,7.101507833333334,774.6292416666666,-169.89525642857143,180.15122542857142,-272.57997714285716,-210.029608,-244.03689857142854,1230.5686428571423
1827,1827,anemic.,619.499,619.919,0.482,14.491601261538461,1.8276389838461538,37.66973219230769,-10.166973653576921,6.051184846153846,554.4923507692308,3.907387846153849,0.8673903422222201,26.257773658119657,1.2730114593333322,-4.966610700854696,-112.49141641025638
1828,1828,"No,",620.279,620.439,0.713,11.467997576923075,0.5886798698846154,19.3880238,-12.214354476923079,4.280642192307692,591.1001542307692,-5.818812427350426,-16.491599624564095,-22.03963739487179,-5.477741029059828,26.64024846153846,793.1066497435894
1829,1829,you,620.459,620.999,0.761,5.981421332142856,5.823858260714286,25.611850442857136,-11.855398305714285,16.08611817857143,583.3443914285715,-9.468590411877395,28.88701208675424,0.1883827257799656,-26.037519214559385,40.839963587848935,-671.0167799671592
1830,1830,don't,621.78,622.04,0.545,4.144639823557693,6.902340273269232,14.091307898076924,0.703772746153846,7.88145775,721.7379659615386,2.8994020146311783,-14.379352882673096,10.41031225027747,-43.07104766797576,22.582666488090155,59.27097167676942
1831,1831,know,622.08,622.26,0.946,10.082066581818182,2.2745958463636367,17.676742636363638,-20.73347009090909,6.78649109090909,871.4479754545456,11.18650572727273,-47.20069110000001,79.25824136363637,-40.478505000000006,-50.97937363636365,-1843.090004545455
1832,1832,what,622.3,622.4,0.395,10.031300142857143,6.013369788571427,27.601084571428572,-17.448966000000002,0.0,522.9951985714285,6.380219642857141,-123.90694325000001,-217.15122857142856,-135.35100892857145,0.0,-2452.7760535714283
1833,1833,you,622.42,622.54,0.233,11.585713285714286,-2.976645905714286,18.003454,-23.567261285714288,27.240940285714288,504.91736571428567,27.623275000000003,129.49571874999998,155.85778749999997,-135.92620714285718,-452.81361071428574,869.2311428571434
1834,1834,don't,622.58,622.7,0.138,3.3860121,12.235598187499999,21.073730125,-7.8030713875,9.529590500000001,697.03436875,-121.9495502380952,151.5876675595238,28.953339880952377,44.05079898809523,-181.48231309523806,-34.114244047619536
1835,1835,know.,622.76,623.02,0.368,10.71745888125,1.6760604125000003,24.633239312500002,-5.822665441625,4.7742543125,458.431356875,-11.324357022058818,13.116019691176461,42.74476639705882,23.603327146617637,-22.506293602941167,222.49885073529404
1836,1836,You,623.06,623.14,0.639,13.563358666666666,5.414360683333335,26.7559935,-10.097115516666667,10.547505000000001,569.4182233333333,350.5052477142857,-339.2544807142857,75.87494142857142,-9.559254999999999,180.4209942857143,3682.6368285714293
1837,1837,don't,623.16,623.38,0.337,7.523117530833333,3.16998011175,10.957058083333335,-20.219336825,32.78000775,759.9575683333334,-58.10057591083915,44.879946688636345,-198.23899041958046,36.60788833916084,272.96981870629367,946.6240874125872
1838,1838,know,623.46,623.62,0.902,12.964640500000002,4.212661589166667,10.69543565,-20.100555333333336,22.433501583333335,668.3608033333334,18.843917482517476,-12.302896966783218,-56.75218723776222,-88.59858601398601,227.90257709790208,941.4600419580418
1839,1839,that,623.64,623.84,0.621,9.208915136363636,-0.6060590272727272,33.64212209090909,-8.8237312,27.700149,484.8913281818182,65.40317677272729,-82.78033722727274,127.22190590909092,37.03920250000001,-202.37614454545465,-2897.4469590909107
1840,1840,dude.,623.88,624.221,0.537,9.690686178947367,1.7148830605263157,27.802546357894734,-12.19539059473684,5.345054736842106,536.9999705263158,11.96020756140351,22.94851021052632,-33.54298977192983,-11.137210903508777,-28.114832456140363,-241.55467543859655
1841,1841,You,624.521,624.621,0.369,8.096746185,4.175536254999999,29.840492499999993,-13.11402377,4.5473079499999995,671.106419,-12.721724800751883,-3.1947936127819525,7.072612105263159,23.11785220300752,61.55022214285715,764.0871390977444
1842,1842,didn't,624.701,625.021,0.391,8.35358562,2.5315714889999996,24.409942040000004,-6.694184448500001,13.052432049999998,556.3642025,0.8439277443609016,36.47156239924813,120.94521817293236,-2.734811730451138,-61.004342669172935,386.2556469924812
1843,1843,do,625.061,625.201,0.638,12.433043000000001,-3.0455289722222223,30.946448555555556,-3.1888025222222227,0.0,703.4667244444445,5.096499166666667,122.60247412500004,-59.30622750000001,-156.04935508333338,0.0,873.6124583333337
1844,1844,you,625.241,625.401,0.613,7.345708643,4.000708084,33.766162800000004,4.894853929999999,8.511197,1016.2976349999999,30.38825785151514,-37.39391006060605,80.62273030303028,-34.62984039393938,-51.66380909090909,1933.9286818181815
1845,1845,didn't,625.421,625.681,0.337,6.242590885714287,2.9011884892857145,35.990703214285716,-2.573885814285714,19.069202642857142,777.4300035714285,18.031994571428573,-29.009050598901087,-68.74381461538461,-28.078815054945057,-52.00518120879119,-1063.122636263736
1846,1846,go,625.701,625.821,0.592,7.830939942857143,3.3659433714285707,28.987369857142856,-13.034685571428572,0.0,659.5024142857144,26.26059107142857,-145.34455964285715,127.8045821428571,6.568216964285708,0.0,-1169.6956428571432
1847,1847,to,625.841,625.941,0.296,0.6478546666666665,19.699483666666666,19.50605283333333,0.8765093283333334,0.0,514.6351816666667,-87.56880400000001,307.55542,-175.77709571428574,-35.698634528571446,0.0,2670.317385714287
1848,1848,CBC.,625.961,626.461,0.607,1.2974534659230768,16.176955407692308,31.331692526923078,-3.471194078076923,15.354471384615383,616.7972992307692,-7.834367636205124,19.3431801059829,-25.698613936752125,0.9027309861538468,-47.683717538461536,-1191.2807839316235
1849,1849,I,626.521,626.641,0.409,13.927236377777778,-7.563254747777778,20.558363944444444,-6.556357784444444,22.87205522222222,624.9789344444445,88.4461545,-51.45096559166667,-53.05600916666667,154.5325231666667,-260.87678500000004,-2614.5720000000006
1850,1850,"mean,",626.702,627.542,0.598,6.743611351433333,8.007038266666667,18.798593822222223,3.7703996704444447,8.839355777777778,809.5520231111112,3.5727149317852454,1.7299848115942018,1.0940084769433454,5.766222592094864,11.03996919631094,50.22710256917001
1851,1851,this,627.562,628.102,0.467,5.004188316428572,10.612225476071428,24.934240542857143,-19.168198571428572,6.799754357142858,444.9109385714286,-8.19708477586207,20.02605412110016,-45.83662806239736,-42.80371974548439,-35.657107799671586,89.29660837438416
1852,1852,is,628.182,628.322,0.434,7.400820472727273,2.7735997272727273,16.019442318181817,-22.224622090909094,15.463826636363637,596.4452272727272,-29.92870377272729,116.11938500000004,12.491212272727276,77.10802772727276,-154.6432290909092,2238.546740909091
1853,1853,most,628.402,628.622,0.612,3.651417793333333,13.039153689333334,15.00476096,-34.848815046666665,29.387519533333332,844.0558880000001,-5.591615991071427,24.992928878571426,-84.38670578571427,-134.58166519642853,50.13073285714286,-1632.568567857142
1854,1854,likely,628.702,629.042,0.857,7.410725286666667,8.778125204761904,15.324674990476192,-19.482726999999997,19.685215952380954,624.5221123809524,-3.939828584415584,23.905043694805205,51.84550671428572,83.8027328896104,-53.12216162337662,-908.4448233766233
1855,1855,half,629.102,629.302,0.661,8.750366503076922,3.0642151230769223,18.160460315384615,-13.167592261538461,12.762806384615384,628.8060253846155,75.16345589010989,-6.959653076923084,-45.144507609890105,-69.20485054945057,117.052853021978,-490.775706043956
1856,1856,a,629.322,629.403,0.478,10.16477992,3.453931133,17.62009868,-22.0343098,0.0,776.263416,-63.50140900000002,23.816259350000003,132.57389600000005,163.07643000000007,0.0,1230.6496999999997
1857,1857,glass,629.423,629.583,0.356,5.578845277777777,13.009140037777778,7.896794336666667,-16.26501092222222,17.360903666666665,703.0689477777778,-123.2342941666667,315.5765136000001,52.64588538333334,289.97499675000006,-328.05379666666664,-2285.0476916666676
1858,1858,in,629.683,629.803,0.57,2.8073797127272724,15.913248981818183,32.293831636363635,-11.433268136363637,15.313019272727272,439.2397945454546,113.78695305454548,-127.88929150000006,122.39252318181819,-107.23659909090911,-113.69133999999998,-114.9951818181819
1859,1859,me.,629.843,629.883,0.016,11.1704991,6.101887375,38.5293955,-10.419200075,0.0,399.44169250000004,39.691848,-245.3140505000001,-102.91197000000005,-166.01071850000002,0.0,1640.3735500000007
1860,1860,"Okay,",629.903,630.283,0.436,12.357147385000001,-0.5218893400000002,23.5454801,-11.975056905499999,0.0,551.1271800000002,-7.534471432330827,37.57961237593985,15.341028646616543,43.01075921390979,0.0,-198.32917142857139
1861,1861,how,630.343,630.503,0.874,12.558400490909092,-8.251030354545453,21.260579954545452,-9.739591227272728,10.92961909090909,646.0196445454545,42.17023727272728,-116.48944240909093,4.503482727272732,6.676623409090914,150.2701954545455,1498.2932454545457
1862,1862,many,630.523,630.683,0.806,5.6789913400000005,3.851876022222222,38.331292777777776,-16.285214831666664,44.13679833333333,450.3613633333333,-89.40030371666667,131.4815891666667,170.76600500000004,-212.17544860833337,5.670964999999994,-416.5310833333336
1863,1863,are,630.763,630.883,0.804,13.100913109999999,-3.813595452999999,17.06414842,-5.131400620000001,30.2837908,713.2536289999999,90.20669154545453,26.874667778787867,-128.0963482424242,166.9888936363636,-342.63469757575746,2517.8719363636355
1864,1864,Doc?,630.923,631.203,0.822,15.2569023125,-3.218857535,24.154062268749996,-14.509040724999998,3.5122145625,657.057235,1.9718782941176485,6.5788509676470515,41.38223308088234,-6.8568373235294136,23.579620808823517,-89.67172941176459
1865,1865,"Okay,",631.323,631.563,0.378,12.127451296111111,0.3116783555555556,31.111561833333333,-11.779098133333335,0.0,582.5742066666667,32.73454913570692,-6.2226845510835895,21.009923271413836,5.6731514138286885,0.0,-924.248593395253
1866,1866,I'm,631.583,631.703,0.285,10.521997071428572,1.6858333785714288,21.832775285714288,-21.998778999999995,0.0,467.41673285714285,-7.015319642857142,12.610984017857144,55.10586607142857,54.10813392857141,0.0,1394.776803571428
1867,1867,glad,631.723,631.883,0.269,11.729577822222222,-3.1758931343333336,24.17507666666667,-12.831975344444444,0.0,542.8073677777778,82.33357566666668,4.609966806666675,64.28337083333334,175.3569364166667,0.0,1617.184283333334
1868,1868,you're,631.943,632.104,0.186,13.159719818181816,-5.899715627272726,28.042648909090907,-12.155705336363637,15.991420818181819,753.123250909091,-12.80967727272727,-26.233431409090915,53.56469863636364,28.112822500000004,-78.07087681818187,1097.8685181818182
1869,1869,an,632.164,632.264,0.41,13.632224587749999,-4.97191026625,28.290100125000002,-5.5519304925,14.01791875,529.40274125,82.90385421785712,4.1776638988095405,112.38531249999998,11.356697726190466,-201.35871428571426,-33.735672619047676
1870,1870,your,632.284,632.444,0.474,14.812858611111109,-7.0976055222222225,27.571734333333335,-12.557575544444445,19.217611777777776,690.6011088888889,0.8012195833333428,-4.0232715833333295,-148.91606500000003,-45.07195141666668,-2.5372991666666995,1194.3708666666664
1871,1871,"doctor,",632.464,632.724,0.36,11.599674257142857,-2.0936913322142856,21.916639142857143,-12.563255571428568,10.105870214285716,550.7676678571428,11.226193934065934,15.71447530296703,13.43556637362637,61.05496707692307,-155.33919285714282,-351.4511791208792
1872,1872,but,632.744,632.844,0.439,12.024299216666668,-3.834711683333334,24.05618816666667,-2.3731953666666663,0.0,619.0786283333333,-47.807325,62.316363857142875,13.378350000000008,1.3821617142857037,0.0,-1068.842071428572
1873,1873,you're,632.864,632.984,0.018,7.825639114285714,6.790750861428572,28.440271999999993,-2.322960900000001,3.114842,556.1587242857142,201.7883801785714,-116.49826180357141,16.121283928571454,163.78347160714287,38.93552499999999,3051.4502857142857
1874,1874,not,633.004,633.124,0.313,10.563089285714288,-8.390544285714284,24.952491428571427,-23.0249866,10.223128571428573,497.28254999999996,-42.61308124999999,76.36860357142855,166.10131964285716,-11.746422142857147,-319.2149285714286,-2612.2453214285715
1875,1875,you,633.164,633.304,0.488,13.418578555555557,3.064456014888889,37.158366,-16.099071933333335,5.548367555555555,427.7786822222222,47.05199000000001,4.288044556666667,-130.56645250000005,95.6754156666667,103.91012250000003,99.28380833333344
1876,1876,mess.,633.324,633.464,0.491,7.5553529875,1.5637582749999996,23.00142925,-9.859432137499999,9.20024375,654.806695,-138.83652803571425,268.5290991666666,57.97883333333333,-50.17041279761904,-262.71889880952375,-2290.0616547619043
1877,1877,You,633.484,633.624,0.423,8.2345478875,6.875590752500001,30.945250125,-11.1076622575,0.0,509.52872125,92.69618482142855,-151.7694180357143,20.989910119047615,103.51534584523809,0.0,-55.829398809523774
1878,1878,know,633.644,633.744,0.21,12.767385999999997,-4.2267372750000005,23.838405499999997,-14.294141783333332,11.698376666666666,574.4397566666668,1.0654114285714282,33.130432928571445,23.380581428571443,0.38917214285715807,-200.47097142857143,-3515.586085714286
1879,1879,the,633.784,633.884,0.42,12.819809142857142,-7.589420814285715,21.323143428571427,-6.276799142857143,9.888642571428571,735.7567114285714,19.498400000000004,-29.732060178571423,-195.19818571428567,-46.486682321428574,185.57074642857143,638.4381964285726
1880,1880,emergency,633.904,634.144,0.173,0.9439355563076922,14.376099515384615,22.669681076923077,-8.862643592307693,0.0,658.5844307692308,5.621858450549455,76.99228936813186,-68.78643324175823,-38.34224428571428,0.0,-1066.6477719780219
1881,1881,services.,634.164,634.504,0.595,9.006265413333333,3.9887164333333325,17.492043866666666,-9.900329377777778,4.0970524444444445,528.4183705555556,-37.51820317853458,41.133833343653265,13.344193725490197,13.004727543859653,-45.672523116615075,436.9923906088752
1882,1882,"No,",634.624,635.185,0.518,13.394418864705884,-0.9425139780882352,21.112547232352945,-1.7467741330588236,6.463618647058824,608.7071794117646,7.7568803850267365,18.91196055297937,10.100387087089382,11.687437654545452,-11.08562731856379,-484.032501298701
1883,1883,"no,",635.305,635.585,0.614,9.81523316,-5.0858118150000005,17.928648540000005,-6.6476342499999985,33.460547,655.198455,-3.895499082706768,50.908752936090224,37.88599815037595,21.70451947368422,-139.5145897744361,-313.14804661654136
1884,1884,those,635.625,635.805,0.51,6.290566081818183,14.125239636363636,14.476922309090908,-7.863963345454545,11.506181818181817,738.1837100000001,-63.73342659090912,32.900383181818185,-91.2577190909091,27.67100986363637,-114.61278909090913,-579.6857045454547
1885,1885,guys,635.845,636.065,0.428,8.087078166923076,-1.0739539630769235,21.157948230769232,-0.511823046153846,12.24278023076923,653.7168907692309,35.66394323626374,50.97799065384616,10.804822527472531,13.418182115384614,-22.4907554945055,-280.4431648351646
1886,1886,work,636.125,636.285,0.341,13.146364254545455,-0.6482946318181818,19.613747945454545,-16.575535222727275,16.05605536363636,624.2765854545455,21.366417772727274,-64.05178111363638,53.40669445454548,7.528819022727279,-119.52100227272729,-1998.1816454545456
1887,1887,for,636.345,636.505,0.653,14.346433863636365,4.391626691818183,13.92573850909091,-8.760607066363635,7.613203272727273,589.7800209090909,-12.771334136363642,67.50414539545459,-88.93473159090911,80.17222393181822,19.06653181818181,195.59397727272702
1888,1888,me.,636.545,636.765,0.894,2.677546503846154,11.804757976923078,33.778113692307684,-15.716619176923077,0.0,695.8865353846154,-42.38743810164835,71.56925552197802,67.26992912087913,-62.880546071428576,0.0,-2022.9982994505497
1889,1889,I'm,636.785,637.426,0.379,13.267915536363635,-1.5014246157575752,22.231922575757576,-7.308285427272727,1.265618787878788,570.2757942424244,3.246953923796791,-41.13592243950536,-26.6452633355615,9.074844293114973,11.167224598930483,-200.83163485962572
1890,1890,an,637.486,637.646,0.757,0.9109830154545455,13.61721813181818,32.00620009090908,-10.30938609090909,7.66165109090909,539.7304490909092,-64.71061834090911,199.10478940454547,141.73230909090913,-85.28636750000003,-172.32327636363644,-732.1714227272729
1891,1891,ER,637.786,637.906,0.554,9.327453019230768,-1.4179076000000006,9.488360815384617,-10.84444500076923,30.46931184615385,644.3100353846153,96.4774401098901,-66.48410884615384,-106.8846684065934,74.63010416483516,-107.02834532967033,472.9064752747251
1892,1892,doc.,637.946,638.186,0.779,13.944624121428573,-8.095262821428573,18.822717107142857,-13.02639808571429,0.0,752.5916314285715,26.62580724175824,6.583039065934063,-9.507441263736274,77.91943991208791,0.0,-961.6930351648351
1893,1893,Okay.,638.286,638.526,0.382,13.346969411764704,-2.9823365317647057,23.71158705882353,-10.110382529411766,0.0,431.40831,2.181758210784313,-23.512607566176474,38.59321360294118,55.50575948529412,0.0,-114.35540808823531
1894,1894,"Okay,",639.011,639.271,0.687,20.246669239473686,5.632349650789474,20.532329810526317,-0.794729836842105,3.6012607894736846,697.1889668421052,17.143299213808948,-23.864114073038625,-15.643274397636501,-26.45093296421928,4.276026162599847,-59.79929302987198
1895,1895,so,639.691,639.971,0.9,10.921243677142858,10.222908922857144,5.362703817428573,-3.7188923000000003,15.6237194,747.8917297142857,-23.3565031442577,-56.775976239495776,-39.36632782226889,-123.28093771008399,79.31724197478988,-903.874871148459
1896,1896,what,640.452,640.572,0.758,31.050809733333338,19.296260073333332,14.751831110000001,-10.128762990000002,17.995593700000004,764.4215386666668,-8.172921579532815,-7.016302698553954,12.412062310344828,67.79509275305895,-2.7511831256952095,169.3122634037819
1897,1897,they're,640.612,640.772,0.941,12.779404610000004,-4.167086686999999,3.045087181,6.652334272,22.4032834,692.5346910000001,-46.779199787878774,98.1777256515151,-42.32988633636363,66.24989667878788,-205.35941090909088,581.3896272727271
1898,1898,talking,640.812,641.132,0.856,20.95205441111111,5.1785766355555545,20.989420683333336,-15.453251044444443,30.037110777777773,829.0759827777779,38.68265305469554,53.41788991124873,157.35749785861717,-34.8165916615067,23.021864705882347,653.5763761609904
1899,1899,about,641.172,641.392,0.891,26.09949323076923,-9.807238192307693,22.284633353846154,-10.33676843076923,30.281832846153844,742.31591,-29.262158241758243,-35.250485521978014,8.821188296703289,55.898716016483505,-70.41137060439559,189.9676675824174
1900,1900,here,641.452,641.672,0.685,22.27253105714286,2.767832004999998,37.587516928571425,-4.132111043571428,25.863857714285718,518.0677628571428,190.41131432967032,-110.89444415934064,-121.29297967032963,43.66577291318681,68.24586615384612,-1777.4789054945054
1901,1901,is,642.072,642.172,0.816,23.246612360000004,8.979875292000001,30.259995439999997,-0.18603743200000025,17.0928678,539.6027232,-47.61244882692308,0.5137278846153853,77.5856943846154,-53.933396719230764,80.79796292307692,-564.6692911538462
1902,1902,the,642.393,642.513,0.662,5.598612217647058,25.095893152941176,20.766253429411762,25.023296294117646,7.143071470588236,910.8720905882353,41.089022892156855,-115.93495607843136,162.90189203431373,-58.9216269607843,39.337979289215674,701.3580539215685
1903,1903,trooper,642.553,642.893,0.821,16.640934268421052,-1.334874887368421,0.33082702105263084,5.088545178947368,26.076221578947372,908.3616178947369,182.09258083333336,0.6486077035087725,-138.1915027017544,-64.67366007017544,91.39293947368422,15.906937719298245
1904,1904,was,642.933,643.053,0.693,15.274761175000002,20.9737492125,14.51642755,8.31921075,18.464181625,601.3067874999999,-390.1676851190476,321.81700851190465,-66.65650845238096,403.81078095238087,-349.5066898809523,-4612.13088095238
1905,1905,irritated,643.153,643.633,0.857,21.841070465517237,1.4013373462068968,28.356800424137926,4.0207240620689655,23.90084717241379,682.7073268965516,-0.5116895320197036,-1.1704766556650201,35.66969252463054,-3.363987342364528,23.07503605911329,402.9022716748768
1906,1906,with,643.673,643.813,0.822,26.864634888888887,6.920636551111111,22.909307444444444,0.010580533333333579,17.22992488888889,493.1652555555555,-224.9481841666667,48.837384233333346,-14.339545833333336,192.33082083333338,-260.82858583333336,-714.6103333333331
1907,1907,him,643.873,644.053,0.885,23.942133166666665,3.864322016666667,36.86316583333333,-0.9691433683333331,29.892235749999998,584.8602533333334,121.87644755244753,43.5477759090909,-15.62030804195802,24.037940814685307,-12.510367657342652,-1127.7549265734265
1908,1908,because,644.574,644.814,0.87,19.855123333684208,17.114824790000004,25.969500384210527,12.842574378421055,7.605064105263158,772.5478663157895,-52.725617818798554,-11.451322079986873,-0.26103547324652693,-20.30099129412408,30.364694933800195,35.252404858299634
1909,1909,he,644.854,644.954,0.938,-0.7466599128571433,13.183782757142856,45.732579,1.8534245285714288,26.93789471428571,955.2432785714284,-22.382642535714243,-128.5217669642857,181.61183035714282,69.16622071428567,-340.058125,-292.0183928571425
1910,1910,shows,645.014,645.314,0.74,2.9170363944444446,7.235509899444444,14.197193813888884,-13.331893266666663,31.826347444444448,862.603143888889,142.06938605263156,121.88462165273478,-162.61601353199177,-60.132441971104214,115.96982703818371,753.8388808049541
1911,1911,up,645.414,645.494,0.756,25.443953444444446,-4.098668077777778,4.830405422222222,-17.770680566666666,21.75440366666667,619.1058544444445,65.74922583333334,41.26802183333336,125.92581291666669,149.26579675000005,-328.4681925000001,-1086.08205
1912,1912,and,645.514,645.574,0.075,28.8264615,10.586236750000001,41.83822025,-2.664322975,26.68581925,706.1846625000001,-160.57880000000003,155.97424500000005,453.50948500000027,-388.26635950000014,530.3386850000002,7789.205850000004
1913,1913,he,645.594,645.654,0.768,7.7547574500000005,11.632604675,62.41790900000001,0.1463442500000003,8.647435,1038.5804425000001,-497.26047100000034,258.5885295000001,-123.75458000000016,595.8668750000003,-518.8461000000001,16154.089150000009
1914,1914,tries,645.694,645.894,0.796,5.422204616666668,2.0133527333333348,10.841174633333333,9.055231008333331,18.48111858333333,788.0763891666669,87.59072849650349,157.6652499300699,-193.91059853146848,-73.71065673076924,-78.40467150349647,-982.2130017482517
1915,1915,to,645.934,645.994,0.752,7.867467611999999,34.6874322,2.7260020999999997,7.815523140000001,14.944251,592.687578,397.6528544,40.672204999999984,218.21774500000004,142.49354500000004,-187.17382499999997,1202.1715499999993
1916,1916,put,646.034,646.154,0.901,31.254296500000002,0.801625174999999,12.3148279625,1.4267338780625,30.833989625000005,733.50945875,126.30231309523808,-325.31322809523806,98.73321053571426,-59.97620769434523,133.20234226190476,2677.877648809523
1917,1917,a,646.194,646.234,0.499,32.601598249999995,10.9201075,30.554331249999997,4.545793875000001,23.03964525,534.291035,123.06982500000007,578.1754000000003,150.26722500000005,642.3205925000002,-489.17273500000005,8461.043500000003
1918,1918,gumball,646.314,646.915,0.906,27.839151558823527,17.931786187352944,6.903364685,-31.252944523529408,18.409199617647058,651.299125,-9.623666241405651,22.36688200878532,-24.96848674293352,-108.4116758456837,-24.178838892284176,14.079916348357552
1919,1919,in,647.155,647.215,0.978,23.505144599999998,17.065495233333333,23.368343820000003,1.6515227133333334,14.657115133333331,692.67855,-21.764844999999998,-50.042236339285715,110.82451158928569,67.52163557142856,159.02606892857142,-1053.2214142857144
1920,1920,the,647.255,647.315,0.996,18.8377892,8.74727104,36.6502076,0.8595909800000003,13.401691399999999,409.253002,-22.042749999999995,149.0464225,92.46753000000001,28.3468645,-502.92480500000005,-58.19084999999968
1921,1921,teenage,647.355,647.715,0.706,4.271727284999999,7.114227685,38.977507115,-3.1069313849999998,19.291746699999997,822.8589585000002,29.647369657894743,-55.50581455263159,33.42906965789475,54.32132240977445,-16.460975263157895,355.77513646616535
1922,1922,girl's,647.755,648.055,0.58,15.790340807647059,14.224530717647058,0.7089186941176472,-2.3425104205882366,16.49128717647059,821.8324470588235,20.334414895833323,176.99896653186275,43.78969297794117,-13.158333609068631,41.563856495098044,269.7460502450981
1923,1923,mouth.,648.115,648.475,0.901,19.440238904761905,2.1373414952380956,3.712140426476191,-3.582016568095238,11.833960142857144,736.6724633333333,-64.65538347402597,89.2976779025974,-19.21236043727273,39.58946173506494,-111.64244512987014,912.6856311688312
1924,1924,Because,649.096,649.376,0.876,12.090897100000001,14.018083433333334,22.474720551111112,15.752036968888888,8.1740538,880.4962380000001,-6.629868437417657,-8.149348497364958,1.7162916001317525,-20.389877923583672,29.176781660079055,-273.940087483531
1925,1925,he,649.436,649.576,0.954,-2.8310312000000004,12.885074732000001,28.34482139,-1.2647032100000004,16.262553099999998,913.7996350000001,42.44065515151514,92.97403492727271,-12.571252393939396,126.27538918181816,-0.8618966666666859,3293.215209090908
1926,1926,suspected,649.616,650.156,0.876,8.837618917241379,7.662227979310345,12.502109326206895,14.066240565517242,15.252125413793104,882.4127451724138,63.58327266009852,-69.3309946871921,62.40604433448273,-57.18084015270935,2.2399897290640367,-505.6131248768472
1927,1927,Ronnie,650.216,650.496,0.803,27.08164394117647,3.8618281647058827,21.09680836117647,-20.758951691176467,32.07324311764706,697.7932505882352,-29.18599399509804,41.99034769607842,222.05590616666666,-47.21305040441177,-65.84757916666665,288.1225845588236
1928,1928,Jackson,650.536,650.997,0.904,8.954644100000001,6.787910044799999,5.238804514,11.194364116000001,20.80501872,744.8721300000001,14.628756576923077,112.87835689923078,-44.22131178076923,90.52617438076922,-30.947430730769234,92.95276769230776
1929,1929,suspected,651.037,651.657,0.879,9.518753907272727,7.926165695151515,13.684037481818182,5.908784872727274,20.73827193939394,766.4625121212122,51.0432220324198,-64.48417381483956,82.01090755180482,-95.3930721440508,38.60775155414438,-970.591154578877
1930,1930,that,652.117,652.317,0.787,18.69559253030303,1.2095826054545458,23.497267757575756,1.5249232060606066,13.647075757575758,683.1697966666667,16.190525098596257,-39.717485994318174,-23.404951453877008,-45.61598593248662,34.331228459224604,-237.9625492981283
1931,1931,the,652.397,652.617,0.677,13.53561446,8.812691838,44.990701800000004,-28.645691198000005,26.722476733333334,976.57913,-73.21910251785714,34.45512460892857,162.52380357142854,-240.08624476428565,138.98697767857138,-79.95707142857157
1932,1932,teenage,653.157,653.558,0.728,16.33334975425532,13.342833573404258,35.23648619574468,-9.337020346808512,14.19653810638298,773.4142157446807,-26.432348853203052,-17.433781322271052,6.886723329093437,0.0060966541396828295,22.068953954671606,378.31994796484736
1933,1933,girl,653.598,653.778,0.882,22.70192759090909,1.9027965181818187,1.4047477363636365,-25.57422617272727,29.317421454545453,756.1092445454545,120.44658204545459,136.6909363636364,52.54598604545459,-278.9243174090909,78.0645972727273,-1127.2682545454547
1934,1934,was,653.818,653.918,0.878,11.300315914285713,31.796830214285713,8.684417085714285,-1.6244017371428565,15.351911285714285,582.9852657142858,-447.07555821428565,277.3178151785714,-250.67474232142862,562.5438982142857,-383.6143035714284,-4488.163428571429
1935,1935,suffering,653.958,654.358,0.884,18.470407018181813,4.802467527272728,7.438932816363636,2.2016535636363637,22.852117454545457,722.6493372727272,62.44975161490683,-19.325184212309434,89.62046856691134,23.60925514398645,3.617822473178989,-33.32536589497461
1936,1936,from,654.418,654.598,0.806,19.539786983333332,8.791787733333333,8.44936115,1.4445613500000007,25.54011916666667,837.6301716666667,202.81897513986013,-131.28920444055942,24.106114999999978,-269.0706431468531,154.24283461538457,125.04723076923092
1937,1937,low,654.838,655.018,0.966,32.2223918095238,27.028695714285714,20.377916191285713,-17.407997231904762,19.66306214285714,749.8393819047619,-38.561015909090905,1.6309007142857135,-19.200414142987015,-121.91617911428571,17.480884350649355,-102.1718058441559
1938,1938,blood,655.038,655.278,0.797,18.91022133846154,14.595413761538461,18.445029307692305,-21.012198423076924,20.55551115384615,793.6752153846154,-135.58321703296704,-26.570829642857145,65.03261890109889,199.05948145604393,-110.69352802197803,102.00612362637358
1939,1939,sugar.,655.318,655.619,0.795,20.732082705882352,2.104850658823529,19.57762982352941,15.574108970588236,0.0,704.0171323529413,226.67672781862746,-60.609406127450974,-103.21882408088234,41.93503339460784,0.0,-795.2188247549021
1940,1940,But,656.319,656.599,0.757,23.823971517755098,4.509831395918367,18.28109312244898,7.800574341836735,13.074946265306124,834.306589387755,-25.867928526989793,-16.268636227295918,-28.027445097959188,-63.06900658163266,23.432359867346943,-203.42421010204086
1941,1941,how,656.659,656.759,1.0,0.1712644999999995,-23.671668375000003,13.228497587499998,-2.8992552500000004,23.127636,857.982075,172.14340357142856,-92.40426607142855,-436.7263344642857,-350.19855,444.92774999999995,-869.9595238095231
1942,1942,do,656.799,656.859,0.997,14.076521500000002,-10.757146132,19.032126754,-29.5837538,46.6494766,904.323428,28.75945749999999,295.38761990000006,312.30242230000005,-492.60348000000016,-14.769540000000031,598.1737000000013
1943,1943,you,656.899,656.999,0.887,20.80058771428571,3.347302528571429,21.014522357142855,-19.260633714285717,44.56594128571429,809.8561928571428,276.4238392857142,136.87466035714286,-190.73624553571426,338.88151428571433,-24.07560535714285,-5078.975321428572
1944,1944,know,657.059,657.239,0.792,25.832259083333337,-2.676644471666666,-6.896482308333333,-24.018726416666667,43.048834166666666,815.4238733333333,-52.929553321678306,9.390809423076911,-190.71205449300695,-146.1564159090909,-75.87258426573423,600.4116258741251
1945,1945,"that,",657.299,657.539,0.778,21.68561106666667,-6.085299778666666,9.692692546666668,-2.233921099999999,7.6244914,703.7061353333335,29.162252142857138,-150.0849110285714,34.45990576785714,42.401712499999995,-122.89997357142857,-1006.1875553571427
1946,1946,right?,657.78,657.92,0.793,28.095373105263153,7.046691187368421,14.053056815789475,5.865737282105263,12.803917105263158,711.2642589473684,-33.30310885964913,-93.25779531052633,-13.412243596491235,-116.04508866491231,96.43758903508775,-643.863613157895
1947,1947,By,659.02,659.1,0.929,13.646825195932202,1.2533905483050851,17.199410099999998,6.187800919661017,11.5718476779661,774.1973871186442,4.921117181706606,-6.890037672267682,-29.7162027618352,11.779860209409705,15.24128783606079,-99.2989274108709
1948,1948,the,659.12,659.18,0.273,14.050529,-13.122273999999999,-18.10711175,-8.4896703,50.74545675,1027.443285,248.12854000000002,84.85905000000002,-1.262074999999967,-21.893323000000024,-33.67905499999998,-1271.7819000000009
1949,1949,"way,",659.2,659.38,0.857,12.36267327,-9.133030960000003,22.79400501,-24.3191168,33.6194275,919.3754879999999,86.01944821212119,161.88642727272725,281.6738577878787,-96.26495151515147,-332.7243148484848,-171.75769696969658
1950,1950,how,659.5,659.58,0.999,15.56303705,-9.391361850000001,8.00903903,-3.68056993,18.0874056,826.1275469999998,-151.93054196969692,-262.50986403030294,-213.41558512121208,93.52695706060604,330.76415636363623,2408.038027272726
1951,1951,does,659.62,659.74,0.867,13.781511763500001,-2.351980987500001,-7.468558025,5.5948361,41.336696875,820.62091,-202.6633206309523,570.521677440476,-66.40701535714285,-5.600993690476208,-154.69750297619044,-4560.853309523808
1952,1952,the,659.761,659.861,0.749,-1.4139541166666663,17.513782915083336,12.745849516666667,-2.6771062333333333,23.03918133333333,1021.9564916666667,-101.51862042857144,-19.438079272142833,699.0128755714287,-42.21374257142857,-595.9108571428571,5900.042642857142
1953,1953,trooper,659.881,660.161,0.912,12.140058600000001,0.07763485999999986,-0.21175463333333358,6.452707289466667,24.53143053333333,837.5835353333334,205.16198910714283,-57.4891720892857,-207.1985023035714,29.96191453,125.57280321428571,-882.6378714285713
1954,1954,know,660.201,660.341,0.779,21.08265738888889,-11.634540477777778,-2.7241113144444444,-20.743077677777777,40.330836222222224,682.6330855555557,-180.3679083333334,-57.212136,-40.62098764166668,-387.4208595833334,-147.51191,-3400.2589916666675
1955,1955,that,660.381,660.501,0.838,5.254218691250001,17.781850075,23.444265662499998,-4.642556399999999,26.830820375000002,986.59367,-383.196940125,35.4030325,318.79944220238093,131.1300208333333,-376.82277440476184,34.1037500000003
1956,1956,she's,660.521,660.701,0.746,-3.8754180531999998,24.32216021,16.29732687,5.561009520000001,35.1920864,859.400679,180.9599164666666,90.50985578787875,-360.2046209393938,61.98010799999999,208.32377939393933,-3974.1407606060598
1957,1957,"anemic,",660.741,661.161,0.778,19.414064031739137,-2.3806159565217384,23.007404282608693,-16.59384189,31.62394413043478,839.0177669565218,4.871571690217391,12.872407139328061,88.686592444664,10.470434514328065,-112.33561951581024,-1456.724745553359
1958,1958,right?,661.201,661.601,0.416,13.429269747272725,-6.626894851363638,5.741513388181818,-11.11233318909091,20.815223045454545,584.9478454545455,-9.989066737436476,50.694377267927734,99.98768464878599,-29.56741810954263,-51.901131309994355,203.83065047995484
1959,1959,These,661.681,661.841,0.915,12.25322765,18.6124135525,22.611455844166667,-4.337982858333332,38.63666658333334,928.3613649999999,-199.53883608391612,-59.78057089335663,-128.07233345629368,-94.92847246503496,-22.173055769230782,532.9119335664338
1960,1960,are,661.861,661.962,0.687,14.305937499999999,-12.037542116666666,-10.438572916666667,7.192296899999999,46.904501,756.3702433333333,320.72977571428567,-109.03476499999988,-9.712463571428568,193.98577285714288,-42.120519999999956,2559.5258000000003
1961,1961,the,662.022,662.082,0.974,25.52274,5.060606,3.4296661,-3.6499411,43.11778533333333,849.428415,18.401134285714292,-36.19408171428569,233.74246285714284,-143.85808685714287,-51.49204285714288,1242.9668714285715
1962,1962,details,662.122,662.522,0.882,11.696806409090907,9.126356445454546,15.832411255454547,-24.877284799999998,32.40405813636364,768.2705786363637,25.374945093167703,-52.69951041784304,-109.59326160869566,-28.415291671372106,-10.723183992094862,-531.3585231507625
1963,1963,that,662.562,662.662,0.989,13.407294799999999,15.670002371428568,9.841735357142857,-0.6538011857142854,26.995833,770.2069914285714,115.88191392857142,-365.1687442857143,339.1899305357142,-258.26046910714285,129.5797267857143,2205.1314642857146
1964,1964,have,662.702,662.822,0.99,25.886045375,-0.055879012500001046,14.030588471249999,-1.3759158125000004,28.08821025,883.463975,193.94977916666662,276.52699398809517,-43.63805069642855,61.79860089285716,-95.14961904761901,-217.7190476190476
1965,1965,not,662.882,663.062,0.844,24.777293,-7.649274723333332,14.271665341666669,-16.610541066666666,21.534614,658.4593675,-45.14971188811187,-90.57143693006994,-82.77260452797202,-93.06526657342657,-64.68332377622376,-1282.308854895105
1966,1966,been,663.102,663.282,0.75,28.218001454545455,9.508623072727273,28.49179345454546,-8.724083472727273,36.26772309090909,752.2068427272727,-7.000226818181806,-16.40380804545455,18.24679863636363,-58.09187322727274,5.430822727272725,-499.65492727272715
1967,1967,reported,663.342,663.782,0.943,29.736586484,9.39654506,4.46005453904,-4.7606690156,25.058598200000002,878.9617704,-40.38446058461539,-40.6688682576923,115.41574766015384,-29.59455069230769,57.64179996153845,379.25978192307707
1968,1968,yet,663.822,663.982,0.996,17.83439555,-8.99550619,37.776147800000004,-31.4181893,30.731884100000002,618.619008,59.61377742424242,-242.02027978787874,-88.92372303030301,-28.708708181818174,-182.51207848484844,-3710.9538060606046
1969,1969,or,664.062,664.163,0.862,30.903682444444442,2.4001986777777784,3.4648339777777775,-2.637675100000001,15.245877,918.3892099999999,-175.31112166666674,248.87008208333336,90.29665133333339,262.1471045833334,55.231195833333324,1346.8170333333337
1970,1970,sussed,664.223,664.543,0.87,-0.7046233368421052,20.879642052631578,-1.194154295263158,10.820172,14.739315842105261,853.8631526315789,31.903678043859653,11.364110526315798,-9.652197398245617,19.246053157894742,4.272895000000004,-17.51582368421068
1971,1971,out.,664.663,664.783,0.846,17.286832583333332,-14.040473704166667,7.0959331125,-18.000063675000003,26.684347083333336,530.0737875,46.39377045454543,140.48832665209787,-37.28646811713287,-28.870325926573422,-150.2997477272727,1328.1261555944054
1972,1972,But,665.083,665.183,0.833,11.963832790000001,4.47478296275,21.27081525,1.3416710649999999,8.49144445,709.388201,16.77612033082708,38.38220777161654,16.844039962406015,-43.88897922180452,67.10298507518799,-189.82895413533845
1973,1973,the,665.223,665.303,0.881,4.856328116666666,-0.8696889999999998,31.040983333333333,-28.636724766666664,22.357914833333336,883.7054600000001,-180.707849,-371.3103714285714,62.807280000000006,-624.9638177142857,-190.20699285714295,3668.907657142856
1974,1974,idea,665.383,665.703,0.97,10.482780250000001,-10.437657225,23.66698755,-25.570203929999998,36.4258376,794.0313605,-31.8785260075188,30.187731357142845,26.878027481203013,3.3519202030075195,81.27377000000001,826.5816545112782
1975,1975,that,665.743,665.843,0.938,13.657203999999998,4.2621361942857146,35.870007428571434,-27.55589185,41.79548871428572,727.7759142857143,-83.58866249999998,121.07245510714284,415.6670696428571,-313.3278500892857,-34.324928571428565,-19.100285714286255
1976,1976,you,665.863,665.983,0.942,18.598351357142857,10.031081904285713,44.09237885714287,-15.454819942857144,38.976601714285714,815.6148814285714,-43.21598660714282,95.4754963035714,-152.76421785714285,438.77896678571426,-17.329580357142834,-1030.280517857142
1977,1977,just,666.023,666.324,0.691,8.641865578823529,8.19416413117647,13.827310294117648,-9.788621094117646,21.605441294117647,791.3756529411764,109.06745729411766,-133.0172849742647,52.93106629901959,-69.35034661764706,-63.843181985294116,-1312.4977034313722
1978,1978,swoop,666.764,667.064,0.866,10.914316732432432,7.2937096181081085,16.428648532432433,6.425970328648648,11.845153,876.9346948648649,-4.33764996206733,2.615673575391183,-45.30450875889048,-56.76430729990517,58.56522196538644,-64.58934376481753
1979,1979,in,667.124,667.204,0.754,8.658963657142857,-17.429905228571425,21.21468714285714,-21.226232,45.40935285714285,772.1254142857143,239.86166857142857,137.96813785714286,-40.589807142857126,62.99943571428571,-13.97181785714287,-105.59896428571443
1980,1980,there,667.244,667.444,0.922,20.165761333333336,-15.821227223333333,26.55388908333333,-18.732908749999996,39.10939133333333,662.6035475,-24.257416608391605,-131.52008851048953,39.92641276223777,16.851210979020976,-35.89867727272726,-2644.7788059440554
1981,1981,and,667.464,667.704,0.103,24.10851284615385,-5.530815492307694,27.58520796923077,-17.719404023076923,24.437958153846157,622.9750315384615,-54.53885686813187,34.88176912087911,83.01881824175823,-47.764209010989006,-181.04167115384612,-1195.6713763736261
1982,1982,low,667.964,668.204,0.936,24.147189360000002,13.697134572,18.704928173200003,-25.791103160000002,23.08659244,797.011534,-16.015209846153848,-32.76088573076923,-68.50624731192306,-214.85221887307694,93.09025680769233,62.01194461538472
1983,1983,blood,668.505,668.725,0.936,18.662968615384617,9.952218936923078,16.226158728461538,-40.771245319230765,22.580511076923077,785.8215061538461,-28.978937333333327,-52.656978096410235,30.286696296410245,37.84034217264956,10.456570324786327,-103.35812752136749
1984,1984,"sugar,",668.765,669.005,0.895,13.280207357142858,0.541745076428572,19.546615635714286,3.36676505,18.686520214285714,670.2579114285712,257.4380873626373,-10.074551337362637,-128.7572777912088,38.359914428571436,92.77198164835163,-963.550068131868
1985,1985,here's,669.065,669.245,0.758,11.099729524999999,7.841084360000001,26.946908108333332,3.795823087499999,28.510414333333333,960.8263208333333,-83.87337270979019,101.56299409090906,-114.63888536713284,-24.560728819930073,173.7966867132867,1871.0218374125868
1986,1986,a,669.285,669.325,0.506,21.847331,12.842485100000001,19.51647825,-1.4556120000000004,27.149846,993.8211249999999,182.06954000000005,281.3487080000001,332.18232500000016,478.34214000000014,-580.8842600000003,1903.7294999999992
1987,1987,gumball.,669.345,669.765,0.868,26.008377818181817,5.023914868181818,9.07331010227273,-32.27845008181818,20.77815840909091,660.9686868181818,11.385168548842467,62.04456489271599,-47.35950981507624,-123.5867532806324,-87.55510437605874,-312.39818040654995
1988,1988,I,669.865,669.925,0.697,15.589621374999998,-3.3743883500000003,6.33917506625,-17.708528925,15.229622374999998,609.32445125,-28.033091071428565,-209.75189047619048,211.24193147023806,16.550847023809524,363.22219821428564,-1055.4838750000004
1989,1989,"mean,",669.965,670.125,0.853,20.743071499999996,0.8590027899999996,34.0350982,-29.0513534,37.6834609,832.6570079999999,-43.150058484848465,-1.5242343333333372,117.66576060606056,-84.93672606060603,-120.95418212121211,1919.4200969696972
1990,1990,just,670.325,670.485,0.93,14.495660803333331,23.84974848333333,22.45333615166667,2.813082983333334,7.043033055555556,708.5889472222221,-164.57574601547987,82.57020524767802,-115.3409114401445,21.383139210526327,32.66334907120743,1658.514880804954
1991,1991,chill,670.846,671.046,0.977,9.251929096428572,14.1063731725,20.753628135714287,2.470574904785715,11.199726392857144,898.6073271428571,-31.844500176518874,-71.73868705377667,-19.03408372468527,-122.99445032783251,89.98396700875753,-508.9572082649152
1992,1992,"out,",671.106,671.186,0.362,21.87463342857143,-13.629663285714287,3.752016714285714,-31.639503214285718,18.153557,550.1062300000001,153.34154285714285,288.13712857142855,150.13147285714285,239.21825089285707,-456.98863571428575,-1898.715410714286
1993,1993,bro.,671.206,671.466,0.653,37.67792564285714,1.7770196642857141,5.268920619285714,-11.216192042999998,23.749914642857146,690.6258142857142,-2.958426703296708,-28.78263099999999,58.561275352747245,-109.81018164681318,-4.335003186813193,-363.79664175824183
1994,1994,Chill,671.746,671.966,0.892,13.478642888,8.0581016296,20.22572522,-14.6268481336,18.36134336,778.469844,-56.422327192307705,-51.080048003076925,-54.70215472692307,-72.46854943384615,88.0270928076923,339.1467038461539
1995,1995,"out,",672.046,672.166,0.994,19.5503141,-15.177580639999999,3.5958079350000007,-32.964881659999996,28.5305251,634.332523,141.45716999999996,262.3641642424242,89.27208274242422,54.00274078787876,-263.7883748484848,1883.4854333333333
1996,1996,back,672.246,672.466,0.923,25.113152400000004,-7.914878493333334,7.06068978,-1.7583584666666667,23.644534466666666,759.263292,-11.059186071428565,-47.10058398214284,-22.683264499999996,84.99722892857142,24.37013660714286,-701.5691750000002
1997,1997,"up,",672.586,672.686,0.837,22.264183454545456,-3.4645734490909077,5.404036209090909,-26.436697427272726,23.79347681818182,467.197980909091,29.71189500000002,73.94857203636366,-12.816999409090913,83.04504522727277,-241.86177272727278,-1287.7542500000002
1998,1998,let's,672.746,672.947,0.709,5.0000632846153845,22.30234192307692,15.34280483076923,-1.9525185976923076,11.480012,790.38402,-233.5384466483516,38.81572032967033,106.73400637362636,89.5072885631868,-61.24660494505493,1758.246445054945
1999,1999,try,672.967,673.107,0.82,7.911108874999999,-15.9642655375,10.181363925,5.698554999999999,31.00467875,791.123655,388.69951964285707,-337.0812110119047,-222.6933532142857,-434.6704511904761,300.20874166666664,-2231.598488095238
2000,2000,to,673.147,673.227,0.732,19.124228883333334,-5.848449833333336,16.215630166666667,7.672653916666667,21.02949,741.5531933333333,-294.5199067142857,672.4220214285715,-110.21761857142857,302.6071735714286,-543.6448457142857,1399.7509714285716
2001,2001,figure,673.247,673.447,0.994,19.706486127272726,-3.56953299090909,25.030057909090907,-6.353217381818182,36.231741909090914,784.6789227272728,141.36185245454553,-217.02506218181827,-108.38245500000004,-91.1905946818182,80.44692727272728,-2245.5210500000003
2002,2002,out,673.467,673.547,0.992,25.109935399999998,-15.684736654,11.42765176,-18.90186234,15.529919999999999,492.73715400000003,10.407604999999993,460.36394765000006,253.841192,170.75563300000005,-582.2764999999999,1032.3312
2003,2003,the,673.587,673.667,0.9,7.381150233333333,33.6780228,3.875701940000001,16.7464035,12.200461666666667,915.3574183333334,-374.6228854285715,448.57536000000005,-53.289650971428564,344.5317271428572,-209.4943,6137.982271428571
2004,2004,situation.,673.687,674.227,0.848,5.965463675357142,10.563430397857145,37.34911033214286,-0.6032118785714287,18.668302535714286,777.8146471428572,27.430327613163644,-44.54060300903119,29.079674651067325,-54.61270657088123,58.33045805966064,-403.1540599343185
2005,2005,It's,674.387,674.507,0.868,18.951232514285717,13.972098492857143,30.88614927857143,5.848714935714286,13.7925375,744.4626285714286,-108.8555113406593,2.8258393076923034,-118.72611128571428,67.30510893406591,116.27662032967032,1974.6791868131866
2006,2006,a,674.547,674.567,0.997,17.417890333333332,10.251388766666667,32.413339,9.418381333333333,0.0,476.3954033333334,34.26677499999997,691.8957674999998,-11.853000000000069,844.1335249999996,0.0,2478.3889999999983
2007,2007,chaotic,674.607,675.088,0.857,13.547799468076924,-9.203711899423077,27.775831530769228,-13.785888526923078,24.29865180769231,734.954473076923,0.6869150432478633,-12.401438673247869,-24.958089377777764,15.956414958974344,15.948181145299142,860.5925664957265
2008,2008,scene,675.128,675.328,0.874,6.971456749999999,17.464289508333334,24.143610216666662,4.332018159666666,23.449330500000002,1099.0661324999999,232.07333059440558,-125.22668627622376,149.3816991258741,-168.39193313916084,46.05186643356644,-206.66270804195807
2009,2009,to,675.348,675.428,0.528,5.234148660000001,22.09721824,6.5523815,22.2132533,30.403821800000003,1168.8686999999998,29.84654650000002,127.22130500000003,-22.6287715,121.56351499999995,-390.32639,-2020.0600000000009
2010,2010,say,675.468,675.628,0.813,4.358388929999999,7.62002765,22.871084770000003,5.53817533,24.8161765,750.991525,251.2227715454544,-238.5646046969696,310.124071060606,-362.92958827272724,211.53522696969685,-4584.7423666666655
2011,2011,the,675.668,675.748,0.859,29.411327666666665,13.394308766666668,24.171487499999998,-21.660539383333333,28.56292483333334,871.5136766666666,144.85244285714282,76.77185914285714,-293.59387857142855,-252.30756014285714,258.35025,396.4758
2012,2012,least.,675.788,676.108,0.814,7.100075094444445,14.174705361111112,35.242881555555556,-13.410711555555558,21.827457499999998,876.881403888889,-112.25033695046442,101.3372707894737,-43.520782662538714,199.82857657378744,-149.37995557275542,-1593.1398591331274
2013,2013,But,676.628,676.728,0.819,9.002574612903226,10.096112664516127,22.844875096774192,8.625821158064516,2.8752404193548387,799.5410548387098,41.8537751673387,0.5134194395161285,2.141236229838709,-45.60084201008063,18.1444489516129,292.231695967742
2014,2014,the,676.748,676.848,0.762,18.077055166666668,-4.401319883333333,0.3046824166666659,-7.3347334166666665,36.32063600000001,971.3106566666667,318.8569885714286,-111.51323557142858,-560.3178712857143,-192.7190221428572,294.51493714285704,-3101.914371428572
2015,2015,real,676.888,677.088,0.724,14.956901758333332,-6.360277175,0.7208773583333333,-12.969806808333333,36.28173208333333,987.4501433333334,-53.36606949300697,33.52461379370627,-16.13495725524476,-107.82631617132867,-68.78743199300699,-140.5351853146852
2016,2016,question,677.149,677.569,0.853,8.674861675,4.0445013125000004,17.49385093333333,-12.007111283333336,22.203686541666666,781.2655541666667,-33.97272703043478,3.5969817499999994,122.01625839565216,3.928017113043476,42.696424065217386,1105.6472482608692
2017,2017,"is,",677.669,677.809,0.646,11.126685883333332,3.0502774166666655,34.630922049999995,-16.610801766666665,27.029412500000007,535.6475099999999,-89.32705220279718,321.80793548951044,-222.95843625874124,380.73835734265725,-173.7839664335664,-1440.212548951049
2018,2018,did,678.249,678.489,0.859,17.70385173529412,10.514797438235295,25.47048558235294,7.066344594117647,20.67827597058823,956.4383764705881,-4.27582104354469,-52.51367307639418,14.761048699770809,-86.0236655416348,83.35543180290294,395.45585943468285
2019,2019,Ronnie,678.569,678.869,0.607,23.421205289473683,-8.378432048421052,16.51977180842105,-25.40832236842105,42.725250473684206,876.8979621052631,-51.893752280701776,-0.7405487403508807,197.83031714736848,-59.00754535087721,-11.627431929824565,141.24442017543868
2020,2020,Jackson,678.909,679.39,0.801,11.975828226923076,0.07510358192307659,17.86951943076923,2.9413116669230766,24.422349346153847,807.7640626923076,13.172289379487172,47.31076374717947,-6.702079555555563,27.935577018461533,16.372473145299146,-78.95307641025651
2021,2021,hear,679.49,679.73,0.657,7.772497705882353,3.0772064647058825,29.72418930588235,-3.0810638352941178,26.552374705882354,851.3670923529413,47.94654840686274,-108.50926742647059,-109.2883013970588,53.279306666666656,143.0656199754902,3010.475653186275
2022,2022,the,679.77,679.87,0.806,12.859341714285716,10.582839428571429,29.198283285714286,6.728751642857143,17.518842,900.3531214285714,-53.29102500000001,-1.7216887500000195,253.03858928571424,108.03980535714284,-436.43931249999997,-5485.846785714286
2023,2023,trooper,679.91,680.29,0.764,16.039482619047618,5.187579951428571,8.28580621904762,10.592051623809525,19.421772476190476,851.2919328571427,174.12159006493505,-17.22376758571428,-110.81971157792209,6.232725915584415,31.834454090909087,-425.1954415584413
2024,2024,tell,680.37,680.63,0.904,10.756964859999998,3.231565794117647,-1.7936476235294119,-4.580165511764708,21.82139694117647,670.505928235294,85.66078909313723,20.09556995098039,-65.09674977941175,-229.10351102941172,180.05846102941177,718.8155588235295
2025,2025,him,680.69,680.91,0.775,15.762944000000001,1.5358328571428561,37.11332528571428,-13.872828221428572,35.517944785714285,802.57575,87.05947274725273,-79.06147661538459,53.155229010989025,-29.439143835164828,-20.496086703296683,-369.18616483516485
2026,2026,to,681.27,681.39,0.979,20.144890874999998,17.815193820833333,22.173721954166666,11.141671367083333,8.499150104166667,856.3966345833333,-72.92195871739126,54.855291580434766,-66.4133027195652,17.351162112391304,21.282069228260863,40.048926304347795
2027,2027,step,681.511,681.811,0.894,3.9150190772727274,2.744216954545454,10.391205786363637,7.765231218181818,11.671106545454546,722.5544786363637,133.1008454291361,-113.68630094861659,55.88179262281198,-153.8044696273292,28.558264257481653,-452.4200974025975
2028,2028,back?,682.011,682.351,0.903,19.543359185185185,-5.933361222222222,14.479238237037034,7.3992299453703705,25.53641951851852,807.5730003703703,-34.2169401892552,-81.82713960622714,-45.55515884920636,-6.546663026098904,35.46554481074481,-345.01307905982924
2029,2029,So,682.951,683.091,0.808,11.784561243621622,8.585784762162163,19.139614167567565,13.463826081081084,6.962233783783783,860.1877713513513,-7.104882946680892,32.20275676149835,-1.8836993907064963,-69.9143851469891,42.4336296823139,-17.63942911332385
2030,2030,EMS,683.251,683.632,0.849,10.725226611999998,-1.7720013444444456,22.406179637037035,-23.25527552592592,27.36856851851852,763.256515925926,-6.14525113443223,16.27556578449329,-97.9363206898657,82.71358791819294,-14.519991117216122,-696.2267890720392
2031,2031,can,683.672,683.792,0.959,13.053885925,14.76308775,30.128105374999997,-2.43787866,23.048879125,755.6230225,281.2298565476191,148.9987071428571,124.7201041666666,39.19573966666667,98.42071488095235,4083.0935357142853
2032,2032,do,683.832,683.952,0.84,9.8094081875,14.969525812499999,33.610301125,3.0669491625,30.4409505,660.20151875,238.29095446428568,-127.66974898809522,-84.44492083333333,15.985413035714302,124.74603690476191,-5659.4298988095225
2033,2033,their,684.012,684.232,0.897,15.274357100000003,-7.907399064285713,13.886086592857144,-0.011970985714285629,37.358913642857146,915.0007699999998,71.14760323076922,-136.90314897802193,-121.24446735164834,51.11844709890111,61.46333439560441,1592.6483098901097
2034,2034,job,684.312,684.652,0.899,16.973997447619052,-0.2988263142857142,7.273359099047618,-16.695186968285714,21.43366495238095,666.4071161904762,96.0922191298701,-8.844343220779225,-84.44453220259739,-82.88308648311687,-21.600452792207793,-1248.5327285714282
2035,2035,and,685.133,685.233,0.697,15.446253227931035,0.7798794565517247,27.4907928424138,1.1189498586206894,12.359741586206896,855.9713044827588,21.23226571551724,-22.419188942857136,13.957755257142853,-46.57319917241378,88.15613342364531,-288.26704753694577
2036,2036,witnesses,685.373,685.913,0.811,14.462988350000002,3.739883899823529,13.462809154411767,-9.229856173529413,29.15526661764706,889.3091632352941,-60.03643445454544,21.54862610436974,-22.90517479106187,32.9503986669213,-31.654257822765462,-443.736321695951
2037,2037,who,685.953,686.053,0.869,10.729604214285716,16.464871485714287,11.882378108571428,4.618768857142858,28.520874142857142,1023.0254571428571,498.90339553571425,-44.93155071428572,-169.8004351428571,-397.48605357142856,348.7323,-2444.1150000000002
2038,2038,were,686.073,686.213,0.76,32.544336875,0.8686788174999995,9.0881814625,-2.0276072375,37.296672375,626.6113799999999,-157.59537321428564,10.062985702380953,308.78848994047615,117.6190032738095,-34.92314226190476,-3053.478857142856
2039,2039,there,686.293,686.514,0.796,17.174716133333334,-13.263452346666668,15.702023113333333,-7.162041358,38.20297513333333,758.1497893333333,31.536589821428567,-250.55787917857137,-215.18359230357146,-71.75671591607144,65.54042285714286,1915.0202482142856
2040,2040,at,686.574,686.634,0.75,19.605489833333333,-13.704077516666665,14.59669455,-6.854033889999999,13.911319,704.1186583333333,133.02745,294.6406752857143,299.70239357142856,134.8674939142857,-477.6212314285715,1026.5872428571422
2041,2041,the,686.674,686.774,0.815,18.163866914285716,9.693550814285713,23.936936428571432,-0.08460707142857135,10.781511,622.8856042857143,-74.1674175,275.11821982142857,37.49496785714286,65.10561964285715,-202.5777125,-1880.0203749999998
2042,2042,time,686.814,687.234,0.751,18.167273334782607,-12.750798030434783,18.98660733304348,-11.790007156956523,31.601673478260867,847.7499856521738,61.60946885869563,9.270337371541496,104.51802008399206,-52.31831930385373,56.906463537549385,398.1522440711461
2043,2043,"say,",687.354,687.694,0.582,9.897535195652171,7.004105869565217,33.444229782608694,-14.351754378260871,23.339982043478265,643.3620269565217,51.56130622529643,-94.81442128458495,131.44325683300391,-197.01051155632405,75.98374871541498,-1305.2092687747029
2044,2044,"no,",688.235,688.655,0.738,25.295561343750006,7.272599531249999,17.809578473541666,-16.355535191666664,25.361389625,824.6911064583334,-17.86047848594224,-20.036796738764643,-56.16553250442355,-93.80679052051667,55.96935464068603,148.10168636018233
2045,2045,the,688.815,688.935,0.794,18.479396064285712,14.634745085714286,32.17657196428571,-5.795678092857143,25.209958214285713,759.8644842857142,-213.9088847142857,-30.527303648351644,170.07515565934065,210.54055161538463,-125.82472780219778,972.8907736263731
2046,2046,sheriff,688.975,689.295,0.708,7.689963999999999,-2.244374455555556,16.97019565,4.353661594444444,19.843358,772.0454561111111,176.22786439628482,-12.091626707946336,-152.45672418472657,54.79469161506709,-19.796040557275553,-446.2793792569658
2047,2047,did,689.335,689.456,0.732,18.29916255,20.714693249999996,20.9383953,0.029825476250000094,31.963251625,876.44426875,250.93220892857136,13.92108452380953,74.15756738095236,53.297503767857144,144.77672083333331,1798.6787202380956
2048,2048,not,689.496,689.616,0.841,22.036618750000002,-15.328937849999999,7.1796054824999995,-23.5632826875,22.660617125,650.2019575,92.51700476190474,165.7332742857143,-15.715438083333327,32.55717410714287,-194.92468154761897,1143.0166190476195
2049,2049,make,689.676,689.796,0.774,19.553307,5.7930446,42.27914,-20.7608628,19.89984711111111,608.3590366666666,-120.70807250000001,80.71206000000001,150.62167000000002,45.90389783333336,-301.5410066666667,-3751.959258333334
2050,2050,that,689.836,690.016,0.746,21.222326272727273,-12.936936127272729,22.467921136363636,-6.578324618181818,8.74139690909091,585.4321127272727,31.991841818181822,-85.76506154545457,-23.920769772727272,83.8125583636364,-44.308509545454555,254.13392272727285
2051,2051,clear.,690.116,690.536,0.753,19.000293650000003,-1.2626746307692314,13.337043622307691,-6.293844357692309,26.919586615384613,769.4243853846153,42.83744275042733,-40.0123668068376,35.01138210632478,-14.968293088888888,66.842956034188,-771.0333169230767
2052,2052,And,690.736,690.836,0.803,28.495435533333332,-6.991685240666667,13.331182799999999,-0.6489992133333341,20.689146533333332,509.9929259999999,-92.14032053571428,-11.685171214285715,264.26420321428566,-163.33019616071428,107.61543428571427,998.889383928571
2053,2053,it,690.876,690.936,0.784,22.2015862,-4.425523860000001,53.999790399999995,-7.164755480000002,35.0094328,334.06479199999995,-20.858720000000005,341.6684115000001,-229.64791500000004,526.3136450000002,-5.491700000000002,-583.2525
2054,2054,is,690.997,691.077,0.678,4.937951285714285,39.77674271428572,16.133824885714287,22.465454975714287,33.189043857142856,702.2144057142858,-64.29198196428572,322.1738035714286,-84.55814178571428,162.00952233928572,-28.877824999999984,9062.696428571428
2055,2055,very,691.137,691.357,0.76,22.549253642857142,-3.869742314285715,24.955022605714284,4.5130681357142866,34.30273235714286,704.1071285714287,34.26174428571428,-81.5954143076923,22.40594585494505,-69.79550563736261,52.54238890109888,-3019.636287912088
2056,2056,likely,691.517,691.997,0.763,21.58445709375,8.255743055937499,26.873553734375,-19.12268765625,31.69602153125,747.34899375,-22.46009703995602,-21.471588527950885,40.27377024285191,-5.269121759530791,-7.591800284090912,165.79102895894442
2057,2057,that,692.037,692.157,0.757,27.562112375,-2.089101375,25.43327,-13.385117212499999,25.03346925,718.46073375,137.1710994047619,-156.06179845238094,-319.2355928571428,-12.836106369047604,96.77662857142856,3819.672208333333
2058,2058,Ronnie,692.217,692.477,0.842,27.724054250000002,-1.8022174062500003,29.48133399375,-18.443432899999998,28.001108562500004,604.518038125,-87.25867573529412,109.86893221323527,267.25839678676465,-14.221235102941174,-101.66640301470586,-409.8074389705883
2059,2059,Jackson,692.497,693.038,0.855,16.078103607142857,-0.3178983571428571,20.453152467857144,1.7850324464285714,23.962008857142855,615.0394253571429,55.63472820197045,44.45289216748769,20.398020764915156,17.822885264094143,19.826507525998913,-466.4839371921182
2060,2060,did,693.378,693.518,0.794,19.6472095125,8.536604391666666,30.954899583333333,3.9976121,12.316992958333332,792.125215,-2.3560567326086965,17.478543278260865,-30.971448956521726,0.8337022391304338,102.81711093478258,63.790695217391274
2061,2061,not,693.558,693.758,0.712,16.134818416666665,-21.61889295,12.616790333333332,-19.85490435,22.375474333333333,706.2953658333334,-14.852968706293714,72.98070325174824,-1.8184952097902098,99.53284961538462,-236.07816853146852,-1203.2813653846154
2062,2062,hear,693.858,694.099,0.625,6.785631870588236,1.507274794117647,9.709000794117646,-2.058404035294118,28.167464411764705,984.0394511764706,136.9558550122549,-117.46408436274511,-162.04111305147057,108.74882522058823,178.41842708333334,924.0629656862741
2063,2063,him,694.159,694.399,0.791,17.468952559999998,-4.719754066666667,31.82726973333333,-28.112161594666667,42.83133033333333,952.0657033333332,56.38025117857143,-27.145662392857133,25.66542678571429,41.989021885714294,-5.493166250000003,-592.3833660714288
2064,2064,and,694.819,694.899,0.838,23.063748540000002,4.4218620524,33.85231772,0.5176830055999999,12.73713156,891.4962207999998,-39.98809594230769,-41.49021341461539,32.69881184615384,-48.40224585769231,-14.857557423076925,-384.2294615384616
2065,2065,did,694.939,695.039,0.855,15.770895905714285,8.998052085714287,30.836480285714288,-8.709632299999999,38.180206428571424,1147.045637142857,199.1109184285714,-113.27168535714283,-43.914667857142845,-28.681264285714292,3.1052446428571283,-1731.3811428571423
2066,2066,not,695.059,695.179,0.799,15.840278714285713,-28.213861000000005,14.991641428571429,-27.503507857142857,40.509168714285714,687.857397142857,128.21243928571428,183.9073607142857,82.18456607142858,-97.79686607142857,20.806958928571436,2734.5838214285714
2067,2067,intend,695.219,695.499,0.852,13.008691175000001,4.186004168750001,22.881786400000003,-4.20387668125,20.30294,856.7274293749999,-10.780040308823533,-50.77921874264705,44.14124794117646,-31.65940030147056,-7.7328808823529505,-601.0571139705881
2068,2068,to,695.539,695.6,0.776,3.5577438799999994,36.5294952,13.968373100000003,0.26074804,38.0438528,804.513446,565.5308050000001,-108.44089,1.1790199999999984,38.21803349999999,-59.26782000000003,6060.916300000002
2069,2069,do,695.64,695.72,0.948,15.580176166666666,5.202634215,19.341346266666665,-18.7448775,39.00657616666667,948.9051566666667,199.74241000000006,-314.45966618571435,-283.5586065714286,-520.8289957142857,-1.280581428571444,-968.3777714285708
2070,2070,anything,695.78,696.08,0.795,20.2116462,-0.8214448033333334,39.57545344444444,-16.45335575,30.420377777777773,698.2661594444444,26.862182497420026,74.11688114654284,-9.094849742002074,48.09619409184727,-8.152166357069143,1039.0258673890607
2071,2071,wrong,696.22,696.58,0.58,28.729781600000006,6.88875544,8.7181656716,-24.3817330728,36.26985,779.0888072,-48.36810134615385,-24.063632003846156,-37.04979280346155,-92.65368696076922,7.088977807692313,760.8968161538462
2072,2072,here.,696.64,696.86,0.676,14.941040185714286,14.208480292857143,39.31171512857143,-16.045344068285715,24.475620785714288,788.0021185714286,172.08380901098894,-224.58904998901096,-91.15612951648349,38.45452661230769,106.86253109890107,-2675.3256417582406
2073,2073,He,696.94,697.02,0.67,21.222274375,7.689614403749999,43.145104625,-6.13963095,29.6134245,647.39333375,-237.14680059523803,118.66698562499998,284.76725773809517,-225.47526535714286,-126.51525119047623,-4655.7134226190465
2074,2074,just,697.06,697.221,0.762,-0.2522433440000002,28.803861295,25.616560600000003,6.5083589,14.698671000000001,942.4469589999999,56.12758126060604,168.02929186363633,-209.37228363636362,204.9718049696969,-180.083243030303,394.3592757575759
2075,2075,didn't,697.261,697.481,0.787,20.916861261538465,13.355559300000001,29.040511076923075,0.7925901923076913,28.91234215384616,962.361853076923,144.93476137362637,-57.626727390109885,16.74494752747253,-102.72983549450545,61.35945164835163,-78.99535989010973
2076,2076,know,697.601,697.981,0.584,26.73550688,-3.7634894651999993,20.733805959999998,-31.579574896,27.986137760000002,612.899224,-19.041421807692302,23.614948512307688,-8.211889692307693,-176.90145572307694,-62.300658846153844,-508.12017153846153
2077,2077,because,698.201,698.461,0.796,22.15106156375,16.27866157916667,27.931667041666667,-6.47472419525,19.665406125,634.3159683333333,-95.54742072326086,-23.085929584782612,-39.43538858695651,99.51603839126082,-13.823575326086955,-399.12511999999987
2078,2078,the,698.521,698.662,0.783,18.9742697,5.811992849999998,28.059693499999998,1.2363977900000005,17.3166565,461.47486200000003,111.32464818181815,-223.8034434848484,116.61826636363634,-178.88591687878787,-54.7251887878788,-1512.3976969696969
2079,2079,trooper,698.702,698.942,0.827,14.006466840714285,4.148913921428572,22.426592564285716,8.855828430714286,21.04110221428571,798.9461842857143,196.66605265384612,-55.94830198901098,-48.32548453846153,15.050920310989005,85.95934208791209,123.73502637362648
2080,2080,didn't,698.982,699.122,0.805,26.251803444444448,2.440689244444444,39.23066577777777,-5.311665866666667,30.305573,715.6822544444444,174.9847391666667,32.92540883333335,-117.60145083333337,12.57924333333334,-1.5123124999999897,4171.113775000001
2081,2081,make,699.142,699.262,0.908,15.295461185714284,-2.0869579714285713,53.153855428571426,-21.903545214285714,23.79716685714285,759.2743885714286,-4.438822142857149,44.67967392857144,-11.13675357142855,61.26669017857142,-65.12042142857143,4364.213999999999
2082,2082,it,699.302,699.362,0.75,26.4941328,6.18555384,47.7358022,-2.1477399999999998,6.540828,505.40293199999996,26.75838500000001,356.45697900000005,-186.43197999999998,335.69747150000006,-327.0414000000001,1036.8894999999989
2083,2083,clear,699.442,699.762,0.765,14.770485925000003,-3.41701382,12.467118329999998,-12.3125862215,28.831773700000003,831.8606675000001,31.0523985,-92.70877181203008,120.14963549624062,-46.92040311766918,113.83938120300755,62.80721015037585
2084,2084,that,699.822,699.922,0.888,25.02829225,7.5521884875000005,36.400762125,6.176740263749999,29.96408,497.3190925,-81.20228809523809,90.88750446428568,104.76803869047617,-81.31046310119048,71.93646666666669,543.5421785714287
2085,2085,he,699.942,700.002,0.752,26.28203175,0.7354719249999997,56.2891865,-17.11763175,34.5996095,1097.6906,257.08184500000004,241.38220050000007,-488.45177000000024,281.96847500000007,-2.0004099999999885,3190.3920000000016
2086,2086,needed,700.022,700.163,0.669,23.2148544625,3.3709201,47.05599525,-4.802520100000001,33.39833575,490.60303124999996,-194.25154767857137,121.34357095238093,-8.09327738095239,156.39598773809524,-16.071519047619052,-5084.218208333333
2087,2087,a,700.223,700.263,0.568,-0.7976568599999997,36.187179,10.13063068,23.8110165,13.0644306,596.7216080000001,-474.8001350000001,266.32527,-191.85496700000004,333.6720675000001,-490.58608,6284.1571
2088,2088,step,700.283,700.463,0.788,15.768130769999999,0.16428422000000104,16.5874244,3.9539255540000005,9.6394743,631.505491,252.785541060606,-250.129876060606,88.61225757575757,-168.59133473333327,-30.312656666666665,-3816.224784848484
2089,2089,back.,700.503,700.663,0.833,24.576678,-12.8188065873,13.101255380000001,4.296661516,0.0,625.8183059999999,0.06904363636364531,125.79603250212121,-28.520381454545443,147.84540010909086,0.0,2819.6095333333324
2090,2090,Let,700.863,700.963,0.806,13.536069699133332,5.462598053333333,19.404666000000002,8.361318373333336,13.448177399999999,844.5167833333333,24.38855534625,30.84752760714285,6.312458928571425,-113.57943882142855,181.06454607142857,-54.9493535714287
2091,2091,me,700.983,701.043,0.793,4.0409965,-5.1705559999999995,39.564119,-13.549520724999999,21.40773,1311.71385,-395.3303700000002,388.5242900000002,156.03049000000004,236.29459650000004,-858.4248000000005,3124.227
2092,2092,just,701.083,701.183,0.992,-9.798527300000002,25.788408714285712,10.863658899999999,12.01238068857143,17.862193,1107.81162,10.231054285714277,247.56783392857142,-76.77037000000001,324.2613825,-446.60488035714275,-947.0502499999999
2093,2093,give,701.223,701.323,0.875,11.380589364285715,-0.6173105714285716,35.097994,-5.624345057142857,39.06750057142857,912.4034285714287,166.15076589285715,13.081577857142815,44.37143750000004,114.67137964285713,-26.157571428571444,3911.3852678571425
2094,2094,you,701.343,701.443,0.729,15.1966295,-2.0739527500000015,42.644331,-4.199404371666667,25.252884333333338,1159.4898533333333,-70.34971428571428,313.07630785714287,-149.63437714285715,200.59027878571433,-234.70171999999997,-4550.799028571429
2095,2095,the,701.483,701.563,0.828,26.60180533333333,5.390458483333333,14.640249666666667,-15.693416233333336,34.86380233333333,658.191565,297.3154342857143,-13.950213571428558,99.10284571428572,-3.091749999999934,-24.70677428571431,-732.7836428571431
2096,2096,witnesses,701.583,701.944,0.751,12.9996319,16.986552647368423,15.597153889473685,8.590105254210526,24.836370315789473,630.870885263158,-95.46771310526319,145.0432357280702,-89.73552397368424,176.22628074649128,17.518475000000006,-718.5730491228072
2097,2097,account,701.984,702.284,0.991,15.914700152941176,-10.358000291764705,17.396280294117645,-11.890172276470588,23.859795764705883,643.9783894117647,40.490041446078436,-47.81179138725489,-100.52158237745097,-125.90845789215687,12.261965808823534,489.616426470588
2098,2098,graphic,703.064,703.385,0.965,16.258190296363637,2.3893129727272724,15.57303174727273,-0.7497594870909093,10.713608945454544,737.9384503636367,10.848947668650794,3.428231020562773,-9.366314683982687,-9.326072441919194,19.638396857864365,-217.36952038239545
2099,2099,aid,703.425,703.565,0.317,12.225804555555555,11.490929644444444,57.085791666666665,-16.58742134888889,22.513931888888887,474.2939511111111,17.51639666666666,164.62990850000003,-28.90491000000003,290.2327670333334,29.754295833333323,3376.5477500000006
2100,2100,here.,703.585,703.705,0.869,27.991232800000002,5.010415228571429,33.81325461428571,9.6602307,11.985802714285715,584.6151371428572,328.88711285714294,-310.9609366071429,-436.59430374999994,89.07545142857143,148.35820535714285,-2012.288142857143
2101,2101,Two,704.085,704.225,0.907,12.737236696538464,6.4075527438461535,15.210103577961538,9.76409587923077,8.727300230769231,851.9144896153846,-64.65030333384614,-9.599807248888883,-19.047354586273496,-52.20864566188032,81.62847094017091,401.67729247863235
2102,2102,"witnesses,",704.265,704.726,0.862,13.09232792,10.1567206532,15.585948048,-3.0871335920000003,21.61865796,868.1045240000001,-52.74955717307693,91.87231044500001,13.173644165384609,126.77739568076925,-45.304231807692304,-994.4615638461539
2103,2103,Chris,704.806,705.026,0.88,2.658914979999999,10.571548690666667,7.561174104,11.407054253333333,17.080499,757.3192066666667,-63.604581499999995,80.81954224285712,14.49867153571428,13.00387932142857,54.955032499999994,1407.2748285714285
2104,2104,and,705.046,705.147,0.881,23.762416583333334,6.7616226,20.26636016666667,-5.28290126,34.34393483333333,1023.4756383333333,283.05209928571435,126.09281914285717,25.82541285714287,28.766641714285733,-316.32293571428573,-4567.309614285716
2105,2105,Jody,705.167,705.447,0.963,16.822029666666666,-8.1054205,39.099043400000006,-11.069171353333335,32.28119346666667,930.6787200000001,95.51243499999998,-59.898692499999996,128.76442232142855,-83.71856485714285,70.72862196428571,-518.3543214285714
2106,2106,Jordan,705.507,705.908,0.796,19.119750052173913,-7.41132765652174,21.01474417391304,-10.937938991304348,32.92422739130435,885.1254356521737,50.71827843379445,-45.50442791007904,34.755064081027655,-44.718375321146226,72.60927870553357,-1044.541860671936
2107,2107,said,706.368,706.569,0.945,9.873910533212122,6.085704006060606,17.69108199090909,5.721588927272728,12.029388606060607,706.2555327272727,-33.6688869434492,-36.917401911764706,-37.70651128342246,-27.072260163770057,60.63890569852943,1.4945773729946565
2108,2108,they,706.629,706.809,0.801,17.601587625000004,-3.0640639094166673,43.18670125,-25.177657275,35.00916108333333,725.2503541666665,-40.81234099650349,-104.43080969982516,41.4345694055944,-203.93242239510485,59.70700472027973,-602.2773583916086
2109,2109,were,706.849,707.089,0.718,31.722691571428573,-0.14915907142857157,-7.452724647142856,-6.409250871428573,34.64496492857143,769.6565692857142,-29.94073362637363,-76.99000982417581,-295.3476741560439,127.1531816043956,-52.159765604395595,-1804.239816483516
2110,2110,five,707.39,707.83,0.744,11.541852462162163,-0.2759210297297298,2.6850572781081086,-4.998616464864865,23.552356594594595,701.8257262162163,-24.073689345779997,-59.662829637268864,31.341311902441923,-93.53760433380751,70.17371057373164,47.84583463726875
2111,2111,to,708.011,708.131,0.674,9.33279869125,21.56202536875,16.21094715,11.248299812908126,10.020775562499999,757.921829375,-50.792824086764696,53.224335875,-119.75433070588234,20.28612061236544,93.95834683823526,1880.1155683823526
2112,2112,six,708.231,708.451,0.995,-5.5147305625,16.8556079875,14.879850370625,15.76998529375,7.77480725,1019.392193125,-6.369240808823526,-54.61567251470587,61.864924271323524,-53.90542903676471,-27.421364411764696,-1099.9200816176474
2113,2113,feet,708.551,708.812,0.834,5.373979911111111,9.434396190555555,39.83071724444444,-15.047105127777776,21.921844833333335,972.3337361111111,52.740447213622296,-12.184271514447888,188.07835735810113,-150.70745416408667,39.114316873065015,588.7445949432406
2114,2114,away,709.032,709.693,0.829,21.348881875,3.2766338535227275,29.12116145909091,-29.56456394431818,32.86588259090908,701.540963409091,-22.705296393587037,-27.19530363321001,43.07846648132488,-39.78279311680762,18.414852128259337,-74.07308509513749
2115,2115,from,710.174,710.314,0.922,18.63101662580645,-4.444218548387097,19.955361016774194,-1.859183764516128,14.255668580645162,698.4495641935484,-10.285243155241933,-9.903065270161294,-85.92119106572581,8.013105173387094,40.53138987903225,218.91939495967733
2116,2116,the,710.374,710.454,0.88,15.854193347142857,6.885490504285713,36.850790857142854,-20.628061699999996,22.911250428571428,1085.1530285714286,-157.79059964285713,-54.78997589285715,243.12432142857142,-359.06703160714284,-429.3138142857143,-1064.8023214285713
2117,2117,initial,710.534,710.915,0.861,11.80541743478261,1.311747678260869,22.680393385217393,-19.120319439999996,28.261747608695654,817.7669913043477,-28.704849752964424,22.903226511857692,-105.05948495849799,-34.27242243181817,-58.64172895256915,231.80514179841893
2118,2118,confrontation.,710.955,711.716,0.857,15.803705817124998,5.602282840000001,25.719104144000006,-0.0467204978749999,22.473599925000002,701.09301875,-15.029045132481237,16.99848204502814,71.64346739193246,-11.779740455370543,-0.6748217682926833,-345.08717331144464
2119,2119,They,712.056,712.216,0.638,16.978328208,2.55578856,27.956560772,-1.1172362400000002,10.227703880000002,808.2108499999999,-33.77336081153847,-1.3211931461538449,-14.965974246153843,-63.60697257307692,74.60122965384615,525.4430723076922
2120,2120,said,712.256,712.457,0.818,9.315799453333334,1.0060788916666639,10.920408533333335,-5.832592191666667,34.552106583333334,720.102595,197.40474839160834,-209.62330763986012,166.8572457692307,-224.3679659965035,114.32533024475524,2616.3672202797197
2121,2121,they,712.517,712.637,0.755,17.03051655555556,8.684397127777778,41.31845366666667,-12.649975066666666,31.380378888888888,912.5547911111111,-92.78323833333333,25.928020500000017,119.5578016666667,-146.20451300000002,-84.79017250000001,2767.148516666668
2122,2122,do,712.657,712.777,0.986,13.657008857142857,12.983488585714285,24.580025142857146,15.988787571428572,36.17806,965.7025442857142,407.3020875,-204.59545946428574,-134.9176642857143,32.5788642857143,-6.372107142857164,-2074.560517857143
2123,2123,not,712.837,713.017,0.768,16.5872593125,-13.073650859999999,2.5498728916666664,-20.743147483333335,27.445981999999997,593.9260949999999,-79.35784250874124,37.490214748251745,-105.00816718531468,-90.28372538461537,-210.15821993006995,-1614.800027972028
2124,2124,believe,713.057,713.318,0.875,16.23279976,8.870966358666665,16.61101379333333,-24.5891855,33.536009666666665,1011.6262213333333,-32.622026285714284,-27.510030910714285,246.77969946428573,125.41888312499998,-58.57852946428571,665.5131982142852
2125,2125,Jackson,713.378,713.738,0.821,9.024374285714284,6.582879738095238,12.394655393333334,7.402735052380954,22.067251047619045,787.827929047619,64.0436455194805,49.35871294155844,-72.22598740909089,65.91633023376623,37.642930909090914,75.59970649350653
2126,2126,received,713.778,714.099,0.772,9.115135660555556,17.16892077,25.65220646111111,7.534808925555554,15.625271722222221,782.1473816666667,10.81302570227039,-12.882791216718275,84.94542561919505,-82.45765882868938,-37.079979618163065,321.49220485036125
2127,2127,adequate,714.319,714.7,0.799,19.70181030666667,-6.340604090666667,11.981223374666666,-4.0537375915,20.342504333333338,743.6242053333334,6.407215993325918,16.765810174193554,39.96637023759734,-16.255144222636265,12.420918264738594,422.00329343715237
2128,2128,notice,714.76,715.06,0.934,12.977925398333333,1.4932096055555555,13.03662173888889,-9.36924635,27.387867166666663,860.345393888889,-138.4793534628483,126.64158346233233,33.23798194530445,77.29783234778121,-152.12504886480912,519.8395877192984
2129,2129,prior,715.14,715.561,0.743,10.261068564,-14.003440399999999,2.731951088,-5.413853724000001,29.185262,732.4430160000001,45.24340499615384,-36.96172050384615,67.52886964230768,-25.63775864615385,76.26588869230771,631.7273446153846
2130,2130,to,715.621,715.721,0.997,2.498311329249999,14.108294975,15.5230619875,4.5731576249999994,27.2293255,870.42740125,268.98351942499994,-275.92231309523805,-150.96609744047618,-183.04322011904762,385.0626130952381,3764.824779761904
2131,2131,his,715.761,715.861,0.84,8.694511471428571,9.501109542857142,7.924399314285715,-1.5191687142857153,17.85416857142857,887.7998200000001,-74.55153303571431,269.55180214285724,-208.10300660714285,176.7394910714286,-449.7025178571428,-4951.073214285711
2132,2132,apprehension,716.022,716.702,0.841,15.231658990476191,-2.3812817585714283,19.98915901952381,-7.142166995238095,27.90031919047619,714.2580002380953,-14.783517362450361,31.918318577667932,66.25079510501578,-15.365053178024471,7.191615606514869,-108.63907159063285
2133,2133,that,717.143,717.303,0.762,14.659720670000002,3.2855641923333327,25.252266266666663,3.527862576666666,7.6137099,742.182242,-8.267180915461624,-20.694191418131258,0.7659492547274801,-48.82179407230256,45.634361679644044,-195.57045228031146
2134,2134,he,717.403,717.564,0.924,2.0273996923076925,13.643664980769234,33.25484615384615,-19.224278846153847,17.321180538461537,791.1085784615384,142.4374574175824,-35.81789656593406,195.72888681318682,-149.83829335164836,248.24606840659337,481.02549175824174
2135,2135,needed,717.644,717.944,0.849,15.06145415263158,-0.5677741986842108,37.97552378947369,-32.909126263157894,40.47237163157895,1099.3704210526314,-32.83073906140352,-12.254251981140346,105.5528362280702,9.567069912280708,-44.07118763157896,256.4221666666668
2136,2136,to,718.024,718.185,0.74,10.782434133333332,19.161636083333335,26.38919183333334,-0.4472310583333335,18.864887833333334,831.2405458333333,170.4528347552447,-0.5708833916083952,-155.8468566433566,-26.497559318181814,150.33850279720278,563.8067185314687
2137,2137,back,718.325,718.585,0.993,23.259232425,-6.847222740000001,9.1396145,6.179456265000001,15.517708899999999,741.9133424999999,-51.910685883458655,-112.9979544887218,-80.96670235338345,-26.62672802631578,3.232572857142855,-67.66584999999998
2138,2138,away,718.685,718.946,0.79,24.187953888888888,2.225442611111111,18.23222375833333,-37.37196807222222,36.80989405555556,707.4138399999999,-51.48493199174408,-132.83559076367393,197.41424937306505,29.40559858101135,26.006304385964913,-655.4311124871002
2139,2139,because,719.006,719.246,0.881,6.86038942,17.758429480000004,30.6738504796,1.189554773333334,17.098165333333334,787.87082,-71.92168964285713,126.544586875,-198.45946363035705,183.28775276785709,-59.42596232142857,-1492.3936428571426
2140,2140,EMS,719.326,719.667,0.695,12.769973023809527,4.996982542857144,26.27879182857143,-13.404879276666671,24.032535095238092,630.8528761904761,-43.30221607142857,33.7475964090909,-115.62014780519482,97.1888064090909,-51.93261461038961,603.7440149350649
2141,2141,was,719.687,719.807,0.899,12.692523099999999,29.67498785714286,6.328357532857142,0.7149784285714286,14.484783142857143,838.2347328571428,-145.74106482142855,133.12886964285715,-254.08991089285715,38.88893392857146,-364.1902017857142,-404.97908928571445
2142,2142,on,720.007,720.107,0.837,25.0143524,3.8513574999999993,-4.6085809866666665,-33.99202566666666,30.178808133333337,558.4309846666666,57.73204517857142,-43.220349071428565,79.27406166071428,13.558354285714291,170.29810857142851,725.2318035714284
2143,2143,the,720.147,720.247,0.835,34.335738428571425,13.694271357142856,8.904881271428573,-22.63727352857143,33.797793999999996,845.2509914285712,81.04734999999997,8.508470535714288,30.60979232142858,-52.31470875000004,-42.20049642857143,-805.6740357142857
2144,2144,way.,720.267,720.448,0.92,22.2340428,-11.90714246,31.4613165,-27.504609200000004,29.896952800000008,522.4390169999999,-105.17294969696967,-4.621694727272723,183.1205342424242,35.71635696969695,-29.720716969696973,-1615.5049969696968
2145,2145,They,720.788,720.908,0.888,15.325355367391307,9.784093735217393,28.57129404347826,1.7984326586956527,9.576090391304348,729.2085586956521,-43.07806279940711,-18.023197878458493,-15.55148843873517,15.267931284584968,69.05621136363634,397.1184975296441
2146,2146,said,720.948,721.088,0.825,8.31857568888889,3.867381400000001,6.700979574444444,5.192276444444444,30.53971277777778,1028.3923344444445,247.4275739166667,-464.48280833333354,36.89010973333335,-314.93673250000006,213.22281750000002,-3565.005883333334
2147,2147,officers,721.128,721.489,0.892,7.5589389900000015,16.633784215,7.557330504000001,-3.2534742970000003,28.5293566,746.9395834999999,-44.94242654887219,112.26575562781954,100.68684138646617,114.64801040676694,-15.245029924812025,1537.4400327067674
2148,2148,barely,721.529,721.829,0.915,20.32732417647059,4.327722670588235,27.71468464705882,-6.919227141176471,30.193607823529412,671.2098470588235,11.39108284313725,-31.320744387254894,61.0289899509804,-101.55282816176472,91.11599963235292,353.12972671568605
2149,2149,missed,721.909,722.169,0.752,15.96891071729412,18.611336764705886,21.650954505882353,3.7283030505882353,24.02932311764706,802.4015064705882,-156.53826449044115,98.59581482843136,-105.51144390931374,107.82215065931372,-142.01011801470588,-399.1097683823526
2150,2150,the,722.189,722.269,0.924,18.522085800000003,9.5799832,18.76388176,-3.0415677679999997,22.900607599999997,525.3559720000001,197.51613000000003,-132.97477750000007,367.6985460000001,-256.0100934000001,-576.4333550000001,-191.7861000000004
2151,2151,concrete,722.329,722.97,0.864,18.213800614285713,-3.525694998857143,17.164812912285715,-5.759720241428571,24.509254085714286,641.9421271428571,7.796332036414563,15.57130188263305,99.86680338767503,-9.412805565126046,9.095633389355733,-168.93996736694666
2152,2152,when,723.03,723.15,0.754,33.780832777777775,2.373299888888889,20.85717677777778,-8.373534833333332,27.183062444444445,749.2247911111111,-87.78800250000002,-163.9093164166667,51.96806750000004,-170.19222750000003,204.8200133333334,-2279.470825
2153,2153,they,723.19,723.29,0.88,19.847908571428576,2.8642920957142857,47.17672557142857,-11.213164642857143,29.661904714285715,648.0667428571427,-146.60552857142858,-37.11385421428573,327.8036821428571,-280.8140930357143,-182.87249285714282,-6080.5905892857145
2154,2154,took,723.33,723.51,0.818,15.685504700000001,15.979709672727273,25.885766545454544,4.325389654545455,16.165998000000002,694.3332381818182,192.50269240909097,3.3331452272727313,-117.62676727272726,51.93880863636365,76.88554272727275,2815.040872727274
2155,2155,Jackson,723.55,723.911,0.745,13.69840501904762,3.946730328571429,13.565137676190474,11.82988804285714,19.45295666666667,685.7850371428572,38.23867196103895,83.52186343506493,-55.18880142207794,64.41432667532469,-5.256208896103901,-261.6871707792207
2156,2156,to,723.931,724.031,0.762,13.008657,27.757761500000004,11.317879916666667,17.52235075,10.924007666666666,539.244935,397.96937142857143,-66.27340142857145,122.45638642857142,60.521342142857165,-188.15732285714284,2503.7789000000007
2157,2157,the,724.051,724.131,0.835,26.876730400000003,6.525967060000001,33.029652,3.9564361,18.4814212,402.881854,201.96997000000005,227.19505900000001,-17.716924999999982,61.15483250000001,-469.25551000000013,-5518.480150000001
2158,2158,ground.,724.171,724.491,0.834,25.450654111111113,-12.185129134444445,7.509586866666666,-12.22977032388889,33.62650566666666,653.7457038888889,1.0752825593395263,107.116506001032,82.27892348813208,-68.15881369091848,-2.148025490196086,547.671971620227
2159,2159,From,724.871,725.012,0.802,9.892767053846153,1.514077626923077,12.730833815384615,13.971087508076922,10.154886115384615,856.171205,59.29518368888887,5.485402644444439,-57.11387810598288,-8.801976403931619,85.54649311111108,359.49315025641005
2160,2160,our,725.212,725.352,0.651,21.639294,-5.52518865882353,-14.00431231764706,-18.650049596470588,33.786589647058825,669.2780511764706,-4.827997549019611,-65.21085697303923,-20.12100595588235,174.70548165441176,50.88480612745098,-49.70853308823536
2161,2161,"view,",725.392,725.672,0.747,12.713023,0.6802842812500001,29.83486374375,-20.330309687499998,42.60217175,1127.75811625,22.276983867647054,-120.27958008088233,-33.08356934558822,-143.33518477941178,4.80169882352941,878.6250367647059
2162,2162,he,725.812,725.912,0.832,12.820321491666666,12.844018341666667,26.828738700000002,-13.892408241666667,29.50377408333334,1008.724995,-56.861243933566406,36.16467736013986,192.45665552447554,-21.80449655594405,41.569830244755224,-449.75098951048915
2163,2163,never,725.952,726.153,0.794,19.772755541666665,-3.000206033333333,9.763586025,3.8829569166666666,23.976804416666663,816.6911516666668,-31.80962770979021,169.65405405594402,-143.8823572202797,265.37942388111884,-112.65304003496503,394.009318181818
2164,2164,saw,726.253,726.493,0.787,3.777873705882353,4.438630411764706,-0.7844322047058827,-10.343871764705883,18.643757588235296,602.2071929411766,166.35388235294116,-222.8385595588235,-1.5281443075980479,-217.22068272058823,59.1366844362745,-1520.7533161764707
2165,2165,EMS.,726.613,727.033,0.843,11.010749581481482,-1.2900060129629627,29.490857444444448,-20.956229974074077,28.739271259259258,804.1513177777778,-48.3720950946276,7.985909671855926,-69.0727331807082,73.81529283882786,-37.29557945665447,-378.1376807081808
2166,2166,Jody,727.113,727.374,0.959,11.609444029411764,-5.3929838,38.078146000000004,-7.831823598235295,28.030504882352943,838.8924882352941,148.26404917892154,-80.22718274509803,91.43372352941178,-32.51573125980392,112.59159338235293,118.17810294117659
2167,2167,Jordan,727.414,727.714,0.823,22.174588764705884,9.754934329411764,9.22862944117647,13.330484454705882,25.393092470588233,839.1990158823528,14.7130337009804,117.87289025735294,-57.65920715686274,37.34374450000001,-27.82597499999999,-785.0693725490194
2168,2168,said,727.754,727.994,0.863,14.008186214285713,-5.920796142857144,18.494980281428575,-10.32828442857143,27.665078071428574,659.8587964285714,135.1533629670329,-182.81278351648353,183.37001656483517,-234.6489204395604,37.1593667032967,-1119.1997263736264
2169,2169,he,728.394,728.495,0.81,6.121662968400001,7.4589284524,34.17492116,-0.29855437572000054,9.313081319999998,917.854272,-6.513533713076924,2.994561586923075,16.386417192307697,-41.86718317496153,84.99530153846156,1190.2505826923077
2170,2170,was,728.535,728.675,0.788,11.563751722222225,15.021238741777776,6.019409686666666,-19.131673111111112,21.750947888888888,723.5524688888888,-247.6435605833334,260.5858832233334,-106.53289921666669,423.55882166666686,-323.8588566666668,1689.642891666667
2171,2171,away,728.835,729.215,0.738,19.827244648148145,-0.6918811422222224,22.783700729629633,-34.31602173703703,36.05605762962963,859.3516559259259,-25.38416967338218,-74.02773075518928,116.48682879731383,-45.65788804029305,47.655814407814425,1460.3841920024427
2172,2172,from,729.315,729.455,0.908,18.2440310375,5.318302263333333,1.0625597833333336,6.198879641666668,27.21401825,852.0549024999999,200.294606791958,-92.6883013076923,-104.48119024475521,-96.38036033216781,222.49866660839157,-236.09242832167823
2173,2173,the,729.495,729.575,0.896,24.292849166666667,5.1003586,15.066413183333333,-9.558979733333333,13.070423333333332,605.4461833333334,-62.41002142857143,62.25774800000003,194.84530985714287,-58.373654571428546,-448.23637142857143,-7785.902457142858
2174,2174,patient,729.615,730.096,0.906,3.942402073076923,2.129278707692308,39.253993384615384,-12.507643542307694,21.162701000000002,880.2006011538462,33.54493960512819,30.01943199658119,39.38994174358974,7.875939314529913,6.680086051282054,-786.2616049572647
2175,2175,before,730.196,730.516,0.873,22.918221780952383,10.289264780952381,12.43413799142857,-3.7834035142857156,22.776137380952385,773.7119823809523,-13.127993999999992,-72.99964321428571,-75.84458827012985,-56.10035979870129,56.60832512987012,699.7610071428571
2176,2176,they,730.556,730.716,0.705,10.77401087,5.0817144,46.514792,-2.7936403229999995,24.4469516,1023.6460770000001,-152.33279851515147,43.525037030303025,219.97066606060602,-22.810837530303015,-78.27704181818179,742.6212575757573
2177,2177,showed,730.857,731.097,0.883,-0.5998609473684211,-0.988904552631579,24.648897763157898,-4.850425257894737,20.536945947368423,842.4222563157895,233.33903368421056,-81.37965648245617,-139.2216229649123,-99.33006492105267,129.32544842105267,-354.9814166666668
2178,2178,up,731.157,731.217,0.987,26.7987945,-3.6074240333333325,11.569448549999999,-17.398215666666662,12.251595666666667,478.3515566666667,45.85680714285712,125.38269942857143,-13.60103642857145,242.0934971428572,-23.153899999999926,1297.0447142857142
2179,2179,on,731.297,731.357,0.999,30.161661571428574,-2.1967320957142853,6.965618999999999,-19.40321675714286,33.93452657142857,555.8930628571428,10.800724999999991,101.44217719642856,376.8130178571429,209.2862680357143,-20.03195178571429,1192.0626607142854
2180,2180,the,731.397,731.477,0.839,9.3290636,29.18858283333333,10.965350933333335,23.3264985,16.117131,822.9535566666667,-523.6436605714287,319.23813571428565,-334.2031488571429,406.1699842857142,-413.2961571428571,-1800.5728857142842
2181,2181,scene.,731.557,731.977,0.785,5.736062804,13.402503535200001,35.562388979999994,-19.147338136000002,28.62921064,829.471114,95.24935597307693,-17.54547689230769,156.92411936923077,-150.89934137692308,60.15330557692309,-1107.9961615384616
2182,2182,The,732.318,732.438,0.8,10.099339708695652,4.03298946173913,29.469378347826087,12.545944230434783,6.321565043478261,836.6875669565218,-55.73031977766795,37.08935235968378,-6.888206571146247,28.65887799901185,21.208682460474304,383.45904199604735
2183,2183,Jordan,732.458,732.818,0.909,20.80175445789473,6.519696587368422,2.2594405973684206,7.775460257894737,29.173391578947374,921.0022752631579,-18.57796193859649,102.70366600350879,25.034842214912285,85.61559498245616,-72.58287061403507,812.9437675438596
2184,2184,said,732.878,733.178,0.828,8.792466000000001,-4.748621750000001,15.525029586666667,-4.420605733333333,26.291051000000003,634.2196866666667,138.55190536635706,-78.43230864293083,147.93724356656347,-194.83991973168216,66.62682848297214,-871.038620227038
2185,2185,they,733.339,733.499,0.745,20.9367823125,10.349165262500001,40.7616269375,-7.620492025,19.374173562499998,702.43544625,-22.050662132352933,-51.32760260294116,79.1725175735294,-94.57084238235292,156.981265367647,797.4082602941174
2186,2186,believe,733.539,733.819,0.834,19.586954875000004,15.854005981249998,39.954244468750005,-8.559098601875,29.749949625,687.1104131249999,-88.95283397058823,-6.462254301470589,99.48463047794117,101.8677519360294,-74.04085220588235,-416.743019852941
2187,2187,Jackson,733.859,734.299,0.694,10.5744735,-0.6349513416666669,15.6509309625,8.0891892275,19.46673325,672.9060766666666,56.14266913043477,6.438276143478261,6.582199315217392,18.60872307956521,-8.59092817391304,-400.6243426086956
2188,2188,acted,734.419,734.68,0.876,18.767434368421057,-6.8204757,15.44801587894737,11.95337315263158,16.958233631578945,732.0178510526315,-22.279877280701754,132.6117131754386,29.015323956140357,83.02610276315791,7.571217982456145,1100.0604456140354
2189,2189,responsibly.,734.72,735.44,0.846,14.099257089473685,12.81187858921053,16.205246653947366,-12.056465158947367,25.60719807894737,796.3960323684212,11.888534191924713,-11.631995595852937,72.70809960635737,-74.16301908939708,31.08927658934238,-343.4267278148595
2190,2190,"Quote,",735.741,736.001,0.768,26.46018367857143,7.4578172092857145,18.504861095357146,-11.505236397857145,13.271810321428571,690.989805,8.793121086480568,-9.52195852846196,-72.60468571579091,-71.23034131007114,20.94969790640394,-132.31922331691294
2191,2191,he,736.081,736.181,0.82,-0.35237235555555635,18.317998000000003,29.22859088888889,-13.14607471111111,20.673527,990.0139222222222,184.48725983333338,-97.10640083333335,79.33026833333335,-55.94402858333335,304.7446625000001,2109.970083333334
2192,2192,was,736.221,736.321,0.997,8.103955285714289,17.148803192857144,12.661195842857143,4.204695642857143,15.556531714285715,672.5807271428572,-485.3552357142857,349.29647410714284,-193.87197714285713,488.1184464285714,-385.77802678571425,-795.2303571428581
2193,2193,simply,736.381,736.681,0.856,9.59552866111111,9.924807527777778,22.57632588333333,0.7342996833333345,24.530256555555557,984.7810966666667,62.087412905056766,-65.89149087203302,165.16594775541796,-155.09967624871,-7.883347884416939,621.6046439628485
2194,2194,trying,736.741,736.982,0.893,13.71895963333333,-4.3334772599999996,21.830135620000004,3.8166370106666667,21.775359133333332,764.5087386666668,217.7655058035714,-31.994951535714275,46.69832216071428,-105.72497251071428,56.02399303571426,-1756.7570125000002
2195,2195,to,737.022,737.082,0.754,12.313458639999999,15.76237678,10.62533756,1.3079948599999998,27.211496399999998,733.940902,281.93391599999995,-294.978073,122.98288600000004,-232.79187450000006,327.68344000000013,4220.5450500000015
2196,2196,help,737.142,737.302,0.846,22.393451663636366,11.272255554545454,7.430113784545455,-22.32111401818182,21.41298772727273,726.082200909091,43.63137659090909,149.53330918181825,-3.7165905454545487,-186.85450818181823,-215.9067336363637,-1394.9949090909088
2197,2197,someone,737.362,737.662,0.931,24.194751777777775,13.333341622222221,12.54492553,-6.857416177777777,23.9768625,699.8831472222222,171.5536448916409,-131.49734133126933,123.42954416615068,-62.54186029927761,20.454324303405567,-705.7899602683179
2198,2198,end,737.822,737.942,0.582,22.306483321428573,6.894607128571429,32.74143107142857,1.5185989214285702,18.738479357142857,588.3914271428573,-37.408083241758234,59.641043010989,65.70621835164833,58.71355638461538,56.18157989010988,-65.62113406593406
2199,2199,"quote,",738.023,738.303,0.952,30.64606316666666,4.814428805555555,9.82320552222222,-16.42453226111111,13.331869944444444,592.1620194444445,62.57420294117648,27.210892512899914,69.65510606811146,-80.88913609391125,-2.563121207430349,-830.0415784313726
2200,2200,and,738.323,738.383,0.155,39.432240500000006,14.060568425,31.08839075,13.588148,19.873641,599.6864675,107.17349000000006,-273.00621450000006,194.39106500000008,87.77580000000003,515.2796600000001,-6762.715650000001
2201,2201,that's,738.403,738.583,0.87,10.81397505,8.04446485,9.43645045,1.2076154300000002,14.9407804,604.3850909999999,-300.2213431818181,298.06036287878777,-51.97339360606058,98.4726845151515,-227.52248787878787,2473.8607484848476
2202,2202,from,738.623,738.783,0.799,31.59717288,7.7665541099999995,4.727268210000001,12.742756000000004,23.9946865,755.7887470000001,333.8986655757575,-17.263384090909085,-4.931348999999999,16.60393272727272,131.4024596969697,-290.1606151515152
2203,2203,Chris,738.923,739.143,0.691,17.86384138888889,5.206635561111111,23.442619005555557,9.352899466666667,3.184568722222222,711.0719116666667,-198.39834205366358,14.007176702786383,142.1085220278638,-6.3456649535603695,11.825082507739939,1831.4153751289991
2204,2204,Jordan.,739.163,739.444,0.643,29.46102582,4.497588016,14.800456084666665,8.189097440000001,1.2837138000000001,798.42196,205.55415044642857,46.48836112142857,-31.018691399999998,4.672404874999997,17.19259553571428,-1704.8677464285713
2205,2205,So,739.924,740.024,0.91,9.65449353572414,14.378130245310347,17.464746672413792,9.943001465517243,3.7930297586206896,788.8164962068965,-54.007423120689644,-28.4468625337931,-25.539669876847288,-37.4658438004926,35.23455674876847,256.9048756157635
2206,2206,"look,",740.064,740.204,0.854,23.455540555555555,9.061660247777779,12.933905133333333,-15.888962722222223,29.768932222222222,778.731651111111,30.41429750000001,-135.35106623333337,-32.10349866666666,500.64451291666677,-149.233355,2384.077933333333
2207,2207,it's,740.264,740.524,0.337,9.020443718749998,5.9921375587500005,9.440019296875,17.29491480625,20.4443205625,640.6605743749999,19.828077536764695,-78.8190897220588,39.03947416544117,-45.041343257352935,-15.579154044117649,-1535.8581183823528
2208,2208,a,740.544,740.564,0.045,8.28384365,-7.02118525,27.889519,28.450628000000002,14.157507,1011.7372499999999,-103.95103499999995,134.067375,10.396000000000067,266.9463999999998,1415.7506999999996,14174.504999999986
2209,2209,very,740.644,740.884,0.769,23.513704937500002,-4.484451771875,14.745126634375001,30.121127375,21.570453625,929.842716875,-10.295779485294112,11.872680378676465,13.10053252573529,-2.2910541176470605,-101.28501397058822,-381.36356838235287
2210,2210,heavily,740.964,741.465,0.869,21.027647655172412,12.078583182068964,22.013503541379315,27.155514148965523,22.259230034482762,811.353321724138,2.195006970443349,6.248706906896553,70.54873816256156,0.10260568768473181,18.387288325123144,-97.1579167487684
2211,2211,Republican,741.565,742.045,0.831,23.452054344827587,12.581553057241381,11.986339252758622,7.9486095413793105,19.041575413793105,815.5589127586207,-30.86318261083743,-17.139625303940885,43.11466969679804,33.28870430049261,0.5690779310344836,361.98469261083744
2212,2212,area.,742.105,742.405,0.902,28.447641444444443,-11.721740091111112,13.684135977777778,26.97916616666667,13.534178277777778,505.9955305555556,1.59185985552115,18.99697287306502,-78.73054053663571,-9.66769045407637,-79.74398684210527,82.64866202270377
2213,2213,But,742.605,742.745,0.677,28.676853647058824,14.411921449411764,11.490787478823528,10.666009582352942,12.895456294117647,750.1528517647059,-49.173071813725485,-35.294254252450976,39.754081519607844,62.67032851715686,45.4037837009804,286.4531887254902
2214,2214,to,742.885,742.985,0.89,12.726622085000002,9.426694875,17.270855516666668,16.4243784,10.5592245,700.8451799999999,-52.08587296853147,9.039626800699299,26.306131223776216,-68.09224363636362,176.61969720279717,2747.3275524475525
2215,2215,be,743.005,743.125,0.831,15.28123557142857,6.0172234628571415,32.88984857142857,25.625369428571428,22.833826142857145,863.0307514285714,-85.05778214285715,115.20014421428567,115.77537678571427,61.848087500000005,-298.28047321428573,1646.3523928571426
2216,2216,fair,743.165,743.305,0.948,12.74042523888889,4.477239444444444,2.3743445777777783,23.611531222222226,26.331557888888888,884.4403066666666,163.6593032916667,-195.93260958333337,-300.93076616666673,-100.67176166666668,194.3947558333334,-454.95266666666635
2217,2217,to,743.325,743.425,0.419,24.84553166666667,4.070065141666666,-6.603945216666666,11.547542316666666,30.213219,755.2030799999999,-99.71454571428572,269.34998164285713,-16.031611571428577,-82.64653042857141,-47.25127428571428,-5136.465885714288
2218,2218,the,743.445,743.505,0.967,16.4232965,5.3703702,11.129803075,31.28986275,6.83904225,837.4663499999999,-83.29978,-247.89587800000012,367.2823655000001,79.52485500000002,-410.3425350000003,5039.569000000003
2219,2219,"cops,",743.525,743.805,0.738,7.9338417933333325,5.20800469,1.3789177133333337,-3.628625980000002,16.030673066666665,637.8771706666666,-43.99071267857142,94.72058444642856,82.880382375,7.2481306785714255,-128.2934457142857,1395.1823160714284
2220,2220,they're,743.825,744.505,0.754,23.326610317142855,8.737281920514286,6.175400052857142,16.510218194285713,24.88043062857143,814.8895197142858,23.03366012605041,-10.68100734621848,21.254455932773105,7.290603694677867,13.265458039215678,-330.73037212885134
2221,2221,more,744.846,744.986,0.854,22.673968000000002,25.900830291666665,18.308817125416667,9.206767820833333,20.792633833333333,786.8083595833333,-2.2117521739130463,-60.41212323913041,-52.820865225434765,-72.24606536739128,26.84163808695651,-468.99239282608687
2222,2222,likely,745.046,745.246,0.805,21.18083961538462,8.454092277692308,7.929102891692308,9.801210998461539,25.235173,745.6526507692307,14.672621428571425,-88.41229815659341,121.32121610989009,276.3378175934066,-1.2855170329670291,1761.754975274725
2223,2223,to,745.266,745.306,0.998,29.84747866666667,-7.4837880000000006,29.68406166666667,27.207799000000005,24.267117666666664,1029.9119666666668,209.84617500000002,39.35902499999998,-232.91912499999992,-17.217175000000058,-13.772074999999965,-1604.7124999999987
2224,2224,be,745.346,745.406,0.748,36.1633416,0.7247015699999999,2.5615941199999996,35.8120136,24.023307,1014.5549520000001,43.53864999999999,47.063912900000005,-416.4318570000001,120.23510500000003,-10.68631,-1251.9918999999989
2225,2225,Republican,745.446,745.866,0.848,31.619603347826086,12.760633279565216,7.52382287826087,11.325682917391305,23.772433608695653,902.4931960869565,-34.84022737154149,-16.577171801383397,81.7662482411067,88.87779124011855,-2.887899802371541,488.85352025691685
2226,2226,"too,",745.906,746.086,0.941,12.678927454545454,4.0067569,5.472192327272728,21.090728045454544,23.94247618181818,898.5847563636363,106.09455909090913,-5.7347261363636415,-192.14619790909094,12.446463181818194,163.04544909090913,-811.7957363636367
2227,2227,and,746.146,746.206,0.985,29.374543,2.8877567166666664,4.317294533333333,26.298964666666663,26.909141166666668,797.7187250000001,-38.12068857142856,153.5610407142857,216.15219942857144,158.2623942857143,-29.189638571428603,-1278.0033571428557
2228,2228,they,746.226,746.346,0.848,17.560819714285717,6.039383210000001,18.476891542857143,31.394624142857143,27.65971214285714,554.45069,-171.05636785714285,-164.92379214285717,229.48411464285712,-146.09698214285712,31.196035714285703,367.41737499999937
2229,2229,didn't,746.366,746.486,0.562,24.260548285714286,4.549711342857143,37.40864442857143,26.558417142857145,27.09242585714286,976.2611242857145,98.71968392857141,185.24711374999998,-41.636126785714296,-148.7550232142857,-16.707098214285722,-5857.575035714285
2230,2230,even,746.526,746.606,0.402,29.459769833333336,10.928348666666666,0.36121791666666603,11.834885166666666,26.133574,793.9713883333334,69.1602757142857,-122.25180571428574,-411.83310071428565,119.3403605714286,-23.777145714285695,1037.9841857142867
2231,2231,weren't,746.626,746.766,0.0,19.4266746375,13.665890649999998,15.30343725,31.857250875000002,15.973537125000002,911.7437125,-172.94735101190474,-184.28929738095235,33.98119523809522,32.41233392857143,74.60343750000001,-2778.4078690476185
2232,2232,taking,746.786,746.906,0.18,20.1577425,4.853662185714286,27.518018,42.43232714285715,24.10514014285714,765.269692857143,108.9472169642857,-97.1261607142857,-123.66894107142856,-119.53249464285709,-10.330057142857134,1404.0550000000007
2233,2233,any,746.966,747.106,0.869,19.704840799999996,0.6073341999999999,28.3030086,27.783358200000002,26.562849900000003,336.57458199999996,0.5540557575757534,98.78061260606057,62.84237999999999,114.13570484848482,-31.25674696969697,200.7687090909089
2234,2234,of,747.126,747.186,0.652,28.301169749999996,6.9256519,28.3791715,43.3302925,19.981572,843.312125,78.17845500000001,-21.248108000000013,263.68940000000003,-227.5382100000001,-48.89809000000005,11156.829500000005
2235,2235,Jackson's,747.226,747.606,0.752,12.067767089047617,11.197942057142857,21.4186156,20.134790922714284,12.330902952380953,850.8734252380954,-39.35133031363636,87.84623161038962,-51.739989532467526,-73.6462868955844,-8.765218961038958,824.7261285714285
2236,2236,crap.,747.646,747.926,0.839,29.7108515875,-5.438961120625,-5.59566259375,9.638322185,2.50419325,647.45188375,80.95509042647058,-45.838806172794115,-48.5921337867647,91.64657237647056,-17.675541176470585,-1687.4145485294116
2237,2237,So,748.427,748.687,0.78,3.4748077855263158,4.017878856842105,8.121019727894733,2.323838865789474,7.7466890263157895,697.3482773684211,17.097278451417,20.897225848123426,7.164082422146843,-51.4023581546121,44.93622349819455,244.64622103074743
2238,2238,"look,",748.807,748.967,0.987,17.007887692857146,15.038503710714284,12.271485787857143,-12.988794107142857,15.253563571428572,945.8596714285715,-16.526805923076925,-86.89487119230768,-0.5961733967032982,139.98951346153845,-64.15370527472527,838.7177604395604
2239,2239,I,749.247,749.287,0.998,14.653671249999999,-13.277794425,3.54341661875,0.5497296812499999,25.2996399375,455.451711875,-15.508889411764697,59.6926668382353,66.26755415441176,7.758563433823525,88.9984899264706,-418.38821397058825
2240,2240,don't,749.327,749.467,0.9,16.500726,6.73342016,11.193155666666666,11.651971755555557,30.90611022222222,778.3808188888888,23.242778333333334,33.02274850000001,-184.04435116666673,-98.60823433333334,0.5987383333333384,3592.6695500000005
2241,2241,know,749.487,749.567,0.997,23.270619399999998,14.473274799999999,1.6840758,-8.20861254,29.4060572,865.2898799999999,181.32852000000005,52.37102000000001,41.377589500000006,-457.43350400000014,-16.265515000000022,-3254.4785
2242,2242,what,749.607,749.727,0.888,20.9585425,15.20503775,13.532738,-1.2513930987500004,14.043914749999999,951.77771625,-207.2728488095238,-49.773751190476176,129.5260119047619,206.94731777976187,-269.55882857142853,1749.809946428571
2243,2243,to,749.747,749.787,0.99,2.625838333333334,14.711652333333333,20.582219,5.74238,17.943535,785.2028166666665,876.4078249999997,260.2505499999998,191.71137499999998,397.66724999999974,654.8576249999999,-2610.2324999999996
2244,2244,believe,749.827,750.067,0.878,16.902548785714288,11.281125599999998,28.894183571428574,12.601013742857143,20.893153214285714,821.0849271428572,39.72386960439559,-66.96429441758241,63.405810329670324,95.38117419780218,57.8015732967033,-1819.6472483516486
2245,2245,there,750.087,750.247,0.89,23.668532,-4.146876863333333,24.171947111111113,26.44772577777778,23.484091,839.5166788888889,109.05326833333334,-230.51418671666676,44.65133000000001,-107.35493583333336,-6.2556283333333385,75.27012500000082
2246,2246,in,750.267,750.327,0.75,22.4026095,5.147225075,36.742579250000006,22.624645,22.681023250000003,892.9430150000001,77.16997000000002,428.91777350000024,-24.45622500000003,278.6773600000002,-3.475085000000019,4711.417900000002
2247,2247,that,750.367,750.507,0.866,25.149248444444442,-7.450661183333334,13.564505933333333,20.458171888888888,22.292055777777776,559.9551544444445,-13.527981666666676,-105.49675149999999,-148.98663983333338,49.988795833333356,-5.546656666666663,-918.6566583333333
2248,2248,regard.,750.627,750.887,0.922,29.597766263157897,4.027737731578947,9.838287210526314,20.278133336842103,18.187712631578943,753.9991631578948,4.897136052631581,-36.19690322807018,-33.92327735087719,43.122012157894744,27.916722894736854,35.1580684210524
2249,2249,But,750.907,751.327,0.654,13.622366740909094,3.2424556759090906,-9.705655736363637,-7.757437624090909,36.23124463636364,648.0911563636364,-23.711191301524565,25.66045647346132,-20.171076623376624,-52.44662801214002,29.654864257481655,-368.39938622247325
2250,2250,I'm,751.568,751.668,0.976,17.43920494117647,2.1269006352941178,-1.6981396529411767,-8.013239123529413,32.23497017647058,800.1447611764705,-12.639160171568621,-98.39395158088233,32.31960291666665,16.715613566176476,20.18359301470588,275.47489460784294
2251,2251,not,751.708,751.808,0.855,13.231888714285715,-0.3930827999999997,-8.768295485714285,-3.062883271428571,36.563326,575.0456914285713,12.475171428571395,-36.66799267857143,-7.686173571428605,93.41889732142857,-47.18785357142856,-5291.767589285713
2252,2252,here,751.848,751.968,0.822,15.469299874999999,6.8712319875,14.2223459375,16.412308125,35.123259625,781.0988312500001,58.08726726190476,-277.09045303571423,-72.92871934523808,156.1233232142857,-8.506644642857118,5412.084303571429
2253,2253,to,752.008,752.068,0.749,20.958627,8.60202203,21.8589052,43.2781874,17.882630999999996,999.535862,-75.14247500000002,201.16821200000004,412.3296900000001,-71.37919499999995,-459.3582250000001,-1010.3462999999996
2254,2254,try,752.128,752.348,0.888,11.337604392857141,-8.36636877857143,6.542912200000001,7.933242514285714,19.714760857142856,697.9400421428571,116.5052119230769,-48.733237417582416,-41.81269217582417,-184.00408569230768,148.0560832967033,-2285.9266516483513
2255,2255,the,752.368,752.468,0.811,19.2370035,6.005447266666667,22.117302499999997,31.23346725,23.706046999999998,778.3765999999999,14.638290000000008,33.905893142857146,247.19569857142858,426.556935,-71.3550942857143,7832.22357142857
2256,2256,guy.,752.488,752.688,0.91,23.596042,-11.055209276363636,11.879876281818182,28.800099090909097,3.712618545454545,427.74722,46.2778090909091,-61.14442936363638,-43.92603318181817,-95.461175,-14.670312727272727,-143.24896818181838
2257,2257,Let,753.068,753.188,0.754,12.549967904000003,8.168786412,12.062491962,11.931406412000001,11.09634932,678.5810775999998,2.064657111538459,36.027804461538466,-27.34431646538462,-93.64575520769232,86.44609457692309,-756.8049076923076
2258,2258,him,753.228,753.308,0.868,20.7331315,10.34259425,9.678912233333334,22.650920666666668,33.35106833333334,746.66339,-36.86294714285716,335.33209785714286,-73.90911542857143,269.3780057142857,-22.372811428571463,2189.5038571428577
2259,2259,go,753.348,753.448,0.778,19.151523428571426,11.748437585714287,-1.5931559999999998,6.079408942857143,32.78202457142857,906.0010514285714,-35.4675892857143,-127.89665125,-274.50298392857144,-198.30591107142857,5.886928571428569,-767.4731785714282
2260,2260,to,753.468,753.548,0.55,27.2648258,4.93107636,0.4296268800000001,24.299962,12.719753599999999,974.7533999999999,-61.67552000000001,132.0854655,222.14830000000003,18.57204499999999,-478.867405,767.513600000001
2261,2261,court,753.608,753.868,0.813,21.182317124999997,16.0061155625,-11.60058548125,-9.09741565,23.702700874999998,830.931314375,81.57467661764704,14.300023867647063,24.95931800735293,116.73331444117642,104.39507764705883,1302.752177205882
2262,2262,and,753.908,753.988,0.915,27.170018833333334,23.760780333333333,5.82746745,34.73697016666666,27.90652783333334,694.8355516666667,-94.03050999999999,129.9622885714286,93.02376357142859,95.48061000000001,-21.913032857142866,-6532.731357142858
2263,2263,deal,754.028,754.188,0.714,17.200699750000002,10.866448127,24.511564399999997,12.82592086,29.0810188,931.643174,-35.740210151515136,-42.79052953636362,-84.50353272727273,-351.9114824848484,10.839060606060604,-1586.2998363636361
2264,2264,with,754.228,754.348,0.802,24.79482975,17.311116124999998,10.5660464125,8.920843000000001,26.992619,855.5836725,-155.4447726190476,34.345861309523805,-45.83535934523807,393.24558095238086,-17.624775,1943.4695595238097
2265,2265,it,754.388,754.448,0.72,27.869712400000004,11.510730800000001,17.6685414,21.8270552,24.337442599999996,901.0472579999999,129.299445,199.19285000000005,232.47312500000007,-61.51913000000002,-58.96017000000001,3051.2880500000006
2266,2266,there.,754.488,754.729,0.777,24.93279521428571,-2.466317278571428,13.011721750000001,25.679298785714284,15.384851214285714,559.7480264285715,28.253189780219774,-178.21181860439555,-123.80689994505491,7.693359450549443,-36.03475659340659,-1172.3351000000002
2267,2267,But,755.769,755.929,0.855,17.675317423166668,7.5543733586,6.766046661666667,6.15335385,15.059117266666668,654.6169775000001,8.779581028438454,18.711083197877187,10.381998288357876,-25.93970551319811,25.637417101972773,-38.89685144484582
2268,2268,I,756.509,756.589,0.771,19.900092303030306,8.83680419030303,20.40879548212121,15.559229058484847,10.075379393939395,819.4651987878789,-13.128593231951873,-19.685805646724603,-14.189498656249999,-20.345455758188503,50.49701042780748,-248.8719639037434
2269,2269,do,756.649,756.849,0.898,17.544207423076923,9.84993318076923,17.718842877692307,12.188069118461538,30.29391,897.226390769231,-82.46616401098903,27.324795013736267,-325.90441251098895,-139.29904013736262,86.40857170329672,641.869717032967
2270,2270,know,756.909,757.129,0.802,14.820637464285713,12.461495657142859,-8.269571202142856,-12.309700752142856,35.84532885714286,738.7688664285715,-7.122028956043958,35.768371692307696,-37.72584197692308,-291.8746615835165,-17.18993076923077,-404.50566043956024
2271,2271,that,757.149,757.309,0.492,23.93539722222222,16.52665411111111,21.76095288888889,3.434330833333333,26.300795,965.3301255555554,-0.2972508333333317,-24.299168333333323,120.55533000000004,116.44110080833336,-15.482030833333338,-116.7124333333334
2272,2272,their,757.329,757.489,0.786,26.48683722222222,6.629895111111112,16.073524506666665,30.459539944444444,26.845640444444445,1054.5246155555556,27.294954999999998,-81.60774708333332,-56.77078928333334,253.24883416666674,-5.3810583333333355,303.79213333333325
2273,2273,usual,757.589,757.849,0.882,9.504615344444444,9.337694331666667,14.308102075555556,18.329768205555556,30.004211333333338,1010.1074166666664,28.330902549019616,-23.690969188338496,-77.6330496759546,-207.53683285345718,-4.698573477812179,-1224.6070185758515
2274,2274,right-wing,757.909,758.23,0.666,29.008775684210526,5.673478036842106,-5.512239989473685,21.137134089473683,29.581107157894735,765.3024821052632,1.971824649122806,52.60227908771931,115.4028844912281,110.28932930701758,-16.064416842105267,-217.4338649122808
2275,2275,position,758.25,758.71,0.919,10.489749225,10.336942084166667,21.652677179166663,17.21655295416667,17.232684541666668,855.8590025,-25.543874113043476,-30.933365241304344,16.283155693478257,-8.714511193478259,-13.490362195652173,-429.3434104347826
2276,2276,is.,758.85,758.93,0.979,24.976230363636365,-0.02108015636363633,22.60858163636364,22.294232,20.787530363636364,386.79655818181817,17.439348181818183,-5.844511018181818,-34.75023954545455,103.96521363636366,-13.511326363636366,-181.57540909090918
2277,2277,Why,759.833,759.933,0.555,20.93905775784314,17.081064870588236,17.74687894117647,12.493624011764707,6.29424968627451,896.4678939215687,40.05655537669684,-5.302647650226244,-9.528771497737557,-4.987910376923077,16.855763140271495,-178.83677398190048
2278,2278,don't,759.953,760.093,0.13,23.0114415,5.292848657499999,7.654409325,23.661479275,28.830037375,551.0549325,-131.29207261904756,152.38927355952376,248.50594416666667,174.56120749999997,17.631519642857132,-411.1353809523809
2279,2279,you,760.113,760.193,0.67,17.089858,14.776438599999997,29.7042238,36.9339626,28.229885799999998,707.85462,29.58830999999999,-109.61981,283.61028999999996,232.52775000000005,-34.522605,208.82399999999984
2280,2280,just,760.233,760.354,0.916,-0.2702419375000007,21.662553125000002,25.114028124999997,16.2538494125,14.445116375,1049.9918874999998,-177.56734494047618,91.2205375,-181.10019345238095,-132.67916160714285,-274.4910351190476,244.45029761904712
2281,2281,listen,760.394,760.614,0.829,8.482802484615384,28.24813592307692,12.600141484615385,2.274984330769231,19.79028361538462,768.9184946153847,67.38119082417579,36.0455206043956,70.80594642857143,54.117289313186824,5.812523901098904,-487.82572527472496
2282,2282,to,760.634,760.694,0.749,26.72769675,19.503337,23.80372425,-3.4182563674999997,27.182204,773.52566,276.08505500000007,-265.6041300000001,-31.893705000000008,-193.0960079500001,10.730800000000013,-904.9924000000013
2283,2283,the,760.734,760.814,0.663,26.167181166666666,5.9404847499999995,11.488388433333334,-12.027754333333332,26.541412499999996,642.8038033333333,-3.6028157142857005,-22.610628714285706,-49.523429428571426,-6.605100000000004,-25.410455714285717,2944.650142857143
2284,2284,authorities?,760.854,761.374,0.758,18.90812618107143,11.866647536785715,8.027036007142858,15.24911187857143,15.16145160714286,886.6634396428572,-11.89664450561029,-44.821301165708824,49.418814230979756,107.27706498631635,-38.05881763820471,131.89913259441704
2285,2285,If,761.635,761.695,0.818,-0.38542207500000014,20.701484176250002,21.156514093749998,18.48100020625,9.699915,999.12505375,241.55505494117642,-61.30002927499999,91.15052408088235,112.0228124338235,95.89313999999997,450.7545249999998
2286,2286,you,761.735,761.795,0.339,22.5493004,1.987248852,27.7034872,44.5662356,24.209515,931.9393940000002,55.86232999999999,-183.07088950000002,-21.11006499999999,-122.10261000000001,10.570239999999988,-4703.221750000001
2287,2287,had,761.815,761.915,0.684,23.54346116666667,7.1209063666666665,27.157068666666664,26.20188,23.001966166666666,1013.8084716666666,-26.269001428571425,228.95104514285717,-153.11145714285718,-293.44075142857145,15.74198714285714,-398.140928571428
2288,2288,listened,761.935,762.175,0.812,5.986847938461538,23.617190446153845,15.363498423076923,4.844865057692308,16.390372153846155,928.6740807692307,-38.23585368131868,74.66888675824177,-10.297799313186804,50.14063048076924,10.790406043956029,-352.8664807692307
2289,2289,to,762.195,762.255,0.724,26.535836749999998,9.141250525,18.73286675,6.4746959,27.75823075,972.3972249999999,-85.16387500000002,-247.1165245000001,66.83468500000005,-283.3721220000001,-6.250784999999974,1648.413700000001
2290,2290,the,762.275,762.335,0.262,21.35290525,8.088329400000001,9.3803734,-15.56747875,25.832006999999997,488.270575,-65.25633500000004,189.93312200000008,-188.88995800000006,-84.52763500000005,-30.198299999999982,-430.2630999999989
2291,2291,authorities,762.375,762.816,0.738,13.866664564791668,16.543683384583332,8.884743695833333,9.287409941666667,19.319995791666667,788.7429845833334,-35.631147379021726,16.18931410630434,42.56275362826085,83.52415141304346,-26.34474380434782,81.6824158695651
2292,2292,none,762.856,762.976,0.881,22.60180425,4.6888903837500004,11.4071731875,-4.133236912500001,26.509149375,632.8612049999999,117.17668095238093,-196.78636194642854,-49.49569255952381,-147.37622982142852,11.235374404761902,-3770.864690476189
2293,2293,of,762.996,763.036,0.919,21.228879666666668,11.127786866666666,10.441837566666665,4.826123566666666,27.383594000000002,535.2912733333333,66.42927500000002,399.74263499999984,388.81744999999984,420.98871749999984,-5.638200000000013,10308.829249999999
2294,2294,this,763.056,763.176,0.769,7.847336218571428,18.1170198,18.964487000000002,14.358932285714287,11.897284428571428,628.6755871428571,-362.5295419107142,159.45563107142857,123.86788214285714,76.38479642857142,-297.7378910714286,6900.536803571428
2295,2295,would,763.196,763.316,0.91,23.130426957142856,0.35995375714285743,7.5758980000000005,13.445145314285716,24.366545857142853,944.5655114285715,449.3730742857143,-161.05243821428573,-120.16034160714285,62.925070357142836,139.3367607142857,829.8947499999996
2296,2296,have,763.336,763.416,0.507,33.0975684,-1.5623635800000002,7.441423159999999,19.609841600000003,26.910795199999995,887.167172,-113.07012000000006,4.044622000000015,-165.438603,-96.73756,12.58510500000002,-2827.035100000002
2297,2297,ever,763.476,763.616,0.764,34.084466,-0.35251313299999987,-10.56466646,9.88950641,27.2690387,835.3809590000001,42.005547878787866,48.27183263333331,-165.77154636363633,-0.18700942424243125,4.397037272727283,665.7933242424239
2298,2298,happened.,763.677,764.017,0.842,23.3190434,2.7739090885000004,4.5669543365,4.0138326300000005,15.25536035,557.7563545,30.3488722556391,70.06948684248121,132.0732965011278,107.34289642857145,-63.96725672932331,1101.6003462406015
2299,2299,The,764.117,764.217,0.806,17.85244454,10.93342825,18.81562535,15.692193900000001,3.6784805,896.9683079999999,-129.62104569696967,-36.270502151515146,-115.05364712121211,-52.96710575757574,11.146910606060608,-588.6756545454543
2300,2300,police,764.237,764.497,0.891,6.737932657142856,15.393708550000001,16.145772864285714,1.830623378571428,20.608629714285712,675.0627235714286,-146.87463059340658,111.97183691208792,45.04309143956044,41.25264080219779,-126.44715736263736,-1548.5676934065932
2301,2301,are,764.537,764.637,0.724,23.55315771428571,-6.054164628571429,-7.415714857142857,-4.737288171428571,35.32272028571428,827.7057085714287,409.20347321428574,-249.98005214285712,-350.7692796428572,-140.28415625,-48.06741071428569,-3758.4510178571436
2302,2302,always,764.657,764.898,0.654,21.833762930769232,10.098196907692309,17.087797469230768,-22.48240205153846,28.202286076923073,684.9359784615384,-233.9782998901099,129.5527876098901,101.51139747252748,214.86883660714287,-131.05222582417582,-402.1187500000003
2303,2303,right.,764.958,766.019,0.698,15.211793253571429,5.885507508303571,10.30729157964286,-1.4823201200714287,26.408352517857143,786.66856625,-9.294452022898152,8.15344785817669,-4.399482116917293,0.7495062561244017,10.083718959330138,-257.78228094668486
2304,2304,Even,766.379,766.519,0.864,8.0508722704,11.952970772,17.602143617200003,-0.7805345147999998,26.625851319999995,955.8371188,13.96274293807692,-8.606536896153848,57.84205687653847,-4.236438319615386,71.46616692307693,591.0861484615386
2305,2305,if,766.559,766.599,0.999,11.060904894999998,7.193884225000001,2.3484616000000003,15.24405175,9.97646625,755.595375,-209.51864630000009,476.1300255000002,299.44385100000005,258.8029850000001,-598.5879750000003,3332.9770000000008
2306,2306,they're,766.619,766.819,0.812,12.568421627272727,-1.511340027272727,1.5545094363636354,8.156680363636363,33.98536281818183,876.1289781818182,123.34635959090912,-45.9101460909091,-126.62543763636367,104.91661204545458,72.30312136363636,309.5561545454545
2307,2307,not,766.859,766.979,0.902,16.01999875,-0.24849607500000026,-20.996777,-6.2418050375,40.03498449999999,621.90384,22.545028571428563,137.1788751190476,-76.47385,75.80431684523808,48.3468869047619,3937.531797619047
2308,2308,"right,",767.02,767.18,0.736,11.98175314,3.5959479520000004,-1.3709397900000007,1.1284583300000002,33.5050251,728.855055,-44.57712963636363,23.417158406060608,472.56182639393927,213.9970166363636,-158.97559787878782,-1266.0170757575756
2309,2309,just,767.22,767.36,0.699,-8.027520244444444,24.416316000000002,28.244912000000003,17.82386822222222,14.850172444444446,1116.8371722222223,-51.598591583333345,94.17351083333334,-155.7763316666667,15.285560833333339,-46.84298500000002,-816.8091666666667
2310,2310,listen,767.38,767.6,0.876,2.903431849999999,22.1882555,-0.49413345000000003,8.672678833333336,24.567659916666667,903.2593,24.650812412587406,2.217242657342657,-8.612638391608389,156.38438531468532,55.61830227272726,114.79235664335643
2311,2311,to,767.62,767.68,0.746,19.509656749999998,2.1271283,-2.4658556750000002,2.8315431249999996,37.6628235,1090.1445999999999,121.69978500000008,-319.2386690000002,101.02898650000002,-295.9198525000001,13.902049999999916,-355.5249999999991
2312,2312,the,767.7,767.76,0.979,14.477528750000001,-1.91730634,4.8070895,6.965580715,18.69144125,844.3430000000001,-44.72253500000003,37.72310620000001,532.1506000000002,725.8570957000003,-749.3828250000003,299.19699999999887
2313,2313,cops.,767.8,768.141,0.761,6.7752510894736835,6.459530760526317,1.6263144947368418,-16.677102803157894,22.80687247368421,681.0029731578946,-20.70249980701755,83.00814689035087,105.5416468508772,37.1718575754386,-146.7549970175439,1957.6519271929828
2314,2314,Why,768.601,768.761,0.878,10.972277348387099,15.754558152580644,11.594022669354839,-1.161890938064516,13.585917774193549,934.256999032258,77.41501717741934,-31.13324130685483,-31.141702997782254,-69.67314805120968,72.66529913306451,-339.9469620967742
2315,2315,won't,768.801,768.941,0.91,8.338445111111112,20.3663145,-11.503841911111111,-25.481366955555554,31.537106222222228,874.8460855555555,-145.5070474166667,-59.53376000000002,-98.6354454166667,178.47254350000006,-218.22739166666673,1325.3682499999998
2316,2316,you,768.961,769.061,0.772,1.934604495,10.019914333333334,-4.467352333333333,-3.934564050000002,34.73313666666667,935.0546316666665,128.09556501428574,-4.052851428571428,-332.03125714285716,-680.2517281428571,298.76540857142857,-6756.962728571429
2317,2317,listen,769.101,769.282,0.902,1.8184331181818185,18.61720796363636,-9.0878179,-5.877673504545456,26.320397090909093,791.816380909091,-52.87526068181819,41.89654345454546,89.39796068181822,256.2623895227273,38.57853636363639,1733.4659727272733
2318,2318,to,769.302,769.402,0.444,9.873391583333335,12.633814999999998,-36.856717333333336,-15.239225,41.881710166666664,585.4607,77.72400928571429,62.949497142857155,-151.0027085714286,-60.17004,-10.931858571428585,-4500.772457142857
2319,2319,the,769.422,769.482,0.989,11.971582000000001,6.864797225,-16.376202625,-3.6408804749999994,20.3781325,370.1679575,87.65763000000004,-19.284020500000015,733.2316975000003,723.0538555000003,-817.3218500000004,4404.894050000002
2320,2320,cops?,769.522,769.862,0.855,12.003178578947367,3.640663451578947,-4.496318294736842,-16.43328369736842,25.504128,654.1025084210527,-0.03303698245614119,71.12397110175439,120.01094556140353,46.53826624561405,-145.43697938596497,1756.3886236842109
2321,2321,And,770.262,770.363,0.864,10.1532153832,10.1646829956,10.692614164400002,17.734094455999998,8.25145912,706.2317655999999,97.1763485323077,-81.93672551615387,-42.41753414884615,28.556431903846153,75.49992542307693,-1433.556746923077
2322,2322,in,770.383,770.423,0.996,19.143384166666667,7.748274766666667,0.10527146666666631,25.771615333333333,35.908080000000005,847.95304,209.24508749999987,-56.30134249999998,630.6235499999999,238.11359999999985,36.936249999999916,26352.175499999987
2323,2323,this,770.463,770.603,0.765,-0.3664813111111119,16.624903777777778,1.4089372888888887,2.1374736222222217,21.733067555555557,772.1297755555555,-243.89204566666666,94.32759583333336,60.580670750000024,5.647663916666681,-321.1458275,2709.490900000001
2324,2324,"case,",770.643,770.823,0.948,0.19799658181818167,9.768222854545455,14.466909818181819,0.5557665000000004,21.970834,799.1438827272727,48.031691681818195,86.28935754545458,-58.57615136363639,7.8188522272727425,49.702230909090915,649.0262363636366
2325,2325,there's,770.843,771.063,0.798,-2.617409166666666,12.058296833333335,16.184148758333333,6.869553051666666,12.336755416666668,885.6075050000001,-69.51379895104894,29.481220629370622,44.857837779720285,-63.17735740209789,-105.38851800699298,-552.1076433566429
2326,2326,some,771.083,771.243,0.821,18.10354317777778,4.515908022222224,8.666211144444445,0.36572448888888887,23.386526777777778,869.3473044444445,233.63663850000006,-2.648782916666664,125.65092716666666,308.61909575000004,-96.53449916666672,4822.5245
2327,2327,truth,771.283,771.463,0.666,11.45457709090909,0.2509091454545454,10.118385881818181,17.35553818181818,17.462093545454547,729.4278227272728,234.4248977272728,162.92790359090918,-142.759032,-50.01049818181821,0.3993786363636269,212.96505000000008
2328,2328,to,771.504,771.564,0.944,13.837181028,3.0290624399999997,20.1597464,16.3515461948,5.011207199999999,885.29231,92.92015229999997,12.004391000000005,-167.30780000000001,269.36797513000005,250.56036000000003,3436.0580500000005
2329,2329,it.,771.604,771.644,0.975,23.063415,7.037828675,27.366316499999996,33.6098095,26.08996975,1002.9834874999999,113.61801000000004,30.543269500000008,475.35290000000015,77.43080000000008,64.31390500000003,-1649.24375
2330,2330,He's,771.684,771.804,0.834,0.3368241249999997,22.416732125000003,26.385193,20.329077825,8.387898125,808.4313575,-285.28585297619037,140.20782797619046,27.539791666666677,-223.31757130952377,-159.80000892857143,1866.575416666666
2331,2331,talking,771.824,772.064,0.942,17.03332743076923,7.5042096887692304,-9.195614061538462,-20.0287361,35.02496015384615,728.9412630769231,74.93260659340659,17.920773907692315,0.545551868131863,42.99565228021979,72.17005412087912,1221.5621456043955
2332,2332,a,772.104,772.124,0.99,23.440029,7.1127177,8.892642733333332,-7.6878991999999995,36.28088233333333,963.4862666666667,187.85947499999995,59.94951749999995,487.65736999999973,230.6477099999999,-31.128674999999877,-3692.686499999997
2333,2333,million,772.164,772.424,0.87,17.435216113333336,4.50477547,4.012368826666667,-12.257056526666668,34.91778913333334,554.4144726666667,12.011217750000002,22.228742767857145,52.862796642857134,102.7557333392857,-5.239167321428569,163.17013571428598
2334,2334,miles,772.464,772.705,0.794,16.32372124285714,18.960984028571428,-13.390927252857141,-11.06459135,25.540265714285713,528.0006800000001,-126.2405209230769,154.99148116483514,40.214965646153836,58.76617412087912,-97.95423802197801,-1217.7679208791208
2335,2335,an,772.765,772.805,0.993,23.7262474,16.209102679999997,6.09113594,7.90818027,29.7457042,690.8894760000001,214.38804000000005,-193.85769100000002,203.47745800000007,263.93612100000007,-46.325645000000016,1282.9638499999999
2336,2336,hour.,772.845,773.045,0.813,33.69965516666667,1.451233525,-16.347608599999997,5.787570528333333,26.099507499999998,579.3139399999999,39.07206258741258,166.86020403846152,-128.54867608391606,58.423987681818176,-5.706114335664335,1569.587451048951
2337,2337,He's,773.365,773.525,0.688,1.7380969825,14.01649506375,17.969930675,26.11752829166667,5.088659708333333,870.41890875,-49.82027846304348,69.0045777519565,80.39799496521736,3.632837717391303,31.69439158695651,422.0525771739131
2338,2338,distracting,773.565,774.106,0.862,2.358723896551724,7.226718468965516,11.524827037931034,7.467104096551725,19.899998275862067,783.0828044827585,49.90901572167487,-19.750808997536943,-40.16230000985221,-8.550161315270936,34.34018362068966,-952.0811906403939
2339,2339,everybody,774.166,774.486,0.889,25.90956155263158,3.851291563157895,10.74459025631579,16.83822118947369,26.906359789473687,887.4981589473684,-21.97796434210527,10.963669254385966,70.81802694298248,100.18309248245617,-50.593024912280725,1441.594221052632
2340,2340,from,774.506,774.646,0.752,22.9250668125,12.312805875,12.406460817500001,10.9124988375,24.99714925,806.6717100000001,259.89635446428565,28.102577976190467,243.25782003571427,-162.31263184523803,99.09440714285714,-437.4841666666666
2341,2341,the,774.666,774.746,0.859,24.073742199999998,8.82583416,17.1506192,22.9296224,24.6810546,1021.2288000000001,-22.207655,81.87759700000002,90.11155499999997,391.6114250000001,-33.560884999999985,387.56699999999915
2342,2342,girl.,774.786,775.027,0.916,26.956551214285714,8.877922492857142,-4.146816635714285,-16.560946,24.551645928571425,827.0531314285714,-9.90313065934066,45.87428715384615,-14.587320538461535,-144.452344021978,-3.1014880219780103,-1740.8152417582414
2343,2343,Right?,775.587,775.827,0.852,21.134965875,10.031147240000001,14.805020164500002,-2.747460147,20.838023825,635.00270375,-13.213917879924955,-5.543719799249531,-2.147591110225142,59.35297169024389,9.63723959193246,-248.0185123358349
2344,2344,There's,776.167,776.387,0.825,8.150917807142857,9.846186874999999,27.668802771428574,14.404761580250002,14.71277432142857,822.0607600000001,-40.51836957854406,20.29958457443897,0.6064943787630007,57.806926864846744,-10.534494293924467,1510.3000013683632
2345,2345,no,776.508,776.688,0.688,23.407009306666666,12.198527573333335,4.737282819999998,-4.735308706666667,35.1638662,786.8132006666667,35.374444249999996,13.754422464285714,-215.95224678571432,-151.39548553571424,61.64855053571428,-1794.4691517857138
2346,2346,need,776.728,776.908,0.922,9.794378463636363,14.918838113636362,30.243889636363637,-0.2982241454545454,27.421989454545454,568.8061163636364,-39.22803695454547,-33.983593750000004,131.10470909090913,-21.912926727272733,-200.61094590909096,-3287.5768181818194
2347,2347,for,776.928,777.048,0.833,15.367408285714285,14.267183585714287,-2.645918357142857,6.558101942857142,16.194390714285714,739.6472857142857,322.9790592857143,-93.90873517857142,-429.2857223214286,-167.75294285714284,296.5046607142857,4720.862428571429
2348,2348,it.,777.068,777.108,0.486,25.73875633333333,1.2531035,10.476185666666666,26.544930333333337,0.0,1066.0700433333334,-215.66934999999992,-186.11986749999988,889.4980999999996,-33.05664999999997,0.0,-2276.5924999999966
2349,2349,"Look,",777.388,777.608,0.945,16.843514632,15.244541384000001,14.488800770399997,11.902985784,12.2752756,698.3393884000001,22.08730046153846,6.267546461538458,-29.806651508461535,-53.60050756923077,-3.989929576923073,-139.11917923076925
2350,2350,like,777.788,777.928,0.952,12.58493780625,4.62136969375,13.71340063125,16.38449083125,8.141907875,679.5614581250001,83.1604389632353,-25.043473477941166,-79.97917690441174,-49.36103731617647,57.55095470588233,-1992.1069110294113
2351,2351,I,777.988,778.048,0.943,12.373638193333333,13.468607370333332,3.2992082516666668,25.441684499999997,22.9554085,430.5306683333333,-88.31817171428573,371.2229515571429,170.76305344285717,13.549070000000006,-398.6734014285714,1357.565185714286
2352,2352,"said,",778.088,778.569,0.702,17.341078642307693,10.358186703846153,10.970076249346153,15.802792034615383,17.53531130769231,685.2912357692308,94.78722547521366,-31.548296179487167,49.1268040505128,17.891584456410246,52.582283658119636,-27.72989350427357
2353,2353,from,778.629,778.789,0.874,26.933281454545455,15.05316216363636,6.019706341818182,9.032371381818182,21.106155545454545,850.061030909091,143.5242213636364,-13.829160500000008,-135.14483311818185,-114.7234653636364,207.3289922727273,-429.4989272727276
2354,2354,the,779.169,779.289,0.966,34.2852502,26.489902624000003,18.386853820000002,20.077339639999998,20.02549196,892.1347412,-9.488390807692307,-22.28524548461538,-17.43327922307692,34.22180584615385,16.225166730769235,349.42854230769234
2355,2355,first,779.649,779.909,0.643,11.908400054838708,14.08567937419355,2.775278606451613,9.90270950070968,13.37745641935484,891.310370967742,-52.94979847782258,-6.516701562500001,-46.781954405241926,-53.08286564729838,-6.666060322580649,-72.40859495967746
2356,2356,"minute,",779.949,780.209,0.737,17.4934034,3.830397982,15.805722580000001,1.4970095466666657,21.964154933333337,505.08996066666674,35.99187428571428,-32.7958679517857,98.96275214285713,80.83870517857142,-170.30980250000002,-2664.781401785714
2357,2357,he,780.509,780.609,0.824,10.36632062,21.213407325,24.555146900000004,14.5771229675,14.56794595,792.8935325,-69.98064807518799,44.252866522556396,1.9632864661654117,-28.417150444736844,66.84929921052633,541.89687556391
2358,2358,is,780.669,780.79,0.613,-2.603828233333333,12.654933166666666,-0.34025617777777817,4.121181173333333,31.65676444444445,793.0377955555555,7.242967833333338,53.005130083333334,-161.0665951666667,19.86503028333333,-94.20154166666667,3610.338816666668
2359,2359,a,780.83,780.87,0.555,8.1539808,7.444710175,2.961809,-10.575848925,38.6739245,520.7760625000001,298.59387200000015,228.2370025000001,607.0162000000001,494.3243365000002,-69.63981000000003,8240.383550000004
2360,2360,doctor.,780.95,781.39,0.847,18.430816880769232,4.7981983711538465,-1.608939923076923,6.47796707076923,18.86001703846154,565.4529634615385,34.443264883760676,-3.6933249957265,-35.08842855726494,30.92064819145298,-0.8339049059829048,-35.13103025641032
2361,2361,If,781.73,781.79,0.996,19.385134199999996,4.92637169,14.781303649999998,26.34314235,5.31272665,843.214054,-16.621723533834587,32.80223628571429,49.229322105263165,46.85218770676692,27.444878609022567,-465.65023458646624
2362,2362,he,781.83,781.91,0.856,6.100225216666666,11.897400500000002,23.96771216666667,19.893787,35.917166,967.8559066666667,73.076785,-29.157684285714282,-45.34848714285717,-314.58509142857145,29.504025714285707,2261.9745428571437
2363,2363,went,781.95,782.11,0.675,23.2708681,11.07932484,0.0004916800000000166,-9.374588650000002,30.9850256,818.8379990000001,-64.44217363636362,-78.09149393939393,8.303546969696967,239.66415954545448,-181.68195090909083,-628.0698575757574
2364,2364,to,782.13,782.23,0.8,12.748579383333334,9.843977233333332,26.0967775,11.472932316666666,31.0219255,847.4791800000002,129.95354814285716,98.81746257142856,182.17490999999998,-21.491502142857115,-298.70161285714295,-7791.236228571431
2365,2365,just,782.25,782.43,0.772,-3.05483747,12.787545656,19.513037869999998,7.043150369,14.459623499999998,996.698445,-69.12237172727274,38.60762795151514,-120.48003790909088,-41.484545809090896,-176.97716878787875,-891.6395909090905
2366,2366,go,782.45,782.61,0.766,21.739417911111115,5.174351022222222,-3.894980011111111,-7.629831066666666,29.713071111111113,863.9121744444444,215.49722950000006,21.03310816666667,-205.76635025000002,-133.08441466666667,83.42970666666668,-4554.538625000001
2367,2367,help,782.65,783.071,0.891,19.691891916666666,9.136627991666666,-1.1762207054166667,-2.5730798933333334,25.245121916666665,727.42698125,11.423867304347821,-37.39181378695651,73.17282166760867,34.06462981391303,2.8765179565217456,-193.6752215217391
2368,2368,the,783.311,783.411,0.886,28.33823358823529,12.64544121764706,23.36039835294118,22.577690058823528,14.684928411764705,772.2401464705881,6.817361397058828,5.087938725490196,12.516463480392163,25.203059926470583,85.59867916666668,830.1726617647058
2369,2369,girl,783.451,783.771,0.82,23.05019488888889,7.401299451666666,-9.055129266666667,-23.458976570555553,32.52123511111111,876.8447455555556,0.735379876160994,40.52541462796698,119.63187953560376,-124.04798087461302,-40.61900794633644,-375.96352425180595
2370,2370,and,784.071,784.151,0.856,13.03447769736842,7.200747027305262,10.924412242105264,11.552386094736843,6.562665684210526,709.0975494736841,13.015506061403507,2.9842018914385946,0.5692694912280712,76.87453722807018,82.15747736842107,-369.52644385964925
2371,2371,then,784.171,784.271,0.93,17.426985416666664,10.704927,-0.40788033333333357,11.832563749999998,32.201301666666666,464.0446283333334,178.02319214285714,6.9080314285714435,-51.13079542857142,-167.63671071428573,-3.3305371428571715,3167.8990428571424
2372,2372,when,784.291,784.431,0.782,25.351199,11.6072688875,-9.6553321875,18.152979350000003,19.822032375,739.6364024999999,-68.66284523809524,-98.13730613095235,5.364159821428577,184.2601357142857,-284.126619642857,-1752.1384047619047
2373,2373,other,784.551,784.731,0.844,17.098193333333334,6.754831645600001,-14.5566871,-9.748501896666664,27.698620466666668,674.2632546666666,8.142985535714285,27.80746467892858,28.98765883928571,124.22773642857142,104.41718874999997,774.6947857142854
2374,2374,help,784.771,784.972,0.847,17.379561333333335,18.5444655,-6.3778843416666655,-10.814375636666666,16.956234000000002,685.391975,19.79494772727272,10.590229720279726,163.1320623251748,-64.19504904195804,-211.4020038461538,18.43973776223781
2375,2375,came,785.012,785.172,0.99,10.41168809,13.22251291,13.600198400000002,11.483145669999999,26.734350799999998,612.2175520000001,144.2999159696969,57.44389487878786,24.505271030303025,11.915609303030296,175.90222848484845,1100.6492848484847
2376,2376,in,785.232,785.272,0.976,15.413993200000002,7.158018719999999,7.1676446,8.51265664,36.4497724,619.469434,37.934990000000035,-65.07361100000001,147.87475350000005,63.984575000000014,-12.194395000000037,3877.8524500000008
2377,2377,and,785.312,785.372,0.97,20.9090026,5.20784168,20.703876,8.694793919999999,33.086537199999995,512.7873159999999,23.54819000000003,84.31203350000001,278.6702750000001,32.93083650000001,-50.63067000000001,2447.2455500000005
2378,2378,he,785.412,785.492,0.807,16.423038950000002,16.957453666666666,46.649322833333336,18.19390575,25.538947166666663,741.4456450000001,136.70240700000002,105.28288571428573,39.90214999999997,145.165805,-105.56706428571424,4471.2153285714285
2379,2379,backed,785.512,785.732,0.921,20.22485425,0.05583225833333313,0.804887583333333,13.211576395,21.999835250000004,595.0533333333333,-12.662118356643365,92.5240440034965,172.46448898601395,76.81890822027971,-146.8858043706294,1098.6265314685313
2380,2380,"away,",785.772,786.032,0.896,17.926581436666666,7.558103019999999,4.764649546666666,-4.369793588000002,33.78699066666667,652.5898926666667,-130.15205639285713,-36.792914660714274,140.01903833928571,106.621249,-40.118911607142856,-1910.605167857143
2381,2381,then,786.052,786.672,0.833,16.528273584375,12.735638935625,18.784257690624997,19.39802270915625,11.773658062500001,762.096478125,-14.318185523277132,-4.548959281708211,-31.839520530608514,-27.503798975485708,66.12802514662758,20.436138013196473
2382,2382,he,786.692,786.752,0.761,3.1317875749999997,14.2070615,21.1025585,6.12714325,37.762125,667.9209275,-25.456823500000016,-7.597560000000016,-45.713669999999965,-158.59614800000006,2.9994599999999507,9014.017450000005
2383,2383,would,786.772,786.872,0.981,16.200910833333335,17.3540162,-8.9440036,-9.406446666666668,38.08130616666667,905.2194666666666,57.57783000000001,-274.6610494285714,-121.46480742857142,455.27864857142856,-5.622718571428556,-107.20805714285689
2384,2384,have,786.892,786.972,0.839,24.6011722,0.44884606000000005,5.552981582,21.375409300000005,36.6011856,1008.74813,-96.99147,135.80833150000007,132.9999006,-146.06895000000003,13.054670000000003,-2063.2215000000006
2385,2385,been,786.992,787.113,0.828,11.0343571,-2.458074842857144,10.8175532,20.900147,35.107997,659.2176228571428,-150.65840464285716,166.05785482142855,209.91530232142853,-239.85227678571428,-36.644205357142866,-4221.667589285714
2386,2386,a,787.133,787.153,0.931,7.345280450000001,18.183957499999998,35.513431999999995,19.0920135,31.2153755,277.71351,25.58548499999998,304.22784999999976,-54.952199999999934,303.80504999999994,-38.58375000000008,-1495.7989999999986
2387,2387,hero,787.233,787.633,0.766,13.615375735,13.058572365833333,3.356647466666667,-7.697912342083334,29.926090791666667,896.1531787499999,78.74527980260866,-34.876288257826076,-79.74765386956518,-114.11044130891302,-48.59762076086955,-283.8726615217389
2388,2388,instead,787.713,787.973,0.842,11.850512205882353,12.130294452941177,12.291195158823529,4.370964776470588,21.786382529411767,784.2706411764707,-22.7766368872549,-105.3760937377451,-41.30541113970588,-41.01397149509803,45.859814093137246,987.0938321078432
2389,2389,of,788.013,788.073,0.746,32.8893634,6.290591539999999,16.8110498,11.9706233,30.9447074,947.926534,30.73667500000001,292.59040650000014,294.67749,210.49977000000004,-26.994055000000017,-464.26365000000055
2390,2390,whatever,788.713,788.993,0.877,21.051564247826086,9.38683622826087,12.050127356521735,16.315860161521734,15.445322521739133,922.7065419565216,25.69442127967931,-2.261965101140918,-28.33726331668208,-24.601150335584332,43.176948609312355,-159.94244363243916
2391,2391,that,789.033,789.214,0.896,15.173373,-3.8136209236363636,-0.19456781818181731,1.7347005845454546,15.664366909090909,469.5641381818181,24.53800409090909,-13.431537472727273,47.45834204545457,0.4043445363636391,-233.4162536363637,1154.191554545455
2392,2392,turned,789.294,789.514,0.86,18.247472333333334,2.8363114881066664,7.147271333333334,13.404806946666666,18.30037713333333,607.8876953333332,55.59360553571429,36.97185964107142,-21.20765866071428,99.83086576785712,86.68706571428571,323.3224267857142
2393,2393,out,789.594,789.694,0.788,24.329887444444445,-8.340124366666666,11.179526599999999,13.427398744444446,0.0,552.5034322222223,88.11973250000001,55.55052000000001,134.57306583333335,56.45146958333334,0.0,2538.777566666667
2394,2394,to,789.734,789.814,0.839,17.285700449999997,15.096986833333332,20.698502333333334,25.551871833333333,15.571256,981.4465450000001,309.04804757142864,113.0317757142857,252.65524857142856,171.46750142857144,-27.207834285714334,4600.990185714287
2395,2395,"be,",789.854,789.974,0.955,17.64147875,4.629163699999999,27.883094749999998,40.905469499999995,7.50601925,669.31570625,-24.09250119047618,-23.226966547619035,90.73561190476191,-10.148727380952351,-108.65527976190475,-3404.414351190476
2396,2396,right?,790.114,790.354,0.845,25.375477073684213,-5.687904141578948,17.141976452631578,10.6232686,7.6496709473684215,569.34007,-58.402176894736854,3.662374904385964,67.54545971052634,-35.69500892105264,47.254504122807035,-167.8280087719299
2397,2397,And,790.954,791.074,0.747,6.984959286083335,10.643378691666667,19.83590747222222,10.170995273111112,9.931067305555553,802.6156294444445,7.763647427059198,0.8054300727155712,-15.213136280566276,17.08599727361647,33.672813687258675,-403.86307541827534
2398,2398,so,791.174,791.375,0.905,7.505817966666667,13.146902933333331,5.893970313333333,-10.327317126666665,17.633874866666666,807.4039573333333,271.1890672321428,-46.47930237499998,-53.450034125,-152.75030703571423,113.88752982142856,-617.4286000000002
2399,2399,"guys,",791.555,791.815,0.804,21.4301044090909,11.690479004545455,14.684556700000003,11.95609756818182,16.67073659090909,763.8470759090909,-112.43845920383964,-11.016548212874085,-13.356147114624507,55.08589321005082,5.242037351778655,-480.48187267080743
2400,2400,here's,791.855,792.275,0.786,11.928893036086958,3.3634638739130436,19.99775760869565,12.90017306521739,14.462382173913044,735.1628513043478,76.01602144071143,-18.688067539525683,-16.705220553359677,2.03450425889328,-19.251470750988133,-1283.851768774703
2401,2401,another,792.355,792.595,0.862,30.4343444375,0.9185837375000001,6.070800165625,4.9339641625,27.896708687500002,626.181351875,-12.681847426470584,102.7829973235294,-70.96140560661765,-68.19586130294115,-7.566893308823528,1460.2236286764705
2402,2402,way,792.635,792.735,0.704,26.576588285714287,6.708391971428571,16.35220807142857,9.067354257142856,24.44427214285714,606.8745314285715,-136.4813035714286,34.4360569642857,278.2004430357143,234.36533910714283,-15.382257142857133,-2962.990517857142
2403,2403,that,792.755,792.835,0.745,11.6050272,13.4218086,38.090998199999994,30.563106800000003,23.488928599999998,467.138562,-103.53773500000001,-38.526695,240.34772000000007,112.33087,-6.843044999999963,-877.2983000000007
2404,2404,you,792.855,792.915,0.987,16.464516500000002,14.317789249999999,36.128596,44.78622899999999,22.660936,556.141955,207.04622000000006,10.917584999999976,-138.55616,-21.836000000000027,-12.558949999999959,-9818.035200000004
2405,2405,could,792.955,793.055,0.911,26.151407000000003,17.26035705714286,29.81584042857143,39.744172999999996,18.98459385714286,986.9601185714286,19.63757500000001,7.443810714285692,57.750907142857145,-115.03358928571424,-143.84667499999998,2573.7705
2406,2406,definitively,793.095,793.636,0.92,23.57671975689655,10.651623218620687,17.689267365517242,19.488156386206896,20.875965448275867,909.4512637931036,29.620291036945805,19.005848781280786,2.953715541871926,-28.553784295566498,17.698574137931033,-193.18749630541873
2407,2407,know,793.676,793.796,0.762,28.029565249999997,11.078882449999998,11.288662699875001,12.5297214,21.506031375,712.9070775,64.89749285714282,105.5095945238095,-203.07802428869041,-235.33551095238096,-7.7616684523809445,1549.6022738095235
2408,2408,who's,793.836,793.996,0.887,20.266526173000003,20.25718887,16.43437113,16.11866932,17.723299100000002,972.5778480000001,-213.4469861848485,-74.16220475757572,53.17397681818181,112.03299272727268,-58.14927848484847,768.1796545454544
2409,2409,right,794.036,794.176,0.882,35.855103666666665,-10.006974566666665,4.777276733333333,21.692005333333334,20.66598122222222,827.2484444444445,-60.94427500000002,57.97305508333335,207.12978000000004,132.37390083333335,-5.46521499999999,2586.6303500000013
2410,2410,and,794.196,794.256,0.746,36.981793499999995,10.16544,19.95541275,24.207731250000002,19.53492125,905.1422275,93.54205,16.546590000000005,27.85857500000001,-166.22096500000006,-6.6647250000000495,-3012.183150000001
2411,2411,wrong.,794.296,794.476,0.904,39.569174272727274,1.324736309090909,-4.058836730909092,3.2583138181818185,9.546465999999999,521.2643636363636,-98.06169181818184,-20.044622363636368,38.57440095454546,15.103624545454549,-123.4178531818182,1010.6415590909095
2412,2412,They,794.496,795.276,0.589,8.707755702250001,7.605537835999999,22.921153030000003,22.0559495875,4.520634825,888.40133825,-8.803637261491557,28.016232650281424,9.242446412757975,-5.6948706496247645,23.72635425422139,20.066576500938123
2413,2413,didn't,795.617,795.877,0.439,21.312565833333338,14.229943906666666,21.624272483333336,19.406100766666665,17.399858400000003,831.075122,-13.279902987764181,-28.69702320133481,-33.14292842602892,-2.004435450500558,57.10697281423805,532.1022747497219
2414,2414,talk,795.897,796.037,0.786,27.318613625000005,5.42965345,-3.0434421775,0.69698830375,28.588712750000003,864.8315625,152.28720416666664,-9.996012857142853,-122.02465091666664,-154.86258132738092,-45.06859761904761,-2130.093011904762
2415,2415,about,796.057,796.177,0.977,32.246425428571435,7.146635694285714,5.7865398571428575,7.329923699999999,24.667898285714283,827.9212442857144,-84.48554999999998,76.93552946428571,88.49563517857142,165.34872785714288,-20.67779464285714,270.1088035714284
2416,2416,this,796.197,796.337,0.655,4.686752875,15.456840262500002,16.345391125,14.8648077,12.081792375000001,933.0669475,-354.2374053571428,-159.96618541666663,22.827904166666645,-129.48373571428567,-233.2737446428571,710.23355952381
2417,2417,for,796.377,796.517,0.859,26.101370666666668,9.268783311111113,-20.250459,6.887325244444444,16.48059388888889,654.2274400000001,338.24261833333344,53.43428850000001,-95.89332583333334,-36.93693533333333,107.1668391666667,-655.7445833333336
2418,2418,a,796.557,796.577,0.983,37.42731433333333,13.876673333333335,8.251337333333334,21.611463666666666,19.519367666666668,877.6043300000001,-205.69999999999993,205.88434999999987,688.8887249999997,489.72954999999973,16.639725000000013,762.7290000000012
2419,2419,month.,796.697,796.977,0.937,18.467157394999997,15.253796439999999,7.384797856999998,3.2262982449999997,13.320361049999999,648.6512335,-97.25066483082709,19.131770864661657,-112.60721323233084,-30.59081111654136,-79.4689880075188,-1190.5730124060153
2420,2420,This,797.657,797.818,0.7,8.164146373809523,21.608146714285716,16.656829045238094,24.397045214285715,8.129067035714286,1007.9908995238095,23.607038186127543,-8.880787253869215,5.726738148043108,-7.721229782837694,20.44179544809983,-254.17088363989953
2421,2421,happened,797.838,798.038,0.759,26.017869090909095,-3.252683390909091,-12.122978954545454,8.42128215818182,33.88233518181818,593.9264654545455,4.354414545454543,5.344016409090913,13.325714772727277,47.30348826363637,7.3529527272727195,2113.230481818183
2422,2422,a,798.078,798.098,0.994,19.559976000000002,17.81941666666667,0.8887218999999998,11.205931733333335,33.27548766666667,909.62108,-221.22397499999988,250.86919999999986,446.27756749999975,364.6174449999998,-20.877175000000026,-184.5335000000004
2423,2423,month,798.138,798.338,0.721,13.532715125000001,20.144717833333335,-2.9828640524999996,0.2848877166666655,30.851704916666666,834.4629591666667,-28.338770192307685,32.51432972027972,81.23600215559439,165.84846094405592,-13.312867657342657,1012.9358583916083
2424,2424,"ago,",798.378,798.558,0.999,19.850328954545457,2.2307021590909093,18.776984545454543,19.126650809090908,26.884740909090908,1013.5460536363634,61.4841122727273,-14.455904636363641,-125.94119272727276,-266.20355786363643,-4.969638636363635,847.3914409090909
2425,2425,a,798.578,798.598,0.001,28.915032,12.1133003,25.1860815,0.8404053499999997,25.0499815,950.1831649999999,166.3620999999998,510.33896999999973,638.6374499999996,869.1343649999995,-29.748449999999938,-807.8005000000016
2426,2426,video,799.098,799.358,0.676,26.880261710526316,5.369894813157893,13.047380869473686,19.928635104210525,19.56997844736842,943.5548000000002,-25.512835414159095,-14.11284967228362,-11.586041046722837,35.911964911478286,0.1101782634861587,162.75880008753688
2427,2427,comes,799.398,799.578,0.767,17.654198945454546,18.327118678727274,10.886972472727273,10.183525298727274,22.34496445454545,807.5550218181819,-123.55900668181822,207.94038594000008,179.2139695454546,2.096662239999995,12.228632727272737,1607.7836636363645
2428,2428,out,799.658,799.778,0.727,27.305381,4.415376013,-2.37155258,9.27375616,20.6253362,508.686634,-29.166737575757573,68.87630336060606,89.58555024242422,91.94224333333331,-132.44952787878782,787.0510181818181
2429,2429,"today,",799.798,800.139,0.758,19.136478305555556,-2.0956762944444445,24.424702383333333,18.871872555555555,13.610357444444446,492.18531277777777,47.22397195562435,-86.86528081011352,59.65363137770899,70.67490144478843,-9.89363880288958,-1600.3174711042313
2430,2430,right?,800.299,800.479,0.898,26.34014694117647,-3.580400535294118,20.10398486764706,21.67809435294118,14.963481823529412,645.9600700000001,-1.7867116421568612,-61.871269142156855,31.096910416666656,-47.57460490196078,82.32220649509803,-1729.8627120098038
2431,2431,"Now,",801.846,802.086,0.94,20.13353629375,14.187218651249998,17.98023831,16.82702085125,7.305882325000001,838.716561,0.37054690078527935,-3.456113716186122,-15.498311611814342,-9.952549004043599,15.977725614158462,-163.18720271917488
2432,2432,do,802.106,802.667,0.665,19.6657288937931,23.412179051724138,22.471351024137935,8.040106009310344,11.351166310344828,833.7091779310346,-43.326424624137935,-6.744581748768471,73.65995404926109,94.55399997019703,7.656029137931035,378.65859285714276
2433,2433,you,802.747,803.047,0.726,11.17372757894737,22.24884768421052,11.09917232631579,11.284710100000002,32.572084631578946,950.0867242105263,16.42944127192983,14.489496578947369,-151.43775390350882,-173.06615010526318,-2.2372844736842077,-1062.9092842105267
2434,2434,think,803.167,803.387,0.949,0.7756582470588235,12.455119410588239,17.959205423058823,14.785197494117645,15.730884058823529,833.8178135294119,108.97201464460784,13.651743514705876,84.0301833465686,24.603317352941175,81.02062708333332,-486.99022794117644
2435,2435,that,803.847,804.128,0.535,19.895362002702704,12.46569797027027,22.427067478378376,21.697518662162164,22.733660999999994,770.4381443243244,-2.177069121621622,-16.72183930891418,-60.21588962067332,-5.327550859412044,41.649752038881,5.576503674727331
2436,2436,Ronnie,804.168,804.448,0.762,30.8612805,6.906825994375,0.4531799437499999,12.873610887500002,27.4340775,642.875516875,-117.35513544117644,9.072749983088238,199.64869949264698,96.21155319117644,15.404760882352935,-413.2057154411763
2437,2437,"Jackson,",804.468,804.868,0.887,14.17621076952381,9.124333266666667,14.545903142857144,20.40809464761905,17.194692,668.2886861904763,7.896299058441561,8.37188605844156,6.238556733766241,-14.602007246753246,-28.387104220779214,69.23185389610393
2438,2438,if,805.068,805.148,0.805,27.155839499999995,9.419157514285716,28.756884071428573,25.90743,11.457173785714286,871.6330057142858,-59.418184505494494,-55.972646769230764,31.03835703296703,72.8183021978022,38.933645164835156,-114.53126593406604
2439,2439,he,805.228,805.348,0.974,11.30497843,9.29511072,34.9561733,16.180483860000002,15.627696599999998,812.978368,87.40217918181816,59.96481472727272,126.04849909090905,-40.0401072121212,195.27747333333326,59.191496969696914
2440,2440,was,805.388,805.528,0.795,13.54397509222222,23.231271888888887,16.338172055555557,6.830753003333333,26.788963111111112,960.8277222222223,-235.23352730833338,159.16993083333338,107.84482350000002,63.36314468333334,-6.314731666666673,1543.4155083333335
2441,2441,a,805.548,805.588,0.565,27.01095666666667,1.4652645333333332,25.229060333333333,10.5156129,24.528482666666665,918.9796133333334,64.40377499999995,104.54400249999995,-67.78034999999993,258.0112074999999,-92.10914999999989,7062.523999999996
2442,2442,"victim,",805.649,806.009,0.968,18.796789827619047,2.455958283333333,21.452509214285712,20.770260271428565,7.477892285714286,756.269077142857,19.108080687012976,-20.01084149350649,-54.49249718181818,-43.974476662337665,-58.1911855194805,-1395.1842207792206
2443,2443,would,806.749,806.849,0.381,21.695582952380953,14.202546359523812,12.838270854761902,22.618559273809524,5.5587087380952385,1031.8435642857141,-7.848132631067175,-1.9856345478486341,-7.775372132323149,-8.599411800097235,18.70249373227453,-113.05954768657325
2444,2444,have,806.869,806.949,0.05,11.8893358,7.1488996700000005,26.1609526,35.136472399999995,21.972898800000003,1151.52968,-158.72867,196.566268,425.0450250000001,-135.51487500000005,-297.8415150000001,2263.4179999999997
2445,2445,just,806.969,807.149,0.788,-10.961125565,16.650825175999998,18.753871359999998,10.66550444,8.6427015,984.8536690000001,-202.35741825757572,85.6336749090909,-149.74432933333327,-61.575393151515144,-183.46527787878784,-2110.529087878788
2446,2446,sat,807.43,807.65,0.977,2.258174904,9.359509548,13.4937317952,0.9144079279999999,12.503804999999998,712.6008304,66.81958407692308,-106.88278114615383,-51.99671424846154,1.0590352307692312,66.3844781923077,-1038.4225976923076
2447,2447,around,807.71,807.95,0.836,31.11407393333333,3.0298795506666667,-11.171492193333332,10.708340461333334,27.38323546666667,689.1088533333333,-69.09976660714284,16.000876471428573,159.36400373214286,-32.945900623214285,0.6710105357142806,-35.48310714285725
2448,2448,and,808.03,808.09,0.004,29.937515571428573,21.41075172857143,20.340595,15.01867205714286,24.36103642857143,538.7300471428572,-13.635071428571411,-147.06942928571428,-117.20744464285714,-202.79788714285712,-20.623787500000002,-2731.2004107142866
2449,2449,be,808.11,808.19,0.497,28.524667799999996,8.256385660000001,11.7136054,3.18748292,22.1491162,660.2379280000001,110.15631500000005,-139.48511800000006,217.761545,414.8182525000001,-7.61851499999999,7586.623900000002
2450,2450,"like,",808.21,808.37,0.31,30.359027555555556,5.72075523888889,17.63554153333333,20.96786283333333,24.48911711111111,1008.2471777777778,-22.41301166666667,60.95130800000001,-31.702346833333333,15.997659166666686,-6.557405833333325,-701.7030000000005
2451,2451,don't,808.39,808.55,0.777,28.286174444444445,17.448279,7.899820011111111,8.388423044444444,22.045920555555554,798.9217944444445,13.729016666666668,84.7400416666667,23.20312616666668,-69.26229241666667,-82.99632083333334,-762.6237083333334
2452,2452,talk,808.57,808.731,0.912,32.5442484,10.62706509,2.840893482,5.778132277999999,19.3076238,872.24581,175.042346060606,29.68028754545454,-17.254840878787867,-143.66898221212116,112.15953333333329,-327.3646181818181
2453,2453,about,808.751,808.891,0.524,36.307153875,-2.34497694,-4.2380684375,13.305750112499998,20.475841625,647.02796375,-52.9161291666667,-142.8203043095238,41.8252343452381,79.32231601190473,-21.522054166666663,-861.6031130952372
2454,2454,"it,",808.911,808.951,0.268,37.63510433333334,9.517942633333332,15.793087666666665,16.39707,20.842867333333334,820.2335666666667,-35.88982500000008,175.0146274999999,188.16922499999984,118.15374999999996,83.18472499999996,-10007.327499999994
2455,2455,don't,808.971,809.111,0.844,36.382178375,10.400586556250001,3.6435626625,7.426833875000001,17.03966875,900.46423375,-252.06128392857136,66.23546413690475,172.28385244047615,36.15737761904761,-163.93582142857142,3509.0943035714276
2456,2456,talk,809.131,809.291,0.843,30.94161166666667,10.28408288888889,-7.802469277777779,11.974404816222224,22.499795777777777,754.4362322222222,112.335865,24.273232499999995,95.90612916666667,132.09657784000004,-22.10339916666667,3798.6623333333337
2457,2457,about,809.331,809.511,0.879,34.459628,-2.039931636363636,2.196241936363636,18.82094572727273,15.513549272727273,742.2618345454547,-28.49254545454546,-152.26389772727273,-75.73299931818183,40.4512365909091,-10.451481363636361,-2215.792345454546
2458,2458,"it,",809.531,809.591,0.657,43.86693875,-4.4443739749999995,-16.468566875,18.00983875,20.748251500000002,834.8843425000001,54.453455000000034,157.61413850000005,-45.986117500000034,-53.90373500000006,20.674030000000013,3784.712250000002
2459,2459,right?,809.631,809.791,0.883,24.7423125,-8.145663346000001,18.81658393,10.473704999999999,17.789992,759.760493,-119.15838757575757,97.93695035757572,320.08328409090905,-107.92057690909088,-140.29433696969693,-2654.0133606060595
2460,2460,"No,",810.091,810.312,0.885,15.600356855000001,4.891425261538462,12.10313807692308,3.171161965384615,12.811933307692309,729.3644234615385,57.44617841623929,71.89991426598287,-62.37764895726493,-109.33287680854697,71.14638745299142,-615.0168634188032
2461,2461,you,810.492,810.592,0.991,19.306322535714283,3.6891805928571424,29.317738285714288,23.434000757142858,25.714541500000003,1014.4418949999999,-120.3527284285714,-53.338068186813175,22.408661098901103,135.95143685714282,55.68166384615384,1057.2837153846156
2462,2462,know,810.632,810.732,0.978,27.025829714285713,7.332765071428573,-11.027748714285716,3.9314810000000007,26.290230428571427,619.5231585714286,57.99615714285713,145.97576035714286,-93.43726250000002,-227.46741250000005,-108.53000535714288,-2782.7391428571423
2463,2463,how,810.772,810.892,0.91,31.52375675,3.935189812125,-16.153563437499997,29.020061875,22.536370875,727.6623825,94.99254999999997,-2.39816981607143,13.080090773809518,12.14069702380951,-22.79784583333332,252.21892857142842
2464,2464,Republicans,810.932,811.352,0.545,28.86759758695652,16.13262294347826,8.609445126086955,7.2812463186956515,17.594599652173912,831.2233586956521,-64.65771679841895,35.34074914525691,68.46926511857704,-55.078452361165986,8.398779594861658,49.87931571146234
2465,2465,"are,",811.392,811.472,0.644,23.862691333333334,-3.775246333333333,-23.1450305,-4.5365142333333335,16.439809,835.823695,-127.27622857142855,92.93380857142859,-402.45843857142864,-137.2349062857143,-417.0847228571429,-4319.292671428573
2466,2466,I,811.772,811.873,0.783,7.889813600000001,-7.191660850000001,-22.607809109999998,-10.42131708,38.985641550000004,884.6615055,25.315494511278203,-34.681383496240606,62.51525008270678,139.53529848120303,13.069957105263164,1058.388262781955
2467,2467,was,811.933,812.093,0.755,4.468545054545455,20.773482872727275,-0.16710880909090908,9.33292048181818,29.71312681818182,963.0182545454546,-152.4906652727273,190.97888181818192,42.5545220909091,225.43482572727277,-164.96966318181822,1625.891204545455
2468,2468,the,812.113,812.233,0.715,9.387823342857144,4.692446877142857,-4.925984746571428,-3.0266638,40.49523285714286,964.5579314285715,188.8863060714286,-8.98143475000001,348.1530638821429,72.04314267857143,-35.2946071428571,817.5042857142851
2469,2469,victim,812.293,812.653,0.871,10.606184409523808,4.205074280952381,-7.277983580952379,0.12215331714285767,33.33445823809524,937.0177033333335,5.744161207792212,25.886941246753242,-34.59125004545454,-70.89768311948052,6.403359090909085,-917.4332857142858
2470,2470,of,812.693,812.773,0.481,17.824722166666664,11.028294350000001,3.6671863333333334,-18.00841476666667,27.227932,900.1537,93.30529285714286,166.84982785714286,409.96970857142867,282.59207000000004,-232.93835428571427,773.7802857142857
2471,2471,the,812.793,812.953,0.443,15.72500138888889,13.941534277777777,12.290070426666666,-0.7770425555555556,27.86848388888889,622.6837144444445,94.18731166666669,94.48060666666669,250.13942243333344,38.976688416666676,-262.0455208333334,-1960.431275
2472,2472,damn,813.013,813.354,0.667,5.1067951780000005,6.9268883180000005,8.734255319999999,3.6287095300000005,21.21894585,931.2295664999999,-35.89497109022556,31.091653493233085,51.091503458646635,44.84916418796994,-119.11842680451127,537.9106988721804
2473,2473,"state,",813.414,813.954,0.853,-1.0552150116666663,6.104124199233332,6.483433106666667,2.2763211943333337,26.160730533333332,822.3043983333333,68.30117546240267,-34.552132283348165,52.749098829810904,-53.62587336340379,31.987345339265847,-959.8965333704115
2474,2474,right?,814.234,814.474,0.938,21.191029676923076,0.22432409884615387,15.156955769230771,3.588949411538462,16.34290519230769,888.6401711538462,-0.8975475829059842,-67.7821868264957,-33.70621671794872,-57.336635509401695,70.43414117948716,-55.7429748717948
2475,2475,He's,814.754,814.915,0.818,15.327032482681817,10.380545454545455,22.02715129090909,21.559175954545456,15.194654863636362,850.6866586363639,-22.017220256267645,63.12723972219086,-88.1309946188594,-16.18747371541502,108.59184017504235,-360.28433286278926
2476,2476,a,814.955,814.995,0.694,20.39492075,17.4214389,-1.6081907849999997,2.0617825000000005,7.45650725,854.7821875,-384.3216350000002,390.3153560000002,192.7778039000001,616.4998900000003,-447.3904350000002,1775.74175
2477,2477,full,815.135,815.375,0.803,11.884855584210525,24.84847947368421,7.509706590526316,-19.58550322631579,20.54371221052632,846.7690699999999,17.48951972807018,28.376554298245615,-7.629649384210528,-181.6960253508772,119.4515255263158,26.53309298245616
2478,2478,on,815.495,815.655,0.801,22.2941425,6.776368707142857,4.939566464285714,-8.0670314,28.735691071428572,671.1243835714287,52.953215934065916,50.081970846153844,171.83378506593402,251.34588804395602,-21.76382516483516,1506.5154582417583
2479,2479,MAGA,815.715,816.035,0.809,27.141018157894738,0.3663595510526314,13.790293510526316,26.36249465263158,23.557734842105265,688.0834952631579,-2.3976914035087744,30.11032026403509,58.90057223684212,76.35592854385966,-47.472906666666674,-185.33037017543856
2480,2480,Trump,816.075,816.335,0.857,19.42485558,5.1454467,2.3287397039999997,9.717946159999999,13.501801,786.462428,138.65627503571423,127.594750125,39.619322957142835,-9.540343607142859,11.496492321428567,1325.010664285714
2481,2481,dude.,816.355,816.576,0.916,27.374191183333334,-4.035930533333334,24.982753916666667,30.012406308333336,9.028882916666666,990.9277200000001,101.80780527972026,-19.32816311188811,-39.71055017482516,46.30116585664337,-2.1544019230769136,-452.079937062937
2482,2482,And,817.116,817.276,0.807,15.092732035142857,-4.719056337142857,11.00092531542857,20.73350884285714,10.723242085714284,646.149509142857,25.410561495098026,33.7987950560224,-13.030541021568618,8.718971358543415,52.2583107563025,-705.983271008403
2483,2483,so,817.416,817.676,0.841,2.7122424400000003,10.110779906000001,11.812597199999999,-9.371054845,17.482510400000002,866.6647140000001,156.58488322556394,-57.25691270225564,-43.608439661654145,-56.502187740601514,101.57696338345866,-436.09473684210514
2484,2484,"instead,",818.097,818.497,0.697,11.510796114634145,8.018964046341464,7.166925999756097,15.260783689512193,13.263579146341463,775.1314739024389,-23.97883852700349,-5.17884962369338,-26.594021375871083,-12.92799676419861,34.4917787108014,-87.31638205574914
2485,2485,he's,818.517,818.657,0.839,7.97299165,19.9640244125,21.695197,33.233840375,20.4574845,979.9776075,-146.63271869047617,236.03962196428566,-68.91301785714288,-220.33429940476188,-65.02643928571429,1386.3229880952379
2486,2486,"like,",818.677,818.817,0.902,21.177288875,-2.5291933749999997,17.7640016875,20.128406350000002,19.5727665,914.7010675,-18.008367261904766,104.64145499999998,201.19037553571428,343.0852511904761,-194.3090952380952,4884.906321428571
2487,2487,"yeah,",819.077,819.237,0.42,15.450793319047618,1.797392447619048,-9.768786736190476,-2.504827142857143,30.960601523809526,757.2982595238095,-1.1785611753246752,-14.047945863636365,39.78603455844155,56.45578990909092,19.07933896103896,-1501.4547123376624
2488,2488,no,819.297,819.437,0.812,23.469641700000004,5.90095111,-13.775654560000001,5.157242569999999,32.8210459,716.7981439999999,23.934262727272728,57.20993275757574,-156.16811296969695,-130.7693591212121,2.520180909090913,-4077.470036363636
2489,2489,"way,",819.598,819.738,0.782,17.242595199999997,5.935528345466666,-16.11313036,3.074796419999999,34.781664,789.4889919999999,-44.9879157142857,-40.103852736071424,26.052121928571413,74.05071448214287,2.2991180357142813,480.4150892857142
2490,2490,man.,819.758,819.978,0.83,21.01732275,-3.4804144083333335,0.46005161666666733,17.83997995833333,28.86158275,558.9927508333334,-0.5445110139860109,67.70034256993006,154.8488379370629,-49.011150262237756,-59.52150541958041,1009.9253409090907
2491,2491,And,820.478,820.578,0.826,19.279438883333338,9.244255883666666,18.44008275,23.27881976666667,10.700963566666665,688.4852356666667,-3.9307281034482764,24.534535413236924,6.190012597330367,-7.2894200778642935,66.84971289210235,-516.2418681868743
2492,2492,he,820.618,820.818,0.144,8.973496858333334,11.780709791666666,42.735710583333336,21.412512000000003,25.192847,784.8496425,-33.060233618881114,13.469455541958034,26.406512412587393,-5.956581468531464,-107.26749405594403,1678.6694283216782
2493,2493,hit,820.898,821.079,0.922,5.528455968461539,10.135832605769231,30.363994999999996,17.760837946153845,22.324585153846154,738.843186923077,55.11644277197802,-88.61811377747252,-12.632249999999997,-42.14432354395604,167.33364945054947,28.105510989010984
2494,2494,"it,",821.139,821.199,0.883,5.930682466666667,0.6366105500000001,27.394016500000003,9.328878033333334,24.1245645,552.6510683333333,47.586392571428576,83.92681585714286,169.14370142857143,80.97603685714289,-407.7937128571429,-1658.4523857142863
2495,2495,and,821.419,821.499,0.855,18.217371800000002,7.744221786666666,21.457889893333334,19.53333885333333,13.466085,532.2496400000001,37.625199821428566,37.790603607142856,-105.07575007142854,83.54556003571429,135.7343264285714,1279.6631017857144
2496,2496,then,821.519,821.659,0.96,22.389178375,8.9327509,4.27829382625,24.277022375,29.210707625,542.99243125,97.23351249999997,129.62607166666666,92.22710842261904,156.64058035714285,-3.3459851190476275,330.41701785714326
2497,2497,now,821.719,821.859,0.998,18.561225200000003,-0.783555088,-2.24940218,3.571961980000002,29.8210147,411.577365,-35.35189999999998,-62.80953224242423,-100.54349406060605,-340.0125516969695,15.174611212121212,-151.261524242424
2498,2498,that,821.899,821.999,0.958,20.813942,6.078512737142857,19.511675642857146,3.2924773371428566,30.867999142857144,682.5845314285715,68.31135535714286,-176.08826025,197.45733125,283.76657660714284,-12.300217857142849,6960.704642857144
2499,2499,it's,822.039,822.179,0.826,-2.3029365333333334,17.789199855555555,17.51224116666667,19.372913633333333,6.558563111111111,801.9154966666667,-231.2395410000001,100.63751825000003,-103.91503750000003,-131.22392633333334,-172.42982000000003,2166.3998666666666
2500,2500,come,822.219,822.379,0.873,21.89031781,-2.6027054900000004,-1.1869255500000002,5.42912096,25.4154436,574.9781859999999,112.27028699999998,80.26632760606059,-11.943988212121205,-52.50488987878786,168.78964727272725,1818.7711090909088
2501,2501,"out,",822.459,822.559,0.839,14.299732166666665,-2.6079396394444445,-12.344308000000002,-12.236116188888888,32.57451422222222,452.3081488888889,102.77786416666667,23.42457837916667,192.16561250000004,300.3678921666667,-47.39969333333333,1333.2528750000001
2502,2502,he's,822.6,822.78,0.667,12.339008409090907,22.05637640909091,14.398600072727271,31.62088839090909,28.242359363636364,591.1845545454545,-126.95945363636363,190.58117340909092,-92.81141500000004,-102.2426729545455,-4.515787272727276,2303.0482545454547
2503,2503,"like,",822.8,822.98,0.901,23.673846599999997,-1.47115982,9.83754829,13.75257221,19.5697811,326.59292999999997,4.883441818181821,45.18271951515151,318.9859549393939,259.215186030303,-180.2755542424242,-730.1435151515149
2504,2504,"no,",823.36,823.5,0.906,14.451349226923078,3.0948033742307692,9.165797165384614,14.09167453846154,11.608710384615385,847.0685511538461,6.234529878632474,36.37709301555555,-80.08504540341877,-71.51785285470082,88.07618030769227,147.11017794871793
2505,2505,it,823.52,823.56,0.143,13.758041999999998,33.244742,-13.386438666666665,-21.36140466666667,36.446729000000005,860.68792,-13.395124999999993,102.97919999999993,25.193824999999965,-23.152724999999997,54.39987499999998,-1392.6849999999995
2506,2506,wasn't,823.58,823.82,0.77,9.880782984615385,19.567220046153846,-2.7061296461538453,-3.208619230769233,30.784775000000003,943.7679823076923,51.254303214285706,-83.56433164835163,133.69922076923075,258.69444601648354,3.604183241758221,822.9808076923075
2507,2507,"me,",823.84,823.98,0.965,9.92527295,5.4912547625000006,19.596848115,15.92984235,31.681239,542.95719,-156.07109095238093,120.13609970238093,182.5704199761905,-129.1602819047619,38.52456428571426,353.88304761904743
2508,2508,it,824.06,824.1,0.353,9.742503376666667,16.91279125,12.418308633333334,10.3308985,34.25072333333333,597.8370333333334,313.26641174285714,77.184605,-444.03609057142864,-117.1964871428572,-3.527799999999975,6539.406571428572
2509,2509,wasn't,824.141,824.341,0.824,11.326445558333333,18.863997516666664,0.191040449999999,5.337668925,28.79399283333333,908.8226733333335,-22.494030891608393,27.214108321678328,179.1020476923077,201.39892382867126,-12.77014370629372,203.2930419580418
2510,2510,"me,",824.361,824.481,0.62,13.334147999999999,-0.6210119857142856,7.319066499999999,21.109745285714286,33.26551814285715,477.13725999999997,74.85053749999997,5.859433571428578,-131.2504632142857,-51.67701071428571,-4.105778571428533,-5194.338964285715
2511,2511,and,824.521,824.581,0.765,20.566035,-5.72490204,-17.0718118,12.5655048,32.8133676,395.643688,-34.555335,71.56346850000001,-83.72597,-64.57327500000002,4.020740000000026,3110.24165
2512,2512,I,824.601,824.661,0.461,15.114461124999998,9.254344865,-15.21997675,-20.416278724999998,34.85900875,739.4163325,27.721122500000003,500.2236457000002,-112.92037500000006,-403.6513865000002,48.46135499999998,9446.66565
2513,2513,wasn't,824.681,824.901,0.65,12.031904925,14.422787291666666,3.77984365,8.305755666666668,34.022414083333324,820.0204475,20.037095192307685,-154.56743082167827,183.0333973426573,178.9782276223776,-26.431446678321667,-2278.071092657343
2514,2514,intoxicated,824.941,825.561,0.968,9.03904968,5.381346642424242,13.638729975757576,18.698268877272724,19.19687503030303,730.8339587878788,11.217106427473263,-23.74271403576203,32.43142563502675,28.07937475601604,17.187438736631012,611.7397563502674
2515,2515,in,825.581,825.621,0.046,21.413660333333336,2.2393469666666665,4.430693400000001,24.154134666666664,33.071382,820.1202666666668,-290.4300249999999,-397.01709749999975,-553.9427574999996,-557.8584749999998,20.05785000000005,14223.907499999994
2516,2516,no,825.641,825.722,0.458,14.363423999999998,19.99455486,-1.82569272,-29.225122400000004,34.032129399999995,884.0941399999999,36.88390499999999,404.3321170000001,170.39029150000005,-281.32600000000014,3.1863699999999904,-2003.1793
2517,2517,way.,825.762,825.942,0.989,9.919643945454546,2.0396294818181815,4.6164003927272725,-14.940936818181818,23.955576090909094,782.6734563636363,13.103788727272729,-85.58137254545456,128.45572176363638,230.67298031818189,-144.40418954545459,-2737.502018181819
2518,2518,He,826.702,826.802,0.855,7.71003853604651,9.623620938604649,26.63856874418605,24.298384720930233,10.882063604651162,752.621696511628,-1.6496808192389003,38.2401177064331,5.220295794321955,-2.1939989051646016,24.93465212926608,320.02014708547256
2519,2519,doesn't,826.842,827.142,0.783,11.860635582352943,17.86884545882353,0.974538957058824,8.409732213176468,25.97261994117647,732.2628794117647,-28.08163561274509,102.44318254901961,-75.49649793504902,-25.30050377205883,-57.531103063725475,-583.318393382353
2520,2520,sound,827.222,827.503,0.844,13.969662594444445,7.936028372222221,-2.5295771111111116,0.5141493055555559,21.86942077777778,600.0406144444446,177.4288740505676,-32.84852850877193,30.68095397316822,-82.15867180082559,99.6005463364293,93.33118059855519
2521,2521,like,827.563,827.763,0.868,20.048444769230773,14.290707123076922,16.81083749230769,-2.344373746153845,22.374986615384618,697.1551646153846,-47.35191840659341,-0.9913584615384682,78.948485989011,184.52543574175826,-93.2425769230769,978.3790796703297
2522,2522,he,827.823,827.963,0.85,-0.8243077700000004,20.819218400000004,27.1435087,13.034106009999999,16.4225499,849.3074720000001,199.98785378787875,-114.98971272727269,107.93403969696968,82.83917530303029,198.6927354545454,945.4516848484845
2523,2523,was,828.003,828.143,0.817,17.27844655555556,24.582006622222224,17.27261781111111,4.984147044444445,23.65623322222222,878.9234355555557,-292.6120675,271.76594500000004,58.12159475000002,130.87046075000003,-54.84344500000001,424.44650000000024
2524,2524,the,828.163,828.223,0.537,24.45121175,21.191086499999997,15.7055095,-13.08820025,25.145242000000003,846.5438300000001,412.8104350000001,-219.8374200000001,11.69505000000001,-213.13860500000013,-26.86090999999997,-1214.4148000000005
2525,2525,one,828.323,828.463,0.627,34.35503366666667,16.43028,9.930440266666666,-3.6270644999999977,24.575748666666666,758.2141416666667,-62.80176993006993,-15.421644755244753,90.70564587412585,262.0176517482517,-1.882321678321683,429.1761888111887
2526,2526,that,828.563,828.703,0.921,27.8319315,9.483014566666666,18.721217500000005,20.41012396666667,23.63477566666667,610.2691583333334,-3.509973076923067,-129.8243039160839,-126.37134108391606,-160.77233888111886,-11.554777272727266,-17.014958041957897
2527,2527,was,828.743,828.843,0.961,15.168663428571431,19.698891142857143,24.204835714285714,5.620056654285714,22.60571957142857,936.3003814285714,-441.9177785714285,338.248975,146.98245357142855,42.19081453571428,-4.09523928571429,4142.632482142857
2528,2528,aggrieved.,828.903,829.323,0.84,25.880642541666663,10.283924472916667,21.7779594375,33.936140583333334,19.995371541666668,919.2335095833333,-19.112440021739125,14.760528101086956,42.62874374565216,55.516813260869554,-28.978638239130433,-136.88941630434766
2529,2529,He,829.744,829.844,0.896,4.6148753000000005,13.444616734615384,21.80963455,13.474418646153847,5.742476307692308,740.1385246153847,16.736486399999997,8.62803195384615,28.246769041025626,47.07738428717948,46.054109128205106,-1093.8907784615383
2530,2530,sounds,829.884,830.124,0.796,9.801085792857146,15.366412792857144,0.9431955392857143,9.976249631428571,19.48541764285714,698.1282664285715,163.14516576923077,25.357538494505494,-73.22944840109889,-78.6977825362637,116.26857593406594,-769.5732230769228
2531,2531,like,830.144,830.264,0.799,25.231772799999998,8.958257128571429,9.820127814285714,30.90884305714286,25.63712942857143,867.901922857143,136.97249321428575,-201.88393375000007,326.4883276785713,422.77728607142853,-26.47319821428572,-898.3283214285714
2532,2532,a,830.304,830.344,0.501,28.873846,0.4557363750000001,26.498639,41.0892575,24.1431005,436.28082249999994,89.68332000000008,218.68980650000012,74.36060000000002,103.28202000000012,-39.49411000000003,-8657.75335
2533,2533,guy,830.384,830.524,0.806,23.32476322222222,-4.570886888888889,11.759346058888887,20.41697583333333,26.027089888888888,505.48264888888883,-3.1532241666666603,-27.225239666666663,-132.88630366666672,-138.13369225000002,-7.419652500000006,765.7230000000003
2534,2534,who's,830.544,830.724,0.756,20.5799622,25.9871742,23.166738149999997,26.9738591,23.6897651,985.648359,-212.88150884848477,71.60681696969695,170.5102716666666,-86.02345606060604,-18.641374848484833,1697.600263636363
2535,2535,very,830.784,830.984,0.886,23.009171846153848,5.311324497692308,17.34814123076923,28.252295769230766,23.946795923076927,1122.5939184615384,12.84642445054945,-66.47960125274723,44.65218870879119,32.79255357142858,34.95750686813187,532.6655054945056
2536,2536,defensive,831.024,831.645,0.865,13.296239812121213,12.487952940606059,13.837373536363636,16.141482945454545,18.118817060606062,778.7868893939394,15.021028404077535,-5.248171710561498,17.111040882352942,-23.03771058990642,3.852732787433156,-435.82503375668443
2537,2537,because,831.925,832.205,0.773,14.39791243928571,9.010265369285714,18.496755689285713,15.038184226428573,11.132041392857143,956.6144314285715,-47.82860424603173,21.81768383607006,-16.967174911056375,26.852997480842905,-35.093208141762446,-12.075330322933834
2538,2538,he,832.245,832.325,0.73,9.291170166666666,18.444175333333334,34.34187983333334,23.860994833333336,22.253574333333333,764.0784883333334,251.1124642857143,108.24298000000003,230.5127814285714,142.66932142857146,-218.85429428571425,-222.2773285714282
2539,2539,clearly,832.445,832.965,0.819,13.655525906250002,2.697699264884375,14.914906088124999,8.694031490625001,22.0435656875,845.3638128125,3.487462912390031,22.115811020833032,83.67502557056451,27.549428497983875,40.796360813783004,282.90786904325523
2540,2540,was,833.305,833.485,0.754,21.541990588461537,19.67307480769231,24.944420724230767,13.422287707692309,16.012955961538463,897.6001753846153,1.847319235897439,34.51774487179486,-90.40362841384614,-71.04813067692304,11.382611982905976,545.6382813675214
2541,2541,in,833.546,833.606,0.9,15.409686716666668,21.719793,12.571661766666665,8.657735950000001,22.312382500000002,882.1199333333334,130.79004642857143,3.8127828571429054,-78.73877571428572,16.967973571428587,-202.75586714285714,-345.94371428571435
2542,2542,some,833.666,833.846,0.892,6.597551499999998,23.060690525000002,8.092871866666666,-0.23380469166666615,17.377965416666665,934.9829058333331,241.20231643356635,-96.72109382867136,54.368402797202776,-64.23094571678322,107.70624667832168,-1145.9802465034968
2543,2543,sort,833.886,834.046,0.843,10.33873574,11.433432145000001,10.4222747,9.02880256,16.9329971,948.6132960000001,398.0015583636362,-90.33814565151512,-129.3456817575757,24.498145818181808,195.78901242424237,-513.3007212121205
2544,2544,of,834.086,834.146,0.756,7.936072999999999,15.65359492,24.4076388,19.8169061,5.2244854,940.016112,-807.1409000000002,498.3526635000001,207.95194,-298.21674500000006,-261.22427000000005,7770.807900000001
2545,2545,state,834.186,834.466,0.897,2.6883602124999992,12.31526603125,30.678390812499998,11.73325975,17.9223591875,584.011124375,130.75237288235292,-97.6279609485294,182.21123139705878,42.72897360294117,90.20678213235294,-2644.7692889705872
2546,2546,where,834.766,834.886,0.748,19.14406325238095,5.22501497142857,21.306472600000003,14.161800361904763,5.682384333333333,668.5000547619047,43.896951253246755,18.565067798701296,-133.19302364285713,-34.472073311688305,40.949443766233756,1417.0650948051948
2547,2547,he,834.926,835.006,0.506,19.604302833333332,11.086168933333333,27.110643666666665,31.89895341666667,24.320270166666663,1131.7735833333336,225.93125857142854,210.79231714285714,-250.90217142857145,-301.8551392857143,-9.463101428571413,-4583.007857142858
2548,2548,wouldn't,835.066,835.306,0.896,25.663060866666665,22.5314902,11.388533715333335,7.7006812600000005,29.2865842,948.9668393333334,-79.04193535714283,-7.702231964285714,29.203526191071425,-16.642667482142855,4.925478035714281,361.95933571428566
2549,2549,listen,835.346,835.547,0.871,1.5646628833333338,25.220666416666663,4.644461664166667,12.0038779125,13.867532500000001,938.7344099999999,-122.06755695804192,49.66362499999999,-11.345552889860139,79.00718278846153,-4.608929020979036,-922.410367132867
2550,2550,to,835.567,835.607,0.238,28.988073999999997,21.507947666666666,5.4069544333333335,6.6334070999999994,24.669196666666664,836.26386,121.54629999999992,-116.32492499999992,143.22047499999994,-2.9464499999999916,-58.76274999999996,5632.507499999999
2551,2551,the,835.647,835.727,0.831,26.6871,0.18102400000000043,9.297941466666666,27.393763499999995,11.980485666666667,875.5140250000001,-181.88056,-245.6453711428571,50.58565485714286,232.8327614285714,-306.33508,1576.592642857143
2552,2552,cops,835.747,835.987,0.783,17.367659615384614,0.5253809307692309,2.247681007692308,5.8941662615384605,14.91918176923077,579.8738592307692,-81.10749065934067,131.04527637362634,123.9149720054945,-29.067602225274726,-34.81938571428572,2301.0035192307696
2553,2553,for,836.027,836.147,0.928,10.563452787500003,14.652005475000001,-3.1097080124999996,13.365265874999999,14.711158,743.8743,535.9502700595236,82.80145119047619,-110.40113946428568,43.43132083333332,206.40331547619041,872.4639761904757
2554,2554,no,836.207,836.327,0.95,29.440324777777775,9.962790488888889,7.2355382,4.1231276,25.372034888888887,811.0908155555557,9.006196666666675,-12.52915808333332,-111.88325133333333,-147.05027966666668,3.3257608333333293,111.40868333333324
2555,2555,goddamn,836.367,836.747,0.562,26.630353380952382,2.6346702047619046,17.991770126190474,17.03125470666667,21.836721285714287,681.7880766666667,-16.380449935064934,18.399355642857145,25.489573032467536,49.50821213506494,-8.354565259740257,-864.2864077922077
2556,2556,reason.,836.787,836.987,0.58,15.327434222499997,19.112500583333333,-2.0360944583333342,14.610149333333332,26.698456249999996,703.1287824999999,-147.34696706118876,17.033122202797212,-82.69934470279719,-292.8855041958041,110.83002325174824,-2176.0007360139853
2557,2557,So,837.027,837.067,0.0,23.4906795,15.1514205,-1.9757237750000003,-44.77061750000001,43.042787249999996,670.82561,275.19140000000004,122.61572000000002,251.22729250000012,223.57111000000006,-0.7225049999999908,7441.225000000002
2558,2558,let,837.087,837.147,0.569,24.1287595,-11.3770235,-7.016288124999999,-33.637263250000004,43.122536749999995,857.0634175,7.228630000000018,-334.5720800000002,171.18740250000008,435.1617150000001,-11.671864999999896,-3797.6568500000008
2559,2559,me,837.187,837.287,0.635,21.962489485714286,-9.717132157142856,23.73102432857143,-16.065884757142857,44.31139042857143,764.7193957142857,-120.97224821428568,99.00171553571425,297.02442928571435,-53.95558196428573,-18.324364285714267,1757.7773035714285
2560,2560,give,837.307,837.427,0.897,16.027355857142858,-7.765199300000001,32.315993,-14.804414600000001,42.87523157142857,1168.8233,83.72664464285712,68.77580160714284,-70.35116249999999,242.15477285714286,-19.009933928571435,-93.85624999999953
2561,2561,you,837.447,837.547,0.77,19.55914233333333,-16.307025416666665,36.83754333333333,-16.744986666666666,41.96140416666666,1225.3831166666666,126.50236857142862,12.84636928571428,-269.7205771428571,96.37111714285717,-23.959155714285735,-3086.9227142857144
2562,2562,a,837.608,837.668,0.14,10.149148449999997,11.366762666666666,14.978925233333333,9.5022315,19.3455785,786.6899633333334,-389.1417827142857,519.0327828571428,-331.34569142857146,674.5419842857143,-501.52530142857154,3028.2632857142858
2563,2563,statement,837.708,838.128,0.862,15.47154243695652,5.333185652173911,32.613144591304355,-6.991186926086957,15.246005304347825,541.2215647826087,110.58969882164027,-39.419395711462435,64.14164169960472,-24.74852510869564,-12.774515464426877,-575.2034999999996
2564,2564,following,838.248,838.648,0.838,17.42493431153846,13.684406069230771,14.565478969230771,-20.927655346153845,26.11196823076923,766.4829730769231,56.694158234188016,25.34662457094017,24.927978765811947,-107.1421749230769,78.73851487179485,-542.2676164102563
2565,2565,the,838.688,838.768,0.836,30.230063333333334,17.297852666666667,19.315656333333333,5.060667100000001,27.34005816666667,711.9590216666667,148.89371714285707,-81.60193714285715,-209.38252,-47.33326600000001,215.11895571428573,260.84084285714283
2566,2566,release,838.808,839.188,0.909,17.76476692857143,20.231549715238096,28.53678075047619,-2.152222695238095,25.79751638095238,709.8526742857143,-140.5105772077922,41.747413897402595,62.82229541558442,59.577203155844145,-85.91173285714285,-1297.9409915584415
2567,2567,of,839.248,839.328,0.811,19.049213385714285,21.312324200000003,5.3997683428571435,2.4939036714285714,26.962790428571427,654.2018514285716,350.3425725000001,79.95380892857142,218.56344732142855,22.304408392857095,139.7879321428572,2017.845
2568,2568,the,839.368,839.448,0.83,20.819339149999998,22.74458633333333,12.349327424999998,13.367600883333333,20.398733500000002,888.4510933333332,-227.30068214285717,9.646282857142882,-101.81031892857142,80.11191328571432,-356.9518328571429,821.4322000000004
2569,2569,footage,839.508,840.009,0.815,8.650015089285715,6.8152982049999995,29.1650117685,-11.871113736071427,24.52187732142857,601.8655717857143,-18.124461249315818,-9.687543136015327,111.35408894939795,-23.73588545717022,-10.532188382594413,-65.29726450465252
2570,2570,that,840.089,840.189,0.922,25.89920288888889,6.9150413888888895,32.33152033333333,-2.731584,31.757040666666665,478.03868666666665,2.485201666666664,-69.79218775000002,188.11631250000002,-110.67866666666669,7.3545224999999945,34.44773333333337
2571,2571,you,840.209,840.289,0.842,24.766513800000006,5.948699899999999,54.404532800000005,-11.038120836000001,26.206271400000002,593.571326,-21.392624999999995,116.87590350000004,-272.109235,442.8618941000001,-330.54058499999996,-340.5578
2572,2572,could,840.309,840.429,0.366,14.880338642857144,9.341057399999999,40.92332557142857,8.476673514285713,19.447240571428576,782.21011,-43.81917410714283,163.69494642857143,237.23703749999999,42.89867267857143,-129.52779464285715,-3110.5440178571425
2573,2573,judge,840.449,840.629,0.751,6.628944837099999,1.6463045120000008,28.7949975,-7.362487030000001,17.4776863,752.5524310000001,-76.59495412030303,123.83579616969692,-11.646817878787866,2.406639242424263,-159.41368818181817,751.0476696969698
2574,2574,for,840.649,840.749,0.94,7.64810845,1.8891657833333335,20.85081733333333,18.103430666666668,17.037897166666667,908.4507583333333,462.6698827142856,-189.92994757142858,32.43217428571429,-58.51790571428574,432.6970414285715,-6467.273928571428
2575,2575,yourselves,840.789,841.129,0.893,18.247428836842108,14.28334394736842,12.854653978947368,-10.687069538947368,25.428048263157898,710.2440552631579,3.524574403508769,77.7427971140351,-84.16993714035088,-136.97039772105265,33.05712342105264,206.82864385964922
2576,2576,if,841.189,841.229,1.0,11.1590716,32.420525000000005,21.882559280000002,21.3531196,18.4974798,717.46154,199.52677500000001,-300.1811250000001,331.09438100000006,80.18495499999999,-469.6150450000001,-4254.537700000001
2577,2577,you,841.269,841.369,0.88,10.07163252857143,15.401425285714286,41.62587014285714,19.013480542857142,13.286271571428571,960.4802614285715,209.0368044642857,38.28666428571431,-39.92505,7.409866785714268,-3.6885678571428477,-943.2203571428569
2578,2578,think,841.409,841.65,0.931,23.21594964285714,9.522502064285716,39.018669714285714,5.072587072857144,18.857088071428574,597.4826378571428,128.42137318681316,57.55526398901099,24.565543296703297,-15.101945180219769,25.571883186813178,-1102.987574725275
2579,2579,he's,842.23,842.39,0.836,24.046832437324326,12.156033835135135,20.095247903243244,3.9242493541621615,16.510034702702704,597.457058918919,-22.852083438347567,93.16584412399243,33.47408682764344,41.743772045376964,7.161194333807491,287.07585170697024
2580,2580,defensive.,842.41,842.87,0.901,18.6488226325,12.400675783333334,17.4339732625,8.135708154166666,17.502619041666666,602.9619483333333,17.06910597086956,26.284391604347814,25.35225228043478,7.2233524760869585,-5.0648858043478295,-555.5076539130434
2581,2581,He,842.91,842.97,0.996,18.0561134,16.956479660000003,47.2091016,-1.6536915999999995,28.230537200000004,772.9970940000001,6.662060000000021,-21.545618499999993,-173.37401499999999,-76.0440025,-342.28475,-3675.437600000001
2582,2582,"says,",843.01,843.19,0.865,7.274968454545455,18.842755572727274,2.746504906363636,10.362038127272726,17.02221154545455,789.2892536363637,24.764996000000004,-60.4749765,14.188806159090907,-113.5343491818182,-0.11172454545456302,1807.8939909090914
2583,2583,"quote,",843.27,843.51,0.799,21.838190418750003,-1.2904357374999997,5.4414782,-22.01100314375,19.21947275,639.553453125,83.934009625,-13.45333919117647,67.76130957352939,-134.09486547794114,-5.682105735294113,-235.28360073529404
2584,2584,I'm,843.631,843.771,0.703,25.499412,4.158466521428572,17.386257604285714,-3.2595613571428563,21.735686571428573,865.18344,7.115741098901104,-5.087202648351643,46.48003444175824,24.634282725274726,68.26175076923076,1025.0930153846152
2585,2585,glad,843.831,844.231,0.847,15.156277070434781,-3.9393539173913044,0.3673981608695649,-9.397901352173914,32.29390508695652,740.8029034782609,-6.945655476284586,-100.06953595849798,0.6576782509881446,-34.186353132411064,-37.68186991106718,200.84791156126465
2586,2586,the,844.251,844.351,0.818,13.611516433333334,10.12981989,13.259953416666667,-9.321439133333334,34.500353499999996,1087.3110416666666,131.18053400000005,160.24858665714285,178.16411071428573,35.24024028571432,-32.99228428571424,2316.8987857142865
2587,2587,video,844.391,844.731,0.929,20.907048789473684,-3.6361962736842104,35.9778807631579,-22.830856682631577,37.91506078947368,898.3017321052631,59.416168157894745,-68.42332189473687,-58.71257184210527,-115.0972417289474,-16.2243752631579,-1709.3597000000004
2588,2588,is,844.791,844.871,0.66,10.921440028571428,25.560880837714286,8.952109790000003,9.947885385714287,9.46278,580.7133557142857,-108.40950000000001,21.78814212857144,-282.99413464285703,127.6481966071429,-296.3086196428571,2140.0935178571435
2589,2589,out.,845.111,845.251,0.779,25.845130315789472,-10.49659084736842,5.189856969263157,-19.362567978947368,19.48064457894737,483.594814736842,60.69688438596492,39.13496871052631,45.90604719982457,-86.4705719649123,-6.310635964912277,-192.7812403508772
2590,2590,It,845.411,845.491,0.834,11.885364625000001,10.702803358333332,42.07868475833333,-8.920684675,6.154708500000001,552.8776433333333,-246.06752403846153,57.74589256993006,184.19818442307687,19.760019143356637,0.07683741258741296,235.2670384615384
2591,2591,shows,845.551,845.852,0.765,4.069730666666668,6.1694127666666665,12.994236433333334,-11.947922901111113,29.075554277777783,764.9124505555557,147.13260247678022,99.42587530443757,-110.58659642930857,-26.491990805985555,76.4385007739938,-453.70735345717236
2592,2592,the,845.912,846.012,0.796,13.036476375,17.657245500000002,39.885376875000006,-13.690710674999998,14.431507125,790.10133625,-3.2504874999999998,-152.4427428571428,340.44317440476186,-493.9029653571428,-207.56057797619042,925.5892678571428
2593,2593,incompetence,846.072,846.732,0.922,17.450072686111113,3.873113691666666,19.195723791666666,-8.705752929166666,24.410549944444444,717.6061738888889,-13.70509226705277,20.71150297696267,-7.003994798584294,11.237027057593313,7.984803449163448,-172.5706841698841
2594,2594,of,846.772,846.832,0.748,26.070274599999998,21.304747,11.676275900000002,-1.4132684400000002,35.4765144,808.35966,107.76063500000006,220.63536500000004,134.96017000000003,404.80904000000015,-27.579384999999988,3183.0229000000004
2595,2595,the,846.852,846.932,0.84,18.736775799999997,-0.4861198400000001,54.0173554,-17.850014299999998,33.8784926,554.6848640000001,17.576115000000016,-67.88194150000001,215.91060500000006,-321.50526,-33.60968000000003,-5590.8013
2596,2596,authorities,846.972,847.532,0.81,17.773042640000007,6.0133803507213335,24.034492339999996,-9.055204660000003,27.6293013,964.1062236666669,-27.679298286985542,3.0303148750598434,65.15592040711903,-9.102649975528358,16.15157215795328,417.1129676307007
2597,2597,and,847.592,847.673,0.853,22.389203857142856,1.0439495728571426,21.575321285714285,-6.858200899999998,19.569919142857145,584.867972857143,251.00364464285707,85.05017555357142,153.03486964285713,127.65471410714284,362.4867499999999,2944.3214285714284
2598,2598,their,847.693,847.833,0.873,29.199919875,-8.3361263,15.656854125000002,-0.0517783249999999,12.399518625,358.59569625,23.789699404761897,-27.495328095238094,-244.93121249999996,112.09966928571424,-294.9282113095237,824.859136904762
2599,2599,complete,847.853,848.173,0.938,19.461977329411766,6.803363897058823,29.93322313529412,-5.409059417647058,19.54639005882353,790.3490111764704,-75.44431062500001,-22.93774566789215,160.5144884803922,-104.56371155637254,-55.32064031862745,476.59924754901965
2600,2600,disregard,848.213,848.733,0.886,20.203787846428572,5.245650992857143,6.650545028571428,-1.2106769578571428,21.503803178571427,750.2670835714285,88.92929595922276,-72.28045831691296,-49.799026340996164,-22.159037556376568,18.889145361247948,-184.28192364532026
2601,2601,for,848.773,848.893,0.766,16.0029200125,20.87649775,17.6863597875,16.499666937500002,20.49083925,829.71024875,218.6895789880952,51.09982619047618,240.4678376785714,-47.07840208333332,129.41846785714287,-1359.022267857143
2602,2602,the,848.913,848.993,0.849,15.799166600000001,24.178466,55.83106240000001,-5.54181116,31.7791488,719.506978,-77.31026500000004,256.608875,-7.108699999999943,-157.18224200000003,-1.145000000000051,7445.697350000002
2603,2603,young,849.033,849.233,0.745,23.267100999999997,3.1490382416666662,28.791903583333326,-14.084309583333331,30.464182000000005,789.5172425,158.91113986013983,58.36360435314685,-149.21952150349642,155.9898687062937,-117.08211958041957,3472.024281468531
2604,2604,girl,849.273,849.473,0.874,31.60041875,0.6936510083333335,-5.795842791666666,-25.23212715,31.454040000000003,805.5756875000001,-41.25183688811187,71.47112610139858,120.1893945979021,-329.4365306643356,57.83441853146853,-1738.084141608391
2605,2605,in,849.533,849.613,0.826,20.00507425714286,19.54487197142857,24.439741571428577,0.5635008571428572,13.503819714285713,482.83048,-209.12050642857145,179.72626803571427,-2.6520339285714027,226.05619339285715,-339.7703642857142,-745.9493035714288
2606,2606,distress.,849.633,850.054,0.91,5.233303750000001,2.9877426454545457,9.745755856818185,1.6806048590909084,18.2557145,812.369574090909,81.32167274138907,-93.87953003387918,-31.871312485883685,-59.48031241953699,78.86292272727275,-968.0465587238853
2607,2607,We,850.774,850.894,0.861,8.79323396642857,9.469064622619047,20.92084925714286,11.869424873809525,7.644584047619048,819.9679323809524,40.272226178713225,-35.225326905639726,24.03899969937606,-42.19208580463495,44.460713637468594,123.45190349242357
2608,2608,have,850.934,851.074,0.788,19.337110333333335,-14.079391644444446,-1.6333902333333334,-10.766513644444448,39.95558811111111,807.9867444444445,164.14174583333337,252.19664116666675,65.00207400000002,183.1322251666667,-33.51669250000001,-796.0070000000001
2609,2609,the,851.094,851.194,0.675,24.123856166666666,15.694859666666668,20.3507655,-5.711047416666666,29.8011395,692.3795233333334,111.56514142857142,117.86361142857143,120.81587571428571,26.573965000000033,-348.1206928571429,-5181.721799999999
2610,2610,best,851.234,851.475,0.766,4.554945192142857,3.481626557142856,4.496091078571428,-6.852258964285714,23.216586,629.5587142857141,-163.00420746703293,180.95924156043952,-71.20639618681318,89.67052543956042,-205.74987692307687,-606.4238857142857
2611,2611,sheriffs,851.575,851.975,0.8,3.437161108,3.6709678732,15.741849940000002,2.77662703,20.67782872,647.82628,82.66337589615384,57.048910511923076,-113.6122366576923,18.934856942307693,-0.8292463076923045,-1134.1680988461537
2612,2612,in,852.115,852.195,0.832,21.14250966363636,19.577228627272724,25.683688890909092,0.575993780909089,24.18490109090909,656.0753154545455,155.84381295454548,-147.09102281818184,116.91298863636366,-165.22859878636365,240.41017727272737,3579.4926227272745
2613,2613,the,852.235,852.335,0.821,22.290514571428567,3.9325362285714287,30.06412942857143,-8.594353985714287,17.069461571428572,633.8931242857143,-99.89943571428572,88.92830321428569,91.32653214285712,44.8052382142857,-306.84893214285705,-5309.946410714287
2614,2614,country,852.455,853.056,0.801,11.326042194611112,-4.1479663491666665,23.981265787222224,-3.406387077777778,21.66032686111111,707.6136644444446,14.718870519137706,16.971981356435002,70.86762410823678,-55.92463967052766,35.28075483268982,-103.1642826254826
2615,2615,here,853.236,853.556,0.703,11.2229984096,4.565532748,33.07780932,-13.090342360000001,27.03833832,870.0895292,55.978242431538455,-98.82357876153846,-144.28200846153845,76.84071016538462,84.56944980769231,275.34238538461545
2616,2616,in,853.776,853.876,0.782,22.507884125,-0.4460991562499994,32.499437153125,-2.779465759375,23.071077312499998,677.2755368750001,-12.512569411764712,60.25518496323528,156.14508589338232,-114.82017434926468,160.94423933823532,-34.244293382353156
2617,2617,the,853.936,854.076,0.728,25.148167,-0.5545169699999999,24.0422505,-14.897703610000002,20.8008973,667.4965490000001,-35.876404848484825,-114.20315706060606,-40.537233636363645,-168.3788849393939,-147.56622515151514,-4532.9235121212105
2618,2618,Panhandle,854.136,854.777,0.879,18.726162539999997,-2.678459096,28.608026151428568,-19.78863160285714,28.28550642857143,628.1838628571429,29.407774121848725,26.851561119327723,-25.172925530812314,-51.28840934313724,30.86659897759102,-291.9748208683472
2619,2619,in,854.817,854.877,0.428,28.801667600000002,7.8221891,31.264736400000004,-8.98599842,32.8027798,766.759266,206.55124000000004,289.43012400000003,74.11955,478.9766000000001,5.446655000000008,4310.1784
2620,2620,North,854.917,855.117,0.852,28.042674366666663,10.9364176375,-0.654414675,3.8216135916666665,19.213811166666666,741.7243741666666,-228.16934583916077,262.1530821066433,-37.54520536713286,28.53235253496502,-202.00929720279717,-236.79098776223762
2621,2621,Texas.,855.157,855.557,0.889,6.8796640363636365,10.760997986363636,8.785110759999998,6.714918722727273,18.658910000000002,634.6471381818181,-5.693492049689444,80.18889121118013,-10.826860849237718,63.82289732636929,-43.77216391869001,-683.3355765104461
2622,2622,"Unfortunately,",855.638,856.318,0.857,19.224905342105263,6.545241499236844,17.406391456578948,-4.50030517736842,23.450425973684208,882.205,-10.75639629499945,-18.30884572714192,54.73416942635956,-36.87498809224204,30.65640001641318,264.02798019476967
2623,2623,the,856.378,856.478,0.806,8.904873475,12.48996004175,48.581171624999996,0.09498670000000065,21.251918499999995,801.20722,-351.70033190476187,61.42150086071429,80.81453392857142,121.6243794047619,-299.9768440476189,3136.1529761904753
2624,2624,sheriff,856.518,856.818,0.751,13.133813705882352,-0.4144989117647062,16.88414675882353,3.668858211764706,21.008591823529414,646.5537705882352,160.78526237745095,7.381377573529411,-146.99975350490197,40.81471401225489,-9.314071446078426,-1687.2101470588236
2625,2625,in,856.858,856.918,0.3,33.3750922,13.666029479999997,33.422542,8.45639544,19.3318582,502.97211000000004,90.44635500000003,440.77454300000005,-259.62337499999995,284.681358,-473.83041000000003,3421.1108000000013
2626,2626,Carson,856.959,857.319,0.92,20.4454135075,15.5195898325,1.1809496830000001,7.2466071715,15.191051400000001,640.6059204999999,-8.933145535714287,121.87053825601505,74.03197484736845,32.77996371842106,13.25336984962406,-250.31437932330817
2627,2627,County,857.359,857.699,0.886,22.69711160526316,-2.4384302947368424,35.019725421052634,-16.042026471842107,24.209382263157895,584.7104694736842,38.34072846491229,31.707004043859655,149.7743129824562,-73.98134726271932,-22.87060894736842,-759.2530070175442
2628,2628,is,857.779,857.839,0.792,13.506543177714287,27.581470457142853,27.601552285714288,11.795401742857141,22.427217142857142,565.0394414285715,-224.71016905,628.801185,-470.7334125,570.2798407142857,276.78019642857146,4548.908089285715
2629,2629,not,857.919,858.079,0.763,26.640614333333332,9.037184558333335,14.891025933333333,-1.0299880250000004,28.011556916666667,762.9374775,13.424991608391606,-200.35371610139856,18.24999283216783,-133.73107466783216,-55.74850576923076,788.7685157342656
2630,2630,among,858.159,858.48,0.802,30.023674949999997,8.8601195285,23.467217299999998,-11.8078200135,33.28941285,836.3264435000001,-26.868755526315795,16.325524271804518,2.3878156390977447,-65.76378762368422,-8.198861165413529,245.06562518797003
2631,2631,them.,858.52,858.74,0.801,26.542283461538457,-6.297113192307693,22.74912830769231,-8.603651046153844,28.561326153846156,562.3720938461539,24.813421153846154,-33.91860576923077,39.1828989010989,-55.33188109890109,48.01898873626372,-545.3982994505494
2632,2632,And,859.32,859.4,0.863,7.12041781818182,2.174536375,25.02089793939394,4.151513073636364,7.872890151515151,746.1579378787878,-16.87932552640375,-47.973070913018056,1.7413835561497322,-41.945132190508026,28.249891293449195,-179.3802772393049
2633,2633,then,859.42,859.54,0.885,12.813151857142856,-4.777018300000001,26.24070242857143,-19.886012185714286,40.752823,880.5822657142857,80.81050892857144,243.85990232142856,97.20800178571429,-12.159587678571453,-4.502994642857162,-2116.3914285714277
2634,2634,he,859.58,859.66,0.792,5.620610516666666,13.0760224,37.82400416666666,-26.673874,35.02828816666667,1127.9107416666666,3.1770361428571428,-173.3101694285714,147.26175571428573,-227.28450571428573,-298.9006528571429,3931.415357142856
2635,2635,did,859.68,859.821,0.803,9.1894042375,-21.499478500000002,6.711187212499999,-1.8977857087500003,35.9555815,849.14182875,224.19436303571428,-441.7361749999999,-230.902465297619,133.8774177083333,11.933809523809451,-7011.246613095237
2636,2636,apologize,859.841,860.361,0.795,11.087466899999997,5.894612111851852,4.378785322222222,-16.997714685185183,27.84595525925926,647.7242977777779,-35.16689911172162,23.616616757020765,34.69764139499391,35.93569763431015,0.09981953601953852,-393.0421480463981
2637,2637,for,860.401,860.521,0.822,26.203848256249998,9.272364075,2.9838946224999994,3.2319807250000006,24.635131124999997,784.33525,490.86365497023786,-145.15333154761902,-147.30108055952377,-13.816259404761905,221.85421726190467,2397.7374761904757
2638,2638,one,860.621,860.721,0.836,41.1930363,10.348919200000001,17.701736349999997,-5.6289324500000015,24.0016841,662.4321249999999,6.9565281818181655,76.33875636363635,-8.438783969696976,154.98765106060603,-157.35342696969693,-3174.8982818181817
2639,2639,thing.,860.741,860.941,0.766,24.048398636363633,6.545163703636363,29.012008363636365,5.348314600000001,2.755228727272727,601.3655154545455,9.860854090909099,30.827913872727283,110.53166500000005,-17.211809590909084,61.98014681818184,-542.4978681818185
2640,2640,He,861.162,861.282,0.664,18.04543376470588,22.826489487647056,27.258260411764706,7.816615317647059,9.267919764705882,968.03358,-157.91567763480393,-22.145240767156864,35.483026838235304,-63.7369875367647,86.98996225490195,1738.5462610294117
2641,2641,"says,",861.342,861.602,0.825,7.58917271875,-3.3101965875000006,9.294649368750001,-3.8461132875000006,30.1267363125,635.4675075,126.73179533088233,-156.82754192647056,96.60166949264703,-162.73106395588235,96.60108904411764,-2749.5422617647055
2642,2642,I,861.622,861.642,0.0,1.9772160000000003,39.430130000000005,-0.6587338500000004,29.8631135,0.0,377.63031,-625.5688999999998,162.694,-524.0129449999998,76.89765000000006,0.0,2176.1989999999983
2643,2643,will,862.222,862.402,0.878,14.634735228947367,1.1122330912894736,12.658478943000002,-4.816158202631578,20.343081473684208,870.2537892105262,24.957929364810155,-16.697522204754346,-25.18085255105591,-134.48639715450267,85.10048069810702,-316.2422244775139
2644,2644,apologize,862.442,862.963,0.925,9.750736482142857,4.370652758928572,2.132389039285714,-21.969337682142857,28.82382242857143,678.7906532142857,-24.12435007799672,-15.896233641899284,44.38644580870279,60.621666438149965,5.3274312260536405,-342.1847360426928
2645,2645,for,863.003,863.123,0.941,16.371304412500002,10.435674225,3.2142141375,10.6664083375,26.572382125000004,828.00102875,448.5365706547618,-269.59606095238087,-193.65333874999996,-26.409454821428582,369.39112083333333,3758.8368392857137
2646,2646,my,863.163,863.283,0.84,19.526208,-14.45860415,6.0563781375,-20.7143710875,42.510433000000006,613.547275,-186.29859166666662,47.920157499999995,20.22205589285714,-107.92044470238096,-3.5779595238095117,-2290.466226190476
2647,2647,"language,",863.343,863.863,0.758,18.64112409655172,0.37651597620689686,29.541308207448274,-24.831662986206904,34.70371431034483,741.7361013793102,-5.289568519704435,25.090270291871917,68.3589222374384,43.65906491871921,-55.652946009852215,-409.12394753694576
2648,2648,but,864.124,864.224,0.849,5.060772905555556,11.554911288888887,31.16655593888889,10.11431052222222,10.343598611111112,961.5400705555556,233.8281029772962,-86.5437243137255,-134.87781103715173,-65.49621772961818,125.01723214654285,-752.6063431372552
2649,2649,I,864.264,864.284,1.0,21.61222566666667,-28.237508000000002,2.8220864333333338,-3.6151442999999994,36.254804,458.97880333333336,35.864325,84.22274999999996,61.20479999999999,-2.2111750000000168,-7.667074999999986,715.2437500000001
2650,2650,will,864.324,864.464,0.881,29.266961444444444,5.727747533333332,14.128139611111113,-16.041121777777775,36.24765077777777,872.1022488888889,14.402360000000003,122.15230716666669,92.86396583333335,25.965556666666668,18.119538333333356,42.00240833333355
2651,2651,not,864.484,864.624,0.65,18.0541849375,-20.693695875,1.0952446000000005,-23.469548550000003,40.62975575,530.3571012499999,135.15093779761904,32.766511309523814,44.472170238095224,243.82565499999993,27.059414285714304,-1941.3945535714286
2652,2652,apologize,864.664,865.164,0.78,14.314727385185185,4.502777413703703,8.5918893,-17.464120574074073,25.47558151851852,557.5942062962963,-47.15291874542126,5.414691474664224,42.18543971611723,28.79349502136753,-18.165962057387063,-254.0755051892553
2653,2653,for,865.184,865.284,0.889,23.25219075,12.291187486333333,15.26886055,19.777624333333332,22.350949166666666,800.8012,390.7288178571428,-236.2836644028571,81.94875042857144,169.15726571428573,373.99641857142865,3469.008857142857
2654,2654,getting,865.324,865.545,0.905,24.426047384615384,-5.973978146153845,34.762912846153846,-14.880046092307696,35.03867123076923,579.194816923077,43.213044230769235,-28.712319917582406,-0.283934065934075,-83.56024697802198,71.4308184065934,2246.7381208791207
2655,2655,upset,865.605,865.905,0.851,11.747247166666668,0.9024725277777771,12.923256916666666,-9.43800735,16.257414222222224,573.6397588888889,22.962437254901964,-19.53916767285863,68.72578100619195,-12.59021439112488,-18.894280908152737,-149.828359133127
2656,2656,and,865.965,866.045,0.829,23.226765000000004,14.23197377142857,31.90826014285714,1.4031427714285714,14.453049857142856,682.4941814285714,-1.0581910714285605,456.56477142857136,-246.48917142857135,475.0910544642858,-2.1676553571428485,3950.4476785714282
2657,2657,speaking,866.105,866.445,0.91,12.30773117,16.7409571105,32.175488255,-7.203177264999999,22.9660842,898.4837265,103.44139803007518,-107.01424797781955,122.54250989849625,-155.240187537594,113.01230834586467,1374.9861718045117
2658,2658,my,866.465,866.585,0.912,24.174203000000002,-18.851450922857147,13.132702414285713,-12.753875871428571,35.36252228571429,592.7447771428571,-54.831896428571454,50.93052324999992,196.15130428571428,41.1789894642857,-10.55371428571426,2304.3612142857132
2659,2659,mind,866.645,866.866,0.874,25.455071642857146,-8.781152021428573,22.92521297857143,-16.618040228571434,30.75531357142857,662.2688407142856,-20.039219890109884,44.82649963736263,122.08477482417582,-13.91075314285715,-53.125514065934055,-9.251535164835223
2660,2660,considering,866.926,867.426,0.856,18.410153464285713,12.036882664285715,19.531133678571425,10.87162948214286,22.672399285714285,823.7835296428569,31.466450725232615,-65.6733287082649,7.376118399014778,-35.84536415298303,41.16590462506842,134.48168842364532
2661,2661,the,867.446,867.526,0.833,7.306192999999999,32.7498504,11.60485832,6.074524800000001,13.7382058,755.886154,-413.06596250000007,514.724745,-323.9611060000001,161.14121499999996,-515.5161700000002,-1412.5047499999996
2662,2662,circumstances.,867.566,868.327,0.826,17.3885546375,13.026642415499998,15.554265775,6.25138454125,20.006123125,636.6632942499999,5.226855983583488,6.014347523358348,7.6340466219512235,6.51345192565666,5.675087087242028,-397.67620924015006
2663,2663,If,868.727,868.787,1.0,8.255298923913044,1.6594417547826086,25.115412560434784,1.5659845473913048,4.938828173913043,653.0529752173913,48.30224786314228,-50.5069621333992,52.47538012401183,-83.80766338438731,49.001564377470324,-401.58586363636346
2664,2664,I,868.847,868.907,0.72,18.8466875,-23.018371583333334,2.0123884999999997,-20.6623815,40.738221833333334,650.3681866666667,-6.88079857142854,4.328500714285749,239.21842999999998,-118.49770142857143,22.81528142857142,1807.0237714285715
2665,2665,had,868.947,869.067,0.894,15.845169124999998,-10.5227961175,14.5004809,-19.324115487500002,26.449695249999998,724.098425,4.157427976190482,152.51699601190475,99.96528119047619,199.3019158928571,-382.22518571428566,-903.6785714285714
2666,2666,to,869.107,869.147,1.0,5.365709474999999,35.3456865,12.39130815,6.44296975,38.13018,866.1057525,503.8307405000002,-184.94555000000005,256.0409310000001,-125.47326200000005,-68.47662,3593.425750000002
2667,2667,do,869.187,869.287,0.828,13.985164662857143,8.842062471428568,20.59097314285714,-9.061320257142857,33.60728785714286,960.7130357142858,111.59892985714285,-350.1521739285715,-79.27723035714283,-286.9097878571429,204.56374999999997,-1759.8095535714274
2668,2668,it,869.307,869.367,0.75,21.64667325,-16.160162500000002,46.32627125,-7.726343074999999,36.29009925,850.173115,-176.45012500000004,86.06143000000002,565.3057550000002,-435.0223245000001,-14.425675000000032,-10115.872100000004
2669,2669,"again,",869.407,869.768,0.877,12.864027224999997,-11.71727743,31.448824800000004,-22.308982390000004,34.1837047,693.3825525,-21.232823785714288,-89.57569672180453,-69.77203586466166,-18.238556142857142,29.298949849624066,-986.9507041353386
2670,2670,I,869.788,869.808,0.0,31.448987000000002,7.3077045,37.9526045,-5.54642815,34.256232499999996,699.16247,86.7998999999999,187.29794999999984,63.49315000000001,134.81731499999995,-9.878250000000218,1981.7269999999999
2671,2671,would,870.088,870.268,0.765,24.329339739130432,2.2239062965217395,18.299465860869564,-7.968206183521739,19.960072347826088,588.7830313043478,-37.169019120553344,108.59877887154147,-7.7587790958497935,58.58278781773713,3.612104397233203,-565.4421684782607
2672,2672,still,870.368,870.648,0.915,4.809525415789473,14.606550836842105,3.6751340031578947,-2.3741049736842106,19.64762842105263,818.0232315789475,118.47290315789473,-74.53697657894739,16.017006412280708,-284.3655699912281,99.0423251754386,-809.8030201754387
2673,2673,step,870.728,870.969,0.955,8.8567160125,4.78135463875,7.60258598125,0.32332940624999973,13.727364125,659.162263125,155.20596516176468,-170.7546315367647,118.5680988455882,-183.00580827205877,50.38665941176469,-1705.3405213235292
2674,2674,up,871.109,871.189,0.81,25.98581181818182,-5.3004276818181815,8.843798918181818,-31.019576118181817,21.11135690909091,561.9899336363636,35.8334940909091,88.59402513636365,49.51595272727273,101.06118204545456,-216.04804454545456,899.4789409090911
2675,2675,and,871.249,871.329,0.942,23.91268557142857,-6.531144757142857,34.979856142857145,-13.665846885714286,14.688137142857142,576.7494957142857,-41.91896607142858,18.28938749999999,232.10234464285716,-99.04178464285714,0.9767250000000316,3259.2893750000007
2676,2676,act,871.529,871.689,0.989,20.27719327777778,-16.731102236388892,16.409784216666665,2.7548730500000005,16.089668611111108,686.5257916666666,19.901724509803927,101.07674283204338,-44.58136302889577,91.25637917956658,-28.57783441692468,1141.8549530443759
2677,2677,in,871.889,871.989,0.588,16.600324766666667,18.855714353333333,36.86553856666667,-5.714569933333333,18.872103533333338,623.5653,100.53477705357142,-164.53428948214284,166.73243535714283,-225.86364375,75.77586374999998,-1257.775469642857
2678,2678,a,872.109,872.169,0.773,17.885827222222225,2.7195128377777777,42.12532188888889,-26.444513666666662,22.544445222222222,472.0312688888889,42.847220000000014,-51.21466271666669,99.61733166666669,-4.69393833333333,249.94310083333335,-613.9352500000002
2679,2679,life,872.289,872.51,1.0,22.180564147058824,8.420598182352942,20.603801547058826,-19.344292917647056,26.837160176470586,720.6191988235294,-107.44856333333331,-47.19820670343137,17.363875220588227,96.98519742647058,-100.23681127450979,322.55568872549026
2680,2680,threatening,872.57,872.95,0.825,18.482253868181818,8.052352036363637,19.49137435,5.0324848,20.70596090909091,784.73659,40.50659590344438,34.34549131564088,76.80415897515527,-13.23432435347261,24.292309599096562,-141.8068752117448
2681,2681,situation.,873.01,873.67,0.791,6.880366436111111,10.436113630555557,33.58962396111111,-6.353163994444444,21.343266944444448,644.1115950000001,13.099095556628054,-65.23440258494209,37.77304658558559,-65.5581268185328,37.23846229086228,-48.57106010296011
2682,2682,I,874.051,874.091,0.995,19.49579298181818,-7.827131118181819,24.155350336363632,-2.107786833181818,9.758011227272728,665.9725981818182,-14.823992117447768,-92.28302228119708,-78.30746722190854,-36.26628624760022,30.07961527385658,-354.6329853190289
2683,2683,will,874.111,874.271,0.801,28.971865666666663,16.58188571111111,5.748443477777778,-51.15750933333333,19.712170555555556,663.1570522222222,-13.951614166666669,113.32371200000001,-132.21890925000002,-114.09905333333334,-168.68255333333337,-368.4725833333336
2684,2684,always,874.331,874.611,0.671,14.519339852941176,14.025251911764707,19.921901660588237,-37.47105476470588,29.10932905882353,574.7659017647059,-119.203928247549,-10.718429558823523,47.822377477941174,342.82334154411757,-120.646837622549,90.05608333333346
2685,2685,help,874.671,874.831,0.955,19.163990259272726,8.540610251818181,0.4892671999999999,-22.021933118181817,19.644792363636363,609.5202363636364,12.099854427272714,173.88271800909095,15.57666618181819,-143.80874550000004,-247.35709636363646,-1253.970190909091
2686,2686,someone,874.891,875.172,0.856,21.31256682352941,5.485269576470589,20.683403329411764,-12.681609064705883,29.619599647058827,667.7412923529412,135.51082230392157,-144.19681411764705,228.5137051960784,-56.823468112745104,51.52294227941176,-1335.71781372549
2687,2687,in,875.212,875.272,0.77,36.0742012,16.97366874,37.7970122,-1.9133751379999997,32.389351600000005,506.88251199999996,175.11497000000006,203.44253800000004,-220.846075,106.28612095000005,16.273509999999977,921.9917500000004
2688,2688,need.,875.312,875.532,0.932,19.499754923076924,2.120110807692307,58.50112346153847,-36.121138461538465,23.26268438461539,590.0885938461538,3.0296206043956113,-71.64663200549451,-95.21129615384616,116.12714780219778,-167.94196538461537,78.80068131868148
2689,2689,I,875.632,875.652,1.0,22.660999000000004,-20.753623100000002,11.863542833333334,-19.633320333333334,16.154542833333334,440.41315833333334,88.53607714285715,133.37344714285717,40.46558142857145,-124.5367342857143,414.7479271428571,-512.9960428571427
2690,2690,will,875.692,875.812,0.988,35.158380125,15.332860175,18.917405000000002,-18.5853143125,31.983854750000003,794.2490674999999,34.98607083333332,-64.19208345238094,94.05314523809521,88.21242886904763,2.4686547619047507,-501.3383452380949
2691,2691,not,875.852,875.972,0.824,30.538810374999997,-8.49974775,10.035719725,-16.464741625000002,30.81111875,606.7681325,175.31280178571424,139.46690476190474,127.20200904761903,240.4832689285714,-13.887290476190477,3739.605071428571
2692,2692,apologize,875.992,876.513,0.768,15.377084351851853,12.329728992592594,20.454722696296297,-13.06856368148148,11.243617148148148,644.2402699999999,-79.26434644383396,4.7455410561660525,53.67292059829062,59.50634448717952,-51.367713217338235,-77.02884035409028
2693,2693,for,876.553,876.633,0.859,21.3352628,5.090865166666666,23.187128666666666,11.37462301,0.0,777.4285199999999,362.40098199999994,157.7165105714286,34.28156285714288,-138.2079488857143,0.0,-4534.769542857143
2694,2694,that.,876.673,876.813,0.946,27.895304555555555,-18.810329799999998,9.182748233333333,-9.832405988888887,0.0,493.4328611111111,29.38333416666668,-28.950482666666637,-26.548633916666667,57.08206083333336,0.0,1283.9565916666672
2695,2695,"No,",877.645,877.805,0.855,25.83791093265306,17.438097608163265,21.72341610428571,17.543133612244898,7.436985653061224,821.5425418367347,-8.780392085714286,-16.467063621428572,-6.778871884132654,0.21881180867346936,20.548938423469387,-360.30311443877554
2696,2696,but,877.825,877.905,0.321,26.585777999999998,8.37661044,21.158837799999997,14.460729099999998,26.4002642,1015.1806140000001,-201.15140500000004,85.7294015,-206.258075,-152.77918000000003,52.83440500000002,1928.4530000000004
2697,2697,that's,877.925,878.106,0.807,9.6935667,14.271874590000001,1.28448801,16.75343307,20.7001303,691.676329,-137.3483336363636,145.28423990909087,-0.9041815454545401,138.190528030303,-133.35501060606057,2797.465221212121
2698,2698,not,878.126,878.246,0.903,21.155989,7.296571728571428,4.788105714285714,0.9750887771428575,25.641627857142854,582.0495957142857,122.25494107142856,-11.529543392857166,263.5920189285714,143.49920614285716,-72.36893214285716,4655.556053571429
2699,2699,the,878.286,878.366,0.688,16.1673395,10.0289512,18.438756166666668,41.81936133333334,14.776634166666668,759.9609700000001,-50.440729999999995,-293.7591891428571,113.84024142857145,427.3929,-251.21373285714287,-4894.215114285715
2700,2700,"issue,",878.426,878.626,0.96,-0.5763362769230773,3.622637568461539,36.26203469230769,36.101326923076925,8.353890230769231,1041.2436361538462,-41.3906823901099,-13.340233728021978,-11.069695879120891,-112.55718598901099,10.086966758241752,-476.3619642857145
2701,2701,it's,878.646,878.726,0.244,-7.3325828,24.628779079999997,28.0560968,13.642800399999999,3.921767,1097.1640000000002,-639.2884250000001,205.96965100000006,-329.47974,-252.44081500000013,-196.08835000000005,-1475.9480000000008
2702,2702,a,878.766,878.826,0.662,14.349227813999999,14.658150599999999,25.613481200000003,17.28281392,8.6587404,1020.9950919999999,109.84392430000005,83.385505,89.64072000000003,164.96430900000007,-326.5904300000001,2596.5439
2703,2703,clear,878.886,879.087,0.91,19.747850823076917,0.28070196307692297,8.387641015384615,12.754134201,16.105545846153845,856.0783761538462,111.86283442307693,-8.383910890109899,29.053528846153846,-16.290184289285715,132.88065796703293,1101.4586703296702
2704,2704,misdirection.,879.127,879.767,0.851,12.780594102941178,3.4957225970588235,18.035718556764706,12.623848993235294,12.340800205882353,810.8856514705882,17.951278819709692,-26.81668403346065,7.3436551710465965,17.79848424789915,-3.8506186172650874,-323.3344967914437
2705,2705,We,880.468,880.588,0.996,15.927310981707317,6.023460097560976,18.274552168292686,13.402290207317073,11.520049878048779,712.032582195122,31.572408421602788,11.120986342334499,12.928432293554009,11.237341725609761,45.306613170731715,403.4409911149826
2706,2706,just,880.628,880.768,0.87,-3.3261158589222224,18.807683355555557,36.484066,16.791434177777777,11.961823555555556,1133.9581444444445,-204.63824275758338,107.1792756666667,-52.556380833333336,-120.09735083333337,-222.71201416666668,-265.9601666666669
2707,2707,told,880.808,881.009,0.79,12.2429197,13.356008733333335,9.455898966666666,-2.7141343625000007,21.528776083333337,907.3952966666666,192.9051472027972,55.81668496503496,-11.282809300699316,61.47719051573426,113.4041872377622,495.2261468531469
2708,2708,"you,",881.029,881.149,0.883,10.967829542857142,12.245717885714287,31.514353285714286,23.833111625714285,22.510344285714286,1130.1091714285715,274.56424375,-224.72904035714285,-41.464726785714255,-311.11689617857144,-7.890796428571425,-3105.120357142857
2709,2709,if,881.209,881.409,0.314,22.297677538461535,2.137241476923077,29.07288370769231,29.286578476923076,18.77674123076923,813.3493330769231,-46.50025906593407,27.12393637362638,167.4522602472527,245.66751873626373,-61.48871373626373,2051.170771978022
2710,2710,you,881.449,881.589,0.54,18.89941641111111,14.472388388888886,26.188861822222222,38.675284000000005,24.254873888888888,817.7093033333334,121.73559516666668,67.55613916666668,-87.10753783333335,11.84093,-11.829749166666662,-165.33594166666637
2711,2711,what,881.609,881.789,0.686,20.2364675443,6.962104934,19.06690376,14.032290605,15.244806800000001,959.308043,-248.88115405606055,-35.73981697575756,189.40097018181817,199.63268898484841,-181.72404969696964,2219.1412030303036
2712,2712,kept,881.849,882.05,0.509,-6.124700815384616,12.594934102307692,21.296225976923076,9.983272999999999,6.248129,891.6326300000001,20.572601593406596,32.448261280219775,13.899792637362639,74.78871868131868,21.922709890109896,519.5050247252748
2713,2713,stepped,882.07,882.35,0.743,10.128962866666665,4.453731946666666,9.257285093333333,4.806491193333334,6.6715784000000005,568.07442,159.74788303571424,-64.79984792857141,63.64825751785713,26.492241821428568,-9.639475714285712,-835.0892232142857
2714,2714,up,882.45,882.55,0.93,20.012791800000002,6.996251998299999,6.462444870000001,-6.9229763250000005,16.6618155,680.094168,-55.332774545454534,158.80412732818175,-63.146736696969654,-17.781099681818183,-203.27942030303026,604.1332303030304
2715,2715,to,882.63,882.831,0.848,11.500293753333333,1.9644697266666669,15.843322400000002,15.883611379333335,13.852025066666666,926.6888039999998,112.12218442857142,-21.837917053571427,1.9050264285714238,55.280243744642846,106.86558035714283,1140.9454964285712
2716,2716,help,883.131,883.351,0.859,11.706190411538463,11.815495159538461,2.5684719153846154,1.351456680769231,7.388771038461538,799.5412969230771,15.039852572649565,1.7751770129914513,-70.84290794529912,-126.67426351282047,17.519350991452985,-671.6713405128203
2717,2717,"her,",883.411,883.531,0.477,32.325241999999996,19.78027377777778,-12.676101966666666,1.3209296755555557,22.23465377777778,651.7874988888889,65.32947166666668,4.049107500000009,-55.44381908333333,-13.075923116666667,-11.625848333333341,-1517.6756666666665
2718,2718,we're,883.792,883.972,0.832,33.10694890909091,21.344044356818184,11.642889967727273,2.900496363636364,23.89524927272727,827.0825213636364,-49.908643760587246,-68.40815573828347,-83.5194439528515,-62.12620432523999,28.58907221908527,58.08139497459062
2719,2719,on,884.012,884.092,0.544,20.71017483333333,5.952897633333333,12.943571716666668,18.637308,25.73775566666667,822.7559166666666,6.619961428571415,252.070408,441.6891301428572,388.6839257142857,-20.345657142857128,1979.402085714285
2720,2720,your,884.132,884.332,0.863,13.286074083333334,6.256631683333334,10.851200866666668,19.14388213333333,21.025078333333333,1037.2736183333334,-110.86691276223775,112.93855083916081,-154.05200545454545,-97.9338603146853,-155.89769300699297,-300.6070104895101
2721,2721,"side,",884.392,884.632,0.985,12.840221066666667,3.3123674779999996,5.773501186666666,0.8169882433333334,0.0,667.6612773333334,204.05644999999998,-117.07790612142853,-2.5358520178571404,71.84408421428569,0.0,-1420.5741821428571
2722,2722,right?,884.853,885.073,0.831,29.646267909090913,-5.202212636363637,25.847429922727272,20.059983363636363,13.13252131818182,676.3263309090909,14.568882213438732,-31.5037978147939,80.18850265669116,16.602785883681538,69.38669291360813,-1375.6007961603616
2723,2723,And,885.613,885.734,0.653,14.477813643333334,1.7893513990909091,26.08814489393939,21.866249424242426,9.158550848484849,757.6914081818181,25.210161907921123,24.446141430147062,2.3554644802807454,-16.359365641711232,55.47002214237968,-874.047898897059
2724,2724,you,885.774,885.894,0.994,16.3558643125,8.910646,49.35529675,30.47912325,28.32404675,845.39669125,87.57149851190476,-46.07162380952379,-81.74626309523808,222.94107499999998,-13.648829761904754,1822.7493511904756
2725,2725,did,885.934,886.074,0.836,5.1095469840000005,9.387848044444445,18.42050617777778,12.419554677777777,32.10359311111111,453.02119111111114,33.92736824666668,-83.17241483333336,-239.0801784166667,-3.195087583333322,111.38118750000004,-2735.5862249999996
2726,2726,in,886.114,886.154,0.924,18.952628750000002,7.87594925,14.40921525,17.808937,31.799441,444.3925825,193.84850500000016,334.70965500000017,297.74180500000017,280.20313000000004,-43.83249999999998,7608.325550000003
2727,2727,the,886.194,886.254,0.987,26.085096599999996,17.52297,20.998084600000002,29.554397600000005,27.7590936,716.273126,96.841205,19.158575000000006,237.06929500000004,102.39016000000001,-15.923040000000007,6649.935100000001
2728,2728,beginning,886.294,886.615,0.861,7.605513432777777,11.709095942222223,27.38776461111111,15.541441405555556,26.96519194444444,686.5757255555557,-12.511821432920534,26.051190148606818,0.6993821981424208,-96.22380949948403,-19.147347523219818,-2519.3463188854494
2729,2729,and,886.635,886.695,0.89,23.423306750000002,5.322626185,46.93949475,13.06177775,24.423205499999998,537.1450125,293.7575850000001,267.63757290000007,-420.9280050000002,192.09062500000005,-13.478290000000014,6595.190750000003
2730,2730,you,886.735,886.875,0.969,21.869855444444447,13.078116611111113,17.038346722222222,30.59113461111111,26.04122822222222,864.2130988888888,39.02432416666668,28.19404958333334,-411.1550355000001,-68.86373083333336,18.113251666666663,1561.6375416666672
2731,2731,were,886.895,886.975,0.007,27.5613336,10.56216794,-4.41570821,18.986935699999997,27.614419799999997,865.226124,-106.13834000000004,-197.53458150000006,-135.19383425,256.55431500000003,-7.347225000000003,2322.1333500000005
2732,2732,"like,",887.055,887.195,0.734,20.302400545454546,5.341023636363636,16.755667923636363,23.010089790909092,19.12999009090909,851.4187336363638,-68.8608222727273,59.20595627272729,122.72197960909095,119.27639890909091,-152.29136363636368,1637.0879636363643
2733,2733,I,887.475,887.535,0.963,8.709570970588235,5.465752935294118,9.154359276470588,11.486365858823529,13.222785705882355,737.4173464705882,26.79434834558823,30.22801862745097,-22.928380747549017,49.5864024877451,-47.365865073529406,-949.259031862745
2734,2734,said,887.555,887.696,0.962,4.4254585,4.058265237500001,6.557124975000001,6.0845149875,24.34116625,726.58735125,411.8397380952379,-355.7771875595237,7.080932976190476,-0.15356755952381268,232.24725595238093,-2771.153267857141
2735,2735,it,887.736,887.796,0.704,27.950807400000002,-16.4140642,12.71991874,13.285120520000001,31.3264036,1026.4929960000002,-3.6620699999999915,80.03533000000003,137.41579800000002,-279.191909,-21.439180000000054,329.9454500000003
2736,2736,a,887.816,887.856,0.529,25.929944666666668,10.076006000000001,18.488357333333333,20.991942333333334,20.394541666666665,1055.3607666666667,-200.5027749999999,566.8460499999997,-205.9519749999999,410.59994999999986,-754.8508249999998,-2274.917499999997
2737,2737,minute,887.876,888.096,0.745,20.081166749999998,-7.757411333333334,13.062264353333333,18.063795133333333,26.42318708333333,780.80348,88.2834722027972,-47.22859055944056,152.13871569230764,137.24876062937057,-66.44634318181818,511.2284055944055
2738,2738,"ago,",888.136,888.296,0.957,27.304605400000003,5.6184592126999995,9.24400679,22.874369559999998,20.5551703,852.8499100000001,84.15607878787876,-10.71887289848485,-160.51982469696964,-298.7274069090908,-17.204741515151508,-1752.7768060606056
2739,2739,like,888.376,888.517,0.912,27.147122727272723,6.3237591272727265,24.795440227272728,5.858393909090908,18.30214027272727,686.4517236363637,-52.188751818181835,-20.390510500000005,92.30364545454547,331.4104745454546,-95.0124131818182,-1333.2055954545458
2740,2740,God,888.737,888.937,0.945,16.704047357142855,11.51468490952381,8.120245333809523,5.011397929999999,15.716761809523808,833.6312404761904,-16.391457623376624,-20.35897757142857,-86.7728305025974,-98.37432313051949,120.14658727272726,-460.57206168831163
2741,2741,bless,888.977,889.197,0.918,2.930512676923075,24.992699515384615,-0.8067013692307683,-12.800572333846155,19.25654976923077,565.3436707692309,-193.57712596153846,-13.96354788461539,-94.55422189560439,110.22725217032968,-130.7179934065934,-397.7310906593406
2742,2742,in,889.217,889.277,0.784,5.925829425,25.958761749999997,6.720353575000001,16.03166925,22.74318375,842.52342,731.1750115000002,-14.772324999999995,314.7213535000001,56.52013500000001,423.0862550000002,-1494.7112999999997
2743,2743,the,889.297,889.377,0.812,26.9233048,8.626511904000001,25.7833502,15.20566248,24.202087,830.4919479999999,28.435135000000006,222.38360830000005,210.24205,239.906831,-48.99149000000002,6981.52665
2744,2744,"beginning,",889.417,889.718,0.87,22.349362352941178,2.062197627058824,33.215996411764706,31.062993470588232,16.455473529411762,759.1685182352941,70.63031580882353,-15.842702294117645,-67.02038161764706,-60.1812894607843,-47.838526225490206,-1581.420899509804
2745,2745,right?,889.898,890.118,0.793,27.29982015,3.2606875135,20.45726528,12.2311189054,12.4533827,630.5459450000001,-40.64974439849625,-79.54455877706766,73.80231209774436,23.423572140000008,61.15885308270678,-1817.1410225563914
2746,2746,Then,890.739,890.899,0.864,6.1199017212820515,11.733722812307693,15.779692136410254,20.92405901794872,6.749418846153847,838.2393671794871,-13.939842222368423,13.440418323886641,-16.89947483319838,-13.614636041497977,38.907508461538455,-280.0733299595142
2747,2747,when,890.939,891.059,0.956,18.5237355,16.104834,-1.977465575,3.2451681,33.0053505,697.91903375,-86.75060714285712,-21.09143809523809,49.228527619047604,184.10579940476185,-0.7316416666666699,-2174.7147083333334
2748,2748,they,891.079,891.219,0.877,8.4324443875,13.8570685,24.875492825000002,22.776154000000002,19.28649575,490.73627625,32.69150696428571,56.06027619047618,331.8088320238095,73.94327380952379,-284.11978095238095,3684.332982142857
2749,2749,tell,891.239,891.4,0.876,4.973350555555555,4.71464123,-1.4658534111111114,4.828552922222221,24.40593833333334,456.36272333333335,103.419875,-12.139978441666665,-84.38980841666668,-118.9476309166667,281.69976166666675,-220.48969999999997
2750,2750,you,891.42,891.5,0.993,7.632654240000001,6.84427896,19.8102248,25.4494678,36.3561736,986.1696,145.53110300000006,-94.43537250000003,149.95965,18.240245000000023,-23.873489999999975,5820.267500000004
2751,2751,to,891.54,891.6,0.738,-7.4517174,18.980998399999997,14.785837200000003,19.3696686,7.001741,823.448264,-537.89209,263.82253000000003,-26.605444999999996,-183.68501500000002,-350.0870500000001,3326.7974000000004
2752,2752,step,891.64,891.84,0.886,10.161337008333334,3.7579000408333325,6.218096383333332,5.314775149999999,20.543027416666668,653.84321,252.4814562062937,-119.10487303671329,-8.449487867132861,-79.2675819230769,112.62936765734263,-1622.5864230769228
2753,2753,away,891.88,892.14,0.773,17.0570636,8.501617578000001,3.8219483876666667,-7.3164136,36.013912600000005,610.3889486666667,-82.3298909642857,-9.771620117857145,109.26086806339285,171.03369892857143,-4.105386964285707,-792.7591624999995
2754,2754,because,892.2,892.581,0.859,7.280788150000001,15.955272320454547,24.895258136363637,21.43219915909091,20.208378500000002,717.2313204545454,-41.029094808018066,49.19462497035574,-109.12913910784867,-27.78967005928855,-25.273930688876344,98.92330632411038
2755,2755,EMS,892.601,893.081,0.746,8.7650302184,11.382602308000001,12.8860829172,6.640467962399999,20.531831320000002,675.9990096,-12.935062890769231,-0.1983068192307705,-56.41517081269231,-49.85413953115385,-9.83885442307692,263.89379846153827
2756,2756,has,893.121,893.221,0.479,-5.299498671428571,26.77528514285714,26.475000357142854,7.350884714285714,12.792951,1138.5519,-203.62147857142853,-110.50507321428572,245.94992589285715,167.8798589285714,-322.1806035714286,-444.12410714285824
2757,2757,showed,893.241,893.482,0.83,13.731654615384617,-3.893852582307692,7.670308389230769,6.221488861538463,28.09984846153846,964.530773846154,163.38817472527472,-25.76581947802197,-232.61341126373628,-15.665787115384619,118.52587362637362,-688.883953296703
2758,2758,"up,",893.582,893.662,0.982,19.352758555555553,1.3291212444444445,5.776079607777778,-22.337214055555556,21.716901,522.7927233333334,146.36176000000006,132.42347566666672,199.90964535000006,171.2139558333334,-150.23150333333334,3254.5636500000005
2759,2759,step,894.062,894.303,0.973,4.62608571875,9.41372716,10.184250365625001,10.452393945312501,8.8208539375,793.935880625,-6.130697151759532,-5.542591071480938,-15.008778028775666,-21.863941694923028,55.214099615102654,-249.1489072580646
2760,2760,away.,894.363,894.703,0.84,12.3635049765,5.681907344000001,12.632875065,-9.676743060000002,24.342172350000002,719.6409765000001,-40.588284646992484,-24.474201142857144,139.44723872556392,157.45772803007517,-80.55502860902256,-146.60251541353375
2761,2761,So,895.164,895.264,0.99,8.667333578571428,4.993072412857141,23.04237764285715,16.425939689285716,6.304991857142857,868.0745,-42.541346707717565,17.5438328516694,-44.89640355774493,-52.64491477422002,27.47189441707717,554.022811713191
2762,2762,it's,895.304,895.404,0.853,2.0582075285714287,20.170767228571428,14.258841442857145,4.550729114285715,14.238842571428572,797.0522814285714,-149.44682803571428,184.2923985714286,-300.69165625,152.16762464285713,133.07209642857143,854.1899821428575
2763,2763,not,895.424,895.524,0.845,25.885404833333336,-6.216456633333333,-5.928624066666667,-12.175620766666668,29.272164,400.9057983333333,180.82039285714288,105.30438885714288,45.294584000000015,294.6605745714285,-63.4845714285714,662.7421285714289
2764,2764,"hard,",895.544,895.684,0.573,28.155463875,-1.958710275,-6.9182161625,10.488168125000001,13.230583125,635.2166225000001,-66.75153273809522,63.40334809523809,201.50564017857144,-32.47081130952381,-109.25645416666664,1907.2718452380946
2765,2765,look,895.724,895.904,0.93,21.62298827272727,7.152827427272727,12.399835514545453,-0.965150881818182,12.461292272727274,782.8875872727273,-17.873579545454554,-45.15407804545456,-29.312477890909097,131.78618254545455,-191.29472454545456,654.870622727273
2766,2766,guys.,895.924,896.125,0.45,9.371276363636362,1.3907610000000004,10.861724590909091,23.0159864,5.587095545454545,673.11053,-282.21838909090917,238.52174500000004,-24.96238727272728,-113.62454081818184,-56.49062727272729,-326.80362272727297
2767,2767,And,896.545,897.306,0.801,14.065420599322033,0.7837869249152536,0.1799036152542375,-3.591332904237288,20.787493949152537,731.2877762711864,-2.1182235494447696,5.931729696843954,-48.25555729690243,-37.94620328690826,41.680683860315625,170.37703202805383
2768,2768,I'm,897.846,897.986,0.874,12.196581165294116,-0.33503931470588266,-3.7610880658823524,-2.964155356176471,21.8630775,671.985021764706,35.35436038304048,34.90861188311687,40.981077220779206,36.65444232627958,-11.701618938120696,698.6380065699003
2769,2769,glad,898.027,898.187,0.871,10.60404566,-4.1531327016,-9.379916273000001,-13.546027399999996,31.9221887,782.967902,-57.84261642424241,-33.34625688484847,-48.19663760303029,-78.4975488484848,-70.20991545454542,-34.025666666666744
2770,2770,you,898.227,898.387,0.314,15.214047299999999,3.95525595,-4.6118362699999995,13.305364650000001,35.5450124,697.117304,127.82393121212117,-75.28223154545452,-129.8048995454545,106.87791821212119,-55.920543030303016,2518.990096969697
2771,2771,released,898.407,898.667,0.74,5.962288857142856,14.230759499999996,11.731973049285713,18.917829567857144,19.583929571428573,963.5802457142858,-167.72489340659337,115.91719925274724,63.27504813296701,147.785607510989,-122.5844068131868,1243.2063516483515
2772,2772,the,898.687,898.767,0.473,22.951626100000002,-2.62365116,15.1247565,26.956463400000008,28.0014586,1053.97984,104.88670000000005,-87.81643350000003,57.34912000000003,280.6389850000001,-22.117629999999984,-1072.968000000001
2773,2773,video.,898.787,899.028,0.724,24.94046953846154,-4.18189086923077,21.780184991,30.643255276923078,14.924641076923077,696.2903407692307,9.72646016483516,27.291514368131867,-101.90130151153848,-85.70219214285714,-143.0163728021978,-2397.342961538461
2774,2774,If,900.396,900.476,0.871,15.902010717808219,14.576634529726025,12.443718719178081,14.561782802739728,5.078727575342466,856.181814109589,-11.02020741947427,-0.010780005322103348,0.6361167721831419,10.081286289337282,12.192125879303962,12.04618210847833
2775,2775,you,900.496,900.616,0.8,5.021942442857143,15.327992614285714,19.931272142857143,22.135771857142856,20.846362857142854,1193.5809214285714,-194.60026964285714,144.93744160714283,78.01093571428571,-110.62073928571431,-389.04870357142846,277.2532142857141
2776,2776,say,900.656,900.816,0.88,-1.20178798,7.881601739999999,2.0613809400000003,-2.710920598,32.264833100000004,760.179781,135.39390339393938,-141.18371060606054,-75.43775866666664,-66.9212295939394,-2.0003766666666816,-2190.4628999999995
2777,2777,"so,",900.876,901.097,0.88,3.3022472071428575,14.479912495714286,-2.1523326928571427,8.270937586428573,17.121232214285715,879.2969921428572,181.0954156373626,-101.55262428791208,-145.09911957142856,-73.8097912274725,179.3944913186813,96.92889340659357
2778,2778,"brother,",901.137,901.397,0.802,19.792340933333328,3.353986038,0.875824089333334,13.14065508,24.243621,864.9293686666666,-8.14019321428571,-36.24755317499998,126.71285116428572,-6.4572816071428605,24.952987321428576,-50.13714642857147
2779,2779,but,901.437,901.537,0.882,23.811461714285713,1.4613081428571424,4.772676242857142,28.20524657142857,30.660798142857143,1026.605522857143,-112.64535357142856,-110.39223892857142,-237.2560410714286,99.06244464285716,36.00320714285712,-101.27178571428426
2780,2780,it,901.577,901.637,0.83,2.614870780000001,18.96677141,3.6794007800000004,33.8250292,13.928327999999999,1018.963704,-193.50583500000002,528.7392560000001,234.68844100000004,54.23055999999994,-522.28144,1632.2461999999994
2781,2781,sounds,901.677,901.897,0.894,5.2454551153846145,10.225814459230769,-7.720365189999999,1.7929396769230768,30.111055923076922,705.7681976923078,120.64151428571431,46.23936784065933,-47.83817316483517,-48.59711156593408,100.23977857142857,-1258.006752747253
2782,2782,defensive,901.917,902.378,0.639,14.776842037500002,12.013099896249997,3.533686525,12.960296112500002,30.063741250000003,910.2571804166668,15.1693405847826,10.295525678913041,37.16448145652173,22.088262680434774,-19.824294913043477,704.5791193478258
2783,2783,to,902.398,902.498,0.884,21.43496863333333,4.938373666666667,19.610837,9.510521883333334,31.316758833333335,977.1745999999999,263.7049957142857,-75.1553514285714,8.003588571428567,25.687557857142878,-1.9172071428571662,918.5514285714295
2784,2784,me.,902.538,902.758,0.864,18.106411038461538,7.453963938461538,17.201967900000003,34.55844153846154,20.843457769230767,543.8925315384615,-13.449287774725276,34.605579450549456,196.57365354395603,180.61054478021978,-68.08129258241759,-1701.5215604395605
2785,2785,"Anyways,",903.578,903.899,0.869,11.791722835789473,2.895323428070176,15.322179921929823,20.188413550877193,14.724829508771931,853.6095277192983,10.878957713183821,7.31159465484833,-25.352783194419235,-17.508025405431678,21.308550463443087,-157.31003639486647
2786,2786,it,903.979,904.039,0.772,13.241704985714287,11.675828385714286,14.96930942857143,32.686958857142855,13.400565428571428,767.7333000000001,108.04675589285712,-34.707732678571446,55.106014285714274,1.1273964285714493,-169.34366428571428,4427.356964285715
2787,2787,doesn't,904.059,904.319,0.707,12.737264171428569,13.782996406142857,4.726431257142857,5.078939352142856,31.860286999999996,859.1960214285715,70.00253837362634,80.02386892329669,63.18836813186814,20.868962350549452,-25.954401758241755,-153.0327868131867
2788,2788,matter,904.339,904.539,0.888,23.24399902727273,-1.5457177727272724,2.3150925636363633,8.95583901090909,19.292830545454546,556.9677854545454,-46.05301477272729,81.20761504545457,169.33661840909093,81.27186565454546,-153.89533272727274,1477.1541454545463
2789,2789,cuz,904.559,904.719,0.366,5.408146277777778,19.282175877777778,16.817102333333334,25.262171777777777,8.690549555555556,857.975008888889,-206.30828958333336,269.87941300000006,-20.774350833333337,4.844127500000018,-66.53092166666667,3062.555433333335
2790,2790,they'll,905.6,905.78,0.839,17.953695618867926,12.721960677358487,15.722020192452831,11.590894491132076,23.144600943396224,795.4910771698114,-1.9856754321883567,-8.609357702789872,-0.14676644815352283,10.98853242896307,0.6656968674407366,-231.519720569263
2791,2791,deal,905.82,905.98,0.907,17.186200200000002,16.507574400000003,14.59143336,6.9726962,29.507427,720.051754,46.91265515151513,-27.9101501212121,-70.11111915151515,-320.5706212121212,-0.17489393939394848,-1349.6754606060597
2792,2792,with,906.02,906.14,0.89,21.405330999999997,16.5231552625,11.425997675,5.8129652499999995,27.701647125,951.01555375,-66.14199047619047,-96.02914005952378,-12.917787023809517,388.91740833333324,-6.6568601190476135,1842.8799940476192
2793,2793,it,906.16,906.241,0.657,17.735092400000003,-4.461385180000001,27.735373399999997,27.965052000000004,26.1232866,980.944046,115.61784000000002,-227.44813150000004,183.24729000000002,14.466080000000028,-11.67752500000001,-1685.8059999999998
2794,2794,in,906.281,906.341,0.69,21.4732812,10.971085579999999,32.369281799999996,35.1333542,19.4519532,1081.600728,134.86346,209.63883100000007,176.12151000000003,-123.723025,-252.38863500000002,-2890.4678000000013
2795,2795,court.,906.441,906.721,0.918,16.853302568421054,22.425419478947365,-2.6467567263157896,-7.349944657894738,13.83369247368421,771.9473978947368,16.726928921052632,-14.485881973684213,-23.66024521052633,52.98764714912281,43.98106105263159,647.1730271929825
2796,2796,And,906.921,907.241,0.802,20.312571826923076,-2.6556718903846157,15.106238203307695,13.616039261538463,16.185281230769228,756.522485,42.02118317435895,-1.4814763119658174,-21.037716145401703,-11.643112717948714,59.04437145299143,-1160.086451452991
2797,2797,"again,",907.522,907.822,0.498,23.788698055172425,10.188952147241379,22.727189620689654,26.424286482758617,16.265353586206896,752.6225465517239,7.1103050689655145,-18.39485544605911,-9.878025320197041,15.149888325123149,38.06692647783251,-132.10442758620687
2798,2798,I'm,907.862,907.962,0.958,21.40892342857143,6.581663885714286,3.494059042857143,3.671535242857143,25.849222142857144,636.2730642857142,-35.0847875,333.2274605357142,197.99453607142854,153.71698839285713,15.494333928571434,5346.650928571429
2799,2799,not,908.002,908.102,0.98,25.07173171428571,2.8625664342857142,4.136217057142857,14.80044742857143,25.717164,533.47546,89.72239285714285,-11.19399928571429,167.11791928571424,172.7637,-22.559060714285707,774.8975357142858
2800,2800,here,908.142,908.242,0.894,23.2989955,5.43583892857143,25.38566,43.17481157142857,25.28335428571429,915.1377128571429,110.22046071428572,-301.0868982142857,-217.16784107142857,8.098012500000015,-9.051423214285705,2235.2899464285715
2801,2801,to,908.262,908.302,0.9,35.871546333333335,4.911068033333334,10.108709466666667,37.46303966666667,15.439425666666665,1116.7528,10.852150000000005,282.00962249999986,728.2874899999997,183.3187999999999,-591.8639999999997,6413.572499999995
2802,2802,prosecute,908.342,908.682,0.715,15.365671299999997,10.424157731578948,13.409227478947368,13.221614408421054,15.002172894736843,794.9482489473684,-37.718841464912295,-2.927737184210529,136.3223113157895,57.52334727894738,-6.444922192982457,130.57051403508785
2803,2803,"him,",908.722,908.782,0.63,32.6262472,15.950185200000002,22.440866200000002,21.0614734,22.257150399999997,717.629148,39.115129999999965,233.51007000000004,100.292495,72.135025,3.9825599999999644,7414.693600000002
2804,2804,but,908.823,908.943,0.853,34.739733375,-0.3845395249999992,3.6063529,10.3643190125,25.032312875000002,887.9641750000001,-63.846866071428565,-248.02412845238092,-229.49062404761898,21.640416249999998,28.342656547619043,-1939.5482738095234
2805,2805,I,908.983,909.023,0.506,24.8978945,-13.143919,-4.49596445,10.65267775,28.840361,457.67946249999994,-92.5555600000001,116.97024000000006,232.7012660000001,223.11967500000011,51.19074000000002,-4654.722050000003
2806,2806,am,909.083,909.183,0.833,21.735900625,6.5270384749999995,2.3841694625,9.608346575,31.850887375,674.43989,77.72420654761905,246.80749261904757,36.150524226190484,117.57624535714284,-2.133104166666676,5301.090976190474
2807,2807,here,909.203,909.323,0.817,23.676386,9.058818214285713,9.263107142857146,35.540558857142855,31.625177142857144,915.3876571428572,94.27067678571427,-195.67750696428567,-284.4687319642857,163.48296071428572,-16.352701785714295,-3297.040357142857
2808,2808,to,909.343,909.383,0.995,29.328951333333332,-8.789653,-2.5460597999999997,26.33934766666667,29.15175766666667,570.6824333333334,-119.20604999999995,-125.7772249999999,42.98275999999997,-493.3563749999997,-29.704424999999976,3619.7974999999983
2809,2809,have,909.403,909.543,0.811,31.15063475,2.7272250749999998,0.6772659250000004,9.470331787500001,27.7161625,685.0057925,98.88892857142854,237.80638738095232,212.6625951190476,50.2278131547619,-14.695451190476176,4849.108869047618
2810,2810,one,909.663,909.783,0.641,27.961074666666665,18.660052750000002,14.012898550000001,1.2386598416666665,28.572275166666667,940.3822908333332,-79.28971748251745,-36.131512412587405,58.464414335664316,-31.356715751748258,13.350162587412584,209.36439685314707
2811,2811,more,909.823,910.023,0.712,23.17327991666666,19.678096866666667,9.796065129166667,-5.939300725,25.210264250000005,725.6949316666668,38.01859073426573,-66.269626993007,-211.89876219405593,-67.47516124125872,-57.72220996503496,407.9676258741258
2812,2812,piece,910.344,910.544,0.913,4.461357526923078,10.01708424846154,14.98060462923077,23.36546123461539,4.061795461538462,850.3006580769231,-43.25179637094016,45.56216926188032,53.600650529230755,3.701121290598296,25.812818666666654,-149.0236904273504
2813,2813,of,910.584,910.644,0.385,14.501171840000001,18.1587517,19.5963416,6.53993864,13.904129799999998,830.8125520000001,-213.41797300000005,-57.881975,-60.870355,288.7934240000001,-356.59706500000004,2721.657400000001
2814,2814,fun.,910.664,910.824,0.659,30.754213777777775,4.240562165555556,1.9534375222222222,6.602889644444444,20.303472333333332,676.4434033333333,-86.99086916666668,64.1544872166667,97.21746016666668,233.35706516666673,-40.677335833333345,2021.1639333333335
2815,2815,Cuz,910.924,911.064,0.537,12.50181705,17.943976966666668,13.375978341666668,25.907189833333334,11.220147333333331,828.1295041666667,-103.51655905594406,131.92716125874125,-59.79522358391608,77.56669475524474,76.40409300699298,-1155.5363548951052
2816,2816,this,911.084,911.224,0.799,-0.46749120000000133,23.633977025,10.4525138625,19.0415030375,13.992197749999999,914.25478875,-256.6215483333333,25.134484166666667,7.657107559523807,37.80716053571428,-264.7663571428571,3244.5632202380953
2817,2817,guy,911.264,911.445,0.534,19.057041463636363,-1.0103975123636368,-2.0348735136363634,15.77811141818182,25.28278854545454,594.372140909091,159.51982454545458,23.91561741545455,-103.1228691136364,-37.06606363636364,120.55443000000002,-139.4828636363636
2818,2818,was,911.465,911.645,0.761,14.623227699999997,19.835258900000003,13.558185720000003,10.709079540000001,16.7118495,919.144635,-354.84865242424235,194.7113057575757,122.40554733333332,94.4563649090909,-210.60680030303027,2357.907457575757
2819,2819,the,912.265,912.345,0.957,15.710627411428572,8.506418964571429,16.16843256285714,16.77715315142857,12.364147485714286,881.1164365714286,-4.920835316526608,-10.78656123767506,8.906800175070025,27.040724642857132,-18.712841442577023,433.08711932773093
2820,2820,doctor,912.385,912.746,0.88,21.71668013,-1.0364397349999999,6.273169263,15.264251065,19.6349869,766.8594805,24.339827353383455,11.927608778195491,-5.203076808270674,20.51187131203008,-5.447341127819549,931.7557778195488
2821,2821,at,912.906,912.966,0.786,21.24230331818182,0.3417645454545454,12.60811011818182,16.874988545454546,12.637118727272728,622.4806272727272,-23.207038409090917,54.665140863636374,127.90803945454549,70.74604204545457,96.21173500000002,856.6855409090911
2822,2822,the,912.986,913.086,0.819,27.76130458333333,21.808297166666666,18.546986333333333,-4.132722216666667,19.064921833333333,833.3896599999999,213.63203214285713,166.94817571428567,-33.92170571428571,63.46287271428574,-169.61323571428574,-2612.8404857142864
2823,2823,White,913.106,913.306,0.814,17.6348564,9.456789214545454,8.185749604545455,12.130205145454546,30.02445590909091,735.2553990909091,-42.15284663636364,-6.701403509090914,168.1536006363637,330.57297790909104,-29.15943318181819,-1059.1227909090912
2824,2824,"House,",913.346,913.526,0.925,12.672263063636365,1.361949918181818,7.056657754545454,14.27997881818182,4.072593363636364,756.0136281818181,-181.96093540909098,76.68922509090912,5.12934713636364,-188.66376522727282,-91.86330318181821,1186.8510818181824
2825,2825,including,913.586,913.906,0.924,12.830826921052633,5.809685889210526,5.36688048,0.6764435421052631,29.808712736842107,959.6021910526316,-28.745701201754393,-11.628822621491228,-79.58968936491229,-48.49796145614036,-3.384024385964914,-745.4939473684212
2826,2826,for,913.946,914.046,0.827,14.583722699999997,15.885548857142856,-23.6541855,-3.9453485571428564,31.650461,934.0674685714285,238.51821553571432,-73.248125,-426.29399249999994,-417.98029839285715,174.54789821428574,-2301.2722142857147
2827,2827,Obama.,914.107,914.467,0.836,23.587704628571426,15.531264709523812,-3.6451349285714283,-7.3157869571428575,24.116909857142858,771.6521738095239,-0.6635422142857156,5.487263850649352,43.398336409090916,41.8982386948052,-56.53637370129869,-144.90227662337654
2828,2828,But,914.907,915.067,0.679,10.201800201666666,6.007823778533333,10.697046181100001,18.03163213566667,8.7074941,781.6514376666665,45.25640249555062,20.510292640044497,16.865255680856507,-6.559601881312572,50.998136674082325,196.21395406006673
2829,2829,he,915.147,915.247,0.871,0.5269876222222223,24.440436888888886,27.87504855555556,22.253486611111114,18.54588044444445,847.9148155555555,70.0258071666667,-14.003550000000006,-46.80562333333335,-99.46477250000002,280.45635833333336,-3511.5750416666674
2830,2830,was,915.287,915.408,0.81,18.056717675,16.3171615,19.530097257500003,15.1646742125,28.0737745,1010.851875,-304.3973852380952,108.53023452380951,276.39433989285715,71.33176053571425,-55.89330833333333,1972.0172619047612
2831,2831,very,915.548,915.808,0.78,14.35961935,6.496101544999999,9.4754707315,12.917460785,32.614057499999994,902.9668180000001,-16.518091210526315,-61.340085327067676,-68.35856368533837,-64.59551468045113,41.39178631578948,-1009.4803902255637
2832,2832,impressed,915.848,916.248,0.767,7.579895141363637,9.805904109090909,3.5175803045454543,12.287609590909092,16.061374772727273,779.2301077272728,-105.16058176708076,21.942154217955956,-12.076540527950307,-94.42704916996048,-67.99823509316771,-439.03297148503674
2833,2833,with,916.448,916.588,0.879,18.996717741176468,14.738743090588235,25.73733094117647,1.7997030235294118,14.15924561764706,797.5479294117648,175.33366666666663,-1.8736083872548972,10.597687500000001,101.80749645833333,79.09885680147059,-32.78257230392142
2834,2834,Donald,916.608,916.889,0.752,28.92235282,3.13183358,8.907995526666665,1.3741355333333334,17.5074224,739.1680553333333,-54.25969051785714,44.80322542857142,42.34597539285715,5.400302285714291,-6.373163392857141,1230.6549
2835,2835,"Trump,",916.909,917.229,0.786,20.402137470588233,0.8120711741176466,5.003957031176472,0.9308895000000003,11.921821647058822,728.1100488235294,109.34188124999999,109.33939651715684,-15.650520044117648,25.84342113970588,-9.593324387254906,96.11331495098037
2836,2836,and,917.409,917.489,0.902,19.5375405,11.896378641538464,19.474037338461542,13.913111076923077,8.856822230769232,725.2718215384616,50.077027472527476,-33.99701142307692,143.82867021978024,-23.32787472527473,125.58596648351647,-1387.6373873626378
2837,2837,Donald,917.509,917.729,0.712,25.078894833333333,5.881201633333333,7.686545833333333,-8.2986510855,20.379872833333334,650.7864833333333,-51.96101433566431,140.04464279720278,-22.808370069930078,10.032085401048944,-4.242780419580411,4036.1136818181817
2838,2838,Trump,917.749,917.99,0.686,21.608578769230768,2.9524718838461537,6.54256463776923,1.8102462638461536,13.23347646153846,805.3903669230768,172.69595,91.369777739011,-2.5901615159340725,-72.98011778846153,-6.7738219780219815,-487.52327197802157
2839,2839,was,918.03,918.15,0.762,16.4418576125,19.5215135,31.3880545,8.3246082875,14.1322995,963.4334725,-463.02649244047615,38.74183928571428,-11.064533333333346,174.98383517857135,-207.09642142857138,1283.5931428571434
2840,2840,quite,918.27,918.45,0.833,17.891127586666666,8.008040082666666,5.406821586666666,12.076207973333334,17.235815133333332,794.1866806666666,100.95043467857141,-62.85485211785713,-39.006197964285704,88.91947989285715,126.48986482142855,-2239.9208107142854
2841,2841,happy,918.49,918.75,0.931,24.214027666666667,-0.7181988599999997,16.12298212,25.948782426666664,17.7971916,777.4435466666666,-16.97946785714285,66.32124037499997,156.12729958928568,140.84965560714284,-46.25805874999999,3763.713832142857
2842,2842,about,918.79,919.01,0.839,26.477394384615387,0.5015162353846152,20.267890976923077,17.116254056153853,16.529734615384612,796.3903438461538,-5.342539560439556,-108.45944184065935,-27.20824250000001,-154.95302526923078,17.790071703296707,-1224.030901098901
2843,2843,it.,919.03,919.09,0.746,26.820014999999998,-0.8217517499999998,38.09956575,25.54211425,13.694537749999999,1043.9874,-90.5596,679.3692350000002,5.862025000000062,93.75541500000004,-267.70083500000004,-1149.9929999999983
2844,2844,So,919.411,919.511,0.897,5.691130799090908,1.7377471850000001,16.692722334545458,6.535401459090909,3.6137160454545456,733.6433099999999,12.62470634839074,81.59580857509883,9.309209164313952,-106.1640312676454,42.6918733201581,-54.65157538114063
2845,2845,let's,919.531,919.671,0.262,6.013692875,12.110284687500002,24.604292375,3.178638425,10.44677175,764.454615,-404.6520863095238,110.12506636904762,140.4797732142857,262.99650654761894,-248.07125833333333,5748.5902857142855
2846,2846,show,919.691,919.831,0.901,10.269669562499999,-3.8743279999999998,19.889557625,22.222226499999998,21.413157124999998,972.8522,369.47004315476187,-27.08820607142857,-36.13159464285713,134.49313690476185,195.15063749999996,1013.9222619047611
2847,2847,you,919.851,919.931,0.813,22.283054399999997,7.618174959999999,23.1679154,29.806257799999997,25.255627000000004,1066.3727400000002,125.27225000000004,199.17455900000004,-75.71298000000004,-228.592295,-34.333260000000024,-1463.6470000000002
2848,2848,the,919.951,920.011,0.987,31.221088,19.215289,11.53963725,-20.987758,24.62715775,841.6889225,-47.79346,37.70463000000004,-120.16440500000003,-404.6109500000002,0.2513750000000139,-781.3120500000007
2849,2849,last,920.051,920.231,0.691,10.410376454545455,15.600581145454544,2.8764054363636364,8.460595604545455,12.599162636363637,709.8802990909091,-300.8520600000001,178.87561240909096,147.36692600000003,84.28319743181818,-159.81289500000005,3501.6252500000005
2850,2850,two,920.251,920.391,0.773,14.2817544,7.65873990625,18.95945725,17.5510292375,12.66667625,843.95638875,378.7143466666666,53.8954700297619,21.127523809523787,269.0195794642857,166.4160702380952,3330.483803571428
2851,2851,videos,920.431,920.752,0.883,17.606142444444444,-2.499950577777778,21.516225555555557,26.09159050555556,4.1218493333333335,948.4125344444445,-100.1806444788442,-23.562047481940137,-18.848890299277606,-144.816928003096,-53.71062683178535,-1001.8083219814245
2852,2852,here.,920.792,920.932,0.767,17.61741952222222,0.6905635866666666,15.198864000000002,6.960242146666668,0.0,674.7199822222223,243.80154325,16.012138466666674,-78.18129666666668,70.46290102500002,0.0,-635.0546749999997
2853,2853,Show,921.432,921.572,0.937,16.203401531249998,7.781434837499999,15.858999571875,17.986437875,5.750663375,975.282886875,-25.23490827529326,-43.635109021261016,3.0634653179985345,10.995733815982407,16.021757056451616,-475.27192521994135
2854,2854,your,921.592,921.712,0.646,15.161503942857147,12.278032114285717,12.94065857142857,28.69268442857142,9.193071571428574,1017.971157142857,-369.82871482142866,247.77757571428575,-243.28283660714283,-228.33278928571426,-230.79711964285713,-2300.2335714285705
2855,2855,first,921.732,921.913,0.798,17.118681780000003,4.330228525,4.0122158,10.63911346,6.1734086,782.8785310000001,-284.2283244242424,14.472800378787886,230.1971157575757,-35.42188872727272,-131.9269545454545,-1.0638878787875354
2856,2856,one.,921.993,922.053,0.849,28.946391857142853,17.575873714285713,11.385963899999998,-2.3950871571428576,7.755089571428572,677.9986942857144,144.5276375,27.80550535714285,-11.288480357142868,64.07555749999999,143.13174464285714,-3048.8220714285717
2857,2857,He,927.353,927.473,0.701,8.82011976204797,-14.356226194059042,-2.2705876147490773,-1.3454850809372696,14.137682675276752,767.5254931734318,-2.0881851628283057,-2.4078632062929612,-0.3627016048747078,1.0464007967692284,0.8778724256566096,-24.144262030304137
2858,2858,was,927.513,927.693,0.713,12.533220799999999,5.165744243636364,5.143588024545455,24.61801149090909,24.196241545454544,943.3039718181818,-120.73380827272732,80.93912430909093,177.47473048181826,38.510041363636354,-191.35149045454548,1416.4411500000003
2859,2859,the,927.733,927.834,0.685,16.324343285714285,2.2311467528571427,4.9822821,5.17868817142857,29.167828857142858,885.7343671428572,126.07822678571426,108.75075898214284,-153.42840607142858,-321.9421241071428,184.44792142857145,-4697.355821428571
2860,2860,White,927.874,928.074,0.913,12.828342483333335,-5.6243213800000005,1.3480996249999997,6.439121306666666,34.28132991666667,773.6382016666665,-0.7303945104895072,-36.955814594405595,120.27043162587412,289.7370794335664,-10.096713811188803,544.0865139860139
2861,2861,House,928.114,928.374,0.948,5.512956086666666,-4.326809813333331,-2.71387868,2.445522893333334,20.629689999999997,503.68222000000003,-111.24315428571425,152.09755489285712,6.595460660714287,-77.31408344642854,-167.52936517857142,1025.9391714285714
2862,2862,doctor.,928.434,928.754,0.709,16.995318426315787,-17.87297926842105,9.775508461052631,-1.2659726699999996,21.205992631578948,632.1013305263159,8.231672605263158,15.256686219298249,46.53119081578948,68.0677471657895,-6.3923072807017585,453.275754385965
2863,2863,He,928.774,928.834,0.16,18.205831,-11.553810624999999,10.283011242499999,12.300379249999999,40.0188225,948.42005,19.619910000000054,-29.595617500000007,-409.22735145000024,21.14989500000003,56.52012999999999,5924.830000000001
2864,2864,was,928.854,928.995,0.644,6.0705352875,-0.6877553624999999,14.8419733375,8.441602924999998,18.504881375,958.28245625,-51.70217517857141,119.40234172619047,138.4141720833333,32.19579916666667,-38.65498630952377,-4461.345803571428
2865,2865,a,929.035,929.055,0.992,23.175169999999998,-3.778836,27.834137,25.834778,31.213500333333332,877.8587333333334,64.80064999999998,359.4963674999998,296.8783749999999,-13.348999999999926,-67.86654999999998,16965.117499999986
2866,2866,great,929.095,929.335,0.838,26.056855071428572,-5.005629459285713,18.4096606,11.525692021428572,24.32496021428571,748.5586035714286,-73.54052076923078,23.18977332197802,29.41020668131868,-44.71596919780219,-139.58509395604395,-665.0318120879122
2867,2867,"doctor,",929.375,929.795,0.869,19.053762726086962,-4.521764363478261,9.808568835652174,-4.384352491304346,21.207721000000003,523.6899647826087,27.707879995059272,7.5798782055335945,23.527980923913034,54.50001407361658,-14.952989426877474,-413.7703666007902
2868,2868,you,929.835,929.935,0.895,29.692244857142857,-1.5066598857142854,36.56551885714286,13.839134714285715,30.96086642857143,475.5042114285714,18.81356964285714,-125.87137285714283,-133.61912857142858,-151.80636607142858,14.154353571428581,-3355.682232142858
2869,2869,know.,929.975,930.115,0.951,33.241835,-8.1458647,20.157072333333335,-0.821326388888889,32.18646788888889,489.35746555555556,-14.87586500000001,47.271790083333336,-35.79117833333333,-58.18374083333333,-2.0074099999999957,-2041.0978166666673
2870,2870,He,930.155,930.236,0.968,20.35061333333333,10.205201766666667,28.066763166666664,12.884615766666668,33.298060166666666,539.932705,168.48631142857147,-130.32149742857143,-138.79512142857146,-56.36541457142859,29.353649999999988,-1159.5884428571433
2871,2871,was,930.276,930.456,0.757,14.729993172727273,15.434396609090909,27.89746851818182,13.331027363636364,20.696876999999997,885.6713972727273,-267.8075024545455,161.22041331818187,147.61806409090914,-114.67942831818185,-97.87452227272728,756.1543272727274
2872,2872,an,930.516,930.596,0.459,24.54868185714286,0.05328309999999993,10.148726828571428,10.6852767,30.007694285714287,394.69106,-2.105785714285725,102.38171892857142,-202.8992341071429,90.94457660714284,-17.7372625,349.8345714285716
2873,2873,"admiral,",931.156,931.597,0.845,21.052596589999997,-8.734642646800001,2.2968789943999997,-1.5066662067999999,26.239603320000004,647.2220606,2.4859404837935175,5.241268889171666,-20.41612618045618,-25.345109371668666,29.61921402160864,48.06973831932774
2874,2874,a,932.157,932.217,0.639,14.352303267096776,-2.48895459483871,11.284125106451611,5.651209591290322,7.971882032258063,668.9489022580648,20.1914890516129,4.004789362903225,35.155215707661284,19.124944730040326,56.50366300403226,-862.590989717742
2875,2875,"doctor,",932.297,932.758,0.869,21.365213481481483,-13.788289110000001,8.675623205555555,6.774629794074074,22.70236788888889,604.3666111111112,14.823703693528698,-26.324258066544573,-38.43573363797315,6.741120976190482,15.024247466422471,-83.2992591575093
2876,2876,and,932.778,932.838,0.391,35.6458815,-8.014251524999999,27.9598255,34.79399049999999,31.19853125,812.7123750000001,83.45587,385.88168450000006,254.34848000000008,49.595140000000036,-23.018265000000046,5375.428500000004
2877,2877,now,932.898,933.018,0.957,41.63253366666667,-11.832151222222222,5.138780477777778,24.78097522222222,31.51016922222222,486.3615466666667,95.04409583333337,-92.76453849999999,-347.44398891666674,-27.67082500000003,7.962661666666664,-452.15274166666705
2878,2878,he's,933.058,933.198,0.417,13.344132222222221,13.379632477777779,18.7565592,13.512219642222222,24.661390444444447,729.2566577777777,-211.2003425,148.85605241666664,88.81303608333333,-264.2351030500001,-29.28888499999999,2558.231641666667
2879,2879,a,933.238,933.278,0.501,22.953678000000004,5.51733855,22.2574665,7.7030234625,7.86382,594.7810125,-34.59846000000002,44.887173000000026,37.717150000000046,-99.86481225000003,-471.8292000000001,-129.84504999999956
2880,2880,congressman.,933.338,934.039,0.772,22.005424260526322,2.522800010526316,17.78977368421053,5.184626171578946,21.5231327631579,639.3984886842105,3.79104880895065,13.678586895721631,35.152202297844404,1.1138863767370624,1.341200793303425,-2.7605445344129103
2881,2881,I,934.099,934.159,0.837,22.512387478333334,3.1142257,19.211901,2.9895970333333337,20.009278666666667,448.5628866666666,-310.83863378571436,339.7723642857143,101.60330857142857,81.31695314285714,-340.26390285714285,1419.1401142857142
2882,2882,"said,",934.199,934.359,0.982,7.897814600000001,6.95690635,18.3172578,8.889891529999998,22.754589600000003,673.420931,277.5209648484848,-166.97710596969694,111.57587472727269,183.6407705757575,202.71283696969692,2745.842487878787
2883,2883,which,934.399,934.559,0.954,18.773211600000003,-4.1519292,13.3794206497,2.8180880400000006,18.5779554,877.7327520000001,-257.7566406060606,95.9778661212121,-32.26653955181817,-99.25113642424239,-277.94728545454535,-2829.939751515151
2884,2884,is,934.639,934.719,0.686,-1.1419740749999996,18.766611625,16.4574314375,-12.519264075,13.929492374999999,724.4342812499999,76.64970559523807,87.67080297619046,-45.847555654761905,230.88889440476186,-200.94313988095237,1258.4708035714286
2885,2885,the,934.759,934.839,0.845,19.349278583333334,2.610273233333333,16.82390983333333,0.7107376099999998,33.46611633333333,765.6016033333334,88.11500642857143,-78.02927285714287,158.71887857142858,108.56553779999999,-47.785851428571455,4277.447142857144
2886,2886,best,934.879,935.16,0.828,6.215568062499999,2.3761857625,11.41158974375,0.9954366625000004,18.404487875,688.6362274999999,-144.0489658088235,98.71498602941175,-46.81432165441175,-41.081467852941174,-82.8804464705882,523.2804808823527
2887,2887,if,935.22,935.26,0.865,17.3946822,-6.21038174,23.6257626,17.47087548,32.0573878,1067.914872,59.46205500000003,-3.647177000000023,48.07890000000004,48.59296100000002,-28.43413999999998,1638.0007000000007
2888,2888,you,935.3,935.42,0.865,16.8747085,-7.5139589875,20.1126605,12.96149426925,33.013732250000004,699.20915625,46.49885357142856,-87.66631589285713,-182.4554476190476,-116.5056223440476,0.8531607142857344,-4185.525291666667
2889,2889,had,935.44,935.58,0.765,18.0897335625,-17.138509125,20.5146514375,-4.587207124999999,29.777978124999997,571.2193525,-34.762391964285705,110.98845892857143,90.32428303571426,163.376531547619,-151.42187916666663,2889.5864880952367
2890,2890,your,935.62,935.76,0.905,4.5233887600000005,-3.5905995888888893,26.587929888888887,12.104482733333334,14.934251444444442,1000.8567488888889,26.611757066666673,-20.985455583333348,-14.025188333333327,24.685012999999994,-169.5735691666667,-960.7763000000002
2891,2891,choice?,935.8,936.141,0.969,7.9222154210526305,-3.177459842105263,15.889489026315788,2.7781314421052623,20.182629631578948,618.3664610526315,7.987094122807025,34.67261590350876,18.25040377192983,15.575131254385967,-21.572217543859654,1073.166004385965
2892,2892,And,936.161,938.462,0.756,8.238530744827587,-29.036754905172415,-2.6823100806551725,-8.368500478077586,6.432742353448276,939.2895406896553,7.510619653942259,3.23463616191904,4.483217778117863,4.499192342780339,8.863176627647713,-142.57968088647976
2893,2893,he,938.502,938.603,0.978,4.463886837142857,9.671068514285713,27.92868042857143,16.148408871428572,23.714615000000002,1050.5241999999998,-156.04166460714288,55.681389285714275,-37.519833928571416,88.22687714285716,-300.17663392857145,2412.6124999999997
2894,2894,sort,938.643,938.823,0.982,8.220301090909091,0.052819963636363806,5.226681254545454,1.4282174818181819,25.397603272727277,549.4260872727272,264.8662331818183,-117.84290322727277,16.597701272727285,40.2926992727273,186.1571354545455,639.6015681818185
2895,2895,of,938.863,938.923,0.742,19.9851712,-0.9587570399999998,15.4565092,25.0024416,32.5995106,1020.4511679999999,-188.62507500000007,205.09579850000006,132.22174,81.94199500000002,1.4874650000000147,2479.4886
2896,2896,indicated,939.003,939.523,0.931,14.202467991333334,-1.096616896,32.61613869999999,17.903079816666665,27.125049366666666,813.7958626666666,-3.488289857842048,4.40176113147942,-5.290433492769743,8.024208492769745,-7.442152691879866,271.62431301446054
2897,2897,doctor,939.583,939.944,0.837,18.23527795714286,-14.22441036552381,16.80699005714286,7.531764297142856,17.887616095238094,661.4512861904761,32.20013618181819,-13.221023376103895,-3.5922626038961036,46.16684722207792,-17.230676428571435,661.9141824675326
2898,2898,because,940.004,940.244,0.828,5.979640986666667,-0.025970753333333364,21.03691713333333,15.195115653333335,10.464034066666667,867.2544313333333,-111.54260692857142,121.38266159999999,22.68060017857143,-16.212423125,73.54116875,880.3774535714283
2899,2899,he,940.264,940.384,0.56,14.846971421428572,2.129379622857143,33.05387328571429,16.109973571428572,31.54560842857143,687.6694228571426,132.5857895535714,-35.386112285714304,-131.49929821428572,-118.9542232142857,-6.206498214285722,-7068.628357142857
2900,2900,loved,940.444,940.684,0.836,19.12576626666667,0.20074874199999967,11.253516700000002,4.099880026666667,31.861879199999997,797.9040379999999,-38.762598125,39.76713612321428,1.7742511785714368,117.27602898214283,-5.3198371428571445,1612.3406910714282
2901,2901,looking,940.744,941.045,0.912,15.318646133333337,-1.3337475944444444,21.54977428888889,12.504714177777778,22.76464888888889,956.8141461111112,-0.7227712177502592,-29.0804281372549,90.16613157894739,35.88194224974201,4.402772033023741,-278.98210371517047
2902,2902,at,941.105,941.185,0.816,27.018434428571425,-8.402729657142858,19.269367714285714,13.156895299999999,27.04108857142857,691.9697085714286,8.112289285714278,78.25823071428572,46.81364285714285,117.9901494642857,4.618351785714269,5225.691732142856
2903,2903,my,941.245,941.385,0.876,30.211742000000005,-2.685534907,15.824753760000002,9.913072242000002,29.007943300000004,723.4686839999999,4.753422424242408,-36.21729102121211,23.786247393939387,6.927462006060614,-18.124665151515153,-371.68333939393955
2904,2904,body.,941.465,941.725,0.878,25.903791,0.05320640564705879,9.424698334117647,10.806288274117648,28.50843205882353,589.6529747058823,-50.98335196078431,17.597452174019608,41.73385721323528,-13.810132499999998,5.018957720588233,-1872.9897732843135
2905,2905,It,941.745,941.805,0.625,32.1629875,11.04670625,-0.7636658249999998,6.6237414,29.164054999999998,581.4311025,141.16183000000004,40.43850500000001,-165.06526950000008,-36.65194800000002,16.08218999999999,7919.973650000003
2906,2906,was,941.865,941.965,0.968,15.26522695,16.458816875,9.911068624999999,21.2723069,14.93237275,1015.866075,-495.47859714285704,97.06810773809522,407.66573869047613,-122.37960178571426,-285.46087142857147,2303.967107142856
2907,2907,so,942.005,942.186,0.9,7.0874785254545465,10.676915372727272,14.555834098181817,-6.6495522654545445,16.842024000000002,804.6618672727274,35.896475754545435,33.960463181818206,-1.2938270090909136,64.82051302727274,-130.01878000000005,138.59878636363646
2908,2908,strong,942.306,942.786,0.918,11.290988043333334,-3.6716133466666667,9.502910799999999,-15.4559393,19.41800423333333,639.547464,99.07808922691882,-42.49946048498332,-14.502133552836485,-8.209480723025584,71.36773180200223,-834.7710589543938
2909,2909,and,942.806,943.307,0.584,7.464277055384617,-17.597079049999998,9.414109576923078,-0.5083471980769225,9.672711384615384,653.2054576923076,14.922724199658113,10.758454794871788,-22.61316238974358,-44.176607012136735,59.09952116239314,-190.41702085470084
2910,2910,powerful.,943.327,943.547,0.216,13.384643758333334,-8.641233875,8.895280775000002,-8.453523575,22.089028083333332,476.2734591666667,-64.67719823426572,-16.36716994755244,7.955410367132864,127.90806743006989,-137.872747027972,243.58586888111878
2911,2911,But,945.408,945.528,0.992,2.8690823512323234,-24.228221701010103,-0.4036688209090909,-8.2633110679798,1.8828605555555553,739.1401544444444,2.9281353726629566,0.1500573058750776,-1.3987481585590604,-2.7429320659802103,5.424156079777367,152.23552596165743
2912,2912,he,945.568,945.648,0.854,-0.616947869,8.590955386666666,20.241296666666667,12.837755191666666,19.358546999999998,1214.9701,-119.97630222571429,355.6025009142857,-99.47745428571429,298.94424950000007,-504.1641600000001,-3009.5305714285714
2913,2913,"said,",945.689,945.869,0.866,4.193589136363636,-8.088665654545453,-3.7756026545454544,8.41717978181818,32.437200545454544,993.2193336363638,118.80327659090914,-226.61910663636368,-59.93767840909093,-104.08604936363639,161.40557363636367,2185.6344409090916
2914,2914,I'm,945.909,946.049,0.789,13.76073927777778,-18.17835904666667,-1.4443866666666667,-9.618086922222222,39.55456588888889,864.3040722222223,67.64455166666669,188.4127115166667,251.2959725,12.072234166666682,0.7101691666666515,1015.0052083333334
2915,2915,the,946.069,946.169,0.667,4.930459656666667,-11.654319561666668,1.2773229833333333,-10.702809933333334,37.98637516666667,822.4655716666666,-48.22993648571426,-99.0361016428571,-94.16570957142856,32.61689714285715,-34.113869999999984,-9384.398585714285
2916,2916,healthiest,946.209,946.729,0.775,3.4701639553571426,-1.245754696428571,0.21260954249999967,-6.731706156428573,25.924774250000002,774.592775,-27.16495037260536,30.127560409140656,51.10889954611385,34.90269735057471,-40.67112171592775,668.8289759168036
2917,2917,president,946.829,947.41,0.859,10.990327346176471,-10.057604211764707,0.7430043294117648,-6.214315215588235,29.678466647058826,822.8912555882353,24.058243089304806,-15.651939110771579,18.084918024446136,-28.543427796409457,50.2610776012223,23.59624698242937
2918,2918,that's,947.45,947.67,0.905,7.812083976923077,4.793082372307692,8.439274692307691,8.093612049230769,28.311285230769233,814.5491261538463,-87.07090458791208,168.4677222967033,18.446713956043958,108.24120157142856,-106.90878131868133,-86.45893131868135
2919,2919,ever,947.73,947.91,0.902,20.96823166666667,-4.446989366666667,-2.2269235249999997,0.6753985916666664,36.338873416666665,557.4203558333332,2.612797902097898,94.60596597902097,-70.81682487762237,29.382072150349646,-4.1821910839160745,469.1613199300699
2920,2920,lived.,947.97,948.231,0.941,16.68922647058824,-4.195055078235294,2.409129702705882,-2.954878364117647,24.897520999999998,603.5264029411765,17.928238970588232,-91.70132800490195,5.178448531372549,2.0328139485294088,-130.1709457107843,-2.6204080882353504
2921,2921,I,949.231,949.312,0.749,10.33316528325926,-24.669705685185185,1.1341518698148148,-10.98155970537037,5.940497055555555,802.5961842592592,10.100281431903944,-4.013721605107681,-11.126771785496473,-11.530508434781778,27.58967128835525,-38.54698378120828
2922,2922,was,949.352,949.492,0.738,5.155240597841111,2.080869077777778,7.409571033333332,19.128609611111113,36.07508222222222,1093.6806600000002,-64.13622913190835,159.92817258333338,67.09907491666668,20.70035291666667,-11.900826666666674,681.9234666666666
2923,2923,the,949.532,949.632,0.887,11.080861285714287,-13.649762271428573,1.5022943142857144,7.470102657142858,35.450745,480.4120057142857,-45.97917142857143,55.21084160714283,50.11411625,34.69008892857142,-22.416880357142876,-1771.3872142857147
2924,2924,healthiest.,949.692,950.192,0.711,8.887317260714287,0.4030765580357141,1.7108137892857143,-1.9036353142857148,23.46361939285714,654.233215357143,-5.105800696496989,37.223182288929934,19.098458529009303,84.88243000821018,-41.06922757252325,541.6196878763
2925,2925,I,950.493,950.593,0.79,9.506424019349998,-8.28086406,10.329717907500001,-1.8293893899999993,22.9036114,509.61181100000005,-64.69547773078946,107.69056234586466,38.48222105451128,80.78336897744363,-90.6596607518797,883.0326015037596
2926,2926,"said,",950.633,950.793,0.847,11.194530499999999,-10.87798793,-6.34709941,3.3043231600000005,32.4478904,418.776848,156.0196954545454,-230.19613803030293,22.36479215151514,-44.80672836363635,97.69368242424238,-676.2123454545452
2927,2927,I,950.813,950.893,0.818,15.310025999999999,-13.05607468,-2.634333634,-10.064244672,36.2906734,383.86070800000005,36.744760000000035,317.12064950000007,72.96872050000002,-165.54835140000003,-39.24283000000003,-33.10250000000029
2928,2928,like,950.933,951.133,0.869,13.049883624999998,-7.775089258333335,11.139783291666665,-2.8862989249999997,17.577691333333334,470.8882275,-13.749236625874126,12.460714737762231,86.33544952797202,113.58681365384615,-145.0668192307692,489.0328688811187
2929,2929,this,951.153,951.313,0.767,1.4104425111111107,11.689795422222222,14.252690333333334,19.30934633333333,14.56335788888889,608.0892344444444,-135.70767725000005,62.50327466666667,-124.58874366666669,-87.67036833333336,-276.4237783333334,30.530624999999933
2930,2930,guy.,951.373,951.433,0.271,17.446304833333333,-16.277077109,9.134696566666667,5.827464016666667,21.584030666666667,502.0899733333333,277.9857014285715,-240.12609247142856,5.204606857142842,-41.70282185714286,367.92077428571423,-1536.8086571428566
2931,2931,I,951.473,951.513,0.383,24.596366500000002,-23.1617005,4.355206425,-2.151276925,33.90911925,458.82437999999996,114.74588000000001,171.42591000000007,-184.68621650000006,149.97485450000008,35.75423500000007,-276.8428999999996
2932,2932,don't,951.533,951.654,0.109,25.95282442857143,-15.441333071428573,14.341714698571431,7.218665854285713,34.68580185714286,802.7983299999999,37.59590892857143,14.630447321428557,147.44859037499998,171.2763404285714,-23.99984642857142,4306.383785714285
2933,2933,know,951.674,951.814,0.389,22.294559749999998,-7.361220062499999,8.26017561875,4.6827242125,32.70994625,497.93410875000006,-40.00212261904762,226.01491220238097,-195.62414877976187,15.189442321428574,-15.096179761904768,-2451.8692321428566
2934,2934,who,951.854,951.994,0.573,22.327882333333335,0.36267459222222204,-12.702299055555555,23.125631777777777,34.135191999999996,983.8648111111111,0.04239916666666312,-183.14390908333334,44.03537166666667,245.72957750000012,-6.432609999999991,-43.1557083333335
2935,2935,the,952.014,952.134,0.42,17.346030142857142,-4.358501064285715,11.901404028571429,20.606766142857143,31.879659000000004,495.2277371428572,-30.778089285714284,149.85157276785714,-112.58604892857142,-13.950414285714318,-16.68558035714286,1359.5513035714287
2936,2936,hell,952.154,952.334,0.885,21.160376499999998,-5.869530503,7.59405026,-0.94324029,32.568062399999995,454.0576520000001,25.379224545454534,59.09552362727272,32.32259793939393,16.77869015151514,-6.155775757575749,163.3818484848487
2937,2937,he,952.374,952.454,0.812,14.2947695,7.571391178333333,26.556825166666666,26.0326385,32.34309216666667,611.6732916666667,-33.10611285714286,-42.67703092857143,122.35276714285718,-115.28616428571428,20.77079,5857.302014285714
2938,2938,is,952.514,952.654,0.788,2.5698002300000007,15.861265065999998,16.4429068,14.86092162,22.7344833,604.700108,-43.499989181818194,113.67128759393938,-71.27498848484846,-6.233472484848477,-41.580909999999996,97.3300909090908
2939,2939,at,952.694,952.774,0.691,19.002618333333334,3.8775223000000003,18.4825905,19.517465833333333,15.155571,932.5488950000002,-150.98066857142857,-17.358558857142878,18.999338571428556,-97.35877285714288,-115.67585142857143,4443.383414285713
2940,2940,the,952.814,952.935,0.828,21.434831,1.02681384625,16.634646437500002,18.923113875000002,18.054312250000002,566.55138625,-103.9298726190476,13.857070529761899,111.01761755952377,-132.85046607142854,-272.8252738095238,-1104.5711845238095
2941,2941,time.,952.975,953.235,0.812,25.397251,-8.627462686666666,11.765996746666668,-1.56426546,30.547651466666665,557.918338,58.24209374999998,46.71932855357142,45.99357242857142,38.30205233928571,0.19672607142857743,1327.6218607142855
2942,2942,I,953.315,953.395,0.751,16.0743824375,0.08370007500000032,13.014127875,1.8350148749999997,23.31252575,536.5883575,-240.1812360119047,313.63401452380947,59.635322023809515,238.9162244047619,-217.62759166666663,2323.9040119047613
2943,2943,"said,",953.435,953.635,0.79,14.036795625000002,-3.3001085124999996,12.787802123749998,5.809314216666667,20.670897583333332,598.1770083333332,155.61959222027966,-120.46121920454544,107.7847259973776,-31.901752797202793,-3.88696730769231,155.97413286713248
2944,2944,but,953.675,953.795,0.926,27.430761,-18.823706875,16.5156202875,-9.790427362500001,26.38038875,552.85901,-0.24530714285715274,29.23668511904761,38.34631494047619,-28.982983511904756,122.71534285714282,-2157.9004047619046
2945,2945,I,953.855,953.875,0.952,23.31396,-15.502248250000001,12.6426495,-15.22034875,30.55171975,445.01802000000004,-9.360070000000002,172.84049500000012,-17.309080000000012,-5.80355499999999,2.600454999999987,-179.41500000000025
2946,2946,Trump,954.764,955.084,0.939,11.217258615,-1.411982995,9.228356116333336,3.302945699,9.230769533333333,724.3161456666668,-1.2474376831064176,30.148337607807733,-10.823596567463186,11.58114566604612,10.028008466240623,187.36553061961655
2947,2947,liked,955.204,955.444,0.834,19.975189722222225,20.76262516777778,9.382903244444444,0.4603701649999997,19.39963722222222,790.2310066666666,-16.10105725490196,-98.02382284726524,87.278322125903,91.38206412022706,-48.26473581011353,353.164379772962
2948,2948,him,955.505,955.625,0.714,23.81064622222222,14.407698877777777,15.612836777777776,28.416486555555558,18.300099444444445,753.4498922222223,106.00869000000003,43.25183358333334,-20.90817458333334,10.449817500000005,127.72401333333336,3255.227550000001
2949,2949,because,955.765,956.025,0.898,12.895109795,17.076312765000004,20.231820695000003,23.630807715000003,17.765001750000003,864.2892445,-85.94543966541355,-13.52415810150376,-34.08823878571429,-17.801214800751882,-6.064864323308271,12.291714661654229
2950,2950,it,956.065,956.105,0.999,12.23028125,5.996274,20.847889,14.614919500000001,20.1396,962.6052,126.94953500000008,-346.34043200000013,205.26342000000005,-131.78431000000003,-407.52970000000016,2938.0710000000013
2951,2951,was,956.145,956.265,0.766,22.13930375,9.130115374999999,18.5362490375,-1.5428527750000005,25.958622374999997,864.5769687499999,-45.99104166666666,134.49336607142854,-126.71863089285712,-22.3697720238095,-5.426780357142857,-1470.5416964285714
2952,2952,another,956.305,956.565,0.776,22.976165866666665,9.970973066666666,0.7152872600000004,14.833323733333335,28.571759866666664,677.1728473333333,15.861312321428567,30.831109892857146,-19.230186107142853,50.60704178571428,-4.655959821428571,539.8286035714284
2953,2953,dude,956.605,956.765,0.747,28.1706097,11.85872567,18.8459294,29.9184256,27.280256199999997,904.3196639999999,-27.534368181818188,-42.853515666666645,-158.62525999999994,-76.61644363636363,3.790766060606053,16.91743030303026
2954,2954,who,956.805,956.945,0.804,27.816092222222224,14.918108222222221,16.9965443,20.9036662,23.668149222222223,948.1719622222222,-110.77100333333335,25.148564166666667,143.9946369166667,-202.43839150000005,-25.066075833333322,-671.6000833333336
2955,2955,liked,956.965,957.146,0.874,21.4687578,6.92520402,5.98660294,24.4989888,23.9526502,871.068415,10.494273333333327,-105.52664599999997,58.33746181818181,404.1171315151514,7.663391515151514,1644.7614272727271
2956,2956,looking,957.186,957.446,0.9,29.65948393333333,4.22945324,21.282168399999996,30.200953346666665,22.851930666666664,844.7553466666667,-11.600575714285721,-81.13090096428569,3.9872671428571436,30.169612535714275,-5.3702812500000014,1197.4465874999999
2957,2957,at,957.466,957.526,0.75,28.2214715,-12.335772875,27.4162935,28.954711500000002,20.552614,966.940355,168.7846600000001,135.76062750000003,60.917080000000034,98.06926000000006,-17.714419999999993,2690.7588000000014
2958,2958,his,957.566,957.686,0.674,16.3400055625,19.13191126,25.99716925,13.661556483,14.550276375,948.824075,-164.12457267857138,290.62166047619036,104.53829523809524,-244.0021569857142,-142.68019107142854,-827.2749285714297
2959,2959,body.,957.706,958.006,0.882,28.3377185,4.884242883124999,-0.9186896624999998,14.306387218749999,6.431884749999999,538.300860625,13.83391147058824,-20.890816236029412,50.116352397058805,117.18312184558823,83.56555308823528,-1201.6847433823527
2960,2960,These,959.687,959.827,0.668,1.0867350446153845,3.1338321805494505,17.29973711098901,22.130447650769234,6.87670221978022,932.4817518681319,-0.07089519110527195,12.17918585730212,3.0011011687370615,15.201823003822273,-2.169002237617457,128.20053890746942
2961,2961,guys,959.887,960.107,0.516,0.3844486071428569,9.86413582857143,3.3519363857142856,13.434151842857144,22.157990785714283,727.368055,36.36566067032966,111.12531129670329,-30.63912898901098,-52.17090318681317,14.511376813186807,-1647.270851648351
2962,2962,are,960.147,960.247,0.713,21.607712,3.9082793571428565,4.795265107142858,11.750098485714286,26.983407285714286,900.0745685714285,134.04571071428572,55.91961339285712,-55.592118303571425,293.6726857142857,-65.58187500000001,1974.8727142857135
2963,2963,"hilarious,",960.307,960.888,0.842,18.94496745,-0.6700497250000002,15.0602329068125,26.7499974125,21.19125590625,863.4931200000001,-30.028392375366575,0.5407868383431095,18.07478628803153,45.826793189149576,-32.988807523826985,497.63927804252216
2964,2964,man.,960.948,961.268,0.917,14.380235236842106,-3.0807890736842105,20.690488631578948,15.664617931578947,17.87192752631579,872.0443631578947,47.344427456140366,-1.9891608771929823,28.966936754385966,63.1648526403509,31.21344219298246,-84.62636666666661
2965,2965,"No,",961.328,961.508,0.778,17.295719208333335,-1.5818042416666662,7.753273696666667,-18.20499461833333,35.797988999999994,769.5124649999999,16.785624737762234,7.330805716783218,-59.55763918181816,-124.17519398951049,-20.85104265734264,691.2219195804197
2966,2966,Trump,961.568,961.868,0.863,11.645452311111113,-2.804133172222222,13.62526346111111,-0.2369635611111111,19.43737916666667,816.3251472222223,37.69078844169247,-57.325777414860696,-5.203023111455108,-91.00341318369453,83.09754938080498,-1501.8391016511873
2967,2967,is,962.009,962.129,0.806,10.717224484615384,4.171900069230769,24.095636184615383,-7.762324815384617,38.169626923076926,682.0672376923077,41.794650329670326,185.2313209615385,-123.27392005494504,219.46424456043957,-23.294282967032945,606.3340934065935
2968,2968,legitimately,962.229,962.889,0.808,19.878743342105263,8.196553359210526,33.29029723684211,-3.25792615,30.558887421052635,709.4822310526315,15.499140513185248,-25.315036978827006,4.168040338111397,-11.332527897472373,-8.059458879527302,-493.54326348615825
2969,2969,hilarious,962.929,963.349,0.881,21.651907174782608,6.159785969565218,23.28819746086957,-0.9105889478260886,17.83087513043478,567.6692326086957,-65.47216441798416,21.272743967391293,15.269387381422924,97.74063225494066,-93.36943107707506,-993.0848102766794
2970,2970,in,963.369,963.449,0.155,22.818503659999998,17.6261154,14.54833926,14.167059319999998,0.0,656.94394,374.94004700000016,109.83433500000002,348.2551770000001,120.181322,0.0,-4252.529800000002
2971,2971,that,963.469,963.59,0.866,26.092021571428575,-5.557475485714286,19.750091714285713,-1.0911242571428574,0.0,463.8877671428572,28.981524999999984,81.32470482142854,85.65619464285714,105.24832714285711,0.0,666.4542499999997
2972,2972,clip.,963.65,963.85,0.611,22.3501434,9.888049423076923,7.238292676923077,7.040187969230771,4.555625692307692,581.7930361538463,8.182996923076933,-32.34130054945055,138.77594324175823,37.54462961538461,89.4888697802198,-2451.555901098901
2973,2973,"Yeah,",963.87,964.19,0.602,17.40778996470588,-7.115694614705881,10.612702835294117,27.822877541176474,6.969615235294118,631.6976135294118,54.14205879901961,-113.84095151348039,-142.70144419117645,-2.161546862745097,-94.43100980392154,-1505.1817475490195
2974,2974,accidentally,964.55,965.11,0.837,13.350865626086955,-0.5379978195652174,12.665349054347827,13.038946173913041,19.797887630434783,653.0591126086957,0.43512908418131324,32.11157414708603,-7.599311853530682,24.784479248226948,17.38940106999691,553.8427917977181
2975,2975,so.,965.15,965.291,0.986,8.768899600000001,12.53392406,12.668282399999999,12.949532829999999,11.6771217,898.4307990000001,343.91429515151515,-114.0343867272727,-28.32071636363635,-199.72772409090908,173.53536575757573,-1764.1078151515155
2976,2976,But,965.351,965.451,0.887,25.608289,4.9842740875,10.75951843,8.24189485,9.839487875,971.8104512499999,-87.02994166666664,-220.0626841071428,-148.64670383333328,-16.19179083333332,-160.29773988095238,-725.4294107142853
2977,2977,all,965.531,965.591,0.0,15.945626428571426,6.514271257142858,-24.25561157142857,-19.7987711,27.945616142857144,745.5181871428573,-68.04473035714285,147.34638107142854,-198.5492803571429,-14.325665892857161,160.7546553571429,215.06362500000006
2978,2978,"right,",965.611,965.731,0.174,19.223659714285713,-2.694739092857143,18.00782224285714,26.823410885714285,20.409665285714286,729.6488471428572,49.92229999999998,-27.79189598214286,389.48114214285704,330.3854989285714,-58.36133035714285,7660.790785714286
2979,2979,now,965.811,965.971,0.982,20.60904425,0.20976379999999958,12.667203696666666,4.357884466666667,27.92822658333333,633.1977766666666,-7.630592482517484,28.205527867132858,-173.83696569930066,-247.06153216783213,-63.90249248251746,-1097.6642552447552
2980,2980,finally,966.071,966.491,0.876,12.329962792307693,5.776546713846153,14.023516569230768,-5.752539584615386,23.437731346153843,626.8042846153846,23.148249148717937,-28.42715666461537,106.17523177435893,46.50442147008546,8.342904632478636,-596.7899370940169
2981,2981,to,966.912,967.052,0.856,12.032666564285714,5.358579041428571,21.771593089285712,23.49370605357143,6.05798125,781.6298914285717,31.41567464969896,28.506656122058022,-24.215655097153803,-1.4707163177339895,50.78162445265462,780.141760810071
2982,2982,the,967.092,967.292,0.846,18.67620525,-6.015306091666667,21.328294333333332,14.351210999999997,26.92200558333333,553.3407024999999,-30.138145279720277,4.72463641608391,41.8864944055944,-41.06843846153844,-5.382527797202802,-1683.6812534965027
2983,2983,Ronnie,967.492,967.772,0.654,23.432352508333334,-0.6676779604166668,15.200302929166666,13.162814029166666,21.10373495833333,746.0671516666666,-19.876522291304344,33.944575546739124,45.580248645652155,9.902976019565216,37.79199706521738,-647.4954960869565
2984,2984,Jackson,967.792,968.192,0.854,13.806496619047621,6.103592933333333,18.784146476190475,20.61528576190476,18.362232571428574,760.9707828571429,21.328290389610387,53.231360831168836,-12.627689285714284,20.233614253246756,-34.51421616883116,1396.5860538961037
2985,2985,press,968.252,968.473,0.844,9.085429214285712,2.5863439642857142,0.4350714000000001,15.5322013,10.472243214285715,721.7491071428573,-128.07879795604393,41.54859968131867,57.69192883516482,-32.10011804395604,-49.2223601098901,468.5034901098901
2986,2986,conference,968.513,968.953,0.637,20.985534554166666,4.5364138875,5.872804147500001,8.746199135,16.124781625,746.3804520833334,-71.85760291086955,66.36482648043477,49.954976306521715,-35.245992798260865,-40.00692202173912,480.4693984782607
2987,2987,where,968.993,969.133,0.91,33.637490444444445,5.556683237777778,5.5954319,6.192018955555556,20.004227999999998,867.5271811111111,130.0375825,-80.57934241666668,-114.50928683333336,289.3644347500001,71.21185083333333,731.335291666667
2988,2988,he,969.153,969.193,0.042,22.77528,4.834655233333333,32.39304,42.15065133333333,22.080423,364.88363666666663,-160.8302499999999,180.73051499999994,454.73729999999995,-116.82284999999992,1.5764749999999768,-7988.142749999995
2989,2989,explained,969.253,969.773,0.824,11.256135931034482,10.004040380689654,23.236307027586207,9.120210595517243,14.345283103448278,712.5064196551723,81.99409177339899,-27.733626754187185,28.8913637955665,50.73795840640395,40.784954581280786,-430.0047788177339
2990,2990,how,969.853,969.993,0.908,21.927745772727267,-4.145672600000001,-2.5943853545454543,19.045228372727276,12.011846545454546,629.8854309090908,85.47594318181822,96.30942690909093,136.77034450000005,-149.49493350000003,148.5981113636364,1507.7547636363638
2991,2991,manly,970.174,970.654,0.844,22.602498545454544,9.742747743636365,24.94914282727273,17.60280481212121,22.49552245454545,680.1198909090908,-2.098808639705882,-21.95481759659091,9.37501884358289,-5.4825142847593575,-10.78926052807487,-617.2186442179145
2992,2992,and,970.714,970.794,0.887,25.269314,5.623662757142857,30.801181142857143,34.98034114285714,13.046313285714287,546.54065,46.00609642857144,203.12631374999998,-110.20436785714283,12.973085714285682,-165.44826071428574,3705.7121964285707
2993,2993,healthy,970.894,971.254,0.788,15.423782626521739,6.321460436521738,8.72819982869565,13.778553334782606,11.302273260869564,598.0592886956522,-6.590123105237153,63.06314335276678,123.41335031521734,46.779032450592865,28.71642915019762,732.8060133399207
2994,2994,Donald,971.294,971.615,0.705,29.242029638888887,2.0361971277777777,13.452064172222222,10.732542638888889,16.349590166666665,748.1578388888889,-38.02852226522188,11.837799097007235,-9.305667373581004,-51.79197303921568,-48.73032956656348,806.5186728586175
2995,2995,Trump,971.635,971.855,0.595,7.007836741666665,10.755392508333331,5.105085475,6.6388727475,3.01899875,660.9838591666668,-23.080718618881104,69.82783669580418,28.853194597902093,-33.10676238636363,-0.020886888111888182,-238.72856818181813
2996,2996,looks.,971.875,972.015,0.363,-8.650190625,11.97213845,2.806552275,-0.10774949374999987,0.0,782.38162375,-72.64173059523809,-70.88875404761903,-50.8456326190476,43.740489791666676,0.0,1278.6279940476188
2997,2997,I,972.691,972.751,0.859,7.736912051351352,12.262474808108108,11.953178398378379,12.962133592972972,4.980379324324325,882.9996537837837,63.1763498885728,-18.680276158131818,28.21862519464202,4.8328644729729735,30.73516019440494,-119.32027169274537
2998,2998,was,972.791,972.891,0.959,21.41912451857143,21.636813214285716,19.98279714285714,6.996756542857142,30.619604000000002,610.4483557142858,-356.1442413214286,196.66462589285712,103.24156607142857,321.0196521428571,-13.402246428571415,4082.738535714285
2999,2999,not,972.931,973.011,0.997,23.873999333333334,-7.123927900000001,18.598495,4.919055426666667,10.811867833333332,675.75779,27.641062857142845,-338.6830054285715,-116.2376742857143,-116.98310714285714,-371.0287728571428,-1614.6698000000001
3000,3000,going,973.051,973.171,0.806,23.412345625,-5.4775448625,30.309140125,26.347052625,24.138578125000002,788.1676212499999,-40.544591071428556,-2.875616011904765,186.99777202380946,208.17689821428567,227.89293273809517,2426.74331547619
3001,3001,to,973.191,973.231,0.884,20.890003666666665,0.25073853333333346,40.635980999999994,44.11430266666667,31.433544333333334,1268.3727999999999,-173.2847249999999,300.46117499999986,315.78092499999985,-102.38600000000002,21.7370999999999,79.72249999999671
3002,3002,do,973.251,973.331,0.647,18.263854000000002,-3.70815082,34.211649400000006,20.4255176,32.058428199999994,1024.971206,70.164875,-33.573058,-411.8461400000001,-43.487660000000005,-23.98109499999996,-5986.63735
3003,3003,a,973.371,973.391,0.976,21.849679999999996,4.7042448666666665,19.066378,18.240205,0.0,708.5218233333331,-154.78549999999987,228.44272999999987,139.44154999999992,-42.394374999999926,0.0,19520.590749999992
3004,3004,cognitive,973.431,973.831,0.917,19.86619903181818,-0.32008147909090884,28.530701686363635,19.168952777272725,26.88618618181818,756.9115045454545,18.078901516092603,26.045558557312255,123.10308517504238,60.77589824675324,30.91857837380011,-179.69776679841925
3005,3005,exam.,973.871,974.172,0.791,19.54045954117647,4.472615991764705,32.956498117647065,24.285795647058823,28.728574529411762,795.2519947058823,79.08370835784314,-136.2304422230392,-105.40527303921567,-24.39335294117646,-1.9058278186274473,631.7586862745097
3006,3006,I,974.192,974.212,0.981,24.4999115,-7.889799999999999,18.757986000000002,15.660662,28.2258885,515.5383,-223.9398499999999,258.4065999999998,645.0219999999997,-306.6672999999999,33.22184999999996,-1348.1050000000002
3007,3007,had,974.252,974.332,0.859,19.149156333333334,-0.8484283833333333,32.93876916666667,22.987841833333334,30.266338666666666,563.7080233333332,2.0081057142857315,158.50730614285717,181.34284142857143,179.94259285714284,3.367354285714284,4058.250828571429
3008,3008,no,974.372,974.452,0.881,24.378967333333332,4.082388183333333,21.255688833333334,23.659650833333334,30.520626500000002,715.500885,-1.2573399999999832,-102.51884785714286,-300.3763242857143,-65.75847,-9.449309999999988,6138.1664142857135
3009,3009,intention,974.492,974.792,0.725,4.227581129411765,12.08732475235294,41.18569188235294,17.082594647058826,16.28404094117647,915.8120982352941,-0.10704428921568312,-22.913777196078428,18.56298958333334,-4.74228639705883,44.368148039215704,-1166.4941458333335
3010,3010,of,974.812,974.852,0.905,23.753465000000002,15.595974666666669,34.64207166666667,24.962742333333335,28.761399666666666,615.6072033333334,-236.76989999999992,264.988325,-7.0218750000000485,-184.33749999999995,-11.596999999999985,7021.4742499999975
3011,3011,doing,974.872,975.072,0.824,21.061093181818183,3.0558006545454544,28.130226000000004,21.50176290909091,29.735593636363635,914.9781463636363,19.644744545454554,-6.405099954545456,-79.05004272727275,-75.05934500000001,-8.782213181818182,-888.107431818182
3012,3012,one.,975.112,975.252,0.783,19.99891977777778,11.059148077777776,26.056074833333337,12.763906555555556,28.963452555555552,821.3637177777778,-9.341238333333346,135.19349333333338,137.7830858333334,199.62360141666667,-0.22707750000000976,2481.1315666666674
3013,3013,The,975.972,976.092,0.865,9.991291518095236,15.654498766666666,39.00415604761905,20.00635103571429,25.959615285714282,839.280592142857,-1.061393174297058,-11.12154658212462,-13.205157037517218,2.9679729742322327,-19.600367352726682,197.21523567782188
3014,3014,reason,976.132,976.372,0.78,11.159178234285715,7.7927543835714275,33.24740157142857,23.466491499999997,35.33244985714286,827.464512142857,-37.30446094505495,52.10281743626373,-31.911773186813193,-31.17769197802198,10.050963736263727,-1843.4136164835165
3015,3015,that,976.392,976.472,0.732,17.412057,3.43974638,28.061776399999996,11.87896564,34.0846138,1011.5941840000002,134.14065500000007,67.81239099999999,68.52246500000003,12.783628499999995,-34.554359999999996,5321.462600000002
3016,3016,we,976.512,976.612,0.864,19.674095857142856,4.661091285714286,49.198963285714285,29.820883142857145,30.595118428571432,959.2012800000001,-106.72885178571428,132.49839749999998,214.27306964285714,35.802591071428566,-35.999542857142856,427.7534642857141
3017,3017,did,976.652,976.832,0.763,16.308155054545455,0.42573538181818193,52.81875545454545,24.358895363636364,28.724495818181822,693.2889700000001,62.1451882727273,-108.74064522727274,-57.07629863636367,13.394971818181824,66.23303318181819,-2251.8239681818186
3018,3018,the,977.093,977.193,0.708,14.106155972222222,13.114516605555558,39.339885055555555,24.31320911111111,11.802260666666667,892.2446766666667,-24.87058262641899,-2.422029881320952,-24.680917285861725,-14.282115273477817,-47.37269380804953,-468.1611723426211
3019,3019,cognitive,977.213,977.573,0.898,20.34265793157895,-4.071117648421053,23.207156710526316,19.931444909826315,29.505977789473683,681.0582510526315,37.044335763157896,71.540460327193,97.1383838157895,60.17053360232457,21.54755947368422,-1138.6314982456142
3020,3020,assessment,977.593,978.033,0.911,9.4115847,13.666915321739129,26.565708956521735,22.27772743478261,18.28131847826087,690.0864713043477,57.0289791847826,-40.28189699604741,19.85953117588932,-16.689863092885368,31.16233142292488,-683.319490612648
3021,3021,is,978.513,978.613,0.847,-0.7907863934482758,3.4791432034482757,33.65987424137931,18.693821010344827,9.19184627586207,797.6906068965518,17.97472843793103,66.12029597783251,29.038986330049255,31.776830278325114,51.957317167487666,-889.6114822660097
3022,3022,plain,978.733,978.913,0.834,9.726487700000002,3.0120999999999993,27.649873266666667,13.215895200000002,19.643107733333334,766.3020446666665,156.6514991428571,-91.50659719642854,84.28877107142857,29.968204142857136,157.1872932142857,-3524.840417857142
3023,3023,and,978.933,979.013,0.155,-4.2356286,27.5937206,21.044922,25.472445800000003,0.0,992.20697,-470.0115550000001,174.45391999999998,-333.45087500000005,-168.53043499999998,0.0,7313.080500000003
3024,3024,simple,979.033,979.253,0.889,23.52260991666667,7.922209500000001,26.825139833333335,9.53361485,30.799011750000002,811.3672150000001,172.57394493006993,50.93982125874125,-5.9798835664335535,-55.853285139860134,-14.376191083916076,582.3174510489507
3025,3025,because,979.273,979.453,0.857,16.73670088,13.903630670000002,28.1776183,24.8858749,28.961486999999998,739.527918,-201.56109242424236,178.51661281818178,-45.27909666666665,155.75408636363633,2.154092121212109,158.37106666666676
3026,3026,the,979.473,979.553,0.785,16.156674600000002,13.993018080000002,27.842751000000003,18.172984,17.245865000000002,973.504662,236.4363250000001,-159.89489000000012,-94.06534000000005,-177.63703500000003,-445.41986000000014,-1109.0733000000002
3027,3027,president,979.593,979.914,0.878,19.756492644444442,-0.5901938572222226,29.068994888888888,24.11539341111111,28.279231944444444,635.418451111111,8.116520288957686,2.8691625804953573,50.18407574819402,35.981866078431366,24.893790660474707,-998.8543488132096
3028,3028,asked,979.974,980.154,0.805,9.776563246666665,4.432138783333333,19.903753333333334,22.75712916666666,19.47020433333333,780.3178916666667,-147.86073586013984,196.38384153846155,11.364920629370628,-21.199565384615383,-119.34088251748253,3633.725702797202
3029,3029,me,980.174,980.254,0.794,16.865113,13.0215294,43.96954079999999,18.3839792,29.112718399999995,595.8780200000001,-89.81066500000004,-52.63448000000002,192.20482500000006,85.99885000000003,-37.19315999999998,-4288.645
3030,3030,to,980.294,980.334,0.996,10.539878999999999,20.2058565,53.591178,22.617283999999998,27.681565750000004,835.97185,-13.625359999999993,47.82701000000006,36.575289999999995,35.55372,-7.908874999999985,-9806.650500000002
3031,3031,do,980.394,980.514,0.865,17.33337018888889,5.307781411111112,43.13403366666667,25.200401888888887,28.113564,778.4521688888889,104.55971908333335,-104.92968508333337,-90.747865,22.484738333333333,-5.536793333333327,-783.2993500000006
3032,3032,it.,980.554,980.594,0.984,15.539737250000002,5.902838624999999,42.85015675,28.69989525,21.12927925,845.4036575,-56.39831500000005,-15.056737499999997,-85.611375,-38.04169500000004,-414.03674500000017,-3649.9751500000007
3033,3033,I,980.994,981.034,0.994,9.462965368181818,0.618103402272727,20.472469590909093,12.651126372727274,8.1807635,931.642401818182,11.227458037831736,-28.121959814511566,-46.61071030491248,-14.345512761151891,81.0994555900621,-640.5385900621119
3034,3034,went,981.074,981.234,0.679,16.743153999999997,8.093987279999999,33.0965656,15.471842200000001,27.3394205,713.4100099999999,-81.74950787878787,13.072033818181815,167.780923030303,98.8031224242424,-97.52162272727271,3073.9362848484843
3035,3035,through,981.254,981.434,0.857,19.556453228000002,7.118898107,23.8596004,23.8596078,21.915804,916.093521,187.25802580606054,-164.46377159090906,-53.97823393939395,-47.28823272727272,196.97308060606053,-150.46343333333343
3036,3036,and,981.474,981.554,0.939,23.137795166666667,-6.4927696,30.690579333333336,24.643058500000006,29.999660666666667,756.3024333333333,-21.396804285714268,-95.41760628571433,-46.82698571428574,-99.81272142857142,-17.821931428571432,4552.5052857142855
3037,3037,I,981.574,981.634,0.335,24.940778249999997,-10.46223625,13.9116985,-3.85565445,29.36904525,492.74005250000005,82.75505500000001,283.5786550000001,46.46961000000002,-271.65791800000005,3.8423650000000205,-1184.76805
3038,3038,looked,981.674,981.854,0.915,15.932903454545459,9.595260103636363,25.648280999999997,8.795397218181819,16.653957545454546,893.3411163636364,-107.8907795454546,59.30523978181819,-10.243725909090909,57.648324409090925,-132.88266500000003,-244.15371363636373
3039,3039,at,981.894,981.954,0.621,17.42014232,-3.6531776199999997,42.780019800000005,22.875156600000004,30.3270826,451.1781279999999,208.67101400000007,-153.88220799999996,9.94000999999994,184.08146000000005,-28.564180000000004,-1314.60155
3040,3040,a,981.994,982.034,0.496,20.312494,6.949305625000001,29.25493375,27.9284655,27.75056425,1052.50845,-251.9453500000001,551.9234275000003,99.592545,96.64475000000002,-17.947325000000028,4812.305000000003
3041,3041,variety,982.074,982.495,0.891,25.310913978260864,-2.506942491304348,27.849547382608698,11.60998612652174,30.119727043478264,615.3531969565217,-31.471845281620542,-24.533854659090903,176.62971135869557,67.26327956867587,5.094151581027665,-723.8631620553356
3042,3042,of,982.535,982.595,0.838,21.632531,8.174433852,42.496612600000006,23.137390999999997,28.665077199999995,502.80740000000003,40.29394000000002,319.9948322000001,-105.04303000000004,-11.482744999999998,-44.825400000000016,5934.038500000001
3043,3043,the,982.635,982.715,0.826,13.365746549999999,18.506668166666667,43.41089083333333,27.286337500000002,18.89579133333333,805.0304816666667,19.51319728571427,-64.93997000000002,61.46779857142861,-20.54865285714287,-325.3661200000001,-1053.0840428571412
3044,3044,cognitive,982.755,983.135,0.842,21.24449663333333,-3.1444643000000005,27.614304514285713,17.718390485714288,25.907767857142858,699.7119323809524,43.89363592857143,27.73117462987013,75.71016246103895,58.12941824025973,49.54788454545453,-1811.254953246753
3045,3045,assessments,983.175,983.595,0.892,6.147319629565216,19.609129547826086,25.211880869565224,21.472895956521736,14.630673869565216,681.5598826086956,53.31117790612647,-11.1186105632411,14.209235671936755,-22.146267292490116,35.09671373517785,-730.1775839920947
3046,3046,that,983.615,983.695,0.053,-1.1366185999999991,20.2314486,22.1559028,11.40733166,18.4599764,941.5602060000001,664.92569,-261.74146500000006,-62.09433999999997,-217.6572100000001,455.31972500000006,-5605.395199999999
3047,3047,were,983.735,983.835,0.738,41.35726928571428,8.514031714285712,6.966886851428571,6.725649757142857,28.641452857142855,449.89870142857137,50.34870178571432,-47.711695357142865,15.349780428571417,210.0247685714285,-9.69897321428571,-1769.7244821428576
3048,3048,available.,983.855,984.275,0.856,26.67438727272727,3.0300046863636365,26.59699722727273,4.608525213636364,30.81855313636364,738.021034090909,7.461876962168271,40.24240815076228,-3.6707097402597433,-117.56032856860534,3.647956041784301,156.04990711462452
3049,3049,Most,984.675,984.835,0.813,6.125962257142857,7.394842743464286,23.079562964285717,15.28263492142857,6.628939107142857,767.8521767857144,-11.657968448275858,21.971926578284073,-9.330538492063491,-1.3344281581828115,35.53580009578544,-579.895712233169
3050,3050,of,984.895,984.935,0.976,18.4498858,0.006630839999999694,18.7827974,11.846482840000002,31.6654588,775.488448,430.57129500000013,-115.07986200000002,-54.480530000000016,70.48270500000001,-30.61372999999997,863.3487999999993
3051,3051,them,984.955,985.075,0.527,24.087868428571433,4.475539985714286,19.961241857142856,22.33534314285714,30.668949,904.8164614285714,25.386601785714273,-52.87738035714287,-30.12369464285715,34.136282142857155,-15.516625000000005,-478.0382499999987
3052,3052,are,985.115,985.195,0.625,28.610996166666666,10.648328516666666,2.1517167833333337,12.146823916666667,28.787416166666663,820.6739616666667,-143.7732328571429,168.69036471428572,217.55082642857144,164.10263357142858,-14.410758571428573,2111.102871428572
3053,3053,very,985.235,985.436,0.831,20.587016374999997,-1.7791805916666668,33.04517425,27.842531916666662,22.769522499999997,869.8535400000001,-108.91673697552444,110.65051798951048,136.7932673076923,-1.1686379370629392,-141.8092342657342,2216.710783216783
3054,3054,"simple,",985.496,985.796,0.755,13.35543388888889,13.843658844444445,25.516008000000003,10.711056666666666,21.77436411111111,764.5885250000001,125.2476052631579,-27.095371527347783,5.945921775025803,-107.64086998968008,78.12299638802888,-1465.7515939112488
3055,3055,very,985.836,986.076,0.814,23.52430462142857,-2.416178907142857,34.91251857142857,25.727838857142853,26.10582492857143,818.3777592857142,-82.47984618681319,28.163885285714287,166.66279450549447,28.99205362637363,-78.29614054945054,206.24054395604406
3056,3056,short.,986.156,986.416,0.864,14.458716847058824,6.717125704411764,27.299001129411764,14.85440064117647,21.75228323529412,825.5572029411765,212.07263612745095,-15.410987803308826,-197.270207254902,-44.318084669117646,112.12292009803922,-1895.3232524509804
3057,3057,And,986.856,986.976,0.861,8.550126010714285,2.609901936428571,33.564847321428566,19.77315632142857,10.691707857142857,749.8781203571431,32.44396940202518,-17.80828538067871,30.01811525725232,23.947681978653527,73.33724863163656,-774.422713054187
3058,3058,I,987.036,987.096,0.835,25.03116916666667,-6.105346073333333,19.117352166666667,21.81071041666667,28.705142666666664,614.7514816666667,41.08082999999999,238.71515954285715,11.170981428571427,-47.8585707142857,-10.877925714285709,691.3142999999998
3059,3059,think,987.136,987.316,0.976,12.65245781818182,20.670928909090907,32.341170181818185,20.733740454545455,19.00427227272727,751.0308945454545,-8.500527272727277,16.55808363636364,75.64568500000001,0.19091318181817787,-8.163156818181823,2659.5936363636365
3060,3060,that's,987.356,988.097,0.778,10.564127594358972,8.717358092307691,23.714669572564098,20.592495533333338,16.545928615384618,754.0119905128204,4.314679681983807,6.908900874493929,-7.123768804048583,3.3776858491902835,-0.816215556680162,-427.17042823886646
3061,3061,the,988.157,988.237,0.878,8.227795042857142,14.30362902857143,34.19561442857143,25.93491042857143,20.507606857142857,706.4166885714286,328.05080696428564,-42.09937857142858,321.76442142857144,62.30281964285713,240.465025,-5703.576767857145
3062,3062,goal,988.277,988.537,0.613,20.55720873333333,11.273470510533333,25.86644552666667,-11.937220186666666,28.415352,623.0346559999999,5.172426428571436,16.466450733214284,-45.082449053571445,-165.95111421428567,35.847533571428556,-1172.931875
3063,3063,actually,988.597,988.917,0.839,9.003399757894737,3.373349757894737,34.591198278947374,15.358455786315789,18.21378542105263,738.6792984210526,-5.258732701754391,69.05561391228072,76.61040204385965,-4.852598885964911,18.815112280701758,504.8376070175441
3064,3064,for,988.957,989.077,0.84,11.4562979,16.025340125,26.096311212499998,12.445881324999998,7.301423375,986.0452,135.53991178571428,-83.61484226190474,-42.451610892857126,-89.3972286904762,-0.47550773809525126,-2014.5520238095241
3065,3065,primary,989.117,989.417,0.828,25.03348642352941,-2.5496650094117648,18.437890076470588,20.261279294117646,24.302489529411766,865.5775523529412,34.82053071078432,28.51686207352941,70.72921290441177,66.72462291666668,20.10803921568627,-12.993511029411657
3066,3066,care,989.457,989.617,0.884,16.599011965,3.0992962699999995,25.193993149999997,20.788461999999996,14.5643147,885.911683,155.20263977272722,3.85244845454545,-205.17334257575754,17.89096606060606,36.99035303030301,-948.7882696969693
3067,3067,providers,989.637,990.037,0.823,18.408491871428573,5.564989760952381,16.025942476190476,14.562903938095237,26.52054980952381,870.1207147619048,-62.69933941558441,22.201370362337663,84.02608216233766,15.659550649350647,-32.455793116883115,559.2196383116884
3068,3068,in,990.077,990.157,0.851,20.116310166666665,17.402755083333336,43.78121266666667,19.078682,28.569269333333335,698.2402099999999,19.33048999999999,163.95996928571432,-30.972617142857164,77.19398857142856,-26.44280857142857,6783.441628571431
3069,3069,doing,990.177,990.357,0.859,16.81389218,5.67257745,39.13557960000001,22.389700199999996,23.9203351,658.357653,34.38868272727272,-19.198286151515145,-60.69281393939391,16.26068181818182,-142.42621545454543,-4084.7328030303015
3070,3070,this,990.397,990.517,0.91,0.40754870000000043,23.4997997,32.52369825,22.266601,10.808212875,677.0318225000001,-210.53313714285713,279.56336071428564,-220.82884404761901,23.17065714285714,-154.94185059523812,3006.436892857143
3071,3071,is,990.597,990.657,0.418,-12.112809113571428,29.34681128571429,29.179800857142855,21.314443999999998,8.390064857142857,969.3536414285712,-61.939382633928545,137.59341964285716,8.364112499999985,74.11711964285715,-158.06063928571427,1440.4686428571426
3072,3072,to,990.697,990.737,0.994,-13.978572425000001,21.047969249999998,29.299028,15.93959075,0.0,1206.9423500000003,184.63537450000007,-262.8547650000001,272.43426000000005,-201.20689500000006,0.0,1625.9079999999976
3073,3073,keep,990.777,990.938,0.758,6.0254796200000005,8.65609546,49.63091870000001,12.938556040000003,12.723793,931.2951599999999,126.00220206060605,-14.889758969696963,111.20596757575757,90.72430781818181,53.663109696969684,-1390.9782787878783
3074,3074,it,990.978,991.058,0.914,2.1651736833333337,25.831988,31.9573245,23.801845999999998,14.200488333333334,954.3195499999998,-454.19442985714295,316.17780857142856,-328.28518428571425,95.61223428571428,-371.7609885714286,5010.927857142858
3075,3075,"simple,",991.098,991.398,0.875,19.568162470588234,11.831597217647058,26.575050223529413,7.1512507588235295,22.867868647058824,674.8970799999998,140.38842095588237,20.9912293872549,15.402460465686284,-83.72535480392158,8.345902328431384,-15.851824754901862
3076,3076,keep,991.458,991.638,0.88,5.610004283333335,8.091933374999998,44.7562045,18.19073495,10.599509166666666,1039.1116075,25.266426678321668,-22.25941333916084,49.24247342657342,147.83990779720278,41.6443423076923,797.1420157342653
3077,3077,it,991.678,991.758,0.91,3.473733999999999,7.590549616666666,51.80246133333333,19.251663333333333,14.566558,796.887705,-487.3145742857143,233.74819985714282,-4.36481142857136,-154.65261714285717,-380.37064,9977.776042857142
3078,3078,short.,991.818,992.018,0.853,13.063787769230768,4.688880876923077,26.23014465615385,8.302386732307692,21.575853,862.4330753846154,343.33391153846156,-49.966092912087916,-258.4561529807692,-49.05453635164835,148.99618241758245,-1974.833815934066
3079,3079,We,992.498,992.638,0.996,4.217398798387097,-0.9101654193548387,29.92137391935484,21.028034290322584,8.028837225806452,947.1833170967739,24.578127631048382,26.20587338104838,33.658171360887096,6.455270534274195,30.30818685483871,51.817414516129034
3080,3080,picked,992.678,992.918,0.841,6.2812107642857145,3.4459337500000005,41.14536914285714,20.46225671428571,9.668351857142857,859.5523214285714,-20.483968010989013,-34.70408471428571,-11.81992065934067,-21.378463516483514,-59.79622791208791,-910.6026747252747
3081,3081,one,992.998,993.078,0.969,21.60398725,1.0321423049999998,22.979383,14.653396399999998,31.79851575,825.83769125,106.8333464285714,-169.41522807142852,-178.95906666666664,53.946300119047606,-5.354453571428581,464.47918452381015
3082,3082,of,993.119,993.159,0.957,19.47178075,2.663862375,29.698479499999998,21.72951175,30.46328725,704.894035,-4.326184999999984,256.7321465000001,115.97516000000005,-53.220054999999995,-41.940945000000056,-5430.587300000002
3083,3083,the,993.179,993.239,0.941,18.610502750000002,13.27847925,30.1476095,15.554291499999998,29.71548875,881.01015,99.61815500000006,-64.120705,-282.74842000000007,-184.43682000000004,6.072864999999991,670.0474000000004
3084,3084,ones,993.339,993.499,0.726,18.202491230769233,10.47876242846154,22.881776461538458,15.086570753846157,23.496346384615382,812.6834276923078,-96.58092280219779,94.40780666483516,23.248065109890103,103.05810024725275,-124.76476098901097,2267.865510989011
3085,3085,that,993.539,993.739,0.696,11.578376083333334,10.8919876,36.6410695,25.63755466666667,25.570193250000003,684.9840108333334,176.32751975524474,-95.00239657342657,134.0195993006993,-62.94390664335664,106.52208548951047,-2540.7780961538456
3086,3086,was,993.779,993.879,0.841,15.370152314285717,19.611965042857143,28.767869714285716,24.480303142857142,29.21806657142857,770.4657128571428,-292.82923053571426,214.05006553571425,-34.31894464285713,140.81670535714287,-5.490500000000009,537.4440714285715
3087,3087,a,993.919,993.939,0.987,20.580052,4.038787566666667,24.947175666666666,-2.1735251666666664,29.970096666666667,570.2090366666666,191.0883499999999,-71.06738249999992,120.06134999999989,-821.6639374999995,-19.125049999999966,15227.860499999993
3088,3088,little,993.959,994.119,0.865,24.839014888888887,6.938059855555555,23.349331,0.46342658888888977,30.767659,771.2316111111111,61.19438416666669,49.53398800000002,-103.71175250000003,170.31384416666668,-0.3476066666666721,-693.3383666666667
3089,3089,bit,994.139,994.259,0.744,20.930147857142856,-2.8733071000000012,41.46815857142857,22.208914857142855,31.294864,559.0251014285714,46.39940892857141,196.75138803571429,-39.81477321428571,24.971380357142856,-13.547074999999989,-1509.7610714285713
3090,3090,more,994.319,994.459,0.838,23.6529594,4.103978903,18.48347251,9.585181969999999,30.548918500000003,707.270399,-29.579746060606052,-49.408591978787875,-216.30208051515146,-66.76736875757575,-2.675471818181813,-246.98150606060568
3091,3091,involved.,994.499,994.9,0.908,20.15281225,7.258776727272728,15.512356472727271,-4.624816468181819,31.10889277272727,705.5133090909092,-0.39013917278373944,-1.5972442800677593,-37.61108654432525,-146.53070402879726,13.167515273856582,-377.2369322416713
3092,3092,It,994.96,995.14,0.67,8.952421258333333,21.133896333333336,37.736461750000004,17.09195458333333,26.89614333333333,674.2935633333333,-59.54531340909091,117.18472412587408,-28.08545332167831,81.25058479020979,-55.64842027972027,922.2200349650345
3093,3093,was,995.16,995.22,0.084,16.79774475,21.544061,32.261579,5.169590175,29.156425499999997,688.1119649999999,176.19697500000007,-135.99650000000005,82.46806000000004,-205.43480350000007,13.700789999999994,-2603.0609999999997
3094,3094,longer.,995.26,995.58,0.814,27.74136166666667,2.347506405,7.465815372777777,1.3609122211111109,31.797982611111113,844.9281122222222,4.111717956656347,-32.564716940660475,-14.891896497936006,135.3426145810114,8.32600128998968,1622.2731320949433
3095,3095,It,995.6,995.64,0.961,26.426061,8.246086,18.068863000000004,20.905802000000005,29.107826333333335,801.0435666666666,-27.462524999999957,531.9576749999999,60.030574999999935,145.83409999999992,-24.429574999999993,-7874.788749999998
3096,3096,was,996.2,996.32,0.791,14.097013328323532,16.408710404705886,32.58877958823529,19.61108486764706,28.317016,649.1857832352941,-5.2093193391673,-4.4717709294117665,9.219875416348353,-4.074550248281131,-7.421786080977843,427.0381220015277
3097,3097,the,996.36,996.461,0.944,15.25488777857143,15.35383464285714,30.920211857142856,19.52039728571429,25.070093000000004,872.7726571428572,214.20752026785715,-130.40180535714285,-37.36636428571429,-78.3564107142857,121.07736785714283,365.4594642857144
3098,3098,more,996.501,996.641,0.709,29.09762188888889,10.662517322222222,15.496678611111113,14.916902955555555,29.498303333333336,777.1335911111113,9.584658333333318,-23.181164666666675,-129.35101891666667,54.94110633333335,-11.022086666666665,218.2815500000003
3099,3099,difficult,996.681,997.061,0.881,17.28952255238095,10.363018652380951,21.524352295238096,3.7051186375714287,19.723410809523813,757.7055833333334,21.58105087662338,66.92476983116882,-50.01356357142857,-115.9477325324026,65.19663655844157,-395.0385538961038
3100,3100,one,997.141,997.261,0.719,24.8636646,-3.21844478,20.4819611,11.37272561,31.168581,905.6045799999999,10.306664848484843,-157.49063018181815,-96.87594939393938,19.042139181818186,-1.3810151515151525,798.135
3101,3101,of,997.281,997.341,0.742,26.65596325,9.957284775,18.5807765,8.8397339675,29.42566025,774.63759,-115.32227500000006,362.81889350000006,147.1981000000001,141.98894195000003,12.757884999999995,3979.8172000000013
3102,3102,all,997.401,997.541,0.886,24.431128400000002,5.72214269,11.244050679999999,-14.968540200000001,30.676525699999996,663.499491,-37.20826606060605,-48.86374336363636,99.78466569696968,6.120056969696972,7.688713030303034,-9.418984848484843
3103,3103,of,997.581,997.621,0.973,22.657545000000002,2.5990786750000003,17.272224,-4.834598675,31.343230249999998,597.853005,-40.820720000000044,431.35629450000016,-23.820050000000005,278.44048650000013,-5.507394999999989,-1075.2035000000003
3104,3104,them.,997.641,997.761,0.58,21.127026285714287,16.43582747142857,22.091616999999996,13.451264714285713,27.523372857142856,1006.3035357142857,-47.20567678571428,55.93507624999998,133.5038446428571,70.64808214285713,-175.29768749999997,991.8938392857144
3105,3105,It,998.202,998.502,0.76,4.323724380000002,8.089442554054056,39.019996216216214,19.70527659459459,8.163926513513514,766.8597194594595,26.955399864627797,4.432803092697963,27.090903591749647,1.1171794452347075,24.994994559032722,-1166.9228527738267
3106,3106,took,998.542,998.702,0.898,0.8478477699999999,15.868845010000001,35.942490400000004,23.2478756,6.5094504,976.196635,-28.319056333333315,33.93516833333332,-29.534570303030286,21.344909696969694,-0.09451030303029785,1480.6142878787875
3107,3107,significantly,998.722,999.202,0.784,14.080808399999999,6.8547341392,37.19158676,19.5821363,23.223637919999998,685.7018499999999,50.85981553846154,-30.521665796923077,-23.825436615384614,-18.644540634615385,-5.337141192307687,-180.6886157692308
3108,3108,longer,999.242,999.442,0.681,27.543325666666664,-4.2758125766666675,11.293883291666665,6.023657425000001,29.98994241666667,640.8240633333334,26.915660489510486,19.74244774825174,-1.1054644230769206,238.07721389860134,-1.5147340909090907,584.7374580419581
3109,3109,to,999.462,999.542,0.552,19.203007,12.6119618,31.2852004,24.917550800000004,17.1242356,375.27927600000004,-90.82443000000004,271.230292,33.45969000000003,118.84899500000003,-439.2002150000001,-104.61950000000009
3110,3110,"complete,",999.562,999.983,0.836,10.664366389545457,14.725050374545452,33.917323227272725,14.310433886363636,23.482733999999997,764.7354281818182,2.5002624887069436,-32.60862214116319,100.20606044607568,-5.98947117165443,42.39759819311124,74.50977639751567
3111,3111,but,1000.043,1000.203,0.929,20.488534545454545,10.668772681818183,25.48608745454545,19.82511468181818,29.45392818181818,591.240910909091,-48.03725409090911,-106.26003086363639,-72.02679272727273,-42.468823409090916,5.355737272727268,-2434.180527272728
3112,3112,the,1000.443,1000.503,0.857,16.195339333333333,13.299746755333333,28.767467399999997,22.041389733333332,27.377053266666667,652.1713253333332,2.4748917857142825,79.5618360125,45.561073571428565,24.57172303571428,-49.48391589285715,1860.4320107142855
3113,3113,president,1000.543,1000.803,0.705,15.45188908,9.06722986,29.416771880000002,24.176904066666665,26.236753,761.4978326666666,-10.331052071428571,15.584924017857139,132.5539114642857,2.379506428571425,68.52744374999997,-196.67895000000013
3114,3114,did,1000.843,1000.963,0.704,16.863838125,10.3657261625,42.94690525,22.263468375,22.176976375000002,635.6040925,-46.00421130952378,-194.21954255952375,-11.958096428571439,11.054697023809531,-205.6169851190476,181.9639285714282
3115,3115,it,1000.983,1001.123,0.498,3.899894025,15.592498337499999,39.3717865,32.407211,10.210159375,982.84698125,-311.78699130952367,141.36060422619045,-354.2023619047618,-50.00106904761904,-147.76708988095237,3005.0588988095224
3116,3116,significantly,1001.143,1001.744,0.42,7.909901758064516,11.403449397741937,34.497380516129034,17.233278931290325,23.23114893548387,738.6382248387096,54.04722518145162,-28.582337229838707,2.7949823387096764,-7.286437348790322,24.437428729838707,-493.7828389112904
3117,3117,well,1001.764,1001.944,0.882,24.0025847,3.73927633,14.07791512,1.5760849799999994,29.6799526,632.222747,-13.50874151515151,5.741918212121209,-37.483132545454545,-170.2808864242424,-4.513083030303033,-397.9297121212118
3118,3118,on,1002.004,1002.084,0.773,25.33713985714286,-2.3101162714285715,16.074324714285716,14.738161714285713,28.713354285714285,980.4804442857143,1.4044160714285874,3.2007498214285732,142.8571446428571,349.3373517857143,2.9428535714285733,2042.770410714286
3119,3119,it.,1002.124,1002.184,0.754,14.437537600000002,6.1314042,32.95545800000001,21.8291032,29.1866198,464.764542,-158.66544000000005,277.7144570000001,43.37074000000001,86.00019499999999,-15.36474499999999,286.71895000000046
3120,3120,So,1002.284,1002.444,0.992,4.348206015384616,12.20808977692308,18.267715307692306,14.830277261538463,15.805347999999999,891.3922492307692,258.68174082417585,-163.37207579670329,-15.679468131868134,-14.859599340659345,164.7337642857143,-1530.3258543956038
3121,3121,that,1003.024,1003.145,0.967,7.230528051428571,-3.3908499771428566,23.006399942857136,15.386844991428575,13.343422685714287,777.4477860000001,43.54041222689073,-9.259775001400556,2.4242020728291305,-4.500782088235294,62.55332155462182,-327.6834320728289
3122,3122,was,1003.185,1003.285,0.858,12.512082642857141,15.950307200000001,22.737258571428573,13.110652457142859,22.794835142857142,564.9865171428571,-196.67338785714284,198.37881035714284,38.29157142857141,227.92059089285715,-64.32256428571432,56.93703571428603
3123,3123,not,1003.345,1003.465,0.969,22.10095088888889,-9.65655411111111,19.505623999999997,5.277093133333334,32.06871722222222,740.4415755555555,17.32071083333334,-102.75529600000002,-75.13184500000001,-62.82543916666669,-9.041750833333323,-3199.704850000001
3124,3124,driven,1003.505,1003.765,0.848,19.099399002666665,1.5858965666666667,31.875409866666665,26.671692866666664,29.10211453333333,965.8754,50.39272557857143,-63.61261944642857,-2.384897857142855,-11.947074464285711,32.25962624999999,-2513.7565803571424
3125,3125,at,1003.805,1003.845,0.936,16.92145,1.2899901349999998,42.53788425,30.58947575,29.19741175,717.9608800000001,-201.28304000000014,222.36211630000008,9.914965000000073,-283.3107750000001,0.49713500000001065,9077.641400000004
3126,3126,all,1003.925,1004.065,0.88,21.814009454545456,3.6892843481818187,11.71376790909091,-13.59822998181818,30.293104272727273,611.2864745454546,-17.558210454545453,119.9219538045455,-1.3479527272727263,-77.93845631818184,3.4994377272727273,2521.4147090909105
3127,3127,by,1004.085,1004.205,0.828,19.861130142857146,-1.4927732857142857,17.375045142857143,8.867356442857144,29.58015028571429,694.5403071428572,9.043514285714295,-273.10737857142857,83.70466428571424,123.84554678571426,-8.963517857142845,1088.6243571428563
3128,3128,any,1004.265,1004.365,0.975,13.31198995,7.7246500625,50.938131874999996,18.0119803125,19.250484375,358.53829625000003,-142.07328499999997,151.7352813690476,129.54759702380952,-61.72235208333333,-268.4956601190476,-1918.1640297619044
3129,3129,clinical,1004.405,1004.745,0.759,11.359869957894734,8.15561909473684,20.258797789473682,9.226569715789475,18.0987732631579,760.6693810526316,-0.8074448508771888,33.700113464912285,-8.724087368421054,4.320726245614035,31.925325701754392,43.67753421052639
3130,3130,concerns,1004.806,1005.186,0.706,3.4516758181818177,10.913021347272728,25.03335452272727,19.33203656363637,16.262410409090908,879.7693027272727,50.2464434217956,7.78028861208357,2.1365630575945826,10.773047803500845,67.99480646527385,-702.1295398080182
3131,3131,I,1005.286,1005.386,0.813,21.839979800000002,-10.029136309999998,19.367425609999998,8.210929770000002,30.0948524,534.589424,-46.378016363636355,80.32198245454543,151.74924457575753,78.18372451515151,-3.506428484848477,-132.1553696969698
3132,3132,have.,1005.406,1005.606,0.946,18.996502590909092,-4.795273472727273,20.503363136363635,12.241409045454544,30.936082,474.15610181818175,108.74266954545458,-102.5654911818182,-160.05041,-64.54732886363638,0.7193995454545445,-1906.5127772727276
3133,3133,It,1005.706,1005.746,0.605,23.239973,13.977139285714284,25.57833751428571,12.187407785714285,29.950324714285717,619.6000371428572,-56.16169285714286,35.52524285714286,246.76620392857146,51.88632410714285,-19.415001785714296,-2599.799732142857
3134,3134,was,1005.786,1005.846,0.985,7.504072000000001,24.5846176,44.367081199999994,18.536952,28.248222199999997,698.0766040000001,-436.3887590000001,164.39298000000008,155.64798,-44.434885000000016,-18.548975000000006,6880.5827
3135,3135,driven,1005.886,1006.126,0.836,14.171929,7.593694135714287,34.176756,21.267038107142856,25.77541807142857,714.6676764285714,67.29268248351646,34.51352515384615,-70.32014527472526,-31.15529368131868,70.78080098901098,-1452.490904395604
3136,3136,by,1006.166,1006.266,0.792,17.211423214285713,3.1394684285714285,7.008562542857143,8.096388014285713,29.55633585714286,761.2208385714285,85.03315982142858,-13.088191071428604,-87.7290258928572,-2.277950714285721,-10.55033035714286,-3138.909857142857
3137,3137,the,1006.286,1006.346,0.942,22.585491500000003,21.07266225,26.266453749999997,22.6701355,28.146303500000002,741.4313950000001,-24.57278999999999,131.09955500000004,286.3434850000001,122.52289000000007,-16.716260000000005,10857.220400000004
3138,3138,president's,1006.386,1006.767,0.866,11.315713714285712,10.128343648333335,31.170466404761907,23.49538847619047,24.3967480952381,878.1790233333334,-42.237867350649346,39.8481784487013,40.99757269480519,-12.928230649350652,-37.90076694805194,156.49840519480523
3139,3139,"wishes,",1006.827,1007.227,0.934,7.707738769565218,11.5288829,40.96873704347826,16.9973199173913,20.038986869565218,663.0241739130436,-34.904742737154145,55.26531510869563,12.261019565217389,34.348446180830024,-28.627143132411057,-1352.2227702569164
3140,3140,and,1007.407,1007.847,0.819,20.7077876516129,6.335487761290322,33.06657603225806,13.879349154838708,27.777902064516134,477.1049032258065,28.98096139919355,-24.337240455645162,-14.270060544354836,-14.610252657258066,14.583057822580646,-486.268208064516
3141,3141,he,1008.228,1008.308,0.716,9.360579534782607,20.314115782608695,50.350427043478255,18.96092243478261,26.116089434782612,717.0467747826086,-2.87972541007905,-0.06638018774703444,36.39264560276678,7.955684535573118,9.039059288537544,437.5133078063239
3142,3142,did,1008.328,1008.448,0.904,15.6274025,13.266628857142857,41.08768914285714,26.253821285714285,28.959413285714284,636.3606757142858,96.0386705357143,-16.20896071428572,-199.92953928571427,52.6634267857143,-14.705108928571423,29.85742857142756
3143,3143,well,1008.488,1008.648,0.944,26.171601399999997,13.690106382899998,11.065599285,3.6939567500000003,28.5334297,665.597291,-36.95806787878787,18.556082054848485,-53.42796307575757,-94.02912669696967,-8.07469242424242,-45.35046969696997
3144,3144,on,1008.708,1008.748,0.584,14.2191921,11.99755786,21.4061008,22.0851956,27.435342600000002,855.6208280000001,-199.35768,201.45132700000005,323.3735650000001,130.85295500000004,7.691665000000009,-4789.841600000001
3145,3145,it.,1008.768,1008.808,0.114,5.391706533333333,14.184224666666667,40.72213,21.783371,27.770486333333334,1084.4206000000001,-70.04695499999998,-94.00364999999998,-176.8024999999999,104.18589999999992,1.740399999999997,16961.199999999993
3146,3146,"Okay,",1009.341,1009.661,0.724,9.170510111162791,4.666995033488373,17.55266537767442,10.403747523255815,4.121894906976744,835.1699097674419,24.628678180761096,-31.930357677740865,20.717514565539112,4.352092616279067,4.631479243430988,-187.50917207792202
3147,3147,so,1009.841,1010.082,0.976,7.623434904761906,6.594554880952382,10.734481376190477,-9.59030938095238,14.845968714285712,781.7816385714284,87.05574037662336,20.313572538961036,-55.01104064285714,-113.4720624350649,97.67618493506491,-416.7960207792206
3148,3148,that's,1010.562,1010.782,0.869,19.08936554857143,6.0273790457142855,14.15868757757143,2.051604989714285,15.856062885714287,599.7998300000002,-44.6528156610644,-4.008732175070026,-17.63067928739495,33.500862328851525,3.809112857142858,-427.2225238095236
3149,3149,him,1010.802,1010.942,0.829,16.2375184375,8.1815437875,6.907569287499999,12.162762687499999,23.76191625,605.5563999999999,288.95556398809515,33.23956053571427,-17.602724583333327,44.12667827380951,215.7479702380952,1386.4520833333333
3150,3150,explaining,1011.002,1011.583,0.906,12.592155834375,9.412536727812501,25.709442775,6.903509753187501,16.998027156250004,611.1658534375,27.050673468658363,-21.423113936308656,63.78953355021996,-19.141642707606316,44.01757247983873,-794.8280611253667
3151,3151,it.,1011.643,1011.703,0.87,16.7681855,-1.0106183333333334,23.788238500000002,10.4352064,15.505651833333333,397.31165166666665,-74.34686428571429,140.28806571428575,88.75125857142861,112.65020628571429,-395.0831214285714,983.3900714285713
3152,3152,He,1012.423,1012.543,0.983,14.136366042857142,11.382242405238093,22.552578692857146,14.235012285714287,11.816070190476191,774.9786933333334,16.129933741187905,-13.533206552710476,8.917227417146096,22.27775767190665,42.303335094400765,76.70886978364804
3153,3153,bragged,1012.583,1012.864,0.927,26.735254375000004,-5.2401278975,20.319865425,22.970016556250002,24.471167875,762.915743125,3.926828676470585,-48.709475944117635,43.788971308823506,27.152169610294116,39.55100676470588,-330.8708522058824
3154,3154,about,1012.904,1013.104,0.81,25.70364508333333,0.4886532750000005,6.538869639166669,20.720576516666664,25.458890333333333,646.7607533333334,-35.015861013986004,-8.88076396853147,-123.2824328374126,34.47323185314685,-11.918182167832155,605.1510909090911
3155,3155,how,1013.144,1013.264,0.911,28.43486825,-1.9450664875,0.6658011625000002,29.842831625000002,24.073636625,806.53957875,117.6423904761905,-41.286632202380936,218.94236910714284,-52.14412083333332,-30.637160119047618,1823.5756369047617
3156,3156,great,1013.324,1013.544,0.885,30.735233214285717,1.333252457142857,26.726083842857147,30.340578850000004,22.274182571428575,988.2458128571428,-60.540698791208776,-45.40977632967033,205.9592461472527,59.34363838461539,37.22693560439561,58.49055164835152
3157,3157,the,1013.564,1013.684,0.373,11.18003144285714,8.812633871428572,36.10230657142857,28.274819142857147,13.906594714285715,794.5355542857144,-324.9895942857143,92.6040894642857,-56.9427267857143,-34.23816249999999,-265.1950660714286,7632.576339285714
3158,3158,shaped,1013.724,1013.964,0.916,8.23845255,3.086115520714286,32.51274807142857,17.23376329642857,13.671143357142856,824.2514628571429,241.43915620879116,27.026523856043948,79.9896921978022,125.20186004945053,32.55288208791209,1572.6622307692305
3159,3159,Donald,1013.984,1014.164,0.295,31.892235500000005,1.275037766,11.31379254,-2.05723115,21.1728349,722.010561,-4.270828181818161,145.31775613939388,110.17126563636361,17.51092936363636,-68.09301181818181,1588.6775000000002
3160,3160,Trump,1014.184,1014.425,0.653,23.49004533846154,4.2579256615384615,6.697655376923077,10.075171453846156,18.804413,799.0647015384616,213.23525057692305,134.4413261263736,-52.70787744505496,-36.16319057692308,98.09495686813187,189.55200000000005
3161,3161,was,1014.445,1014.585,0.679,20.09854565,18.004425587500002,16.1551409875,-1.3881025375,23.141338374999997,833.0404887499999,-370.6553959523809,222.4092805357143,108.00083767857141,220.24122541666662,-13.486889880952381,1858.1085654761903
3162,3162,in,1014.645,1014.725,0.864,22.358707857142857,10.782985485714287,23.894112285714282,22.640710428571428,22.969867,739.7810000000001,156.57827678571428,23.385939464285673,85.29642857142856,87.98413928571429,-13.438269642857119,450.1884999999987
3163,3163,a,1014.745,1014.765,0.104,32.216811,16.559731,26.7070275,32.612815,22.0792465,965.1958500000001,34.961400000000054,-4.757899999999889,154.4778499999999,59.81850000000006,-24.40664999999987,-295.99499999999904
3164,3164,different,1014.825,1015.085,0.965,30.351909106249998,6.15589008125,17.6323460875,16.2845473875,20.1767355625,914.111366875,20.473522727941162,49.95513084558823,-90.95610913235292,-16.30426607352941,-9.252438308823526,647.8261874999996
3165,3165,portion,1015.125,1015.405,0.856,19.51836894625,9.8403414625,13.88658976875,7.398024625,14.029583875,839.2300925000001,-58.49398509558821,-81.50711042647058,75.42919437499998,125.0753107352941,22.940606470588236,204.63575294117612
3166,3166,of,1015.425,1015.465,0.974,30.79532233333333,2.18052586,20.72246733333333,15.115125999999998,23.574226666666664,925.8038666666666,-61.99717500000001,441.0686249999998,25.82274999999993,301.3758249999998,-2.492249999999972,6151.5899999999965
3167,3167,that,1015.505,1015.605,0.881,29.097440142857142,-3.1904380999999993,5.926056271428572,13.791206042857143,19.018328999999998,509.8824071428571,85.89218928571424,-7.909673928571441,99.08750232142856,66.65980964285713,-133.45249107142857,-1148.3419642857145
3168,3168,press,1015.645,1015.886,0.885,15.701318724999998,6.702121795714286,5.027800828571429,14.304574599999997,10.705063285714287,721.8590985714285,-164.78222220329664,58.219774828571424,10.67200446153846,-52.800665758241735,-34.42024131868132,-258.8338351648355
3169,3169,"conference,",1015.906,1016.226,0.617,24.005558864705883,3.9091188541176467,13.291559317647057,10.928792811764707,19.558728529411763,851.1750235294119,-34.91951286764705,92.58848737009804,110.2268707352941,-34.562797242647065,-42.42760686274509,1918.474449754902
3170,3170,but,1016.246,1016.346,0.918,18.030665,7.803369,22.69823091666667,12.791091960000001,12.119756333333333,971.7555266666665,204.8131257142857,-280.54713285714286,-24.851433571428522,441.9403446285715,309.0941571428571,2994.9825142857144
3171,3171,he,1016.366,1016.426,0.936,17.8934495,7.9060766000000005,37.3928675,41.68374375,23.303099500000002,1063.9024875,140.41156000000004,69.00556400000004,-304.7417700000001,-28.584884999999964,-7.212680000000005,2557.611750000002
3172,3172,looked,1016.446,1016.606,0.947,16.702068622222225,10.037083033333333,22.465838944444446,-0.20529647777777807,18.01260633333333,965.0238055555557,-80.36827766666669,4.811019500000007,-119.93610500000004,28.35603275000001,-123.42666000000003,118.4320666666665
3173,3173,like,1016.626,1016.746,0.751,24.351403714285716,4.362074114285714,13.77791762857143,26.60295937142857,25.486085857142857,754.0349800000001,20.49067142857142,18.421075357142847,273.3529089285714,456.7031514285715,-24.899217857142848,7664.65057142857
3174,3174,a,1016.786,1016.826,0.503,12.446998749999999,16.850053175,21.9799275,33.0471465,11.8755865,800.47715,-499.1493250000002,469.8194695000002,199.6137000000001,-553.5420100000001,-477.09783000000016,7052.715000000002
3175,3175,sweaty,1016.906,1017.247,0.898,7.334112495238095,7.842346127142856,23.211231685714285,10.461972814285716,15.290865857142856,874.7787704761904,154.6967812207792,-51.062904225324665,90.31366768181819,148.70187024025972,78.97036025974025,199.72707272727283
3176,3176,mess.,1017.287,1017.547,0.664,14.491418046666668,6.350119826666668,12.830915335333334,17.405464100000003,12.518897533333332,630.8885793333334,-164.95658914285713,110.96856,-102.50791977142856,-58.467687946428555,-88.56037607142856,200.25217142857153
3177,3177,He,1017.667,1017.767,0.986,-10.663297790909091,14.991283227272726,22.357816427272727,-5.52367649090909,15.622316,1010.4683127272727,162.08531045454546,-185.33216418181826,134.89159463636366,-155.81998181818184,196.00314318181825,673.3993818181818
3178,3178,seemed,1017.807,1018.047,0.811,7.080738642857142,4.030679907142856,6.501663358571429,4.662602021428573,26.766188142857143,1065.6397285714286,191.28583637362635,-145.0666548021978,55.11506709230769,-189.26883324175822,110.02937802197803,-535.4341758241758
3179,3179,way,1018.167,1018.367,0.614,25.74152815,-1.4731788249999997,22.611749431249997,-23.55538413125,35.026065625,930.000621875,-79.21821664705882,-109.84758401470586,101.35497783088236,-41.021655154411754,55.16408602941175,123.68397426470558
3180,3180,more,1018.407,1018.547,0.764,28.68569511111111,-0.7670027777777776,5.426482744444444,-21.408146833333337,34.303424666666665,894.3278944444444,17.846087499999985,-110.78862158333337,-33.031813000000014,283.71334416666673,-144.01368833333333,-994.3116666666662
3181,3181,defensive,1018.587,1019.068,0.945,11.958891341923078,11.210939319230768,15.657276253846154,7.046059765384616,20.92872076923077,582.3958938461539,19.64914108085469,-3.490621912820512,17.148995295726486,-9.68296722222222,26.00117415384615,-215.56265333333326
3182,3182,in,1019.148,1019.248,0.403,34.04364622222223,12.121800522222221,31.809580333333333,9.520556066666666,30.091973222222222,701.3951466666666,94.13194000000001,121.03861033333335,-9.444377499999998,116.43181183333336,21.510270833333326,3779.1680666666675
3183,3183,that,1019.348,1019.608,0.962,19.486685153333333,-5.598533555555555,15.153965688888889,12.2350305,18.08923761111111,718.6423405555556,-95.5649329659443,-84.18565039215686,-31.636561413828698,-31.52680738906089,-129.79155227038186,-683.9305577915378
3184,3184,clip.,1019.668,1020.129,0.707,16.632328711538467,8.800441798461538,-3.5251612923076925,-12.982228138461538,14.102708,744.7569626923076,3.347872435897435,41.54097851692306,-42.86168749538461,-132.29747782905974,94.73262690598285,-349.17676290598286
3185,3185,He,1020.249,1020.389,0.864,4.342225853846153,18.350341253846157,24.30775895846154,12.194260384615385,22.297753999999998,950.0900223076923,-46.75369884615383,-48.13075225274726,146.20566809340656,225.28694340659334,123.67147664835166,2493.5651401098894
3186,3186,"did,",1020.409,1020.669,0.781,9.440068440000001,-1.5332926357142855,8.198062227571429,9.582634137857141,26.351578928571428,800.7341464285713,-40.30955294065933,23.49644192307692,78.6544119567033,42.88231642527473,-155.8365324175824,2499.39924065934
3187,3187,and,1020.769,1020.849,0.778,10.838139333333332,-9.631369266666667,22.9164745,27.385068555555556,17.241873444444444,1105.9104444444445,91.83946875000001,95.83156566666669,-77.20000583333335,-14.193774166666659,260.5436341666667,-2678.3678333333337
3188,3188,I'll,1020.869,1020.989,0.945,15.246191785714286,4.8858558785714274,5.152413771428572,-17.008008471428575,22.379994000000003,496.63876857142856,83.92588125,252.80605508928573,110.59651749999998,179.42595160714276,-283.59716607142855,3977.867446428572
3189,3189,tell,1021.009,1021.149,0.863,5.181275425000001,7.146015199999999,-1.7867690375,1.2557349000000002,25.9197495,936.730225,121.21855345238092,-295.9176621428571,-18.713533749999993,-152.35574214285708,248.25319523809517,1170.1933333333334
3190,3190,you,1021.169,1021.249,0.852,13.881801920000001,4.9232388,8.563650039999999,12.663157940000001,32.0191732,947.6508,289.3983470000001,50.012078500000015,-184.48767300000003,-262.40973800000006,-13.296679999999967,-3678.5600000000004
3191,3191,what.,1021.269,1021.77,0.39,11.398830865692307,-14.182620496153845,18.06635175769231,-18.63486515,27.20697434615385,587.0946292307691,-34.1969342834188,-6.142490230769235,76.07544596068374,1.0356152769230726,1.7320475042735048,325.90226837606826
3192,3192,I,1021.85,1021.95,0.707,4.657977555555555,-25.618705348888888,11.666110288888888,-32.770271,44.125655333333334,727.4258322222222,78.96691458333335,-88.56106203333334,68.52313699999999,-106.57656916666667,-17.37229083333332,-4156.108725000001
3193,3193,didn't,1021.97,1022.55,0.45,14.091770706666667,-28.041230616666663,12.864993226666668,-22.682298653333337,40.73393156666666,802.9700003333332,5.237396896551724,-7.065846557285873,12.728342540600677,12.084755830923253,-11.90478045606229,-115.68033737486097
3194,3194,order,1022.61,1022.81,0.546,15.549184107692309,-21.808300746153847,-13.1299004,-25.96712936923077,44.527189461538455,855.7783230769229,47.729732582417576,55.68696697802198,-143.70374230769227,191.2603560989011,-17.314740934065934,-1583.1086538461536
3195,3195,a,1022.83,1022.85,0.668,24.796021500000002,2.574383965,-5.690994095000001,-11.437512,18.738056,727.701375,-141.89905000000007,353.8619034999998,559.3527904999997,212.32829999999996,-1873.8055999999992,12921.537499999993
3196,3196,cognitive,1022.91,1023.251,0.781,18.77024232857143,-6.961345776190476,14.241991838095238,-7.917394471428571,26.211837285714285,650.5494695238095,-8.8506698961039,20.93637912337663,115.94246046753243,22.095600318181823,-40.23218025974027,-722.7415272727272
3197,3197,test.,1023.291,1023.531,0.761,10.010223554285716,9.069371135714286,1.2309366,-4.211540335714285,17.501043785714284,530.8698378571429,-45.934877718681314,139.06191515384617,-71.98527472527472,96.25478245054943,-194.28787285714287,-113.60938791208784
3198,3198,I,1023.591,1023.911,0.668,18.668015736842108,-29.468191157894736,-1.3502170263157895,-24.46264621052632,41.18511705263158,733.9527784210527,18.242565701754394,23.48205622807018,-47.82539992982457,34.987734824561414,39.030085,643.4154377192981
3199,3199,don't,1024.051,1024.191,0.151,16.5483505,-22.62667103571429,25.028297357142854,-30.481411778571424,35.23776257142857,492.95885928571437,-17.293869340659338,141.29934638461538,133.94036318681316,58.316603329670315,-80.87373560439559,-1527.5377901098898
3200,3200,think,1024.211,1024.331,0.822,5.809211071428571,3.8720775,40.81621428571429,-24.46007421428572,40.90633842857143,980.5003228571429,72.92862910714285,148.26192678571425,82.0741642857143,-51.998604464285734,-7.64863035714285,745.8195357142856
3201,3201,he,1024.351,1024.411,0.697,10.420555550000001,-6.909443925,50.713786250000005,-27.237126999999997,40.930451250000004,792.0115999999999,-41.39225700000001,90.32272450000004,-188.9526850000001,107.6840500000001,49.048605,-20888.137600000005
3202,3202,did,1024.431,1024.632,0.835,13.953840927272728,-27.644625818181815,41.16046554545455,-32.23969436363637,41.9099009090909,914.7540481818181,135.98984950000005,7.7385854545454595,-10.576799090909075,223.85974909090913,-57.77344818181821,1944.9171272727274
3203,3203,it.,1024.692,1024.732,0.89,24.418922,-14.909793959999998,33.2830486,-19.108204939999997,6.833938600000001,387.642706,37.92820000000001,311.82544200000007,-29.67608500000002,311.51213800000005,-341.6969300000001,1365.0419500000007
3204,3204,All,1025.812,1025.913,0.893,20.28890428067797,-1.8135103313559322,12.66581981583051,0.9933068386440679,18.54631611864407,561.2385752542372,-4.443844928345998,-8.166245949152547,-38.78392988009353,4.101686218790183,5.133022612507309,-48.23049953243715
3205,3205,"right,",1025.933,1026.193,0.93,21.77542657142857,-14.873128280714285,32.90592402142857,-17.447268535714286,23.65287842857143,478.68111214285716,19.66520703296703,189.45160833296703,191.99797194505493,104.19853906593404,-194.57705956043955,1087.6397747252745
3206,3206,okay.,1026.273,1026.573,0.527,16.745439715789473,-8.377803026315789,27.685934947368423,0.933383863157895,5.9610608421052635,745.7023784210527,-26.792387754385974,-0.14522573684210452,39.05848789473685,-10.676476280701756,-69.5555721052632,-757.0747763157897
3207,3207,"Okay,",1026.733,1026.973,0.547,20.405937169999994,5.764770543,16.146494305,17.439082665,17.59146425,732.3522395,18.075519962406016,17.738214508270676,35.70358827443609,116.4740810488722,46.498226203007526,228.87893120300768
3208,3208,but,1026.993,1027.133,0.481,16.7399066,6.1033984575,15.569316,20.595560125,17.511774250000002,933.2904187500001,-256.8486654761904,60.17753353571429,154.77549976190474,-38.847918452380945,-257.5689761904761,744.0081249999997
3209,3209,"guys,",1027.153,1027.454,0.39,9.0361027875,10.184748558375,12.181092695624999,23.594952031250003,17.4937863125,631.436244375,-44.261479235294104,154.51729768529407,36.02267852132351,84.04858893382351,-88.58645066176469,2450.566087499999
3210,3210,within,1027.574,1027.874,0.856,19.79994257142857,13.486569028571429,12.050520005095237,22.115678714285714,22.763840571428574,856.9434595238096,-3.3819762337662302,-17.053972311688316,-25.247593219805193,8.210243571428565,60.57622610389609,-610.5080357142857
3211,3211,that,1027.914,1028.074,0.876,21.228257000000003,-0.3276094599999994,-0.24721749000000007,9.95384563,26.568050300000003,526.5249389999999,-27.471696969696943,-0.33214678787878205,-11.842939727272727,11.690038696969696,-169.90795424242418,-2962.752257575757
3212,3212,cognitive,1028.154,1028.615,0.484,23.83936564444445,1.1217492592592595,3.0253624488888895,18.6032829,19.191607,582.2177370370371,29.472608467643475,47.63475264957267,47.316538799755804,55.896722860195375,17.21605094627595,888.5499877899879
3213,3213,test,1028.675,1028.955,0.84,6.8828683235294115,10.396532748823532,-1.302458939235294,11.967891705882352,8.575479941176471,640.827854117647,-47.80189553921568,65.34776241421567,18.1194075370098,-28.995855024509805,-18.24035232843137,972.4361482843135
3214,3214,"conversation,",1029.015,1029.555,0.948,16.630544370000003,7.729435025000001,15.458589598666666,9.164164681666666,15.858276133333334,762.612181,-46.643061493882094,32.408317602335934,96.74933127163516,2.9170611329254723,-10.473229032258068,581.2523967741936
3215,3215,the,1029.595,1029.675,0.976,38.44857733333334,3.590882066666667,19.6956427,6.083861483333332,23.94179166666667,844.69479,170.16606857142853,32.5096502857143,-385.0392362857143,-76.84321871428571,1.2175199999999935,3274.4877428571435
3216,3216,reason,1029.735,1029.976,0.887,19.099089006666667,13.910675846666665,14.375683086666667,15.986025373333332,25.424017199999998,815.0238333333333,-142.35037612499997,26.442652178571425,11.673844017857142,1.2616213750000067,2.7802989285714363,-2672.9568035714283
3217,3217,he's,1030.016,1030.136,0.797,13.816433375,23.277139,27.50605075,15.6492893125,26.449776500000002,575.23356875,-122.65907999999997,135.41173809523804,86.92285238095235,48.77710029761904,-149.2174785714286,3836.409113095238
3218,3218,being,1030.176,1030.316,0.974,25.798441333333333,13.512807844444445,28.724782999999995,21.824979777777777,23.678557555555557,794.5138088888889,72.84023250000001,63.28007566666668,34.67684250000001,64.36630916666668,70.24089916666668,-3464.198158333334
3219,3219,defensive,1030.356,1030.736,0.914,19.319997834000002,16.262243091619048,15.424865078095237,12.30347235238095,22.175030952380954,781.6108495238096,-17.423036076623376,92.91610940155843,4.294677353246757,-87.12694355194805,12.275564935064937,-297.4034987012987
3220,3220,about,1030.756,1030.936,0.852,36.260767200000004,5.452377399,1.9040166000000007,6.77204041,23.8619266,607.601367,30.25984666666664,-151.71651912424238,-127.7020581818181,64.02040190909091,-4.558331515151515,-1460.741378787878
3221,3221,it,1030.956,1030.996,0.296,32.16811366666666,0.0652225233333333,24.99165066666667,33.477258,23.878284333333337,341.21944666666667,-263.68647499999986,42.14740074999999,304.72669999999994,-186.58007499999994,8.91874999999995,-146.2879999999998
3222,3222,is,1031.056,1031.157,0.562,14.607018137499999,21.793145000000003,31.432278750000002,19.00936325,23.998447625,810.8380874999999,-137.51393517857142,138.2311095238095,11.6590488095238,25.4497011904762,-5.189963690476192,5845.733654761903
3223,3223,really,1031.377,1031.677,0.818,22.76124300384615,17.97714111538462,10.533771280769232,9.805922822692308,31.8923,816.3149342307693,-72.20832971794867,-52.540792188034175,3.7459309863247845,12.495965462735034,22.161701435897427,-93.1326972649572
3224,3224,interesting.,1031.737,1032.197,0.883,7.7249609615384625,12.578349229538462,24.099621115384615,24.10446523076923,13.215289038461538,820.8913296153847,23.56383902564102,15.770150164991447,28.83516005128204,-0.8026650598290583,-51.287173213675196,-74.3483964102563
3225,3225,Because,1032.658,1032.898,0.855,9.403500789714286,0.5776068827428574,21.641964542857146,21.072193534285713,8.782685142857142,838.4678468571428,13.638014234593832,41.300169132492975,-8.691177843137249,29.71672819047618,43.32573502801118,434.0934731092435
3226,3226,that's,1032.938,1033.158,0.881,10.39842862307692,8.196332783076922,3.6265589384615384,14.551374353846153,16.739812461538463,704.3704161538461,-104.93370236263736,64.89312754945055,-55.31636667582418,-6.155679203296694,-115.75688791208793,-444.8292417582416
3227,3227,the,1033.198,1033.298,0.855,13.110693571428572,13.555568371428572,2.2764192571428565,20.109319,15.308416000000003,586.11345,109.02016785714288,-11.1428867857143,200.11514107142858,36.37948214285714,-383.7968607142857,2780.4088392857143
3228,3228,famous,1033.338,1033.679,0.877,11.37545063157895,12.065396647368422,14.589605774621054,12.06787687894737,19.076846421052636,653.0142989473685,-65.42186377192984,80.20454188596491,-12.661517705245618,31.649970456140352,-64.61359736842107,918.9214500000003
3229,3229,test,1033.739,1034.059,0.756,9.298543189473683,10.558022215789475,-3.2286312894736846,8.289595903052632,13.640754368421051,607.348992105263,-25.282686236842103,80.58142214912282,43.973613859649134,-13.750058985614041,-5.4322003508771965,732.5631824561406
3230,3230,where,1034.099,1034.219,0.319,26.744516824999998,11.60674245625,9.898783649999999,7.214034637500001,23.535995125,787.98048625,338.37660892857133,-67.59802217261905,39.44922309523808,122.85500541666666,89.55069583333331,-2086.6457797619046
3231,3231,Donald,1034.239,1034.479,0.584,25.931361176923076,5.547288215384616,12.672352830769231,-11.162416900000002,22.08069253846154,640.4050923076923,-82.97115362637363,119.1747197527473,18.09608873626374,-27.03589464285713,-76.7792368131868,2200.626736263736
3232,3232,Trump,1034.499,1034.759,0.726,7.180994457142857,13.493256299999999,15.639119982142857,3.0604903999999995,13.024592071428572,870.6642221428573,-45.627896505494505,122.93253545054944,97.67964177472525,-21.89158002197802,-21.71534648351648,871.4731021978018
3233,3233,"said,",1034.779,1034.939,0.931,15.038812,5.854826522222223,20.812150555555554,15.058236666666668,16.29599233333333,721.3139988888889,252.0658983333334,-40.76469275000001,118.85356083333335,221.5502283333333,50.29717666666668,1369.1750583333337
3234,3234,"man,",1035.26,1035.54,0.65,14.508035043333331,1.11975724,17.03651049333333,19.858115150000003,20.806613400000003,841.6161019999998,20.5917997163515,0.24981633815350546,-15.129458240266965,-4.796408403781978,81.07498943270299,-72.67688476084531
3235,3235,"woman,",1035.6,1035.94,0.712,18.773015249999997,9.845945095000001,10.878036172999998,16.057708899999998,33.6695308,1029.9591549999998,-0.2280398120300754,-48.225589484962406,78.30591498872182,73.26408969924812,-11.232188947368423,1042.5942646616543
3236,3236,TV,1036.02,1036.381,0.735,8.713615799545453,6.424656686363636,33.09397536363636,24.351069427272726,21.454990954545455,1028.2191427272728,13.289391927442123,-0.5521541925465817,49.71756284584981,20.66361645962733,52.39464745906267,-537.3734680971204
3237,3237,camera,1036.421,1036.801,0.675,17.11727685238095,0.46897583000000004,10.635998176190478,16.941403876190478,23.86841276190476,902.4234157142857,99.08687507792207,-2.716721045454545,-53.768038584415585,43.77490749350649,-34.303837987013,736.9352279220777
3238,3238,"person,",1036.841,1037.321,0.85,9.18182748076923,9.101267138076922,10.679977353846152,22.505444846153843,17.58123057692308,1016.9989653846155,-10.182084999999997,13.081514251794868,67.52388647179485,2.0738872820512824,-7.625212495726491,-327.078422222222
3239,3239,I've,1037.742,1038.242,0.783,11.108423488260868,-0.6393088117391306,7.704320563478261,21.17246676978261,19.404563260869562,854.8331234782609,15.893526114153559,7.650413447733579,1.4520083700277537,-8.871182374868946,43.90268064754856,427.3134244835029
3240,3240,passed,1038.522,1038.863,0.686,8.790962545161289,7.47296391,9.07990389548387,20.952174424193547,17.198547193548386,1009.1090287096774,-34.014581116935474,2.1166855780241924,-52.76751508508064,-14.626643658266127,-0.049715342741933115,11.906084475806443
3241,3241,it,1038.923,1039.003,0.229,13.38600612857143,-3.9265602142857143,10.598530828571429,24.088055857142855,36.112685857142864,844.3673657142857,118.39792553571428,-164.2301014285714,125.31771267857141,34.39871785714287,-16.20092500000003,6770.925857142856
3242,3242,in,1039.043,1039.123,0.747,15.317621,6.230820516666667,25.294882833333332,23.065777,22.74010033333333,1113.6849833333333,-87.07873428571425,319.894063,0.7748585714285783,-34.44881142857143,-397.8018828571429,-1412.0087142857146
3243,3243,flying,1039.203,1039.523,0.586,9.033489745,5.8900236900000005,5.852685654999999,5.860752509999999,23.8595303,788.5877424999999,59.21358158270677,-46.74250369924812,55.45460828947369,34.934846285714286,12.261635789473685,-635.8993665413535
3244,3244,colors.,1039.543,1039.903,0.728,7.348396734210526,3.514639555263158,6.489477965789473,5.842099236842105,23.853113315789475,861.5572305263158,-63.16761926315792,89.74726517543863,86.54171254385966,60.95379192982456,-40.09563789473685,1767.5481526315793
3245,3245,So,1040.184,1040.364,0.882,-6.060850088404348,8.46745839826087,13.8791368,4.361239355217392,9.870722869565217,887.4568817391302,6.693153222317194,-0.6628374328063245,-18.207433868577073,-24.31526873913043,61.464966304347804,563.4815770750987
3246,3246,"smart,",1040.404,1040.824,0.721,7.078093813043479,5.38449148347826,0.54295099173913,3.0835528913043477,28.56282904347826,933.8485108695652,75.7722923023715,-40.19193050592884,-51.36462599901184,57.278655172924886,12.396869664031618,-213.30798913043475
3247,3247,very,1041.144,1041.425,0.756,11.806069513333336,6.9537345051,15.945277641699997,30.489068999999997,16.528161,1041.1052599999998,-33.27958898553949,17.90819480681869,-17.804200871423795,-1.5466065628476116,57.533419399332594,645.2045672969966
3248,3248,stable,1041.445,1041.785,0.919,5.5882779988888895,7.605649101666667,18.254225961111114,9.972125861111111,28.13744033333333,864.7424800000001,101.65560913209495,-6.642422557791526,17.861575423116623,-58.06170229618163,44.08400103199174,285.2974643962849
3249,3249,"genius,",1041.825,1042.205,0.788,-2.256806856190476,9.37559955047619,31.822062666666667,10.972893176190476,25.544208999999995,945.4683204761905,3.8230004818181786,34.53536776623376,-35.98413993506493,20.61377888311688,-72.90814850649352,-565.1713740259738
3250,3250,hi,1042.505,1042.766,0.859,6.849079435357142,2.185512458017857,1.2387387725,6.711697875,16.001798535714286,800.5336253571429,28.674280711959497,-3.9176542240626695,-29.317400005062947,-29.837279407498627,92.02075723864259,-424.891225643131
3251,3251,IQ.,1042.866,1043.566,0.808,8.411650502499999,4.671123647250001,17.0617860225,16.8339774775,26.617451974999994,874.1315885,5.921816946060039,9.135422023780485,-18.681886921669793,6.017557284709192,16.48016585834897,759.5239753283303
3252,3252,It,1044.607,1044.667,0.973,16.388934758181822,0.972304726909091,16.59095177927273,15.75195154181818,4.276622218181818,789.7308736363638,3.060118500000001,20.277404195707078,-1.1679928316738815,10.04240655699856,-7.462631093073597,191.48479945887453
3253,3253,was,1044.707,1044.867,0.689,18.40270697,20.284478049999997,14.223056589999999,4.6061453,15.555893900000001,890.2244219999999,-249.55505227272718,143.10367560606056,116.74070457575755,63.560368303030295,58.73697787878785,-215.07803636363622
3254,3254,a,1044.927,1044.947,0.979,20.287893999999998,2.8537482499999998,34.086361,5.1597067,24.044911,588.8651425,81.14409,284.40003500000006,262.5906700000002,162.95339800000005,-59.17566000000001,15174.251150000006
3255,3255,dementia,1044.987,1045.408,0.755,19.994557391304348,5.632814071739131,24.755554004347825,12.73191817826087,15.927387608695653,597.3178139130433,-22.47512821146244,-2.3393224293478236,-10.78530777173912,2.01440311758893,-29.11504006916995,1055.419120059288
3256,3256,test.,1045.448,1045.648,0.868,20.9539018,2.5773401333333332,2.903408158333333,14.549887833333331,0.0,543.1243324999999,-146.19213615384615,10.631228181818177,-92.39636515734266,-66.93984461538459,0.0,-164.33369405594397
3257,3257,I,1047.358,1047.438,0.997,15.418339176666667,14.123301424444442,12.057509185888888,17.201358774444444,4.556398077777778,839.6208834444444,2.308143215582171,-11.632754544182406,-0.37216420025929103,-5.025291215170596,4.561818126106102,-126.47049323373251
3258,3258,literally,1047.558,1047.958,0.966,16.472320707692305,13.078956280769232,9.051584705384615,8.971671930769231,31.398482076923077,867.3000207692307,-26.471433586324775,-36.17058030256409,17.665629082735034,-11.942136936752137,12.385767555555551,-576.217624273504
3259,3259,went,1048.058,1048.239,0.767,28.819385285714286,11.515288785714286,8.034279371428571,13.225477255714285,27.832498214285714,629.3562814285714,19.27185164835164,-67.76638567032965,27.248460351648347,48.865815470329665,-50.9349045054945,-471.39144835164825
3260,3260,to,1048.279,1048.359,0.663,21.64055673333333,23.787733333333335,10.712082050000001,21.927884666666667,26.287689999999998,514.1809266666667,185.94856685714285,101.77504571428572,-21.78568614285712,41.493934285714296,215.6693257142857,2859.983714285715
3261,3261,the,1048.379,1048.459,0.791,25.411879199999998,7.254338219999999,13.460601659999998,14.756805600000002,30.848663800000004,798.3819420000001,73.18352999999999,65.75343249999999,274.0180635,-36.15443500000003,-26.235325,1979.1639000000007
3262,3262,doctor,1048.499,1048.819,0.871,24.516940777777776,5.7862669433333345,2.477919833333333,12.020944974999999,25.070578833333332,603.3241055555557,-5.932731578947363,11.085533594427252,90.01101433436534,101.2020430159959,-16.36466166150671,-323.0028080495356
3263,3263,yesterday,1048.859,1049.399,0.825,12.638439313793105,10.092064937241382,20.291745006896548,11.179248119655172,19.971922206896547,700.0453417241379,45.08376961576354,-20.41822578374384,30.140293108374383,16.49693908940887,-3.9593061330049237,-229.71444901477832
3264,3264,with,1049.539,1049.699,0.864,24.8567191,15.547404866666666,20.2704512,10.780157691333333,9.6585998,791.7711106666667,-116.94935035714283,77.45425348214286,-64.32326392857142,-110.98808388392855,-12.85027517857143,1504.0301607142853
3265,3265,someone,1049.72,1050.0,0.817,25.394183666666663,8.522892313333333,3.0454120000000007,-5.606738692666666,23.559781066666666,761.1467666666666,187.3835982142857,-105.61408667857141,-60.87331558928571,25.857827755357143,69.91844285714285,-319.5017642857143
3266,3266,I,1050.04,1050.12,0.748,26.6477505,1.1254569833333334,8.931667071666666,23.942600083333332,23.70372433333333,620.1385816666667,-116.31150714285715,268.3343975714286,487.7758393857144,376.9737792857144,-205.87983142857144,6488.367185714286
3267,3267,care,1050.42,1050.64,0.724,25.38082144615385,9.870291342307691,18.951037423076922,23.542467519230772,11.553755500000001,811.6466465384615,-0.2871026119658158,-4.0684490888888885,0.45630774358974374,-2.455363017094019,68.88962459829058,485.74340188034176
3268,3268,deeply,1050.68,1051.0,0.874,19.530096361111113,13.685227455555555,39.136204222222226,15.394201533333334,20.513211000000002,655.2267005555556,5.382722574819408,-16.451022652218782,-44.304462332301355,-66.06568037151703,-23.194048710010332,525.2900490196079
3269,3269,"for,",1051.08,1051.381,0.78,20.900179910526315,26.131898368421055,5.764027173684211,0.7404219105263158,17.848156684210526,786.69359,128.4885788508772,-15.781659385964913,-93.91893970175441,-156.7362250789474,69.11911491228072,-1145.1695271929827
3270,3270,and,1051.561,1051.661,0.691,27.227388785714282,6.453154971428572,3.0639344857142854,13.88360857142857,13.9395115,591.5855985714287,-39.04984604395604,-81.34507312087912,159.56180470329667,-3.1920788351648337,31.748183626373617,-1296.2089934065932
3271,3271,I,1051.681,1051.721,0.553,25.869612,-6.1781517333333325,4.416262433333333,-0.05274540999999999,23.841347333333335,532.5411166666667,105.17679999999987,380.76231249999984,-260.54905499999984,-283.40445749999986,6.729699999999991,7502.5049999999965
3272,3272,was,1051.781,1051.901,0.717,11.03794575111111,25.598433266666664,21.33592937777778,0.10752563333333301,21.49824288888889,939.9518644444444,-332.26931853333343,281.271768,131.32349200000004,143.57227075000003,-53.42188583333336,1160.5347666666669
3273,3273,in,1051.941,1052.001,0.804,27.2810678,9.38399874,18.463076800000003,6.014513758,28.515822800000002,640.281228,173.70435000000006,-69.03617580000004,124.586945,113.33993500000004,29.226454999999987,-1792.4313500000007
3274,3274,the,1052.041,1052.141,0.809,33.089456142857145,2.463153928571429,7.155206214285714,-0.5878428142857145,30.22227914285714,759.0703728571428,145.3904142857143,-47.88470660714286,-167.05166517857143,67.73100374999997,-17.790099999999995,5250.312464285714
3275,3275,room.,1052.181,1052.501,0.793,37.883448666666666,10.342991756666667,5.25939799,-10.213548572777778,27.03817105555556,815.5613077777779,-45.49748699690402,77.58523807739938,154.73749043653254,-22.587541950980384,-38.588220381836955,874.1106893704851
3276,3276,They,1053.102,1053.242,0.908,20.728372127027026,18.70065077027027,17.619205797297298,24.72938383783784,7.139557108108108,889.7901940540542,-31.669863016832622,-18.493703739924136,12.773426066856336,8.737309222380274,3.296402904220012,-259.5217113560931
3277,3277,did,1053.282,1053.402,0.935,17.460946625,2.3586976749999993,35.010847625,25.9058835,23.521163,845.19522375,13.514602976190476,-232.709576547619,-68.34315297619048,-157.69428095238092,110.07297976190473,916.0618630952384
3278,3278,a,1053.442,1053.482,0.366,24.909150999999998,-1.90683375,41.86603075,20.394786,27.551339999999996,1014.0231749999998,137.18349000000006,244.6415330000001,233.06124500000007,29.82115,21.088180000000005,-4852.692500000001
3279,3279,dementia,1053.502,1053.922,0.619,11.750957218181817,5.907304695454545,17.03156893181818,12.728444518181815,22.118538863636367,779.9212913636364,-32.98161236589498,21.257081606437048,64.29809824675326,3.6344883399209476,-45.255596245059294,416.6475762281199
3280,3280,test.,1053.962,1054.282,0.919,8.977643749999999,12.326703661111111,7.728582055555555,11.772266044444445,10.485773166666666,652.8198783333332,-92.23444479360168,87.50961577399383,-0.18304200206398075,-34.27176871001031,-32.58672027863777,1002.5870562435501
3281,3281,They,1054.723,1054.863,0.842,20.076769362068966,17.273758979310347,16.57529262068966,20.45081668965517,8.021290517241379,832.1580155172413,63.549868177339874,-65.76071784482757,41.80983001477832,2.0454057881773395,33.576817216748765,-1268.7305837438423
3282,3282,asked,1054.923,1055.083,0.82,11.294344454545454,5.440976063636364,15.738055690909091,7.335291536363636,15.761117363636366,609.8801990909092,-232.21122909090917,210.94005759090916,16.06243686363638,22.290626363636374,-156.1227531818182,3451.0889454545463
3283,3283,you,1055.103,1055.203,0.784,11.968605333333334,3.4585442166666653,19.343082166666665,28.110903083333337,24.198202166666665,1036.307785,623.9981028571428,-246.37109471428565,-201.1829842857143,312.75623928571434,196.55511285714283,503.8649857142844
3284,3284,to,1055.223,1055.263,0.997,44.537623333333336,-4.2990007,-4.272882200000001,6.132991866666667,28.741074666666666,970.1330466666667,44.98774999999993,253.27626249999983,-251.55904749999985,-523.6301949999997,-0.9828000000000608,-344.6734999999987
3285,3285,remember,1055.303,1055.643,0.866,31.895922315789466,12.215166605263157,-3.411301610526315,10.654677694736842,26.243204736842102,806.991144736842,7.047260789473692,29.224898991228077,-37.35274652631579,25.474197657894738,-23.72415149122808,-40.660241228070134
3286,3286,five,1055.743,1056.043,0.766,16.394014505,14.256862845,1.0219099699999998,5.2140807250000005,19.82543085,722.5146560000001,72.23136394360904,-49.44351088721805,60.7361927518797,9.642667763157897,71.96348018796994,184.3462045112782
3287,3287,words.,1056.103,1056.464,0.8,29.86298252380952,17.92520638095238,3.9966392571428564,3.6720076761904763,22.117953904761904,821.4412247619048,-82.08673389610388,-15.661305454545458,34.50655997402597,49.849301357142856,-45.61976006493504,459.3721493506492
3288,3288,That's,1057.885,1058.105,0.612,14.883314870731704,21.00267287195122,20.697651280487808,21.93662042987805,5.608115743902439,1002.6738804878051,9.40669305993622,-2.6689248938844807,-7.625815009087839,18.551622450969184,-5.915290215060783,-107.06982033282176
3289,3289,the,1058.125,1058.185,0.156,9.4301475,7.7708638,11.4619185,26.702613749999998,30.13806625,782.41841,527.6017500000003,-319.2487480000001,507.3121300000001,41.59976500000004,-54.59161500000001,-704.7288000000016
3290,3290,exact,1058.225,1058.765,0.886,8.72421655862069,11.442890089655174,14.499491429999999,23.93635126896552,21.072666965517243,766.9499151724137,-11.066399386699501,-86.03977229802955,-52.23792381995073,-71.43764707142856,-29.54462238916256,-1005.1920561576353
3291,3291,"same,",1058.805,1059.025,0.53,10.006118853846154,13.382228828615386,18.463353392307695,16.37039133076923,22.413342923076925,476.02404846153854,308.78764994505497,16.137282376923075,126.49106274725273,54.47488401098902,109.39787637362639,-498.22038186813194
3292,3292,that's,1059.045,1059.265,0.841,11.340663291666667,2.526382583333333,3.7872281750000005,0.9629611333333328,17.734788416666664,555.626515,-254.84739309440553,203.91462010489502,26.896347639860135,-21.54624055944055,-179.7431708041958,2023.0578146853145
3293,3293,why,1059.325,1059.486,0.887,20.532339818181818,7.646350118181817,-4.5643795,-13.716970154545457,27.07462118181818,540.5103036363636,51.985500000000016,-169.8797605454546,-43.22115531818182,21.234797136363643,131.33645409090911,-669.4863818181818
3294,3294,Ronnie,1059.546,1059.806,0.717,23.784379474999998,10.1935198475,6.4141516562500005,2.38284649375,29.0644438125,633.6403131249999,-84.34760041176469,57.94648898823529,184.08639940441176,71.22804927205881,-36.54889301470587,-1305.408208088235
3295,3295,Jackson's,1059.826,1060.206,0.863,7.820032325,19.172419242000004,10.7212212655,17.521676669999998,18.14233385,659.0470585,3.679230958646617,103.77369904210528,-38.930141797368414,33.13450953383459,-29.93836003759398,-78.2130011278195
3296,3296,defensive.,1060.226,1060.726,0.894,15.549063615384616,12.01826870769231,8.418953701923076,12.262537644615387,18.06129726923077,697.520179230769,-11.198251890598284,26.60459879999999,19.376035098290586,10.899574935384608,-34.17403878632478,212.0878988034185
3297,3297,I,1060.986,1061.047,0.474,14.20526314375,-1.9156440843750002,0.5107278437499998,6.419089000625,8.720364625,690.31010375,-0.5770499338235328,-5.8109320625000045,-114.38271253676469,-77.48582768014705,123.6553389705882,-923.8296897058822
3298,3298,didn't,1061.067,1061.207,0.215,14.75229525,-3.33050978,1.6168461,27.521833,37.3559975,726.22480875,6.740686904761896,-22.925737214285714,-192.80220928571424,-88.92193571428572,8.054228571428583,-56.21920833333355
3299,3299,ask,1061.247,1061.327,0.553,6.387296500000001,-0.08284661666666615,-5.891920150000001,-3.7096620000000002,26.61219916666667,668.1379033333334,-39.73536857142859,352.2967832857143,223.38887242857146,283.4471028571429,-458.33479571428575,4851.641742857142
3300,3300,for,1061.347,1061.407,0.132,-5.0269917500000005,16.435371575,6.8658750500000005,7.56852075,20.9918015,1002.90155,301.4385350000001,-240.18079550000007,-211.60131700000008,-319.0713450000002,841.3276900000004,1635.731000000001
3301,3301,the,1061.447,1061.527,0.847,14.327988,5.300990266666667,-13.622219616666667,-1.0691579000000004,27.099465,747.12119,34.398648571428566,52.404432000000014,176.9017812857143,498.91743514285724,-481.3315285714287,666.6934571428575
3302,3302,cognitive,1061.567,1061.987,0.816,18.780525826086954,1.1841189608695653,8.511797759565217,22.033532895652176,25.044576521739135,855.4050573913045,23.752028359683784,1.7661011413043464,107.7454557460474,92.70480722332012,-35.30523478260868,1069.0662880434777
3303,3303,test.,1062.007,1062.287,0.939,6.452954868000002,12.348679159999998,9.348566393333332,11.836966966666667,4.574239733333333,595.8513293333333,-146.78506006249998,144.76192294642857,-51.78584328571428,-49.884619624999985,-49.015538928571424,-5.481037499999912
3304,3304,That's,1063.008,1063.248,0.906,15.811501738750001,11.980041116041667,16.133714033333334,18.25596022708333,5.794355708333332,799.3006154166666,9.265642724761177,4.184982235860833,-15.980297228614845,6.336425514274854,12.486648518237077,-361.38628490013014
3305,3305,cognitive,1063.388,1063.868,0.691,11.75708471935484,3.3940434193548388,8.030501026129032,9.021361648387096,20.255326967741937,810.7956238709676,48.87393369758065,-8.878327508064519,43.19677898326613,5.279029415322578,41.61371756048386,592.5438747983869
3306,3306,test,1063.908,1064.168,0.946,2.0302719866666687,17.55570864,5.99364388,15.13730044666667,12.367813199999999,680.1396673333334,-92.72438192857142,125.61743294642855,-39.071552892857135,3.808816660714282,-51.151840535714285,-180.64830714285742
3307,3307,is,1064.329,1064.409,0.699,6.389485333333333,32.27396541666667,13.448375999999998,30.03208475,15.13216425,733.3627025,-28.13458300699298,84.20419003496501,31.1993909090909,136.749126048951,150.37851276223773,-462.05995629370653
3308,3308,the,1064.449,1064.529,0.854,19.86053121666667,26.494366499999998,15.332221666666667,30.148443166666667,25.021216166666665,812.0224116666667,244.6508107142857,-66.98329857142853,139.1146,-73.2407957142857,-30.797855714285728,-2855.412385714286
3309,3309,dementia,1064.569,1065.089,0.761,13.94508934642857,8.657867959464285,22.576512014285715,12.432438439285715,17.267671857142854,676.2397271428572,-43.88139234674329,7.447602523330597,39.14409226600985,-20.63523312944718,-26.674214586754243,-292.93083908045986
3310,3310,test.,1065.129,1065.429,0.916,7.23482031764706,9.941567317647058,5.4200858752941175,15.253687847058824,0.0,514.7438947058824,-141.40942909313722,104.71729237745097,-31.011178313725487,-15.665914362745099,0.0,620.3626397058822
3311,3311,Now-,1066.03,1066.19,0.489,7.312819521210526,2.9034959089473684,14.464713942105263,7.155978036842106,6.315571078947369,744.7971994736841,18.4389278375424,-49.12873211500165,-4.37850665171244,-23.339375785096845,35.47803733997156,-636.5396141809827
3312,3312,I,1066.43,1066.47,0.399,2.273876592857142,-6.827655549285716,10.260367880714286,1.4148581714285726,19.43638542857143,701.8990307142857,99.20116640659337,-14.700530772527468,-158.002217754945,-165.8763294285714,213.84857846153847,132.51859890109878
3313,3313,"mean,",1066.49,1066.59,0.365,11.429897733333334,-10.185915666666668,26.8793574,-27.228614000000004,38.63770400000001,1037.2980166666666,-189.267048,-313.79770571428577,347.4380914285714,-576.5676028571428,337.5481314285715,-341.5384285714285
3314,3314,he,1066.63,1066.71,0.646,11.628341383333334,-7.437187349999999,25.982849833333336,-37.01465316666667,31.538558499999997,1010.8771616666668,46.237366142857155,-53.49351014285713,143.78593,533.77825,-536.3676642857143,5.156414285713685
3315,3315,passed,1066.75,1067.11,0.923,4.728196059999998,0.21629059000000125,-4.804145995000001,0.9446425211000001,25.525852800000003,761.129462,-72.100771518797,122.60290863909778,-151.68724065037594,52.865558942030084,-29.606419548872193,166.8236466165414
3316,3316,it.,1067.19,1067.27,0.838,12.1535282625,-2.334764225,17.306300425,-19.6265480625,28.767994875,767.91169875,146.27367815476188,-3.623719761904747,0.669952499999991,-119.05250565476187,-404.41017321428563,-2812.202696428571
3317,3317,He,1068.751,1068.931,0.891,11.368206302380951,5.632304816785715,15.495848396904762,4.435488078214285,9.46301580952381,763.4160027380952,-5.91905839161689,-5.966908301149136,0.20024159314569237,-9.148440562108943,11.633577933583075,171.87690387263345
3318,3318,bragged,1069.071,1069.512,0.939,18.3708590137931,4.700963851724138,2.113657072413793,6.153926744827587,28.006456931034485,695.6405041379311,-14.669119990147783,-24.367777071428566,6.6152706822660114,8.893534486453204,46.58914711822659,-170.834
3319,3319,about,1069.592,1069.812,0.992,16.48278913333333,7.330124766666668,-8.894583710666666,2.63170292,19.6516702,532.5056493333334,12.231485535714283,-2.3737466910714295,-94.69277342857141,-42.76884396428571,-47.995428035714276,-529.6250892857144
3320,3320,passing,1069.872,1070.252,0.933,7.999767750000003,12.54095556409091,-1.8821132736363637,8.37356505,18.811990363636365,642.5226027272728,-31.74871119424054,70.79027124025974,75.01927989553926,-21.772835208921517,66.8984710897798,269.9225923207227
3321,3321,a,1070.312,1070.372,0.781,12.197958666666667,7.957448978333333,23.019267666666668,6.3173227999999995,18.374008666666665,1051.9828366666668,-12.804277142857153,230.00005652857143,293.67659714285713,153.68892514285713,-381.76415714285724,7718.869142857142
3322,3322,dementia,1070.412,1070.913,0.781,6.664250059259258,8.87497198624074,19.78704498925926,3.6246295002592595,25.711831629629632,920.1552170370371,1.754836746031746,7.808788022832722,40.51609676739928,3.725108146336997,-78.07580744810748,-117.96095146520153
3323,3323,"test,",1070.953,1071.213,0.903,8.184185086666666,12.83510524,-1.9522918299999994,8.593377130666665,17.118344266666664,494.6369986666666,-36.107590374999994,124.01050964285713,2.7243780089285714,58.868870599999994,-137.9416108928571,-820.7238821428568
3324,3324,and,1071.613,1071.713,0.965,15.505109212000002,8.7166371,22.22139512,9.098071004,10.486443479999998,892.1679964,0.8425110692307681,5.42774004230769,11.151866307692305,-63.07172917692307,82.8374376923077,-109.86539230769229
3325,3325,he,1071.793,1071.953,0.958,13.70197005,17.175172033333336,30.048148666666666,-15.400503149999999,32.23444133333333,971.1833283333334,60.825896468531454,-44.78123118881118,-46.556167482517466,-64.2736729020979,-122.42177167832163,-558.7420454545452
3326,3326,didn't,1072.093,1072.454,0.706,10.188999884,14.678711263999999,16.0011699608,-13.925110784000001,29.546796080000004,786.5917679999999,-22.540354730769234,-12.282586942307695,-64.67458837000002,-111.57659186923077,95.35573350000001,459.66948769230765
3327,3327,know,1072.574,1072.894,0.91,5.927619080454545,19.821523063863637,-14.372857295454544,-39.3455351590909,39.34642881818182,813.639020909091,-26.530951009881424,23.92191886490683,-116.74410310276677,-59.61964620271033,-14.079067532467539,-657.3833562958781
3328,3328,it,1073.034,1073.114,0.932,-2.0987865081818184,6.739970018181818,0.25030176090909056,0.15940754909090915,28.424101818181818,786.0605918181817,68.00892472727276,12.0500390909091,72.76089821363638,-66.0191614818182,212.96103818181822,-1522.4842590909097
3329,3329,was,1073.174,1073.314,0.794,2.9722489,23.12947118,-1.22980708,-3.857731799999999,23.8863347,866.149425,-108.91192212121209,58.11744866666666,38.42733315151517,294.74134024242426,-96.90822636363633,3009.16153030303
3330,3330,a,1073.394,1073.434,0.966,22.478855666666664,5.668277533333334,0.8256723500000005,-1.8705896583333328,36.975713666666664,605.7259633333333,222.3579628571429,202.6881088571429,340.331285,281.1769442142857,-65.6224028571429,3928.5286571428574
3331,3331,dementia,1073.494,1074.075,0.728,6.9548916781250005,10.644331852812499,4.490413742812501,-10.476020165624998,26.90538,749.894495625,-22.740635682734617,0.37095059503298905,32.92692930819281,-15.416149335593843,-37.79613112170089,-878.1632994868037
3332,3332,test.,1074.115,1074.455,0.927,5.897717047368422,15.903879889473686,2.1364244980526315,1.465958515789474,19.15511410526316,623.2454978947368,-56.09638137719299,159.34926888596493,10.11365758807018,32.64363907017544,-97.11884964912285,-927.0741359649124
3333,3333,"Wow,",1075.836,1077.157,0.301,20.346536404444446,11.13713845585185,7.93803247111111,5.1620194280296285,11.31722405185185,745.1928613333333,3.05504130799434,-5.430056937323184,-15.984266266681288,-19.1128269495015,6.306005255584816,-243.6812768900593
3334,3334,so,1077.998,1078.198,0.825,12.337513049807693,8.198438056826923,15.87163982596154,5.4987045575,7.647333980769231,877.6683505769231,-37.03658075089644,-2.916236804245283,-5.392864598843165,-1.660771578267737,14.453834199180397,167.9475662725177
3335,3335,that's,1078.278,1078.558,0.802,10.660353605555557,7.674381910388888,7.519899468333334,3.5237299483333344,22.82857388888889,577.4986133333333,-135.98606163570693,12.61708762079464,-78.37963376728587,-24.4112248374613,-92.27099545923635,-1188.2197502579977
3336,3336,who,1078.598,1078.739,0.987,9.93057388888889,7.845820755555555,13.767581666666665,15.085621053111108,26.138518444444443,879.9160144444445,370.4736658333334,64.32861799999999,62.59767166666667,148.89608949000004,177.11675666666667,2755.0413166666676
3337,3337,Donald,1078.779,1079.079,0.745,19.21390911764706,5.939458223529413,4.178956956470588,-4.975517570588234,28.189481941176467,648.4744988235294,-17.965883210784312,52.43299491421566,-20.36892848529411,-54.437186580882354,-64.55752058823529,413.36389705882345
3338,3338,Trump,1079.119,1079.419,0.896,14.783024747058823,1.9689596564705885,-5.165785463529411,-3.443714741176471,19.218648823529414,664.965278235294,107.14851311274508,35.31470856004901,13.903534536764695,-47.688180563725496,-10.923443872549017,522.7098210784312
3339,3339,is,1079.539,1079.659,0.746,14.971274316666666,14.477169183333336,14.423263583333332,24.640491916666665,22.071419916666667,642.3178200000001,-130.29641790209791,242.62756013986012,29.314042132867122,-23.384675699300697,-101.21219003496503,323.0372972027968
3340,3340,and,1079.8,1079.88,0.898,13.994291588181817,12.821883072727273,10.269427627272727,9.367256072727274,14.618383909090909,703.0472763636363,258.51802026818183,-180.67769027272732,63.934911681818214,-46.2151485909091,179.33796772727274,-3012.2642500000006
3341,3341,that's,1079.92,1080.12,0.836,14.19130875,5.810382125,3.405799795,3.6895578749999998,16.37401841666667,609.6904791666667,-234.58950437062936,206.2798504370629,2.1687058426573373,-18.867647639860138,-170.36947220279717,-1222.519543706294
3342,3342,who,1080.14,1080.28,0.969,19.5152180875,12.869192825,12.7976262125,4.425117800000001,20.486353,882.53402,393.97875505952373,158.8514010714285,-134.0371281547619,-79.83221678571428,176.39716547619045,290.2952738095238
3343,3343,Ronnie,1080.32,1080.62,0.679,28.679141235294114,8.256982876470587,13.55866848,9.578759547058823,23.336653647058824,679.3870629411765,-108.8151758578431,10.446441164215683,208.4255039460784,102.03228210784312,-9.771458088235294,-69.92977573529409
3344,3344,Jackson,1080.66,1081.101,0.853,6.526688854166667,6.764959195833332,15.888157641666666,19.271904241666665,3.8313727083333333,774.3134595833334,-11.774440076086949,21.715003006521734,-44.16275187391304,-16.05124058260869,-28.114558456521728,-89.88381847826078
3345,3345,is.,1081.181,1081.261,0.982,28.236093775000004,-2.0432961374999996,17.963311125,8.522026225000001,0.0,469.76665375,-178.3082396428571,103.61402148809522,-37.353351785714274,-122.81510071428568,0.0,1748.4930059523804
3346,3346,you've,1091.71,1091.87,0.253,17.14406904816981,11.39673554548868,11.563770250169812,6.9465345841471695,19.009192666037734,706.1473518679245,0.35536619724224405,-0.26309618957637915,0.5206773614336706,0.16499989023681583,-0.46467752306929383,-2.099860031588608
3347,3347,got,1091.95,1092.11,0.639,12.648127161666666,-9.983672861666667,-2.189090433333334,10.392033985833333,14.0402305,774.1338766666668,71.63901617132868,53.321259730769235,-120.43054258741255,-47.26547634790209,203.5428902097902,-278.95461888111925
3348,3348,approaches,1092.15,1092.651,0.74,20.928172678571425,16.225936989285717,11.074832971428568,9.851104385714285,22.20479317857143,719.8270285714285,-41.11405655446086,31.05929850164204,48.11949721948548,9.804866918445537,23.999752668308698,-485.9002575259988
3349,3349,of,1092.711,1092.771,0.956,32.69959383333333,2.083959166666666,19.856374833333337,4.304096216666667,26.6026825,738.644345,80.39128142857142,256.505958,123.27284142857141,183.02098242857147,-35.52122142857143,2448.2437285714277
3350,3350,"me,",1092.891,1093.171,0.932,22.176892674999998,18.650090650000003,36.00967005,-3.46476001,30.780369150000002,645.3694990000001,-65.41341708646617,-36.7756242481203,82.93218890977445,-87.38389052631581,17.710742518796994,-761.5483127819549
3351,3351,"Anna,",1093.492,1093.732,0.894,20.306507092857146,8.535976775,19.152413703571426,7.879596103571428,22.539836750000003,441.37890714285714,34.58637618226601,-21.199885537766825,-81.4671391611932,32.24717644909688,50.08904237821565,-66.9071267104543
3352,3352,"John,",1093.852,1094.192,0.784,25.54875986956522,9.116546923043478,7.627595756521739,-0.28682059795652237,23.765036173913042,521.2755404347826,31.634971195652163,-13.883235126976277,-38.283064303359666,11.443391180533588,46.406467835968364,-998.631824604743
3353,3353,JR.,1094.272,1094.713,0.77,23.377231103846153,5.068716783230769,4.074152046153846,3.692249338076923,23.852869461538464,480.79786653846156,54.51843657264955,-40.896201751179476,-74.0627180205128,8.033997145811954,21.508245914529912,-352.76090410256404
3354,3354,So,1094.993,1095.113,0.846,14.0356357,6.147449749000001,6.55066596035,3.83183353,6.718814249999999,639.663178,-19.639893383458645,61.5389721556391,75.13364698033836,-88.63345163909776,75.14729552631579,-10.532206015037596
3355,3355,those,1095.133,1095.293,0.787,19.23333734,23.520144666666667,15.700300188888889,-5.184943044444444,27.83537422222222,659.49322,-132.14063980000003,109.15269000000002,29.53965616666668,-31.540980500000007,105.75879,2204.9526
3356,3356,are,1095.353,1095.434,0.669,1.1307278057142867,27.874601428571427,28.58838885714286,4.100422398571428,13.585458000000001,987.2852514285714,-225.07488057142857,-109.12778392857143,-59.40674285714288,15.143460142857142,-340.84248571428566,496.4770357142857
3357,3357,super,1095.454,1095.694,0.936,24.361771323076923,17.709549546153845,9.264682076923076,3.3105831999999995,19.00698530769231,912.5851169230771,98.71497925824175,49.70918428571429,-97.97980934065933,-31.67749728021979,-63.9021118131868,-795.5175109890113
3358,3358,fun.,1095.734,1095.954,0.766,27.12518890769231,13.647582,-0.6712071923076919,-5.578558992307692,27.53389476923077,638.0759792307691,126.86921796703294,-3.0394272527472452,150.51284615384614,73.92840513736265,43.80666923076922,-693.791241758242
3359,3359,But,1096.154,1096.334,0.416,3.6060060684210526,0.4411009473684215,4.77574597368421,6.8888666,9.895852368421052,755.4320136842105,-43.54290551754388,85.4619261140351,-6.814348710526314,11.16726949122807,108.42694210526318,-306.8018359649125
3360,3360,you,1096.374,1096.455,0.836,13.614867833333335,23.131401666666665,7.867632816666668,3.3800798333333337,33.705463333333334,627.8814666666667,84.07301571428572,-50.01325714285713,-505.65044300000005,-386.2949742857143,11.434157142857181,-2867.7314285714274
3361,3361,also,1096.515,1096.775,0.917,13.659670625,19.55975866,-1.1561143062500006,-19.62464144375,27.054311624999997,716.527455625,30.788510882352934,-56.612490929411756,98.92572372794118,182.2033668161764,18.81308867647058,-1284.1606404411762
3362,3362,get,1096.815,1096.995,0.779,22.05882609090909,9.837692877272728,23.262794863636362,15.781386954545455,23.809335818181818,570.4401245454546,-14.037825909090904,15.274922772727278,-10.854372727272732,45.11865818181819,-184.4980054545455,-968.6639954545456
3363,3363,playback,1097.556,1098.096,0.918,19.217727601509093,6.326680193090909,10.677016946909092,4.264215001818181,12.993528472727272,691.4199556363636,-1.4336605954292947,1.6229831247474742,-11.690358423160179,-6.701239154329007,28.04649613997115,-192.26827900432903
3364,3364,of,1098.316,1098.396,0.914,28.817114866666667,11.484924342666666,10.544659806666667,-3.55191696,14.842662999999998,864.4149080000001,63.57863982142857,77.81769843571426,-14.798892464285718,-64.7975163392857,137.31173535714285,549.8988767857144
3365,3365,our,1098.496,1098.617,0.849,33.48567109090909,9.957180961818182,-28.540180909090907,2.0111052363636364,20.124354363636364,603.1910536363636,-51.84481272727274,-94.28089958181823,-35.8045940909091,177.2942519545455,-156.93770863636368,-1780.2311409090912
3366,3366,exclusive,1098.737,1099.297,0.906,10.41758184882353,12.153499751470589,9.14212058617647,-0.8581496738235296,17.75996344117647,710.9436376470588,13.111006839572193,34.15894890794499,4.975502212757828,-22.97021296218486,44.896530381970955,380.1857126050419
3367,3367,member,1099.537,1099.878,0.84,34.196639,12.66263407931035,3.0221884427586216,12.46026647586207,25.55612979310345,759.9511272413791,27.757070812807882,-10.278262251231522,-115.03771427241378,-21.841622660098515,47.61639243842364,-180.36269778325126
3368,3368,only,1100.158,1100.378,0.846,32.67821924,20.55050976,12.8223519696,-0.2325362647999995,19.76672552,687.8008472000001,-58.76975284615384,8.021769346153848,101.98112551461539,9.032431763846152,39.54262676923077,-414.8630642307693
3369,3369,shows,1100.538,1100.939,0.963,10.192809714285712,12.479095580714286,7.162003342857143,-11.057951085714288,22.480568,814.3515264285713,108.33069395183358,73.97890002435688,-63.498893828680885,-69.60236726327311,54.02058669950738,-258.92019759168033
3370,3370,and,1101.239,1101.339,0.974,14.304030379999997,13.894005705000001,11.383145178180001,10.216725309500001,12.635578899999999,708.217638,110.29395877443609,-82.67932865037594,-36.52121286536842,62.938789251503756,97.065772556391,-776.7301481203008
3371,3371,specials,1101.399,1101.82,0.88,7.355397369166667,20.509020697500002,12.127619725000002,3.201189561249999,18.273214916666667,845.8466404166667,34.73774071869564,-14.434918168260866,49.14181950434782,-14.379508282391301,53.00093247826085,196.06962673913029
3372,3372,right,1101.9,1102.08,0.712,29.33583861538462,1.4307625538461544,-2.599540523076922,0.4702274846153846,32.75911123076923,556.9637707692308,-87.83539505494504,-88.82730464285714,91.97664439560441,29.116596483516492,34.160631868131865,-2383.9011153846154
3373,3373,after,1102.14,1102.32,0.984,23.054852941666667,0.11135420083333436,7.8393068325,5.631814758333333,27.003897,639.9564316666666,26.80533414335664,158.59048672552447,-49.170662110139844,132.7948878496503,-6.510170279720277,1745.216692307692
3374,3374,they,1102.36,1102.52,0.81,19.3932863,13.047543899999999,16.72409213,11.63885015,29.971308900000004,487.50723100000005,-57.215988787878764,-36.251717878787865,134.1115519090909,-30.761799848484845,-20.408392424242415,-2224.4416696969693
3375,3375,air.,1102.64,1102.82,0.601,32.059237599999996,-3.2503211799999994,13.608523246666664,11.814332543999999,23.788615466666666,410.0333593333333,101.77178410714286,-61.280126160714275,-69.20492014285712,-55.017492685714274,-31.62286,136.15316607142856
3376,3376,So,1103.241,1103.401,0.87,15.801223844827586,3.5385853034482757,6.762458482758621,1.8526283655172398,6.119625827586208,739.5623931034485,-37.82052461822659,62.1680557684729,2.7261187438423655,-118.7210452093596,22.070707192118228,213.33375073891625
3377,3377,all,1103.501,1103.681,0.66,20.75169407142857,31.389500571428577,-5.859404335714285,-49.64939407142857,31.23475935714286,743.7357771428572,0.8533462637362687,48.04554285714285,-38.32588691208791,77.26556626373629,100.7745856043956,237.96716043956042
3378,3378,"that,",1103.721,1103.921,0.77,24.685226166666666,7.2397322565833315,-0.03612647083333383,-3.0854885499999987,32.55407125,536.9595775,21.18848286713287,-94.7201055326923,59.60814343531467,117.21007541958036,-18.719026398601393,-1390.9799283216787
3379,3379,all,1104.322,1104.402,0.763,27.537976583333332,14.407410045833332,13.5129217125,3.561212308333334,15.729774375,760.4870262499999,-25.441292869565203,22.246712067391304,-17.33429057608695,-59.78841807391303,36.00233784782608,349.1570867391303
3380,3380,you,1104.422,1104.482,0.217,16.522796500000002,6.738607925,9.863071325000002,14.001020075,35.62518775,582.9671425,-123.48096000000007,-34.6602045,-480.46655350000026,-230.76089550000006,5.346575000000054,9339.073450000004
3381,3381,gotta,1104.502,1104.602,0.007,23.85964233333333,7.604407263333333,4.58906345,21.759124166666666,34.33116883333334,766.6962616666666,174.3683342857143,313.21055100000007,456.569899,243.12523857142855,-24.548744285714264,8915.51912857143
3382,3382,do,1104.622,1104.722,0.917,25.669567999999998,18.21942866666667,8.846697175,26.0773865,32.40007216666667,630.3752116666666,-23.23556571428571,139.3492885714286,-259.31323952857144,-275.99543571428575,-28.605609999999974,3837.4287
3383,3383,is,1104.802,1104.862,0.34,3.4587294628571437,17.438560714285714,13.7206982,10.871559714285713,8.588442857142857,956.8628,-285.2318505,6.829573214285708,-70.49075928571428,-3.600337500000006,-268.96054464285714,576.4253035714279
3384,3384,click,1104.902,1105.143,0.735,20.831385407142854,5.204430335714285,5.4570228285714295,7.994738817857143,18.992383571428572,521.5199714285715,103.92712594505491,10.443456318681317,97.17853854945052,114.1087056208791,100.09029912087912,-1077.5457472527469
3385,3385,that,1105.163,1105.283,0.357,28.165163000000003,6.946500314285714,7.405455928571429,21.68559042857143,29.293730571428572,457.18541999999997,-12.955201785714271,258.3189355357143,454.0174625,-35.44899285714286,-33.21481428571428,2023.2852142857141
3386,3386,join,1105.343,1105.603,0.938,23.10267685625,12.8726729125,11.17611975,1.8635691375000003,26.1716029375,882.21064125,88.96487906617644,8.708642220588235,-95.33809667647057,-47.043128911764704,80.9959533088235,-103.69161617647055
3387,3387,button,1105.623,1105.863,0.882,34.88549230769231,10.115144438461536,7.3563489846153844,1.0205974230769232,26.12936415384615,858.2489407692308,-3.1728744505494464,41.999566840659334,125.54312310439562,45.15133615384616,-13.068590384615382,-516.9855741758244
3388,3388,right,1105.903,1106.083,0.674,27.96971127272727,3.775130327272727,5.173922209090909,1.7823610490909096,30.281311272727272,494.3025227272727,-128.40442318181823,-49.036414000000015,164.08278468181825,243.14237409090916,11.421059090909093,-2297.339713636365
3389,3389,underneath,1106.124,1106.384,0.802,26.451557866666672,13.789846833333335,23.993850226666666,19.454639866666664,22.531969333333333,518.7287873333333,-29.714794464285706,47.60790478571427,161.29902119642853,41.67618535714285,-100.40129589285715,-476.62753035714286
3390,3390,the,1106.404,1106.484,0.113,31.276716600000004,3.97581396,17.08968386,17.424791,18.9825468,676.263136,337.42721500000005,-69.15368100000003,307.78073700000004,143.39330000000004,210.50792500000003,7417.4301000000005
3391,3391,video.,1106.504,1106.824,0.814,29.41702929411765,0.11042667058823526,25.15507668,27.21055034117647,14.019032352941178,515.43462,49.916337377450965,-26.35318806372549,-103.60824074142157,-38.871155343137254,-94.75550110294117,-913.4398566176468
3392,3392,Thank,1107.124,1107.325,0.999,30.039222079999995,12.47836388,17.319763025600004,6.6233820759999995,4.7889812,721.5551332000001,-0.3012907692307734,-0.013536996153845696,49.68944272307693,32.49093737730769,31.97220526923077,-91.3405973076923
3393,3393,you.,1107.365,1107.445,0.996,16.877101483333334,11.978640266666666,25.273539,17.31689716,6.312158666666666,748.5787516666666,467.8818395714286,-132.87141714285715,-40.96976285714287,354.9085917142857,216.10868000000005,-8452.1699
