,index,word,start,end,score,mfcc1_sma3,mfcc2_sma3,mfcc3_sma3,mfcc4_sma3,F0semitoneFrom27.5Hz_sma3nz,F1frequency_sma3nz,mfcc1_sma3Slope,mfcc2_sma3Slope,mfcc3_sma3Slope,mfcc4_sma3Slope,F0semitoneFrom27.5Hz_sma3nzSlope,F1frequency_sma3nzSlope
0,0,Thank,13.427,13.727,0.894,8.128637871180759,-36.04163674930029,-26.440497292857145,-28.531149021720115,17.020635437317786,1001.412808425656,-0.013773774214452849,0.1146026004121945,-0.028447202561690983,-0.18163064712559013,-1.4832164769449956,-1.8776384641526167
1,1,you.,13.747,14.027,0.659,13.426874306666665,-14.086488733333335,-22.855824733333332,-22.011681599999996,38.585604399999994,929.5342980000001,38.69637985714286,49.977586785714266,-39.56738982142856,-13.297607500000002,-19.089093035714296,677.0098375000002
2,2,"Iowa,",14.047,14.147,0.0,23.012843333333336,-9.903247833333333,-8.686077800000001,-23.92055566666666,11.688733333333332,929.1399516666667,6.984302857142853,-59.397907142857164,-3.94827714285715,73.46199714285714,-401.7384857142858,-1868.4342428571424
3,3,thank,19.589,20.309,0.866,10.701665802435064,-27.44774425714286,-24.634430208441557,-25.61429965331169,26.47481775324675,960.8236267207793,-0.5674868420465479,2.7394991509382436,0.3035784556498497,1.9411526730503772,6.658556415204921,2.152892207402032
4,4,you.,20.329,29.071,0.322,5.909918113259681,-37.946887409006834,-29.382477230523918,-29.294149502555808,15.406439070615033,1012.6967546241457,0.3896787847192549,2.0147891659055177,2.020189958339598,1.0748880195226476,2.930117502879295,-21.064197987260197
5,5,Nine,30.052,30.392,0.631,18.101772454545458,-11.861804674606061,-13.461569325151515,-15.636505147681822,39.94261366666667,586.7462922727273,-0.713070224402463,7.367197988410393,-4.913139307024316,-13.82011685589917,2.8401315102807634,-104.20268016908454
6,6,months,30.472,30.752,0.743,13.037366040555558,10.82977755,-10.659425461111113,-23.453203833333333,18.894876944444448,782.9171805555555,-146.58539044840043,55.217374958720335,-56.07862483488132,36.627776831785354,-141.33682822497423,474.27383126935
7,7,"ago,",30.832,31.092,0.833,16.804366211764705,11.730515829411763,-7.782191111411765,-23.99293297647059,24.272123705882354,857.4224288235293,52.690311666666666,8.40589854166667,-45.981255322303916,-201.2115303431372,46.31542046568626,-497.04863602941185
8,8,we,32.112,32.232,0.989,14.774714085964911,0.9408022349122804,0.7663509684210524,-14.976293633333334,16.232492087719297,943.6287663157894,-6.00868688196785,-6.414026512639356,15.098347923710136,29.30405092358049,-18.702064590355192,-44.59856809048483
9,9,came,32.312,32.692,0.668,15.200581573913043,0.7078920052173912,11.735816960869563,-0.2006439521739133,25.827161869565213,610.3473799999999,48.10577666007903,33.404401847332,-18.501225993082993,-1.9542542243082994,87.37599851778653,-1280.0132233201575
10,10,to,32.972,33.092,0.939,17.052791614999997,2.0075788237499994,4.077714268,-3.7247218564999995,19.910678850000004,937.292348,-25.578046928571435,29.830240191541353,3.079097992481203,-10.029939793609026,10.158468383458658,-1016.0848781954887
11,11,this,33.132,33.292,0.991,4.6126390000000015,19.4191698,1.5750895439999997,-0.6052458350000001,16.169498800000003,798.4300919999998,-205.64319787878782,100.46105333333331,-37.47525157575756,-22.077513106060604,-248.42902909090904,5124.105303030302
12,12,beautiful,33.393,33.873,0.801,16.079899579310343,9.709770210344827,-1.3074701931034485,-4.402056672655172,27.97286848275862,960.8953068965517,14.15033562807881,30.503137411330048,-45.05931701970443,-89.34749139655172,33.14780992610835,-269.7835066502462
13,13,state.,33.973,34.353,0.933,9.216385693333335,5.423855349999999,-0.9240236833333334,-0.8126108075,28.212201500000003,933.4886779166667,91.36043110086953,-77.30526098695647,62.82936236521737,49.492079566521724,41.06745378260867,-1145.4938384782606
14,14,We,35.713,35.873,0.751,13.644967367105263,-9.535410991842104,-6.399610784868421,-17.085458485526313,22.239321184210525,836.6106209210526,-0.972437816336295,2.719763553342447,-3.09985602313739,2.037072128161312,-0.8338407464114835,-29.735215714285733
15,15,had,35.953,36.193,0.919,25.6196476875,-19.224914062499998,-21.725648125,-4.385378571875,33.9332104375,670.4915575,53.341989779411755,-35.16826669117647,21.093283382352933,-18.89292930367647,16.11519257352941,296.86141764705883
16,16,no,36.313,36.653,0.802,29.353745826086957,3.9775302243478263,-17.09274718521739,-35.597272130434774,36.03820586956522,724.8578417391305,-25.032509486165996,82.23887037055333,-35.592539625494055,-117.94665158102761,7.561872480237151,1383.6827455533594
17,17,political,36.953,37.474,0.919,23.700359536585367,9.153664448780487,-2.7211541263414634,-29.84577353902439,32.570293682926824,858.2998470731707,-6.167319329268295,-2.2249701524390253,10.884991447038328,-5.726683215156795,-6.849322047038331,-120.03290052264812
18,18,organization.,37.574,38.274,0.835,11.6714642575,6.8450931299999995,2.4094217315,-16.07425506175,27.940610874999997,891.64263025,-40.8944749141651,-20.83283815947467,37.35119707889306,71.54776091121013,-7.587397603189494,436.5543878517823
19,19,We,39.522,39.702,0.774,15.648879480845073,-5.1952041240845075,-1.82958984971831,-15.698140590563385,28.905842,846.5782398591551,9.35484633604963,6.842323366465459,-7.504186832511736,-6.449557393527834,-10.351712716297786,-23.630429644533887
20,20,had,39.782,40.182,0.684,21.73470429166667,-12.500604458333335,-23.387238625,-9.775222169166666,34.533524916666664,543.97071875,18.705468760869557,-7.497674652173908,4.77769360434782,-30.507486019565206,9.059908869565213,13.511592826086947
21,21,no,40.422,40.622,0.808,22.40275934090909,-2.0146981845454546,-5.961318268181818,-21.462029549999997,31.722701909090905,777.7941054545455,36.420004503105595,30.874861243929985,-18.57208622529644,-62.9784127922078,-3.0079120271033384,1221.2730559006213
22,22,"money,",40.722,41.042,0.66,16.94241193809524,3.264323153809524,-2.7063320161904763,-18.668693,35.48246114285714,519.2448557142858,-69.38242867532468,15.541089144155839,21.521127346753243,102.73538872077921,12.773552012987007,-1528.147887012987
23,23,we,41.182,41.343,0.946,16.307603633333333,9.158424335066666,5.671272333333333,-3.157481912,31.5299928,683.4093799999999,7.0654434821428564,22.043330781071433,-52.524327660714285,-39.33199285,53.4517425,2095.6471428571426
24,24,had,41.423,41.703,0.859,14.965497027777777,-10.061705748333333,-17.496189494444444,-8.547771635555556,29.382553833333336,696.4193144444444,10.666314112487104,-38.02699968163055,-11.251132471620224,5.427451764705886,86.5595282249742,231.09038802889586
25,25,no,41.823,42.023,0.894,23.7434175,2.9184197337500004,-10.026874611250001,-21.27813759375,33.5750068125,707.842011875,3.4689377941176445,32.638295525000004,-107.97453306029412,-107.25948353676468,-3.8648344852941094,1492.7054139705879
26,26,name,42.103,42.423,0.734,18.863999575,6.952356924999999,4.343839785000001,-14.228034425,35.0288422,607.276331,-4.213367575187971,16.976932093984964,2.550836093984963,-15.37060603383459,5.208075939849628,-1.2592413533833935
27,27,"recognition,",42.503,43.283,0.886,11.795684399999999,4.47816995,5.814466287209303,-9.885006700465114,26.924311418604656,786.1970376744187,-29.58736623905164,12.229266752869222,40.520990803760185,11.512093911205069,-6.04681117487164,-301.2406419510722
28,28,and,43.803,43.903,0.907,14.180254306451612,1.6226155267741935,4.15739934783871,-8.715363432258062,9.26708435483871,746.7677325806452,1.7730641270161274,-6.994698962903225,-16.779722955685486,18.023865917338703,34.899996290322576,-261.2051562500001
29,29,we,43.983,44.123,0.998,24.147214181818185,10.410457363636363,11.9571259,-5.8718835363636375,32.745981545454555,747.6453163636364,-50.011856818181826,42.08959054545456,96.39074790909093,106.92061036363641,17.236305454545477,-564.3974181818187
30,30,were,44.183,44.343,0.873,28.802021818181814,9.740115263636364,-10.23136380909091,-11.454873875454545,32.670564545454546,929.6243409090911,7.760508636363639,-34.704237045454555,-128.9583035,-55.44297976818183,4.419909545454548,1400.0486363636371
31,31,taking,44.403,44.763,0.888,8.906590053333336,7.3065912795238095,6.948651047619047,-9.237073809523809,22.48480776190476,679.4111890476191,7.79163870909091,15.350082804545453,82.86127275974025,-8.481405577922075,52.89853097402597,-672.3669863636361
32,32,on,44.964,45.084,0.825,17.44022025,5.2232791975,-16.12974535,-37.8484653125,31.961630375,556.2553975000001,12.379729852941177,-4.6738462852941165,20.905905338235286,92.78883536764702,-2.424797205882348,878.3254044117647
33,33,the,45.644,45.764,0.891,13.985280485294117,5.253549585588235,1.1470476408823531,-12.140125820588235,8.248292205882352,820.9976841176472,2.0365227616501125,9.625898235828876,8.661540352406414,1.8122849174942708,8.626017899159663,169.24343972498087
34,34,most,45.804,46.024,0.808,15.714667076923076,17.450963153846153,-13.33971779230769,-36.307424076923084,21.339571846153845,694.4849546153847,-173.378234065934,60.32611043956044,-43.35709793956044,41.095526923076925,-119.05820631868131,691.5471236263734
35,35,powerful,46.144,46.764,0.778,14.797345143243245,13.018201637837839,-12.667585265945947,-38.251102,29.384447189189192,805.7698191891891,20.694720757467998,35.174451270744434,13.547153089971552,-51.371775580844016,19.87162764343291,23.884323850165977
36,36,political,47.344,47.964,0.847,19.190568083333336,8.495798878166667,-2.2790533307333334,-30.738404446333334,22.4054031,764.6298879999999,0.9603912281189225,-7.86892919934704,3.3462385899805493,-6.883064667324262,3.1665010280633505,151.78643537093637
37,37,organization,48.264,49.045,0.847,13.672322846296295,11.436016611296296,6.069030554444445,-24.903892796296297,19.37444440740741,778.2495970370371,-25.652913284734137,-22.703005496569467,18.350239410482178,58.49231177930244,-18.038393931770536,307.9522958643034
38,38,in,49.465,49.525,0.99,17.064314366666665,6.718190180416666,17.28946435,-1.8990895529166665,8.885281874999999,903.3643729166666,-2.067953326086957,-3.8558260110869544,-9.694390704347825,-6.904082165434782,11.642294847826083,-718.7866354347823
39,39,the,49.565,49.625,1.0,20.3918584,18.6517958,25.843066,-11.475374980000002,29.873357600000002,611.977162,-376.15844000000016,40.59078500000001,212.25728500000005,87.05465600000004,-10.12816000000001,-8780.958100000002
40,40,United,49.685,50.045,0.78,17.561498738095235,3.9994816790476193,1.2366646780952384,-14.667949347619047,30.0350641904762,530.5142647619047,0.6365753896103914,-3.489647959740259,-43.290087012987,6.008242480519481,1.400788636363637,-475.18548636363636
41,41,States,50.125,50.465,0.658,6.757823976190475,10.894572852380954,-0.8699388857142855,-7.269106533333335,19.07517814285714,567.8925147619047,62.03778051298703,-20.319215779220777,63.54689416883117,2.7971796753246734,78.77119305194803,-912.3743181818182
42,42,of,50.705,50.785,0.834,5.8185549625,16.16260223125,-13.480983428125,-21.391004938125,7.190297875,863.5750781250001,153.60365282352936,-79.97029512499999,-9.995740738970587,-117.14030046102938,58.01070161764706,886.8945845588236
43,43,America.,50.865,51.305,0.805,20.618196846153847,2.081786165384615,-18.11375784230769,-17.708002603846154,18.96025503846154,789.6615392307691,-17.280678153846146,-38.424704295726485,-60.1047279230769,-28.062900305982893,-55.36823317948716,391.7012454700854
44,44,And,57.447,57.547,0.918,7.125296884615386,-37.71447234083333,-27.90506884147436,-31.373649857051277,26.73265086217949,1012.4303768589743,-0.24120869657373326,0.46060362921912124,-0.5154012925108595,-0.3749910370841727,0.20385921166746598,-21.879315002896178
45,45,"tonight,",57.667,58.187,0.914,15.743047425,-15.789017288124999,-16.088682221875,-15.708587811249998,35.26504921875,740.870476875,-1.3104720857771286,-23.912572242118774,6.331875233687681,13.513022097507331,14.841508751832848,540.8759525293257
46,46,while,58.607,58.847,0.839,16.393969742424243,-11.231676462121213,-18.38292544848485,-27.81356997575758,31.45821587878788,890.3157024242424,21.934614567179143,45.61836995487968,-1.1625464271390378,-44.75497837566844,-10.77076407085562,-350.4306913435829
47,47,the,58.887,58.967,0.826,24.173930999999996,5.59793625,-13.358575833333333,-30.274862499999998,33.565976666666664,862.1349650000001,138.7533571428571,-106.66454614285715,32.694935714285734,81.86227285714284,-6.244625714285712,484.2338142857143
48,48,results,59.027,59.528,0.73,14.650712914285714,14.752814310714289,-16.12053469035714,-29.081701982142853,30.944125785714284,902.1621332142857,-29.840600629447174,28.539171873289543,-26.538112156403933,-40.18758197454844,4.687700766283523,-94.37563505747123
49,49,are,59.968,60.068,0.83,-4.053719082888888,15.263921425925925,-19.21235077777778,-18.592202714814814,13.146762555555554,874.395494074074,62.329979400732604,-16.626537939560443,-33.14463791208792,-53.13922480769233,-0.44040897435897525,-1293.9263678266182
50,50,still,60.108,60.408,0.781,8.303570170588236,11.543621382352942,-17.588635223529412,-23.56097766470588,20.027765823529414,833.4387335294117,144.4722845220588,1.272071911764701,43.974204730392145,-97.52111477941177,165.0047575980392,-1266.3818713235294
51,51,not,60.468,60.668,0.999,21.17186030769231,8.44568880923077,-18.028331457692307,-35.5746566923077,24.290159999999997,598.1245269230769,-20.28649642857143,-107.60852517582416,-74.5985861401099,1.426691758241746,-39.26956126373626,1006.6644560439559
52,52,"known,",60.728,61.008,0.662,25.313555470588234,8.862181152941176,-15.13790673529412,-38.77986564705882,29.34417347058823,703.3363676470588,16.078384558823533,33.33067301470589,-2.56397574754902,39.74626703431372,25.609100857843142,50.850096813725365
53,53,it,61.188,61.248,0.95,19.169751333333334,7.775389408333333,1.9755523333333336,-16.099675200000004,31.01822,535.5969291666667,-121.19373706293702,3.9070652622377593,42.703724440559434,98.5129416083916,-1.035007692307694,-1330.8880367132863
54,54,looks,61.308,61.528,0.932,13.30313407142857,15.037362778571426,-6.585145107142857,-26.28948414285714,23.321439785714286,581.6237807142858,-108.318888021978,57.60975699999999,-136.0167267582417,3.2597114285714386,-140.83577989010985,-232.62768901098897
55,55,like,61.608,61.788,0.875,9.857274461538463,7.832962795384616,-10.30793005307692,-26.521022961538463,29.462997923076923,777.5821623076922,87.2798626373626,-115.70858770329669,73.93365289835164,42.90205796703295,50.541593956043954,-2335.2466758241762
56,56,we,61.868,62.028,0.898,19.043696583333332,5.953305441666667,4.528114941666666,-9.011845259166668,29.91835933333333,765.9589108333334,-63.63425332167832,91.09885886363635,156.39265015734262,149.8007136800699,104.43861398601396,506.9286416083916
57,57,are,62.288,62.428,0.701,21.31089685,4.747061565000001,-26.164257250000002,-37.323433800000004,33.911554949999996,865.4692714999999,48.363539285714296,18.44702511654135,-128.2450277819549,-5.984645037593987,1.9810153759398497,102.03448458646612
58,58,in,62.668,62.728,1.0,17.393286466666666,1.193983853333333,-1.9395158533333345,-13.839081099999998,30.05037966666667,661.5412813333335,-40.803350178571414,21.08096853571428,212.60644607142854,58.67160351785714,-1.264873392857147,-868.7169107142856
59,59,a,62.848,62.908,0.674,16.128007222222223,-5.595507688888889,16.12110701111111,-5.034821011111111,29.806372444444442,449.0231533333333,-61.58565500000003,43.77456166666668,106.2918619166667,160.52310583333335,-0.42024416666667586,2067.5751416666676
60,60,virtual,63.028,63.729,0.938,17.206183012195122,8.93183974390244,-0.7309578214634147,-24.718352595121946,21.341225926829267,851.9489495121951,5.197720727351918,25.02559201219513,-5.383906740069687,-98.79921017160281,22.206872212543555,194.38635818815337
61,61,tie.,64.229,64.609,0.922,19.11570621363637,5.883895798181819,-9.186527750227272,-31.98004513636364,22.710685159090907,796.3516802272729,-13.855124955602538,-34.22403329739253,-28.7942494375969,21.490646357998592,-24.570165042283303,-157.16553386187456
62,62,And,95.66,95.761,0.827,4.358574732208729,-40.89704720508344,-31.6220000470475,-32.32913911376124,22.233624917201542,1035.7790340243903,0.10622992130727353,0.18457076241078924,0.10722080235363385,0.09670662009091693,-0.2910228596191199,-1.6895897614833324
63,63,while,95.841,96.321,0.9,17.855573267857142,-16.177051946428573,-17.751815,-31.27710419285714,33.509997750000004,796.3270396428572,-8.930079454022989,19.86773935550082,10.50672969348659,-29.245152405582918,36.508125301039954,479.46180254515593
64,64,the,99.802,105.825,0.685,8.348277908842105,-31.80717242842105,-19.06184336458947,-24.701570314947368,12.124965164210527,970.1686553473684,0.5241380443457865,0.45531369363281626,0.2739479253249654,0.3840707108633461,2.0333557741169757,-25.48606657236913
65,65,results,106.885,107.426,0.888,18.3799892225,-5.5486629362499995,-19.14010996,-24.877862972500004,26.096280950000004,814.2392554999999,-9.549059187177685,17.179050370475853,-4.418216212376933,5.87993674355368,-13.819682373417718,133.02757880918895
66,66,are,107.786,107.886,0.377,3.3833691217391304,6.495019417608694,-27.644216695652172,-29.940538978260875,12.506602043478262,853.6896221739132,68.1940305780632,-2.949802254199604,22.04886763833991,-50.332268799407096,59.381262845849776,-166.0968922924901
67,67,still,107.966,108.226,0.937,8.115342799999999,15.549830070588238,-16.292687847058826,-25.982066411764706,20.227600647058825,954.8357570588236,131.17670428921568,-4.361170196078429,93.89828420343136,-93.70758223039215,146.17146764705882,-1100.901699754902
68,68,not,108.286,108.566,0.987,20.107902411764705,-0.9481684941176473,-15.064910476470589,-31.343007705882354,32.00129741176471,639.8387305882353,-4.205443259803923,-88.49804928921569,-52.49900319852941,63.9956362745098,-5.2431325980392245,-1926.2181482843137
69,69,"complete,",108.846,109.326,0.892,15.209690501315789,0.33462933157894725,3.1352790068421057,-14.389503349999998,23.106022973684208,928.4174336842107,0.7709593847795155,19.18369231972864,63.68781797297297,44.927836921435606,7.97422471276945,68.62425834336368
70,70,it,109.366,109.426,0.688,14.873627000000003,2.22947722,17.906570199999997,-11.3971038,5.8825734,733.706238,56.07011000000001,213.03056700000005,-15.42224499999999,-171.91485600000007,294.12867000000006,-10606.351450000002
71,71,looks,109.466,109.666,0.949,8.796035733333333,11.592573041666666,-2.2200708174999995,-28.864700083333332,21.410439999999998,964.5302833333334,-164.71321748251742,19.240146940559423,-128.00478590384614,53.85530192307692,-154.25928146853144,535.4962097902096
72,72,like,109.746,109.927,0.748,14.807664615384617,3.54658352076923,-13.436993969230768,-25.353454176923076,26.897530769230773,741.29953,112.53769807692308,-116.60115529395604,58.68828851648351,-14.887466153846155,101.52963571428569,-1672.9236071428575
73,73,we'll,109.967,110.147,0.64,21.829891454545454,12.175763621818179,-10.47582339090909,-42.499339636363636,23.854221090909093,794.4036836363637,-50.74814636363637,78.91590833636363,-27.165841409090927,-55.481287272727265,-131.81980681818183,1299.5954227272732
74,74,have,110.187,110.427,0.802,15.874587071428573,-6.670990804285713,-25.64532632142857,-13.674556557142855,27.20132107142857,694.3680299999999,45.37376692307691,15.644635799999998,-26.42763532967032,-50.47102087912086,38.378368241758245,34.23288571428586
75,75,about,110.987,111.227,0.91,18.680239840000002,-1.3675871865,-14.844989649999999,-21.231182644999997,11.465821449999998,705.55569025,19.592483198874294,3.0252526154784234,11.083508075984989,-24.619186630394,4.57066188555347,-72.94261740150098
76,76,half,111.307,111.567,0.847,18.034371029411766,-10.64669953529412,-12.439070715882353,-10.764925782352941,24.19806470588235,695.4165264705883,3.0225353553921583,-6.034266066176475,-85.33395885784313,-28.364663357843135,73.71346789215686,1242.8767205882352
77,77,of,111.907,111.987,0.846,14.607102419047619,1.606387119047619,-15.892260361904764,-17.045140595238095,19.12072242857143,817.6651657142856,48.483973870129866,48.06799981818182,1.8724869870129857,-63.91840161038961,-26.154216493506496,-636.7237636363636
78,78,the,112.027,112.108,0.936,17.912898000000002,4.32891155,1.57015995,-9.884472116666666,28.748793333333328,697.8448400000001,-66.84589142857143,-277.6301695714286,-19.712661857142887,27.688116142857133,-0.0847771428571471,3666.527371428572
79,79,Iowa,112.248,112.548,0.67,23.375895227272732,-10.040736945454547,-8.977500914318181,-16.141820913636366,24.837939045454547,932.1015936363634,31.962901383399217,26.104590062111807,43.94038856197064,51.62867447487296,-34.25440398080182,-994.7501671372106
80,80,delegates.,112.588,113.048,0.9,15.452162819999998,-3.4426175667999996,-3.87051893748,-19.4197462616,12.73039032,844.3305316000001,-51.00822734615386,13.628093377692306,-22.369966857269233,29.03608041692308,-37.050501192307685,1172.417216923077
81,81,I,121.678,121.758,0.943,6.4975970474082585,-34.79206464151377,-28.13444437821101,-27.51564258738532,18.320114077981653,995.8537418577981,1.0644539872882608,2.6968395292176464,1.6786975042993952,1.223995137680918,4.070217109776835,-19.761489352318044
82,82,want,121.818,122.058,0.758,19.316042600000003,-14.077924933333334,-9.086695736,-27.408636740000002,37.694429866666674,879.1631366666667,-18.95226821428571,-6.8575937499999915,-104.91815823571427,-5.101399821428567,16.910284107142843,140.8521625
83,83,to,122.079,122.179,0.887,15.326494166666665,-12.953617666666668,-11.7218353,-16.342146666666668,25.718698500000002,496.8657316666666,49.09590714285717,-4.867451428571426,133.65268942857145,38.45887999999999,-0.9218728571428514,4846.532528571428
84,84,take,122.259,122.519,0.772,9.076556247058821,-9.94162985882353,0.8574644647058822,-15.765745764705882,33.2288375882353,952.4528288235293,39.27778651960784,-88.61308518382353,97.48038705882354,19.922584313725487,133.5490399509804,502.0395171568626
85,85,this,122.599,122.839,0.82,7.56852671875,-3.6247120687499996,-11.071352678124999,-11.197594931249998,36.15853775,848.42391,-83.86202769852939,127.80638412499998,-84.77383203308821,33.33023752205882,2.687484852941179,960.6379235294115
86,86,opportunity,122.999,123.8,0.831,16.5588989375,-5.620326904583333,-5.081892050208333,-14.830753852500001,34.45713531249999,890.3291291666668,5.570194688992615,24.395070575445065,38.302375461978926,45.520289243541015,6.252115645353883,-402.464543638732
87,87,to,124.201,124.381,0.825,12.928133098965516,5.638599865862069,0.8940452848275862,-10.021387496551725,17.503314379310346,829.682351724138,11.822273666502461,6.475414068965517,-20.630443036945806,-24.41979649753694,27.92955347290639,-24.171069458128127
88,88,congratulate,124.461,125.322,0.836,20.042919885106382,-0.5345129980851061,0.9517575553191491,-19.488185090212763,31.973724553191477,875.1052817021277,-6.268584083024978,1.3257979983811294,3.298868661540241,-14.454349275959762,-5.195658840194265,-260.1856958256244
89,89,Secretary,125.422,126.063,0.838,13.906948032432435,3.9728914805405404,-9.463418084324324,-10.472651705405406,24.678241999999997,927.8514494594594,41.54256516239925,-25.852751023470848,11.164901243954485,25.55123103010906,7.7448990398293045,265.1696021811286
90,90,Clinton,126.143,126.503,0.853,20.44464805909091,2.279087662272727,0.042256107272727175,-18.299557931818182,27.19304145454545,810.1278009090911,36.39447302371541,6.368135471202709,55.740928259740265,-14.586614271597968,20.670965330321852,63.38628345567477
91,91,and,127.364,128.005,0.683,12.840698377333332,-1.6627968889999998,-9.830854620399998,-17.226120697333332,12.84290752,881.1972534666667,7.96325377610242,5.947562212133713,-11.407089537823618,-11.678774416358465,29.70795153485064,-145.83478906116645
92,92,her,135.052,135.392,0.704,6.745031231437839,-26.12503219635135,-19.67406819581081,-18.60292701183784,22.581396794594593,954.4771445405405,0.013249112286544735,1.60838012812237,1.990868309468136,1.8237725148080957,-1.5017936267317216,-24.230515803819074
93,93,organization,135.592,136.453,0.837,12.176091466037734,-3.7658075422773587,0.5916726786792454,-13.232753963716979,23.742988679245283,950.4278596226416,-17.447545411223995,10.541584334124739,22.72210922125464,17.50795079407757,4.065228031769069,51.299317045637785
94,94,for,136.774,137.174,0.635,19.16640049,1.496292761388889,-14.92864845361111,-13.500899233333334,20.867665416666668,896.3735883333334,40.56093937631917,26.657864023101663,-69.78473234279278,-64.39862079794077,41.591962039897034,-236.1588792792792
95,95,waging,137.454,137.975,0.891,17.05463488375,3.84441859425,6.267916680000001,-8.105940995000001,24.201514125,929.7204805000001,-25.333911578095687,-1.763080958771106,81.55146180956848,4.753864716697934,27.927834657598492,-258.2948401500939
96,96,a,138.055,138.095,0.807,15.465241166666665,0.2216621599999999,28.151121833333335,-7.420028283333333,19.005846333333334,347.430075,145.82316142857144,-43.82027228571429,54.904915714285714,373.2268021428572,-329.2751142857143,-188.99324285714277
97,97,very,138.155,138.395,0.782,24.4781954,0.12214674066666674,0.1468876000000004,-2.793426742,25.21604286666667,908.723836,-0.9853069642857133,-4.648329230357142,83.83013230357143,58.74529795892857,62.15154892857141,1844.0001607142856
98,98,vigorous,138.515,138.976,0.829,14.187541415172417,8.084995486310344,1.0482070689655176,-3.8435312931034487,16.472368137931035,849.4065637931036,-69.63579345270935,45.174365791133,-68.89297523399014,-50.513821182266,-30.55560197044334,326.41424064039404
99,99,campaign,139.737,140.317,0.765,5.4052183076716425,2.394090380895522,4.488643718283582,-3.9254237895522386,8.149140283582089,749.6319097014925,28.066323141216373,-11.33796353248463,14.862856231103834,0.65115585898715,26.875967206081878,-359.47656367228024
100,100,and,140.357,140.457,0.782,22.222426000000002,0.24941851428571418,-10.745313728571428,-11.614493271428572,31.377345000000002,754.6693685714284,17.999725000000016,52.8736930357143,-107.25437517857142,-175.49928607142857,8.626503571428573,-3588.786946428571
101,101,I,140.497,140.537,0.491,23.2712935,0.33177899999999994,-11.482361000000001,-15.6305205,32.373231,726.4925824999999,164.08233000000013,107.39750600000005,323.2257700000001,91.20129000000003,-7.49775000000007,7668.981550000002
102,102,want,140.577,140.778,0.798,26.78434425,3.7679031528333335,-8.593886075,-28.55013814166666,33.85148441666667,845.8143466666667,-39.70312849650349,-31.804387219930064,-129.41726204545455,26.097762360139843,1.2924421328671367,1515.7035559440558
103,103,to,140.798,140.878,0.654,16.3347853,1.1673756639999997,-10.76434756,-24.7710616,33.240500600000004,795.8664679999999,-150.74978499999997,33.24501210000001,-20.311317500000012,200.44831000000002,2.449749999999967,4975.824150000001
104,104,thank,140.958,141.258,0.983,14.085458474210528,-3.673359478947368,-2.159988815789474,-12.821678028210524,26.12040505263158,617.1401842105263,-4.116403944736841,-43.49261997368422,106.33023567543862,61.12686768280703,6.937577368421046,-695.4596377192984
105,105,Governor,141.799,142.219,0.976,9.318130016854166,-1.4153160635416662,-6.287278415208333,-12.192496530625,14.9735053125,874.6658695833333,36.40424460344386,17.41601590135149,-28.590281718600732,-36.951421426590294,50.148278107359936,-318.5842694854536
106,106,O'Malley.,142.379,142.78,0.773,19.937509410714284,2.0730360257142855,-8.623373207142857,-27.084158864285715,26.57769085714285,731.907804642857,-22.638896791187737,-36.80313162068966,-4.768062772304325,56.28960912698412,-0.2036469074986335,-246.79232197591676
107,107,It's,149.397,149.597,0.827,4.124840004692082,-29.27340010997067,-22.6831180585044,-24.312298467624633,16.610531703812317,992.050672404692,-0.0646163440743699,2.589859336860264,0.10475620840241025,3.2404059461612027,-0.7474253476541103,-20.11542555586829
108,108,never,149.797,150.117,0.93,12.934568726923077,-8.278023769615386,-19.28689371153846,-6.846671172307692,25.15546303846154,735.0285388461539,80.74368748205126,5.724470661025638,-20.588322832478624,-29.365130018119647,92.39147817094015,552.3515649572647
109,109,easy,150.237,150.517,0.875,6.09359746,4.1696387568499995,8.750406649999999,1.3626728779999997,26.973292450000002,617.716662,-22.65597814285715,43.97724631161655,-16.697818218045114,39.978845306015046,-24.4919302631579,240.59314135338334
110,110,to,150.557,150.637,0.794,22.334056333333333,4.763237033333334,-7.07629,-8.00376895,33.927776333333334,938.1320733333333,11.365497142857121,215.59974285714284,-240.7825657142857,-216.8653681428572,-5.084811428571458,517.3914857142853
111,111,lose.,150.697,151.018,0.832,17.035000421052633,9.71824142631579,-3.031352927368421,-15.162588161052632,23.83833194736842,929.0552931578947,-57.05283382456142,26.513980754385976,-24.542969247368422,59.815965631578955,-109.8586403508772,-5.1151719298245375
112,112,I've,151.138,151.318,0.815,14.137830786666667,-0.16043203333333372,-13.244226240000001,-19.36272466333333,23.171912466666665,697.4913613333334,19.761459714285717,-9.046188803571429,18.928090107142854,101.0060753392857,-98.28935571428569,131.4352892857144
113,113,lost,151.358,151.758,0.827,5.417516499999999,14.634320704545452,-17.05891059090909,-29.029006045454548,22.087272,819.143619090909,-123.75435750988144,1.515198896103895,-57.72881884810841,48.77224333709769,-95.90473692828911,339.22575719932246
114,114,more,152.458,152.619,0.918,7.608573072790697,6.776091802093024,-4.180976929767442,-18.03219161162791,7.276531674418604,816.4959897674418,50.805122029522785,10.680979553684688,27.037104889308363,-32.50835819389912,39.15017493959529,-68.21720152521894
115,115,than,152.659,152.779,0.916,21.10084175,9.997595125,6.209315425,-22.381894625,30.799053875000002,732.65708,57.72279999999999,-71.85414940476188,197.01011178571426,168.4850136904762,-2.022217261904768,-461.69411904761836
116,116,one,152.919,153.059,0.774,26.63990885714286,11.804266892857143,-2.1048153857142866,-24.74687669285714,25.517046928571432,768.3098478571428,12.959066593406591,-28.77113132967033,-24.471733604395595,21.0892624945055,-77.20405131868132,115.51970219780223
117,117,"campaign,",153.139,153.719,0.881,15.808745906060604,0.9091404500000001,10.715191904848483,-15.765942284848485,17.975249212121213,551.252443939394,16.947154886363638,-6.4500762992981295,16.48517917229278,8.293677439839572,22.383720872326204,-539.5562974598931
118,118,but,153.779,154.64,0.77,14.273949881521737,6.602356053913045,11.402425932608693,-18.361658817608696,22.873788695652173,724.0497713043479,1.2291277429848912,17.457520894603757,-26.06219523435091,-58.989404345760086,16.277489207523896,237.10435115633672
119,119,he,155.54,155.64,0.98,13.90676160622,-1.01748588626,4.1294257474,-12.019347785999999,5.09383748,712.9711104,-11.651105675666265,6.421572906921967,18.693459919495798,25.180418422809122,19.51408868667467,-135.8985054021608
120,120,should,155.7,155.921,0.752,1.0234402957142847,3.9088385714285714,27.407567,0.9166434500000005,17.618844785714284,852.2820485714286,127.08938238021977,2.1981301978021963,-29.134212967032962,-102.10746005494505,140.532875054945,-647.3524967032964
121,121,know,155.961,156.121,0.825,21.119797600000002,11.6696424,-10.249083780000001,-38.85651653,30.0659494,586.7523570000001,-19.16304787878787,23.215212424242424,-93.31797193939391,-161.1702534242424,-7.3254606060606,156.53309393939418
122,122,that,156.181,156.321,0.89,19.7403025,6.27515646,11.441026227,-19.31953361,29.050031699999998,732.1331759999999,0.3038966666666655,-66.22024345454543,164.38287902121206,209.3987368181818,-14.224819696969695,-223.37922424242402
123,123,he,156.361,156.441,0.501,12.533686166666667,7.896916566666666,31.214669333333337,0.9134397983333332,24.362997500000002,415.658015,-61.49198142857144,1.4607194285714238,-99.12892857142863,-107.71311587142858,-208.8483385714286,2473.943357142857
124,124,contributed,156.501,157.081,0.826,12.209334584375,1.9258768276875005,13.95506314171875,0.14499106906250003,19.66878353125,893.6937790625,40.709156886913505,-11.76446449616936,10.794610225943918,-6.231845077987537,34.362755654325525,526.2646360887097
125,125,a,157.101,157.121,0.0,14.461795500000001,-5.3416551,24.4936935,0.017966700000000002,0.0,1191.6509,-249.82134999999982,190.44478999999993,-333.42354999999986,98.15078999999994,0.0,-540.3899999999906
126,126,whole,157.401,157.562,0.912,19.260784549999997,13.327724186363634,-0.5653850790909086,-37.50987214999999,16.00830004545455,857.6111918181819,9.906420375494074,75.55854162450593,43.47672214059854,-63.727282532467534,78.48066981931115,-504.0706775832862
127,127,lot,157.602,157.882,0.832,17.781385375,3.5433042875,-20.893022225000003,-30.777619875,36.089909875000004,856.8819900000001,-27.6523844117647,-141.71522966176468,-57.47361817647059,100.02436294117643,26.76776220588233,378.07209117647056
128,128,to,158.642,158.782,0.768,14.097117862444444,-2.5333987871111114,0.13227123857777778,-17.59321950444444,4.926251222222222,838.1071264444445,12.908854515085643,21.068819955797107,21.34988642664032,-4.847951583662715,10.206538313570492,-255.6731716073783
129,129,the,158.802,158.862,0.95,24.110370500000002,11.39917225,11.43799345,-12.589203874999999,21.385794750000002,599.3518574999999,79.45908999999999,-24.93326000000004,108.29641500000004,149.33236250000007,-434.0061450000001,-7799.861150000003
130,130,dialogue,158.942,159.503,0.865,21.81069221875,1.65602242125,-8.39366508125,-32.017659765625,27.13722371875,786.255305,-3.662997553152493,10.58616075439883,-20.306957609970688,9.562824298936949,-0.37346272910557077,-73.30556195014668
131,131,that,160.163,160.303,0.859,7.709981657,-0.8854575494999999,-0.7224567055000001,-11.11193342,5.981510900000001,653.43992925,13.599700715009384,0.28477119699812475,17.68096602954972,2.4906503508442777,35.92611098499063,-53.881757082551594
132,132,he,160.323,160.423,0.423,22.293929333333335,-0.5118234183333334,20.304879600000003,4.797471193333333,29.2276035,935.765605,174.31542285714286,-43.060017528571436,-194.93966857142857,25.60178285714285,-11.352495714285718,3059.5979571428584
133,133,ran,160.503,160.783,0.8,22.940393,-3.0805002161111115,-7.264333661111111,-14.388509833333334,31.546864722222224,644.7014872222222,-58.88045686274509,7.875013632094945,22.463878271413833,18.608699484004138,8.716352476780184,-794.3438777089783
134,134,an,160.904,160.984,0.754,18.82270345,-0.39960698000000017,12.759337120000001,-5.911619321,21.3276836,359.91982299999995,91.10295166666666,42.575666424242414,84.05577709090907,35.952334972727265,198.2883351515151,536.8727121212121
135,135,issue-oriented,161.084,161.984,0.821,12.9778818864,2.4872865726,12.59742336,-10.624882199199998,22.34756092,831.495681,15.712840555678273,-0.41487174451380565,-9.96524624681873,-8.381285128067228,-2.974929397358945,-127.82972506602638
136,136,"campaign,",162.044,162.404,0.971,15.139906900000001,-3.567266797142857,14.18806562857143,-10.593703059761905,20.240948952380954,666.0411752380952,46.6741277987013,-13.336084473376621,-5.479829337662338,-20.992987425324674,49.341897467532455,205.99998766233773
137,137,and,162.464,162.525,0.02,26.056308333333334,-10.106051716666666,15.155894883333332,-0.11815213333333345,29.883753499999997,551.9527683333334,28.204582857142874,-26.184886142857142,181.1195735714286,25.195040571428567,-0.901895714285728,-5833.326528571429
138,138,he,162.565,162.625,0.255,16.5723444,11.29826264,37.0163598,-4.766217714000001,27.4437946,639.087154,151.80682499999998,22.994753000000014,-179.12598500000007,64.762453,49.64003999999999,8488.549300000002
139,139,won,162.685,162.885,0.745,27.280602153846154,4.77442625076923,8.646046176923077,-34.278830869230774,31.307057692307694,824.7209584615385,-3.507976923076923,3.6338908901098907,-35.655348269230764,-117.10815782967036,10.512044780219785,-173.78897802197807
140,140,the,162.925,163.005,0.832,23.776400500000005,6.755703316666666,7.663533524999999,-20.694522333333335,30.456244666666667,767.3622866666666,11.848861428571423,-63.40969100000002,-131.49677035714285,106.20092857142858,-18.630837142857132,1368.045657142857
141,141,respect,163.065,163.525,0.958,7.9421439846153845,3.810724886538461,-8.097958320769232,-9.788846014615384,11.993222692307691,745.8006965384616,43.6952499282051,-60.16214677692306,-47.58786575897434,-18.860750548717945,0.385375111111111,-925.2306921367519
142,142,of,163.845,163.925,0.834,12.577256109999999,-5.946501076999999,-2.6018343864999993,-16.89558577,5.98824845,843.5499585,46.29880679699249,38.229618644360905,-2.392452000375941,9.069775240601503,53.40348048872181,212.84746729323305
143,143,the,163.965,164.045,0.834,17.981195666666668,5.370501263333334,19.06221861666667,7.47313345,30.070730666666666,888.1543499999999,85.15894857142858,-55.061561571428584,338.8270392857142,91.77046728571428,-1.519025714285734,-2445.9344857142873
144,144,American,164.085,164.486,0.788,27.79029385,-7.537973349999999,-7.074459690909091,-3.887903995454545,25.078466636363633,947.1172654545454,-39.302765660643715,-3.462107456239412,31.518652987012988,-25.460501950875212,-47.37419977413891,252.70018690005665
145,145,people.,164.526,172.491,0.874,4.234730695147132,-33.08988045845386,-25.301405892194516,-21.786509514064836,18.780842,1020.7869839401495,-0.5220701043080732,2.5632354171323555,1.721762640967916,2.8232877789660176,-1.421882072402948,-5.335326924386792
146,146,As,172.511,172.551,0.001,8.192606,-2.372926233333333,8.493323433333332,2.36121561,0.0,970.4307333333333,-69.43392499999996,68.47424999999994,-82.11126749999997,160.44149924999994,0.0,-6611.529999999999
147,147,I,172.571,172.591,0.0,3.7670069,-4.4508934,7.5147745,2.6391156999999996,0.0,837.70157,6.764190000000012,-188.8346199999999,262.94664999999986,-37.77030999999998,0.0,23615.542999999987
148,148,think,173.591,173.851,0.904,5.954865095714286,-11.46305066079365,-5.294212981746032,-2.3479111253968257,6.817660047619047,850.6621652380951,12.497157225350428,20.086369110887105,10.981378310171856,-3.76744901123272,24.547148903129813,-140.97275072004615
149,149,about,173.911,174.272,0.915,23.85977961904762,-1.2839325133333332,-13.679797947619049,-27.68219571428571,28.121531523809523,736.7790028571429,-5.565514999999999,-4.325023166233767,-48.00659972727273,-75.1734384025974,-0.15623474025974904,155.775124025974
150,150,what,175.232,175.432,0.538,14.288018930862068,-1.384618493103448,-3.4867850750689655,-11.821846658586209,4.783203172413794,777.3875593103448,3.325115819111631,10.540816141653083,4.593970598994127,16.330499745396665,18.673022316896866,17.087658402288632
151,151,happened,175.472,175.913,0.89,20.310307166666664,-6.090434294583332,-7.509102675,-5.900569481666667,30.8471215,900.8895758333333,39.47123204347825,63.147716986304324,98.3810667391304,-18.62614193826086,1.5261263913043466,313.2395056521738
152,152,"tonight,",176.193,176.533,0.883,14.974047641935485,1.030710883870968,-0.17374469322580574,-7.958900029032258,14.907406290322582,874.7966741935485,6.901601981854836,-36.88901160887096,-16.630069595766127,-24.02552389112903,49.3248083266129,-700.7451034274193
153,153,I,177.685,177.725,0.832,3.3614384508474577,-7.317269343898306,-0.4015746101694916,-6.4482768164406785,1.5876912711864406,830.2521218644067,-3.72070370587376,21.49440709903566,-2.390476301227354,-0.5882602981297497,7.386136262419642,-272.4136608123905
154,154,think,177.785,178.025,0.965,18.49819984666667,4.290400402,12.332739380000001,-10.151423138666667,17.94711566666667,546.7918853333333,48.29032067857142,-18.87708317678571,71.06177798214286,-15.082871582142857,-25.047657678571433,-247.74947321428562
155,155,the,178.165,178.265,0.952,7.2417461,4.413922425,6.2261444475,-5.5055061300000006,0.0,898.5706624999999,92.63863716783214,35.83154613636363,104.36190663461535,-30.64916427272726,0.0,-554.0716870629369
156,156,people,178.305,178.626,0.826,16.147468749999998,7.102115080555556,20.84844545,-6.258882261111111,21.479334722222223,668.4541816666667,47.600000851393204,46.04110813983488,-61.865751315789495,-148.8235569401445,51.606232972136226,-151.93378070175433
157,157,of,178.646,178.706,0.75,23.353998750000002,11.91730925,-9.393334175,-36.14917025,15.218081999999999,719.1917725000001,-239.59394500000013,-58.18994500000001,185.25254650000008,664.1813250000002,1.6061999999999328,9862.929250000005
158,158,Iowa,178.726,179.406,0.574,20.930182600000002,2.7416765977142856,-12.841899156285715,-34.37216619714285,23.228565742857143,782.6465891428571,3.357525364145657,12.711849926050416,14.413789191176466,8.578458088235287,-11.640392296918764,21.737340476190454
159,159,have,179.526,179.686,0.829,15.530141178571427,0.7025360721428572,-13.883346931428575,-11.38675652957143,12.02420642857143,546.0035657142857,16.280470604395596,73.09714317472526,-0.35653669010988875,-1.3022775400000022,36.6440868131868,-1329.9425582417582
160,160,sent,179.746,180.007,0.966,3.928063050000001,13.62634643125,-4.93526435625,-21.82215920625,15.105557375,571.45004,156.7410476470588,-17.89184840441176,84.52925368382351,-46.984124139705884,-2.8104170588235236,-1662.0077102941173
161,161,a,180.087,180.127,0.988,11.871818083333332,9.719989333333334,19.334212166666667,-1.3940473299999996,23.81421183333333,537.1973216666667,38.55286357142857,-27.247134285714285,258.53647,131.05508494285718,184.81548428571423,-8549.91992857143
162,162,very,180.187,180.427,0.829,24.232669066666666,4.3156122980000005,-4.378323542666666,-6.751112146666666,21.490679999999998,898.0330813333333,43.27260339285714,-10.040249171428567,-62.73585678571427,-21.35505889285714,57.55614517857142,1426.2295982142857
163,163,profound,180.547,181.407,0.817,17.5908587877551,6.091460281632654,-10.060097833469388,-20.81893364897959,21.830465714285715,837.677051632653,6.037490160714286,0.3118792387755104,-8.206084193877553,-2.571825682142858,23.114871030612246,-129.55101193877547
164,164,message,182.048,182.468,0.933,6.419763309849055,6.273185381132076,2.0547842109433962,-4.966190590754717,6.781474018867925,859.8761499999998,-4.807192378148688,3.629604314223512,-8.843278097403648,-0.6104310935736171,11.183352173036607,-75.72596923883249
165,165,to,183.269,183.409,0.88,0.7518309409574467,-1.3543861036170215,5.089171779787233,-6.385061640425531,1.9315249787234046,902.0254800000001,30.33625273921716,16.265471709932935,-8.526930255897318,-8.874660902520816,9.970938737280298,-401.5229144888992
166,166,the,183.429,183.489,0.981,21.62019825,15.0037935,9.714812875,-24.42811675,0.0,878.1479800000001,112.92865500000002,49.417000000000016,-26.479872500000027,88.38662499999997,0.0,7647.252400000003
167,167,political,183.549,184.049,0.781,18.48938903714286,9.096110860714285,3.033474764999999,-22.88549656785714,20.109338392857147,781.4745582142857,12.464480908045978,-1.9183862657361792,-11.795725818281333,-14.041559686644772,24.725053024083195,-62.23524425287354
168,168,"establishment,",184.129,184.87,0.79,9.910349094390245,10.602376803902438,-5.222737213658537,-13.74869731512195,21.087724414634145,818.1516329268293,19.815775758797912,-10.997381489808362,37.73071566097561,16.308982094599305,6.480709259581882,-258.1502579268293
169,169,to,185.73,185.85,0.995,9.013509124489795,2.525831132040816,1.8650465587755103,-2.7645789816326536,2.470909408163265,762.1658583673469,-2.9768452622448986,-13.821498349489797,3.4384008942346935,17.54071611938776,13.876360260204082,46.44942127551021
170,170,the,185.87,185.95,0.832,12.1621222,18.0179604,24.8122466,13.290194600000001,29.6470894,343.385852,-44.68291499999999,52.71377499999999,253.66041000000004,36.46216000000002,54.39380000000003,-1153.146350000001
171,171,economic,186.07,186.631,0.866,16.515662258571428,2.9398973951428573,-0.24550826342857132,-5.220507028571428,27.81547477142857,660.575661142857,27.756129747198866,-15.954008947058819,-74.54873702997197,-29.0456600770308,12.554078319327724,38.4870596638655
172,172,"establishment,",186.711,187.451,0.825,7.482763517073171,8.627913743170732,-7.668945207804879,-13.852659407317075,18.98852682926829,768.2812751219512,19.373111429442513,-11.066319185975612,41.79782525418119,15.650120228223003,0.9584580923344946,-54.76234407665505
173,173,and,187.631,187.731,0.841,15.825568714285714,5.444672092857142,1.24688362,-0.5597411707142855,16.681102071428576,585.4363621428571,60.27412307692307,30.05652315384615,7.659481608791207,-1.6660878428571393,127.80234736263732,-2290.49508021978
174,174,by,187.791,187.952,0.827,18.333667363636362,7.003552945454547,-12.585131236363635,-26.287411163636364,29.189498181818184,672.1464490909092,-65.79735545454547,-73.5106740909091,-78.42219363636363,82.57884713636365,71.6667659090909,-922.9428909090911
175,175,the,187.992,188.072,0.837,24.8154545,7.141240883333334,-12.196364,-14.910372616666669,31.508261833333332,878.3477116666667,145.30287857142858,-100.32851785714286,-2.0731942857142824,18.20463214285716,2.1522185714285715,-942.8364428571435
176,176,"way,",188.112,188.352,0.857,16.195293321428572,3.6442818357142857,-1.2093412471428582,-15.63590367142857,34.45813400000001,806.4215421428571,-68.40649049450548,-2.472390120879116,191.74532627912083,161.68433378021976,36.8202835164835,891.8014846153844
177,177,to,188.592,188.712,0.956,13.468832327777777,6.468696877777777,8.439042733333332,-5.449417835555555,10.087406611111112,770.5517161111112,7.024960964912278,41.56791461300311,-9.1851202373581,-25.49094483384933,112.47112801857587,278.41780650154817
178,178,the,188.732,188.812,0.837,21.5020568,19.6248476,17.20940906,-10.685388800000002,30.7984828,652.703152,-6.651489999999977,-24.001145,289.5480645,100.75055500000005,2.4272949999999933,3694.0386000000008
179,179,media,188.872,189.292,0.845,14.161814354166665,14.661231957916664,21.993264279583332,1.2324605791666665,20.480949416666665,579.3953495833333,-18.131067836956518,-26.830897307173906,-88.37663003630432,-42.92072798913041,-83.19940899999999,212.10419369565201
180,180,establishment.,189.493,191.054,0.496,4.868385183522727,-28.036544504545454,-21.00587419681818,-24.286300545454548,13.745239920454544,978.1901505681817,-0.5673878424720864,-39.42064668239934,-18.266283602831876,-11.556973247684123,-6.88065647696453,140.22160214064314
181,181,And,205.236,205.316,0.342,5.568267091725105,-36.01539969743338,-27.979670212538565,-30.092895715147268,16.80831083029453,1038.0528335624124,0.14106064634537813,1.3802439863748306,1.190873544594911,1.1295496953769928,0.9645291640220078,-11.068063798760443
182,182,that,205.356,205.556,0.915,14.918532416666665,-12.567408658333333,-16.896806470833333,-12.604220708333331,34.76572808333333,581.7237733333333,-23.253351923076924,-9.9991783041958,29.683625183566427,73.51758078671327,9.433380944055942,-1773.8031818181812
183,183,is,205.716,205.836,0.75,10.302724271428572,4.416685787857142,-4.3210400714285715,-3.7350761121428566,21.938068714285713,1039.285825,-94.19322459340658,100.57720795274723,-98.75661127472527,-4.057387721978022,-171.25057692307692,-1380.2567747252747
184,184,given,205.956,206.296,0.921,13.070595365217393,6.252859211565218,0.037174291304348094,-6.126556059130435,25.35601952173913,819.7566786956521,56.807805741106705,-5.879206235375494,60.14938611166006,18.381252682806313,82.77292411067191,-1089.7136516798414
185,185,the,206.316,206.376,0.0,23.991764500000002,4.9497082,19.5853755,-7.574333625,33.78741025,673.8970375,-73.02664999999996,7.556933000000004,-52.050620000000045,56.60770750000003,-9.949825000000029,-2780.3367500000013
186,186,enormous,206.996,207.516,0.816,19.026292233333336,9.430032144385965,8.488350442456142,-14.175436443333334,22.91186949122807,822.0159487719299,-0.5015496775343552,10.915768150019446,-20.54350639791288,-26.697384400700017,11.385400998185114,-83.38642827975107
187,187,crises,207.677,208.317,0.843,2.78783743175,11.60901624325,-2.2160921924999997,-2.9610859775000002,14.181413549999998,924.9062227500001,-8.389817598170728,30.69108212012195,48.514732852251406,37.143104104596624,7.719624212007504,134.8941717166979
188,188,facing,208.697,209.277,0.774,-2.962507275,12.268489047916667,5.065047692708333,-3.3940122416666667,14.571495145833333,876.1660775,46.08648749620058,-5.290530624999998,22.527993932397948,-11.532090115175851,38.615448683782006,-324.7926839448544
189,189,our,209.617,209.797,0.89,19.86786202307692,1.1269957092307692,-2.8788700332307684,-25.71200724692308,19.80803496153846,865.4804696153847,56.21296214358972,-16.678143804444442,-38.33260976902564,-113.22867508957263,40.71134613675212,-342.74872598290585
190,190,country.,209.857,210.257,0.845,11.491494869565216,-0.3909193465217388,2.939298792173913,-9.588758952173913,10.759449086956524,845.7596739130435,-19.209981576086946,24.18617048666007,67.21098733794463,124.54937610671931,-12.964180583003943,188.5249481225296
191,191,It,210.957,211.037,0.903,6.464224382051284,-0.1725870058974361,12.67010393974359,4.144108073846153,7.64703582051282,788.5456894871794,10.810999189271257,10.633279938461538,33.10687249686235,7.736883226619435,41.952779261133614,-208.0736874493928
192,192,is,211.117,211.217,0.584,3.7637401444444447,17.96862826666667,23.03681211111111,-0.6312242899999999,15.93765088888889,727.2146733333334,-175.30739125000002,100.13464533333337,-26.406896666666672,-116.84551425,-244.60371166666673,1989.0048166666675
193,193,just,211.297,211.637,0.811,4.880130485714286,6.608162852380952,-5.575977933333333,-24.002503147142853,19.25623214285714,813.3250142857144,-57.02741565584416,48.82149983766234,-101.02166712337663,-72.42815113961039,-23.811203441558444,-489.2324558441558
194,194,too,211.897,212.077,0.783,5.151710953181818,7.253960973636365,0.032419531818181795,-15.595142249999999,14.819848045454547,874.1940818181821,68.66058259768492,20.529650115753814,95.40799705533597,34.583332538114064,53.999318944099386,-85.39052343308848
195,195,late,212.117,212.358,0.797,17.863631785714286,-0.7295499285714288,8.897692742857142,-23.21195392857143,8.942409,706.7836828571428,-54.72366670329669,-57.53298942857142,1.2836929010989016,95.54353791208788,-138.5439731868132,-47.84779340659311
196,196,for,213.158,213.298,0.907,1.6740391383829791,-2.193007095957447,-2.4287705080851065,-6.430616702765957,1.812344489361702,830.4166568085107,21.615759691755322,15.93448815263645,-6.645303227451436,5.339545139627661,10.343892940564293,-29.955907146160943
197,197,establishment,213.358,214.218,0.823,8.416681126086955,9.243480736956519,1.5139272296086954,-13.595414458695654,15.68538052173913,833.7793830434783,23.218312407647232,-3.4647916845513396,35.058823363583095,16.95832354455751,4.7426143139068735,-103.74903558433546
198,198,politics,214.338,214.918,0.916,11.882862365714283,8.831126881999998,-4.891286876285713,-18.286451982857145,16.808733342857142,828.2929222857142,-9.34848574789916,8.654491682773106,-3.7010125484593823,21.805094135854336,-1.5086625210084048,139.97787927170864
199,199,and,215.398,215.478,0.836,-4.0473535810714285,9.706402899999999,-4.392663660714287,0.09384301785714268,4.959221535714286,732.86,112.1824320086207,-46.44345410235358,40.15204909824849,-22.95160737137384,43.71989615489874,-1298.0883812260533
200,200,establishment,215.558,216.378,0.814,10.512662677777778,-1.5418820146666665,-6.340984933333333,-13.16467223333333,15.952013,734.2979788888888,16.384384875494074,-24.953258130039533,38.527134341897245,11.386703646903824,3.1529205599473005,-119.56941146245062
201,201,economics.,216.498,217.099,0.725,12.433536672222223,-20.400207175000002,-10.491391181305554,-10.537959580555556,28.043131055555556,887.9846652777777,-18.973351554697548,-16.600375357142852,-53.878203096544404,-18.70859014607464,11.173696486486483,486.4085991634491
202,202,What,222.5,222.7,0.922,5.8031376117499995,-34.76457838107143,-26.027974745857144,-27.38146862857143,23.35822175,993.7035912857142,1.0308755920605304,4.022770052504767,3.8582150721293798,3.559494444528263,2.7198375298609845,-50.73832960925156
203,203,the,222.76,222.9,0.789,14.095215759999999,-6.3513143030000005,13.70812024,-7.079808665,35.8897452,637.931728,18.708368727272724,22.999812166666658,251.27509612121202,132.81663997272727,-1.8486169696969617,-2477.818606060605
204,204,American,223.0,223.64,0.745,18.870656041351356,-13.788531524324323,-10.601495344594595,-2.838323465405405,36.398612864864866,838.828563783784,-10.367442558795638,-0.06493947486960366,-4.368805185514462,-0.9979093889284015,-0.06335055713608606,-464.32895874822196
205,205,people,223.76,224.28,0.674,15.884669871875,5.904272314375,5.3937241553125,-19.5857377175625,29.1607135,660.2365334374999,8.77048448771994,63.78288252547655,-47.88443478986437,-114.80346809660927,40.62936359970676,791.5682482587978
206,206,have,224.86,225.06,0.776,16.078973725641024,5.7727510574358964,-13.050363079487179,-16.54254872564103,11.918418256410256,708.3301102564103,-11.765332222672065,-47.068557330769245,-21.13694882591093,60.583707619433206,2.5976368623481787,-646.9299047570851
207,207,"said,",225.14,225.42,0.8,4.241332083333333,2.933182566666667,-12.852791568333334,-9.09690656111111,15.466912833333332,616.0677361111111,156.33370554695566,-89.44025746130032,64.9489756011352,23.464817053663577,-3.7055746646027012,-1900.3206279669769
208,208,and,226.16,226.26,0.83,8.911241452142857,-5.067913611904762,-0.27704172976190444,-2.729294188095239,4.413194595238095,719.984634047619,-1.4348491125111407,10.399316121221942,11.797955448302405,22.806124328255407,27.036655526294457,-171.25338947411066
209,209,by,226.3,226.481,0.848,22.461716545454546,2.3732833609090913,-11.400719231818181,-23.420042627272725,32.844980727272734,565.4988136363636,-110.77861090909096,-55.88619578636365,-121.5608124318182,-17.749953181818185,-58.278712272727304,-1147.4837590909094
210,210,the,226.541,226.621,0.97,26.53337828571429,5.337992685714285,-2.181420714285714,-12.604147185714284,14.858486428571426,665.2892571428572,105.10811249999999,13.527690535714285,29.413798571428565,-128.04745767857142,-2.1640696428571,68.97383928571416
211,211,"way,",226.681,226.901,0.821,22.23087764285714,-0.8949495785714285,-5.878775210714286,-11.150081314285716,15.373297714285716,556.4033285714285,-91.30162362637363,-35.17607203296703,74.09782200549448,90.25791136263734,-169.69827032967035,-1327.8826109890106
212,212,I,227.601,227.681,0.703,8.363414103333332,-1.3917730473076921,-4.919207053846153,-12.688131756666666,8.282837,841.9277728205128,5.891677566801619,-2.0344814032388667,-14.808266238866398,-33.11529838340081,41.7255002631579,-412.79676427125503
213,213,hear,227.761,227.961,0.9,9.844517854285714,10.669945635714287,19.06007422142857,-3.237468821428571,17.41447685714286,569.6260492857142,39.96951745934065,-0.3557255054945021,-68.73395943956044,1.3771440109890123,26.298638021978,-1642.6356868131868
214,214,this,228.001,228.201,0.735,6.212145916666667,13.269769958333335,1.4358193000000001,-6.874101066666667,13.658791166666665,791.6144283333333,-174.9031484265734,75.1629664160839,-107.90042604895105,-46.84130517482517,-144.21003426573424,303.73311188811186
215,215,not,228.301,228.501,0.905,14.030461000000004,6.3330253999999995,-9.112551333999999,-14.289509340000002,24.7010376,674.3642133333332,45.59866974999999,-115.81420276785713,-28.590313976785712,-46.38243105357142,8.382568928571423,273.7534267857143
216,216,just,228.541,228.801,0.929,5.096457020000001,3.09614291,-0.16357984333333367,-23.92853157333333,20.248680333333333,769.3965613333332,10.346046303571418,111.80595568749999,-79.7647999017857,-35.09262699999999,10.060588749999996,-554.2891999999998
217,217,from,228.881,229.021,0.942,6.120462490909091,11.818935404545455,-2.0005017818181816,-17.898638090909092,10.704492636363637,924.0553163636364,234.4886547272728,96.10605509090914,88.1243268636364,10.698637272727279,131.36219045454547,-162.2938045454547
218,218,"progressives,",229.061,229.681,0.808,11.5742758,11.665162877575758,-8.03628145909091,-11.064006278181818,15.390089424242422,875.5936427272728,-38.47596075868984,20.782312978943853,1.9396780387700543,19.780876785427807,5.225361163101608,237.17190842245992
219,219,I,230.141,230.201,0.724,0.7597975011538463,6.472584489230769,-4.349922639615384,-8.194243265384616,7.883477999999998,779.9815549999998,91.71959751948715,-33.734597136068366,7.195106234017088,-4.694037625641029,66.37077517948715,-1418.076682564102
220,220,hear,230.241,230.421,0.814,21.472459672727272,1.1045481818181822,12.171677099999998,2.7693115181818175,25.529268181818182,953.479200909091,146.9987917272728,-27.72472633636365,-198.6379446363637,-174.29828863636368,124.47812681818188,-1699.9298090909097
221,221,it,230.441,230.481,0.034,24.510662,-0.43883183333333314,-4.6837005,3.6415627,0.0,1092.6447,-335.4851749999999,182.92158749999993,110.29651749999995,-38.08414249999999,0.0,-264.1474999999956
222,222,from,230.541,230.701,0.836,18.141107845454545,8.066027394545456,1.5367515181818183,-3.272183409727272,7.747280181818183,1004.2351836363637,203.07564177272732,0.8813653272727292,98.61446172727274,1.0255172145454585,34.432672272727274,-1621.7077636363636
223,223,"conservatives,",230.761,231.462,0.872,14.150373839473685,9.497728385263159,-1.4176833552631578,-8.749137101052632,17.66162960526316,905.8334881578949,19.430555199146514,2.8645489189189193,-8.916895985884667,-17.40122278564394,21.361064202866835,-89.1514051318525
224,224,I,232.002,232.082,0.846,4.6341138406451625,5.232295781603225,-3.322940640548387,-9.466462306451612,4.8535931612903225,905.5622451612904,55.505526093346774,-17.865107383229837,-10.655314592399193,-10.72836655443548,36.3449391532258,-1103.18309516129
225,225,hear,232.142,232.362,0.824,18.00551102142857,3.875721505857143,10.82612037857143,-7.395784528571428,22.20577485714286,859.2778907142857,180.23607436263737,-10.644567926813187,-239.00055627472523,-103.87714274725272,135.32407098901095,1081.325383516484
226,226,it,232.402,232.442,0.99,23.2774555,10.71507825,-8.035215835,-1.6658590999999998,26.29362775,983.671,-224.9429000000001,4.0774550000000005,337.5197129000001,3.5879949999999687,23.61922499999999,-6088.252000000002
227,227,from,232.682,232.842,0.812,8.3372098725,6.960820930999999,-1.5011457322,-9.986486715,27.58279085,893.320802,43.01741999436092,18.06537953458647,-20.51621117308271,-8.853260515037599,-39.25730402255638,-801.7160300751882
228,228,moderates.,232.882,233.262,0.909,18.92262068095238,8.819732633333334,-11.071338061904761,-21.66191943809524,14.885913285714288,739.8130571428569,-56.222253655844156,1.4834482792207804,-27.476463857142857,69.91195358441557,-114.28604629870131,-225.5147623376623
229,229,And,233.962,234.062,0.813,0.6286996497499997,-0.012650367500000126,-2.5329042525,-3.681801216425,7.420459199999999,885.8850184999999,57.02379463062852,-18.560945766885553,9.259998094277673,5.67185719424484,38.598356941838645,-416.2206815196997
230,230,that,234.142,234.402,0.516,18.109636029411767,-9.164787135294118,-12.555360264705882,-4.955553464705882,32.16368852941177,692.6597211764706,-34.73609068627451,-71.99675549019608,-33.931523345588246,-9.909461213235296,-22.436840686274508,1091.7351348039217
231,231,is,234.643,234.803,0.746,9.843262855,5.018292847,10.240705765,1.0606218172000001,23.714155249999997,690.5819210000001,-14.747004830827072,67.171601862406,-46.586831575187965,52.692685261203,-2.389215075187978,2151.575961654136
232,232,we,234.823,234.863,0.0,-15.259678,25.443276,2.272497366666667,-2.539199433333333,0.0,1150.9101666666668,-152.91522499999994,-154.279225,-99.50613249999995,-197.9066299999999,0.0,6089.142499999994
233,233,can,235.223,235.423,0.891,14.228294285714286,9.543235755357143,12.847730832142856,-0.40603193321428555,18.006392678571427,765.0802739285717,15.48233745484401,-36.68339977764094,19.258128720580185,-18.455604444033938,47.61992064860426,-490.59901600985233
234,234,no,235.483,235.683,0.809,25.362089769230767,11.583857230769231,2.2677427999999997,-43.394518484615375,33.401509153846156,859.4998199999999,-10.26222087912088,72.29602326923077,-43.16666906593407,-212.34346250000002,19.362823351648352,311.7876593406593
235,235,longer,235.743,236.164,0.721,25.588745250000002,14.497250652208331,2.2051816512499993,-37.454870291666666,32.219381375,823.8122604166666,-1.360196260869563,-48.50569193593478,-22.48952880673912,80.55752319565215,-18.6003397173913,110.95276065217398
236,236,continue,236.304,236.884,0.888,17.900529033888887,8.273633886388888,19.514540844444447,-4.742752833333334,24.049207388888888,745.5901416666668,5.13989342046332,11.501515984877733,37.07239467438867,27.306627064350064,8.103068185328183,-406.1946257400257
237,237,to,236.924,236.984,0.89,23.1058606,-7.655798879999999,-8.68603332,-11.1840302,25.389432399999997,1007.1871720000001,-37.214695,-66.46903100000003,-589.1695370000001,-197.57551500000005,-338.52282,-604.0323000000012
238,238,have,237.084,237.385,0.761,16.93016755,-8.7202734785,-25.70588815,-4.7886501606,23.6246327,818.4084814999999,19.869873045112787,14.975768417669174,-7.352816052631577,-97.20365758631581,66.29501796992483,869.0664906015038
239,239,a,237.945,238.005,0.894,8.647998262903226,-1.6736701770967743,-3.303102863,-6.877955316129033,9.722094161290324,757.2093893548385,0.11648411491935297,27.39015208770161,80.95098894582661,30.30763686895161,9.312066270161292,-664.9129036290323
240,240,corrupt,238.145,238.806,0.945,24.543758537500004,7.309399946249999,-12.941226245,-24.443343292499996,25.699147649999997,848.2406035,5.122036864446529,-15.81801729151032,-61.30592599624765,-62.370214277204504,-3.9620938649155715,-88.9763095684802
241,241,campaign,239.206,239.947,0.79,12.806445661403508,-2.797797988070176,4.120037354736842,-6.9128528419298245,19.1498340877193,643.5303221052632,12.408586910487424,5.772679474915737,15.685701041450606,11.892441352411197,38.923498321234106,-165.4979391690433
242,242,finance,240.207,241.027,0.841,12.838288161666663,-12.026575028333333,-14.31364044074074,-13.891920694444444,39.203574814814814,690.4800999999999,-11.269684541700016,0.5582369542024018,-20.418093246045355,5.029542896321708,-11.776944627406138,215.50750074328184
243,243,system.,241.047,249.934,0.762,5.764941618632286,-36.61682727690583,-30.69948427547085,-28.561107429147985,23.986651679372198,1018.7258250224216,0.6459415637168295,1.608859658267288,1.098359595918508,1.5460371324356152,1.3188929537978962,-16.34604426737021
244,244,I,249.954,249.974,0.0,25.3089315,-3.65790125,4.6118864,-2.9960966300000003,35.821356,982.48357,-112.35044999999987,-29.07824499999999,121.62905999999994,271.28003699999994,-13.822400000000094,-4767.942999999999
245,245,am,249.994,250.034,0.0,24.697059999999997,-0.9886435066666667,5.332385400000001,-5.095094366666667,35.63671133333333,902.9330166666667,-135.42054999999993,76.09159824999996,-375.9472949999999,-189.0672974999999,10.032750000000053,3089.8287499999965
246,246,the,250.054,250.154,0.861,12.2603637,-4.239816913333333,-14.717862833333333,-10.40723719,0.0,802.1274199999999,-178.23223285714286,-185.95900302857143,-76.58826714285716,289.2893416857143,0.0,-2556.781542857143
247,247,former,250.214,250.615,0.686,19.899258992608697,-2.014846643478261,-9.07784865217391,-24.444035922173914,27.058542565217387,730.9231252173913,26.871855777173906,-24.510687475296432,22.259577277667972,20.78119127420949,-31.54537579051383,-384.67220899209474
248,248,chairman,250.675,251.155,0.868,15.323558314814816,-7.260687466666666,-2.3863788581481478,-4.160450004444445,26.82573477777778,792.3404711111111,52.832924462759486,19.53987155677656,-8.84371441666667,8.675688166666667,15.31743821733822,395.3386575091576
249,249,of,251.536,251.596,0.906,16.91795065909091,-5.023584018181818,-7.560754877272726,-6.1805615709090915,8.589977272727275,820.2432845454546,25.950349816487858,41.52245979107849,-24.0822235149633,-42.47868286391869,71.08703935629589,-181.80403670242805
250,250,the,251.656,251.736,0.888,4.330774571428572,22.904289142857145,-6.826981914285715,-11.448096028571427,13.353576857142857,669.4758599999999,-369.51836071428573,209.3628125,-95.06868571428572,119.30077249999998,-336.3461892857143,-173.6373214285714
251,251,Senate,251.776,252.096,0.908,11.769924361111112,5.8879969091666675,-1.8915735777777778,-12.211863361111112,29.696839388888886,554.0026711111111,89.6218306759546,-66.36285739499486,64.15101592363263,-19.537567084623312,53.424547523219815,-1810.7950309597518
252,252,Veterans,252.276,252.776,0.712,16.220079685294113,9.747933961764707,-7.988184544117647,-10.146717498235294,21.316427352941176,734.0041594117647,-24.605042376623363,44.44622177647057,-11.829269511841098,1.2969949122994655,-15.27628632543926,1111.3838734912142
253,253,Committee.,252.857,253.197,0.975,14.737723123809522,11.37786749190476,16.81435594761905,-6.259186057142856,21.071602523809524,707.909310952381,73.06027553246753,-38.41562049350648,104.13344777922077,-41.17041692207792,50.74658844155843,-1579.292221428571
254,254,And,253.217,253.317,0.854,23.121865166666666,-5.178330616666666,22.039791666666662,-12.448622,31.0708695,358.47323000000006,-80.38217285714286,114.92034985714287,140.6992,147.04101857142857,46.34492142857142,132.31645714285744
255,255,in,253.357,253.437,0.91,22.962138166666666,8.178454383333333,18.586109166666663,-9.1838262,33.1779685,689.275475,142.03147,-3.9849852857142847,-93.93460714285713,117.61171057142859,-10.695564285714275,8209.850214285714
256,256,that,253.497,253.657,0.965,21.92077772727273,-5.2972739909090905,-12.303310818181815,-10.93017589090909,31.282545727272726,602.4675281818181,-19.115314999999995,-113.8083158636364,-116.38941363636368,58.740962681818196,0.15544818181820058,-3355.100331818183
257,257,"capacity,",253.737,254.338,0.878,11.009247579411763,1.3305343641176473,-3.760233170588235,-3.7486407001176474,19.27782870588235,735.8948250000001,-18.047661210847966,36.056704400152775,25.228716227654694,1.2143310455309384,18.730293399541626,156.3148095492742
258,258,not,254.378,254.518,0.899,24.163973,-1.3535318999999997,-23.06607972222222,-17.746237444444443,33.28884444444444,752.0775600000001,57.03732083333336,-58.975070166666676,-233.03539458333336,-47.13431333333335,6.546008333333333,2456.3205833333336
259,259,only,254.598,254.778,0.793,24.10785676923077,10.789095738461539,2.014797084615385,-27.29266054230769,32.276569,767.2496092307694,-52.956079945054945,-37.9842096978022,207.5055490357143,143.1916012774725,-16.36939725274725,873.715626373626
260,260,have,254.838,254.958,0.895,19.69842166666667,-3.4615627444444446,-13.784622811111113,-7.5067609555555554,29.958287,742.6509188888889,12.708231666666663,30.59758183333334,-26.867650666666663,-166.0988455,3.5075783333333375,3374.9351833333344
261,261,I,255.038,255.078,0.934,25.9826345,0.34704095333333324,-9.582488833333334,-24.834683000000002,30.3579515,635.9575666666668,-20.786869999999993,-3.7170559428571393,153.8092034285714,342.0054228571429,-14.108904285714306,486.3615142857138
262,262,worked,255.118,255.378,0.895,27.50797084,3.7367429673333334,-18.216024986666664,-25.567489286666667,27.021053866666673,910.7063493333334,-58.60546192857142,-13.131983339285718,-25.759445928571427,-50.39184669642856,-70.60692142857143,255.99450178571445
263,263,hard,255.398,255.719,0.702,19.478963470588237,5.200836429411765,-21.427827,-35.93801323529412,20.731684529411762,777.5189682352942,10.655086029411768,-27.421198247549015,-2.5127215686274513,45.231722794117644,-79.11927708333332,-1449.8683014705882
264,264,to,256.359,256.519,0.664,9.120735245,-4.66521221675,-5.23605342225,-14.760724622500002,0.0,815.6895400000001,-19.184984927767356,15.760357838977487,32.98263769469981,28.766147229362105,0.0,208.2429488742964
265,265,try,256.539,256.739,0.992,17.974917081818184,-2.713876754545454,-13.551037000000003,-18.30550417272727,28.784973545454545,798.293341818182,119.5586574545455,-23.818091727272733,-100.46637100000002,-22.154526499999996,75.60264545454547,-2451.725345454546
266,266,to,256.78,256.86,0.741,24.095292833333332,0.8674514366666667,-3.5776148646666663,-12.910742616666667,26.406764999999996,785.8557833333333,-22.28559285714286,13.636403457142858,-49.10463037142857,-167.70075814285718,46.21192857142857,1280.4685428571422
267,267,protect,256.9,257.28,0.803,17.812075880952378,-0.3290423738095237,-6.660106857142857,-8.88685168608095,26.527880000000003,761.5766409523811,-19.267437207792206,-18.080646279220776,7.56142892857143,-24.059626483266232,1.7287528571428583,-1947.8826902597402
268,268,the,257.3,257.4,0.693,9.834014616666668,16.303778116666667,29.206215516666663,-12.029600099999998,30.929953333333334,526.2274983333333,-26.092758428571432,203.56796928571427,285.38971499999997,-55.64992771428573,4.178705714285708,2236.6234714285706
269,269,interests,257.46,257.84,0.825,5.763348118181816,9.140615402272728,2.7549499227272727,-10.220218011363635,14.359960045454544,849.1692313636363,-22.492636182947486,24.933786661490682,-101.3271620525127,-9.929388649068326,-33.82957049689441,1546.0062730095992
270,270,of,257.9,257.98,0.838,19.895826285714286,13.404745714285713,-14.777821214285714,-26.355889528571428,13.368078714285714,842.4054771428571,15.38161785714285,30.357532142857146,105.68012589285715,226.5194541071428,106.15164464285714,1111.0068928571427
271,271,our,258.0,258.121,0.287,25.578257285714283,9.98500342857143,-10.5250107,-16.161440614285713,17.441364,715.1019471428572,-74.16853928571427,67.08809035714286,180.5694407142857,147.66104,-330.8636142857143,1251.6775357142849
272,272,"veterans,",258.141,258.461,0.795,22.37607181764706,4.631319669411765,-18.17191320588235,-12.164685234117647,27.536921529411764,682.2763552941176,-34.4502574754902,69.67937762745096,11.648207843137248,-26.514717681372538,-36.951586029411764,747.0122340686272
273,273,I've,258.521,258.701,0.486,18.269115499999998,-1.7313624641666667,-15.893936316666668,-5.358038566666665,25.809683833333327,624.3701508333334,9.068196153846152,38.586864729020974,105.76485688811188,193.6619452097902,-26.09349615384615,-1671.5872115384616
274,274,had,258.721,258.861,0.761,21.00531175,-1.38931083,-10.6490723375,-1.7625676374999997,16.379909125,486.11013625000004,122.53324285714284,24.897422428571424,205.2368089880952,-105.29769982142852,-311.3133982142856,273.42569642857103
275,275,the,258.901,259.001,0.735,24.769381857142857,3.8241018862857143,6.378526914285715,-13.728830185714287,22.413453,710.9973471428572,24.442641071428575,-104.4808995642857,-45.56660660714285,-55.86203767857144,58.428174999999996,2342.524625000001
276,276,privilege,259.061,259.482,0.845,14.331858112499999,8.09015824375,-6.365169785833333,-11.127064475,12.344439583333333,948.68765625,-63.97381344999997,-8.97714156195652,66.58689156130434,-0.7734484999999999,-51.331545521739116,299.92170021739116
277,277,of,260.082,260.162,0.915,8.081944976176471,-11.98220993235294,-5.667551244117647,-10.315974477058825,21.00248638235294,857.1513873529412,57.64083410045834,38.548683135981655,-45.99607657372037,-44.0575045511077,23.76863502673796,-578.0081932009165
278,278,meeting,260.222,260.582,0.83,18.736237380952378,5.765384953333333,16.4925097,6.447942295238095,31.173458428571422,625.5083266666667,-12.139146753246749,11.021017779220779,32.43994026623376,8.50333873376623,-45.01638194805196,1043.9234668831166
279,279,so,260.723,260.903,0.986,-3.425286534375,14.0723452625,-5.1293511125,-18.525286306250003,21.0780879375,916.222179375,206.76883245955878,-74.70667767647058,-87.36828301470587,-185.5270659338235,171.77219066176468,-628.5013036764707
280,280,many,260.963,261.183,0.916,20.676328821428573,2.8789524642857143,2.110306285714285,-5.627375607142858,16.4796585,627.0884221428571,-72.96341653846153,-30.597905615384608,103.45946257142859,61.71101412087911,-183.18633351648353,195.72479230769252
281,281,Many,261.934,262.274,0.454,17.558049254545452,-11.784131031090912,-2.623993741818182,-10.263073983636362,27.90782676363636,701.9972859999999,17.782536989898997,1.1257796483766234,1.706409266955268,6.312498303391055,39.42045229437232,-298.8158270562772
282,282,women,262.334,262.614,0.9,26.722865176470588,-0.8243091305882352,5.8230605764705885,-5.688897747058824,34.30015747058823,609.7177811764706,13.191084926470591,2.0492255735294127,-9.360294338235303,-1.4899393749999996,-1.1099838235294106,338.4499816176472
283,283,who,262.634,262.754,0.745,29.11446985714286,4.602376045714286,4.8085906000000005,4.060317787142857,17.61233257142857,960.0477942857142,-64.46057321428572,49.81132989285713,130.5735026785714,-111.20621171428573,-341.00563750000003,-62.61632142857091
284,284,put,262.794,262.954,0.725,21.2943541,5.3976298499999995,-4.76066949,-19.16493474,22.6613462,960.0703639999999,70.7334918181818,-1.416664636363639,-61.50496639393939,-100.2976443030303,-26.364613939393944,133.4524181818179
285,285,their,262.994,263.134,0.915,22.402949822222222,4.188000966666666,6.563350618888888,-23.245325295555556,30.60597633333333,633.0121311111111,93.7430295,29.77109775000001,58.210404866666664,-269.8412656500001,-18.501602499999997,0.5351250000006137
286,286,lives,263.175,263.515,0.784,16.823316157894737,4.594746665263158,-13.24406258,-17.820699678947364,26.761481947368424,762.530152631579,-54.56131683333335,26.21832424736843,19.12835354035088,136.7492065877193,-81.23857640350879,574.5540745614035
287,287,on,263.635,263.715,0.92,16.688492670000002,12.06626315,-10.540292400000002,-24.98806215,25.544187700000002,847.465056,195.69481063636363,-84.21725106060603,147.07111999999995,-130.62729772727272,149.939293030303,-4067.311115151514
288,288,the,263.755,263.835,0.862,24.5889845,16.78958175,-0.9085846933333332,-37.8780515,31.34644383333333,789.8708999999999,13.06126428571429,175.53505071428575,36.67227891428571,-9.707669999999966,-4.430787142857134,30.56691428571354
289,289,line,263.895,264.155,0.957,19.530560375,8.149775333125,-7.9615266225,-31.4346556670625,28.242213375,652.434340625,-17.41154397058823,-123.28216686544116,63.74169419117646,161.83648177242645,-64.08441661764707,-1219.7159595588232
290,290,to,264.215,264.315,0.841,18.0752876,2.6403437875,6.776630466249999,-7.504758600000001,23.47512725,505.70689624999994,49.821942380952386,93.4822907738095,90.51350381547618,72.63475666666666,-233.9588583333333,166.28035119047615
291,291,defend,264.375,264.795,0.872,19.299549827083332,4.233130766666666,4.783036796666667,-10.178257710833334,24.383844541666665,682.4999541666667,9.055489203260867,-31.08060424347825,3.870770324347821,-3.882852625652176,63.00774993478259,-304.59474695652165
292,292,us,264.875,264.975,0.716,9.060506511111111,12.058061966666665,-22.45494822222222,-27.918095444444443,32.17202733333333,772.7575844444443,-223.33385316666676,185.67387275000004,-41.749197499999994,105.74644000000004,-17.559659166666652,2491.466500000001
293,293,and,265.315,265.415,0.707,12.893752113636365,2.552669661363637,-5.1609049681818195,-8.551881595454544,27.63777790909091,733.1580463636363,62.90868294466404,-35.0076889850367,62.88851572840204,40.94811711744777,5.599422868435915,-622.6204522868436
294,294,protect,265.495,265.936,0.879,20.339058446153846,1.0208823905769233,-4.678282794615384,-3.512987567346154,26.296666615384616,807.4549907692308,-7.830957852991453,-13.505546052051274,-21.82975404957265,-30.017052019709386,-22.073267623931617,-1153.6900547008543
295,295,our,266.096,266.256,0.823,21.581963156249998,-4.19015045625,-15.167834218749999,-32.46676478125,28.503157125,782.776811875,77.03492275735292,111.56476203676468,86.65554353676468,-114.93731937499999,69.80256941176468,654.8311595588234
296,296,way,266.336,266.516,0.709,22.643737461538464,1.666021886153846,-3.45913536923077,-14.643855564615384,35.15363423076922,935.3326415384615,-92.67152609890111,-66.05186543406592,133.23879565934067,79.85465289560439,28.791339560439557,853.5135192307688
297,297,of,266.536,266.596,0.76,16.390132,2.113116175,1.5562259,-11.6441221,33.388315250000005,748.0361125,-185.48263000000006,221.25605750000008,179.53118300000006,253.9982880000001,-1.1501849999999443,-3905.6387500000014
298,298,life.,266.676,266.896,0.863,15.279311733333333,-1.9261504386666661,-11.187401795333333,-17.618964933333334,35.831460666666665,636.472352,-10.746951249999993,-113.51514652857142,-0.945898801785709,59.92284307142857,1.9003623214285728,-322.9713285714286
299,299,And,267.336,267.596,0.772,11.816481291428573,-22.76973122857143,3.1006840431428575,-9.967419854285714,21.898551542857142,809.6628625714287,17.888438701680663,-23.09513096638655,28.429529356582616,-10.07760439495798,59.7957201540616,-220.72073711484572
300,300,what,268.336,268.537,0.986,10.32439123617021,-38.14461085106383,-12.644490490425534,-26.42878746808511,37.26303874468085,995.6125934042553,16.088456129740983,29.502636384135062,-15.98078825277521,3.5352236817761336,-19.542428804347825,-58.66168374190567
301,301,they,268.597,268.857,0.853,10.67076175,-22.02436925,-9.638107233125,-15.1557049625,35.227445875,863.4965737499999,-35.466434411764695,19.33510382352941,40.53738290514705,-7.50708295588235,92.2307336764706,-1375.6445897058818
302,302,were,268.917,269.137,0.644,21.093981071428573,-12.799460664285714,-15.068555149999998,-23.225361385714287,38.95232278571428,916.291645,12.934025384615385,-5.5008633076923115,-104.49567231868132,-88.80040098901097,-1.470461868131872,909.4934098901097
303,303,protecting,269.217,270.097,0.85,12.457707922500001,-10.008934645208335,-6.924452325,-8.565771347916668,34.677002270833334,810.5212075,-6.635217854211894,15.470902344089225,40.840987104320426,9.239608904038207,7.922673271276592,-334.9517993920971
304,304,is,270.637,270.777,0.669,8.340064641176472,-1.6592344214705879,3.5594004235294117,0.9476889926470589,14.024519029411765,888.8080976470588,-24.26517133231474,13.071585181283417,-22.867213963636356,32.47688676585179,-5.572057593582884,878.5596346829639
305,305,an,270.817,270.877,0.747,19.2528838,-3.13670032,-0.6222855200000005,-11.1810775,35.8660464,648.42332,50.40655499999999,10.485600500000002,232.12208900000007,225.87399050000002,-3.3733949999999533,-798.0860000000005
306,306,American,270.957,271.518,0.849,20.98733405,-11.990585325625,-15.820173193437501,-4.5619902440625,36.68084709375,787.7056578124999,-10.678001015395898,0.7640497501832852,-5.98967739342009,7.1679622348790355,-5.201092384530792,-197.8744667338709
307,307,democracy,271.578,272.378,0.941,14.46049524651163,-0.8336652613953486,-10.466125187711627,-11.836877340465117,32.05495397674418,716.552218139535,-31.485229798399267,2.170592790395651,20.647863761144666,22.215254906976742,-15.367564889761395,-30.660893083660522
308,308,of,272.758,272.838,0.834,15.483788982608695,-0.27824146478260875,-0.18877194347826107,-18.499374030869568,16.70680873913043,766.5419391304348,45.29618517292489,13.388569293972328,-80.64408333992093,-131.53341668774698,74.0553403162055,550.1252144268772
309,309,one,273.098,273.238,0.717,27.1691579,4.956351443999999,-8.1235392065,-28.846360800000003,36.56757985,754.5739004999999,-13.619207293233085,-79.06456153233083,-69.8616153981203,-18.238142932330824,32.620958007518794,-747.4594447368421
310,310,"person,",273.338,273.879,0.901,13.5962870178125,5.2471909134375,-19.980579182812498,-11.912144759375,27.233586531249998,758.961940625,-33.877332075054994,23.218570556909828,56.42187355617669,47.800766393878305,-16.276718594208216,-253.06357954545464
311,311,one,274.299,274.419,0.803,20.555879185185184,2.8037340037037044,-2.884298558777778,-12.769036148148148,20.475066185185188,677.3553785185186,18.442964957264962,-29.839366004273508,-38.46400931422468,-67.12057340659342,48.4824375763126,-503.0658800366302
312,312,"vote,",274.539,274.839,0.872,20.959951395238097,-1.555851516190476,-17.45892105952381,-28.96865916666666,29.018023857142865,806.9857404761906,19.313503603896095,-35.76851911948052,-37.04534687012987,-66.45158944155844,97.53129772727273,503.94767207792205
313,313,not,275.199,275.479,0.956,19.576746596875,-12.309912667374999,-12.732939824999999,-14.877449259375,36.81080753125,679.93716125,-14.519611452529329,-40.86273896085046,-10.767798640029328,45.04628115010998,8.75740158541056,-685.4387751099708
314,314,billionaires,275.659,276.46,0.913,13.856506948979591,-13.412189660612245,-6.087494531836735,-6.133219806122448,33.969398979591844,611.2497346938776,-10.7522397622449,-1.1441443220918364,-4.160371473265308,-3.6425557234693877,-12.714441464285718,-206.76190020408163
315,315,buying,276.76,277.06,0.298,7.40293174,-29.352681266666664,-14.671604026666667,-15.045322153333334,30.752739199999997,622.675148,22.773239690767518,2.27451481646274,-23.01959400667408,-49.43775832480533,68.71276062291435,638.8992907675196
316,316,elections.,277.08,289.144,0.513,4.289404369091059,-38.755859807781455,-29.89416742400662,-29.74257659652318,19.664344685430468,1025.934534950331,0.2145456824761924,1.058738914396737,1.0623945325813327,1.3843450692597705,2.874369071864692,-14.344985077744655
317,317,I,289.164,289.184,0.0,25.9758225,-6.912603000000001,-0.001814999999999678,-9.665524,36.5963265,965.7361000000001,-124.56375000000004,-134.24829999999994,436.4420999999998,138.00079999999994,-9.909649999999809,-617.310000000003
318,318,am,289.204,289.244,0.0,26.290627,-6.700607000000001,7.744725,-7.658113366666666,35.80734133333333,1020.8316333333332,-36.171924999999916,93.64777499999997,31.235592499999978,-41.31361249999996,-21.74052499999987,2112.0624999999977
319,319,overwhelmed.,289.905,290.525,0.89,17.784922096875,-0.9328403687500001,-13.85063014953125,-26.6202673875,25.961615125,792.0647812499999,5.2349620920329665,19.896945382097066,-4.643990597332875,-18.275691971153844,-12.11322413919414,-120.08063850732599
320,320,And,291.149,291.249,0.962,11.629797910694442,-6.674928802777778,-14.638801733888885,-13.401094022222223,8.295227611111109,808.4086591666668,-4.2393224455276695,-9.105987243886743,28.91133417863577,32.37219468468467,51.9033489189189,-4.281476640926593
321,321,I,291.469,291.569,0.8,8.5834091,-4.550606815625,-17.378079068749997,-21.56865934375,35.1139406875,752.547045625,-33.30648133823529,34.68465726102941,102.65245496323527,47.912835919117626,12.36145889705883,-2560.687925735294
322,322,am,291.729,291.849,0.807,13.389685732142857,-2.1534307757142863,-4.945451394071428,-5.7672954050000005,34.92261842857143,423.03611357142864,118.76163984065934,15.395826929670331,2.7438492249450586,41.36860521208791,-6.503161098901104,733.7332428571427
323,323,moved,291.929,292.349,0.972,26.176940664000004,18.73737378,3.9010452000000004,-19.301686091599997,21.77092312,812.2304115999999,-44.4793172,24.52541880769231,-23.57297351538462,33.857523883076915,-98.30775503846155,539.8767961538462
324,324,by,293.049,293.25,0.766,14.792838066666665,2.358058384311111,-0.4825170988888888,-8.829685693777778,12.812551577777779,800.5880564444443,7.973054046113309,-20.276900607378142,-39.327855694268784,-30.924394518181828,30.367907233201592,-86.9742087615283
325,325,the,293.31,293.43,0.741,16.896291944444442,6.779512144444445,-10.85044361111111,-15.029649566666665,26.29966088888889,762.2424166666666,-78.85099083333336,44.92025991666668,-30.109634999999997,-47.82691783333335,-141.62178583333338,1165.9844833333336
326,326,fact,293.49,293.89,0.809,11.307283824347826,-10.616025873913042,-19.806927756521738,-8.625847457391304,20.634983304347827,785.39793,43.079832674901176,-90.85068003952567,-12.201994787549403,26.29827415513833,-14.72211467391304,-357.15899209486156
327,327,that,294.55,294.73,0.875,4.511403577857143,-6.67840516904762,-7.994912849285715,-4.1727790651904755,7.1851328809523825,835.2239847619048,44.66675901122274,3.976164668584393,36.52071343793047,18.721666795421758,40.462614143910535,-786.9723012721821
328,328,millions,294.91,295.55,0.76,20.652263797560973,4.522187742926829,1.9793820430487803,-5.441994795853659,32.71663756097561,561.9790665853658,-18.08642704006969,5.472543744860628,-9.512933484320559,-19.25854668606272,10.03815931184669,257.01383780487805
329,329,of,295.81,295.89,0.832,7.478515547058824,15.854809845882354,-14.664974878823529,-22.969330822352944,16.68458223529412,849.2818535294118,143.04966957107845,-35.93937025980392,-30.355127446078434,-166.32557237990196,156.8904104166666,100.26739950980398
330,330,people,295.95,296.31,0.795,12.040762961904761,10.45680318095238,8.248648852380953,-9.717340312380951,13.444952904761905,718.5739257142857,-4.476434681818179,4.563167129870129,-11.346632025974026,5.758346998701298,-73.34323772727274,533.2129383116883
331,331,throughout,296.71,297.191,0.818,13.365499924444444,0.021007394311111156,-15.011594844222227,-21.251192266666667,18.821359955555554,718.7016760000001,13.943775478260875,-12.65445345646904,-36.86710708425561,-19.299523353096184,60.52340420948618,326.94396363636366
332,332,this,297.211,297.571,0.717,8.057488331578947,7.603741258947368,-8.236607624210526,-9.684688076842104,23.009113684210526,616.0947163157895,-99.65351092105264,93.44075352280703,22.415044838596494,72.90625001052632,-105.05938421052633,236.69921315789477
333,333,country,297.651,298.071,0.816,5.034836432,0.41620045569440023,-1.1829446419999996,-2.5589946904,9.107721360000001,890.5213871999999,31.121592973076925,-17.874434779861545,44.58644861153846,23.193950026153846,-26.918630076923083,431.66562115384625
334,334,have,298.651,298.831,0.798,10.570741778947369,-1.4414767850000003,0.046958742000000046,-0.6249803165789474,3.3934949736842106,750.9505015789476,11.461878812780391,-3.4014955705766505,-19.62911274555203,-10.403285165390086,16.906157517233833,-695.2404983039719
335,335,helped,298.871,299.151,0.888,17.7665727875,7.44845464375,-14.809659809375,-29.438221675,28.93525875,743.47213375,27.695913897058823,64.61223362499999,-15.2723476875,-111.31197170588236,35.90760411764707,333.96647941176474
336,336,volunteer,299.231,299.871,0.801,16.21312657222222,8.733972572222221,-7.2808688194444455,-20.64651249611111,24.633377166666666,647.86838,2.648356922779924,-13.304068014157014,31.149086530888013,55.97670266705275,4.366744697554698,134.13395624195618
337,337,in,299.911,300.011,0.346,22.675823857142856,-2.155000485714286,-23.76274134285714,1.8564391428571432,35.28520171428572,814.0914228571428,-99.49592678571429,-125.39430857142855,269.6321283928571,28.65706053571429,-16.519437499999995,2337.4684642857137
338,338,our,300.071,300.191,0.834,22.083066444444444,-9.566051933333334,-19.899611555555552,-4.398947673333334,34.3462838888889,977.5030822222221,64.40217833333332,28.090971916666675,110.94540833333336,44.03520703333335,0.2881383333333196,-2415.455333333333
339,339,campaign,300.251,300.911,0.738,9.922460704722223,1.2457186516666667,10.41774686277778,-0.9205793212222224,27.543290499999998,521.5736030555555,14.152402254890605,17.23357815637065,39.669564661647364,3.4992035494208507,21.174865392535388,-421.64861859716854
340,340,that,301.792,302.032,0.873,9.2215200625,-4.845938365357143,-0.37114328410714287,0.30465984000000024,8.007841,618.0307785714285,7.745576151572111,-3.0322322534859873,-22.550161918745726,-16.9297889557758,33.23051597402597,-71.96992036910453
341,341,three,302.432,302.832,0.655,11.33767170275,0.765545827,-3.4462064024999997,-4.468914001499999,19.32440565,619.39965925,3.742271976500938,17.804114503001877,47.25843790290808,17.606885758630394,41.95335601313321,95.18956805816137
342,342,we,302.972,303.172,0.818,17.563966676470585,5.363651190588236,6.751621097058823,4.390355494117648,28.641737000000003,768.0685629411763,-30.22454631127451,47.51679606862744,-25.56905361519607,-44.86064888480392,101.86062647058824,-2066.2705098039214
343,343,have,303.232,303.472,0.868,13.887628246666663,-4.543068602000001,-27.40612116666666,-6.911465766666667,35.02105606666667,630.0084453333333,12.288602392857134,21.78502544285714,-38.44027633928571,-90.42020876785713,5.12220357142857,1179.1717767857144
344,344,received,303.552,304.152,0.769,3.9237538029411763,16.789118976470583,5.066803485294118,-3.1513849529411764,24.934924558823532,700.7076000000002,-15.43419369518716,6.667495332314743,85.20501903361344,11.584276562261264,15.606306485867066,-45.545597708174185
345,345,in,304.292,304.372,0.985,7.006125400000001,13.669053718181818,19.631401272727274,-5.5674420181818185,29.637631727272723,668.1169218181818,167.80700540909098,45.46254536363637,-29.405670454545458,-32.43380754545455,130.67360000000005,-4115.395681818183
346,346,this,304.412,304.592,0.792,3.372443572727272,23.255226727272724,3.281354805454546,-5.230345876363637,28.069459454545452,616.2131154545455,-216.8052707727273,113.41935590909092,-127.24932506363638,42.314615954545474,-133.2069304545455,4861.170077272728
347,347,"campaign,",304.672,305.272,0.817,5.549540352058824,4.706945904411765,6.010978377941178,-0.4257846691176472,22.091642470588237,645.553368235294,11.384093844996178,3.209325470817418,9.718191386478226,17.580297298319323,-1.273037708174177,-939.1746229182577
348,348,three,306.173,306.613,0.708,7.4117902001492535,1.4344831670149252,1.3555048595522385,1.0741932373134329,12.079445059701492,711.1031982089551,1.7285518408093214,11.758884327879317,8.162900911026417,4.881881978011013,36.854067499401374,13.99329974459256
349,349,and,306.973,307.113,0.642,8.505631509199999,1.9149370328000002,1.9152006200000005,-6.5238463064,13.444106360000003,448.294934,38.84920361807693,-15.74498072769231,-30.965075711538464,-35.35648818384615,96.82546907692308,204.95928269230774
350,350,a,307.153,307.193,0.492,11.73216625,-8.533334075,-11.392038,-6.9257169,24.34995425,481.444765,-90.36193500000003,-21.680485500000007,27.051479999999994,295.1253520000001,-501.3920950000002,-194.33989999999957
351,351,half,307.313,307.673,0.742,8.5572209375,-4.62969043125,-6.099352039166667,7.508717982916667,27.765460208333334,625.4489941666667,12.892854828260864,-1.333940897608695,-62.939339584782594,6.472933688913043,43.67821989130434,1083.033869565217
352,352,million,308.293,308.913,0.737,13.991396259516128,4.526786848387097,5.676883737741937,-3.6747256185483876,22.55585670967742,687.4858054838709,24.497544603573314,13.747078007101308,16.95450508360404,-4.406563317279845,37.472687245347636,-137.47414315932613
353,353,individual,309.354,310.154,0.93,14.526302490483873,6.356525273548386,3.7802167945161296,-8.942192938314518,25.151141096774193,688.4294769354839,3.0823161838407507,5.407417377200275,-5.123008342197376,-16.099530408471832,-0.6537593160585242,293.7700440809851
354,354,contributions,310.234,311.034,0.908,13.01908629009091,-4.095237824318182,-4.556853038636364,-17.0101706,32.24766106818182,735.7538581818181,3.708224976504581,-4.668133905743482,21.923678775123324,10.55266859267089,1.780002984496123,253.90994911909797
355,355,People,317.401,317.921,0.674,6.2580182476162785,-32.28023353909884,-25.65131505406977,-29.210701496220928,25.463464523255812,1004.5968361046512,0.43394828339091523,4.089082091409366,3.492153050370401,3.058595817621386,-1.0060529036898596,-14.03974176230076
356,356,who,318.022,318.202,0.941,25.464933357142854,14.1186605,-0.26275331285714293,-24.4962465,21.25822092857143,841.5986828571429,59.470640549450536,12.046128021978019,-9.106394639560436,59.09541263736263,119.32186538461536,-499.22770769230783
357,357,went,318.282,318.582,0.792,22.875508842105262,-3.245297107368421,-3.2191821157894736,-5.2285170894736845,36.77093142105263,526.6554105263158,-34.187554999999996,-42.29360862982456,-12.461781017543863,57.64887408771931,18.084191842105263,-1463.0060412280704
358,358,to,318.662,318.802,0.845,18.26406202727273,1.9307179018181815,-1.1918818181818185,-5.729286352727273,23.168207818181816,767.8835745454545,128.84055381818183,74.88440682727273,-95.83365109090913,23.36357898181819,-179.18497500000004,528.343936363637
359,359,Bernie,318.862,319.263,0.776,19.056121634782613,5.4934586665217395,-12.926515092,-5.469732109565217,27.570652478260868,869.5345769565218,-73.5756023814229,40.89981695800394,52.30859958181815,32.5683234021739,3.2020146245059236,80.81747924901178
360,360,"Sanders.com,",319.303,320.664,0.733,11.431879644142857,3.32223733,-17.570321447142856,-12.382893366714287,27.19951894285714,710.7231987142858,12.82669985818389,-9.658099490088357,-12.944617098504068,-27.82402212431983,7.321798951972707,-5.3101861516927835
361,361,and,320.944,321.044,0.849,13.946554557894737,-7.51271023894737,-4.872436378947368,-10.947315257894736,9.141375368421052,506.95732684210526,-23.475794780701754,-27.40559384385965,44.61551034210528,41.01131730701754,35.57081824561404,-903.5837254385964
362,362,you,321.084,321.184,0.893,23.861347285714288,4.311803528571429,9.853055238571429,2.13082822,35.16115071428572,416.7199514285714,0.29908035714285314,-105.1538544642857,-114.9825379642857,-25.916765821428584,0.626198214285712,80.6630535714287
363,363,know,321.204,321.344,0.876,21.681908625,-5.5214894625,-16.552624520000002,-27.278373625,38.886157875,927.1547187499999,-33.438637499999984,-66.3868451785714,-197.86146499999995,-621.6055029761903,37.84063154761904,2042.9174107142849
364,364,what,321.384,321.504,0.94,22.991147625,-17.193361787500002,-22.342709,-37.686628375,41.713685874999996,806.3122687499999,66.94945297619047,-100.46439755952379,-66.31727976190473,275.8312041666666,-3.5268482142857147,2264.1071130952373
365,365,the,321.565,321.645,0.931,13.57447514285714,-5.920409252857142,-0.42534118571428475,-11.4383885,39.633258,620.68264,-101.0344642857143,75.37746153571427,255.16105857142858,226.08368428571424,-16.574189285714272,-5201.147964285715
366,366,average,321.765,322.065,0.876,18.08379323809524,-13.830786814285712,-26.793752595238093,-7.684037819047619,17.367624190476192,911.9842061904762,-13.823927337662335,56.789305649350645,63.02061577922076,9.726149629870129,-56.953897922077914,1279.183214285714
367,367,contribution,322.125,322.806,0.87,10.9740952,-5.062077370540541,3.078550855675675,-1.9761938551351352,23.84563397297297,878.2200759459458,-11.165439056424848,21.948737368658133,38.59176168326221,39.06804983854908,6.1948631934566185,179.0042240398293
368,368,was?,322.866,323.086,0.808,16.557492035714287,-0.7629309142857146,-26.003707964285717,-28.737080178571432,39.70632428571429,939.8155642857143,-105.61314174725274,59.986391780219776,-83.05746016483513,27.40380379120879,17.686913626373627,-1053.0769340659335
369,369,It,323.526,323.586,0.998,10.027758024,-7.043512903999999,-15.220184385880001,-18.049271265599998,29.76548292,961.881478,29.20459653076923,-51.5643417076923,69.48296097988462,38.317589558461535,-100.47045953846153,429.18256269230767
370,370,was,323.626,323.786,0.845,12.810651439999997,4.09103689,-22.33987375,-19.63389462,22.472999,848.758098,-198.6787584848484,45.582815,-50.5533771212121,56.41611024242424,-274.12962424242414,22.716496969697165
371,371,$27.,323.626,323.786,0.845,12.810651439999997,4.09103689,-22.33987375,-19.63389462,22.472999,848.758098,0.0,0.0,0.0,0.0,0.0,0.0
372,372,We,333.094,333.515,0.903,6.146831406067761,-31.415393283572897,-26.57347768180698,-26.472981396776177,21.865329443531824,967.0639290759755,-0.1535858594057205,-1.3502364181988116,-0.9589686352620056,-0.8191774579818554,1.3269634937072652,14.500599774983414
373,373,do,333.655,333.875,0.899,13.165896804444447,-3.5459752694444444,-1.469935773888889,4.119664994444444,34.582402888888886,925.2428911111112,29.59293385964913,21.645779213106298,-61.72501514396285,-33.208488250773996,13.297790608875138,-831.0164602683179
374,374,not,333.935,334.175,0.811,15.8999669,-24.8660976,-19.910635002666666,-16.358056117333334,38.67626786666667,659.9654933333334,28.44948223214286,-36.64778410714286,-102.27214169999999,28.728208449999993,-3.9197973214285655,-625.9280375000001
375,375,represent,334.375,335.176,0.771,16.938131334,-9.839593706,-19.099705632,-5.0689449246,25.07953336,853.0416174000001,-14.469783761584633,8.962821537334936,18.808261403121247,5.176029374093638,-14.938878108043216,-247.8038249459784
376,376,the,335.276,335.396,0.841,8.339190972727273,1.58039829090909,13.816283481818186,2.858606263636364,22.90005790909091,602.4083436363636,22.10976904545455,134.47149081818185,189.84806140909097,-45.252822772727285,228.76309500000008,-3292.2042818181826
377,377,interests,335.496,336.157,0.915,5.491110310526315,-2.0116241173684215,-14.625208380263155,-2.275830407631579,21.801114447368423,789.8632228947369,-28.420687715286135,22.217429380566802,-60.61323385266441,3.6179971179013024,-32.04973701170806,792.1810151548309
378,378,of,336.677,336.757,0.834,3.173279656666667,2.7145692109999997,-18.39951706866667,-14.523145045333331,9.667327766666666,770.7390336666666,93.05630502002225,-19.355870489543936,-24.99203070901001,-59.327346219354844,70.97891923248054,-721.070384538376
379,379,the,336.817,336.897,0.93,24.419818142857142,8.592522171428572,-6.825531507142857,-20.422438857142858,20.197842428571427,573.0922942857143,86.87821785714283,-16.738672142857144,93.62741660714285,47.62219107142857,-382.0137964285713,-4719.293874999999
380,380,billionaire,336.957,337.598,0.898,16.41325857554286,-8.837957006,-6.914877077142857,-4.42665561342857,33.00843097142857,739.0625197142857,-6.050126422296917,-25.052407287535004,-28.361914963585424,28.547907315406157,7.178968683473384,-361.0981390756301
381,381,"class,",337.638,338.098,0.896,6.006837016,-4.589541876,-25.420750783999996,-9.941267648,26.03544164,728.970822,-51.00512975,9.372072261538461,-24.610036676923077,50.34999824846154,-48.85926665384615,-226.74776230769226
382,382,Wall,338.699,339.059,0.918,7.0609259489583325,5.702303872208333,-14.604218258333333,-19.966616167083334,19.66941260416667,741.6859695833333,34.83245712182478,8.002258884199954,11.77092850195397,-67.42089566527353,55.29841897796349,259.95403316326514
383,383,"Street,",339.099,339.52,0.882,7.696865916086956,-2.1647562478260864,-2.950274900000001,-4.134862413043478,38.193204565217385,1073.485186521739,58.68084069071145,-34.17356898221343,64.89083395750987,150.92524357707507,-5.555524258893278,382.1885207509881
384,384,or,339.94,340.04,0.676,19.20708601923077,-3.5336761520000004,-3.437803148461539,-18.519102984615383,29.073758538461536,878.4759380769231,34.60972358119657,37.22637825668375,-54.450178094017076,-171.68818887521365,-11.93143217094017,-421.54547367521354
385,385,corporate,340.12,340.6,0.695,21.87555616071429,-0.3602353857142858,-19.12302691142857,-35.363377,34.34306382142857,813.3214707142857,3.2409750889436237,-16.45012346743295,-11.126295363437325,52.819834893267654,31.768537588943623,-99.56377668308704
386,386,America.,340.641,341.201,0.845,19.905744773333332,-9.55783636,-24.57839257,-18.49619079,33.678118233333336,736.7440736666668,-16.763790631813126,-15.94535608231368,-42.02901788765295,-53.45935487319244,-19.369668531701887,-206.2916032258064
387,387,We,341.521,341.661,0.87,19.66335556521739,-6.984265654782609,-15.169875586956524,-18.234149391304346,26.790163434782613,763.1872765217391,-18.746351630434777,22.62959362944664,90.26909674407112,105.80451971343871,32.21374333003951,-211.43201581027668
388,388,don't,341.701,341.982,0.684,23.712913125,-7.6519663,-19.44345726875,-26.534650475,29.84945675,853.570315625,35.87259970588235,32.95348172058823,38.323150110294094,-103.52620161764706,-39.250575,353.2283698529413
389,389,want,342.062,342.402,0.828,20.570358380952378,1.0530522742857142,-22.79846365047619,-36.18876868238095,38.33033819047619,669.2924419047619,-43.15624298701299,-76.46528513636363,-47.196059145454534,85.09890618376623,5.09394285714286,-817.5224032467532
390,390,their,342.682,342.942,0.78,17.792578962962963,-13.643021748148147,-11.938019885185183,-11.089673524074076,30.651284037037037,718.1381188888889,12.088226343101347,2.4404331318681334,-2.259900622710623,15.452801068376072,-2.782063705738702,60.47532142857147
391,391,money.,343.043,343.383,0.685,14.687930969545455,-4.2126847672727274,-8.547822570454548,-12.608786081818181,35.55712468181819,652.0648272727274,-73.87675307707511,-6.236313569734614,73.9217639935065,44.92530286561265,-32.07594875776399,-1181.870274985884
392,392,We,344.063,344.224,0.954,15.383258611904761,-12.53859795952381,-9.921971561904762,-12.201974665000002,34.30787961904762,745.2072319047618,-4.069574090835426,5.373203205169759,-21.53996901628717,-9.069908029454659,-4.812535013370067,-223.28193169111086
393,393,will.,344.284,344.424,0.991,19.046081300000004,-12.9531432,-21.96470405,-25.67799326,31.0978812,857.5373389999999,-26.15528757575758,13.443450909090906,-189.07712712121204,-179.31890624242422,45.37089333333332,1470.7780636363634
394,394,And,345.583,345.703,0.698,12.5916956890625,-30.2665789859375,-17.051049937499997,-21.01110216828125,21.84414778125,897.23598953125,4.790136748054028,14.845535214400181,-9.911766889423074,12.720219273111258,25.78178149038461,-297.23135699404753
395,395,I,345.843,345.903,0.928,11.841140540000001,-23.644215099999997,-29.224827300000005,-27.054810699999997,38.4520802,799.1528249999999,-14.763648848484845,-62.08046939393936,118.52456151515148,155.59947181818174,11.899734545454551,2035.8613242424228
396,396,am,346.043,346.143,0.83,14.484598274999998,-13.284132666666666,-16.78126783333333,-7.362563241666668,37.84048583333333,707.5069558333333,92.70635729020975,47.34623479020978,-45.37346101398602,41.35833057692307,-12.672636013986017,367.5797115384615
397,397,very,346.824,347.124,0.787,15.7451850122449,-4.779645235714286,-5.906812757755102,-1.5173924066938773,11.911148795918368,819.228077142857,14.806722164285715,1.2055191993367351,-21.932150718622456,14.879099763224493,24.683547969387757,296.7609958163265
398,398,proud,347.204,347.524,0.907,22.79976255,-7.230330175000001,-25.701288490000003,-11.91423289025,22.713396099999997,700.9847495,12.945166203007522,7.193962560150373,-40.91226771428572,-95.72752778665415,100.19111601503761,-1112.163837969925
399,399,to,347.584,347.684,0.751,20.8109666375,1.6503441250000002,-10.88964259,-15.32406334625,24.568096375,766.92423375,-53.47668875,103.36892797619046,245.21608402380951,120.98118369642854,-227.60983869047618,1109.092458333333
400,400,tell,347.724,347.884,0.874,16.77458392,5.1630206274,-7.861294670000001,-20.691170789999997,26.1921712,766.094731,51.19386236363636,-27.07353004060605,23.861148575757554,-189.87048669696966,168.27041999999994,-741.5939121212118
401,401,you,347.904,347.984,0.85,18.4277278,-0.8466199,19.6650386,-7.047929199999999,32.0250332,579.843572,99.27433500000002,-76.69731900000001,-180.06184500000003,28.715235000000003,-50.84170999999997,6977.8087
402,402,that,348.004,348.084,0.944,27.5355372,5.287562324000001,1.4923234999999995,-18.763711,34.9015476,937.417462,213.55765500000004,90.54060130000002,-307.18885500000005,14.880210000000009,9.288720000000056,1465.2703
403,403,we,348.124,348.185,0.757,21.4317864,-0.8831003799999998,-3.17453626,-4.0085060200000004,37.4616204,783.084254,-342.94651000000005,-277.3509325000001,227.81276400000004,343.49901200000005,21.81977499999999,-3936.414550000001
404,404,are,348.225,348.325,0.826,14.688314071428573,-12.299243285714283,-9.732390899999999,-17.43988107142857,37.21894057142857,870.8348057142857,37.48967678571429,128.54089892857144,-128.8002828571429,-118.91907732142857,-29.291692857142884,212.02198214285698
405,405,the,348.365,348.445,0.833,15.430759166666668,-1.205355165,-1.7251245666666666,-1.921208508333333,30.902233666666664,608.2961150000001,-70.20310428571428,-51.0774501,0.881483142857116,110.28254164285713,-253.88946571428573,2256.427042857144
406,406,only,348.645,348.945,0.827,16.304895144,-2.5489760468,-8.8426551548,-35.146107568,27.54273572,757.1733515999999,20.231860988461538,12.23416775846154,66.64501942346155,103.83826806923078,-7.715125192307689,-931.2488361538462
407,407,candidate,349.565,350.186,0.63,11.211765970967745,-15.930281208064516,-6.840912087258065,-10.374456501935482,37.231644290322585,752.1680454838711,0.1091077250635843,6.961656033718615,7.21959117656317,1.7287884587142095,-22.424306169575182,108.2663750849891
408,408,on,350.626,350.686,0.994,18.06892204,-14.997725636000002,-1.7021717116000006,-8.6712354872,22.24149096,794.1099863999999,11.131370115384616,32.41322378461538,-67.62251203307692,-23.502730296923076,-26.37213488461538,-40.193319615384596
409,409,the,350.726,350.806,0.831,21.056971,1.7260555101666668,-2.2260479899999996,-12.0725745,23.532088833333336,454.2908583333333,46.47442000000001,-116.88774837285715,77.3531878,102.07610342857144,-404.7550871428572,-1907.3656714285707
410,410,Democratic,350.846,351.486,0.937,16.930240473529413,-8.835842923529412,-17.855206998970587,-5.394705569411764,27.947312352941175,734.8888814705882,-14.347813146676852,8.741059451489685,-15.307357161306332,13.51136710832696,-31.283257906799076,304.39984300993115
411,411,side,351.526,351.847,0.801,10.15402861111111,-4.644232638888889,-27.661791383333334,-22.03570075,31.24606427777778,737.4493044444445,101.32662234262128,-103.34662310113518,31.291674236326116,10.023984545923641,82.81759788441694,-634.0293581011352
412,412,without,352.167,352.727,0.953,19.627617829545457,-17.546798430454547,-21.201308734090908,-8.839072671136366,27.984877659090902,867.8780811363636,-5.114060857998591,-20.796448630514444,-37.386064514799166,-22.640787325334742,6.028971095842141,93.85770250176179
413,413,a,353.007,353.067,0.996,14.74350617647059,-17.41508961764706,-11.380267276470587,-5.219908223529412,32.45430311764706,728.6495370588235,-100.62122806372547,104.52939601715686,200.98233932598038,109.43588452205883,-33.32313578431372,-498.92681127450993
414,414,super,353.167,353.528,0.881,6.524146794782609,2.799308322173913,-14.409678490434782,-15.278806360869565,20.105724999999996,916.1670926086955,130.1849180415019,-45.01570820701579,-52.10586243083002,-48.042365415019745,0.5364483201581001,-298.94136956521737
415,415,PAC.,353.568,353.848,0.856,19.7469774375,-15.0096498625,-26.04267309375,-7.723077525000001,22.4310104375,700.563903125,-37.53724654411764,-89.8523758235294,-0.9438068750000057,46.0502777352941,48.240634044117655,-1118.094975735294
416,416,And,365.054,365.174,0.777,4.76476436255732,-38.669357324691354,-30.76452507714286,-29.15386795266314,14.421218185185186,1049.2458989241622,0.20478556443476978,1.5421463466965248,1.2473270408443329,1.148064166254693,2.1811524953674404,-3.855390353506986
417,417,the,365.194,365.274,0.823,26.699626000000002,-0.7206384530000001,-13.838562360000001,-14.3457085,35.342531199999996,882.1382879999999,20.97097500000004,-87.83803785000002,117.74561200000001,166.828835,5.319505000000008,1352.9539000000004
418,418,reason,365.354,365.935,0.914,7.684215489393939,-4.303534990909091,-1.0201871181818183,-4.147408954545454,32.66619193939394,695.4912596969698,-1.8121081293449206,28.29173329127674,44.382186704545454,-7.875675955882356,-10.821789822860964,-549.1265569852941
419,419,that,366.015,366.175,0.914,16.699536825,-4.602685930833333,-8.461216508333333,-17.69337725,34.340345166666665,696.8352533333332,-28.456676241258727,-81.27937918706291,-78.56692743006992,-3.975744930069933,-69.23004405594403,3444.479671328671
420,420,we,366.275,366.615,0.932,7.854822312272727,-0.9662436909090907,11.749489397727272,-9.817279540909091,36.85839904545455,579.3795036363638,-63.474524501129316,9.123416883116883,54.11705378176171,7.542199669678148,26.34140262563523,-894.2264443817055
421,421,have,366.715,366.875,0.842,16.084894384615385,-10.763341638461537,-13.542032592307692,-4.840624993846154,30.400076846153848,592.2423030769231,70.08750714285716,-64.84926461538461,-67.59679181318678,-39.53282868681318,-83.32882554945054,984.7866373626375
422,422,done,366.935,367.195,0.637,17.709198999999998,-8.5746996125,-17.090474143749997,-22.90740726875,35.97899325,718.94151375,19.730656323529413,22.57094129411764,7.784543566176463,58.58801127205879,-37.25222426470587,2331.6756691176465
423,423,so,367.375,367.596,0.926,4.4922087500000005,12.393523385,-18.516138449999996,-24.675687054999997,21.02370855,858.5275459999999,141.8804753007519,-39.77494737969925,-69.72532626315788,-150.31526082330828,142.0698545488722,266.5689278195489
424,424,well,367.676,367.916,0.976,20.2774899375,0.9477990312499998,-25.8794086875,-33.026271875,21.112906000000002,678.3159718750001,-65.26958801470586,-48.48579437499999,-15.251256250000003,-26.364662941176462,-172.81849264705878,822.4596933823526
425,425,Here,368.953,369.193,0.724,13.6423294653125,-0.7487205571875,-7.3355485745625,-8.866041407187499,7.654888187499999,758.31590015625,-3.5671363103708784,-2.1474118858516484,9.880425819972528,19.786038278685893,28.68080347298534,192.52055635302193
426,426,in,369.253,369.333,0.222,22.05956857142857,-7.041892071428571,-27.519770428571423,-15.435408857142859,37.894501285714284,828.7716785714285,-42.75548214285715,-7.564745535714284,199.7376142857143,-237.38646089285717,-5.363744642857147,444.94864285714334
427,427,"Iowa,",369.473,369.854,0.603,25.133801769230768,-0.2718843046153846,-28.408980923076918,-33.34045765384615,37.63492253846154,638.3961019230769,24.76083548717948,44.155724900854686,0.9446968205128206,-50.47174196581195,2.7184384957264958,691.5024374358971
428,428,the,369.894,369.974,0.831,31.450175666666667,12.397661333333332,-24.089245166666668,-24.8309375,35.24063316666667,887.7450466666666,102.71296285714288,-40.65335428571429,-1.3235357142856943,121.23664714285718,-15.377972857142877,1063.005628571428
429,429,reason,370.014,370.374,0.861,9.75711758,2.8376633250000003,-8.372225875,1.7328599200000006,30.240281700000004,859.894188,-21.659292060150374,6.824436312030075,-46.878333439849634,-86.0782860150376,-13.50441157894736,-268.3453375939851
430,430,I,370.434,370.534,0.801,20.543346624999998,-6.11050178,-13.568583924999999,-15.7163400875,32.2984455,464.77986375,75.63702083333331,57.943071023809516,131.75299321428568,249.22239505952376,-165.76090952380954,2116.3270654761905
431,431,believe,370.594,370.934,0.88,16.01230859,3.751198230000001,6.6692105005,-7.624096695,33.3735092,660.7527944999999,-71.43401908270678,-35.42407017293234,57.57012444097745,119.22283118421055,8.96905210526315,91.95319586466155
432,432,we're,370.975,371.075,0.202,20.42890114285714,6.251399385714286,-12.862677994285715,-15.941019585714287,36.48614842857143,669.70544,34.45790535714286,-90.77130964285716,-57.95052807142858,-18.163715535714296,-13.604019642857143,-1531.3253928571423
433,433,going,371.095,371.215,0.342,17.119630714285712,-2.4488324285714285,-10.379895785714284,-3.5167668428571432,37.34216299999999,880.7577400000001,77.70866964285713,-68.65621035714285,-51.13788303571428,17.87432071428572,-2.770771428571412,1259.5067500000002
434,434,to,371.235,371.295,0.618,22.207538,1.422037375,4.4557212,-2.5382021000000003,18.4820865,631.5508749999999,144.75446000000005,123.82500150000007,160.82572800000005,104.99379600000005,-740.4367300000004,-1151.8558000000005
435,435,do,371.355,371.475,0.99,14.954948611111108,8.256657577777778,-3.692377754444445,-6.302718533333333,29.078186888888883,647.0070388888888,-120.46342958333332,133.44975200000002,-97.1438228916667,57.37858058333334,-221.10833083333335,5208.115650000002
436,436,so,371.555,371.735,0.867,-0.2785684153846161,13.51062322307692,-14.459694353846155,-23.58763965859231,23.053111846153847,943.9503107692308,289.42179587912085,-70.44709288461539,-99.26179579670331,-274.84479143313183,200.99005686813183,-1329.6726098901097
437,437,well,371.775,372.015,0.998,20.5544695,7.8568279714285705,-31.818361214285716,-40.26917542857143,37.7092845,709.9152528571428,-65.10401923076923,48.22943246153845,-32.85316340659339,-139.1822993406593,2.8155548351648347,-18.850589010989196
438,438,in,372.135,372.235,0.903,17.828736154545453,4.730479135454545,-10.663760163636367,-15.17631237,33.50979081818182,603.7534627272728,126.97107190909097,35.33825204545455,138.39730922727276,228.22628754090917,0.44176181818182836,-2112.4371409090913
439,439,the,372.255,372.336,0.763,16.742107800000003,-1.239923624,-14.19067634,-7.432550000000001,34.061094600000004,403.81218,-87.46614,-97.25476700000002,-129.13934300000003,295.61791500000004,-52.675499999999936,612.9229500000001
440,440,Hampshire,372.396,372.816,0.954,10.7528079625,-9.1578271075,-9.845308741666665,-2.259957526666667,21.705540291666665,674.3277833333333,-5.402041541304349,10.783005359565212,-32.24064510869564,-59.99598758086955,-32.948593891304334,1259.4570099999996
441,441,and,373.096,373.216,0.889,9.037665769999998,-14.417939925000002,-7.842590249999999,-16.8160258,17.87780525,775.0446694999998,0.44042157142857147,-16.078745883458648,83.30315258646617,23.135239097744364,147.54196101503757,-281.2774695488721
442,442,in,373.236,373.316,0.221,13.9762304,-4.80557694,7.0241473999999995,-4.64429278,31.012764000000004,612.611446,72.65990500000001,254.62892900000003,-72.8224265,201.95744500000004,-210.98425000000003,-10620.584400000003
443,443,the,373.356,373.416,0.851,9.665570200000001,-6.60056072,15.5755644,-7.3356238000000005,38.1871166,444.683188,-29.315425,-140.08066900000003,135.253925,76.72936000000003,2.3296850000000555,-2836.63975
444,444,other,373.496,373.717,0.884,10.7107918,-5.9832010533333335,-18.49020799466667,-22.15425074666667,38.82356660000001,808.5626226666667,-78.81748482142856,134.6196435535714,14.183124364285717,15.226165089285711,-7.457501071428561,67.99455535714274
445,445,states,373.777,374.157,0.83,0.543575659090909,0.05097580772727284,-4.9048031454545455,-8.424246414454545,16.41157190909091,803.4195395454545,27.61551680124224,-20.52279197826087,78.51386537549408,58.3195401902315,-11.937172840203276,-438.11945143986424
446,446,that,374.497,374.677,0.991,2.979173084615385,-6.303536713076922,-10.26289468076923,-5.711238331153846,16.473161192307693,815.8220307692307,73.78634663247863,-42.66873498085469,-3.051906593162394,-38.796647115726486,91.70527659829057,-687.2279111111109
447,447,follow.,374.737,375.138,0.929,17.706597300000002,-0.9173022341304349,-32.29855460869565,-28.14384686956522,24.600704086956522,897.6040769565216,63.364886472331996,27.491952527173904,-41.93537549407113,-35.511654001976275,-50.34808843873516,-964.87162944664
448,448,The,375.818,375.938,0.785,17.222632191324998,-14.370475514999999,-16.31135876175,-20.74665834,16.091435625,933.938512,-3.7791262306238282,-10.839580337711066,19.541092279221388,5.755753887429643,57.043718147279556,118.04862270168861
449,449,reason,375.998,376.439,0.849,9.093770352,-0.9870032545999998,-3.0089587664000006,-1.8583181564000002,28.4248126,759.71999,-39.435781342307685,19.044248701923078,73.47849763923077,23.572414620384617,-45.8969331923077,73.44936115384607
450,450,is,376.579,376.719,0.734,6.345392814285716,-1.0649085500000008,-0.8798063385714288,0.0435233871428561,27.687951571428567,625.9571635714285,-53.27078819780218,145.8869134175824,-56.62455967692307,54.4078963098901,-170.5635758241758,491.5455439560436
451,451,the,376.839,376.959,0.739,0.20051162500000017,11.934480846249999,9.529129535000001,1.9615505116666665,21.717455583333333,475.31399333333337,128.9289871503496,-109.23727631730769,187.59992929020976,-10.56029573076923,225.16795227272723,-539.0587797202796
452,452,American,377.039,377.7,0.818,19.494010770270275,-8.581623883243244,-9.375738387297298,-1.8407015329729728,34.78562805405405,790.33957,-10.166738272878142,11.461143933025136,27.748557083214802,12.32533205832148,-14.234701896633476,-228.68959151256524
453,453,people,377.78,378.2,0.827,14.548767702400001,4.515479008544,8.945374467999999,-10.541866261600001,31.568682959999997,867.0790031999999,24.24735761461538,11.290621032276922,-115.86327975,-151.25652787538462,47.911896384615375,92.12039230769233
454,454,are,378.32,378.44,0.8,11.654658105000001,7.300457383333334,-37.433347833333336,-25.690671583333337,32.705846666666666,824.2273616666666,-92.77255957692307,47.4415886013986,-50.73793111888112,158.94858898601402,-71.2827332167832,31.908216783216574
455,455,saying,378.5,378.84,0.816,6.958470794999999,3.627494490049999,-5.924944435999999,-10.632384235,29.755926199999998,569.7618255,54.3948765150376,-50.87673545515039,152.929062556391,29.050791093984966,41.538287443609015,-1350.7152718045113
456,456,no,379.361,379.741,0.904,19.619509673333333,3.7391875331999995,-4.971430752666667,-22.172863478666667,26.6775584,708.3455017777778,13.08098338208169,2.3076039361660072,-51.39910657173915,-81.8225517857049,46.910489334650876,-66.24019940711466
457,457,to,380.141,380.341,0.822,22.7320099,8.000189177333334,-11.18467357,-28.010788780000006,36.366524033333334,677.3796480000001,-13.0840052836485,-10.304810433815343,24.580693300333706,34.78311272302559,-10.517355228031148,537.2258529477199
458,458,a,380.442,380.502,0.907,14.206916375,-6.7795369574999995,-3.8419760500000004,-2.1628569499999997,36.940470875,586.07595625,19.670197023809518,93.31813494047618,284.7228283333332,157.63676523809522,-4.604099404761934,-6547.517732142856
459,459,rigged,380.682,381.082,0.9,21.826852206896554,1.429701004482759,-7.027283506896551,-9.723036883793103,36.124716586206894,586.7546265517241,-45.111417746305406,-17.72263043743842,61.48955979802954,-6.223568187438423,-4.198007142857143,-785.2665359605911
460,460,economy.,381.502,382.103,0.933,10.548112540588235,-3.85707157745098,1.5236685137254904,-4.314646337254902,17.58689788235294,652.2133421568628,7.820593801583709,-17.363213584389143,-32.77610186334842,3.805075910135747,-10.09787932126697,383.85263384615394
461,461,They,387.645,387.925,0.991,6.775906284089347,-37.45222157800687,-29.940385636288653,-29.87826831134021,24.120377467353954,1008.8830045017182,0.3685386003929896,1.989999078317888,0.31062200988974875,0.6536393895368373,4.605669161963292,-9.61853446084471
462,462,no,388.045,388.306,0.94,20.141719368421047,-9.019843255789475,-10.464480178947369,-32.27529265,38.90794142105263,837.1111784210525,-8.528757368421054,-12.786903689473684,-74.51569565789474,-159.30741664035094,13.391055701754384,17.358907894736944
463,463,longer,388.386,388.886,0.933,18.179843137931037,-4.388728512965518,-12.859931989655173,-41.337655934482754,37.71414893103449,883.9172696551724,-6.687209556650243,-22.124629473103443,3.112087519704434,0.24659965517241259,-5.065081453201973,195.67466009852214
464,464,want,389.006,389.327,0.88,19.77345668181818,-2.4601597386363636,-12.23782728890909,-38.849479045454544,38.344956499999995,856.7472668181817,-8.786713184641451,-36.34658295454546,-16.7917625796725,32.408968746470926,4.831180717108971,281.3787687747037
465,465,to,389.367,389.487,0.896,5.5578037062500005,2.9271836125000004,-8.20414225,-8.2361934075,23.671242125000003,828.6253837500001,-102.93054122023808,243.73150803571423,11.22962619047619,168.29518939285708,-341.8614589285714,-725.6737440476189
466,466,see,389.587,389.867,0.922,-7.966138568421054,4.888680861821053,9.180102505263159,1.3293412557894737,24.73344384210527,709.2741826315789,87.49160978070178,-74.21323351754386,174.62838161403516,-10.100058095614036,143.8448719298246,-2084.9054956140353
467,467,an,390.027,390.107,0.95,10.338113008333332,-10.903715208333331,-3.014093508333333,-7.901184775,24.525204916666667,448.1953183333333,89.83841715034963,65.05495218531468,57.28032770979019,37.09769054195803,145.72542779720277,-1458.7111678321673
468,468,economy,390.187,390.788,0.925,12.868556905588235,-4.574469223705883,-2.069933461617647,-9.38145286764706,31.997821852941176,608.9027255882353,-7.117081152100837,7.717430560198623,41.04825295397248,23.15281100458364,30.629995179526347,74.64512032085554
469,469,in,391.228,391.288,0.989,15.401649319999999,-3.7086731279999996,9.62552696,0.5874030600000001,8.779583760000001,733.9732316000002,25.760780038461544,-13.336458092307696,-30.24085567307692,-34.41907232692307,80.10617126923077,-802.5224203846154
470,470,which,391.348,391.589,0.864,17.948443066666673,-1.6263754133333341,-5.600839753333333,-10.460771274666666,29.391389066666665,891.5909373333333,-203.91834339285717,-13.790333464285712,18.624607875000002,-46.47564718392856,-112.11732357142857,1425.0794749999998
471,471,the,391.649,391.769,0.717,0.6816416000000005,2.121927528888889,17.288668644444442,-4.957475211111111,20.65042122222222,771.3210977777778,159.42081616666667,-85.35221501666668,109.84460516666668,118.58504283333339,308.3885991666667,-1311.6210500000002
472,472,average,391.969,392.309,0.766,15.892458818148148,-19.325043892592596,-21.780053159259253,4.917714676666667,25.76195144444445,881.3366559259259,-4.947713517399266,89.70961588827842,61.132265503663014,-20.910550664529918,38.192108699633714,538.5310061050063
473,473,American,392.389,392.95,0.853,19.920436734375002,-5.1351879375,-13.80710570625,-3.0191609596875004,33.93656271875,795.5000125,-22.091539236620235,3.4066547763929624,32.20141085960411,4.54656434741569,-9.074051750366571,-612.1706853005866
474,474,works,393.35,393.671,0.869,21.103205459459456,6.132886878783784,-8.172498730270268,-12.58027017837838,20.623699081081085,777.9325467567567,-17.309809204599336,16.514619617057853,-72.45889800948318,-65.09563234115696,40.26319385964913,422.0047906590803
475,475,longer,393.791,394.231,0.869,26.08595280714286,5.954338445357142,-22.24993723214286,-29.518750500000003,37.31682503571428,833.0851460714285,19.263323423645318,-44.77155370648604,-84.16173403256704,32.28658694581281,-0.6134631226053662,334.3716804871374
476,476,hours,394.311,394.732,0.898,13.742332304,1.2987034559999997,-31.7077976,-30.207133543999998,30.189068040000002,816.758278,-20.33145579615385,97.63092089615382,61.38932115384617,-24.804466761538464,-72.79620076923077,-26.98297807692314
477,477,for,394.812,394.952,0.997,7.470103154545455,15.280646518181818,-12.9656165,-34.900655063636364,23.413116454545456,795.4717418181818,256.6891992272728,36.11355390909092,43.897825227272754,-209.9165037727273,234.0069322727273,1867.720236363637
478,478,low,394.992,395.232,0.925,27.88911192857143,10.716627830714286,-21.81475375,-48.89728835714285,37.29628507142858,818.7791242857144,28.96146472527473,31.093052590109895,2.6746908241758196,10.885172637362635,-2.4660954945054954,293.6506549450548
479,479,"wages,",395.292,395.753,0.902,10.583774538461538,-0.7753296865384617,5.078663196153846,-3.8351769975384618,27.52136976923077,884.5169334615385,-56.473359049572636,17.07373479059828,53.93594990940169,49.163046149948705,-41.33875261538461,-995.2323198290594
480,480,while,396.093,396.353,0.83,10.986916680000002,-0.12877748766666644,-7.850189574666666,-13.562874196,17.348745666666666,850.5302013333333,49.483784255839815,-40.77659820411568,-67.55706381223582,-93.74713221713014,91.89711877641825,-505.82950166852055
481,481,almost,396.513,396.914,0.767,16.286501330357144,12.526570642857141,-13.087072539285714,-41.00569682142857,28.34048825,852.4680842857142,-45.12861241447729,30.950047933771202,17.923424246031743,33.26434016146688,-77.81702012862617,166.31043377120957
482,482,all,397.294,397.434,0.833,19.645052903846153,16.950060115384616,-20.42083680769231,-49.7952186923077,23.37807173076923,892.0115184615383,10.2354245042735,12.301048256410251,-17.691314854700845,-28.659954085470073,21.53245885470085,-204.45212478632473
483,483,new,397.935,398.195,0.741,21.03992044736842,5.1813098952631576,-5.401213336842106,-25.10048884,22.254803289473685,701.6307802631578,-0.34526467337783273,-12.092093454097823,6.153347641973958,14.575736677973522,67.08958729073203,55.55067518328042
484,484,income,398.515,398.995,0.9,16.39175240825,-0.59834002074,0.9760651800000002,-20.2145886275,23.1759055,624.0484327500001,-5.507283297701691,-21.537529731684806,-15.52964979474672,-13.508397563320829,28.016943761726075,111.8503488273921
485,485,and,399.116,399.216,0.694,19.608510736363638,-5.76868685090909,0.5342478909090909,-0.9054308945454543,21.723056,722.1528,182.09545718181826,105.35429180909094,6.603225954545459,45.80120620000001,209.05507272727277,1245.3614000000005
486,486,wealth,399.296,399.616,0.825,19.67703475,-3.7811195399999997,-19.0003,-24.315017301499996,36.38212045,830.2658035000001,-61.733132135338344,10.777600473684208,-65.66925270676691,-32.03711083045113,0.3152700375939855,217.7192041353382
487,487,is,400.337,400.437,0.746,6.687079851707316,0.8086739807317075,-4.6178527,-5.044335107243902,7.814940975609756,865.1545595121952,-7.241588048432056,10.450087509059236,33.638941366724744,41.69308926734321,-36.34851412891987,-15.424886324041777
488,488,going,400.497,400.837,0.825,18.395438324999997,-5.023065614999999,-11.96385954,-22.17131398,30.8904693,712.792002,18.767673853383457,8.621791981203009,37.9244767518797,30.754049496240608,-3.8716410526315763,-1213.4859699248123
489,489,to,400.937,401.077,0.874,15.609028566666668,0.8128210500000002,-1.1925652916666667,-9.306114708333332,15.503937583333334,744.2498608333334,-24.710218881118884,45.09443465034965,-24.59773043706294,5.523440681818187,72.96234213286714,-14.535722027972065
490,490,the,401.097,401.177,0.835,18.8308978,-3.3030781552,-8.57124826,-12.33601694,14.856733600000002,525.8820600000001,97.21938000000002,78.56546074,169.21660200000002,197.90098650000004,-557.9227800000002,1838.5890499999998
491,491,top,401.238,401.558,0.971,14.618841336842104,-10.921279100000001,-25.848590089473685,-16.696436457894738,27.91691384210526,785.0459594736843,32.25959501754387,-77.75336482456142,-110.79623141228075,-73.80556389473685,113.72219570175442,548.8879833333336
492,492,1%.,401.238,401.558,0.971,14.618841336842104,-10.921279100000001,-25.848590089473685,-16.696436457894738,27.91691384210526,785.0459594736843,0.0,0.0,0.0,0.0,0.0,0.0
493,493,What,409.105,409.265,0.613,7.27196239761039,-29.21226520558441,-25.232563894789607,-24.558772843974022,21.14001098961039,953.9053851428572,-1.2595090057993652,-1.3565357734059578,0.8659371534801873,1.5994129996855229,-0.7046979667628356,4.233958315389273
494,494,the,409.305,409.405,0.93,12.292751785714287,-2.328950314285715,8.615302085714285,-9.528270842857141,36.484770857142856,584.0735042857143,38.12129732142857,59.96948767857145,138.35428267857142,136.1197125,1.985008928571424,-2285.3376071428575
495,495,American,409.465,410.046,0.803,19.279220684375,-9.03518641125,-14.99339778125,-5.958625552187501,37.06556559375,892.3291690625,-4.451338452162759,21.37039117045455,35.45374613819649,15.815444974615108,-9.192098872800585,-422.71870995234616
496,496,people,410.126,410.566,0.752,17.66262603846154,8.71869654,1.203596665384615,-17.191570939230772,28.34683742307692,674.2234996153846,14.12589707692307,49.08151526461536,-75.3342306239316,-182.07287690290593,-4.476092940170941,911.3188035897433
497,497,understand.,410.766,411.387,0.934,12.997902970243903,5.458405933658536,-9.994990222056098,-16.833013381951222,17.258519341463415,741.4153090243902,-14.743161579094078,0.8948633491289195,14.69013467329617,57.087866249651576,39.37189653310105,-474.98434843205587
498,498,is,412.108,412.208,0.822,12.949306524390245,6.213307871951219,3.072692562341463,-1.9505551938048782,4.034576414634146,691.0614131707316,-25.59270982665506,17.316485174477357,13.968244130000002,4.030246369355401,21.265096968641114,154.31089172473864
499,499,this,412.268,412.468,0.742,-0.19281118461538463,15.18795951923077,-5.6702156492307685,0.9527916092307697,17.921168923076923,602.8354084615383,-40.257653846153836,1.952371195054939,-41.659034192307686,-86.47051518681319,-31.415152472527453,-2541.371274725275
500,500,country,412.568,413.068,0.917,11.224013540416667,3.889547967,-4.344478751333332,-5.1347063266666675,20.256483266666667,597.3974866666666,33.42051875597887,2.2859478174638515,37.43423756106785,15.811970389321468,47.18356064516129,-121.08287052280318
501,501,was,413.309,413.489,0.712,17.762762604761907,17.772873833333335,7.537406576190477,-4.534490519047618,13.748792047619046,640.8321457142856,-18.51273143506494,42.70222240259741,-94.06044944155845,-81.51082746103897,-9.881781363636353,580.9385084415585
502,502,based,413.589,413.989,0.904,-2.0358265580000006,15.2331377288,6.0599894046,4.6191811084,15.839161079999998,785.3404295999999,-76.16033957692308,43.265527753076924,22.402798984423075,53.55426533846154,-29.532576076923075,425.02691269230775
503,503,and,414.209,414.309,0.842,1.979745290625,10.18576316875,-3.3173443000000002,4.798778466875,16.593723500000003,691.323899375,121.08226076838235,-15.413040625000002,61.21259354411763,-112.77816712426467,155.9617188235294,-2775.822424264705
504,504,is,414.429,414.549,0.825,2.9086798875000004,22.171723833333335,10.621974866666665,2.4657652333333338,20.594163166666668,454.63357250000007,-44.19182080594405,94.97406153846153,-58.99062269230769,85.59411006993005,-211.98534860139856,512.745082167832
505,505,based,414.629,414.949,0.881,0.8955145049999998,14.559584945000001,5.970399615699999,1.8388566000000004,15.380493000000001,817.4516905,-66.83269083834588,33.24795598872181,-2.799111312406016,-1.1914804135338355,-35.02265383458647,798.1141349624061
506,506,on,415.169,415.269,0.587,20.238477643750002,6.555265491875,-15.6442686375,-32.6815339375,16.165882500000002,804.161883125,108.87752672794117,-8.565065556617645,34.10452411764704,-38.951751838235296,114.00874367647057,-1381.6060860294115
507,507,"fairness,",415.449,415.97,0.862,7.213841883314284,4.200110293500001,-2.5301853474285716,0.4317734254285714,17.576534600000002,643.1482405714287,-1.9878738783193302,-4.327619073984591,12.830849670868345,20.0070274595238,-31.537779005602232,217.84034579831925
508,508,on,416.53,416.61,0.973,2.0492948896875,-0.3836899662500002,-10.082432240625,-12.529633023437501,8.6405954375,858.9232559375,106.20710533092011,-34.01417260153959,-25.840725204362176,-53.02977619730573,52.85329860703814,-197.0891274743402
509,509,fairness.,416.73,417.17,0.738,7.480116260714287,0.17571829285714266,-6.9215624785714285,-0.9553723157142854,17.895397714285714,612.0121853571429,-30.35811165708812,-6.16870027914614,23.132567629994522,25.18495937766831,-60.994572988505745,-183.43640818281338
510,510,It,417.67,417.75,0.833,-0.47305482896551726,-10.794747603448275,2.9375230737931033,-6.676277058620691,15.703906068965518,743.2127,43.73688127364531,-54.731922999999995,39.33824720689655,-42.609982815270925,97.78546628078819,1034.9193187192118
511,511,is,417.87,417.99,0.743,4.868074525,0.5079086249999986,-0.6455761583333333,10.339452675,22.148959416666667,622.3084075,-120.40638417832164,208.70275603146848,-160.1433839335664,66.5008138986014,-234.10412779720275,2105.8294772727268
512,512,not,418.13,418.39,0.747,7.74013907,-8.947241846499999,-16.217766851000004,-9.8083551,31.472767600000005,734.6525735,36.21126609774436,-95.50540884624061,-91.86864894736846,-50.64307869924812,59.01690037593985,-846.4050176691729
513,513,fair,418.511,418.891,0.903,9.193682803846155,-10.024842119230767,-15.280121943846153,-10.569955161538463,12.973516230769231,696.7272046153847,61.0243614239316,-45.43441550256408,17.101157263931615,2.0431567350427344,7.76500358974359,-415.69576581196554
514,514,when,419.531,419.731,0.776,16.002781611904762,-7.74637149857143,-0.9987712076190475,-12.408709349047616,9.161340714285714,699.5804892857144,20.0453749205899,30.231772932582434,0.8315112364476137,11.105811221213838,48.30644706263673,85.54905700510494
515,515,the,419.771,419.851,0.985,25.633354166666667,2.3948305205000002,0.632781083333333,-7.156288233333334,28.522836666666667,404.7658083333334,21.984855714285715,28.298369472857146,4.1251958571428755,15.11447942857143,-146.4223942857143,-633.8538714285709
516,516,top,419.931,420.291,0.927,13.422811790909092,3.339546684545455,-22.928930986363635,-16.544206836363635,27.77924209090909,601.2815122727272,33.596499147374374,-12.323319546583853,-108.66537571146243,-86.3111565104461,94.91497515527949,-696.490972614342
517,517,one,420.531,420.651,0.908,27.870955111111112,9.05292145111111,-10.99471792222222,-20.307222916666667,29.86270916666667,740.813475,19.24376243550052,-0.6385307595459248,44.79048745098041,2.986542234262128,59.88077755417958,-224.8136558307534
518,518,tenth,420.751,421.092,0.829,13.754647886363632,3.3240628227272726,-1.9478990768181823,-0.8611455818181817,24.708955181818183,504.3446295454545,-9.597317258610955,8.623472046866178,-23.962443530491242,-31.20704840767928,53.507970694522875,-313.71080039525685
519,519,of,421.152,421.212,0.749,17.8428255,15.256712900000002,-13.227111666666666,-20.830674616666663,17.523354,874.3102066666667,16.091732857142848,149.15594142857145,111.10433142857144,449.0909164285714,-180.81930285714287,-2664.8069714285707
520,520,one,421.372,421.512,0.66,26.651970000000002,16.929192099999998,-8.655429745333333,-29.063441166666667,35.2963982,672.0883266666666,54.71802678571428,-63.102073553571415,-59.31128386785712,26.14805535714285,7.895473749999997,-983.4862803571426
521,521,percent,421.592,422.072,0.81,13.26685505357143,11.018103317857143,-17.206222174999997,-7.917154908928571,24.945401678571425,670.2180739285714,-15.647325636288993,-18.999351049534756,-1.2370208415435113,40.631175619184454,31.105534660645862,-971.1964642857142
522,522,today,422.612,422.972,0.777,9.207590570666666,-2.2748692748888883,0.5577690538666666,-3.8054784277777776,10.604398244444445,636.9321984444445,14.003746821343878,-9.996253393478264,8.252373248616603,-2.7863198784584986,50.35895789196312,-343.44071455862985
523,523,owns,423.292,423.593,0.77,24.19421672903226,10.849803046774193,-7.211562627096773,-27.64011118709677,27.82553203225806,769.2056754838709,-14.11157397580645,48.463754182459674,37.19811756854838,17.122490782258065,-21.108153104838706,-481.05701532258075
524,524,almost,423.953,424.333,0.779,13.517364489594593,22.81617164864865,-3.7271393810810807,-25.79599127297297,16.177433054054053,790.1129324324323,5.433762220187288,15.9415670934092,10.422552579540067,-30.5506641868184,20.90364559032717,23.98844084874343
525,525,as,424.453,424.533,0.668,0.9098841870000006,24.685308000000003,1.3320235892999999,-14.100821550000001,14.0240219,860.8520059999998,-129.27245799090906,123.5416303030303,9.544279506363628,76.42784439393937,-256.99143060606053,1658.7208484848481
526,526,much,424.593,424.833,0.82,11.322822066666669,12.561632566666669,-9.137719964666669,-22.212142313333338,24.778004266666663,838.0640813333333,-118.28521857142857,-149.6481541428571,-26.292675264285716,-47.022994374999975,-132.9070964285714,735.6252107142857
527,527,wealth,424.933,425.213,0.897,17.277424231578944,8.997105089473685,-16.39843130526316,-31.83124347894736,27.785055210526313,870.9483436842104,-9.901960552631579,25.92512196491229,-46.9110964122807,-72.62282512280704,67.07044921052633,-345.4255710526316
528,528,as,425.613,425.693,0.826,10.085000395833333,3.361900241666666,-15.116343366666667,-12.974830448333334,13.771727874999998,772.9213229166667,-25.988779449999992,46.16431530869564,14.882651599999994,101.33944595304345,-73.08911789130433,-23.659603695652205
529,529,the,425.753,425.833,0.832,19.101576785714286,17.901901428571428,-6.319395257142857,-15.565479171428573,14.448891857142858,761.47994,228.59667535714286,-71.76079464285715,28.732204999999993,33.99431267857141,-181.69177857142853,2802.2743035714298
530,530,bottom,425.873,426.234,0.99,30.19477415,7.150988534499999,-26.346699835,-30.259082985,29.2635147,777.04003,23.306460037593986,12.224633203383462,18.644370860902256,26.72379143984962,-0.5153829323308284,-523.1769812030076
531,531,90%.,425.873,426.234,0.99,30.19477415,7.150988534499999,-26.346699835,-30.259082985,29.2635147,777.04003,0.0,0.0,0.0,0.0,0.0,0.0
532,532,It,426.674,430.495,0.616,9.974720018732393,-16.226071006539904,-12.14507763568075,-18.148025418356806,19.209466,834.4112281220657,-3.1187033030162103,-10.797890378424142,-1.2623335498744541,-3.120909834318289,2.3399582960379104,58.13023141334341
533,533,is,430.755,430.915,0.573,7.459584742857144,4.928168471428571,2.1316323019047623,8.912889702380951,24.98461580952381,598.3184223809524,-38.24517838961039,97.19328301948053,-64.16315715454546,23.932897996753244,-121.47550474025972,1486.9880233766235
534,534,not,431.135,431.356,0.728,15.73141731818182,-5.167042859090909,-12.557450095454545,-10.016869918181818,26.793299590909097,699.8190981818182,5.402778402032751,-67.43173905420666,-71.33663292207792,-63.40632259175607,80.38854638622247,-253.990460191982
535,535,fair,431.476,431.916,0.786,8.632535685714284,-14.558091004285714,-20.74866022142857,-12.878344967857142,29.14730560714285,925.0092092857142,34.803457681992334,-27.533970879310342,-26.184106674876848,-4.297861035851122,53.077236603721936,-781.3066704980844
536,536,when,432.196,432.376,0.9,21.460833391304348,-3.2732228913043486,-13.368800239130433,-15.96987739130435,22.13982060869565,736.0651304347826,32.95769841897232,42.74681152667983,81.18522703557309,-11.272666452569164,66.50581042490116,-299.99566007905133
537,537,the,432.416,432.516,0.694,21.207566857142854,5.0923743,3.7669305714285715,-18.140261857142857,35.639821857142856,622.5688614285715,-44.62056964285714,8.580179642857148,17.609958749999993,24.957314285714276,1.6585303571428258,1267.7853214285708
538,538,20,432.416,432.516,0.694,21.207566857142854,5.0923743,3.7669305714285715,-18.140261857142857,35.639821857142856,622.5688614285715,0.0,0.0,0.0,0.0,0.0,0.0
539,539,wealthiest,433.236,433.917,0.814,12.694499309428574,5.980197736228571,0.33087821594285705,-11.268683070142856,29.40640685714285,717.4496715714286,-7.067780865488584,14.778425170879188,-0.8473710334913819,-1.2722823722071563,12.729761912343628,-263.79269464613776
540,540,people,433.997,434.397,0.695,15.048437454166667,13.956150358333334,3.0293614874999997,-12.780116297916665,34.863130874999996,675.6667716666667,48.89462150652173,32.97334742173912,-75.53271725869563,-156.37505095978256,10.751049021739126,802.8599026086953
541,541,in,434.557,434.637,0.826,13.707734116666666,0.06890967833333332,4.020048866666667,-16.153506279166667,34.303503666666664,599.2684475,84.66170975524474,81.52468675874125,165.79005010489507,223.1332642395105,49.853261188811196,-1305.9080262237762
542,542,this,434.697,434.877,0.835,10.112227083333332,21.268085833333334,-3.516331008333333,-7.151089176666667,24.865421833333333,613.7507591666666,-236.9176438811188,76.18879405594404,-131.87331554195805,-24.432115923076918,-128.23810524475525,2824.4951800699296
543,543,country,434.937,435.397,0.799,10.810128892307691,3.5603360642307695,-7.905926734615385,-7.728016700000001,25.164849038461544,788.2871765384617,13.112123459829053,5.439295320854692,28.254846186324777,24.707140300854693,24.407282615384602,-175.82840940170934
544,544,own,436.097,436.237,0.762,16.106174857142857,8.349528038809524,-2.368196805714286,-16.97336027880952,16.73991169047619,726.3037221428572,25.31454193987521,19.456907179928688,-28.244478134754065,-49.04052064310023,23.862037756259618,299.2016558220566
545,545,more,436.317,436.578,0.799,29.459511352941178,18.021386147058823,-9.718491070588234,-43.49810502941176,36.050638,889.5070711764705,-15.618536397058824,5.891939399509806,-138.50750191176468,-182.84736531862745,18.037491911764707,-91.08075612745097
546,546,wealth,436.658,436.978,0.745,23.76146645,9.4729266975,-24.485799874999998,-31.44868985,33.91807185,749.830059,-67.35244958646615,13.992259697368425,-11.12125995864662,-70.74957236842106,-13.665182669172935,370.8156571428573
547,547,than,437.358,437.558,0.795,17.496321406896552,0.8517851948275864,-7.2006869206896535,-10.086719331724137,20.789898275862065,637.1329413793103,26.984107802955663,-2.3047977475369428,47.10112349507389,59.003198628571425,24.473060270935964,-829.3682162561576
548,548,the,437.618,437.718,0.747,32.415549125,5.4603446625,-7.427457025000001,-20.63206407375,34.691498625,576.2573649999999,66.68781964285712,38.57712494047619,-201.55153011904758,-164.55757062499993,1.4685601190476334,-1960.1847142857143
549,549,bottom,437.798,438.198,0.986,27.767540249999996,-3.0729369791666663,-27.230421141666664,-25.563231312499997,32.65236216666667,628.9210908333333,2.9841289565217406,6.482641449999998,9.826742999999995,9.905609228260868,-33.63219952173912,-475.6525195652174
550,550,half,438.558,438.878,0.811,13.566240715000001,-13.423923805000001,-13.36795085588235,-5.083118997588237,16.66970938235294,696.838285,-12.18208860771581,-27.12946982788387,-34.052126116883116,10.106518960932007,54.00185753246752,288.2831470588235
551,551,of,439.219,439.299,0.749,13.555525295238093,-5.591209134761906,-22.23126638095238,-18.354377932857144,8.663763,697.0027566666666,28.768721220779216,49.86709459090909,-14.942495974025972,-83.94649730844156,79.80996415584414,-338.1552175324676
552,552,America.,439.399,439.839,0.85,20.541964293703703,0.803776513703704,-24.446195062222227,-15.87140278925926,26.548980037037033,860.8569725925926,-24.91414171428573,-17.536953254273506,-5.15808936630037,-0.9948983165445632,-42.433232844932846,267.1361355311355
553,553,So,443.263,443.483,0.824,8.434213164285714,-26.423871203076928,-20.913015099010988,-26.27422523901099,17.05386262087912,966.9558800000001,-2.134645604848462,-2.144540123230994,-3.912096825798148,-2.455306893571513,7.457750761596882,42.694817001764655
554,554,you,443.503,443.644,0.592,16.706694125,-2.67352627625,2.64749091,-5.151229975,28.66228075,535.9172625000001,-29.009944642857125,-13.961451291666663,-7.5702609523809485,72.1029926190476,-265.84293095238087,3138.6658452380952
555,555,guys,443.664,444.064,0.717,16.452053252380953,-8.74273440952381,-15.528310466666667,-16.78934211142857,27.82362128571429,655.1747623809524,-37.486471090909085,58.71410412337663,36.753450480519476,94.75850174025973,-77.47083402597403,-664.0042584415584
556,556,ready,444.184,444.484,0.922,17.21010986952381,-5.351492657142858,-3.321515436190476,-8.879591404761905,37.388963809523815,768.9491290476191,-49.3907364025974,-35.25556121428571,71.97599997792209,4.449568350649353,15.165169285714285,-1887.8485214285713
557,557,for,444.565,444.745,0.841,15.248066893846154,5.6507778153846155,-17.68485465769231,-3.804940616153847,22.812224846153846,750.2574807692307,140.93294899999998,-57.2006775,-303.68112303571417,-128.14477760164834,204.7037164835165,2203.057467032967
558,558,a,444.805,444.845,0.508,16.672233600000002,-16.468631,-6.075778140000001,-3.3334811799999997,37.312549000000004,1111.20918,18.35451500000001,83.27709000000002,409.6683755,256.5617630000001,-4.018884999999984,228.94149999999996
559,559,radical,444.965,445.385,0.882,21.18089433333333,-5.2681656648148145,-22.973968166666666,-19.660067855555557,33.52134548148148,724.6182103703705,-32.16491578144079,12.374228374542131,6.136916239316242,-69.50869610195362,-14.702054334554344,116.07785042735046
560,560,idea?,445.526,445.946,0.842,13.625355010714287,-3.8485036453571437,-10.79514778392857,-17.766232663214286,37.63626489285714,600.8052521428571,-13.634214278872468,-43.07976030391352,8.733433844417078,32.279025480706075,6.802049767378214,-287.76977066228784
561,561,"Well,",452.053,452.393,0.792,5.719757446,-38.71637605456657,-27.29879641702786,-30.62488479876161,19.913128346749225,1019.808853250774,0.7502128667100756,1.9970701843309784,-0.7599617727698754,0.6915718825516475,5.8305747830787515,-25.790436539807878
562,562,so,453.114,453.414,0.814,9.904884816666668,-17.32847952058824,-25.789217868627446,-29.266543254901958,25.32725050980392,923.7140129411766,-10.54069964162896,34.93863567579186,15.593950864705882,-12.350445614479643,1.1043703393665165,-146.83361936651588
563,563,is,453.614,453.795,0.718,8.513766112631577,-6.931318,0.49890177684210535,1.7865673236842106,30.781547526315787,544.730825263158,-33.20873008947369,90.64960199122811,-14.420074685964915,39.26273323245614,-104.41561929824564,327.08766929824566
564,564,America.,454.095,454.676,0.878,19.56211263340909,-5.435782243636363,-20.664220202272727,-13.749493119863633,21.70310981818182,778.3159695454545,19.68244616867512,-6.3495404061310765,-19.40775614270613,-11.013940355243133,16.35816644115574,130.48520676532763
565,565,And,454.756,454.836,0.797,19.339708625,-7.940910124999999,-9.130357587499999,0.5925252274999999,25.763668875,741.19962125,160.47730059523806,300.7069564285714,295.84142613095236,59.31960117857141,249.11436130952376,-3934.213029761905
566,566,that,454.876,455.036,0.834,24.5960206,-6.99645876,-33.09262323,-11.05659857,35.169787,648.183811,23.65457393939393,-54.084038666666636,-208.3078725151515,-45.3517379090909,0.02253636363635989,2566.902275757576
567,567,radical,455.156,455.717,0.842,17.75798269705883,-12.469101607058823,-26.029326385294116,-22.64436048529412,38.69546461764706,819.6762205882352,-19.28225989228418,7.688425198166538,17.84806495110771,-37.74176466233766,5.377106241405654,214.88808372803666
568,568,idea,455.957,456.397,0.969,12.224841973529411,-13.80274556617647,-12.120136109999999,-14.87560091764706,32.11501558823529,708.3956905882354,13.828523799083266,0.42884237929717317,23.894292388540865,44.20150309549273,13.812410297937351,-59.047124980901394
569,569,is,456.578,456.758,0.712,13.169396591111111,-7.523168144444444,-3.810024218333333,-6.334488980555556,27.124028555555558,931.9252772222221,-42.31787199793602,153.79677526315788,10.945663851909183,14.053112520639846,-130.34684551083595,-1104.7393183694533
570,570,we,457.358,457.519,0.768,7.870843081578948,-6.356236652368421,-7.913772178947369,-1.6096835863157897,8.89545394736842,830.9402049999999,50.933430604551916,-22.534644366287335,14.955362136995296,-8.960603410001093,53.744081704781706,-193.40837241492508
571,571,are,457.619,457.759,0.87,21.863267750000002,-3.699026983333333,-17.294966191666667,-34.644638,36.73005608333333,783.3203858333333,100.3064054195804,44.18525381118881,165.055225506993,122.4806199300699,-8.872039335664331,-1439.5254388111885
572,572,going,457.799,458.159,0.871,19.4146112,-4.091845038000001,-8.35410441,-35.470054274999995,38.3696099,800.605174,11.923452631578948,7.647485792481204,35.550224052631584,79.71310539473686,-0.3539560902255647,-664.1287293233083
573,573,to,458.259,458.38,0.934,18.524719109090906,3.882604322727273,5.283705618181818,-10.208648618181817,23.872042909090908,671.5260218181818,-14.973784090909088,28.172002363636377,27.34478304545455,122.84137881818185,-192.39711318181827,-2271.562036363637
574,574,create,458.46,458.94,0.677,14.744578317857142,-5.579735169285715,0.24513011785714317,-5.105455140000001,28.460968428571423,699.2040432142857,-24.301944987684724,-23.012247068144497,66.972134333607,-8.986795533114396,71.14821518883416,-1088.3565149151614
575,575,an,459.281,459.361,0.844,14.776963214285715,-7.973255385714286,0.28404006714285696,-4.4725631607142855,27.562890380952382,592.837921904762,12.024979058441557,15.613241240259736,-60.74131839090908,20.576499546103893,2.9661195454545504,-118.52300389610404
576,576,economy,459.441,460.021,0.892,11.253207906060606,-4.821822301818181,-3.0761770875757577,-8.861793133333334,30.37474603030303,604.1342096969697,4.1320616460561475,33.30736060895722,54.809159792947874,0.5505784659090899,5.916351019385028,-333.2819189505347
577,577,that,460.362,460.582,0.58,14.556649546428572,-5.650515907142858,-1.089342623607143,-6.088811999999999,9.380067178571428,663.4535546428571,21.12910387931034,-32.67241415435139,-57.21252031555829,-3.98972521072797,39.40951022167487,168.8557716201423
578,578,works,460.662,460.982,0.892,18.437991525,3.1503085724999997,-33.45336820500001,-18.005640579999998,35.784376800000004,907.1830130000001,-108.83203080827069,25.8878842537594,-59.26810025187969,-50.3550187744361,13.147880977443613,797.6931962406014
579,579,for,461.062,461.223,0.888,10.243488450000001,10.041531908333335,-21.010656208333334,-25.096285724999998,24.845497916666663,868.2790058333334,239.6646094055944,35.43764180069929,25.670737849650347,-76.64830697552446,202.22580751748248,-594.0396206293708
580,580,working,461.283,461.723,0.861,18.3587823328,5.955964848800001,-12.792783696,-12.512255197999998,30.63313012,788.5518443999999,-47.60052124923077,-7.09316792615385,150.39351512307692,85.05326515961539,-46.97211196153847,-567.9623811538461
581,581,"families,",461.823,462.424,0.904,10.114722840000002,-1.208917714,-3.253429209428572,-4.251221861142856,29.982187028571428,759.7728502857142,5.4292959299719845,34.05720158375348,34.297830618067216,-2.4808761266106427,4.40188512605042,-516.6481369747897
582,582,not,462.824,463.045,0.883,8.453052662580644,-6.907080198064516,-7.656925655806451,-6.815303648387097,17.732296967741934,776.5667119354838,48.4324268391129,-48.939744960080645,-64.3075639546371,-28.981915697580643,36.51383116935484,-21.677041129032162
583,583,just,463.105,463.445,0.841,3.894616028,-0.8726316950000006,-17.85216571,-17.821845557800003,13.787405549999999,802.3129665,7.593482354887223,76.93647408646616,-95.78498597744363,17.327366327669168,-67.31412981203009,-576.1578973684211
584,584,the,463.725,463.825,0.994,13.16690503,-1.6036290000000002,-18.26902847368421,-19.789999263157892,10.185301263157895,751.4399747368421,70.38220612017545,7.048841254385964,35.1856156140351,-66.40163543859651,108.64450342105266,190.31056491228063
585,585,billionaire,463.886,464.506,0.898,15.453751538235295,-3.2549475264705885,-8.670891688235294,-13.418645352941175,28.879936382352945,638.8222232352941,-7.6085362299465205,-24.525433796027496,-18.676326800611147,48.97652967761648,-7.600626592818943,-811.8793502673794
586,586,class.,464.546,464.907,0.954,10.63221678,-2.854505003,-24.26564607,-14.725407100000002,18.624603,715.1849810000001,-26.40822164661655,-20.998858460902255,-56.95427462406016,30.359384962406015,-28.03318819548873,-784.3736616541354
587,587,And,473.985,474.105,0.785,5.659729100021739,-37.28343075347609,-31.911219107108696,-31.220513949999997,18.483033480434784,1022.9238725434784,0.5331409218541244,1.2558402488358982,0.9798220654764437,1.3926328469122378,1.8029564135165843,-5.170686652038917
588,588,"yes,",474.165,474.545,0.807,9.712744554545454,-7.182812790909091,-17.363688895454544,-7.418846570909088,36.4623805,847.2621818181818,-62.466942151326954,3.365934161490682,-90.3447120502541,-7.217619106719368,-33.14383226990401,1069.6040835686051
589,589,when,475.105,475.305,0.75,3.322223186578947,1.3405929342105263,-7.72471024842105,-4.322155992368421,9.405186578947369,716.3698942105262,67.85479793374549,-19.600966912681912,23.315959144326513,-13.484066878597215,54.72121176277493,-541.3435906554328
590,590,millions,475.365,475.905,0.784,12.485107379499999,4.910798660513334,-1.101612387333333,-10.953580457666668,35.1078862,620.6643693333334,-28.425723957119025,23.05017206646274,7.45672114371524,7.531171614794218,-34.120739199110126,-0.9999672969967611
591,591,of,476.045,476.125,0.834,7.824210181818182,12.644526854545456,-13.02782145090909,-23.95082531818182,20.049922727272726,855.1236154545455,191.71820090909097,-64.37158336363639,-82.67628707272729,-124.21728481818184,90.58600409090913,1179.650354545455
592,592,our,476.225,476.365,0.782,21.575719833333334,-5.208109554166667,-30.047214999999998,-39.82076566666667,36.242349999999995,783.8238674999999,35.2539409090909,52.28801474650349,7.732918531468532,-17.33810034965035,-0.04894860139858557,937.5620437062936
593,593,people,476.445,476.906,0.785,14.231140907407406,2.295829685740741,0.50300762962963,-25.46411252222222,30.550806259259254,792.8524262962962,19.803526858974365,38.61488668116606,-57.635510409035426,-106.86270836080587,21.20953971306472,366.14738919413924
594,594,are,477.426,477.546,0.817,22.12451359375,8.563290521875,-17.518387528125,-41.326437953124994,28.05672275,813.6213503125,4.323114726906159,-2.427177460593843,2.5683412509164225,-37.51232567357039,-7.361924156891494,85.32181570747805
595,595,working,477.626,478.046,0.94,29.186310340000006,2.7972885039999995,-19.4318776784,-16.001072907999998,36.5078162,844.5773515999999,-54.197495076923076,-14.366196261538466,67.92478699384615,51.30459376961538,10.859394153846154,-633.8093273076923
596,596,for,478.126,478.306,0.871,14.327790676923076,16.860987615384616,-8.622096538461538,-11.952934633076923,24.78367030769231,844.6475730769232,-15.79838999999998,-6.797933516483525,-74.07300799450547,-203.20285233791208,-34.61729148351648,-821.4117445054944
597,597,starvation,478.386,479.226,0.871,6.720869591304347,4.816269844130434,-1.837448541304348,-13.047262187608693,22.19834110869565,842.377647173913,6.412164181930307,-22.304601220012334,58.947492356768414,39.76681519121183,-2.3674941751464718,-75.51868914585258
598,598,"wages,",479.306,479.746,0.785,14.036939234615383,1.5947787434615381,8.448521615384616,-5.795200368846154,26.429999346153846,740.1079407692307,-50.97212876752135,-5.276380382735044,56.163027829059814,46.273847500341866,-36.36521314529913,-537.9369664957264
599,599,we,480.126,480.286,0.897,11.115289199999998,4.790366941481481,3.458061222222223,-2.789509893703704,11.401256925925926,687.838292962963,51.27846005494507,-48.430054318681336,-21.21205624236875,-10.674987663919422,81.54399877899878,860.6756929181931
600,600,are,480.386,480.546,0.695,14.350368615384617,-10.75732943076923,-32.48364846153846,-38.09215115384615,34.243543153846154,819.2233715384616,28.48554175824175,-14.038309862637353,70.52334395604395,79.01273021978024,-128.58287280219778,-1793.0748736263738
601,601,going,480.586,480.766,0.857,19.061686272727272,-4.881610072727272,-12.946984745454541,-15.546786409090908,30.616701545454546,726.6949436363637,7.514804545454552,-11.763082227272728,17.262017999999998,37.24151672727274,150.76396272727277,2169.695831818183
602,602,to,480.786,480.826,0.995,27.446149000000002,3.7749303666666663,-26.814083,-22.26418,36.526221666666665,939.1874333333334,143.24827499999998,272.08673749999986,-57.18937499999999,-402.9091499999998,-24.98262499999998,-5996.0774999999985
603,603,raise,480.886,481.206,0.916,16.489619584210526,1.6519687847368418,-5.525869662105262,-4.836647784210525,31.100022263157896,670.7063236842105,-88.66293228070177,28.133938907894745,126.99360813859651,96.36125051754388,-77.30299149122808,-2052.2159982456146
604,604,a,481.226,481.246,0.0,-13.452257,27.223971499999998,-6.625287999999999,7.5425305499999995,0.0,799.5200299999999,-201.6942999999999,-211.66564999999989,93.38489999999994,407.37834499999974,0.0,1268.162999999998
605,605,minimum,481.446,481.806,0.674,18.871488339285715,4.707297123571429,-6.348898991071428,-16.881958210714284,32.77472814285714,737.4779292857141,43.474653851943074,9.391137716201422,-15.481939632594418,-21.004290622605364,13.976617843459223,537.6553713738368
606,606,wage,481.826,482.146,0.888,11.079848270588236,0.906067226235294,2.6023766470588234,-15.449464847058824,28.041234117647058,523.4093211764706,-58.64131455882354,41.606271187745094,134.95631052696078,108.74985799019606,-108.80935796568627,-1572.6813700980392
607,607,to,482.407,483.167,0.842,8.478331211568626,-0.8631769736470586,3.6483353124509805,-7.417259664705882,23.29840239215686,666.3849676470587,-0.724754486832579,8.476099460533938,20.630916469841626,-5.313993547285069,-2.5660131945701345,-574.5392738914028
608,608,15,482.407,483.167,0.842,8.478331211568626,-0.8631769736470586,3.6483353124509805,-7.417259664705882,23.29840239215686,666.3849676470587,0.0,0.0,0.0,0.0,0.0,0.0
609,609,bucks,483.267,483.587,0.747,14.938569714285714,0.3794674614285718,-7.7305430571428575,-19.05783182857143,17.647155333333338,706.1271795238096,-53.12495915584415,-18.471821933766233,-165.63632001298703,-70.71981712337661,15.8999761038961,572.973824025974
610,610,an,483.867,483.987,0.471,4.92015304,-10.72833914,-14.590714435,-6.6037156480000005,16.978474900000002,734.3104265000001,70.41192873684213,-87.63385042857145,35.69090260526316,42.63413488721804,65.21962766917295,173.2847056390977
611,611,hour.,484.027,484.307,0.88,18.5437205,-17.39783009375,-23.9897813125,-24.556218981249998,35.259025625,810.118240625,27.58106367647059,72.20966349264704,50.24241477941175,-126.89671618382349,-14.287796323529408,2030.8269404411756
612,612,And,489.388,489.528,0.728,6.171236927888889,-36.25405372068966,-28.12934711264368,-29.727676936398467,21.84289433716475,1001.7945416091953,1.244966685741896,4.296812356635687,2.1828113774913778,2.598495058922389,6.583915856568193,-37.71438857425369
613,613,"yes,",489.588,489.928,0.876,9.581907189999999,-5.164637706999999,-11.457429880000003,-6.52949955,31.530401649999998,842.805752,-39.44493010526317,-15.797772820300759,-130.63207466917297,-14.113339759398494,-88.94463417293235,414.63447518796977
614,614,we,490.308,490.488,0.789,4.0816697642857145,3.983304065000001,-9.14831220714286,-2.0206013171428574,13.496554750000001,758.7882064285714,74.44835059113299,-35.926082459496435,47.50889846469622,-6.970243091133003,93.95296397099068,-400.24860207991253
615,615,are,490.568,490.748,0.527,15.829264769230772,-4.862106038461538,-27.93501961538461,-40.37082376923077,36.071448461538466,950.3038292307693,12.99204065934066,-28.171665000000004,20.640471703296704,113.22324945054945,-61.85470686813186,-65.17267582417601
616,616,going,490.788,490.968,0.835,15.660947499999999,-4.814200058181818,-13.015178045454546,-9.797303972727272,20.89990090909091,711.3554800000001,1.813065681818186,-24.14800655454546,-22.439828500000008,-49.583996500000026,-52.61401090909093,-2758.017527272728
617,617,to,490.988,491.048,0.739,13.0397555,-12.574549000000001,-25.04662175,-6.926639274999999,0.0,664.655865,-37.69121000000002,78.21644000000002,-23.186115000000036,251.55701350000015,0.0,5598.056300000003
618,618,have,491.128,491.428,0.829,13.506414310526315,-18.084876842105267,-24.106273,-3.6159055894736847,31.946323947368427,551.9737131578946,38.21354419298247,-4.883722850877193,-31.08402140350878,-80.0255137280702,78.93673192982457,-686.3040543859651
619,619,pay,491.688,491.948,0.891,13.409400144615386,-13.173058688461538,-10.156338288461539,-11.728320330769233,28.410403999999996,672.4175642307692,-10.722398379487176,-15.172256070085467,44.21962062393161,6.55402941196581,-29.3750721025641,327.29329589743577
620,620,equity,492.048,492.508,0.869,14.193383185714287,-4.424622171071429,-2.412333724999999,-4.047683017857143,20.157094535714283,671.6310996428572,-8.57071101532567,59.508969206486036,55.04837719896004,38.86183182950191,46.63121175424192,-598.5888961412151
621,621,for,492.728,492.908,0.765,11.92378184,11.407924622500001,1.77375706,-11.381055864999999,15.7313837,765.8734350000001,26.363382962406025,22.55886520488722,-115.12175569924815,-157.3478415526316,141.12177804511276,333.75347518796997
622,622,women.,492.968,493.289,0.928,17.982383289473688,1.6973830252631579,-8.604176532631579,-8.420129407894738,21.779899631578946,606.3359147368421,-12.813104385964914,-35.67666676491229,83.020982177193,115.95129561842106,-98.61587587719299,-127.82437631578956
623,623,And,499.63,499.73,0.747,5.39809340462795,-37.217181084161496,-28.77284052919255,-27.44078099611801,22.513709301242237,995.0207070807454,0.23807389308494786,0.7910480498294399,-1.1579895718579136,1.4439148753140771,5.210082417684025,13.282967834350318
624,624,I've,499.83,500.03,0.772,15.805222500000003,-14.297963413333333,-17.952615233333333,-15.939358542666668,28.012336000000005,824.8331286666667,24.800178392857138,43.17166194642857,85.47938508928571,205.19414411071426,-130.0544432142857,-1428.4071696428568
625,625,been,500.07,500.33,0.866,13.720780366666666,-6.032488166666665,-0.5473443666666669,-10.033909319999998,35.348464533333335,496.8156533333333,19.26802214285714,17.41962146428571,6.914489642857141,-57.766146571428564,39.79790589285713,-763.4008910714281
626,626,all,500.57,500.75,0.928,19.294308047619047,6.119950896666667,-22.731428814285714,-48.8757320952381,27.410891095238092,847.9861466666667,9.213321298701299,48.79133517012986,-18.29097267532467,-106.76522733766231,112.95635811688311,261.97768246753225
627,627,over.,500.89,501.25,0.625,20.60807992,19.39930134,-17.9830776184,-54.592473,36.605286920000005,846.2400924,4.6567010384615415,15.938815211538463,3.886454196153845,25.429946269230776,-4.006258692307691,160.43657269230772
628,628,This,501.843,502.023,0.849,12.97783397564103,0.5618771974358976,-2.3329654435897433,-19.303734596923075,11.255263512820514,663.9162187179487,-30.29884750202429,-1.1241327874493947,31.25072435121458,44.72858266457491,-24.610076558704463,138.32708582995951
629,629,beautiful,502.103,502.523,0.91,14.56237547684,13.3763016492,-3.49145023424,-8.96065410828,26.996120920000003,818.6927823999999,39.61812824969231,17.11350838961539,-47.79003410161539,-117.17657672396155,25.596949307692313,318.2152557692308
630,630,state,502.583,502.863,0.839,3.8193038294117647,7.989451451176471,-1.8191992411764708,-13.042313068235293,22.434596529411767,1034.926364117647,145.16161033088235,-105.67932216911763,86.75158191176469,-21.91202957843137,138.06311151960782,-286.0200171568624
631,631,of,502.883,502.923,0.995,22.280438,5.179727466666667,-0.7490787666666666,-21.90569533333333,11.190606666666667,824.3853166666667,-73.60897499999993,306.47265499999986,337.5331399999998,465.5273999999998,-839.2954999999996,1767.7162500000004
632,632,"Iowa,",502.943,503.463,0.659,22.223506370370366,0.18935682370370374,-20.08781958888889,-31.406238296296298,31.884045222222223,866.0210366666665,27.183887728937737,-17.132970692307694,-34.36734640415142,42.713007967032986,10.36376956654457,103.17505860805866
633,633,we,504.103,504.284,0.814,16.515910775609758,-1.5545079048780486,-2.207001112682927,-8.782077171463413,13.711294463414633,769.1481614634146,-2.242356101045295,22.39448676045296,39.31096609111499,30.025858057317077,16.367449991289202,-380.26570078397214
634,634,have,504.324,504.504,0.91,20.668074763636362,-3.9313102909090905,-22.252850045454547,-5.886923536363636,21.969158545454547,586.5374090909091,6.3541409090909,96.4866662727273,-51.41850522727275,-52.39940750000002,-219.45639409090913,2634.197163636364
635,635,spoken,504.584,505.084,0.984,13.378732131034484,12.39771630827586,-13.213948286206895,-24.267548289655174,26.770093862068965,710.3597910344826,75.64828214778322,-23.628537533004923,30.364629014778327,21.716732839901475,73.44570783251228,264.53566847290637
636,636,to,505.124,505.224,0.957,14.662385457142857,15.872685714285714,0.526010242857143,-10.35274842,18.963411857142855,729.0496628571428,-30.111773571428564,115.34202142857143,-162.22661482142854,-160.5088254642857,117.75444642857144,-762.0488392857143
637,637,some,505.284,506.124,0.77,8.711496837777778,17.450719993333333,-2.6099717933333335,-8.476790000444446,22.253905644444444,643.4790284444443,30.079071214097507,-5.7794196113307,36.19882841172596,9.11037378017128,33.597696159420295,-499.02697621870897
638,638,"70,000",505.284,506.124,0.77,8.711496837777778,17.450719993333333,-2.6099717933333335,-8.476790000444446,22.253905644444444,643.4790284444443,0.0,0.0,0.0,0.0,0.0,0.0
639,639,people,507.424,507.764,0.813,11.919350292195123,6.215849608902439,1.4548256899999996,-12.944836232073172,17.02949237804878,703.2066523170732,-0.6148518208770037,-1.5280485823891767,17.748263096320237,2.731335111813105,-4.409947734025533,82.9211338307158
640,640,and,507.844,507.944,0.756,16.260337166666666,-6.143423388888888,-4.029967226666667,-7.998481322222222,26.741516777777782,656.6293233333333,107.1852816666667,63.01973091666669,224.4917418833334,224.07034083333335,202.6861866666667,-5672.5091250000005
641,641,in,507.984,508.044,0.744,24.8822792,11.6510718,10.812874200000001,2.44761964,34.37453620000001,351.55499599999996,243.26167000000004,-38.290875000000014,-12.890095000000006,228.00923650000007,-9.114819999999998,1468.5659500000008
642,642,meeting,508.164,508.564,0.763,15.80121406653846,7.4745549153846165,12.510668642307694,-8.377370408076922,36.000049230769235,761.2674676923077,-36.42532742205127,-15.025553039316232,-4.551737981196578,-44.22336042752135,-7.569557777777776,-306.0689907692307
643,643,after,508.764,509.045,0.816,10.910316041666666,-5.843479453333333,-0.43459830000000005,-6.501012751249999,29.344265708333335,566.2598654166667,27.601198452173907,42.91712957913042,3.791901959130432,17.783387030652165,75.21923367391302,-362.85305108695644
644,644,"meeting,",509.085,509.425,0.773,9.793946043421052,10.456044073684211,19.279540731578948,-10.844964129789473,14.751559631578948,744.5859794736842,1.0979186293859622,-1.8802539035087702,19.88269616666667,-35.23717920210527,-95.50792912280701,-646.0694464912282
645,645,I,510.065,510.125,0.864,10.797615885714285,2.4323521399999994,3.4108621094285714,-1.985998299428572,3.881015485714286,780.7870697142857,2.3483772745098013,-16.766144148039206,-39.183480705882346,-11.2371305187675,27.58017733893556,-743.0061098039213
646,646,hear,510.185,510.405,0.694,9.080830592857144,6.990193207142856,16.695664557142855,-4.332355092857143,28.98827114285714,535.5673578571428,108.25722229670329,-37.11809143956044,-60.634722879120865,-18.701651219780217,136.90791076923074,-1232.7436274725274
647,647,people,510.465,510.845,0.744,15.045271277272729,13.285725993636364,14.329920373363638,-11.809506145454547,22.140038818181818,695.1151863636364,19.885382041219653,52.42057245002823,-55.231819966629025,-88.9661290965556,-24.45949440993789,855.6824844720497
648,648,standing,511.125,511.525,0.924,3.8317323770588234,10.772202884117647,3.030593855588235,-8.98194543192059,16.500386764705883,627.5918226470587,35.502078886631,-25.19674584339189,29.937305281818173,30.565464667887692,68.73971850267377,-186.18543934300982
649,649,up,511.565,511.645,0.902,21.210032833333333,4.311921427833333,-4.659704016666667,-21.988639000000003,11.110741833333334,618.7267933333334,-82.34765,56.428646807142854,10.422916999999991,251.7677742857143,-381.37889,3478.9945428571423
650,650,and,511.665,511.785,0.647,19.926221714285713,9.01341011,7.579978654285715,-10.315027714285716,32.02513728571428,912.9547728571428,-87.88842857142856,-141.86862112499998,-5.427025571428565,9.932127857142854,-16.152516071428565,1908.8421249999994
651,651,they,511.805,511.885,0.05,-5.814474840000001,20.6323866,4.6640959,-1.34065496,0.0,783.983194,-341.1248565000001,167.95273500000005,-234.61002600000003,-170.50756250000006,0.0,8968.0647
652,652,"say,",511.905,512.005,0.495,14.098344533333332,10.2478465,11.450294406666666,8.955768260000001,21.91460616666667,743.6546916666666,200.3491657142857,-48.13671571428572,250.2241382857143,200.54339302857147,-378.6321585714286,-5249.954785714285
653,653,"Bernie,",512.045,512.385,0.504,20.167563105263156,9.524564698421052,-4.2876706473684205,-9.215362315789474,22.53374452631579,706.1223910526315,-35.61079315789474,0.33969459912280664,80.73684795614035,5.123245078947366,-59.12454315789475,-983.5687789473685
654,654,I,513.806,513.886,0.555,6.6118572044,-0.3502994826266667,-0.9206718911466667,-4.549257549013333,2.534142813333333,745.1862388,-2.7517141306827884,0.8656837400654336,-11.375509005194882,-1.9206583518634432,9.453866362731153,-54.31762496443812
655,655,went,514.006,514.266,0.815,22.643309631578948,6.870271103157895,0.3927660368421049,-3.43455432,21.35969589473684,586.7636268421054,-20.1783750877193,-19.34613433333334,-23.686676359649127,-24.1211746,78.7382421052632,-857.3185271929826
656,656,to,514.766,514.886,0.833,4.638674200967743,8.338120369032259,2.960313986903226,-1.2310092290322583,6.983213419354838,802.1851287096775,-3.580786817741936,-14.200411364112902,26.453652278709676,9.429183630241933,-22.68485979838709,475.7123856854837
657,657,college.,514.946,515.366,0.965,11.139943149999999,9.035450908333333,-6.695918435,-18.684300125000004,11.460077375,606.9191358333334,1.0687012565217417,21.319302621739123,27.533343344347827,-41.192531952173894,-36.92505010869565,600.1314939130434
658,658,I,515.606,515.666,0.763,2.4865004933333332,-4.91494057,-3.120486233333334,-3.133299659999999,6.994283333333334,735.2289933333333,133.83283619642856,46.84138797678571,-86.73616844642855,29.835101624999997,93.61447232142854,-2755.237403571428
659,659,graduated,515.726,516.386,0.77,18.314881738888886,1.9800813994444444,0.25631674055555487,1.6106224166666663,22.05548286111111,718.3609133333334,-10.83219142599742,19.137407367696266,63.52909555920204,-8.354654536679533,10.80201389317889,286.63359459459446
660,660,college.,516.426,516.806,0.909,10.332967657142857,6.41849100304762,-4.765707652380952,-17.984807923809527,15.861712285714285,784.2885657142856,-10.765867422077926,12.933556360519477,62.03704335714285,-32.706431292207775,-23.600917792207795,-587.2410564935063
661,661,Now,517.286,517.506,0.741,10.705835634285714,-5.974500766857143,0.1817999628571428,-3.211162371142857,14.21937302857143,728.1577291428572,62.07306296778709,22.08422624957982,-66.07909388515402,-32.78635394089635,73.95625621848735,-900.772072408963
662,662,I,517.646,517.706,0.996,19.525782399999997,3.56800353,-21.287076585,-27.957231110000002,30.682764600000002,702.72691,-43.88769454545453,-120.13551875757572,53.382251924242404,321.2659187575757,95.09835636363634,-2042.7845090909084
663,663,am,517.786,517.846,0.91,26.155428714285712,8.608144785714286,-6.094533342857142,-2.0521517442857142,33.468472142857145,665.7187242857143,150.88376964285715,17.818515357142854,-69.39820732142857,-11.643017625,-14.564682142857128,6349.393696428571
664,664,"60,",517.786,517.846,0.91,26.155428714285712,8.608144785714286,-6.094533342857142,-2.0521517442857142,33.468472142857145,665.7187242857143,0.0,0.0,0.0,0.0,0.0,0.0
665,665,"80,",517.786,517.846,0.91,26.155428714285712,8.608144785714286,-6.094533342857142,-2.0521517442857142,33.468472142857145,665.7187242857143,0.0,0.0,0.0,0.0,0.0,0.0
666,666,"$90,000",517.786,517.846,0.91,26.155428714285712,8.608144785714286,-6.094533342857142,-2.0521517442857142,33.468472142857145,665.7187242857143,0.0,0.0,0.0,0.0,0.0,0.0
667,667,in,518.006,518.066,0.25,-17.532095063636362,24.664484545454545,-5.752188063636364,6.847286872727273,3.7108254545454544,904.3143218181817,-209.3584037272728,20.81655863636364,-58.970505818181834,54.9673745909091,92.77063636363641,1030.8297272727273
668,668,debt.,518.106,518.307,0.214,-11.166979900000001,16.339607083333338,3.5537134758333337,14.723946308333334,6.793322833333334,1022.80861,-162.33943489510486,127.36313409090907,-32.05121547377622,-8.940320052447554,-142.554522027972,2132.781601398601
669,669,That,518.327,518.467,0.43,0.6460421375000003,23.301401749999997,16.577749400000002,16.087034875,16.50254925,589.6285525000001,192.15742636904758,8.140651190476206,282.7736523809524,-3.0540720238095163,310.3327261904761,-3418.022869047619
670,670,is,518.487,518.527,0.0,7.739837666666666,27.536423666666668,32.72031833333333,9.942211333333333,10.546222,480.20345333333336,-27.52822499999999,-58.26602499999997,-328.8842499999999,7.9296499999999845,-790.9666499999996,8301.833499999997
671,671,crazy.,518.587,518.787,0.198,3.2280717738461533,5.3002551907692315,14.860638361846155,-0.7458376999999996,29.092674307692313,549.9112176923076,-69.51353791208793,-38.36332160989011,144.84161249780223,-28.76806598901099,180.7847546703297,597.2193598901099
672,672,That,518.807,518.887,0.5,6.649068388000001,16.927208599999997,28.562921800000005,15.548815600000001,21.2716366,848.5955200000001,117.79569060000003,-8.267019999999992,21.52688500000002,-42.584029999999984,-216.92881500000004,5374.173000000002
673,673,is,518.967,519.007,0.0,5.71573745,26.574799833333334,37.03778933333333,8.96892025,21.474949,579.1300399999999,-36.04653585714285,109.40881857142858,54.71432571428568,-13.291836428571422,-375.89376,-6148.146914285713
674,674,crazy.,519.027,519.507,0.353,10.637891570799997,7.940145632000001,9.502993164,1.7356942120000003,16.6608688,778.4798947999999,3.928644499615388,-65.50154959615384,-89.39810341923078,-35.24665026923077,107.55615796153845,-599.9666603846156
675,675,People,525.632,526.012,0.804,7.975698003895706,7.066726269917178,-0.9476408648282211,-0.0885339868159508,15.127237634969324,719.1196220552148,-0.3930318606570522,-1.8374470227779505,0.8594119178346198,1.9615001122967817,-1.555909816756216,14.261169037757984
676,676,should,526.092,526.293,0.851,2.010490535714285,1.3854703285714283,15.655183285714287,-7.271088707142856,10.463615285714285,909.0738585714286,151.04836686813186,2.458467575824177,24.28506,58.20400405494504,93.62083010989011,-1547.666237362637
677,677,not,526.373,526.573,0.958,15.796471300000004,-16.332395335714285,-14.540806357142856,-13.17859072857143,36.14114157142857,559.5685857142856,-7.735604241758242,-131.7234935274725,-137.12636362637357,9.86172832967033,-22.599185274725283,1276.184208791209
678,678,be,526.733,526.873,0.814,16.092881766666668,-8.17615456,6.597410466666665,0.30519740866666584,17.31649913333333,666.1178040000001,-32.5938975892857,139.65230123214286,186.04066614285713,119.28735701785713,45.48928374999997,-1433.2437107142855
679,679,punished,526.993,527.433,0.842,4.878794665714286,-4.225734557142857,-3.121928832142856,-16.040448407142858,13.203369107142858,723.7789857142858,-55.20820731089218,1.6298613040503567,36.5951760030104,-9.238793686371103,-39.67377086754242,-156.24510645867545
680,680,financially,527.774,528.554,0.785,6.649535357678571,-6.27212980625,2.3002322508214283,-11.291086970357144,23.35821742857143,757.1115000000001,4.32795300148667,8.888182924624058,17.946798029641148,-3.6042778018113446,34.76576971633629,-4.889090840738232
681,681,because,528.975,529.255,0.927,11.849102271428572,1.8349100085714285,3.2343848000000017,-7.933578803714285,18.075874028571427,853.3536451428572,-7.279158998599437,8.624216199719887,-78.73999545518203,-57.36798030714284,-6.528491036414565,456.3842666666664
682,682,they,529.315,529.455,0.904,8.04251553,-0.3009105400000002,-5.121633486,-8.84951787,26.5295792,858.6051620000001,167.8817574242424,-77.95205157575754,139.11144386060604,167.75039081818178,-44.40976484848484,664.7080242424245
683,683,want,529.495,529.755,0.849,23.746981466666664,-0.191313646666667,-13.32221828,-36.132039293333335,37.99590206666666,758.5133099999999,-12.450767678571427,-104.90307841071426,-59.243964428571424,64.7405212142857,-0.36429571428571766,35.2208660714287
684,684,to,529.935,530.055,0.759,18.721726326666666,-4.769900528666667,0.9358055866666662,-14.625306573333331,23.058120066666667,687.365038,-14.699466910714284,3.408266485714284,124.2435923035714,97.70550642857143,-109.18504357142857,-717.0788964285715
685,685,get,530.095,530.316,0.689,15.618729015384616,-11.172149123076922,-3.16719926923077,-5.674156328461539,34.16058561538462,494.3798484615384,20.0277739010989,-74.4695268131868,-159.87319483516484,-21.102204079670326,61.13167060439559,-2127.64842032967
686,686,a,530.596,530.656,0.948,15.229811194117644,-6.3827305647058825,3.113663111764706,-3.177507111764706,28.422147352941177,522.6543323529412,-69.11150077205883,74.38763638480393,108.72566028186273,66.15913922794118,-72.5238513480392,184.94959313725485
687,687,decent,530.736,531.136,0.922,4.222298775,12.932152704166667,16.53433452333333,7.619526418750001,16.8991005,659.7394191666666,1.249223134782608,-13.61754250217391,-32.934565666956516,-39.9379343445652,-14.202608304347823,-56.356116956521696
688,688,education.,531.336,531.957,0.903,10.018477758536584,-9.884760928292684,-0.7581109975609758,-5.462003608536585,16.890360536585366,675.1659875609756,-4.708030737804879,-8.800405056794428,1.0194840975609742,-29.417793738066205,26.820459756097563,413.28424590592334
689,689,And,540.123,540.243,0.852,4.385060316857488,-38.25867958115942,-30.114779860954105,-29.078549598550726,18.245725577294685,1052.017811062802,-0.12266656983886702,2.2615814565946706,1.527537404153238,1.930190975294377,-0.2916475851442405,-0.10849271405022158
690,690,that,540.283,540.563,0.698,18.5355055,-25.7830906875,-21.38522105625,-13.04278326875,38.2738398125,829.710743125,-7.212699852941173,-0.4325855147058867,-6.612533051470609,-19.520790477941173,12.583450367647066,-2431.2762786764706
691,691,is,540.703,540.803,0.586,6.0317124616666655,-4.729033208333332,0.9107775566666668,-2.5035921533333334,22.497842833333333,981.1893941666666,-79.22928126223776,141.97851557692303,-9.463878741258739,77.78858109090908,-236.33676958041954,26.37644930069972
692,692,why,540.884,541.164,0.623,17.95317135,-5.997992268888889,-16.439905872222223,-29.411899877777778,33.639952611111106,770.6877361111111,13.451150665634678,-68.3946259256966,-80.21096093395256,-87.30695965944271,63.48359447884418,-48.15177038183686
693,693,I,541.464,541.544,0.846,15.008337710526318,-22.111637894736845,-22.66966668421053,-23.703839139473683,28.76971047368421,865.9507763157895,-5.4798225,-1.432151403508767,43.42183333333334,9.508160276315792,69.82655552631579,-1314.6346184210527
694,694,believe,541.624,542.064,0.687,13.85210036923077,1.2207142076923074,1.3507004653846157,-16.47633029923077,23.133459115384614,617.0950396153846,-18.828244974358967,9.524549972649572,72.45539497264954,76.61967030051278,-39.39607919658118,-463.4403854700853
695,695,that,542.725,542.925,0.918,10.379732736976743,-4.627563994139535,-2.4128602447209304,-7.30173697372093,10.132331976744185,829.1087518604652,12.691446954847473,-22.109274740893984,3.2167631171775883,-2.3417161661129566,50.968972591362125,-620.3870654636061
696,696,in,543.065,543.125,0.97,14.935924,-0.795948292,17.786104599999998,-7.148777150000001,36.01574180000001,620.0784729999999,89.63325212121208,62.49244380606059,45.56061090909091,34.61438554545454,-3.2415484848484977,-3298.023803030302
697,697,the,543.185,543.285,0.848,15.09681355,7.306806837499999,23.518710249999998,3.9871881625000003,35.605612375,399.44978749999996,-167.8630309523809,50.588987559523794,172.46862261904758,54.79682910714285,-1.0326970238095425,729.7614404761904
698,698,year,543.345,543.626,0.645,8.388314600000001,-2.234731545294117,8.423788552941177,-3.9055587011764703,37.4582554117647,541.3812464705883,54.44202075980392,-163.92136403553926,-172.60809584558825,-41.97744247549019,1.7535411764705842,1699.27987745098
699,699,"2016,",543.345,543.626,0.645,8.388314600000001,-2.234731545294117,8.423788552941177,-3.9055587011764703,37.4582554117647,541.3812464705883,0.0,0.0,0.0,0.0,0.0,0.0
700,700,public,546.087,546.528,0.941,8.89488259837931,1.124879475613793,-3.2869336536365523,-10.257480568006896,21.614069558620688,723.3697903448276,0.6854412547482679,-0.9594045397575183,2.804500454362935,-3.66709212789108,-2.137356792434262,13.944907849157618
701,701,colleges,546.568,547.208,0.926,8.513909908235293,-0.07274123911764718,-8.522895641764705,-22.477668229411762,30.34966188235294,799.911060882353,-5.770219079602749,12.879511352711988,51.31427643239111,40.061683729564535,-7.6964659281894585,19.96949327731085
702,702,and,547.569,547.689,0.707,6.4991726125,-4.166420114583333,2.704572247208333,-1.6297979583333335,14.844273000000001,874.8734720833332,36.628042554347815,-73.53129860108693,9.719039744282608,-48.255038939130415,115.6838703913043,-459.42148499999985
703,703,universities,547.829,548.529,0.829,11.615947433333334,1.5938568690476191,-4.330101940476191,-4.621077290952381,25.163676214285715,785.197874047619,-22.06916246900575,6.544216730815978,14.49303860424601,8.17073419285309,-32.53710302649704,-78.54117603921883
704,704,should,548.83,549.09,0.704,2.8488471642857145,-3.5977699064285713,8.3175051,-4.375873826785715,14.30041542857143,896.3053553571428,45.01691653256704,-51.575809354406125,-47.07462097810618,-80.60998395443349,87.46781395730706,-900.7156257525999
705,705,be,549.15,549.39,0.736,11.556905879999999,-3.0457815486666666,17.726765559999997,-5.075522298666667,33.05824133333333,464.1045073333334,-64.95867285714284,40.70022594821429,110.65807382142854,-44.66552364642857,-5.89463607142859,-1150.0882642857139
706,706,tuition-free.,549.67,550.511,0.92,11.855843033333334,4.242749575017544,5.9489461731578945,-3.610543908421052,15.662655385964914,772.8800689473686,0.49370454044594214,-3.668560937794917,-21.87206241884884,1.5021119945553536,-7.097637211563388,-62.3900476082448
707,707,And,557.261,557.321,0.025,5.757740400735294,-36.491005452352944,-28.455648364411765,-31.371887994411765,15.6550849,1025.539068764706,0.2968077085201989,1.9710752718983424,0.17364125558001464,1.1162875104494085,3.4746353949021556,4.6656346013577386
708,708,then,557.361,557.561,0.94,15.825461500000003,-13.674000725,-10.687884666666667,-12.486126416666664,38.88754708333334,822.8511141666667,-36.89906783216782,-24.21034966783216,-3.9607651048951054,-63.83077241258741,16.36372849650347,1893.329456293706
709,709,my,557.621,557.842,0.993,14.846855142857143,-13.605266,-11.018450442857143,-25.417447321428572,38.34237885714286,639.5835792857142,-46.89566857142856,-13.47001582417582,29.265058967032967,62.11091093406593,-6.723738241758225,-590.7026252747252
710,710,critics,558.002,558.423,0.821,11.732255550344828,-9.48651181034483,-10.922095215862068,-14.880727989655172,20.88954796551724,713.854993448276,-17.729314469458128,25.31174095812808,21.06233063891625,13.637313894088669,11.913834975369449,-693.8473669950737
711,711,"say,",558.463,558.683,0.832,6.8236812,-4.376825512307692,-9.497769530769231,-15.517751574615383,31.99205338461538,777.0221230769231,147.68812807692308,-126.83000482417579,115.6842562087912,-62.95466850274727,107.51354835164834,589.786662087912
712,712,"well,",558.723,558.923,0.932,23.799179500000005,-1.6559257250000006,-21.080959525,-35.753137833333334,39.176339250000005,815.5412166666666,-31.647653846153844,19.09748452797203,-112.08918222027971,-80.45897727272725,19.535843531468537,-986.091416083916
713,713,"Bernie,",558.963,559.224,0.652,24.242628866666667,-0.30896905333333285,-17.584272213333332,-8.456346291333332,34.576041733333334,764.6280006666667,-40.30893910714285,-32.70414133928571,172.81630882142855,201.63499537499996,25.902792499999997,-1358.7226928571429
714,714,that's,559.244,559.464,0.836,9.753203866666666,2.671654316666667,-18.875101041666664,-16.2403115,30.159039500000002,631.9490616666666,-127.43061097902097,163.13979017482515,-60.01117648601399,-75.86403461538461,-80.76343076923075,-406.39922377622344
715,715,a,559.504,559.564,0.671,23.826096200000002,5.38808918,-27.039295199999998,-19.9977144,24.6441846,652.495266,-2.7798149999999935,0.2163500000000016,-50.26500000000002,171.742645,-348.3451650000001,3129.2548500000003
716,716,great,559.804,560.105,0.825,23.91462140740741,-0.7221645777777779,-13.461240095185186,-11.522769785185186,20.366784555555554,861.5070100000002,8.884695695970702,-40.36407602564104,36.65052479120881,40.95427581196582,97.96055213675218,-77.12181746031749
717,717,idea,560.225,560.606,0.983,20.205541788,-0.5432758872000001,-5.104361356000001,-6.944835552,26.727194040000004,697.8496119999999,-23.05018975384615,4.5075965507692315,50.09696361230769,45.01605774615385,22.99143607692308,-396.37370999999996
718,718,at,560.646,560.686,0.442,18.03103125,5.20989145,-13.909131675000001,-15.383225374999999,8.0029955,485.34549000000004,-137.4420350000001,45.55446800000001,49.182256500000044,72.40737750000004,-480.17973000000023,10815.746800000004
719,719,school.,560.726,560.926,0.427,7.270237124999999,16.146911866666667,-6.803578311666667,-26.588560666666666,20.59421525,828.6016858333334,195.93034673076923,59.19850727272726,80.26537679370628,-230.47656842657338,211.44250157342654,303.28229195804175
720,720,Let's,560.946,561.166,0.389,5.647540141666666,20.704359750000002,-7.184733585,-25.786588500000004,19.554106833333332,807.9633650000001,-171.74714921328666,60.348404020979004,-45.42152511538461,151.03026328671328,-210.92908076923078,-364.9318601398601
721,721,free,561.627,561.907,0.892,1.4406132637837836,3.2961104221621618,-3.6965174805405407,-0.7011252332432434,9.284963567567566,985.5193872972975,4.867083625414887,2.8215912990753953,6.8094178371266,24.52468335621148,40.92232887624466,-87.13315362731163
722,722,stop,561.927,562.268,0.813,6.1564843,5.908127336111111,-22.5784422,-22.31090181111111,28.182342555555554,673.1298066666667,121.79303943240453,-62.66595553921568,-100.28312510835913,-146.76706253869966,96.58363921568629,-1596.809384932921
723,723,how,562.328,562.488,0.944,7.8890715749090905,-7.125198009090909,-18.2933226,-6.4858768872727275,26.978772545454547,479.6660809090909,68.6122830127273,-42.4781910909091,-103.80733009090912,-11.024013272727268,207.3282918181819,-1096.177931818182
724,724,you're,562.528,562.648,0.506,14.179447249999999,6.737736012499999,11.4501002375,-4.0377267875000005,36.971190625,422.4707925,8.235291666666662,-33.6649681547619,81.42310124999997,26.594424464285712,-0.45365892857140655,-591.0494880952374
725,725,going,562.668,562.768,0.816,17.679830499999998,-3.7103218499999997,-1.1591428300000002,-18.003723766666667,36.99275433333333,707.4975066666666,104.2600614285714,-22.589952142857143,-213.44198562857147,-182.49729285714284,-6.078339999999999,-2458.3726857142847
726,726,to,562.789,562.849,0.7,27.753553499999995,-2.7058543250000002,-1.7159346324999998,-27.57626925,27.635605500000004,561.32555,-51.50458,92.71719650000004,165.61300305000006,301.95101500000004,185.4540700000001,1669.1140000000012
727,727,pay,562.889,563.049,0.878,10.61934172,-2.929150959,-2.679080536,-8.60775492,22.7195313,609.9287580000001,-34.44113284848485,-11.46141782727272,3.4342046060606015,34.48532163636362,-265.284833030303,-4150.932769696969
728,728,for,563.109,563.209,0.981,7.761737737500001,5.742879587499999,-13.692079943749999,-4.469522225,13.315003749999999,836.0309387499999,230.74793291666663,-66.75412244047618,-257.9407252083333,-71.95835095238095,316.72636190476175,2393.700124999999
729,729,it.,563.269,563.329,0.753,22.724320666666667,0.7292928599999998,-7.177417966666667,-4.585535043333333,16.66992116666667,683.54985,-17.783125714285717,-60.22767171428572,310.428166,83.56965945714283,-433.8840842857143,-3345.1635714285712
730,730,I,563.67,563.73,0.987,11.260904759999999,-14.507965295,-11.344815545,-14.62325744,13.4262347,901.2720529999999,-5.553359421052628,-72.23511009398497,-47.534148928571426,-34.40670144360902,131.73504774436094,930.9480819548871
731,731,will,563.79,563.99,0.83,18.138484846153844,1.4401147000000003,-12.692048423076923,-27.677180907692307,38.41405861538461,800.3211323076923,-2.776423901098894,72.13563791208792,-13.15928530219781,-98.9977146978022,0.2538530219780144,2157.443598901098
732,732,tell,564.03,564.251,0.78,11.912993107142857,-4.350467842857142,-16.751125178571428,-24.105973763571424,27.48841392857143,732.1828885714286,66.26901543956043,-24.238603384615377,5.338614252747257,-134.57184066923077,65.35418978021978,-527.9416439560439
733,733,you,564.291,564.411,0.909,23.484413249999996,4.2230831375,-3.2478042124999993,-3.71460609375,17.170000625,948.7643312499999,65.28645238095237,-24.90423672619047,-155.32556779761902,-66.22351104166667,-327.9526244047619,1106.956077380952
734,734,how,564.791,564.951,0.935,16.32492955777778,-11.470654880740742,-9.512641960740742,-13.00535874148148,9.650126074074073,924.1822407407409,-24.242979673382177,-59.900478166666694,-41.25678720818072,-19.431753451770454,79.4400212759463,191.3831770451771
735,735,we're,564.992,565.132,0.425,21.125437666666667,-1.8071023666666666,-9.284165166666668,-21.92956671333333,28.780146444444444,840.5388233333334,-70.17972583333334,-51.30751033333335,110.40003600000004,326.4329638666667,-97.17347000000005,863.1433833333333
736,736,going,565.152,565.252,0.775,20.932134666666666,-7.90662325,-9.577020566666667,-20.59121,35.94830616666666,819.0028966666667,107.37888285714287,7.36283214285715,-16.286236285714292,-58.42341714285715,-9.122295714285746,1297.948771428572
737,737,to,565.272,565.332,0.708,22.147867499999997,0.9627011624999999,-3.558766675,-21.839670249999998,17.9031265,768.90965,-238.4157600000001,9.812229650000003,-170.73487550000007,-240.1862850000001,-714.9831500000003,-7397.206000000004
738,738,pay,565.372,565.552,0.814,10.14838240909091,-5.05975269090909,2.4887137545454547,-3.7020685109090903,23.624574363636363,515.4424781818182,12.008058863636363,21.675238727272745,112.90434081818186,55.4011180909091,-0.5929000000000066,-1511.5310954545457
739,739,for,565.592,565.753,0.655,19.017720219999998,0.7762452559999999,-21.955723002,-5.1720482,26.865135100000003,795.0878839999999,198.10941248484843,-156.9346442787878,-285.0683937636363,-1.255648242424244,248.99703666666656,4156.140624242423
740,740,it.,565.793,565.853,0.771,22.5168642,-15.090895600000001,-16.033852,0.3022268600000002,38.6777562,1021.0640879999999,133.07497000000004,161.72510500000007,31.65627500000002,-120.18374000000004,0.30657000000001483,-3578.6576000000014
741,741,We,566.413,566.534,0.942,18.68532688235294,-25.486921947058825,-18.662671870588238,-21.72422088235294,37.92122011764706,776.3685411764704,10.003671077158133,14.395371572192511,9.524848880061114,8.379190993124517,10.599647165775394,614.6403008403358
742,742,are,566.574,566.714,0.461,19.03352522222222,-12.813293884888889,-19.072910899999997,-18.357870111111108,22.112174666666665,836.9397555555556,-1.7879650000000085,199.3099981433334,112.07671566666666,66.93137916666667,-204.4915766666667,-1430.5526333333337
743,743,going,566.734,566.874,0.5,18.80019925,-7.637882800000001,-30.374292375,-17.0006129625,38.60798225,690.94660125,70.32877619047619,-12.286317142857133,23.242227976190488,17.93541482142857,-4.196809523809507,2999.115517857143
744,744,to,566.894,566.954,0.325,23.2830525,1.440251525,-17.96483025,-31.709623250000003,38.853225,820.7105624999999,-56.919470000000025,7.453244500000004,4.144594999999999,0.5703850000000107,6.486179999999994,-3780.473250000002
745,745,impose,567.014,567.655,0.566,15.299584005714285,-2.4623817585714285,-12.156739818,-32.51091982571428,30.704317800000002,807.3380814285714,-12.154087833333328,38.036567131652646,-12.23206076008403,-47.23747782633052,-27.42689544817926,155.7534386554621
746,746,a,567.996,568.116,0.957,11.62072984347826,0.8276803052173914,-4.700987726086957,-6.561552491304349,30.436415913043472,604.5979834782609,11.335754856719362,3.6122927203557356,73.56694546442685,32.93425155138339,7.657879001976285,55.43078409090907
747,747,tax,568.216,568.616,0.984,5.68765556628,-14.435518808000001,-17.146770844,5.690313798399999,21.88364232,894.334642,-8.069839426884613,-32.32251591538462,-56.096769192307704,-8.645267945384616,-17.766996846153855,858.4700215384615
748,748,on,569.037,569.137,0.763,9.7447093,-0.9204210030769231,-13.06096946653846,-11.548193835384616,14.23511,764.7911776923077,87.02207667350423,-32.45485438700854,-40.34926992632478,-55.503100706324766,100.25027323076922,-17.51026222222213
749,749,Wall,569.217,569.518,0.888,17.999939089473685,9.861710883526317,-16.73056913684211,-47.64522428947369,39.478004315789484,873.4834531578948,-82.41169092982457,-9.550567379473685,-34.81944392982457,-105.13748956140354,13.371951140350886,-157.22713070175436
750,750,Street,569.578,569.938,0.82,10.001379499047617,-0.1650667700000002,-5.162159138095238,-16.49065612619048,37.03737619047619,741.4541466666665,39.39769565714284,-5.6120270935064935,100.93050301298702,101.18550820454544,11.255753506493507,-875.3723733766233
751,751,speculation.,570.199,571.04,0.732,8.83500159927273,-15.569129766727272,-17.024260725399998,-18.00049213818182,20.225843036363635,941.1495649090909,2.222031933116883,-8.035025655591634,2.4526098683946613,-11.805472323953827,-19.259958005050514,-107.9877712842713
752,752,the,579.11,579.27,0.985,5.124417672978103,-36.315486041240874,-30.613241602433092,-31.13626275279805,17.553250676399024,1012.6865333333332,0.48604500866312567,2.859318843438867,1.7837554767496728,1.5749511750701324,1.7807520354990316,-23.94205293198007
753,753,"greed,",579.37,580.011,0.956,13.21874348657895,-2.7452838147368426,-2.5529380928947374,-2.384482084263159,34.16009115789473,754.8489815789474,-30.743983097548966,8.179286833242148,37.05776367802823,19.60888823916184,-2.230294255388994,-8.753775358354352
754,754,the,580.491,580.612,0.972,20.504994233333335,-2.108435518083333,2.9032322100000005,-6.857323926333334,20.346908966666668,931.7104233333334,15.563555406006676,-2.784657808648497,-56.849937954393766,-61.54733945305896,17.223944015572858,46.08448209121253
755,755,"recklessness,",580.712,581.613,0.802,11.908984408599999,4.270395834000001,-15.604546460000002,-9.0516458214,27.525565100000005,798.7276897999999,-39.91757018480192,18.786976980792318,17.852335492436975,9.004700893277311,-18.42525330372149,10.9312361344538
756,756,and,581.813,581.933,0.836,14.98493741875,-2.4612419562500003,-0.9597434062500003,2.138725681875,22.2162025,461.098961875,73.82810863970586,6.084485669117634,163.48429655147055,-9.925870384558822,135.64875676470587,-979.6869360294118
757,757,the,581.993,582.073,0.584,10.911386842857143,10.563779785714287,28.018387285714287,-10.381677914285715,36.133384428571425,382.74672999999996,-146.18406214285716,81.04853125000001,160.78676249999995,-200.26971607142858,11.888966071428568,-436.69482142857146
758,758,illegal,582.413,583.134,0.899,11.751294590566037,1.1936759016415093,2.201244133018868,-17.38490382264151,32.554716226415096,673.6382109433962,7.864051531204646,22.26137399797614,-10.707525755321722,-24.410341731575553,-0.3476349459764556,-68.07145045154006
759,759,behavior,583.234,583.855,0.892,13.76432395111111,-4.137600288888889,7.7270145202222205,-10.17007130138889,25.845962749999998,635.7326502777778,-8.770073066409264,-19.04655108108108,-23.766397070398963,-25.587314233268984,3.6230114864864866,320.45308951093944
760,760,of,584.255,584.335,0.941,16.149413358333334,-7.858612716666666,-16.573060325,-29.845494833333333,12.394141291666665,815.9369104166667,10.946911839130433,30.684362999999994,-23.98609929565217,-11.522528739130431,102.87182589130431,-187.07069804347822
761,761,Wall,584.416,584.716,0.941,15.1927706,3.2330203336842103,-13.169710931578946,-41.54925021052631,35.807053157894735,821.0439494736843,-54.49902380701756,4.712735733333335,-30.989344421052635,-59.20506807017544,-27.537431140350883,-36.42948684210525
762,762,Street,584.756,585.096,0.802,11.267917771052632,-1.67284372,-6.5779748210526305,-9.484096106842106,27.377237368421053,994.9488036842105,65.18396143421053,11.073978389473682,50.952965122807036,81.11452524561403,112.4635919298246,-1601.4490438596495
763,763,drove,585.577,586.097,0.963,14.328066190000001,-5.6109369809,-12.696418556,-24.719892425599998,26.79402778,812.7747044,3.1726664861944784,27.316549284477794,-32.63216933445378,-51.044771853253295,-1.4124816110444183,-105.6585381032413
764,764,this,586.197,586.478,0.821,8.059203494736844,2.1036964999999994,-5.950030119473684,-2.4742752631578946,26.43586042105263,689.5815189473684,-73.2223438245614,7.44032013157895,-23.687826899122815,48.763748482456144,33.8686304385965,450.6054903508773
765,765,economy,586.938,587.579,0.94,7.120155241545453,-2.41825433589091,-2.0554475181818184,-5.940455098727271,18.415541454545455,657.9163229090909,10.831656105591632,-13.230325918982688,18.62989473484849,-13.059798177633484,31.535726006493523,-70.03947178932181
766,766,to,587.999,588.199,0.804,12.183750216129035,3.3719773874193546,7.064945065483872,-6.572252788387097,12.573185806451612,900.9497574193549,16.835260118951616,25.717259911088703,-53.97895934979838,-66.26672268669356,67.97410818548387,-68.55590766129025
767,767,its,588.4,588.52,0.725,10.0077725,4.013076819999999,0.63057824875,6.30292144375,23.4534515625,607.43918375,-33.66532413235294,89.75678359117646,1.0538113544117795,31.110466698529407,-93.60096639705881,-852.3114705882354
768,768,knees.,588.7,589.16,0.82,5.0094752890625,12.92415329375,14.273062515625,3.737186520625,28.44721878125,757.43455125,-11.86263074917522,-14.991600487536664,24.493770743218484,-3.71080480590176,25.24376797104107,-161.43303775659834
769,769,The,589.781,589.901,0.976,2.6468287854054053,-3.2866832000000006,-2.516598927027027,5.762410247837837,17.827087729729726,966.6113843243244,31.62933052797535,-60.83407201280228,10.288181089378854,-12.259238247510668,58.89886223328593,-162.54744724988146
770,770,American,589.981,590.562,0.86,17.891825854545456,-14.689143164545456,-14.76907944242424,-8.16228436,32.53000915151516,753.6338215151515,-8.00990072526738,7.311841461898396,35.31965990307487,23.95750682887701,-17.748718900401077,-216.63692396390374
771,771,people,590.622,591.002,0.752,15.387996354545452,-0.08428431272727281,5.035306527272727,-14.487387177272728,27.887949318181814,672.4337695454545,48.93666421230943,2.6370690412196507,-91.62856641445512,-129.7220773489554,31.382858752117443,880.754368435912
772,772,bailed,591.102,591.443,0.782,20.225364409090904,-11.863547487272728,-18.03197027727273,-20.974852881818183,35.521708454545454,943.1328122727272,-39.10866778656127,5.50544124901186,-38.448607258610956,-23.817034596273295,34.10689824957652,-1.182275832862805
773,773,out,591.583,591.703,0.982,15.116361307692308,-20.356937807692308,-30.730317692307697,-20.587769807692307,38.447598538461534,747.6861123076923,23.581752197802196,10.132758516483525,36.78433104395604,-54.99667980769231,-0.8127274725274828,151.090271978022
774,774,Wall,592.023,592.324,0.945,17.183537332258066,-6.678684412258063,-14.5402301683871,-30.99734201612903,36.19313480645161,792.2893925806451,-4.407712292338707,73.89048317237902,0.33595003709677523,-70.3733466935484,-8.823725887096773,437.79831169354844
775,775,Street.,592.364,592.704,0.931,10.73584560526316,-3.230555031052632,-2.6076892200000006,-17.600596136842103,32.78920547368422,684.0526531578947,55.4413019385965,-19.948306996491233,100.42109319298247,96.63965268421055,27.534268508771927,-1096.164307894737
776,776,Now,593.024,593.205,0.996,15.511606612000001,-14.45504298,-9.17311874684,-13.532421608,24.961898079999997,735.380036,20.221632780769227,-42.29516129615385,-115.52732117034617,-67.36824468846153,30.947343346153847,-598.9307915384616
777,777,it's,593.265,593.405,0.69,12.928819789999997,-0.3071506640000002,-18.6177731,-27.2767052,23.0279954,765.1696340000001,-125.87764487878785,98.98447946666663,74.82949969696968,108.0400824242424,-278.15096060606055,-843.1710242424235
778,778,Wall,593.445,593.725,0.947,16.90205684375,4.9125695625,-20.218723887499998,-41.85519245,38.044251625,803.832945,-63.754864522058824,-3.521429823529414,-32.93280680882353,-123.90313273529411,45.93733323529411,1877.1220220588234
779,779,Street's,593.785,594.126,0.865,6.454511564000001,3.2814084879999994,-7.349453481499999,-15.783033469849997,25.758610899999997,768.9456885000001,14.764501679699253,38.73436167368422,31.548390035714302,143.05006939176695,-139.0779102255639,-1606.6974387218045
780,780,time,594.186,594.526,0.867,9.759028920000002,-10.526679255000001,-20.536672521000003,-21.053772649999996,26.832815350000004,779.2055240000001,51.205766315789496,-75.22341635714287,-7.378746445864658,55.54096770676693,19.17929981203008,-1023.0925345864662
781,781,to,594.826,594.967,0.985,14.48249485,-17.556990149999997,-14.61702795909091,-6.960459866681817,9.993044818181819,773.0049463636365,-20.497846558441566,-26.810843639186903,-44.452043932806326,-8.208069406916996,98.15611389045738,591.6879638622248
782,782,help,595.027,595.227,0.899,19.03627984615385,-10.649521130769232,-20.150938,-27.510745423076926,25.623009461538462,750.3712369230768,17.702249450549452,8.710858956043955,41.81273763736263,-103.2079607142857,-178.49584697802194,2108.647692307692
783,783,the,595.447,595.547,0.954,14.835856781250001,-21.991931375,-12.518709574999999,-20.357289031249998,9.8925831875,835.256248125,0.8782095220588179,38.71433676470588,0.7203621176470582,11.030867830882364,93.07203845588232,1064.5114786764705
784,784,middle,595.587,595.827,0.874,15.505176957142856,-11.801107228571428,-13.224567992857144,-16.378968250000003,20.513657642857144,779.2569149999999,-16.9507234945055,-9.255155538461539,7.46347273626373,-12.978186318681313,-103.99510648351645,49.83717252747268
785,785,class.,595.847,596.168,0.746,10.423525770588235,-18.59682953529412,-22.255565588235292,-16.01725625882353,8.414081529411764,777.7266752941176,-4.846103223039213,-45.5974162990196,-22.1579800245098,-5.494214803921568,-61.3881294117647,619.580582107843
786,786,And,605.376,605.456,0.399,5.903236884094624,-36.69287369677419,-32.12814938064516,-31.85792857526882,24.962607124731186,1023.0029454408601,0.46232443164692993,1.3616612172502107,0.7658079459413651,0.6068923401030949,3.354647145373734,-18.914782224407656
787,787,when,605.536,605.776,0.8,17.66329096875,-15.483193087499998,-18.5598562,-8.49992787003125,38.4978278125,915.138874375,-13.741686801470584,-18.33243463235294,-27.580612617647063,10.379055987757354,25.55129389705882,1899.0734860294115
788,788,we,605.816,605.976,0.844,16.268721460000002,-3.2740744699999995,-9.295157032,-6.959295377000001,31.304099600000008,711.440682,-27.194704303030296,41.569135727272716,106.89924955151513,125.72943516060606,-197.72317454545453,-988.4569515151512
789,789,talk,606.056,606.416,0.967,12.893294147727273,-11.214844695454543,-19.001014539545455,-32.277770659090905,32.82374140909091,822.0095504545454,19.42065147233202,-18.628082843026537,-57.81632692913609,-72.2813405223038,74.53666417278373,939.4862865612652
790,790,about,606.516,606.796,0.91,19.275362210526314,-12.24361095263158,-22.37499496526316,-26.91875189473684,34.03838673684211,819.6764968421053,1.4559943859649194,-13.1241735877193,25.861928971929828,11.365557017543859,34.73221324561404,-1298.1574228070178
791,791,transforming,606.897,607.697,0.823,11.712354382222221,0.4340633764444447,-12.537316446888887,-18.15777723777778,26.468871511111107,728.036249111111,25.135901304347836,33.93478984822135,5.804648464031621,-16.858420056653497,23.643712226613975,-203.36032391304357
792,792,"America,",607.737,608.177,0.89,23.98726609166667,3.5085659945833334,-21.288133677916665,-21.765995216666663,30.877957958333337,758.3747770833334,-11.43332703043478,-1.7032684419565236,23.296034250652166,-69.5721443521739,-20.99896232608696,-45.649725869565295
793,793,we,608.277,608.477,0.88,18.376289985333326,5.2937013446666645,-2.6149520279999994,-4.061699733333334,37.52952006666666,846.5410673333332,-144.61392991071426,-84.10053087142857,-8.055894839285717,174.5671705357143,33.093489999999996,376.9595017857143
794,794,will,608.537,608.797,0.861,17.08814336875,5.306108503749999,-17.471484912500003,-32.590889369375,39.0297945625,884.6451768750001,-16.997090375,57.16353609264703,-4.3110466323529435,-198.0603239080882,-8.909534485294115,399.92086985294105
795,795,end,608.997,609.137,0.821,15.20044869411765,-6.757897335294117,-11.885968699999998,-6.278660778,28.61791282352941,716.5713029411764,60.17047919117646,70.61460682598039,131.5892489093137,111.65836361862746,-66.42747904411763,-1264.42612622549
796,796,the,609.797,609.918,0.979,10.906839202948719,-3.887824732307691,-0.8996031343589743,-9.773933320512821,4.68450741025641,663.2857228205128,6.187759610121459,-0.9624575690283402,7.855304034817814,-28.10327315991903,28.48258193319839,145.90027570850202
797,797,disgrace,609.958,610.518,0.835,4.940183037333333,4.736765836666667,-7.486922198666667,-6.082007706666667,18.488611233333337,920.234548,-18.59466323025584,-11.28865131590656,-10.58854384649611,35.38394466295885,-9.58570047830923,604.5254427141267
798,798,of,610.638,610.718,0.812,9.04989214,4.224641604,-18.877378049999997,-21.694952685,6.7742287,858.582008,200.9299549696969,-51.74816879999997,21.402530454545452,37.19547837878788,123.13961181818179,-1622.1587939393933
799,799,having,610.818,611.178,0.771,17.5564337826087,-10.086390904347823,-10.14364172608696,-0.03614915956521776,30.85351743478261,530.9974599999999,36.80158344861658,63.76282585968377,95.76071871047428,2.9875026052371534,49.03295607707507,71.70536561264814
800,800,more,611.278,611.518,0.872,24.22713823529412,10.751144055294118,-7.726130047058823,-32.29242068235294,36.97973970588235,852.9804388235294,-50.84325392156863,-21.507001154411768,-145.90728225490196,-184.31811895833334,21.557152450980382,-214.7162193627451
801,801,people,611.598,611.998,0.816,16.024873808333336,2.4996097754166664,-0.8233195875000003,-16.9998851,31.328879375000003,829.1140425,15.867932665217387,29.146868814130425,-38.440279658695644,-78.94037172608694,13.10231449999998,743.5953456521738
802,802,in,612.138,612.238,0.751,15.635642808333335,1.031290618333333,9.518806541666665,-5.7304368000000006,33.52236716666666,585.9365225,113.53903054195803,90.30522817132865,103.68214816433564,135.31825951048953,31.508282167832174,-2842.3485157342657
803,803,jail,612.358,612.798,0.834,8.72637165,-7.618233232142858,-5.7639959464285715,-15.160227507142858,27.47516382142857,804.6760878571429,28.088597465790908,-15.155756298576904,-142.46428843048716,-71.25198073070608,85.5521413656267,283.4017690202517
804,804,than,613.139,613.339,0.838,12.842187719629626,-10.129540264814814,-9.25581688037037,-12.235165547037036,29.08046988888889,788.8005785185186,-2.4884813137973154,-32.470306103479864,47.21882266880343,13.459964893162397,39.75305866910868,-505.1586584249086
805,805,any,613.439,613.599,0.923,13.017377384615385,-14.535927176923074,4.727709069230769,-4.163447753846153,38.571784307692305,569.3794607692308,-13.133233516483518,107.52473818681318,85.0311525,37.57802724175824,-3.9003181318681226,-1806.7078763736265
806,806,other,613.679,613.879,0.837,17.650290642857144,-6.3406037,-9.137479604285712,-27.014484428571425,23.94439307142857,708.0518942857143,27.787633516483513,50.08452362637363,67.52245103956044,15.826551208791201,-121.94066208791207,-1117.5269296703295
807,807,country.,613.939,614.419,0.797,7.277002174074074,-14.57072125185185,-13.941084757037038,-15.874006318518516,25.48378522222222,823.2844103703703,14.915310592185596,-24.5161176953602,-13.700839286935285,-5.3095265048840075,59.000271459096474,484.6053663003665
808,808,This,614.439,619.121,0.659,6.780900761065532,-32.47804547446809,-27.341921500638296,-28.9295920893617,36.914105127659575,991.4064235319148,-0.8792278376137849,3.8720426679935644,1.1469761053889613,2.002370669718069,5.366904033953785,-26.450581165913057
809,809,proportionately,619.261,620.341,0.844,12.187876404590163,-0.8537424954098359,-9.287551518032787,-21.96928420229509,34.732313,808.2088852459016,2.0687198052882074,-2.7014296004759397,10.965008508989952,-5.193783766472767,0.7440578397673188,40.8999006345849
810,810,African,620.561,621.041,0.773,16.14676166,-14.525677297142858,-19.633951235571427,-2.964529112857143,28.12616782857143,796.8614511428573,13.759000379551813,54.44386187114844,42.52912243445376,-18.065961387955173,26.121867338935566,-384.37351666666655
811,811,American,621.101,621.721,0.755,21.128274856764705,-5.3017260445,-16.421635292352942,-8.77666194264706,30.76648238235294,630.2431067647059,-30.631922427578296,-3.062023113040487,48.367144887242155,18.391509116959508,-20.948490443086317,-74.43285676088611
812,812,and,622.102,622.262,0.661,14.14017845185185,-9.247103365925925,-2.961636457037037,-8.18487085,23.530348444444446,599.7317670370371,-3.5277341147741166,-16.365037763736265,3.4234630818070824,-22.03917158424909,62.24139230769234,-286.54302411477425
813,813,Latino.,622.482,623.042,0.939,16.072787133333332,-0.8959196025641026,-7.490816825410256,-16.507915830769228,28.067272871794874,711.5972756410257,-10.736599272267206,10.77470936437247,23.037257541305674,9.089097551619433,4.168294858299594,-84.51115738866397
814,814,What,626.897,627.117,0.822,5.975404960588234,-36.07573121519608,-28.702192591911768,-32.9616975245098,22.1243635,1000.6827975,2.0696957967686984,1.1810262759150751,-3.972264292175827,-1.08154431663498,4.38196113583196,-6.508618843247976
815,815,we,627.257,627.517,0.909,11.40045372,-9.963558475,-12.685044350000002,-12.547148459999999,34.56449504999999,618.869998,-36.76381063157895,15.272248492481202,54.664834518797,31.218913368421056,86.73212890977445,-1383.5782120300753
816,816,are,627.658,627.798,0.785,12.082362442857143,-13.852560578571428,-26.288028214285713,-32.56415192857143,32.129588285714284,899.0584150000001,30.988891626373626,43.48785249450549,25.692152197802194,44.74582934065932,-153.898738021978,-1223.0478340659338
817,817,going,627.858,628.238,0.865,15.193355436363639,-4.035197894090908,-10.985252599999999,-28.299955699999998,31.541809545454544,768.0463990909091,-12.762264251835123,8.669643719649915,82.75479838509317,75.88314717673632,-0.5765471485036726,-266.0308356860531
818,818,to,628.338,628.438,0.987,9.65200267,0.903156177,6.347733735,-7.11026818,15.015007800000001,850.9795049999999,25.911564515151504,5.757894287878788,67.35877401515151,4.286881818181819,92.46409272727274,-1463.049445454545
819,819,do,628.478,628.778,0.916,15.255281299999998,0.5543135947058825,-12.877292225882353,-29.85156673235294,37.679218941176465,849.3961829411764,15.126420085784304,40.26261516176471,-108.1152622107843,-146.69171162990193,63.978368382352926,-351.67248406862757
820,820,is,628.878,628.978,0.672,6.91045458,9.507641229999999,-7.50929569,-6.523372032,18.573953500000002,612.7016679999999,-178.83288787878786,193.12182772727263,10.843056151515144,26.644368557575742,-284.6888863636363,-1483.767951515151
821,821,provide,629.038,629.479,0.945,21.319009143999995,-1.6796596079999997,-18.6503338364,-15.661468576000003,27.999172800000007,795.8551524000001,38.49334560769231,-26.418122792307692,-8.309545188846158,8.561849365384614,64.81094703846153,-1118.1240088461539
822,822,jobs,629.559,630.059,0.841,10.805599182758623,-3.6664753472413802,-19.93221762413793,-30.274555327586206,27.257379517241375,829.8689789655172,19.02013152463054,11.452057487438426,-55.9761437192118,-12.776421017241374,-11.753016625615764,-0.7006403940886962
823,823,and,630.439,630.559,0.698,8.3180949536,-9.0763531508,-12.2657740228,-6.4491408504,20.42641664,796.1296872,46.39936463461538,-44.981122143846164,32.637495115769234,46.905114177692305,43.34882376923078,-753.6252780769231
824,824,education,630.679,631.44,0.855,6.034688336363637,-5.5287356556818175,11.700407969545454,-1.9718881670454544,20.300456795454547,916.674311818182,-8.33084039534884,14.786651255285411,15.378326314376322,-11.005709111028894,-1.150828530655389,233.12038442565188
825,825,for,631.66,631.84,0.717,18.339062849,4.007991209800001,-9.786720779000001,-8.153540084,18.406419149999998,812.2428764999999,50.76673262180453,17.873052414285716,-170.6795882180451,-112.45922968421053,116.68275951127822,287.6127259398497
826,826,our,631.94,632.08,0.893,17.22634875,-10.698697014166667,-27.955681000000002,-31.300647833333333,37.90443425,603.5831075,32.81912954545454,110.94145235489509,54.654280769230766,-0.2799951048951138,11.019478146853146,1266.7078409090911
827,827,"kids,",632.16,632.48,0.849,10.294332554999999,-3.2176845155000002,-0.8420490457999998,-8.909597064999998,22.3178499,758.7666769999998,-18.389741936090225,30.15304989285715,28.18658320240602,71.83972794360902,-78.3155039849624,143.29774812030095
828,828,not,632.821,633.041,0.855,12.143816391785716,-7.926002525714286,-11.837768104285715,-8.944768165357143,31.10143335714286,730.7206389285714,37.55801696428572,-64.98052900738917,-89.02418614477283,-40.536774100027365,22.105375916803506,-336.271538998358
829,829,more,633.121,633.361,0.907,22.7145386875,0.1587760706250001,-17.8964612375,-30.70683891875,32.8499815,772.2947075,-17.21687963235293,28.145126305147055,-8.95583863235293,-48.3927495367647,-76.8699269117647,-6.430099999999841
830,830,jails,633.461,633.901,0.832,10.284587344444443,-8.911475187777778,-12.850063425925926,-17.33479736851852,25.4649382962963,789.0057225925927,12.427122612942618,19.749787800366313,-64.5748251800977,-51.55309497405374,30.56935097680098,142.97254670329676
831,831,and,634.182,634.302,0.715,10.107833345000001,-6.49712875,-12.608240180000001,-8.532056435000001,24.3583964,571.1808504999999,42.0571179962406,-73.55479895488722,61.51807307518798,21.54286398872181,83.85304015037593,-811.3398372180453
832,832,incarceration.,634.342,635.242,0.864,13.007980215106386,-5.252118756510638,-13.137724479574466,-18.869078319148937,22.872132340425534,829.4307278723405,-3.7743340903098987,-8.485095431452358,-1.9597827287234033,-2.6698774294634604,-17.63307609273821,62.94818715309898
833,833,And,642.226,642.287,0.934,4.362877268988637,-35.14467579147727,-26.676352874431817,-25.886152565625004,9.557496167613637,998.6556745738636,0.10042043621616026,3.144743117128188,2.5062142406784664,4.248028912478868,-2.5206140357940368,-31.169246590647703
834,834,I'll,642.307,642.447,0.919,17.8620114625,-3.5620194874999997,-26.382785,-30.001769,37.23289575,861.352155,-76.4587381547619,-22.74454482142857,48.00427857142859,-60.90179999999998,2.1973440476190436,-1337.0902380952384
835,835,tell,642.467,642.607,0.874,13.303027525000001,-12.6571502375,-16.197987525000002,-19.871537175,40.198448625,781.02227875,65.93549916666665,-202.57186124999996,-41.81461297619045,116.74251607142855,22.994245833333338,-241.65006547619046
836,836,you,642.647,642.767,0.892,4.3145271275,-3.0743776250000003,-12.5177311625,-4.8595111325,19.87955925,732.10223125,-194.51945770238092,309.37170416666663,-207.6395654166666,30.73971244047618,-381.41541785714276,4306.542601190475
837,837,something,642.807,643.187,0.858,13.20698588095238,-0.7944060809523812,-3.3519490166666666,-11.586631561904763,35.27839423809524,680.8298357142857,49.31837233766233,-6.289596649350651,84.18051426623374,29.80369945454545,18.73315428571428,-1190.2883675324674
838,838,that,643.227,643.367,0.883,21.050354444444444,0.16139913955555574,1.618398488888889,-18.518014777777775,34.98161022222223,420.3369333333333,21.243453333333342,-61.340607230000025,-85.87184416666668,-122.41864916666671,3.274546666666686,-1434.9657416666669
839,839,really,643.427,643.727,0.764,21.59770188888889,2.7994234649999994,0.005765355555555808,-3.2006525055555555,32.00329016666667,657.9599283333333,-31.54835562435501,14.006437611455109,69.33990692466462,14.332836331269348,-59.192341744066056,-989.6488880288961
840,840,does,643.787,644.088,0.768,17.972163872222225,6.192689344444444,-19.052282766666664,-21.997081955555558,22.48374672222222,671.0484133333333,-68.175850500516,58.58275775025801,-60.07991535603715,-30.577545923632606,-44.804833900928806,186.88374716202276
841,841,astounding.,644.268,644.808,0.613,9.493104694444442,9.00782975,-15.030329793611108,-16.399632469444448,15.453481333333334,780.7103716666667,47.301504400257386,-8.171229522522523,28.57769983880308,6.383719753539251,50.30452217503217,-91.16651209781205
842,842,I'm,645.148,645.248,0.497,18.235300840909087,5.481492425909092,-11.520954409545457,-25.132019409090905,16.31746463636364,763.5980127272728,23.092980505364206,20.120112750705815,-42.85183420525128,-86.04773051948051,122.18561789949183,-649.7254635798985
843,843,on,645.308,645.428,0.722,20.728892888888893,12.609165333333333,-22.91592655555555,-42.45247588888889,35.911202111111116,610.4617244444444,51.30846750000001,13.973626666666675,162.65016833333337,207.6475466666667,-2.3850524999999876,-1923.1921750000006
844,844,the,645.448,645.609,0.743,14.771846111111111,12.816202888888888,11.118440855555555,-7.6418581366666665,29.832230222222215,653.2283333333334,-37.55304916666667,44.166750000000015,166.27137100000004,87.6894655,-124.61446666666669,-320.5984833333338
845,845,Senate,646.109,646.449,0.646,9.998697373809526,-2.4521113873809517,-3.962201275238095,-10.044348183333332,11.302072642857143,714.6551311904761,0.7952125682683734,-19.986252357061822,-11.05437057742484,6.065463200307915,44.047259480593134,-270.16204606595886
846,846,Energy,646.529,646.889,0.917,14.026326772727272,-3.4855009390909086,14.232869918181818,-2.3558594909090917,19.903566000000005,554.084184090909,-17.37516931677019,66.74960452795031,105.44011036702429,37.93150827216263,-35.784693054771324,-311.7126964991531
847,847,"Committee,",646.929,647.27,0.934,16.851185189473682,3.450957403157895,15.435384142105262,-3.097649718421053,31.386563000000006,504.79898473684204,14.36620015789474,13.170441842105266,21.275143649122814,-44.234197378947385,51.78007763157896,-134.06146929824544
848,848,I'm,647.29,647.39,0.592,23.734026,6.130741283333333,-0.40116106666666695,-22.798658,32.452304500000004,608.586205,179.21234571428573,16.103314142857148,-45.160622571428576,-55.87869142857142,-13.797909999999996,-3178.336100000001
849,849,on,647.45,647.55,0.783,24.35741775,2.9123048250000005,-13.07419115,-36.08105725,28.270748,744.670785,27.842749999999977,-36.34365249999999,57.96779309523811,268.4467178571428,-135.2971869047619,-1317.7896309523803
850,850,the,647.57,647.65,0.99,7.649895039999999,15.883285,-11.261483799999999,-22.9199384,0.0,760.0598299999999,-381.01942899999995,224.41388500000002,-25.89053500000002,156.70919000000004,0.0,-3484.9780000000005
851,851,Senate,647.69,648.01,0.802,8.73358328888889,0.6398742555555562,-3.0183829683333334,-3.179825295555555,21.00173088888889,522.8510461111113,120.65335723426215,-110.09181545923633,131.8498120665635,42.57174649742002,-20.67796109391126,-1093.774851909185
852,852,Environmental,648.05,648.751,0.93,18.744712105263158,4.928827427368421,-7.953702428947369,-14.462875825263158,28.012513315789473,792.585422368421,-7.878230468322574,15.12728786738155,-11.560642860816285,-35.98541883619652,-9.099752937958199,-148.38841454207244
853,853,Committee.,648.771,649.111,0.944,13.493320622222221,8.204606988888889,15.554057525555558,0.16253900944444483,29.206755555555553,601.0591705555555,3.174584520123835,39.1159199484004,76.87629303302374,-23.929809878740976,-0.554446749226027,-29.724339009287778
854,854,I,649.591,649.631,0.997,13.311490011538458,-8.936764565384616,-5.260381396153846,-13.069325873846156,8.255951807692307,688.6825757692307,-3.0628475162393167,-50.02954894529913,-73.67831439487176,-48.98230361230769,51.06347037606835,411.24306136752114
855,855,have,649.671,649.791,0.897,16.782414625,-11.4205281,-6.5302036625,-7.2660008125,27.026926875,540.54721,-40.44913035714284,112.51531178571427,26.35246875,-98.78877613095236,-257.49207797619044,-59.95338095238094
856,856,talked,649.831,650.091,0.89,19.431457749333333,2.7242245466666666,-15.567888809333335,-38.326762466666665,31.558267933333337,776.7560806666667,66.12228849285714,-38.395636089285716,-84.0849452535714,-46.85519374999999,84.59119321428571,-490.40290714285686
857,857,to,650.131,650.231,0.56,4.8513423428571425,12.551030257142857,-14.146605342857143,-26.511413285714287,10.525231857142858,576.9170514285714,-308.4566403571428,118.38612785714284,-156.49480035714285,196.83978035714284,-329.5247303571428,-2472.765142857142
858,858,scientists,650.291,650.932,0.784,10.322184777142857,1.111751824342857,-8.15120554442857,-18.200153998285714,20.363093771428574,601.7102751428572,-1.868240414565825,24.41384108212884,35.688568284733876,24.387685254061616,-45.78573152661063,82.50929495798314
859,859,all,651.132,651.312,0.816,23.554997368421056,11.906181542105264,-16.668491989473683,-60.87392836842105,32.34349310526316,846.0963578947368,8.747378947368428,18.380689061403512,21.893538701754395,-46.789391666666695,16.8613455263158,-233.3927526315789
860,860,over,651.472,651.652,0.952,22.319326294117648,15.306199882352942,-12.55387545882353,-49.44556794117646,34.17992864705883,884.6846741176471,26.58708198529412,11.263815931372546,55.33551857843137,173.12918688725486,29.734016789215698,132.32352450980383
861,861,the,651.692,651.772,0.945,28.7445925,18.04799633333333,-14.204485500000002,-31.203840666666668,35.25755816666666,961.8270400000001,73.73225857142859,23.8004542857143,-19.107658571428573,190.75757428571433,-10.16096142857143,-61.47028571428612
862,862,world.,651.812,652.053,0.728,25.006345999999997,9.825616457142857,-34.38808128571428,-43.65085942857144,34.14213121428571,896.1089285714285,-23.058925714285706,-27.778759780219772,58.55198065934066,-25.061939999999993,-30.61152912087912,73.79179340659337
863,863,The,652.353,652.493,0.885,15.773650940909086,-3.0852445609090897,-14.054916908636363,-28.15698481818182,28.78515463636364,636.1017090909091,51.28959723037832,24.000958571993227,43.65864566883116,-11.05203128176172,-82.907021852061,-838.0298565782045
864,864,debate,652.553,653.073,0.885,15.604827324137931,-7.951563432413793,4.002570244827586,-14.814304524137931,32.106993482758625,696.7036875862068,-44.200025066502455,-26.44089767093596,53.67773865270935,21.19379877832512,10.169705320197043,-389.16584507389143
865,865,is,653.213,653.313,0.819,2.7989125416666667,3.3291302333333337,3.9680148836666667,6.955955424999999,18.457441499999998,894.0146533333336,-84.68743540209788,172.69124388111888,-35.83526569510489,-12.406369353146847,24.280637762237752,-126.99145104895096
866,866,over.,653.433,653.754,0.599,17.035866,3.504215006363637,-20.558036313636368,-44.18886095454545,36.16988772727273,778.2280413636364,16.005218181818183,8.510619074534162,-53.5106525042349,60.618059881422916,-21.23861699604744,-1227.165938735178
867,867,Climate,654.014,654.454,0.899,14.038466862857144,-4.1923661484285715,-15.512168534285713,-17.677877384285715,22.451297257142855,698.6415085714285,-9.815400459383747,-5.833842888585432,36.12311682072827,47.5071693492997,44.354388193277295,43.342873529411754
868,868,change,654.494,654.874,0.921,5.58094412095238,-6.2117393904761915,10.772717425238094,-4.08607038047619,22.188235142857145,729.9722447619046,13.590209174025969,41.17345383766233,41.38135581428572,13.329845900649353,-76.17462103896105,-964.7140337662339
869,869,is,655.174,655.275,0.828,7.410910874999999,0.4847045735000002,7.048530430000002,-3.728214285,9.198844249999999,707.6011599999999,-24.97497728195489,40.78811489736842,-57.971124368421066,-56.52203970300753,20.75147439849624,-854.5481270676695
870,870,real.,655.395,655.695,0.862,12.80957521666667,-11.627452517619046,-19.54390020952381,-10.929093495238096,39.88232428571429,845.203587142857,-24.16410938961039,-58.60218424350649,-59.913730149350634,-100.65715933116883,12.814681428571424,475.02035844155836
871,871,And,660.276,660.396,0.852,4.493171994829788,-36.28992024736171,-28.527869900425536,-28.03524568808511,22.192147953191487,1026.9767225106384,1.108227393341239,2.1353031843777455,0.5922283250020806,1.502357597945389,6.781171278028979,-22.077792441306737
872,872,we,660.476,660.676,0.861,14.583357821428573,-12.472444150000001,-5.881042568571429,-7.5567011428571425,33.4520915,791.0389864285713,-56.395636560439556,-21.675556692307687,40.283507314285714,30.49427083516483,93.64998186813185,-399.77727362637364
873,873,have,660.756,661.076,0.702,16.092350075,-17.790564575,-30.2874383,-9.522349979999998,38.259766,514.2286775,14.89518140977444,11.977450056390976,6.107285639097743,-28.836064969924806,6.222324135338351,129.39103872180448
874,874,a,661.256,661.316,0.693,12.669224708333333,-6.140005358333333,7.001071775,-8.0301252,32.29473183333333,919.6026833333334,37.05835865384615,117.51779298951048,135.8905242132867,57.8499495104895,50.41697132867133,2007.532555944056
875,875,moral,661.476,661.897,0.873,23.994568551724143,1.9467535186206895,-15.467451113793103,-26.916743589655173,37.81329096551723,798.9242365517242,4.991251009852215,-15.103507547536944,-83.34817992364532,-64.16673892118224,10.605734236453205,-159.77924950738907
876,876,responsibility,661.997,663.057,0.86,13.541774070689653,2.9984776118965524,-15.388247846551725,-17.827919060344833,28.54787863793103,754.3079096551725,0.6250174445538157,-6.4542366482358755,27.480006139684402,14.307476837337363,14.253936468362612,-198.5923700206098
877,877,to,663.357,663.497,0.735,18.545992311363637,-1.9419778850000007,1.9683026270454547,-7.23070026309091,9.332373409090907,879.1182127272727,29.04119839215133,40.56360586194241,-16.877838602625634,-87.23436811552794,92.41967156973463,316.54413890457363
878,878,work,663.537,663.817,0.822,30.332169937499998,3.4631396087499997,-36.101209760625,-26.339958062500003,35.8187820625,900.82657625,-57.90547669117647,-38.78477675735294,-104.61863399926469,-32.58334801470588,-1.724117426470591,-106.83509117647053
879,879,with,663.857,664.017,0.753,23.38441985,8.08066919,-12.045984440000002,-18.2432667,33.0468444,791.4107100000001,-139.58300651515145,-12.164538515151515,173.0231367272727,174.9807573333333,-34.85186484848482,-990.9787818181816
880,880,countries,664.097,664.598,0.872,9.576909796551725,-2.7530762620689644,-3.012569761793103,-4.111986793448277,23.360806793103446,731.4384034482758,-3.0739020295566495,25.405153194581278,34.26301072049261,53.64387225960589,13.42958901477832,-360.63999187192104
881,881,throughout,664.678,665.138,0.823,14.041086488888888,-4.798255496296297,-22.56826939259259,-22.543263212592592,31.663371777777776,953.8333785185185,35.0617440995116,-66.14331375152626,-68.26645456349209,-53.58374612515263,60.12873672161174,-157.32750946275948
882,882,the,665.238,665.318,0.999,21.91580844444444,-1.117485722222222,-16.57017711111111,-29.461665999999997,36.88028111111111,832.5286422222223,77.84521166666667,296.2574687500001,85.80758083333336,-90.93356083333336,-33.256672499999986,-788.1129416666662
883,883,world,665.378,665.658,0.786,28.931330705882356,6.876815665294117,-35.61021194117647,-37.837532117647065,39.34057558823529,872.6448747058823,-39.26254938725489,-20.919553747549017,32.7827425245098,-75.73407328431371,-3.2361073529411786,-643.7235134803917
884,884,to,666.038,666.158,0.99,15.686440991999998,-6.3839083159999985,-6.0051896824,-18.9982642544,22.204657319999995,757.218646,-8.62241874615385,-0.0069136769230784935,61.34678594846154,74.32455227615385,-76.86034326923075,-320.00708346153846
885,885,transform,666.258,667.198,0.841,10.16667966923077,-0.6661260750000003,-13.136480203269233,-23.40798387961538,27.39667619230769,789.2132851923076,22.61498081319901,22.096216002518567,-13.11272934707163,-54.931426086911976,19.28721207205669,132.27100441816788
886,886,our,667.479,667.639,0.791,19.599175886363636,-17.806069654090912,-34.386641727272725,-19.072874822681815,31.781795454545453,855.7016504545455,46.7797378458498,66.18463400479956,-36.28764517221909,-67.37959007077922,58.39623534726144,1047.8525287972898
887,887,energy,667.879,668.299,0.8,9.831342445454545,-9.579459729090908,2.6184054157575765,-5.2311686103030315,25.118843484848487,677.0374290909091,-25.76988187332888,60.597448501002695,86.19070274080883,17.297482188669782,5.757183405748665,-311.60215290775403
888,888,system,668.359,668.779,0.972,5.2030117625,8.120797308333334,-11.885012982083333,-19.391111955833335,28.691619666666668,818.7335720833333,83.49822578478259,-18.59095088695651,-39.699765101086946,-79.37564328913042,9.250560260869559,-238.53092500000002
889,889,away,669.239,669.639,0.998,18.879431523255814,0.6011494511627907,-15.184270497674419,-25.028486456976747,23.902050093023252,766.6824811627906,4.243028985200845,-9.982487820900028,6.482272812594381,30.230464496753235,51.21781279824827,92.03549962247055
890,890,from,669.739,669.939,0.77,22.72686264666667,-2.7010598999999993,-14.452415306666666,-7.991790115999999,29.949244000000004,833.5689959999999,99.15818996964285,7.42776344642857,-34.16268573214286,-51.22763709642857,-6.218112142857149,362.10949285714304
891,891,fossil,669.999,670.44,0.942,8.6201383676,5.713880732,-22.823543619999995,-25.768883772,27.363595439999997,768.4679028,-6.194585878461542,54.38841773076923,23.140934403846156,-38.67564851538461,-15.662644807692306,-482.8917965384616
892,892,fuel,670.5,670.86,0.855,9.539063904761905,9.211441039523809,-3.086125414285714,-24.365788408095238,27.35055066666667,855.7438833333332,76.92211207142857,53.42752573246752,-34.42567095454545,-200.4005642987013,35.41585779220778,-375.5461422077922
893,893,to,671.14,671.26,0.634,12.449681584999999,-12.340659272,-6.414994641999999,-14.93776395,11.3750579,863.907937,2.7831457631578984,-68.71461860601505,-22.83147095338346,50.42006057894738,119.49757458646619,-257.5457330827068
894,894,energy,671.36,671.66,0.904,9.327236869999998,-13.584427550000001,8.194624143000002,-2.8523394835,33.07982125,840.1122085000001,-56.88010317293235,98.11295483458649,119.45131390150377,-12.953503854511283,-49.798523496240605,-546.2102943609023
895,895,efficiency,671.72,672.36,0.875,4.535909814285714,-1.7795444074285713,2.834328265714286,-3.886950535542857,16.436554057142853,845.901128,-13.08713264705882,16.123864558963582,29.531296623249286,4.045293499047616,-15.205360546218479,-132.40176568627442
896,896,and,672.68,672.82,0.714,10.83797643478261,-17.538721878260873,-7.986563439130436,-9.585994100000002,17.055822652173912,995.1051204347826,17.490272440711458,-9.056824970355727,-81.43418325592883,43.808561862648205,86.800523715415,174.5994081027668
897,897,sustainable,672.84,673.501,0.652,7.4646588941176475,-7.918797319117648,-18.850853008823528,-14.316687173529413,26.193783294117647,778.2925697058824,40.326568267379656,-36.412435478609616,11.042963701298698,-49.486689091673014,55.93394409472878,577.4135612681434
898,898,energy.,673.561,673.881,0.41,13.616460052631579,-22.099258947368423,-15.367249989473686,-20.912081105263162,30.463747894736844,758.5719878947369,-3.7047425438596497,5.2442104385964905,25.43153960526316,-28.195708596491237,-6.676199649122818,592.7723350877194
899,899,And,680.823,680.943,0.636,5.886169268073654,-33.308550031161474,-28.164201005099148,-29.28547870481587,25.525329325779037,1023.7734398016997,-0.062239754442577865,2.31963409323207,2.2871546733711594,3.4960431154420952,2.07167028442101,-16.060014609122995
900,900,what,681.023,681.223,0.74,23.968732499999998,-6.0263634714285725,-19.44990132857143,-24.75106441428571,39.115373857142856,803.567895,-14.527996373626372,-110.18140723076922,-162.89134980219777,-116.66838907692309,36.11882681318682,1015.6596098901098
901,901,amazes,681.283,681.844,0.921,4.925539225806451,-5.185539249032259,-6.851595877967742,-13.954292509677419,29.405429612903227,667.4966148387097,-28.73802545967742,84.51679421169354,39.36929590274193,59.43278313306451,-68.54372864919354,-27.397408064516206
902,902,"me,",681.884,681.984,0.994,10.373108285714284,5.518316218571428,10.684891185714287,7.268207042857143,32.83991328571428,1060.7795757142858,82.06144285714288,-123.87705875,130.53620642857143,177.54672142857143,8.02500535714288,2114.056803571429
903,903,what,682.044,682.184,0.948,24.677562899999998,-5.379769809999999,-7.52778256,-19.54407985,36.48386429999999,957.1880370000001,19.182283939393933,-127.2151492424242,-62.45374781818179,-218.15547621212116,18.134400909090903,-1407.2688030303023
904,904,totally,682.244,682.764,0.944,18.55508524137931,5.0481062379310355,-7.618208102758622,-29.180578622758624,34.55764424137931,776.5886844827585,-0.8507607216748789,-16.403394243842364,-4.741577186699504,-0.4541155241379308,47.59365844827585,-677.5453307881774
905,905,amazes,682.884,683.404,0.866,10.37065859375,7.390954265625001,-5.8386310953125005,-4.253052510749999,24.126542468750003,718.5079609375,-47.87700152309385,51.13514951154692,19.23980360657992,22.396438550476546,-66.44297865652494,680.0424942265396
906,906,"me,",683.464,683.624,0.728,7.538629718181818,8.377796354545454,6.297777312727273,-2.3884130627272726,0.0,836.4563627272728,43.50619677272728,-97.32090927272729,51.47538916363637,9.659787322727274,0.0,-2115.823209090909
907,907,is,684.304,684.404,0.798,8.762966715384616,1.704800914230769,6.097471376153846,-2.821564288461538,4.206128615384616,721.3666692307694,-7.2550646427125525,15.939728145445343,9.455484388562752,6.200865622469635,21.540821022267206,-32.04335931174093
908,908,that,684.465,684.625,0.988,16.61464881818182,3.503207836363636,-15.833751654545454,-9.949638945454545,30.71760454545455,779.1282827272728,245.47806318181827,-104.29627368181822,-145.0578460454546,-92.68257522727275,159.8088463636364,-350.9502318181824
909,909,we,684.685,684.805,1.0,17.03398328888889,6.505011577,-1.4545972666666664,-13.265209277777778,37.10521988888889,677.7096833333333,-142.04268350000007,51.7199440775,208.76123216666673,225.05757650000004,-16.844335833333343,-2330.3771750000005
910,910,have,684.865,685.105,0.856,18.955329266666663,-0.5850592866666662,-18.4026808,-5.317866679999999,35.45517233333333,492.839876,38.23801535714285,-22.536374785714276,-14.341964910714271,-19.354114410714285,0.12138089285714619,599.5235803571427
911,911,not,685.245,685.465,0.82,23.09390888888889,2.084091844777778,-14.62848915,-11.759406935555557,16.709614055555555,747.0252422222221,-0.41469091847265127,-25.822771864086693,-90.37293941692467,-11.94319089783282,-14.730394066047483,17.285522187822497
912,912,one,685.785,685.965,0.58,23.16775428,11.644790208399998,-6.39094620536,-21.317020857999996,30.74837016,734.6278508,-16.889925115384614,-15.423417114615383,-2.4213006408461535,-25.713258134615376,45.175309807692315,244.928831153846
913,913,Republican,686.345,687.145,0.879,23.020702330508477,8.556067183728814,1.0927780837288132,-18.45114877372881,21.26148572881356,787.5138905084747,-5.505739924021042,5.015818631326711,14.25731868068382,-9.519861585622449,33.67620315312684,-349.6560499123321
914,914,candidate,687.466,688.066,0.978,18.40919651304348,1.2874060904347826,15.488095449999998,-2.6351211219565216,16.78107893478261,566.7152273913043,0.46169721245760054,8.710039133888374,4.937014560283687,-6.933932281560284,25.419818189947577,-409.7537518963921
915,915,for,688.146,688.266,0.855,18.7114067995,11.90185645,-6.05860592,3.98227112,6.695140100000001,785.739946,178.59970060757573,-63.69056984848485,-72.25772054545453,-126.32233115151514,-0.08235606060605581,3012.750581818181
916,916,president.,688.326,688.706,0.969,15.962761918181819,5.902591180454544,-8.017280967272727,-4.0118260740909095,19.84096659090909,712.3820886363637,17.228415962732925,-0.920049702710331,50.49031032862789,20.495330225014122,9.408979926595148,-1183.519474025974
917,917,prepared,689.724,690.264,0.905,14.86652227820513,0.016675693589743818,-0.8218898212564104,-3.129593486794872,8.670283487179487,771.1016271794872,6.964411857825719,-2.054806287446729,-4.658572394055312,5.079073852293277,24.30760578535389,-254.92881529862538
918,918,to,690.324,690.424,0.746,15.9775773125,-2.6689961125000004,7.7629122875,-0.38943969125,13.085765499999997,603.7755950000001,-37.21818958333332,79.30529291666666,106.1465807738095,12.840810529761907,-76.98969285714283,3807.1270357142853
919,919,come,690.484,690.685,0.925,20.361067133076922,2.687875346153846,0.8259422138461543,-16.22377696846154,20.53475153846154,778.0269415384615,145.846680010989,74.3933398076923,-17.638200236263742,-105.59271645879122,182.21276456043958,-213.1654642857143
920,920,up,690.805,690.885,0.998,23.166605399999998,11.592729899999998,-17.399688840000003,-38.5014806,35.094320499999995,654.705217,-6.4741709090908905,-45.5286003030303,-49.1927001212121,68.4253818181818,12.888145151515127,10.134251515151652
921,921,and,691.105,691.205,0.727,17.88579434375,0.8463875712500002,-5.18587463125,-11.376575025000001,12.6592825625,641.4172056250001,-18.513436448529415,50.197065304411765,88.4890185220588,150.06775783823528,-25.039163014705885,-1219.8054742647055
922,922,tell,691.285,691.505,0.918,14.668771206666667,5.372158846666667,-9.926568106666668,-14.791199042666669,20.417960733333334,705.140034,-3.215605535714285,53.24255153571427,-167.0101180714285,-225.93333587499998,138.08058178571426,1644.4183410714284
923,923,us,691.565,691.665,0.783,2.5617208750000007,18.818512625,-17.021662375,-27.809934000000005,0.0,841.5407762500001,-347.79538630952374,66.79184702380951,-106.62071726190474,268.14263690476184,0.0,827.4227202380949
924,924,and,691.725,691.785,0.992,12.405356833333334,12.299914233333332,0.5878594400000002,1.4420175666666672,21.79541616666667,633.4973933333334,327.43871571428565,-20.021378571428567,196.80710268571428,209.97477057142856,16.417795714285766,-1258.5890285714295
925,925,agree,691.825,692.125,0.931,19.090305352941176,6.704536776470588,3.532818276470588,3.0874965000000003,29.231804823529412,793.0309676470589,-44.04663284313725,-26.42890984068627,27.826768259803927,22.024525049019605,82.48443725490196,657.3587242647061
926,926,with,692.185,692.305,0.926,21.49259911111111,10.607816833333333,4.385998582222223,-5.396637033333332,11.064127888888887,831.0520833333335,-85.38416833333335,30.08729925000001,-59.935330058333356,-37.40641875,-83.7537116666667,-290.45608333333337
927,927,what,692.365,692.525,0.923,26.493348909090912,5.9014882363636385,-4.892672009090909,-20.18752058181818,25.188287727272726,792.7744045454546,59.70905090909092,-142.58898845454553,-72.22561336363637,-43.94636822727274,189.68824636363644,-1832.3424227272735
928,928,virtually,692.866,693.266,0.994,19.86071074189189,-3.301577335405405,-0.5502628783783787,-11.903897680000002,16.477801594594595,719.2258578378377,-24.989422259364627,24.613957412399245,14.741807358937887,8.99400794784258,44.86277233285918,318.13192733523
929,929,all,693.326,693.486,0.891,18.805977,20.239713090909092,-13.86335146,-41.66113372727273,32.61371145454546,814.3741509090909,-184.98010772727278,84.73043681818183,-46.10891918181819,-11.202032272727262,-78.92162727272729,708.0431681818185
930,930,scientists,693.546,694.146,0.829,5.9714185515151526,11.755949769999999,-6.573299137272728,-11.274085789999999,16.110038939393938,683.4141493939394,-15.50083963569519,21.995403371156417,31.144464413602947,40.50558230230615,-32.73713265374331,625.1293083221925
931,931,agree,694.266,694.487,0.776,20.75083482352941,7.471744894117647,-10.026909545882353,-6.704310917647057,22.456324176470588,887.2854917647059,56.32164632352941,-74.23164098039216,62.1474893602941,164.81751780637254,80.09067083333332,1314.636544117647
932,932,with.,694.527,694.647,0.874,18.56603906625,10.0391531625,0.4391988450000001,-8.0094727625,0.0,954.903105,-241.2774789821428,-10.500791488095244,18.634551619047613,-0.28166636904761344,0.0,1300.7362619047615
933,933,And,695.367,695.447,0.856,10.3135510675,-5.1281454894,1.234824133,-6.01794141775,4.2124174000000005,651.16164825,9.853590204033774,-1.5890290494559127,-17.111095009193242,7.522649968714822,27.641690056285178,-523.0716471388367
934,934,you,695.487,695.547,1.0,26.386506199999996,10.415124819999999,8.657115260000001,4.21195578,33.90413260000001,781.962888,-169.63999,77.82271399999999,-47.511812000000006,-139.16836800000002,17.46549000000002,-5877.3645000000015
935,935,know,695.587,695.707,0.974,36.298518875,4.537640400000001,-17.859232562500004,-15.4274912125,35.73647925,694.51862625,68.42209583333332,154.80900000000003,-12.72891458333333,-280.0598631547619,11.352550000000013,-437.82683928571475
936,936,why,695.747,695.947,0.738,25.76003475,4.435302466666665,-14.498847033333334,-25.529320169166667,36.71497775,624.2411308333333,-108.46618339160838,-159.66653839160836,50.703364825174816,195.61459166608392,0.20795611888111795,-2444.1180576923075
937,937,they,696.007,696.167,0.838,22.288766545454543,1.4277504027272725,4.102607195454545,-1.7851083100000003,35.69747881818182,481.82975363636376,27.301750454545463,-71.61517740000001,20.051352295454546,10.224903227272732,2.770490909090924,-1413.003195454546
938,938,are,696.227,696.327,0.988,24.810401,0.2867617250000001,-10.64086605,-6.804668691249999,35.505738125,500.17536875,3.7249654761904734,79.45789869047617,7.6984361904761975,-57.16858175595236,-2.540842261904773,82.72155357142846
939,939,not,696.368,696.508,0.9,27.341104333333334,0.46750377555555556,-5.2347344666666675,-9.591602711111111,35.962103777777784,456.4373511111111,-41.71830249999999,-77.17801966666669,-123.53680675,-104.03334350000004,3.7344599999999666,38.2522916666667
940,940,prepared,696.568,696.928,0.945,23.522058190476194,-1.9712003585714288,-0.686738014285714,-5.130755961904763,28.66902447619048,621.8093371428571,-12.378598441558438,-6.867683813636365,38.40753675974027,27.021120766233757,-36.23038597402597,-827.1368227272727
941,941,to,696.968,697.028,1.0,11.95725436,5.502225340000001,3.2617727602000004,-5.9807036,14.083458799999999,543.865702,99.55883850000004,196.22534300000007,165.69264449,173.84837000000005,175.69624000000005,-1924.2437499999996
942,942,do,697.088,697.188,0.874,19.613415625,11.0076685125,15.7063056875,0.5093206625,22.156580125,550.65158375,14.572666071428563,-56.31412696428571,-36.376115773809516,-85.1146232738095,105.68858392857139,-2178.775327380952
943,943,that?,697.228,697.368,0.935,24.330202777777778,-1.4817144288888893,-6.919728898888889,-14.2292356,35.92528911111111,490.13351666666665,37.318349166666685,-84.39917736666669,-46.02402635833333,-1.3355711666666634,0.018698333333334247,-2861.858875000001
944,944,Because,699.069,699.829,0.931,12.39162648780488,-22.846316667479673,-13.934404497560976,-22.994171626341465,31.11269987804878,897.6580989430894,1.2556839870503413,2.206811612258322,-1.5281119893461972,-7.100411004204771,1.8388133904502717,7.145679054184773
945,945,on,700.109,700.19,0.974,14.490829466666668,-4.269149422222222,-18.563633388888892,-31.538217611111108,24.381471333333334,774.9615011111111,65.24789421052634,-31.67317145510836,19.90979303405573,-49.887088802889565,105.79122610939116,-1320.1495046439632
946,946,the,700.25,700.37,0.798,23.006278111111115,-4.242924477777778,-3.0157089933333334,-20.04151788888889,28.525056555555555,684.4617066666665,-66.24909583333334,-17.3934615,44.50577235000001,47.53132583333334,-212.18426416666674,2389.5249833333337
947,947,day,700.45,700.87,0.782,11.647835116,-15.082337066400001,-0.09841449560000001,-14.066383508000001,36.36202516,714.0285036000001,-38.32097991923078,-15.324635613846153,23.62753515153846,13.89892053076923,36.567578692307684,-279.3717638461538
948,948,that,700.95,701.19,0.872,17.062225875,-14.560667761000001,-4.809444065625,-2.965572545,37.136593125,792.4546425,21.63514529411765,-81.24092964470589,-43.22159144485294,-28.827155676470586,28.06315117647058,-905.0042279411763
949,949,they,701.27,701.57,0.62,12.568822199999998,-11.3380588454,6.509192992,-3.8797822540000007,30.67355525,604.0253599999999,-22.884876586466167,33.93785630812031,54.82966283609023,10.269238031578949,-5.708240187969918,-394.89823308270695
950,950,do,701.67,701.99,0.912,20.172836853,5.1980165417999995,-0.017442072500000183,-10.928847039999999,20.504157349999996,717.1906295,45.1553211075188,56.58476129398496,-84.88073995300752,-130.0924028270677,12.971945150375934,64.3624221804512
951,951,acknowledge,702.511,703.111,0.786,20.924258829824563,2.7902898024561393,-8.100571324561402,-21.272850628070174,20.72578812280702,682.6284471929825,-12.301571862522682,6.460487414311641,-13.073932787140262,-24.949753136180963,40.32449137606947,-89.97650544464611
952,952,the,703.171,703.251,1.0,21.084183557142858,5.898438971428571,-5.282149428571429,-14.955608657142857,34.35561571428572,796.5597757142858,301.0852014285714,-20.250098214285714,-164.76761517857145,98.24140142857141,-31.75060892857141,3717.2496607142857
953,953,reality,703.291,703.831,0.834,21.250468517241377,1.0978053172413793,-8.94421834827586,-23.521036367241383,35.07402086206896,790.2070255172413,-0.8419008374384194,24.53482274236453,11.809649435960585,-54.43562408374382,4.106906527093597,-55.00841206896545
954,954,of,703.871,703.911,0.999,19.86668125,8.801814275,-3.4231955,-15.1421895,35.38980075,601.2784775,-123.85877500000008,177.77370850000005,31.459437000000012,-20.830929999999984,12.217025000000069,9691.612750000004
955,955,climate,703.971,704.352,0.542,19.175166977272728,8.267890193636363,-11.60709737727273,-24.01880448636364,19.406706227272725,717.076230909091,11.897105118577073,-20.161311095990968,10.147944226425746,57.21286880011293,-13.98385942970074,-823.6774116318464
956,956,change,704.392,704.732,0.994,8.55964952631579,0.7822464842105263,7.426991926315789,-2.450741268947368,16.106116,718.1510852631579,34.81380061403509,55.90303819298246,17.50424275438597,-9.221047567543858,-10.465745877192978,-40.08220964912274
957,957,and,705.212,705.312,0.672,9.328617334482757,-5.003816834482759,-3.3881201055172405,-5.677333441379309,7.400898448275862,824.9575031034483,53.31100323891624,3.0852245320197023,-28.54153767487684,17.577305672413797,36.02969214285714,-1417.137980295566
958,958,call,705.392,705.752,0.929,17.58852514090909,8.826274259090907,-9.154080075454546,-49.34396101363637,31.346737636363628,771.7707640909089,27.349745790513836,62.81456979954828,-18.866986621682667,-100.5109295793337,51.95644138904573,738.952467814794
959,959,for,705.812,705.993,0.88,18.70718411666667,9.050030625,-11.104168816666666,-26.199929166666667,30.03335866666667,739.51778,128.15147083916082,-50.382598723776226,42.049341783216775,8.182903846153845,-111.42697167832164,1102.2099475524478
960,960,change.,706.053,706.513,0.925,11.370860678461538,1.2987687384615383,11.839470628846154,-1.9738992269230768,16.592400846153847,707.9832092307691,26.682185236239306,33.95477207179486,28.247315144444432,27.07915161880342,-36.88951374358973,383.0580488888886
961,961,You,706.953,707.053,0.922,4.011136484074074,-8.379165662962963,6.955473684962963,-3.187151877777777,6.393866999999999,885.9502629629628,60.5622014822955,6.661888531746032,-27.789069558669116,-7.907539844322347,58.103279609279625,-315.0324423076923
962,962,know,707.093,707.193,0.949,28.28545757142857,-6.589734014285713,-21.88694357142857,-24.05508552857143,37.09706271428571,947.8746,1.642080357142862,176.7699010714286,-74.61449999999999,-426.50601178571424,14.838501785714302,-64.62907142857136
963,963,what,707.213,707.313,0.877,23.471781833333335,-11.6584451,-31.668549833333334,-21.538200466666666,36.59905366666666,785.9744350000001,-32.20454714285715,-123.28375285714283,-116.97339285714285,426.9923522857142,-19.002548571428566,1465.0069857142864
964,964,happens?,707.353,707.653,0.975,16.462789952941172,-13.660674717647058,-29.358220176470585,-5.2854466,28.321946176470586,760.795018235294,-34.270030098039214,113.5138744485294,95.20978370098038,28.880595318627453,-119.19267622549016,-1391.2822745098042
965,965,They're,707.693,707.834,0.54,10.483157911111112,-2.7478611444444447,-1.6888938722222224,-8.706393511111111,23.880015888888888,717.6912466666666,57.48116100000001,0.7178395833333364,117.00623525000003,68.66232033333334,-32.87342083333336,-718.7535333333333
966,966,going,707.854,707.954,0.067,20.876486500000002,0.838409745,-7.27443285,-21.033184666666667,35.08626216666667,823.7978933333334,127.72115285714287,64.25541664285714,-78.20714557142858,-154.70091428571433,-5.8490699999999824,-2992.212285714286
967,967,to,707.974,708.034,0.39,25.132994749999998,12.0045975,3.2436683675,-36.068946,34.897273999999996,792.2574,-68.51845500000003,-137.48918000000006,247.9186255500001,257.71215000000024,1.5676199999999347,-768.2491999999996
968,968,lose,708.074,708.414,0.828,14.982672773684211,4.790916144736843,-7.34597651063158,-25.340389736842106,31.184772736842103,801.7534499999999,-62.68712521052633,36.04949500000001,-0.6987565803508767,52.33045947368423,-100.87301271929827,137.09170087719306
969,969,their,708.674,708.874,0.877,12.767631843478261,0.25301081217391347,-4.082945606782609,-8.793254086956521,26.423810347826084,653.5094626086958,50.93013356719366,-53.74075628310275,-6.845773695553361,-8.808580607707508,27.486422677865598,-315.04905978260865
970,970,campaign,708.914,709.614,0.774,11.596255905405405,-9.86093203945946,5.590586835135135,-9.823785955945942,31.24815818918919,614.0244008108108,10.070035519203415,17.64898438264581,27.603623754148895,9.566254604788998,11.275236865813186,-952.6219828117594
971,971,funds,709.935,710.295,0.727,12.779299988235296,-2.3903854692647055,-9.31643639117647,-13.233788640882354,24.851272764705882,758.6456947058823,11.642273313980134,14.908574294079449,-48.28466762337659,-28.777725270664618,25.78292676852558,-553.2288125286476
972,972,for,710.535,710.675,0.891,12.368704007894737,0.10135433684210522,-9.984601943157896,-9.346148372894737,18.03620452631579,721.5518294736843,81.00620652631581,-24.8727569385965,14.63173683508772,-18.12746800921053,100.85374728070178,505.7232307017546
973,973,the,710.695,710.815,0.77,14.434610285714287,-0.12822430000000015,-1.0312770714285715,-13.343094714285716,15.187508285714285,713.6187471428572,-39.64969107142856,-173.65795517857146,70.15604857142857,8.291799999999993,-379.5225178571428,2456.148464285714
974,974,Koch,710.855,711.155,0.559,16.792864476470587,-3.8456163447058826,-19.100155858823527,-31.238524999999996,35.361817411764704,904.9607911764705,70.35608093137255,-23.964961720588228,-58.10028530637254,-16.737431372549015,136.4636462009804,-14.816769607843094
975,975,brothers,711.175,711.636,0.79,15.5484080125,-1.8218218691666666,-25.45380666666667,-20.055921229166668,34.00720845833333,762.3660170833333,-39.783621654347805,49.81473544043478,42.34087008695651,32.287268728260855,-29.85156654347825,-738.7355041304345
976,976,and,712.776,712.876,0.969,4.639952013709677,-28.16585539354839,-15.321932598387095,-19.593778904838707,31.335664758064514,887.2464729032258,4.076705529387323,-15.637419807106339,3.980430524413889,-5.360309112210723,-60.539913821107504,256.24873551408933
977,977,the,712.916,712.996,0.822,17.113543,-13.325750249999999,-12.312342549999999,-15.35107383333333,17.952184,710.2590283333334,-44.04400857142858,-133.7467635714286,-90.61647642857142,-19.148732857142853,-463.3671314285714,-452.68952857142904
978,978,fossil,713.056,713.476,0.598,11.264301275,-14.783838991666668,-25.24249483333333,-17.080693991666667,16.306877333333333,806.9240358333333,5.635309186956519,25.50025240434782,36.45044278260868,26.45363321304347,-39.31410334782608,-848.6560626086956
979,979,fuel,713.557,713.817,0.549,17.36140825882353,-10.028729014117646,-20.336494352941173,-26.54997688235294,28.983087117647056,891.0645423529412,41.55509225490197,47.76260877696077,-14.307429289215687,-63.35735134803922,116.96211605392158,610.7118161764705
980,980,industry.,713.857,714.337,0.422,14.547049296153848,-17.596319865384615,-20.335729480769235,-17.986186653846154,8.401066576923077,820.4417292307692,-5.659606965811964,-20.58288932478632,-13.955239717948713,-1.4863824102564114,-56.79477707692306,20.551695042735172
981,981,So,721.004,721.204,0.984,6.414760419591836,-35.62779326093295,-29.488623604956267,-29.464656338483962,25.402903122448976,1033.7325975510205,-0.2751614315899204,2.7392191405483324,1.8579305726837854,2.304256048682455,2.235594338762782,-11.53465386071372
982,982,I,721.424,721.504,0.997,14.6824726,-24.276164866666665,-22.754650959999996,-18.925265400000004,30.469986866666662,944.5497933333334,20.90651285714285,-15.215521785714282,52.43939689285713,49.94260464285714,51.788564464285685,-1149.6391125
983,983,say,721.624,722.084,0.664,6.5629489793103435,-12.595763862068965,-14.230922827586209,-13.415761150344828,31.090104379310347,805.3576655172413,42.36846660344827,-62.423388509852195,69.5582305591133,-8.816426929064036,77.63672453201968,-610.6136214285714
984,984,to,722.104,722.144,0.0,11.490895333333333,-6.3656412,8.594596333333334,-3.726959466666667,37.379814,348.64384,-57.34259999999997,257.93914999999987,-17.264999999999986,-135.85738249999991,-60.22519999999998,2667.9557499999987
985,985,the,722.784,723.205,0.761,13.12188157245283,-11.44815354283019,-14.21058025735849,-12.164838981698116,18.801447283018867,848.0931783018867,5.994552765037898,14.69357752898726,-2.481926754958878,-16.833831947226255,23.17291044992743,-28.021765884534755
986,986,"Republicans,",723.265,724.145,0.794,20.630707201276596,4.090145517659575,-5.301205266382979,-20.064165023829784,30.575758404255325,779.7366765957447,-1.5773436435013888,8.881233115980576,27.35569194669288,21.068576272779833,-3.600963245837189,-16.73385794403328
987,987,stop,725.365,725.705,0.949,4.8517665807692305,-0.07219452499999995,-14.176999245320511,-10.54325482551282,6.685232756410257,785.6266151282051,3.085423464067579,-5.25465580903274,-10.678693097039037,-3.312573883717548,20.789764928109868,16.693730864072656
988,988,worrying,725.745,726.165,0.81,23.96449265217391,2.069031521739131,-20.175336095652177,-14.12231613478261,33.50094960869565,754.8514369565218,-11.183838982213436,-24.91255263833991,96.99194896245056,84.21519931324109,34.51236867588931,-539.5165271739129
989,989,about,726.305,726.645,0.847,22.651136416666663,1.791931670833333,-22.828583914583334,-21.843786079166666,25.463998291666666,838.2096179166666,-14.12772217391304,-12.58254868043478,-43.161109516304336,-45.171941558695636,58.1263013695652,-614.7994206521737
990,990,your,726.785,727.045,0.692,20.364590275,7.2385362949999985,-9.09672887,-24.07248995,26.057288999999997,783.574554,22.947078327067672,28.50534453759399,-28.011779187969932,-211.96957854887222,67.4677332330827,-119.95057293233094
991,991,campaign,727.186,727.766,0.886,19.18654652777778,1.3776385101666664,-3.2076968057222217,-9.43155071111111,29.516408472222224,608.9711913888889,9.410424388674388,12.574960728610035,34.06629625743886,57.742599893050176,0.24959590090089753,-303.0425209137709
992,992,funds,727.866,728.286,0.819,15.556033294230769,15.937620296153845,-4.869357000769231,-15.49634403076923,22.83429569230769,660.4584411538461,23.014822187179472,25.470966384615377,1.0753011299145276,-31.448200143589734,39.25152642735042,265.7351683760684
993,993,from,728.706,728.866,0.724,7.408698168965517,8.486102202413791,-4.7051958162068965,1.0546674437241377,7.678964344827585,815.8912451724137,97.78222219704433,-55.50677447044334,-24.40128492783251,-18.189859909261084,60.23325059113299,-207.29499261083745
994,994,big,728.946,729.146,0.92,24.243412857142857,2.7162781621428573,11.971979770714285,-2.9682869785714283,21.28421714285714,824.9767021428572,-53.822926373626366,-3.657666598901098,-37.03582591978022,17.57269642857142,122.96328989010988,-994.3195241758242
995,995,oil,729.346,729.626,0.707,22.475740541666664,12.7860187075,-17.427366329166667,-42.856776458333336,33.29542333333333,812.0304437499999,-23.202512326086946,30.37244727695651,-35.8789355921739,1.810274152173915,-3.572824347826081,374.29745847826064
996,996,or,730.086,730.166,0.832,24.434094888888882,9.068874114814815,-10.512255781481482,-31.51779637037037,19.833183555555554,845.2123666666666,4.21170057997558,-10.186828134920638,24.993084829059836,4.511841025641025,-2.579978327228327,-373.6336901709402
997,997,the,730.206,730.306,0.668,24.82809071428571,6.5807004000000004,2.656546242857143,-16.672132285714284,12.882165857142857,554.3277642857142,61.34029642857141,-142.1492407142857,79.82765642857146,15.996224999999995,-322.1383875,4718.666339285714
998,998,Koch,730.346,730.566,0.482,22.850608323076926,9.060526059230767,-8.705771546153844,-35.504359868461535,21.72526923076923,880.08403,125.80966200549452,54.067131725274734,-25.203777637362638,-193.62162014835167,145.688535989011,-479.5207060439561
999,999,brothers,730.606,731.026,0.808,23.541504986956525,9.788067186956521,-14.363597250434783,-20.30351636956522,25.84797239130435,615.8315939130434,-51.86337452075097,50.53355349308299,50.27718645849801,35.304639347826075,-21.653562944664014,-1297.82146146245
1000,1000,or,731.387,731.487,0.82,9.717650647826087,17.546822113043476,-11.941039237391305,-17.042308969565216,8.301385,739.724805652174,93.64777373517782,-37.386940464426864,-8.05023164920948,-35.04696075098813,79.76988804347823,280.18819169960466
1001,1001,the,731.527,731.587,0.999,25.648990599999998,10.525670080000001,-2.71863176,-26.3248568,19.217966999999998,845.861072,72.55122499999999,-138.68732000000003,114.88152000000004,186.19047000000006,-160.30980000000002,726.3690000000007
1002,1002,coal,731.647,731.907,0.723,21.00594150625,11.36893780375,-3.3870364174999996,-33.829745162500004,25.2866004375,838.399765,63.92462983088234,67.62322518088234,63.16975319117647,-132.05184974999997,97.22358492647056,-43.923961764705744
1003,1003,industry.,731.947,732.387,0.82,17.74613364166667,8.61294080875,11.797416866666666,-1.2145092529166666,19.959609083333334,880.0535283333334,-24.654405047826074,-8.068143190652172,18.550226952173904,81.42248916108696,-34.93169747826086,496.8516604347825
1004,1004,Worry,732.687,733.067,0.875,22.16621387058823,-0.9236111105882353,-9.137966355882353,-10.413253819705883,24.714312941176473,895.0662326470588,-11.15405543926661,-15.552024845225361,-64.51220522918256,-7.0518466249808975,78.26760187929716,-337.04099915966367
1005,1005,about,733.147,733.447,0.852,22.478498263157892,-11.6749874,-22.331352994736843,-23.577835027894736,32.77643389473684,793.7549294736841,31.27090754385966,2.7062958947368427,-69.09253180701755,-91.539748827193,32.56961385964913,322.86195526315794
1006,1006,the,733.527,733.627,0.846,28.275145666666663,-0.9389314444444447,-20.440877633333333,-27.83996477777778,28.034919222222225,861.3338166666666,5.50726333333333,83.5663329166667,106.65552575000002,173.50455833333336,-90.33346833333334,-1561.5746833333337
1007,1007,planet.,733.687,734.107,0.745,18.291891139583335,-3.471854066666667,-9.4564395175,-20.499932166666667,32.891210083333334,557.7018216666667,22.521499322391293,-36.52914305217389,53.14395810999998,49.86622477826086,21.84268682608695,-1243.2584486956519
1008,1008,You're,734.387,734.507,0.497,13.942830565,-9.550769198,-6.373793899,-11.008387058,25.966659800000002,647.4500805,7.955980364661658,7.926976736842106,23.99554775714286,42.11187067669174,-45.08858917293233,1116.6527221804515
1009,1009,going,734.527,734.627,0.053,18.764125333333332,-0.7636690000000002,-1.4734097249999998,-3.544298505,29.995241000000004,858.4581766666666,99.2943342857143,-146.31047000000004,-173.99531349999995,-22.922034357142856,253.4104942857143,153.6160285714297
1010,1010,to,734.647,734.687,0.001,29.261733333333336,0.62002462,-4.310092733333334,5.6834704,35.788215666666666,882.9816166666666,-11.105924999999935,10.70031099999999,73.16537,131.94902499999998,-12.208175000000129,-6131.992499999995
1011,1011,be,734.707,734.767,0.506,19.371437,-0.3200698525,9.428984442500001,10.916437175,35.435957,784.467935,-71.34799000000001,14.902960050000006,160.95188345000005,-284.10815650000006,-6.18405000000003,8567.894700000004
1012,1012,leaving,734.827,735.107,0.889,15.545893705882353,8.608985551764706,13.289434,3.555057383529412,31.77247411764706,486.5059929411765,-10.097348774509806,26.081735234068624,145.31555719362743,33.37530455147059,-8.967546200980403,-1346.0513504901958
1013,1013,your,735.147,735.287,0.827,20.27943711111111,5.3180075,10.649434166666667,6.411360788888889,23.096095555555557,607.4616988888889,2.7424825000000017,-83.35272366666669,-32.00387675000001,-46.388478500000005,-202.43175250000004,-1453.773291666667
1014,1014,children,735.327,735.848,0.8,8.850903860714286,-2.933211368214286,4.421237853571428,-13.785008430714285,20.555375464285714,826.659415357143,44.73775033524903,7.8021630420087575,-19.753832152435685,28.29708217980296,25.772641037219483,802.3607926929391
1015,1015,and,736.128,736.228,0.906,15.466358342105265,-13.534474152631581,1.8499392774736843,-9.396927038421055,11.432688,734.7960268421052,-0.7966538157894811,-21.592766763157893,-25.521722925964912,-5.866729684210526,123.21232333333336,-555.3915921052632
1016,1016,your,736.248,736.368,0.965,18.612665285714286,-3.9492982628571434,7.4153534,-6.4544159,20.093072,903.8501942857143,-42.12915,-84.22839860714286,-109.26086089285715,-52.41151160714286,-377.0694321428571,2547.8978928571432
1017,1017,grandchildren.,736.408,737.068,0.541,11.64921547977143,-13.53564301142857,-11.825644984000002,-14.095930865714287,18.925366999999998,881.0563965714288,-8.560198017647059,-31.104380158263297,9.192057226050416,-25.15891429411763,-17.838489635854337,47.71700056022412
1018,1018,"Now,",744.41,744.75,0.919,6.04615759359375,-36.94106145625,-30.335540796875005,-30.127427848958334,24.878070364583333,1022.1800482552084,0.7719637960768753,2.4638858836859128,0.8098359431055236,1.6278773131209523,1.970972692463379,-18.415709916319813
1019,1019,I,746.59,746.69,0.799,5.67241291428866,-22.88844597938144,-18.22886819072165,-14.276234558154641,8.237826783505154,915.3160827835052,1.3354395908820749,4.667919783360511,-1.0216167656611619,-1.2869764977099991,8.139462526299184,-52.142912397433236
1020,1020,have,746.77,747.23,0.741,19.00780232222222,-2.4328551962962965,-26.432072019999996,-13.425486314814815,31.21424825925926,697.7484907407407,24.429872762515267,9.854255213675216,-40.949817760073266,-93.17027706349208,38.333201465201476,795.2373888888891
1021,1021,been,747.61,747.81,0.75,16.701700134482756,3.2336690779310344,-3.285257627586206,-10.000659905862069,12.507501103448275,703.8268503448276,31.222847906403935,4.192067751231528,76.13525548522166,13.813040380788175,26.685262561576348,183.95739630541863
1022,1022,criticized,747.89,748.591,0.862,13.46076027,8.3700661575,-7.500046222250001,-12.494478842,18.159789850000003,791.53124575,-12.844465061913695,26.86962057363978,-10.526582196669795,-24.420427505628517,5.691525384615385,-318.7343326923077
1023,1023,during,748.671,749.011,0.75,20.676691666666667,11.33964759047619,-6.647504352380951,-7.986156723809524,26.42042847619048,847.298561904762,39.86248705194805,-11.984470155844155,39.84692008441558,16.844170272727272,51.22361538961039,-487.22736103896096
1024,1024,this,749.171,749.351,0.77,11.248224823529412,17.181304652941176,3.876284558823529,-7.6019454294117645,8.55917305882353,926.6292841176471,-129.18787220588234,86.0574782965686,-70.71318512254899,-5.4589878308823545,35.98627205882352,1022.5361164215687
1025,1025,campaign.,749.411,749.871,0.843,14.914914438461539,7.066173071153846,9.576990246153846,-7.613373626153845,22.55629742307692,569.8935969230769,14.502763244444443,-18.280311405982907,20.723035309401702,-14.236131569230762,20.840338170940164,-921.8669818803415
1026,1026,for,750.458,750.638,0.996,16.18554695263158,8.019208542105265,6.553166477631579,-7.176166464736842,8.816580894736843,879.9081936842107,6.081761261625999,10.28325313382208,-17.416949207517238,-43.340765293248715,18.824814126272017,-224.29292668782142
1027,1027,"many,",750.718,750.978,0.815,19.01550233529412,13.56097912352941,13.94978492352941,-3.178401064705883,29.878414647058822,700.1999564705882,-84.81704412990196,78.12200401960784,2.4517096691176454,-9.213404301470591,0.4479062499999968,-164.34757598039215
1028,1028,many,751.178,751.418,0.927,18.17326104545455,16.193397331818183,16.79065579090909,9.868362527272724,21.105171909090906,794.7752790909091,-22.261883596837947,-5.6719700254093715,8.252833037831735,-15.693656408808584,-21.769894014680975,-996.9288255223039
1029,1029,things.,751.538,751.859,0.862,12.023578644772726,10.719947672727274,12.193033912727275,-3.602923422727272,20.76811631818182,818.6132345454548,51.572862807876916,4.141355420666293,-36.40839494409938,-0.13372219932241536,51.278795285149634,92.10048955392448
1030,1030,Every,754.54,754.78,0.884,14.429256445205482,-16.02356249157534,-8.512141691643835,-16.307462472568496,6.011049301369863,714.8275797260274,3.4392945004771867,-2.341131572397405,-2.3177816176395174,2.0078266363784913,9.706666767952338,16.81330547848804
1031,1031,single,754.86,755.2,0.975,7.372078666666666,13.189393642857144,-2.3228542971428574,-1.107735976190476,22.42386261904762,587.412971904762,101.71730274025973,-39.853091331168834,-8.960503454545456,-71.69771562337662,74.5301885064935,646.510148701299
1032,1032,"day,",755.24,755.5,0.886,10.484394353333334,-7.453565573333333,-7.8071754533333335,-10.025724110599999,38.61791286666667,880.2064853333334,-62.8868400892857,-14.248879374999996,51.64578128571428,32.72981955446428,7.405979285714278,-2716.1802249999996
1033,1033,that's,755.52,757.501,0.602,13.65839768,-17.377383895999998,-10.579890012019998,-17.7093664353,17.362898689999998,774.8423925999999,-1.1623670453645356,-3.4906461620162013,-11.7661844200438,-5.771627658454846,4.017151326432642,32.081533105310534
1034,1034,okay.,757.581,758.001,0.712,14.8990932176,-1.6633633284,-6.9526227748,-20.153413060000002,18.33725592,636.6049932000001,0.5040771023076934,-12.926966970000004,48.40806355153846,54.644540634615396,-100.7186016923077,-1015.4220923076922
1035,1035,That's,758.601,758.881,0.575,12.32378539090909,-13.941149838636363,-3.477005748409091,-13.190130510454544,21.452276659090902,849.2816879545454,-7.76191937491191,3.736131842494716,-41.38861759312896,-13.61666272367865,40.77139170894996,94.07786782945735
1036,1036,okay.,758.961,759.341,0.621,16.94446429130435,-6.6414791973913045,-4.897305616086956,-26.796470347826084,30.525974869565214,760.5994660869563,-3.636682717391302,-29.89367353656125,14.363719231225287,35.16682144268773,-8.926660770750981,-679.9087667984187
1037,1037,But,760.182,760.402,0.889,10.727512976603773,-28.417321735849058,-10.143032203132075,-25.985023301886795,36.92676181132075,639.7945843396227,12.592562883567169,7.117108849379132,-21.751885122044836,-2.482795472504434,-18.4652175092727,494.94901205450753
1038,1038,let,770.686,770.886,0.856,6.854087795706107,-35.11005569072519,-27.773063816412215,-30.832627519656487,20.301873083969465,1007.7162629007632,1.0049652258206887,2.055005868584731,0.4788963742292912,0.7903385304759679,1.3215437624267343,-17.945064651880454
1039,1039,me,770.946,771.106,0.839,22.397511090909088,5.828729009090908,13.882173981818182,-7.414573881545454,35.85647709090909,496.32277909090914,11.16234181818183,23.81492781818182,163.0691937272728,158.80747823500005,-3.964102272727282,-2031.2640636363637
1040,1040,repeat,771.206,771.666,0.864,18.7599425,7.220288709642858,17.446004898571427,4.9786987562142855,21.233758357142854,709.3844060714285,-47.73728998631637,6.249210617816091,77.4301186442255,14.817962896305417,-22.74265911330049,-451.75657649151617
1041,1041,what,772.086,772.246,0.866,20.8780954137931,5.685120203448276,6.966541793103448,-7.007321408275863,9.976386896551725,916.7361768965517,23.918403669950738,4.564898500000001,-35.71661188177339,-44.800191390147766,-1.1030211576354676,-18.490775615763468
1042,1042,I,772.346,772.406,0.973,19.88866025,-1.7021355392500002,-9.79324175,-26.891249374999997,21.79299425,870.4575500000001,-53.91235833333334,-106.50121967738092,215.81207499999996,255.5308767857143,-5.922060714285727,-1162.2135119047616
1043,1043,believe.,772.466,772.806,0.869,20.8341423,6.116376645,10.383330560000001,-5.45197046,5.2085573,644.3226635,-61.45988969924813,4.164704056390976,-8.017336609022557,69.80659891729324,-39.35855887218046,-256.5649590225563
1044,1044,I,774.107,774.187,0.823,9.599431316260867,-3.5383230130434784,0.08634686843478241,-9.030492408985506,3.904105188405797,695.9094866666666,10.241548592915597,-14.533127314870299,-12.558887485590057,-18.909242037157473,14.591026439532335,116.44280791012052
1045,1045,believe,774.247,774.667,0.723,22.143186125,9.811889095833331,8.561939995166666,0.2764163245833335,28.235846249999998,863.1666804166667,-39.2084531521739,19.978210949999998,65.23546100078259,71.29908291673912,-1.893094739130435,521.3856706521738
1046,1046,that,774.747,774.887,0.938,16.29358732727273,7.862151081818182,1.1068640945454544,-2.323124754545454,21.03453409090909,847.9307518181818,127.7534353636364,-154.2039971818182,-86.20999853636366,-30.740102363636375,155.02467000000001,34.67758636363659
1047,1047,at,774.927,775.027,0.734,24.72377957142857,0.9065945428571428,-8.07258074857143,10.183972957142856,24.221556142857146,872.8216857142858,-80.7745625,52.72049233928571,263.5737401785714,-85.44160999999998,-148.90982499999998,-2736.2729642857134
1048,1048,a,775.067,775.087,0.986,24.287155666666667,10.908071566666665,6.706624766666667,-2.8725727666666665,0.0,672.9621900000001,-23.203275000000005,143.64248249999994,183.44099249999994,226.4050424999999,0.0,12698.612249999996
1049,1049,time,775.167,775.627,0.7,13.86375187111111,3.7620296659259265,-3.1439282288888886,-21.151878507407407,22.536573222222223,605.4311781481481,46.65559400366301,-15.342060525641031,42.24683631074483,0.15423340659340726,49.399538492063506,-527.989932844933
1050,1050,when,776.108,776.388,0.541,21.462125968421052,8.093228586052632,6.5077919065263155,-11.187109484210525,15.415254684210526,700.3178831578948,2.827476426304848,-6.685555966243571,4.786871059196849,-6.810466317977898,38.943701105153735,-785.6807579603898
1051,1051,every,777.208,777.588,0.855,13.200312155000002,3.948676256666667,2.6121169892666667,-3.267069629,11.467262583333333,628.3912526666667,0.495046136010002,-0.22726789024729077,5.579550635298695,9.748155205140316,28.83070853709364,-126.26393814948595
1052,1052,major,777.948,778.468,0.833,15.953711568181818,4.105542990227273,19.95057543636364,3.1757637230227274,16.246568386363638,828.3822513636366,-3.2053896088794924,-2.49230328065539,10.584000554615926,-13.039248629897816,10.703127184637069,98.26860401691333
1053,1053,country,778.569,779.029,0.873,13.33331559607143,2.0581718685714288,7.915358187142858,-4.976369825000001,15.459053178571427,748.5112310714285,0.719868654761903,-3.2933017744937056,30.984621754789266,33.965978132183906,34.81165710180623,-212.1620611658456
1054,1054,on,779.269,779.369,0.766,25.427661823529412,7.717858847058824,-4.6077851264705885,-25.46072668235294,16.118413,717.3674164705882,35.81290857843137,-10.755907279411767,-67.67696452818628,-84.07579677696077,118.50165220588235,-250.74301838235297
1055,1055,Earth,779.529,779.689,0.833,27.5801960625,8.987709468750001,-19.5212718,-16.8416152875,13.0354418125,801.353595,-29.15309375,26.613381316176458,66.2555299117647,6.902833867647059,-46.73654536764705,575.3066941176468
1056,1056,guarantees,780.387,781.127,0.821,11.889881513888888,5.3273337891666666,3.0707868736111115,-3.7041914713888886,10.217009152777777,800.9605922222222,3.377303938356162,10.765362225207406,18.167877771480473,17.420438132822042,18.340035483793166,-31.707024663965516
1057,1057,health,781.228,781.468,0.832,10.022641604705882,5.565494102352941,-2.073718252941177,-15.891467970588238,8.286409235294117,817.1669123529412,109.74482405147059,32.936160901960776,-49.91034790441175,-141.94391909313723,-0.3152959558823538,-1061.527223039216
1058,1058,care,781.508,781.808,0.918,19.60614514705882,-2.3213257352941175,4.147100911764705,-14.3062197,17.41916,455.8708547058823,51.806898921568624,10.318686227941175,-60.37005373774509,30.34729854166666,33.235395220588245,-362.5639411764707
1059,1059,to,782.148,782.288,0.916,12.003626342916666,-4.8075958125,0.5281005837500001,-11.684688445833336,1.1073927083333335,801.8066104166668,-18.401900214565217,31.866108476086943,29.281386084130432,26.318566754347824,8.666551630434784,841.9432063043477
1060,1060,all,782.508,782.668,0.889,24.48132847368421,21.0594183,5.959790219473684,-32.40918297210526,20.138656315789476,844.2998015789474,13.434922894736847,75.26175492105264,2.198881417543859,-131.60421548333338,101.75729859649124,-327.0781464912282
1061,1061,people,782.748,783.149,0.783,20.023429220833332,11.289199595833333,15.443481145833331,-17.872499626666666,21.06712608333333,788.6232749999999,1.8784238630434729,34.11609877608694,-21.576552102173906,-62.778139303478234,-10.424290869565217,643.1653573913043
1062,1062,as,783.369,783.469,0.833,17.9957725875,8.188526296875,-0.9893711187499998,-13.838662135,11.5364689375,541.6154025000001,-73.23742851470587,51.33621543749998,-34.981715551470586,76.56182625294116,45.22683948529411,-552.9183117647059
1063,1063,a,783.649,783.709,0.989,7.109008641666667,7.8839428583333335,8.616031266666665,2.8129506900000005,8.409016916666667,555.2828491666667,72.5960143881119,-14.44817347902098,257.73397489510484,88.35880374125874,106.17678968531467,874.868222027972
1064,1064,right.,783.829,784.109,0.831,22.328431975000004,1.3544854010000003,-10.67219249,-16.15479383,8.903877,811.1150505,-19.432573552631577,-52.66922500827068,-42.34661406015037,-31.842396413533834,-33.61294616541354,-702.176389849624
1065,1065,I,785.57,785.65,0.75,11.033562454415584,-8.631577956883117,-13.600075175883118,-13.36695521428571,13.62593483116883,736.556504025974,11.277851168121346,-13.947297670263943,-10.941888588411587,-7.631215608076132,25.700543854829377,157.1546235606498
1066,1066,believe,785.73,786.15,0.772,21.553729360000002,8.245241969599999,5.53317156,-1.4975129788000001,21.7425608,835.5804527999999,-25.010313692307694,13.669357946153852,68.08109779615386,42.560174995000004,5.443017230769239,411.6704876923078
1067,1067,that,786.391,786.531,0.949,12.3738369795,4.5215029421,4.497876435,-5.5367544775,10.076878749999999,893.0988795,78.21832173646617,-41.96900588834587,4.0207250714285765,-62.686174346240605,89.88307334586467,-796.8356161654136
1068,1068,we,786.611,786.771,0.983,22.753582108333333,10.164800583333333,18.079063053333332,-2.278279700000002,28.199390333333337,830.6769133333333,-117.05232966783217,72.55521493006992,86.09821555244753,206.050171048951,-36.59589090909089,1333.6925804195805
1069,1069,should,786.831,787.051,0.851,2.021378157142858,5.312271737857143,31.692176928571424,7.455286325000002,9.449568714285716,926.3110942857145,170.34599008791204,90.24111198131867,-9.924183406593409,-23.3811675,-0.2441206593406555,-1696.078782417582
1070,1070,do,787.111,787.251,0.95,21.154303260000002,21.4686216,13.697160120000001,-6.1539324099999995,26.630178,919.3219240000001,109.3737211515151,53.43482424242423,-105.35212090909087,-71.35808009090908,77.69168242424242,1218.939951515151
1071,1071,the,787.351,787.451,0.978,6.529364200000001,22.5384856,8.56803233,-9.30080629,11.3947677,742.3778120000001,-242.877866060606,100.16919818181816,-174.60451912121212,65.56723045454545,-70.31146818181817,351.5268909090908
1072,1072,same,787.511,787.872,0.78,9.754283571428571,12.143736147619048,9.509441991904762,-9.801704628571429,22.42341085714286,675.4123176190476,112.66909363636361,-31.5708581038961,84.19150213051947,-23.42137783766233,51.07469857142857,-442.0820454545454
1073,1073,in,788.332,788.392,0.994,19.648718196153844,3.5136768115384616,13.551160238076925,-5.838413376923077,6.707715153846154,776.5862765384614,-25.265670203418793,-5.70661970769231,-7.327473225128205,3.640683145299144,1.493751794871791,-836.5978005128202
1074,1074,the,788.432,788.512,0.836,23.18553266666667,12.342620499999997,31.50384166666667,1.62696586,27.852059333333333,574.219645,-102.46102571428573,-28.058669999999992,87.18117428571429,-35.547389714285714,-3.8873628571428696,-1381.2102714285718
1075,1075,United,788.572,788.912,0.801,22.13454475,1.5820574685,-2.1334914549999993,-11.637862154999999,20.72017055,656.0951459999999,-45.692744849624056,34.62542606203008,-44.2231907180451,-10.643573394736839,-76.98483545112782,-716.9125781954887
1076,1076,States,788.972,789.312,0.744,4.58242579,15.449061680000003,2.6656965850000014,-6.636842758,12.0557205,598.7553734999999,40.63541329323308,-5.19643404511278,52.104376469924816,36.55512044210527,8.1921907518797,407.15678458646613
1077,1077,of,789.332,789.573,0.716,2.8870416692307694,-16.903892107692307,-0.6146387353846152,-9.088501223076923,14.084757384615385,796.5387876923077,143.9557903296703,-178.09285697802196,83.95426929670329,-17.136760521978022,227.1703813186813,-820.260225274725
1078,1078,America.,789.593,790.033,0.398,14.550857986956524,-28.474962826086955,-4.996126817391304,-14.70569974347826,30.134960086956525,716.7838530434783,-26.50433580533596,-21.612265909090898,-83.08891111660078,-48.10519596837943,-113.13286877470348,955.4316610671933
1079,1079,So,795.396,795.596,0.776,4.924083129280576,-37.23653350719425,-29.770159775539568,-28.81189857913669,27.925864276978416,1024.1749527697843,0.5557460257443981,2.69586998732678,-1.0228538704678507,1.311972086171752,5.1249262848531005,-16.27003342359302
1080,1080,for,795.616,795.777,0.504,15.507777166666667,-13.771129188888889,-17.649393,-26.700010666666667,26.510130555555556,816.3451322222222,77.54202625,22.426051666666666,37.64223000000001,-117.26481750000002,198.4813450000001,-1738.123183333334
1081,1081,all,796.097,796.337,0.92,13.175613085714287,-9.594067239285716,-24.426323214285713,-43.93781742857142,38.544234357142855,858.8614449999999,6.319201754241928,14.43693900519978,-10.039868363437327,-36.00639731800766,38.52433623426382,452.4330457033387
1082,1082,of,796.537,796.637,0.909,17.990884400000002,-10.48428134,-26.455413266666667,-35.113825399999996,39.25858459999999,951.376268,-5.1883339285714305,49.08527314285713,32.23050089285714,69.96252285714284,0.93879821428571,-144.5095196428571
1083,1083,my,796.758,796.998,0.871,18.54998961111111,-14.21945805,-17.167375266666667,-27.53736672222222,35.817322555555556,812.3745833333334,-19.309059803921574,-29.6660274251806,-1.6961623323013386,11.147186326109393,36.94580288957687,-699.0590526315791
1084,1084,critics,797.178,797.719,0.795,12.220277961111112,-16.33821728611111,-17.854014309444445,-17.585176419444444,37.958192527777776,839.6903361111112,-17.702502279279273,8.779965479407979,-14.398103690218784,13.7559376042471,5.8484490669240605,-209.59438815958808
1085,1085,out,798.059,798.199,0.831,6.858463816666667,-24.842415687499997,-25.461980999999998,-12.125064958333335,22.487971958333333,1024.5808058333334,90.48890182608693,-32.53387307173912,21.13346195652173,-43.294906865217385,117.6274838043478,296.9378926086956
1086,1086,there,798.259,798.519,0.891,12.262737431249999,-14.502125374999999,-17.751700937499997,-18.4959450625,37.89877625,673.7820181249999,1.6316905220588211,-23.559448970588225,-28.20875948529411,-5.883588750000001,-6.928343529411767,-1509.466077205882
1087,1087,on,798.56,798.62,0.571,19.521236199999997,-6.230356899999999,-10.858883460000001,-18.9827436,28.708270999999996,700.6926139999999,121.59200000000003,246.097282,348.35448000000014,100.57920500000003,-371.86397500000015,1174.247000000001
1088,1088,the,798.66,798.74,0.83,22.971950666666668,10.157653566666665,-3.5338315999999996,-29.711197500000008,28.358456666666665,815.8756816666668,24.055777142857174,134.53975971428574,-147.4349485714286,-71.65761857142857,234.47180571428572,2107.769185714286
1089,1089,Wall,798.78,799.06,0.806,16.0227394375,12.63116563125,-11.534226024999999,-39.03294525,28.056639000000004,783.423298125,-135.03828080882352,8.406881963235293,27.606473323529396,-58.35324985294117,-125.14179441176466,358.0652683823527
1090,1090,Street,799.1,799.4,0.932,10.358732176470589,1.0657585105882352,3.7122966252941176,-4.383614670588236,26.121690529411765,723.4038194117647,94.80677680147058,19.830940151960785,100.45951786642155,136.13277587009802,134.68094595588235,-889.8988725490195
1091,1091,Journal,799.461,799.901,0.772,15.507166304,7.416646199560001,-11.444708499999999,-24.113941538799995,30.33522712,926.3815719999999,54.30239186153845,34.61950596838461,-70.21835200000001,-152.30092742038462,58.674378538461546,-392.02170653846156
1092,1092,and,800.462,800.542,0.923,17.2036204625,-0.9909031718750001,-2.9606395395625005,-16.652956843749998,12.2361073125,562.9210921875001,2.293688922287391,-15.034956595491206,18.41343222483505,54.71968179985339,-22.82046308651027,-231.67833440249277
1093,1093,the,800.562,800.642,0.826,27.940301799999997,10.6409364,-4.51927344,-38.3373256,27.0886324,846.80334,58.359150000000014,141.40963,-62.29436700000002,-147.49189000000004,-11.483360000000024,-1533.7230000000006
1094,1094,Washington,800.702,801.303,0.874,16.724316445454548,5.754818262121212,-4.248253992121212,-23.65086174545455,28.587284090909094,659.4495296969698,-13.602500439505349,24.995605830046788,58.622341540441184,63.51105745989306,-21.218696841577543,-543.4563056483956
1095,1095,Post,801.363,801.743,0.926,12.897458931818186,22.622588559090907,-8.030933566363636,-38.48976104090909,25.03049268181818,748.0427768181817,-61.720289850367024,43.181234085262574,-11.087731168266515,-3.5388975522303747,-58.64966998870696,-668.1208032185207
1096,1096,and,802.344,802.444,0.684,6.576184344,4.9958589771428565,-5.006506417714286,-5.763473727428571,5.079315,690.5800571428571,55.003059519887934,-22.199225775910353,22.30896334621848,3.0320736478991566,36.10841970588234,-197.43213263305316
1097,1097,in,802.484,802.544,0.959,26.111842000000003,1.3786500799999999,16.420876200000002,-6.49883744,6.052275,619.1799779999999,69.41838999999999,-206.1648905,109.20847500000002,-57.375342499999995,-302.61375000000004,-1206.3208000000004
1098,1098,corporate,802.604,803.084,0.801,19.404986037037038,0.29996118888888895,-16.44852131111111,-32.874867037037035,30.53108337037037,809.4248462962963,34.70901557387059,-22.343077270757025,-40.13371203601955,5.5635927960928,61.27760375457877,-111.33922435897435
1099,1099,"America,",803.125,803.705,0.751,25.0140264516129,-4.445854906129033,-20.80833823870968,-15.396043719354838,32.91501912903226,757.7357212903227,-3.5208462298387104,-18.017914039919358,-47.83923793548387,-15.00795349395161,-5.749723608870968,100.4019530241935
1100,1100,wherever,804.025,804.406,0.898,23.96622849142857,-5.830218975142858,-14.622342206857146,-16.492178740000004,24.499295885714286,775.8461882857143,-17.5687170140056,-7.80258809523809,19.02202410756302,38.281027054621816,48.20098805322127,65.23172226890762
1101,1101,you,804.446,804.606,0.752,12.978177740000001,7.057685765,3.423705438,-3.8641115949999993,37.5919991,657.184335,112.84769327272724,-37.47527419696969,-232.63628108484846,-115.00895895454543,-4.168927575757573,3228.8588999999993
1102,1102,may,804.666,804.846,0.892,18.236527708333334,-2.9271190750000016,5.2491005,-11.458214982250004,36.2493495,614.3186558333333,-21.388258304195805,15.927767185314682,44.89622090909089,-28.325250596328672,-1.3394321678321717,-1277.639582167832
1103,1103,"be,",804.886,805.087,0.866,15.420618833333334,6.265832191666667,15.35863475,2.196887059166667,22.10874133333333,726.0594983333335,-71.52292307692306,34.92304057692307,55.323441783216765,18.445549956293707,-36.5334465034965,-1234.702835664335
1104,1104,let,805.387,805.527,0.955,18.81820641363636,6.882676722727271,9.508084266818182,-7.8474008349090925,15.55079572727273,760.5066918181819,44.67912595990965,-30.1101707312253,-80.16861300310559,-71.3262672905703,79.39778701298704,-112.77701242236034
1105,1105,me,805.567,805.647,0.972,23.07925683333333,5.605658528333334,17.12774205,9.968518666666666,35.821340666666664,407.1972183333334,-149.54041285714283,98.4600852714286,192.57573871428573,31.694778571428518,-0.8530885714285674,-2009.2074142857143
1106,1106,tell,805.687,805.888,0.818,14.176120458333335,4.082815220833333,2.3309606749999996,-14.036537258333333,29.01325841666667,637.9221808333333,69.91277001748253,-17.53297602272727,-36.52451407342657,-155.55738277972026,97.33347814685314,690.3194597902096
1107,1107,you,805.928,806.048,0.889,13.9644895375,8.57359225,17.7157975,10.7349809375,25.271341624999998,783.51100875,-81.90736184523809,106.29810952380952,-84.34544166666663,28.29895994047618,-248.04134821428565,7292.80138690476
1108,1108,straight,806.108,806.388,0.84,6.036201104705882,-0.8431239805882353,3.4109814870588235,-0.8666059076470588,21.51197894117647,822.6572558823528,164.3547854485294,-42.201412789215695,-49.18409825490196,1.0750392683823533,127.42389117647059,-1117.7200551470587
1109,1109,up.,806.468,806.548,0.721,25.88841625,-2.3730078875,-16.369054375,-28.678781750000002,3.69698525,739.464485,39.18619047619048,-8.413834226190477,67.54052678571428,69.17564523809524,-123.23284166666664,2383.999821428571
1110,1110,"Yes,",806.929,807.209,0.904,13.78354892121212,-3.380703748484848,-8.068234250606062,-12.403982413030304,13.37465193939394,651.2245651515151,-28.940304595588234,10.605553190173799,-36.727561465073535,24.368588040441182,55.93840056818183,-250.22563987299463
1111,1111,I,807.91,807.99,0.836,3.283164957435897,-7.673142125641027,-18.12380125128205,-10.617313405128206,12.91029705128205,804.8042276923078,47.223439353643734,-56.02939275303644,4.112142347165992,-14.317752665991904,41.86594665991903,131.81464615384616
1112,1112,believe,808.09,808.51,0.816,18.439680153846158,6.170784742307692,3.494595462692308,-6.604942764615384,30.130256615384614,633.6439826923076,-26.20562126495726,16.795178107692305,75.5305355150427,49.47266107760681,53.401202017093986,-976.8277991452989
1113,1113,that,808.57,808.731,0.842,19.52840770833333,-3.2753158666666664,-3.4157772116666667,-1.9664448499999996,29.13576308333334,521.5500241666667,20.67346687062937,-129.73827758741257,-83.54719795454544,-63.784445629370616,-128.8560617132867,-1540.390197552447
1114,1114,healthcare,808.811,809.331,0.752,16.963447966666664,-7.1254936,-11.791087355666667,-19.46048881666667,29.936775133333335,647.0074376666666,-0.5980192324805348,-9.33652697441602,18.159041906674084,-14.821188766407118,-12.493457508342608,55.62761790878749
1115,1115,is,809.672,809.772,0.818,9.599094559090911,1.3521715272727277,-1.8698416931818185,-3.6795657636363632,12.945053636363637,580.2515927272726,-31.824663176171658,83.6377425748165,29.53983828204404,85.60341840767929,63.311235629587806,-933.2524223602484
1116,1116,a,809.872,809.932,0.714,18.301551500000002,-7.026177207,5.608657962499999,2.750668075,34.30687275,578.3873424999999,58.71644047619048,92.72560012380951,35.51084970238094,113.02490154761902,-6.112428571428584,5893.353011904761
1117,1117,"right,",810.072,810.372,0.796,21.56197577272727,-5.443675831818182,-18.734180275909093,-11.771742495454545,33.85028177272727,794.4755181818181,-44.260553613777525,-66.51276820722757,4.163981748447209,-21.84368859119142,-27.18137778091474,-320.6168729531338
1118,1118,not,810.673,810.893,0.823,16.81679,-17.656337603846154,-17.977969573076926,-18.48373728846154,23.15249476923077,856.5220784615384,13.477653880341874,24.082365902564092,-35.28164785470085,-9.119263820512817,52.31883138461538,2.1817104273504535
1119,1119,a,810.953,810.973,0.988,18.353232000000002,-23.109861,-2.437151150000001,-19.68172475,10.35194675,832.0953625,-138.6748200000001,-346.4283700000002,553.7668510000002,26.130534999999966,621.1168050000002,564.5177500000018
1120,1120,privilege.,811.033,811.494,0.767,15.751575234615386,-17.98893723076923,-15.585192403846152,-14.228205642307696,22.43543130769231,922.146303076923,-0.08361499999999993,4.56021446495727,-14.643664558974352,-25.93764451794871,-60.64071606837605,-215.07839316239296
1121,1121,That,820.177,820.397,0.96,4.649773695520225,-38.00787371011236,-31.922757835955057,-30.680375283820226,27.297390256179778,1029.8145948988765,0.5690324272243205,1.6990410509927985,0.6757612915356535,1.3627829988636049,2.939830447198093,-14.982049037025142
1122,1122,is,820.497,820.597,0.833,10.599531372000001,-8.86611849,-14.598200049999999,-10.8680553,23.0478743,682.386908,-106.65081889696967,152.25494827272723,-40.621930151515144,-9.430026848484848,-279.5132724242424,-968.2190666666667
1123,1123,why,820.697,821.038,0.808,15.417810613636368,-10.65737465,-20.075890954545454,-31.710743527272726,32.068082272727274,790.8464390909091,14.403796191417277,-40.968081612083566,-19.35313577075099,-38.37046719367589,60.10523568605307,-716.4809486166009
1124,1124,I,821.278,821.338,0.673,18.803293,-15.479118753333333,-22.312797296320003,-23.507510513333333,30.868605133333332,831.7981446666668,53.60661303571428,17.989138374999996,66.2541104162857,23.494050910714286,39.142361071428574,-972.7875928571427
1125,1125,believe,821.418,821.918,0.678,18.707390827586206,1.2551090413793102,6.1663934751724145,-9.811765995517238,26.658107379310344,722.6196565517241,-18.951474802955666,6.764617363546795,51.63190000788176,50.68717867660097,9.985036009852207,-1133.9226561576352
1126,1126,in,822.078,822.138,0.903,14.476146636363637,-10.448967670545455,1.351961790909091,0.21304459999999983,20.625619818181818,738.9964709090909,71.26551954545458,129.36353243636367,30.13857804545455,47.39547263636366,205.90162954545463,-2001.6622500000003
1127,1127,a,822.218,822.258,0.514,16.97928333333333,-1.4698667000000007,10.2810865,-10.681331516666667,32.50388566666666,578.3783983333333,-38.347105714285725,216.81719342857141,131.20366857142858,114.42515499999999,-0.14323714285718042,3455.5534142857146
1128,1128,Medicare,822.358,822.979,0.96,17.450433888888885,-6.489301436944444,-3.742093875,-7.568815099166667,30.59348213888889,661.9912733333333,-15.775972257400255,11.13620067123552,-19.09162494015444,-3.0697223412483896,-6.1622265057915016,-506.3994211068209
1129,1129,for,823.039,823.219,0.89,19.414604891666666,3.4123530083333335,-20.549771041666663,-13.109507016666667,25.68792441666667,817.9822825000001,128.58316697552445,95.51772064685314,-86.26179816433564,-92.43651255244755,123.66437325174826,645.0367290209789
1130,1130,All,823.439,823.599,0.783,22.901774999999997,18.044784568421054,-11.57359313157895,-48.95730568421053,34.49596794736842,777.697262631579,0.06078789473684555,34.99758592982457,6.477470394736842,-35.27827631578948,1.078661315789469,-231.50308070175447
1131,1131,single-payer,824.059,824.8,0.706,14.275013265000002,6.997523027666668,-2.758218564333333,-14.152792277666666,23.467130233333332,680.119673,11.987417104612392,-4.426576518727424,3.9179054701583773,-6.297013203917754,32.25599262017227,-40.70790194498471
1132,1132,"program,",824.86,825.28,0.824,29.713349583333336,6.6666137475000005,-18.88906469583333,-15.844770533333334,26.57702395833333,609.6758866666668,30.618745804347817,-12.323881653478256,8.695135384782605,13.376146199999999,6.49811419565217,461.17358130434764
1133,1133,which,825.3,825.46,0.99,19.964463181111114,10.485237444444445,4.131522196666666,-12.070610693333332,14.751032,949.3861877777776,-245.97641675833344,-62.50322858333335,97.00472775000004,127.95220053333338,-276.3365966666667,3150.3238166666674
1134,1134,will,825.5,825.68,0.956,19.165633,14.659089454545454,0.47288824363636356,-20.049378318181816,28.376204272727275,795.0675136363635,176.4862086363637,84.00990500000002,7.199648754545455,-84.79682795454545,136.41890863636365,-245.90790454545416
1135,1135,not,825.741,825.901,0.999,13.717873599999997,-1.1348979727272719,-24.116348572727272,-31.896377090909088,38.22236827272727,657.4087209090909,-50.541423045454565,-128.1501702727273,-140.42320490909094,-1.3322995454545503,30.92411772727274,2030.777686363637
1136,1136,only,826.001,826.201,0.875,22.855181933333334,9.037445266666667,-7.101145739999998,-33.730993639999994,32.08249413333333,804.974464,-4.173819642857136,62.606221785714276,195.34753121428568,132.90124935714283,-103.84813946428572,-1209.4170892857142
1137,1137,guarantee,826.261,826.881,0.862,12.279219123529412,5.9590742308823526,-0.8823325258823527,-2.2897626311764703,27.610920735294116,694.4927929411765,-18.296806883116876,26.753615992742542,67.7775089023682,36.56864310053474,-22.273523292589754,-627.3666148204734
1138,1138,health,827.221,827.482,0.927,14.841618125000002,4.444783190666667,3.8912431059999992,-3.2291863173333337,14.517401,741.2567896666667,12.053481019466075,-2.894839872747494,-88.9596539272525,-73.34159096195772,87.07731043381537,55.667413681868624
1139,1139,care,827.522,827.742,0.509,16.81885293076923,-2.179835007692308,-0.37907022307692273,-10.249257992307692,26.48312038461538,655.1941315384615,103.48679222527473,-63.9301771153846,-130.80085785714283,47.849289065934066,140.074517032967,32.18951098901082
1140,1140,to,827.762,827.842,0.392,15.10727124,4.136708100000001,-6.02006098,-21.910773999999996,26.622646599999996,783.6170279999999,-55.19208000000002,67.10362900000005,60.276758000000015,-369.89694000000014,-335.596075,2122.7344999999996
1141,1141,all.,828.062,828.182,0.863,29.365613529411764,13.487847554705882,-5.918749494117647,-54.60643452941177,29.195155411764706,851.0294411764706,16.623288602941177,27.319975909313722,-4.440771899509804,-71.59972671568626,-13.420758088235283,139.1758455882354
1142,1142,It,828.722,828.782,0.967,18.23233713333333,2.984088910666667,0.6995444093333333,-19.444276290666664,8.1234383,546.845261,-24.202816106785317,-28.763070778642938,20.85890191368187,93.4728117637375,62.22913729699667,-441.4251983314794
1143,1143,will,828.822,828.963,0.515,26.345798555555557,4.021200755555556,-14.9408036,-20.405291944444443,33.56649844444444,909.9063722222222,18.356374166666672,231.62403933333334,98.10763825000001,-86.64310916666666,-10.353945000000015,-794.795083333334
1144,1144,not,829.023,829.203,0.867,16.557235041666665,-0.7483094216666668,-33.99555216666666,-25.128657083333337,36.68137483333333,798.6688216666668,-10.016536800699303,-55.941531136363636,-101.35345804195804,35.21142010489509,13.627395104895104,852.3671573426573
1145,1145,only,829.383,829.663,0.835,21.678097695652173,14.413160495652177,-5.9606371419999995,-37.78819768260869,34.139941956521746,718.2796682608695,-2.516810573122531,-17.619713636363628,111.55263617450586,109.139956951581,-24.6587385375494,448.81374901185734
1146,1146,end,829.923,830.123,0.813,11.583852313043478,-7.979654752173913,12.69463633478261,-1.9567523391304344,25.631381347826085,601.0944269565217,39.70349245059287,-1.1024324950592859,1.6303766798418993,5.4425430681818145,-7.503740810276689,-120.25678359683783
1147,1147,the,831.164,831.264,0.994,16.112808745614036,-0.9405366268421052,10.108129038771931,-1.0351118725263158,3.6002309298245616,794.9354489473684,-7.270601143699764,9.183913025019443,-19.144817079595537,-16.216425590893177,4.282570106300234,-114.18553166320974
1148,1148,pharmaceutical,831.324,832.205,0.784,18.84569712829787,7.541203546808511,-9.818069510723404,-21.179990186382984,28.16704157446808,789.6803929787235,7.196347590425532,6.898236444842739,15.4815249559667,-5.100224731325163,-3.294987002775207,221.89820444033307
1149,1149,ripoff,832.385,832.865,0.825,25.23513984848485,10.91691211030303,-15.563772493939393,-21.263563405272723,12.980685939393938,841.0538736363636,-35.187823646390385,-12.378183183489305,-12.264649309826204,-29.58503723893716,-49.23524959893049,-155.4521380347594
1150,1150,of,833.225,833.305,0.834,14.59747380909091,1.5455815831818185,-14.946417677272727,-27.282557272727274,6.278925318181819,707.674245,60.37190870694525,-10.137646509034443,-19.969220256916998,-40.025125522303796,38.883002907961604,-78.6950691699604
1151,1151,the,833.345,833.425,0.831,15.195110833333333,5.7676288,14.30428145,-5.885071336666667,28.495120833333335,554.1917733333333,-17.516087142857163,-72.56391342857141,230.18653785714284,229.46142940000004,241.79307571428572,2052.4683428571425
1152,1152,American,833.485,834.026,0.941,18.48384111333333,-9.437963048333335,-7.965600168666669,-5.3337027326666675,29.17703493333333,812.9680116666667,-4.765413915461625,3.0194728441601786,11.324831809788654,-1.049720098109009,-48.87226068965517,-290.19050111234696
1153,1153,"people,",834.106,834.506,0.786,16.0016638,0.634730825,6.095599028333333,-10.097210223333333,19.140481333333337,779.44542,22.69683597826086,23.76037663478261,-52.44447090347824,-101.15676273999996,57.71956969565216,-298.10696608695633
1154,1154,but,836.267,836.467,0.891,11.777334296938776,-28.04492775408163,-14.638700672448982,-19.899566681632653,25.267127561224484,853.7929328571428,1.2963379993178152,4.53526278761739,2.7688543247008273,-0.33485917672411064,5.986090361749198,15.104742484810226
1155,1155,it,836.587,836.647,0.972,14.386746,-11.766222711111112,-2.232463432666667,-8.4457503,24.782657666666665,588.2584988888889,6.16642583333333,-41.48143416666667,-89.15129342166668,32.82571,-189.8260091666667,3744.4672833333343
1156,1156,will,836.727,836.948,0.862,20.407188546666664,8.385229615333333,-8.218598926666665,-23.11155742,23.537158066666667,803.599266,-57.241260928571435,111.79084592857143,-18.980159999999998,-113.94510392857143,-29.541508928571428,668.7740714285716
1157,1157,save,837.048,837.508,0.862,5.687146703571428,-1.338805878571429,0.5295271035714288,-4.331288790892858,25.413304321428573,642.7880407142858,65.10489639436234,-41.532568793103444,59.25709978243021,33.980488700396826,28.416439942528726,425.3311029009305
1158,1158,the,837.688,837.788,0.991,18.839308214285715,5.181604585271429,4.266383014285715,0.30293180714285756,30.90810821428571,845.241440714286,25.167820989010988,0.28489008942857386,-47.461097450549445,-75.24562521978022,42.99569021978022,-612.3355439560438
1159,1159,middle-class,837.848,838.609,0.806,15.463702863414632,5.2954078870731704,-13.492752519512193,-21.028714297560978,28.464124878048786,765.3148658536586,-35.996655049651565,-4.109408025522652,-44.06865722909408,1.61111168466899,-22.9184324825784,170.05183649825787
1160,1160,"family,",838.889,839.229,0.593,9.926840874193548,3.815850738709678,-10.740889489677421,-7.16076375483871,18.434317774193552,775.032852580645,62.47104742943548,-28.125271588709676,44.613757027016135,19.57307636895161,78.82802302419356,250.58567459677425
1161,1161,the,839.249,839.329,0.84,15.084974800000001,9.97526188,15.832085799999998,1.95285162,32.441573,959.29529,-41.822755,-131.29096100000004,80.45143000000004,132.019037,10.08893499999996,-5646.541799999999
1162,1162,average,839.429,839.729,0.762,18.562892480000002,-1.123192505,-14.744208715,-9.896888185000002,25.848998950000002,772.0692539999999,-43.25689596992481,95.2229500338346,91.7014185676692,11.02688247744361,-89.79109492481204,1265.2936022556391
1163,1163,middle-class,839.769,840.27,0.903,13.11700532962963,13.862105281481483,-11.38506468148148,-22.40888637037037,17.501250777777777,752.5615485185185,-47.39710972222223,-8.006699059829062,-66.8786198748474,-11.34900442612943,-30.859648290598304,11.961668803418817
1164,1164,"family,",840.31,840.63,0.856,18.197327333333334,6.7689774372222224,-3.1447628855555547,-15.687840577777779,27.207170888888886,624.2356966666667,28.340610103199168,11.070573923116616,117.15750414757483,-18.555113333333342,-22.487705159958722,-114.62356759545914
1165,1165,thousands,840.95,841.53,0.856,16.776017691111107,8.809401038444445,-7.955941977999999,-13.273553785999999,17.393946155555554,656.8095937777779,-2.6013380474308305,26.59818337832675,-15.455561372595525,-11.550528684057976,24.80705592885376,-50.24878254281951
1166,1166,of,841.75,841.831,0.855,16.53046985625,18.586955293749998,-16.216266125,-25.462754387500002,9.951855875,594.32822875,114.82716852205881,-49.24141921323529,-29.50721213235294,-117.3493163235294,77.21193985294117,-107.89722499999995
1167,1167,dollars,841.891,842.271,0.828,16.571653113636362,11.136345,-16.83524865909091,-37.94575781818182,28.32414768181818,702.6705413636363,-53.51168886222473,60.880568147939016,18.407821634669673,25.965333766233773,-38.21927761151891,-610.8366010728402
1168,1168,a,842.331,842.351,0.998,16.00534525,12.437106275,22.542925999999998,-7.0910669325,30.70884325,669.9901774999998,34.13848500000004,284.9804385000001,37.724470000000004,-114.65579405000007,-21.335255,3614.7362500000004
1169,1169,year,842.411,842.671,0.861,19.471478625000003,6.6637783468750005,5.956039724999999,-10.799555949999998,31.7333271875,762.931126875,45.17733352941175,-106.99974783455882,-217.3202274411764,-85.27851157352939,-31.14867830882353,411.92333897058836
1170,1170,in,843.031,843.131,0.872,22.563646365217387,-2.7563835143478266,0.24143481491304306,-12.129434686956516,15.538310608695655,661.003563478261,-13.725966146245055,24.006685056324105,60.45094788339919,32.01792354743082,1.988087796442684,-968.801156126482
1171,1171,health,843.171,843.372,0.926,18.07293220833333,0.652068475,-11.307043864166666,-17.643414975,12.719502333333333,754.5317216666667,23.415331555944057,44.28627812937063,-33.51505414860139,13.338989877622364,-134.209472027972,1240.961989510489
1172,1172,care,843.412,843.632,0.886,18.867291984615385,-4.821628192307693,7.407735182307691,-10.178072715384616,11.314482461538462,763.5833307692308,121.16906337912089,-8.652716043956048,-74.60955410714286,-10.722271483516485,-66.17683159340659,-499.1160000000002
1173,1173,costs.,843.672,843.992,0.926,2.1095640555555555,11.842564388888889,-13.25642746111111,-20.568606111111112,4.3997106666666665,714.0029766666665,-147.79555180598555,35.942548379772965,-28.567251006191956,61.0474399380805,-45.06805376676987,-591.5234685242518
1174,1174,Let,851.929,852.089,0.759,5.0778863091584165,-31.453173784826735,-24.20093272502475,-23.298513372178217,20.7247919009901,1029.4417425247525,-0.06977210762333469,2.3204445110900473,2.4554992463985745,2.635614348390647,-1.585785237779362,-23.320268094716848
1175,1175,me,852.129,852.289,0.759,13.647981269999997,-3.9073600400000004,6.812788755999999,1.6197189660000002,31.429609400000004,485.699255,-116.79197124242422,94.00432818181814,185.36704835151508,60.00798967878786,-192.82915999999994,-1003.3572999999996
1176,1176,conclude,852.349,852.909,0.854,20.286629944516132,6.2617315861290335,5.0697184722580655,-10.728795212741934,23.693886548387095,784.6234193548387,47.36395061129032,27.414754966935487,-34.63313898508064,-54.692830123487894,41.62978576612904,614.1731199596775
1177,1177,by,853.449,853.629,0.832,22.834095472222224,-1.6477294197222223,-0.9194058272222221,-9.763602478611112,8.624097833333334,816.6888347222222,-6.930462335907333,4.847878380115828,-11.11511114157014,-26.602126746525084,37.427627413127404,-211.7181812741312
1178,1178,saying,853.709,854.11,0.842,12.327529341666667,7.4476828062500005,-3.5644675608333336,-13.23778625,23.14241608333333,585.3428008333334,85.55729356956519,-51.34471562934781,74.57966590304346,-22.93364648695652,69.5134076521739,24.63631217391307
1179,1179,what,854.61,854.77,0.718,23.414476272727274,9.335241430303029,3.85855208439394,-12.364563826666666,11.197243878787878,880.4339666666666,-0.44377129010695116,9.529117356283423,-7.071211485210561,-46.72077583890374,1.650088168449201,-281.48249883021396
1180,1180,no,854.81,854.93,0.847,29.132919125,14.326688500000001,-2.4877888175000002,-40.1385745,26.201887125,679.339115,-18.60349107142859,64.5862738095238,-115.58174679761903,-253.57400119047617,127.32439464285707,-287.152523809524
1181,1181,other,854.99,855.17,0.837,30.237781333333334,13.610957866666666,-5.205763200000001,-40.988764499999995,22.52353475,684.2513783333334,-5.449464685314691,-59.28347328671328,87.75962723776225,137.38543671328668,-142.1660281468531,-959.6946748251746
1182,1182,candidate,855.21,855.67,0.895,20.913125760000003,5.86394921068,9.898612878,-11.9485190952,18.037263680000002,568.0486568,27.412601115384614,20.93444355123077,2.005425607692309,6.653690319230768,-8.488408000000003,-4.9522257692308695
1183,1183,for,855.71,855.81,0.833,21.43896162857143,13.2911005,-3.870298785714286,-10.419640785714284,8.083576714285714,911.6969371428573,242.22925285714282,-57.3024892857143,-148.39072875,-112.51002392857141,49.655369642857146,2096.7740892857146
1184,1184,president,855.87,856.31,0.893,18.459517700000003,11.5103900888,-7.4237817680000004,-8.640450909599998,17.1288942,682.56187,4.479162173076923,18.67040632384616,35.72446311923077,6.47263997846154,33.121769769230774,-499.25965230769214
1185,1185,will,856.73,856.87,0.999,19.595073499999994,11.178100353571429,10.086003449642858,-11.730200215714286,6.475420964285713,919.0557246428572,2.6086667898193756,14.578062363163658,-1.1628975811439517,-45.75421652435687,52.05037757252325,199.69547222222224
1186,1186,tell,856.91,857.05,0.82,20.206016888888893,3.555614366666667,3.8526833111111105,-30.552069222222226,11.474782555555556,727.3531055555554,109.22568750000003,32.14322408333334,-28.84313875,-232.8865583333334,-43.92492000000003,-6019.002875000001
1187,1187,you.,857.09,857.19,0.965,18.715009857142856,10.956172214285715,10.752065714285715,-0.9919054285714287,9.633241857142858,608.4339157142857,14.23058928571428,27.499509821428557,-118.20540196428571,-52.61519339285712,-121.21691249999999,3673.811803571429
1188,1188,And,858.111,858.211,0.926,12.428248971153845,-5.769988278923078,3.8658750109615383,-1.467213490653846,4.284681153846154,731.3731965384616,11.04632570626654,-14.616343602527104,-7.106576532506616,3.6942679811790318,21.42054130453342,-501.62598864509516
1189,1189,that,858.271,858.491,0.734,18.847290464285717,-8.868386964285714,-22.138499522500002,-9.82310855,35.87888721428572,589.6972385714286,-63.87107653846153,-41.72693445054946,16.142404692857145,6.89274875824176,14.829009560439548,249.76450989010968
1190,1190,is,858.691,858.891,0.666,12.981626819999999,4.339074214,7.878008200000001,-5.4521173665,30.714515100000007,930.024917,-2.8459148345864667,63.428945123308274,-48.54550392481203,40.88137509586467,-55.87312142857143,1749.5910488721804
1191,1191,that,859.591,859.751,0.844,3.5949040169767446,5.6141894,-1.3702737160465115,-7.1970425330232555,4.941044930232558,852.8902323255815,55.30533907165509,-46.737356042736316,13.044098466097855,-19.625800928420418,27.275346919359702,-620.6139754605858
1192,1192,no,859.811,859.971,0.871,30.374564818181817,9.225482236363638,-3.325593896363636,-29.318307072727272,29.513369090909087,802.3980581818182,43.65177772727272,95.64722654545456,-57.28164871818184,-172.17853190909096,77.6408159090909,-79.23737272727259
1193,1193,"president,",860.051,860.511,0.863,17.65386690740741,13.68373837925926,-9.059887910370371,-10.686278946666667,10.91502537037037,689.1211062962965,-11.7072527014652,28.582038057997572,19.2871192936508,33.53285163614165,-45.44315073260075,13.368065934065843
1194,1194,not,860.571,860.711,0.888,26.638708,4.69310935,-10.805552119999998,-12.796019976,28.230325100000005,785.286502,54.6857496969697,-112.45262360606058,-139.43478127272724,-64.1527973333333,8.870131212121201,81.92375757575746
1195,1195,Bernie,860.771,861.071,0.76,20.92666016666667,11.617786585555555,-8.105221266666668,-6.027837944444444,18.192282111111112,819.4872383333334,-148.5980194530444,65.97943350361197,107.6222095356037,97.20535551083591,-49.25043343653252,-175.34113983488146
1196,1196,"Sanders,",861.092,861.512,0.798,12.27168870909091,12.12545966818182,-3.7558648545454547,-12.707848307272725,22.074630090909093,674.2084018181819,-6.204969333709767,40.12017972049691,11.82598406549972,-15.781587079616038,-56.10512523997741,695.8021880293621
1197,1197,not,861.552,861.692,0.947,19.30825882222222,11.816661779999999,-10.682137222222222,-7.233456972222222,15.45846766666667,626.2686777777776,159.19157783333335,-226.87880580000007,-131.23049433333335,-58.20827908333334,237.56662916666667,2657.92225
1198,1198,anybody,861.752,862.052,0.981,25.99383516666667,3.450318447777778,7.103722272222223,-1.8694059733333335,21.731100055555554,646.2968966666667,-19.04895103199175,-5.1565579576883405,53.28185581527349,-65.85103088338495,-8.56304133126935,-928.7616212590299
1199,1199,"else,",862.132,862.292,0.838,9.192860616666668,11.703950316666665,-5.341231530000001,-21.25947258333333,3.9277944999999996,754.4329883333334,-221.33926870629364,141.12009248251746,-70.88421665034963,49.159833391608366,-65.95732027972025,1685.5720839160836
1200,1200,will,863.232,863.432,0.912,6.042908899298246,2.824147012280702,2.6546037733157895,-10.268824864561402,3.196478210526316,827.9479659649122,31.052105315983912,-8.204891185830956,14.314245202044981,-19.553831429316823,13.564492990018147,-27.96581015037588
1201,1201,be,863.472,863.552,0.922,14.143538999999999,11.15758625,27.559941500000004,1.5858923866666668,24.8327835,894.7467383333333,-136.10573714285718,-73.45856642857144,21.25611571428569,67.00621348571426,-214.72406142857145,-1494.0147857142863
1202,1202,able,863.752,864.012,0.687,18.25969739130435,10.890867413913044,15.224947169565217,-8.729647849565218,23.393236695652174,691.746922173913,47.176564965415004,39.347540278656105,-13.143713483201573,-119.04061303260866,44.76840049407112,32.73778063241113
1203,1203,to,864.092,864.192,0.752,19.667198133333333,7.829801955555556,11.530126058888888,-14.96889001111111,14.073040222222222,887.4939222222222,159.04743650000003,-96.11023333333335,85.58305880000005,-14.382732833333337,-113.58241166666667,1122.9559166666675
1204,1204,bring,864.232,864.492,0.882,27.6801898,6.868903551333333,1.96555326,-12.381825560000001,30.08250286666667,847.3149073333335,-49.56033160714286,6.114628975000002,58.89038155357143,-31.963261964285707,48.63821285714287,-923.1405928571426
1205,1205,about,864.572,864.893,0.893,24.199175750000002,-2.368455960000001,-12.041820900000001,-29.515817400000003,23.695849349999996,737.105323,-6.5851928947368465,-4.743457233082703,-19.545049315789477,-91.71283218045114,59.47563875939851,63.59658120300763
1206,1206,the,865.013,865.113,0.926,24.864973727272726,4.008453063636364,2.7548153754545455,-21.869075818181816,25.547104727272725,911.3307954545454,-58.794797727272744,85.88229400000003,97.3999221545455,122.80924045454547,-169.17138545454551,-422.7278636363637
1207,1207,changes,865.193,865.733,0.84,8.181323493548387,8.14999709032258,19.429301387096775,-8.784538887096776,18.35612493548387,881.1018141935483,22.94532763709677,42.227666596774185,-10.421416491935481,-8.000969173387096,13.336612661290328,553.0733090725805
1208,1208,that,866.593,866.733,0.774,9.1642842402,4.57888418792,7.090621795800001,-5.094113891999999,1.76406848,884.7814082,24.775781639207686,-23.160089324878754,4.272664326170468,-11.725339657430972,8.254128561824729,-478.7577415366147
1209,1209,the,866.773,866.853,0.829,29.3132775,11.737047933333335,11.750887583333332,-18.91366208333333,17.399960833333335,683.1340083333334,184.25571285714287,130.94357714285715,-67.0045192857143,110.3485735714286,279.8401642857143,3452.692185714287
1210,1210,working,866.893,867.273,0.919,28.228720761904768,11.107313966666666,-0.25600356190476214,-17.90928260952381,17.466296238095236,850.6985742857144,-103.29113681818181,-2.371534792207792,109.00696307142857,109.56861287012987,-56.42553032467532,165.31732207792194
1211,1211,families,867.333,867.833,0.895,16.300954457142858,11.800194974999998,4.144991420357142,-6.282295748928571,22.59080835714286,652.1879849999999,-0.11001627805144772,15.447777705254516,60.99625489969895,4.811903587985772,-19.289956896551722,-170.88189217296113
1212,1212,and,868.153,868.253,0.739,8.068364042857143,18.759684147619044,2.865028849047619,3.674683767619048,5.0262986666666665,697.0710738095238,84.0894344090909,-53.1957963051948,17.12869863831169,-30.094741294805193,58.227353636363624,-1091.1463064935067
1213,1213,the,868.273,868.333,0.982,26.79804725,13.1954235,10.18959911,-2.2836486999999996,25.8256825,572.116265,187.7504050000001,-128.5427300000001,361.0151458000001,-275.5539340000001,3.3336099999999482,3698.9871000000016
1214,1214,middle,868.373,868.574,0.912,25.310702833333334,13.695871883333334,10.430043983333332,-24.507260175000003,19.354591833333334,763.0996258333331,-4.078373776223775,12.537511853146855,-56.99985856643356,-114.86423351398598,-155.37988356643353,1871.5249353146846
1215,1215,class,868.614,868.974,0.791,10.554599499999998,9.978192065,-17.919482679999994,-21.240805775,17.08538145,535.0710234999999,-63.16147403759399,51.157357650375936,-53.50129418045113,42.377334718045105,-26.972494774436097,194.95605601503763
1216,1216,of,869.154,869.214,0.852,6.729074675,21.38002833333334,-16.722107391666665,-15.77986856666667,0.0,673.7812158333335,170.6037439685315,-20.967091433566424,83.74226893356642,35.36104737762237,0.0,1602.3789772727275
1217,1217,this,869.254,869.394,0.745,1.1204296222222223,25.328560333333332,-2.6871359666666668,-4.281150033333333,9.360961222222222,770.417341111111,-253.04704833333335,51.68780416666668,-101.57204050000003,6.221733000000004,-211.4610283333334,1164.1247250000004
1218,1218,"country,",869.434,869.754,0.814,13.614572250000002,7.797696088333333,5.3368658149999995,-5.810803480555555,17.823984055555556,830.7878227777778,13.044241511867904,5.375759553663572,119.02355531114551,72.8718587280702,29.097193446852415,535.0376486068112
1219,1219,that,869.774,869.914,0.857,23.366002625,1.9382009815874999,-5.740063375000001,-12.2472860275,27.044128999999998,790.227225,23.274213690476177,-125.80239258124999,-302.69861726190464,-160.90588386904756,6.1221928571428545,-2988.790571428571
1220,1220,our,869.974,870.094,0.947,31.578380777777777,3.7965586333333334,-21.45961026666667,-24.860532888888887,20.731431333333333,782.6871544444444,62.292440833333345,93.38084158333335,151.50169533333337,-34.593914166666664,-134.22073833333334,2679.9866416666673
1221,1221,"children,",870.194,870.654,0.858,12.002754399999999,2.249321986785714,13.21234652642857,-15.540458312857144,21.193126642857145,766.3315989285715,67.7579140120416,28.902511172824298,-2.242556421182264,29.03354305528188,47.35032348111658,12.484912561576394
1222,1222,that,871.134,871.314,0.759,18.659534248484846,5.4860873,5.0770955676666665,-3.487927688545455,4.30541596969697,637.4567299999999,-3.0758671858288777,-12.309232473262034,-20.323828220153743,-21.67352049766043,26.564702122326203,-550.9513768382353
1223,1223,the,871.354,871.454,0.825,6.861424928571429,18.440181857142857,-1.8514319142857143,-4.977614794285714,7.850426857142858,637.9602614285715,-297.2041982142857,196.8339696428571,-48.19402267857142,113.18113017857142,-49.528694642857126,5051.959392857143
1224,1224,"seniors,",871.534,871.994,0.881,3.835458644444444,23.09196894814815,15.42439018574074,-2.7809249940740735,20.264549925925923,780.9085770370372,48.24591001221002,-1.8272842124542124,23.861914902167282,-12.425835463980471,-1.0971898656898649,-431.49253663003674
1225,1225,our,872.114,872.215,0.348,11.500114974545452,12.274966845454545,-14.251563327272727,-21.842316818181818,4.590213818181818,740.1154545454546,-81.05819856363638,100.92346522727274,-22.636803909090904,-13.861184545454519,11.478676363636362,-1730.8050818181823
1226,1226,seniors,872.255,872.655,0.921,4.351262740909092,19.216771095454547,14.065201517272726,1.9632175609090903,15.531209136363636,607.0479568181818,52.3298802399774,-12.803579206662905,-10.15357822868436,-21.029047651609254,6.485006070016939,-680.8739709203842
1227,1227,deserve.,873.075,873.495,0.917,11.233480245238095,14.376983373809523,-5.1627090904761905,-9.767521096904762,4.7457902857142855,815.48527,22.834078088890685,4.721982666315531,-10.99456090997488,-15.326432516125111,9.284242338546306,89.66839105420956
1228,1228,No,874.175,874.335,0.87,18.19319881190476,3.787481292976191,5.98337426295238,-12.342946523809522,6.363661714285715,716.4109285714285,31.399373460416488,13.28331085910785,3.041768118564136,-32.940410492666715,36.995713289036544,256.7978567377035
1229,1229,one,874.435,874.555,0.912,34.056526636363635,13.27128562727273,-4.690566313636364,-31.471572909090913,33.526592,675.0012272727273,-14.579800454545452,-75.55549827272729,-6.129102772727265,132.26529181818185,-5.60603,-1268.394222727273
1230,1230,president,874.615,875.095,0.868,20.457315111111114,9.993910675185184,-0.3091198222222219,-6.151055377777778,18.974753333333336,612.6387059259259,-4.865965097680097,18.783842408730163,63.566107747252765,15.88313048840049,-10.565666147741148,-529.0853925518927
1231,1231,can,875.155,875.295,0.938,21.45896235,10.553281185,19.460057600000003,5.038600433,11.427899299999998,872.488509,68.2879756060606,86.38350495454544,23.287036969696967,7.101652493939388,-0.4371833333333403,-2017.8868575757572
1232,1232,do,875.335,875.475,0.876,28.950333,16.305356555555555,10.667406011111112,-9.340945195555555,21.696781,855.89063,128.9309366666667,-15.79970083333333,-125.99129541666667,-113.20716276666668,60.018956666666675,85.28030833333274
1233,1233,it,875.515,875.555,0.999,24.06041175,7.1218033,11.88918075,-2.752803445,6.9773965,865.6015500000001,-165.10080500000004,155.35339400000004,138.08089500000008,-80.01672130000004,-418.64379000000014,5781.630200000002
1234,1234,because,876.016,876.396,0.954,12.834646009523809,7.927424691904762,5.319066138095237,-8.933103695238096,5.587854976190476,812.2409033333334,-2.891829799854145,24.225894169759336,-19.765921957701966,-32.15726367992868,22.793635098452313,-319.9812797990438
1235,1235,the,876.476,876.576,0.711,11.236585755555556,19.498325222222224,-2.8896035033333334,-10.56863222222222,3.240962222222222,835.4337355555555,154.33493016666668,-44.14156500000003,211.6484069416667,-8.362146416666661,-97.22886666666668,-1198.7181500000004
1236,1236,powers,876.676,877.216,0.839,20.2999654696875,10.293968781250001,-9.639206296249998,-16.4069879346875,21.356432249999997,819.69829375,25.44369611336144,53.53404133980939,-9.809389908357774,-42.798412550311596,26.07381464442816,607.5289063416423
1237,1237,that,877.316,877.476,0.84,9.278232876923077,19.505366030769228,2.2558474615384614,-0.5553533715384616,6.9936201538461535,687.9563592307691,124.47454645604395,-39.46522774725275,75.50256219780222,-21.47636874175824,24.79597362637364,-1834.1239807692307
1238,1238,be,877.536,877.776,0.86,14.600347100000002,16.55346643333333,25.466243246666668,9.107500904666667,19.291131066666665,456.8629393333333,-70.134299375,-18.04665276785714,106.8230740892857,40.69796787142857,30.28883232142858,-1521.8247321428569
1239,1239,wall,878.456,878.776,0.731,14.958982277999999,12.5453070672,10.190299320200001,-13.611337675999998,8.14303268,913.0684753999999,-4.368461462424969,18.071873934501802,1.7477879897478985,-58.15942352605043,18.79979303721489,-175.30105361344533
1240,1240,street,878.796,879.136,0.832,15.425341872222223,6.571303811111112,15.167077983333334,2.212907031666667,22.574916388888894,876.111145,60.54615688854488,48.72075829721363,33.388039963880296,48.11878778173374,105.77857734778122,-1278.2233957688334
1241,1241,with,879.276,879.416,0.901,20.246165575714283,12.623181849999998,11.094318155714285,1.815685499285714,14.064045357142856,811.0641357142857,-58.09088136483516,3.3635981428571426,-65.58084290329668,-6.639555614285715,-133.65242296703298,-1931.67014065934
1242,1242,their,879.456,879.617,0.953,26.098750877999997,1.377954183,-7.8943885499999995,1.432900876,13.6181986,744.3149060000001,160.76667363030296,-74.96130009393939,-300.3576789393939,53.62615716363636,-126.78265999999996,-209.7122727272724
1243,1243,endless,879.737,880.077,0.851,14.892538191304348,15.19377847826087,4.426683540000001,-13.733350443478262,18.530343652173915,720.9203804347826,-71.06574899209485,88.70501945652171,-11.544495686758891,-47.74455749999999,-31.212187005928843,1020.0836773715412
1244,1244,supply,880.117,880.637,0.923,15.987556514285714,15.602623600357145,0.9231522841071426,-22.78660604642857,16.581903642857142,705.4525614285714,43.53070726874658,-59.0881645655446,23.29732995190202,-12.294558986042695,75.98460763546798,-1075.5982728516694
1245,1245,of,880.857,880.937,0.806,23.392651466666667,11.339939326666666,-4.565453895,-16.319513422666667,14.932956866666666,786.826346,5.289269821428571,44.153245749999996,-53.11271266964286,-91.70821543928571,-86.35680749999999,-100.96640714285718
1246,1246,money,881.037,881.237,0.859,24.016239333333335,10.104443142000001,9.604375446666667,-18.196399786666667,27.3188358,564.249284,-64.70310910714285,-89.04098738035711,63.22522748214285,10.534484000000008,5.132589107142854,-2456.2020785714285
1247,1247,corporate,882.011,882.471,0.892,19.121823823548393,5.089189847741936,-0.06806766274193515,-14.701901538548388,11.118121870967741,773.487695,16.973435147314348,9.66583973417945,-25.176809510022412,-16.697015853025608,26.725404703986296,174.6505981592002
1248,1248,"America,",882.512,883.052,0.857,28.715026689655172,5.412661537931035,-15.679354289655175,-19.619327442413795,25.02240906896552,793.1300720689655,-17.426401576354674,-9.96534414285714,-13.925295463054185,-33.5894571546798,-15.299492487684727,-444.7226869458127
1249,1249,the,883.352,883.472,0.895,21.06029578904762,14.70085059047619,-5.461613225714286,-27.30677807142857,7.6404603333333325,709.2139300000001,-10.588588150649347,44.03424374025974,30.002866393506494,-32.84633493506493,78.22880824675323,651.4183298701298
1250,1250,large,883.512,883.873,0.75,19.452573064999996,11.66995715,-7.743958957000001,-34.98805255,30.252611549999994,728.5313845000001,-70.70963715413534,-86.67371571428573,10.143500623308274,92.35007417293234,4.716001165413532,-446.4987500000001
1251,1251,campaign,883.933,884.513,0.862,19.6892039625,3.3085794515,16.202102240625,-7.048982070625,20.581447312500003,741.0103028125,18.545172043621704,24.41986975557185,26.790014834127568,5.918869975989738,4.784677272727273,10.203322305718453
1252,1252,donors,884.553,884.914,0.736,20.635581920000003,12.2689577175,2.732581877,-21.62303855,20.9017626,655.914119,-78.78923548872181,35.978332385338355,-23.977096259398504,57.63721322556392,-48.47416293233084,-620.8699195488724
1253,1253,are,885.314,885.414,0.841,5.818321232,7.854890397599999,-9.0441106496,-15.888111555999998,5.6952562,825.2930552000001,10.84905278846154,2.297483245384618,-42.876156955384616,-57.54015896538462,32.76979784615386,-255.2134280769232
1254,1254,so,885.494,885.695,0.922,4.167844142857143,14.945204999999998,-11.265069380714284,-25.413828978571427,23.58209264285714,864.4348742857143,269.2430580219781,-6.1838349450549455,5.05526840989011,-135.9341378351648,182.7473946153846,-280.6279780219778
1255,1255,powerful,885.775,886.275,0.889,20.23331493793103,10.446996871379312,-12.396841696551723,-26.39822302068965,17.861974655172414,757.6774344827587,-6.821775293103446,29.056058723399012,0.6512922413793112,-62.53395388423644,-90.03978748768472,-208.21958645320197
1256,1256,that,886.896,887.036,0.958,11.032739335368422,4.942058923947369,-0.3327651842105263,-15.42018580526316,1.5307855263157895,666.0672644736842,5.935408930101761,-4.685148551318524,29.839311052631576,-4.588437812670969,8.912394408578619,92.90187203195094
1257,1257,no,887.096,887.236,0.81,31.459936,12.27718102,1.5991132600000004,-29.961062200000004,30.3584879,804.48143,50.91631999999998,4.085701636363637,-99.34355854545453,-164.54448909090902,46.319528787878774,-358.9330666666666
1258,1258,president,887.316,887.837,0.941,18.68230717666667,11.191803572000001,-4.156115632,-4.951386619666668,10.6566147,674.425051,-5.296492655172413,20.087695309010012,28.160715256062293,26.331080318464963,10.839625216907672,-1003.5683860956617
1259,1259,can,888.878,889.038,0.891,8.408194209416665,2.5432428133333334,7.023726288166667,-0.9356003086666665,0.0,675.2597991666667,-0.015308981612946375,-2.3606152916365666,5.342128458446791,3.446739284051125,0.0,-106.86838192553488
1260,1260,do,889.078,889.198,0.921,27.904746375,14.487876875,14.82287685,2.862786945,22.26256725,751.51123625,32.99759345238097,50.72193154761904,-152.46792869047616,-44.04358030952381,209.30109999999993,2788.2680178571427
1261,1261,what,889.258,889.398,0.841,27.9251564,5.889492829999999,1.1894370900000002,-11.093562456,0.0,865.046816,-167.83688787878785,-168.8471564545454,8.651315909090908,83.06140267878787,0.0,1574.066896969697
1262,1262,has,889.458,889.638,0.843,5.847622083333333,7.523160925,-18.017368875,-8.509102760833333,7.163536083333334,419.48311250000006,-173.2540141608391,191.38444515734264,-54.71641739510489,-141.450569256993,-45.239378496503484,-1155.7119562937064
1263,1263,to,889.678,889.759,0.94,9.866841056666667,20.147577833333333,-3.087464166666667,-10.235621966666669,0.0,627.7057466666666,290.61384922857144,82.71681571428572,223.0961328571429,98.71609085714286,0.0,1834.3876285714286
1264,1264,be,889.799,889.899,0.848,17.059455142857143,18.563712142857145,20.91694042857143,12.391164757142858,16.180292857142856,692.3899671428572,-5.517982142857133,5.982894642857128,110.98305714285715,2.7757171428571494,-304.92866785714284,-4502.360428571427
1265,1265,done,889.959,890.219,0.828,27.178161375000002,10.350213793750001,3.23656601875,-22.588317337499998,23.98967525,746.5435625,31.41427044117647,-53.03285758088235,-9.809487080882354,-76.78926183823529,53.76995544117647,-708.7003117647058
1266,1266,alone.,890.539,890.84,0.952,27.06255622580645,17.052304435483872,1.0183081480645169,-23.420854087096778,9.855830258064517,819.8112341935486,-1.4850465322580633,21.387573284274193,-20.748215408064517,-34.54717166532258,8.402156975806449,-383.5163393145161
1267,1267,And,892.261,892.381,0.805,12.165210448103897,-13.987765615974025,-1.8945001363896103,-12.086555181038962,21.470417077922075,789.6934563636363,3.1202499123324032,-9.626085961775065,-8.330008375875437,0.5766075936169093,9.078723944476575,-241.49655895420364
1268,1268,that,892.441,892.641,0.872,18.703443153846155,-21.422384484615385,-21.564762507692304,-11.716930846153845,37.321432384615385,912.8054923076924,-46.345658791208784,-118.64322670329669,-30.794843241758244,39.02024274725274,28.24727170329669,1088.999739010989
1269,1269,is,892.741,892.842,0.584,3.5371441000000003,-7.3496580506,-6.90607708,-8.161122179999998,30.406928200000003,680.216654,-80.03225878787877,133.72615165393935,-65.11667278787878,-96.5358018181818,21.783752121212103,653.0269818181818
1270,1270,"why,",892.922,893.342,0.915,16.403075171999998,-10.097688272000001,-18.157075876,-33.7392798,38.387740400000006,722.3787236,7.426824284615387,-34.40233012307692,-37.09288169230769,-18.97277730769231,-9.877436153846158,-887.6320234615384
1271,1271,and,893.362,893.422,0.0,13.471842250000002,-8.791288975,3.8338729750000002,-25.012645499999998,18.1096675,605.3205175,-46.49470500000001,18.524189500000013,-48.27043350000002,-33.49652,-725.0633500000002,7533.098450000003
1272,1272,that,894.243,894.423,0.936,11.846944033999998,-26.336151859999994,-16.4091302292,-24.101390808,39.113554060000006,884.5590138,14.784108044897957,24.352985659063627,-22.74674341815126,30.134459877551024,-5.526977563025205,-358.73174000000006
1273,1273,is,894.523,894.603,0.82,11.23507562222222,-1.9792078888888898,-18.143890222222225,-5.321671793333333,29.74996866666667,910.4512888888888,-172.57130150000003,225.44753750000004,20.962438333333335,-134.55061503333334,-129.5235033333333,-1518.306933333334
1274,1274,why,894.703,895.024,0.913,21.653132828571426,1.5931641452380954,-18.85057707142857,-29.844060633333328,25.103217619047623,719.9525238095239,-5.124378441558443,-6.938617059740259,-35.5112032987013,-33.812203993506486,-28.469087597402602,-791.7751376623378
1275,1275,what,895.044,895.504,0.343,24.896333958333333,2.328326429,-9.226457015416665,-17.770125504166668,6.029823125,821.55693875,3.7076801956521717,3.529753761565216,-9.73582297065217,-9.88272453260869,41.082536413043464,-20.57546543478261
1276,1276,Iowa,895.744,896.185,0.753,23.669444294117646,6.570629118705883,-12.865337044411765,-31.731344294117648,29.690368323529412,679.2673976470588,16.775005393430096,29.272570717341473,29.461210449732615,0.49843549274255033,37.71818932773108,-406.67173827349114
1277,1277,has,896.325,896.605,0.7,15.274521133333334,6.777090185714286,-14.76371187142857,-3.266338423809524,14.070828,493.11989952380947,-59.70329873376622,67.93878155844156,-20.820732396103896,17.94404024675324,-13.523801623376626,-339.1033987012986
1278,1278,begun,896.705,897.106,0.835,19.273513,12.783325439999999,-2.8607510119999997,-7.043740668000001,21.63766548,644.7448363999999,16.635147423076923,-49.7472676346154,-5.290965807692308,-83.01248601923078,71.20675607692307,401.21871807692315
1279,1279,tonight,897.226,897.626,0.872,19.840429309999998,11.383478526153844,-3.595791642461538,-6.155694057692309,18.453297423076926,593.0818742307692,-3.834087443760681,-28.01753141059828,-30.84389170078632,13.080010859829057,-40.318068666666655,-529.9158866666666
1280,1280,is,898.407,898.507,0.763,9.929601547727271,4.5918424995454545,6.594240792045454,-1.6223713097727275,4.872608590909092,612.3835174999999,-14.285054605708245,26.060756289429175,11.732991695525019,9.73552829940099,21.996898379140237,-395.32564844961246
1281,1281,a,898.607,898.647,0.643,12.587541142857145,13.73698857142857,16.121597728571427,0.35806743714285705,30.266794571428573,391.1180657142857,-54.20407321428573,97.18818035714285,287.54597696428567,42.9034659642857,-16.854135714285714,985.8468214285715
1282,1282,political,898.807,899.508,0.893,21.102082606976744,12.962107562790697,3.7855317325581392,-18.40856820976744,27.700857395348837,849.5215474418604,2.452931425551192,-7.099249919208698,-21.191897179099968,-63.56969691905768,15.485161476895193,-349.3239449562065
1283,1283,revolution.,899.768,900.389,0.974,20.86206350681818,8.56008576134091,2.810200075909091,-22.57124010909091,18.72818193181818,850.4571172727271,-41.20823870295983,-19.38499530633897,29.520400260958425,23.369013411557436,-27.178382914023963,2.0039725863283806
1284,1284,a,911.539,911.659,0.813,6.631915855248227,-38.38971638280142,-31.40346466932624,-32.03046287588653,22.424028975177304,1028.0352399468084,0.26036365977579956,0.6702460560693931,0.17184359876147665,0.3783178247164886,1.771084589960914,-2.1239363708921424
1285,1285,political,911.779,912.42,0.81,16.856928055263154,-13.057464526315789,-18.961608723684208,-21.210464394736846,32.55494615789473,838.5890952631579,3.8559967540212283,19.689512528723053,-13.973122890359997,-27.273926064120804,24.79172800087537,381.9445856220594
1286,1286,revolution,912.54,913.321,0.896,15.451375980000003,-5.305767893333333,-11.107940595555556,-20.4439259,32.332821777777774,812.3872293333335,-21.394012505928856,-5.659499747035576,30.97826008761529,-3.3025100948616597,-12.638398155467726,-41.85757687747042
1287,1287,that,913.821,914.062,0.72,14.27616875405405,-13.910073510810815,-9.44501451864865,-14.998888340540539,23.09943145945946,659.3243364864863,-24.529707539118068,17.384561145092462,-12.43726516951162,17.704847728781417,-37.20257914888574,69.71352714556657
1288,1288,says,914.122,914.542,0.836,7.078069299999999,-0.058613208333333354,-13.438202329166666,-6.1515133,20.129793833333334,578.3431375,63.2957439521739,25.82929701739129,28.81967369347825,-8.047917304347823,-35.74289382608695,-767.122549565217
1289,1289,when,915.143,915.343,0.816,9.2283715475,-2.3089642652425004,-7.912596525999999,-2.4019493435,10.59309845,657.7245317499999,53.44450673030018,-30.486188842179647,17.91162372401501,14.160352163508442,55.85195450281426,-385.58324498123824
1290,1290,millions,915.483,916.044,0.797,18.454112714285714,3.694769575142857,-2.853198269714286,-13.71764976,34.9292236,642.7180960000001,-32.81272422969187,6.748367998039214,-17.64066067731092,-5.690449539215684,-29.271037366946764,-121.152819187675
1291,1291,of,916.164,916.224,0.792,12.605769992222223,5.172965913333334,-14.664183600000001,-28.33223811111111,20.266349,813.4482944444444,181.13645100833335,-55.354320133333346,-114.55543866666669,-88.36632333333337,-87.67952500000004,448.4963333333331
1292,1292,people,916.324,916.684,0.805,18.943985782608696,14.43539575652174,9.763711854999997,-12.04683632173913,24.79354652173913,821.2539747826087,24.014784634387343,47.1617065612648,0.6842572932312192,-75.20676376482211,21.997532361660078,424.5493354743081
1293,1293,come,916.785,916.985,0.83,21.199238926666666,7.909928113333334,-7.510685288666667,-25.76304420666667,24.729909,698.2276866666666,63.51363346428571,-26.64945023214286,-17.58813980535714,-17.148266107142863,50.03929607142857,-103.57900535714299
1294,1294,"together,",917.045,917.465,0.879,18.116632208333332,7.913417554166667,-6.451386258333333,-13.832895343333334,24.893795916666665,608.3667445833333,45.01337280434781,-22.595214084782604,-80.16285416086953,-31.261274655652162,31.638600434782596,355.677953695652
1295,1295,including,917.605,918.226,0.851,19.239162644736844,11.226306978947369,6.970613301052632,-13.246850396052633,25.31577210526316,744.1109668421052,10.46958659426633,11.945537543494913,8.547834107232744,-7.1330119074844065,13.391307068607073,-137.16991224422807
1296,1296,those,918.306,918.646,0.852,26.15907,16.878126880952383,-2.9063805519047627,-32.56621836190476,24.450088142857144,865.1173961904761,-18.068360454545456,21.196068538961043,-12.944637779220775,-26.658008532467516,-6.295817467532467,22.814393506493445
1297,1297,who,919.187,919.287,0.79,6.694987690625,14.610289648125,-4.2458662471875,-8.04925402046875,4.368641,877.9963425000001,59.382569452895915,-26.297960918804993,3.7525850437133434,-11.908501518282629,35.87018656524927,-333.87133339442806
1298,1298,have,919.307,919.447,0.744,23.562915374999996,3.3033161625,-11.426027875,4.4456811,12.622748999999999,757.7408037499999,25.674586309523804,131.0500145833333,139.1405459523809,72.06387297619045,-301.5206809523809,1796.8590773809515
1299,1299,given,919.487,919.748,0.917,17.025390733333335,3.847632211333334,6.8009441200000005,-5.171101340000001,32.42090413333334,714.8896193333334,34.760453732142864,-48.020511453571416,-84.65892441071428,-34.091646374999996,82.60052499999999,-141.13901250000018
1300,1300,up,919.828,919.928,0.876,24.274952222222222,5.598276914444445,-12.255725055555555,-33.075182999999996,31.19325611111111,623.7933811111111,31.316040000000005,37.44186573333334,35.218406666666674,30.424569166666686,-119.35140000000003,1590.1212000000005
1301,1301,on,920.028,920.108,0.886,24.537864222222222,14.180303111111112,-3.4408074,-35.825729333333335,24.151234000000002,790.6262177777778,91.93554083333335,26.96353833333332,55.822119416666695,68.51292000000001,176.55044583333338,232.12533333333332
1302,1302,the,920.128,920.208,0.797,23.7127438,11.999885279999999,-4.4023866,-29.772353200000005,12.2454864,815.5583899999999,-47.28396500000001,-56.57019499999999,-89.14137850000004,62.321044999999984,-460.1387100000001,709.0515
1303,1303,political,920.248,920.689,0.828,21.22532725,13.760419350000001,-2.36008332125,-21.202670283333333,24.035966958333333,829.5384945833334,28.35549769565216,-0.014803726086957103,5.218228514565216,-9.414691582608688,0.1657954565217422,-105.60351934782605
1304,1304,"process,",920.749,921.149,0.897,9.05847627826087,14.155619353913044,-21.393571826086955,-19.81361344347826,11.697426304347827,761.8610165217392,-74.2880458300395,74.17344779644266,-16.29271609189723,-12.336822203557315,-28.613385820158097,499.9619031620552
1305,1305,they,921.169,921.249,0.969,8.49880268,10.319187399999999,-3.5512355600000007,-5.034184086000001,10.1418454,909.885722,234.155123,-134.275695,332.288108,37.08659570000001,300.91557000000006,-7751.345700000001
1306,1306,are,921.289,921.369,0.786,-0.22931900000000058,22.306509750000004,-13.079720099999998,-10.949372400000001,9.776164833333333,557.7227983333333,-367.5595228571428,406.71603585714286,-187.8233442857143,-114.76308,-335.8218185714286,3007.933385714286
1307,1307,so,921.409,921.65,0.99,14.256773090714287,21.175444785714287,-18.521244785714284,-35.22832874285714,30.463339357142853,843.9960514285715,205.41054407802199,-12.76073307692308,-49.98528296703296,-218.70359991208787,91.92200604395602,-222.82823956043933
1308,1308,dismayed,922.33,923.031,0.843,12.306706299999998,8.80175526437143,1.563900134042857,-5.323680576928571,14.932503157142856,650.9982097142858,-10.590622899133935,2.2089332490018356,17.85084228352987,26.182437630036745,13.484646140320185,-173.60692553582365
1309,1309,and,923.091,923.171,0.861,15.350953857142859,9.922518418571428,12.51432912857143,-3.1262331055714285,20.887642999999997,738.0953642857143,-36.5282464285714,153.09356453571428,15.20685696428575,37.33002380357143,-263.46291428571425,-541.2029285714301
1310,1310,so,923.271,923.552,0.832,9.38332972105263,19.071105657894737,-11.560501236842105,-30.841948052631576,25.952624368421052,961.6857500000002,176.70388244736844,0.08253280701754372,-44.90700149122809,-146.07497612280707,105.9283851754386,-793.8316964912284
1311,1311,frustrated,924.232,924.813,0.907,13.74536843809524,6.4580168746031745,-3.175361056825398,-8.430384820571433,11.104113555555555,862.7528236507936,-13.871110021361373,-16.496507004128272,3.552237939612136,15.72157330492512,16.69486986127113,-35.05225931259603
1312,1312,with,924.853,924.973,0.852,20.1940722,12.6864918375,0.5950803725,-9.323240949999999,19.78920725,930.4022024999999,-177.62509404761903,20.023972083333323,-8.489808011904755,71.39359833333332,-172.77242142857142,1304.2643690476193
1313,1313,what,925.033,925.153,0.957,25.607554444444443,7.851847277777777,-10.779173466666666,-27.282599311111117,34.13085377777777,856.9372488888889,-16.892825833333326,-91.53225850000001,-126.60914033333336,-70.070804,8.490079166666671,-495.03895833333337
1314,1314,goes,925.193,925.353,0.86,12.090958565000001,17.09627567,-6.72564998,-33.0303942,20.404186200000005,871.2713580000002,-173.64424901515144,139.9289176060606,23.12244915151515,100.3053624242424,-67.79299454545453,-1470.2193939393937
1315,1315,on,925.494,925.594,0.708,18.123395499999997,1.897043793083334,-15.038388333333332,-30.18811229166667,33.11336116666667,878.9808749999997,44.67887867132867,-82.77351395367133,-92.0556783216783,116.40200096153842,2.7659010489510423,-1297.8046258741253
1316,1316,in,925.614,925.694,0.225,29.648499400000002,10.1646934,-5.750755256,-4.5852171188,32.5622048,655.659556,76.098725,169.85278000000008,316.6901238000001,-157.51129286000005,-8.915605000000008,-863.8571500000014
1317,1317,"Washington,",925.734,926.274,0.894,12.856745613793104,6.04667305,0.370836003448276,-19.915543068965516,18.849877103448275,743.9976279310345,2.830027975369462,0.9264801206896573,68.52243692857141,86.18799798275862,-46.03002674876847,-826.662069458128
1318,1318,with,926.695,926.855,0.813,12.644805765517239,7.067523684206896,8.578208233448276,-3.6635154003448274,3.517224413793103,762.7863000000001,4.9230138817733975,35.57159458527093,24.667652171428568,-3.1954738726600973,17.562534729064037,-130.66542167487688
1319,1319,young,926.915,927.135,0.856,22.486985714285716,5.535953710714287,-2.970962857142856,-16.919186571428572,27.760751,820.9830328571428,86.14090703296702,15.425740710989004,-50.00652808791206,-39.62330439560439,-82.8434556043956,1710.333821978022
1320,1320,people,927.195,927.476,0.784,17.358304705882354,9.975326086,15.534332129411764,-4.56584978,30.787795529411763,760.9090635294117,30.01340919117647,47.64076497598038,-15.396682549019593,-73.16544869362745,43.35057218137255,625.0586617647058
1321,1321,who,927.496,927.616,0.84,31.502866285714287,16.145811285714284,3.416997581428572,-21.921743799999998,33.20749828571428,855.2631471428571,11.523866071428564,-91.44709285714286,38.3252554642857,289.81498964285714,-0.12507857142858894,-943.8908035714286
1322,1322,before,927.676,928.176,0.87,14.692222424999997,15.84846205857143,-3.5573164621428575,-15.332902967857143,29.699354321428576,727.5195871428572,-5.603868266283525,-0.8878210355774494,-93.18175157717569,-137.47726178297754,13.026236795292833,-220.9300580186097
1323,1323,had,928.216,928.336,0.875,19.9125710625,3.0293775675,-3.04244744125,-1.151827825,31.774011875,663.0889175,93.04110565476188,112.10049648809523,88.73731025595235,-39.62544416666665,59.17600059523812,4263.327654761904
1324,1324,never,928.397,928.597,0.986,19.92107276923077,6.1986990787692315,-9.818002492307691,-11.286495708769232,37.52887807692308,682.7832584615385,16.001741483516483,17.896604430769223,-84.84518956043956,-3.5316466137362545,1.6554478021978136,-12.365571428571014
1325,1325,been,928.637,928.797,0.89,19.173353799999997,9.949124629999998,6.646016245999999,-10.5936925,36.5888568,466.810397,27.25368484848486,18.8825965151515,159.77803255151508,53.027957757575734,-13.634053333333336,-1585.2524878787876
1326,1326,involved,928.817,929.297,0.85,16.075023532,14.763037312000002,-14.457583391999998,-33.992957188,27.701597640000003,743.6728312,-12.13099283461539,0.04740031923076603,-50.954106300000014,-105.86034798461542,-36.375650923076925,1174.536116923077
1327,1327,in,929.618,929.698,0.863,14.85929155,1.2806144025,-1.2101380000000006,-18.931579699999993,13.372422749999998,629.3519259999999,34.51213259398496,37.37441240789474,91.32484399248123,51.20771902255639,63.397204699248135,-1149.9281751879703
1328,1328,the,929.718,929.798,0.805,28.026025599999997,12.6235044,8.392577300000001,-14.959579,13.4199906,459.932794,79.32032500000001,75.92296000000002,117.58361700000002,118.36066,-167.64333000000013,-802.1355000000001
1329,1329,political,929.838,930.238,0.813,22.04277485,9.29630178,2.4186290299999995,-21.801258654545453,22.546402818181818,846.0979313636363,28.653297761151897,-18.181507131564086,-28.859404390175047,3.7043662676453963,-48.01481558441559,128.40098503670237
1330,1330,process.,930.279,930.659,0.828,8.358940423809523,6.836830429523809,-21.0966478,-15.973587009523813,7.502610904761904,747.5444128571429,-63.08538542207791,39.646814923376624,-28.323254551948043,13.629839454545452,-57.96104655844156,199.11655974025976
1331,1331,when,931.226,931.386,0.971,7.963915563408333,-9.155817986111112,-14.025387581388891,-10.172862620833335,17.217375916666665,752.6044694444444,53.448166013776685,-30.916318981338474,1.7251551879665405,3.0287291212998735,77.62476705920204,-159.37529099099103
1332,1332,young,931.446,931.686,0.854,16.2839222,-6.727670560000001,-12.889274103333333,-15.048952039999998,39.20521399999999,826.5305106666666,14.538496607142857,-21.112153785714273,-57.94047997321427,-109.53981594642858,8.307499285714286,502.4754285714283
1333,1333,people,931.766,932.186,0.858,18.41850146,5.054365872,3.2846045560000006,-12.867665399999998,23.79395584,705.1393236,29.377271384615387,16.15456858846154,-38.21917296923076,-46.3822306153846,-33.00490584615385,733.0985869230767
1334,1334,and,932.527,932.627,0.822,16.100333636363636,-0.08830747090909054,-3.5546270018181816,-10.672743386363637,11.744558909090909,587.7610109090909,-14.77213050818746,-25.28313364709204,18.767564029361946,57.167659308300394,109.11748091473746,-994.3648808582722
1335,1335,working,932.727,933.187,0.893,23.816109914285715,4.231533043785714,-8.31779872142857,-8.640720686785714,28.032783178571428,839.0443649999999,-42.842292312534205,-11.120584489956208,60.63154417898194,14.950909682950192,-3.403786165845648,393.3428916256158
1336,1336,people,933.267,933.627,0.789,16.607841136363636,9.85637876818182,14.587028581818181,-1.597647365454546,17.533587863636363,796.0600481818182,17.720750141163187,43.771461160361376,-49.73902840203275,-105.94517670355732,50.328949265951444,-292.6358255223038
1337,1337,and,933.947,934.067,0.634,17.48602492727273,5.613839104318182,1.1138828018181817,-4.141333577272726,9.395941727272728,661.9491809090908,31.039027995482776,6.2165596517504245,-4.946275392433654,111.39709064088088,81.43624511575382,-1103.6199136081311
1338,1338,seniors,934.187,934.647,0.9,0.41440884965517244,25.853201155172417,10.502522309310343,6.125267582758621,19.349931793103448,835.0817972413791,48.84471971724138,-3.9168619458128076,18.583579699507386,-23.192621564039403,12.219171157635463,-1232.1967992610837
1339,1339,begin,934.727,935.128,0.832,8.442654073333333,20.172522083333334,21.2919373125,7.79173534,20.148292916666666,775.7916058333334,2.388843401739126,-29.339459173913035,16.54563301086956,-30.853409559130423,93.1812607391304,-45.71918043478247
1340,1340,to,935.208,935.328,0.75,10.044782380000001,11.88965386,8.81739903,4.578724537,3.3276463,868.468161,-84.61104236363634,97.8992891515151,-184.3644038484848,-13.961038699999998,10.083776666666669,-2683.2202636363627
1341,1341,stand,935.408,935.748,0.829,0.5215563095238096,15.383675364285715,1.0448440142857143,4.693675333333333,20.172888,838.7609352380952,93.38457264285714,-93.07283440779219,23.15698886363636,-22.23138321428571,72.40701435064935,-482.1081461038961
1342,1342,up,935.868,935.948,0.897,16.50220165,9.900165869999999,-23.141578199999998,-25.2335334,3.3237409999999996,709.498034,53.466544090909096,-7.642403666666663,-83.2566315151515,-80.5118442424242,-90.64748181818177,1803.212939393939
1343,1343,and,936.448,936.548,0.83,11.636474805200002,-3.6545873271000002,-0.9975189400000001,-5.493286333666668,4.357424600000001,600.663645,16.935167587853176,5.7082247413681895,28.28652753948832,40.96441040589544,37.7880486095662,-49.459394549499464
1344,1344,say,936.708,936.948,0.772,0.9874216100000002,9.4641457885,-9.5487006286,1.7544595949999997,19.57931025,538.5402039999999,66.66961173684211,-57.40933833571429,74.07704561909776,-13.384595815789474,129.60030259398496,-92.04428421052636
1345,1345,loudly,937.088,937.688,0.926,19.56234248648649,1.1484558648648646,-15.971075962162162,-20.722472120432432,37.75536691891892,758.2355172972973,-12.634176007586538,10.234013504030349,17.477753884542444,-5.289369022143193,8.735058274063537,-541.2181190137507
1346,1346,and,937.869,937.989,0.661,11.409896471333333,-0.6077268866666663,2.146296026666667,-0.9377925279999998,19.730884866666663,601.9177453333334,72.73374989285713,16.440862142857146,-29.064776714285713,28.30532849285714,137.01500392857142,-1112.558351785714
1347,1347,clearly,938.089,938.549,0.808,14.65808408071428,7.037838627107144,8.725812647500002,-5.276111364285713,26.59122475,686.266599285714,6.201710296934866,16.972154503598794,24.372668500684185,-16.51869887794198,3.3454404351395706,-73.43604105090314
1348,1348,enough,939.129,939.669,0.666,14.467432295267859,1.3475090673214285,4.998806064285715,-8.418729091607142,21.171271464285716,755.5089439285714,15.237225832424807,-18.973968369634306,-51.69622547505125,-34.78050747749487,51.162033181818174,-104.48326076555024
1349,1349,is,940.349,940.51,0.574,10.94976408809524,-18.67351622142857,-11.662311947619047,-20.061403142857145,17.969622547619046,766.2265842857144,-5.529430297787861,3.842720908759419,25.646089711530664,20.294167757880235,23.71123833968073,292.390486670448
1350,1350,enough,940.83,941.25,0.528,9.240115794594594,-21.294291678378382,-16.418220063351352,-26.292229270270273,19.6782122972973,853.6423772972975,18.126343932195354,-30.6556296538644,-30.909652801944056,-28.327994357515415,59.61331864627787,453.92510763394984
1351,1351,that,944.331,944.571,0.93,9.173028313419161,-35.1121730239521,-30.48111575449101,-31.836613964670658,34.01207969461078,997.6940934730538,4.121461804209527,-0.21491796664845855,-1.711204569733168,3.2332148670215517,8.237865301668613,-60.500457344347474
1352,1352,our,945.031,945.311,0.951,15.507821229729732,-20.3295720027027,-27.23997727027027,-31.907377891891894,37.00136532432432,912.721408918919,4.780217603129446,49.02238256993837,8.109952204836418,-51.94585208629684,14.645711984352776,-216.29431081081097
1353,1353,"government,",945.451,945.972,0.845,23.444281333333333,1.2322350739999997,-15.150938566666667,-23.753234003030304,30.652382060606058,749.5685566666666,7.966219919786094,28.390942007386364,22.71042089572192,36.78558797794118,-56.76225240641712,-688.9206265040108
1354,1354,the,946.052,946.152,0.998,22.409195555555556,2.6961358111111116,-1.5244552594444447,-5.757042247777779,18.116855777777783,618.7897522222222,96.06394583333334,74.42329275000002,16.914625229166663,124.31416711666668,101.94024750000004,-164.2336416666668
1355,1355,government,946.212,946.752,0.83,20.16868705666667,2.277521638,-13.660892740000003,-17.224906086666667,31.699102,707.9672043333333,4.831109525027808,7.122153689877643,12.518449341490546,19.16740920355951,9.433220467185757,40.67132691879869
1356,1356,of,946.932,947.012,0.759,21.69439476923077,4.51036066923077,-27.619484200000002,-33.997404,26.885225230769226,706.1017446153845,42.95447967032967,86.32005480769229,-58.33017703296703,-131.0841925824176,118.6196967032967,2844.8249752747247
1357,1357,our,947.212,947.392,0.755,17.568760742105262,1.1270243473684212,-28.723053263157897,-40.053247684210525,35.9722717368421,796.5958878947368,41.326046921052644,102.54606319298247,59.11074385964913,-85.18023421052634,6.024644298245624,100.66750789473696
1358,1358,great,947.472,947.712,0.851,25.2481109375,5.5873712975,-12.252423726249999,-6.632625987500001,32.9466684375,731.90463,-17.318911544117643,-28.47893214705883,91.27191626029408,147.49219075,25.696798749999992,-637.0667235294117
1359,1359,country,947.792,948.252,0.838,12.724586562962962,2.895982613333333,-1.7508714645185188,-3.358977191111111,21.26738907407407,744.8021481481483,10.827486199633706,17.94776176800977,28.306447463125767,30.961656665445673,31.16518357753359,407.0819594017096
1360,1360,belongs,948.673,949.213,0.853,21.751555175000004,13.259067090239583,2.40098405625,-25.230666358333334,19.136496729166666,722.544789375,9.462850719713414,20.7442232827494,-30.39260223160008,-52.55563973947024,20.47237609910985,303.5065389437689
1361,1361,to,949.273,949.413,0.802,14.396997520000003,16.514784749999997,1.9309880000000004,-25.7717982,23.1297057,710.661351,303.3479393939393,91.98433106060604,-55.0253283030303,-151.9805036363636,207.68449545454536,359.552093939394
1362,1362,all,949.713,949.873,0.883,22.017722043478262,10.000275924782608,-15.239710289130437,-55.21738213043479,38.08615126086956,883.3263365217391,-7.6057938241106715,-41.15691900839919,-51.916408438735154,-86.31123097826084,16.047555434782605,-370.59891501976284
1363,1363,of,950.013,950.093,0.831,23.92894236363636,7.704897695454545,-26.464768363636367,-51.376627636363644,36.501104363636365,779.7059818181817,36.19965727272728,63.593450204545476,85.59312681818183,129.38761181818188,-18.091815000000008,686.0240454545458
1364,1364,us,950.253,950.353,0.698,14.283273861538463,13.739419261538462,-23.873552,-40.043336538461546,18.045449923076923,797.4084684615385,-166.7392237087912,82.39191447802196,-38.305347527472534,166.58133956043952,-186.62050714285712,-386.56140934065945
1365,1365,and,950.873,950.954,0.922,6.877059186666666,-2.0288080699999997,-11.082969766666668,-8.780069528299999,18.844078933333332,800.7357563333333,59.98474895216907,-56.47254742714126,42.87430975083427,9.242054241123471,45.35984318131257,-199.66312981090107
1366,1366,not,951.014,951.214,0.944,18.55135923076923,-22.36620819230769,-18.09234229538462,-19.113971133846153,37.993127,735.8203153846155,-37.15588076923078,-109.72093549450551,-7.995236016483516,-62.327909560439565,-6.783836813186829,-273.20371978021956
1367,1367,just,951.274,951.594,0.84,4.363723184210526,-11.786614378947368,-15.600538594736843,-14.224407584210526,20.482325105263158,850.4337857894737,-3.8199624298245625,50.23840735964914,-3.389410903508769,71.9228839385965,-126.596101754386,-402.24526666666674
1368,1368,a,951.734,951.834,0.796,13.640974891666664,-14.520194208333331,-21.954152458333336,-13.045867558333333,25.191599749999998,717.8014391666667,37.16420617132867,-28.73631914335664,18.791128933566426,79.08153190559437,-226.7755554195804,-2877.621456293706
1369,1369,handful,951.874,952.434,0.859,16.707272346666667,-7.815385457999999,-17.765264033333334,-24.46396441666667,32.3963205,852.3309143333333,9.26632088320356,54.28525181112347,-11.230666451612903,-101.74170258398223,-15.246822369299219,360.91068576195767
1370,1370,of,952.814,952.874,0.509,18.98944006818182,-12.64924294090909,-20.580291225,-31.138015409090904,22.289524272727274,912.6416168181815,20.56095317617166,12.200263848108413,-19.051133990683226,-17.49001397515528,53.87351027667985,-191.00468690005647
1371,1371,billionaires.,952.934,953.695,0.713,11.055785263414634,-6.525789184390243,-13.254743982926831,-14.608841375609755,29.56031187804878,732.3815929268292,-16.764806059233454,11.675018285540073,-19.399007694250876,9.438822801393728,-14.684676210801394,-455.5568350174217
1372,1372,When,954.075,954.275,0.961,16.193079013793103,-8.521153191724139,-15.613771734482757,-13.576918613793104,16.947085931034483,782.6866982758621,43.24634850246304,-23.49016215320196,-4.289809147783249,-9.95616234236453,89.82637098522166,-140.4766724137931
1373,1373,that,954.335,954.535,0.671,15.671516461538461,-21.91445083076923,-24.954434538461538,-12.213134769230768,36.85714446153846,519.4987584615384,14.42915631868132,-26.325540164835168,-58.599150164835166,52.3260117032967,-77.76649587912088,633.0832554945052
1374,1374,"happens,",954.615,955.095,0.86,15.828589139285711,-10.234854218714284,-22.360750849999995,-6.583870310357142,30.42090753571429,673.8221235714285,-1.1365234058565945,68.18562899742747,59.99228168308703,2.7187361454570333,-35.19968931308156,21.308615489874192
1375,1375,we,955.375,955.575,0.946,12.1721916,-3.127153734583333,-7.347911633333332,2.366311045,35.83670441666666,834.6172891666666,5.394751382608692,-16.680415955869556,39.14431084782607,29.744671584347813,38.01848356521738,304.0930434782609
1376,1376,will,955.635,955.975,0.88,20.14143915,-5.326564380000001,-25.44823057,-23.12716498,37.30716940000001,851.1331750000002,5.948502443609022,33.485849097744364,-39.759247428571435,-96.36561159398495,-26.58527947368421,616.3489330827069
1377,1377,transform,956.336,957.156,0.781,14.15606396101695,0.4023976322033896,-14.015796103898309,-26.698855142372878,31.664964728813555,767.0222289830509,6.270700323787263,16.392173880187038,2.174203006575104,-32.151337407627125,-5.760951201052015,-190.78065695499717
1378,1378,this,957.416,957.596,0.878,13.354067295454543,5.436006697727273,-6.510314109090908,-9.239024913636364,27.784297863636365,656.8548845454544,-59.5637877611519,13.251594871541503,-3.0198836702428005,70.34646223884812,-8.909484048560127,165.00047882552246
1379,1379,country.,957.676,958.096,0.807,12.839188412,1.9932813571199999,-5.0269515188,-4.28945172,11.37337124,736.9720948,13.975896107692305,4.491895304461539,33.95439829846154,36.9659475076923,-8.383461961538465,462.99791384615395
1380,1380,Thank,958.336,958.596,0.927,13.9284214632,-6.179970740000001,-3.441639256,-9.92222438,19.47320892,785.6116276,3.766617626923075,-52.12260880769231,-82.99812106923078,-35.08306547307693,109.0339886923077,37.88406000000011
1381,1381,you,958.616,958.777,0.913,18.160600833333334,3.0419154555555554,-4.988876144444443,-19.58368528888889,39.28812633333334,670.8188122222223,148.40058500000004,151.94855883333335,-41.175913,-171.59676983333335,-4.57912916666666,-889.8536000000005
1382,1382,all,958.917,959.077,0.964,23.629725600000004,1.225243012,-21.50765753333333,-59.42622953333333,38.622915066666664,839.350086,-6.488355892857138,17.945364308928568,-12.36985571428571,35.30442464285715,-6.2387944642857045,-340.4353964285712
1383,1383,very,959.337,959.637,0.708,15.746855310714283,-24.882283550000004,-22.85037001785714,-23.06319825,30.841601285714287,977.2982835714284,2.368621142583471,-19.06548315270936,-24.327394232348112,48.324352175697854,67.39780145046525,434.2553451012589
1384,1384,much.,959.657,959.837,0.359,15.054403499999998,-27.8909762,-24.5084139,-21.5519616,22.792877400000002,864.8219659999999,-19.40161363636363,-14.187296969696964,-21.769417878787873,52.36466424242423,-281.34986848484846,2182.3578121212117
