,index,word,start,end,score,mfcc1_sma3,mfcc2_sma3,mfcc3_sma3,mfcc4_sma3,F0semitoneFrom27.5Hz_sma3nz,F1frequency_sma3nz,mfcc1_sma3Slope,mfcc2_sma3Slope,mfcc3_sma3Slope,mfcc4_sma3Slope,F0semitoneFrom27.5Hz_sma3nzSlope,F1frequency_sma3nzSlope
0,0,When,0.543,0.743,0.754,11.8175931,14.800545318918918,13.29488518243243,2.298710863864865,7.09710808108108,627.5230427027027,24.431561311047894,-6.5458346799431,-3.4542158813418684,4.247179736083451,43.686714580369845,-365.39854350403033
1,1,I,0.863,0.983,0.838,6.926457749999998,-6.177285483333335,-6.254861201666665,2.2820547666666666,27.874910083333333,580.0000191666668,-35.51196513986014,133.97178653846152,138.17768127622375,-84.98810405594404,-100.05235646853146,95.7517010489511
2,2,tell,1.063,1.344,0.808,6.505795183333333,11.94087792222222,-3.401087603888888,1.7327654611111112,23.08518672222222,450.3849705555555,119.43107162538702,18.082309463364293,-67.46156839680081,-48.08343179050568,104.69741625386997,-817.2418725490196
3,3,you,1.404,1.604,0.931,15.64785553846154,29.769035153846154,21.6569126276923,8.473500584615383,18.38733076923077,465.6177815384616,59.767747252747256,3.4950810439560462,-161.76984237362637,-27.927397115384604,-168.87285027472527,530.2327527472528
4,4,that,2.164,2.344,0.858,11.0931472,14.967642594594594,9.975020562162161,5.460961996486486,6.238978891891891,640.392154054054,8.532925725462308,-25.043824395448087,-21.28381599573258,14.141557813181604,36.92296146277858,-147.98491228070176
5,5,the,2.384,2.484,0.892,22.103003771428572,10.562975857142858,0.5640688714285715,14.902962142857143,19.54359157142857,510.8535971428572,230.64691821428568,92.3587375,-30.079715892857156,97.8685392857143,240.20258035714286,917.2653214285718
6,6,Republican,2.544,3.285,0.89,17.2130659525,11.7372864025,8.3763634375,3.9123866516,19.111736325,576.09410875,-9.817215195590995,3.46988458771107,-11.071259717354597,-38.10716517091932,7.080341824577863,125.56043147279546
7,7,Party,3.365,3.805,0.81,16.91539115384615,13.118776973076924,0.38663635961538456,10.449091274384616,5.032736576923076,595.2389903846154,1.918680717948717,64.68613015213673,65.3897946128205,47.03229909247862,6.594798034188032,-325.86484427350416
8,8,is,4.626,4.726,0.827,8.181269360869564,16.30720737826087,19.11038936956522,11.087884322391304,3.679849239130435,557.506547826087,-1.11672299044095,27.486714703052726,-0.3755586278137528,4.8537524031760695,16.700700675300645,-83.08075627505394
9,9,nothing,4.846,5.226,0.943,13.007535488,20.181548148,6.531587116,5.1771295308,23.336350599999996,490.9134212,-20.2027740076923,-44.85837260384616,-8.92249977307692,-45.39039525923077,-8.660201538461543,-515.4488261538462
10,10,but,5.326,5.666,0.858,16.48745534090909,23.08605118181818,-3.440381404545454,3.0949153627272725,22.095357045454545,463.6880822727273,3.502219099378881,-19.361945906267643,-64.23752453133825,31.604842134952005,13.329946499153026,-218.9190567476002
11,11,a,6.227,6.327,0.69,8.22126542242424,18.843867060606062,18.68452328787879,3.3442447950606065,5.764266484848484,546.4657433333333,-3.45099527105615,24.696567053810163,12.314117346256683,2.1608953275233964,34.78462625334224,178.06701487299463
12,12,hotbed,6.547,7.488,0.877,7.822691489655172,4.751505292241379,7.720637707586207,6.384320562068965,14.126990870689655,560.5007020689654,15.407473857393342,54.844096312636516,24.950449316620023,-1.9759571918545649,11.93566234965702,-223.0453905995264
13,13,of,8.388,8.508,0.855,12.33520703901961,15.301525666078435,4.086906674509803,-0.9579706505882356,7.738804686274509,591.0854113725491,18.50300939158371,25.387190532262444,-55.05591757782807,-28.717285466244345,22.112916642533936,-346.54084416289595
14,14,"adultery,",9.409,10.29,0.929,9.921946008123596,17.96210396707865,14.39593206022472,2.735840939101124,14.357280730337077,643.586874494382,2.03777690129639,3.4884185681818174,11.576545557048004,-8.049572755958458,23.6837715338781,-65.0864686244467
15,15,"corruption,",11.03,12.051,0.815,9.866841377685393,14.585108929213483,13.937016582493259,-1.0758462656235954,16.750183741573032,630.0805280898876,-0.41397361324651033,-1.2125704038134153,-1.5553392041992677,-3.223882864163261,19.807280443479737,-182.04075558392915
16,16,"theft,",12.971,13.492,0.911,5.13968951875,10.602719435277779,16.18724365777778,8.344656183055555,6.462377416666666,647.855565138889,-9.064921650869827,-14.121512043395072,-7.897160221750593,-4.774712061113253,6.788202842626533,-84.61544357354168
17,17,"greed,",14.572,15.393,0.926,8.006600182105263,23.831729196842108,25.92718896526316,1.788430531789473,13.18322944210526,590.0406313684211,-1.2189319725923857,20.21725869960806,20.219761265607502,-10.215828795296751,21.552606170212762,-60.147160792273226
18,18,"hatred,",16.314,17.034,0.91,4.450896831707317,13.180115465487805,25.74776876341463,2.965953414878049,9.988192841463416,629.244359512195,-1.4312688782991039,-4.610562183873705,10.442217015813931,-2.7337097885199326,15.118264333757793,-126.38541256625413
19,19,and,17.675,17.795,0.889,10.5972649,12.966372673684207,21.093472157894734,5.669228711236843,7.137225605263157,666.4600236842105,19.16365958857643,-1.1854485643943522,10.847257763431447,10.74675982663858,41.36505653244336,-546.3549676113361
20,20,"racism,",17.935,18.695,0.928,10.426899066,18.41765580666667,5.701792202222221,1.399875055111111,25.140429088888883,585.9902517777778,-11.34171759940712,8.927341357707514,-27.61862692490119,-30.646589786693028,14.613853050065881,100.59592187088276
21,21,that's,19.896,20.216,0.957,9.974755973684209,14.982138738552631,12.429127767105264,5.580925065657894,6.975325407894736,689.3434580263156,0.4575920781954892,-4.258559812365004,-11.950284737183868,7.152063092351333,14.672728185235815,-198.4693490840738
22,22,exactly,20.316,21.037,0.892,8.535952741463415,21.948411744146338,15.006464058536586,11.865963538048781,24.08248680487805,510.75335170731705,0.8019561332752614,-6.042296372473867,3.8190156907665522,-25.32484339268293,10.413725984320559,-46.143148257839705
23,23,what,21.677,21.897,0.884,14.464110751162792,22.306331455813954,16.06064529534884,1.8354999344186047,10.758147906976745,606.3682486046512,22.88723691558441,0.2998539670794336,-27.008230807157958,-5.464794003473271,34.07667357293869,-94.92006901238292
24,24,it,21.937,21.997,0.747,18.533964,13.7256505,38.9055776,7.617064260000001,28.4339178,397.02207000000004,-87.26548,226.89212500000002,-52.391345,94.17753200000003,-8.572080000000037,1554.86815
25,25,is.,22.218,22.358,0.586,5.87942571111111,30.07232511111111,21.58873101111111,16.3379675,8.979082277777778,422.53989388888886,-44.390380103199185,-15.425591021671828,-75.6568200515996,7.527138441692467,-100.90144783281734,-102.51521207430343
26,26,"Today,",23.218,23.799,0.808,4.373359349027777,13.746899260972222,16.40405722236111,5.853121357916667,6.477785833333333,556.5527995833334,9.364219126945462,-8.67758096265837,6.440469328373206,-10.861978860256283,14.43762502572512,-169.95631858158075
27,27,we're,24.639,24.839,0.867,11.97154466923077,16.239853136538457,14.183457891538463,5.268986438653846,6.447481615384616,660.6070634615385,20.270092716212755,-2.0961787635533176,-30.48750022078033,4.795209566016391,29.051214923589175,-117.56822807991121
28,28,going,24.859,24.999,0.728,15.969984125,4.01545635,-8.469179462500001,-1.0261131499999996,31.039589624999998,699.67271,-18.32454226190476,-97.41089547619045,184.74769184523802,137.0595239285714,-23.281569642857132,2698.6353333333336
29,29,to,25.019,25.1,0.856,14.004604599999999,10.6757112,9.860420540000002,7.48886526,11.4850346,627.70211,-282.72634500000004,140.434625,54.873603,-7.742461500000004,-430.7433700000001,969.8427500000003
30,30,talk,25.16,25.4,0.974,13.143570226666668,11.313217166666666,-6.157458586666667,-14.100433040666667,15.110064466666666,648.7925579999999,137.86947453571426,36.32593835714285,-109.69993614285711,-78.56810807678569,19.511165000000002,177.2480392857143
31,31,about,25.46,25.8,0.878,24.51171435,14.835348419999997,-15.75617834,-14.251953245000001,14.087156199999999,565.9753065,0.7175378571428636,-4.424950969924811,-86.62593719548872,-76.74421496616543,-22.326137067669176,-835.3362650375941
32,32,adultery.,26.36,27.081,0.875,14.2777637290625,17.4887873375,11.718396804687501,-2.92911923371875,8.72934859375,660.1271109375,2.7136456594093405,-1.1062856080586074,7.362469711195051,-3.043998871037088,1.9142568177655668,-79.37791085164837
33,33,Hey,29.98,30.22,0.876,26.337738372929937,20.970809920445856,12.662737279273886,-9.629007242866242,2.5414948726114646,716.1920163694267,-8.938405192134034,-4.797845140828211,6.97723964198922,9.024306201909896,4.163985163949167,35.15386856777826
34,34,"everybody,",30.32,30.8,0.926,16.004976641379308,4.842877784827587,10.033435551724136,2.1696987789655173,28.112174551724134,634.652741724138,22.00846599014778,-1.1492972507389114,-11.204142499999994,-7.901761772906406,-5.12798761083744,-1101.2959455665023
35,35,welcome,30.84,31.14,0.87,23.988933352941174,19.727477358823528,-2.892234117647059,-16.129660150588233,25.730537294117646,737.0208570588234,-10.78372218137255,-16.70164109068628,10.125399877450985,76.53461123039216,-9.471557720588232,156.51417647058827
36,36,back,31.16,31.36,0.89,12.646083727272726,7.9466003818181825,5.774905577272727,-6.968843954545455,26.209844545454544,461.9901954545455,-35.438800909090915,40.4119317727273,0.6511130545454648,43.119644500000014,-67.74022500000002,-645.8838272727274
37,37,to,31.42,31.701,0.787,6.390727261176472,21.636688470588236,16.41488306470588,4.258113461176471,17.04693164705882,636.7589817647058,152.5036513382353,44.99187230392156,23.656408651960785,-36.7705431372549,121.65285575980393,-1124.8191041666666
38,38,the,31.801,31.881,0.991,15.459638,29.393634555555554,16.90287811111111,4.301125788888889,9.048498555555556,444.6022911111111,-86.13014000000001,-91.6354125,77.29990416666668,-73.60486733333336,-204.36105583333338,-474.0094583333331
39,39,channel.,31.921,32.301,0.906,11.003488604761904,2.0460626114285714,-0.06130724285714232,-5.919892828571429,21.907458333333334,554.5641542857143,116.51893844155842,-28.84932506753246,-151.02652135064932,-18.247127155844154,30.787117597402595,-679.025090909091
40,40,I,32.481,32.561,0.84,16.925081538461537,-2.209986995384616,-4.249166738461537,0.8267445949999997,14.878067307692307,565.6016369230769,-12.522383791208789,6.836747730769228,161.7157413461538,35.89684194093407,52.887294230769236,-567.3865741758242
41,41,am,32.721,32.821,0.998,16.735304953846153,12.450631679999999,2.9239069076923077,3.004807592307692,4.009477615384616,488.94128384615385,73.42215467032966,39.982532978021965,-98.53884587912088,47.115128076923064,50.11346153846154,-48.85787087912079
42,42,Tabitha,32.901,33.561,0.931,10.569967905405406,12.927443845945946,0.7851032478378375,-6.214349618918918,11.913949432432432,483.0924367567568,17.015663270507353,10.101789400189663,-10.72605677027027,-22.940881000474167,39.935824537695595,-294.05776872925566
43,43,and,33.841,34.001,0.681,12.196687577272725,21.383269713636363,16.615429537727277,1.9575377190909093,13.413181363636367,540.5100827272728,16.32983529926595,68.02179742236025,85.59494985403725,27.40332280575946,40.23790451722191,232.799505364201
44,44,"yes,",34.181,34.581,0.904,5.476991454482759,28.21112736310345,17.91387484551724,1.8039866379310345,16.66022731034483,490.3078034482759,-24.533543322660094,-62.619438365517226,-99.39203299064039,31.915506068965513,-64.27161189655172,-221.70971256157634
45,45,the,35.542,35.682,0.913,3.389804646327273,15.344855105454544,12.126950983272728,10.857478902909092,4.0957478,617.9271601818182,30.549826013275624,-3.8992187027417025,-3.070926908152958,-10.038856531962487,17.93660255411256,-93.49941727994232
46,46,party,35.782,36.282,0.861,12.839247777666666,4.118393279999999,0.07039369333333324,3.929003664,13.8525412,757.1821076666668,13.129884147608458,36.62384277641825,41.203576204671855,42.43921587986652,-10.220296240266968,192.60203503893212
47,47,of,36.802,36.882,0.878,9.141316826666667,17.877776516666664,12.075136464433337,-2.212414987333333,4.991132366666666,571.4747003333333,18.017907221357063,-14.628916979977753,-72.64278782139043,-37.161794639154614,31.553631979977755,-285.8296748609567
48,48,family,36.942,37.382,0.92,11.46505318,9.305888410400001,9.925297527999998,3.5305443779999997,26.15887224,588.2769204,40.77552180769231,59.46869785461538,63.0863297,19.525581085384616,45.7328405,-342.65240538461546
49,49,values,37.462,38.183,0.869,12.1040849765,17.102439705000002,4.234773829250001,-3.7556204875,31.286135324999996,607.0847635,-0.9480540897748589,52.35392178611633,11.137952514024388,-20.80208327439024,2.8141551454033773,-64.81139155722323
50,50,seems,38.783,39.143,0.822,-3.595050031041667,21.002466679791667,17.654693894999998,2.857456808333333,9.081094145833333,640.5574164583333,12.84202609929982,6.3069899698491065,20.628269147090744,-34.86619511886668,34.33354237136342,-384.6070459997827
51,51,to,39.243,39.383,0.833,-3.0624316666666687,24.97016508333333,15.682642725,0.30966293166666675,16.062439916666666,552.4107341666667,252.5091671328671,-65.14842430069929,93.37569564685313,-10.947216157342655,196.2991197552447,-535.3133094405595
52,52,be,39.443,39.743,0.917,1.8335506511111115,31.192149111111107,38.44685694444445,-2.1241835388888886,26.411140611111108,642.264631111111,-66.17184006914346,32.84250495356037,51.700380856553146,-65.20332029411765,62.77838931888546,-879.0826150670794
53,53,nothing,40.023,40.463,0.885,13.41276096925,17.708723880555553,15.968234366666666,-2.199468150833333,23.30367297222222,535.444198611111,-20.698763524382237,-35.20003101866151,-20.274104836550837,-3.6521737812741293,24.29959927284427,-448.0079925997425
54,54,more,40.583,41.003,0.682,22.57374662962963,27.08516394814815,-7.253547848148148,-19.370704846925925,31.603975703703707,765.862435925926,13.682500061050064,-71.78426801892554,-42.783587258852265,-8.446124979548234,-7.820241514041517,-347.92359371184386
55,55,than,41.104,41.324,0.862,16.15961728125,10.73852986875,9.140991731249999,6.76971132475,28.588443375,444.307193125,19.562971580882348,-69.23541672794114,-52.90884833088235,-23.922784019117643,-0.4682535294117648,374.14811838235283
56,56,a,41.384,41.404,0.997,17.61713375,14.22874525,-15.1852893,0.09229237499999998,26.96076825,481.30349,46.37942500000003,198.64582500000006,148.66829200000006,136.42823550000006,1.6865249999999503,1097.1294
57,57,cover,41.604,42.104,0.833,13.733453790000002,6.340141534285714,-11.051248851428573,-3.421376065714286,8.946959857142858,702.6972814285714,39.326273720588226,3.7731834663865533,-43.025547168067206,3.107159612044819,-8.582779943977586,150.59314299719884
58,58,for,43.044,43.524,0.722,13.785316897887324,17.371482435915496,3.699654126760563,-1.608991477464789,8.267157887323943,690.968251971831,13.692615824195169,16.726439576710263,-26.598743351777333,-25.890241774983224,21.812990576794096,146.19538796109995
59,59,adultery.,44.545,45.245,0.887,12.595434646511631,16.56165272383721,8.974657911895347,-2.818375205930232,11.034742279069766,697.6878250000001,0.8400390318411238,9.125961695858297,2.675962269383933,-10.914516818684843,20.433307947544694,-80.22233294495022
60,60,And,45.885,46.025,0.645,7.777916639230769,10.448529515384614,23.321957179487182,-3.948882092564102,11.815796384615384,569.842688974359,8.61691848562753,-26.679177450404868,-1.9547289676113357,-28.40704046255061,55.138121244939285,-388.31677135627535
61,61,the,46.085,46.205,0.83,24.683116499999997,31.03947866666667,10.29285886666667,-3.8308709333333346,22.33697788888889,558.0465366666666,84.30606500000002,135.7128191666667,-215.88451308333336,-140.59033683333337,119.36871500000004,1677.145275
62,62,way,46.265,46.505,0.849,6.758150206666668,9.417685846666664,7.684535133333332,-13.1991549,35.1539336,646.3386360000001,-132.64719537499997,-111.62434153571427,27.03463732142857,-61.87428308928571,87.79641607142857,509.45226785714283
63,63,all,46.745,46.945,0.727,13.539907704545449,18.24661095,-18.647545445454544,-27.08820231818182,29.64439472727273,631.2146036363637,-12.210177529644273,65.05721998023716,-67.98997547148504,-39.02810381140599,58.6144479390175,231.47890570299265
64,64,of,46.985,47.025,0.881,5.365025525,20.192698,-10.0316072125,-15.25052025,36.568495999999996,532.619005,100.25414850000006,142.62105000000008,296.2850972500001,276.0469050000001,-57.263859999999994,-2565.4367000000007
65,65,this,47.105,47.325,0.944,0.8071574160000005,25.489373333333333,8.693115506666668,5.810497186666667,18.561940866666664,508.136122,-93.07133243214285,-15.748276428571431,-64.56169882142856,7.878803357142856,-73.28025249999999,-1719.3576624999998
66,66,is,47.445,47.526,0.722,-0.7561240799999999,36.2252334,-2.1578898891000002,17.97019322,17.5594983,440.6556780000001,89.50342727272727,82.83580060606059,-11.19511028636364,-27.812992666666652,-160.57997848484845,-180.81492727272715
67,67,going,47.586,47.966,0.92,12.287316851818183,19.001645513636362,-8.4395361,-16.114009127272727,29.890653636363638,670.4527795454545,-4.013569009034446,-19.18809880575946,47.73222147939018,-43.40520874647094,67.57793568605308,-590.609562676454
68,68,"on,",48.266,48.426,0.562,9.473775843478261,17.13795070869566,-23.631022945652173,-33.267311173913036,38.60017413043478,682.7230152173913,-22.204369397233194,-49.00393054347824,64.02584907608694,38.019480879446625,1.5431368083003953,33.70432855731224
69,69,I'm,49.146,49.326,0.711,7.419626293333334,3.4186159275555554,2.3497646155555554,-1.0770533593333333,9.93563728888889,620.5417502222222,-0.3076822667984189,-11.286325607905141,-55.21163365480898,-27.633537623913057,21.81658694993413,68.61840553359684
70,70,starting,49.366,49.806,0.787,6.8473873,8.559668557916668,-3.9603908608333334,-6.601285822083334,25.883277375000002,568.0328829166666,70.20999222608694,-24.748955736739124,38.67797782826086,-39.14117559282607,52.96717623913042,-165.0459697826086
71,71,to,49.846,49.986,0.956,5.167024177777778,22.120578,3.5224743811111114,-8.271076761111111,16.226253777777778,466.6264522222222,255.1878063333334,40.43044833333335,-110.35509685833338,-104.65371162500003,58.952775,-193.15575000000027
72,72,believe,50.046,50.566,0.816,11.101520110344829,22.909778413793102,15.937382927586206,-6.814424403586208,30.090534103448274,499.8265241379311,-21.74225304433497,-20.74190108374384,72.28474672413793,36.75908345689654,25.51164113300492,-574.6806756157634
73,73,that,50.626,50.807,0.834,12.374072766666666,4.668514758333333,6.288312284166666,-4.787737574999999,18.553167166666665,534.2011591666667,-10.897292552447555,-80.10777211538462,-123.39158257867132,-97.9483172902098,-40.16825,-732.253854895105
74,74,they,50.847,51.047,0.732,4.918293411666666,10.048183358333334,14.277543666666666,-9.182233541666667,26.698913833333336,552.5643683333334,-32.70030561888111,21.315907639860136,62.129878321678326,-103.26466743006993,176.51946958041955,-132.80830069930076
75,75,have,51.067,51.507,0.722,12.861301513043479,-5.238725756869566,-6.045899330434783,-14.795140978260871,29.374018,457.9792000000001,45.748194377470334,25.78463759249011,-52.69079563735177,-3.604683176877467,-33.4360706521739,-154.01902519762845
76,76,sex,52.027,52.367,0.859,0.6780642520697675,10.559307061860464,10.361259299999999,7.104493414186046,8.412531255813954,638.1057834883721,-27.596442029719118,2.0883895942313484,-9.374902221383266,-8.687283690350347,28.783042041679252,233.39616211114463
77,77,"parties,",52.447,53.207,0.828,8.525906367833333,12.966525690476193,11.075844086428571,-2.4355039404761905,31.15627030952381,566.3125735714285,-8.257269406745804,38.95008780487804,88.14829297532611,1.4422048306458122,15.427609995138154,-389.91237286281495
78,78,"orgies,",53.827,54.628,0.75,4.045009006197182,22.60189180985915,13.344285871690142,-1.3210578408450706,21.95873829577465,635.3384335211267,-6.690097011502347,1.317556173373576,27.831073963832996,-8.626924828521126,28.999853514419847,-309.3414180415828
79,79,all,55.288,55.448,0.948,8.949055208292684,9.374234609756098,-3.9096613912195117,-14.627813747073171,13.484546292682927,674.0481995121951,29.71536533283972,-16.353589500348434,-58.12396298222997,-118.34113818318815,53.74582604529617,41.19672831010454
80,80,type,55.568,56.108,0.839,-1.4158741484848485,-4.93262766969697,0.6765873272727272,-8.206724364242424,13.199273363636363,538.5743657575757,30.43110869986631,13.887384857954547,31.311174440173808,8.068779709224598,26.04244938168449,-170.00584475267385
81,81,of,56.428,56.528,0.867,19.74243425238095,13.773810428571426,-17.492589904761903,-33.50207035238094,21.01665447619048,718.8290742857142,44.060309363636364,14.490958928571427,-1.3254641558441551,12.769042792207793,48.58869246753246,242.3500311688312
82,82,debauchery,56.988,57.729,0.861,14.262919805000001,11.360346311666664,10.31956195816667,4.680402421999999,19.115709550000002,616.1796238333334,0.30095471339260854,-12.864064375798835,9.176589560558488,8.184145397082522,24.508204638788555,-41.25968687135315
83,83,going,57.769,58.129,0.788,23.2364245,11.589937548999998,1.2766078849999996,-9.529758925,25.05040925,690.475762,18.464379097744363,-21.425234283458646,-10.685374853383458,60.12328437218047,12.764681842105267,-614.8503172932332
84,84,on.,58.449,58.509,0.992,24.931650052631582,17.393300718421052,-10.286533275789473,-23.70221618947368,22.331536210526316,696.3143715789474,14.065759210526318,-39.6380470877193,-18.461417450877196,0.6293408684210561,63.8680215789474,-736.745996491228
85,85,in,59.102,59.202,0.816,7.951152797714285,7.5755220942857155,18.68255332142857,4.463898611428571,10.175520742857143,571.069496,-5.325725027731091,29.29396781232492,34.12292971148457,-8.917532915966383,34.64568801120446,-168.01260742296904
86,86,the,59.222,59.322,0.841,26.222467499999997,16.382508833333336,7.386210026666666,7.0490707666666665,29.088536166666668,592.4365266666667,212.52479857142862,10.986055714285737,-200.72513588571428,-28.90087285714287,-5.192698571428584,-231.3108571428566
87,87,Republican,59.362,60.043,0.882,20.414301419444442,17.096078575,12.90631066111111,3.0436094368611113,22.47844552777778,595.12491,-8.698503492277991,10.409814447232945,-5.1386847168597125,-15.516144008680822,-22.028907561132552,296.5515397683398
88,88,Party.,60.103,60.524,0.813,17.029932075,7.843305779999999,-5.1893988124999995,7.117400287500001,10.4333065,498.5187025,16.18918513043478,50.33125538782606,25.36249108956522,48.5415425195652,-11.701041826086954,-478.6003034782607
89,89,"First,",60.984,61.365,0.841,5.258516739047618,5.372159623095238,1.0214024690476193,10.401942757142859,11.859792404761906,854.6304504761905,4.955003135078192,5.901495458350215,-67.0350519346082,-1.7737047086945947,37.053270606109706,535.4092969775544
90,90,we,61.445,61.625,0.834,8.18599756153846,23.98763807692308,16.61000126153846,-7.398827276923076,29.859366230769233,581.1133823076924,81.17977461538459,-91.75728626373628,141.21667942307695,-3.371159780219777,112.87440714285715,-2393.5804532967027
91,91,heard,61.685,61.965,0.864,22.336715588235297,-6.399686688235294,-23.873957158823526,23.6155243,34.40072952941176,960.3820000000001,22.437578676470594,4.602081311274506,-47.331519803921566,119.34780416666666,0.40134926470589294,339.9442046568625
92,92,about,62.025,62.406,0.87,14.708834163636363,-4.0097279118181826,-16.91200321818182,-12.491146927272728,30.311866454545456,788.007002727273,-12.239296160361377,15.015347504799548,-62.095766256352334,-182.41271396950876,22.44393184641446,282.9463958215697
93,93,Marjorie,62.826,63.347,0.699,13.84229794680851,7.364328862857446,2.1722417636170213,5.486664288297873,16.57776261702128,786.6890980851065,1.7041207313829783,4.523768136273127,27.395967267171606,17.097273968258555,32.320088240055505,189.56104070305273
94,94,Taylor,63.387,63.747,0.516,6.731883460000001,13.76897112,-3.4305022999999997,-13.270435759999998,27.454024100000005,678.0529334999999,98.2977510300752,-1.2635247067669126,11.719769684210528,-55.783429819548886,39.87376037593985,286.9335778195488
95,95,Greene,63.787,64.248,0.791,13.914219626680001,19.442312488,13.487055591999999,-12.635227064,23.598637399999998,655.8261592,-32.32059395507692,99.23126607307692,75.95289560769231,-100.4845708,-32.514297923076924,-338.79337576923075
96,96,and,64.548,64.648,0.775,12.82988335,12.66910277,22.33733655,0.8241663425000001,8.695028599999999,622.5429935000001,16.270525150375946,-60.57603478947369,31.040788007518795,-8.413216663533834,78.29715233082707,-1076.86172518797
97,97,how,64.708,65.028,0.944,11.04877967368421,-4.871435194736841,-13.365690789473685,-9.365233882789472,26.30498489473684,577.751624736842,82.06105718421055,61.84602366666668,-124.90486368421057,-194.44022883377195,62.95762333333335,-841.7086526315792
98,98,she,65.189,65.389,0.718,-13.556831227777778,21.278749499999996,30.970782388888892,-16.184405266666666,37.040375,771.1769694444445,-19.371526279669748,30.514695717234275,127.46509272445817,32.93219750257998,24.47612260061919,-64.37562590299294
99,99,cheated,65.469,65.829,0.868,-5.774673235,18.55913530909091,35.48421968181818,-4.580912636818182,26.63665590909091,658.4924195454546,93.83424103246756,-72.0812705364201,13.614526623376625,12.65472395736872,-13.848369169960467,-301.1410776397516
100,100,on,66.009,66.09,0.99,16.194278615384615,5.278840566153845,-13.442402107692308,-8.88708913076923,24.339578000000003,700.4520576923077,42.34497637362637,-21.566008862637357,-144.58560156593407,30.091263241758238,134.04999697802197,520.3429368131868
101,101,her,66.19,66.35,0.772,16.15474752307692,-2.5972969123076926,-21.647989400000004,8.289247457692309,21.740169923076923,622.1937961538462,80.42935467032969,20.825109093406603,-223.16191450549448,-55.40717963736263,121.01442445054946,60.894516483516675
102,102,husband,66.43,67.011,0.823,8.087179371470587,15.656999311764707,7.178409744117647,3.2290299702941176,22.242916970588237,541.9984644117646,3.8437713418640165,13.715138073338423,46.56252186631014,25.058828246524055,-1.2673256913674544,-551.3685843391901
103,103,not,67.411,67.631,0.765,11.600001922258064,0.7519819654838725,4.570121767741935,7.053101622903226,14.61433135483871,664.5980696774193,32.3933675844758,-38.731015411290315,-77.82469906854838,-46.94276585544355,74.09876635080644,-107.46343245967746
104,104,"once,",67.911,68.112,0.862,13.828576325,13.176469712500001,-12.606805115541666,-9.477332579166665,24.902510750000005,607.205545,-82.56306989130432,-17.753216354347824,3.5204448036304345,75.93862901086955,-74.01179721739128,-298.2772908695651
105,105,not,68.332,68.552,0.898,11.086365454545456,3.5643891909090915,-4.731337390909091,3.883177160909091,21.735270999999997,606.4382177272727,59.99315935064936,-149.71467775832863,-76.87625798983625,-65.53428888819876,62.32720338791644,35.271882269904054
106,106,"twice,",68.612,69.013,0.924,0.9035629968260868,8.028749413043478,-3.742750852173913,-9.667336547826089,21.922845565217393,614.2876282608696,-15.68217087050395,28.081470059288517,38.52033225790512,51.54041743083002,-2.2151082015810273,-113.47238932806309
107,107,but,69.113,69.273,0.819,11.73102792307692,18.664143153846155,4.057756107692307,3.167193938461538,15.85756823076923,642.791703846154,119.36589519230773,-66.00410631868131,-30.340068763736266,-7.492036620879126,55.32481648351648,-2531.4417307692306
108,108,three,69.333,69.613,0.743,11.272182569411763,13.320150947058822,8.374295870588234,8.368668629411765,28.90565394117647,617.9903417647059,-42.05069601960784,49.2224675367647,108.91765420343133,-76.64667731617646,43.71260894607843,-750.0367181372549
109,109,times,69.713,70.214,0.784,8.035038250000001,-2.9281189900000006,-1.8746597060000008,-1.9064518433333328,26.866577333333336,585.5642833333334,17.893490054505005,16.536160441601776,30.11762294927698,0.5054729968854282,-10.630979332591775,-559.5386941045605
110,110,with,70.654,70.855,0.868,5.5370406228124995,15.472679410937502,14.800886284375,6.973789162499999,9.3076690625,627.1945340625,42.102690852730944,32.779722145802786,7.198037786840177,-1.6384822635630487,48.20414453812318,-38.4235231854839
111,111,men,70.935,71.215,0.861,10.609136123,13.47507122222222,19.803409538888886,-2.071408133333333,32.82862544444444,560.9975938888888,-29.460780809184723,-58.99577132094944,-53.9633538132095,-4.163752755417954,-24.621429102167177,289.1918209494324
112,112,from,71.335,71.575,0.741,14.598067866666664,8.962729352777778,-11.385208933333333,-0.28982771944444463,22.731937333333335,818.8765288888889,79.75767391124873,13.98914950206399,-80.64647127966977,-109.1681137745098,102.94245531475751,-631.676782249742
113,113,her,71.776,72.016,0.663,16.992945095454544,4.664652722727272,-19.108847690909094,6.7914388245454544,19.736138,804.1647681818183,37.612902814793905,32.804831267645405,-134.11129586674193,22.325193332015807,93.63379373235462,768.489184076793
114,114,gym.,72.176,72.496,0.911,7.038775608333334,12.038719766666667,9.944624562500001,1.6135895116666665,14.010534041666668,639.5318120833333,-4.9142361347826045,-87.6018387217391,-122.27320809782604,-86.07095103869561,-32.09291136956521,-207.31786978260848
115,115,Then,73.487,73.947,0.885,6.232312186972223,10.387796275208332,17.169334069444446,1.138803379861111,12.959462749999998,644.4120743055556,-3.540263874725062,-8.239004374585985,2.8557465970480416,-10.990458188042638,34.090854670718365,-320.1180105071065
116,116,we,74.128,74.308,0.9,17.61407347777778,20.533312100000003,15.692532822222221,-0.9920703011111112,26.400843555555557,551.2283188888891,-22.971807162022714,61.328223611971104,58.21996400412798,-14.019035794633648,33.952655830753365,305.49583900928775
117,117,learned,74.368,74.668,0.704,15.328829144444446,2.193023525,-11.740405438888889,-1.3490667799999998,31.89211444444445,691.0865755555556,11.282218359133127,-36.47467840299277,-63.5888437719298,87.43279359752322,-0.9628223942208475,-577.1003611971106
118,118,that,74.688,74.868,0.805,3.6102993295000005,5.8750098930000005,16.2678504,-7.199933450000001,24.720699999999997,516.3949650000001,-37.83465562575756,4.321059954545452,60.51183999999998,-42.78721590909089,-3.955616969696943,-289.8569969696969
119,119,she,74.968,75.269,0.706,-18.811802195,27.230751199999997,35.83871095,-18.859355750000002,26.2796617,556.678365,108.33846143984964,54.69458984962406,67.02980244360903,-17.203475526315795,65.42116090225566,-656.0218894736843
120,120,and,75.409,75.509,0.805,9.894322425,6.5586625583333324,18.70030875,-12.273570041666666,18.680981666666668,507.0772858333334,94.51313159090907,-146.49116022727273,-162.4814942307692,187.54338417832167,198.29683671328667,-720.9734807692305
121,121,her,75.549,75.689,0.953,18.382468666666668,-3.7437387277777776,-29.92531677777778,12.125865333333333,31.555444222222224,558.50893,-38.154270000000004,-16.373433416666654,50.5230291666667,0.7935499999999969,-5.509800000000015,1792.6952416666663
122,122,husband,75.769,76.449,0.85,6.512363512368421,16.292564594736845,2.711342900789473,-0.9648270150000001,25.843296578947374,514.1731289473685,12.710763020078783,20.62587755443703,62.42317989785534,18.928956852445562,2.5985252981726674,-324.9735734763103
123,123,were,76.95,77.17,0.677,11.015410154444446,12.256897136111114,6.566119048055556,11.080011379444446,10.363544527777778,710.7919480555555,33.355777922779914,28.85319085649935,-54.31065526981981,3.344360338095241,58.248302284427275,609.3857200128698
124,124,divorcing.,77.21,77.971,0.843,10.893367597560975,22.30359206439024,-1.339258325609756,3.50666734902439,19.59453343902439,707.8112070731707,-20.556422094947738,-0.14874376933797884,25.577737956881535,-4.730175343728223,-33.07756567944251,190.40077256097564
125,125,And,78.711,78.791,0.935,8.388729017073171,11.13739135609756,16.593339982926828,0.6542169024390245,6.2286445365853655,680.7258017073171,-0.4146621141114999,-14.04292405226481,-13.243061727351916,-16.059447009843208,36.649239547038334,204.25867970383274
126,126,while,78.891,79.172,0.889,16.902432936842107,3.8388511368421057,-17.596813236842106,-20.887346889473683,33.399035684210524,688.7907352631579,-67.43400416666668,-93.6198384912281,-97.39230157894738,-83.17093221929827,8.443139210526319,51.14621491228076
127,127,they're,79.232,79.492,0.869,11.49335900625,2.8144207437499995,0.5606938924999998,11.704669525,25.036430312500002,898.3790625,-15.78002796323529,-80.76141518382352,20.170638029411766,58.35756572058823,-114.97756536764702,757.3638485294118
128,128,in,79.592,79.692,0.875,5.7879145265,25.92414,22.551057899999996,-5.290714058000001,33.2167078,389.0814,105.09669442575755,52.084193333333324,-22.19980999999999,98.32413306060606,-9.626164242424233,159.64383636363647
129,129,the,79.752,79.832,0.992,18.566730714285715,15.45604747142857,14.679901085714286,0.3460729428571427,30.695591285714283,539.7019585714286,117.84823392857142,-144.0288160714286,128.17008392857142,38.660149642857135,-5.660769642857138,673.9353571428567
130,130,midst,79.952,80.253,0.877,4.753194552380953,19.849668824761906,17.727474828571424,5.701365738095238,20.66492385714286,469.3989752380952,-96.9021738051948,26.21818851168831,-98.49800004545455,18.64144826623377,-96.42658727272728,290.1233623376623
131,131,of,80.313,80.373,0.749,17.350038166666668,12.8569716,6.9861379,4.446355295,31.070332833333335,644.6685033333334,74.84816714285714,276.53081714285713,77.74891685714286,225.3139691857143,-27.196252857142834,325.68631428571365
132,132,their,80.453,80.673,0.867,17.34832406666667,4.619751818666667,5.9559515733333335,18.140049633333334,29.27358393333333,709.7695293333334,30.26617642857142,-127.87813558214282,-80.18685535714285,84.2312175892857,27.597784107142854,1012.2535517857143
133,133,"divorce,",81.213,81.854,0.896,16.80359425254238,22.300830506779665,-6.133395138305084,-11.849889289830509,24.013287508474573,761.0420350847457,-17.83687245967272,-15.15761916773817,-25.17624136627704,0.1110063734658099,-3.510224777907659,251.44125362361203
134,134,Marjorie,82.334,82.795,0.612,12.179425437021278,10.621761707234041,6.34845589787234,1.4209100311914893,20.940159914893616,701.3466185106385,19.974336017229422,-30.553914311170217,6.802656484158187,-15.154804106903333,50.4806493640148,-189.03450942414435
135,135,Taylor,82.835,83.175,0.381,1.7989164421052635,10.74517659505263,2.9350394736842103,-17.042679807263156,30.07005684210526,772.5277394736842,78.90793714912282,-26.04173719859649,40.609351157894736,2.100971876842111,38.156119736842115,-4.596303508771906
136,136,Greene,83.195,83.535,0.789,11.385064254444444,9.691729544444446,14.992387261111109,-11.359886322222223,35.38621972222222,637.351085,-50.33798588132096,92.50353441692467,81.95208643446854,-187.8238856037152,-25.73232007223943,-1447.6804494324047
137,137,comes,83.595,83.856,0.846,10.381650231250001,13.54696381875,-7.92395966875,-9.21086385625,30.295152750000003,669.035065,1.3690991544117643,92.57857005735292,45.91588746323527,77.33605074264706,59.83274058823529,-264.33738676470574
138,138,out,84.056,84.176,0.985,12.016589281249999,-4.988428181250001,-24.207014125,-22.62091925,30.2186516875,670.89473125,29.166840477941168,68.6565771838235,-40.85093764705882,-155.27185220588234,-40.01549022058822,1398.3087308823526
139,139,and,84.916,85.056,0.491,8.372839865909093,6.54202951159091,16.197659015909093,-2.3826807638636365,6.316851772727272,545.7190154545455,0.03131233509513845,-5.176035778047921,34.2871079918957,-17.119361591155748,25.592512015503882,-130.07718935870332
140,140,introduces,85.217,85.897,0.868,3.727922718571427,23.499822152380954,18.889601254214288,1.119503838095238,19.908217214285713,467.61459428571425,-8.275863010615023,33.051490982902514,-43.662312304630895,39.45157292277773,-14.660289162142451,-193.29522348269987
141,141,us,86.117,86.217,0.832,0.8316612387500002,8.334416579375,-18.03158708125,-16.561552421875,16.960674,464.42987000000005,-69.67499716323529,34.96425600514704,-0.3129070367647101,9.241765393382355,19.890112941176465,73.91210588235276
142,142,to,86.277,86.398,0.996,-2.214616466666666,14.176995944444444,-6.000946422222222,-2.406475111111111,18.860848777777775,720.1422722222222,158.25075233333337,-182.63509233333335,52.50906133333335,-227.53310416666667,282.98956583333336,-1000.6965333333342
143,143,her,86.458,86.638,0.862,16.227226491666666,0.15010241916666622,-1.9887492999999996,-8.55781076875,34.86391308333334,842.4415400000001,98.48493148601399,16.45398047377622,85.61220720279718,68.45145391520978,-7.258215209790211,-1974.4367342657342
144,144,new,86.698,86.878,0.962,23.334034250000002,28.726237,4.6020175,-4.24080594,29.24321041666667,599.7079925,16.633268356643345,72.23212272727272,-75.55346765734265,-83.74959271328672,-116.25240227272725,2197.7352220279713
145,145,"boyfriend,",86.918,87.619,0.828,11.866632298648648,10.12947874756757,2.8285208540540547,-0.5177880081081083,16.540789027027028,582.1599859459459,-11.582403568634424,-13.598370869369372,5.763437364864868,29.568748411569473,-43.354400806069236,-497.8895495495496
146,146,somebody,87.879,88.759,0.843,4.236445890877193,9.94386713614035,3.311233307368421,-8.414063631052631,27.774658210526315,608.748139122807,10.698182020028515,-10.604510128597353,28.695249834618867,-26.435775113592165,36.317738721804496,-140.17089075058334
147,147,in,89.1,89.18,0.992,7.740839480000001,22.213534274285713,26.80475061904762,-13.013376849523812,20.86687495238095,587.9298357142857,39.8643203116883,-52.685477771428566,-54.89148350649351,11.113598640259742,97.08262844155843,-259.8199383116883
148,148,the,89.22,89.32,0.806,25.012355285714282,14.330585314285713,-16.260788785714286,-5.8211672314285705,32.98226957142857,698.5541457142856,155.26083928571427,52.32527107142856,-339.43368839285716,-49.9778620357143,-8.316492857142865,5548.834125000001
149,149,Republican,89.38,90.001,0.945,16.360891292941176,12.972943906764707,-4.303151849411765,-12.86121291764706,25.232081970588236,705.8817041176471,-32.90286199938883,-10.87778523399541,44.043655101604266,-6.286627344537811,-12.594253896103892,312.144099618029
150,150,party.,90.061,90.561,0.907,13.19886110964286,8.187324758571428,-2.274982389285715,-4.980023813928571,32.742653964285715,737.165907142857,-36.44397574206349,42.48719347509578,118.18216353448275,18.079375265051997,27.96039432129173,-507.8259931581828
151,151,Then,91.622,91.882,0.769,6.5083536307575764,10.925846569242424,19.69000945,5.000762706363637,8.894763,564.4113675757576,-1.2347360652019623,1.9517834117002397,-2.607137880075147,-13.691451967372922,31.316555992067627,-14.856003444316865
152,152,we,91.922,92.062,0.891,2.8505801555555568,22.29941477777778,15.885717444444444,-18.608475666666667,38.65010155555556,565.2137500000001,-221.60442925000007,94.80467750000001,364.46574833333335,25.127493333333348,-11.084395833333355,-2042.016033333334
153,153,hear,92.102,92.342,0.654,4.355199378571428,9.24655968714286,0.6246702142857148,-3.853398642857143,37.74641035714286,826.3311257142857,94.80921332967033,-165.27303502417575,-359.9237365934065,114.34866854945054,-2.125209120879136,150.78912747252744
154,154,about,92.402,92.663,0.918,17.937422981250002,-0.80509123125,-23.16571218125,-19.75870898125,34.693957000000005,864.4044131249999,-25.15661013970588,-10.032368801470584,-40.8740134485294,-250.02110224264703,26.767906764705877,-232.9325389705882
155,155,Lauren,92.723,93.383,0.739,18.24502318055555,11.63694343888889,-20.65898591666667,-22.117231429722224,33.07656466666666,598.1054633333332,14.015331341698841,-18.496409547619045,-2.517075969111966,71.00188403198196,9.750321222651216,207.1433305019305
156,156,"Boebert,",93.403,93.884,0.743,20.298627999999997,15.493683427999999,-22.395142919999998,-24.966653383599997,19.97027864,924.7474416,4.808707999999998,-6.533849319230767,-3.820373807692307,138.9353361619231,-108.19333523076922,-385.84935884615385
157,157,right?,94.464,94.784,0.883,7.843118639777778,5.03427334,7.169353330222222,-3.6071350119333334,10.62023168888889,675.3607653333332,-8.784114133465089,-25.238325662055345,-7.676701915151516,-51.94593675754943,41.36229940052703,-0.4191894598155749
158,158,Lauren,95.265,95.625,0.564,10.64105381,9.501293372380953,4.835806373571428,-3.794597112499999,17.74875030952381,657.6241397619048,30.282749062879823,1.3756166475974383,-75.96936692597843,-24.48645885939145,65.81022679280446,409.74239093266334
159,159,Boebert.,95.665,96.206,0.718,15.332695465517244,14.281452856896548,-24.898872127586205,-20.853520878275866,34.065691586206896,963.5476120689653,5.530744630541873,-59.04793194433496,-30.752038347290632,119.5601585150246,14.0783063546798,236.50452093596076
160,160,Her,97.233,97.413,0.79,9.870126894590163,10.496249572295078,6.5084774213114756,6.7677187901639355,7.724213721311476,670.6174039344262,-2.8693118021152837,-7.4584368819407745,-18.69970259968271,1.6451776158646216,10.627848865679537,115.88550351665785
161,161,and,97.433,97.513,0.486,7.6836364,-8.355236600000001,-13.744823400000001,10.386225937999999,36.3417314,946.182212,-5.722655000000005,162.865308,-70.61081500000002,-193.80702810000005,1.5389350000000235,-3205.1964
162,162,her,97.553,97.613,0.148,6.4590552400000005,3.34877862,-23.1811442,-18.5453134,36.7149476,713.068432,5.486145000000003,246.4579645,209.74826000000004,-105.27359500000003,9.229965,-8643.860700000005
163,163,husband,97.653,98.054,0.919,6.754507125000001,15.494302213636361,-0.6828197045454555,-10.150195554545455,35.97930672727273,547.8258895454546,17.247205040937327,-28.2378464229249,126.2088139836251,41.35442386787126,-3.313338226990403,32.569547430829964
164,164,have,98.094,98.254,0.829,9.91231248,1.6507336359999996,-5.5077827767,-6.982298559999999,34.727767,678.936794,127.2845191515151,54.92886484848483,-18.824012596666655,46.45206084848484,-17.284208484848474,2248.313557575757
165,165,been,98.274,98.454,0.81,12.154090239999999,5.643719519999999,7.9955720800000005,4.49504097,28.097718599999997,871.520508,34.15666484848484,9.299006484848489,-76.0028223030303,-0.6515470606060588,-3.5763951515151584,-306.03983030303
166,166,problematic,98.514,99.295,0.909,12.598740710476193,-0.9358279095238096,-6.0302608680952385,-10.955342770238095,30.41270583333333,701.7662997619047,-9.744635775058745,11.183424001296489,32.593763476622634,-4.224078402925209,23.609882136779834,-139.09491325662424
167,167,"together,",99.335,99.955,0.849,6.220619457575757,2.6312125230303036,-2.010775353636364,-10.147214571818182,32.30685021212121,861.6402915151515,25.38024365307487,-46.372128156082894,-38.760564895889054,-15.238162305481286,18.95652404745989,678.8150822192513
168,168,but,100.536,100.676,0.859,7.292791208611111,3.301334106111111,11.801255311111111,7.875612127777779,5.515075249999999,625.905461111111,7.43963171319176,6.143354909909908,8.192626424710424,-24.643713813384807,5.600728500643498,-93.08177207207208
169,169,then,100.716,100.956,0.916,7.16494911,3.974765285714287,23.153447071428577,-9.89022432142857,31.53805014285714,561.1114749999999,-10.593568883516491,-89.23166004395604,-18.198128021978025,-84.90314928571426,107.00859186813184,-1093.8098978021978
170,170,it,101.016,101.076,0.133,5.4798782049999994,10.128636683333335,28.42552516666667,-19.469065,24.63162,428.1700766666666,-49.5681357857143,67.08856071428569,-65.04083857142858,82.47576285714285,-426.0487771428572,2692.367314285715
171,171,came,101.116,101.396,0.724,1.1363282625000006,7.56544710625,12.49682546875,-11.874394984375,34.233853875,698.4106118750001,112.79728742647056,-30.397507625,-32.108380610294105,70.09419875367647,35.93444867647059,-577.1697904411766
172,172,out,101.537,101.677,0.908,9.838676035714286,-3.451591507142857,-27.771648142857146,-15.520627475128572,33.45674628571429,844.3631264285714,38.176124604395596,97.66222330769229,-87.21919714285714,-143.92829970701098,-46.62300087912087,881.115878021978
173,173,that,101.757,102.017,0.911,8.271160078823529,-2.411566852941176,0.2935203841176471,-10.666422075705881,30.326712823529412,731.4702570588236,-65.49655089460782,-87.7349981372549,-5.069410082107834,-10.074483535784315,65.7058424019608,-461.0706151960784
174,174,her,102.077,102.257,0.794,13.022413283333334,-0.6275454825000001,-25.764407708333334,10.887464666666666,34.25148033333334,739.0010791666667,33.086194755244755,-13.785253358391603,-189.15920708041958,-74.01699143356642,11.993601398601395,334.78055069930093
175,175,and,102.297,102.377,0.556,14.670638666666667,-4.451812433333333,-16.314383250000002,1.3687562,36.1897515,566.9970633333334,-49.80560285714286,136.23485914285712,195.57665357142858,-94.50966457142857,1.2510214285714485,1831.8196285714282
176,176,her,102.417,102.497,0.805,10.64009085,-9.164005333333334,-15.282809033333335,-5.5277420825000005,36.23089366666667,753.718485,-39.330683,214.1112911428571,150.35649857142857,-122.6110701642857,-1.9745571428571245,-4450.8416714285695
177,177,husband,102.537,103.058,0.853,8.597047432142856,15.599507453571428,-4.181027612857143,-9.262750115714287,35.64043235714285,588.8718460714286,24.525538958675426,-21.651403134920635,17.407651079912426,55.11675650465243,0.06910706075533508,74.08785262725777
178,178,were,103.138,103.358,0.761,21.0262494,15.84807418,-12.212173853333333,-2.4503215533333322,35.19288113333333,854.297542,-25.64438696428571,-60.67405932142856,-25.58267828571428,196.5820445892857,1.634811428571429,444.1879142857142
179,179,divorcing.,103.398,104.139,0.86,7.227755188051283,17.289309033333332,-5.713333435897437,-6.012927228205129,21.801143256410253,680.520152051282,-24.124551614979765,2.2330671376518225,30.561002532388663,24.864560089068828,-63.51583744939272,-351.1247803643724
180,180,And,104.559,104.659,0.748,6.882860181923077,7.536098028538462,11.883601357692308,5.817121388461538,9.152345807692308,635.9751192307692,52.775401591965796,10.670666697401701,-60.92443593675211,-22.572154641025634,73.09028856410254,-30.11061982905979
181,181,why,104.699,104.959,0.833,13.376071300000001,0.7420082866666674,-18.936068026666668,-18.518080020000003,33.77270553333333,816.72051,-80.93100932142856,-152.33888480357137,-117.2671764285714,-16.013407446428573,26.168361249999993,815.5083839285714
182,182,were,104.999,105.2,0.747,15.816732041666668,11.444217583333332,-13.573546981666667,-17.475111183333336,36.83456016666667,847.60399,-101.99624973776221,-34.95405332167832,205.2419551223776,59.333087167832154,-4.108314685314685,-1077.159339160839
183,183,they,105.22,105.42,0.715,4.164978950909091,2.8264462545454547,13.798689200909092,-20.897639854545456,37.16423663636364,760.0213654545455,32.984051654545475,19.665548909090926,154.7662895454546,-73.40843954545456,-7.654351363636364,-2327.3823409090915
184,184,divorcing?,105.46,106.14,0.855,10.800554872222222,14.79354368722222,-4.4047199075000005,-11.680561382222221,31.627471972222224,712.0589041666667,-26.616250836550826,2.8325429100386095,-4.394469347940798,9.299500729472326,-10.028193687258684,-368.4000129343628
185,185,"Well,",106.2,106.381,0.529,15.692322500000001,28.75977616666667,-8.107856924999998,-37.31522425,26.54252333333333,796.4207866666667,-71.6751678321678,9.748811538461533,-59.444753933566425,-57.0088201048951,-10.524375874125877,109.29684965034933
186,186,"allegedly,",106.441,107.241,0.886,5.640805852558139,15.525422111627906,8.207118996279071,-15.321233865348837,29.637892395348842,643.2019839534883,-8.912079533524613,14.0566765539112,51.58313828239202,15.27595293325279,-1.649308056478406,-161.56062609483544
187,187,because,107.742,108.362,0.966,3.9046228790892856,10.772758548035714,7.306404962499999,-5.82173864,17.726850107142855,602.63343,6.337902048275802,-7.9873706244189995,-42.86881840276828,-29.67858728171565,34.5058991797676,166.2661420369104
188,188,she,108.783,109.003,0.891,-9.894187030625,18.420721129375,21.464083771875,-3.242846634375,23.5744631875,579.0991896875,-10.06593401429619,-37.756429013379766,69.56341771535925,-64.4571471545088,94.09625555351909,313.34874935850445
189,189,was,109.083,109.263,0.723,11.280562269230767,28.650812000000005,-8.533986215384616,-21.56032523076923,37.85703023076923,618.9149753846153,-137.04931505494503,143.00445604395605,-49.61420252747252,130.4774876923077,-21.16841043956042,-2155.574868131868
190,190,messing,109.343,109.703,0.807,2.4226969,9.218496086363638,-3.0891284077272734,-7.1720224118181815,29.814225999999998,643.0784913636363,-8.541262706380575,-13.916257523997745,-53.17489154178431,-23.66118919988707,-4.7275561829474775,137.54221146245044
191,191,around.,109.763,110.184,0.91,14.812526658333335,-4.548443626666667,-17.93748558333333,-10.400008608333334,23.486446375,682.8788595833333,-42.139004217391296,11.003932069565211,45.147953043478246,24.476003065217387,-120.43066376086954,32.30840673913042
192,192,And,110.784,110.904,0.711,8.515976355555555,8.13445972888889,17.91652869444444,3.329688779166668,8.32584711111111,664.3616283333333,8.214148253539253,-0.16003253616473517,29.50942917631917,-36.934961175997415,51.738427541827534,-290.71700257400255
193,193,we,110.984,111.265,0.998,8.522759831666667,24.316117833333333,23.926206433333334,-12.221348805555557,37.6264365,722.8466505555555,-101.21112316253873,-77.56453441692467,72.563677626419,-51.21230994324047,34.39747414860682,1998.5363224974203
194,194,just,111.325,111.625,0.708,-2.0364939166666667,19.625291633888892,6.368300549999999,-7.95745378888889,22.094020222222223,535.1669072222222,-22.586257703818376,41.135299502063994,-105.78486395768833,159.04788439628487,-39.33126955624357,883.5053648090816
195,195,talked,111.865,112.205,0.952,3.00324316,10.235984093103447,-8.942370955172413,-9.750613994827587,18.12033872413793,615.6535937931036,21.19569126256157,-46.134548623152696,-78.19916293349752,-103.99869770467977,70.6489108866995,-433.93918472906404
196,196,about,112.245,112.546,0.834,16.027596435294118,0.8262521058823529,-9.059847747058823,-27.817406311764703,28.637132411764707,622.5415464705883,-17.3870512745098,-29.430680012254893,-100.14165249999999,-107.99090765931372,-39.35971262254902,1403.85656372549
197,197,Lauren,112.586,112.946,0.657,19.929646325,12.383889331800003,-18.451964254999996,-13.964931125000001,35.980064649999996,852.7738354999999,22.72514471804512,-63.753494123759396,-45.43456872556392,97.41214868045114,17.423756203007525,785.4304387218044
198,198,Boebert,113.006,113.586,0.875,22.8678079875,19.032477103124997,-18.196714840625003,-15.339611620312501,30.374048875,868.0454075,11.368952316715546,-41.18865295179619,-7.1131657982038154,119.52605036886,-42.028337463343114,284.07098900293266
199,199,being,113.987,114.367,0.738,8.352557795846154,10.80295160769231,23.15750635897436,0.37371222948717914,18.340758205128207,527.9576666666666,1.0973377069838044,-8.716308979757084,13.070655607287451,-45.4029118492915,72.76804790485832,-338.3406887651822
200,200,out,114.527,114.687,0.897,8.810217673125,-3.73575385,-28.344859125,-21.2108883975,36.386371437499996,682.086349375,74.02100560220588,99.9986770588235,-28.43008485294118,-147.61280724264705,-1.1566337500000106,201.05971691176467
201,201,at,115.068,115.188,0.672,6.133226158399999,-5.551917610399999,0.5857821247599997,-12.311256628,19.7440726,748.8348624,-21.753468188461536,-54.69836328076923,21.584733901538463,-21.201081980769228,66.33625130769231,341.1141015384616
202,202,a,116.209,116.269,0.992,13.020663716666668,6.2152215103703705,-12.519752089555555,-24.88920156666667,18.52678375925926,605.0202518518518,7.93948143682104,14.570112251457974,-5.8220754658662095,-10.442783404993326,2.219940935772824,-4.45464535925289
203,203,"performance,",116.469,117.189,0.945,10.852680993695653,14.377053389130436,-6.2630016848913055,-8.854025813043478,20.969905826086958,679.1473408695653,-14.536646724360157,-4.365567968239284,-4.321405914323158,11.220325180388528,35.783387215541154,-86.15917662658033
204,204,a,117.25,117.29,0.841,21.477358666666664,14.265303500000002,7.694137916666667,-9.196125533333335,31.04191416666667,593.3250033333334,136.65440857142855,-29.398361428571427,423.96461500000004,176.73660457142856,-5.065098571428577,1657.4642285714276
205,205,musical,117.33,117.81,0.891,13.2306861612,24.60663232,3.1395740512000003,-14.9543750148,21.103088120000002,587.5962668,14.471444819230772,4.193740192307692,-71.3227136153846,-79.51866482692309,-71.40739607692308,579.4427165384616
206,206,performance,117.83,118.631,0.734,10.167083631904761,16.42314356714286,-5.739915885,-13.706936107142857,26.891148738095232,674.8427073809523,-36.21019538003402,-12.924493986143746,20.60693369649947,48.44375794303539,-7.324964180374362,-288.3939892634308
207,207,where,118.951,119.131,0.783,4.6047943452,10.408570580800001,15.315240150800001,2.8389486999999995,6.95507452,660.1454576,10.142548845384617,51.59323543307692,-1.0118463311538464,-81.41251989230771,37.23879365384616,601.4101103846155
208,208,she,119.171,119.291,0.833,3.918798912499998,20.401858625000003,28.6959345,-14.742348175,30.521676625,553.96804375,427.8232905357142,-3.6574482142857088,-225.13057857142852,-21.735679404761903,142.9737625,-3046.212113095238
209,209,was,119.351,119.491,0.72,8.306158344,23.860710450000003,-4.778207878,-9.973157335,13.223058700000001,570.8030490000001,-98.3105685333333,-107.74206196969695,4.21996883030303,199.81790340909083,-241.83011060606054,-206.11542121212136
210,210,acting,119.692,119.992,0.902,9.15265542,-4.311172752,6.3615626895999995,-3.861677694,25.391563720000004,479.8130736,19.44888235769231,14.27795181923077,22.87475862846154,-43.498484893846154,49.31328280769231,403.22216846153844
211,211,a,120.052,120.092,0.959,22.825957999999996,6.20042614,7.821986002,-17.0067184,37.17327,584.128948,140.786045,371.7700115,348.5015269500001,166.85216,-46.594575,1709.5396000000005
212,212,donkey,120.152,120.772,0.901,5.3979308411764695,14.676479667647058,5.33841545882353,-14.742200611764707,33.46430455882353,615.164905,-40.708059080213886,70.89740134377384,117.84707190679907,10.526565365928187,-12.658278525592054,-717.1125482811303
213,213,and,121.273,121.373,0.796,-1.5399588973333331,9.617594988999999,26.589343699999997,-0.8814317500000006,8.899443000000002,684.7669650000001,-17.092601322358178,-12.579898038598445,5.995744416017801,-25.317931847608456,32.28880825361513,737.99842080089
214,214,she's,121.473,121.853,0.928,-12.488799624999999,19.638637499999998,24.368139225000004,-14.916427087499999,26.025962041666663,821.5074608333333,90.12399108260867,23.127334347826082,-44.24106087391303,27.35639832391303,15.058011847826087,-892.4353956521736
215,215,there,121.913,122.174,0.829,8.552906353125,6.501182528125,-2.3384900650000007,0.23983232500000007,32.8619485,769.59655,75.57937755514705,-50.22961998897058,-170.26702922941175,13.95688074999999,47.18477882352941,-825.4489088235293
216,216,with,122.234,122.454,0.9,9.90059682,17.017053242857145,-13.389841835714284,-18.09148937857143,32.399938142857145,602.5862457142857,-86.69379119120876,-63.63447615384613,-28.182441087912085,-121.64437768131864,-34.280856263736254,927.4799296703296
217,217,a,122.514,122.554,0.742,17.672912000000004,24.3313628,-17.31082126,-36.4971056,30.2723176,920.4368000000001,145.56956500000004,220.4909800000001,372.3496420000001,410.1325550000001,-404.39110000000005,-2969.4048000000007
218,218,boyfriend.,122.594,123.355,0.724,9.734585828,6.735097412499999,-0.8299107425000003,-14.291006982499999,29.261352275,690.5065155,-1.0528139116322697,2.705039312851783,59.39533741885553,44.37466443011257,-49.80943826923078,-597.5643130393997
219,219,Is,123.815,123.915,0.738,5.03332102357143,13.157921037142856,16.113534703571425,5.040520003928571,14.366965785714287,531.2040049999999,0.6481375369458128,56.040852075259984,-40.10816861658456,-23.038215400246305,93.23474556650247,-460.99726847290634
220,220,the,123.975,124.075,0.863,11.7903077,16.4938285,7.90200228375,-0.5346292500000001,30.520407499999997,648.9421474999999,81.98493726190475,-54.82389404761901,110.03122781547617,-14.260887857142826,-134.76907380952375,-974.9675952380952
221,221,divorce,124.115,124.656,0.956,7.11990893103448,18.550077379310338,-17.38710054827586,-12.291192375862067,30.088693758620693,847.525255862069,-70.9182572413793,-23.949871182266005,-10.259658145320193,50.041645687192116,-41.32542669950738,-2.1343943349753904
222,222,even,124.776,125.016,0.884,1.1042531611111115,10.344755498666666,17.478354272222223,-7.69225268888889,33.670376222222224,633.0657277777779,92.85497719814244,-26.885430439628486,-28.55940639318886,87.06728784313725,-82.87935861713107,-978.5822352941176
223,223,final?,125.136,125.616,0.908,2.6877309833333336,0.208846044,-17.52001050333333,-19.82894288,34.668386633333334,655.7029703333334,26.65501214349277,-26.705782708342596,-73.95448788987764,-84.34998099666296,69.66513200222468,758.3091273637374
224,224,And,126.713,126.813,0.805,8.7857156725,13.549499136666665,11.179591861666667,-4.076635977833333,6.3945237,612.482087,-3.8961910021533765,-8.731164026396224,25.383124616421224,12.00051754216449,12.811077357599334,-95.53496499027507
225,225,now,126.893,127.133,0.908,5.39764055,-5.005624299999999,-13.347935718749998,-17.0799817125,36.62036775,609.813224375,-13.113954205882356,-47.94921888235295,-233.66909963970585,-105.2545723088235,-26.24790220588234,-241.912850735294
226,226,"today,",127.233,127.793,0.802,-0.34200733333333316,7.642655046969696,5.223208420484849,-13.124017412121212,29.087575272727275,640.4053936363637,-4.237031826537435,-8.315762741477277,58.2922719212567,-23.764666470588235,12.60281377005348,-24.058216744652384
227,227,we're,128.333,128.593,0.764,8.493748152250001,12.9020084225,12.470355921,3.7409034230000002,13.589835725,690.6053845,18.921253350515947,-19.61322429315197,-65.99268915628517,1.4247997965290804,45.80374233114446,386.6101878048781
228,228,talking,128.653,129.094,0.95,5.4770669256,1.2041457152000006,-13.6206676864,-15.558668384,29.580600040000004,608.8489724,52.8953666123077,-8.754981084615396,38.64216863038462,8.490762757692304,32.48237826923077,-525.155561923077
229,229,about,129.154,129.474,0.812,13.540923102631579,-3.956127357894737,-12.727543752631579,-16.401102555263158,24.628624368421054,835.8095847368421,-13.081207289473689,-5.563878850877194,-59.33063164912283,-45.230456622807026,-44.43700666666668,280.29241403508775
230,230,the,129.554,129.654,0.981,15.129018555555556,17.558537222222224,4.084591700000001,-2.9690444888888887,26.608713666666667,720.4542933333333,-26.85741333333333,25.124098333333347,-19.95386258333334,-76.87774791666668,117.42291500000002,-3857.3184166666674
231,231,governor,129.774,130.314,0.84,18.57590168787879,7.0752992045454555,-9.495729742424242,-4.401630091818181,26.39435509090909,573.872176969697,18.21744115808824,-22.715878606283418,-29.986728544451875,34.50342491176471,-23.814390725267383,93.55351570855608
232,232,of,130.634,130.714,0.888,6.938980134999999,12.230828825,-2.294669925,2.6693278650000005,8.1759614,824.8020525,-22.201754853383456,55.61547823684211,-32.32511992105264,-153.8162210112782,55.25491759398496,-7.361438721804479
233,233,South,130.814,131.154,0.972,3.4295251499999995,5.618980422954547,-18.62186488636364,-8.09883327,20.126596272727273,644.4487781818182,104.85640330039524,-41.24244652555054,-28.77764231225296,-88.31859745736874,2.529502766798414,-680.2428769057032
234,234,"Dakota,",131.194,131.854,0.894,15.858734317142856,13.691628905714285,-7.919159614571427,-19.502810039714287,24.58138482857143,621.0418874285715,31.154378694677852,8.172834977591032,-15.470255809103639,-14.515016368907553,23.49724624649859,-321.1878273109242
235,235,Kristi,132.474,133.015,0.837,4.586939009660345,12.511595780689655,11.274765824655175,3.3020920074827593,10.769352000000001,635.7827560344828,-13.617016012589284,7.726300865729491,3.2735785798548123,-14.725304542591285,31.25254777446247,-18.15353823556552
236,236,Noem.,133.075,133.475,0.66,20.191799456521736,18.455913999999996,-4.74982563652174,-22.861840373913044,22.93624617391304,777.1900926086955,11.08320770750988,74.04090363636361,4.27507562351779,-8.981287727272726,-91.67848725296439,-160.921658596838
237,237,Kristi,135.055,135.575,0.792,5.536519196476191,13.91350300285714,12.878190106666667,2.8092256142380956,6.050220761904761,679.1236856190477,-5.327569422916234,-3.2517634009952308,-4.105154465166908,-2.6281368391120665,13.554058096102013,-58.4156721957288
238,238,Noem,135.615,136.075,0.63,11.713274512000003,13.027480679999998,-18.760427946,-25.0210447,34.393779519999995,778.2523907999998,25.346028557692307,68.66489080000001,-11.738315807692313,-44.38082905769231,-14.443707884615383,505.18064807692315
239,239,is,136.635,136.735,0.724,3.64506388969697,15.174540719393942,18.371160433333333,6.522466210909091,9.305027545454546,547.937280909091,-0.09219575935829097,40.36097728626336,19.408519483623,33.98090059124332,45.730279528743324,-221.5435925802139
240,240,being,136.815,137.216,0.784,3.2925764037499996,22.83496902083333,21.993488874999997,-13.030108833333335,33.86797933333333,564.2024895833333,3.996871579782608,-81.21214761086954,-6.723681500000002,-101.77700346521736,45.343877565217376,-333.0812749999999
241,241,exposed,137.296,138.016,0.938,4.431348594,26.9619592275,-5.399999299999999,-20.3886606225,20.8388319,699.636064,32.87987605816135,35.88528775938086,-9.179152293621014,-40.36898354549718,11.67135444652908,256.2986501876172
242,242,for,138.356,138.576,0.827,6.169653344285714,10.970572214285715,2.2461515392857136,3.695437420142857,10.579690642857143,757.0562207142858,33.31895804542967,-48.77843006294471,-88.13447719074985,-34.64814666464149,68.30877211275313,-282.01865790914064
243,243,having,138.676,139.296,0.815,1.4777906875000002,-0.23081320277777825,1.4278765833333338,-8.599744580555555,30.86087933333333,585.3818222222221,5.331130553088802,75.992206509009,1.6384541222651197,-24.8330640971686,37.008928030888015,175.99748751608746
244,244,an,139.796,139.876,0.905,5.572587854482759,6.899562564137931,16.919905782758622,0.3573304380517244,11.571303068965516,588.2934768965519,3.892890269950741,-36.493725927093585,-12.919793576354678,-10.048469864741381,43.7735863546798,681.9407731527092
245,245,adulterous,139.956,140.916,0.919,9.915369151923077,15.054475764615383,-6.483482545192309,-10.309835589423074,27.14051544230769,695.803370576923,-19.645986817851963,-9.503135482540767,-32.15555960759413,13.412860631883378,-13.617171550840945,334.55683964398526
246,246,affair,140.996,141.557,0.798,4.06012267575,1.6683001671875004,4.372067515625,-3.6157325018749997,25.75792278125,741.3033706250001,40.85200340601175,-52.79414298982771,-7.3219118135997086,3.2702291966642236,36.606301750366576,47.86922452346042
247,247,with,142.297,142.537,0.868,10.375184543265306,13.13312583244898,12.334042174693877,5.891750639183673,8.83068324489796,677.1518612244898,-12.37191615102041,6.482193551938776,12.953624777755106,-11.677582670204082,14.734115484693879,218.07458000000003
248,248,Corey,142.737,143.437,0.662,4.596188197555555,7.117557517111111,-10.322896628888891,-18.800739491111113,30.155357666666664,876.0949402222222,-20.637336329973657,7.669982058234523,30.095049160737826,-14.667028009881435,49.534782147562595,431.18799868247703
249,249,Lewandowski.,143.857,145.097,0.79,5.01938820120482,19.854530798795185,5.010646114457831,-12.271050608795179,24.028870987951805,687.3357573493976,-10.51239262352546,-0.6127199603291226,2.234816265375089,3.862365094433483,-0.844414812560346,74.1358942109903
250,250,Corey,146.098,146.478,0.807,6.206437837246376,7.575440752463767,9.461278543478262,-1.2123514362318843,11.04346071014493,729.8656573913044,1.9460249915052972,-22.27028270051151,-22.74346595633906,-16.880517792893677,34.80307881439533,379.4771002740226
251,251,"Lewandowski,",146.518,147.538,0.802,4.3823981175471705,13.678004769811322,-1.2682806577358496,-15.649440928301887,29.031552056603772,727.9236267924529,-22.00380330579745,29.787516876713436,43.38912078479278,25.752862962022256,-30.025117670537014,-200.51429845992578
252,252,who,147.918,148.158,0.916,11.885017659999999,21.285847006451615,2.841581158064516,-13.189050167741936,16.292149838709676,674.9130396774195,41.02452149637097,28.229725479838702,-101.71281471169354,-115.52134977620965,92.0625718548387,659.0707018145162
253,253,is,148.718,148.898,0.86,0.7704942897297297,16.54231335135135,17.598153056756754,-13.420852502702703,37.86467732432432,727.1861918918919,-13.58556225604552,9.312657930298721,13.94814116050261,30.08609993835942,33.92719306543387,134.1869022048364
254,254,a,148.918,148.938,0.0,-0.3199805000000002,37.180462000000006,5.437511499999999,13.22921,17.308138,386.04367,-557.8678499999999,90.52660000000006,-387.4270499999997,-198.50819999999993,-1730.8137999999992,18.712999999999617
255,255,part,149.238,149.819,0.829,7.316363735227274,8.18570351590909,-19.645327878181817,-15.940872636363638,26.77155990909091,574.1093893181819,5.62547805056378,-10.134925649400987,-27.965282098520085,-24.87173140944327,38.47203045806907,43.15949369274133
256,256,of,149.839,149.879,0.0,16.965541333333334,28.956342666666668,-2.510121066666667,-5.0160351,29.92045,574.2611333333333,232.74122499999984,249.58849999999993,473.4241999999998,226.27661749999993,-75.22202499999995,7778.239999999996
257,257,Donald,149.999,150.399,0.957,12.812494096153845,12.431828869230769,-7.743884157692308,-7.121626205500001,25.741024615384617,775.3006361538462,13.402484774358971,32.89245646837605,-52.92112984444443,-59.608513066376055,11.056398358974356,-552.0216519658118
258,258,Trump's,150.479,150.899,0.82,-6.552341264000001,8.143299928,-5.762132532000001,-4.238269052,17.04962164,735.4923564,-0.47916938076922677,63.33332843461537,-39.67383776923077,-8.697863673076924,-33.06686426923076,-479.3655423076923
259,259,"team,",150.939,151.219,0.698,-2.9639798100000005,30.862632812500003,16.49100258125,-17.7701155125,17.951215375,641.6615818749999,110.42011596470584,32.87447830882352,59.39832747794116,-163.09477710294115,9.79852338235295,-139.02400661764696
260,260,I,153.504,153.564,0.988,8.695854731709403,13.48202518940171,14.737794686324785,3.4813282318632477,1.9986915726495726,675.1381420512822,-1.9374235747313764,-11.427418494709949,-6.530171875196692,-0.6979655354999322,4.867930885746827,-80.25121671612044
261,261,remember,153.604,154.005,0.922,16.062694945454545,-0.44780115454545455,-17.756569318181814,-7.315844627272727,40.43647513636364,859.9753786363635,28.381764505928857,84.62274019762847,-17.68316089779785,-91.23170351778658,-10.204263946922644,-586.9215400903444
262,262,when,154.065,154.225,0.918,19.15190395454545,4.145406990909091,-4.919000125454546,-18.927590181818186,37.65874890909092,801.6928672727273,-101.91998590909093,-264.7862163636364,109.88674613636367,58.58900500000002,-2.3970781818181863,1260.8162454545454
263,263,I,154.285,154.365,0.947,12.014725385714286,-17.36667067142857,-19.338415285714287,-4.5858415,36.35495457142857,556.5332714285714,-23.72378553571428,227.03261285714282,-67.57127678571426,82.4996419642857,-2.1464696428571504,-2220.6979285714287
264,264,first,154.425,155.307,0.813,6.182991540425531,0.561937255062766,-18.42002667659575,6.233735884468087,25.813734,827.0763795744681,30.069351387025904,0.0868232767587881,-6.198433083950047,29.44108643518733,5.699244993061981,527.8147436401481
265,265,heard,156.528,156.829,0.822,16.35983047763158,7.337051194473685,-13.723554948026319,-10.275559359210526,13.863468013157894,694.291712894737,0.4079958796308956,-6.496845683294601,-12.594477175974028,14.25862625133288,12.23184811414901,198.34308239234448
266,266,of,156.849,156.909,0.728,19.243226999999997,15.681569250000003,-17.227162625,-21.012681125,23.8646095,623.5684675,2.4146999999999674,272.1719250000001,220.2479425000001,384.06080250000014,-484.9809100000001,-6190.691150000002
267,267,Corey,156.989,157.29,0.74,14.883656121052633,9.86857621336842,-13.94813727894737,-2.7127127473684207,24.561967,789.5523331578947,-9.09184706140351,-48.25081837561404,80.07650106140353,87.48080326315791,96.25708877192984,2558.601190350878
268,268,Lewandowski.,157.33,158.091,0.798,9.353486297560975,17.200628810731708,2.21573467902439,-7.791253493414635,17.156053707317074,648.4797692682928,-24.74825421777004,24.654754514459935,7.328400237108014,5.76142647029617,-42.51613295296168,-189.87833153310106
269,269,I,158.511,158.571,0.994,1.8953839291666668,-7.930846841666667,0.572785595833334,2.6171562583333334,9.840349291666667,655.3594245833333,37.57416987608695,-74.3694876043478,-138.77938241521733,-65.04710660869563,93.06391163043476,170.35938413043468
270,270,was,158.611,158.772,0.753,2.2460717599999995,14.341086309999998,-20.85378255,-12.2732815828,20.336049600000003,668.189087,-161.22729460606058,141.71595160606057,100.15458439393937,265.9555311866666,-310.84247272727265,-1500.5673484848478
271,271,introduced,158.932,159.533,0.944,4.4550559431578955,16.913106276315787,13.943681722631581,-3.448521436842104,20.752377736842103,548.9721634210525,9.222304664405296,35.39936358956122,-23.654544084801397,-11.286247583980742,-11.121953758616915,48.397595415253335
272,272,to,159.573,159.673,0.736,8.048334457142857,15.960832714285713,2.217439601428571,-7.2094479,13.422948428571429,403.3630485714285,211.59629214285718,-55.324619642857144,-49.79904748214286,89.25206982142856,-168.6820089285714,-1947.4460714285715
273,273,Corey,159.713,160.033,0.794,13.44248461111111,10.68121938888889,-9.834252555555556,-13.352016361111113,30.020443277777776,683.9854516666667,-3.675133075335399,-25.732866284829726,106.94384082559343,83.57933933436534,84.06072502579981,-606.386238906089
274,274,Lewandowski,160.074,160.955,0.767,7.09867978478261,17.570734939130435,1.0177634554347825,-9.093779885652175,23.871673217391304,678.4481893478259,-34.61049240178846,23.942634930003084,27.63048314353993,18.027273913105148,-18.08903050878816,-186.33390918902253
275,275,on,160.975,161.015,0.001,6.6922827666666675,43.741431999999996,33.994802666666665,-1.2145711673333333,20.226125,487.00361000000004,18.136057499999993,-230.31272499999983,-89.50979999999997,80.71393244999994,-758.1830999999995,2624.8767499999985
276,276,CNN.,161.516,161.596,0.593,8.567148763448277,12.85950901851724,3.905415422068966,-6.414246831724139,12.19862917241379,610.6139093103449,36.9725197182266,13.59351323960591,-90.81386476551724,-63.13671387389162,78.25601534482756,111.81947857142845
277,277,He,164.192,164.372,0.936,5.13756093942446,16.32420716647482,17.117319718705037,0.21838637614388495,7.595592949640289,608.3633864748203,2.8245595778564714,-4.5634748571875425,1.7604317335895259,0.27875800466821604,-3.0837851128289917,45.916972992537644
278,278,was,164.412,164.892,0.869,6.760378973076924,10.991070138461538,-14.519659226923075,-25.076443976923084,36.67176446153846,716.2891657692307,-13.917215488888885,1.7180266461538447,38.6031947196581,59.285456649572616,-6.6119995555555535,27.047305470085373
279,279,a,165.352,165.392,0.978,3.2796586132,21.2265804492,2.1922672230800004,3.45941896,8.600289680000001,572.701268,74.62838257461539,-92.22642159576922,-7.266340651884613,-34.107008203846156,65.71115350000001,446.91308961538454
280,280,Trump,165.472,165.813,0.935,2.701370966666667,1.8229735802380955,-8.317210968571429,-7.225045474761902,25.047283571428572,702.0045047619047,92.40435219480517,28.333518483766237,-55.76445134155843,-35.5100625474026,-39.15443837662338,316.3492311688312
281,281,defender.,165.873,166.453,0.943,8.65360715625,8.3897329640625,8.34292465,-1.2937642124999997,18.83888040625,611.70839875,33.85455289406159,-7.972343221682554,-26.647251436950153,18.73964330828446,-48.133826677052795,-255.88356048387098
282,282,You,166.773,166.873,0.971,8.693218566666664,11.188254792857142,14.78931753333333,7.817171905714285,8.489244952380952,733.4886023809524,-4.3671823636363625,62.68297396753245,123.37912772727273,-69.67571328181818,93.10968214285714,-976.7471831168832
283,283,"know,",166.913,167.093,0.839,8.22164629090909,7.521183463636363,-10.958582672727273,-21.03364076363636,28.384992363636364,570.9977945454546,-39.41965909090911,99.51898763636368,-192.46046218181826,-121.37792668181821,-153.32218590909096,-430.3489500000004
284,284,CNN,167.153,167.673,0.389,-3.842354746206897,20.622830520689654,18.926755627586203,-14.441579793103449,31.76457782758621,503.7429017241379,23.763332566009847,-0.3257927807881728,45.26888450738915,-34.68157123152709,29.02037807881773,-198.9510352216748
285,285,used,167.753,167.893,0.959,-2.83144405,32.393057818181816,18.287303966363634,-0.3867727454545452,19.250643636363634,415.5840936363636,-62.4275934318182,-5.948574090909088,-180.36753011363643,97.83785581818182,-238.20416818181826,-316.0178454545454
286,286,to,167.913,168.013,0.81,1.9629212166666672,-3.0283678000000003,-5.1935092166666665,-5.810621956666666,0.0,597.2521016666667,8.28538185714285,-159.33329714285716,5.22014785714287,85.62270100000002,0.0,840.535785714285
287,287,have,168.073,168.334,0.904,5.663429225,-6.90840871875,-11.169400406249999,-7.04325702375,29.954184375,497.741008125,56.34226352941175,41.17805268382352,-62.91785018382354,-44.17316477352941,66.73370382352942,-0.933141911764714
288,288,those,168.394,168.774,0.858,10.70041369772727,26.495560563636364,-14.436479668181818,-24.193357840909087,27.399419863636364,958.2097204545455,5.881413332862792,59.87980877470355,-19.627256321287405,-12.427237721626199,-37.6955895256917,-376.1527473178995
289,289,debates,169.294,169.854,0.912,3.077338775185186,15.948624677037037,16.82368862777778,5.3919418537037025,14.288746203703703,558.2750233333334,1.2927277560891932,13.224419076958261,5.238321531732418,-25.90766395101963,25.89465157423289,-26.34041154945681
290,290,on,171.015,171.135,0.864,5.9630174765625,15.9085137265625,-0.7591108898437502,-2.45837953328125,15.083470703125,652.85829796875,21.072869892010072,-8.59337491701007,-21.111052338289834,-30.79947702755265,28.28392225389194,88.45578590888279
291,291,the,171.195,171.275,0.867,0.23978528571428523,18.096987285714285,17.04049062857143,-0.9420165942857147,18.944621714285713,731.6281028571428,-301.9103919642857,-45.42499464285715,220.06355500000004,-128.15595025,-354.84466428571426,2534.6722142857143
292,292,shows,171.335,171.915,0.786,2.4876153454375,23.47388421875,-5.4007723696875,-34.70392249375,32.6676424375,824.1928493749999,51.72174662527493,69.60239969758065,-30.216195714351183,-12.202130284090918,-37.9809744318182,-517.8310443548388
293,293,that,172.275,172.535,0.835,9.959413132903226,5.249067754838709,5.510826064516128,-3.617368619354839,16.378875451612906,705.3512967741937,16.312751165725803,-75.22973819354837,-75.53533278225807,-54.629071304435485,1.5023309475806426,438.47443487903234
294,294,this,172.655,172.855,0.922,4.8872028812499995,22.2520223125,8.402621404375,0.26708438937499984,24.2058613125,508.7643725,-197.3915068161764,36.110277132352934,-61.036690540441164,-29.69016842867647,-70.65685772058823,339.49940735294115
295,295,was,172.895,173.075,0.771,12.513261727272727,33.04493663636364,-2.7044110727272725,-8.426984899999999,34.8734210909091,468.8886136363637,-51.709923636363634,9.58171000000002,49.867897636363644,158.66853900000004,-23.78597727272726,-2840.340222727273
296,296,back,173.135,173.395,0.919,10.35934726875,1.3480802387500006,1.0528141250000003,-5.299255862499999,25.517906312500003,807.61889625,1.5965738455882355,-78.31368489264706,-66.76811376470587,-51.450162588235294,2.353476838235281,385.01257058823546
297,297,when,173.435,173.716,0.596,5.56824828,8.725808491250001,17.07730840625,-12.69788049375,25.321921312500002,502.11046,-65.12941757352941,-99.83530335441176,129.89258141911762,-26.582168124999992,-120.39449301470586,-2045.4394191176468
298,298,Angela,173.876,174.276,0.794,5.3557788310714285,8.695583546428571,8.536904385714285,-15.5568024525,26.575773892857143,716.328444642857,39.14941085563765,49.443875173782146,-91.27184652599888,-15.193477210043786,46.57429459496441,1135.8139065407772
299,299,Rye,174.356,174.996,0.541,5.5493821202777776,-12.277467566111111,-11.728838213888887,-12.054453833333334,34.66244366666667,688.9668980555556,-25.03677799877734,-10.20195184929215,55.72058843153152,3.1930998571428564,4.627027348777346,-516.4387675032176
300,300,and,175.596,175.796,0.747,4.305057163,-0.6327460740000002,19.5267870675,-5.732674221125,16.497768824999998,618.3853417500001,11.473299856660413,-9.179649858911821,1.7011391383677288,-18.63493666207786,51.341796590056276,-237.88670708255154
301,301,Simone,176.577,177.117,0.722,10.625364065151516,18.462972234848483,-4.667705748484848,-10.185106129924243,19.482738136363636,742.4467625757576,-1.9214030528128574,4.587456189854921,-26.97217624715582,-29.49292734786034,28.37859760463416,256.3077145078801
302,302,Sanders,177.197,177.937,0.903,0.9349107604146346,4.280380566585366,7.809084013658534,1.6888376521951218,29.479720243902438,792.9531678048781,30.66766603190767,-19.32330032020906,-23.035133481707323,34.1370557531359,9.733259851916376,809.0681502613241
303,303,was,178.037,178.197,0.86,7.303625976923077,26.035666,-5.445312303076923,-16.531496276923075,23.31934053846154,838.929166923077,29.271656043956035,-60.69924587912088,-62.751626989010994,-3.6231707692307715,-84.11433846153845,-913.273695054945
304,304,on,178.397,178.537,0.719,11.827914788235296,9.424841964705884,-13.307824623529413,-17.852166576470584,28.059823176470587,710.7629888235294,-46.0976575612745,-11.118231924019607,103.59472795343137,139.5505770098039,86.71578002450981,336.586036764706
305,305,there,178.597,178.977,0.826,2.608542587045455,-4.750043627727273,8.573158317272727,-7.13449345,35.36749945454546,1008.9913522727273,1.640304213862224,-83.82705707538113,-70.02908851552797,23.027579980237157,8.267522868435911,672.5503306041779
306,306,along,179.438,179.898,0.809,10.10009280130435,7.420400499347826,-11.081916894999999,-13.809858273913044,23.761036130434782,643.5981117391304,9.580476817823003,24.209272150077087,-21.722656281251925,-49.106015433857536,34.098621467776745,288.7091147702744
307,307,"with,",179.998,180.438,0.911,6.967812262962963,15.511888407407405,7.406929249629629,-8.066462081481482,27.824697814814815,486.8898011111112,-46.80728630036631,-57.11879932539685,31.41124142307693,53.91411396825398,-47.607525366300386,-945.571701770452
308,308,"ooh,",181.178,182.159,0.842,19.426235959302325,21.01429933569767,-11.640048388139537,-23.651712695,26.280821011627914,774.6021522093024,17.53351817420633,35.10003356259729,8.981623272578895,5.893148004599274,18.701108144252085,-29.946947992829845
309,309,there,182.639,182.819,0.803,20.266739009090912,24.69075152121212,7.659522157575755,-8.982380773151515,21.382810545454547,659.3142881818181,-19.623312922794113,-34.440306714572195,-37.05508697860962,-16.18836071808155,35.45818786764706,262.2785909090909
310,310,was,182.839,182.979,0.666,7.57225015,22.993023125,-8.3079875,-23.406056375,25.26642,887.20570875,-105.61727178571427,8.33280297619048,15.521444404761896,236.35384821428565,-19.615327380952376,-2012.2766607142855
311,311,a,183.019,183.059,0.498,7.5036963,10.103093750000001,2.49567565,-20.35762,8.059925,694.23197,-40.75654800000001,-11.732415,95.98443700000004,301.4531300000001,-483.5955000000002,16935.121600000006
312,312,couple,183.099,183.379,0.935,12.202325775,12.06216624,-14.016889843749999,-27.987784,24.2419178125,721.2291968750001,50.26357355882352,121.41560772058823,-14.224404080882351,-65.26085264705883,54.74757727941178,-321.42114485294115
313,313,of,183.419,183.459,0.95,19.28516925,22.23789275,-11.899482307500001,-23.934451249999995,31.841310500000002,951.0404424999999,151.69435500000003,228.0534650000001,404.0549515500002,358.7750850000001,-45.160050000000076,1323.9944499999997
314,314,black,183.519,183.779,0.992,9.21542786375,1.7199367606249998,6.8588790625,-12.88353361625,19.5358819375,708.443524375,-51.447421625,-108.07662190220587,53.00397260294117,43.73609140735292,-46.86125360294117,-124.90396691176467
315,315,"guys,",183.799,184.039,0.466,7.562290130769229,-2.140866238461538,-12.518704815384613,-5.2887579430769245,26.121542076923074,531.6591969230769,15.413113763736261,158.69921813186812,-47.30625063186812,21.746844538461538,-57.38169065934064,-678.0206263736262
316,316,I,184.099,184.139,0.977,7.44676982,-6.07483524,0.9888583399999998,-5.98598388,31.558450200000003,484.19271399999997,82.05941500000002,131.35782450000002,367.5861575,36.1806595,-0.23750000000001467,-1476.7418500000003
317,317,can't,184.179,184.399,0.869,6.025105961538461,5.1961395999999995,13.007898679999998,-5.679405523461539,28.199412384615382,598.3479630769231,111.8248672252747,-29.595977939560445,-102.21611803296703,71.4850875467033,83.59219725274727,1905.237288461538
318,318,remember,184.439,184.88,0.917,26.62412420833333,6.472009680833334,-1.1500029291666667,0.13765913333333354,29.197451333333333,669.7822416666667,0.08574676086956819,21.7151714873913,-111.94153986739127,18.876179530434772,-16.332297782608695,218.50920739130427
319,319,off,185.34,185.48,0.996,7.896725243333334,2.3103657533333335,-5.679277486666666,-7.528191253333332,10.464933933333333,662.5494130000001,10.500179585094553,8.10749478576196,-38.872505895439375,-92.00739915906563,34.54869933259177,-294.93693492769734
320,320,the,185.52,185.6,0.841,8.9785402,15.5222705,17.578931566666668,-1.1789393166666666,15.571691166666668,441.2476616666666,73.46409428571428,109.76095285714285,146.7315757142857,149.5924572857143,-403.2267071428572,-2120.4723857142853
321,321,top,185.64,185.9,0.9,9.160511613333334,1.71218026,-15.852965295999999,-9.548388273333332,25.008174666666665,628.6254326666665,85.89910433928571,-49.43422114285711,-8.21104471785714,-38.60884942857141,22.623077500000004,41.132480357142924
322,322,of,185.94,186.0,0.698,25.4166908,18.0334206,4.561214612000001,-0.8258082999999999,29.751200800000003,819.1232640000001,-28.378385000000023,-57.85692000000001,297.41564170000004,124.19026150000002,6.335345000000015,4781.838100000001
323,323,my,186.06,186.22,0.978,15.006471227272728,-5.20162047,2.4869264454545457,-0.9920345136363639,29.61816154545454,616.10126,-79.66733431818182,-14.483436904545435,2.9490123181818273,28.17236531363637,2.968164999999994,-3746.1229454545464
324,324,head.,186.28,186.56,0.842,11.25309385882353,22.46801470588235,27.35385164705882,-10.074241564705883,25.41770411764706,502.6782758823529,58.073024031862744,-28.646731372549013,-15.756589950980386,-36.74044366421568,-65.50491482843137,192.72603186274515
325,325,But,187.401,187.661,0.859,12.03732755265454,6.554971593272727,-2.964715674545455,-8.938551671818182,16.954130781818183,604.1059072727272,14.709572719942283,4.039611473593075,-25.451351436147196,-30.13925646121935,28.314443860028867,91.7697667388168
326,326,"yeah,",188.121,188.401,0.688,8.270632465675675,10.08757031891892,10.666977404054057,-7.115059075135135,9.882862567567567,569.3041783783783,-9.120488030583216,-16.364105932906593,-21.948479575035567,-35.95513802773827,28.875933926031294,306.1778398530109
327,327,Call,189.551,189.731,0.917,4.352809270149253,3.1599601616328354,0.9469092898507464,-3.5223117689701495,5.701661029850746,649.7895265671642,-0.1470776556389193,-5.709869743582487,-0.6255854526698026,-7.8396816166673275,21.098033049325558,-129.50017064410565
328,328,your,189.751,189.871,0.882,30.851070999999997,-2.418210828571429,25.224421757142856,19.968275285714288,14.022113857142857,645.6876542857142,197.32808571428575,52.161474107142844,-382.92664285714284,-70.02489642857144,-351.3475785714286,-1411.2900714285709
329,329,cable,189.911,190.192,0.856,25.95269214375,7.826600125000001,24.103634625,-17.488755951374998,25.4128039375,593.420856875,114.27260849264705,132.42903519117647,-45.82843794117645,-121.10144347573528,-65.8173081617647,611.2635845588235
330,330,company,190.232,190.552,0.954,30.066729833333333,2.168367677777778,20.69059971,-7.111365372222222,24.817926111111113,630.0177811111112,15.995731424148607,48.54101184726523,211.52318568730652,-107.94919214138288,39.23742002063983,-809.613802889577
331,331,and,190.592,190.672,0.863,31.182410333333333,16.010023016666665,36.9866705,-6.182012978333332,19.585918166666666,658.924005,78.99675428571427,283.2902358571429,-208.1975414285714,426.69624447142866,-346.87370142857145,3065.1174428571426
332,332,cancel,190.712,191.052,0.894,16.001196584210525,2.088220573684211,24.94605309473684,-0.8084695325263155,23.719770684210527,573.9105931578947,26.189694350877197,85.7955916140351,15.626240140350882,23.265214430701757,36.74820614035088,-1445.4795368421055
333,333,your,191.072,191.192,0.909,21.830095314285717,2.4310869428571427,29.13153142857143,26.094224857142855,17.86803757142857,550.8296928571428,-370.88059035714275,187.37263535714283,-124.57663571428569,-189.80885,-336.3419821428571,6538.582178571428
334,334,subscription.,191.232,191.793,0.922,14.140143793333333,-0.025099854166666446,19.580242742,14.39758965766667,8.879302899999999,652.895302,57.74995843826475,-50.988910207619575,40.17359987741935,32.67252758142381,-7.7446035706340375,-778.1037265850946
335,335,This,192.053,192.233,0.905,9.10303986618182,6.982490241818183,9.493791718181818,8.207860632272729,11.156833681818183,629.7306390909091,-88.45838889779783,14.095053193675888,-3.4696677639751545,-18.96113556606437,33.81363706945229,17.05204799548285
336,336,new,192.333,192.514,0.909,28.029738928571426,17.58901415714286,14.670859056428572,-3.789852757142857,34.58074257142857,632.5871771428572,142.56007307692306,-28.34575380219779,-77.3975248010989,-108.82798843956041,-3.0845367032966995,-601.5347714285715
337,337,groundbreaking,192.594,193.234,0.857,35.11145911666666,1.8599377500000003,15.040062808333337,1.6206527594444446,27.41394794444445,739.429633888889,-10.286095133848132,13.087720881595878,57.75502392857141,-16.601083661647355,3.526021879021878,-191.59250373230378
338,338,discovery,193.274,193.775,0.868,21.274193596296296,1.6383884218518519,16.782634455555556,3.732611848148148,21.451966370370368,691.1465533333335,87.3883987515263,-17.3523683507326,50.115780876068406,-9.062921910866914,45.65228333333335,825.5367039072041
339,339,gives,193.835,194.015,0.809,15.730193591666668,21.013411941666664,39.628791,13.162652671666669,17.48638975,495.42177916666674,-188.68638117132866,64.74340236013985,-59.274836713286696,20.35996822027972,-55.67767919580419,-764.5573479020981
340,340,you,194.035,194.155,0.744,24.520508714285715,6.177929214285716,20.70551555714285,2.361081,31.947217857142853,577.2162885714285,275.6882285714287,-318.67064285714287,-469.9073033928572,-334.3506285714286,-10.339655357142838,1766.7990357142867
341,341,access,194.235,194.575,0.849,8.286144714285715,-6.79232612857143,4.389850905428572,5.096910111761905,14.728286714285714,572.6987014285714,-61.61057798701298,133.92253303246753,55.386325325714274,-24.16157820551948,-50.99143207792207,310.4273694805194
342,342,to,194.595,194.676,1.0,0.8681249399999998,13.43363144,32.4026648,12.71860892,18.754877,606.296874,347.3195130000001,116.11370900000001,637.2826850000001,471.9894720000001,465.6357650000001,-3898.69375
343,343,your,194.716,194.856,0.873,30.947908188888885,1.5266334333333331,10.969439755555555,13.582117266666666,19.940940444444447,507.2134766666667,-42.919174333333366,-23.58505333333332,-373.63359966666667,-176.68739858333336,-228.78970250000003,1157.4517250000001
344,344,favorite,194.916,195.256,0.897,25.274979300000002,0.20641992500000014,20.500237510299996,4.286392815,23.0926421,597.043897,71.90406797744362,-5.5223298684210524,30.530644432706758,95.16762063533835,-36.14334112781955,-531.5767263157896
345,345,channels,195.296,195.696,0.843,18.236722368181816,-1.92303836590909,16.791659381818178,-14.051450742409093,21.988236409090913,697.5012372727272,99.31650886222475,104.79034024703557,-17.937244669678147,-81.25043880962733,-5.107626002258614,69.50892772444952
346,346,and,195.756,195.857,0.788,31.8889885425,7.6000365125,26.3101764125,6.239129832500001,29.10422825,552.59174625,251.18085929761895,-7.5954606547619,141.39821482142855,118.17777372619044,-4.106429761904778,160.1369107142858
347,347,movies,195.917,196.297,0.879,24.17268396363636,19.01823085,25.72065360181818,11.547683395454543,24.079551636363636,606.2969554545455,-130.98429326933936,7.794272696216828,86.19358354150198,31.547560996612088,-57.59918029361943,83.93828740824385
348,348,for,196.357,196.497,0.844,15.927342580000001,1.7525371649999997,-4.401899824999999,2.0131927999999997,10.8878343,730.197441,348.7947358181818,37.98071989393938,-74.60253559090908,51.83891442424241,-3.020050606060608,-3083.4619727272716
349,349,free.,196.537,196.717,0.819,28.800448636363637,-7.153047409090909,11.346552636363636,13.448459627272728,15.644667636363636,614.646169090909,179.67821409090914,-120.88121427272729,398.6290113636365,65.08790868181819,17.946147727272727,-2508.084118181819
350,350,and,209.527,209.747,0.798,5.045998750041475,6.994101383891705,8.591587395319507,-5.503084385924731,21.0103389093702,710.2557796159754,-0.5571885464266336,-0.009917948329944313,1.3780610553757875,-1.2627740599825343,1.3045533004721377,-3.0026380858069293
351,351,you,209.828,209.988,0.995,8.273575408333334,26.040633583333335,36.17851408333333,-6.919252174166668,30.434217750000002,442.93659499999995,1.5109052272727166,-60.43842989510488,-31.669132342657342,19.8212952534965,53.65093688811188,-1173.6484125874124
352,352,had,210.048,210.388,0.813,4.689396723500001,-12.278635249999999,9.359299009,-15.085640530500001,32.999902500000005,751.308086,11.68013792819549,-51.39566808270676,35.6057724744361,1.188653373308268,-11.921168195488722,1961.8169060150376
353,353,uh,210.408,210.448,0.0,16.23580766666667,-1.6547309,25.772279666666666,-1.4655816133333335,21.005414000000002,468.23670999999996,-75.37587500000001,191.9761474999999,30.363674999999983,-152.32449249999993,790.8223749999997,-7073.239249999996
354,354,Jason,211.789,212.309,0.947,5.837255994301076,9.908213913333334,5.112271219892474,-11.532574713870968,17.766743376344085,677.0945436559139,-11.703644922100205,8.844986504804393,19.54638006150965,14.990564502215694,2.220597127808779,135.15894007937692
355,355,Miller,212.369,212.97,0.764,10.40942230151515,4.519402504242424,-14.550327531515151,-18.752913462424242,34.39593575757576,983.7887454545454,-0.25956699114304704,-45.442440081885024,-79.0731081574198,14.874565682820856,-7.276225852272727,62.86987917780753
356,356,and,213.25,213.39,0.732,4.325835219047619,-3.543906404761905,14.388878933333334,-9.401436279047617,26.79211176190476,620.6285542857144,-28.745810590909088,41.899601266233766,144.59061335714284,-29.802519055844147,35.56601058441558,-1143.521525974026
357,357,you,213.43,213.57,0.942,4.874329066666667,21.72693888888889,33.02992811111111,-8.543420022222222,31.100563444444447,432.2056211111111,139.31301883333336,-85.53142500000004,-56.644276666666684,-128.1845491666667,127.55460666666667,-495.400758333333
358,358,had,213.63,214.01,0.8,-0.9530876063636363,-11.203453159090907,3.1627496245454547,-17.633105677272727,39.81609650000001,881.1644863636365,0.20138511970638157,-27.777591708074535,-9.812074173348384,-19.05233092320723,6.556632213438732,424.2915765104462
359,359,uh,214.811,214.951,0.681,10.19918898375,4.014066897125,-6.645820937500001,-14.902648840416667,17.422213541666668,565.3262858333333,25.807748319366034,9.467945609688448,-63.59155666521925,-46.70919160936819,43.36171152844115,-83.16051025835866
360,360,what's,215.151,215.411,0.862,13.820261086956522,22.86419238521739,-9.353808265217392,-15.728052992608696,14.54132547826087,603.3830421739132,-94.08406816699602,-16.021833993082996,1.920620444664024,70.1966205182806,-10.552062549407106,123.43957460474292
361,361,that,215.431,215.671,0.854,3.0287592615384615,2.0917463692307696,17.69619804615385,-10.591732207692306,23.660168923076924,824.5753792307692,31.178759285714282,42.12990164835165,137.48461236263734,-13.376453351648346,-170.04519615384612,-2107.1498901098903
362,362,guy's,215.732,216.192,0.655,4.082605265384616,4.356842746153846,1.2622070126923077,-3.104949261538461,22.06890319230769,636.1070423076924,6.068584080341877,64.33459521367519,-42.105838206666654,42.243108051282036,14.037331538461535,-932.1841890598288
363,363,name?,216.272,216.752,0.858,10.4169602,21.76379226071429,20.550627607142854,-13.471437714285715,29.039878428571427,585.1439989285712,16.93637243295019,44.513139771483296,2.0149370415982477,-37.06679320197045,-4.601055062944718,801.2953958675423
364,364,Paris,217.333,217.773,0.87,5.867212085686275,7.40142414509804,8.533688370588234,1.4982731174509805,16.883744980392155,782.9907252941176,-22.85772226959276,-30.701711279185528,-47.743448214027154,2.9077011860633486,26.0644803800905,-45.30362882352948
365,365,Denard.,217.833,218.473,0.775,9.536614559999999,-7.2135681,-10.891829430000001,-8.001822133142857,33.105282714285714,870.1094008571429,16.312395109243685,-47.646230647058786,-59.98778901190474,22.885747465546206,10.07994942577031,413.86114397759087
366,366,They,218.914,219.134,0.943,5.107476213636363,1.7641031193939396,9.480030128484849,6.975563739393938,17.107557909090907,638.5474278787879,22.502991133021393,-26.224120144050808,-34.40237538636363,-55.85775939171123,88.33532025401072,195.89621306818177
367,367,were,219.174,219.474,0.718,16.347253352941177,-0.5343045470588235,-18.67025014705882,-12.596511070588233,36.963719,779.5378670588236,-28.198037499999998,-32.05206579656862,72.2070012867647,113.56641031862742,-17.02565490196078,1529.0721899509804
368,368,the,219.554,219.654,0.857,12.207655977777778,13.406051933333334,17.209307833333334,-5.260941822222223,23.080854777777777,641.1256677777778,-7.876449333333323,-42.201766000000006,123.09980291666669,-76.01753241666668,86.90285583333333,-929.7204833333337
369,369,defenders,219.694,220.295,0.91,6.486785535,7.607337084375001,7.621294488281249,5.091321495,25.76051053125,800.7967903125,0.15130274816715628,23.588276326063053,-5.948544568136,48.95942558632699,2.0648535282258056,-1.964069006598185
370,370,of,220.355,220.435,0.167,12.68768042857143,20.88157857142857,7.890736088571428,5.063454285714285,17.076478428571427,607.4544471428571,-21.061105357142857,41.0500232142857,156.91846707142855,196.44961964285716,-324.05387499999995,5605.351321428571
371,371,Trump,220.515,220.895,0.836,6.605755839130436,-0.048223935652174144,-13.196926973913044,-8.157397913043479,16.166039173913045,701.143193478261,93.63598933300393,36.276796998023705,-111.91006470355727,-117.59336828063236,1.5728650691699542,-298.51271245059274
372,372,and,221.435,221.535,0.851,4.7340598428125,3.9582059284374997,13.681106965625002,3.7201217031250002,7.49571928125,656.3498921875,3.2649480217192086,-27.410327378207484,25.48666358046188,-12.385948567631967,54.94333633614371,-155.1180669904693
373,373,there,221.575,221.756,0.923,8.74190519090909,2.982392259090909,-5.830724063636364,-2.0133849363636362,37.02590936363636,842.735169090909,109.95545472727275,-51.26652095454548,-241.89080422727278,-120.46899118181821,19.965411818181817,676.1206818181819
374,374,would,221.776,221.956,0.891,24.9017271,19.813203800000004,-9.53263565,-15.67483837,29.057335000000002,642.2716879999999,11.564262121212122,34.86904909090908,224.26798627272728,195.4948349393939,-147.21436181818183,-2102.515181818182
375,375,be,222.016,222.176,0.847,-7.807971878181818,31.295913272727276,36.24915572727273,-16.775204300000002,35.95176018181819,399.0500509090909,-2.848215999999995,61.28940954545456,-20.339941363636374,-61.61447113636364,-6.875623181818179,274.10940909090914
376,376,this,222.296,222.596,0.902,2.501890035428571,24.92073380952381,20.08524638571428,-4.184644508095239,38.522131095238095,560.6792595238096,-24.718961042857142,2.3230477272727237,-61.80264280519481,3.0044989298701306,41.56981655844155,-531.9562116883116
377,377,debate,222.716,223.277,0.842,4.433601115588235,22.000290901838234,20.915472208823534,-4.4512955214705885,21.366740294117648,703.0799788235294,-27.926387189533994,-12.446153432486623,47.475744055767734,-54.434819597631765,-6.032434728800607,541.2575350649348
378,378,every,224.077,224.457,0.752,6.740560744745763,7.700578679661018,13.052632508474577,-2.3550597598305085,18.655828593220342,811.40095,-3.58781777387493,-16.52342199795442,-8.541127322033903,-3.5880254924313286,48.60381011689073,277.4994683810638
379,379,night,224.517,224.858,0.696,0.5380045906499998,-5.736057724999999,7.94626449,-10.526130349999999,27.767641450000003,729.108473,-25.44437626657895,42.951882800751875,71.3429910300752,0.2801563383458632,-86.90900868421055,-526.1061729323309
380,380,on,225.198,225.358,0.834,11.189304068000002,14.819887868,2.1162696811999995,-14.14840393096,18.26167792,806.658698,4.519897553846157,-2.9848162884615403,-73.00260789846155,-9.403253901384623,61.07576603846154,211.01346192307705
381,381,CNN.,225.438,225.998,0.671,-1.3329252437499997,22.348813221874998,19.095587391875,-4.4958349875,26.150652875,483.33655781249996,61.46219750586511,-22.706768714259535,27.774736611986814,-39.856371710044,24.816140340909097,-80.84755379398834
382,382,It,226.059,226.119,0.994,5.4643605473333325,6.690865128333333,2.2963246166666664,-16.822247166666667,13.147394333333333,503.03833000000003,124.0208941657143,-37.23639947142856,-493.91905957142853,-120.05526714285718,51.44290000000003,3347.8625714285718
383,383,was,226.159,226.279,0.841,-3.9179188125,12.616531675000001,-24.123723875,-14.7505814875,21.975996,924.98753625,-307.4888877380951,131.76275154761905,0.8020410714285892,304.5043375595237,-416.0534666666667,2077.7158154761896
384,384,fun,226.339,226.599,0.665,4.316136665625,-4.284931229375,-17.05573575625,-16.1633764375,29.07361425,771.894745625,50.26631206985294,-73.9359372477941,78.17935008088233,-11.391199632352953,-3.1498373529411747,417.1416860294117
385,385,to,226.639,226.739,0.834,11.604202142857144,23.07026157142857,-13.964860285714286,-21.07517285714286,29.744773,959.9250257142858,316.93275357142863,87.63010000000001,-15.999958928571443,-293.4609992857143,168.76087857142863,-2484.950857142857
386,386,watch,226.779,227.019,0.875,5.71537805,-4.394560128571429,-11.339085271428573,-18.72461368571428,18.544755928571426,713.3843385714287,-154.31315064835164,20.080232329670327,35.69174635164835,188.72475169230762,-175.0280864835165,-198.92207472527465
387,387,CNN,227.059,227.62,0.674,6.674015807999999,18.84788720833333,20.56811848333333,-7.965246596333333,29.010977400000005,494.1533833333333,71.61844216329256,-5.558853552280309,26.242443253615118,15.439634033926588,9.998479777530587,-367.50149432703006
388,388,back,227.64,227.86,0.948,13.937314733333332,6.089097866666667,4.8699640933333335,-12.028628616666666,21.180519999999998,566.8257558333333,-49.0048551048951,143.56277342657344,28.40073732167832,45.572438041958044,-136.3000241258741,429.4573968531467
389,389,then,227.88,228.16,0.537,19.723187173333333,16.570593813333335,8.055625022666666,-7.807181597333332,25.43721033333333,620.6835466666668,92.11682603571427,4.751664374999996,-150.43739552142856,21.686074217857136,38.58977553571428,700.9637964285714
390,390,right,228.2,228.46,0.755,7.149016067999999,-11.775083579999999,1.7129518866666669,-11.145624534333333,28.0815948,977.3928359999999,-78.20773981428572,101.99779701785712,214.25910524999992,12.444246858928572,-109.39785089285712,-2208.110042857142
391,391,because,228.92,229.341,0.879,4.079193240909091,7.272348611363637,11.461344661363636,-2.6223906577500005,16.577901840909092,655.1658175000001,24.362520514446796,-2.079989442212827,-39.815508927766025,-36.961494093435526,54.83398838971107,356.77441412966874
392,392,Even,230.695,230.915,0.871,4.141266036582278,15.398805043924051,17.07941126658228,0.4154179866582278,9.41186882278481,602.3211035443038,0.2859815803675753,-9.165898590664556,10.207447547224927,-21.04556748564508,20.62074344693281,9.455500632911393
393,393,now,230.995,231.215,0.838,3.6511083306666667,-8.821117708000001,-4.63003782,-7.354140813333333,36.49737686666666,671.7884799999998,-27.589795699999993,-75.75494116785713,-197.23004341071425,-64.90539899999999,3.138235714285723,479.70071964285694
394,394,"today,",231.295,231.736,0.816,-1.3679710326923074,7.469908603461539,11.61732556153846,-17.26635758076923,28.447231576923077,634.7422603846153,-6.076140544786325,-35.57609890786323,65.53254407179485,-42.15889665128204,87.2759274358974,433.8612747008545
395,395,when,232.256,232.436,0.777,9.309360648000002,13.211645671428574,17.299653337428577,-2.7238012071428575,11.516402742857142,550.5614931428571,25.52924573137254,-13.171317528011198,-47.176958873529394,-2.701968535434174,41.42107401960783,475.1443568627449
396,396,Republicans,232.496,233.196,0.864,9.62205277381579,11.49759816236842,0.34888489184210514,-9.2288686,25.468544868421052,668.2785544736842,-44.04478621230441,35.7646837414925,40.759488852445564,5.654180668563302,-5.237110105044314,-275.89892860269174
397,397,are,233.297,233.397,0.792,10.63279187,-3.0766866399999997,-20.24391009,1.388042380000001,15.912069800000001,711.002185,-37.764022696969676,46.41518872727271,77.11040675757575,136.21706181818178,49.44569818181819,618.5773848484847
398,398,spreading,233.437,233.817,0.874,2.648125457142857,9.05939787142857,9.636352242857141,2.859901277142857,23.988428904761903,812.0572257142858,74.9427670064935,-16.25908546753247,103.90559874025972,-24.532751489610387,63.84267480519479,-724.7552435064935
399,399,misinformation,234.217,235.158,0.912,3.3546367794776115,10.911933952686567,14.728196129552236,-3.656793164626866,22.093609164179103,555.229184477612,-11.686308954794871,-1.9893193094021864,3.7286809747386056,-9.064410136842524,17.714806804214216,122.70448786814589
400,400,and,235.598,235.698,0.785,2.673783981481481,5.436328570370371,21.406378962962965,1.7454141811111112,9.46753274074074,477.20339740740746,20.389913431013436,-8.26537027167277,-4.329175152625153,-33.44635151953604,55.088337210012234,103.89840720390721
401,401,there's,235.738,235.998,0.663,5.363880159133333,6.506439306666666,2.9948170119999995,1.408834404666666,19.6493794,674.5454900000001,-46.412576049642844,26.09240669642857,-169.9614049785714,-48.080512639285715,-110.22121053571429,83.35680714285712
402,402,always,236.138,236.518,0.874,9.441866759615385,16.338198234615383,-8.049754780061537,-28.50557205538462,27.011431115384614,771.3791880769229,-50.05599378547007,31.313523150427336,119.30194432410254,94.71212136239313,-10.082384461538455,-496.9088046153845
403,403,someone,236.618,237.079,0.906,3.306027407142857,16.47477341535714,-12.642296303571428,-10.419571492857143,25.89808953571428,705.4956603571428,60.50174455391351,-21.667604950328407,17.809914454022987,-61.98824383689108,37.94739040777231,-466.39454365079365
404,404,to,237.159,237.299,0.836,7.321702832727272,16.228364181818183,5.741734844545455,-0.5692304454545453,8.633248,455.7406309090909,69.33989794545458,98.63984500000004,-111.39665770000002,-56.105054863636376,42.08991090909092,-1514.017145454546
405,405,cut,237.399,237.639,0.787,4.0192707500000004,1.140795494117647,-5.622012882352942,-5.087876629411765,8.628895705882355,592.9709011764705,-11.997296850490201,-34.199389571078434,-39.114416348039214,-53.40315420343136,8.393767647058826,-84.57993627450985
406,406,them,237.699,237.839,0.904,13.25405472,11.521103749999998,7.63820764,-3.1218642,26.5847307,753.043233,21.041065878787872,-29.178397484848475,30.12678799999999,-111.8747291515151,158.72660939393933,2045.60713030303
407,407,down,237.919,238.199,0.892,9.911892111666667,-6.733363838888888,-4.34103573,-10.666608076666666,30.297650055555557,863.1550433333333,-20.707709587719304,-52.36752034571724,-157.85896031888547,-42.97896693808048,36.26587146542828,193.27893601651184
408,408,with,238.259,238.419,0.981,17.09930909090909,18.360489909090912,-0.14788800636363666,-6.955676358181818,20.77970081818182,666.4787427272728,-128.80911272727275,-30.259099545454553,108.81292485454547,140.3545266454546,-205.2649477272728,-3734.8112409090913
409,409,the,238.459,238.54,0.797,5.6484275,13.445526000000001,16.392259916666667,10.706380033333334,15.7123015,473.78911,175.12031,-65.67012,163.033375,154.48841000000002,-135.81348714285718,201.8353428571427
410,410,"truth,",238.6,238.92,0.539,5.22593647368421,14.849072268421049,4.783212391578948,-2.081331389473685,27.401083842105262,757.2683457894736,145.30979447368424,92.27748270175441,-88.6037964666667,-181.6493519649123,85.41587710526318,64.58795877192979
411,411,that's,239.58,239.86,0.776,3.548279924468085,6.160581634893616,8.068809460638297,2.1445057723404255,10.713300212765958,586.1629644680852,-4.0156413511794655,-12.550874975543481,-24.777301428075862,-13.096986060360779,40.17055893848289,-17.573768674838103
412,412,what,239.92,240.08,0.705,16.675750727272725,30.777254272727273,-12.682540831818182,-31.502954945454544,19.420366545454545,786.2302472727272,131.60180863636364,24.91430727272727,-109.24145004545457,-204.01780427272732,-146.99083727272733,499.2640772727273
413,413,was,240.12,240.26,0.769,5.973870400000002,25.900436844444446,-8.173408377777779,-8.045862355555554,14.71876077777778,801.4336955555556,-335.00174450000003,-143.1625663333334,62.398422,290.6772823333334,-275.30249,-1173.8079666666667
414,414,happening,240.301,240.801,0.876,11.466485751851856,-3.558776296296296,11.999811663333334,-2.682654525925926,28.170095814814818,589.9746696296297,19.89535074175825,84.54861307692312,74.78761844871798,4.304214783272284,8.09378058608059,-771.0624163614167
415,415,back,240.881,241.121,0.925,11.29856946875,-2.5848143625,7.995959648125001,-1.374995265625,19.040611375000005,667.168585,-44.6419410220588,-100.55393242647058,-121.13875290073527,-5.549106540441174,-42.05116191176471,-10.419297058823382
416,416,on,241.301,241.421,0.931,17.95238094,22.911905533333332,-7.835017219999999,-13.014372646666667,22.1709178,698.2662646666666,-50.00500273214285,6.753258571428576,68.13732107142857,150.35241405357144,57.99601553571428,-1130.0545410714285
417,417,CNN,241.501,242.102,0.668,5.883557540764706,26.744341352941177,21.72145566,-4.5642985382352945,20.588358794117646,565.2084314705883,47.61894115048126,-22.548558563789143,18.790333047822756,-48.640261809778444,-2.5682197937356728,-316.1831928953398
418,418,during,242.562,242.862,0.78,12.515667532894739,12.26529719736842,17.495400228947368,4.866995806315789,15.117502184210528,618.8139668421054,15.47234623180873,-9.004837373345005,-14.30362978170478,-2.4330521203632793,57.517205706313604,-159.75473771747454
419,419,that,242.902,243.082,0.776,11.725774318181818,-1.3289126454545452,9.318615070909091,-3.2322071999999995,20.223357363636364,506.33580818181815,-39.61042404545456,-78.53209259090909,-38.71498742727273,-67.7870687727273,48.179386818181825,1620.254522727273
420,420,time.,243.142,243.462,0.871,7.587058063157895,0.9617888947368421,-7.278861899999999,1.1810641936842106,11.231828315789475,515.4954721052633,82.94827741228072,-55.87357012280703,-46.5871631140351,-7.934635937719296,8.442718333333337,171.0609859649123
421,421,And,243.903,244.023,0.746,4.815956553571428,3.4221987224999997,19.440016714285715,0.4785888142857143,6.789307178571428,584.0854185714285,6.368503460591135,-19.655639646825392,22.92562972085386,-47.950015719759165,41.5042496031746,29.533091680350307
422,422,Corey,244.063,244.383,0.748,10.814489122222222,4.978697659444445,-8.708251249999998,-10.112035961111113,31.514523555555556,842.5008572222221,-15.729228183694534,-18.198989087203305,47.35575694014448,81.3486444014448,91.68786346749226,1744.8130830753357
423,423,Lewandowski,244.423,245.343,0.733,6.462246722916667,18.977858789583333,6.178969833333333,-10.901004868333333,24.34528883333333,806.933581875,-23.244412886723826,18.06100849516934,18.05810676400347,28.242641396656524,-20.760484894702554,-142.93375930851056
424,424,was,245.664,245.844,0.706,10.763093352,24.919809651999998,12.309157172,-1.0423533470000002,9.79412152,543.3433032,13.977922646153848,30.136850738461543,-74.56081950000001,-48.01575572019231,66.16125673076924,329.90539
425,425,a,245.904,245.924,0.994,19.574818,19.608287750000002,-4.70723115,-3.965709975,7.58136375,391.21344750000003,60.40277000000002,-4.711425000000028,47.56657200000002,-39.908239500000015,-454.88182500000016,-2425.6242500000008
426,426,part,245.984,246.204,0.84,15.023725035714287,-1.320844625714286,-16.586306771428575,0.22016397857142955,24.40917057142857,703.0084007142857,35.38894862637362,-102.09352513846154,-113.33922725274725,144.87007442857137,102.76132219780217,597.1490120879117
427,427,of,246.224,246.264,0.989,19.250540333333333,13.6366375,3.298102133333334,12.029573866666667,27.644695,466.58367333333337,0.61277500000001,296.4377874999998,66.75493249999995,216.4647599999999,-3.71957500000004,-6158.082999999995
428,428,that.,246.324,246.484,0.783,9.588200154545454,4.921454154545454,5.534873545454546,-2.9147191636363643,10.201483727272729,437.6025518181818,-76.56027700000001,-97.14390395454548,-55.616816272727284,-154.74984677272732,-178.38068000000007,-53.853968181818196
429,429,That's,246.544,246.764,0.849,4.152519435714285,0.7968205500000003,-1.7236906428571435,1.0814682,18.241878785714285,625.91535,-108.36806930769227,-17.642987263736263,-154.72073252747253,61.46370261538461,-53.637344505494504,240.66708571428578
430,430,how,246.784,246.944,0.917,9.704912522222223,4.860467155555556,-20.302114822222222,-23.467914222222223,28.093361333333334,837.1018022222222,154.12442700000003,104.48387783333338,-92.45869616666667,-198.7223641666667,92.09870583333333,1812.8356
431,431,I,247.024,247.124,0.796,12.191438522222223,-8.032971618888888,-9.636787633333334,-7.894261988888887,23.79189577777778,962.2906322222223,17.82144383333335,27.44488615833334,197.01313258333334,264.54524483333336,-182.0726566666667,152.34580833333303
432,432,got,247.164,247.345,0.749,10.549996318181819,-11.195472009090908,-0.9985506427272731,-3.2515110572727277,15.557943454545455,550.3665518181818,37.69707340909092,-70.09589154545456,-66.85795516363639,-30.140601513636373,-119.73957227272732,1177.7408136363642
433,433,introduced,247.485,248.025,0.894,3.1721997382352938,23.66928444705882,26.60302592647059,8.374180965294117,14.477790764705883,548.5625814705882,-15.314771050420163,41.67683594957982,-6.134369660045836,11.973507012070279,-14.238516119174935,-146.4616882352941
434,434,to,248.045,248.125,0.745,1.6758742799999997,23.764843000000003,16.3901173,-1.02917484,11.386416,650.349622,396.01319800000005,-117.58422500000002,-53.75144,153.440321,-142.90516000000002,4007.711000000001
435,435,Corey,248.165,248.485,0.773,22.76998491111111,15.511183316666667,-7.4879752222222224,-0.14602698333333308,23.63079483333333,689.6357388888888,39.31662526315788,-2.381256620227037,80.51453395252841,128.57354228586175,59.389789938080504,-585.1133973168218
436,436,Lewandowski.,248.525,249.346,0.696,12.573773062790696,23.22773298837209,4.209354976744186,-2.909500125581395,12.534214837209301,637.058138372093,-45.03477858652974,9.502868236182417,18.026859022953783,-5.127601502416189,-22.031630678042884,137.49766505587436
437,437,I,249.806,249.866,0.984,-0.24595371923076906,-5.331790755,9.847628409999999,6.204303716923077,8.888914,633.5712142307692,31.64327462051281,-81.62418946341877,-50.29426853367521,-28.9946993545299,75.57519941880341,19.26296427350421
438,438,knew,249.926,250.186,0.795,19.233524843750004,26.569200724999998,5.363314625,-11.9689161425,34.537799125,641.55910125,26.93626261029412,117.33953676470587,-137.87634999999997,-95.87257769117646,-9.855748088235286,735.2702382352937
439,439,that,250.586,250.806,0.783,9.499904087096773,9.936291925806454,12.58730136451613,-5.541146661290322,14.32363170967742,642.5944848387095,-32.5488157016129,-94.81484776612905,14.289626538306454,-10.55848211088709,7.011387520161284,-105.43693004032255
440,440,he,250.947,251.067,0.983,-1.2336158769230765,27.1120984,38.68620330769231,-15.253229730769231,18.545759615384615,624.5130276923077,-13.874236373626376,203.1122693406593,65.29611758241757,-68.00277087912089,198.205495054945,-251.1707032967032
441,441,had,251.127,251.347,0.71,9.057272492857143,-6.699715471428573,10.18434927,-10.68235554285714,32.568902071428575,538.1897285714286,61.584390076923064,-137.4456623956044,-63.8609544813187,81.53020920879119,-71.9585269230769,29.480200000000078
442,442,went,251.447,251.647,0.833,16.036801526666668,12.101102593333334,18.154475846666667,-6.221252786666666,22.983750600000004,488.2976513333333,-95.87641798214285,-124.02477330714284,81.50766398214284,-117.21989912499997,-113.45363821428572,-1302.2006625000001
443,443,on,251.907,252.027,0.683,14.935776842105264,8.701299394736843,-6.999976494736842,-22.527041299999997,29.113985526315787,795.6166673684211,-24.54134714912281,-90.19302914035089,-51.148467473684214,38.5646150877193,44.81557333333334,1004.318309649123
444,444,to,252.107,252.227,0.832,4.86568971,25.813810600000004,14.9395134,-0.8940339700000001,18.0729055,626.4153409999999,58.083160151515166,193.06492969696967,98.65142787878786,-68.02690796969695,134.34566090909092,565.4859969696972
445,445,be,252.287,252.467,0.793,5.106367905,34.44053175,40.71369683333334,3.3246568525,23.12618591666667,519.1388266666667,-53.09215117832167,52.770639335664335,65.73635104895102,-88.1196501451049,47.05551346153845,-1546.7318461538462
446,446,a,252.627,252.648,0.994,16.609745333333333,14.526996666666669,4.116067111111112,-16.26070431111111,6.668319111111111,530.9824744444445,174.9930108333334,-37.34333416666666,-284.44982200000004,-264.1137460000001,24.984906666666667,-2494.890816666667
447,447,part,252.728,253.088,0.813,15.401253272727272,-0.245866705909091,-13.078494447727273,-2.090415583181817,18.511807545454545,848.5402618181816,30.030007137210617,-46.72091256662902,-65.22794977837381,84.23091573489553,5.932208808582724,327.8927261434217
448,448,of,253.408,253.508,0.872,19.915705666666668,9.14709441904762,-13.991039645238098,-23.87550022285714,23.51069395238095,568.2757304761905,33.35044915584415,34.64727539610389,-51.070670990259735,-86.77680891168832,58.84314636363637,-201.75212857142859
449,449,Donald,253.628,254.008,0.844,15.901006636000002,10.956542623999999,-2.9940164879999998,-7.216376893999999,21.909972399999997,632.6718148,1.6741912346153822,-12.845984080769236,-30.769545350000005,-37.641923038461535,-16.820030153846155,420.3554742307693
450,450,Trump's,254.028,254.348,0.856,2.3557463235294125,13.626432094117646,-3.373025429411765,1.7224143552941178,14.103444823529411,827.0459235294118,5.728692892156862,163.73578999999998,-24.574484632352945,-34.91129037500001,-48.991354656862725,135.36762377450958
451,451,team,254.388,254.749,0.85,3.006151418,32.401592199999996,18.5977823005,-19.116883605,25.9691721,628.3239834999999,92.88715402706767,15.219713533834588,38.31200838082707,-67.82520008646617,24.82349857142858,-158.86059586466158
452,452,in,254.869,254.969,0.766,10.790455963636363,18.66289013636364,23.519821363636364,-6.084007836363636,21.857201636363637,424.2478172727273,79.17274568181821,1.0253611363636448,10.88182090909091,53.59853704545457,156.99985,-444.01187272727276
453,453,the,255.009,255.089,0.853,28.82728616666667,29.869139,-0.6916603333333334,-8.376725233333334,27.688123333333333,693.0460966666666,228.55134714285717,87.51764285714287,-96.70456114285713,-149.13789742857145,-13.38856857142855,-164.5720000000003
454,454,White,255.149,255.389,0.838,14.788774226666668,-0.9311623466666664,-0.07930328000000071,-12.008504800153332,28.9169306,731.6663540000001,-76.58220387499999,-163.46537896428566,78.73488576785714,23.783388234607134,-18.158202857142854,116.16664464285708
455,455,House.,255.409,255.649,0.816,11.585396923076924,7.7800932284615385,-18.386834307692308,-13.967027395384616,21.987046461538462,433.3186638461538,-48.75103434065933,181.2657232554945,-106.98794604395606,-17.145346884615382,-97.24031510989012,31.923936813186888
456,456,I,255.709,255.749,1.0,19.974832799999998,-6.80298004,-13.076137839999998,-6.960067820000001,29.5252408,359.423272,175.27058000000005,70.722594,201.01347550000003,115.23658900000002,15.07801499999998,-30.17775000000028
457,457,"mean,",255.789,255.949,0.853,19.3609808,27.914036399999997,16.97150649,-1.7044411199999998,29.617378099999996,484.193119,-1.0484793939393875,183.80762848484846,17.761363606060595,24.528394545454532,-8.74582272727273,-120.33102121212136
458,458,that's,255.989,256.25,0.766,7.045853766666667,3.2995638200000004,-7.4990949066666674,1.5032381466666667,18.630286,670.4939513333335,-94.95373,-21.503730749999992,-148.20907091071427,75.98505199999998,-147.38572535714286,8.966933928571308
459,459,the,256.29,256.39,0.844,13.874216465714285,23.853974285714287,4.541188976428571,4.459123251428571,11.461635714285714,588.2573542857143,245.47455978571426,175.87536607142854,258.8270635089286,-172.99545835714284,141.76767321428574,-1229.7214999999999
460,460,goal,256.41,256.71,0.868,17.332324831250002,23.814612875,-19.291164093749998,-43.752798937499996,21.473429625,864.143504375,50.52620996323528,70.77885838235292,-35.638486948529405,-48.5736105147059,-134.10257102941173,342.2341330882356
461,461,to,257.05,257.15,0.98,1.100616531818182,14.738094459090911,7.70648445,7.5532661150000004,5.781579636363636,563.9338209090909,-27.926781335403728,31.56771184923772,53.5984811434218,36.99804636504799,64.39094872953133,-614.5872862789384
462,462,get,257.21,257.37,0.876,4.017068962727273,27.113503636363635,27.729696418181813,1.9870846563636368,22.41056890909091,636.8006100000001,-26.068246536363645,-17.282319090909088,-108.5047913636364,-46.184768390909085,-78.53969909090912,-295.6222727272731
463,463,seen,257.47,257.81,0.944,-4.091560724545454,27.043176545454546,22.54293848045455,-10.329040531818181,23.009071772727278,592.095735,84.57524243591192,0.30538418972332115,89.32438379249012,-134.81016877752683,71.78612142857142,-460.42137803500856
464,464,by,257.85,258.031,0.792,10.104874661666665,-6.443007274999999,1.8696247999999995,-13.332169808333335,21.587663916666667,853.2654658333335,-49.32328917132867,-73.39577484265736,87.99966972027971,35.07826176573427,-90.85364667832167,-614.2723548951046
465,465,Donald,258.071,258.451,0.715,9.985789876190477,2.723607985714286,-7.849326504761902,-9.779965924285714,24.40718923809524,761.5099428571427,-26.63617724025974,88.92446037662339,28.650420097402602,1.6141145551948104,-49.85317551948052,436.57584155844165
466,466,Trump.,258.471,258.751,0.902,5.6359436533333325,-0.26603446866666686,-13.610682366666667,-4.6052365559999995,25.323650999999998,848.5891466666667,79.88015296428571,31.4454141,-103.86780714285715,-138.6787341035714,29.523759107142837,-527.1056017857143
467,467,you,259.011,259.131,0.833,7.3603995589473685,14.678210660526316,17.11696779473684,6.797812842105263,10.479956947368422,587.8554563157895,69.55895794385967,103.77862495614038,46.99882507894738,23.697661973684212,114.70113473684214,-509.56225438596493
468,468,want,259.171,259.331,0.709,16.62348234,10.948664494600001,-6.9845052249999995,-22.622111350000004,35.9730139,797.1338250000001,-63.24932527272727,-245.7279376575757,26.34533798484847,145.81505318181814,-1.176696060606058,-561.1159363636358
469,469,to,259.371,259.451,0.734,11.792321233333332,6.5898943999999995,26.148053,-3.2086921,23.321890666666672,628.30084,164.7407768571429,255.72506685714288,245.66487428571423,167.26701685714283,-407.6321485714286,-6365.396685714285
470,470,be,259.491,259.671,0.978,-0.9900099681818181,34.05606072727273,38.26678236363636,-15.198219627272726,34.937338727272724,417.43763818181816,-37.43654275000001,51.18286045454544,-16.195712272727288,-66.67069022727273,-3.683920909090892,263.2615045454546
471,471,a,259.691,259.711,0.0,6.293778,30.123337,38.1605435,-11.0001225,34.364641500000005,440.9787,46.546099999999974,74.18729999999996,87.33765000000022,-12.036950000000063,1.5108500000000182,2871.944999999998
472,472,strong,260.552,261.192,0.856,4.025850075675676,9.321417788513514,-9.201935968918917,-13.40635398837838,21.573389486486487,732.4940362162162,-2.4047026328026653,-3.8938803675157354,-27.464592250647918,-12.865642431588304,26.600968981858585,190.72593480932997
473,473,Donald,261.772,262.112,0.765,7.956888852173911,8.74803006521739,6.360286060869565,-1.0985138115217392,18.972921695652175,701.5765382608696,16.07691034905951,-24.173103896392224,-44.19835961640455,-23.18620120928153,35.75680375578168,327.080335615171
474,474,Trump,262.152,262.432,0.887,4.069679731250001,7.112774574375001,-7.91950783125,-9.834535725,15.6034706875,913.3507481249999,143.51266930147057,34.983267074264695,-51.950346830882346,-75.53628472058821,-57.44744492647057,-198.70446102941187
475,475,defender,262.452,262.973,0.943,7.5795368449037035,4.589532845037037,10.181916344444447,-2.3771407184074076,29.187391851851853,730.117747037037,17.76422686111112,-47.555211109035426,-9.955590521978024,2.13087356019536,-12.953141300366301,-179.16758363858372
476,476,out,263.153,263.273,0.738,10.187366233333336,-9.866081333999999,-17.94741941333333,-16.390455433333337,19.559692000000002,679.6368400000002,-33.62576830357143,50.49901097499999,-34.51399007142856,-136.44706624999998,54.67508571428571,1263.6844035714284
477,477,there,263.293,263.473,0.791,11.700189320000002,-1.6099065999999997,-9.86327213,-5.368088642,29.5378218,924.1028759999999,119.10137224242422,-55.98686715151514,-193.7007857272727,21.80363931515151,77.26993515151513,1317.947357575757
478,478,on,263.533,263.613,0.81,11.804850714285712,10.6564478,-16.865810142857143,-10.486166385714284,22.17925942857143,837.7719357142856,-191.16606785714282,310.2018467857143,146.05771607142856,53.82576803571428,-278.790325,1193.2783928571423
479,479,social,263.673,264.013,0.895,-1.9736201650000005,21.242207895,-2.1382186266649996,-17.4797901875,23.36574875,827.0498445,74.15156588345866,-55.337376199248126,89.29396897996617,51.94935277631579,48.34277973684211,-7.920983834586408
480,480,media,264.053,264.533,0.877,8.212054830769231,13.326871913076925,17.152115757692307,-16.324913780769233,34.88074115384615,612.111265,-17.082548755555553,-58.14103954290597,-110.59983476410252,-65.29002480854699,-6.114480273504273,1392.683305470085
481,481,or,264.993,265.074,0.694,6.350842593703703,11.145271949259257,-8.682358792592593,-11.92622267037037,10.970833592592593,698.8914666666666,63.10974200244201,56.67011958028085,-60.339755583028094,-72.00437045787548,62.93313885836389,482.0904221611724
482,482,on,265.154,265.234,0.907,17.85619125,-1.3705987874999999,-6.6881735,-15.132850862500002,31.643634875000004,814.0618750000001,32.100573809523794,83.71322589285714,330.1234654761904,334.5868298214285,-10.590783928571415,-729.0298809523812
483,483,news,265.294,265.634,0.818,14.460552425,33.022508800000004,2.2298513800000004,-12.716643755,31.804876049999997,707.603108,-74.07457013157898,48.38931796992482,-38.84462864511279,-15.856562116541355,-26.871156052631584,1471.9883142857145
484,484,media,265.694,266.054,0.818,3.5699719952380953,24.45218176190476,22.99402968095238,-6.526541099523808,33.630584999999996,485.12135619047626,-32.742893168831166,-24.146246948051942,-71.2222632922078,-5.352547787012988,-26.61122032467532,333.1149681818182
485,485,some,266.094,266.334,0.9,6.288738885714285,9.808644542857143,-16.428643092857143,-10.215979692857143,28.444967571428574,648.9464235714286,108.24555907692307,-77.59728947252745,8.011592714285714,-133.5442613296703,82.311690989011,1879.9261527472527
486,486,way,266.374,266.634,0.823,6.08108111,9.86841358,10.298449893333332,-19.519186266666665,33.484815999999995,809.4366213333334,-88.31190291964283,-95.48760310714285,204.17301421428564,52.36632375,-4.0583482142857115,-896.4468839285714
487,487,you,266.694,266.834,0.776,11.79660483,26.9797407,31.73013535,-9.467597600000001,34.314531900000006,616.2633830000001,191.5711838484848,-23.074168181818187,-299.00420499999996,49.90785303030302,22.925280303030284,-715.938609090909
488,488,want,266.874,267.034,0.703,14.311677989999998,6.09855939,-10.719908450000002,-20.149583899999996,35.83864319999999,993.2648650000001,-60.66555784848484,-275.07509087878776,165.7079756060606,139.0227821212121,-3.813935757575755,2657.880124242424
489,489,to,267.054,267.134,0.795,2.70178018,20.9236318,28.727879,-12.3038122,20.827905800000003,484.533204,242.87993400000002,179.78476500000002,76.39636500000002,120.68915500000001,-525.3101300000001,-4118.5376000000015
490,490,get,267.174,267.394,0.78,-0.5085477352307691,14.204342176538463,32.937125769230775,-16.055068715384614,30.634651,873.6694315384614,-14.160734556043955,-149.5272819587912,-76.95739313186813,-48.54663673076922,-46.29927747252748,660.2144340659339
491,491,the,267.414,267.835,0.823,1.372108409090909,10.719399498363636,20.33260377272727,0.32887387545454555,2.733882909090909,516.4740340909091,28.02199491247883,47.399426010954265,1.7842005364201015,39.86800651778657,20.376678938452855,176.74200536420096
492,492,cameras,267.855,268.315,0.878,6.095948450000001,6.004000560416667,2.1794818275000005,-8.280920415416666,26.73904025,752.0517208333334,20.557144860869563,45.25602797065217,-69.0262614143478,-1.7131631697826106,-26.676713043478255,898.6220247826083
493,493,on,268.495,268.715,0.608,12.872715155,14.967240409999999,-4.0213947999999995,-23.26097514,31.83918355,636.3341444999999,-14.492065041353385,-29.91362430827069,133.78642996240603,56.5010252706767,50.59684567669173,-855.108822932331
494,494,you,268.755,269.035,0.898,3.62045680625,28.305155050000003,8.16028158125,-18.85055994375,36.405727999999996,598.69276125,115.99200888970584,-12.07652311764706,-213.52324731617642,-16.81586459558823,-10.130780882352937,1157.2861249999996
495,495,because,269.395,269.715,0.807,3.901970520588235,17.012607608823526,11.60103108867647,3.3404656382352944,12.678819176470586,592.8523291176471,-0.20031197234530237,-6.291909539343008,-8.744756701260505,16.1100076157372,26.771395813598154,-133.34782956455308
496,496,if,269.895,269.975,0.858,0.8548604692307692,15.786610384615384,23.04337977692308,1.593204176923077,7.575579461538461,585.546636923077,-36.97042898351648,-39.02027335164834,21.27599502747254,9.946879780219772,-0.03856593406592846,1226.036173076923
497,497,he,270.036,270.176,0.997,-7.022994069999998,28.720848659999994,27.191896300000003,2.873910807,25.6896473,798.365522,18.555699303030302,217.8612853939393,-2.463881515151503,-78.16167309393937,-85.10496636363636,-2560.6056606060597
498,498,sees,270.276,270.636,0.947,-12.932342448260865,21.822429347826088,19.99351031913043,-2.9016928521739125,24.925106304347825,782.2546430434784,39.46265823221343,-8.300039426877463,67.75007456225293,-92.74179214920946,44.17263231225296,-58.27773616600786
499,499,you,270.696,270.956,0.901,4.792376862499999,25.3057308625,16.97499460625,-2.99079943,29.150365062500004,685.37410875,100.27236799999997,-9.007292838235292,-142.44431361911762,-60.71751454999999,63.550384779411765,2971.548844117647
500,500,then,271.296,271.476,0.754,7.909987650769231,11.260041638461539,11.757309282692308,2.824357163461538,12.172460038461537,634.893318076923,30.243938985299135,-48.72545038290598,18.509243021367514,1.6205403420512876,67.97777823931621,36.945198119658066
501,501,by,271.536,271.756,0.923,8.117899201642857,-12.88616009142857,-4.678354885714284,-5.545335735714285,34.89675607142858,782.2169357142857,-102.52722100516482,-52.84012418461537,-15.866225230769235,-44.54565113186813,23.02297989010989,2322.833791208791
502,502,golly,271.796,272.156,0.943,3.9109904650000002,0.055855185000000064,-2.709521545000001,-20.074377503,34.97946075,735.013703,-26.307922898496244,96.10754789097746,73.02196021428571,-47.16754085939849,0.6752465037593977,-489.159477443609
503,503,he,272.216,272.336,0.912,-0.8080222655555558,35.73272244444444,37.986551999999996,-11.465368955555554,35.36662888888889,546.3443744444445,73.41406930000001,-47.015603333333324,-32.71131166666665,36.51998350000001,4.250024999999987,1531.2086666666673
504,504,will,272.376,272.557,0.751,23.272757636363632,36.29215572727273,-2.5078551199999994,-25.37018937272727,31.41780245454546,901.6399345454546,9.910453636363641,14.411593181818171,9.093507609090919,130.0487014545455,-23.052035454545457,1266.3288227272733
505,505,give,272.577,272.777,0.896,5.664410298181817,22.744277,35.185881181818175,-6.2968556,37.26730927272727,676.4324963636362,51.9824837318182,-69.21071954545457,-174.28447909090914,82.58407836363638,64.62699181818185,-507.6290772727279
506,506,you,272.817,272.997,0.762,13.068635654545455,29.30314990909091,14.53278757272727,-16.260863603636366,34.01060927272727,738.14098,80.2119380909091,10.351532727272733,-313.01534154545465,-229.98126148181825,-3.790696818181831,2904.6792227272736
507,507,a,273.037,273.077,0.595,11.832126875,10.619586900000002,14.284210925,-9.248290274999999,16.36203875,549.751825,69.96064750000002,73.70550200000004,375.57956450000023,412.9458265000001,-658.5551750000002,-7996.219500000003
508,508,job,273.117,273.497,0.965,9.037548114285714,-7.24854983095238,-8.1653475,-14.555341619047619,11.968677571428572,655.1583761904761,53.174211603896104,-62.253736746753255,-131.0990910064935,-30.291959383116875,-75.54666694805195,-1206.4103415584416
509,509,whether,274.077,274.337,0.892,10.881554604761904,12.301883021428571,13.054636022857144,-2.032271185,12.009381785714286,693.0758747619049,4.820767252248602,-1.6929126833319836,13.344571635037678,-13.162257421319177,51.53177131917996,3.1675298598169084
510,510,you're,274.357,274.557,0.88,8.316052294545456,4.976150502727273,24.640030018181815,-6.307515207272728,14.614843636363638,512.5101354545454,26.810794790909096,-131.12653049090912,-209.91161027272733,-32.55312003636364,-218.84308500000006,-878.1610818181823
511,511,educated,274.677,275.218,0.934,3.3912948609090914,8.852635396969697,27.216091393939394,-14.368015557575756,29.861691,557.4725342424243,18.677743005347594,10.34305274565508,17.43558497660428,11.485427770721925,10.507547977941176,713.0508429144385
512,512,in,275.318,275.398,0.871,3.172015204444444,10.198206533333332,22.627907444444443,-7.648612002666667,33.11489900000001,612.2392511111111,75.98398781666668,117.47406966666668,-70.633695,96.79667927333335,-10.165406666666644,-3504.3633083333343
513,513,the,275.418,275.498,0.993,7.053896900000001,16.673634400000005,4.476791764000001,3.52905068,19.0628872,365.82395800000006,-146.62904500000002,-31.236970000000017,-80.77192900000004,52.533243500000005,-476.878365,411.2982000000003
514,514,field,275.578,275.918,0.778,3.806238385714286,15.655445342857144,4.294432842380952,-10.673631628571428,22.189899714285712,589.472269047619,45.91276998051947,1.5822378571428548,-65.90975535974027,-96.0732837987013,13.494873636363632,-17.311142857142833
515,515,or,276.058,276.138,0.7,20.45986040909091,1.2676298636363634,-14.867791318181817,3.5630523818181814,19.73333109090909,762.6021818181817,50.19795613636365,-59.24662445454546,23.508245227272745,303.26038409090916,197.9683004545455,720.8908454545455
516,516,not,276.218,276.418,0.949,12.439236135714284,-11.161456,-2.61111325,-1.9726090385714286,8.7660645,568.4328235714286,-46.50148735164834,-120.3077936263736,-114.30165981318682,-39.532879496703295,-135.15471197802196,1293.2616076923077
517,517,so,276.758,276.918,0.868,2.4968810975999998,10.0878122584,6.08209426,1.2621975759999997,6.347714239999999,564.264334,36.52083510807693,63.08879220769231,-68.85187499999999,-73.42666435,48.65601046153846,-235.01885423076922
518,518,Corey,277.038,277.358,0.716,10.119443527272727,5.15917788090909,-14.562881186363636,-16.63066553409091,26.417590272727274,828.5618795454545,-13.260929830604182,-40.68697707792208,2.6056833003952566,-2.1561090302089165,114.53453596837946,1108.95245256917
519,519,Lewandowski,277.398,278.319,0.769,5.551065542083333,16.703277270416667,-0.37560950625,-12.256133012374997,26.566022333333333,742.4207297916665,-35.97197068866695,20.266544449902295,42.53067846585972,16.85517347177051,-22.58890993812418,-110.43542935844548
520,520,ended,278.499,278.739,0.808,5.726932761904762,15.662855294857144,25.688220442857137,-14.89957765714286,27.565616904761903,667.956068095238,6.393004863636364,-80.30876854857142,-23.747801558441555,-7.253790597402593,71.22529136363636,2353.6563571428574
521,521,up,278.879,278.979,0.856,12.765501624999999,-6.332711800000001,-18.544841666666667,-26.63997975,27.6108175,860.5615666666667,50.789242395104885,55.67680265734264,-13.639378321678324,-28.19590122377623,-219.78224825174817,-3550.219066433565
522,522,working,279.379,279.879,0.912,11.797850478888888,15.231709350222223,5.9667894622222235,-4.422760393111111,20.86219531111111,663.6932644444445,-17.26747344960475,18.579095640316215,17.10698480434783,-28.088212729907777,37.41022031620555,65.52279440052706
523,523,at,280.1,280.18,0.756,8.8098078,-2.922943280666667,-0.6723093233333337,-4.0076897553333355,10.673897,554.1175533333333,-0.2659113392857123,-125.83340197321428,-154.1963105446428,104.77816812857142,57.05583267857142,540.5238142857143
524,524,the,280.24,280.32,0.95,17.08282985714286,15.520430085714285,-10.580445100000002,-7.340042442857142,26.640916714285716,668.9306828571428,259.44325714285714,342.15420267857144,-43.58631178571428,-224.4086421428571,153.40946250000002,2347.4545
525,525,White,280.38,280.64,0.897,10.044515286875,-2.59206541875,-1.14618364375,-16.32754660625,28.000307312500002,978.1508125,-95.72024599191175,-133.57992934558823,123.52564415441172,42.826178492647045,-93.2048808088235,-336.8673602941177
526,526,House,280.68,280.94,0.801,5.451219829333334,5.532400895333335,-16.301818540000003,-10.507187366666665,13.829110600000002,492.9792,-25.620368978571424,154.6068817178571,-111.9977878392857,-0.22406339285714053,-48.310404285714284,-9.524875000000037
527,527,and,281.06,281.16,0.867,8.801885172727273,13.94568639090909,14.403779095454546,-3.541547545454546,16.726889818181817,499.9251581818182,67.30686281818183,2.9026924090909207,171.57351600000007,6.140300181818197,125.84955545454548,1593.49280909091
528,528,he,281.22,281.34,0.978,0.8036010111111112,36.993311,33.03667588888888,-6.867243937777778,30.951171333333335,645.0829311111112,36.53407235833335,57.48778916666667,-118.6117441666667,-3.2570967999999967,103.64848083333334,-2314.7281083333337
529,529,is,281.4,281.46,0.943,-6.7182830749999995,26.864258000000003,14.798035166666665,7.688401383333333,10.650036166666666,797.3190816666666,-243.42645807142858,125.16833428571428,-357.57089771428576,209.55631842857144,-365.5064585714285,-5375.25052857143
530,530,still,281.52,281.86,0.867,-1.9901688950000005,21.1834473,5.3606863875,-3.956849055,23.111729349999997,701.0895585000001,97.71308014661655,-62.61642448120303,-39.17805267857143,-180.49771537969926,118.63628462406017,1179.4277943609027
531,531,currently,281.98,282.641,0.899,11.710017202564103,13.103365441538463,2.0114947000000005,-2.7381651276923082,23.249800692307694,749.8471328205129,-3.1340750414979754,52.384906778137655,75.09285892510121,17.17146155323887,3.079789251012145,-416.579263360324
532,532,working,283.141,283.621,0.758,12.11252616122449,16.17549031244898,9.951022987142858,0.9614467267346939,16.749125591836734,657.3770455102041,17.935691429081636,12.038376945663266,-16.249930941989795,-16.680824040204083,32.344912454081644,118.10762974489798
533,533,for,283.701,283.841,0.839,11.576069412727271,15.21666249090909,3.748388363636363,18.625943181818176,15.718379909090908,833.9798490909092,125.81889856363641,-106.14542345454547,-61.792932727272735,66.9892190909091,193.93299000000005,-1048.3921909090916
534,534,Donald,283.901,284.261,0.876,18.391542157142858,6.519742733333333,-3.177005961904762,-2.2214448095238093,23.133322571428568,614.493992857143,11.56000237662337,70.48790693506494,-17.709199389610383,-20.13788314285714,-4.798294740259745,283.57132922077943
535,535,Trump,284.301,284.601,0.92,10.67654255882353,3.3959655034470595,-12.411709912941177,-2.9860640176470583,6.164959647058824,584.5556364705883,132.72006654411766,58.63516332737744,-137.41426019117648,-185.03656307598035,-6.879028186274508,-1201.584207107843
536,536,and,285.302,285.462,0.584,8.819680114744186,3.3720861813953493,17.04306758139535,1.8209221755813954,9.863928534883721,564.1803946511627,2.6083215573995773,-4.006483074599819,10.607309694956207,-19.84963716437632,42.80085100422833,-292.0142811839322
537,537,he,285.802,286.162,0.906,-4.95388274,22.42133253714286,31.26143017142857,-10.055087304857143,19.73802642857143,629.3692577142858,-37.86827495938373,37.00110710504201,39.53402123249299,-48.423100103361314,82.24709718487392,334.59974103641446
538,538,and,287.102,287.282,0.663,1.8252284064285713,10.587263421428572,20.321893553571424,-8.451631834107143,14.24780825,584.44587125,-1.0660198593984958,-27.735172856459318,-2.0156925956937797,-15.93201367787081,24.932355410116195,-87.88763323650035
539,539,Kristi,287.603,288.043,0.821,0.7405727105263159,14.160018104631577,11.953546123684209,3.781441763947369,12.966632236842106,613.5634100000001,-33.15432106247948,22.700517860991354,-4.512520646131961,-13.388816481617246,49.30904395995185,-69.72340442061498
540,540,Noem,288.103,288.483,0.671,10.896357277272728,14.738982589090908,-14.808729700000002,-24.218879949999998,33.15562904545454,778.5807309090909,17.707735400903445,75.45752184867307,-6.5784846922642535,-52.50999828063242,-14.770449096555623,-53.23096668548843
541,541,are,290.336,290.497,0.723,10.6842152009901,11.397122168316828,9.939369451881188,1.140595871831683,5.05778206930693,694.1276661386138,0.27485271089108904,-13.559411622597553,-17.72703931642399,4.329081335917298,4.456006025626092,40.54466712288874
542,542,allegedly,290.657,291.519,0.876,7.276853596862745,16.205867305686276,18.057411653333332,-15.579586327058825,24.09993139215686,606.8263056862746,-18.461963138325796,24.620343887466067,63.06579978108597,12.209859317647059,0.9438543484162888,2.572051221719489
543,543,having,291.88,292.281,0.84,7.618610171052631,2.1935127931578946,15.911649631578944,1.958421579605263,16.237714763157893,682.8967689473686,7.628348074734656,-29.546248919466024,-57.29912299813983,-27.459684604305718,64.12491602472919,-285.6795101214575
544,544,an,292.942,293.183,0.616,5.63845941488889,4.08737215,9.596575719999999,-4.217517531555555,17.27078611111111,594.2392860000001,-1.8755494259552055,-7.053667159288543,13.12625652898551,0.6153894501976284,27.521462608695664,-390.083973649539
545,545,affair.,293.403,293.784,0.895,7.097386674,4.425194416666667,10.411946959999998,1.1023249886666666,19.046026033333337,664.832271,24.453958260066745,-7.108733791991102,-33.22105204004449,28.738106051835373,-27.804282703003338,-727.5976470522804
546,546,This,294.185,294.386,0.956,5.8644766179999985,9.969711085566669,14.338083039999997,6.353231019999999,9.564799066666668,509.80937400000005,-1.9889040033370389,44.21835528503894,3.686183163515015,-45.222589136818684,51.941259977753056,-352.28054905450506
547,547,story,294.446,294.927,0.819,10.552164077777778,14.369514759259262,-7.259836707407409,-5.164276040740741,26.479084185185187,778.2701648148146,73.94110795787549,-54.827288623321145,26.22893873931625,9.890252735042738,62.03354682539685,-178.81951678876683
548,548,comes,295.047,295.588,0.923,6.813339655757576,9.421296606666667,-8.093089358181818,-9.21927817787879,25.363372727272726,781.2515821212122,21.54042257085562,23.348641094919795,-9.083988922459893,-14.055394322025402,25.661237901069523,-259.43376453877
549,549,by,296.15,296.39,0.994,3.50753034575,9.608033180000001,5.6158039980000005,5.0707888025,12.004686225,675.89395925,34.78221279094747,-60.4076329324578,-36.60623770750469,-38.103262155253276,56.755015802063795,572.372278564728
550,550,way,296.47,296.751,0.918,8.43867529105263,9.804921385263157,2.6174316578947368,-15.95549805263158,30.023503210526314,650.4523094736842,-94.44544667894736,-14.035242554385968,117.46821451754388,24.38666614035088,-48.858545263157914,-1289.5868271929828
551,551,of,296.911,296.992,0.714,12.945624888333334,10.931923625000001,-6.313373266666666,-16.375140140000003,23.03540025,701.4824950000001,95.0710359335664,113.36975197552448,17.458982902097876,33.556339076923074,136.62743933566432,-1439.8609755244754
552,552,the,297.052,297.132,0.827,11.503024671428573,26.393445285714286,25.954055428571426,6.970696371428573,21.110850857142857,366.5213371428572,0.6756250000000015,52.673716071428565,182.4933517857143,-20.956764999999997,-271.53035,1583.0836607142853
553,553,Daily,297.172,297.493,0.795,9.233213238888887,12.238240016666666,11.314030988888888,-7.425310748888888,31.312149777777776,631.9934688888889,42.4089819143447,-23.72165990196077,9.51896929824562,-62.677543504643985,33.82193931888545,-110.6072662538698
554,554,Mail.,297.513,297.713,0.633,8.171531427272727,7.437744536363636,6.254161772727273,-22.6669091,31.051840000000002,831.6122818181818,45.86126713636365,47.99209740909092,-38.611454681818195,-179.6997049090909,-8.53945681818183,738.9801590909093
555,555,Let,297.733,297.813,0.346,10.238972,6.990845520000001,16.0050844,-14.2255412,33.6917532,429.534532,112.80159000000002,224.6450349,70.75380499999999,90.817125,33.57495000000001,-3146.093600000001
556,556,me,297.853,297.934,0.529,5.034064599999999,22.304801333333334,26.03489983333333,-8.314922383333332,17.922717333333335,385.36467666666664,-187.683818,47.94575142857141,-126.55409857142864,215.8138187142857,-459.65461714285715,-136.60614285714274
557,557,tell,297.954,298.094,0.29,2.5205992049999995,10.057051256250002,10.24219118825,-7.156967249999999,30.14805875,333.73407,112.89613678571428,-94.38476598214281,322.27077670119047,-116.60826904761902,133.630344047619,-778.9128571428572
558,558,you,298.114,298.174,0.023,-1.515493625,23.988307499999998,22.683616374999996,2.5395284499999997,8.30532925,513.8546825,-342.34370750000016,296.0676600000001,-730.5869075000003,520.3492110000002,-498.3197550000002,11622.218650000003
559,559,"something,",298.194,298.475,0.285,11.944323286666666,13.022315966666666,7.851384277333334,-0.5616528866666669,22.955502533333334,496.6287966666667,68.37894942857143,0.4971123214285735,152.85434410714285,27.565258392857135,63.747299999999996,-1020.7146482142857
560,560,the,298.495,298.595,0.486,18.41582066666667,13.425046116666666,36.38719066666667,-1.0878545208333332,29.7047085,604.5510783333334,61.81498,239.5474484285714,-82.3567228571429,73.29721452142859,-7.8823642857142975,-7838.431814285715
561,561,Daily,298.655,298.956,0.82,9.032153166666667,10.414859733333335,14.83333889861111,-13.902827227777777,33.93351366666667,767.7234255555555,18.34128931888545,22.781988648090827,-14.575950450206395,-20.924999406604748,36.21908245614035,-885.5171207430342
562,562,Mail,299.016,299.317,0.918,0.1608777861111111,1.0198200166666669,2.75865985,-21.778163588888887,37.562870388888896,587.4304305555556,-3.9807255753353936,-70.95708105779154,-135.90533675438598,-118.45811219814244,7.958878379772962,151.10707172342637
563,563,are,300.618,300.738,0.615,8.85273593521127,10.6325490056338,7.989111009859156,-4.007638133098592,5.637059845070422,720.3615973239438,0.10161244869215313,-14.116937462105966,3.181175879610997,14.937547351945,-1.0513237407779987,40.126431187122726
564,564,the,300.758,300.858,0.802,19.883160166666666,14.885184000000002,-5.5926373499999995,-18.01076645,21.859820166666665,814.7355900000001,156.61921285714286,129.34485999999995,110.17353585714287,-121.23599214285713,-380.4323042857143,4497.141571428571
565,565,ones,301.039,301.219,0.707,9.122161561111112,15.108632649999997,-15.556961388888892,-19.631973227777777,31.439417666666664,668.0926622222222,-59.901993152734775,13.410350541795678,-27.58152801857585,96.7274614912281,-55.831436945304446,-982.8161104231168
566,566,that,301.259,301.439,0.862,3.635115090909091,5.716672136363637,7.360354248181817,-5.903599900000001,28.05403272727273,609.489150909091,-19.66523140909092,-172.4808607727273,80.28173600000001,-111.47212481818184,134.42818954545461,3551.404522727274
567,567,exposed,301.499,302.2,0.862,3.0026929604210526,26.597105168421056,-7.235322408684209,-24.73239570263158,21.379906157894737,790.4879110526317,22.585378811905024,32.970992747565376,-28.229748903873514,-78.01505940201334,23.66286136338767,51.76586595907654
568,568,Wendy,302.7,303.02,0.899,6.081557042926829,13.111796507073173,18.14401123414634,-2.0361175475609756,15.571687902439026,571.3287024390245,31.47425392526133,17.119450239721257,25.10145447648084,-30.86276116245645,61.43137254355402,-238.5418043554007
569,569,Williams,303.081,303.581,0.843,7.26848432642857,21.078094732142855,0.8092404882142858,-18.804621582142858,32.63291971428571,693.0339796428572,-57.400357979474556,-5.701107313902573,-4.103131040914067,19.21751601669403,-41.55336119321292,972.5947437055281
570,570,husband,303.641,304.302,0.847,-0.5403443933333335,9.708703480555556,-3.6748376333333326,-19.842077099999997,38.05118497222222,656.450243888889,7.788736140154439,20.365002449806944,37.81575818790217,-9.182297286229085,10.473746981981977,-636.3085038610038
571,571,when,304.362,304.522,0.836,15.136592636363638,17.1383927,10.730612209090909,-14.353057563636362,35.03685963636364,746.0489081818181,-55.08028954545456,-35.019221863636375,208.91952277272736,127.03260709090914,-19.03729590909091,-1661.4700409090913
572,572,he,304.562,304.662,0.995,-5.78948578,29.15517542857143,33.93219057142857,-11.513126,37.302215714285715,649.5159685714286,-78.80846300000002,-72.22895,-120.25955357142855,-29.787514285714295,0.14885714285714255,1562.4987857142855
573,573,was,304.702,304.822,0.857,2.11941638375,22.768628,16.6712206875,-16.249135175,22.2939045,672.4121675,-334.78422666071424,-9.81211071428572,189.07456922619048,19.945591547619042,-320.466338095238,-131.79029761904718
574,574,cheating,304.882,305.223,0.81,-12.120440255000002,21.49597355,32.10194093,-18.314889275,33.71733665,650.65033,149.24922851503763,12.009532142857147,-41.200874082706775,-23.802008665413535,27.736731165413545,-644.8855142857145
575,575,on,305.343,305.443,0.59,9.917200854545454,7.515529818181817,-20.695857236363636,-24.786805718181814,32.543308363636356,785.64421,40.687729727272746,-137.9637015,139.77114681818185,145.15832181818183,-8.341364545454553,-1009.9792681818186
576,576,her.,305.583,305.983,0.637,7.879496551851852,-8.130042609259258,-24.412972397037034,-6.462578603703704,28.070913407407406,700.2206477777778,28.42390915140416,30.752967316849823,-131.76439107631262,-29.935017362637367,82.85210409035413,271.447605921856
577,577,The,307.065,307.165,0.991,6.08504511779661,2.7128365901694913,-5.846252452542372,-1.8057507967796609,16.326531847457627,637.0962950847459,13.81890534219755,12.784387649035658,3.5939229985388716,-27.504440955756877,26.06635117475162,37.34948611922856
578,578,Daily,307.225,307.565,0.929,4.443755933499999,13.4776654995,7.1009053049999995,-7.143631372500001,34.0714551,650.229242,12.791889312406015,-12.546194677819548,-26.655149620300755,-65.53287969736843,42.74973345864661,162.2255736842105
579,579,Mail,307.605,307.905,0.787,7.589608894117648,3.8937085211764706,-3.445534123529412,-18.62833437411765,37.2570665882353,810.5499564705883,4.5194385416666645,-70.8725615735294,-181.52604914215684,-157.38273453431373,8.313023529411765,532.3945919117647
580,580,was,307.965,308.126,0.707,15.374492599999998,28.510868818181816,-12.588856827272728,-23.11673881818182,36.30711063636363,601.8990427272728,-143.6181027272728,126.09389227272732,4.059424863636362,199.39265636363643,-19.888282272727274,-2087.12170909091
581,581,the,308.186,308.286,0.833,15.733811375,30.01661775,-7.60668405,-14.456880850000001,35.10351525,711.7287575,171.31970654761906,-95.85742142857143,-67.16949297619047,-360.6710916666666,4.049985714285713,397.8410238095237
582,582,one,308.566,308.726,0.673,8.775223933636363,16.82026409863636,-14.989908357272727,-20.140859861818182,35.971593363636366,692.5721277272727,-55.24463235516659,-84.81324960502542,33.37972233483907,70.40929225974025,0.04413461321287895,-87.9626846414455
583,583,that,308.786,308.966,0.921,5.686694652499999,3.668288991666666,9.879141583333334,-7.4324437166666675,27.85044958333334,601.8148699999999,-58.39166177097902,-139.23089005244753,-20.76046055944056,-90.67593793706291,95.13650786713286,1664.102912587412
584,584,exposed,309.047,309.667,0.836,-0.025266492857142976,28.180342800000002,-5.148423504571427,-19.69052234,17.605801885714286,755.4864274285715,27.060821952380945,32.14175983193276,-41.42848046218485,-63.135679280112,15.976075112044814,175.33897591036418
585,585,Marjorie,309.767,310.248,0.665,12.732034720689652,5.380355625862069,1.9619923715344825,-2.1822137448275867,30.516776379310347,715.2473634482761,-21.62513720689655,-13.12306771921182,78.18817965097288,22.213657748768473,-23.760971773399014,-619.393215270936
586,586,Taylor,310.288,310.648,0.573,5.392584715,13.270530446499999,-3.130527334999999,-22.9238434935,28.99232305,668.6733664999999,79.77371664285715,38.633915730451136,-40.33371043984963,-32.24636357180451,0.14461048872180737,117.93178157894737
587,587,Greene,310.688,311.209,0.71,3.3225295025,27.31390255,12.793518066785714,-25.862205917857143,36.493844571428575,671.2664057142857,-65.74436099411602,50.77057845374932,75.11676923713738,-78.81643793513956,11.918905938697321,-226.83647235905846
588,588,and,311.809,311.949,0.544,-0.5318492548648648,2.5550908070270273,18.822817810810815,-4.110113271351351,14.656041054054056,551.5968402702701,17.48406330938834,-33.108707289473685,1.1607117117117134,-31.229167502133716,57.06809438122334,-432.9636874110954
589,589,when,312.09,312.25,0.922,15.251479826666667,20.729522033333335,6.685456529333334,-8.9991838,20.030707333333336,472.8756346666667,-71.74069292857142,44.03048812499999,100.94621656071428,-87.69470544642856,108.08472785714287,416.40332321428576
590,590,she,312.31,312.47,0.776,-21.6400367,25.850969545454543,27.922358,-9.575576918181818,20.355591545454544,701.50481,263.0296143636364,-95.54105772727276,76.17431454545455,102.72205395454546,252.49522863636366,1214.9957909090913
591,591,was,312.53,312.65,0.814,5.6281282444444445,29.11521611111111,16.724749244444446,-18.564025111111114,23.256689,613.6757566666666,-330.4196905000002,123.13661583333335,140.7205848333334,-49.123165833333346,-261.2301858333334,-4628.531475000001
592,592,cheating,312.69,313.051,0.73,-7.314403961904764,25.072738285714287,31.904334809523817,-17.427511395238096,27.101928666666666,546.2257147619048,125.33163180519479,-16.30301720779221,-34.71250272727272,-36.55060811688312,88.47668370129868,-1009.4983454545453
593,593,on,313.231,313.311,0.878,17.104079307692306,13.35716606923077,-9.101358484615385,-21.846443661538462,27.75547646153846,788.3941784615383,7.603791483516482,-100.96898983516482,-105.18431313186814,120.12688634615384,-11.393998351648342,1145.5481785714285
594,594,her,313.411,313.611,0.805,6.668642711333333,-5.187452762,-28.604033721333334,0.16048640933333352,34.84081526666667,812.60622,53.73845661964285,53.498526028571405,-146.50180931071424,-87.18507561428571,67.91231821428569,669.2907071428568
595,595,"husband,",313.711,314.372,0.882,0.005290183157894575,6.665025631578946,-2.795331486842105,-17.375538249999998,30.001220052631574,760.065925,2.727763220483642,32.79192994485174,33.2746585124193,4.221516484845168,26.0214596892439,86.0706662107452
596,596,the,314.812,314.932,0.879,2.8164854049999994,9.66755177375,19.547396625,3.2337464302142855,9.702171214285714,506.98117035714284,33.791327039682535,29.097410153735627,-0.06485144362342662,-8.415828085686918,43.46020062944718,-194.45456992337162
597,597,Daily,314.972,315.353,0.936,2.026280518095238,4.028098361904762,-0.08037178095238039,-24.149118142857144,38.26569919047619,853.3222738095237,28.17571613636364,8.31044391558443,-6.944051363636354,-69.07523506493507,28.328044675324673,168.40462142857143
598,598,Mail,315.413,315.753,0.845,5.992144485,4.418483071,-2.2307913950000007,-19.770814275,23.424587,711.740612,51.4152815075188,-13.061069063909773,-102.14950992105265,-81.60131926691733,-118.835852556391,-348.72051954887223
599,599,are,316.013,316.134,0.813,15.299429421052633,-1.5962249368421049,-17.654808289473685,-13.101820338421055,10.503143157894737,669.5167621052632,-10.280507543859652,-99.64204398245616,-98.46249786842107,68.97118970350877,26.103878333333334,445.8063798245614
600,600,experts,316.434,317.014,0.859,2.126011736363637,7.749107781818182,-8.430228502272728,4.852994093181819,12.748075045454545,760.2438890909092,13.067183425651868,28.173974245947846,-27.152017795489787,27.296733896053563,-8.660447773079634,219.31148287526426
601,601,in,317.495,317.595,0.365,2.8995957450344827,4.8101458862068975,16.006021396551727,4.041573768965517,11.209290413793104,597.0354962068964,57.906670512857126,-43.266334423645304,16.411843093596058,-47.312080918719204,74.98188475369456,427.4106263546798
602,602,breaking,317.655,318.096,0.798,11.815229476399999,11.287279804,4.028232671999999,-11.573004016,30.9232452,685.1722856,-61.81190061538462,-9.66948957692308,47.000759607692316,-91.11989122692307,50.082986461538475,-1079.853874615385
603,603,a,318.156,318.196,0.907,-4.785940399999999,19.06275794,-18.0647794,-12.911268460000002,14.880094600000001,697.944068,-429.3665000000001,256.97851800000007,120.43142500000003,327.47919200000007,-558.10443,-196.1397000000006
604,604,story,318.296,318.896,0.801,4.479421986914286,19.424542068571427,-7.3842126491428575,-2.5580588237142865,21.437869114285714,812.7522314285713,78.59459555190472,-26.089625861344526,30.876654013725474,16.93442366134453,24.91474847338934,69.84097521008398
605,605,in,319.397,319.497,0.927,4.599222332,9.739072293333333,24.36724768033333,-2.2764245225,11.482345666666667,604.6680563333333,27.129600006674085,-3.319712382647382,-2.2932155073414906,-57.290297476918795,76.82305630700779,-140.33280211345934
606,606,regards,319.557,320.138,0.788,8.50930776875,4.5143264825,-10.0927171,-0.9238473312499998,27.7028419375,776.9156865625,-61.83239279508798,-5.296482950146631,-30.86748179435485,16.587533640029324,-32.164480975073324,777.4728217558652
607,607,to,320.238,320.478,0.883,0.14502584117647016,29.289573882352943,4.876000674705883,-9.422496655294118,23.241335588235295,652.3037947058824,201.306348247549,21.421979779411764,-3.056909713235291,-137.76333690931372,108.59810600490195,435.286074754902
608,608,a,320.938,320.958,0.989,11.609920189999999,19.2060062125,3.6739651205416664,-4.827396441666667,12.207484416666667,599.6431841666666,-26.089541609565213,-46.059532184782604,-37.56515522045651,40.391723256521715,-12.281792304347823,-880.6283230434778
609,609,spouse,321.038,321.499,0.874,-4.374627482222222,10.625743755555554,-14.349444503703703,-5.322399088888891,17.166959185185185,758.4852888888889,20.340185949938956,-25.859716056166057,-38.110829288766794,-75.51053342796094,28.124376007326017,391.4857054334555
610,610,cheating,321.599,321.979,0.826,-8.180987458333334,25.482021333333336,26.348222108333335,-12.6003019725,32.02311916666667,590.4005699999999,139.0264964260869,-9.655176826086956,25.009173465217387,-40.771242668260854,-27.057910869565205,-645.2885921739129
611,611,on,322.16,322.26,0.753,14.399746057142858,8.212600754642859,-16.97006096428571,-21.374275992857143,28.32611735714286,867.6833721428573,-42.666163406593405,-72.14751613571427,4.676879065934065,117.87074234065932,92.57954032967031,1218.006823076923
612,612,a,322.3,322.34,0.525,-3.2215515999999997,23.96901425,-8.12907925,6.4407593,8.37715,496.13993500000004,-532.3303780000002,197.37020500000006,-185.18367300000003,261.0549420000001,-502.6290000000002,-1929.274700000001
613,613,spouse.,322.42,322.84,0.983,1.4445664360000001,5.193927404,-10.603953816000002,-4.956420068000001,2.6685163999999997,724.4073980000001,42.73181276153846,-46.78617353076923,-34.64399562692307,-72.4151076,-11.550525384615383,14.6624173076923
614,614,They,323.821,324.041,0.86,3.7978372174666664,15.695154516666667,15.279499387,3.486687088933334,7.431087249999999,709.8750991666667,12.297889351247571,-12.505246808002223,11.501428053098083,-7.855995399699917,26.615846430953045,-97.88329048346759
615,615,got,324.061,324.261,0.968,-0.5767124363636361,-18.819679972727275,-3.860509772727272,-17.034490454545452,26.154612818181818,817.1813372727273,69.81541431818182,-138.41925263636364,-270.18247318181824,23.289229545454553,-178.69280500000005,2465.821900000001
616,616,all,324.501,324.641,0.782,12.5218754,7.623921578947368,-23.120250315789473,-40.53708247368422,28.598371684210527,761.7711926315791,-4.366343201754386,66.4201760526316,-53.16272885964913,-115.8972539649123,103.31575929824564,458.97631929824587
617,617,the,324.701,324.841,0.884,6.707439600000001,15.49360213,4.860056209999999,-14.160971589999999,22.6363831,489.87448800000004,-33.68761127272726,-62.107116393939386,238.75773263636353,10.432736090909078,0.0496700000000015,-1958.3963272727267
618,618,tea,324.861,325.161,0.954,-8.8434687375,31.47224875,24.5278889375,3.14577755,12.8214273125,603.159044375,104.81702251470585,95.80404147058819,145.00735144117647,-38.77101161764705,-34.91261948529411,457.5900919117646
619,619,in,325.642,325.722,0.94,3.7440697857142853,10.9930529525,24.5063415,-0.04385126499999977,12.469936071428572,498.58247535714287,22.203229636015326,-18.528437408456487,10.354519074986314,-61.91688702162013,86.67545205254515,-190.47425875752597
620,620,regards,325.802,326.362,0.81,11.921056462500001,0.18255490000000008,-4.979235599999999,-3.320813759375,27.8370593125,732.8707828125,-26.098781728372444,-22.256647503665697,-45.494378869134906,7.018554014846042,-32.60230846774194,325.1167665872435
621,621,to,326.442,326.582,0.834,-16.062297063636365,28.975378363636366,12.422832345454545,3.978021790909091,5.7654427272727276,678.9826809090908,258.2371578636364,-7.807450909090922,142.02347263636366,-9.301401454545454,42.9357681818182,-1863.5875590909093
622,622,Kristi,326.642,327.062,0.84,-2.1118402375000005,18.677358529166668,11.020682421250001,2.2281010412500004,15.113043916666667,568.1328758333334,-20.771564993478254,72.85304199782607,52.7968128193478,-25.285655982391294,59.72937704347823,-478.24726260869545
623,623,Noem,327.102,327.562,0.664,19.8527461,13.620382542799998,-11.338120732000002,-25.589945416,32.50095852,805.4735796000001,35.49383803846154,45.353523059615384,9.799821569230767,-43.71033004230768,-17.505843884615388,259.15473076923075
624,624,and,327.982,328.082,0.805,5.769395626153847,10.402383161923078,21.140181807692308,1.2302011153846153,9.398772038461539,638.2742188461539,4.152864786324778,7.425069548205118,19.916639675213666,-27.856642605128194,42.57596805128203,-387.1566941880342
625,625,Corey,328.142,328.482,0.653,16.534271114999996,11.5296138505,-4.716199779999999,-12.094618500000001,24.794259699999998,867.3799150000001,2.621727695488724,-51.35101427255639,38.524375729323296,87.74080323308273,91.30224255639098,1445.797612781955
626,626,Lewandowski.,328.522,329.402,0.618,9.067704160217392,15.211102497826085,4.1734991,-5.271967507695652,16.983608195652174,656.218517826087,-33.60935287138452,6.197177440333025,8.525735701510943,23.90234290839963,-46.01005116558742,-126.14910958988588
627,627,Now,330.003,330.143,0.816,7.1625425208108116,11.417655552972974,13.762628072972973,1.4442034936486488,6.162481108108108,645.3723213513514,5.84583898850166,-23.825173110953063,-20.91841153627312,-14.853601253437649,40.730403212422964,151.38543349928872
628,628,let,330.183,330.303,0.992,5.3797561125,-7.75308375,-1.7883376974999994,-23.314603125,35.737045499999994,589.37832,-72.94739077380952,-186.02838690476185,-255.2025823928571,62.1153970238095,157.91369285714282,588.6196428571426
629,629,me,330.343,330.423,0.849,2.7494556166666673,-4.7313199500000005,8.494597375,-17.229721833333333,41.717803833333335,564.1559550000001,-196.72924414285717,67.28697071428573,177.84866464285713,-43.26194142857143,-10.318467142857122,-1955.7799285714289
630,630,show,330.483,330.643,0.997,-8.92408272909091,4.316568363636364,-2.4490769909090915,-20.95647727272727,24.74579245454545,942.6941645454546,147.80513991818185,-242.62329727272729,-181.3713449545455,-2.738171363636361,243.7469413636364,3153.5438909090913
631,631,you,330.683,330.763,0.992,3.2741384233333335,5.481321653333333,21.67621737833333,-2.455587333333333,36.856026833333324,885.298435,147.1234567142857,78.17634742857143,-251.5203923571429,93.02508685714287,-4.836350000000016,-3654.1531571428577
632,632,who,330.803,330.943,0.757,20.702882111111112,36.432656,-14.831130833333333,-28.489391999999995,36.372922,779.1001444444445,84.49808166666669,131.07643916666666,-40.69654625000001,-84.56256250000004,-19.391217499999993,97.39074999999961
633,633,we,330.983,331.083,0.988,12.67421307142857,22.316300857142856,26.140947057142856,-8.432947814285715,19.147003714285717,445.0572628571429,-170.82637839285715,-99.91102321428572,333.27786999999995,124.81410625000005,-365.22806249999996,-2678.9046785714286
634,634,talking,331.123,331.443,0.88,10.4127537,4.190232983333333,-13.386594560555558,-11.883583444444445,16.76704938888889,525.8826133333333,106.33606964912283,12.275672729618162,36.86344455159959,65.74707289989682,64.6738504127967,-610.677520123839
635,635,about,331.463,331.623,0.909,24.11452011111111,1.993239322222222,-13.794010333333334,-11.725432066666668,24.437923444444444,403.22879333333333,-98.88520666666669,-201.77769525000002,-200.8627591666667,-108.78661733333335,-101.87856250000003,1163.7088250000002
636,636,because,331.643,331.803,0.638,18.584849888888886,17.551235033333334,-6.2765395,1.9263651055555557,16.072062444444445,459.1654633333333,-25.83245166666669,178.41176616666667,57.59597058333334,98.63656870833334,239.0189783333334,150.34305833333326
637,637,a,331.863,331.903,0.593,16.7655688,22.1853164,-11.29809328,-16.23872156,31.165645599999998,649.0103700000001,-67.68263000000002,-58.61959499999998,21.539531,-413.41854200000006,38.84779500000005,4310.106050000001
638,638,lot,331.963,332.123,0.792,8.599187081818181,-13.997184727272726,-13.476358481818181,-26.216250636363633,37.03239527272728,962.2943545454547,41.84342927272728,-274.8403413636364,-72.3034617727273,145.0780822727273,10.133494545454552,-1173.805409090909
639,639,of,332.143,332.183,0.016,6.099564000000001,0.8930423333333334,22.747349999999997,-18.241648,35.360938000000004,878.3363633333333,88.10025999999996,319.3242499999998,304.8037499999998,-66.27184999999992,-29.72724999999999,-26643.622749999984
640,640,y'all,332.203,332.443,0.655,8.931829476923077,-7.104578769230771,-1.8850512769230765,-18.718210230769234,33.29185130769231,836.8724138461538,90.36098854395604,-74.92490346153846,-114.0146230769231,-1.5280744505494523,-9.55978626373626,93.9051153846158
641,641,may,332.463,332.643,0.91,5.81454156,12.04054528,25.848073200000005,-7.89694913,33.3343778,468.910672,-52.97842555757574,95.63912787878786,90.13446666666663,-53.476239969696955,0.6191903030303145,-2462.8825999999995
642,642,not,332.683,332.863,0.532,4.52598386,-10.380906581818182,3.1210573181818186,-9.536493945454545,23.621587454545455,848.3931418181818,34.089013181818196,-3.109440272727247,38.23962140909092,-6.838611136363636,-134.1632063636364,-623.3033000000003
643,643,know,332.923,333.103,0.822,16.403187583333334,18.150278646166665,-10.073774074999998,-16.27025165,31.94439125,776.4756874999999,25.348090034965022,23.415169117832143,-263.1211456818182,-236.47357185314678,-8.704621853146852,2718.1252884615383
644,644,who,333.163,333.323,0.802,22.997427363636362,39.03891318181818,4.436951245454545,-5.515795419090909,20.060157727272728,613.8234290909093,-12.796440000000011,14.675367272727286,136.82655854545462,62.39256573636365,-33.55723500000001,-308.2360181818185
645,645,Kristi,333.363,333.743,0.78,1.9530070447619046,21.518124223809522,14.131136189333333,-0.09234993857142862,17.734587476190477,551.1719747619048,-40.45067075844156,66.07777986363637,135.18906690103893,-24.585767943506497,31.112297077922076,-1189.576901948052
646,646,Noem,333.783,334.104,0.624,24.230564444444447,22.282853466666666,-6.772612199999999,-16.046465983333334,24.17304172222222,636.935781111111,20.566342208462338,78.27673329205368,-26.05222794633641,-61.312183648090816,-72.13412007223943,662.5857739938082
647,647,is.,334.344,334.484,0.716,4.915108682105263,29.496336105263158,23.120225647368425,-0.03138057631578998,17.655755,514.86414,-7.072351684210527,4.90299280701754,-50.872833798245615,78.55637266666669,-26.62551078947369,-258.3960921052632
648,648,This,335.164,335.524,0.896,1.1306755615384614,15.510363464807691,15.24913832230769,8.668544537884616,13.80232298076923,637.9144138461538,1.9517779044651242,-3.0388234709724236,0.6020967326901732,-24.372535511461628,36.46562317723896,198.24558016733545
649,649,is,335.944,336.024,0.69,-2.0630092371999997,22.048617776,11.664166602,8.80925958,6.69071,539.0697864,40.08127583076923,-36.39181341538461,50.419012084615375,-36.99707330384616,45.12540242307693,-635.9378280769231
650,650,Kristi,336.104,336.524,0.792,-6.124387066800001,18.939553779999997,8.105534130399999,6.970847856000001,13.18079412,677.0176431999998,20.86393637538461,20.851826569230766,84.65171985153846,-54.031637307692314,46.09635834615385,-1165.2639784615385
651,651,Noem.,336.564,336.864,0.599,18.93293973529412,11.7787139,-10.85059854117647,-16.617488111764708,14.770163000000002,636.0292676470588,1.522959252450979,67.39240607843136,-36.56550127450981,-76.92331661764706,-130.1982214460784,285.70884436274514
652,652,"Okay,",338.545,339.085,0.598,7.506501326126126,13.259666457657657,15.50542314414415,-2.1191411962882887,8.026032189189188,666.908461171171,-3.2693134082397335,-8.653587306423306,-4.036227151303089,-7.174394735804668,16.362243105475603,54.52570148736399
653,653,and,339.505,339.625,0.807,0.6506623333333332,2.779601494444444,20.275178000000004,-1.8092822592592588,13.397599296296294,588.3852459259259,44.235689471916984,-23.628517013125776,-4.734401984126986,-44.74953852258854,70.68575601343103,-547.2656370573873
654,654,this,339.765,340.165,0.918,5.316798532222224,6.696655003703705,14.839844777777776,-1.3472193703703705,34.58761511111111,616.9561703703704,-40.813194639194144,-38.979224444444455,-45.43379546703298,-38.93085286935289,-17.821507478632483,474.97260866910875
655,655,is,340.625,340.705,0.682,-3.093993727407408,21.88259387037037,13.502749248148147,13.806340934444442,4.660561296296296,560.3833085185186,31.44183177716728,-18.330056120268623,45.90875246947499,-49.90580554304031,28.796952106227117,-522.5201923076924
656,656,Corey,340.805,341.165,0.743,11.34716772173913,13.21054310869565,-8.966227313043477,-6.760630430434782,25.96372769565218,801.1519673913043,48.776137974308284,-21.967513147233195,68.3308008695652,13.801924174901187,85.60759342885373,-339.446818181818
657,657,Lewandowski.,341.205,342.045,0.709,9.250587473181819,16.499733804545453,2.930205002272727,-9.1987395775,17.46282034090909,660.8639806818182,-28.261915533826635,14.46893347498238,29.236486022903456,27.422593729563072,-52.66334158914729,-156.04785310077526
658,658,"Okay,",343.606,343.966,0.751,9.064389940625,12.231233618750002,15.022641460416665,-1.4104406525624997,7.632896333333334,723.9668496875,-3.531128265430006,-13.305219904028759,-12.487988232976127,-13.80696561915423,18.481826037710256,-72.29561276112317
659,659,and,344.366,344.466,0.783,0.945337248,1.4563572284000004,20.8088528,1.5142727439999997,12.235896839999999,595.8705580000001,40.464931603846146,-20.213276921538462,1.7849831153846156,-23.278822007692305,72.20279969230769,-288.4531315384615
660,660,then,344.526,344.946,0.656,1.1995022372500002,5.0509608408333335,22.230332291666667,-8.495771375,34.95835820833333,526.7787858333332,-13.843388245608688,1.9042238221739132,-7.560132499999997,-33.10695529130434,25.65772336956521,-133.4202473913043
661,661,this,345.366,345.726,0.909,5.046767976923075,17.171065470769236,17.42874323589744,1.902079438461538,19.571277923076924,652.2275589743591,-38.440556769230774,-30.92151008502024,-10.927143215587046,-32.10551271052631,4.811022419028339,402.0184795546558
662,662,is,346.206,346.306,0.58,-6.411489391034483,22.748308758620688,12.443656924137933,10.824167879310343,5.4557790344827595,599.4923834482757,31.79523440837438,-3.096865566502459,55.06941805911328,-14.09363748275862,31.073603793103445,131.20366280788176
663,663,here,346.427,346.707,0.544,-4.4872943645,13.912419775,21.451718364999998,-3.929280158000001,19.5330828,536.721926,94.1679643206767,-61.42156920676691,-25.591034199248128,-30.87054300601504,13.901142706766926,-652.3422270676693
664,664,them,346.867,347.147,0.892,11.930408102272725,15.783650797272726,11.086822536363634,-2.046850922727273,32.136914545454545,671.6848813636362,-7.55371133963862,-40.724992516657245,-62.595547024280066,-50.71889537831734,36.207410615471495,492.49202964426877
665,665,together.,347.607,348.147,0.984,8.7920106638,13.387497479999997,11.407737366,-1.3723620635999998,11.587112999999999,674.0975820000001,7.359960121464584,-15.707460662184877,-31.833144516926772,-8.170103574357743,18.67024525810324,-207.7277695078031
666,666,"Now,",349.443,349.663,0.998,7.278833021447368,8.30216834868421,12.372861651315791,5.527740936631578,6.506267105263158,731.4423622368422,-6.753047694634312,-16.60222059159262,-0.7311172193438126,-9.743001425033494,20.648208064251538,-127.41738770334929
667,667,I,349.843,349.903,0.764,7.345224583333333,-22.170833083333335,-13.589031183333333,-10.721513516666667,17.40068941666667,653.9482608333334,-38.034209510489504,-23.12714877622377,-8.650078426573426,-27.024250174825166,223.42904458041954,1091.740414335664
668,668,will,349.923,350.063,0.977,19.6606199375,14.996813366249999,-17.924041087499997,-37.544713875,28.740988,870.0093449999999,24.64265089285714,195.68904207738092,155.33081136904758,90.58569940476193,-267.0518869047619,-284.8206428571427
669,669,put,350.083,350.224,0.839,13.1773252875,9.6248558,-17.4815396375,-21.1530573875,38.261536625,828.0448562500001,-58.15922494047619,-97.67459285714284,-27.78210315476189,70.7745968452381,-26.98941369047617,4897.090922619046
670,670,a,350.264,350.304,0.881,2.7465919674999997,13.76996675,-14.634926,-33.12831475,35.35223225,1014.317425,73.64332295000003,300.0612350000001,232.5122800000001,-140.70089500000006,-18.659925000000015,-4790.469500000003
671,671,link,350.404,350.704,0.87,0.7643900855000003,24.595408,16.022267445000004,-30.5682838,32.993622599999995,551.6136755,-18.16931427781955,-18.825501503759398,75.7006715676692,56.39056421052632,-45.02521330827068,-142.8011755639096
672,672,to,351.004,351.204,0.9,2.1588124960000004,18.833620404,12.174458582799998,-4.88180937,11.47483772,605.6449244,26.047159192307692,50.502699146153844,-50.53435043307692,-30.981856798076933,92.97829503846152,-387.5441238461538
673,673,the,351.244,351.344,0.905,15.1617355,10.096144878571428,-14.488058528571429,-25.547128471428575,9.411802,581.22785,76.9311875,-298.1557695535715,-324.5136653571429,-260.66633285714283,-293.9071178571428,691.0215714285719
674,674,article,351.524,352.125,0.79,13.478838728205131,11.037905305128206,-23.38163421025641,-26.033330991282053,27.18173351282051,872.6610217948718,-3.053572151821863,71.18189556072876,16.32979330263158,-68.54237344210527,16.738619048583,-42.02566599190283
675,675,for,352.525,352.745,0.872,9.540748876129033,18.050725041935483,-1.2933221967741935,-10.021172361290324,14.350861548387098,719.2449638709678,0.5279000850806468,-28.514881346774196,-10.152750937499999,28.05878374596774,46.29630614919354,449.7854312499999
676,676,the,352.785,352.885,0.897,9.882829385714286,15.956751857142859,14.676416485714286,-1.7729303,37.42920028571428,578.9562742857144,63.133599999999994,57.90186785714285,194.14289499999998,-28.667828749999995,93.9057053571428,156.50891071428566
677,677,Daily,352.925,353.245,0.975,3.552601645777778,9.363647333333335,9.254195805555556,-14.576972764444443,36.458350111111116,803.4862988888888,12.931673857172342,34.26455599587204,-32.31449609391124,-26.95058229514963,-19.2723092879257,603.8469256965946
678,678,Mail,353.286,353.646,0.821,7.130516869999999,3.0878524299999994,3.478667799999999,-21.57742158,35.47587494999999,661.4786965000001,34.71623345112783,-49.14653872932332,-124.99184000000001,-96.11095791729326,0.21191394736842398,609.7617928571428
679,679,because,353.846,354.086,0.622,11.06737036818182,16.03887227272727,4.975782534999999,-7.048575613818183,14.798567681818183,638.2790118181819,-54.57865597120271,40.295294743083005,113.27822044805193,70.9155517312253,-9.749710248447203,-766.0629723320159
680,680,you,354.106,354.286,0.696,5.76061204,27.743251799999996,24.3477596,-2.38861006,26.5021717,785.8706589999999,280.4810569696969,-78.76244848484843,-445.468749090909,-187.65159848484842,245.1202433333333,2002.5107545454543
681,681,all,354.446,354.586,0.736,12.61998928,8.644605013333335,-34.033899399999996,-44.48149766666666,31.653482333333336,792.0166673333332,-18.83461310714285,-40.33551648214286,-60.389993035714284,34.79725732142856,-65.05705517857142,594.4468642857144
682,682,are,354.706,354.807,0.823,13.5785865,2.557691242727273,-22.344004036363636,-15.530941648181818,22.58774172727273,592.8940336363636,31.265653863636388,62.34414722272728,188.45961427272735,168.61868540000003,50.20313681818183,874.2387681818184
683,683,going,354.847,355.107,0.848,19.375127086666666,18.663595225333335,-11.503682528666667,-15.581884513333335,30.587818066666667,780.1369653333334,-77.64541449999999,-98.70697141785713,89.09206037142857,6.56165426785715,42.30792339285715,-199.15147678571427
684,684,to,355.167,355.287,0.722,1.9856277844444448,19.80456144444444,21.147482444444446,-1.0237404177777778,6.581151444444444,708.9676533333334,82.20262823333333,121.39381666666668,14.650805833333344,-2.96711810000001,123.08618000000004,2173.557008333333
685,685,have,355.387,355.587,0.875,6.507598426666667,-10.335041178000003,-0.4235210400000007,7.009180813333333,8.340368333333334,597.2688913333333,47.239626214285714,-16.851580407142848,-229.47786292857143,5.365354946428575,55.66286142857142,-976.8947946428569
686,686,to,355.647,355.747,0.766,3.8522165500000005,17.390355476249997,4.8946749375,4.618836699999999,10.995525125,473.76145999999994,104.77480142857144,245.83459962499998,163.5463008928571,-18.43748952380951,259.13466607142857,-47.97394047619011
687,687,go,355.787,355.967,0.875,25.291522454545454,32.699445272727274,-12.108110545454544,-25.65504308909091,10.725456363636363,776.5165018181816,48.50041909090911,94.78124000000003,-141.3185686363637,-289.72426289090924,25.46740681818181,580.3912136363637
688,688,over,356.227,356.568,0.929,17.131732609999997,20.655852123333332,-21.00421344333333,-19.00617718133333,29.35666156666667,776.9694643333333,-8.147736744160177,-34.73165345161291,-57.98148283982203,93.89319273281424,38.86506141268076,-96.28917652947719
689,689,to,357.028,357.208,0.86,5.5490763890625,14.527626203125,5.632289828125,5.2124051499999995,13.65384390625,677.1477737499999,-27.009311639021266,50.30079736162024,77.41067006140032,-16.214888748167155,1.7034769886363628,-67.74742631964803
690,690,get,357.368,357.648,0.981,0.9036522481818178,12.811412883181818,23.931212045454547,-7.466390052272728,28.518025863636367,1002.5973054545454,-66.87557412027104,-133.48822006352344,-19.606415047995483,-83.38311071287407,67.86405621118014,1593.4440863918692
691,691,all,358.389,358.549,0.854,6.917022382222225,5.964904638599999,-8.624475473333334,-35.36243986,22.679323133333334,776.0863642222222,8.967340988142295,-12.343075428794469,-83.69491891172599,-94.84274766205534,64.8001797760211,654.9850736495391
692,692,of,358.969,359.049,0.824,10.549930808,13.341551556664,-2.95378306,-17.3537792416,19.39457188,674.9031792000001,12.166509715384613,-35.41127164937692,-16.065290171538457,36.4351051323077,35.500561269230765,-55.74935692307693
693,693,the,359.069,359.189,0.886,10.5333317,12.522452642857143,10.72935332857143,-6.450854128571429,15.802458571428572,448.85440857142856,-15.765820178571444,-34.51664642857144,108.86707517857144,-56.073057857142864,-391.9304767857142,-2759.586892857143
694,694,tea.,359.229,359.409,0.939,-5.419516672727273,25.208638909090908,23.534702081818182,-9.07952650909091,10.769940363636364,512.8254572727274,33.800545045454555,73.44677181818184,181.8184514545455,-164.27676559090915,-108.35143090909094,-992.0974227272727
695,695,I,359.53,359.61,0.973,4.3973822,-9.407396473999999,0.7637310999999991,0.12852414499999992,10.3243325,628.733054,25.407085515151508,-350.24461872121196,-212.67286333333325,119.90022677272724,32.0165415151515,1541.7548848484846
696,696,got,359.65,359.81,0.838,1.0255528604,-19.369766453000004,-10.02958986,-4.6163060226,0.0,675.346498,-18.726724683636355,88.91907037272725,-87.64750509090906,15.470936258787875,0.0,526.3107757575758
697,697,some,359.95,360.17,0.849,-7.50443105,9.598022355555555,-15.782445805555556,-1.7077448666666664,24.635969277777775,830.7565372222223,112.23207690918476,-108.14832969040249,-30.233642936016516,-149.4928770278638,162.67837043343656,1970.7325608875133
698,698,of,360.21,360.27,0.954,6.087768540000001,3.5445859399999997,-14.82687255,-22.039482399999997,39.811831999999995,830.4874240000001,141.447539,262.79080350000004,373.75392600000015,414.42796000000016,-40.45662499999995,-9172.293850000002
699,699,the,360.31,360.43,0.765,2.94675304125,11.080573937499999,9.4299531625,-3.5416836,19.834959,588.49156625,-67.33097463690474,74.50231517857141,74.3916894642857,149.38703904761906,-376.948907142857,4218.171267857143
700,700,"tea,",360.45,360.69,0.933,-14.369971153846153,23.708358384615387,19.933601776923076,-15.022725715384617,31.034606230769228,429.51743461538456,18.18207225274725,50.30155879120879,121.3339364835165,-157.90513758241755,50.71512527472529,-550.1731483516484
701,701,but,360.99,361.131,0.835,2.27187042173913,12.880429930434785,15.939438817391306,2.743986771304348,11.023897913043479,566.6300613043479,81.66432821640313,-25.784031966403145,-41.35791644268773,-35.43897196343873,94.03779901185766,-896.362078557312
702,702,there's,361.171,361.471,0.717,-1.6037848258823533,-1.0295455588235292,0.0718848823529413,-1.1743264823529411,28.191276705882355,937.4198452941176,-63.822404075980394,30.97302974264705,-99.33619473039215,44.51150017156862,-152.48959301470583,1173.0637855392156
703,703,so,361.611,361.891,0.927,-4.939997080952381,20.507637176190478,-15.06689266190476,-26.77575895238095,27.887877428571432,847.2911319047618,157.62824822727273,22.702684142857137,-75.35267994805194,-210.1641366883117,118.47924993506493,230.2962571428571
704,704,much,362.011,362.271,0.873,-0.5155740510526329,6.752934429473682,-3.3722703526315794,-22.692151815789476,40.16840705263158,843.1753663157897,-175.53174203508772,15.60325208245614,40.47320628947369,29.943849122807027,26.77449385964912,-74.13493245614045
705,705,tea.,362.411,362.792,0.892,-19.014745365384616,24.60979275,24.335500142307694,-18.759464634615384,27.36274623076923,697.7985792307693,49.76341991965812,17.092802846153837,12.667797512820508,-71.22634293846151,54.51380396581195,752.2004037606836
706,706,You,363.632,363.952,0.864,5.370312305000001,17.1246028,18.465186675862068,0.8376279663793107,12.31897355172414,678.5205620689655,3.0501399244363108,2.4114429084253595,-17.27565020179028,-19.132925795856536,38.84491479282661,182.77923485803936
707,707,got,363.972,364.132,0.946,-0.08934805555555553,-23.24733966666667,-17.07200277777778,-15.426435811111112,40.37236988888888,1068.5914722222224,16.815866750000005,27.624173333333335,70.30772333333334,149.48332150000002,-59.404080833333346,-1392.1723333333337
708,708,to,364.152,364.233,0.436,14.055931000000001,-5.3907742800000005,-8.103371819999998,2.7682303999999998,35.8502572,903.60924,207.31962000000001,379.858733,150.23411950000002,208.32782300000002,-34.654250000000005,-8082.540999999999
709,709,go,364.273,364.433,0.696,23.108423800000004,23.0950032,-18.88296275,-49.3246021,35.137135300000004,864.7891150000002,3.5945290909090777,18.448092121212124,-7.22377651515151,-154.30444878787878,-4.829333636363636,161.11962121212105
710,710,over,364.453,364.613,0.739,24.76021111111111,15.222935288888888,-8.90639541111111,-22.691669922222225,34.854480555555554,870.3577366666666,30.278842500000007,-212.3801960000001,112.41044300000003,573.3488495000001,-1.9075849999999939,-1131.6647500000006
711,711,there,364.633,364.833,0.384,5.805351036363637,-9.507368045454545,15.503277354545457,-10.305341709090909,33.37651945454545,1138.0481127272726,21.71400504545455,-63.48980354545455,-252.1779153636364,72.5052451818182,-16.945192727272715,167.85659999999996
712,712,and,364.853,364.913,0.001,24.04360525,4.780926725,-14.712834750000003,0.6855495250000002,32.2241085,870.881665,200.316415,228.29226250000005,143.31813500000004,-148.5809015000001,33.828870000000016,-6193.921100000004
713,713,read,364.933,365.073,0.99,12.671431312500001,4.3869268875,34.432362125,1.4464230375000007,33.505611125,539.91215125,-67.75593244047617,-27.270524345238094,278.4463077380952,-132.69248291666662,-6.168926785714296,-1193.7907083333323
714,714,it,365.093,365.173,0.489,7.493211797999999,12.5165048,5.382733399999999,4.02078548,0.0,665.4221999999999,-210.7744226,110.85777500000002,58.9772625,158.01796850000002,0.0,1445.6990000000005
715,715,for,365.193,365.293,0.975,16.342476,4.197796571666666,-13.8230628,1.7138549666666671,32.804667499999994,735.88277,-16.37857714285714,-107.3784630142857,376.4936737142857,199.99132742857142,-14.136515714285723,-7363.476142857144
716,716,yourself,365.313,365.613,0.85,7.10255938125,16.8619547525,-1.2426791481250001,-5.8538312748125,17.374782,599.27614625,71.48355211029408,-65.59752189117646,-194.66483291397057,-102.88334463213234,13.16003749999999,-810.3779499999997
717,717,because,365.673,365.954,0.936,7.316926066470589,17.1894627,4.560708994117647,-4.248657810588235,15.297831411764705,702.8050082352942,-18.954563843137255,40.52597319852941,-138.02653780637254,-5.9673062500000045,-40.65375870098039,573.6755686274511
718,718,the,367.254,367.375,0.764,4.43209497943662,14.966287971830987,17.255994081267602,6.848435973098591,2.603892225352112,641.304771971831,-5.85282350823273,-3.383154281354795,10.558172182461433,7.30161537518444,9.459605135814888,83.81933138832997
719,719,Daily,367.415,367.735,0.991,-3.019259748888889,-6.134174510555557,-1.6621692222222222,-20.384263705555558,40.87508483333333,933.6253377777778,-4.3302706666666655,4.258353561919514,-43.715521960784315,-57.95920709494324,13.838431836945306,-452.4016522187822
720,720,Mail,367.775,368.115,0.789,6.276446989473685,0.296268933157895,-1.7032486289473692,-19.91476107368421,33.82383405263158,673.1636905263158,68.89127911491231,-5.890318311403505,-138.21262167982457,-55.837608315789495,-27.31208377192982,125.3552096491228
721,721,basically,368.455,369.056,0.933,4.550940537021277,12.605995218297874,9.480176800851062,-3.070768236170212,19.295962595744683,590.6391591489362,-22.23006742796023,11.272420964847369,20.051182906567995,-8.99793855284459,18.700990367715082,-162.37133094357083
722,722,has,369.116,369.516,0.792,-0.07549353043478306,-9.69765707826087,-1.6123736130434778,-9.310240578260867,29.983935869565215,575.2434739130433,40.70145681324109,66.02960852272726,5.074372282608698,6.903715454545454,-31.966896343873504,-953.2726442687742
723,723,all,370.396,370.617,0.792,5.045285171818181,12.874953028545455,-8.979507114545454,-25.262284155999996,22.653060745454546,746.0235958181819,2.712739710858587,-7.655790690728719,-50.18708771067822,-87.38656609018761,56.527816226551245,405.8032911976914
724,724,of,370.657,370.737,0.626,4.712483123333333,13.667168976666666,-15.36591006666667,-30.018312499999997,30.277017,770.8591533333333,143.28045025714286,325.6881944285714,201.4618942857143,316.93985285714285,-11.395025714285705,-6016.035428571428
725,725,the,370.817,370.917,0.996,14.5317307,20.970839666666667,8.965021077777777,0.20156369777777774,22.407827333333334,627.5028488888888,39.76068950000002,-81.76263833333334,70.15826525000001,35.60200943333333,-250.91189250000005,-2826.6594750000004
726,726,trips,371.057,371.497,0.894,-7.248870879310344,-1.2354726079310345,5.386260897931035,2.471773222413794,19.12278610344828,821.2781062068964,83.78822855911328,-6.014297019704428,-40.24078994433497,-34.876452390394086,-73.71888169950738,174.0728753694582
727,727,that,371.897,372.058,0.919,4.328612691428572,9.881467509285715,10.455263519642857,5.776739985714285,7.970678321428571,688.8778224999999,49.726077203612476,-38.29041973754788,-24.231336661877396,-63.458548434592224,40.18697943349753,-598.1547346743296
728,728,they,372.138,372.358,0.78,6.874279673333334,12.121783059999997,19.5906342,-8.273096766666667,27.49155473333333,569.5805079999999,-64.91750089285713,16.737210750000003,68.79969848214284,-96.54108769642855,-33.05943125000001,-786.6833142857142
729,729,took,372.418,372.638,0.957,1.6873407550000004,15.39852975,5.812622714285714,-9.633810007142857,20.373282714285715,706.8427914285714,102.73685246043955,-34.83436587912087,39.87045037362636,-5.547321813186811,-4.242001098901102,-1401.1973098901096
730,730,together,372.718,373.298,0.904,9.187499754545453,9.732535003636363,3.698873474242424,-5.954866482121211,18.449439424242424,625.6970218181818,42.22517984659091,-53.282672193850274,-75.9988217688837,8.272957668282087,-17.71449522058824,-206.85849448529416
731,731,and,373.859,374.379,0.757,-0.13711529888888896,4.08612766037037,18.27166925925926,-3.558357742592593,17.768454240740738,638.7388181481482,-16.783799809757955,10.818055002210786,11.926982717362302,-39.01043978749761,45.10031473032209,216.81909411092053
732,732,they,374.739,375.079,0.867,-0.5751915770857144,12.857953414285713,22.847778551428576,-6.942643782285714,18.865430000000003,606.9736154285714,-15.21005141904761,-2.6064530448179255,3.635854816526611,-41.95216361820727,62.76274061624647,-79.33851904761902
733,733,list,375.42,376.0,0.876,5.732380084782608,19.030008891304348,3.4683742826086963,-7.584787392608696,26.030694369565225,621.7080139130436,4.6807219879740956,-25.132537263644767,-39.11790125624422,2.839622696700586,-6.102272121492447,86.119666111625
734,734,them,376.32,376.56,0.566,7.949718975000001,5.970846727142857,2.125531660714287,-5.623293343928571,30.33441532142857,753.4884607142858,16.62570177476738,-39.44249356923918,-120.206593923098,27.56429077791461,59.39952434318554,1226.1627572523262
735,735,in,376.921,377.021,0.926,7.238055260869566,9.990265832173913,21.844631826086957,-2.1840211204347817,26.45197060869565,655.9938065217392,-56.104781892292465,21.044954416007897,30.477946887351774,-28.951658582015806,11.106938488142296,-556.9695054347824
736,736,their,377.061,377.281,0.866,13.311052723846153,6.001745942307693,-10.831265069230769,0.7177254769230769,34.968125615384615,741.456813846154,144.2828412307692,-50.68798973901099,-246.04595346153852,-12.62617544505494,-2.4927846153846165,930.7935439560439
737,737,report,377.341,377.781,0.913,17.117808638800003,11.4463092588,-8.089317228,-8.4331861256,30.411585640000002,762.716244,-12.960902744615383,-34.65718059461538,-67.6861541,-34.56838276384615,25.19164546153846,1423.6748157692307
738,738,in,377.841,377.901,0.989,3.035772383333333,8.5094184,25.909689833333335,-6.527271293333334,33.176237,739.7411266666668,146.74990585714283,243.76603942857145,-53.653069999999985,243.89376028571428,5.6009914285714055,-10973.425485714288
739,739,that,377.941,378.141,0.741,3.2877750225,-12.071033941666665,-3.500306815,-12.484192691666665,23.38745916666667,489.8799666666667,9.92070531993007,-148.03228875874126,-157.2223953251748,21.861129003496497,-191.5018891608391,2640.5041048951043
740,740,article.,378.302,378.702,0.781,17.543102767857143,2.260337831428572,-23.281412321428576,-17.38852214892857,27.16253114285714,754.8123392857143,29.388374144772847,91.08986882211273,28.36622628626163,-29.196871954433497,-31.59880678708265,152.44216529830328
741,741,in,379.588,379.668,0.894,10.860641187499999,13.882156328208334,19.187083216666668,-8.052333010208335,13.324567583333334,572.448936875,-5.687158153495437,-2.1743259166467652,35.79793881784628,11.93434581325987,4.982526194094657,-269.938736674989
742,742,order.,379.928,380.189,0.924,18.38961826923077,9.186684153846153,-24.12028777307692,-13.500209973076922,16.33320603846154,833.9836115384617,17.24302131623931,-51.44306867692306,-29.160307611965802,92.71356445299143,-29.934501658119647,906.2784235897434
743,743,And,381.151,381.271,0.663,6.506014956363635,6.298477472727273,16.852909158181816,5.972822725454547,5.875664109090908,705.275218,-7.673750268398272,-10.141001351731603,11.979218495670999,-21.18179094372295,26.755251626984137,-102.93430183982687
744,744,they've,381.291,381.571,0.761,0.3296417979999999,14.615051979999999,24.570392466666664,-4.374952073333333,35.1548738,776.6191259999998,80.32296055535714,118.94151767857142,33.526737499999996,27.50014244642857,-86.47954214285714,-3071.9137017857142
745,745,got,381.611,381.912,0.75,4.424169867941177,-18.123976537058823,1.162573485882353,-4.404223435294119,17.775698529411763,547.7755205882354,6.085967327205879,-43.75660848284313,-77.98756508823529,27.059098823529396,-113.9485833333333,46.51157352941179
746,746,information,382.894,383.815,0.764,6.041151763484209,5.548552025789474,6.4170320713684195,-4.22526079831579,22.03812615789474,787.9914347368423,-12.069454434196526,0.15146182803751387,11.506708485421331,-3.468627252841545,16.635023105403135,154.09816958286672
747,747,from,383.936,384.156,0.82,10.2907434,9.31929319182353,-8.711851142352943,3.5610809047058822,21.574332,712.078444117647,61.840968946078426,-52.74999705134804,-99.84941747058821,-66.8461851102941,4.011724632352938,1678.727976715686
748,748,people,384.256,384.797,0.783,2.8729768106250004,29.9133727,12.84730944,-21.01479178125,23.0891514375,708.6447740625,64.39955021279326,68.41783115285925,-86.9280384318182,-82.5792471994135,58.97149406158358,181.23736244501467
749,749,who,385.098,385.378,0.983,18.780998131034487,32.95387417241379,-4.980899616896552,-15.59757449310345,18.998890137931035,692.3643675862069,18.58553256650246,58.676257192118214,-8.71443529039409,11.54054084482758,46.4732121182266,223.39681231527098
750,750,run,385.819,386.039,0.834,17.080819039393937,13.87455116969697,2.0051188853030304,-5.747079262424243,18.74005706060606,679.231733939394,-4.0776524181149725,-64.39266931149733,-38.65407302573529,-4.846335803977272,82.0062799632353,442.0940011697862
751,751,in,386.079,386.16,0.914,1.5090466333333332,10.925204599999999,18.708939333333333,-2.350772283333334,36.108812,713.989255,247.8685865714286,147.65867828571427,-24.734565714285704,219.56925871428567,-9.49384571428574,-6415.3295
752,752,those,386.2,386.44,0.981,5.176358995714286,21.68683088571429,-18.71633426071429,-29.424339864285713,28.383646714285714,848.2272942857144,-33.129625479120875,103.32919046153846,-26.699568335164827,-24.62898247252746,-130.4338657142857,-132.9204285714286
753,753,"circles,",386.52,387.021,0.808,5.9024535,22.00462379310345,-16.306483137241376,-15.886450070000002,28.514803896551722,757.9612451724137,44.924009963054175,38.66612788669951,30.458066265024627,-94.57870439211821,40.48632928571427,-162.53591822660098
754,754,Republicans,387.101,387.823,0.892,10.586168466250001,8.94378585525,5.77141565,-9.805197259749999,29.277954125,650.84139825,-29.520646549484056,7.805221463836772,14.994928986866793,-22.032994070590995,-9.494423363039397,-451.53070004690426
755,755,who,387.863,388.023,0.856,10.54581544,33.5709764,-9.841366473,-13.49581782,28.004516800000005,713.028466,322.46883333333324,72.6037115151515,-80.0607204333333,-81.11211775757572,145.96440424242422,-102.24337575757527
756,756,run,388.083,388.263,0.791,14.473962134166667,4.259881559999999,-16.580738740000005,-9.811864108333333,36.59223441666666,883.0048216666668,-129.94442148076922,-182.65061761538456,30.11504288811188,5.447772150349651,17.92252465034965,1377.0820174825174
757,757,in,388.303,388.364,0.908,3.945499592,7.771668679999999,12.49300414,-13.307286999999999,36.8509124,451.3666,150.07683920000005,255.767501,240.61708800000005,159.29113500000005,-6.416920000000027,4060.4963500000017
758,758,those,388.404,388.624,0.753,3.241724138461539,21.29505169230769,-18.055821584615384,-30.28722073846154,28.501396,745.312006923077,-81.66121766483516,111.566414010989,-43.64771923076922,-15.402878406593405,-151.05737967032968,605.4354587912089
759,759,circles.,388.684,389.205,0.785,3.8685890103448286,16.26769764137931,-21.736012482758618,-24.156070406482755,34.6833261724138,881.5664637931036,23.147079800492605,47.819407147783245,19.576663177339903,-93.95270968921182,27.659250443349745,261.36006576354674
760,760,They've,389.546,389.806,0.713,-0.5452905433333334,10.143303789666666,16.678999203333333,2.281348211333333,16.068943,643.5186269999999,27.617886870967737,11.213129657063405,61.795336450500564,-25.546034548832036,61.188621668520575,121.01940189098998
761,761,got,389.846,390.026,0.735,4.910327585454546,-14.473653927272728,-8.864381781818183,3.3552873154545453,30.93781118181818,835.2018290909092,42.082623000000005,-19.302996363636368,-113.5583491818182,37.50531321818183,-78.64811863636366,-423.9386409090911
762,762,the,390.067,390.147,0.968,9.269886233333333,9.217331166666666,8.731667450000002,6.829734383333332,10.729032666666667,631.2024266666667,24.854712,141.70389,134.73455214285713,55.889930714285725,-184.02450285714283,-3873.889828571429
763,763,teeth,390.207,390.407,0.5,-6.865287553846154,24.056540230769233,23.249026938461537,-0.2211020769230774,22.727741923076923,603.216736923077,128.394376978022,16.704115384615392,136.91400236263738,-65.77459725274724,36.23335879120878,-737.2806098901098
764,764,from,390.467,390.648,0.901,15.392580033333337,12.187424541666665,3.740052558333334,3.770337871666667,23.282185583333334,787.943375,162.79964276223774,-14.815852849650355,58.34941092657342,18.295054178321674,138.18370506993006,1989.8465909090905
765,765,"them,",390.768,391.108,0.991,5.8835264652173915,0.4048774478260872,-1.4280115278260874,-3.047711095652174,37.36071569565217,787.554775652174,-44.365364762845836,-83.92952955533593,-117.50385058498019,-126.99054573122524,17.414993725296434,1791.5994678853751
766,766,baby.,391.128,391.209,0.0,13.138442400000002,2.14125998572,-5.7241593680000005,-26.558700599999998,38.4422912,833.4858,72.26520000000004,313.1695600000001,283.22013050000015,290.878,-8.769250000000072,4811.6590000000015
767,767,Christie,393.151,393.611,0.746,3.0718526373553727,10.31237500344628,14.959673290578513,-1.322920151363636,15.927157942148758,672.4628712396695,1.984162512545725,-2.080723886262024,-4.195234997215826,-0.9248688917812625,2.6110114249424194,7.599155893510363
768,768,Gnome,393.651,394.072,0.689,14.873397430434784,8.695912313043479,-16.94864988695652,-25.046339782608698,32.67965330434782,879.3990152173914,43.30114609683793,72.01631464426873,-11.280902045454539,-18.564145750988136,-45.68555069169959,-45.042889328063204
769,769,and,394.212,394.292,0.911,12.869568672727274,7.9120533209090915,12.328123966363638,-10.0453758,20.658005727272727,498.736999090909,21.819175090909088,-35.45980592727273,79.1225443227273,43.184887227272746,103.28625681818184,-1643.933586363637
770,770,Corey,394.372,394.732,0.861,11.074625650000003,5.298287996818181,-13.426664913636365,-8.692532940454543,30.63235063636363,765.7149727272728,-8.36864230095991,-33.1095599014681,18.182982555053638,36.64190595849803,75.10516403162055,985.9695821569735
771,771,"Lewandowski,",394.772,395.593,0.717,7.300128508372094,13.226901174418604,-0.46460846976744224,-13.093371856279067,30.087840465116283,711.1874913953488,-28.533712071051042,7.681428850800362,27.350927983237685,17.117892627755964,-21.34839524312896,-340.63470424343086
772,772,this,395.693,395.913,0.893,1.7675638503750004,18.25791524375,16.405279075,-5.95910799375,27.1659315,446.259944375,-111.94625601691172,-67.51866799264704,-122.93427427941175,-24.377152551470584,-55.874072647058796,-772.1616669117645
773,773,affair,396.074,396.434,0.882,6.413651184615385,-0.9805316115384615,-2.111804305576923,-3.9666328673076925,27.37615923076923,808.7350757692307,8.963572105982902,-64.36466197435895,12.536279898205121,3.4528608658119593,50.99411538461537,735.5031803418802
774,774,has,396.494,396.794,0.819,3.4753871183333334,-4.348039579444444,0.8835832094444447,-10.62444042777778,32.64347438888889,715.9802516666667,-6.9227081976264175,50.91940126573789,-22.835022750773994,27.728072987616105,-70.63508013415894,1833.4564215686275
775,775,basically,397.175,397.815,0.884,4.206931564705882,12.849234984509803,14.52942475764706,3.69197425627451,19.324432843137256,497.9682588235295,5.402170848506789,12.56286023479638,1.269823774389142,-10.757535827873307,37.99320123076924,-8.356993800904984
776,776,been,397.875,398.196,0.775,4.915711454210526,4.456715714736842,25.76564210526316,-7.317258204473686,32.014934631578946,724.5410621052631,-40.8832532877193,-52.51827548245614,0.5146667543859597,-43.89811645307019,17.831158596491218,-1161.8041535087718
777,777,an,398.616,398.716,0.779,8.589881134615384,5.04025291076923,21.625274038461534,3.329670601153846,7.413305884615384,513.9392003846153,22.862315776068368,-38.1065280779487,-20.118101179487173,-39.615035619999986,34.33054740170938,-6.706940341880378
778,778,open,398.956,399.317,0.879,14.657578648666666,19.154119926666667,3.3350899533333327,-17.788782046666668,20.366267233333335,586.4217806666668,-23.665827975305895,37.81233165962179,71.22956820022247,58.933700171301446,18.188827285873188,-762.0957041156842
779,779,secret,399.437,399.937,0.826,1.6148145806451608,19.737647016129024,13.621347769032255,4.291414249677419,10.262432709677418,499.3375303225807,71.6366840641129,-26.377825604838705,1.721710112499999,-18.854838558467744,-3.04255252016129,-11.355982862903257
780,780,and,400.237,400.337,0.745,3.3197336550000003,2.9322514885,16.925552885000002,1.612700267,10.51179895,503.45122649999996,24.525310372180453,-45.20807976879699,-10.257379748120306,-26.374993722556393,110.725180037594,-115.04818458646618
781,781,this,400.377,400.558,0.89,-0.36489836890909044,4.119208054545455,5.638514104545456,-1.0822290181818182,23.540605363636363,872.1980572727272,-106.34649234454548,86.78221263636367,-173.8696469772728,46.632404909090916,-90.97768272727274,2141.509731818182
782,782,isn't,400.638,400.858,0.775,3.7573935786666675,7.0044214,-5.390912286,2.898568429333334,34.86377746666667,608.1224733333333,65.41624390357144,56.84548807142856,16.775125062500003,65.78783602142856,-51.515379642857134,-2444.073676785714
783,783,the,400.898,400.978,0.979,1.5524232666666666,8.214677766666666,-8.677625333333333,-5.2135389000000005,25.557809333333335,665.7871066666668,-18.060863714285723,62.287402,1.6879928571428586,96.83913857142856,-439.61579714285716,-6645.126000000001
784,784,first,401.038,401.278,0.884,2.941717786666666,5.48007164,-19.19066985333333,5.636077378666667,30.709265,766.6852773333334,-39.85021464285714,51.10878746428572,-16.33219935714285,33.10442411428571,-43.14706053571428,-73.30041607142884
785,785,time,401.338,401.579,0.867,-0.19269084490000002,-1.312130489066667,-17.878057866666666,1.0394950206666664,30.114715999999994,639.5212873333334,73.95000222401785,-78.40504647785714,5.396663803571432,-2.8815279196428527,121.93464946428568,834.4815589285714
786,786,it,401.659,401.719,0.881,7.293602298571429,9.881006942857143,19.83588,-7.975047142857143,36.43654614285714,518.2956914285714,-116.34930535714284,-9.43380821428572,80.30920714285715,-266.1351285714286,12.078367857142831,-4005.964285714286
787,787,has,401.759,401.919,0.899,0.43334178,4.06756894,-6.175145639999999,-8.356435320000001,27.966850700000002,742.8169129999999,56.98948769696968,140.7735876363636,11.509591030303039,99.36905042424237,-143.0241518181818,-1086.9017727272724
788,788,been,401.979,402.139,0.885,9.254043236363636,11.62773934,9.082211090909091,-2.9286415999999993,33.104645272727275,497.9789609090909,-56.941259000000024,-144.03789072727278,-89.84254840909094,-179.3212082272728,-0.18184499999999676,1964.0675590909098
789,789,alleged,402.179,402.68,0.846,2.635013806296297,11.31603772851852,7.4086525411111115,-13.267830782962962,28.23911344444445,825.8599022222223,-35.059855700549456,4.899492073260075,72.98375339529916,54.270078050061066,-51.64568870573871,-842.7575641025644
790,790,that,402.72,402.9,0.826,3.5925406145454546,5.9034185581818175,2.9850379945454546,-3.8095676963636365,23.76392627272727,738.9360172727273,-8.805986181818183,-107.24962796363639,-15.430925372727271,-57.102417790909094,-178.76961863636367,1152.3834363636367
791,791,they,402.96,403.3,0.863,-2.4378982624999996,10.7734066775,18.51490324,-11.864791694999997,29.82464945,573.4337280000001,-32.619533374060154,55.39769179887219,71.52481469172932,-3.5123654699248092,32.06684650375939,-1557.2345939849624
792,792,were,403.761,403.941,0.958,7.1894631740625,9.330675476875001,11.563811337499999,4.392254228125,10.1677040625,607.0175549999999,36.63979804921189,-20.012632597690626,-97.95545411656893,4.261841859420821,31.273545967741942,776.0584840542524
793,793,having,404.001,404.361,0.886,7.101337107142858,-5.750089047619049,2.1619674109523808,-3.166834086333333,33.19677357142857,636.3850523809523,26.343464756493503,104.42228984415584,45.527189581818185,-21.940507136233766,-4.466920649350646,-393.31844870129873
794,794,an,404.421,404.481,0.765,6.93044065,3.6316572233333333,10.439991149999999,-8.971187811666665,32.77923966666666,460.39491333333336,88.32663585714286,51.62757368571428,-102.823945,164.38019341428569,13.325039999999982,5208.677057142857
795,795,affair.,404.541,404.942,0.916,-0.8575928386956521,-3.5449296739130434,-0.9498952913043479,-5.044131097391304,14.833755391304349,844.0233852173911,1.5286800118577064,-64.00361055335966,9.419189150197624,-1.2228393270750995,-67.56121704545451,1059.5110780632408
796,796,But,405.822,405.962,0.855,7.800066578431373,7.940235007843137,14.232283123529413,2.5605073364705877,5.500755745098038,713.253998235294,-2.3388032520361994,-4.669223171493212,2.6733339941176477,-13.304324307692308,28.028479660633487,-50.556371266968334
797,797,"anyway,",406.063,406.363,0.874,7.695207869999999,-6.31722676,15.182431075,-20.646088445,37.937118649999995,633.069171,49.49114133834586,56.225402996992486,-51.238197169172935,56.29452131203008,-28.248207406015048,1611.068133834587
798,798,let,406.403,406.623,0.729,15.655269584615382,9.345022730769232,19.60786003846154,-4.720626103076922,25.30256230769231,487.6859176923077,12.506257582417582,47.27466068681319,47.28687637362636,48.52741837362636,-139.53722637362637,90.0372664835167
799,799,me,406.823,406.903,0.924,10.24090242857143,10.085488864285717,19.780072471428575,-10.22706453142857,37.39641692857143,575.9627614285715,10.040903054945053,-10.053940230769241,105.9586172087912,41.99764563076923,-8.645966483516482,700.4195956043955
800,800,get,406.943,407.083,0.713,11.147213033333335,8.9840325,34.48304933333333,-7.1094245111111105,34.22106166666667,592.7573277777778,21.84246758333334,-93.45753041666669,-78.68282749999999,32.52004766666667,-12.622268333333327,-2535.837183333333
801,801,into,407.124,407.404,0.832,8.51696716875,24.06497803125,12.091008344375,-7.0180543718749995,13.2779406875,537.64431375,44.68584524264704,86.12632775735291,-102.76731181544115,-59.11261551544116,-102.76442522058824,1688.8689323529409
802,802,it.,407.464,407.504,0.994,14.37277186,15.320798400000001,16.481466,-4.13141108,0.0,485.916428,-167.11861700000003,-32.48758999999999,119.505155,249.62660950000003,0.0,596.9175999999994
803,803,So,407.624,407.844,0.898,2.5334653764705886,11.217669732352942,-10.047949988235292,-16.509038864705882,22.378261000000002,648.9952323529411,134.91408914215685,-76.56137455882353,-133.12043015931374,-217.09405093137252,132.96238958333333,646.7478529411765
804,804,y'all,408.164,408.445,0.558,7.085929932466666,0.39248133666666635,-0.4244291433333329,-9.092019131800003,19.780791566666668,634.0324376666667,4.881328028320359,-61.37108257285874,-64.7414633047831,-48.82264324740823,102.38571598442712,522.5659658509455
805,805,know,408.465,408.645,0.732,14.51933065,-1.54278116,-25.283699170000002,-29.077130900000004,38.706713300000004,833.9359709999999,18.263441969696967,202.10952436363633,-54.45386324242423,-70.09600212121211,-9.130574242424247,-774.7668575757576
806,806,Christie,408.685,409.045,0.699,-0.1136936409999997,12.44065271,4.756829805,-4.527072855999999,20.966220250000003,589.874055,-30.16574290601504,15.125386872180453,162.53198486090224,-11.581527610526319,84.19784033834586,-817.4857075187971
807,807,"Gnome,",409.065,409.466,0.72,12.714940857142857,8.65981643857143,-12.78206199190476,-27.33337345238095,33.48143795238096,836.1678219047618,6.160691948051948,69.22399107207792,9.710736735714287,-48.12457185064933,-10.819318376623375,14.29080714285725
808,808,she,409.986,410.266,0.817,-7.9017041525,13.63395724325,24.643306900000002,-8.7056148725,19.2212809,618.0309235000001,-29.311956633677298,14.582071231941836,43.35441982176359,-58.23802261397749,67.707230684803,-218.70177026266416
809,809,is,410.527,410.627,0.895,0.4911445333333331,19.776082011111114,24.134287094444446,-9.623616383333331,19.925288722222223,548.3453311111111,43.24949519091847,62.89814350877194,-100.93274691950465,127.58339445304436,44.44745227038184,-1882.6532497420023
810,810,known,410.747,411.267,0.767,14.180430359999999,15.116227823437502,-2.9504473625000003,-20.060321415625,34.63943490625,657.57554,23.15896483577713,-12.70038302923387,-10.43134972140763,-47.776563921370986,-2.8305444006598224,273.52259934017604
811,811,as,411.608,411.728,0.796,2.3160430644347825,-0.17087182608695606,5.470276293913043,-7.962555417391306,20.44262904347826,601.1901473913043,-15.177200140415016,34.421102089920936,-14.864255455039523,78.57332217885372,9.905905928853754,760.3313537549404
812,812,the,411.868,412.128,0.691,5.8732846995,30.549354849999997,27.552103950000003,-2.5745147349999997,30.221203250000002,431.7188615,-33.749439280075194,-7.752845375939847,89.56026996240603,-158.23001187593982,22.765805225563913,194.6174770676692
813,813,defender,412.288,413.129,0.853,8.176219360800001,8.539189191999998,6.707298013,-3.0418462168000002,27.304455259999994,708.5540106000001,13.706418972292918,-30.50086911884754,-43.90563992352943,12.732242900168071,25.5248262304922,285.7114686914766
814,814,of,413.309,413.369,0.76,19.418215916666664,6.549104408333334,-18.934455605,-21.458485541666665,24.568235666666663,520.0133791666666,7.74693164335664,101.6156611363636,107.89072065384613,-29.01086246503498,62.19344370629369,-2154.6941555944054
815,815,traditional,413.489,414.19,0.889,3.228669545365854,14.678103189292683,19.555663052926825,-4.519450417804878,24.488271560975612,731.6040268292683,19.707364450696865,14.46660196834495,-26.899858427090596,-25.486381449651574,14.183208527874564,342.8443828397214
816,816,marriage.,414.27,414.65,0.822,11.593654539130435,4.32627992173913,7.644465578260869,-1.8982118904347824,27.034273217391302,691.1096586956521,-59.9479043231225,12.046408715415016,-23.693454614624503,-15.487773537549403,-29.08942495059287,1205.9803171936755
817,817,She,414.69,414.83,0.796,-17.350973566666667,18.973033,34.28869744444445,-12.546288222222223,39.17288944444445,790.0802466666667,296.25476275000005,-112.72612333333335,124.2201266666667,45.793579583333326,-227.84312500000004,-1108.5071666666674
818,818,considered,414.87,415.311,0.907,3.035561124,8.9582773756,3.45857526,1.82155215,26.788452279999998,732.5789424,35.306617992307686,-38.20570467384615,10.426052192307692,43.26156627884615,44.37156761538462,1237.9744765384617
819,819,herself,415.351,415.851,0.9,5.045628603703704,6.437733197777777,-15.426303833333334,-4.314749296296297,22.955731222222223,677.1648218518518,42.68964024420025,-12.448300291819296,-7.727771810134314,-85.8079124603175,0.5237543040293041,-160.19391605616616
820,820,to,416.232,416.352,0.998,0.45234753600000005,11.570738583999999,10.400570536,6.792807640000001,5.489307360000001,518.2111067999999,37.26592209230768,53.39373017307691,46.91705089615384,-11.232308576923073,41.524144423076926,-332.73060076923076
821,821,be,416.392,416.532,0.948,-1.6734160111111107,31.43302344444444,28.769499066666672,2.0812855055555555,21.796679333333334,531.7871733333333,-236.66522283333336,83.19327750000001,-227.98343800000004,135.69648895833336,-247.29288583333334,3534.9515499999993
822,822,special,416.612,417.213,0.976,-7.612933277147058,17.024936291176473,0.4653192097058825,-11.189963297058823,23.897510323529414,756.1212597058824,39.87933783828111,-8.181954485103127,-4.023064475401067,-60.133432885408695,32.12429304048891,-190.3967290297937
823,823,because,417.273,417.853,0.81,6.16137222125,12.42807884125,5.398260640624999,-7.370450628125001,23.531617093749997,643.4183303125001,2.6678769688416435,-11.793826447763932,-61.91596407716278,6.6108721471774174,6.562908220307922,298.16429829545456
824,824,she,418.253,418.434,0.777,-16.296010186206896,19.89316737068966,22.026058191724136,-2.9952609862068966,10.126421965517242,611.5799720689656,-15.244685480295558,44.32999129679803,69.7768788857143,-72.54621921674875,75.88590312807881,95.80055862068963
825,825,has,418.934,419.294,0.907,-0.6683314304651162,4.369415921232558,16.73700781232558,-6.28255951395349,19.582067813953486,571.5531109302325,4.668724781485956,-53.95214442783146,-59.14763965637269,6.7106732218363,5.22268926306252,256.66194820295976
826,826,this,419.374,419.554,0.811,2.0686289307692314,29.602821692307693,17.246026146153845,13.107152346153848,19.633022307692308,556.0798946153845,-85.05127788461539,27.638769230769228,-49.10140315934065,-60.06762126373626,-120.48106868131866,-2426.5954340659337
827,827,man,419.794,420.195,0.955,6.1920126656250005,11.6335641,19.0881912125,-6.66241024375,35.241985375,378.74197031250003,-40.00567099615103,-29.458960597507346,-14.55487835960411,-83.93618749266864,13.621642155425224,160.00918777492677
828,828,in,420.315,420.415,0.871,2.6140722,9.80499479090909,24.964994454545455,-17.043642109090907,32.04659418181818,559.6644563636363,104.69078845454548,-90.55029259090911,6.429062727272732,91.63711272727276,-86.45499454545458,-1155.918913636364
829,829,her,420.495,420.635,0.753,9.264540599999998,-8.587741309090909,-12.803883081818183,5.156180863636363,23.285290272727273,849.5914136363637,93.90641695454546,50.182517500000024,-191.3548346818182,-174.16133077272733,160.02615727272732,-308.35244090909123
830,830,life,420.815,421.255,0.895,1.2737132532258062,4.547274182903227,0.9228736193548386,-20.350605906451612,31.118816387096775,589.3435216129031,-20.308970723790324,-12.447773435080645,13.594641102822582,56.724332272177406,-31.93604074596774,-665.2699725806451
831,831,and,421.415,421.515,0.688,-3.7114928988461533,10.136293469230768,20.78823530769231,-9.033248930769233,33.611237,435.9643061538461,22.560532502747254,49.43926752747252,38.16241868131868,-4.9362888461538414,-75.40996923076924,-1441.0522582417584
832,832,and,421.995,422.116,0.665,-0.18463092266666675,1.202851266666667,19.647614050000005,-4.87574728,14.887814233333335,543.4194650000001,22.73734771701891,-25.416010947719684,6.254248726362625,-49.7553318175751,84.17076103448274,30.94753626251397
833,833,they,422.196,422.376,0.862,1.5769202699999996,13.818025384615385,22.48152830769231,-11.237863030769232,34.58663015384615,533.4881730769231,-88.02677114285714,-4.64734554945055,-3.912599175824176,-158.3404156043956,22.71577142857144,-543.8415796703297
834,834,have,422.416,422.696,0.87,5.132845029375,-9.621217325,-9.544742484375,-3.213435815625,34.680723625,732.59197375,68.91392360220587,38.464363367647046,-40.542578180147046,74.27915131985294,-11.696079999999995,951.1279382352938
835,835,this,422.776,422.996,0.781,1.3587644173333335,22.45423273333333,13.884535013333334,7.833432981333334,26.24934193333333,612.372382,-75.39996790892857,1.6305801785714256,17.53994098214286,-33.96515869821427,-105.06840303571427,-217.48500892857135
836,836,traditional,423.296,424.176,0.868,-0.8480045369491523,11.483150714576274,13.967976103389828,-6.319924563728814,20.94503789830508,574.7955718644067,7.961822932086503,2.7364966028053774,-17.759345658094688,-35.10979024003508,32.3061175862069,277.2314409117477
837,837,nuclear,424.337,424.957,0.903,15.982457302564102,18.926993282051285,7.892973783333335,-9.495171825641027,28.06774707692308,614.723801025641,-21.738019815789475,-24.82560367408907,-11.988047333502024,5.15613042408907,-6.337156821862352,230.46293846153844
838,838,family,425.077,425.597,0.98,4.8238442159375,7.8108596625,8.8073460165625,-5.1482482484375005,27.140121906250002,796.2923946875001,37.04097284961511,53.04077783724341,17.23216695830279,-22.999753612994873,26.275573231305,-420.1328221224342
839,839,right,425.697,426.057,0.704,9.171307434782609,-1.4220351956521735,8.120499404347825,-14.424361031304347,35.67862713043479,892.3040469565218,-86.12917493577073,-20.867556857707488,98.63848785079047,-60.751295102766775,29.436615711462434,216.03756077075093
840,840,um,427.898,428.038,0.746,7.760006912121212,8.926877975151514,12.54882927737374,3.2673969775757583,4.3761848282828275,741.2356777777778,-2.01308402158318,-14.889468358800249,-17.48476934139765,-3.7012844555163893,10.824464229437233,21.589980364873217
841,841,she,428.078,428.218,0.803,-22.082114233333332,23.964273000000002,25.91232585555555,-1.6713074555555556,25.437458000000003,770.7888966666667,298.0680036666667,-41.90159749999999,217.9830051666667,193.25186550000004,285.6370241666667,239.5417500000006
842,842,says,428.298,428.699,0.866,-3.47585237125,6.726800841666666,8.815594495833333,-0.5746459408333333,28.036268333333336,743.4362741666667,49.19280676282607,-49.41054922173912,15.837389580434778,-46.615370693478255,38.17885804347826,-656.634864347826
843,843,basically,429.199,429.939,0.936,2.0904399516129026,15.818641671774193,19.832688691935484,-1.6001878829032257,16.558494193548388,620.805904516129,3.1077088727052957,8.114218776724332,18.940460381380475,-22.35166552247488,32.47227351363601,-34.835728866057266
844,844,the,430.219,430.319,0.908,7.41439023736842,16.335836052105265,14.385257242105261,-3.4923998168421058,10.29151610526316,498.04027105263157,21.573995704385975,-70.97069368947369,-143.36745315789477,-10.344142098245612,15.241807807017542,-67.59329649122803
845,845,foundation,430.399,431.4,0.793,-3.1977058507407414,5.794381228148148,8.330339324074073,-10.505767051481481,28.23828485185185,670.0885211111109,-18.714436912064034,8.961888335201065,36.245218908519156,-12.01560633577282,7.335755696588525,-378.4750563750714
846,846,of,431.66,431.74,0.833,12.025803911764706,9.45644098117647,-8.457684035294118,-15.798667967647061,11.77603488235294,657.1443835294117,4.0887754901960776,8.892491845588234,-158.57132453431373,-22.436086715686272,22.775828308823517,1508.1250098039216
847,847,her,431.84,432.04,0.639,14.446153840666666,-0.3703923380000004,-25.543234032,8.055833139999999,26.14788173333333,933.5394893333333,116.80982425714285,55.03248645714285,-182.83799043928573,-0.23132812500000008,141.6657307142857,162.62954642857144
848,848,beliefs,432.14,432.7,0.763,-0.10764773787878772,27.243801666666666,24.239872518181812,-8.614546016666667,30.589699333333336,544.6101233333334,-64.67261867479947,20.61485041778075,5.173090311497327,-3.5172685862299486,-35.65815407754011,261.18989304812834
849,849,is,433.081,433.181,0.732,-0.5149976344166666,20.802426604166666,18.43262587083333,5.23992894,12.239303833333333,672.4624608333332,9.514554495608694,18.41893788043478,88.09959218043474,-28.072626786956516,79.06823426086954,185.89260260869568
850,850,rooted,433.301,433.781,0.886,18.130632693333332,19.30393231666666,6.712983843333334,-3.4505180056666673,35.35537526666667,626.0049216666667,-39.88929260066741,-27.612356824249165,67.78000660622915,-15.830744890878751,10.593372280311462,-36.01801701890982
851,851,in,434.281,434.361,0.986,7.243960341724137,6.9131245,25.20637086206897,-1.623818746206897,16.966624068965515,477.7901044827585,5.14790773768473,-19.14368216502463,-12.317318916256157,-20.950585718226595,18.565315443349753,-305.39532684729056
852,852,her,434.421,434.561,0.794,18.931713600000002,-12.849002053800001,-14.42289714,10.986001930000002,34.2243148,896.078577,133.61077757575754,-57.81353143696968,-58.9620284242424,-79.47488003030301,-14.936133939393933,-2135.0883303030296
853,853,marriage,434.661,435.162,0.866,11.43320058486667,-6.2922498566666665,11.028690753333333,0.3078473113333331,22.124651933333332,741.6142486666668,-12.428176801090101,24.438786781979985,3.785223392658509,21.69459501824249,-73.35865368186874,27.314946607341366
854,854,her,435.562,435.702,0.952,0.9616033592592589,2.301593237311111,5.714521211111111,1.8912598650370371,10.242824555555556,685.8099014814817,84.8925435561661,-44.93702786996339,-151.9830717521368,5.188697922588525,80.3664634920635,326.3758470695971
855,855,policies,435.782,436.622,0.865,-4.077671636086957,10.293312705652175,6.937516340434782,-7.722414497826087,29.199188086956532,615.025790652174,-16.63570428794326,58.30780340678383,76.28466303761948,5.0650179984582175,21.2852791551033,-671.0880868640147
856,856,um,437.202,437.303,0.597,6.317128843647058,7.269598761764705,-2.341538864705883,2.273323417647059,11.73706888235294,659.3997038235293,46.10576465359815,-42.65773677234529,-64.64178846447668,-53.194990789915956,66.42329263559968,565.926197326203
857,857,that,437.343,437.523,0.831,7.267409218181817,2.515846390909091,9.92240468181818,-5.014337497272728,14.932278454545456,638.3352845454546,-103.87488877272732,-10.187631409090903,54.548530318181825,-48.611445113636364,-150.79952818181823,-1082.592772727273
858,858,she,437.623,437.883,0.887,-23.67176118888889,25.483602944444442,32.432025611111115,-16.336403500000003,32.710360055555554,701.0162572222222,132.01047452012386,-0.188325541795667,109.44336083591332,12.941882920536635,43.00020923632611,-138.69231320949433
859,859,puts,437.983,438.223,0.939,-0.9405878988235292,15.41593505882353,1.9237122588235298,-13.484854088411765,13.380545470588238,849.8461394117647,-41.92233943259802,21.604623774509804,-161.0451209632353,15.816002244607837,12.564100367647061,1734.8662291666665
860,860,forth,438.323,438.743,0.819,5.524511373076924,17.59467601153846,-22.687694296153843,-12.994167830769232,30.29455888461538,807.7428442307693,47.74961287350426,-58.42158645299142,-59.4255001145299,-20.962280502564102,67.15094517948715,-357.4951625641025
861,861,are,439.143,439.263,0.516,12.2275794,4.155799669230769,-8.926003011538462,-5.9451911480769235,15.397744384615386,791.7334376923076,46.22523265641024,-28.35951248888888,-118.44515997777773,-44.14750688735041,96.51494403418799,1240.3756967521363
862,862,rooted,439.323,439.844,0.857,20.214019889655177,15.190361272413794,1.7908397827586202,-11.719911637931036,35.28002734482759,662.4204517241378,-57.939673231527095,-33.936836950738915,146.08702901231527,-9.239741204433495,-16.02493083743842,-851.4252093596058
863,863,in,439.864,439.904,0.0,13.244439166666666,9.528664,33.54371766666666,-12.751863,18.57806666666667,372.70958333333334,-116.68718749999995,-18.277799999999978,-36.50017499999991,-13.167550000000006,-700.0098749999997,-3601.867749999997
864,864,traditional,440.544,441.284,0.884,1.8096226336231884,10.917239193188408,20.495161420289854,-6.23785592478261,19.96594217391304,676.1590733333335,2.7294461440445743,5.996895010887832,-16.842809168249907,-10.25768345471319,20.33022655462185,-12.337902685421989
865,865,marriage,441.444,442.025,0.827,6.400684177062164,2.566579833783784,8.461136730810809,-0.9280905540540539,29.022907729729727,648.0738362162163,-23.331052301173546,16.74035461237554,9.528706684210531,-11.850185219298249,-29.71076233997156,-201.79197996680898
866,866,and,442.285,442.365,0.721,3.6184414439411765,5.933367393529412,18.73158791764706,-12.406837005882352,25.016974411764707,490.47468470588234,11.505576207598041,-61.17271316299018,-34.61554634803922,43.52139825980391,69.07255612745097,-53.57188480392154
867,867,"Um,",443.045,443.205,0.746,8.412552728571429,3.9263184157238102,-7.38838784047619,-4.997869733333333,16.536117523809523,609.708934047619,30.12734549388218,-7.335280453656914,-73.47205250425408,-35.763356674499626,35.65145142208896,281.78760785187575
868,868,you,443.685,443.806,0.93,7.442454924666668,15.843189053333335,18.851419659999998,3.0894955443333334,10.736926233333332,769.1369643333334,-8.765649535706336,5.102672745272528,48.590545337041156,11.637209532258066,49.07836454949945,-784.4823387096776
869,869,"know,",443.846,444.046,0.813,22.374625916666663,7.40383795,-13.228244166666668,-25.097953283333336,30.943358250000006,708.046095,41.81162709790209,186.74150709790206,-201.74239790209788,-204.78450793706295,-34.82154283216783,2475.791444055944
870,870,Jesus,444.306,444.726,0.774,1.043102885,30.133303617647055,14.564980570588233,-1.1478062,16.436428323529412,623.6483826470587,-55.16426767601221,0.5364573338426283,-20.059210357524822,41.70196125286476,32.84154385790679,-332.6287042780747
871,871,Christ,444.866,445.426,0.763,-0.03736204725714265,-1.9515681708571424,-5.096050824,-0.18628660000000008,19.593105542857142,766.8755388571429,-8.348890165322125,16.78812177591036,65.8764762352941,8.106045463585431,10.635703403361338,-279.86495378151244
872,872,and,445.626,445.786,0.75,3.9633903444444436,8.971033211111113,16.893589514444447,-0.5627235599999998,28.348580555555557,543.4655066666668,87.11182804953562,-9.945447739938077,22.13755213106295,-18.831801155830746,12.650064705882349,-1072.327654282766
873,873,all,446.267,446.427,0.882,9.237394365625,7.420922294375,-0.4652689687499998,-15.541306300625,15.627294093749999,711.21836875,29.411358967192083,-7.455796308651028,-102.35485132881234,-128.72679955260267,75.14106089626101,380.4775872434018
874,874,of,446.467,446.507,0.664,15.309779500000001,16.5974,-2.7617543675,-8.215987825000001,26.604702,809.06319,3.591150000000056,145.16403000000003,245.79161865000012,477.4295735000002,-551.9050600000002,-8398.4896
875,875,this,446.567,446.727,0.867,3.941551227272727,28.107339181818187,8.31956660909091,5.247298345181818,19.65069436363636,395.11696090909095,-127.82192354545455,34.38832636363638,-53.38939650000001,35.41477523409092,-48.37506590909093,-441.18848181818225
876,876,stuff.,446.747,447.207,0.688,1.9423102099999998,6.002869348333333,-3.697337252916667,-8.631598949999999,22.3235325,635.1020579166667,18.827460285217384,-52.89493859130433,41.962901624565205,-44.87338943043478,9.74898839130435,238.4819445652173
877,877,And,448.108,448.208,0.916,2.705304033,6.3729180754,20.02704273,-14.750690985799999,17.72354366,471.3773446,16.707744993493396,6.04051869510204,5.325949379351741,-9.307091344225693,16.6046013997599,80.74988573829533
878,878,these,448.288,448.648,0.792,2.9375712040909083,21.13933731818182,28.839772409090905,-15.879230286818181,31.788579136363637,689.5540263636364,-68.19801283935631,-29.02187303783174,-16.479272755505367,-36.36688296640317,-29.142777442123094,250.85460643704113
879,879,are,448.828,448.948,0.517,6.059465113333332,-2.1671015733333334,-15.021017662666667,0.25996129333333345,21.28225133333333,821.2143233333334,80.57742053571427,-139.9624864642857,-77.85845115000001,-0.9076384642857208,171.43257660714283,1823.9578642857143
880,880,the,449.008,449.108,0.916,5.155039706250001,21.826301875,18.43011007375,-0.9449277375000005,26.728451250000003,711.9073687499999,-87.01229985119043,114.35040297619047,214.53209992261904,-205.29243410714278,253.3566619047618,-4093.003410714284
881,881,ideals,449.228,449.908,0.851,7.187314090000001,12.944517852500002,9.843000872500001,-15.04318096,31.219675125000002,576.45590725,16.515924661350844,59.1505043119137,-18.448762112101317,-34.378461615384616,1.9736842917448418,-72.21352415572234
882,882,that,450.249,450.449,0.874,1.383303148148148,17.40504565185185,7.616285693703703,2.8930998814814815,8.265957814814815,645.8711962962963,43.3923210866911,-146.51951622100125,8.29336358852259,-50.65733739010991,45.25879062881565,-525.9284447496949
883,883,she,450.529,450.709,0.653,-17.06374702307692,26.060777599999998,28.05564353846154,-12.431298363846155,14.585620923076922,544.147323076923,168.07017653846157,93.7333113186813,182.16629395604394,79.38007630494505,178.56876373626372,-898.0022994505496
884,884,lives,450.829,451.169,0.746,5.4261318565217405,14.181316381869566,8.039777791304347,-8.94927224347826,21.991731086956523,674.9042991304348,-46.94599841403161,-27.375274696739126,-146.27711064723317,-7.358531290513831,-74.34556630434781,863.4434431818179
885,885,by.,451.249,451.549,0.797,9.575042215789473,-1.5200067052631578,-5.375720000526314,-2.1286540152631575,12.015662368421054,584.1993689473685,-5.870788552631581,-148.77384187719295,-62.606471148245646,-9.275047704385967,-84.6282803508772,-313.1839929824562
886,886,So,452.129,452.269,0.848,4.747141963888889,11.394534352222223,7.659438616666669,1.2191593539999996,6.1488056944444445,635.984945,-6.333439255469753,10.750863183783784,-40.163876005148,-39.6041876032175,42.64587465250965,227.65864041184034
887,887,she,452.35,452.47,0.763,-11.096395320000001,25.2409345,16.433519715,-8.696242039999998,17.7468258,766.5523729999999,104.45894103030298,97.3101318181818,235.02796019696964,88.42270593939391,266.1636024242424,-4283.7087060606045
888,888,"says,",452.57,452.99,0.881,-1.30617985,-2.8849596153846155,2.393290623076923,-6.764825126923077,18.128431153846154,774.5970103846153,51.710977943589725,-44.54329938119658,-3.4882197162393185,-42.766036070085455,-33.813483965811955,-534.176487350427
889,889,because,453.35,453.67,0.943,3.4579280494117652,9.24495125117647,11.413098898529412,4.856142149529412,11.408385676470587,654.7577517647059,26.823362049809006,-3.5469219592055,-15.637934274637125,-31.960475694514887,55.56615620320854,248.34022077922066
890,890,clearly,453.77,454.27,0.742,2.5165542633333335,1.5816699466666668,4.313610168333333,-11.773358816666667,27.26019883333333,1014.9266110000001,9.665208270300335,24.590342462736377,76.29419996162403,4.4898527152391585,44.54525144605116,386.10431001112335
891,891,now,455.051,455.271,0.726,10.487333451764705,8.784518986274508,11.880476392156861,0.9458003132156861,12.663151235294118,648.5853590196078,3.4374692678733045,-39.22687820588236,-38.29085624162896,-16.1263515440905,40.56613666515838,-61.91745683257924
892,892,we,455.311,455.451,0.94,13.599034233333334,16.336899511111113,12.049831444444443,-10.141680611111111,36.57483722222222,826.421241111111,-59.54554258333334,147.2468721666667,339.7490591666667,-17.346330000000005,-8.752057500000001,-2885.727450000001
893,893,know,455.511,455.791,0.869,8.465693378000001,-4.755240970588236,-22.331206935294116,-34.68714209411765,40.38799711764707,800.7307917647058,-44.04785325612746,-9.330891323529416,-162.8035255514706,-189.22349795343138,21.82701360294117,1296.2503737745099
894,894,she,456.331,456.471,0.749,0.47389482764705865,14.914380856764708,13.83318042117647,-7.982048885676469,9.7669295,731.4499026470588,-58.96852287593581,-2.0896181322383494,89.43373591504962,30.85452977789915,31.14231545454545,395.4735687547746
895,895,doesn't,456.531,456.872,0.758,-1.2157561024999999,-3.24360563,-3.292986384999999,-12.929293917,32.742656849999996,722.3260664999999,-17.39596350112782,25.83851544360902,30.77372965037594,0.9646508518796995,-50.53237342105264,-1318.8188169172934
896,896,truly,456.912,457.272,0.898,-3.4881787558999995,6.2607354565,0.9394468749999998,-17.82456998,32.6715194,825.4918875,94.41430833390979,43.27966609887218,48.248284492481204,-76.29147708270678,85.48013007518799,-202.79859511278198
897,897,live,457.372,457.652,0.888,5.198956942105262,12.035599045789473,-3.722680315789474,-17.410794652631584,35.92138557894737,666.9319610526314,11.717183508771935,-25.391723319298244,-70.84919186315788,-25.368351771929834,-25.149873070175442,742.8900728070178
898,898,by,457.732,458.072,0.826,5.574288632619048,-9.73313537142857,-9.567694416666665,-12.519712157142857,35.882951000000006,909.6501938095238,-59.431930488311686,-50.557495532467534,-13.493951951298696,-26.194537714285712,24.104996038961044,251.45254805194804
899,899,those,458.212,458.552,0.945,8.450571975,24.538807391666666,-9.579753608333334,-23.41771453320833,27.403881624999997,744.7031383333333,-21.88056856086956,54.705572917391294,-69.1283472043478,-73.5089763616739,-19.90799615217391,504.00677826086945
900,900,ideas,458.793,459.473,0.846,3.768068665565217,11.650634658695653,2.990249863043478,-5.124854261956522,27.48611682608696,592.5642945652173,-5.873654479814985,40.159297224483495,20.9805930672217,0.3858574050262086,8.809044033302497,112.46422839963002
901,901,and,459.813,459.973,0.753,-1.7947831248,1.8528546080000001,14.836615209200001,-13.498125828000003,27.077310280000003,558.0729415999999,-7.680527102692306,-11.308647733076926,26.72087114884615,-9.553352546153844,66.81130661538461,56.507294615384595
902,902,the,461.354,461.494,0.823,7.784087444736843,7.822904998684211,6.2175124118421055,-0.23211626842105273,14.511484092105263,725.4672219736842,9.745634530416954,19.59917037818182,14.072870767669174,-2.3334415239917976,14.003070917976759,-161.36600291866026
903,903,importance,461.574,462.294,0.955,7.605239728000001,7.731203866249999,-5.994607760500001,-8.6230481825,24.752840925,750.87348925,-21.15684935384615,8.795297627814257,-12.995469318105062,23.713212554878044,-2.3765645637898687,-450.50913972795496
904,904,or,462.434,462.554,0.672,17.281728130769235,20.450816346153847,-16.532629123076923,-14.55942713076923,27.88789238461538,812.5541299999999,1.3857760439560503,-106.20388736263737,83.91482225274726,139.4383818956044,90.49993736263734,877.905945054945
905,905,the,462.614,462.714,0.914,2.882169895,22.656329624999998,7.3343259875,8.832199525,18.993301625,674.27835375,-200.25511399999996,75.51112559523806,-105.11872113095238,10.672888095238102,-271.04011488095233,1194.137172619048
906,906,sanctity,462.854,463.555,0.853,-5.684038749523809,21.332814097619046,15.364743473333332,0.3411506592857142,15.738226619047618,595.2272557142858,25.54972543861923,53.82668196539989,43.25097732622963,-14.545488894457497,6.013399902763147,-245.0897674418604
907,907,of,463.935,464.035,0.76,12.939893525,16.621571104166666,4.71814201,-7.458970162500001,13.520249999999999,662.5415995833333,42.09741709999998,-24.54836425,-94.72389415999999,-83.5134744717391,97.31225839130433,143.24275369565214
908,908,marriage,464.195,464.755,0.809,8.862699631944444,-2.7494676261111115,11.518047768055556,-2.0739645555555555,23.450135250000002,801.5091941666666,-38.048561242277984,16.120868658815954,-1.1608588561776008,-19.866891140283137,-56.95031893822393,608.19749993565
909,909,based,464.995,465.396,0.882,-0.9310024062499993,17.356281715625002,16.2509011853125,1.090322423125,17.563626375,722.79975125,-56.16952884714078,-2.6132479719574744,-31.710715642686957,1.7180873931451623,9.301025073313788,212.00013013196494
910,910,on,465.616,465.756,0.802,9.28323203111111,2.7105858866666668,-15.219448372222224,-20.12572272222222,31.59777561111111,854.2302833333333,-13.346483036119713,-62.92311033642931,51.19759972652219,47.23527167182664,-36.712387461300324,-461.116540763674
911,911,what,466.036,466.256,0.805,12.106624086,5.127720964160001,-3.0797795479999994,0.11526487920000023,13.038861359999999,641.8582144,66.53107810384616,5.02025973892308,-85.1226956923077,-50.287169886923074,68.880816,-811.3915334615383
912,912,our,466.396,466.536,0.69,14.091061071428571,-12.42682247142857,-20.58118370714286,-19.74530642857143,31.30092185714286,794.3354457142857,2.3580746153846137,118.28487676923073,115.6355897164835,-82.59933934065931,44.97535318681319,2603.7785274725265
913,913,lower,466.596,466.976,0.879,19.704235636363634,8.48016229090909,-19.726695381818182,-17.152697959090904,31.52116477272727,834.1922995454547,3.2477693111236587,-78.26139206662903,-18.47119126482214,122.05599452569169,-38.37664706380576,513.5516022021455
914,914,and,467.056,467.156,0.959,5.437275284444444,19.603675055555556,12.333175877777778,2.504544891111111,18.481969777777778,553.9385188888889,-70.14566426666667,132.7461541666667,-83.49716741666668,197.59844801666668,-140.0384333333334,1171.5778833333336
915,915,"savior,",467.256,467.757,0.813,-0.01519470333333383,4.7772341066666675,23.423000692000002,-1.1828369433333328,30.144422966666664,689.8878936666666,63.43664830589544,-25.75349672124583,91.52003055305897,-18.040849714794213,52.807226017797554,-113.18069977753053
916,916,Jesus,467.837,468.257,0.82,-7.669849613999999,26.36484408,16.9036205568,8.99118439728,15.96269968,638.7887471999999,1.0137261807692304,18.49116607692308,-105.8573742730769,45.968857476538474,-32.51955488461539,49.41118269230759
917,917,Christ,468.357,468.797,0.859,2.2289376811111112,1.3675210299444447,-11.583684542592593,-1.7228132355555557,16.172822555555555,814.5292581481482,-22.25356599358975,25.001166777854095,64.24656163308916,29.991109026862038,-19.499281227106238,-525.2690262515264
918,918,"says,",469.197,469.598,0.853,0.4316714757500001,13.216599065499997,8.253760808500001,2.6640785780000003,13.637102774999999,601.8687434999999,11.328234334005627,-8.932968988649154,-10.473468689305815,-36.79300477530957,40.33598141181989,52.56720637898688
919,919,right?,469.698,469.938,0.98,-0.6821085799999999,-10.135736105882353,-5.801836623529411,-16.739839929411765,36.41088164705883,948.4419641176472,-47.90692659803922,-98.11451982843136,0.09479249999999279,-49.358809571078424,65.76875134803922,-12.954186274509599
920,920,"Yeah,",470.751,470.951,0.608,6.9697781800000005,11.357610304117646,15.050194621568627,1.793711909215686,5.760336352941176,753.0479392156864,5.953865980814481,-2.1968296118552013,-20.10757848959276,0.7916626878280548,23.841017407239825,166.16200606334843
921,921,she,470.991,471.091,0.965,-14.029730800000001,13.82833996885714,14.468430185714285,-3.8125007142857137,27.566445142857145,910.4038614285715,401.9323864285714,-241.69877917142858,393.0463989285714,384.8830696428571,335.45212857142855,-3235.607839285714
922,922,really,471.131,471.331,0.886,15.599159333333333,9.327010685583334,8.878449325,-2.6077731608333328,36.057080250000006,611.9734808333334,-25.271411538461535,87.10504885506992,121.01408263986012,-103.56691439685314,-15.669435489510507,-3044.369585664335
923,923,doesn't,471.371,472.472,0.756,3.3991902782456136,12.16397836245614,7.102641629192982,0.9594121954385963,20.359079140350875,552.8715663157894,-8.608412365309825,-1.4295260550946323,4.3819453676302835,-4.82140325907441,4.962523632356754,-151.77226737101373
924,924,live,472.512,472.732,0.915,18.548984076923077,6.363265619230768,9.097561527692308,-1.8310868999999992,27.934029000000002,487.2677669230769,69.84601785714285,-17.509257664835168,-138.26723307692305,12.390988104395603,-56.56499148351648,1326.830678571429
925,925,by,472.772,472.932,0.841,13.205357950000002,-3.893031009999999,-3.827791102999999,-7.9626049100000005,22.590134000000003,485.726109,-48.341817424242414,-79.48452857575755,-15.09391366969696,-72.88481403030299,127.58703757575753,-2068.2469060606054
926,926,that.,472.972,473.153,0.772,11.086768518181819,-1.3043816881818182,-0.1780740563636363,-19.155755254545458,15.352386454545455,480.8493890909091,-53.51517931818183,-100.26600140909093,-25.46446340454546,-100.30984590909092,-183.5179754545455,-708.892581818182
927,927,But,473.493,473.753,0.824,8.746949446666665,2.9927581662666665,4.5541045,-5.628426487666667,13.680500633333335,794.7331820000002,28.545796676307006,-21.72892282482759,-52.75326824916574,-52.193160696885435,45.466957074527244,811.7278371523914
928,928,as,474.473,474.573,0.811,6.555118067073171,5.986928268780488,11.421645292682927,0.796785254878049,9.391704146341464,577.6576297560975,-1.8087009864982584,-26.15479641811847,-20.276713090592335,-5.211559402003485,51.08602078397213,-41.37940653310103
929,929,I,474.634,474.694,0.992,3.427835733333334,-14.695565333333334,-13.681262333333335,-6.7901499,29.42041216666667,1118.5385,30.548864857142856,219.93065714285717,0.06034857142856175,186.0532225714286,-243.3185471428572,-3244.7991428571436
930,930,"said,",474.754,475.014,0.873,-2.3253127687500004,2.79106770625,8.821172149999999,-5.59261908125,27.608438437500002,785.8298575,64.4791545367647,-46.58672472794117,131.88885913235293,-94.2703419485294,99.70100124999999,430.56038676470604
931,931,this,475.034,475.694,0.884,8.102080202647059,14.350398660294116,14.353681350000002,1.3793942755882354,14.014817323529414,508.66068558823537,-4.8573191884644755,23.72261333391901,-24.411593725744837,-9.924943918334602,71.93212436210844,-494.9404072574482
932,932,isn't,475.774,475.974,0.868,-0.5699371,10.044426410714285,-2.3622844714285707,-3.425890071428572,33.83998021428572,461.23369571428566,81.95058325274725,83.107692543956,13.247752813186816,17.278762219780216,-115.60524538461537,-1069.1982923076923
933,933,the,476.014,476.114,0.967,7.347694300000001,8.8172118,-8.173468414285715,-13.874632914285714,24.964629714285714,800.2425271428572,-22.68766392857143,-6.327874285714301,-119.13569767857142,-49.51473267857145,-1.0258499999999224,3622.103160714286
934,934,first,476.174,476.435,0.813,3.0003469875,4.5460995125,-15.933390043749998,4.6650932449999996,28.4312814375,959.970618125,-31.4545560735294,41.17843610294116,9.474308536764699,47.734337014705886,-1.2408800735294039,-445.3592492647061
935,935,time,476.495,476.835,0.747,-2.6822239804999994,-5.06679807,-8.6688989765,0.054846835649999634,28.43746225,835.0937675000001,60.81788281390977,-62.43167785714286,62.75314476353383,-9.68622576710526,54.17044545112782,730.8976740601506
936,936,that,476.935,477.115,0.792,7.288766291428571,7.191658007142857,8.300156157142855,-6.790383771428572,15.810948714285713,636.4102328571429,-73.76898399999999,-68.69522502197803,-68.14771268131868,-159.75480501098897,-62.11097164835164,1728.2622043956044
937,937,this,477.175,477.375,0.896,2.957833561538462,28.338840923076923,17.167239953846153,-1.0189350200000005,18.73457892307692,493.6553546153846,-109.91041865384615,99.25614780219779,-110.43136206043954,67.21496452197802,0.05762802197801,-628.645403846154
938,938,tea,477.455,477.756,0.922,-4.810261046842106,37.25477847368421,24.561038169999996,-7.992069245263158,22.632962421052632,637.827294736842,68.2913065894737,52.3571947368421,99.27732669736844,-117.18498215964915,98.21824614035089,394.6412754385966
939,939,was,478.056,478.216,0.915,10.381133439130434,25.572877443478266,10.070890552173916,5.222673854347826,8.016993695652173,615.8171347826086,-9.000199757905131,28.533894100790505,-90.06277941699601,32.94038484683793,41.18456175889327,313.86717490118565
940,940,spilled.,478.296,478.796,0.797,-0.7773845515862068,15.238847822999999,-1.1027044206896546,-11.383675800048275,9.004597379310345,837.1399110344828,93.31597261113299,-27.043242708522165,-43.981797046798015,-99.23193242284235,1.0971831034482744,194.77503571428568
941,941,There,479.357,479.597,0.747,3.7061635920000002,8.1940448225,8.94070559,5.6093196335,13.509490625000002,686.77535,22.857386344559096,-25.806988012664164,-34.518122445591,-15.463170704971859,64.90743100844277,735.0095548780488
942,942,was,479.657,480.037,0.737,9.043131268181817,6.785543807954546,-19.42481261818182,-21.38619268636364,31.563238954545458,720.131100909091,-22.55777717955957,12.804028978402032,47.22959855448899,55.13965612930548,-66.26850640880859,-250.70496386222467
943,943,a,480.297,480.377,0.717,1.870270358235294,11.767097464705884,11.613677817647059,-5.389167605882353,19.444391882352942,768.7056941176471,31.834080767156863,-75.15792575980393,108.27099801470587,-79.51049839460784,140.37458296568627,2806.2101433823523
944,944,"website,",480.477,481.258,0.83,4.344171795681818,4.040201377386364,-4.587781399999999,-5.9790023852272745,24.149591772727273,657.0748554545454,-14.959801181782943,-39.88176393870683,-1.8961040267794185,2.906245724630021,-18.623228886539813,177.0694248062016
945,945,a,481.718,482.318,0.71,10.273655092075472,2.118865874716981,-22.491632990566046,-13.581502781132075,30.61656441509434,734.0615828301887,-5.457744048459927,-9.353737056644091,7.755189824221901,-3.7566505362038374,19.069092868085793,264.9469374294469
946,946,far-right,482.659,483.319,0.901,12.157353696,0.07150081679999978,-18.96992121,-14.510416844000002,27.28734438,778.4830010000001,0.06627024969988034,-5.278573216902761,14.77907222593037,13.43516123457383,2.2873697647058817,269.80415527010797
947,947,website,483.419,484.14,0.925,6.673426308780488,9.96349614390244,-1.6058387800000002,-4.4052640756097565,24.188881073170734,697.1199992682928,-13.449805048780489,-21.186474022648092,24.570917123344945,15.356898732578395,-16.13987655052265,-246.39007003484323
948,948,named,484.8,485.22,0.829,5.675678659259258,11.461152982407405,21.496852870370365,-1.1014701333333332,14.483375462962963,592.7864055555556,7.7826321111873416,10.626244997655801,-6.019614936153992,-28.150123748427667,34.48415509243377,-4.238873489613128
949,949,American,485.4,486.101,0.873,8.725968740454546,5.304814972727272,6.079945654318183,-2.723566809090909,30.007880477272728,669.1587256818183,-17.1535013136716,-2.9823832036645515,29.502725102995065,-8.876952119097957,18.318456458773785,73.78931384778011
950,950,"Greatness,",486.241,487.001,0.829,11.114606548400001,19.227953295555555,9.638006861333333,-0.5553447733333332,21.934214644444445,639.1179484444444,-22.11446121084322,18.664862308959158,13.926010188010544,21.889047470553372,-13.53121165349144,-571.9297991436102
951,951,which,487.342,487.522,0.826,0.725843921538462,17.969199344153846,15.580350310384615,3.763822661538462,6.923457307692307,693.6639769230769,-0.6405340574358956,9.380859127726486,20.60092667230769,-45.89658753504273,24.618795692307685,1100.3597511111109
952,952,claimed,487.642,488.162,0.847,-0.947067789375,6.767407554375,9.5385132796875,-14.9880208584375,29.174538249999998,637.7575621875,30.779199247617306,22.957277904875372,24.39326541559751,-27.843190105663492,58.2703087243402,-200.63022461510272
953,953,back,488.322,488.622,0.998,8.651260981304349,2.883521556521739,4.018662463478262,-8.943088932608697,26.973869391304355,673.7472147826087,-72.52581533003949,-50.57132632905137,-71.07801058596836,-60.01901495306323,9.86668537549407,316.0890533596837
954,954,in,488.823,490.444,0.636,6.301634142813186,12.83235762743956,7.540206987362639,-11.55917671131868,26.402223824175824,618.1557193406594,6.79617315046823,-3.8683773338350065,-21.630874695811446,0.26597914865424366,12.740339799331108,175.65912216913526
955,955,2021,488.823,490.444,0.636,6.301634142813186,12.83235762743956,7.540206987362639,-11.55917671131868,26.402223824175824,618.1557193406594,0.0,0.0,0.0,0.0,0.0,0.0
956,956,that,490.924,491.124,0.764,3.2213600149999997,3.7297824085294122,12.48426427382353,4.762119305882353,8.830146676470587,624.5832785294118,-0.5236917904507241,-25.78519045355232,-51.371152425744825,-39.434413795263545,22.801175546218488,362.25394446142076
957,957,the,491.184,491.304,0.852,7.568898077777779,9.633330544444444,6.2541174222222224,0.23902407777777787,10.885336111111112,528.8682511111111,57.06274716666669,92.29750808333333,64.25484941666669,58.010887999999994,-81.52666083333337,629.1471833333336
958,958,two,491.384,491.724,0.993,1.8279360785714274,25.32887276666666,-13.075373319047618,-25.22831179047619,27.62271528571429,876.9487899999999,122.87702599999997,94.5135906038961,-51.08736169480518,-119.10056485714284,95.3469259090909,215.32260974025976
959,959,were,492.105,492.345,0.799,15.426914858064517,19.420421535483875,-2.817712480645161,-8.745946565161292,16.605360193548382,743.4576683870969,21.199895647177417,-1.6175309758064558,-84.84770715725807,-23.26475801774193,63.139118004032255,165.03412681451613
960,960,romantically,492.425,493.265,0.843,8.550005582608694,17.0695300634,7.0868472,-8.830385919565217,28.421989369565214,595.9800291304349,-18.807313853839034,18.014647080114706,39.74729705581252,7.396860435707678,-11.503415063213076,-451.21329774899783
961,961,linked.,493.385,493.746,0.909,2.770404075,13.735913920833333,10.883896837499998,-31.56839223333333,20.366024291666665,639.8918558333334,-8.233316569565217,-7.764962654347823,48.43362295434782,55.485994895652155,-121.27823645652171,-233.00347086956506
962,962,And,494.346,494.426,0.974,-3.170453523529412,12.327294057352944,14.620379147058825,2.249765680882353,6.144634235294117,637.5798655882353,27.00802467349121,-24.62048807066462,18.13927142704354,-29.600150837662326,44.695302291825804,-445.99069724980893
963,963,so,494.466,494.626,0.908,-0.5575546799999997,17.6764839,-13.441888940000002,-13.18005097,28.5980005,826.140102,115.88578993939393,-136.49838393939393,-113.3102821212121,-195.39960227272724,130.38303121212115,4207.007642424241
964,964,they,494.666,494.806,0.978,-0.2909615777777776,5.402847711111112,13.707484366666666,-12.461856666666668,37.570078222222214,717.6746533333334,-89.34229308333335,-24.663161249999998,163.9750415,-203.7889874166667,20.980787500000023,-3360.411583333334
965,965,did,494.846,495.006,0.895,-0.04906884800000011,13.379410449999998,22.755540200000002,-13.112983660000001,32.811304899999996,559.787021,7.428184242424247,-102.17213663636363,-89.91143515151512,-27.60180109090908,65.40061424242421,4503.970306060605
966,966,a,495.066,495.086,0.995,2.7973521249999997,23.258098750000002,5.497373125,-4.469070475,27.938500500000004,563.3806775,-322.6127475000001,464.62848500000035,-92.25128750000002,154.81833950000006,-477.8036600000002,-809.3921499999992
967,967,story.,495.146,495.527,0.793,1.0468329272727273,16.33827913636364,-5.7287615936363645,-4.617943270909089,27.814551863636368,724.3543354545455,79.8106085149633,-119.62381745341617,41.10132665330322,14.252307171089782,102.11565671936758,424.1928887634105
968,968,They,495.567,495.707,0.853,2.965333033333333,4.2958964477777775,24.708744333333332,-12.791440512222222,34.305557,562.1708844444444,-57.32375516666668,-82.46946985833335,38.32210750000001,-207.4160015583334,147.5913058333334,-2134.2829333333334
969,969,didn't,495.747,495.947,0.899,0.8291566033333332,6.519976025000001,26.16408191666667,-20.469914475,37.13851333333333,365.97453083333335,39.55624325174824,-4.651693793706292,-37.77350506993006,11.696439877622382,-3.1462195804195905,463.41778846153835
970,970,have,496.007,496.247,0.858,2.171034076666667,-8.294929309333334,-2.6569768666666675,-3.1388938533333337,35.701401933333344,538.1169626666667,46.80463075892857,0.13355763571428741,-93.59704607142857,22.973724857142855,-13.813245892857141,355.40475357142844
971,971,any,496.387,496.547,0.848,8.864580206666664,19.773151273333333,31.645173879999998,-10.636841200000001,21.967617666666662,619.9452266666667,31.800904714285707,133.5656713035714,118.79843866071425,-33.69405737499999,107.78284053571427,-234.72028035714263
972,972,backup,496.627,497.027,0.882,12.545495383333332,0.6628079958333336,-0.5002274035833332,-5.118939677916667,23.76635866666666,569.18358375,-4.906070473913042,-36.971694880434775,-111.29221222152171,-36.897195562391296,-37.876738130434774,-155.3327223913044
973,973,information.,497.127,497.828,0.789,2.259200679,8.72205101825,19.291333975,-3.6400547824999996,26.631250825000002,603.584285,-28.28882999230769,21.608763976031895,25.96955236397749,-12.596345272514071,-4.083278400562851,159.85396744840529
974,974,It,497.908,497.968,0.976,12.318893557142859,7.744020285714285,23.944767417142856,-11.717817385714286,36.642591571428575,450.7071171428571,87.63516249999998,-56.65760339285715,-345.06926635714274,-26.82822392857142,16.45079642857141,1688.1862678571424
975,975,was,498.008,498.128,0.982,11.84943925,22.4064725,15.980656125000003,-6.036354423,27.162309625,514.8955412500001,-315.9517833333333,137.9601345238095,218.46714107142856,46.8404489190476,-264.86068273809525,-2606.6287083333327
976,976,just,498.188,498.408,0.742,-4.340822582142857,25.254283285714283,13.421281660000004,-1.6418936435714282,24.803913071428575,684.0686292857143,99.27397259890108,-11.527323956043958,-127.17910889230768,40.141492546153835,151.55697945054942,388.56531538461525
977,977,"like,",498.468,498.708,0.824,6.415758026666667,-6.157251931999999,0.3906057133333322,-18.079259288,32.06482486666667,949.4380460000001,-2.103785499999998,-87.30939419285713,140.79229057142857,47.228557060714266,-88.07325446428571,-1389.2977267857145
978,978,you,499.008,499.148,0.796,1.077604290909091,5.743083433636364,20.44562331818182,11.356839900000002,10.440828318181817,568.8658536363636,46.08086204404292,38.215701772444945,48.31131897233202,14.614453557312252,98.11178320158103,-301.2883280632412
979,979,"know,",499.188,499.408,0.899,14.693152,2.672763592307692,-22.799500484615386,-23.043370243846148,32.84521438461538,1015.1508438461539,12.627746978021982,179.18503747252745,-68.36709217032966,-180.8259694642857,-9.114215659340665,-2777.8961263736264
980,980,the,499.429,499.509,0.825,24.4052722,22.9753606,-4.629102487,-15.8866704,30.313944600000003,722.720838,199.35829499999997,54.96592500000004,4.047960650000004,-3.3617050000000206,-3.2331000000000305,-5365.035400000002
981,981,word,499.549,499.769,0.829,24.657313692307696,1.1338897923076938,-26.07883642307692,0.3878779384615386,33.18423576923077,939.5214069230768,-22.75411703296703,-189.02131925824176,-37.946114010989014,141.4341945879121,0.17813846153845367,1405.6593076923077
982,982,on,499.849,499.929,0.836,8.907539250000001,-0.8724251687499999,-18.76024908625,-14.389948237499999,31.8425395,956.1059725,-8.58298095238094,68.44120294642856,200.57324056547617,44.34636613095238,-12.159073809523814,-981.4566785714278
983,983,the,499.949,500.009,0.987,8.0086843,0.8129711,3.2915322000000002,-7.868970225,15.285527,845.96181,-55.06334700000001,-7.429102000000007,196.9899290000001,-114.98348650000005,-611.6450600000003,-7306.987400000003
984,984,curbs,500.069,500.469,0.724,13.54769147652174,4.180431708695653,-17.625164639130436,10.59543141895652,23.278644695652172,842.746827826087,0.1652074950592897,75.56545853754938,34.32508670454544,77.90013657747033,-6.068344367588931,618.4150197628455
985,985,that,500.509,500.709,0.874,9.326250558333333,2.0606260083333345,6.231594764166666,3.133049744999999,24.998701416666666,429.5534941666667,97.18506096153844,-156.970488513986,5.659645337412584,-91.36863388461539,54.75376031468531,-885.0889073426573
986,986,Corey,500.849,501.169,0.807,16.0961213,10.331815663304345,-11.831957239130432,-4.379595630434783,21.72543643478261,839.8690595652173,33.77474417490117,9.910288415810273,7.895923626482207,-1.4014317885375507,94.06324224308297,1190.3906996047424
987,987,Lewandowski,501.189,502.01,0.725,9.568821832285716,11.768391023809524,-0.3205062345238093,-4.232968294142857,25.996180666666667,677.3164702380951,-37.36630324626854,2.082142052507901,16.86250481747832,8.693178161956082,-16.22710878372903,-236.1389603354671
988,988,and,502.05,502.13,0.864,11.345114500000001,19.649744333333334,21.624725666666667,4.134182916666667,24.376405333333334,508.22770833333334,156.60327857142858,-30.064331428571442,87.81497428571431,127.60612785714285,-212.79212000000004,1213.5521571428571
989,989,Kristi,502.15,502.51,0.802,2.174845,19.126741310526313,15.53306494526316,12.985911929473685,14.965376631578946,493.7049594736843,-8.480603719298252,92.4328816754386,83.29593404385967,-36.088942198245626,37.93666701754387,-113.95377719298241
990,990,Noem,502.57,502.95,0.639,16.70659040909091,9.061788950909092,-6.420929931818182,-22.231381381363637,32.09352263636364,776.0883913636364,5.511701157538115,41.855406272727286,-22.084927456239413,-55.38242315556183,-12.900971259175606,661.0643464144554
991,991,are,503.39,503.51,0.79,7.196990172142857,1.0877724346428572,9.709931860714287,7.286322203571428,10.848342785714284,696.2380103571428,33.817300607827036,-58.321177296524354,-39.68842012452107,20.958321085112203,46.41417008757526,-91.42955897646421
992,992,getting,503.55,503.851,0.913,11.561098118888887,13.493968905555553,27.238473555555558,-3.162633943333334,29.43908538888889,656.800296111111,27.711345332301345,12.73648062435501,-7.940455624355014,-71.01611108462332,19.969573942208466,-1327.4765908152733
993,993,it,503.911,503.971,0.651,18.116501583333335,6.4964878,16.46386716666667,-8.758930833333332,31.742571166666664,667.9697866666667,-4.288240714285714,-198.24054514285714,-284.0423442857143,132.16898914285716,63.64227571428571,4574.043371428571
994,994,on.,504.111,504.311,0.512,11.080756911764707,6.1247896100000006,-14.424661217647058,-16.35381340235294,11.002894647058824,761.1735764705882,0.7144727205882387,-33.205265362745095,101.25627294117646,133.85312912254903,-137.99531213235295,-1661.238758578431
995,995,So,504.751,505.011,0.915,3.7837253257142858,11.979508697142855,3.979063828571429,-9.271602472857143,12.643362657142859,736.8744528571428,20.629177382352935,-7.5748012577030766,-75.65235742577028,-73.87235311722687,67.36555900560221,251.7439079831932
996,996,you,508.973,509.273,0.888,25.613207309295774,14.312779917942256,18.302122289061035,2.814332027220657,9.345030823943661,777.180161455399,8.684083296840113,2.396058561616465,5.362051950121821,1.429773778414642,5.550720937168594,-24.39957640429067
997,997,make,509.373,509.553,0.947,27.942673428571428,19.067037142857146,20.625203214285715,-6.824733264285714,20.527830857142852,807.7341749999999,-168.9207865934066,17.449257362637354,21.39576230769231,-133.77963438461538,-165.08769406593404,272.06955054945115
998,998,your,509.593,509.713,0.865,20.576273125,8.247474295,28.85660775,-10.979248887499999,12.289599625,634.5306225,195.0458267857142,-47.71137264285713,40.26336904761905,138.65092982142855,71.07144107142852,-5002.2853809523795
999,999,kingdom,509.773,510.174,0.826,30.057656765217395,9.944611047826088,12.39529679130435,-2.346725569565218,13.480589130434783,786.1050791304349,78.18770490118573,-33.7459171590909,-58.581210765810255,45.69942574604741,-17.88029001976284,-755.139632905138
1000,1000,and,511.034,511.194,0.89,31.87069039215687,14.710012794117647,20.125265186274508,-0.3623986962745098,12.72917380392157,781.6058352941177,-16.432391122171946,-1.3370692018099546,-6.252217305429864,-22.934963178280544,32.9466234841629,197.57253271493215
1001,1001,your,511.234,511.394,0.744,13.63754047,16.12862605,27.4871159,8.535758569999999,10.3171479,867.173313,295.23626196969695,5.127696515151513,-15.651295454545457,112.17919372727272,-45.02220939393939,-510.9804878787872
1002,1002,kingdom,511.454,511.874,0.827,27.25594776666667,12.546568625,14.521972241666667,0.07534142083333317,23.386892624999998,708.9493208333333,67.80250888695652,-5.758945769565214,-42.66784294347825,23.714293471739126,23.732527239130427,-725.8067013043477
1003,1003,makes,512.055,512.355,0.838,18.66666635416667,21.3851185,16.793270262916668,3.527822795833334,12.045437041666665,604.97512,-107.52463077173908,-7.718734408695645,-42.58941083804346,10.681391158695648,-25.70521745652173,1108.968263913043
1004,1004,you.,512.415,512.575,0.952,13.914039272727273,22.769816318181817,26.87993090909091,-4.3567721181818175,23.349413454545456,823.5565718181817,247.34837863636372,-137.94195218181818,1.469427727272713,-25.582388363636372,104.35871227272729,-1596.2275363636365
1005,1005,That,514.46,514.62,0.867,9.581540837254904,7.1487226318039205,8.002427433019609,1.62290709872549,8.025438352941176,761.6387486274512,-13.251662618305811,-2.825565329279451,0.9780076875641085,-1.4679390555919962,3.488126913051101,-48.65572854549878
1006,1006,was,514.66,514.76,0.778,2.691063728571429,13.853120828571425,-18.107335,-18.518898267142855,23.193360714285713,628.5216842857143,-261.58836267857146,309.40957214285714,92.60648214285715,131.4423810535714,-436.8083785714286,-1242.0309642857144
1007,1007,the,514.78,514.86,0.896,6.0993062,18.491905999999997,-3.3671072599999996,-1.9975850679999998,14.2662666,589.37223,180.31211,-15.307150000000023,34.42051600000001,-67.15049040000001,-180.39649999999997,563.9369999999993
1008,1008,first,514.9,515.1,0.797,5.799340077500001,5.500170166666666,-9.306315416666665,4.945227391666666,24.522206833333332,800.5042816666665,-55.19650465559439,52.80718706293705,-35.8653223076923,65.15921075174825,-105.98169615384613,569.7263286713285
1009,1009,time,515.14,515.341,0.784,3.143832833333333,-1.3089822833333338,-14.158206158333336,6.740507241666666,29.61985133333333,723.4297083333332,99.36697765734263,-166.59400709790208,17.789144038461536,-17.148797674825182,116.04274370629369,831.1657902097904
1010,1010,that,515.381,515.521,0.906,9.610717288888889,-2.3135762,11.207606666666667,-4.685545306666667,33.16851155555556,536.5920166666666,-77.06998533333335,-239.1563176666667,40.31010416666667,-184.8776868666667,-15.215971666666652,1409.972441666667
1011,1011,it,515.601,515.641,0.048,-0.09417196666666672,3.3965394166666667,37.283486,-7.276986400000001,16.30732383333333,891.8950916666666,-65.02386857142857,117.74031757142855,55.663925714285725,23.360495999999994,-420.2301185714286,-8060.570071428572
1012,1012,came,515.681,515.901,0.839,-1.5691604538461532,8.815998104615385,22.77804176923077,-10.944272753846157,28.298107307692305,587.1603307692308,86.42005159340658,-24.492307461538463,-28.57777142857142,31.829118104395604,96.70544917582416,-483.4354945054945
1013,1013,"out,",515.981,516.061,0.969,12.063066749999999,-6.701129525,-24.27681605,-1.7119790424999997,24.037824750000006,500.2241075,48.19648690476189,42.21970333333332,-99.75111619047613,-123.96893513095236,-240.47923571428572,-371.09902380952406
1014,1014,but,516.101,516.221,0.782,19.074613499999998,8.5445436125,-2.7875523499999995,-0.4244657000000007,13.907829375,386.2948,31.44428452380953,160.44031803571423,310.12115488095236,183.40225166666661,131.9062696428571,447.2093452380952
1015,1015,there,516.241,516.421,0.838,13.276131819999998,4.416767559999999,1.61967662,-4.74332282,32.3995422,857.0484730000001,112.94683727272725,-51.67990618181817,-239.40070903030295,-160.3038699393939,95.67484666666667,1527.1272939393934
1016,1016,was,516.481,516.641,0.739,11.417043563636364,17.078033818181815,-2.062128286363636,-15.375191231818183,30.84386945454545,906.2290463636364,-113.9535620909091,3.0688131818181863,33.8436358409091,155.7883735454546,-88.90597136363638,-213.38022272727315
1017,1017,nothing,517.202,517.782,0.764,8.364835033859649,12.533277004473684,10.69308259736842,1.1020078859649125,20.304013473684208,571.2462415789473,4.6885623987231,-0.3830297612619907,8.174744122374898,-26.72591876652838,32.472910662431936,-127.93138251879697
1018,1018,to,517.962,518.322,0.898,5.648854851851852,25.05031544444444,12.858329145925927,-5.2722576044444445,19.72092137037037,720.5328470370371,39.01435648656899,36.907440048840066,-22.628167544566548,-28.880147880341898,51.28469099511601,1018.2343769841273
1019,1019,really,519.083,519.543,0.727,15.66666403836066,17.065087852459015,13.125828563278686,-0.9611219693442625,22.13907570491803,744.2566334426227,-8.529594844896879,-11.258482926229508,17.60863350169223,1.9788580548387098,22.64969701480699,-53.4472797990481
1020,1020,substantiate,519.623,520.504,0.761,-1.2167221845833331,18.24912250604167,17.779458474166663,1.9097546645833334,17.653214916666666,633.6988485416667,24.3611610250217,-14.107768486240767,38.9488064019214,-25.25033455682804,20.34296289079461,-379.3823071808509
1021,1021,the,520.564,520.644,0.96,12.686747028571428,22.026674000000003,11.799099185714285,2.8030000285714287,7.916965142857143,393.02820285714284,129.78186482142854,22.649549999999984,-95.81083749999999,-75.04281517857143,49.418885714285715,280.89232142857145
1022,1022,claim.,520.704,521.144,0.914,2.4748788722,0.5248276546400001,6.001484016280001,-14.355189467999999,10.40450792,762.5105712,-8.193709625384615,1.147032692153846,72.42109956173076,-2.0884971961538508,-20.129283076923077,-781.6846223076923
1023,1023,But,521.544,521.664,0.908,7.767868005,7.644709873076924,10.729786858076922,2.522514012692308,4.9465150769230775,606.5844011538461,25.51335137658119,-1.1084864529914542,-65.59398956153844,-54.69575025282049,35.14583295726494,280.744865128205
1024,1024,Kristi,521.724,522.124,0.782,3.069506601111739,14.721136420869566,5.288720129130434,-1.1413578547826089,18.66002852173913,565.6670426086957,-15.835175677915505,79.22758242984187,126.651132403162,-13.718887140316207,35.9903341897233,-674.1257040513832
1025,1025,Noem,522.185,522.685,0.608,10.905866926071429,3.412298225,-19.731011417857143,-31.985225075714286,39.05989939285714,862.7774757142857,5.731299613163653,56.94242456075533,-20.715963025451558,-67.18686089545703,-5.623853297755883,-88.25090175150514
1026,1026,came,523.045,523.345,0.826,3.001086266666667,9.115081045454545,17.755586130303033,-8.284506896969697,18.72372681818182,728.1414863636364,-35.80735597927807,-54.38287694685829,13.452594849598931,-7.533448987299465,59.420684107620325,726.4069667446526
1027,1027,out,523.505,523.625,0.894,9.008288485714285,-7.505534264285714,-23.08259509285714,-13.275845857142858,35.04479085714286,951.3852385714288,46.62972187472527,108.46647645054944,-164.40503842857137,-167.22114661538458,-9.142504395604384,244.77241318681288
1028,1028,and,523.825,523.926,0.821,9.087972923333334,2.6097770666666666,0.08302372000000027,-12.1117664,21.4660806,575.0329353333333,-35.99138716964285,-69.21521710714285,156.84412673214283,42.113821053571435,173.8668526785714,248.0049660714287
1029,1029,addressed,524.006,524.566,0.905,-3.0839697750000004,2.4890378375,-1.6638804678125,0.661001128125,19.374727125,858.6394793750001,-38.54748846957479,16.40735001649561,-56.47748974331013,20.87359230846775,-29.351569519794733,-528.8053828812317
1030,1030,it,524.666,524.746,0.734,0.37467281111111106,22.766641166666666,25.69395866666667,-5.8839782,33.359771555555554,557.9641933333332,43.588270833333354,65.1062204166667,-65.10237166666667,-11.645895583333331,196.56736833333335,-1418.9493083333336
1031,1031,in,525.286,525.406,0.584,4.461332115909091,8.960991430303032,19.961517212121215,-3.4686217857575756,13.829703636363636,605.1319681818183,2.2022211533255347,-18.36080569100936,8.16258765040107,-34.05799050852273,63.27519772727273,295.0666864973262
1032,1032,this,525.466,525.667,0.916,1.4224041046153841,16.82198199692308,12.01092073076923,-4.63431932,28.756950692307694,390.68131,-130.36341476923073,15.501998708791197,-95.56358593406593,-61.94242078571429,-145.20063901098902,-378.8531730769231
1033,1033,tweet.,525.747,526.127,0.823,-8.796717931304348,17.9006552,16.931296047826084,-10.839881539565217,14.287086695652173,703.2204926086957,58.94318399308298,6.020261571146241,111.64124454545451,-29.172697292490106,-43.29347015810276,-274.67006077075087
1034,1034,She,526.667,526.807,0.727,0.04443475294117646,14.263419411764707,18.58100148529412,1.0880172826470589,4.399170235294117,691.0882805882353,-36.238928805194796,11.582763773873184,2.205476344537814,-4.776383904278073,31.965735064935053,-341.51383284950344
1035,1035,"says,",526.847,527.087,0.839,-1.1955840928571428,5.679071364285714,13.810634985714286,-0.9800392285714283,30.484474928571426,669.4651435714287,70.49214898461538,-95.96264776923074,19.933715208791202,-56.50718991208791,85.76816648351647,-1245.8488626373628
1036,1036,these,527.167,527.408,0.799,-2.532460839375,16.43429233125,22.968566781249997,2.23070888125,31.976415499999998,535.975529375,-85.34957110514704,-41.655580169117634,-30.891656242647056,-69.36656371323528,119.87423985294119,1324.1962713235291
1037,1037,rumors,527.508,528.028,0.78,15.309228783870967,5.090089744032259,-6.52938504516129,-3.6132643000000004,35.143484483870964,869.7885629032256,-17.481960004032253,8.508340563104834,14.207466383064517,15.998574959677418,-24.85401999999999,-399.2292679435484
1038,1038,are,528.248,528.348,0.677,13.415169735,-3.1574154375,-10.456388212875,7.683891385000001,15.226308812500001,820.7907425000001,158.7157926970588,-187.60522169117647,-49.80755498485292,27.357239258823526,38.10112007352941,1406.070526470588
1039,1039,total,528.408,528.728,0.962,10.543294947368421,11.444150882631579,-14.949044152631577,-20.049458347368418,29.520391736842104,790.3260857894737,84.94826179824564,65.99848340789475,-36.74702178070176,-65.36784724561404,98.72280973684214,-654.6134175438598
1040,1040,garbage,528.788,529.389,0.856,12.601980167878786,2.349741034848485,-1.1168019581818183,-4.024621490909092,27.815426242424245,898.7973042424243,-40.64327333990642,22.965678721590916,109.70663294401739,11.583520218917114,-10.158649832887704,-434.88166761363635
1041,1041,and,529.569,529.689,0.667,3.894111817333333,3.273496359999999,19.116655466666664,-5.193172343333333,19.263455266666664,587.2120993333334,121.32457350357143,-80.51622373214285,-35.60821589285714,43.633585205357136,154.64690571428568,-118.47188035714314
1042,1042,a,529.749,529.769,0.988,9.5578805,-0.3947796725000001,16.016800749999998,-11.451920750000001,31.149681,714.3040875,146.0883200000001,169.51848355000007,232.71467500000008,111.31537500000003,-23.46715000000002,-11808.980050000007
1043,1043,disgusting,529.849,530.649,0.899,0.1732800256818181,15.186931336363635,6.155993525681819,0.5612031172727273,18.54471768181818,626.1338277272727,-3.3999769635306545,-4.9441189711064135,1.914353646335449,-41.13564470401692,28.667614911909798,15.596263565891434
1044,1044,lie.,531.03,531.41,0.816,12.631283818421052,3.601348163157894,-0.5776380749999999,-14.547472344973684,14.771316868421051,526.79817,5.431466723383301,-64.91727809278915,-53.78968165089178,-4.066309628159536,-3.3919068333515687,85.41947882700514
1045,1045,These,531.91,532.25,0.78,1.9329003961904765,14.130118754761906,22.26524463333333,3.9019293333333334,16.293258095238095,615.5420371428571,1.094552348107932,38.57974688315371,13.662309961105255,-29.214254352159465,50.625592520865396,158.16319471679765
1046,1046,old,532.551,532.731,0.799,12.128046200000002,26.79935266,-19.503130066,-33.616626372,23.950127520000002,767.0751591999999,26.692439180769227,21.275932461538464,-21.1707547,-43.25437744999999,69.36751076923078,641.7685126923076
1047,1047,tired,532.851,533.411,0.811,4.435401020588236,-6.2750924464705875,0.6513331029411764,4.497224011764707,27.619561411764703,804.3717041176471,37.14737995951107,-0.628269017876239,12.20347286401833,50.56193512605041,52.98977668449196,587.8313659281894
1048,1048,attacks,533.551,534.011,0.903,0.9135988133333336,-0.2478807633333337,-2.292464115333333,-4.260558656666666,22.19887046666667,685.0497340000001,-29.420068608898777,-12.456364510567296,-8.9015016189099,21.928951393770863,-18.147443270300336,-21.090116573971038
1049,1049,on,534.191,534.272,0.832,15.4086836,5.729865103846153,-14.24946373846154,-6.945514186923077,22.08342469230769,809.11818,32.0907693956044,-10.59803627747253,123.93133065934062,-26.63354801648352,76.8799260989011,402.64128021978036
1050,1050,conservative,534.352,535.032,0.96,13.131932584210526,12.210077610526314,-7.817869899736842,5.444552455263159,26.433802157894736,749.403662105263,28.449581821862346,-6.962715276288433,-12.897332769832587,-3.0227744025604526,36.36950216653901,119.9671041689462
1051,1051,women,535.132,535.552,0.871,9.590368546153847,9.751581557692308,13.190490143846155,-2.2674647307692304,31.403673653846155,549.555001923077,-9.678672259829058,-21.279611509401708,41.80833440444444,28.816641880341866,-20.20975177777777,-679.6136883760682
1052,1052,are,535.972,536.073,0.807,11.849261647307694,-2.3848897953846153,1.3553156461538463,8.926901046153846,10.866493923076924,650.94549,71.03840723401709,-19.849418646837602,-124.75730518974355,-5.000116516239316,64.01968663247861,1116.0793511111108
1053,1053,based,536.173,536.473,0.936,0.5887009949999995,15.497243942,11.373020059499998,0.4751223099999999,17.65298865,481.279695,-117.90536703383461,95.64856452781957,3.2728209364661605,-7.60577589473684,-51.24724672932332,-776.1451375939849
1054,1054,on,536.653,536.733,0.834,14.229062673846155,0.3758574923076926,-8.044323346153847,-13.040071461538462,26.91534261538462,851.3388346153847,27.835539972527467,-107.08871357142857,141.6601789835165,55.153208186813195,88.42633873626373,107.87454945054913
1055,1055,a,536.793,536.853,0.463,10.222028500000002,19.3702736,28.395515,4.21341535,29.09751233333333,394.99052333333333,21.82897,225.23998142857144,66.33188285714286,204.10285185714287,-0.04652571428573135,739.3772857142857
1056,1056,falsehood,537.033,537.734,0.724,7.421752955227274,20.535974470454544,-4.188360768181819,-10.865884802272728,20.580712045454547,666.5908270454546,29.138105267618045,17.458619032064835,11.481076426356593,-0.5647141405919637,22.253738809020437,-164.31833470754054
1057,1057,that,538.034,538.194,0.893,7.3594057,0.45307706521739083,14.586241156521735,0.9521233391304347,6.532392478260869,562.5011582608696,37.47316376482212,-65.59381948616598,-69.42965381422923,-67.68321073616599,18.974553656126474,845.285568181818
1058,1058,we,538.294,538.494,0.792,12.544168086666668,29.418328866666666,20.33717898666667,-7.42680684,27.448521266666663,728.2975279999999,-159.68226278571424,37.10146428571427,131.22929219642856,-98.1134276428571,-83.62737232142857,723.3839017857143
1059,1059,can't,538.554,538.834,0.71,-4.519967912941176,3.989327294117647,18.27381982352941,-14.15639188235294,14.727373294117646,569.2898894117648,64.45599120833332,-64.79725757352941,-32.05761703431372,39.96274901960784,-0.8583612745097965,-997.5108529411764
1060,1060,achieve,538.954,539.334,0.775,-1.1033913199999994,22.223541872000002,26.904101580000003,-1.7639486852,20.332609840000003,477.241936,10.405940748461534,53.626376296153836,68.31187096538461,44.04408825692307,23.936200576923078,15.841866923076854
1061,1061,anything,539.595,540.095,0.733,0.6327844518421052,20.900251986842107,21.752127750000003,-12.433198900026316,23.726233657894742,430.12107921052626,6.388020786464601,1.5658035370390642,3.8320384697450485,25.20144954886202,8.16725008753693,-2.6100856220593096
1062,1062,without,540.155,540.535,0.748,11.702936522727272,1.2176574954545452,-11.108866945454544,-7.933579649545456,28.075198500000003,770.2959859090911,-20.429517970073405,-115.87901086674198,-62.135043483907396,2.7521265688876317,9.275464285714289,901.6929878599663
1063,1063,a,540.595,540.615,0.996,26.489559,6.092702425000001,1.5128795249999998,1.4533926249999998,28.070234000000003,795.5622725000001,-6.607850000000008,132.45463150000003,516.7891145000002,369.1907995000002,2.4095100000000267,-690.2740500000003
1064,1064,man's,540.695,541.155,0.753,1.5046573370370377,9.850182902962963,16.384963614814815,-6.164071881481482,29.27616362962963,561.3986655555555,-49.84563161782663,28.619012803418812,-43.11041797924298,0.41361254578754464,-46.00753946886448,40.97364560439566
1065,1065,help.,541.576,541.816,0.909,5.710002523030303,5.64269503,8.884839263636366,-1.9627778103030302,7.75677403030303,631.2144542424243,35.16427014872995,-14.210248773562837,-68.16532813001338,-88.57889840307487,35.551533990641715,271.97150083556147
1066,1066,I,542.476,542.576,0.91,5.80774662,-3.533827720263158,5.191220673684211,0.19013496939473673,10.993478499999998,629.854830263158,-6.565040277929751,-60.493626899387245,-21.7350878717584,-15.455376404119702,62.39786224422802,416.49865723821
1067,1067,love,542.636,542.896,0.902,15.05521125,-1.68231445625,-14.738808062499999,-22.656907787500003,35.747748125,680.54011375,45.27517433823529,65.87630291911763,-109.51502845588233,101.88750242647058,-19.06427749999999,863.0110749999999
1068,1068,Byron.,542.956,543.397,0.927,19.478309004,-5.347772108,-3.4442631879999994,2.5574574536,21.81947676,716.534956,31.434023961538454,31.547068903846153,39.13499705,39.91214694307692,-33.10748584615384,-719.7362738461542
1069,1069,Byron,543.497,543.877,0.918,14.151756729166665,-6.635333634583333,-3.6925027666666668,7.067234085,26.644033166666663,702.0882958333333,5.7577042282608675,-41.987901420652165,-8.517980026086954,16.53924898434782,72.66387295652171,70.08133739130434
1070,1070,is,543.957,544.057,0.688,-2.8802856222222224,12.177960163333333,12.298645966666665,-4.099044444444444,17.409962999999998,624.32038,-166.4871701666667,270.9428064083334,-187.50747666666672,60.94943333333333,-262.0774825000001,-62.8755666666667
1071,1071,her,544.097,544.237,0.673,10.0855012,-0.4798225666666668,-3.1041650488888894,5.911923895555556,13.244029444444443,872.1560611111112,156.4445545833334,-108.43998816666671,-3.97014276666666,143.11255736666666,49.95715083333332,-493.8917083333336
1072,1072,husband.,544.317,544.838,0.909,1.656729095666667,9.500513014666668,0.09862614333333303,-3.627036163333334,12.408875966666667,527.413314,15.571400668186872,49.74852885183536,52.14161607452726,45.79530295995551,-67.02115745272525,-326.69062380422696
1073,1073,I'm,545.498,545.618,0.898,1.067142198717949,4.892599176923077,13.43078533076923,0.15587171333333347,5.8233239999999995,715.509345897436,21.652318884412956,-33.85090174797571,-42.2203106437247,1.0146680046558716,32.27241740890689,105.06802429149798
1074,1074,proud,545.678,546.078,0.869,10.154597884782607,-11.349419,-20.26471535956522,-9.269323126086956,30.071310956521746,732.6977313043478,-33.12277261610671,-32.4764481521739,-37.01840424604742,-66.05429120059287,34.7652581521739,-64.24939377470358
1075,1075,of,546.218,546.298,0.795,16.046477181818183,5.633478909090909,-13.64159049090909,-17.87119095454545,20.640780000000003,561.9093200000001,81.93793772727274,167.24017722727277,18.81545954545456,67.4067356818182,193.9073381818182,-2498.2697454545464
1076,1076,the,546.358,546.478,0.877,18.597364833333334,13.445733244444444,0.2894902333333339,0.7581147777777779,30.701738777777777,423.92237666666665,25.43692291666668,14.230423583333325,-40.484287500000015,1.5988325833333263,-15.308745833333338,-607.7125166666669
1077,1077,God-fearing,546.619,547.579,0.866,7.4101941,-2.9664718709090914,4.047774075454545,-1.029325952727273,29.893679963636362,644.5248690909091,-6.5821694395021675,3.011048102813855,17.141098015331895,2.9567137539682546,-0.25533603896103885,156.21822305194812
1078,1078,family,547.679,548.219,0.86,2.6480984665625,9.576218215625,14.146871909375,-2.31841137,28.0552435625,600.96890375,33.761683324138566,46.05647251924487,26.41488033632698,-13.716849191715543,20.250812701612908,386.8588577712612
1079,1079,we've,548.58,548.9,0.821,8.46293960735294,19.94584564323529,23.86020078382353,4.121839986176472,19.624040970588236,607.1609935294118,22.2112387459893,28.272617181588995,-13.174459537433151,-12.67034995729564,73.92918923605804,42.799678074866286
1080,1080,raised,548.96,549.26,0.983,5.728030286111111,12.346490449999997,12.778065313333334,5.326190225555555,28.07516233333333,702.7444633333333,-92.34585705624355,83.02160368937051,80.57389398968009,37.13177059133128,-96.85610216718267,-1200.8131207430342
1081,1081,together.,549.32,549.86,0.91,7.9971218468,11.613983073666667,4.792846199666666,2.6083644,21.731830099999993,572.1748796666667,59.62155490994438,-62.98350551334816,-53.831295080867626,-5.976941581757505,-0.4769166518353768,-512.176327586207
1082,1082,Now,550.401,550.641,0.859,11.325157226153845,4.055434448974359,8.009708596153846,8.324213364102564,17.407329769230767,601.5940469230769,-4.895934043421054,-22.9314714701417,-53.749368326923076,-40.75376187449393,68.24124799595143,1.7088828947368626
1083,1083,I'm,550.741,550.861,0.975,12.621619581818182,4.519366281818182,-21.385701857272725,-11.495766581818181,31.355933090909094,868.1558399999999,30.214101818181827,28.95413786363637,182.92188384090915,167.48526727272733,-80.20247590909095,-2330.445800000001
1084,1084,getting,550.901,551.181,0.874,3.1142730106250003,14.2050486125,25.800416187499998,-13.57899774375,30.556790562499998,584.01955875,26.614315731617637,31.778222852941166,28.81174154411765,-27.140060624999997,37.86223522058824,-1079.5219058823525
1085,1085,back,551.241,551.461,0.793,5.604623981428571,-3.6899925685714297,1.1049416499999989,-5.453916162857145,16.051458214285717,816.5625742857143,-46.05829367692308,-113.93636868571427,-108.04186091208787,7.793432487912088,-24.64160846153845,-1430.7362329670327
1086,1086,to,551.501,551.601,0.964,2.0704276714285714,24.250540400000002,1.0075622000000002,-13.156237928571429,17.871695285714285,672.2702314285715,300.0843516071428,368.9967617857142,-17.932051428571437,-165.17435357142853,330.39495,2881.6219821428567
1087,1087,work.,551.641,551.881,0.874,26.109302714285718,17.802644850714284,-24.942935714285714,2.0146952714285713,17.34517764285714,939.0055414285715,1.0470736263736264,-162.92514438571422,-89.74141648351646,100.34324507692304,-165.39278648351646,-441.4495868131866
1088,1088,"Well,",552.142,552.322,0.445,8.344866376363637,11.272128767272728,9.510205518181818,-0.11890964863636375,10.784931,725.7392777272727,30.484987506493514,30.2749806595144,57.00797838509316,-42.351871811123665,67.74356448334274,211.9196829474873
1089,1089,here,552.362,552.542,0.797,6.764832903636363,13.261379812727274,16.135014190909093,-13.064994142727272,33.819843,592.5162136363635,168.78338999090917,-97.32449762727276,-349.37977309090917,-150.78560578636367,102.32948454545458,-473.20992272727295
1090,1090,we,552.582,552.702,0.988,6.57869100125,9.0938959225,8.17600775,-18.1773548125,39.999845,561.8121074999999,-197.01969475595237,50.615878666666674,493.5338321428571,123.41298184523806,3.160882142857156,-2526.363476190476
1091,1091,are,552.942,553.062,0.865,6.714916988888888,-14.633181750000002,-22.19227761111111,-17.761467777777778,41.12508894444444,538.2041044444445,60.97941018575852,-26.492086558307523,-104.45711388028894,2.258557688338496,-7.849444943240452,681.5537739938079
1092,1092,two,553.402,553.622,0.818,8.389859542857142,10.921704842857142,-1.6979082085714288,-5.071916220357143,19.675122499999997,658.6256182142855,-15.474190528188277,54.191348505747115,15.180797297208537,-65.54368913177338,45.46193984674329,95.44522755883965
1093,1093,years,553.662,553.963,0.727,0.9745527058823529,9.89316330764706,9.252842138235295,-13.646430694117646,30.58302129411765,529.1917752941177,-32.12723211519607,76.32041651838236,-108.99466540441176,19.341078308823526,-126.13559718137255,-1667.5179644607845
1094,1094,later,554.063,554.423,0.867,2.8681660726086955,-0.09135595652173896,-7.49740709130435,-12.587732408695647,39.853643347826086,706.0200134782608,16.04010827322134,-105.81425926877468,-20.419015587944656,87.36907071146243,-3.3333410079051355,1369.6026116600783
1095,1095,and,554.843,554.963,0.706,5.303509017037038,-1.7305800403703702,10.282433266666667,4.493954091481481,17.318266925925926,581.4301574074075,4.572791431623934,6.114787782661784,60.25568931013433,-45.3099330381563,33.63085018315019,-126.87906807081811
1096,1096,the,555.003,555.083,0.824,7.696245306666666,15.394527416666664,22.471356,2.982308283333333,20.799065333333335,734.5844316666667,72.58770394285715,91.86244214285718,159.47910571428574,-14.93661728571426,-46.46235714285718,-6709.1531
1097,1097,Daily,555.143,555.503,0.895,2.8182173942857145,3.6256227890476187,12.413509642857145,-16.390030128571425,34.76109833333334,685.6717204761904,-4.780694982467529,-53.35240614999999,-39.428262402597404,-90.59299810389611,57.58886668831168,-7.716875974026061
1098,1098,Mail,555.543,555.864,0.961,3.320785561111111,-4.688148227777778,-6.12993885,-24.53553218333333,38.51509394444445,811.5019355555555,9.963126073271422,-63.37356791021673,-163.11711267801854,-88.91037673374613,8.142583436532506,151.83099174406567
1099,1099,has,555.944,556.184,0.911,1.6359597999999997,7.973570775,8.231801566249999,-4.38206075,17.132983375000002,620.192250625,17.1656794117647,166.01875898529406,-34.826639310294105,146.77970294117645,30.931904999999997,-1409.4491713235293
1100,1100,busted,556.404,556.944,0.758,4.191507944736842,15.729748649999998,3.841953678421053,3.7949132418421057,20.463399526315786,565.1410502631579,-34.847424983586826,-0.8996854278367442,-0.04432618623481833,5.176810647609146,8.674671211292264,-114.00499688149681
1101,1101,wide,557.484,557.845,0.89,11.2867522,4.605750415555554,3.570288811111112,-3.695798255777778,19.58560962222222,645.0911284444445,1.1057814084321476,-54.09356291963112,-63.68796034584982,-27.918418555138352,59.59045797760212,242.37948392621877
1102,1102,open.,557.945,558.225,0.81,18.629029110526314,15.828180773684213,-2.525340523157895,-7.748771713684212,6.991041052631579,609.3506131578947,-54.71208792982458,-18.57501425438597,107.82649866754389,122.97425631403512,-87.76399298245614,-1707.0580289473687
1103,1103,Okay?,558.625,559.145,0.794,3.312781192391305,3.52142705652174,3.711800604782608,-17.754412045652174,19.441154260869563,791.6894634782608,-24.160744014400247,-35.38150577921677,-26.588071607832248,-42.23724994850446,30.55656128276287,337.4616009250693
1104,1104,Wide,559.706,560.066,0.944,3.5614457313043477,-1.516658460869565,-6.710481427173915,1.4354822104347824,20.219506217391302,792.2346254347824,17.29225997718162,-49.37661043354918,-59.70129318529139,-30.04096288325625,65.48920876965771,481.8765676534073
1105,1105,open.,560.186,560.506,0.945,20.433762454545455,12.808286022727275,-7.34270504040909,-11.170275331818184,16.325260636363637,543.3862486363637,-4.593281366459626,-14.183850002823267,111.11521418466968,162.79902867024282,-59.708593337097675,-1010.2075242800678
1106,1106,The,561.006,561.127,0.803,5.546309505483871,17.00387837096774,23.246950596774198,3.741220404129033,5.102999032258064,725.2010658064517,8.039891448387092,4.182400040322579,8.707886703629033,-6.688977858306454,28.857603931451614,-939.9624514112903
1107,1107,Daily,561.167,561.507,0.869,2.638617957894737,0.08198242105263145,12.239678231578948,-12.625328673684212,36.289727,901.7553194736843,27.669760763157896,-11.849634219298249,-26.365194491228078,-39.51713542982456,33.98221754385966,-152.41658771929826
1108,1108,Mail,561.547,561.967,0.878,2.2440690304347823,0.2768908830434778,-9.590873454347825,-19.05561911304348,38.835056173913046,748.6326143478261,24.731616279644264,3.7469682406126474,-160.3377212870553,-100.27580852272725,5.980646590909094,399.9700449604741
1109,1109,has,562.307,562.627,0.841,2.360673893030303,1.320997409090909,-0.9476509515151511,-1.1378038109090913,14.499000303030304,710.0272406060606,-20.607335326871663,-9.577702986296792,-17.6877272309492,9.635161877673793,18.43293746657754,546.081973763369
1110,1110,uncovered,562.847,563.588,0.874,10.291657775000001,-1.9584229854166668,-16.861829760416665,-1.2487709908333333,27.1253856875,745.1963916666667,-0.7787018676726006,-17.280490253202338,-17.385844764166293,22.22357866663047,43.28125655937905,339.7433795049933
1111,1111,extensive,564.79,565.471,0.97,2.3793509908421058,11.786419477684213,10.999072295368421,1.3798586519263163,10.795038315789474,641.577817368421,-9.772529420114783,1.2337284265327548,-11.309798599566069,-10.600861413036112,15.478042508398653,-97.15266030235162
1112,1112,"evidence,",565.771,566.231,0.902,2.758217854736842,1.8591887052631582,12.592839363157893,-4.135890955263157,13.227592131578948,714.1310523684211,-11.814547338001969,28.18686843418317,22.789523528832476,21.914672072327388,-10.298726168070903,-334.410902451034
1113,1113,right?,566.871,567.172,0.799,2.307456184893617,7.638914269489361,5.067992583829787,4.249373855531916,10.974680638297873,665.325534893617,18.907730676746066,-43.79117920444034,-13.594579872340425,-40.93172412390148,41.031359840425544,191.74016610777065
1114,1114,Dozens,567.692,568.312,0.885,0.7882318701754382,8.600047201929824,4.627358889122808,-1.797225455263158,22.176790859649124,639.5219015789473,-9.866911670663727,-2.882052176335233,-40.087915893375666,-30.607346614920917,39.07615907765101,-133.23084226730617
1115,1115,of,568.532,568.612,0.823,7.022049946666666,3.61653418,-20.63244323333333,-17.561141366666664,16.966497533333335,696.5674120000001,69.93517569642857,-33.09970382142856,-16.36961875,-63.26970321428569,134.8575001785714,809.3664035714286
1116,1116,trips,568.853,569.313,0.796,-9.283324282857143,-1.2940182599999999,-0.9440977151428569,2.034710066,8.705267857142857,716.0187397142857,33.819978193277294,-0.18504950224089337,-12.289845943417363,-13.834691429971985,-4.028602675070027,229.95419649859934
1117,1117,that,569.813,569.973,1.0,2.696756123136364,7.774492857575757,7.268936518181819,10.550000272727273,11.227622757575759,620.4889981818181,50.97830032501671,-60.45541588402406,-0.6114686029411743,-33.831254089237966,69.09434903074867,-27.0071328542781
1118,1118,are,570.073,570.173,0.797,20.6465544,-18.50844671,-24.7406456,9.47979639,33.5235194,793.971285,73.93014727272724,165.59711057575754,121.31820727272725,4.887495060606061,-6.307105454545467,-428.51505151515187
1119,1119,mixed,570.354,570.734,0.868,-0.5801498142857137,12.136263057857144,13.042263293571427,-3.506321007142856,22.533341250000003,653.391520357143,-102.71521809523809,15.771897572523262,-53.75707314641488,20.769741494252877,-92.73376700875752,348.32213669950744
1120,1120,with,570.954,571.154,0.708,10.094283376190479,24.68418916666667,9.252728569333334,2.9564512142857144,22.86552323809524,558.0370014285714,31.592056032467532,-27.69004379870129,39.95284837532467,-42.57889711688311,60.516154870129874,188.02744805194794
1121,1121,business,571.294,571.875,0.802,5.424239352777777,19.328428158333335,13.957785746319445,4.674470115277778,26.893923583333333,480.15955055555554,-42.908900511325605,2.569286483268982,-23.213884057738092,22.4623355518018,-38.80706940154439,-194.37306936936932
1122,1122,and,572.075,572.175,0.797,7.004519793333333,4.850187675446667,7.494876435333334,2.4963054593333336,17.4042556,532.5304486666666,94.60858516071428,-98.59406132883926,32.03343928928571,-57.66125639821427,116.76473839285714,349.53317857142855
1123,1123,pleasure.,572.275,572.795,0.822,2.1908083654838713,6.425101132258066,6.4876863548387105,-11.992506881290321,18.54644264516129,713.8923974193548,1.3980165933467752,3.461781336693549,0.3107289153225778,35.81774047600806,-15.076663145161287,46.0247846774194
1124,1124,"Now,",573.135,573.355,0.863,8.054867175714286,-3.9639177450000003,1.198342455,4.983659546428571,14.176249142857142,640.6067421428571,38.09980282156541,-59.807830527640945,-70.28646034126983,-40.499624043513954,76.00740782703886,1132.5834638752053
1125,1125,if,573.516,573.596,1.0,8.465058625,7.841660958333332,4.809197833333334,-6.823499058333333,29.7773385,538.9785,-53.72936963286714,164.50728505244754,291.6026919580419,81.29923606643355,150.06456468531468,-2277.1412797202793
1126,1126,you,573.656,573.816,0.917,13.959236354545455,18.515282,20.061876718181818,5.790607890909091,33.49049,863.3343218181818,153.91524413636367,-50.82858840909091,-103.60709740909093,7.243278318181816,75.22180227272732,2883.6786454545463
1127,1127,know,573.876,574.096,0.808,17.492147857142854,10.464181371428571,-17.12545557142857,-30.156440900000003,38.409186142857145,722.4704921428572,-70.37556043956042,-25.81350156043955,-235.31809714285714,-231.5181858461538,34.14876835164834,2183.8726714285713
1128,1128,the,574.136,574.236,0.915,6.404263142857142,16.246721142857144,7.811832099999999,-10.990422414285714,36.25003242857143,562.6783171428572,53.93456053571428,85.52963749999996,310.7377564285715,199.19728285714288,-74.4701767857143,-3498.6720535714294
1129,1129,"game,",574.296,574.776,0.875,-0.8135791000000004,8.240981907407408,20.019005181481482,-17.82599165925926,32.5119022962963,685.625595925926,42.60332442307694,75.74535306776559,37.16401971916973,-9.222451904761908,-8.27644078144079,-911.1092582417584
1130,1130,you,575.537,575.797,0.843,7.5590767358823525,14.758020488235298,14.76715310784314,3.0067062568627456,12.826238176470586,675.3711239215685,-2.701795089728507,4.1938870357466085,-19.196955270588237,-18.456105947058823,47.43536516742082,311.91650190045254
1131,1131,know,575.857,576.177,0.641,15.007375819473683,-0.5379416844736842,-20.75198341578947,-33.69695850526316,35.95557842105263,885.9046015789474,65.93357923508773,56.73883019298246,-37.91372792105265,-147.78867268421055,-30.350822456140364,108.51118157894727
1132,1132,that,576.638,576.978,0.76,7.99212929025,3.34623699,3.6599441710000002,-8.521577785,20.3254435,673.0562072499999,-27.042724852016885,-62.27305720919325,1.4228197679174472,7.391040724202626,22.583965778611635,-29.51771083489677
1133,1133,these,577.238,577.478,0.82,3.3651009139999997,23.089424796000003,28.647303944,-3.2658299119999996,18.8627944,581.7848108,-80.91198039615384,70.29710292307692,62.56481246538461,-26.30076030384615,69.0349558076923,998.7201265384616
1134,1134,trips,577.658,578.038,0.729,-15.513080810714287,-0.2701305214285718,1.4189393857142865,-0.08288568214285696,19.664910535714284,736.8031449999999,69.27257202380952,-40.88060049261084,-89.90485759989052,-11.716412568418173,-14.72603457854406,486.89372249589485
1135,1135,were,578.419,578.599,0.91,3.8860740439285726,19.183348103214286,3.509907592857143,5.835179182142858,11.466597142857143,779.1399546428572,50.30374119334975,3.0262786791187715,-25.20061096606458,-41.916573348385334,76.74657164750957,387.56494485495364
1136,1136,set,578.659,578.919,0.888,-6.930112822875,1.3200964375,-8.04423723125,-2.1517989687499997,27.761115062499996,899.1788387500001,90.35792423661762,-175.85932169117646,-86.62145449264703,-130.90979844852941,182.76750492647054,1632.8155617647055
1137,1137,up,579.019,579.519,0.885,5.180667646333333,-4.383247155,-4.8447534943333315,-10.757423376666667,17.699082633333337,781.6343336666665,-6.92239351156841,17.270575275305895,76.99343294961068,29.82317317130144,23.851825038932148,-805.2225972191324
1138,1138,as,579.539,579.579,0.0,-0.18559294066666665,36.33704866666667,5.435256333333334,31.163635666666664,28.498272333333336,502.61032,-8.740152624999997,193.087,98.06159999999996,60.251175000000025,1.228374999999992,-12999.377499999991
1139,1139,business.,579.699,580.24,0.913,6.2722847551515155,25.084132354545453,16.327746454545455,10.988808125484848,12.937784636363636,490.8993145454546,-9.546202696356954,-0.6049438001336866,-24.537939740975936,-6.510565373479276,-34.71725357620321,-252.19289889705877
1140,1140,to,581.53,581.67,0.688,2.995810393239437,15.492751005633806,11.411220720140845,7.451362761549294,2.7388076478873233,640.3885666197183,6.2490746625083835,-8.084213852783366,4.187867991834338,-9.635911690224681,10.560465712608988,4.561203822937616
1141,1141,camouflage,581.71,582.771,0.698,0.4641431180357145,-9.195971213571427,-11.52508616017857,-18.8820056125,32.72639194642857,954.5105541071428,4.017839753571427,6.51186691862611,-7.834762741985642,8.719821865857826,5.4002665293916605,380.77986498632936
1142,1142,the,583.251,583.391,0.818,0.6296750709677414,21.11154799354839,12.657562465483872,2.2607285461290325,8.055740483870968,703.409881935484,91.05380066129031,7.843923590725806,-67.6903395641129,0.7214949590725785,43.475043125,-780.0190657258065
1143,1143,"pleasure,",583.491,584.131,0.891,3.5311102924324325,5.104771072972974,-0.8726088918918915,-18.770301735135135,20.503343864864867,735.731447027027,-4.254614969890945,-10.761884994073025,19.1790643029872,59.855913704954965,-11.777988537221436,474.7471060929351
1144,1144,the,585.151,585.272,0.889,-0.9658516826315791,-0.18450218596491227,-3.3006373689473687,2.8341775180701756,16.66599105263158,741.8296549122807,4.206311208873479,-14.764290359411456,-13.805055047899918,-28.359958932298415,32.733896694322,-190.99709865180188
1145,1145,pleasure,585.352,585.812,0.94,3.916263411851852,-9.82643251851852,-12.493147372592594,-21.99472207407407,41.41387674074075,952.5419751851852,-24.03167753357754,-10.116941968864468,19.917959626373634,35.466097496947505,0.39764255189255643,671.793241758242
1146,1146,portion,585.892,586.432,0.872,6.320515862806451,7.397199175625807,-3.076722070967743,-15.85614979903226,27.72632806451613,792.9848287096776,-31.414957581008064,-17.581427847137096,72.34936708064517,8.19897852096774,-17.504409133064517,-629.5622383064515
1147,1147,of,586.952,587.052,0.879,7.667147622580644,4.807463730322581,-6.536861293548387,-1.7520458548387088,16.32058712903226,622.0161761290323,39.96551137298387,7.84400104596774,-81.80009541129031,-53.28834886693547,74.02012987903224,275.4760157258065
1148,1148,the,587.132,587.212,0.871,21.1657536875,16.854346375,7.812847687500001,6.133547612499999,27.400810999999997,493.29117125000005,42.13422053571428,-80.3790220238095,166.75818244047616,42.04558267857143,77.25646904761905,-354.3978511904759
1149,1149,business.,587.292,587.853,0.878,5.077253346875,12.963106666562501,12.539088653124999,0.8364210156249998,23.434326468749997,474.2270159375,7.696387057368034,40.78789567549489,-16.255613642778595,38.032771599156895,-18.860512197580647,-258.1076637646628
1150,1150,They've,588.273,588.633,0.853,2.2955476871794875,7.850707725641028,15.019425969230769,-2.066425615384616,19.43258123076923,663.3788343589744,-1.2252384500000002,-22.19165526012146,-5.079163884615385,-48.653070851214586,53.99631158906884,471.84075212550607
1151,1151,been,588.673,588.993,0.79,-1.0835197277777777,-0.8640458865,13.786590316666667,-11.233062038333335,42.337212944444445,885.1680827777777,28.314729912280704,-42.77910117456141,11.330358250773996,7.99074202734779,15.903123271413813,1523.5581336429311
1152,1152,on,589.413,590.134,0.782,11.993573312280702,0.2769054429824558,-15.555168353333334,-17.07358817719298,22.935384368421055,664.6905889473685,4.373162143505314,-0.41761546888773554,0.8066837863624575,2.3669288297251763,5.9074363527352824,31.184678733471603
1153,1153,flights,590.634,591.094,0.931,1.1075873366666666,6.215785589583334,4.3459073406875,-8.843575839583332,13.912587,695.6043995833334,-20.840051917878842,-29.43489033624619,-18.694880355973183,-21.810255914296565,34.34756679331305,229.38795142205814
1154,1154,of,591.574,591.714,0.815,12.993261091935484,8.42774182580645,-22.49046136774193,-11.21714478387097,25.530533064516135,773.4514222580644,77.1191298377016,-3.5835181068548403,-64.97145216330645,-75.62844811693549,45.48753116935484,-602.4470933467743
1155,1155,for,592.254,592.615,0.756,8.639452009555557,12.248954429977776,-3.01573646,-2.763566779333333,14.615836622222224,710.7988277777779,25.602676803952576,-3.221735309552044,-51.026510234519115,-51.886734907575764,50.59616027009225,689.3701393939397
1156,1156,donors.,592.635,593.175,0.629,15.770278339285714,8.622167370392857,-0.8074986964285714,-0.1593564321428572,23.68133,777.1642617857141,11.109335119047618,43.642866991639295,27.015977305692402,-57.77390235221673,29.198009797482204,288.0993096606458
1157,1157,Were,593.395,593.835,0.677,5.995832592121212,4.382340364545454,-13.666215096969696,-11.437552990909092,30.268451696969695,902.2082181818182,-19.215473006183156,-14.051091242981284,-17.570238837232626,44.309496159759355,-6.437475601604274,-93.52741644385033
1158,1158,you,593.875,594.115,0.551,8.45131165,20.14799557142857,20.796086135714287,-11.279267574285713,23.889620571428573,688.5362871428572,-20.082373505494502,-108.40237384615382,111.94610963736264,64.42309852307692,-97.29498307692306,-998.2445934065931
1159,1159,talking,594.155,594.495,0.811,5.564601421052632,-7.13130122631579,-16.277599205263158,-12.733927989473685,34.273447315789475,818.0233631578948,55.747899017543865,-37.13249219298247,62.63427894736842,-17.940859640350876,55.88754131578948,-1195.9401000000003
1160,1160,about,594.555,594.855,0.927,9.22317057611111,-11.29173625388889,-23.579876849999998,-20.70123993888889,36.231319500000005,942.6444638888889,-16.80194266099071,31.990030009803927,-83.15169816821468,-115.50841938596493,-5.110934004127966,369.78722136222916
1161,1161,what,595.256,595.476,0.872,10.01379993129032,10.589961391935486,-2.455357096774194,-5.508531398387098,13.016814000000002,698.2435977419353,26.176721159677417,14.783913451411289,-18.163235282258064,-21.960412721774187,18.616533971774192,-74.56034274193547
1162,1162,Clarence,595.516,595.916,0.961,0.13002132136363673,0.7745382290909099,-2.0630759090909083,0.7529044340909092,25.80039418181818,754.864594090909,-42.8783098201581,50.78007494748729,-14.04740350649351,51.41966165584415,-49.551087464709205,143.2681126482214
1163,1163,Thomas,595.956,596.356,0.839,-2.2168303499999995,3.8977747890909087,-13.452509354545452,-1.6319621727272742,28.826890045454547,749.0941163636365,-18.979541182947493,62.54282317899492,50.18292120271034,16.869157210615473,-15.183438085827218,-568.7842761151892
1164,1164,is,596.416,596.516,0.688,-2.5546331925,26.14530975,0.10636103749999992,5.3221801375,29.088829999999998,564.55159,-61.72816157142857,288.66902023809524,-9.457318452380953,198.34403208333327,-287.8080511904762,4121.594571428571
1165,1165,doing,596.556,597.016,0.804,2.5786129680000003,7.113405869999999,-12.067734367999998,-24.544970008,37.65455604,719.8379496,-7.565792799999997,-60.14362371923077,23.075310715384617,-47.03278703846154,36.67403896153847,12.962664999999987
1166,1166,with,597.176,597.336,0.925,10.95065190625,18.500438375,11.552758675,-7.428505212499999,13.811466125000003,635.0033993750001,7.247762154411763,-3.1998877941176453,-82.69041917647058,-34.55699101470587,-3.9521147058823565,-1435.854719852941
1167,1167,these,597.376,597.577,0.718,-10.333413183333333,17.517535416666664,21.751512416666667,-5.402684158333333,23.072420416666663,566.6951174999999,-56.098681048951036,47.89978479020978,-55.27363374125871,57.181836066433554,-144.32308479020975,1776.4279912587408
1168,1168,private,597.657,598.077,0.852,2.7847046908,-6.211046298,-6.4547437080000005,-4.03432632704,31.265759600000003,729.9000983999999,34.255566685,-21.864869138461543,22.48692011538461,-8.885079128461538,39.20373150000001,-73.72464115384622
1169,1169,donors?,598.117,598.617,0.801,5.700763831481481,-10.616806162962963,-22.71200941851852,-13.132777133777777,38.183180444444446,971.6660351851853,-7.150296468253968,-7.391424917582415,-11.357921630036625,47.89424047148963,-28.503478479853488,911.7832979242979
1170,1170,"Well,",599.017,599.297,0.953,3.8333523805882352,7.538791142352941,-4.190122558823529,-6.178656128529412,13.330911352941177,739.9537941176469,38.48339072131396,-33.53165535951107,-51.7008682444614,-101.37536036279599,55.52651025210083,458.52550145148956
1171,1171,these,599.617,599.978,0.74,8.93197639352941,20.43929478823529,17.805129314705884,-9.625908561764707,25.273268588235297,689.7504126470589,-57.48247988372801,5.546485543162717,39.98667733613444,-1.8567411894576025,41.63941367456072,297.77196814362105
1172,1172,state,600.238,600.578,0.921,-10.717696995999999,17.504446843333334,12.09368029,1.6997249333333335,12.8661624,718.608612,27.28513264983315,-37.98925685317019,46.61375174527252,-115.58540703003335,53.9571048275862,-152.1242191323693
1173,1173,governors,600.658,601.638,0.783,7.150440331509434,-3.3076150818867927,-0.4300972626415089,-5.284362642075472,33.71252824528302,879.4039505660376,-16.165773556402193,3.5324935298338977,21.920432450895017,13.90653532010966,-10.536415642638282,-54.20237373004358
1174,1174,and,602.038,602.158,0.786,3.024408741153846,5.918950215,26.08754725,5.391311188461539,10.598804384615384,540.0084519230769,43.351472308546995,2.8640086695726477,18.53443758119657,-16.184959160683757,79.10473952136749,-233.4558955555555
1175,1175,"mayors,",602.278,602.699,0.846,7.221515807407407,2.9202750628888885,11.312753554074073,-5.801418353703704,32.06005614814814,665.7041933333333,-54.42791945665447,-23.312252786568994,-76.8298883669109,15.096730427350435,-36.918094536019545,-458.8605244200246
1176,1176,they're,602.739,602.959,0.876,9.241093984615384,-0.3461647230769225,1.3499947884615382,6.408487561538461,34.32593715384615,785.4122246153845,79.78751131868131,-81.46775763736262,18.497732829670326,45.86328681318681,-34.444645879120884,1366.1628406593406
1177,1177,doing,602.979,603.219,0.834,9.774713084615383,2.2106724900000003,-1.0990202461538456,-24.81294359230769,38.83570146153847,712.9679230769232,31.306837637362637,-33.175556986263736,53.95549793956043,75.72074079670328,-1.1324153846153768,2443.627947802198
1178,1178,the,603.259,603.339,0.931,-3.390823341666667,21.561679333333334,-0.7349420421666665,-2.151525766666667,12.979261,414.89059833333334,-194.49865121428573,261.04953714285716,23.089132972857143,201.737738,-445.2234714285714,-7.843614285714191
1179,1179,same,603.379,603.659,0.751,-0.2361459381249995,-1.4631049062500003,2.3236332812500002,-10.770125940625,34.877053062499996,711.76413,83.2597487477941,-24.730975389705872,68.50016841911764,-84.37050585661763,-0.07578845588233925,-1741.2989044117642
1180,1180,thing.,603.719,604.059,0.891,0.4566768615000001,4.7311154415,12.762865508999997,-12.597450555,18.11050065,656.336341,23.843170010902256,62.76787132669174,72.07639855112784,-21.119089131578946,-112.01274868421055,-1456.254845112782
1181,1181,Taking,604.419,604.78,0.895,0.34926344444444435,5.584571304444443,20.294335642777774,-2.8547300624722225,15.557887472222221,588.767673611111,11.684482581724575,-25.591224960360357,27.1456463054054,-55.733039419311446,67.30835832046331,-267.5957467824966
1182,1182,advantage,604.84,605.56,0.887,0.07336559615384594,1.3405350025641025,16.419195546153844,-12.583782582820513,34.97895664102565,605.6656053846156,-24.129815641396764,43.801630741902834,23.37841036032389,-19.550657644433198,-33.204180850202434,-335.15489251012144
1183,1183,of,606.08,606.2,0.802,6.466537160625,8.54641104375,2.175247375,-8.608484619375,13.7292613125,726.5739343749999,76.26045730113638,-2.972749206378303,-116.0533196297654,-57.494453518511754,75.93872751099708,403.78454527126115
1184,1184,a,606.24,606.28,0.493,26.842064,23.43204275,-18.266498750000004,-2.650854175,16.2178125,761.0879625,19.750409999999995,107.12319500000007,288.15180500000014,174.39614450000008,-649.3864500000002,8706.973250000005
1185,1185,private,606.34,606.78,0.925,7.0489303636,-2.376494824,-6.789414799999999,-4.72880511,33.7703692,738.4026384,-9.23533950653846,-12.48605315,86.96931093461538,-32.68549077307693,36.56596023076924,-1091.251055
1186,1186,donor,606.82,607.441,0.764,12.556365615151517,-0.2207537415151514,-16.287532263636365,-12.042214323939396,35.24747763636364,738.1257215151514,14.740301250000002,-3.930602240307485,-40.88303056149733,26.79567257620321,4.022691711229949,-220.39341961898398
1187,1187,who,607.701,607.841,0.89,16.648842115,20.65967217,-4.16238246,-5.1084314,17.1618371,755.4830055,48.23520196616542,120.31677477443611,34.610649488721805,-67.03391344360904,22.75402428571429,44.766156015037566
1188,1188,are,607.921,608.041,0.83,22.337069000000003,5.668171313,-27.473630300000004,-18.110798449999997,30.838537599999995,785.188977,-5.694009090909086,48.258350239393934,79.45071121212119,81.97858681818181,-24.378417575757567,-1092.360209090909
1189,1189,whisking,608.121,608.621,0.636,7.044331595172414,22.252811379310348,10.377967924827583,-4.18392872413793,24.36214924137931,697.2551731034484,-39.56504121527092,-33.08534172413793,60.450676330049255,-13.513480549261079,21.807978349753693,11.454966502463042
1190,1190,them,608.661,608.781,0.946,7.2997935125,6.8221343125,-8.53992245,-14.602074912500001,38.739446875,819.7641912500001,87.53668458333333,51.73072374999999,58.561151428571435,-12.334949345238085,-1.160727976190473,2712.576386904762
1191,1191,off,608.961,609.101,0.999,6.81818178125,6.7197935950000005,-34.10559225,-35.015265437500005,35.1458979375,679.764474375,6.594911066176467,21.83303854117646,25.86202617647058,19.615118161764702,-43.012268014705874,384.88351985294076
1192,1192,on,609.241,609.341,0.856,7.444556399999999,13.494985583333333,-16.880095500000003,-21.32845064166667,35.699923,719.4718325,22.09853346153846,8.437257517482518,81.4739504195804,110.27428333916083,-7.496695454545468,-775.3739283216784
1193,1193,their,609.381,609.561,0.927,9.61485168181818,4.795765369999999,-5.249993163636362,-4.809440036363637,23.726740545454547,735.3799363636364,66.54280772727274,-83.03835537272728,-144.1306012727273,-26.095838954545464,-183.54565454545462,-993.370040909091
1194,1194,private,609.621,610.082,0.848,8.615023453846154,-5.740674352307692,-2.2236324923076927,-7.862456157692307,27.189858923076923,561.1950273076923,-6.120279374358971,4.844159874188027,68.30061324444442,14.342286726495718,43.61262687179486,-193.36250752136746
1195,1195,planes,610.162,610.722,0.796,0.6743269240624999,8.849057059375,5.438936131249999,-19.54923729375,26.44222496875,527.997415,-17.281370521352645,29.704247949963353,25.470424400659827,-8.3592236345308,56.20829276942816,-306.8252390029327
1196,1196,in,611.222,611.362,0.78,3.14269576875,9.723534105625,15.67480028125,5.1058056984375,13.3882878125,581.196335,42.450962228739016,-7.829233910373901,38.748228015029326,-47.491701815890785,79.81287016129033,-572.2539517961878
1197,1197,the,611.422,611.522,0.673,5.148904703674999,6.390835237499999,-11.762821675000001,-6.345719732500001,37.292736125,757.02609875,0.14997049369047705,-121.06271172619046,-246.97693321428565,-161.2499978690476,-8.263750595238108,3955.741446428571
1198,1198,hopes,611.622,612.002,0.946,-0.8492845237500003,8.538805337916667,-16.141308808333335,-40.16503658333333,30.13241291666667,857.79185125,16.501290067608686,78.92793905760867,10.098064186956515,-26.925876826086956,65.717683,146.72448891304342
1199,1199,of,612.663,612.783,0.616,4.400217727692308,6.497498572051281,-6.699868348717948,-7.462898548717949,15.474267102564104,759.9873028205128,55.49948098076924,-29.98059525303644,-77.51900564676113,-66.65572646862348,66.78973968623482,209.86889848178137
1200,1200,influencing,613.063,613.983,0.788,4.973898782333333,15.284234872666667,5.5758587255,-13.828242966833333,27.56760861666667,596.8796191666668,-6.968598875493193,15.03370266674076,14.099485296679635,-6.144741164615172,9.95830018477355,56.698232550708504
1201,1201,"policy,",614.243,614.884,0.894,2.908472309111111,11.509193335555556,0.9360916200000007,-8.522610118222222,16.441857244444442,643.735094888889,-15.029574706126487,20.24478659222662,9.484961170619238,21.3723157395257,-15.37104475625824,-347.40212213438747
1202,1202,right?,615.524,615.824,0.846,7.215669886170213,6.560723108510639,9.428503701063828,-2.8802519819148933,11.653993021276595,787.58429,-3.9708833856382992,-39.66265648184552,-31.40427270640611,-27.67831381966929,44.95992505781685,283.7706688829787
1203,1203,They've,616.224,616.604,0.743,-0.555893125897436,10.473659995128202,18.106662499999995,0.6778589766666665,22.515773487179484,642.6509210256411,-3.0375556229757104,10.507737029757086,4.772754767206478,-34.08949134746964,69.45563335020243,293.7690932186235
1204,1204,got,616.664,617.024,0.884,1.5029518468571432,-11.517952952380952,-10.376625873190475,-6.825076678571428,31.819854095238092,687.0386957142857,-2.7836502768831126,-109.6869298051948,-117.3522620983766,-8.163644954545454,19.420385584415577,-391.54866493506495
1205,1205,information,617.505,618.325,0.875,1.2038559166153846,4.753798304246154,9.439340796769232,-6.344474118461538,20.112207861538458,689.4706895384617,-17.007828520498244,8.305307470472028,2.862584996940558,-19.374630325174824,26.955292410402095,-37.63170172639861
1206,1206,on,618.565,618.645,0.722,12.3086212,14.40549184375,-11.29354108375,-22.38122095625,26.423854125,720.034399375,-7.1158004558823515,9.714318051470586,-58.856345963235285,5.098293860294113,102.44660058823527,1673.8471183823528
1207,1207,the,618.705,618.785,0.849,11.266475085714285,14.348906657142857,12.981088505714288,1.6219744714285713,23.295937285714285,308.7694528571428,-28.14154285714286,-163.2844423214286,204.44606146428572,24.1613225,-289.45433928571424,-1198.6894464285715
1208,1208,two,618.845,619.085,0.93,3.784214346666666,23.143929766666663,-2.77259676,-16.60194879333333,25.718477466666666,808.9221546666668,132.33220857142854,77.66663026785714,-132.80236132142858,-166.1732232142857,168.0120930357143,443.00006785714294
1209,1209,of,619.145,619.205,0.75,13.565469833333333,25.994891999999997,-10.34424295,-21.616893766666664,35.47328533333333,509.8312366666666,57.994178571428584,10.181891428571424,229.66718985714286,484.63136142857144,-39.290928571428566,1386.2248857142863
1210,1210,them,619.245,619.465,0.922,7.818456281538463,14.876796684615385,-1.6078002307692303,-1.497008036153846,27.91060876923077,849.0041607692309,-8.621962384615383,-21.32754711538463,-93.24113159340658,-33.55618240384616,49.754370604395596,1091.6080769230766
1211,1211,staying,619.565,620.186,0.838,-9.600233144444445,19.636664638888888,14.774183476388892,-8.431585661111109,25.46713108333333,665.8895019444444,29.315975187902175,1.623727741312741,61.242524676512204,-87.58069089446587,64.82444233590734,-853.8371767696265
1212,1212,at,620.666,620.766,0.582,2.0942998668965522,-0.08681275862068985,12.169388759999999,-3.1393757051724136,8.61404051724138,788.0130703448275,7.716235309852218,-67.01074988128077,-48.531375931034475,-32.712370694581274,6.036500246305424,454.23432857142853
1213,1213,luxury,621.026,621.786,0.804,5.21795032254902,18.73424182745098,13.51698941254902,-3.1393767078431374,33.255948254901966,761.0383294117647,-27.274889976244346,-9.458527484162898,12.525019082081446,5.882777063348416,7.422521981900453,-128.88048751131228
1214,1214,resorts,622.187,622.827,0.946,4.164188510384616,22.663965503846157,1.3418794423076927,2.0375064301538464,20.472555096153847,843.1239892307692,-4.507043781652865,-19.894012345257405,-50.253015644156065,8.599170255912233,14.729481637923673,374.9010087509605
1215,1215,"together,",622.947,623.587,0.832,-3.2785213621052627,6.453735136842104,-7.577934444736841,-4.2447610578947375,31.263465921052624,867.6718339473683,31.564348225845272,-49.52276472918262,-56.267602263376745,-30.73219248386038,44.445396131961914,626.9852326841012
1216,1216,where,624.087,624.487,0.792,7.99074031288889,-1.1969068155555556,0.9317290911111112,7.761393460622221,22.640245844444443,875.494305111111,8.625721082213442,-13.574291789196318,-6.486622540843216,-4.329019542476944,26.40249248353097,647.6544948616603
1217,1217,people,625.128,625.468,0.797,7.102846800816328,10.802639730816326,11.101611959183675,-1.7289184167346936,14.108188326530612,727.5351971428571,-3.5048099663265324,16.7260150822449,4.978117438775513,-62.39960096367348,37.79612202040817,-60.68599204081631
1218,1218,have,625.528,625.748,0.912,2.6497484392857147,-11.795551671428571,-10.71781129285714,-0.9948045771428574,30.816589928571428,697.4576914285714,80.9706749065934,81.0174611208791,-72.42384787912086,29.302601872527465,80.4930135164835,855.4597340659341
1219,1219,observed,625.888,626.668,0.78,8.806161891304349,13.533562330652174,-17.14639352608696,3.520878225217392,31.575688891304342,754.3389276086959,6.105794315757015,-50.32232243993216,-43.15232917668825,28.766725051002158,-0.6034267499229089,80.48356271970401
1220,1220,the,627.068,627.209,0.628,5.947042985185186,13.653903340740742,15.276666740740744,6.356367696296298,13.642755851851852,666.9764207407408,36.347162524420035,29.053581749084255,-4.20981811660562,-10.196663278388277,101.37708006715509,-10.704288461538473
1221,1221,two,627.269,627.489,0.922,3.562284178571429,23.68830785714286,-14.078303921428569,-24.257798171428572,31.59964757142857,797.4171878571427,166.8459517032967,46.05654813186812,-198.71956319780216,-173.478704,105.73784043956042,-611.8987857142859
1222,1222,of,627.549,627.609,0.752,10.464040599999999,14.433628216666667,-11.409653866666666,-20.552931266666665,26.847676833333338,575.869615,-36.35586799999999,152.86137242857146,364.15320571428555,380.7969245714286,-241.79869285714278,-3245.2579857142864
1223,1223,them,627.669,627.929,0.858,4.510606198125,8.460378525,-3.43672000625,-9.782233344999998,30.5112235,590.0314599999999,1.019827743382347,-105.4009029852941,-106.73184194852938,-110.85356521764703,109.74463897058823,844.1046470588234
1224,1224,being,628.069,628.489,0.705,2.716831062857143,27.46554892857143,21.328844342857142,-20.867181221428574,33.89699282142857,637.1527607142856,-42.25175568746579,18.717857772304324,12.147056009852218,-39.1033651122058,5.9175805829228265,-648.3721486042693
1225,1225,intimate,629.069,629.569,0.781,0.4394275027777778,8.512453869,17.01072224074074,-7.794254595555556,16.044704333333335,608.7033896296298,-4.41904710510768,-10.778917567002097,-21.175915105774727,-24.888275119382502,33.942604673146555,100.80648305698494
1226,1226,with,629.629,629.81,0.826,5.5414962166666655,10.030214833333332,2.6981627249999995,-9.54217448,29.68713141666667,472.7713816666667,-120.50659087412583,-3.5367644055944067,22.85039931818181,84.3112906083916,-180.03551311188812,-360.83839510489526
1227,1227,each,629.89,630.05,0.69,-16.595571966666665,18.354798416666664,25.052241000000006,-11.668608816666667,29.582872166666665,714.8501966666666,-177.6035294405594,57.84587220279719,-55.323846153846134,16.98640587412586,-95.11607237762239,764.6005
1228,1228,"other,",630.19,630.43,0.75,2.6150248889473686,-5.031184000000001,-20.290004768421053,-24.01768310526316,40.59420410526316,757.2361963157896,49.06717614385966,-10.448135491228074,-5.283152596491228,30.640246315789486,0.8830787719298211,-1198.5824043859652
1229,1229,probably,630.51,631.05,0.859,11.679202321612904,3.094266350645161,-8.376446126290322,-17.451843661290322,34.41796500000001,780.3540258064517,-10.754139905846776,47.042860909879025,90.57804410100806,-6.896884530241935,25.954715685483873,-205.67381048387097
1230,1230,public,631.63,632.01,0.944,10.753900372916668,10.505722227291667,-3.2161607125000002,-21.80290172145833,20.766895041666668,703.7458747916668,8.803231290436383,-1.6790800813341296,-27.675241993595304,-1.8071400116424212,16.20816680959617,-135.97713436278758
1231,1231,displays,632.05,632.831,0.917,-4.17579159447619,13.23122096190476,5.950055257142857,-8.058354341666668,25.07598919047619,732.9085414285714,-9.67927390770602,-24.41249228587634,15.866652445506844,-26.30232250972368,29.931670269832253,185.48383137509114
1232,1232,of,633.311,633.391,0.834,1.1350808107142856,7.181310989285715,0.6025440714285714,-0.7098288414285715,10.428335464285713,715.2767878571428,58.38024510262725,3.8975719198139007,-70.43049805145046,-110.14424636070058,80.34857313902572,460.1761800766283
1233,1233,"affection,",633.471,634.171,0.76,-7.265918973333335,4.104152065128204,2.858159014615385,-8.338669273589744,34.48392023076922,709.8076064102563,-11.199850458704454,-3.79090727672065,22.47856186518219,5.854976479959517,18.01976646761134,-185.10801528340076
1234,1234,that,634.271,634.451,0.83,5.536551997142857,-4.467749814285715,-0.06431564928571445,-7.492871350000001,31.235624357142857,973.4149542857142,-2.4134797582417566,-120.9492023076923,-112.37516445384612,-94.71808051648351,-100.73990384615382,-1529.813736263736
1235,1235,type,634.511,634.752,0.951,2.5849145061999996,-0.8261452666666673,-12.08070046,-10.768373513333334,30.666971266666668,585.931552,64.58689472053572,-42.77012503571428,9.265277785714286,-58.419267482142835,122.50475857142855,614.5972964285712
1236,1236,of,634.792,634.852,0.75,2.0378550700000004,18.549424,0.48369301399999987,-8.49789028,22.803330999999996,387.403288,-79.91781125000001,122.32593,-32.90618520000001,111.96025100000006,-569.8481350000001,473.14095000000015
1237,1237,"thing,",634.912,635.232,0.76,0.2916052073684208,13.919156763157895,6.273750163157895,-18.37805961578947,37.15259231578947,468.33140473684205,12.687896836842102,31.172455026315795,54.4967955,-79.20292849122809,29.652471315789494,259.19486491228076
1238,1238,and,635.892,636.012,0.673,-1.9659935633333334,0.7414970615384614,16.54926937692308,-4.18322546176923,14.830829153846157,570.0924643589743,13.100303984412955,-16.721382003036442,-0.7218118178137657,-40.10050695758098,57.895956406882604,-260.31274665991907
1239,1239,it's,636.372,636.512,0.924,0.3920379327999999,14.566971187999998,12.164665524000002,-4.3895194092,10.844660880000001,560.7063008,-32.12769895615385,14.780294126923076,-74.0755056846154,-35.039095739615384,21.38734903846154,-3.912795384615348
1240,1240,all,636.892,637.032,0.836,7.291497965384616,15.411017526923077,-25.499593227692305,-51.62966707692307,29.933551538461533,750.768906923077,-3.915272900854699,-18.966539666666655,-66.87213778256408,-60.71454034188033,70.07099360683759,850.4231394871795
1241,1241,listed.,637.212,637.793,0.932,-0.9221910131578945,23.980738710526317,13.70475434763158,-3.7149701144736844,22.903524421052634,612.862702105263,-17.59278849928876,1.9367420177262296,21.52795045885764,50.32762111910493,-20.646784670095194,251.4250097384834
1242,1242,in,638.989,639.189,0.578,4.7996825063768105,10.734194273478261,21.79037671739131,-4.290261778550725,11.92853624637681,723.7244614492753,-6.487651972451588,-13.096673020332478,2.5583062385823894,-15.943901649616363,31.142668688344905,113.47555330654001
1243,1243,that,639.569,639.89,0.806,7.385580520714286,5.997822937142856,13.62392497,-6.292245567714286,29.390566657142863,556.0428608571428,-15.621578299369741,-70.31423681652659,-42.48876445168066,-40.23245551554619,48.079728067226874,-1.8667471988796134
1244,1244,article,640.23,640.73,0.822,16.82153917857143,8.127962308809524,-13.142249988095237,-12.92293584411905,21.71934111904762,787.679485952381,35.56152452597033,48.21990198788589,-28.657539663317394,-27.643373018163032,18.54531223158577,174.27840640952923
1245,1245,over,641.03,641.27,0.932,21.832584333333333,29.78381837777778,-14.908483474074073,-23.176359133333335,27.328321666666664,789.8759729629631,2.952244261294264,-34.32009551892553,-79.703264490232,57.348630854700865,34.22900433455435,460.14081715506717
1246,1246,on,641.57,641.711,0.881,15.69434793913044,7.964097094347825,-15.761470843478259,-12.287164126086951,22.88135752173913,787.4379695652174,-23.452659160079044,-7.476861344861658,82.4372666057312,20.823129214426874,75.70905864624503,-259.30167934782605
1247,1247,the,641.791,641.911,0.888,14.5320395,21.4504494,24.893817000000002,6.226719747,14.3486905,532.5523230000001,22.56577848484848,50.24629818181816,88.58075878787876,-23.58822054242424,126.67450999999997,-2255.3007787878787
1248,1248,Daily,641.971,642.331,0.925,6.661810747619048,20.048793685714287,14.385786495238094,-2.108904096190476,27.495796666666667,669.9731966666667,60.51620905844157,1.2282942272727284,5.679461506493508,-58.15098875974025,32.230256363636364,67.01471688311686
1249,1249,Mail.,642.371,642.671,0.838,16.497591882352943,9.475841858823529,-1.01461194,-13.325040547058824,23.736341352941178,469.7207076470589,-7.642210784313728,-80.11095309558823,-187.7288863872549,-141.72774531862743,-58.39470845588235,-320.4491752450981
1250,1250,There's,643.091,643.411,0.615,8.363444973513515,5.212451761162162,-1.3070017216216214,-2.4576209221621625,16.278167081081083,716.4085221621623,-27.48386106448554,20.898712935609296,3.21647366880038,29.560716050497867,37.1072086059744,732.0220925794215
1251,1251,so,643.551,643.792,0.995,-6.156265447368421,22.058828578947367,-11.0856144,-18.917133915789474,20.512111157894736,770.7177436842105,175.79649122807018,15.960908070175444,-62.58717865877193,-206.11812414035091,138.577926754386,169.65836052631582
1252,1252,much.,643.852,644.092,0.914,8.979134106666663,10.384253162,-9.71978772,-18.87245184,14.318222333333335,736.8544426666667,-71.01834076785714,-49.7834912142857,-15.093357767857132,57.487444803571414,-172.8154994642857,-1021.8701964285716
1253,1253,"Baby,",644.412,644.792,0.926,-1.3223224638857143,8.575518565714287,24.355163485714286,-1.8908482325714284,20.40017668571429,663.2605351428572,1.2929159378711483,32.756342661064416,44.54387680672267,-35.7287764165266,78.09019509803919,115.9398380952381
1254,1254,we,644.952,645.132,0.897,11.952520205882353,23.360608852941176,20.757896929411768,-7.683287599176471,34.41237070588235,755.7704211764706,-66.14858525735295,-54.884393566176456,-25.470147279411762,-21.225461148529416,81.24265465686274,1760.27443872549
1255,1255,would,645.172,645.392,0.821,14.690366930769232,9.723294013076922,1.2348891230769228,-22.216418584615386,32.45259276923077,687.7431707692309,38.95576401098901,-9.748971043956052,137.81596304945054,143.39423186813187,-140.32545467032963,-2112.7840054945054
1256,1256,be,645.452,645.613,0.899,-5.142063354545454,29.857810272727274,30.66262290909091,-10.26435602,30.160899090909094,392.5755118181818,-90.59294440909093,127.80027500000003,72.83077227272727,-128.2765898818182,148.98698681818186,-170.29832272727262
1257,1257,here,645.673,645.993,0.766,1.0955068068421052,9.915846494052634,22.313629142105267,-9.972770810526317,37.33790278947368,788.2741484210526,44.78314777456141,-154.77432709649125,-177.60920103508778,51.35310165789474,-14.39918640350877,898.1779622807018
1258,1258,for,646.433,646.753,0.736,10.775210077631577,6.7955686886842095,-4.713526434210527,2.535541365789473,15.878573342105264,700.8144984210526,23.96676360843637,1.4729163331327286,-53.038989414049674,-16.368069827661664,37.786334429368644,854.9601955356165
1259,1259,two,647.153,647.393,0.975,2.09185741875,14.048935603124999,0.013762509374999565,-6.4945262428124995,18.999160250000003,793.8795478124999,-5.833259638929624,62.17802321755867,-42.50040061675221,-94.0249526186767,60.69055317082112,-73.65269144061584
1260,1260,hours,647.454,647.954,0.896,11.83220344142857,-3.3050975285714292,-18.26253267857143,-13.47402318035714,26.434361999999997,802.1240342857144,41.79801133388068,96.18652912972085,38.552054419813906,71.52975154967159,-79.26578284072248,-667.9759778325124
1261,1261,going,648.454,648.854,0.785,7.358659554666666,15.278547931111113,5.00341944888889,-5.227249275111112,19.33363708888889,632.8601151111111,26.178952179183145,-10.103790903820821,-3.819498481554677,-44.916040911594216,59.06344201581029,263.08580869565225
1262,1262,through,648.934,649.334,0.601,21.717072217291662,20.09337322916667,-11.453833589583335,-3.1932420399999994,27.581424458333334,714.6114279166668,84.41617204793477,48.401403206521735,-29.792370468478257,-63.660273066956506,58.42970084782607,1306.1939815217388
1263,1263,all,650.115,650.255,0.996,12.799275267391305,11.624113492608696,-4.716184830434783,-16.518372034782608,17.517505891304346,794.3220241304347,-1.4873046743755776,-24.541484705334565,-70.34802470860315,-66.6897599864323,38.19334444958372,7.321274098057405
1264,1264,of,650.595,650.695,0.992,17.14551659090909,6.19973072909091,-32.171826227272724,-31.385045272727268,35.61300159090909,928.6408436363636,16.087005279503106,0.9155614793901756,14.704735996612083,57.183011801242245,-13.247883032185205,1109.135486166008
1265,1265,the,651.215,652.076,0.897,15.015877501449278,16.551871944927534,2.7488242492753625,-4.784439961492755,17.087600782608693,589.803071884058,4.260718318048958,5.429266032700036,0.9137508739495795,-9.79909040795762,12.57182489587139,-174.1653222323712
1266,1266,trips,652.216,652.676,0.928,-7.550355539999997,-5.173557721666666,2.452123408333334,-0.9669550466666667,15.654867766666666,850.4905873333333,51.87213715906564,4.808720016129033,-29.7347819682981,6.126422896551725,-35.7744136262514,119.30871635150164
1267,1267,where,653.397,653.817,0.871,5.105069229824561,11.074128063157895,4.144514819649124,8.601550897719298,14.134038140350878,676.6721831578948,38.93827711336531,-42.753036914376445,-7.696616884560539,-16.773136148755505,41.33506528065853,107.15185996240598
1268,1268,she,654.357,654.617,0.744,-7.5997439125,9.18361911525,20.313186505,-4.4905964,17.38640935,610.38091825,-46.1077478250469,12.07109665520638,64.76444166135083,-60.763583924953075,46.624358630394,372.0834690900562
1269,1269,was,654.677,654.837,0.973,3.762132892454545,21.436505545454544,-4.465032218181819,-25.205973336363638,24.84172718181818,717.1531372727273,-177.73102607545462,83.05740227272729,-148.44765045454548,163.97201490909094,-248.07964681818189,1053.6069363636364
1270,1270,seen,654.917,655.398,0.864,-11.857689914285716,25.865503285714283,19.932514228571428,-23.14892611428571,32.77003857142857,423.2112428571428,15.350058727422002,28.470730268199233,56.932323459222765,-116.2578179200876,48.47642449370552,-63.46046579091406
1271,1271,and,655.638,655.738,0.781,6.612303476470588,7.96845866882353,23.843857823529415,-11.639982529411766,21.238732529411763,395.2369447058823,8.455708075980393,-53.60680843504901,20.65980477941176,44.05434741421568,63.22046409313725,-118.34122916666664
1272,1272,he,655.818,655.998,0.882,-10.229619123076922,26.327555769230766,30.12513330769231,-11.88110160769231,29.331609230769235,780.137503076923,35.24856546703296,27.505018681318685,-63.299747527472526,7.43552596153846,155.86972774725274,-262.2183296703299
1273,1273,was,656.038,656.178,0.982,0.39882620000000046,25.53198111111111,-7.222444066666666,-15.220032822222224,20.902915,643.8790844444443,-187.3467099166667,-23.011672499999996,-11.920130083333335,254.14997333333338,-314.18492,-2834.505991666667
1274,1274,seen,656.258,656.758,0.862,-9.329118651724137,30.098531379310348,15.649100826551724,-20.404793710344826,32.12580196551724,460.6146027586207,27.255179169950736,42.538775049261076,53.09920432931033,-93.23436909359604,44.537922857142846,-307.2463113300492
1275,1275,and,657.319,657.679,0.789,4.204547387391304,9.05008468773913,19.5405515326087,-3.6123783541304344,15.164973369565216,567.1441369565218,13.14992128553808,-11.301758717520812,4.948143464384828,-23.828608138852914,24.812586034535922,-604.1772170829478
1276,1276,the,657.719,657.799,0.957,19.948049666666666,17.418111566666667,9.902866099999999,14.03504325,30.236062333333336,582.312735,168.12197714285716,-10.308347714285707,-19.216015142857117,16.911549285714276,-34.41371999999999,-2703.2956142857142
1277,1277,behavior,657.859,658.779,0.899,-2.6473083371428574,9.328697191020408,16.577093663265302,-3.129429093877551,31.359466040816326,833.968736734694,6.391775981326532,-30.762368573163272,-58.95871846938777,27.407945530612245,25.612077617346948,684.694516734694
1278,1278,that,659.16,659.32,0.993,2.996275130740741,-0.9500024470370367,7.22242056037037,3.6031042370370368,14.314788074074075,714.3423640740742,-4.234637167582417,-14.371773231990236,48.82864264652015,-58.102458421855935,7.530423199023203,-1053.413350732601
1279,1279,has,659.36,659.58,0.87,3.760736626923077,1.987928915384616,-3.5098826999999995,-4.387308527846153,24.25690853846154,472.62759846153847,-1.2146008241758233,217.79387859890113,-52.21176876373625,109.58495073516481,-174.16441098901095,595.389912087912
1280,1280,been,659.64,659.84,0.854,14.746448223076923,20.851793276923072,25.369703615384612,8.364122701538461,26.24820769230769,585.6675107692307,79.68600263736262,-11.327262390109883,65.69308351648351,-119.28742697252743,81.92823269230767,-480.6604313186814
1281,1281,displayed,659.9,660.64,0.863,-1.5405121047499999,14.533312788,8.279159358250002,-9.86727782325,24.117137274999997,688.8050504999999,-3.4070467540806755,-47.87180396435272,-7.302133051266414,-47.875429542729826,31.573823475609757,350.0548790806754
1282,1282,between,660.7,661.221,0.808,-2.0184610493103445,14.642180568965516,19.86751706896552,-19.984649681034483,26.869976758620687,654.043544827586,21.388822938669954,-7.279059844827581,-26.218982879310335,-37.003270859605905,65.94027115763545,-821.8906145320194
1283,1283,the,661.241,661.301,0.977,5.941235375,3.2029939499999998,10.538664325,-16.738434375,19.420993000000003,702.92339,141.74924950000008,36.87485200000002,205.13218050000006,245.58381750000007,-776.9415600000005,-8289.210200000001
1284,1284,two,661.361,661.561,0.852,5.628068615384616,20.948976346153845,-7.641139215384617,-29.3939629,26.953277461538462,750.0295353846153,167.8132107142857,61.439188461538464,-135.51383266483518,-191.93702258241757,189.12409203296704,215.64079395604358
1285,1285,of,661.621,661.701,0.948,7.696604614285714,15.983031642857144,-5.396773057142858,-14.735898057142858,37.60321271428571,716.5851371428572,99.84186078571427,79.67450357142853,175.30806124999998,301.3011271428571,-18.03228928571428,-4232.338375
1286,1286,them.,661.741,661.901,0.99,1.452606064,5.739265497,-11.404474322999999,-7.125178349999999,38.3963684,702.6539660000001,-1.249936212121213,-81.6223293363636,-220.16027409393934,-86.96058203030303,-0.9545636363636586,47.71823030302996
1287,1287,It's,665.043,665.224,0.795,7.522862330789156,14.817329104921686,16.912494621987953,-3.1578916431325306,14.92416403614458,657.1458340361445,-0.48475007509172247,0.9887396145066932,0.3076089086875533,-2.524173593534509,-2.5133619236444966,-51.15339997048619
1288,1288,a,665.284,665.324,0.507,7.0860416200000005,15.476340578,-23.892284,-38.662491800000005,36.0127842,974.252948,294.00098950000006,421.3861196000001,116.91028,-13.32950000000001,-37.90779000000001,-2433.857400000001
1289,1289,well-known,665.484,666.345,0.797,12.916389858039215,16.413090225490194,-9.507091386274508,-20.7690482954902,35.61685390196079,815.0016890196079,-12.494489832262442,-0.2883449384615387,-1.6009691411764706,-19.38603585742081,5.187521199095022,52.65525131221718
1290,1290,secret.,666.525,666.986,0.835,-4.7994067175,24.8955808125,11.868913214062498,4.46176640375,10.698114468750001,629.102515,82.96145854912025,-34.9582033632698,13.535115187408358,-20.04888262903226,25.099170995234616,-60.908819281525
1291,1291,This,667.066,667.286,0.688,3.2897950800000006,21.328535933333335,11.180821446666672,5.139782545333333,20.674088199999996,502.75356333333326,-133.61441832142856,-21.668850714285714,-157.8402988392857,-43.154638782142854,-22.052174642857132,-181.26109642857128
1292,1292,affair,667.346,667.726,0.844,3.42768052,-1.1342372272727281,1.8818524527272729,-2.4627708813636358,30.180743000000003,824.5634386363637,19.495390718238284,-104.18675773574252,-3.750159841332582,56.132742064088085,35.817342744212304,2037.3389680971206
1293,1293,between,667.786,668.287,0.815,5.215949647142856,17.109281282142856,22.630396081428568,-17.51106407,25.632160892857144,650.1854471428571,-31.854338301587298,56.94804817870826,33.05649110509031,-107.18372300821018,34.35809177613574,232.7471319102354
1294,1294,Kristi,668.688,669.088,0.817,-0.5130161449999999,9.8371195656,13.39272779725,1.0238769150000002,10.4271166,601.62448275,-10.17881424577861,22.725037344390245,-12.841921964962479,0.8709312964352733,43.63310106941838,-324.6368237804879
1295,1295,Noem,669.128,669.589,0.588,14.007495040000002,9.545697647199999,-10.6691274776,-26.047053736,36.628022959999996,763.5508343999999,17.381824149999996,43.659123780769235,-13.023962067692318,-65.0549981153846,2.0074235769230735,-11.421370769230771
1296,1296,and,669.949,670.049,0.81,9.471378634782608,9.089644317391306,16.521598130434782,-6.22209318347826,11.673443,592.6663808695652,-18.633391037549394,-51.26708779644267,21.680328260869555,-7.449979436758894,25.88917544466403,-826.1846314229244
1297,1297,Cora,670.089,670.389,0.702,12.599616094117648,7.567823811764705,-17.79680492352941,-12.694172083529413,30.375843352941175,799.1423488235295,11.620100588235294,-53.03114705147059,-47.56008656862746,87.08058695588234,93.0026787990196,2177.2990784313724
1298,1298,"Lewandowski,",670.43,671.25,0.748,4.121375988372094,13.266125251162787,1.8488781613953487,-13.894919838139538,30.49089560465116,637.2503113953488,-41.17668345741467,4.402517498489883,24.01666219072787,19.882278240259737,-18.719576253397765,-328.3162592872244
1299,1299,it,671.651,671.731,0.903,0.4592760983999999,8.670195182799999,22.721708359999997,-3.5373121839999997,15.8987888,643.0598396,37.673855727692306,-34.04382087807693,8.965372307692306,-53.68198689230769,109.95279111538463,-420.7196315384615
1300,1300,is,671.811,671.951,0.606,2.5148555636363636,18.020558209090908,7.663384854545455,-5.192779863636363,25.13800181818182,523.3970736363636,53.30901581818183,83.29483304545458,-222.58253263636368,26.253340454545434,-53.39091363636363,202.6429
1301,1301,a,672.011,672.051,0.498,18.572209400000002,24.292483200000003,-21.211873,-36.3181924,32.4200052,901.3415160000001,246.26509500000006,289.66979500000014,322.52161000000007,269.2709749999999,-26.50594000000002,3465.9561999999996
1302,1302,well-known,672.152,673.013,0.757,14.440555184791668,17.717442603854167,-8.121041068958334,-18.41893661125,34.228262854166665,721.4947885416667,-7.398539224462655,7.41386132757544,12.00468681439969,-6.651236629667823,-2.62262126845419,-75.63036254342158
1303,1303,secret,673.233,673.773,0.871,-1.989350511578947,21.75639526184211,12.565116903684212,6.222987555263156,9.733781578947369,618.1502694736841,63.800473807199914,-39.08320633904147,24.810788112594373,-31.60065649906992,5.440739697997593,90.01606762227819
1304,1304,within,674.634,675.315,0.671,6.463442493116883,13.768559764545456,20.495185705194803,-3.921078056493506,15.971671623376622,584.651322987013,-5.597333875348333,-5.386984229875386,5.782773322204109,-14.684495514301481,30.62407632236184,-221.00635229244435
1305,1305,Republican,675.736,676.436,0.871,11.452112446071428,12.228182330357143,8.541469211964285,0.11923274071428537,15.26412725,672.22406125,-1.572654919309638,8.885156796821597,-15.827510219155839,-22.44786707293233,20.405549015721117,-85.8956555194805
1306,1306,circles.,676.517,677.057,0.834,13.432158870967742,19.063480301290323,-14.750531121032257,-8.170247764516128,11.587524483870968,798.2273796774193,64.28152727822581,27.688498112903222,9.24919055596774,-90.97648559879032,-33.24139806451612,373.9822705645162
1307,1307,Kristi,681.257,681.637,0.69,3.469350734847161,12.535364426375544,12.35549291860262,2.349075793921397,8.573482851528386,666.6249590393013,-0.1870205108990437,-2.9696636820541005,-1.0859017290887651,-2.009386260158285,2.8648396010412394,-36.96904498216301
1308,1308,Noem's,681.677,682.057,0.742,4.532732428571429,9.653995453333334,-11.811077061904763,-19.2846895,30.936335142857143,805.8703933333333,-36.4750162142857,95.3894878064935,42.35736845454546,55.158048441558435,-88.06681590909093,-20.473905844155745
1309,1309,"husband,",682.158,682.798,0.852,4.439886087297297,10.754709656756756,1.2840063000000002,-4.56818945081081,19.883802027027027,636.3966713513513,28.528034773826462,36.25613917377905,52.63974515173069,40.91677338952111,-8.057263726884779,-788.6674160739689
1310,1310,ain't,683.558,683.739,0.824,3.929027455106384,8.333594179829786,19.790485893617024,-2.9423409014893616,8.043291872340426,615.1530268085105,-14.937096319611472,-20.332357217738213,4.6492723346438485,-38.48598205712304,33.89613198427382,91.77080920444037
1311,1311,no,683.799,683.979,0.878,14.767058016666667,19.98541275,-8.237926333333332,-25.357052191666664,34.967379666666666,708.0970458333333,-36.70209192307691,146.02252674825172,-195.4034325174825,-108.27797096153847,-6.594649300699309,2181.0912395104892
1312,1312,saint.,684.099,684.479,0.925,-7.522189558399999,14.03782719664,9.613555448800001,-3.9540602925999995,11.41031628,508.3190772000001,70.7912528103846,-35.559570702,92.17443707423074,-69.06375814365384,-10.358887192307689,-755.3551311538462
1313,1313,This,685.259,685.48,0.898,5.81710015076,12.290540686000002,16.959012557999998,3.9829990992000006,6.082012520000001,750.8132660000001,-3.732618516153661,-2.8278698393757504,-14.15000569387755,-4.3608848362545025,23.139784100840338,231.2561547659064
1314,1314,is,685.56,685.66,0.62,-2.2047839333333332,12.314687733333333,-18.735744555555552,-4.145060072222222,31.930082444444444,869.6211555555557,51.04432350000001,126.99958008333337,-34.09122833333332,-45.31228570833334,233.63400583333333,-2076.999583333334
1315,1315,what,685.72,685.98,0.829,11.31963608125,1.79894249875,-20.81153736875,-23.750238375000002,41.493240875,756.112678125,-51.076802463235275,-129.70776715441173,69.4907911102941,72.32299191176467,29.853338235294114,-329.28063308823533
1316,1316,puts,686.36,686.64,0.817,1.3854316169696967,10.202584387878787,1.321223001212121,-3.8242253386060607,8.89517396969697,749.7991030303031,-34.471293493983964,13.596656988636363,-57.94756912332888,4.749942648011364,45.25860787098931,958.0449971590912
1317,1317,me,686.7,686.84,0.865,-0.46458610000000017,24.0210609,20.985546371999998,-21.929672356,39.7225375,454.468442,-188.8665686666666,33.026364545454534,182.42399313939387,-229.47999616969688,3.5095633333333494,215.5186484848486
1318,1318,in,686.9,687.02,0.871,-3.1764769444444445,15.318022044444445,6.357040747777778,-15.762623488888888,38.76394855555556,585.9969733333334,89.87708400000004,109.93648100000003,36.550023783333344,242.00837650000008,-16.11610333333333,1950.2335249999999
1319,1319,the,687.04,687.141,0.666,10.115516566666665,7.009302480666666,-4.922876100000001,-16.595758433333334,35.86309033333333,959.5226883333335,135.19600714285713,21.305634782857144,187.8633162857143,-50.471169999999994,-34.180462857142835,-507.07964285714297
1320,1320,mindset,687.201,688.021,0.763,-0.07165125159090899,4.01318366590909,-0.2532659231818182,-9.481721088636364,27.521421568181815,727.9668422727273,-7.407770373537704,2.2588026613812553,34.95890066596195,2.759274187808315,-30.81071408386187,-57.7698322057787
1321,1321,of,688.722,688.842,0.704,7.423562137804879,4.390963850243902,-5.745471731707317,-8.051984624390244,15.93305180487805,820.1009829268293,18.232382369860627,0.02801174137630659,-84.93169285714286,-52.42874047648084,60.559160191637645,729.315373867596
1322,1322,everybody,689.222,690.242,0.85,2.582761450435714,5.877104539285714,4.976005578571428,-8.98068152,31.000457228571427,721.1482887142856,-12.212612183423586,6.547107576738693,7.072179030793457,-2.574587938937976,16.759365115912868,-34.16225877875956
1323,1323,is,690.883,691.043,0.756,0.8069298614999999,14.660296249999998,20.485185497499998,7.4604036649999985,14.207507199999998,668.292496,4.153200244371482,18.11386339305816,8.525590331613508,5.032647575046906,44.80755591932458,107.70514324577859
1324,1324,sexually,691.983,692.764,0.911,-6.471712429418603,12.36633470232558,10.703860572325583,-1.7083228619767443,17.20897269767442,674.4766061627906,-11.949652620788717,-0.3888835412047743,-4.3134180360677385,-24.574711172390206,33.7975548063588,-83.55477419217887
1325,1325,involved,693.004,693.765,0.817,8.2273293568,11.937496542800002,-7.983068321999999,-29.407034054000004,31.1148185,811.4161226,16.606526203409366,1.8637136159903933,-59.328884204321724,-36.809411007683075,28.88651675630253,251.7677717406963
1326,1326,with,693.825,694.045,0.903,11.368573323571427,18.70204445,14.05488406642857,-11.969114242857144,18.75461557142857,599.085295,-125.75220454175826,-118.33703605494505,151.95889938791208,14.049834043956048,-191.8021894505494,541.7875131868132
1327,1327,everybody,694.345,694.985,0.845,5.01663879787234,-5.823649997872341,7.961400155212766,-11.487399936595745,33.64850521276596,903.7559840425532,1.055529591813136,-4.516856074236819,-21.76062667252545,-7.9389826429232215,17.639614396392233,-173.83117651480114
1328,1328,else.,695.205,695.426,0.901,8.085383363636364,11.627388733181817,-11.569592174999999,-23.65119129545454,14.318561681818181,720.898009090909,-18.390540237154152,31.692706526538686,-98.15051463721063,-1.021990556182943,-114.26146140598533,575.5120869565217
1329,1329,Everybody,696.166,696.746,0.88,-0.8382617357575756,-2.1256801946212125,4.429183806060607,-1.2655096166666666,20.417407818181815,796.7903131818182,13.673457830748351,-35.55546002963676,-12.747188643356637,-32.167761718651484,41.35598067007618,202.13138308109797
1330,1330,doesn't,696.786,697.006,0.26,2.5608256615384613,-0.5507714230769231,-5.336350115384615,-8.202055415384615,32.98627330769231,564.7861492307692,-23.566963159340656,-51.85613346153846,-79.9200768131868,80.88506876373627,-55.61518928571427,-212.67328846153845
1331,1331,have,697.047,697.367,0.706,-3.4737888777777775,-8.197286805555557,5.4637194522222226,-15.929227855555553,33.31951427777777,873.7578694444443,39.711023137254905,44.067693802889586,-26.53559540660475,-25.61396801857585,-11.966372807017555,79.08093343653226
1332,1332,somebody,697.487,698.187,0.816,2.7969992768292684,0.049489486341463634,-9.133241524390245,-11.175304025365854,25.30732782926829,772.8671507317074,30.363816367595824,-13.699001126829273,38.420099934669,-4.820125209756098,3.7180186236933825,-54.86809433797911
1333,1333,within,698.227,698.587,0.799,13.59861496,14.58292769,10.562686526499999,-4.725940775699999,34.2667357,501.446773,-12.181012706766909,-58.04476081954887,22.002494074060156,59.345321454360906,2.8576306015037622,208.27736766917303
1334,1334,a,698.647,698.688,0.32,23.6146324,2.9733797,-5.4619867399999995,2.96270306,31.516222199999998,926.8179739999999,76.07965000000002,192.71886100000003,-214.89525250000003,-59.79650950000001,-49.913309999999996,2759.505800000001
1335,1335,Republican,698.748,699.388,0.888,17.664059817142856,5.851949347837143,3.6860419428571425,-5.212301482857143,27.799416685714284,642.0346211428572,-22.71506026330531,-6.072244962302517,17.908887505602234,-35.53258051540615,15.203708627450968,-168.62832787114846
1336,1336,party.,699.428,699.788,0.765,18.111670780000004,2.1960888555,-11.003681905,-4.010425845,14.233707900000002,750.5118515000001,-10.0492452481203,43.54601797556392,79.51531881578947,92.78005218421056,-94.28258766917294,781.2367590225564
1337,1337,I'm,700.268,700.409,0.84,5.868741874193549,2.477527584516129,4.951283258064516,-0.296267916129032,8.949341548387096,673.7743832258062,-10.815626951209678,-31.887218002419356,-83.2226291532258,-33.33832596068548,50.616853084677416,339.73678366935474
1338,1338,sorry.,700.449,700.749,0.964,9.958622567058825,-4.381410011764706,-20.36148114705882,-0.30985941176470533,0.0,588.350215882353,57.20018187009803,-10.760356274509803,-10.945338112745103,73.59065455882354,0.0,-448.72967647058834
1339,1339,I'm,701.582,701.682,0.244,-1.1175987340425533,4.252594636170214,3.2129348765957455,2.210565304255318,8.599478212765957,773.9751082978725,-10.113331463344126,-25.965288007631827,-41.76675110256706,-28.983919014801113,24.976014240286776,-64.39125300647557
1340,1340,sorry,701.722,702.083,0.821,8.506146910000002,-7.828041017499999,-13.744275125000001,-2.7480482984999997,20.043595,921.6279724999998,78.38325196240602,16.312715821428572,73.09549005639099,45.89507009436091,-69.7923520300752,-156.60514248120322
1341,1341,because,702.363,702.684,0.835,-2.999693443333333,4.292665302866667,4.982755827333332,3.8516282196666665,12.6720687,723.026824,41.81569606562848,18.632638069699667,-33.585354963070074,-47.0528628644049,56.52221872080088,-151.34033592880974
1342,1342,Kristi,702.784,703.244,0.776,-6.366618439285715,4.889605629999999,-0.34826883571428546,-1.587948010714285,24.35296757142857,957.1971125000002,-27.159377740831957,13.519165779967157,83.56055936234263,-51.95347714969896,63.57361538040503,92.10141995073899
1343,1343,Noem's,703.304,703.725,0.675,6.1650955708333335,6.845213744458333,-14.957191391666667,-26.318115195833332,32.63760475,766.3967541666667,-9.517766702173908,76.5341404318478,48.849854508695636,23.905577058695645,-70.79457404347825,800.6599482608693
1344,1344,"husband,",703.865,704.626,0.774,0.24613359644444455,6.519863800533334,-0.6265230888888889,-7.460107852,24.70888297777778,570.502214,20.769299577931495,31.0685288879315,46.36488877799738,21.39964120349144,13.467382536231892,-436.47636831357056
1345,1345,his,704.987,705.147,0.88,-1.9277084307692307,5.397688070384616,15.421752400000003,-1.0067509346153845,13.448261153846156,492.0705719230769,-2.294330528888891,-2.1647552070085503,-47.76165489230769,-56.83606709230768,104.36499999999998,-429.51404119658105
1346,1346,name,705.227,705.447,0.879,2.7210587800000003,0.5463256766666665,13.916855878666667,-16.386023440666666,38.03037973333333,429.7953646666666,31.55754457142858,-14.326224562499998,100.02784872499998,5.851453578571428,-17.461732857142852,-431.9257767857143
1347,1347,is,705.547,705.628,0.72,8.232824656666667,20.996956477777776,13.084652266666668,-1.0338712333333338,33.01909644444444,405.3332177777778,-78.06305571666668,307.132164,-63.3079185,214.89569875,-25.886288333333333,-938.4788000000004
1348,1348,Byron.,705.728,706.469,0.791,14.604368816666662,2.5085926595238095,0.4341892899999999,-5.361157893928572,31.170187119047622,627.2613983333334,14.464394478162221,4.506176891256785,18.46567380333846,-5.6512414592212945,-6.377411307835669,-126.91090507252245
1349,1349,He,707.17,707.57,0.816,-5.91320239875,13.27781634642857,24.73974355357143,-10.165069103571428,14.168853660714285,809.5758714285714,-13.85443390080314,1.055717067669173,3.193013945659604,-28.159957934723156,49.12578093130553,-73.33256107313733
1350,1350,allegedly,707.991,708.531,0.918,1.7919412247083335,9.471792873958334,12.1439582625,-16.002779560416666,24.886756437499997,515.1264787499999,-3.198218639215153,-11.401543137348021,-5.092022949413808,-9.702629766065998,20.941387453864518,-15.809322405557985
1351,1351,had,708.571,708.792,0.966,-2.0579570769230773,-12.882191069999998,-2.9555672999999993,-12.813548753846153,37.10878415384615,987.5797538461537,16.394555247252747,-1.3979780054945063,25.34541934065934,43.70671115384614,-8.313165384615395,2349.8366373626372
1352,1352,an,708.852,708.912,0.8,6.5647023933333335,2.9469499999999997,20.659706216666667,-8.788607743333333,35.079502,815.1495883333333,56.477496,152.16563428571425,-200.168325,17.80411694285713,-9.465922857142886,-7996.547528571429
1353,1353,affair,708.972,709.513,0.848,2.3599086349999996,-7.185796819999999,-7.149637917333333,-10.700150333333333,35.035192466666665,858.6787616666667,-3.66197328865406,-54.21673674527253,-47.870064023581754,13.803160763070078,28.46363446051168,668.155802558398
1354,1354,with,709.853,710.033,0.873,11.25977246923077,9.327455989292307,-1.3531234130769236,5.070357458846153,18.898881307692307,651.7466807692307,-10.103310201709398,36.26588431528203,38.299273631111106,-69.68891219094013,41.82239452991452,-639.8257117948716
1355,1355,Hope,710.133,710.414,0.986,7.858621913157896,14.87882089473684,-6.666064147368421,-35.50243182105263,22.539573894736844,729.0241242105263,81.50960449561404,107.0300921929825,-0.6521043947368449,-2.2399570526315817,-0.0012832456140303363,342.2909675438596
1356,1356,Hicks.,710.614,711.075,0.906,-6.263763171818183,5.573023577575758,16.784963193939394,-8.953760433333333,10.094084454545454,848.9273672727272,-41.37511475501337,-1.130469692847595,-16.120839146056152,8.370357663770053,-18.193229428475938,77.49207352941174
1357,1357,Y'all,711.475,711.736,0.52,0.3554999457575756,1.7196326545454548,1.4328851787878782,-0.0995540757575755,16.865425848484847,699.4302736363636,42.99719686430482,-80.36583857118984,-83.19078873997326,-78.72373119986631,94.61294545454544,365.30753141711233
1358,1358,remember,711.756,712.176,0.86,8.901158615000002,-5.432955577272727,-9.958316892545456,-10.163456245272727,33.753253545454534,867.8247468181818,44.71617157114625,28.657012380011295,-78.77542560350086,-47.86420113190288,-67.59437848673065,-383.1642566346696
1359,1359,Hope,712.236,712.477,0.986,13.724758313333334,18.984339573333333,-7.049343446666666,-34.24210459999999,28.42409013333333,817.1422833333332,75.36729830357142,61.92727280357143,87.42901433571429,57.17781642857143,-60.764246071428566,-443.62140357142874
1360,1360,Hicks?,712.557,712.917,0.883,-0.7579296136363637,13.877311680000002,24.809067818181813,-6.417132914545454,11.538963363636363,595.606865909091,-21.586752921513266,5.383724049689439,-71.50920346132128,-0.27782176341050174,-31.857161773009608,328.3490206098251
1361,1361,Hope,713.737,713.977,0.584,-2.2156593697358486,8.901600605660377,1.065923590188678,-4.790393303773586,7.031555396226416,675.560385471698,29.558156867618134,-14.610956166424772,-28.648837871432033,-80.25713346355427,30.233707434284796,162.93361030478954
1362,1362,Hicks,714.017,714.438,0.807,-3.3589842778260874,6.195496682608696,15.286449143478258,-12.820253347826084,32.66116704347826,646.0320526086955,-13.055213340909079,36.690464090909074,-13.584705592885376,112.72007885375491,-114.15430163043473,-894.7696314229244
1363,1363,was,714.858,715.358,0.775,5.205115609565217,12.75723653,-3.788697284782611,-5.445287913043478,22.404158304347828,751.3456039130433,13.538538656799258,-16.438465314400243,-30.83065835306814,-43.173173757631815,53.415127147702734,316.5719230342275
1364,1364,one,715.959,716.079,0.884,7.534896096875002,14.381371997222223,-1.3673012027777778,-2.1579531930555556,17.390628333333336,708.028863611111,27.41919071481659,-37.54920555405405,-42.2507996222651,-72.48941639478763,72.27905918918916,548.8689511583009
1365,1365,of,716.119,716.179,0.936,1.736083662,0.9772868199999998,-27.223804800000003,-21.508913999999997,31.473826399999997,796.589422,97.30944745000001,298.9711750000001,203.91272500000002,78.65326000000002,-244.99448999999998,897.3790499999996
1366,1366,"those,",716.259,716.679,0.883,12.158375368,23.48174149,-16.546407308,-37.722822044,35.44873328,883.1013656000001,32.332914296153845,54.35250421346154,19.509893796153847,-78.46590324615384,-9.48341507692308,-39.3265726923076
1367,1367,one,717.2,717.32,0.79,9.752068458124999,20.212463834375,0.2842104068750002,-12.567321374999999,19.0988895625,786.3946121875,24.800104342192085,-79.52573642320384,-35.62882631579913,-37.47247907624635,80.17107826246338,518.8322013379767
1368,1368,of,717.36,717.44,0.667,9.268165,7.6951203,-9.1805836,-11.761287915833334,35.3745145,803.4305366666667,211.55510314285712,295.47266542857153,229.68636000000004,197.27403217857145,-63.39385857142862,-6089.2062
1369,1369,Donald,717.5,717.86,0.848,9.610444706190476,5.179645810952381,-15.373263319047618,-12.051453299999999,28.045819476190474,737.0849171428572,18.733738763636364,32.27885548181819,-31.622780116883117,-59.359274448051934,-19.588204220779218,777.2899798701299
1370,1370,Trump's,717.9,718.261,0.743,-0.456432725,8.732753454600001,-6.048394664,-7.7314279950000016,20.83071405,824.9662155,28.219253552631574,118.0618159700752,15.158335088721808,-47.898136943609025,-17.445572218045115,66.87848909774449
1371,1371,girls.,718.341,718.781,0.807,25.40525455,22.69291698076923,-23.89085946923077,-10.90733575923077,23.6789245,836.4140338461538,0.776645769230771,10.465423700854695,-23.962222017094017,-86.25962303965808,-25.58735933333333,260.4485381196581
1372,1372,She,719.241,719.401,0.785,-12.696728689354837,11.625372316451612,17.744487238064515,-1.2716479441935484,16.905184645161288,730.7965661290322,10.564526843951612,-38.60002605826613,37.30677980725806,-37.182774626814506,95.37367524193547,-30.334531451612897
1373,1373,was,719.442,719.842,0.77,4.547318432727273,7.899908589727274,-10.137389613636364,-27.121417681818183,37.472046727272726,965.707365909091,-36.873741483907395,28.724588496499145,46.88895892433654,53.820891445511016,-8.144773969508753,-292.48550338791654
1374,1374,I,720.042,720.102,0.723,7.59619552,-2.0489747846153845,-13.160663630769232,-10.10247380769231,18.511851230769228,634.333433076923,74.87451818681319,-228.36275401098902,-46.544794945054946,-104.6151320879121,139.81505604395605,1334.6202197802195
1375,1375,believe,720.122,720.743,0.753,3.5391941809375003,23.2580665515625,17.927081221875,-14.004748839687501,35.46308846875,556.807194375,-13.58851975229106,13.813790953537394,54.6578447736437,51.822344578903966,-2.3201265120967753,-604.0122369868036
1376,1376,an,720.863,720.943,0.879,4.1835679299,1.9971431259999999,15.18881275,-5.696198100000001,33.290277700000004,666.1883909999999,60.99270227363635,-6.934539484848482,63.88900803030302,-43.391707030303024,-12.071136060606047,-4721.000651515149
1377,1377,executive,721.023,721.663,0.936,3.5425678049999996,17.897471023055555,17.132823757666664,0.04616904722222189,32.44991769444445,664.3759688888889,-2.928614866280564,-33.0338966637709,-36.308367891402824,-27.03801323873873,17.802227380952377,639.3428038610037
1378,1378,assistant,721.723,722.384,0.939,-3.7440020030000003,17.699135697777777,7.414669721666668,2.5669285222222222,17.216702305555557,594.7089591666668,13.72329275364221,-34.30209988931788,39.39259163719433,-29.374450496782483,15.100930199485193,-192.51291898326886
1379,1379,to,722.464,722.604,0.834,0.3859056090909082,16.56031118181818,9.271278509090909,-2.6022790545454546,8.769334363636363,462.6223981818182,52.49698022727275,37.51935818181819,-91.75318190909093,-54.54966404545455,48.6403,-306.68818636363636
1380,1380,Donald,722.644,722.984,0.904,5.553857898421053,-0.2925221515789472,-10.275023682105264,-10.072591794736843,30.60135463157895,778.3544789473683,14.382792869298248,30.457993810526318,-11.978725353508775,-20.841032070175444,-25.600213245614054,841.0484201754388
1381,1381,"Trump,",723.004,723.284,0.926,2.5087613066666665,-0.18280446600000033,-13.152798878666669,-7.983904582666667,22.651483199999998,905.6386546666668,149.44889733928568,43.60255597321428,-74.24310515357142,-116.98388103214285,-63.48124303571428,118.40326428571416
1382,1382,but,723.305,723.505,0.875,10.882208986363636,0.7101461454545457,-4.427376263636364,-15.134829636363639,26.981305181818183,892.0294154545453,-83.91680747727274,-126.16711090909094,95.70042140909094,52.27087045454546,-147.11323681818186,-1239.7978954545463
1383,1383,he,723.845,724.045,0.917,-6.930267905925926,7.723945574174073,22.58550416666667,-4.925428588888889,12.303869444444445,726.3816059259259,4.326252619658121,31.739302370341886,25.1135335927961,-55.120455775335785,66.94389160561663,703.7668141025644
1384,1384,brought,724.085,724.385,0.781,7.268557605882354,-6.268685423529412,-20.554413023529413,-19.029245009411763,26.712151764705883,691.0749647058824,-33.34900567401961,-120.61189856617644,-33.78790283088237,14.579204360294117,-32.59926151960784,394.4659375000001
1385,1385,her,724.425,724.586,0.826,9.09603124,-9.42010137,-38.27409247999999,-4.416649550000001,39.7375258,916.575468,46.15483466666666,-12.555433303030306,-351.494276121212,-100.00877712121209,22.547619999999988,1441.6616787878784
1386,1386,over,724.866,725.146,0.769,18.39935807142857,16.084805071428573,-27.82301611428571,-18.75639479267857,34.64245303571428,827.3098321428572,12.786251258894358,2.894927629994525,-10.353986187739467,27.371733071907496,-7.568782170224415,-57.92662588943628
1387,1387,from,725.546,725.927,0.773,10.705864426153845,2.0878387966666665,-15.995673798461539,-4.339614823076924,21.656922384615385,848.9006056410255,3.7248564961538464,-9.517175189878543,-6.976766526720646,-70.18345997267208,39.37196931174089,-83.76864919028343
1388,1388,the,726.327,726.447,0.83,9.602824334615386,12.589619456538461,12.170059846153846,0.7377697230769231,12.232736038461537,701.8169300000001,-33.049480647863234,-15.433498619658117,20.500164967521357,24.34033534700854,4.018957623931613,-440.7987087179486
1389,1389,Trump,726.507,726.807,0.873,-5.829948563055556,-11.527616401666666,-19.03494577777778,-9.940685433333334,21.34092916666667,968.2693172222223,95.47482010036121,-58.28663706243551,-161.6963120743034,-101.35646912280704,-20.19816805985553,-193.0805815273478
1390,1390,organization.,727.087,727.988,0.861,7.949932691525423,9.81751131016949,10.12058072101695,-4.697188874322033,16.670076423728815,694.0119971186441,-21.951613259205157,5.058614034628874,35.03753950610756,0.4949417478813578,-7.30227203389831,-157.37715020455875
1391,1391,So,728.288,728.429,0.99,1.2700174386363636,7.422111714545454,10.685067136363637,0.16908657727272705,10.001916454545455,756.814855909091,11.947482398362508,12.271872081874646,-65.24389630717108,-68.31759581309994,86.63020180688876,1401.6703481084135
1392,1392,she's,728.529,728.809,0.896,-18.34220634736842,19.29054,16.666340427894735,-10.532984200000001,23.339289052631578,963.8359536842105,89.6659287631579,1.2715398421052595,-7.044234396491231,48.52940302631579,63.071055701754396,-1640.9019982456145
1393,1393,been,728.829,729.009,0.811,4.3020477470000005,5.339519630000001,4.00054539,-7.417663899999999,33.263225,828.400085,-22.950300081818177,-151.40447275757572,-130.51126445454545,-142.75846866666666,89.99624060606055,2769.925499999999
1394,1394,with,729.049,729.169,0.987,17.98106125,11.2123215375,3.12658025,-16.31153125,17.126890125000003,833.747755,2.20095952380952,-151.76365982142852,167.12801499999998,115.25725357142858,-328.77609583333333,-4447.893702380952
1395,1395,Donald,729.209,729.569,0.829,12.89490613,3.5544045700000004,-11.84150128,-14.329552654999997,24.2070185,743.3702805,14.250579105263157,71.83164194736844,-23.45046884210527,-17.174860056390976,-38.32224766917294,942.975372556391
1396,1396,Trump,729.589,729.87,0.794,4.558897206666667,-0.9892463786666674,-11.330381666666666,-5.865173166666667,23.948331133333333,772.2980873333332,153.05590101785714,43.5431721892857,-97.46216339285714,-144.17235178571426,28.235822321428554,474.7623624999998
1397,1397,for,729.91,730.13,0.885,15.527055026153848,23.48971520769231,-20.333229299999996,-24.550733953846155,27.24663076923077,784.447356153846,131.13875347252747,-57.63778887362637,-122.33532414835165,-109.9769871978022,85.9384552197802,-283.2787060439559
1398,1398,a,730.19,730.21,0.997,28.5625475,22.87543775,-19.854105500000003,-21.96747975,30.10770575,674.333895,73.80102000000007,355.3370350000001,274.14299000000005,108.06891500000009,3.7929150000000087,-2828.828000000002
1399,1399,while,730.27,730.59,0.814,11.135358334210528,-3.795906738947368,-17.726049300000003,-24.51310057894737,20.740446947368422,697.2361405263159,-23.508018858771933,-115.94949151052633,-14.994360535087722,-31.807780701754403,-88.60533219298249,-857.4824657894738
1400,1400,and,730.991,731.111,0.753,3.4416760714814814,0.31397093814814786,14.447246462222223,-1.7746769399999995,11.582897296296297,530.8083825925925,20.738932246337004,7.209158225274727,82.79712012454215,-5.098388818681321,85.1396014652015,-125.45648168498178
1401,1401,there,731.171,731.411,0.767,6.748046372666666,-2.5907081093333337,-4.292358106666666,-11.223955573333333,36.22587166666667,882.7836826666669,58.27805805178572,-146.60477662142856,-246.9741553571428,-118.80531153571425,63.813044107142844,1742.3178803571427
1402,1402,was,731.471,731.671,0.909,5.853505149230769,8.881367915384615,-32.27283230769231,-28.75538507692308,42.20979353846154,758.7586292307692,-67.92182403846154,54.94566368131867,19.523682417582428,166.15022362637362,-2.1975736263736314,-893.5468818681319
1403,1403,a,731.751,731.791,0.526,3.0598346216666665,5.985981133333333,-10.3615489,-5.244264145,27.631788333333333,806.861285,-0.6461651285714328,97.75743,123.48764542857143,154.4625355,-473.75930000000005,-1226.7575857142858
1404,1404,time.,731.851,732.312,0.993,1.121484439615385,-12.158725125000002,-16.19880343076923,-1.8844469226923075,15.371224192307693,756.906221923077,60.65396598649571,-20.008619390598284,-3.539993753846153,4.9041606582905946,-27.784866273504257,239.60903811965804
1405,1405,There,733.092,733.312,0.708,10.664551933999999,12.767885818,14.28831912,3.1856275626799992,11.635541640000001,668.6808735999999,6.355288560624249,-13.791351091236491,-24.21427002160864,-7.189106800216085,46.93161393037215,-89.85939116446576
1406,1406,was,733.372,733.532,0.905,6.305329792363636,9.784106018181818,-22.288844636363635,-24.16127918181818,40.45220054545454,580.9490881818182,-104.76270500727276,48.757832409090916,36.96785590909093,136.4579004545455,3.3832745454545403,-2395.4406409090916
1407,1407,a,733.592,733.632,0.841,1.172597048,1.7915500744,-1.9519407800000004,-14.923785719999998,16.681656,779.214472,61.87129500000001,207.48535200000003,37.6346975,185.39170900000005,-625.1185650000001,-5967.226900000001
1408,1408,time,733.692,734.113,0.778,-0.45798192541666644,-8.627248770833335,-10.859088983333335,-5.9393492375,30.3700355,709.35114625,53.10971255760868,-28.17983474130434,39.829910073913034,-18.0804156673913,55.466643782608685,-561.3100906521737
1409,1409,where,734.473,734.673,0.792,9.789453707142854,7.97575434142857,10.116558100000002,7.373291432714287,18.736286785714288,693.2879935714287,27.183105804597695,-5.286516415982483,-62.17121786261631,10.997435573344278,67.5401108648057,1676.624077996716
1410,1410,it,734.753,734.833,0.849,18.301626875,-2.3639954,8.5507625125,-12.599200692500002,30.481421625000003,854.35374875,120.92930773809523,179.4398157142857,-258.9694256547619,-127.95279548809519,-358.4576136904762,1098.785767857143
1411,1411,was,734.913,735.093,0.788,13.554197415384616,33.90240669230769,6.233256698461539,-9.897358176923076,28.481586461538466,686.8824223076924,-161.20746395604397,104.57805357142857,71.49490393956043,-45.43805931318683,42.4282945054945,422.54264560439594
1412,1412,rumored,735.333,735.994,0.799,17.95675436666666,10.642717751555558,-15.723586815555553,-11.514572165999999,27.196103088888886,839.1167495555554,-1.581974013833992,-45.24886270204217,-35.287610355072474,10.005652637747039,-40.41260277338605,628.3053700263506
1413,1413,that,736.374,736.594,0.819,4.709229993333333,0.12841578166666695,10.791297307533334,6.964098428666667,12.692780633333333,593.3342263333335,4.533451301446055,-39.56832723948832,-31.2337334694772,-33.34254079977753,56.66496276974415,98.95004349276974
1414,1414,Hope,736.694,736.974,0.972,4.334987781578948,13.413249605263157,-11.500606763157894,-44.52941447368421,23.98123331578947,739.1915568421055,87.53244892543862,114.95863399122808,0.22646760526315904,-77.16465035087722,66.38099149122809,175.2539543859651
1415,1415,Hicks,737.215,737.655,0.756,-8.309250564705884,-1.5639721291176467,16.81540289852941,-11.674868727647059,21.28908238235294,707.0925500000001,-41.64053879144384,-11.422690881359811,-37.40073501489686,8.027784188693653,27.254599625668433,381.4814765469824
1416,1416,had,738.135,738.375,0.924,-5.473934385666666,-5.443353931666667,6.407854273611111,3.2734297161111106,13.306127250000001,658.4936674999999,14.127754553951092,-73.88913757863575,-39.34301580598455,-43.98464889073358,74.05990014800513,665.9200146074645
1417,1417,a,738.415,738.455,0.5,17.09688825,-0.3943908250000001,-29.97746,-2.0139173600000007,39.29463325,940.8958925,186.52056500000003,96.57951550000004,216.46624,68.9743966,8.291234999999983,-4921.037450000003
1418,1418,relationship,738.495,739.316,0.948,-9.315100024418605,8.121937999999998,14.452253689069765,-16.567164558139535,27.243131767441856,740.5391946511629,-19.11388199411054,6.994240205376017,-6.1427884220779205,-5.168503492147387,-18.18184551495016,89.85244759891273
1419,1419,going,739.396,739.736,0.859,7.722302371428571,12.678119023809524,-12.32226906666667,-26.27475282333333,36.073139190476184,725.5471552380952,-73.92952539610391,-28.58199694155844,-0.3603006103896146,-24.7288554538961,40.57272136363636,-140.54189090909105
1420,1420,on,740.016,740.136,0.755,15.865843489999998,11.076554459999999,-15.164214389999994,-34.254105450000004,34.04569985,833.7353939999999,-29.784289135338348,-35.221376526315794,12.087516338345866,76.23420650375941,-6.238099135338348,11.667809774436142
1421,1421,with,740.416,740.576,0.874,6.352962184999998,12.269362482727272,4.9515324590909096,2.7964359118181816,11.573323818181818,614.5832500000001,21.297048320440428,48.672499162619985,-21.239543373800117,-29.709805530208925,30.52789395821571,-718.4924624505929
1422,1422,Corey,740.717,741.157,0.79,10.011743328965515,14.493416820689653,-10.52285063448276,-17.06549481137931,25.628924275862072,737.7378362068966,7.19414381330049,-23.847485012315268,18.13094323891625,12.415904249507392,82.9459277093596,192.04228078817724
1423,1423,Lewandowski.,741.257,742.438,0.846,9.14167337640625,20.372864179687504,6.1444961365625,-10.7048471375,21.929479906250002,680.41213234375,-23.935565761366753,-4.334007395718864,2.4622413457646513,17.177355270329667,-26.254780963827834,-0.1916281021062256
1424,1424,So,742.918,743.098,0.88,-1.7472372666666665,10.55870383909091,7.6196776787878795,3.4517698939393933,8.913684272727272,684.1985818181819,9.097255982620322,-27.37596789756016,-88.37849386029411,-59.32168851102942,61.03186973596257,469.3726706216578
1425,1425,now,743.158,743.318,0.949,4.200548405454544,-9.750065918181818,-6.9889110636363645,-7.220465072727273,31.275950454545455,908.8115981818183,-177.69513225454548,-179.7185540000001,-100.9708348636364,-7.48122527272728,137.21460045454552,1393.2706727272732
1426,1426,you,743.358,743.498,0.916,-5.34178143,18.85393268888889,9.089462300000001,6.0152037455555565,21.21648766666667,657.5328655555555,-108.19030340833334,198.91732033333335,-41.76075550000001,160.90914715000002,-315.8579083333334,2542.3248416666675
1427,1427,see,743.538,743.758,0.813,-13.757440953846155,10.067800543076924,9.89995900769231,0.8286525692307691,33.52143738461538,1102.2653315384616,85.9453171153846,-129.82762259340657,26.166330384615385,-151.97621247252744,179.78384862637367,2188.872247252747
1428,1428,where,743.798,743.998,0.911,9.015340438333332,-6.234397041666668,-23.473285325000003,-23.39553475,41.71338516666666,846.0961866666667,-19.836197237762235,-153.87757823426568,-48.86671568181818,105.15374737762238,-8.863457342657334,2486.101377622377
1429,1429,my,744.479,744.679,0.876,7.847810541176472,1.4898898026470584,1.43228085,-6.292822024411764,16.90000626470588,768.4569647058825,-10.855545975553854,-29.71820754660045,-46.78379313445377,-48.09690171802902,76.75841505729564,56.79088495034379
1430,1430,mind,744.779,745.179,0.76,0.2958583308,-10.4948089692,-10.128544075999999,-13.895540099999998,39.49394091999999,858.4064371999999,-46.727543780769224,-53.29151546269232,-7.517766030769239,-23.630858826923085,15.960358269230767,-12.928693846153799
1431,1431,is,745.279,745.379,0.702,1.0601220700000002,11.504370815700002,0.5234272699999997,0.8094923499999993,19.479227599999998,552.9916390000001,-132.96391227272724,118.31011418636363,-106.61700930303029,275.5175134848484,-297.856606060606,-333.886093939394
1432,1432,coming,745.439,745.74,0.863,3.435339752777778,-7.024550266666667,-11.355960807222223,-5.427750633333334,32.214870444444436,794.7333127777777,55.933130018059856,-68.07977701754386,4.632462309081528,-76.57362830753353,119.17939948400412,-208.39338957688332
1433,1433,from,745.78,746.02,0.823,8.26529741857143,-8.161849018714284,-20.49732445714286,-21.29223205,34.84697164285714,777.0285642857144,60.03495508351649,-65.71655903802196,10.418785142857141,-168.6176721208791,96.93520560439558,314.6093780219779
1434,1434,when,746.04,746.18,0.26,7.1355614675000005,-4.3336905125,-9.337215200000001,-18.84388225,37.350823375,909.30287875,-57.795894416666634,-85.35713744047615,66.95373857142853,182.959269047619,15.927533928571412,2511.766922619047
1435,1435,I,746.28,746.36,0.996,-3.2456314833333333,-7.856581088888889,-28.412227222222224,-15.928067255555554,40.898427777777776,626.0320666666667,-31.640265250000006,149.4443908333334,15.025791666666661,-10.275171833333333,11.73832166666665,1966.6916166666672
1436,1436,say,746.44,746.74,0.846,-6.064353857368421,5.106096152631579,-10.860784578947369,-16.655375752631578,31.597100842105263,828.194637368421,37.274716428070185,-38.34673130701755,50.7425764649123,-112.09510177192986,103.192967631579,367.1130131578949
1437,1437,everybody,747.36,747.961,0.893,2.3953894163934417,-3.4524609270491804,3.0931108670491803,-2.733975183606557,25.37546832786885,794.0138598360655,-2.5725950136171343,-12.965698533447915,-34.01269823670016,-14.55810870782655,32.825438852459015,240.7719781597039
1438,1438,sleeping,747.981,748.321,0.886,-0.18034206888888882,8.590653957222223,-0.8398384377777776,-12.781739922222222,33.511355333333334,674.2275027777777,102.863553376677,-102.14917060835914,9.754852648090813,-84.35433975232198,91.46008937048504,-248.84847420020628
1439,1439,with,748.361,748.481,0.99,13.311140625,-0.3825367249999996,-6.724098424999999,-24.39648,38.342584875,657.77559875,-124.56258988095237,-224.0508357142857,217.5756070238095,138.93588571428566,-34.560351785714275,2534.6635297619046
1440,1440,everybody,748.601,749.182,0.866,5.4292966257142865,-6.5999488742857135,-4.677693568,-17.016292602285713,40.07382145714286,710.4225060000001,-11.529492075630246,19.42566274929971,43.04759206694676,-21.468580895238084,0.6500427871148456,239.5828712885153
1441,1441,sounds,749.542,749.842,0.789,-3.6788109784848486,5.53483919090909,-1.5657132757575754,-0.414690104848485,20.318039030303034,816.9944009090909,19.854541249832888,-20.33209147727273,-103.3458587215909,-24.415306430147062,67.77359650735295,230.8703153409092
1442,1442,like,749.882,750.062,0.664,4.649360660909091,1.4931700454545456,-15.225915121818185,-16.99875220909091,27.27754327272728,745.6861818181819,18.12045683636364,49.79806454545457,180.36442770000008,179.85066077272734,-182.3596318181819,-2276.824559090909
1443,1443,one,750.262,750.402,0.632,14.72247063882353,12.723101394117649,-9.64279252352941,-14.637870447058821,36.61984464705882,837.5001052941176,-70.50365718382352,-131.1068987132353,-27.36173193627451,-44.350835122549014,25.692753676470584,1801.2026176470588
1444,1444,big,750.522,750.802,0.843,7.7874085950000005,16.320279645,20.4607600525,-5.9819312700000005,26.688617349999998,508.90433199999995,-49.62729816165415,-10.713731266917298,-3.4863749680451086,-79.18604148120302,124.14609462406018,772.103390225564
1445,1445,orgy,751.103,751.643,0.797,3.716814238095238,20.60081777619048,-0.3154785309523807,-18.80654612380953,34.024238499999996,845.7157966666666,-54.486070172595404,0.2801115882019289,78.81939972571102,8.959798266753095,11.70958726602382,194.36287205250787
1446,1446,going,752.063,752.403,0.844,6.474773569210527,12.436886507894739,0.814633252631579,-14.412230538421053,23.221929026315788,739.1538571052633,15.209201510723275,-32.64592420231973,-87.66567059962797,-53.37037051438889,61.36351040048145,617.4271722836196
1447,1447,on,752.704,752.904,0.264,0.7594671480000001,-0.5906014200000003,-24.371970343999998,-34.37432832,40.548085040000004,747.005424,-17.815447423076925,-48.15329517307693,88.91676613846155,66.94358076923076,0.49126965384615456,-1024.9196753846154
1448,1448,within,752.984,753.324,0.85,5.834387557142857,3.788143566666667,4.349835833333334,-16.06330536190476,34.126761904761906,597.4145166666667,-57.58117179870129,-55.98031109090909,70.351813512987,-7.324523701298701,12.650941948051944,964.3226123376627
1449,1449,the,753.344,753.444,0.824,19.570309833333333,-10.010981883333333,-13.06031675,-15.915027999999998,39.535098,927.7632966666666,178.02056714285715,98.64229442857145,-292.45227785714286,13.000840000000009,-0.6102000000000318,-6977.74397142857
1450,1450,Republican,753.484,754.044,0.88,8.856564254666667,-7.059971934666667,-7.372232173333332,-14.68601609,36.44246180000001,834.6258550000001,-4.833272340823138,18.90316379265851,8.589637414905448,-39.74882401446051,9.37102013348165,-456.4541513904337
1451,1451,party.,754.084,754.525,0.921,6.052267202083333,-11.834566399166667,-11.983465512499999,-16.257371720833333,37.89568666666667,889.3933279166666,-45.55008450760869,3.51947149695652,124.87738891956519,18.47617043695651,41.161126652173905,1011.012045869565
1452,1452,"So,",755.265,755.506,0.978,0.9896923879591837,13.728369940816327,9.940197675510204,-10.450697705591837,11.923560408163265,701.2531951020409,1.242211892448981,-0.4987266499999996,-54.14524998367347,-2.494671568795919,20.75713843367347,-77.52861999999999
1453,1453,her,756.127,756.327,0.654,5.353088340975609,1.5345677414634151,-2.683895353658537,-3.016279730487805,16.540129170731706,655.4994836585365,-11.429801735191639,-62.953623185540096,-44.73440599041813,9.685146755662023,30.54428172473868,356.5569164634147
1454,1454,"husband,",756.387,756.848,0.797,1.30999474,0.6211585069230773,-11.743526784615382,-13.13603290192308,28.288798846153842,803.986763076923,20.691348597948714,80.36652214871792,114.1404361435897,57.66929481111108,-46.28017989743588,-1591.2156540170934
1455,1455,Kristi,756.888,757.229,0.777,0.5776985789473684,7.594508443157895,4.4248698926315795,-2.4655121263157893,26.27087036842105,756.3308578947368,-46.87384121929824,-22.983039764912288,98.25873395789473,-50.8824986754386,88.83939026315792,1468.1177736842105
1456,1456,Noem's,757.269,757.61,0.759,6.770958963157892,-7.001881090526316,-14.540726789473682,-30.491898705263157,28.414611631578946,788.5634063157894,-52.68054954385966,100.84156181228073,-27.183206157894737,1.8808848947368393,-139.7449159649123,1156.791012280702
1457,1457,"husband,",757.67,758.351,0.814,5.3997304473684204,13.199413836842103,0.6215212157894734,-9.819256733842105,29.507758789473684,685.0209560526316,14.72005421271474,41.61339446000657,61.174068252544046,34.80159872641427,-3.531551767151762,-726.0882178028231
1458,1458,"Byron,",758.972,759.734,0.846,10.260148148840578,4.607601555072463,4.956379465217392,-0.7840413604347826,20.938041420289853,690.876258115942,8.701164664395323,-7.891484523383265,-16.734702870295944,-4.21654377234198,33.75964336317136,-15.45774903178661
1459,1459,allegedly,760.395,761.016,0.87,6.069968220625,10.013065463593751,9.342188490624999,-12.65781688046875,19.439818140625,531.0846421875001,-10.262288550641024,-10.046692817868585,-10.227046190018312,-29.96772077057005,34.422181223672155,-66.6795075778388
1460,1460,had,761.056,761.297,0.979,-0.09104923571428562,-10.590673405000002,-7.44170630142857,-19.319363178571432,38.82331257142857,709.8079335714284,23.5894773076923,3.3643364318681304,-57.923247254945046,-26.70260994505494,-0.619148571428564,-384.2351263736264
1461,1461,an,761.357,761.417,0.759,12.192186795,-4.818298516666666,9.136758333333335,-24.012672166666665,40.56675433333333,729.2132233333332,-66.1951987857143,2.8151735714285717,-201.70748285714288,38.34083571428571,26.02030285714291,4969.498514285714
1462,1462,affair,761.497,761.958,0.858,1.0679524675925924,-0.61195398,-4.248695796666667,-12.884994174074073,31.606492777777778,676.3196333333334,17.90373397283273,-28.364368915750926,5.465689978021977,7.36900524847375,17.8831764957265,177.57400061050072
1463,1463,with,762.319,762.499,0.822,11.294479133333333,11.141304274074075,1.2818112685185186,4.731930978981482,16.17898837037037,670.3447874074075,-0.12732778388278346,29.06073323565325,36.21765519078144,-33.424841908119674,29.81214001831503,-295.68229487179497
1464,1464,Hope,762.579,762.88,0.945,8.823006741578947,12.533822466842105,-8.616625294736844,-38.2354457,18.312958842105264,721.4272678947368,29.58645591140352,54.345126426315815,18.489498771929828,14.17283171929825,-59.33800754385965,-457.52458421052637
1465,1465,"Hicks,",763.04,763.381,0.859,-7.219065882399999,11.470754176,19.07973448,-7.105651891999998,19.3881934,618.9842815999999,-38.99826524769231,37.96301826923077,-59.41555078846154,42.39985907692308,-0.7587573461538438,-121.16678884615379
1466,1466,Donald,763.521,763.922,0.714,7.79571355037037,10.985788764074073,-9.952771988888891,-12.286683298888889,28.872599851851852,761.2144414814815,-2.243797873015874,-29.533308313186822,-39.31375503357754,-82.39702226831503,-39.237950183150204,454.6830622710624
1467,1467,Trump's,763.962,764.323,0.815,-4.732537735,3.0484576104999994,-17.7212198,-5.722387530000001,22.9433195,764.1740445,70.44174162781957,69.20878272368421,-91.93108684210524,-63.387734436090234,-1.4221217293233162,102.89948082706762
1468,1468,executive,764.724,765.345,0.97,3.0268989629411767,8.588939360196079,14.023999033333334,-1.5320942450980393,24.36668939215686,552.6010643137255,6.983161536832581,-11.030349090000001,-7.807013924434388,-43.71782203574661,51.23285033936652,-81.68407266968329
1469,1469,assistant.,765.385,765.946,0.911,-8.313532026666667,12.437970303333332,-3.272389288666667,0.03914263000000003,24.11163713333333,516.6284573333332,12.211518300333704,-40.57418537374861,26.917382265850947,-20.771324490545055,26.504971879866527,-18.89221423804229
1470,1470,and,766.952,767.052,0.874,3.1838056242857142,4.2591306017857145,17.54388911714286,4.210130643928571,4.471787160714285,645.7622428571428,-4.041204218660287,-20.263952129015717,0.2525820127819543,-10.509854500991109,19.246261888243335,76.4239985304169
1471,1471,Hope,767.132,767.392,0.928,2.7172823117647056,12.062243794117647,-20.19379471886471,-40.14502152941176,23.728459588235296,697.0985117647059,84.50108792892156,114.3462394607843,-44.847818465171564,-48.89584252450981,24.414377818627454,12.408013480392233
1472,1472,"Hicks,",767.593,767.993,0.859,-9.9665840611,4.442360511333333,15.614174762,-10.711607306666668,20.903028133333336,719.833154,-19.862104200233595,10.545165371523915,-43.17383159221357,37.25177792658509,3.420459733036702,590.7238907675194
1473,1473,who,768.373,768.493,0.276,-2.8719320932000003,15.147396116,15.7326675304,7.560551524,10.690100520000001,569.8509367999999,35.26276437307693,-51.25138883461538,39.51097755192308,-86.76228918461538,89.13167303846154,-212.23619461538456
1474,1474,had,768.553,768.734,0.866,0.9167530962499999,-16.671634133333335,-3.229485508333333,-13.831073324999998,37.86985641666667,729.7960433333334,67.41176785227272,-29.20160433566433,-38.60208543706295,53.459963863636354,-19.755614160839166,977.2850209790209
1475,1475,allegedly,768.774,769.314,0.859,3.7662138058620696,10.752532154137931,4.485152796689656,-14.027763531034484,28.387378241379306,559.3356079310346,-25.401281939901473,43.61159841724137,44.474544309162546,18.589379371921176,-5.936681403940885,-673.4136775862067
1476,1476,had,769.354,769.554,0.834,-0.8434314066666667,-7.632165059999999,-6.318465091666667,-14.714115583333333,37.324845583333335,819.20963,34.964575727272724,-70.15503723076922,-52.38686774475524,53.712115559440555,-11.077658566433565,3111.0207027972015
1477,1477,an,769.614,769.654,0.998,13.65295174,-4.501460868000001,23.9161688,-9.184076,35.8521042,459.526528,130.50631800000002,131.25145500000002,121.01006000000004,-18.606709999999985,-2.024634999999968,-5939.658700000001
1478,1478,affair,769.714,770.155,0.859,1.7310433852000002,-5.188350046,-4.3135809594,-7.495808187999999,32.6274308,932.5453875999999,9.042629339615385,-48.77653787307691,-20.252495424999996,-4.1711517346153855,50.93542480769231,924.7232346153847
1479,1479,with,770.535,770.695,0.901,7.195029908148148,6.755859570481482,4.0884821651851855,6.817804766666668,17.142792370370373,755.7475192592591,15.433467000610506,46.60665401263737,14.303748014652019,-33.9814575885226,65.86465619658122,410.45501953601973
1480,1480,Corey,770.755,771.076,0.828,15.79291555263158,6.758478342105263,-11.113190715789472,-11.895170568421053,31.506383315789478,822.6907552631579,11.059246315789476,-42.26761464912281,76.09955650877194,120.14378760526319,59.5176501754386,-794.9761333333333
1481,1481,Lewandowski.,771.136,772.136,0.761,6.716217560377359,16.23752417358491,-0.2511145981132079,-11.82035135933962,20.574817905660378,675.3768860377359,-33.145901741654576,5.7097161534429945,19.533658065231414,26.6991739574867,-43.069400596677966,50.995625383002746
1482,1482,But,772.857,773.077,0.667,7.133456138510639,10.624383127659575,12.95784690425532,-1.587936472340426,10.864022234042555,651.7690814893616,6.80993591709066,-19.47667930851064,-38.037912361239606,-34.033051273704906,47.361980538852926,214.66922600601305
1483,1483,Kristi,773.217,773.578,0.82,-0.35649336440000035,7.8805473,1.3812241023999996,-5.393980812,20.62438964,557.4402716000001,-48.246378948076924,49.36859906923076,66.78322911,-10.103366361538455,62.9359275,77.56241999999999
1484,1484,Noem's,773.618,773.978,0.654,1.6634402450000003,12.189140437,-12.355589891750002,-22.987770644999998,28.316207199999997,739.6199430000001,-54.928513778195494,88.06920018872181,15.37521609041354,26.230416996240606,-110.74884375939851,-249.5393721804513
1485,1485,husband,774.098,774.859,0.821,1.256488180227273,10.716059682954546,-2.509561231431818,-4.121808170681818,23.946792340909095,541.1109306818181,27.260350057117687,38.529654237667366,52.76713675918605,20.20476974612403,6.726929926004227,-97.56881497533473
1486,1486,has,775.439,775.679,0.912,1.4358172053658538,5.525072483951219,11.81838267804878,1.7310201317073175,8.032206780487805,664.2958570731707,-8.325909589198607,-18.657223797456453,-53.405982308362375,-8.95455049825784,34.27546730836237,394.6993277003485
1487,1487,also,775.98,776.5,0.888,1.4763055414634145,13.213967977560975,-23.758115929268293,-32.679405359756096,21.077282195121953,740.6028758536585,-6.36843667857143,22.97600666681185,-0.06598432839721183,-12.994689332752612,15.89076494773519,146.40221376306627
1488,1488,been,776.64,776.86,0.816,12.588676744444443,13.332986890333336,19.976846456666667,-6.338804842222223,24.865518055555555,651.7351916666668,-75.07483104231167,-138.70034846284832,94.41820807533539,16.12058701341588,108.46349024767802,-698.199246130031
1489,1489,in,776.9,776.98,0.808,4.754197783333333,7.156302733333334,23.172964166666663,-14.263101333333331,22.139420166666667,605.4964699999999,81.9823207142857,178.3834977142857,48.70125285714284,123.85028285714287,-380.97484428571437,-294.0271142857141
1490,1490,trouble,777.061,777.601,0.864,11.257522429032257,20.27378570322581,-9.937589912903224,-26.97738002580645,23.588407516129028,729.1590299999999,75.48215922379032,90.03179823245966,-39.45881150403227,-105.6316322580645,33.15758084677419,-44.50489818548381
1491,1491,for,778.061,778.322,0.778,10.131070274166667,14.27372384027778,-3.6791978249999997,-7.055018694444443,13.082298638888888,729.3482330555555,15.61376801422136,-34.49792146364221,-52.398985618404105,6.250195613899613,48.02510623552122,43.83837471042467
1492,1492,manhandling,778.482,779.763,0.863,2.9435462318472223,5.296760740972222,11.430601413055554,-19.269296847222222,35.11259988888889,574.5276568055556,-4.445235945486043,16.93563078200366,7.770957717618493,-13.686635108527875,-1.8515745562415575,74.04750450993632
1493,1493,a,780.243,780.463,0.974,-3.1113304457142856,12.25003865897143,28.926883008571433,-18.643014118285713,30.762996514285714,682.4608042857142,-28.864666908963574,4.73780309372549,36.736493845938355,-12.20368620784313,82.08188782913162,1023.9571631652655
1494,1494,reporter,780.784,781.404,0.881,14.138922114255319,12.510827157446805,-3.86407542680851,-7.9383420527659565,21.550841829787235,766.7660259574466,8.587252674259945,-33.16391646929927,-90.97627040691489,9.500713609158188,35.75444308510639,446.26485008094375
1495,1495,by,781.464,781.644,0.595,12.924998641666667,-10.260042125,-11.075807158333333,-8.021295816666667,31.21273941666666,736.5781441666667,-86.35842152097901,-56.40844456293705,15.929765017482513,-34.931458356643354,63.095755419580414,820.5637045454544
1496,1496,the,781.684,781.784,0.841,8.2535013,9.386623985714285,17.30702444285714,-2.252881482857143,32.61422257142856,420.4049771428571,18.968675357142846,41.92493196428569,362.78482553571433,-90.6753754642857,-1.0206053571428089,-1184.760339285714
1497,1497,name,781.845,782.125,0.763,8.593858182352943,5.0602027352941175,19.43463405882353,-12.016123311764707,33.51729229411765,523.8625352941177,33.8839112990196,12.501954767156851,-44.70382585784313,2.04744350490196,-2.6895833333333243,1424.91606127451
1498,1498,of,782.325,782.405,0.834,13.609561385714285,12.955061035714285,-24.739388964285716,-24.522701100000003,24.654346214285713,758.0940185714287,23.588868791208785,32.934646538461536,41.36910653846154,26.331013164835163,90.23385857142856,274.43817582417586
1499,1499,Michelle,782.485,782.985,0.778,-0.3696657271724142,12.619460088275861,10.874720665517243,-9.130793295172415,26.37945579310345,754.7061648275862,10.187971996847294,-31.451703105911328,-82.45068998768471,-47.78765054679802,-18.913123571428567,402.2365394088669
1500,1500,Fields.,783.086,783.546,0.868,2.2490130535714283,20.534967160714285,0.9550381535714286,-13.619093760714284,19.50198328571429,648.52402,51.23606102490421,23.799041495621235,-45.99090403530378,-40.01911159688013,-18.338471565407772,58.11071264367806
1501,1501,She,784.026,784.146,0.882,-11.835627305333336,13.587286190333334,18.808506559333335,6.744469023999999,10.352330866666668,618.5814379999999,2.6957745054504985,-9.500952407452722,54.024331095661836,-47.86950352302559,71.53220362625139,303.60114660734143
1502,1502,was,784.206,784.387,0.834,11.494645499999999,22.936536333333333,-5.7236069,-22.47137905,29.66848916666667,648.530345,-128.23620328671328,85.8427527972028,-53.96537604895103,140.0791924125874,-112.6761395104895,-1969.9840209790207
1503,1503,a,784.507,784.587,0.753,16.7604602,8.03708876,-20.109310450000002,-28.6542789,31.542315300000002,810.0766160000001,108.76383333333332,20.734481090909085,-80.0532162121212,21.306529393939375,-21.774966363636366,-935.5173090909088
1504,1504,Breitbart,784.667,785.468,0.824,14.85597474318182,1.4801959500000001,-12.505658898227273,-8.574761456818178,20.41569809090909,836.1614875,7.314908018675124,-4.006509200845664,-13.203602930591964,21.046774523255817,-18.43790213530655,-16.0021466878083
1505,1505,reporter,785.888,786.468,0.886,17.301907708599998,7.8928458496,1.3911225012000004,8.882694636,15.936838940000003,713.1668856,31.469379826626657,6.1828731071308525,-49.60797371394958,-5.681819919327734,36.755086489795914,61.603279711884745
1506,1506,down,786.528,786.989,0.922,13.486998269230769,-4.706557757692307,-6.812591428846155,-7.266630699999999,31.505981499999997,619.8614469230769,-18.585845299145298,21.831266049572637,-12.862797930769228,-49.858701596581184,26.883579982905975,468.3485189743587
1507,1507,in,787.429,787.629,0.542,3.41216359828125,6.758021533125,26.059669715625,-16.67550439915625,21.89552846875,532.4344881249999,-9.244416977135268,-37.857868132148106,15.623934071664225,-28.51085663261548,70.21114942265399,448.4198779325514
1508,1508,"Florida,",788.15,788.71,0.848,13.966371900000002,3.5567240922222227,-20.258620644444445,-15.144882209259256,19.78970112962963,733.4137390740741,9.27296012083095,9.839710807204115,-1.6741072471888687,-1.1641442208881254,-3.0353278425767103,399.88922064036586
1509,1509,a,789.111,789.171,0.667,10.753184912499998,8.369129119166667,3.8863152495833333,-11.120665504166666,8.146994958333332,705.6774583333332,2.5867781891304342,-41.99513150130433,-49.41938015673912,-74.6723624673913,59.53278602173911,122.599062173913
1510,1510,conference,789.211,789.691,0.904,4.685520605769232,-0.21770678076923047,-13.117807903846153,5.575854885461539,23.040651076923076,705.9864576923077,-22.43836509145298,81.46050612820511,61.7291462239316,31.65263854635897,-39.445263282051265,127.07887008547003
1511,1511,that,789.711,789.851,0.685,9.29589985875,-2.77435165,-14.0525582375,-14.049773250000001,12.5638825,765.0013550000001,161.13713288690477,91.27950357142856,-83.19242470238093,-32.90653928571428,-300.0823333333333,1213.149309523809
1512,1512,was,789.871,789.991,0.88,-6.084190342857143,33.224583571428575,-5.177233585714285,-0.5559950285714292,0.0,642.4995028571428,-354.21828857142856,156.76643392857142,-104.31068732142856,260.65198696428575,0.0,-419.513160714286
1513,1513,taking,790.031,790.292,0.713,4.237056021466667,8.543685163333334,17.64874328533333,-10.690662160000004,17.624532,693.0200913333334,72.44642522214285,-1.2495790625000034,56.05249217857142,29.235191125000004,-29.570578928571422,35.43510000000017
1514,1514,place,790.352,790.592,0.934,6.117114146666667,12.697959039933334,7.352472379999998,0.0952293266666679,19.965257,492.21180733333335,-67.51308151785713,53.57415239285714,13.721858071428569,176.82021183928566,-112.27851982142856,-169.7620178571429
1515,1515,down,790.632,790.852,0.948,9.334992830769233,-7.3662687,-9.959181335384615,-5.487213707692309,31.42152746153846,471.21855769230774,65.4522243956044,-50.845354917582405,21.13168306593406,4.629732884615381,-10.439451098901097,-1204.1082115384613
1516,1516,in,790.892,790.952,0.963,17.823786480000003,12.42356694,4.830253906,5.90103226,17.903184,513.39532,-164.96666100000004,125.95385300000002,143.42595585000004,1.3759374999999952,-449.5217650000001,-1423.5665000000001
1517,1517,Florida.,791.012,791.392,0.921,14.33136924090909,15.01844528681818,-21.285253386363635,-11.722278734090906,18.288646681818182,789.1357345454545,44.76932307453418,-46.12102572077922,-44.00974241389045,26.04716858413326,-74.54289760022587,-263.0558735177865
1518,1518,"Now,",791.733,791.893,0.788,5.12844342,-2.973541786,3.932993924,5.443068333452,13.53939008,592.6104456,69.07275841923078,-39.25478205192308,-66.90205311153845,-27.612748101423076,92.59173742307692,-340.5168242307692
1519,1519,I,791.953,791.993,0.967,6.911260080000001,-28.9358966,-14.392152599999998,-6.477457600000001,35.7369508,553.169134,-95.83358100000002,72.03263500000003,-80.85883500000001,-21.227644,40.126465000000024,-2325.8816500000003
1520,1520,don't,792.033,792.213,0.781,11.454401372727274,-3.6408301372727276,-12.50007965909091,-20.88325766363636,38.01246809090909,728.6034963636364,53.64228831818182,84.84425682272732,271.95087659090916,-74.4905275,0.008790909090899001,-209.62341818181812
1521,1521,know,792.253,792.473,0.912,12.52641363076923,-2.557736883076923,-20.887446515384617,-34.19539492307692,37.79400238461539,854.0947992307691,-17.306196785714288,6.206581895604399,-98.51007184065932,-40.951952472527466,-0.7998953296703399,2773.059032967033
1522,1522,if,792.513,792.553,0.499,7.75887435,13.4587495,-7.9918004499999995,-12.662460750000001,28.211434,812.9355875,-44.246581000000006,10.938320000000013,144.34571300000005,-0.4886550000000212,-563.2028600000003,-8136.9812500000035
1523,1523,Michelle,792.633,793.094,0.81,-3.6529400707407413,10.197562728055553,5.936885792592594,-14.176630088888889,26.435790592592593,829.3211466666668,25.253021787851047,-36.26498652442003,-114.04537648656903,-40.614797683150194,42.812198046398066,723.3121510989012
1524,1524,had,793.496,793.676,0.851,5.458565544827587,2.0158651655172415,4.029994872413793,-6.43792104413793,11.724855655172412,506.8602334482759,-4.080363793103447,-38.58127562364531,62.87383083990146,53.49295940344827,-4.04431448275862,-740.0512827586205
1525,1525,foul,793.716,793.977,0.974,9.811213326666666,-4.133586497333334,-15.29661331333333,-8.028699086666668,24.430403199999997,580.9959066666667,65.99891091071426,-2.2912940642857165,-27.70386975,-97.08866769642856,22.96934678571428,911.5264053571426
1526,1526,charges,794.037,794.717,0.886,0.9566345363513512,3.964236986486486,6.938142591891893,-9.780198133513514,28.523331108108106,811.3517340540541,-0.6748505590919855,38.55684245495495,40.90248478070176,16.74189575889047,15.491679089615934,255.15484127548604
1527,1527,or,794.818,794.898,0.67,13.309283444444445,8.273564545555557,-9.284377122222223,3.0684924344444444,22.736912555555552,948.6355733333332,276.3811366666667,-252.2621481583334,-143.0572459166667,40.42836169166667,177.46435583333337,1348.7922333333333
1528,1528,anything,794.958,795.338,0.842,4.430287824545455,13.666350031818183,25.117874772727273,-10.390383900000002,31.883149045454537,495.27011772727275,-27.493521956521736,22.906437298136645,-25.923130632411066,-22.402301530208923,1.6794904291360806,57.147703839638595
1529,1529,like,795.398,795.598,0.737,4.6580698876923075,-5.034680461538462,-3.2433755446153847,-18.31360696153846,27.70272246153846,814.3680999999999,2.4086811648351625,-29.73689824175824,72.20716494505494,152.72324574175823,-97.86824945054943,-1421.4474807692309
1530,1530,"that,",795.638,795.879,0.906,3.7526432385714292,-13.814133897857142,-1.6066009985714287,-11.037728542857142,27.83041957142857,727.2650964285714,20.616567362637362,-52.42075122967032,-90.70205284615382,-19.954955692307685,-63.65508659340658,417.6051835164835
1531,1531,but,795.979,796.239,0.882,18.433571583333332,5.067978523888889,-6.999160294444445,-9.25526183888889,23.348856722222223,776.3678861111111,-20.379925722394223,-49.44415084158927,-60.55068522703818,-52.66565330753353,-45.014323271413836,421.76828534571735
1532,1532,"yeah,",796.72,797.38,0.717,3.370335564035088,5.495136543859649,6.2123121,-5.578673821052631,19.168085298245614,627.0394354385965,10.278745142759917,-30.44190477151931,-27.096897032019704,-4.753583690692246,37.716596726730614,2.3461115828363712
1533,1533,that's,797.601,797.861,0.836,7.9381042525,0.43604226499999993,0.8449575458333332,-4.965209358333333,17.64469108333333,615.5268983333334,-37.65182080565216,-13.379659386956517,-65.22274284130431,-48.46138814782607,42.65433173913042,-130.60780173913045
1534,1534,also,797.941,798.261,0.874,3.0844278128999996,15.379570394999998,-25.516553099999996,-32.9436787,27.554284000000003,762.320545,-10.487975251052635,101.38576660526317,8.676319248120302,34.31380150375941,-27.39051022556391,481.38673082706777
1535,1535,included,798.341,798.942,0.879,8.489987022647059,16.785831811764705,10.350519447647057,-14.69022332352941,28.63257838235294,685.7386655882352,0.8994597374331544,-1.673993668449197,54.18609292788387,-2.54260456684492,17.477316890756295,-729.4650778456835
1536,1536,in,799.202,799.302,0.889,3.3508860216666667,12.675548638888891,27.940206500000002,-15.708253222222226,18.37312188888889,495.03980111111116,37.915972659958726,3.7845130185758484,-16.21436073271413,-6.676823323013416,135.67572094943242,-1086.3401011351912
1537,1537,the,799.363,799.463,0.993,14.8858015,17.101767375,19.023549199999998,7.239307362499999,31.011256625,447.3236475,-37.35982500000001,-50.386052976190456,-46.43893833333333,77.8843651785714,-17.21073392857142,-1162.9463214285713
1538,1538,Daily,799.523,799.863,0.962,3.5331587899999994,12.355059725,19.152291645000002,-9.741299040000001,28.998337499999998,699.378528,9.810073375939847,5.17401711654136,-9.205712635338353,-7.0572212406015,38.4957145112782,1183.7052864661655
1539,1539,Mail,799.923,800.264,0.686,14.708944650000001,8.441896065,7.970683039999999,-12.367456784999998,30.08050905,661.7659310000001,31.188464736842104,-24.33148532706767,-185.99268584962405,-124.29052860526313,-10.608898157894735,1498.791084962406
1540,1540,"exposé,",800.904,801.765,0.956,3.892660621600001,13.91946623024,4.593867131466666,-7.679354759999998,14.791198546666667,589.717786,3.104718247553343,7.921184870509249,-12.590695763741111,-8.69875019487909,12.085526152204835,-2.763591450924635
1541,1541,right?,802.086,802.466,0.618,9.459993375714285,4.461633734285713,7.801612474285715,-12.369971410685714,21.76223568571428,675.1105757142858,-4.565723462885153,-32.892041504201664,-28.90862014285713,-35.47370408431371,82.1595695658263,513.4972502801119
1542,1542,Now,802.886,803.167,0.93,4.457405050571428,-0.5541804399999999,8.395612745714283,-2.9865837348571427,17.883097714285714,605.780738857143,12.786477745098034,-47.85987354901958,-73.29247892436972,-24.27859479439775,61.28701497198878,302.4220718487394
1543,1543,Cory,803.487,803.787,0.812,9.225180883870967,1.6228786580645163,-9.44627002903226,-14.458622066774192,19.67121080645162,741.1108796774193,-13.41373114717742,-43.030817633064515,12.242424921370969,-18.43800145040322,97.11286556451613,237.4709483870967
1544,1544,Lewandowski,803.828,804.709,0.666,3.8220684799782596,11.345478473478263,-4.029724986956522,-19.13932954347826,28.386065956521737,767.4805549999998,-31.99326037944187,20.807590116497067,33.568132616712916,22.277248555658343,-34.44480279370953,-24.34392947887756
1545,1545,ain't,804.929,805.109,0.638,-0.1743948520000001,13.634175077499998,26.9477507,-16.571708485000002,17.845212949999997,548.217606,-2.4542164977443615,-8.778212742481212,55.56329969924813,-82.82033961278196,83.59867507518797,-943.6902022556392
1546,1546,no,805.169,805.329,0.998,12.664507754545452,20.672256599999997,-10.515161727272726,-23.781077636363637,27.988315454545454,612.23749,-39.57094204545455,113.11299000000004,-254.52256227272733,-113.48084863636366,-147.7615431818182,2515.529427272728
1547,1547,"saint,",805.429,805.73,0.909,-7.9824041569999995,13.361927771999998,7.809298504999999,-3.067560415,7.066815750000001,561.0966605,86.96139911954887,-64.20567932030075,131.174197018797,-91.21091085338347,-21.500626503759403,-1435.6589650375945
1548,1548,okay?,806.13,806.571,0.629,3.7798974837209305,7.464594607906977,6.411287034093023,-14.81116252790698,21.01163104651163,591.6869476744187,-18.978835112503774,-24.104052819389914,-22.513946051555422,-39.84535399728179,50.52262754454846,-429.6539124131682
1549,1549,Cory,807.131,807.432,0.835,3.4411410851162794,4.969954289767442,8.235880755813952,-5.270023769302326,15.093914767441863,664.4343104651163,-0.6528486072183637,-21.81732291362126,-56.402451507097545,-43.06210279583206,66.71396623376623,668.3312286318333
1550,1550,Lewandowski,807.472,808.353,0.722,-1.9445344342173914,5.928041691304347,-4.238140215217392,-20.835380195652174,31.54469334782608,737.3052497826086,-22.757553803928456,33.48241351773049,55.095000452975626,38.323459638606224,-17.771196996608072,-175.6835794326241
1551,1551,is,808.373,808.813,0.703,3.1590150195652176,17.720991669565215,15.726163863043482,-4.526748320869564,9.784454608695652,693.29802,4.822293055830037,-38.90263866600789,-87.53334867341894,19.033652769762835,7.572141205533602,227.91018033596816
1552,1552,also,809.053,809.534,0.951,1.8697507438888887,10.491393619444445,-23.10400013611111,-39.54174826166666,29.02876038888889,694.051918611111,3.3427485352638344,46.20976603796652,-5.498144216859716,-20.140963453667947,18.147455006435003,79.43022387387389
1553,1553,married.,809.914,810.435,0.904,14.709366208888891,8.277233908888888,14.604750637777776,-4.230066646222222,23.073788444444446,622.8436104444445,-12.256308233201587,-18.706980186429526,3.890024955862984,16.999595121146253,-8.418414782608696,160.61176719367597
1554,1554,Okay.,820.31,820.67,0.754,13.635138962954992,11.596586542677102,18.294987613581213,10.263061586541097,7.054750731898239,861.1890307632094,-0.36958474581787987,-0.8020324003868522,-0.6161253466811488,-0.3943978321698461,0.7694900198595063,6.115249666122868
1555,1555,Here's,820.991,821.231,0.769,-6.341997294,2.052541500293103,15.518834335675862,0.774622816551724,18.11901627586207,634.9564493103447,23.348976965566504,-5.385994395135464,-43.600044726965514,0.9473509206896527,79.03562600985221,454.5494342364532
1556,1556,a,821.291,821.331,0.574,9.21569092,-0.3555136200000001,0.3558621000000004,5.48601468,15.880119400000002,643.7825639999999,48.04163400000001,85.679502,193.80887000000004,271.5969120000001,-595.7513850000001,2868.227150000001
1557,1557,picture,821.371,821.711,0.935,-1.9785885631578948,0.4315163578947367,12.41701857368421,-5.073380070526315,27.831836105263157,723.4238105263157,18.011322666666675,-24.957108605263162,-77.90217348245615,4.3660574929824545,-7.005384649122809,2042.1264228070177
1558,1558,of,821.751,821.811,0.751,18.4959545,3.2900346399999996,-13.845373200000001,-13.008741420000002,35.0975852,758.98758,27.750535,321.54320000000007,125.24319500000003,299.2643260000001,-17.638580000000026,-7086.5786000000035
1559,1559,Cora,821.891,822.172,0.717,14.27217498888889,6.278539794444445,-18.45280018,-18.135047897777778,31.73630072222223,790.1731822222222,-14.790157894736847,-58.9421640505676,-32.22829612899896,12.331280423116615,83.28586073271414,265.34328482972137
1560,1560,Lewandowski,822.212,823.152,0.793,3.579569581632653,10.94021269346939,1.3839611713469386,-15.471524170408163,29.554314040816326,641.6226314285715,-31.658789818367353,21.289686840918367,45.386185665571425,29.83171203469388,-17.09354102040816,-76.25526795918368
1561,1561,and,823.633,823.733,0.9,6.150802644827585,10.030741042068966,21.476964310344826,-2.6119627551724136,9.757494379310344,598.406334137931,3.3332071305418713,-40.766776429556636,-3.344771182266008,-29.782987630541868,73.4745916502463,-230.72074605911325
1562,1562,his,823.813,823.973,0.856,-3.3742051249999996,14.941169819916666,17.747004282333336,-11.611458630833333,25.923593666666665,533.629105,-44.96254966783216,-4.57192436381119,-192.55403299510485,131.98563509265733,-213.91374720279714,281.56187412587417
1563,1563,wife.,824.053,824.373,0.835,10.0787874495,4.76157705,-5.398462575,-13.787116480000003,30.29941935,720.0510705,-26.919637337969924,-42.98408454135339,121.85321667293233,121.0414294962406,-53.957732593984964,-850.4044868421053
1564,1564,And,825.614,825.714,0.793,4.167262807761193,9.842872527761193,18.51149743283582,4.264766683731343,4.290937059701493,568.4799047761194,-2.9069603191395945,-13.94589191439859,6.68920035717136,-9.948560299225791,16.955949451273042,-110.24387389256923
1565,1565,here's,825.755,825.995,0.794,-3.150568815714286,4.3337033428571425,10.450942569285715,-6.205344971428568,40.41083778571429,596.0427185714286,-18.854831782417584,1.5546010329670403,-161.36868878791205,131.4473128791209,5.296620329670332,2679.6526285714276
1566,1566,a,826.075,826.115,0.379,7.63064665,2.64881085,6.881236749999999,-15.058847383333331,27.120681666666666,498.95185833333335,29.90705528571428,92.50274614285715,174.253193,122.50870071428571,-465.2597285714285,-4301.8817
1567,1567,picture,826.135,826.595,0.839,-0.5809675158333335,-1.3110036966666667,14.882205258333334,-0.45526513750000025,29.486976333333335,789.8705675000001,48.498653861304334,-49.50383091478258,-67.51459035652171,47.21100948478259,36.273795217391296,1220.7488943478259
1568,1568,of,826.895,826.976,0.759,12.316651542105264,1.3705333842105265,-4.736202494736841,-1.5884525000000005,14.185430473684212,794.1199878947368,1.6006783771929851,53.95811731578949,-74.98208100877194,-129.37548197368423,73.59622105263159,495.7933219298247
1569,1569,Kristi,827.036,827.416,0.859,-0.7284295181818184,11.72883349090909,10.125332104545455,-0.9914513818181819,19.0473695,618.2476299999998,-40.00956955957087,38.1856121456804,136.71950097967252,-48.36286586674197,76.89714491812535,82.83045962732926
1570,1570,Nong,827.456,827.856,0.857,12.201232936363636,10.25711353909091,-10.913606609090907,-26.921582,35.361783181818176,825.0768654545453,36.82440296442688,77.94399264991533,-20.30580362507058,-67.19908678712592,-4.9292426312817605,231.60596725014105
1571,1571,and,828.257,828.377,0.688,12.77446278076923,5.194486765384616,16.947815903846156,-2.1910289596153847,13.86375280769231,679.1747457692308,17.753675174358964,-60.989333188034166,-0.20232378632478654,-5.015207052136747,73.47405895726494,657.6447372649569
1572,1572,Byron.,828.457,828.937,0.846,19.408134346428568,-8.814787185714287,1.9839368835714288,1.6150655075000002,18.267057321428574,748.7699496428571,-0.608578854679803,1.1441539737274222,-3.791583916529831,3.1560276063218393,-67.01524341817186,-390.74534770114957
1573,1573,Okay.,829.818,830.118,0.68,8.430180756440679,7.506795515932205,11.95905623661017,-0.8547683603389828,10.732962406779661,748.6182540677964,-2.8706006030391595,-19.169292656370555,-14.951613190151964,-17.926210301285806,34.72996099064876,-286.71016101694937
1574,1574,Now,830.398,830.558,0.718,2.930461431818182,-3.7127938090909094,9.952160581818184,0.8640702545454544,15.701357000000002,686.2649127272729,80.31101706098251,-76.21145524562395,-107.61633712027104,-37.08084245623942,98.31957199322419,551.1497165443253
1575,1575,Cora,830.578,830.899,0.735,5.860097865411765,-11.556592605294117,-18.615833725176472,-19.48233182352941,37.188047,943.4964088235292,-44.85833470686274,-88.424412747549,117.81666349509801,-0.26160263480392604,78.30536397058825,331.3476249999999
1576,1576,Lewandowski,830.939,832.04,0.779,2.5916153777192985,18.739943285964916,1.0861648508771933,-14.071939987894735,27.021440333333334,608.7362401754385,-22.432280780302044,26.498735905172406,44.05213099591651,37.01778079919626,-22.200038119004404,-43.98766816826548
1577,1577,has,832.8,833.241,0.837,3.240576891666666,4.790780234450001,11.32405502,-0.4842213583333334,12.2318431,575.3333738333332,-3.6518744549319253,-22.350576803024456,-30.85385621394832,-16.66570728105029,35.17167818005002,-77.54106325368156
1578,1578,been,833.521,833.781,0.687,3.6957563344444444,16.718135912222223,15.375854016296296,0.6204612444444445,21.889672629629633,511.21913629629626,17.437534897741156,-87.47949109340661,47.894598021367536,-65.84455581196583,87.39587133699638,218.58879761904768
1579,1579,problematic,833.881,834.862,0.884,3.817912365185185,2.360269568518518,2.212561139907408,-12.827864692222223,30.98000585185185,620.6012287037038,-20.08014876310272,7.659043325519344,37.64134337715837,-6.020985661558986,6.720751324566416,-192.4630612349914
1580,1580,within,834.942,835.382,0.757,3.967731229346154,20.953038673076925,17.10851473076923,-9.672632173076924,31.040593692307688,479.66498653846156,-57.20456548394869,-11.564305820512816,48.20682953162392,4.830903075213673,38.93493299145299,-899.1929495726494
1581,1581,these,835.482,835.703,0.77,-0.8057487616250003,30.3261691875,30.674911375,-4.4567175,30.098013874999996,424.26036,-48.343306389852934,11.29575492647058,-3.451887058823528,-3.1057980294117655,-64.0607132352941,-79.36128676470597
1582,1582,Republican,835.783,836.383,0.906,10.946534785294117,13.309198720588236,0.870345160882353,-8.342307029411765,22.878373558823533,665.9142870588236,-25.51078340947287,9.65193615813598,25.62403764362108,-16.71769871352177,-29.333664621848733,-655.0638660045835
1583,1583,circles,836.463,836.944,0.859,7.575982289285713,19.567860658214283,-10.791060635714286,-8.894939142857144,22.73174992857143,842.9654871428572,70.56545785030103,26.779214407088123,28.135712898193756,-81.73642088122605,15.705725615763548,-319.6970114942528
1584,1584,for,837.084,837.364,0.765,7.900777695238095,24.086283390476193,-7.250955926523809,-22.606381585714285,19.44919380952381,835.1640214285716,143.1773179350649,-66.6067023961039,-89.99857252785714,-108.88047973376621,76.22736545454545,288.45083116883103
1585,1585,a,837.584,837.624,0.897,22.697228000000003,20.435615807692308,-23.665749561538462,-32.46400607692308,24.608679,699.6772892307691,41.496857967032966,258.7710062362637,118.26162175824174,-96.97368049450549,12.407745329670348,100.75786263736227
1586,1586,while.,837.684,838.125,0.924,10.4071850472,6.173312300000001,-12.010211830400001,-23.857179708000004,25.500163279999995,759.2173316000001,-8.916166483076923,-8.607186503846156,12.510001796923074,48.30621243846154,-70.90760365384614,443.3046834615384
1587,1587,Several,838.845,839.346,0.793,0.43603973016393455,9.342918929344261,-1.0187025519672128,-1.7702050167213115,14.99284032786885,710.9617170491804,15.982899159836066,4.366218510232682,-34.09050834613961,-22.02064535938657,43.97514750396616,271.6636205446854
1588,1588,women,839.406,839.846,0.894,14.463068972,14.555711918279998,11.773051471999999,-9.420304512,30.225229160000005,517.3966859999999,-19.625287334615386,2.305627225307689,35.83718967307693,3.374424273076924,-20.90457107692307,-939.9798950000002
1589,1589,have,840.286,840.807,0.886,6.5141456531249995,-6.049311680624999,4.016641039583333,-5.3747856897916675,18.501402729166667,532.9063175,3.357986704434433,-33.109056359123954,-49.31481290952017,-21.674218550070552,45.790996398719045,287.48667357794176
1590,1590,come,841.387,841.648,0.653,8.957823716666667,7.741280400000001,9.268167189285712,-2.3482676583809523,8.725257976190477,624.5581649999999,-3.4766634604164968,-36.073978168705935,-14.18247168969289,-17.882868833141558,47.37387054128514,427.20678287821073
1591,1591,out,841.768,841.948,0.943,9.705341866666666,-9.368938673333334,-26.16480973333334,-22.011652566666665,30.605250533333333,732.875656,6.461101607142852,81.72803603571427,-28.96594535714285,-65.7409050892857,-65.38924321428571,-588.6074357142858
1592,1592,and,842.028,842.108,0.858,12.6602696,7.9457668625,13.8990227625,-9.902921962499999,24.87202125,397.95326624999996,110.73923285714284,107.63927041666665,180.99991910714283,48.66113398809524,-239.4007952380952,-1160.9492678571423
1593,1593,talked,842.188,842.508,0.995,-0.29795125649999943,8.284023266350001,-10.979631383000001,-24.36109542,22.361682,575.6987879999999,56.25743997255639,-2.9860228224436116,-55.17600543233084,-52.03761418045114,22.113275789473683,-584.1007466165413
1594,1594,about,842.568,842.848,0.887,13.458509170588236,-3.7213202244117647,-13.106238905882353,-21.030040449411764,17.092933823529414,398.0711641176471,-58.56970922794118,-73.12512500674019,-111.82384384803922,-90.34561611519608,-49.39041090686275,-305.7537720588235
1595,1595,how,842.929,843.209,0.946,6.76095625,-14.788772088888887,-6.158276766666667,-21.54609439277778,26.760228166666668,522.4510966666667,76.38054767285861,15.184135531475754,-89.12010044375647,-176.61980105314757,62.43935412796697,168.72195459236332
1596,1596,Cora,843.569,843.909,0.683,9.315578852857142,9.1907093,-5.846424091428571,-10.047510721914284,16.564561485714286,647.0384482857144,37.309798088235276,2.5149913193277293,-27.107425366946764,0.9191435283333311,65.33952033613443,522.3187742296917
1597,1597,Lewandowski,843.929,845.07,0.735,4.090141163728814,21.742351537288137,10.323359464745765,-11.11638063898305,24.897334237288135,729.612417457627,-20.816394376621872,19.135531266218596,30.505596467679737,19.477126820572774,-10.828312445938055,-91.16911353009938
1598,1598,has,845.491,845.891,0.89,1.66212330602439,4.513436612195122,12.790771076341462,-4.371472214390244,16.58301936585366,541.6258385365853,-1.0773109675783974,-14.816280250000004,-37.45699466019164,-12.73261920456446,40.87456177700349,-181.26868998257848
1599,1599,assaulted,846.171,846.752,0.861,-0.6190183593953492,26.344936093023254,-3.2402321348837204,-6.907180643023255,12.661857837209302,598.8531948837209,13.75370314042585,4.430957422228933,22.044200388100265,-11.608700864542435,14.586885585925701,-97.78551004228326
1600,1600,them,846.812,847.032,0.931,15.346468699999999,10.446119265714286,-0.9069743714285714,-0.49988408571428583,27.43082014285714,420.59158642857136,95.90689325274727,-40.97986420659341,-106.18298189010987,-97.23481360439561,-54.1970967032967,553.6399153846152
1601,1601,in,847.232,847.332,0.857,9.772955346666667,17.245169760000003,11.945681140000001,1.5173608227333337,14.140939733333331,484.54459333333335,-69.44506946428572,102.90038546428569,18.017841446428577,64.12146789982141,36.45412607142856,180.03123749999997
1602,1602,some,847.432,847.672,0.808,7.856421354117647,8.281563497647058,-6.944134109999999,-3.864911652941177,17.35447111764706,726.123571764706,158.59550991911763,-90.00022060784313,10.773263723039214,-118.24238113970587,34.20418455882353,472.5153676470588
1603,1603,kind,847.732,847.993,0.91,8.401992809375,-8.270642121249999,-1.497992165625,-5.5644010309375,27.167185,752.3632875000001,92.03754131249995,-1.943955895588237,-137.22220436397058,-9.114245445220588,48.446155882352954,859.5830338235293
1604,1604,of,848.013,848.073,0.648,32.87826325,30.37721525,-16.760078,-8.35918275,29.786076,626.9651575,43.491985000000035,249.52725500000008,91.65251000000005,8.076134999999987,24.911779999999986,2485.0195500000023
1605,1605,way.,848.093,848.293,0.953,11.16775559090909,8.592923718181819,-1.5550264727272725,-5.718069486363636,13.645970727272728,588.0130245454546,-80.46350459090911,68.69200427272729,142.90243318181822,12.240627590909094,-207.8846722727273,1185.971409090909
1606,1606,Slapping,848.777,849.219,0.91,1.6470058897826088,4.739437265217391,10.045819421086957,-2.8660834043478265,15.440444173913045,527.0665836956522,12.017692555504162,-28.207464620413194,-25.417070052944798,-29.322624016651243,54.11345169904409,66.39052497687327
1607,1607,them,849.26,849.4,0.892,13.679998033333334,9.5640043,8.073796677777779,-12.45508997777778,32.15276688888889,805.3259188888889,21.16880783333334,-42.31809183333334,-63.34176766666668,-56.92646966666666,-4.7734425000000025,3781.9598166666674
1608,1608,on,849.501,849.581,0.995,8.79649591111111,13.830771544444444,-12.768071967777777,-20.749861533333334,31.18616588888889,777.05886,-37.43388825,-67.82391541666667,96.01012365833334,211.37792675000006,-8.415519999999997,-2695.4656500000006
1609,1609,the,849.621,849.722,0.916,20.263002428571433,20.079731428571428,5.748496285714286,-8.463366714285714,28.932857000000006,561.08539,127.07068035714285,42.25387857142856,-67.4565467857143,-20.212892857142855,-21.06622678571429,3188.0699107142855
1610,1610,butt,849.822,850.143,0.896,11.832821346666666,8.972122244285714,-0.91519509047619,-16.490747204761906,18.15878914285714,663.216149047619,-44.86110523376623,-62.05412613181818,-38.84662205194805,-52.53854590909091,-45.4925487012987,-1477.8215233766234
1611,1611,being,850.224,850.525,0.927,7.26787862631579,25.42482712631579,30.37362510526316,-11.500662530210526,28.57580868421053,469.94983631578947,-45.1343961140351,-47.932859210526324,-24.305374649122804,-66.50511084087722,-1.6204481578947338,-660.6395657894739
1612,1612,too,850.585,850.806,0.918,-1.5995467500000002,32.026795285714286,9.912073221428573,-1.5077218357142854,14.079858,567.6433035714286,154.29779873626373,90.29819714285713,-61.38867656043954,-27.369864692307686,84.95611736263734,378.8384516483517
1613,1613,close,850.967,851.369,0.819,6.27993304642857,26.741725857142853,-3.8065855728571436,-24.363658089285714,16.4363865,759.5572274999998,-5.216158753420914,55.15276491516146,-30.22354325889436,-35.44423923508483,36.98844586754242,680.2244333607006
1614,1614,to,851.429,851.53,0.834,-3.4140668375,28.32829025,6.6894083250000005,-3.5126400249999996,19.918288625,420.7829425,160.2094326785714,-103.74831428571429,79.73668749999999,-8.000597619047616,274.9506577380952,-289.4243571428573
1615,1615,them.,851.57,851.771,0.915,12.76346526923077,5.769642673076925,0.6476833923076915,-0.6561508000000001,31.51169223076923,488.64473846153845,25.854131868131866,-90.33593810439558,-141.0546964010989,-41.127540219780215,-1.5909538461538433,1223.4488791208794
1616,1616,You're,851.851,851.992,0.567,9.481956545454544,3.9281924590909085,12.164902663636362,-12.010025363636363,31.561592090909087,559.6483636363636,-16.384843181818194,-123.8903070909091,-105.04721168181821,-40.228018590909095,54.20243954545456,368.377190909091
1617,1617,all,852.052,852.213,0.514,9.454659872727273,6.297581336363636,-17.251757109090907,-30.254695636363635,26.556507363636364,966.4349945454545,-35.32861018181822,192.4467228636364,158.52921331818186,149.61753318181823,-207.19345272727278,-1527.3768090909089
1618,1618,just,852.233,852.434,0.938,-1.4993142272727276,21.48400079090909,8.120355327272728,-0.918522690909091,25.990345818181822,473.20601727272737,111.42892854545457,29.894329090909103,-125.37787954545458,129.6807318636364,-70.54474409090912,-943.1619272727278
1619,1619,It,852.992,853.092,0.89,0.09319960333333334,13.535093478787878,18.93012715151515,4.453129972727273,5.611804727272727,605.5081778787879,18.647653804311503,4.535576181483958,26.63158893215241,-36.73635731283423,31.416239037433158,356.8310406082888
1620,1620,creepy,853.552,854.173,0.935,-0.27186949685185174,13.81774820925926,16.793842425925927,-7.066160046666666,18.93106296296296,700.0844027777778,-10.773906964493994,-1.6001148033161794,19.125284171907754,-21.00409273565847,47.60332626643796,237.14053323804075
1621,1621,behavior.,854.613,855.314,0.866,5.366277396842105,19.538003155614035,24.233648366666664,-1.4483504103859648,20.225305982456142,682.733034736842,4.504088785973553,-8.381852986906921,-11.579515671182262,7.005329035954106,10.991040838086594,45.09231689136632
1622,1622,Joy,856.074,856.375,0.927,4.764819608679245,13.592759175471697,18.001126542075472,-0.13966759886792457,11.37199203773585,663.4792903773586,-7.625776315594259,-2.552509531527172,-4.531870409450087,-19.30885729656507,43.727842706821484,151.62434490404777
1623,1623,"Villa,",856.415,856.795,0.924,8.323931335428572,12.053183299999999,-0.8002798857142859,-14.758530642857139,34.558674999999994,734.8082933333334,30.13961086987013,1.030310740259744,-41.64501523376623,-32.16813749999999,-26.588458831168833,1518.0320461038962
1624,1624,y'all,856.815,857.055,0.373,10.946753307692308,-3.7658159923076915,-6.940868384615385,-18.205353253846155,33.75990907692308,805.6907100000001,57.090011840659336,-10.387072032967028,-304.03039010989005,22.934897857142843,20.520379670329667,-228.58667032967017
1625,1625,remember,857.075,857.435,0.839,18.300685947368418,4.739557812631579,7.395501594736843,-3.173697094736842,34.09474415789473,698.4043015789473,39.03622912280703,27.08662120175439,-17.448118500000007,-0.4061224210526226,-33.912926315789484,-463.5800324561403
1626,1626,Joy,857.475,857.736,0.944,4.420511026666666,11.770711169333334,3.558921286666666,-12.8239963,31.453722733333333,798.0212793333335,41.3047518392857,-74.48073689642857,-26.434301196428567,24.389952124999997,84.06618428571429,-1085.6682374999996
1627,1627,Villa?,857.776,858.196,0.899,8.154788208695653,12.05385935652174,-6.16607597826087,-23.682372686956523,37.64919152173912,653.264776521739,19.817407831027662,26.183369199604734,-91.2241870059288,-81.27815236166005,1.5328414031620534,-202.06164970355715
1628,1628,She,858.876,859.036,0.751,-5.063930245238096,10.968114279523808,18.506448762619048,0.9174122514285714,9.657999857142858,578.7761407142857,-36.3118614767847,2.2227826411960145,19.13271705546552,-15.604603021797258,52.10872493314966,-98.4427429300705
1629,1629,got,859.057,859.237,0.747,0.7160882599999999,-14.431067289999998,-10.39517209,-17.115038860000002,35.7798588,625.94174,77.98300575757575,-37.77407457575757,-81.22554706060605,72.28298296969695,-56.789980606060595,64.6856242424241
1630,1630,her,859.257,859.397,0.694,9.913354587499999,-2.74780752375,-13.6523328875,-14.384786550000001,38.089927875,672.420885,-77.18629589285713,15.87660769642858,-5.962249464285715,190.33884761904758,26.126850595238068,3243.987142857142
1631,1631,15,859.257,859.397,0.694,9.913354587499999,-2.74780752375,-13.6523328875,-14.384786550000001,38.089927875,672.420885,0.0,0.0,0.0,0.0,0.0,0.0
1632,1632,minutes,859.917,860.197,0.797,1.6514574760000003,18.6509285175,13.56601212,-6.897303764,27.324909375000004,446.09771075,9.141405223170732,6.724179916041276,-2.3471721060037503,0.31081760947467174,11.26786809099437,-86.55412706378989
1633,1633,of,860.257,860.317,0.464,5.571046916666667,16.113659333333334,-5.45639395,-10.264994933333332,10.839784,648.4588699999999,-233.7255335714286,-14.690979999999998,112.59172814285715,301.22824114285714,-372.414617142857,4658.442171428572
1634,1634,fame,860.377,860.798,0.751,0.3952225205833333,4.96765641,13.875109464416667,-14.816232416666665,29.800096458333332,670.1421983333333,12.784580753956519,19.524896045217382,59.222139952043456,-49.520536852173905,43.100137673913025,-930.8059556521736
1635,1635,from,861.118,861.278,0.954,8.371278875,8.192344093333332,5.133151166666667,-1.1361203500000001,11.12443608333333,663.8463570833333,46.79954712608694,8.062155028695651,-84.63184269565217,-67.44447387391304,92.35111221739126,390.03987630434773
1636,1636,wearing,861.318,861.678,0.861,15.937082534999998,1.0487161965000005,12.309908109999999,-3.6935874000000006,33.05676755,765.0728379999998,-5.5532673796992515,-9.416982510150374,59.5191087368421,87.83545637593986,-9.279064849624065,-24.413912030075103
1637,1637,this,861.718,861.919,0.914,2.5091277916666654,19.635644369999998,29.887531583333338,-5.928138075,41.71941366666667,612.1266891666668,-158.711172534965,60.45161790909089,17.77671730769229,-185.0340222202797,81.62451048951048,-1440.080659090909
1638,1638,dress,861.999,862.279,0.927,-1.9798034777777778,5.634983701111111,7.745916598333334,5.1250249611111105,18.76227,790.4236088888888,-11.420564365325077,-25.34836909700722,-75.48772647213622,-29.75520775541798,-57.23941207430341,-516.783436532508
1639,1639,right,862.339,862.539,0.863,9.789787784615385,-3.775814046153847,1.5864199723076924,-6.368971884615385,30.757170153846154,743.2164607692307,-3.8672171153846295,4.696658763736269,122.83263142857142,-56.397863681318675,-6.959846978021973,-1353.722442307692
1640,1640,here.,862.599,862.799,0.871,7.896627115384616,12.031960572307689,24.038663846153845,0.6250507576923076,12.483680999999999,537.9705892307692,54.24711140109891,-129.37702274725274,-211.13224560439562,55.561391785714285,-179.23907582417584,-344.53322252747245
1641,1641,I,862.959,862.999,0.993,12.43015422,-14.452058130000001,-6.38548674,-10.8493872,16.5909007,364.27937699999995,-23.81486987878787,-117.49014372727271,104.38525775757573,-49.13671575757573,256.7428572727272,-578.5301969696969
1642,1642,know,863.039,863.2,0.816,8.760836000000001,8.93601967,-10.27052834,-16.15656237,36.501240499999994,731.9315819999999,-60.8068001212121,52.50223778787878,-293.78440163636355,-103.2632948181818,8.874729393939383,3051.7343272727267
1643,1643,y'all,863.24,863.48,0.345,11.956021439999999,-3.8856018117142854,-6.469498814285714,-9.914211564285713,32.34587578571429,880.3049185714284,133.82881011868128,-90.59012888131868,-194.86351505494505,54.78600598901098,-20.378487582417584,410.2884153846153
1644,1644,remember,863.5,863.86,0.869,24.22743407894737,6.662935446842106,12.902884734736842,10.145051380526313,20.04269347368421,490.1322778947368,-34.66802618421053,66.35636017368422,-10.580954240350875,-91.43844399912284,-98.5470007017544,-336.44178947368425
1645,1645,this.,863.9,864.16,0.926,8.45461109333333,12.826477299999999,15.009583806666665,4.602504898666666,9.576025333333332,432.7025780000001,-65.06202289285716,26.202991142857137,-64.2848418392857,7.021935948214285,-128.86525178571426,-786.9954446428568
1646,1646,That's,864.961,865.201,0.79,0.8430498205769233,15.829987348076923,10.848348737692307,2.0209490275000004,5.5875435769230775,736.1575821153845,9.241734574383166,-35.507087880346624,-6.424607964569281,-22.037129071779216,21.190444245709894,75.40871969179544
1647,1647,Joy,865.261,865.521,0.965,6.6930648249999996,11.0195894875,12.8187864125,-4.1485222375,27.041312062499998,823.428671875,53.761915058823526,-75.36743477941175,-23.253947647058826,2.6494231176470584,88.01343624999998,-381.00028602941165
1648,1648,Villa.,865.581,865.962,0.829,13.096346145454548,19.93851909090909,-6.3839673,-12.714673590909092,17.35329768181818,724.9742618181818,33.11732828345568,6.345115149632976,-117.67348814793901,-111.41674796725016,-98.70969274421233,-449.93464652738584
1649,1649,She,866.502,866.762,0.698,-10.156745739749999,10.45728761,22.811127375,-5.4092470375,17.138869574999998,715.1178492500001,-26.747018148545965,3.1438417757973722,29.684261280487803,-58.20171271904315,73.61637337242026,151.02092021575987
1650,1650,was,866.842,867.303,0.813,8.652511791481484,12.12534079259259,-11.33075068148148,-24.32928266666667,34.848937888888884,684.7401918518518,-30.38104811324787,5.472382866300368,-2.3032587606837565,39.58803817155068,-21.916877503052515,320.18180341880344
1651,1651,performing,867.543,868.543,0.823,4.288549156612904,19.524793661290325,-0.4586079882258063,-11.743825455806453,25.212194548387096,637.3165356451614,3.9119404976077146,-4.163804402306664,27.058656259462115,-30.132959771624996,33.24853729948881,-227.20610635592158
1652,1652,somewhere,869.024,869.684,0.798,5.559105821052632,8.882279279999999,3.9624463403508767,-6.743576148245615,22.76497201754386,642.1706452631579,6.627172197627689,-33.568826268861805,-31.58693992254342,-10.641612678247341,33.0335346739694,249.95798774954622
1653,1653,where,869.824,870.085,0.811,17.491875295,6.186744110000001,-8.896791404999998,-7.3602052885,31.016776949999997,823.498905,-38.67607219172933,-105.16544269172934,90.54499481578948,49.459297621428576,-29.732545977443614,742.207922556391
1654,1654,Corey,870.185,870.885,0.786,14.824680060750001,11.848955903500002,-13.2144685675,-14.6805627225,26.797894524999997,781.45102425,1.120161370590995,3.91838002814259,25.788155567073158,8.905931715290807,25.788755276735458,-95.7718812851782
1655,1655,Lewandowski,870.945,871.706,0.829,7.11970953902439,13.982472527804877,-0.21456580707317036,-13.50246936585366,27.194862975609755,726.643613902439,-38.50697954947735,-13.392814176306622,5.01148490879791,19.205827043554013,-21.15936771777004,-45.000122560975626
1656,1656,was.,871.766,872.186,0.795,6.463873877083334,16.827623687499997,-16.02877589166667,-26.276303564583333,32.21254033333334,891.8037341666667,-30.79543440760869,-23.097486945652168,14.05109537826086,43.16443494021738,-17.107187695652165,-517.1554595652171
1657,1657,And,872.807,872.967,0.621,-1.7936312917948716,2.084811241794872,18.308025897435897,-7.320197175897437,12.612458974358974,511.78407538461545,12.588281915789475,-29.641487552226724,31.9615839645749,-59.912434397773275,49.43634920040486,-289.8457076923077
1658,1658,of,873.047,873.107,0.774,11.731223428571427,6.0179113285714285,-17.6570481,-14.688696785714285,22.607247285714283,822.8638071428574,10.857600000000005,162.47548250000003,-27.25326053571431,166.51535178571427,-278.9525732142857,-2435.0859642857135
1659,1659,course,873.167,873.427,0.895,9.42372324375,17.55459620625,-17.458315391874997,-10.726305968750001,19.8698654375,853.314883125,-116.70510131617645,18.236844477941176,4.755494199264701,81.99920525735291,-27.42754139705881,1834.8689536764705
1660,1660,it,873.547,873.607,0.896,1.0188223384444444,18.69324,14.497580844444444,0.1816622511111111,23.727244444444445,403.87139,117.41898197500002,-41.279197500000016,14.78472300000001,-144.42828686666667,-334.5351983333334,-296.83086666666645
1661,1661,was,873.667,873.807,0.999,11.192914389999999,27.9099577,-4.92683217,-9.76517177,22.7483189,739.450971,-194.4326335454545,-60.96384696969696,-120.02285112121208,117.19860869696967,-205.83330818181813,2654.2798939393933
1662,1662,some,873.867,874.087,0.973,2.326900907142857,11.197658633571427,-10.282575342857145,-14.673126571428572,21.34859442857143,744.3304114285714,152.02169869230767,-102.37272173736262,33.75905701098901,-181.75278714285713,98.59049846153843,758.300914285714
1663,1663,type,874.148,874.408,0.874,3.334799855625,-2.305747874375,-7.35476753125,-10.7971889375,22.8026316875,644.87070875,71.39031195073528,-29.422673505147056,6.005438242647059,-2.9418646764705887,41.65667757352941,-1634.0707338235293
1664,1664,of,874.448,874.528,0.706,21.892936000000002,24.697747166666662,-14.107746007666664,-6.248839064999999,30.732959500000003,784.1485200000001,-91.30479142857145,87.82626142857146,220.80288824285714,269.4270565857143,-16.22768714285712,-1293.2695428571428
1665,1665,Republican,874.588,875.328,0.86,11.98786617225,13.107848537999999,10.756646294,-10.3887648085,24.979111824999997,656.41052125,-28.665965417964355,-12.47882111313321,18.028018959099438,-24.95531034549719,4.593624216697935,-599.5778355065667
1666,1666,event.,875.388,875.809,0.835,3.357523234166667,8.938522712500001,17.853300833333332,-4.125491591666667,23.667556458333333,501.7270929166666,-47.78906162391303,-11.799666580434778,45.213701530434776,-50.60011296521738,-71.33451454347822,-1270.895938043478
1667,1667,And,876.289,876.409,0.724,1.1218756029999999,1.9515548113333334,20.230042466666664,-2.093103414333333,6.6224626,539.7311196666666,32.58864638431591,-22.120754978197994,-5.448960400444937,-45.57013998342603,39.771905517241386,-6.201414571746379
1668,1668,Corey,876.449,876.789,0.792,7.045086321052631,6.845346957894737,-11.076249289473685,-11.079560457894736,31.895060105263155,738.4995326315789,-16.439806631578946,-27.31620873684211,84.05161030701754,63.710058508771944,75.92532210526318,-371.4749087719298
1669,1669,Lewandowski,876.83,877.97,0.744,3.817824715423729,19.391494336440676,8.354594058474577,-7.3135066010169485,26.790447474576276,635.884962881356,-25.119180537551152,22.580676468585633,34.59847045850381,19.599184879894807,-10.184104555815317,-101.45614818819408
1670,1670,also,878.691,879.051,0.902,4.478671914545456,14.093867920000003,-0.43417336727272754,-12.392128531272725,10.579668472727272,745.8624709090908,-6.752821997474749,0.7346768982683968,-63.1599337247475,-53.855303026334795,24.667064502164514,252.45619375901887
1671,1671,smacked,879.151,879.572,0.979,-6.1389792107692305,0.5034556034615384,0.8226526119230768,-0.7501180165384613,23.380427423076924,779.0262073076924,11.287638651623928,-62.09083556495724,4.373772029914531,4.857525838461541,1.6748255897435969,-150.66197247863238
1672,1672,her,879.612,879.792,0.834,8.255878154545455,-18.1381605,-34.11538709090909,-2.04811026,36.77291481818182,901.1378090909092,78.76644327272727,22.747407500000005,-263.91458954545465,174.98949913636363,-94.27352863636366,2402.1351818181824
1673,1673,on,880.032,880.112,0.946,8.8284325375,-2.09049471125,-20.3113997875,-18.12968056875,31.0948340625,767.403315625,-38.56878588235294,-22.46963840735293,76.12457301470586,-72.28732606617648,42.64423610294118,871.7873669117645
1674,1674,her,880.212,880.412,0.751,3.223096406666666,-17.7847862,-30.115046566666663,-3.338994973333334,25.819993000000004,867.4637640000001,67.91914869642855,-3.0603210714285694,-216.55025982142848,-84.36761471428571,73.58766089285713,1567.8251749999995
1675,1675,ass.,880.792,880.872,0.797,2.876085363478261,-7.256349780434782,3.372551081739131,-13.131528000000001,20.770426217391304,584.65202,21.37415834288537,73.02902501877469,3.1239030326086916,-33.20159481225295,-45.08167959486165,-870.036666007905
1676,1676,And,881.773,881.873,0.855,-1.0264782308,11.1848014052,14.0347908744,5.819283802000001,4.32739968,634.0199298,7.352306247106842,-42.334792828955585,29.544172756302522,-31.605011051380547,20.74951781992797,151.5991346218488
1677,1677,she,881.953,882.113,0.881,-20.731184200000005,11.223321616666667,25.11373775,-18.363740083333337,25.23382725,1128.4420874999998,191.09239405594403,-218.32550499999996,39.49895681818181,9.698491433566433,267.4214431818181,-790.3074562937064
1678,1678,wasn't,882.173,882.473,0.878,4.478623022222222,0.3760593561111112,-13.178833933333333,-21.6637733,36.04191316666667,842.5473583333332,-19.515754004127963,23.141174173890608,73.35618478844171,63.10357626418988,-9.370181888544883,-550.6089127966975
1679,1679,having,882.513,882.873,0.853,0.369614205,-13.374698315,0.7153089750000008,-10.839249554999999,35.985628299999995,839.6051094999999,64.60288578571429,57.01089598872181,145.0483750112782,59.972439966165425,-50.567337293233095,-1297.7170357142859
1680,1680,it.,882.913,882.954,0.535,4.1539798249999995,11.923409,28.3840075,-5.8077835250000005,7.1527825,609.037745,-217.12577650000003,48.347799999999985,-31.231970000000036,-15.304909500000013,-429.16695000000016,10950.915100000004
1681,1681,She,883.014,883.174,0.804,-18.977870627272726,11.275058421818182,24.492097272727275,-13.248187300000001,15.635357272727271,904.8623354545456,208.0993940909091,-91.51903593636366,-37.28125727272729,-19.701291136363636,41.22887909090909,-1110.9284590909099
1682,1682,filed,883.214,883.494,0.386,2.152177828125,-11.74867755,-19.3866733125,-16.11254802,31.590241437499998,1012.6337787499999,36.014397496323525,-25.00070773529414,-59.627469191176466,-58.894940088235295,32.968831102941174,854.4221544117648
1683,1683,charges,883.534,884.134,0.806,-0.22991565624999982,-0.7310503531249999,-1.3724823687499996,-13.05515141375,26.0065850625,656.3958940625,32.39898908724341,70.95968377291057,76.88775370601175,61.098140614369505,-19.847539717741935,-1121.042220582845
1684,1684,against,884.714,885.034,0.829,1.108405264933333,14.03814808888889,6.822889325333333,-2.3039023777777783,12.619861222222221,595.4733364444444,7.100410919459819,-20.041118112648235,4.249103492226617,-34.458311150856396,35.91505543478262,44.53860395256921
1685,1685,Corey,885.114,885.434,0.637,11.613136245,11.303158546,-11.70685183115,-3.830749790000001,26.003181750000003,818.187181,40.25226868796993,-70.15318493157895,61.17908866710527,62.277382834586476,90.31442169172932,890.6381496240601
1686,1686,Lewandowski.,885.474,886.275,0.725,6.094112863333335,12.980575954761905,3.384075595238095,-6.4437024690476195,12.855676595238094,705.8653576190476,-49.87009856129971,3.7214097086945945,36.391996074062064,25.041788965642976,-53.406657462928436,-137.2409468438538
1687,1687,She,887.295,887.455,0.901,-10.651660211610169,12.604737607796611,14.058254306779661,6.268080198305084,8.732260966101697,776.6483322033897,-6.766726380113971,-6.948393237171249,-1.2416936025715963,-26.487195161601417,32.40899868497955,294.3598896259499
1688,1688,said,887.515,887.835,0.61,-3.0821280810526313,-4.683980794736843,9.269885447368424,-9.263088094736842,29.90051963157895,839.6039705263157,54.89507400526317,-105.10669100877196,16.73298742105263,-90.02503730701757,60.69150763157895,1450.6643894736844
1689,1689,the,888.176,888.296,0.892,7.843392695652174,11.320803337391306,5.30244532347826,-3.418689492043478,11.870361565217392,665.4868126086956,82.52206079545451,92.1941477835968,-84.87367327075097,-47.97410630518774,101.63679886363633,394.19605138339926
1690,1690,way,888.336,888.576,0.926,1.6069930499999998,-0.43818833571428645,0.40080736428571423,-29.995751357142858,31.815260357142854,778.7183728571429,-132.7088296153846,-55.193932560439535,135.54733247252747,-58.086985164835156,-135.55895703296704,-2076.251092307692
1691,1691,he,888.636,888.896,0.926,-11.45489081875,23.4295450625,32.002602625,-28.9102345625,36.1868354375,811.6821675,15.105507022058815,16.1315274264706,109.5700545588235,41.363857426470574,-105.76604374999997,213.0113044117651
1692,1692,he,889.076,889.416,0.968,-5.214369926923077,29.53601119230769,33.68402484615385,-21.01049503846154,26.772834500000002,480.59591846153853,-0.38024737606837583,0.3182612478632446,1.9637989743589728,-27.937944393162386,1.8827728034188074,301.31155384615374
1693,1693,smacked,890.837,891.217,0.89,2.8153854921111114,12.634068322222221,14.438716237777776,2.3569854099444445,6.563417877777779,661.0111772222222,-9.408278798366052,-13.19546234605095,-14.426743391200558,-1.033036149003992,16.97527913528419,17.134667740873347
1694,1694,her,891.257,891.417,0.734,7.460150069999999,-14.808597999999998,-33.32083256,-8.49905785,40.163937999999995,735.989867,-11.722127424242423,-58.27143848484846,-170.33143684848477,52.0456997272727,-3.025040606060611,518.9017969696971
1695,1695,on,891.437,891.517,0.687,9.32254,-12.5525698,-16.54403498,-16.557352599999998,39.520919,946.3195880000001,-9.129060000000006,260.97591100000005,347.8683705,-147.583935,-5.567460000000006,1846.8125000000014
1696,1696,her,891.537,891.677,0.329,11.866639200000002,6.311110625,-15.771732332500001,-31.36659275,31.984559625,840.24553375,145.90747642857139,281.08612440476185,280.17325720238097,89.0683369047619,-21.158861309523818,-2228.175053571428
1697,1697,"butt,",891.697,891.957,0.694,0.1793143828571427,-4.971058221428572,-18.246948871428575,-25.835150642857148,29.02139642857143,1059.6840714285713,-70.84828803516481,-113.35237291208787,37.31147468131867,-3.1347704395604308,-175.42680703296702,1114.2214285714285
1698,1698,it,892.097,892.157,0.846,2.6496352,5.653825899999999,1.0521467399999997,-17.42092537,32.2084325,683.378838,58.51184745454543,34.343077818181804,-164.56040418181814,-100.55408493939392,218.4835136363636,2131.403618181818
1699,1699,was,892.197,892.337,0.78,12.534653544444446,23.769377666666667,-14.676975700000002,-17.828994666666667,33.371680222222224,618.62458,-100.05181341666669,167.2048091666667,83.41055650000001,338.8700227500001,-157.73012750000004,-3112.236950000001
1700,1700,it,892.537,892.617,0.685,6.563406297857142,20.40971257142857,1.2088107728571431,-1.781735645714285,20.66194014285714,679.5457521428572,113.54778496813184,-99.10052021978021,-45.254795030769216,-247.1147068175824,202.86361164835162,896.306631868132
1701,1701,was,892.657,892.777,0.833,13.718269043750002,32.999362625,-10.8314374875,-13.332233125,14.163298999999999,567.2387075,-187.06102818452376,177.68247797619048,147.73344863095238,485.970394642857,-339.58592261904755,-982.2733690476182
1702,1702,violent.,892.837,893.337,0.927,3.7283571839285705,3.0801953285714285,1.1677048224999997,-12.164647814285715,20.38164742857143,745.3757228571428,15.0898458682266,20.901825985221674,24.89671262356321,-44.31531859058566,-70.56929433497535,-1050.0549225506295
1703,1703,And,894.438,894.538,0.925,6.2748382566666665,11.551581317666665,16.911181178333333,1.7952790393666664,3.0102795500000004,549.7200388333333,-7.657450585440399,-11.48240142370103,-6.397870079049736,1.6279523702222833,12.796569787440959,-103.2686484995832
1704,1704,"so,",894.578,894.838,0.924,6.5425286106666665,11.973165653333334,-19.682249393333333,-28.602403059999997,28.8041296,678.9575540000001,177.25870884285715,-34.02087373214285,-113.14406012499998,-235.62202923214286,107.14657660714283,583.1601857142856
1705,1705,you,894.978,895.098,0.911,9.115772358461538,15.45173776923077,-1.4879035538461534,-19.858710307692313,30.13712430769231,469.91205923076933,-100.88897498351648,-176.0998964285714,73.3787239835165,111.75804395604395,157.13295439560437,-764.1236840659342
1706,1706,"know,",895.138,895.358,0.9,6.633299607692308,4.195112038461539,-24.396412,-33.86066538461538,29.26953569230769,884.6858715384617,26.52868096153846,222.8714834340659,-71.36634120879121,-139.30350741758238,-106.9387554945055,1114.2361950549448
1707,1707,Corey,895.738,896.019,0.797,8.360305338484848,9.286180594848483,-2.799502712121212,-13.938590132121211,17.24255503030303,669.897613939394,-7.313131138703208,-80.22531290257353,-40.34410251504011,21.008784990307486,90.49635454545455,473.9916166443851
1708,1708,Lewandowski,896.059,896.939,0.728,2.5502716923913042,14.326371903260872,1.8165332956521743,-14.183458152173912,29.332577391304348,588.1847691304348,-36.38619895667591,38.717495446962694,60.00228645328399,12.545187840271355,-19.1713171692877,-421.09148196114694
1709,1709,has,897.239,897.579,0.908,4.602134075375,9.589747755625,6.6173775653125,-10.78712099375,23.888286375,580.7382109375001,13.931037308760997,-64.30510257899562,-64.08836984246702,5.235572760263928,37.67681002565983,404.3541881414958
1710,1710,been,897.739,897.959,0.832,5.907441733157895,23.82592454210526,13.88462304736842,7.737810030526316,18.783112473684213,527.4589852631581,42.75405455526317,-117.78441036842108,102.21236926315791,-126.44088874912285,36.02444771929826,6.432806140350874
1711,1711,inappropriate,898.099,898.88,0.864,11.426255145434784,14.764020153913041,5.207210589130435,-6.735093875652173,27.70810858695652,705.9164949999999,6.630790398920751,14.505292231390687,13.432509499537463,21.330057103361085,-4.439709290780143,93.82518535306812
1712,1712,with,898.92,899.12,0.815,14.336593791666667,24.006595,2.1317627275,6.612596658333334,27.810432416666668,453.1561575,-71.88985830419578,-5.7332916083916015,43.937579501748246,99.76551512237762,-67.53409388111888,-1307.7572814685313
1713,1713,a,899.62,899.66,0.594,6.441226237037038,5.746763436666668,4.427718177777778,1.0742322927407406,10.675715407407408,582.9482411111111,52.05155523504275,-25.10753063888889,-78.91396465201467,-37.8827989918193,79.20009410866913,264.4735781440782
1714,1714,number,899.8,900.16,0.874,20.7771095,7.762908062,-10.626502519999999,-7.6257691912,32.56462784,677.78799,3.186340307692306,-49.372037840384614,-126.97264668846152,-2.660173909230771,-9.048454500000002,1490.2564126923075
1715,1715,of,900.26,900.34,0.812,18.856151444444446,22.279850699999997,-19.7368491,-22.404169977777777,23.013903444444445,734.0710588888888,-32.74863083333333,224.8608184166667,218.6381109166667,118.76825616666672,161.39212,2237.848458333334
1716,1716,women,900.46,900.76,0.748,17.101387976190477,20.48397948095238,3.454461680952381,-1.659364212857143,30.488872142857147,644.9864385714286,-10.557516298701298,-67.28638315584416,32.252371987012985,74.8089239720779,-4.016585714285716,-745.4670155844155
1717,1717,within,900.8,901.22,0.8,10.737506940000001,20.679168652173914,12.781725952173915,4.64730982826087,24.83518717391305,480.68029521739135,-26.386184121541493,-37.25425968379446,57.673161002964406,28.500101163537536,20.030432954545446,-638.785014328063
1718,1718,the,901.301,901.401,0.881,20.231160444444445,19.769984444444443,3.3628453711111113,0.7488369166666664,12.760026333333334,495.09237333333334,20.552645000000005,-83.13556583333336,-204.30599653333337,-111.88400637500003,-191.27250416666675,1190.9642916666667
1719,1719,party.,901.441,901.701,0.986,19.2026552,5.299380866666667,-9.319951666666668,7.2474209599999995,30.087788266666667,888.9783353333332,9.04329125,59.07132426785714,80.0458839285714,163.8533116428571,-18.370325,112.83441249999974
1720,1720,There,901.741,901.901,0.837,14.676217100000002,12.059802696000002,-6.018714300000001,-6.111214899999999,32.3445944,691.868529,18.471138484848492,-123.92631979393936,-278.8634354545454,-258.9741712727271,122.56244303030303,467.7958272727274
1721,1721,was,901.921,902.021,0.844,3.9489574399999996,21.569415666666668,-13.08329335,-15.417498283333332,25.422113166666666,491.0738666666666,-313.17551508571427,165.63839714285714,82.91969442857145,282.7213095714286,-437.2951842857144,-3643.277342857144
1722,1722,some,902.081,902.301,0.758,-0.4376838850000017,8.17350646,-16.398281178571427,-10.850212734500001,23.943899714285717,841.9792435714287,152.59770085164828,-120.75425465054944,-18.497102780219777,-124.07910637571428,37.994089010989015,384.44840109890083
1723,1723,other,902.441,902.641,0.868,16.306495970588237,17.509438768235295,-23.146372529411764,-25.655257805882353,26.588929470588234,682.1894694117647,34.108630147058825,110.66068592647059,49.98136262254903,74.85473781862746,77.2381588235294,280.30107843137256
1724,1724,woman,902.701,903.081,0.746,14.44361035909091,16.57662490909091,1.9315893318181823,-5.620560504999999,28.67625563636364,598.6097159090909,-39.26722825239978,-52.77814093732356,96.16057907114624,53.93102554065501,-21.38063777526821,-202.04903077357434
1725,1725,that,903.581,903.882,0.823,2.1450567415,3.1198262642500003,12.72203131375,-2.5557092349999997,8.98718525,488.7251255,18.33863891135084,-15.272748384380861,-37.6723227543621,-37.405439219512196,31.85479636022514,-155.46577448405253
1726,1726,accused,904.082,904.582,0.91,0.9310591171428569,23.898270777714284,8.36971776942857,-5.027811025714286,13.49673285714286,514.900179142857,-18.450178605042012,56.038301778431354,15.219978171848734,11.211876358823524,21.748203571428565,-124.85039691876747
1727,1727,him,904.622,904.862,0.848,7.56376987142857,4.522064628571429,-0.14142565000000026,-6.469292811,23.602712500000003,518.6044257142859,134.78711503296702,-45.315372285714275,-134.8053588241758,-19.425582380439554,95.57263373626371,-549.3790351648352
1728,1728,of,905.542,905.662,0.792,14.55793105125,10.37707163825,-6.02393187,-11.526960701499998,15.293602325,634.8391035000001,27.142689154549714,17.94246490314259,-67.51832387523451,-45.571908656754225,55.8627364587242,-61.04914530956845
1729,1729,being,906.503,906.823,0.824,8.064996738551725,18.801632051724138,20.59877118706896,-3.015495507068965,12.360631,618.1825027586206,-0.3802588919437709,1.4149051877941503,21.37122783790644,-27.975087801055103,27.41962499000278,-149.8339159924944
1730,1730,"inappropriate,",906.943,907.723,0.923,15.598993833333337,12.72429212666667,3.713578779555555,-7.5927157337111115,19.9652796,623.697234,10.98073711594203,28.889233496047435,3.778843211462452,21.060913915974975,-8.085184532279316,-134.17885902503295
1731,1731,touching,907.763,908.123,0.898,-0.6532722750000003,10.727411324,4.571311,-6.632341557500001,25.747296649999992,631.092461,69.19423968045113,2.627407318796995,97.9022825488722,0.17720053571428587,-26.858732744360903,-1499.1126007518799
1732,1732,her,908.183,908.343,0.805,19.326052518181818,-0.8515836481818184,-19.303061318181815,10.046600503636363,31.358610272727276,956.4444236363637,127.0292998636364,-29.067952213636374,-300.00150590909095,93.70405545454548,-17.03206772727272,503.8090363636362
1733,1733,in,908.423,908.503,0.834,10.784537125,8.823516712500002,7.094010000000001,13.77430725,18.606408,637.90885375,-188.62481964285712,245.90111874999994,33.358941666666645,107.66077226190477,-265.1220154761905,-4553.696589285712
1734,1734,some,908.543,908.723,0.852,7.350106409090909,8.912433488181817,-2.469983463636363,-6.738022636363638,16.454218545454548,739.2858390909091,195.3324797727273,-134.30186444090913,105.00618813636365,-172.71287181818187,39.539363636363646,2855.1485545454557
1735,1735,kind,908.763,908.943,0.93,10.621672996363635,-10.081277354545454,-1.0650461090909094,4.2729925,22.009831454545452,563.0786563636365,99.2474106909091,-57.127171454545476,-128.45253772727276,58.30664540909092,161.56232318181824,2119.1483227272734
1736,1736,of,908.983,909.023,0.005,29.19589775,15.3072024325,-14.677142,0.679380675,29.723112,700.1122150000001,65.49916500000006,444.17917405000026,152.82510000000008,-144.02827350000004,17.759510000000052,-4742.355300000003
1737,1737,way,909.043,909.184,0.885,12.475847162500001,12.53777825,10.9987319125,-4.8169980875,29.372018124999997,546.9567562499999,-79.45064446428572,28.276848452380957,336.79940684523797,52.09473375,3.1150232142857184,-1516.7473154761901
1738,1738,her,909.244,909.384,0.807,17.258903,-0.23569968000000027,-4.428906751000001,7.12286291,25.0658504,918.564842,36.6457,-4.431939575757572,-127.91191134848482,13.286624696969694,-155.5890133333333,-151.13600606060584
1739,1739,thigh,909.464,909.744,0.602,2.2530685494444445,-10.240237083333332,-9.454505883333333,-3.3598144666666667,23.066321944444447,831.2368199999999,10.778631436016514,-129.6257750515996,-58.94259059339525,-72.65683021671828,103.02561191950464,1170.115351909185
1740,1740,or,909.764,909.904,0.354,14.5478832,2.2889240625000005,-10.32533725,8.3671903,17.762994374999998,989.8177925,-253.89268928571428,322.5734669642856,196.2645377380952,28.10339285714285,-252.61841488095234,2309.7532857142855
1741,1741,something.,909.984,910.324,0.714,7.485298571428571,12.044015083809523,-11.942635633333335,-6.479423489238094,16.327369238095237,846.0942266666667,121.11478698051948,-22.667751473376626,52.4796616038961,-54.43912410454545,23.026351883116874,187.68705909090914
1742,1742,at,910.775,910.835,0.998,4.331878491538461,1.688904346307693,11.228779984615384,1.1417389511538465,4.883984961538461,646.2464826923077,24.601372583589733,-57.945750233435874,-57.30373983931622,-42.86535615606835,34.66736692307692,-409.02115230769215
1743,1743,one,910.977,911.077,0.718,24.702833583333334,10.481181391666668,-9.018956879166668,-8.094048241666666,31.530041166666663,740.2809050000001,-71.55212045454545,-103.73325573076919,-54.973793470279716,0.951597534965036,13.693966783216787,875.45008041958
1744,1744,of,911.118,911.178,0.75,20.3545414,10.183496739999999,-12.96189554,4.3297827600000005,30.380004600000007,698.691822,-20.18576,327.39217,208.8233615,274.4684595,-40.731255000000026,3687.4412000000016
1745,1745,those,911.239,911.461,0.836,12.843719464285712,25.68360985714285,-9.77556426785714,-14.304687857142858,21.492928000000003,709.5012528571427,-73.37792675824176,80.75319186813185,84.98305546703297,-85.89452461538461,11.409116703296698,799.688789010989
1746,1746,Republican,911.501,912.166,0.895,15.783203654285717,16.526807768285714,9.365526172571428,-0.9441643414285713,21.32732268571429,581.4747802857142,-11.320628044817921,16.78744800280111,8.599726837535014,-31.482146376470574,0.8102257983193287,-251.6320628851539
1747,1747,events.,912.227,912.59,0.891,12.085203604761904,20.150915428571427,8.943847576190477,4.891631247142857,16.924376714285717,461.3097066666667,-42.04699390259739,-26.144412142857142,3.058554909090904,2.330216366883117,-93.32600253246751,-7.896250649350642
1748,1748,"Yeah,",914.73,915.11,0.458,4.718271381349207,15.562876769761907,9.443732282539683,-5.584843030071429,6.998006801587302,627.3894480158732,4.608992230093738,-5.5740936645444314,6.174345711346084,-4.448953027463217,1.3373876110986131,80.13635831871018
1749,1749,these,915.591,916.011,0.785,0.1471036504347825,16.613051858695652,16.792112961304348,0.3003250934782608,20.83785543478261,746.6995615217392,-20.393933494418743,29.217979726117782,17.018601810237428,-39.47394324976872,54.85572294172062,424.15573484427995
1750,1750,"Republicans,",916.251,917.092,0.935,13.993876416666668,13.038440396296297,1.1256702370370368,-9.183389850555557,21.28116862962963,576.7291787037038,-5.147768696588527,-2.984354043834572,19.880623636744808,-0.4213107736039634,-5.184275852868304,-72.7042522393749
1751,1751,let,918.553,918.714,0.867,8.428071932098764,15.048959709506175,12.910915382716048,-3.134181168395062,11.608518061728395,701.6922056790124,5.399883389453478,-7.773188227924571,4.48412226230804,-11.354049762375793,8.263929050361337,-95.61661541327915
1752,1752,me,919.094,919.174,0.694,5.1817540304347816,8.208158660869564,13.560341443478263,-22.748887891304346,36.35158765217392,676.151175652174,-47.67668993577073,-65.63466800889326,-39.37850641304347,38.245428162055326,0.9286946146245071,1799.3866274703553
1753,1753,just,919.214,919.394,0.647,-9.282988081818182,13.808524627272726,6.370585004545453,0.019187963636364266,22.009492636363635,790.2325518181817,-35.27734027272728,-46.02226531818184,-199.09623588636367,165.70220972727276,-56.40225545454548,-74.53835454545518
1754,1754,"say,",919.434,919.714,0.822,-0.2827472687500001,-0.8659359625000005,3.60344235,-0.8069408793750004,6.99927175,664.983566875,53.5744623602941,-30.46297914705882,80.8029330735294,-68.20809680661765,-74.62642911764705,-1697.6498433823524
1755,1755,here's,920.896,921.796,0.631,-0.6014983698846155,6.917741407403847,18.57388960625,1.0259368913461537,14.992846826923076,803.3823283653845,-8.548180787773392,-4.559018605918597,-5.989392418342579,0.13314710875920216,15.631659654859705,97.42633659714073
1756,1756,what,921.856,922.077,0.81,7.830777326428572,9.03869067857143,-15.452753092857142,-24.71345385714286,25.517365928571426,968.7417414285716,-62.156310456043954,-139.11414484615383,29.38420875824175,96.77593516483516,-197.95290978021973,827.1103230769228
1757,1757,someone,922.177,922.717,0.903,5.884473496875,12.4260148525,-9.5502745134375,-12.384067009375,29.9244895625,687.7346678125,37.33793393969942,-11.798432379765398,22.50142039250367,-56.31456818273461,48.50319677419357,-181.75235419721406
1758,1758,is,922.877,922.957,0.758,-1.889110221666667,18.38320296666667,19.219760121666667,-0.4583224421666667,16.746968083333332,525.1053833333333,-129.51135864685318,133.11923741258735,-76.20879474475525,36.373432308041956,-97.17330751748248,403.43146853146845
1759,1759,quoted,923.057,923.458,0.935,10.920016195999999,13.295361968000002,-0.11744530400000044,-18.858368504,29.232914519999998,759.3117336,16.09586032307693,-70.48824623461539,94.09856796538462,3.810993492307685,89.67713388461539,54.20326192307692
1760,1760,as,923.658,923.738,0.995,4.627652114285715,-3.3484221999999995,5.427583605714285,-3.9843915,20.00877757142857,541.6360678571428,-50.0231065054945,3.662990615384616,-154.00532958021972,36.70384549450548,29.100244395604392,945.0562868131868
1761,1761,saying,923.878,924.299,0.901,-2.2351102735714283,15.012339110714288,13.504198603928574,-5.3790580071428575,23.453023357142854,603.1722375,59.38365769594964,37.75778331554461,62.818161405446084,-92.43140826217842,52.36048486590039,-842.0430485769018
1762,1762,in,924.919,925.059,0.782,3.1089086821052634,11.68802754973684,21.078313105263156,-1.4446347947368428,16.276021157894736,577.4456042105262,3.1945827307145187,6.515089589287666,3.6801058759164027,-37.10685751285698,61.71387754677754,-408.7720193675457
1763,1763,this,925.359,925.56,0.834,8.093809388,18.91775146,20.23247114,1.6441411368,21.840817360000003,562.2870752,-8.674273680769232,33.065945492307705,-6.727212211538462,26.803641917692314,66.78190565384617,417.5920830769231
1764,1764,Daily,925.66,925.98,0.959,10.472834914285716,14.956111480952384,11.726658857142857,-0.7669969476190476,29.151294095238097,684.3043042857144,-6.350707662337661,-42.44951038311689,13.490824116883113,-34.04431325324675,32.071905844155836,238.71347467532462
1765,1765,Mail,926.04,926.32,0.834,10.95363236764706,6.800537517647059,2.4189041117647045,-22.427219,25.477880705882352,647.957501764706,38.47490732230392,-27.693750465686282,-167.3543718382353,-209.1984663970588,-83.10210968137255,196.45493014705892
1766,1766,article.,926.641,927.061,0.733,18.391445027027025,9.38784175135135,-15.871427578378377,-16.8373469,14.755240756756756,781.6593572972972,21.901273500474165,33.399103403271695,-7.627016959459457,-8.253866959459463,2.186020211000473,243.41217389758182
1767,1767,And,927.782,927.862,0.837,-0.4067230562499998,11.345438992499998,15.843622025000002,-1.528007528105,2.561564125,710.4288355,-0.14477634216697927,-28.17072912804878,6.590450456848029,13.968721299747656,15.859441702626643,-156.73241369606
1768,1768,so,927.922,928.082,0.874,3.612904818181818,11.268989554545454,-10.606497312727273,-10.839805081818183,18.585332818181822,470.77290636363637,195.76657318181825,-42.328501954545466,-81.98503799090912,-218.2989036363637,43.411355909090915,-88.30994090909087
1769,1769,this,928.142,928.823,0.884,1.425192782432432,15.031187480000002,8.84249688621622,1.8647602575675677,17.82530743243243,449.86031432432446,-11.112609701043151,2.1038654625414916,-3.289266979966811,24.55892265244192,-13.411708700806075,-9.111332622095789
1770,1770,is,929.703,929.944,0.778,7.086095289285715,5.952967687678571,3.581604806428572,4.546167498214286,19.388100178571424,607.5514166071429,-6.5117197173615855,24.28356107804169,9.006593228298014,0.5759600316131236,21.921824401913867,-319.3460474196854
1771,1771,as,930.144,930.264,0.806,3.4508976349999996,-9.8865253125,-4.0290669925,-15.50510620625,33.183274187500004,700.279243125,24.43160873529412,64.84567754411766,27.1112382117647,32.57416169852941,-55.45710022058823,-128.5478169117649
1772,1772,the,930.504,930.604,0.978,8.40746443117647,21.859126264705885,11.518240374352942,5.495481729411765,16.464880470588234,443.3171305882353,90.76615457598038,-22.76780373774509,116.92786112058822,-78.3428619240196,139.99352965686273,-215.0215379901961
1773,1773,Daily,930.644,930.964,0.895,2.869575244444445,9.298704953333335,13.920339944444445,-13.672045908333333,35.53502422222222,812.8174283333333,10.643852311661519,40.23673972961817,5.500784416924668,-11.256299140866872,-2.61657461300309,167.1037167182661
1774,1774,Mail,930.984,931.205,0.772,6.118462760833334,9.941954516666666,0.6534396566666666,-19.117343461666668,34.434219416666664,672.7005891666666,0.988214526223773,27.4899158041958,-160.6121337902098,-127.60450198251746,-6.937942482517493,2354.4713723776226
1775,1775,is,931.265,931.345,0.67,1.8587534857142864,29.035180999999998,0.2735087928571428,1.1580422571428575,14.09491842857143,602.8722828571429,-115.20370107142857,182.23811607142852,50.845114196428575,170.13254392857144,-353.69175,915.0142499999989
1776,1776,going,931.385,931.665,0.818,6.904309964375,14.9021511875,-15.38208095625,-16.51328930875,31.610880999999996,747.3269793750001,-1.0292267242647035,-32.6957363235294,24.06213066911764,75.60217975735293,37.07140602941176,-379.4397536764705
1777,1777,on,931.785,931.865,0.845,10.27730902,8.71147977,-18.5582576,-20.0660388,32.718739,738.712235,-15.462119939393935,-111.23418245454543,174.81565030303028,121.97072545454542,-8.192396969696967,-3597.628342424242
1778,1778,and,931.885,932.045,0.638,9.142880177777776,10.104820966666669,31.492613999999996,-12.896454666666665,30.654936888888887,637.51553,38.21557300000001,245.43129750000006,41.71643999999999,68.14568000000001,2.4698366666666614,2409.3691333333336
1779,1779,listing,932.085,932.506,0.799,2.2946797843478257,21.55592905652174,19.706336873913045,-5.553096669565218,20.287676913043477,553.9809773913044,-3.194521334980237,-12.358626798418967,-4.403163315217385,-40.95380165513832,-41.77572504940709,115.96879150197618
1780,1780,all,932.666,932.826,0.88,11.99686286875,11.843905187499999,-19.6842483625,-41.668663062499995,30.918566874999996,739.074155,-32.71725430147058,51.15998461764705,40.60808625,5.011265661764689,1.20950117647058,2438.7837220588235
1781,1781,of,932.846,932.886,0.786,7.2604941,19.603508666666666,8.683906,0.8455480666666665,31.540699333333333,954.0828833333334,81.33616749999996,342.90644999999984,6.274624999999997,385.71792499999987,-55.33704999999994,-13924.25624999999
1782,1782,these,932.946,933.146,0.762,1.9292052852307686,36.76130953846153,24.795030869230768,5.688284446153846,17.184401923076923,529.3487346153847,-68.10839709450548,118.07718516483514,-29.43964612637362,86.9025962087912,-77.2387489010989,-2365.918
1783,1783,different,933.186,933.527,0.838,7.759085794736843,17.03115357894737,14.33828852631579,9.780547755789472,12.511833157894737,625.6067084210526,77.55444218421053,-65.30223823684213,20.767922254385972,-24.595509885964923,-26.418867456140358,-481.50807894736863
1784,1784,trips,933.627,934.007,0.813,-5.991040662499999,3.186640358333333,3.4681178158333332,-1.3482846729166666,19.61501470833333,656.1769441666667,70.29949689782606,36.16058635652173,-56.21011076217389,-69.41731712282606,-118.4735115869565,-211.16624695652172
1785,1785,that,934.407,934.568,0.836,-1.6350063642857144,4.796968313928573,14.08834962857143,9.233277625,3.3892744642857147,600.9207767857143,52.61251355227149,-59.30277128119869,12.628712788724686,-30.68874201559934,19.447195306513407,-600.0137163382595
1786,1786,Kristi,934.608,934.968,0.853,0.2008113350000003,15.632346880000004,14.7907937,3.9385009885000004,24.36884765,591.886707,0.6064800563909776,110.99668075187968,113.96410172932333,-56.33370648233084,53.6168734962406,-676.228065413534
1787,1787,Noem,935.008,935.448,0.624,19.427854916666664,10.021910554166666,-11.9202817375,-25.629607345833335,29.179341333333337,819.2598904166666,7.316681326086955,42.116061219565196,52.90709793260867,-18.39347195,-34.49804204347824,35.85177326086956
1788,1788,and,935.588,935.709,0.718,8.318833,-0.2815016803846152,15.913674946153845,-5.784050756923078,12.05335269230769,459.76459,30.127274313186813,-31.363236848901103,72.19911763736263,27.479532983516485,42.009062637362646,461.1638791208789
1789,1789,Corey,935.749,936.009,0.77,15.456325119999999,10.092870414000002,-3.4711873399999993,-5.512070233333333,28.556342799999996,759.2059246666666,3.2410774464285668,-26.497918642857147,139.41892401785714,96.38039821428572,62.26347428571429,654.1040785714287
1790,1790,Lewandowski,936.049,936.77,0.742,10.19393597894737,13.579779989473684,10.512599536842103,-9.144191026315792,24.661709868421053,607.5523852631579,-25.545348628952837,5.131804346208557,-12.96010544807966,14.873071687274317,-18.424377749206695,-222.35781825144983
1791,1791,has,936.81,936.97,0.913,1.4299063580000002,15.732270439999999,-2.45338898,0.5781383,17.8200061,459.86128099999996,-119.52459813939392,168.5510744242424,-143.73606933333332,212.02782818181814,-219.7668166666666,977.3437606060605
1792,1792,taken,937.01,937.29,0.963,4.3459623375000005,15.71397166625,19.386187614375,-2.3861293731250006,15.511497625,579.634290625,60.073520941176454,3.4131972191176425,149.75518670955879,-38.610829096323535,28.06683941176471,63.13660514705886
1793,1793,"together,",937.35,937.951,0.865,9.005791984705882,10.189067416176472,2.9894118794117643,-1.247143275423529,26.225501058823532,572.0578135294118,21.095106260656983,-64.65406634950342,-62.936480830404875,-4.372899995223834,21.514214484339185,322.60264690603503
1794,1794,describing,938.311,938.991,0.864,2.5350795519230767,6.162933780000001,8.976245675000001,1.9292108346153847,18.572267134615387,608.1516342307692,7.50720076688295,2.3176855817894637,9.636227219969268,-36.48097234867242,41.64164554554768,-130.54823012891657
1795,1795,it,939.032,939.092,0.7,5.01154048,7.79629866,41.213388599999995,-4.7961735,18.147414,508.84691000000004,119.38533700000004,37.5762335,-44.78533499999998,-24.78924650000001,140.03549500000003,5303.277100000001
1796,1796,as,939.512,939.632,0.817,7.17447361111111,7.783306199999999,11.591253580370372,-6.166107801851853,22.33410851851852,430.01771851851845,12.713696523199026,-5.263299563492066,-111.46328195940175,51.22409452380955,-13.88111260683761,209.79096031746036
1797,1797,a,939.692,939.732,0.499,22.539272599999997,21.2044042,-3.10423908,3.8906829200000006,27.6670454,555.983784,96.40647500000004,162.27619000000004,361.77042350000005,152.269652,-24.60275,-856.4139500000005
1798,1798,business,939.872,940.393,0.87,1.007476902121212,20.38253243030303,17.74678385151515,-0.46093158757575775,19.05677212121212,563.5865796969698,-50.78998246908423,28.26927859291444,10.84875748161765,-22.129727949699205,-30.95073298796791,-396.22968148395734
1799,1799,"trip,",940.453,940.773,0.795,7.873923789473685,9.057471757894737,6.256995878947368,7.758201508421054,15.43109652631579,613.463512631579,162.58543947368423,42.40838010526316,-66.67110821929823,-69.5348692140351,29.873479473684213,-744.3601403508774
1800,1800,but,940.833,941.073,0.843,15.257465600000002,9.052120246666668,-8.28467706,-8.095984742666666,21.825316400000002,600.3643866666666,-71.02653892857141,-79.65399171428571,12.516067875000005,54.025255028571415,-123.54258910714285,15.967232142857265
1801,1801,you,941.374,941.494,0.957,5.844671528571429,8.267971367619047,25.093385523809523,3.547199451904762,14.088441,550.1900633333333,67.31851011688312,20.93938135324676,62.91591616883116,-15.818215546103897,117.18235097402597,-704.7409597402598
1802,1802,"know,",941.534,941.714,0.879,26.42514681818182,5.581412009090909,-19.555872545454545,-20.51836129090909,29.299387636363633,651.5679500000001,56.74912727272729,175.23649895454548,-184.08616590909097,-185.42841650000003,-17.670912272727275,696.3839500000003
1803,1803,It's,943.126,943.246,0.88,8.315153379736843,17.21158797368421,14.222348625526317,1.3296544492105264,4.1036631578947365,664.974722105263,-7.993468508858512,0.26531865755297324,5.524174274873548,12.102805098769654,3.454787218045114,9.904889268626123
1804,1804,also,943.346,943.646,0.947,10.411187573,12.616733095,-22.99582245,-25.355599025000004,22.498104599999998,710.3343050000001,8.022122200751877,104.45177552255639,11.047932518796992,0.8395534022556393,-8.718361729323307,-368.84683834586474
1805,1805,pleasure.,943.726,944.166,0.882,11.846717905769234,9.665565903846156,5.216696442307692,-6.038998726923078,13.257827730769232,613.1273115384615,-31.398764200854696,-13.438874278632474,70.46698304102561,70.528679625641,-55.107733213675196,-930.4807859829056
1806,1806,In,944.967,945.047,0.83,6.328008101136363,5.417963524090909,18.803448981818182,6.90354518409091,6.404819477272727,629.4464852272728,-2.9652469617688504,-9.136514346582098,9.943106794926003,-26.405233409090908,35.72589566243834,-146.81072618040878
1807,1807,the,945.087,945.187,0.835,23.897539142857145,7.712894635714286,-5.399687,1.1385617142857145,33.62330442857143,479.3633685714285,52.144771428571445,-83.47461017857144,-301.7657035714287,-192.6245769642857,-7.936510714285737,3316.606249999999
1808,1808,months,945.247,945.527,0.751,6.013964445882353,3.2193281000000002,-17.669438823529415,-11.094519011764705,31.91849711764706,662.0874364705882,-103.25428059068626,-20.411277892156868,-58.74098906862746,60.18551667892155,-81.60895281862744,-979.9151838235293
1809,1809,leading,945.607,945.907,0.819,6.0670762210526314,17.788163005263158,18.518430347368422,-16.89435436842105,35.668262526315786,474.91407315789473,-26.968220482456147,-18.44250083333334,105.05598016666669,-36.98324796491229,-6.201958771929823,-25.257522807017434
1810,1810,up,946.027,946.107,0.996,9.994373229999999,3.8280195580000003,-17.9733132,-23.350797999999998,36.55468380000001,615.6060879999999,28.396449363636364,-52.645333660606035,-36.491355151515165,-49.62500666666666,1.630107272727259,-927.2791030303032
1811,1811,to,946.167,946.287,0.823,0.32681734444444466,16.786069506666664,1.3535596666666665,-6.933280811111112,15.660540555555555,570.57428,81.28042791666671,188.7103056833334,52.745836000000004,-9.247138916666673,174.1939316666667,-1522.8945583333336
1812,1812,the,946.307,946.387,0.83,7.30597166,14.245147800000002,14.594917200000001,-5.149731319999999,25.9720012,653.2721760000001,-4.945681500000011,-215.01863000000003,188.11120000000003,-44.70547500000001,-329.9054500000001,8690.038600000002
1813,1813,2020,946.307,946.387,0.83,7.30597166,14.245147800000002,14.594917200000001,-5.149731319999999,25.9720012,653.2721760000001,0.0,0.0,0.0,0.0,0.0,0.0
1814,1814,"election,",947.148,947.628,0.941,1.6352588104354835,14.713764909354838,14.275862845161289,-9.773916087096776,23.817926225806453,689.0139108064516,-4.5924418233474364,-9.676252777492381,3.387084447734886,5.477794248193197,-2.5868532421747146,-52.39420801541133
1815,1815,Noam,947.708,948.068,0.828,15.663900772727276,18.911428636363635,-5.23628317909091,-27.557420404545454,35.44117504545455,710.3373577272728,-10.587930858272163,7.5163107566346685,-68.6301430451722,-124.74671116600793,23.930496753246757,1078.8580115753812
1816,1816,and,948.248,948.328,0.912,12.74663806153846,4.878342007692307,12.636752153846155,-3.221341753846154,22.955245307692305,548.41864,-66.8087213186813,-17.694208983516482,72.37582032967033,-35.34048,115.21002005494508,-1591.4087252747247
1817,1817,Lewandowski,948.368,949.148,0.716,8.21183534878049,14.671089771951218,2.9197846073170735,-11.63795795487805,24.796084243902442,611.9851473170731,-27.54970984233449,6.5934606141115,-2.170209775261327,28.692781322735197,-29.365174695121958,53.920597386759624
1818,1818,became,949.208,949.569,0.915,4.150688214285714,16.733809952380952,25.592735666666666,-1.0872588976190474,24.358948190476195,528.2409952380954,-8.754205876623374,-81.25528686363636,-69.8537646103896,-19.93763456493506,34.44950058441558,152.38676493506495
1819,1819,virtually,949.689,950.389,0.938,13.07796287804878,16.45952565,3.5822979890243896,1.3615615449878051,25.63794997560976,749.2635424390244,-3.4919829442508714,24.73718983301394,39.785712128048786,-34.85940906209931,2.8808979529616723,-95.32317857142858
1820,1820,inseparable,950.909,951.689,0.802,8.498556298153845,14.118132198,3.962171253846154,-5.553196430769231,18.359213938461536,702.2654023076923,20.11532318326049,8.4928523100743,-45.57467521547201,-35.349446747159085,23.193943356643352,217.8355808566433
1821,1821,companions,951.77,952.49,0.857,5.923752409,15.821878876250002,14.2028599835,-5.4782511675,24.976863025,599.2750142499999,-20.24533928574109,18.323251708489675,21.437086569512196,11.111248206848034,20.584634366791743,-322.95292509380863
1822,1822,on,952.67,952.75,0.837,14.726684669230767,18.734988884615387,-15.978127292307692,-11.690990523076923,18.674568384615384,655.6340700000001,77.49619601648351,-65.0527302197802,24.364687060439554,1.8855950000000086,164.05818818681317,256.8895247252746
1823,1823,the,952.79,952.87,0.873,20.217912666666667,14.304572216666669,16.64550325,4.515814416666667,24.042524999999998,347.20347833333335,-2.328614285714279,-15.531461857142835,-74.71683785714285,30.781945285714276,-207.86428857142857,517.1349285714284
1824,1824,Trump,952.91,953.19,0.828,5.316189125,1.756976475,-0.9888276562500002,0.4437884687499999,13.931304875000002,686.653443125,123.64385676470584,-14.937117794117649,-114.28598456617644,-93.10021208088232,15.405946029411771,67.78579779411766
1825,1825,campaign,953.21,953.81,0.844,4.425781691935485,11.02445800967742,15.96058534354839,-10.051992661290324,13.627803064516128,506.20358774193556,-6.44130594979839,26.574126366935488,4.337926713709679,-48.12526351209677,62.949745342741934,-337.08599435483865
1826,1826,trail.,953.85,954.19,0.797,8.437692789473683,3.420894845263158,0.049301510526314464,-2.1199051,7.777798789473684,669.1185410526314,95.54784885964914,-10.805088494736847,-141.0115063333334,-84.55632200000004,-26.567524912280707,-2338.42107631579
1827,1827,By,954.811,954.971,0.812,8.37231573925,3.5251716735,6.489190714999999,4.50567807975,7.346790075000001,641.13446825,12.903239702579736,-17.226181216604125,-19.86553707786116,-23.244438920684804,42.71397096153846,20.225707926829287
1828,1828,"then,",955.051,955.291,0.872,2.80280783025,9.374148320625,4.8057225943125,-8.456503115625,36.2490420625,445.44080125,-38.69509846441177,-35.59264850220587,-17.798451531102934,-68.6546254963235,15.043064338235295,699.9231220588235
1829,1829,their,955.371,955.571,0.792,8.925097128571428,4.496957971428571,-3.9947021428571436,12.748575414285714,33.48135371428572,849.6087057142859,60.129590197802194,-123.84542435164832,-179.05110637362634,82.2540619120879,55.545080879120874,3067.906057142857
1830,1830,relationship,955.611,956.351,0.841,-4.8357130615384625,14.802270405307691,21.790649105128207,-11.498815053076923,25.089973974358976,656.4740648717949,2.1925197074898772,7.205614472722676,-11.989738233805669,-7.098863586842114,-28.645327388663972,493.3611389676114
1831,1831,was,956.431,956.611,0.771,14.448287953846155,25.642900307692308,-3.004245818153847,-4.421263330769232,21.64043023076923,591.7530223076922,-97.79951365384615,31.242960439560434,32.63097112252748,175.94249626373627,-54.3356989010989,171.27333791208778
1832,1832,an,956.712,956.772,0.966,15.4766623125,13.218226412499998,8.557158425,9.009577175,22.085990625,450.92476250000004,62.72884494047619,22.13126910714285,115.05893154761904,-24.01340511904762,-218.40593988095233,1855.1410238095239
1833,1833,open,957.012,957.312,0.913,13.379399459259263,20.83837232,1.0276047018518517,-19.52417353703704,21.092792777777778,689.4374200000001,-24.8066410927961,-0.968270098290604,40.53006147588523,51.76788061660563,43.60050351037852,222.93164865689866
1834,1834,secret,957.392,957.832,0.867,-1.6076985884615385,16.457404515,12.540437145,6.332643655769231,19.166469615384617,730.7369965384615,83.46770579999996,-79.52290078068374,7.520377201880336,-14.70002597521367,46.818107111111104,562.2071348717947
1835,1835,at,958.012,958.092,0.834,10.111429038461539,-4.556128561538461,-3.433438138461539,1.6107692846153845,14.36046523076923,396.340423076923,15.456592939560439,-82.58189087912088,-162.82263233516485,-22.73037673076923,27.789076373626376,773.7003104395604
1836,1836,the,958.132,958.232,0.832,17.351593637142855,21.59424929142857,-13.208492342857141,-21.774356155714283,32.728976428571436,716.6875471428572,246.07136442857143,255.03498550000003,-19.076252321428605,-281.32924773214285,209.0221982142857,2936.174303571428
1837,1837,White,958.272,958.532,0.91,6.889522517999999,0.2098781983999997,-11.474575061999998,-20.405398199999997,30.551044600000004,758.9580833333332,-71.59860133392857,-95.56545405428571,131.6753427160714,72.83808982142857,-123.98422589285715,-1944.780926785714
1838,1838,House,958.572,958.912,0.745,6.33976888263158,7.6381931684210524,-16.064886257894738,-18.79849097105263,25.499588842105265,593.416092631579,-15.295403812280703,135.32043738596494,11.91871037719299,-22.712346241228076,-92.84291921052633,-294.6180289473686
1839,1839,and,959.393,959.493,0.843,2.314993624137931,3.5012713503448274,13.004083305517243,5.171188109655173,10.124788413793105,590.0241906896553,55.252395470443346,-41.7970512684729,18.53732129753694,-29.836100842364527,72.21318955665024,-145.7214564039409
1840,1840,among,959.593,959.973,0.88,14.921406825,7.074037160833332,-11.78003400166667,-16.671746012499998,31.330619291666665,676.9696529166666,-21.69681436086956,31.289155764782606,-12.921921472173908,0.896932802173912,-15.498589630434777,-554.6372784782608
1841,1841,high-level,960.193,960.833,0.867,7.7145438669767445,6.789431398604652,-9.085505443255814,-13.55402809767442,24.994851,680.3991155813953,20.92987485427363,48.50404145379039,0.0741945666717002,-49.28951568181818,35.589009528843235,219.62171798550287
1842,1842,GOP,960.873,961.433,0.873,2.0933677112,26.08489343666667,20.490962414,-8.204975216666666,23.886175266666672,657.4991240000002,29.921506328631814,-1.3506010088987754,-2.3067479446051125,-5.692828590656284,13.881765717463846,149.81856462736377
1843,1843,lobbyists,961.533,962.174,0.735,1.4615539623783782,13.578249318918921,0.6674157908108106,-12.198250404324321,30.745947972972974,646.7799764864864,-29.949040609388348,35.91099121977241,18.88097270554766,14.767332535324801,-28.718203105737327,-80.78326280227603
1844,1844,and,962.414,962.514,0.805,8.122074522352943,8.42658404117647,8.81767675529412,1.948081172352941,14.902049588235295,862.4096547058824,80.94779703676468,-86.1081818627451,2.8740056715686295,-29.778346374999998,76.4692143382353,2045.5497205882348
1845,1845,political,962.574,963.274,0.892,11.257682078157895,29.46907506315789,-4.738954163157895,-28.606760886842107,28.601580578947367,806.6645465789474,2.42496197368421,12.815574643834122,-32.9629917146296,-36.05254306543385,41.115182623919466,662.2021673596673
1846,1846,consultants.,963.694,964.495,0.872,5.260787090983607,19.882251767213116,2.0774783965573778,-4.194700203885246,11.02558036065574,602.0555759016394,-7.066323780936017,6.001694128503438,-9.666567019460603,-5.329193725579061,2.0128692067689054,-140.82346811211002
1847,1847,"Quote,",964.915,965.235,0.779,9.304049772972974,20.579596659459455,-1.469436151351351,-14.666585122432434,8.464432621621622,665.8059275675677,44.53612526552869,5.2093037956377435,-37.32288045756284,-106.64690069511617,28.83263477951637,310.05106247036514
1848,1848,it,965.675,965.755,0.68,6.378836298076923,8.459996496153847,20.18271547692308,-0.4586570115384615,4.592978884615385,556.5569373076922,5.289562816239314,1.1669164871794853,4.384583247863246,-14.886388162393155,22.910023811965804,547.2284459829059
1849,1849,became,965.795,966.175,0.865,-2.3742426761904767,4.1331285285714285,16.32058451742857,-11.892608419047619,29.461471761904757,661.4192076190477,16.791633642857146,-35.25876467532467,-78.39926603506493,-30.242812272727264,58.001332467532464,286.52639935064934
1850,1850,a,966.215,966.235,0.986,9.797456666666667,14.489855333333333,13.059453333333332,-12.701705333333335,35.263911,431.21237,336.6968249999998,310.31812499999984,268.9976749999999,163.94044999999997,-58.02534999999993,-5722.939249999997
1851,1851,"joke,",966.295,966.615,0.946,5.280829526315789,10.365532621052633,-13.481691084210528,-23.805392663157892,18.955699105263157,923.0033510526315,95.22969262982458,-0.35740212280701833,-165.39433768421054,-97.79333053508775,-58.62907719298247,-333.99320438596493
1852,1852,says,967.016,967.256,0.916,1.7757163875,14.932272365625002,6.1207270900312505,2.7826431165625,8.74187165625,610.6691693749999,-31.068464748900304,2.8423631295821092,-9.003947718190984,10.861520019336513,40.81051646810852,131.95599743401775
1853,1853,the,967.316,967.416,0.835,2.0155454625,17.8136899625,18.674716,4.3173355849999995,16.2782305,693.36914125,-24.867469821428568,-156.11738577380947,204.73548571428566,-141.6113544523809,-156.59850238095234,1256.0639702380945
1854,1854,Trump,967.456,967.776,0.807,3.9050166111111113,2.915408505555556,-5.495804147222222,-1.0710738833333333,17.55146288888889,732.3721516666668,120.88045794633642,15.918774401444795,-69.30367673116615,-85.19116350361199,-17.17241847265223,-233.4613070175437
1855,1855,"administration,",967.896,968.736,0.833,0.6143504137500003,11.164781833333334,23.143905166666666,-3.501813020333333,20.847141604166666,635.980275,-18.70320867493486,3.7909572085323475,8.337387156969166,-6.641809908488924,7.111207058727744,81.41229673252279
1856,1856,who,968.776,968.956,0.856,19.975914545454547,39.08830927272727,-2.8907858745454544,-14.858985772727273,33.62005818181818,689.9770636363636,0.135357272727275,60.10874727272729,-132.74693091818185,-104.81261968181822,-9.562375454545458,-982.6366909090912
1857,1857,an,968.976,969.016,0.002,19.05855,17.011984,0.09859891666666638,-11.798958166666665,21.472311333333334,474.36861999999996,-74.7154999999999,102.15182499999993,609.2878749999998,-361.82574999999986,-806.3313499999996,7646.663999999995
1858,1858,employee,969.217,969.897,0.786,4.324428886363638,22.704696729545454,20.587941256818183,-12.188002813636361,23.602023386363637,605.2825056818181,-27.641900644820293,32.09681918428471,39.70397167195208,-10.617559672304441,33.23178820648344,5.588016948555346
1859,1859,who,970.237,970.337,1.0,6.146607846818182,13.960800415000001,7.565951804545453,3.4965700354545444,8.069596454545454,719.5940113636362,74.70318715669113,80.60354409796726,-84.62812981084133,-104.4937349559571,85.20623557312254,-165.31287154150198
1860,1860,had,970.397,970.537,0.811,9.993918634,-2.94437504,-11.622602500000001,5.685823203999999,20.0876938,549.824844,-103.55924515757573,-5.6969015757575745,47.621817272727256,76.3771045212121,-248.33016424242416,-549.7312666666666
1861,1861,first,970.597,970.857,0.745,7.1614028124999995,7.975596799375,-18.28072879375,10.537283603125001,21.927481125,803.868275625,-38.471334529411756,71.5050770110294,17.1961017867647,34.66476619485294,-53.8459807352941,1369.8419713235292
1862,1862,seen,970.937,971.257,0.902,-7.927197559999999,29.272116050000005,7.415889895000001,-4.8888146699999995,28.13785135,538.8731295,61.161172037593985,11.508007330827073,48.89488418421053,-126.9488290526316,107.16945199248121,-342.74757781954895
1863,1863,them,971.337,971.597,0.896,15.698866564705881,8.263900152941178,0.02888471764705854,-0.12715517647058813,28.359043470588233,684.0566364705883,75.98618024509804,-68.94752306372548,-103.55155900735294,-84.73862716911765,9.270748039215686,1064.1520588235294
1864,1864,at,971.958,972.038,0.624,9.389361345454546,-0.9966029499999997,5.97310445,-0.8204770809090909,20.920893681818182,652.7180681818182,-44.679178780350085,-127.31552863636365,-33.221931019198195,-34.12513134556748,106.49078342744214,827.2945612648222
1865,1865,AMP,972.258,972.418,0.852,2.8117588410526317,-5.945189308421052,5.847093848421052,-9.556007452631578,19.61354268421053,501.89321368421054,-5.4206928543859645,-12.997153628070176,-54.80338672105263,-11.87238813157895,50.28421131578949,314.7476657894738
1866,1866,"Fest,",972.478,972.778,0.679,1.7480933499999995,10.937164061666667,0.6550815144444445,2.9938885214666664,10.416552666666668,674.2961449999999,1.2561270433436464,22.268800376160996,-33.58452593911249,-5.849488222002062,-41.19021702786379,-577.8553173374613
1867,1867,That's,973.157,973.397,0.864,3.5287734332258065,5.503228867741936,6.562140594193549,10.984087406451616,9.490671387096773,663.9913558064515,15.89870105443548,-15.4688192641129,-61.567418384677424,-27.48413942137096,47.774543185483864,-214.27672217741932
1868,1868,another,973.457,973.878,0.806,14.517733670833332,2.9419610262500004,-3.4382382916666665,-3.6982175516666658,35.598457583333335,746.5174416666665,-5.377783036956519,-18.39427309021739,-48.37731998260868,6.670266977391299,0.3648827391304311,1658.4469252173906
1869,1869,event,974.018,974.418,0.775,15.623609825925927,12.79014101962963,25.162566074074082,6.859338617407407,25.196322518518517,514.4795807407407,-19.237316178266184,-19.541318684371195,-51.30658000610502,-47.99607511904763,-45.232682997558015,-321.3071822344323
1870,1870,or,975.039,975.179,0.442,18.61973777368421,16.263419787894737,-2.849568213157895,-6.090749306842107,14.527654078947368,793.5414839473684,46.61205979975928,30.866020887952725,-89.45243041963015,-52.4396803598862,55.93809190830507,452.7894780063464
1871,1871,something,975.46,975.86,0.695,6.918015809411766,9.09651682647059,-1.3986221676470592,0.14300936723529395,18.026991470588236,881.6035449999999,13.454308278991594,-37.006390922077905,33.767424801375086,-23.688942984889223,54.06100563789151,362.19985828877003
1872,1872,"Republican,",975.9,976.581,0.752,16.315904630555558,11.978814469722222,10.08985651583333,-2.6844276722222222,23.703270805555555,596.3026636111113,-22.5532347020592,21.733174608172455,9.950097590797938,-28.472228866151852,-5.38587633848134,-496.98393429858424
1873,1873,some,976.621,976.781,0.941,6.17293058,3.445653385,-17.527087449999996,-7.542432989999999,23.768058700000005,594.7351550000001,155.1482884242424,-121.43554253030297,-41.05934978787877,-101.94704748484844,-0.5057572727272666,1502.8618575757575
1874,1874,type,976.801,976.981,0.952,7.5317417299999985,-2.1749609200000006,-12.7796191,-6.42101258,27.204408,821.9389439999999,118.85976596969695,-87.96158133333331,57.53181496969696,-2.083997878787874,150.85728969696964,2099.1985939393935
1875,1875,of,977.021,977.081,0.746,22.3560278,17.93958564,-4.64611738,10.744893056,30.719455,702.814452,-29.117815000000007,275.87245300000006,80.97804599999999,168.51833720000002,4.323680000000003,39.16184999999876
1876,1876,Republican,977.122,977.702,0.778,15.429149232258064,9.104618493548386,9.65385621935484,-0.34870899559677454,23.542417774193545,695.5108596774193,-18.71106433467742,-1.312275514314518,34.80471038709677,-39.518641668235894,1.2227898790322567,-162.46601290322587
1877,1877,event,977.762,978.003,0.898,11.34345511066667,16.55291336,16.805795406666668,10.163366686666668,23.7981228,471.555462,-67.61979293571429,-10.672753714285715,85.84999599999999,-42.09476725,-91.14618410714286,572.0897392857141
1878,1878,that,978.043,978.183,0.842,7.664176922222222,4.445949442222223,11.43401018888889,3.831393893333334,9.736622555555556,583.3918355555556,70.00251333333335,-7.861570016666658,-81.1792535,45.34944175000002,-0.5436991666666773,-1049.772833333334
1879,1879,they,978.223,978.403,0.76,9.975630698181819,15.602605781818182,20.828317545454546,6.192124381818183,24.704300909090907,560.7161981818182,65.67287300000001,147.78150690909095,55.12532454545457,-18.802558181818185,116.82833454545458,3032.988881818183
1880,1880,went,978.463,978.683,0.742,17.262259199999995,25.0286735,20.764915478571425,-0.5168661842857145,20.987609214285715,542.0564671428571,-72.88972716483515,-137.16791241758236,74.79891609890109,-38.63961691648351,-126.92165637362636,-2108.427054945055
1881,1881,to,978.743,978.924,0.992,6.428114116666666,23.717068041666668,20.390243666666667,-1.1773502775000002,17.32849441666667,587.238285,169.12838262237756,93.68181145104892,11.194294055944056,-59.012985512237755,174.48625262237758,1126.4364055944054
1882,1882,together,979.304,979.865,0.85,13.070553259999999,11.587718916382977,11.489708476170213,3.96028580787234,18.42718029787234,603.0884974468086,20.69834988031915,-19.204225746184093,-37.1651603622803,-6.543631642981035,29.92064627659575,-123.21038130203516
1883,1883,as,980.625,980.746,0.744,9.571885561363636,10.273738854545455,15.85937044090909,3.496855222045454,6.639821113636364,556.2599245454545,-6.796971917195205,2.5320587124735723,-0.5393312783650472,2.9815316875616626,15.902239108527132,-69.81150676532774
1884,1884,business.,980.846,981.366,0.876,5.947489955483871,32.09929009677419,18.522022874193546,17.80914530645161,11.749974677419354,543.7405416129033,1.992010946774195,-6.077143366935483,-34.71024121169355,-22.592342540322583,-52.6430675,-346.95660806451605
1885,1885,Because,981.647,982.127,0.782,6.804583564210527,8.68638947368421,7.881652027894739,4.738468462894736,15.995652289473682,669.0090423684211,30.141738698982383,7.782135197067511,-31.339277496990917,-18.56174374368093,48.85526987088303,248.3618963234489
1886,1886,Kristi,982.788,983.128,0.868,3.7360254716399997,14.8968827892,12.610776760599999,7.1336145460000004,7.19077646,586.2400418,5.5939351777527015,-0.013022570804325244,4.920259472196881,-18.124280944297723,28.671471080432177,14.024037478991648
1887,1887,Noem,983.168,983.649,0.625,16.113168465384614,10.946057715384615,-12.552336642307692,-21.388676426923077,31.824660923076923,758.3735815384615,21.067022856410244,51.93245313504272,15.221764866666653,-25.18023786153846,-31.24685709401708,217.14771247863243
1888,1888,had,984.29,984.73,0.762,9.657365085185186,1.7229759785185181,14.068308145555555,-2.8822735799999997,13.972141592592592,570.1428333333334,-2.270696460453593,-35.807163206708594,-3.8114243602439486,-16.005749492128835,39.18454202020202,-328.1300884696016
1889,1889,at,985.551,985.631,0.944,9.153564469565218,8.801174815217392,12.374946484782608,3.927584381739131,4.377973826086956,633.0611854347825,-6.088635924761023,-17.497191945420905,-23.387934376996604,2.6245280559975335,19.79250736971939,454.9324357385136
1890,1890,some,985.731,985.952,0.906,2.98420085625,9.086877675,-13.47695416875,-1.0210211475,24.979913562499995,785.85857125,151.99035272794114,-85.74976013235292,22.098971507352942,-139.96494411764704,84.91943874999998,1485.6500455882351
1891,1891,point,986.032,986.332,0.82,10.025442236842105,12.073890073684211,6.678175290210526,-13.209295710526316,20.890081947368422,591.8964263157894,-42.37636503508774,8.370465903508773,120.46080404526317,-1.2263550350877217,-26.91806596491229,-707.7017885964914
1892,1892,made,986.412,986.672,0.796,3.5573477764705888,22.15941885294118,25.607891470588235,-4.433126418647058,24.041838588235294,651.0145117647058,-95.3578363112745,-7.755523651960784,59.97674031862744,7.2046052784313686,-98.86353063725488,389.37471813725466
1893,1893,Corey,986.732,987.073,0.664,16.838918941500005,15.746156925,-14.902865719999998,-13.748442879,26.65625215,714.9176600000001,45.05050794774436,-12.590117357142859,48.26523033834587,93.83807352255643,64.64408229323308,-347.65036390977446
1894,1894,Lewandowski,987.113,988.074,0.804,6.333121498400001,20.157072468000003,3.2719971904,-5.788292234199999,25.274225339999997,676.9292674,-26.57037491995198,6.692136374069627,24.15522857363745,21.69784595589436,-12.199271104441777,-15.124361128451374
1895,1895,one,988.274,988.534,0.575,17.552851673913047,14.651467481739132,-12.677792108130435,-3.806659829130434,28.994542043478255,640.4449721739131,-23.797273987154146,-74.81345995454542,-29.37633144817192,47.34321528952567,-15.677080434782605,-756.3640148221341
1896,1896,of,988.975,989.175,0.34,11.6730294,9.379516692812501,1.1729448025000002,-4.693550865000001,13.8146281875,699.4402909375,20.38016669171555,-24.331980937774933,-34.63394056213344,-44.92977180828447,40.82540799120236,8.508132239736014
1897,1897,her,989.255,989.455,0.658,20.30510382142857,1.2754893357142856,-24.816002124285713,11.719324077142858,29.460756714285715,844.6060264285715,112.1534973076923,109.62604445054944,-46.24358384395603,48.60176602637362,25.11342637362638,1207.6903417582416
1898,1898,political,989.876,990.417,0.903,15.1413135875,22.671619729166668,0.46503632812500023,-13.805952489791666,13.409403833333334,727.3564197916667,8.79507912016934,15.614634571754227,-27.780195576829122,-56.228958870684956,30.809282354537547,205.72745720256182
1899,1899,consultants,990.497,991.378,0.912,6.2321750368750015,21.39890956927083,-1.5768478758333335,-3.879035913541667,14.727689979166668,702.2559710416667,-15.810930363574679,-9.515610727407182,12.415078987624835,20.494765646032345,9.868962931502384,-260.97056119735123
1900,1900,or,991.538,991.598,0.982,26.480380818181814,24.61942027272727,-17.00173068181818,-31.101427799999996,26.643167181818182,716.6318672727272,89.78860681818182,-13.287847727272737,-118.57463386363641,-118.89157818181822,-25.451983636363636,165.643972727273
1901,1901,something,992.071,992.371,0.951,7.053805618961283,6.77234371948718,-3.2064631397435894,1.2259596228205127,9.798292333333332,821.3763638461539,7.790553376144334,3.1794889287449393,-13.362701571356274,-23.00297900607287,37.34751920040486,-214.44529331983807
1902,1902,like,992.411,992.612,0.902,18.5063305,8.017857025,-4.218438075000001,-14.067327650000001,11.249037583333333,610.2418983333333,-70.92962167832167,22.292157430069924,129.32779931818177,150.05263388111885,-166.38788129370627,-458.3317412587415
1903,1903,that.,992.632,992.872,0.889,12.484543500000001,-0.36030543846153873,3.3933804153846157,-3.0200640153846146,6.6317242307692315,503.49539846153846,-7.732105357142858,-94.30518892307693,-28.856293956043956,-45.3808660989011,-24.801656043956047,-359.5363708791208
1904,1904,Okay.,993.072,993.452,0.571,11.78671420572414,3.233649215862069,4.765593451724138,-3.0022543965517237,19.63063172413793,772.77495,-11.142913435172414,-51.878164437931034,-34.36264809359606,-10.021175477832507,50.164475492610826,19.343394088669957
1905,1905,So,993.913,994.153,0.948,0.825942657142857,9.288885874285715,3.848252693142857,-1.968539559142857,11.7506418,629.9410525714286,34.49280888795517,3.105339549019606,-85.68901239103637,-40.70676400490195,64.89622280112043,274.3690735294116
1906,1906,"this,",994.673,994.914,0.784,8.885872744736842,13.789419560526316,9.25096237631579,-0.5444599447368418,7.6925846315789475,522.7109463157894,-24.683368184155817,8.215014877448297,15.098609387788597,15.511085375095744,23.924397538023857,-484.5994784987417
1907,1907,this,995.054,995.314,0.762,5.2581985465,21.946173555,8.737328184999999,4.923397424999999,19.458286249999997,459.71752100000003,-69.32231714473684,-53.84732118421053,-43.676318319548876,-49.72626483082708,-41.07422018796992,354.9074067669174
1908,1908,"person,",995.634,996.015,0.85,4.04401859,10.18103145142857,-0.4776678799999997,4.660711338285715,12.291844828571428,702.7249985714286,20.176723946078422,-29.873529886554604,-31.93193482072828,-8.663239676470582,48.584908627450965,308.4922875350139
1909,1909,this,996.075,996.255,0.875,7.767086699999999,15.047224441666666,12.047388766666666,2.2770198083333337,26.676957666666667,540.02311,-126.95407416083911,28.09100176573427,-78.50760069930068,18.567563688811184,-116.78656853146852,-2354.859531468531
1910,1910,employee,996.315,996.855,0.899,7.632390678666667,18.769382436666668,10.459754555666667,-16.0389394867,33.177504799999994,631.6462699999998,-27.045986615572858,28.936563745272522,60.56249594938822,-7.273692215472742,-0.02971810901000835,-152.57223537263636
1911,1911,goes,996.895,997.116,0.693,10.928144092307692,23.860067507692307,-11.61249156461538,-32.668524653846156,26.102869384615385,783.9051884615384,-62.03137315934066,85.73483131868129,-36.895519291208764,37.73446442307693,-11.970739010989014,596.65271978022
1912,1912,on,997.216,997.296,0.844,10.803071855555554,6.84249164,-13.863041855555556,-15.948605422222224,30.183503888888893,547.8227355555557,50.13082108333334,-168.55076041666672,143.6684201666667,175.17202650000007,-116.76857250000002,-2984.248200000001
1913,1913,to,997.336,997.416,0.979,-5.0105776,29.077618166666667,-6.157323476666666,11.2331304,10.794641333333331,459.74276499999996,0.9552817142857073,283.3280214285714,81.64556659999998,129.46666685714285,-0.9713885714285928,-2540.9463285714282
1914,1914,"say,",997.476,997.676,0.869,-5.864482823076923,12.665419766923076,10.234402193846153,-1.9446550461538463,21.221757,727.7910976923079,102.16438675824175,-74.0568776510989,187.67332077472523,-111.35535368131869,31.158807967032963,-768.3934313186815
1915,1915,"quote,",997.776,998.076,0.888,16.584185836,21.100861365,-12.683575979999999,-32.993305226,22.70779135,752.3028425,44.49228551729324,51.576048109022565,-96.4105521654135,-103.21245688421054,48.50831124060153,806.0960131578948
1916,1916,every,998.637,998.897,0.947,6.108506254878048,2.7257808315853658,7.368994504878048,3.158133031048781,19.072638731707322,758.1635897560976,3.8550676750871085,-16.3583335787892,-32.82031376567944,9.242466245853661,73.62201966898954,533.6665771777003
1917,1917,time,998.957,999.218,0.84,1.8045254125000003,-2.7223960625000005,-13.25618620625,-1.2691442874999999,29.9466181875,602.6583,52.48690524999999,-43.99473595588234,-44.37451377205882,-42.71370560294117,97.12486860294116,-1504.498145588235
1918,1918,someone,999.338,999.758,0.899,1.7458974951851853,17.83459127037037,-15.667110396296298,-13.66650209259259,26.12895059259259,678.6827833333332,43.15356880799757,8.484489032356535,-6.839345317460324,-24.25732996642247,21.1275340964591,-522.1461645299147
1919,1919,said,999.818,1000.038,0.744,-3.3540552499999996,9.506358528571429,1.6511008328571428,-2.265101812857143,22.890067428571427,688.0687449999999,72.35357306593404,-74.48832384615383,11.215297281318676,-106.2512756417582,37.004630549450546,1112.269968131868
1920,1920,something,1000.098,1000.519,0.902,5.309040635416667,11.165751117916665,1.8201613874999998,-6.250753366666667,18.216928041666666,611.16044875,33.47658969108695,-10.567829860652171,85.56595906739128,-16.192114708695655,67.50725415217391,-376.95327413043475
1921,1921,about,1000.599,1000.859,0.902,12.020380229411765,2.472300005882353,-14.610015532941176,-18.589736700000003,7.452454,469.7626735294118,-8.970079436274506,-76.0326488357843,-29.44633157598039,33.37994083333332,-48.89038223039216,-352.53261519607844
1922,1922,how,1000.919,1001.099,0.918,12.494280350000002,-4.577388725,-13.968447266666667,-8.892991083333333,25.545820333333335,531.1107808333334,146.7799636013986,128.4067268356643,-128.13344146853143,-239.12372178321672,97.47701468531467,-798.8728024475523
1923,1923,Christie,1001.219,1001.84,0.728,0.7697671756756763,19.25458955945946,3.9612732108108117,-0.25065657702702726,17.042373594594597,609.6961921621622,-14.065946237553346,65.54428209103843,90.80098113205312,13.69925542792793,21.096889758179234,188.38957029397818
1924,1924,would,1002.18,1002.4,0.753,12.892868014285714,13.962142807857143,19.868246844285714,1.7487185857142862,14.366548750000002,661.2698224999998,65.39782630815544,6.5393899816639305,-13.646929423097971,-30.660914972632728,70.08439467706623,-290.42292952928295
1925,1925,be,1002.44,1002.581,0.874,7.728573877777778,25.380832333333334,30.04363911111111,0.569791466666667,32.87516544444444,596.8257699999999,-94.02093475000002,-28.421987500000004,32.07465916666668,-202.00768558333334,-24.37106500000003,2019.2577333333338
1926,1926,a,1002.641,1002.681,0.503,4.0315786199999994,17.80367228,3.87884492,3.7274241200000007,12.0997226,631.326122,-102.62451499999999,320.9920630000001,-238.0376185,293.45904700000006,-453.9542450000001,-6707.314400000001
1927,1927,savior,1002.821,1003.381,0.88,-3.1863787805714288,11.730228982285714,9.180192937828572,2.5795128959999998,26.749531028571425,724.094717142857,49.382390001680655,-21.853987099999987,46.021028843977575,-0.5281601677871107,35.15060037815124,213.41346246498574
1928,1928,to,1003.441,1003.581,0.876,1.0202955800000002,18.9803091,8.72317662,-0.7885831999999999,13.770271600000001,587.6555369999999,87.52512490909088,24.246391818181806,-40.92549618181817,-32.54390145454544,55.442730909090855,1845.2984272727263
1929,1929,the,1003.601,1003.682,0.813,10.572891799999999,13.147557520000001,7.281970599999999,-3.5138192599999996,12.918592,691.82864,76.15653000000002,73.764837,128.10700400000002,92.83379049999999,-485.0493200000001,-164.97949999999938
1930,1930,conservative,1003.762,1004.442,0.886,12.649756560526317,10.221362034210525,0.276578615,5.350103858421052,22.787743894736842,690.1790236842106,42.073821373782685,-5.5319146137432975,15.65589100475982,5.506012560126926,29.40450748440749,4.335791005580414
1931,1931,"movement,",1004.542,1005.203,0.9,15.52334820263158,24.92828653947368,9.55135279736842,-13.612349400000001,29.92514960526316,682.702782631579,-19.858032435167964,-40.91695634916293,31.53791182350367,31.411630026698763,-31.995665362731152,-511.55936098041366
1932,1932,someone,1005.623,1006.044,0.794,-1.892149926190476,8.480751324047619,-0.40545389285714317,-6.982990483333333,17.32806419047619,752.5752807142857,15.99477423199092,3.596017096548091,-48.464873587634706,-55.95589681751883,55.59656444372416,-60.59911631958509
1933,1933,else,1006.224,1006.404,0.982,0.9507711483333333,4.218591317777778,-16.323320988888888,-25.972673455555555,22.202985055555555,745.4382877777776,-61.94414170227038,90.94186784313726,-121.38761991744066,-85.86072926728588,6.790520588235285,-123.65905985552119
1934,1934,would,1006.464,1006.644,0.879,2.3480167999999995,26.96279166666667,0.18106780416666654,-9.924694816666667,20.69729308333333,622.6977733333333,-17.801011608391583,-21.94345594405594,82.9689679632867,92.07938188811187,-45.96569982517481,-2046.0673706293703
1935,1935,"say,",1006.724,1006.964,0.815,-6.664353408124999,13.39711991875,8.126611125,-2.44631385,25.807548625000003,762.8380525,78.80529069338233,-60.10172622794117,122.92733067647058,-133.9525297058823,115.41279823529408,-91.47967941176454
1936,1936,"quote,",1007.125,1007.485,0.854,17.144690953846155,19.73123925384615,-7.3386514115384625,-28.89013696476923,17.244312307692308,695.6841242307692,38.86650370598289,27.692783316239314,-85.0422060153846,-68.35095829531622,-1.6792881025641038,1071.307522564102
1937,1937,"right,",1007.665,1007.985,0.785,16.041249188,5.2696942159999995,-4.780864756000001,-12.19696794,22.792481319999997,843.8403324000001,-91.2978686,-59.03060916538461,49.86289501923076,1.9644099538461546,-36.156796038461536,-339.04108846153844
1938,1938,the,1008.346,1008.486,0.89,4.523282864,12.364718424,14.194496632,4.650134476,5.08743988,531.445736,-5.785042815384615,40.48469920769231,-40.39776403846154,-0.29867772692307787,31.784374999999997,-143.80795038461534
1939,1939,savior,1008.586,1009.166,0.782,-2.7701059529411762,8.751806902647058,11.813884589411765,5.061356995000001,30.06688255882353,684.8262397058825,58.48949230863253,-15.517595996256679,22.170509785485102,23.92649272734911,31.575429465240628,-333.41922864782265
1940,1940,that's,1009.226,1009.467,0.882,2.5958847884666665,8.251905299999999,1.0430580666666667,3.7650418666666665,19.154872533333332,665.7932933333334,-87.18494706446428,2.0583564107142784,-82.0846725,-43.05646673214285,-110.12899785714283,-761.601832142857
1941,1941,fucking,1009.567,1009.987,0.851,-0.8324941933846153,10.38858208846154,-4.994791673076922,-15.0926296,27.324682153846155,612.5535473076923,20.68310581764102,-6.057229075213675,48.679622121367494,-60.60621904615383,44.684577059829046,-287.685925982906
1942,1942,Cora,1010.027,1010.347,0.673,13.151094861111112,12.641493301666667,-17.9804301,-18.939393966666664,32.71834322222222,860.0805244444444,10.401851470588236,-101.57710641124872,-37.6682804127967,105.10529720330238,54.822170381836955,1430.5546109391128
1943,1943,Lewy,1010.408,1010.708,0.451,18.042001944444447,27.686372777777777,2.6553128277777778,-14.116553500000002,34.502805388888895,560.3201583333334,-19.307815531475747,28.887738080495353,114.5525938028896,42.06865163054697,-8.790807894736847,-279.3198364293087
1944,1944,Dowsky.,1010.748,1011.208,0.8,3.63194276,9.9808387,0.24804036399999987,-2.9049298500000007,7.203065280000001,701.4843528,-55.96956921923076,103.36059687692307,33.67637025384615,24.233589596153845,-56.78227680769232,-157.842921153846
1945,1945,And,1012.469,1012.589,0.909,0.1265295330434782,0.272280460289855,1.0682057806956518,2.7914083985507245,13.34573556521739,746.8572575362319,-2.257403293496529,-22.748962944026303,-0.0947391413774202,-1.4460609828279127,19.780033796127146,177.31914210814756
1946,1946,"quote,",1012.69,1012.99,0.679,11.374284884999998,7.033550674999999,-22.44903885,-34.369898305,18.505201200000002,910.2890169999998,12.405326845864668,30.738767492481205,-101.41527770676693,-99.72593983082707,-22.05092015037594,255.79967368421046
1947,1947,baby.,1015.672,1016.133,0.983,1.9377248409493675,0.573335975949367,1.4489294641139248,2.2210295008860754,23.66271927848101,749.595694050633,1.6999628297208977,1.1017297612902532,8.850742059388397,-4.087964491463566,-5.915057026069467,65.83210226375539
1948,1948,It,1017.535,1017.615,0.772,4.662688630945945,11.772223958108107,19.725712574324326,-2.087782799108108,8.403981175675675,750.8015029729729,-2.99939839195113,0.7120612763420952,2.160542378008146,-2.126223152656055,4.3194045575712705,-82.87553562384305
1949,1949,is,1017.755,1017.895,0.744,-4.154563987742857,8.542301673571428,8.049675114285714,-8.082559742857143,36.661084,624.3113135714286,28.67240356057143,96.57303020109887,-87.04262610989011,158.4902361318681,-201.06260285714285,-86.98521868131867
1950,1950,a,1018.115,1018.175,0.723,7.4720734235714295,0.8625761357142847,-9.047163646428572,-8.096187235714286,13.64653685714286,623.2832014285714,29.920422757142845,-142.90182306593405,-59.86533048901097,-57.365074274725266,83.45856197802196,-198.66785934065913
1951,1951,hot,1018.296,1018.596,0.98,-1.903719163333334,-23.598239000000003,-9.584531471428573,-2.6904466523809525,23.631074238095238,732.3346557142858,34.927836696103896,-5.811555844155842,-79.86217294805195,-76.21731314285714,47.84975837662338,1368.3307655844155
1952,1952,mess.,1018.896,1019.216,0.946,8.303025046129033,2.633865306451613,15.185236218064517,0.16021460967741935,13.953587032258064,590.2822658064516,-47.39664854939516,-7.206863209677417,-13.809235950403224,-23.489770659274186,-15.94957943548387,369.09720040322577
1953,1953,I,1019.536,1019.596,0.693,3.9220940073684214,1.43504649631579,2.8003278473684206,6.2149500368421045,9.979813736842106,567.5631336842105,114.4697225526316,-54.50529312982457,-121.7875099912281,-67.87512707894739,109.74496377192982,-636.6824824561404
1954,1954,went,1019.636,1019.816,0.82,15.954944981818182,-4.892233381818182,-9.334072209090909,-19.579632690909094,38.749025090909086,926.4779118181818,-148.22158550000003,-272.9736430909092,120.74326954545455,80.88881222727275,34.29244090909091,2017.4345772727272
1955,1955,over,1019.897,1020.037,0.716,11.711419927272727,-2.4432997427272727,-22.78249276363636,-22.072795036363633,38.87483881818182,1008.9333063636365,44.32102236363637,32.23631451818182,155.9124827272728,232.9531160909092,-17.351774999999993,1404.6837045454552
1956,1956,to,1020.077,1020.157,0.71,10.672089666666666,-3.3383352,10.096671416666668,1.7469054433333333,35.71042033333334,1225.8823166666666,-42.62242571428568,105.07973571428575,122.82512500000001,-127.70976088571429,-26.7218457142857,1166.5047142857138
1957,1957,Kristi,1020.197,1020.557,0.728,2.92045964,14.878275042000002,10.420334381,2.2625392050000004,23.81789245,549.034673,-26.38649181654135,77.5312280526316,119.64964417067671,-36.3657032443609,34.582143872180445,-1278.8861203007518
1958,1958,Noem's,1020.597,1021.598,0.572,9.106794334615383,9.296987672115385,-3.4081726526923077,-10.556446173076923,17.816854115384615,638.3084511538462,-9.704669216255441,-10.746082747225305,1.6306067717493389,22.501736097583883,-25.316873601980706,-346.0543262614189
1959,1959,Twitter,1021.678,1022.038,0.93,10.329019986363635,4.014655927727272,-12.00204154090909,-2.651825518181818,26.264034272727272,825.8107131818182,65.6143002343309,-42.35608512224732,-32.56779055618295,59.5264813777527,89.4744792772445,1722.4115000000002
1960,1960,account,1022.078,1022.438,0.863,8.810751085,-3.9538973950000007,-2.28131757,-1.5346263900000006,14.84359355,700.770544,29.0623897706767,-10.571210793233085,-129.41315387218043,-42.153000939849626,64.49613492481204,-928.1307383458645
1961,1961,to,1022.698,1022.818,0.828,2.132718463157895,12.674777636315792,9.654495389473684,7.802918033894737,5.082437368421053,616.0062542105262,-27.29784395614036,99.47140669561406,24.20894412280702,22.478373828771932,42.350285526315794,-696.5221728070176
1962,1962,see,1022.878,1023.079,0.964,-11.421729504615383,28.357569307692305,23.87399316153846,0.43783365384615347,25.481023769230767,553.5877569230769,88.56790016483517,-25.329964835164834,211.13920939560444,-209.79116299450547,178.18548873626372,-1037.9724175824174
1963,1963,if,1023.179,1023.239,0.952,-1.7968925875000001,14.58778995,25.463815000000004,-12.8082672375,32.7077375,847.87444,-36.536856273809526,6.520699761904772,-66.16510238095238,48.280403273809505,-67.15750952380954,6506.769416666666
1964,1964,she,1023.339,1023.639,0.688,-21.22375899,29.345863100000003,31.347152824999995,-17.1130877,35.35634575,490.06964500000015,112.20438693233085,30.49770060150376,100.60812094360904,-10.103218270676694,-10.058668533834586,-1050.0488218045111
1965,1965,"was,",1023.999,1024.479,0.915,11.17858203809524,17.75577374761905,1.7445315547619054,-7.778613293642857,20.937875595238093,767.0097688095238,25.050548166275014,1.5615300826513239,-52.88528479013044,-9.663580023867594,39.46455459444128,-0.044206101612515
1966,1966,you,1024.88,1025.02,0.937,4.973555494944445,19.205236955555556,14.965181227777775,8.640442092592592,9.996852222222222,633.6784196296295,40.233839435866926,-45.594666626984136,57.981123095238104,-47.84357985042735,79.00150161782663,69.02941422466417
1967,1967,"know,",1025.06,1025.22,0.914,20.072808600000002,5.507207439999999,-19.302462,-18.44417982,32.897527600000004,637.841119,20.86481454545455,149.56102666666663,-335.03072727272723,-338.314022121212,32.330939393939374,2075.206421212121
1968,1968,adamantly,1025.7,1026.24,0.801,5.828061765686273,6.597690057960786,7.037593202745098,-9.881926385098039,25.2749881372549,612.4962409803921,-4.445742826425339,21.768649210316745,29.9924651521267,-5.0704692153846125,21.654606316742086,-41.71654859728508
1969,1969,coming,1026.321,1026.641,0.943,8.5848080105,3.8420362900000002,2.09051906,-5.521043725650001,30.114762000000002,805.232663,18.144248085338344,-20.131442894736843,50.21796054887218,13.189168264774441,54.15784248120302,94.36427969924813
1970,1970,out,1026.801,1026.921,0.962,5.033049778571429,-11.493522757142857,-16.97093490714286,-15.235123915857143,27.975643571428574,801.4113992857141,53.957504692307694,172.3615426153846,-116.86395005494505,-214.42151082791204,-97.65613978021977,-7.278330769230937
1971,1971,to,1027.241,1027.401,0.967,2.7410854150000006,13.02607029875,8.9870786,0.8007838691666667,8.0470055,534.3525458333334,-0.041097620000000896,58.27820811847824,75.29074498260867,26.465208216956523,65.93589543478258,-410.3114686956521
1972,1972,deny,1027.481,1028.102,0.904,7.138195380428571,-4.218508715714286,8.310747094285714,-0.629994264857143,32.60903342857142,561.3323282857143,-14.577683848459376,-78.46666685574226,-48.83024312605039,-31.99195107507001,3.105387647058823,364.20676960784294
1973,1973,this,1028.222,1028.422,0.891,2.1664048249999994,19.4427680625,15.180008449999999,8.982977601249999,21.4352109375,774.0555906249999,-75.28439502941175,48.36822963235293,-106.68466858823528,30.20771634558822,-87.07344669117646,182.49621102941148
1974,1974,article,1028.682,1029.082,0.85,15.64131373939394,8.311163874545455,-20.342881376060603,-8.740212416060606,17.700837424242422,749.0591075757576,26.94215443516043,43.58444207620322,6.46398979144385,-27.534610717078877,-9.200737165775397,573.6820965909092
1975,1975,at,1029.482,1029.563,0.688,9.284160660833335,6.408418299166667,7.507721464583334,2.874620935416667,5.210391166666667,572.0492083333334,3.018740527391305,-59.096832921304326,-24.426197107608687,4.214625241086956,38.06474282608695,-600.3258534782608
1976,1976,the,1029.603,1029.703,0.832,16.611686657142858,16.697768814285713,8.544453200000001,12.17766782857143,25.376245,524.9186014285714,120.42588714285714,151.65189267857144,137.14422321428572,170.33544642857146,137.10089464285716,-2453.094892857143
1977,1977,very,1029.763,1030.063,0.828,7.853367616666666,-1.4523166444444446,14.323045299999999,13.770952477777778,33.38843827777779,963.0698883333332,5.994056805985557,-50.11702111455109,-0.7753981940144397,39.40324495356038,36.78383214654282,-1509.5903183694536
1978,1978,"beginning,",1030.123,1030.763,0.769,0.653193501142857,14.208885874285714,27.489079742857143,-9.424379792571427,32.56121145714285,489.1285851428572,-3.859899607843133,-17.378455254901954,-14.545463165266101,-14.602446277591033,-10.883831008403359,-4.148957563025195
1979,1979,the,1031.083,1031.184,0.912,7.0835013714285715,12.35201453809524,19.904069971428573,5.9693068857142855,5.665294761904762,511.40584714285717,34.942876675324676,9.01944579220779,-2.2240753896103906,32.20726633766234,57.61019681818181,247.86824285714286
1980,1980,daily,1031.204,1031.524,0.868,8.539779923529412,10.518143347058825,12.520010320588234,-6.2096358647058825,29.958779058823527,521.9822888235294,28.918351691176465,4.251329607843137,7.3551538051470615,-13.532937500000005,-63.4241932598039,1156.086568627451
1981,1981,bet,1031.564,1031.764,0.873,8.741087566666666,1.782030765416666,10.828820300000002,-12.458521746666667,25.759031583333336,399.1827908333333,-30.31877255244755,-101.01697324912583,-97.2718364335664,-180.63808076923075,-51.948213111888116,5.142935314685341
1982,1982,at,1031.864,1031.924,0.906,12.3679360125,2.8257578687500002,4.77877571125,-8.835173300000001,0.0,457.72195249999993,104.18869124999998,127.82429217261904,230.74754077976192,87.50604202380951,0.0,-346.89004761904755
1983,1983,the,1031.964,1032.044,0.88,13.955308666666667,15.67618,5.45829685,4.027783855,21.430857999999997,647.0964316666666,56.98414285714284,-41.81103428571427,-11.850653857142836,176.36543144285713,-32.65532571428565,-3183.3043857142848
1984,1984,very,1032.084,1032.304,0.918,6.5903309861538455,-2.243305207692308,5.059061807692307,12.878047223076923,35.20087869230769,929.6120469230768,31.885866489010986,-59.931634203296696,-103.6496968956044,63.93581030219781,31.386773626373618,-569.9858049450552
1985,1985,beginning,1032.344,1032.684,0.864,9.261604715263156,5.757953366842105,26.21422542105263,-4.772744484210527,34.85614773684211,510.8413936842105,10.037254178947366,14.997429258771934,-41.364969035087725,-31.921278807017554,-5.112089122807016,-553.0046798245615
1986,1986,of,1032.744,1032.805,0.8,7.1978824999999995,1.024305783333334,-11.234314985,-18.853110666666666,21.987801833333332,962.2684833333333,81.67432142857143,245.43081299999997,73.85453207142858,53.31920285714286,-380.6084985714286,-5004.99357142857
1987,1987,the,1032.825,1032.905,0.833,6.9307623000000005,-3.31678548,-12.97943328,-27.250269799999995,0.0,737.531538,-32.44580750000001,-355.391538,-243.18164600000006,-388.46427000000006,0.0,2724.7549000000013
1988,1988,"article,",1033.005,1033.285,0.834,13.171760315789474,-1.6688639789473676,-20.445972473684208,-7.922367168421053,27.39337242105263,972.0518415789472,13.00098236842105,135.0444433245614,38.58353377192983,6.709320964912283,-30.719093245614033,-18.39679736842105
1989,1989,the,1033.345,1033.425,0.833,11.56702482857143,20.727436571428573,9.992030614285714,1.2667961,17.379779142857142,600.9841428571428,-33.148836071428576,-115.9681982142857,353.1331869642858,113.10413803571427,-324.56224107142856,-3851.326714285714
1990,1990,Daily,1033.445,1033.725,0.874,7.747500586666667,7.97923138,18.193603746666664,-10.380243610000003,32.9144832,674.0032906666667,63.50113930357141,31.19068944642857,-46.7281425,-3.1461769732142875,-3.269235714285723,-57.705285714285615
1991,1991,Mail,1033.765,1034.025,0.876,6.2452611613333335,8.594975600666666,0.16956759333333302,-19.430997440000002,33.41700993333333,634.6743693333333,26.36667026964286,-18.360945416071424,-113.50582607142854,-105.77261764285714,-7.197881607142862,2003.6745517857146
1992,1992,makes,1034.065,1034.245,0.842,-3.450829227272727,13.580007118181818,16.13572728181818,4.4464463027272725,11.585127454545455,608.6357554545455,-172.5516365,73.46314981818182,-97.69717504545457,126.56226715000001,-202.74425500000007,-1097.1320590909095
1993,1993,it,1034.325,1034.365,0.979,2.74233842,22.427642833333334,25.389050733333335,7.00762165,14.673357666666666,398.045165,63.41609788571427,2.672021428571424,177.42449714285712,-146.90886985714286,-379.5758085714286,207.69001428571445
1994,1994,clear,1034.406,1034.686,0.877,6.934231255,12.399461196874999,7.835486950000001,-7.82221257125,26.478894875,723.204169375,22.190045408823522,-40.273016356617646,40.555512147058806,32.85057305735293,-7.965757647058812,-130.4498169117648
1995,1995,that,1034.746,1034.966,0.884,2.317452839285714,-0.7521693928571429,14.430281500000003,-10.772227642857143,17.521096142857143,691.8150099999999,-32.31214089560439,-87.0577021208791,-62.092751318681294,-117.75098758241754,22.565571428571435,784.4702769230765
1996,1996,they,1035.386,1035.586,0.819,5.578444227096775,9.456790383870967,19.33706641935484,1.7301795854838706,9.915759548387095,638.1385919354839,36.18618508750001,29.275999151209675,19.938823407258067,-4.632952760080643,62.168962157258065,488.00698850806447
1997,1997,reached,1035.626,1035.926,0.819,-1.926059005882352,23.652197588235293,22.280950029411766,-4.471472729411765,20.587385176470587,636.8441623529411,-190.37090827205884,52.54579399509803,-2.1358781985294133,-72.47174916666665,-119.92219779411765,1209.2249289215686
1998,1998,out,1036.047,1036.167,0.873,9.548116025,-14.72516826666667,-16.90206686666667,-12.327297150000001,25.4044895,884.4367375,37.8724070104895,75.57488293706292,-92.227492027972,-45.16766283216783,-165.2990087412587,1402.175865384615
1999,1999,to,1036.227,1036.367,0.987,4.24595263,17.46367195,1.2053396199999993,5.556049054000001,10.0323744,467.288389,49.93322112121212,130.74966839393932,176.8695684242424,120.9277705151515,29.33197575757575,-1924.7651060606058
2000,2000,the,1036.387,1036.467,0.744,11.5990582,16.9721886,23.488051399999996,11.353193120000002,18.7247396,294.27652,56.537485,-46.316690000000015,274.03509,-107.93921700000001,-472.098515,339.1943500000002
2001,2001,two,1036.527,1036.707,0.937,8.374282074999998,28.75665066666667,-2.1914153666666665,-14.665161658333332,23.903814666666666,696.5493483333333,163.42995784965032,75.73123496503494,-156.86120814685316,-220.34326344405588,193.4377143356643,528.4224195804197
2002,2002,of,1036.787,1036.847,0.8,19.02964042857143,16.194455428571427,-10.549136599999999,-5.601716400000001,31.44308571428572,453.45098,-21.240221428571417,101.53019285714285,255.96438642857137,339.9764833928572,-33.67280535714284,-3606.4771249999994
2003,2003,them,1036.907,1037.087,0.944,13.216835949999998,6.116304791666668,5.597743160833335,1.9054361450000001,25.373302750000004,712.5455316666666,35.98268583916083,-158.83453026223773,-49.21011832342656,-165.00214118531466,102.25421835664335,2170.159569930069
2004,2004,for,1037.167,1037.287,0.993,14.59916373,12.267805149999997,-10.125210543,2.7958151040000003,14.577524399999998,710.114414,82.10498899999999,-31.020919545454536,-196.93157914848481,-26.456372230303018,57.76679878787879,-3327.861684848485
2005,2005,comment.,1037.347,1037.828,0.778,10.587884918518515,0.41507221925925886,-0.18930009629629646,-0.5318522111111113,15.599138333333334,572.7719059259259,11.266835143467649,60.21710242490844,64.22464225885228,-23.320821501831514,-30.693177472527484,-186.52570512820517
2006,2006,And,1039.469,1039.549,0.956,1.877380053593023,12.209634556895349,15.795287797674417,7.224188591860465,3.1640370000000004,633.2377653488371,-4.265178354449267,-2.7261117015731875,-0.6488200270767489,-7.122089630218407,8.437741936883816,14.991341317986695
2007,2007,neither,1039.609,1039.869,0.968,15.58066746875,22.21163453125,8.1936341375,-12.66776940625,33.7710625625,517.299093125,24.687393786764698,2.873600330882355,-193.02063732352937,-111.58059986029409,-4.2557277205882365,1671.7786713235291
2008,2008,one,1040.009,1040.129,0.673,13.592096184615384,7.770794915384614,-15.404883663076923,-16.448694415384615,33.44012346153847,844.528473076923,-86.09199989010988,-189.75089038461542,69.48451986813188,76.83162445054944,2.6812912087912104,-747.27178021978
2009,2009,has,1040.169,1040.429,0.877,4.098141553333335,0.8378994266666672,3.5099710199999996,-7.792479593333331,22.650855266666667,566.2132266666667,-46.152848446428564,83.81327626785713,-9.644520714285697,78.95115398214283,-129.84927839285712,731.1526607142857
2010,2010,responded.,1040.489,1041.13,0.877,9.07514175485714,9.277947614285715,6.129830395142858,9.60812175142857,16.2174896,662.631262,22.747390449299708,-39.66503432352938,-7.135603843557417,-49.334882236694654,-19.822048795518196,-499.82238823529394
2011,2011,And,1041.41,1041.49,0.872,4.051023394444445,8.470065194444445,16.8148385,7.088664367305555,8.383479,489.9406561111112,77.60128908668732,23.927998550051605,-10.196694478844169,22.07322957830237,85.94975552115585,-0.8881480908151965
2012,2012,so,1041.55,1041.67,0.928,1.7910840333333335,21.154528555555558,-17.34499203333333,-7.593431666666668,17.42263966666667,667.5689077777777,343.9949600000001,-205.4923108333334,-206.82585083333333,-362.53047166666676,253.63067250000003,3707.2013250000005
2013,2013,I'm,1041.73,1041.85,0.728,18.023998888888887,-10.408316655555556,-13.602423333333332,-19.888106000000004,32.92168755555556,865.5570033333335,35.54660916666667,123.68859291666672,211.1424766666667,3.872287499999995,29.85620666666668,-874.4744416666671
2014,2014,looking,1041.87,1042.15,0.864,12.677644073333333,9.86924237333333,3.3237635599999993,-16.151096319999997,29.24589986666666,788.6177653333332,-32.57211308928571,-67.11763932142856,128.3999052142857,62.63100923214285,-0.5866635714285711,-2087.8627553571428
2015,2015,over,1042.27,1042.471,0.886,16.03698285294118,10.375063376470589,-20.128448294117646,-22.036337245294117,26.419043764705883,874.8359447058824,5.915856372549021,-68.15558743872548,-28.820196813725495,117.80536487132353,-87.1416699754902,552.5988970588236
2016,2016,on,1042.711,1042.831,0.688,17.355519833333332,0.007166883333333127,-12.916194061111112,-14.03710343888889,27.904936055555556,786.6342783333334,-25.64016713106295,-54.272306609907126,126.42065824045412,103.77793687822498,51.06861914344685,936.1710056759546
2017,2017,her,1042.971,1043.291,0.602,17.61190281304348,-4.290470713043478,-21.11454671304348,-1.0236199047826087,29.84395947826087,876.0231082608693,47.89132217391303,2.5049514179841883,-65.02832329545453,-40.651954705039515,-15.27715899209486,472.6672618577074
2018,2018,on,1043.731,1043.811,0.917,12.075161066153848,6.091350632307694,1.4997353676923075,2.4455423884615377,11.846578192307692,773.3963919230771,16.753955483760677,17.705167876923074,-6.874351281367516,-41.46915792307691,70.394068017094,231.51075059829054
2019,2019,her,1043.871,1043.991,0.817,23.620880333333332,4.613826048888889,-23.728898777777776,-0.43858549111111106,23.244776444444444,746.52454,115.03743583333335,73.55605616666668,-141.81809083333337,-16.767097400000008,-186.53803083333335,-2188.0243500000006
2020,2020,personal,1044.112,1044.692,0.95,8.244774925714285,7.0539130071428575,-19.55020749617143,-8.192537533885714,23.83424934285714,794.4923711428571,19.94827426890755,40.980803410084015,5.570283049103639,-61.98228259361342,41.965481484593816,453.90746624649836
2021,2021,Twitter,1045.45,1045.73,0.917,9.638970829803922,9.964127587843137,-6.589947219019608,-10.376807407254903,17.154411823529408,829.1239450980391,0.3424285801809946,-21.169536146108594,-12.286068996968325,28.812107346606336,22.646592941176472,183.93772742081453
2022,2022,account,1045.771,1046.071,0.854,9.013353274444444,-3.6553658444444443,-7.614684246666666,-8.269194778333333,29.01703216666667,813.7499183333333,11.137473852425188,-23.931878421052637,-102.34096996904027,-44.816681227554184,8.471930804953567,-638.4220892672859
2023,2023,and,1046.211,1046.331,0.977,6.45122323923077,-7.113698359230768,12.726193292307691,-11.419247007692308,22.325846923076924,438.16653846153844,28.340696829670325,6.578576148351651,84.88066796703296,-0.3018408516483481,-0.3067549450549322,-316.20856043956036
2024,2024,her,1046.391,1046.531,0.788,16.01200623,0.40555504000000014,-13.90193487,14.185745849999998,31.390400699999997,761.1564510000001,104.58563227272725,81.89937230303029,-129.61883045454542,56.21959893939394,-22.46506878787877,363.3886090909088
2025,2025,governor,1046.631,1047.132,0.878,19.245129266666666,5.186734222666668,-13.267223590000004,7.621629353333332,22.068751000000002,729.9193393333333,5.77112725250278,-5.864553042936596,-6.951634401557283,58.07841053837598,-24.21508832035595,-451.0510998887654
2026,2026,Twitter,1047.372,1047.692,0.837,13.92279652928571,7.754857389285712,-3.8769665989285715,8.033534882142856,12.23190225,803.6074303571429,47.4897045821018,-15.175906159003832,-75.74421691611931,22.489400140941434,59.19945225779967,502.44227627257794
2027,2027,account,1047.712,1047.953,0.974,14.64298846923077,-2.463824492307692,-4.668506230769231,3.1695668538461534,4.138149615384616,621.7330461538462,22.951852774725275,-86.15750184065934,-117.58444164835163,-21.550029972527472,7.361267032967039,-1249.4476895604396
2028,2028,and,1048.233,1048.353,0.785,8.4465991425,-2.9747383335000004,10.888840065,8.307664597999999,12.4193578,627.6279380000001,65.23712058458648,-21.814441589849622,-9.31964492105263,-51.619099351879704,113.95996353383458,-26.211540601503895
2029,2029,I,1048.493,1048.573,0.927,2.1119299075454547,-25.027398427272725,-10.381776827272727,3.3850805909090904,35.27377227272728,605.4495790909091,-26.08664118954546,76.51412113636367,-45.83307850000001,-75.29759477272731,14.077985909090929,232.9765227272727
2030,2030,at,1048.893,1048.974,0.668,4.8325905585,-4.205626945,10.900830977750001,-3.4889369555000003,14.627182649999998,612.5316104999999,40.92117855827068,-39.94740273308272,-34.43369662387219,4.02419965150376,-42.47745582706767,-313.1456124060151
2031,2031,the,1048.994,1049.094,0.888,9.522786366666667,12.442020366666666,13.0908675,-7.395602966666666,10.550479000000001,366.46965500000005,95.0948928571429,131.96030714285712,77.0630357142857,59.063304285714295,-361.8344657142857,389.6253571428573
2032,2032,time,1049.134,1049.374,0.886,2.828801607142857,-8.842824692857144,-11.967389557142857,3.7376409785714286,30.092269285714284,818.9493107142856,95.1014446263736,-135.89174836263737,-36.57369654945053,44.74063407692307,88.63667736263734,1830.8276274725276
2033,2033,when,1049.434,1049.574,0.794,17.015517499999998,5.090365299999998,2.45147618,-7.82374477,32.3818385,709.862108,-5.07726696969698,-91.0040255151515,165.27033078787875,13.592687484848488,-7.646972424242424,140.11609696969686
2034,2034,I,1049.694,1049.774,0.75,1.88127651,-17.04046323,-11.2855592,-13.68408783,35.880746599999995,874.0640960000001,-14.322172103030303,129.58029572727267,30.38409563636363,-104.43611627272725,22.602238181818187,1090.8253454545456
2035,2035,looked,1049.834,1050.155,0.914,9.288977210526316,6.95019262631579,-6.261078242105263,-25.00209030526316,25.803532894736843,786.9470942105263,-18.318539000000005,1.503573991228073,7.331650578947367,61.068940596491245,-128.32465736842104,-189.18556140350876
2036,2036,there,1050.515,1050.715,0.746,10.423039060714284,8.835042531071428,11.323733892857144,6.871637407142857,15.00532317857143,583.2169250000001,55.92466770771756,-14.526689786398466,-39.266162753147235,-39.031980985221686,89.02462759989054,-200.19970114942538
2037,2037,was,1050.755,1050.895,0.84,11.531462576666668,27.241708111111112,-4.731156744444444,-1.920797833333333,17.534578777777778,800.6624244444444,-186.31000810000006,200.55783750000006,72.17045808333334,484.42689166666673,-268.16272916666674,2718.9912833333333
2038,2038,nothing,1051.035,1051.436,0.861,9.554824435555556,13.236599264074075,7.476726462962964,-9.121771825925926,30.561623148148147,506.53939333333324,-20.33562924603175,11.680625380647134,-1.0532994658119659,-19.287263730158735,-14.292043345543354,-179.46105891330896
2039,2039,said,1051.556,1051.976,0.851,-2.173572155555555,11.919874085185189,14.464165234074075,-4.4374431148148155,21.709460148148146,605.2160685185185,53.42951339133091,-54.73768225885229,57.50854625824178,-74.33033194444447,43.24565924908425,-629.5471230158732
2040,2040,from,1052.577,1052.757,0.792,9.641369530769232,8.190145220512818,11.309244461538464,3.497404616410256,6.346212333333334,726.074417179487,21.140040982793522,2.3511167753036437,-52.568383886639694,-3.981218779352224,36.0516645951417,631.3389153846155
2041,2041,Christie,1052.857,1053.278,0.67,4.300631190384616,20.021166938461537,9.278187676923077,-0.0647104807692304,17.60551873076923,619.230335,-37.313423181709396,52.3761330153846,103.21450318632476,-15.621216227350425,50.00486063247862,-1024.5409239316236
2042,2042,known,1053.318,1053.718,0.69,20.781522340909092,16.33285865909091,-9.72476281818182,-19.02447456818182,30.547154727272723,640.0762131818182,15.603051369282891,86.31682140316207,8.200265183512151,-24.625699618859404,-19.366235177865615,415.40690824393
2043,2043,about,1054.198,1054.539,0.882,15.991791841463412,7.991983037317073,-3.8275868956097563,-13.69099828487805,12.122445658536584,685.034032195122,7.948388283972124,-37.33337306358886,-71.52203839947737,-50.92051462264809,35.93104347560976,409.68009416376316
2044,2044,this,1054.759,1054.999,0.828,8.842499152173914,24.11703965217391,14.143531233478262,3.6164907521739136,13.343816869565218,485.80209130434787,-75.54905064229247,30.35023527667983,42.73494598616598,99.95896469861655,18.396014970355726,13.894781620553543
2045,2045,Daily,1055.219,1055.58,0.924,8.127986127586206,19.81065958206897,12.634008887931035,-1.2489604620689654,24.671497068965515,564.5091565517241,1.247434830049258,-14.423033423152706,-3.273283481527096,-44.75373745320196,52.03037024630541,-294.50904778325116
2046,2046,Mail,1055.62,1055.92,0.84,15.718317270588235,6.308481439411764,2.7102890705882356,-24.811824723529412,32.86433388235294,579.298904117647,50.32839208333333,-35.706951493872545,-184.8032542892157,-226.0719807352941,32.935710416666666,1543.3416899509803
2047,2047,article,1056.12,1056.501,0.823,22.189955379310348,11.712851858620692,-19.500382413793098,-17.885678434482756,16.708516068965515,666.1747879310346,13.68733401477832,51.86803806650245,-1.602592618226601,-6.4712782093596095,-11.262085467980299,-45.227761083743786
2048,2048,I,1056.701,1056.741,0.56,11.0083561,-15.241827666666666,-12.910136466666666,-4.517823346666666,21.797993,575.7880683333333,-74.4365119230769,-262.09177482517475,-54.54568765734265,97.71276795104893,236.13405664335664,1126.472643356643
2049,2049,don't,1056.761,1056.941,0.851,9.86213072,1.235187439,-7.023520980000001,-12.387475199999999,36.108077200000004,696.1961429999999,20.788501818181818,240.60221540303027,426.4379826060605,-136.768543030303,-22.997424848484837,-2700.0271787878787
2050,2050,even,1057.001,1057.161,0.836,11.790574536363636,19.337104670000002,31.188151545454545,4.966417193636364,17.772399545454544,439.89451,68.44921459090912,-103.18202848181821,-5.618287272727277,85.65661757272728,64.47798136363639,-249.32163636363626
2051,2051,know,1057.201,1057.381,0.842,17.350913363636366,12.610310909090908,-4.281832536363635,-24.433937536363636,31.467754363636367,849.1556681818183,34.21748000000001,97.44189922727277,-273.09574963636373,-254.4565782272728,-5.1158777272727365,1736.4660227272732
2052,2052,when,1057.441,1057.582,0.928,23.358754800000003,17.440577579999996,-5.783596215,-6.873387787000001,30.772056099999997,554.024041,-55.19087878787878,-212.6199733333333,81.1278452878788,252.457521330303,-8.761482121212127,-3243.3641
2053,2053,the,1057.602,1057.662,0.815,13.05307,-13.255857249999998,-15.678087,-13.289938,0.0,493.27583250000004,19.57747000000002,25.812885000000012,-183.42623000000006,-258.88169000000005,0.0,-826.80125
2054,2054,article,1057.782,1058.142,0.818,23.075209583333333,9.065016396666666,-22.298944066666667,-6.744852738333333,22.455708958333332,613.4641258333334,25.93762573913043,99.96755964521738,48.71734780434779,-34.15090241826086,-13.231129108695644,236.92277130434775
2055,2055,came,1058.182,1058.422,0.757,10.672164157142857,9.82481913857143,14.223014535714286,1.7608190999999995,20.81065985714286,553.9128714285714,74.21536226373625,40.49700147912087,1.9889089560439555,55.79137808791208,129.07036307692303,1019.9917890109887
2056,2056,out.,1058.543,1058.663,0.783,14.741144925,-7.5806037166666655,-7.671537558333334,-13.370129189999998,29.746379583333333,536.2514791666666,68.18469330419579,14.787129895104878,-100.1371079895105,-152.71921438461536,-39.07188024475524,-374.9231975524482
2057,2057,Let's,1058.703,1058.883,0.587,7.18842270909091,15.610289836363638,-0.3889174536363638,-10.923893574545453,25.297242545454548,560.9047127272727,-74.74937022727275,145.95466113636368,-80.34600785454548,99.46572341818185,59.75475590909094,361.2814909090908
2058,2058,take,1058.903,1059.023,0.246,4.048268714285714,12.375522142857141,8.907294895714285,-6.764718514285716,14.705405999999998,441.3464642857143,154.03294732142854,-123.56430714285716,149.4222104642857,-146.77246946428573,-186.55225357142854,-326.8326607142855
2059,2059,a,1059.083,1059.143,0.595,14.674995166666669,16.959895,10.809861133333333,2.1847755616666666,6.189260166666666,763.105075,37.95572142857143,95.08111428571426,177.71865485714284,-11.136160500000003,-106.48747857142857,-1990.5130142857145
2060,2060,quick,1059.163,1059.423,0.936,15.104213064285716,21.602261392857145,7.261717028571428,-7.590294003571428,22.615847142857145,672.550475,-16.176548934065938,32.7136404945055,148.60721778021977,46.99052955494505,2.351657142857141,1277.5909417582413
2061,2061,look,1059.443,1059.724,0.789,17.253070333333334,24.7191106,-10.263048659999999,-23.475694466666663,17.412600866666665,651.0194379999999,-23.937991607142855,-48.80985125,-41.52353366071428,2.5106074999999994,-148.26838535714285,-1942.479123214285
2062,2062,a,1060.364,1060.404,0.564,5.842117734705882,9.374942720588235,13.5783534,2.5301327281470587,2.7068944411764706,574.543628235294,24.889352807639412,13.175601073338422,-36.08444405042016,-30.13968400155079,16.178625385790674,183.94879098548506
2063,2063,quick,1060.484,1060.725,0.982,10.0056031029375,8.60834602875,11.982401925,-8.744878870625001,29.941373187499998,780.8778556249999,-35.490270497426465,-66.1481016485294,159.7340921470588,44.95985744485292,124.09383051470584,1475.5977169117648
2064,2064,peek,1060.845,1061.245,0.793,-5.874937919261539,23.88615293846154,29.383429115384615,-6.853902923076922,15.48425923076923,539.695916923077,1.4156969868581186,80.11876301196578,20.239933042735036,-33.46574258803418,10.857860136752135,-110.2423774358974
2065,2065,at,1061.505,1061.585,0.87,4.630510351882353,5.069475941764705,5.5879574352941175,-5.064480407058824,13.220687294117646,641.1797317647058,84.99157864191177,-98.67792231985295,-116.11552151960784,1.9191733431372524,64.69720784313726,-327.94730514705884
2066,2066,when,1061.665,1061.866,0.857,20.627640000000003,19.794175214285712,10.040451957142858,-12.061270495,32.64161192857143,638.1051971428572,-53.43740065934066,4.0367216483516435,124.58854294505493,-40.97432036373626,0.5960906593406573,-384.1771032967033
2067,2067,this,1061.906,1062.066,0.896,4.2340016,21.522389850000003,14.564625969999998,2.45097628,19.3889162,501.8324339999999,-168.82325115151514,-7.208686212121209,-172.95183851515148,121.10000886060605,-235.163786060606,2844.5717818181815
2068,2068,article,1062.226,1062.626,0.751,19.687255029285716,4.564689910714286,-17.57981735357143,-4.7230566750000005,25.330428678571426,881.4534628571429,31.01448436097427,95.23261264778324,28.645815535030106,-85.6529027052545,7.929685016420359,450.5516335522716
2069,2069,came,1062.686,1062.947,0.772,7.1824092625,7.490308124999999,15.60305535,-3.1640250812500006,22.95902925,491.920993125,13.554283941176463,-38.13779936764706,60.3749465882353,79.27993452205881,103.0533513235294,-1650.0768360294119
2070,2070,out,1063.087,1063.187,0.993,16.873771583333333,-8.730786174999999,-13.902740674999999,-11.376191611666668,21.377623333333332,522.7127166666667,81.6215589160839,-20.486595996503503,-208.0653136188811,-143.58113203846153,-146.08705594405595,1034.8819580419577
2071,2071,I,1063.647,1063.727,0.738,4.925216255555556,-8.456914381481482,2.8945128666666666,4.798732327777778,11.827225740740742,584.6239755555555,10.640085231990234,-59.635507771672785,-5.911357359584867,-20.771736622405374,89.14985790598294,135.69042399267406
2072,2072,know,1063.787,1064.088,0.776,15.039060744444448,5.191455701666666,-16.4333455,-27.265816229444443,35.54849022222223,690.3482988888888,16.269733735810117,127.47276941950466,-154.8947682662539,-136.9156274360165,-23.1697653250774,64.41148916408683
2073,2073,that,1064.288,1064.448,0.715,12.998281030555557,14.69828118888889,-0.425943114111111,-11.228235238888889,12.413312333333332,658.2602983333333,-64.05364932146543,-155.62911114551085,19.28194571114551,66.93273174922602,-44.64819256965944,-638.8422708978328
2074,2074,the,1064.488,1064.568,0.933,12.7325295,15.195447166666668,14.676547999999999,6.224172169999999,10.312493666666667,491.88708999999994,46.08012428571429,5.491130000000009,110.44714857142856,43.83702785714286,-177.15094000000002,-1988.8365999999999
2075,2075,two,1064.628,1064.808,0.878,5.142527233333333,29.628455333333335,-7.026236812500001,-17.684528010833336,28.104718833333333,674.9078741666666,157.53749,121.19246153846153,-151.13117530594403,-190.6214340821678,167.5403965034965,1143.7508129370628
2076,2076,of,1064.868,1064.929,0.748,18.870073166666668,18.5170675,-10.23187185,-10.895741666666668,34.25402666666667,680.7475833333333,-8.094815714285719,136.7747528571429,161.7758015714286,397.39922400000006,-26.956388571428572,-7028.332428571431
2077,2077,them,1064.989,1065.189,0.889,13.794134576923078,11.4396471,-4.023254830769232,-6.126974756923077,33.75432707692307,766.3244507692307,28.56949876373627,-43.87274717032968,-42.75778181318682,-118.33577414835165,-6.716817032967033,1228.8150219780218
2078,2078,are,1065.229,1065.289,0.068,10.85075544,15.900415599999999,-21.8978076,-48.37434460000001,6.3964382,820.20442,78.34044650000001,-67.52682000000001,53.10158500000004,19.855960000000014,-319.8219100000002,-5831.572750000001
2079,2079,trending,1066.07,1066.47,0.921,6.635150642372881,3.984573675477967,2.4019176186440676,-8.01640085355932,19.153466508474583,711.6203554237288,-12.145955807714792,-11.89144121213443,36.26668289614263,-1.5053988067796589,24.14075678842783,-67.030010490941
2080,2080,over,1066.57,1066.71,0.889,18.3724541,19.910419491666666,-21.191107958333333,-18.907303499999994,33.57006666666667,766.7609225,55.817166223776226,-92.10315015734264,71.19792473776224,298.73782657342656,-3.201383566433576,-1386.9681381118878
2081,2081,there,1066.73,1066.89,0.731,12.621770666666666,-13.651772444444443,-4.134731353333333,3.196778772222222,33.383689,895.4281377777777,-27.051072500000004,-52.35333391666668,-152.47904375000007,-222.771147,-0.5138899999999917,4085.6068750000004
2082,2082,on,1066.93,1067.071,0.619,9.719435299999999,-2.949664280000001,-11.057871780000001,-28.7854319,24.2959681,999.255005,-88.62984084848482,111.9866147272727,69.88961230303029,157.88777121212118,-240.81222939393936,103.8393060606056
2083,2083,Twitter,1067.111,1067.451,0.906,7.893397591052631,3.4554042789473676,-7.8871843578947365,-10.210103000000002,35.66818821052632,896.6556863157896,70.13744016578947,-123.08832516666669,-13.212050447368426,139.1746264912281,11.75573421052632,252.26490877192987
2084,2084,"Oh,",1068.365,1068.485,0.864,10.081112350980392,11.423204212352942,10.173217207843138,-2.160248931,8.053573568627451,769.538151764706,-5.873969261990953,7.5726388160633515,-12.450491476923077,-33.60017581169232,18.411171628959277,284.50231045248876
2085,2085,this,1068.525,1068.685,0.844,-0.90426313,10.13398987,5.384308968,-20.548959939999996,15.015138199999999,730.158818,-237.67277233333328,-50.78351815151515,-65.6471406060606,-79.12500272727272,-267.2434515151515,4343.718757575757
2086,2086,dropped,1068.725,1069.045,0.579,3.7992121500000002,-10.735795583333333,-9.498676838888889,-3.1144728483333335,14.550028277777777,823.1456894444444,77.49712474200206,-129.30083402992778,-70.46965610423115,9.484824045923634,-69.01189891640867,-1340.3281367389063
2087,2087,today.,1069.086,1069.446,0.779,6.2563381504999995,6.786158446499999,11.96687464,-5.4037923249999995,14.836155300000001,456.7884849999999,4.151189198120303,-43.54470820037594,28.329067097744364,-94.93749434210527,-23.17717045112782,-605.8255571428572
2088,2088,This,1070.046,1070.266,0.927,3.2222219109756103,11.643185312439025,19.224401763414633,3.853377732439024,9.631641926829268,553.3156097560975,-10.234152824216027,1.4535928852787448,-20.53025759581882,-34.58284349625436,39.38086315331011,-224.5100570557492
2089,2089,dropped,1070.306,1070.647,0.686,1.0346533736842105,-9.637741810526315,-9.014191031578946,-4.43274673368421,17.598979947368424,692.2879947368422,92.50137979824564,-103.03689585964912,-111.07691508771933,-48.045650321052634,-59.060222280701765,-1574.1628657894737
2090,2090,today.,1070.687,1071.067,0.885,5.7636712476190475,6.246909293809525,9.761330757142856,-6.165010514285714,17.096958809523805,547.4878042857142,16.56232394805195,-20.441660957792205,37.5819935,-51.95021266883116,-21.1435461038961,-217.86337857142854
2091,2091,So,1071.607,1071.887,0.998,1.321456211219512,10.862110497560975,5.177969379512195,-2.794831431707317,10.536163414634146,702.1061914634146,13.88486669651568,-9.941633865853658,-80.45285348745647,-43.82994222038329,51.60077793554007,471.5450048780489
2092,2092,"again,",1072.508,1072.808,0.925,8.524862860869566,10.279957389130434,13.250614293478261,-12.279890463043476,15.65685634782609,566.1090917391303,-29.817969958063514,-31.700187868948504,25.734150722479185,-10.094971692691953,25.195753345667587,-170.98530052420597
2093,2093,I'll,1072.968,1073.128,0.855,7.885980762500001,-13.062218699999999,-16.637595150000003,-19.3289832725,24.34587875,729.85459375,49.089907897058815,84.88174758823527,-140.97122305882354,-134.2723704617647,155.4620901470588,1950.946901470588
2094,2094,put,1073.148,1073.328,0.826,13.53993245,3.5612921799999997,-21.7951389,-26.07317822,36.4172823,943.056801,-1.832423787878786,-48.154142424242416,0.2042148484848498,56.86072424242421,27.844789999999975,2615.012045454544
2095,2095,a,1073.368,1073.408,0.598,5.991136675,17.897769750000002,-20.57428875,-49.06182175,38.845408750000004,780.89319,170.6244575000001,180.6802650000001,82.14048500000003,-249.7529150000001,-4.162835000000024,-1859.4344000000003
2096,2096,link,1073.468,1073.729,0.94,-0.5663701000000003,16.32251784375,6.5862184374999995,-29.843209125,29.393950750000002,596.07603875,-91.81487958823526,35.33082487499998,120.89042345588234,95.83963161764704,-134.99772941176465,76.74898235294113
2097,2097,in,1074.029,1074.589,0.849,5.223780056976744,17.5541093627907,18.479406686046513,-12.915953709867445,24.962292162790696,541.4649641860465,23.525052363636362,-7.139680052854124,0.9338005360918139,-11.218574848856838,37.81628843249773,-329.8575941558441
2098,2098,the,1074.809,1074.909,0.978,20.4293107375,19.5987475625,17.74754218125,-1.3086414209375,35.993606187500006,615.8754349999999,-71.65028901470588,-77.8962705735294,10.304233242647063,-42.71944435036763,-8.679666102941184,1801.6731102941171
2099,2099,description,1074.949,1075.51,0.888,1.1913103350000005,13.116399435,9.089519498999998,-4.997365741666666,21.675127,614.099282,11.893438785873196,-52.771882187430485,1.7018400911012252,-15.89960369377086,15.919409855394886,231.17807563959948
2100,2100,box.,1075.55,1075.83,0.993,3.99443960625,-3.1475508749999994,-18.82400909375,-11.948084659374999,30.6073969375,716.003176875,-112.29933613970587,-13.35116576470588,-33.82464655147061,41.0735506360294,-107.4989831617647,-1432.4380301470587
2101,2101,Y'all,1075.85,1076.15,0.811,6.943881661999999,-3.8743218375,-7.391724,-29.1146490125,30.445449875,653.551585,132.2707054917647,-6.410688411764705,-172.7041476470588,-94.7300864117647,34.05588867647058,-668.0394911764706
2102,2102,gone,1076.17,1076.51,0.809,14.575063277777778,0.03650534277777769,-24.578766783333332,-34.65017605555555,37.531058611111106,691.4034222222222,20.699150722394226,-3.901095726006188,48.36724147058823,26.105765376677,1.0172427760577938,-1171.8417946336428
2103,2103,over,1076.65,1076.911,0.923,13.542297976190477,22.591276485714282,-23.163946504761903,-33.115382333333336,37.72975304761905,785.1861323809522,-24.27002605194805,12.145782662337655,20.549611064935064,72.24739714285714,2.131754090909086,312.2121402597403
2104,2104,and,1077.371,1077.491,0.65,2.8739086862068968,8.069734056206897,17.228967862068966,-0.2975251241379312,9.907843586206898,520.0085724137931,24.484998246305416,22.41758480147783,85.31964854679802,-20.67493838423646,31.87356679802956,-173.21875886699507
2105,2105,y'all,1077.531,1078.051,0.524,13.846748646428571,2.1063953750000004,-21.080816928571434,-31.736365571428568,33.38262867857143,689.3506814285713,21.091458550903127,21.917237992610836,-77.26602837985769,-50.61767175150519,-11.304359729064041,40.69767733990158
2106,2106,get,1078.311,1078.492,0.964,9.338413905000001,16.27439394090909,13.158478368181818,-11.448292809090908,13.964733681818183,692.7002277272727,-43.04974114201016,-30.118024051383397,76.79762022868437,2.8910334217955937,96.0253230095991,-997.6350239977415
2107,2107,all,1079.132,1079.372,0.847,16.173917029545454,13.953147568181818,-25.564747197727275,-50.04690279545454,30.395354090909088,810.4411095454544,2.6747213999295285,25.034426038759687,-9.416772278717403,-20.781527085976037,1.5147681677237483,335.1460537702607
2108,2108,of,1079.592,1079.672,0.857,17.1192578,13.772603613333334,-15.648860033333332,-19.419646686666667,20.529769866666662,587.0411113333333,33.57261178571428,55.75267935714285,65.36018942857142,163.1079239285714,133.74392607142855,-1501.6225142857143
2109,2109,the,1079.752,1079.872,0.909,10.21886925,15.457302599999997,25.39556533,10.15456158,24.1252283,779.8504830000002,-49.1616168181818,-89.48790163636362,127.65790372727272,-12.678504969696966,-147.71719909090905,-827.8045121212118
2110,2110,tea.,1079.912,1080.153,0.964,-0.7843642928571425,31.491609285714286,27.396837957142857,-3.106158935714285,10.832550142857144,506.70342785714274,100.65700499999998,54.88786659340659,151.39899369230767,-116.01060568131867,-40.14768417582417,599.8635219780219
2111,2111,Okay?,1080.773,1081.153,0.752,8.893246178800002,5.755624018000001,7.406894624,-8.869094258,14.061255659999999,672.12179,-7.954384985690276,-38.76611995030013,-33.33071357262905,-27.213765018727486,46.17388933733493,-218.67430919567826
2112,2112,I,1081.494,1081.614,0.763,8.266920706521738,-9.299137459695652,-1.1389476521739128,2.526023253043479,11.461426565217392,463.2171904347827,97.00654810276677,-39.11913792430829,-93.74535533596834,-31.95129282806323,60.61528265810274,-177.95959090909088
2113,2113,brought,1081.634,1081.854,0.839,16.86177295,-5.8767764950000005,-27.678347283333334,-3.820582671666667,17.570110500000002,745.4223333333333,-86.2516317132867,-112.31779375874123,67.14142685314683,-7.605659195804194,-159.9999979020979,554.549874125874
2114,2114,y'all,1082.354,1082.974,0.576,7.839484621607143,-3.7464164528571424,-9.187744676785714,-10.541641374285714,25.63974376785714,652.7492085714285,2.8471148600307585,-0.9999534386192754,-30.476347747265883,-40.02157665639097,8.381722503417631,-24.9931926862611
2115,2115,to,1083.014,1083.155,0.869,5.431438622222221,21.719905111111114,-4.191222522222223,-8.906765255555557,19.299320555555557,459.2203322222223,163.69627883333337,31.12074833333334,164.7692496666667,22.304344583333332,46.058170000000004,-3733.0485750000003
2116,2116,the,1083.175,1083.255,0.683,26.3932134,34.1673534,5.5118521000000005,-13.3228409,31.017914400000002,591.306394,218.49080000000012,19.85705500000002,223.35536000000002,121.08169500000002,-34.31264000000001,-1454.3814999999993
2117,2117,water.,1083.335,1083.715,0.996,17.655540173913042,13.101146402608695,-21.840669304347823,-11.035914065217392,36.91254734782609,726.7322047826087,-45.35488107707508,-132.39537983003945,-88.81855686758891,87.8361818132411,16.675148073122525,-959.386157114624
2118,2118,It's,1083.735,1084.275,0.536,6.669184267857143,12.464465113214285,8.680995910714286,10.5944366,10.52952225,565.8429482142857,-20.67083500136836,66.39677059345921,45.52652222359058,5.879604009304872,-19.87069038040504,-546.7908728790367
2119,2119,up,1084.395,1084.475,0.847,16.7800791,4.916657069999999,-15.242786199999998,-18.144753400000003,13.5413879,489.717569,12.253236666666664,-29.140817666666667,30.9594,-43.62073212121209,-247.74973242424235,-1277.6933969696968
2120,2120,to,1084.515,1084.596,0.824,-2.9845155616666683,27.286369499999996,29.0285945,-3.0377589499999993,15.017948166666665,534.8889333333333,311.99729195714286,220.4437357142857,340.9213585714285,-119.32510042857142,384.7935014285714,-1003.7193714285711
2121,2121,you,1084.676,1085.016,0.93,10.903525023809523,24.85343704761905,0.6570851285714285,-21.37300985904762,37.79821604761904,686.83884,30.2561389090909,-48.97109616883116,-222.25243082467532,-158.2662836220779,30.39716474025974,897.7322993506496
2122,2122,to,1085.436,1085.576,0.818,7.848648171428571,18.30557153928572,11.664654064285713,-4.799625953571427,12.488443928571428,579.8490875,-11.280867506841817,3.713902300218938,68.99509736726876,68.68348773809524,-4.00023163656267,-930.8759147509578
2123,2123,drink,1085.656,1086.036,0.82,1.4773303104347828,9.110496982608694,19.431054382608696,-5.7457979434782604,21.369362956521737,780.3535704347823,3.735534741106722,-15.91397559782608,20.174223418972325,-110.8658840612648,-45.77253157114623,-1707.0776338932799
2124,2124,at,1086.317,1086.377,0.996,4.157242785294117,7.48964484117647,13.873646211764706,-7.213967224705882,9.690869529411763,660.46299,49.17466535539216,-54.98840388480392,-53.31259953431372,-17.98718402941176,60.53250147058822,-122.75875000000022
2125,2125,this,1086.437,1086.637,0.692,1.9259978489230762,18.750165961538464,10.494583953846153,0.3970122492307695,21.891446846153844,465.8778561538462,-61.824854028571416,67.28564958791209,-70.50123153846151,49.20532069230768,-81.23485137362637,-485.82927747252734
2126,2126,point.,1086.717,1087.057,0.716,11.252537438095239,16.579398457142855,3.158878252380952,-14.158955394857141,20.581672714285713,695.5406480952381,-3.3477769480519517,-27.54931503246753,40.11761033766234,-7.506699583116885,-10.050125324675331,18.62344090909099
2127,2127,Okay?,1087.217,1087.657,0.716,0.99921369,5.81687365,-4.329291509,-19.349238046666663,33.91100246666666,775.9069683333333,-41.56745325806452,-27.48688524916574,54.78978279521692,15.363079419354841,43.95515412680756,891.1837843159065
2128,2128,"Listen,",1088.018,1088.338,0.907,3.958097578088235,8.374552573676468,10.092091138352941,-1.6309864064705886,20.62744838235294,524.4788097058823,29.80380342906798,12.292358544392663,-10.943259881069512,-26.566019895951097,60.71241067226889,-130.77429052711994
2129,2129,don't,1088.378,1088.578,0.905,8.670387020833333,-0.39799911666666626,-17.08512693333333,-39.179929550000004,40.71998191666666,813.2961733333333,-101.55920151223775,-51.01044653846155,-29.155663846153857,-228.45717227272723,26.616228146853146,957.7123531468528
2130,2130,let,1088.598,1088.778,0.885,-6.891717869999999,-14.658552300000002,-7.608268735999999,-21.8838245,34.61063729999999,1016.5662410000001,34.12003596969696,26.839978484848473,57.607180606060595,92.4067215151515,-208.64098757575752,-2490.2834575757565
2131,2131,these,1088.818,1089.098,0.901,-10.06696590625,12.528538025,15.16749286875,-21.216977274999998,39.063050562499996,789.059106875,14.549701022058818,97.05424177941177,-52.16541521323529,80.0585137352941,-51.49495992647058,-841.5568404411762
2132,2132,these,1089.299,1089.599,0.849,-5.282751696,28.81680064,23.081663995999996,-3.1983496160000002,23.99961764,526.93964,-27.711021865384613,-10.132490961538458,47.68204221538461,-49.71103757692308,38.36693103846154,-471.89378538461534
2133,2133,high,1089.999,1090.419,0.89,-2.7346951056097564,-13.367948320975612,1.075446968292683,2.044906910243902,19.931916780487803,762.5813929268293,-2.033256660888501,-53.17517247343206,-31.79526318641116,-39.29778202787457,73.11803513066204,956.4195634146341
2134,2134,moral,1090.619,1091.18,0.767,18.780178763157895,13.721268707894737,-17.41840486842105,-29.8605997631579,37.15725218421053,882.7866607894738,-11.483666413174308,6.459896531896269,-85.22970711784659,-55.56122355290513,4.482853337345444,-39.530144928329186
2135,2135,Christian,1091.64,1092.24,0.744,-0.9858080775471699,9.102865671886793,0.6079586924528301,-4.09395845981132,17.99028879245283,658.7583316981132,-8.502421053338173,-5.888895674447669,28.18969075834543,-4.774060357281084,26.750975451540075,-365.69541138526046
2136,2136,people,1092.341,1092.841,0.815,2.3574476566666664,17.594609389866665,10.160723499999998,-19.97023780566667,24.263404866666665,746.9369206666665,38.2802597942158,51.661161806540605,-123.26128753058956,-114.03219028954395,52.34157546162402,461.8695025583982
2137,2137,try,1093.181,1093.401,0.921,0.15647179821428533,-0.4755969592857146,-2.840386689285715,-1.5922272721428574,17.007881607142856,692.8713421428573,7.885721536261631,-102.70185015079365,-0.7741208196496941,25.07700529529283,50.87415176518883,71.50768664477293
2138,2138,to,1093.441,1093.521,0.776,18.31315933333333,-4.087527616666667,13.862577450000002,0.40916598333333337,35.066114000000006,913.9009283333334,210.7725714285714,215.11167842857145,324.9305627142857,34.38340728571429,0.05151714285714494,-6842.998500000001
2139,2139,make,1093.581,1093.821,0.681,1.80566472,11.122333959999999,21.7974068,-10.520607177066665,27.243124266666666,694.4726093333334,-142.3223876428571,28.07580098214285,-0.3591648214285668,-35.098773176428566,-143.48287928571426,-863.6372678571428
2140,2140,you,1093.861,1094.042,0.815,1.6562455590909095,27.925836636363638,21.033511345454546,-5.766574395454545,34.45436363636364,694.1602554545454,171.65590075000003,-24.782234545454557,-274.0727698181819,-96.00220320454548,-73.37114227272731,592.6625772727275
2141,2141,feel,1094.162,1094.622,0.741,2.770553053103448,9.046007389655172,-1.8395962213793104,-8.24159585862069,29.295622827586207,863.6974955172417,45.23952847142857,-1.79808562561576,-68.36925272413794,-93.851489773399,58.621205492610834,555.574535960591
2142,2142,less,1095.062,1095.362,0.883,8.39032806216216,17.576722940540545,-1.3924272918918918,-6.8112405013513495,20.310785135135134,562.1660302702703,-37.55401580606923,-21.599678013276442,-16.81462748340446,13.983088861664292,6.540090540540543,-91.12027015173065
2143,2143,than,1095.443,1095.783,0.956,-4.862564033333332,3.4041060185714285,13.274401600000001,-19.409392214285713,38.58811371428571,387.8229247619048,-63.58794332467532,-59.16323962662337,24.03877362987013,-103.04175308441557,40.4037038961039,-596.0393032467533
2144,2144,All,1097.862,1098.022,0.92,6.0982202813392865,11.422104727321429,11.110046864285712,-4.556756811741072,8.513524892857143,724.1504291964286,-1.5194425709139132,-4.479259809004168,-13.047509263376842,-10.485958055714413,4.704321552858168,19.41147767750367
2145,2145,of,1098.062,1098.102,0.796,-1.6777518599999999,-0.20983327500000004,-27.0895135,-24.018833125,41.7728665,476.11501,-2.2071686000000015,97.61575050000005,240.49863000000008,431.7362625000001,-30.538389999999975,-7365.532100000003
2146,2146,these,1098.162,1098.382,0.706,-6.431562042857143,11.319797007142858,11.176104435714285,-8.952836198571429,35.079704428571425,723.691655,-65.1704115164835,53.80011862637363,79.12217078021979,15.300014687912096,-107.09070703296703,-1327.7117879120879
2147,2147,people,1098.483,1098.823,0.753,-3.874733946818182,17.15903558636364,7.573180390909088,-17.416254122727274,23.662460227272728,773.2192445454544,68.4209548393563,-7.479173181818182,-101.2140990118577,-141.42892290513834,66.33934695087521,238.39821118012426
2148,2148,are,1099.043,1099.143,0.882,12.5159558625,-0.5279235999999999,-23.807900125000003,-33.734505312500005,26.7947018125,828.707815,10.496185985294117,-103.760176,-22.483644705882345,155.32701308823528,120.96532345588231,1260.567282352941
2149,2149,fucked,1099.363,1099.743,0.882,-4.266864979999999,0.8599055063333333,-13.031161786333334,-10.719538599666665,21.197779533333332,807.0944156666666,2.7932869365962203,-0.32052648887653074,1.0680255754171288,-8.591668342936597,19.214645984427147,-185.1332802002225
2150,2150,up.,1099.943,1100.004,0.999,1.9303643230769236,-8.377358756153846,-26.573125923076923,-26.052769576923076,15.378329846153845,881.4991161538461,60.6674704120879,7.597183989010996,-65.44069972527473,-20.057542857142845,-221.8644585164835,378.2491428571428
2151,2151,I,1100.724,1100.784,0.995,3.620530855076922,-2.083873760769231,-2.138288046153846,-3.699716523846154,8.583091794871795,750.4321435897436,-22.008873831538462,-58.2390800901822,-45.547750308704465,-14.498497999392713,36.60944104251012,185.1792711538462
2152,2152,can't,1100.824,1101.044,0.73,-8.37686508076923,-17.616784384615382,-0.8766841199999996,-17.80709030769231,35.70105076923077,1028.3310515384617,-0.20170406593406545,40.23797417582418,84.23116318131866,-43.524323351648356,114.71230879120878,1609.8374945054945
2153,2153,even,1101.124,1101.344,0.863,-6.009245537333332,10.447185150000001,0.38895809333333337,-13.227471193333335,37.848351799999996,859.5525086666665,37.774549292857145,19.949107205357137,-95.63883553571425,50.2903377142857,-56.35449535714285,-195.42405357142857
2154,2154,say,1101.404,1101.605,0.941,-12.14475426923077,2.6469165461538475,1.0308169692307694,-17.889135646153843,29.03835630769231,897.5063400000001,21.790741208791207,-67.4574328846154,31.99651129120878,-266.190680576923,217.2719096153846,-89.4838076923077
2155,2155,it,1101.665,1101.745,0.696,-3.7705340757142847,0.6870927999999997,10.808312885714287,-22.998140714285714,19.751513,899.0902757142857,172.89221048214281,54.85851785714283,46.255485357142845,181.6186,-256.9754553571429,-3039.080303571428
2156,2156,no,1101.825,1102.025,0.804,11.307519964285714,1.2543211642857148,-20.745849214285716,-37.337856,40.602660571428565,835.7230814285715,-65.78656332967032,-83.46223535164833,-227.18752472527473,-245.59935406593402,19.935638901098887,1393.0857604395603
2157,2157,other,1102.145,1102.365,0.836,7.395663070588236,3.5094920000000003,-31.595064,-44.64371941176471,40.064763,732.4003476470588,72.49335807598038,105.78711882352941,48.86686495098037,71.80892034313727,-5.069584068627451,201.941199754902
2158,2158,way.,1102.425,1102.645,0.841,6.476366359285714,1.2501610500000007,-2.0669658142857146,-32.138692,31.333802071428572,900.5051692857144,-97.55758454835164,-70.26384260439559,157.66305729670327,50.005940879120864,-127.21774318681315,-861.0365879120881
2159,2159,I,1103.066,1103.126,0.669,2.958510633333333,-7.296129186249999,4.410518970833333,3.5165938291666676,12.905443833333335,692.9601445833333,23.42492359565217,-87.06747728760867,-90.88353683695648,6.427697958695652,31.368897043478245,1005.0253141304345
2160,2160,can't,1103.166,1103.446,0.83,-8.9814553625,0.7149881956249999,5.880463562499999,-20.764676156250005,22.8499818125,694.2810943750001,-41.57737282352941,21.38531622426472,-18.428800067647053,-56.46624922794117,80.98016272058821,306.72152720588235
2161,2161,sugarcoat,1103.546,1104.166,0.932,1.5973717416666666,9.72000824111111,-9.123376799999999,-23.213720857222224,28.562619249999997,764.8753480555556,89.36878336357783,7.136031911711709,-48.723790154440145,9.185391305920204,-1.3594971364221349,-132.00686287001287
2162,2162,it.,1104.186,1104.246,0.145,16.3005445,16.14356325,20.745745999999997,3.1281991999999996,29.211883999999998,458.808015,-14.91025000000004,56.44399500000002,-51.74171000000001,-21.545561000000003,60.57817000000004,-716.1702999999998
2163,2163,These,1104.607,1104.927,0.745,-0.9107311352941178,11.344090236470588,18.016203815470586,-0.19010673147058837,15.184830264705882,786.1574847058823,-32.80359205943467,13.27238842673796,-17.389008177341474,-44.21364451619556,56.53523424751716,866.9225567608859
2164,2164,people,1105.027,1105.507,0.738,-3.6111186758620692,18.16203584482759,5.771507596551723,-21.223214506896554,26.23447196551724,840.0647406896553,48.61706170197043,10.33784030541872,-84.69254609605909,-99.59976782758618,61.81608593596059,406.2729568965517
2165,2165,are,1105.907,1106.028,0.615,12.128650734615384,9.323767074615384,-16.900154283846152,-21.904744623076922,22.775486730769234,734.9043630769231,9.635993967521364,-102.16053224923074,-56.84947480717948,36.34879882735042,27.513493111111103,346.33236581196564
2166,2166,fucked,1106.268,1106.648,0.941,-6.970127797741935,-4.3537007064516136,-14.119725654838714,-8.080985222580646,22.51088103225807,850.0371938709678,25.216573165725805,-49.369477927419354,-32.0942787641129,-27.06136139919355,77.45465780241935,160.40806995967742
2167,2167,"up,",1107.268,1107.348,0.921,1.6781682437142857,-1.8694688200000003,-9.94457010857143,-6.028941497428572,17.141029885714286,933.1531677142857,2.6622514901960774,-61.336154806722654,-86.37232803641453,-73.9508464460784,47.78928756302519,266.5544364145657
2168,2168,right?,1108.149,1108.449,0.871,7.9318888589090895,3.2768752981818188,3.991099866727272,-4.660664741454545,10.583501163636361,690.2703161818182,-8.425717700144302,-22.678156138167395,-17.94213251666668,-20.410149457395388,37.35743020202022,368.69021204906215
2169,2169,They,1108.889,1109.09,0.85,2.4351619034375,5.353286661249999,10.61553425,-3.02127890125,16.847993,688.1622878124999,9.80427595097141,-26.955668138929624,-35.29429478555719,-44.51324253115837,90.11991288489737,1128.0577669538127
2170,2170,want,1109.15,1109.43,0.77,6.255587037941176,-8.077913005882353,-22.57210675882353,-21.824550176470588,40.627454941176474,917.3082394117647,-79.09477645281862,-91.46314604166668,11.44483958333333,34.61969215686274,-48.344292892156865,346.79028553921563
2171,2171,to,1109.49,1109.65,0.801,-4.533469936363637,17.36997624545454,-11.167289990909092,-17.378850290909092,25.080599181818183,559.4121681818182,276.68431472727286,119.4733188636364,-87.45805222727276,-179.4831864545455,242.03669454545468,316.3092272727272
2172,2172,hold,1109.99,1110.37,0.846,7.587032894833334,10.722867260277777,-12.672468144444444,-26.18985522972222,23.278237611111113,808.0861688888889,8.324871908018016,-18.938088579858434,-54.777818513513495,-56.05419982451736,52.44626871299871,259.6546060489059
2173,2173,you,1110.45,1110.791,0.868,-2.084585553636364,18.547537901818178,7.532455940909092,-25.249754018181818,32.087329636363634,904.771566818182,72.54197115697347,-20.3325062077922,-214.04477186053077,-138.36506053642012,96.07085669113496,-479.26503867871253
2174,2174,by,1111.391,1111.611,0.8,9.407941066585366,6.629550082926829,1.1577478756097561,-3.25683186,14.957445902439023,753.3146431707316,-17.904745478310108,-69.5333794878049,-27.816879260452964,16.086792731184676,31.031799477351917,19.439955226480816
2175,2175,the,1111.651,1111.751,0.89,-2.8070241428571427,16.9968268,3.4618993428571434,0.07897870571428582,26.492455,648.7234,-186.5931880357143,251.1471430357143,-54.14338160714285,119.6696847857143,-310.5435660714286,3751.4974999999995
2176,2176,standard,1111.811,1112.452,0.787,2.261963867428571,-4.813295388571429,1.1114616274285714,4.228961574285714,30.36496922857143,901.4118482857144,50.487606558823515,-45.38000396078429,-18.349464091456575,35.26213939215685,26.38188864145657,442.4539480392155
2177,2177,of,1112.652,1112.732,0.849,12.541966571428572,3.527873004285714,-25.087084807142862,-11.537051164285714,28.001395857142857,790.9077257142857,10.67129241758242,87.30240909230768,-67.82697761538459,-112.19878695604396,121.46816153846154,-1283.5692065934063
2178,2178,the,1112.792,1112.912,0.771,21.269730266666663,19.33531688888889,-6.67824098888889,-13.015017874444446,32.25022666666667,549.1650955555556,115.58145100000004,9.561528333333339,-24.75155791666668,-112.93912174999997,-29.379387499999986,-3201.1698833333335
2179,2179,Bible,1112.992,1113.613,0.795,9.771948158571428,5.526567694285714,-12.408684999428573,-23.25187782571429,31.82342705714286,848.9640820000001,24.093055403361333,85.4146898543417,-1.8873401114845942,-62.21580747478989,4.076579369747897,449.77537507002774
2180,2180,and,1114.013,1114.113,0.681,6.045169147199999,2.320848032,13.472512916000001,-3.9543316732,14.19712768,625.0256555999999,28.532413070769223,-60.44482651384615,76.34885420769233,1.5052039026923065,72.43005919230768,-199.18239923076925
2181,2181,based,1114.193,1114.513,0.872,-4.238406105,7.541384105000001,14.1023521075,-7.815131084999999,22.90638985,627.369387,-95.41653684586467,84.46791093609025,-47.02113256203007,24.972014251879706,-34.64512439849625,-404.6211796992481
2182,2182,on,1114.633,1114.733,0.751,9.876954065454546,0.9789051390909091,-9.155976545454546,-23.6406345,36.56780427272727,959.274117272727,1.3900440636363645,16.536834904545465,240.13148295454556,182.69059659090914,-19.334340454545455,-145.1530954545456
2183,2183,Jesus's,1114.813,1115.374,0.904,-5.250699226875001,24.49996365625,13.349844403125001,3.71216918125,18.806599124999998,525.3370415625,15.979420335960418,14.253681479105582,-45.48315813141495,44.87260055168623,-11.746516953812314,-698.5551743951614
2184,2184,teachings,1115.494,1116.114,0.764,-9.00926246891892,18.615413456756755,18.032732170270275,-13.94072336216216,22.84212962162162,702.3371054054054,16.375890143195832,2.330143147226174,1.9333942591275477,-3.942122827169271,9.038282112375532,-526.01452619725
2185,2185,and,1116.535,1116.655,0.723,-2.425035608518518,-0.09900272777777815,13.882700614814816,-5.22285559288889,17.326127888888887,680.1762266666666,17.103089648962158,-34.96673925763127,6.61731816849817,-105.49660942673995,105.94399484126986,174.0084160561661
2186,2186,they,1116.755,1117.035,0.864,-5.259764855789474,-7.794286778947368,8.744531110526315,-22.978037457894736,38.68968163157895,970.5040831578946,-60.85351828596493,-95.114557877193,18.769403675438603,-98.47031082456142,68.44423666666668,1630.5131561403512
2187,2187,not,1117.095,1117.295,0.921,-4.325852488461537,-31.3039792,-10.629752700000001,-8.633544746153847,28.63555115384615,966.9606915384617,21.961650109890105,-44.50628362637364,-16.124098901098904,16.534303214285718,-211.45623598901102,-737.1219560439556
2188,2188,even,1117.515,1117.755,0.813,6.907427150869565,14.574524656521735,30.01711198434782,-1.7306009478260866,27.317590521739135,482.87112782608693,66.88227270059286,7.843878690711449,18.267469785573116,22.456712203557302,39.533391699604735,-470.6597144268773
2189,2189,doing,1117.835,1118.156,0.896,18.861783945000003,20.641248395,8.167453974999999,-7.881276423999999,27.42313345,526.7278115,8.787130530075189,-33.14677316165414,-31.796861221804516,-4.390499658646615,40.08853620300752,-277.3592845864662
2190,2190,it.,1118.176,1118.216,0.986,8.318798000000001,24.63259433333333,21.888015,1.3511885666666668,0.0,420.6877266666667,93.06914999999995,-2.455900000000001,46.01602499999993,-60.81389749999998,0.0,-339.8369999999999
2191,2191,They,1118.536,1118.756,0.744,1.0428515111111114,2.5196119455555555,11.011774495555553,-1.015318840740741,22.151023925925923,736.7052685185184,7.430035454822961,-56.88802885256411,-66.074407480464,-86.84383989621492,118.63218208180714,1248.8641846764351
2192,2192,want,1118.796,1119.076,0.669,7.023640531249999,-8.806466506249999,-13.928654474999998,-24.69393225,31.280155125,851.132784375,-63.40135003676469,-55.31890247794117,46.72444004411763,75.62353544117647,-152.9405283823529,-1031.3165169117647
2193,2193,you,1119.176,1119.497,0.583,5.071901414285715,21.02813725714286,9.538373768571429,-21.107241904761906,31.30547280952381,619.0030566666667,39.53023007142856,-78.12747153246752,-142.50592403506494,-5.074646363636361,-73.6466107142857,830.1111402597402
2194,2194,to,1119.537,1119.657,0.762,2.534317125000002,14.8191407,-12.666434374999998,-15.87867675,33.5639795,801.44650375,410.0480267857142,35.87219071428571,-262.400986547619,22.02631190476191,127.3594630952381,2344.4640059523804
2195,2195,respect,1119.737,1120.377,0.926,-4.294205259722222,13.243477727749998,1.5295395794444446,-3.1998408472222217,22.62855822222222,691.2681163888888,-15.797256260682108,-59.051855284485185,-15.638862549163443,-31.607714605534092,21.20111912483912,230.67506480051472
2196,2196,them,1120.537,1120.957,0.782,5.212104106896552,4.323227648275862,-4.369805134482759,-8.853011924137931,37.705787862068966,806.0575762068964,7.65250011083744,-89.63554895073891,-96.78339085467978,-54.241212790640375,1.0334016748768453,1420.6357662561577
2197,2197,as,1121.638,1121.778,0.704,-0.7022353241463414,-6.2870806685365865,3.979215369926829,-2.604695243573171,18.109107902439025,779.2630929268292,-4.658761845731707,-24.56784201184669,-19.452072699991295,-26.319662704303138,50.355418153310104,193.86623205574915
2198,2198,the,1122.098,1122.218,0.836,7.719965087272726,13.443780353636367,6.4978591136363635,0.7102916590909095,14.588921772727273,628.6877863636363,59.45960828119707,-47.744566954263135,-30.16811867024281,-86.55335627611518,100.04153413325805,488.76633427442135
2199,2199,Christian,1122.398,1122.959,0.707,-8.30195628,-5.4618695316216215,-1.3104597081081084,-5.664270468648648,23.075208918918918,902.7363462162164,-0.9936966936936918,25.37487139746326,58.71097738738741,-21.961254478662877,33.273884352773834,314.7126973684212
2200,2200,"party,",1123.039,1123.479,0.891,9.015135553846154,-1.8502887000000006,-11.433061830769232,-1.7070315014230768,28.21943003846154,811.7749142307694,10.203083593162388,43.19483045128204,65.58990063247859,67.52025033239315,14.714993794871798,-787.6172770940168
2201,2201,the,1123.539,1123.639,0.88,11.722096375,16.805293374999998,-4.628885225000001,-8.70088641625,25.68117975,648.01125625,50.28719107142857,-54.10548749999997,-175.10686583333327,-151.28989985119043,1.2450464285713951,1127.7230535714282
2202,2202,conservative,1123.699,1124.48,0.898,3.9093554214285717,-4.51547753,-17.819995492857146,-3.7189314784761898,30.447183952380957,834.5223104761905,27.332696636172106,-36.57533326497042,-18.505738833562912,-3.155608111384813,21.217405566809813,344.2617463738756
2203,2203,"party,",1124.56,1124.92,0.895,14.411791186363638,-3.8478996249999997,-6.790602327272728,2.3091816013636364,27.558755500000004,786.4089263636364,27.03233268492377,28.79740973884811,89.68152960474309,94.58555491727836,15.65471640316205,-235.66212309429707
2204,2204,as,1125.28,1125.38,0.652,-0.05999257173913078,-3.0056516120869565,-4.049548404347826,-2.896731657826087,13.291716260869565,753.8250447826086,43.682785096343856,-12.340515705731217,-93.15415348320153,-68.15056854100787,82.00937539525688,-233.85151778656103
2205,2205,the,1125.44,1125.521,0.98,11.627328142857143,8.700701142857142,-18.726281514285713,-14.238165142857143,31.44850314285714,774.6031871428571,19.89769642857143,-101.26242839285715,-181.34163821428572,-193.48726964285714,-199.57800357142852,324.4444999999998
2206,2206,followers,1125.621,1126.241,0.868,8.802013706666665,0.48371467222222164,-24.943061319444443,-14.51107886944445,35.47296244444445,742.5422836111112,12.651396587258684,55.56056932432431,7.8679601962676955,35.31193288481338,25.717997117117108,-376.6029705920205
2207,2207,of,1126.301,1126.361,0.756,18.9436185,20.94281116666667,1.519547833333333,-0.8533078999999999,34.93760916666667,555.5069816666665,155.52230714285713,77.38654142857146,349.6114585714286,200.39084942857144,-53.89243285714286,6352.876842857144
2208,2208,Jesus,1126.441,1126.881,0.833,-7.251016080769231,24.311377153846156,7.769446789615385,-2.1481821030769237,19.770203269230766,704.7299596153845,14.986193570940157,7.664834564102562,-97.60067066683754,38.494997297777765,-9.623547948717938,329.0763728205127
2209,2209,"Christ,",1127.042,1127.502,0.754,0.5323677929032259,0.5459791354838708,-10.330755661290322,-5.171163041935483,18.363534354838713,939.7099516129032,1.921280143750002,-8.540386633064518,46.68164327217741,-6.640243163306455,12.6405297983871,-22.420217741935403
2210,2210,And,1128.282,1128.422,0.847,-4.235968449782608,4.072915501739131,10.85615474847826,4.43679987826087,7.304237717391304,766.1715010869566,-2.1951042649090353,-48.3379403548566,-0.11738867015109575,-51.21327662596361,33.192647693493676,190.39916333641685
2211,2211,they,1128.442,1128.642,0.505,-11.03439830909091,-18.861628,-2.306042472727273,-26.89977990909091,42.955481545454546,1280.9572854545456,-19.60868872727274,-67.02480590909093,8.999871000000015,-5.360369090909104,23.67073272727274,1216.2414090909094
2212,2212,ain't,1128.722,1128.863,0.285,-7.186647775454546,-22.392492078181817,-1.2203650109090907,-17.619442581818184,35.65034299999999,1115.2035400000002,96.45200177727274,112.97014804545461,93.24584968181821,98.1810953636364,-180.89143454545462,-2596.6391545454544
2213,2213,following,1128.943,1129.503,0.879,-3.3411870121875005,-7.7926718653125,-15.22417645625,-24.3877201549375,33.98321028125,905.784425,-8.09402803894795,31.032903854380507,18.335160322580652,-58.57730828095676,-5.142200265762465,-84.63762866568926
2214,2214,shit,1129.603,1129.923,0.896,-21.727233823809524,-7.653085047619049,8.419742782380954,-12.027075252380953,24.596591285714286,814.7677180952381,125.9774564025974,-110.55273922077923,-2.2007175662337652,-51.46728917532467,27.3336474025974,513.5259077922077
2215,2215,about,1130.343,1130.643,0.806,5.454878921111111,-8.67138100111111,-6.071681766666668,-11.80556109,20.68855469444444,836.0946544444446,2.484243518532819,-62.87810149794079,-92.20133507078505,-32.279207541312736,77.02548753539251,908.3429848133848
2216,2216,Jesus,1130.703,1131.244,0.758,-8.161384319666668,4.889006795333333,0.8863789833333332,-0.7927400987666662,23.572114899999995,936.4409803333334,30.118762395216912,2.6291028892102344,-63.89985674638487,24.433534725461627,28.83304381535039,493.5144946607343
2217,2217,Christ.,1131.324,1131.804,0.693,0.5257138357142856,-10.173298167857142,-9.00861135107143,-7.2923752749999995,19.672206142857142,855.904519642857,5.217642584838533,21.757340732074432,44.396047640804596,-13.606414363711004,-55.501721209633274,-858.5877146962233
2218,2218,"No,",1132.564,1132.905,0.966,5.039269339818182,4.473970042909091,6.531133134363635,-1.8253383727272727,18.971671854545452,666.8232807272726,3.651414255772008,-30.33105973044734,-37.21348811356423,-54.42507984018761,60.535161118326144,365.24789985570004
2219,2219,don't,1132.985,1133.205,0.808,11.931156520000002,-6.036969126666666,-22.200089746666666,-32.317449933333336,32.835730999999996,876.777072,-66.30220117857142,-47.13234057142856,-115.19109210714285,-125.60885303571426,140.7614601785714,1096.5087160714281
2220,2220,let,1133.265,1133.445,0.974,-2.9583147916666666,-15.713705150000001,-10.089704033333332,-31.20865175,28.66762058333333,1004.4457241666665,-3.7085163111888124,-108.7062715034965,-126.1212006993007,135.4112295454545,-234.50237709790207,2308.283508741258
2221,2221,them,1133.485,1133.665,0.823,-1.285506945454545,-10.4426507,-12.528998960000001,-22.822141536363635,34.178188363636366,942.4581254545454,35.16935177272729,-11.049499863636365,-62.69693763636364,-117.38772513636367,165.38353636363638,1727.9921363636367
2222,2222,make,1133.725,1133.905,0.816,0.21367457249999963,-4.303889045000001,5.368748858333334,-21.977745958333333,37.65566283333334,748.4970616666666,-53.44639659615383,43.38406522027971,39.64629882867132,42.42971669580418,-76.33403006993005,-3570.1015944055944
2223,2223,you,1133.945,1134.085,0.972,-2.6118857444444448,14.074384066666665,12.147017044444446,-8.299696635555556,31.481227333333337,933.2745777777777,235.2010885000001,-13.48941475000001,-262.1671290000001,-15.007206450000004,239.69509083333338,540.6202250000002
2224,2224,feel,1134.165,1134.425,0.918,-1.883593713529412,5.168787407647058,-8.07586683717647,-19.858076500000003,30.0850305882353,730.6636094117647,44.069763379901964,-31.914429709558824,-80.22200135637254,-198.6380813602941,73.06594240196078,1168.9582487745097
2225,2225,less,1134.485,1134.745,0.827,-2.3454092928125005,3.49605703125,-5.9698548125,-17.369392225,28.631827375,638.18613,-54.96652644669118,14.970703036764695,-54.030891897058815,197.8272969117647,-134.79040029411763,-133.7771617647061
2226,2226,than.,1134.786,1135.206,0.74,-4.387970557391304,-0.1900125685652178,16.27550347217391,-7.710941194782609,34.500350304347826,648.4664495652174,-13.743943371541498,-21.313178295454534,-6.113264331027667,-16.259907713438725,44.26235256916994,-840.8055701581026
2227,2227,Don't,1135.966,1136.186,0.722,10.373804567346939,9.712894727142857,12.286303052653059,-2.6887354255102043,7.898140693877551,713.3662969387753,13.814185668367347,-7.2198546128571435,-23.192147313979593,-28.185178509336737,38.66231761734695,175.81863244897957
2228,2228,make,1136.206,1136.366,0.862,-3.4209997,-4.405032828888889,7.912656811111112,-19.409823000000003,41.04123655555556,937.2177811111111,-118.37422408333335,102.92743191666669,23.505484333333342,-12.497754166666661,5.289876666666671,-5740.692091666669
2229,2229,them,1136.406,1136.546,0.703,1.4676379777777777,-2.0052186,-5.418348633333334,-16.872249866666667,30.766698,748.7718655555555,113.07159808333334,-21.243006500000007,-50.824543666666656,-31.09050933333333,-0.02697583333330993,1637.5057166666668
2230,2230,feel,1136.606,1136.827,0.924,3.019588328571429,8.96325826,-1.5074974089999995,-5.117209514285714,27.925226785714283,568.8610314285714,42.18138472527472,-33.57680287032967,-74.38370469076922,-143.37314292307693,170.11535021978017,-1465.1091626373623
2231,2231,you,1136.867,1137.007,0.995,7.9109838888888895,13.943912888888889,12.219386711111111,-9.218803010444445,38.51387233333334,523.7354033333334,94.20578050000002,-4.754937500000003,-276.0481308333334,-116.47676583333336,5.248397500000017,-2051.7019416666667
2232,2232,less,1137.087,1137.327,0.915,3.9432286912500003,2.0587023437500003,-5.39449661625,-8.0191287225,33.329854125,655.908491875,-91.44357417205882,31.452996624999987,-76.21670000441176,46.93918287941176,-77.8090038235294,-1037.049493382353
2233,2233,than.,1137.367,1137.707,0.781,0.6715428584210527,5.130358513684211,14.871343421052634,-5.350743307894737,19.86180289473684,562.1027563157895,11.30969087192983,-9.807444771929827,3.276280000000003,-43.80172302192984,-73.82329850877196,-1018.305557017544
2234,2234,Come,1138.467,1138.707,0.802,4.6543086588,2.6460164020000003,11.712113806,2.0210004753999997,8.98554162,624.0302277999999,-0.1664001229771905,-23.429582973589433,-41.087957426410576,-35.21421365649459,42.1432899567827,284.3306862665067
2235,2235,November,1138.767,1139.328,0.852,6.913934465483872,-3.9896090393548382,-19.220279399903223,-21.09548645419354,40.70239096774193,878.9931348387096,3.921751742540322,-19.39269047217742,-15.48921091395161,31.549036327419355,3.928257520161289,472.10044838709683
2236,2236,"2024,",1138.767,1139.328,0.852,6.913934465483872,-3.9896090393548382,-19.220279399903223,-21.09548645419354,40.70239096774193,878.9931348387096,0.0,0.0,0.0,0.0,0.0,0.0
2237,2237,we,1139.888,1140.468,0.768,1.4918147921052631,1.0637645322807021,-6.171288029824561,-18.709117691052633,28.64884510526316,754.4346335087719,-2.2174061962017095,-3.8263783319289617,-16.783667557687327,-19.160706229485346,25.79689900505574,91.10623321234117
2238,2238,vote,1140.789,1141.029,0.909,10.226465497500001,11.979984205357141,-10.081064150000001,-31.50176763214286,35.74631275,768.7926057142855,-3.0081430567870835,-6.687395492747671,-40.724015377668294,-79.49615703749315,-38.74421616037218,907.785576081007
2239,2239,in,1141.049,1141.129,0.762,18.2636148,8.752347199999999,4.08244938,-9.08150038,38.647476,586.424774,-48.58538999999999,-172.39730500000005,-63.31074600000001,41.992365000000014,-0.9614700000000205,10663.06725
2240,2240,all,1141.269,1141.389,0.786,1.0762436769230772,-14.951907769230768,-30.589824692307698,-51.8788103076923,41.240968461538465,891.4892969230768,-36.54284398351648,-12.610149175824178,21.962743681318678,-65.61664972527473,4.695676098901101,2757.7708681318677
2241,2241,of,1141.489,1141.529,0.016,8.283740400000001,0.9736296428571427,0.5450545999999993,-21.594081714285714,39.020588857142855,715.1545400000001,37.966515,-61.17605142857142,303.34447821428574,354.5908410714285,-22.571773214285706,-2284.301410714286
2242,2242,these,1141.549,1141.769,0.642,-3.788356505,25.07264975,23.384491158333333,7.957131724666667,25.650336166666666,721.6989825,-100.90948596153845,82.81839493006991,-76.0339056118881,125.50130778461536,-216.3776748251748,1759.7659947552443
2243,2243,heathens,1141.829,1142.269,0.861,0.7484226879999999,18.978529196,12.382106992400002,-7.662065223200001,36.78683148,551.0924920000001,65.97564718846154,15.389120176923077,-31.956948809230767,68.32110960807691,-5.957352076923076,-374.04577692307697
2244,2244,out.,1142.429,1142.549,0.972,6.7964337314285705,-18.91375265,-17.604080214285716,-10.427702581428571,20.204906142857144,953.8442328571429,103.72241455824175,57.81421267032966,-75.75329505494504,-40.26808076703295,-194.23250285714283,224.02016263736263
2245,2245,Period.,1143.27,1143.81,0.915,5.932274215873017,6.352128308888889,14.093647912698415,2.1882114749206343,12.669527365079366,835.8600730158731,-7.290673942012291,-0.8953711226478492,8.549083152361757,-6.620356336261522,33.7314825700845,306.9649189228112
2246,2246,I'll,1144.59,1144.77,0.974,8.351317787500001,4.489395854166667,9.480144362499999,7.256507415833333,7.383072708333334,778.8777714583334,-13.735083486213629,-41.800809246092044,-69.59021461626138,-33.87026983955709,37.09175547655231,-146.68167376791135
2247,2247,see,1144.811,1144.951,0.833,-7.916171469999999,9.36727834,2.92777114,-6.543300013999999,32.8609774,558.7996489999999,63.16612469696968,29.696467999999992,243.9888303636363,-150.02639363030298,192.37121757575753,-2970.660209090908
2248,2248,y'all,1144.971,1145.191,0.643,7.1395151750000005,-11.162221354166668,-22.637445500000002,-36.514785333333336,39.34710691666666,743.5109791666667,63.27480407342658,70.05196474650349,50.97661398601398,-31.404849300699304,-6.310097727272739,-2517.995991258741
2249,2249,later.,1145.231,1145.531,0.933,13.152480288235296,-0.3639820620000001,5.898710547058824,-7.030540049764706,18.826918176470585,501.88789352941177,45.30314629901961,15.553462366176472,5.356375392156862,85.52097541397056,-151.3736470588235,-17.673454656862695
