,index,word,start,end,score,mfcc1_sma3,mfcc2_sma3,mfcc3_sma3,mfcc4_sma3,F0semitoneFrom27.5Hz_sma3nz,F1frequency_sma3nz,mfcc1_sma3Slope,mfcc2_sma3Slope,mfcc3_sma3Slope,mfcc4_sma3Slope,F0semitoneFrom27.5Hz_sma3nzSlope,F1frequency_sma3nzSlope
0,0,Your,1.138,1.338,0.693,15.884282655223876,9.579524411701493,17.110066310447756,20.204242392537306,13.606662059701492,1004.766023731343,11.664332365112934,-2.8741604347354115,-15.068521086279828,1.6339972854976446,2.772906049964083,-101.15409456061933
1,1,patience,1.398,1.818,0.773,10.017337541666668,12.251847077500003,17.39844142666667,12.881149986250001,13.638866583333334,669.2221145833333,-42.70214150869565,60.04615865347824,-31.831789906956512,-36.67810252543477,-6.091334869565216,-506.08338456521716
2,2,health,1.838,2.099,0.837,20.337755971428574,3.1586103571428574,-6.890647071428573,-19.859967307142853,24.39232357142857,669.6914428571429,-37.860629142857135,47.65666208791209,-33.831139274725274,-16.782462582417587,-140.70506307692304,656.5635208791208
3,3,and,2.179,2.279,0.675,27.369320444444444,-0.6499255711111112,18.586283966666667,4.168993044444445,17.239348777777778,577.6939944444443,72.1007675,-57.83431853333334,223.473339,2.3943484999999973,-76.40584500000004,2120.965783333334
4,4,how,2.359,2.619,0.897,20.414750352941176,-10.797574091764705,-3.7128875058823536,-0.2637304882352942,22.086429764705883,466.50765941176473,25.00688786764706,21.831208544117644,11.722275171568612,-139.80531594362745,123.18398835784313,-396.3266507352942
5,5,you,2.679,2.859,0.929,13.449806924999999,10.936782625,45.59899249999999,18.891988249999997,27.189052583333332,481.15744583333344,25.052541730769217,-8.709490297202796,-84.16330769230768,36.52955402097901,-108.02940961538461,1976.0343129370629
6,6,treat,3.019,3.279,0.902,3.4537943809523814,7.690392803333333,20.65690465857143,25.066119442857136,10.004335476190477,841.069281904762,-3.6965559415584415,35.17054428636363,46.10930313181819,-64.27353142857142,34.30191149350649,-103.38495129870108
7,7,your,3.319,3.479,0.86,17.6603792,6.247954429999999,6.954376773,20.69140344,17.8094568,934.4853559999999,283.88548181818174,4.433360333333329,-190.28882148181816,15.573775878787862,38.55272424242425,-572.0564363636363
8,8,patience,3.519,4.0,0.899,13.9028993,7.231207887692308,20.810162609615382,16.27539592692308,13.501728346153847,700.9920723076923,-4.378683052991447,56.5223953962393,-38.00496719059828,-45.358412189743575,22.948623264957263,399.72019965811944
9,9,is,4.36,4.48,0.839,14.536235298208332,12.486713670833334,20.839791514583336,18.80752779166667,19.844106166666666,463.12042958333336,-9.59035476732608,18.104945523913035,-28.7367824097826,29.592294586956513,12.002156304347821,-471.16011413043464
10,10,in,4.7,4.82,0.761,20.782056547058822,13.185527935294118,16.37492307058824,14.638869968235293,21.86771135294118,631.1433088235294,132.66426855392154,-10.31660047794118,40.08987824754902,-97.19313347794119,116.83451985294117,-1823.8863848039216
11,11,the,4.9,4.98,0.834,33.09836675,15.423619875,6.2510045750000005,4.6818946,19.525886625,594.1784375,-74.55910595238092,-28.008388690476185,-63.532156309523785,6.150432142857165,-281.58496726190475,1527.9358333333332
12,12,public,5.06,5.381,0.943,26.186445900000002,7.114501249999999,5.437801041000001,-7.858097169999999,21.4458838,809.0563950000001,-17.351079172932327,-12.182777533834585,9.21068965789474,25.639993962406013,9.411257669172931,250.287787218045
13,13,"eye,",5.581,5.701,0.378,26.9022420625,-17.771985096437497,-1.4711988312500006,-4.9918666287499995,30.0552560625,546.960045,-4.51826963235294,-62.88585514860293,24.76303558088234,-32.547966166176465,-29.004935661764687,-747.2855749999999
14,14,and,6.201,6.321,0.733,19.27357880645161,2.1811982096774196,14.80799604516129,16.87711636774193,10.344833870967742,794.5646341935485,14.54188653225806,3.9340473427419367,4.496853032258066,-20.345088943548383,19.903036270161287,-1008.1101358870967
15,15,it,6.341,6.401,0.707,28.7843405,-10.735636500000002,38.24315825,23.121447,10.973068999999999,571.2717675,3.6071400000000335,32.48301000000003,21.628655000000027,171.60406,440.48534000000006,4969.594450000002
16,16,is,6.521,6.621,0.82,15.064003181818181,7.251188436363637,17.368941945454544,27.128299727272733,12.255109727272727,720.7007245454545,-202.18228500000006,269.73242359090915,-256.3258708181819,-63.62785090909092,-152.24967409090914,-697.1268454545456
17,17,now,6.701,6.921,0.938,26.279836313333337,-2.866366066666667,3.0608752806666666,-7.5205057066666665,23.29233013333333,569.7346133333334,77.33307787499996,-135.08383392857138,-54.75034884821427,-328.6868155714286,81.49331660714286,-376.157494642857
18,18,a,6.961,7.001,0.444,23.189909,8.889150925,2.2711036,-29.27043655,6.958334,647.7144925,-98.96435999999999,62.08142450000003,325.15733200000017,921.2837970000002,-417.5000400000001,-9325.439050000003
19,19,political,7.062,7.542,0.852,20.674611144444448,12.860335607407407,7.874186818518519,-2.9538525407407406,18.974843703703705,671.9643418518518,19.896861111111114,31.572797222222228,13.600814166666673,-24.60011664041515,33.5015595848596,137.2944023199023
20,20,issue,7.622,7.962,0.807,11.181769180952381,14.174586414285713,18.478236809523807,14.98290426190476,18.46494333333333,703.9477361904761,35.020914649350665,-19.66868564935065,22.429488110389606,-19.82362964935065,41.14488999999999,481.7299837662338
21,21,if,8.262,8.342,0.858,22.515021947368425,8.924728751052632,16.491785299999997,14.764069968421053,7.401700789473685,889.6515057894736,-26.25275692982457,8.45008994385965,34.8559806754386,56.92682977192984,24.569355438596492,16.772353508771783
22,22,it,8.402,8.462,0.796,27.253528833333334,8.354293150000002,17.96004883333333,18.712751166666667,10.578998,429.9174683333333,43.258429999999976,-75.70989014285715,9.21781571428571,60.86881,-276.91600857142856,-2111.5078428571424
23,23,hasn't,8.522,8.763,0.914,21.228746826666672,-2.033457333333334,3.4545509466666666,7.328688786666667,12.277378199999998,540.8690666666668,-21.27077660714285,173.00151321428572,49.303007321428574,-42.56453726785713,105.49186124999999,-86.41640000000005
24,24,been,8.803,8.923,0.998,27.210146124999998,16.371875875,13.1845775,7.464788650000001,16.7176225,798.9462712500001,-19.568329166666665,22.42389821428572,-47.15457499999999,113.73659952380952,-238.14073095238095,640.5701250000003
25,25,for,8.963,9.063,0.841,19.982901235714287,8.26060332857143,-0.7224520714285722,13.311578671428574,15.240802000000002,905.2218985714286,317.37362169642853,73.55883964285712,-243.59470624999994,-308.28419875,283.3815535714286,-3183.5832500000006
26,26,the,9.083,9.163,0.831,32.3091596,26.285695399999998,-0.51968606,-21.989459,27.0858094,760.92381,3.9870250000000094,175.29477000000003,-113.83853800000004,-565.0263800000002,13.378525000000023,-110.89825000000086
27,27,last,9.203,9.443,0.88,18.381438549999995,-2.6215345142857145,-7.720988665,-7.134584707142856,13.720759285714285,605.2720585714286,-153.70396618681318,114.02072171428567,83.64157803846152,192.47767442857145,-148.69445868131865,824.1027890109889
28,28,decade.,9.483,9.903,0.91,17.334699910869567,-0.1734548391304345,20.36797240434782,15.14525806521739,8.099442434782608,599.6693604347827,-0.9853151432806341,-6.28939346343873,68.06704618083,18.15331647727272,8.267170256916991,-127.97689179841889
29,29,"Hello,",10.323,10.624,0.715,20.568637944444447,5.1859097530555545,10.804786935555555,3.923623294444446,8.967064833333334,846.4988819444443,9.053300945945944,5.213999895173743,-31.054517112483904,-94.67292866795364,-23.894686036036035,-827.9867935006433
30,30,and,10.844,10.944,0.768,24.3687569375,5.90545883125,11.097160168750001,14.01496983125,12.5851099375,703.5137175,95.28478698529409,-28.475263139705877,-13.704439036764704,26.775055772058817,97.01538904411764,-1151.1040264705882
31,31,welcome,11.024,11.364,0.884,30.17866606190476,10.835375866666666,1.3387780190476195,-8.03246062,16.075381333333333,666.6564133333334,-24.407147454545456,3.8561845844155886,-5.087955743506489,49.72862632857142,-42.74776428571428,-33.34193896103878
32,32,to,11.384,11.444,0.316,37.6046755,4.634774391,3.2206161250000003,2.1489475000000002,0.0,735.2907974999999,-145.59794000000008,75.93929018000003,20.26845850000001,52.42468300000002,0.0,-10626.197650000002
33,33,Primary,11.484,11.904,0.879,31.7788882173913,-4.951759104347826,3.7299551173913046,14.770433620434783,15.772516999999999,767.8841678260869,11.04883680830039,-47.598899589920926,82.19395304841893,63.449548637351754,-11.220240662055335,735.6783932806321
34,34,Care,11.964,12.165,0.721,24.148768476923074,-3.6022384900000004,16.98832279230769,19.902855461538465,9.059920769230768,747.0320246153844,74.97657373626373,-28.75597843406594,-72.77845714285715,15.7247293956044,31.88457032967033,-27.641560439560074
35,35,Today,12.185,12.385,0.801,16.92715045454545,5.179672845454546,14.572982545454545,10.694414036363638,15.494913363636362,453.5404554545455,245.58368045454554,-159.59063227272733,-15.1888740909091,58.903443045454566,154.63568818181824,-2296.831713636364
36,36,on,12.425,12.485,0.97,32.5404582,1.2987079599999998,-5.804796080000001,-0.3140833999999999,24.15663,433.001894,2.7271200000000064,175.83020350000004,19.066877499999983,-71.47792000000001,3.0474200000000273,4436.495650000001
37,37,Reach,12.525,12.685,0.761,13.975034199999996,9.678276962999998,22.11058225,19.36137616,12.835771099999999,758.8514050000001,-321.095475151515,48.89679166969695,141.62850348484844,40.214255030303015,-107.68788878787878,1721.2689484848484
38,38,MD.,12.785,13.005,0.824,25.260490625000003,8.65402998125,24.687995375,17.336001,23.53758375,495.784191875,-38.49913514705881,12.142404169117642,56.279344705882345,42.9542786617647,-49.37658897058823,-665.1890242647056
39,39,I'm,13.245,13.345,0.802,15.730769441176472,-3.826843270588235,12.18298407764706,18.233366594117648,6.150738823529411,839.3420317647059,65.63380724264705,-86.4844750612745,-44.56082671078431,-112.91218338235292,90.00472794117645,-1228.8006715686276
40,40,your,13.365,13.465,0.871,30.15789416666667,-3.60907115,-0.024309299999999645,13.972519833333335,34.50949383333333,549.427205,90.71096999999999,62.90419328571431,-219.3413722857143,33.41213285714285,-34.690867142857144,-1548.6654142857142
41,41,"host,",13.485,13.665,0.978,15.852020529999999,11.27242848,-1.1169368279999998,-1.6600057699999993,13.626199600000001,720.5474969999999,-245.87585281818176,179.06114387878782,218.01746009696964,77.21551857575757,-248.92863696969695,3665.000063636363
42,42,Dr.,13.705,13.926,0.526,21.890632638461536,-5.1533123661538465,9.75641084923077,9.970436925384615,0.0,775.3644338461538,62.7135918956044,-18.450588983516482,41.39897997802198,90.81061057142857,0.0,132.8366840659343
43,43,Brian,13.946,14.206,0.786,31.07221721428572,-14.592320149999997,5.740449114285714,5.011475385714285,8.753259428571429,709.6558278571428,-28.912198131868124,-26.947794714285706,136.25306797802196,-2.6242258241758223,36.208409010989,-1427.5623747252748
44,44,"McConaughey,",14.226,14.586,0.306,22.034499105263155,-5.095013604736842,11.768034494736842,10.161995928947368,0.0,771.5995957894736,12.987667982456143,5.958917578947371,-45.76032698245616,-44.86267511052633,0.0,-794.1659289473685
45,45,and,14.886,14.966,0.871,12.824852705263156,6.310408534210526,20.930163,17.510583515789477,0.0,877.8919121052633,4.572489008771934,11.209899942982457,16.05483771929824,-47.1341874385965,0.0,-1309.4712956140352
46,46,today,14.986,15.226,0.747,13.149151388461538,-4.353388692307692,26.058756769230772,10.6180875,0.0,742.7928469230769,66.70134310439559,-188.62393653846155,24.793001098901097,14.306098708791206,0.0,1986.8691593406588
47,47,I,15.246,15.266,0.0,18.3071005,-22.441399,20.6141815,12.3789565,0.0,901.2498499999999,96.97194999999995,-244.96589999999995,-66.87714999999997,-6.636050000000002,0.0,-1779.5499999999997
48,48,have,15.286,15.446,0.754,22.511074444444446,-14.988725844444442,5.268592376111111,5.881922737777778,0.0,793.8464399999999,34.096207500000006,201.3189441666667,-3.208692333333328,-21.92946998333334,0.0,-1303.4003583333335
49,49,a,15.466,15.487,0.76,27.125315999999998,6.368617,9.316679,3.61123465,0.0,516.11754,-154.59159999999991,177.3747999999999,143.21529999999993,64.61658499999999,0.0,-10312.061999999996
50,50,very,15.567,15.847,0.863,24.667637499999998,-3.8101535555555555,4.858130694444444,18.939897611111107,7.134385944444444,984.8311611111112,-3.0676489680082604,-45.7156939628483,71.64818082043345,35.454704592363264,-26.977413570691443,138.6439742002063
51,51,special,15.907,16.247,0.909,11.118433985,6.809424730500001,9.893798454999999,9.788551555,5.728525500000001,869.031061,98.11745763533835,-51.33077096729324,-14.654238477443613,-17.418792996240605,47.531555112781966,-718.9725436090226
52,52,guest,16.307,16.527,0.736,13.92070984285714,4.945175771428571,14.631463792857142,14.225546035714286,3.1314048571428574,656.0941714285716,-122.39561918681319,85.43926890109888,-91.27516939560438,-32.68340598901099,0.010370109890111032,-529.1704417582415
53,53,and,16.567,16.647,0.773,20.644785,12.845574150000003,10.263172966666666,11.284338,18.395974499999998,647.227475,323.0501942857143,-160.98419414285715,202.55486714285718,41.51295714285716,314.15049000000005,-554.601757142857
54,54,a,16.667,16.707,0.492,24.408725333333336,8.717552133333333,28.587450666666665,22.075812333333335,8.91486,384.0794866666667,-161.1790499999999,185.59126499999994,53.45249999999992,-125.18362499999996,-668.6144999999997,4041.8884999999977
55,55,good,16.727,16.887,0.798,21.108954699999998,6.517976333333333,18.25692326666667,22.88131088888889,17.58341411111111,789.5964333333334,-3.1917131666666765,8.305887166666668,-7.0028803333333265,3.3795983333333295,-129.62812000000008,321.4581000000005
56,56,"friend,",16.947,17.228,0.784,19.181720405882356,0.4691401470588237,3.661298242323529,9.936268220588238,12.266359294117645,580.7472788235294,118.01454485294116,-31.71450069852941,43.69086124552696,-56.682282943627456,-1.5880656862745066,-1569.7406041666668
57,57,Senator,17.648,18.008,0.81,16.64715378717949,0.45597799923076965,15.552244361538465,16.375918605128202,7.748641641025641,828.7402069230769,21.951456885627533,-14.012149518623483,-13.303290438259108,18.05143825910931,20.74178380566802,-50.19947186234817
58,58,John,18.088,18.388,0.877,23.202305468421052,-6.842675232631579,11.290616522105262,9.15823740105263,18.539237157894735,599.6827431578947,130.8397857280702,-58.62219785438599,-46.6848383754386,-82.89400436666668,70.5662253508772,-749.125153508772
59,59,Barrasso,18.428,18.929,0.81,25.078691733333333,2.3355587814814815,-12.22656842962963,-1.7602980407407405,21.256179925925924,673.317005925926,-43.702361984126995,35.98751094017096,25.437890528083038,-53.65669451770453,-16.968976587301597,-259.2521443833944
60,60,of,19.009,19.089,0.882,29.007590625000002,12.74220915,-5.805111575,-18.2673667875,10.162373375,709.12055875,-118.03314107142857,106.70846726190476,86.0343763095238,294.3471586309523,-48.74469583333334,-219.98710119047587
61,61,Wyoming.,19.149,19.689,0.861,33.15909753333334,4.434015616666667,5.632390737666666,-8.804744130000001,19.581250500000003,660.133284,-12.869358754171301,-22.40117981401557,43.22768514204672,58.88558472858732,-15.383514226918798,274.84275172413794
62,62,Dr.,20.169,20.489,0.49,18.317173625000002,2.369849344,11.81068301,12.520835321249999,8.17009025,763.781547,16.373036130393995,-4.235629562101313,-18.532306984052532,-3.1014437356941853,-2.4551055628517835,-397.1155343339587
63,63,Barrasso,20.529,21.03,0.906,23.452995629629633,2.7612757199999995,-8.057395064814814,-3.5147995027037036,9.491941407407408,752.0544837037036,-47.79650845543347,21.021092253357757,9.446941735653244,-21.428826525641036,-11.16333580586081,11.443533577533506
64,64,and,21.07,21.15,0.902,38.069374333333336,-13.605305000000001,-2.8368146833333334,0.16557188333333342,6.602541166666666,506.45435,-64.75862857142862,-101.26959428571426,31.079372428571425,250.98126928571426,-226.1420585714286,-2289.978
65,65,I,21.19,21.27,0.761,25.05465866666667,-13.102982978333335,8.560820616666666,14.04861405,0.0,686.1404933333333,-49.768360000000015,301.32373055714294,284.50591699999995,299.199283,0.0,-1109.208714285715
66,66,got,21.31,21.51,0.802,20.76212530769231,-7.891510276923076,8.427455135384616,10.995280289615383,0.0,705.7044469230768,-86.99204835164835,82.08461543956044,-67.93519531318681,-79.11960939835166,0.0,-190.50451373626362
67,67,to,21.53,21.59,0.918,6.505896666666666,17.546004666666665,15.494570333333334,3.3711632,7.377527333333333,645.4951,808.6380749999995,-430.26437499999975,130.06799999999993,-261.3441049999999,553.3145499999998,1713.1674999999993
68,68,know,21.63,21.75,0.806,28.631723875,8.025319360000001,4.7220535125,-1.4858914125000005,22.19211775,644.65663,127.1994827380952,-88.33489185714282,-143.90189220238096,-139.34948279761903,2.2214702380952343,3653.619654761904
69,69,each,21.79,21.91,0.759,10.974499312499999,1.9179152499999996,26.323064875,16.9606999375,5.661466625,994.31315125,-343.8142229166666,188.86737261904756,117.25175892857143,77.16088184523805,-161.80683154761903,-1997.2692083333327
70,70,other,21.95,22.13,0.869,26.816369000000005,4.75595441,15.584490145454545,12.963043681818181,23.544986818181822,389.41512818181815,-68.24174363636365,20.10155296818182,191.0575427272728,150.71177681818187,-3.452281363636367,414.6784454545455
71,71,years,22.23,22.531,0.712,16.610742042857144,6.66877788904762,29.20656322571428,24.686323317142854,22.00464219047619,873.673042857143,-10.753008928571427,62.837777690259735,-180.1127387337662,-43.147333468831164,-14.095249999999995,-881.0059896103897
72,72,"ago,",22.591,22.911,0.842,27.441159999999996,2.281199536842105,-3.907949210526316,1.0425201626315783,25.61972010526316,697.0341463157895,54.51382991228072,-48.72161142105264,-139.4544860526316,-184.64809175438597,-21.594480175438594,39.42989122807011
73,73,as,23.431,23.531,0.681,13.412472351612905,6.143242110967742,13.407070340967742,11.987721922580649,4.05616035483871,863.3735306451614,-7.256568711693548,18.58846408790323,-9.882034646975805,-2.7552917661290275,2.536404052419355,-288.7042449596774
74,74,both,23.631,23.851,0.887,25.226443312500002,18.662805787499998,-0.4079114875000003,-6.53810341,18.4698111875,750.5337187499999,23.383033161764697,49.26548275,-62.090438485294115,-77.00150272647059,4.17500830882353,-2480.8456235294116
75,75,of,23.871,23.911,0.986,19.00533,14.788839333333334,1.2724293666666664,-2.060423366666667,17.937784333333333,852.9467666666666,74.10112499999995,-35.073024999999966,-235.54778999999985,-42.366232499999995,676.2220749999997,3611.104999999998
76,76,us,24.012,24.092,0.774,9.810184044444444,21.27876944444445,-11.316825933333332,-5.325184555555555,12.056097999999999,847.6838944444444,-386.1031563333334,132.02166250000002,305.47829016666674,238.00125666666673,-226.8956075,1545.9843499999997
77,77,were,24.132,24.272,0.751,25.191437822222223,9.659782377777779,10.926257522222222,20.31505551111111,17.636670999999996,678.9194366666666,36.84774783333334,21.536629083333338,205.66843975000006,44.3739811666667,129.5859741666667,-4344.786066666667
78,78,young,24.312,24.532,0.787,29.57955884615384,7.498414215384615,4.717657061538461,0.9262849053846155,24.307294846153845,616.237706923077,65.56005769230768,63.601633873626376,-65.071648021978,-21.24188783516484,-32.70469065934066,1991.9154890109887
79,79,broadcasters.,24.572,25.332,0.82,18.508054519,2.4802236825000006,3.40985297175,6.939962714999998,11.21934935,666.3299059999999,-50.649511827392125,-1.785984613977487,47.16044048503752,31.127170938086312,-33.51052750469043,79.48476660412756
80,80,He'd,25.673,25.833,0.652,13.047073879999997,6.335115268000001,19.86192292,20.783579600000003,4.138336720000001,947.6547248000002,-1.6721373076923065,2.1022347015384626,13.612114076923078,19.323930153846156,-37.776228115384605,141.4720769230768
81,81,been,25.853,26.033,0.848,26.214760300000002,-0.19477586999999996,29.262157600000002,19.4600919,7.597107299999999,657.084894,52.02045969696969,109.5672274242424,-74.73915939393939,-29.242996060606057,91.94163787878787,2127.1128787878783
82,82,doing,26.113,26.393,0.824,24.850566,5.084379373888889,17.576953955555553,13.10123185277778,16.305098,792.2894255555555,16.511616099071208,0.2885769540763675,-0.5594916099071229,-9.328737819917436,27.867307017543844,-603.0526243550049
83,83,many,26.453,26.693,0.798,27.23116953333334,-2.6591060733333336,32.26968166666667,10.943758766666667,21.71576313333333,546.0494560000001,-19.89549303571428,88.05450787499997,54.38687607142856,4.268363767857147,64.79577714285713,-1320.9830464285712
84,84,medical,26.793,27.093,0.874,27.937970249999996,1.6134846,8.746912818,8.379815860000003,19.77125725,703.3589455,-9.357755676691733,18.592591323308277,-68.51639431578947,-81.71403606766917,-17.60013973684211,422.6276988721804
85,85,reports,27.113,27.454,0.856,18.976588822222226,13.401011027777777,2.168308008888889,0.4315497722222208,5.2751785,736.6945827777777,-80.42296881320951,24.8047446388029,33.692371665634674,22.586812512899893,-9.6011757997936,45.918713622291
86,86,in,27.514,27.574,0.788,24.6552295,15.305658999999999,8.966398433333334,1.7760601166666665,22.651024500000002,729.0714566666667,95.94825285714283,-53.461597142857144,-51.57151485714285,9.94243042857142,-9.373121428571437,6010.924828571428
87,87,Wyoming,27.634,28.134,0.867,31.292901964285715,5.680429500000001,3.8682465678571427,-0.12281355000000034,24.137471999999995,716.035455357143,-15.035807703886151,20.37266082375479,66.4749089367816,20.18585909961686,4.871593787629995,422.09128694581267
88,88,and,28.174,28.254,0.605,24.377745,14.174336166666668,21.573566333333332,4.6690009833333335,11.5242575,825.5442333333334,-136.05067142857143,11.777015714285689,-0.9064428571428498,63.301303285714255,-298.5611442857143,3250.538714285714
89,89,television,28.294,28.794,0.728,21.278137111111114,12.536220387777778,6.353817960259259,-5.111319078296295,20.48835862962963,561.732361111111,-1.982759859584859,28.711660863858377,46.32208082887669,19.235450351953613,6.383505494505498,-260.16986263736266
90,90,educating,28.854,29.275,0.765,15.197656670833332,7.0732325,21.818708208333334,9.630509,14.924049125000002,683.1563812499999,61.25798253695651,3.6696061826086974,24.306678630434778,9.074541339130434,46.67816710869564,-305.048709347826
91,91,the,29.295,29.375,0.836,15.298172059999999,10.5429794,13.00191212,13.932486220000001,0.0,706.2873599999999,-338.41143500000004,86.36975000000001,386.75294900000006,262.3569345,0.0,11203.269000000002
92,92,public.,29.415,29.695,0.944,26.7145991875,6.6070206875,1.4836565,-17.64969903125,13.9008683125,628.017483125,-17.969730220588225,34.30065499999999,56.46316420588234,140.33592378676468,-130.88886227941174,973.7092786764703
93,93,He's,30.182,30.302,0.809,7.838161193333334,12.603919476666666,20.623237960000004,20.98030477333333,4.5075822,913.6971753333332,-12.50549952391546,24.920697062291435,-9.157919862068967,22.23194600667408,22.343045606229143,-416.2626849833149
94,94,an,30.322,30.362,0.84,26.462788666666665,12.264637666666667,8.4308717,8.973522833333334,30.397350333333335,442.27063,575.8491499999997,-497.9500499999997,-404.3397474999998,-208.8056124999999,7.204574999999999,5650.110499999997
95,95,orthopedic,30.402,30.982,0.887,16.28761302193548,8.412917481612903,16.630650499999998,13.14154761935484,9.930831709677419,698.6565712903227,-55.13455394879033,15.155679033064514,77.61036521169356,44.923029427419344,-22.925549758064523,-115.85281834677423
96,96,surgeon.,31.022,31.422,0.815,17.73243534090909,8.521688149090911,17.387116348181817,10.870987961363637,21.18468845454546,896.9473127272729,80.6047259881423,-40.92806943308866,42.96121638452853,5.314031285431961,37.49660863918689,-1240.932570299266
97,97,He,31.762,31.883,0.68,18.239822630434784,5.116125775652174,21.868024434782605,12.099742839130432,8.712466652173914,831.9157226086958,-21.023680830039517,19.463088444664024,18.91006427865612,-23.56276703557312,-34.766895553359674,-315.7080726284583
98,98,used,31.963,32.083,0.892,6.095616399999999,12.431226463000002,29.902660299999997,18.1579298,4.891769999999999,1004.7638099999998,-234.60798242424238,175.17512694848483,-119.4895336363636,-62.89851333333333,-29.60520969696969,225.87293939393908
99,99,to,32.123,32.183,0.985,3.9597338199999994,16.9984706,26.174517199999997,18.0837312,0.0,867.105006,138.09923500000002,-137.43291000000008,167.77510500000002,8.122200000000015,0.0,-8512.337000000003
100,100,share,32.223,32.463,0.701,11.7088985,5.0637140785714285,20.90754702142857,13.071490864285716,15.745715071428569,751.1909100000001,350.01702714285705,-90.56476365934066,-241.24372943956035,-103.27218873626374,118.08945395604391,-1843.5708483516482
101,101,information,32.523,33.043,0.879,20.076571818620693,8.863582031034483,17.450959993103446,9.937326939827585,10.479746862068964,698.2112006896554,-57.7810999551724,31.43595653940886,47.08644397536945,-9.934217429064036,-9.69259024630541,73.57961871921172
102,102,with,33.083,33.183,0.914,23.436486714285714,12.554874571428572,20.211777,7.408826101428572,6.061305142857143,657.0392928571429,-52.58470714285714,-17.15516428571428,83.98328928571429,134.96808082142854,-189.85465178571428,-2719.5718749999996
103,103,that,33.223,33.403,0.708,28.387802454545454,-14.75179505909091,4.097157576363636,4.441867454545454,20.186112454545455,623.7879945454546,99.06545000000004,-146.19600047727275,-109.40871881818185,-39.63102181818183,112.55478090909095,541.4540772727275
104,104,audience,33.503,33.803,0.845,25.689277484999998,1.7567947310000005,8.665993345,-1.0736207899999992,20.602132899999997,614.3007339999999,-52.854896530075195,34.795813892481206,107.83945174060153,104.58392308270679,-55.60960744360902,-692.1853045112783
105,105,and,33.843,33.923,0.501,17.18872023333333,17.423683333333333,14.180852253333335,19.721084166666667,10.853828666666667,870.9949583333333,426.0581711428571,-237.4925428571429,289.93010628571426,-15.700398571428556,280.9508085714286,-3980.5800714285706
106,106,that,33.943,34.103,0.635,25.29191888888889,-12.6102575,7.549675644444444,4.891571099333333,12.709891333333333,566.64327,11.183824166666671,-43.20286258333333,-13.93678333333333,-53.87852006000001,-188.08996416666668,2630.3309416666675
107,107,form,34.163,34.423,0.81,25.45108325625,13.43857985625,3.9572626000000004,3.1107983125,15.654995875000001,843.51735875,119.6959163455882,-17.481561169117644,-41.84977375,-64.66809588235293,86.58231205882352,-493.71302058823517
108,108,of,34.463,34.523,0.75,18.3029878,9.0957422,7.031488379999999,3.6307572894000004,0.0,947.625186,-231.74010500000006,-7.720249999999995,250.010086,385.612107,0.0,2081.241350000002
109,109,course,34.563,34.803,0.774,16.578665957142857,16.53300287142857,8.072790928571427,4.597664367857143,7.509878928571429,901.1834942857142,-127.76175887912088,77.99032986813187,5.0590530769230755,50.19781512637363,-47.20626054945055,714.2357846153845
110,110,now.,34.863,35.164,0.874,28.338492000000002,-17.291624218888888,5.466007577777778,-2.7851047166666674,15.551878777777777,680.7237194444446,31.361669143446843,-70.14684857481942,-77.78549175438597,-175.66106776573793,29.23681279669763,-389.89788080495356
111,111,He,35.724,35.824,0.786,12.533352066666666,3.548476842121212,18.690845327272726,11.632473048484849,3.7397846363636362,910.7199166666666,-6.723467394719255,3.7460817384692526,30.3169765474599,31.244706136363643,16.25818277072192,774.5405683489306
112,112,is,35.884,35.964,0.57,9.370343857142856,20.024065528571434,13.529399285714286,17.222394857142856,10.828564857142856,498.1534842857142,-325.73850714285715,295.83262839285715,-190.02062214285712,10.980214285714283,-269.0573071428571,3031.0967499999997
113,113,a,36.024,36.064,0.494,12.49596644,17.3360984,35.4719388,16.5476378,25.5370898,505.35463,203.85953800000004,-244.77279500000006,479.81310499999995,-71.12458000000002,-38.15775000000001,2077.323999999999
114,114,United,36.124,36.424,0.783,25.089270016666667,4.549312686666667,22.302832225,12.703218075833334,22.465987722222224,490.7379416666666,-35.82559684726523,19.70919634262127,-68.83761815531476,50.31800367930858,-45.94251780185758,-846.1236444788442
115,115,States,36.484,36.744,0.766,1.466775883125,23.214773692499996,14.23944506875,18.734433175,9.0702619375,695.091380625,68.44224939926471,-70.21797972941177,55.33750737499999,-41.672774852941174,10.787240955882357,-2123.4568257352935
116,116,Senator.,36.804,37.184,0.709,22.401507136363634,3.986602440909091,8.910094790909092,13.066029149999999,12.006132590909091,639.2506231818182,99.31493114059852,-97.37463779503106,9.441129655561827,67.29211559288538,-25.091249887069456,1344.052947204969
117,117,He's,37.704,37.884,0.892,8.696961628571428,9.176161242857143,24.050028771428572,18.82268544,2.8985452,942.0454934285715,-23.446999014005595,14.589155987394953,21.913912086834724,16.269002215686264,-18.47211014005601,-167.2115389355742
118,118,talking,37.924,38.284,0.723,20.8013038984,5.054808045,9.79688695,-8.522072434999998,7.88366925,553.0142840000001,48.104342308571425,-6.293215093984959,103.69940898345865,21.152597928571435,33.69022176691729,-616.5047541353382
119,119,about,38.324,38.525,0.637,33.27766024999999,-6.630983608333334,-1.0842849166666662,-7.764626975,0.0,667.0743216666666,10.269714510489514,-84.47877725524475,-167.21216660839156,-220.86673826923072,0.0,-39.7448216783219
120,120,a,38.565,38.585,0.992,32.658957666666666,8.426670466666666,0.5440679333333334,-33.426340333333336,18.419479999999997,566.1843566666666,137.28729999999996,117.58579999999995,303.54219249999977,153.03522500000005,11.72674999999996,10928.963249999993
121,121,lot,38.645,38.845,0.807,34.46521853846154,-11.948925707692307,-1.559689407692308,-22.089052776923076,15.10799853846154,735.3265523076923,20.87579285714285,-124.96181961538458,-57.08754148351648,201.5531082142857,57.77832307692307,-2326.5353351648346
122,122,of,38.865,38.925,0.75,28.968970750000004,-2.533487264,9.002206350000002,12.5808225,17.77033075,678.12676,-312.8103150000001,139.14608712000006,204.4092430000001,143.38356000000005,127.89996500000002,10413.664200000005
123,123,issues,38.985,39.345,0.799,6.816471080952382,9.244665885714285,26.071789547619048,18.78307523809524,10.652464333333333,670.0083785714285,-36.92160690909091,81.3633333961039,-23.126882987012987,-38.05772227272727,-27.3818172077922,837.2615850649352
124,124,including,39.425,39.785,0.927,19.030052072727273,13.331856599999998,22.279022312909095,11.287917886363637,18.092833318181818,594.9433990909091,26.264245782044046,-17.799720203274983,26.374105011744778,5.153994373235459,24.479820412196503,688.354842461886
125,125,our,39.825,39.925,0.684,38.985116,-0.0512436571428572,0.27745712857142835,11.867562199999998,22.558075714285714,686.4637671428571,-13.02817142857143,4.213314285714272,151.84595446428568,157.87176607142854,-22.816994642857143,5236.906517857144
126,126,nation's,39.945,40.285,0.776,6.95350001111111,14.962558305555556,22.62259101666667,14.332194827777776,8.861089999999999,721.3543238888889,-76.75449361197111,166.7714243292054,-141.12685212074308,-86.87129006707947,-50.53870598555213,38.644606295149664
127,127,health.,40.305,40.545,0.816,21.38717723076923,-1.104948823076923,-6.260873223076923,-11.060319015384614,10.142287923076923,696.1730038461538,20.712873351648348,84.21119395604396,-81.32514436813186,-189.53295887362637,-16.270520329670326,-708.4944780219778
128,128,So,40.925,41.085,0.962,2.44279353037037,9.649323322222223,5.690286911851852,5.914917037037037,1.589836037037037,745.5588037037037,-21.76195546153847,26.56289641025642,39.58259848351649,-20.634991169108677,12.437369291819296,-80.09013247863247
129,129,Senator,41.125,41.445,0.716,24.386443777777774,2.9740508611111114,6.717628651666667,7.125370694444445,18.48012166666667,682.9395005555556,216.98969484004124,-102.81609819917442,-35.28557827812178,51.07742851909185,0.9344003095975124,1127.5482791537668
130,130,"Barrasso,",41.465,41.926,0.893,28.121057441666665,3.4720839333333338,-17.71197055833333,-8.983293425000001,19.05753329166667,709.9207141666666,-86.9991890913043,17.01074973043478,53.97572783043477,-13.889347643478255,-54.6843101521739,-534.8039121739129
131,131,first,41.966,42.206,0.784,13.850011214285713,10.759705742857141,-9.770154849999999,7.381494033571428,14.807212357142857,836.7824035714285,-52.03128459340657,93.52709850549451,71.98191315384615,-48.22123746923075,-69.7613713186813,-391.48942527472525
132,132,of,42.246,42.286,0.999,31.17455625,18.6798605,-16.816027249999998,-7.031900325,23.23033325,629.7047425000001,-60.849594999999994,187.4262300000001,38.187345000000015,120.33581850000004,-77.24087500000003,7047.529850000003
133,133,"all,",42.386,42.486,0.928,29.8432168,13.549269450000002,-11.8353049,-37.9263431,7.965425000000001,850.035333,-33.65812060606059,-135.9742245151515,12.121940909090913,-102.56939969696967,-147.3091636363636,765.7400939393937
134,134,welcome,42.946,43.286,0.875,25.2802522925,9.9034287225,1.2993953965000002,-13.602699964250002,12.512470525,600.4892179999999,21.363503139305813,13.697380217166977,18.37147690741088,-8.470405618808629,44.869154676360225,-39.4169546904315
135,135,to,43.306,43.346,0.988,26.903617999999998,11.0344788,14.000850166666666,1.2337463333333336,29.914964666666666,490.98192333333327,-115.15529999999991,372.4182899999998,-281.8598874999998,-267.64076749999987,-22.14059999999999,-12197.357499999995
136,136,the,43.386,43.446,0.998,25.820886,12.684978000000001,7.735021880000001,-7.8439948,18.2129664,391.343052,58.13047999999999,-93.71114999999999,39.614446999999984,-32.01210500000002,-453.9179400000001,-2866.211600000002
137,137,program.,43.486,44.006,0.735,37.442185928571426,1.4663396764285714,-9.833473417928573,4.275189053571428,19.971022857142856,689.0208839285715,37.5067413245758,-26.175915514230976,5.641333731663928,38.03492263136288,-6.722209906951282,-721.8942363163656
138,138,It's,44.466,44.586,0.706,9.835056968965516,16.213714431034482,13.009990710344827,13.184099444827584,0.0,854.7440327586207,-53.44409179064038,22.256530800492605,14.783102248768468,1.2999089310344827,0.0,-339.9317625615763
139,139,great,44.606,44.806,0.869,23.52071882727273,-3.293407354545455,6.895533185454545,15.0223932,7.201920363636364,826.941809090909,22.60580763636363,23.15264568181819,260.1915245909092,149.93472481818185,-108.55321590909094,-669.3370454545454
140,140,to,44.846,44.926,0.688,9.833615883333334,16.749310233333333,19.323242716666666,10.884277916666667,0.0,643.703545,139.3075235714286,172.80379857142853,148.27683871428573,26.931399285714296,0.0,-523.7710428571432
141,141,talk,44.966,45.167,0.986,23.664024775,-3.1296470475000002,-6.592650508333333,-5.490040858500001,0.0,655.0813600000001,96.67513610139856,-78.39401843881117,-96.27624176573427,27.529827782167825,0.0,654.219076923077
142,142,to,45.187,45.247,0.752,-4.674560250000001,7.82940125,8.323648125,6.444488375000001,0.0,842.579035,-565.3387450000002,72.52877500000001,417.03981350000015,146.25271350000006,0.0,-996.8437000000009
143,143,you.,45.287,45.407,0.748,20.756459375,6.4769454575,32.4227469375,15.16559875,0.0,488.68807875,65.7912982142857,65.48857344047619,-370.60330565476187,-102.22987976190474,0.0,1400.6734464285714
144,144,"Well,",45.747,45.947,0.868,25.839057296296296,3.771685370370371,7.97458217962963,-3.1424031407407407,13.28335911111111,942.8599644444445,66.67720072039074,-66.01555591575092,-37.33920365842492,-115.0378665934066,86.84989865689867,-474.3852719780223
145,145,it's,45.967,46.067,0.77,35.118855833333335,-15.523890999999999,25.24575545,-3.156252616666668,10.348956833333334,743.1296416666668,-336.3278442857143,-110.31818000000001,306.7353035714286,294.2581667142858,-355.2236728571429,4303.6327
146,146,great,46.087,46.267,0.779,36.9159725,-19.165936319999997,18.435089249999997,11.377204164999998,19.999249900000002,846.4881090000001,64.51637303030301,-5.5343933939393795,211.07658978787873,120.26347386363634,-122.78594696969695,-1692.4793060606057
147,147,to,46.287,46.367,0.568,38.4150266,-11.042933196,32.3538728,20.72220524,32.4013858,632.58299,123.59238000000005,286.2556822000001,-26.472510000000028,354.64671300000015,-41.005020000000016,2539.009350000001
148,148,be,46.387,46.507,0.806,41.79343114285714,-12.290727142857145,22.382595142857145,15.845888,40.84171142857143,791.1183,-22.385700000000014,-122.89947857142862,-53.53686785714284,-204.83358214285718,63.06152857142857,1877.756964285713
149,149,with,46.547,46.667,0.879,43.937009999999994,-8.970499625,12.911502612499998,10.66368,23.143115625,773.29522625,-74.74117261904762,-62.78880178571426,225.0667568452381,396.86067738095227,-230.9727827380952,-1668.7971249999998
150,150,you.,46.707,46.827,0.726,40.593604625,-19.0673385125,25.322674666250002,11.0345048875,31.65642725,980.3852750000001,119.0223446428571,-161.4215039880952,-298.95359993452377,-175.39799077380945,0.850717857142866,78.11988095238125
151,151,I,46.867,46.947,0.746,46.89634916666666,-38.84011333333333,3.29076425,-4.039207683333333,30.815958833333337,593.5408800000001,-2.9383100000000066,-128.58316571428568,281.27081328571427,252.71956100000006,-15.882967142857149,-6881.734
152,152,enjoyed,46.987,47.307,0.972,43.61480511111111,-19.803213433333337,23.587965944444445,14.668137427777781,29.16560505555556,791.4590066666667,10.379326212590296,-36.54661029927762,-84.6017126006192,-27.891788818369463,8.786379205366362,989.3715149638804
153,153,Brian,47.347,47.627,0.775,44.88974725,-29.651702117499998,6.125709170625001,0.14119188749999978,28.086363999999996,638.9570699999999,-0.07671102941177523,-136.5302491617647,18.24570410955881,-18.319016397058835,32.99531867647059,-2718.283829411764
154,154,when,47.647,47.747,0.958,49.842307,-1.984612816666666,10.221381858333332,9.994164466666668,29.334092666666667,814.7795,-128.21068285714287,346.8168801428572,307.6816512142857,38.514904571428566,-15.936034285714294,711.7090285714291
155,155,you,47.767,47.867,0.806,35.799593333333334,4.137957,47.21699483333333,23.636608666666664,13.437740666666665,688.1109916666666,-120.09252285714285,-20.503122857142838,43.91690999999997,110.22711999999997,-350.6037685714286,-6519.817785714286
156,156,came,47.887,48.067,0.888,45.4162893,-30.935141800000004,27.9245127,12.4263769,27.225992400000003,617.267924,55.36019424242424,17.594844242424227,-108.07230515151512,13.178743151515155,78.87735575757573,-1167.2561272727266
157,157,to,48.147,48.207,0.994,44.993442,0.6321643542857144,27.150436714285718,21.409980571428573,28.923076714285713,931.5876885714285,-47.283274999999996,-209.24541685714283,117.81799999999998,185.77594285714284,-11.96003035714284,2939.2281785714285
158,158,the,48.247,48.327,0.829,43.53480666666667,-15.954078666666666,26.735598666666665,23.98722566666667,28.688159333333335,780.1633066666667,49.54443714285716,-269.6978114285714,-35.79657428571431,-231.09673428571426,-2.045657142857138,-4966.313314285714
159,159,office,48.427,48.728,0.602,40.294003399999994,-27.641876774999997,15.699252725,-6.675292758500001,22.06468885,703.507587,-17.873240977443608,61.85355817669175,126.77177704135337,57.74729098609024,-82.68265063909774,405.7750639097746
160,160,in,48.748,48.848,0.734,42.80554466666666,-2.785716083333334,30.65845516666667,18.67787733333333,27.5701845,676.2667933333333,-82.5306742857143,497.4999135714285,-67.28251571428571,105.34218285714284,-31.356409999999993,5381.6810000000005
161,161,DC,48.888,49.308,0.72,35.10242939130435,-15.466866769565218,49.06689895652173,17.748371504347826,19.992367565217386,649.2109059130436,-3.7521646739130468,-42.50666448616599,33.999077075098796,-28.203658992094848,11.722214920948616,253.18039703557295
162,162,to,49.348,49.448,0.64,43.49689471428571,1.356751997142857,27.060048357142854,20.236688285714283,26.51036385714286,540.4365357142858,96.96845714285716,41.36576292857141,-295.27460625000003,-97.67526428571429,-21.908355357142867,2681.314482142857
163,163,visit,49.468,49.828,0.907,44.083854631578944,-17.483948430263155,29.284121947368416,16.99464078947368,25.687056315789476,722.4478905263159,-6.637148070175432,-56.365013385964915,42.80988421052632,28.215538947368426,15.060356754385966,-394.8583473684211
164,164,and,49.908,49.988,0.925,43.09920475,-29.23438148125,30.643307125,16.571873125,26.454007875,612.4255125,-24.429339285714278,201.23269943452377,89.97094464285712,34.20108273809524,-7.696436309523818,2166.022369047618
165,165,We,50.72,50.82,0.996,34.0492201547619,-18.945829652214286,29.010506547619052,17.552334726190477,10.693140595238095,795.4613414285714,7.810036182238066,13.278277952285066,-5.568388967668748,-22.920208700672553,20.518728040677416,-175.478713232315
166,166,go,50.86,50.98,0.887,45.753087625,-12.692025212499999,17.474124075,-13.025378125000003,29.380648625,763.4418375,63.067886309523786,79.51828255952378,-96.20541107142857,-356.8270910714285,-20.55615297619048,-438.3725000000003
167,167,back,51.02,51.241,0.811,42.349090615384625,-34.2189314076923,8.682105838461538,-1.298818453846154,27.469602230769233,609.8739915384616,-21.598393406593402,-59.82354703296702,-88.40834434065931,72.23537425824175,-39.8294445054945,-2127.0028461538454
168,168,a,51.301,51.341,0.546,46.9135446,-3.4080828,6.966151299999998,-22.014286600000002,28.127713399999998,694.606332,62.394549999999995,406.5392350000001,62.34267,-368.76061500000014,-12.708605000000016,1759.831400000001
169,169,long,51.381,51.621,0.887,49.19810985714286,-7.715993657142858,7.634148112857143,-27.931605,27.660932428571424,714.3687928571428,-2.973549890109902,-68.07652419780217,18.40902178241758,148.83295461538458,-36.21200593406592,-405.7176109890108
170,170,time.,51.661,51.881,0.767,41.33158092307693,-32.435519038461536,12.194073861538463,-1.0525809884615391,24.92402553846154,609.273586923077,28.87682225274726,-24.11315247252746,-80.37680260989012,3.0361557967032886,86.43382527472528,1076.5569615384613
171,171,I,51.941,52.021,0.753,46.54664142857143,-35.010879714285714,6.67493747142857,-12.814011735714287,29.676475000000003,618.3660742857144,-14.058626785714315,89.8305071428571,-6.496581250000001,-186.021085625,8.99175535714285,-5713.643303571429
172,172,learned,52.041,52.221,0.787,49.382671900000005,-17.27397418,8.466073990000002,-1.4141453000000006,29.686049000000004,881.372568,-16.57975484848487,-5.373869818181812,143.40156839393936,406.4586081818181,-10.995402424242414,2259.4529090909086
173,173,a,52.261,52.281,0.043,49.858012,-12.406145,21.75948766666667,-17.429666666666666,28.333956333333333,877.7358066666666,0.9088999999999434,421.6460499999999,-64.94127500000003,-1099.8011749999994,-11.654750000000018,-2036.3757499999983
174,174,lot,52.341,52.521,0.86,47.07849683333333,-28.157122733333335,9.436138858333331,-22.602662241666668,24.212837833333335,833.9367416666665,-0.9991167832167795,-136.27236419580416,-38.88866603146852,142.56946907342657,7.524161888111889,-954.0984055944052
175,175,of,52.541,52.581,0.596,51.84541066666666,-8.578963933333334,13.685435100000001,-28.284312333333332,28.879649333333333,923.0894,-231.40879999999987,649.9225374999997,301.90881749999994,-147.4505749999999,-7.798299999999966,-2582.3044999999997
176,176,lessons,52.621,53.002,0.84,40.702292857142865,-14.229635,21.40066205714286,-4.819286521904763,21.183424190476195,652.5825180952381,-20.894674675324673,45.95383674675325,114.89266768181818,94.37459755324676,-33.59211272727273,-23.985560389610278
177,177,from,53.082,53.242,0.854,38.374565833333335,-23.434530433333332,16.163854563333334,12.476825116666667,16.660900166666668,891.5260733333334,144.6075234265734,314.7067901398602,-187.18563620279718,-89.01449646853145,170.88672447552446,1522.1693006993003
178,178,you.,53.282,53.602,0.789,43.040426611111116,-8.3153358,26.35783416666667,8.480813794444446,29.349020944444444,832.553146111111,35.753102425180614,-31.308299783281726,-108.7670375128999,-144.83512123323018,2.5749204850361203,1020.117459752322
179,179,You,53.922,54.022,0.983,43.43384833333333,-5.609532323333334,26.272383552380944,25.418375342857146,28.90943371428571,774.2680171428572,-1.9532781168831193,-31.96853273766234,-2.130349285714288,48.34128633116883,-0.38546701298701086,881.9643915584417
180,180,were,54.042,54.163,0.564,51.38740857142858,-5.892948214285714,-7.385812199999999,-4.719277428571429,30.30790557142857,902.0988128571428,-3.3899714285714206,131.28336875000005,61.59939607142856,-95.25340880357145,-17.389444642857132,-1171.4536607142854
181,181,one,54.223,54.303,0.856,48.60135885714286,-16.758502614285714,-0.563120704285714,-11.541418142857141,30.037853142857138,825.4403814285714,62.95176785714281,-481.44105482142857,-49.158495107142855,282.8597892857142,2.170262500000002,-454.77610714285714
182,182,of,54.343,54.383,0.98,49.41935425,-27.468798,14.67379025,11.234457825,29.414901249999996,585.711965,-90.00649500000002,401.23047000000014,219.77646500000012,144.17786350000006,-19.887734999999974,5845.341700000002
183,183,these,54.423,54.583,0.797,38.922574000000004,-13.9943944,42.6352296,31.51993,22.3361871,820.9016760000001,-22.707775151515154,-25.613909696969678,202.5054981818181,-4.061936363636363,-145.53547606060602,537.9138424242424
184,184,quick,54.703,54.943,0.943,38.054602388888895,-20.21070297777778,15.654401855555555,11.272171397222223,11.75326011111111,835.5753416666666,0.4303600103199104,-77.1771133642931,-27.521600650154785,30.832530730134167,-36.042193498452015,-856.4915928792568
185,185,studies.,55.023,55.423,0.92,32.76203130416667,-26.698002504166666,36.52530065833333,0.6234135333333327,24.592862916666665,593.8609408333333,62.23515335869564,73.39487524565216,3.0659087913043437,55.35819938695651,14.680840739130437,-934.037647391304
186,186,We,55.904,56.044,0.982,41.63888264516128,-20.42660905483871,31.589363567741934,5.8723404322580635,15.066937000000001,812.3680948387097,21.778908205645166,100.56261534072581,-8.93906996975807,28.6586533266129,34.78623467741936,-166.91005221774205
187,187,go,56.064,56.224,0.805,44.27902066666667,-19.630734888888888,12.655275187777779,-11.940748511111114,26.496497444444444,827.4002811111111,81.22797833333335,-127.33996166666665,-262.65110635833344,-382.2043353333334,97.9214375,-1467.3916249999997
188,188,and,56.284,56.384,0.813,45.8966595,-14.4552371375,27.571896450000004,17.677654499999996,28.199181,991.929955,-54.032552380952374,310.73029755952376,234.3279409523809,412.1512059523809,-11.027488095238088,-1905.3789761904761
189,189,show,56.784,56.984,0.958,31.949715283333337,-27.47562266353333,25.127665465666666,11.909017053333335,11.304123,682.6671593333334,7.1952419410456105,-5.922525475528354,-43.993550489543935,-75.03881519021134,37.71135503893214,401.90749899888766
190,190,each,57.045,57.185,0.776,34.2239131,-17.52493607,41.22278513,15.794402350000002,15.5091164,814.4584150000001,-216.44858090909085,-118.5877369393939,363.0653964545454,6.957243181818163,-137.0181412121212,3454.544481818182
191,191,other,57.245,57.465,0.767,45.471668928571425,-24.169137235714285,20.229053150000002,6.626923185714285,25.5375925,748.1458635714285,-21.274777252747242,110.40404559340656,27.710042252747243,195.9590776923077,-86.98303527472528,1997.7837417582414
192,192,tapes,57.505,57.805,0.85,37.31419664705883,-26.25017155882353,37.408763,9.466452770588237,16.438758235294117,776.3551170588236,-20.894423284313728,16.428518933823522,88.00799558823527,-15.810267083333338,-67.92929411764705,1303.724132352941
193,193,and,57.865,57.945,0.832,34.71450471428572,-18.820326542857142,37.32615842857143,-0.31608525714285746,20.51963257142857,760.8168157142857,269.6526053571428,195.08145071428572,-344.48488392857143,203.82482553571433,250.8918642857143,-2315.7460000000005
194,194,I'd,57.985,58.085,0.603,44.292204428571424,-33.08602042857143,19.08489032857143,-0.2621666428571423,28.281296428571434,504.58181428571424,-53.40249107142855,149.63473749999997,249.63403874999997,409.01503750000006,-4.371676785714282,4207.504142857143
195,195,be,58.105,58.205,0.788,40.086246,-20.9119675,49.1239445,24.614930716666663,14.292731833333335,948.09792,-145.69490857142856,40.246195714285726,367.49998999999997,-317.9270835714286,-367.74291000000005,-6545.791371428571
196,196,"saying,",58.225,58.365,0.326,39.156368625,-12.035364262499998,34.719155,14.086851312499999,16.754202749999997,879.7866274999999,118.82342797619044,210.70230327380955,-186.3930964285714,211.45249136904752,112.00870357142854,-2180.9235833333314
197,197,I've,58.466,58.566,0.455,52.5606804,-21.055235500000002,2.121720093,-3.0353477829999997,20.9088733,635.4620749999999,4.370548484848504,-64.77196745454542,33.57159469393939,192.25038142727266,-56.204558484848484,759.891215151515
198,198,been,58.586,58.666,0.116,47.511136199999996,-6.7723826,28.9728652,9.8471649,30.480053599999998,574.0799719999999,-51.434875,255.49016000000003,317.62213000000014,25.460188500000005,-47.69409999999999,-1018.1113499999997
199,199,doing,58.706,58.866,0.711,47.0239952,-7.48425303,20.6313721,11.949357420000002,28.775446200000005,726.952113,48.782196363636366,-123.89807621212117,-69.18415969696966,-92.98040363636363,-6.3615806060606035,-1013.5374030303026
200,200,this,58.886,59.026,0.876,41.500037625,-12.8340213625,28.960966125,-2.9525035499999994,17.532454124999997,761.42909,-67.9508327380952,-39.48943732142856,95.63327083333328,-78.19032869047619,-50.773426785714264,2486.6019047619043
201,201,a,59.046,59.086,0.635,51.38959233333333,-1.7434975833333335,14.452813333333333,-34.95222966666666,26.189209666666667,918.01283,80.90077500000007,75.41561874999998,402.4933249999998,-86.93780000000007,-3.520374999999996,-712.2807499999989
202,202,long,59.126,59.346,0.949,51.44682576923076,-6.758304730769231,5.139598273538462,-24.572287769230773,25.335783923076924,721.281076153846,-28.168258241758238,-8.293156923076923,29.347708069230773,193.7626098901099,-49.03685439560439,455.6179642857142
203,203,time.,59.386,59.586,0.96,45.82093333333333,-28.425701399999998,4.030155858333333,2.2829275795000004,27.326831499999997,594.3966633333334,65.25917272727273,-56.23815965034967,-138.3719628496503,-64.86493979265734,62.32240279720279,-1106.2322867132866
204,204,But,59.606,59.706,0.825,47.602312000000005,-10.617556325,18.083176083333335,18.605172666666665,24.8621895,688.7741599999999,-13.899560000000031,-202.7234209285714,224.42550785714295,133.50778285714287,-14.669798571428595,-3520.4846285714284
205,205,you,59.726,59.806,0.846,42.6136894,-6.656972659999999,37.2169746,28.1126188,24.627274999999997,842.5839159999999,47.94106000000004,-187.2087315,-88.548935,-70.00469,-17.81823999999999,-3184.8325999999997
206,206,"know,",59.826,59.947,0.982,48.21572742857143,-23.972690857142858,13.355396462857142,5.516067742857142,13.526820285714289,889.6495800000001,-80.71863214285712,102.6486767857143,82.0882379642857,-80.3042092857143,-256.0971892857143,-3243.8321785714284
207,207,Brian,59.987,60.347,0.715,48.35778975000001,-24.9541142,4.1394345050000005,1.2797832550000003,22.7748868,680.7087435,9.591899887218041,-48.747467451127825,57.789606823308276,46.57947886842106,57.24940909774437,-830.744604887218
208,208,really,60.367,60.627,0.718,48.93538728571429,-15.774780035714288,13.829959885714285,4.8735434571428575,28.932073214285715,957.1666171428571,-53.571595384615385,-24.755524054945052,174.16148983076917,63.80400672527473,2.1867001098901073,-665.4284967032964
209,209,does,60.667,60.867,0.808,42.56298441666667,-21.263389916666668,29.969867125000004,7.143954058333332,23.87878316666667,936.7914516666666,4.68731835664337,-41.7719596153846,35.716208479020956,-94.44886197552445,102.25600874125875,2185.614367132867
210,210,it,60.907,60.967,0.754,49.607645000000005,-22.885733899999998,10.26893212,11.045158,10.966045600000001,1053.5280520000001,118.14199,358.9840600000001,-480.8047915000001,-284.6076100000001,-36.34798000000005,-957.471700000001
211,211,right.,61.027,61.227,0.84,46.49992092307692,-28.978537576923074,9.267670807692307,-0.9034751538461551,27.290384076923075,742.4599953846154,-97.01931565934065,-120.9863539835165,274.8529909065934,208.73004766483515,11.118411538461544,-1613.2805796703294
212,212,And,61.267,61.348,0.855,43.07287366666666,-26.489416083333328,39.0347035,22.429098999999997,29.030827666666667,614.445545,-30.47001714285714,318.03287642857146,-176.75073571428575,61.98054285714288,9.7977142857143,2112.064414285714
213,213,it's,61.388,61.508,0.838,37.760347375,-22.8457526375,36.6466564375,6.223460224999999,20.28890025,900.11225125,-66.05248630952379,-1.93028982142858,-51.74818898809524,-203.30973035714283,101.79079166666666,1794.1786964285714
214,214,all,61.528,61.668,0.827,46.840087874999995,-27.345261125,-8.61795016,-32.818716124999995,36.828838250000004,770.72965375,-11.87051130952377,93.27499226190474,-71.44866383333331,-32.439867261904766,-11.66569285714285,-1967.2407083333333
215,215,about,61.708,61.908,0.996,47.746139416666665,-22.392495749999995,4.5888401275,-10.027519496666665,25.998498,489.91967500000004,-39.15324353146852,-156.66183209790208,97.55241924300701,110.88308716783214,-112.76582237762236,-781.6237972027969
216,216,communicating,61.988,62.648,0.945,40.630311270270276,-16.35907678108108,37.79107183783783,12.61061447027027,22.0219512972973,621.7289535135136,3.2910412991939304,-10.25797048601233,42.45435889046942,0.7235693598861992,20.250125557136084,-178.83706401137985
217,217,with,62.688,62.809,0.846,43.967136624999995,0.06704035374999995,27.179554375,10.9976241375,22.045249124999998,863.5262512499999,-42.304729166666675,-10.451916970238088,44.1521375,127.44588303571429,-113.44829107142856,444.5097202380951
218,218,patients,62.829,63.249,0.752,35.6257975,-25.10143031454546,49.463857318181816,11.207236939545453,15.36652690909091,771.8373004545455,-25.121513071710893,46.069588926030505,79.3895277526821,14.160568822416714,-82.77354551101074,1124.6253283455676
219,219,and,63.829,63.949,0.769,34.75346602857142,-30.543746334285718,22.927984962857145,8.423596014285714,8.338170457142859,609.6011882857143,46.29507029411763,21.375908154061616,-44.86089819047616,16.8167366652661,51.00113484593835,-820.5264365546215
220,220,giving,64.049,64.31,0.956,42.135660944444446,-6.265262216666667,34.475140999999994,20.03843855555555,30.281083166666665,757.4908983333332,10.048507894736842,-105.90155279153768,-6.708284210526322,-26.41176119711043,15.373753818369453,-70.74537719298253
221,221,them,64.35,64.51,0.808,47.27576,-22.26557080909091,20.477861636363635,12.310946818181817,30.216904454545457,761.0141836363637,3.232084545454533,-54.46172795454548,-33.55049227272728,0.07896909090908717,-3.7362140909090944,629.1978863636368
222,222,information,64.55,65.19,0.857,41.060946878787874,-25.324197233333336,35.10255406969697,15.56379611818182,23.830596454545454,819.0474018181819,-13.729733405748663,-12.083689568850271,58.450761634358294,6.563957877673798,14.003778576203212,366.33627690508024
223,223,in,65.27,65.39,0.702,42.797195,-13.414950234999997,40.87618479999999,26.6074233,28.2743286,626.6000379999999,-10.517003636363622,151.92827413636363,-74.44695696969694,84.23428575757575,-0.8560781818181896,-700.2760060606059
224,224,ways,65.771,66.051,0.757,37.394269852941186,-13.100116052941175,27.24936815235294,9.072606154117649,17.01129288235294,666.8215652941176,4.638073498854087,-20.660713822765466,19.633371938426276,-27.183186452711983,15.187506692131391,-608.2267416348355
225,225,that,66.091,66.231,0.797,38.30299255555556,-13.247321055555554,35.85132544444444,17.45930444444444,16.222159222222224,843.0570533333333,11.77502666666667,102.3584334166667,-100.19138833333334,23.44802500000001,-129.71095333333338,725.2700166666665
226,226,they,66.251,66.411,0.867,38.482775333333336,-29.805663844444446,42.30742122222222,11.51424281111111,22.625250444444443,531.013251111111,-69.17225916666666,134.78536350000002,168.81657750000002,62.58385166666668,-166.99416500000004,-1038.9802750000006
227,227,can,66.451,66.591,0.989,39.81436855555555,-31.21136811111111,32.66054066666666,10.80089668888889,22.807443666666668,730.8737077777778,154.53070750000006,-9.172974999999992,-114.29913916666669,-102.43562083333335,160.89056833333336,-1132.0235500000001
228,228,understand,66.651,67.272,0.841,37.54889397058824,-31.046764847058824,37.21570667647059,12.545846109705883,18.789042147058826,682.5541985294118,5.179049251336896,-5.496726964094729,-6.988779961802902,-0.6546585921313935,11.061557501909848,-407.1778381207027
229,229,away,67.332,67.592,0.938,44.299581374999995,-21.8008518875,32.708760187500005,5.58495261875,23.1188723125,890.99396,-41.41314308823528,-88.94412749999998,94.52851669117646,132.94282038970582,-37.469082279411765,288.4479073529412
230,230,from,67.652,67.792,0.86,41.4288268,-19.267853193,19.832598089999998,12.987723119,19.5694065,910.378414,114.34259393939394,244.35382752424235,-120.53307627272724,-108.54991723939392,170.90830999999991,-939.8059878787876
231,231,all,67.892,68.012,0.799,46.816228090909085,-17.024362545454547,10.08409559090909,-37.51980581818182,30.52925518181818,875.711370909091,-12.994659090909096,-66.63334681818183,31.59908845454547,-29.831432727272738,-10.092821363636363,994.5603863636366
232,232,of,68.032,68.092,0.182,45.66427725,-12.379738,19.56744775,-5.34828635,26.830501749999996,802.8125600000001,16.481955000000003,201.16796000000008,260.7050550000001,660.7065630000002,-22.33837499999997,-346.36250000000035
233,233,the,68.132,68.212,0.793,45.828984,-10.753851966666668,30.743963666666662,17.7391711,25.81315366666667,991.3152899999999,-158.08870285714283,327.0286896285715,53.688671428571425,265.2992574285714,-8.409142857142848,-1058.4243714285715
234,234,medical,68.272,68.633,0.952,43.94409842857143,-20.922965700000002,22.697471095238093,-1.9377652952380948,23.32258004761905,671.7984766666666,11.229327272727268,72.35043927272727,-22.20934276623376,-163.23837452597405,2.412694220779227,540.5223253246753
235,235,leaves,68.653,68.973,0.609,36.967389294117645,-17.76237085294118,49.996353941176466,17.884240922529415,28.808166411764702,780.886765882353,5.820055759803922,19.05335943627451,5.619552205882362,20.777786952941188,-1.927024877450978,710.8100110294116
236,236,and,69.013,69.093,0.319,46.0501635,-5.4961565000000006,23.975712166666668,17.621880833333332,25.32046033333333,658.2266866666666,-63.92052714285717,36.79566028571425,2.1268214285714393,84.61140999999998,-44.0133142857143,2466.471085714285
237,237,the,69.113,69.193,0.826,42.1465376,-29.7578128,31.2097992,11.255948319999998,4.7475472000000005,886.19118,-232.37895000000003,-6.244614999999982,140.26499500000006,66.081269,-237.37736000000012,-501.1087500000007
238,238,fancy,69.233,69.613,0.806,38.69476995238095,-24.317117028571428,35.69388266666666,10.537516904761905,18.52418404761905,778.5999619047618,13.398774740259737,76.7780362012987,-1.8815570779220803,-10.664594350649354,12.567866558441555,672.5333974025973
239,239,language,69.653,70.114,0.821,43.464838,-22.903631172,26.404849383999995,6.622514722,26.37281512,735.3496920000001,-12.682711961538462,56.7261587153846,72.2591744153846,120.18188999576924,-5.6143720769230745,987.7565849999999
240,240,and,70.154,70.234,0.818,38.9524245,-11.583525676666667,47.22256733333334,33.017010166666665,12.5780765,862.7189166666667,-172.15056142857142,97.77548260000002,96.03869142857143,-28.951315714285695,-327.01899857142854,1963.3329428571435
241,241,just,70.254,70.394,0.852,29.247129,-28.483152125000004,58.053634625,12.562180535,24.167662125,1082.86035625,-210.82781547619047,-16.791920833333315,187.60491488095232,-241.53158019047612,-3.020757738095253,-693.6727678571425
242,242,putting,70.854,71.114,0.813,31.32529452777778,-26.026725223888892,25.39761791222222,14.020704843055558,9.47628488888889,867.2228588888888,29.06974393178892,38.54571004414414,-1.3415969438867468,5.36272570881596,45.93965047619047,491.75237734877726
243,243,things,71.174,71.475,0.761,39.87189272222222,-18.759216366666667,37.1250685,13.129193916666667,22.708694999999995,784.8596322222223,25.140396130030954,63.015059989680104,62.8252645510836,17.99371372033024,80.91182600619196,-162.36832404540746
244,244,in,72.315,72.415,0.897,43.72961274468085,-19.48242165753192,31.128027819148937,14.16543747657447,20.15579329787234,595.9774742553192,1.4693910094819618,1.2375594007747464,9.297790121993533,2.3206914759655426,-14.14235002890842,-102.40215338806667
245,245,layman's,72.776,73.116,0.925,36.901447600000004,-7.0107537497142856,34.67008662857143,10.344765284,14.503410114285714,779.6962477142858,2.675382899159661,-53.164162868627436,37.77224305322127,-24.758264218207273,24.430241218487385,514.6321212885153
246,246,terms,73.156,73.456,0.802,44.78520964705882,-24.422053315294118,12.136623688235295,1.6547250588235294,25.678476470588237,906.4815176470588,57.3969725490196,89.35225677450978,-8.041300196078447,14.338835625000009,31.81819840686276,-980.9999117647062
247,247,so,73.516,73.617,0.997,30.9974760625,-26.347524625,42.530442875,-10.664598999999999,10.293163375,934.8368525000001,242.85203958333327,9.337351785714276,-404.5476113095237,-79.68809047619045,243.52915178571425,-3517.4653690476193
248,248,that,73.657,73.777,0.835,38.740285375,-12.5471614,32.731659625,11.252521999999999,6.558783875,916.3050125,-60.715300595238055,89.82744488095238,-29.743593452380924,191.2158726190476,-187.5562982142857,-2868.741488095238
249,249,people,73.797,74.057,0.795,39.27089935714286,-6.952953542857143,37.02388678571429,5.627640928571429,12.776862142857144,711.6255928571428,35.154270000000004,112.8861987252747,-134.12914934065932,-264.0606289010989,-22.44586703296703,273.00610109890084
250,250,can,74.097,74.237,0.933,42.53758455555556,-26.631987777777777,26.100010666666666,13.138594944444444,22.628975666666665,693.0348133333333,79.94548333333337,26.49056166666664,31.85404666666667,-54.433500000000016,159.24414583333336,-161.45281666666693
251,251,understand.,74.277,74.858,0.808,37.65259046774193,-27.314922461290323,39.436190806451606,9.537912014838708,25.03925080645161,764.3613561290323,-3.0271658669354826,-15.787838104838707,-9.148962822580645,-0.6631069491935457,10.633712580645163,-1083.652431451613
252,252,And,74.898,74.958,0.885,43.2248342,-14.20284172,35.8122564,18.822708,25.9782978,666.9037940000001,-118.12018500000003,552.0883595,49.68993999999999,300.28557000000006,7.888114999999997,9606.123900000002
253,253,communication,75.538,76.219,0.844,34.96516831746031,-24.034062771428573,35.58864741269842,15.562117019047623,15.058396285714284,658.3234601587303,-0.5518665970622142,-0.9348443733198937,25.31769998559909,-2.4184004521889415,18.740545199692782,38.72834927035333
254,254,is,76.279,76.359,0.817,33.50980142857143,-21.657847428571433,51.77728985714286,7.974604057142857,11.829225,983.9446657142856,-209.72893749999997,-49.269417857142884,185.10686071428574,-257.97067,-296.3400410714286,5605.305535714285
255,255,so,76.399,76.559,0.857,35.882832400000005,-27.970243000000004,31.936756900000006,-18.36961864,22.949049100000003,915.490657,226.06382242424237,98.52103939393936,-303.7447669696969,-69.29132200000001,218.14123666666663,-1419.9197727272724
256,256,much,76.599,76.779,0.737,40.573161636363636,-28.258112363636368,20.66477225,7.433640936363636,27.533458454545453,864.0021054545454,-148.70561045454548,-140.63172181818186,229.5584485454546,202.62573404545455,0.06108590909092433,480.52663636363656
257,257,of,77.2,77.28,0.829,30.957994199999998,-19.335466912,21.441702556,9.549873131999998,9.06324352,752.5906904,77.11643288461539,76.92562298461539,-96.23841749230769,-97.31266301923077,34.178291423076914,193.68083923076918
258,258,importance,77.34,77.7,0.837,45.859275571428576,-5.886240952380953,16.303853271428572,3.076988728571428,23.801367,786.9763880952381,-26.662461688311687,-46.98672016233766,79.5117209155844,8.000879032467532,20.088886818181816,808.7593999999999
259,259,of,77.74,77.78,0.676,48.56570000000001,-5.699745325,26.999989,-0.5432743250000005,27.751685499999997,892.2225875,273.77929000000023,334.86113350000016,-467.68772000000024,-375.4953935000002,-6.937260000000001,380.37424999999934
260,260,what,77.8,77.92,0.782,49.41574442857143,-2.258688302857143,12.29090714285714,-24.36013042857143,12.038638857142857,823.565567142857,-17.012901785714266,36.670532928571426,-50.95683214285713,0.5584714285714163,-301.82735,-185.85949999999985
261,261,we,77.94,78.06,0.938,42.03779099999999,-0.5081573428571426,32.9585845,16.698539128571433,19.25390457142857,965.0861085714287,-105.7280142857143,-5.159276785714297,346.76446875,456.8096039285714,-16.646549999999948,900.5552857142859
262,262,do,78.08,78.2,0.922,42.26050057142857,-8.58841388142857,30.86659428571429,15.863888161428571,27.87002428571429,1043.0536785714287,115.6824017857143,184.80123939285716,-364.3351464285713,-297.74083078571425,-6.36816785714287,-2790.515803571428
263,263,with,78.24,78.361,0.977,43.879223249999995,-5.0824570625000005,23.076645575,4.427323425,23.29053325,773.08730875,-91.50514642857141,-162.23627363095233,230.6226903571428,140.1104058333333,-115.42960357142856,2380.2456964285716
264,264,taking,78.421,78.641,0.933,38.9875775,-14.862096422642859,41.77008764285714,18.566654092857142,13.856883,744.850167142857,67.92805175824175,148.7958000198901,38.99497637362638,99.51415304395603,-3.410304395604398,-305.96723516483456
265,265,care,78.661,78.801,0.926,44.595284500000005,-23.841503,22.81434981875,17.4951893125,16.313656375,903.66668875,136.44223809523803,94.62588809523808,-376.8945002678571,-108.86493482142855,-90.2739255952381,-3851.2489345238087
266,266,of,78.821,78.861,0.002,43.34539966666667,-7.969202200000001,7.607523333333333,16.989383333333333,0.0,957.2408,-161.2844,-71.04765999999996,7.367575000000005,-275.63392499999986,0.0,888.4025000000005
267,267,"patients,",78.881,79.241,0.677,35.648763157894734,-24.021452699999998,46.50245894736842,11.201724557894737,22.306534105263157,786.3357721052631,-33.77378991228071,58.63463228947369,71.27696131578949,-35.619814350877206,-34.692391228070186,45.16729824561392
268,268,but,79.321,79.441,0.882,35.8318577,-12.358890423000002,25.464708610000002,2.5878803199999996,13.7626111,936.3768550000001,212.52628212121212,-7.351213548484853,-342.0483248181817,-148.67001818181814,207.77505727272725,-1918.7431060606057
269,269,also,79.482,79.722,0.867,41.776370714285704,-22.514665892857142,24.521063571428567,-22.42339671428571,20.173641642857145,794.5956778571428,-21.517424835164835,-9.005970384615384,64.43498632967031,92.34420395604393,1.2329535164835135,47.181860439560545
270,270,in,79.762,79.822,0.988,46.6106232,-14.208012460000003,28.2371754,15.58167466,21.60016,791.4303739999999,-89.16848500000006,370.78955200000007,258.884265,354.47001700000015,-275.9238050000001,4463.2972
271,271,terms,79.862,80.062,0.909,45.73956183333333,-18.594251441666668,21.195128266666668,16.32606434166667,22.632095833333334,859.9809283333333,52.42266328671328,125.32876865384614,-13.495530664335666,6.014705087412589,86.60521783216782,98.66402097902073
272,272,of,80.122,80.182,0.879,43.307693666666665,-12.809834783333335,32.16147766666666,31.72328516666667,12.885222333333333,994.1644566666668,-99.72743142857145,39.835371285714295,82.11773428571432,42.25069571428572,-336.0730314285715,-1397.750571428572
273,273,trying,80.222,80.502,0.887,43.9760116875,-29.218341587500003,16.98644689625,11.84516373125,23.8126823125,615.68475625,28.046299779411765,117.4854204705882,65.67596823088232,-12.816902051470596,48.41104242647058,-991.9575132352937
274,274,to,80.542,80.683,0.968,43.02871877777778,-20.223977944444446,34.33289111111111,25.827472111111113,20.67598233333333,919.8493977777778,59.923623333333325,-76.2770025,-85.18811833333335,54.28405416666668,145.75363083333337,1249.1031916666666
275,275,run,81.203,81.383,0.907,39.873228857142855,-25.24762298285714,9.806698274285715,15.605605462857143,11.259731685714286,726.2093145714286,22.946991708683466,9.835052579831931,-37.254741551820715,-44.404963680672246,51.26778156862742,457.99473949579817
276,276,for,81.423,81.523,0.987,46.607253571428565,-18.3926014,6.916481671428571,9.823456814285715,16.490551571428572,930.43078,139.86735714285717,-2.270272499999989,-330.0842791071428,-333.4987719642856,301.7561749999999,-187.62639285714258
277,277,elective,81.563,81.964,0.954,44.66908322727273,-18.889927856818186,15.211177860454548,0.20558435000000036,25.95191145454546,644.6940268181819,-18.349472303783173,-13.53578843167702,7.132859448616596,94.17501084415584,-6.012195708639189,701.5221318464145
278,278,office,82.064,82.364,0.963,41.5772747,-27.204348349999997,12.508901401500001,-9.86932644,21.856784100000002,719.44884,-24.689471278195487,29.494692142857154,155.19399295300755,113.50503819548872,-76.56273669172933,102.02449398496266
279,279,and,82.424,82.524,0.87,37.249075625,-6.9255475625,38.116834374999996,8.813465755,16.52077225,707.99867,36.6263505952381,110.7517626785714,93.98357678571428,16.178387214285703,-85.13254285714282,517.2374166666676
280,280,serve,82.584,82.864,0.855,44.02418829411766,-20.597542223529413,18.604797808235297,7.24707002917647,23.276620882352944,911.1032894117648,79.0322305147059,122.82583462009804,-144.88345426960782,85.71911051519608,65.90226348039216,-1153.3557904411762
281,281,the,82.904,82.964,0.984,43.5446538,-4.374296466,33.133026799999996,27.6983094,16.1445796,746.109302,-34.849740000000054,101.10354530000001,68.08888999999998,29.40815500000003,-413.6299300000001,1945.0572499999992
282,282,people,83.005,83.325,0.832,38.74524972222221,-8.102618383333335,37.10211999999999,6.70029325,20.10570594444444,857.4288211111111,47.37071377708978,20.015493906088764,-73.30120020639835,-252.85751504127973,46.198309339525295,114.89922084623319
283,283,of,83.405,83.505,0.764,47.17197477777778,-15.03106081111111,18.58560188888889,-10.423967011111111,26.537171999999998,790.0443533333332,-8.995317499999988,49.37224866666668,112.11949083333333,378.03926741666675,-9.198265833333338,1444.0446833333335
284,284,my,83.585,83.725,0.946,47.438362272727275,-18.619759554545457,17.947544454545458,5.036958409090909,24.896282909090914,682.9146163636365,41.34814954545456,-167.1672038181819,-80.83425113636363,-57.8156238636364,59.54802500000002,-3899.32225909091
285,285,home,83.745,83.925,0.904,44.2558809,-6.834356830999999,24.96424398,-1.71266031,22.7183654,915.503997,-89.89772030303027,-15.551035069696963,267.10154787878776,153.48998996969692,-143.08327818181817,361.22891212121186
286,286,state,83.965,84.206,0.689,33.248331500000006,-28.13520099999999,46.92886614285714,12.181975271428572,17.63770057142857,769.2035599999999,119.5520812087912,8.77371868131868,-168.97601186813185,160.1260468351648,134.91690373626372,-2377.7462087912086
287,287,of,84.246,84.286,0.226,49.109714499999995,-6.614047214999999,12.8053825,1.7872200749999996,26.441547,849.9939999999999,-29.10374999999992,566.4493557000002,35.919660000000015,-785.0351815000004,-9.782419999999984,-3250.1906
288,288,Wyoming.,84.326,84.786,0.896,46.52281456,-19.07136426,16.020850668,-1.273709572,28.2941558,561.475286,-8.162079653846147,27.531288803846152,58.87342328076922,89.9947746,2.2142303846153872,-105.22131461538466
289,289,And,84.826,84.906,0.804,45.551078,-12.996587333333336,35.38006633333333,29.068075000000004,25.587398833333335,517.5428583333332,-23.026928571428584,172.88655142857144,-82.36055714285716,61.32261142857141,-5.928672857142868,1553.9679285714296
290,290,the,84.926,85.206,0.708,42.22880706666667,-20.70018864,34.66597386666667,20.29491376,25.287668866666667,859.6192406666668,5.619609999999989,12.875248964285715,-56.63424339285712,-30.77023489285714,-1.876215000000002,2153.1634107142854
291,291,thing,85.226,85.367,0.903,42.50099625,-23.051960375,27.36927,19.275957749999996,28.109779125,729.30654125,96.79471071428573,73.35766845238093,-39.60998690476188,72.92972738095236,120.47615059523808,-1973.023839285714
292,292,that,85.407,85.527,0.948,49.6105035,-28.647694125,10.929863167499999,9.7905663375,29.045174875,923.4703175000001,-18.947369047619052,-206.6525172619047,-180.5669199404762,-278.63937077380945,-16.35563273809523,-418.90070238095166
293,293,I,85.567,85.627,0.577,46.0146576,-38.5924916,8.9120742,-1.798629086,28.9593884,667.7546100000001,58.53606499999997,-76.11965499999998,438.68450000000007,279.71100600000005,-0.49649499999997426,-1685.0427499999996
294,294,always,85.667,85.867,0.796,43.463917,-20.81862148333333,25.9422125,9.022121825000001,20.81117575,698.5523583333334,-81.09697832167831,111.44554884615383,236.60925244755242,92.91689987762236,-135.44070262237761,1121.2868496503497
295,295,enjoyed,86.367,86.728,0.798,36.04683965116279,-16.956812144186046,25.320672459302322,22.905667923255816,12.666678767441864,818.2371588372092,30.9244692615524,18.044196097855632,-23.059352709151312,-4.054690772425248,49.72707200996676,-303.47517245545146
296,296,with,86.768,86.908,0.906,42.90904277777778,-8.483104355555556,21.211177777777777,18.919692177777776,12.499190888888888,849.2744866666667,-79.24859333333336,-125.98011075000002,157.4823416666667,99.62897850000002,-235.60899416666675,554.8650000000001
297,297,the,86.928,86.988,0.963,40.467080749999994,-1.3305274749999998,29.49248625,26.6323525,0.0,590.4147025000001,-7.19504499999996,36.10072250000002,294.94343500000014,6.667040000000003,0.0,-2227.0598500000015
298,298,television,87.028,87.508,0.738,44.37514046153846,-13.017587589615385,21.079035146538462,9.00606478846154,22.369543384615387,826.1946626923077,-3.4388048547008525,41.24780661931622,50.782272657948695,68.24336296581194,4.502845264957273,960.1022924786323
299,299,health,87.548,87.729,0.932,45.25067572727273,-23.047609772727274,8.057523245454545,-0.7849912272727283,31.293003181818186,742.5265772727272,-41.87575272727274,-29.355468409090925,-11.077725363636363,-64.19074431818181,90.25029545454547,2185.9831681818187
300,300,reports,87.769,88.109,0.835,44.96876231578947,-7.049183042105263,10.033290794736843,2.2689151731578945,16.190481368421054,888.6464647368421,-17.747394649122807,-31.685566157894744,117.62844400000003,-36.78916675789474,22.35413807017544,239.34256403508772
301,301,and,88.189,88.269,0.766,49.89623125,-20.552448249999998,15.888165100000002,10.105597775,32.7074845,580.72215,24.38974166666666,47.324561904761914,-243.20987880952376,58.71238023809523,49.692708333333314,1281.1249880952385
302,302,radio,88.309,88.689,0.889,46.8380438095238,-22.655903785714287,24.05584811666667,15.016564608809523,28.24663223809524,888.7317423809525,-2.6788534415584357,-1.570004870129865,34.97282327597402,-28.645355199025975,-15.47679915584415,-245.00103701298698
303,303,in,88.749,88.809,0.652,50.17169233333334,-12.040051083333333,10.469141883333334,16.405366383333334,26.469647499999997,910.5391683333332,27.200179999999992,187.59940785714286,76.84189071428571,71.04607214285716,-3.040661428571434,50.49472857142824
304,304,Wyoming,88.829,89.25,0.904,48.179838909090904,-13.804723310909093,13.22205110909091,2.0825078818181813,25.983699636363635,674.317144090909,-13.196683625070579,45.151036234895535,40.899092320722765,103.12843636928292,-0.37690062111801337,-41.66588170525129
305,305,that,89.27,89.39,0.858,44.88460228571428,-17.8646458,21.617593857142857,15.234214428571429,25.50146914285714,807.4275414285714,36.61253035714281,-264.2882914285714,-13.373260714285696,-76.55000357142856,-12.214841071428571,-321.772303571429
306,306,I,89.45,89.51,0.663,46.48743257142858,-22.268051614285717,29.916238428571425,19.981198457142856,17.550058142857143,513.91449,-80.61397142857139,343.41806732142845,256.34391964285714,246.41539892857148,-219.58490178571427,-903.8707142857138
307,307,did,89.53,89.73,0.787,41.480891909090914,-12.217247545454546,38.626201272727265,25.94820163636364,25.376787636363634,709.3464572727274,24.29203545454546,32.43665422727273,36.62170090909092,36.908403181818194,-4.599628636363632,1780.3531136363642
308,308,was,89.95,90.091,0.902,41.63468266666667,-3.794090163888889,25.345691305555555,11.121189566666665,22.531959722222226,946.8312072222221,32.95924674922601,-29.401089094427252,-27.24974491744066,-86.39188453044376,39.28954917440661,-905.9970913312695
309,309,I,90.131,90.211,0.734,49.398138499999995,-33.17109466666667,16.259922666666665,-2.5850518333333334,28.575359333333335,741.1380616666665,0.8662900000000059,60.840199999999996,-12.36090857142858,-89.93617857142858,22.741031428571436,5512.17452857143
310,310,always,90.271,90.531,0.759,40.330034187500004,-14.63297754375,23.262384240625,-13.136735225,22.3227511875,790.914426875,-70.56620169117646,-41.61293472794116,232.30722567279403,158.23559422058818,-129.27109051470586,599.6011551470588
311,311,signed,90.591,90.951,0.765,40.66731790476191,-23.862037176190476,24.194730503333332,-1.112185061904762,25.32018938095238,706.0202842857143,41.451123506493516,82.86639963636361,-22.050146108441552,100.43488105844155,45.82372246753246,442.5695922077922
312,312,off,91.111,91.252,0.834,44.7533856,-15.526435213333333,5.884434700666666,-25.686509791333332,18.74080113333333,651.741478,-42.40332785714285,-92.42071673214285,96.41899501249998,132.56995905,-129.9570494642857,-559.2409339285713
313,313,with,91.512,91.652,0.806,40.668121150000005,-4.25889957,20.109469799999996,8.30026687,3.9297866,804.38261,23.571548082706766,-5.624385511278197,19.576231503759402,44.1983715037594,20.593398947368424,-418.01053308270684
314,314,the,91.672,91.752,0.766,39.694517399999995,-25.7572616,25.1272664,19.8011438,0.0,683.9344600000001,-114.33337500000006,-41.390904999999975,-127.83286000000004,17.615615000000016,0.0,-7683.062000000001
315,315,"phrase,",91.812,92.192,0.812,41.41659518181819,-23.51418426818182,27.1523471,18.937646449999995,22.737229454545453,689.2036413636362,-18.134458159232075,59.674723226990395,146.9931469282891,31.94918464426878,-33.34047227555053,478.97350451722207
316,316,here,92.373,92.533,0.748,37.79947676470589,-14.338173458823531,24.449545394117646,12.220822947058824,21.841717352941174,981.655755882353,88.88251139705883,-3.001089705882348,-179.23812555147057,3.076663210784313,101.43491299019608,-800.920200980392
317,317,in,92.553,92.613,0.382,52.494417000000006,-3.1745246599999994,5.859559225,3.02481607,31.01209025,879.28624,90.17328000000006,24.10624580000001,275.53608550000007,52.831994800000025,-20.749124999999967,2984.7372000000014
318,318,Wyoming,92.633,93.053,0.901,48.58195536363637,-20.030793780000003,12.84797424727273,5.598702709090909,28.28779690909091,700.9374145454544,-2.749748616600784,50.211436312817625,71.98772173348391,116.16604177300962,-6.2556877470355765,30.69938226990402
319,319,I'm,93.113,93.193,0.297,46.65889085714286,-11.550302642857144,17.4861804,15.105668500000002,25.846906999999998,689.6054542857144,-87.8046125,246.08684107142855,200.84935660714285,150.53555124999997,-3.7823839285714462,3346.5945178571424
320,320,Dr.,93.213,93.473,0.572,42.658421928571435,-25.3213567,28.458999714285717,24.835073528571428,16.410884071428573,754.1604321428571,-39.66088428571429,108.85500112087911,163.9101402197802,151.58816410989013,-94.90011505494503,625.6111285714285
321,321,John,93.513,93.734,0.952,44.16786046153846,-25.595363969230768,19.577256338461538,6.186453546153847,25.644442615384612,766.5338338461538,100.98416428571427,134.70663585164831,-163.76411752747254,-163.5236542307692,53.499896153846144,-1443.1401318681321
322,322,"Barasso,",93.754,94.314,0.871,45.04285231034483,-18.68745657241379,10.556160457241377,-10.664087046896553,21.562037068965523,773.5705165517243,-7.184860640394085,1.4291568965517294,59.28336824236452,-23.99263772512315,-10.319791798029554,-403.0836224137931
323,323,helping,94.434,94.755,0.889,43.200984454545456,-8.76568,23.44936530909091,1.3116487154545455,26.120877500000002,683.3113263636363,-3.764460304912477,63.90345929983061,66.72990948616601,23.828523459627334,28.32927687747036,195.5320587238848
324,324,you,94.815,95.015,0.838,39.919798,-2.249291075384616,40.483305615384616,20.320578976923073,27.73587753846154,917.0576399999999,60.10749010989009,18.96227551648352,-215.68099010989016,-133.83351351648352,-5.120014285714292,750.6918571428572
325,325,care,95.435,95.675,0.812,36.145591318181815,-12.027135197878788,21.06602596969697,8.371515479027273,11.334141424242425,898.6169303030304,10.262154512032087,-96.80158929913102,-12.221482820855615,3.798711528823529,-9.62012867647059,-16.485270220588212
326,326,for,95.735,95.855,0.783,38.92809288888889,-15.430213622222222,32.009090666666665,24.057294222222225,16.83985188888889,970.8358,81.74625833333336,141.46842516666666,111.28640916666669,215.53640083333332,180.21164916666672,-2129.6976333333337
327,327,yourself.,95.896,96.336,0.889,35.28711525,-27.736796104166668,31.59148871375,0.5413024541666663,6.017285833333332,717.2103000000001,18.447615782608693,5.98422022826087,-86.52135970369565,-155.27782444130432,-36.084978869565205,-1655.5722865217388
328,328,Because,96.94,97.281,0.893,31.67190985106383,-23.918072773191493,26.95566178723404,12.99862814574468,6.419933680851065,759.1499399999999,23.59175290240519,18.711319198196115,15.22722979301573,-0.6945112323658656,31.907573918825165,348.29346455827937
329,329,I,97.501,97.561,0.689,39.775023714285716,-26.342720857142858,25.457379850000002,-5.016962045714285,13.278010285714286,678.2315214285715,50.56764769230766,-132.64044637362636,-248.22043779120875,-16.6575369054945,117.4079991208791,-3456.601046153846
330,330,think,97.581,97.741,0.918,40.37495611111111,-21.5197131,31.35001111111111,16.02956977777778,31.497382222222218,777.9533288888888,41.361497500000006,183.06207475000005,43.55758750000003,98.93057500000003,-19.94981000000001,-2698.6931750000003
331,331,that's,97.761,97.962,0.903,39.47188381818182,-30.213528999999994,23.345152181818182,0.1752607799999992,21.707820545454545,718.3735963636364,-82.12608681818185,19.29415681818183,49.09430545454548,-149.82635419090917,-162.0323045454546,-943.110259090909
332,332,a,98.222,98.262,0.564,40.72467566666667,-19.41415503333333,12.930579900000001,-4.176538013333333,9.854084,856.2200973333331,136.0396489285714,106.14663853571429,-129.26254255357142,-81.25245539285714,130.9434244642857,908.0093214285713
333,333,role,98.302,98.502,0.861,48.51558725,-4.899472543333334,4.757967716666666,-27.71553708333333,29.177823666666665,872.5828324999999,-37.39842115384614,-35.69755843706293,186.865696048951,-153.35157674825174,4.1875178321678295,-246.35514160839182
334,334,that,98.522,98.642,0.89,45.050624428571425,-3.831214528571429,19.537182142857144,-17.267378714285716,28.998832,878.9845957142859,8.26163214285714,240.7672317857143,-105.39442321428572,121.16781607142858,-5.745766071428562,-1060.1142321428567
335,335,we,98.662,98.783,0.987,39.908507,-5.4312893228571415,30.35667314285714,16.632078485714285,16.922461000000002,805.8322542857144,-87.97935178571427,22.6451149642857,152.75170714285713,270.4184628571429,-319.7992767857143,-4334.9905
336,336,play,98.803,98.983,0.91,41.2910155,-30.428909320000002,26.2200065,-1.0881355800000005,23.013527,666.172127,42.660938484848465,-163.4350682424242,11.249533030303027,-21.60293484848484,143.56370606060602,-2631.6801848484843
337,337,as,99.023,99.103,0.742,38.880337833333336,-36.5265755,39.951020500000006,2.5085960666666662,10.133733833333332,900.6435933333333,-313.1136357142858,-79.0327842857143,153.68204142857144,-209.57326971428571,-347.44079857142856,2681.7042857142856
338,338,"physicians,",99.143,99.624,0.893,35.10298684615385,-19.211469846153847,42.17861734615384,8.788500069230768,15.5547145,816.6087130769231,-3.150391008547002,41.3227982153846,15.426802991452988,25.705183856410248,-24.948323777777762,-356.6682218803418
339,339,helping,99.764,100.104,0.883,36.9965260625,-19.504530283333334,26.56714542083333,-4.889055089166667,17.441181291666666,645.3943645833333,67.27258809782606,113.17270346956519,-17.557350893478265,47.35754162739129,18.06161441304347,-816.0986276086954
340,340,people,100.164,100.505,0.9,39.86130885,-5.423115811500001,34.36223337,4.3582805,17.295667499999997,802.7528485,52.38183627819549,15.075751426691724,-90.46306854887219,-176.98025360902255,57.44758406015039,88.85918609022562
341,341,care,100.845,101.106,0.769,32.87927476666667,-17.488314422333335,19.037067746666665,3.2224585956666667,14.658510966666665,818.4668873333334,30.322890700778647,-88.06226620723024,-5.157944164627365,3.0224780296996627,36.00771812013348,306.6905681868743
342,342,for,101.246,101.466,0.667,41.82652016666667,-12.31255485722222,16.98120907777778,2.014052772222222,13.739930500000002,898.2631050000001,49.404402631578954,38.16954442569659,-28.014792383900943,-60.5988911506708,112.99966310629516,-283.993931372549
343,343,themselves,101.526,102.027,0.871,41.541739535714285,-16.329212722857143,31.816795732142857,-0.15620511428571418,20.677776964285716,813.0134257142857,-1.8861771346469638,-0.7560853940886711,-7.5032441091954025,-104.14745400930485,5.323928393541326,62.58119020251765
344,344,by,102.087,102.207,0.832,41.56160933333334,-14.30602401111111,27.051923322222223,9.581635044444445,15.945055333333336,718.4832788888889,59.28398583333335,-157.10717283333335,113.22747941666672,126.14870208333336,102.97208416666669,-3553.7536500000006
345,345,giving,102.247,102.467,0.901,42.57169553846154,-13.774275884615385,38.97019823076924,14.174753453846156,28.994032538461543,789.1309246153846,17.651212087912096,-61.40373505494506,-63.82331016483518,-49.23687508241757,59.18856785714285,-448.5722609890109
346,346,them,102.487,102.587,0.419,45.05694166666667,-10.917317033333333,25.827598,15.770355666666667,29.58994283333333,796.9262183333334,-18.165722857142878,92.43424514285715,-182.31595428571435,4.215565714285704,-17.500578571428576,6418.582014285714
347,347,"information,",102.628,103.248,0.851,38.439575303030296,-21.659574144242423,39.76281068969697,20.771649166666666,19.32474415151515,885.9325766666666,-14.546491928475934,4.632785672125668,46.80082048930481,17.449414884692512,-2.4876683823529437,-410.6310827205884
348,348,giving,103.509,103.729,0.866,35.60899570833333,-20.71262746525,37.15683441666667,19.262853583333335,14.995170458333334,857.8059191666667,27.02166097826086,4.8692085234347795,-7.321110217391302,-28.21271830434782,70.25222515217388,-6.904232173912987
349,349,them,103.749,103.869,0.343,45.72723428571429,-25.549517714285713,26.938148,14.971252185714288,28.085962428571428,780.0702528571428,26.06091785714284,-140.56454464285713,-52.55676607142856,53.72396857142856,-21.92156785714286,2995.1393571428575
350,350,access,103.949,104.29,0.918,35.66485218181817,-32.960710590909095,36.73886422727273,10.43132887409091,11.176743090909092,724.4692195454545,-27.149217899491813,56.15580431959346,83.8232366177301,-32.70592574505929,-55.106073291925455,1310.8885316205533
351,351,to,104.33,104.43,0.836,34.27300283333333,-18.896206716666672,36.502442333333335,9.115926383333333,13.021076,659.5767050000001,206.90793857142856,210.63676528571432,-148.1051285714286,129.97152071428573,333.01659714285717,-6138.051814285715
352,352,that,104.47,104.63,0.988,44.829738799999994,-31.989939300000003,19.90957195,5.371642320000001,20.8272841,677.338543,64.3526812121212,-99.58600696969694,-73.06932196969696,-13.840058181818184,-129.2055209090909,-2351.488542424242
353,353,information,105.431,106.072,0.937,38.9362774109589,-19.36199768849315,27.73476481780822,15.03499128219178,11.126905726027397,708.2852521917807,2.3568094316919654,9.609533809391584,22.31776652242996,15.041087264901886,17.526893115204246,263.78829370294955
354,354,and,106.132,106.232,0.269,43.32396,-2.9577821500000003,36.330535250000004,29.27278975,25.17704325,880.7030325000001,-35.01325952380953,208.7715272619047,-68.38810476190473,26.06135714285713,2.4786238095238153,2486.7671785714274
355,355,the,106.252,106.312,0.974,42.8910045,-0.7212137500000004,33.67016825,24.235115249999996,25.28445425,655.0256675,-61.827700000000036,352.1956850000001,238.36162500000015,176.4380950000001,0.5299749999999827,8402.002950000004
356,356,knowledge,106.392,106.793,0.734,41.91007804166667,-17.052411275,25.043317704166668,-8.989783154166666,23.483723458333333,862.3695133333334,-30.217183195652165,16.454259382608683,104.89844840217388,41.2801344021739,-40.47389967391303,1031.2130965217389
357,357,that,106.833,106.953,0.983,37.916591625,-10.419284424999999,40.747449875,23.61293,16.110820250000003,696.7370099999999,10.511977976190462,35.59999666666666,-69.75920654761903,73.69844642857143,-78.32996428571427,-1751.178511904761
358,358,can,106.993,107.133,0.894,38.58590533333333,-13.806450244444445,41.06572444444444,24.547427444444445,14.737643444444444,718.70509,50.64732333333332,110.78583016666666,-50.608131666666694,35.916775,49.8024375,-4242.523950000001
359,359,help,107.153,107.354,0.847,46.40055,-8.404349054545454,12.280771054545454,-8.654406909090909,12.852519818181817,760.2292445454545,-51.618797727272764,270.02585095454555,-7.767820272727263,-21.768176363636375,-193.92135000000005,1880.0187000000005
360,360,them,107.414,107.634,0.834,45.06651135714286,-14.704884875357143,23.490297142857138,19.564008285714287,26.266478357142855,652.7035957142856,6.270623626373609,28.67083744010989,-10.351158021978025,10.827123956043959,-7.865917692307687,2119.4291890109885
361,361,be,107.714,107.874,0.986,37.265828500000005,2.235966658333333,48.09381025,27.907812916666668,18.605640666666666,754.5528658333333,22.656081818181818,-42.39275239510488,78.04023304195803,37.01818653846153,15.881470629370622,128.6100472027969
362,362,better,107.934,108.175,0.858,47.12807813333334,-21.98047113333333,14.491881486666667,17.30210986666667,19.7185472,831.5687073333335,35.202315357142844,-48.2045907142857,-167.91128676785712,-1.2933376785714294,-1.0760473214285768,1209.9894053571422
363,363,consumers,108.455,109.016,0.848,34.72881186666667,-8.7176984,32.55611914761905,12.267159485714284,15.766238666666666,974.350365,8.33310283607487,2.471562042784215,28.215834498825046,-31.009148200307916,26.47302615671339,-29.09981942306131
364,364,of,109.076,109.136,0.748,44.51694533333333,-2.2391307499999997,28.74907016666667,9.656503273333334,25.40368816666667,853.7925233333332,-66.38242,350.7437035714286,-38.019050000000014,247.23208514285716,-1.9981328571428743,4584.1378
365,365,medical,109.196,109.556,0.813,43.29061252380952,-12.32054941904762,21.09493157142857,5.663865514285713,16.458122,708.4489171428572,-2.1636296753246724,34.295425292207796,-17.34867707792208,-70.98092447402597,-36.48359162337662,544.0711415584416
366,366,"care,",109.597,109.857,0.796,43.34376226666666,-31.26396686666667,16.51957142,12.22569588,27.537286666666667,726.614972,73.17432732142858,67.70872535714287,-172.56749944642854,-80.10322826785713,73.95168982142854,-371.9647107142857
367,367,as,110.217,110.297,0.65,34.46135695454546,-23.270583795454545,29.15553631818182,14.947515190909092,8.542064545454545,710.0133640909091,5.024471287408245,28.637773673066064,69.93170787690572,-49.171953585544884,51.57693037831734,-274.245249294184
368,368,well,110.337,110.518,0.845,47.43683545454546,-15.102255821818181,19.263654909090906,-25.59963027272727,27.672179000000003,832.5367336363637,1.7865231818181795,-115.68787370000003,18.903729090909096,-135.8022054545455,-7.021210000000001,1057.4691818181823
369,369,as,110.558,110.638,0.982,44.681807333333325,-10.487907216666667,36.90410266666667,-7.7952227333333335,25.842637666666665,877.0570299999999,-111.0531742857143,111.62655328571428,331.7564685714285,5.262247999999988,-1.8932485714285552,491.6917714285714
370,370,medical,110.778,111.058,0.948,46.07484133333333,-19.401184287142858,29.15246961904762,12.134807295238094,20.65051938095238,770.2126928571428,5.597496688311694,-13.555581311038964,-21.21181175324675,-2.507460733766234,-23.43509383116883,6.0297142857142925
371,371,information.,111.098,111.619,0.902,35.982579842857135,-22.660753764285715,41.33783057142858,23.71908884285714,17.239458142857142,817.0769725,-33.45519374931581,-36.74356013683634,39.68784923371647,23.537037733990147,-21.461572413793103,174.03245963327856
372,372,So,111.94,112.1,0.764,25.744255183333337,-11.76499836225,27.19825979166667,4.127953833333333,6.781525458333334,873.0293120833334,47.897997756521725,-50.68609259239129,26.541204934782606,-55.94630073478259,49.18851041304346,0.05916717391309499
373,373,thanks,112.16,112.36,0.914,36.125301846153846,-31.530002692307693,35.83795146153846,15.923426269230768,16.794432923076922,855.4344315384617,-51.133544505494505,-80.26516373626373,166.07505796703296,105.76900151098901,-59.571746978021984,-3.9214725274728
374,374,for,112.38,112.48,0.855,45.43987066666667,-21.637248283333335,14.631505275000002,3.6955099999999987,25.520402833333332,818.454265,237.06496857142855,517.7007649999999,-361.8663256428572,-362.8483428571428,209.49501285714285,1522.1607285714285
375,375,what,112.52,112.6,1.0,43.18164083333334,-23.297349433333334,16.688690983333334,10.2236234,9.846041666666666,834.7122499999999,-119.75198142857141,-52.033949999999976,465.7866795714286,468.35173085714285,-338.4017857142857,-1521.6261428571427
376,376,you're,112.64,112.781,0.866,38.70254177777778,-6.2921259888888885,48.30771888888889,34.96339122222222,28.894004111111105,843.7630066666667,27.932641666666683,123.9366914166667,-99.44540583333335,36.380721666666666,-19.190530833333344,1154.3768
377,377,doing,112.801,113.061,0.778,43.960305428571424,-19.44395896714286,33.92088007142857,25.198115535714287,26.92101728571428,936.6585750000002,-2.031109450549452,91.78040155384613,39.53292274725273,-18.85381972527473,-15.948785714285712,-1357.122869230769
378,378,in,113.261,113.341,0.69,40.504251000000004,-0.588734964285714,35.501323785714284,20.28638177142857,16.42825757142857,820.9901264285716,54.98785054945054,-69.1725622087912,-40.77659945054946,-99.79055903296702,18.997611208791202,739.1539923076921
379,379,leadership,113.381,113.782,0.826,37.322306477272726,-23.610189031818184,45.67939859090909,26.727122045454543,18.828208863636362,1039.7886263636365,-16.02913259457933,-16.546965056465268,-39.2397359966121,34.03419872953134,-22.53884661208357,65.98417391304355
380,380,in,114.403,114.463,0.948,33.50453432352941,-10.228433132352942,37.35434232352941,12.762360397058824,14.469034,912.9786320588236,-16.7987893735676,10.194652911382734,2.486386409472878,5.516039357524828,-26.741768021390367,-604.8831113063403
381,381,this,114.503,114.603,0.608,30.896030500000002,-17.322144771428572,55.415803,24.082849285714286,22.74343042857143,1003.6952928571427,-276.04912678571424,-325.5691421428571,332.25584464285714,108.85419464285712,-23.414005357142855,4507.148482142857
382,382,"regard,",114.643,114.923,0.841,49.639414187499995,-16.2788958875,9.0718445925,15.8028344125,20.872897124999998,903.3914956250001,56.1311944852941,-2.881248029411747,-108.40571655294116,-99.41247673529412,9.495106911764715,-448.47589044117643
383,383,Brian.,114.963,115.184,0.774,51.49885192307693,-18.107841384615387,5.4740154,9.877572192307692,5.8556803076923085,584.256136923077,-10.658242032967022,-97.84834395604395,139.57696043956045,58.7841065934066,-31.56349560439561,-1861.0633626373628
384,384,"Well,",115.595,115.755,0.967,19.968997137931037,7.49686143275862,12.458306836551722,1.1041087310344826,6.17650796551724,849.1092286206897,20.598512869458123,64.50584782413792,-35.955795627586205,-90.41380719704432,37.543135123152695,-302.1141623152709
385,385,thank,115.795,116.015,0.831,21.971168300000002,-4.3908619153846145,9.510301124615385,1.1086558923076917,20.362621923076922,511.65888615384614,28.72958884615384,-78.12280571428572,174.6859363131868,-37.40598192307693,-40.27045137362637,-1635.6981923076926
386,386,"you,",116.055,116.175,0.997,5.6118547375,11.5616547125,28.465697,15.825585112499999,27.708855375,891.8662537499999,-99.26679553571428,137.47585089285712,-17.01343452380953,37.81576446428568,303.88477797619043,412.5550178571426
387,387,Senator.,116.235,116.615,0.764,26.013265954545453,-3.909989661363636,-1.4021474676363637,14.070677220318181,16.998098181818182,581.9785059090909,192.70274215132696,-98.84041823687184,-47.67189987374365,69.68766577004519,31.307849011857705,1313.8056744776966
388,388,I,116.715,116.775,0.673,36.492598125,-13.5919020625,-13.2025920875,-0.05522756249999983,20.527221,682.3648062499999,-27.16692440476189,132.83145624999997,293.1379551785714,122.97672160714282,200.80976190476184,-918.1597083333332
389,389,really,116.815,117.055,0.734,31.741915928571434,6.924246146142857,5.279604028571429,2.442307142857142,29.474212857142856,789.2790885714285,-124.29445637362637,-24.704313959340656,102.57355281318682,25.930493186813187,-23.83790483516483,-513.4806307692304
390,390,appreciate,117.075,117.736,0.859,17.100385886470587,-2.0246934788235293,17.71689203529412,22.349371429411764,13.737035852941178,629.0023679411765,11.585788263559966,-3.969817387165775,52.42252833613444,22.661113020626427,30.477354003055755,-426.4394876241404
391,391,it.,117.756,117.796,0.0,39.53074766666666,-6.0661597333333335,15.628354666666667,15.438888666666665,25.899561333333335,332.9547133333333,169.79942499999999,9.0851325,-99.93587499999998,-66.70492499999996,37.43494999999999,3402.292499999998
392,392,And,117.816,117.876,0.835,44.01059175,-5.3914314999999995,3.3541946250000008,21.295335,27.91682925,430.081025,-105.753125,94.20902600000002,-206.25647550000002,264.75386000000003,18.98817500000002,2943.4535000000005
393,393,of,117.916,117.976,0.954,23.607968520000004,7.78814682,-14.721734799999998,17.9730786,11.0918636,798.084132,-482.70083400000016,160.4751575,211.31197500000007,-142.23111500000002,-417.7310550000001,4177.699200000001
394,394,"course,",118.056,118.296,0.704,18.679099168750003,10.7032861075,-11.076934410000002,-2.9055175875,18.7437245625,818.87535625,-85.07266340441177,8.869354067647059,104.1998755588235,32.095328249999994,-30.060574926470576,662.0440955882351
395,395,ReachMD,118.376,119.056,0.772,18.30986542694737,8.585457799473682,23.813847089473683,15.399112534210527,24.003121684210527,571.0683781578947,11.109399169449611,-11.735411434620854,34.8689175424007,-0.7957769323777245,11.71994571616151,-122.31563962140278
396,396,didn't,119.116,119.416,0.821,26.833978822222225,6.480354604444445,25.17912622222222,20.36387959444444,25.205843055555555,522.1458177777778,92.34831793601651,-32.741610761609905,-42.44332507739938,-35.23921615583076,3.378134932920537,64.02476883384925
397,397,exist,119.496,119.876,0.886,5.064319567826087,18.413530467391304,17.593033379130436,19.616136421739128,13.372422304347827,524.9205004347826,-55.48379118577071,-10.551538127470355,-69.23918894071143,-64.42220398715412,-34.05032702569168,-163.27830830039525
398,398,way,119.976,120.176,0.988,24.39547786666667,9.648456906666667,10.67984802,12.060604033333334,22.615688066666667,751.8840213333334,55.21722196428572,-61.653633787499984,88.91646676785713,78.44737557142857,35.769946964285715,-784.5851732142858
399,399,back,120.216,120.436,0.876,28.993125999999997,-15.580046523076922,2.9196990500000006,8.109410346153846,12.092859846153846,615.4960638461538,-31.19092554945054,-112.15328335164835,-58.73722940934065,-96.05717686813186,-64.17120412087911,-729.2284065934067
400,400,when,120.476,120.617,0.754,38.69539155555556,2.4968617555555555,-1.2953996888888886,3.0555380444444444,17.339347000000004,775.6699855555556,131.31148166666668,70.95584808333335,4.405260666666678,98.8189226666667,126.03640250000005,1981.166675
401,401,we,120.657,120.757,0.78,35.820006142857146,-1.1606590757142856,23.62465542857143,6.278938259999999,21.58679714285714,613.2492242857143,-96.20741964285718,-21.38202203571428,254.50374946428573,76.44505132142858,-14.377801785714295,-995.9069821428579
402,402,met.,120.797,120.957,0.879,29.8807546,-17.9435071,24.961817099999998,0.9260176480000005,16.826410900000003,618.2436690000001,-59.89692848484849,20.644574242424238,-85.89530696969693,-163.52522010909087,-138.6404421212121,-4324.310239393939
403,403,And,121.457,121.537,0.832,11.102274536551723,-8.540820815517241,8.385623912758621,7.08342736724138,2.0908934482758625,544.3675006896551,33.780180725615764,6.532028326108375,-6.239990926600982,25.93480590517241,19.40539172413793,-109.31005960591142
404,404,it's,121.577,121.717,0.76,10.227279444444445,18.844517366666665,0.3614588546666667,18.81201611111111,4.130313222222223,526.9851022222223,-263.87609750000007,205.2342878333334,-160.40318598500002,-66.14917916666668,-6.451829999999998,1410.5228666666665
405,405,a,121.757,121.797,0.499,19.58875725,12.588445675,11.948429425,19.85333875,0.0,385.212575,-334.0108050000001,127.65317650000001,255.96760450000008,-26.92999500000002,0.0,201.14949999999948
406,406,classic,121.877,122.357,0.962,7.93923949357143,1.2593638357142856,5.514956841071429,3.2054344807142856,16.770923785714285,676.80067,22.524126821291734,16.385268007662834,62.59462125766282,66.16255291105638,37.10381765188834,-614.1157036124794
407,407,example,122.417,122.917,0.82,25.89894017857143,9.90775669857143,6.867279508571429,5.444239098571429,18.057572214285713,519.8097489285714,64.27810868910782,9.810159983032296,-77.92025089983579,-97.98187433333334,-4.055946305418717,444.3594612753147
408,408,now,122.977,123.237,0.88,37.3314901875,-11.103827821875,-1.4576128981249998,-7.9719123000000005,24.623491125,565.55537,-32.20421095588235,-36.34199662867647,-69.89009240367646,-197.81785442647055,-12.342480441176468,-295.40731470588236
409,409,of,123.257,123.297,0.02,29.446814333333336,-8.194708233333332,-18.234391,-10.400334233333334,14.846083333333334,420.6940366666667,-274.6138249999999,-75.93834249999993,-219.04772499999996,330.0377074999998,-562.7508249999996,-5536.600999999997
410,410,how,123.517,123.677,0.994,25.105951073684214,-3.3167784736842103,-10.462474773684212,8.535977588421053,11.320431736842105,664.3486357894736,30.278768596491236,-69.47416164912282,-16.6453630877193,-158.06086814561405,76.29481,-698.9444271929825
411,411,things,123.737,123.998,0.767,16.36873425625,18.9081989375,8.525253993749999,-1.3854159518749998,14.816056374999999,662.60735125,-21.240750992647037,70.42906830882352,145.93780831617647,13.317805731617645,-20.776063382352927,1982.5671676470583
412,412,change.,124.078,124.478,0.782,10.5487689,10.255254899708333,22.664095937499997,8.901411550833332,15.745171958333335,679.2255204166667,66.59646096521736,20.24514998054347,20.018624945652167,2.049413097391303,-2.1623059782608673,448.51180326086944
413,413,There,124.818,124.958,0.849,8.999973457083334,-0.5537378433333334,5.975062071791666,14.9026189625,2.4403687916666668,741.1646395833333,125.52510799326083,-7.84252528869565,-67.19553534680433,-5.057614058695649,24.14832767391304,-169.30335239130446
414,414,are,124.978,125.058,0.93,46.865423,-13.70952313,1.0541700999999999,25.7963722,15.647854,817.170054,-10.197274999999985,120.76041350000004,523.2264550000001,270.25357,209.92315000000002,-4939.46065
415,415,new,125.098,125.218,0.905,35.689558500000004,9.1379181075,9.476112350000001,35.396568375,16.95962375,709.02939625,-73.43567976190477,163.34260851190473,-287.9905604761904,-140.08495654761902,-149.6434809523809,-852.4037797619052
416,416,formats,125.318,125.858,0.726,23.514005125,0.5058847287499998,0.09416450937499998,9.513028967187498,11.173923437500001,763.6439390625001,0.9297832166422315,-36.86319813068184,39.96691310208944,-12.011087252107773,-15.874246114369507,-258.9230704728739
417,417,where,125.898,126.058,0.815,22.467348740000002,15.191598690000001,6.115729796,16.805894770000002,13.9618491,811.999089,77.14080709090905,33.51405148484847,188.02914699393935,43.02312536363636,169.759116060606,-1438.6284757575756
418,418,you,126.078,126.178,0.881,17.59629933333333,14.893149166666667,34.813063,29.68695866666667,16.850067833333334,713.3517883333333,120.14197714285716,-51.43639857142855,-336.18479999999994,160.93063428571432,-288.33829000000003,3841.079842857142
419,419,can,126.218,126.338,0.998,25.58863225,0.8308196625000002,12.939179125,16.345441487499997,18.767741875,487.06062125,249.48455,-62.369964821428574,98.81379345238095,-80.8566525595238,168.26920178571424,-3140.226684523809
420,420,actually,126.438,126.738,0.801,14.9564077215,-4.1609180665,12.711299069999999,12.300466465000001,15.683542399999999,516.7797345,-91.72895253496242,122.84736191541356,68.93077483458649,-24.28781535714286,-12.03737015037594,752.8332281954887
421,421,hit,126.778,126.938,0.814,20.2855009,16.504645349999997,28.008046200000003,15.9526525,13.1606511,459.1131939999999,79.04971787878786,23.55690742424242,23.413633939393936,-79.17239848484847,-195.16400030303026,-1627.2428121212117
422,422,targeted,126.998,127.439,0.936,29.179678759999998,2.5813155456,-5.378541748,12.0055548664,21.26532068,643.6808375999999,41.51507392307693,5.332757970769229,48.12434777692308,84.85384397538463,39.99414576923077,-397.6441942307692
423,423,audience.,127.519,127.859,0.935,24.22802049523809,6.600456878571428,1.9897983095238099,0.8470565295238094,14.12836319047619,519.7633452380952,-108.033974012987,28.92073036103896,105.3614059090909,96.00246633116883,-92.5303709090909,-801.5415519480521
424,424,In,127.899,127.959,0.802,14.844721400000001,25.356950800000003,8.30555514,18.3097554,20.1373894,525.3298219999999,772.249375,-31.837939999999993,253.21164800000005,125.75556500000003,280.2906250000001,7016.65805
425,425,this,127.979,128.119,0.686,9.670271912499999,22.91891975,16.609994,16.63575525,19.003252375,458.745695,-394.9222083928571,223.3501642857143,-66.65559285714284,11.701298809523811,-266.44527083333327,1547.4860357142857
426,426,"case,",128.159,128.399,0.824,1.8415895500000008,11.99511075,24.100395071428572,16.650838964285718,20.187498785714286,609.5842578571428,-103.54221853846153,71.88392763736262,-9.006729120879125,-2.356210208791213,131.86927263736266,-1709.4171527472522
427,427,the,128.739,128.839,0.963,-2.159225722727273,6.929990890909091,3.9419686031818184,13.198878327636363,2.0637345,627.8555240909091,70.29683452004518,-9.58212752117448,28.66484500875212,34.931721994127614,17.941651806888768,-238.90347120271048
428,428,show,128.859,129.059,0.84,16.58896290909091,9.055422563636363,1.536575090909092,6.862502772727272,13.071150545454545,883.6722900000001,361.26097954545463,37.3597591818182,-227.04733045454552,-237.24945695454548,28.663677727272727,-35.84725454545409
429,429,Primary,129.119,129.599,0.746,32.146178640740736,-9.949219792592594,-0.6693844111111112,13.759911550370372,14.781470444444444,654.5523359259257,36.92900203601955,-7.5371177319902305,87.26819631562884,73.15103430097685,15.23830366300367,-31.74388583638577
430,430,Care,129.659,129.879,0.871,22.950792640714287,-4.946181789285715,16.57936197642857,17.167863363571428,9.830296357142856,580.5364907142857,164.77150009560435,-61.66412117032966,-100.81875897252745,84.84415309780219,28.657609560439564,-476.96114175824164
431,431,Today,129.939,130.259,0.812,20.78899610526316,-2.598074355789474,15.440839968421056,9.393614855789473,21.354127000000002,479.40371631578955,76.16754140350878,-55.57758554035089,-3.131988570175437,-14.13997378596492,76.78891991228075,-1253.774264035088
432,432,is,130.76,130.86,0.677,8.848748985666667,0.8025611600000001,12.063957603333334,16.26457477955,3.596716166666667,527.81248,-6.6536473640711895,43.040900929699674,-6.8469763748609545,8.087121946701892,21.583020723025584,162.9882756395995
433,433,focused,130.92,131.26,0.806,13.661259342,14.784156229999999,2.7182013149999995,4.032189364999999,10.9543494,686.8304915000001,-66.728455356391,19.538100007518796,66.35780789097745,25.247649951127826,-31.345323609022554,-318.6180078947368
434,434,with,131.28,131.4,0.75,20.452912785714286,14.557572714285714,4.1188639857142855,12.932329685714283,13.116105857142857,652.8830785714287,-93.88698125,50.00909285714287,43.1663864285714,35.27739874999999,-328.17342321428566,2358.566464285713
435,435,primary,131.46,131.86,0.81,33.90354906956522,-12.305675948260872,1.2635307826086954,12.481397791304346,11.613634130434782,682.5374017391305,32.26461298913043,5.158797050395253,77.96876974308299,36.82383605731224,55.13118334980235,-496.7358107707507
436,436,care,131.9,132.12,0.748,24.913806715384617,1.4549909061538457,7.888692207692309,12.158504316153845,13.164855846153845,595.5019323076923,216.05020502747251,-20.427699423076927,-186.80458999999996,31.430574986263746,46.53843461538463,-933.9470906593403
437,437,physicians,132.16,132.66,0.875,13.634942796296295,16.712399174074076,16.78068095925926,14.638559107407408,14.805276481481481,599.4556403703704,-3.7357206776556757,1.3372811233211261,22.079045903540912,-32.002979645909654,-10.220824938949942,-71.69041910866909
438,438,and,133.02,133.14,0.679,10.498979222083333,-0.9849850541666667,6.868743565416666,10.745875654166667,6.315981708333332,608.6749070833333,100.30812679847823,-18.677318289130437,25.57998216934782,9.383992432608697,56.22066567391302,-354.7319076086955
439,439,physicians,133.18,133.62,0.831,1.3259684600000001,14.69739835,15.298676889041667,9.086493417916666,28.907048166666666,503.63977750000004,-7.30173365391304,14.57622411304347,7.236177598586957,-67.86295089760868,13.895667130434772,-132.87876826086958
440,440,in,133.68,133.76,0.919,20.003114535714282,26.210540142857145,20.596516142857144,9.634780037142857,28.128022142857144,580.8758985714286,306.569203125,-6.59302857142856,-45.50476964285715,171.50709199999997,-203.2048160714285,5137.277803571429
441,441,general,133.821,134.141,0.863,27.10402047631579,2.686215126315789,6.233805857894739,-3.4625780747368418,26.121148578947366,546.6622821052632,130.33987050000002,57.87730723684211,-115.79524163157899,-115.08981428596492,62.63170614035089,0.7907543859649793
442,442,who,134.161,134.301,0.79,33.897734375,11.781053762500001,11.3529398875,-2.7234535500000003,24.80245575,585.7860925,3.1992696428571445,-142.92905410714286,250.9131536309524,-238.88438547619043,-19.657340476190488,2999.6034523809517
443,443,listen.,134.341,134.661,0.93,12.930926611111111,15.213350911111112,10.257696105555558,2.4863547188888884,5.224401611111111,472.9848833333333,5.269064035087729,4.46647091847265,-10.191252936016507,130.50229163157894,-68.07165361197112,-115.7401444788442
444,444,And,134.961,135.041,0.884,17.52349088,-1.4280341736842106,2.244449052631579,12.92874012631579,2.0107384736842104,494.62852157894736,79.32014832982456,-12.547914219298246,14.097015219298244,4.550191298245614,28.46561368421053,106.85997631578952
445,445,I,135.081,135.121,0.619,31.19567775,-4.68545145,-5.2989327500000005,9.4097635,18.84975025,420.0003,-105.31648500000004,47.294412000000015,326.82635500000015,35.97366000000001,7.073464999999967,-336.78639999999984
446,446,know,135.161,135.301,0.792,37.46786733333334,-7.408282611111111,7.716673866666667,-4.537994563333332,20.74801522222222,506.4045166666667,-9.139972500000011,-7.585778749999996,-145.85368850000003,-347.97735666666676,0.37937499999999286,3513.416350000001
447,447,a,135.321,135.361,0.51,32.49541933333333,5.605928033333334,5.999105706666666,-39.50836866666666,19.697372666666666,789.2617366666667,-82.02147499999997,429.11954249999985,333.7050219999998,-75.36234999999994,-4.673924999999987,213.4884999999996
448,448,lot,135.421,135.561,0.922,31.8174441,-7.015390630000001,-0.21863735300000003,-24.35235367,20.7521511,614.647236,63.38893606060603,-227.95810499999996,-10.221915893939393,221.81619263636355,4.344496666666662,972.1669212121213
449,449,of,135.601,135.641,0.996,32.82639425,0.23601842500000014,-0.2502216125,6.142662,0.0,520.92977,-310.3076750000001,306.38993950000014,47.25415225000003,-13.4904,0.0,3964.6624000000006
450,450,people,135.681,135.941,0.818,31.707102533333334,12.45114407,10.250877339999995,11.134629806666668,3.6854377333333335,696.9714186666665,118.42131964285711,77.0693029375,-170.9130130892857,-180.69387549999996,59.32354357142858,-195.11845714285712
451,451,respect,136.001,136.421,0.923,13.286894495833332,10.946146534833334,-1.44189967,6.120956500000001,7.381277583333333,619.3813074999999,-9.240419128260868,-74.84328571408693,44.57129463304346,8.712036856521737,-13.102691652173906,-800.3147739130433
452,452,the,136.481,136.581,0.849,13.699739150000001,9.686775387500001,2.8056737999999997,13.55210065375,6.02421,637.46662625,-60.52927797619047,97.41471458333332,8.015197261904753,28.91331263690475,-114.97848214285713,1957.818410714285
453,453,fact,136.621,136.841,0.792,23.44167106153846,-9.223996238461538,-1.4426412769230776,13.770807461538462,17.294238,472.66585923076923,67.06009928571429,-97.8948365934066,116.84827648351649,12.527768131868134,27.74588406593408,-1786.22932967033
454,454,that,136.881,137.001,0.822,14.7135820375,12.065997612499999,21.854800405,21.194666124999998,16.606850875,429.74006625000004,25.002749107142854,143.72930398809524,295.34487030952374,94.85686726190474,149.79506488095237,-398.83064880952344
455,455,you,137.041,137.222,0.75,16.615276336363635,21.770765227272726,30.34726690909091,19.720008636363637,19.322560545454543,558.90929,63.13103704545455,-137.43040181818185,-146.81535545454554,83.95754454545457,-130.60739181818187,968.8547227272732
456,456,came,137.282,137.522,0.848,18.78663888066667,12.25323368,24.758672466666663,0.23547488666666652,19.69538,669.7497826666666,164.01173684464285,36.036854428571424,13.885827857142846,-49.74624319642857,78.07019589285713,16.24557857142854
457,457,from,137.582,137.702,0.978,23.148594888888887,6.822480841111112,-5.244204322222221,8.899688824444443,15.200766444444447,715.2909066666666,292.70002691666673,-30.678233191666667,65.99533575000001,-140.27107418333335,223.28270916666673,92.15748333333329
458,458,your,137.742,137.862,0.988,43.444090375,8.1310275,-1.9841327500000006,16.6032944,25.030922750000002,748.98848375,109.5410613095238,33.6137130952381,-395.0862095238095,-94.36703797619047,-12.620791666666667,3214.604732142857
459,459,role,137.902,138.142,0.774,37.54397828571428,27.076789142857137,-17.543391928571427,-25.43232536857143,24.135486428571426,777.6098992857142,-82.47955736263735,73.47299560439559,77.21015153846153,-177.67986806153846,-4.814792967032972,-940.9115065934063
460,460,as,138.202,138.282,0.672,16.264301742857143,29.240223714285715,-6.583480557142857,-0.5828843571428577,22.04883285714286,308.59171000000003,-152.63853,69.78645,145.99374464285717,285.5107348214285,0.2154910714285746,314.103982142857
461,461,a,138.342,138.382,0.504,19.4055696,14.502722400000001,-2.83429286,4.66192708,8.6633774,383.054534,-311.57161,24.181544999999986,46.11714100000003,166.21896800000005,-326.64302000000004,2104.6625
462,462,physician,138.422,138.902,0.812,9.078223275384614,11.787789412307692,19.40089879423077,15.54643614730769,13.361496230769232,510.03757499999995,38.91344137435895,-28.5411349268376,70.2144909205128,-8.925686368717944,23.670562495726486,206.49515333333323
463,463,and,139.242,139.342,0.67,11.453301853181818,3.7660431997727284,18.18761063636364,15.508080963636361,5.332775772727273,657.2926331818181,19.21081359655562,10.676902058300398,34.64609034443818,-20.848756024844718,56.658038706945234,54.13142264257471
464,464,you,139.362,139.522,0.701,29.270505666666665,11.413734166666666,27.928731407333334,9.007776475555554,25.994266555555555,536.5559688888889,161.0322591666667,-6.199840333333328,-429.1447289733333,-11.198257783333343,0.16086750000000566,465.3035500000004
465,465,have,139.562,139.742,0.801,29.634259545454544,-1.4445227545454549,-1.9379626123636362,6.978054836363636,26.159532090909092,461.14669545454547,44.352056363636386,34.5165396818182,-29.059505929090907,35.536310045454556,-9.618015000000005,1008.7109818181822
466,466,moved,139.842,140.142,0.825,33.0830787,20.375373699999997,10.559073684000001,9.62869306,26.69535275,855.6314755000001,-33.536787142857136,2.709608646616542,-32.796674915037606,30.604190285714296,-6.727702819548876,259.5010665413534
467,467,into,140.182,140.342,0.943,35.831417599999995,7.56837501,13.306067459999998,7.915325210000001,20.6960175,495.43053900000007,17.169921818181827,-83.35988766666665,-181.7956373939394,1.0354479696969638,-190.47558999999995,796.7804757575755
468,468,politics,140.382,140.963,0.686,23.56021309677419,-0.8885810129032258,-1.3117493564516125,0.5389301225806444,15.092844129032256,555.0150251612904,-50.18970528225806,36.4525854516129,38.994696754032255,80.00250646370966,-35.50917249999999,-470.595885483871
469,469,and,141.283,141.343,0.999,3.367033642105263,4.8234774884210525,2.6202819421052634,13.80137162631579,2.3060646842105266,601.7105052631579,147.9035152631579,-61.010435563157905,80.02067125438599,2.486061043859652,32.667625,-41.813627192982416
470,470,you've,141.363,141.503,0.996,19.570235,11.154587440625,38.434045624999996,16.6110395,15.745168000000001,831.7983425,-50.744279761904735,-8.283077336309537,-150.4774720238095,14.318816666666661,-158.01519166666662,897.4983452380944
471,471,been,141.523,141.663,0.762,26.030514125000003,15.65706075,14.1501120125,17.50494775,7.62036225,621.5083950000001,-179.10548749999998,223.04592380952377,-65.71539660714285,-176.6159142857143,35.42209285714285,-2180.9083214285706
472,472,serving,141.723,142.043,0.883,19.121150842105262,12.802655792105265,-2.226796317894737,8.29256617105263,17.221704684210525,701.6559068421052,219.01955342105268,-68.41183810964915,23.0018596385965,67.84800796929827,72.70409122807018,22.115298245614184
473,473,the,142.083,142.163,0.832,11.062398166666666,25.640381,5.485878376666666,16.760160266666663,12.354569166666666,568.5685716666667,-736.2954528571429,268.03399428571436,-249.36882174285722,-196.8475085714286,-320.8608100000001,-759.6640714285708
474,474,citizens,142.203,142.603,0.857,12.15898708181818,18.218070713636365,8.226103825909092,16.57982835,15.87992618181818,535.6105204545455,48.949913387916425,30.970263424618864,5.184245654714854,-10.884810759457933,-12.825304686617736,-616.9372910784869
475,475,of,142.643,142.703,0.895,33.536148000000004,16.735924699999998,-4.76332354,-10.320310260000001,20.576862799999997,476.84078600000004,146.19135,-10.987492500000053,-77.50242350000002,-164.99546700000002,-6.755250000000022,4680.608600000001
476,476,Wyoming,142.763,143.163,0.62,37.81891886956521,6.154516595652174,3.854012895652174,-6.474977800130435,22.127427173913045,683.8765034782608,0.8037456521739135,16.059185538537548,38.52638524703556,95.81628820128454,6.692008399209485,-227.3654140316206
477,477,and,143.183,143.243,0.001,34.4412705,22.154352250000002,21.0072575,9.1093823,22.03220575,668.3277850000001,226.57421000000008,-188.3140850000001,-261.56765000000007,451.40214000000014,-1.6797449999999974,5076.0709000000015
478,478,the,143.263,143.323,0.998,31.324244,18.8763265,19.5217025,21.431693250000002,21.7941325,562.520225,-158.35696000000013,86.76469999999999,71.93971000000003,-169.31288500000008,-0.7996199999999833,-8514.588300000003
479,479,United,143.343,143.603,0.75,25.47916128571429,0.9200132714285717,7.630167442857143,23.085397714285712,17.247192857142856,453.761955,-171.5109824175824,79.22978551648349,65.40984740659339,-12.188839560439561,-104.52520065934064,1172.229214285714
480,480,States,143.643,143.904,0.766,2.6885120000000002,17.922987753799998,10.845274105133333,14.919252566666666,12.069386333333334,574.1962313333335,80.19720500000001,-30.501602133928568,92.50285903017854,6.726793214285719,0.12290946428571015,-1192.5257214285712
481,481,for,143.944,144.044,0.994,13.789961285714286,9.018358471428572,-7.511063571428571,10.921050600000003,0.0,713.0150671428572,478.4751035714286,81.81016678571427,-59.839041071428596,-136.66644714285715,0.0,715.4534821428573
482,482,quite,144.104,144.324,0.788,25.01195759285714,7.695199835714285,-0.0054198928571429815,0.5203695714285717,10.040193214285713,763.9651164285714,-21.07753605494506,-31.80739565934066,1.327243087912088,51.163493780219774,-1.142278791208791,-2116.574948351648
483,483,some,144.364,144.524,0.875,14.959248940000004,23.526023499999997,5.142063857799999,5.01358051,12.9173649,697.460968,406.63054721212114,-107.14861121212121,177.9444731581818,106.50191409090905,73.50833303030299,2435.784175757575
484,484,time.,144.584,144.844,0.889,29.01634415625,-9.99408771875,0.03228726124999981,-0.579818245625,10.8366600625,472.71821375,57.866965992647046,-121.62403643382353,-20.479017358823523,11.988745162499992,-53.48990154411763,-1244.5759794117648
485,485,Tell,145.484,145.665,0.82,13.885568644878049,3.758674564390244,5.657551180487805,6.7590629219512195,2.930064146341463,620.542980487805,-6.415699659059231,-0.5473278141114987,1.3930527578397218,-49.06559960017422,17.65143798780488,28.39563493031357
486,486,me,145.685,145.765,0.853,28.434572399999997,6.5797677,27.286060199999998,6.286679911999999,32.104866,518.6155920000001,-216.91497500000003,-16.75580100000001,282.78352000000007,95.34733440000002,19.485089999999985,-6886.904700000001
487,487,about,145.845,146.086,0.842,32.256457062500004,-8.4753478760625,2.635107025,0.21029990624999972,15.4247798125,441.95416124999997,21.745402132352933,-72.66244882448528,-165.66671657352938,-105.15059034558823,-25.133927867647053,-282.5868426470587
488,488,the,146.126,146.227,0.832,25.082050857142857,5.053947314285714,15.539230857142856,12.169420857142857,6.703277999999999,419.43964714285715,90.34047857142856,156.2287589285715,471.40627321428576,330.58631785714283,-42.281885714285714,541.86
489,489,good,146.267,146.528,0.874,26.946239933333334,9.19268066,11.534813566666665,13.057596700000001,25.329122133333335,578.4578873333335,51.46104446428571,-26.121563,-14.800892946428574,-81.64466619642857,85.36745607142856,-2019.2365821428568
490,490,and,147.029,147.129,0.71,22.2142512,12.798343054333335,17.21092516166667,13.219636756666667,7.883420566666667,787.0538506666666,3.9414597552836534,-23.55828401679644,-7.634498792547274,-27.3699912269188,26.566777030033375,-894.6985539488321
491,491,the,147.17,147.27,0.828,32.667297875,5.8215159,29.156493250000004,3.9334346250000003,27.535371124999998,623.0308249999999,25.263495833333334,-50.66204464285711,85.87616309523808,61.216695238095234,-15.077276785714275,3508.321
492,492,bad,147.31,147.591,0.964,32.684948750000004,-19.89704858125,2.4283937750000004,8.777138436125,21.033454312499998,467.42988499999996,-0.7906788235294222,-39.62973980147059,-62.312903617647066,7.2166511063235275,-66.1199219852941,-495.35866470588223
493,493,of,147.631,147.711,0.733,25.72459908333333,5.104896266666667,9.186518316666666,7.026421583333334,0.0,411.0546033333333,-65.26106642857143,119.45932057142858,10.191534428571424,167.5657067142857,0.0,669.4902857142854
494,494,it,147.792,147.872,0.675,24.090926375000002,6.413334633749999,22.081396375,5.40556358375,0.0,440.57705875,-12.36899702380951,134.45404666071425,62.48893035714285,45.62262694642857,0.0,2027.4307797619047
495,495,that,148.253,148.393,0.88,14.276043328461537,4.894674219230769,10.757379911538463,13.904721361538462,0.0,546.0836107692307,22.23273182256409,27.847647461538454,44.11348382735042,40.55088465299144,0.0,-94.46536752136736
496,496,you've,148.414,148.634,0.766,7.737148733333335,15.734400416666666,27.117494166666663,22.3790435725,11.249712583333334,558.3978225,-215.7390506993007,6.560069755244753,-229.93008503496497,-168.56244878496503,-94.54690017482517,1965.7813863636359
497,497,seen,148.654,148.875,0.826,17.34776533333333,14.356086024999998,30.812620558333336,-0.8773003499999993,20.965298833333332,583.2937175000001,332.40256608391604,-96.22727246503496,-23.565076975524462,82.80928199300698,64.39698356643356,-271.2367639860136
498,498,over,148.935,149.076,0.752,39.3474128,7.52986066,-9.00412696,13.431068660000003,13.6993358,872.8934969999998,-69.69765818181816,145.230813030303,88.79076375757573,62.87774636363635,-126.98517030303029,59.20484545454591
499,499,the,149.116,149.216,0.766,19.340623285714287,8.958826328571428,38.34336628571429,29.956144857142863,21.06720328571429,499.6763414285715,-74.47099642857142,-29.916757142857147,276.0344,34.34012857142859,16.506608928571417,-5886.203375000001
500,500,years.,149.236,149.537,0.949,31.393619875,3.0401587318749996,8.684716412499998,22.7325463125,9.044885,708.10126875,47.32673867647058,-28.718769490441186,-208.7478828823529,18.9793331617647,-106.78196911764705,2549.2593455882347
501,501,"Well,",150.066,150.286,0.962,14.933285020810807,5.267736851351351,17.60625030810811,0.8254225783783785,9.447380540540541,899.9339572972975,100.06438610870082,-57.85890390587958,-19.357603747036514,-31.990171411806557,53.742924324324335,-6.646357633949742
502,502,in,150.466,150.546,0.842,43.2419693076923,-19.469397015384622,25.182865746153844,5.623057307692307,25.23823507692308,494.0845946153846,-27.964069230769226,145.36089134615384,194.52404230769233,151.36105769230764,9.955789560439573,-1848.1584038461538
503,503,terms,150.586,150.826,0.892,41.43814485714286,-27.92023739,21.22175322142857,12.577927447857144,26.057311000000006,915.6289985714286,69.8373178021978,28.224868459340644,-42.86547214285715,5.349568352747255,116.82060263736263,1664.5170725274722
504,504,of,150.886,150.946,0.753,40.01885816666667,-15.657976125000003,40.381667,19.844616000000002,31.389799500000006,921.5313500000001,39.14956428571428,253.8133089285715,-295.6017828571429,51.611451428571414,-39.72023571428571,-6102.161000000001
505,505,being,150.986,151.206,0.844,37.51280692307692,-17.532975623076922,47.39366515384615,14.76410856153846,31.842951076923075,621.2124553846154,0.9748703296703126,-49.62205461538462,41.846459340659344,-59.61862052197802,-1.2773090659340645,-1363.0006950549446
506,506,an,151.246,151.286,0.887,43.67988749999999,-33.061688000000004,28.17851875,6.9718244,29.74619825,800.814095,-66.05795000000008,-101.23689000000005,-430.1107250000001,-297.3792460000001,-23.049715000000017,13439.801300000006
507,507,elected,151.346,151.726,0.948,38.031721818181815,-29.290530127272724,26.88143122727273,-2.887137877272727,21.237927454545456,845.181463181818,-4.858741501976287,-35.45530487295313,42.35353159232073,157.15690942687743,-21.389513382269907,179.05919226425732
508,508,"official,",151.766,152.107,0.967,33.83283289473684,-36.17874236842105,36.42907431578948,13.904874052631579,10.560640368421053,994.1740731578947,-26.241996929824566,-19.369163684210534,24.047682456140368,-43.43508004385966,3.0912713157894753,-758.1945026315791
509,509,I,152.127,152.147,0.096,43.3607385,-28.764601,8.787363500000001,-6.65959145,26.620025499999997,930.9104,129.02315000000002,-175.94339999999994,110.58904999999997,385.91935499999977,12.441249999999998,-13656.909999999987
510,510,"mean,",152.167,152.287,0.322,47.91261585714286,-19.544327400000004,26.51549,24.817159,19.177051428571424,1024.234457142857,-31.151599999999995,137.44187749999998,125.81244642857142,175.07530178571426,-242.92034999999998,484.22564285714293
511,511,to,152.307,152.387,0.852,42.5743724,-27.2823444,45.431444400000004,17.7355268,5.9354328,960.981926,188.75280000000006,98.19955000000002,-64.24533999999998,123.78953000000003,296.7716400000001,-7028.071700000002
512,512,"me,",152.427,152.807,0.756,42.95020180952381,-27.647986095238096,34.05466557142857,13.006950328571428,26.70059685714286,888.0014323809522,8.35361948051948,-70.44368883116883,-49.7080635064935,-75.89396683116884,-46.56591896103896,-226.78153441558445
513,513,there's,153.167,153.367,0.854,31.96770196428571,-16.97705470714286,30.666043035714285,18.615341392857143,8.959323000000001,738.1519946428571,2.9828768609742715,17.98469464148878,77.88128118500273,17.63170797755884,64.84977260536398,-617.8322970717022
514,514,nothing,153.407,153.687,0.872,43.536006375,-21.431953,22.9180235625,7.53670603125,32.450568375,585.580250625,3.942471911764708,-43.522952205882355,-6.877725955882354,54.49723812499999,2.4772805882352964,72.5358022058823
515,515,like,153.727,153.907,0.888,44.065207,-21.328233587272727,20.795213636363638,0.8182241,29.517043,717.6413527272728,-25.874297272727283,62.333756045454564,111.51437772727276,251.3601688181819,-25.675837272727286,-1496.8998500000002
516,516,visiting,153.967,154.307,0.853,41.84218475,-16.807930962500002,40.37746775,17.939150507,27.961271650000004,953.0913059999999,5.897743345864663,-1.2752881522556416,-8.766823421052635,-6.7364112082706775,9.065129060150374,-305.4905714285715
517,517,the,154.347,154.427,0.82,39.758680000000005,-11.632354476666665,43.15158133333333,28.10372883333333,18.29436816666667,604.853045,-121.85517142857144,-41.0832424285714,290.18605142857143,175.40866714285715,-327.44545857142856,-2112.4686999999994
518,518,troops,154.467,154.747,0.819,34.4680441875,-26.463254325,34.8035984375,20.5217626875,10.8180050625,947.3737725000001,32.711916249999994,155.00933441176466,-14.256959338235308,-80.5627550735294,-0.8373791911764624,937.6591029411761
519,519,and,154.807,154.887,0.885,36.860025428571426,-10.524665414285712,35.56834971428571,13.601018728571429,18.757430857142854,1021.3750485714285,216.70765357142858,304.93374071428576,-252.04667321428576,238.2349755357143,-11.758312499999969,162.54139285714248
520,520,thanking,154.927,155.287,0.821,43.00041854999999,-18.359232664000004,32.15018909999999,15.599705195000002,20.86600195,662.343667,7.939498909774439,96.61406329473685,30.446823984962407,33.0504881744361,43.13681116541353,1086.3114751879702
521,521,them,155.307,155.467,0.824,44.58542466666667,-17.834473411111112,25.982037000000002,16.522933555555554,26.87167211111111,778.0377899999999,7.209044166666659,-44.959832249999984,-46.31558333333334,-26.82306666666667,-4.870294166666682,692.153916666667
522,522,for,155.527,155.627,0.971,41.942109,-10.6021381325,18.09165915,9.597330562500002,20.416195625,973.1459975,63.100675000000024,15.542690297619064,-197.2898988095238,-264.8499461309524,-29.330902976190462,-1188.0811428571426
523,523,what,155.668,155.828,0.754,50.0481926,-9.140038110000003,16.8797576,-3.107795136000001,24.670795000000002,839.715929,-54.18348666666667,-161.9669963333333,25.132299999999994,99.4881755212121,1.8923769696969737,569.9217545454542
524,524,they,155.868,156.068,0.73,41.69957575,-18.307932482010834,38.68322091666667,20.1379515,19.178059,669.8654591666666,3.9734302447552383,0.8502033816136386,204.61695297202795,82.37050734265732,48.378142307692286,-871.3936101398597
525,525,do.,156.088,156.268,0.996,43.6956119,-14.28725004,36.769660699999996,24.245604199999995,14.3434043,856.009714,60.26458636363635,28.741172181818172,-215.22247424242414,-81.86780363636362,121.44734878787877,-1246.3260060606058
526,526,I,156.288,156.308,0.0,50.711587,9.20249475,8.5736705,-1.483723315,19.339817,806.28475,47.518300000000096,281.7952249999999,9.387949999999986,-145.59903849999995,-12.546199999999878,11357.624999999995
527,527,had,156.648,156.848,0.815,40.21665081481481,-20.340400025925923,18.55643762962963,13.933351881481483,8.987954962962963,627.4781751851851,18.975755036630044,-52.351324279609294,38.04131651404153,4.823609572649574,53.58111819291821,-395.594424908425
528,528,a,156.948,157.068,0.545,47.35770472727274,-35.12691927272727,22.021838818181816,3.236626864545454,23.536984636363638,816.1254563636362,6.002632727272695,166.23247727272732,-60.20588500000002,60.13604098636366,-6.702091818181826,1625.6475681818188
529,529,National,157.348,157.668,0.979,39.557252366666674,-11.172457372,31.8142479,16.539356736,10.992243199999999,868.8370949999997,-9.751147441601777,-67.92733234215795,16.17290130144605,-13.262914414238043,33.66516273637375,-43.20984238042267
530,530,Guard,157.708,157.928,0.851,46.565539230769225,-16.386404695384616,5.118746476923077,2.073186538461539,24.61174569230769,941.7145076923077,-3.012273626373628,-80.26413486263736,-43.22742387362638,148.92598340659342,43.209557417582424,1387.6119780219776
531,531,man,157.968,158.168,0.849,43.545872,-21.23087980833333,30.225887916666675,22.469866083333333,26.879747499999997,703.4485475,-18.07482342657342,-88.40565477272729,71.28966311188812,4.9664917832167825,-2.2545867132867112,69.45025349650336
532,532,in,158.208,158.268,0.986,42.8671128,-13.249719987999999,40.7045918,23.2622256,26.6341318,743.0350679999999,-59.87996000000003,514.9554053,-42.90692499999995,110.851335,-9.010139999999982,-384.6143999999994
533,533,today,158.308,158.668,0.777,40.6020715,-24.277892459999997,42.3465463,21.6074376,28.39274345,705.242031,-6.787540375939852,-91.91066489473688,18.19888706766918,-20.596969172932333,14.173258308270677,-201.8249736842105
534,534,from,158.788,158.928,0.891,41.37182907692308,-20.432559530769232,28.647732638461534,13.696355596923077,21.130965846153842,661.1524415384616,55.898804395604394,13.293191648351637,-229.02428840659337,-162.46722386813187,23.767450824175818,3074.5006181318686
535,535,Wyoming,158.988,159.389,0.85,46.651753869565226,-19.614222625652175,21.229881,4.318383226086957,27.005396826086958,690.6362973913043,-13.711355780632415,-19.73335747529644,18.3029953063241,99.92298410079047,0.8738338438735168,-133.78877766798414
536,536,is,159.409,159.489,0.777,44.3922202,-12.70008488,52.9067768,16.8071588,25.4226894,624.063322,-42.03212000000001,141.29616100000004,195.26119000000008,-278.0227000000001,-20.484674999999978,2480.2378499999986
537,537,in,159.529,159.589,0.746,42.49031,-3.8276885799999993,33.34707039999999,23.84442,26.3165078,715.759902,-102.85514499999996,224.31577300000004,-243.77325500000003,246.07650500000005,6.62780999999999,3847.4831999999997
538,538,the,159.609,159.689,0.838,45.017191,-18.84295116,43.5356728,28.9709428,26.1268844,494.25379599999997,-16.781529999999947,-280.2180870000001,116.71327000000004,-169.04252000000005,-8.92758000000001,-1981.1336000000008
539,539,office,159.769,160.029,0.874,41.89405923529412,-26.83052305882353,28.400946982352945,-1.3952874029411764,15.590140470588233,693.8282817647059,-77.45064399509803,60.837866544117645,168.51413751225488,-43.16502781862744,-82.11907634803921,1733.3055661764706
540,540,in,160.089,160.189,0.854,43.047143874999996,-18.1699005,36.873562625,26.576384125,22.364095374999998,779.2573975,137.76887797619045,177.43421428571426,-296.7974541666667,161.35731964285716,104.14246845238092,1639.2316785714281
541,541,"Washington,",160.249,160.869,0.845,40.65162070588235,-17.074712670588234,33.1275858382353,9.40826721764706,20.226062588235294,659.8982202941176,-12.581726142093197,4.506481414820472,50.12939839648584,80.30820449045069,2.3290002597402593,-301.82057700534745
542,542,and,161.549,161.689,0.82,36.038213658536584,-25.498968712926825,30.868601609756098,16.866147390243903,12.623929487804878,648.683833414634,22.556758388501745,-24.401403656097564,-9.716066271777004,-12.75946998867596,29.81008390243903,-635.2579524390245
543,543,I,161.709,161.729,0.0,45.2050325,-0.289351455,41.0735935,37.988055,26.381457500000003,714.793395,405.70874999999995,-47.80502949999998,331.6043499999998,-101.9925,-20.328049999999987,-20754.034499999994
544,544,had,162.049,162.149,0.694,30.451319744285716,-3.9499689190476195,24.89804696904762,11.721210573333332,12.187265333333336,669.7365395238096,27.877342465584416,-116.86497516883117,-0.4436534090909107,-26.51489011298701,-9.801228896103893,-545.5092590909093
545,545,spent,162.169,162.389,0.768,36.2367485,-18.980792533333332,33.644296583333336,12.272571249999999,13.717445166666666,922.7685466666667,106.19448216783215,117.20018608391607,-136.08657255244754,175.16109510489508,53.60408846153846,-2658.992923076923
546,546,Thanksgiving,162.429,163.029,0.815,37.6085825,-18.726272315625,38.61280946875,18.571200988125,18.40398515625,802.432341875,13.04380920087977,36.47216101631232,8.934723377932555,6.814881240285925,23.452649056085043,-256.17344318181824
547,547,with,163.51,163.69,0.852,35.9414663030303,0.0078663969696968,25.78242637878788,12.862259181818184,11.454961515151515,832.4600063636364,10.851132152406418,-17.61071651737968,14.494831651069518,-21.163961393716576,-5.103117981283424,128.46766326871656
548,548,him,163.75,163.95,0.996,43.19517430769231,-28.13198350769231,31.015294923076926,9.771228338461539,25.41249661538461,595.4747861538461,91.59125769230768,70.09044846153846,-92.78002390109889,-3.5617804120879115,75.4675489010989,-93.78818406593395
549,549,at,163.97,164.01,0.0,43.47723533333333,1.5717007000000003,29.736532999999998,24.162481333333336,26.555447,727.75302,34.87644999999996,-145.3212975,390.0953249999997,197.9256499999999,-9.303274999999983,-10065.878499999993
550,550,Al-Yudid,164.37,164.85,0.589,38.57443654761905,-20.568465904880956,32.52383159523809,20.220026604761905,20.32384683333333,739.0818559523809,2.0703287699538127,-18.775138367737622,59.42497441860464,20.39854985900656,13.38416549307187,250.35992338546305
551,551,Air,164.91,165.01,0.681,42.877604,-30.083398625,19.622866375,13.550052249999998,22.7917275,942.80171375,54.7665833333333,151.20290416666663,-326.10818273809514,-35.16637738095238,-104.55473095238092,-2974.5593273809523
552,552,Force,165.05,165.29,0.731,42.80145207142858,-21.521626285714287,20.667511128571427,4.141455014285714,13.015965428571425,875.3379721428571,9.402955274725272,-21.597523142857135,86.31973465934065,13.104034263736256,18.574409890109887,-289.956212087912
553,553,Base,165.37,165.61,0.824,34.1029778125,-27.78853414375,48.736123250000006,14.337044500000001,12.969947874999999,898.37891625,27.002510808823533,-22.02968450735294,78.26466882352939,-25.02377764705882,29.25224808823529,-766.9426970588233
554,554,in,165.65,165.71,0.979,34.03884666666667,-12.115393733333333,41.717459833333336,16.889656033333335,16.9352735,777.0798966666667,257.68939714285716,338.360568,-316.8985785714285,411.24737142857145,283.77891285714287,-6031.483714285715
555,555,the,165.75,165.81,0.996,43.9338735,-10.99598825,35.31215975,20.76381425,18.5952525,986.2128250000001,-114.07054999999995,375.64450500000015,-21.67683499999996,103.09421500000002,124.27213,2460.3455
556,556,Persian,165.85,166.15,0.938,44.404559166666665,-10.072244516666666,25.808341277777775,19.52736111666667,20.8664,944.5924044444445,-15.028329256965947,27.49995150154799,106.31198973168216,62.037093947368426,11.893656243550055,36.74394530443758
557,557,Gulf,166.19,166.41,0.884,44.34927158333334,-22.582457625,18.4303525,-11.400868424999997,24.29660241666667,837.7375416666667,-40.662818706293706,-46.6996006118881,-0.6545982517482491,-33.2700904020979,-0.5490596153846188,-1436.9290209790208
558,558,a,166.43,166.47,0.496,50.00176633333333,1.9127699999999999,14.290193333333333,2.4131726133333333,0.0,738.2004666666667,-361.7423999999998,591.3438249999997,194.2391249999999,-37.01152899999999,0.0,5743.407499999998
559,559,couple,166.51,166.73,0.842,44.77109346153846,-9.813236028461539,12.451428192307693,-8.707378261538462,16.665635846153847,775.1644246153846,5.337344505494495,62.99400127197804,63.821529395604394,-120.92459436813185,34.808616758241754,1714.443142857143
560,560,of,166.75,166.81,0.749,45.04744125,-3.7760987499999996,19.222714,7.279124125000001,22.7191395,776.2129775,-61.39453500000008,72.27856400000002,338.24834000000016,750.7861475000004,29.980710000000002,9092.529750000002
561,561,years,166.85,167.051,0.744,39.525812307692306,-16.348021623076924,47.48625369230769,23.614748815384623,27.21650223076923,1116.361323076923,-24.07774203296702,-50.87434230769231,82.39591565934067,-142.85606252747255,2.8559079670329712,-1216.9557582417583
562,562,ago.,167.091,167.351,0.877,45.849588,-19.333778653333336,21.2391343,-3.1637926200000006,26.173286733333327,811.3618886666667,19.47504517857142,-47.417974642857125,-133.86760374999997,-223.2212528035714,-1.530370357142858,-6.073076785714593
563,563,I,167.791,167.891,0.763,34.258912518518514,-21.80795270740741,24.772805933333327,9.33566387037037,5.680617296296297,744.9127381481483,-6.5540389804639805,-37.96707742063492,84.45429201465204,32.28600107753358,-21.862452869352875,-181.27645695970693
564,564,spent,167.911,168.091,0.827,40.6382183,-18.77356898,35.2509465,15.5546586,18.3207898,767.596785,72.78087121212118,-112.32646587878784,-46.02329242424242,35.19041454545453,164.98927515151513,-1525.3077424242422
565,565,everything,168.131,168.451,0.698,43.774320055555556,-26.441055944444447,30.668788644444444,16.140159261111116,18.931230500000005,665.2841933333334,-3.9114462848297182,-26.478116357069148,88.52470265221879,-5.395567631578951,6.944634313725497,-1292.1966625387
566,566,Thanksgiving,168.471,168.811,0.473,39.333534722222225,-19.254723883333334,39.88223533333334,18.743814425,17.04922694444444,819.4966327777778,41.60156785345718,25.782696279669768,-20.105488957688344,37.865434749742015,78.88800211558309,64.96814602683176
567,567,with,168.851,168.951,0.862,45.13061042857142,-11.84868015714286,31.201300571428572,19.70817728571429,24.83689014285714,859.9373171428571,-87.56711428571428,-133.96377267857144,110.25679464285713,137.11277857142855,-7.712310714285709,619.5777142857145
568,568,the,168.971,169.031,0.979,39.6179725,-13.6609161,42.053853,25.597914499999998,6.18453875,655.80911,29.928450000000105,223.08437400000008,-314.45576000000017,-29.65181000000003,-371.0723250000001,10891.777400000004
569,569,troops,169.091,169.331,0.935,36.94004393333333,-23.994298359999995,36.30621873333333,19.459854399999998,6.787567133333334,990.2741520000001,-6.400794821428576,137.94272201785714,48.56105464285715,-18.89752892857143,-9.672072857142856,578.9714714285712
570,570,to,169.351,169.451,0.609,31.9316135,-18.835809666666666,42.31301666666666,15.986742666666665,16.11787766666667,764.563705,347.4445728571429,135.65997428571427,-464.44816000000003,211.52070857142854,275.30636571428573,513.0964428571441
571,571,go,169.491,169.611,0.871,46.045773,-20.30170725,26.029220000000002,4.070304975000001,24.349954750000002,923.92441125,-25.38837142857145,12.60045238095238,58.28820714285714,61.456489285714284,-4.041178571428562,-278.5682797619046
572,572,thank,169.651,169.911,0.908,39.54816313333333,-27.873278666666668,31.324350866666666,14.320876673333336,13.786681866666665,717.1732099999998,-15.890985535714291,14.810690535714288,-21.470984285714277,26.018259428571422,-57.00314928571429,221.11621964285712
573,573,them,169.931,170.091,0.857,43.61200222222223,-25.0442762,29.58051533333333,17.937452455555555,25.485040555555553,675.8456000000001,10.208547500000009,106.88352316666672,-9.739901666666663,54.44828166666667,-9.918158333333338,3239.2558250000006
574,574,because,170.151,170.351,0.933,40.455354846153845,-8.554732588461539,35.97512538461539,24.924319846153846,13.272396846153848,791.4397684615384,17.917777197802195,-47.21754387362636,69.02074807692307,-77.84974450549451,-37.00481071428571,-776.5357747252747
575,575,they're,170.371,170.632,0.719,49.71526328571428,-14.795166392857142,10.498324978571432,8.95308712857143,22.153468142857147,849.0299864285715,67.12292703296701,35.28437836263737,-171.82633214285713,-107.43937604395603,65.1699901098901,688.9732428571428
576,576,away,170.652,170.872,0.882,46.84427591666667,-18.292707691666664,25.820256249999996,9.0642613375,25.329248500000002,829.54851,-48.270411013986006,-193.71114861888108,183.48365437062935,211.01056609265734,0.006022727272723527,-1507.2980979020977
577,577,from,170.932,171.072,0.785,43.2381898,-13.40292476,20.413815239999998,15.127133800000001,17.3719462,983.581645,90.27144484848482,185.16191072727267,-103.94055466666666,-119.045610060606,111.50522121212119,-1540.0774333333327
578,578,"home,",171.112,171.332,0.871,50.3767156923077,-2.360868361538462,13.00621040769231,-17.82800067230769,25.880188076923073,795.0134146153846,-24.269922252747246,90.4578742857143,80.80312826923075,91.90976770329671,-2.9028027472527436,663.2994532967033
579,579,and,171.392,171.452,0.953,47.16558716666666,-25.049379833333333,28.499831916666665,22.928320499999998,24.863730999999998,1006.6742416666667,29.73890999999996,-342.29022714285713,269.60286214285713,64.38318428571426,-13.347448571428584,3862.1535
580,580,it's,171.492,171.592,0.883,32.21657328571429,-21.419894714285714,52.295068571428565,7.143960275714286,0.0,1031.2063942857142,-209.97865357142857,-8.71123214285714,152.0481464285714,-185.02999750000004,0.0,3518.5564642857153
581,581,not,171.632,171.772,0.848,46.30922733333334,-24.67585338888889,27.22227355555556,2.2118361999999996,14.377712777777775,800.9739855555556,-82.93947583333336,42.74452875000002,62.9763616666667,61.44690933333335,-218.26723166666667,193.87514999999976
582,582,just,171.812,172.032,0.786,31.07397484615385,-21.368492384615386,53.57743476923076,-2.080846749230769,9.796772,950.2635976923077,-2.880136538461531,57.26847197802197,-10.398426098901083,-67.68247401098901,-71.30202335164836,1242.4374835164833
583,583,the,172.072,172.152,0.834,37.17479766666667,-10.870415383333333,41.06262133333333,18.332125933333334,0.0,703.1852700000001,107.9051657142857,96.63234299999998,6.674537142857132,308.85213714285715,0.0,-8843.893
584,584,"troops,",172.192,172.492,0.789,34.88907094117647,-16.701375370588234,38.41876258823529,14.288897287117647,9.405139529411763,895.8643476470589,15.910281617647053,151.88704145833333,20.662565196078432,-97.45253651139706,-30.472488602941176,1274.6549375
585,585,it's,172.552,172.692,0.605,32.0850635,-13.41531341,50.030747299999994,1.4232064599999996,12.9275008,781.305638,-35.339834242424246,-61.6339546969697,-114.7239312121212,-110.50830909090905,-40.543796969696956,1439.2139818181818
586,586,also,172.732,172.972,0.913,38.622709071428574,-11.794933321428571,28.237302378571428,-21.75610496142857,26.387101,785.8417235714287,-34.385363846153844,45.27196434065934,90.93067042857142,106.09178114505494,-2.5386630769230747,1394.9036142857144
587,587,their,173.012,173.152,0.858,43.51648477777778,-22.362232594444446,27.038832433333333,13.110243155555557,10.987182333333333,900.9618277777777,-83.52451000000003,-165.61954216666672,75.91617500000001,64.67068950000001,-207.4315975000001,2733.999425000001
588,588,family,173.192,173.532,0.878,45.80237884210526,-20.98005590526316,25.75287105263158,7.479303208947368,22.47182010526316,638.1973342105264,3.8374836842105253,137.03406809649127,61.44569052631579,37.437131181578955,31.859372894736854,-227.4221236842105
589,589,members,173.572,173.892,0.913,43.87123538888889,-11.13635992833333,23.04207281277778,14.030355388888887,18.760384944444446,848.916278888889,-60.56328126934985,-3.3946874174406547,56.95230295510839,-6.690376676986584,-71.71859613003097,1977.6151785345721
590,590,who,174.393,174.553,0.978,31.500725333333335,-23.59968033030303,23.14552774545455,5.60557457060606,6.672144272727273,798.8035627272727,35.097639872994655,88.58744279411766,-54.27493151403745,-28.256399796624333,45.660222643716594,-49.12192680481285
591,591,are,174.733,174.873,0.875,49.9383183125,-7.610096318749999,-3.46629821875,-22.810300499999997,20.8307945,761.325001875,36.35883698529411,-84.83594753676469,-134.55408337499998,89.31979397058821,59.1807238235294,63.77696102941173
592,592,away.,174.933,175.273,0.858,46.45522935000001,-18.85501995,28.083508500000004,-0.0868800752999995,25.23133155,565.6398274999999,-9.191672669172933,-149.63061124060152,61.548998345864675,119.40730462849625,-1.1288979323308272,-983.9981357142859
593,593,And,176.053,176.173,0.782,34.11054222222222,-22.30030757777778,29.433751844444448,15.480875808888888,5.938154911111111,652.5408186666666,15.668191732542823,-8.176401135704877,11.986337187088276,-10.74632507575758,17.923888754940716,-258.91564090909094
594,594,you,176.553,176.633,0.839,30.97063043478261,-23.784113321739127,37.86157013043478,20.920318782608696,3.9841675217391304,759.2132560869566,6.044154397233201,0.8037825790513853,-0.14689273715414977,6.80603147233201,45.259713636363614,-473.023358695652
595,595,"know,",176.653,176.773,0.916,45.02203685714286,-22.54666342857143,24.212254757142855,20.198259714285715,29.621263857142853,862.0899042857143,-156.3922660714286,39.6126857142857,286.66264535714294,195.97674107142853,-13.433492857142848,-2926.573482142857
596,596,you,176.993,177.133,0.925,45.52838461111111,-13.83445576111111,25.875399333333334,23.51887040388889,21.782231333333335,886.0071127777778,33.76105299277607,71.53735034571723,-106.10210523219817,-59.88737111506708,21.71779587203303,-1022.1598550051601
597,597,run,177.173,177.293,0.903,46.995649375,-29.520024375000002,17.9887602,4.2068589175,30.1202575,705.49264125,-81.88448273809522,78.68858035714283,287.70621190476186,132.75995789285713,10.90196666666668,-218.5067916666672
598,598,into,177.333,177.533,0.926,40.211890000000004,-18.293006700000003,35.4934675,12.918762140833332,25.862004083333336,744.1878708333334,-23.03693636363636,18.131671328671317,56.73969545454543,-68.04663302972025,-157.67006695804196,1062.29725
599,599,some,177.573,177.713,0.897,42.14582911111111,-23.74144088888889,25.883110877777778,0.6498640111111111,24.065151,863.3327833333334,122.09905916666668,138.21975916666668,-230.30655958333335,37.26862733333334,166.29956416666673,-788.6042499999998
600,600,of,177.753,177.813,0.736,45.0804934,-22.031899600000003,24.741378599999997,18.65382874,28.628825,952.7458280000001,-52.407795000000064,-14.744160000000024,148.70135000000005,260.7271415000001,-7.5994250000000125,5271.1863
601,601,these,177.833,178.033,0.742,38.011897636363635,-16.24633578181818,52.539891454545455,32.280308999999995,27.236956363636363,717.5174454545454,-30.634286818181817,70.03876009090911,96.20085454545455,59.85018363636364,-9.772802727272728,1416.4996454545458
602,602,guys,178.093,178.374,0.638,40.53916017647059,-27.40255352352941,28.303943294117648,13.27357534117647,21.868716000000003,661.8715988235293,10.735892524509797,-0.6580421323529285,26.731680147058817,-36.93362539215688,71.74277144607842,-138.31874754901932
603,603,in,178.414,178.474,0.354,42.9307446,-7.60713558,33.414477600000005,22.401161199999997,27.543942800000004,733.474172,-32.363899999999965,271.654537,-177.07294500000006,207.98058500000002,-11.421709999999997,6250.501200000001
604,604,the,178.514,178.654,0.771,46.27812755555556,-11.800940966666666,24.247092111111115,18.929775999999997,26.970965444444445,849.8820966666667,37.80632333333334,70.37911583333336,-1.3857258333333442,-35.648936666666664,0.6453583333333386,2813.3359166666673
605,605,Wyoming,178.714,179.094,0.791,47.084497272727276,-15.310676695454545,22.046303922727272,4.901281277272728,27.32029827272727,680.4676636363637,-16.043187690570306,10.346196174477697,53.2173148136646,105.87984618577076,2.8061291925465826,-45.273169395821405
606,606,National,179.134,179.534,0.85,37.018285909090906,-27.89787333181818,34.757734068181826,10.774039640909093,23.51148027272727,790.7302836363637,8.182322473178994,107.76725313099945,-19.658198687182384,-51.61369644551102,-17.32555974025974,1099.648341614907
607,607,"Guard,",179.574,179.834,0.881,45.132207199999996,-33.10838801333333,4.999668513333334,-6.521107219999999,30.734850199999997,997.4030220000001,-13.309264999999996,-71.94616796428568,-20.693892053571425,72.16841896428572,3.1831946428571465,538.5857785714282
608,608,And,180.563,180.643,0.884,29.758020425,-20.0838734925,24.152743537499997,16.475612752500002,3.4158548000000004,695.2454847500001,-10.674764235459666,2.759296249999998,-4.512918327861162,-31.18738733067542,3.950788986866791,-524.1244629924954
609,609,this,180.663,180.803,0.835,41.994557625,-13.6591715625,35.341968375,12.175356599999999,13.317732,841.4107825,-122.01566964285715,-314.4835586309523,244.7703970238094,-132.21493178571427,-255.1711833333333,2357.3232500000004
610,610,one,180.883,181.003,0.853,46.7750029,-13.76746688,15.144959749999998,2.51932636,27.6151899,867.0734760000001,12.7214996969697,60.34311666666665,-63.73531469696969,50.08849006060605,24.119607575757573,1101.5831878787876
611,611,guy,181.023,181.203,0.707,42.3438134,-25.13537344,27.8894208,12.221417599999999,22.933829399999997,621.1733049999999,24.468703030303036,-111.6397722424242,95.4617612121212,-35.99183272727272,-12.188012121212108,-3079.7058090909086
612,612,said,181.243,181.403,0.825,38.13810529999999,-19.027800199999998,44.7438091,10.971108831,19.000994900000002,586.618393,146.07941606060604,229.8722866666666,-108.00896272727269,160.09735977272723,162.56763363636358,-5063.318051515151
613,613,to,181.443,181.483,0.994,40.59278375,-0.3327133249999993,38.21658875,28.086077749999998,26.52917975,559.4533700000001,61.28852500000006,-266.07225350000016,-91.26729500000006,94.27646500000002,-14.621275000000036,2769.7412000000013
614,614,"me,",181.543,181.683,0.712,41.7991673,-9.681122079999998,45.0483033,26.5609661,26.422374,531.294447,-37.70994999999999,-131.00421830303026,169.34654939393937,-40.47088999999998,-2.914700606060614,-3392.012263636362
615,615,Dr.,182.384,182.684,0.562,24.769229840799998,-7.542304552799999,23.486369390999997,10.662718312000003,10.04711374,792.9992272000001,10.783603825978389,-22.86856332878752,-35.66732906926771,-36.38909562496998,13.022915090036014,120.41158151260507
616,616,"Barrasso,",182.704,183.264,0.824,41.31755782758621,-30.185901062068957,12.639157172413794,-14.673359462068962,26.955818655172415,836.7609451724137,-7.935161625615758,4.836220581280792,29.705590332512305,-21.742310229064035,-20.442495935960586,-109.58643399014778
617,617,good,183.304,183.444,0.987,45.286378666666664,-16.222666744444446,22.000035333333333,14.300393411111113,29.31503444444445,938.5104622222223,-21.668582499999985,-158.49185483333338,112.10189416666668,207.27932866666674,102.62819,-1821.9760250000002
618,618,to,183.484,183.564,0.75,34.36672,-22.419954,48.11266116666667,12.965852716666667,16.8470785,719.4637266666665,-193.25178285714287,77.07050571428572,239.33050999999998,-327.3116881428572,-435.1676614285715,226.67137142857192
619,619,see,183.604,183.744,0.913,26.078881000000003,-31.19630611111111,50.860430666666666,3.7051034111111107,24.05889711111111,695.2323188888889,152.0408333333334,29.005960833333333,-126.81892916666669,110.23277033333333,274.6517916666667,-4025.2234166666676
620,620,you,183.764,183.824,0.363,36.359481,-32.278572,52.31886575,5.916102925,35.63462225,490.8181525,34.16941999999996,-141.57300999999998,-129.19561500000012,-166.86265250000002,-26.7750850000001,10010.708450000006
621,621,again.,183.884,184.124,0.797,41.05140433333334,-32.42361053333334,35.08048913333333,14.070391673333335,30.899655266666667,684.212112,23.042651071428573,-56.14002089285714,-75.19961553571429,-25.087839339285704,-19.352402678571426,-2792.153557142857
622,622,You,184.184,184.304,0.93,38.34026877777778,-6.808338322222223,50.275065111111104,29.80110977777778,18.504994999999997,691.7735166666666,-64.62717333333336,-68.59479541666668,184.24719333333343,65.01353416666669,-210.96154750000005,-2268.5670333333337
623,623,took,184.324,184.464,0.926,36.474253125000004,-26.825478450000002,32.0622855,11.8428641125,31.36724275,901.8870812499999,78.78892440476186,-27.077706428571375,-176.56519285714285,-52.08120886904761,149.5530273809524,1396.621458333333
624,624,care,184.504,184.644,0.89,36.55107644444445,-37.207965111111115,19.914039483333333,10.809636366666664,26.86555488888889,793.9084133333334,68.91676250000002,-133.05593666666667,-171.32584495833336,-112.42555341666669,196.59690500000005,1636.0962416666669
625,625,of,184.664,184.704,0.764,51.472679,-30.14698233333333,1.6034179000000002,0.05890553276666668,33.10667166666667,810.5155333333332,-49.00082499999987,949.2754249999996,10.674207500000017,-67.80532004249996,-5.929849999999879,360.45000000000033
626,626,my,184.744,184.864,0.72,47.154570625,-27.918952750000003,8.716039712499999,5.10738786875,24.38804975,936.546485,-19.1354625,84.26045476190475,70.53375148809525,224.4076015178571,-236.55880714285712,-1727.4720476190475
627,627,broken,184.884,185.205,0.798,46.86364623529412,-19.033362890588236,9.400944264705883,-4.448127317647059,30.95447441176471,887.4248282352941,-16.797632598039197,-39.7558755122549,98.02307654411766,21.075396053921562,28.044790808823524,-747.5320147058826
628,628,leg.,185.265,185.445,0.947,46.69792366666667,-26.744286103333334,15.97017485,-9.079647016666664,33.09652033333333,526.2511208333334,-38.48534335664333,-99.9062682237762,155.53769499999996,173.53271877622376,-23.66108566433566,-2778.053893356643
629,629,And,185.485,185.545,0.887,44.9024228,-21.905620199999998,37.16414339999999,10.289383828999998,28.620438200000002,583.523986,4.7476300000000675,248.39199000000002,-470.395665,-13.095120000000003,-15.63281000000002,5023.973099999999
630,630,I'm,185.585,185.685,0.773,51.145621857142864,-13.789783799999999,12.496604057142859,-1.6309970857142855,17.584885571428572,819.9205599999999,-32.132212499999994,336.8466328571428,83.17108553571425,94.55296267857142,48.530582142857135,-2728.9722678571434
631,631,looking,185.705,185.965,0.903,45.165783928571436,-7.950524021428571,14.588561728571426,4.17692775,24.16707457142857,680.4045892857142,-20.183163186813182,41.983089659340656,99.61498283516484,141.75629686813184,-3.3521369230769267,567.0302428571428
632,632,at,186.005,186.065,0.72,45.6786386,-16.6635762,28.952802600000002,24.1255126,11.2625452,476.654292,-140.85109500000002,157.92794000000004,177.99209000000008,82.65463999999999,-424.16048000000006,7907.928600000003
633,633,this,186.105,186.245,0.881,41.17303866666666,-19.14186622222222,35.422665333333335,16.453141455555553,11.818862666666668,837.8724033333333,14.89051333333334,-39.479803333333365,100.3710191666667,-108.59204675000005,-45.687829166666695,-2521.952758333334
634,634,guy.,186.305,186.465,0.811,41.628094727272725,-35.25404363636363,22.788582,12.714076054636363,18.970515363636363,578.7879590909091,118.90118227272733,-72.76409090909092,-175.60271136363636,-64.98754309,138.33376227272734,-4548.977340909092
635,635,He,186.485,186.525,0.028,46.682546,-21.749185,24.428296,28.389630666666665,25.933087,602.2882733333334,-92.60567500000005,498.2467749999998,-152.13079999999988,-30.958874999999953,4.7186749999999815,10082.155749999998
636,636,was,186.545,186.645,0.722,42.6664065,-11.251549666666667,45.803539666666666,19.371002833333332,17.522997666666665,702.2235016666667,-80.90757285714284,-149.20016,294.46558857142855,-1.8654471428571402,-139.65162285714283,4812.131042857143
637,637,about,186.685,186.905,0.873,48.24035984615386,-20.050290330769233,13.057185184615381,13.610956846153847,17.96800976923077,639.0601053846153,-15.490579670329671,9.36563486263735,-92.4656735989011,-112.93572829670329,-82.71441978021977,118.46018956043906
638,638,six,187.005,187.205,0.999,31.49613546666667,-31.804911800000006,34.25450693333334,8.777702238000002,12.049704533333333,793.8311846666664,59.875100892857134,11.510409999999993,-77.45956178571427,64.08072033214285,32.6750482142857,-1320.4968053571426
639,639,foot,187.305,187.525,0.786,37.940818625000006,-29.151804124999998,27.379298437499997,9.50505894375,11.746841,684.114595,78.92540852941177,126.40301823529411,-43.477635514705874,-41.864131507352944,-1.2431449999999966,-171.36586617647052
640,640,six.,187.625,187.965,0.913,31.075589000000004,-31.787529486363635,40.04222636363637,-2.584024436363636,9.481918818181818,677.1531204545455,36.67143658949746,8.606773955392434,-48.73735787690571,57.481814788255235,-11.926461547148508,-996.0954316770187
641,641,And,188.606,188.706,0.865,27.740681351351355,-32.66601263243243,25.573779675675674,9.313418505405405,4.726081918918919,611.554462162162,33.930652619724995,39.8036466002845,-24.562768883357045,8.630515295163583,32.1568781412992,-148.76882005689902
642,642,I,188.746,188.806,0.795,48.30329999999999,-33.9031344,20.6724172,2.3010767999999997,22.762356,386.796676,-102.14537,229.22014500000006,336.21781000000004,268.80427099999997,-289.60618500000004,-991.3169500000004
643,643,just,188.866,189.026,0.81,35.644631545454544,-15.24061726090909,56.20030963636364,5.843603545454545,22.32607218181818,676.8432072727272,-105.71912772727278,-96.15565432727274,119.96017045454546,-211.64795518181828,-146.82377909090917,5157.947663636365
644,644,don't,189.066,189.246,0.784,45.80101409090909,-15.62482801818182,16.11208490363636,-16.841054532727274,27.182280818181823,903.1278754545456,150.33856909090915,68.8253281818182,-311.52708658181825,-149.83185019090914,49.15541090909091,-2254.6592818181816
645,645,recognize,189.306,189.846,0.782,43.97772,-22.598374443333338,25.47932739333333,7.452513918333333,24.656061633333334,610.5466456666668,5.637666518353729,-20.010395883203554,56.45894926140156,26.115194298665184,9.258959187986655,-788.9288506117908
646,646,him,189.906,190.006,0.545,40.771503,-5.066909837500001,36.341618499999996,14.171903225000001,27.57976725,520.032235,50.665523809523805,72.52560017857141,-213.2078380952381,112.23894154761902,-9.426866666666651,5568.5585357142845
647,647,at,190.046,190.086,0.992,42.760875,-22.20526325,26.99813725,12.1823645,27.26314625,732.949215,30.79507999999994,93.05714500000005,-96.20364500000004,223.6659600000001,22.411215000000027,12961.354700000002
648,648,all.,190.206,190.326,0.959,53.93100716666666,-10.415651968833334,6.668059608333331,-31.04616536666667,27.908683666666665,600.0615291666667,-24.474387762237743,36.871797190559455,-65.56171281468531,-105.37585972027973,-107.96067307692309,-1095.6767115384614
649,649,And,190.386,190.446,0.968,50.72004033333334,-28.971565499999997,14.7866286,-13.864855083333332,23.326521833333334,590.7651500000001,-44.34598571428575,-51.509667142857104,214.1277285714286,295.47198499999996,194.96390714285707,7377.148771428572
650,650,I,190.486,190.526,0.99,46.82024075,-33.442064,27.8561135,6.671296975,26.843253,417.689925,122.14075500000007,41.849880000000006,413.34363,271.15943850000014,-11.49970000000002,-3089.735700000001
651,651,"said,",190.566,190.726,0.905,39.8665135,-28.429394249999994,33.0448976,9.06031334,5.742033,600.9135239999999,94.57374272727272,-9.430833787878777,-184.15040969696963,-31.20955424242424,-0.3296951515151472,-1564.8157151515152
652,652,I'm,190.786,190.906,0.942,46.88336533333333,-18.036795155555556,13.379794555555556,-3.5282571222222208,18.337185777777776,636.0947211111111,-15.09490166666668,248.6361145000001,244.96679916666668,281.41878825000003,61.898722500000005,2610.2943500000006
653,653,sorry.,190.966,191.247,0.797,39.460616470588235,-33.42332958823529,20.195315372588233,-3.1415078999999997,19.486043529411766,933.1634464705883,111.12567463235293,-3.160818014705889,-203.27560568112747,29.809117058823535,100.82002769607843,-955.0431862745099
654,654,I,191.267,191.287,0.802,48.00675,-35.2758885,18.657778,12.4664255,26.026051000000002,373.54017,-60.145999999999916,24.324649999999778,147.8837999999999,-3.2567499999999847,-34.014699999999976,-303.5670000000009
655,655,apologize.,191.347,191.927,0.832,44.73664840625,-21.30093903125,18.593573409374997,0.008122496874999996,18.6828286875,680.6688725,7.149539891862172,-3.715766156524929,42.75735253940616,17.98068287481672,39.27243870967742,-13.46518530058649
656,656,I,191.967,192.027,0.5,42.024351,-14.895519400000001,41.3454468,2.8590000780000002,26.627468400000005,801.149384,161.00462999999996,-110.97527500000002,-537.9538850000001,55.08092225000001,-21.231639999999995,-3901.9948500000005
657,657,don't,192.047,192.227,0.602,51.933056699999995,-5.141929049999999,5.218474417,-2.8624166700000004,14.9949616,871.6714840000001,39.642454848484846,214.5508698484848,-36.884427887878786,-86.12276851515149,-185.77449636363633,-1168.952818181818
658,658,recognize,192.267,192.807,0.732,45.12668348275862,-17.00668077586207,26.776763348275864,15.208665327586209,20.91751755172414,641.30205,1.3651824384236475,-16.58329564039408,53.26866950492611,9.644970076354674,26.861530689655158,-624.2697293103447
659,659,you.,192.827,192.887,0.328,39.357616,-17.8029105,58.83879575,15.870970750000001,25.00854725,1050.1402750000002,121.82088000000012,-172.6363000000001,-529.4156550000001,181.10481500000003,-38.97842500000002,-7729.469500000004
660,660,I,192.907,192.927,0.0,50.559571500000004,-20.1677885,23.6079705,13.6619475,23.514709,333.92586,38.67514999999989,204.3637499999998,-369.60594999999995,-102.20014999999995,38.125799999999884,-2175.260999999999
661,661,don't,192.947,193.087,0.805,51.664896875,-11.72019874125,5.5727704975,-1.4325369874999998,15.66612125,838.05251,-72.11584107142853,286.45087941071426,-111.03288929761902,-189.9237300595237,-222.48578690476188,1254.5088809523802
662,662,remember,193.107,193.387,0.838,47.146511,-0.9196571333333331,11.938344224666668,8.17261046,24.28334653333333,891.1840533333332,18.10562214285714,-54.01761230357143,19.39186285178571,59.53387357142857,30.192946428571428,-826.4419267857144
663,663,taking,193.427,193.667,0.519,40.51965657142858,-8.77728879285714,36.08115978571429,13.03862702142857,13.197391785714286,572.3132814285715,10.81509824175824,109.0151150879121,56.11213659340658,29.2412255054945,-38.0062143956044,666.1841384615384
664,664,care,193.707,193.847,0.708,40.89668366666667,-26.805128888888888,35.236815222222226,13.926603166666666,21.385694,895.1285333333334,149.00797583333335,-32.9941,-220.12755083333337,13.142378750000013,147.02393833333338,-80.5265833333329
665,665,of,193.867,193.907,0.0,47.68371166666666,-16.73657366666667,36.725278333333335,28.326774,25.673229000000003,897.0940866666666,-162.025625,92.79709999999992,224.60639999999995,249.45642499999985,-30.283775,991.5925000000018
666,666,your,193.927,194.047,0.483,47.19158842857143,-5.194656185714287,22.413376285714286,23.257644857142854,6.930726142857144,731.5516642857143,-61.46578749999999,278.9287619642857,-39.26084017857143,-32.59162499999999,-217.0115321428572,3896.092446428571
667,667,broken,194.087,194.388,0.838,47.72370176470588,-8.330958470588236,10.616629052941178,3.433146112352941,17.075367529411764,765.6609864705882,14.889319852941176,-32.918696482843146,18.90094096813725,-33.350594299019605,87.05265772058823,-631.8729313725488
668,668,leg.,194.408,194.528,0.969,46.32642114285715,-24.530498478571424,28.310611428571427,0.15377834285714392,27.00979571428572,728.3897185714286,-172.96490714285716,117.75117133928568,200.24539285714283,508.7972607142857,-11.579825000000003,-1424.8185357142854
669,669,He,194.568,194.648,0.17,38.24753033333334,-11.359867543333332,56.311895166666666,27.359425666666663,17.319355833333333,564.5235633333333,-165.00126285714288,-124.65200814285714,168.54211857142855,-220.7478085714286,-302.6321300000001,7996.988285714285
670,670,"said,",194.668,194.788,0.56,41.913142,-15.468507957142856,42.76872828571429,13.959478214285715,18.422257000000002,745.2834628571429,114.73135357142863,20.558314107142845,-120.50272142857145,83.71304464285716,-242.15452857142859,668.0898214285705
671,671,I,195.128,195.188,0.995,36.1422463,-27.014884059999996,12.38631382,1.6985245999999996,6.23913235,646.2312684999999,22.52839909774437,11.561209368421059,-111.93603896240603,-107.4772672406015,75.21932958646617,-1079.5665364661656
672,672,was,195.228,195.348,0.897,43.40631775,-8.57290785625,28.236243852499996,0.17043350000000057,29.790650499999998,967.0764475000001,-129.34165714285712,-90.49805788690473,527.5317197023809,269.62014999999997,-15.93052380952382,1844.2518690476181
673,673,eight,195.408,195.548,0.885,36.7266867,-26.31534,47.253192,5.735735580000001,24.329574700000002,819.591694,-47.398677272727255,70.34945939393937,103.34443212121211,49.3474783030303,-209.18847303030302,220.57444848484818
674,674,years,195.568,195.808,0.699,39.010826461538464,-21.67320926923077,34.74337730769231,9.13014153846154,28.445720461538468,935.4937015384616,26.416285439560436,-0.10282184065934066,-83.27431043956041,-72.01107997252747,-105.03778076923076,1476.1923626373623
675,675,old,195.908,196.068,0.833,45.83471661538462,-22.50237184615385,16.115641278461542,-14.277968538461534,33.70157038461538,745.8805723076923,18.792700824175824,110.23478214285713,15.782321824175819,79.16671263736264,-26.949469230769232,-109.78826373626379
676,676,at,196.108,196.168,0.734,44.275035200000005,-4.6564662100000005,41.5992742,-7.953597552000001,10.7117954,983.78871,-87.27842500000007,298.57414675000007,-76.64875000000004,271.87526770000005,-404.5500550000001,433.2981500000011
677,677,the,196.208,196.288,0.932,38.09187416666666,-5.1002801333333325,40.6423165,10.738573416666666,9.047138833333333,654.5083683333334,7.797601428571388,13.732222857142885,222.68488714285712,70.52362500000001,-156.20603857142856,-3073.6210714285703
678,678,time.,196.328,196.588,0.771,46.6879982,-28.8144042,16.57240535333333,-6.369338081266665,20.141528866666665,544.4238786666667,57.95328714285714,-1.4821103571428629,-99.79035924999998,30.074229914999997,14.690451249999995,-1194.4080374999999
679,679,So,199.249,199.429,0.904,34.07034577816902,-25.673675984232393,25.66599609626761,7.45441328387324,13.532804028169016,758.8229285915493,1.509348220157128,-2.311137564226377,-4.395140844570623,1.2220002344711025,7.458790737461518,63.69891630395376
680,680,it,199.449,199.489,0.934,45.020941666666666,-22.68468633333333,20.67906066666667,20.794261333333335,0.0,881.9848666666667,-234.41619999999978,777.7394749999995,59.98644999999996,373.3026749999998,0.0,-7551.217499999997
681,681,does,199.529,200.049,0.756,42.414757107142854,-28.32932535,25.834520107142858,8.344351732142856,24.880607892857142,714.5789717857142,-9.40476709085933,-24.101226272577993,50.91878151340996,-6.1164588054187226,-24.172615311986867,834.480148467433
682,682,show,200.069,200.269,0.752,33.48011750909091,-36.22708272727273,29.714175363636365,-2.729187272727273,26.973358545454538,1024.9941399999998,193.36256254545455,23.649025909090913,-330.07884818181833,-36.6405110909091,131.43161181818184,108.99651818181823
683,683,that,200.309,200.73,0.79,42.15074973913043,-26.744727543478263,27.225156500000004,5.169491399999999,28.59904052173913,763.3916547826085,22.26715666996047,-44.764285820158086,-43.349707312252946,-96.58639116600786,10.669706521739133,482.0257875494071
684,684,life,201.37,201.59,0.84,36.89394793023256,-24.19834873953488,20.330503972093023,1.232970539534884,17.487456046511628,664.9681716279069,-2.089735299003319,10.83068264195107,-3.8077910404711557,21.11279918453639,-8.953901374207186,-160.5988207490184
685,685,goes,201.65,201.83,0.837,42.27338023076922,-18.024769615384614,20.829543899999997,-1.2404970476923078,23.37333053846154,968.1979630769231,7.227748901098899,49.871668956043955,122.94183483516483,-56.56786828571428,42.57813104395604,-630.3150604395605
686,686,"on,",201.99,202.07,0.817,50.97628581818182,-22.111959363636366,14.679983600000002,-20.147623954545452,28.548650818181816,672.89722,-16.187333181818193,0.386095000000007,-62.99076263636365,36.25568295454546,-6.189034090909084,-1941.0630318181823
687,687,but,202.11,202.21,0.921,44.218111125,-10.436924962500001,26.743287375,18.0916281125,26.466179875,988.5096262500001,-23.549800595238118,-278.91874886904753,85.05484702380953,180.2427426785714,54.460938690476176,794.1208511904766
688,688,it's,202.25,202.39,0.721,32.14048975,-16.557886875,47.943493125,14.9959215,10.461273125,993.523905,-159.80144047619046,77.57415178571425,229.1996934523809,-68.84711904761903,-250.14528749999997,2081.5808095238094
689,689,been,202.41,202.57,0.783,41.105267,-14.122790755555556,28.919752111111116,18.72009217777778,22.084493222222225,861.0651544444444,122.22748916666669,13.205051000000013,3.118172500000003,116.76710800000001,162.78566666666669,842.8139166666663
690,690,a,202.61,202.65,0.116,49.18191,-19.877072000000002,11.1945492,14.763645400000001,27.5725958,977.816706,75.80036499999999,316.00732000000005,-194.307205,-76.329205,9.592825000000026,-1855.084200000001
691,691,real,202.71,202.89,0.905,50.044835545454546,-16.059341554545455,6.280803327272728,1.5086776272727276,24.129254727272727,943.0511663636364,-22.075333181818166,5.623086545454542,139.3998821818182,-119.73454900000003,-126.95129818181823,-258.35318181818184
692,692,privilege,203.09,203.491,0.768,38.61403558064517,-14.690994171612903,24.591523957096776,5.869679258064515,14.379547225806453,949.8093887096774,-0.999047822580644,-45.901967125000006,81.66968774173387,1.3437985483870991,25.299944637096775,307.8358782258065
693,693,to,203.531,203.631,0.794,40.802401857142854,-16.75847642857143,17.647209885714286,7.358830677142857,19.176543285714285,955.4001928571428,272.0071285714285,408.33736785714285,-449.15856017857146,-96.89135753571426,239.56488928571426,-351.9133214285711
694,694,represent,203.671,204.111,0.792,45.05145554166666,-16.496996228333334,20.7362201875,5.2782996625,19.958885083333332,811.16169,-27.906042760869564,31.407772093913028,93.80755476304348,7.909267454347823,-11.209723913043474,-1131.40724173913
695,695,the,204.131,204.211,0.828,39.9077764,-6.572709186,33.8819916,22.8000338,0.0,686.157528,-62.60519000000003,198.42319,75.42129999999997,168.71898000000004,0.0,-2071.6482500000006
696,696,people,204.251,204.491,0.861,40.60188792857143,-10.244954105,34.86234392857143,11.978519071428574,19.506001214285714,739.5088507142857,59.19382318681319,134.05918862527471,-85.59447659340658,-244.86547637362634,21.582585824175816,597.6075175824174
697,697,of,204.511,204.551,0.236,51.699432,5.70458,20.911565333333332,-21.159257,26.38942366666667,863.4864000000001,-173.9430999999999,356.2180749999999,-225.94972499999992,190.00309999999993,3.0192000000000427,1658.6875000000014
698,698,Wyoming,204.591,205.011,0.785,48.308718,-11.193794960869567,17.56417030869565,4.641470356521738,25.82253147826087,632.5048856521739,-19.570139723320153,44.61162666304347,82.95317484189721,102.60388414031618,-3.488203162055333,471.9035192687747
699,699,and,205.031,205.111,0.185,42.140976800000004,3.4267574299999994,30.393900399999996,28.0222308,23.4321812,596.227146,3.692074999999985,177.08886125000006,12.292429999999984,-31.831795,3.4462750000000146,6801.5105
700,700,the,205.151,205.231,0.835,40.24809933333333,-24.869410499999997,46.37648466666667,11.464896753333335,3.9221585,798.482595,-354.48474,-283.50958142857144,212.66021142857142,-338.97077205714294,-168.0925071428572,7555.269614285714
701,701,Senate,205.271,205.571,0.86,40.20347117647059,-32.87345532941177,28.215169176470592,4.715994335294118,20.904073588235292,487.158595882353,37.375225735294116,116.26986797794115,-21.936253921568614,112.16537990196079,-46.40949534313724,-2021.9993651960783
702,702,as,205.971,206.111,0.652,32.91163481481481,-10.906093506666666,27.481311888888886,13.622211585185186,5.925016148148147,631.0357974074074,37.53099761904763,19.59547267216118,22.022045604395615,-16.86969127289378,35.36571007326008,358.1251837606839
703,703,well,206.191,206.391,0.969,47.81494792857142,-10.579605742857142,9.516743128571429,-27.534109857142855,28.145496500000007,751.3053778571428,-17.02229989010988,-120.21780492307691,33.094410021978014,-100.86328175824177,-4.096909120879126,216.97618351648336
704,704,as,206.451,206.532,0.686,37.85822928571429,-14.107921600000001,44.06123771428572,0.1884440999999999,22.967162285714284,1141.5910142857142,-191.90811607142857,8.675136428571422,396.2307428571428,126.29394410714288,-144.75848928571426,4127.1655357142845
705,705,to,206.572,206.652,0.767,37.5158895,-8.907554499999998,42.66657583333333,17.6409738,17.1220545,816.7340249999999,174.37761857142857,426.07659000000007,2.176344285714275,306.3899394285714,290.3064871428571,-1990.6918428571428
706,706,go,206.692,206.832,0.998,48.452762,-17.160664866666668,15.745250166666665,-6.015539504444446,26.293587777777773,711.9409766666666,31.34814000000001,-43.161620666666664,-116.88534583333336,-345.01041955000005,-7.951405833333344,-1087.4253333333338
707,707,and,206.892,206.972,0.818,48.376980571428575,-11.518321642857142,24.52837385714286,17.086491,18.278095571428572,827.01841,-101.03222500000001,296.98663125,186.65619999999998,277.5907642857143,-229.54309821428566,3265.2726071428574
708,708,thank,207.172,207.412,0.943,41.919794499999995,-17.416590795454542,29.244068590909094,20.388516863636365,17.689611363636363,692.6824468181818,-15.885823404856007,-0.910943865047998,-10.723870892151316,15.599286702428008,-12.042936024844723,231.638838791643
709,709,the,207.452,207.532,0.823,37.887093166666666,-18.531350566666664,43.83125283333334,28.43435583333333,4.3457783333333335,824.3426599999999,-66.35296714285712,-122.79258485714291,4.64710142857143,42.343504285714246,-186.24764285714284,965.3490857142854
710,710,troops.,207.552,207.812,0.917,36.007677785714286,-24.969849242857148,35.57085164285714,19.26673757142857,13.382554285714287,925.9169642857142,13.582784725274713,118.39112832967032,4.011998681318688,-69.2574810989011,38.74890065934067,1337.1861626373625
711,711,The,208.777,208.897,0.832,21.24119879851852,-19.03781088518518,26.64663253703704,14.163431363703705,4.922138777777777,708.141695,3.2273022759672187,50.82674595883361,-20.039460097198397,7.630629014179531,-9.434887322279398,-264.19579007051647
712,712,people,208.937,209.218,0.841,39.8076031875,-15.901909581249999,40.3073469375,5.008966937500001,20.7633329375,864.937408125,38.99996095588236,55.26652609558822,-88.17741919117647,-268.64257742647055,57.06489080882353,982.4229772058824
713,713,of,209.238,209.278,0.301,47.429505,-1.9215958333333336,23.845154666666662,-29.981997666666672,30.166720666666667,843.30251,10.458750000000089,324.6994749999998,114.68122499999994,367.84925,-25.15249999999999,-251.90450000000055
714,714,Wyoming,209.318,209.758,0.83,46.798346125,-23.882514487500003,19.671617291666667,1.1991332975000002,28.211331958333332,707.5907691666666,-16.223957456521735,22.625364497826084,32.13800084782608,127.18621300565214,-4.981942456521737,63.07228434782597
715,715,are,209.818,209.918,0.723,48.40596325,-19.81004925,13.706618037125,16.59335,19.632202,876.3073800000001,-136.72457142857138,-91.13493214285714,451.07300053392845,78.07901309523808,-178.29341785714286,3460.76780952381
716,716,so,209.998,210.199,0.903,33.999680142857144,-25.534643731428577,30.11477003571429,-7.2034846678571425,25.789977642857142,896.5252499999999,206.5974969230769,167.71743949010985,-278.49005587912086,-116.49749708241755,53.533337912087916,-614.5588549450549
717,717,gracious,210.439,210.879,0.914,34.773786720588234,-13.960725294117648,34.238718402941174,12.488389010882354,16.69374385294118,914.7475085294117,-28.798552089381197,-94.59177702979369,98.52917367074099,27.86581560175706,13.792599014514893,150.556186631016
718,718,and,210.94,211.02,0.88,39.04433971428572,-9.75874902857143,50.68097471428571,14.620389414285711,22.291989714285716,691.3648185714286,221.99328214285714,474.90737107142854,-170.78008928571427,183.2090548214286,119.65476071428574,204.02957142857173
719,719,generous,211.06,211.56,0.822,42.217521740740736,-28.12454714814815,31.050823059259262,10.239310794962964,24.454714296296295,891.619705925926,-13.377050518925516,-15.968417612942618,14.759603156288165,-58.2460855193529,-23.64828275335776,552.725060744811
720,720,and,211.64,211.76,0.826,38.5125163,-7.13333815,39.3325568,12.3626036,23.384556800000002,796.581951,80.03682454545451,304.3945565151514,-44.69559515151512,168.55645030303026,66.12179454545452,-92.31116060606078
721,721,everybody's,212.161,212.621,0.86,40.41070153488372,-14.643896469069768,21.62951553255814,13.146753775813954,21.23524176744186,797.6832755813954,7.3139787299909385,-56.20041720643309,1.51115143536696,-5.533209753246752,41.460745801872534,352.70662043189367
722,722,very,212.641,212.882,0.879,46.78601915384615,-33.641920461538454,13.94113990769231,13.469148930769231,32.432244,998.9434453846153,-27.50528626373626,-25.50508241758241,36.656983763736264,8.474611895604388,-4.00421126373626,382.02314835164844
723,723,"opinionated,",212.962,213.562,0.859,41.607768,-21.91946878529412,37.007019029411765,20.565498764705882,23.578227,646.263382647059,3.8698830252100853,-6.07992796562261,1.3798853093964856,5.542025439266613,24.592172528647815,-196.5607933537051
724,724,but,213.602,213.703,0.962,45.236471142857134,-7.483625342857143,20.386928571428573,16.562078914285713,23.158393142857143,934.8729542857144,82.68411071428574,-272.8903689285714,-218.55543749999995,-143.59463392857143,119.76516249999999,1089.111071428572
725,725,also,213.743,214.003,0.765,40.145813733333334,-24.730396600000002,25.05902080666667,-17.123972860000002,19.862682,881.9456293333334,-14.61455928571429,4.858070357142857,99.57721655357138,109.42290641071426,-8.427348392857143,183.67886964285717
726,726,very,214.063,214.323,0.811,46.09836925,-20.533705349999998,16.4961793125,15.6183799725,24.4652928125,774.827298125,-9.222556323529407,-3.498455676470592,9.435197102941169,42.27339764411763,-50.38533933823528,27.119281617646898
727,727,polite.,214.383,214.764,0.743,44.86095236363636,-15.970008586818182,22.11214469090909,-1.885259438454545,17.087298,754.2622586363635,2.2799736307171,-43.53659202907962,18.73088119706381,64.53428732608697,-18.895539920948615,-848.7640680406552
728,728,"So,",214.884,215.124,0.835,38.278620805555555,-18.115562477777775,28.816414794444444,2.6626546333333336,16.89623322222222,935.3209300000001,75.32282288441692,-15.016503581011351,-143.6296127915377,-57.41604797729618,107.21576532507741,266.07221671826625
729,729,you,215.164,215.244,0.833,39.99770933333334,-6.82815985,44.880681833333334,30.53559266666667,27.241147833333333,677.6912266666667,-41.250297142857136,-134.28551585714285,234.4710785714286,42.20147714285714,-6.5424328571428765,-4767.283085714285
730,730,"know,",215.284,215.384,0.998,49.439519142857144,-23.355195428571427,17.464723485714284,10.331642657142854,26.56287071428571,786.5759142857142,-5.789771428571453,-175.82180892857144,-275.85189607142865,-383.3091228571428,-2.5008375000000025,-3026.6698214285707
731,731,if,215.424,215.465,0.966,43.70504325,-7.71146745,20.118955500000002,11.181079125,12.86594525,908.6540075,-129.83175500000002,470.45836300000013,354.1484000000001,301.7866275000001,-517.4827850000001,3714.2361500000006
732,732,you,215.485,215.605,0.794,37.42227771428571,-3.965870128571428,37.161109857142854,28.164223999999997,24.083337999999998,1028.9632928571427,100.8357410714286,179.2076876785714,-191.0145607142857,-22.149487499999992,146.76360535714286,184.36305357142868
733,733,make,215.625,215.745,0.809,41.47117357142857,-22.882527185714284,35.458818,22.367344714285718,24.98448928571429,783.6598428571427,-96.6542089285714,200.61793107142856,166.6823107142857,24.796083928571438,-152.89219642857137,-1032.2011428571425
734,734,yourself,215.785,216.125,0.785,36.488804421052635,-23.764526842105262,35.58533926315789,3.4534175315789475,21.256364368421057,995.6400047368421,65.37477342105264,28.9399403508772,-135.2899807894737,-129.05221630701757,37.31405964912281,-1373.250107894737
735,735,"available,",216.165,216.606,0.761,48.01192791666667,-15.076798535416666,21.457934499999997,-9.8850657875,25.856430708333335,798.77801125,7.847739260869567,42.98630316847825,2.00910513043478,-105.93145609782606,-9.41319415217391,98.16019326086956
736,736,which,216.666,216.826,0.878,41.29304181818182,-8.644896954545455,33.77025409090909,9.514708836363635,17.917149454545456,961.8530863636365,-157.5631222727273,-259.4728953636365,242.0766095454546,166.10868581818187,-53.021435909090926,751.5185499999999
737,737,I,216.886,216.946,0.935,43.94400016666666,-26.6664495,26.51302875,9.263417283333334,27.877006999999995,599.4983866666668,-53.13070428571429,240.38083857142863,285.9949521428572,424.4522975714286,-12.762902857142894,1280.616371428571
738,738,"do,",216.986,217.226,0.824,42.640853785714285,-7.597862335714283,29.73065390714286,14.600012150000003,30.324675357142855,957.2730371428571,18.15484868131868,26.636408230769238,-175.72879456043952,-177.40316739560436,14.005740329670326,342.2995054945054
739,739,it's,217.467,217.587,0.868,38.935727222222226,-8.418990558333334,39.48950305555556,17.817419694444443,12.880474444444443,713.9037605555554,-48.90362125902992,-85.08737453302372,101.52910046439628,10.98591787925696,-36.226319195046436,-691.2501037151703
740,740,always,217.627,217.847,0.864,46.68587069230769,-18.398853076923075,25.161774984615384,2.8555825892307687,26.617714923076925,967.3269884615385,-46.988253846153825,39.904427472527466,240.828416510989,179.09527986263734,-52.873394780219776,1305.6365549450554
741,741,good,217.867,218.007,0.876,41.012264625,-12.070347375,34.92656649999999,25.608944375,25.107391125,868.640455,15.981736309523814,216.1568180952381,52.30462738095239,50.10744583333333,108.54347321428567,775.0483809523806
742,742,to,218.027,218.067,1.0,34.377160333333336,-13.379861333333332,55.86790033333333,29.023663666666668,27.769099,700.9698833333333,-64.70987499999993,87.3835,274.2909249999999,9.281999999999961,-31.32437499999997,-24700.973749999986
743,743,hear,218.107,218.208,0.874,43.591512,-19.045731571428572,30.196011142857145,20.15137972857143,28.943569142857143,885.9650742857142,124.27024642857141,-34.18185892857144,-522.9289839285715,-350.40356607142854,3.0373678571428497,2363.6390178571423
744,744,what's,218.248,218.408,0.853,42.0360818,-19.08465388,26.5914538,-3.994705699,20.4657234,934.6069540000001,-190.8188418181818,-123.44414424242422,258.39863242424235,44.52447235454542,-185.181066060606,2229.0792545454538
745,745,on,218.468,218.588,0.768,47.76747922222222,-12.686955594444445,16.65951122222222,-4.383851077777777,25.72679488888889,874.8306622222221,-29.735482499999996,46.62186191666668,18.10999916666666,136.63365175,-99.415665,-83.4197916666665
746,746,people's,218.608,218.948,0.89,40.99434761111112,-13.359284980555554,31.968793944444446,4.575743594444445,13.312300222222223,810.9916466666667,11.122809442724456,58.74347754127969,7.635513983488135,-188.2428964757482,17.570110526315787,339.50041279669773
747,747,minds.,218.988,219.349,0.892,46.3205914,-17.053542465,19.415817421499998,-1.6932428549999998,17.5374108,557.014221,-15.915656917293227,45.69214632706769,90.77777548609023,117.36627511654137,-113.78715631578949,-1442.093232330827
748,748,And,219.749,219.889,0.748,39.35311359259259,-22.827278744444445,39.779531111111105,7.198382197777778,15.868895,548.9153311111111,50.044553205128224,-7.138526520146524,-31.370075824175828,49.56616210561662,71.87354496336998,-539.0594133089135
749,749,there's,219.909,220.35,0.522,35.55602517391304,-5.811181473913043,41.11772891304348,22.364039093478258,19.917648086956522,920.167928695652,-0.1293081027667962,-51.557743092885374,40.60985533596837,-27.730118856225285,14.068108448616597,-634.0325093873515
750,750,an,220.37,220.41,0.99,46.40449133333334,-5.717483966666666,37.71444,23.843678,17.99010733333333,1042.4505666666666,-14.886275000000104,341.54493999999977,-500.1254499999998,2.532674999999959,-673.8937499999996,-3172.57
751,751,optimism,220.59,221.111,0.841,43.93609202777778,-17.215188715,18.024395594444442,1.2969080616666666,26.158852888888887,742.1174802777778,2.7922785907335883,39.185386405019294,60.64074564864863,43.48652509124838,27.11576401544401,462.97104343629337
752,752,in,221.551,221.611,0.75,27.88567566,4.977541668,25.014064400000002,14.574272760000001,13.348870999999999,922.435618,9.856118230769228,-35.90923161923077,-16.637992538461546,-6.878421307692308,0.6731314999999961,86.20864000000002
753,753,the,221.631,221.691,0.999,53.81116125,-7.9289217,-1.386861025,-2.066687275,27.9891565,928.073915,64.30392499999994,244.90132000000003,-302.8226655000001,-241.34544650000004,0.4473400000000184,-187.52409999999895
754,754,Rocky,221.731,222.032,0.93,42.72520147058824,-24.781925741176472,16.121462511764705,5.225683841176471,21.963927705882355,796.5873988235294,-39.58123958333333,112.58834191176469,154.03450721813724,145.53195099264704,-7.627039705882358,-431.4574816176471
755,755,Mountain,222.052,222.292,0.773,46.93702623076922,-22.934513253846152,15.892654969230769,5.403926815384614,27.88876584615385,726.427053846154,18.04994478021977,217.66503464285714,4.932934890109889,-2.487603241758237,-4.262395054945055,1118.3058021978022
756,756,West.,222.332,222.572,0.861,37.33502357142857,-27.47058728571428,32.270991571428574,2.354074335714286,24.49866392857143,856.3934807142858,-143.1456437362637,-64.56642153846154,224.89588747252742,64.90603614285713,-68.56489417582416,1268.8055175824175
757,757,Ronald,222.652,222.933,0.893,47.29823300000001,-17.86308202777778,6.026525601666666,-9.364577922222221,24.24896861111111,805.0479716666667,33.096080804953566,35.93354022187822,2.3016940995872086,-31.234859205366345,46.3296273993808,806.1426403508774
758,758,Reagan,222.973,223.273,0.716,40.68431529411765,-15.066777149411765,35.41385792352941,21.4046003,22.63988811764706,654.6668935294119,-55.146777083333326,76.14773849754903,162.34932056372548,60.687447450980386,-71.74439620098039,-500.77566666666655
759,759,came,223.293,223.473,0.774,39.94792869999999,-18.2697743,36.097356399999995,26.084572100000003,24.8208962,912.081985,48.99200454545454,204.58492696969694,-118.91698545454543,99.38558090909089,72.3327224242424,-2044.6159666666658
760,760,to,223.493,223.553,0.996,51.406149,-7.551674694750001,10.836271125,-2.855779675,26.830171,865.087375,9.559480000000068,364.9754517050001,-64.53043750000002,-580.1631465000004,-7.396739999999994,-1590.8175000000006
761,761,Wyoming,223.593,223.974,0.777,46.47331223809524,-19.216811248571428,16.393141958095235,7.489320057142857,26.818057285714286,728.4362580952381,-0.7917134415584375,30.89660548571428,39.93604313896103,67.27603829220779,-1.8059955194805193,687.4995564935066
762,762,a,224.014,224.034,0.999,52.29244833333333,-12.594887466666668,25.073901666666668,-29.11326766666667,25.056792666666666,776.80668,-142.0009999999999,532.8045649999998,250.39672499999998,-211.37647499999994,5.192100000000009,10407.169999999995
763,763,long,224.074,224.294,0.74,47.27195692307692,-4.975705747692309,17.767885423076926,-19.465057226923083,26.586574076923082,908.7388292307692,-9.816480494505488,58.39798077472527,24.931075137362637,239.80195024725273,5.246890659340664,142.7824148351647
764,764,time,224.334,224.535,0.764,46.778683916666665,-30.551423916666664,19.270787216666665,6.2906497083333335,24.281852666666666,678.5005916666667,39.76523793706293,22.180316258741254,-42.10829178321677,57.75610725524474,49.0816541958042,-315.0645804195806
765,765,ago,224.575,224.775,0.883,45.40995058333334,-11.305213891666668,17.467810333333333,3.075337249999999,26.108278833333333,899.3104125,26.978268356643362,-34.66629547202796,-84.63345944055943,-303.7375333916083,5.207314335664337,-206.3745926573425
766,766,when,224.795,224.895,0.882,49.54900216666667,-19.160055566666667,23.38393225,10.525393333333334,26.341054833333335,889.9938483333332,-86.38291857142853,-131.4028642857143,304.5976092857143,587.1491599999999,-0.48930714285712607,-2237.8304428571437
767,767,he,224.915,224.955,0.998,50.24063833333333,-19.432653333333334,39.684773,23.77409,25.80202966666667,531.7114833333334,121.18937499999994,-100.49412499999994,-112.35967499999984,-120.60087499999992,-13.866824999999931,10636.191249999993
768,768,was,224.995,225.095,0.836,33.13509242857143,-18.442694257142858,50.322132714285715,19.796581428571432,17.814611714285714,926.2407857142856,-153.4032178571428,110.12137071428572,133.68527142857147,13.343905357142845,44.608007142857126,5927.391964285714
769,769,"president,",225.155,225.456,0.609,43.810591555555554,-17.346535535,30.446488094444444,12.141768727777777,23.095903611111112,813.8830416666666,8.825494117647054,-10.045650843653249,46.66717571207431,31.419779540763674,40.275236480908156,-332.17584778121756
770,770,and,225.476,225.556,0.826,38.573015399999996,2.2490981399999996,40.864658999999996,25.227690000000003,24.8767054,695.71253,-103.74440499999997,-217.8806805,267.06732000000005,179.33322,-1.9052100000000036,1303.2667500000002
771,771,he,225.576,225.616,0.98,32.43796066666667,-12.099009099999998,62.58946666666666,23.113359,24.392550666666665,898.3090900000001,-155.08604999999991,-410.45876749999985,139.15800000000007,-326.9954999999999,917.7399999999996,25066.08074999999
772,772,said,225.656,225.796,0.917,36.58831322222222,-14.413446166666668,42.22975811111111,17.712845666666666,19.988317333333335,973.7077422222222,115.42544833333336,186.55129583333334,-191.38920333333337,95.95141583333334,141.11189833333336,-2956.0262833333336
773,773,the,225.816,225.896,0.82,40.7357052,-11.8060429,36.937886400000004,24.412397000000002,19.9021496,800.12066,-58.29368000000003,-62.96047500000002,108.58988000000002,-98.78158500000005,-252.28018999999998,3064.0964999999997
774,774,thing,225.916,226.056,0.806,40.708262875,-12.295437880000001,51.687442375,15.026688499999999,23.478399625,600.97252,-26.48127083333335,230.01793138095235,171.76478035714283,1.1811934523809584,105.58824940476185,-5142.875392857142
775,775,he,226.076,226.156,0.476,41.7094888,-7.12755682,34.4354878,14.776063599999997,25.9868836,638.344614,113.14630000000008,36.28835600000002,-427.043645,-427.92625000000004,7.1141000000000085,5879.456650000001
776,776,loved,226.196,226.357,0.944,43.6230275,-11.830512129999999,24.005358500000003,0.0999134999999999,25.3935638,851.186659,-10.808846969696951,103.38852269696967,56.53419666666665,310.07632393939383,-7.697701212121204,2335.240087878787
777,777,about,226.397,226.597,0.883,47.58427525,-17.766520525,16.089416999999994,-8.7725182,21.328715250000002,841.0347175,4.6876977272727265,89.34389812937061,-30.120811538461535,-226.15420048951046,-74.28093409090908,-1145.8279737762236
778,778,Wyoming,226.617,227.017,0.88,48.10643747619048,-20.221206445714287,22.237026095238093,5.280662719047619,25.48906385714286,783.2442371428572,-1.4367057792207858,24.83178806883117,35.28048038961039,99.51102893506493,1.0957791558441563,175.92392077922082
779,779,and,227.037,227.117,0.186,46.9795684,-12.72391442,25.208429799999998,16.781573599999998,24.18443,693.3415279999999,28.612285000000032,-64.82885899999998,-61.17268500000001,-43.748104999999995,-3.7924300000000253,1659.0895000000012
780,780,the,227.137,227.197,0.996,53.038228249999996,-13.024182125,1.288210575,-0.5116961749999998,23.98365625,825.0686225000001,217.84838500000006,159.0456975000001,-251.71455750000007,-307.2017305000001,10.593895000000039,2487.03175
781,781,Rocky,227.238,227.518,0.92,44.613076500000005,-17.47717471625,14.054579355,6.855116110625,17.398859125,696.52682125,-65.90923882352942,120.81428761323525,213.74060139117643,140.5681793698529,10.672510735294118,321.8870779411765
782,782,Mountain,227.558,227.798,0.857,48.557088928571424,-17.838185995714287,20.547672285714288,0.8139914357142857,24.56259614285715,721.0344235714285,-1.7581801098901206,179.4373754307692,20.9200178021978,-1.6862322087912085,-4.505752527472525,1511.7250054945052
783,783,"West,",227.818,228.038,0.777,41.78028466666667,-20.871105391666664,37.98436466666667,1.2769650066666662,18.626325166666668,768.6692633333332,-159.21195804195804,-6.99872907342658,287.46255839160835,77.57462498601399,-118.23596293706291,1667.7373951048946
784,784,he,228.058,228.139,0.872,29.9985764,-9.695670568,65.128442,18.8481326,9.968361400000001,694.069162,-24.654345000000017,-119.37222000000003,94.97478500000003,-174.422485,-376.05905000000007,8129.8120499999995
785,785,"said,",228.179,228.339,0.896,39.9921914,-12.98082304,40.8698146,16.9696543,7.3593424,778.0962119999999,47.42337151515151,126.98824581818182,-162.43635757575754,53.88210575757575,7.668698181818183,33.436266666666704
786,786,people,228.359,228.579,0.802,39.199202666666665,-6.574363933333333,35.631971666666665,14.859343358333334,20.522227416666666,723.1452766666666,69.01287762237762,17.480992657342664,-20.32379860139861,-130.14550208041956,-10.359228846153849,-518.9071188811185
787,787,here,228.619,228.779,0.771,39.7594627,-16.40973435,49.10634219999999,25.43640844,18.253201400000002,882.982395,-55.50615727272724,-82.82870893939392,14.422539999999987,-122.0543534545454,-169.8647666666666,4118.676227272725
788,788,still,228.839,229.04,0.884,33.09816776923078,-8.825169390769235,43.12079076923077,-1.7610956430769233,16.040758153846152,888.7527523076923,175.42069285714285,194.8344786428571,-276.493795054945,10.898675423076915,137.794067032967,-2512.63726923077
789,789,believe,229.06,229.32,0.772,41.888161000000004,-5.7046611714285715,43.92770135714285,9.54823847857143,25.397652142857144,749.7779557142858,-39.77495406593407,-100.1850083956044,128.67333395604396,206.3945605384615,-9.865168131868128,-1354.7299406593404
790,790,the,229.76,229.84,0.984,32.26298607692308,-23.285931605384615,31.067238423076926,19.81418198076923,5.891396961538461,855.7485311538462,0.08274041025640798,12.640050748376058,-3.162976735042739,-30.872504794871784,-21.05660651282051,-469.8228042735042
791,791,future,229.9,230.28,0.855,34.39439759090909,-15.792967184545459,42.56034327272727,22.550482227272724,15.381915,1007.326159090909,36.67825169395822,21.585628073969506,-112.94048249576511,13.875425155279505,28.19670937323546,43.288623376623235
792,792,is,230.38,230.461,0.76,38.66399066666666,-11.789019414444445,47.33819011111111,13.720666877777779,14.39078988888889,743.8194911111111,-52.19372250000001,27.88871872499999,361.21427500000004,-199.19237125000006,81.73787000000003,-1280.999241666666
793,793,ours,230.561,230.801,0.768,44.43358311764706,-17.952937941176472,17.16465945882353,-1.8897085811764707,23.49463635294118,911.561144117647,-87.12042107843138,6.051378676470589,185.56026582107842,70.83676140196076,-12.606115808823539,1558.51831495098
794,794,to,230.861,230.961,0.998,25.299379000000002,-26.4114015,61.636437,16.66960112,7.2654025,1096.2400699999998,66.83828809523807,-80.09162023809522,95.36489285714283,255.02828207142858,242.18008333333333,-1263.2689285714287
795,795,shape,231.021,231.301,0.817,29.019922535294118,-29.66015062352941,45.55962476470588,26.764322823529408,7.012356529411765,600.1127011764705,117.90648871323528,160.91439928921565,-99.37718762254902,-30.824921813725496,-50.11526727941175,-524.5002107843138
796,796,and,231.321,231.381,0.986,37.149345000000004,-8.1697776,31.09883075,21.905789249999998,18.871706,672.2524175,392.5508700000002,-183.7238240000001,99.71023500000004,160.12491500000007,375.0224900000001,1338.7512500000003
797,797,there's,231.421,231.581,0.82,40.9599485,-9.46275532,39.8850109,16.46582746,25.6498466,1036.917964,-21.903503333333315,-77.56842806060604,74.77488757575756,-183.29955060606056,5.389443030303031,-448.92917575757576
798,798,a,231.601,231.641,0.491,47.452811,-6.91454535,20.817764333333333,-20.636023666666667,27.112066,902.6753566666666,-4.584674999999902,331.36569874999986,410.4123499999998,-362.61729999999983,25.065400000000075,-2768.8592499999986
799,799,level,231.681,231.921,0.902,46.65911678571429,-14.780123464285717,10.45944122857143,-27.964335999999996,32.01769178571429,908.0734250000002,23.28611659340659,27.81850130769231,-73.03604424175823,-43.22216373626372,-9.492656153846152,36.57274835164834
800,800,of,231.941,232.001,0.758,51.565155999999995,-7.129883425000001,12.90146925,-7.92663555,26.831304000000003,920.5284825,-19.89714,-97.37553450000004,59.79758500000005,288.6524410000001,15.263569999999994,-1054.7197499999995
801,801,optimism,232.121,232.642,0.883,43.35438490625,-15.0395527734375,23.3217488178125,-1.7871965487500003,24.44096303125,726.5828859375,3.7639227547654,35.98265151805352,81.18212341761365,78.78712823423756,-4.842246160190616,651.2622462426687
802,802,that,232.722,232.882,0.916,41.831835,-6.166572858333333,30.626784166666667,20.408728416666673,16.910717,768.6070191666668,-28.57458146853144,1.070475681818177,-45.57841153846153,-21.23702884615385,-135.99305244755243,53.148673076923025
803,803,pervades,232.922,233.402,0.889,42.989876884615384,-14.049826605807691,30.070565038461538,17.633005380769234,23.833655,647.4750961538462,-19.511422341880333,-2.135586818786332,129.722573042735,45.2865564153846,9.67085976068376,-402.0004871794871
804,804,the,233.542,233.642,0.948,35.411046250000005,-14.485485691666662,38.354501416666665,8.5003173975,0.0,775.7308158333334,78.79629388111888,175.0331337237762,-166.56647430069927,72.38368035139858,0.0,-4008.6842709790203
805,805,culture,233.682,234.082,0.858,41.96089895454545,-20.239493725454548,18.95852789090909,-3.5775779309090923,16.879167409090908,774.6927318181818,10.182288904573689,17.348199852060986,4.661165866741953,83.19309072614344,39.93377891022023,914.23381648786
806,806,and,234.463,234.563,0.888,36.99787091666667,-12.422567185416668,17.389172895833333,18.427050104166668,9.952325333333333,770.9595537499999,-0.8638313478260866,10.564674453260864,31.55677735869564,-7.083826815217394,26.393691217391293,-562.0458471739129
807,807,the,234.583,234.663,0.794,42.3555174,1.4722859199999998,28.6779182,26.158664999999996,10.3337894,614.6807580000001,-42.27618999999997,13.170837999999968,-20.227794999999972,-105.16835000000002,-388.6608600000001,-4118.280700000001
808,808,communities,234.703,235.283,0.908,38.385051258064514,-12.578307441935483,47.9546974516129,22.528927009677417,23.039056774193547,764.7293832258065,-17.143972520161288,-11.558428651209677,68.07704911290323,-3.181043276209677,6.767451209677427,-480.3998947580646
809,809,and,235.683,235.783,0.722,30.27375196,-16.5770321988,33.86990176,17.81488206,6.606934960000001,844.2598204000001,63.84143111538462,42.35956257384615,-65.6165696923077,34.85674366153847,60.29293765384615,-1418.5378934615385
810,810,that's,235.823,236.023,0.928,39.12616116666666,-34.10024735833334,33.12261908333333,6.982386675000001,27.918910999999998,550.7902175,-153.74174999999997,-37.95284208041956,151.32621381118878,-153.8005554370629,58.83966538461538,747.9931486013983
811,811,really,236.103,236.444,0.762,43.10699852380952,-16.264295023809524,27.064833761904755,7.451126188571426,21.811267476190476,705.2008423809522,20.47510837662337,48.3849651948052,54.15131396103896,2.4960218987013003,-3.488373506493508,-1140.836748051948
812,812,a,236.484,236.504,0.206,45.84081366666667,-25.047916,32.10192766666666,11.4247335,25.723905,587.64728,81.03837499999992,-168.1913999999999,60.121924999999955,-121.49668749999996,-0.5552250000000034,15117.398249999993
813,813,good,236.744,236.924,0.828,45.63875866666667,-5.472107599999999,34.34261733333333,16.80805475238095,18.881118619047616,848.5969347619047,-12.393204805194806,54.895514999999996,35.04876928571427,59.99658470779221,53.8186724025974,26.319001298701437
814,814,good,236.944,237.144,0.803,41.40385818181818,-3.5342296545454546,35.03363172727273,28.745770909090904,10.845399363636362,923.8667727272727,-14.968634999999992,38.32465990909092,-66.19015772727275,-30.975110454545455,-162.8250163636364,682.8201818181818
815,815,part,237.184,237.464,0.805,44.192155937500004,-16.818007783124997,3.5180814687499997,3.0265062706249997,2.9864496249999997,856.8029831250001,-7.919467132352931,36.383877434558826,-30.17253327205883,63.10689791102939,-21.079376764705877,242.0041595588233
816,816,always,237.944,238.224,0.826,35.51627113157895,-17.143998650263157,20.212921,2.1957617894736843,13.585100394736841,760.9757555263159,36.88796133603239,23.56428809328154,25.669295984243348,-45.56753015647225,56.52317290184922,422.1633146405514
817,817,you,238.264,238.365,0.833,35.39893428571428,-0.13316568571428636,51.705959857142865,12.695479014285715,27.929763714285713,1057.5505128571426,158.76332857142853,293.6586244642857,-642.0819464285713,-105.58896392857145,-0.5597267857142888,-2342.7253035714284
818,818,wish,238.405,238.585,0.794,38.80871227272727,-15.19665,28.789477,20.553274436363637,26.789672909090907,862.9274018181818,-148.04043818181825,-329.34170318181816,243.0972700000001,303.77616227272733,-21.985334545454528,-573.2026636363639
819,819,you,238.625,238.745,0.934,30.446479025000002,-29.029180500000002,38.053861625,35.713084625,28.909499500000003,850.7833974999999,348.00176964285714,312.3163130952381,-286.49937916666653,-71.51212202380952,-48.897046428571386,1846.068821428571
820,820,had,238.785,238.985,0.81,44.671837833333335,-35.416178416666675,13.489527266666668,12.646528966666667,23.80126858333333,505.78961499999997,-21.133926923076928,25.015881293706276,48.487641013986014,22.890209510489512,-99.87398234265731,-21.92487762237739
821,821,you,239.045,239.145,0.998,39.956147375,-6.550039562499999,47.210549125,32.84112575,13.863232,639.671805,-43.09738392857142,30.111811964285717,170.62981964285714,110.55311190476188,129.69156190476187,-6040.831404761905
822,822,can,239.165,239.305,0.231,41.94916125,-9.58376095,36.364813874999996,37.32186525,20.585557,821.55992875,53.524211904761906,120.61955119047614,-68.26495416666667,-64.02934880952381,191.24126071428572,-2008.7403988095232
823,823,make,239.345,239.485,0.864,43.63064422222222,-25.809075444444446,33.73885855555555,24.04652088888889,15.506213333333331,740.1616755555556,-67.58606666666667,2.172619166666688,64.75025749999999,18.80163333333334,-231.00490000000005,-22.415016666666503
824,824,legislation,239.545,240.105,0.872,40.704820741935485,-19.696551322580643,37.61106374193549,16.351269581935487,16.664818999999998,822.7966580645161,-2.1192135685483864,-8.515968298387097,37.082948649193554,44.38289002620967,-2.2140851612903196,-171.45300443548382
825,825,better,240.145,240.366,0.904,45.158596461538465,-23.279669846153848,20.588274000000006,16.476290336923075,28.107434307692305,774.4542392307692,19.984512637362634,-89.62453049450549,-54.42172115384616,52.789851181318674,35.03024423076923,1400.3847005494506
826,826,you,240.406,240.486,0.997,36.613167499999996,-16.9315155,55.927424333333335,30.870122500000004,23.9867435,671.44295,0.9453014285714653,73.47687000000002,123.0717457142857,1.7052100000000225,-237.07756428571437,-3504.447857142857
827,827,could,240.526,240.646,0.988,36.600176000000005,-18.25269575,43.935271375,27.898059625000002,0.0,730.023095,60.870482142857135,-138.33581904761903,-3.386094642857129,-31.130887499999986,0.0,-1708.6980714285714
828,828,help,240.666,240.866,0.608,46.35344927272727,-9.316378827272727,19.23709381818182,-14.933106481818186,14.870207545454546,738.5780572727273,-20.648003636363644,240.50827540909097,-45.05175954545455,-78.5963106818182,-187.97435045454554,967.5202090909095
829,829,more,240.906,241.106,0.809,50.63969783333334,5.527962258333333,13.250823191666667,-5.63454826,23.61677116666667,837.9808216666667,34.52965559440558,-63.703069318181825,-182.4213731293706,-8.989869909090908,-47.66342692307692,-638.4015804195803
830,830,people,241.166,241.486,0.887,38.88801810526315,-5.562161694736841,35.15060018421053,6.8591985594736835,18.49873957894737,710.4797542105264,43.27788675438597,50.852654736842105,-54.16260254385966,-132.006768304386,45.887243333333345,800.707464035088
831,831,with,242.046,242.247,0.85,34.864742394736844,-16.27527736315789,25.55895913421052,12.008668748947366,8.9720265,744.5015544736841,14.119416484298062,20.211226124302435,26.636071672502464,13.217635012255172,19.18869406390196,274.8282706532443
832,832,legislation,242.327,243.047,0.844,37.439290875,-24.262808782500002,42.675811925,11.075666542500002,22.36877065,788.6142894999999,-10.33404589587242,-12.934617882270167,17.20087139305816,37.40809510834897,0.4746459849906187,-365.08279315197007
833,833,and,243.207,243.327,0.883,44.629670928571436,-14.556776207142855,30.781288714285715,22.822455642857143,17.33670892857143,559.9276507142857,-12.388530659340653,122.07553073626369,22.05511252747253,16.355989780219783,132.52849769230767,2740.3694604395596
834,834,you,243.347,243.807,0.52,35.147245833333336,2.7367136375,39.29705870833333,24.07993668125,6.19549,880.6407766666666,-8.014954913043473,-19.805756623913037,7.9972670652173905,50.462345509782594,-25.000959913043463,-77.98325000000008
835,835,could,243.827,243.967,0.334,38.829533624999996,-11.153998125000001,32.0172915,25.942027874999997,19.7818255,847.9064025,41.67450535714284,70.09696511904761,276.3119857142857,11.941949404761907,176.1409547619047,1845.5499166666668
836,836,you,243.987,244.107,0.727,40.69105628571429,-2.6247029914285713,34.98991085714286,17.17700951428571,26.62371371428571,981.7198057142857,145.158725,-37.091259571428566,-555.1818392857144,-202.54159249999998,9.80191428571429,-1985.9327857142862
837,837,ask,244.168,244.328,0.906,38.79712554545454,-26.284950454545456,40.18278054545455,11.553386868181818,19.937003818181818,734.2681536363636,-137.48506090909095,109.04819000000002,192.37702181818182,-94.5803742727273,-148.20058318181822,4157.902004545455
838,838,the,244.348,244.428,0.792,39.6062736,7.1940028,32.33088600000001,19.2862106,19.7511348,934.1529560000001,120.36031000000007,313.25292300000007,-175.97220000000007,66.37499500000004,-261.76037,-392.3666500000001
839,839,bad,244.448,244.688,0.863,45.922526,-37.80990256153846,24.573188615384616,12.994518030769228,30.558109769230775,588.1094507692308,15.133909890109877,-81.1557148901099,-9.9361739010989,-56.43347417582417,18.603633241758242,719.1608406593407
840,840,of,244.708,244.748,0.867,44.03113,-22.791745000000002,25.91247766666667,14.746551333333334,16.440387666666666,747.6455833333333,-9.400849999999922,364.5765249999997,133.96169999999992,248.80874999999986,604.4683999999996,25071.296999999988
841,841,this,244.788,244.948,0.907,43.1015056,-23.4111062,37.416209599999995,18.772667379999998,19.834654899999997,735.1571280000001,-5.154788484848484,-33.50836181818181,116.59194545454541,-121.57678418181813,-108.4537633333333,-1995.3499272727267
842,842,The,245.672,245.772,0.87,28.28003230952381,-17.344981015000002,27.849597547619044,15.781364354761907,4.715090690476191,851.9931304761906,22.599771003160193,26.79008033007859,-29.911072113280927,23.356485890527505,27.853372242930064,-605.764401831294
843,843,builders,245.812,246.292,0.513,41.59472953846155,-14.641347861538462,31.877473476923075,-2.8044466653846163,26.579167576923076,859.3618430769232,-22.6505521025641,-49.22854814700853,77.21036425982905,49.52102955042732,-38.84891888888887,738.2909323076921
844,844,tend,246.392,246.593,0.915,36.8705454,-17.905203046666667,36.81178266666667,14.273582910666669,18.73345886666667,645.8473026666667,97.83847750000001,86.64716324999999,-76.97704875000001,56.07237964642857,148.1213675,-2563.0778214285715
845,845,to,246.633,246.693,0.806,43.3755396,-4.55551088,39.7393584,27.2424242,22.5229486,849.8007,0.7660699999999909,198.24900500000004,30.865594999999974,78.28864000000002,-308.27852500000006,712.4672500000001
846,846,be,246.733,246.853,0.816,34.797050375,-7.3634088125,53.581928,26.652627625,24.748846,676.33090625,-65.19308392857145,-8.737300297619043,147.48428333333325,-34.67721488095238,-127.94743571428572,-2834.7112916666665
847,847,so,246.933,247.133,0.972,35.50263878571429,-21.99270297857143,36.79316221428571,-18.578683828571428,16.69319407142857,943.744332142857,146.55424384615387,138.2975087142857,-182.6566423076923,-216.84659927472526,156.60047857142857,-1050.9270494505492
848,848,long,247.193,247.533,0.807,50.533140749999994,-2.5614516095000006,11.143020174999998,-23.525463025,27.313017850000005,725.4737254999998,10.950960939849622,-25.327082316165413,-31.483837093984974,102.6487178007519,-3.0367659022556412,309.4203642857143
849,849,and,247.833,247.933,0.777,44.8918047,-5.218440055,31.22620255,23.126294700000003,19.34467055,571.277473,-2.842575413533835,-21.54882986090226,-1.731326879699249,-11.727582330827072,-5.987302368421051,26.560077443609106
850,850,with,247.973,248.113,0.953,42.50252866666667,-9.3575224,32.78254326666667,4.785260202222222,14.287889333333332,776.1993,-152.36797250000004,-279.76244216666674,317.8102263333334,2.24709581666667,-215.96892500000004,1294.892833333334
851,851,so,248.173,248.313,0.908,32.845068299999994,-27.522341800000003,36.796276399999996,-9.53664633,24.1527063,856.2741399999999,255.22626393939393,111.48730969696967,-321.52838969696967,-4.731110575757574,98.93652333333331,-1024.374521212121
852,852,many,248.353,248.574,0.758,44.334739615384606,-8.8987061,35.871801230769236,16.35737069230769,28.882927999999996,644.8363653846154,-48.558991483516486,95.19064032967034,160.99040741758242,57.23591895604395,-24.03563379120879,837.5979587912086
853,853,different,248.654,248.974,0.948,41.95291865,-8.731339067000002,31.666353550000004,21.97812495,19.172734600000002,842.2229175,15.029281315789477,-29.28905021654136,-36.16966101503759,9.21304733082707,26.091279699248123,445.40098157894744
854,854,conflicting,249.034,249.734,0.901,38.49266157894737,-17.681781979631577,31.708111500000008,10.775328882421054,14.794758526315789,735.4123497368422,4.2961808841229905,34.84785105568442,3.309541016522593,-10.055225741656637,23.877010657621184,-253.23484051865623
855,855,amendments,250.154,250.655,0.846,38.24445367391304,-9.150640846956522,32.82371575217391,18.789085269565216,17.037720652173913,766.7538647826086,10.011596506321307,-1.4859151077397441,22.19196274622263,-4.528337758865246,24.911505766265797,-286.0930481652791
856,856,within,250.775,251.095,0.815,41.42879918181818,-3.3935235681818168,34.64446295454545,13.40809175909091,20.030512909090906,649.9098545454546,24.257899548277813,53.325582402597405,57.06364649915304,53.23989309712027,50.05794359119142,-1056.906172783738
857,857,them,251.155,251.355,0.88,46.520464384615394,-12.350877846153848,30.532919384615386,20.35990796153846,27.508655307692305,613.0066707692307,-9.126392307692296,-53.20463184065933,-0.11029835164834881,8.824935576923078,-1.684013186813179,1601.4380357142857
858,858,that,251.695,251.955,0.936,39.334977200000004,-23.651204395,23.103809016666666,15.074785664966667,16.09492066666667,565.6436403333333,25.4486243381535,-76.68344901145716,-24.12318384315906,-41.06780657674082,10.682810055617356,-981.3408615127919
859,859,you,252.456,252.576,0.824,26.735298741935487,-4.959990380645163,24.8560386451613,14.184258824838711,4.360176806451613,848.5336325806452,0.22064828629032124,39.18844023387097,18.15675692540323,1.502902851814518,35.43359955645161,250.3062754032258
860,860,read,252.616,252.756,0.704,39.87362877777778,-5.552894074444444,41.746138333333334,16.827442333333334,26.847005666666664,623.3519,-28.236611666666658,24.67475596666668,295.9662008333334,52.483791666666676,-108.88115333333334,-4160.918991666667
861,861,the,252.776,252.856,0.837,48.68025780000001,-26.884981599999996,22.110326199999996,-5.765455032,29.3974598,751.403188,121.00184999999996,-125.06654500000005,-114.40813,-466.95837420000015,-11.356340000000015,-535.9497500000004
862,862,whole,252.896,253.036,0.998,46.90825733333333,-8.356141877777779,12.575928059999999,-29.172650144444447,20.267743222222222,695.4084366666666,-44.690974999999995,9.499674166666663,74.56112243333337,95.92108900000004,-235.63524416666672,-813.7683083333334
863,863,thing,253.096,253.276,0.82,43.28965708333334,-26.491901941666665,36.91697558333333,12.757171725,23.070932333333335,581.1140466666667,63.120894230769224,83.42159340909089,46.5087082167832,112.06667040209788,147.72917587412587,-2315.5016643356635
864,864,and,253.316,253.396,0.78,43.60171033333334,-7.501370720000001,43.415574166666666,16.312481,29.38618333333333,685.7755666666666,-14.307560000000004,146.14641062857143,-106.02405571428567,8.612451428571442,-15.435094285714275,2042.0913714285712
865,865,you,253.416,253.516,0.901,33.843369833333334,-18.917206666666665,60.46152416666666,16.763683250000003,9.266295166666666,885.8552966666666,-114.37697857142854,-209.24244571428576,97.94401857142854,-157.95407214285714,-318.54285857142855,3783.9869999999987
866,866,"say,",253.556,253.696,0.997,38.996596333333336,-28.06431988888889,43.174274888888895,10.251006978888888,18.072604777777777,702.4659644444445,161.26111500000005,37.251715000000004,-41.723037500000004,174.83122875000004,203.28875500000004,-4936.9334333333345
867,867,you,253.736,253.816,0.95,42.593390166666666,-14.517589666666668,51.64072033333334,21.503348333333335,26.237435333333334,546.5568800000001,45.83783857142856,-8.673342857142847,-205.83037999999996,1.1430028571428696,-12.08896000000002,-647.2740285714287
868,868,"know,",253.856,254.056,0.751,48.52790791666666,-18.789085633333332,13.769311075000003,-10.122751683333334,30.537980083333334,692.2365249999999,19.45970402097902,60.4083062237762,-142.88620715034963,-234.52929038461536,16.55098688811188,626.9708706293707
869,869,I,254.337,254.417,0.772,46.64642594444445,-8.579678033333334,12.432380061111111,-6.701570988888889,17.744667444444445,702.5042127777778,13.681486222910218,-149.78022420020642,-20.55021692982457,-39.66907742002064,56.37008761609908,-663.3420025799793
870,870,love,254.457,254.637,0.98,51.22883181818182,-16.79174813272727,12.408240881818182,-15.341924940909092,24.25791927272727,629.6620181818181,-25.99484136363638,71.98642631818184,-17.951928863636375,128.2296621818182,-117.71220954545458,-1559.159731818182
871,871,page,254.677,255.117,0.702,38.34463183333333,-21.705929491666666,38.05657,17.508969291666666,19.017826749999998,832.6483025000001,4.880275565217393,-5.105564252173911,9.400830478260865,49.31226822608694,20.194897869565214,362.874770869565
872,872,350,254.677,255.117,0.702,38.34463183333333,-21.705929491666666,38.05657,17.508969291666666,19.017826749999998,832.6483025000001,0.0,0.0,0.0,0.0,0.0,0.0
873,873,and,255.377,255.437,0.527,46.2858458125,-17.854835211250002,22.2432744375,21.041920225,24.1546639375,867.115626875,-36.80124154411763,122.65806860735293,48.92973992647057,27.554103029411763,-66.84475110294117,1053.9389419117645
874,874,I,255.537,255.937,0.383,42.98913871999999,-29.834040879999996,35.154015480000005,15.229140048,17.811369159999998,759.1241351999997,28.070915499999998,22.835225423076928,-54.42823915384616,-15.244473915384622,2.651463000000003,-1081.8645353846152
875,875,hate,256.177,256.378,0.966,36.993370363636366,-9.65317431318182,35.141525954545465,15.021610677272724,10.06517068181818,546.5352427272727,6.106082834556747,0.528276223320159,86.8718850084698,-8.36874975437606,60.08899872953134,-499.0010129870129
876,876,page,256.418,257.158,0.64,40.99626417948717,-15.278046663589743,33.938581215384616,18.680113310256413,23.38337730769231,735.2769064102565,19.566178582995956,19.272714510728747,-36.85840445850203,3.191855802631579,-3.104299767206476,383.91090637651826
877,877,850.,256.418,257.158,0.64,40.99626417948717,-15.278046663589743,33.938581215384616,18.680113310256413,23.38337730769231,735.2769064102565,0.0,0.0,0.0,0.0,0.0,0.0
878,878,You,257.518,259.099,0.891,35.547281525773194,-24.50022098773196,34.23226622164948,17.302490600618558,9.633801453608248,763.7655311340205,-5.734562431622137,9.26994571356249,-4.508891240072061,6.711596533925944,0.42850534465074813,-158.95802336024624
879,879,don't,259.139,259.319,0.711,47.088823818181815,-29.593616818181818,12.407622854545453,3.9289240000000003,32.680077,833.2032963636364,-8.554710909090923,23.025012272727267,75.7988095909091,31.451729545454562,2.75784000000002,-379.34413181818167
880,880,have,259.339,259.499,0.875,42.13393788888889,-40.88632011111111,13.847734188888888,5.474817095555555,32.040768333333325,636.42147,-2.7880683333333316,74.33635250000002,93.7162946666667,96.73461365000004,-15.907842500000019,4771.150783333334
881,881,a,259.539,259.559,0.987,42.696438,-29.833452666666663,36.995743000000004,28.565973333333332,0.0,1014.9186333333333,-146.37959999999995,398.81892499999964,-120.07844999999989,213.55484999999982,0.0,-12793.154999999993
882,882,chance,259.619,259.959,0.844,33.07982385,-40.4570471,34.9487625,8.27338349475,22.242603850000002,760.045326,27.250195601503762,20.322860150375938,-21.971135338345864,-19.719880260714287,-20.268990639097744,1425.2440458646618
883,883,to,260.039,260.24,0.831,35.02076907142857,-19.760134832857144,32.477459242857144,12.10873161857143,22.13510971428571,919.1363785714285,124.56800538461536,73.29662028791208,-165.3142158021978,33.47700695164835,131.65869516483517,-625.7346351648351
884,884,really,260.6,260.92,0.724,40.932491088235295,-14.6297369,23.138367820588236,5.907608133088236,16.308272411764705,863.6951197058823,-2.8319306875477435,-17.38710985026737,35.155902271199366,4.2959623975935814,31.49312333078685,281.1572226890756
885,885,take,260.96,261.18,0.828,37.409507999999995,-27.782368384615385,33.658098692307696,15.714232384615384,14.52556476923077,552.8847238461539,0.8796456043956011,45.61622884615384,22.399821153846155,63.143079395604396,5.401376648351651,220.79386813186804
886,886,it,261.2,261.26,0.497,43.208016,-26.1373465,25.7036085,18.20568375,28.879871499999997,968.9801674999999,106.97144999999996,46.51374,-216.7124900000001,84.07358500000001,-12.233049999999984,1894.23795
887,887,apart,261.32,261.66,0.877,45.32699910000001,-21.834314615,3.5208954898499996,1.536251545,16.118739599999998,772.1385869999999,2.688205488721814,-28.475114710526324,-60.59939894199248,-0.6961519436090211,-14.666867518796991,407.2431315789475
888,888,the,261.72,261.82,0.792,40.263683625,-6.905601487499999,13.6012770625,6.7693483625,17.704800374999998,1044.764355,142.28737797619047,168.26998851190473,52.635189583333315,-147.15992624999998,251.46451964285717,-1022.7249523809526
889,889,way,261.84,261.96,0.885,42.72538442857143,-25.756721071428576,26.781648857142862,5.732631285714286,28.678297714285712,871.3008957142857,-105.61222678571427,-240.01953303571432,223.33490892857137,344.7887589285714,-1.6662053571428417,1503.4481964285708
890,890,you'd,262.001,262.181,0.811,40.98490727272727,-13.742802,45.652378727272726,14.018210090909092,22.320305090909088,686.7436763636363,59.437804545454554,62.702027500000014,-196.73672409090915,-208.64400318181825,-17.537457727272724,439.34352727272756
891,891,like,262.201,262.421,0.946,38.53919058333333,-29.950814583333337,21.244232566666664,-0.9681160749999992,15.406149583333333,784.2244408333335,-50.80048968531469,57.360704370629364,126.9229435314685,241.0296110314685,-189.47490122377621,-511.96304020979017
892,892,to.,262.481,262.581,0.852,29.733253875,-30.747799999999998,40.681250750000004,20.085952125,14.153680125000001,868.8556900000001,144.88787202380954,145.11833809523807,24.43602261904764,197.92100535714283,265.2714017857142,-1844.0614166666662
893,893,and,263.241,263.341,0.779,33.754305789473676,-16.98196203684211,30.166417578947367,15.554789445263156,10.245618368421052,795.583362368421,-15.392968858737282,-24.69942194441405,9.136621928000872,-1.995690242258454,-12.464640245103402,-717.3006074515812
894,894,you,263.381,263.501,0.982,43.220186749999996,-0.860743475,35.322880749999996,6.2276657625,29.097347125,675.8381575,36.966813095238095,-140.183991547619,-347.7937166666667,-263.80422994047615,-5.663143452380957,2208.0981666666667
895,895,ultimately,263.541,263.941,0.858,45.05672250000001,-14.78604886818182,27.09044143181818,-9.407944613636364,22.09155468181818,738.5245586363636,6.190737182382834,4.238679850367025,45.54631799830605,83.90955319875776,19.47710189158668,-229.7026682665161
896,896,have,263.981,264.142,0.678,44.3554357,-26.529143999999995,24.2864759,11.24579132,17.3560502,473.21729000000005,-29.781653636363643,-6.504640606060603,-131.2229578787878,-75.09485806060603,-208.83319999999995,301.02672121212134
897,897,to,264.182,264.222,0.999,40.7512615,-17.206735,34.3806715,17.07820175,21.8001275,1074.2053225,235.94438000000014,323.38883000000015,-49.018130000000006,-41.807665,425.0803100000002,-1125.0264499999994
898,898,make,264.262,264.402,0.9,42.314316666666656,-15.318402733333333,31.46395066666667,18.721389444444448,18.828959555555556,679.8638144444444,-21.28647833333333,-117.10191158333338,51.50277166666668,72.53909916666667,-145.765835,27.59381666666664
899,899,a,264.442,264.482,0.476,42.20271525,-4.886178224999999,36.793135,21.35707,25.198695,490.161385,-143.3588450000001,540.9775005000002,59.347600000000064,240.51944000000006,-48.030400000000064,-10467.439500000004
900,900,judgment,264.562,264.982,0.806,43.64078668,-12.849024948,38.00711714,23.766659572,20.424182520000002,860.4455039999999,10.996191730769231,24.693581780769232,-24.27436948076924,15.781984780769232,-0.1874711153846128,244.44871884615384
901,901,call,265.042,265.342,0.952,45.609017666666674,-10.894535297222221,10.524869430000003,-26.72843022222222,7.000252166666666,806.0018205555556,45.18322837977297,74.12171252579981,-44.0790703622291,-134.16877512899896,-1.1280335913312736,-1359.972678534572
902,902,of,265.562,265.662,0.702,48.522314375,-15.343518549999999,9.147855489103751,-19.2147521875,20.1117655,622.0036131249999,39.70711191176469,48.21165976470587,39.59431493512793,51.37357183823527,65.69782352941176,1314.175296323529
903,903,voting,265.742,266.082,0.922,45.978935523809525,-2.734100534761905,24.997672733333335,5.984063966666666,24.074537238095235,773.7273352380953,-9.599921428571427,3.063444321428568,46.02751461688312,62.466188214285715,0.8753068181818151,-515.2322863636363
904,904,for,266.143,266.283,0.891,39.1852464,-23.024422700000002,32.767861690000004,15.23605641,19.5084874,979.21901,-7.947604848484826,10.429831818181828,79.69152815151513,-83.0092582121212,-224.21845878787875,-808.1031818181814
905,905,something,266.343,266.743,0.746,40.184633608695655,-16.2359162,31.2940180173913,6.290383,19.159765217391307,691.2239939130435,59.32279486166006,76.29903579545451,-8.977748428853753,74.36687608201579,44.40948848814227,-1411.133815711462
906,906,that,266.783,266.923,0.945,47.68784311111111,-20.966235133333335,37.74505355555555,16.78834977777778,14.646153888888888,572.00876,-42.21482083333334,-266.0571511666667,43.99485833333331,-13.443317500000008,-220.09420333333338,-2448.091658333334
907,907,has,266.963,267.123,0.89,46.3002006,-33.0850169,24.2286022,6.138052003,22.168268599999998,515.195443,-62.539649090909094,115.52078454545453,115.0707527272727,-78.28358869393935,-135.68744727272724,1409.8101606060602
908,908,some,267.163,267.303,0.957,32.690406111111116,-10.553800544444446,42.26754722222222,0.2161664888888883,12.333839222222222,1018.4316255555556,142.23391833333338,359.3319303333334,-156.67656166666666,217.99323483333342,135.19907750000007,-1185.3806166666673
909,909,things,267.343,267.563,0.742,40.34651584615384,-7.335170015384616,39.24666684615384,14.691936923076925,18.529116230769233,667.0320284615385,35.99491181318682,110.3872133791209,79.8985804945055,11.938759340659342,122.31005329670329,-1163.0007362637361
910,910,you,267.583,267.663,0.984,38.201825199999995,-15.026709700000001,67.0344,26.3633624,24.7051462,666.0856719999999,71.92589500000003,126.30317500000002,-360.90156500000006,137.79252,2.5084650000000344,-9001.885150000002
911,911,don't,267.683,267.843,0.715,50.17464433333334,-13.605051599999998,12.08036111111111,-11.15172541111111,21.690482666666668,711.9325644444446,64.52941583333335,131.0386225,-68.95954083333334,-335.2787196666667,-107.46958000000004,416.2509166666664
912,912,like,267.883,268.043,0.972,46.6338466,-22.825132949999997,19.430141440000003,-4.86773941,31.967639100000003,528.6622100000001,-46.36844606060604,-53.185121969696965,204.61003236363632,353.0317873636363,26.26986575757576,-1248.9016787878786
913,913,or,268.484,268.564,0.825,33.737629999999996,-13.892629988461538,13.067327475769234,12.295528538461538,4.697292807692308,789.2069307692307,34.95463473504272,62.238751591452974,-38.95179050991451,-61.951257473504235,43.6785415213675,159.3406567521367
914,914,voting,268.604,268.864,0.886,46.322315599999996,-1.1178280823333333,24.9768002,8.523958173333334,27.286272800000003,839.6664000000001,-43.47469303571428,7.637790506249998,157.27879758928566,109.31496649999998,5.643803928571429,-186.63763571428564
915,915,against,268.924,269.244,0.767,40.44734431578947,-11.252639449999998,39.37180110526315,15.099781621052632,15.17665705263158,655.7910794736842,-21.69793456140352,-76.64494523245615,-52.623189473684214,-53.902314991228074,-52.99849149122808,894.3042894736843
916,916,some,269.284,269.424,0.871,36.2573748888889,-13.083833055555557,36.782486444444444,5.664192027966667,11.923158333333333,725.9170066666667,162.51729083333336,379.58922900000005,-119.09101083333336,177.23271208333338,131.52078500000002,-1602.7039166666666
917,917,things,269.464,269.704,0.744,42.36167871428571,-10.296178757142856,38.5808185,18.533480714285712,19.487467714285714,735.6432078571428,19.885352747252746,90.70787575824174,80.20033461538463,-7.721869230769233,85.0947257142857,752.5617835164833
918,918,you,269.744,269.924,0.918,35.473048363636366,-13.716332407272727,51.76040381818182,26.98879609090909,15.516253545454544,863.6439163636364,40.66595727272728,-27.973690445454558,-229.69759227272732,-32.76335500000002,-91.76503363636367,-2276.8052227272733
919,919,have,269.984,270.164,0.683,46.05576233333334,-29.246055833333333,20.469879575,13.209675250000002,24.892820166666667,471.4649991666667,0.9718594405594384,82.3270874125874,67.39192480769229,-72.44466486013987,-8.495037762237766,241.11797027972025
920,920,some,270.224,270.365,0.881,35.5341913,-13.5988945865,42.231933600000005,7.145075149999999,15.094642200000001,947.601489,101.70064393939393,264.52767949545444,-165.2700672727272,92.68765827272728,178.4054436363636,-1514.387669696969
921,921,things,270.405,270.585,0.918,39.71567509090909,-4.148676499999999,42.19385499999999,17.485998636363636,22.05165618181818,665.0081081818181,19.74938818181817,183.3212220454546,42.573028181818216,19.924504090909092,89.6106522727273,-2286.30195909091
922,922,you,270.625,270.745,0.87,38.850284625,-9.7138842125,61.460322000000005,22.9750765,23.618453875,557.7060987499999,163.85392797619042,133.7687318452381,-328.4720023809523,13.272336904761904,-5.924348214285732,-5893.3269345238095
923,923,do,270.765,270.925,0.912,45.62594988888888,-21.349588666666666,26.480134111111113,1.6266137666666662,37.41009311111111,923.2373611111111,50.27100000000001,63.38306166666669,-120.77782083333334,-407.41137416666675,-5.9823600000000035,454.30091666666686
924,924,like,270.965,271.165,0.83,42.97976141666667,-21.052295125,16.341306633333335,-5.977052833333336,3.879414,658.7320758333332,-38.937516958041954,-35.593408653846154,141.9194373076923,327.9135695804195,-32.68393076923076,-933.6798234265739
925,925,and,271.485,271.585,0.874,34.50859438095238,-18.616200371428572,20.172042,20.675179469523812,6.593332285714284,786.7948961904762,38.89686,27.79858444805195,-13.876658831168832,-57.913850683116884,72.05581344155843,-1089.2253876623379
926,926,that's,271.625,271.885,0.73,39.34742646666666,-27.6392896,30.880503666666662,4.360889037333333,21.032432733333334,731.651812,-115.16649803571428,-37.76039089285713,111.34524357142855,-113.72541402142858,-57.095719464285686,2358.6309232142858
927,927,always,271.965,272.225,0.834,43.081974176470595,-12.778416823529412,22.0134559,-5.408089670588235,29.197655176470587,916.8536282352941,-28.121758700980394,47.90688759803922,188.2300857720588,200.68710056372547,-11.908703799019603,-138.74894975490213
928,928,been,272.265,272.466,0.821,44.346432416666666,-4.4604273999999995,34.366247249999994,18.2335283,27.961780750000003,642.3076216666666,45.61733444055943,61.57249069930069,-17.46991486013987,-30.816180384615386,-13.724499475524473,-291.2612622377623
929,929,a,272.866,272.906,0.989,36.172481,-19.597810645454544,26.055505786363643,15.766804568181817,4.789667272727272,791.4417481818181,10.909883681535852,-33.30894167137212,-86.24814764822136,-63.454618992094865,28.239978825522314,-656.4865911914175
930,930,real,272.946,273.146,0.918,49.02620833333334,-2.555276371666667,16.815052374999997,4.069381745,23.716053083333335,882.94425,-51.5223846153846,-64.17021079370629,47.618264772727265,-6.3054667027972,-100.11482884615381,-391.7632447552448
931,931,challenge,273.206,273.606,0.91,39.314833956521746,-30.74755095652175,30.441623982608693,4.2270119260869565,26.17970643478261,743.7762534782609,35.10738463438734,71.08388224308298,-31.43482816205532,8.891726353754933,-34.98052336956521,703.5717188735175
932,932,for,273.646,273.766,0.886,40.919106125,-23.038351425,22.6419660625,18.5815421,16.542418,886.6950750000001,194.46270416666664,478.32669309523806,-289.0886479166666,-213.04879535714278,236.1915083333333,-200.3511785714282
933,933,me,273.806,274.026,0.786,40.17600092307692,-13.097231615384613,49.590333692307695,20.412478615384618,29.12810753846154,536.2682684615385,-61.42007032967033,-45.952534148351646,177.15764999999996,38.143265659340656,-15.469116208791208,-1548.4734862637365
934,934,knowing,274.246,274.587,0.746,44.49814357142857,-5.4200761535714275,26.68522668571428,7.414568000000001,23.03928632142857,755.8911767857144,30.695287931034485,-59.00042419403393,-57.859819857690205,-38.03296417624521,42.090509838533116,410.0778381226053
935,935,that,274.627,274.767,0.89,47.461433222222226,-14.447209633333333,31.051031111111115,23.792160000000003,21.323813666666666,737.7843988888889,-38.01934333333335,-58.93797383333336,62.22018666666668,43.01925500000001,-163.88027250000002,-1928.035991666667
936,936,you,274.807,274.907,0.998,37.72280814285715,0.6393125571428572,39.53660571428571,23.13910357142857,19.728409285714285,794.2533857142859,105.9884660714286,60.410929642857134,-248.59348749999995,-267.3331696428571,235.9697,3157.720053571428
937,937,want,274.947,275.047,0.878,50.270247999999995,-7.837728142857143,13.225738642857143,-7.115283214285715,27.20808457142857,832.351922857143,-36.840087499999996,-493.25238035714284,2.028390178571437,256.0830258928571,14.446141071428572,-228.7598571428573
938,938,to,275.087,275.167,0.59,43.54694799999999,-7.673315116666667,33.905014333333334,22.0548325,26.039629,609.8710283333334,-71.04061714285717,444.98175042857144,93.21927714285712,56.96773857142857,-24.164585714285703,1020.9871571428582
939,939,do,275.207,275.327,0.833,40.9346035,-2.2716565375,38.528980875,33.487969875,22.9213275,776.74467125,68.14535714285712,2.583295416666689,-74.02777083333334,-23.642911309523814,98.23841904761899,-2879.5640773809514
940,940,the,275.347,275.427,0.819,45.051890199999995,0.3893993399999999,31.464317800000003,20.196706,24.079886600000002,969.332848,54.22625500000004,270.84744900000004,-145.54608500000003,-116.00355499999999,-43.543475,1821.6277000000016
941,941,best,275.467,275.647,0.897,38.815954454545455,-23.520738000000005,37.14555536363637,9.195101082181818,13.645723363636364,794.1011227272728,-132.1291740909091,-114.92915045454546,238.1908790909091,-118.71070912727276,-169.3024490909091,1584.157936363637
942,942,you,275.687,275.787,0.894,25.414919714285713,-12.485467485714286,55.99127785714286,23.658301657142857,0.0,647.9821985714285,173.2343035714286,367.4789535714286,-175.62463928571427,258.66551875,0.0,-5476.874857142859
943,943,can.,275.807,276.007,0.96,43.453359818181816,-26.347211,34.32657945454546,18.839396363636364,0.0,687.2305009090909,99.31619954545455,-23.67244818181818,-112.38569272727274,-7.6055259090909075,0.0,-2383.221936363637
944,944,One,276.427,276.507,0.056,19.7016644828,3.605598056,4.165486602,2.949236718800001,8.3174512,704.7378292000001,31.47941916,43.720226346153844,-43.50792257307692,-88.34447558576922,76.76601061538462,-677.0229011538461
945,945,of,276.547,276.607,0.905,28.566279400000003,-0.25446608000000026,-16.41288146,5.987710739999999,37.193636600000005,541.053694,-59.86607000000007,275.853248,160.861917,-39.93547399999999,-42.411010000000054,7142.6662
946,946,the,276.648,276.748,0.791,20.92444635714286,13.108020342857143,-2.4060027428571424,14.196922485714286,22.915294,375.0870528571428,-114.9889919642857,48.450550714285704,111.74035678571424,-72.94334892857144,-312.8504017857142,101.44450000000015
947,947,things,276.828,277.168,0.696,15.385345640952377,20.707251914285717,17.778017590476193,6.097691590476191,17.90577442857143,667.2769280952382,28.56856409090909,31.66498646753247,32.81458603246753,-23.01149335064935,35.04526974025975,-1.8269441558441997
948,948,I,277.268,277.388,0.824,28.514541363636365,-20.30548310272727,-3.684392427272727,1.0513424718181819,12.758321454545456,538.8788818181819,-37.24524272727273,-91.75965567272726,108.85493095454548,62.24481797272728,-89.36002181818183,1238.1545590909093
949,949,have,277.448,277.648,0.972,21.286213884615385,-19.831079715384615,-3.2753059384615377,10.433256084615387,13.635383692307691,551.4688653846155,-49.66873439560439,36.78966379120878,58.622774615384614,-2.4897994230769327,-49.022326098901104,643.7066730769229
950,950,to,277.688,277.788,0.794,19.23057714285714,1.381049897142857,4.468546500000001,11.531792528571426,11.633463571428573,762.8489971428572,442.55301607142854,15.054845357142858,-153.5393196428571,-244.03325982142854,214.82636785714286,-3003.0322499999993
951,951,ask,277.888,278.068,0.759,11.408600857142858,-11.071488821428572,-0.6645844585714288,4.143659940714286,12.1381765,530.8553778571429,-225.26365578021975,224.75003082417578,11.205859639560442,54.026968174725276,-130.7254027472527,99.7550318681317
952,952,about,278.148,278.428,0.859,30.028457127777774,-6.733633522222222,6.433863181666667,-8.158344183333334,8.395777500000001,632.9052844444444,27.305774659442726,-115.61365378740972,-58.610368116099075,-206.07677807533545,19.041519556243554,1061.9905583075338
953,953,because,278.648,278.949,0.919,18.629079469230767,6.306274945384615,6.822973479384615,9.891947565384616,7.329817769230768,564.4163246153846,-34.53958406153845,61.51923260957262,-17.098856182700846,93.94158059658118,46.13311394871793,-195.488575042735
954,954,it's,279.009,279.109,0.85,-5.617493000000001,25.2750415,4.261215737500001,13.86849845,9.585919375,488.45367875,-428.6900642857142,172.26434880952377,-172.44347636904757,-125.06729642857142,-229.7631875,3141.272934523809
955,955,certainly,279.149,279.569,0.748,24.315701478260873,7.087974369565217,2.203810476086957,0.797125402173913,22.70312282608695,694.2951104347827,114.99000691699601,-13.41701895256916,62.397945607707484,12.059598997035568,26.90569214426876,-1031.6186413043472
956,956,right,279.669,279.889,0.697,37.802843,4.0203357749999995,0.5068640687499999,4.33411703125,24.977161625,641.103955625,-42.22178176470587,-110.02438299999999,156.9208082720588,115.13730388970586,8.201693676470585,-1164.9728066176465
957,957,now,279.949,280.209,0.892,34.197506375,-17.559244999999997,2.7815383225,-3.4152393125000007,18.621804375,567.722575,-38.516938088235285,-94.70518894117647,-99.83776757058821,-203.1202356617647,-43.511345441176466,351.33740588235287
958,958,is,280.709,280.829,0.756,9.941743868387096,7.7986048322580634,11.012999991935484,12.272032141935485,10.610391193548386,604.1481677419355,-17.591423585887096,73.99492653830646,53.51015283971775,99.31436442540321,47.53486,161.29751330645152
959,959,in,280.91,280.99,0.746,22.4332049125,21.137824125,15.885584225,16.324405937500003,32.006066875,422.96500875,314.6231342261904,-95.26040535714283,-2.8747753571428585,-147.25870684523807,8.430224404761894,-683.1778988095233
960,960,the,281.03,281.11,0.833,19.778064766666667,14.406076666666666,2.8795214999999996,-4.128187833333334,16.1193335,590.444155,-388.6465214285715,-41.88347714285716,-151.64914057142855,89.16038228571429,-416.33449857142864,-1420.4743857142862
961,961,forefront,281.15,281.59,0.78,25.912223926249997,11.277286255833333,-15.679342937500001,1.2545091104166664,17.360307708333334,801.2225075,65.55224011326085,-42.95073018913042,-49.80757071521737,52.62148503369565,17.105254413043475,-385.21028391304355
962,962,of,281.63,281.69,0.75,32.4344026,-1.8098414999999999,-10.45059768,10.994620799999998,22.0528432,694.766166,-53.63417500000005,-81.6810545,70.66717300000002,240.79694300000003,-5.925070000000014,10099.671200000004
963,963,everybody's,281.75,282.25,0.843,26.657890357142858,0.920301265714286,2.658141797857143,16.90293027,14.504362785714287,787.2297060714285,-78.43021902025176,43.31046478215653,78.83377525369458,-2.9035093305966075,-14.348881253420908,54.818363574165254
964,964,mind.,282.31,282.61,0.756,31.924937277777776,-12.0142566,2.467445872222222,-6.951563381666665,10.532437666666667,689.6538833333333,-41.68233080495356,-110.03243555211559,67.82426686790507,34.50925121929826,-97.75280381836946,-1136.6935861713105
965,965,It's,283.011,283.111,0.964,7.585150546923076,3.101748101923077,7.3236194038461555,15.746896915384614,0.8663368076923077,535.6336011538463,-45.81051591247861,57.83774785897432,-24.574875105982898,23.402672047863234,5.005501555555555,-169.35627982905982
966,966,the,283.131,283.211,0.868,19.88388514,17.1186194,-8.92250554,-24.7022812,29.821511199999996,675.318486,377.4545730000001,214.102565,68.66565000000003,-671.8061800000002,6.945870000000003,-3695.9967500000002
967,967,whole,283.231,283.391,0.707,29.69168322222222,19.705206355555557,-13.055682655555556,-53.46882455555556,33.27999688888889,740.8740966666667,41.541683333333324,-320.96839866666676,-93.70757425000002,43.028490000000005,-12.748314166666669,-349.32609999999977
968,968,idea,283.431,283.611,0.782,26.877181000000004,-6.223983527272727,18.790479400000002,10.61416738181818,25.495505727272725,422.38895090909085,-33.97911863636365,88.70597818181821,166.50462222727276,88.81754750000003,-79.77449909090913,-1016.2147136363637
969,969,of,283.631,283.691,0.749,20.8373605,6.444329400000001,9.936215675000001,21.9849245,0.0,506.3088925,-93.13729000000002,-5.156317000000014,-109.70205950000005,143.8242400000001,0.0,-6131.616850000002
970,970,healthcare,283.711,284.151,0.789,22.896111171304348,2.116362812173913,-7.024080586956522,1.860340760869565,14.641611217391302,518.1317030434783,55.12410963339918,7.105327628458498,-47.89607774209483,80.92867330533593,30.28432826086955,621.1958226284582
971,971,"reform,",284.191,284.591,0.706,36.35070260454545,11.421957595454547,-11.542629643181819,-3.1757968274999993,15.269799454545455,815.2977499999998,72.9062555985319,-17.994439201016377,-17.885754038678723,-36.974828302795025,44.527336645962734,-632.825123094297
972,972,repeal,284.631,284.911,0.858,32.9617429375,7.161174343750001,3.3235689375,5.3947913312499995,13.838704125000001,730.14815,5.318521838235292,66.75545599264706,0.5533668970588321,-82.76490897794115,108.45984823529407,-1359.055395588235
973,973,and,284.951,285.011,0.522,45.0340766,2.6437023060000002,-9.901239316,0.5552256799999999,21.0033898,592.0910120000001,108.62808999999996,-3.269103500000003,8.923020000000006,143.57126250000002,-17.84323000000003,8352.035000000003
974,974,replace,285.052,285.512,0.851,19.394563308,9.054108656,7.970784586800001,3.2762276087999997,13.829239600000001,556.1401024,-117.45552332307692,41.37301610769231,24.85951988692308,49.777968130769224,-7.293262384615385,-742.6193373076926
975,975,and,285.952,286.052,0.899,12.053052248148148,0.07635165925925894,2.03339608037037,9.405514325614817,2.843008851851852,541.5147896296296,107.19472831959709,-27.79818486263737,23.040046539987795,-26.338993777802205,27.015370512820517,-357.1866978021979
976,976,what,286.092,286.252,0.916,38.729946999999996,15.384307655999999,-2.77330498,-35.071822299999994,8.7891451,790.767064,-25.394185454545433,-53.42958528484847,-66.11475854545452,-19.665834242424243,-158.27327363636363,242.30597575757574
977,977,went,286.312,286.532,0.733,40.586093999999996,3.9686320214285717,9.55433474142857,-0.07751337857142733,20.052882071428566,762.8623735714285,-12.55736549450549,-70.29115532967032,128.10421500879116,164.41857671428568,-38.509838791208786,-241.36632417582402
978,978,down,286.572,286.812,0.922,34.096173,-7.347434935714284,4.069619314285715,-3.5670466928571427,24.81576314285714,404.26392071428575,27.09184043956044,116.88647504395603,-138.90891395604396,-115.68435557142854,-14.882961098901099,-188.50679230769222
979,979,just,286.872,287.072,0.896,-0.19928334615384607,21.67908393076923,15.669756807692307,5.819642992307693,9.057308307692308,679.5242346153846,-109.28386359890109,69.66367387362637,-72.90479134615384,-51.536007857142856,-25.185575,-331.5480604395601
980,980,a,287.132,287.173,0.562,9.2034141,14.934066999999999,17.899399159999998,7.43740554,4.6994172,629.7506539999999,-748.3182575000003,104.78008500000001,414.94580950000005,122.6589885,-234.9708600000001,11497.8063
981,981,short,287.233,287.453,0.863,21.83809488571428,6.184042294285715,-4.4801933557142855,13.986810414285713,12.518742142857144,775.6828571428572,290.87613661538455,-52.49672594725275,-135.8893474681319,-29.66803356043955,-22.352419999999995,-1559.7992197802198
982,982,time,287.513,287.753,0.82,32.079353999999995,-8.851684693333334,-10.944988000000002,5.518370513333333,22.416441333333335,508.3239806666667,171.69843874999995,-84.27504910714283,-18.41467628571428,61.25828249999999,87.02938928571429,690.3639107142858
983,983,ago,287.813,288.053,0.777,32.62594666666666,0.9030973426666669,-1.0523990999999997,5.5823757333333335,21.513655200000002,869.4773913333336,3.2123419642857107,46.430455728571424,-66.10027862499999,-240.58168910714278,-26.683743928571438,-556.0216696428572
984,984,with,288.413,288.573,0.694,18.724454965384616,6.444180707692308,-1.5649838038461537,6.906480879088462,4.503495346153846,786.1492726923077,23.395568822222216,57.23234333675211,32.2837337076923,31.610491625526485,22.03479396581196,171.194702051282
985,985,the,288.593,288.673,0.548,16.793446199999998,13.5632992,38.1642076,25.945922000000003,14.1997448,467.43573,35.52502500000001,-94.76108500000001,218.9936950000001,36.33530500000002,-361.876155,-1337.1953000000005
986,986,attempt,288.693,289.053,0.686,16.28007213157895,0.08783649736842118,18.68377454210526,10.002778870526315,6.360022210526316,651.5758831578947,-5.316237543859648,-22.341813925438604,-63.91109655263159,-3.7738107508772014,-5.330436754385963,1133.5431736842106
987,987,to,289.093,289.213,0.832,21.074445875,7.8092084125,11.526321951249999,7.1736978874999995,18.738191125,834.0047125,447.0374982142855,-27.629450178571417,-153.67291102976188,-92.36806363095238,167.32760178571422,-725.6991309523801
988,988,at,289.253,289.314,0.951,29.5286264,9.31802952,15.3592818,1.6141141400000003,9.819897000000001,768.655148,-100.23006000000002,304.62728100000004,132.91301500000003,-383.9709215000001,13.786029999999963,3866.6516
989,989,least,289.354,289.574,0.853,-3.764955307692306,21.088578923076923,23.77238794615384,19.358108615384616,16.511575076923073,772.6190230769231,-363.89547197802193,108.63237170329671,35.240938873626384,-4.101001373626378,-88.05007747252746,1809.8703901098897
990,990,try,289.714,290.134,0.848,16.809400982142858,-5.9566216999999995,-3.840371700357141,2.584766685714286,15.873676464285714,655.1383950000002,129.3791069718117,-63.5106990120416,-9.481245766146689,-18.36347701149425,44.78069333607006,-1003.7007482211276
991,991,and,290.274,290.374,0.694,33.10982725,4.685707101666667,21.239845666666664,3.4509857,19.255250166666666,614.889585,77.88080646853145,114.01929847202796,-67.71094160839158,-32.135755069930056,76.37852517482514,1404.2985559440558
992,992,change,290.494,290.794,0.921,6.378199047619048,8.087622614285715,25.120666809523815,3.3647570342857143,18.861953523809525,577.8300538095237,98.86700733766234,17.700907370129872,16.35369292207791,-3.5735627324675288,66.46978383116884,-156.57101428571434
993,993,Obamacare,290.854,291.475,0.778,29.866468629411766,-5.0567476922352945,1.742722993529411,-2.638107073529412,14.694811764705882,678.9500976470588,0.10355813139801248,-19.913051600855606,1.8395830794499597,27.009759935064924,21.236314300993115,400.0051865546218
994,994,or,291.535,291.595,0.902,43.08197083333334,-2.7563591400000003,-11.715446083333333,26.839183199999997,19.222947,867.0026699999999,-102.64992714285715,-64.24216011428572,548.9939478571429,309.8839828571428,-173.00703142857145,-4589.9194
995,995,do,291.615,291.735,0.834,7.168212692857144,15.76944957142857,24.08687657142857,22.109087285714285,14.723709142857144,759.0589957142857,-221.3183157142857,202.09171607142858,-134.14286785714285,-171.15756249999998,-273.7135571428571,-1727.758785714285
996,996,something,291.755,292.035,0.783,28.568701493333336,11.550727608666667,13.840903333333332,7.8868581,14.27376246666667,569.9896560000001,112.38008100000002,4.610659133928576,199.21781042857137,83.48213223214283,6.215093928571428,77.98520714285699
997,997,different.,292.075,292.395,0.879,23.55943605333333,-0.4863101666666662,4.75119365,13.862968166666667,8.406910944444443,639.7281894444444,66.06053404747163,-49.110459876160995,-70.70636946852427,-50.927966037151705,-93.23353813209495,819.1377992776061
998,998,Where,292.995,293.135,0.811,18.14642967567568,-3.898907225675676,-1.2094540770270268,8.840537254054055,0.0,585.9787254054055,30.22608258534851,2.5764970578473214,-20.463266351232814,-6.292404877904221,0.0,576.474986960645
999,999,do,293.175,293.215,0.694,31.705925,-19.340123749999997,40.99988825,44.1885015,18.598115749999998,1212.3796499999999,-159.72961000000006,14.504025000000013,549.9128450000002,-165.42511000000007,-3.687755000000001,3314.054000000002
1000,1000,you,293.255,293.355,0.889,10.185010857142856,7.167518051428571,27.78652501428572,25.48361742857143,7.839549,605.1236842857143,-399.94321071428567,328.3317908928571,-472.8475805357142,-248.5299732142857,-196.71976964285713,-558.7556071428576
1001,1001,see,293.415,293.575,0.718,-2.975675000000002,6.248251390909089,27.224959563636364,17.06404309090909,10.815805636363637,844.3437527272728,308.3866718181819,-236.87548927272732,343.0713046818183,83.69243977272731,133.64998090909094,2816.6234681818187
1002,1002,it,293.615,293.675,0.758,31.7105738,-9.384929994,39.5359352,23.098811,15.656499,725.481828,138.06556500000002,254.15077330000005,180.50865000000002,132.11352,94.62450000000003,-3299.072700000001
1003,1003,now?,293.735,293.975,0.868,34.8434296,-20.417421633333333,0.7178539866666664,2.699929613333332,18.74728693333333,623.4894406666666,1.0525905357142809,-19.763152517857147,-134.16765373214284,-185.73018935714285,1.5628687499999991,982.2355017857144
1004,1004,And,294.616,294.716,0.871,22.47068364864865,-1.876689177027027,0.6582979170000002,4.91201903945946,2.252858216216216,545.2639221621622,-0.1414729966808893,-19.00379040362731,21.724962294345666,40.181617124940736,5.231203307254625,-160.07322581792323
1005,1005,I,294.756,294.816,0.666,33.2638836,-27.801469400000002,10.839551996099999,8.63017462,4.17641,382.192814,-18.021779999999996,19.07155,401.1383300975001,50.485793500000014,208.8205,1150.0967000000003
1006,1006,know,294.856,294.996,0.853,33.42897366666667,-14.234357566666667,25.21937111111111,13.914518188888888,22.578569,733.2751077777779,-95.3480541666667,-51.00148258333332,-53.28929250000002,-17.23845366666667,-4.124919999999999,1244.2770333333342
1007,1007,you,295.016,295.116,0.794,19.597404333333333,-7.8720331833333335,49.78545116666667,26.9175765,21.806624,1165.604105,77.79370285714286,-41.57131157142857,-130.0187471428572,82.12886142857143,5.209945714285722,-958.619785714286
1008,1008,don't,295.136,295.256,0.914,40.182601999999996,-18.976192142857144,7.507827547142859,6.709146477142858,21.633702285714286,1071.8548285714285,89.64078571428571,-110.72929285714285,-171.77758257142855,-98.0377732857143,-15.809164285714289,-558.581607142858
1009,1009,have,295.296,295.396,0.878,38.49830557142857,-22.725538,-0.44146329999999984,2.366751302142857,17.071768714285714,872.9687385714286,42.30166785714284,101.63915000000004,-90.75059946428571,-53.96749244642859,-111.7319589285714,-0.1245714285718209
1010,1010,a,295.436,295.456,0.995,35.486777999999994,-6.4223432,-1.0686479666666664,16.028833,0.0,879.5742,-161.70584999999997,391.5124499999998,257.3467249999999,156.69807499999987,0.0,-6988.577499999996
1011,1011,crystal,295.496,295.876,0.905,16.61830329047619,15.82308917904762,3.1941777407142857,2.725627947619048,6.960711571428571,711.4000447619047,-3.9360028636363595,92.20842736883117,36.28424124253247,-120.1674346818182,20.73807551948051,-22.850177922078007
1012,1012,"ball,",295.896,296.136,0.755,36.19491115384616,15.016749923076922,-1.1511948200000002,-46.15191430769231,25.734734692307693,728.9492630769231,-4.884959890109889,-47.73993626373627,-22.13248581868132,-34.85972637362636,-3.5180549450549417,817.0015576923075
1013,1013,but,296.156,296.256,0.999,41.216609,3.927064645,-7.814702518333334,-5.761194,12.66874,851.65664,24.647980000000047,-120.36865704285714,-158.06504067142856,200.2459485714286,-325.7345714285714,937.3710285714287
1014,1014,where,296.396,296.576,0.756,39.31256243749999,13.212042647499999,1.9840736875000005,7.7375618875,19.98316725,743.0632687499999,-4.43242419117647,-92.17265682058823,48.49978233823529,105.68506916176469,114.98638544117645,864.2897794117646
1015,1015,do,296.596,296.656,0.873,24.47628575,5.022267497500001,37.45282999999999,34.098158749999996,31.49055875,323.0840675,-287.34020500000014,427.3263700500002,-65.48675000000006,-188.93442500000003,-10.714195000000014,846.845650000001
1016,1016,you,296.676,296.776,0.876,5.361411666666665,19.633604833333333,22.100202,20.874507333333334,10.094106333333334,500.8568133333334,-515.8725942857143,195.5620071428571,-322.3151285714286,-293.84823142857147,-347.12808571428576,1870.1362571428579
1017,1017,see,296.816,296.956,0.74,-1.6454255555555557,15.148046277777777,29.3702436,13.064418422222221,19.945076555555556,499.0386255555556,423.86550083333344,-178.70515750000004,255.70331533333334,87.7879015,218.4695483333333,-2881.6099000000004
1018,1018,it,296.996,297.056,0.849,22.853561,0.9761357540000001,35.21813039999999,21.783940800000003,5.6083511999999995,464.00972600000006,-64.30592000000003,40.75880965,105.11589500000005,-92.71721500000001,-280.41756000000004,1767.37475
1019,1019,going?,297.096,297.436,0.774,31.58802281052632,-9.234980594736843,4.321794689473684,-1.6840856273684208,13.803317684210526,652.7014057894737,52.71524577192984,-22.132729368421057,-10.680531991228067,-28.94611855438597,-90.20446780701756,949.1324333333333
1020,1020,"Well,",298.097,298.297,0.848,26.16064984186046,-11.101551923255814,20.35697087255814,7.0210681120930225,6.091025232558138,847.1275948837209,40.18377828299607,-52.722808019480524,14.567159870129869,-30.78609789791603,33.43488455149501,156.71145832074896
1021,1021,we,298.557,298.657,0.835,36.07128427777778,2.5331344,15.21302282777778,-5.589765766666667,13.885167722222223,801.1507327777778,37.835627605779166,-56.403500288957694,81.61502555727556,92.53451085655317,128.6260788957688,-351.1681976264193
1022,1022,absolutely,298.757,299.277,0.855,42.246694806451615,-17.651291962387095,23.203987867741937,-6.473615020967743,19.621873741935485,715.1138106451613,13.482976975806451,94.2321173109274,36.214953159274195,-2.802051162298388,8.096649576612903,430.8127637096774
1023,1023,need,299.337,299.497,0.865,37.27308354545455,8.17677282,46.92945609090909,16.04868318181818,28.340291272727278,709.7744263636364,-17.499777272727258,32.41420755000002,27.341442272727267,-0.18055590909090616,-4.676602272727261,-249.59967727272766
1024,1024,to,299.517,299.557,0.95,37.642816333333336,-9.466817533333334,56.751910333333335,28.514287,27.051235000000002,680.3123433333334,-39.07414999999988,9.261134999999985,145.27387499999992,-50.58307499999993,-30.02227499999995,-11048.175749999995
1025,1025,do,299.617,299.737,0.704,38.31472355555556,-7.075134944444444,50.112675888888894,26.658091000000002,21.326060444444444,808.6931022222223,-15.470412500000016,-161.89724650000002,84.11656833333336,-43.42902916666668,-157.11137916666672,3063.6476416666674
1026,1026,something,299.797,300.077,0.891,39.78075005882353,-12.727565742941175,40.278711529411765,9.44703711764706,22.33210411764706,637.6400470588235,28.098788848039206,115.47263920343137,-16.940113357843146,89.39123725490195,65.87341593137256,-1951.9924987745098
1027,1027,to,300.117,300.177,0.994,43.4663914,-8.424757379999999,34.2500337,20.10934612,21.7001318,1166.23251,241.28510000000006,15.510843000000007,-508.6444450000002,-187.661449,260.87756500000006,-5364.643750000003
1028,1028,reform,300.237,300.637,0.874,48.33692517391305,-12.80875616826087,17.701129652173915,4.742416789565218,17.251944260869568,873.4388247826085,22.848782608695643,38.57659681620552,-49.95825895256916,-60.3014685306324,23.45535617588932,-48.70704496047432
1029,1029,health,300.697,300.898,0.878,44.71650923076923,-19.839684092307696,21.975165769230767,-1.1915949615384596,12.305025153846154,746.5945276923077,-24.28097527472528,1.5696882692307748,-74.54466043956043,-117.40005096153845,-21.50170906593406,399.4244175824174
1030,1030,care,300.958,301.178,0.906,42.59317792857142,-24.913082,23.769618499999996,16.923448214285717,19.536804928571428,612.0757014285715,119.41945043956042,45.945207252747245,-181.84927531868132,-5.079860329670327,117.64266714285712,-1770.8068109890107
1031,1031,in,301.238,301.318,0.876,45.871714714285716,-9.076853357142857,32.26878,23.47307957142857,25.695649,494.65957285714285,-74.99370535714283,344.41765089285707,235.67308392857151,126.63822500000002,-5.284808928571439,-702.8671607142855
1032,1032,this,301.358,301.498,0.919,37.10689633333333,-9.229397688888888,43.74111366666667,18.072178144444443,19.44067411111111,687.6110866666667,-145.8262891666667,-213.947576,136.81538666666668,-159.98061850000002,-148.33051250000008,4392.261841666668
1033,1033,country.,301.578,301.918,0.878,39.75288919047619,-26.962730416666666,34.90912107142858,21.029765214285717,16.77638442857143,834.1879338095238,10.264109025974022,6.009801444805196,68.43016097402598,71.71943587662336,41.4831211038961,934.2854064935063
1034,1034,And,301.978,302.058,0.892,41.46771171428572,-4.535498571428572,46.314284571428566,22.191743142857142,17.492629142857144,449.8298642857143,-57.05648928571427,357.05610357142854,-232.19455535714286,25.376162499999978,-238.02098928571422,2862.0178749999995
1035,1035,to,302.078,302.138,0.927,43.262369500000005,-20.671774,42.93012325,14.52349075,18.713904,750.4609075,296.75621000000007,448.43755000000016,2.8317949999999974,135.19686500000006,368.10444000000024,1549.0695499999997
1036,1036,"me,",302.178,302.258,0.962,44.342871,-4.491980166666667,44.68840283333333,25.079043000000002,26.37708666666667,715.6709850000001,33.151594285714296,-467.8350442857142,385.1052757142857,-38.863062857142864,8.84531142857142,-7555.119100000001
1037,1037,it's,302.298,302.398,0.618,35.612538428571426,-19.311702942857146,54.01384685714286,13.346586885714286,3.806794,676.5738642857143,-171.7642732142857,-123.39028999999998,126.66159821428568,-208.31432964285713,-142.75477500000002,7470.299678571429
1038,1038,about,302.418,302.598,0.895,45.3403996,-16.65523727,21.500537700000002,4.29224879,17.7813701,502.23215600000003,-4.780372121212123,13.181602696969701,-179.60252030303025,-156.03440124242422,-134.03318090909087,-357.48307272727277
1039,1039,the,302.618,302.718,0.664,36.87360883333333,-12.890406999999998,20.589686000000004,14.389181333333335,0.0,809.4046366666666,-49.97245571428575,155.09973542857142,6.993131428571417,23.43625714285714,0.0,2831.5867428571432
1040,1040,cost,302.798,303.178,0.88,37.62144878260869,-13.738002482608698,24.17545686086956,-18.125024717826086,9.040523434782608,757.4242443478263,-47.548030632411056,-28.450968586956506,111.22136723320155,11.933604550395252,-4.7458314229248995,-387.12506373517766
1041,1041,of,303.778,303.838,0.838,33.24863309090909,-21.828590712121212,20.678585357575756,8.635469858666665,4.003968272727273,779.3924542424242,26.394790508021387,39.25476295955883,-14.939097576871655,-15.345200606550804,30.901480447860965,-33.31193499331545
1042,1042,care.,303.938,304.219,0.855,41.99340494736842,-24.87612747368421,23.287834605263157,14.216062547368423,19.09096910526316,660.1431252631578,64.54966535087722,-15.002049473684211,-92.48254727192983,-4.867173482456141,94.8059107017544,-217.72126491228073
1043,1043,So,304.319,304.499,0.868,36.71420007142858,-18.253409035714277,38.17081975,-2.7981945785714286,10.720748714285714,813.5992492857141,105.12703857142854,127.60111346153843,-168.80675478021976,-92.19175146153844,29.16801824175824,-1371.4557087912087
1044,1044,people,304.579,304.859,0.778,38.299819944444444,-2.341761006388889,29.300567927777777,12.862563355555555,10.712685166666667,740.4953105555555,25.824051547987626,63.466393066305486,-50.21486512383902,-76.93736535603716,52.304398297213616,-454.5353802889577
1045,1045,can,304.899,305.039,0.891,41.66053211111111,-7.446629147777776,32.134941777777776,20.80913,13.99701,890.1346444444445,26.53194583333335,251.23845972500007,165.9724616666667,127.22748583333335,206.00865333333337,-1136.147208333334
1046,1046,get,305.079,305.219,0.772,38.366076666666665,-7.806736622222224,38.087977111111115,20.621936444444444,16.999588222222222,555.1766544444445,-11.253229999999999,-103.75126983333332,-155.42191750000003,-45.08456083333334,-191.23760666666672,-1023.0582333333338
1047,1047,the,305.279,305.379,0.833,34.88988075,-5.63764375375,32.79039725,24.038282000000002,0.0,745.8864925,30.64321785714284,20.22572101785715,115.67819523809521,130.62677142857143,0.0,-4713.876321428571
1048,1048,care,305.419,305.639,0.782,41.11415153846154,-24.18217123076923,29.30162595769231,17.34759319230769,18.173553153846157,602.7882107692307,100.58269230769231,58.14055796703297,-122.63250262362637,41.5785526098901,128.8156239010989,-1300.3719175824176
1049,1049,they,305.659,305.819,0.689,43.197658777777775,-10.127773844444443,37.05902466666666,22.98521777777778,25.611617666666668,511.9620844444445,-27.90438583333333,58.75661133333335,139.72126583333335,-10.246436666666666,2.7775358333333307,-2285.5735499999996
1050,1050,need,305.859,306.079,0.894,40.03688561538461,-4.055039215384617,59.58790307692308,22.244604846153848,23.760785076923078,458.18806538461536,-31.74885082417583,-26.689694615384603,34.46551620879122,41.55863324175824,-43.05920357142856,-808.565736263736
1051,1051,from,306.139,306.279,0.801,44.27632570000001,-19.774127098,27.643886099999996,19.69505186,10.9196381,954.3382889999999,152.45905303030298,232.28046933939385,-130.05105545454538,-127.6465297575757,163.39274454545452,-1647.0436999999997
1052,1052,a,306.319,306.359,0.498,45.97715,-8.417752299999998,42.278138999999996,26.65760225,10.482619,464.0090275,-250.87277000000006,676.9261740000002,58.322420000000044,23.118454999999976,-421.9083800000001,-2539.7446500000015
1053,1053,doctor.,306.399,306.739,0.851,41.272572052631574,-20.90020210526316,14.81215792105263,10.528174768421053,18.073474315789472,670.4748321052632,10.717002982456133,13.07295859649122,54.72303974561405,72.43665912280703,18.660384122807027,804.346307017544
1054,1054,They,306.779,306.939,0.755,42.1820969,-9.04529558,43.3416042,22.9937433,19.3703505,480.47694699999994,-91.81710636363633,121.45157145454542,154.22610303030302,36.15777787878786,-110.89515727272726,-1907.4618939393933
1055,1055,choose,306.999,307.36,0.729,30.778545804761908,-14.103242287047616,55.440135857142856,25.428054080952382,27.05220261904762,758.1092161904761,51.76151902597403,102.9014027812987,-6.146221103896121,-6.02530987012987,-49.128593896103894,-284.8724928571429
1056,1056,at,307.74,307.82,0.512,33.54295604347826,-22.349867434782606,25.774006130434778,8.226979645652172,4.54154652173913,691.3082834782607,58.8070321146245,-22.93512898715414,-95.84791131422921,-20.16054852025691,38.58176151185769,-650.833966897233
1057,1057,lower,307.88,308.14,0.81,50.84269725,4.382805175,10.784052075000002,-19.2056704625,20.4359395625,749.721154375,17.276968235294127,-15.001631411764698,-112.24773036764704,32.44692330882353,-70.4030988970588,1999.2742286764703
1058,1058,costs.,308.18,308.56,0.791,38.7518705,-23.40974740952381,15.204301561904762,-16.38906259523809,11.389621857142858,613.514951904762,-73.22550701298702,-28.463763636363634,125.56602398051945,22.388265025974032,-61.44755792207793,35.54592792207803
1059,1059,That's,309.088,309.328,0.837,27.363336842105266,-17.54732093157895,26.915414710526317,10.995157720263155,4.466562921052632,659.4540039473684,24.817282426961373,6.940566824597874,-10.204527984462194,-0.9717216897362936,18.62716703687493,-176.86280298719774
1060,1060,the,309.388,309.468,0.969,37.41358571428571,-9.040627528571429,28.531414228571432,13.828677785714287,16.412588857142858,1058.0366571428572,272.14069285714294,136.61635053571428,-369.3198860714286,42.69892232142859,303.6628071428571,-2513.2313571428576
1061,1061,reason,309.508,309.789,0.682,44.3606219375,-6.42105605,37.19260473125,22.25145463125,27.325267625,666.444890625,-17.159892720588232,15.869717764705875,42.982679492647065,-4.680904522058814,-4.822901764705883,-1301.2080933823531
1062,1062,I,309.829,309.909,0.758,49.51720133333333,-19.4947521,24.034940333333335,10.163356156666667,25.589880333333337,624.664575,3.5740571428571557,184.09132714285718,136.96779428571426,200.5585539714286,-25.436279999999996,7648.802328571429
1063,1063,believe,309.929,310.229,0.845,43.12582449999999,-5.173907412500001,37.2257386875,14.350001919375,22.4456569375,673.40046625,-38.7514663235294,-16.73751816176471,97.5576869852941,123.00865450367644,-53.385198308823526,-630.4395455882353
1064,1064,President,310.269,310.67,0.832,43.89288645454546,-12.8053428,28.11088372272727,13.57961904090909,22.613917636363638,710.6448468181818,3.4925325239977414,21.623137995482782,76.27851734330886,23.056379426877474,39.12857577639752,493.8115654997177
1065,1065,Obama,310.73,311.13,0.955,49.21823191304348,-10.910725517391306,11.515944026086958,-6.563223716086956,19.87544295652174,664.2933334782609,-14.891130780632414,-23.534568814229246,3.3420799851778646,32.766848996047415,-20.911070306324095,-498.0155365612646
1066,1066,tried,311.19,311.45,0.694,40.1426275,-30.80757783125,21.8696879725,10.97873955,19.185089249999997,644.919165625,79.73507794117646,147.59617949264705,-27.335876955882345,-37.513891926470585,89.62050088235293,-495.3814874999998
1067,1067,to,311.47,311.53,0.747,38.626285749999994,-5.9728178000000005,50.009992499999996,29.64630025,24.086006750000003,838.6847425,-11.067614999999979,46.134813,153.74335000000008,29.271075000000046,-76.29266500000003,-10545.142450000003
1068,1068,do,311.57,311.69,0.854,44.579934625,-0.7585266000000002,37.67146825,24.827904625000002,17.7432395,717.6165687499999,121.96585178571422,-117.59494178571423,-226.26415357142852,-147.3149589285714,19.718233333333302,2736.906351190475
1069,1069,health,311.751,312.031,0.848,39.12200777777778,-22.84820797,24.59619369444444,5.864986466666666,13.296314722222222,732.532151111111,-78.10999122807019,10.256047873065016,68.77532809597525,3.4619198348813325,-19.706285190918475,1243.292254901961
1070,1070,care,312.051,312.191,0.558,54.451232749999996,-11.237596625,11.906315725000002,11.077364237500001,26.344251874999998,705.628995,74.15641904761904,229.40508273809522,-428.4698017857142,-282.1370055357143,-9.6703744047619,4768.427595238095
1071,1071,reform,312.231,312.631,0.888,48.595152090909096,-2.9691159390909094,7.659776750000001,-2.8443794090909087,17.090646136363635,890.9973340909091,12.666673178994918,36.11062416770187,-2.0704882693393567,-13.451406589497463,43.999661631846415,-251.5124548277809
1072,1072,when,312.651,312.792,0.701,47.701392,-9.375496437499999,29.814942025,10.8418968625,14.914231625000001,598.9689125,-103.54666666666662,-5.757554821428552,333.7964035714286,313.5290364880952,-214.4174113095238,-2757.70669047619
1073,1073,he,312.832,312.952,0.796,36.86929725,8.92483895,54.522182125,22.23143525,17.093632749999998,601.03041375,52.05067976190477,159.01793452380946,-26.236780357142884,25.076086904761905,-100.69560952380952,1456.1776964285716
1074,1074,did.,313.012,313.212,0.982,42.77964146153845,-6.671456792307693,51.77036023076923,24.91762307692308,14.349979692307695,605.0952661538461,20.13632637362639,-148.79355252747257,6.1179620879121,6.853331043956046,87.92149175824174,742.784771978022
1075,1075,I,313.232,313.252,0.0,42.538683000000006,-2.3774473499999997,38.687073,23.897461,15.4620665,694.420115,135.51269999999988,-797.8550649999996,-79.97399999999996,-78.19159999999985,-1546.2066499999996,-16399.46149999999
1076,1076,think,313.752,313.913,0.825,35.291292909090906,-17.14950881818182,30.637830663636365,21.66616887272727,5.269634181818182,652.7838236363636,18.510263970588237,32.54166089739306,27.6571253993984,-3.0295081116310167,25.813061497326206,33.92833221925138
1077,1077,he,313.953,314.093,0.807,30.123209555555555,-3.9399060444444447,41.077198333333335,16.620586988666666,11.653676666666666,802.66644,28.39934333333334,55.14505433333334,-161.17228833333337,35.17127107666667,-134.19052166666665,-796.6762833333329
1078,1078,came,314.133,314.333,0.861,39.295556999999995,-8.747067418833334,31.605769250000005,19.533199299999996,22.286563083333334,611.1098933333334,73.8452059440559,47.52854221083916,29.78978094405593,53.685372517482506,91.64075716783216,323.1386468531466
1079,1079,up,314.393,314.453,0.994,48.02780633333333,1.4611483333333333,6.65624565,-13.635894850000001,8.8947445,809.1424933333334,-168.70006857142857,133.98593628571425,74.87009528571429,233.71349985714284,-305.02676428571425,3459.6041142857143
1080,1080,with,314.493,314.613,0.995,40.7430945,-9.96353587,25.20619475,9.2139795625,6.503471375,819.56803125,-93.34601666666664,-270.68008985714283,195.91106547619043,148.62171625,-124.37850416666664,-1490.2273869047615
1081,1081,the,314.653,314.713,0.601,48.5935318,-9.718795,15.7110713,6.74123196,24.1485594,852.6143420000001,159.50653499999999,638.9943000000001,-295.17516500000005,-157.64208350000004,-36.03311999999998,2417.5525000000002
1082,1082,wrong,314.773,315.074,0.811,50.461381277777775,-1.9327314094444443,19.20314016666667,-10.711807622222222,20.30764811111111,833.4906872222223,-76.38387404540767,-103.67178889112488,127.2442579772962,71.77951444788444,-71.31975294117649,-217.94780959752316
1083,1083,solution.,315.114,315.634,0.84,38.636530892857145,-14.434895189285713,40.876368535714285,10.393501487142856,18.49467492857143,900.9393296428572,10.478470292829776,22.78379384099617,17.317372810618497,116.38612093869733,27.665507389162567,-449.15719827586196
1084,1084,And,316.055,316.155,0.838,33.93992119230769,-19.408972307692306,28.48647688461538,13.963395146153847,7.515610115384616,630.0251280769231,29.449755982905966,14.692543661538453,-19.981294239316227,-21.811897870085467,26.088202102564086,-234.94653863247854
1085,1085,I,316.215,316.275,0.886,51.616753666666675,-36.66589183333334,26.231196999999998,10.0446016,23.669739500000002,421.876875,32.169777142857136,108.33208714285713,282.45704571428564,327.8969862857143,-209.62305285714288,577.9137285714286
1086,1086,think,316.315,316.475,0.913,39.9566636,-10.570647964,44.1789061,26.3560071,22.997059,502.649351,10.239570303030312,155.8490878424242,93.65792090909089,38.07494454545453,130.53211272727268,722.3156515151518
1087,1087,it,316.995,317.035,0.918,39.47971482142857,-14.708969207142857,34.78342264285714,20.28849339285714,12.32198882142857,780.62936,17.154890216201423,49.82772250410509,-35.18233795840175,0.46048051450464883,35.21059142036125,108.95813327859888
1088,1088,was,317.095,317.196,0.837,40.778223374999996,1.2928569875,41.232982750000005,7.8373944375,18.973770125,745.9673325,-108.35507440476185,31.476385535714286,472.33835,79.4687788690476,168.83329583333332,-1426.9076785714278
1089,1089,done,317.236,317.416,0.808,44.813404090909096,-19.32412412727273,26.36391581818182,8.717134981818182,25.822120999999996,594.8857327272727,68.10603772727275,-98.31170063636365,-113.54951272727278,8.694125590909097,68.167255,2279.981140909091
1090,1090,on,317.496,317.576,0.68,47.705501125,-17.52452575,18.5436785,9.876956970000002,27.272105625,795.246445,-16.9865398809524,95.31316666666665,20.474522619047622,54.57086852380951,-16.874699404761905,-956.6383214285713
1091,1091,a,317.616,317.656,0.494,51.008669999999995,-16.70268225,9.398889650000001,-1.7872394375,6.49523975,382.68579250000005,-45.78929000000004,-145.57118500000004,141.94974700000003,-31.44307925000001,-389.71438500000016,-823.9828500000007
1092,1092,party,317.896,318.237,0.895,37.734633379310345,-11.102051038620688,18.008273037931033,5.424373881034482,14.571270413793103,754.1470903448276,21.891036354679805,-4.023859220689656,29.937271406403937,43.435784405172406,72.9433697044335,50.25424039408862
1093,1093,line,318.297,318.557,0.927,46.7025011875,-10.099189055,13.2728313125,-2.7168505625,27.5092438125,643.1835337499999,-21.48084610294117,-3.130852617647059,119.40025116176469,197.40133032352938,3.0702422794117643,59.87237647058815
1094,1094,vote.,318.597,318.857,0.936,48.25599686666668,-10.91009136666667,8.663246972933333,-4.041334712333333,16.6978296,876.7777393333333,-16.467364107142863,34.97522583928571,12.395377745357138,3.012962939285711,-148.34275553571428,80.30278392857136
1095,1095,And,318.957,319.057,0.875,46.0151211,-19.99544444,24.4459607,14.666582849999998,15.1597623,434.7248149999999,73.75792818181817,-74.67012854545452,-29.09788030303029,-81.16070772727271,185.7565118181818,1371.2483727272725
1096,1096,I,319.097,319.137,0.993,49.8683245,-29.03824075,24.34480275,17.42291975,12.83209175,360.900585,-156.0361500000001,537.1169550000002,95.555525,322.1441150000001,-514.2694550000002,462.1793000000002
1097,1097,think,319.177,319.338,0.886,42.587652299999995,-11.998495,39.5881763,24.6389122,22.0103193,519.844099,-14.843822727272716,122.56440678787878,122.62662636363635,76.25188181818177,128.90064696969694,1401.716663636363
1098,1098,if,319.378,319.458,0.744,38.769478,-16.8569225,39.522468499999995,23.959236000000004,9.099994166666667,952.6878116666667,-31.00178571428574,-125.71362428571432,-57.366169999999975,-95.56957714285713,-313.40856428571425,2856.9422999999997
1099,1099,the,319.498,319.578,0.903,46.27163983333333,-12.538712833333333,18.7634035,11.054227233333334,22.424529333333336,1046.7542766666666,170.15655285714288,406.3892642857144,-324.5304242857143,-97.65863285714288,177.9306142857143,-2692.5196285714287
1100,1100,Republicans,319.638,320.298,0.786,43.184651333333335,-4.120162605555556,25.73339923611111,0.2644211027777776,17.61165377777778,862.674156388889,-24.300884221364218,-10.918124127413126,96.55949951415701,35.90351598648648,3.5904195366795326,97.66152503217504
1101,1101,do,320.358,320.519,0.901,37.49249945454545,-7.425107429090908,30.749565545454548,14.006665663636364,17.773659454545456,948.0231027272727,146.11275318181822,60.5348357727273,-192.16489181818184,-78.39067072727276,176.6725868181818,-2435.978177272728
1102,1102,it,320.579,320.619,0.998,50.91078699999999,-19.339363000000002,13.382094,11.059474640000001,26.643014,897.979822,34.36286500000002,-72.87911000000001,-32.24279499999999,80.603632,-2.5852100000000178,2318.1667500000003
1103,1103,on,320.679,320.759,0.705,49.818174,-18.053957142857143,13.938758085714287,-4.369162042857142,25.48420485714286,869.1919657142856,42.98128928571429,-59.79526607142856,75.71669857142858,109.65422696428573,-20.307174999999997,2321.672964285713
1104,1104,a,320.799,320.839,0.496,49.39962525,-8.926352075,10.067874625,-0.32311437500000073,6.00056325,825.180295,-246.414215,113.28544150000005,204.08637750000003,543.4232475000002,-360.03379500000017,7372.9972000000025
1105,1105,party,320.919,321.219,0.878,43.27900794736842,-16.853174515789473,14.59555352631579,5.386018515789474,20.278667263157892,714.9372063157895,17.94804219298246,12.810263842105265,81.56755815789477,89.41284636842107,82.71952078947369,-746.533014035088
1106,1106,line,321.259,321.479,0.906,47.40419907692307,-14.443190338461537,21.778901207692307,0.15692584661538417,26.587577846153845,587.6036984615383,-29.382527472527467,47.0571685164835,139.91629115384617,190.86779174835164,0.2348766483516409,-971.0522939560439
1107,1107,"vote,",321.52,321.72,0.898,49.45307925,-12.059305158333332,19.423495833333334,4.679714491666666,27.59227208333333,893.1691466666666,-6.409285839160829,-58.87956746503496,94.95495139860137,151.7088431293706,12.575521853146855,-1176.6185734265732
1108,1108,it,321.76,321.82,0.753,45.3074912,-15.913718800000002,25.6470594,14.12204476,6.1995572,722.395248,-42.18079500000002,455.7002050000001,-318.95711000000006,-178.88857100000004,-309.9778600000001,2984.6761000000006
1109,1109,won't,321.88,322.08,0.81,50.18828507692307,-0.6505881884615382,15.704456461538463,-14.805689823076923,15.649043153846153,787.6719384615385,-48.22232417582417,-49.56938277472527,-8.637730219780227,73.47431296703299,-113.78962115384616,499.4753571428571
1110,1110,be,322.18,322.32,0.951,41.71512691666667,-4.816784725,38.09698816666667,21.978264683333332,20.13655075,644.9804049999999,37.82674842657341,17.68202784965035,165.52896468531466,148.88584087412588,121.23358898601398,-2682.7004090909086
1111,1111,the,322.36,322.44,0.824,50.794574166666656,-0.7268996666666663,10.504992541666669,6.040341383333335,25.420598666666667,754.4242466666668,81.60427857142861,200.10340285714287,-370.3001333571429,-401.24707957142857,-13.871017142857161,4839.244400000001
1112,1112,right,322.5,322.701,0.757,44.61389507692307,-15.410323987692307,17.975284207692305,10.45806669230769,15.744244692307692,797.1406038461538,-103.11124560439559,-52.005941868131856,265.8982812087912,127.081753489011,-139.71263653846154,-170.24080769230844
1113,1113,solution,322.761,323.241,0.883,35.85436025925926,-12.033059281481481,40.23385866666667,11.132586563333332,18.78179214814815,740.8577544444444,11.84078592796093,39.89144509157509,24.488411294261304,79.9988754093407,30.15182264957266,-576.0106987179488
1114,1114,either.,323.361,323.601,0.716,42.480337,-6.064036536111111,41.14538820555556,20.17411288888889,12.640937055555554,557.2240433333334,53.39579958720331,-98.38622594169249,-189.08351784829725,-23.533386377708972,-33.55095237358102,302.2126511867906
1115,1115,I,323.722,323.782,0.746,44.60201933333334,-20.449248666666666,3.7832906314444443,6.361160382222222,8.384667666666665,562.9105322222223,-46.13108500000001,-54.045495833333334,161.4040977925,-2.9401907999999937,189.69805250000002,-4022.7961666666674
1116,1116,think,323.802,323.962,0.771,43.337115555555556,-7.9475708111111105,40.486768000000005,26.175080666666666,26.94048988888889,339.19415888888886,-41.621319166666666,59.16849025000002,141.52359583333333,72.86567750000002,0.9830683333333271,669.0253916666669
1117,1117,it's,323.982,324.102,0.784,34.52603642857143,-14.208413357142856,54.15853942857143,15.107579757142856,7.461878571428571,875.0542657142857,-104.54674464285713,-86.88277589285715,209.57593750000007,-195.52572910714284,-2.1061821428571923,8334.219142857144
1118,1118,important,324.162,324.582,0.937,46.80977658333334,1.8630790541666666,19.452343933333335,2.027509625,16.055902666666668,665.9406458333333,20.11186347826087,52.63631035869564,-12.032660939130436,-7.305065734782606,40.998765217391295,-416.81815782608686
1119,1119,that,325.063,325.223,0.782,31.092521875000003,-24.04922203125,27.553370843750002,16.44189153125,4.78209228125,717.1478721875,13.783687041788859,50.34827566898827,8.686511592741935,0.8143503757331388,33.52739132148095,-514.2585105388564
1120,1120,parties,325.283,325.623,0.749,44.9467162,-12.672452351499999,25.701387291499998,11.128949986499999,22.271650649999998,703.2905549999999,-17.991815789473687,26.55889348007519,122.30476316052632,109.98167964473686,43.77299620300752,-482.0638082706769
1121,1121,work,325.663,325.884,0.851,46.40061315384615,0.06760555384615453,9.154347159230769,-1.6306470769230779,21.644842538461543,907.478283846154,-81.24604093406593,-133.41791961538462,84.83564529395603,106.16268244505495,-80.52649313186814,1021.183508241758
1122,1122,together,325.924,326.344,0.834,44.34787847826087,-13.182147973913043,27.411716486956514,12.014288665217393,21.07627908695652,597.2655343478261,60.79340701581025,14.214621482213428,-178.15788033596831,-67.15792455533594,50.580889673913035,105.35298666007904
1123,1123,on,326.444,326.504,0.784,49.63312725,-16.1129814,8.29039927,0.6512951500000002,28.282579875,865.51490625,-59.114040476190475,130.95799928571427,277.05226888095234,228.53119285714283,-5.189731547619045,17.79449404761924
1124,1124,this.,326.544,326.724,0.866,39.662970454545466,-23.582815681818182,40.384617999999996,12.874775768181818,18.690237181818183,727.6985981818183,-130.31618772727273,-142.28007363636368,95.84979000000001,-104.48641520454547,-179.8049377272728,3339.374154545455
1125,1125,We,326.764,326.884,0.982,38.358129625000004,-18.8924091875,47.12460425,20.998959,9.121731,617.03917125,46.159861309523784,174.55143327380952,92.89163928571429,99.60176309523806,-46.08908690476191,-2275.7678630952378
1126,1126,try,326.924,327.085,0.917,40.796851600000004,-31.3524365,19.981450248,16.7031339,20.708611100000002,665.221933,182.839806060606,106.92294393939389,-162.92312450909085,-124.69122642424243,127.84239969696965,-1619.1348090909087
1127,1127,to,327.125,327.185,0.785,42.4842254,-21.576325,43.6839164,10.972900187999999,15.596115400000002,917.2765999999999,-209.2787500000001,-79.98668000000002,454.7874900000001,-183.33592060000004,-394.79050000000007,8867.708
1128,1128,say,327.225,327.365,0.784,37.99854711111111,-19.07382483333333,38.853079,5.843153953333332,19.472830000000002,671.8197988888888,225.41393750000003,152.4870066666667,-193.98834750000003,142.30201928333335,134.13311333333334,-1246.6536583333334
1129,1129,what's,327.405,327.585,0.857,41.91464,-12.785963236363637,28.151333318181813,0.8958117090909088,14.027906272727272,865.9587,-165.92815818181822,-183.07958400000007,210.77093545454557,109.19122396363639,-170.4550172727273,1524.9768818181824
1130,1130,going,327.605,327.725,0.906,40.93578128571428,-15.250121871428572,31.163628857142857,22.257194857142856,18.388459285714283,706.3096371428571,108.72466785714286,295.47339875,89.72159999999995,84.45997857142858,224.33609821428573,356.17607142857105
1131,1131,to,327.745,327.785,0.996,40.65088,13.625256666666667,34.18961133333333,22.231928666666665,24.91091366666667,1010.87361,-62.38274999999988,393.97347499999984,204.58154999999994,-66.84125000000003,13.950149999999965,-3378.7899999999954
1132,1132,be,327.825,327.885,0.77,40.989888199999996,-5.22542058,56.186621,34.707440399999996,25.830419999999997,599.4138879999999,51.465890000000044,-247.9058975,314.560765,-116.48383000000001,-10.677429999999985,-5302.774400000002
1133,1133,in,327.905,327.965,0.724,45.9694295,-4.1912390749999995,37.12312525,27.47712325,24.2074785,575.83519,-25.782220000000045,276.53328850000014,-290.6301850000001,-68.81481500000001,-1.4048900000000244,-1118.4254000000005
1134,1134,the,327.985,328.066,0.825,43.946334799999995,0.54430254,31.432451999999994,25.137417,18.3366466,746.8465,-38.17942,307.16825200000005,146.901465,86.70229000000002,-247.17175500000002,11231.107000000004
1135,1135,best,328.106,328.306,0.694,39.48626575,-21.5459185,37.38170083333333,7.994049699999999,10.549180583333333,680.5147583333334,-86.27279073426573,-50.817368881118874,97.17449510489507,-79.27147779720278,-109.40354632867131,2977.9941048951046
1136,1136,interest,328.366,328.666,0.899,35.82649477777778,-17.33676416111111,45.26368438888889,18.16726636111111,12.899373611111109,818.0885883333334,-55.00611826625387,-18.180741625387,96.09023978328175,-50.84564778637772,-66.91091955624356,2450.0998797729617
1137,1137,of,328.726,328.786,0.747,39.1831745,-16.650634999999998,32.288334166666665,16.824798,0.0,853.0737666666668,-96.54398714285716,-298.3320085714286,46.54460142857146,18.240674285714277,0.0,3973.0922857142855
1138,1138,patients.,328.866,329.347,0.682,33.23847210714286,-25.926075739285714,47.818062464285724,12.221268289285716,19.848495285714286,693.4375835714285,-12.931367282430212,26.56971784209086,47.189522427476724,-3.614828340175151,17.907545128626165,557.6548221127533
1139,1139,You,329.967,330.067,0.859,27.36271636111111,-24.813683503611113,33.31718255555555,12.897442591666668,4.318645777777778,821.9927138888889,23.85175214285714,74.57647756287,-6.550715135135136,32.99578243822393,30.53861619047619,-252.10909111969107
1140,1140,"know,",330.087,330.307,0.844,47.74914633333333,-26.603086274999995,10.486020258333332,-1.805305003333333,30.71829133333333,643.5700141666666,-26.44737062937062,-37.291225122377625,-52.91251704545454,27.111480279720272,-3.6684430069930074,883.6088059440555
1141,1141,old,331.108,331.228,0.937,47.411906304347816,-13.420308078260874,20.899196872391304,7.071421063043479,8.997108086956525,659.7681971739131,10.563961110083254,30.284031617021274,-18.46668769562134,-49.388707487819914,6.3672520505704595,235.96669216774583
1142,1142,buddy,331.268,331.408,0.475,45.453993,-11.092324777777778,23.38857777777778,6.249331977777778,21.890676,835.9427422222223,38.58580666666669,-331.8999758333334,30.91571250000001,72.18320883333337,163.31890750000005,-63.45734166666699
1143,1143,of,331.448,331.528,0.52,43.2184425,-12.048665333333334,35.806476,29.189217999999997,27.060714,668.7531399999999,17.56426714285713,351.0075102857143,-345.4200657142857,-90.51311428571428,-9.28531428571427,7288.160114285714
1144,1144,mine,331.548,331.708,0.856,50.64926688888889,-27.680129622222225,16.158726788888888,3.36131911111111,26.745031222222224,551.2140844444444,-4.854443333333342,-184.88319841666672,90.66946275000002,164.58631466666674,-0.5325024999999962,508.5735166666666
1145,1145,was,331.728,331.868,0.727,43.7890815,-4.330226225,35.342477,11.5022471875,25.766253,739.5505862499999,-126.64790476190474,102.94523392857141,385.7199916666666,-17.405404464285716,-1.3751940476190594,-656.8599107142859
1146,1146,in,331.908,331.968,0.75,44.6876954,-2.9275076060000003,33.609869399999994,22.997875999999998,26.889121999999997,679.001792,-24.244480000000056,258.23537035000004,-179.76407000000006,26.36801000000001,-5.913920000000009,8256.752
1147,1147,the,331.988,332.068,0.843,43.1017788,-4.3392289,43.0383,28.6737572,26.580700999999998,559.573642,-55.732354999999956,-356.03675250000003,259.90069,56.822560000000024,-1.353169999999988,-25.62550000000082
1148,1148,other,332.108,332.288,0.753,45.729352818181816,-16.609696890909092,27.997234909090913,22.774660409090906,23.212118727272728,623.3658081818182,-17.484972272727276,191.34339400000007,-7.4704090909090795,112.60175409090911,-63.2484190909091,139.95009090909082
1149,1149,"day,",332.308,332.488,0.767,46.8259804,-28.62981136,33.8223656,22.489141,22.8280173,639.654405,-11.011812121212126,-69.12817321212117,3.238676363636374,13.781990909090903,67.46654696969694,107.48782727272712
1150,1150,primary,332.588,332.989,0.883,45.07858016,-16.824553301999998,16.680070423999997,20.75341442,22.763893160000002,719.4798164000001,21.687731384615386,-2.097142611538462,6.340594723076922,18.927814349999995,21.586677846153844,-821.7395423076922
1151,1151,care,333.049,333.249,0.868,41.09353300000001,-21.10823853846154,26.412567179999996,18.064440461538464,15.742555692307693,740.3792938461539,94.43921675824177,-22.41687390109888,-180.98619180769228,-21.329997252747248,55.9108054945055,917.8453296703296
1152,1152,"physician,",333.269,333.769,0.863,39.44852303846154,-16.307057085,45.232992576923074,16.13816265,17.29375423076923,837.057985,4.56312818803419,28.14359663846154,5.24151099145299,15.52013205641025,14.371338427350414,21.538329059828857
1153,1153,and,334.149,334.229,0.943,37.3230134347826,-18.686833963478257,28.653058043478268,19.37865273913043,13.768181826086957,764.3553134782609,20.132429397233192,-74.49187051581026,-24.052040118577068,-5.595567391304349,-19.819397826086952,-1032.4568749999996
1154,1154,he's,334.269,334.409,0.74,28.65149248888889,-9.376491433333335,62.48025444444444,22.955707444444446,32.226325555555555,740.5037811111112,-245.07297983333342,-204.0683850833334,271.7147333333334,-61.55071916666669,54.753342500000024,2746.7093250000003
1155,1155,traveled,334.449,334.769,0.592,41.22307822222221,-27.528512922222223,16.34596438333333,-2.7543756944444446,23.99722216666667,701.1354488888888,69.52513962848296,185.1500369040248,-75.72339820949432,-184.86059148090814,97.87159127966977,269.31290299277634
1156,1156,the,334.809,334.869,1.0,46.212274,7.48113666,16.337559199999998,-16.284016,31.134246600000004,869.001124,5.426849999999951,196.59972900000002,-220.94817000000003,-274.66406000000006,-31.717455000000005,767.4630999999997
1157,1157,"world,",334.909,335.17,0.58,51.27675106666667,-9.521602831999997,1.048784779999999,-19.064358000000002,28.927835933333334,893.0176926666667,-7.88187089285715,-80.85463016071428,82.43844919642855,-34.246610178571416,-0.2640612499999976,8.178825000000046
1158,1158,and,335.83,335.99,0.732,37.15933941463415,-20.111395756097565,31.384939121951227,13.51500579512195,11.076314975609757,715.7260917073171,22.603852691637634,-21.935056249128927,3.2350031968641106,18.355274945121955,41.257388597560976,-846.596762891986
1159,1159,he,336.29,336.41,0.982,30.785258272727273,0.08039209136363662,42.74311072727273,20.91553905454546,11.72971659090909,875.5776954545454,-22.98077617165443,-81.73929243958217,88.93600813099945,2.898634731789949,-29.42741606437041,-138.63751778656118
1160,1160,"said,",336.47,336.61,0.876,34.25143744444445,-19.53764188888889,44.67477511111112,7.5289748066666675,17.947492111111114,794.5542599999999,135.52010166666668,233.20493333333337,-171.19666833333335,136.43947155000004,190.68863666666667,-5127.345416666667
1161,1161,you,336.63,336.73,0.798,42.017726333333336,-0.3969519266666666,46.200982,23.66980433333333,26.481226666666668,492.25281,157.3561285714286,-151.2608470285714,-50.26724571428569,-44.97378285714284,-0.8529285714285604,-4415.631742857143
1162,1162,"know,",336.75,336.93,0.755,51.2999787,-20.412940900000002,13.102823140000002,-9.37354136,27.225591,505.208769,-13.258603333333344,108.50063484848484,-186.06620751515146,-275.75744242424236,3.7644448484848505,91.93363333333335
1163,1163,no,337.431,337.511,0.988,35.25347466666667,-1.6480710433333334,28.910717533333333,9.532642581333333,10.205469866666668,882.119535,-7.985739710789767,1.0843605639599585,1.1278128809788597,21.782406590433816,7.819099199110126,-297.90922480533925
1164,1164,matter,337.551,337.731,0.915,49.954958000000005,-22.35675369090909,16.122959299999994,4.287256663636364,25.947081545454537,696.4685236363637,38.31473045454544,167.9123184545455,-92.06195986363639,-63.38997722727273,-4.52465272727273,2768.0086545454556
1165,1165,where,337.751,337.891,0.829,49.052589,-9.612635937499999,9.349519743750001,4.321816825000001,28.957005875,935.7654749999999,-18.973159523809517,-404.6506217261904,162.2193302083333,291.7937108333333,35.533635119047624,1206.5256428571422
1166,1166,you,337.911,337.991,0.83,41.9562836,-21.742049400000003,32.214049599999996,20.196070799999998,29.8031272,839.206032,172.32523,-188.25926500000003,-454.50453500000003,-215.4233600000001,-24.917085000000036,-6461.377300000001
1167,1167,are,338.031,338.111,0.929,49.984207999999995,-31.769826333333338,1.3638213683333333,-9.67213515,28.835731666666664,847.1600766666667,11.146145714285748,-116.2147885714286,85.08120112857144,22.461775000000014,4.241557142857131,1107.8877999999995
1168,1168,in,338.131,338.191,0.743,48.407975,-18.260486850000003,18.109111000000002,6.935723449999999,28.834735,966.83475,-18.168129999999966,498.5028630000002,74.51113000000005,302.0482470000001,-9.13695000000001,5630.4800000000005
1169,1169,the,338.211,338.271,0.995,52.988696,-2.3768508749999997,14.68052225,-6.868737925,26.8860475,925.8815825,33.886809999999954,633.5373425000001,-150.66646500000007,-305.3295715000001,-26.49462000000001,-3654.9120499999995
1170,1170,"world,",338.311,338.491,0.639,51.718484272727274,-5.9305422636363625,4.454912414545455,-15.650710909090908,26.382518909090912,896.8965663636365,-26.028874545454556,-53.27084990909091,111.7272094727273,-21.805486818181823,-0.18079272727273038,236.27633181818175
1171,1171,no,338.531,338.591,0.77,44.1750966,-2.47678336,22.947714400000002,9.288144746,25.413952000000002,930.78637,13.322310000000043,-33.18458850000003,92.12031500000002,133.83876200000003,-13.294225000000019,-1124.0832500000006
1172,1172,matter,338.611,338.791,0.916,51.35079449999999,-20.83969305,11.01657498,0.19498520000000016,24.941318799999998,821.498449,17.217065757575767,196.79019348484843,-39.67028587878787,-92.16892515151511,1.087766060606067,1071.7694333333332
1173,1173,what,338.811,338.931,0.941,48.65218928571428,-20.34739282285714,17.302338442857145,10.622031285714286,27.77082742857143,867.1521214285714,-45.37945892857142,-156.45883164285712,292.9161398214285,398.79774999999995,-12.337794642857139,-1322.2179464285712
1174,1174,health,338.971,339.171,0.893,41.376577,-23.11568713833333,22.596639083333333,-6.602801508333333,14.44589225,665.1887741666666,-113.47479405594402,-51.847433262237736,92.54564143356643,-61.3005998076923,-182.8556201048951,2023.2964947552446
1175,1175,system,339.211,339.592,0.802,34.709641380952384,-10.94960852952381,46.364665619047614,7.8237447809523815,11.477158857142859,767.2054657142857,43.58036876623376,122.34138388441556,-44.85212512987013,85.94127666233764,36.53421415584416,535.1006922077922
1176,1176,you,339.772,339.892,0.901,40.48585846666666,-3.8403349066666665,37.01770473333333,10.798560739999997,13.4918712,655.4386086666667,24.61600125,36.87210076785714,-41.17741089285713,-74.45641123214286,124.1926282142857,697.2158392857142
1177,1177,look,339.912,340.112,0.672,41.34303563636364,-8.23705469090909,19.933545272727276,-5.428173827272728,18.866646727272727,892.5322009090906,-28.66735954545455,-82.11499431818184,76.55109136363637,205.0951017727273,-141.31253090909095,45.18826818181827
1178,1178,"at,",340.212,340.292,0.69,51.99814711111111,-28.764737277777783,19.757219666666668,10.851361488888891,7.394421444444445,418.87204555555553,-45.566137499999996,81.34021583333335,-23.54556916666666,73.56037125,-167.0837341666667,-610.1918833333334
1179,1179,the,340.852,341.112,0.852,34.155572390243904,-19.765000712926827,25.000036048780487,10.153363132682927,9.331076341463413,620.7431531707317,31.989881506968644,7.252059349912893,3.763144094076656,-15.878669016202094,41.718895226480846,-282.08607482578395
1180,1180,need,341.632,341.953,0.764,35.274140833333334,6.858483307714285,43.643563309523806,16.270297638095236,16.657129571428573,641.1046638095238,10.532345478486345,-11.59779432285876,45.36335051859653,-3.765909104610646,50.20315823677173,-356.78421862085725
1181,1181,for,342.013,342.153,0.826,38.9815179,-28.615402,28.49231488,14.25730938,13.578623799999999,834.3412700000001,38.572297272727276,154.03283939393938,-3.326125333333325,-45.4685095151515,80.83152363636363,776.2716424242425
1182,1182,services,342.233,342.853,0.774,38.32067597142858,-15.422850357142854,36.65698237871429,5.5280076697142855,15.938039342857145,855.7516162857144,9.373329691876746,39.70616130812323,29.97278249404761,7.810422562745092,12.072917240896349,-771.4687767507
1183,1183,and,343.493,343.613,0.698,21.683158638157895,-10.397107673684209,27.44213210526316,9.612982062894735,4.685913,762.5947286842106,25.624792330834882,38.07399831929095,-32.84275073859285,15.123802434784986,30.14567842214684,-403.90619460553677
1184,1184,the,343.653,343.733,0.822,47.74394516666666,-2.8265273333333343,20.551212033333332,12.566756816666667,24.405842500000002,786.0643283333334,80.24243571428569,162.12142285714287,-363.35523800000004,-273.37296557142855,-7.331112857142854,3972.783099999999
1185,1185,resources,343.793,344.434,0.849,36.63184462857143,-14.46969533457143,40.51548613714285,2.1911381000000003,21.277507057142856,869.927599142857,-9.380070882352936,0.3876506427170865,18.242960137254894,-23.540312025210074,14.948617871148452,-341.9583661064424
1186,1186,available,344.494,345.054,0.686,50.064546193548374,-4.846211593548386,20.504643509677418,-10.981832272258066,17.204616483870968,720.6999019354839,10.155886068548387,45.30167086491935,-5.2262832641129044,-93.42232368084677,-0.5145455443548407,360.49164556451626
1187,1187,are,345.314,345.434,0.5,46.957208421052634,-4.410782438947368,9.156398063157896,-13.896454942105262,9.577349105263158,739.3721268421053,12.892153771929827,90.50979295964913,-56.736734982456156,82.93210839473687,87.1222164035088,641.241501754386
1188,1188,mismatched.,345.494,346.095,0.878,34.034025003030294,-19.036248725151516,37.23209599090909,7.930573445454546,13.564677545454545,742.1585154545455,-34.263946087901076,-57.684141045621665,3.8139465808823583,-3.3517984542112322,8.309890474598935,-258.1350740307487
1189,1189,And,346.455,346.555,0.811,30.966568086956524,-22.010778449565215,31.613656304347828,15.506410717391303,6.799970304347826,657.32788,43.91388404150196,56.355806790513796,19.28814110671936,9.635598542490115,65.76336803359682,-381.93094664031605
1190,1190,you,346.595,346.695,0.957,33.52148957142857,-2.652445014285715,61.531877142857134,17.21468162857143,14.506299142857142,636.4819457142858,-98.31625178571427,-308.87944678571426,254.90042321428567,-131.3114960714286,-276.30185892857145,1010.3021071428554
1191,1191,"say,",346.735,346.855,0.613,35.969933,-25.0044785,45.89687875,11.400299075,9.696953375,715.11172875,115.59916785714277,-53.25307738095236,-244.13917023809512,74.59843726190475,-48.71091250000001,-5539.543303571428
1192,1192,how,346.895,347.015,0.776,48.281262375,-39.212359625000005,18.43260325,7.1852963,24.11895075,470.68472499999996,103.04524940476188,54.93131845238095,-57.83797976190476,-22.72457892857142,126.43592142857142,1320.5033452380947
1193,1193,do,347.035,347.095,0.711,42.154129749999996,-11.402449399999998,49.231768,21.87948275,30.289509250000002,703.8959075,-198.62041500000004,426.2836660000002,489.72256000000016,-49.28741500000007,4.8843049999999995,-10045.590550000006
1194,1194,you,347.135,347.235,0.904,38.04704114285715,3.256016242857143,53.06645128571428,20.26500285714286,28.446443000000006,705.6657057142857,88.16519464285709,224.7603766071429,-187.45220714285713,40.46829642857142,-37.574123214285734,-1974.9402499999997
1195,1195,deal,347.275,347.495,0.56,42.81807676923077,-0.8272326307692309,32.300615002307694,5.521576923076921,30.50587569230769,686.2981830769232,34.060755769230774,63.58784684065934,-300.9679022005494,-294.7552005494505,133.5409291208791,1684.5557637362635
1196,1196,with,347.535,347.655,0.88,49.07675275,-7.613865437500001,16.19233145,0.7960698749999988,22.270181125,655.2319325000001,-35.1694630952381,-176.37391279761903,183.45740285714285,418.1840244047619,62.18300892857143,497.6601785714285
1197,1197,that?,347.695,347.895,0.821,48.509515,-29.63161551666667,14.955101375,6.5457911483333335,20.032703583333333,406.2149841666666,-37.252003846153826,86.4213454195804,3.7984913461538428,60.279235776223764,-63.55204632867131,-50.68793531468527
1198,1198,And,348.035,348.135,0.778,45.706926833333334,-14.456875391666665,32.73810816666667,17.2964165,19.803601666666665,530.0741733333333,-25.859455244755246,184.66901068181815,7.6745227272727226,26.460228671328665,122.60911678321678,1662.6737552447548
1199,1199,there,348.696,348.896,0.821,34.816932921052626,-23.68077527368421,29.212558064736843,20.791884605263157,7.92674697368421,836.9955431578948,28.271729286574022,-4.362492622825258,-25.978377978006346,-8.444275823394245,36.648256149469304,109.58381299923417
1200,1200,are,348.936,349.096,0.58,52.82077030000001,-11.892846559999999,3.6198146469999997,-13.997656550000002,21.869837999999998,807.857354,-35.60012030303028,151.10839478787875,99.50835041515151,-283.0025052424242,-130.55521090909087,-465.7719333333328
1201,1201,only,349.256,349.476,0.703,47.343471421052634,-9.512011890526315,18.577934335789475,-17.415522863157893,24.41936236842105,685.4576589473685,-3.714598771929824,-59.50852393596493,89.00647902280704,153.17782564912284,80.11310271929828,-1178.4154333333336
1202,1202,a,349.516,349.536,0.995,40.21268833333333,-13.500132333333333,32.97268833333334,16.914510333333336,8.999383333333332,365.17679,-189.11207499999998,238.70717499999986,11.56959999999997,185.63022499999988,-674.9537499999997,1200.8879999999983
1203,1203,couple,349.596,349.896,0.828,44.55428661111111,-17.159089038888894,13.57651071111111,-15.342903622222224,20.985245222222222,718.3118983333334,35.964525128998964,121.08597446336432,-45.31654395252839,-167.34591600619197,69.64556666666667,643.7594102167183
1204,1204,of,349.916,349.976,0.666,47.81107025,12.15900965,18.11428925,-29.20228375,29.1517875,855.8467425,-59.56853499999997,203.03984100000014,55.935465000000036,235.61693500000018,7.394230000000042,-559.9603500000003
1205,1205,little,350.016,350.236,0.832,50.56607523076923,-5.962299892307692,13.530609192307692,-18.23013757769231,23.260449384615388,883.0340761538462,-29.90959093406593,-29.284748406593405,12.666777472527473,30.033455359890116,-131.11338928571428,-133.91841208791206
1206,1206,things,350.276,350.497,0.865,42.26434353846154,-8.88797726153846,32.46967338461539,7.881341553846152,27.764682230769232,592.9717007692308,32.68896675824176,122.71337914835162,47.80248626373626,15.445711758241757,43.09858626373626,-1206.0105879120879
1207,1207,that,350.517,350.597,0.887,37.7519196,-5.998326740000001,51.885541599999996,19.5358882,22.8202998,491.89989600000007,-78.603505,98.28733450000001,149.78415,281.17934500000007,-298.38250500000004,-2397.029
1208,1208,you,350.637,350.757,0.9,38.1217695,1.88581835,47.639656125,32.416149375,13.96783825,597.5772274999999,20.392099999999974,-33.61135595238093,-136.23904107142855,58.029720833333336,-136.95624404761907,-3384.4991785714287
1209,1209,can,350.777,350.917,0.947,42.805986125000004,-17.9025928625,41.010511875000006,24.843506625,19.79652375,748.00904,66.20000416666664,170.97472458333334,74.66103392857141,-36.5490625,173.9890845238095,-4087.5854642857144
1210,1210,adjust.,350.957,351.357,0.946,35.336581590909084,-28.7502323409091,37.56410427272728,6.206719070909089,5.495522772727273,913.3562350000001,-28.989835149632977,-46.24508190005646,-36.000535612648214,-101.42288934161492,-10.19433181818182,318.45585855448917
1211,1211,One,351.597,351.737,0.832,45.02625357894736,-2.8067251263157895,24.40738423157895,-0.462019898421052,19.79548110526316,698.893912631579,47.03542789473685,-58.009804394736854,-19.003692500000003,24.00422423947369,104.49181394736843,-1826.3577456140354
1212,1212,is,351.937,352.077,0.754,37.596532,-18.188074,51.092489588235296,15.367828836470588,26.536687294117648,665.7587329411765,-7.631470098039206,-1.347253186274508,24.362693627450987,-33.681585887254904,-30.644875490196082,1333.4627781862744
1213,1213,"taxes,",352.337,352.878,0.869,32.822868275,-30.23881955,30.884903974999997,9.463116897499999,14.811064824999999,721.8725274999999,15.867488785178237,-22.929631141651033,4.6298276735459645,10.863127516228895,39.79907972326454,-169.48548836772972
1214,1214,and,353.278,353.418,0.812,32.87434840740741,-13.380981216296298,30.422090222222227,9.230821690370371,9.833207296296296,683.4317814814815,58.962103937728955,61.08864134798538,-25.274279792429798,59.300303417582434,69.01446953601955,-1372.9180674603178
1215,1215,some,353.518,353.698,0.764,35.84313807142858,-13.459345135714285,38.619734928571425,-0.17044385428571424,15.54495114285714,824.4296664285714,94.34983659340658,96.86621387912088,-212.01948428571427,52.81873909450549,66.28649626373625,-1957.016726373626
1216,1216,countries,353.738,354.078,0.823,39.981127421052626,-18.262353831947365,36.848965136842104,18.07384838947368,18.748581842105263,724.095782631579,-49.18795815789475,80.11770133842106,188.03089289473687,44.697625500000015,-17.102659035087722,170.123307017544
1217,1217,do,354.098,354.218,0.766,42.36906242857143,-6.3864275571428575,29.630810999999998,10.665205695714286,23.49172157142857,868.5987514285715,147.83232142857142,133.05794303571426,-363.02315357142857,-234.7170793392857,138.35635178571428,1502.3127142857152
1218,1218,it,354.258,354.318,0.864,43.5091588,-7.30679114,24.756534,16.067273999999998,5.3101918,804.030994,-98.60412999999998,70.04962800000001,96.27614000000003,29.649645000000014,-265.50959000000006,4358.781450000001
1219,1219,that,354.378,354.538,0.978,46.007185818181824,-33.87046336363636,13.5459075,-3.558753218181818,19.734874727272725,516.6721336363636,5.513473181818179,18.983915909090907,-159.4317574090909,-154.7964916818182,-170.0190454545455,-626.9925136363634
1220,1220,way.,354.598,354.778,0.895,48.74818191666666,-19.657848133333335,23.760972083333332,-2.7729994249999996,26.566597416666667,550.9327991666667,-24.876955769230776,-195.5571032167832,139.7213396853147,236.04214477272723,18.0392263986014,-3186.808571678321
1221,1221,"Others,",355.299,355.639,0.662,36.8880863255814,-19.607544722093024,23.525212206976743,13.657919653488372,12.208871232558138,743.6275488372092,19.732150732407124,6.017952266686803,7.0364505776200525,-11.799624640591968,27.63493328299607,86.091535487768
1222,1222,"premiums,",355.759,356.219,0.913,38.528658724137934,-16.865046,38.52997308965517,16.212790655172412,18.937876586206894,774.5984086206896,8.311308497536945,9.372042997536946,43.090755098522166,15.660734487684724,25.47239677339901,-249.3468568965517
1223,1223,how,356.259,356.359,0.878,48.17478957142857,-29.245147428571425,24.029293857142857,6.521055630714285,23.865317571428573,674.707832857143,200.9005446428571,183.15367678571428,-230.07819821428575,-45.808679946428576,157.1026767857143,-1330.254267857144
1224,1224,much,356.399,356.579,0.758,39.921482272727275,-27.53751248181818,30.853388454545453,15.436290554545458,18.052953272727276,894.0695381818183,-122.64081545454547,-195.73099340909098,210.14370954545456,87.8169151818182,-138.53888818181824,-144.79705909090904
1225,1225,people,356.639,356.919,0.756,37.66700505882353,-6.399506599999999,36.10162458823529,9.111441842941177,12.806041764705883,737.753958235294,66.35813357843136,175.94356762254904,-64.26335012254901,-136.26267592647054,49.283267647058835,-160.97523651960793
1226,1226,are,357.42,357.54,0.707,35.5906484516129,-13.667733932258063,14.485940062258065,11.079324773225805,1.661406,817.3797561290322,29.107321169354837,-32.6511553891129,-55.27581804012096,-18.97818204052419,10.900715040322584,-306.62383165322586
1227,1227,paying.,357.58,357.96,0.868,39.509366523809526,-27.146461751761905,41.104704285714284,12.93205691904762,23.505785142857146,553.4156542857143,14.822784155844152,87.31326633876625,111.8578151948052,-9.58686381168831,55.57519246753248,-847.7689246753247
1228,1228,individually,358.544,359.165,0.849,38.29005353333332,-10.078963380833333,35.115649016666666,13.178774158675003,15.92409138333333,783.8958628333332,12.786139002500693,8.150646960530702,9.448285994720754,-8.249292645403587,12.671026411503195,115.95333941372604
1229,1229,for,359.205,359.325,0.8,42.763613125,-15.428707974999998,20.651381162499998,5.8112403,24.280503,844.7665875,93.72397202380952,144.7963920238095,-275.5638051785714,-151.02491214285715,33.60896190476191,-3375.7268214285723
1230,1230,their,359.345,359.505,0.842,47.84159888888889,-13.0673146,26.357464555555556,14.883431777777778,26.487147555555556,805.3930377777779,-2.2575000000000034,-101.07010200000002,-184.00679250000005,-31.263670000000005,-1.372790833333335,4630.9228833333345
1231,1231,"insurance,",359.525,359.986,0.856,41.35699508333334,-16.378640732083333,33.92649601583333,8.980006020833333,15.347114583333331,843.9964791666666,23.49469817391304,28.20887307326086,-47.83353031173911,-61.58363096304346,-3.9228082173913084,171.86886565217392
1232,1232,and,360.066,360.126,0.344,38.04177657142857,-4.186997285714287,43.77688942857143,1.0440627428571425,18.791791142857143,920.207347142857,97.49146071428574,395.8921814285714,-197.1607053571429,292.01408214285715,234.79154107142858,265.64521428571487
1233,1233,another,360.146,360.446,0.634,46.793889875,-17.3913634375,17.9378483375,2.19938578125,27.9034085625,890.626159375,9.069257205882353,-31.03592948529413,-48.35231910294117,106.73113572794115,-2.3420634558823545,1293.4499595588234
1234,1234,is,360.646,360.787,0.639,40.38579270588236,-5.160896624705882,42.81257235294118,13.101812299999997,20.379224176470586,578.212294117647,-17.16764620098039,68.48257364460785,34.041486029411764,-51.122311274509805,78.38737855392158,1137.969993872549
1235,1235,"co-pays,",361.147,361.708,0.805,37.63498830434783,-14.164284888043476,31.325635711956526,1.9933281282608695,10.583403826086954,734.0358567391304,15.096691181005239,-9.423241208603145,-4.4185034475794005,4.9703752072155405,19.00315724329325,-689.0399456984272
1236,1236,how,361.728,361.828,0.828,42.56405866666667,-24.234557,17.56642093333333,-1.0554115733333334,18.03480516666667,602.1680666666667,248.4069657142857,199.58909999999997,-345.7031488571428,-148.78195605714288,320.0691757142857,-2908.952342857142
1237,1237,much,361.868,362.028,0.81,42.1972614,-21.95707488,28.842422100000004,6.7814657,22.3185744,868.706586,-158.04581393939392,-277.3282917575757,260.9874893939393,154.21214975757573,-92.65234606060605,1292.2369515151513
1238,1238,comes,362.088,362.268,0.9,39.30164558333333,-12.746972825,24.06431978,13.428421768333335,20.94446275,796.2339200000001,72.58872534965035,234.09080977272723,-1.7888475804196038,-65.97278082867133,123.51526555944054,-1127.874587412587
1239,1239,out,362.328,362.428,0.832,48.13389925,-20.7700142625,13.6920493375,0.8681874437499998,27.12051675,638.7559275,0.011873809523834161,-117.32500315476184,-123.90779482142852,-29.290062410714285,-5.896704761904757,-1494.2917261904756
1240,1240,of,362.448,362.508,0.749,50.855808249999995,-9.467098575,12.627965875000001,9.119319,25.959297499999998,665.2794100000001,81.33485500000002,167.4688355000001,9.165402499999999,-6.028150000000008,-8.948990000000009,-1332.2154000000019
1241,1241,the,362.528,362.609,0.826,44.8049774,-2.99785666,19.362982,14.779474000000002,15.547784400000001,521.233744,-180.39885500000003,146.0867795,182.12450000000004,46.33127500000003,-388.75327000000004,-4707.98605
1242,1242,patient's,362.629,362.989,0.798,34.85350626315789,-14.226101736842105,51.05431894736842,11.120667778947368,14.061082210526317,795.056905263158,-29.21866271929825,62.298826666666685,83.22996280701759,-47.856411394736845,-48.90080824561405,1132.1758447368425
1243,1243,"pocket,",363.169,363.61,0.938,34.21610454838711,-22.395854861290324,23.58895271290323,0.3640852096774193,18.440131612903226,730.2742948387098,34.04089697580645,0.47981122983870567,-14.137596554435486,28.015131389112895,42.60755653225807,-714.034206048387
1244,1244,and,363.71,363.79,0.916,43.512272900000006,-18.41927212,30.926460900000002,25.605302599999998,16.7159215,512.1776379999999,37.02886939393939,113.60024436363634,-8.07133848484848,87.64128969696968,204.29403969696963,1804.6844545454542
1245,1245,then,363.83,363.97,0.892,45.14749975,-11.208737671249999,29.354373000000002,34.236370625000006,27.93984825,588.1645575,-28.518783333333335,109.92016332738095,73.11279642857141,37.32576964285715,-3.2015130952380875,-1979.9506428571422
1246,1246,the,364.01,364.09,0.923,44.13656266666667,-11.021453166666666,31.676297499999993,28.14034333333333,18.316297000000002,716.2179383333333,-10.466082857142908,-320.36797428571424,-47.2541814285714,-124.65523142857143,-317.8038457142857,439.4622714285713
1247,1247,fourth,364.15,364.39,0.634,45.63697353333334,-15.069303199999998,15.658676953333336,1.0123375400000012,27.102709666666662,805.4545386666666,69.13538089285714,2.047824107142858,-108.02154966071427,-25.015601517857135,124.70695642857137,-2107.7802107142857
1248,1248,thing,364.43,364.611,0.822,42.08095666666666,-16.964643916666667,32.00112641666667,16.941508533333334,25.139089916666663,924.4709466666668,63.781490209790185,33.57741618881118,66.97952604895104,78.54172363636364,69.0812117132867,-91.77908041958031
1249,1249,that,364.651,364.751,0.995,42.802939571428574,-8.519110614285713,38.971332857142855,27.164727285714285,27.942678285714287,539.9312214285715,-63.95503035714286,77.62253160714286,172.01378035714282,71.96209285714286,-2.401485714285696,-2515.3754464285726
1250,1250,he,364.791,364.871,0.896,37.573175166666665,-8.227427566666666,55.3516435,27.866440666666666,18.524022,386.1655866666667,13.624301428571426,-28.651786571428566,106.9786242857143,-228.96661428571431,-321.6814857142857,6919.721371428572
1251,1251,sees,364.911,365.151,0.794,33.314203428571425,-10.136012314285713,60.43043899999999,22.79791362857143,19.431534285714285,709.6662535714286,24.909683736263734,81.93408006593405,6.91947758241758,38.94481527472526,59.605749890109884,-1422.3508252747247
1252,1252,internationally,365.231,365.832,0.864,42.03751417647059,-19.3638497,35.60748157352941,11.395772585294116,21.75520244117647,684.1699182352941,-6.575957845683726,-9.721636077922074,5.2265758403361255,-47.19327332696714,2.470413804430862,-215.3962699770817
1253,1253,is,365.912,366.012,0.42,35.51201066666667,-15.890917622222222,53.35795111111111,3.5988762166666675,15.847458777777778,766.0577766666668,-130.14462666666668,-2.338938000000006,163.52610916666674,-133.98149425000005,-236.63923250000002,6691.228208333335
1254,1254,service,366.653,367.033,0.86,28.322791576470586,-20.725683749019606,28.37609625372549,0.46271253529411766,7.580567764705883,886.3999633333334,14.394025419457014,-1.6571771615384616,-5.506921786244345,-31.222021894117653,24.123376402714936,82.32605027149324
1255,1255,"limitations,",367.093,367.714,0.885,38.00008161764706,-11.715389926470587,38.676166423529416,7.098441375294117,10.519875088235294,637.5855855882353,-31.95174816653934,-15.92652344155844,61.2160862062643,16.074933083575246,-34.0132716959511,-167.21978189457593
1256,1256,which,368.295,368.675,0.825,32.01592392083333,-11.844133269791664,35.634008125,8.059493533333333,14.624777145833335,762.8557045833332,24.71509513026486,11.123338989768776,24.665944843682144,16.12538829678679,30.90317360236647,-97.4013582283977
1257,1257,is,368.695,368.735,0.0,29.356206666666665,-7.2204163,69.68465566666667,7.4515109,9.297354333333333,1135.3746,97.46609999999998,-193.36894249999992,-535.1605249999998,430.52895749999976,-697.3015749999996,14079.792499999994
1258,1258,rationing,368.875,369.396,0.86,40.04094566666667,-22.243955500000006,28.924766351515157,13.32983632969697,26.50579133333333,709.6452866666668,-18.147045521390375,4.184031691176467,59.74226928308824,47.44034072125669,16.86760750334225,-73.12281734625674
1259,1259,that,369.416,369.536,0.878,46.038243,-15.824713014285715,32.084213,28.084277714285715,6.997091285714285,826.4092985714286,47.22930892857144,-189.9209092857143,0.3453964285714376,36.67481428571427,-218.9684017857143,5210.70082142857
1260,1260,occurs,369.576,369.916,0.867,43.504962368421054,-15.316206499999998,23.457605063157896,15.399075070526317,15.938529368421053,799.0004268421052,-6.549103245614038,45.019570903508765,83.86965574561404,-50.51841048596492,49.39241938596493,153.71895701754383
1261,1261,in,369.976,370.037,0.872,44.58210166666667,-4.295203666666667,46.0724055,13.8863695,15.3364725,615.6621749999999,-146.9000457142857,21.55187399999998,130.77889571428574,-40.94675285714286,-265.9517700000001,4224.124814285715
1262,1262,some,370.097,370.277,0.664,37.455408416666664,-15.885478058333332,31.008562416666663,-5.060405441666668,7.527330666666667,691.7774116666666,103.64753409090908,222.18866218531463,-198.72943234265736,43.247436870629365,30.640757342657334,-1533.1029615384618
1263,1263,places.,370.317,370.697,0.866,39.23734695238095,-17.66258061809524,38.971935128571424,3.7540990904761906,12.531821190476188,642.7821961904762,-34.39795974025974,22.458864055844153,120.77185386363637,69.65660101948052,-22.22404318181818,244.60974610389619
1264,1264,So,371.158,371.298,0.592,23.995124956666665,-24.880068123333334,28.559196099999998,8.272030712133333,4.735665433333334,780.8741846666668,15.016958659621807,7.9006924727474965,-30.83493536151279,-52.748556264249174,39.48285921023359,-665.4409343715239
1265,1265,I,371.338,371.398,0.523,44.30332979999999,-31.767337999999995,8.7875266,-2.3102367500000005,33.2104878,373.389234,-0.07738000000000021,-47.621465000000015,190.41751500000007,434.054685,82.85914000000005,1211.7872
1266,1266,think,371.438,371.578,0.925,44.88480644444444,-21.9159367,23.61195588888889,18.847061222222223,31.98950811111111,428.46073,-12.88795333333333,215.25837658333344,72.84423833333335,57.046215000000004,-56.19964666666668,2230.473758333334
1267,1267,the,371.598,371.678,0.956,45.078465200000004,3.46176294,20.9315042,19.347619200000004,19.660782599999997,679.34398,-46.04568499999996,340.7007765000001,159.90341500000005,79.61602,-270.34519,447.78150000000034
1268,1268,best,371.718,371.899,0.792,43.52930218181818,-24.597658000000003,20.44469690909091,1.3753229181818185,20.414687454545454,458.2519009090909,-82.63817181818186,-71.49112272727271,106.30700681818185,-133.35454140909096,-190.7793763636364,-1021.3620954545454
1269,1269,thing,371.919,372.079,0.806,42.535672222222225,-6.659937777777778,28.459261,5.9737559666666655,25.720482999999998,671.7476899999999,103.25919583333338,187.18402500000005,-53.956358333333334,-23.144626250000005,76.91027833333337,1301.1196166666668
1270,1270,we,372.099,372.179,0.994,46.23915939999999,-0.02515646000000018,30.452028199999994,13.849031539999999,27.451703199999997,785.6895339999999,-194.11877000000004,72.46387200000001,483.6681500000001,431.44976300000013,-14.534355000000032,192.29109999999864
1271,1271,can,372.219,372.339,0.681,41.924663,7.0474656625,41.880374625,23.538089375,26.203565625000003,609.47989875,-50.50967738095237,156.92923327380953,-88.54601249999997,-21.579522023809528,-5.811599404761897,2982.3687559523805
1272,1272,do,372.359,372.439,0.99,46.3903042,2.275972776,15.644437660000003,9.175524126000003,28.404011000000004,777.1666720000001,95.10228000000001,25.988347700000006,-349.3064300000001,-341.6099467000001,14.323535000000001,7725.5787
1273,1273,is,372.519,372.579,0.597,39.028758999999994,-12.115032385714285,38.323726799999996,15.531447042857142,15.677563000000001,690.8767171428572,-212.5273696428571,-119.75349982142856,518.8747789285715,138.4248216071429,-298.9853285714285,8068.181678571428
1274,1274,try,372.619,372.759,0.89,47.549579666666666,-29.270804888888886,7.330999851111112,2.8660012333333333,22.07629788888889,684.3035444444445,99.25133583333333,69.41835583333335,-45.618738349999994,-41.652684,161.63030916666668,-3183.661666666667
1275,1275,to,372.779,372.84,0.754,47.682598,-21.258143999999998,4.670419435000001,5.8982028925000005,26.38109825,450.53526750000003,6.172210000000041,-48.905140000000024,-406.37311630000016,-250.50959345000007,-22.562895,-1902.2991500000014
1276,1276,actually,372.9,373.2,0.74,43.88437961111111,-16.407927061111113,20.79506393888889,0.9822334594444446,18.880362555555553,639.9323522222221,-0.16378519091847302,161.01307735294122,63.706721068111456,-47.90030811093912,12.010910732714146,793.533676986584
1277,1277,lower,373.3,373.62,0.865,49.695384714285716,5.186042570952382,11.24345256190476,-19.15991374761905,28.52852842857143,785.5800028571427,8.479400194805192,-59.53087826363637,-40.74137814935064,68.31464964935064,14.405328181818183,-339.68153246753246
1278,1278,the,373.66,373.761,0.86,40.62455885714286,-2.454788834285714,25.033469428571433,11.16028955285714,19.120140714285714,623.7181257142856,-96.79260357142857,-0.6239627678571534,-19.12393035714286,12.392300410714277,-241.809125,380.88437499999975
1279,1279,cost,373.821,374.201,0.87,40.84707854545455,-10.122532313636365,14.033966202272724,-21.11715306818182,15.042061454545456,773.7261586363635,-47.96578695652174,-36.36526280914737,126.29295120976852,50.63262252682101,5.86114731789949,554.6066733483907
1280,1280,of,374.241,374.301,0.749,43.1419444,-6.36361464,27.363302800000003,15.80526888,9.330430400000001,572.036456,-141.24137000000005,-322.1813145,-120.07887999999997,253.26364100000006,-352.30849000000006,7008.729300000003
1281,1281,care.,374.421,374.782,0.935,42.93611520833334,-15.292505615000001,12.0561478125,-2.853001735416667,14.794115,766.9331758333333,84.45245749999997,13.509090561739125,-107.55900196739131,-25.33237985934781,33.05905873913042,-549.6542439130433
1282,1282,So,375.342,375.462,1.0,31.516848735294115,-16.15426037205882,17.63756802647059,1.4231291970588231,3.251823470588235,738.749105882353,-13.987612597402594,-6.721150474484339,61.80173209702061,-44.169541568372786,25.301581772345294,-60.99701512605045
1283,1283,we,375.502,375.603,0.998,47.83901157142857,1.6215562500000005,29.249698857142853,4.723302757142856,27.31892042857143,702.2703957142858,-90.3267571428571,-198.88561062500003,237.62422678571428,348.99581732142855,-5.6462410714285864,-5442.676696428572
1284,1284,have,375.643,375.803,0.686,50.804583,-10.50516543,12.838827779999999,0.9424666000000002,26.255210599999998,551.1071489999999,-14.078468484848493,169.80649772727267,4.550300424242425,12.506993333333343,-21.126276363636357,2175.1401121212116
1285,1285,more,375.863,376.043,0.887,52.08618525,6.361316550000001,7.390449974999999,-11.464312541666667,25.506198916666666,850.9139883333332,35.83489143356643,-109.24216804195804,-204.32382155594402,-18.89409826923077,-28.748831643356645,793.3813181818181
1286,1286,people,376.123,376.443,0.852,42.7976178,1.753055255,23.756634735,1.133083764999999,17.569805499999998,843.0844144999999,35.07622112781955,54.0949318037594,-33.49470092105263,-91.38352471804512,33.8708452631579,-56.53618609022555
1287,1287,receiving,376.503,377.004,0.792,37.609148142857144,-0.42295445714285707,42.67643652142857,5.005099767857144,18.539375928571427,864.355507142857,15.238834948002188,42.97927891351943,-4.204946494252873,57.71664850164202,45.46012441160372,-646.5361885604815
1288,1288,"care,",377.605,378.025,0.675,30.619376041176466,-12.501912784313726,17.196953255294115,4.591071533333334,12.557522784313727,697.9209780392158,31.1750597280543,-37.03943202443439,-33.23784182552036,-28.069280132126707,28.27247771040725,-327.31861407239825
1289,1289,and,378.486,378.566,0.842,37.477553407407406,-16.617651351851855,15.234971611111108,15.708218985185185,10.000757592592594,712.9079685185186,11.798868742368745,-59.71763500610503,36.81297455738706,-1.961711990231993,14.485211721611732,-1596.6628397435902
1290,1290,I,378.606,378.646,0.577,50.37240975,-29.40222425,12.6412435,15.553018250000001,27.119964250000002,385.0646075,-158.57986500000007,168.88599500000004,199.7198600000001,130.87793500000006,15.609104999999989,-1528.020750000001
1291,1291,thought,378.686,378.846,0.984,47.615364400000004,-0.7127478700000001,19.032407279999997,0.46821386000000054,26.686045200000002,786.7963030000001,16.836428484848486,188.74368087878784,-79.11775793939393,-268.11287933333324,-10.949801818181815,1056.4306333333332
1292,1292,one,378.886,378.986,0.766,51.75650057142858,-15.46226017142857,16.901857142857146,0.802134671428572,27.221246142857137,849.86547,15.318716071428568,-270.77299750000003,87.63308571428571,384.24515892857147,-7.990816071428563,-760.8420357142855
1293,1293,of,379.006,379.066,0.747,47.30866675,-4.3723734499999996,20.735699750000002,18.49775025,25.57144475,508.77851499999997,-18.74160499999992,-22.07331400000002,16.48089500000002,61.51333500000004,-1.4592350000000571,-8073.7850000000035
1294,1294,the,379.086,379.166,0.832,44.153985399999996,-3.3854762000000003,20.590809,13.102304499999999,0.0,665.84573,-259.07283,120.5658255,23.60821,98.23154500000005,0.0,4490.027000000002
1295,1295,problems,379.206,379.627,0.685,45.42582904347826,-6.081772830434782,17.32337185652174,-6.9514149521739155,25.53201008695652,787.7313586956523,-28.70431027667983,93.90350458992093,155.65948942687743,27.18017649209486,6.846433201581018,794.9826175889324
1296,1296,of,379.667,379.707,0.913,43.965928000000005,6.4074842499999995,30.69801375,12.63511875,24.67660875,657.247435,-14.914499999999975,164.52780400000006,-34.15339500000003,55.60776500000001,-28.294495,154.46630000000073
1297,1297,the,379.747,379.867,0.784,39.672697875,1.1229764315000001,47.445013625,28.501336375,18.717562875,494.71163250000006,-28.961604166666664,-52.51010040714285,104.57052321428569,25.764435119047615,-179.003781547619,-1479.4244880952376
1298,1298,current,380.047,380.348,0.856,44.23093083333333,-15.33083776125,8.858398562500001,5.6471997937500005,15.699515083333333,809.9661870833334,29.13489834782608,-50.421960697608675,-100.20815003260867,-73.03351568586955,46.276925260869554,54.277696304347835
1299,1299,law,380.388,380.548,0.999,50.828058,-4.01407464,6.736803835000001,-28.7418819,22.939072,777.1343079999999,4.465623636363631,-109.78116612121208,-84.09831559090907,-86.96848636363634,19.611069090909094,-733.2854909090908
1300,1300,is,381.187,381.287,0.84,31.60516629729729,-13.765883780540538,29.43013913513513,16.369667683783785,6.266684837837838,790.8283554054053,-9.936360028449505,-1.5973775233523002,44.41272946894264,24.518813099810334,22.329929267425328,-298.84175071123764
1301,1301,that,381.307,381.387,0.267,40.7101726,-10.96125108,41.920807,23.889685399999998,30.105053200000004,600.63446,-12.953479999999967,-46.51132600000002,-97.52854000000004,280.67715000000004,-27.740325000000006,806.46
1302,1302,you,381.407,381.467,0.019,35.3899685,-5.4464630750000005,51.35288499999999,31.463036749999997,29.397191499999998,470.97889250000003,51.88064000000009,-153.90328950000006,-171.21560000000008,-146.0589250000001,3.2722500000000223,7211.734950000003
1303,1303,have,381.487,381.587,0.374,48.40082366666667,-20.559769416666665,15.091973116666667,3.2234991333333327,28.923176166666668,750.4187583333332,49.97033714285719,248.57954214285718,-188.88259157142858,-258.77910514285713,-10.248610000000014,3292.2055
1304,1304,a,381.607,381.627,0.988,49.328985,-3.2660883000000003,17.53613225,-25.632603500000002,27.973195,898.0311300000001,-26.591499999999954,482.01416999999987,352.1587749999998,24.43514999999986,-3.4031999999999822,-1643.022999999999
1305,1305,lot,381.687,381.847,0.832,47.096956727272726,-17.55984018181818,2.1760421727272723,-18.051832254545456,32.214725,736.7881318181818,-10.608518181818194,-227.48597000000007,-156.0052778636364,94.20397500000003,48.2557940909091,-2013.5727636363642
1306,1306,of,381.887,381.927,0.939,46.144070500000005,-16.35219915,7.4391871,7.83829115,8.483344,592.4791375000001,-21.52730999999996,385.7161110000001,88.50229400000003,73.42405100000003,-509.00064000000015,-6000.730650000002
1307,1307,people,381.967,382.247,0.761,39.3177253125,-6.227696862499999,29.93173370625,10.826870056250002,17.6256335625,686.3976574999999,38.20318727941175,78.86342885294117,-44.11208775735293,-162.82647187499995,16.816036250000007,79.11690588235274
1308,1308,that,382.287,382.387,0.996,47.424029,-6.4213732142857145,22.64700314285714,5.023122257142857,19.842140714285716,752.9670171428571,-51.484323214285695,-45.24917339285715,29.85026428571429,203.84837196428575,-252.00607321428572,-3625.1970000000015
1309,1309,may,382.427,382.567,0.901,46.004186222222216,-18.699311977777782,31.965491777777775,22.535654333333333,25.595090999999996,598.2736011111111,-16.095994166666674,-241.09715691666673,92.17695083333334,20.57503083333334,103.92055333333336,-3904.189858333334
1310,1310,have,382.587,382.728,0.904,50.18446775,-26.613956374999997,15.359958549999998,16.827966,28.28724725,439.204015,1.1111607142857016,133.44486369047618,-185.10495523809516,-81.92960833333332,-21.743566666666652,1958.4925952380952
1311,1311,an,382.768,382.808,0.976,48.021490500000006,-19.23300425,32.6136215,24.725281,27.052246,725.0510525,-128.83491000000006,154.07494500000007,116.76025000000006,68.03542999999998,-14.636259999999982,4658.74855
1312,1312,insurance,382.868,383.268,0.879,37.54315952173913,-21.007077568695653,34.68317854260869,18.613996154782605,19.076245304347825,831.5405539130436,0.9926852272727298,-18.309453667984176,-33.786064505928834,-56.22008744071144,-12.83323068181817,447.7816699604741
1313,1313,card,383.308,383.548,0.836,46.268572500000005,-25.000521692857145,9.232654878571427,4.758697697142857,17.205143785714284,854.1398742857143,93.9379746153846,23.45622878021978,-86.27485546153844,49.91838068131868,133.70590142857142,-262.8835824175825
1314,1314,that,383.568,383.688,0.799,40.854360714285704,-1.5592006,30.333490428571427,24.398710857142856,22.077240714285715,468.2156742857142,-29.32435892857144,15.078806071428563,88.93158749999999,-20.798117857142884,-103.4448142857143,-2853.5448214285716
1315,1315,they,383.728,383.848,0.778,39.8638035,-8.6687870325,38.03147975,20.645147625,16.454152375,613.7972425,42.72359642857141,-107.33373608333329,155.98458333333332,101.61829940476186,-107.92403154761905,-1386.8470595238093
1316,1316,can't,383.868,384.088,0.732,38.33540008333333,-16.542557905,42.00559466666667,18.96231866666667,16.678997999999996,552.6199266666667,85.14808059440558,17.399380653846144,-39.810969930069916,60.105839510489496,-40.60142727272725,-2523.4036468531463
1317,1317,use,384.228,384.388,0.632,39.02561926666666,-13.522619090000001,51.613051,26.394343133333336,27.602981466666666,743.8303093333333,-39.288884285714275,-18.710149544642857,-21.262506785714287,-64.17157499999999,-51.094560714285706,1559.9636017857144
1318,1318,many,384.968,385.168,0.936,30.768202551282048,-15.768386271794874,32.624657974358975,16.629724230769227,7.250493487179486,801.3428394871795,31.700781508097165,43.199651009109324,-9.99360847165992,18.207407158906886,38.5821125,-545.3559177125508
1319,1319,places,385.208,385.528,0.999,41.32366966666667,-12.878208744444443,39.253620222222224,15.037693861111112,23.32424166666667,725.2369727777777,-4.900907430340549,-7.7598761506707925,45.27463116615067,0.25093454592363595,67.16157946336429,100.39094582043344
1320,1320,because,385.548,385.748,0.38,39.945703,-9.027496256363635,38.39304009090909,13.42280381818182,14.221073272727272,901.9892899999999,97.01177909090912,65.99901782727274,-80.2231740909091,15.031737272727282,169.45543500000005,-2900.8090227272733
1321,1321,the,385.768,385.849,0.784,43.3695668,-1.5243687800000003,35.533615399999995,23.847858600000002,25.213291,566.961034,35.66349000000004,35.48758750000001,89.28240000000001,-70.173725,-11.27499500000001,452.46435000000054
1322,1322,networks,385.909,386.269,0.897,45.18821923809524,-3.155024172380952,13.744834109523808,6.195423638095238,21.49770623809524,836.5811809523809,-2.9047338311688216,-33.18029454090909,-48.32242346103895,-14.365188733766235,-18.01317798701299,1016.2856493506497
1323,1323,have,386.289,386.389,0.697,30.283599,-15.077799383333334,49.8389405,18.608859666666667,12.304275666666667,925.3898949999999,252.55446285714294,675.2406795714285,-258.0890614285715,93.3934,313.22090000000003,-2716.5430714285712
1324,1324,been,386.429,386.549,0.838,40.023520875,7.1015931125,33.275990375,20.786716249999998,22.54509125,833.03864375,4.23710535714287,135.20550517857143,7.028589880952387,-48.4605130952381,103.00316309523807,2421.6796249999998
1325,1325,narrowed,386.589,386.929,0.901,51.0141317368421,-23.033249747368426,6.210780989473683,7.096432094736842,26.896302473684205,746.042337368421,22.845078596491227,53.300000254385985,-37.854826508771936,-65.11299613157895,14.913364385964915,1276.9984701754386
1326,1326,and,386.969,387.049,0.9,43.206157,-1.2179316000000007,32.000884000000006,17.630530333333336,26.220634000000004,484.4584666666667,-43.89066857142856,236.817128,71.08718285714284,84.22668571428574,-12.859625714285729,-951.715257142858
1327,1327,the,387.089,387.149,0.934,42.297837799999996,-0.5114035599999998,31.6876802,20.3342476,15.2386732,859.7320219999999,-36.99603499999999,-122.98717000000005,-5.97146500000001,-58.67911500000002,-382.18275500000004,-1188.4917000000012
1328,1328,copays,387.229,387.709,0.756,42.577471714285714,-11.1151653275,24.513134166428568,5.147560932142857,15.302448142857145,717.8861485714286,10.011933962780512,-0.6380579733169145,83.00046497619046,44.01754532703887,35.33052339901477,-613.5516466885606
1329,1329,are,387.749,387.849,0.823,42.03384414285715,-24.219714071428573,45.37278042857143,20.441189500000004,21.427983142857148,1046.5033442857143,-53.746919642857144,-183.28598482142857,-14.28807857142868,34.57330267857142,33.52358214285708,-2822.9365000000003
1330,1330,so,387.889,388.049,0.856,37.717393099999995,-21.78460612,32.12920352799999,-15.222914600000001,24.996261699999998,876.591067,309.90422393939383,238.83811442424232,-520.9766718424241,-106.11804157575756,-113.41472636363633,529.5903666666665
1331,1331,high,388.109,388.349,0.762,51.649431533333335,-23.851415266666667,1.7959820026666666,-7.060319856000001,18.0177048,481.80571466666663,-8.81023589285714,-44.420605357142854,5.447460503571429,108.93374214999997,10.9846175,-1098.5289982142854
1332,1332,and,388.729,388.829,0.737,33.43081766666666,-11.167972779166666,26.20420925,19.63037291666667,8.539612583333334,703.9324966666668,1.2302964347826093,27.05853863260869,-20.98945613043478,-3.814686347826085,-1.8596767391304372,13.04187173913045
1333,1333,the,388.849,388.929,0.809,42.5791682,8.242586,34.7871138,21.2566864,25.435399999999998,549.5034899999999,-24.05742500000003,-171.92684200000008,124.78125499999999,8.539305000000008,-20.912075000000012,-1548.64055
1334,1334,deductibles,388.97,389.55,0.887,44.02815106451612,-3.8234965819354847,21.79277324516129,1.1570683990322583,17.657806935483872,735.1149587096775,6.855296048387097,-2.4630287133064495,-27.745785207661292,-60.74450050725806,1.1927238709677406,392.55122116935485
1335,1335,are,389.61,389.71,0.83,39.62008912500001,-16.875338539999998,37.022584875,11.793845325,21.109303125,960.5751625,-79.21459702380953,-213.29466295238092,-8.645331547619007,240.05785059523805,36.44522559523809,1463.978404761905
1336,1336,so,389.75,389.91,0.791,36.25462567272727,-21.6333968,30.315134218181814,-10.352931645454545,12.826559454545453,781.9276663636364,276.0493895454546,191.50532390909098,-366.96756518181826,-140.32485340909096,-88.10984500000002,-1122.611345454546
1337,1337,high,389.95,390.19,0.778,51.02561661538462,-24.128328384615386,4.2539500476923084,-3.4169102000000007,7.127032384615385,496.41847,15.636209065934075,-8.844150824175827,-30.10562767032967,138.6572090384615,116.03607362637361,-240.2364258241756
1338,1338,that,390.59,390.73,0.872,31.81536977777778,-12.138049700000002,29.266411370370374,22.144039518518518,5.767923259259259,724.5186681481481,4.150952716727722,16.620127384004885,7.007423107448108,1.502819444444443,12.07415409035409,-554.471867826618
1339,1339,people,390.75,390.99,0.91,39.53398146153847,-8.251300336923077,34.92471784615385,16.738271384615384,14.622190538461536,713.7119053846153,75.110875,98.75591447252745,-148.69336016483513,-198.46271016483516,57.232007692307675,244.58921703296653
1340,1340,feel,391.03,391.21,0.879,40.49225727272727,-16.343617263636364,35.68485436363637,14.081130381818184,20.808906727272728,677.8200209090909,30.642460454545482,82.30553281818186,-65.58084409090912,-111.27633795454551,75.0669572727273,-1148.6031590909095
1341,1341,it's,391.31,391.43,0.867,38.02273454545454,-11.494037536363637,34.18948827272727,21.176500336363635,4.581247363636364,797.228709090909,-71.66813227272729,-47.31642313636363,166.9929331818182,23.209400681818185,-67.94242772727273,-115.84011818181804
1342,1342,priced,391.61,391.89,0.894,28.78345680434783,-28.151230373913045,38.64869918695652,8.212459542173914,8.275414260869564,864.6387908695652,47.13800516304346,4.7397806867588885,20.539703013833986,-18.564607503458493,18.27432628458498,-518.4653878458495
1343,1343,out,391.97,392.07,0.862,45.63924877777778,-30.31129044444444,22.04690988888889,6.939873708888889,22.700956444444444,556.7456644444444,53.617801666666665,-19.2009525,-140.2946741666667,0.28632059999999937,81.28536666666668,1986.9594499999998
1344,1344,of,392.11,392.151,0.94,47.29154580000001,-18.3008424,27.5682938,19.2539514,24.504263799999997,1001.54758,-63.11453000000003,238.69338,201.16080000000002,-27.12730000000001,-21.37039,-2053.8555
1345,1345,their,392.191,392.331,0.802,48.12512133333334,-8.277554644444445,16.784909790777775,12.57363708888889,24.206563,831.9153,38.64065249999998,155.11244616666673,-225.63495547166667,-213.49167333333338,-11.928439999999991,2557.623416666667
1346,1346,range,392.371,392.591,0.927,45.631416230769226,-18.750399307692305,34.78688840976924,15.45282833076923,19.977787307692306,763.5076953846153,-82.89259917582416,72.44949997252749,204.14596282362638,50.37063851648353,-70.80895164835164,1211.5672857142856
1347,1347,to,392.631,392.711,0.836,34.42815216666666,-17.147765,55.10040133333334,4.450537016666668,0.0,731.01525,-112.89388428571431,-167.54042285714291,54.926742857142855,-216.59127271428574,0.0,2980.807857142857
1348,1348,see,392.751,392.911,0.928,32.176534499999995,-21.345894500000004,52.73870089999999,14.59720188,17.157862100000003,634.1376789999998,122.80755606060603,111.2190352121212,-11.24851121212121,203.3797787878787,148.65187727272723,-5229.531681818181
1349,1349,a,392.951,392.991,0.685,45.996611,-22.61331675,25.384178000000002,15.921091,5.693447,484.870405,-87.0036500000001,55.19983500000004,22.87681000000004,11.878369999999986,-341.6068200000001,8594.578300000003
1350,1350,physician.,393.031,393.471,0.88,36.809448,-21.911006158333333,47.264151416666664,18.981542575000002,8.867274583333334,827.8622158333334,-21.894524260869563,-10.665881599999999,44.24427752173913,24.29261842173912,-35.00472273913043,-158.72578391304341
1351,1351,So,393.511,393.611,0.728,27.152388900000002,-27.355558285714284,47.292618714285716,3.2993354514285715,32.08561214285714,744.8793814285715,453.4691658928572,38.22829999999998,-617.5157410714286,-7.275309142857148,-270.6428196428572,-4439.955732142857
1352,1352,I,393.631,393.651,0.991,49.367841999999996,-29.705617,21.8453575,12.1113945,25.8683995,695.233925,-44.24719999999985,-8.861999999999878,317.99964999999986,382.4330499999998,11.048249999999976,14293.527499999998
1353,1353,think,393.691,393.811,0.945,44.6278085,-6.799430529999999,29.077824125,25.759649212499998,27.676953,518.13180625,-5.76586785714282,224.8389055238095,-33.226573214285736,-49.498623869047606,2.983278571428557,-2270.354244047619
1354,1354,we,393.831,393.911,1.0,41.281523199999995,-1.01854217,34.553427799999994,26.50632356,26.983570000000004,967.05704,-169.57447000000002,-176.46229525000004,537.22881,467.9282770000001,-11.712375000000003,-1991.9655000000007
1355,1355,just,393.951,394.091,0.754,29.312318555555553,-16.340503255555557,59.18567633333334,12.899091988888891,9.127024555555556,1031.5230922222224,-115.0619291666667,9.601687333333338,74.37208500000001,-219.38867550000006,-205.98147250000002,1303.880783333333
1356,1356,need,394.111,394.271,0.748,39.421252777777774,1.694893777777778,53.33750166666667,27.59066333333333,26.890109555555554,520.9049833333333,-28.03923500000002,10.491115833333343,-22.851805000000024,67.63107416666666,-21.99292666666666,120.84615833333413
1357,1357,to,394.291,394.331,0.99,40.323532,-6.9723862,51.068864999999995,39.44135766666667,24.963793999999996,983.033,84.00619999999994,22.132139999999985,35.865375,136.7629,2.5957,2320.267500000002
1358,1358,do,394.371,394.471,0.772,47.015859857142864,-1.98680748,21.67301207142857,15.19800600857143,24.973776285714283,882.4736999999999,102.46284642857142,6.559281892857151,-288.3205339285714,-410.96139639285707,-24.069191071428563,-3196.384196428572
1359,1359,a,394.511,394.531,0.993,51.80354233333333,9.990946166666667,25.95599633333333,10.75239,22.46355266666667,840.41919,-47.34874999999989,367.0260624999998,184.3689499999999,143.94089999999994,-21.37250000000001,6905.105749999995
1360,1360,better,394.571,394.791,0.961,46.992507,-18.806817692307693,16.034041646153845,24.98728823076923,25.812151615384614,786.1698584615386,-3.006620879120883,7.3356197802197824,-2.574959395604385,100.99596868131869,37.64110027472527,536.0311620879125
1361,1361,job,394.851,395.111,1.0,46.3615453125,-27.3308746875,16.979494775,5.729476725,23.1601546875,550.4685587499999,80.71513227941176,-15.261341838235287,-163.15769004411763,-183.79767217647054,49.30900580882352,-767.4065235294115
1362,1362,and,395.171,395.251,0.572,46.66207285714286,2.667991942857143,19.45058685714286,11.764705914285715,24.825429714285715,814.9013757142857,-24.120117857142844,25.33738196428571,121.7924339285714,10.063316785714292,-8.037507142857146,-215.0767142857144
1363,1363,we,395.271,395.352,0.782,47.310953600000005,-11.2791308,30.326932799999998,20.9798598,24.1968776,766.421636,38.46034000000004,-407.1039065000001,238.54067,249.44714500000003,2.5115549999999947,4063.4366000000014
1364,1364,ought,395.372,395.492,0.924,48.21220042857143,-16.278536285714285,17.51566951428571,8.450040022857143,24.612216285714286,694.858722857143,-60.163700000000006,101.60744642857145,150.84432499999997,176.18898535714285,0.8422267857142817,2680.680642857142
1365,1365,to,395.512,395.572,0.738,44.83308100000001,0.09277887499999982,37.95786225,23.4108875,0.0,527.2687925,-89.75209000000007,277.97597050000013,96.13207500000001,30.819999999999983,0.0,-4921.519550000001
1366,1366,do,395.592,395.672,0.741,48.6206876,-13.781982199999998,28.270075,18.4636374,23.592405199999998,704.42548,214.2219850000001,7.401465,-314.85187500000006,-264.8564350000001,-13.093570000000025,-1468.6699999999998
1367,1367,it,395.692,395.732,0.138,47.927695,-16.51631,20.931037,17.477470999999998,0.0,505.91947333333337,-53.72677499999997,-301.69952499999977,279.3608999999999,216.91137499999985,0.0,12283.647749999993
1368,1368,in,395.752,395.792,0.528,48.072961,-12.8200239,32.101105,30.76087933333333,15.567439,915.1085533333334,244.52009999999996,-667.8360824999997,-370.0976249999998,51.06355,577.9857249999997,5044.132499999999
1369,1369,a,395.832,395.852,0.868,50.523429,-4.454780656666666,24.007447666666668,13.779228333333334,13.997695666666667,1058.8104,-368.9773249999999,741.2559249999997,258.31259999999986,94.93147499999998,-537.6291749999998,856.0874999999976
1370,1370,bipartisan,395.892,396.492,0.848,42.203457625,-12.8138582875,19.119209709375,3.836851369375,11.35635684375,683.6938418750001,-15.40541543255132,7.466161719208212,83.8896733990103,9.2255284965176,-5.6755646535923745,310.0285515029327
1371,1371,way.,396.532,396.672,0.968,47.12585933333334,-11.16381188888889,14.436841320000001,4.849638955409999,10.410926111111111,594.9463811111111,-45.03881083333332,-321.58078916666665,82.17433486666671,260.8636437543667,-156.65618000000006,-3636.628391666667
1372,1372,Do,397.008,397.088,0.873,13.792552995000005,1.1012938549999998,20.035754869999998,16.3220865,4.7384772,701.4766044999999,-56.750009951127815,97.54558567293233,10.871546932330828,2.5291548120300735,60.75828353383459,-307.75681917293224
1373,1373,you,397.108,397.208,0.695,9.021265083333335,14.740598883333334,39.250821499999994,24.1165865,21.893235833333335,408.1216583333333,-167.29367500000006,251.3656018571429,-383.08304142857145,-34.2056042857143,-384.91958999999997,-1523.4082714285719
1374,1374,see,397.228,397.368,0.74,-6.634532162500001,18.07360765,12.160434675,20.8217845,18.424697875,360.90349375,326.50516160714284,-247.35712595238087,188.60473559523805,141.04672857142856,177.3394398809523,-1193.7740773809523
1375,1375,that,397.388,397.568,0.755,21.930521300000002,-12.5769702,-0.08252176200000001,10.66868781,25.6261686,546.1193420000001,63.203160909090904,-16.652732848484824,48.48233083030303,20.60256293939393,-242.74034727272718,-1086.222042424242
1376,1376,happening?,397.608,398.069,0.733,29.21340488,-19.8014435392,7.2287844076,10.398703817600001,15.974265160000002,639.6633423999999,29.563891769230775,75.31461202999999,100.47660466307693,-43.50217704076923,50.783266307692315,-640.9327796153844
1377,1377,I'm,398.109,398.229,0.78,39.624812500000004,-12.58998995,4.4263636375,5.669548900000001,27.383668874999998,549.48073125,35.56611190476187,83.61841119047618,-58.54992839285713,158.65219392857136,4.909881547619049,1288.9518273809517
1378,1378,just,398.249,398.409,0.894,4.326446444444445,15.368740177777779,11.301124577777777,4.288616854444444,14.081469111111112,700.7241544444445,-291.209175,198.33145983333338,-93.93299075000002,-124.3431389666667,-158.55820500000007,-317.15724166666683
1379,1379,watching,398.509,398.869,0.909,20.749696195217393,5.505489349565217,9.598319050086957,-7.000484626086954,13.822381478260871,780.8843700000001,-24.233482900197632,-46.324055491106705,63.54032942707508,16.79785488142292,9.50843443675889,-633.1630988142289
1380,1380,from,398.909,399.029,0.87,30.10104284375,5.708769974999999,0.9276055749999998,17.890628500000002,14.477294250000002,689.0623375,211.65017366071424,41.29317238095238,-102.72906535714283,58.73868452380952,199.7109428571428,-421.2100833333331
1381,1381,a,399.089,399.109,0.995,31.57324125,5.0109467500000004,3.8233486250000004,18.3344195,10.5959855,416.9326675,-245.4228150000001,-26.43700700000001,354.61972250000014,40.46902000000002,-425.1694300000002,-6320.408650000002
1382,1382,distance.,399.169,399.55,0.895,13.79969414090909,16.317712180431815,12.537220609545454,11.234840936363634,12.753262227272728,461.79529954545455,-25.67415195652174,54.745272185304906,-62.534177125070585,-42.05617386222474,-24.386744014680975,311.8068150762282
1383,1383,I'm,399.61,399.73,0.925,27.218432444444446,-4.019958922222223,3.0700775999999994,-3.960891333333333,22.589521,632.7350433333335,271.1176325,-210.27226866666663,150.82334933333337,41.70752500000001,-9.129809166666663,3754.1652416666675
1384,1384,not,399.77,399.93,0.738,38.7437912,-17.66515716,-2.168780337,-10.16592606,15.2421866,575.475365,-25.300446666666662,-82.51399963636364,-132.0729022878788,-177.18251545454544,-176.79467757575756,-1762.812245454545
1385,1385,part,399.97,400.13,0.881,36.6915987,-5.910922374,-13.92371461,-4.1345455300000005,14.751915700000001,719.68566,150.52099848484846,-116.44216467272724,-109.4244785151515,6.047997909090883,172.7387312121212,1379.5803575757568
1386,1386,of,400.17,400.21,0.993,36.40202625,-3.50574115,2.2387122,-1.89128065,21.63544225,467.389645,-192.94765500000008,171.18583900000007,147.01144500000007,-257.7819530000001,-26.128475000000016,5733.216300000003
1387,1387,the,400.25,400.31,0.953,28.849619999999998,5.44564598,7.39293174,-15.996953999999999,8.4836838,499.16416,45.292445,132.07446700000006,62.11953500000003,-75.41416000000001,-318.5566250000001,-1311.2754000000002
1388,1388,political,400.35,400.73,0.819,27.060137938095234,9.999738345238095,5.1524145457142865,-4.2427296695238095,13.00304742857143,740.1695304761904,39.837978207792204,-14.749815396103893,-16.442598294805197,-18.176940601298696,12.173310259740255,149.3140805194805
1389,1389,process.,400.771,401.231,0.869,15.093463526923074,1.1057998384615386,-3.215714613076923,-1.9050687134153845,11.528403615384615,630.4067219230769,-94.2367485418803,60.845378075213645,40.636999994188024,-0.538610019965808,-38.93336099145298,-47.59135470085471
1390,1390,But,401.611,401.731,0.786,8.389205112,-2.29670658,-0.9455012574799998,5.8037745304,7.394949799999999,656.0562684,103.69236582307691,-14.29547938076923,-2.3942348718076927,20.17817535038461,64.15459342307693,-937.6332761538462
1391,1391,in,401.771,401.851,0.724,42.07773066666667,-6.904474933333333,10.038784766666668,23.312096333333333,25.596644833333333,353.43138500000003,-13.526925714285738,10.404000571428572,-44.97763057142857,-37.97036285714283,-10.246004285714294,702.2161571428576
1392,1392,a,401.891,401.911,0.993,30.696837666666667,-2.5774583666666664,16.823757666666666,13.866397166666667,8.293649,361.0212733333333,-130.1045499999999,132.28241249999996,89.43587499999998,-151.80201249999996,-622.0236749999997,220.01750000000004
1393,1393,typical,401.991,402.372,0.931,19.18906316521739,10.581198321739128,3.434191354782608,2.170645526086958,12.828442913043478,536.1358317391305,54.28552460474306,25.880949673913026,-13.999909492094854,-109.7592389871541,2.4367887351778617,575.5100039525688
1394,1394,"evening,",402.492,402.752,0.739,24.076231184210528,10.758781742105263,36.64420347368421,9.79013638736842,25.48904510526316,632.4936778947368,59.581370789473695,-1.5152215789473693,-23.285555438596493,-105.61876922982458,-58.88393903508773,44.56074649122796
1395,1395,I,402.892,402.952,0.995,27.420696699999997,-23.140659820000003,6.62023626,1.5855051599999999,22.9928771,504.554712,-20.906593030303036,89.85745121212118,167.5609043030303,155.58299624242423,-105.3471645454545,-1212.8437575757578
1396,1396,could,402.992,403.132,0.816,20.821419611111114,-0.15628353333333334,27.881824855555553,17.922165955555556,21.34000477777778,668.8901088888888,98.5954646666667,81.72983150000003,208.6788624166667,135.90773733333336,144.91740000000001,-493.4951416666671
1397,1397,go,403.172,403.292,0.836,35.496324875,6.48828464875,-10.307677125000001,2.8416909125,18.40640725,728.11660375,20.590094642857146,120.86934610119044,-153.13433273809517,-264.2391422023809,-191.25681428571426,-2465.4726488095234
1398,1398,from,403.332,403.472,0.721,34.936504722222224,14.124599944444446,-4.3249005811111125,10.080176322222222,13.395241888888888,664.7388022222223,131.56554416666668,42.695035416666684,164.86196297500004,36.85914458333335,-59.06289916666668,-1512.5927750000003
1399,1399,CNN,403.592,404.113,0.628,13.445059865625002,6.418723625625001,17.048929365,4.2364320612499995,25.02742084375,565.9315559375,125.19732489461148,-55.41874628134166,16.670077570014662,-6.586776837243404,47.549612032624644,-293.90597681451624
1400,1400,to,404.193,404.313,0.672,23.33692237,10.271641899999999,12.021258143,13.174907100000002,2.9379494,799.756486,-70.76706330303028,-45.64697969696967,-153.82818519090904,16.026588787878776,-80.12589272727271,-958.8566424242424
1401,1401,Fox,404.373,404.633,1.0,13.211783794999999,-10.67528866875,-10.455053233125,-4.198711874999999,12.378588749999999,831.195258125,-96.50256434705881,-8.675867375000005,-19.76730705220588,-81.91900963235295,-71.36806970588233,-1393.722138970588
1402,1402,News,404.693,404.893,0.853,9.627982607692312,20.153673923076926,26.708932192307696,9.885293672307691,19.823702846153846,828.0439392307692,-193.71277307692304,33.188531318681314,65.81157335164835,97.98808366208792,-142.15534395604394,2483.547164835165
1403,1403,Channel,404.933,405.274,0.856,23.497277105263155,-8.200037147368423,9.712808993684211,-7.797604589473685,20.85436089473684,684.6539115789474,134.02523149122806,60.69627500877194,-102.75594641754388,-165.75582735964917,-19.44264982456141,-389.68258245614044
1404,1404,to,405.314,405.434,0.833,14.8857140625,8.9711602675,2.43279026375,2.2421303437500004,0.0,619.50386625,308.0519366071428,-54.10803572619046,-10.591130553571432,103.04838306547616,0.0,-1618.5540535714279
1405,1405,MSNBC,405.574,406.354,0.816,15.56442398695652,7.136873520217392,21.059249395652174,13.078863819565216,21.243060673913046,505.64905043478257,-35.13472443231575,32.75495383179155,38.95655048535306,10.58379694696269,14.26133829478877,-84.3926221399938
1406,1406,and,406.774,406.855,0.947,9.177716216,1.0497507328,6.742228147159999,9.739210404,3.1060134,522.6032504,41.401600623076924,0.9849818023076887,-61.65802218015385,-3.7110312269230783,-17.397950884615383,185.34545538461538
1407,1407,it,406.915,406.975,0.75,10.877988066666667,17.59062845,21.932426500000002,20.441467499999998,9.163410833333332,559.7421250000001,-463.77670685714287,176.84055785714287,263.16951571428575,-8.480372857142878,-237.7324128571429,6937.555785714286
1408,1408,just,407.035,407.255,0.853,3.00845561142857,7.942119889285714,9.083893942857141,4.333877592857143,12.496352571428572,542.0159285714286,-86.92800670769229,140.62957440109886,-155.85507782417582,-22.361275109890105,-55.325709230769235,-288.38087252747255
1409,1409,seems,407.295,407.635,0.768,10.787656315789475,20.361492515789475,18.385011621052634,3.8723399368421045,17.120734842105264,601.2655678947368,99.20357573684213,37.236459543859645,28.14701174561404,-53.34198702807019,-0.2044226315789446,243.08294824561406
1410,1410,maybe,407.775,408.055,0.951,30.531139904761908,14.672800966666665,21.956976142857144,10.95589524209524,24.997014857142858,719.2594147619048,-19.760935779220784,-41.722913779220775,42.73024610389611,34.16501425714285,25.658734415584416,359.2530428571428
1411,1411,it's,408.115,408.215,0.921,1.9234472499999988,19.708574937500003,5.959397774999999,14.343911499999999,7.3027282499999995,599.0571474999999,-504.982451190476,331.2570904166667,-217.36831535714285,-56.62474285714284,-208.8340964285714,3944.504095238094
1412,1412,television.,408.235,408.776,0.886,19.3948512,5.710441946428572,6.488570079285715,-9.001929493428573,21.859638750000006,668.1780214285716,17.739003489326766,25.50141542008757,80.11752786152161,61.94770117657362,-24.6766688697318,-222.63816776135747
1413,1413,Maybe,409.076,409.296,0.902,21.858786346153845,8.82182661923077,17.386120375384614,10.820878542307693,4.679632961538461,606.2433980769231,12.839829692307687,6.3707395435897425,49.26679158358973,50.50400754358973,41.81309847863246,41.62791880341882
1414,1414,it's,409.336,409.436,0.895,-15.582817,18.294346285714287,17.165755428571426,10.223888945714284,0.0,751.7967457142857,-587.1382124999999,132.75021607142855,124.34509107142854,-88.64050214285717,0.0,3845.218857142857
1415,1415,trying,409.476,409.696,0.858,23.968499538461536,-10.919746161538459,0.5502552792307696,10.492388492307693,17.894946923076922,688.1853600000001,268.38010494505494,-41.33917585164837,85.48817207692308,-4.949992307692309,97.68290329670329,-1672.8671153846155
1416,1416,to,409.716,409.776,0.748,25.18595575,6.74977475,37.961267750000005,21.265171,23.294186250000003,376.5828575,-303.4580050000001,110.31360500000005,353.4702050000002,-100.35197000000004,11.288465000000002,-910.9386500000007
1417,1417,get,409.797,409.917,0.761,33.58254657142857,-3.743396628571429,8.073011891428573,15.758118285714286,13.604275000000001,648.9072042857143,194.28061964285718,-56.486950178571426,-446.8226208214286,-28.793308928571424,-143.31668214285713,7620.445375000001
1418,1418,"ratings,",409.997,410.397,0.811,28.057856458333333,9.736537530833333,10.510234758333333,13.56375442916667,21.703347416666663,657.7775070833333,-132.66344502173908,33.69399048826087,107.48997374347822,42.16190756739129,-47.32966621739129,423.0524563043477
1419,1419,but,410.697,410.817,0.782,10.970092029047619,0.6523355571428574,4.838372788571429,12.44785064761905,0.0,647.1507995238094,115.80419970324674,-3.009412025974024,16.741049489610386,-0.20301808441558145,0.0,-297.624537012987
1420,1420,it,410.877,410.937,0.75,15.335762666666668,16.380725766666668,23.081768,18.735134999999996,0.0,403.6762016666667,-407.89012,326.8960680000001,10.344131428571433,-15.016402857142868,0.0,1585.741042857143
1421,1421,just,411.017,411.217,0.879,-4.9029672121428565,12.525014842857145,2.9224057785714304,1.5928601571428571,4.425848785714286,507.3681257142857,44.01733024285715,83.85725868131868,-162.06705361538462,-15.058653340659333,14.493604725274725,-1129.5938505494503
1422,1422,seems,411.257,411.518,0.915,3.746163433333332,22.151635133333336,21.131813,4.143229460000001,18.681607133333333,657.2470566666667,150.8718147321428,-11.670717678571423,149.84042874999997,-58.76895598214284,-2.4385219642857243,962.5358482142859
1423,1423,to,411.578,411.678,0.758,4.718701000000001,24.28911765,18.5784904725,8.2724033125,18.2802205,580.51807125,458.0201857142856,-303.83704821428563,161.01359336904758,23.89154125,255.09084523809523,-1296.797232142857
1424,1424,me,411.718,411.858,0.744,22.70389188888889,12.223881055555555,35.04470611111112,5.586860566666667,28.303840666666666,485.5267666666666,-124.91025500000003,-10.685110833333338,96.34992166666667,-49.63758716666669,-3.2498741666666695,-2094.6213750000006
1425,1425,there's,411.898,412.118,0.764,20.3484048,1.7258516846153844,20.900151538461536,14.123074376923077,13.793259999999997,786.52469,-97.33012884615385,71.69849417582418,-4.637698901098894,-37.11168131868133,-34.37873928571429,1994.4663104395602
1426,1426,more,412.218,412.538,0.657,42.82102419047619,17.287958061904764,-0.9033729523809525,-18.590187105714286,24.970257523809522,820.7507499999999,20.86267558441558,-42.11624348051948,-154.63398785064933,-34.78967766233765,5.444165649350645,-141.75186168831178
1427,1427,and,412.618,412.718,0.762,40.394807444444446,-0.9149016333333336,2.313969333333334,10.134225477777779,21.825683777777776,694.0742711111111,89.44680333333335,214.66445316666668,171.1902219166667,85.95802208333335,162.894595,-1799.3998666666669
1428,1428,more,412.758,412.959,0.784,45.45851508333333,10.417765975,-6.133652075,-5.655093091666667,25.505574666666664,806.1259758333332,-0.06090716783216339,-51.41269648601398,-225.55970417832165,26.42369711538461,1.21298531468531,-224.83928146853165
1429,1429,squabbling,413.079,413.719,0.812,24.068985463157897,6.520493289473684,1.5352219865789474,-13.473130892105264,17.61119644736842,787.1517094736843,84.19823655213919,-32.878772226720635,11.298827549677208,-3.829920039938727,30.251739222015537,-181.00710635736942
1430,1430,and,414.179,414.259,0.607,22.044519111111114,6.901642318518519,9.05882976662963,10.355000599999999,0.6450057037037037,682.5148396296297,16.438205097680104,-28.690234059829066,4.0272767453907194,-27.23861875152626,6.379177289377292,172.5331221001222
1431,1431,less,414.279,414.48,0.765,2.2254720909090904,11.778074738181818,3.567155613636363,-4.651220572727272,0.0,667.8350236363635,-412.49542227272735,162.19953796363643,43.95028022727274,192.37491940909095,0.0,2268.366390909092
1432,1432,communication.,414.52,415.2,0.928,14.804964732222222,3.8457624469888887,26.245817327777775,14.55934077583333,9.611152055555555,611.3070497222221,-30.219311001029585,-13.113427389212351,-10.01535478120978,14.180740265830117,-9.752557979407975,-41.146143436293485
1433,1433,I,415.24,415.34,0.788,26.536669142857143,-14.298007957142858,25.08612747142857,6.940984157142857,4.641972857142858,416.10821,-45.699655357142824,151.06142017857144,187.69802517857144,39.075819464285715,-116.04932142857145,-2394.3992321428573
1434,1434,heard,415.54,415.72,0.745,12.98406741894737,-0.9774968526315795,-0.14318692105263117,14.938731678947372,4.3862527894736845,865.2420168421053,-13.230719510526313,83.6030058508772,21.277606035087725,10.240139368421053,21.991915087719303,1152.5550973684212
1435,1435,stories,415.76,416.101,0.711,14.898679984210526,13.427752433157895,1.6085438905263154,7.222271907368421,16.864302105263157,805.0374357894735,109.41171258771932,-17.22512604210527,-21.565315935087728,69.71298346140352,10.334259473684211,-341.34683070175436
1436,1436,where,416.121,416.281,0.848,35.167959222222215,9.245689901111112,-0.9885902444444442,7.816073677777776,9.887386888888889,711.401598888889,32.844009166666666,-13.996036325000007,47.034524416666684,137.27003825000003,-187.4284316666667,-2513.1610500000006
1437,1437,Tip,416.321,416.501,0.933,19.81531671818182,8.577284755454544,16.521306781818183,11.290206086363634,14.999802272727273,512.0913918181818,237.60402250000007,-39.252080318181825,14.268846954545461,27.80421602272727,26.297405,337.24165000000016
1438,1438,O'Neill,416.601,417.001,0.831,37.457237639999995,7.874417334000001,9.368608164,3.2484966440000007,25.79947812,601.2343248000001,-50.483441423076926,17.46617080192308,55.71577896538461,24.067720138461542,5.461029692307692,-423.02032153846153
1439,1439,used,417.081,417.221,0.756,5.053447818181819,21.712202363636365,26.104120454545455,21.514548899999998,13.807851818181819,689.6156781818181,-337.899270909091,189.4703518181819,-140.92588272727278,-160.16374036363644,-169.22711090909095,610.7359772727276
1440,1440,to,417.261,417.342,0.98,-1.6715232166666663,25.599448666666664,8.533368666666666,8.342015933333334,17.6084015,464.44158,-46.9744975714286,77.5054085714286,-3.394984285714293,-52.36248571428571,285.50979857142863,2454.3959142857143
1441,1441,speak,417.442,417.742,0.866,-4.373076105,22.515028749000003,26.788444215,13.1149310425,21.193646649999998,653.5760829999999,186.78028012406017,-72.59153893157897,122.33650346992485,44.427158305639104,-98.77546048872182,-1928.734506015038
1442,1442,with,417.982,418.162,0.551,17.641202033333336,0.8732492814285719,5.283354330000001,7.069128299999999,8.863507142857143,674.6385490476191,143.1559284025974,50.18224303701299,-23.418453866883116,3.1670865844155816,77.2286396103896,181.5579772727272
1443,1443,Republican,418.202,418.742,0.888,30.70491834137931,0.3395442568965519,4.212338848275862,-3.4247227793103443,14.009446344827591,641.9706944827586,-16.330717665024622,22.71461521231527,98.72988099014775,29.884260697044336,16.116297709359603,3.081656650246302
1444,1444,leaders.,418.802,419.123,0.766,25.524291315789473,8.097633284210525,17.05173947105263,22.63138740526316,22.66697715789474,607.5941715789475,-43.43635464912281,16.52141114035088,-44.497207039473686,43.14364787719299,-53.50522236842107,-229.9660666666666
1445,1445,They'd,419.143,419.323,0.871,16.440645519999997,15.883091080000003,19.719183570000002,21.316043399999998,14.2393143,520.564714,56.52862933333332,-105.6796219393939,122.07708481818177,19.307847272727283,-175.75698757575753,-653.1361878787876
1446,1446,get,419.343,419.483,0.835,20.060127943749997,-3.9456648375000007,25.549200624999997,11.4992842625,14.090005999999999,396.81646624999996,78.17405782738095,-79.66602232142854,63.44377202380953,-82.89926874999998,-270.33254047619045,1272.617601190476
1447,1447,together.,419.523,419.903,0.853,26.748740650476197,0.560668357142857,14.693727188095238,11.016228942857143,21.066150857142855,549.67418,93.18069177922078,-59.3682042987013,-97.79964647402596,-31.63985755194805,1.7969911688311666,501.8769597402598
1448,1448,They'd,420.223,420.404,0.752,10.958491472,-6.246019735999999,12.255428400000001,15.389005632,5.08805968,695.5471111999999,2.954781534615378,24.53144183846154,58.41097973076922,37.55463622692307,29.27785226923077,358.66120423076933
1449,1449,fight,420.484,420.664,0.93,18.948105046153845,-3.805869284615385,-4.459166830769231,6.700468576923076,20.45167615384615,585.8884061538461,251.06823895604396,-50.54342274725275,5.020640989010987,-21.896500549450536,147.25591785714283,-1663.4915714285714
1450,1450,on,420.704,420.764,0.96,41.3651258,14.38142632,-7.999203540000001,-8.22847802,28.9760068,677.0556300000001,-8.651765000000006,218.51101400000002,399.16432150000014,219.22308850000002,-5.282424999999995,-477.73050000000023
1451,1451,the,420.804,420.864,1.0,24.7071228,16.2377896,-11.477247599999998,-12.17252144,10.9336452,559.727426,-469.911905,-15.528170000000015,151.95308500000002,195.090483,-412.23440000000005,1368.3787
1452,1452,"floor,",420.904,421.164,0.704,28.594706381533335,15.619134128666666,-8.476265832333333,-11.597677213333336,23.08572026666667,736.403268,215.70890800696424,-50.55262819821428,-178.818440625,-69.20395305357141,95.1029292857143,1119.8274339285713
1453,1453,but,421.224,421.324,0.832,37.37560475,7.586005162499999,-3.0781212625000007,9.63552368,0.0,691.72358375,-85.80710476190478,90.69598017857142,166.47007244047612,97.72981542857141,0.0,2794.5465178571426
1454,1454,then,421.364,421.464,0.994,31.60102542857143,4.504582277142857,8.156939699999999,9.952066614285714,22.30619957142857,550.0037957142857,124.46111785714284,-127.65077321428573,-100.94561339285714,-141.95301232142856,139.11971428571434,-3721.534875
1455,1455,they'd,421.484,421.644,0.875,30.533249555555553,-4.082537355555555,17.771648244444442,12.183586311111108,26.524563333333333,363.3534788888889,-34.171944166666655,-92.72168933333336,14.916051999999992,41.10399158333334,7.099266666666684,-83.00355833333339
1456,1456,have,421.664,421.764,0.899,35.5326545,-11.235506799999998,-1.6693227499999999,5.30590465,29.281616499999995,444.93811166666666,-5.5774985714285705,251.6524285714286,161.31296985714286,-19.30482042857143,15.108684285714272,1468.2924142857144
1457,1457,a,421.804,421.824,0.986,32.091532666666666,0.30413052,24.769573999999995,10.132331433333333,9.604245666666666,340.97265999999996,-30.408725000000018,199.71008749999993,69.10897500000003,291.50424249999986,-720.3184249999997,1036.5099999999993
1458,1458,drink,421.865,422.125,0.877,17.174599678,0.004915958000000132,10.22624628,0.5512505866666669,18.3007344,692.6973306666665,66.89626250178569,-12.688556187500003,61.079293339285705,-54.750007589285715,-68.0155544642857,-2238.238246428571
1459,1459,at,422.165,422.245,0.569,27.05562116666667,2.1320867549999996,31.12304416666667,11.629458116666667,3.5378208333333334,457.29266499999994,166.23626142857145,106.23997790000001,-113.29929571428573,119.4663207142857,151.62089285714288,4454.65352857143
1460,1460,night.,422.305,422.465,0.901,26.677276909090907,-10.771134763636365,17.480675672727273,5.623634482727272,1.9311613636363638,531.0299472727272,-87.85158954545457,3.2707227272727413,145.38523822727277,12.99293804545455,-48.27903409090911,-501.13709090909117
1461,1461,And,422.845,422.925,0.921,18.233061717391305,-5.620770621739132,10.27145613173913,15.058655752173914,2.7984017826086953,563.9054717391303,27.14176971837944,-14.514875543478254,-45.48212337845847,-7.607458018774699,31.80653068181817,-873.9064589920945
1462,1462,the,422.945,423.005,0.965,33.465874,-6.498541190000001,25.89963325,7.819732699999999,21.46064475,476.14988500000004,32.37703999999999,-172.8324586000001,259.31053500000013,-125.17400100000003,22.073695000000015,672.336699999998
1463,1463,next,423.065,423.226,0.888,16.907038218181818,-6.9413355781818185,20.39803381818182,6.909552490909092,16.989299454545456,532.3432172727272,-356.041349909091,192.00075224090918,-100.02657545454548,30.79185904545455,-55.13746454545456,3018.3193590909095
1464,1464,day,423.266,423.406,0.898,14.3395926,4.352808422222223,10.519545933333331,12.593387488888888,21.193662333333336,447.74302888888883,362.0709985000001,-290.5846256666667,150.00161700000004,-65.67063616666668,165.75648833333335,-1733.545316666667
1465,1465,they'd,423.446,423.626,0.793,23.923363181818182,-5.88938739090909,37.765786181818186,18.789695000000002,7.18857190909091,477.45126,-69.36989727272729,7.893176500000005,179.06885000000005,57.45109272727274,-144.46310454545457,-919.0588181818184
1466,1466,come,423.666,423.886,0.86,27.371417046153848,-6.489579515384616,12.72939821153846,-2.0896352461538474,17.101994307692305,659.4568292307692,188.9617641208791,22.47667983516483,0.5640365384615299,-52.4186925824176,122.89844010989012,1559.5453406593404
1467,1467,back,423.926,424.187,0.881,33.34180153333333,-22.92429386666667,6.8668100999999995,-2.816592702666666,20.418024666666668,678.5526413333332,-25.608354821428577,-95.9846021428571,10.478387928571426,-29.989666685714273,-75.38228785714284,-435.70928035714303
1468,1468,with,424.247,424.387,0.867,33.3495224,5.7867191,-3.6178678730000002,-1.682418689,17.0801085,591.378835,78.30714848484848,220.1875875757575,-104.08179044545453,5.5866017242424215,155.59626030303025,-1639.8079848484845
1469,1469,a,424.427,424.447,0.986,47.541700666666664,8.5081738,-24.344488666666667,-4.518964216666666,23.901765666666666,923.4124633333334,375.8247499999998,92.65813999999997,-120.63139999999994,-261.4634837499999,-5.877200000000023,8646.088499999998
1470,1470,resolution.,424.507,425.127,0.876,22.16625830588235,15.080092552147057,3.610091144117647,1.5288776558823531,15.658691735294115,706.3533476470587,-49.35810218181817,-11.570412217211608,74.56371519251336,47.93627585408708,-42.157873819709685,-405.7659868601985
1471,1471,It,425.628,425.688,0.979,14.87225655,-0.663130785714286,8.816940444285715,12.5893414,0.0,539.1918789285714,-1.5539817487684717,-8.209523078817732,11.73535192556103,17.619599110563765,0.0,-315.9303457854406
1472,1472,doesn't,425.728,425.988,0.794,12.762507553333336,27.188829926666667,-4.706168943733333,5.826817253333333,9.550806333333332,431.9900933333334,-109.53657685714286,150.3943270535714,-86.45638542142858,49.91616508928572,51.20491214285713,-7.870521428571535
1473,1473,seem,426.008,426.249,0.883,10.975539538461536,17.584098715384616,24.568302269230763,6.101592823076924,22.597425538461536,627.4053361538461,335.64296208791205,-88.06621112637363,172.17601675824173,-112.84190862637361,114.50428434065931,1376.1460467032966
1474,1474,much,426.409,426.589,0.855,26.460864923529414,4.6790450864705875,11.852894270588235,-6.022102645882352,17.45041717647059,815.3888864705882,-199.51691272058824,-49.20151586764706,-60.862475759803935,-48.14983668382353,-89.16165612745098,-452.91115686274526
1475,1475,of,426.629,426.669,0.956,20.875815824999997,5.1137654999999995,11.6382722,6.0995428,25.5773715,444.631805,546.1046605000004,24.885713000000017,-218.12088600000007,167.33804000000006,-9.30605999999998,-5784.2549000000035
1476,1476,that,426.709,426.829,0.87,31.114951375000004,-15.408470837500001,8.00927145,2.6053441499999996,26.84665375,388.27839124999997,56.378739880952374,-315.6545443452381,4.944110952380953,-79.64107904761902,-7.5655773809523765,2152.8714464285713
1477,1477,is,426.889,426.969,0.565,8.949497142857142,12.281650542857141,14.363979714285716,12.672690499999998,9.930878142857143,525.1997885714287,-444.1098410714286,473.43448428571435,-37.52661964285715,14.30430714285714,-253.18139464285716,-2257.5809999999997
1478,1478,going,427.009,427.27,0.752,29.592807940000004,5.082027006000001,11.175385533333333,-6.86490014,19.683817866666665,644.7195626666667,131.19033426785714,-29.720384532142862,38.19837857142857,-55.54254669642856,70.65728249999998,130.01142321428574
1479,1479,on,427.37,427.49,0.855,36.925805727272724,-3.4775745727272733,-0.054454545454544985,-20.962991729090906,25.254718272727278,741.6926490909092,-12.052152727272725,-11.355786727272731,45.04823909090911,132.75569550000003,-110.19738727272728,-2466.2738045454553
1480,1480,anymore.,427.53,427.91,0.851,32.729392318181816,-4.155954010909091,18.09977153181818,0.670805169545455,10.078313818181819,662.3585404545455,12.53516067193676,26.679158858272167,-185.06129907679278,-45.40090001609261,-66.38424206662904,1428.5664023150764
1481,1481,It's,428.17,428.27,0.158,24.006409058823532,0.815145288235294,10.929446994117647,17.152950647058823,1.9959189411764706,806.8469623529412,14.026798774509803,-18.356044546568615,213.85588974264704,10.600170465686276,33.26531568627451,-50.75969117647062
1482,1482,interesting,428.291,428.651,0.389,40.9748978,-31.036139549999994,29.911822674999996,12.522118792499999,28.786517600000003,696.0227600000001,-27.276068646616544,0.5204460526315767,73.02580291353382,50.73261447030076,10.373096541353378,1987.0236172932332
1483,1483,because,428.671,428.891,0.983,37.500767833333335,-22.528770499999997,38.24937283333333,19.62355655,26.279967666666664,945.3975741666667,1.4741143356643427,47.475088111888105,109.91907517482517,-95.74834248251746,48.440637062937064,698.481442307692
1484,1484,you,428.931,429.071,0.922,41.24407322222223,-8.734375172222222,35.73058477777778,23.346481722222226,31.342234,901.4278222222223,121.35529250000002,43.67002220833334,-393.97111166666673,-45.921352916666685,-2.9807108333333403,-455.5779500000003
1485,1485,mentioned,429.091,429.432,0.747,38.254695805555556,-24.49639837222222,38.49228238888888,12.163268605555555,22.136395944444445,561.7423527777778,-14.489074071207428,158.9478351754386,67.32612440660473,10.44767323529412,11.455577450980394,797.8003833849332
1486,1486,Tip,429.592,429.772,0.869,35.34570935294117,-20.981921717647058,26.51785441176471,9.580585497647059,5.72622394117647,872.7360547058823,30.574074019607835,-92.32285997549019,-9.783550490196081,-27.940567397058818,42.20675196078432,-421.5457916666666
1487,1487,O'Neill,429.852,430.112,0.689,44.22896176470588,-31.56327294117647,22.212227529411763,5.939214776470588,30.698027823529415,781.4548752941176,-21.884332352941176,-59.2252574754902,43.21056675245098,-48.20376672794116,7.361563848039214,-2166.662482843137
1488,1488,and,430.132,430.192,0.642,42.38219675,-31.8681225,13.926581249999998,-25.346684500000002,30.347045,595.8657675,-13.424294999999985,-247.3110000000001,-92.69827500000007,187.20429000000016,-15.236880000000003,7657.740250000003
1489,1489,I,430.212,430.252,0.508,41.72483566666667,-40.540517,7.618755666666666,-13.594849666666667,29.298597333333333,824.2923333333333,92.67924999999988,188.55409999999992,29.730074999999964,201.77139999999991,-13.386925,10028.787499999997
1490,1490,was,430.292,430.393,0.837,38.69851171428572,-23.870435285714287,37.07737114285714,-3.6559148928571426,8.230574571428573,1062.2108071428572,-199.03355892857144,18.20830892857142,464.6374285714286,-75.23492499999998,-257.18720357142854,3951.3779464285712
1491,1491,thinking,430.413,430.713,0.79,41.8692115,-12.9312742475,40.1370766875,14.544594099999998,28.484475375,691.996226875,46.23243382352941,59.56191179117647,28.44464360294117,24.34711547058824,32.82262161764705,-689.6105919117646
1492,1492,a,430.733,430.773,0.008,47.10091166666666,-25.858786666666663,24.458832,12.544488833333332,10.001524666666667,704.1689733333333,-265.0463749999999,383.97949999999975,8.573774999999987,274.22733749999986,-750.1143499999998,3257.2570000000005
1493,1493,friend,431.594,431.794,0.859,38.829834254901954,-35.25997435098039,20.21792476078431,0.6619435523529412,10.882866666666667,714.1127766666666,20.018297036199098,34.97150832850679,-5.324535239819007,4.431543813484161,21.414728719457013,-322.38316809954756
1494,1494,from,431.814,431.954,0.797,45.105345875,-2.9714449000000007,19.716159625,7.9676046625,18.066371625000002,914.2469687500001,18.078104166666634,426.8800810714285,-63.124204166666644,-8.7444019642857,-97.79531488095236,-1797.255613095238
1495,1495,"Pennsylvania,",431.994,432.735,0.828,44.07123051282053,-19.462111423076923,29.31000758974359,-2.585398968717949,29.021778179487175,565.3992499999999,3.496058997975711,-1.6195369898785432,19.149261305668016,7.366106871356275,9.302078775303643,-438.62590111336044
1496,1496,your,433.115,433.335,0.798,39.1330139,-17.957097425000004,25.91962816666667,11.387793798666669,17.942608833333335,685.428035,22.113655650723025,1.254292125139046,6.20294024471635,-18.030649901223587,64.60585616240267,816.6346123470523
1497,1497,neck,433.395,433.576,0.736,43.13382575,-25.299698050000007,29.691981333333334,9.451249733333333,25.62528175,416.51235749999995,-65.85754458041959,-38.35412262237763,-18.81877132867133,64.95992353146852,-89.92964388111886,387.8319493006992
1498,1498,of,433.616,433.656,0.452,47.22768775,-13.351661350000002,25.854405250000003,12.856891375,28.878311749999998,915.5298750000001,-67.22054500000012,106.43864300000006,-145.32282500000008,15.827932500000005,-11.925804999999988,7156.498500000003
1499,1499,the,433.696,433.756,0.996,46.7193522,0.1508597600000005,15.896943799999999,-12.448743279999999,28.821351999999997,949.8394000000001,-24.080695000000006,503.2576750000001,2.0071749999999966,-291.568186,3.4247849999999684,-3075.9649999999997
1500,1500,woods.,433.796,434.036,0.782,44.20730671428572,-8.27579697857143,29.526404571428568,2.969893542857144,28.93259514285714,729.9780778571429,-43.69047736263737,-26.839812604395583,164.26078835164833,227.9898401318681,-7.070639120879119,-290.093302197802
1501,1501,Chris,434.136,434.356,0.77,35.3411416875,-28.299766375,30.137254425,5.059053052375001,12.301260749999999,835.27834875,-43.5628700735294,26.6143813235294,183.04636769117639,-4.9659991927941185,20.06949676470588,1148.8036485294115
1502,1502,Matthews,434.436,434.897,0.912,40.69854562962963,-22.55895531481481,32.50568933333333,8.076446133703703,27.56980977777778,727.7816307407409,-30.719905006105016,50.602612930402955,90.88423672161176,36.6820372905983,-10.517074511599516,1413.3081578144083
1503,1503,is,434.957,435.037,0.859,41.48864100000001,-2.335529142857143,39.005411571428574,4.685929214285715,27.578948857142855,808.6043828571428,49.9320392857143,41.30647696428572,25.79263928571427,-132.84421071428574,-19.36095178571429,997.7445714285715
1504,1504,on,435.137,435.197,0.96,46.83757525,-19.013859224999997,20.491765625,-1.0993419374999993,26.996796875,906.3549324999999,-55.14818214285715,-27.36420797619047,95.78699940476191,305.1986794642857,0.5372398809523821,1273.1125595238093
1505,1505,MSNBC,435.337,436.258,0.76,38.774388811320755,-22.512416567924532,46.354467301886785,7.8294354715094325,21.909474415094337,627.6375105660377,-10.548466525560395,18.63244031446541,36.63637791485244,11.815727548097085,-2.0666539630704728,-107.73532522980165
1506,1506,and,436.879,436.999,0.763,35.585187108108116,-26.186282994594595,28.295130189189187,8.176463161621621,8.719057162162162,616.4143637837839,27.463699774774778,-13.512423403271693,-9.669470365101946,-19.346357163110486,47.67148604788999,-468.1639802038881
1507,1507,has,437.019,437.079,0.278,43.95037,-1.9246448500000002,49.822511750000004,13.79577825,19.581819,450.512705,-176.37198000000004,-103.58145600000005,477.5833350000002,129.02403500000005,-392.8200600000001,4521.570400000001
1508,1508,written,437.119,437.339,0.767,43.04745015384616,-16.44099906923077,26.808652846153848,15.83154615,16.29801323076923,706.0363184615385,2.9236513736263805,-51.99775788461537,-88.19055769230769,-71.78524388736264,64.67703104395602,-2095.429181318682
1509,1509,actually,437.379,437.62,0.378,37.49036414285715,-25.233139157142855,37.40795871428572,10.683693145000001,16.01303792857143,624.9184928571428,19.806000879120877,220.5853921098901,1.4066180219780213,63.16382783846154,-5.243597472527468,2597.5576351648347
1510,1510,a,437.64,437.66,0.012,43.997401499999995,22.1000845,30.816696999999998,14.121704,0.0,814.02965,-140.64785000000015,73.77014999999996,-116.64270000000002,-24.30029999999998,0.0,-7031.035
1511,1511,book,437.68,437.86,0.982,42.5620067,-11.71545837,12.884598969999999,-16.16993464,10.293642799999999,935.956264,-94.18894999999998,111.76688081818183,-8.327382999999998,43.83278193939394,-217.7038284848484,510.228018181818
1512,1512,called,437.9,438.1,0.841,45.83398491666666,-12.588620283333334,14.29073505,-26.36141975,18.767579333333334,708.6977466666667,-12.818666258741251,8.079717657342654,139.6644658041958,37.148930244755235,-86.97731328671327,-252.72047202797197
1513,1513,Hardball,438.14,438.681,0.918,46.80296289655172,-14.454558751724134,6.6360552910344826,-12.89545543448276,29.042572758620693,788.7720062068964,-2.327534704433498,15.69658734482758,-24.4109491866995,-29.151399162561578,-9.723029014778325,-9.324135714285788
1514,1514,and,438.761,438.861,0.762,48.563503,-18.231045816333335,5.738940411111113,-3.9137811333333326,23.12770877777778,527.9071422222222,36.70068749999999,238.44207976000007,71.88176591666665,73.809797,173.11705666666666,2579.7285833333344
1515,1515,was,438.901,439.041,0.764,48.25677177777778,-2.6144186222222223,25.14095368888889,-12.96414122222222,28.87855177777778,776.5738100000001,-92.24409000000004,10.432003916666664,264.2912876666667,67.35142333333334,1.9556050000000011,1617.8047166666672
1516,1516,a,439.081,439.121,0.836,37.89456375,-11.936874999999999,44.02589425,-5.38516665,7.186592,900.767315,-412.8360750000002,-235.0016000000001,733.5910750000002,-195.5689150000001,-431.19552000000016,7010.4689000000035
1517,1517,speechwriter,439.181,439.802,0.736,38.48034685294118,-24.550466864705886,25.197822677647057,-2.158585731176471,23.159259352941177,832.8001941176472,57.49771322383497,11.682504881588995,-137.0876295477463,-13.782001884339186,18.06192316271963,26.72199893048127
1518,1518,I,439.842,439.882,0.925,49.3142985,-11.9378165,0.5160174749999995,-4.803086624999999,25.14730225,1011.620725,15.922739999999969,516.3495800000001,332.6249955000001,239.88139750000008,-20.968875000000004,-4829.3685000000005
1519,1519,believe,439.942,440.182,0.874,42.74938746666667,-6.232121186666668,37.119081800000004,4.979917413333334,21.19916833333333,777.2751133333335,-37.96759803571428,-147.65196607142857,127.2093414285714,146.01643096428575,-83.08341803571429,-110.26083749999988
1520,1520,for,440.222,440.342,0.693,39.587164,-21.20126325,30.8945515,22.852776249999998,10.2914315,892.9508475,53.657065476190446,152.41875119047614,16.494327380952406,49.6801892857143,-51.31068333333333,-3714.853678571428
1521,1521,Tip,440.382,440.562,0.884,40.07884727272728,-21.911051545454544,33.25533881818182,8.1106935,8.098824818181818,892.8456763636365,47.556206818181806,138.67182772727278,-140.0314495454546,48.65839772727274,-41.35542272727274,-1574.3711318181822
1522,1522,O'Neill,440.642,441.003,0.778,44.48202836363637,-7.433136201818183,35.222938,1.7466895318181814,26.65036059090909,649.14235,-19.45342320722755,29.497628966685486,90.89699949181255,58.61025845567477,-0.8364171936758912,-890.4948932806325
1523,1523,years,441.023,441.243,0.794,38.839643583333334,-12.970910446666666,47.64261158333333,21.2395141,22.867805916666665,909.0918733333333,-33.53334737762236,-35.13055570629371,71.0815519230769,-79.78727825174822,-77.75203583916083,1899.649839160839
1524,1524,ago,441.303,441.603,0.865,44.746199222222224,-18.48420513888889,17.935349216666665,-9.317616933333333,29.308458055555555,843.649215,27.46001300309598,-90.928428126935,-117.20111590815273,-189.92508299277608,10.525773839009283,905.9280407636741
1525,1525,who,441.723,441.864,0.967,41.59865099999999,-5.638353407692307,34.36100338461539,2.3142782153846158,13.05385153846154,930.2394876923076,-66.79774450549449,-65.15999664835164,192.42724175824176,54.23951815934066,-4.905212362637354,741.8469038461536
1526,1526,said,441.904,442.084,0.95,37.16768799999999,-23.879355572727274,37.57850490909091,2.682726815454545,19.574191909090906,688.3829209090909,109.83661590909095,129.75963400000003,-185.32516181818187,130.74976165909095,-9.604024545454553,-3848.051586363637
1527,1527,the,442.144,442.224,0.997,39.612173142857145,-9.107044457142857,36.83628528571428,15.614870714285715,7.973154714285714,783.0424757142857,-54.40253928571426,-307.74827178571434,236.75470714285711,-73.85170357142859,-50.68091071428571,-1480.7509999999993
1528,1528,same,442.284,442.524,0.724,39.826598666666676,-21.070341473333336,37.84289679999999,11.90859425333333,24.94785346666667,690.6317553333334,39.02352178571429,160.52584687499996,-56.30798,84.10044055357142,56.217741785714274,-117.27472142857143
1529,1529,thing,442.624,442.805,0.896,41.60540842857143,-3.5484169285714278,32.85168028571429,17.093045571428572,17.548894285714287,707.7098857142857,13.4146112087912,37.519290659340655,-6.234774945054944,5.126432747252747,102.4583646153846,833.6557560439559
1530,1530,that,442.825,442.945,0.94,40.230948857142856,-4.222780628571428,50.780857000000005,29.781730571428575,18.028787285714287,726.909342857143,-41.462766071428575,152.01840303571424,133.08420892857146,87.25750892857144,-154.02833214285718,-1465.4026607142869
1531,1531,you,442.985,443.145,0.932,39.054799700000004,-9.331942346,51.1951879,24.49233,24.0065203,617.351115,64.0050009090909,-106.14634144848482,-115.30599848484844,50.50811515151514,-203.48119787878784,707.4843060606058
1532,1532,did.,443.185,443.385,0.818,42.30975675,-18.270342383333332,39.73948616666667,20.115142416666668,26.060778,601.2485675,20.874427797202795,-50.12166513986015,8.668243006992997,58.6312568181818,41.83299685314686,-713.0546101398602
1533,1533,But,443.705,443.846,0.673,35.670128652173915,-12.747368817391303,25.383514913043477,18.270898069565217,12.384483347826087,602.1141713043478,41.35126556324109,1.8201170207509891,-49.21524107707508,-59.22523521739128,22.967419861660073,93.20011857707506
1534,1534,Chris,444.026,444.246,0.651,33.31138914999999,-18.990759097499996,32.132094269999996,10.179030748,7.9130359,973.5959230000001,-25.957455751879703,-86.16902312593986,90.127136518797,-61.27201097293235,17.523794586466163,955.7105142857147
1535,1535,"Matthews,",444.306,444.686,0.893,41.99580140909091,-23.837531759090908,34.99795636363637,10.706213059090908,26.790880045454546,695.3676959090909,-47.27184446640316,56.394709562394134,104.24536312817617,57.1653955985319,-22.921807368718238,1254.8849590626767
1536,1536,he,444.726,444.806,0.853,38.28932583333333,-4.73328425,56.95540916666667,29.386601166666665,10.237834999999999,603.8329433333333,-88.39000142857144,153.37604357142857,-180.0288414285715,42.14629285714285,-351.9214,7844.269514285716
1537,1537,came,444.826,445.047,0.712,41.57910358333333,-20.8038288,41.61515275,17.20141070833333,28.190077333333335,639.9442841666668,52.66026800699299,160.06546625874122,-79.69188548951047,53.51335043706293,54.75648391608392,-1815.1764982517477
1538,1538,and,445.087,445.167,0.634,38.303062833333335,-4.077510416666667,45.778405,19.495197766666667,18.816922,801.7443299999999,-240.04770714285718,-44.82040642857144,499.4670371428571,-319.73384142857145,-332.3335171428572,4514.3078000000005
1539,1539,spoke,445.207,445.447,0.825,41.2379685,-13.470012757142856,26.06985200714286,-3.1547341214285716,14.74056542857143,917.6410964285712,115.45168252747249,42.998203010988995,-207.07265467032963,-9.476387395604393,80.2776821978022,-2495.3493615384614
1540,1540,at,445.467,445.507,0.006,47.70741833333333,-18.919266,28.293019,23.780953,27.127214666666664,692.3461433333333,-273.1921999999998,252.40744999999987,-149.98124999999993,132.6503,-38.20794999999995,20060.439999999995
1541,1541,a,445.547,445.587,0.351,47.4011395,-3.0850730185,27.5139025,22.647038249999998,26.641986000000003,780.4828075,0.8907199999999822,306.13464207000004,172.78499000000002,79.06420500000006,20.874750000000038,-53.2681500000001
1542,1542,medical,445.627,445.948,0.876,43.92072511111112,-23.59098682777778,23.117869388888888,4.832160372222223,30.12680166666666,859.023098888889,17.686424974200197,94.50679924148608,4.850015221878224,-62.33692556759545,-5.9807894736842115,-1641.3434468524251
1543,1543,meeting,445.988,446.228,0.837,39.468684357142855,-9.816056292857143,48.78386664285714,24.880342785714284,27.500414928571427,722.0023478571429,-25.433537912087917,16.620409901098903,43.955635494505486,9.419237032967033,-1.9656357142857157,-1155.2224406593407
1544,1544,that,446.248,446.388,0.786,44.867055375,-22.8596285375,25.079107375,4.1845004625,26.771715,799.48302125,0.8809791666666555,-243.80215053571422,-156.87976249999997,-269.6808597023808,-2.1141547619047687,3497.7435297619045
1545,1545,I,446.428,446.468,0.771,45.364276000000004,-30.7833595,7.3464669,-5.651612025,26.740679999999998,786.9861725000001,63.43450000000014,239.1754700000001,55.53700300000004,96.05304650000002,0.28083000000004094,6534.084850000004
1546,1546,was,446.488,446.608,0.871,45.21909442857144,-9.908550285714284,35.637153,5.494693271428571,26.422117714285715,818.5750857142857,-62.047578571428566,106.97036607142857,318.9328946428572,4.208982857142878,4.502769642857146,-56.49935714285762
1547,1547,at,446.688,446.808,0.686,49.223510700000006,-21.82789522,9.853706339999999,-13.125262724999999,15.975336900000002,585.012828,-15.13332757575756,160.73800230303027,-67.89342612121209,-136.11388940909086,-133.55263909090908,3363.3042848484843
1548,1548,one,446.888,447.009,0.684,46.9531994,-6.426766570000001,19.928544950000003,-0.7993608999999996,20.8760379,809.160743,-96.9850224242424,29.550033,87.955658030303,300.12914212121206,-128.9509118181818,1748.8527666666666
1549,1549,time.,447.049,447.269,0.882,48.36678507692307,-33.72995407692308,19.424076384615383,-4.641050277692307,24.355868384615388,524.2986115384616,27.514402197802198,-20.009292582417583,-34.088612912087896,40.90197201648351,37.648599450549455,-974.0109093406593
1550,1550,This,447.589,447.729,0.86,34.36549573913043,-8.090483241304348,28.130633173913047,15.228378130434782,6.889775782608695,664.8662513043478,-7.292749999999997,-27.12143020750987,45.86433008893278,-38.6686723814229,8.590017144268772,162.06256126482214
1551,1551,is,447.789,447.849,0.668,38.260602,-7.374556249999999,46.81504783333333,5.755414524999999,17.0125555,1059.2237066666667,171.57574285714279,307.617431,-142.83818428571428,418.76670407142853,-15.59519857142858,-2037.7512571428574
1552,1552,back,447.889,448.03,0.908,46.853775999999996,-29.390627333333335,15.720994444444447,4.0046457,18.410725111111113,589.4726233333333,72.76122833333335,-165.4109075,-34.86196583333333,-1.5768011666666732,-71.20162500000002,-2276.4067
1553,1553,when,448.05,448.17,0.891,49.686912285714286,-18.392027000000002,8.0966851,4.764204928571429,23.026812142857143,783.2826442857142,183.1832696428571,-112.70426964285714,-45.30520357142857,-14.055622321428565,135.55548392857145,3279.6385178571422
1554,1554,I,448.19,448.23,0.518,53.57623366666667,-31.685710333333336,5.358490566666667,-2.7482369333333327,25.775639333333334,601.0039333333333,-137.5536499999998,205.50134999999992,-43.24402499999997,139.87881749999994,-2.303250000000022,268.3774999999996
1555,1555,was,448.25,448.35,0.791,42.394062,-23.126416833333334,37.72724466666667,8.060110033333332,12.861474833333332,595.1100133333333,-202.3254914285714,92.74945,367.38989714285714,136.51673342857143,-332.2170385714286,325.34480000000013
1556,1556,practicing,448.39,448.85,0.86,39.100119379999995,-17.588035603999998,33.331199840000004,11.522327803729599,15.784951440000002,744.5078080000001,-13.514562211538458,30.77978933846154,98.27696711153845,-2.6632241479738457,16.18930873076923,-3.2162488461539644
1557,1557,medicine.,448.89,449.231,0.884,41.914462699999994,-17.750317311000003,33.33944655,9.059695457,20.7044815,631.0564620000001,-21.085335864661655,4.321712686466166,68.00098244360903,0.8273012428571397,-38.82682887218045,-303.0364406015038
1558,1558,He,449.251,449.331,0.507,39.37462359999999,-6.490461020000001,51.885798,16.661050214,10.5154696,616.644918,-216.34670500000004,-186.1295885,120.92142000000004,-261.66850930000004,-395.1008750000001,11643.417900000002
1559,1559,"said,",449.351,449.491,0.924,37.205669625,-12.902648124999999,40.24517675,9.89270975,20.082745375000002,689.10543,92.0596970238095,332.9945636904761,-84.54142261904761,192.22927047619044,182.3417744047619,-4907.394547619047
1560,1560,you,449.511,449.611,0.851,42.679568499999995,-1.9314676166666664,44.26125733333333,22.4378615,27.586814333333333,657.8157866666667,151.00754714285716,6.481025571428579,-92.51896571428573,-66.11946142857144,14.474768571428559,1537.720457142857
1561,1561,"know,",449.651,449.851,0.616,50.65115958333334,-21.480553866666668,6.3410004975000005,-18.059747319166664,30.457669750000004,641.83506,-12.780826048951049,160.52117258741254,-39.54088581993006,-141.4987023653846,6.733662062937058,1848.243227272727
1562,1562,when,450.312,450.452,0.918,30.761007846666665,-6.290598498333334,18.609923033333335,3.968190161166666,7.8801963,831.1825903333333,20.259949092324813,-37.15847114961067,10.67066868743048,6.396384603058952,39.12145035595106,-246.13590355951058
1563,1563,it,450.492,450.552,0.746,41.430481,-9.572546792,32.8923464,22.7102416,0.0,471.076874,-134.602075,394.29279120000007,-36.427544999999974,99.19162500000003,0.0,6163.214900000001
1564,1564,comes,450.612,450.912,0.812,41.126408833333336,-22.08199161388889,22.127373627777775,1.1588376888888885,23.43864238888889,761.5944444444444,-27.607394375644997,105.65672368163055,111.92140021155832,-19.080881155830745,43.90922843137255,689.9859060887514
1565,1565,to,451.112,451.412,0.784,28.05328456,-17.346873212000002,40.34836056,3.6651329400000003,20.35984896,1001.2340696000001,75.16667288461538,56.73184700000001,-110.19209884615381,29.73210997692308,103.3940789230769,-488.93941
1566,1566,what,452.053,452.213,0.848,35.455706,-2.6192548925,20.0848644025,4.8701464125000005,11.13285215,878.46742125,2.549383442776733,-32.44753154924953,-14.188418265947467,2.269771826923077,-11.981207664165103,-327.46231618198874
1567,1567,they,452.253,452.413,0.938,42.613016800000004,-14.1787363,16.936770690000003,9.768763920000001,24.322745599999998,668.6481650000001,102.38271393939391,94.94284921212117,-105.90370706060602,6.315011515151519,142.79895090909085,1404.1858696969693
1568,1568,report,452.453,452.834,0.941,47.77168728571429,-4.149197257142857,3.6138700242857134,4.259772861904763,17.836501142857145,812.9387295238095,20.3815511038961,-24.596916422077925,-50.21679453246753,-50.976262272727276,34.77155454545454,-27.772679870130002
1569,1569,"on,",452.954,453.054,0.804,51.16868118181819,-7.99043780909091,10.435017672727271,-13.073874872727272,9.561902,572.1846763636363,-33.80751863636363,80.40163554545457,54.261339727272734,188.21650045454552,-143.6742936363637,-3190.01720909091
1570,1570,he,453.194,453.294,0.69,36.47859308333333,-1.5243247066666672,38.43623633333333,16.77654355,3.6672093333333335,805.0519408333334,9.963077797202788,-80.94814395104895,193.5206538461538,-35.43115555944054,-76.90640874125874,-209.1050681818178
1571,1571,"said,",453.314,453.434,0.846,41.34807285714286,-19.22187242857143,37.237933285714284,12.063255114285713,23.092841999999997,877.12033,128.05981071428573,101.04428392857142,-150.8917964285715,48.43009571428572,127.10429642857144,1517.7700357142853
1572,1572,if,453.454,453.514,0.595,40.883875249999996,-8.860493825,30.74018825,18.564361750000003,0.0,853.1074425,-209.02917500000007,-42.01228650000003,85.62692499999999,81.76192500000006,0.0,5584.942350000002
1573,1573,people,453.554,453.755,0.875,38.33777691666666,-16.571120966666665,34.4215113375,7.0292798916666674,17.281073000000003,728.4502766666668,57.17381206293705,48.92649342657341,-185.05557682692304,-201.37584005244753,63.9512734265734,471.34969230769195
1574,1574,are,453.795,453.875,0.814,46.50156116666667,-8.742943216666665,11.261610750000001,9.048933833333335,31.219117,807.3631,-46.83509857142857,178.1248561428571,482.11072357142865,398.85398714285725,-13.572885714285698,-3164.680371428571
1575,1575,getting,453.895,454.075,0.872,42.9763886,-26.9738627,17.700751099999998,-5.6749195630000004,18.6122817,585.432355,42.18642787878788,109.39153606060603,-149.39333242424237,-117.35465622727267,60.19236757575757,2107.1632878787877
1576,1576,along,454.115,454.415,0.816,50.00396270588235,-8.52185731764706,7.825844382352941,-28.795865441176467,29.67869017647059,755.1017070588235,8.274544485294111,-58.56742909313725,-16.077958063725486,112.02677775735293,-0.154522058823527,538.5939926470588
1577,1577,over,454.495,454.635,0.861,51.37364045454546,-6.235291795454546,8.675608991818182,-3.7034838999999993,25.758084272727274,818.7518927272727,-55.4894031818182,-38.23562856818183,113.08059170000001,339.9316823181819,-69.3372381818182,-1246.8725590909094
1578,1578,here,454.695,454.856,0.72,45.823161727272726,-19.64421172727273,34.04086499090909,21.805356090909093,26.100863181818184,1008.9024181818182,77.97148863636366,-30.16665181818183,-358.1253487272728,-105.80411500000001,61.25809454545456,403.72640909090927
1579,1579,and,454.916,454.996,0.864,48.070654,-5.371330821428571,22.097894385714287,17.08811557142857,27.853464428571424,802.3207685714285,-161.4620464285714,318.2455483035714,379.77719803571426,52.148366071428555,-5.868274999999995,-3367.63175
1580,1580,getting,455.016,455.196,0.817,42.3495502,-23.6168796,22.560163500000005,4.7046117800000005,14.6556716,844.62206,21.169309696969705,93.19868727272726,-122.10572151515147,-167.0638419393939,41.335449090909094,885.1899878787879
1581,1581,along,455.236,455.516,0.814,48.8321335,-2.7055683575,9.50229525,-26.374296031249997,28.357409687500002,876.3417106250001,-3.3320517647058923,-52.63319633529411,18.279607676470587,122.63325253676469,0.995951544117647,280.8504374999998
1582,1582,over,455.596,455.736,0.777,48.09767981818182,-6.990790336363637,10.981346436363637,-4.685486318181821,27.242977999999997,858.673359090909,-36.74417727272727,-13.81821618181819,161.63488577272736,221.42995509090915,-8.508632272727269,897.1170136363638
1583,1583,there,455.756,455.936,0.724,46.216916000000005,-34.0062681,26.03570724,15.653860650000002,27.6636528,727.1284479999999,51.74193878787877,-46.01843969696967,-196.60768557575756,-55.31176045454543,4.84983212121212,-1390.1681999999998
1584,1584,and,455.977,456.037,0.937,46.739075,-12.955985479999999,25.676851399999997,24.9943268,21.437699400000003,619.213806,-200.54202000000004,448.75922900000006,395.8880500000001,173.09187500000004,-278.28028500000005,2447.4793999999997
1585,1585,getting,456.077,456.237,0.765,40.3929949,-25.18406756,25.4518227,5.79269403,17.713296200000002,937.015314,46.364640303030285,116.13297684848484,-206.31898515151516,-200.35448190909088,-3.325792121212123,593.3531696969693
1586,1586,along,456.257,456.517,0.766,49.78563578571429,-6.6993491628571435,8.074076571428572,-21.753785500307146,28.50643414285714,785.7652542857143,3.864526263736258,-55.78830888351648,6.871706307692304,93.01570988491208,-2.5742384615384544,-60.969573626373645
1587,1587,over,456.577,456.697,0.94,51.344823222222225,-13.769143333333334,10.862203970777777,7.494999555555555,27.095392222222223,758.2324277777778,32.49749166666669,-76.14790916666666,196.9865925216667,298.7986633333333,-8.965461666666682,-3126.585875
1588,1588,"here,",456.737,456.857,0.764,44.268626625,-18.321672125,34.144350175,27.618729249999998,27.848594125,690.28936375,81.50021488095236,-59.454763690476184,-466.0115286904761,-186.68527380952375,-2.539430357142864,4619.894613095238
1589,1589,but,456.897,456.997,0.688,47.01352157142857,-6.62164372142857,16.936741,17.34513014285714,11.207011285714286,838.42028,-85.14695892857141,-66.2291294642857,100.32190535714285,-57.462787499999976,-224.77817499999998,-2010.8071428571434
1590,1590,there's,457.017,457.198,0.92,44.3848935,-17.286671570000003,33.33182000000001,13.003563170000001,18.2953871,766.050206,-7.9724984848484945,64.92772554545455,148.62252484848483,-68.01773942424241,-5.071397878787902,-2655.810169696969
1591,1591,a,457.218,457.258,0.496,43.45260433333334,5.528433533333334,24.131675,14.608350666666666,15.578708666666666,931.31615,4.5563250000000695,-150.61275999999995,287.0515499999998,573.2365999999997,-579.9258749999997,1699.3812499999983
1592,1592,big,457.298,457.458,0.887,40.235918500000004,-12.154423872999999,34.5402985,22.3726178,22.6092681,712.386474,-14.910139090909098,-59.34942072424241,81.09694696969693,55.43853878787876,-79.16315303030302,-1337.8967393939395
1593,1593,fight,457.558,457.798,0.799,35.356293941176475,-39.51153929411765,28.002676723529408,8.095389435294118,19.306511,786.5115958823529,44.06518210784312,81.72076299019606,34.32900838235294,16.807576691176468,6.994996323529401,881.5085049019606
1594,1594,going,457.858,458.078,0.755,47.383047,-9.468393978571429,5.977680738571428,-6.271345414285714,25.332772357142858,834.7227407142857,31.18875999999999,-2.802171725274727,-99.36668227912085,-119.20823668131867,75.85556714285714,-1584.947159340659
1595,1595,on,458.158,458.259,0.783,51.35210822222221,-13.616924555555554,-1.5664568666666667,-6.335252993333332,28.837293444444445,684.3383133333333,-39.56350416666665,-80.00379583333333,116.96392741666668,326.84004005,-9.48741416666667,413.5584333333338
1596,1596,in,458.279,458.339,0.74,48.75108475,-6.025893239,21.5693485,24.6292905,28.204757,394.40605000000005,-64.96969500000004,338.41270522000025,297.49443000000014,102.16802000000003,18.157540000000026,7773.290600000003
1597,1597,this,458.379,458.539,0.712,36.753749799999994,-26.13027371,37.236432,14.47101563,15.9124545,920.1380859999999,-162.0560848484848,-161.63186003030302,242.96604303030298,-107.13892893939394,-237.98877424242417,689.9940545454541
1598,1598,"room,",458.619,458.839,0.752,50.01267553333333,-7.436529086666665,7.576542482666667,6.141908116,25.00650226666667,828.136946,8.741823571428565,134.12878153571427,42.235181825,0.15579915000000966,25.21364142857142,321.61852678571427
1599,1599,that's,459.139,459.319,0.955,33.87451179166667,-17.007536625,24.405975333333334,10.390613404166666,12.613858749999999,733.69234125,6.091959326086954,-118.7474202086956,-43.01708073913043,-88.71944173260867,-0.7219367391304353,-1077.8693849999997
1600,1600,what,459.36,459.46,0.875,40.66537571428571,-19.367101014285712,12.149881671428572,-9.789118071428572,14.854570857142855,902.2152314285714,75.37539285714286,381.1675255357143,46.991911785714265,0.05859124999999751,-372.8195285714286,352.6950535714286
1601,1601,people,459.5,459.74,0.805,39.47784885714287,-3.3452333103571443,37.844804242857144,4.446111014285714,27.84413685714286,634.3204142857143,62.64476307692306,130.5036847554945,-70.11554090109888,-221.05931406593402,25.121787472527465,729.559657142857
1602,1602,want,459.78,459.9,0.803,46.67791075,-11.517765774999999,13.341296712499998,-14.279081462499999,30.6572985,635.3693599999999,4.827466666666697,-292.3721091666667,-66.7597957738095,182.51362232142856,-11.899155952380942,-4280.967511904762
1603,1603,to,459.94,460.0,0.822,40.3072976,-32.1949902,38.416546600000004,13.2775422,11.4229464,754.955376,-328.1742050000001,-216.33402500000003,403.06141000000014,-35.22638499999999,-429.8663850000001,2526.3959000000004
1604,1604,see.,460.06,460.28,0.787,32.17868657142857,-27.21241949642857,53.43015564285715,14.345525595714284,8.608242857142857,637.163392857143,55.72051230769229,191.6859172362637,84.20728010989008,107.03856183076923,-54.2984646153846,-495.8619670329669
1605,1605,And,460.601,460.701,0.682,29.36263961904762,-6.876002575380953,26.543214619047614,16.684814138095238,7.509774857142857,688.3741314285713,48.751188246753244,-17.127649877142854,-15.808226558441554,19.906988779220782,76.92841824675324,-882.9108038961039
1606,1606,that's,460.721,460.901,0.779,38.4420291,-31.719569429999996,28.1264499,5.2124117960000005,17.064252,717.8036330000001,-92.1087348484848,-92.68471372727268,105.10395060606061,-192.45626592727265,-201.68779030303025,530.6282575757574
1607,1607,what,460.941,461.101,0.81,42.277532599999994,-21.808575689999998,20.526723099999998,11.11344706,23.122559900000002,777.1405400000001,47.31258303030302,171.06056196969692,0.5411906060606013,99.2439758181818,-5.737798484848482,1891.1999393939386
1608,1608,gets,461.141,461.341,0.809,37.241332166666666,-25.063947749999997,37.89434083333333,12.229581975,9.12103525,828.2453608333334,-23.450634265734255,17.851784790209777,3.950936363636365,-49.8543331993007,-76.78131066433565,-1221.4057430069927
1609,1609,the,461.381,461.481,0.836,40.17533785714286,-10.230871137142856,30.99973442857143,22.997223,14.681422428571427,718.8613514285714,22.32806964285719,171.62844985714287,-15.348508928571423,54.303632142857154,-95.36607142857139,-1533.3703928571429
1610,1610,coverage.,461.521,461.942,0.865,42.402381260869554,-22.0867061,20.064916786956523,19.01450116086956,12.788607956521737,752.5271182608695,-35.90361536561263,30.709894891304327,104.9184264772727,76.51904605731222,-35.08919486166007,1673.0689807312244
1611,1611,"So,",462.002,462.142,0.99,32.351738,-30.3558566,41.644728400000005,6.38289073,17.4529112,878.172706,271.9345199999999,47.86277575757574,-387.4830733333332,14.016960757575752,211.44642969696963,-823.6332606060606
1612,1612,you,462.162,462.222,0.067,38.537203749999996,-12.612116550000001,42.777687,33.334199,28.08554525,968.53084,61.29278499999997,294.5451670000001,127.05642000000005,-60.81314999999999,-29.752105000000004,-1122.6382000000012
1613,1613,"know,",462.722,462.903,0.583,34.34058876470588,-29.681565394117648,31.12530864705882,15.873014012647058,9.399439117647058,728.4551797058823,19.930757035905263,9.667317772345298,7.903001573720393,-44.42763416906033,20.071145515660806,257.4129352941176
1614,1614,there's,462.963,463.163,0.746,38.54370669230769,-24.886032,34.238543692307694,14.815140169230771,16.314502846153843,1012.2114961538463,10.778299175824174,-78.80575137362636,60.02890137362637,-50.124085989010986,-0.7254288461538413,968.4417170329674
1615,1615,some,463.203,463.323,0.84,36.800718125,-20.3360461625,39.692822875000005,8.8552705,11.706058125,1000.7987999999998,106.64790059523807,132.60819291666667,-174.43973869047613,208.2045511904762,-169.70355535714285,-1481.19238095238
1616,1616,things,463.343,463.523,0.915,42.2726172,-22.460855300000002,36.69892,12.11261487,27.326489400000003,808.303533,-11.270598787878798,241.81411424242418,12.85265151515151,38.291928030303026,-162.8000127272727,223.21739090909122
1617,1617,that,463.543,463.643,0.14,36.020559,-12.362213166666665,45.61905633333333,23.794584,17.208839666666666,840.3332316666666,87.4328057142857,97.57022428571427,-3.0173857142857208,225.05863428571433,-446.1905857142858,-6180.246671428572
1618,1618,get,463.683,463.783,0.908,42.08491142857143,-28.627072000000002,27.790042571428568,10.665716714285717,28.013882285714285,1139.5303714285715,120.7061767857143,84.10525357142856,-253.48405714285718,-247.74301428571422,173.2289732142857,-2466.085714285715
1619,1619,along,463.823,464.044,0.781,47.70242776923077,-15.013945538461538,9.932456746153845,-23.902693276923074,32.47022969230769,719.6254969230769,8.98679587912087,-10.257910054945057,-0.6309853021978001,181.28757324175825,8.079285989010978,-1104.5422307692309
1620,1620,in,464.064,464.124,0.744,49.51807425,-30.004337749999998,19.058508500000002,8.32264316,29.724529500000003,699.631245,-124.11491500000011,-49.452724999999965,-176.80590000000007,237.09745840000008,-81.36662000000007,12509.537300000005
1621,1621,a,464.164,464.204,0.495,45.31719125000001,-6.523592450000001,17.4799045,12.200115799999999,18.6137795,696.438015,-125.24873500000008,535.4628050000002,18.36882,253.29840200000012,-386.7727800000002,277.4690000000005
1622,1622,bipartisan,464.244,464.964,0.875,42.18981860526316,-27.928609739473682,19.576093886842102,3.919664315789474,18.012790052631576,807.1520044736842,-10.447651258343361,14.01744141864536,51.603771886967934,19.795351150016415,-7.526741590983695,578.7591071780282
1623,1623,way.,465.004,465.185,0.912,48.429156545454546,-22.239224309090908,17.0008587,8.513742563636363,27.67998727272727,532.83622,-37.14873136363638,-175.83875609090913,63.2775961818182,167.23571513636367,-7.1599586363636405,-2493.1816681818186
1624,1624,I'm,465.245,465.545,0.604,47.957875055555554,-12.865983972222224,15.247562127777778,11.300387725,11.758386333333334,773.559465,-14.818925128998972,32.29777476264189,33.465773421052624,19.281732009803925,4.38219339525284,547.7445794633643
1625,1625,chairman,465.565,465.945,0.755,41.078349534999994,-30.554718220000005,29.701937594999997,19.197401884999998,24.887734549999998,854.4180559999999,92.0983237406015,104.57456147368421,-112.95002777067671,-30.20201764285715,49.57619890977444,366.85269699248124
1626,1626,of,465.985,466.025,0.99,43.764058000000006,-15.918087,25.98664475,21.99793875,25.519597249999997,985.3050999999999,20.587260000000043,257.03057000000007,81.07391500000003,179.62163500000008,-17.239735000000003,5003.170000000003
1627,1627,the,466.045,466.105,0.007,42.58712275,-9.6375095,31.615522999999996,26.678607250000002,26.048006,796.547765,55.95047500000001,15.966840000000005,-107.92317999999996,-127.35921500000005,-9.339649999999992,-12392.439300000004
1628,1628,Environment,466.166,466.626,0.856,46.506321269230774,-21.10011442692308,16.720241705384616,13.35007413692308,25.99721826923077,843.7325311538463,19.545568974358964,-40.23089832649571,-36.16261058358973,8.310850385641022,-2.672042547008543,499.5913659829059
1629,1629,and,466.666,466.746,0.338,41.01323883333333,7.061704933333334,33.786234333333326,25.926207833333333,12.768352333333334,900.3880366666667,-103.96902142857142,28.400902857142835,-14.202837142857138,-34.17420999999999,-327.55948857142863,331.17111428571377
1630,1630,Public,466.786,467.066,0.785,47.954406937499996,-5.89740925,17.279571809375,-1.6769835999999998,13.877921375,779.46182375,-26.030687132352924,131.15662652941174,18.75846554779411,40.313669161764686,-40.93201455882352,429.04613676470547
1631,1631,Works,467.106,467.347,0.828,40.57094714285714,-15.279220914285714,23.131013792857143,5.069379907142857,13.361316142857143,890.2109607142858,-178.75490483516484,-253.20480767032961,271.3387327362637,159.28052812087913,-101.75240835164833,522.5984780219778
1632,1632,Committee.,467.387,467.687,0.971,38.73709523529411,-13.624121105882354,41.249213,25.105755029411764,22.213540705882355,789.5602047058825,24.714884191176477,77.15704352941177,87.71095514705881,70.17995723039216,66.77309264705882,-1610.1911875
1633,1633,We,467.727,467.867,0.889,38.56180011111111,3.5151057000000003,32.131386444444445,23.703677288888887,19.691689888888888,653.5105411111111,-65.39607166666671,-131.33489508333335,53.814880833333326,94.00166933333335,-107.01342166666669,-1237.9430500000003
1634,1634,passed,467.907,468.167,0.885,38.47943739999999,-27.8333416,33.48328886666666,11.085582618666669,14.86319426666667,728.8915213333333,-64.03137017857142,56.86024857142857,41.52408339285713,-112.39088194285713,-101.22366732142855,202.1411696428571
1635,1635,the,468.187,468.247,0.264,40.687674,-4.232699249999999,34.90511875,24.19682025,18.117489,1068.3515750000001,41.94670000000008,618.4657150000002,-144.38579500000003,184.2638950000001,354.3419100000002,3624.6744999999996
1636,1636,bill,468.287,468.468,0.831,43.77155736363637,-4.924871436363637,21.75862281818182,-2.132791768181819,26.200714636363635,987.2515854545454,44.679217727272714,33.52882127272729,-68.12260090909093,-253.66867706818186,1.8232777272727356,-732.934945454546
1637,1637,the,468.508,468.588,0.974,42.89765233333333,-16.395961816666667,54.296660666666675,26.65796233333333,25.582490499999995,604.4151499999999,20.105040000000034,-198.99320214285711,161.4365314285714,57.65487999999998,-14.154589999999985,-2926.1810857142846
1638,1638,other,468.628,468.808,0.763,46.68317163636364,-15.454977672727273,25.89698136363636,24.614592745454544,25.188136818181817,677.5421818181818,-52.34165227272729,114.20710895454548,81.85021045454546,201.79777227272737,-0.9168081818181858,1524.4118500000004
1639,1639,day,468.828,468.968,0.756,43.06969275,-20.90244825,40.211673000000005,22.354967125,18.974664375,506.524845,-21.98471666666667,7.369907142857139,118.78351666666666,-14.492464880952378,-183.5808851190476,-456.2604761904757
1640,1640,18,468.828,468.968,0.756,43.06969275,-20.90244825,40.211673000000005,22.354967125,18.974664375,506.524845,0.0,0.0,0.0,0.0,0.0,0.0
1641,1641,to,469.589,469.629,0.962,36.046059303030304,-1.5670897045454546,48.126222363636366,18.745478372727277,14.38565918181818,689.9681818181818,14.872985444518715,22.978630129512037,-15.932404177807484,5.929647245989305,12.39744426804813,-39.54120889037427
1642,1642,three,469.709,469.989,0.63,36.7072833888889,-8.596185799999999,35.92613433333334,23.908152905555554,17.032942333333335,818.1210355555555,32.80340036119712,113.68065414860682,34.262444375645,42.363176197110434,95.6685758513932,-1957.315424148607
1643,1643,out,470.229,470.329,0.896,38.964810588235295,-17.960551092941174,22.15048640176471,14.336079129411766,11.904730470588234,565.828144117647,57.13033590686274,-120.92681713725491,-133.15661724387257,-97.81984345588234,83.93502487745097,-357.7685686274508
1644,1644,of,470.369,470.409,0.75,38.80333575,-4.140945195,25.6272295,12.5517445,18.8059215,569.29085,-60.13948499999999,163.07799530000003,-125.20687000000005,-50.882780000000025,-374.31969000000015,7278.669000000002
1645,1645,committee.,470.449,470.75,0.915,41.91486782352941,-12.753702670588236,37.82857047058823,26.146484264705883,20.518652647058822,703.6773088235295,-7.175302328431369,26.825202610294113,159.64877867647058,26.404664767156863,64.92196078431373,-2195.7065318627447
1646,1646,There,471.15,471.31,0.827,36.95708689285714,-27.580316346785715,25.644341760714287,17.802237464285717,12.358037035714288,738.4349139285714,42.09588061029009,5.56616444759168,-43.006700321565404,-30.61585855227148,40.82907119594964,-353.3806692665571
1647,1647,was,471.33,471.45,0.52,35.81707914285714,-17.066709164285715,34.26216634285714,3.9730035428571435,11.163801428571428,878.5383571428572,-253.55286964285713,-446.4891983928572,443.0604192857143,68.54845250000001,-280.23073392857145,2175.626410714286
1648,1648,hardly,471.49,471.77,0.808,45.517347375,-19.2837562868125,18.41309056,3.46459796578125,27.8509551875,758.1003775,-21.664917352941174,72.23308424669115,233.93538537647055,98.11522131746321,-0.14819477941176284,-2273.028626470588
1649,1649,a,471.831,471.851,0.988,40.28991520000001,-6.250957692000001,33.568197,22.024255200000002,0.0,519.5084420000001,-174.195585,274.76766390000006,-62.95335499999998,96.16715500000005,0.0,5089.058450000002
1650,1650,peep,471.911,472.131,0.978,37.00212407142857,-18.408505842857146,49.88991014285714,19.150745285714287,7.840275571428571,827.0857535714287,-17.283099670329673,80.58538054945053,-45.4888578021978,31.09679516483516,-84.4599936263736,-1344.0460626373622
1651,1651,in,472.611,472.691,0.88,31.276441142857145,-14.718736038928572,30.188382785714282,21.062954625,7.772740964285715,773.3717364285714,25.607196360153253,68.55047535618499,30.550062342638203,-11.316393739737277,59.58554068144499,-489.5444885057471
1652,1652,the,472.711,472.791,0.894,41.3823464,-6.986316808000001,26.624298800000002,17.4283932,0.0,740.1940400000001,-126.13035500000001,49.55933220000002,-1.2793050000000203,9.736340000000013,0.0,8837.055000000002
1653,1653,press,472.831,473.132,0.784,37.34267264705882,-34.37867282352941,21.163819894117648,-2.3694085276470593,12.408926176470588,765.7266305882354,-87.06331139705881,14.911210784313726,200.49536219362741,-43.0712787389706,-116.01248823529411,903.7325465686273
1654,1654,about,473.392,473.652,0.904,40.17007411538461,-18.76373451153846,18.692707849115386,-0.4773846346153847,12.352317846153845,682.3639026923076,52.74561164102563,10.861209953846153,-89.87312168808545,0.555170825641026,25.583052991452984,-644.5343362393161
1655,1655,"this,",473.712,473.892,0.904,35.52828675000001,-23.688929416666667,41.224968,11.582591675000002,11.477135249999998,894.4962058333332,-100.2561270979021,-94.72674108391605,243.2094534965035,-73.42736309440558,-72.2095145104895,1780.5339458041954
1656,1656,which,474.253,474.453,0.971,29.385058607142856,-10.846961557142858,21.939711035714286,12.039711819642859,5.428144392857143,897.8372664285714,50.649221633825945,-11.575471896551722,-30.291038705528184,-15.200714358921728,18.588797140120416,-648.4364674329503
1657,1657,We,475.066,475.206,0.992,30.325848675675676,-13.66562097297297,28.417652935135138,15.0638196572973,7.081953243243245,789.9595567567568,45.77817140825036,91.22375243480323,-23.03716274537696,-63.34148591536274,9.103536403508775,-226.59275094831668
1658,1658,consider,475.246,475.627,0.928,39.95712742857143,-21.026682384285717,30.624496004761898,21.593081157142855,21.725522095238098,860.2151190476192,29.96780863636363,-24.86701884090909,-81.79041297402597,12.168065727272726,49.242026558441545,1413.2611435064937
1659,1659,a,475.667,475.707,0.426,48.587001750000006,-2.5032834250000002,12.024090375,20.987250500000002,12.9871445,894.12035,-136.23595500000002,485.6294985000002,125.49046750000002,176.29986000000005,-526.2177500000003,-5426.358000000002
1660,1660,pretty,475.727,475.927,0.85,42.298525545454545,-20.312846909090908,27.218409399999995,23.68274990909091,20.792672181818183,828.2789518181818,20.35762090909091,71.58061000000002,218.3445373636364,57.298814545454555,144.70425045454547,-454.86295000000007
1661,1661,major,475.967,476.287,0.857,40.644740222222225,-14.514076455555555,43.32643900000001,28.4262,24.58308988888889,892.170613888889,-2.201070794633638,-17.79208076367389,-5.902425593395256,31.234670278637772,-32.60485356037152,1169.9209726522188
1662,1662,piece,476.327,476.547,0.872,31.887043538461537,-18.374228446153843,52.9331026923077,23.059281461538465,13.301517076923078,691.5608553846153,-45.64857884615384,-53.37111796703296,191.1765793956044,-106.2866673076923,-25.790645054945042,1859.4203186813183
1663,1663,of,476.607,476.667,0.722,40.463169,-17.802165783333333,28.286029333333335,-5.190435133333334,22.033465500000002,839.771055,295.75697428571425,347.12860642857146,-358.8788285714285,-286.084658,171.0500585714286,-2268.4385857142847
1664,1664,legislation,476.707,477.388,0.86,36.92760769444445,-21.904485350833337,42.34600580555555,11.852921823333332,17.843892194444447,750.0574372222222,-9.325936969111966,8.487130190797938,20.446441190476182,44.80371634105533,-12.49274914414414,-425.3120199485199
1665,1665,about,477.808,478.008,0.901,38.230342387096776,-18.05761324193549,19.56491651290322,14.963032853548388,13.205848258064519,741.3720777419356,29.348286874999996,-18.944344810483877,-41.315236864919356,-53.622471466532254,7.3585836491935455,-424.17058366935487
1666,1666,nuclear,478.048,478.409,0.792,43.5016975,0.22004757149999993,25.107450975000003,18.629810315,17.148960799999998,803.6341385000001,13.434978270676691,-37.153946823684215,-51.36498832706767,-39.28263456766918,-32.07159751879699,-545.4050492481206
1667,1667,power,478.429,478.809,0.858,51.481715050000005,-23.56948355,-0.5000634019999997,-2.8610373050000004,25.396802049999998,744.6463785000001,30.929121390977432,66.61936812030075,-78.43966133233083,-87.8422305601504,18.16658733082707,865.7834447368423
1668,1668,and,478.849,478.929,0.828,49.5455365,-11.867322166666668,13.893579475000001,20.196263716666667,24.421600333333334,849.331595,-110.93037000000002,179.5544928571429,455.9620077857144,142.19341214285717,-20.13006,-2447.7706999999996
1669,1669,the,478.949,479.009,0.501,40.70487975,-6.172492650000001,35.738031,27.7554285,11.968667,805.1888124999999,-189.2491650000001,-287.8775310000001,-8.48381999999995,85.33554000000008,-478.7956400000002,3788.5797500000003
1670,1670,future,479.069,479.429,0.784,31.767480980952378,-21.70345420952381,46.94712357142857,33.69376466666667,17.107799333333336,976.8934585714285,32.402538168831164,31.212675058441558,-82.44708077922077,7.0674760389610345,59.07459188311688,-171.1462714285714
1671,1671,generations,479.509,480.17,0.752,40.722936081081095,-16.994152994594593,34.19853751891892,24.19823751891892,24.97697156756757,820.1474910810812,-10.924257266477003,-0.43133439307728133,29.81037478425795,-14.007856348980557,13.207691927453777,272.045649715505
1672,1672,of,480.29,480.37,0.77,48.566010500000004,-13.29176458,16.15880674,3.0671942206000002,11.2460363,692.9230369999999,80.71268575757574,25.394876242424232,-75.82510945454541,31.563529395757566,100.08574939393937,991.33993030303
1673,1673,energy,480.51,480.83,0.764,40.186583999999996,-12.448464124782605,36.221114695652176,27.356201608695653,18.56332152173913,733.8210330434783,-21.57756753952569,56.870163422430814,91.50830943675885,38.57350958498022,46.008378260869534,17.524266798419006
1674,1674,in,480.87,480.95,0.531,45.890857833333335,-0.6452632666666666,36.29862566666666,24.899582499999998,26.816191166666666,380.86950499999995,16.117841428571435,187.78318571428576,-161.11843428571427,-7.407201428571441,-4.173858571428569,2425.265728571429
1675,1675,the,480.97,481.031,0.981,44.565948000000006,-8.132824984800001,35.439145399999994,22.9261362,21.462505999999998,424.5508900000001,-102.23144500000006,182.08891038000004,46.024365,37.650504999999995,-269.188405,-6379.379250000001
1676,1676,country.,481.071,481.411,0.861,42.25907968421053,-27.006481399999995,34.01719810526316,26.369474652631578,18.63272342105263,794.1902610526316,-32.68167657894737,82.58466178070178,93.5836613157895,54.373726201754394,33.566014210526326,1094.3380026315792
1677,1677,But,482.071,482.231,0.686,35.23214529268293,-13.354835558536587,27.18661744146342,19.198553347560974,8.082220170731707,696.2326814634147,22.520083815331017,37.473757527874575,-9.707464013937285,-17.611685014372828,13.147754303135892,59.5649419860628
1678,1678,what,482.311,482.432,0.909,43.2248043,-9.56406454,22.11021945,14.320746009999999,16.118623,791.995323,0.8500512121212219,-95.71878527272726,62.51214499999999,54.00829336363636,14.244643636363623,2948.007366666666
1679,1679,you,482.472,482.592,0.919,36.17691325,1.60891545,52.358646625000006,33.038989625,23.143107625,640.20217125,36.770413095238084,104.12053214285714,-23.818749404761892,32.64431130952381,108.75270892857144,-1004.829303571428
1680,1680,do,482.612,482.772,0.758,42.07472411111111,-12.600614811111111,40.741287666666665,31.02855588888888,28.20974066666667,793.48396,40.854315000000014,-172.51610558333337,-75.95854500000004,20.797044166666666,-102.1747341666667,-1270.5613750000002
1681,1681,hear,482.852,483.092,0.661,35.961955625,-23.51074235,34.23964968125,27.942273062499996,18.7136681875,875.4236325,128.59697749999998,93.13908314705881,-231.64786458088227,-103.48837286764704,107.57424301470586,-248.020019117647
1682,1682,about,483.152,483.412,0.954,48.87485925,-22.843761098125,2.0332177968750003,5.847658893749999,24.457293874999998,607.944145,-6.838866029411769,-94.96409172132351,-29.4356039742647,-58.45207896323528,40.9939807352941,-1644.3114735294118
1683,1683,are,483.472,483.572,0.365,45.793471625,-17.4895690875,26.961709749999997,25.1721935,26.5586555,927.36306,-87.86242083333332,224.69293839285714,82.64199285714284,90.43603928571427,-3.50908571428571,744.4903333333341
1684,1684,the,483.592,483.652,0.827,38.1524405,-13.3208145,36.56252375,20.108326499999997,19.8655265,977.7916675000001,-224.67715000000013,-31.156389999999988,107.7201650000001,-179.04993000000002,-398.0510800000002,1810.0659500000024
1685,1685,things,483.692,483.873,0.876,41.53849409090909,-15.024235581818186,38.60383963636363,14.688805927272728,20.102082545454543,707.2390554545455,60.31257681818184,192.36686536363644,27.495922272727274,97.99527536363641,146.82373409090917,633.5387499999999
1686,1686,where,483.913,484.033,0.901,46.24253025,-5.19751135875,16.772861125,12.5400499625,28.063907375,877.2717225,116.75782619047614,159.59054927976186,-294.6273345238095,-237.91085863095236,-0.020757738095232466,-566.4210714285707
1687,1687,we,484.053,484.133,0.702,47.8763184,-20.673270000000002,26.114695,34.5041014,22.792315600000002,999.780956,-54.919780000000046,-221.16281500000002,337.66580500000003,257.177495,-137.58693000000002,-2067.7643500000017
1688,1688,don't,484.153,484.313,0.747,47.51723644444444,-11.730871800000001,13.234873733333334,-0.1308926666666666,30.07262733333333,897.1544155555556,-57.19166083333335,332.5023000833334,28.735405000000018,-23.51482725,-85.69361916666666,1476.7910666666667
1689,1689,get,484.353,484.473,0.822,39.442625375,-25.1697555,31.765121625,10.088853299999998,0.0,898.621265,100.0669303571428,62.08011071428571,-45.57538273809522,-241.08049880952376,0.0,2298.2349761904766
1690,1690,along.,484.533,484.793,0.896,50.77943500000001,-8.9118596125,16.656964225,-24.814706012499997,6.1758820624999995,813.7509581249999,21.2336313235294,-49.90786236764705,-43.93688305882354,134.92722189705879,87.40576066176469,259.7990242647058
1691,1691,And,484.833,484.913,0.833,46.68904466666666,-24.337947666666665,29.569621416666674,21.396242166666667,26.195993166666668,842.62494,88.39659428571427,-189.47870857142857,-206.4087992857143,-126.65883285714287,27.69493857142858,3539.0991428571424
1692,1692,I'm,484.953,485.073,0.89,44.205315125,-26.0000819375,8.548794725,-4.8146078875,29.879984375,551.2146825,-18.366733928571424,336.2780949404762,77.11220964285714,158.0831063690476,138.63793988095233,5628.422916666666
1693,1693,in,485.114,485.154,0.667,47.13392575,-15.052780725,17.998047749999998,13.4772935,29.647363499999997,804.310475,-41.79315499999999,316.3142965,130.11355500000002,200.99084000000008,-58.72501000000003,2542.4415000000013
1694,1694,the,485.194,485.274,0.911,41.38761783333333,-15.721900416666669,40.23279733333333,23.552909733333333,27.706146166666667,1010.3944983333332,-55.32087285714287,-83.40271071428576,-92.84179428571433,-189.65850571428572,-12.938075714285702,1509.4173857142844
1695,1695,old,485.334,485.474,0.878,45.9528649,-6.015258080000001,23.1525825,-13.88697215,21.6378489,934.874117,-42.22406393939394,52.60744818181818,200.3516966666666,99.44419045454543,-133.05289606060603,481.2230636363639
1696,1696,school,485.554,485.854,0.762,39.39197894736842,-9.835525336842103,29.53126068421053,-16.468343007368418,24.698874894736843,855.5562805263157,121.9382514912281,179.5499137192983,-111.6882800877193,-102.65295701403511,21.309297368421063,-70.26125964912276
1697,1697,that,486.314,486.435,0.872,32.750736241379315,-19.792451227586206,21.885551937931034,16.559233448275858,6.782034931034484,698.6771817241378,-8.512057635467976,29.367559362068963,42.33825234975368,37.02131428571428,38.59231054187191,432.18897536945815
1698,1698,if,486.475,486.515,0.998,38.322900000000004,-9.32815025,45.778887000000005,35.359947,28.038462,1131.1423249999998,-83.78600000000002,227.96199100000013,224.4707800000001,145.89030000000002,24.776890000000005,-9325.435000000003
1699,1699,you,486.555,486.655,0.917,35.41940028571428,-3.5839468714285716,58.679196142857144,26.10137557142857,16.052275285714284,591.4459471428572,-67.98174285714289,47.36953767857144,-81.59290357142858,-35.191696428571426,-308.1151982142857,1490.894589285714
1700,1700,can't,486.695,486.935,0.804,38.94632985714286,-25.252727042857142,42.43091464285714,12.084082357142858,23.211296928571425,624.8143735714284,53.283650989010994,140.09406707692307,-67.98666538461538,74.79052758241757,-1.4028368131868167,-2503.9936912087906
1701,1701,get,486.975,487.135,0.811,41.376683099999994,-27.2861454,33.608647000000005,17.553742700000004,27.4923026,929.2020840000001,49.46206393939395,-207.82198848484836,-89.69961212121208,-101.96991212121212,73.30362484848483,-1708.9208181818171
1702,1702,it,487.175,487.235,0.252,45.44270480000001,-28.5399052,19.967030470000005,15.9757306,28.6497886,870.662122,76.35746000000002,100.34829500000001,-334.1512115000001,-78.01825499999998,4.806384999999996,5351.2050500000005
1703,1703,"all,",487.355,487.455,1.0,44.68401599999999,-16.573017454545454,-4.963847381818181,-35.66789790909091,33.56568172727273,732.9500436363637,-11.084352272727267,32.15956045454546,-113.64828090909094,-21.757115454545445,0.11332000000000877,-858.4993409090911
1704,1704,the,487.535,487.735,0.399,43.32961035714286,-19.225255574285715,27.85167714285714,10.964284907142858,19.372596285714287,528.3524414285714,-35.71641901098902,-1.2983792615384584,59.44038285714285,120.3271234175824,-119.33870945054944,1110.3863604395603
1705,1705,half,487.775,487.996,0.831,43.06700392307693,-26.622912561538463,20.117666761538462,7.324929338461538,25.914584384615384,511.90163307692313,-15.659008241758242,55.16997148351648,-77.42720780219778,-155.08675549450552,-39.67146098901098,500.04920879120886
1706,1706,a,488.016,488.036,0.956,48.3996125,7.75988615,25.418207,-30.575944999999997,29.466133499999998,856.469085,48.68204999999965,95.54318499999998,218.82399999999996,100.41729999999994,-12.53735000000002,-1363.3885000000014
1707,1707,loaf,488.076,488.296,0.872,47.63186246153846,-14.325807653846152,17.73597126153846,-16.851568330769233,18.413543999999998,869.3660269230769,-83.10506401098901,-93.06565005494502,35.32449456043955,230.54915964285712,-162.82187609890113,1123.3420549450545
1708,1708,is,488.356,488.456,0.68,40.143520875,-6.30630275,47.297137625,20.425203625,27.435554,945.10901875,-65.82500297619045,174.51573988095237,190.099506547619,28.0508113095238,-22.560886904761905,-2355.6434821428566
1709,1709,better,488.496,488.716,0.796,47.17222592307692,-19.253540653846155,21.957661076923078,23.196433846153845,25.69286546153846,795.5752292307692,26.45454120879122,-49.078584010989005,-41.32779093406592,45.768680494505496,45.85948186813186,193.81435439560448
1710,1710,than,488.756,488.876,0.996,43.396762124999995,2.1632922,31.940065374999996,27.521895875,27.379420125,680.3969375,-30.464110119047582,119.90982023809522,99.66634702380952,-27.996854166666665,-9.246441071428563,6220.175964285713
1711,1711,none.,488.936,489.177,0.74,49.30094866666668,-18.302753966666668,24.991647266666668,9.483676266666667,28.737983733333337,501.12958999999995,-8.274234642857156,29.69477348214286,2.9589710714285675,47.03554826785714,20.01843125,-174.46582321428585
1712,1712,Ronald,489.257,489.557,0.781,51.89834652631579,-14.038192837421057,9.344691898421052,-2.2750194636842105,27.709662210526314,876.7797515789475,-16.14978675438597,37.31088271526317,47.620127275438605,-8.397341971929832,-3.5729844736842082,540.704999122807
1713,1713,Reagan,489.597,489.917,0.674,43.938610777777775,-11.886103929444445,31.46464265,19.158089266666668,24.884384055555557,764.4948861111111,-54.46651702786377,56.17272381475749,162.6361704179567,33.16273712074303,-45.09085361197111,695.8103648090816
1714,1714,said,489.937,490.097,0.854,40.40716411111111,-18.786486433333334,40.17680033333333,17.79643457777778,24.500784111111113,559.1775444444444,114.83910166666668,188.58734925,-44.21331333333331,154.78021100000004,86.17607583333336,-4051.171633333334
1715,1715,you're,490.117,490.277,0.763,42.933217444444445,1.084985944444445,32.599665333333334,26.480035,22.35428688888889,1007.7228722222221,30.592330833333357,143.85372650000002,-231.24032916666673,-53.95696416666669,-73.07511500000003,-1215.5057916666672
1716,1716,better,490.297,490.457,0.964,47.97513222222223,-29.99087577777778,10.748449411111112,22.820660444444442,27.92483888888889,949.4854333333333,-37.12788500000002,62.27987,-21.156624833333343,90.55394500000003,5.329570833333328,3287.514683333334
1717,1717,if,490.497,490.538,0.996,43.339323500000006,-20.156021,24.33373535,27.591650249999997,13.7353635,944.1503825,-290.2472500000001,-244.71150000000003,493.3547390000001,142.5022150000001,-547.3124200000002,2375.1656500000017
1718,1718,you,490.558,490.778,0.368,39.39452433333333,-9.748116424999997,47.6832345,30.34242141666667,26.893202000000002,735.8201541666667,38.51911118881117,-75.95133938811188,-73.38180594405594,-20.447926048951057,-3.6412790209790216,-1473.8976590909087
1719,1719,get,490.878,491.458,0.657,36.469535947058816,-16.728115122058824,45.98603070588235,18.779063427352945,22.808476264705885,598.2313205882355,4.760225663865545,-8.523518428189456,-32.503167012987,-28.664990140794487,-3.1059148128342224,126.42107288006109
1720,1720,80%,490.878,491.458,0.657,36.469535947058816,-16.728115122058824,45.98603070588235,18.779063427352945,22.808476264705885,598.2313205882355,0.0,0.0,0.0,0.0,0.0,0.0
1721,1721,than,491.979,492.159,0.735,31.98152254285714,-11.514105556571426,28.851492028571425,20.923583505714287,7.608318085714286,718.9946494285714,19.521480168067217,30.717984238935564,5.2540946358543374,4.981717621848739,46.482958305322114,-497.85108921568593
1722,1722,get,492.199,492.359,0.865,41.6018463,-4.4461685300000005,38.67697209999999,24.010698700000003,25.982457899999996,563.8031659999999,19.354130000000012,84.34758821212121,-85.5857209090909,32.369366363636345,-13.980794242424226,-1274.8948000000003
1723,1723,nothing,492.419,492.719,0.814,43.877510666666666,-16.95567629972222,28.929088555555552,12.701823133333333,23.991168277777778,636.0121322222222,-2.807405056759542,9.252875807275553,55.3382388028896,42.02044794633644,6.439279411764709,1386.1120123839014
1724,1724,and,492.779,492.859,0.864,44.066640285714286,0.3236451142857142,43.85868728571428,24.197965857142858,26.16477785714286,663.9946757142858,-28.119576785714276,304.45744499999995,-196.83610000000004,54.65514285714287,-13.597510714285702,4291.940642857144
1725,1725,go,492.899,493.059,0.907,48.01258779999999,-7.890213909999998,17.254540900000002,-8.776099550000001,27.102751599999998,796.8837110000001,24.343853333333335,7.7027897272727355,-43.30872818181816,-325.9019486363636,3.570243636363633,294.59057878787894
1726,1726,over,493.139,493.28,0.657,48.994662818181816,-0.4969438272727274,14.155168245454545,-3.340424972727273,27.048750272727272,802.1217445454546,-3.9621463636363834,-41.083429954545466,78.49387627272729,286.42729727272734,-8.429792727272723,-598.9387818181818
1727,1727,the,493.32,493.38,0.996,42.8241814,-1.9798077799999994,27.0901432,18.712480399999997,10.573732000000001,513.378684,-41.51530499999997,242.44209400000005,-30.306435000000004,34.897020000000026,-397.4269500000001,-5293.166300000002
1728,1728,cliff,493.42,493.64,0.91,42.134569692307686,-13.966240546153848,22.613708307692306,0.36108260769230766,21.746874307692313,950.2047038461538,-5.988258241758229,-66.55190456043955,79.43681813186811,74.31696815934066,115.22796126373626,941.4802609890108
1729,1729,with,493.66,493.76,0.838,39.7252755,-12.005632566666668,35.79493633333333,20.656535833333333,13.756765333333334,872.1862600000001,-129.12028428571426,-165.63350428571425,409.89156,209.13019285714282,-358.88828,2130.2202000000007
1730,1730,your,493.78,493.92,0.816,41.338134375,-23.295308875,32.81023075,22.198601824999997,13.68131725,826.9823025,-38.80677083333333,-106.71672916666665,-80.54076666666664,-213.31431178571424,-262.4094214285714,1604.4207142857138
1731,1731,flag,493.96,494.3,0.903,42.65200478947369,-26.918554112105266,19.060973376842103,3.9727525578947365,22.431705263157895,570.2143636842105,19.01484903508772,20.348253385087737,-8.110536968421052,125.65272644736845,1.0706218421052647,-1281.9791087719298
1732,1732,flying.,494.38,494.781,0.914,43.14563458333333,-18.470724433333334,23.953057058333332,0.0031398458333330805,20.484385541666665,708.7881145833334,40.525069304347824,79.96602926086955,2.245774569565216,54.14436510652172,2.5312743260869492,-405.44216891304336
1733,1733,And,494.861,494.961,0.692,46.85008277777778,-16.506695544444444,26.874393222222224,21.72469215555556,14.79509488888889,565.6313044444445,0.5146675000000004,-28.00359825,-189.6955416666667,-125.76812116666667,3.7510149999999847,3168.753766666667
1734,1734,I,495.081,495.181,0.999,45.941941,-31.42720172727273,6.1995040090909095,3.1779997518181813,27.39551972727273,480.38229090909084,14.414966818181803,17.871841363636367,113.55349768181819,151.2013815454546,159.19836000000004,218.33938181818164
1735,1735,agree,495.241,495.481,0.636,43.0430942,-9.331322186666666,23.342112886666662,25.095427760000003,28.6377602,803.1951026666666,12.281057857142864,-57.75819330357141,-1.1021643035714346,-16.519669285714293,56.49316499999998,1760.2858357142857
1736,1736,with,495.501,495.641,0.726,42.740749,-18.95194325,27.433241125000002,10.9168141125,12.75411725,707.8562750000001,-187.42339166666662,-150.44592619047617,264.29151726190463,80.49547434523807,-305.5975714285714,4671.184988095239
1737,1737,him.,495.681,495.821,0.93,43.130667555555554,-12.076449355555557,27.897718,24.36127411111111,0.0,531.5412766666666,30.741227500000004,123.00676700000001,-39.05815166666668,-16.257859166666673,0.0,276.2319333333334
1738,1738,So,495.942,496.142,0.934,35.615440625,-15.095259052812498,32.6466196875,-2.1553988906249995,14.4574254375,808.451104375,98.36236029411762,20.314270633455862,-140.50732183823527,-130.61457646691176,118.35182860294117,-796.9217154411764
1739,1739,that's,496.602,496.802,0.832,35.952869393939395,-16.966403436363635,23.234886045454545,10.056791134242424,7.602778787878788,757.6578966666667,2.295808539438503,-36.78040588569518,7.811128175133691,-5.818257273061498,-1.812270320855615,-432.51972927807486
1740,1740,the,496.822,496.902,0.827,39.487658599999996,-6.25422092,27.7597579,-9.189362280000001,23.9563466,952.656632,329.45552000000004,536.4821700000001,-526.4179025,-379.0099090000001,284.0205300000001,-3887.5778
1741,1741,way,496.942,497.042,0.661,48.30813214285714,-27.66288418857143,24.401788857142858,2.1341363642857147,28.51587128571429,560.7385628571429,-44.86428750000002,-261.73007864285717,181.33009821428573,355.00488651785713,-0.3160142857142961,-5007.121946428572
1742,1742,I,497.082,497.162,0.987,40.41920383333333,-26.743000000000006,30.861751833333333,19.738791666666668,14.012191166666668,461.90427833333325,-51.49249285714286,148.337,199.73715,261.5822142857143,-362.07389857142863,4687.767100000001
1743,1743,try,497.202,497.343,0.835,42.72760044444445,-28.60627811111111,17.874049322222227,18.176538666666666,21.467015666666665,804.4402166666667,185.26642666666666,129.0463925,-223.16417983333335,-93.26859000000003,146.9458816666667,-2163.1520416666667
1744,1744,to,497.383,497.443,0.751,49.5329842,3.7112314,14.352636200000001,2.2569875799999997,25.199043,900.680306,-60.71479000000004,576.7621700000002,135.305665,-237.76708550000006,-7.291440000000001,-2702.6561500000016
1745,1745,work,497.463,497.623,0.751,52.26442266666666,-0.9486496612222227,-1.6128496333333335,-7.996345592222222,26.571872111111112,936.2383800000001,-98.47466833333333,-44.45717326083333,-65.42214700000001,126.60862967500005,3.5555108333333387,927.1344166666673
1746,1746,with,497.663,497.763,0.884,46.59355342857142,-11.35881583,21.918831100000002,7.702168357142858,14.887576285714285,804.9647342857143,-99.0571678571428,-111.88884675,319.5603480357143,212.55609964285713,-282.9594089285714,5802.654160714284
1747,1747,things,497.803,498.003,0.83,43.037907249999996,-7.268426416666667,37.21757125,20.001056666666667,16.941949166666667,787.3051516666666,26.59458374125875,123.05729318181817,-28.022027447552436,5.3392227272727375,14.727804545454552,1082.203783216783
1748,1748,legislatively.,498.063,498.744,0.823,44.17846137837838,-15.340151181351354,30.093335283783787,9.77229814054054,12.434672675675674,705.5836237837839,2.461002204836414,9.549669240990994,-6.58350826813656,6.7539405832147965,-29.374264615931725,-189.03217923186352
1749,1749,You're,499.284,499.444,0.847,15.160823684000002,1.7787600045714287,17.990346711428572,11.764286465714285,9.7188196,805.9518111428571,1.7165466375350147,29.882005446218482,-22.532190067226882,-15.77379071288515,60.541473921568596,138.1255432773107
1750,1750,listening,499.484,499.784,0.909,9.23458704117647,17.278060121176473,8.990805111764706,2.5333406764705875,23.684095764705884,606.7440464705883,116.03404162990198,6.965748053921576,72.75866153186276,102.55570240196077,35.08541482843138,-481.3496397058823
1751,1751,to,499.804,499.884,0.66,30.4993724,-2.41084668,9.3286913,19.102447,5.4900302000000005,677.0148,-75.57724,-52.325511000000006,-231.7527150000001,-125.25232000000001,-274.5015100000001,5322.083650000001
1752,1752,primary,499.924,500.425,0.877,35.72896256296296,-9.304077096296297,-0.4064086965185191,14.09920957777778,22.147195555555555,643.0237262962962,-0.5983543223443256,-3.093747295482294,87.9003129149573,35.52395921245422,-12.15257646520147,-96.06990567765563
1753,1753,care,500.465,500.705,0.829,23.399664542857142,-5.494044623571428,12.267452435,12.0294476,15.657407928571429,616.7996199999999,193.61056525274725,-45.012374726373615,-95.82566102307692,78.8570681098901,-2.9360095604395706,-1793.0837054945052
1754,1754,today,500.745,500.985,0.919,22.90619614285714,-4.332371055571429,11.480949814285713,9.263979928571429,22.947730357142852,399.43991214285717,139.4013494505494,-151.76502152593403,160.0329327252747,-44.37923087912087,107.9243502197802,-1333.0743813186814
1755,1755,on,501.045,501.205,0.464,43.54047463636363,-0.30553836090909103,-13.310266454545454,-3.4383223727272725,24.61240336363636,728.3722745454545,95.77888636363636,119.9383358909091,-129.59428690909095,85.9625547727273,-24.330704545454548,2475.463222727273
1756,1756,Reach,501.265,501.486,0.901,16.615040535714286,7.806723510714286,15.647611714285713,21.95648822142857,14.375296285714287,606.9880435714285,-317.7670688461538,-2.4799456978022025,201.6433863736263,-90.80828684615383,-95.51899670329668,569.3965857142858
1757,1757,MD.,501.626,501.846,0.706,29.967898833333336,-3.2612048166666665,27.48277090555555,18.08847316111111,18.02553661111111,622.7361011111111,-51.365847729618174,6.730038384932923,130.1643376625387,-0.17613691950463878,-70.08171264189887,1617.4215335397319
1758,1758,I'm,501.926,502.006,0.098,36.52733275,-21.341408575,10.2386482,10.156730025,16.903655625,911.14925125,128.7412345238095,148.50698440476188,57.341604523809515,130.15826285714286,74.1357589285714,-2144.542041666666
1759,1759,your,502.026,502.146,0.924,35.433401714285715,-4.832978371428572,-2.1929971428571435,22.57387357142857,7.766507428571429,899.4610857142858,-75.04423035714287,43.84917857142856,-283.68754642857135,-2.00466964285713,-194.90077142857143,-3148.631785714285
1760,1760,"host,",502.186,502.386,0.862,15.917481716666662,14.817768767499999,0.21199616666666646,9.452380282499998,4.778056666666667,776.7825083333332,-214.28239290209788,183.99420204720275,147.7168540909091,-94.69071673951046,-50.19445034965034,1206.1001363636356
1761,1761,Dr.,502.406,502.646,0.572,28.25779034615385,-6.415349501538462,1.0199459384615384,6.638792923076922,0.0,607.6831000000001,62.684992884615376,80.587606989011,40.44914912087912,104.12516087912088,0.0,-390.8964395604394
1762,1762,Brian,502.686,502.967,0.706,38.3288184375,-20.191067296875,4.98711300625,1.00781641875,21.5789725625,879.604254375,-5.239306249999994,-81.58780092279413,161.45819513970582,67.42477424264703,24.01936742647059,26.362240441176468
1763,1763,McDonough.,502.987,503.287,0.283,32.9896955625,-15.6728122,14.9669801125,8.04701945625,17.0004438125,677.28495,22.8916206617647,-50.77304461764704,-90.81717144117647,-59.117533095588215,52.851558897058815,606.8510544117646
1764,1764,"Today,",503.683,504.003,0.73,15.581291016555557,-7.606838401388889,12.854489740555557,9.077785344444445,4.666028166666667,544.3272400000001,17.674116098815954,-12.552506244208491,55.11788957207205,17.8338977001287,21.21745814671814,33.32696537966536
1765,1765,my,504.083,504.223,0.832,33.269496909090904,-15.54968182363636,20.857505363636363,5.682629854545454,8.653703272727272,852.0121399999999,-66.54748500000002,1.1572053181818251,0.8860339090909192,26.88945354545456,-26.269517272727274,138.92773181818168
1766,1766,guest,504.263,504.523,0.871,11.3195304,0.5771538720000015,16.31031072933333,12.1680947,7.119032533333335,691.8065813333334,-170.81783678571426,103.61183902857141,-190.70341475714287,-63.85645610714284,-52.53099053571429,-463.59581071428545
1767,1767,is,504.623,504.703,0.688,-2.030822833333334,27.912486444444447,11.732285377777778,8.527926133333333,7.641532222222221,511.5463411111111,-25.47042583333336,21.71793916666667,1.8171391666666656,-70.92735666666667,-57.99090500000002,-1487.2887833333336
1768,1768,Senator,504.764,505.164,0.799,24.350515608695652,-3.246054769565218,4.997272047826088,19.632558008695657,18.772233608695654,687.0097552173913,161.13733285573113,-88.60336176383397,-9.16351458003952,100.84332348814226,39.962107411067166,1699.1435978260863
1769,1769,John,505.244,505.484,0.911,23.999796701875,-7.81566513125,7.328481475,14.357504274999998,19.304649125,753.689245625,182.98701397132348,-130.2861681985294,-130.23150424999997,-74.19163276470589,95.96771044117645,-625.714227205882
1770,1770,Barrasso,505.524,506.004,0.876,27.90441625230769,1.767869958846154,-14.421847634615386,-8.316398823076923,18.75696853846154,747.5895646153846,-88.67407833299146,53.174513221367505,8.298686357264945,-58.61151595555554,-36.3481033162393,-1098.7746129914524
1771,1771,from,506.044,506.184,0.876,26.69135346666667,7.4651574,-10.387570133333334,9.6604774,13.582524555555555,825.9431977777778,347.94811050000004,-34.63002683333333,13.454793666666676,-7.997731000000011,200.26832500000006,133.19617500000015
1772,1772,Wyoming.,506.264,506.764,0.86,38.097021758620684,0.44843431413793094,4.212483956896552,-2.639576651724138,26.432090310344826,763.589373448276,-8.809434507389161,-9.239346367733987,37.61053474014778,16.142970440886696,22.463897635467976,-208.32017635467977
1773,1773,We're,507.245,507.445,0.891,18.780397117647063,-3.1188250382352947,3.1783453798823533,10.53862579235294,3.604395617647059,723.1254938235295,39.030965779984705,3.1952143735676097,-53.115057350404875,19.81803703208556,18.70953284186401,529.4517045836516
1774,1774,talking,507.505,507.865,0.934,23.39763864285714,-3.692246235857143,11.110862478571429,-8.52888321952381,13.631035476190478,607.2005866666668,68.77574824675324,7.544927734415585,128.90182269805194,63.00657051493506,26.671131103896105,-831.5438961038961
1775,1775,a,507.885,507.905,0.0,31.509866000000002,-13.005803499999999,36.15861099999999,16.030385000000003,20.031395,322.44372,-196.0788,-303.6259499999997,-358.30459999999977,-325.83689999999984,-11.157000000000036,-2096.731999999999
1776,1776,little,508.105,508.325,0.92,30.563670761904763,13.968988123809524,7.0343167190476175,-24.152431366666665,23.534331142857145,770.0876595238095,5.209577077922078,83.87885028571428,-35.05204752597401,54.654184116883116,15.438309935064927,-322.63665
1777,1777,bit,508.345,508.465,0.944,31.96424157142857,3.475080992857144,17.67551842857143,3.337220085714286,28.274685714285713,451.08253428571425,3.8771857142857065,-242.39102160714285,78.91868928571428,50.90656589285716,-9.06662142857141,-3842.6816964285704
1778,1778,about,508.505,508.725,0.832,35.08093838461538,-14.674596415384617,-3.1874366692307694,-0.010844100000000117,23.35289107692308,520.4031215384614,-15.920227472527474,-9.721498461538463,-44.840868653846165,-86.92560700549451,-56.536355494505486,-729.0432802197803
1779,1779,health,508.765,508.986,0.714,26.3092595,6.6841020615384625,-6.277316784153846,-14.080883053846152,12.437774846153847,551.8688661538462,-66.70343063186814,103.2152356043956,-5.20062576208792,-77.81089346153847,-66.21244807692307,2091.5967390109886
1780,1780,"reform,",509.026,509.366,0.724,29.24430480210527,6.664654110526316,-0.14978653399999947,0.634054705263158,17.62507994736842,830.46675,83.42461836842108,-36.296388271929835,-2.7308870891228016,-34.3611529385965,73.42171868421055,90.0466885964915
1781,1781,the,509.386,509.446,0.982,26.78994875,-5.8876170000000005,17.465124,3.181236775,0.0,401.26725,-223.85801500000002,-128.64315900000008,-227.25714000000008,-234.8261765000001,0.0,-3676.178400000001
1782,1782,healthcare,509.486,509.966,0.83,18.018318269615385,1.019489347692308,2.0958264473076924,1.376047373846154,11.667743461538462,623.0713803846153,-22.69489660803418,16.66934357538461,44.78857438820512,65.82221422256409,-8.837593333333327,424.98779299145286
1783,1783,"system,",510.006,510.346,0.855,6.890045794736844,17.415157280000003,9.617839021052632,2.437135411578947,15.106325105263158,684.2007668421054,213.78925346491232,-54.87625906315792,-9.547659754385966,-0.856389242105263,60.968552280701765,-506.7837192982456
1784,1784,where,510.406,510.626,0.815,41.445932642857144,4.719296742857144,-6.405120807142858,13.312519035714287,24.364949857142854,812.5038485714286,12.299496373626381,-198.12691349450546,-105.34647438461536,77.75805478021977,24.297677362637362,364.82296483516484
1785,1785,it,510.666,510.726,0.758,36.9284004,-9.934012939999999,16.966435,30.7429548,26.701646,766.769818,-88.72261500000006,87.73159150000001,478.6368175,93.13752000000001,-16.28314,9245.90615
1786,1786,is,510.806,510.906,0.828,15.884101300000001,10.064029377777779,16.47996906666667,19.013082222222224,15.242960333333334,675.2111311111112,-310.46054550000014,287.3578981666667,-86.73446983333334,-147.3575841666667,-227.38196916666678,2447.8784166666683
1787,1787,right,510.966,511.167,0.763,35.97920126153846,-3.082468069230769,-1.4311400538461532,8.273034776923078,26.3698386923077,657.0055946153846,20.723797692307702,-83.16798631868133,213.60831074175823,109.22664186813188,-2.800337912087918,-2296.2873269230768
1788,1788,now.,511.207,511.427,0.878,33.86165692307692,-19.174563253846152,7.261217567692308,5.2133353692307685,16.490328153846153,525.6414276923077,-21.671221153846155,-94.21022725274725,-165.32553153571428,-214.46324928571423,-142.63235412087914,1726.024953296703
1789,1789,A,511.887,511.927,0.548,10.694565987999999,-7.709741051999999,-6.526642235999999,4.3821858188,2.2832468,558.3115228,-9.081484376923072,15.986882419230774,7.544927553846153,54.04975481192309,20.852080076923073,44.36592307692312
1790,1790,question,511.967,512.287,0.927,9.096611872222223,0.12579278333333357,0.967814894444444,-6.1206274277777775,15.77129738888889,558.9650377777778,-12.77877719814241,21.444305423116614,136.85000529927763,66.1035219143447,37.7761261609907,53.264455108359165
1791,1791,I,512.327,512.407,0.955,27.355356333333333,-29.938033333333337,10.172308438333333,0.6131577883333333,15.831545166666666,700.7172933333333,-126.08215142857144,156.1700142857143,176.81915321428573,45.555565985714274,-30.894675714285682,-6560.089085714287
1792,1792,have,512.467,512.667,0.98,24.54937007692308,-21.758892953846154,5.723059033846154,2.3788028107692307,23.646716923076927,491.6556915384615,-21.916505219780216,11.648682060439553,-47.191179318681314,-7.578043538461542,-122.70960384615385,663.6296373626371
1793,1793,to,512.707,512.807,0.711,20.680395428571426,-13.715292695714284,16.908291585714288,2.348277407142857,11.703219571428573,434.38424142857144,265.537925,-219.0009063571428,81.13561375,-53.411946428571426,-148.10800535714282,-2205.0327857142856
1794,1794,"ask,",513.027,513.268,0.727,16.787615934782604,-16.856893178260865,1.542455300434782,2.911644199130435,7.589705043478261,557.3352504347827,-129.6791203557312,141.55184918478253,-36.82524471343872,40.38168741057311,-28.483776778656114,101.72801828063234
1795,1795,and,513.448,513.568,0.586,24.089591346666673,2.663789147333334,24.594539333333337,9.152802266666667,18.0502874,513.2434513333334,153.37201121428566,-50.464547494642844,-34.13199357142857,-7.268025767857138,99.23079196428567,-1652.6760964285716
1796,1796,it,513.628,513.688,0.513,22.6367865,0.7231376469999998,37.85334066666667,17.369948666666662,12.569242500000001,417.50415999999996,-189.10324714285716,169.9900495457143,170.39770857142855,-121.79729714285715,-324.13460714285713,1010.3909142857142
1797,1797,keeps,513.748,514.048,0.944,4.555259427777778,15.088267527777779,30.626172733333338,12.140157949999999,13.595595666666664,691.6018183333334,-31.991245990712073,69.33381835397317,3.7007040454076376,54.18343318369454,-24.649159855521162,2153.607211042312
1798,1798,coming,514.108,514.428,0.82,29.596381678947367,3.643185862736842,7.106182252631579,1.7382935473684207,20.054250736842103,647.0651078947368,131.54617117543864,8.100586896578942,3.9344856929824434,-64.07319221052634,39.632337719298256,-164.81214824561405
1799,1799,up,514.528,514.628,0.84,34.60414440000001,-7.888568319999999,1.9354899200000006,-5.994613725,12.8187859,557.1732509999999,9.322769696969686,58.30799533333331,-40.06844793939392,-98.87229043939391,-63.09834575757574,2620.050499999999
1800,1800,again,514.688,514.968,0.723,28.366719611764704,-7.358811915294118,19.59664021764706,15.618292811764707,13.509546882352943,595.55248,16.582631004901955,-15.736888196078429,-12.35996588235294,-6.108198872549014,114.57413737745098,-1178.078600490196
1801,1801,and,515.028,515.108,0.829,40.60168242857143,-4.271118742857142,17.158539142857144,17.401169714285714,26.97109814285714,400.2344385714286,-81.69199285714284,45.55215714285715,78.65985178571428,5.3192178571428546,3.9858696428571423,-82.20144642857137
1802,1802,"again,",515.148,515.429,0.897,26.319344375,-1.3872227562500004,29.982621624999997,12.138514718749999,24.3454538125,444.61567812500004,14.453597794117645,-118.58210066911761,-95.94810088235293,-14.936542536764703,9.999133308823522,-613.6326624999999
1803,1803,and,515.449,515.509,0.0,44.116153,-4.8937364,15.07555825,10.263580450000001,19.1822425,611.0746,146.41155000000003,149.38319200000007,19.136474999999987,-153.18330800000007,-391.4881600000001,6264.393800000003
1804,1804,I,516.029,516.069,0.971,19.940512785,-4.0832010357142865,5.811091252142857,13.093677728571427,2.766836428571428,481.27788464285715,35.70807882785987,5.6836132758620685,-6.882491958128076,-2.7136918117131894,25.456162999452655,-247.34985509031196
1805,1805,guess,516.109,516.249,0.899,15.868331533333336,3.7563346999999996,22.956887244444445,16.717120111111107,7.310620222222222,578.6590733333333,-213.88137883333334,58.343684500000045,-310.1332815833334,-73.57240750000001,-122.06413000000002,279.36280000000005
1806,1806,there,516.269,516.409,0.81,17.488719,13.228335528749998,-19.4566918875,1.5059459375,13.387257125,795.4125487499999,594.0271488095236,-270.0338034821428,-119.38963613095238,-110.67154291666665,207.19227321428568,1823.933446428571
1807,1807,are,516.429,516.529,0.711,40.59790316666666,-11.652056631666667,-21.55535433333333,-9.651393666666666,5.163234,845.3360183333333,-192.38932428571428,115.26226575714287,24.510488571428574,-3.417000000000001,-221.28145714285714,-2521.498357142857
1808,1808,political,516.549,516.949,0.827,28.873060999999996,9.027671797619048,-2.8773409547619044,1.6456703266666661,9.699000952380953,711.0558147619047,22.5308833116883,29.670727340909085,-11.377295009740266,15.544061124675318,14.521422467532464,351.5442798701299
1809,1809,"reasons,",517.009,517.409,0.884,23.023392875478258,20.69994267826087,6.4993300769565225,17.446149682608695,19.12211965217391,618.1961730434782,-81.27198910217388,70.6712873369565,3.3056665093873425,-35.44185665513833,-41.01633379446639,-705.7816245059284
1810,1810,but,517.469,517.59,0.947,23.09763252,17.723623277777776,4.0143522222222225,-1.298919974,9.178447333333333,550.925892222222,265.92853290000005,-215.96857983333337,-180.6489976666667,59.781728721666674,68.35601750000001,-1440.5911083333335
1811,1811,what,517.95,518.07,0.792,22.3409293,1.7054502127999998,-1.9521961640000003,2.2646671788000003,3.6436842400000002,824.9952544,20.432713923076914,13.463892520769232,-17.066167942307693,-45.64291809730769,34.73115661538461,-165.3253634615385
1812,1812,about,518.09,518.27,0.896,31.81307866666667,-7.745094544444445,-10.363292533333333,-13.762244028888889,11.722253,482.57909666666666,-62.95697333333335,-58.78574983333335,61.59930033333336,-108.21137913333337,-0.3228608333333438,-1118.1505083333336
1813,1813,the,518.29,518.37,0.894,25.2250792,12.77349422,-9.373755919999999,-23.20441736,0.0,546.5237119999999,-53.25954,296.34738400000003,-206.00329900000003,-297.0997835,0.0,145.88739999999956
1814,1814,whole,518.43,518.63,0.834,17.516377238461537,33.551897153846156,0.8822355515384613,-42.43359823076923,19.10548246153846,722.1736676923077,139.46318612637364,41.35373708791209,25.088228137362638,-112.07299835164835,66.9936282967033,954.4010659340657
1815,1815,concept,518.75,519.27,0.903,18.984626425000002,2.6557277375000004,-1.937220849375,0.24026815312499972,10.0300166875,584.88491875,-3.054005021994131,19.126101686217012,-1.230212514846042,19.50086144886365,7.722220491202349,-5.9173759164223085
1816,1816,of,519.31,519.37,0.762,29.752731599999997,10.6131483,-0.8992996200000001,1.5649415828000002,8.5371674,688.488944,-184.97469999999998,172.26027750000003,-92.62657999999999,53.72298850000003,-323.663495,-9514.5733
1817,1817,tort,519.49,519.791,0.758,31.52446034090909,12.835939736363638,-3.255182695454546,0.9530958999999999,10.132741545454545,858.0391090909092,109.89458208639186,1.094214579333711,-97.16494920101637,-83.14716981931113,36.5372764539808,-1016.2548170525126
1818,1818,reform,519.831,520.271,0.875,36.15499155,5.582209458333334,-5.193207064166667,-6.524234235833333,14.414165166666669,850.0808354166666,47.23995213478259,-54.38641890869563,28.670792158695637,5.3083821404347775,10.691038391304343,82.64007847826086
1819,1819,and,520.611,520.691,0.866,18.374406434952384,-4.258021220952381,4.305094389523809,12.02557002857143,4.411674761904762,581.67898,60.81218525324677,-4.175732818181814,39.61801588311689,29.322852246753243,39.14232922077922,-554.3649980519481
1820,1820,trying,520.751,520.991,0.847,27.051329773333332,-10.038725886666667,3.077803811333333,17.28175887533333,16.722426066666667,597.675638,170.69863032142854,-9.799511642857144,85.54125236964285,-48.61704603035712,110.14307285714281,-2124.4893500000003
1821,1821,to,521.011,521.071,0.752,22.0952765,3.492424905,50.1765245,25.90758025,24.119747000000004,301.47097249999996,-84.08654000000006,120.75126270000005,122.79947000000004,-107.43570500000006,0.4626199999999515,71.11325000000025
1822,1822,get,521.091,521.211,0.855,24.893434714285714,-9.255528914285716,33.76499485714286,19.353690285714286,13.646994857142857,440.6446271428572,-25.860410714285724,-22.32493821428572,-96.34684107142859,-80.62541785714284,-259.38548214285714,1274.4920357142855
1823,1823,costs,521.291,521.611,0.866,10.820547789999999,8.1723965682,-4.611566678,-18.108289000000003,10.895327499999999,593.199658,-100.1067567969925,96.64127756165414,-28.776567563909783,-70.85455932330828,-15.14553834586467,392.5598075187971
1824,1824,down,521.651,521.872,0.814,31.660373576923078,-12.097617376923079,5.334038676923077,1.3949536153846154,16.487352076923074,475.65959846153845,180.58979244505494,-126.21293692307692,7.889937527472516,19.522457362637354,20.331427747252754,1816.7210714285713
1825,1825,that,521.912,522.072,0.834,34.45416780000001,-11.481073547,3.806947070000001,-7.172189595000001,1.8873387999999998,580.703174,89.88223636363634,51.89158619090907,-118.36797615151514,-128.04302986363635,51.47287636363635,1556.0032303030303
1826,1826,way?,522.112,522.312,0.75,31.739815833333335,-4.023649833333334,5.7195432166666675,-7.015547483333335,3.202030833333333,721.5870041666666,-154.5880451048951,-49.589365069930075,68.35433786713284,191.8411027272727,-67.19491503496502,-2024.0829807692305
1827,1827,What,522.812,522.972,0.792,19.978997218181817,1.8203604000000002,6.369468780151514,4.854467281212121,3.3384312424242424,699.4061839393939,43.70198502673797,6.921956488970589,7.046541447443182,-50.42379676771392,19.398171173128343,345.8662772393049
1828,1828,people,523.032,523.372,0.802,24.315768299999995,13.958003435,21.76645445,-8.071576924999999,14.4721384,644.196117,66.70463593984964,93.7388995,-58.33492797744361,-200.1511723120301,51.598397669172925,457.4055864661655
1829,1829,wouldn't,523.452,523.752,0.777,41.72012942105264,14.755653283157896,12.383540184210526,2.0918623947368418,23.17700689473684,679.4233526315788,-10.928599122807022,-66.2318548026316,65.12008109649125,130.02035162280706,-36.07913140350878,-476.6258684210527
1830,1830,be,523.792,523.912,0.833,20.753486249999998,8.0900185,37.7861355,30.888971500000004,15.756125375,440.5635825,-84.86171666666665,19.80156880952381,124.3055476190476,13.442979761904747,-230.8560767857142,1792.8286666666665
1831,1831,quite,523.973,524.193,0.846,25.57433622505714,9.965209427142858,-7.854749450000001,1.5911552071428574,10.326153571428572,657.206935,-18.92525088347252,24.23362779340659,63.16760849450549,137.29783489010984,-1.8672309890109922,-272.536667032967
1832,1832,so,524.253,524.433,0.846,6.6671060041666665,22.569012083333334,-1.529723458333333,-2.3585332422500005,5.0800816666666675,722.9450099999999,292.4710817220279,-81.7160736013986,-43.406100052447556,-52.76564068304195,31.73803601398602,539.2793881118879
1833,1833,fearful,524.553,524.973,0.773,15.56641536666667,13.166223546666666,4.6544853212962956,5.657670518518519,14.041554222222222,796.5665907407406,87.11786743284495,40.42844404029305,-36.38195788812577,-122.61902927350431,22.1452097985348,-183.187841880342
1834,1834,of,524.993,525.053,0.678,29.595180499999998,16.066515625,3.421009725,-3.2340484915000003,0.0,888.892055,-297.7185200000001,-270.94103750000005,376.72930150000013,530.2714501700002,0.0,3501.5069
1835,1835,practicing,525.093,525.553,0.785,16.446214368,7.45567312,8.413585619200001,16.780853179999998,4.99830192,548.7902504,-43.855907426923075,75.81841549999999,49.101552566923075,-9.574146557692309,46.14439915384616,-143.19354730769223
1836,1836,"medicine,",525.673,526.254,0.883,21.822396571428573,6.1626278779999994,14.008071342857143,8.447314470857144,21.452248514285714,512.0672685714287,-46.498797801120425,22.92177522464985,4.488176571428571,-5.4223700274509765,-21.0065831792717,-147.41034747899147
1837,1837,ordering,526.594,526.894,0.896,32.55229935625,8.169496349687499,-4.51053770625,0.31296528593749984,13.89723284375,728.26548125,68.91998487353375,0.24531177410190647,11.704051403958946,30.31640224294355,44.990014763563074,556.3288815982406
1838,1838,"tasks,",526.974,527.354,0.861,8.024011869565216,3.6353820347826087,6.389949532173915,6.991835360869566,11.185051260869567,535.4044404347826,-122.9038170948616,75.44565425889326,-33.45830256225295,-26.537400914031615,-32.03699752964426,869.0501961462447
1839,1839,maybe,527.414,527.694,0.86,23.012686529411766,8.343863894117646,35.64845270588235,21.73779129411765,20.54482588235294,482.564715882353,-28.656566421568623,-26.651971794117653,108.25668014705883,39.476837867647056,-2.6629337009803864,-953.2475208333332
1840,1840,practicing,528.014,528.495,0.901,11.429039630750001,2.634497605,7.7223905175,9.706956984,5.560337625000001,626.51302,6.360000600515947,36.82236180487805,3.5406642959662293,-5.529559700562851,17.256863597560976,24.934683864915545
1841,1841,defensively?,528.535,529.115,0.953,19.006264387096774,8.777135312903226,5.295085621612904,9.15264390967742,4.67751335483871,580.0056403225806,7.388581485887097,39.53570327016128,-20.568078054637105,-36.548232322580645,-13.207172943548386,-235.50288870967742
1842,1842,"Well,",529.395,529.595,0.891,39.442508000000004,-9.301456477083335,12.0236437625,-0.6952571541666664,18.042537791666668,690.9564987500002,69.29336008695651,-59.228679455434765,-49.83285847608694,-88.70316801521737,95.00256823913041,116.820315
1843,1843,that's,529.635,529.835,0.868,42.2745445,-25.926529216666665,15.561575583333331,1.8917406250000006,25.94830125,706.6896225,-73.84296818181818,-92.26406933566432,95.93541402097902,88.15698648601396,-103.0316312937063,1737.2010891608393
1844,1844,something,529.875,530.216,0.919,44.2287502631579,-17.605706561052635,20.38422024526316,3.573738894736842,30.057450315789467,606.5252573684211,32.41740087719299,96.22439232456144,19.44735821052631,84.47146607017547,19.908535526315784,6.447214035087774
1845,1845,"that,",530.256,530.416,0.853,46.370063099999996,-19.965405891,28.1853317,11.060187949999998,20.7027018,546.285559,-18.984874848484846,-68.49296940303027,105.24738999999998,40.0776365151515,-192.29891212121208,-3380.4273121212113
1846,1846,as,530.536,530.616,0.732,44.228088,-22.19090317,36.9027168,6.206897029,18.1562419,723.935535,29.893326060606043,70.25196518181815,232.12066545454542,-9.626279730303027,164.53502272727266,2256.7987787878783
1847,1847,I,530.716,530.796,0.749,47.42762544444444,-30.250382222222225,24.51031722222222,-1.1431226888888888,21.443681444444444,455.9644955555555,-49.27070750000001,7.4620283333333495,152.60785500000006,156.64088666666672,-155.5447258333334,615.5934166666667
1848,1848,saw,530.856,531.096,0.847,36.404861,-23.34665602,28.487669006666675,-15.547117506666668,26.750611333333328,876.4616826666668,139.83995446428565,63.35009033928572,-228.39028803571424,-135.43921176785713,30.13730285714285,-1316.6047249999997
1849,1849,when,531.276,531.436,0.939,44.04010629411764,-22.372687147058823,16.655065026470588,1.3737949882352947,15.629535529411763,713.1579670588235,19.083944485294108,29.063253676470573,73.1678850122549,91.23219449754902,97.09967561274509,498.7968553921569
1850,1850,I,531.496,531.556,0.735,50.55053383333333,-34.53233733333333,19.303992333333333,0.48527705833333323,28.949449166666668,527.8323083333333,17.878907142857145,94.31044571428573,-123.09134285714286,-116.30466764285714,-22.165298571428597,1462.115585714287
1851,1851,was,531.576,531.716,0.738,43.103436375,-7.007852726500001,35.805944000000004,6.68807595,27.465801874999997,638.8001037500001,-116.07286369047617,94.90259001428569,345.56818214285715,78.83119916666665,3.543030357142856,-3966.4072916666664
1852,1852,in,531.756,531.816,0.833,44.6414484,-12.406560599999999,29.311887000000002,18.791424,27.742139199999997,839.2516259999999,-97.83639000000007,284.785935,-44.158670000000036,189.90618500000005,-30.059024999999984,2700.805700000001
1853,1853,the,531.857,531.917,0.989,44.9480656,-4.94005872,26.428559200000002,9.90580548,25.451871200000003,919.702412,163.20731000000004,-85.09684600000004,-203.25598,-440.4765135,-14.160750000000016,-1532.7087999999994
1854,1854,Wyoming,531.957,532.357,0.839,44.81732759090909,-20.185515109090908,24.095877499999997,3.3133212590909085,22.315109772727272,698.3933936363636,-30.851940457368716,-6.421242535290799,96.31242639751554,123.52141049407113,-41.06319889892717,98.09469452286848
1855,1855,State,532.397,532.677,0.865,32.8467176875,-32.2848276625,47.833488375,21.065692043749998,11.037280687500001,923.96215125,32.96219257352941,53.49341313235293,-5.625916470588245,57.34294771323527,1.341268750000011,421.1483367647059
1856,1856,Senate,532.697,533.117,0.828,41.485792227272725,-35.504963636363634,30.773315363636357,11.730628066818184,26.353234045454546,803.7611713636364,34.859135770750996,18.218997684923774,-29.67465623941277,5.151522223884812,22.112769706380572,144.4117213438735
1857,1857,and,533.157,533.257,0.367,48.06896714285715,-21.171657000000003,17.176519642857144,11.071486714285713,25.383528714285717,393.04894571428576,8.95363392857141,45.368742857142855,133.15482857142857,223.213575,2.5812464285714225,-131.10478571428567
1858,1858,I,533.337,533.397,0.989,46.73074571428572,-35.97837128571429,32.746114999999996,11.854100214285712,21.69125928571429,530.0124457142857,-46.27565357142857,129.34244464285712,235.9070928571428,124.57633125,-142.44419642857144,-1425.7244464285711
1859,1859,saw,533.477,533.698,0.801,36.7194736,-27.491369066666667,33.79672526666668,-16.317318226666668,18.911721333333332,936.2349353333334,115.35568089285712,51.61133999999999,-217.86556696428568,-145.53122180357138,125.23861196428568,-951.4566017857142
1860,1860,when,533.738,533.878,0.823,47.75460233333334,-13.369318255555555,15.261374666666667,-7.2344759666666665,26.17665566666667,878.8292777777777,-10.236283333333336,-232.86062033333337,-26.31841083333334,406.9106164166667,-1.7316458333333384,695.5387500000002
1861,1861,I,533.958,533.998,0.929,47.52355133333334,-42.002088333333326,17.448853166666666,-6.2006539766666675,26.90478733333333,604.0882150000001,21.861688571428612,-6.618131428571412,182.9330128571429,138.09409185714284,-0.8133571428571585,2232.828414285715
1862,1862,was,534.038,534.158,0.787,43.008127,-11.8861381875,34.486046875,5.8138472125,22.93576725,862.0328825,-121.47518809523805,92.9853631547619,386.65660892857136,158.42399244047616,-116.76729047619047,-2033.7962023809519
1863,1863,president,534.178,534.538,0.836,43.87856784210526,-23.99194307368421,35.76830827368421,12.699925589473684,26.5585252631579,702.1056536842106,-13.067162631578956,53.369443491228076,73.51675221929825,40.48888159649124,18.22090254385966,866.4080184210528
1864,1864,of,534.578,534.618,0.997,48.93111424999999,-14.95248675,18.2613335,15.190715874999999,26.559205249999998,924.53665,-64.52778500000008,346.9239050000001,-193.35381000000015,-151.61846750000004,-11.036794999999989,-3531.3360000000002
1865,1865,our,534.658,534.758,0.831,49.57277514285714,-28.282425428571432,9.265062971428572,6.4093152685714285,14.944861857142858,854.8934957142857,-230.21717321428568,-101.62903035714285,553.6117817857142,93.02831132142856,-280.67228214285717,2226.4916964285717
1866,1866,State,534.798,535.038,0.81,32.27163411428572,-17.013601757142858,47.24735542857144,11.012698709285715,13.227347214285714,748.3267714285713,128.24157608791208,133.3420470989011,-98.70460307692306,159.74188280329668,28.72655923076923,-1961.6450945054946
1867,1867,Medical,535.058,535.419,0.833,44.3407052631579,-24.382375842105265,22.304351694736845,3.9194949039999996,18.637079315789475,629.5887394736843,-10.488755087719307,52.9512122631579,-5.98132159649123,-96.03510870210528,-74.4869310526316,1207.3644815789476
1868,1868,Society,535.499,536.099,0.849,35.545593705882354,-30.981398782352947,36.241473670000005,5.576409475294118,22.563580558823528,750.7779470588235,18.492961634835748,10.327885046600457,-2.581661769136743,57.19982954163482,39.781094522536264,-150.6843896103896
1869,1869,and,536.499,536.599,0.977,33.80591604,-14.70455288,34.55785024,26.19929092,10.894824719999999,688.6209712000001,26.866570615384614,17.853883365384615,-34.54721415384615,-11.314792769230774,14.297437269230768,-605.0070819230768
1870,1870,continue,536.679,537.14,0.944,34.016401851851846,-12.594733014814814,49.21710966666668,23.636030888888886,20.748444851851854,784.6825018518518,0.12196935286935086,-52.88351270451771,37.60413919413921,10.604217796092797,55.29826816239317,95.06288644688647
1871,1871,to,537.18,537.24,0.997,36.1029208,-25.7633076,52.9523636,18.574872759999998,16.4345068,995.81994,-91.83256500000002,60.39882999999999,143.958125,-249.5017870000001,-416.49219000000005,-1476.6039999999991
1872,1872,see,537.3,537.48,0.996,32.406233916666665,-23.406262166666664,58.06788050000001,16.55917518533333,17.063929,709.2520983333334,80.2947631118881,86.30556748251747,-15.20909580419581,172.92277393986015,148.3697832167832,-3488.5409300699293
1873,1873,that,537.52,537.64,0.981,41.196453625000004,-21.8048159875,37.348278500000006,21.195449312500003,26.026986,981.703155,74.19148035714282,-247.93609398809522,-106.73087738095234,-167.87282172619047,9.109370238095247,-2759.12
1874,1874,I,537.72,537.78,0.975,42.543113142857145,-40.274855714285714,13.680150571428571,3.726821407142857,19.730411,658.1445199999999,-9.370603571428585,123.4780857142857,115.16675178571427,244.66618107142855,-38.82771607142856,1927.111571428572
1875,1875,think,537.82,538.0,0.926,39.29662254545455,-17.450967939090905,35.84894745454546,25.58242,16.52653790909091,549.6124063636363,-19.76550772727272,82.7806929909091,134.98083000000003,80.87937863636364,-48.608655000000034,-2851.2181181818196
1876,1876,it,538.42,538.46,0.992,37.18758756521738,-10.348843017391305,42.46292169565217,28.49821656521739,16.933669260869564,823.0691939130435,14.166800494071136,-6.296126833003951,-37.79041655138339,5.222565266798414,-44.25121689723318,482.1274288537549
1877,1877,would,538.5,538.641,0.896,46.03135244444445,3.429977322222222,26.024694722222222,19.616837325555554,11.42211,645.5345500000001,-32.1971475,125.50093591666673,236.05821375000005,226.15258059166672,125.75148916666667,-2069.103925
1878,1878,be,538.681,538.761,0.858,36.52393583333333,-2.247424277,52.226062500000005,35.25313966666667,27.311788999999994,480.39685666666674,-10.37667285714286,-88.27336380285712,163.0411271428571,-78.11699142857141,-8.066428571428581,-4237.6654285714285
1879,1879,important,539.121,539.661,0.871,43.03160106666667,-7.160518508888888,21.49731536888889,14.191293406666665,18.663077711111114,720.7116206666666,10.289918432147564,-6.034127287220026,-26.044203955204228,-19.908240806324116,5.388399011857711,-78.46812437417655
1880,1880,and,539.741,539.841,0.805,42.71547455555555,-29.583913444444445,31.40908011111111,20.844981333333337,18.112532555555557,574.6515400000001,71.0611091666667,1.5231899999999998,5.530812500000011,13.28284083333332,203.3845241666667,1077.8447666666668
1881,1881,a,539.861,539.881,0.943,42.108447,-16.710721500000002,30.820491500000003,21.121554500000002,0.0,468.0262,-329.51729999999964,190.40014999999994,-418.7368499999998,145.04364999999996,0.0,16551.38399999999
1882,1882,component,539.941,540.402,0.899,44.225534115384626,-13.388360032692306,15.609862710769232,8.917192115384616,18.40880553846154,860.8877538461539,20.83522969230768,-21.7549271068376,11.682389738119646,14.795346376068366,62.82050314529912,1054.8981227350423
1883,1883,of,540.422,540.482,0.75,49.01389025,-19.17104975,27.5696685,24.31746225,26.79438425,714.04149,-63.01778499999997,240.9552650000001,45.93741999999998,263.7667050000001,14.243205000000005,3376.642700000002
1884,1884,the,540.502,540.582,0.822,48.4526768,-37.302554199999996,33.2595222,19.2784256,16.0650708,599.1299700000001,-58.102339999999984,-15.121060000000002,-113.59434000000005,-77.57238500000001,-405.631655,-8661.137100000004
1885,1885,healthcare,540.622,541.082,0.784,40.57116144,-28.68321504,19.603058559199997,0.8994126227999999,18.0925996,789.5235464000001,6.6247156923076895,7.562094999999997,-13.31757341153846,33.183729380384605,-1.7654803461538462,715.1003750000001
1886,1886,law.,541.122,541.382,0.892,48.886575066666666,-11.975837438000001,6.625237753333334,-29.276419533333335,25.0659392,748.3289686666668,4.338094821428575,-60.81585027678569,-44.46079966071429,11.788628571428577,14.856334464285714,-1582.4480267857143
1887,1887,And,541.822,541.922,0.805,34.6074952962963,-28.8683265062963,21.890905185185186,16.711198725925925,5.126978407407408,715.6765296296296,23.139982295482298,13.49742718742369,9.989966910866913,5.4413605677655665,46.63236105006107,-152.01496092796097
1888,1888,I,541.962,542.023,0.82,49.9955844,-37.8499772,3.101394164,4.77045434,28.264821599999998,404.475156,-54.554125000000035,-97.36885500000004,284.40398000000005,116.95015900000006,0.8908499999999896,551.8889999999999
1889,1889,actually,542.083,542.383,0.796,35.06014094444444,-31.613895888888887,36.330946527777776,15.563873033333335,21.0836075,811.9655083333333,-7.179570020639828,102.19754344685244,61.09066566047473,48.62474053663571,-43.435728947368425,1895.8570737874102
1890,1890,proposed,542.443,542.903,0.817,42.95883776923077,-16.35685951923077,20.43008291346154,-4.692954958076923,14.371325961538462,842.2137757692307,-14.42605244444444,-18.986845225641023,69.96914867948713,-39.89427701452991,34.62236586324786,176.92568564102552
1891,1891,some,542.943,543.083,0.893,35.37411444444445,-21.796047328666667,36.01548355555556,-3.615315833333333,18.781915222222224,832.0242566666667,236.0805166666667,209.04914960500005,-299.56608250000005,101.46063750000002,205.30399000000003,-1967.006016666667
1892,1892,of,543.123,543.163,0.998,45.16471625,-13.002651925,19.76859775,7.4227872999999995,27.091372,597.9592025000001,-19.10746500000006,2.4114654999999967,119.92151500000008,36.64884400000002,-8.499240000000018,-11464.195250000006
1893,1893,those,543.203,543.363,0.895,42.254851499999994,-17.8807153,30.971470599999996,-9.461136649999998,18.8465454,762.9339550000001,-100.02422090909087,-25.282462121212113,230.54997151515147,-32.614785666666656,-173.36093575757573,2139.1779424242413
1894,1894,things,543.403,543.623,0.854,38.589824692307694,-13.431988215384617,41.767867307692306,12.428156292307694,14.95699753846154,984.9207646153847,1.8428890109890288,88.4011866208791,71.36700109890111,35.130593543956046,-0.5624373626373651,-777.6439670329668
1895,1895,to,543.663,543.784,0.546,35.570816375,-6.9872723625000015,40.426659,8.159081212499999,0.0,899.7182125,114.30975773809524,174.37862601190477,-165.79102380952378,52.342036845238084,0.0,-4098.244702380951
1896,1896,President,543.844,544.284,0.791,44.801260320000004,-17.707725516,27.449926544,11.7624593456,22.73891756,821.7199716,18.911591500000004,-12.694421807692311,48.14524242307692,15.549303774615383,40.15014969230769,58.083231153846235
1897,1897,Obama,544.344,544.824,0.93,48.356480444444436,-15.452762582592593,8.613710320740742,-15.645219957777774,26.25299462962963,691.5521107407409,-3.0949075091575082,-29.41105735378511,-9.322391827228332,-4.606861934676438,-3.5426504273504293,-646.3459136141638
1898,1898,before,545.184,545.505,0.913,38.043411147058826,-20.569100997058825,20.28796774411765,12.831695261764706,12.37819811764706,859.1173679411764,28.460023353705107,26.198524398013745,8.74660890374331,-13.35190898472116,57.754080580595854,196.70957776928947
1899,1899,the,545.545,545.625,0.867,45.43698483333333,-20.045795666666667,25.081419333333333,16.083123999999998,26.693459833333335,715.6864316666665,-9.735075714285697,-168.23703142857138,-60.54523142857144,-104.38310571428573,-12.033681428571422,-6776.186757142858
1900,1900,healthcare,545.665,546.045,0.842,43.19077719047619,-21.243127290476192,19.416719404761903,-1.1680538047619045,18.305638333333334,808.0756142857142,-17.500005194805198,23.164053097402604,1.3568585389610395,7.978090694805191,11.307362532467538,835.6465363636363
1901,1901,law,546.065,546.245,0.774,49.2592147,-8.668932480000002,18.0913076,-32.5431867,27.176084399999997,698.893124,-1.3163530303030382,73.19623684848484,14.955712727272736,17.3052203030303,-2.9243236363636425,1304.4917636363637
1902,1902,was,546.265,546.385,0.737,40.20578985714286,-14.58847222857143,44.07645457142858,-3.2040827,11.736880571428571,961.8028142857144,-260.7637624999999,-138.20891107142862,484.86717142857145,95.09541535714283,-293.70653214285716,2879.7808928571435
1903,1903,passed,546.445,546.805,0.871,37.56205733333333,-30.832527609523805,29.731778076190476,3.142028222,16.58916761904762,593.4580942857143,-38.7631064935065,-18.14670277272727,31.120778610389614,-49.134384819480516,-47.78312792207792,-306.3818850649348
1904,1904,at,546.865,546.925,0.746,42.068438500000006,-7.824265666666665,31.841669999999997,15.294875999999997,13.201947500000001,686.9849333333333,3.755887142857103,287.8249731428572,28.05809714285712,192.2127,-344.74277000000006,6098.430428571429
1905,1905,the,546.945,547.025,0.882,49.6393756,-14.809694060000002,12.313352999999998,14.57444806,14.674512400000001,956.9391400000001,148.19985499999999,361.1659655,-545.9916565000001,-358.3535985000001,369.5405850000001,-1803.0400000000009
1906,1906,roundtable,547.086,547.666,0.755,45.59453225,-12.5000414940625,17.8580366578125,3.311239040625,24.018558218749998,598.9993221875,-18.96303225806452,70.19575108366936,60.91964855342742,12.601196161107039,-1.2122301228005872,368.79811537756603
1907,1907,discussion,547.686,548.206,0.85,32.318771000000005,-32.05144685555556,37.42857496296296,10.941483282962963,16.645435814814817,819.4472607407408,4.87150610500611,-25.911554075091587,-4.5675630860805825,66.31490190964594,34.15419258241759,23.54902899877905
1908,1908,where,548.226,548.386,0.799,53.039097222222225,-9.42795978888889,0.11056824444444491,-3.1131524555555554,26.11101888888889,926.1532433333333,61.052346666666686,-275.4155134166667,-228.25305733333335,-79.56583183333335,-0.7287624999999991,597.8567000000002
1909,1909,I,548.426,548.466,0.501,50.2700915,-29.16633925,-2.0319468499999997,0.6982943999999999,25.7308905,771.6424,23.251489999999933,238.82657500000002,175.25892100000007,164.00260460000007,-2.4963299999999937,4103.966
1910,1910,was,548.486,548.606,0.631,45.37438728571429,-7.817211557142857,29.543675142857143,6.619789617142857,25.620889285714288,709.5508157142857,-58.14170535714286,86.84684803571427,334.38835535714287,1.588881500000006,3.261308928571437,-2211.8826964285713
1911,1911,on,548.686,548.767,0.853,47.735523,-12.34039686875,14.808600124999998,-6.8490560500000015,27.632279125,679.1235712499999,-70.86558571428569,83.66329032738093,127.81763035714282,321.4009195238094,7.726463690476189,1989.8198750000004
1912,1912,that,548.807,548.947,0.942,46.76874522222223,-25.687466255555556,22.025873444444443,14.746516455555556,19.913915333333332,639.9081466666667,9.096752499999996,-67.02654233333332,-48.694891666666656,-37.56609616666669,-164.4276216666667,-1913.5559083333335
1913,1913,panel,549.147,549.507,0.752,40.50241010714285,-10.694371715178573,20.43472632142857,2.83057393,16.53429721428571,799.2807310714286,44.27405576081007,23.695884904282973,-12.201855952380951,-65.15416777066228,70.42165164203611,-64.75383593322388
1914,1914,discussion,549.847,550.287,0.918,33.4206022051282,-25.561876544871797,36.01293925641025,14.493467120512824,9.18095123076923,850.6532966666666,17.54809407894737,3.6330815379554635,16.135286690283404,2.169607061740891,28.041167044534415,273.80971923076925
1915,1915,with,550.307,550.468,0.829,45.625842,-3.4916693333333333,22.421701111111112,9.09972511111111,15.625487555555557,608.5354522222223,-64.9053766666667,-3.7506701666666653,55.44367500000001,145.3513891666667,-230.91427083333338,-2422.889041666667
1916,1916,President,550.508,550.868,0.83,47.23274985,-15.432553069999997,22.745775869000003,12.0847575775,24.003246549999997,746.0250424999999,17.493310338345868,-5.044953338345859,10.499935280451126,4.9616969304511285,32.75303695488722,791.3542109022558
1917,1917,Obama,550.908,551.208,0.823,46.3941305882353,-11.399359949411764,8.9177052,-11.631341141176472,26.85511623529412,771.4849658823529,-11.067886151960794,-30.68380053431372,7.651913406862744,17.689448823529407,9.51348259803922,-1049.9443811274512
1918,1918,at,551.228,551.288,0.788,43.26753525,-12.702184524999998,26.289763750000002,11.246137325,20.57284,942.2481175,-117.72527500000007,301.48394850000005,56.92074500000003,284.5722435000001,-407.04028000000005,2240.0693500000007
1919,1919,the,551.328,551.388,0.999,45.791272199999995,-9.850024520000002,19.7797359,-3.92665432,21.5360358,931.1437819999999,182.33546000000007,513.0564420000001,-61.76274500000003,-476.3905035000001,262.3572850000001,-1666.0725000000011
1920,1920,White,551.428,551.628,0.965,47.1240295,-28.615301133333332,21.464070808333336,-1.7782421666666675,31.105401666666655,676.6902816666667,-36.36999195804194,-68.799792027972,79.50271274475524,252.53903811188806,20.281842307692312,-1825.5876398601395
1921,1921,House.,551.648,551.908,0.775,41.163963,-27.56327117857143,18.16882957357143,-3.6776451571428574,3.0925075000000004,530.7289114285715,-108.74058329670328,51.82149071428571,144.58628984505495,-78.9280956043956,9.5980310989011,1500.9563912087908
1922,1922,"And,",552.088,552.209,0.823,44.088767133333334,-17.763490166666667,34.7705966,12.95805202666667,17.0625352,675.5865173333333,41.05054767857141,161.98230419642854,-66.40172839285712,102.5053679642857,112.4508357142857,-521.875764285714
1923,1923,you,552.609,552.689,0.145,30.222954249999997,-25.478697141666668,33.440809791666666,20.277762708333334,7.527634166666668,773.6270037499999,-12.098801521739132,5.628534930434781,4.146893456521739,-5.6457394130434775,-6.351088956521742,-722.7915463043477
1924,1924,"know,",552.709,552.829,0.367,47.060239857142854,-12.882528928571428,17.756532571428572,9.975621685714286,26.59760342857143,630.5129728571428,-32.16079999999999,199.30699285714283,43.91915714285712,97.08080125,-18.21351071428572,3712.858357142857
1925,1925,the,552.849,552.929,0.862,39.825087999999994,-1.94452168,36.8705846,25.0312126,5.237608,517.350156,-170.42164000000002,112.41657200000004,189.43884,105.61684500000001,-261.8804000000001,-2904.4615000000003
1926,1926,trial,552.969,553.349,0.885,42.17096871428572,-26.082458590476193,15.032564142857144,-9.325286157142857,25.43840019047619,687.7137161904762,44.78242714285714,159.70885133766234,-30.315437214285698,-133.84995799999996,49.90296720779219,384.03671948051954
1927,1927,lawyers,553.409,553.809,0.787,44.78057791304349,-23.298466786956524,19.921544747826086,-5.539611347826089,27.94917295652174,921.8729269565217,-17.53272465415019,-108.98626599308294,43.81301023715413,127.17294036561262,-17.82256274703556,440.0341571146245
1928,1928,have,553.85,553.99,0.798,39.35702088888888,-13.9628407,30.570511888888884,6.47000041,20.103478222222222,921.5606855555556,223.94821750000003,360.5636886666667,-288.28940750000015,47.105819441666675,137.03147583333336,-822.76865
1929,1929,weighed,554.03,554.29,0.9,42.48991773333333,-11.383842518,35.58927406666667,12.189358193333332,27.215022733333328,723.9322373333333,-54.2571219642857,-87.32231124107142,142.21486660714285,172.27239483928568,6.283147142857147,-199.70618571428557
1930,1930,in,554.35,554.45,0.77,46.078366625,-20.57060775,25.274579799999998,18.146127275,29.355529875000002,682.35270375,48.96577797619045,-39.145689285714255,-199.75274357142854,-41.72725392857141,-4.739018452380952,3750.693446428571
1931,1931,on,554.55,554.63,0.78,47.15191511111111,-20.399048444444443,10.200249833333334,-7.93014642222222,28.908338333333333,860.0667855555556,-33.77501250000001,38.37419916666669,123.4112621666667,268.77085616666676,-6.862180000000005,1217.4252250000002
1932,1932,that,554.67,554.89,0.905,45.230415,-40.44486815384615,20.643355153846155,8.94650086923077,30.224907307692312,545.6609438461538,-43.135252747252736,-16.773243956043945,-32.473396428571434,-37.59341607142858,30.040915384615378,-1472.310607142857
1933,1933,and,554.95,555.01,0.994,46.69795716666666,-29.905728,33.934447166666665,20.56980616666667,28.961488,938.6408783333333,-78.89999285714279,438.11311714285716,137.45702714285713,156.54939285714283,-36.347577142857155,1118.6095285714277
1934,1934,have,555.05,555.15,0.848,45.29241185714285,-9.225803914285715,34.33572971428571,23.513672142857143,25.477197714285715,918.3901371428572,-42.096546428571415,357.58835642857144,-19.759324999999993,105.12442499999999,-16.289903571428585,776.3033928571427
1935,1935,been,555.17,555.29,0.877,44.859839428571426,-23.697993857142855,29.064613285714284,24.06553071428571,24.962178142857145,955.7339285714286,-13.104039285714272,-85.22376607142859,-79.34587857142857,-58.96144107142854,-21.51855714285714,-469.8739285714287
1936,1936,opposing,555.33,555.771,0.91,43.44049984,-11.6257619288,30.1081374,6.01163132,23.52612236,777.7107464,6.746455461538455,4.354971850000001,59.00451284615385,18.85901307692308,40.59098634615385,-970.5149707692307
1937,1937,it,555.791,555.871,0.762,49.583444199999995,-26.7976016,21.829830800000003,9.392883300000003,15.596177399999998,963.7714239999999,159.26543500000005,165.93932000000007,-344.115315,-407.5076675,389.74238,649.1897999999995
1938,1938,all,555.911,556.031,0.833,46.6222145,-6.973656525,14.92926,-32.615074375000006,28.119167625,823.16797625,-38.58117738095236,98.41885988095235,77.12216904761904,140.04957083333332,14.192583928571416,1294.6483749999993
1939,1939,the,556.071,556.131,0.999,49.5404388,3.4190990799999996,16.814926800000002,-22.4743838,28.7036018,871.048,-98.91184,279.138001,88.60074500000002,55.256539999999994,1.4481200000000174,-1821.733000000001
1940,1940,way.,556.171,556.271,0.969,47.089150714285715,-28.578240928571432,21.746621342857143,3.6036859714285714,29.094353714285717,654.4893857142858,-43.34627857142854,-154.00243125,218.70637357142857,422.3894325,4.499312499999996,-3849.4516607142855
1941,1941,And,557.309,557.39,0.827,34.04226089090909,-28.619750297272727,23.00908989818182,13.12350962181818,11.245624909090907,793.2703352727273,15.58343631673882,-10.81394149007937,-14.980207753968259,-34.07856110497836,19.49972696248197,181.37717546897557
1942,1942,it's,557.43,557.57,0.751,34.093996499999996,-27.680885259999997,46.5897571,9.01048202,18.800140300000002,909.381094,-132.56814575757573,104.53859230303027,76.29745848484848,-145.51231860606057,-57.092588787878775,-338.90536363636375
1943,1943,not,557.61,557.75,0.859,43.89992575,-26.1561601875,8.68525860375,-4.119719585,35.18881625,628.1322425,41.781746428571424,-57.29909255952379,-74.43996061309521,-31.297443452380925,12.40186666666668,1144.6275833333336
1944,1944,the,557.79,557.89,0.837,42.07677857142857,-20.854342142857146,21.917020714285716,9.710632385714288,22.403044142857144,971.5440428571429,24.868496428571436,89.24055000000001,251.65701607142853,177.16385571428577,128.70092678571427,349.7399107142846
1945,1945,magic,557.93,558.251,0.995,37.74361778947369,-23.210823557894738,36.991485315789475,12.900796734736844,20.14419210526316,577.9703,-32.462326578947376,116.69963389473688,104.81001368421055,68.57479064912282,-54.91107649122808,78.73867719298242
1946,1946,bullet,558.291,558.571,0.87,44.04701625,-13.467238001875,22.817817,-11.680293012500002,21.774095187500002,924.997589375,12.565627058823528,-27.070493803676477,-26.612027794117648,-12.949174544117671,-1.2653850735294074,-776.6366301470588
1947,1947,that,558.591,558.691,0.619,36.552508499999995,-14.4044479,43.70011133333333,18.563153550000003,9.043919333333333,785.9318200000001,-112.54113000000002,-2.5675980000000074,175.1904857142857,-206.89263642857148,-155.45368000000002,4781.258342857143
1948,1948,solves,558.731,559.051,0.707,40.912962444444446,-19.84173106111111,25.032433992222224,-8.291186759999999,24.59607961111111,884.8898100000001,31.570548194014446,96.2528562383901,23.822766131062966,22.71801136635708,40.058716253869974,-337.24668937048517
1949,1949,"everything,",559.131,559.592,0.871,45.15953100000001,-22.395585803703707,25.387962769999998,16.358130102222226,16.75797296296296,742.7705244444443,-12.182313675213676,34.04249211233212,83.41467959096461,41.699501427350455,-51.753070940170964,-1088.2734420024424
1950,1950,but,560.073,560.233,0.888,32.27631521875,-11.959765180000002,21.378357390625,17.334930171875,9.890645875,845.013353125,3.886767402859237,-26.00276175989737,-15.706928972690621,-42.00039912115105,23.014860502199415,167.74734237536663
1951,1951,it,560.273,560.333,0.895,38.7585982,-15.058704980000002,41.763372999999994,26.5651634,6.2385224,583.548758,-44.34313500000007,302.7822325,25.873645,139.71725000000004,-311.92612000000014,-12036.732800000003
1952,1952,does,560.413,560.673,0.741,40.17518735294118,-25.177632135294118,21.02465438823529,1.9307059941176472,25.310094235294116,723.6464835294117,19.812046200980387,-56.940871384803906,-10.562121495098047,-58.07722269607843,63.04899558823529,440.6602892156862
1953,1953,have,560.753,560.933,0.909,40.95059507692308,-35.3582583076923,22.00175038461538,8.359876676923077,26.16986230769231,709.3113046153846,89.15041895604395,59.23873131868131,-112.03151675824176,21.21931304945054,92.042278021978,425.69610164835154
1954,1954,an,560.974,561.034,0.75,46.8224168,-11.32867472,33.7540432,22.824541,28.407571,586.542912,-141.5048700000001,428.17416900000006,78.56269500000006,171.60568000000004,-20.138540000000024,-781.5495000000014
1955,1955,impact,561.094,561.454,0.926,41.673436,-27.36203245238095,24.599028714285716,18.144440855238095,19.14535652380952,701.8754152380952,-8.901024610389609,-61.62976131168832,-27.595977597402598,-18.034263468831167,-25.51158811688311,-679.6408480519481
1956,1956,and,561.514,561.594,0.466,40.243729428571434,-26.72196742857143,39.21800314285714,17.938493714285716,25.680669571428574,743.670407142857,111.04854821428574,71.09706785714289,-73.37240178571432,-2.712023214285713,150.77274107142853,-253.58807142857106
1957,1957,it,561.634,561.694,0.837,40.29504380000001,-11.25380565,45.619398800000006,27.9180836,5.7371616,760.0655800000001,-22.500980000000016,410.54682975000003,-2.335999999999985,213.74621000000005,-286.85808000000003,-5207.500400000002
1958,1958,does,561.734,561.955,0.694,43.1821876923077,-20.293913461538466,30.548908769230767,0.8157793692307685,20.552336384615387,698.0769684615384,8.296575,63.200367857142844,18.104258791208775,-96.41832112637363,43.59388214285713,1378.5425274725274
1959,1959,lower,562.035,562.295,0.878,49.43139441176471,-5.378889614705884,14.293334759999999,-11.114045394117646,25.10382605882353,835.8456811764707,37.60325551470588,2.2079308210784316,-51.9426781372549,10.324899350490192,29.108571691176472,-98.15515073529413
1960,1960,the,562.315,562.415,0.757,42.509546333333326,-11.673048466666666,26.1104575,10.561821433333334,21.500224,950.14569,-149.66475142857144,165.76169771428573,-61.16779000000002,-52.46331571428571,127.87416857142863,1570.2205428571424
1961,1961,cost,562.455,562.755,0.85,40.44883511764706,-19.842677899999998,24.037942882352944,-13.788536046470588,14.091330882352942,889.2329582352942,-50.68395588235294,17.870860024509803,184.63911230392156,67.71670076593136,-74.85053124999999,1031.320432598039
1962,1962,of,562.796,562.856,0.826,41.9412116,-8.40082246,33.6191428,16.28529566,15.4994098,1012.3726920000001,-12.87034000000002,180.22766250000004,70.12254499999997,237.33062700000005,-395.5481050000001,530.3566999999986
1963,1963,care,562.936,563.216,0.815,42.90590088888889,-23.213961672222222,25.143478027777782,16.287284399999997,19.796264722222222,790.8259655555556,83.47617812177502,-16.308970954592358,-132.0646342879257,-8.49087926728586,74.49195485036121,534.2972352941177
1964,1964,due,563.336,563.616,0.676,41.100641499999995,-3.16501949,33.10898039999999,33.29215119999999,21.84844555,850.0787455,22.84922413533835,-19.313723165413535,-30.026579473684205,-30.45091962406015,30.953233796992482,-398.91955375939864
1965,1965,to,563.636,563.677,0.0,49.33913233333334,13.372000333333332,14.242161333333334,1.9425097999999998,23.83049033333333,900.6502466666667,-69.15459999999986,195.29639999999986,-118.97954999999992,-116.24417499999996,-23.911124999999956,216.1065000000007
1966,1966,"one,",564.237,564.397,0.749,41.230811555555555,-12.913843537777778,19.206972652222223,6.057306386111112,18.212367111111114,679.729676388889,22.237116653796644,7.536015555469754,3.6022336957528927,-17.82082287966537,38.726051853281845,-765.4064296653795
1967,1967,is,564.658,564.778,0.866,39.50609436842105,-11.030518835263159,45.38808615789473,24.658488263157896,18.603088368421055,576.5119963157895,-3.2015173684210496,17.72800461666667,1.4023557894736864,11.613093771929828,11.473282631578948,-308.30959912280696
1968,1968,the,564.798,564.858,0.249,42.48375525,-20.020079749999997,30.7362545,24.213525999999998,12.5366535,973.7948575,-56.273225000000004,-18.998155000000008,18.930770000000006,82.36638000000002,-503.6652000000002,5125.05015
1969,1969,physicians,564.878,565.338,0.855,35.205897916666665,-18.684993645833334,49.365744041666666,15.310910170833333,25.03906729166667,689.3145404166668,-13.214300565217389,-1.2871447978260875,34.354617021739124,4.284730254347824,-5.635198195652165,449.2064941304346
1970,1970,aren't,565.378,565.539,0.864,48.5590136,-19.01339072,5.596815067399999,13.86506701,18.7999555,961.726813,-75.15690424242422,184.23001278787874,34.04661105515152,69.80276439393938,-175.74477727272725,715.6958636363634
1971,1971,paying,565.579,565.819,0.843,43.093436571428576,-15.87411531857143,37.43720125,20.153245642857144,21.87000978571428,652.2419907142857,20.882475164835174,107.86980843736261,77.70817148351648,-30.502513076923066,30.84692736263735,140.53475934065935
1972,1972,such,565.859,566.039,0.734,28.63974587272728,-28.125835000000006,55.780816454545466,14.599502763636364,9.29876309090909,958.9872627272729,-60.91058618181818,-32.725975000000005,7.901129545454551,48.93176040909092,17.337349090909104,-1834.2485227272734
1973,1973,exorbitant,566.119,566.64,0.886,45.873151899999996,-10.608812360566667,24.074073570999996,14.422438443333332,21.72181786666666,874.8636240000002,36.63866005561735,-20.83007776939933,-94.60371351001112,4.768260650723029,-8.061410545050057,561.6204071190209
1974,1974,rates,566.68,566.9,0.806,36.15436423076923,-18.79599366923077,35.159155061538456,20.88443493,16.824056615384617,729.515056923077,-153.29247884615384,-63.00002186813186,304.9585664285714,20.32960416483516,-151.2996258241758,210.8316840659339
1975,1975,for,566.92,567.04,0.821,37.810407,-25.007836999999995,30.729131,21.71835242857143,14.657669857142858,959.2267728571429,199.17678392857138,236.22607857142856,-57.16787678571428,53.363419642857146,269.9240446428572,-2636.1209464285703
1976,1976,their,567.06,567.22,0.851,49.74204833333334,-20.187128555555557,13.531265155555555,14.859951944444443,24.87512388888889,961.0475822222221,98.26943583333335,56.960294166666685,-328.0010848333334,-158.20514683333334,4.37426583333334,-959.2497666666669
1977,1977,own,567.26,567.381,0.828,48.280055374999996,-10.368610125,12.4072935275,3.9440661875,25.59451675,872.8071312499999,-82.94318511904761,232.6995303571428,198.5444855833333,251.22312172619044,-2.1872904761904786,2732.3642083333325
1978,1978,malpractice,567.421,568.081,0.778,39.55692388571429,-27.78842578857143,23.730924615142857,6.704434247714285,15.5515554,707.0247677142858,-44.08148523809522,-3.7180179663865487,79.63545161876748,2.786559403501399,-26.675949285714275,652.4255819327728
1979,1979,"insurance,",568.121,568.582,0.814,34.111971135999994,-24.245966076,42.1621506264,18.9809835976,14.613641159999997,836.0745512,12.380933561538463,29.45803085769231,-31.66214021923078,-73.82920048076923,-37.39391138461538,1002.6218696153846
1980,1980,and,568.982,569.102,0.614,31.11380807692308,-32.50882836153846,37.239096461538466,17.645096952307696,9.519220115384616,679.1892115384616,53.34730622222221,34.63079153162391,-13.492582256410254,36.06566165470083,67.54491878632477,-1555.2056670085465
1981,1981,"two,",569.183,569.343,0.916,33.250494833333335,-25.88773561666667,39.624241833333336,12.169163463333334,18.145393000000002,766.3706824999999,84.17095314685312,-34.30711272727274,-81.5188325174825,-23.496878230769227,230.35268006992996,2443.037655594405
1982,1982,they're,569.383,569.563,0.593,42.30199654545455,-18.56241701818182,29.056838636363636,24.693336999999996,30.354712363636363,958.4053336363638,19.227366818181824,-25.10625431818183,3.7122986363636405,16.77985772727272,-29.766446363636362,1474.6056818181821
1983,1983,not,569.603,569.763,0.879,43.5579313,-36.5451544,11.05207515,-0.6722420969999996,21.2869348,571.810444,-34.76865363636361,137.97812606060603,7.110551969696971,129.92333319090906,-187.0376363636363,1747.8810363636362
1984,1984,ordering,569.923,570.244,0.832,49.301586083333326,-8.503606107916669,8.151911604166665,3.3947041124999995,26.109325458333334,881.3005362499999,17.809700347826073,-14.166280681086956,43.662844967391294,87.67744190652174,39.15254249999999,-222.47679369565222
1985,1985,as,570.764,570.904,0.685,34.20315557575758,-29.85802990909091,27.84628057575758,15.557833872727274,10.980035727272728,624.8770654545456,15.911191594251338,-31.392893549465242,11.841634491978606,-27.314485725267378,46.10995076871659,100.63558038101604
1986,1986,"many,",571.005,571.285,0.742,38.88258042105264,-13.464130978947368,43.115170789473694,18.532426936842104,29.239788263157894,675.9677136842105,-9.577923947368424,13.69957601754386,68.68934833333334,3.67396945614035,0.7994533333333348,-1513.405842982456
1987,1987,I,571.565,571.625,0.733,36.06001805882353,-11.522714282352942,24.366101350588238,8.384165164705884,19.733478647058824,647.718401764706,80.38582120098039,-107.394263247549,-144.06376646323528,-50.14318632352939,28.327463235294115,-147.89364215686263
1988,1988,"believe,",571.665,571.966,0.832,42.04086000000001,-4.59914534117647,37.76201323529411,8.482869529411763,27.17923411764706,729.3591282352941,-28.07823419117647,-81.6422532230392,71.72024203431371,155.61723664215685,-11.869833333333336,-754.5266127450981
1989,1989,expensive,572.006,572.526,0.862,36.13595035714285,-15.77533235,41.73067539285715,18.206385607142856,11.171833857142856,890.3175346428571,8.533592255062938,38.34349153256705,-11.563894704433496,17.18590764915161,6.4185158730158705,509.8735551450466
1990,1990,tests,572.566,573.027,0.916,32.5158648,-35.41983866,30.72474428,7.642147120000001,11.54436264,687.9637768,-42.737634923076925,66.3136955576923,56.00016715384615,-5.9733114115384645,-43.40625703846154,63.35778730769233
1991,1991,as,573.688,573.828,0.7,30.894794100000002,-30.783868141,26.56011861,12.21200171375,9.64245935,583.0125152500001,36.22461237335835,28.637301582739212,-6.8571188452157585,-10.887309549015011,46.515379906191356,-588.6931423545966
1992,1992,defensive,573.888,574.408,0.909,38.14867572413793,-16.777302876206896,37.69765768965516,16.56036072275862,15.499110206896548,809.6672289655172,2.6081370197044342,-1.2505831830049237,-17.069196724137928,-1.6232489379310304,27.151875517241372,62.1360743842365
1993,1993,medicine,574.468,574.849,0.896,37.738636727272734,-22.90772709818182,34.30438756818182,10.213446463636362,21.681792136363637,821.6153709090909,-25.748873630717114,43.3043418769057,66.95446418690005,-8.830611202710333,-41.417618887634106,95.03164370412188
1994,1994,to,574.889,574.949,0.755,41.1204926,-12.02342824,32.01999500000001,27.00755,0.0,1068.4950800000001,11.613230000000005,215.18241550000008,-146.19827500000005,127.993995,0.0,4339.493
1995,1995,protect,574.989,575.289,0.856,41.69486811764706,-24.854459588235294,23.573460588235296,20.37625461764706,14.794148647058824,752.7089035294118,-38.8446138480392,-7.778358700980399,10.749355759803915,-6.9390973651960834,-69.14657426470586,-2203.697916666667
1996,1996,themselves,575.329,575.81,0.948,39.75460565384616,-19.825381709230776,28.102663792307688,-1.5641847634615382,19.380367384615383,806.61309,22.432085521367515,4.271258170256404,-45.52707454017093,-108.39326325897432,9.00162714529915,-860.695803076923
1997,1997,in,576.491,576.631,0.832,30.782054952380957,-16.311072214285712,35.32560011904762,16.28081614285714,11.585836142857142,674.594010952381,30.372727615266182,29.052994343246084,3.0226663357912646,18.87057762417956,47.51978465278339,-702.0424831050966
1998,1998,case,576.791,577.072,0.843,34.495128727272736,-21.64944445,48.63380795454545,16.206704040909088,13.994722181818183,793.5591713636363,-18.223986617730098,-56.03438011575381,75.61395666290231,-16.879343413325813,13.368629531338232,859.8908924336534
1999,1999,that,577.112,577.252,0.802,37.83763533333334,-16.85707738888889,36.56902177777778,22.475851055555555,17.983469111111113,738.7085699999999,100.04929166666666,65.84245000000001,10.13198833333335,170.15587166666668,65.54808916666667,-5362.7800166666675
2000,2000,there,577.272,577.432,0.815,48.77431955555556,-26.842146222222222,17.22489668888889,17.410901222222222,23.84420522222222,833.18724,106.05972416666667,-29.013445000000004,-191.98213525000006,-1.209528333333337,93.98035583333335,2118.7579833333334
2001,2001,is,577.472,577.552,0.628,44.437007666666666,-13.538197016666665,38.999726833333334,4.3828196833333335,28.385783333333332,1006.0720500000001,-120.89222857142856,158.43680414285714,362.02321857142863,-328.95281957142856,17.919388571428552,2213.080999999999
2002,2002,a,577.592,577.632,0.491,47.364925,-2.1282058,20.32610425,-22.30924775,28.33451775,926.01027,-82.93054000000001,289.4128840000001,216.23087500000005,-235.11436500000008,10.313884999999972,-1866.8119000000006
2003,2003,lawsuit.,577.672,578.252,0.762,42.820293516129034,-18.03451633225806,28.66189034516129,-1.4025741451612896,25.7469115483871,881.6130948387096,-12.192101350806452,2.6571476471774167,56.82769015524193,137.0370385080645,-44.028188588709675,688.7167219758064
2004,2004,And,578.312,578.392,0.83,49.030389285714286,-26.08489857142857,24.833322428571428,19.31920014285714,19.979568,890.4182900000002,-34.70976964285713,168.47276250000002,65.88478750000002,153.52998035714288,252.8884892857143,5784.037446428571
2005,2005,I'd,578.452,578.593,0.639,44.2106498,-43.1334811,12.42857458,9.163704999999998,32.3500759,573.248496,-31.531023030303015,-9.603240303030297,48.17995751515151,44.40291757575757,14.27303484848484,694.9635878787884
2006,2006,actually,578.633,578.873,0.931,36.02990178571429,-33.10483169285714,37.96949110714286,17.59869725,21.074120428571426,780.9276342857144,-0.8557449450549445,169.24466497802192,80.05859752747253,98.33867201098901,12.74304967032968,1345.9941824175821
2007,2007,made,578.913,579.053,0.912,38.03166300000001,-22.744213988888887,37.281058333333334,22.99491055555556,21.93347822222222,773.4217788888889,-87.59435916666668,21.969928000000017,284.72838000000013,-33.48742750000002,-161.91683916666668,2217.707491666667
2008,2008,some,579.093,579.213,0.942,33.363696625,-8.3100675875,39.632440125,9.391190725,20.649729999999998,953.08964375,273.79047202380946,337.0865972023809,-409.91212202380945,73.49279749999997,195.6666595238095,-1531.2105416666668
2009,2009,recommendations,579.253,580.054,0.84,40.33597247619048,-19.824480604761906,33.583351080952376,23.325184214285713,20.792872023809526,843.6355754761904,-15.792918961186285,7.972589505712664,65.65961736001944,8.687622174053967,-9.04287766388461,-91.59157462928447
2010,2010,that,580.414,580.634,0.817,33.31331168965518,-19.46758796482759,30.982190172413794,17.055717213793105,8.526291620689655,730.4652610344829,43.08238891625616,19.478752920197046,-28.934453743842358,13.138416497536943,48.75342793103447,-791.1800421182264
2011,2011,were,580.694,580.834,0.879,47.1426899,3.1561544699999997,18.801485430000003,6.712307989999999,26.018821499999994,760.4340530000001,9.620820303030303,-36.92466257575756,46.754896696969695,129.0449048181818,75.78963666666664,10.786693939394056
2012,2012,not,580.874,581.034,0.686,48.898977200000004,-36.3832929,7.107157579999999,-5.30938372,31.910988500000002,455.285196,-39.90104848484849,-26.844748787878757,34.716590606060585,58.41244121212119,11.558925151515155,126.22499393939387
2013,2013,adopted.,581.074,581.555,0.842,41.92280142307693,-24.0889352423077,15.60828597846154,3.1009331719230766,22.309859923076925,624.1799007692308,-8.872185282051273,25.469167194871783,24.926902434188026,41.202885567350414,-19.74321798290598,38.7738287179487
2014,2014,It's,581.635,581.735,0.833,38.59948244444445,-13.344376633333333,44.31881333333334,26.387860844444443,17.562436,612.3480866666666,-146.73598083333337,-114.09135916666668,110.95475250000004,-194.36976633333336,-199.24037,4189.556250000002
2015,2015,a,581.795,581.835,0.227,40.5534794,-24.541795599999997,29.195366200000002,5.32896274,31.295248800000003,795.421702,313.6856800000001,266.16516500000006,-346.50768000000005,63.67159750000002,25.831684999999993,-434.51880000000114
2016,2016,look,581.855,582.015,0.581,44.29504544444444,-20.779735166666665,17.80964351777778,4.304441511111111,22.860860777777777,660.7158400000001,-142.03487416666664,-148.4001854166667,139.0939980666667,102.09900008333335,-262.65650000000005,2526.222316666667
2017,2017,"for,",582.035,582.135,0.84,42.009835,-31.595583833333336,20.33021666666667,11.107358483333334,16.772803666666665,761.9264983333333,230.25107142857144,428.18571,-127.58109142857141,-26.28329414285715,-144.5234828571429,3846.653214285715
2018,2018,even,582.195,582.395,0.683,40.61449646153846,-21.123662646153846,33.181995692307694,20.466402923076924,27.518991615384614,824.6019361538462,-5.011964285714283,35.55839846153846,-133.25734972527474,11.53160494505495,-49.546800549450545,3213.2873461538456
2019,2019,for,582.415,582.515,0.985,40.19968566666666,-19.66616266666667,19.47339285,10.638661466666667,17.043322833333335,1052.3332166666667,185.56099428571426,180.45911142857145,-258.47014100000007,-97.19375657142854,-147.8390528571429,-606.1952857142867
2020,2020,physicians,582.555,582.975,0.923,32.158126956521734,-20.97594399913044,52.72108565217392,8.958461439130435,20.077519347826087,822.4900269565219,-14.764659090909088,10.51056104644268,30.69126190711462,15.55119874011857,-32.37323097826086,11.686570158102835
2021,2021,who,582.995,583.116,0.899,33.562299714285714,-29.132391285714284,51.71881857142857,24.675603185714287,30.01653442857143,982.0408500000002,-27.539676785714235,66.8125464285715,145.32137499999996,-151.5221358928571,358.8683392857143,-637.3583035714298
2022,2022,say,583.136,583.296,0.754,30.949713188888886,-26.837283999999997,49.84089677777777,15.58176428888889,20.653253,942.7675966666668,130.53934600000002,116.3592841666667,-121.66887083333336,246.41542400000003,-88.72089833333341,-1612.7775000000004
2023,2023,take,583.336,583.536,0.799,39.267340250000004,-31.74248683333333,33.12315791666666,15.163417391666668,22.120712999999995,624.5356633333334,57.631601223776215,52.15375104895103,-64.22088653846153,24.688558828671322,60.48028776223776,1369.005227272727
2024,2024,a,583.556,583.596,0.346,33.977865666666666,-17.651024333333336,43.887701666666665,5.6055082999999994,0.0,764.4798999999999,-480.8387499999997,-62.34087500000001,639.9103749999997,-443.04563999999976,0.0,24086.057499999988
2025,2025,certain,583.636,583.876,0.924,36.96230928571429,-19.578551864285714,23.983928931428572,13.113715978571426,12.383167642857142,877.0917921428572,100.06015450549451,228.7858657032967,-147.32427479999996,58.84729165934065,-32.623686923076924,-1109.507587912088
2026,2026,percentage,583.916,584.336,0.906,34.300450204347825,-26.496594869565214,43.536788152173905,12.10456722173913,21.882630043478258,921.3227682608695,7.3965314031620535,-26.562542391304337,79.57004929347823,44.78168412549405,56.98806753952567,138.50352420948613
2027,2027,of,584.356,584.416,0.618,42.47381075,-24.67882775,37.799069499999995,17.266603749999998,30.832623750000003,1081.1601625,92.41394500000008,-56.46470500000003,-203.0091700000001,49.89255499999998,-2.943385000000005,4464.425250000006
2028,2028,their,584.436,584.577,0.881,42.521721125,-29.722495875,20.69044675,19.815173875,11.581754375,1028.0011425,-91.17080416666664,84.20235654761902,-127.71414642857138,20.181635119047616,-276.46097440476194,-684.7232023809528
2029,2029,practice,584.597,584.977,0.895,38.402734249999995,-34.13147895,25.3630912,12.7532079005,20.116792750000002,770.7058334999999,-70.98533537593985,73.16535439849625,180.03605496240604,-3.8994504898496256,-56.843806052631585,1094.5196424812034
2030,2030,as,585.377,585.477,0.75,30.745237000000003,-31.074898864,30.580702705999997,12.703269316,8.35479248,663.8642839999999,42.41174323076923,59.951958492307696,5.790475163461537,-19.27833422307692,72.29426792307693,-214.3441807692309
2031,2031,Medicaid.,585.537,586.138,0.842,39.7399302121212,-20.90292267878788,36.92243042424242,19.516735336363638,23.037495757575755,730.7265406060606,-11.917857085561499,1.2847764739304826,42.077053041443854,6.085325972593582,-2.969137065508024,-340.963705882353
2032,2032,And,586.218,586.298,0.788,45.31940925,-9.227333825,43.93883225,28.421839124999998,27.089644999999997,771.5260724999999,33.9411142857143,193.00937321428572,-178.1336714285714,-17.20558869047619,7.469609523809526,-1285.1908928571424
2033,2033,we,586.338,586.458,0.878,41.978949625,5.69794360375,39.666524249999995,19.941929875,29.144778249999998,672.7623912500001,-23.54493630952379,0.768233351190483,137.8142357142857,83.12246130952379,5.831286904761902,167.14789880952307
2034,2034,know,586.498,586.758,0.804,48.34597613333334,-12.59755664,10.066313003333331,-11.388224714666668,32.12712053333333,649.0815866666667,-1.7295899999999953,3.97798125000001,-120.4466657053571,-242.72896318571424,-2.8155024999999996,1752.4938892857142
2035,2035,that,586.778,587.498,0.889,35.553427702702706,-18.147958891891893,22.94861804864865,13.116888737837836,7.644020378378379,709.2245913513513,6.191040504978664,-9.81757831910858,20.922369084874354,27.60936617828355,18.334740291607403,-654.4077131341869
2036,2036,reimbursement,587.719,588.439,0.905,40.40845829787235,-6.955042194893617,28.215502829787233,15.319960947659576,13.851530212765958,868.9369968085106,-1.1356222421369093,-17.349643799664666,14.170471398011102,-9.373164955365406,19.23554162812211,15.521533533765048
2037,2037,to,588.459,588.619,0.54,35.27057877777778,-15.720037322222222,41.66115433333333,15.606575904444444,8.916881555555555,718.8975033333332,-0.3473274999999957,93.47634483333333,-15.294909166666677,51.900445483333336,-68.80914250000002,1624.691241666667
2038,2038,physicians,588.639,589.16,0.858,34.29374714814815,-16.842353648148148,48.988327296296305,8.67780385074074,16.490515185185185,832.1215581481482,-6.7118999084249085,-7.666320665445666,-2.8752766178266183,20.964017139499397,-4.498414682539681,494.5052426739928
2039,2039,for,589.22,589.36,0.652,34.3269162,-21.40227446,27.2771408,10.261846259999999,16.3972089,847.709728,207.15180848484852,300.2364829696969,-301.46177636363626,37.6551229090909,195.47979484848477,1016.3182787878785
2040,2040,Medicaid,589.4,589.9,0.832,43.40579037037036,-21.540118685185185,39.24237674074074,18.938587814814813,22.836761481481478,511.0152925925926,-12.83114975579976,7.592350503663006,65.15958342490846,38.08821120268622,1.6811186202686215,188.75252106227111
2041,2041,is,590.22,590.3,0.737,27.402840750000003,-14.8125368482,39.88760565,17.84559525,12.97784,856.7562795,-28.309021466165415,-26.972690679849634,42.690295225563915,-71.39432733082708,39.202369624060154,-221.2290883458647
2042,2042,quite,590.38,590.581,0.847,40.45898471428571,-24.96824634285715,16.771735210714287,-3.333684742857141,11.0123845,715.5893921428572,82.81774175824175,7.631026109890108,-28.64293942307691,97.55882953846151,16.53699835164835,-2169.2199439560436
2043,2043,low,590.621,590.821,0.897,48.215426,-11.319806458333332,-2.7408092916666664,-27.15661466666667,23.45593475,689.7467083333335,10.084521328671348,26.581596206293703,-117.78077403846153,-64.75678986013986,-178.87619353146854,-273.57541258741276
2044,2044,and,590.901,590.981,0.953,47.499519125000006,-26.5443112125,26.076168375,10.211104975,18.253668375,595.5874075,-39.9418886904762,193.91828541666663,265.9388113095237,228.53574107142856,96.49753392857139,-2915.1735952380945
2045,2045,for,591.021,591.141,0.766,45.722347625,-25.31840675,10.289142761125,9.9122795545,16.263487125,798.011665,150.70023392857135,-41.816316666666665,-226.07575163988088,-61.36304243571427,-4.600829166666683,-184.3199642857139
2046,2046,hospitals,591.201,591.721,0.784,40.60236051724139,-16.673855862068965,23.03801213931035,-8.944465956896552,16.61886965517241,746.8255744827585,0.766489532019703,76.63725400985221,33.8481704955665,-29.516204486453194,-5.959773423645323,691.7997155172413
2047,2047,and,592.142,592.262,0.768,43.474414518518515,-23.012395374074078,29.947681629629635,5.568412248148148,13.465583259259258,528.0222625925926,8.474539682539682,-4.846188595848598,-0.48540399877899415,32.09940583333334,53.0745345848596,-48.28861111111106
2048,2048,for,592.302,592.422,0.753,47.062473499999996,-21.103038,7.0529128750000005,3.894737437499999,22.398541,954.1705125,165.39752619047616,226.32131309523808,-481.62591488095234,-209.8956926785714,202.49601666666663,-677.4308928571422
2049,2049,other,592.502,592.682,0.855,50.38689107692308,-18.327564200000005,3.3707662246153847,4.769157215384616,21.142758153846152,971.3419815384615,-37.74776153846153,128.0053470879121,70.09204154945054,80.29907178571428,-144.79541181318677,229.9221318681318
2050,2050,providers.,592.722,593.262,0.863,46.449289586206895,-20.594204613793107,16.07190089827586,10.0770957762069,18.159652827586203,829.0586648275862,-13.933524975369458,-14.302493160098521,81.41539353940885,55.30246452881773,10.389990665024628,962.1787100985221
2051,2051,So,593.843,594.463,0.631,34.66234324216667,-16.901498990166665,27.86123643333333,10.883288146933333,10.744200666666668,833.0655266666666,23.89998246203112,30.04952665519589,-2.7407186607390956,-3.2169136872131148,26.52782446235065,-38.164335398721896
2052,2052,maybe,594.503,594.723,0.986,46.25657853846154,-5.998744118461539,28.810641153846156,10.389484084615386,31.724081615384616,502.8444384615384,-28.14716620879119,96.31042933516484,27.6212956043956,33.94194436813187,7.311951373626368,-2128.871206043955
2053,2053,we,594.763,594.843,0.998,42.679699,2.426769443333333,31.938349333333335,7.142255453333334,31.279759499999997,697.5929,-132.7823428571429,-175.85111099999997,476.8181742857143,288.79000982857144,-2.0873414285714027,-4809.811771428572
2054,2054,could,594.883,595.024,0.76,38.078029111111114,-8.011083925000001,34.32733688888889,17.439480999999997,10.740181,678.8154355555557,29.97231083333334,52.95558033333335,-44.283219166666676,-50.082387499999996,-186.94092833333332,941.9585083333336
2055,2055,provide,595.044,595.384,0.93,45.45810244444445,-22.249051983333334,14.649920539999998,4.295668988888889,23.342984277777777,819.5873394444445,-27.63178080495356,-34.35507950980393,59.446910942208476,30.232889680082568,-55.74179819401444,-425.8910552115584
2056,2056,some,595.444,595.604,0.806,35.977602363636365,-18.961799636363637,35.577222636363636,4.250963436363636,22.126583454545457,1021.3517663636366,213.53593000000006,157.5650663636364,-164.4649536363637,172.1675332272728,157.92868909090916,-1464.4072818181821
2057,2057,tort,595.944,596.164,0.77,36.39414172499999,-1.6347316321428573,14.35735457857143,4.588591232142858,7.626671642857143,885.4301796428572,25.983145373563225,-39.992995414614114,-63.56929172961138,-66.3194140873016,7.537785030103996,-353.1485220306514
2058,2058,reform,596.204,596.585,0.881,48.45002771428572,-6.787242347619047,10.052359642857143,-5.085088942857143,23.018931142857145,874.620157142857,28.600362207792205,27.8484019025974,-20.974945136363637,-17.655145415584414,48.35859441558442,-0.7514623376623581
2059,2059,relief,596.645,596.985,0.762,43.943109699999994,-9.693098785,28.825477178,7.619793465000001,22.548188600000003,760.6751005,-65.25518827067671,-96.20006694360902,139.40063355939853,140.88171015413536,-81.02069789473686,-706.249382330827
2060,2060,for,597.145,597.265,0.993,30.809862214285715,-18.466156785714283,22.459832521428574,16.73467456428571,10.746173,877.3820328571427,78.87758428571426,113.8610750989011,-81.90848141758241,-83.11481005494504,146.6397692307692,-52.635984615385006
2061,2061,those,597.325,597.585,0.81,46.02021325,-13.144922552499999,11.43907836875,-12.777465575,34.7023215625,660.1743175,-59.89383558823527,-27.991977426470584,40.20615443382352,-108.67993905882352,39.02341639705882,1735.6072176470586
2062,2062,physicians,597.685,598.226,0.783,33.017973125,-20.239381029374997,45.184061437500006,10.733509521875,15.155560468749998,769.910625,14.636957056451616,20.92945009292523,14.657812390029326,27.728805521444286,-17.630499862536663,-11.987874450146577
2063,2063,who,598.266,598.366,0.996,34.77574042857143,-18.658306728571432,31.00049328571429,5.581431228571428,17.361266285714287,874.1731357142856,348.8230910714286,520.9645748214286,-408.5756732142857,-269.7629328571428,323.0421892857143,-726.8597321428568
2064,2064,are,598.406,598.526,0.77,48.394974375,4.5085080375,14.110546200000002,14.074194925,27.644506,822.52007,-118.39797440476188,180.90467113095238,282.68856380952377,327.51093273809516,-32.92954166666665,-2768.310178571428
2065,2065,doing,598.566,598.886,0.739,45.978046777777784,-6.136185212777779,23.99273806111111,8.38763426111111,31.549568166666663,681.1216483333333,22.06027585139319,-31.563817685758515,17.73070445304438,-24.92349313209495,26.563077760577915,-1667.949722910217
2066,2066,this,599.607,599.787,0.786,37.34324326666667,-15.653295465111112,29.70013477777778,15.942954831995555,15.55373577777778,799.286776888889,13.656642509881426,-13.594635723122535,17.704096086956525,-24.187771209115947,15.146032681159424,114.32145757575759
2067,2067,good,600.087,600.287,0.823,33.877371399999994,-6.588793212000001,36.788745,14.312618568,16.13125828,826.4496991999999,72.85102992307691,62.211203353846166,-92.38618799999999,76.78236027692307,69.76203130769231,-431.0104534615387
2068,2068,service,600.447,600.807,0.959,33.06717156923077,-25.59559042307692,26.351935,3.9274870630769234,22.107646538461537,887.0186938461538,40.81324066324784,0.9778690769230688,-39.61390940170939,-21.563482850598287,-0.11927011965811209,72.5406020512821
2069,2069,of,600.847,600.907,0.829,37.405611400000005,-12.29513098,39.276316,16.27420704,10.3121432,1157.95204,-53.34890999999999,185.214108,-25.449175000000018,225.02993300000006,-128.90113,2731.1265000000008
2070,2070,taking,600.947,601.208,0.859,39.08168313333333,-17.187532213333334,40.645774933333335,18.889554666666672,20.234470333333334,683.6125053333333,43.84465339285714,70.54997960714284,17.720956785714293,10.410504821428562,35.075709285714275,-381.7182964285711
2071,2071,care,601.248,601.428,0.876,42.51301618181818,-31.945693545454546,26.535006788181818,14.495152000000001,25.917873090909094,773.4417745454546,146.34725409090916,6.997006363636365,-321.8382574954546,-33.9346931818182,152.01938545454553,95.04939999999971
2072,2072,of,601.448,601.508,0.702,44.5128675,-24.994347749999996,14.3970535,16.22957475,18.34113225,544.06493,-103.65724999999998,521.9190150000002,350.18480000000005,184.1484150000001,-735.0419850000003,-10243.440700000003
2073,2073,these,601.548,601.688,0.8,34.59407977777778,-17.125890255555557,54.566582000000004,25.977011777777776,15.973312444444446,789.9802844444445,-66.88068416666668,-54.66744583333335,171.48107416666673,-142.21332500000003,-245.2788891666667,5586.243966666667
2074,2074,patients,601.748,602.048,0.781,32.62392694444444,-22.66090562222222,46.63003888888889,21.128710166666664,12.176053555555555,728.5372694444445,-9.3887459752322,37.6770323013416,77.05749504643966,1.5600215170278644,22.657282456140344,70.53928947368435
2075,2075,because,602.068,602.228,0.492,35.67750888888888,-23.01451577777778,40.73648022222222,12.30466061111111,19.697263333333336,1046.3504888888888,87.90147166666667,71.92630499999999,59.2284208333334,16.305409166666664,221.34868666666668,283.4132500000006
2076,2076,we,602.248,602.328,0.824,47.2204818,-17.47559114,28.8053878,28.1992098,30.6822432,941.5763999999999,-79.92479500000003,144.253008,-45.523959999999995,143.79145500000004,26.571454999999993,-5461.5915
2077,2077,know,602.348,602.508,0.876,49.49763733333334,-12.08563151111111,3.8433330733333335,-5.803963966666667,35.871604777777776,789.9762222222222,-44.640966666666685,271.73071150000004,-15.309703516666673,-178.4733915,20.1779141666667,789.2481666666669
2078,2078,patients,602.549,602.889,0.82,35.096945210526314,-23.991108321052636,44.07383342105263,21.160429736842104,15.84212315789474,862.7420442105263,-32.00402324561404,15.336332798245625,106.21448263157896,-23.196220438596495,-30.92555771929826,508.0620412280703
2079,2079,on,602.969,603.049,0.843,43.212289999999996,-11.5150725625,23.477135875,4.581245765,27.254048500000003,975.8269412500001,-1.7495571428571453,308.60233720238085,-53.56500416666666,171.352000547619,-15.599392857142853,763.8977083333338
2080,2080,Medicaid,603.069,603.489,0.766,42.05062363636364,-20.835966918181818,35.551764363636366,22.81597322727273,20.35164140909091,606.5075427272727,-6.266494974590627,-21.85686850367025,49.33752619988708,21.113842490118582,-6.224844692264257,-805.3955544889893
2081,2081,have,603.509,603.629,0.748,49.63767614285714,-17.688059971428572,11.514928471428572,1.2362417714285723,21.55035742857143,598.4358514285715,-0.8331892857142478,111.56627714285715,-120.84687107142857,-234.6158760714286,-4.586998214285712,2856.7859464285716
2082,2082,a,603.649,603.689,0.496,49.41236433333333,-21.983279,19.824821833333335,-13.759222666666666,16.49266833333333,667.9416033333333,-342.74224999999996,-185.16304999999988,700.7373624999998,134.22402499999993,-618.5149749999998,10106.702999999996
2083,2083,harder,603.729,604.009,0.796,48.2310586875,-14.4599016875,5.18344565625,13.29118375,22.7828415,922.541306875,-33.97675507352938,102.9492136470588,89.93766455147056,133.6161398529412,-7.841261029411757,365.4215772058823
2084,2084,time,604.05,604.29,0.804,47.10459935714285,-27.45485308571428,24.355186464285712,13.03042877857143,23.970949214285714,781.9842485714286,0.48984868131868287,162.82676892307688,-0.710749065934068,60.32762926373626,24.452314175824164,1483.2609230769228
2085,2085,getting,604.35,604.57,0.86,42.050469199999995,-20.57029253333333,43.098298466666684,24.3955074,22.401027066666664,634.7386326666667,15.113241071428575,-7.552189285714281,16.956544642857143,-23.374324107142854,58.14681017857143,-207.12140892857138
2086,2086,an,604.59,604.65,0.74,46.40394766666666,-26.724210999999997,32.108889000000005,26.08054866666667,25.039512666666667,1044.5130866666666,224.0253999999999,-335.04947499999986,-380.3352249999999,15.980424999999942,-19.93189999999999,-1618.888499999996
2087,2087,appointment,604.69,605.07,0.914,44.2249165,-9.010704336363638,20.943925614545456,16.985027709090907,19.591250772727275,767.3136713636363,5.505877780914731,-7.156646273291927,53.763900755505375,49.149217391304354,21.75137495765104,-1211.6353277809146
2088,2088,and,605.09,605.17,0.489,40.649498,7.777822775,37.7999455,25.3256095,24.6010855,813.306165,55.88727000000012,215.48371650000007,-129.84777000000005,-57.82372000000002,-14.833320000000034,3565.1418000000003
2089,2089,getting,605.19,605.41,0.93,42.62702216666667,-11.388450305833333,38.41067041666667,27.014086583333338,25.166752750000004,605.9911116666667,21.689565034965053,56.28816310664333,-9.547496678321664,5.662432342657343,-4.102144230769225,1614.8267727272723
2090,2090,to,605.45,605.531,0.746,33.875392142857145,-12.850401214285714,52.904150428571434,17.487555048571426,30.96965642857143,954.0970457142856,-232.87898035714286,-236.82285982142858,341.6443035714285,-306.7877749642857,130.86319285714285,3640.2721249999986
2091,2091,see,605.571,605.731,0.886,31.1496642,-18.54569803,57.46069950000001,24.345128957999997,20.4263736,654.643623,103.35293515151513,75.31321100000001,-63.70162393939392,175.23555889090906,116.26680363636362,-5306.607596969698
2092,2092,a,605.771,605.811,0.489,38.19187925,-4.1735,40.430640249999996,28.95552,24.3440705,797.487965,33.69172500000006,-40.28839000000003,-231.80684500000012,-115.56677000000005,39.820750000000004,-1467.4201000000012
2093,2093,doctor.,605.851,606.171,0.865,44.54000266666666,-30.25060366666667,18.725795116666667,10.4210315,21.187035888888886,771.7039416666667,-21.370682352941188,68.50647244582044,63.369416124871016,83.87590162022705,-16.297015273477818,1586.4673524251812
2094,2094,And,606.773,606.873,0.915,36.06803865714286,-27.861809888571432,26.8617256,22.454538257142854,8.457486257142858,691.1969588571429,20.465992310924364,11.430576471988797,6.252050098039215,0.5980799719887948,43.62427215686272,-572.7215732492995
2095,2095,at,607.013,607.073,0.566,47.0596813,-16.374637725,32.4309567,21.1240691,19.7347507,594.9902159999999,-22.537217272727254,0.031490166666670504,31.145125757575766,-20.389574848484838,121.2894415151515,1363.4756060606055
2096,2096,the,607.113,607.213,0.967,36.20690657142857,-8.277389042857143,33.678069,21.411145,0.0,567.0232885714285,18.573492857142874,89.12016749999998,107.57882142857139,70.35256071428574,0.0,-324.94885714285755
2097,2097,"time,",607.253,607.433,0.896,45.88750027272727,-29.22409642727273,19.630267663636364,10.41511988181818,23.51725663636364,734.5109518181818,39.4024481818182,173.95963918181823,-66.05978636363638,97.94664554545457,-6.3447736363636595,325.57471818181847
2098,2098,President,607.473,607.734,0.606,44.40555846666666,-19.15633653333333,25.64744690666667,14.390012913333331,24.703012866666665,972.0930253333335,13.823833571428572,-0.14564071428572256,71.03629348214285,3.988636267857141,62.56160160714283,1400.4919375
2099,2099,Obama,607.774,608.074,0.873,47.636623941176474,-2.470129027941177,13.041960017647058,-5.678744988235294,27.611772117647057,745.2725747058823,-23.520326715686274,44.20991963541666,55.7986856985294,-45.81357895833333,3.6187398284313703,349.77153553921556
2100,2100,wasn't,608.094,608.294,0.845,44.166254,-7.3279052363636366,33.62325790909091,2.4811481,28.796362363636362,766.0365536363636,-39.13315727272729,80.82670127272729,153.4984181818182,175.59368890909093,1.231073636363639,578.6939090909099
2101,2101,interested,608.334,608.694,0.883,32.988742415,-22.407896670000003,47.21467725,17.883834940000003,16.59049495,660.022599,-26.185159116541357,-6.395118789473682,38.272035977443615,-29.439293639097745,30.042717180451135,-557.6183015037594
2102,2102,in,608.734,608.794,0.748,47.82226959999999,-17.744366199999998,32.4140918,19.411957400000002,29.907857,315.39325599999995,95.49415500000002,-46.61607,-141.72788500000004,-62.737715000000044,-5.968454999999988,1040.1495499999999
2103,2103,any,608.854,608.974,0.77,49.085136111111105,-18.75965001111111,36.408867888888885,16.255081555555556,33.453761111111106,585.1124844444444,-33.997018333333344,154.0302439166667,169.98365083333337,8.286701666666666,18.769177500000016,2642.374491666667
2104,2104,of,608.994,609.034,0.512,46.30896366666667,-4.966655233333333,38.423804,13.846247,0.0,410.6574666666667,-258.75834999999984,616.1589399999998,84.32082499999996,146.99017499999994,0.0,5552.815999999996
2105,2105,that.,609.054,609.254,0.892,44.14880563636363,-26.88876348181818,17.77432254545455,13.257845118181818,0.0,477.6022654545455,-71.7305722727273,36.087077500000014,-57.43958136363636,-38.969122318181824,0.0,1384.16995
2106,2106,But,609.655,609.775,0.866,29.32072173076923,-30.821275065384615,24.57552357692308,15.66706023076923,4.225545384615385,750.0890523076923,46.610173965811946,-8.210440282051279,2.1509626153846173,-16.9509755042735,41.40626844444443,450.7880324786323
2107,2107,I,609.815,609.875,0.667,43.1440058,-30.300504999999998,15.93164604,10.83358232,20.1040688,473.299742,-135.61556000000004,186.499575,256.1047265000001,274.6459555,3.715420000000014,917.58895
2108,2108,thought,609.895,610.075,0.86,44.309058199999996,-21.289582217000003,23.0688891,6.8613773600000005,15.0123348,818.1306330000001,15.351648484848473,122.88620406363636,0.15354333333334505,-94.88528448484847,-48.589056363636345,-3414.6933303030296
2109,2109,that,610.115,610.215,0.888,43.24719028571428,-30.892146142857143,18.155575814285715,4.187292042857143,20.312951285714288,598.1526299999999,56.99153571428573,-50.27081428571431,-177.83875821428572,-199.25951446428564,-5.943891071428521,-5149.8625357142855
2110,2110,would,610.235,610.355,0.925,47.70090228571428,-9.936305985714284,15.707310628571431,4.376732857142857,15.882318999999999,875.3349542857143,-35.78022321428568,-133.2105025,217.63699321428572,442.89079107142857,293.8000071428571,-2180.3963571428576
2111,2111,have,610.375,610.455,0.979,43.3166368,3.4772098,30.2519762,22.2448458,26.6279886,589.454162,-58.64019500000003,419.3498000000001,53.94276999999998,-6.814980000000012,15.517499999999984,-474.1977000000011
2112,2112,been,610.475,610.595,0.652,46.782731285714284,-23.347716714285717,25.672937428571426,26.997231857142857,27.304925428571433,871.5597428571427,18.15464999999996,-53.70205000000002,-178.29767857142855,-32.59995714285713,-9.864423214285692,2939.10482142857
2113,2113,a,610.615,610.655,0.087,49.84445966666667,-2.2448489666666664,8.005232733333335,10.691746666666667,25.763156999999996,939.1334166666666,-148.026375,570.0053499999997,64.14460749999998,-56.73494999999995,-2.3304750000000296,-704.9487499999994
2114,2114,right,610.975,611.215,0.775,49.40869464285716,-17.583638649642854,6.6372909899999994,2.547515858928572,17.81157010714286,738.52005,-27.60080426929392,-51.03401547988505,77.075844015873,54.43725842569787,16.687717446633823,-456.32187328954547
2115,2115,"approach,",611.296,611.796,0.935,39.197217468965526,-24.572862146551724,19.049169751724136,5.43414267586207,19.029273413793103,878.5416341379312,-35.40880455911329,-40.13537814901478,45.10566099507388,11.773740778325125,48.10288817733989,31.76769729064031
2116,2116,kind,611.856,612.036,0.397,36.35558258333333,-38.0018285,26.556740833333333,19.160700849999998,18.598669,710.3428908333334,191.88993758741256,103.02746153846152,-114.204715034965,-90.17961318181818,154.25867237762236,-932.2649912587409
2117,2117,of,612.056,612.136,0.659,49.05249980000001,-16.073091899999998,12.772044399999999,-0.28354849999999987,26.782066199999996,882.859266,39.40214000000001,-1.743507499999977,-65.99301500000001,-214.40686749999998,-2.919440000000027,-52.61509999999977
2118,2118,a,612.176,612.216,0.466,57.240144,-21.6159744,16.25227925,-11.302977100000001,26.19814725,585.0458375000001,-133.7396600000001,494.8206660000001,39.988855000000015,87.28234400000005,0.007195000000006489,1480.4862500000006
2119,2119,cooperation,612.296,613.237,0.866,41.78433443137255,-20.092964595294116,16.12791228627451,-1.5651321284313724,26.2135363137255,739.5957201960784,-9.896505647058826,-27.83376340778281,50.685960779185535,65.90876674592761,13.089745592760181,-86.36252081447965
2120,2120,and,613.277,613.357,0.853,40.05482083333333,-18.918423916666665,44.35859683333334,29.073302666666667,28.7640445,976.5179250000001,-28.07123571428574,207.66774214285712,118.33133285714287,-44.73472285714285,-20.854244285714287,-257.897785714286
2121,2121,even,613.397,613.557,0.81,44.7545501,-22.448207899999996,37.8316084,32.976812300000006,27.643729999999998,1048.471986,31.365780303030267,-73.08818454545452,-169.81898484848477,-52.108949393939376,-0.9194581818181816,-2568.290709090908
2122,2122,a,613.597,613.617,0.954,42.518959,-13.836152866666668,34.879068,28.28209366666667,18.392681999999997,824.0516366666667,-277.25609999999983,412.0026099999999,-152.41679999999988,-22.55929999999999,-687.5992499999996,8626.899749999999
2123,2123,compromise,613.677,614.337,0.894,45.48783127777777,-22.697633708333328,9.551725122499999,-4.315617307222222,23.199958055555555,633.1346752777777,1.0238296010295997,20.483045783140277,48.72371733494208,5.452818576319174,-4.212369266409266,-80.01469633204634
2124,2124,on,614.457,614.537,0.83,47.452674,-14.691784239999999,24.5329135,-0.738401,23.433212199999996,883.333876,-1.8900399999999857,133.44422678787876,-77.8343948484848,37.75911503030302,-78.0328418181818,-1336.1168181818177
2125,2125,saying,614.577,614.777,0.921,38.64977808333333,-19.07155,43.637308,8.4002979,20.317203583333335,842.7015000000001,88.34564283216781,117.07922167832167,-102.98056888111887,219.80934125874117,123.89112220279719,-1647.9096398601396
2126,2126,maybe,614.817,614.978,0.48,43.8286519,-9.433737157000001,34.4300727,29.343648600000005,28.468229700000002,738.359741,1.4825784848484886,146.20917626969697,-27.25970515151515,-25.982483030303026,7.113399696969695,-2673.3543121212115
2127,2127,we,614.998,615.118,0.914,42.478741,-6.711791885714284,33.63152085714285,25.913042214285714,16.247145142857143,799.89513,-166.52628928571428,112.53330196428568,167.31866607142857,256.6843294642857,-311.72594821428567,-3473.4483750000004
2128,2128,can't,615.158,615.338,0.869,37.484612999999996,-20.112111458181815,43.658853727272735,17.854081545454545,21.41335027272727,656.2050136363637,40.02112090909093,88.59995570000004,-19.605115909090916,77.0689322727273,44.091027727272724,-4105.468045454546
2129,2129,get,615.378,615.498,0.834,41.023361125,-23.198677874999998,38.365531875,25.551276,23.8776315,748.8747362500001,63.65055773809525,-69.97571369047618,-90.44197797619049,-40.38715119047618,111.24583928571427,1948.1296726190467
2130,2130,everything,615.558,615.918,0.82,43.167498333333334,-18.727654428571423,24.74909438761905,18.60648152380952,26.19846671428571,743.4621652380953,-32.658989415584415,76.41110133116882,89.30478853766235,26.701702467532463,-39.37899454545455,-1152.1269272727275
2131,2131,we,615.938,616.038,0.978,46.74906883333333,1.93990965,20.620502833333333,11.756636083333333,24.423686333333336,914.8815016666667,0.8490614285714332,54.146028428571434,28.656230000000004,84.88278299999998,-13.206734285714258,200.2796714285718
2132,2132,"want,",616.078,616.258,0.761,47.952245272727275,-9.677490327272729,19.265860790909088,1.399367741818181,20.941147454545455,842.5045918181819,-27.08939772727274,-119.36659627272729,63.068444818181824,166.52315970909095,-82.83795363636365,1707.3858772727283
2133,2133,but,616.298,616.418,0.824,41.792621624999995,-14.867659425,25.907361875,18.0606794875,6.3987,944.1122650000001,36.61371488095237,59.88783523809524,17.22991011904761,148.12078041666666,-61.4296630952381,975.6660119047626
2134,2134,maybe,616.458,616.698,0.893,43.24533042857143,-4.998353242857141,31.753454642857143,23.3692901,25.35159271428571,669.4597299999999,4.68206857142857,135.0678823516483,-32.785207802197796,-72.47973604395604,44.44459538461539,832.4367428571429
2135,2135,we,616.738,616.819,0.891,41.032869500000004,1.1224758833333337,31.271501166666667,22.34029083333333,27.805638833333333,810.7296833333334,-112.61791000000004,-178.42978585714286,342.25103571428576,458.5595642857143,-6.6512242857142825,258.06825714285674
2136,2136,"could,",616.859,616.999,0.822,37.29362511111112,-4.3437863511111106,43.49706544444444,34.41924222222222,20.925804666666668,776.0994533333334,49.044386666666696,79.53458796666668,8.206872499999998,-83.88316833333336,-30.178673333333325,-2855.6973250000005
2137,2137,you,617.459,617.519,0.966,25.189218249999996,-15.11957365923077,27.63497419230769,22.309610750000004,3.042594423076923,882.0851680769233,-5.665632452991453,42.54331936170937,-10.141886683760685,-4.3840045384615385,31.11168935042734,-729.7173321367517
2138,2138,"know,",617.539,617.719,0.608,49.2075844,-8.2542703,20.4537459,12.30159025,26.7337399,871.3429139999998,-39.85473090909091,266.94199181818175,-70.68128575757575,-62.20557045454543,-0.5360790909090964,-1039.5524787878787
2139,2139,get,617.739,617.859,0.691,44.012527285714285,-19.3556193,35.637138,32.97590042857143,27.333707285714286,509.7375485714286,42.49746607142857,-70.98007267857145,-58.253324999999975,86.34097857142854,-10.540717857142857,-770.0670357142861
2140,2140,half,617.899,618.099,0.812,46.53129825,-31.187476583333336,20.24838926083333,12.516079316666668,21.576792166666667,636.6059933333332,-0.4182680069930083,-56.40800751748251,-56.787291061188796,-179.0047613986014,-71.40542552447553,-802.11677972028
2141,2141,a,618.119,618.159,0.618,49.372842,0.559484833333333,24.872206666666667,-25.227914000000002,28.339603999999998,891.8155999999999,-164.10674999999992,553.2439999999997,128.4117499999999,248.55132499999993,-2.2846249999999726,-983.4937499999988
2142,2142,loaf,618.199,618.419,0.976,44.63837246153847,-19.303429515384614,17.450416476923074,-16.7827764,19.480593692307693,773.423856923077,-47.728956593406586,-128.9036613461538,34.732105357142856,175.08925148351648,-160.99694642857142,33.630217032967224
2143,2143,there.,618.459,618.68,0.738,47.524734461538465,-30.158899538461533,11.177789053846151,20.979059692307693,5.654051461538462,587.1475338461539,118.2573552197802,74.04608214285714,-231.92122434065936,-22.161869505494508,-61.31453763736265,-234.1459093406595
2144,2144,But,619.02,619.16,0.966,30.907923249999996,-7.606206833333332,15.360557408333335,17.46690993333333,0.0,648.6109729166666,11.5711944347826,51.92415041304346,39.10203034782607,-17.126188826086953,0.0,-1157.188074565217
2145,2145,we,619.24,619.34,0.874,41.17738388888889,8.134704103333334,23.18173677777778,17.052674677777777,14.532426666666668,811.1030933333333,72.16666166666667,13.516582466666659,18.309083333333337,83.0649706666667,214.44570333333334,3601.2768000000005
2146,2146,weren't,619.36,619.56,0.824,48.40068654545453,-7.100813804545454,13.822200163636364,5.4689638545454535,27.224009,660.3978827272728,-34.25521,-218.58306411363642,141.8518715454546,194.0677313636364,-6.864764545454547,-1876.8297909090911
2147,2147,able,619.6,619.76,0.756,42.53937330000001,-4.647766589999999,29.070763399999997,10.06725391,25.9020737,697.9284059999999,-8.744617878787874,215.11147354545452,-29.224804848484837,-46.76983839393939,-4.7008566666666685,1891.19586060606
2148,2148,to,619.78,619.84,0.759,50.4196635,-12.000154975000001,21.798327750000002,-1.0618965749999998,26.68757575,779.494575,204.61125000000007,-44.077816500000054,-227.04226500000013,-281.9483495000001,-16.88497500000003,-8348.427000000003
2149,2149,obtain,619.96,620.26,0.875,44.530569190476186,-18.912431095238095,21.590879473809522,9.002867628571428,16.690835142857143,541.2156804761905,-8.715666298701297,-0.3318469480519548,140.6188099837662,117.9001333961039,66.29669220779219,57.02242857142856
2150,2150,it,620.28,620.34,0.744,42.572746,-3.148406799999999,39.66671175,28.491265499999997,25.804026,976.3943374999999,-111.04926000000006,399.5975000000001,-70.245795,-43.63231000000002,-1.889610000000045,7412.213750000003
2151,2151,at,620.4,620.44,0.994,41.985004200000006,-10.83107448,35.219878,26.6686378,10.2518902,677.66743,-62.59474000000002,280.155809,122.08744500000005,-13.445394999999984,-386.03414500000014,-9888.892400000002
2152,2152,the,620.48,620.581,0.821,38.01538371428571,-9.464198914285713,34.60202285714286,17.400878285714285,0.0,667.7528171428572,-8.409244642857159,139.8597019642857,7.972130357142877,38.66962678571428,0.0,-6516.9517321428575
2153,2153,"time,",620.601,620.841,0.956,46.15042853846153,-30.476650076923075,13.843666876923077,2.8415212307692315,28.695954076923076,551.7942115384615,23.026304395604388,33.397481868131855,42.56581046703297,104.23724104395606,-1.729742582417587,-894.7995934065934
2154,2154,but,620.881,621.001,0.876,42.480824625,-9.396474787499999,30.370286875,27.793487,26.295753499999996,1016.96172875,-14.860841071428563,-204.84565755952377,96.02829226190475,68.38005833333335,-20.632294047619048,1962.9183869047615
2155,2155,it's,621.021,621.141,0.832,33.90134585714286,-23.810550857142857,49.86960885714286,15.206294857142856,10.64613342857143,908.9644528571428,-146.9388625,-224.8265375,-11.562537500000014,-23.497425000000028,-265.94949285714284,4372.019875
2156,2156,one,621.201,621.281,0.941,48.05643828571429,-13.48893705714286,15.205760714285715,2.5761975328571434,26.972649999999998,750.49896,79.67068750000001,-288.96932607142855,-35.22615714285714,143.70279594642858,5.811928571428577,-365.441035714286
2157,2157,of,621.321,621.361,0.982,46.20233424999999,-19.560789250000003,29.3211905,19.78558975,26.49188125,810.347325,-8.585955,20.388744999999993,191.49931000000012,93.059445,-12.81938500000001,5742.815000000002
2158,2158,the,621.401,621.481,0.831,44.04874316666667,-23.670175,38.60867533333333,19.62992566666667,12.844004333333332,673.03953,-131.28128999999996,43.09225142857144,27.643500000000007,4.683005714285717,-332.59237999999993,2497.5316857142866
2159,2159,things,621.501,621.701,0.929,41.928639636363634,-11.283033627272728,37.48684509090908,23.87231390909091,20.987640818181816,676.8388181818183,40.70224727272728,150.83798050000007,4.356826818181807,-16.5854140909091,102.2718713636364,-1751.441304545456
2160,2160,I,621.781,621.841,0.963,49.57645342857143,-23.230584571428572,29.387554714285717,19.246865671428573,25.206163571428572,516.6093028571429,-38.97459999999996,18.107744642857128,115.11450714285716,235.5361166071429,-8.90053750000001,1101.4620357142855
2161,2161,continue,621.881,622.261,0.825,38.97240657142858,-8.615292806666666,48.605068380952375,27.33498090476191,18.75615995238095,775.6359904761906,2.087216558441552,8.215224396103897,33.73274435064934,27.215382532467537,2.8938314935064904,152.87313896103888
2162,2162,to,622.301,622.361,0.764,38.134929400000004,-9.849173927999999,45.685317399999995,27.3373826,19.8372592,601.586728,-35.34858999999998,338.97787830000004,38.60582999999998,-21.627295000000018,-248.38305000000003,1815.703050000001
2163,2163,talk,622.402,622.602,0.82,43.84663141666667,-22.376972,8.7020527175,-3.2506850333333337,22.67137666666667,771.7097058333333,17.92528304195804,107.31123496503494,-150.7909032674825,-66.48622454545453,10.012569580419596,-817.5053374125872
2164,2164,about,622.642,622.822,0.902,46.71187945454546,-21.828669500000004,11.260930697272727,11.37122797272727,19.733727636363636,566.7435690909091,6.496217272727284,-214.6791018181819,-20.617839581818185,38.236716363636376,-149.98922590909098,-3468.038245454546
2165,2165,as,622.902,623.022,0.924,42.7021883,-25.259930830000002,21.2093053,4.33425887,26.7530216,504.96163700000005,-13.359440909090903,279.53300906060605,265.2019333939393,-4.126347727272722,82.20405818181817,1959.4922575757569
2166,2166,does,623.042,623.222,0.735,37.7552718,-14.608567830000002,42.504697699999994,5.463232644,18.2992195,942.7700790000001,-83.71840909090909,-108.2935774242424,182.87398878787874,-97.67285358787878,-224.63125303030296,1909.3391181818179
2167,2167,Tom,623.282,623.522,0.918,44.420173,-25.51937203333333,17.848755866666668,-7.671501993333333,19.848910466666666,688.3762780000001,58.38789910714286,124.30778448214284,-56.97393321428571,-8.330224892857135,22.804588214285708,-330.66988749999996
2168,2168,"Price,",623.562,623.922,0.824,38.5037847,-29.909445115,20.03534788,3.5923355550000005,19.084173850000003,776.4198214999999,-53.634690977443626,-19.410670612781963,193.3468831729324,4.108215349624062,-31.610771315789478,762.4604815789472
2169,2169,who's,624.563,624.743,0.946,27.826513843902443,-23.201298148780484,25.87611816768293,18.941739568292682,5.279901658536584,783.1953868292684,1.5980877029616767,50.32134204442509,9.995957016550523,-10.232256978222997,31.06399653310105,-173.90198501742165
2170,2170,now,624.783,624.903,0.99,48.7920625,-28.796035675000002,11.4765571875,0.17256014375000017,29.488374625,394.7355025,-41.687492857142864,-123.49915607142852,-266.4848441071428,-232.67688532738092,3.519857738095236,-1167.1512023809523
2171,2171,the,624.943,625.043,0.854,39.77795700000001,-20.508042428571432,37.04684700000001,7.9035626428571435,16.088555571428568,851.4133899999999,-168.96518749999998,-69.10458928571428,347.56821607142854,-28.67332964285713,-306.00761964285715,4808.318410714285
2172,2172,Secretary,625.083,625.603,0.846,41.01906339285715,-27.901444464285714,28.22231641071429,16.924618982142857,17.307515071428572,875.1384710714285,24.432179761904752,0.8495106595511742,-6.021474486863714,41.20385147372742,32.519293596059114,233.8976698139026
2173,2173,of,625.623,625.663,0.998,42.47607366666667,-24.605403666666664,36.152374333333334,26.654296666666667,8.396772333333333,991.1631000000001,-138.94545000000005,-238.22857499999995,268.85214999999977,173.66342499999993,-629.7579249999997,8532.199999999995
2174,2174,Health,625.703,625.883,0.897,46.001403090909086,-21.49471809090909,17.26468601818182,-6.472643590909092,20.49506690909091,636.5748699999999,-27.248804545454544,43.284709545454554,-22.435979727272727,-126.14835745454548,-118.71774681818187,7.964295454545401
2175,2175,and,625.923,626.003,0.464,43.76723483333333,1.4148191833333337,41.286454666666664,20.818668666666667,26.625824166666664,734.8186849999998,-66.57375285714282,266.4536298571428,203.42211999999992,58.12104857142857,-15.943789999999995,-81.0595000000002
2176,2176,Human,626.043,626.284,0.928,42.24913421428572,-1.5697836971428576,41.23953899999999,20.35290428571428,24.697759857142852,780.5891799999999,3.2374128571428633,15.301278558241759,-47.79136703296702,-49.05004483516483,-51.39792197802197,396.230010989011
2177,2177,Service,626.344,626.704,0.912,37.60570714285714,-25.493221761904763,28.2476355252381,2.045804095714286,19.846761523809523,1009.5151095238094,26.60407525974026,38.54089915584415,11.407382737012982,24.112833744155843,-25.75180025974026,-26.198733766233616
2178,2178,and,626.764,626.824,0.963,39.4154485,-15.875152866666665,42.767181666666666,15.8101662,27.16451616666667,752.2133733333334,301.88232999999997,164.77117771428573,-107.60054285714286,261.4000951428571,-23.58319285714286,-870.8854857142851
2179,2179,is,626.864,626.944,0.761,42.731822,-8.384286303333333,44.32914066666666,3.6094658050000006,26.0807065,734.7412466666666,-122.25219428571432,104.15466282857143,118.59145142857143,-262.9808165285714,28.93271857142856,3440.8563428571424
2180,2180,also,627.024,627.324,0.86,41.33026047368421,-19.92402402631579,22.60734957368421,-20.824900357894734,20.978413368421048,679.1852436842105,-10.031060701754386,4.94275399122807,18.136075394736842,69.20889915789475,-12.94197859649123,407.32869473684235
2181,2181,an,627.684,627.764,0.644,40.619930818181814,-11.821913431818182,17.072492409090906,10.729921399999998,9.65976290909091,719.209491818182,13.555269791078487,-41.133703130999436,23.979081394692265,29.942245640880856,43.4530295878035,-673.4323862224732
2182,2182,orthopedic,627.804,628.345,0.853,38.68777265517242,-14.069947399310344,33.477239855172414,20.152408540000003,16.34617472413793,673.7467682758619,-50.963513694581266,-23.05231720320197,115.57425679064038,76.62397341724137,50.36893231527094,-398.0024241379311
2183,2183,surgeon.,628.365,628.645,0.764,37.93218433333334,-23.322274866666664,29.82414124466667,24.87804056,7.217136999999999,706.7643253333334,31.237537678571414,90.30402196428568,32.63258204642858,109.46607449999996,-39.52569749999999,1628.524841071429
2184,2184,I,628.993,629.053,0.697,25.80841207142857,-6.020192255714285,7.529949057142858,7.643557447619047,5.6310035238095235,796.2313604761905,18.114862727272723,4.435712596103897,-101.29096393506492,-101.44691188961039,65.35128090909092,-862.5805512987014
2185,2185,was,629.073,629.193,0.648,24.459700242857142,12.3108935,11.344474985714287,12.902547571428572,28.426185428571433,739.4202942857144,-351.8737694642857,183.6809669642857,137.59627142857144,157.47610357142855,-24.122099999999993,-2031.8530178571425
2186,2186,going,629.233,629.493,0.815,30.287526399999997,5.656261467999999,6.889428801999999,-10.037851826666666,29.565077333333328,791.8123553333334,59.64962410714285,-26.768752646428563,17.526907796428578,-36.36831614285713,4.203051785714275,-268.2417660714286
2187,2187,to,629.533,629.633,0.709,2.729941042857143,22.00049257142857,13.00066162857143,16.877309,12.02128157142857,451.04988714285713,70.12129803571429,0.3619910714285513,57.51664589285715,39.422115178571445,-3.3338553571428493,-3021.7893035714287
2188,2188,say,629.774,630.034,0.876,2.31876885,9.823165745,11.500764040000002,5.59360059,26.98705175,460.7098975,202.69272214285718,-85.57149199624061,192.6049729924812,-31.91707487969925,20.231649360902264,-817.2332093984963
2189,2189,now,630.134,630.334,0.986,38.78560653333333,-16.770073653333334,11.886446246666663,4.625094259999999,29.21024893333333,471.09950266666664,-19.566438928571415,-137.54945760714284,-118.93844405357142,-44.277226767857144,11.025412499999996,-1304.229044642857
2190,2190,that,630.394,630.514,0.98,25.67739466666667,-1.1863167222222222,27.292816555555554,0.004047462222222088,20.54878788888889,468.7862611111111,-98.48224000000002,30.913740333333344,348.20430366666676,180.0338740666667,-144.3721116666667,141.96168333333316
2191,2191,you,630.594,630.794,0.827,27.503057785714283,18.2117615,32.02487248571428,18.421763392857144,26.397587785714286,579.6164314285714,114.83826604395601,-44.260081428571425,-245.35954665934068,-65.03407724175823,40.25076802197801,-408.59389450549435
2192,2192,have,630.834,631.014,0.88,31.015738,-14.805553872727273,0.12783979999999995,14.385302999999999,27.048107272727272,402.97189636363635,57.36803636363638,-40.9294095,30.83710231818182,25.097255,-6.403570000000002,-326.5024681818181
2193,2193,yourself,631.074,631.555,0.836,14.094098977777778,8.92496874074074,4.5564369622222225,-3.0951490529629617,22.047007074074074,832.522384074074,-2.5150692826617886,7.2046638522588555,-71.18524709340662,-148.5353606895605,-2.42644935897436,-1354.2603177655685
2194,2194,and,631.615,631.695,0.91,24.223797185714286,13.047428299999998,10.739225778571429,5.197593614285714,17.046547,626.7325414285715,480.3944869642857,121.35079803571428,193.32956625000003,-82.47058071428572,206.0650910714286,1796.2351785714282
2195,2195,you,631.715,631.835,0.87,23.907272714285714,7.06960622857143,24.31912361428571,11.355183771428571,13.140233714285714,476.57583571428574,-117.76223749999998,-119.93237196428574,-238.48267571428562,172.00825678571425,-101.47884285714287,974.278321428571
2196,2196,have,631.855,632.035,0.805,33.08182810000001,-19.91707448,-0.6314591100000001,6.93824272,22.5662372,448.57163,32.264358484848465,74.89005393939392,47.76616324242423,31.813849999999984,-82.03226060606058,824.4380060606059
2197,2197,Dr.,632.075,632.355,0.46,27.575609524999997,-6.2839918556250005,4.49307257125,7.0121567575,6.8135205,520.3423525000001,-9.198296029411761,81.38042707279409,-19.451391813235293,54.11209437647057,-77.71613294117645,461.6260794117647
2198,2198,"Price,",632.395,632.736,0.765,20.574910142105264,-1.7255147473684203,3.5640184789473683,5.536405278947368,19.088426842105264,673.5046894736842,-108.2546765175439,58.1161771140351,71.96615613157894,6.548870824561395,-28.232345877192987,-1225.579063157895
2199,2199,there,633.076,633.236,0.8,10.468409607199998,4.810534619999999,-5.3474462896,6.694605996,6.93139496,647.276298,155.40209174153847,-75.69920059615386,-13.041224913076919,-29.13954443076923,56.56629076923076,261.75868999999994
2200,2200,are,633.316,633.416,0.709,39.731797,-21.327863333333333,-13.700754111111111,-20.055990133333335,25.079390555555555,890.021378888889,-1.2185724999999725,62.30402250000001,-44.269359166666675,176.18519850000004,-51.07263583333335,129.92746666666693
2201,2201,physicians,633.496,633.976,0.849,7.097924084285714,12.953276160714285,18.800046985714285,8.908071925,16.108623714285713,672.4957639285714,15.50465050738916,14.5330933757526,49.522815957854405,-36.960931013957314,-16.626734017515048,-149.9829300766283
2202,2202,in,634.036,634.117,0.44,32.05923648571429,12.9066958,22.429252714285713,-0.8902077657142857,26.584487857142857,612.7754257142858,299.40018357142856,-96.45873499999999,-44.84286964285713,1.9988619285714204,-13.136807142857139,4748.219464285715
2203,2203,prominent,634.157,634.577,0.835,38.42397132608696,-7.453934999999999,5.216105926086956,3.1001727608695653,19.254984043478263,560.3133282608695,15.461312747035569,20.135239392292483,121.94884777667978,23.82034216403161,-14.212121442687746,-361.6084323122528
2204,2204,positions.,634.597,635.077,0.67,13.936125224,15.894192744,22.875412120000007,11.2834863132,12.684808,599.5358940000001,-17.768314134615387,16.427234246153844,35.35140492307693,-52.79466775846154,-14.94248342307692,58.3893973076922
2205,2205,Do,635.457,635.537,0.887,0.5753809391304349,7.799869589565216,13.20176811304348,13.406331699999999,2.0554030869565216,786.8828173913045,50.12709501482212,-25.32659986660078,29.458377198616585,33.23357594861658,24.528245750988134,-661.8182672924897
2206,2206,you,635.578,635.698,0.866,15.529995125,8.3468228625,44.069272625,29.701130625,18.803783,739.11398125,-152.39278035714284,143.03079934523808,-156.1215529761905,-153.67275892857143,-173.27544285714282,-4124.82669642857
2207,2207,see,635.798,635.978,0.935,-5.040159857142856,21.07487214285714,23.6770627,15.684020607142855,15.577980785714288,578.7370957142856,247.1443393406593,-125.55487032967031,211.39884617582416,52.21459785714285,142.03507527472527,-3327.5317648351643
2208,2208,that,636.038,636.238,0.942,30.85193869230769,-9.786444576923078,12.733838603846152,13.444969069230769,24.78929076923077,418.41426692307687,21.217350000000003,-122.66119043956046,-44.20217637362637,-57.74921914835165,-6.6448780219780215,-62.16979670329654
2209,2209,as,636.398,636.518,0.669,25.743221185714287,-9.331042599999998,11.6030688,4.598337930714286,17.892312785714285,536.7760985714285,-135.72935553846156,229.75149793406592,-39.98660189010989,24.305575904395596,-85.09765659340657,446.8976549450549
2210,2210,maybe,636.638,636.998,0.906,25.190050749999997,9.353519803333333,32.143214291666666,21.965535708333334,23.308774749999998,627.5757645833334,-9.853727217391295,-49.22740875130433,99.81233332608693,36.90612976086955,13.742780652173908,-643.770764565217
2211,2211,they,637.079,637.239,0.804,27.308573166666662,1.2850920500000005,34.10154875,15.311827316666665,13.90722625,504.62123833333334,54.57564405594403,-85.38651664335661,-33.512632342657334,-156.07452241258738,115.12321171328671,457.69314335664313
2212,2212,might,637.279,637.439,0.861,29.654842199999997,-16.568472297,23.114110430000004,1.8874561499999998,11.6023854,690.911548,-145.3045933333333,69.64585068787878,66.91230075757575,54.23620463636362,-171.8430163636363,-2935.3490242424236
2213,2213,listen,637.499,637.819,0.872,10.858000815789476,24.56097860526316,5.391081872631579,2.4592774489473683,10.295418000000002,639.5076489473684,32.93545418421054,16.881668289473687,20.469640882456144,23.906588955263164,32.22142157894738,-141.74175438596495
2214,2214,more?,637.919,638.279,0.615,41.98664065217391,18.19089560869565,-6.0460765782608705,-19.887723413043478,25.367430304347828,839.3198121739131,10.957416403162053,-62.891882223320124,-129.53866164031615,-20.143857821146238,11.706628409090905,352.57816501976276
2215,2215,Do,638.6,638.7,0.964,14.17156551904762,-0.5591803857142859,3.083508838095238,10.580965819047618,4.742226380952381,784.8501461904763,-70.95724264285712,43.900635876623376,109.36324560389609,57.331658792207804,22.696554675324677,-404.2120896103897
2216,2216,they,638.74,638.86,0.93,14.414697787499998,2.0921823625,24.238959125,14.221249624999999,16.774548,510.87149999999997,-151.91251363095233,97.42142708333333,-17.658124404761907,85.45565130952382,-231.86240833333326,2764.144738095238
2217,2217,follow,638.92,639.18,0.98,20.12245101875,-3.1968334250000003,-3.2570987562500004,-12.653112193750001,21.6491018125,654.39580875,106.94752025735292,59.21680080882352,146.63711622794116,-40.71789918382352,99.84277683823528,-573.2280073529411
2218,2218,your,639.2,639.34,0.859,36.084308,2.7836622250000005,19.701274375,23.442608375,22.009221125,753.6215,74.61724285714283,10.425471071428564,-102.81450773809522,-52.47971488095236,-219.19556488095233,-301.91683333333316
2219,2219,guidance,639.4,639.8,0.937,21.384896910869564,-4.678495065217391,9.693729758695653,3.1907579490869566,14.825068608695654,578.9748565217391,-12.52213167984189,79.91438300889325,32.04705288043478,-25.93036186482212,-8.478889278656123,-557.5252929841896
2220,2220,because,639.86,640.281,0.82,15.856878679583334,8.364864277083333,14.99313819791667,13.914836345833331,8.991240833333334,687.4539120833333,2.9589970476086918,4.954387485869561,-87.45489305760866,-22.424353041304343,41.70123426086955,-898.156605869565
2221,2221,you've,640.541,640.701,0.834,3.5112063606666664,8.474833333333333,17.414191106666664,16.790821846190475,3.065647571428572,818.2598257142857,81.43575747142856,0.9602840584415605,49.362061459740254,69.7105925,20.876310259740265,940.3937279220779
2222,2222,kind,640.721,640.881,0.401,23.28798452222222,-14.594004377777777,4.231529211111111,8.44120251111111,7.090957444444445,584.6970555555555,242.28447458333338,-100.97316708333335,119.61208425000005,6.556074749999998,121.48212333333335,-922.7517000000001
2223,2223,of,640.921,640.981,0.265,35.272801599999994,-3.522042714,24.671200000000002,13.467546660000002,0.0,545.062168,-108.35763,301.4844376500001,-101.42754000000006,114.487807,0.0,4620.046500000001
2224,2224,been,641.001,641.121,0.984,30.625226571428566,2.2612868571428573,30.415951857142858,11.232183928571427,19.107800714285712,498.0358028571428,62.177392857142856,238.69581071428578,-189.30484642857144,-39.495562500000005,296.3846125,3350.506321428571
2225,2225,there?,641.161,641.321,0.89,29.551455299999997,-4.58019321,17.461379459999996,7.900530290000001,0.0,599.547506,-3.0181384848484907,-154.028511060606,-62.296139333333315,55.41556081818179,0.0,2312.908521212121
2226,2226,You've,641.361,641.522,0.845,24.6639513,8.18651024,29.6857877,25.401046860000005,8.1656578,652.428466,14.33084575757576,16.77752812121212,-89.90516454545454,-27.63756260606058,88.57506909090907,1917.705139393939
2227,2227,done,641.542,641.682,0.78,34.655765,-10.67083254125,9.4976278875,-3.7971393750000004,28.408079875,407.82434875,144.15285833333334,127.33938862499997,72.34754148809526,130.0972630952381,-146.15880416666664,2948.1899345238094
2228,2228,that.,641.702,641.862,0.811,22.942152,-11.593702146666665,9.274970244444443,-3.4160997000000006,0.0,468.89913777777775,-91.91405083333335,-63.12713019999999,-43.19713391666669,-19.19888908333333,0.0,-1360.663891666667
2229,2229,It's,642.122,642.242,0.819,28.603693684210526,-11.252604284210525,33.325830157894735,17.167423989473683,5.875969368421052,542.8669647368421,68.02002692982457,-89.79457071929826,137.88429201754386,27.75630424561405,53.193130350877205,1847.1151131578952
2230,2230,interesting,642.302,642.662,0.775,37.907939142857145,-23.378726712285715,43.9045640952381,18.055313761904763,24.176488666666664,777.7659957142856,-0.23299857142857225,14.756360388961038,36.81098220779221,-23.140543214285714,-25.152199675324674,276.6134753246753
2231,2231,because,642.682,642.842,0.443,41.58282833333333,-5.236296428222222,36.45098411111111,22.50268366666667,27.329268555555558,876.05666,-37.920821666666654,-22.94653148999999,141.09873750000003,-50.98025583333336,-0.059614999999992736,-1190.3777750000002
2232,2232,as,642.862,642.943,0.815,41.2685038,-8.48660874,52.11215599999999,25.280953399999998,26.817233999999996,880.884926,-126.75187000000007,147.240934,167.7611200000001,-48.22717000000003,-11.89490000000003,-5518.568800000001
2233,2233,you,642.963,643.083,0.896,45.35770071428572,-13.128047085714284,34.95570371428571,29.31537942857143,29.11041742857143,933.7843714285715,138.4905821428572,-52.91191821428571,-379.28201071428566,-67.6170875,3.215576785714289,2366.1122321428566
2234,2234,mentioned,643.103,643.803,0.708,41.81518538888889,-12.291345466666666,34.05200244444444,7.037521705555557,18.93120125,873.1571786111112,25.552058815958812,56.98971213513513,-34.416038880308875,-86.55664508622907,22.207360302445295,-315.95095167310166
2235,2235,"before,",643.843,644.103,0.796,44.95991873333334,-9.624436530666665,20.34404070733333,8.547819720000003,20.332289866666663,847.8302446666668,40.75388964285713,-46.71668503928571,-163.8370396035714,-185.84060717857142,33.87731035714285,88.10698035714277
2236,2236,we,644.123,644.203,0.971,44.2699516,-5.177493419999999,23.69893,21.3233234,26.863471600000004,914.8685600000001,-194.43575000000004,70.4451925,330.2901349999999,523.6182200000002,-19.18862000000001,4217.535250000002
2237,2237,got,644.243,644.384,0.847,48.208959666666665,-28.08329188888889,18.4019955,1.0834986000000006,26.78172511111111,768.1165866666665,109.00846500000002,-64.91987583333335,-173.83592083333338,-253.50922175000008,-1.9600033333333344,1657.812
2238,2238,online.,644.424,644.704,0.699,48.7330945,-23.8413454,13.5101704375,-19.605533262500003,27.9296689375,604.6518387499999,-0.15474382352941116,-151.65425302941176,-8.111248279411761,122.11885691176468,9.077862573529412,-2148.373857352941
2239,2239,I,644.744,644.784,0.776,46.823508000000004,-39.738248500000005,27.904838749999996,7.054714499999999,27.573186,624.5626374999999,-114.73505000000011,214.02983000000006,297.6014050000001,321.1468120000001,-5.806279999999974,11055.762250000005
2240,2240,was,644.804,644.904,0.446,42.79498616666666,-1.436113383333333,32.509505499999996,12.882552300000002,26.658448833333335,850.0173833333333,-66.8416357142857,188.94657528571423,39.04409857142855,-240.55851571428573,17.77722142857142,3647.6997142857144
2241,2241,on,644.944,645.044,0.833,48.33405428571428,0.4469510571428579,12.812870357142858,4.271484228571429,26.66745014285714,523.3487885714286,-133.17434642857145,300.75572678571433,252.75995160714288,163.1160214285714,-22.129212499999998,-740.7950000000001
2242,2242,CNN,645.124,645.624,0.609,40.05323948275862,-23.161036045517243,42.64544734482758,12.278217044827587,22.361530758620688,599.354428275862,32.56916349753695,42.56943913990146,-53.68788418719211,52.519935221674864,45.38106879310344,-998.0614354679798
2243,2243,yesterday,645.684,646.125,0.846,39.7628682,-23.580719724,40.18489936,14.043131568000002,19.36434524,794.3702396000001,14.072917499999997,-43.910436669230776,-20.85816076923077,10.174689934615387,5.109910730769228,368.3749938461538
2244,2244,with,646.165,646.285,0.665,48.10817175,-4.85229452125,19.3750818125,-1.0191050875000003,22.189245,837.4709975000001,-51.96605119047617,98.4767682083333,82.62738958333331,47.67297255952381,-117.14891547619047,-743.9067619047618
2245,2245,little,646.385,646.565,0.333,44.04797078571429,8.83149351142857,22.19354435714286,-9.891538214285715,10.743870214285712,870.79252,60.42774186813187,74.95343410549448,-5.955524285714278,-172.40832582417582,-1.8592190109890097,-11.453934065934023
2246,2246,blitzers,646.625,647.205,0.739,41.70910375,-14.780638618749999,21.347229381250003,0.24877760968749962,21.9055069375,907.6845540625001,6.486650659824047,-13.579425634164233,19.223372498167155,26.392007939241203,13.259160153958947,-12.774833852639347
2247,2247,on,647.306,647.406,0.806,45.1878421,-5.213038275000001,25.6385175,3.8677306099999997,24.4317609,916.9850899999999,54.67848212121209,97.33524459090907,-149.14238090909083,245.73234912121205,-10.287032424242424,-738.5075030303028
2248,2248,Fox,647.466,647.766,0.955,40.58090905555556,-27.000060777777776,16.800676277777775,-1.5223024222222221,12.6180205,664.29241,-59.95749798761611,-34.81290196078431,81.92812808049538,0.5573660371517154,-70.71008405572758,61.414830753353954
2249,2249,News,647.806,647.986,0.892,40.943931363636366,-0.2940682363636371,37.85075709090909,15.368124409090905,27.913108818181822,770.0616763636364,-36.321654090909114,-39.58062359090909,67.34866954545458,-13.24431181818182,-7.7896149999999995,-1052.3105090909094
2250,2250,occasionally,648.026,648.526,0.823,43.443423481481474,-14.748657909999999,33.18854578148148,17.18579594074074,20.663217222222222,683.678064814815,32.41986501831503,8.088067299755805,-45.41300370268622,-53.883214694749704,35.37706593406594,-0.9621315628815397
2251,2251,and,648.606,648.686,0.447,46.69098375,-6.368907353749999,25.211983875,22.076234375,19.780591,470.00244250000003,-83.73260714285712,57.84929661309523,138.90824345238093,48.596806547619046,-191.6527559523809,-1952.7748928571425
2252,2252,people,648.867,649.107,0.777,37.63148452380952,0.8659867352380951,21.728922114285712,7.948416242857144,10.380605571428571,859.9278552380953,60.60601032467533,9.23069065714286,-31.82013974025973,-116.05538694155844,80.20369253246754,-674.7455805194805
2253,2253,always,649.127,649.327,0.829,44.10522690909091,-5.8670843545454545,27.731429045454544,-8.160948000000001,19.559673,826.6320163636364,-135.94622227272734,-72.62879400000001,261.10417477272733,295.2443245454546,-147.88081772727276,3721.637936363637
2254,2254,point,649.387,649.587,0.703,44.86400869230769,-13.484510376923074,18.586982282307694,5.500621115384617,16.708424615384615,726.6913646153846,101.32634917582418,-60.38823945054944,-16.616582747252746,97.59935483516482,145.4896032967033,-1772.057659340659
2255,2255,out,649.627,649.727,0.833,50.464166857142864,-21.810668528571426,7.498606542857142,-0.8364276466571428,18.89373,412.2137900000001,-71.9384660714286,245.98098678571432,-23.43105892857144,-70.38720166642857,-237.0495642857142,-2700.0737321428574
2256,2256,that,649.747,649.867,0.852,44.175188857142864,-14.33155272857143,20.258018285714286,7.506221704285714,22.670942,702.0678314285715,90.55971785714286,-26.86053839285713,37.76813571428574,40.844263589285724,133.06799821428572,-781.2901785714281
2257,2257,I'm,649.887,650.007,0.655,45.62523442857143,-5.728722342857141,9.9530592,-6.659459205714286,26.33282,697.2307614285716,-65.00314821428569,336.7586857142857,142.94492428571428,81.58166307142857,11.593792857142862,4057.858125
2258,2258,a,650.047,650.087,0.324,48.49138225,-9.7426275,15.355808249999999,-1.0563321500000007,20.104917,861.5679,-150.75759499999995,-178.56465000000006,184.74575500000006,405.3552270000001,-401.28779000000014,5617.127000000001
2259,2259,physician,650.147,650.568,0.92,37.79042604166667,-14.454508916666667,41.639591125,11.982787791666667,17.254913791666667,682.0020900000001,-11.52363563043478,-40.48170501304347,64.64087280434781,13.196256369565218,0.501103152173916,232.17180695652175
2260,2260,and,650.628,650.708,0.937,45.186639,0.7407029428571431,32.896872571428574,12.555659514285713,22.568379857142855,546.6853085714285,-94.1403375,55.18657821428571,115.61432321428568,-1.2646842857142946,-147.1947946428571,4232.346178571428
2261,2261,say,650.748,650.928,0.813,43.683460999999994,-22.1991067,32.72327036363637,13.916236481818181,19.64273181818182,703.9521927272726,144.66912500000004,-25.685716045454548,-61.11187090909094,138.28468354545458,144.86083954545458,-5166.779986363637
2262,2262,exactly,650.988,651.448,0.904,42.511218115384615,-11.859547769999999,26.51613057692308,16.128234173076923,19.72713926923077,602.4790257692307,11.787903675213666,13.83957715384615,-64.15101253333331,-26.08316357094017,-7.914550786324786,-217.59378102564094
2263,2263,what,651.488,651.648,0.854,49.62244439999999,-5.224825127000001,18.505790600000005,2.453199900000001,20.250824700000003,862.681208,-72.98061818181817,-180.20570296666665,16.53365151515152,224.71522909090908,-92.3798190909091,685.3502242424246
2264,2264,you,652.149,652.309,0.932,29.78752393939394,-13.801653818545457,38.75354424242425,23.73908081818182,7.906074727272727,789.0044518181818,5.703886747994654,23.43908987573529,64.57495309157754,13.407121707887704,23.68991966911765,-295.91033873663105
2265,2265,say.,652.389,652.689,0.846,35.25221531578948,-32.34970252631579,38.47474557894737,2.509545189473684,21.018126526315793,639.6372673684209,56.73782622807018,-13.201412105263161,-91.08765675438597,52.062335192982474,104.1243064912281,-2663.3858359649134
2266,2266,And,652.809,652.889,0.917,46.7199705,-20.8620223,39.190396699999994,22.489215199999997,28.0239889,412.191066,23.445836060606066,213.85912575757573,39.20500212121212,91.55890606060603,2.1557893939393957,1954.072648484848
2267,2267,you're,652.909,653.089,0.881,46.297992199999996,-10.997348075000001,23.6916389,16.84021394,28.963306499999998,749.829702,91.78507575757577,21.583275712121218,-438.192428181818,-173.39080872727268,13.452549393939401,2386.1323878787875
2268,2268,right,653.129,653.27,0.591,46.815581333333334,-36.252271444444446,17.34798621111111,5.79128524,30.087079,676.3099433333333,-60.62867833333333,-31.375616666666676,417.3356861666668,218.04428245000005,-35.72228666666666,620.5370583333334
2269,2269,in,653.31,653.37,0.908,43.8872758,-7.203351734,36.147283400000006,34.9170978,26.4067458,703.3926979999999,-32.48532499999996,382.96128850000014,-34.303809999999984,68.18028999999999,-10.575765000000018,1135.1824499999996
2270,2270,the,653.39,653.49,0.603,37.02532983333334,-17.28418555,43.95398766666667,8.789906316666668,12.682643333333333,858.3660333333332,-214.52983571428575,-246.79950214285714,277.8734485714286,-369.40703157142855,-328.65327142857143,6556.388800000001
2271,2271,Senate.,653.51,653.83,0.662,42.209884823529414,-20.64115169411765,32.16397635294118,11.320081252941176,19.670832176470586,730.304255882353,69.06193762254901,81.34303411764705,-85.08411262254903,53.1926838480392,-20.995725735294116,-336.1157242647059
2272,2272,We,653.85,653.93,0.974,46.711386,-6.2996658,30.714098,21.64332168,26.4852402,858.68612,-155.48567500000001,-230.8613670000001,426.0285950000001,425.2273110000001,-16.951334999999975,-6200.2173999999995
2273,2273,have,653.95,654.07,0.853,48.560429375,-14.176046812500001,16.4365080625,12.3030108,25.040000625,591.9732387500001,4.884975595238094,144.93712053571429,-126.8525247023809,-113.50616797619044,-7.045913690476204,4022.8907321428555
2274,2274,a,654.09,654.13,0.496,41.043781,4.691732200000001,18.35702,11.931875,12.387478,873.213165,-198.58549999999997,52.89231999999997,75.26539999999994,152.50639999999999,-1238.7477999999992,14132.839499999993
2275,2275,couple,654.17,654.37,0.839,44.780521416666666,-11.905651025000003,14.479999575,-6.661306183333333,12.881206833333332,696.4644566666667,53.930473251748225,171.4878498076923,77.40143047202795,-198.9883047202797,128.65688356643358,1076.7795909090908
2276,2276,of,654.41,654.45,0.999,49.368561,-0.347022257,17.812549375,-8.694935925,24.573412,855.7511000000001,52.159949999999974,-51.38710586000002,-177.64581750000005,404.2947225000002,33.37078000000002,1458.9219999999991
2277,2277,other,654.51,654.691,0.742,45.76621869230769,-12.871362546153847,21.68919916923077,10.433464015384617,24.885843846153843,682.3814476923077,-20.962250824175836,41.81688475274724,133.8960851098901,232.68356252747253,-36.50884752747252,2365.3105796703294
2278,2278,doctors.,654.711,655.111,0.769,40.99657895238096,-24.590549771428577,23.175755082380952,13.871278071428573,20.860428,750.5715438095236,-41.449540779220776,84.38053144155845,144.80820994545454,84.18415237012987,-39.68628077922079,2169.717213636364
2279,2279,The,655.131,655.271,0.538,45.22792125,-27.0635857125,16.846294625,17.6801495,6.26306875,506.10948375,-22.16141785714286,-196.67072982142852,-122.01410178571427,113.44923095238093,178.9372678571428,753.1067916666666
2280,2280,"House,",655.291,655.511,0.997,46.546432833333334,-22.646322041666664,14.152967733333334,-8.364233095,17.861098833333333,601.0359966666666,-98.71838216783213,109.55628610139858,249.3495488461538,-101.69473621328672,-142.17133881118878,2630.756475524475
2281,2281,there,655.551,655.691,0.811,43.093767666666665,-6.373539366666666,25.58593733333333,12.34043258888889,20.01912533333333,921.5815022222222,109.45272833333337,159.75511391666672,-105.87859333333336,-7.8184240000000145,143.25832750000004,-561.5751166666663
2282,2282,must,655.711,655.851,0.859,33.152184,-13.4220890625,45.025498500000005,-6.9208066850000005,6.4925215000000005,972.0333025,-181.74718809523807,66.24604315476188,227.90694166666663,9.534400261904764,-185.63440952380947,3910.2548214285707
2283,2283,be,655.871,655.971,0.769,37.1903935,-10.662331233333333,44.19343633333333,25.758825166666668,20.65458,364.0585983333333,113.25136714285716,-107.23422257142859,-37.49958285714288,-127.28525857142857,158.36147142857138,-3460.9907
2284,2284,at,655.991,656.031,0.988,47.675762,-6.679424733333334,21.513591333333334,-0.45346518666666674,24.898104666666665,906.1749100000001,12.211649999999878,390.83619499999986,-71.71494999999994,-78.96953899999995,53.13992499999995,3089.0632499999997
2285,2285,least,656.071,656.252,0.839,35.24216245454546,-8.051078627272728,45.48166118181818,13.968820490909092,12.081749727272728,876.753549090909,-59.418866363636354,-66.51149277272728,45.59758136363636,-43.94339377272729,-158.02047681818186,2269.8136045454544
2286,2286,a,656.312,656.352,0.519,43.326790800000005,13.5821676,37.0976466,21.071665799999998,16.441626399999997,453.82127,3.333215000000003,385.60558000000003,6.895800000000028,-132.40771000000004,205.46019500000003,4927.28625
2287,2287,dozen.,656.412,656.672,0.999,46.536953187499996,-10.507985000625,30.5651956875,4.73637861875,25.186522437500003,554.853925625,10.426387426470578,91.79838379338231,76.72277095588232,28.230014698529402,38.135051691176464,257.7759772058823
2288,2288,So,657.872,657.992,0.973,30.547037278636363,-16.772296211818183,24.3186669469697,11.719365418636364,10.210866242424242,744.2742033333334,9.212061096430432,-7.989761956893849,7.324560125352257,-19.587456488852933,12.294384135267713,347.3515835925267
2289,2289,we,658.012,658.112,0.767,44.91650699999999,-9.13696445,29.442627333333334,20.371297383333335,26.017711333333335,728.9114766666667,-11.82606285714285,-270.8653892857143,298.9936028571429,290.824915,14.001845714285723,-4276.670885714287
2290,2290,have,658.132,658.333,0.556,48.23771,-18.029888545454547,14.611629097272726,10.25025058181818,26.257143272727273,524.2646890909091,-35.413350909090916,251.55391681818188,98.10196926818186,109.01712054545457,-76.59972409090912,1019.4158000000004
2291,2291,doctors,658.373,658.773,0.88,44.081711954545455,-22.669372840909087,21.89748127272727,16.77314615909091,23.83510768181818,679.1983890909091,-18.81510127046867,61.36878386504801,87.28164062111802,59.725279658385084,11.583832891022022,868.6447114624506
2292,2292,that,658.813,658.933,0.954,45.1104205,-20.131004625000003,39.318995125,23.588893374999998,25.866120000000002,1028.7421924999999,130.60711666666663,17.01053749999999,-527.4176208333332,85.93114345238094,-22.26153809523809,-704.283535714285
2293,2293,are,658.973,659.113,0.398,47.599398777777786,6.493125488888889,13.524048621111112,13.904549333333332,23.787609444444442,997.3151877777777,-51.67012500000001,222.2437065000001,147.1028621416667,-74.6822704166667,-2.5385508333333466,-545.5995583333334
2294,2294,more,659.173,659.393,0.66,52.93120499999999,4.615196049999999,7.190715100000001,-11.95608101642857,27.300228928571432,839.0429735714287,38.73340505494505,-166.71450328571427,-184.19826186813182,-21.353050212087908,16.08979021978021,292.66618131868114
2295,2295,and,659.433,659.493,0.999,46.327481399999996,4.63078494,9.75487776,13.840081800000002,26.924978400000004,894.749228,-91.50073999999998,432.39246650000007,359.19976600000007,38.13041999999999,-11.508714999999976,-1133.7141999999994
2296,2296,more,659.533,659.733,0.68,52.64836383333333,-4.159079658333333,4.747845258333333,-6.154613583333333,26.267843916666664,820.9693683333334,33.27226118881117,-119.60080211538461,-200.3680052272727,17.091159020979013,-0.5541414335664394,-137.10815734265725
2297,2297,involved,659.793,660.194,0.888,47.859779217391306,-11.566964791913044,12.782949363043478,-3.991149943478261,26.065408,815.4342247826087,4.422676778656125,0.1938211502964397,-17.358871963932803,-110.8723153162055,3.784341996047429,138.4931734189722
2298,2298,and,660.294,660.374,0.443,43.521883111111116,-7.063879399999999,40.34972411111111,21.055462666666667,24.21890188888889,612.9412755555555,37.33840500000001,78.39664283333335,-182.73300583333338,-37.476168333333334,-12.69977000000001,2697.6902750000013
2299,2299,more,660.394,660.554,0.846,49.248501,8.745821242222222,12.0429782,0.9569121666666673,23.43174888888889,707.5904388888889,15.878179166666657,-79.88570425000002,-91.48450008333334,145.45739925000007,-80.60503916666669,-340.0052083333328
2300,2300,doctors,660.574,660.994,0.851,44.11110681818181,-13.209124775,24.573400704545453,18.15994042909091,23.29854304545454,679.1053922727274,-38.768233314511576,0.3758599505928881,119.84688344155846,84.71903416487862,-10.918008385093168,1205.914742236025
2301,2301,running,661.074,661.334,0.955,49.887131058823535,-8.143325994117648,19.906944964705886,8.754457229411765,25.121055941176472,755.587135882353,-37.13935196078431,70.02261871323529,96.66252692401962,51.229447622549,-19.806422549019604,-100.07082352941168
2302,2302,for,661.374,661.534,0.708,45.3417313,-25.84737291,3.3359436000000002,4.97544171,15.437534199999998,874.231063,175.99617363636358,197.0546394848485,-349.10415999999987,-192.35095427272722,185.91230727272725,664.9096454545457
2303,2303,"office,",661.594,661.855,0.87,40.660276624999995,-24.4294285625,16.740814085,-6.085373256875,16.751660875,701.66845625,-67.9649544117647,-9.57195419117647,243.77584423529407,72.59008409632352,-93.22175441176468,663.7128867647059
2304,2304,which,661.875,662.035,0.846,36.85789722222222,-21.970282188888884,32.98923488888889,15.871246666666666,9.06834011111111,891.9069133333334,-1.9399575000000229,-57.56268416666672,196.6454241666667,-19.21608583333335,-20.91970166666669,3511.405041666667
2305,2305,I,662.075,662.135,0.669,48.8045144,-27.956933,20.805456399999997,14.399961999999999,27.5732894,417.918056,-183.33706000000004,237.67305000000002,276.159715,202.64631500000002,2.709130000000003,-2796.9437000000007
2306,2306,think,662.155,662.295,0.859,40.4435335,-10.943333562500001,36.933962125,16.355769625,14.487675500000002,488.42082125,-17.525198809523822,130.57449613095235,86.72628273809524,80.24192202380952,-4.2306202380952485,543.3081964285714
2307,2307,is,662.335,662.435,0.74,42.13544542857142,-9.034065971428573,49.28002142857142,13.578195299999999,26.731515857142856,565.1817,-51.519387499999965,121.89554660714285,137.74718928571428,-199.52624785714286,-9.806873214285712,1442.0488035714284
2308,2308,a,662.475,662.515,0.496,43.9267035,5.799958275,37.34306275,16.2171255,25.201368000000002,576.0246925,-152.40533000000005,642.7518745000003,-32.80232499999998,81.68175000000001,8.336090000000013,4054.4674500000024
2309,2309,good,662.555,662.735,0.726,44.664276181818174,-5.163353269090908,27.109430727272727,11.936335327272728,25.394322818181816,770.7484090909091,-46.25322954545457,-140.66214746363636,43.14339590909093,33.864772772727285,-100.1909763636364,1196.2595636363642
2310,2310,thing.,662.795,663.015,0.84,40.67822635714286,-16.962029207142855,32.23584514285714,17.969036214285715,1.8749069285714286,669.0572257142859,43.738968461538455,80.12738343956043,37.426942197802184,10.770553076923074,-14.422360989010985,-1235.5793186813182
2311,2311,And,663.115,663.255,0.891,45.57111591666666,-2.7055900750000013,31.128831416666667,22.76540783333333,12.223313333333332,571.3355583333333,-0.03730017482516886,131.73742788461536,-43.12711835664335,25.2600041958042,155.8603933566433,232.570590909091
2312,2312,at,663.496,663.556,0.784,47.299515466666676,-26.422731333333335,21.4384293,11.308586159999999,23.04522506666667,538.3388113333333,-11.269943750000007,12.187614107142855,-40.77890973214285,8.411249892857144,11.03955482142857,-410.1768678571424
2313,2313,all,663.636,663.756,0.864,46.3420744,-15.306633600000001,4.629878100899999,-39.2618138,33.6584746,784.638696,45.53977272727273,65.49469515151513,47.612240586969676,-71.68991818181819,10.552744242424248,622.4571696969696
2314,2314,"levels,",663.796,664.116,0.8,45.38727055555555,-8.614374483888888,15.499693394444446,-17.623868072222226,11.185952444444446,665.6714594444444,-38.557536119711045,41.282943954076366,97.34548626934988,34.20227141898866,-76.20028926728587,1844.4182296181632
2315,2315,whether,664.156,664.396,0.923,45.55421471428571,-15.078283,19.078933257142857,6.946301657142858,23.31496135714286,774.1621021428572,74.9521410989011,-7.2165940659340535,-72.13717903296703,69.25491041758242,36.20493967032966,318.671456043956
2316,2316,it's,664.456,664.536,0.73,38.54472471428572,-11.156380114285712,37.810717571428576,11.914404235714287,21.156463857142857,807.1883871428571,-166.53185357142848,78.12020910714286,291.03890357142853,-171.77819625000004,-129.57327142857145,-2961.404035714286
2317,2317,a,664.616,664.656,0.222,31.584550833333328,-12.737706333333334,46.03105433333334,4.611633599999999,7.572419166666667,724.4970666666667,-124.31459285714287,-304.2575045714286,278.2366114285715,-180.75883428571433,-130.26181000000003,4939.973428571429
2318,2318,state,664.696,664.956,0.907,34.98621386666667,-19.117035968,45.211966533333346,11.009646251333333,11.2358706,900.4782946666668,35.573781428571415,61.50940250714284,-3.71836160714284,129.12593390892854,-14.032351785714292,353.00423928571445
2319,2319,"senate,",664.976,665.337,0.822,40.050633999999995,-16.157476152631578,32.07221242105263,10.684944419473682,17.601592842105266,619.9301478947369,-14.950827456140354,56.84162519736844,13.915543771929833,27.62295746228071,-74.28584438596492,585.9383605263157
2320,2320,state,665.377,665.657,0.786,37.967912375,-21.83848575,39.087087875,17.019155375,16.84848175,616.14943375,78.38788279411764,83.55368558823528,-4.2541175000000075,76.89215633823528,64.48085676470588,-1054.4897338235291
2321,2321,"house,",665.677,665.957,0.922,46.20036286666666,-25.3732408,19.332928513333336,-4.960773237333333,20.0938832,698.0022706666665,-111.00168678571428,54.59454035714284,153.3784039285714,-115.25838382499997,-104.54703964285713,1948.3920696428568
2322,2322,being,666.537,666.757,0.801,29.58509775,-18.219237874999997,30.568214,12.5686473075,8.332990050000001,711.6642505,13.995465984990618,61.48158414258913,18.0821471575985,15.553416962945589,44.09701003752344,-378.78555769230763
2323,2323,involved,666.798,667.218,0.891,45.826508826086965,-7.393706286956522,9.834961596956521,-13.029067063913045,24.004436956521737,776.1580204347827,0.019553458498023396,-0.10666210474308162,-33.145824453063234,-83.62476799555333,-4.284882460474308,474.2798784584976
2324,2324,as,667.358,667.678,0.646,42.66395760869565,-12.917327146086954,36.073829260869566,17.719630130434783,19.604076565217394,588.9194613043477,3.960648517786566,5.974424864624502,-4.810815118577077,4.753803557312247,-6.7495561758893245,-311.4505187747035
2325,2325,a,667.718,667.738,0.914,37.566278000000004,1.4864255666666668,35.53655233333333,26.312903000000002,8.514446333333334,301.13090000000005,-108.02439999999982,244.7336249999999,-143.512625,-196.26502499999995,-638.5834749999995,-2740.0397499999985
2326,2326,county,667.798,668.098,0.808,43.1366775,-21.205412872222226,35.82315033333333,15.293739594444443,18.257889111111112,682.8121911111111,23.39615939112487,77.22619519607844,67.00682848297214,49.784995165118694,35.16790154798761,-1109.1590010319917
2327,2327,"commissioner,",668.158,668.639,0.859,39.75664244444445,-20.76433035185185,32.47485552037037,21.116848396296305,22.605298555555557,859.8088407407406,20.190062820512825,-8.5335793956044,-29.536800331196584,-39.03367135531136,39.19298101343103,119.9020537240537
2328,2328,I,668.679,668.719,0.938,50.09502525,-27.641550249999998,12.23674075,10.91866685,26.332304999999998,468.71042750000004,53.499675000000046,139.90021500000006,449.2695450000001,239.35635900000008,0.5917899999999678,-4210.013350000002
2329,2329,think,668.739,668.879,0.438,44.464111625,5.334856750624999,32.484438749999995,18.621043625,26.193020625000003,709.19009375,-45.226982738095224,105.71352105059523,-9.606598809523824,-2.97788630952381,-7.892788690476173,2715.412779761905
2330,2330,the,668.899,668.979,0.841,44.9818572,11.070777937999997,21.807431599999997,10.719757600000001,23.821442400000002,891.2628259999999,-99.01173000000004,233.73052805000003,108.91417499999997,-42.862755000000035,-22.73084500000002,-68.57635000000002
2331,2331,more,669.019,669.179,0.876,51.379370900000005,-4.1727069,12.5243109,0.8553616600000001,21.5226829,898.492553,26.492386363636346,-239.448176060606,-164.80885606060602,5.601755333333332,-114.4652039393939,-28.746675757575577
2332,2332,physicians,669.219,669.719,0.773,35.07361970370371,-10.178319977037036,50.28083766666667,18.674449703703708,18.502605296296295,775.6400018518519,-14.596552106227104,19.64241746153847,51.74254914529915,12.167409768009774,23.59814172771673,-639.7573040293041
2333,2333,get,669.759,669.919,0.9,44.0415449,-16.07836364,44.1699705,24.3430477,24.3422179,637.3576340000001,53.0675827272727,9.228534424242426,-175.76773909090903,-11.456437272727271,62.38102575757573,-1503.085024242424
2334,2334,involved,669.959,670.34,0.942,48.11072904761905,-11.91397920809524,15.300692052380949,1.7204585095238099,26.11279014285714,757.9068580952381,14.343282922077925,-2.808445620129869,-55.077870512987,-100.23840393506494,5.705540909090908,-440.6067318181818
2335,2335,in,670.38,670.44,0.75,43.38097380000001,5.921635019999999,31.927137400000003,26.366605599999996,25.8787142,593.095564,-19.162365000000005,137.1519405,126.23917500000002,134.38733,-11.085819999999986,3784.3098000000005
2336,2336,their,670.46,670.6,0.83,42.25189175,-8.87514185,27.364020875,28.315579749999998,21.87876675,817.33743125,-23.774745238095267,85.67070488095237,-30.445545833333334,39.2322773809524,-105.85365714285713,-576.4234940476194
2337,2337,communities,670.64,671.16,0.876,39.61734310714286,-8.9422289475,44.613370357142855,28.351608749999997,22.716891285714286,712.732882857143,-11.020818623426381,10.958156757662834,72.78226737821565,-12.91462609469075,10.240061713191022,-731.5613305966064
2338,2338,and,671.68,671.8,0.884,33.84233178125,-22.250542475,27.5545765,10.544965116875,6.781747375,742.3780759375,46.12711434200881,25.749164384164224,-37.59798819648095,21.41023972342376,47.73110142961878,-1083.248746242669
2339,2339,in,671.84,671.921,0.828,42.804732,-1.796246583333333,34.52838983333333,27.2689845,25.87682033333333,580.330905,-17.896305714285692,179.4659978571429,-87.22317571428566,69.9813957142857,-13.344414285714285,1389.7722142857135
2340,2340,the,671.941,672.021,0.823,41.9073782,2.62391728,27.646449999999998,21.865446400000003,9.993785800000001,541.275676,-120.83064000000002,215.67247500000002,16.491220000000002,-60.439585000000015,-123.97472000000006,6099.234850000001
2341,2341,politics,672.061,672.621,0.836,42.30665256666666,-17.955798362333333,19.567862966666663,-1.5572817166666673,16.426432600000002,750.9057376666666,-21.868863526140156,5.480113359176862,74.81117436040046,81.38845734927698,-10.537928075639599,275.5529551724138
2342,2342,and,672.681,672.781,0.813,37.607814250000004,-1.1227057874999993,37.76445425,13.91823145,22.27520325,831.96211625,164.85096666666666,409.03767517857136,-117.72517380952384,129.23385904761906,100.83217499999999,-4063.689101190476
2343,2343,the,672.801,672.861,0.915,41.905835999999994,8.101208835,36.162928750000006,22.728185,23.811771750000002,388.72075499999994,-179.62151000000006,456.90105330000006,95.74009499999998,74.0365,-38.96390499999997,1459.2757000000001
2344,2344,decision,672.921,673.341,0.897,36.33852254166667,-9.963987865833333,52.554567375,14.5520899125,18.650935125,807.1350720833334,14.635225978260868,56.01499292826085,-2.9905053695652137,32.67545907608695,75.37270189130432,-838.3492245652172
2345,2345,"making,",673.381,673.682,0.929,42.53623929411765,-5.920056652941177,39.863229411764706,20.56959629411765,18.837556882352942,580.1913135294117,-17.512902205882348,83.15851850490195,46.0625181372549,-17.152848651960788,-61.804616789215686,548.4428382352943
2346,2346,I,673.742,673.782,0.93,52.97788800000001,-28.6128396,28.003617600000002,7.768992900000001,10.2082824,597.248518,57.335165000000046,-22.512580000000007,182.91642000000004,31.763998499999992,382.81555000000003,-958.2013999999996
2347,2347,think,673.802,673.922,0.416,45.30305528571429,-4.637215177142857,37.79792042857143,27.327726857142856,14.760254714285717,363.2627257142857,-76.69375714285718,73.99433342857142,77.3340857142857,67.0358857142857,-276.2987625,2724.320696428571
2348,2348,the,673.962,674.062,0.807,41.10096871428571,4.807605052428571,36.545721285714286,25.146694285714283,16.64925357142857,662.0056928571429,-43.52579285714286,219.27711607142854,-6.166239285714256,-58.20256785714284,-116.86001428571426,923.7839642857139
2349,2349,better,674.102,674.302,0.91,48.391566250000004,-22.955963633333337,17.23029604583333,16.659992225,24.880143333333336,839.3053291666666,46.70045332167831,-5.328840279720296,-123.06765745629367,1.2807262062937046,49.10713986013985,1642.5583898601394
2350,2350,it,674.322,674.382,0.772,43.897141500000004,-14.2429001,29.769940625,32.2093375,26.13992025,885.489085,-157.9558700000001,116.23836800000008,503.91510250000016,-226.85415000000012,4.882884999999979,-6994.499300000004
2351,2351,is,674.462,674.562,0.736,34.49063600000001,-16.250290111111113,50.66132255555556,14.328613033333333,20.049277333333333,730.3064066666667,-144.28037000000003,60.568041666666666,170.648995,-72.01684758333336,-153.96062000000003,2477.4413916666676
2352,2352,for,674.622,674.782,0.885,37.816118090909086,-23.372165518181816,17.963223236363635,3.8113344818181827,13.210414727272727,892.8000090909092,236.25410181818188,198.00895740909093,-399.9888606363637,-224.107410909091,162.00762136363642,1.4591227272727154
2353,2353,our,674.842,674.962,0.862,51.04473477777778,-15.331421433333336,-12.436028852222222,-2.2268259833333333,13.206833,784.0463233333334,-81.39585833333338,149.70641283333336,109.64235776666668,148.3579294166667,-198.11767750000004,-1479.9492500000006
2354,2354,patients,675.002,675.403,0.772,35.58281095454545,-25.224992036363634,46.186620954545454,13.337767977272726,16.30037509090909,850.2790027272728,-31.24901182947487,33.207993901750434,79.52710697346133,-24.32872407396951,-27.635784697910786,1042.1027199322418
2355,2355,and,675.443,675.523,0.89,41.337739,-6.149041416666667,37.959188166666664,18.89709102833333,28.501277833333333,905.5183816666668,126.5972,275.57113614285714,-129.24838428571425,327.01707878571426,-30.247698571428604,-4936.175671428572
2356,2356,the,675.543,675.643,0.666,45.7843355,-4.643161333333334,34.97566466666667,23.086012666666665,16.973995666666667,568.3482250000001,-33.20763285714289,201.37405285714286,13.598382857142848,42.24094571428571,-302.91646000000003,5040.571214285714
2357,2357,better,675.663,675.883,0.84,49.970034,-25.865377633333335,12.746652427499997,17.275563083333335,27.956747166666663,792.3427849999999,16.17111853146851,27.07557405594405,-115.73392713811187,39.117080944055935,12.467047202797197,1880.8734405594394
2358,2358,it,675.903,675.963,0.762,44.5972705,-29.26737975,32.92138575,25.7695085,28.27634625,1040.356965,-97.87391000000007,-35.093274999999984,413.89782500000007,-319.0545800000001,2.7068350000000065,-896.0799000000005
2359,2359,is.,676.023,676.063,0.996,39.35482700000001,-21.142873700000003,44.5307634,12.5338526,22.8616108,875.046402,-92.74830499999996,188.84423500000003,124.43978500000006,-2.5580349999999936,-286.7313600000001,4817.0962
2360,2360,for,676.567,676.707,0.825,28.8382365,-23.6029203375,21.992923428125003,6.305201350000001,5.5036571875,878.4773809375,29.531676814516135,27.57337647910558,-83.47377323588711,-18.373426823680354,41.87258024193549,-247.71936464442825
2361,2361,our,676.767,676.867,0.687,52.277497374999996,-16.02388939375,-12.646687674999999,-9.695873187499998,28.669452375,929.00008875,-35.20051011904762,161.63265717261905,-0.9138067857142915,184.31763160714283,-3.0266672619047568,739.778303571429
2362,2362,profession.,676.907,677.427,0.839,41.005267,-27.911080464285714,25.81818828214286,14.178789675000003,11.349575,744.5013403571428,-26.73304384236453,11.168241858237552,93.09903497400106,44.710495283251234,-19.633408128078813,-260.6210329775588
2363,2363,So,677.907,678.128,0.919,30.097524788571434,-14.581590760000001,28.672612885714283,8.183432228571428,6.985279771428571,810.827646,21.43477753781512,-17.686309575630244,-13.940815378151255,-69.70966471568626,44.40969704481791,-72.34376218487392
2364,2364,the,678.508,678.608,0.849,37.55955375,8.683336845833333,20.815188250000002,0.6507101125,0.8366249583333333,835.5870924999999,-47.048531173913034,-29.4329780847826,31.503673695652175,116.46217803695647,-8.29349958695652,277.37680652173907
2365,2365,question,678.648,678.968,0.908,40.623869222222226,-23.337119354444447,30.268341805555558,9.215881388888889,29.304116000000004,705.8694300000002,-36.466198245614045,-14.815946506707922,159.13982159442727,100.75339783281736,45.343593808049526,-198.14926831785357
2366,2366,then,678.988,679.168,0.852,44.021479,-19.49701815,34.3247796,15.54153836,28.3618988,628.13093,-7.696012121212148,67.51178439393938,4.56040060606061,23.49620339393939,0.06596121212121438,283.3845272727278
2367,2367,comes,679.348,679.548,0.749,41.52450257894738,-5.40880324,30.51167405263158,17.594333963157897,18.84709652631579,778.874244736842,20.53360850877193,-74.0463249017544,-3.998141842105259,-53.11276605263159,46.64399719298246,405.7829017543859
2368,2368,down,679.588,679.788,0.869,43.879041666666666,-23.816723183333337,27.27565733333333,5.958154339999999,25.583588583333334,620.835805,70.05731328671328,-116.02466010489505,-161.64933951048948,-112.58937258041955,50.99424318181817,-727.8243076923075
2369,2369,"to,",679.828,679.988,0.863,38.6183766,-10.0516702,36.8079629,25.7063964,19.139626999999997,887.0964459999999,18.644353939393937,-67.37094133333333,74.42011242424242,211.50225272727272,70.47273515151515,4306.257915151515
2370,2370,did,680.028,680.168,0.882,39.236472,-1.412748566666667,45.391098888888884,31.99514611111111,26.13858766666667,665.1210766666668,-0.32187333333334356,-7.348418583333343,-24.93905166666664,-52.029255833333316,-3.4341108333333388,-4511.525608333334
2371,2371,they,680.188,680.308,0.921,43.363994,-17.12046832857143,32.61322071428571,21.144406214285713,26.151209142857144,710.5329857142857,88.42949642857143,-309.7446096428572,6.0569214285714414,-96.35981875000002,-0.6773803571428809,-2969.2205714285724
2372,2372,listen?,680.348,680.688,0.825,40.45917978947369,-19.507916603684208,37.56370984210526,5.3825657736842105,21.230085263157893,803.4013199999999,-22.130494035087732,1.5463393342105252,57.615223859649134,98.38791657017543,17.29562447368421,-206.8259298245616
2373,2373,And,680.848,680.968,0.786,44.84179871428571,-18.402183037857146,27.858544714285717,18.64655607142857,19.224646,676.8368878571429,-7.433546593406582,71.25596185604395,2.279468791208802,9.522169780219786,87.71487670329667,1462.8993439560438
2374,2374,I,681.189,681.229,0.997,37.495102,-9.475450553846155,27.353665230769234,17.825331900000002,18.073294307692308,864.3078315384614,7.3603260989011,-197.73181939560442,-81.96751978021979,-113.32118925824174,50.19593983516483,-3342.9708983516475
2375,2375,thought,681.249,681.429,0.872,44.7272919,-14.19855426,19.10287039,2.62133865,24.5167998,720.266903,34.68657363636365,212.37153545454538,-140.13943257575755,-193.17305560606056,32.17158181818181,382.94116060606046
2376,2376,one,681.489,681.549,0.911,53.546308333333336,-8.375547433333333,11.400797083333332,-7.399384233333335,27.066016166666667,940.9812433333333,54.92248571428572,-493.89272200000005,-11.34523642857142,210.77867799999999,-2.3929071428571445,639.3100285714287
2377,2377,of,681.569,681.629,0.748,47.463856,-8.571933437499998,23.32351625,17.2947455,26.2744975,644.381105,-32.31340000000001,496.0965442500002,153.86592500000006,26.97165000000002,-21.23284999999998,-11589.366000000004
2378,2378,the,681.649,681.729,0.833,41.808807200000004,1.57701994,35.2148616,27.631879400000003,25.031640200000002,491.18738199999996,-53.489344999999965,248.5314305,180.33325500000007,147.94426000000004,-36.38237000000002,-3813.9009000000005
2379,2379,great,681.789,681.969,0.882,42.61501391666666,-7.396255329166666,27.5409699625,20.620047262999996,24.551494583333334,636.6843050000001,-49.10552744755244,-76.97629880244754,169.83178490384614,115.92381196153842,-37.45341206293706,-2889.4775559440554
2380,2380,problems,682.269,682.689,0.821,37.25929577777778,-2.608871716666667,18.20372162222223,1.113144325,19.249806555555555,886.0245555555556,38.63492898326898,-12.195304410553408,-9.713256637065633,-47.16787098648646,27.698320849420842,-145.48364440154435
2381,2381,with,682.709,682.829,0.941,45.696350714285714,-5.3700670285714285,26.285393428571435,6.4443440857142855,25.724475285714284,891.0080771428572,-2.3846624999999966,169.43302910714283,-37.47211785714286,-162.23584749999998,-14.162648214285738,-104.05432142857144
2382,2382,President,682.849,683.129,0.589,45.67777466666667,-10.515629878,27.614209546666665,9.87946712,24.768059333333333,868.4527240000002,6.1420330357142765,12.823608587499997,37.709220821428566,35.80862989285714,26.37406160714285,183.16768928571435
2383,2383,Obama's,683.149,683.509,0.854,45.933614,-10.518168447368419,13.759107226315788,-7.099179444736843,19.90194447368421,793.3515073684212,-43.56415815789475,-10.863277070175434,53.49617247368422,3.386199824561404,-61.93981833333334,-75.44347719298244
2384,2384,health,683.529,683.709,0.644,42.7788513,-17.27606272,22.3790065,-3.1451819249999997,20.170930200000004,769.865591,52.87244757575756,95.71354890909087,-78.82855121212117,-15.938675712121192,120.41776121212119,-1328.8767787878776
2385,2385,care,683.729,683.869,0.433,42.688529625,-18.8072862625,23.761714500000004,8.773126675,19.16198825,986.05934875,124.9534946428571,133.49523410714286,-249.7807654761905,-321.40549630952376,174.5451202380952,-1870.9775416666662
2386,2386,law,683.889,683.99,0.858,51.4061145,-13.758902633333335,11.54771975,-20.687440833333334,25.99754316666667,738.8680800000001,-66.1339414285714,-217.42471428571426,-41.26734642857143,130.36796714285717,25.644318571428535,1498.141314285714
2387,2387,is,684.01,684.07,0.686,44.6481842,-17.2102812,36.3480158,1.0497394699999998,16.1357436,783.520812,-311.818235,44.41048000000001,714.1596050000002,-42.08982025000001,-407.262825,7836.328200000002
2388,2388,he,684.11,684.19,0.603,33.69615639999999,-21.004372120000003,51.3604648,22.431421653999998,22.211865600000003,1046.05228,282.789445,404.12569400000007,-623.6729349999999,405.3913373000001,267.96110000000004,-1449.1139999999982
2389,2389,really,684.23,684.45,0.765,46.95648284615384,-10.870478107692309,20.219425076923077,1.7159258538461537,29.127970538461536,1003.5951584615385,-22.5712695054945,-112.19214681318684,151.2220802197802,-0.7305877472527582,6.1884269230769196,995.8431153846154
2390,2390,wasn't,684.71,684.95,0.916,39.219614760000006,2.3724675308,25.890329344,10.141402104,16.05354852,828.9715263999999,32.82707257692308,-6.81723758730769,-30.41174149615386,-44.737598326923084,39.355634615384616,-52.301464615384596
2391,2391,that,684.99,685.13,0.954,45.462919666666664,-27.903949844444444,25.69122011111111,11.512813535555555,24.991015666666666,524.8431166666667,54.78212916666669,-203.1946463333334,73.54217000000003,-58.496159341666676,87.89322083333333,-3471.7702833333346
2392,2392,interested,685.19,685.65,0.796,36.93154069230769,-19.53397515,43.15973030769231,17.490328424615388,16.322269153846154,731.1553042307694,-17.71614998290598,36.30685550256409,-0.061334735042737315,-16.632153608205126,-8.07340147008547,544.74249008547
2393,2393,in,685.69,685.73,0.992,44.623353249999994,-17.49711625,37.108819499999996,25.899838749999997,25.088449249999996,538.5855725,97.61176500000003,-4.086855000000009,-85.76533000000003,17.029605,-5.590945000000008,9607.905350000003
2394,2394,what,685.77,685.91,0.9,45.89748188888889,0.18779517777777788,18.725912144444447,13.120722744444445,11.778994888888889,718.2005877777779,-38.14254416666668,-78.41321366666669,82.16099725000002,139.37431300000003,-133.40178416666672,1655.1245666666675
2395,2395,a,685.99,686.05,0.67,48.91062428571428,-6.515011171428571,14.888919285714286,-7.421201142857142,15.114489285714285,825.5992471428572,104.74838035714286,-30.893938392857155,-36.71650892857144,-594.3799571428569,284.45109464285713,-4796.240232142856
2396,2396,lot,686.07,686.19,0.704,50.08629414285714,-23.866679142857144,6.178616128571428,-19.25309457142857,26.433474142857143,607.208857142857,-65.77577857142859,-146.00483214285717,83.31783357142857,227.6747714285714,-2.050158928571433,-1918.99425
2397,2397,of,686.21,686.27,0.692,49.408454,-8.289079599999999,18.640684750000002,12.631963749999999,25.334855499999996,744.70697,-43.75787000000005,104.54314800000004,114.16798500000003,207.37522500000009,-10.962889999999973,9017.490900000003
2398,2398,the,686.29,686.35,0.935,46.139855,-7.912373724999999,21.687383750000002,13.50218825,12.635034999999998,658.0643675,-103.55870000000007,300.65691650000014,-33.034195000000004,33.721375000000016,-8.546310000000016,-4862.183050000002
2399,2399,practicing,686.41,686.931,0.895,41.727863933333325,-18.35064261,26.674942403666666,14.577372540999997,17.820371799999997,706.0554129999999,-10.353154771968859,35.35546337152392,86.47927652358176,7.650916286651835,5.330422780867626,-264.4997240266963
2400,2400,physicians,686.991,687.531,0.794,36.2679024,-15.402343899999998,48.577472733333344,18.37321389,17.17772796666667,832.68786,-13.058351857619575,0.43599505895439933,30.37279715239154,-5.03529540711902,-19.21638494994438,173.47606607341487
2401,2401,who,687.551,687.651,0.982,35.31270216666667,-13.133018366666668,42.88862266666667,13.964439173333332,17.643575000000002,979.9288183333334,419.5876471428571,486.15511457142844,-539.2045828571429,-282.9858041142857,291.32723999999996,-2600.0969285714286
2402,2402,were,687.671,687.791,0.926,45.497214714285725,-5.227083957142857,19.345895685714286,15.20427112857143,17.65568742857143,925.1248757142856,-118.84351964285716,-356.5849916071428,264.8586958928571,296.24749321428567,-220.4343357142857,214.36751785714264
2403,2403,trying,687.811,688.051,0.8,43.409259384615375,-25.636298297692306,22.24378872307693,18.33540393846154,19.311535538461538,736.2019461538459,40.31134340659341,210.31867316483516,25.170222857142846,23.3941379120879,99.86081483516485,136.16682142857175
2404,2404,to,688.071,688.131,0.706,50.51573275,12.200088599999999,19.51863,-2.1393093,23.7798105,948.8567325,68.10873500000001,330.0746540000001,219.58623000000009,-282.37918100000013,6.357269999999994,3160.464350000002
2405,2405,weigh,688.171,688.351,0.344,45.02859863636364,-18.515579272727273,31.046426800000003,10.29667851818182,24.86214972727273,519.9407654545455,-22.094912272727278,-159.22971318181823,247.7290948181819,243.1148407272728,4.121989090909094,-3731.5623090909103
2406,2406,in,688.391,688.471,0.685,46.068755333333335,-14.770931616666665,24.692134166666666,25.412842666666666,24.877517333333333,736.1642383333333,101.82574285714287,62.29372328571427,-212.69277000000002,5.6483428571428504,-3.095294285714293,4218.642071428572
2407,2407,on,688.551,688.631,0.846,49.620814249999995,-12.696226124999999,12.6483618425,0.9266793500000015,23.768435375000003,734.0119775,-42.30747857142857,100.09471369047618,210.72422172619045,265.794065,-2.083327976190476,223.72038095238102
2408,2408,this,688.671,688.851,0.853,37.296820363636364,-20.57333009090909,43.967929272727275,9.191717827272727,10.816237636363637,714.3644845454546,-156.04850181818185,-89.06442636363641,211.41253136363645,-181.3730326363637,-163.04676772727277,4170.260713636365
2409,2409,had,688.951,689.131,0.779,35.951478428571434,-21.605994178571432,34.24162207142857,11.817568621428572,12.856472928571431,683.1181214285714,99.64441868131864,159.31842928571425,-105.69473153846151,65.40202409890111,-4.412431978021978,-896.9533999999994
2410,2410,seen,689.211,689.471,0.81,33.85338264705882,-12.96145203117647,49.70132935294117,10.008236129411767,15.661384529411764,720.8885617647059,82.09987965686274,183.06927862745098,-33.92458897058823,51.21679199754902,78.14282867647059,-1503.703112745098
2411,2411,from,689.531,689.671,0.818,44.1582628,-14.569210390000004,18.078786049999998,5.539111920000001,17.5698419,865.3652559999998,86.7896406060606,158.3995911212121,-152.2003022727272,-146.1597277575757,150.361573030303,-1345.3180363636359
2412,2412,our,689.731,689.831,0.826,53.715994625,-17.0780891875,-14.356709250000002,-8.4101763625,24.43321375,880.8715275,44.28034226190477,41.883474107142845,-25.334117857142857,81.67907363095237,9.308455952380946,-170.04858333333337
2413,2413,own,689.871,689.992,0.883,47.294695875,-2.4062069125,15.379931543749999,3.190202125,26.825854375,894.83298,-80.72020535714283,183.61473089285707,261.44481502976186,234.8889934523809,60.08675416666665,-596.1959523809522
2414,2414,personal,690.052,690.452,0.775,43.53897604347826,-16.017079457826085,26.584196673913045,3.855509532173913,19.362489782608694,926.2662660869565,18.467644614624493,13.323522375494061,55.270481101778635,-44.77746404347824,-13.447205138339916,-105.6546086956522
2415,2415,experience.,690.512,691.112,0.841,34.69866701515151,-19.08067881818182,33.068833133333335,16.4596597030303,20.575007757575754,818.6663015151515,18.589409831216578,27.75940138703209,1.7143936564171112,1.95734580715241,-29.080858656417117,242.08624114304817
2416,2416,And,691.952,692.092,0.771,28.906636961224493,-18.52824753932653,24.415776673469388,14.708686626530612,8.190345775510204,673.838946122449,26.844861363775514,20.55641409619388,-4.41651251020408,2.3960838454081657,34.562372321428576,-546.6561860714287
2417,2417,a,692.112,692.132,0.0,40.010455,11.43951225,41.259217,24.9926345,25.70586,528.855605,133.24249999999998,8.778474999999993,160.0996999999999,-64.07825,-14.350300000000075,1822.7034999999967
2418,2418,number,692.432,692.632,0.995,45.89373248,0.23211239760000027,24.0169915816,10.023591139999999,20.07384996,650.7384896,19.345331269230776,-34.097857686923085,-45.08465686,-23.770842715384614,42.43326853846153,724.1955776923078
2419,2419,of,692.652,692.692,0.28,49.10258166666667,-13.785940333333334,27.348111999999997,13.060479999999998,26.258012999999995,933.3376666666667,-97.125875,-18.210349999999973,37.50194999999994,-51.470924999999994,7.3981250000000065,-5938.004999999996
2420,2420,the,692.712,692.792,0.693,50.5434178,-3.264284359999999,8.860742888,5.557813712,25.4431846,922.142296,4.971740000000048,431.956065,-257.47652260000007,-163.75602690000002,1.0410849999999878,643.4438000000001
2421,2421,regulations,692.832,693.493,0.882,39.57596325714285,-16.98108615571428,39.208826114285706,15.482412551428572,21.0462588,751.9228445714285,-19.90249364145657,-4.702708022408961,59.75309516806719,8.460428917366945,-23.117618095238086,-33.34122226890749
2422,2422,were,693.553,693.673,0.918,54.30891533333333,-6.1400819377777776,10.27079054111111,2.0478826377777777,21.342258222222224,904.8990777777777,147.58786583333338,99.88749145000003,-286.15144210833336,-215.44092140000004,69.38924416666667,-247.42758333333347
2423,2423,written,693.713,693.953,0.853,44.10601735714285,-8.115127042857143,27.52480762857143,21.0750387,15.895692714285714,650.6741700000001,-54.326486043956045,52.055014197802194,148.34743936263735,64.88794586813185,-16.908221758241755,-646.770591208791
2424,2424,in,693.993,694.073,0.776,47.3997895,-3.1669386,36.65373483333334,16.5833486,24.020574166666666,712.6938483333333,13.988818571428554,334.76233942857147,-432.76783571428564,-76.04000571428574,10.017190000000003,7023.195814285714
2425,2425,ways,694.113,694.393,0.806,43.1779726875,-24.02489365625,38.045617568750004,9.74329835625,20.658368875,615.763989375,-61.13735860294117,-22.290389816176482,197.98459484558816,101.71241033088232,-48.56576367647058,-65.57091397058834
2426,2426,that,694.793,694.913,0.443,27.453693461538464,-18.633415851153845,33.99311646153846,14.491087323076924,5.867350538461538,807.9717638461536,48.184614017094006,64.23432364358972,-55.3968756239316,39.953981364102546,54.8205343247863,-451.56372957264944
2427,2427,made,694.933,695.093,0.825,43.41211277777778,-29.02336418888889,38.67150988888889,22.123430444444445,30.74513055555555,647.409071111111,-24.3920825,-129.88291183333334,128.53295250000002,19.297021666666673,16.340158333333346,2557.8608500000005
2428,2428,it,695.133,695.173,0.847,42.254425999999995,-18.6958025,28.31133825,23.13837225,7.93935525,808.1781349999999,-58.90974999999996,-148.04277000000005,-509.98974500000026,-225.95878500000012,-476.36131500000033,8732.214900000003
2429,2429,tougher.,695.213,695.874,0.696,43.67281342857143,-27.549524297142852,17.23364923428571,7.937351547714286,12.428319771428573,720.9802422857143,4.693038165266104,30.887762126050408,12.023203065826323,21.790215562885145,16.835359943977583,175.11522464985987
2430,2430,The,695.914,695.994,0.833,43.71462149999999,-16.43021716666667,28.390177500000004,20.382562,28.014882,579.5440683333333,26.624072857142817,-150.2833742857143,4.4966242857142875,39.980119999999985,-24.17676857142857,-3707.4966428571433
2431,2431,health,696.034,696.194,0.559,45.5220517,-24.219033500000002,18.210129900000002,-0.5115201900000007,18.620876099999997,568.973943,-58.974581515151506,10.87570454545454,-22.99795060606059,-102.4285338484848,-226.0034372727272,2556.1515909090904
2432,2432,care,696.234,696.414,0.645,39.211391727272726,-24.68640133636364,25.489847245454545,7.15150970909091,21.794077,912.1144618181817,144.61074954545458,61.39995022727276,-121.52236345454547,-191.9452247272728,154.9505272727273,1019.4086181818187
2433,2433,law,696.454,696.594,0.902,47.42969144444445,-13.431529955555556,9.826415066666668,-24.57102207777778,28.330164777777778,804.8161033333334,20.510354166666662,-130.13101066666667,-191.56895708333334,45.522271833333335,-7.624181666666678,-1698.5118833333336
2434,2434,"itself,",696.654,696.994,0.926,41.24681525,-22.380955765,20.470707244999996,-8.949233750000001,10.06125625,670.009823,20.63685657894737,4.651025567669172,-43.91624874060152,-92.73756618796993,20.045647556390982,443.66156766917277
2435,2435,you,697.034,697.134,0.995,38.97362971428572,-19.20703614285714,44.479411142857145,22.547203285714286,24.130824999999998,823.8889614285715,103.36209107142858,144.1670071428571,226.23668928571425,164.8777410714286,132.21994464285714,-219.4792142857135
2436,2436,"know,",697.174,697.294,0.971,50.363351625,-25.329086625,17.466853,1.0532478749999994,27.493614,540.15638125,19.176397023809507,16.275060119047637,-75.72950119047616,-241.1769553571428,8.247534523809525,-2075.908613095238
2437,2437,is,697.334,697.414,0.372,41.10964166666667,-11.421831066666668,44.594313166666666,8.566655966666668,26.570596,875.6581649999999,-161.68635142857144,101.79950571428573,454.7446471428571,-57.48226028571429,-10.533799999999998,4091.3952714285715
2438,2438,about,697.454,697.934,0.782,43.18374015384615,-18.647669803846153,24.037785649999996,13.924908494615384,16.23173553846154,614.2412680769231,-7.094058119658118,-13.463689776068374,61.1761416358974,24.580171855384602,22.640772376068366,-532.3604702564102
2439,2439,"2,800",697.454,697.934,0.782,43.18374015384615,-18.647669803846153,24.037785649999996,13.924908494615384,16.23173553846154,614.2412680769231,0.0,0.0,0.0,0.0,0.0,0.0
2440,2440,pages.,698.454,698.815,0.749,40.372276250000006,-17.200322146363632,42.99085129545455,29.038146047727267,19.38961290909091,754.4867393181819,-11.311400517970402,-4.168961921071177,21.07341104651163,-5.467135178646934,1.4710499859055688,367.1242250528541
2441,2441,But,699.315,699.415,0.997,26.434061693333334,-22.43448674666667,22.493677599999994,14.458515493333334,2.0013190666666665,754.6793553333333,16.868196120133483,58.38746729922136,-38.968837630700776,-2.097739134593996,14.68722315906563,-140.03172591768626
2442,2442,then,699.455,699.575,0.993,42.2879335,-28.49285245,27.43729975,14.351943875,26.511219625,816.3510237500001,40.722451190476214,-77.78289214285714,26.517878571428575,-1.280422857142853,119.17926130952378,-3564.5646011904755
2443,2443,there,699.595,699.715,0.865,49.925245000000004,-19.959639642857148,21.52509505714286,18.736319685714285,29.586836,586.7963542857143,109.34315000000001,-66.90640000000002,-218.09565321428568,-235.59641410714286,-6.798333928571441,4638.810232142858
2444,2444,were,699.755,699.875,0.851,53.344618,-12.843788875000001,4.306693599999999,16.892422795,18.43039725,969.20082125,-131.74114166666664,66.11260654761905,144.13768559523808,251.742749047619,-267.1079571428571,1823.3578154761904
2445,2445,over,700.215,700.395,0.914,47.175442000000004,-2.8397727115384623,14.339209061538462,4.652454931923077,16.716063846153848,830.2126180769229,14.120509743589745,5.520552528205125,-0.9356138188034197,18.126649055213665,46.742703247863226,410.6044538461536
2446,2446,"10,000",700.215,700.395,0.914,47.175442000000004,-2.8397727115384623,14.339209061538462,4.652454931923077,16.716063846153848,830.2126180769229,0.0,0.0,0.0,0.0,0.0,0.0
2447,2447,pages,701.295,701.655,0.822,39.67393701587301,-17.866081946349208,34.243753899999994,14.724509230158727,22.29947882539682,703.2321606349208,-2.5530313556067585,17.568327254368285,24.70538761928764,5.08759273497504,7.99215218413979,62.173479670698924
2448,2448,of,701.715,701.775,0.75,46.300728333333325,-5.373450333333332,21.766643166666668,15.82812916666667,26.593976666666666,703.44351,24.042291428571406,143.48805799999997,-133.40615857142856,-81.27481000000002,3.055802857142852,7594.428828571427
2449,2449,regulations.,701.836,702.556,0.913,40.68305307692308,-14.867047412820508,36.09891504102564,14.459781615384614,22.471866948717945,651.705884102564,-23.37471236842106,2.3588336032388666,59.942859410931185,8.67137519534413,-36.4156821659919,-23.613511133603243
2450,2450,And,702.636,702.716,0.944,38.77153175,-7.1262734375,48.7225185,24.388574,19.06057025,791.2625499999999,105.62480238095239,241.62519374999997,-136.46690714285708,163.45592023809522,46.73173690476192,-1034.2854047619041
2451,2451,even,702.776,702.956,0.866,40.34290141666666,-14.619731608333332,47.26765533333333,24.69329616666667,26.07106991666667,900.4191916666667,39.94960646853148,-30.939415926573425,-100.83345874125872,1.4218811188811193,-60.551214860139844,-112.44568181818188
2452,2452,some,703.016,703.156,0.874,35.15007239999999,-22.427268734,36.1293385,1.4603118399999997,17.0570323,977.300258,163.00350606060604,167.43514525454543,-298.8871403030302,7.337195757575756,205.55460575757564,-1449.2229757575753
2453,2453,of,703.176,703.236,0.818,45.840050000000005,-12.857376425,20.24380125,4.8281715,27.461964000000002,819.5972,85.1495700000001,125.68462150000003,247.41908500000014,120.87365000000005,-16.430639999999997,6560.304000000001
2454,2454,the,703.276,703.356,0.828,46.06237766666666,-9.679481796666668,20.145592833333332,8.104732966666667,4.485281333333334,820.3654583333333,-156.41950285714285,315.06399922857145,-39.42615,73.27776942857143,-192.2263428571429,-1038.835957142858
2455,2455,parts,703.396,703.656,0.829,39.98185600000001,-23.228313333333336,17.458289033333333,1.8177044933333333,16.648506466666667,843.7839873333336,-84.19302125,16.173610535714285,166.87458455357145,-35.43715801785713,-44.910729464285716,1374.6146928571425
2456,2456,of,703.696,703.756,0.765,41.8604668,-2.5038995400000004,32.6829836,3.9729399799999996,20.640826,627.582106,118.22563000000001,334.10984000000013,-190.66265000000007,138.08704650000004,-277.02469,5754.333500000001
2457,2457,the,703.796,703.856,0.996,47.9152762,0.2781755439999998,23.1632392,-24.60433028,25.633705000000003,819.6345679999998,-76.698615,205.50400980000003,154.34817499999997,-269.509676,-0.2341749999999904,-1588.2949999999992
2458,2458,law,703.916,704.136,0.916,46.62398221428571,-6.830420735714286,8.97550722142857,-28.899920428571427,26.906087928571427,764.5298342857142,21.707784065934057,-67.84402456043956,-97.80018187912087,68.30123582417582,0.4288704395604367,-916.6727494505493
2459,2459,that,704.616,704.736,0.997,31.636433733333334,-19.370967543333332,20.446174823333333,10.607692479999999,8.0458857,755.2247646666668,-1.2110181535038913,12.545498492769745,40.217522285873194,15.648200404894327,18.844123058954395,235.83803225806457
2460,2460,I,704.797,704.877,0.742,46.23022471428572,-31.840072714285714,23.298160285714285,13.004969242857143,15.906690571428571,583.1692857142858,-75.2218464285714,100.44992499999998,189.28566785714287,295.2222439285714,-297.35813928571423,12.723428571428647
2461,2461,thought,704.917,705.177,0.86,43.438156,-21.351383279999997,17.352619353333335,0.6564092066666671,14.91991506666667,658.5106446666666,38.20938482142856,43.635847250000005,-81.5931459642857,-16.163716071428567,-62.94953392857143,-1596.3744660714285
2462,2462,made,705.457,705.677,0.918,33.88920956,-1.7021513839999998,33.10279372,20.505987560000005,10.701091759999999,746.5239683999998,39.299154,-9.737620034615386,73.22257042307692,57.62595892307693,45.39885442307691,-1244.881926153846
2463,2463,sense,705.777,706.057,0.879,39.45544115789473,-26.721331463157895,30.118741394736844,15.012566710526315,9.38166994736842,793.1426252631578,52.296426754385976,68.79307274561405,-78.35674517543862,0.9175319736842101,15.598863421052636,-802.757716666667
2464,2464,When,706.658,706.798,0.754,27.167958513513515,-17.14057131081081,27.911218072972975,13.257802449999998,4.570920918918918,870.777708918919,14.821976932195357,49.86085224632528,-39.88920022759603,0.052367661332386586,31.131032361308687,-193.68829658605975
2465,2465,you,706.818,706.938,0.996,44.28352814285714,-2.5288551,32.643039328571426,21.861888714285715,27.66845042857143,825.3623528571428,113.61426785714283,-184.1601596428572,-331.5215698214286,-2.3652571428571316,-11.151155357142853,4015.0646607142853
2466,2466,read,706.978,707.138,0.719,47.6899346,-16.12370146,12.761728396299999,15.25418565,29.916452900000003,587.091182,-35.3246793939394,1.827862363636356,195.70888250272722,140.67939966666663,-2.942300909090906,-3583.8102969696956
2467,2467,the,707.178,707.279,0.907,46.78207957142858,-21.24376128571429,24.63772714285714,9.763130042857144,15.71716842857143,633.3741514285714,-92.10128392857145,-260.8443392857142,-130.28781964285716,-284.4330639285714,-294.95388035714285,-667.1421785714285
2468,2468,hundreds,707.339,707.779,0.687,42.006388959999995,-14.098502640000001,22.019213704000002,16.238369608,24.248516879999997,835.4625652,-1.904359999999998,78.70401825384616,49.60686544230769,84.6949452769231,-23.063468346153847,1041.9995273076925
2469,2469,of,707.839,707.899,0.848,41.13192216666667,-5.4205984833333325,38.33822733333333,13.854056666666667,25.710320166666662,839.2168233333332,51.21947857142857,252.7539627142857,-134.78745142857147,145.47588857142856,-18.394324285714294,-6966.8717428571435
2470,2470,pages,707.959,708.339,0.809,38.2715725,-20.017692290909093,44.508995272727276,17.796937886363636,26.63401499999999,538.0033145454545,0.23286360813099838,53.6364737323546,55.611892094861666,-13.414985022586107,31.106559401468097,288.2720530773575
2471,2471,of,708.399,708.459,0.75,48.948819166666674,-9.666820749999998,30.813738666666666,-5.4952792666666666,24.681902500000003,957.3007066666665,-15.832252857142862,110.35957471428574,-155.95716000000002,60.46037685714286,-10.720821428571456,-1642.9045142857149
2472,2472,legal,708.539,708.82,0.74,42.197253833333335,1.1822146111111111,35.08880416666667,-4.5198447222222216,27.874753555555557,712.8337111111111,-6.046215118679041,-29.348297781217752,-38.48019798761611,-57.86867717234262,-3.5139689370485017,357.47613931888543
2473,2473,guidance,708.86,709.22,0.865,43.42821485,-14.628522164999998,28.91461488,6.898633455000001,19.572457149999998,750.027615,-35.56678763157895,15.109177236842115,114.49275155639097,10.485909176691731,-48.366543421052626,1134.5781037593986
2474,2474,and,709.28,709.36,0.781,39.914910428571424,-4.0127999999999995,40.02316885714286,8.41041,22.227824142857145,789.2446314285716,199.31906607142858,349.2632994642857,-299.98263392857143,95.34524125,138.07407500000002,-920.0020714285723
2475,2475,"regulations,",709.42,710.101,0.933,40.3243737027027,-16.742298803513513,38.20134774324324,5.475402318918918,28.318537324324325,660.1205697297297,-16.872516322901852,-0.12176153698434623,46.008060816737796,13.947830989805599,-8.134076137980086,52.19032100521574
2476,2476,you,710.121,710.221,0.897,31.513877500000003,-9.508160266666666,63.010394166666664,14.699651083333334,17.555644333333333,968.6030599999999,-48.89216142857145,-124.86835200000002,-57.945621428571414,45.77601071428572,-306.46718,-1273.4470857142862
2477,2477,"say,",710.261,710.341,0.945,33.25796016666667,-22.33828216666667,46.575708666666664,3.2278228166666665,12.614755166666667,838.6736999999999,355.46033285714293,89.8171242857143,-513.4701542857142,191.947947,320.48537571428574,-7232.078428571429
2478,2478,"well,",710.361,710.501,0.398,47.905590625,1.05231548125,15.78627675,-13.763627912500002,21.944631625,919.62563125,-55.957217261904766,39.87268306547618,93.4722761904762,-24.919307797619044,-99.9690482142857,745.8972678571425
2479,2479,this,710.521,710.661,0.952,36.447391999999994,-19.8592035,45.3859755,-3.8345756374999995,12.753532750000002,914.7450624999999,-257.40077857142853,-103.69080833333332,365.1724857142857,-143.23624863095236,-300.3345035714285,4369.892273809523
2480,2480,isn't,710.721,710.941,0.853,40.019140285714286,-6.242114764285715,38.73940807142857,8.447704521428571,17.393736714285716,673.7194242857144,53.41891868131866,53.59052409890109,-97.42338098901098,22.667404736263734,-72.55629098901096,414.8839692307691
2481,2481,practical.,711.001,711.542,0.889,43.6417053,-22.38363753333333,13.881693477,0.9758057700000002,10.899191,758.8680933333334,7.498524972191326,46.92352039599555,42.10781744816463,-53.99713245717464,-34.84601908787542,0.0005052280312146763
2482,2482,It's,711.582,711.722,0.732,37.53829333333333,-13.051042562222221,35.839149555555565,-9.382008574444445,13.394626222222222,901.7294822222221,-199.03992833333336,-31.48614078333334,169.94683083333337,47.572744366666676,-109.55373750000001,1890.919816666667
2483,2483,not,711.762,711.922,0.853,46.0624438,-16.81998745,12.239779039999998,-1.7716861552999998,20.7099206,551.825553,-27.22525515151515,-135.86084136363627,-28.843802181818166,-11.094027868181803,-165.1989496969697,845.7303424242422
2484,2484,something,711.982,712.262,0.837,40.34647811764706,-14.681849176470587,29.355080411764703,3.0880855411764707,17.60042782352941,792.4213888235294,72.99065857843138,77.34828113970589,-66.24194644607842,120.075709375,77.93621041666665,-1028.3356899509802
2485,2485,that's,712.282,712.442,0.916,39.45887177777778,-5.079640666666666,35.14264166666666,14.456491636666666,11.937428777777777,783.5372444444444,-115.29159250000002,-217.03690466666671,116.07357833333336,-144.88223790000004,-225.33415166666666,2768.596325000001
2486,2486,going,712.462,712.603,0.8,44.145636625,-13.667828974999999,19.719444499999998,7.9758764625,24.4301405,814.863075,146.19239345238094,20.97471785714285,27.626196428571426,70.38672934523807,115.76487619047617,-16.99428571428524
2487,2487,to,712.623,712.683,0.783,49.472931,12.5239975,16.084666000000002,-8.944223875,27.34250325,740.02394,-59.48528000000009,441.2416900000002,100.45225000000002,117.72631450000003,5.9579249999999835,5369.029300000002
2488,2488,work,712.703,712.963,0.826,50.81045357142857,-5.558902300000001,-5.051648171428572,-7.161949057142857,27.41077085714286,781.4144992857143,-57.9464679120879,-24.251875120879106,-8.819606043956032,94.97726162637362,-62.05785670329669,417.4183043956043
2489,2489,in,713.743,713.824,0.496,31.35150576744186,-22.839645580418605,25.551245681395347,13.091604969767443,7.195187255813954,802.3339906976745,11.102444238900631,42.99394757005435,32.30708789036544,5.475425019631532,33.658864670794316,376.7300678042887
2490,2490,rural,713.864,714.144,0.524,52.050362375000006,-2.3256385049999997,6.863679208375,-16.33011956,23.7317200625,871.431819375,25.769115294117643,-64.54126767794118,-18.573040352499994,-111.59643319411765,-45.427516838235285,-692.031018382353
2491,2491,Wyoming.,714.204,714.784,0.734,44.83418609374999,-20.489690888749998,19.31610259415625,-7.596118949999999,25.97973253125,637.3116056250001,-2.6213254123900276,-5.669916493401763,30.97481026580829,73.62298033724342,-9.339525559017597,-320.54766972140766
2492,2492,But,714.824,714.964,0.83,46.777395222222225,-7.391220388888889,26.627333711111113,18.55030177777778,8.009500333333333,1015.7821666666667,24.468620833333333,-201.01752958333333,-8.445250333333341,32.20933416666669,-98.58468500000001,634.7340833333341
2493,2493,that's,715.545,715.725,0.841,29.313505026315784,-19.41621227894737,27.795600052631578,11.57918307631579,2.3118245,839.5208036842105,16.881202467447203,-31.189551195645038,13.158728132180762,-25.65938158277711,12.993635720538352,-250.70564733559468
2494,2494,what,715.745,715.865,0.91,47.02136571428571,-18.976379599999998,20.471823571428576,4.135474285714285,28.885835428571426,782.9953085714286,103.21933749999998,-65.58979642857143,60.920573214285696,180.19004482142853,-18.70365,-841.2399999999999
2495,2495,happens,715.905,716.245,0.816,46.856690263157894,-17.985822989473686,16.797711698789474,10.99191017436842,22.032059052631578,603.6767578947369,-24.91904710526317,143.50918950877195,104.30529373815791,34.73133570368421,-0.4457630701754388,955.3578736842107
2496,2496,when,716.285,716.445,0.81,49.583006299999994,-3.8412593800000003,24.0179626,9.285907914000001,25.4298565,847.161856,-21.933137272727258,21.72105624242424,86.70027696969694,150.0920547454545,-10.111465151515146,530.354727272727
2497,2497,government,716.586,717.006,0.804,45.71604875000001,-2.1950304642857135,20.307214320714284,9.343041532857143,20.074487392857147,718.2394175000001,-0.005736357416531122,-29.454472172961136,-0.6301827063492069,6.72418913355227,33.425712848932676,-641.6157926929394
2498,2498,kind,717.046,717.226,0.512,45.874721,-21.73174760909091,20.13943481818182,6.300724945454546,18.873589454545456,732.6864354545455,64.29007181818183,-38.64969613636364,27.43696636363638,-92.33564745454547,134.6395586363637,-1874.8252363636373
2499,2499,of,717.246,717.326,0.302,39.511100600000006,-6.146310928,30.598083199999998,18.0158338,19.9770404,659.44244,-116.28030999999999,284.42834630000004,-5.837025000000011,179.04259500000003,-246.92938000000007,5858.320100000002
2500,2500,comes,717.346,717.546,0.76,43.16120854545455,-6.9354363981818175,23.977179736363635,3.215881463636363,20.888422272727272,602.3238254545454,-33.963425909090915,220.5705227272728,231.10245536363644,-22.311952454545466,98.19379409090911,920.141995454546
2501,2501,up,717.606,717.686,0.778,45.85726728571428,-8.74150366857143,14.461048814285716,-7.60527162857143,10.845327285714287,624.3224614285715,-37.695044642857134,4.875957714285703,-123.68143750000002,153.4689617857143,-274.0269946428571,3539.7504107142854
2502,2502,with,717.706,717.827,0.874,48.30315985714286,-1.5534514285714283,17.084940714285715,-8.76401742857143,17.182051285714287,878.469142857143,82.59562857142852,72.85591071428573,-18.67488035714286,-144.95780839285715,210.37278750000002,-846.661964285714
2503,2503,a,717.867,717.887,0.8,53.96307633333333,11.182262606666667,15.161955333333333,-22.589607666666666,22.717539666666667,893.3088533333333,-179.01572499999995,544.6927794999998,257.4875999999999,242.51242499999987,-8.735324999999957,-1615.5425
2504,2504,one,717.987,718.107,0.804,47.72774445454545,4.166758290909092,20.375152063636367,-6.401621963636362,22.808212272727275,790.8324818181819,-59.38489318181821,-76.67375431818185,128.91916118181823,129.5507090454546,-51.30424727272728,-357.93380909090945
2505,2505,size,718.147,718.447,0.73,39.56643352941177,-19.179061947058827,32.37714243529412,-5.960339552941177,13.244390823529411,690.0556399999999,15.991632352941176,25.819802316176467,5.943579607843134,58.426090955882366,-0.760941299019603,-1024.298493872549
2506,2506,fits,718.507,718.727,0.841,32.781681642857144,-17.981421635714288,42.37489364285714,0.44766211642857134,5.500813571428572,862.3850492857142,-12.68460912087912,62.68745717582417,60.72391857142858,-58.29663669780218,-25.616677362637365,-215.47893956043973
2507,2507,all,718.787,718.927,0.894,52.15364900000001,-4.361888912,12.6995939857,-26.43994066,19.2494877,637.2912879999999,-33.72942424242423,133.1042181454545,-37.94040601727272,-77.761862,-124.75075909090904,1240.596618181818
2508,2508,approach.,718.967,719.408,0.802,43.15354945833334,-9.653451627916667,15.34602141775,0.7879353708333335,9.464988666666667,808.5655745833334,-30.224721152173913,-58.157366701521724,88.73186914726084,98.81748998478258,-14.050287434782609,65.71042804347826
2509,2509,It,719.428,719.488,0.13,44.347518,-13.5924478,43.1976555,34.604896,0.0,1016.392295,-217.92877000000013,468.23655200000024,-108.67216000000002,-69.32413000000005,0.0,-16686.389300000006
2510,2510,doesn't,720.388,720.669,0.73,39.22968191525423,-10.605329762542375,16.495342869491527,6.994935318067796,4.891388186440678,606.4842047457627,19.18490417299826,25.967683761338414,5.809011413500879,-15.691363333699599,17.767396773816493,-72.40445499707778
2511,2511,work,720.709,720.909,0.83,52.15707258333334,5.853159691666666,-1.9893783825000002,-6.373639801833332,14.527601583333334,937.6820099999999,-3.9416585664335564,-90.335473479021,-63.79789952972026,73.91472993531465,-120.02940716783215,1138.9143321678318
2512,2512,many,720.969,721.169,0.754,45.05971823076922,6.280443146153846,29.522172076923077,20.46596338461538,20.524315692307688,810.3421869230768,-10.588040934065944,-14.620365604395603,102.36506483516486,83.6870120879121,78.6621087912088,-1031.4309120879122
2513,2513,places.,721.209,721.569,0.811,39.27746315,-16.263298810000002,37.3743159,12.47254129,10.1819192,712.478828,-47.97806011278195,-16.986902210526317,114.45967680451128,17.407017714285715,-61.94655496240602,846.8270458646616
2514,2514,It's,721.85,721.97,0.861,12.834211999999997,2.93188435,26.456104025000002,18.394988160000004,6.16649285,715.946855,-79.87864721804512,174.50622443609026,-81.96625855263159,82.24933888721806,27.88621394736842,-1128.6235518796993
2515,2515,interesting.,722.05,722.55,0.797,8.402885420689655,10.141961180344826,19.720791120689654,9.06916318689655,16.663386482758618,650.1076899999999,21.59719372413792,2.6059209500000002,22.054162002463055,-26.415490036945812,-22.68315869458128,-205.09127044334977
2516,2516,I,722.63,722.69,0.965,33.68210428571428,-16.387911554571428,17.142156142857143,-2.957427842857143,27.700249000000003,548.0437799999999,84.4530875,76.55771402499997,-9.375473214285766,95.90786803571426,59.46086071428571,-1200.159410714285
2517,2517,mentioned,722.73,723.01,0.778,20.6580110875,4.3219586625,21.6960748125,0.4751967318750001,23.8771829375,607.766328125,-36.80321980882353,36.91856342647059,-0.18491139705882542,20.464276715441162,-10.65088345588235,-352.20960514705865
2518,2518,in,723.03,723.071,0.021,44.145553500000005,-0.9710597685,12.2559545,2.74445362375,27.795644,705.471985,-22.623060000000063,210.96829863000005,145.40526000000003,35.09100352500001,-18.43384999999997,8408.847700000004
2519,2519,my,723.111,723.251,0.73,38.530387222222224,-13.433008011111113,1.9571942111111111,-6.827404511111111,14.418989444444444,638.3798433333334,-31.965426666666648,44.78382241666668,76.21880758333336,96.57123525000002,-220.85616333333337,-3492.3123333333333
2520,2520,"partner,",723.291,723.691,0.705,35.55434242727273,-13.709135113636366,-6.046935593636364,-5.789235560909091,18.443498272727272,805.7282568181818,78.25713057029927,-8.612158771880292,-23.704016322416717,86.78438625239978,27.244747656691143,84.81668238283453
2521,2521,I'm,723.711,723.851,0.733,31.616297624999994,-10.616089800000001,6.336788775,4.479102987500001,14.377627,943.3979962499999,-289.6521244047619,348.1784885714285,139.99272357142854,145.8399283928571,-203.25192976190473,-2992.968422619047
2522,2522,still,723.891,724.071,0.739,5.747848181818182,19.869784409090904,1.0295175363636362,2.1281262,15.984452181818183,634.8311927272728,318.88627272727285,-50.38717318181819,-13.973352818181816,-0.07176290909090532,149.20215590909095,-1714.4095727272734
2523,2523,here,724.111,724.211,0.875,35.188816,-2.5480360714285717,8.180372757142859,22.932029857142854,20.87342957142857,962.7816214285715,262.4400839285714,-196.23736553571428,-368.49072625,-200.02615892857145,-136.96085178571425,3458.4229642857154
2524,2524,at,724.251,724.311,0.75,23.7161165,5.593097200000001,-0.87762414,14.7112932,0.0,579.0720160000001,-301.30003500000004,202.08612350000004,91.73840500000003,34.51644499999999,0.0,-8416.165850000001
2525,2525,the,724.331,724.432,0.829,24.7740055,-0.7151026000000004,15.515173655,14.397960883333333,20.800391166666667,600.75839,95.34095571428571,-280.83634857142863,-359.0423425857144,-408.104483,-5.128127142857132,7771.336828571428
2526,2526,office.,724.512,724.812,0.831,10.563272668421053,9.696390926315791,-2.696960556842105,-10.79399052631579,4.847764315789473,816.1026705263158,-136.4368471666667,162.92627900877193,11.314178326315794,179.638337131579,-60.44487017543861,-471.9570385964913
2527,2527,And,724.852,724.912,0.648,36.040478199999995,-12.29299524,4.78200992,-0.92901398,19.843445600000003,579.405748,54.57157,-407.38959200000005,117.01819850000003,113.71904550000001,-0.16453999999999547,6756.775300000001
2528,2528,I,724.952,724.992,0.501,12.94294,9.9144635,11.899477500000001,10.1988618,4.96051225,345.3742275,-779.5736900000003,1077.3440300000004,-429.7830300000002,136.27173200000004,-297.6307350000001,1429.0297500000004
2529,2529,"said,",725.032,725.172,0.889,13.163876888888888,3.0394897966666665,11.122557633333335,11.127121622222223,7.574225888888888,479.17086333333333,367.45744416666673,-235.04195532500006,261.87481850000006,105.90197791666668,-57.51637833333335,1733.3473166666672
2530,2530,I'll,725.532,725.672,0.881,14.1463395428,-6.500144764000001,0.30862921455999953,7.1808861,0.0,613.8723744,50.701470456153835,5.334986453846151,-9.02741113123078,-48.018111153846164,0.0,396.00647576923086
2531,2531,be,725.693,725.773,0.799,-10.0414908,17.1630436,24.5746468,17.0584766,0.0,694.272738,-679.7370800000001,602.0563675,-554.93892,-155.54422500000004,0.0,4942.17285
2532,2532,speaking,725.793,726.093,0.827,17.29077083125,5.382238231250001,26.816076374999998,14.09966708625,6.49782525,726.015080625,163.35251950735292,-67.06298865441175,-40.51754117647057,-54.25225188676469,83.74415294117645,-1114.316308088235
2533,2533,with,726.133,726.233,0.912,3.290307079999998,13.913496957142856,8.282847942857142,4.1122061332857145,2.948841857142857,855.8777342857142,-707.5091874999998,427.1620094642857,-130.8728575,22.2167177375,-110.58156964285713,-968.6227857142853
2534,2534,Senator,726.273,726.573,0.473,28.516500235294117,-9.925194706470588,0.27633578235294104,7.483931704117646,17.660805,802.087664117647,209.18869473039217,-104.72239451838236,-10.92896011029412,8.910767139705882,53.2499294117647,698.3955539215684
2535,2535,Barasso.,726.593,727.094,0.787,24.66416817692308,-1.371114108461538,-15.42816552923077,-12.575478408846154,15.793893884615384,729.8598123076922,-95.99610403076922,31.562600369230754,58.27625131145297,1.556105984444441,-32.040305008547,-643.139279316239
2536,2536,And,727.134,727.194,0.993,31.1476176,11.85317892,18.23719128,15.402282200000002,15.6522444,542.509706,-304.12876000000006,358.54721400000005,391.76178100000016,-57.79930000000001,-51.847159999999995,-5131.828500000001
2537,2537,he,727.234,727.334,0.899,11.73311657142857,20.27917557142857,40.942368428571434,16.34886214285714,14.34527742857143,522.3172071428571,-299.75479285714283,161.62783571428565,-231.18587321428564,132.81792678571426,-264.87467499999997,5950.703124999999
2538,2538,"said,",727.394,727.554,0.998,9.654944920000002,2.3205834909090908,9.954209667272726,14.589403272727274,11.909515636363636,680.5403681818182,363.100197618182,-362.25384200000013,132.99341895454546,-11.549616818181816,70.68815545454548,2490.1078954545465
2539,2539,If,728.089,728.149,0.999,10.99593228289655,-4.340507589655173,16.735483175862072,15.614639951724138,2.4201586896551723,525.9501872413794,-6.388447233029553,-2.4705312413793137,-6.27790464285714,8.219033674876847,9.017600640394091,7.549217980295531
2540,2540,he,728.189,728.269,0.998,16.794231999999997,10.684612433333333,41.0545635,19.024098499999997,10.603424166666665,407.50578333333334,-59.376037142857164,-50.45470371428572,260.26509000000004,-156.87601000000004,1.0431071428571037,1572.9481714285719
2541,2541,can,728.309,728.469,0.918,17.844280929999996,13.6240657,20.033954836,15.863830759999999,18.227376099999997,547.6559070000001,54.37081221212122,210.39152696969694,-198.72473559999995,8.300253333333334,-4.74338757575757,-1746.5743060606055
2542,2542,say,728.529,728.729,0.781,5.437677730769232,6.761964723076923,6.0668526569230785,11.097849315384614,21.856496153846155,424.9586946153846,276.1689270604396,-260.14594368131867,223.37489171978018,-86.03324695054945,155.83558076923075,-441.24541208791214
2543,2543,"anything,",728.829,729.229,0.93,22.382871276,-4.624640748,28.41744496,5.7265723144,12.3962436,414.6721796,-19.36569357692308,27.10222487307692,-11.47378630769231,-12.626590232692312,-77.56114415384614,180.46498346153842
2544,2544,and,729.289,729.389,0.823,35.243677250000005,-14.701461608750002,20.0310411,0.9346870250000006,20.510417750000002,544.0653175,92.79183809523809,-250.21882935119044,-350.4468734523809,227.85243749999995,24.13338928571428,3105.8523214285715
2545,2545,I,729.429,729.469,0.661,33.86128225,-24.266433999999997,8.161284025,3.0577968925,16.752099,339.61483250000003,-136.7169550000001,119.0588,408.1942255000002,-150.34230745000005,-335.6844800000002,-321.13455000000056
2546,2546,think,729.509,729.669,0.876,25.9926343,6.16035714,28.495053660000004,8.80985975,15.378176000000002,440.20370199999996,106.56783848484847,41.41307212121211,150.6437566666666,-7.555985181818186,86.65644787878787,-91.95539393939383
2547,2547,this,729.709,729.869,0.818,9.00466827,14.10576771,13.356877260000001,11.00227147,7.7723607,498.83689599999997,-198.58204772727265,150.23881457575754,-33.069386969696964,-50.357350696969675,-24.61208575757576,853.03623030303
2548,2548,probably,729.949,730.29,0.867,21.514749495238096,-2.736292523809523,-0.15247809047619068,-5.131778463333332,14.23955242857143,581.9404509523808,51.952060746753226,26.082110941558447,67.1137982012987,-18.651630006493505,29.252362272727268,-976.6192051948053
2549,2549,speaks,730.33,730.59,0.815,-3.822917420000001,16.652004573333336,27.299443866666664,11.068199793333331,6.896946266666666,744.6979046666668,49.271848982142835,-65.92321069642857,116.7651976785714,63.4141317142857,8.841868749999994,-1596.4855517857138
2550,2550,to,730.63,730.73,0.832,-2.3944065714285734,17.941002228571428,8.516334857142857,3.926853957142857,9.941022571428572,803.8178385714285,706.5289964285715,-194.9640446428572,-108.9932482142857,-150.66723464285712,247.0709410714286,-4613.117232142857
2551,2551,a,730.77,730.79,0.998,36.26074366666666,15.669735333333335,-7.665335033333332,-19.365413,22.36912033333333,476.3624666666667,-117.76847500000004,251.07007499999986,-161.49101249999987,-128.64504999999994,-7.211449999999959,-9393.991749999994
2552,2552,lot,730.85,731.01,0.888,34.95545481818182,1.499938636363636,-4.5761310290909085,-28.450650700000004,23.496589545454547,703.2170990909091,36.335900909090924,-285.78423454545464,-0.456428572727275,118.97731054545454,8.43602454545455,767.5458863636364
2553,2553,of,731.03,731.07,0.999,46.56513175,-13.92621,-16.577819249999997,-0.06056567499999993,22.674568750000002,852.1245975,83.13823500000001,134.00920000000008,-58.82363499999999,91.16143850000005,-17.62785499999997,2955.1495499999996
2554,2554,our,731.13,731.21,0.828,47.60129216666667,-7.803083845,-20.1016166,-8.960786583333332,21.701185833333337,881.44413,-117.77283000000004,62.10504092857144,168.82796000000005,-112.13330928571428,-9.207961428571423,402.6056857142859
2555,2555,listening,731.25,731.61,0.926,16.3274407,19.571106,9.875906864,-4.92807867,18.7949234,630.1908164999999,16.555406090225574,-19.25245736842106,35.483133860150375,76.27452913533835,23.952073684210525,-28.046255263157967
2556,2556,"audience,",731.65,731.95,0.941,30.47911358823529,1.3736424076470592,9.17309675617647,1.86402474117647,20.22567205882353,510.1803470588235,-140.80879374999998,113.66117451348038,28.839755236519604,45.96009351715686,-82.20942977941176,-1123.0794019607845
2557,2557,could,732.33,732.49,0.78,-0.2066646537037034,2.0786826355555554,8.687520414074074,13.821169096296297,8.277852000000003,715.5076525925925,53.27808326159952,-9.184242653235657,33.70770706837608,22.57815163614164,67.9381488705739,-458.90260775335787
2558,2558,he,732.53,732.67,0.708,11.995256666666666,18.728339633333334,32.28147233333333,8.749597622222222,33.30476622222222,730.7305844444445,41.66246166666669,-118.73373000000007,-67.75607333333335,-182.41952683333335,-63.812836666666655,1487.96115
2559,2559,do,732.73,732.89,0.869,17.526286068181818,13.46761422727273,28.932906636363633,11.583285045454545,19.079012909090913,495.9392518181819,3.2783779545454603,-76.34694281818182,-55.83987909090911,-40.53844981818183,50.464907272727274,450.9460863636364
2560,2560,something,733.03,733.41,0.903,10.418999615384617,14.039959223076922,9.87500506346154,-2.7377041615384616,12.127012230769228,544.4365765384616,123.18267466666663,-67.9212169128205,72.48601616324783,-49.98304125128203,58.167179247863224,-20.32871743589737
2561,2561,to,733.45,733.55,0.618,25.845845000000004,-2.030806842857143,37.202189857142855,9.3674894,10.537021999999999,834.3285314285715,-202.0577696428571,-142.3221846428571,73.61742857142855,142.69268767857142,-267.5364535714286,1863.8851428571434
2562,2562,cut,733.59,733.75,0.895,21.12512595,-10.820175120000002,13.305976739000002,-3.0665365300000005,7.6908652,586.54334,136.05863748484842,-82.51213375757574,-87.84647745151511,-153.27765099999996,23.512437575757566,1530.1165454545448
2563,2563,down,733.79,733.99,0.73,29.687222191666667,-13.055689691666664,8.894842280833332,-8.347214848333333,21.67371758333333,544.389265,146.22541781468527,-60.178384562937055,-78.03863763811188,-65.07902992657341,88.22738618881117,470.4056993006992
2564,2564,all,734.03,734.15,0.864,42.259993124999994,6.8946750375,-3.2579602,-38.360064375,25.054161625,841.554125,-31.88903392857143,77.32141005952379,116.11278249999998,-87.17382440476187,-2.5061386904761838,-874.6863095238094
2565,2565,my,734.19,734.31,0.874,33.739399125,-14.387789062499998,7.73994156875,-6.646102249999999,8.603336625,1002.54637875,-166.87535178571423,-243.03466815476185,129.8221888392857,454.6685059523809,-206.50316488095237,1898.9073750000005
2566,2566,paperwork,734.39,734.951,0.846,32.58334183030303,-0.47824952121212116,4.323335637878789,0.07033535927272724,15.75328993939394,785.5912230303029,53.27600150902406,28.487692100601603,-81.45438870655082,-50.31103092526738,19.24328384024064,655.5362200868985
2567,2567,and,734.991,735.071,0.708,37.93553408333333,-14.410865000000001,-1.1544622333333334,5.275799666666667,9.687089666666667,812.1932416666667,246.8550507142857,-65.18817714285716,-89.78688171428573,-283.2395057142857,80.69780285714285,708.7813571428568
2568,2568,all,735.111,735.211,0.897,35.136163857142854,10.877142599999999,2.2955484042857144,-48.71615514285714,20.768567571428573,786.9242371428571,-74.46188749999997,198.8318257142857,-1.2819539464285679,-8.390424999999993,137.54575000000003,-2675.1502142857134
2569,2569,the,735.251,735.371,0.887,7.3933923749999995,11.9847788375,10.532851475,-4.802779,2.976616875,720.5642112500001,-466.01826011904757,70.24079494047619,179.2389971428571,137.89034571428567,-99.22056249999997,6127.331386904761
2570,2570,charts,735.431,735.791,0.852,12.012882642857143,-0.013444440666666882,-7.850925195238096,-4.261744524285713,13.680995476190477,784.4140819047619,44.86236058441557,11.179024576363638,-50.99728633116884,0.10994139220778916,-17.846064220779216,126.0105837662338
2571,2571,and,736.191,736.291,0.749,10.1296585412,-0.7717575930399997,-1.1205662432,3.4567580692,5.956441520000001,580.3547956000001,122.17031646153846,-35.08412070784616,9.282440128461534,-1.5740620119230773,51.407180499999996,-189.84168692307694
2572,2572,all,736.351,736.471,0.844,33.59810133333334,13.412348325555557,0.28918431111111104,-49.431982444444444,24.062374000000002,754.6414222222223,4.739254166666674,108.81158440000004,-22.034470583333334,-66.42962750000001,15.396995833333346,-290.00216666666694
2573,2573,the,736.511,736.591,0.832,27.634382583333338,8.104266833333334,1.6019363866666667,-17.47133848333333,11.630422333333334,564.1460383333333,-219.4304321428572,40.81479571428572,-127.09417805714287,296.49820214285717,-301.67148857142865,-2398.8173
2574,2574,things,736.651,736.991,0.868,22.82062744,11.081960955,17.236137065,3.3579823018,16.1662942,558.1129189999999,6.96887175187971,68.53242528947371,54.0989565225564,3.9459444624060156,10.485174511278192,177.6200203007519
2575,2575,that,737.031,737.291,0.794,30.23103436,-6.589012973333333,12.596805553333335,7.264278315333335,18.621885866666666,433.466086,121.67840717857142,-177.32683385714287,58.89732366071427,-66.76410861964285,-75.47259410714287,1214.6369410714287
2576,2576,"we,",737.391,737.651,0.994,32.24295272222222,3.1361457716666674,19.779803863888887,14.818305299999999,20.132610722222225,652.2596322222222,-69.5608011867905,-25.674338237874107,134.0392478973168,145.2617531166151,56.65373204334365,-1917.5626852425182
2577,2577,"well,",737.711,737.931,0.914,43.546952999999995,3.107980114285714,-3.7277896571428575,-10.356157422857143,19.920394214285714,705.3984078571428,0.21879824175824886,18.683778857142862,-106.00365681318681,-102.22385209670327,-55.54433835164834,-347.44550659340666
2578,2578,as,738.091,738.151,0.998,24.802790545454545,0.8597459636363631,-0.10217447636363598,9.227380663636364,9.11444309090909,525.9543627272727,-151.87913409090913,72.6852366818182,-50.70918680909092,111.90699972727275,0.17343363636362802,-718.570222727273
2579,2579,he,738.191,738.311,0.677,1.7282892750000007,18.934200912500003,30.962153999999998,21.060867125,11.706985375,373.4415725,-0.9320154761904914,6.248232916666666,199.60539047619042,3.6690815476190513,-113.66681011904761,230.24658333333346
2580,2580,"says,",738.371,738.631,0.746,6.963537018749999,4.1940845187499995,5.607061944375,5.976822055625,14.369549750000001,483.126244375,122.62229616911765,-64.04148599264707,37.86720364632352,-55.20608808308822,13.413503676470594,-284.5201713235294
2581,2581,I,738.932,739.012,0.765,3.703257481052632,1.8723523052631574,-0.6038886984210519,8.960796321052634,2.508000736842105,509.7823510526316,55.81865900526319,-7.0060171578947426,4.961618467543861,-10.14543560526316,22.978128245614037,-744.0442684210527
2582,2582,spend,739.032,739.252,0.889,24.882414983333334,1.5054157791666665,14.032753466666668,10.420351320833333,17.294222666666666,738.444345,296.9411456993006,-114.9317340821678,57.41978234265733,-22.697818505244754,143.0994765734265,-1477.5493916083913
2583,2583,more,739.292,739.472,0.904,44.18026609090908,6.497274436363636,-5.649387609090909,-0.08573275454545413,21.577356272727272,861.8408654545455,-38.52979681818183,-69.1755628636364,-185.08601545454553,39.267190181818194,-105.69976272727276,887.2600363636365
2584,2584,time,739.552,739.852,0.708,24.09129702105263,-9.324382510526315,4.344647267894737,-4.881813478947368,16.75164705263158,675.0574857894736,122.47546684210529,-105.56875532456144,109.64559093333335,6.19307409649123,39.60107350877193,-165.36711052631603
2585,2585,entering,739.972,740.272,0.855,38.75383161904762,-8.704088370000003,6.0823035,13.507752689999998,21.790126047619054,601.5876547619048,59.14469941558442,50.19539940519479,-26.61642198051948,38.30835130974026,39.60446038961039,1036.9987954545456
2586,2586,what,740.312,740.452,0.91,45.243675111111116,-0.026190177777778385,-5.286623888888888,-9.029408550777779,24.178330555555558,868.6435055555555,-56.394124166666664,-319.18574166666673,-91.00373175000003,71.20874494083336,-1.7927349999999993,266.7309166666669
2587,2587,I,740.532,740.612,0.778,28.157715375000002,-22.259520175,2.16134791925,-5.259274237500001,14.57714875,952.01303375,-94.60396607142856,222.02463226190469,142.6956634797619,271.14595339285705,-208.40298928571423,-707.4477797619049
2588,2588,feel,740.692,740.892,0.771,13.991818100000001,8.519233761428572,13.155116182857142,11.993447714285717,16.042925214285717,722.4149107142857,176.77354103296702,8.665145465934065,-66.40056049230769,-224.92040329670328,119.74608428571429,-1794.1453967032962
2589,2589,is,740.952,741.052,0.51,14.3076557375,28.431689125,-10.0905514375,8.6217308375,15.210257625,591.08922125,-73.44700303571427,87.23638035714282,-3.6752479166666636,52.33847315476187,50.98537440476191,1543.6704226190477
2590,2590,unnecessary,741.152,741.992,0.875,18.271417151063826,4.719590725531916,7.8289163614893615,12.546408161914895,18.408895127659573,603.9400010638299,-19.23508090483349,3.0372604475023133,3.838239246646624,18.715023269715545,-2.1202619044865854,243.4699979185939
2591,2591,data,742.152,742.532,0.984,28.10466277777778,-9.003590114814815,16.79738408925926,14.668943475555555,16.030269666666666,485.32620407407404,-0.4269366605616597,-53.516246010378524,-86.46641706562885,-93.42894583028087,-14.491860531135535,-634.3284963369966
2592,2592,to,742.812,742.912,0.792,6.333401415789474,2.697473175789474,8.064152197894737,8.716507763157894,0.0,630.5200952631579,12.543872307017539,53.14570297543862,45.93818670175439,43.79543471052634,0.0,233.88559912280712
2593,2593,fill,742.953,743.133,0.819,25.435451154545458,12.129671763636365,1.416706454545455,-10.751125783636363,17.015140090909092,839.2889536363635,322.35516436363645,21.62249490909091,-164.41433640909096,-251.24027893636372,120.29449681818186,-904.964818181818
2594,2594,requirements,743.193,743.753,0.834,31.624405570967745,-7.760780812903225,-0.30131934516129016,5.277789862967743,17.67325606451613,769.9377567741934,-41.56144864717742,17.37962643548387,3.0180025201612932,-6.310499069354839,-1.231099415322582,103.01001774193556
2595,2595,when,744.013,744.133,0.969,15.180630301263154,0.7009962157894736,-1.3374946778947367,7.04010852631579,7.165378684210527,801.8311873684211,199.86752125894742,-48.609209929824566,-24.102486526315793,-2.422849228070181,79.3710509649123,517.925950877193
2596,2596,I'd,744.153,744.253,0.878,39.56716466666667,-17.76474208333333,2.022226416666667,12.194748826666666,21.874127833333333,916.6671166666666,14.86460285714289,303.04582871428573,-53.87292528571429,181.00683171428568,-97.61927571428566,-2569.9004285714277
2597,2597,rather,744.293,744.513,0.914,28.26522973076923,-8.647085323076924,2.9848003461538464,1.576489423076923,17.932950846153844,564.0317323076923,-201.59970947802196,204.14934304945055,108.02550478021978,-37.50518656593407,-142.1623357142857,-1368.3688214285712
2598,2598,spend,744.553,744.753,0.903,26.393690016666667,7.2436511683333356,6.079831420833333,8.711904466666665,11.108704583333333,689.1789191666667,300.27963332167826,-124.03714825524476,-32.61412046328672,77.50781213286712,140.49826031468527,-1177.6025192307688
2599,2599,more,744.773,744.953,0.633,38.925813,5.326935773,0.5730901700000001,2.80928155,13.009993500000002,775.860914,-87.85757696969696,-51.11071657272725,-137.74760330303027,88.43447087878788,-159.84177181818177,848.846739393939
2600,2600,time,744.993,745.193,0.927,28.74616125,-15.738575358333334,0.3155269166666663,-4.100379408333334,16.75467241666667,670.1866383333332,200.05333234265728,-186.52983260489512,94.89481937062938,-5.203834248251749,100.0673977272727,2039.5677937062935
2601,2601,with,745.233,745.333,0.872,36.914840857142856,7.525405885714285,3.763207428571428,-0.5957640857142852,14.841832999999998,524.9378914285713,-103.9234178571429,265.2597067857143,-191.88980767857143,142.47399160714286,-30.993116071428588,-3136.3005535714283
2602,2602,my,745.393,745.493,0.84,39.608260875,-8.7802282125,8.025343855,-2.65916707,13.083727125,596.5686825,-87.31591726190476,-120.2324588690476,99.50032207142856,46.56589364285714,-190.04223869047618,-2910.5908690476194
2603,2603,patients.,745.533,745.953,0.797,6.788043347826087,9.794060286956523,22.499666497391306,12.228584826086957,6.832100913043479,613.1241999999999,-56.7191921245059,125.35036162055331,-23.503717997035565,-24.907318102766787,-21.650201136363627,369.3022396245057
2604,2604,It,746.393,746.473,0.839,5.743653169769231,5.315274343076923,10.057747738461538,14.439039411538461,0.0,568.3091938461538,65.4013791144957,-3.942427028376073,32.31937003760682,25.92705994358974,0.0,-347.3924977777776
2605,2605,does,746.513,746.693,0.768,6.755011172727276,13.555554154545455,3.179218863636362,-3.100389263636363,4.3374048181818186,476.85908909090904,-206.1780702272728,135.43368050000007,-92.6798866818182,-36.688180500000016,-10.793813636363641,-797.7114363636366
2606,2606,seem,746.733,747.013,0.772,12.740751,17.58872085625,23.32565433125,2.16577265,18.4831926875,652.08002375,294.56748411764704,-97.91425915441174,120.33047458088234,-9.337402941176471,76.71596419117645,1418.5584749999996
2607,2607,there's,747.053,747.294,0.772,25.547943428571436,3.72473527142857,12.448787442857142,7.7363911428571415,17.788781500000002,648.9395342857142,-143.36954989010988,150.13846474725275,-131.90534839560436,-120.10531472527471,-22.450677252747244,236.62767252747247
2608,2608,a,747.334,747.354,0.997,29.59085133333333,27.367915999999997,2.9311732666666668,-53.96449900000001,24.992847,783.9332,41.27569999999998,508.23854999999986,137.3313449999999,-134.9564499999999,10.544949999999972,-1499.5024999999996
2609,2609,lot,747.454,747.674,0.964,30.7624390625,-0.9076232312499988,-0.34995212749999993,-35.8355175625,22.562301249999997,923.605989375,3.682485955882349,-304.1194335955882,2.608565920588235,166.01593551470586,-56.21564617647057,1151.3605669117646
2610,2610,of,747.714,747.754,0.996,29.656251249999997,-3.97489685,2.133966725,4.743971625,14.773215750000002,624.383875,-42.29782499999997,395.4663230000001,-43.07498450000001,488.3520075000003,288.51381500000014,-376.63349999999946
2611,2611,that.,747.794,748.014,0.742,20.421567200000005,-12.929465656923078,0.6742100015384617,1.3223901692307696,0.0,645.3465853846153,-60.713370989011,-13.787643049450544,-56.58558420879121,-46.904737609890105,0.0,-393.0847939560437
2612,2612,Amen.,748.514,748.874,0.808,25.87700095116279,-4.226568704651163,24.631501730232557,5.932059991395349,12.954267186046513,676.1385988372093,71.31056774916944,-60.0392819820296,23.469371946541823,16.780125893838715,33.35946048021745,-504.3592580791301
2613,2613,And,749.314,749.494,0.813,36.14031138709678,-9.746678056774192,28.920922161290324,12.95496516451613,16.723407322580645,610.1781996774195,21.435109677419355,-24.641790933064517,7.318806088709675,-22.47999647379032,44.68349443548387,-246.19315544354833
2614,2614,patients,749.694,750.094,0.85,36.69768666666667,-13.736653499300001,43.14974556666666,13.116048676666663,16.9220008,701.288036,6.413213526140156,-52.54154342648498,36.73702136818687,-31.354227671857615,-7.238059443826473,-615.5475628476084
2615,2615,feel,750.174,750.354,0.939,37.97238576923077,-25.835682846153848,34.17524269230769,-0.4134489153846154,21.28953923076923,892.8069084615386,108.40522225274725,91.38189285714286,-167.27708379120878,-147.84842706043955,146.8004414835165,-322.2611813186811
2616,2616,it,750.414,750.494,0.542,46.245015714285714,-7.866933085714286,19.328224142857145,-12.25944185857143,12.240222428571428,896.8615028571429,-72.55476071428573,167.90397821428567,177.85414928571427,296.9388366607143,-308.2954767857143,1465.9283214285722
2617,2617,too.,750.534,750.734,0.977,41.10734875000001,-18.441600216666668,29.363755499999996,3.7637704775,17.847616499999997,918.8198966666665,139.81512255244752,87.626914020979,-71.87063916083913,35.546587267482515,51.296726923076925,-1860.4711398601394
2618,2618,They,750.854,751.014,0.592,42.49592164285714,-11.296907599999999,32.92854942857143,15.410702757142856,11.739835500000002,677.9607964285714,5.131430659340643,-112.00283147252749,119.28007714285717,73.1396381098901,72.31985835164834,-1971.0927835164835
2619,2619,feel,751.074,751.254,0.927,40.65562066666667,-17.46504888333333,34.32739566666667,14.718781702500001,20.176194333333335,751.0718125,100.04713741258739,81.38336269230768,-105.95701188811188,-113.03033285489508,120.7513122377622,-1979.899256993007
2620,2620,that,751.274,751.374,0.974,45.262772000000005,-18.68543766666667,32.565959666666664,13.298269416666665,16.97743566666667,948.5210433333333,-94.72120571428573,96.59359428571432,-1.1910828571428744,143.22561500000003,-294.93431428571427,4915.843457142857
2621,2621,they're,751.394,751.575,0.804,45.13179129999999,-20.14124519,31.233643300000004,24.928805899999997,25.9725376,782.3761569999999,-1.4321954545454572,93.72665906060604,6.4714609090908946,141.81866818181814,86.03995272727269,-329.1846212121211
2622,2622,getting,751.615,751.835,0.858,40.82777130769231,-18.07646024307692,44.02945684615384,22.115403423076923,24.801493461538463,601.9658184615384,1.0597346153846134,97.66640304945055,-13.666382692307687,66.48508598901098,-91.7120120879121,1191.6744752747252
2623,2623,short,751.915,752.155,0.854,37.96111225,-25.429733668749996,26.0417526425,16.75261668125,23.475066062499998,839.8955725000001,117.9387170588235,210.01457077205882,-206.22403846470584,-61.25212302205882,-91.87766169117644,1144.2035250000001
2624,2624,changed,752.215,752.575,0.808,30.766297,-25.3593368,58.714324523809516,17.916718428571432,26.591312523809528,641.1733095238096,12.79706525974026,69.26632440259739,73.73023902597403,9.60172538961039,-70.30241584415585,630.5864363636364
2625,2625,in,752.615,752.655,0.7,41.260488499999994,-8.313850625,44.3467545,23.01344025,27.124582500000002,659.6319149999999,-49.625700000000045,458.44953750000013,-282.3653200000001,22.081035000000025,-13.089550000000031,4217.0021000000015
2626,2626,the,752.675,752.755,0.629,39.726212600000004,-13.45112842,50.168339,24.3101452,25.947999399999997,605.46466,54.250939999999986,-306.84462400000007,82.98522500000004,6.744824999999979,-17.232640000000007,-8635.5193
2627,2627,amount,752.775,752.995,0.808,45.99654266666666,-22.37047344166666,20.15964383333333,16.53963638333333,25.264330250000004,668.0014808333333,20.85464335664336,-72.92374445804197,-37.1058437062937,-65.76430437062936,-5.823882342657338,-720.3187430069928
2628,2628,of,753.035,753.095,0.75,39.5685694,-4.558065860000001,28.866197,22.860329,4.9736404,883.29505,-140.18742000000003,278.5110770000001,84.74627500000003,67.8871,124.34101000000001,807.1122499999996
2629,2629,time.,753.155,753.435,0.95,45.63590329411765,-33.34706902941177,20.532198847058822,1.402161629411765,23.853925588235292,520.3984988235295,46.53699142156863,-35.58650625000001,-41.267179742647045,26.927119718137252,84.7204037990196,-1450.7241948529413
2630,2630,And,754.133,754.273,0.824,34.21548476190476,-19.116293978571427,30.159213380952377,18.59627809285714,11.531160523809524,637.3013657142858,14.188130524268695,13.961239573373307,5.171287229560001,-17.9202487063447,15.782130370310345,-333.83041163600996
2631,2631,the,754.434,754.554,0.779,36.88041921428571,9.135717933571431,45.092213785714286,25.77905235714286,14.709439142857144,653.8128835714285,-3.134403626373641,-144.17150747802194,103.02108956043952,25.889041868131862,68.68383362637361,-1778.403449450549
2632,2632,other,754.634,754.794,0.833,44.77996275,-26.345687583333333,20.586897333333336,14.067876575,20.938898249999998,876.84517,-15.078021153846144,47.642752972027964,-36.29804300699302,97.9345842132867,-162.0571323426573,2675.2256643356636
2633,2633,part,754.854,755.054,0.787,43.06815553846154,-21.46411196153846,8.595449135384614,0.9665646153846154,12.140443076923077,854.0363892307691,46.575107142857135,10.387837774725272,-27.458295928571427,-11.66335439560439,20.04251318681319,-177.67502747252732
2634,2634,that,755.074,755.214,0.812,41.786675375,-22.066724037500002,21.9407962125,13.4985678375,22.249167874999998,880.66364875,86.95140654761906,-170.44424755952375,69.24755958333333,-24.24378755952382,96.37168869047618,-591.8024821428571
2635,2635,I,755.254,755.294,0.997,44.66652425,-30.0317955,19.37366175,11.295939125,24.690476000000004,484.414755,36.57824500000008,23.433110000000006,472.13775500000025,341.8752625000002,-1.8285100000000125,7526.225900000002
2636,2636,think,755.334,755.495,0.872,41.8843198,-8.969317610000001,41.4431065,25.5753661,15.159390100000001,631.890832,-29.31717090909088,99.54935136363635,86.62865969696966,60.24230636363636,-122.42660454545451,-2258.798824242424
2637,2637,is,755.575,755.695,0.728,39.201838200000005,-5.908081581999999,52.2865388,25.518050499999998,21.036966399999997,757.054941,-27.077486666666655,24.726984745454534,183.09964969696964,-37.66072818181818,47.60341393939394,4852.396378787877
2638,2638,very,755.775,756.035,0.862,46.88292323529412,-21.19639164117647,27.75640210588235,18.31396589411765,22.522622352941173,812.9825270588235,46.762668382352935,-34.963174852941165,-159.57303811274505,-45.572416200980385,14.327587132352932,-442.97617892156893
2639,2639,frustrating,756.095,756.576,0.866,37.99569285185185,-28.396800477777784,38.96233845925926,23.004244396296297,18.160069740740738,852.7770381481481,10.589967185592192,54.917048150183156,24.728366996337,25.594760421245432,12.773542032967033,-27.64788308913308
2640,2640,for,756.596,756.716,0.814,42.11968514285714,-11.1473902,12.945693414285715,15.255978142857145,6.675294428571428,855.5913571428572,92.00960892857142,447.6660096428571,-159.83124946428572,-68.58762142857142,-42.13498035714285,966.489928571428
2641,2641,patients,756.756,757.156,0.777,34.48304268181818,-17.03908851909091,50.81190536363636,21.64271461818182,12.264652409090907,733.4169859090908,-29.838563608131,34.83430769678149,65.75925827216261,-19.670262721626198,-26.679948588368156,498.2002165443251
2642,2642,is,757.277,757.377,0.818,38.00116786363636,-21.405385272727273,49.82194972727273,16.929732859090908,10.861288454545456,993.83318,-99.61178113636366,27.74633090909092,133.63702636363644,-121.63104354545456,-2.36955272727274,1928.7805363636373
2643,2643,so,757.437,757.597,0.933,32.33226788181818,-18.720847815454544,39.988296727272726,-16.194354181818184,16.121989818181817,850.634781818182,262.247500409091,205.38701117727283,-257.9932313636364,-125.79178318181819,158.75847590909095,-683.6645000000004
2644,2644,often,757.677,757.957,0.934,42.40949505555555,-11.626694583333334,23.803692499999997,-2.7509322777777783,18.236533,722.7897994444444,-21.68862523219815,37.11051556759546,56.77195278637772,243.3545602167183,3.4016733746130066,134.81847420020657
2645,2645,the,758.498,758.618,0.512,35.430923696969685,-23.01875991212121,28.62830924242424,15.122813824242424,6.658578636363636,716.9340284848485,-12.156421473930482,13.83722755514706,5.27958718248663,-9.125761453877006,-26.073309375,126.35083372326199
2646,2646,physician,758.658,759.199,0.865,33.43634974137931,-18.64494846206897,53.23407155172413,20.137543689655168,22.45454424137931,820.2815782758622,-8.722599999999998,2.2557186871921178,7.2068873399014715,24.786166763546795,16.14825716748768,27.16498940886715
2647,2647,is,759.459,759.619,0.659,37.49447090476191,-14.227608871428572,50.604204238095235,22.858661595238093,13.215445190476192,658.6450000000001,-15.884689155844157,1.9474909025974056,24.55383298701299,-38.54667084415584,34.18361727272727,1157.4578480519478
2648,2648,instead,760.14,760.46,0.782,30.35451588095238,-14.927714776904761,36.370710476190474,14.326795311904762,6.234440619047619,817.3178988095239,33.74089667368932,-3.0072776700834587,-2.5582052832023354,-4.111985686330119,28.05475215136536,-229.4544252086541
2649,2649,of,760.48,760.54,0.746,50.778689,5.58764285,16.51438525,-23.370192499999998,25.44101625,789.2292000000001,38.05785999999999,445.59776300000027,-11.93563500000001,-229.30743000000007,-10.528005000000041,375.8512000000004
2650,2650,looking,760.58,760.86,0.784,42.7857985,-6.89349433125,35.17616475,8.453818349999999,17.6065754375,739.274391875,-15.12349808823529,-16.237615257352946,140.93916720588234,165.76579485294113,23.298527426470578,-823.9008477941176
2651,2651,at,760.88,760.96,0.542,39.0389344,1.4152182400000002,40.5119952,23.6768852,19.1315124,707.2429980000001,-122.88368000000001,268.07038650000004,-189.11392000000006,-70.65618000000002,-223.280065,10052.705850000002
2652,2652,the,761.001,761.081,0.842,42.948411166666666,-10.42633345,24.839047000000004,18.866300499999998,0.0,547.5029166666666,-45.32806428571431,340.1891187142857,-109.62662285714288,-27.910172857142854,0.0,-4475.997285714285
2653,2653,patient,761.121,761.561,0.88,32.58970070833333,-18.745927337499996,48.47001216666666,19.640030875,13.203327375,648.9558537500001,-20.106265456521733,69.67950783260866,20.76477091304347,21.870010195652167,-38.855973717391294,761.6117119565216
2654,2654,is,761.901,761.982,0.75,24.172903761904763,-2.220862363809524,30.51117023809524,11.677070152380953,2.3339641904761907,913.1291014285716,31.167895714285716,-6.156401020779219,73.66815811688312,-2.7361005324675327,20.661564545454542,-662.7743207792206
2655,2655,looking,762.022,762.282,0.853,43.277927999999996,-14.397780040000002,39.88415133333333,16.40999128933333,13.525807800000003,830.665988,-11.992440000000002,101.73763675,87.0403839285714,85.53676158928572,63.70338392857141,-1841.1096464285715
2656,2656,at,762.322,762.382,0.75,43.5762208,-12.123834480000001,44.0796292,27.461021,0.0,616.606726,-148.565565,256.5458555000001,-169.49342000000004,67.09765500000002,0.0,1370.29485
2657,2657,the,762.422,762.502,0.832,35.22088633333333,-12.622544083333333,37.52144083333333,24.984987500000003,0.0,520.6382649999999,-74.22142571428572,160.8089275714286,45.198995714285736,198.74361857142856,0.0,1714.5597285714289
2658,2658,computer,762.522,762.943,0.983,36.33844209090909,-21.660608404545453,41.11799590909091,28.78909836363636,13.048962090909093,967.8505695454546,-20.360985149632977,-0.5136190654997199,61.294076962168276,32.208735008469795,82.13096002258611,380.5601894409938
2659,2659,screen,762.983,763.283,0.801,31.403226141176468,-23.242313758823528,39.65656527647059,22.503971470588233,6.280460352941176,763.3655605882352,67.39065107843139,157.24648855392155,-12.497416580882364,-3.6930803921568667,-98.4806392156863,624.912044117647
2660,2660,and,763.623,763.723,0.751,27.131920136363636,-3.204560100454546,24.700728454545455,13.99485405909091,6.24626359090909,594.7310554545454,63.874857509881416,-16.041894886222476,13.904759683794472,37.96881505081877,61.59038715415021,-696.3929853190289
2661,2661,the,763.763,763.823,0.998,38.004963399999994,5.044124980000001,27.653529400000004,26.562642600000004,8.8117084,329.92745,-160.00275500000006,37.332490500000006,69.95882999999999,-99.49800000000002,-330.88844000000006,846.3049500000004
2662,2662,keyboard.,763.864,764.244,0.812,35.736953,-4.000059329738096,36.88319114761905,9.0103326,3.3563240476190477,800.2743076190477,50.90898915584415,86.80209200185064,-182.61728075324675,-104.78357060389611,-18.376127077922078,-694.9904311688314
2663,2663,I,764.464,764.524,0.688,15.434687042857144,1.3021853714285712,12.284107885714286,5.1930321528571435,10.449227857142857,510.82955285714286,41.10337298901098,-57.6456517142857,-17.460719120879116,42.89786838461537,146.16961296703295,-1016.6623890109889
2664,2664,hear,764.544,764.704,0.618,21.009931333333334,4.263949533333334,9.092457933333332,19.428594555555556,35.398016444444444,436.60188777777773,-18.55746333333334,-148.22357825,-279.4691016666668,-66.34541166666669,11.681715833333334,-1704.128233333334
2665,2665,that,764.724,764.945,0.727,26.923032250000002,-16.29927160833333,0.4181294118333338,-3.6240843,20.428362,352.4714766666666,40.42718199300699,-59.439801975524475,97.64794535419578,-85.4505317132867,-184.63413636363637,377.8402902097902
2666,2666,all,765.245,765.385,0.823,25.075991036363632,9.323767052272727,-2.210215442272727,-24.588282827272725,17.778788590909087,684.0245668181818,59.60123906267646,70.68153252823262,-19.153399664878602,-173.80078294748733,102.378350621118,882.2810081874647
2667,2667,the,765.425,765.525,0.778,22.031168714285716,10.997499199999998,11.50682082857143,-8.148616014285713,11.848432428571428,550.6317,-225.5418160714285,-71.30742839285716,57.88494660714286,92.29668714285714,-296.83953928571424,-800.0138571428581
2668,2668,time.,765.565,765.866,0.83,28.663274529411765,-14.06115577647059,5.3723182000000005,-5.18705214117647,19.95459,548.4046858823529,106.54712414215683,-57.5442687745098,64.39740197303922,65.70710417892157,-10.662880882352937,-448.58025857843137
2669,2669,You're,766.126,766.326,0.772,29.71498313043478,6.845026196086955,16.137458260869565,10.269716434782612,15.444003347826085,671.6582252173912,47.554101630434765,4.732269042490115,-101.4039731225296,-73.49238064229247,107.90976645256913,945.57264673913
2670,2670,right.,766.366,766.646,0.698,24.425573812499998,-12.74867559375,9.2584109375,-10.44042752625,15.5287320625,709.8716362499999,-83.47692169117646,40.346144830882345,306.67323213235295,105.89682176911762,-161.93303242647056,-1262.1239058823526
2671,2671,And,767.327,767.447,0.74,27.738096660000004,-5.424315920000001,23.538133025,18.916486519750002,10.931613775,706.39040225,50.12456989681051,-65.9230048348968,28.323733935272045,21.386840999577853,48.992954920262655,-595.1367894465291
2672,2672,I,767.608,767.688,0.505,46.281722,-20.70521066666667,16.632312674999998,14.288386583333335,18.3401,617.7858166666666,10.971170629370642,45.2401825174825,-41.84643858391609,-41.5728848951049,154.0646332167832,-382.8978426573424
2673,2673,make,767.728,767.908,0.816,41.74589718181819,-14.505219445454543,31.29490209090909,27.429395636363633,15.606667,778.6168063636364,-31.792655000000007,-84.44112386363638,27.408745909090914,-2.4752768181818245,-193.16930954545458,-1041.2749590909093
2674,2674,that,767.948,768.108,0.809,45.0969177,-29.720265199999993,25.699868600000002,19.12221564,22.7726294,646.916662,-4.121336666666664,-20.217110909090902,-25.19114787878788,-21.878839878787872,-142.00187757575753,-2791.7317030303016
2675,2675,case,768.168,768.408,0.855,33.64005960000001,-24.42089013333333,44.912299466666674,15.161702866666667,13.453651066666668,647.2893499999999,-6.613927857142863,-18.670306964285714,126.98548017857141,-38.64774303571428,-0.49346696428572007,1849.3399928571425
2676,2676,on,768.468,768.549,0.834,40.150524142857144,-6.759450139999998,30.302627428571423,0.6689117914285712,23.33098157142857,860.6913857142856,120.95963571428575,382.6363894642857,-180.62766071428575,108.09345514285714,140.44066428571426,324.7307142857137
2677,2677,the,768.569,768.649,0.833,44.86378139999999,-20.9837108,30.8114148,5.65349026,10.625904,745.903508,-189.83167000000003,-340.9101400000001,216.68396000000007,364.15216000000004,-399.7585,5282.9578
2678,2678,floor,768.689,768.909,0.782,46.511788076923075,-14.274167250384616,19.966446153846157,-10.803454770769232,22.764346076923076,898.5181192307692,103.14243956043956,65.47489754258241,-219.81492769230763,-48.68186404395603,78.95593434065934,-839.3272719780219
2679,2679,of,768.929,768.989,0.74,45.767246,-11.579019225,26.310133999999998,20.670477625,25.211684,827.3647299999999,-63.691090000000045,360.77779650000014,113.06525000000008,288.08427750000016,-16.26946000000004,1584.9638000000004
2680,2680,the,769.009,769.089,0.839,34.812188400000004,-10.35815286,44.6311076,14.492553579999997,14.909124,831.01849,-285.15035500000005,-360.5770675,496.37330000000003,-388.8139545,-375.77334500000006,6756.8625
2681,2681,Senate,769.129,769.429,0.712,39.74006752941176,-28.04102458823529,30.783559823529412,8.06204635882353,16.660950882352942,554.4763782352941,43.423440441176474,52.248494362745085,-64.14762009803921,78.2822601348039,-28.90512720588235,-2187.2552977941173
2682,2682,and,769.95,770.07,0.888,34.0471123939394,-20.02434839,26.831807424242424,17.114722796969698,5.573279818181819,658.2953248484849,35.16569137700535,-11.597901299966583,7.7252235962566855,-15.861661482286097,39.99210414438503,-287.05999131016046
2683,2683,I,770.11,770.17,0.356,48.88967875,-29.03541275,35.7915425,18.591742125,26.14267975,552.9646375,-65.14127499999992,489.1431750000002,-133.93395000000007,288.64375250000006,-8.206544999999984,9827.84055
2684,2684,make,770.21,770.37,0.941,40.98909,-16.81954907,39.2548885,28.298192800000002,16.0837753,884.153896,-45.87943454545453,-16.907838272727258,70.08399484848483,25.65581696969697,-193.02126818181813,1362.9575393939392
2685,2685,that,770.41,770.571,0.82,43.825877727272726,-20.06233000909091,30.65332318181818,20.898900145454544,24.344579363636363,619.0576636363637,-0.3745054545454614,46.08429731818184,8.628751818181817,-11.081655909090903,56.7809809090909,-3965.4388090909097
2686,2686,case,770.611,770.831,0.895,34.782248076923075,-18.870469615384614,48.44239261538463,15.11050878,10.131061384615386,765.3693923076924,-32.423689285714275,27.973523351648353,131.44175714285714,-29.10176363736263,-36.25623873626373,765.1950164835166
2687,2687,to,770.871,770.971,0.864,39.829436714285706,-5.926228842857143,30.972479714285715,13.405613,17.76827485714286,1012.3502528571428,164.27466607142856,364.65657232142854,-165.24141607142852,41.65648035714287,215.27264285714287,-2831.131553571428
2688,2688,my,770.991,771.131,0.862,44.846540625,-24.8473229375,23.7718930375,16.0773187875,12.146582875,683.1942425,-76.94935297619044,91.00967767857142,208.20939910714284,268.43637529761895,-229.88523869047611,4680.132833333333
2689,2689,colleagues,771.191,771.692,0.784,40.866092428571434,-22.349330271428574,23.51292008214286,6.117016921428572,19.944892964285714,663.4290267857142,-31.633343951833602,55.809209704433506,107.82776768062396,57.47400672413792,-4.915037917350844,13.822809113300478
2690,2690,and,772.473,772.593,0.888,34.205221,-20.798729971999997,28.52257326666667,23.24791660444444,8.519367444444445,755.6027342222222,34.20538810276681,-7.4914550051383415,9.853639683794466,-2.203815060606061,38.950208807641644,-363.8656639657445
2691,2691,Until,773.553,773.853,0.901,26.015051387301583,-6.155986421111111,22.861356222222216,8.637773283015875,7.702497253968254,790.000099047619,2.253343691676267,-3.454001792698735,0.9510564146505375,-23.63338257783699,16.529684785426273,-150.9698542626729
2692,2692,they're,773.893,774.093,0.891,48.91408200000001,-16.262049083333334,12.597228027499996,7.8634905633333325,30.222422916666673,842.8344908333333,46.47623776223774,-40.86567255244754,-159.21891663461534,16.13894339160839,-4.164626398601394,1097.7419562937062
2693,2693,in,774.133,774.193,0.936,52.60242139999999,-12.120300059999998,28.9345036,15.180951400000001,29.3612154,481.89872,-61.54913000000002,386.85217850000004,69.32609500000002,70.00164500000001,-7.184370000000016,-9423.082250000001
2694,2694,the,774.213,774.293,0.798,43.9764132,-7.72327734,29.1789352,19.6501895,11.403004,674.828504,-18.894890000000007,-1.2982325000000141,94.24276500000003,126.75556750000001,-428.62826000000007,-1740.2885999999996
2695,2695,position,774.353,774.754,0.856,35.0196537826087,-17.312390852826088,43.642068173913046,15.48429717391304,16.841668217391305,720.3967421739131,-2.0611304347826036,-42.33307337524702,27.65404476284583,20.348502341897227,20.652056521739116,710.8260711462447
2696,2696,where,774.774,774.894,0.675,48.273954,-5.182750842857142,19.346565128571427,11.429483642857145,26.23462771428571,777.5186485714286,-53.36704464285715,-107.5208344642857,152.5548314285714,270.4878728571428,-12.171907142857144,-2909.420892857143
2697,2697,they're,774.914,775.074,0.659,47.91992088888889,-19.483062555555556,16.491228044444444,20.218227444444448,26.998875111111115,741.8484966666666,42.01195416666669,-20.078042500000013,-142.0207026666667,-27.6745325,4.674864166666678,258.66625000000016
2698,2698,in,775.114,775.174,0.751,46.1400038,-8.10421312,30.461302,21.786415400000003,26.641012,541.5997639999999,-91.35454000000006,477.805397,54.075449999999954,122.70790500000003,-9.026324999999979,1381.7381500000004
2699,2699,the,775.194,775.274,0.761,43.8840612,-4.395443299999999,37.4537158,24.829435999999998,15.1740014,671.93841,-67.35273999999994,154.3313974,55.36656000000004,58.091130000000035,-388.01244000000014,-890.0024999999993
2700,2700,doctor's,775.314,775.754,0.866,41.85486470833333,-20.659873720833335,25.392531162500003,12.536313416666665,19.24120758333333,820.8457204166667,-23.065410499999995,54.16024291086956,129.59572673260865,32.69745807391303,-20.374419260869562,441.3322854347824
2701,2701,office,776.034,776.374,0.935,41.690719387096784,-21.981289396774194,19.04054809696774,-1.4944957225806452,13.999169032258065,742.8454493548387,-8.346079354838706,-4.72773331653226,49.605378496653216,19.96609307056451,15.2362997983871,730.0150909274194
2702,2702,and,776.534,776.634,0.943,38.099677769230766,-16.18441646153846,40.37934069230769,9.955273000000002,11.967075000000001,796.0726076923075,123.28369725274726,23.287852857142852,-143.00523626373624,119.3413162087912,147.1336186813187,-3625.0763873626374
2703,2703,it,776.675,776.735,0.738,46.4407078,-26.8267022,32.0338898,23.294836,9.735353,709.517564,-22.666775,-88.94682500000005,55.75344000000006,93.593365,-366.07784000000015,-4324.577650000002
2704,2704,happens,776.775,777.115,0.855,42.44020563157895,-19.77816966526316,22.329874631578953,13.072717465789474,17.787807315789475,621.9187484210528,-49.37659701754387,99.34424774561407,165.96074094736846,-26.88238548684211,-39.42508859649123,1683.0368096491234
2705,2705,to,777.175,777.275,0.989,36.517738625,-12.596011574999999,38.567468875,6.7781253675,12.619575375,744.19318875,190.81388035714284,-58.295532499999986,-147.31112559523805,158.841844297619,236.83442559523806,-3418.93794642857
2706,2706,"them,",777.315,777.555,0.906,45.658832,-23.908862785714284,20.045418535714283,16.548711949999998,25.044757714285712,599.0193542857144,-12.56757582417581,-1.2646108791208743,-57.0695339010989,-29.011617461538453,-15.492448571428575,-325.8232285714282
2707,2707,you,777.935,778.015,0.861,31.64380256521738,-4.2626436439130435,24.733835173913043,16.437112729130437,8.323373826086955,767.4106908695652,-12.207830583003949,-26.054079063735177,21.923419614624496,31.5024866299407,-13.730079397233196,-845.3120093873514
2708,2708,"know,",778.035,778.115,0.968,50.2805,-26.291154999999996,24.626416400000004,24.9980032,24.836326800000002,837.47405,19.608265000000042,65.79518500000002,-222.13080500000007,-198.03793000000005,-0.7485199999999993,-2051.7315000000003
2709,2709,it's,778.135,778.215,0.053,29.835566800000002,-16.157357839999996,60.147268,15.945844560000001,12.313805400000001,1069.6074,-350.97581000000014,-361.7423390000001,884.1898800000002,-268.32149100000004,-245.36247,5053.792999999999
2710,2710,just,778.235,778.395,0.72,28.74659144444444,-21.598480144444448,62.37918333333333,9.934527444444445,8.62089811111111,947.4367511111112,28.31659749999999,-52.620855000000006,-6.237925833333363,-62.80314633333334,-130.07670500000003,1648.836000000001
2711,2711,"theoretical,",778.435,778.976,0.833,45.664223241379304,-18.150698586206893,26.159147472413792,15.207902824137932,16.60261579310345,721.8023800000001,15.873922413793098,27.42168016009852,-47.29252616748767,-34.991100467980296,-17.36347746305419,-231.3839689655171
2712,2712,but,778.996,779.096,0.779,40.36145366666667,1.8575357166666668,29.02122833333333,19.78177141666667,0.0,758.1164583333334,-68.34438857142858,-229.41402357142854,237.54173428571428,309.3770992857143,0.0,-1363.4284714285716
2713,2713,you,779.136,779.236,0.929,40.87624114285715,-2.012704914285714,45.65473028571428,27.673160142857142,22.286313000000003,738.050987142857,159.3075589285714,-99.56539857142856,-347.88323214285714,-152.1645357142857,139.23220178571432,3155.373410714286
2714,2714,and,779.276,779.376,0.677,44.95025085714286,-17.775234428571427,23.910646571428572,16.454930442857144,25.167518857142856,789.5643457142858,-30.8010732142857,-80.42941964285714,-54.73836428571427,-154.81191624999997,-6.06279107142856,-4939.247428571428
2715,2715,I,779.396,779.456,0.326,45.60587475,-25.532847625000002,36.484120250000004,22.08744975,24.51874725,607.9217000000001,41.769365000000015,322.1689825,256.18724500000013,266.0357850000001,-8.504545,11948.959700000005
2716,2716,know,779.496,779.636,0.786,51.50371488888889,-13.67844461111111,19.32498293333333,13.833853999999999,23.98563766666667,707.2476055555557,66.61221750000003,-62.53032383333334,-145.67398300000002,-164.4603094166667,-3.970260833333341,1130.6376333333342
2717,2717,exactly,779.676,780.096,0.827,44.60684695652174,-15.027361695652177,28.48642171304348,20.50049363043478,13.798884347826085,770.5828769565217,-0.6145062747035605,1.4030146492094844,-63.74949758893278,-18.942773987154144,-23.2906155632411,-764.4300266798416
2718,2718,the,780.116,780.176,0.0,45.473147999999995,1.9603339075,30.814249999999998,25.563919,0.0,329.56012,1.3442900000000098,62.78850985000003,-136.81164,-157.16938000000005,0.0,-1166.6949000000009
2719,2719,impact,780.396,780.816,0.869,41.751490000000004,-8.982525891249999,31.171694456250002,21.0331680890625,7.470032343750001,596.3726206250001,-8.514503280791791,-42.52311472177421,-55.640712065615844,-31.653088320656167,-34.866439305351925,200.51846755865097
2720,2720,of,781.097,781.157,0.995,39.56729147058824,-19.586083947058825,21.107019552941175,10.895642588235294,7.55207994117647,786.4404211764706,85.26385220588236,23.54714642156863,-65.72447192401958,-115.10741176470587,84.08734607843137,-1837.8006862745096
2721,2721,it.,781.217,781.277,0.849,41.336659000000004,-15.869500500000001,26.252171833333335,18.71773866666667,0.0,516.7445533333334,-202.3037085714286,111.27939285714285,-6.371438571428567,12.499379999999983,0.0,7339.042285714287
2722,2722,So,781.737,781.977,0.876,28.720478245714283,-25.488100194285714,25.752529277142855,4.282628871428571,12.5054878,756.7633765714286,20.290419487394956,11.277487756302515,0.016930270308123243,-77.52951296778707,57.66098221288512,126.42146106442571
2723,2723,you're,782.517,782.717,0.639,33.58876094594595,-7.558064101405406,20.338795902729732,14.033315289189192,4.251600540540541,833.1533278378379,9.392035798956854,-14.225141320104314,10.434105466062118,43.04970483522997,13.310043658131818,54.500814604077775
2724,2724,100%,782.517,782.717,0.639,33.58876094594595,-7.558064101405406,20.338795902729732,14.033315289189192,4.251600540540541,833.1533278378379,0.0,0.0,0.0,0.0,0.0,0.0
2725,2725,"right,",782.897,783.518,0.497,43.4425524,-20.173485682499997,20.280918075,14.253130647950002,17.668866625,742.11556325,2.216308921200751,-15.351864451688552,2.9143121651031887,-5.671186184521576,-14.000984732645405,82.60273719512195
2726,2726,you,783.538,783.598,0.001,43.672556,-13.371491500000001,33.05344375,30.98945475,28.63143725,947.6970100000001,-27.610380000000074,-301.79490000000015,131.4072850000001,-58.268985000000065,25.95004500000001,6722.625800000004
2727,2727,"know,",783.618,783.898,0.358,39.282371733333335,-13.961635586666668,35.63619093333333,21.601178600000004,9.485925933333334,725.3235013333334,48.50461785714285,-61.06219983928571,-9.477334642857143,-16.493549821428566,50.00227267857142,-1373.519403571428
2728,2728,even,783.998,784.158,0.857,42.81062361538462,-13.635454723076922,43.38354407692308,25.382067384615386,23.103259230769233,676.6884784615384,66.62263076923077,-52.01885258241758,-78.04596428571429,1.8565656593406594,121.94991236263735,1232.222379120879
2729,2729,in,784.198,784.258,0.196,45.5220658,-14.854879599999999,35.4518444,22.102646800000002,11.6931336,940.3041599999999,-155.73107000000002,431.33840000000015,-75.12190000000004,-6.946810000000026,-438.53574000000003,-5538.019
2730,2730,hospice.,784.558,785.018,0.877,29.433875718421056,-30.494001410526312,27.605815255263156,-0.2357477573684211,4.683810631578948,674.2937960526316,-13.057490920779081,-3.887279383958859,57.65681972808841,-26.734556381989282,0.07071462960936685,120.13756926359557
2731,2731,I,785.058,785.119,0.659,41.4084498,-20.3758218,41.9818986,12.47670066,13.7273762,466.44194200000004,-62.94240500000001,136.67762500000003,337.72658500000006,380.28127200000006,147.33824500000006,493.0178500000005
2732,2732,hear,785.139,785.239,0.954,46.02133583333333,-17.462610833333333,37.104957333333324,29.065961666666666,26.77264583333333,538.4056833333333,82.95197285714283,-147.40053,-547.0407114285715,-52.538388571428584,-0.028347142857115152,5970.902142857143
2733,2733,it,785.259,785.319,0.486,45.47150499999999,-17.401700249999998,26.08690675,27.9272205,19.9082375,870.769675,-334.03012000000007,-168.5366050000001,551.3377450000003,98.62456,-394.4966200000001,9214.427000000003
2734,2734,from,785.339,785.479,0.816,42.080746875,-17.92215321625,14.7064903125,11.2242888125,20.155029374999998,836.7439449999999,168.24890773809526,462.87967504166664,-124.95535029761899,-207.64687922619046,185.27504107142852,14.354226190476227
2735,2735,my,785.519,785.619,0.903,46.33263071428572,-16.738644032857145,19.093058485714284,15.398459174285716,24.824655857142854,677.1949242857144,-153.4773678571429,-1.2868898392857402,246.38225482142855,285.53620617857143,-0.7591642857142823,3004.586875
2736,2736,colleagues,785.679,785.999,0.973,41.60098121052631,-19.727778931578946,26.933390215789473,6.609171780526316,17.383180894736842,733.2602410526315,-29.42683815789474,35.58747068421054,134.79910594736847,59.97131506578948,-1.046604122807014,367.84802017543853
2737,2737,who,786.019,786.139,0.94,35.63889557142857,-9.57554857142857,38.711496714285715,15.5443168,18.262265285714285,940.4389914285714,268.7859767857143,620.2063089285714,-365.26400892857146,-280.6680432142857,218.72486607142855,-1186.0478928571422
2738,2738,work,786.159,786.339,0.878,49.2513892,-6.39619991,6.805546810000001,6.14955117,15.2349963,913.194139,-86.3645824242424,-200.50908645454538,49.22063215151513,257.29574796969695,-184.8009839393939,809.0722999999995
2739,2739,at,786.359,786.419,0.759,44.42888125,-20.272808,32.87176225,27.24663425,0.0,909.08445,-31.631684999999997,-83.62555000000003,-32.74825499999999,-164.17210500000007,0.0,2484.061
2740,2740,"hospice,",786.459,786.859,0.708,35.80075354545455,-20.951050044090906,33.588217740909094,0.3228210000000001,2.3737595,767.8994504545454,-74.40822433653302,48.169964572275546,103.3951537803501,30.34511770186336,-29.491201270468668,1715.5347072275554
2741,2741,the,786.879,786.959,0.8,43.1662062,-0.19183621999999972,31.5538882,14.029349999999999,13.456321800000001,596.4052879999999,20.65001500000005,338.86779200000007,-39.44081500000003,21.999885000000027,334.68765500000006,-3498.2455
2742,2742,"nurses,",786.999,787.36,0.791,37.93306245,-13.549086554999997,36.78096911500001,9.184780685000002,24.9553138,768.2776309999999,-49.44663469924812,-1.0329803872180388,139.04495530451132,-33.17153071052632,-10.543556992481204,-526.6008263157895
2743,2743,the,787.38,787.5,0.528,36.94199428571428,-3.8793063,50.77538328571428,20.40591714285714,0.0,664.5441857142858,38.62687678571428,47.332901250000006,-202.75476964285713,158.06891785714288,0.0,-5747.601374999998
2744,2744,care,787.52,787.76,0.854,40.4027643076923,-19.339606738461537,27.24481486923077,20.106992307692305,0.0,757.9834284615383,96.72078076923077,118.30782313186812,-245.01385222527466,-6.195513461538457,0.0,-2311.1290961538457
2745,2745,providers.,787.78,788.24,0.824,47.64118020833333,-22.1518193425,20.786796354166665,11.629868626666665,19.965940375,800.0600262500001,-36.10066523913042,-15.502077936956514,120.65636053695647,51.35986055478261,-22.683975934782598,410.1803532608694
2746,2746,It's,788.8,788.92,0.874,27.669029176470584,-22.10133521955882,40.650594294117646,17.073400120117647,1.5139759705882354,716.3082070588235,22.072888601986236,34.48373028896102,27.75152201680671,17.18754766511841,8.642419900687546,-281.0598814362108
2747,2747,throughout,788.96,789.28,0.798,42.504695777777776,-20.406672033333333,24.434253294444446,13.921861322222222,11.119976277777779,849.7248438888888,106.95043684210526,5.2377157481940175,-144.56086187306505,21.246974097007225,-1.544000361197117,-1159.1763730650157
2748,2748,the,789.301,789.381,0.784,47.976327600000005,-6.59466012,35.5608574,24.7034086,18.5323526,630.141206,-97.14417500000002,506.7706470000001,68.01858,-1.089564999999978,227.13636500000004,2452.5509999999995
2749,2749,nurses,789.441,789.761,0.853,37.63363813157895,-14.520637398421053,38.70152704736842,13.433435968421051,23.10422147368421,880.9503715789473,-64.24139850877195,-71.32609491315792,154.26673520175441,-36.84852001754387,5.811683771929829,1328.5373192982458
2750,2750,who,789.781,789.881,0.809,32.36430383333333,-28.53276723333333,49.02143433333333,12.127037816666666,23.45237416666667,943.7030433333333,447.42965,300.4496842857143,-570.9135657142857,153.98574357142857,-65.70208999999997,-2845.2012857142863
2751,2751,are,789.941,790.021,0.646,34.03834414285714,-19.082832914285714,39.59508771428572,12.529473900000001,34.04839914285714,1001.9372157142856,-407.27011607142856,-234.2378621428571,649.2098607142856,-99.56000196428569,295.8191446428571,17.507553571428694
2752,2752,spending,790.041,790.361,0.854,38.802603335294116,-14.036266882352942,42.108763411764706,17.421117064705886,19.96509852941176,784.5768670588236,78.36456598039216,83.04435741421567,-43.30429558823529,48.598919632352946,80.06488615196078,-1768.0076593137258
2753,2753,more,790.401,790.581,0.778,48.388329727272726,-8.63613570909091,14.7101974,12.550750318181816,18.670316181818183,945.292331818182,-5.624466818181821,-192.34018640909093,-37.07575840909091,92.82727022727276,-139.23343681818184,1156.9235000000003
2754,2754,time,790.641,790.881,0.729,43.574513733333326,-25.673616153333338,22.62019233333334,9.850372138,18.2454654,735.4537079999999,73.29458642857139,52.38860049999999,-14.187081249999995,42.46803186964286,95.27655446428571,-539.6521285714288
2755,2755,with,791.381,791.522,0.829,31.22212984375,-11.108994125,23.7850735,19.470812821875,7.818872625,793.6601684375,3.803876420454546,22.084006799853377,-13.681821669721417,-27.380043092925224,-3.0444234237536634,-63.38518044354835
2756,2756,the,791.542,791.622,0.367,38.5208148,2.9460070199999997,32.8005406,24.4948646,20.017692200000003,533.6905360000001,-105.275605,134.48617050000004,36.663190000000014,-61.32912500000002,-250.4871550000001,270.39320000000043
2757,2757,computer,791.642,792.062,0.915,37.53121059090909,-11.541463454545456,36.680468681818176,32.18588981818182,22.708576727272728,943.9255454545455,-2.1146745059288574,-34.98900660643704,51.604430124223605,16.599589553924332,15.463950141163178,259.17791191417285
2758,2758,screen,792.102,792.362,0.852,34.751324333333336,-13.30436246,37.899671533333326,21.720599133333337,19.947369466666665,811.5152766666669,142.3184435714286,203.50463966071425,-104.37232732142857,9.028278035714287,-5.736401785714278,-1257.9482999999998
2759,2759,than,792.382,792.502,0.827,48.38338814285714,5.329513557142858,26.433897857142856,22.645483785714283,23.707655714285714,674.1082371428572,12.847280357142855,-95.05775553571429,39.5184732142857,122.10397142857143,-5.860005357142865,180.29708928571424
2760,2760,they,792.522,792.602,0.9,45.2982502,-15.085123800000002,36.2879258,28.170134400000002,13.746106600000001,445.627622,-10.500480000000005,167.98057500000004,-244.92156000000006,-130.01247,-346.3889150000001,5456.040900000001
2761,2761,are,792.642,792.742,0.924,56.05454057142857,-12.800330200000001,-12.025073697142856,1.4087724428571424,0.0,703.5606842857144,29.9945857142857,52.40098357142856,68.85113635714283,-70.68074839285714,0.0,71.84041071428561
2762,2762,with,792.782,792.882,0.942,51.26361671428572,-0.47119072857142863,18.572566785714287,12.364240614285714,12.678438857142856,437.76186285714294,-107.25338392857141,-56.44845428571429,159.32457142857143,230.3118876785714,-81.96668928571428,-3073.044035714285
2763,2763,the,792.902,792.982,0.67,39.4978736,8.913583679999999,22.585566,13.46365944,0.0,431.95789600000006,-91.38647000000003,262.3828060000001,0.794164999999986,-172.37875300000007,0.0,3090.1801500000006
2764,2764,patients.,793.022,793.422,0.741,33.43957086363636,-17.300621359090908,48.163503772727275,20.51529846818182,7.157364772727274,723.9526618181817,-15.918640965556184,38.684685671936776,46.85435547713157,-24.652241211180126,-53.3130562676454,1137.8823066064372
2765,2765,And,793.503,793.603,0.736,35.050910888888886,-11.285008922222223,43.3933618888889,17.219551799999998,15.895673333333333,729.4218233333335,188.31086250000004,273.56802033333344,-209.80533250000005,217.15350550000002,56.33232083333333,-3921.3605583333347
2766,2766,that's,793.623,793.803,0.911,40.41430390000001,-20.22745813,34.2658416,5.56411456,8.432434699999998,651.073221,-151.43972212121207,-81.71786809090909,158.1890363636363,-143.3467541212121,-126.92023787878787,1909.058851515151
2767,2767,not,793.863,793.983,0.994,46.27193111111111,-12.63518948888889,15.243493344444444,2.3795003444444447,24.111765222222225,760.5973822222222,128.29659,-93.99291516666668,-190.85287950000003,-49.85043750000002,88.09425166666668,-851.0787499999991
2768,2768,our,794.023,794.123,0.833,54.04763657142856,-11.504431771428573,-13.687274714285715,4.874514714285715,22.57986985714286,901.0421157142857,-63.18673214285716,128.41037285714282,76.17574464285713,30.672942678571417,-148.1261267857143,-978.8472499999999
2769,2769,profession.,794.323,794.803,0.9,34.17518023529413,-18.26782021352941,26.47966668882353,12.40934350817647,7.555707529411766,827.0085714705883,7.397822765469819,-40.2614025957219,54.064308509702045,28.626144363346054,25.857142123758585,-533.8132150496562
2770,2770,That's,794.943,795.143,0.872,34.969703,-17.511350889999996,30.88255332352941,12.548780929411764,7.539928882352941,844.0828082352941,-2.1614221813725476,-46.84992305637255,99.05228198529413,-47.62755611519608,-0.3393526960784264,1222.9314865196077
2771,2771,not,795.183,795.303,0.848,47.53003825,-16.985776637500003,16.244134825,-7.35268459125,22.218244125,558.2837724999999,94.98494523809524,-83.7831807738095,-136.86136535714283,-235.06670262499998,-88.80405178571426,-1926.091642857142
2772,2772,why,795.363,795.523,0.729,46.529571818181815,-14.25722611818182,8.208256518181818,-5.956629363636363,21.55248118181818,671.055189090909,39.99562681818184,-161.86502118181824,9.477661227272735,87.40077400000004,25.040049090909104,-2508.6833409090923
2773,2773,we,795.563,795.684,0.846,45.993255375000004,2.5688616875,18.777167499999997,9.400051537500001,22.70554775,708.9315174999999,56.5361446428571,48.415669107142854,93.42475238095236,8.523295416666663,-2.7505119047619027,-725.0377738095241
2774,2774,went,795.704,795.864,0.835,49.677416111111114,-14.050454044444443,30.734760333333334,6.352702973333334,22.356456111111115,636.3859788888889,-85.89571916666668,-131.22122,212.87141416666668,285.81188895,0.8376708333333247,-2900.4798833333343
2775,2775,into,795.904,796.064,0.979,45.0902198,-8.85725051,43.446350100000004,20.8869891,11.264830900000002,637.812327,23.238487878787872,136.11460057575752,-101.13095727272723,99.40864939393936,-170.936976060606,545.7100696969693
2776,2776,this.,796.104,796.264,0.97,42.984873199999996,-16.40073366,33.824389,15.4094639,10.427844799999999,469.62150600000007,-80.04950424242419,-152.45170175757573,54.90775696969696,-189.13634393939392,-30.735179999999996,3381.3783818181814
2777,2777,with,797.04,797.16,0.991,30.63079345555555,-23.898490911111107,32.91764766666666,16.56802579777778,1.4311154666666668,757.9079620000002,0.870104041501978,-9.475303646903823,-16.675864288537557,16.976901035573132,-6.3637110737812925,76.87684591567853
2778,2778,the,797.2,797.28,0.832,37.543928333333334,-12.291475405,57.51365016666667,21.646966666666668,14.078686500000002,852.5038683333333,113.46928285714287,389.14496052857135,-77.80017000000001,-155.79927142857142,175.99774142857143,-4374.281785714286
2779,2779,amount,797.3,797.54,0.715,46.990791461538464,-22.218915376307695,28.141848769230766,7.198191707692308,25.05739515384615,646.3728,16.038621153846137,-133.70356723626372,-7.53446565934065,-78.24529260989011,34.53433241758242,-564.2302967032969
2780,2780,of,797.581,797.621,1.0,49.032095,-17.44311115,27.3583275,16.1712505,12.69649425,852.8784850000001,-155.94070000000013,388.68079100000017,32.024090000000044,239.57549000000006,-512.0955350000002,6472.267300000004
2781,2781,money,797.901,798.081,0.871,41.05048682608696,1.2272560188260868,25.75245773913044,14.134514834782609,15.252341217391303,794.0124956521737,69.25281501976282,-28.199383201136353,-33.86163627470355,-4.452277529644267,87.38475765810273,-1415.3245247035568
2782,2782,that,798.121,798.241,0.874,45.913621000000006,-4.20696223375,25.015940625,24.814607375,16.225162375,424.38639750000004,-25.251733333333334,0.17424387500000585,-6.432442261904772,-113.92625654761903,-233.7038708333333,-405.3514404761904
2783,2783,the,798.261,798.321,0.988,42.49255375,-7.50000245,30.628148250000002,23.85136575,25.417244750000002,441.1574475,107.27696499999993,392.5547290000001,544.0798550000003,347.3967450000002,-45.956155,4590.295950000003
2784,2784,government,798.381,798.721,0.902,49.0874242,-10.224022468,17.011601512000006,15.557586559999999,20.0223608,772.6965035,12.733028646616543,1.1794008586466167,30.65324229172933,48.96483024812031,-28.60241210526317,736.7807763157896
2785,2785,puts,798.861,799.082,0.773,32.38306444444444,-16.533483130555556,30.549579055555554,11.526155872222223,4.649520833333333,912.7897844444445,45.51983828689371,-30.791874192466466,11.629107997936023,10.519438477812177,12.797618524251803,-569.3266460268317
2786,2786,into,799.142,799.302,0.966,40.17002936363636,-15.59307281818182,40.97938881818182,19.227100545454547,26.65448509090909,883.8210463636365,59.115982727272744,22.69996286363636,-30.861573181818198,78.09458363636367,62.36231545454545,2509.1215545454547
2787,2787,this.,799.342,799.522,0.89,38.10320918181817,-26.45032427272727,38.956734,16.51887541818182,16.743019545454544,976.6753963636364,-90.76770318181818,-54.744390000000024,158.2247604545455,-149.72743350000005,-206.5740763636364,1089.0702999999999
2788,2788,They,799.622,799.862,0.851,39.26464105882353,-13.22144028235294,33.52512429411765,23.482435911764707,18.78430694117647,473.7113276470588,64.30371299019609,-17.128297254901963,27.88067867647058,86.057140625,80.18322438725488,-1859.9763848039215
2789,2789,have,800.142,800.263,0.913,34.876739115,-8.05335609,23.138611575,16.838118259999998,8.9049003,786.746991,32.043078379699246,-64.29656361278194,-54.949806484962416,-40.57259092481203,19.127753383458654,-856.0521
2790,2790,a,800.303,800.323,0.994,44.93600833333334,-3.1063704333333324,25.17147266666667,17.247879666666666,24.415667,948.3528566666668,2.3673750000000386,589.5715249999997,282.92512499999987,146.21132499999993,4.42542499999998,5027.430749999998
2791,2791,number,800.383,800.603,0.918,47.72786521428572,-0.6789080500000001,15.2689752,7.087469232142859,26.726385,854.7167507142858,48.92170296703296,65.35179748351648,-122.95016294505494,-77.8824265879121,6.438610989010986,478.6504846153846
2792,2792,of,800.643,800.703,0.75,46.378744600000005,-12.77836528,10.61906279,11.321285446600001,10.168667600000001,979.4984099999999,-186.05371000000005,-387.1845630000001,526.8308452499999,218.44589767000008,-383.63025500000003,2002.4900000000002
2793,2793,things,800.743,801.023,0.92,41.50086875,-15.773396870625,34.582150812500004,22.734267187500002,22.015138125,714.141130625,48.07565235294118,190.06269087426463,-50.94327610294117,-21.134646544117647,78.21598088235294,-705.016806617647
2794,2794,and,801.183,801.283,0.753,40.51801123076923,-13.637913861538458,32.642325076923086,19.37031176923077,9.29172223076923,622.0577207692307,99.47313186813186,-76.92714326923077,-100.7861008241758,14.809489285714287,128.0670129120879,291.859225274725
2795,2795,regulations,801.343,801.984,0.819,39.904673900000006,-15.545825765714284,40.75000291257143,19.13090188857143,24.56257122857143,664.6223922857143,-26.50391299719887,-6.571820361344538,55.430672227450955,11.612496550420163,9.120070700280108,186.32171302521004
2796,2796,written,802.044,802.284,0.899,44.9778816,-8.018583761333334,30.429581433333333,28.55280980000001,18.612063533333334,655.0343726666667,26.382831249999995,75.84626438214285,11.344106339285721,-62.638724464285715,-29.609672499999984,-2213.5850803571425
2797,2797,by,802.344,802.504,0.746,48.01509354545454,-18.770489,19.507807509090906,10.480022127272726,24.232005,707.7403645454546,1.90682227272727,-269.21210636363645,40.30002931818183,57.5559222727273,52.089329090909104,-3166.696631818182
2798,2798,a,802.544,802.584,0.497,51.109322000000006,-14.3875793,13.16924225,4.732313049999999,25.95776875,428.40823249999994,-40.51955999999994,367.1564520000001,-203.27000500000005,-646.4362590000003,-15.138044999999996,8646.413550000005
2799,2799,lot,802.624,802.785,0.843,49.127685699999994,-19.654192777,9.8663955308,-9.28064521,26.341023499999995,639.288147,3.760525151515162,-147.6590223060606,47.917731846060605,184.6508596666666,8.61987181818182,-1893.987936363636
2800,2800,of,802.805,802.865,0.75,43.316033250000004,-6.797919775,20.44451825,12.168353374999999,20.0867075,889.02161,-144.954615,367.50863950000013,-10.242325000000024,-90.95798750000004,-401.36021000000017,-1943.685600000001
2801,2801,people,802.905,803.185,0.827,39.3328948125,-6.421810675,34.563730125000006,14.703798125,18.7770585,745.26878875,78.08717080882353,42.51616685294117,-81.1276364705882,-181.00279955882348,23.423038235294126,206.0307691176469
2802,2802,who,803.225,803.345,0.746,48.888220875,3.8158999232874997,22.480127250000002,10.25394113125,25.648234249999998,815.19086125,-29.031972023809512,-8.114887340178567,161.4939130952381,223.5191702678571,-5.290457142857141,791.4309345238095
2803,2803,don't,803.385,803.565,0.813,49.30064045454546,-14.218213772727273,20.116854818181817,8.401552562390908,16.753405454545454,917.1367654545454,48.36582318181818,-9.156406136363612,-145.63378136363636,-215.05487044931817,-82.22751363636365,173.0851681818181
2804,2804,really,803.625,803.885,0.69,48.7411886875,-11.697467612499999,23.382362375,10.629248125,19.360477187500003,681.493810625,-23.930854338235292,-118.97985351470588,116.12966088235292,44.10896348529411,-1.9228527205882258,-887.6254786764702
2805,2805,have,803.925,804.206,0.802,46.86538125,-37.237569162499994,18.4425864375,16.090674,22.4731350625,520.7978525000001,35.461269264705855,83.29502883823528,-73.14794301470587,-30.090202941176457,47.59332977941177,967.2055235294114
2806,2806,the,804.266,804.366,0.835,45.900109875,-0.2218337749999999,23.291908749999997,18.094302749999997,14.463639749999999,535.7726925,-9.494400595238126,165.408785,15.929496428571417,-121.03489404761902,-213.04699404761902,1812.7034523809516
2807,2807,background,804.406,804.986,0.797,47.54950983870967,-21.672064164516133,12.472427038709675,15.683879033870967,19.408559612903225,712.5824667741934,7.604524153225804,8.566191812499994,-1.2865423064516146,-17.702996525201613,13.172680000000001,59.66795584677417
2808,2808,to,805.527,805.667,0.835,22.09595187352941,-13.359464323529412,30.26210502941176,16.769198247058824,9.42592561764706,850.2790352941178,-16.125658705118408,6.658452582123754,16.83292263559969,-16.424767477463707,56.81790049656224,136.8678099312452
2809,2809,know,805.727,806.027,0.804,47.35721955555555,-12.62059398,25.60496,-6.664348655555555,25.487009666666665,773.6185577777777,12.741520949432413,-38.387479927760566,-57.01683746130031,-209.50430882352947,-0.9260454076367379,-844.0601228070175
2810,2810,the,806.507,806.627,0.865,31.530577633333337,4.854872279999999,28.737387593333334,6.604886223333334,9.978854733333334,759.7045119999999,-42.01230170189099,-21.455245715239155,74.70672384427141,76.58406025472748,-12.87240680756396,-563.5381023359289
2811,2811,impact,806.708,807.188,0.859,42.757630285714285,-22.678631453571434,29.13639733928571,17.7953514,15.484936035714284,600.5613875,-9.288943130815543,-25.911775217569787,-79.9917967966612,-10.410762331691293,-32.15251949917898,-16.399045566502412
2812,2812,of,807.228,807.288,0.756,40.440211,-17.847483439999998,36.661234,27.271164399999996,0.0,588.636454,-25.796670000000045,119.78634150000003,-187.62308,17.667690000000004,0.0,4338.620500000001
2813,2813,how,807.328,807.448,0.778,44.942866374999994,-39.65865775,17.5582390875,10.148754514000002,14.99787425,547.43396875,164.51994464285713,130.21093452380953,-135.47500148809516,-150.33712633333332,213.0497178571428,-3371.8126726190467
2814,2814,these,807.508,807.648,0.862,40.0952178,-13.814774699999997,52.6764724,31.735498299999996,23.7076103,757.859014,-73.80579999999995,11.620019090909086,240.4476903030302,61.39644939393938,-6.112602121212133,2166.999806060606
2815,2815,regulations,807.708,808.289,0.807,40.9238041875,-20.086329715625002,41.20953864375,19.8552009046875,15.2857769375,755.4670246875,-27.781803739002935,3.7940396086876853,59.05283358687684,-14.570463514021265,-44.82817826246334,-189.77296361803528
2816,2816,actually,808.349,808.629,0.907,40.21156788235295,-32.202730823529414,39.490984352941176,22.697324735294117,18.785165294117647,634.2165735294118,-47.14751776960786,63.62137169117646,97.06787328431372,41.67255049019609,-35.08659681372549,1050.396506127451
2817,2817,impact,808.769,809.149,0.932,41.231249115384614,-17.226240315384615,29.004120269230764,24.443009299999996,13.000467653846155,603.9220965384616,-0.1761371111111128,-51.82302020170939,-69.60509547008546,-11.131774218803418,-13.448531162393152,-56.088585811965814
2818,2818,on,809.249,809.33,0.926,54.05296777777777,-15.981715664444444,11.569295733333334,2.9045401888888884,22.963053444444444,695.9921111111112,73.09048166666666,108.09461173333338,-29.577067916666675,-45.03622783333335,-14.913477500000004,-1152.0010583333337
2819,2819,the,809.39,809.53,0.891,49.8466794,-13.291668829999997,16.9695475,11.6085321,19.4977958,358.60834,25.0616424242424,-177.47665227272725,-40.16937181818181,-102.21816490909089,-62.06715939393937,-848.2132424242425
2820,2820,relationship,810.07,810.671,0.848,32.798574694827586,-14.113423011206896,32.40892454931034,15.395780426206898,7.2213407586206895,764.664566724138,3.4955899500138425,-18.68353635739334,41.68029402150175,8.525524732351043,11.735877612353503,31.22524320957274
2821,2821,between,810.691,811.011,0.865,39.61506188235294,-21.31490190882353,35.50062714705882,29.604412058823527,8.246400529411764,567.0142452941177,50.8163281862745,-15.894145986519609,-36.36972285539215,-29.18048529411765,59.237724142156864,-1114.2758725490196
2822,2822,a,811.051,811.091,0.471,48.381071750000004,-11.634348,17.029649,18.020055499999998,5.2032705,766.5803549999999,-10.309214999999943,-101.33314000000006,211.28292000000008,97.75728000000008,-104.06541000000004,11413.014700000003
2823,2823,physician,811.291,811.711,0.814,30.267962822580635,-16.597234522580646,45.30991058064516,18.551018429032258,8.172713096774194,759.0441496774193,14.61980575604838,-42.31110574395161,51.17686743951612,19.33252445564516,35.1586462298387,-273.34070463709674
2824,2824,and,811.751,811.811,0.953,46.398264999999995,-6.71300926,31.0886886,18.129341399999998,0.0,647.057536,-99.66178000000005,433.0664120000001,-74.64498000000002,-37.628015000000055,0.0,-5860.448200000001
2825,2825,a,811.851,811.872,0.877,42.11980166666667,10.079124666666667,23.383837999999997,12.507483,16.368382666666665,628.4349700000001,-223.65847499999975,232.97752499999987,128.10744999999991,109.71389999999992,-615.3497499999996,-5359.386749999996
2826,2826,patient.,811.932,812.252,0.885,33.23771689473684,-18.86508209473684,43.31610289473684,28.58122929473684,0.0,664.6931410526316,-50.9139398245614,56.717863175438595,46.664986228070184,20.940897122807023,0.0,1627.9925561403509
2827,2827,Anything,812.692,813.012,0.846,13.706416255263159,1.084111309473684,11.343392767368425,4.0249805394736855,16.518134842105262,567.8279084210526,7.1444414919575445,16.92449909158551,18.777223547871756,-33.692611374876904,68.22733592296753,-77.31370729839148
2828,2828,I,813.092,813.153,0.816,28.188883285714287,-16.330192,10.228233857142856,7.4784587857142855,22.371941142857143,595.2819614285714,-4.488364285714276,139.77402321428568,406.18421517857143,89.12576785714282,-293.6117607142857,3090.878589285715
2829,2829,didn't,813.213,813.473,0.898,25.15999095,3.6634137374999995,32.1130073125,8.47832548125,19.43991,416.042905625,85.03506527941174,7.403862147058836,39.11747919117647,-10.957589036764706,-46.99938794117646,-742.1205257352941
2830,2830,bring,813.553,813.793,0.874,36.2416335625,2.966980596875,10.50764288125,6.1667407999999995,19.1496840625,634.2544700000001,46.1469769852941,-43.493645618382345,84.9780763602941,-14.030804176470582,90.16109404411762,-590.4000661764702
2831,2831,up,813.873,813.953,0.863,36.763977624999995,-11.538917462499999,0.6442983874999997,-16.303548675,13.12752725,588.2038862499999,23.38898988095239,74.54304815476189,111.86827565476186,-98.3810870238095,-248.82956666666666,978.297827380952
2832,2832,that,813.993,814.133,0.932,18.696874333333334,9.312511361111111,32.80828491111111,9.153670866666666,7.090058111111111,385.31796444444444,-67.06018583333335,78.35677358333335,395.2614565833334,178.67229633333338,4.554060000000004,-300.8634999999998
2833,2833,you,814.213,814.413,0.809,23.419217,23.248855999999996,39.683030257142846,17.936563035714286,26.86133285714286,605.3351878571428,138.87086945054946,49.19961208791209,-253.9698048791209,-62.34416928571428,41.17199692307691,1811.063645054945
2834,2834,wanted,814.454,814.694,0.848,37.13547721428572,1.1644020439285712,12.811740112857143,-11.782675064285714,30.178340214285715,677.8542449999999,-19.742482967032956,-91.09406662912087,89.97796206813184,192.69952664835162,-3.698259230769227,-227.87254175824154
2835,2835,me,814.714,814.794,0.912,27.2693068,1.789647708,44.2196934,20.8123162,29.853796600000003,510.238548,-21.977729999999983,-5.003662099999998,32.07402499999996,129.70781,-9.543124999999987,-3317.3659000000016
2836,2836,to,814.834,814.894,0.756,25.4134906,6.87625906,30.857502,19.350822400000002,11.7785872,332.778632,-26.64222499999998,134.12399700000003,-118.67564500000002,161.82395500000004,-442.63363000000015,1003.7321000000003
2837,2837,talk,814.954,815.194,0.862,23.647475933333332,0.8031671066666669,-5.245436564666668,-10.939527142666666,22.988948866666664,545.957336,85.94500607142855,-75.56537310714283,-9.510407032142853,-16.049049017857133,89.47078303571429,-958.6602017857141
2838,2838,about,815.254,815.474,0.822,36.99580371428572,-13.175146071428571,-7.672705981428572,-4.4362134285714285,27.657613714285713,672.7740592857143,-14.261686813186806,-48.24809443956044,-85.17205909890109,8.256257780219777,-20.19539912087912,326.82427582417586
2839,2839,or,815.534,815.614,0.562,39.374556142857145,-2.0259734485714285,-5.934907285714284,-2.692095699999999,22.439147,879.9957042857144,-157.15911428571428,7.430021964285709,401.9020660714285,368.8290805357142,0.7855553571428543,304.63360714285716
2840,2840,you,815.674,815.815,0.997,27.348098300000004,10.084959269999999,33.8158897,17.654152840000002,21.7865452,781.978175,198.63374999999994,75.64684827272727,-315.3890803030302,-37.65110884848486,-2.5577363636363484,3449.285160606059
2841,2841,wished,815.875,816.155,0.667,10.879903335294118,11.789355801764705,16.43456582,7.87704628235294,6.738606470588235,736.8424405882353,-205.18803676470586,-39.42063094362745,34.905534583333335,-5.603912990196075,-49.16038566176471,-425.92515931372543
2842,2842,I,816.335,816.395,0.997,24.96980783333333,-23.073255916666668,-3.7970203950000005,-5.686680058333334,8.456096333333333,424.9840875,-52.109083916083904,48.792553671328655,193.97086059090904,69.87170291958041,141.34858426573425,93.29105069930058
2843,2843,had,816.435,816.555,0.945,31.679931874999998,6.139241999999999,22.296265,18.749150625,23.38037825,524.66635875,173.53705773809523,32.483419166666685,53.56541904761906,47.92504345238093,-118.76180476190474,3417.18975595238
2844,2844,brought,816.595,816.835,0.91,37.95974092857143,-1.2580360978571432,-6.813929721428572,-9.224774585714286,23.240161714285712,749.4818142857144,34.81821153846151,-135.31513479450544,-16.510465835164837,-102.96018679120877,79.2022435164835,-916.2259560439561
2845,2845,up?,816.935,816.995,0.753,37.04328,-11.51147435,-3.8166688249999994,-11.151784925,15.087766375000001,375.85854875,14.672144047619039,163.61692845238096,105.67137797619046,165.35450619047617,-285.49707321428565,982.0404464285715
2846,2846,"Well,",817.596,817.836,0.865,25.362256538095238,-1.590650298809524,11.362333236904764,2.8808627652380956,7.29097930952381,780.4851169047619,30.806175947654154,-33.70823895450124,13.68452753443805,-61.29495519820111,34.58175370310347,34.93045332631065
2847,2847,I,818.096,818.156,0.93,41.85550537500001,-18.4464838625,13.2639355025,-1.0077177018750003,20.56364925,617.83254125,26.391130147058817,-122.50879813235295,16.698268147058826,43.45866809044118,149.7867217647059,-261.4919838235291
2848,2848,just,818.196,818.336,0.873,35.61944522222222,-19.98769022222222,43.527366888888885,12.902136533333334,14.820084111111113,765.0668166666666,-102.00351166666668,44.22499583333333,147.50099250000005,-180.60654533333337,-279.4996683333334,3487.9928416666676
2849,2849,think,818.357,818.517,0.933,37.359317888888896,-10.804300300000001,30.708978444444444,19.42423183333333,21.270021,547.64634,-68.715615,137.99469575000003,42.630713333333354,117.36957458333333,-215.27991083333336,1723.0195333333336
2850,2850,that,818.537,818.677,0.707,37.351473874999996,-5.924328662000001,25.539341874999998,19.607567125,18.07585625,533.3284699999999,-106.93996845238094,186.3896842285714,46.997619642857146,43.76272678571428,-266.74033928571424,-371.65022619047676
2851,2851,the,818.717,818.797,0.965,40.32416116666666,-7.180192166666665,24.317807000000002,16.82389425,23.409747499999998,731.046675,61.35492142857146,285.9441242857143,109.33573428571434,132.26007785714287,202.56289000000004,3237.7554999999993
2852,2852,more,818.837,819.037,0.718,50.11462325,-16.530351933333336,-0.6075903333333331,-19.956558416666663,30.873771333333337,880.8099866666668,31.592947727272705,-131.01956863636363,-207.47089562937057,-10.95023968531469,11.763004545454539,935.1180384615385
2853,2853,of,819.057,819.117,0.75,44.2573055,-8.530431225000001,8.948614625000001,15.879344305,29.592727,888.7544575000001,-211.63459000000012,97.87432950000003,582.0294075000003,462.8419017000002,1.8436799999999747,-2389.52625
2854,2854,your,819.157,819.297,0.898,45.405482777777785,-21.216238466666667,23.815274155555556,9.026881388888889,28.947187111111116,955.4525422222224,43.34539333333336,35.4025801666667,-163.01406633333335,-271.2346746666667,-11.961953333333339,5.929683333333078
2855,2855,listeners,819.357,819.758,0.852,36.34089569565218,-18.357596173043476,39.566767391304346,-2.080534023043478,21.897010695652174,912.4929882608695,-19.677175889328055,1.870747113636363,44.64614214426875,119.4632722663043,43.347306274703534,183.7814723320157
2856,2856,who,819.798,819.938,0.868,33.14859033333333,-6.133791788888889,42.80070811111111,21.655144444444446,25.749100222222225,960.657031111111,132.27039000000002,370.78727641666677,-127.5578091666667,104.50000000000001,-23.196953333333322,-481.8392666666669
2857,2857,get,819.958,820.118,0.784,41.908187000000005,-21.48443071111111,32.037801888888886,12.508491666666666,26.309042555555557,416.2054477777778,26.355159166666645,-77.17109116666668,-75.05511083333333,-22.17079916666668,0.16718000000000025,593.3771749999997
2858,2858,involved,820.158,820.618,0.829,46.08159968000001,-9.777666944000002,8.105349832,-11.682649471999998,19.48891904,775.2529768,-6.300006076923075,37.57727674230769,-36.79040996923078,-60.4748315923077,-45.24523873076923,631.443126153846
2859,2859,in,820.738,820.838,0.769,44.61713663636363,-8.924354196363636,32.689065727272734,20.28737790909091,17.48878609090909,612.1332954545455,96.45633545454551,12.747055890909094,-63.5927372727273,45.60169,121.98578954545457,403.52375454545466
2860,2860,the,820.858,820.918,0.944,43.16870575,4.47830225,23.277741,10.00406875,0.0,784.5915400000001,-246.38774500000014,313.44350500000013,-29.389900000000033,93.29826500000003,0.0,3886.055200000001
2861,2861,political,820.959,821.359,0.82,45.30320386363637,-4.5536031409090905,20.09597870909091,-7.1875703845681835,14.942827363636365,786.8348040909091,12.455964568040644,66.76813972614343,13.774838136645965,35.020168932001695,-18.971124618859406,-334.16364172783733
2862,2862,process,821.399,821.839,0.818,41.70095,-20.486240554166667,21.916567724999997,-6.9293891374999985,17.919091750000003,686.7648033333334,-39.29727034782608,18.696369258695647,130.6356038260869,-5.02180636739131,-40.242776913043464,855.9548034782608
2863,2863,and,821.879,821.979,0.674,43.52072042857143,-4.596860028571428,33.401247857142856,13.616940342857143,25.039258285714283,744.4721642857143,48.827926785714276,10.962188214285714,-38.873957142857144,104.31459517857142,-12.096003571428579,-136.4075178571427
2864,2864,in,821.999,822.039,0.594,45.047619999999995,2.0847263566666663,31.715211666666665,22.937775333333335,24.236088,832.66818,34.94142499999987,102.95797074999994,141.13862499999996,39.41874999999999,1.2027000000000674,3330.6789999999974
2865,2865,their,822.079,822.219,0.864,46.983930888888885,-15.222207422222223,19.146228344444445,21.585283555555556,7.894466111111111,571.5333566666667,-100.48743416666667,-112.98936333333333,-128.31890391666673,-23.697489166666674,-178.34695833333333,1413.159466666667
2866,2866,"communities,",822.24,822.82,0.817,41.86721306666667,-6.563810060000001,40.0372962,20.195128346666664,21.871210800000004,713.0992336666667,-15.844845672969965,-14.206303076751954,77.98826978865407,-10.35499557063404,-7.436661713014466,-759.4270928809788
2867,2867,the,823.26,823.38,0.553,32.697372071428575,-15.797765967857144,26.019949285714286,12.857004667857142,5.984248107142856,765.4870407142859,27.790289463601525,108.60650292145593,-38.25910738916257,19.729144527914613,47.780457977558825,-945.3003560481665
2868,2868,better,823.4,823.621,0.807,51.54414775000001,-10.6310529425,6.209458785833331,7.780194891250002,26.431202416666668,767.4239308333332,-5.054921853146843,60.30304078846152,-67.45597990384614,43.63583607430069,-3.6264970279720274,3430.3259807692302
2869,2869,it,823.641,823.701,0.746,45.93021075,-5.864060125,24.4132945,23.893862249999998,25.552477500000002,550.5344975,-137.79659500000002,-312.5670225000001,487.16191000000026,-50.84543500000001,-12.873450000000007,4433.757450000003
2870,2870,is,823.741,823.821,0.77,37.724847000000004,-18.03794225,50.34097866666667,9.365297333333334,8.3560365,886.7287283333334,-189.5279542857143,-108.71052642857146,283.4849228571428,-140.59778799999998,-286.64426428571426,8550.955871428572
2871,2871,for,823.861,823.981,0.891,50.86615775,-20.0036201625,8.116433112500001,1.132621362500001,18.511682875,922.2476700000001,228.9698309523809,195.99565791666663,-388.36343922619045,-235.67354220238093,168.92636845238093,86.70551190476169
2872,2872,our,824.021,824.141,0.64,47.449706500000005,-9.0716193,0.2730940749999995,-0.5106895124999995,5.9252295,765.49282125,-187.06057976190473,85.10764238095237,261.15424321428566,171.87785636904758,-169.32117261904762,501.68886309523793
2873,2873,"patients,",824.161,824.561,0.929,36.38696000000001,-15.874997661904764,48.042909952380946,15.001828133333333,27.709806904761905,831.7387985714284,-32.47597714285713,60.23778718831168,73.64245077922078,-30.889927831168826,12.43911954545454,2363.501387662338
2874,2874,the,824.641,824.741,0.898,37.59710066666666,5.291958544444444,33.72171822222222,15.836589100000001,7.034088111111111,818.9195144444444,110.46971500000002,177.87599383333338,-88.60484250000003,82.24056033333335,105.36949250000004,-1620.9126166666672
2875,2875,better,824.761,825.002,0.757,49.382602384615396,-13.542750450461538,6.433328314846155,10.659572446153845,25.295375769230766,684.7699223076924,38.83763626373626,40.24931344395604,-83.65860330054944,-10.442955961538454,-2.8482,2047.3836208791208
2876,2876,it,825.042,825.102,0.88,50.600421000000004,-17.793086699999996,31.840347400000002,28.988372200000004,24.2557118,702.465796,-9.041059999999991,-138.67303499999997,423.18969500000003,-118.183395,4.8061600000000135,-5130.67385
2877,2877,is,825.222,825.322,0.558,38.076804363636356,-18.07873302727273,48.26274899999999,11.455214890909092,17.503962272727275,694.6351563636364,-127.58586863636366,76.67719745454548,156.40945545454548,-114.66437481818184,-133.22673090909095,1294.1158272727275
2878,2878,for,825.762,825.902,0.989,29.9770631724138,-15.53002724,21.103931575862067,1.4819509582758623,5.126917482758621,719.6849803448275,64.13288261083743,27.540091175369454,-106.98279287684727,-24.462402528571427,41.944027487684714,-309.5949645320197
2879,2879,our,825.982,826.102,0.813,51.036506,-8.680148225,-12.240818878000002,-10.669084053,11.559774899999999,868.3567149999999,-97.75203878787876,80.58606359090908,92.84177120606057,124.71285639090908,-176.03411848484845,-500.56886969696956
2880,2880,"profession,",826.143,826.643,0.873,39.126062222222224,-28.911294917407403,27.189591922222217,9.454820444444444,14.432538074074076,678.597008888889,-14.764406715506714,-4.090397886752132,100.30561911782665,38.002267612942624,67.43725195360197,-220.218733821734
2881,2881,And,827.427,827.567,0.667,35.60418504347826,-11.887959139130436,25.340580282608695,14.579584211891303,12.166597652173914,613.1349428260869,18.74145051495529,-23.362736238667896,-3.6610419025593592,-3.680214942346592,16.88175280296022,-468.3614010792475
2882,2882,it's,827.627,827.767,0.65,38.5396845,-9.44023203,41.5702457,20.606286726,9.274556,588.7083019999999,-66.23732757575756,-145.1753022727272,77.99380939393939,-180.6738419090909,130.56441696969688,626.3325030303027
2883,2883,an,827.787,827.847,0.75,46.76311575,-12.36075655,23.187776,15.8166075,30.36037125,510.24265,38.51550500000003,8.135359000000026,62.18048000000005,72.46189000000004,-12.142934999999973,2012.1920000000007
2884,2884,opportunity,827.927,828.628,0.801,40.56199066666667,-23.113237782051286,23.633177236410255,10.865188573076924,27.147405897435892,731.2437415384616,-13.143429514170045,14.687312732793526,76.71669441396762,61.97544380161944,5.018004412955465,-69.47182358299594
2885,2885,for,829.148,829.308,0.862,27.903859497058825,-6.494311966764705,19.65000871764706,12.255207147058822,7.583624235294118,789.5690573529412,9.757495722689068,-21.74979729312452,-78.86838077922074,-44.388688334606556,17.69124757830405,427.9224668449196
2886,2886,us,829.408,829.508,0.493,44.9367794,-29.871675200000006,19.409241993000002,-8.905457017,19.879475,775.6453660000001,-176.2937654545454,34.503692727272714,369.53989707575755,-11.686764136363621,-178.40237696969695,1219.2429636363636
2887,2887,to,829.548,829.648,0.838,31.88660357142857,-17.787553085714286,42.636665428571426,5.686744928571429,8.430426285714287,665.3015714285713,183.0397642857143,193.0670557142857,-99.48527500000002,345.6160714285714,52.22068571428573,-5864.340535714286
2888,2888,continue,829.708,830.288,0.771,40.10772934375,-9.6301799946875,40.72874334375,16.999965925,22.49778378125,801.7746568749999,18.437283220307922,-5.480916267686952,-4.642469840542523,-12.789641550586513,37.31483791239005,117.32702291055723
2889,2889,to,830.448,830.548,0.832,34.18847146153847,-3.1186373769230777,35.92142661538462,7.612163435384614,15.20080053846154,795.2354646153846,-70.823564010989,-85.88965648351649,187.04510879120875,-55.81225643956044,101.05593543956041,-539.4710054945053
2890,2890,serve,830.588,830.848,0.836,39.05540301333334,-17.688536425466665,17.530943082000004,3.6489246105999995,29.571018266666666,888.4374133333333,210.30628003571428,106.71261059392856,-350.4210630214285,-14.480233802678573,-66.76750107142855,85.44938035714264
2891,2891,our,830.908,831.008,0.852,53.882017375000004,-9.5337052125,-13.1804679,-6.2560301874999995,23.113952375,849.05911125,-14.992782738095276,62.84131851190476,79.44851952380951,116.36158041666664,-117.01459464285713,-1522.2169940476185
2892,2892,patients,831.068,831.449,0.935,38.51445536363636,-13.992129936363638,38.641813209090905,16.059766573181818,13.493390863636364,675.6406781818182,-29.099649294184076,27.390860959909656,115.63436896103896,4.6025893108413305,-13.828829559570869,-76.40643534726142
2893,2893,in,831.509,831.589,0.686,40.12067585714285,-16.08115532857143,39.84887214285715,14.07647922857143,22.31496114285714,693.3389214285713,197.96578571428574,43.45414946428572,-227.94291785714285,165.95638250000002,132.36135535714286,-4357.4013749999995
2894,2894,a,831.609,831.649,0.502,44.65687766666667,-8.272756,44.720220000000005,18.873555999999997,25.317052333333333,421.42062333333325,-150.95024999999993,686.2645499999998,17.990774999999978,231.21834999999982,-3.6738249999999955,8412.114249999997
2895,2895,different,831.789,832.169,0.843,44.38088103846154,-9.818744391923076,25.430434896153848,13.018363644615384,14.676876923076922,816.4896215384614,28.474277794871774,-61.583414057948694,-77.98060355042732,-44.71310964786324,-39.684672649572626,400.80592991452977
2896,2896,way,832.249,832.469,0.814,51.0040762,-12.244368266666669,17.183022411066666,3.1026117666666666,22.76258593333333,686.8609993333334,15.989964285714285,-245.30703999999997,0.6572570000000033,40.290198446428576,-2.8016074999999994,-2454.237607142857
2897,2897,instead,832.549,832.829,0.927,39.63337372222222,-13.872512366666665,38.59757044444444,8.65638992,16.542030999999998,689.3537522222222,-10.037274561403507,-15.659665737874096,-31.2961262125903,-63.40640482559339,-8.160785552115579,604.5391114551082
2898,2898,of,832.869,832.909,1.0,44.5013065,-13.954269,25.08223775,18.31074075,25.406553,758.0596175000001,-28.090200000000014,227.8720500000001,-41.486304999999994,219.5961550000001,-28.232850000000013,9688.110750000005
2899,2899,just,832.949,833.109,0.757,35.4114297,-14.13580335,48.83933940000001,16.029422410000002,12.891549399999999,1145.196524,-81.68633363636363,-63.501350454545445,100.483423030303,-238.709254090909,-194.85296969696967,230.80756363636334
2900,2900,a,833.149,833.169,0.567,56.241647,-9.731545533333334,21.991136,-3.544173666666667,24.903741999999998,936.4276666666666,235.3084749999999,789.5879349999996,-405.9123249999998,-586.4602499999997,-28.26514999999999,-2029.6399999999967
2901,2901,one-on-one,833.309,833.849,0.848,50.81976894117648,-5.109150726470588,13.022348444117647,-6.4118136,24.792973176470586,776.2343535294118,-11.998069518716575,-26.16910152559204,10.175312822765463,20.56039890145148,-1.6057077922077914,-338.757750802139
2902,2902,but,833.889,833.989,0.834,43.29696614285714,5.334024457142857,32.010025142857145,23.95354071428571,10.226603714285714,871.8010757142857,19.251533928571398,-130.0135635714286,82.90454285714286,81.04392321428573,-121.23820357142854,-2622.841392857142
2903,2903,to,834.029,834.109,0.994,35.48837283333334,-7.955626799999998,45.26199716666667,10.561985216666667,8.238610833333334,778.2650833333333,99.15858999999998,38.939718000000006,42.66787857142853,14.373928714285725,140.88802142857145,-3771.448542857144
2904,2904,serve,834.17,834.41,0.893,38.15161246666666,-13.98796354,29.455023240000003,3.1935906286666667,15.051123,978.999292,143.7848726785714,142.1959574285714,-281.3519647678571,52.28882926964286,118.72375910714284,-1659.6420053571426
2905,2905,the,834.45,834.53,0.876,42.31716333333333,-4.6402336166666664,31.445454333333334,21.052966166666668,16.927425166666666,755.8242783333334,27.76083428571425,111.04045357142857,-2.0662028571428315,62.23403000000003,287.5595242857143,-6140.976985714286
2906,2906,community.,834.57,835.07,0.841,42.19103939285714,-8.185048457142857,37.755175892857146,28.890995571428565,21.009489964285713,800.7311621428572,3.95166873289546,-6.928064376026272,65.0824219348659,7.691154077723044,31.538102723043238,-1148.8960894909687
2907,2907,And,835.11,835.19,0.82,42.8925652,-3.6910501999999994,37.279984999999996,27.3022742,23.9118948,290.742572,6.257885000000022,448.08812000000006,70.76927499999998,131.46481500000002,6.342479999999997,-1914.7672000000005
2908,2908,what,835.81,835.93,0.875,37.69585962162162,-13.957268293513515,26.477938910810813,11.570919981891892,18.533129675675678,759.8679056756757,39.67808840682789,35.26575981318161,-25.875268468468473,-46.771559533665254,16.48827734708393,-64.6024848269322
2909,2909,you've,835.99,836.25,0.804,39.8673315625,-0.8247359506250005,41.9308904375,26.552283375,24.794486749999997,726.305634375,0.6880312500000085,35.10344897573529,-38.74954036764706,13.639188382352938,-6.817754999999988,-102.29151250000007
2910,2910,done,836.27,836.49,0.719,44.58225975,-23.926016216666667,22.76778308333333,6.351606571666667,25.07615291666667,630.79117,28.582558566433576,-18.14216304195802,-25.73502395104895,-8.03647180069931,47.04540052447553,-743.4399545454544
2911,2911,to,836.89,836.951,0.706,39.370114291666674,-19.576408036666667,28.54118042083333,20.134368532916668,18.728551041666666,786.2406825000002,19.858674934782602,-13.732982459999997,-72.20309027608694,-24.51838324413043,33.938790326086945,-697.4412043478259
2912,2912,help,837.011,837.191,0.833,43.59017825,-10.5530202,19.135813358333333,-6.804288771666667,13.69148225,665.7743508333333,-35.48204283216782,160.546176048951,-11.103611346153839,-131.10289556993004,-171.92531451048947,2416.2700157342647
2913,2913,educate,837.391,837.831,0.814,37.3791344375,-13.9258104140625,42.06244940625,18.045443418125,11.580258718749999,714.7900553125,6.600043456744869,-12.037532644336519,31.756328784824053,37.04608434219208,13.37177693365103,82.83327648460407
2914,2914,patients,837.971,838.351,0.772,34.01016123076923,-13.475507373076924,42.45859607692307,17.058234225,13.884837500000001,748.4963238461538,6.796409230769228,-26.680413994871788,80.81920608547006,7.505644175213672,34.29186637606836,-475.81647555555554
2915,2915,through,838.391,838.571,0.85,34.41957254545455,-9.071093926727272,40.16626618181818,22.355198027272724,12.692795818181816,813.530868181818,121.46999818181824,93.01460941181821,-110.13983772727275,238.64867686363644,-65.63239454545456,-3026.462827272728
2916,2916,your,838.591,838.691,0.872,47.22899,-21.099254333333334,22.568190333333334,25.734725666666666,0.0,627.611055,-43.503637142857094,-158.3739371428572,-19.375594285714232,-110.5323285714286,0.0,-4292.8771857142865
2917,2917,health,838.731,838.931,0.807,43.52646433333334,-22.824126858333333,16.00438904166667,-6.898310483333333,15.828096250000002,600.7714849999999,-76.55152272727271,-36.797813688811175,26.26892805944056,27.499051643356633,-98.68123723776222,788.6152272727272
2918,2918,reports,838.991,839.371,0.979,45.60977986363636,-4.589668693181818,11.77229120909091,-0.13819055749999964,13.47137,977.056344090909,-34.04051798418972,-49.71217562535291,98.7230789666855,-3.1214189335121363,-6.523033201581024,593.7075327498588
2919,2919,and,839.431,839.511,0.892,38.616974142857146,-0.8327940714285713,40.68997685714286,15.510305614285715,17.498092142857143,883.6800714285715,58.52077321428572,252.53958553571428,-253.46448571428573,139.83888410714286,-180.65577857142856,425.4861607142856
2920,2920,through,839.531,839.752,0.348,41.892078500000004,-8.720651446666666,30.21382375,17.542053325,19.201964916666665,858.5929083333332,115.3051937062937,269.2758866993007,-149.49177954545453,-87.36882386363635,113.47266835664335,-486.24826223776205
2921,2921,what,840.092,840.212,0.876,37.79317630434783,-16.47929620869565,19.16079797391304,15.04828393478261,9.625280304347825,858.4266069565217,9.566225938735172,-22.81896630434781,-16.833690306324108,-44.61630641798418,-18.20194451581027,-59.97523666007913
2922,2922,you're,840.252,840.412,0.83,42.7142195,-2.01163181,44.9574635,36.9960976,15.4230594,805.771602,1.0356500000000026,155.0720302121212,-91.07192999999998,-17.358942424242414,-46.99130303030302,-3692.3667575757563
2923,2923,doing,840.432,840.672,0.649,46.99082176923077,-9.865363238461539,29.750713846153847,24.849313615384613,26.081541538461543,807.8228130769232,-1.165875549450547,78.89886623626374,45.27956703296703,17.530284340659335,-5.1321846153846105,-42.75998626373615
2924,2924,now,840.692,840.872,0.883,47.0975599,-32.90867279999999,14.618630340000001,5.689933959999999,25.6125018,459.14560599999993,45.40826636363635,-36.01949090909089,-206.06821403636357,-123.38960569696967,3.455996969696976,637.9826484848483
2925,2925,to,840.932,840.992,0.816,50.079476166666666,-28.096304000000003,23.50926216666667,17.732180666666668,16.777072166666667,598.1996433333334,-70.63974142857148,91.91878571428573,98.26710428571431,-13.991265714285703,-291.75209000000007,-6431.47082857143
2926,2926,help,841.052,841.212,0.877,48.051564000000006,-5.443158627272728,14.40212758181818,-9.087068636363636,12.101836454545456,683.0266445454546,-26.275485000000007,244.15857290909102,-95.44452427272729,-188.49609636363638,-121.78933681818185,2706.558386363637
2927,2927,educate,841.632,842.072,0.811,34.46298502325581,-13.020399538837209,39.48295976744187,19.306958095348836,9.574369930232558,728.7053053488372,10.580157512836,4.327106380474176,47.723044540924185,17.669862912262154,18.835171836303225,-268.5089353669586
2928,2928,physicians,842.452,843.073,0.868,32.545163,-12.8859807914,37.73037058,15.047965941999998,12.062184400000001,768.8252188,15.342455927971189,-1.026662918007203,37.19474986554622,-0.5123884588235302,27.74761366626651,-60.49027154861948
2929,2929,on,843.313,843.413,0.822,45.90507764705882,-7.272174235294117,25.85657366470588,-5.999664071176469,13.19402294117647,909.5931376470589,83.76074509803922,52.366200870098034,-112.27362295343136,40.43329570220589,108.34587867647058,-295.141112745098
2930,2930,the,843.453,843.533,0.833,41.489124000000004,-7.716787833333332,55.939034000000014,28.055870666666667,25.057012333333333,686.2180683333332,-132.32673428571434,-2.002762571428562,214.13969999999998,-89.01003142857145,17.48052285714287,-5510.169871428571
2931,2931,issues,843.593,843.913,0.743,34.7540692631579,-17.782264684210524,57.20083915789475,23.407161105263157,17.713270368421057,819.6295347368422,8.083412807017552,89.86374322807018,-13.15223184210527,-49.70294184210526,29.09094552631579,233.89939385964914
2932,2932,of,843.953,844.013,0.748,47.929912200000004,-9.699241059999999,33.399897599999996,22.1207272,24.558087999999998,569.500094,-121.21984500000005,76.4236735,-86.59999000000002,98.86037000000002,-0.11446500000001704,4747.001400000001
2933,2933,the,844.033,844.113,0.99,42.115831,0.6464531999999998,35.4635758,24.232338,19.1377748,499.610456,-90.71856000000002,418.9892650000001,51.686100000000025,66.69716499999998,-251.55833500000006,9990.232150000002
2934,2934,"day,",844.153,844.333,0.801,46.74905018181819,-27.570865663636365,31.74405545454545,15.676022090909093,25.004425636363635,383.26624727272724,42.76226136363637,-96.85867340909093,9.711732727272732,-4.958448636363635,0.0669695454545566,-109.76614090909104
2935,2935,I,844.353,844.373,0.0,44.260042,-9.143823000000001,44.341641499999994,23.4363485,25.044137,385.66945,-451.6709999999997,337.25089999999983,47.32485000000001,67.9892499999999,1.4787000000000101,-970.4649999999983
2936,2936,think,845.053,845.193,0.988,36.64890290243902,-18.47850528219512,27.079463109756094,19.807715273170732,15.69030024390244,579.0648748780487,28.018186550522653,8.004482377874561,-1.5309958806620214,-1.4773816193379792,45.27414391114983,13.975697299651616
2937,2937,it's,845.233,845.334,0.87,30.096605142857136,-18.277741085714286,54.712508428571425,15.197579571428571,9.212382571428572,825.1218157142857,-229.59107142857144,-19.183077500000017,152.4041517857143,-5.037069642857145,-288.2345821428571,4330.487178571429
2938,2938,critical.,845.374,845.714,0.81,46.85191742105263,-20.896013289473686,13.88071674210526,7.304696268421052,15.237266,664.8456621052632,19.399476403508782,101.64648280701756,-1.5557094035087702,-91.88017366666668,-74.4329004385965,-627.7858675438596
2939,2939,I,845.794,845.854,0.323,43.65422228571429,-13.166693357142858,11.053628628571428,4.865168414285714,10.813469285714286,540.38457,181.92383392857144,-324.06705267857154,56.27752089285713,145.72611785714284,270.44617678571433,-3479.6763392857147
2940,2940,think,845.874,845.994,0.854,46.78787971428572,-6.981020142857142,28.75310357142857,25.751115571428574,25.74167071428571,597.6656471428571,-51.292725000000004,146.04880589285716,216.70011607142857,69.03171250000001,3.8550928571428567,3354.6487500000003
2941,2941,it's,846.034,846.154,0.736,30.22206575,-20.899301575000003,51.5027865,19.8331698375,3.161269375,739.1188837500001,-132.3878345238095,-160.33677511904762,49.316580952380946,-36.44001267857142,-105.3756458333333,6906.39663690476
2942,2942,critical,846.194,846.534,0.832,45.23760184210526,-14.713733000000003,16.661454972631578,8.16940627368421,14.465719947368422,731.0904931578947,25.497392894736848,73.8400359649123,46.28155078421054,-91.01495252631581,-8.986669824561403,183.00190614035097
2943,2943,for,846.574,846.694,0.954,47.02669375,-22.800418975,4.9217179374999995,3.38141863125,16.319836000000002,822.49142875,176.21222142857138,316.761639047619,-321.2540419642857,-132.21431991071424,233.7403678571428,1072.3918869047616
2944,2944,us,846.774,846.854,0.545,39.571535875,-21.799956125,33.499986674999995,-1.1718111125,13.30625925,942.7544187499999,-268.42848511904754,-128.63107202380948,680.3091224999998,-28.19407720238095,-253.22648333333328,3871.1138988095236
2945,2945,to,846.914,846.994,0.922,35.39828657142857,-7.085059428571428,43.09431114285714,12.154214814285714,10.438931857142858,1036.0116242857143,231.95981964285713,378.0368803571429,-132.02387321428571,292.89503,260.3044196428571,-1229.872196428572
2946,2946,be,847.054,847.194,0.84,38.5201284,-4.69079829,54.742354399999996,27.452266899999994,25.806820500000004,470.652974,-27.407725454545442,-63.6304023333333,165.03892727272725,-14.157836666666666,-8.585288787878785,-2521.66023030303
2947,2947,involved,847.674,848.235,0.856,42.291376750000005,-9.584913754615386,21.98792421923077,6.326517648076924,18.161214326923076,697.8095375000001,12.997151748057714,-0.4787453828225066,-33.461820138307864,-52.65590274417313,24.323112095534867,127.27136201229402
2948,2948,and,848.735,848.875,0.405,31.376145,-13.97826884375,30.21538540625,16.0175559878125,9.5478694375,639.4553115625,38.03324435483872,1.1809509567448717,26.657742017961883,24.65349629389663,55.58609193548388,-341.82547736436965
2949,2949,continue,848.975,849.435,0.778,39.699293999999995,-3.4905936017857147,47.10088985714287,19.380777792857145,25.06596978571428,850.1638317857143,25.33124365079365,5.419786709770114,-31.85205580186097,-30.349032635467985,8.863541871921178,-219.2722907772304
2950,2950,our,849.495,849.595,0.697,52.14101612500001,-10.029097525,-0.26403944249999967,-14.406167875000001,25.431307750000002,897.16113625,-70.57223750000001,122.23899547619045,184.15060975,-63.245745833333324,-8.46183214285714,366.0120059523807
2951,2951,lifelong,849.635,850.195,0.828,46.78142850000001,-11.495810760000001,17.873292536666664,-10.853153514999999,21.914041966666666,714.1723853333333,6.71469482758621,52.403380300333716,-17.082577160177976,-18.723972510011123,13.494078631813126,564.0086642936598
2952,2952,learning,850.255,850.595,0.796,49.5342081,-4.551984069,20.497131245,6.8726348999999995,26.19863755,851.8655875000001,-19.265386015037592,39.66310739473685,66.29028716917294,108.02328331578948,0.9616425187969949,-240.9487439849625
2953,2953,process,850.695,851.236,0.799,40.85309434375,-20.896366546875,19.194702356249998,-4.8409950553125,14.049873156250001,692.416316875,-15.913101530425218,-37.10244722782259,65.91460602089442,-23.053548068456745,-15.472801548753667,-3.0246081378299863
2954,2954,and,851.776,851.916,0.735,32.39021241176471,-18.263261970588236,29.057957176470584,13.205006213529414,8.780487294117647,638.3802429411764,43.131116730328486,40.130906999236046,10.734262261268142,19.518261381665383,52.475954300993116,-498.4685647058823
2955,2955,our,851.936,852.356,0.351,42.420705681818184,-10.981251590909089,14.370245086363639,2.520291695454547,11.088190318181818,794.4962077272728,38.45992165443253,-38.50834693393563,-119.23837046019199,-127.02484677300959,50.27851900056466,870.149165725579
2956,2956,lifelong,852.396,852.876,0.875,44.51645792307693,-14.086189763076922,22.30840119230769,-5.997481454615384,16.8669285,751.6226692307692,-0.4586565128205107,58.31816492102562,5.110318276923075,35.090280778461526,-15.942042273504265,147.36925367521354
2957,2957,trying,852.936,853.176,0.67,42.65992546666667,-25.43628229333334,25.916248938,13.293533806666666,20.422729866666664,728.501312,41.02536964285715,190.86688648214283,9.100054326785715,-8.58960496428572,109.3992089285714,-184.1487625000002
2958,2958,to,853.196,853.276,0.627,44.596128199999995,0.4799074400000002,38.9263254,29.7016834,25.2904912,801.371158,-185.31348000000006,470.5628650000001,-48.65924500000004,-32.31824499999998,-19.455234999999966,-1074.2141000000006
2959,2959,build,853.296,853.516,0.728,47.23987325000001,-7.776985883333334,26.387608916666665,-0.5474705750000007,22.786916833333333,777.9030166666666,77.30339597902096,-133.6111418181818,-97.94852290209789,-126.53777718531465,97.15052797202796,168.48798251748244
2960,2960,our,853.536,853.637,0.832,50.093705,-16.500977100000004,5.857404416666667,15.910471666666666,23.06597066666667,757.9187783333333,-271.1379028571428,173.52558114285713,187.48879957142861,135.5607342857143,-197.62446571428572,-1001.6877285714288
2961,2961,communication,853.677,854.417,0.885,35.446575128205126,-12.284708200769229,44.156506025641015,18.084573436410256,16.534279974358974,718.8478492307693,-8.523786548582995,-10.630569279453438,32.070815495951415,-14.650797032388663,-14.324712064777325,353.4181922064777
2962,2962,skills.,854.457,854.817,0.938,36.3882485,-12.737202374999999,37.247761260000004,-2.5649843050000003,3.9941839000000003,791.7995794999999,84.94766796992482,129.64347941729324,-141.29165063157896,-100.41594151503762,5.804889849624062,-1162.698380075188
2963,2963,You,855.305,855.385,0.811,27.224710035714292,-24.45073140714286,26.027545464285716,8.890809585714287,3.0228602857142852,599.9289103571429,15.089371934865904,51.66940773125342,-0.15441761083743633,66.12680756978654,28.935040722495895,162.43716461412143
2964,2964,"know,",855.425,855.525,0.994,50.231537714285714,-17.968543285714283,20.157533285714287,5.950502271428571,26.926658857142858,531.1412314285715,42.094157142857135,26.498585714285692,-179.94566607142858,-299.5921339285714,-6.437092857142858,-1909.8566071428575
2965,2965,it's,855.585,855.705,0.788,40.42837844444445,-11.690318844444443,34.93126533333333,17.010313911111112,17.64911822222222,776.6885188888889,-178.16846416666672,-67.44227233333335,321.59836833333344,-100.27685433333336,-199.85471750000005,3888.8736166666667
2966,2966,not,855.745,855.885,0.776,47.227977,-18.76858361111111,16.663829843333335,7.597532777777777,9.589005222222223,513.5908388888888,38.252325000000006,-111.38264958333338,-145.74451641666673,-9.271404916666677,-143.4615866666667,-3872.622041666668
2967,2967,necessarily,855.925,856.506,0.901,42.26670664516128,-18.87041514064516,31.61593576451613,3.92114647,18.05008170967742,712.6246893548387,19.09692116935484,-4.508556024596773,-56.350839983870976,-20.058759691330643,27.833404536290324,138.43619455645168
2968,2968,what,856.546,856.706,0.72,51.9586856,-0.9304382400000005,11.878377839999999,-21.01405943,18.773500900000002,701.082559,7.937590909090921,-166.0161644242424,-96.76499842424238,-154.2423079696969,-169.7351233333333,-1735.9948272727272
2969,2969,we,856.746,856.906,0.873,41.1611694,2.3539680399999994,36.2630573,9.954560630000001,15.8383036,866.742195,-109.502003030303,-191.00699763636356,310.2888493939393,253.56627609090907,-4.085735757575759,-133.30423333333357
2970,2970,say.,856.986,857.186,0.861,38.05180142857142,-25.863111428571436,34.744513885714284,11.425694211428572,15.64530692857143,739.1759892857143,132.73307736263732,60.13897472527473,-142.16186967032968,153.4030895120879,146.67361285714284,-3891.6169681318675
2971,2971,It's,857.246,857.366,0.878,38.804463777777784,-18.77489986666667,41.651584222222226,19.271618066666665,11.726916888888887,635.293671111111,-140.48044083333338,-149.29565691666667,89.67188416666669,-191.03306433333336,-223.0506658333334,5450.360908333333
2972,2972,what,857.426,857.566,0.922,45.080466799999996,-12.063731585000001,15.779877260000001,2.124765535999999,21.2673937,720.9943710000001,93.7805593939394,124.34085010606056,-30.865003454545448,5.47346123636363,129.24183909090905,-384.3790454545455
2973,2973,they,857.606,857.806,0.867,44.445421333333336,-19.22644533333333,30.62683966666667,19.29295958333333,14.750307500000003,664.5547316666666,52.80777902097902,-20.02505734265734,199.907615034965,51.76268444055944,91.41863391608392,-1495.922587412587
2974,2974,hear.,857.866,858.106,0.84,39.50537606666667,-14.957037546666667,38.53512806666666,18.857649700000003,12.160574466666667,932.2642306666668,82.77140803571427,-17.21164398214286,-269.01697499999995,-1.4546235714285733,-49.30075875,-1584.5956089285714
2975,2975,And,858.547,858.647,0.879,33.34692388888889,-12.957335554074076,14.219669259259259,13.0767667,2.713712740740741,754.4192455555554,8.136326343101345,-7.758436643467646,48.59149062881564,-6.153093211233213,26.826799358974366,-396.5699041514042
2976,2976,we,858.687,858.767,0.898,47.704385333333335,1.8450432466666662,23.667794283333333,14.64674085,24.889101166666666,707.6699333333332,-182.29545714285715,-133.74296325714283,497.6554567142857,459.44031528571423,0.9679928571428462,790.8940000000001
2977,2977,need,858.807,858.947,0.878,38.740976222222216,8.050936955555555,44.082210333333336,25.115986555555555,25.64805122222222,648.2777888888888,-2.604881666666692,-57.77915116666667,1.4297233333333152,23.446970833333328,11.252298333333336,-1097.0277333333338
2978,2978,to,858.967,859.007,0.928,39.96263233333334,-0.02011370000000016,40.53472033333333,31.191073666666668,25.16600166666667,885.7466233333334,-22.887225000000008,706.9509749999997,-117.62962499999996,-11.232325000000017,-25.337925,-20700.867499999993
2979,2979,be,859.047,859.127,0.722,39.953145,-6.610633716666666,51.65174216666666,30.28252133333333,25.3834055,428.2674733333334,36.336651428571464,-281.89881585714284,149.21661571428575,-86.40914285714287,-7.380718571428584,-3424.1411428571423
2980,2980,able,859.187,859.327,0.884,48.2001001,-10.65449763,31.3789398,11.754150629999998,18.0716308,714.6931969999999,15.397330606060587,154.5053031212121,-53.49631575757574,-220.98436439393936,-19.11054969696969,4132.286409090908
2981,2981,to,859.367,859.427,0.749,45.926887,-6.104087455,31.6218068,-9.51505042,15.414677400000002,672.6140379999999,-183.20096000000007,-263.5152491,308.57409,106.60009950000004,-390.76196500000003,-281.40175000000045
2982,2982,say,859.487,859.667,0.837,38.03812808333334,-30.883526916666668,42.19538241666667,1.8254065249999998,13.585860583333334,589.466665,146.00449143356641,8.778819405594401,-115.72842674825174,187.4608383741259,172.9226844405594,-2677.927066433566
2983,2983,it,859.707,859.747,0.46,47.34448575,-22.204636075,27.46561575,20.54648925,3.849887,494.79523,-74.64314500000005,355.21241550000013,-132.45450500000007,73.21137500000002,230.99322000000012,7547.038700000001
2984,2984,in,859.767,859.807,0.0,48.315031,3.8027596333333338,22.599380333333333,17.428377333333334,24.144031666666667,936.5642733333333,-4.033299999999861,269.31417749999986,101.85704999999997,-257.6341749999998,173.48999999999998,1877.6155000000006
2985,2985,ways,859.827,860.107,0.924,46.02891606666667,-8.778415301733332,30.480766326666664,16.220407520000002,25.95816053333333,523.9253833333333,-47.3648475,-45.69621552321428,171.7685001964286,99.96242282142855,8.143810892857147,-1603.2207732142856
2986,2986,that,860.147,860.307,0.784,40.8353417,-11.3763747,40.836901600000004,20.4110106,15.5170695,631.759572,59.17798696969695,3.193941515151503,-122.97469030303026,37.98155818181816,-3.471613030303026,-2754.8277393939384
2987,2987,help,860.327,860.508,0.87,48.6645243,-1.9730763499999988,13.05593211,-5.7703875799999995,10.7396957,646.249429,-25.176883333333347,222.8545159090909,-52.65103651515148,-175.62387363636358,-131.27830878787879,2992.273984848484
2988,2988,people,861.008,861.328,0.847,27.843644536585366,-6.276193985365855,23.14381369756098,9.928047659024392,6.853586268292682,774.877778292683,27.06912296167248,10.992216589721258,21.23789760278746,-12.4528911043554,31.296427090592335,20.12781149825786
2989,2989,hear,861.388,861.588,0.745,43.474234307692306,-11.661910216923077,24.05744357692308,17.260651653846153,19.90491007692308,789.7780376923079,64.02184945054945,65.6698209945055,-154.36136546703298,-58.84587192307692,43.94471071428573,-31.146601648351613
2990,2990,it.,861.648,861.708,0.83,42.75672849999999,-15.233754166666666,17.66891845,17.7598245,0.0,443.438065,-170.23842714285706,120.54127285714289,249.32052071428572,-18.151918571428567,0.0,251.17110000000014
2991,2991,To,861.968,862.068,0.94,29.042733611111114,-15.055721695555555,23.772778111111112,13.245634322222221,4.309797388888889,758.097623888889,18.314917801857593,9.947946253869976,26.42970268317854,18.31087465428277,60.00735278637772,1209.4263431372553
2992,2992,"me,",862.108,862.248,0.747,40.27968866666666,-6.206630111111112,50.31305888888889,23.557473666666667,27.886804444444447,580.2416933333333,45.62862000000002,-285.7483116666667,256.22654833333337,-7.529371666666678,2.4193391666666626,-5382.19975
2993,2993,that's,862.288,862.509,0.765,42.48440623076923,-18.720851507692306,33.72851715384615,14.59886273076923,14.270247846153845,638.35721,-79.02624945054944,-18.349307692307686,20.772886813186823,-123.01569521978023,-152.72590604395606,2140.812181318681
2994,2994,so,862.629,862.769,0.926,30.221907576923076,-21.422625184615388,40.4395803076923,-8.228341527692306,12.769566846153849,924.594609230769,175.3187372252747,148.6173271978022,-185.52053956043954,-32.97276424175825,158.00158543956044,-1967.508002747253
2995,2995,much,862.829,863.009,0.845,40.19046508333333,-17.61411658333333,25.593866583333334,5.202434583333333,31.086902583333337,665.7380066666667,-104.02024353146851,-276.2643833916083,154.10856905594403,90.22858297202795,105.6436575174825,-1279.7815069930068
2996,2996,of,863.049,863.109,0.65,38.516515299999995,-14.745785574000001,30.9153008,14.266712782000003,20.641596200000002,740.124906,474.5402550000001,776.9336156500001,-455.9794600000001,-437.4630709500001,242.42259500000006,660.5247000000007
2997,2997,what,863.149,863.289,0.783,52.82513622222223,3.654695777777778,9.6783897,-12.154108285555555,16.947921222222224,789.0965788888889,6.504855833333324,-133.11298558333334,-129.44375258333338,-16.792636183333315,-195.00248000000002,-1164.074175
2998,2998,we,863.329,863.429,0.987,43.78486,6.248506400000001,22.87788971428572,5.1027002714285725,14.163708857142856,683.7287728571429,-32.57176249999997,-179.41613928571428,320.8280392857142,426.03784821428565,264.8732964285714,-3475.9498392857145
2999,2999,need,863.469,863.629,0.76,39.83324470000001,4.73403795,48.8024565,24.324986799999998,17.5901372,541.3098320000001,-30.602362121212117,-53.80928021212119,40.44753303030301,-16.808024242424242,-160.98808242424238,-1565.5767333333329
3000,3000,to,863.649,863.689,0.926,40.17525566666667,-11.066481333333334,44.20618566666667,29.444411666666667,23.90573433333333,513.7007433333333,-45.32565,40.29039999999998,-30.63172499999992,386.12129999999974,-26.237199999999994,3028.6425000000004
3001,3001,do,863.749,863.889,0.963,44.117967300000004,-2.74819836,33.948440600000005,25.4166344,19.7510915,789.843743,78.20134999999998,-39.10930193939393,-135.20675757575754,-131.42628787878783,92.71431606060604,-1827.5688151515146
3002,3002,as,864.49,864.61,0.716,36.147013611111106,-8.476955941666667,20.401594097222223,8.94342887138889,9.63691025,710.8752169444446,0.1283633204633162,-15.242990669884168,25.756062425353917,-16.472153809845558,-1.8727066473616458,-315.92181229086214
3003,3003,physicians.,864.69,865.25,0.807,34.85622103125,-18.397126396875,48.657308406249996,12.930852550000001,20.924454812500002,804.7082856249999,9.696365368401764,40.95314867576981,18.71645930168622,16.12706575146628,38.73106290322581,-293.5613154325515
3004,3004,And,865.31,865.37,0.438,45.028261833333325,-15.523664166666668,42.679775500000005,8.484600836666667,25.241550166666666,671.9953999999999,146.8017071428572,-68.26844428571428,-388.2017842857143,118.26880534285715,-0.6083385714285784,-3229.7646571428554
3005,3005,I,865.41,865.45,0.527,46.071203749999995,-25.79399575,23.711033999999998,12.5122625,24.726309,372.14853,-140.07302500000011,255.18774500000012,12.32379999999999,198.81110000000007,-9.610169999999986,-285.96519999999987
3006,3006,"think,",865.49,865.65,0.939,43.16264030000001,-4.344705566,31.306536900000005,20.717610049999998,18.308064899999998,622.88149,-10.56418090909091,117.2715111090909,-68.93174636363635,-89.16892196969692,-166.45512090909085,-107.9547818181821
3007,3007,as,865.73,865.79,0.972,43.96140771428571,-10.732735585714284,24.622143185714286,15.539485428571428,13.948855571428572,538.4245457142857,27.892137500000036,-67.3005473214286,284.93987696428565,147.52546785714284,256.81514821428567,-6179.959357142857
3008,3008,you,865.83,865.95,0.956,33.7579145,-10.152905575,56.516645874999995,26.6587815,15.84876525,828.09845625,-63.95183690476188,-80.13535809523809,38.42795654761907,-75.63134761904762,-226.68805357142853,2733.5653273809507
3009,3009,"said,",865.97,866.11,0.845,38.175354999999996,-20.963458250000002,44.033425625,10.81151465,18.7175085,843.20340625,262.1001023809523,57.94329761904759,-371.74571607142843,185.56098916666664,169.14977261904758,-2621.9433630952376
3010,3010,with,866.15,866.27,0.932,45.795286624999996,-2.6813036000000006,20.03200225,12.09547595,15.015757875,733.2523362500001,-66.82440654761902,-156.46260547619045,137.18792857142853,116.38168773809525,-217.76192559523807,-710.3813154761909
3011,3011,the,866.29,866.35,0.928,44.622665749999996,-9.513058724999999,31.54643325,17.7790665,0.0,485.91434499999997,-47.87680500000008,527.9649685000003,196.00331500000016,95.61196000000004,0.0,8954.269900000005
3012,3012,computers,866.39,866.911,0.862,44.399785068965514,-16.196511455172416,26.795939393103446,20.489122886206896,20.560816068965515,802.4956572413791,2.111376798029556,-22.746752179802947,11.774976514778327,3.0871092857142832,58.92357780788177,416.9754637931034
3013,3013,and,866.951,867.031,0.693,46.358538833333334,-2.666574666666666,25.9580575,18.081588333333332,8.233187666666666,620.8731016666667,-1.45802714285712,119.64678971428572,-19.957138571428576,93.36822285714285,-283.22815142857144,767.1655285714279
3014,3014,the,867.051,867.131,0.773,40.9225238,-8.29071918,37.236222,18.43942,0.0,780.4178519999999,-145.59071999999998,221.970877,-41.35052000000001,99.13821500000003,0.0,8549.112900000002
3015,3015,time,867.191,867.511,0.805,47.63603042105264,-29.17807424736843,12.596608000526317,-1.0219633705263158,25.684682052631583,564.0910394736842,11.364788157894736,41.73818830701754,17.72770212807017,73.55347778245616,36.5385057017544,52.205719298245576
3016,3016,that,868.011,868.271,0.918,37.27293105263158,-29.060672276315795,19.084654131578944,12.490361057894736,9.602836078947368,701.8354965789474,25.346855815734763,-8.473978146952627,-19.998345513732353,-29.509444468760254,26.601298867490975,-790.6339315570632
3017,3017,it's,868.391,868.511,0.746,32.57575666666667,-15.843722066666666,48.000610249999994,14.157097991666669,4.3041453333333335,634.48574,-122.16681888111883,-71.90963842657342,271.4551215034965,-115.91861837412587,-18.1755416083916,4587.462293706293
3018,3018,just,868.531,868.692,0.778,29.747700000000002,-21.76570866666667,53.83784911111111,2.6047322500000005,11.616721111111111,935.5112633333333,-38.82792583333334,-178.36268833333338,-79.54726083333337,-70.00895058333334,-220.16334500000005,2098.7380083333337
3019,3019,harder,868.952,869.312,0.865,42.24363029032259,-31.586003929032252,1.3705175406451613,-8.076342558064518,17.746289516129035,985.0081487096772,48.388142560483864,94.66620302217743,-14.665660064516128,91.97708651008064,44.36738393145161,170.98009294354839
3020,3020,to,869.332,869.412,0.51,48.827056,-27.866387399999997,16.3908775,17.217856,25.2093664,510.05815599999994,-68.73609000000003,-49.237359999999995,120.3604525,-41.06395999999999,-9.493835000000034,-734.5838500000004
3021,3021,have,869.452,869.652,0.792,49.65454383333334,-23.57587670833333,9.687367803333336,10.297826133333333,26.108107583333332,554.0700700000001,-21.520220979020962,171.14655222027966,-7.301513797202807,-5.092037727272734,-10.804881293706298,970.834402097902
3022,3022,that,869.712,869.912,0.783,46.539290923076926,-16.615085815384614,11.650741161538463,6.320089172307691,17.752114153846154,559.86686,10.553182692307695,10.750253653846151,-84.42044771978023,-129.47145156593407,-129.78170357142858,-458.5381620879118
3023,3023,more,870.152,870.312,0.757,45.645462650000006,6.506688835,14.969161985000003,-2.437986358,14.5055284,849.0130925,67.92589056390977,-76.26198546240603,-44.3545412744361,-31.298709977443615,86.19424781954886,-530.0644808270678
3024,3024,lengthy,870.372,870.713,0.906,40.976186850000005,-4.043361160000001,37.3251485,14.916902235,16.2995719,605.416079,-55.4983097368421,30.272170195488727,85.23093992481203,108.83891131203009,-67.02876037593985,873.3304060150375
3025,3025,conversation.,870.773,871.453,0.951,37.898771837837835,-22.091171432432436,33.85095028918919,14.419912494594593,10.630632702702703,817.3722635135135,-24.189013928402094,2.168043189900425,86.73243740161215,21.020973378378383,7.038999336178286,244.7730885490754
3026,3026,with,872.068,872.248,0.857,30.41970876410257,-4.633754465384615,19.89230114358974,13.799731354615384,6.286432615384617,760.4165307692308,2.868136925101214,-19.007994785425108,-3.091788367408908,-11.356132461740891,-3.8182890688259126,227.61425445344128
3027,3027,the,872.328,872.428,0.835,37.92359444444445,-13.655954033333334,30.920421333333334,22.404628111111112,0.0,851.5152999999999,98.82405500000002,242.70531450000013,-31.91397416666665,-92.05742166666667,0.0,-5167.940666666668
3028,3028,patient,872.468,872.888,0.806,38.22080252173913,-14.80933320869565,43.72493791304348,23.39485604347826,11.108970695652173,697.5795413043479,-22.362390415019757,56.68305499999998,19.688121887351766,9.26110503952569,-38.911449901185755,170.55969367588935
3029,3029,and,872.948,873.028,0.887,42.21763742857143,-2.3208418571428573,36.41552442857142,26.358045714285716,6.425194285714285,622.6342657142858,1.10593214285714,332.48747499999996,18.813503571428548,15.952401785714306,-40.37433928571428,2797.8523928571426
3030,3030,patients,873.068,873.429,0.856,36.430673299999995,-15.640312369999998,47.080935249999996,18.361596405,12.930474749999998,720.6836195,-27.560896616541346,26.106054984962412,76.25915063909773,-42.133141853383464,-36.69596845864661,407.44392443609047
3031,3031,feel,873.469,873.689,0.916,38.048458,-19.631148630769232,37.517989692307694,15.44358443769231,7.807079230769229,863.0387900000001,109.99097554945055,92.62504648351648,-101.23606758241756,-48.371853304945056,4.652579120879117,-1506.429554945055
3032,3032,short-changed,873.749,874.329,0.836,37.986871937500005,-24.8366186171875,35.265692240625,20.832896010625,17.477263999999998,737.78548375,20.938143951612908,35.202210448772,46.51267550861438,-1.4952987714442838,27.87486387463344,-355.7667562316717
3033,3033,and,874.389,874.469,0.625,29.19054,-20.83179817142857,59.980468571428574,19.840535571428575,20.880064285714287,1014.5634285714286,411.40264642857136,167.81715785714286,-595.5381035714285,-177.76563571428574,-430.48803928571436,-2258.631964285715
3034,3034,we,874.489,874.569,0.67,48.655301,-3.58270748,27.2489774,16.80147824,23.5199,782.300694,-152.95812500000005,-162.21347650000004,348.00644000000005,337.3969540000001,11.589759999999993,-5325.6452
3035,3035,need,874.589,874.709,0.99,40.076004714285716,-2.767348971428572,53.98019242857142,32.296297857142854,16.896754,591.8206785714285,-45.62845178571428,117.75418607142855,-13.357196428571388,78.37445,-214.84865535714286,249.2845892857146
3036,3036,to,874.729,874.789,0.734,38.649753000000004,0.49620795000000006,50.69194125,32.7956625,18.7549785,819.1220575000001,4.823199999999957,436.2166110000001,-199.026915,-54.16323000000003,-379.5229200000002,-8483.902350000004
3037,3037,continue,874.829,875.189,0.9,39.200031149999994,-5.76354634,48.4861169,23.749773949999998,10.74174875,681.990974,21.0137580075188,18.118112827067666,17.914251052631585,14.226685300751884,11.211243345864657,-1245.56587518797
3038,3038,to,875.229,875.309,0.678,52.35303983333333,-17.40088833333333,25.664197166666668,25.00216416666667,0.0,508.4104683333333,-34.66328428571425,-93.88772000000002,-177.69775571428573,-48.226901428571416,0.0,2782.6697285714285
3039,3039,fight,875.369,875.589,0.854,43.197655,-18.538040192857142,21.623138314285715,12.280076042857143,16.314987214285715,582.7496807142857,26.19418681318681,-61.92656260439558,73.00508408791207,47.821976637362624,78.76447351648349,-827.1983835164832
3040,3040,for,875.629,875.749,0.997,45.95053625,-10.73595719625,10.91364875,8.469570099999999,15.539387125,1040.07393125,207.90823809523806,86.10971842261903,-400.1574273809524,-305.16418190476185,39.706601785714284,-2801.2963392857137
3041,3041,our,875.809,875.909,0.918,54.56620825,-6.535318437499999,-11.193704125,-7.57246255,0.0,805.9085625,-124.83098333333331,162.43931755952377,111.2434319047619,161.89631547619044,0.0,1599.5075952380955
3042,3042,patients,875.949,876.33,0.823,35.82106133333333,-15.386641004761909,42.015556604761905,16.462117152380955,14.347657047619046,726.3151157142856,-34.724891493506476,22.559573798701297,124.8807642207792,-10.933107246753249,8.401833181818185,909.4991636363634
3043,3043,and,876.37,876.45,0.905,42.201887000000006,-12.6679581,39.8621035,14.741053716666665,7.415292166666667,802.152435,139.24529999999996,420.467026,-269.1619471428571,191.00422928571427,126.43933,-2810.4935285714273
3044,3044,for,876.49,876.59,0.989,41.30623157142857,-12.689143714285715,23.881371142857144,20.58696685714286,3.1572454285714286,925.2105199999999,135.5580517857143,18.33137482142854,-101.14750178571433,-21.40551785714287,118.39670357142853,2873.1221071428577
3045,3045,the,876.63,876.73,0.908,45.229933714285714,-1.1656155962857142,30.20510114285714,17.8680465,9.911978571428572,605.7945857142857,-70.91113392857146,60.831072407142834,-28.82205,-155.62143571428572,-246.76272142857147,-6707.040249999998
3046,3046,time,876.81,877.17,0.865,42.08271863636364,-27.08526355454546,11.493294586363637,2.1711263590909096,19.564487272727273,694.9205763636365,46.95319904009034,42.19685184641446,15.08792132411067,51.92204033032185,81.53993754940711,-1055.0416792772446
3047,3047,that,877.69,877.83,0.967,33.93644645454546,-8.97238977878788,29.469340939393938,22.64598412121212,6.893226181818182,809.3540763636363,2.8362626504010695,21.701748758355617,-2.4186502339572202,-11.432451737967918,-17.826826336898396,-551.9462693850268
3048,3048,they,877.87,878.05,0.816,41.36336881818182,-10.914961681818182,33.38530636363637,19.833893636363634,21.986356545454544,388.97858454545457,53.195136818181844,-75.3723181818182,118.47676000000003,-3.9474518181818166,104.46535272727274,-791.7541
3049,3049,need.,878.13,878.45,0.847,39.97749025,-0.542894015,52.30030645000001,20.966079624999995,29.603841850000002,590.3247064999999,-18.63643680451128,-8.28092380075188,15.796233345864655,-3.9952038533834653,-3.2118310150375913,970.0351312030076
3050,3050,It's,878.51,878.831,0.722,38.745255699999994,-6.93886618,46.17813385,20.259619755,11.598042150000001,695.2508224999999,-37.71595263157894,-27.955767406015045,35.446003571428584,-34.91495862781956,-51.113455676691736,1170.568728195489
3051,3051,a,878.871,878.891,0.934,40.85513266666667,0.07328266666666632,42.73266366666667,29.531171,0.0,305.85508333333337,-143.22145,561.6297999999997,-232.41644999999994,-68.91329999999996,0.0,672.2032499999993
3052,3052,changing,878.971,879.351,0.952,34.23872917391305,-15.518080419565218,53.738348217391305,20.8481722173913,17.401274478260866,625.6811221739132,46.52182156620551,110.5895771788537,-15.883345800395263,9.28555093873517,38.80502346837943,510.1366847826085
3053,3053,time,879.391,879.651,0.899,44.455403,-22.129140153333335,18.692516453333333,9.4250762,24.757147066666672,638.6874806666666,39.14366482142855,96.7633189642857,-48.30023385714284,26.125958392857143,63.078026428571405,1022.1136696428571
3054,3054,in,879.691,879.771,0.826,45.95484416666667,-4.143786150000001,32.79308116666667,29.8843105,27.442624666666664,839.4345850000001,-11.76957000000001,300.78493728571425,21.691878571428536,35.75279285714287,-3.589908571428572,2533.8429571428574
3055,3055,medicine.,879.811,880.211,0.882,41.468084045454546,-14.183839286363634,34.82102490909091,12.25901798181818,21.18616281818182,649.069349090909,-36.19379726143422,82.13847578486731,35.56489943534726,-29.19097401468098,-19.667549124788255,-286.30091869000563
3056,3056,What,880.511,880.651,0.765,37.89694322727273,4.212757473636364,14.590594109090905,-2.6657549590909095,8.504271181818181,853.3714350000001,70.21226202710334,18.413103562394134,-46.240143258046295,-147.72259195087523,3.6990001693958288,-843.9304424054209
3057,3057,we,880.711,880.811,0.986,45.803774875,12.171921350000002,17.256852,7.855259874999998,23.8123045,954.098785,8.293722023809565,26.87863738095238,18.69123571428571,155.38191880952377,95.88586785714284,691.8414642857147
3058,3058,want,880.851,881.031,0.758,50.34130472727273,-10.644174836363637,18.55818,3.586991772727272,20.360998272727272,867.6009481818182,-45.071627727272734,-174.58657527272732,33.29778318181819,167.27510386363642,-146.49779000000004,21.191700000000402
3059,3059,for,881.091,881.211,0.998,43.37679955555556,-21.067972355555558,10.802592862222221,7.262086644444442,15.099566444444443,846.7966388888889,196.1856633333334,265.4500506666667,-375.9964990333335,-262.71141675000007,222.95124250000006,-746.1058499999996
3060,3060,ourselves,881.271,881.852,0.746,42.998891531249996,-17.8661201778125,19.658043687499998,-10.275271959375,23.4045805625,744.953535,0.6109007972873857,34.92325487619136,26.659188343841652,-29.003456368218483,19.698610428885633,-306.6115102639297
3061,3061,is,881.912,881.992,0.324,42.250514571428575,-9.216327699999999,46.62085471428571,5.7739080000000005,24.714146714285707,868.0417157142857,-115.53553392857144,-36.93681553571428,109.64923214285719,-7.608125357142859,-3.333400000000005,1965.1414285714284
3062,3062,autonomy.,882.132,882.632,0.974,45.002418000000006,-21.476536804062498,18.158323203125,-4.43828593125,23.806044843749998,639.465558125,-1.1046761913489713,-14.911206356579916,57.77929774835046,47.551554096407635,32.96659044171555,200.52724926686224
3063,3063,What,882.672,882.792,0.776,49.675498625,5.926693650000001,10.5262850875,-17.026483437499998,16.24935525,848.1143662500001,22.0975994047619,-8.937055714285716,-17.162774226190468,-191.34041696428562,-236.61129047619045,-36.51749404761945
3064,3064,we,882.812,882.892,0.998,48.916516200000004,3.2147369599999998,17.181489199999998,7.2879589,26.894037000000004,783.287382,-60.36841000000003,127.79164750000001,63.214295000000014,223.12916250000006,-30.77129000000002,1328.1071500000012
3065,3065,want,882.932,883.072,0.805,52.860898666666664,-15.287042333333334,17.16697288888889,4.875450555555556,26.532599555555553,895.4232900000001,-39.977031666666676,-106.08210916666667,118.23041916666672,284.99073516666675,1.6027966666666624,2323.8390500000014
3066,3066,for,883.112,883.232,0.997,46.850931625,-11.727690225,0.9399710499999987,-2.734952441250001,18.980425625,853.3081225000001,181.64421011904759,235.31072928571425,-350.33992523809513,-248.7473228988095,169.41478154761901,93.53542857142895
3067,3067,our,883.292,883.412,0.694,50.99486311111111,-8.384074500000002,-14.045857566666665,-12.804351166666667,13.13643688888889,778.8478744444445,-121.27649083333338,137.8478496666667,137.71009916666668,97.07938000000001,-196.7711358333334,-730.0059333333336
3068,3068,parents,883.472,883.852,0.924,42.18252454545454,-25.303561316363638,17.837348804545453,9.627102954545451,20.168519909090907,673.9583577272725,-9.188811688311695,22.712588947487294,48.863284802371545,-23.486653675889325,-16.72431332580463,326.08676482213457
3069,3069,is,883.932,884.012,0.462,35.27336575,-4.432057496250001,47.094999625,2.5496756475,12.96657075,1004.9204175,52.603469047619036,115.8192891845238,-12.066651785714242,65.5043768690476,-128.1643154761905,-97.2242500000002
3070,3070,to,884.032,884.112,0.524,38.136205800000006,-1.8493592799999994,41.20298819999999,20.533824600000003,15.053748200000001,1011.359376,156.00176000000008,165.17565399999998,75.40629499999999,238.57149500000008,-387.90643000000006,-1716.9056000000019
3071,3071,be,884.133,884.233,0.992,38.36066116666667,-10.083757649999999,53.24252166666667,26.929135666666667,13.785719499999999,705.1280933333333,-61.01511571428571,-117.87817128571429,141.74436857142854,-55.03189428571427,-355.18671571428575,-4562.7624
3072,3072,my,884.773,884.893,0.854,37.799019303030306,-33.07048003030303,26.672162424242423,11.757013266666664,7.137365818181818,700.0637957575759,28.561817997994655,67.75154369485296,-10.798168900401064,5.482640509692512,44.74269378342246,-425.8697886029412
3073,3073,mom's,884.933,885.193,0.688,46.2577658,-3.4734173973333333,23.053620411733334,-7.291447946666665,26.614728333333336,785.6448586666667,-51.08038339285714,25.45518324285714,165.4654962185714,33.02392824999999,-2.118362678571425,-65.88313035714272
3074,3074,"94,",884.933,885.193,0.688,46.2577658,-3.4734173973333333,23.053620411733334,-7.291447946666665,26.614728333333336,785.6448586666667,0.0,0.0,0.0,0.0,0.0,0.0
3075,3075,you,885.493,885.793,0.711,44.9569534,-8.833166555,25.009591629666662,3.489252443333334,22.971385666666663,759.125609,10.267360378197992,-0.3531742997775294,-70.31608672424916,-48.21365256395996,-6.028187030033371,311.54876162402667
3076,3076,"know,",886.293,886.413,0.958,37.88404570967742,-18.199655532258067,20.131546911612904,9.813021629032258,10.183917032258066,722.6861477419355,19.51141822580645,51.19924940120967,27.087157288709676,-35.231634627016135,50.291325040322576,-232.98398467741941
3077,3077,one,886.513,886.653,0.444,50.06537658333334,-10.037593716666667,20.984163656916667,9.27769325,27.194765583333332,794.2209758333332,-17.249736188811188,-153.43447199300698,56.324120032342655,285.69033059440557,-8.463759615384612,2236.4411940559435
3078,3078,surrounded,887.074,887.514,0.857,36.83625780465116,-20.80927407046512,26.169011520930237,10.703417232558138,16.077370162790697,814.6884546511626,26.995786895197824,7.6433172305194805,-9.29536161129568,-6.000239675324676,39.692290221987314,-148.60236137118696
3079,3079,by,887.554,887.674,0.668,47.729288,-22.75095155,15.061472237499999,13.069696125,16.551927875,696.14094125,-34.217754761904736,10.446115952380955,104.40759410714286,177.6130077380952,-234.3183184523809,-1279.6364345238092
3080,3080,pillows,887.734,888.114,0.873,44.37098918181818,-16.52378891090909,18.270847166363634,-12.908564268181818,25.411784136363632,654.6832877272727,26.459318464144538,36.62735559909655,13.77039809542632,-87.7338006070017,51.34446259175607,227.91232326369283
3081,3081,and,888.174,888.254,0.838,37.62743042857142,2.1149611000000004,41.38532871428571,15.076302857142855,22.42703042857143,792.01644,-28.338923214285693,124.56553017857142,-216.73300178571426,39.03904464285716,-147.95183749999998,5105.823214285713
3082,3082,protected.,888.294,888.814,0.871,40.19480725,-27.58543925,27.074621474999994,16.28939166071429,19.151304392857146,764.3355960714287,-19.037342296113845,-16.039367999452654,58.346144993158184,21.72465218253968,31.80381585933224,-415.11144950738907
3083,3083,And,889.394,889.575,0.647,38.07193705263158,-20.53028137026316,26.962929368421054,18.282340230526312,12.240896342105264,587.43942,32.990045650508804,27.04872778318197,-11.212105930626988,-7.253185872852611,52.83112773279352,-198.36548856548853
3084,3084,as,889.875,889.995,0.808,42.84367161904762,-16.24139341428571,36.635931190476185,18.5797254952381,16.23427804761905,623.6708638095239,1.6434868181818196,-13.859630616883106,38.7049751948052,-46.342169006493506,72.25950064935066,-1056.2829811688312
3085,3085,the,890.635,890.755,0.928,35.165238105263164,-3.574358621052632,27.927638894736848,17.957734213157895,11.717634368421052,719.4979842105262,-9.884015132946713,10.13169927891454,-6.193708644271804,18.300386917058763,-21.22905173432542,-84.90527125506074
3086,3086,country,890.835,891.195,0.866,38.369788863636366,-26.07353750636364,28.577627118181816,29.198753454545457,12.035806045454546,765.7252163636363,-7.405750564652741,10.300533453980806,110.94946326369283,55.963705533596844,16.42479088085828,-175.99438509316772
3087,3087,continues,891.275,891.875,0.786,39.241479000000005,-8.236448676470587,48.89710385294118,25.07970542647059,19.457061352941174,708.571824117647,-4.17540617265088,4.3585665836516405,53.828156615737186,-22.629548567608854,10.387052925897628,-268.9039338426278
3088,3088,to,891.935,892.015,0.928,38.12740357142858,-20.244225785714285,38.15097585714285,10.17052607142857,0.0,676.9489342857144,247.87602500000003,-183.88505178571427,-344.85309464285706,222.49091732142858,0.0,-8049.7041071428575
3089,3089,"age,",892.236,892.476,0.9,38.63249847826087,-13.114868469565215,47.039942478260876,22.313044413043475,22.566807347826085,527.8919739130434,-23.375257411067185,79.91978499999996,95.57984827075096,41.13983562252963,-0.6076273221343881,1398.4526047430825
3090,3090,we,893.036,893.136,0.834,27.939450545454545,-18.106366033333334,31.30702724242424,25.55446700606061,9.41472706060606,712.0234675757576,47.37574334893048,66.86213719585562,-51.57718539438502,-29.423947652072194,-11.956551671122996,-537.0900716911766
3091,3091,have,893.156,893.296,0.788,49.403885375,-19.841423300000002,25.869875125,26.025400750000003,25.464735249999997,683.57311125,15.07883511904757,112.2711861904762,1.49254940476191,27.780653571428555,-9.885629761904768,5095.539196428571
3092,3092,additional,893.336,893.716,0.897,39.02665404761905,-13.489270639761907,37.96600342857143,21.15534347142857,15.214459809523811,777.4256328571429,10.506476493506494,35.86131173474026,-52.56920201298701,-114.91942848051947,45.60232824675325,1315.8027155844154
3093,3093,new,893.776,893.916,0.914,41.7344426,4.2318161750000005,38.574390199999996,33.37252075,20.1756763,584.14727,-50.26640303030301,-141.28359331212116,82.45240121212117,190.52757560606057,-169.38458757575754,-752.4100606060603
3094,3094,challenges,893.956,894.496,0.838,41.27504782758621,-19.15554093448276,33.34191728793103,15.555544133793104,22.44108927586207,673.1694055172413,8.231217561576358,67.3592397413793,43.436833166256164,3.535569248275859,29.178705714285705,39.928187192118294
3095,3095,as,894.596,894.696,0.674,39.676923,-22.01599415,55.075422500000016,15.072042829999996,12.5758241,675.268367,-196.52360545454542,-84.98365590909088,173.4772033333333,-96.53303087878784,-192.17978818181814,4605.278663636363
3096,3096,physicians,894.776,895.257,0.916,35.19533757142857,-16.927927275,50.20103164285713,17.691506764285716,16.24782875,806.9398475,13.421755008210178,22.510553570060203,20.18785722495895,-1.756167181171319,20.001011152162015,161.55723440065677
3097,3097,taking,895.317,895.617,0.917,37.13016872222222,-5.437939084444445,41.96159800000001,18.59544061277778,10.705350722222223,635.669481111111,28.302054334365334,65.61217372136225,14.301151909184732,58.318281586687306,-13.854089525283799,-1070.2166718266253
3098,3098,care,895.657,895.857,0.84,43.224233166666664,-25.590065024999998,23.75043773333333,16.183088766666664,24.152431333333336,635.1567825,139.0506489510489,-9.472067954545457,-302.35497118881113,17.485836643356645,96.58628216783218,1036.8811066433566
3099,3099,of,895.897,895.937,0.974,46.1856005,-17.046704849999998,19.1477605,19.2109355,27.824699499999998,728.4280449999999,-8.569970000000001,347.27625900000015,340.45804000000004,247.2615300000001,-8.049450000000022,-6890.151600000003
3100,3100,them.,895.977,896.117,0.948,48.736604666666665,-28.323156277777777,20.655877911111112,16.565570388888887,27.77923611111111,487.1230277777778,3.3148991666666676,60.079792500000025,-156.4338290833334,-82.8783475,-7.06364249999999,1645.120183333334
3101,3101,You,896.769,896.849,0.246,28.63777788888889,-12.872666665555556,29.02754227777778,21.379405005555558,6.530662805555556,876.869638611111,-23.212019330759325,-0.27542259150579124,9.745626988416994,-7.463993401544401,-14.055598024453023,-408.53108423423413
3102,3102,"know,",896.869,896.949,0.065,49.6737754,-31.978061200000003,29.4848566,23.0852262,24.5763214,603.2554539999999,163.49949,-125.51723000000008,-235.13716499999998,-189.073955,-16.180670000000042,-3179.0064999999995
3103,3103,it's,896.969,897.049,0.305,35.4284172,-22.7770442,53.082266600000004,14.525471200000002,0.0,1094.390006,-375.78253500000005,-103.42463499999995,469.870895,-194.96853500000003,0.0,1026.2893500000018
3104,3104,interesting,897.089,897.389,0.911,31.224244823529414,-19.350125564705884,54.145830352941175,22.275378588235295,20.143861529411762,863.6799688235294,-23.339855147058817,1.789737279411764,4.492729534313721,-14.047306323529408,23.52595551470589,-767.5354656862746
3105,3105,the,897.409,897.469,0.813,40.69636275,-1.2062581,43.13045475,32.80523025,25.0782775,843.65818,-109.5422150000001,-275.77862200000015,388.9629950000002,109.13134499999997,3.115409999999966,1795.6496000000004
3106,3106,year,897.489,897.61,0.77,44.14552214285714,-13.135713542857141,34.16701571428572,24.383623142857143,25.452441714285715,784.7384257142857,156.9634642857143,43.354684999999975,-425.1558803571428,-150.2352392857143,-4.81709999999999,4831.277678571428
3107,3107,my,897.65,897.75,0.88,50.61175971428571,-15.436760085714285,11.79785276,13.910608085714285,24.84355157142857,824.1759928571428,55.688807142857144,-198.38761749999998,66.84895835714285,112.10532392857142,-8.492971428571426,-1115.7949107142856
3108,3108,mom,897.79,898.01,0.802,48.53053546153846,-11.45682739230769,11.33126256923077,-2.661735023076923,25.61059276923077,711.2368084615385,-30.133496978021988,56.28219175824176,6.7877460989011045,-57.379721923076914,10.157841483516492,-81.3477719780221
3109,3109,was,898.03,898.15,0.753,44.618801000000005,-8.3731054,42.616288000000004,14.039645914285714,24.90452757142857,816.1365657142857,-152.00398928571428,-94.50040392857143,340.647757142857,176.47892535714283,-22.433725000000003,3194.617464285714
3110,3110,"born,",898.19,898.49,0.716,47.794993764705886,-3.7549662252941176,11.915777747058822,3.686808741176471,22.47930176470588,816.2727147058824,52.727197058823535,-74.7137504105392,-189.32538438725487,-35.22398768382353,40.226733333333335,1302.6711151960783
3111,3111,the,898.51,898.57,0.0,44.509068,2.8015426139999997,26.528959399999998,23.3740124,24.815379,806.112372,5.2061499999999965,83.48073070000002,253.28662000000003,90.43743500000001,-6.999274999999995,-7617.93
3112,3112,life,898.85,899.031,0.741,42.85022391304347,-15.211607608695651,26.21252980434783,9.634357760869566,19.290326652173913,720.7726852173913,-0.5941070158102709,-81.339700479249,0.10507932312252775,-15.416025741106704,-32.61200321146244,-1304.1293053359682
3113,3113,expectancy,899.091,899.791,0.866,34.661463447368426,-19.721443161052633,46.37858939473684,18.731720991578953,12.180001499999998,719.7470121052631,3.6204920396104594,17.008460874603347,28.42620647226173,3.102876113579165,22.828155099026148,-274.45155345223765
3114,3114,in,900.131,900.191,0.888,35.78867265,2.068321063,41.77102545,26.448692575000003,13.45486095,680.25262,8.362351015037598,-11.032494112030077,-50.09408063909774,-18.396536146616548,-7.006783646616543,-229.9345947368421
3115,3115,the,900.211,900.291,0.829,39.200964799999994,-10.5715849,58.103562,26.419256400000002,24.3035154,309.302952,-145.697235,-301.28624250000007,162.45360499999995,-133.61851500000003,-3.768060000000003,-221.76765
3116,3116,United,900.331,900.692,0.804,43.93698015,-20.798152968,38.9732934,20.742041720000003,20.96401085,596.0620060000001,-32.742828233082705,39.48887888270677,25.644985563909774,22.461556721804513,-43.98403139097745,-150.02976165413534
3117,3117,States,900.732,900.992,0.772,32.73276453333333,-22.6082539,50.047721866666656,15.660322796666666,8.440804333333334,673.068232,6.320043035714285,14.264810982142855,42.62946071428571,97.54131253571427,-0.3424000000000019,-512.6837000000002
3118,3118,for,901.032,901.152,0.972,39.81593875,-15.178255100000001,24.6260881,12.456644800000001,12.651663125,943.74862375,223.5319380952381,447.146570595238,-406.959902142857,-248.70714904761897,235.8560422619047,-1939.3014107142856
3119,3119,women,901.212,901.432,0.93,50.777159857142856,-0.1658912571428572,15.065418071428573,13.676636499999999,20.208930285714285,768.9480764285714,-25.071653626373624,-47.58415123076923,44.64931967032967,139.82791307692307,60.772189010988996,-937.7656208791211
3120,3120,was,901.472,901.592,0.939,43.201051125,-9.30756305,41.887282625,4.88618007,14.4099625,904.6047062499999,-276.8192470238095,-362.0773658333333,475.35231130952354,-69.3245536904762,-207.27154523809523,1886.2651369047621
3121,3121,56.,901.472,901.592,0.939,43.201051125,-9.30756305,41.887282625,4.88618007,14.4099625,904.6047062499999,0.0,0.0,0.0,0.0,0.0,0.0
3122,3122,And,903.093,903.213,0.667,25.030810779012345,-14.908324051851853,33.62386864197531,15.510318780987653,4.671753740740741,755.9620707407407,-7.191163017050588,15.619204497402896,-22.688066689250228,-3.5562846897018976,3.932315618789521,-138.80775152439028
3123,3123,now,903.253,903.393,0.773,52.52766611111111,-21.81858812222222,20.285999692222223,4.522941188888889,20.837646111111113,589.50203,40.540104166666666,-169.3254814166667,-263.8015752333334,-267.00640000000004,81.95127250000002,-1941.6676250000012
3124,3124,it's,903.453,903.574,0.748,41.417833888888886,-20.077089555555556,29.184068333333332,5.426198855555556,13.634024444444444,894.3236,-179.75524583333336,-52.30581000000003,384.2709990000001,92.86608199999999,-205.0007991666667,2906.875500000001
3125,3125,81.,903.453,903.574,0.748,41.417833888888886,-20.077089555555556,29.184068333333332,5.426198855555556,13.634024444444444,894.3236,0.0,0.0,0.0,0.0,0.0,0.0
3126,3126,So,904.134,904.354,0.816,43.17801248717949,-8.885795123076925,33.180102184615386,5.7992173469230766,11.643060025641027,749.6632725641026,3.7648541295546534,-22.309873619433198,-34.67622804554656,-44.275981081174095,-1.0805412044534422,635.2213891700405
3127,3127,through,904.434,904.674,0.773,43.430980625000004,-18.373588383749997,21.54946009375,7.409719156624999,12.8840820625,796.1780525,45.8863857352941,105.03383584852938,-68.00151555147056,-92.38142644044116,123.47827860294116,147.14482352941158
3128,3128,all,904.734,904.854,0.833,49.94254377777778,-12.372088233333335,13.926595666666666,-32.75025044444445,28.615109555555552,619.8593355555555,-19.697798333333335,77.9681586666667,32.44213333333334,63.664055833333336,-3.2044599999999996,-1439.676083333334
3129,3129,the,904.894,904.995,0.608,40.328006142857134,-12.061634528571428,43.62693242857143,23.66400271428571,27.723902428571428,584.5496942857143,-64.32700178571429,-57.98667928571428,220.5521607142857,101.04798035714288,-21.206992857142843,-3319.881446428572
3130,3130,advances,905.035,905.455,0.893,39.38436808695653,-16.622251378260874,42.1572722173913,11.970642602608695,19.630610086956523,677.0190652173912,-27.94890276679841,9.508184515810273,62.132411758893255,-71.66452434733198,15.807564130434779,44.264690217391134
3131,3131,in,905.495,905.555,0.148,44.4172658,-3.0782545600000004,33.476752999999995,20.8914832,24.295906199999997,891.2687579999999,-56.671414999999996,63.8207325,-29.975409999999997,249.5038500000001,7.655705000000008,593.4645
3132,3132,medicine,905.595,905.935,0.899,39.14546015789474,-24.963845249999995,36.93438473684211,10.47898885631579,17.554662368421052,841.6220094736842,-34.08249368421053,76.56427307017545,32.81599605263158,-7.275476710526311,-22.476845789473685,89.01220701754387
3133,3133,and,905.955,906.015,0.718,46.558287,-8.594616925,31.598425000000002,27.07808525,24.042261250000003,983.92855,-142.09613000000002,341.4963255000002,6.265369999999976,144.07857500000003,11.37415499999998,6011.777000000004
3134,3134,the,906.035,906.115,0.818,43.9098364,0.24442494000000076,37.180151,30.389878,18.254863800000003,558.9370980000001,-95.64062000000001,353.27355500000004,91.87652000000001,-49.517360000000004,-250.91315000000006,-464.9398500000002
3135,3135,good,906.135,906.295,0.875,47.45421777777778,-2.228370955555556,27.281904777777775,19.393048622222224,22.022461,925.3361022222222,13.612739999999995,127.08260650000004,-40.23574833333334,-79.1904721666667,74.10127583333333,-321.4044666666668
3136,3136,"work,",906.335,906.576,0.814,50.92391828571429,-4.987241878571429,1.4799172357142856,-1.196187242857143,15.753378071428573,835.1124564285716,-49.152126153846154,-95.13962278021977,-24.68908825274725,90.6843891208791,-122.4016420879121,1066.7204098901097
3137,3137,we've,906.976,907.156,0.893,35.707262517241375,-17.113474441379307,18.70466514137931,19.60923149310345,8.597794,738.3881537931035,37.74396650246305,53.87379667733988,38.08741885221675,-7.223209729064037,58.20663721674876,-166.7428684729063
3138,3138,added,907.196,907.416,0.809,45.535108538461536,-19.407925676923078,29.363581307692307,15.6536991,20.248263769230768,481.71025153846153,-56.53478434065936,84.01441549450549,188.18136126373625,170.51737255494504,-79.04021346153844,140.08522252747258
3139,3139,25,907.196,907.416,0.809,45.535108538461536,-19.407925676923078,29.363581307692307,15.6536991,20.248263769230768,481.71025153846153,0.0,0.0,0.0,0.0,0.0,0.0
3140,3140,years,907.776,908.297,0.646,40.618824909090904,-22.084379511363636,30.741232531818184,20.719013385,15.578908340909093,825.5589086363635,8.297787660324174,0.280977244186051,36.484667146582105,24.520274256166317,16.40885297744891,294.19285017618034
3141,3141,to,908.357,908.477,0.66,43.12683944444445,-16.17102451111111,28.384610077777776,-4.443957955555555,12.716380666666666,912.2062711111113,232.2042925000001,208.89971133333336,-294.71376383333336,-224.2371309166667,186.46957750000004,-1400.161233333333
3142,3142,life,908.517,908.737,0.845,46.266677538461536,-22.855766930769235,17.616619284615386,5.774305292307693,12.45299076923077,554.2806030769232,-117.72248131868132,-94.94391752747251,161.29537717032966,270.35979269230774,-130.76761813186812,656.18435989011
3143,3143,expectancy,908.797,909.518,0.873,36.06375592307692,-18.931404606666664,42.815950282051276,22.8272193025641,6.868704512820513,669.2820728205129,-3.57869105263158,28.474481041295547,26.023289038461538,6.82883239979757,18.646020921052635,-518.7194118421052
3144,3144,in,909.898,909.958,0.994,26.303738113636367,1.6244277454545455,28.89420736363636,15.582582836363633,4.258026045454545,740.1429354545455,23.02834165725579,-12.381096261998875,8.28124765669114,11.41941978543196,42.08324740259741,161.5891101072839
3145,3145,just,909.978,910.158,0.914,33.5620299,-16.32796105,55.5493385,14.8319394,7.056679099999999,853.095998,-41.22260333333333,-38.6337771212121,38.69585424242427,-80.65446187878786,8.888653636363625,2107.5240545454544
3146,3146,my,910.178,910.298,0.855,52.355350428571434,-19.6168198,22.85142428571428,8.415577442857144,22.569879428571426,820.9210442857142,-52.39120178571426,125.76746928571424,-98.6435535714286,184.95058625000001,-9.876900000000015,-140.44724999999983
3147,3147,mom's,910.338,910.598,0.851,47.42448273333333,-13.787192795,20.757893956399997,-6.816867720000001,17.468096000000003,734.5907239999999,-76.71019303571427,79.78754979910714,111.7577501978571,12.275934035714286,-60.88059874999999,1279.5927
3148,3148,lifetime.,910.638,911.119,0.866,43.897389423076916,-23.286800526923077,19.649010746153845,4.725081788461538,8.152031846153845,671.0892884615384,5.826192735042728,-0.9867417863247943,9.625980666666663,50.840646644444426,-23.8962496068376,37.222251282051225
3149,3149,And,911.559,911.699,0.707,41.37666565517242,-11.490787524137929,28.17751951724138,18.973141620689653,11.75840844827586,582.2295634482759,45.867921428571414,-18.448146697044326,7.119665591133007,-6.5129181773399,61.91624041871919,-619.7072625615763
3150,3150,when,912.039,912.159,0.933,32.76516991304348,-1.6365616273913042,24.52789553304348,13.306796156521738,13.372396217391302,735.1731786956523,36.670140464426865,-23.91410183448615,-87.0448596156126,-26.838835286561253,31.077555138339903,-619.1012826086954
3151,3151,they,912.199,912.299,0.958,50.04055385714286,-20.626242128571427,28.81376457142857,34.739054571428575,24.031289999999995,472.13025999999996,-3.1369660714285614,-260.7856766071428,105.87726250000001,14.95155714285712,6.211199999999994,-1063.8181964285714
3152,3152,then,912.339,912.5,0.917,43.193514199999996,-20.5250801,31.7706744,27.6301056,24.546061700000003,628.8148160000001,-11.682926060606071,224.6528742424242,43.82526424242424,28.815361212121203,1.4289184848484873,2169.356048484848
3153,3153,put,912.56,912.72,0.944,41.56610409090909,-7.51945966090909,26.049936327272725,27.863731909090905,13.556022363636362,968.4535909090911,26.751977272727274,-66.06116377727274,27.45304472727274,-33.04821863636365,-135.98175272727275,-373.80350000000004
3154,3154,social,912.78,913.08,0.924,30.456873833333336,-26.701437294444442,44.764525555555565,1.829488488888889,5.282206166666667,875.628553888889,1.6521599071207371,21.16122691950465,4.663276470588245,-2.7814191228070193,-29.83951986584108,-679.6428704850362
3155,3155,security,913.12,913.58,0.933,35.5567249,-24.556280384,36.22555932,23.266284116,17.856333279999998,768.7852796000001,55.02471711538462,17.773655792307693,-43.457809603846144,47.82556113846154,84.53136238461539,-345.19968423076915
3156,3156,into,913.62,913.78,0.874,44.5717688,-11.62629031,32.666128900000004,22.531044200000004,25.193623,844.793017,-31.243294545454535,82.80193742424238,-101.73064454545451,-31.968975757575734,-79.6171127272727,-1341.1640272727273
3157,3157,"place,",913.82,914.141,0.723,38.65454077777778,-27.127153777777778,37.167871416666664,9.289174091666666,15.45957588888889,721.7730444444444,-38.64737647058824,-6.412847987616097,164.78144950980393,34.42569284571724,-29.74723436532509,585.7786088751294
3158,3158,the,914.301,914.361,0.606,27.246403272727274,-8.68812464818182,34.48038054545454,6.896577663636363,1.9410305454545453,1007.5185218181819,117.61104454545456,155.01731340000003,-223.2194663636364,-107.72803704545457,48.525763636363656,-809.3067909090914
3159,3159,life,914.401,914.601,0.8,46.09853341666667,-26.687720616666667,24.127937991666666,8.736809975,18.230913583333333,788.0233974999998,-55.35247954545453,-85.88818660839158,154.52659945804191,302.352143513986,-52.74851451048951,2334.713071678321
3160,3160,expectancy,914.641,915.221,0.916,34.48524535483871,-18.50343648064516,40.61166441935484,24.25221970967742,11.354781967741935,775.6785458064514,5.8852937096774225,17.676080163306448,26.272543084677423,-7.589041330645164,26.476296552419353,-295.07902177419356
3161,3161,was,915.261,915.381,0.744,43.409028625000005,-0.73728607,37.937789375,11.852694925000002,24.698468625,888.6003599999999,-143.7368339285714,-34.32949090476189,293.56069821428565,53.10883107142856,7.69494940476191,2540.666821428571
3162,3162,below,915.421,916.382,0.861,42.21549392,-20.188202468800004,30.255237288000004,6.299669185519999,14.68802572,785.756088,4.509577781512604,-22.970952348139264,-22.549305880912364,21.435644514045617,11.725341200480191,-215.37955779111644
3163,3163,65.,915.421,916.382,0.861,42.21549392,-20.188202468800004,30.255237288000004,6.299669185519999,14.68802572,785.756088,0.0,0.0,0.0,0.0,0.0,0.0
3164,3164,And,916.422,916.482,0.997,44.485005,-4.807068880000001,31.2309168,29.886891400000003,23.188625199999997,757.27998,13.073410000000047,282.92423400000007,104.57295500000004,-111.17725000000002,-8.699620000000028,4650.713
3165,3165,you,916.502,916.562,0.922,49.33816075,-13.58656565,38.026513249999994,36.19774575,22.4403465,1072.4078749999999,119.66051500000003,-328.95362100000006,-386.3193950000002,154.99534500000007,-5.310130000000018,-217.7115000000001
3166,3166,read,916.622,916.742,0.791,44.69714488888889,-7.824677366666666,36.38106944444444,34.059949333333336,26.154427,844.7544133333332,-95.20317833333335,78.36488575000001,270.4676125,41.11645333333335,-1.0934966666666623,-4529.006866666668
3167,3167,the,916.782,916.862,0.835,40.239829333333326,-15.572648923333333,51.3370555,32.029477166666666,25.619808666666668,964.9622566666667,117.16740857142858,-271.0003775714286,-137.50640428571432,-231.09481,4.127294285714302,-209.2884857142842
3168,3168,old,916.902,917.023,0.667,45.201797875000004,-6.700867237499999,23.416377162499998,-8.368081875000001,15.889398250000001,827.19001375,-147.4634982142857,15.534905535714266,380.4434067261904,-18.919388690476172,-228.07524642857135,757.2748988095241
3169,3169,stories,917.083,917.363,0.833,40.949049882352945,-15.958360270588233,25.59021034117647,4.311738882352942,19.427490470588236,884.0195864705883,114.33635931372548,60.26993930147058,-107.73183018382352,75.03299910539215,78.98171580882352,-269.92721323529406
3170,3170,when,917.403,917.503,0.951,51.00700342857142,-5.891286257142857,15.53708937142857,6.598523532857143,24.195133714285713,783.0299528571429,-45.515539285714276,-16.212236249999986,-136.63031071428568,121.27342399999998,-1.7651839285714312,-156.46894642857202
3171,3171,they,917.523,917.623,0.874,42.99934000000001,-8.177994933333334,25.16845616666667,30.5051015,19.60693716666667,559.82654,-75.25292000000002,87.9957542857143,136.22562142857143,120.46868428571428,-169.89556142857145,2701.0373714285724
3172,3172,put,917.663,917.803,0.893,43.78963044444444,-9.115035554444445,20.588691,20.961423722222225,5.224142333333333,479.11058777777777,26.914570833333325,189.2558289333334,38.91687416666668,60.03459583333336,-20.058023333333345,-451.8428833333333
3173,3173,Medicare,917.863,918.544,0.86,39.694999567567564,-16.11300121513514,28.40852013783784,17.81272671081081,15.00034675675676,688.7056575675675,13.86411056187767,-39.54908675320057,-38.21580115220485,-14.3359535763395,29.58629592223803,263.11158558558566
3174,3174,into,918.584,918.784,0.688,42.88543575,-7.481660152500001,33.395623666666665,20.46751683333333,9.79348875,861.2275775000002,-47.195912412587404,110.87155153671324,-0.23004405594405697,-41.44640979020978,-145.92923024475522,-1623.5324038461538
3175,3175,place.,918.824,919.084,0.891,42.84561433333333,-22.900955820000004,31.380241859999995,1.3885594466666669,8.991726733333333,598.8529966666666,-24.378613571428566,-36.61839264285714,141.69183816071427,63.624592375,-60.15162392857143,-860.3847142857142
3176,3176,It,919.795,919.855,0.981,25.25992353846154,-25.121880690769228,28.77948715384616,16.156571751282055,3.1052629487179493,864.315895128205,17.104850202429155,32.51023501700405,-25.47536326923077,18.86877345647774,21.480546720647773,-273.28206315789475
3177,3177,was,919.895,919.995,0.945,39.15378857142857,-13.797385871428572,34.096220714285714,1.4314073142857142,13.550393142857144,1013.18104,-226.63204821428567,-315.0501605357142,509.96931428571423,141.61590375000003,-341.6855642857143,615.197071428572
3178,3178,for,920.035,920.156,0.867,36.102016625000005,-32.4976446625,36.550540875,15.5712284125,17.235794,821.1949725000001,211.98453273809517,456.0860820833332,-127.40742797619046,4.049335654761898,237.79260833333333,-358.8728452380951
3179,3179,the,920.176,920.236,0.997,52.24903975,-0.8910462500000005,19.828154500000004,-2.548578725,25.421330750000003,631.9221675,-39.937625000000004,559.5939350000002,-171.99718000000001,-289.9243015000002,-22.08339499999996,7816.015050000002
3180,3180,widows,920.276,920.576,0.866,48.907988176470596,-14.43258289411765,24.308707311764707,4.486259382352942,21.61341411764706,759.9147652941177,-35.37148921568627,-50.824990563725486,56.68569839460783,-30.035233860294117,-71.91060710784313,419.06014950980403
3181,3181,because,920.596,920.776,0.655,33.8722033,-17.21577849,46.6590719,11.120194300000001,9.7393343,926.65723,107.08856696969694,172.18354596969695,131.23487727272723,-12.227440909090916,56.240333030303034,30.23668484848474
3182,3182,they,920.796,920.917,0.817,41.49118714285714,-16.55041125714286,40.31279385714286,23.822190857142854,14.019914,698.9626057142858,26.110728571428584,-112.69045642857142,-1.5559678571428488,144.51403928571426,-268.23147857142857,3166.457249999999
3183,3183,figured,920.957,921.157,0.946,46.04451941666667,-18.9668665,29.42775789166667,32.55238541666667,20.654031166666666,937.2118308333334,45.752879195804184,38.858892482517476,-160.12374550699295,16.84447255244755,83.41126293706294,268.66156118881105
3184,3184,all,921.177,921.297,0.667,53.88686142857143,-9.356477428571427,11.353109428571429,-17.62915408142857,25.497076571428572,605.9660085714286,-87.4045607142857,153.7001571428571,86.37060464285715,-37.12115230357144,-9.519074999999999,605.551714285714
3185,3185,the,921.317,921.377,0.999,46.1099695,-0.5540524749999998,26.06229225,16.78837025,17.159505250000002,471.8600349999999,-16.13823999999998,310.0165155000001,204.03001500000005,134.05183500000012,-373.77547500000014,8699.9397
3186,3186,guys,921.417,921.618,0.677,46.301538250000014,-25.421260041666667,24.17773825,12.535290391666663,19.05094216666667,508.75268916666664,4.450455769230776,-29.70492386363635,70.6798477272727,-54.04164970279719,42.91903076923076,-1251.1649982517479
3187,3187,were,921.638,921.738,0.873,43.709542666666664,-7.931426666666667,36.27946716666667,24.46849,19.99666266666667,1040.8511683333334,177.77634857142863,201.48348657142859,-410.00801000000007,-46.651511428571396,-115.90246285714287,468.24361428571405
3188,3188,going,921.758,921.858,0.948,46.226882999999994,-8.205877666666666,26.2784855,17.799427499999997,23.063967666666667,406.9731433333333,-72.49548285714287,102.55790571428572,12.358835714285718,93.93788714285715,-11.393305714285734,-4299.2868285714285
3189,3189,to,921.878,921.918,0.995,42.321556,5.604306333333334,30.535178000000002,25.278745666666666,0.0,1078.1833666666669,-156.37225,455.86179999999985,-62.122524999999996,-3.4730749999999575,0.0,14329.632499999992
3190,3190,be,921.938,922.018,0.612,38.656237399999995,4.471795439999999,45.0292052,31.27641,8.3690504,516.6035300000001,37.26240000000001,278.5645930000001,73.42543500000001,-169.26769,103.80525000000004,-4208.931000000001
3191,3191,dead,922.058,922.239,0.862,42.716297272727275,-10.759352999999999,38.78887981818182,19.87475390909091,20.090106909090906,616.0909718181819,21.69006499999999,76.58590454545458,-19.033362727272724,45.446147727272745,2.4588463636363374,366.7595454545456
3192,3192,by,922.259,922.379,0.63,45.554954,-14.746127571428572,24.40181347142857,7.263267971428571,0.0,584.6970671428571,-13.783598214285725,-136.88805535714283,208.3329155357142,19.657509821428587,0.0,-1057.6170357142862
3193,3193,65,922.259,922.379,0.63,45.554954,-14.746127571428572,24.40181347142857,7.263267971428571,0.0,584.6970671428571,0.0,0.0,0.0,0.0,0.0,0.0
3194,3194,and,923.0,923.14,0.167,37.90584602631579,-26.406689452631582,34.570911289473685,7.900569271052632,7.54081952631579,635.730572368421,35.47528337345443,5.760451988182516,-68.38243874056242,-6.4862426365029,28.202933132727868,-656.9281494145968
3195,3195,it,923.54,923.58,0.99,35.856503454545454,-15.256147299999999,24.192393090909093,14.54581140909091,6.651892318181819,677.1601877272727,68.84648639186899,-5.422269841897235,17.690111236589495,-6.065659316770185,57.772909401468105,-465.11764116318477
3196,3196,was,923.6,923.681,0.968,37.5067531,-17.335657599999998,55.753543,23.685064,4.633661200000001,971.638686,-508.872265,-171.861275,930.963385,148.38168000000005,-115.84153000000003,7378.23905
3197,3197,just,923.721,923.821,0.874,30.023482142857144,-25.226712999999997,61.26042128571428,11.824140257142858,10.839174285714288,925.989142857143,-103.13658928571427,-114.75090178571429,-7.132469642857156,-153.86141678571428,-272.40259999999995,2516.8408928571425
3198,3198,for,923.861,923.941,0.988,36.11878433333333,-25.62617866666667,39.71526283333334,17.0718165,0.0,931.4687166666668,285.00737142857145,343.6652428571428,-265.39939000000004,3.7682985714285615,0.0,-5100.386428571428
3199,3199,the,923.981,924.061,0.833,51.762946,-8.350636849999999,18.403581,-20.448807416666668,22.656428666666667,588.556185,120.39456857142856,36.96073214285715,91.40880285714287,-295.49219928571426,-3.720697142857127,2766.0387857142864
3200,3200,last,924.081,924.301,0.646,40.79645425,-32.83609775,31.249805833333337,-0.8738559333333334,16.077560083333335,612.3660191666667,-100.40841206293705,6.732306118881113,225.77789790209783,-14.424342412587391,-134.549461013986,1242.2711066433565
3201,3201,three,924.402,924.642,0.807,38.63469752941177,-10.521117023529413,34.913358576470586,12.212496498235296,17.09893458823529,753.4647223529413,66.61257647058824,116.26086534313724,69.10171386029411,68.40976235784314,108.20698688725491,-746.7804571078431
3202,3202,years,924.682,924.962,0.663,42.149152937500006,-15.618033324999999,41.739666312500006,21.478823812500003,20.437580437500003,794.663951875,14.542152867647058,-73.00556667647058,-80.46831227941175,-27.68295154411764,-52.974128749999984,1417.667796323529
3203,3203,for,925.022,925.163,0.888,35.82975259999999,-15.508765789999998,33.16640650000001,9.410818366300001,0.0,695.540619,176.94360606060604,329.0454087575757,-199.36092454545454,66.9785452221212,0.0,-2455.8806575757567
3204,3204,the,925.183,925.263,0.831,51.4232582,12.81527926,20.21313,0.638893268,0.0,743.655416,53.686189999999996,173.26064200000002,-64.03707499999999,-130.56826370000005,0.0,5804.487800000002
3205,3205,widows,925.303,925.603,0.978,49.69844188235294,-9.537415864705881,19.589151529411765,3.6735574235294117,21.772732705882355,609.6731423529411,-2.1179273284313718,-56.24680579656864,-10.479607340686272,-22.228166458333334,-9.95877218137254,428.665843137255
3206,3206,so,925.663,925.763,0.999,31.04815175,-22.430333625,45.836123625,-1.1938327499999999,8.576992375,781.56203,204.30466309523808,159.3699398809524,-327.9649672619047,-52.11783999999997,203.29342678571427,-6623.358559523808
3207,3207,they,925.804,925.884,1.0,50.357724166666664,-11.524277856666666,23.282478333333334,16.52947416666667,14.933649,501.159545,-3.3265957142857183,18.903875285714292,34.219259999999984,102.11742714285715,-257.8302828571429,6013.277671428572
3208,3208,wouldn't,925.904,926.164,0.766,46.52210064285714,10.943738835714285,21.806726364285716,15.975585428571431,13.458593285714286,637.8152699999999,-47.73757241758242,-13.8413902087912,72.38588502197801,129.7045679120879,-43.801411648351646,98.8212000000001
3209,3209,die,926.204,926.404,0.884,50.58329016666667,-25.47564461666667,17.088078449999998,6.456285391666667,18.459084583333333,558.4790091666667,57.861665384615385,-90.82650849650351,17.036817902097873,52.39533505244754,77.22888863636362,-2625.3508409090905
3210,3210,in,926.464,926.525,0.797,42.36524716666667,-4.9308545,33.694313833333325,26.553599166666668,14.5031865,559.480465,-121.29101,459.66940999999997,-134.44786142857143,-9.914212857142877,-249.02253000000002,5300.121985714286
3211,3211,poverty,926.565,927.005,0.856,45.40102154166667,-16.801496095833333,18.86913475,9.1902467475,19.1758975,640.05401875,-7.5743399347826,23.62027422826086,115.52052468260867,74.36215054826084,-4.592747260869564,-573.0004606521738
3212,3212,and,927.766,927.906,0.786,27.41332235244444,-11.521486704444447,21.51778012222222,14.691211895555558,5.936894911111111,690.7633133333334,19.267621137417663,21.052986361001327,9.914934469696972,-7.812227218708828,29.743593227931502,-196.8729204874836
3213,3213,obviously,928.227,928.728,0.843,38.923628487804876,-15.99201866097561,32.50903015121951,9.989880070731706,14.231604829268294,739.6207263414634,0.023744904181183843,-26.25170231707317,28.22368461236934,2.0313305801393704,15.132636567944253,-19.698690243902508
3214,3214,through,928.928,929.128,0.916,38.8551804,-14.707759575000003,39.8176754,36.907003599999996,11.64159745,773.710332,9.169066466165416,0.9233647631578934,-67.48436639097744,-24.566473458646612,-18.153394849624064,417.00195488721795
3215,3215,the,929.168,929.248,0.831,43.135282,-10.071770775,34.18976416666667,27.749535666666674,0.0,785.0159316666667,102.60735999999999,-305.55966721428575,-97.5288585714286,-291.93330000000003,0.0,2027.9915571428578
3216,3216,advances,929.288,929.709,0.924,42.03678360869566,-17.128138924347823,41.5690072173913,18.13236516521739,11.511558956521739,805.7926991304347,-46.54659239130432,35.92577646640314,100.75776408102764,-41.31364185770749,-0.8744132905138374,1061.9314357707506
3217,3217,in,929.749,929.829,0.743,39.09220966666667,13.572616811666668,39.179913166666665,16.56267383333333,14.741212666666668,637.2537783333333,119.20624285714285,230.74746664285718,-200.6277785714286,37.27965857142857,8.877017142857179,2850.7792714285724
3218,3218,medicine,929.869,930.25,0.938,40.49112666666666,-18.852611742857142,35.4106200952381,11.646152831904763,15.743000809523808,649.1260385714285,-17.302976688311688,-3.409543136363633,81.77457506493506,-19.73678688051948,-35.05982181818182,413.8050623376624
3219,3219,and,930.29,930.37,0.681,44.81637683333333,-5.935036580000001,30.203061666666667,18.276410666666667,0.0,560.123475,12.832369999999996,-31.61942577142861,55.44778857142857,43.41920857142855,0.0,3547.808414285714
3220,3220,hygiene,930.41,930.871,0.757,43.56053184615385,-16.679391507692312,42.25636265384616,19.306320546153845,20.736626038461534,711.6392996153846,-9.357910529914523,78.17674660512819,55.83998784615384,25.63137047179486,-5.915068735042727,46.53194752136748
3221,3221,and,930.911,930.991,0.778,42.92102133333333,12.751271283333333,33.25402633333333,21.350843666666666,18.024636166666667,489.1552766666666,-141.33049714285713,177.8741507142857,90.76513714285717,55.65773714285716,-142.0821557142857,2124.7020285714293
3222,3222,better,931.031,931.271,0.821,46.158653928571425,-23.223450121428566,22.767746261428567,24.765403285714285,19.311137214285715,797.4748342857141,-8.472939010989005,54.38525847252746,-65.64487308791207,67.701989010989,-27.30076692307691,2424.4990945054938
3223,3223,care.,931.351,931.612,0.873,42.25768399999999,-33.329806911764706,26.245846562941182,12.812050482352943,20.13785870588235,624.5184405882353,67.12426850490196,10.927816911764694,-129.8779104387255,8.193316948529407,97.41260882352941,-559.5364019607845
3224,3224,We've,932.188,932.368,0.812,34.85545186486486,-6.123975865675675,20.754558654054055,18.99481893405406,7.34477854054054,812.7411135135136,-8.542753034613558,24.767848463608352,40.77677435633002,15.677165674490281,18.933620827406354,-369.4601128496919
3225,3225,now,932.408,932.568,0.916,45.2069155,-21.1876174,24.233472499999998,13.5202132,25.668862999999998,647.624724,18.812296666666665,-186.6265351515151,-111.37843484848483,-144.9941639393939,-0.2904242424242393,-159.01625454545456
3226,3226,done,932.608,932.748,0.869,45.48749977777778,-13.411326377777778,25.350228111111115,9.671911177777778,22.122469333333335,680.9707466666666,34.784275833333346,-93.58953733333334,-43.10112083333334,-31.10308741666667,56.680405,-1068.6520500000001
3227,3227,this,932.768,932.888,0.887,38.29153114285714,-17.860887342857144,41.11352228571429,13.782842714285712,10.034085714285712,978.8172928571429,-222.92137499999993,-294.5924414285714,293.2483857142857,-39.380882142857125,-252.74211785714283,3956.5178571428573
3228,3228,wonderful,932.948,933.349,0.918,46.25235891304348,-10.313877469565217,20.77672215852174,7.818928560869567,19.289655782608694,833.5631908695651,13.385927420948613,9.111328260869557,0.9302743029644293,-14.179186042490109,0.7844331521739049,548.0568498023712
3229,3229,job,933.409,933.729,0.914,44.94938368421053,-22.83087340526316,13.663500778947366,4.326886654736842,22.61073705263158,738.5168410526317,25.59972728070176,-14.200250649122818,-126.27903346491232,-103.1445179368421,30.42259789473685,111.8876605263159
3230,3230,that,933.769,933.889,0.845,45.63451925,-0.9710823175000001,19.839380375,17.49629632875,14.824595875,723.71170375,38.85618333333332,-67.64417855952378,-118.62816488095235,-99.85284499404759,-212.4971339285714,-1850.99481547619
3231,3231,we,933.909,934.009,0.988,46.98316583333334,-3.0976424083333334,29.00353,23.212413616666666,0.0,626.3143416666667,13.42353285714286,-295.0076136428572,385.7987742857143,507.1966427142857,0.0,-3859.5324428571435
3232,3232,haven't,934.049,934.289,0.765,49.13035764285714,-26.49970326428571,16.16462727857143,18.339081421428574,17.765806,730.1156514285715,47.80724626373626,66.97727229670329,-102.07217699999998,-1.754296142857153,-2.133662857142849,2234.3254615384612
3233,3233,really,934.329,934.589,0.823,48.621669,-7.613973599333334,21.581256062066664,14.894621493333336,18.008669,821.1998306666666,-38.55103607142856,7.763497312500004,139.62051694892855,25.467914803571418,18.01935946428571,320.6379928571429
3234,3234,been,934.629,934.789,0.818,44.6127474,-12.025787225699998,37.8454473,33.1903727,13.6926354,908.865013,25.74811151515149,-8.861547411818185,22.10494575757576,-26.71333181818181,81.22612060606059,232.9768878787877
3235,3235,prepared,934.869,935.41,0.834,42.787353483870966,-24.15977565419355,14.70906172903226,13.544388174193546,12.780877677419355,698.8921432258064,25.096934052419353,16.51396380685484,-9.076704883064519,14.402902334677416,61.577837419354836,147.10099616935486
3236,3236,to,935.85,935.95,0.991,27.050543629629626,-12.165218803703704,28.205965925925934,18.180833640740744,1.5825335555555555,742.2493103703704,-14.167938522588528,-8.68333396214897,4.463148473748477,-23.10642941697192,16.29809157509158,28.180678571428643
3237,3237,deal,935.99,936.23,0.745,43.11893835714285,1.6603329357142855,35.97542735714286,11.570798228571428,22.470486142857144,581.5413792857142,73.23850582417582,-7.5563224285714155,-148.55833263736258,-190.28162083516477,63.505136043956036,1149.046721978022
3238,3238,"with,",936.29,936.45,0.752,48.790697,-6.219027681818182,22.34583931818182,2.634535818181819,16.70756381818182,676.2284745454546,-55.153837727272766,-261.7511386363637,35.8564815909091,239.04650954545463,-129.82202863636365,-963.1879590909091
3239,3239,but,936.49,936.59,0.84,38.81632428571429,-9.866560057142857,24.627013714285713,19.454507142857146,0.0,773.711557142857,167.77377500000003,21.185123214285714,85.13539464285714,156.65876607142857,0.0,1667.178392857142
3240,3240,that's,936.63,936.81,0.633,40.632004090909085,-21.96972531818182,34.68697318181819,10.980993563636362,16.940224,763.7650754545455,-97.96549636363639,36.5999465909091,188.73983181818187,-71.5385381818182,20.620319090909096,3167.811795454546
3241,3241,the,936.85,936.93,0.928,34.58966133333333,-6.178692833333333,40.119266333333336,23.329622333333333,8.331159833333333,502.294115,111.49439142857139,200.14552028571435,156.78432857142857,122.95638571428573,-143.08022714285713,-5816.862357142856
3242,3242,challenge,936.97,937.29,0.905,40.68968777777778,-19.69228456388889,26.52488229,7.802006611111111,22.113931666666666,634.139585,51.09744571723426,118.5512755650155,-81.31540951805985,-36.9369414138287,-41.454875541795666,405.3478746130032
3243,3243,of,937.331,937.371,0.218,37.747632800000005,-0.21030256000000006,37.816459800000004,21.998080199999997,17.0352522,500.064176,166.25440000000003,79.74300400000003,-352.75094000000007,-53.15943000000003,-229.73016000000004,-1780.9613499999996
3244,3244,the,937.391,937.451,0.869,39.7293065,-14.822215250000001,39.015429,22.672078,0.0,904.24825,-289.61105000000015,-318.0294550000001,178.69832000000005,86.67456,0.0,6670.247000000003
3245,3245,future.,937.491,937.791,0.791,30.856750411764704,-19.31198995294118,40.23093017647059,33.41270329411765,5.535203588235294,838.15048,23.482826593137258,9.420982916666667,-130.00373333333332,-7.708016053921564,17.294629411764706,-413.0944852941179
3246,3246,I,937.971,938.031,0.666,20.81737691666667,-8.452812485,15.761776375000002,13.093612125,0.0,672.3353099999999,-49.352245979020985,27.463009639860132,126.41257270979017,-45.753604772727265,0.0,-1000.5657377622379
3247,3247,can't,938.091,938.311,0.789,13.623769235714287,-0.8143781571428569,15.182296278571426,8.06525384642857,17.762605214285713,670.16893,71.56068163736263,-55.966407010988995,-38.761395021978025,-44.79460981868133,28.372170439560428,-1485.1533142857143
3248,3248,think,938.331,938.471,0.807,17.439310625,7.4280437500000005,24.65834575,12.177968262499999,12.837952625,474.17902125,121.11884345238094,-44.98384214285713,152.55739523809518,131.1623526785714,95.39111369047617,1486.7198154761907
3249,3249,of,938.491,938.551,0.738,30.03720875,5.123232875,0.9631067855,6.319606020000001,22.6317055,892.8521949999999,48.438395,-81.13000450000001,-139.58863171000007,-122.53342880000002,-11.264099999999985,-1962.0213999999992
3250,3250,a,938.591,938.631,0.494,26.7159025,7.771819425,10.644479924999999,5.964783403249999,0.0,893.8235475,-147.44534000000004,5.280084499999993,460.1674045000002,257.2051358050001,0.0,-957.183449999999
3251,3251,better,938.671,938.871,0.914,36.74358358333333,-8.123297033333335,-3.967525440833333,6.0638106975,22.383835166666668,797.2917999999999,94.4996243006993,6.062675314685309,-106.31493117657341,-117.7577163618881,39.03028426573427,542.5398846153842
3252,3252,way,938.911,939.031,0.703,32.44554975,-7.0511643500000005,13.4568879875,-2.9688178799999996,23.308119,704.8188725,-109.83962499999998,-254.15307892857143,316.19013336904766,327.12111192857134,-9.123332142857139,-2222.861321428571
3253,3253,to,939.051,939.111,0.748,27.2097415,-18.92531375,35.643039,9.02847575,22.586388,266.9589175,-72.09143000000005,2.2882050000000005,-283.1673900000001,-102.55198300000002,-3.937950000000027,2354.6863500000013
3254,3254,end,939.171,939.271,0.614,33.445611750000005,-5.738713337500002,20.820034874999997,9.09403538125,19.437666375,376.0270875,95.97317857142859,337.1994126785713,-31.108830357142836,130.92439860119046,-98.24824107142855,1048.4107380952375
3255,3255,the,939.291,939.371,0.838,21.307043999999998,5.81085538,9.821239,9.23988246,0.0,764.891012,-186.74850000000006,45.5040325,-22.56074,200.06751500000004,0.0,-1334.2018999999998
3256,3256,program,939.412,939.872,0.745,33.05705396,-1.1150418500000003,0.8285208437199999,9.669857764,17.38955284,910.7807971999999,-0.4528119230769237,-52.18923285615384,50.39854295742308,15.17147362307692,8.042600192307694,229.37563461538466
3257,3257,and,939.892,939.972,0.949,29.688437999999998,-7.3310180680000006,29.0435508,5.2121553,26.156959999999998,495.735844,88.593565,370.2802533,95.15335000000002,75.46219200000002,56.35618,2175.9744000000005
3258,3258,your,940.012,940.152,0.768,27.599147555555554,5.742497994444445,20.735500922222222,22.21190277777778,13.063431333333334,946.3927133333333,-95.75810416666671,-14.097593733333333,-187.20576000000003,100.73499833333334,-243.8570475000001,2447.315366666667
3259,3259,perspective,940.172,940.632,0.737,22.210949062500003,1.7099382683333328,5.070263845,5.660375309999999,8.454992375,669.0882841666667,33.87469216304347,3.2659686234782606,2.802757004347826,-34.97212491304347,2.001384717391303,-996.2876626086954
3260,3260,on,940.712,940.792,0.884,29.819556874999996,4.4497283175,3.7133330000000004,-2.520783250000001,11.052317625,687.5008875,-122.1676613095238,105.86152970238095,222.39642976190473,407.89720952380947,-212.39666488095233,2219.763404761905
3261,3261,things.,940.832,941.052,0.892,17.206717776923078,4.557280423076923,19.82611127692308,12.531565023076924,6.045281076923076,592.7476353846155,-55.35434354395603,64.60104582417581,49.925129670329675,-6.228009258241764,4.10533159340659,141.00786813186792
3262,3262,Senator,941.392,941.733,0.951,16.630971885294116,5.321652389117649,12.326356547058824,21.046206414705882,14.917978823529412,900.3635494117647,54.226154828876986,-43.5712977326967,-1.3232674484339193,30.406400914438493,29.66843873185637,-35.732055156608105
3263,3263,John,941.773,941.993,0.879,28.173041038461538,-10.389769282307693,11.05353928076923,5.723080346153848,15.243664846153846,665.9167169230769,194.02004244505494,-89.3703606098901,-94.39601232142859,-114.27950634615384,-30.50530576923077,-868.9580604395602
3264,3264,"Barrasso,",942.013,942.473,0.801,24.995574354166667,-3.5733771445833327,-8.6142433625,-5.741618902500001,15.697811916666666,708.4898995833333,-39.57101081521738,22.916467387173906,13.389661080434776,-16.076464168260866,-28.6600202173913,-947.8198149999998
3265,3265,I,942.493,942.513,0.743,31.891645500000003,-6.4361994,-3.83198125,-22.4152955,20.6793535,813.040835,-35.642850000000145,373.8277599999999,-86.39172499999995,-78.34575000000005,14.990249999999955,8021.386499999996
3266,3266,want,942.573,942.673,0.534,38.881978125,-0.7068149624999993,-0.8802928000000003,-12.415032365,18.675758375,931.4328712500001,40.033912500000014,-251.6147379166666,111.03182392857141,200.0293197380952,-89.41584345238097,2240.8978392857143
3267,3267,to,942.693,942.753,0.237,15.216295975000001,2.5353672499999997,11.04573645,6.8206688,0.0,775.8121249999999,-449.82719450000025,326.67290500000007,110.09251600000003,432.06095400000015,0.0,10493.587500000003
3268,3268,thank,942.793,943.033,0.821,20.855689078571434,-6.502441792857142,16.43136169285714,10.54034861857143,12.155875357142857,724.3620985714286,-1.7039076153846189,3.927653351648351,103.61075862637364,-52.320662450549435,-17.899765384615385,701.816758241758
3269,3269,you,943.053,943.173,0.915,14.894704057142857,11.285399557142856,23.07096512857143,26.237822,10.113914285714285,978.2114300000002,15.443026785714281,43.85123000000001,-246.4536603571428,206.8475303571429,-127.85667499999998,-1718.9970535714288
3270,3270,for,943.193,943.313,0.781,21.3733708,8.77469642857143,7.366835304285715,25.551674999999996,6.166522142857143,848.4061357142857,259.7410848214286,30.219852678571424,206.9978373928571,78.74106785714282,-39.17977499999999,48.44464285714244
3271,3271,joining,943.353,943.694,0.803,27.600026863157897,2.7369196263157893,16.468668327894736,4.005068784210526,17.729956842105263,799.5322900000001,57.81943449122808,-53.93027439473685,74.60867210087721,-72.4599852280702,-5.785575263157898,-2135.408403508772
3272,3272,us.,943.774,943.834,0.748,13.426367757142856,9.818096071428572,4.031413414285715,15.586349714285715,0.0,602.8447442857142,-411.05455303571415,457.8371062500001,-81.22293696428572,5.2164553571428645,0.0,193.7542499999992
3273,3273,Thanks,943.854,944.354,0.358,13.800869573076925,0.8619494411538468,17.94507384730769,7.582425416538462,10.111208269230769,778.0066192307693,93.91566309572647,-132.3371105478632,90.8940977430769,8.736011883931619,29.258059675213673,-228.92038769230763
3274,3274,Brian.,944.394,944.674,0.768,35.8966570625,-15.74155280625,8.599998337499999,0.6514342749999998,25.8610954375,697.11854,-23.120376249999985,41.961994066176466,44.417286308823506,54.792563073529394,-36.38127610294117,-1459.4760279411762
3275,3275,This,944.954,945.094,0.953,11.633965333333336,11.552176596666667,13.123050580952384,15.473199390476193,9.166629571428572,725.2508185714286,-48.000189577922065,69.32475658766235,-58.189571181818174,-9.827822181818178,14.484646363636367,-1964.9642694805195
3276,3276,is,945.154,945.214,0.883,2.10917135,27.42759583333334,5.77101695,15.435235333333331,11.655286833333333,563.032525,-80.40955162857145,152.31810428571433,33.98231242857142,42.36469428571427,-401.4793357142857,-2555.174157142858
3277,3277,Dr.,945.274,945.514,0.488,23.306150819999996,-2.1780680200000004,-0.6460226507333336,5.811498173333333,11.475533933333335,726.0270306666667,46.747514267857156,5.177674553571418,12.387430506964288,53.90594307142856,-29.62588696428572,863.3881982142858
3278,3278,Brian,945.554,945.815,0.659,36.858146733333335,-11.159109193333332,-2.8008028466666657,-1.181113176,22.063649733333328,868.5443713333332,-55.34812232142857,-89.6053544285714,124.67069301785713,44.81005189642857,20.522448928571425,-123.4407660714283
3279,3279,McDonough.,945.835,946.275,0.406,27.943839521739125,-10.811458613043479,19.252141113478263,5.689966063913043,11.005612086956521,653.1686365217392,1.2264245059288537,-25.440496225296435,-10.40298575049407,-32.04442329644267,4.981082361660081,-559.4364975296439
3280,3280,If,946.395,946.475,0.98,10.76505045,4.242586989,34.089711,20.0011195,11.373841100000002,598.69991,-111.69526190909089,79.03035288787878,-193.83832303030297,78.24475727272727,-137.74227363636362,1643.0367030303028
3281,3281,you,946.535,946.715,0.926,17.8971173,10.128654384166666,34.683706083333334,22.87370379166667,29.50154308333333,503.32879416666657,132.3916238461538,-26.007984781468526,-134.5679784965035,-32.71419204545454,71.82479562937061,-761.4480821678321
3282,3282,missed,946.775,947.095,0.78,9.378525519473683,15.262118051052632,17.182494184210526,15.910967578947371,16.52455468421053,609.0874289473683,-146.6213834026316,62.044068514035104,-55.3998457631579,15.1637851754386,-125.30697842105266,1256.645418421053
3283,3283,any,947.415,947.595,0.775,18.401007153600002,4.0293554744,23.406696,13.087134376,19.651465159999997,530.4622983999999,15.280844285384612,-23.51593083076924,73.62574073076922,-28.636193930769224,97.03124403846152,-675.6642242307693
3284,3284,of,947.615,947.655,0.993,25.637305333333334,-1.1571688,17.972836333333333,18.105145333333333,28.131075,962.2951533333334,-21.446500000000054,293.8004999999998,-140.69869999999992,275.0163499999999,-249.02074999999988,-3437.588999999999
3285,3285,this,947.716,947.856,0.874,7.520014099999999,15.540160570000001,12.523548489999998,19.600622800000004,14.407036,800.220244,-208.39223303030303,189.65470778787875,-150.77689378787878,-1.249706060606057,-209.17072787878783,-1000.2176363636363
3286,3286,"discussion,",947.896,948.436,0.835,8.603956963793104,9.838578903448276,10.201791193448274,12.556118053793107,9.023298482758621,737.8534682758619,46.16910152832512,-38.22133867980294,34.54515380665024,-27.02452126600985,9.789676625615762,131.2407586206896
3287,3287,please,948.556,948.916,0.65,14.0223206,15.580140612500001,23.335106960416667,15.799769945833335,18.605567750000002,504.40415,-31.405255873913035,42.3733035021739,64.89517512282607,49.21985468913041,19.74527539130434,-1279.5466526086952
3288,3288,visit,948.976,949.256,0.907,10.434622258823529,13.938089047058824,13.81735386764706,16.61955288235294,9.052419411764706,480.35426705882355,38.865597573529406,-24.77098784313726,-3.3768681924019557,14.390086519607841,-75.4651512254902,-917.1759632352938
3289,3289,reachmd.com,949.636,950.737,0.799,18.601075966216218,0.8319839847297298,15.033169409459463,11.075815328378377,10.946358445945947,718.743468918919,8.134990938245098,-6.5171951030211055,-6.635167914179936,-7.761412738615331,11.890175877823031,43.58690699740839
3290,3290,slash,950.757,951.037,0.797,10.716902800000002,5.266727029600001,2.4949131266666664,6.0457460266666665,12.078510733333333,811.0667846666666,-37.05175035714285,-32.03748268428571,71.04709478571428,24.569912607142854,-67.61492732142855,545.1422267857143
3291,3291,primary,951.117,951.617,0.814,29.198831655172413,-6.260025490689655,9.060784348275863,14.520046400689653,16.214516620689654,693.3881113793104,13.53185605911329,-12.270853785467978,50.05939211576354,25.010085106403942,14.417054655172407,-115.76470886699501
3292,3292,care,951.677,951.918,0.813,21.578602773333333,-8.355257308,21.818429266666662,21.84309126666667,7.620639733333334,922.3363333333332,69.13100773214283,-41.84044864642855,-25.731210535714283,-2.5381321428571386,-1.0920007142857149,-114.92632857142875
3293,3293,today.,951.938,952.258,0.782,18.83677605882353,-2.522988981764706,21.005054205882356,18.156509470588237,19.712227705882352,743.1682094117647,48.79852438725489,-59.68180675490196,41.22394589460784,-61.20060955882353,53.238423897058816,-1236.3527696078431
3294,3294,You,952.558,952.658,0.912,11.470091075,6.108844574999999,24.76548325,23.629532949999998,0.0,923.8924975,4.605501966165416,7.101787890977445,45.09367733082708,22.219092593984968,0.0,844.90080037594
3295,3295,can,952.698,952.818,0.888,16.475255750000002,14.672128625,29.64714225,8.9773587075,4.61866,538.0872850000001,59.66832857142856,121.21070178571428,-66.43695952380952,-118.9708146547619,43.83659880952381,-1551.1871666666661
3296,3296,download,952.838,953.198,0.571,24.400995368421054,3.888882952105263,9.34165002263158,-7.627207243157895,14.379362315789475,580.6809115789473,-19.121594736842106,95.26916140438597,-14.91016794912281,-17.909548166666674,-47.33483710526317,770.3386368421055
3297,3297,the,953.218,953.298,0.84,19.3774673,6.184644034000001,9.628895972,2.6959942199999998,0.0,599.7866019999999,-184.1601975,-189.44536915,179.3037457,250.49018800000005,0.0,3436.6384500000004
3298,3298,podcast.,953.318,953.898,0.902,18.38830487,-4.326890418000001,6.27655794,4.075384639999999,12.507157033333334,612.401976,-46.93950276195773,38.17770643670745,38.79622187319244,48.84636016907676,-25.897821234705226,255.10809299221356
3299,3299,You,953.918,954.039,0.786,7.4586919,9.722661599999999,21.61991378571429,13.863183000000001,0.0,855.2809399999999,146.40534,-98.2151594642857,-100.59246785714286,60.06093571428572,0.0,-582.1613928571423
3300,3300,can,954.059,954.179,0.896,23.58575934285714,9.793655542857142,21.981922857142855,12.807337314285714,22.408494285714283,622.2064571428572,166.25334964285716,183.76566,-31.358550000000005,-217.4998153571428,139.53788750000004,3835.391535714285
3301,3301,learn,954.199,954.419,0.704,37.51022516666667,4.576876264166667,-1.3504976966666666,9.427839425,25.611837666666663,909.1293633333331,16.26453461538462,82.1945188933566,37.77594077622376,126.45016131118882,-7.2466734265734285,1785.4319440559439
3302,3302,more,954.479,954.759,0.775,40.058053529411765,17.686783105882352,-5.074184932941177,-10.53611095882353,25.597014764705882,886.9066729411765,64.64712549019607,-68.07582856617647,-170.08878242156862,-47.50433541666667,-14.929985416666664,211.74205882352933
3303,3303,about,954.859,955.099,0.817,28.026218470588233,-3.080678377647059,-7.58508208920588,-6.552068397058823,15.456371117647059,733.2739764705883,-31.26614620098039,7.672568034313722,64.52224566985294,-15.103491409313724,-36.16737745098039,-1342.2888627450984
3304,3304,the,955.139,955.239,0.962,4.983405328571428,19.950392585714287,8.837785371714284,4.884976017142856,7.428125285714286,644.2232714285714,-354.73491017857134,271.7074851785714,-130.30834892142857,-120.11205260714286,-139.45488214285712,-1609.5271964285723
3305,3305,series.,955.279,955.699,0.814,11.974258369565215,7.656242530434782,21.47419804173913,17.341064111304348,11.96688943478261,831.3216804347826,19.569148369565205,-11.45145141304347,21.901425298418967,39.777031741106704,-50.07798468379445,992.7031220355728
3306,3306,Thank,956.18,956.4,0.883,13.253505480000001,5.729493210285715,14.497825281714285,16.249951205714282,3.2098733142857143,733.1524142857143,30.001105449579818,-23.39670692408963,25.326754340616226,-2.1494683669467776,14.196046638655456,-378.0679820728289
3307,3307,you,956.44,956.6,0.834,21.02099037,6.8100644,25.936130533999993,23.25088122,16.589149400000004,694.8241340000001,182.11823796969688,-9.424247696969685,-173.54698988484844,39.8393746060606,-53.435846060606046,-4211.610309090907
3308,3308,for,956.66,956.8,0.671,16.331829609999996,5.941463870000001,1.6844949200000001,8.70099393,8.5474514,646.97977,213.80862930303024,4.121094878787877,-39.6113026060606,-252.4560449393939,155.41426969696965,-1588.9409878787876
3309,3309,listening,956.84,957.26,0.804,15.28400306521739,18.071632760869562,17.591112071304345,1.6244040591304338,20.663998652173913,566.6830091304348,36.53974528162054,-9.431792025691694,52.593348160079024,7.95294433399209,22.42708730237153,-639.4666175889326
3310,3310,and,957.68,957.76,0.87,17.317473300000003,3.2469693680000002,17.9922854,12.007032769999999,11.02802396,823.7727920000001,6.9391575384615365,15.125765369230768,4.609572384615384,-2.225799838461537,-32.045223,-834.4538703846152
3311,3311,being,957.82,958.04,0.875,25.558633928571428,4.237827235714286,27.48653182142857,11.796059778571431,14.366478357142856,652.3623542857142,84.05124538461536,-6.396890208791213,62.52415851648348,-65.9232293076923,70.61101021978021,-1359.9394549450549
3312,3312,a,958.08,958.121,0.492,20.987177175,5.905548675,8.9684705,10.125920125,0.0,952.0366275,-565.2115095000003,14.757260500000012,29.169405,150.58711250000007,0.0,2290.092950000001
3313,3313,part,958.161,958.321,0.9,35.542733000000005,-3.842429276,-14.002732899999998,-0.4978955499999991,14.876231800000003,778.0990899999999,169.38007454545448,-98.6035580121212,-120.07551521212116,70.44171045454544,140.94247515151514,2807.940054545453
3314,3314,of,958.341,958.401,0.746,33.57711975,11.1778869,0.05685262500000032,7.16507196,11.84457025,609.78649,-171.42223500000006,146.7534860000001,233.11398750000004,240.03815280000006,40.66870499999998,-5119.092600000002
3315,3315,the,958.421,958.481,0.957,32.40189575,11.252682750000002,4.587918500000001,10.226152225,24.236904749999997,320.86283249999997,152.12634500000001,1.1869849999999846,129.31423300000006,181.39552050000012,-22.036995000000015,48.0967500000004
3316,3316,knowledge.,958.521,958.881,0.78,29.652159915,-0.09472344499999984,-6.597274325000001,-3.250966489000001,3.2342254499999994,510.7182690000001,-48.918458281954884,48.535987420300756,63.50499146240603,51.43440381729324,-41.45447409774435,781.1450338345866
